영업일자,매출수량,month,season,is_weekend,is_holiday,is_day_off,영업장명,메뉴명
2023-01-01,0,1,Winter,1,1,1,느티나무 셀프BBQ,1인 수저세트
2023-01-02,0,1,Winter,0,0,0,느티나무 셀프BBQ,1인 수저세트
2023-01-03,0,1,Winter,0,0,0,느티나무 셀프BBQ,1인 수저세트
2023-01-04,0,1,Winter,0,0,0,느티나무 셀프BBQ,1인 수저세트
2023-01-05,0,1,Winter,0,0,0,느티나무 셀프BBQ,1인 수저세트
2023-01-06,0,1,Winter,0,0,0,느티나무 셀프BBQ,1인 수저세트
2023-01-07,0,1,Winter,1,0,1,느티나무 셀프BBQ,1인 수저세트
2023-01-08,0,1,Winter,1,0,1,느티나무 셀프BBQ,1인 수저세트
2023-01-09,0,1,Winter,0,0,0,느티나무 셀프BBQ,1인 수저세트
2023-01-10,0,1,Winter,0,0,0,느티나무 셀프BBQ,1인 수저세트
2023-01-11,0,1,Winter,0,0,0,느티나무 셀프BBQ,1인 수저세트
2023-01-12,0,1,Winter,0,0,0,느티나무 셀프BBQ,1인 수저세트
2023-01-13,0,1,Winter,0,0,0,느티나무 셀프BBQ,1인 수저세트
2023-01-14,0,1,Winter,1,0,1,느티나무 셀프BBQ,1인 수저세트
2023-01-15,0,1,Winter,1,0,1,느티나무 셀프BBQ,1인 수저세트
2023-01-16,0,1,Winter,0,0,0,느티나무 셀프BBQ,1인 수저세트
2023-01-17,8,1,Winter,0,0,0,느티나무 셀프BBQ,1인 수저세트
2023-01-18,0,1,Winter,0,0,0,느티나무 셀프BBQ,1인 수저세트
2023-01-19,0,1,Winter,0,0,0,느티나무 셀프BBQ,1인 수저세트
2023-01-20,0,1,Winter,0,0,0,느티나무 셀프BBQ,1인 수저세트
2023-01-21,0,1,Winter,1,1,1,느티나무 셀프BBQ,1인 수저세트
2023-01-22,0,1,Winter,1,1,1,느티나무 셀프BBQ,1인 수저세트
2023-01-23,4,1,Winter,0,1,1,느티나무 셀프BBQ,1인 수저세트
2023-01-24,2,1,Winter,0,1,1,느티나무 셀프BBQ,1인 수저세트
2023-01-25,0,1,Winter,0,0,0,느티나무 셀프BBQ,1인 수저세트
2023-01-26,0,1,Winter,0,0,0,느티나무 셀프BBQ,1인 수저세트
2023-01-27,8,1,Winter,0,0,0,느티나무 셀프BBQ,1인 수저세트
2023-01-28,0,1,Winter,1,0,1,느티나무 셀프BBQ,1인 수저세트
2023-01-29,8,1,Winter,1,0,1,느티나무 셀프BBQ,1인 수저세트
2023-01-30,0,1,Winter,0,0,0,느티나무 셀프BBQ,1인 수저세트
2023-01-31,4,1,Winter,0,0,0,느티나무 셀프BBQ,1인 수저세트
2023-02-01,6,2,Winter,0,0,0,느티나무 셀프BBQ,1인 수저세트
2023-02-02,2,2,Winter,0,0,0,느티나무 셀프BBQ,1인 수저세트
2023-02-03,0,2,Winter,0,0,0,느티나무 셀프BBQ,1인 수저세트
2023-02-04,2,2,Winter,1,0,1,느티나무 셀프BBQ,1인 수저세트
2023-02-05,2,2,Winter,1,0,1,느티나무 셀프BBQ,1인 수저세트
2023-02-06,4,2,Winter,0,0,0,느티나무 셀프BBQ,1인 수저세트
2023-02-07,5,2,Winter,0,0,0,느티나무 셀프BBQ,1인 수저세트
2023-02-08,0,2,Winter,0,0,0,느티나무 셀프BBQ,1인 수저세트
2023-02-09,6,2,Winter,0,0,0,느티나무 셀프BBQ,1인 수저세트
2023-02-10,6,2,Winter,0,0,0,느티나무 셀프BBQ,1인 수저세트
2023-02-11,3,2,Winter,1,0,1,느티나무 셀프BBQ,1인 수저세트
2023-02-12,0,2,Winter,1,0,1,느티나무 셀프BBQ,1인 수저세트
2023-02-13,10,2,Winter,0,0,0,느티나무 셀프BBQ,1인 수저세트
2023-02-14,11,2,Winter,0,0,0,느티나무 셀프BBQ,1인 수저세트
2023-02-15,0,2,Winter,0,0,0,느티나무 셀프BBQ,1인 수저세트
2023-02-16,0,2,Winter,0,0,0,느티나무 셀프BBQ,1인 수저세트
2023-02-17,0,2,Winter,0,0,0,느티나무 셀프BBQ,1인 수저세트
2023-02-18,9,2,Winter,1,0,1,느티나무 셀프BBQ,1인 수저세트
2023-02-19,2,2,Winter,1,0,1,느티나무 셀프BBQ,1인 수저세트
2023-02-20,10,2,Winter,0,0,0,느티나무 셀프BBQ,1인 수저세트
2023-02-21,0,2,Winter,0,0,0,느티나무 셀프BBQ,1인 수저세트
2023-02-22,2,2,Winter,0,0,0,느티나무 셀프BBQ,1인 수저세트
2023-02-23,0,2,Winter,0,0,0,느티나무 셀프BBQ,1인 수저세트
2023-02-24,8,2,Winter,0,0,0,느티나무 셀프BBQ,1인 수저세트
2023-02-25,7,2,Winter,1,0,1,느티나무 셀프BBQ,1인 수저세트
2023-02-26,0,2,Winter,1,0,1,느티나무 셀프BBQ,1인 수저세트
2023-02-27,6,2,Winter,0,0,0,느티나무 셀프BBQ,1인 수저세트
2023-02-28,0,2,Winter,0,0,0,느티나무 셀프BBQ,1인 수저세트
2023-03-01,0,3,Spring,0,1,1,느티나무 셀프BBQ,1인 수저세트
2023-03-02,0,3,Spring,0,0,0,느티나무 셀프BBQ,1인 수저세트
2023-03-03,0,3,Spring,0,0,0,느티나무 셀프BBQ,1인 수저세트
2023-03-04,0,3,Spring,1,0,1,느티나무 셀프BBQ,1인 수저세트
2023-03-05,0,3,Spring,1,0,1,느티나무 셀프BBQ,1인 수저세트
2023-03-06,0,3,Spring,0,0,0,느티나무 셀프BBQ,1인 수저세트
2023-03-07,0,3,Spring,0,0,0,느티나무 셀프BBQ,1인 수저세트
2023-03-08,0,3,Spring,0,0,0,느티나무 셀프BBQ,1인 수저세트
2023-03-09,0,3,Spring,0,0,0,느티나무 셀프BBQ,1인 수저세트
2023-03-10,6,3,Spring,0,0,0,느티나무 셀프BBQ,1인 수저세트
2023-03-11,0,3,Spring,1,0,1,느티나무 셀프BBQ,1인 수저세트
2023-03-12,0,3,Spring,1,0,1,느티나무 셀프BBQ,1인 수저세트
2023-03-13,0,3,Spring,0,0,0,느티나무 셀프BBQ,1인 수저세트
2023-03-14,0,3,Spring,0,0,0,느티나무 셀프BBQ,1인 수저세트
2023-03-15,0,3,Spring,0,0,0,느티나무 셀프BBQ,1인 수저세트
2023-03-16,0,3,Spring,0,0,0,느티나무 셀프BBQ,1인 수저세트
2023-03-17,0,3,Spring,0,0,0,느티나무 셀프BBQ,1인 수저세트
2023-03-18,22,3,Spring,1,0,1,느티나무 셀프BBQ,1인 수저세트
2023-03-19,0,3,Spring,1,0,1,느티나무 셀프BBQ,1인 수저세트
2023-03-20,0,3,Spring,0,0,0,느티나무 셀프BBQ,1인 수저세트
2023-03-21,0,3,Spring,0,0,0,느티나무 셀프BBQ,1인 수저세트
2023-03-22,0,3,Spring,0,0,0,느티나무 셀프BBQ,1인 수저세트
2023-03-23,0,3,Spring,0,0,0,느티나무 셀프BBQ,1인 수저세트
2023-03-24,9,3,Spring,0,0,0,느티나무 셀프BBQ,1인 수저세트
2023-03-25,4,3,Spring,1,0,1,느티나무 셀프BBQ,1인 수저세트
2023-03-26,0,3,Spring,1,0,1,느티나무 셀프BBQ,1인 수저세트
2023-03-27,0,3,Spring,0,0,0,느티나무 셀프BBQ,1인 수저세트
2023-03-28,0,3,Spring,0,0,0,느티나무 셀프BBQ,1인 수저세트
2023-03-29,0,3,Spring,0,0,0,느티나무 셀프BBQ,1인 수저세트
2023-03-30,0,3,Spring,0,0,0,느티나무 셀프BBQ,1인 수저세트
2023-03-31,2,3,Spring,0,0,0,느티나무 셀프BBQ,1인 수저세트
2023-04-01,15,4,Spring,1,0,1,느티나무 셀프BBQ,1인 수저세트
2023-04-02,4,4,Spring,1,0,1,느티나무 셀프BBQ,1인 수저세트
2023-04-03,0,4,Spring,0,0,0,느티나무 셀프BBQ,1인 수저세트
2023-04-04,0,4,Spring,0,0,0,느티나무 셀프BBQ,1인 수저세트
2023-04-05,0,4,Spring,0,0,0,느티나무 셀프BBQ,1인 수저세트
2023-04-06,0,4,Spring,0,0,0,느티나무 셀프BBQ,1인 수저세트
2023-04-07,2,4,Spring,0,0,0,느티나무 셀프BBQ,1인 수저세트
2023-04-08,6,4,Spring,1,0,1,느티나무 셀프BBQ,1인 수저세트
2023-04-09,9,4,Spring,1,0,1,느티나무 셀프BBQ,1인 수저세트
2023-04-10,0,4,Spring,0,0,0,느티나무 셀프BBQ,1인 수저세트
2023-04-11,3,4,Spring,0,0,0,느티나무 셀프BBQ,1인 수저세트
2023-04-12,0,4,Spring,0,0,0,느티나무 셀프BBQ,1인 수저세트
2023-04-13,0,4,Spring,0,0,0,느티나무 셀프BBQ,1인 수저세트
2023-04-14,4,4,Spring,0,0,0,느티나무 셀프BBQ,1인 수저세트
2023-04-15,2,4,Spring,1,0,1,느티나무 셀프BBQ,1인 수저세트
2023-04-16,4,4,Spring,1,0,1,느티나무 셀프BBQ,1인 수저세트
2023-04-17,0,4,Spring,0,0,0,느티나무 셀프BBQ,1인 수저세트
2023-04-18,0,4,Spring,0,0,0,느티나무 셀프BBQ,1인 수저세트
2023-04-19,0,4,Spring,0,0,0,느티나무 셀프BBQ,1인 수저세트
2023-04-20,0,4,Spring,0,0,0,느티나무 셀프BBQ,1인 수저세트
2023-04-21,8,4,Spring,0,0,0,느티나무 셀프BBQ,1인 수저세트
2023-04-22,5,4,Spring,1,0,1,느티나무 셀프BBQ,1인 수저세트
2023-04-23,0,4,Spring,1,0,1,느티나무 셀프BBQ,1인 수저세트
2023-04-24,0,4,Spring,0,0,0,느티나무 셀프BBQ,1인 수저세트
2023-04-25,2,4,Spring,0,0,0,느티나무 셀프BBQ,1인 수저세트
2023-04-26,0,4,Spring,0,0,0,느티나무 셀프BBQ,1인 수저세트
2023-04-27,1,4,Spring,0,0,0,느티나무 셀프BBQ,1인 수저세트
2023-04-28,16,4,Spring,0,0,0,느티나무 셀프BBQ,1인 수저세트
2023-04-29,0,4,Spring,1,0,1,느티나무 셀프BBQ,1인 수저세트
2023-04-30,10,4,Spring,1,0,1,느티나무 셀프BBQ,1인 수저세트
2023-05-01,0,5,Spring,0,0,0,느티나무 셀프BBQ,1인 수저세트
2023-05-02,0,5,Spring,0,0,0,느티나무 셀프BBQ,1인 수저세트
2023-05-03,2,5,Spring,0,0,0,느티나무 셀프BBQ,1인 수저세트
2023-05-04,12,5,Spring,0,0,0,느티나무 셀프BBQ,1인 수저세트
2023-05-05,0,5,Spring,0,1,1,느티나무 셀프BBQ,1인 수저세트
2023-05-06,22,5,Spring,1,0,1,느티나무 셀프BBQ,1인 수저세트
2023-05-07,12,5,Spring,1,0,1,느티나무 셀프BBQ,1인 수저세트
2023-05-08,0,5,Spring,0,0,0,느티나무 셀프BBQ,1인 수저세트
2023-05-09,0,5,Spring,0,0,0,느티나무 셀프BBQ,1인 수저세트
2023-05-10,0,5,Spring,0,0,0,느티나무 셀프BBQ,1인 수저세트
2023-05-11,3,5,Spring,0,0,0,느티나무 셀프BBQ,1인 수저세트
2023-05-12,0,5,Spring,0,0,0,느티나무 셀프BBQ,1인 수저세트
2023-05-13,16,5,Spring,1,0,1,느티나무 셀프BBQ,1인 수저세트
2023-05-14,7,5,Spring,1,0,1,느티나무 셀프BBQ,1인 수저세트
2023-05-15,0,5,Spring,0,0,0,느티나무 셀프BBQ,1인 수저세트
2023-05-16,0,5,Spring,0,0,0,느티나무 셀프BBQ,1인 수저세트
2023-05-17,0,5,Spring,0,0,0,느티나무 셀프BBQ,1인 수저세트
2023-05-18,0,5,Spring,0,0,0,느티나무 셀프BBQ,1인 수저세트
2023-05-19,12,5,Spring,0,0,0,느티나무 셀프BBQ,1인 수저세트
2023-05-20,22,5,Spring,1,0,1,느티나무 셀프BBQ,1인 수저세트
2023-05-21,8,5,Spring,1,0,1,느티나무 셀프BBQ,1인 수저세트
2023-05-22,0,5,Spring,0,0,0,느티나무 셀프BBQ,1인 수저세트
2023-05-23,0,5,Spring,0,0,0,느티나무 셀프BBQ,1인 수저세트
2023-05-24,0,5,Spring,0,0,0,느티나무 셀프BBQ,1인 수저세트
2023-05-25,1,5,Spring,0,0,0,느티나무 셀프BBQ,1인 수저세트
2023-05-26,7,5,Spring,0,0,0,느티나무 셀프BBQ,1인 수저세트
2023-05-27,5,5,Spring,1,1,1,느티나무 셀프BBQ,1인 수저세트
2023-05-28,6,5,Spring,1,0,1,느티나무 셀프BBQ,1인 수저세트
2023-05-29,0,5,Spring,0,1,1,느티나무 셀프BBQ,1인 수저세트
2023-05-30,0,5,Spring,0,0,0,느티나무 셀프BBQ,1인 수저세트
2023-05-31,0,5,Spring,0,0,0,느티나무 셀프BBQ,1인 수저세트
2023-06-01,4,6,Summer,0,0,0,느티나무 셀프BBQ,1인 수저세트
2023-06-02,16,6,Summer,0,0,0,느티나무 셀프BBQ,1인 수저세트
2023-06-03,10,6,Summer,1,0,1,느티나무 셀프BBQ,1인 수저세트
2023-06-04,10,6,Summer,1,0,1,느티나무 셀프BBQ,1인 수저세트
2023-06-05,16,6,Summer,0,0,0,느티나무 셀프BBQ,1인 수저세트
2023-06-06,0,6,Summer,0,1,1,느티나무 셀프BBQ,1인 수저세트
2023-06-07,0,6,Summer,0,0,0,느티나무 셀프BBQ,1인 수저세트
2023-06-08,0,6,Summer,0,0,0,느티나무 셀프BBQ,1인 수저세트
2023-06-09,0,6,Summer,0,0,0,느티나무 셀프BBQ,1인 수저세트
2023-06-10,1,6,Summer,1,0,1,느티나무 셀프BBQ,1인 수저세트
2023-06-11,2,6,Summer,1,0,1,느티나무 셀프BBQ,1인 수저세트
2023-06-12,0,6,Summer,0,0,0,느티나무 셀프BBQ,1인 수저세트
2023-06-13,4,6,Summer,0,0,0,느티나무 셀프BBQ,1인 수저세트
2023-06-14,0,6,Summer,0,0,0,느티나무 셀프BBQ,1인 수저세트
2023-06-15,1,6,Summer,0,0,0,느티나무 셀프BBQ,1인 수저세트
2023-06-16,9,6,Summer,0,0,0,느티나무 셀프BBQ,1인 수저세트
2023-06-17,4,6,Summer,1,0,1,느티나무 셀프BBQ,1인 수저세트
2023-06-18,8,6,Summer,1,0,1,느티나무 셀프BBQ,1인 수저세트
2023-06-19,0,6,Summer,0,0,0,느티나무 셀프BBQ,1인 수저세트
2023-06-20,5,6,Summer,0,0,0,느티나무 셀프BBQ,1인 수저세트
2023-06-21,0,6,Summer,0,0,0,느티나무 셀프BBQ,1인 수저세트
2023-06-22,0,6,Summer,0,0,0,느티나무 셀프BBQ,1인 수저세트
2023-06-23,4,6,Summer,0,0,0,느티나무 셀프BBQ,1인 수저세트
2023-06-24,29,6,Summer,1,0,1,느티나무 셀프BBQ,1인 수저세트
2023-06-25,6,6,Summer,1,0,1,느티나무 셀프BBQ,1인 수저세트
2023-06-26,0,6,Summer,0,0,0,느티나무 셀프BBQ,1인 수저세트
2023-06-27,0,6,Summer,0,0,0,느티나무 셀프BBQ,1인 수저세트
2023-06-28,24,6,Summer,0,0,0,느티나무 셀프BBQ,1인 수저세트
2023-06-29,3,6,Summer,0,0,0,느티나무 셀프BBQ,1인 수저세트
2023-06-30,8,6,Summer,0,0,0,느티나무 셀프BBQ,1인 수저세트
2023-07-01,15,7,Summer,1,0,1,느티나무 셀프BBQ,1인 수저세트
2023-07-02,7,7,Summer,1,0,1,느티나무 셀프BBQ,1인 수저세트
2023-07-03,0,7,Summer,0,0,0,느티나무 셀프BBQ,1인 수저세트
2023-07-04,0,7,Summer,0,0,0,느티나무 셀프BBQ,1인 수저세트
2023-07-05,0,7,Summer,0,0,0,느티나무 셀프BBQ,1인 수저세트
2023-07-06,3,7,Summer,0,0,0,느티나무 셀프BBQ,1인 수저세트
2023-07-07,19,7,Summer,0,0,0,느티나무 셀프BBQ,1인 수저세트
2023-07-08,46,7,Summer,1,0,1,느티나무 셀프BBQ,1인 수저세트
2023-07-09,5,7,Summer,1,0,1,느티나무 셀프BBQ,1인 수저세트
2023-07-10,0,7,Summer,0,0,0,느티나무 셀프BBQ,1인 수저세트
2023-07-11,0,7,Summer,0,0,0,느티나무 셀프BBQ,1인 수저세트
2023-07-12,2,7,Summer,0,0,0,느티나무 셀프BBQ,1인 수저세트
2023-07-13,10,7,Summer,0,0,0,느티나무 셀프BBQ,1인 수저세트
2023-07-14,22,7,Summer,0,0,0,느티나무 셀프BBQ,1인 수저세트
2023-07-15,15,7,Summer,1,0,1,느티나무 셀프BBQ,1인 수저세트
2023-07-16,7,7,Summer,1,0,1,느티나무 셀프BBQ,1인 수저세트
2023-07-17,14,7,Summer,0,0,0,느티나무 셀프BBQ,1인 수저세트
2023-07-18,3,7,Summer,0,0,0,느티나무 셀프BBQ,1인 수저세트
2023-07-19,12,7,Summer,0,0,0,느티나무 셀프BBQ,1인 수저세트
2023-07-20,8,7,Summer,0,0,0,느티나무 셀프BBQ,1인 수저세트
2023-07-21,16,7,Summer,0,0,0,느티나무 셀프BBQ,1인 수저세트
2023-07-22,10,7,Summer,1,0,1,느티나무 셀프BBQ,1인 수저세트
2023-07-23,15,7,Summer,1,0,1,느티나무 셀프BBQ,1인 수저세트
2023-07-24,16,7,Summer,0,0,0,느티나무 셀프BBQ,1인 수저세트
2023-07-25,10,7,Summer,0,0,0,느티나무 셀프BBQ,1인 수저세트
2023-07-26,29,7,Summer,0,0,0,느티나무 셀프BBQ,1인 수저세트
2023-07-27,13,7,Summer,0,0,0,느티나무 셀프BBQ,1인 수저세트
2023-07-28,10,7,Summer,0,0,0,느티나무 셀프BBQ,1인 수저세트
2023-07-29,9,7,Summer,1,0,1,느티나무 셀프BBQ,1인 수저세트
2023-07-30,4,7,Summer,1,0,1,느티나무 셀프BBQ,1인 수저세트
2023-07-31,18,7,Summer,0,0,0,느티나무 셀프BBQ,1인 수저세트
2023-08-01,14,8,Summer,0,0,0,느티나무 셀프BBQ,1인 수저세트
2023-08-02,9,8,Summer,0,0,0,느티나무 셀프BBQ,1인 수저세트
2023-08-03,25,8,Summer,0,0,0,느티나무 셀프BBQ,1인 수저세트
2023-08-04,14,8,Summer,0,0,0,느티나무 셀프BBQ,1인 수저세트
2023-08-05,27,8,Summer,1,0,1,느티나무 셀프BBQ,1인 수저세트
2023-08-06,7,8,Summer,1,0,1,느티나무 셀프BBQ,1인 수저세트
2023-08-07,23,8,Summer,0,0,0,느티나무 셀프BBQ,1인 수저세트
2023-08-08,12,8,Summer,0,0,0,느티나무 셀프BBQ,1인 수저세트
2023-08-09,18,8,Summer,0,0,0,느티나무 셀프BBQ,1인 수저세트
2023-08-10,0,8,Summer,0,0,0,느티나무 셀프BBQ,1인 수저세트
2023-08-11,16,8,Summer,0,0,0,느티나무 셀프BBQ,1인 수저세트
2023-08-12,15,8,Summer,1,0,1,느티나무 셀프BBQ,1인 수저세트
2023-08-13,28,8,Summer,1,0,1,느티나무 셀프BBQ,1인 수저세트
2023-08-14,19,8,Summer,0,0,0,느티나무 셀프BBQ,1인 수저세트
2023-08-15,13,8,Summer,0,1,1,느티나무 셀프BBQ,1인 수저세트
2023-08-16,9,8,Summer,0,0,0,느티나무 셀프BBQ,1인 수저세트
2023-08-17,10,8,Summer,0,0,0,느티나무 셀프BBQ,1인 수저세트
2023-08-18,8,8,Summer,0,0,0,느티나무 셀프BBQ,1인 수저세트
2023-08-19,19,8,Summer,1,0,1,느티나무 셀프BBQ,1인 수저세트
2023-08-20,14,8,Summer,1,0,1,느티나무 셀프BBQ,1인 수저세트
2023-08-21,4,8,Summer,0,0,0,느티나무 셀프BBQ,1인 수저세트
2023-08-22,0,8,Summer,0,0,0,느티나무 셀프BBQ,1인 수저세트
2023-08-23,5,8,Summer,0,0,0,느티나무 셀프BBQ,1인 수저세트
2023-08-24,13,8,Summer,0,0,0,느티나무 셀프BBQ,1인 수저세트
2023-08-25,27,8,Summer,0,0,0,느티나무 셀프BBQ,1인 수저세트
2023-08-26,1,8,Summer,1,0,1,느티나무 셀프BBQ,1인 수저세트
2023-08-27,39,8,Summer,1,0,1,느티나무 셀프BBQ,1인 수저세트
2023-08-28,0,8,Summer,0,0,0,느티나무 셀프BBQ,1인 수저세트
2023-08-29,0,8,Summer,0,0,0,느티나무 셀프BBQ,1인 수저세트
2023-08-30,0,8,Summer,0,0,0,느티나무 셀프BBQ,1인 수저세트
2023-08-31,4,8,Summer,0,0,0,느티나무 셀프BBQ,1인 수저세트
2023-09-01,17,9,Autumn,0,0,0,느티나무 셀프BBQ,1인 수저세트
2023-09-02,35,9,Autumn,1,0,1,느티나무 셀프BBQ,1인 수저세트
2023-09-03,6,9,Autumn,1,0,1,느티나무 셀프BBQ,1인 수저세트
2023-09-04,0,9,Autumn,0,0,0,느티나무 셀프BBQ,1인 수저세트
2023-09-05,0,9,Autumn,0,0,0,느티나무 셀프BBQ,1인 수저세트
2023-09-06,2,9,Autumn,0,0,0,느티나무 셀프BBQ,1인 수저세트
2023-09-07,5,9,Autumn,0,0,0,느티나무 셀프BBQ,1인 수저세트
2023-09-08,8,9,Autumn,0,0,0,느티나무 셀프BBQ,1인 수저세트
2023-09-09,31,9,Autumn,1,0,1,느티나무 셀프BBQ,1인 수저세트
2023-09-10,4,9,Autumn,1,0,1,느티나무 셀프BBQ,1인 수저세트
2023-09-11,0,9,Autumn,0,0,0,느티나무 셀프BBQ,1인 수저세트
2023-09-12,0,9,Autumn,0,0,0,느티나무 셀프BBQ,1인 수저세트
2023-09-13,0,9,Autumn,0,0,0,느티나무 셀프BBQ,1인 수저세트
2023-09-14,36,9,Autumn,0,0,0,느티나무 셀프BBQ,1인 수저세트
2023-09-15,7,9,Autumn,0,0,0,느티나무 셀프BBQ,1인 수저세트
2023-09-16,15,9,Autumn,1,0,1,느티나무 셀프BBQ,1인 수저세트
2023-09-17,2,9,Autumn,1,0,1,느티나무 셀프BBQ,1인 수저세트
2023-09-18,0,9,Autumn,0,0,0,느티나무 셀프BBQ,1인 수저세트
2023-09-19,0,9,Autumn,0,0,0,느티나무 셀프BBQ,1인 수저세트
2023-09-20,2,9,Autumn,0,0,0,느티나무 셀프BBQ,1인 수저세트
2023-09-21,0,9,Autumn,0,0,0,느티나무 셀프BBQ,1인 수저세트
2023-09-22,0,9,Autumn,0,0,0,느티나무 셀프BBQ,1인 수저세트
2023-09-23,15,9,Autumn,1,0,1,느티나무 셀프BBQ,1인 수저세트
2023-09-24,15,9,Autumn,1,0,1,느티나무 셀프BBQ,1인 수저세트
2023-09-25,0,9,Autumn,0,0,0,느티나무 셀프BBQ,1인 수저세트
2023-09-26,0,9,Autumn,0,0,0,느티나무 셀프BBQ,1인 수저세트
2023-09-27,5,9,Autumn,0,0,0,느티나무 셀프BBQ,1인 수저세트
2023-09-28,18,9,Autumn,0,1,1,느티나무 셀프BBQ,1인 수저세트
2023-09-29,5,9,Autumn,0,1,1,느티나무 셀프BBQ,1인 수저세트
2023-09-30,0,9,Autumn,1,1,1,느티나무 셀프BBQ,1인 수저세트
2023-10-01,0,10,Autumn,1,0,1,느티나무 셀프BBQ,1인 수저세트
2023-10-02,36,10,Autumn,0,1,1,느티나무 셀프BBQ,1인 수저세트
2023-10-03,3,10,Autumn,0,1,1,느티나무 셀프BBQ,1인 수저세트
2023-10-04,4,10,Autumn,0,0,0,느티나무 셀프BBQ,1인 수저세트
2023-10-05,4,10,Autumn,0,0,0,느티나무 셀프BBQ,1인 수저세트
2023-10-06,4,10,Autumn,0,0,0,느티나무 셀프BBQ,1인 수저세트
2023-10-07,29,10,Autumn,1,0,1,느티나무 셀프BBQ,1인 수저세트
2023-10-08,28,10,Autumn,1,0,1,느티나무 셀프BBQ,1인 수저세트
2023-10-09,4,10,Autumn,0,1,1,느티나무 셀프BBQ,1인 수저세트
2023-10-10,2,10,Autumn,0,0,0,느티나무 셀프BBQ,1인 수저세트
2023-10-11,3,10,Autumn,0,0,0,느티나무 셀프BBQ,1인 수저세트
2023-10-12,2,10,Autumn,0,0,0,느티나무 셀프BBQ,1인 수저세트
2023-10-13,6,10,Autumn,0,0,0,느티나무 셀프BBQ,1인 수저세트
2023-10-14,17,10,Autumn,1,0,1,느티나무 셀프BBQ,1인 수저세트
2023-10-15,4,10,Autumn,1,0,1,느티나무 셀프BBQ,1인 수저세트
2023-10-16,0,10,Autumn,0,0,0,느티나무 셀프BBQ,1인 수저세트
2023-10-17,0,10,Autumn,0,0,0,느티나무 셀프BBQ,1인 수저세트
2023-10-18,8,10,Autumn,0,0,0,느티나무 셀프BBQ,1인 수저세트
2023-10-19,20,10,Autumn,0,0,0,느티나무 셀프BBQ,1인 수저세트
2023-10-20,19,10,Autumn,0,0,0,느티나무 셀프BBQ,1인 수저세트
2023-10-21,16,10,Autumn,1,0,1,느티나무 셀프BBQ,1인 수저세트
2023-10-22,25,10,Autumn,1,0,1,느티나무 셀프BBQ,1인 수저세트
2023-10-23,0,10,Autumn,0,0,0,느티나무 셀프BBQ,1인 수저세트
2023-10-24,0,10,Autumn,0,0,0,느티나무 셀프BBQ,1인 수저세트
2023-10-25,16,10,Autumn,0,0,0,느티나무 셀프BBQ,1인 수저세트
2023-10-26,10,10,Autumn,0,0,0,느티나무 셀프BBQ,1인 수저세트
2023-10-27,14,10,Autumn,0,0,0,느티나무 셀프BBQ,1인 수저세트
2023-10-28,12,10,Autumn,1,0,1,느티나무 셀프BBQ,1인 수저세트
2023-10-29,26,10,Autumn,1,0,1,느티나무 셀프BBQ,1인 수저세트
2023-10-30,0,10,Autumn,0,0,0,느티나무 셀프BBQ,1인 수저세트
2023-10-31,5,10,Autumn,0,0,0,느티나무 셀프BBQ,1인 수저세트
2023-11-01,0,11,Autumn,0,0,0,느티나무 셀프BBQ,1인 수저세트
2023-11-02,0,11,Autumn,0,0,0,느티나무 셀프BBQ,1인 수저세트
2023-11-03,7,11,Autumn,0,0,0,느티나무 셀프BBQ,1인 수저세트
2023-11-04,0,11,Autumn,1,0,1,느티나무 셀프BBQ,1인 수저세트
2023-11-05,4,11,Autumn,1,0,1,느티나무 셀프BBQ,1인 수저세트
2023-11-06,0,11,Autumn,0,0,0,느티나무 셀프BBQ,1인 수저세트
2023-11-07,12,11,Autumn,0,0,0,느티나무 셀프BBQ,1인 수저세트
2023-11-08,11,11,Autumn,0,0,0,느티나무 셀프BBQ,1인 수저세트
2023-11-09,0,11,Autumn,0,0,0,느티나무 셀프BBQ,1인 수저세트
2023-11-10,0,11,Autumn,0,0,0,느티나무 셀프BBQ,1인 수저세트
2023-11-11,0,11,Autumn,1,0,1,느티나무 셀프BBQ,1인 수저세트
2023-11-12,15,11,Autumn,1,0,1,느티나무 셀프BBQ,1인 수저세트
2023-11-13,0,11,Autumn,0,0,0,느티나무 셀프BBQ,1인 수저세트
2023-11-14,2,11,Autumn,0,0,0,느티나무 셀프BBQ,1인 수저세트
2023-11-15,0,11,Autumn,0,0,0,느티나무 셀프BBQ,1인 수저세트
2023-11-16,7,11,Autumn,0,0,0,느티나무 셀프BBQ,1인 수저세트
2023-11-17,0,11,Autumn,0,0,0,느티나무 셀프BBQ,1인 수저세트
2023-11-18,9,11,Autumn,1,0,1,느티나무 셀프BBQ,1인 수저세트
2023-11-19,0,11,Autumn,1,0,1,느티나무 셀프BBQ,1인 수저세트
2023-11-20,0,11,Autumn,0,0,0,느티나무 셀프BBQ,1인 수저세트
2023-11-21,0,11,Autumn,0,0,0,느티나무 셀프BBQ,1인 수저세트
2023-11-22,0,11,Autumn,0,0,0,느티나무 셀프BBQ,1인 수저세트
2023-11-23,6,11,Autumn,0,0,0,느티나무 셀프BBQ,1인 수저세트
2023-11-24,0,11,Autumn,0,0,0,느티나무 셀프BBQ,1인 수저세트
2023-11-25,19,11,Autumn,1,0,1,느티나무 셀프BBQ,1인 수저세트
2023-11-26,15,11,Autumn,1,0,1,느티나무 셀프BBQ,1인 수저세트
2023-11-27,0,11,Autumn,0,0,0,느티나무 셀프BBQ,1인 수저세트
2023-11-28,0,11,Autumn,0,0,0,느티나무 셀프BBQ,1인 수저세트
2023-11-29,5,11,Autumn,0,0,0,느티나무 셀프BBQ,1인 수저세트
2023-11-30,0,11,Autumn,0,0,0,느티나무 셀프BBQ,1인 수저세트
2023-12-01,0,12,Winter,0,0,0,느티나무 셀프BBQ,1인 수저세트
2023-12-02,3,12,Winter,1,0,1,느티나무 셀프BBQ,1인 수저세트
2023-12-03,0,12,Winter,1,0,1,느티나무 셀프BBQ,1인 수저세트
2023-12-04,0,12,Winter,0,0,0,느티나무 셀프BBQ,1인 수저세트
2023-12-05,0,12,Winter,0,0,0,느티나무 셀프BBQ,1인 수저세트
2023-12-06,9,12,Winter,0,0,0,느티나무 셀프BBQ,1인 수저세트
2023-12-07,0,12,Winter,0,0,0,느티나무 셀프BBQ,1인 수저세트
2023-12-08,8,12,Winter,0,0,0,느티나무 셀프BBQ,1인 수저세트
2023-12-09,4,12,Winter,1,0,1,느티나무 셀프BBQ,1인 수저세트
2023-12-10,2,12,Winter,1,0,1,느티나무 셀프BBQ,1인 수저세트
2023-12-11,4,12,Winter,0,0,0,느티나무 셀프BBQ,1인 수저세트
2023-12-12,21,12,Winter,0,0,0,느티나무 셀프BBQ,1인 수저세트
2023-12-13,3,12,Winter,0,0,0,느티나무 셀프BBQ,1인 수저세트
2023-12-14,7,12,Winter,0,0,0,느티나무 셀프BBQ,1인 수저세트
2023-12-15,15,12,Winter,0,0,0,느티나무 셀프BBQ,1인 수저세트
2023-12-16,2,12,Winter,1,0,1,느티나무 셀프BBQ,1인 수저세트
2023-12-17,4,12,Winter,1,0,1,느티나무 셀프BBQ,1인 수저세트
2023-12-18,4,12,Winter,0,0,0,느티나무 셀프BBQ,1인 수저세트
2023-12-19,0,12,Winter,0,0,0,느티나무 셀프BBQ,1인 수저세트
2023-12-20,0,12,Winter,0,0,0,느티나무 셀프BBQ,1인 수저세트
2023-12-21,0,12,Winter,0,0,0,느티나무 셀프BBQ,1인 수저세트
2023-12-22,0,12,Winter,0,0,0,느티나무 셀프BBQ,1인 수저세트
2023-12-23,0,12,Winter,1,0,1,느티나무 셀프BBQ,1인 수저세트
2023-12-24,2,12,Winter,1,0,1,느티나무 셀프BBQ,1인 수저세트
2023-12-25,8,12,Winter,0,1,1,느티나무 셀프BBQ,1인 수저세트
2023-12-26,0,12,Winter,0,0,0,느티나무 셀프BBQ,1인 수저세트
2023-12-27,4,12,Winter,0,0,0,느티나무 셀프BBQ,1인 수저세트
2023-12-28,12,12,Winter,0,0,0,느티나무 셀프BBQ,1인 수저세트
2023-12-29,0,12,Winter,0,0,0,느티나무 셀프BBQ,1인 수저세트
2023-12-30,3,12,Winter,1,0,1,느티나무 셀프BBQ,1인 수저세트
2023-12-31,0,12,Winter,1,0,1,느티나무 셀프BBQ,1인 수저세트
2024-01-01,0,1,Winter,0,1,1,느티나무 셀프BBQ,1인 수저세트
2024-01-02,0,1,Winter,0,0,0,느티나무 셀프BBQ,1인 수저세트
2024-01-03,5,1,Winter,0,0,0,느티나무 셀프BBQ,1인 수저세트
2024-01-04,6,1,Winter,0,0,0,느티나무 셀프BBQ,1인 수저세트
2024-01-05,5,1,Winter,0,0,0,느티나무 셀프BBQ,1인 수저세트
2024-01-06,1,1,Winter,1,0,1,느티나무 셀프BBQ,1인 수저세트
2024-01-07,15,1,Winter,1,0,1,느티나무 셀프BBQ,1인 수저세트
2024-01-08,0,1,Winter,0,0,0,느티나무 셀프BBQ,1인 수저세트
2024-01-09,3,1,Winter,0,0,0,느티나무 셀프BBQ,1인 수저세트
2024-01-10,0,1,Winter,0,0,0,느티나무 셀프BBQ,1인 수저세트
2024-01-11,8,1,Winter,0,0,0,느티나무 셀프BBQ,1인 수저세트
2024-01-12,7,1,Winter,0,0,0,느티나무 셀프BBQ,1인 수저세트
2024-01-13,6,1,Winter,1,0,1,느티나무 셀프BBQ,1인 수저세트
2024-01-14,4,1,Winter,1,0,1,느티나무 셀프BBQ,1인 수저세트
2024-01-15,4,1,Winter,0,0,0,느티나무 셀프BBQ,1인 수저세트
2024-01-16,5,1,Winter,0,0,0,느티나무 셀프BBQ,1인 수저세트
2024-01-17,0,1,Winter,0,0,0,느티나무 셀프BBQ,1인 수저세트
2024-01-18,7,1,Winter,0,0,0,느티나무 셀프BBQ,1인 수저세트
2024-01-19,0,1,Winter,0,0,0,느티나무 셀프BBQ,1인 수저세트
2024-01-20,3,1,Winter,1,0,1,느티나무 셀프BBQ,1인 수저세트
2024-01-21,0,1,Winter,1,0,1,느티나무 셀프BBQ,1인 수저세트
2024-01-22,0,1,Winter,0,0,0,느티나무 셀프BBQ,1인 수저세트
2024-01-23,0,1,Winter,0,0,0,느티나무 셀프BBQ,1인 수저세트
2024-01-24,0,1,Winter,0,0,0,느티나무 셀프BBQ,1인 수저세트
2024-01-25,0,1,Winter,0,0,0,느티나무 셀프BBQ,1인 수저세트
2024-01-26,0,1,Winter,0,0,0,느티나무 셀프BBQ,1인 수저세트
2024-01-27,0,1,Winter,1,0,1,느티나무 셀프BBQ,1인 수저세트
2024-01-28,6,1,Winter,1,0,1,느티나무 셀프BBQ,1인 수저세트
2024-01-29,0,1,Winter,0,0,0,느티나무 셀프BBQ,1인 수저세트
2024-01-30,0,1,Winter,0,0,0,느티나무 셀프BBQ,1인 수저세트
2024-01-31,0,1,Winter,0,0,0,느티나무 셀프BBQ,1인 수저세트
2024-02-01,0,2,Winter,0,0,0,느티나무 셀프BBQ,1인 수저세트
2024-02-02,0,2,Winter,0,0,0,느티나무 셀프BBQ,1인 수저세트
2024-02-03,0,2,Winter,1,0,1,느티나무 셀프BBQ,1인 수저세트
2024-02-04,0,2,Winter,1,0,1,느티나무 셀프BBQ,1인 수저세트
2024-02-05,2,2,Winter,0,0,0,느티나무 셀프BBQ,1인 수저세트
2024-02-06,4,2,Winter,0,0,0,느티나무 셀프BBQ,1인 수저세트
2024-02-07,4,2,Winter,0,0,0,느티나무 셀프BBQ,1인 수저세트
2024-02-08,0,2,Winter,0,0,0,느티나무 셀프BBQ,1인 수저세트
2024-02-09,0,2,Winter,0,1,1,느티나무 셀프BBQ,1인 수저세트
2024-02-10,0,2,Winter,1,1,1,느티나무 셀프BBQ,1인 수저세트
2024-02-11,0,2,Winter,1,1,1,느티나무 셀프BBQ,1인 수저세트
2024-02-12,8,2,Winter,0,1,1,느티나무 셀프BBQ,1인 수저세트
2024-02-13,14,2,Winter,0,0,0,느티나무 셀프BBQ,1인 수저세트
2024-02-14,0,2,Winter,0,0,0,느티나무 셀프BBQ,1인 수저세트
2024-02-15,12,2,Winter,0,0,0,느티나무 셀프BBQ,1인 수저세트
2024-02-16,0,2,Winter,0,0,0,느티나무 셀프BBQ,1인 수저세트
2024-02-17,0,2,Winter,1,0,1,느티나무 셀프BBQ,1인 수저세트
2024-02-18,0,2,Winter,1,0,1,느티나무 셀프BBQ,1인 수저세트
2024-02-19,0,2,Winter,0,0,0,느티나무 셀프BBQ,1인 수저세트
2024-02-20,4,2,Winter,0,0,0,느티나무 셀프BBQ,1인 수저세트
2024-02-21,4,2,Winter,0,0,0,느티나무 셀프BBQ,1인 수저세트
2024-02-22,0,2,Winter,0,0,0,느티나무 셀프BBQ,1인 수저세트
2024-02-23,1,2,Winter,0,0,0,느티나무 셀프BBQ,1인 수저세트
2024-02-24,0,2,Winter,1,0,1,느티나무 셀프BBQ,1인 수저세트
2024-02-25,6,2,Winter,1,0,1,느티나무 셀프BBQ,1인 수저세트
2024-02-26,0,2,Winter,0,0,0,느티나무 셀프BBQ,1인 수저세트
2024-02-27,0,2,Winter,0,0,0,느티나무 셀프BBQ,1인 수저세트
2024-02-28,0,2,Winter,0,0,0,느티나무 셀프BBQ,1인 수저세트
2024-02-29,0,2,Winter,0,0,0,느티나무 셀프BBQ,1인 수저세트
2024-03-01,0,3,Spring,0,1,1,느티나무 셀프BBQ,1인 수저세트
2024-03-02,0,3,Spring,1,0,1,느티나무 셀프BBQ,1인 수저세트
2024-03-03,0,3,Spring,1,0,1,느티나무 셀프BBQ,1인 수저세트
2024-03-04,0,3,Spring,0,0,0,느티나무 셀프BBQ,1인 수저세트
2024-03-05,0,3,Spring,0,0,0,느티나무 셀프BBQ,1인 수저세트
2024-03-06,0,3,Spring,0,0,0,느티나무 셀프BBQ,1인 수저세트
2024-03-07,0,3,Spring,0,0,0,느티나무 셀프BBQ,1인 수저세트
2024-03-08,0,3,Spring,0,0,0,느티나무 셀프BBQ,1인 수저세트
2024-03-09,0,3,Spring,1,0,1,느티나무 셀프BBQ,1인 수저세트
2024-03-10,0,3,Spring,1,0,1,느티나무 셀프BBQ,1인 수저세트
2024-03-11,0,3,Spring,0,0,0,느티나무 셀프BBQ,1인 수저세트
2024-03-12,0,3,Spring,0,0,0,느티나무 셀프BBQ,1인 수저세트
2024-03-13,0,3,Spring,0,0,0,느티나무 셀프BBQ,1인 수저세트
2024-03-14,5,3,Spring,0,0,0,느티나무 셀프BBQ,1인 수저세트
2024-03-15,6,3,Spring,0,0,0,느티나무 셀프BBQ,1인 수저세트
2024-03-16,7,3,Spring,1,0,1,느티나무 셀프BBQ,1인 수저세트
2024-03-17,2,3,Spring,1,0,1,느티나무 셀프BBQ,1인 수저세트
2024-03-18,0,3,Spring,0,0,0,느티나무 셀프BBQ,1인 수저세트
2024-03-19,2,3,Spring,0,0,0,느티나무 셀프BBQ,1인 수저세트
2024-03-20,0,3,Spring,0,0,0,느티나무 셀프BBQ,1인 수저세트
2024-03-21,0,3,Spring,0,0,0,느티나무 셀프BBQ,1인 수저세트
2024-03-22,18,3,Spring,0,0,0,느티나무 셀프BBQ,1인 수저세트
2024-03-23,9,3,Spring,1,0,1,느티나무 셀프BBQ,1인 수저세트
2024-03-24,5,3,Spring,1,0,1,느티나무 셀프BBQ,1인 수저세트
2024-03-25,0,3,Spring,0,0,0,느티나무 셀프BBQ,1인 수저세트
2024-03-26,0,3,Spring,0,0,0,느티나무 셀프BBQ,1인 수저세트
2024-03-27,0,3,Spring,0,0,0,느티나무 셀프BBQ,1인 수저세트
2024-03-28,1,3,Spring,0,0,0,느티나무 셀프BBQ,1인 수저세트
2024-03-29,21,3,Spring,0,0,0,느티나무 셀프BBQ,1인 수저세트
2024-03-30,23,3,Spring,1,0,1,느티나무 셀프BBQ,1인 수저세트
2024-03-31,6,3,Spring,1,0,1,느티나무 셀프BBQ,1인 수저세트
2024-04-01,0,4,Spring,0,0,0,느티나무 셀프BBQ,1인 수저세트
2024-04-02,0,4,Spring,0,0,0,느티나무 셀프BBQ,1인 수저세트
2024-04-03,2,4,Spring,0,0,0,느티나무 셀프BBQ,1인 수저세트
2024-04-04,9,4,Spring,0,0,0,느티나무 셀프BBQ,1인 수저세트
2024-04-05,4,4,Spring,0,0,0,느티나무 셀프BBQ,1인 수저세트
2024-04-06,17,4,Spring,1,0,1,느티나무 셀프BBQ,1인 수저세트
2024-04-07,6,4,Spring,1,0,1,느티나무 셀프BBQ,1인 수저세트
2024-04-08,0,4,Spring,0,0,0,느티나무 셀프BBQ,1인 수저세트
2024-04-09,11,4,Spring,0,0,0,느티나무 셀프BBQ,1인 수저세트
2024-04-10,2,4,Spring,0,1,1,느티나무 셀프BBQ,1인 수저세트
2024-04-11,14,4,Spring,0,0,0,느티나무 셀프BBQ,1인 수저세트
2024-04-12,2,4,Spring,0,0,0,느티나무 셀프BBQ,1인 수저세트
2024-04-13,2,4,Spring,1,0,1,느티나무 셀프BBQ,1인 수저세트
2024-04-14,0,4,Spring,1,0,1,느티나무 셀프BBQ,1인 수저세트
2024-04-15,0,4,Spring,0,0,0,느티나무 셀프BBQ,1인 수저세트
2024-04-16,15,4,Spring,0,0,0,느티나무 셀프BBQ,1인 수저세트
2024-04-17,7,4,Spring,0,0,0,느티나무 셀프BBQ,1인 수저세트
2024-04-18,0,4,Spring,0,0,0,느티나무 셀프BBQ,1인 수저세트
2024-04-19,1,4,Spring,0,0,0,느티나무 셀프BBQ,1인 수저세트
2024-04-20,14,4,Spring,1,0,1,느티나무 셀프BBQ,1인 수저세트
2024-04-21,0,4,Spring,1,0,1,느티나무 셀프BBQ,1인 수저세트
2024-04-22,0,4,Spring,0,0,0,느티나무 셀프BBQ,1인 수저세트
2024-04-23,4,4,Spring,0,0,0,느티나무 셀프BBQ,1인 수저세트
2024-04-24,0,4,Spring,0,0,0,느티나무 셀프BBQ,1인 수저세트
2024-04-25,19,4,Spring,0,0,0,느티나무 셀프BBQ,1인 수저세트
2024-04-26,3,4,Spring,0,0,0,느티나무 셀프BBQ,1인 수저세트
2024-04-27,13,4,Spring,1,0,1,느티나무 셀프BBQ,1인 수저세트
2024-04-28,8,4,Spring,1,0,1,느티나무 셀프BBQ,1인 수저세트
2024-04-29,0,4,Spring,0,0,0,느티나무 셀프BBQ,1인 수저세트
2024-04-30,5,4,Spring,0,0,0,느티나무 셀프BBQ,1인 수저세트
2024-05-01,4,5,Spring,0,0,0,느티나무 셀프BBQ,1인 수저세트
2024-05-02,4,5,Spring,0,0,0,느티나무 셀프BBQ,1인 수저세트
2024-05-03,7,5,Spring,0,0,0,느티나무 셀프BBQ,1인 수저세트
2024-05-04,37,5,Spring,1,0,1,느티나무 셀프BBQ,1인 수저세트
2024-05-05,7,5,Spring,1,1,1,느티나무 셀프BBQ,1인 수저세트
2024-05-06,4,5,Spring,0,1,1,느티나무 셀프BBQ,1인 수저세트
2024-05-07,9,5,Spring,0,0,0,느티나무 셀프BBQ,1인 수저세트
2024-05-08,0,5,Spring,0,0,0,느티나무 셀프BBQ,1인 수저세트
2024-05-09,0,5,Spring,0,0,0,느티나무 셀프BBQ,1인 수저세트
2024-05-10,4,5,Spring,0,0,0,느티나무 셀프BBQ,1인 수저세트
2024-05-11,26,5,Spring,1,0,1,느티나무 셀프BBQ,1인 수저세트
2024-05-12,2,5,Spring,1,0,1,느티나무 셀프BBQ,1인 수저세트
2024-05-13,0,5,Spring,0,0,0,느티나무 셀프BBQ,1인 수저세트
2024-05-14,4,5,Spring,0,0,0,느티나무 셀프BBQ,1인 수저세트
2024-05-15,3,5,Spring,0,1,1,느티나무 셀프BBQ,1인 수저세트
2024-05-16,3,5,Spring,0,0,0,느티나무 셀프BBQ,1인 수저세트
2024-05-17,5,5,Spring,0,0,0,느티나무 셀프BBQ,1인 수저세트
2024-05-18,8,5,Spring,1,0,1,느티나무 셀프BBQ,1인 수저세트
2024-05-19,5,5,Spring,1,0,1,느티나무 셀프BBQ,1인 수저세트
2024-05-20,0,5,Spring,0,0,0,느티나무 셀프BBQ,1인 수저세트
2024-05-21,0,5,Spring,0,0,0,느티나무 셀프BBQ,1인 수저세트
2024-05-22,0,5,Spring,0,0,0,느티나무 셀프BBQ,1인 수저세트
2024-05-23,0,5,Spring,0,0,0,느티나무 셀프BBQ,1인 수저세트
2024-05-24,11,5,Spring,0,0,0,느티나무 셀프BBQ,1인 수저세트
2024-05-25,3,5,Spring,1,0,1,느티나무 셀프BBQ,1인 수저세트
2024-05-26,10,5,Spring,1,0,1,느티나무 셀프BBQ,1인 수저세트
2024-05-27,0,5,Spring,0,0,0,느티나무 셀프BBQ,1인 수저세트
2024-05-28,2,5,Spring,0,0,0,느티나무 셀프BBQ,1인 수저세트
2024-05-29,12,5,Spring,0,0,0,느티나무 셀프BBQ,1인 수저세트
2024-05-30,0,5,Spring,0,0,0,느티나무 셀프BBQ,1인 수저세트
2024-05-31,0,5,Spring,0,0,0,느티나무 셀프BBQ,1인 수저세트
2024-06-01,6,6,Summer,1,0,1,느티나무 셀프BBQ,1인 수저세트
2024-06-02,3,6,Summer,1,0,1,느티나무 셀프BBQ,1인 수저세트
2024-06-03,0,6,Summer,0,0,0,느티나무 셀프BBQ,1인 수저세트
2024-06-04,0,6,Summer,0,0,0,느티나무 셀프BBQ,1인 수저세트
2024-06-05,0,6,Summer,0,0,0,느티나무 셀프BBQ,1인 수저세트
2024-06-06,4,6,Summer,0,1,1,느티나무 셀프BBQ,1인 수저세트
2024-06-07,15,6,Summer,0,0,0,느티나무 셀프BBQ,1인 수저세트
2024-06-08,12,6,Summer,1,0,1,느티나무 셀프BBQ,1인 수저세트
2024-06-09,0,6,Summer,1,0,1,느티나무 셀프BBQ,1인 수저세트
2024-06-10,0,6,Summer,0,0,0,느티나무 셀프BBQ,1인 수저세트
2024-06-11,0,6,Summer,0,0,0,느티나무 셀프BBQ,1인 수저세트
2024-06-12,0,6,Summer,0,0,0,느티나무 셀프BBQ,1인 수저세트
2024-06-13,0,6,Summer,0,0,0,느티나무 셀프BBQ,1인 수저세트
2024-06-14,16,6,Summer,0,0,0,느티나무 셀프BBQ,1인 수저세트
2024-06-15,3,6,Summer,1,0,1,느티나무 셀프BBQ,1인 수저세트
2023-01-01,0,1,Winter,1,1,1,느티나무 셀프BBQ,BBQ55(단체)
2023-01-02,0,1,Winter,0,0,0,느티나무 셀프BBQ,BBQ55(단체)
2023-01-03,0,1,Winter,0,0,0,느티나무 셀프BBQ,BBQ55(단체)
2023-01-04,0,1,Winter,0,0,0,느티나무 셀프BBQ,BBQ55(단체)
2023-01-05,19,1,Winter,0,0,0,느티나무 셀프BBQ,BBQ55(단체)
2023-01-06,0,1,Winter,0,0,0,느티나무 셀프BBQ,BBQ55(단체)
2023-01-07,0,1,Winter,1,0,1,느티나무 셀프BBQ,BBQ55(단체)
2023-01-08,0,1,Winter,1,0,1,느티나무 셀프BBQ,BBQ55(단체)
2023-01-09,0,1,Winter,0,0,0,느티나무 셀프BBQ,BBQ55(단체)
2023-01-10,0,1,Winter,0,0,0,느티나무 셀프BBQ,BBQ55(단체)
2023-01-11,19,1,Winter,0,0,0,느티나무 셀프BBQ,BBQ55(단체)
2023-01-12,0,1,Winter,0,0,0,느티나무 셀프BBQ,BBQ55(단체)
2023-01-13,0,1,Winter,0,0,0,느티나무 셀프BBQ,BBQ55(단체)
2023-01-14,0,1,Winter,1,0,1,느티나무 셀프BBQ,BBQ55(단체)
2023-01-15,0,1,Winter,1,0,1,느티나무 셀프BBQ,BBQ55(단체)
2023-01-16,50,1,Winter,0,0,0,느티나무 셀프BBQ,BBQ55(단체)
2023-01-17,0,1,Winter,0,0,0,느티나무 셀프BBQ,BBQ55(단체)
2023-01-18,0,1,Winter,0,0,0,느티나무 셀프BBQ,BBQ55(단체)
2023-01-19,0,1,Winter,0,0,0,느티나무 셀프BBQ,BBQ55(단체)
2023-01-20,0,1,Winter,0,0,0,느티나무 셀프BBQ,BBQ55(단체)
2023-01-21,0,1,Winter,1,1,1,느티나무 셀프BBQ,BBQ55(단체)
2023-01-22,0,1,Winter,1,1,1,느티나무 셀프BBQ,BBQ55(단체)
2023-01-23,0,1,Winter,0,1,1,느티나무 셀프BBQ,BBQ55(단체)
2023-01-24,0,1,Winter,0,1,1,느티나무 셀프BBQ,BBQ55(단체)
2023-01-25,0,1,Winter,0,0,0,느티나무 셀프BBQ,BBQ55(단체)
2023-01-26,0,1,Winter,0,0,0,느티나무 셀프BBQ,BBQ55(단체)
2023-01-27,0,1,Winter,0,0,0,느티나무 셀프BBQ,BBQ55(단체)
2023-01-28,0,1,Winter,1,0,1,느티나무 셀프BBQ,BBQ55(단체)
2023-01-29,0,1,Winter,1,0,1,느티나무 셀프BBQ,BBQ55(단체)
2023-01-30,0,1,Winter,0,0,0,느티나무 셀프BBQ,BBQ55(단체)
2023-01-31,0,1,Winter,0,0,0,느티나무 셀프BBQ,BBQ55(단체)
2023-02-01,0,2,Winter,0,0,0,느티나무 셀프BBQ,BBQ55(단체)
2023-02-02,110,2,Winter,0,0,0,느티나무 셀프BBQ,BBQ55(단체)
2023-02-03,0,2,Winter,0,0,0,느티나무 셀프BBQ,BBQ55(단체)
2023-02-04,0,2,Winter,1,0,1,느티나무 셀프BBQ,BBQ55(단체)
2023-02-05,0,2,Winter,1,0,1,느티나무 셀프BBQ,BBQ55(단체)
2023-02-06,0,2,Winter,0,0,0,느티나무 셀프BBQ,BBQ55(단체)
2023-02-07,0,2,Winter,0,0,0,느티나무 셀프BBQ,BBQ55(단체)
2023-02-08,0,2,Winter,0,0,0,느티나무 셀프BBQ,BBQ55(단체)
2023-02-09,0,2,Winter,0,0,0,느티나무 셀프BBQ,BBQ55(단체)
2023-02-10,18,2,Winter,0,0,0,느티나무 셀프BBQ,BBQ55(단체)
2023-02-11,0,2,Winter,1,0,1,느티나무 셀프BBQ,BBQ55(단체)
2023-02-12,0,2,Winter,1,0,1,느티나무 셀프BBQ,BBQ55(단체)
2023-02-13,0,2,Winter,0,0,0,느티나무 셀프BBQ,BBQ55(단체)
2023-02-14,0,2,Winter,0,0,0,느티나무 셀프BBQ,BBQ55(단체)
2023-02-15,0,2,Winter,0,0,0,느티나무 셀프BBQ,BBQ55(단체)
2023-02-16,0,2,Winter,0,0,0,느티나무 셀프BBQ,BBQ55(단체)
2023-02-17,0,2,Winter,0,0,0,느티나무 셀프BBQ,BBQ55(단체)
2023-02-18,25,2,Winter,1,0,1,느티나무 셀프BBQ,BBQ55(단체)
2023-02-19,0,2,Winter,1,0,1,느티나무 셀프BBQ,BBQ55(단체)
2023-02-20,0,2,Winter,0,0,0,느티나무 셀프BBQ,BBQ55(단체)
2023-02-21,0,2,Winter,0,0,0,느티나무 셀프BBQ,BBQ55(단체)
2023-02-22,0,2,Winter,0,0,0,느티나무 셀프BBQ,BBQ55(단체)
2023-02-23,0,2,Winter,0,0,0,느티나무 셀프BBQ,BBQ55(단체)
2023-02-24,10,2,Winter,0,0,0,느티나무 셀프BBQ,BBQ55(단체)
2023-02-25,0,2,Winter,1,0,1,느티나무 셀프BBQ,BBQ55(단체)
2023-02-26,0,2,Winter,1,0,1,느티나무 셀프BBQ,BBQ55(단체)
2023-02-27,0,2,Winter,0,0,0,느티나무 셀프BBQ,BBQ55(단체)
2023-02-28,0,2,Winter,0,0,0,느티나무 셀프BBQ,BBQ55(단체)
2023-03-01,0,3,Spring,0,1,1,느티나무 셀프BBQ,BBQ55(단체)
2023-03-02,0,3,Spring,0,0,0,느티나무 셀프BBQ,BBQ55(단체)
2023-03-03,0,3,Spring,0,0,0,느티나무 셀프BBQ,BBQ55(단체)
2023-03-04,0,3,Spring,1,0,1,느티나무 셀프BBQ,BBQ55(단체)
2023-03-05,0,3,Spring,1,0,1,느티나무 셀프BBQ,BBQ55(단체)
2023-03-06,0,3,Spring,0,0,0,느티나무 셀프BBQ,BBQ55(단체)
2023-03-07,0,3,Spring,0,0,0,느티나무 셀프BBQ,BBQ55(단체)
2023-03-08,0,3,Spring,0,0,0,느티나무 셀프BBQ,BBQ55(단체)
2023-03-09,0,3,Spring,0,0,0,느티나무 셀프BBQ,BBQ55(단체)
2023-03-10,70,3,Spring,0,0,0,느티나무 셀프BBQ,BBQ55(단체)
2023-03-11,0,3,Spring,1,0,1,느티나무 셀프BBQ,BBQ55(단체)
2023-03-12,0,3,Spring,1,0,1,느티나무 셀프BBQ,BBQ55(단체)
2023-03-13,116,3,Spring,0,0,0,느티나무 셀프BBQ,BBQ55(단체)
2023-03-14,98,3,Spring,0,0,0,느티나무 셀프BBQ,BBQ55(단체)
2023-03-15,20,3,Spring,0,0,0,느티나무 셀프BBQ,BBQ55(단체)
2023-03-16,121,3,Spring,0,0,0,느티나무 셀프BBQ,BBQ55(단체)
2023-03-17,81,3,Spring,0,0,0,느티나무 셀프BBQ,BBQ55(단체)
2023-03-18,0,3,Spring,1,0,1,느티나무 셀프BBQ,BBQ55(단체)
2023-03-19,0,3,Spring,1,0,1,느티나무 셀프BBQ,BBQ55(단체)
2023-03-20,23,3,Spring,0,0,0,느티나무 셀프BBQ,BBQ55(단체)
2023-03-21,0,3,Spring,0,0,0,느티나무 셀프BBQ,BBQ55(단체)
2023-03-22,0,3,Spring,0,0,0,느티나무 셀프BBQ,BBQ55(단체)
2023-03-23,107,3,Spring,0,0,0,느티나무 셀프BBQ,BBQ55(단체)
2023-03-24,60,3,Spring,0,0,0,느티나무 셀프BBQ,BBQ55(단체)
2023-03-25,0,3,Spring,1,0,1,느티나무 셀프BBQ,BBQ55(단체)
2023-03-26,0,3,Spring,1,0,1,느티나무 셀프BBQ,BBQ55(단체)
2023-03-27,0,3,Spring,0,0,0,느티나무 셀프BBQ,BBQ55(단체)
2023-03-28,68,3,Spring,0,0,0,느티나무 셀프BBQ,BBQ55(단체)
2023-03-29,0,3,Spring,0,0,0,느티나무 셀프BBQ,BBQ55(단체)
2023-03-30,65,3,Spring,0,0,0,느티나무 셀프BBQ,BBQ55(단체)
2023-03-31,0,3,Spring,0,0,0,느티나무 셀프BBQ,BBQ55(단체)
2023-04-01,0,4,Spring,1,0,1,느티나무 셀프BBQ,BBQ55(단체)
2023-04-02,0,4,Spring,1,0,1,느티나무 셀프BBQ,BBQ55(단체)
2023-04-03,0,4,Spring,0,0,0,느티나무 셀프BBQ,BBQ55(단체)
2023-04-04,26,4,Spring,0,0,0,느티나무 셀프BBQ,BBQ55(단체)
2023-04-05,33,4,Spring,0,0,0,느티나무 셀프BBQ,BBQ55(단체)
2023-04-06,201,4,Spring,0,0,0,느티나무 셀프BBQ,BBQ55(단체)
2023-04-07,42,4,Spring,0,0,0,느티나무 셀프BBQ,BBQ55(단체)
2023-04-08,0,4,Spring,1,0,1,느티나무 셀프BBQ,BBQ55(단체)
2023-04-09,0,4,Spring,1,0,1,느티나무 셀프BBQ,BBQ55(단체)
2023-04-10,0,4,Spring,0,0,0,느티나무 셀프BBQ,BBQ55(단체)
2023-04-11,0,4,Spring,0,0,0,느티나무 셀프BBQ,BBQ55(단체)
2023-04-12,153,4,Spring,0,0,0,느티나무 셀프BBQ,BBQ55(단체)
2023-04-13,220,4,Spring,0,0,0,느티나무 셀프BBQ,BBQ55(단체)
2023-04-14,0,4,Spring,0,0,0,느티나무 셀프BBQ,BBQ55(단체)
2023-04-15,0,4,Spring,1,0,1,느티나무 셀프BBQ,BBQ55(단체)
2023-04-16,0,4,Spring,1,0,1,느티나무 셀프BBQ,BBQ55(단체)
2023-04-17,106,4,Spring,0,0,0,느티나무 셀프BBQ,BBQ55(단체)
2023-04-18,0,4,Spring,0,0,0,느티나무 셀프BBQ,BBQ55(단체)
2023-04-19,112,4,Spring,0,0,0,느티나무 셀프BBQ,BBQ55(단체)
2023-04-20,156,4,Spring,0,0,0,느티나무 셀프BBQ,BBQ55(단체)
2023-04-21,36,4,Spring,0,0,0,느티나무 셀프BBQ,BBQ55(단체)
2023-04-22,0,4,Spring,1,0,1,느티나무 셀프BBQ,BBQ55(단체)
2023-04-23,0,4,Spring,1,0,1,느티나무 셀프BBQ,BBQ55(단체)
2023-04-24,0,4,Spring,0,0,0,느티나무 셀프BBQ,BBQ55(단체)
2023-04-25,75,4,Spring,0,0,0,느티나무 셀프BBQ,BBQ55(단체)
2023-04-26,0,4,Spring,0,0,0,느티나무 셀프BBQ,BBQ55(단체)
2023-04-27,168,4,Spring,0,0,0,느티나무 셀프BBQ,BBQ55(단체)
2023-04-28,0,4,Spring,0,0,0,느티나무 셀프BBQ,BBQ55(단체)
2023-04-29,0,4,Spring,1,0,1,느티나무 셀프BBQ,BBQ55(단체)
2023-04-30,0,4,Spring,1,0,1,느티나무 셀프BBQ,BBQ55(단체)
2023-05-01,0,5,Spring,0,0,0,느티나무 셀프BBQ,BBQ55(단체)
2023-05-02,58,5,Spring,0,0,0,느티나무 셀프BBQ,BBQ55(단체)
2023-05-03,77,5,Spring,0,0,0,느티나무 셀프BBQ,BBQ55(단체)
2023-05-04,0,5,Spring,0,0,0,느티나무 셀프BBQ,BBQ55(단체)
2023-05-05,0,5,Spring,0,1,1,느티나무 셀프BBQ,BBQ55(단체)
2023-05-06,0,5,Spring,1,0,1,느티나무 셀프BBQ,BBQ55(단체)
2023-05-07,0,5,Spring,1,0,1,느티나무 셀프BBQ,BBQ55(단체)
2023-05-08,75,5,Spring,0,0,0,느티나무 셀프BBQ,BBQ55(단체)
2023-05-09,21,5,Spring,0,0,0,느티나무 셀프BBQ,BBQ55(단체)
2023-05-10,122,5,Spring,0,0,0,느티나무 셀프BBQ,BBQ55(단체)
2023-05-11,156,5,Spring,0,0,0,느티나무 셀프BBQ,BBQ55(단체)
2023-05-12,168,5,Spring,0,0,0,느티나무 셀프BBQ,BBQ55(단체)
2023-05-13,0,5,Spring,1,0,1,느티나무 셀프BBQ,BBQ55(단체)
2023-05-14,0,5,Spring,1,0,1,느티나무 셀프BBQ,BBQ55(단체)
2023-05-15,91,5,Spring,0,0,0,느티나무 셀프BBQ,BBQ55(단체)
2023-05-16,55,5,Spring,0,0,0,느티나무 셀프BBQ,BBQ55(단체)
2023-05-17,0,5,Spring,0,0,0,느티나무 셀프BBQ,BBQ55(단체)
2023-05-18,190,5,Spring,0,0,0,느티나무 셀프BBQ,BBQ55(단체)
2023-05-19,62,5,Spring,0,0,0,느티나무 셀프BBQ,BBQ55(단체)
2023-05-20,0,5,Spring,1,0,1,느티나무 셀프BBQ,BBQ55(단체)
2023-05-21,0,5,Spring,1,0,1,느티나무 셀프BBQ,BBQ55(단체)
2023-05-22,0,5,Spring,0,0,0,느티나무 셀프BBQ,BBQ55(단체)
2023-05-23,110,5,Spring,0,0,0,느티나무 셀프BBQ,BBQ55(단체)
2023-05-24,0,5,Spring,0,0,0,느티나무 셀프BBQ,BBQ55(단체)
2023-05-25,91,5,Spring,0,0,0,느티나무 셀프BBQ,BBQ55(단체)
2023-05-26,30,5,Spring,0,0,0,느티나무 셀프BBQ,BBQ55(단체)
2023-05-27,0,5,Spring,1,1,1,느티나무 셀프BBQ,BBQ55(단체)
2023-05-28,0,5,Spring,1,0,1,느티나무 셀프BBQ,BBQ55(단체)
2023-05-29,0,5,Spring,0,1,1,느티나무 셀프BBQ,BBQ55(단체)
2023-05-30,76,5,Spring,0,0,0,느티나무 셀프BBQ,BBQ55(단체)
2023-05-31,0,5,Spring,0,0,0,느티나무 셀프BBQ,BBQ55(단체)
2023-06-01,46,6,Summer,0,0,0,느티나무 셀프BBQ,BBQ55(단체)
2023-06-02,74,6,Summer,0,0,0,느티나무 셀프BBQ,BBQ55(단체)
2023-06-03,0,6,Summer,1,0,1,느티나무 셀프BBQ,BBQ55(단체)
2023-06-04,0,6,Summer,1,0,1,느티나무 셀프BBQ,BBQ55(단체)
2023-06-05,0,6,Summer,0,0,0,느티나무 셀프BBQ,BBQ55(단체)
2023-06-06,0,6,Summer,0,1,1,느티나무 셀프BBQ,BBQ55(단체)
2023-06-07,0,6,Summer,0,0,0,느티나무 셀프BBQ,BBQ55(단체)
2023-06-08,84,6,Summer,0,0,0,느티나무 셀프BBQ,BBQ55(단체)
2023-06-09,99,6,Summer,0,0,0,느티나무 셀프BBQ,BBQ55(단체)
2023-06-10,0,6,Summer,1,0,1,느티나무 셀프BBQ,BBQ55(단체)
2023-06-11,0,6,Summer,1,0,1,느티나무 셀프BBQ,BBQ55(단체)
2023-06-12,123,6,Summer,0,0,0,느티나무 셀프BBQ,BBQ55(단체)
2023-06-13,0,6,Summer,0,0,0,느티나무 셀프BBQ,BBQ55(단체)
2023-06-14,181,6,Summer,0,0,0,느티나무 셀프BBQ,BBQ55(단체)
2023-06-15,60,6,Summer,0,0,0,느티나무 셀프BBQ,BBQ55(단체)
2023-06-16,279,6,Summer,0,0,0,느티나무 셀프BBQ,BBQ55(단체)
2023-06-17,0,6,Summer,1,0,1,느티나무 셀프BBQ,BBQ55(단체)
2023-06-18,0,6,Summer,1,0,1,느티나무 셀프BBQ,BBQ55(단체)
2023-06-19,146,6,Summer,0,0,0,느티나무 셀프BBQ,BBQ55(단체)
2023-06-20,45,6,Summer,0,0,0,느티나무 셀프BBQ,BBQ55(단체)
2023-06-21,118,6,Summer,0,0,0,느티나무 셀프BBQ,BBQ55(단체)
2023-06-22,247,6,Summer,0,0,0,느티나무 셀프BBQ,BBQ55(단체)
2023-06-23,0,6,Summer,0,0,0,느티나무 셀프BBQ,BBQ55(단체)
2023-06-24,0,6,Summer,1,0,1,느티나무 셀프BBQ,BBQ55(단체)
2023-06-25,0,6,Summer,1,0,1,느티나무 셀프BBQ,BBQ55(단체)
2023-06-26,127,6,Summer,0,0,0,느티나무 셀프BBQ,BBQ55(단체)
2023-06-27,0,6,Summer,0,0,0,느티나무 셀프BBQ,BBQ55(단체)
2023-06-28,70,6,Summer,0,0,0,느티나무 셀프BBQ,BBQ55(단체)
2023-06-29,178,6,Summer,0,0,0,느티나무 셀프BBQ,BBQ55(단체)
2023-06-30,153,6,Summer,0,0,0,느티나무 셀프BBQ,BBQ55(단체)
2023-07-01,0,7,Summer,1,0,1,느티나무 셀프BBQ,BBQ55(단체)
2023-07-02,0,7,Summer,1,0,1,느티나무 셀프BBQ,BBQ55(단체)
2023-07-03,0,7,Summer,0,0,0,느티나무 셀프BBQ,BBQ55(단체)
2023-07-04,57,7,Summer,0,0,0,느티나무 셀프BBQ,BBQ55(단체)
2023-07-05,0,7,Summer,0,0,0,느티나무 셀프BBQ,BBQ55(단체)
2023-07-06,54,7,Summer,0,0,0,느티나무 셀프BBQ,BBQ55(단체)
2023-07-07,0,7,Summer,0,0,0,느티나무 셀프BBQ,BBQ55(단체)
2023-07-08,0,7,Summer,1,0,1,느티나무 셀프BBQ,BBQ55(단체)
2023-07-09,0,7,Summer,1,0,1,느티나무 셀프BBQ,BBQ55(단체)
2023-07-10,0,7,Summer,0,0,0,느티나무 셀프BBQ,BBQ55(단체)
2023-07-11,20,7,Summer,0,0,0,느티나무 셀프BBQ,BBQ55(단체)
2023-07-12,81,7,Summer,0,0,0,느티나무 셀프BBQ,BBQ55(단체)
2023-07-13,140,7,Summer,0,0,0,느티나무 셀프BBQ,BBQ55(단체)
2023-07-14,75,7,Summer,0,0,0,느티나무 셀프BBQ,BBQ55(단체)
2023-07-15,0,7,Summer,1,0,1,느티나무 셀프BBQ,BBQ55(단체)
2023-07-16,0,7,Summer,1,0,1,느티나무 셀프BBQ,BBQ55(단체)
2023-07-17,64,7,Summer,0,0,0,느티나무 셀프BBQ,BBQ55(단체)
2023-07-18,41,7,Summer,0,0,0,느티나무 셀프BBQ,BBQ55(단체)
2023-07-19,42,7,Summer,0,0,0,느티나무 셀프BBQ,BBQ55(단체)
2023-07-20,0,7,Summer,0,0,0,느티나무 셀프BBQ,BBQ55(단체)
2023-07-21,0,7,Summer,0,0,0,느티나무 셀프BBQ,BBQ55(단체)
2023-07-22,0,7,Summer,1,0,1,느티나무 셀프BBQ,BBQ55(단체)
2023-07-23,0,7,Summer,1,0,1,느티나무 셀프BBQ,BBQ55(단체)
2023-07-24,0,7,Summer,0,0,0,느티나무 셀프BBQ,BBQ55(단체)
2023-07-25,0,7,Summer,0,0,0,느티나무 셀프BBQ,BBQ55(단체)
2023-07-26,0,7,Summer,0,0,0,느티나무 셀프BBQ,BBQ55(단체)
2023-07-27,21,7,Summer,0,0,0,느티나무 셀프BBQ,BBQ55(단체)
2023-07-28,0,7,Summer,0,0,0,느티나무 셀프BBQ,BBQ55(단체)
2023-07-29,0,7,Summer,1,0,1,느티나무 셀프BBQ,BBQ55(단체)
2023-07-30,0,7,Summer,1,0,1,느티나무 셀프BBQ,BBQ55(단체)
2023-07-31,0,7,Summer,0,0,0,느티나무 셀프BBQ,BBQ55(단체)
2023-08-01,0,8,Summer,0,0,0,느티나무 셀프BBQ,BBQ55(단체)
2023-08-02,0,8,Summer,0,0,0,느티나무 셀프BBQ,BBQ55(단체)
2023-08-03,0,8,Summer,0,0,0,느티나무 셀프BBQ,BBQ55(단체)
2023-08-04,0,8,Summer,0,0,0,느티나무 셀프BBQ,BBQ55(단체)
2023-08-05,0,8,Summer,1,0,1,느티나무 셀프BBQ,BBQ55(단체)
2023-08-06,0,8,Summer,1,0,1,느티나무 셀프BBQ,BBQ55(단체)
2023-08-07,0,8,Summer,0,0,0,느티나무 셀프BBQ,BBQ55(단체)
2023-08-08,0,8,Summer,0,0,0,느티나무 셀프BBQ,BBQ55(단체)
2023-08-09,0,8,Summer,0,0,0,느티나무 셀프BBQ,BBQ55(단체)
2023-08-10,150,8,Summer,0,0,0,느티나무 셀프BBQ,BBQ55(단체)
2023-08-11,20,8,Summer,0,0,0,느티나무 셀프BBQ,BBQ55(단체)
2023-08-12,0,8,Summer,1,0,1,느티나무 셀프BBQ,BBQ55(단체)
2023-08-13,0,8,Summer,1,0,1,느티나무 셀프BBQ,BBQ55(단체)
2023-08-14,0,8,Summer,0,0,0,느티나무 셀프BBQ,BBQ55(단체)
2023-08-15,0,8,Summer,0,1,1,느티나무 셀프BBQ,BBQ55(단체)
2023-08-16,12,8,Summer,0,0,0,느티나무 셀프BBQ,BBQ55(단체)
2023-08-17,51,8,Summer,0,0,0,느티나무 셀프BBQ,BBQ55(단체)
2023-08-18,107,8,Summer,0,0,0,느티나무 셀프BBQ,BBQ55(단체)
2023-08-19,0,8,Summer,1,0,1,느티나무 셀프BBQ,BBQ55(단체)
2023-08-20,0,8,Summer,1,0,1,느티나무 셀프BBQ,BBQ55(단체)
2023-08-21,40,8,Summer,0,0,0,느티나무 셀프BBQ,BBQ55(단체)
2023-08-22,19,8,Summer,0,0,0,느티나무 셀프BBQ,BBQ55(단체)
2023-08-23,0,8,Summer,0,0,0,느티나무 셀프BBQ,BBQ55(단체)
2023-08-24,14,8,Summer,0,0,0,느티나무 셀프BBQ,BBQ55(단체)
2023-08-25,0,8,Summer,0,0,0,느티나무 셀프BBQ,BBQ55(단체)
2023-08-26,0,8,Summer,1,0,1,느티나무 셀프BBQ,BBQ55(단체)
2023-08-27,0,8,Summer,1,0,1,느티나무 셀프BBQ,BBQ55(단체)
2023-08-28,24,8,Summer,0,0,0,느티나무 셀프BBQ,BBQ55(단체)
2023-08-29,76,8,Summer,0,0,0,느티나무 셀프BBQ,BBQ55(단체)
2023-08-30,118,8,Summer,0,0,0,느티나무 셀프BBQ,BBQ55(단체)
2023-08-31,165,8,Summer,0,0,0,느티나무 셀프BBQ,BBQ55(단체)
2023-09-01,0,9,Autumn,0,0,0,느티나무 셀프BBQ,BBQ55(단체)
2023-09-02,0,9,Autumn,1,0,1,느티나무 셀프BBQ,BBQ55(단체)
2023-09-03,0,9,Autumn,1,0,1,느티나무 셀프BBQ,BBQ55(단체)
2023-09-04,0,9,Autumn,0,0,0,느티나무 셀프BBQ,BBQ55(단체)
2023-09-05,0,9,Autumn,0,0,0,느티나무 셀프BBQ,BBQ55(단체)
2023-09-06,34,9,Autumn,0,0,0,느티나무 셀프BBQ,BBQ55(단체)
2023-09-07,28,9,Autumn,0,0,0,느티나무 셀프BBQ,BBQ55(단체)
2023-09-08,25,9,Autumn,0,0,0,느티나무 셀프BBQ,BBQ55(단체)
2023-09-09,45,9,Autumn,1,0,1,느티나무 셀프BBQ,BBQ55(단체)
2023-09-10,0,9,Autumn,1,0,1,느티나무 셀프BBQ,BBQ55(단체)
2023-09-11,0,9,Autumn,0,0,0,느티나무 셀프BBQ,BBQ55(단체)
2023-09-12,52,9,Autumn,0,0,0,느티나무 셀프BBQ,BBQ55(단체)
2023-09-13,87,9,Autumn,0,0,0,느티나무 셀프BBQ,BBQ55(단체)
2023-09-14,122,9,Autumn,0,0,0,느티나무 셀프BBQ,BBQ55(단체)
2023-09-15,58,9,Autumn,0,0,0,느티나무 셀프BBQ,BBQ55(단체)
2023-09-16,0,9,Autumn,1,0,1,느티나무 셀프BBQ,BBQ55(단체)
2023-09-17,0,9,Autumn,1,0,1,느티나무 셀프BBQ,BBQ55(단체)
2023-09-18,0,9,Autumn,0,0,0,느티나무 셀프BBQ,BBQ55(단체)
2023-09-19,111,9,Autumn,0,0,0,느티나무 셀프BBQ,BBQ55(단체)
2023-09-20,87,9,Autumn,0,0,0,느티나무 셀프BBQ,BBQ55(단체)
2023-09-21,89,9,Autumn,0,0,0,느티나무 셀프BBQ,BBQ55(단체)
2023-09-22,120,9,Autumn,0,0,0,느티나무 셀프BBQ,BBQ55(단체)
2023-09-23,3,9,Autumn,1,0,1,느티나무 셀프BBQ,BBQ55(단체)
2023-09-24,0,9,Autumn,1,0,1,느티나무 셀프BBQ,BBQ55(단체)
2023-09-25,0,9,Autumn,0,0,0,느티나무 셀프BBQ,BBQ55(단체)
2023-09-26,0,9,Autumn,0,0,0,느티나무 셀프BBQ,BBQ55(단체)
2023-09-27,0,9,Autumn,0,0,0,느티나무 셀프BBQ,BBQ55(단체)
2023-09-28,0,9,Autumn,0,1,1,느티나무 셀프BBQ,BBQ55(단체)
2023-09-29,0,9,Autumn,0,1,1,느티나무 셀프BBQ,BBQ55(단체)
2023-09-30,0,9,Autumn,1,1,1,느티나무 셀프BBQ,BBQ55(단체)
2023-10-01,0,10,Autumn,1,0,1,느티나무 셀프BBQ,BBQ55(단체)
2023-10-02,0,10,Autumn,0,1,1,느티나무 셀프BBQ,BBQ55(단체)
2023-10-03,0,10,Autumn,0,1,1,느티나무 셀프BBQ,BBQ55(단체)
2023-10-04,56,10,Autumn,0,0,0,느티나무 셀프BBQ,BBQ55(단체)
2023-10-05,30,10,Autumn,0,0,0,느티나무 셀프BBQ,BBQ55(단체)
2023-10-06,59,10,Autumn,0,0,0,느티나무 셀프BBQ,BBQ55(단체)
2023-10-07,0,10,Autumn,1,0,1,느티나무 셀프BBQ,BBQ55(단체)
2023-10-08,0,10,Autumn,1,0,1,느티나무 셀프BBQ,BBQ55(단체)
2023-10-09,0,10,Autumn,0,1,1,느티나무 셀프BBQ,BBQ55(단체)
2023-10-10,125,10,Autumn,0,0,0,느티나무 셀프BBQ,BBQ55(단체)
2023-10-11,43,10,Autumn,0,0,0,느티나무 셀프BBQ,BBQ55(단체)
2023-10-12,81,10,Autumn,0,0,0,느티나무 셀프BBQ,BBQ55(단체)
2023-10-13,178,10,Autumn,0,0,0,느티나무 셀프BBQ,BBQ55(단체)
2023-10-14,0,10,Autumn,1,0,1,느티나무 셀프BBQ,BBQ55(단체)
2023-10-15,0,10,Autumn,1,0,1,느티나무 셀프BBQ,BBQ55(단체)
2023-10-16,141,10,Autumn,0,0,0,느티나무 셀프BBQ,BBQ55(단체)
2023-10-17,32,10,Autumn,0,0,0,느티나무 셀프BBQ,BBQ55(단체)
2023-10-18,109,10,Autumn,0,0,0,느티나무 셀프BBQ,BBQ55(단체)
2023-10-19,236,10,Autumn,0,0,0,느티나무 셀프BBQ,BBQ55(단체)
2023-10-20,73,10,Autumn,0,0,0,느티나무 셀프BBQ,BBQ55(단체)
2023-10-21,0,10,Autumn,1,0,1,느티나무 셀프BBQ,BBQ55(단체)
2023-10-22,0,10,Autumn,1,0,1,느티나무 셀프BBQ,BBQ55(단체)
2023-10-23,95,10,Autumn,0,0,0,느티나무 셀프BBQ,BBQ55(단체)
2023-10-24,0,10,Autumn,0,0,0,느티나무 셀프BBQ,BBQ55(단체)
2023-10-25,74,10,Autumn,0,0,0,느티나무 셀프BBQ,BBQ55(단체)
2023-10-26,52,10,Autumn,0,0,0,느티나무 셀프BBQ,BBQ55(단체)
2023-10-27,0,10,Autumn,0,0,0,느티나무 셀프BBQ,BBQ55(단체)
2023-10-28,0,10,Autumn,1,0,1,느티나무 셀프BBQ,BBQ55(단체)
2023-10-29,0,10,Autumn,1,0,1,느티나무 셀프BBQ,BBQ55(단체)
2023-10-30,0,10,Autumn,0,0,0,느티나무 셀프BBQ,BBQ55(단체)
2023-10-31,0,10,Autumn,0,0,0,느티나무 셀프BBQ,BBQ55(단체)
2023-11-01,80,11,Autumn,0,0,0,느티나무 셀프BBQ,BBQ55(단체)
2023-11-02,116,11,Autumn,0,0,0,느티나무 셀프BBQ,BBQ55(단체)
2023-11-03,77,11,Autumn,0,0,0,느티나무 셀프BBQ,BBQ55(단체)
2023-11-04,0,11,Autumn,1,0,1,느티나무 셀프BBQ,BBQ55(단체)
2023-11-05,0,11,Autumn,1,0,1,느티나무 셀프BBQ,BBQ55(단체)
2023-11-06,27,11,Autumn,0,0,0,느티나무 셀프BBQ,BBQ55(단체)
2023-11-07,25,11,Autumn,0,0,0,느티나무 셀프BBQ,BBQ55(단체)
2023-11-08,91,11,Autumn,0,0,0,느티나무 셀프BBQ,BBQ55(단체)
2023-11-09,160,11,Autumn,0,0,0,느티나무 셀프BBQ,BBQ55(단체)
2023-11-10,38,11,Autumn,0,0,0,느티나무 셀프BBQ,BBQ55(단체)
2023-11-11,0,11,Autumn,1,0,1,느티나무 셀프BBQ,BBQ55(단체)
2023-11-12,0,11,Autumn,1,0,1,느티나무 셀프BBQ,BBQ55(단체)
2023-11-13,21,11,Autumn,0,0,0,느티나무 셀프BBQ,BBQ55(단체)
2023-11-14,0,11,Autumn,0,0,0,느티나무 셀프BBQ,BBQ55(단체)
2023-11-15,22,11,Autumn,0,0,0,느티나무 셀프BBQ,BBQ55(단체)
2023-11-16,20,11,Autumn,0,0,0,느티나무 셀프BBQ,BBQ55(단체)
2023-11-17,48,11,Autumn,0,0,0,느티나무 셀프BBQ,BBQ55(단체)
2023-11-18,0,11,Autumn,1,0,1,느티나무 셀프BBQ,BBQ55(단체)
2023-11-19,0,11,Autumn,1,0,1,느티나무 셀프BBQ,BBQ55(단체)
2023-11-20,0,11,Autumn,0,0,0,느티나무 셀프BBQ,BBQ55(단체)
2023-11-21,0,11,Autumn,0,0,0,느티나무 셀프BBQ,BBQ55(단체)
2023-11-22,51,11,Autumn,0,0,0,느티나무 셀프BBQ,BBQ55(단체)
2023-11-23,24,11,Autumn,0,0,0,느티나무 셀프BBQ,BBQ55(단체)
2023-11-24,0,11,Autumn,0,0,0,느티나무 셀프BBQ,BBQ55(단체)
2023-11-25,0,11,Autumn,1,0,1,느티나무 셀프BBQ,BBQ55(단체)
2023-11-26,0,11,Autumn,1,0,1,느티나무 셀프BBQ,BBQ55(단체)
2023-11-27,113,11,Autumn,0,0,0,느티나무 셀프BBQ,BBQ55(단체)
2023-11-28,0,11,Autumn,0,0,0,느티나무 셀프BBQ,BBQ55(단체)
2023-11-29,0,11,Autumn,0,0,0,느티나무 셀프BBQ,BBQ55(단체)
2023-11-30,54,11,Autumn,0,0,0,느티나무 셀프BBQ,BBQ55(단체)
2023-12-01,0,12,Winter,0,0,0,느티나무 셀프BBQ,BBQ55(단체)
2023-12-02,0,12,Winter,1,0,1,느티나무 셀프BBQ,BBQ55(단체)
2023-12-03,0,12,Winter,1,0,1,느티나무 셀프BBQ,BBQ55(단체)
2023-12-04,0,12,Winter,0,0,0,느티나무 셀프BBQ,BBQ55(단체)
2023-12-05,0,12,Winter,0,0,0,느티나무 셀프BBQ,BBQ55(단체)
2023-12-06,72,12,Winter,0,0,0,느티나무 셀프BBQ,BBQ55(단체)
2023-12-07,147,12,Winter,0,0,0,느티나무 셀프BBQ,BBQ55(단체)
2023-12-08,102,12,Winter,0,0,0,느티나무 셀프BBQ,BBQ55(단체)
2023-12-09,0,12,Winter,1,0,1,느티나무 셀프BBQ,BBQ55(단체)
2023-12-10,0,12,Winter,1,0,1,느티나무 셀프BBQ,BBQ55(단체)
2023-12-11,76,12,Winter,0,0,0,느티나무 셀프BBQ,BBQ55(단체)
2023-12-12,0,12,Winter,0,0,0,느티나무 셀프BBQ,BBQ55(단체)
2023-12-13,0,12,Winter,0,0,0,느티나무 셀프BBQ,BBQ55(단체)
2023-12-14,150,12,Winter,0,0,0,느티나무 셀프BBQ,BBQ55(단체)
2023-12-15,0,12,Winter,0,0,0,느티나무 셀프BBQ,BBQ55(단체)
2023-12-16,0,12,Winter,1,0,1,느티나무 셀프BBQ,BBQ55(단체)
2023-12-17,0,12,Winter,1,0,1,느티나무 셀프BBQ,BBQ55(단체)
2023-12-18,0,12,Winter,0,0,0,느티나무 셀프BBQ,BBQ55(단체)
2023-12-19,48,12,Winter,0,0,0,느티나무 셀프BBQ,BBQ55(단체)
2023-12-20,0,12,Winter,0,0,0,느티나무 셀프BBQ,BBQ55(단체)
2023-12-21,0,12,Winter,0,0,0,느티나무 셀프BBQ,BBQ55(단체)
2023-12-22,23,12,Winter,0,0,0,느티나무 셀프BBQ,BBQ55(단체)
2023-12-23,0,12,Winter,1,0,1,느티나무 셀프BBQ,BBQ55(단체)
2023-12-24,0,12,Winter,1,0,1,느티나무 셀프BBQ,BBQ55(단체)
2023-12-25,0,12,Winter,0,1,1,느티나무 셀프BBQ,BBQ55(단체)
2023-12-26,0,12,Winter,0,0,0,느티나무 셀프BBQ,BBQ55(단체)
2023-12-27,0,12,Winter,0,0,0,느티나무 셀프BBQ,BBQ55(단체)
2023-12-28,0,12,Winter,0,0,0,느티나무 셀프BBQ,BBQ55(단체)
2023-12-29,0,12,Winter,0,0,0,느티나무 셀프BBQ,BBQ55(단체)
2023-12-30,0,12,Winter,1,0,1,느티나무 셀프BBQ,BBQ55(단체)
2023-12-31,0,12,Winter,1,0,1,느티나무 셀프BBQ,BBQ55(단체)
2024-01-01,0,1,Winter,0,1,1,느티나무 셀프BBQ,BBQ55(단체)
2024-01-02,0,1,Winter,0,0,0,느티나무 셀프BBQ,BBQ55(단체)
2024-01-03,0,1,Winter,0,0,0,느티나무 셀프BBQ,BBQ55(단체)
2024-01-04,0,1,Winter,0,0,0,느티나무 셀프BBQ,BBQ55(단체)
2024-01-05,0,1,Winter,0,0,0,느티나무 셀프BBQ,BBQ55(단체)
2024-01-06,0,1,Winter,1,0,1,느티나무 셀프BBQ,BBQ55(단체)
2024-01-07,0,1,Winter,1,0,1,느티나무 셀프BBQ,BBQ55(단체)
2024-01-08,0,1,Winter,0,0,0,느티나무 셀프BBQ,BBQ55(단체)
2024-01-09,0,1,Winter,0,0,0,느티나무 셀프BBQ,BBQ55(단체)
2024-01-10,0,1,Winter,0,0,0,느티나무 셀프BBQ,BBQ55(단체)
2024-01-11,0,1,Winter,0,0,0,느티나무 셀프BBQ,BBQ55(단체)
2024-01-12,0,1,Winter,0,0,0,느티나무 셀프BBQ,BBQ55(단체)
2024-01-13,0,1,Winter,1,0,1,느티나무 셀프BBQ,BBQ55(단체)
2024-01-14,0,1,Winter,1,0,1,느티나무 셀프BBQ,BBQ55(단체)
2024-01-15,0,1,Winter,0,0,0,느티나무 셀프BBQ,BBQ55(단체)
2024-01-16,0,1,Winter,0,0,0,느티나무 셀프BBQ,BBQ55(단체)
2024-01-17,0,1,Winter,0,0,0,느티나무 셀프BBQ,BBQ55(단체)
2024-01-18,0,1,Winter,0,0,0,느티나무 셀프BBQ,BBQ55(단체)
2024-01-19,0,1,Winter,0,0,0,느티나무 셀프BBQ,BBQ55(단체)
2024-01-20,0,1,Winter,1,0,1,느티나무 셀프BBQ,BBQ55(단체)
2024-01-21,0,1,Winter,1,0,1,느티나무 셀프BBQ,BBQ55(단체)
2024-01-22,0,1,Winter,0,0,0,느티나무 셀프BBQ,BBQ55(단체)
2024-01-23,0,1,Winter,0,0,0,느티나무 셀프BBQ,BBQ55(단체)
2024-01-24,0,1,Winter,0,0,0,느티나무 셀프BBQ,BBQ55(단체)
2024-01-25,0,1,Winter,0,0,0,느티나무 셀프BBQ,BBQ55(단체)
2024-01-26,0,1,Winter,0,0,0,느티나무 셀프BBQ,BBQ55(단체)
2024-01-27,0,1,Winter,1,0,1,느티나무 셀프BBQ,BBQ55(단체)
2024-01-28,0,1,Winter,1,0,1,느티나무 셀프BBQ,BBQ55(단체)
2024-01-29,0,1,Winter,0,0,0,느티나무 셀프BBQ,BBQ55(단체)
2024-01-30,0,1,Winter,0,0,0,느티나무 셀프BBQ,BBQ55(단체)
2024-01-31,0,1,Winter,0,0,0,느티나무 셀프BBQ,BBQ55(단체)
2024-02-01,0,2,Winter,0,0,0,느티나무 셀프BBQ,BBQ55(단체)
2024-02-02,0,2,Winter,0,0,0,느티나무 셀프BBQ,BBQ55(단체)
2024-02-03,0,2,Winter,1,0,1,느티나무 셀프BBQ,BBQ55(단체)
2024-02-04,0,2,Winter,1,0,1,느티나무 셀프BBQ,BBQ55(단체)
2024-02-05,0,2,Winter,0,0,0,느티나무 셀프BBQ,BBQ55(단체)
2024-02-06,0,2,Winter,0,0,0,느티나무 셀프BBQ,BBQ55(단체)
2024-02-07,0,2,Winter,0,0,0,느티나무 셀프BBQ,BBQ55(단체)
2024-02-08,0,2,Winter,0,0,0,느티나무 셀프BBQ,BBQ55(단체)
2024-02-09,0,2,Winter,0,1,1,느티나무 셀프BBQ,BBQ55(단체)
2024-02-10,0,2,Winter,1,1,1,느티나무 셀프BBQ,BBQ55(단체)
2024-02-11,0,2,Winter,1,1,1,느티나무 셀프BBQ,BBQ55(단체)
2024-02-12,0,2,Winter,0,1,1,느티나무 셀프BBQ,BBQ55(단체)
2024-02-13,0,2,Winter,0,0,0,느티나무 셀프BBQ,BBQ55(단체)
2024-02-14,0,2,Winter,0,0,0,느티나무 셀프BBQ,BBQ55(단체)
2024-02-15,0,2,Winter,0,0,0,느티나무 셀프BBQ,BBQ55(단체)
2024-02-16,0,2,Winter,0,0,0,느티나무 셀프BBQ,BBQ55(단체)
2024-02-17,0,2,Winter,1,0,1,느티나무 셀프BBQ,BBQ55(단체)
2024-02-18,0,2,Winter,1,0,1,느티나무 셀프BBQ,BBQ55(단체)
2024-02-19,0,2,Winter,0,0,0,느티나무 셀프BBQ,BBQ55(단체)
2024-02-20,0,2,Winter,0,0,0,느티나무 셀프BBQ,BBQ55(단체)
2024-02-21,0,2,Winter,0,0,0,느티나무 셀프BBQ,BBQ55(단체)
2024-02-22,0,2,Winter,0,0,0,느티나무 셀프BBQ,BBQ55(단체)
2024-02-23,0,2,Winter,0,0,0,느티나무 셀프BBQ,BBQ55(단체)
2024-02-24,0,2,Winter,1,0,1,느티나무 셀프BBQ,BBQ55(단체)
2024-02-25,0,2,Winter,1,0,1,느티나무 셀프BBQ,BBQ55(단체)
2024-02-26,0,2,Winter,0,0,0,느티나무 셀프BBQ,BBQ55(단체)
2024-02-27,0,2,Winter,0,0,0,느티나무 셀프BBQ,BBQ55(단체)
2024-02-28,0,2,Winter,0,0,0,느티나무 셀프BBQ,BBQ55(단체)
2024-02-29,0,2,Winter,0,0,0,느티나무 셀프BBQ,BBQ55(단체)
2024-03-01,0,3,Spring,0,1,1,느티나무 셀프BBQ,BBQ55(단체)
2024-03-02,0,3,Spring,1,0,1,느티나무 셀프BBQ,BBQ55(단체)
2024-03-03,0,3,Spring,1,0,1,느티나무 셀프BBQ,BBQ55(단체)
2024-03-04,0,3,Spring,0,0,0,느티나무 셀프BBQ,BBQ55(단체)
2024-03-05,0,3,Spring,0,0,0,느티나무 셀프BBQ,BBQ55(단체)
2024-03-06,0,3,Spring,0,0,0,느티나무 셀프BBQ,BBQ55(단체)
2024-03-07,0,3,Spring,0,0,0,느티나무 셀프BBQ,BBQ55(단체)
2024-03-08,0,3,Spring,0,0,0,느티나무 셀프BBQ,BBQ55(단체)
2024-03-09,0,3,Spring,1,0,1,느티나무 셀프BBQ,BBQ55(단체)
2024-03-10,0,3,Spring,1,0,1,느티나무 셀프BBQ,BBQ55(단체)
2024-03-11,0,3,Spring,0,0,0,느티나무 셀프BBQ,BBQ55(단체)
2024-03-12,0,3,Spring,0,0,0,느티나무 셀프BBQ,BBQ55(단체)
2024-03-13,0,3,Spring,0,0,0,느티나무 셀프BBQ,BBQ55(단체)
2024-03-14,67,3,Spring,0,0,0,느티나무 셀프BBQ,BBQ55(단체)
2024-03-15,0,3,Spring,0,0,0,느티나무 셀프BBQ,BBQ55(단체)
2024-03-16,0,3,Spring,1,0,1,느티나무 셀프BBQ,BBQ55(단체)
2024-03-17,0,3,Spring,1,0,1,느티나무 셀프BBQ,BBQ55(단체)
2024-03-18,20,3,Spring,0,0,0,느티나무 셀프BBQ,BBQ55(단체)
2024-03-19,56,3,Spring,0,0,0,느티나무 셀프BBQ,BBQ55(단체)
2024-03-20,46,3,Spring,0,0,0,느티나무 셀프BBQ,BBQ55(단체)
2024-03-21,151,3,Spring,0,0,0,느티나무 셀프BBQ,BBQ55(단체)
2024-03-22,59,3,Spring,0,0,0,느티나무 셀프BBQ,BBQ55(단체)
2024-03-23,0,3,Spring,1,0,1,느티나무 셀프BBQ,BBQ55(단체)
2024-03-24,0,3,Spring,1,0,1,느티나무 셀프BBQ,BBQ55(단체)
2024-03-25,0,3,Spring,0,0,0,느티나무 셀프BBQ,BBQ55(단체)
2024-03-26,0,3,Spring,0,0,0,느티나무 셀프BBQ,BBQ55(단체)
2024-03-27,28,3,Spring,0,0,0,느티나무 셀프BBQ,BBQ55(단체)
2024-03-28,100,3,Spring,0,0,0,느티나무 셀프BBQ,BBQ55(단체)
2024-03-29,36,3,Spring,0,0,0,느티나무 셀프BBQ,BBQ55(단체)
2024-03-30,0,3,Spring,1,0,1,느티나무 셀프BBQ,BBQ55(단체)
2024-03-31,0,3,Spring,1,0,1,느티나무 셀프BBQ,BBQ55(단체)
2024-04-01,0,4,Spring,0,0,0,느티나무 셀프BBQ,BBQ55(단체)
2024-04-02,0,4,Spring,0,0,0,느티나무 셀프BBQ,BBQ55(단체)
2024-04-03,0,4,Spring,0,0,0,느티나무 셀프BBQ,BBQ55(단체)
2024-04-04,0,4,Spring,0,0,0,느티나무 셀프BBQ,BBQ55(단체)
2024-04-05,0,4,Spring,0,0,0,느티나무 셀프BBQ,BBQ55(단체)
2024-04-06,0,4,Spring,1,0,1,느티나무 셀프BBQ,BBQ55(단체)
2024-04-07,0,4,Spring,1,0,1,느티나무 셀프BBQ,BBQ55(단체)
2024-04-08,0,4,Spring,0,0,0,느티나무 셀프BBQ,BBQ55(단체)
2024-04-09,0,4,Spring,0,0,0,느티나무 셀프BBQ,BBQ55(단체)
2024-04-10,0,4,Spring,0,1,1,느티나무 셀프BBQ,BBQ55(단체)
2024-04-11,47,4,Spring,0,0,0,느티나무 셀프BBQ,BBQ55(단체)
2024-04-12,128,4,Spring,0,0,0,느티나무 셀프BBQ,BBQ55(단체)
2024-04-13,0,4,Spring,1,0,1,느티나무 셀프BBQ,BBQ55(단체)
2024-04-14,0,4,Spring,1,0,1,느티나무 셀프BBQ,BBQ55(단체)
2024-04-15,0,4,Spring,0,0,0,느티나무 셀프BBQ,BBQ55(단체)
2024-04-16,69,4,Spring,0,0,0,느티나무 셀프BBQ,BBQ55(단체)
2024-04-17,0,4,Spring,0,0,0,느티나무 셀프BBQ,BBQ55(단체)
2024-04-18,214,4,Spring,0,0,0,느티나무 셀프BBQ,BBQ55(단체)
2024-04-19,0,4,Spring,0,0,0,느티나무 셀프BBQ,BBQ55(단체)
2024-04-20,0,4,Spring,1,0,1,느티나무 셀프BBQ,BBQ55(단체)
2024-04-21,0,4,Spring,1,0,1,느티나무 셀프BBQ,BBQ55(단체)
2024-04-22,63,4,Spring,0,0,0,느티나무 셀프BBQ,BBQ55(단체)
2024-04-23,0,4,Spring,0,0,0,느티나무 셀프BBQ,BBQ55(단체)
2024-04-24,0,4,Spring,0,0,0,느티나무 셀프BBQ,BBQ55(단체)
2024-04-25,144,4,Spring,0,0,0,느티나무 셀프BBQ,BBQ55(단체)
2024-04-26,175,4,Spring,0,0,0,느티나무 셀프BBQ,BBQ55(단체)
2024-04-27,0,4,Spring,1,0,1,느티나무 셀프BBQ,BBQ55(단체)
2024-04-28,0,4,Spring,1,0,1,느티나무 셀프BBQ,BBQ55(단체)
2024-04-29,39,4,Spring,0,0,0,느티나무 셀프BBQ,BBQ55(단체)
2024-04-30,0,4,Spring,0,0,0,느티나무 셀프BBQ,BBQ55(단체)
2024-05-01,0,5,Spring,0,0,0,느티나무 셀프BBQ,BBQ55(단체)
2024-05-02,0,5,Spring,0,0,0,느티나무 셀프BBQ,BBQ55(단체)
2024-05-03,0,5,Spring,0,0,0,느티나무 셀프BBQ,BBQ55(단체)
2024-05-04,0,5,Spring,1,0,1,느티나무 셀프BBQ,BBQ55(단체)
2024-05-05,0,5,Spring,1,1,1,느티나무 셀프BBQ,BBQ55(단체)
2024-05-06,0,5,Spring,0,1,1,느티나무 셀프BBQ,BBQ55(단체)
2024-05-07,0,5,Spring,0,0,0,느티나무 셀프BBQ,BBQ55(단체)
2024-05-08,62,5,Spring,0,0,0,느티나무 셀프BBQ,BBQ55(단체)
2024-05-09,111,5,Spring,0,0,0,느티나무 셀프BBQ,BBQ55(단체)
2024-05-10,20,5,Spring,0,0,0,느티나무 셀프BBQ,BBQ55(단체)
2024-05-11,0,5,Spring,1,0,1,느티나무 셀프BBQ,BBQ55(단체)
2024-05-12,0,5,Spring,1,0,1,느티나무 셀프BBQ,BBQ55(단체)
2024-05-13,0,5,Spring,0,0,0,느티나무 셀프BBQ,BBQ55(단체)
2024-05-14,0,5,Spring,0,0,0,느티나무 셀프BBQ,BBQ55(단체)
2024-05-15,0,5,Spring,0,1,1,느티나무 셀프BBQ,BBQ55(단체)
2024-05-16,94,5,Spring,0,0,0,느티나무 셀프BBQ,BBQ55(단체)
2024-05-17,47,5,Spring,0,0,0,느티나무 셀프BBQ,BBQ55(단체)
2024-05-18,0,5,Spring,1,0,1,느티나무 셀프BBQ,BBQ55(단체)
2024-05-19,0,5,Spring,1,0,1,느티나무 셀프BBQ,BBQ55(단체)
2024-05-20,0,5,Spring,0,0,0,느티나무 셀프BBQ,BBQ55(단체)
2024-05-21,0,5,Spring,0,0,0,느티나무 셀프BBQ,BBQ55(단체)
2024-05-22,32,5,Spring,0,0,0,느티나무 셀프BBQ,BBQ55(단체)
2024-05-23,143,5,Spring,0,0,0,느티나무 셀프BBQ,BBQ55(단체)
2024-05-24,71,5,Spring,0,0,0,느티나무 셀프BBQ,BBQ55(단체)
2024-05-25,0,5,Spring,1,0,1,느티나무 셀프BBQ,BBQ55(단체)
2024-05-26,0,5,Spring,1,0,1,느티나무 셀프BBQ,BBQ55(단체)
2024-05-27,0,5,Spring,0,0,0,느티나무 셀프BBQ,BBQ55(단체)
2024-05-28,27,5,Spring,0,0,0,느티나무 셀프BBQ,BBQ55(단체)
2024-05-29,38,5,Spring,0,0,0,느티나무 셀프BBQ,BBQ55(단체)
2024-05-30,72,5,Spring,0,0,0,느티나무 셀프BBQ,BBQ55(단체)
2024-05-31,86,5,Spring,0,0,0,느티나무 셀프BBQ,BBQ55(단체)
2024-06-01,0,6,Summer,1,0,1,느티나무 셀프BBQ,BBQ55(단체)
2024-06-02,0,6,Summer,1,0,1,느티나무 셀프BBQ,BBQ55(단체)
2024-06-03,0,6,Summer,0,0,0,느티나무 셀프BBQ,BBQ55(단체)
2024-06-04,0,6,Summer,0,0,0,느티나무 셀프BBQ,BBQ55(단체)
2024-06-05,160,6,Summer,0,0,0,느티나무 셀프BBQ,BBQ55(단체)
2024-06-06,0,6,Summer,0,1,1,느티나무 셀프BBQ,BBQ55(단체)
2024-06-07,0,6,Summer,0,0,0,느티나무 셀프BBQ,BBQ55(단체)
2024-06-08,0,6,Summer,1,0,1,느티나무 셀프BBQ,BBQ55(단체)
2024-06-09,0,6,Summer,1,0,1,느티나무 셀프BBQ,BBQ55(단체)
2024-06-10,134,6,Summer,0,0,0,느티나무 셀프BBQ,BBQ55(단체)
2024-06-11,67,6,Summer,0,0,0,느티나무 셀프BBQ,BBQ55(단체)
2024-06-12,94,6,Summer,0,0,0,느티나무 셀프BBQ,BBQ55(단체)
2024-06-13,111,6,Summer,0,0,0,느티나무 셀프BBQ,BBQ55(단체)
2024-06-14,122,6,Summer,0,0,0,느티나무 셀프BBQ,BBQ55(단체)
2024-06-15,76,6,Summer,1,0,1,느티나무 셀프BBQ,BBQ55(단체)
2023-01-01,9,1,Winter,1,1,1,느티나무 셀프BBQ,"대여료 30,000원"
2023-01-02,2,1,Winter,0,0,0,느티나무 셀프BBQ,"대여료 30,000원"
2023-01-03,2,1,Winter,0,0,0,느티나무 셀프BBQ,"대여료 30,000원"
2023-01-04,3,1,Winter,0,0,0,느티나무 셀프BBQ,"대여료 30,000원"
2023-01-05,6,1,Winter,0,0,0,느티나무 셀프BBQ,"대여료 30,000원"
2023-01-06,7,1,Winter,0,0,0,느티나무 셀프BBQ,"대여료 30,000원"
2023-01-07,8,1,Winter,1,0,1,느티나무 셀프BBQ,"대여료 30,000원"
2023-01-08,5,1,Winter,1,0,1,느티나무 셀프BBQ,"대여료 30,000원"
2023-01-09,5,1,Winter,0,0,0,느티나무 셀프BBQ,"대여료 30,000원"
2023-01-10,7,1,Winter,0,0,0,느티나무 셀프BBQ,"대여료 30,000원"
2023-01-11,11,1,Winter,0,0,0,느티나무 셀프BBQ,"대여료 30,000원"
2023-01-12,10,1,Winter,0,0,0,느티나무 셀프BBQ,"대여료 30,000원"
2023-01-13,3,1,Winter,0,0,0,느티나무 셀프BBQ,"대여료 30,000원"
2023-01-14,6,1,Winter,1,0,1,느티나무 셀프BBQ,"대여료 30,000원"
2023-01-15,12,1,Winter,1,0,1,느티나무 셀프BBQ,"대여료 30,000원"
2023-01-16,2,1,Winter,0,0,0,느티나무 셀프BBQ,"대여료 30,000원"
2023-01-17,1,1,Winter,0,0,0,느티나무 셀프BBQ,"대여료 30,000원"
2023-01-18,4,1,Winter,0,0,0,느티나무 셀프BBQ,"대여료 30,000원"
2023-01-19,1,1,Winter,0,0,0,느티나무 셀프BBQ,"대여료 30,000원"
2023-01-20,4,1,Winter,0,0,0,느티나무 셀프BBQ,"대여료 30,000원"
2023-01-21,5,1,Winter,1,1,1,느티나무 셀프BBQ,"대여료 30,000원"
2023-01-22,7,1,Winter,1,1,1,느티나무 셀프BBQ,"대여료 30,000원"
2023-01-23,6,1,Winter,0,1,1,느티나무 셀프BBQ,"대여료 30,000원"
2023-01-24,6,1,Winter,0,1,1,느티나무 셀프BBQ,"대여료 30,000원"
2023-01-25,2,1,Winter,0,0,0,느티나무 셀프BBQ,"대여료 30,000원"
2023-01-26,2,1,Winter,0,0,0,느티나무 셀프BBQ,"대여료 30,000원"
2023-01-27,7,1,Winter,0,0,0,느티나무 셀프BBQ,"대여료 30,000원"
2023-01-28,3,1,Winter,1,0,1,느티나무 셀프BBQ,"대여료 30,000원"
2023-01-29,9,1,Winter,1,0,1,느티나무 셀프BBQ,"대여료 30,000원"
2023-01-30,7,1,Winter,0,0,0,느티나무 셀프BBQ,"대여료 30,000원"
2023-01-31,4,1,Winter,0,0,0,느티나무 셀프BBQ,"대여료 30,000원"
2023-02-01,6,2,Winter,0,0,0,느티나무 셀프BBQ,"대여료 30,000원"
2023-02-02,3,2,Winter,0,0,0,느티나무 셀프BBQ,"대여료 30,000원"
2023-02-03,8,2,Winter,0,0,0,느티나무 셀프BBQ,"대여료 30,000원"
2023-02-04,3,2,Winter,1,0,1,느티나무 셀프BBQ,"대여료 30,000원"
2023-02-05,9,2,Winter,1,0,1,느티나무 셀프BBQ,"대여료 30,000원"
2023-02-06,4,2,Winter,0,0,0,느티나무 셀프BBQ,"대여료 30,000원"
2023-02-07,2,2,Winter,0,0,0,느티나무 셀프BBQ,"대여료 30,000원"
2023-02-08,3,2,Winter,0,0,0,느티나무 셀프BBQ,"대여료 30,000원"
2023-02-09,1,2,Winter,0,0,0,느티나무 셀프BBQ,"대여료 30,000원"
2023-02-10,4,2,Winter,0,0,0,느티나무 셀프BBQ,"대여료 30,000원"
2023-02-11,5,2,Winter,1,0,1,느티나무 셀프BBQ,"대여료 30,000원"
2023-02-12,7,2,Winter,1,0,1,느티나무 셀프BBQ,"대여료 30,000원"
2023-02-13,5,2,Winter,0,0,0,느티나무 셀프BBQ,"대여료 30,000원"
2023-02-14,4,2,Winter,0,0,0,느티나무 셀프BBQ,"대여료 30,000원"
2023-02-15,0,2,Winter,0,0,0,느티나무 셀프BBQ,"대여료 30,000원"
2023-02-16,5,2,Winter,0,0,0,느티나무 셀프BBQ,"대여료 30,000원"
2023-02-17,5,2,Winter,0,0,0,느티나무 셀프BBQ,"대여료 30,000원"
2023-02-18,5,2,Winter,1,0,1,느티나무 셀프BBQ,"대여료 30,000원"
2023-02-19,7,2,Winter,1,0,1,느티나무 셀프BBQ,"대여료 30,000원"
2023-02-20,4,2,Winter,0,0,0,느티나무 셀프BBQ,"대여료 30,000원"
2023-02-21,6,2,Winter,0,0,0,느티나무 셀프BBQ,"대여료 30,000원"
2023-02-22,5,2,Winter,0,0,0,느티나무 셀프BBQ,"대여료 30,000원"
2023-02-23,5,2,Winter,0,0,0,느티나무 셀프BBQ,"대여료 30,000원"
2023-02-24,8,2,Winter,0,0,0,느티나무 셀프BBQ,"대여료 30,000원"
2023-02-25,4,2,Winter,1,0,1,느티나무 셀프BBQ,"대여료 30,000원"
2023-02-26,4,2,Winter,1,0,1,느티나무 셀프BBQ,"대여료 30,000원"
2023-02-27,6,2,Winter,0,0,0,느티나무 셀프BBQ,"대여료 30,000원"
2023-02-28,4,2,Winter,0,0,0,느티나무 셀프BBQ,"대여료 30,000원"
2023-03-01,0,3,Spring,0,1,1,느티나무 셀프BBQ,"대여료 30,000원"
2023-03-02,0,3,Spring,0,0,0,느티나무 셀프BBQ,"대여료 30,000원"
2023-03-03,0,3,Spring,0,0,0,느티나무 셀프BBQ,"대여료 30,000원"
2023-03-04,0,3,Spring,1,0,1,느티나무 셀프BBQ,"대여료 30,000원"
2023-03-05,0,3,Spring,1,0,1,느티나무 셀프BBQ,"대여료 30,000원"
2023-03-06,0,3,Spring,0,0,0,느티나무 셀프BBQ,"대여료 30,000원"
2023-03-07,0,3,Spring,0,0,0,느티나무 셀프BBQ,"대여료 30,000원"
2023-03-08,0,3,Spring,0,0,0,느티나무 셀프BBQ,"대여료 30,000원"
2023-03-09,0,3,Spring,0,0,0,느티나무 셀프BBQ,"대여료 30,000원"
2023-03-10,6,3,Spring,0,0,0,느티나무 셀프BBQ,"대여료 30,000원"
2023-03-11,7,3,Spring,1,0,1,느티나무 셀프BBQ,"대여료 30,000원"
2023-03-12,3,3,Spring,1,0,1,느티나무 셀프BBQ,"대여료 30,000원"
2023-03-13,0,3,Spring,0,0,0,느티나무 셀프BBQ,"대여료 30,000원"
2023-03-14,0,3,Spring,0,0,0,느티나무 셀프BBQ,"대여료 30,000원"
2023-03-15,0,3,Spring,0,0,0,느티나무 셀프BBQ,"대여료 30,000원"
2023-03-16,1,3,Spring,0,0,0,느티나무 셀프BBQ,"대여료 30,000원"
2023-03-17,4,3,Spring,0,0,0,느티나무 셀프BBQ,"대여료 30,000원"
2023-03-18,14,3,Spring,1,0,1,느티나무 셀프BBQ,"대여료 30,000원"
2023-03-19,4,3,Spring,1,0,1,느티나무 셀프BBQ,"대여료 30,000원"
2023-03-20,2,3,Spring,0,0,0,느티나무 셀프BBQ,"대여료 30,000원"
2023-03-21,0,3,Spring,0,0,0,느티나무 셀프BBQ,"대여료 30,000원"
2023-03-22,4,3,Spring,0,0,0,느티나무 셀프BBQ,"대여료 30,000원"
2023-03-23,0,3,Spring,0,0,0,느티나무 셀프BBQ,"대여료 30,000원"
2023-03-24,10,3,Spring,0,0,0,느티나무 셀프BBQ,"대여료 30,000원"
2023-03-25,10,3,Spring,1,0,1,느티나무 셀프BBQ,"대여료 30,000원"
2023-03-26,12,3,Spring,1,0,1,느티나무 셀프BBQ,"대여료 30,000원"
2023-03-27,0,3,Spring,0,0,0,느티나무 셀프BBQ,"대여료 30,000원"
2023-03-28,0,3,Spring,0,0,0,느티나무 셀프BBQ,"대여료 30,000원"
2023-03-29,0,3,Spring,0,0,0,느티나무 셀프BBQ,"대여료 30,000원"
2023-03-30,0,3,Spring,0,0,0,느티나무 셀프BBQ,"대여료 30,000원"
2023-03-31,9,3,Spring,0,0,0,느티나무 셀프BBQ,"대여료 30,000원"
2023-04-01,8,4,Spring,1,0,1,느티나무 셀프BBQ,"대여료 30,000원"
2023-04-02,8,4,Spring,1,0,1,느티나무 셀프BBQ,"대여료 30,000원"
2023-04-03,0,4,Spring,0,0,0,느티나무 셀프BBQ,"대여료 30,000원"
2023-04-04,3,4,Spring,0,0,0,느티나무 셀프BBQ,"대여료 30,000원"
2023-04-05,2,4,Spring,0,0,0,느티나무 셀프BBQ,"대여료 30,000원"
2023-04-06,0,4,Spring,0,0,0,느티나무 셀프BBQ,"대여료 30,000원"
2023-04-07,8,4,Spring,0,0,0,느티나무 셀프BBQ,"대여료 30,000원"
2023-04-08,15,4,Spring,1,0,1,느티나무 셀프BBQ,"대여료 30,000원"
2023-04-09,7,4,Spring,1,0,1,느티나무 셀프BBQ,"대여료 30,000원"
2023-04-10,0,4,Spring,0,0,0,느티나무 셀프BBQ,"대여료 30,000원"
2023-04-11,2,4,Spring,0,0,0,느티나무 셀프BBQ,"대여료 30,000원"
2023-04-12,0,4,Spring,0,0,0,느티나무 셀프BBQ,"대여료 30,000원"
2023-04-13,1,4,Spring,0,0,0,느티나무 셀프BBQ,"대여료 30,000원"
2023-04-14,14,4,Spring,0,0,0,느티나무 셀프BBQ,"대여료 30,000원"
2023-04-15,18,4,Spring,1,0,1,느티나무 셀프BBQ,"대여료 30,000원"
2023-04-16,6,4,Spring,1,0,1,느티나무 셀프BBQ,"대여료 30,000원"
2023-04-17,0,4,Spring,0,0,0,느티나무 셀프BBQ,"대여료 30,000원"
2023-04-18,3,4,Spring,0,0,0,느티나무 셀프BBQ,"대여료 30,000원"
2023-04-19,0,4,Spring,0,0,0,느티나무 셀프BBQ,"대여료 30,000원"
2023-04-20,0,4,Spring,0,0,0,느티나무 셀프BBQ,"대여료 30,000원"
2023-04-21,8,4,Spring,0,0,0,느티나무 셀프BBQ,"대여료 30,000원"
2023-04-22,11,4,Spring,1,0,1,느티나무 셀프BBQ,"대여료 30,000원"
2023-04-23,6,4,Spring,1,0,1,느티나무 셀프BBQ,"대여료 30,000원"
2023-04-24,0,4,Spring,0,0,0,느티나무 셀프BBQ,"대여료 30,000원"
2023-04-25,0,4,Spring,0,0,0,느티나무 셀프BBQ,"대여료 30,000원"
2023-04-26,1,4,Spring,0,0,0,느티나무 셀프BBQ,"대여료 30,000원"
2023-04-27,0,4,Spring,0,0,0,느티나무 셀프BBQ,"대여료 30,000원"
2023-04-28,0,4,Spring,0,0,0,느티나무 셀프BBQ,"대여료 30,000원"
2023-04-29,9,4,Spring,1,0,1,느티나무 셀프BBQ,"대여료 30,000원"
2023-04-30,14,4,Spring,1,0,1,느티나무 셀프BBQ,"대여료 30,000원"
2023-05-01,3,5,Spring,0,0,0,느티나무 셀프BBQ,"대여료 30,000원"
2023-05-02,0,5,Spring,0,0,0,느티나무 셀프BBQ,"대여료 30,000원"
2023-05-03,3,5,Spring,0,0,0,느티나무 셀프BBQ,"대여료 30,000원"
2023-05-04,11,5,Spring,0,0,0,느티나무 셀프BBQ,"대여료 30,000원"
2023-05-05,11,5,Spring,0,1,1,느티나무 셀프BBQ,"대여료 30,000원"
2023-05-06,14,5,Spring,1,0,1,느티나무 셀프BBQ,"대여료 30,000원"
2023-05-07,6,5,Spring,1,0,1,느티나무 셀프BBQ,"대여료 30,000원"
2023-05-08,0,5,Spring,0,0,0,느티나무 셀프BBQ,"대여료 30,000원"
2023-05-09,1,5,Spring,0,0,0,느티나무 셀프BBQ,"대여료 30,000원"
2023-05-10,2,5,Spring,0,0,0,느티나무 셀프BBQ,"대여료 30,000원"
2023-05-11,0,5,Spring,0,0,0,느티나무 셀프BBQ,"대여료 30,000원"
2023-05-12,0,5,Spring,0,0,0,느티나무 셀프BBQ,"대여료 30,000원"
2023-05-13,13,5,Spring,1,0,1,느티나무 셀프BBQ,"대여료 30,000원"
2023-05-14,5,5,Spring,1,0,1,느티나무 셀프BBQ,"대여료 30,000원"
2023-05-15,0,5,Spring,0,0,0,느티나무 셀프BBQ,"대여료 30,000원"
2023-05-16,1,5,Spring,0,0,0,느티나무 셀프BBQ,"대여료 30,000원"
2023-05-17,2,5,Spring,0,0,0,느티나무 셀프BBQ,"대여료 30,000원"
2023-05-18,0,5,Spring,0,0,0,느티나무 셀프BBQ,"대여료 30,000원"
2023-05-19,5,5,Spring,0,0,0,느티나무 셀프BBQ,"대여료 30,000원"
2023-05-20,7,5,Spring,1,0,1,느티나무 셀프BBQ,"대여료 30,000원"
2023-05-21,7,5,Spring,1,0,1,느티나무 셀프BBQ,"대여료 30,000원"
2023-05-22,0,5,Spring,0,0,0,느티나무 셀프BBQ,"대여료 30,000원"
2023-05-23,0,5,Spring,0,0,0,느티나무 셀프BBQ,"대여료 30,000원"
2023-05-24,0,5,Spring,0,0,0,느티나무 셀프BBQ,"대여료 30,000원"
2023-05-25,0,5,Spring,0,0,0,느티나무 셀프BBQ,"대여료 30,000원"
2023-05-26,11,5,Spring,0,0,0,느티나무 셀프BBQ,"대여료 30,000원"
2023-05-27,12,5,Spring,1,1,1,느티나무 셀프BBQ,"대여료 30,000원"
2023-05-28,12,5,Spring,1,0,1,느티나무 셀프BBQ,"대여료 30,000원"
2023-05-29,4,5,Spring,0,1,1,느티나무 셀프BBQ,"대여료 30,000원"
2023-05-30,0,5,Spring,0,0,0,느티나무 셀프BBQ,"대여료 30,000원"
2023-05-31,1,5,Spring,0,0,0,느티나무 셀프BBQ,"대여료 30,000원"
2023-06-01,0,6,Summer,0,0,0,느티나무 셀프BBQ,"대여료 30,000원"
2023-06-02,6,6,Summer,0,0,0,느티나무 셀프BBQ,"대여료 30,000원"
2023-06-03,14,6,Summer,1,0,1,느티나무 셀프BBQ,"대여료 30,000원"
2023-06-04,20,6,Summer,1,0,1,느티나무 셀프BBQ,"대여료 30,000원"
2023-06-05,10,6,Summer,0,0,0,느티나무 셀프BBQ,"대여료 30,000원"
2023-06-06,10,6,Summer,0,1,1,느티나무 셀프BBQ,"대여료 30,000원"
2023-06-07,1,6,Summer,0,0,0,느티나무 셀프BBQ,"대여료 30,000원"
2023-06-08,0,6,Summer,0,0,0,느티나무 셀프BBQ,"대여료 30,000원"
2023-06-09,4,6,Summer,0,0,0,느티나무 셀프BBQ,"대여료 30,000원"
2023-06-10,15,6,Summer,1,0,1,느티나무 셀프BBQ,"대여료 30,000원"
2023-06-11,8,6,Summer,1,0,1,느티나무 셀프BBQ,"대여료 30,000원"
2023-06-12,0,6,Summer,0,0,0,느티나무 셀프BBQ,"대여료 30,000원"
2023-06-13,0,6,Summer,0,0,0,느티나무 셀프BBQ,"대여료 30,000원"
2023-06-14,0,6,Summer,0,0,0,느티나무 셀프BBQ,"대여료 30,000원"
2023-06-15,0,6,Summer,0,0,0,느티나무 셀프BBQ,"대여료 30,000원"
2023-06-16,1,6,Summer,0,0,0,느티나무 셀프BBQ,"대여료 30,000원"
2023-06-17,19,6,Summer,1,0,1,느티나무 셀프BBQ,"대여료 30,000원"
2023-06-18,5,6,Summer,1,0,1,느티나무 셀프BBQ,"대여료 30,000원"
2023-06-19,0,6,Summer,0,0,0,느티나무 셀프BBQ,"대여료 30,000원"
2023-06-20,3,6,Summer,0,0,0,느티나무 셀프BBQ,"대여료 30,000원"
2023-06-21,1,6,Summer,0,0,0,느티나무 셀프BBQ,"대여료 30,000원"
2023-06-22,0,6,Summer,0,0,0,느티나무 셀프BBQ,"대여료 30,000원"
2023-06-23,1,6,Summer,0,0,0,느티나무 셀프BBQ,"대여료 30,000원"
2023-06-24,13,6,Summer,1,0,1,느티나무 셀프BBQ,"대여료 30,000원"
2023-06-25,5,6,Summer,1,0,1,느티나무 셀프BBQ,"대여료 30,000원"
2023-06-26,0,6,Summer,0,0,0,느티나무 셀프BBQ,"대여료 30,000원"
2023-06-27,1,6,Summer,0,0,0,느티나무 셀프BBQ,"대여료 30,000원"
2023-06-28,4,6,Summer,0,0,0,느티나무 셀프BBQ,"대여료 30,000원"
2023-06-29,0,6,Summer,0,0,0,느티나무 셀프BBQ,"대여료 30,000원"
2023-06-30,0,6,Summer,0,0,0,느티나무 셀프BBQ,"대여료 30,000원"
2023-07-01,9,7,Summer,1,0,1,느티나무 셀프BBQ,"대여료 30,000원"
2023-07-02,7,7,Summer,1,0,1,느티나무 셀프BBQ,"대여료 30,000원"
2023-07-03,0,7,Summer,0,0,0,느티나무 셀프BBQ,"대여료 30,000원"
2023-07-04,0,7,Summer,0,0,0,느티나무 셀프BBQ,"대여료 30,000원"
2023-07-05,0,7,Summer,0,0,0,느티나무 셀프BBQ,"대여료 30,000원"
2023-07-06,2,7,Summer,0,0,0,느티나무 셀프BBQ,"대여료 30,000원"
2023-07-07,8,7,Summer,0,0,0,느티나무 셀프BBQ,"대여료 30,000원"
2023-07-08,20,7,Summer,1,0,1,느티나무 셀프BBQ,"대여료 30,000원"
2023-07-09,12,7,Summer,1,0,1,느티나무 셀프BBQ,"대여료 30,000원"
2023-07-10,0,7,Summer,0,0,0,느티나무 셀프BBQ,"대여료 30,000원"
2023-07-11,1,7,Summer,0,0,0,느티나무 셀프BBQ,"대여료 30,000원"
2023-07-12,2,7,Summer,0,0,0,느티나무 셀프BBQ,"대여료 30,000원"
2023-07-13,0,7,Summer,0,0,0,느티나무 셀프BBQ,"대여료 30,000원"
2023-07-14,6,7,Summer,0,0,0,느티나무 셀프BBQ,"대여료 30,000원"
2023-07-15,15,7,Summer,1,0,1,느티나무 셀프BBQ,"대여료 30,000원"
2023-07-16,6,7,Summer,1,0,1,느티나무 셀프BBQ,"대여료 30,000원"
2023-07-17,3,7,Summer,0,0,0,느티나무 셀프BBQ,"대여료 30,000원"
2023-07-18,1,7,Summer,0,0,0,느티나무 셀프BBQ,"대여료 30,000원"
2023-07-19,2,7,Summer,0,0,0,느티나무 셀프BBQ,"대여료 30,000원"
2023-07-20,1,7,Summer,0,0,0,느티나무 셀프BBQ,"대여료 30,000원"
2023-07-21,16,7,Summer,0,0,0,느티나무 셀프BBQ,"대여료 30,000원"
2023-07-22,14,7,Summer,1,0,1,느티나무 셀프BBQ,"대여료 30,000원"
2023-07-23,15,7,Summer,1,0,1,느티나무 셀프BBQ,"대여료 30,000원"
2023-07-24,4,7,Summer,0,0,0,느티나무 셀프BBQ,"대여료 30,000원"
2023-07-25,0,7,Summer,0,0,0,느티나무 셀프BBQ,"대여료 30,000원"
2023-07-26,8,7,Summer,0,0,0,느티나무 셀프BBQ,"대여료 30,000원"
2023-07-27,13,7,Summer,0,0,0,느티나무 셀프BBQ,"대여료 30,000원"
2023-07-28,11,7,Summer,0,0,0,느티나무 셀프BBQ,"대여료 30,000원"
2023-07-29,7,7,Summer,1,0,1,느티나무 셀프BBQ,"대여료 30,000원"
2023-07-30,17,7,Summer,1,0,1,느티나무 셀프BBQ,"대여료 30,000원"
2023-07-31,4,7,Summer,0,0,0,느티나무 셀프BBQ,"대여료 30,000원"
2023-08-01,6,8,Summer,0,0,0,느티나무 셀프BBQ,"대여료 30,000원"
2023-08-02,1,8,Summer,0,0,0,느티나무 셀프BBQ,"대여료 30,000원"
2023-08-03,7,8,Summer,0,0,0,느티나무 셀프BBQ,"대여료 30,000원"
2023-08-04,7,8,Summer,0,0,0,느티나무 셀프BBQ,"대여료 30,000원"
2023-08-05,17,8,Summer,1,0,1,느티나무 셀프BBQ,"대여료 30,000원"
2023-08-06,6,8,Summer,1,0,1,느티나무 셀프BBQ,"대여료 30,000원"
2023-08-07,5,8,Summer,0,0,0,느티나무 셀프BBQ,"대여료 30,000원"
2023-08-08,11,8,Summer,0,0,0,느티나무 셀프BBQ,"대여료 30,000원"
2023-08-09,5,8,Summer,0,0,0,느티나무 셀프BBQ,"대여료 30,000원"
2023-08-10,0,8,Summer,0,0,0,느티나무 셀프BBQ,"대여료 30,000원"
2023-08-11,9,8,Summer,0,0,0,느티나무 셀프BBQ,"대여료 30,000원"
2023-08-12,14,8,Summer,1,0,1,느티나무 셀프BBQ,"대여료 30,000원"
2023-08-13,15,8,Summer,1,0,1,느티나무 셀프BBQ,"대여료 30,000원"
2023-08-14,10,8,Summer,0,0,0,느티나무 셀프BBQ,"대여료 30,000원"
2023-08-15,10,8,Summer,0,1,1,느티나무 셀프BBQ,"대여료 30,000원"
2023-08-16,7,8,Summer,0,0,0,느티나무 셀프BBQ,"대여료 30,000원"
2023-08-17,3,8,Summer,0,0,0,느티나무 셀프BBQ,"대여료 30,000원"
2023-08-18,3,8,Summer,0,0,0,느티나무 셀프BBQ,"대여료 30,000원"
2023-08-19,12,8,Summer,1,0,1,느티나무 셀프BBQ,"대여료 30,000원"
2023-08-20,5,8,Summer,1,0,1,느티나무 셀프BBQ,"대여료 30,000원"
2023-08-21,2,8,Summer,0,0,0,느티나무 셀프BBQ,"대여료 30,000원"
2023-08-22,4,8,Summer,0,0,0,느티나무 셀프BBQ,"대여료 30,000원"
2023-08-23,3,8,Summer,0,0,0,느티나무 셀프BBQ,"대여료 30,000원"
2023-08-24,3,8,Summer,0,0,0,느티나무 셀프BBQ,"대여료 30,000원"
2023-08-25,6,8,Summer,0,0,0,느티나무 셀프BBQ,"대여료 30,000원"
2023-08-26,14,8,Summer,1,0,1,느티나무 셀프BBQ,"대여료 30,000원"
2023-08-27,16,8,Summer,1,0,1,느티나무 셀프BBQ,"대여료 30,000원"
2023-08-28,0,8,Summer,0,0,0,느티나무 셀프BBQ,"대여료 30,000원"
2023-08-29,5,8,Summer,0,0,0,느티나무 셀프BBQ,"대여료 30,000원"
2023-08-30,0,8,Summer,0,0,0,느티나무 셀프BBQ,"대여료 30,000원"
2023-08-31,2,8,Summer,0,0,0,느티나무 셀프BBQ,"대여료 30,000원"
2023-09-01,5,9,Autumn,0,0,0,느티나무 셀프BBQ,"대여료 30,000원"
2023-09-02,15,9,Autumn,1,0,1,느티나무 셀프BBQ,"대여료 30,000원"
2023-09-03,5,9,Autumn,1,0,1,느티나무 셀프BBQ,"대여료 30,000원"
2023-09-04,0,9,Autumn,0,0,0,느티나무 셀프BBQ,"대여료 30,000원"
2023-09-05,1,9,Autumn,0,0,0,느티나무 셀프BBQ,"대여료 30,000원"
2023-09-06,3,9,Autumn,0,0,0,느티나무 셀프BBQ,"대여료 30,000원"
2023-09-07,2,9,Autumn,0,0,0,느티나무 셀프BBQ,"대여료 30,000원"
2023-09-08,8,9,Autumn,0,0,0,느티나무 셀프BBQ,"대여료 30,000원"
2023-09-09,14,9,Autumn,1,0,1,느티나무 셀프BBQ,"대여료 30,000원"
2023-09-10,6,9,Autumn,1,0,1,느티나무 셀프BBQ,"대여료 30,000원"
2023-09-11,0,9,Autumn,0,0,0,느티나무 셀프BBQ,"대여료 30,000원"
2023-09-12,1,9,Autumn,0,0,0,느티나무 셀프BBQ,"대여료 30,000원"
2023-09-13,2,9,Autumn,0,0,0,느티나무 셀프BBQ,"대여료 30,000원"
2023-09-14,0,9,Autumn,0,0,0,느티나무 셀프BBQ,"대여료 30,000원"
2023-09-15,4,9,Autumn,0,0,0,느티나무 셀프BBQ,"대여료 30,000원"
2023-09-16,13,9,Autumn,1,0,1,느티나무 셀프BBQ,"대여료 30,000원"
2023-09-17,4,9,Autumn,1,0,1,느티나무 셀프BBQ,"대여료 30,000원"
2023-09-18,0,9,Autumn,0,0,0,느티나무 셀프BBQ,"대여료 30,000원"
2023-09-19,1,9,Autumn,0,0,0,느티나무 셀프BBQ,"대여료 30,000원"
2023-09-20,1,9,Autumn,0,0,0,느티나무 셀프BBQ,"대여료 30,000원"
2023-09-21,0,9,Autumn,0,0,0,느티나무 셀프BBQ,"대여료 30,000원"
2023-09-22,0,9,Autumn,0,0,0,느티나무 셀프BBQ,"대여료 30,000원"
2023-09-23,10,9,Autumn,1,0,1,느티나무 셀프BBQ,"대여료 30,000원"
2023-09-24,3,9,Autumn,1,0,1,느티나무 셀프BBQ,"대여료 30,000원"
2023-09-25,0,9,Autumn,0,0,0,느티나무 셀프BBQ,"대여료 30,000원"
2023-09-26,0,9,Autumn,0,0,0,느티나무 셀프BBQ,"대여료 30,000원"
2023-09-27,11,9,Autumn,0,0,0,느티나무 셀프BBQ,"대여료 30,000원"
2023-09-28,13,9,Autumn,0,1,1,느티나무 셀프BBQ,"대여료 30,000원"
2023-09-29,8,9,Autumn,0,1,1,느티나무 셀프BBQ,"대여료 30,000원"
2023-09-30,8,9,Autumn,1,1,1,느티나무 셀프BBQ,"대여료 30,000원"
2023-10-01,15,10,Autumn,1,0,1,느티나무 셀프BBQ,"대여료 30,000원"
2023-10-02,10,10,Autumn,0,1,1,느티나무 셀프BBQ,"대여료 30,000원"
2023-10-03,4,10,Autumn,0,1,1,느티나무 셀프BBQ,"대여료 30,000원"
2023-10-04,7,10,Autumn,0,0,0,느티나무 셀프BBQ,"대여료 30,000원"
2023-10-05,2,10,Autumn,0,0,0,느티나무 셀프BBQ,"대여료 30,000원"
2023-10-06,4,10,Autumn,0,0,0,느티나무 셀프BBQ,"대여료 30,000원"
2023-10-07,9,10,Autumn,1,0,1,느티나무 셀프BBQ,"대여료 30,000원"
2023-10-08,13,10,Autumn,1,0,1,느티나무 셀프BBQ,"대여료 30,000원"
2023-10-09,2,10,Autumn,0,1,1,느티나무 셀프BBQ,"대여료 30,000원"
2023-10-10,2,10,Autumn,0,0,0,느티나무 셀프BBQ,"대여료 30,000원"
2023-10-11,1,10,Autumn,0,0,0,느티나무 셀프BBQ,"대여료 30,000원"
2023-10-12,1,10,Autumn,0,0,0,느티나무 셀프BBQ,"대여료 30,000원"
2023-10-13,0,10,Autumn,0,0,0,느티나무 셀프BBQ,"대여료 30,000원"
2023-10-14,11,10,Autumn,1,0,1,느티나무 셀프BBQ,"대여료 30,000원"
2023-10-15,14,10,Autumn,1,0,1,느티나무 셀프BBQ,"대여료 30,000원"
2023-10-16,0,10,Autumn,0,0,0,느티나무 셀프BBQ,"대여료 30,000원"
2023-10-17,3,10,Autumn,0,0,0,느티나무 셀프BBQ,"대여료 30,000원"
2023-10-18,3,10,Autumn,0,0,0,느티나무 셀프BBQ,"대여료 30,000원"
2023-10-19,0,10,Autumn,0,0,0,느티나무 셀프BBQ,"대여료 30,000원"
2023-10-20,8,10,Autumn,0,0,0,느티나무 셀프BBQ,"대여료 30,000원"
2023-10-21,11,10,Autumn,1,0,1,느티나무 셀프BBQ,"대여료 30,000원"
2023-10-22,10,10,Autumn,1,0,1,느티나무 셀프BBQ,"대여료 30,000원"
2023-10-23,0,10,Autumn,0,0,0,느티나무 셀프BBQ,"대여료 30,000원"
2023-10-24,2,10,Autumn,0,0,0,느티나무 셀프BBQ,"대여료 30,000원"
2023-10-25,7,10,Autumn,0,0,0,느티나무 셀프BBQ,"대여료 30,000원"
2023-10-26,0,10,Autumn,0,0,0,느티나무 셀프BBQ,"대여료 30,000원"
2023-10-27,12,10,Autumn,0,0,0,느티나무 셀프BBQ,"대여료 30,000원"
2023-10-28,14,10,Autumn,1,0,1,느티나무 셀프BBQ,"대여료 30,000원"
2023-10-29,10,10,Autumn,1,0,1,느티나무 셀프BBQ,"대여료 30,000원"
2023-10-30,0,10,Autumn,0,0,0,느티나무 셀프BBQ,"대여료 30,000원"
2023-10-31,6,10,Autumn,0,0,0,느티나무 셀프BBQ,"대여료 30,000원"
2023-11-01,0,11,Autumn,0,0,0,느티나무 셀프BBQ,"대여료 30,000원"
2023-11-02,1,11,Autumn,0,0,0,느티나무 셀프BBQ,"대여료 30,000원"
2023-11-03,2,11,Autumn,0,0,0,느티나무 셀프BBQ,"대여료 30,000원"
2023-11-04,10,11,Autumn,1,0,1,느티나무 셀프BBQ,"대여료 30,000원"
2023-11-05,16,11,Autumn,1,0,1,느티나무 셀프BBQ,"대여료 30,000원"
2023-11-06,0,11,Autumn,0,0,0,느티나무 셀프BBQ,"대여료 30,000원"
2023-11-07,6,11,Autumn,0,0,0,느티나무 셀프BBQ,"대여료 30,000원"
2023-11-08,5,11,Autumn,0,0,0,느티나무 셀프BBQ,"대여료 30,000원"
2023-11-09,0,11,Autumn,0,0,0,느티나무 셀프BBQ,"대여료 30,000원"
2023-11-10,3,11,Autumn,0,0,0,느티나무 셀프BBQ,"대여료 30,000원"
2023-11-11,13,11,Autumn,1,0,1,느티나무 셀프BBQ,"대여료 30,000원"
2023-11-12,13,11,Autumn,1,0,1,느티나무 셀프BBQ,"대여료 30,000원"
2023-11-13,0,11,Autumn,0,0,0,느티나무 셀프BBQ,"대여료 30,000원"
2023-11-14,9,11,Autumn,0,0,0,느티나무 셀프BBQ,"대여료 30,000원"
2023-11-15,0,11,Autumn,0,0,0,느티나무 셀프BBQ,"대여료 30,000원"
2023-11-16,4,11,Autumn,0,0,0,느티나무 셀프BBQ,"대여료 30,000원"
2023-11-17,0,11,Autumn,0,0,0,느티나무 셀프BBQ,"대여료 30,000원"
2023-11-18,14,11,Autumn,1,0,1,느티나무 셀프BBQ,"대여료 30,000원"
2023-11-19,10,11,Autumn,1,0,1,느티나무 셀프BBQ,"대여료 30,000원"
2023-11-20,0,11,Autumn,0,0,0,느티나무 셀프BBQ,"대여료 30,000원"
2023-11-21,3,11,Autumn,0,0,0,느티나무 셀프BBQ,"대여료 30,000원"
2023-11-22,1,11,Autumn,0,0,0,느티나무 셀프BBQ,"대여료 30,000원"
2023-11-23,1,11,Autumn,0,0,0,느티나무 셀프BBQ,"대여료 30,000원"
2023-11-24,3,11,Autumn,0,0,0,느티나무 셀프BBQ,"대여료 30,000원"
2023-11-25,8,11,Autumn,1,0,1,느티나무 셀프BBQ,"대여료 30,000원"
2023-11-26,11,11,Autumn,1,0,1,느티나무 셀프BBQ,"대여료 30,000원"
2023-11-27,0,11,Autumn,0,0,0,느티나무 셀프BBQ,"대여료 30,000원"
2023-11-28,1,11,Autumn,0,0,0,느티나무 셀프BBQ,"대여료 30,000원"
2023-11-29,3,11,Autumn,0,0,0,느티나무 셀프BBQ,"대여료 30,000원"
2023-11-30,0,11,Autumn,0,0,0,느티나무 셀프BBQ,"대여료 30,000원"
2023-12-01,8,12,Winter,0,0,0,느티나무 셀프BBQ,"대여료 30,000원"
2023-12-02,5,12,Winter,1,0,1,느티나무 셀프BBQ,"대여료 30,000원"
2023-12-03,6,12,Winter,1,0,1,느티나무 셀프BBQ,"대여료 30,000원"
2023-12-04,0,12,Winter,0,0,0,느티나무 셀프BBQ,"대여료 30,000원"
2023-12-05,0,12,Winter,0,0,0,느티나무 셀프BBQ,"대여료 30,000원"
2023-12-06,0,12,Winter,0,0,0,느티나무 셀프BBQ,"대여료 30,000원"
2023-12-07,1,12,Winter,0,0,0,느티나무 셀프BBQ,"대여료 30,000원"
2023-12-08,4,12,Winter,0,0,0,느티나무 셀프BBQ,"대여료 30,000원"
2023-12-09,5,12,Winter,1,0,1,느티나무 셀프BBQ,"대여료 30,000원"
2023-12-10,4,12,Winter,1,0,1,느티나무 셀프BBQ,"대여료 30,000원"
2023-12-11,6,12,Winter,0,0,0,느티나무 셀프BBQ,"대여료 30,000원"
2023-12-12,10,12,Winter,0,0,0,느티나무 셀프BBQ,"대여료 30,000원"
2023-12-13,5,12,Winter,0,0,0,느티나무 셀프BBQ,"대여료 30,000원"
2023-12-14,0,12,Winter,0,0,0,느티나무 셀프BBQ,"대여료 30,000원"
2023-12-15,4,12,Winter,0,0,0,느티나무 셀프BBQ,"대여료 30,000원"
2023-12-16,4,12,Winter,1,0,1,느티나무 셀프BBQ,"대여료 30,000원"
2023-12-17,7,12,Winter,1,0,1,느티나무 셀프BBQ,"대여료 30,000원"
2023-12-18,3,12,Winter,0,0,0,느티나무 셀프BBQ,"대여료 30,000원"
2023-12-19,2,12,Winter,0,0,0,느티나무 셀프BBQ,"대여료 30,000원"
2023-12-20,5,12,Winter,0,0,0,느티나무 셀프BBQ,"대여료 30,000원"
2023-12-21,1,12,Winter,0,0,0,느티나무 셀프BBQ,"대여료 30,000원"
2023-12-22,2,12,Winter,0,0,0,느티나무 셀프BBQ,"대여료 30,000원"
2023-12-23,7,12,Winter,1,0,1,느티나무 셀프BBQ,"대여료 30,000원"
2023-12-24,7,12,Winter,1,0,1,느티나무 셀프BBQ,"대여료 30,000원"
2023-12-25,7,12,Winter,0,1,1,느티나무 셀프BBQ,"대여료 30,000원"
2023-12-26,5,12,Winter,0,0,0,느티나무 셀프BBQ,"대여료 30,000원"
2023-12-27,6,12,Winter,0,0,0,느티나무 셀프BBQ,"대여료 30,000원"
2023-12-28,10,12,Winter,0,0,0,느티나무 셀프BBQ,"대여료 30,000원"
2023-12-29,4,12,Winter,0,0,0,느티나무 셀프BBQ,"대여료 30,000원"
2023-12-30,7,12,Winter,1,0,1,느티나무 셀프BBQ,"대여료 30,000원"
2023-12-31,6,12,Winter,1,0,1,느티나무 셀프BBQ,"대여료 30,000원"
2024-01-01,0,1,Winter,0,1,1,느티나무 셀프BBQ,"대여료 30,000원"
2024-01-02,3,1,Winter,0,0,0,느티나무 셀프BBQ,"대여료 30,000원"
2024-01-03,6,1,Winter,0,0,0,느티나무 셀프BBQ,"대여료 30,000원"
2024-01-04,4,1,Winter,0,0,0,느티나무 셀프BBQ,"대여료 30,000원"
2024-01-05,8,1,Winter,0,0,0,느티나무 셀프BBQ,"대여료 30,000원"
2024-01-06,5,1,Winter,1,0,1,느티나무 셀프BBQ,"대여료 30,000원"
2024-01-07,7,1,Winter,1,0,1,느티나무 셀프BBQ,"대여료 30,000원"
2024-01-08,6,1,Winter,0,0,0,느티나무 셀프BBQ,"대여료 30,000원"
2024-01-09,9,1,Winter,0,0,0,느티나무 셀프BBQ,"대여료 30,000원"
2024-01-10,2,1,Winter,0,0,0,느티나무 셀프BBQ,"대여료 30,000원"
2024-01-11,4,1,Winter,0,0,0,느티나무 셀프BBQ,"대여료 30,000원"
2024-01-12,5,1,Winter,0,0,0,느티나무 셀프BBQ,"대여료 30,000원"
2024-01-13,3,1,Winter,1,0,1,느티나무 셀프BBQ,"대여료 30,000원"
2024-01-14,8,1,Winter,1,0,1,느티나무 셀프BBQ,"대여료 30,000원"
2024-01-15,10,1,Winter,0,0,0,느티나무 셀프BBQ,"대여료 30,000원"
2024-01-16,1,1,Winter,0,0,0,느티나무 셀프BBQ,"대여료 30,000원"
2024-01-17,3,1,Winter,0,0,0,느티나무 셀프BBQ,"대여료 30,000원"
2024-01-18,3,1,Winter,0,0,0,느티나무 셀프BBQ,"대여료 30,000원"
2024-01-19,5,1,Winter,0,0,0,느티나무 셀프BBQ,"대여료 30,000원"
2024-01-20,3,1,Winter,1,0,1,느티나무 셀프BBQ,"대여료 30,000원"
2024-01-21,6,1,Winter,1,0,1,느티나무 셀프BBQ,"대여료 30,000원"
2024-01-22,1,1,Winter,0,0,0,느티나무 셀프BBQ,"대여료 30,000원"
2024-01-23,2,1,Winter,0,0,0,느티나무 셀프BBQ,"대여료 30,000원"
2024-01-24,1,1,Winter,0,0,0,느티나무 셀프BBQ,"대여료 30,000원"
2024-01-25,2,1,Winter,0,0,0,느티나무 셀프BBQ,"대여료 30,000원"
2024-01-26,1,1,Winter,0,0,0,느티나무 셀프BBQ,"대여료 30,000원"
2024-01-27,6,1,Winter,1,0,1,느티나무 셀프BBQ,"대여료 30,000원"
2024-01-28,6,1,Winter,1,0,1,느티나무 셀프BBQ,"대여료 30,000원"
2024-01-29,3,1,Winter,0,0,0,느티나무 셀프BBQ,"대여료 30,000원"
2024-01-30,4,1,Winter,0,0,0,느티나무 셀프BBQ,"대여료 30,000원"
2024-01-31,0,1,Winter,0,0,0,느티나무 셀프BBQ,"대여료 30,000원"
2024-02-01,1,2,Winter,0,0,0,느티나무 셀프BBQ,"대여료 30,000원"
2024-02-02,3,2,Winter,0,0,0,느티나무 셀프BBQ,"대여료 30,000원"
2024-02-03,6,2,Winter,1,0,1,느티나무 셀프BBQ,"대여료 30,000원"
2024-02-04,6,2,Winter,1,0,1,느티나무 셀프BBQ,"대여료 30,000원"
2024-02-05,2,2,Winter,0,0,0,느티나무 셀프BBQ,"대여료 30,000원"
2024-02-06,6,2,Winter,0,0,0,느티나무 셀프BBQ,"대여료 30,000원"
2024-02-07,2,2,Winter,0,0,0,느티나무 셀프BBQ,"대여료 30,000원"
2024-02-08,5,2,Winter,0,0,0,느티나무 셀프BBQ,"대여료 30,000원"
2024-02-09,2,2,Winter,0,1,1,느티나무 셀프BBQ,"대여료 30,000원"
2024-02-10,2,2,Winter,1,1,1,느티나무 셀프BBQ,"대여료 30,000원"
2024-02-11,3,2,Winter,1,1,1,느티나무 셀프BBQ,"대여료 30,000원"
2024-02-12,10,2,Winter,0,1,1,느티나무 셀프BBQ,"대여료 30,000원"
2024-02-13,4,2,Winter,0,0,0,느티나무 셀프BBQ,"대여료 30,000원"
2024-02-14,6,2,Winter,0,0,0,느티나무 셀프BBQ,"대여료 30,000원"
2024-02-15,4,2,Winter,0,0,0,느티나무 셀프BBQ,"대여료 30,000원"
2024-02-16,2,2,Winter,0,0,0,느티나무 셀프BBQ,"대여료 30,000원"
2024-02-17,1,2,Winter,1,0,1,느티나무 셀프BBQ,"대여료 30,000원"
2024-02-18,4,2,Winter,1,0,1,느티나무 셀프BBQ,"대여료 30,000원"
2024-02-19,2,2,Winter,0,0,0,느티나무 셀프BBQ,"대여료 30,000원"
2024-02-20,2,2,Winter,0,0,0,느티나무 셀프BBQ,"대여료 30,000원"
2024-02-21,1,2,Winter,0,0,0,느티나무 셀프BBQ,"대여료 30,000원"
2024-02-22,1,2,Winter,0,0,0,느티나무 셀프BBQ,"대여료 30,000원"
2024-02-23,3,2,Winter,0,0,0,느티나무 셀프BBQ,"대여료 30,000원"
2024-02-24,1,2,Winter,1,0,1,느티나무 셀프BBQ,"대여료 30,000원"
2024-02-25,8,2,Winter,1,0,1,느티나무 셀프BBQ,"대여료 30,000원"
2024-02-26,4,2,Winter,0,0,0,느티나무 셀프BBQ,"대여료 30,000원"
2024-02-27,3,2,Winter,0,0,0,느티나무 셀프BBQ,"대여료 30,000원"
2024-02-28,3,2,Winter,0,0,0,느티나무 셀프BBQ,"대여료 30,000원"
2024-02-29,2,2,Winter,0,0,0,느티나무 셀프BBQ,"대여료 30,000원"
2024-03-01,3,3,Spring,0,1,1,느티나무 셀프BBQ,"대여료 30,000원"
2024-03-02,2,3,Spring,1,0,1,느티나무 셀프BBQ,"대여료 30,000원"
2024-03-03,0,3,Spring,1,0,1,느티나무 셀프BBQ,"대여료 30,000원"
2024-03-04,0,3,Spring,0,0,0,느티나무 셀프BBQ,"대여료 30,000원"
2024-03-05,0,3,Spring,0,0,0,느티나무 셀프BBQ,"대여료 30,000원"
2024-03-06,0,3,Spring,0,0,0,느티나무 셀프BBQ,"대여료 30,000원"
2024-03-07,0,3,Spring,0,0,0,느티나무 셀프BBQ,"대여료 30,000원"
2024-03-08,0,3,Spring,0,0,0,느티나무 셀프BBQ,"대여료 30,000원"
2024-03-09,0,3,Spring,1,0,1,느티나무 셀프BBQ,"대여료 30,000원"
2024-03-10,0,3,Spring,1,0,1,느티나무 셀프BBQ,"대여료 30,000원"
2024-03-11,0,3,Spring,0,0,0,느티나무 셀프BBQ,"대여료 30,000원"
2024-03-12,0,3,Spring,0,0,0,느티나무 셀프BBQ,"대여료 30,000원"
2024-03-13,0,3,Spring,0,0,0,느티나무 셀프BBQ,"대여료 30,000원"
2024-03-14,0,3,Spring,0,0,0,느티나무 셀프BBQ,"대여료 30,000원"
2024-03-15,5,3,Spring,0,0,0,느티나무 셀프BBQ,"대여료 30,000원"
2024-03-16,18,3,Spring,1,0,1,느티나무 셀프BBQ,"대여료 30,000원"
2024-03-17,2,3,Spring,1,0,1,느티나무 셀프BBQ,"대여료 30,000원"
2024-03-18,0,3,Spring,0,0,0,느티나무 셀프BBQ,"대여료 30,000원"
2024-03-19,3,3,Spring,0,0,0,느티나무 셀프BBQ,"대여료 30,000원"
2024-03-20,0,3,Spring,0,0,0,느티나무 셀프BBQ,"대여료 30,000원"
2024-03-21,0,3,Spring,0,0,0,느티나무 셀프BBQ,"대여료 30,000원"
2024-03-22,8,3,Spring,0,0,0,느티나무 셀프BBQ,"대여료 30,000원"
2024-03-23,9,3,Spring,1,0,1,느티나무 셀프BBQ,"대여료 30,000원"
2024-03-24,5,3,Spring,1,0,1,느티나무 셀프BBQ,"대여료 30,000원"
2024-03-25,0,3,Spring,0,0,0,느티나무 셀프BBQ,"대여료 30,000원"
2024-03-26,0,3,Spring,0,0,0,느티나무 셀프BBQ,"대여료 30,000원"
2024-03-27,2,3,Spring,0,0,0,느티나무 셀프BBQ,"대여료 30,000원"
2024-03-28,2,3,Spring,0,0,0,느티나무 셀프BBQ,"대여료 30,000원"
2024-03-29,13,3,Spring,0,0,0,느티나무 셀프BBQ,"대여료 30,000원"
2024-03-30,18,3,Spring,1,0,1,느티나무 셀프BBQ,"대여료 30,000원"
2024-03-31,10,3,Spring,1,0,1,느티나무 셀프BBQ,"대여료 30,000원"
2024-04-01,0,4,Spring,0,0,0,느티나무 셀프BBQ,"대여료 30,000원"
2024-04-02,1,4,Spring,0,0,0,느티나무 셀프BBQ,"대여료 30,000원"
2024-04-03,2,4,Spring,0,0,0,느티나무 셀프BBQ,"대여료 30,000원"
2024-04-04,3,4,Spring,0,0,0,느티나무 셀프BBQ,"대여료 30,000원"
2024-04-05,14,4,Spring,0,0,0,느티나무 셀프BBQ,"대여료 30,000원"
2024-04-06,19,4,Spring,1,0,1,느티나무 셀프BBQ,"대여료 30,000원"
2024-04-07,12,4,Spring,1,0,1,느티나무 셀프BBQ,"대여료 30,000원"
2024-04-08,0,4,Spring,0,0,0,느티나무 셀프BBQ,"대여료 30,000원"
2024-04-09,15,4,Spring,0,0,0,느티나무 셀프BBQ,"대여료 30,000원"
2024-04-10,23,4,Spring,0,1,1,느티나무 셀프BBQ,"대여료 30,000원"
2024-04-11,18,4,Spring,0,0,0,느티나무 셀프BBQ,"대여료 30,000원"
2024-04-12,4,4,Spring,0,0,0,느티나무 셀프BBQ,"대여료 30,000원"
2024-04-13,18,4,Spring,1,0,1,느티나무 셀프BBQ,"대여료 30,000원"
2024-04-14,7,4,Spring,1,0,1,느티나무 셀프BBQ,"대여료 30,000원"
2024-04-15,0,4,Spring,0,0,0,느티나무 셀프BBQ,"대여료 30,000원"
2024-04-16,4,4,Spring,0,0,0,느티나무 셀프BBQ,"대여료 30,000원"
2024-04-17,2,4,Spring,0,0,0,느티나무 셀프BBQ,"대여료 30,000원"
2024-04-18,0,4,Spring,0,0,0,느티나무 셀프BBQ,"대여료 30,000원"
2024-04-19,9,4,Spring,0,0,0,느티나무 셀프BBQ,"대여료 30,000원"
2024-04-20,17,4,Spring,1,0,1,느티나무 셀프BBQ,"대여료 30,000원"
2024-04-21,6,4,Spring,1,0,1,느티나무 셀프BBQ,"대여료 30,000원"
2024-04-22,0,4,Spring,0,0,0,느티나무 셀프BBQ,"대여료 30,000원"
2024-04-23,0,4,Spring,0,0,0,느티나무 셀프BBQ,"대여료 30,000원"
2024-04-24,2,4,Spring,0,0,0,느티나무 셀프BBQ,"대여료 30,000원"
2024-04-25,2,4,Spring,0,0,0,느티나무 셀프BBQ,"대여료 30,000원"
2024-04-26,0,4,Spring,0,0,0,느티나무 셀프BBQ,"대여료 30,000원"
2024-04-27,7,4,Spring,1,0,1,느티나무 셀프BBQ,"대여료 30,000원"
2024-04-28,7,4,Spring,1,0,1,느티나무 셀프BBQ,"대여료 30,000원"
2024-04-29,0,4,Spring,0,0,0,느티나무 셀프BBQ,"대여료 30,000원"
2024-04-30,2,4,Spring,0,0,0,느티나무 셀프BBQ,"대여료 30,000원"
2024-05-01,4,5,Spring,0,0,0,느티나무 셀프BBQ,"대여료 30,000원"
2024-05-02,5,5,Spring,0,0,0,느티나무 셀프BBQ,"대여료 30,000원"
2024-05-03,15,5,Spring,0,0,0,느티나무 셀프BBQ,"대여료 30,000원"
2024-05-04,14,5,Spring,1,0,1,느티나무 셀프BBQ,"대여료 30,000원"
2024-05-05,13,5,Spring,1,1,1,느티나무 셀프BBQ,"대여료 30,000원"
2024-05-06,6,5,Spring,0,1,1,느티나무 셀프BBQ,"대여료 30,000원"
2024-05-07,0,5,Spring,0,0,0,느티나무 셀프BBQ,"대여료 30,000원"
2024-05-08,2,5,Spring,0,0,0,느티나무 셀프BBQ,"대여료 30,000원"
2024-05-09,0,5,Spring,0,0,0,느티나무 셀프BBQ,"대여료 30,000원"
2024-05-10,3,5,Spring,0,0,0,느티나무 셀프BBQ,"대여료 30,000원"
2024-05-11,12,5,Spring,1,0,1,느티나무 셀프BBQ,"대여료 30,000원"
2024-05-12,6,5,Spring,1,0,1,느티나무 셀프BBQ,"대여료 30,000원"
2024-05-13,0,5,Spring,0,0,0,느티나무 셀프BBQ,"대여료 30,000원"
2024-05-14,9,5,Spring,0,0,0,느티나무 셀프BBQ,"대여료 30,000원"
2024-05-15,4,5,Spring,0,1,1,느티나무 셀프BBQ,"대여료 30,000원"
2024-05-16,4,5,Spring,0,0,0,느티나무 셀프BBQ,"대여료 30,000원"
2024-05-17,7,5,Spring,0,0,0,느티나무 셀프BBQ,"대여료 30,000원"
2024-05-18,13,5,Spring,1,0,1,느티나무 셀프BBQ,"대여료 30,000원"
2024-05-19,6,5,Spring,1,0,1,느티나무 셀프BBQ,"대여료 30,000원"
2024-05-20,0,5,Spring,0,0,0,느티나무 셀프BBQ,"대여료 30,000원"
2024-05-21,0,5,Spring,0,0,0,느티나무 셀프BBQ,"대여료 30,000원"
2024-05-22,2,5,Spring,0,0,0,느티나무 셀프BBQ,"대여료 30,000원"
2024-05-23,1,5,Spring,0,0,0,느티나무 셀프BBQ,"대여료 30,000원"
2024-05-24,10,5,Spring,0,0,0,느티나무 셀프BBQ,"대여료 30,000원"
2024-05-25,15,5,Spring,1,0,1,느티나무 셀프BBQ,"대여료 30,000원"
2024-05-26,3,5,Spring,1,0,1,느티나무 셀프BBQ,"대여료 30,000원"
2024-05-27,0,5,Spring,0,0,0,느티나무 셀프BBQ,"대여료 30,000원"
2024-05-28,1,5,Spring,0,0,0,느티나무 셀프BBQ,"대여료 30,000원"
2024-05-29,1,5,Spring,0,0,0,느티나무 셀프BBQ,"대여료 30,000원"
2024-05-30,0,5,Spring,0,0,0,느티나무 셀프BBQ,"대여료 30,000원"
2024-05-31,9,5,Spring,0,0,0,느티나무 셀프BBQ,"대여료 30,000원"
2024-06-01,21,6,Summer,1,0,1,느티나무 셀프BBQ,"대여료 30,000원"
2024-06-02,3,6,Summer,1,0,1,느티나무 셀프BBQ,"대여료 30,000원"
2024-06-03,0,6,Summer,0,0,0,느티나무 셀프BBQ,"대여료 30,000원"
2024-06-04,0,6,Summer,0,0,0,느티나무 셀프BBQ,"대여료 30,000원"
2024-06-05,0,6,Summer,0,0,0,느티나무 셀프BBQ,"대여료 30,000원"
2024-06-06,21,6,Summer,0,1,1,느티나무 셀프BBQ,"대여료 30,000원"
2024-06-07,12,6,Summer,0,0,0,느티나무 셀프BBQ,"대여료 30,000원"
2024-06-08,14,6,Summer,1,0,1,느티나무 셀프BBQ,"대여료 30,000원"
2024-06-09,4,6,Summer,1,0,1,느티나무 셀프BBQ,"대여료 30,000원"
2024-06-10,0,6,Summer,0,0,0,느티나무 셀프BBQ,"대여료 30,000원"
2024-06-11,1,6,Summer,0,0,0,느티나무 셀프BBQ,"대여료 30,000원"
2024-06-12,0,6,Summer,0,0,0,느티나무 셀프BBQ,"대여료 30,000원"
2024-06-13,2,6,Summer,0,0,0,느티나무 셀프BBQ,"대여료 30,000원"
2024-06-14,2,6,Summer,0,0,0,느티나무 셀프BBQ,"대여료 30,000원"
2024-06-15,10,6,Summer,1,0,1,느티나무 셀프BBQ,"대여료 30,000원"
2023-01-01,2,1,Winter,1,1,1,느티나무 셀프BBQ,"대여료 60,000원"
2023-01-02,4,1,Winter,0,0,0,느티나무 셀프BBQ,"대여료 60,000원"
2023-01-03,3,1,Winter,0,0,0,느티나무 셀프BBQ,"대여료 60,000원"
2023-01-04,6,1,Winter,0,0,0,느티나무 셀프BBQ,"대여료 60,000원"
2023-01-05,2,1,Winter,0,0,0,느티나무 셀프BBQ,"대여료 60,000원"
2023-01-06,3,1,Winter,0,0,0,느티나무 셀프BBQ,"대여료 60,000원"
2023-01-07,3,1,Winter,1,0,1,느티나무 셀프BBQ,"대여료 60,000원"
2023-01-08,3,1,Winter,1,0,1,느티나무 셀프BBQ,"대여료 60,000원"
2023-01-09,1,1,Winter,0,0,0,느티나무 셀프BBQ,"대여료 60,000원"
2023-01-10,6,1,Winter,0,0,0,느티나무 셀프BBQ,"대여료 60,000원"
2023-01-11,1,1,Winter,0,0,0,느티나무 셀프BBQ,"대여료 60,000원"
2023-01-12,3,1,Winter,0,0,0,느티나무 셀프BBQ,"대여료 60,000원"
2023-01-13,5,1,Winter,0,0,0,느티나무 셀프BBQ,"대여료 60,000원"
2023-01-14,3,1,Winter,1,0,1,느티나무 셀프BBQ,"대여료 60,000원"
2023-01-15,1,1,Winter,1,0,1,느티나무 셀프BBQ,"대여료 60,000원"
2023-01-16,3,1,Winter,0,0,0,느티나무 셀프BBQ,"대여료 60,000원"
2023-01-17,2,1,Winter,0,0,0,느티나무 셀프BBQ,"대여료 60,000원"
2023-01-18,4,1,Winter,0,0,0,느티나무 셀프BBQ,"대여료 60,000원"
2023-01-19,7,1,Winter,0,0,0,느티나무 셀프BBQ,"대여료 60,000원"
2023-01-20,5,1,Winter,0,0,0,느티나무 셀프BBQ,"대여료 60,000원"
2023-01-21,6,1,Winter,1,1,1,느티나무 셀프BBQ,"대여료 60,000원"
2023-01-22,4,1,Winter,1,1,1,느티나무 셀프BBQ,"대여료 60,000원"
2023-01-23,3,1,Winter,0,1,1,느티나무 셀프BBQ,"대여료 60,000원"
2023-01-24,5,1,Winter,0,1,1,느티나무 셀프BBQ,"대여료 60,000원"
2023-01-25,3,1,Winter,0,0,0,느티나무 셀프BBQ,"대여료 60,000원"
2023-01-26,1,1,Winter,0,0,0,느티나무 셀프BBQ,"대여료 60,000원"
2023-01-27,5,1,Winter,0,0,0,느티나무 셀프BBQ,"대여료 60,000원"
2023-01-28,5,1,Winter,1,0,1,느티나무 셀프BBQ,"대여료 60,000원"
2023-01-29,4,1,Winter,1,0,1,느티나무 셀프BBQ,"대여료 60,000원"
2023-01-30,1,1,Winter,0,0,0,느티나무 셀프BBQ,"대여료 60,000원"
2023-01-31,4,1,Winter,0,0,0,느티나무 셀프BBQ,"대여료 60,000원"
2023-02-01,4,2,Winter,0,0,0,느티나무 셀프BBQ,"대여료 60,000원"
2023-02-02,3,2,Winter,0,0,0,느티나무 셀프BBQ,"대여료 60,000원"
2023-02-03,4,2,Winter,0,0,0,느티나무 셀프BBQ,"대여료 60,000원"
2023-02-04,6,2,Winter,1,0,1,느티나무 셀프BBQ,"대여료 60,000원"
2023-02-05,3,2,Winter,1,0,1,느티나무 셀프BBQ,"대여료 60,000원"
2023-02-06,4,2,Winter,0,0,0,느티나무 셀프BBQ,"대여료 60,000원"
2023-02-07,3,2,Winter,0,0,0,느티나무 셀프BBQ,"대여료 60,000원"
2023-02-08,3,2,Winter,0,0,0,느티나무 셀프BBQ,"대여료 60,000원"
2023-02-09,4,2,Winter,0,0,0,느티나무 셀프BBQ,"대여료 60,000원"
2023-02-10,2,2,Winter,0,0,0,느티나무 셀프BBQ,"대여료 60,000원"
2023-02-11,4,2,Winter,1,0,1,느티나무 셀프BBQ,"대여료 60,000원"
2023-02-12,3,2,Winter,1,0,1,느티나무 셀프BBQ,"대여료 60,000원"
2023-02-13,4,2,Winter,0,0,0,느티나무 셀프BBQ,"대여료 60,000원"
2023-02-14,1,2,Winter,0,0,0,느티나무 셀프BBQ,"대여료 60,000원"
2023-02-15,0,2,Winter,0,0,0,느티나무 셀프BBQ,"대여료 60,000원"
2023-02-16,3,2,Winter,0,0,0,느티나무 셀프BBQ,"대여료 60,000원"
2023-02-17,4,2,Winter,0,0,0,느티나무 셀프BBQ,"대여료 60,000원"
2023-02-18,7,2,Winter,1,0,1,느티나무 셀프BBQ,"대여료 60,000원"
2023-02-19,2,2,Winter,1,0,1,느티나무 셀프BBQ,"대여료 60,000원"
2023-02-20,1,2,Winter,0,0,0,느티나무 셀프BBQ,"대여료 60,000원"
2023-02-21,4,2,Winter,0,0,0,느티나무 셀프BBQ,"대여료 60,000원"
2023-02-22,1,2,Winter,0,0,0,느티나무 셀프BBQ,"대여료 60,000원"
2023-02-23,2,2,Winter,0,0,0,느티나무 셀프BBQ,"대여료 60,000원"
2023-02-24,3,2,Winter,0,0,0,느티나무 셀프BBQ,"대여료 60,000원"
2023-02-25,7,2,Winter,1,0,1,느티나무 셀프BBQ,"대여료 60,000원"
2023-02-26,5,2,Winter,1,0,1,느티나무 셀프BBQ,"대여료 60,000원"
2023-02-27,1,2,Winter,0,0,0,느티나무 셀프BBQ,"대여료 60,000원"
2023-02-28,4,2,Winter,0,0,0,느티나무 셀프BBQ,"대여료 60,000원"
2023-03-01,0,3,Spring,0,1,1,느티나무 셀프BBQ,"대여료 60,000원"
2023-03-02,0,3,Spring,0,0,0,느티나무 셀프BBQ,"대여료 60,000원"
2023-03-03,0,3,Spring,0,0,0,느티나무 셀프BBQ,"대여료 60,000원"
2023-03-04,0,3,Spring,1,0,1,느티나무 셀프BBQ,"대여료 60,000원"
2023-03-05,0,3,Spring,1,0,1,느티나무 셀프BBQ,"대여료 60,000원"
2023-03-06,0,3,Spring,0,0,0,느티나무 셀프BBQ,"대여료 60,000원"
2023-03-07,0,3,Spring,0,0,0,느티나무 셀프BBQ,"대여료 60,000원"
2023-03-08,0,3,Spring,0,0,0,느티나무 셀프BBQ,"대여료 60,000원"
2023-03-09,0,3,Spring,0,0,0,느티나무 셀프BBQ,"대여료 60,000원"
2023-03-10,2,3,Spring,0,0,0,느티나무 셀프BBQ,"대여료 60,000원"
2023-03-11,11,3,Spring,1,0,1,느티나무 셀프BBQ,"대여료 60,000원"
2023-03-12,1,3,Spring,1,0,1,느티나무 셀프BBQ,"대여료 60,000원"
2023-03-13,0,3,Spring,0,0,0,느티나무 셀프BBQ,"대여료 60,000원"
2023-03-14,0,3,Spring,0,0,0,느티나무 셀프BBQ,"대여료 60,000원"
2023-03-15,0,3,Spring,0,0,0,느티나무 셀프BBQ,"대여료 60,000원"
2023-03-16,2,3,Spring,0,0,0,느티나무 셀프BBQ,"대여료 60,000원"
2023-03-17,4,3,Spring,0,0,0,느티나무 셀프BBQ,"대여료 60,000원"
2023-03-18,11,3,Spring,1,0,1,느티나무 셀프BBQ,"대여료 60,000원"
2023-03-19,2,3,Spring,1,0,1,느티나무 셀프BBQ,"대여료 60,000원"
2023-03-20,0,3,Spring,0,0,0,느티나무 셀프BBQ,"대여료 60,000원"
2023-03-21,0,3,Spring,0,0,0,느티나무 셀프BBQ,"대여료 60,000원"
2023-03-22,2,3,Spring,0,0,0,느티나무 셀프BBQ,"대여료 60,000원"
2023-03-23,1,3,Spring,0,0,0,느티나무 셀프BBQ,"대여료 60,000원"
2023-03-24,3,3,Spring,0,0,0,느티나무 셀프BBQ,"대여료 60,000원"
2023-03-25,10,3,Spring,1,0,1,느티나무 셀프BBQ,"대여료 60,000원"
2023-03-26,6,3,Spring,1,0,1,느티나무 셀프BBQ,"대여료 60,000원"
2023-03-27,0,3,Spring,0,0,0,느티나무 셀프BBQ,"대여료 60,000원"
2023-03-28,0,3,Spring,0,0,0,느티나무 셀프BBQ,"대여료 60,000원"
2023-03-29,1,3,Spring,0,0,0,느티나무 셀프BBQ,"대여료 60,000원"
2023-03-30,0,3,Spring,0,0,0,느티나무 셀프BBQ,"대여료 60,000원"
2023-03-31,8,3,Spring,0,0,0,느티나무 셀프BBQ,"대여료 60,000원"
2023-04-01,14,4,Spring,1,0,1,느티나무 셀프BBQ,"대여료 60,000원"
2023-04-02,3,4,Spring,1,0,1,느티나무 셀프BBQ,"대여료 60,000원"
2023-04-03,0,4,Spring,0,0,0,느티나무 셀프BBQ,"대여료 60,000원"
2023-04-04,0,4,Spring,0,0,0,느티나무 셀프BBQ,"대여료 60,000원"
2023-04-05,2,4,Spring,0,0,0,느티나무 셀프BBQ,"대여료 60,000원"
2023-04-06,0,4,Spring,0,0,0,느티나무 셀프BBQ,"대여료 60,000원"
2023-04-07,4,4,Spring,0,0,0,느티나무 셀프BBQ,"대여료 60,000원"
2023-04-08,9,4,Spring,1,0,1,느티나무 셀프BBQ,"대여료 60,000원"
2023-04-09,7,4,Spring,1,0,1,느티나무 셀프BBQ,"대여료 60,000원"
2023-04-10,0,4,Spring,0,0,0,느티나무 셀프BBQ,"대여료 60,000원"
2023-04-11,1,4,Spring,0,0,0,느티나무 셀프BBQ,"대여료 60,000원"
2023-04-12,0,4,Spring,0,0,0,느티나무 셀프BBQ,"대여료 60,000원"
2023-04-13,1,4,Spring,0,0,0,느티나무 셀프BBQ,"대여료 60,000원"
2023-04-14,3,4,Spring,0,0,0,느티나무 셀프BBQ,"대여료 60,000원"
2023-04-15,7,4,Spring,1,0,1,느티나무 셀프BBQ,"대여료 60,000원"
2023-04-16,6,4,Spring,1,0,1,느티나무 셀프BBQ,"대여료 60,000원"
2023-04-17,0,4,Spring,0,0,0,느티나무 셀프BBQ,"대여료 60,000원"
2023-04-18,1,4,Spring,0,0,0,느티나무 셀프BBQ,"대여료 60,000원"
2023-04-19,1,4,Spring,0,0,0,느티나무 셀프BBQ,"대여료 60,000원"
2023-04-20,0,4,Spring,0,0,0,느티나무 셀프BBQ,"대여료 60,000원"
2023-04-21,3,4,Spring,0,0,0,느티나무 셀프BBQ,"대여료 60,000원"
2023-04-22,11,4,Spring,1,0,1,느티나무 셀프BBQ,"대여료 60,000원"
2023-04-23,2,4,Spring,1,0,1,느티나무 셀프BBQ,"대여료 60,000원"
2023-04-24,0,4,Spring,0,0,0,느티나무 셀프BBQ,"대여료 60,000원"
2023-04-25,0,4,Spring,0,0,0,느티나무 셀프BBQ,"대여료 60,000원"
2023-04-26,0,4,Spring,0,0,0,느티나무 셀프BBQ,"대여료 60,000원"
2023-04-27,0,4,Spring,0,0,0,느티나무 셀프BBQ,"대여료 60,000원"
2023-04-28,0,4,Spring,0,0,0,느티나무 셀프BBQ,"대여료 60,000원"
2023-04-29,8,4,Spring,1,0,1,느티나무 셀프BBQ,"대여료 60,000원"
2023-04-30,12,4,Spring,1,0,1,느티나무 셀프BBQ,"대여료 60,000원"
2023-05-01,2,5,Spring,0,0,0,느티나무 셀프BBQ,"대여료 60,000원"
2023-05-02,0,5,Spring,0,0,0,느티나무 셀프BBQ,"대여료 60,000원"
2023-05-03,1,5,Spring,0,0,0,느티나무 셀프BBQ,"대여료 60,000원"
2023-05-04,6,5,Spring,0,0,0,느티나무 셀프BBQ,"대여료 60,000원"
2023-05-05,11,5,Spring,0,1,1,느티나무 셀프BBQ,"대여료 60,000원"
2023-05-06,12,5,Spring,1,0,1,느티나무 셀프BBQ,"대여료 60,000원"
2023-05-07,3,5,Spring,1,0,1,느티나무 셀프BBQ,"대여료 60,000원"
2023-05-08,0,5,Spring,0,0,0,느티나무 셀프BBQ,"대여료 60,000원"
2023-05-09,0,5,Spring,0,0,0,느티나무 셀프BBQ,"대여료 60,000원"
2023-05-10,0,5,Spring,0,0,0,느티나무 셀프BBQ,"대여료 60,000원"
2023-05-11,0,5,Spring,0,0,0,느티나무 셀프BBQ,"대여료 60,000원"
2023-05-12,0,5,Spring,0,0,0,느티나무 셀프BBQ,"대여료 60,000원"
2023-05-13,5,5,Spring,1,0,1,느티나무 셀프BBQ,"대여료 60,000원"
2023-05-14,1,5,Spring,1,0,1,느티나무 셀프BBQ,"대여료 60,000원"
2023-05-15,0,5,Spring,0,0,0,느티나무 셀프BBQ,"대여료 60,000원"
2023-05-16,0,5,Spring,0,0,0,느티나무 셀프BBQ,"대여료 60,000원"
2023-05-17,0,5,Spring,0,0,0,느티나무 셀프BBQ,"대여료 60,000원"
2023-05-18,0,5,Spring,0,0,0,느티나무 셀프BBQ,"대여료 60,000원"
2023-05-19,5,5,Spring,0,0,0,느티나무 셀프BBQ,"대여료 60,000원"
2023-05-20,11,5,Spring,1,0,1,느티나무 셀프BBQ,"대여료 60,000원"
2023-05-21,3,5,Spring,1,0,1,느티나무 셀프BBQ,"대여료 60,000원"
2023-05-22,0,5,Spring,0,0,0,느티나무 셀프BBQ,"대여료 60,000원"
2023-05-23,0,5,Spring,0,0,0,느티나무 셀프BBQ,"대여료 60,000원"
2023-05-24,1,5,Spring,0,0,0,느티나무 셀프BBQ,"대여료 60,000원"
2023-05-25,0,5,Spring,0,0,0,느티나무 셀프BBQ,"대여료 60,000원"
2023-05-26,6,5,Spring,0,0,0,느티나무 셀프BBQ,"대여료 60,000원"
2023-05-27,11,5,Spring,1,1,1,느티나무 셀프BBQ,"대여료 60,000원"
2023-05-28,12,5,Spring,1,0,1,느티나무 셀프BBQ,"대여료 60,000원"
2023-05-29,3,5,Spring,0,1,1,느티나무 셀프BBQ,"대여료 60,000원"
2023-05-30,2,5,Spring,0,0,0,느티나무 셀프BBQ,"대여료 60,000원"
2023-05-31,0,5,Spring,0,0,0,느티나무 셀프BBQ,"대여료 60,000원"
2023-06-01,0,6,Summer,0,0,0,느티나무 셀프BBQ,"대여료 60,000원"
2023-06-02,0,6,Summer,0,0,0,느티나무 셀프BBQ,"대여료 60,000원"
2023-06-03,11,6,Summer,1,0,1,느티나무 셀프BBQ,"대여료 60,000원"
2023-06-04,10,6,Summer,1,0,1,느티나무 셀프BBQ,"대여료 60,000원"
2023-06-05,3,6,Summer,0,0,0,느티나무 셀프BBQ,"대여료 60,000원"
2023-06-06,1,6,Summer,0,1,1,느티나무 셀프BBQ,"대여료 60,000원"
2023-06-07,0,6,Summer,0,0,0,느티나무 셀프BBQ,"대여료 60,000원"
2023-06-08,0,6,Summer,0,0,0,느티나무 셀프BBQ,"대여료 60,000원"
2023-06-09,2,6,Summer,0,0,0,느티나무 셀프BBQ,"대여료 60,000원"
2023-06-10,5,6,Summer,1,0,1,느티나무 셀프BBQ,"대여료 60,000원"
2023-06-11,1,6,Summer,1,0,1,느티나무 셀프BBQ,"대여료 60,000원"
2023-06-12,0,6,Summer,0,0,0,느티나무 셀프BBQ,"대여료 60,000원"
2023-06-13,0,6,Summer,0,0,0,느티나무 셀프BBQ,"대여료 60,000원"
2023-06-14,0,6,Summer,0,0,0,느티나무 셀프BBQ,"대여료 60,000원"
2023-06-15,0,6,Summer,0,0,0,느티나무 셀프BBQ,"대여료 60,000원"
2023-06-16,0,6,Summer,0,0,0,느티나무 셀프BBQ,"대여료 60,000원"
2023-06-17,9,6,Summer,1,0,1,느티나무 셀프BBQ,"대여료 60,000원"
2023-06-18,1,6,Summer,1,0,1,느티나무 셀프BBQ,"대여료 60,000원"
2023-06-19,0,6,Summer,0,0,0,느티나무 셀프BBQ,"대여료 60,000원"
2023-06-20,2,6,Summer,0,0,0,느티나무 셀프BBQ,"대여료 60,000원"
2023-06-21,0,6,Summer,0,0,0,느티나무 셀프BBQ,"대여료 60,000원"
2023-06-22,0,6,Summer,0,0,0,느티나무 셀프BBQ,"대여료 60,000원"
2023-06-23,0,6,Summer,0,0,0,느티나무 셀프BBQ,"대여료 60,000원"
2023-06-24,9,6,Summer,1,0,1,느티나무 셀프BBQ,"대여료 60,000원"
2023-06-25,2,6,Summer,1,0,1,느티나무 셀프BBQ,"대여료 60,000원"
2023-06-26,0,6,Summer,0,0,0,느티나무 셀프BBQ,"대여료 60,000원"
2023-06-27,1,6,Summer,0,0,0,느티나무 셀프BBQ,"대여료 60,000원"
2023-06-28,3,6,Summer,0,0,0,느티나무 셀프BBQ,"대여료 60,000원"
2023-06-29,0,6,Summer,0,0,0,느티나무 셀프BBQ,"대여료 60,000원"
2023-06-30,0,6,Summer,0,0,0,느티나무 셀프BBQ,"대여료 60,000원"
2023-07-01,11,7,Summer,1,0,1,느티나무 셀프BBQ,"대여료 60,000원"
2023-07-02,2,7,Summer,1,0,1,느티나무 셀프BBQ,"대여료 60,000원"
2023-07-03,0,7,Summer,0,0,0,느티나무 셀프BBQ,"대여료 60,000원"
2023-07-04,0,7,Summer,0,0,0,느티나무 셀프BBQ,"대여료 60,000원"
2023-07-05,1,7,Summer,0,0,0,느티나무 셀프BBQ,"대여료 60,000원"
2023-07-06,1,7,Summer,0,0,0,느티나무 셀프BBQ,"대여료 60,000원"
2023-07-07,1,7,Summer,0,0,0,느티나무 셀프BBQ,"대여료 60,000원"
2023-07-08,5,7,Summer,1,0,1,느티나무 셀프BBQ,"대여료 60,000원"
2023-07-09,10,7,Summer,1,0,1,느티나무 셀프BBQ,"대여료 60,000원"
2023-07-10,0,7,Summer,0,0,0,느티나무 셀프BBQ,"대여료 60,000원"
2023-07-11,2,7,Summer,0,0,0,느티나무 셀프BBQ,"대여료 60,000원"
2023-07-12,0,7,Summer,0,0,0,느티나무 셀프BBQ,"대여료 60,000원"
2023-07-13,1,7,Summer,0,0,0,느티나무 셀프BBQ,"대여료 60,000원"
2023-07-14,2,7,Summer,0,0,0,느티나무 셀프BBQ,"대여료 60,000원"
2023-07-15,12,7,Summer,1,0,1,느티나무 셀프BBQ,"대여료 60,000원"
2023-07-16,1,7,Summer,1,0,1,느티나무 셀프BBQ,"대여료 60,000원"
2023-07-17,0,7,Summer,0,0,0,느티나무 셀프BBQ,"대여료 60,000원"
2023-07-18,0,7,Summer,0,0,0,느티나무 셀프BBQ,"대여료 60,000원"
2023-07-19,0,7,Summer,0,0,0,느티나무 셀프BBQ,"대여료 60,000원"
2023-07-20,0,7,Summer,0,0,0,느티나무 셀프BBQ,"대여료 60,000원"
2023-07-21,1,7,Summer,0,0,0,느티나무 셀프BBQ,"대여료 60,000원"
2023-07-22,9,7,Summer,1,0,1,느티나무 셀프BBQ,"대여료 60,000원"
2023-07-23,2,7,Summer,1,0,1,느티나무 셀프BBQ,"대여료 60,000원"
2023-07-24,2,7,Summer,0,0,0,느티나무 셀프BBQ,"대여료 60,000원"
2023-07-25,0,7,Summer,0,0,0,느티나무 셀프BBQ,"대여료 60,000원"
2023-07-26,3,7,Summer,0,0,0,느티나무 셀프BBQ,"대여료 60,000원"
2023-07-27,3,7,Summer,0,0,0,느티나무 셀프BBQ,"대여료 60,000원"
2023-07-28,5,7,Summer,0,0,0,느티나무 셀프BBQ,"대여료 60,000원"
2023-07-29,4,7,Summer,1,0,1,느티나무 셀프BBQ,"대여료 60,000원"
2023-07-30,3,7,Summer,1,0,1,느티나무 셀프BBQ,"대여료 60,000원"
2023-07-31,3,7,Summer,0,0,0,느티나무 셀프BBQ,"대여료 60,000원"
2023-08-01,2,8,Summer,0,0,0,느티나무 셀프BBQ,"대여료 60,000원"
2023-08-02,2,8,Summer,0,0,0,느티나무 셀프BBQ,"대여료 60,000원"
2023-08-03,4,8,Summer,0,0,0,느티나무 셀프BBQ,"대여료 60,000원"
2023-08-04,11,8,Summer,0,0,0,느티나무 셀프BBQ,"대여료 60,000원"
2023-08-05,6,8,Summer,1,0,1,느티나무 셀프BBQ,"대여료 60,000원"
2023-08-06,6,8,Summer,1,0,1,느티나무 셀프BBQ,"대여료 60,000원"
2023-08-07,2,8,Summer,0,0,0,느티나무 셀프BBQ,"대여료 60,000원"
2023-08-08,0,8,Summer,0,0,0,느티나무 셀프BBQ,"대여료 60,000원"
2023-08-09,8,8,Summer,0,0,0,느티나무 셀프BBQ,"대여료 60,000원"
2023-08-10,4,8,Summer,0,0,0,느티나무 셀프BBQ,"대여료 60,000원"
2023-08-11,14,8,Summer,0,0,0,느티나무 셀프BBQ,"대여료 60,000원"
2023-08-12,3,8,Summer,1,0,1,느티나무 셀프BBQ,"대여료 60,000원"
2023-08-13,2,8,Summer,1,0,1,느티나무 셀프BBQ,"대여료 60,000원"
2023-08-14,1,8,Summer,0,0,0,느티나무 셀프BBQ,"대여료 60,000원"
2023-08-15,4,8,Summer,0,1,1,느티나무 셀프BBQ,"대여료 60,000원"
2023-08-16,1,8,Summer,0,0,0,느티나무 셀프BBQ,"대여료 60,000원"
2023-08-17,4,8,Summer,0,0,0,느티나무 셀프BBQ,"대여료 60,000원"
2023-08-18,0,8,Summer,0,0,0,느티나무 셀프BBQ,"대여료 60,000원"
2023-08-19,6,8,Summer,1,0,1,느티나무 셀프BBQ,"대여료 60,000원"
2023-08-20,2,8,Summer,1,0,1,느티나무 셀프BBQ,"대여료 60,000원"
2023-08-21,0,8,Summer,0,0,0,느티나무 셀프BBQ,"대여료 60,000원"
2023-08-22,1,8,Summer,0,0,0,느티나무 셀프BBQ,"대여료 60,000원"
2023-08-23,1,8,Summer,0,0,0,느티나무 셀프BBQ,"대여료 60,000원"
2023-08-24,0,8,Summer,0,0,0,느티나무 셀프BBQ,"대여료 60,000원"
2023-08-25,4,8,Summer,0,0,0,느티나무 셀프BBQ,"대여료 60,000원"
2023-08-26,8,8,Summer,1,0,1,느티나무 셀프BBQ,"대여료 60,000원"
2023-08-27,5,8,Summer,1,0,1,느티나무 셀프BBQ,"대여료 60,000원"
2023-08-28,0,8,Summer,0,0,0,느티나무 셀프BBQ,"대여료 60,000원"
2023-08-29,0,8,Summer,0,0,0,느티나무 셀프BBQ,"대여료 60,000원"
2023-08-30,-1,8,Summer,0,0,0,느티나무 셀프BBQ,"대여료 60,000원"
2023-08-31,1,8,Summer,0,0,0,느티나무 셀프BBQ,"대여료 60,000원"
2023-09-01,5,9,Autumn,0,0,0,느티나무 셀프BBQ,"대여료 60,000원"
2023-09-02,10,9,Autumn,1,0,1,느티나무 셀프BBQ,"대여료 60,000원"
2023-09-03,1,9,Autumn,1,0,1,느티나무 셀프BBQ,"대여료 60,000원"
2023-09-04,0,9,Autumn,0,0,0,느티나무 셀프BBQ,"대여료 60,000원"
2023-09-05,0,9,Autumn,0,0,0,느티나무 셀프BBQ,"대여료 60,000원"
2023-09-06,1,9,Autumn,0,0,0,느티나무 셀프BBQ,"대여료 60,000원"
2023-09-07,0,9,Autumn,0,0,0,느티나무 셀프BBQ,"대여료 60,000원"
2023-09-08,3,9,Autumn,0,0,0,느티나무 셀프BBQ,"대여료 60,000원"
2023-09-09,6,9,Autumn,1,0,1,느티나무 셀프BBQ,"대여료 60,000원"
2023-09-10,3,9,Autumn,1,0,1,느티나무 셀프BBQ,"대여료 60,000원"
2023-09-11,0,9,Autumn,0,0,0,느티나무 셀프BBQ,"대여료 60,000원"
2023-09-12,0,9,Autumn,0,0,0,느티나무 셀프BBQ,"대여료 60,000원"
2023-09-13,2,9,Autumn,0,0,0,느티나무 셀프BBQ,"대여료 60,000원"
2023-09-14,0,9,Autumn,0,0,0,느티나무 셀프BBQ,"대여료 60,000원"
2023-09-15,2,9,Autumn,0,0,0,느티나무 셀프BBQ,"대여료 60,000원"
2023-09-16,12,9,Autumn,1,0,1,느티나무 셀프BBQ,"대여료 60,000원"
2023-09-17,1,9,Autumn,1,0,1,느티나무 셀프BBQ,"대여료 60,000원"
2023-09-18,0,9,Autumn,0,0,0,느티나무 셀프BBQ,"대여료 60,000원"
2023-09-19,0,9,Autumn,0,0,0,느티나무 셀프BBQ,"대여료 60,000원"
2023-09-20,0,9,Autumn,0,0,0,느티나무 셀프BBQ,"대여료 60,000원"
2023-09-21,1,9,Autumn,0,0,0,느티나무 셀프BBQ,"대여료 60,000원"
2023-09-22,0,9,Autumn,0,0,0,느티나무 셀프BBQ,"대여료 60,000원"
2023-09-23,14,9,Autumn,1,0,1,느티나무 셀프BBQ,"대여료 60,000원"
2023-09-24,1,9,Autumn,1,0,1,느티나무 셀프BBQ,"대여료 60,000원"
2023-09-25,0,9,Autumn,0,0,0,느티나무 셀프BBQ,"대여료 60,000원"
2023-09-26,1,9,Autumn,0,0,0,느티나무 셀프BBQ,"대여료 60,000원"
2023-09-27,3,9,Autumn,0,0,0,느티나무 셀프BBQ,"대여료 60,000원"
2023-09-28,8,9,Autumn,0,1,1,느티나무 셀프BBQ,"대여료 60,000원"
2023-09-29,14,9,Autumn,0,1,1,느티나무 셀프BBQ,"대여료 60,000원"
2023-09-30,12,9,Autumn,1,1,1,느티나무 셀프BBQ,"대여료 60,000원"
2023-10-01,8,10,Autumn,1,0,1,느티나무 셀프BBQ,"대여료 60,000원"
2023-10-02,2,10,Autumn,0,1,1,느티나무 셀프BBQ,"대여료 60,000원"
2023-10-03,2,10,Autumn,0,1,1,느티나무 셀프BBQ,"대여료 60,000원"
2023-10-04,0,10,Autumn,0,0,0,느티나무 셀프BBQ,"대여료 60,000원"
2023-10-05,0,10,Autumn,0,0,0,느티나무 셀프BBQ,"대여료 60,000원"
2023-10-06,1,10,Autumn,0,0,0,느티나무 셀프BBQ,"대여료 60,000원"
2023-10-07,4,10,Autumn,1,0,1,느티나무 셀프BBQ,"대여료 60,000원"
2023-10-08,5,10,Autumn,1,0,1,느티나무 셀프BBQ,"대여료 60,000원"
2023-10-09,3,10,Autumn,0,1,1,느티나무 셀프BBQ,"대여료 60,000원"
2023-10-10,0,10,Autumn,0,0,0,느티나무 셀프BBQ,"대여료 60,000원"
2023-10-11,0,10,Autumn,0,0,0,느티나무 셀프BBQ,"대여료 60,000원"
2023-10-12,0,10,Autumn,0,0,0,느티나무 셀프BBQ,"대여료 60,000원"
2023-10-13,0,10,Autumn,0,0,0,느티나무 셀프BBQ,"대여료 60,000원"
2023-10-14,9,10,Autumn,1,0,1,느티나무 셀프BBQ,"대여료 60,000원"
2023-10-15,5,10,Autumn,1,0,1,느티나무 셀프BBQ,"대여료 60,000원"
2023-10-16,0,10,Autumn,0,0,0,느티나무 셀프BBQ,"대여료 60,000원"
2023-10-17,0,10,Autumn,0,0,0,느티나무 셀프BBQ,"대여료 60,000원"
2023-10-18,1,10,Autumn,0,0,0,느티나무 셀프BBQ,"대여료 60,000원"
2023-10-19,0,10,Autumn,0,0,0,느티나무 셀프BBQ,"대여료 60,000원"
2023-10-20,2,10,Autumn,0,0,0,느티나무 셀프BBQ,"대여료 60,000원"
2023-10-21,4,10,Autumn,1,0,1,느티나무 셀프BBQ,"대여료 60,000원"
2023-10-22,5,10,Autumn,1,0,1,느티나무 셀프BBQ,"대여료 60,000원"
2023-10-23,0,10,Autumn,0,0,0,느티나무 셀프BBQ,"대여료 60,000원"
2023-10-24,1,10,Autumn,0,0,0,느티나무 셀프BBQ,"대여료 60,000원"
2023-10-25,3,10,Autumn,0,0,0,느티나무 셀프BBQ,"대여료 60,000원"
2023-10-26,1,10,Autumn,0,0,0,느티나무 셀프BBQ,"대여료 60,000원"
2023-10-27,3,10,Autumn,0,0,0,느티나무 셀프BBQ,"대여료 60,000원"
2023-10-28,8,10,Autumn,1,0,1,느티나무 셀프BBQ,"대여료 60,000원"
2023-10-29,4,10,Autumn,1,0,1,느티나무 셀프BBQ,"대여료 60,000원"
2023-10-30,0,10,Autumn,0,0,0,느티나무 셀프BBQ,"대여료 60,000원"
2023-10-31,5,10,Autumn,0,0,0,느티나무 셀프BBQ,"대여료 60,000원"
2023-11-01,0,11,Autumn,0,0,0,느티나무 셀프BBQ,"대여료 60,000원"
2023-11-02,0,11,Autumn,0,0,0,느티나무 셀프BBQ,"대여료 60,000원"
2023-11-03,1,11,Autumn,0,0,0,느티나무 셀프BBQ,"대여료 60,000원"
2023-11-04,16,11,Autumn,1,0,1,느티나무 셀프BBQ,"대여료 60,000원"
2023-11-05,11,11,Autumn,1,0,1,느티나무 셀프BBQ,"대여료 60,000원"
2023-11-06,0,11,Autumn,0,0,0,느티나무 셀프BBQ,"대여료 60,000원"
2023-11-07,3,11,Autumn,0,0,0,느티나무 셀프BBQ,"대여료 60,000원"
2023-11-08,2,11,Autumn,0,0,0,느티나무 셀프BBQ,"대여료 60,000원"
2023-11-09,0,11,Autumn,0,0,0,느티나무 셀프BBQ,"대여료 60,000원"
2023-11-10,0,11,Autumn,0,0,0,느티나무 셀프BBQ,"대여료 60,000원"
2023-11-11,7,11,Autumn,1,0,1,느티나무 셀프BBQ,"대여료 60,000원"
2023-11-12,7,11,Autumn,1,0,1,느티나무 셀프BBQ,"대여료 60,000원"
2023-11-13,0,11,Autumn,0,0,0,느티나무 셀프BBQ,"대여료 60,000원"
2023-11-14,3,11,Autumn,0,0,0,느티나무 셀프BBQ,"대여료 60,000원"
2023-11-15,0,11,Autumn,0,0,0,느티나무 셀프BBQ,"대여료 60,000원"
2023-11-16,3,11,Autumn,0,0,0,느티나무 셀프BBQ,"대여료 60,000원"
2023-11-17,0,11,Autumn,0,0,0,느티나무 셀프BBQ,"대여료 60,000원"
2023-11-18,8,11,Autumn,1,0,1,느티나무 셀프BBQ,"대여료 60,000원"
2023-11-19,5,11,Autumn,1,0,1,느티나무 셀프BBQ,"대여료 60,000원"
2023-11-20,0,11,Autumn,0,0,0,느티나무 셀프BBQ,"대여료 60,000원"
2023-11-21,0,11,Autumn,0,0,0,느티나무 셀프BBQ,"대여료 60,000원"
2023-11-22,0,11,Autumn,0,0,0,느티나무 셀프BBQ,"대여료 60,000원"
2023-11-23,0,11,Autumn,0,0,0,느티나무 셀프BBQ,"대여료 60,000원"
2023-11-24,0,11,Autumn,0,0,0,느티나무 셀프BBQ,"대여료 60,000원"
2023-11-25,10,11,Autumn,1,0,1,느티나무 셀프BBQ,"대여료 60,000원"
2023-11-26,4,11,Autumn,1,0,1,느티나무 셀프BBQ,"대여료 60,000원"
2023-11-27,0,11,Autumn,0,0,0,느티나무 셀프BBQ,"대여료 60,000원"
2023-11-28,1,11,Autumn,0,0,0,느티나무 셀프BBQ,"대여료 60,000원"
2023-11-29,3,11,Autumn,0,0,0,느티나무 셀프BBQ,"대여료 60,000원"
2023-11-30,0,11,Autumn,0,0,0,느티나무 셀프BBQ,"대여료 60,000원"
2023-12-01,1,12,Winter,0,0,0,느티나무 셀프BBQ,"대여료 60,000원"
2023-12-02,4,12,Winter,1,0,1,느티나무 셀프BBQ,"대여료 60,000원"
2023-12-03,2,12,Winter,1,0,1,느티나무 셀프BBQ,"대여료 60,000원"
2023-12-04,0,12,Winter,0,0,0,느티나무 셀프BBQ,"대여료 60,000원"
2023-12-05,0,12,Winter,0,0,0,느티나무 셀프BBQ,"대여료 60,000원"
2023-12-06,2,12,Winter,0,0,0,느티나무 셀프BBQ,"대여료 60,000원"
2023-12-07,0,12,Winter,0,0,0,느티나무 셀프BBQ,"대여료 60,000원"
2023-12-08,4,12,Winter,0,0,0,느티나무 셀프BBQ,"대여료 60,000원"
2023-12-09,3,12,Winter,1,0,1,느티나무 셀프BBQ,"대여료 60,000원"
2023-12-10,2,12,Winter,1,0,1,느티나무 셀프BBQ,"대여료 60,000원"
2023-12-11,2,12,Winter,0,0,0,느티나무 셀프BBQ,"대여료 60,000원"
2023-12-12,2,12,Winter,0,0,0,느티나무 셀프BBQ,"대여료 60,000원"
2023-12-13,3,12,Winter,0,0,0,느티나무 셀프BBQ,"대여료 60,000원"
2023-12-14,2,12,Winter,0,0,0,느티나무 셀프BBQ,"대여료 60,000원"
2023-12-15,2,12,Winter,0,0,0,느티나무 셀프BBQ,"대여료 60,000원"
2023-12-16,5,12,Winter,1,0,1,느티나무 셀프BBQ,"대여료 60,000원"
2023-12-17,3,12,Winter,1,0,1,느티나무 셀프BBQ,"대여료 60,000원"
2023-12-18,4,12,Winter,0,0,0,느티나무 셀프BBQ,"대여료 60,000원"
2023-12-19,1,12,Winter,0,0,0,느티나무 셀프BBQ,"대여료 60,000원"
2023-12-20,1,12,Winter,0,0,0,느티나무 셀프BBQ,"대여료 60,000원"
2023-12-21,3,12,Winter,0,0,0,느티나무 셀프BBQ,"대여료 60,000원"
2023-12-22,2,12,Winter,0,0,0,느티나무 셀프BBQ,"대여료 60,000원"
2023-12-23,2,12,Winter,1,0,1,느티나무 셀프BBQ,"대여료 60,000원"
2023-12-24,2,12,Winter,1,0,1,느티나무 셀프BBQ,"대여료 60,000원"
2023-12-25,4,12,Winter,0,1,1,느티나무 셀프BBQ,"대여료 60,000원"
2023-12-26,1,12,Winter,0,0,0,느티나무 셀프BBQ,"대여료 60,000원"
2023-12-27,2,12,Winter,0,0,0,느티나무 셀프BBQ,"대여료 60,000원"
2023-12-28,2,12,Winter,0,0,0,느티나무 셀프BBQ,"대여료 60,000원"
2023-12-29,4,12,Winter,0,0,0,느티나무 셀프BBQ,"대여료 60,000원"
2023-12-30,3,12,Winter,1,0,1,느티나무 셀프BBQ,"대여료 60,000원"
2023-12-31,3,12,Winter,1,0,1,느티나무 셀프BBQ,"대여료 60,000원"
2024-01-01,4,1,Winter,0,1,1,느티나무 셀프BBQ,"대여료 60,000원"
2024-01-02,3,1,Winter,0,0,0,느티나무 셀프BBQ,"대여료 60,000원"
2024-01-03,3,1,Winter,0,0,0,느티나무 셀프BBQ,"대여료 60,000원"
2024-01-04,3,1,Winter,0,0,0,느티나무 셀프BBQ,"대여료 60,000원"
2024-01-05,1,1,Winter,0,0,0,느티나무 셀프BBQ,"대여료 60,000원"
2024-01-06,3,1,Winter,1,0,1,느티나무 셀프BBQ,"대여료 60,000원"
2024-01-07,1,1,Winter,1,0,1,느티나무 셀프BBQ,"대여료 60,000원"
2024-01-08,2,1,Winter,0,0,0,느티나무 셀프BBQ,"대여료 60,000원"
2024-01-09,3,1,Winter,0,0,0,느티나무 셀프BBQ,"대여료 60,000원"
2024-01-10,4,1,Winter,0,0,0,느티나무 셀프BBQ,"대여료 60,000원"
2024-01-11,2,1,Winter,0,0,0,느티나무 셀프BBQ,"대여료 60,000원"
2024-01-12,4,1,Winter,0,0,0,느티나무 셀프BBQ,"대여료 60,000원"
2024-01-13,4,1,Winter,1,0,1,느티나무 셀프BBQ,"대여료 60,000원"
2024-01-14,1,1,Winter,1,0,1,느티나무 셀프BBQ,"대여료 60,000원"
2024-01-15,1,1,Winter,0,0,0,느티나무 셀프BBQ,"대여료 60,000원"
2024-01-16,2,1,Winter,0,0,0,느티나무 셀프BBQ,"대여료 60,000원"
2024-01-17,5,1,Winter,0,0,0,느티나무 셀프BBQ,"대여료 60,000원"
2024-01-18,0,1,Winter,0,0,0,느티나무 셀프BBQ,"대여료 60,000원"
2024-01-19,1,1,Winter,0,0,0,느티나무 셀프BBQ,"대여료 60,000원"
2024-01-20,2,1,Winter,1,0,1,느티나무 셀프BBQ,"대여료 60,000원"
2024-01-21,1,1,Winter,1,0,1,느티나무 셀프BBQ,"대여료 60,000원"
2024-01-22,2,1,Winter,0,0,0,느티나무 셀프BBQ,"대여료 60,000원"
2024-01-23,0,1,Winter,0,0,0,느티나무 셀프BBQ,"대여료 60,000원"
2024-01-24,3,1,Winter,0,0,0,느티나무 셀프BBQ,"대여료 60,000원"
2024-01-25,3,1,Winter,0,0,0,느티나무 셀프BBQ,"대여료 60,000원"
2024-01-26,1,1,Winter,0,0,0,느티나무 셀프BBQ,"대여료 60,000원"
2024-01-27,3,1,Winter,1,0,1,느티나무 셀프BBQ,"대여료 60,000원"
2024-01-28,3,1,Winter,1,0,1,느티나무 셀프BBQ,"대여료 60,000원"
2024-01-29,2,1,Winter,0,0,0,느티나무 셀프BBQ,"대여료 60,000원"
2024-01-30,3,1,Winter,0,0,0,느티나무 셀프BBQ,"대여료 60,000원"
2024-01-31,3,1,Winter,0,0,0,느티나무 셀프BBQ,"대여료 60,000원"
2024-02-01,1,2,Winter,0,0,0,느티나무 셀프BBQ,"대여료 60,000원"
2024-02-02,2,2,Winter,0,0,0,느티나무 셀프BBQ,"대여료 60,000원"
2024-02-03,1,2,Winter,1,0,1,느티나무 셀프BBQ,"대여료 60,000원"
2024-02-04,2,2,Winter,1,0,1,느티나무 셀프BBQ,"대여료 60,000원"
2024-02-05,5,2,Winter,0,0,0,느티나무 셀프BBQ,"대여료 60,000원"
2024-02-06,1,2,Winter,0,0,0,느티나무 셀프BBQ,"대여료 60,000원"
2024-02-07,1,2,Winter,0,0,0,느티나무 셀프BBQ,"대여료 60,000원"
2024-02-08,4,2,Winter,0,0,0,느티나무 셀프BBQ,"대여료 60,000원"
2024-02-09,0,2,Winter,0,1,1,느티나무 셀프BBQ,"대여료 60,000원"
2024-02-10,5,2,Winter,1,1,1,느티나무 셀프BBQ,"대여료 60,000원"
2024-02-11,1,2,Winter,1,1,1,느티나무 셀프BBQ,"대여료 60,000원"
2024-02-12,1,2,Winter,0,1,1,느티나무 셀프BBQ,"대여료 60,000원"
2024-02-13,2,2,Winter,0,0,0,느티나무 셀프BBQ,"대여료 60,000원"
2024-02-14,1,2,Winter,0,0,0,느티나무 셀프BBQ,"대여료 60,000원"
2024-02-15,2,2,Winter,0,0,0,느티나무 셀프BBQ,"대여료 60,000원"
2024-02-16,3,2,Winter,0,0,0,느티나무 셀프BBQ,"대여료 60,000원"
2024-02-17,3,2,Winter,1,0,1,느티나무 셀프BBQ,"대여료 60,000원"
2024-02-18,1,2,Winter,1,0,1,느티나무 셀프BBQ,"대여료 60,000원"
2024-02-19,1,2,Winter,0,0,0,느티나무 셀프BBQ,"대여료 60,000원"
2024-02-20,1,2,Winter,0,0,0,느티나무 셀프BBQ,"대여료 60,000원"
2024-02-21,1,2,Winter,0,0,0,느티나무 셀프BBQ,"대여료 60,000원"
2024-02-22,2,2,Winter,0,0,0,느티나무 셀프BBQ,"대여료 60,000원"
2024-02-23,3,2,Winter,0,0,0,느티나무 셀프BBQ,"대여료 60,000원"
2024-02-24,2,2,Winter,1,0,1,느티나무 셀프BBQ,"대여료 60,000원"
2024-02-25,2,2,Winter,1,0,1,느티나무 셀프BBQ,"대여료 60,000원"
2024-02-26,1,2,Winter,0,0,0,느티나무 셀프BBQ,"대여료 60,000원"
2024-02-27,0,2,Winter,0,0,0,느티나무 셀프BBQ,"대여료 60,000원"
2024-02-28,1,2,Winter,0,0,0,느티나무 셀프BBQ,"대여료 60,000원"
2024-02-29,5,2,Winter,0,0,0,느티나무 셀프BBQ,"대여료 60,000원"
2024-03-01,1,3,Spring,0,1,1,느티나무 셀프BBQ,"대여료 60,000원"
2024-03-02,0,3,Spring,1,0,1,느티나무 셀프BBQ,"대여료 60,000원"
2024-03-03,0,3,Spring,1,0,1,느티나무 셀프BBQ,"대여료 60,000원"
2024-03-04,0,3,Spring,0,0,0,느티나무 셀프BBQ,"대여료 60,000원"
2024-03-05,0,3,Spring,0,0,0,느티나무 셀프BBQ,"대여료 60,000원"
2024-03-06,0,3,Spring,0,0,0,느티나무 셀프BBQ,"대여료 60,000원"
2024-03-07,0,3,Spring,0,0,0,느티나무 셀프BBQ,"대여료 60,000원"
2024-03-08,0,3,Spring,0,0,0,느티나무 셀프BBQ,"대여료 60,000원"
2024-03-09,0,3,Spring,1,0,1,느티나무 셀프BBQ,"대여료 60,000원"
2024-03-10,0,3,Spring,1,0,1,느티나무 셀프BBQ,"대여료 60,000원"
2024-03-11,0,3,Spring,0,0,0,느티나무 셀프BBQ,"대여료 60,000원"
2024-03-12,0,3,Spring,0,0,0,느티나무 셀프BBQ,"대여료 60,000원"
2024-03-13,0,3,Spring,0,0,0,느티나무 셀프BBQ,"대여료 60,000원"
2024-03-14,1,3,Spring,0,0,0,느티나무 셀프BBQ,"대여료 60,000원"
2024-03-15,3,3,Spring,0,0,0,느티나무 셀프BBQ,"대여료 60,000원"
2024-03-16,7,3,Spring,1,0,1,느티나무 셀프BBQ,"대여료 60,000원"
2024-03-17,3,3,Spring,1,0,1,느티나무 셀프BBQ,"대여료 60,000원"
2024-03-18,0,3,Spring,0,0,0,느티나무 셀프BBQ,"대여료 60,000원"
2024-03-19,0,3,Spring,0,0,0,느티나무 셀프BBQ,"대여료 60,000원"
2024-03-20,1,3,Spring,0,0,0,느티나무 셀프BBQ,"대여료 60,000원"
2024-03-21,0,3,Spring,0,0,0,느티나무 셀프BBQ,"대여료 60,000원"
2024-03-22,7,3,Spring,0,0,0,느티나무 셀프BBQ,"대여료 60,000원"
2024-03-23,15,3,Spring,1,0,1,느티나무 셀프BBQ,"대여료 60,000원"
2024-03-24,2,3,Spring,1,0,1,느티나무 셀프BBQ,"대여료 60,000원"
2024-03-25,0,3,Spring,0,0,0,느티나무 셀프BBQ,"대여료 60,000원"
2024-03-26,0,3,Spring,0,0,0,느티나무 셀프BBQ,"대여료 60,000원"
2024-03-27,1,3,Spring,0,0,0,느티나무 셀프BBQ,"대여료 60,000원"
2024-03-28,4,3,Spring,0,0,0,느티나무 셀프BBQ,"대여료 60,000원"
2024-03-29,8,3,Spring,0,0,0,느티나무 셀프BBQ,"대여료 60,000원"
2024-03-30,8,3,Spring,1,0,1,느티나무 셀프BBQ,"대여료 60,000원"
2024-03-31,8,3,Spring,1,0,1,느티나무 셀프BBQ,"대여료 60,000원"
2024-04-01,0,4,Spring,0,0,0,느티나무 셀프BBQ,"대여료 60,000원"
2024-04-02,0,4,Spring,0,0,0,느티나무 셀프BBQ,"대여료 60,000원"
2024-04-03,0,4,Spring,0,0,0,느티나무 셀프BBQ,"대여료 60,000원"
2024-04-04,4,4,Spring,0,0,0,느티나무 셀프BBQ,"대여료 60,000원"
2024-04-05,11,4,Spring,0,0,0,느티나무 셀프BBQ,"대여료 60,000원"
2024-04-06,11,4,Spring,1,0,1,느티나무 셀프BBQ,"대여료 60,000원"
2024-04-07,6,4,Spring,1,0,1,느티나무 셀프BBQ,"대여료 60,000원"
2024-04-08,0,4,Spring,0,0,0,느티나무 셀프BBQ,"대여료 60,000원"
2024-04-09,5,4,Spring,0,0,0,느티나무 셀프BBQ,"대여료 60,000원"
2024-04-10,12,4,Spring,0,1,1,느티나무 셀프BBQ,"대여료 60,000원"
2024-04-11,3,4,Spring,0,0,0,느티나무 셀프BBQ,"대여료 60,000원"
2024-04-12,3,4,Spring,0,0,0,느티나무 셀프BBQ,"대여료 60,000원"
2024-04-13,13,4,Spring,1,0,1,느티나무 셀프BBQ,"대여료 60,000원"
2024-04-14,11,4,Spring,1,0,1,느티나무 셀프BBQ,"대여료 60,000원"
2024-04-15,0,4,Spring,0,0,0,느티나무 셀프BBQ,"대여료 60,000원"
2024-04-16,2,4,Spring,0,0,0,느티나무 셀프BBQ,"대여료 60,000원"
2024-04-17,3,4,Spring,0,0,0,느티나무 셀프BBQ,"대여료 60,000원"
2024-04-18,0,4,Spring,0,0,0,느티나무 셀프BBQ,"대여료 60,000원"
2024-04-19,1,4,Spring,0,0,0,느티나무 셀프BBQ,"대여료 60,000원"
2024-04-20,11,4,Spring,1,0,1,느티나무 셀프BBQ,"대여료 60,000원"
2024-04-21,3,4,Spring,1,0,1,느티나무 셀프BBQ,"대여료 60,000원"
2024-04-22,0,4,Spring,0,0,0,느티나무 셀프BBQ,"대여료 60,000원"
2024-04-23,0,4,Spring,0,0,0,느티나무 셀프BBQ,"대여료 60,000원"
2024-04-24,0,4,Spring,0,0,0,느티나무 셀프BBQ,"대여료 60,000원"
2024-04-25,1,4,Spring,0,0,0,느티나무 셀프BBQ,"대여료 60,000원"
2024-04-26,0,4,Spring,0,0,0,느티나무 셀프BBQ,"대여료 60,000원"
2024-04-27,12,4,Spring,1,0,1,느티나무 셀프BBQ,"대여료 60,000원"
2024-04-28,6,4,Spring,1,0,1,느티나무 셀프BBQ,"대여료 60,000원"
2024-04-29,0,4,Spring,0,0,0,느티나무 셀프BBQ,"대여료 60,000원"
2024-04-30,1,4,Spring,0,0,0,느티나무 셀프BBQ,"대여료 60,000원"
2024-05-01,2,5,Spring,0,0,0,느티나무 셀프BBQ,"대여료 60,000원"
2024-05-02,0,5,Spring,0,0,0,느티나무 셀프BBQ,"대여료 60,000원"
2024-05-03,4,5,Spring,0,0,0,느티나무 셀프BBQ,"대여료 60,000원"
2024-05-04,11,5,Spring,1,0,1,느티나무 셀프BBQ,"대여료 60,000원"
2024-05-05,12,5,Spring,1,1,1,느티나무 셀프BBQ,"대여료 60,000원"
2024-05-06,0,5,Spring,0,1,1,느티나무 셀프BBQ,"대여료 60,000원"
2024-05-07,1,5,Spring,0,0,0,느티나무 셀프BBQ,"대여료 60,000원"
2024-05-08,1,5,Spring,0,0,0,느티나무 셀프BBQ,"대여료 60,000원"
2024-05-09,1,5,Spring,0,0,0,느티나무 셀프BBQ,"대여료 60,000원"
2024-05-10,2,5,Spring,0,0,0,느티나무 셀프BBQ,"대여료 60,000원"
2024-05-11,10,5,Spring,1,0,1,느티나무 셀프BBQ,"대여료 60,000원"
2024-05-12,1,5,Spring,1,0,1,느티나무 셀프BBQ,"대여료 60,000원"
2024-05-13,0,5,Spring,0,0,0,느티나무 셀프BBQ,"대여료 60,000원"
2024-05-14,1,5,Spring,0,0,0,느티나무 셀프BBQ,"대여료 60,000원"
2024-05-15,9,5,Spring,0,1,1,느티나무 셀프BBQ,"대여료 60,000원"
2024-05-16,2,5,Spring,0,0,0,느티나무 셀프BBQ,"대여료 60,000원"
2024-05-17,3,5,Spring,0,0,0,느티나무 셀프BBQ,"대여료 60,000원"
2024-05-18,11,5,Spring,1,0,1,느티나무 셀프BBQ,"대여료 60,000원"
2024-05-19,1,5,Spring,1,0,1,느티나무 셀프BBQ,"대여료 60,000원"
2024-05-20,0,5,Spring,0,0,0,느티나무 셀프BBQ,"대여료 60,000원"
2024-05-21,0,5,Spring,0,0,0,느티나무 셀프BBQ,"대여료 60,000원"
2024-05-22,1,5,Spring,0,0,0,느티나무 셀프BBQ,"대여료 60,000원"
2024-05-23,1,5,Spring,0,0,0,느티나무 셀프BBQ,"대여료 60,000원"
2024-05-24,4,5,Spring,0,0,0,느티나무 셀프BBQ,"대여료 60,000원"
2024-05-25,5,5,Spring,1,0,1,느티나무 셀프BBQ,"대여료 60,000원"
2024-05-26,1,5,Spring,1,0,1,느티나무 셀프BBQ,"대여료 60,000원"
2024-05-27,0,5,Spring,0,0,0,느티나무 셀프BBQ,"대여료 60,000원"
2024-05-28,0,5,Spring,0,0,0,느티나무 셀프BBQ,"대여료 60,000원"
2024-05-29,1,5,Spring,0,0,0,느티나무 셀프BBQ,"대여료 60,000원"
2024-05-30,0,5,Spring,0,0,0,느티나무 셀프BBQ,"대여료 60,000원"
2024-05-31,2,5,Spring,0,0,0,느티나무 셀프BBQ,"대여료 60,000원"
2024-06-01,11,6,Summer,1,0,1,느티나무 셀프BBQ,"대여료 60,000원"
2024-06-02,1,6,Summer,1,0,1,느티나무 셀프BBQ,"대여료 60,000원"
2024-06-03,0,6,Summer,0,0,0,느티나무 셀프BBQ,"대여료 60,000원"
2024-06-04,0,6,Summer,0,0,0,느티나무 셀프BBQ,"대여료 60,000원"
2024-06-05,0,6,Summer,0,0,0,느티나무 셀프BBQ,"대여료 60,000원"
2024-06-06,5,6,Summer,0,1,1,느티나무 셀프BBQ,"대여료 60,000원"
2024-06-07,6,6,Summer,0,0,0,느티나무 셀프BBQ,"대여료 60,000원"
2024-06-08,8,6,Summer,1,0,1,느티나무 셀프BBQ,"대여료 60,000원"
2024-06-09,1,6,Summer,1,0,1,느티나무 셀프BBQ,"대여료 60,000원"
2024-06-10,0,6,Summer,0,0,0,느티나무 셀프BBQ,"대여료 60,000원"
2024-06-11,0,6,Summer,0,0,0,느티나무 셀프BBQ,"대여료 60,000원"
2024-06-12,0,6,Summer,0,0,0,느티나무 셀프BBQ,"대여료 60,000원"
2024-06-13,0,6,Summer,0,0,0,느티나무 셀프BBQ,"대여료 60,000원"
2024-06-14,0,6,Summer,0,0,0,느티나무 셀프BBQ,"대여료 60,000원"
2024-06-15,1,6,Summer,1,0,1,느티나무 셀프BBQ,"대여료 60,000원"
2023-01-01,0,1,Winter,1,1,1,느티나무 셀프BBQ,"대여료 90,000원"
2023-01-02,1,1,Winter,0,0,0,느티나무 셀프BBQ,"대여료 90,000원"
2023-01-03,0,1,Winter,0,0,0,느티나무 셀프BBQ,"대여료 90,000원"
2023-01-04,0,1,Winter,0,0,0,느티나무 셀프BBQ,"대여료 90,000원"
2023-01-05,0,1,Winter,0,0,0,느티나무 셀프BBQ,"대여료 90,000원"
2023-01-06,0,1,Winter,0,0,0,느티나무 셀프BBQ,"대여료 90,000원"
2023-01-07,1,1,Winter,1,0,1,느티나무 셀프BBQ,"대여료 90,000원"
2023-01-08,0,1,Winter,1,0,1,느티나무 셀프BBQ,"대여료 90,000원"
2023-01-09,1,1,Winter,0,0,0,느티나무 셀프BBQ,"대여료 90,000원"
2023-01-10,0,1,Winter,0,0,0,느티나무 셀프BBQ,"대여료 90,000원"
2023-01-11,2,1,Winter,0,0,0,느티나무 셀프BBQ,"대여료 90,000원"
2023-01-12,0,1,Winter,0,0,0,느티나무 셀프BBQ,"대여료 90,000원"
2023-01-13,1,1,Winter,0,0,0,느티나무 셀프BBQ,"대여료 90,000원"
2023-01-14,1,1,Winter,1,0,1,느티나무 셀프BBQ,"대여료 90,000원"
2023-01-15,2,1,Winter,1,0,1,느티나무 셀프BBQ,"대여료 90,000원"
2023-01-16,0,1,Winter,0,0,0,느티나무 셀프BBQ,"대여료 90,000원"
2023-01-17,0,1,Winter,0,0,0,느티나무 셀프BBQ,"대여료 90,000원"
2023-01-18,1,1,Winter,0,0,0,느티나무 셀프BBQ,"대여료 90,000원"
2023-01-19,0,1,Winter,0,0,0,느티나무 셀프BBQ,"대여료 90,000원"
2023-01-20,1,1,Winter,0,0,0,느티나무 셀프BBQ,"대여료 90,000원"
2023-01-21,0,1,Winter,1,1,1,느티나무 셀프BBQ,"대여료 90,000원"
2023-01-22,1,1,Winter,1,1,1,느티나무 셀프BBQ,"대여료 90,000원"
2023-01-23,1,1,Winter,0,1,1,느티나무 셀프BBQ,"대여료 90,000원"
2023-01-24,0,1,Winter,0,1,1,느티나무 셀프BBQ,"대여료 90,000원"
2023-01-25,0,1,Winter,0,0,0,느티나무 셀프BBQ,"대여료 90,000원"
2023-01-26,3,1,Winter,0,0,0,느티나무 셀프BBQ,"대여료 90,000원"
2023-01-27,0,1,Winter,0,0,0,느티나무 셀프BBQ,"대여료 90,000원"
2023-01-28,0,1,Winter,1,0,1,느티나무 셀프BBQ,"대여료 90,000원"
2023-01-29,0,1,Winter,1,0,1,느티나무 셀프BBQ,"대여료 90,000원"
2023-01-30,0,1,Winter,0,0,0,느티나무 셀프BBQ,"대여료 90,000원"
2023-01-31,0,1,Winter,0,0,0,느티나무 셀프BBQ,"대여료 90,000원"
2023-02-01,0,2,Winter,0,0,0,느티나무 셀프BBQ,"대여료 90,000원"
2023-02-02,0,2,Winter,0,0,0,느티나무 셀프BBQ,"대여료 90,000원"
2023-02-03,0,2,Winter,0,0,0,느티나무 셀프BBQ,"대여료 90,000원"
2023-02-04,1,2,Winter,1,0,1,느티나무 셀프BBQ,"대여료 90,000원"
2023-02-05,1,2,Winter,1,0,1,느티나무 셀프BBQ,"대여료 90,000원"
2023-02-06,0,2,Winter,0,0,0,느티나무 셀프BBQ,"대여료 90,000원"
2023-02-07,0,2,Winter,0,0,0,느티나무 셀프BBQ,"대여료 90,000원"
2023-02-08,0,2,Winter,0,0,0,느티나무 셀프BBQ,"대여료 90,000원"
2023-02-09,0,2,Winter,0,0,0,느티나무 셀프BBQ,"대여료 90,000원"
2023-02-10,2,2,Winter,0,0,0,느티나무 셀프BBQ,"대여료 90,000원"
2023-02-11,0,2,Winter,1,0,1,느티나무 셀프BBQ,"대여료 90,000원"
2023-02-12,0,2,Winter,1,0,1,느티나무 셀프BBQ,"대여료 90,000원"
2023-02-13,0,2,Winter,0,0,0,느티나무 셀프BBQ,"대여료 90,000원"
2023-02-14,2,2,Winter,0,0,0,느티나무 셀프BBQ,"대여료 90,000원"
2023-02-15,0,2,Winter,0,0,0,느티나무 셀프BBQ,"대여료 90,000원"
2023-02-16,0,2,Winter,0,0,0,느티나무 셀프BBQ,"대여료 90,000원"
2023-02-17,0,2,Winter,0,0,0,느티나무 셀프BBQ,"대여료 90,000원"
2023-02-18,0,2,Winter,1,0,1,느티나무 셀프BBQ,"대여료 90,000원"
2023-02-19,0,2,Winter,1,0,1,느티나무 셀프BBQ,"대여료 90,000원"
2023-02-20,2,2,Winter,0,0,0,느티나무 셀프BBQ,"대여료 90,000원"
2023-02-21,1,2,Winter,0,0,0,느티나무 셀프BBQ,"대여료 90,000원"
2023-02-22,0,2,Winter,0,0,0,느티나무 셀프BBQ,"대여료 90,000원"
2023-02-23,1,2,Winter,0,0,0,느티나무 셀프BBQ,"대여료 90,000원"
2023-02-24,1,2,Winter,0,0,0,느티나무 셀프BBQ,"대여료 90,000원"
2023-02-25,0,2,Winter,1,0,1,느티나무 셀프BBQ,"대여료 90,000원"
2023-02-26,0,2,Winter,1,0,1,느티나무 셀프BBQ,"대여료 90,000원"
2023-02-27,0,2,Winter,0,0,0,느티나무 셀프BBQ,"대여료 90,000원"
2023-02-28,0,2,Winter,0,0,0,느티나무 셀프BBQ,"대여료 90,000원"
2023-03-01,0,3,Spring,0,1,1,느티나무 셀프BBQ,"대여료 90,000원"
2023-03-02,0,3,Spring,0,0,0,느티나무 셀프BBQ,"대여료 90,000원"
2023-03-03,0,3,Spring,0,0,0,느티나무 셀프BBQ,"대여료 90,000원"
2023-03-04,0,3,Spring,1,0,1,느티나무 셀프BBQ,"대여료 90,000원"
2023-03-05,0,3,Spring,1,0,1,느티나무 셀프BBQ,"대여료 90,000원"
2023-03-06,0,3,Spring,0,0,0,느티나무 셀프BBQ,"대여료 90,000원"
2023-03-07,0,3,Spring,0,0,0,느티나무 셀프BBQ,"대여료 90,000원"
2023-03-08,0,3,Spring,0,0,0,느티나무 셀프BBQ,"대여료 90,000원"
2023-03-09,0,3,Spring,0,0,0,느티나무 셀프BBQ,"대여료 90,000원"
2023-03-10,1,3,Spring,0,0,0,느티나무 셀프BBQ,"대여료 90,000원"
2023-03-11,0,3,Spring,1,0,1,느티나무 셀프BBQ,"대여료 90,000원"
2023-03-12,0,3,Spring,1,0,1,느티나무 셀프BBQ,"대여료 90,000원"
2023-03-13,0,3,Spring,0,0,0,느티나무 셀프BBQ,"대여료 90,000원"
2023-03-14,0,3,Spring,0,0,0,느티나무 셀프BBQ,"대여료 90,000원"
2023-03-15,0,3,Spring,0,0,0,느티나무 셀프BBQ,"대여료 90,000원"
2023-03-16,0,3,Spring,0,0,0,느티나무 셀프BBQ,"대여료 90,000원"
2023-03-17,0,3,Spring,0,0,0,느티나무 셀프BBQ,"대여료 90,000원"
2023-03-18,2,3,Spring,1,0,1,느티나무 셀프BBQ,"대여료 90,000원"
2023-03-19,0,3,Spring,1,0,1,느티나무 셀프BBQ,"대여료 90,000원"
2023-03-20,0,3,Spring,0,0,0,느티나무 셀프BBQ,"대여료 90,000원"
2023-03-21,0,3,Spring,0,0,0,느티나무 셀프BBQ,"대여료 90,000원"
2023-03-22,0,3,Spring,0,0,0,느티나무 셀프BBQ,"대여료 90,000원"
2023-03-23,0,3,Spring,0,0,0,느티나무 셀프BBQ,"대여료 90,000원"
2023-03-24,1,3,Spring,0,0,0,느티나무 셀프BBQ,"대여료 90,000원"
2023-03-25,3,3,Spring,1,0,1,느티나무 셀프BBQ,"대여료 90,000원"
2023-03-26,0,3,Spring,1,0,1,느티나무 셀프BBQ,"대여료 90,000원"
2023-03-27,0,3,Spring,0,0,0,느티나무 셀프BBQ,"대여료 90,000원"
2023-03-28,0,3,Spring,0,0,0,느티나무 셀프BBQ,"대여료 90,000원"
2023-03-29,1,3,Spring,0,0,0,느티나무 셀프BBQ,"대여료 90,000원"
2023-03-30,1,3,Spring,0,0,0,느티나무 셀프BBQ,"대여료 90,000원"
2023-03-31,1,3,Spring,0,0,0,느티나무 셀프BBQ,"대여료 90,000원"
2023-04-01,3,4,Spring,1,0,1,느티나무 셀프BBQ,"대여료 90,000원"
2023-04-02,1,4,Spring,1,0,1,느티나무 셀프BBQ,"대여료 90,000원"
2023-04-03,0,4,Spring,0,0,0,느티나무 셀프BBQ,"대여료 90,000원"
2023-04-04,0,4,Spring,0,0,0,느티나무 셀프BBQ,"대여료 90,000원"
2023-04-05,1,4,Spring,0,0,0,느티나무 셀프BBQ,"대여료 90,000원"
2023-04-06,0,4,Spring,0,0,0,느티나무 셀프BBQ,"대여료 90,000원"
2023-04-07,1,4,Spring,0,0,0,느티나무 셀프BBQ,"대여료 90,000원"
2023-04-08,4,4,Spring,1,0,1,느티나무 셀프BBQ,"대여료 90,000원"
2023-04-09,0,4,Spring,1,0,1,느티나무 셀프BBQ,"대여료 90,000원"
2023-04-10,0,4,Spring,0,0,0,느티나무 셀프BBQ,"대여료 90,000원"
2023-04-11,0,4,Spring,0,0,0,느티나무 셀프BBQ,"대여료 90,000원"
2023-04-12,0,4,Spring,0,0,0,느티나무 셀프BBQ,"대여료 90,000원"
2023-04-13,0,4,Spring,0,0,0,느티나무 셀프BBQ,"대여료 90,000원"
2023-04-14,0,4,Spring,0,0,0,느티나무 셀프BBQ,"대여료 90,000원"
2023-04-15,2,4,Spring,1,0,1,느티나무 셀프BBQ,"대여료 90,000원"
2023-04-16,1,4,Spring,1,0,1,느티나무 셀프BBQ,"대여료 90,000원"
2023-04-17,0,4,Spring,0,0,0,느티나무 셀프BBQ,"대여료 90,000원"
2023-04-18,0,4,Spring,0,0,0,느티나무 셀프BBQ,"대여료 90,000원"
2023-04-19,0,4,Spring,0,0,0,느티나무 셀프BBQ,"대여료 90,000원"
2023-04-20,0,4,Spring,0,0,0,느티나무 셀프BBQ,"대여료 90,000원"
2023-04-21,1,4,Spring,0,0,0,느티나무 셀프BBQ,"대여료 90,000원"
2023-04-22,2,4,Spring,1,0,1,느티나무 셀프BBQ,"대여료 90,000원"
2023-04-23,2,4,Spring,1,0,1,느티나무 셀프BBQ,"대여료 90,000원"
2023-04-24,0,4,Spring,0,0,0,느티나무 셀프BBQ,"대여료 90,000원"
2023-04-25,0,4,Spring,0,0,0,느티나무 셀프BBQ,"대여료 90,000원"
2023-04-26,0,4,Spring,0,0,0,느티나무 셀프BBQ,"대여료 90,000원"
2023-04-27,0,4,Spring,0,0,0,느티나무 셀프BBQ,"대여료 90,000원"
2023-04-28,0,4,Spring,0,0,0,느티나무 셀프BBQ,"대여료 90,000원"
2023-04-29,3,4,Spring,1,0,1,느티나무 셀프BBQ,"대여료 90,000원"
2023-04-30,0,4,Spring,1,0,1,느티나무 셀프BBQ,"대여료 90,000원"
2023-05-01,0,5,Spring,0,0,0,느티나무 셀프BBQ,"대여료 90,000원"
2023-05-02,0,5,Spring,0,0,0,느티나무 셀프BBQ,"대여료 90,000원"
2023-05-03,0,5,Spring,0,0,0,느티나무 셀프BBQ,"대여료 90,000원"
2023-05-04,2,5,Spring,0,0,0,느티나무 셀프BBQ,"대여료 90,000원"
2023-05-05,3,5,Spring,0,1,1,느티나무 셀프BBQ,"대여료 90,000원"
2023-05-06,2,5,Spring,1,0,1,느티나무 셀프BBQ,"대여료 90,000원"
2023-05-07,1,5,Spring,1,0,1,느티나무 셀프BBQ,"대여료 90,000원"
2023-05-08,0,5,Spring,0,0,0,느티나무 셀프BBQ,"대여료 90,000원"
2023-05-09,0,5,Spring,0,0,0,느티나무 셀프BBQ,"대여료 90,000원"
2023-05-10,0,5,Spring,0,0,0,느티나무 셀프BBQ,"대여료 90,000원"
2023-05-11,0,5,Spring,0,0,0,느티나무 셀프BBQ,"대여료 90,000원"
2023-05-12,0,5,Spring,0,0,0,느티나무 셀프BBQ,"대여료 90,000원"
2023-05-13,3,5,Spring,1,0,1,느티나무 셀프BBQ,"대여료 90,000원"
2023-05-14,1,5,Spring,1,0,1,느티나무 셀프BBQ,"대여료 90,000원"
2023-05-15,0,5,Spring,0,0,0,느티나무 셀프BBQ,"대여료 90,000원"
2023-05-16,0,5,Spring,0,0,0,느티나무 셀프BBQ,"대여료 90,000원"
2023-05-17,1,5,Spring,0,0,0,느티나무 셀프BBQ,"대여료 90,000원"
2023-05-18,0,5,Spring,0,0,0,느티나무 셀프BBQ,"대여료 90,000원"
2023-05-19,0,5,Spring,0,0,0,느티나무 셀프BBQ,"대여료 90,000원"
2023-05-20,1,5,Spring,1,0,1,느티나무 셀프BBQ,"대여료 90,000원"
2023-05-21,2,5,Spring,1,0,1,느티나무 셀프BBQ,"대여료 90,000원"
2023-05-22,0,5,Spring,0,0,0,느티나무 셀프BBQ,"대여료 90,000원"
2023-05-23,0,5,Spring,0,0,0,느티나무 셀프BBQ,"대여료 90,000원"
2023-05-24,0,5,Spring,0,0,0,느티나무 셀프BBQ,"대여료 90,000원"
2023-05-25,0,5,Spring,0,0,0,느티나무 셀프BBQ,"대여료 90,000원"
2023-05-26,0,5,Spring,0,0,0,느티나무 셀프BBQ,"대여료 90,000원"
2023-05-27,3,5,Spring,1,1,1,느티나무 셀프BBQ,"대여료 90,000원"
2023-05-28,1,5,Spring,1,0,1,느티나무 셀프BBQ,"대여료 90,000원"
2023-05-29,0,5,Spring,0,1,1,느티나무 셀프BBQ,"대여료 90,000원"
2023-05-30,0,5,Spring,0,0,0,느티나무 셀프BBQ,"대여료 90,000원"
2023-05-31,0,5,Spring,0,0,0,느티나무 셀프BBQ,"대여료 90,000원"
2023-06-01,0,6,Summer,0,0,0,느티나무 셀프BBQ,"대여료 90,000원"
2023-06-02,0,6,Summer,0,0,0,느티나무 셀프BBQ,"대여료 90,000원"
2023-06-03,1,6,Summer,1,0,1,느티나무 셀프BBQ,"대여료 90,000원"
2023-06-04,1,6,Summer,1,0,1,느티나무 셀프BBQ,"대여료 90,000원"
2023-06-05,0,6,Summer,0,0,0,느티나무 셀프BBQ,"대여료 90,000원"
2023-06-06,0,6,Summer,0,1,1,느티나무 셀프BBQ,"대여료 90,000원"
2023-06-07,0,6,Summer,0,0,0,느티나무 셀프BBQ,"대여료 90,000원"
2023-06-08,0,6,Summer,0,0,0,느티나무 셀프BBQ,"대여료 90,000원"
2023-06-09,0,6,Summer,0,0,0,느티나무 셀프BBQ,"대여료 90,000원"
2023-06-10,0,6,Summer,1,0,1,느티나무 셀프BBQ,"대여료 90,000원"
2023-06-11,0,6,Summer,1,0,1,느티나무 셀프BBQ,"대여료 90,000원"
2023-06-12,0,6,Summer,0,0,0,느티나무 셀프BBQ,"대여료 90,000원"
2023-06-13,0,6,Summer,0,0,0,느티나무 셀프BBQ,"대여료 90,000원"
2023-06-14,0,6,Summer,0,0,0,느티나무 셀프BBQ,"대여료 90,000원"
2023-06-15,0,6,Summer,0,0,0,느티나무 셀프BBQ,"대여료 90,000원"
2023-06-16,0,6,Summer,0,0,0,느티나무 셀프BBQ,"대여료 90,000원"
2023-06-17,3,6,Summer,1,0,1,느티나무 셀프BBQ,"대여료 90,000원"
2023-06-18,0,6,Summer,1,0,1,느티나무 셀프BBQ,"대여료 90,000원"
2023-06-19,0,6,Summer,0,0,0,느티나무 셀프BBQ,"대여료 90,000원"
2023-06-20,0,6,Summer,0,0,0,느티나무 셀프BBQ,"대여료 90,000원"
2023-06-21,0,6,Summer,0,0,0,느티나무 셀프BBQ,"대여료 90,000원"
2023-06-22,0,6,Summer,0,0,0,느티나무 셀프BBQ,"대여료 90,000원"
2023-06-23,0,6,Summer,0,0,0,느티나무 셀프BBQ,"대여료 90,000원"
2023-06-24,3,6,Summer,1,0,1,느티나무 셀프BBQ,"대여료 90,000원"
2023-06-25,0,6,Summer,1,0,1,느티나무 셀프BBQ,"대여료 90,000원"
2023-06-26,0,6,Summer,0,0,0,느티나무 셀프BBQ,"대여료 90,000원"
2023-06-27,0,6,Summer,0,0,0,느티나무 셀프BBQ,"대여료 90,000원"
2023-06-28,0,6,Summer,0,0,0,느티나무 셀프BBQ,"대여료 90,000원"
2023-06-29,0,6,Summer,0,0,0,느티나무 셀프BBQ,"대여료 90,000원"
2023-06-30,0,6,Summer,0,0,0,느티나무 셀프BBQ,"대여료 90,000원"
2023-07-01,3,7,Summer,1,0,1,느티나무 셀프BBQ,"대여료 90,000원"
2023-07-02,1,7,Summer,1,0,1,느티나무 셀프BBQ,"대여료 90,000원"
2023-07-03,0,7,Summer,0,0,0,느티나무 셀프BBQ,"대여료 90,000원"
2023-07-04,0,7,Summer,0,0,0,느티나무 셀프BBQ,"대여료 90,000원"
2023-07-05,0,7,Summer,0,0,0,느티나무 셀프BBQ,"대여료 90,000원"
2023-07-06,0,7,Summer,0,0,0,느티나무 셀프BBQ,"대여료 90,000원"
2023-07-07,3,7,Summer,0,0,0,느티나무 셀프BBQ,"대여료 90,000원"
2023-07-08,1,7,Summer,1,0,1,느티나무 셀프BBQ,"대여료 90,000원"
2023-07-09,1,7,Summer,1,0,1,느티나무 셀프BBQ,"대여료 90,000원"
2023-07-10,0,7,Summer,0,0,0,느티나무 셀프BBQ,"대여료 90,000원"
2023-07-11,0,7,Summer,0,0,0,느티나무 셀프BBQ,"대여료 90,000원"
2023-07-12,1,7,Summer,0,0,0,느티나무 셀프BBQ,"대여료 90,000원"
2023-07-13,0,7,Summer,0,0,0,느티나무 셀프BBQ,"대여료 90,000원"
2023-07-14,0,7,Summer,0,0,0,느티나무 셀프BBQ,"대여료 90,000원"
2023-07-15,2,7,Summer,1,0,1,느티나무 셀프BBQ,"대여료 90,000원"
2023-07-16,1,7,Summer,1,0,1,느티나무 셀프BBQ,"대여료 90,000원"
2023-07-17,0,7,Summer,0,0,0,느티나무 셀프BBQ,"대여료 90,000원"
2023-07-18,0,7,Summer,0,0,0,느티나무 셀프BBQ,"대여료 90,000원"
2023-07-19,0,7,Summer,0,0,0,느티나무 셀프BBQ,"대여료 90,000원"
2023-07-20,0,7,Summer,0,0,0,느티나무 셀프BBQ,"대여료 90,000원"
2023-07-21,1,7,Summer,0,0,0,느티나무 셀프BBQ,"대여료 90,000원"
2023-07-22,0,7,Summer,1,0,1,느티나무 셀프BBQ,"대여료 90,000원"
2023-07-23,0,7,Summer,1,0,1,느티나무 셀프BBQ,"대여료 90,000원"
2023-07-24,0,7,Summer,0,0,0,느티나무 셀프BBQ,"대여료 90,000원"
2023-07-25,0,7,Summer,0,0,0,느티나무 셀프BBQ,"대여료 90,000원"
2023-07-26,1,7,Summer,0,0,0,느티나무 셀프BBQ,"대여료 90,000원"
2023-07-27,0,7,Summer,0,0,0,느티나무 셀프BBQ,"대여료 90,000원"
2023-07-28,1,7,Summer,0,0,0,느티나무 셀프BBQ,"대여료 90,000원"
2023-07-29,1,7,Summer,1,0,1,느티나무 셀프BBQ,"대여료 90,000원"
2023-07-30,2,7,Summer,1,0,1,느티나무 셀프BBQ,"대여료 90,000원"
2023-07-31,0,7,Summer,0,0,0,느티나무 셀프BBQ,"대여료 90,000원"
2023-08-01,0,8,Summer,0,0,0,느티나무 셀프BBQ,"대여료 90,000원"
2023-08-02,0,8,Summer,0,0,0,느티나무 셀프BBQ,"대여료 90,000원"
2023-08-03,0,8,Summer,0,0,0,느티나무 셀프BBQ,"대여료 90,000원"
2023-08-04,2,8,Summer,0,0,0,느티나무 셀프BBQ,"대여료 90,000원"
2023-08-05,0,8,Summer,1,0,1,느티나무 셀프BBQ,"대여료 90,000원"
2023-08-06,0,8,Summer,1,0,1,느티나무 셀프BBQ,"대여료 90,000원"
2023-08-07,0,8,Summer,0,0,0,느티나무 셀프BBQ,"대여료 90,000원"
2023-08-08,0,8,Summer,0,0,0,느티나무 셀프BBQ,"대여료 90,000원"
2023-08-09,0,8,Summer,0,0,0,느티나무 셀프BBQ,"대여료 90,000원"
2023-08-10,0,8,Summer,0,0,0,느티나무 셀프BBQ,"대여료 90,000원"
2023-08-11,2,8,Summer,0,0,0,느티나무 셀프BBQ,"대여료 90,000원"
2023-08-12,1,8,Summer,1,0,1,느티나무 셀프BBQ,"대여료 90,000원"
2023-08-13,1,8,Summer,1,0,1,느티나무 셀프BBQ,"대여료 90,000원"
2023-08-14,0,8,Summer,0,0,0,느티나무 셀프BBQ,"대여료 90,000원"
2023-08-15,1,8,Summer,0,1,1,느티나무 셀프BBQ,"대여료 90,000원"
2023-08-16,0,8,Summer,0,0,0,느티나무 셀프BBQ,"대여료 90,000원"
2023-08-17,0,8,Summer,0,0,0,느티나무 셀프BBQ,"대여료 90,000원"
2023-08-18,0,8,Summer,0,0,0,느티나무 셀프BBQ,"대여료 90,000원"
2023-08-19,3,8,Summer,1,0,1,느티나무 셀프BBQ,"대여료 90,000원"
2023-08-20,0,8,Summer,1,0,1,느티나무 셀프BBQ,"대여료 90,000원"
2023-08-21,0,8,Summer,0,0,0,느티나무 셀프BBQ,"대여료 90,000원"
2023-08-22,0,8,Summer,0,0,0,느티나무 셀프BBQ,"대여료 90,000원"
2023-08-23,0,8,Summer,0,0,0,느티나무 셀프BBQ,"대여료 90,000원"
2023-08-24,0,8,Summer,0,0,0,느티나무 셀프BBQ,"대여료 90,000원"
2023-08-25,0,8,Summer,0,0,0,느티나무 셀프BBQ,"대여료 90,000원"
2023-08-26,4,8,Summer,1,0,1,느티나무 셀프BBQ,"대여료 90,000원"
2023-08-27,0,8,Summer,1,0,1,느티나무 셀프BBQ,"대여료 90,000원"
2023-08-28,0,8,Summer,0,0,0,느티나무 셀프BBQ,"대여료 90,000원"
2023-08-29,0,8,Summer,0,0,0,느티나무 셀프BBQ,"대여료 90,000원"
2023-08-30,0,8,Summer,0,0,0,느티나무 셀프BBQ,"대여료 90,000원"
2023-08-31,0,8,Summer,0,0,0,느티나무 셀프BBQ,"대여료 90,000원"
2023-09-01,0,9,Autumn,0,0,0,느티나무 셀프BBQ,"대여료 90,000원"
2023-09-02,2,9,Autumn,1,0,1,느티나무 셀프BBQ,"대여료 90,000원"
2023-09-03,1,9,Autumn,1,0,1,느티나무 셀프BBQ,"대여료 90,000원"
2023-09-04,0,9,Autumn,0,0,0,느티나무 셀프BBQ,"대여료 90,000원"
2023-09-05,0,9,Autumn,0,0,0,느티나무 셀프BBQ,"대여료 90,000원"
2023-09-06,0,9,Autumn,0,0,0,느티나무 셀프BBQ,"대여료 90,000원"
2023-09-07,0,9,Autumn,0,0,0,느티나무 셀프BBQ,"대여료 90,000원"
2023-09-08,1,9,Autumn,0,0,0,느티나무 셀프BBQ,"대여료 90,000원"
2023-09-09,1,9,Autumn,1,0,1,느티나무 셀프BBQ,"대여료 90,000원"
2023-09-10,0,9,Autumn,1,0,1,느티나무 셀프BBQ,"대여료 90,000원"
2023-09-11,0,9,Autumn,0,0,0,느티나무 셀프BBQ,"대여료 90,000원"
2023-09-12,0,9,Autumn,0,0,0,느티나무 셀프BBQ,"대여료 90,000원"
2023-09-13,0,9,Autumn,0,0,0,느티나무 셀프BBQ,"대여료 90,000원"
2023-09-14,0,9,Autumn,0,0,0,느티나무 셀프BBQ,"대여료 90,000원"
2023-09-15,0,9,Autumn,0,0,0,느티나무 셀프BBQ,"대여료 90,000원"
2023-09-16,0,9,Autumn,1,0,1,느티나무 셀프BBQ,"대여료 90,000원"
2023-09-17,0,9,Autumn,1,0,1,느티나무 셀프BBQ,"대여료 90,000원"
2023-09-18,0,9,Autumn,0,0,0,느티나무 셀프BBQ,"대여료 90,000원"
2023-09-19,0,9,Autumn,0,0,0,느티나무 셀프BBQ,"대여료 90,000원"
2023-09-20,0,9,Autumn,0,0,0,느티나무 셀프BBQ,"대여료 90,000원"
2023-09-21,0,9,Autumn,0,0,0,느티나무 셀프BBQ,"대여료 90,000원"
2023-09-22,0,9,Autumn,0,0,0,느티나무 셀프BBQ,"대여료 90,000원"
2023-09-23,1,9,Autumn,1,0,1,느티나무 셀프BBQ,"대여료 90,000원"
2023-09-24,0,9,Autumn,1,0,1,느티나무 셀프BBQ,"대여료 90,000원"
2023-09-25,0,9,Autumn,0,0,0,느티나무 셀프BBQ,"대여료 90,000원"
2023-09-26,0,9,Autumn,0,0,0,느티나무 셀프BBQ,"대여료 90,000원"
2023-09-27,0,9,Autumn,0,0,0,느티나무 셀프BBQ,"대여료 90,000원"
2023-09-28,3,9,Autumn,0,1,1,느티나무 셀프BBQ,"대여료 90,000원"
2023-09-29,1,9,Autumn,0,1,1,느티나무 셀프BBQ,"대여료 90,000원"
2023-09-30,1,9,Autumn,1,1,1,느티나무 셀프BBQ,"대여료 90,000원"
2023-10-01,0,10,Autumn,1,0,1,느티나무 셀프BBQ,"대여료 90,000원"
2023-10-02,0,10,Autumn,0,1,1,느티나무 셀프BBQ,"대여료 90,000원"
2023-10-03,0,10,Autumn,0,1,1,느티나무 셀프BBQ,"대여료 90,000원"
2023-10-04,0,10,Autumn,0,0,0,느티나무 셀프BBQ,"대여료 90,000원"
2023-10-05,0,10,Autumn,0,0,0,느티나무 셀프BBQ,"대여료 90,000원"
2023-10-06,0,10,Autumn,0,0,0,느티나무 셀프BBQ,"대여료 90,000원"
2023-10-07,4,10,Autumn,1,0,1,느티나무 셀프BBQ,"대여료 90,000원"
2023-10-08,0,10,Autumn,1,0,1,느티나무 셀프BBQ,"대여료 90,000원"
2023-10-09,0,10,Autumn,0,1,1,느티나무 셀프BBQ,"대여료 90,000원"
2023-10-10,0,10,Autumn,0,0,0,느티나무 셀프BBQ,"대여료 90,000원"
2023-10-11,0,10,Autumn,0,0,0,느티나무 셀프BBQ,"대여료 90,000원"
2023-10-12,0,10,Autumn,0,0,0,느티나무 셀프BBQ,"대여료 90,000원"
2023-10-13,0,10,Autumn,0,0,0,느티나무 셀프BBQ,"대여료 90,000원"
2023-10-14,3,10,Autumn,1,0,1,느티나무 셀프BBQ,"대여료 90,000원"
2023-10-15,2,10,Autumn,1,0,1,느티나무 셀프BBQ,"대여료 90,000원"
2023-10-16,0,10,Autumn,0,0,0,느티나무 셀프BBQ,"대여료 90,000원"
2023-10-17,0,10,Autumn,0,0,0,느티나무 셀프BBQ,"대여료 90,000원"
2023-10-18,0,10,Autumn,0,0,0,느티나무 셀프BBQ,"대여료 90,000원"
2023-10-19,0,10,Autumn,0,0,0,느티나무 셀프BBQ,"대여료 90,000원"
2023-10-20,0,10,Autumn,0,0,0,느티나무 셀프BBQ,"대여료 90,000원"
2023-10-21,4,10,Autumn,1,0,1,느티나무 셀프BBQ,"대여료 90,000원"
2023-10-22,1,10,Autumn,1,0,1,느티나무 셀프BBQ,"대여료 90,000원"
2023-10-23,0,10,Autumn,0,0,0,느티나무 셀프BBQ,"대여료 90,000원"
2023-10-24,0,10,Autumn,0,0,0,느티나무 셀프BBQ,"대여료 90,000원"
2023-10-25,0,10,Autumn,0,0,0,느티나무 셀프BBQ,"대여료 90,000원"
2023-10-26,0,10,Autumn,0,0,0,느티나무 셀프BBQ,"대여료 90,000원"
2023-10-27,1,10,Autumn,0,0,0,느티나무 셀프BBQ,"대여료 90,000원"
2023-10-28,1,10,Autumn,1,0,1,느티나무 셀프BBQ,"대여료 90,000원"
2023-10-29,2,10,Autumn,1,0,1,느티나무 셀프BBQ,"대여료 90,000원"
2023-10-30,0,10,Autumn,0,0,0,느티나무 셀프BBQ,"대여료 90,000원"
2023-10-31,1,10,Autumn,0,0,0,느티나무 셀프BBQ,"대여료 90,000원"
2023-11-01,0,11,Autumn,0,0,0,느티나무 셀프BBQ,"대여료 90,000원"
2023-11-02,0,11,Autumn,0,0,0,느티나무 셀프BBQ,"대여료 90,000원"
2023-11-03,0,11,Autumn,0,0,0,느티나무 셀프BBQ,"대여료 90,000원"
2023-11-04,0,11,Autumn,1,0,1,느티나무 셀프BBQ,"대여료 90,000원"
2023-11-05,0,11,Autumn,1,0,1,느티나무 셀프BBQ,"대여료 90,000원"
2023-11-06,0,11,Autumn,0,0,0,느티나무 셀프BBQ,"대여료 90,000원"
2023-11-07,0,11,Autumn,0,0,0,느티나무 셀프BBQ,"대여료 90,000원"
2023-11-08,0,11,Autumn,0,0,0,느티나무 셀프BBQ,"대여료 90,000원"
2023-11-09,0,11,Autumn,0,0,0,느티나무 셀프BBQ,"대여료 90,000원"
2023-11-10,0,11,Autumn,0,0,0,느티나무 셀프BBQ,"대여료 90,000원"
2023-11-11,0,11,Autumn,1,0,1,느티나무 셀프BBQ,"대여료 90,000원"
2023-11-12,0,11,Autumn,1,0,1,느티나무 셀프BBQ,"대여료 90,000원"
2023-11-13,0,11,Autumn,0,0,0,느티나무 셀프BBQ,"대여료 90,000원"
2023-11-14,0,11,Autumn,0,0,0,느티나무 셀프BBQ,"대여료 90,000원"
2023-11-15,0,11,Autumn,0,0,0,느티나무 셀프BBQ,"대여료 90,000원"
2023-11-16,1,11,Autumn,0,0,0,느티나무 셀프BBQ,"대여료 90,000원"
2023-11-17,0,11,Autumn,0,0,0,느티나무 셀프BBQ,"대여료 90,000원"
2023-11-18,1,11,Autumn,1,0,1,느티나무 셀프BBQ,"대여료 90,000원"
2023-11-19,4,11,Autumn,1,0,1,느티나무 셀프BBQ,"대여료 90,000원"
2023-11-20,0,11,Autumn,0,0,0,느티나무 셀프BBQ,"대여료 90,000원"
2023-11-21,1,11,Autumn,0,0,0,느티나무 셀프BBQ,"대여료 90,000원"
2023-11-22,0,11,Autumn,0,0,0,느티나무 셀프BBQ,"대여료 90,000원"
2023-11-23,0,11,Autumn,0,0,0,느티나무 셀프BBQ,"대여료 90,000원"
2023-11-24,1,11,Autumn,0,0,0,느티나무 셀프BBQ,"대여료 90,000원"
2023-11-25,0,11,Autumn,1,0,1,느티나무 셀프BBQ,"대여료 90,000원"
2023-11-26,0,11,Autumn,1,0,1,느티나무 셀프BBQ,"대여료 90,000원"
2023-11-27,0,11,Autumn,0,0,0,느티나무 셀프BBQ,"대여료 90,000원"
2023-11-28,0,11,Autumn,0,0,0,느티나무 셀프BBQ,"대여료 90,000원"
2023-11-29,0,11,Autumn,0,0,0,느티나무 셀프BBQ,"대여료 90,000원"
2023-11-30,1,11,Autumn,0,0,0,느티나무 셀프BBQ,"대여료 90,000원"
2023-12-01,0,12,Winter,0,0,0,느티나무 셀프BBQ,"대여료 90,000원"
2023-12-02,0,12,Winter,1,0,1,느티나무 셀프BBQ,"대여료 90,000원"
2023-12-03,0,12,Winter,1,0,1,느티나무 셀프BBQ,"대여료 90,000원"
2023-12-04,0,12,Winter,0,0,0,느티나무 셀프BBQ,"대여료 90,000원"
2023-12-05,0,12,Winter,0,0,0,느티나무 셀프BBQ,"대여료 90,000원"
2023-12-06,0,12,Winter,0,0,0,느티나무 셀프BBQ,"대여료 90,000원"
2023-12-07,1,12,Winter,0,0,0,느티나무 셀프BBQ,"대여료 90,000원"
2023-12-08,0,12,Winter,0,0,0,느티나무 셀프BBQ,"대여료 90,000원"
2023-12-09,1,12,Winter,1,0,1,느티나무 셀프BBQ,"대여료 90,000원"
2023-12-10,1,12,Winter,1,0,1,느티나무 셀프BBQ,"대여료 90,000원"
2023-12-11,0,12,Winter,0,0,0,느티나무 셀프BBQ,"대여료 90,000원"
2023-12-12,0,12,Winter,0,0,0,느티나무 셀프BBQ,"대여료 90,000원"
2023-12-13,0,12,Winter,0,0,0,느티나무 셀프BBQ,"대여료 90,000원"
2023-12-14,2,12,Winter,0,0,0,느티나무 셀프BBQ,"대여료 90,000원"
2023-12-15,2,12,Winter,0,0,0,느티나무 셀프BBQ,"대여료 90,000원"
2023-12-16,0,12,Winter,1,0,1,느티나무 셀프BBQ,"대여료 90,000원"
2023-12-17,0,12,Winter,1,0,1,느티나무 셀프BBQ,"대여료 90,000원"
2023-12-18,0,12,Winter,0,0,0,느티나무 셀프BBQ,"대여료 90,000원"
2023-12-19,0,12,Winter,0,0,0,느티나무 셀프BBQ,"대여료 90,000원"
2023-12-20,0,12,Winter,0,0,0,느티나무 셀프BBQ,"대여료 90,000원"
2023-12-21,1,12,Winter,0,0,0,느티나무 셀프BBQ,"대여료 90,000원"
2023-12-22,2,12,Winter,0,0,0,느티나무 셀프BBQ,"대여료 90,000원"
2023-12-23,0,12,Winter,1,0,1,느티나무 셀프BBQ,"대여료 90,000원"
2023-12-24,1,12,Winter,1,0,1,느티나무 셀프BBQ,"대여료 90,000원"
2023-12-25,0,12,Winter,0,1,1,느티나무 셀프BBQ,"대여료 90,000원"
2023-12-26,1,12,Winter,0,0,0,느티나무 셀프BBQ,"대여료 90,000원"
2023-12-27,0,12,Winter,0,0,0,느티나무 셀프BBQ,"대여료 90,000원"
2023-12-28,0,12,Winter,0,0,0,느티나무 셀프BBQ,"대여료 90,000원"
2023-12-29,0,12,Winter,0,0,0,느티나무 셀프BBQ,"대여료 90,000원"
2023-12-30,0,12,Winter,1,0,1,느티나무 셀프BBQ,"대여료 90,000원"
2023-12-31,1,12,Winter,1,0,1,느티나무 셀프BBQ,"대여료 90,000원"
2024-01-01,1,1,Winter,0,1,1,느티나무 셀프BBQ,"대여료 90,000원"
2024-01-02,0,1,Winter,0,0,0,느티나무 셀프BBQ,"대여료 90,000원"
2024-01-03,0,1,Winter,0,0,0,느티나무 셀프BBQ,"대여료 90,000원"
2024-01-04,0,1,Winter,0,0,0,느티나무 셀프BBQ,"대여료 90,000원"
2024-01-05,1,1,Winter,0,0,0,느티나무 셀프BBQ,"대여료 90,000원"
2024-01-06,0,1,Winter,1,0,1,느티나무 셀프BBQ,"대여료 90,000원"
2024-01-07,1,1,Winter,1,0,1,느티나무 셀프BBQ,"대여료 90,000원"
2024-01-08,1,1,Winter,0,0,0,느티나무 셀프BBQ,"대여료 90,000원"
2024-01-09,0,1,Winter,0,0,0,느티나무 셀프BBQ,"대여료 90,000원"
2024-01-10,1,1,Winter,0,0,0,느티나무 셀프BBQ,"대여료 90,000원"
2024-01-11,1,1,Winter,0,0,0,느티나무 셀프BBQ,"대여료 90,000원"
2024-01-12,0,1,Winter,0,0,0,느티나무 셀프BBQ,"대여료 90,000원"
2024-01-13,0,1,Winter,1,0,1,느티나무 셀프BBQ,"대여료 90,000원"
2024-01-14,1,1,Winter,1,0,1,느티나무 셀프BBQ,"대여료 90,000원"
2024-01-15,0,1,Winter,0,0,0,느티나무 셀프BBQ,"대여료 90,000원"
2024-01-16,1,1,Winter,0,0,0,느티나무 셀프BBQ,"대여료 90,000원"
2024-01-17,0,1,Winter,0,0,0,느티나무 셀프BBQ,"대여료 90,000원"
2024-01-18,0,1,Winter,0,0,0,느티나무 셀프BBQ,"대여료 90,000원"
2024-01-19,0,1,Winter,0,0,0,느티나무 셀프BBQ,"대여료 90,000원"
2024-01-20,0,1,Winter,1,0,1,느티나무 셀프BBQ,"대여료 90,000원"
2024-01-21,1,1,Winter,1,0,1,느티나무 셀프BBQ,"대여료 90,000원"
2024-01-22,2,1,Winter,0,0,0,느티나무 셀프BBQ,"대여료 90,000원"
2024-01-23,1,1,Winter,0,0,0,느티나무 셀프BBQ,"대여료 90,000원"
2024-01-24,1,1,Winter,0,0,0,느티나무 셀프BBQ,"대여료 90,000원"
2024-01-25,0,1,Winter,0,0,0,느티나무 셀프BBQ,"대여료 90,000원"
2024-01-26,1,1,Winter,0,0,0,느티나무 셀프BBQ,"대여료 90,000원"
2024-01-27,1,1,Winter,1,0,1,느티나무 셀프BBQ,"대여료 90,000원"
2024-01-28,0,1,Winter,1,0,1,느티나무 셀프BBQ,"대여료 90,000원"
2024-01-29,1,1,Winter,0,0,0,느티나무 셀프BBQ,"대여료 90,000원"
2024-01-30,1,1,Winter,0,0,0,느티나무 셀프BBQ,"대여료 90,000원"
2024-01-31,0,1,Winter,0,0,0,느티나무 셀프BBQ,"대여료 90,000원"
2024-02-01,1,2,Winter,0,0,0,느티나무 셀프BBQ,"대여료 90,000원"
2024-02-02,0,2,Winter,0,0,0,느티나무 셀프BBQ,"대여료 90,000원"
2024-02-03,1,2,Winter,1,0,1,느티나무 셀프BBQ,"대여료 90,000원"
2024-02-04,0,2,Winter,1,0,1,느티나무 셀프BBQ,"대여료 90,000원"
2024-02-05,0,2,Winter,0,0,0,느티나무 셀프BBQ,"대여료 90,000원"
2024-02-06,0,2,Winter,0,0,0,느티나무 셀프BBQ,"대여료 90,000원"
2024-02-07,2,2,Winter,0,0,0,느티나무 셀프BBQ,"대여료 90,000원"
2024-02-08,0,2,Winter,0,0,0,느티나무 셀프BBQ,"대여료 90,000원"
2024-02-09,3,2,Winter,0,1,1,느티나무 셀프BBQ,"대여료 90,000원"
2024-02-10,0,2,Winter,1,1,1,느티나무 셀프BBQ,"대여료 90,000원"
2024-02-11,2,2,Winter,1,1,1,느티나무 셀프BBQ,"대여료 90,000원"
2024-02-12,0,2,Winter,0,1,1,느티나무 셀프BBQ,"대여료 90,000원"
2024-02-13,1,2,Winter,0,0,0,느티나무 셀프BBQ,"대여료 90,000원"
2024-02-14,0,2,Winter,0,0,0,느티나무 셀프BBQ,"대여료 90,000원"
2024-02-15,1,2,Winter,0,0,0,느티나무 셀프BBQ,"대여료 90,000원"
2024-02-16,1,2,Winter,0,0,0,느티나무 셀프BBQ,"대여료 90,000원"
2024-02-17,1,2,Winter,1,0,1,느티나무 셀프BBQ,"대여료 90,000원"
2024-02-18,2,2,Winter,1,0,1,느티나무 셀프BBQ,"대여료 90,000원"
2024-02-19,1,2,Winter,0,0,0,느티나무 셀프BBQ,"대여료 90,000원"
2024-02-20,0,2,Winter,0,0,0,느티나무 셀프BBQ,"대여료 90,000원"
2024-02-21,0,2,Winter,0,0,0,느티나무 셀프BBQ,"대여료 90,000원"
2024-02-22,1,2,Winter,0,0,0,느티나무 셀프BBQ,"대여료 90,000원"
2024-02-23,1,2,Winter,0,0,0,느티나무 셀프BBQ,"대여료 90,000원"
2024-02-24,0,2,Winter,1,0,1,느티나무 셀프BBQ,"대여료 90,000원"
2024-02-25,0,2,Winter,1,0,1,느티나무 셀프BBQ,"대여료 90,000원"
2024-02-26,0,2,Winter,0,0,0,느티나무 셀프BBQ,"대여료 90,000원"
2024-02-27,0,2,Winter,0,0,0,느티나무 셀프BBQ,"대여료 90,000원"
2024-02-28,0,2,Winter,0,0,0,느티나무 셀프BBQ,"대여료 90,000원"
2024-02-29,0,2,Winter,0,0,0,느티나무 셀프BBQ,"대여료 90,000원"
2024-03-01,2,3,Spring,0,1,1,느티나무 셀프BBQ,"대여료 90,000원"
2024-03-02,2,3,Spring,1,0,1,느티나무 셀프BBQ,"대여료 90,000원"
2024-03-03,0,3,Spring,1,0,1,느티나무 셀프BBQ,"대여료 90,000원"
2024-03-04,0,3,Spring,0,0,0,느티나무 셀프BBQ,"대여료 90,000원"
2024-03-05,0,3,Spring,0,0,0,느티나무 셀프BBQ,"대여료 90,000원"
2024-03-06,0,3,Spring,0,0,0,느티나무 셀프BBQ,"대여료 90,000원"
2024-03-07,0,3,Spring,0,0,0,느티나무 셀프BBQ,"대여료 90,000원"
2024-03-08,0,3,Spring,0,0,0,느티나무 셀프BBQ,"대여료 90,000원"
2024-03-09,0,3,Spring,1,0,1,느티나무 셀프BBQ,"대여료 90,000원"
2024-03-10,0,3,Spring,1,0,1,느티나무 셀프BBQ,"대여료 90,000원"
2024-03-11,0,3,Spring,0,0,0,느티나무 셀프BBQ,"대여료 90,000원"
2024-03-12,0,3,Spring,0,0,0,느티나무 셀프BBQ,"대여료 90,000원"
2024-03-13,0,3,Spring,0,0,0,느티나무 셀프BBQ,"대여료 90,000원"
2024-03-14,1,3,Spring,0,0,0,느티나무 셀프BBQ,"대여료 90,000원"
2024-03-15,3,3,Spring,0,0,0,느티나무 셀프BBQ,"대여료 90,000원"
2024-03-16,3,3,Spring,1,0,1,느티나무 셀프BBQ,"대여료 90,000원"
2024-03-17,0,3,Spring,1,0,1,느티나무 셀프BBQ,"대여료 90,000원"
2024-03-18,0,3,Spring,0,0,0,느티나무 셀프BBQ,"대여료 90,000원"
2024-03-19,0,3,Spring,0,0,0,느티나무 셀프BBQ,"대여료 90,000원"
2024-03-20,0,3,Spring,0,0,0,느티나무 셀프BBQ,"대여료 90,000원"
2024-03-21,0,3,Spring,0,0,0,느티나무 셀프BBQ,"대여료 90,000원"
2024-03-22,1,3,Spring,0,0,0,느티나무 셀프BBQ,"대여료 90,000원"
2024-03-23,1,3,Spring,1,0,1,느티나무 셀프BBQ,"대여료 90,000원"
2024-03-24,0,3,Spring,1,0,1,느티나무 셀프BBQ,"대여료 90,000원"
2024-03-25,0,3,Spring,0,0,0,느티나무 셀프BBQ,"대여료 90,000원"
2024-03-26,0,3,Spring,0,0,0,느티나무 셀프BBQ,"대여료 90,000원"
2024-03-27,0,3,Spring,0,0,0,느티나무 셀프BBQ,"대여료 90,000원"
2024-03-28,1,3,Spring,0,0,0,느티나무 셀프BBQ,"대여료 90,000원"
2024-03-29,2,3,Spring,0,0,0,느티나무 셀프BBQ,"대여료 90,000원"
2024-03-30,2,3,Spring,1,0,1,느티나무 셀프BBQ,"대여료 90,000원"
2024-03-31,0,3,Spring,1,0,1,느티나무 셀프BBQ,"대여료 90,000원"
2024-04-01,0,4,Spring,0,0,0,느티나무 셀프BBQ,"대여료 90,000원"
2024-04-02,0,4,Spring,0,0,0,느티나무 셀프BBQ,"대여료 90,000원"
2024-04-03,1,4,Spring,0,0,0,느티나무 셀프BBQ,"대여료 90,000원"
2024-04-04,1,4,Spring,0,0,0,느티나무 셀프BBQ,"대여료 90,000원"
2024-04-05,1,4,Spring,0,0,0,느티나무 셀프BBQ,"대여료 90,000원"
2024-04-06,2,4,Spring,1,0,1,느티나무 셀프BBQ,"대여료 90,000원"
2024-04-07,0,4,Spring,1,0,1,느티나무 셀프BBQ,"대여료 90,000원"
2024-04-08,0,4,Spring,0,0,0,느티나무 셀프BBQ,"대여료 90,000원"
2024-04-09,1,4,Spring,0,0,0,느티나무 셀프BBQ,"대여료 90,000원"
2024-04-10,0,4,Spring,0,1,1,느티나무 셀프BBQ,"대여료 90,000원"
2024-04-11,0,4,Spring,0,0,0,느티나무 셀프BBQ,"대여료 90,000원"
2024-04-12,0,4,Spring,0,0,0,느티나무 셀프BBQ,"대여료 90,000원"
2024-04-13,1,4,Spring,1,0,1,느티나무 셀프BBQ,"대여료 90,000원"
2024-04-14,2,4,Spring,1,0,1,느티나무 셀프BBQ,"대여료 90,000원"
2024-04-15,0,4,Spring,0,0,0,느티나무 셀프BBQ,"대여료 90,000원"
2024-04-16,0,4,Spring,0,0,0,느티나무 셀프BBQ,"대여료 90,000원"
2024-04-17,1,4,Spring,0,0,0,느티나무 셀프BBQ,"대여료 90,000원"
2024-04-18,0,4,Spring,0,0,0,느티나무 셀프BBQ,"대여료 90,000원"
2024-04-19,1,4,Spring,0,0,0,느티나무 셀프BBQ,"대여료 90,000원"
2024-04-20,0,4,Spring,1,0,1,느티나무 셀프BBQ,"대여료 90,000원"
2024-04-21,0,4,Spring,1,0,1,느티나무 셀프BBQ,"대여료 90,000원"
2024-04-22,0,4,Spring,0,0,0,느티나무 셀프BBQ,"대여료 90,000원"
2024-04-23,0,4,Spring,0,0,0,느티나무 셀프BBQ,"대여료 90,000원"
2024-04-24,0,4,Spring,0,0,0,느티나무 셀프BBQ,"대여료 90,000원"
2024-04-25,0,4,Spring,0,0,0,느티나무 셀프BBQ,"대여료 90,000원"
2024-04-26,0,4,Spring,0,0,0,느티나무 셀프BBQ,"대여료 90,000원"
2024-04-27,4,4,Spring,1,0,1,느티나무 셀프BBQ,"대여료 90,000원"
2024-04-28,0,4,Spring,1,0,1,느티나무 셀프BBQ,"대여료 90,000원"
2024-04-29,0,4,Spring,0,0,0,느티나무 셀프BBQ,"대여료 90,000원"
2024-04-30,0,4,Spring,0,0,0,느티나무 셀프BBQ,"대여료 90,000원"
2024-05-01,0,5,Spring,0,0,0,느티나무 셀프BBQ,"대여료 90,000원"
2024-05-02,0,5,Spring,0,0,0,느티나무 셀프BBQ,"대여료 90,000원"
2024-05-03,2,5,Spring,0,0,0,느티나무 셀프BBQ,"대여료 90,000원"
2024-05-04,3,5,Spring,1,0,1,느티나무 셀프BBQ,"대여료 90,000원"
2024-05-05,2,5,Spring,1,1,1,느티나무 셀프BBQ,"대여료 90,000원"
2024-05-06,0,5,Spring,0,1,1,느티나무 셀프BBQ,"대여료 90,000원"
2024-05-07,0,5,Spring,0,0,0,느티나무 셀프BBQ,"대여료 90,000원"
2024-05-08,0,5,Spring,0,0,0,느티나무 셀프BBQ,"대여료 90,000원"
2024-05-09,0,5,Spring,0,0,0,느티나무 셀프BBQ,"대여료 90,000원"
2024-05-10,0,5,Spring,0,0,0,느티나무 셀프BBQ,"대여료 90,000원"
2024-05-11,4,5,Spring,1,0,1,느티나무 셀프BBQ,"대여료 90,000원"
2024-05-12,0,5,Spring,1,0,1,느티나무 셀프BBQ,"대여료 90,000원"
2024-05-13,0,5,Spring,0,0,0,느티나무 셀프BBQ,"대여료 90,000원"
2024-05-14,0,5,Spring,0,0,0,느티나무 셀프BBQ,"대여료 90,000원"
2024-05-15,1,5,Spring,0,1,1,느티나무 셀프BBQ,"대여료 90,000원"
2024-05-16,0,5,Spring,0,0,0,느티나무 셀프BBQ,"대여료 90,000원"
2024-05-17,0,5,Spring,0,0,0,느티나무 셀프BBQ,"대여료 90,000원"
2024-05-18,2,5,Spring,1,0,1,느티나무 셀프BBQ,"대여료 90,000원"
2024-05-19,0,5,Spring,1,0,1,느티나무 셀프BBQ,"대여료 90,000원"
2024-05-20,0,5,Spring,0,0,0,느티나무 셀프BBQ,"대여료 90,000원"
2024-05-21,0,5,Spring,0,0,0,느티나무 셀프BBQ,"대여료 90,000원"
2024-05-22,0,5,Spring,0,0,0,느티나무 셀프BBQ,"대여료 90,000원"
2024-05-23,0,5,Spring,0,0,0,느티나무 셀프BBQ,"대여료 90,000원"
2024-05-24,0,5,Spring,0,0,0,느티나무 셀프BBQ,"대여료 90,000원"
2024-05-25,4,5,Spring,1,0,1,느티나무 셀프BBQ,"대여료 90,000원"
2024-05-26,0,5,Spring,1,0,1,느티나무 셀프BBQ,"대여료 90,000원"
2024-05-27,0,5,Spring,0,0,0,느티나무 셀프BBQ,"대여료 90,000원"
2024-05-28,0,5,Spring,0,0,0,느티나무 셀프BBQ,"대여료 90,000원"
2024-05-29,0,5,Spring,0,0,0,느티나무 셀프BBQ,"대여료 90,000원"
2024-05-30,0,5,Spring,0,0,0,느티나무 셀프BBQ,"대여료 90,000원"
2024-05-31,0,5,Spring,0,0,0,느티나무 셀프BBQ,"대여료 90,000원"
2024-06-01,0,6,Summer,1,0,1,느티나무 셀프BBQ,"대여료 90,000원"
2024-06-02,0,6,Summer,1,0,1,느티나무 셀프BBQ,"대여료 90,000원"
2024-06-03,0,6,Summer,0,0,0,느티나무 셀프BBQ,"대여료 90,000원"
2024-06-04,0,6,Summer,0,0,0,느티나무 셀프BBQ,"대여료 90,000원"
2024-06-05,0,6,Summer,0,0,0,느티나무 셀프BBQ,"대여료 90,000원"
2024-06-06,1,6,Summer,0,1,1,느티나무 셀프BBQ,"대여료 90,000원"
2024-06-07,0,6,Summer,0,0,0,느티나무 셀프BBQ,"대여료 90,000원"
2024-06-08,3,6,Summer,1,0,1,느티나무 셀프BBQ,"대여료 90,000원"
2024-06-09,1,6,Summer,1,0,1,느티나무 셀프BBQ,"대여료 90,000원"
2024-06-10,0,6,Summer,0,0,0,느티나무 셀프BBQ,"대여료 90,000원"
2024-06-11,0,6,Summer,0,0,0,느티나무 셀프BBQ,"대여료 90,000원"
2024-06-12,0,6,Summer,0,0,0,느티나무 셀프BBQ,"대여료 90,000원"
2024-06-13,0,6,Summer,0,0,0,느티나무 셀프BBQ,"대여료 90,000원"
2024-06-14,0,6,Summer,0,0,0,느티나무 셀프BBQ,"대여료 90,000원"
2024-06-15,4,6,Summer,1,0,1,느티나무 셀프BBQ,"대여료 90,000원"
2023-01-01,0,1,Winter,1,1,1,느티나무 셀프BBQ,"본삼겹 (단품,실내)"
2023-01-02,0,1,Winter,0,0,0,느티나무 셀프BBQ,"본삼겹 (단품,실내)"
2023-01-03,2,1,Winter,0,0,0,느티나무 셀프BBQ,"본삼겹 (단품,실내)"
2023-01-04,0,1,Winter,0,0,0,느티나무 셀프BBQ,"본삼겹 (단품,실내)"
2023-01-05,0,1,Winter,0,0,0,느티나무 셀프BBQ,"본삼겹 (단품,실내)"
2023-01-06,0,1,Winter,0,0,0,느티나무 셀프BBQ,"본삼겹 (단품,실내)"
2023-01-07,0,1,Winter,1,0,1,느티나무 셀프BBQ,"본삼겹 (단품,실내)"
2023-01-08,0,1,Winter,1,0,1,느티나무 셀프BBQ,"본삼겹 (단품,실내)"
2023-01-09,0,1,Winter,0,0,0,느티나무 셀프BBQ,"본삼겹 (단품,실내)"
2023-01-10,0,1,Winter,0,0,0,느티나무 셀프BBQ,"본삼겹 (단품,실내)"
2023-01-11,1,1,Winter,0,0,0,느티나무 셀프BBQ,"본삼겹 (단품,실내)"
2023-01-12,0,1,Winter,0,0,0,느티나무 셀프BBQ,"본삼겹 (단품,실내)"
2023-01-13,0,1,Winter,0,0,0,느티나무 셀프BBQ,"본삼겹 (단품,실내)"
2023-01-14,0,1,Winter,1,0,1,느티나무 셀프BBQ,"본삼겹 (단품,실내)"
2023-01-15,4,1,Winter,1,0,1,느티나무 셀프BBQ,"본삼겹 (단품,실내)"
2023-01-16,0,1,Winter,0,0,0,느티나무 셀프BBQ,"본삼겹 (단품,실내)"
2023-01-17,0,1,Winter,0,0,0,느티나무 셀프BBQ,"본삼겹 (단품,실내)"
2023-01-18,2,1,Winter,0,0,0,느티나무 셀프BBQ,"본삼겹 (단품,실내)"
2023-01-19,0,1,Winter,0,0,0,느티나무 셀프BBQ,"본삼겹 (단품,실내)"
2023-01-20,2,1,Winter,0,0,0,느티나무 셀프BBQ,"본삼겹 (단품,실내)"
2023-01-21,1,1,Winter,1,1,1,느티나무 셀프BBQ,"본삼겹 (단품,실내)"
2023-01-22,0,1,Winter,1,1,1,느티나무 셀프BBQ,"본삼겹 (단품,실내)"
2023-01-23,1,1,Winter,0,1,1,느티나무 셀프BBQ,"본삼겹 (단품,실내)"
2023-01-24,0,1,Winter,0,1,1,느티나무 셀프BBQ,"본삼겹 (단품,실내)"
2023-01-25,1,1,Winter,0,0,0,느티나무 셀프BBQ,"본삼겹 (단품,실내)"
2023-01-26,5,1,Winter,0,0,0,느티나무 셀프BBQ,"본삼겹 (단품,실내)"
2023-01-27,0,1,Winter,0,0,0,느티나무 셀프BBQ,"본삼겹 (단품,실내)"
2023-01-28,0,1,Winter,1,0,1,느티나무 셀프BBQ,"본삼겹 (단품,실내)"
2023-01-29,3,1,Winter,1,0,1,느티나무 셀프BBQ,"본삼겹 (단품,실내)"
2023-01-30,0,1,Winter,0,0,0,느티나무 셀프BBQ,"본삼겹 (단품,실내)"
2023-01-31,1,1,Winter,0,0,0,느티나무 셀프BBQ,"본삼겹 (단품,실내)"
2023-02-01,1,2,Winter,0,0,0,느티나무 셀프BBQ,"본삼겹 (단품,실내)"
2023-02-02,0,2,Winter,0,0,0,느티나무 셀프BBQ,"본삼겹 (단품,실내)"
2023-02-03,0,2,Winter,0,0,0,느티나무 셀프BBQ,"본삼겹 (단품,실내)"
2023-02-04,0,2,Winter,1,0,1,느티나무 셀프BBQ,"본삼겹 (단품,실내)"
2023-02-05,0,2,Winter,1,0,1,느티나무 셀프BBQ,"본삼겹 (단품,실내)"
2023-02-06,2,2,Winter,0,0,0,느티나무 셀프BBQ,"본삼겹 (단품,실내)"
2023-02-07,2,2,Winter,0,0,0,느티나무 셀프BBQ,"본삼겹 (단품,실내)"
2023-02-08,0,2,Winter,0,0,0,느티나무 셀프BBQ,"본삼겹 (단품,실내)"
2023-02-09,0,2,Winter,0,0,0,느티나무 셀프BBQ,"본삼겹 (단품,실내)"
2023-02-10,0,2,Winter,0,0,0,느티나무 셀프BBQ,"본삼겹 (단품,실내)"
2023-02-11,1,2,Winter,1,0,1,느티나무 셀프BBQ,"본삼겹 (단품,실내)"
2023-02-12,0,2,Winter,1,0,1,느티나무 셀프BBQ,"본삼겹 (단품,실내)"
2023-02-13,0,2,Winter,0,0,0,느티나무 셀프BBQ,"본삼겹 (단품,실내)"
2023-02-14,0,2,Winter,0,0,0,느티나무 셀프BBQ,"본삼겹 (단품,실내)"
2023-02-15,0,2,Winter,0,0,0,느티나무 셀프BBQ,"본삼겹 (단품,실내)"
2023-02-16,0,2,Winter,0,0,0,느티나무 셀프BBQ,"본삼겹 (단품,실내)"
2023-02-17,0,2,Winter,0,0,0,느티나무 셀프BBQ,"본삼겹 (단품,실내)"
2023-02-18,2,2,Winter,1,0,1,느티나무 셀프BBQ,"본삼겹 (단품,실내)"
2023-02-19,0,2,Winter,1,0,1,느티나무 셀프BBQ,"본삼겹 (단품,실내)"
2023-02-20,0,2,Winter,0,0,0,느티나무 셀프BBQ,"본삼겹 (단품,실내)"
2023-02-21,0,2,Winter,0,0,0,느티나무 셀프BBQ,"본삼겹 (단품,실내)"
2023-02-22,0,2,Winter,0,0,0,느티나무 셀프BBQ,"본삼겹 (단품,실내)"
2023-02-23,0,2,Winter,0,0,0,느티나무 셀프BBQ,"본삼겹 (단품,실내)"
2023-02-24,0,2,Winter,0,0,0,느티나무 셀프BBQ,"본삼겹 (단품,실내)"
2023-02-25,2,2,Winter,1,0,1,느티나무 셀프BBQ,"본삼겹 (단품,실내)"
2023-02-26,0,2,Winter,1,0,1,느티나무 셀프BBQ,"본삼겹 (단품,실내)"
2023-02-27,0,2,Winter,0,0,0,느티나무 셀프BBQ,"본삼겹 (단품,실내)"
2023-02-28,0,2,Winter,0,0,0,느티나무 셀프BBQ,"본삼겹 (단품,실내)"
2023-03-01,0,3,Spring,0,1,1,느티나무 셀프BBQ,"본삼겹 (단품,실내)"
2023-03-02,0,3,Spring,0,0,0,느티나무 셀프BBQ,"본삼겹 (단품,실내)"
2023-03-03,0,3,Spring,0,0,0,느티나무 셀프BBQ,"본삼겹 (단품,실내)"
2023-03-04,0,3,Spring,1,0,1,느티나무 셀프BBQ,"본삼겹 (단품,실내)"
2023-03-05,0,3,Spring,1,0,1,느티나무 셀프BBQ,"본삼겹 (단품,실내)"
2023-03-06,0,3,Spring,0,0,0,느티나무 셀프BBQ,"본삼겹 (단품,실내)"
2023-03-07,0,3,Spring,0,0,0,느티나무 셀프BBQ,"본삼겹 (단품,실내)"
2023-03-08,0,3,Spring,0,0,0,느티나무 셀프BBQ,"본삼겹 (단품,실내)"
2023-03-09,0,3,Spring,0,0,0,느티나무 셀프BBQ,"본삼겹 (단품,실내)"
2023-03-10,0,3,Spring,0,0,0,느티나무 셀프BBQ,"본삼겹 (단품,실내)"
2023-03-11,0,3,Spring,1,0,1,느티나무 셀프BBQ,"본삼겹 (단품,실내)"
2023-03-12,0,3,Spring,1,0,1,느티나무 셀프BBQ,"본삼겹 (단품,실내)"
2023-03-13,0,3,Spring,0,0,0,느티나무 셀프BBQ,"본삼겹 (단품,실내)"
2023-03-14,0,3,Spring,0,0,0,느티나무 셀프BBQ,"본삼겹 (단품,실내)"
2023-03-15,0,3,Spring,0,0,0,느티나무 셀프BBQ,"본삼겹 (단품,실내)"
2023-03-16,0,3,Spring,0,0,0,느티나무 셀프BBQ,"본삼겹 (단품,실내)"
2023-03-17,0,3,Spring,0,0,0,느티나무 셀프BBQ,"본삼겹 (단품,실내)"
2023-03-18,0,3,Spring,1,0,1,느티나무 셀프BBQ,"본삼겹 (단품,실내)"
2023-03-19,0,3,Spring,1,0,1,느티나무 셀프BBQ,"본삼겹 (단품,실내)"
2023-03-20,0,3,Spring,0,0,0,느티나무 셀프BBQ,"본삼겹 (단품,실내)"
2023-03-21,0,3,Spring,0,0,0,느티나무 셀프BBQ,"본삼겹 (단품,실내)"
2023-03-22,0,3,Spring,0,0,0,느티나무 셀프BBQ,"본삼겹 (단품,실내)"
2023-03-23,0,3,Spring,0,0,0,느티나무 셀프BBQ,"본삼겹 (단품,실내)"
2023-03-24,0,3,Spring,0,0,0,느티나무 셀프BBQ,"본삼겹 (단품,실내)"
2023-03-25,0,3,Spring,1,0,1,느티나무 셀프BBQ,"본삼겹 (단품,실내)"
2023-03-26,0,3,Spring,1,0,1,느티나무 셀프BBQ,"본삼겹 (단품,실내)"
2023-03-27,0,3,Spring,0,0,0,느티나무 셀프BBQ,"본삼겹 (단품,실내)"
2023-03-28,0,3,Spring,0,0,0,느티나무 셀프BBQ,"본삼겹 (단품,실내)"
2023-03-29,0,3,Spring,0,0,0,느티나무 셀프BBQ,"본삼겹 (단품,실내)"
2023-03-30,0,3,Spring,0,0,0,느티나무 셀프BBQ,"본삼겹 (단품,실내)"
2023-03-31,0,3,Spring,0,0,0,느티나무 셀프BBQ,"본삼겹 (단품,실내)"
2023-04-01,1,4,Spring,1,0,1,느티나무 셀프BBQ,"본삼겹 (단품,실내)"
2023-04-02,0,4,Spring,1,0,1,느티나무 셀프BBQ,"본삼겹 (단품,실내)"
2023-04-03,0,4,Spring,0,0,0,느티나무 셀프BBQ,"본삼겹 (단품,실내)"
2023-04-04,0,4,Spring,0,0,0,느티나무 셀프BBQ,"본삼겹 (단품,실내)"
2023-04-05,0,4,Spring,0,0,0,느티나무 셀프BBQ,"본삼겹 (단품,실내)"
2023-04-06,0,4,Spring,0,0,0,느티나무 셀프BBQ,"본삼겹 (단품,실내)"
2023-04-07,3,4,Spring,0,0,0,느티나무 셀프BBQ,"본삼겹 (단품,실내)"
2023-04-08,2,4,Spring,1,0,1,느티나무 셀프BBQ,"본삼겹 (단품,실내)"
2023-04-09,0,4,Spring,1,0,1,느티나무 셀프BBQ,"본삼겹 (단품,실내)"
2023-04-10,0,4,Spring,0,0,0,느티나무 셀프BBQ,"본삼겹 (단품,실내)"
2023-04-11,0,4,Spring,0,0,0,느티나무 셀프BBQ,"본삼겹 (단품,실내)"
2023-04-12,0,4,Spring,0,0,0,느티나무 셀프BBQ,"본삼겹 (단품,실내)"
2023-04-13,0,4,Spring,0,0,0,느티나무 셀프BBQ,"본삼겹 (단품,실내)"
2023-04-14,1,4,Spring,0,0,0,느티나무 셀프BBQ,"본삼겹 (단품,실내)"
2023-04-15,1,4,Spring,1,0,1,느티나무 셀프BBQ,"본삼겹 (단품,실내)"
2023-04-16,1,4,Spring,1,0,1,느티나무 셀프BBQ,"본삼겹 (단품,실내)"
2023-04-17,0,4,Spring,0,0,0,느티나무 셀프BBQ,"본삼겹 (단품,실내)"
2023-04-18,0,4,Spring,0,0,0,느티나무 셀프BBQ,"본삼겹 (단품,실내)"
2023-04-19,0,4,Spring,0,0,0,느티나무 셀프BBQ,"본삼겹 (단품,실내)"
2023-04-20,0,4,Spring,0,0,0,느티나무 셀프BBQ,"본삼겹 (단품,실내)"
2023-04-21,1,4,Spring,0,0,0,느티나무 셀프BBQ,"본삼겹 (단품,실내)"
2023-04-22,2,4,Spring,1,0,1,느티나무 셀프BBQ,"본삼겹 (단품,실내)"
2023-04-23,0,4,Spring,1,0,1,느티나무 셀프BBQ,"본삼겹 (단품,실내)"
2023-04-24,0,4,Spring,0,0,0,느티나무 셀프BBQ,"본삼겹 (단품,실내)"
2023-04-25,0,4,Spring,0,0,0,느티나무 셀프BBQ,"본삼겹 (단품,실내)"
2023-04-26,0,4,Spring,0,0,0,느티나무 셀프BBQ,"본삼겹 (단품,실내)"
2023-04-27,0,4,Spring,0,0,0,느티나무 셀프BBQ,"본삼겹 (단품,실내)"
2023-04-28,0,4,Spring,0,0,0,느티나무 셀프BBQ,"본삼겹 (단품,실내)"
2023-04-29,0,4,Spring,1,0,1,느티나무 셀프BBQ,"본삼겹 (단품,실내)"
2023-04-30,0,4,Spring,1,0,1,느티나무 셀프BBQ,"본삼겹 (단품,실내)"
2023-05-01,0,5,Spring,0,0,0,느티나무 셀프BBQ,"본삼겹 (단품,실내)"
2023-05-02,0,5,Spring,0,0,0,느티나무 셀프BBQ,"본삼겹 (단품,실내)"
2023-05-03,0,5,Spring,0,0,0,느티나무 셀프BBQ,"본삼겹 (단품,실내)"
2023-05-04,0,5,Spring,0,0,0,느티나무 셀프BBQ,"본삼겹 (단품,실내)"
2023-05-05,0,5,Spring,0,1,1,느티나무 셀프BBQ,"본삼겹 (단품,실내)"
2023-05-06,0,5,Spring,1,0,1,느티나무 셀프BBQ,"본삼겹 (단품,실내)"
2023-05-07,0,5,Spring,1,0,1,느티나무 셀프BBQ,"본삼겹 (단품,실내)"
2023-05-08,0,5,Spring,0,0,0,느티나무 셀프BBQ,"본삼겹 (단품,실내)"
2023-05-09,0,5,Spring,0,0,0,느티나무 셀프BBQ,"본삼겹 (단품,실내)"
2023-05-10,0,5,Spring,0,0,0,느티나무 셀프BBQ,"본삼겹 (단품,실내)"
2023-05-11,0,5,Spring,0,0,0,느티나무 셀프BBQ,"본삼겹 (단품,실내)"
2023-05-12,0,5,Spring,0,0,0,느티나무 셀프BBQ,"본삼겹 (단품,실내)"
2023-05-13,0,5,Spring,1,0,1,느티나무 셀프BBQ,"본삼겹 (단품,실내)"
2023-05-14,1,5,Spring,1,0,1,느티나무 셀프BBQ,"본삼겹 (단품,실내)"
2023-05-15,0,5,Spring,0,0,0,느티나무 셀프BBQ,"본삼겹 (단품,실내)"
2023-05-16,0,5,Spring,0,0,0,느티나무 셀프BBQ,"본삼겹 (단품,실내)"
2023-05-17,0,5,Spring,0,0,0,느티나무 셀프BBQ,"본삼겹 (단품,실내)"
2023-05-18,0,5,Spring,0,0,0,느티나무 셀프BBQ,"본삼겹 (단품,실내)"
2023-05-19,0,5,Spring,0,0,0,느티나무 셀프BBQ,"본삼겹 (단품,실내)"
2023-05-20,1,5,Spring,1,0,1,느티나무 셀프BBQ,"본삼겹 (단품,실내)"
2023-05-21,0,5,Spring,1,0,1,느티나무 셀프BBQ,"본삼겹 (단품,실내)"
2023-05-22,0,5,Spring,0,0,0,느티나무 셀프BBQ,"본삼겹 (단품,실내)"
2023-05-23,0,5,Spring,0,0,0,느티나무 셀프BBQ,"본삼겹 (단품,실내)"
2023-05-24,0,5,Spring,0,0,0,느티나무 셀프BBQ,"본삼겹 (단품,실내)"
2023-05-25,0,5,Spring,0,0,0,느티나무 셀프BBQ,"본삼겹 (단품,실내)"
2023-05-26,0,5,Spring,0,0,0,느티나무 셀프BBQ,"본삼겹 (단품,실내)"
2023-05-27,0,5,Spring,1,1,1,느티나무 셀프BBQ,"본삼겹 (단품,실내)"
2023-05-28,3,5,Spring,1,0,1,느티나무 셀프BBQ,"본삼겹 (단품,실내)"
2023-05-29,0,5,Spring,0,1,1,느티나무 셀프BBQ,"본삼겹 (단품,실내)"
2023-05-30,0,5,Spring,0,0,0,느티나무 셀프BBQ,"본삼겹 (단품,실내)"
2023-05-31,0,5,Spring,0,0,0,느티나무 셀프BBQ,"본삼겹 (단품,실내)"
2023-06-01,0,6,Summer,0,0,0,느티나무 셀프BBQ,"본삼겹 (단품,실내)"
2023-06-02,0,6,Summer,0,0,0,느티나무 셀프BBQ,"본삼겹 (단품,실내)"
2023-06-03,1,6,Summer,1,0,1,느티나무 셀프BBQ,"본삼겹 (단품,실내)"
2023-06-04,0,6,Summer,1,0,1,느티나무 셀프BBQ,"본삼겹 (단품,실내)"
2023-06-05,1,6,Summer,0,0,0,느티나무 셀프BBQ,"본삼겹 (단품,실내)"
2023-06-06,0,6,Summer,0,1,1,느티나무 셀프BBQ,"본삼겹 (단품,실내)"
2023-06-07,0,6,Summer,0,0,0,느티나무 셀프BBQ,"본삼겹 (단품,실내)"
2023-06-08,0,6,Summer,0,0,0,느티나무 셀프BBQ,"본삼겹 (단품,실내)"
2023-06-09,0,6,Summer,0,0,0,느티나무 셀프BBQ,"본삼겹 (단품,실내)"
2023-06-10,0,6,Summer,1,0,1,느티나무 셀프BBQ,"본삼겹 (단품,실내)"
2023-06-11,0,6,Summer,1,0,1,느티나무 셀프BBQ,"본삼겹 (단품,실내)"
2023-06-12,0,6,Summer,0,0,0,느티나무 셀프BBQ,"본삼겹 (단품,실내)"
2023-06-13,0,6,Summer,0,0,0,느티나무 셀프BBQ,"본삼겹 (단품,실내)"
2023-06-14,0,6,Summer,0,0,0,느티나무 셀프BBQ,"본삼겹 (단품,실내)"
2023-06-15,0,6,Summer,0,0,0,느티나무 셀프BBQ,"본삼겹 (단품,실내)"
2023-06-16,0,6,Summer,0,0,0,느티나무 셀프BBQ,"본삼겹 (단품,실내)"
2023-06-17,0,6,Summer,1,0,1,느티나무 셀프BBQ,"본삼겹 (단품,실내)"
2023-06-18,0,6,Summer,1,0,1,느티나무 셀프BBQ,"본삼겹 (단품,실내)"
2023-06-19,0,6,Summer,0,0,0,느티나무 셀프BBQ,"본삼겹 (단품,실내)"
2023-06-20,0,6,Summer,0,0,0,느티나무 셀프BBQ,"본삼겹 (단품,실내)"
2023-06-21,0,6,Summer,0,0,0,느티나무 셀프BBQ,"본삼겹 (단품,실내)"
2023-06-22,0,6,Summer,0,0,0,느티나무 셀프BBQ,"본삼겹 (단품,실내)"
2023-06-23,0,6,Summer,0,0,0,느티나무 셀프BBQ,"본삼겹 (단품,실내)"
2023-06-24,0,6,Summer,1,0,1,느티나무 셀프BBQ,"본삼겹 (단품,실내)"
2023-06-25,0,6,Summer,1,0,1,느티나무 셀프BBQ,"본삼겹 (단품,실내)"
2023-06-26,0,6,Summer,0,0,0,느티나무 셀프BBQ,"본삼겹 (단품,실내)"
2023-06-27,0,6,Summer,0,0,0,느티나무 셀프BBQ,"본삼겹 (단품,실내)"
2023-06-28,0,6,Summer,0,0,0,느티나무 셀프BBQ,"본삼겹 (단품,실내)"
2023-06-29,0,6,Summer,0,0,0,느티나무 셀프BBQ,"본삼겹 (단품,실내)"
2023-06-30,0,6,Summer,0,0,0,느티나무 셀프BBQ,"본삼겹 (단품,실내)"
2023-07-01,0,7,Summer,1,0,1,느티나무 셀프BBQ,"본삼겹 (단품,실내)"
2023-07-02,0,7,Summer,1,0,1,느티나무 셀프BBQ,"본삼겹 (단품,실내)"
2023-07-03,0,7,Summer,0,0,0,느티나무 셀프BBQ,"본삼겹 (단품,실내)"
2023-07-04,0,7,Summer,0,0,0,느티나무 셀프BBQ,"본삼겹 (단품,실내)"
2023-07-05,0,7,Summer,0,0,0,느티나무 셀프BBQ,"본삼겹 (단품,실내)"
2023-07-06,0,7,Summer,0,0,0,느티나무 셀프BBQ,"본삼겹 (단품,실내)"
2023-07-07,0,7,Summer,0,0,0,느티나무 셀프BBQ,"본삼겹 (단품,실내)"
2023-07-08,0,7,Summer,1,0,1,느티나무 셀프BBQ,"본삼겹 (단품,실내)"
2023-07-09,0,7,Summer,1,0,1,느티나무 셀프BBQ,"본삼겹 (단품,실내)"
2023-07-10,0,7,Summer,0,0,0,느티나무 셀프BBQ,"본삼겹 (단품,실내)"
2023-07-11,0,7,Summer,0,0,0,느티나무 셀프BBQ,"본삼겹 (단품,실내)"
2023-07-12,0,7,Summer,0,0,0,느티나무 셀프BBQ,"본삼겹 (단품,실내)"
2023-07-13,0,7,Summer,0,0,0,느티나무 셀프BBQ,"본삼겹 (단품,실내)"
2023-07-14,0,7,Summer,0,0,0,느티나무 셀프BBQ,"본삼겹 (단품,실내)"
2023-07-15,0,7,Summer,1,0,1,느티나무 셀프BBQ,"본삼겹 (단품,실내)"
2023-07-16,0,7,Summer,1,0,1,느티나무 셀프BBQ,"본삼겹 (단품,실내)"
2023-07-17,0,7,Summer,0,0,0,느티나무 셀프BBQ,"본삼겹 (단품,실내)"
2023-07-18,0,7,Summer,0,0,0,느티나무 셀프BBQ,"본삼겹 (단품,실내)"
2023-07-19,0,7,Summer,0,0,0,느티나무 셀프BBQ,"본삼겹 (단품,실내)"
2023-07-20,1,7,Summer,0,0,0,느티나무 셀프BBQ,"본삼겹 (단품,실내)"
2023-07-21,0,7,Summer,0,0,0,느티나무 셀프BBQ,"본삼겹 (단품,실내)"
2023-07-22,0,7,Summer,1,0,1,느티나무 셀프BBQ,"본삼겹 (단품,실내)"
2023-07-23,0,7,Summer,1,0,1,느티나무 셀프BBQ,"본삼겹 (단품,실내)"
2023-07-24,0,7,Summer,0,0,0,느티나무 셀프BBQ,"본삼겹 (단품,실내)"
2023-07-25,0,7,Summer,0,0,0,느티나무 셀프BBQ,"본삼겹 (단품,실내)"
2023-07-26,0,7,Summer,0,0,0,느티나무 셀프BBQ,"본삼겹 (단품,실내)"
2023-07-27,0,7,Summer,0,0,0,느티나무 셀프BBQ,"본삼겹 (단품,실내)"
2023-07-28,0,7,Summer,0,0,0,느티나무 셀프BBQ,"본삼겹 (단품,실내)"
2023-07-29,0,7,Summer,1,0,1,느티나무 셀프BBQ,"본삼겹 (단품,실내)"
2023-07-30,0,7,Summer,1,0,1,느티나무 셀프BBQ,"본삼겹 (단품,실내)"
2023-07-31,0,7,Summer,0,0,0,느티나무 셀프BBQ,"본삼겹 (단품,실내)"
2023-08-01,0,8,Summer,0,0,0,느티나무 셀프BBQ,"본삼겹 (단품,실내)"
2023-08-02,0,8,Summer,0,0,0,느티나무 셀프BBQ,"본삼겹 (단품,실내)"
2023-08-03,2,8,Summer,0,0,0,느티나무 셀프BBQ,"본삼겹 (단품,실내)"
2023-08-04,5,8,Summer,0,0,0,느티나무 셀프BBQ,"본삼겹 (단품,실내)"
2023-08-05,0,8,Summer,1,0,1,느티나무 셀프BBQ,"본삼겹 (단품,실내)"
2023-08-06,0,8,Summer,1,0,1,느티나무 셀프BBQ,"본삼겹 (단품,실내)"
2023-08-07,0,8,Summer,0,0,0,느티나무 셀프BBQ,"본삼겹 (단품,실내)"
2023-08-08,0,8,Summer,0,0,0,느티나무 셀프BBQ,"본삼겹 (단품,실내)"
2023-08-09,0,8,Summer,0,0,0,느티나무 셀프BBQ,"본삼겹 (단품,실내)"
2023-08-10,0,8,Summer,0,0,0,느티나무 셀프BBQ,"본삼겹 (단품,실내)"
2023-08-11,0,8,Summer,0,0,0,느티나무 셀프BBQ,"본삼겹 (단품,실내)"
2023-08-12,0,8,Summer,1,0,1,느티나무 셀프BBQ,"본삼겹 (단품,실내)"
2023-08-13,0,8,Summer,1,0,1,느티나무 셀프BBQ,"본삼겹 (단품,실내)"
2023-08-14,1,8,Summer,0,0,0,느티나무 셀프BBQ,"본삼겹 (단품,실내)"
2023-08-15,0,8,Summer,0,1,1,느티나무 셀프BBQ,"본삼겹 (단품,실내)"
2023-08-16,0,8,Summer,0,0,0,느티나무 셀프BBQ,"본삼겹 (단품,실내)"
2023-08-17,0,8,Summer,0,0,0,느티나무 셀프BBQ,"본삼겹 (단품,실내)"
2023-08-18,0,8,Summer,0,0,0,느티나무 셀프BBQ,"본삼겹 (단품,실내)"
2023-08-19,12,8,Summer,1,0,1,느티나무 셀프BBQ,"본삼겹 (단품,실내)"
2023-08-20,0,8,Summer,1,0,1,느티나무 셀프BBQ,"본삼겹 (단품,실내)"
2023-08-21,0,8,Summer,0,0,0,느티나무 셀프BBQ,"본삼겹 (단품,실내)"
2023-08-22,0,8,Summer,0,0,0,느티나무 셀프BBQ,"본삼겹 (단품,실내)"
2023-08-23,0,8,Summer,0,0,0,느티나무 셀프BBQ,"본삼겹 (단품,실내)"
2023-08-24,0,8,Summer,0,0,0,느티나무 셀프BBQ,"본삼겹 (단품,실내)"
2023-08-25,3,8,Summer,0,0,0,느티나무 셀프BBQ,"본삼겹 (단품,실내)"
2023-08-26,3,8,Summer,1,0,1,느티나무 셀프BBQ,"본삼겹 (단품,실내)"
2023-08-27,6,8,Summer,1,0,1,느티나무 셀프BBQ,"본삼겹 (단품,실내)"
2023-08-28,0,8,Summer,0,0,0,느티나무 셀프BBQ,"본삼겹 (단품,실내)"
2023-08-29,0,8,Summer,0,0,0,느티나무 셀프BBQ,"본삼겹 (단품,실내)"
2023-08-30,0,8,Summer,0,0,0,느티나무 셀프BBQ,"본삼겹 (단품,실내)"
2023-08-31,0,8,Summer,0,0,0,느티나무 셀프BBQ,"본삼겹 (단품,실내)"
2023-09-01,0,9,Autumn,0,0,0,느티나무 셀프BBQ,"본삼겹 (단품,실내)"
2023-09-02,5,9,Autumn,1,0,1,느티나무 셀프BBQ,"본삼겹 (단품,실내)"
2023-09-03,0,9,Autumn,1,0,1,느티나무 셀프BBQ,"본삼겹 (단품,실내)"
2023-09-04,0,9,Autumn,0,0,0,느티나무 셀프BBQ,"본삼겹 (단품,실내)"
2023-09-05,0,9,Autumn,0,0,0,느티나무 셀프BBQ,"본삼겹 (단품,실내)"
2023-09-06,0,9,Autumn,0,0,0,느티나무 셀프BBQ,"본삼겹 (단품,실내)"
2023-09-07,0,9,Autumn,0,0,0,느티나무 셀프BBQ,"본삼겹 (단품,실내)"
2023-09-08,5,9,Autumn,0,0,0,느티나무 셀프BBQ,"본삼겹 (단품,실내)"
2023-09-09,0,9,Autumn,1,0,1,느티나무 셀프BBQ,"본삼겹 (단품,실내)"
2023-09-10,2,9,Autumn,1,0,1,느티나무 셀프BBQ,"본삼겹 (단품,실내)"
2023-09-11,0,9,Autumn,0,0,0,느티나무 셀프BBQ,"본삼겹 (단품,실내)"
2023-09-12,0,9,Autumn,0,0,0,느티나무 셀프BBQ,"본삼겹 (단품,실내)"
2023-09-13,2,9,Autumn,0,0,0,느티나무 셀프BBQ,"본삼겹 (단품,실내)"
2023-09-14,0,9,Autumn,0,0,0,느티나무 셀프BBQ,"본삼겹 (단품,실내)"
2023-09-15,0,9,Autumn,0,0,0,느티나무 셀프BBQ,"본삼겹 (단품,실내)"
2023-09-16,0,9,Autumn,1,0,1,느티나무 셀프BBQ,"본삼겹 (단품,실내)"
2023-09-17,0,9,Autumn,1,0,1,느티나무 셀프BBQ,"본삼겹 (단품,실내)"
2023-09-18,0,9,Autumn,0,0,0,느티나무 셀프BBQ,"본삼겹 (단품,실내)"
2023-09-19,0,9,Autumn,0,0,0,느티나무 셀프BBQ,"본삼겹 (단품,실내)"
2023-09-20,0,9,Autumn,0,0,0,느티나무 셀프BBQ,"본삼겹 (단품,실내)"
2023-09-21,0,9,Autumn,0,0,0,느티나무 셀프BBQ,"본삼겹 (단품,실내)"
2023-09-22,0,9,Autumn,0,0,0,느티나무 셀프BBQ,"본삼겹 (단품,실내)"
2023-09-23,0,9,Autumn,1,0,1,느티나무 셀프BBQ,"본삼겹 (단품,실내)"
2023-09-24,2,9,Autumn,1,0,1,느티나무 셀프BBQ,"본삼겹 (단품,실내)"
2023-09-25,0,9,Autumn,0,0,0,느티나무 셀프BBQ,"본삼겹 (단품,실내)"
2023-09-26,0,9,Autumn,0,0,0,느티나무 셀프BBQ,"본삼겹 (단품,실내)"
2023-09-27,3,9,Autumn,0,0,0,느티나무 셀프BBQ,"본삼겹 (단품,실내)"
2023-09-28,6,9,Autumn,0,1,1,느티나무 셀프BBQ,"본삼겹 (단품,실내)"
2023-09-29,4,9,Autumn,0,1,1,느티나무 셀프BBQ,"본삼겹 (단품,실내)"
2023-09-30,0,9,Autumn,1,1,1,느티나무 셀프BBQ,"본삼겹 (단품,실내)"
2023-10-01,0,10,Autumn,1,0,1,느티나무 셀프BBQ,"본삼겹 (단품,실내)"
2023-10-02,0,10,Autumn,0,1,1,느티나무 셀프BBQ,"본삼겹 (단품,실내)"
2023-10-03,1,10,Autumn,0,1,1,느티나무 셀프BBQ,"본삼겹 (단품,실내)"
2023-10-04,0,10,Autumn,0,0,0,느티나무 셀프BBQ,"본삼겹 (단품,실내)"
2023-10-05,0,10,Autumn,0,0,0,느티나무 셀프BBQ,"본삼겹 (단품,실내)"
2023-10-06,0,10,Autumn,0,0,0,느티나무 셀프BBQ,"본삼겹 (단품,실내)"
2023-10-07,0,10,Autumn,1,0,1,느티나무 셀프BBQ,"본삼겹 (단품,실내)"
2023-10-08,1,10,Autumn,1,0,1,느티나무 셀프BBQ,"본삼겹 (단품,실내)"
2023-10-09,0,10,Autumn,0,1,1,느티나무 셀프BBQ,"본삼겹 (단품,실내)"
2023-10-10,1,10,Autumn,0,0,0,느티나무 셀프BBQ,"본삼겹 (단품,실내)"
2023-10-11,0,10,Autumn,0,0,0,느티나무 셀프BBQ,"본삼겹 (단품,실내)"
2023-10-12,0,10,Autumn,0,0,0,느티나무 셀프BBQ,"본삼겹 (단품,실내)"
2023-10-13,0,10,Autumn,0,0,0,느티나무 셀프BBQ,"본삼겹 (단품,실내)"
2023-10-14,5,10,Autumn,1,0,1,느티나무 셀프BBQ,"본삼겹 (단품,실내)"
2023-10-15,0,10,Autumn,1,0,1,느티나무 셀프BBQ,"본삼겹 (단품,실내)"
2023-10-16,0,10,Autumn,0,0,0,느티나무 셀프BBQ,"본삼겹 (단품,실내)"
2023-10-17,0,10,Autumn,0,0,0,느티나무 셀프BBQ,"본삼겹 (단품,실내)"
2023-10-18,0,10,Autumn,0,0,0,느티나무 셀프BBQ,"본삼겹 (단품,실내)"
2023-10-19,0,10,Autumn,0,0,0,느티나무 셀프BBQ,"본삼겹 (단품,실내)"
2023-10-20,1,10,Autumn,0,0,0,느티나무 셀프BBQ,"본삼겹 (단품,실내)"
2023-10-21,1,10,Autumn,1,0,1,느티나무 셀프BBQ,"본삼겹 (단품,실내)"
2023-10-22,3,10,Autumn,1,0,1,느티나무 셀프BBQ,"본삼겹 (단품,실내)"
2023-10-23,0,10,Autumn,0,0,0,느티나무 셀프BBQ,"본삼겹 (단품,실내)"
2023-10-24,0,10,Autumn,0,0,0,느티나무 셀프BBQ,"본삼겹 (단품,실내)"
2023-10-25,1,10,Autumn,0,0,0,느티나무 셀프BBQ,"본삼겹 (단품,실내)"
2023-10-26,0,10,Autumn,0,0,0,느티나무 셀프BBQ,"본삼겹 (단품,실내)"
2023-10-27,1,10,Autumn,0,0,0,느티나무 셀프BBQ,"본삼겹 (단품,실내)"
2023-10-28,0,10,Autumn,1,0,1,느티나무 셀프BBQ,"본삼겹 (단품,실내)"
2023-10-29,3,10,Autumn,1,0,1,느티나무 셀프BBQ,"본삼겹 (단품,실내)"
2023-10-30,0,10,Autumn,0,0,0,느티나무 셀프BBQ,"본삼겹 (단품,실내)"
2023-10-31,1,10,Autumn,0,0,0,느티나무 셀프BBQ,"본삼겹 (단품,실내)"
2023-11-01,0,11,Autumn,0,0,0,느티나무 셀프BBQ,"본삼겹 (단품,실내)"
2023-11-02,0,11,Autumn,0,0,0,느티나무 셀프BBQ,"본삼겹 (단품,실내)"
2023-11-03,3,11,Autumn,0,0,0,느티나무 셀프BBQ,"본삼겹 (단품,실내)"
2023-11-04,2,11,Autumn,1,0,1,느티나무 셀프BBQ,"본삼겹 (단품,실내)"
2023-11-05,1,11,Autumn,1,0,1,느티나무 셀프BBQ,"본삼겹 (단품,실내)"
2023-11-06,0,11,Autumn,0,0,0,느티나무 셀프BBQ,"본삼겹 (단품,실내)"
2023-11-07,1,11,Autumn,0,0,0,느티나무 셀프BBQ,"본삼겹 (단품,실내)"
2023-11-08,1,11,Autumn,0,0,0,느티나무 셀프BBQ,"본삼겹 (단품,실내)"
2023-11-09,0,11,Autumn,0,0,0,느티나무 셀프BBQ,"본삼겹 (단품,실내)"
2023-11-10,0,11,Autumn,0,0,0,느티나무 셀프BBQ,"본삼겹 (단품,실내)"
2023-11-11,2,11,Autumn,1,0,1,느티나무 셀프BBQ,"본삼겹 (단품,실내)"
2023-11-12,1,11,Autumn,1,0,1,느티나무 셀프BBQ,"본삼겹 (단품,실내)"
2023-11-13,0,11,Autumn,0,0,0,느티나무 셀프BBQ,"본삼겹 (단품,실내)"
2023-11-14,0,11,Autumn,0,0,0,느티나무 셀프BBQ,"본삼겹 (단품,실내)"
2023-11-15,0,11,Autumn,0,0,0,느티나무 셀프BBQ,"본삼겹 (단품,실내)"
2023-11-16,0,11,Autumn,0,0,0,느티나무 셀프BBQ,"본삼겹 (단품,실내)"
2023-11-17,0,11,Autumn,0,0,0,느티나무 셀프BBQ,"본삼겹 (단품,실내)"
2023-11-18,2,11,Autumn,1,0,1,느티나무 셀프BBQ,"본삼겹 (단품,실내)"
2023-11-19,1,11,Autumn,1,0,1,느티나무 셀프BBQ,"본삼겹 (단품,실내)"
2023-11-20,0,11,Autumn,0,0,0,느티나무 셀프BBQ,"본삼겹 (단품,실내)"
2023-11-21,0,11,Autumn,0,0,0,느티나무 셀프BBQ,"본삼겹 (단품,실내)"
2023-11-22,0,11,Autumn,0,0,0,느티나무 셀프BBQ,"본삼겹 (단품,실내)"
2023-11-23,2,11,Autumn,0,0,0,느티나무 셀프BBQ,"본삼겹 (단품,실내)"
2023-11-24,0,11,Autumn,0,0,0,느티나무 셀프BBQ,"본삼겹 (단품,실내)"
2023-11-25,2,11,Autumn,1,0,1,느티나무 셀프BBQ,"본삼겹 (단품,실내)"
2023-11-26,5,11,Autumn,1,0,1,느티나무 셀프BBQ,"본삼겹 (단품,실내)"
2023-11-27,0,11,Autumn,0,0,0,느티나무 셀프BBQ,"본삼겹 (단품,실내)"
2023-11-28,0,11,Autumn,0,0,0,느티나무 셀프BBQ,"본삼겹 (단품,실내)"
2023-11-29,0,11,Autumn,0,0,0,느티나무 셀프BBQ,"본삼겹 (단품,실내)"
2023-11-30,0,11,Autumn,0,0,0,느티나무 셀프BBQ,"본삼겹 (단품,실내)"
2023-12-01,0,12,Winter,0,0,0,느티나무 셀프BBQ,"본삼겹 (단품,실내)"
2023-12-02,0,12,Winter,1,0,1,느티나무 셀프BBQ,"본삼겹 (단품,실내)"
2023-12-03,0,12,Winter,1,0,1,느티나무 셀프BBQ,"본삼겹 (단품,실내)"
2023-12-04,0,12,Winter,0,0,0,느티나무 셀프BBQ,"본삼겹 (단품,실내)"
2023-12-05,0,12,Winter,0,0,0,느티나무 셀프BBQ,"본삼겹 (단품,실내)"
2023-12-06,0,12,Winter,0,0,0,느티나무 셀프BBQ,"본삼겹 (단품,실내)"
2023-12-07,0,12,Winter,0,0,0,느티나무 셀프BBQ,"본삼겹 (단품,실내)"
2023-12-08,2,12,Winter,0,0,0,느티나무 셀프BBQ,"본삼겹 (단품,실내)"
2023-12-09,2,12,Winter,1,0,1,느티나무 셀프BBQ,"본삼겹 (단품,실내)"
2023-12-10,2,12,Winter,1,0,1,느티나무 셀프BBQ,"본삼겹 (단품,실내)"
2023-12-11,3,12,Winter,0,0,0,느티나무 셀프BBQ,"본삼겹 (단품,실내)"
2023-12-12,15,12,Winter,0,0,0,느티나무 셀프BBQ,"본삼겹 (단품,실내)"
2023-12-13,6,12,Winter,0,0,0,느티나무 셀프BBQ,"본삼겹 (단품,실내)"
2023-12-14,2,12,Winter,0,0,0,느티나무 셀프BBQ,"본삼겹 (단품,실내)"
2023-12-15,22,12,Winter,0,0,0,느티나무 셀프BBQ,"본삼겹 (단품,실내)"
2023-12-16,0,12,Winter,1,0,1,느티나무 셀프BBQ,"본삼겹 (단품,실내)"
2023-12-17,0,12,Winter,1,0,1,느티나무 셀프BBQ,"본삼겹 (단품,실내)"
2023-12-18,3,12,Winter,0,0,0,느티나무 셀프BBQ,"본삼겹 (단품,실내)"
2023-12-19,0,12,Winter,0,0,0,느티나무 셀프BBQ,"본삼겹 (단품,실내)"
2023-12-20,2,12,Winter,0,0,0,느티나무 셀프BBQ,"본삼겹 (단품,실내)"
2023-12-21,0,12,Winter,0,0,0,느티나무 셀프BBQ,"본삼겹 (단품,실내)"
2023-12-22,0,12,Winter,0,0,0,느티나무 셀프BBQ,"본삼겹 (단품,실내)"
2023-12-23,4,12,Winter,1,0,1,느티나무 셀프BBQ,"본삼겹 (단품,실내)"
2023-12-24,3,12,Winter,1,0,1,느티나무 셀프BBQ,"본삼겹 (단품,실내)"
2023-12-25,3,12,Winter,0,1,1,느티나무 셀프BBQ,"본삼겹 (단품,실내)"
2023-12-26,0,12,Winter,0,0,0,느티나무 셀프BBQ,"본삼겹 (단품,실내)"
2023-12-27,2,12,Winter,0,0,0,느티나무 셀프BBQ,"본삼겹 (단품,실내)"
2023-12-28,4,12,Winter,0,0,0,느티나무 셀프BBQ,"본삼겹 (단품,실내)"
2023-12-29,0,12,Winter,0,0,0,느티나무 셀프BBQ,"본삼겹 (단품,실내)"
2023-12-30,1,12,Winter,1,0,1,느티나무 셀프BBQ,"본삼겹 (단품,실내)"
2023-12-31,2,12,Winter,1,0,1,느티나무 셀프BBQ,"본삼겹 (단품,실내)"
2024-01-01,0,1,Winter,0,1,1,느티나무 셀프BBQ,"본삼겹 (단품,실내)"
2024-01-02,0,1,Winter,0,0,0,느티나무 셀프BBQ,"본삼겹 (단품,실내)"
2024-01-03,0,1,Winter,0,0,0,느티나무 셀프BBQ,"본삼겹 (단품,실내)"
2024-01-04,0,1,Winter,0,0,0,느티나무 셀프BBQ,"본삼겹 (단품,실내)"
2024-01-05,0,1,Winter,0,0,0,느티나무 셀프BBQ,"본삼겹 (단품,실내)"
2024-01-06,0,1,Winter,1,0,1,느티나무 셀프BBQ,"본삼겹 (단품,실내)"
2024-01-07,4,1,Winter,1,0,1,느티나무 셀프BBQ,"본삼겹 (단품,실내)"
2024-01-08,0,1,Winter,0,0,0,느티나무 셀프BBQ,"본삼겹 (단품,실내)"
2024-01-09,0,1,Winter,0,0,0,느티나무 셀프BBQ,"본삼겹 (단품,실내)"
2024-01-10,3,1,Winter,0,0,0,느티나무 셀프BBQ,"본삼겹 (단품,실내)"
2024-01-11,3,1,Winter,0,0,0,느티나무 셀프BBQ,"본삼겹 (단품,실내)"
2024-01-12,0,1,Winter,0,0,0,느티나무 셀프BBQ,"본삼겹 (단품,실내)"
2024-01-13,2,1,Winter,1,0,1,느티나무 셀프BBQ,"본삼겹 (단품,실내)"
2024-01-14,3,1,Winter,1,0,1,느티나무 셀프BBQ,"본삼겹 (단품,실내)"
2024-01-15,0,1,Winter,0,0,0,느티나무 셀프BBQ,"본삼겹 (단품,실내)"
2024-01-16,0,1,Winter,0,0,0,느티나무 셀프BBQ,"본삼겹 (단품,실내)"
2024-01-17,0,1,Winter,0,0,0,느티나무 셀프BBQ,"본삼겹 (단품,실내)"
2024-01-18,2,1,Winter,0,0,0,느티나무 셀프BBQ,"본삼겹 (단품,실내)"
2024-01-19,0,1,Winter,0,0,0,느티나무 셀프BBQ,"본삼겹 (단품,실내)"
2024-01-20,2,1,Winter,1,0,1,느티나무 셀프BBQ,"본삼겹 (단품,실내)"
2024-01-21,3,1,Winter,1,0,1,느티나무 셀프BBQ,"본삼겹 (단품,실내)"
2024-01-22,0,1,Winter,0,0,0,느티나무 셀프BBQ,"본삼겹 (단품,실내)"
2024-01-23,1,1,Winter,0,0,0,느티나무 셀프BBQ,"본삼겹 (단품,실내)"
2024-01-24,0,1,Winter,0,0,0,느티나무 셀프BBQ,"본삼겹 (단품,실내)"
2024-01-25,0,1,Winter,0,0,0,느티나무 셀프BBQ,"본삼겹 (단품,실내)"
2024-01-26,11,1,Winter,0,0,0,느티나무 셀프BBQ,"본삼겹 (단품,실내)"
2024-01-27,3,1,Winter,1,0,1,느티나무 셀프BBQ,"본삼겹 (단품,실내)"
2024-01-28,2,1,Winter,1,0,1,느티나무 셀프BBQ,"본삼겹 (단품,실내)"
2024-01-29,0,1,Winter,0,0,0,느티나무 셀프BBQ,"본삼겹 (단품,실내)"
2024-01-30,0,1,Winter,0,0,0,느티나무 셀프BBQ,"본삼겹 (단품,실내)"
2024-01-31,0,1,Winter,0,0,0,느티나무 셀프BBQ,"본삼겹 (단품,실내)"
2024-02-01,0,2,Winter,0,0,0,느티나무 셀프BBQ,"본삼겹 (단품,실내)"
2024-02-02,0,2,Winter,0,0,0,느티나무 셀프BBQ,"본삼겹 (단품,실내)"
2024-02-03,0,2,Winter,1,0,1,느티나무 셀프BBQ,"본삼겹 (단품,실내)"
2024-02-04,1,2,Winter,1,0,1,느티나무 셀프BBQ,"본삼겹 (단품,실내)"
2024-02-05,6,2,Winter,0,0,0,느티나무 셀프BBQ,"본삼겹 (단품,실내)"
2024-02-06,4,2,Winter,0,0,0,느티나무 셀프BBQ,"본삼겹 (단품,실내)"
2024-02-07,0,2,Winter,0,0,0,느티나무 셀프BBQ,"본삼겹 (단품,실내)"
2024-02-08,0,2,Winter,0,0,0,느티나무 셀프BBQ,"본삼겹 (단품,실내)"
2024-02-09,0,2,Winter,0,1,1,느티나무 셀프BBQ,"본삼겹 (단품,실내)"
2024-02-10,0,2,Winter,1,1,1,느티나무 셀프BBQ,"본삼겹 (단품,실내)"
2024-02-11,0,2,Winter,1,1,1,느티나무 셀프BBQ,"본삼겹 (단품,실내)"
2024-02-12,4,2,Winter,0,1,1,느티나무 셀프BBQ,"본삼겹 (단품,실내)"
2024-02-13,0,2,Winter,0,0,0,느티나무 셀프BBQ,"본삼겹 (단품,실내)"
2024-02-14,6,2,Winter,0,0,0,느티나무 셀프BBQ,"본삼겹 (단품,실내)"
2024-02-15,6,2,Winter,0,0,0,느티나무 셀프BBQ,"본삼겹 (단품,실내)"
2024-02-16,2,2,Winter,0,0,0,느티나무 셀프BBQ,"본삼겹 (단품,실내)"
2024-02-17,0,2,Winter,1,0,1,느티나무 셀프BBQ,"본삼겹 (단품,실내)"
2024-02-18,0,2,Winter,1,0,1,느티나무 셀프BBQ,"본삼겹 (단품,실내)"
2024-02-19,0,2,Winter,0,0,0,느티나무 셀프BBQ,"본삼겹 (단품,실내)"
2024-02-20,2,2,Winter,0,0,0,느티나무 셀프BBQ,"본삼겹 (단품,실내)"
2024-02-21,0,2,Winter,0,0,0,느티나무 셀프BBQ,"본삼겹 (단품,실내)"
2024-02-22,0,2,Winter,0,0,0,느티나무 셀프BBQ,"본삼겹 (단품,실내)"
2024-02-23,0,2,Winter,0,0,0,느티나무 셀프BBQ,"본삼겹 (단품,실내)"
2024-02-24,0,2,Winter,1,0,1,느티나무 셀프BBQ,"본삼겹 (단품,실내)"
2024-02-25,0,2,Winter,1,0,1,느티나무 셀프BBQ,"본삼겹 (단품,실내)"
2024-02-26,0,2,Winter,0,0,0,느티나무 셀프BBQ,"본삼겹 (단품,실내)"
2024-02-27,1,2,Winter,0,0,0,느티나무 셀프BBQ,"본삼겹 (단품,실내)"
2024-02-28,1,2,Winter,0,0,0,느티나무 셀프BBQ,"본삼겹 (단품,실내)"
2024-02-29,0,2,Winter,0,0,0,느티나무 셀프BBQ,"본삼겹 (단품,실내)"
2024-03-01,2,3,Spring,0,1,1,느티나무 셀프BBQ,"본삼겹 (단품,실내)"
2024-03-02,0,3,Spring,1,0,1,느티나무 셀프BBQ,"본삼겹 (단품,실내)"
2024-03-03,0,3,Spring,1,0,1,느티나무 셀프BBQ,"본삼겹 (단품,실내)"
2024-03-04,0,3,Spring,0,0,0,느티나무 셀프BBQ,"본삼겹 (단품,실내)"
2024-03-05,0,3,Spring,0,0,0,느티나무 셀프BBQ,"본삼겹 (단품,실내)"
2024-03-06,0,3,Spring,0,0,0,느티나무 셀프BBQ,"본삼겹 (단품,실내)"
2024-03-07,0,3,Spring,0,0,0,느티나무 셀프BBQ,"본삼겹 (단품,실내)"
2024-03-08,0,3,Spring,0,0,0,느티나무 셀프BBQ,"본삼겹 (단품,실내)"
2024-03-09,0,3,Spring,1,0,1,느티나무 셀프BBQ,"본삼겹 (단품,실내)"
2024-03-10,0,3,Spring,1,0,1,느티나무 셀프BBQ,"본삼겹 (단품,실내)"
2024-03-11,0,3,Spring,0,0,0,느티나무 셀프BBQ,"본삼겹 (단품,실내)"
2024-03-12,0,3,Spring,0,0,0,느티나무 셀프BBQ,"본삼겹 (단품,실내)"
2024-03-13,0,3,Spring,0,0,0,느티나무 셀프BBQ,"본삼겹 (단품,실내)"
2024-03-14,2,3,Spring,0,0,0,느티나무 셀프BBQ,"본삼겹 (단품,실내)"
2024-03-15,1,3,Spring,0,0,0,느티나무 셀프BBQ,"본삼겹 (단품,실내)"
2024-03-16,2,3,Spring,1,0,1,느티나무 셀프BBQ,"본삼겹 (단품,실내)"
2024-03-17,0,3,Spring,1,0,1,느티나무 셀프BBQ,"본삼겹 (단품,실내)"
2024-03-18,0,3,Spring,0,0,0,느티나무 셀프BBQ,"본삼겹 (단품,실내)"
2024-03-19,1,3,Spring,0,0,0,느티나무 셀프BBQ,"본삼겹 (단품,실내)"
2024-03-20,0,3,Spring,0,0,0,느티나무 셀프BBQ,"본삼겹 (단품,실내)"
2024-03-21,0,3,Spring,0,0,0,느티나무 셀프BBQ,"본삼겹 (단품,실내)"
2024-03-22,3,3,Spring,0,0,0,느티나무 셀프BBQ,"본삼겹 (단품,실내)"
2024-03-23,3,3,Spring,1,0,1,느티나무 셀프BBQ,"본삼겹 (단품,실내)"
2024-03-24,0,3,Spring,1,0,1,느티나무 셀프BBQ,"본삼겹 (단품,실내)"
2024-03-25,0,3,Spring,0,0,0,느티나무 셀프BBQ,"본삼겹 (단품,실내)"
2024-03-26,0,3,Spring,0,0,0,느티나무 셀프BBQ,"본삼겹 (단품,실내)"
2024-03-27,0,3,Spring,0,0,0,느티나무 셀프BBQ,"본삼겹 (단품,실내)"
2024-03-28,0,3,Spring,0,0,0,느티나무 셀프BBQ,"본삼겹 (단품,실내)"
2024-03-29,11,3,Spring,0,0,0,느티나무 셀프BBQ,"본삼겹 (단품,실내)"
2024-03-30,9,3,Spring,1,0,1,느티나무 셀프BBQ,"본삼겹 (단품,실내)"
2024-03-31,0,3,Spring,1,0,1,느티나무 셀프BBQ,"본삼겹 (단품,실내)"
2024-04-01,0,4,Spring,0,0,0,느티나무 셀프BBQ,"본삼겹 (단품,실내)"
2024-04-02,0,4,Spring,0,0,0,느티나무 셀프BBQ,"본삼겹 (단품,실내)"
2024-04-03,0,4,Spring,0,0,0,느티나무 셀프BBQ,"본삼겹 (단품,실내)"
2024-04-04,0,4,Spring,0,0,0,느티나무 셀프BBQ,"본삼겹 (단품,실내)"
2024-04-05,0,4,Spring,0,0,0,느티나무 셀프BBQ,"본삼겹 (단품,실내)"
2024-04-06,14,4,Spring,1,0,1,느티나무 셀프BBQ,"본삼겹 (단품,실내)"
2024-04-07,3,4,Spring,1,0,1,느티나무 셀프BBQ,"본삼겹 (단품,실내)"
2024-04-08,0,4,Spring,0,0,0,느티나무 셀프BBQ,"본삼겹 (단품,실내)"
2024-04-09,4,4,Spring,0,0,0,느티나무 셀프BBQ,"본삼겹 (단품,실내)"
2024-04-10,5,4,Spring,0,1,1,느티나무 셀프BBQ,"본삼겹 (단품,실내)"
2024-04-11,3,4,Spring,0,0,0,느티나무 셀프BBQ,"본삼겹 (단품,실내)"
2024-04-12,0,4,Spring,0,0,0,느티나무 셀프BBQ,"본삼겹 (단품,실내)"
2024-04-13,1,4,Spring,1,0,1,느티나무 셀프BBQ,"본삼겹 (단품,실내)"
2024-04-14,1,4,Spring,1,0,1,느티나무 셀프BBQ,"본삼겹 (단품,실내)"
2024-04-15,0,4,Spring,0,0,0,느티나무 셀프BBQ,"본삼겹 (단품,실내)"
2024-04-16,0,4,Spring,0,0,0,느티나무 셀프BBQ,"본삼겹 (단품,실내)"
2024-04-17,1,4,Spring,0,0,0,느티나무 셀프BBQ,"본삼겹 (단품,실내)"
2024-04-18,0,4,Spring,0,0,0,느티나무 셀프BBQ,"본삼겹 (단품,실내)"
2024-04-19,0,4,Spring,0,0,0,느티나무 셀프BBQ,"본삼겹 (단품,실내)"
2024-04-20,4,4,Spring,1,0,1,느티나무 셀프BBQ,"본삼겹 (단품,실내)"
2024-04-21,1,4,Spring,1,0,1,느티나무 셀프BBQ,"본삼겹 (단품,실내)"
2024-04-22,0,4,Spring,0,0,0,느티나무 셀프BBQ,"본삼겹 (단품,실내)"
2024-04-23,0,4,Spring,0,0,0,느티나무 셀프BBQ,"본삼겹 (단품,실내)"
2024-04-24,0,4,Spring,0,0,0,느티나무 셀프BBQ,"본삼겹 (단품,실내)"
2024-04-25,7,4,Spring,0,0,0,느티나무 셀프BBQ,"본삼겹 (단품,실내)"
2024-04-26,3,4,Spring,0,0,0,느티나무 셀프BBQ,"본삼겹 (단품,실내)"
2024-04-27,0,4,Spring,1,0,1,느티나무 셀프BBQ,"본삼겹 (단품,실내)"
2024-04-28,3,4,Spring,1,0,1,느티나무 셀프BBQ,"본삼겹 (단품,실내)"
2024-04-29,0,4,Spring,0,0,0,느티나무 셀프BBQ,"본삼겹 (단품,실내)"
2024-04-30,0,4,Spring,0,0,0,느티나무 셀프BBQ,"본삼겹 (단품,실내)"
2024-05-01,2,5,Spring,0,0,0,느티나무 셀프BBQ,"본삼겹 (단품,실내)"
2024-05-02,1,5,Spring,0,0,0,느티나무 셀프BBQ,"본삼겹 (단품,실내)"
2024-05-03,5,5,Spring,0,0,0,느티나무 셀프BBQ,"본삼겹 (단품,실내)"
2024-05-04,5,5,Spring,1,0,1,느티나무 셀프BBQ,"본삼겹 (단품,실내)"
2024-05-05,2,5,Spring,1,1,1,느티나무 셀프BBQ,"본삼겹 (단품,실내)"
2024-05-06,0,5,Spring,0,1,1,느티나무 셀프BBQ,"본삼겹 (단품,실내)"
2024-05-07,0,5,Spring,0,0,0,느티나무 셀프BBQ,"본삼겹 (단품,실내)"
2024-05-08,0,5,Spring,0,0,0,느티나무 셀프BBQ,"본삼겹 (단품,실내)"
2024-05-09,0,5,Spring,0,0,0,느티나무 셀프BBQ,"본삼겹 (단품,실내)"
2024-05-10,0,5,Spring,0,0,0,느티나무 셀프BBQ,"본삼겹 (단품,실내)"
2024-05-11,6,5,Spring,1,0,1,느티나무 셀프BBQ,"본삼겹 (단품,실내)"
2024-05-12,0,5,Spring,1,0,1,느티나무 셀프BBQ,"본삼겹 (단품,실내)"
2024-05-13,0,5,Spring,0,0,0,느티나무 셀프BBQ,"본삼겹 (단품,실내)"
2024-05-14,0,5,Spring,0,0,0,느티나무 셀프BBQ,"본삼겹 (단품,실내)"
2024-05-15,2,5,Spring,0,1,1,느티나무 셀프BBQ,"본삼겹 (단품,실내)"
2024-05-16,1,5,Spring,0,0,0,느티나무 셀프BBQ,"본삼겹 (단품,실내)"
2024-05-17,2,5,Spring,0,0,0,느티나무 셀프BBQ,"본삼겹 (단품,실내)"
2024-05-18,0,5,Spring,1,0,1,느티나무 셀프BBQ,"본삼겹 (단품,실내)"
2024-05-19,0,5,Spring,1,0,1,느티나무 셀프BBQ,"본삼겹 (단품,실내)"
2024-05-20,0,5,Spring,0,0,0,느티나무 셀프BBQ,"본삼겹 (단품,실내)"
2024-05-21,0,5,Spring,0,0,0,느티나무 셀프BBQ,"본삼겹 (단품,실내)"
2024-05-22,0,5,Spring,0,0,0,느티나무 셀프BBQ,"본삼겹 (단품,실내)"
2024-05-23,0,5,Spring,0,0,0,느티나무 셀프BBQ,"본삼겹 (단품,실내)"
2024-05-24,2,5,Spring,0,0,0,느티나무 셀프BBQ,"본삼겹 (단품,실내)"
2024-05-25,11,5,Spring,1,0,1,느티나무 셀프BBQ,"본삼겹 (단품,실내)"
2024-05-26,0,5,Spring,1,0,1,느티나무 셀프BBQ,"본삼겹 (단품,실내)"
2024-05-27,0,5,Spring,0,0,0,느티나무 셀프BBQ,"본삼겹 (단품,실내)"
2024-05-28,1,5,Spring,0,0,0,느티나무 셀프BBQ,"본삼겹 (단품,실내)"
2024-05-29,0,5,Spring,0,0,0,느티나무 셀프BBQ,"본삼겹 (단품,실내)"
2024-05-30,8,5,Spring,0,0,0,느티나무 셀프BBQ,"본삼겹 (단품,실내)"
2024-05-31,0,5,Spring,0,0,0,느티나무 셀프BBQ,"본삼겹 (단품,실내)"
2024-06-01,3,6,Summer,1,0,1,느티나무 셀프BBQ,"본삼겹 (단품,실내)"
2024-06-02,1,6,Summer,1,0,1,느티나무 셀프BBQ,"본삼겹 (단품,실내)"
2024-06-03,0,6,Summer,0,0,0,느티나무 셀프BBQ,"본삼겹 (단품,실내)"
2024-06-04,0,6,Summer,0,0,0,느티나무 셀프BBQ,"본삼겹 (단품,실내)"
2024-06-05,4,6,Summer,0,0,0,느티나무 셀프BBQ,"본삼겹 (단품,실내)"
2024-06-06,0,6,Summer,0,1,1,느티나무 셀프BBQ,"본삼겹 (단품,실내)"
2024-06-07,2,6,Summer,0,0,0,느티나무 셀프BBQ,"본삼겹 (단품,실내)"
2024-06-08,1,6,Summer,1,0,1,느티나무 셀프BBQ,"본삼겹 (단품,실내)"
2024-06-09,0,6,Summer,1,0,1,느티나무 셀프BBQ,"본삼겹 (단품,실내)"
2024-06-10,0,6,Summer,0,0,0,느티나무 셀프BBQ,"본삼겹 (단품,실내)"
2024-06-11,0,6,Summer,0,0,0,느티나무 셀프BBQ,"본삼겹 (단품,실내)"
2024-06-12,0,6,Summer,0,0,0,느티나무 셀프BBQ,"본삼겹 (단품,실내)"
2024-06-13,0,6,Summer,0,0,0,느티나무 셀프BBQ,"본삼겹 (단품,실내)"
2024-06-14,0,6,Summer,0,0,0,느티나무 셀프BBQ,"본삼겹 (단품,실내)"
2024-06-15,0,6,Summer,1,0,1,느티나무 셀프BBQ,"본삼겹 (단품,실내)"
2023-01-01,0,1,Winter,1,1,1,느티나무 셀프BBQ,스프라이트 (단체)
2023-01-02,0,1,Winter,0,0,0,느티나무 셀프BBQ,스프라이트 (단체)
2023-01-03,10,1,Winter,0,0,0,느티나무 셀프BBQ,스프라이트 (단체)
2023-01-04,0,1,Winter,0,0,0,느티나무 셀프BBQ,스프라이트 (단체)
2023-01-05,8,1,Winter,0,0,0,느티나무 셀프BBQ,스프라이트 (단체)
2023-01-06,0,1,Winter,0,0,0,느티나무 셀프BBQ,스프라이트 (단체)
2023-01-07,0,1,Winter,1,0,1,느티나무 셀프BBQ,스프라이트 (단체)
2023-01-08,13,1,Winter,1,0,1,느티나무 셀프BBQ,스프라이트 (단체)
2023-01-09,0,1,Winter,0,0,0,느티나무 셀프BBQ,스프라이트 (단체)
2023-01-10,0,1,Winter,0,0,0,느티나무 셀프BBQ,스프라이트 (단체)
2023-01-11,0,1,Winter,0,0,0,느티나무 셀프BBQ,스프라이트 (단체)
2023-01-12,36,1,Winter,0,0,0,느티나무 셀프BBQ,스프라이트 (단체)
2023-01-13,0,1,Winter,0,0,0,느티나무 셀프BBQ,스프라이트 (단체)
2023-01-14,0,1,Winter,1,0,1,느티나무 셀프BBQ,스프라이트 (단체)
2023-01-15,0,1,Winter,1,0,1,느티나무 셀프BBQ,스프라이트 (단체)
2023-01-16,17,1,Winter,0,0,0,느티나무 셀프BBQ,스프라이트 (단체)
2023-01-17,0,1,Winter,0,0,0,느티나무 셀프BBQ,스프라이트 (단체)
2023-01-18,0,1,Winter,0,0,0,느티나무 셀프BBQ,스프라이트 (단체)
2023-01-19,0,1,Winter,0,0,0,느티나무 셀프BBQ,스프라이트 (단체)
2023-01-20,0,1,Winter,0,0,0,느티나무 셀프BBQ,스프라이트 (단체)
2023-01-21,0,1,Winter,1,1,1,느티나무 셀프BBQ,스프라이트 (단체)
2023-01-22,0,1,Winter,1,1,1,느티나무 셀프BBQ,스프라이트 (단체)
2023-01-23,0,1,Winter,0,1,1,느티나무 셀프BBQ,스프라이트 (단체)
2023-01-24,0,1,Winter,0,1,1,느티나무 셀프BBQ,스프라이트 (단체)
2023-01-25,0,1,Winter,0,0,0,느티나무 셀프BBQ,스프라이트 (단체)
2023-01-26,9,1,Winter,0,0,0,느티나무 셀프BBQ,스프라이트 (단체)
2023-01-27,41,1,Winter,0,0,0,느티나무 셀프BBQ,스프라이트 (단체)
2023-01-28,0,1,Winter,1,0,1,느티나무 셀프BBQ,스프라이트 (단체)
2023-01-29,0,1,Winter,1,0,1,느티나무 셀프BBQ,스프라이트 (단체)
2023-01-30,5,1,Winter,0,0,0,느티나무 셀프BBQ,스프라이트 (단체)
2023-01-31,0,1,Winter,0,0,0,느티나무 셀프BBQ,스프라이트 (단체)
2023-02-01,15,2,Winter,0,0,0,느티나무 셀프BBQ,스프라이트 (단체)
2023-02-02,47,2,Winter,0,0,0,느티나무 셀프BBQ,스프라이트 (단체)
2023-02-03,11,2,Winter,0,0,0,느티나무 셀프BBQ,스프라이트 (단체)
2023-02-04,0,2,Winter,1,0,1,느티나무 셀프BBQ,스프라이트 (단체)
2023-02-05,0,2,Winter,1,0,1,느티나무 셀프BBQ,스프라이트 (단체)
2023-02-06,0,2,Winter,0,0,0,느티나무 셀프BBQ,스프라이트 (단체)
2023-02-07,0,2,Winter,0,0,0,느티나무 셀프BBQ,스프라이트 (단체)
2023-02-08,5,2,Winter,0,0,0,느티나무 셀프BBQ,스프라이트 (단체)
2023-02-09,2,2,Winter,0,0,0,느티나무 셀프BBQ,스프라이트 (단체)
2023-02-10,11,2,Winter,0,0,0,느티나무 셀프BBQ,스프라이트 (단체)
2023-02-11,0,2,Winter,1,0,1,느티나무 셀프BBQ,스프라이트 (단체)
2023-02-12,0,2,Winter,1,0,1,느티나무 셀프BBQ,스프라이트 (단체)
2023-02-13,0,2,Winter,0,0,0,느티나무 셀프BBQ,스프라이트 (단체)
2023-02-14,8,2,Winter,0,0,0,느티나무 셀프BBQ,스프라이트 (단체)
2023-02-15,0,2,Winter,0,0,0,느티나무 셀프BBQ,스프라이트 (단체)
2023-02-16,13,2,Winter,0,0,0,느티나무 셀프BBQ,스프라이트 (단체)
2023-02-17,12,2,Winter,0,0,0,느티나무 셀프BBQ,스프라이트 (단체)
2023-02-18,0,2,Winter,1,0,1,느티나무 셀프BBQ,스프라이트 (단체)
2023-02-19,0,2,Winter,1,0,1,느티나무 셀프BBQ,스프라이트 (단체)
2023-02-20,18,2,Winter,0,0,0,느티나무 셀프BBQ,스프라이트 (단체)
2023-02-21,0,2,Winter,0,0,0,느티나무 셀프BBQ,스프라이트 (단체)
2023-02-22,12,2,Winter,0,0,0,느티나무 셀프BBQ,스프라이트 (단체)
2023-02-23,14,2,Winter,0,0,0,느티나무 셀프BBQ,스프라이트 (단체)
2023-02-24,4,2,Winter,0,0,0,느티나무 셀프BBQ,스프라이트 (단체)
2023-02-25,0,2,Winter,1,0,1,느티나무 셀프BBQ,스프라이트 (단체)
2023-02-26,0,2,Winter,1,0,1,느티나무 셀프BBQ,스프라이트 (단체)
2023-02-27,0,2,Winter,0,0,0,느티나무 셀프BBQ,스프라이트 (단체)
2023-02-28,0,2,Winter,0,0,0,느티나무 셀프BBQ,스프라이트 (단체)
2023-03-01,0,3,Spring,0,1,1,느티나무 셀프BBQ,스프라이트 (단체)
2023-03-02,0,3,Spring,0,0,0,느티나무 셀프BBQ,스프라이트 (단체)
2023-03-03,0,3,Spring,0,0,0,느티나무 셀프BBQ,스프라이트 (단체)
2023-03-04,0,3,Spring,1,0,1,느티나무 셀프BBQ,스프라이트 (단체)
2023-03-05,0,3,Spring,1,0,1,느티나무 셀프BBQ,스프라이트 (단체)
2023-03-06,0,3,Spring,0,0,0,느티나무 셀프BBQ,스프라이트 (단체)
2023-03-07,0,3,Spring,0,0,0,느티나무 셀프BBQ,스프라이트 (단체)
2023-03-08,0,3,Spring,0,0,0,느티나무 셀프BBQ,스프라이트 (단체)
2023-03-09,0,3,Spring,0,0,0,느티나무 셀프BBQ,스프라이트 (단체)
2023-03-10,30,3,Spring,0,0,0,느티나무 셀프BBQ,스프라이트 (단체)
2023-03-11,0,3,Spring,1,0,1,느티나무 셀프BBQ,스프라이트 (단체)
2023-03-12,0,3,Spring,1,0,1,느티나무 셀프BBQ,스프라이트 (단체)
2023-03-13,17,3,Spring,0,0,0,느티나무 셀프BBQ,스프라이트 (단체)
2023-03-14,14,3,Spring,0,0,0,느티나무 셀프BBQ,스프라이트 (단체)
2023-03-15,5,3,Spring,0,0,0,느티나무 셀프BBQ,스프라이트 (단체)
2023-03-16,33,3,Spring,0,0,0,느티나무 셀프BBQ,스프라이트 (단체)
2023-03-17,26,3,Spring,0,0,0,느티나무 셀프BBQ,스프라이트 (단체)
2023-03-18,0,3,Spring,1,0,1,느티나무 셀프BBQ,스프라이트 (단체)
2023-03-19,0,3,Spring,1,0,1,느티나무 셀프BBQ,스프라이트 (단체)
2023-03-20,9,3,Spring,0,0,0,느티나무 셀프BBQ,스프라이트 (단체)
2023-03-21,0,3,Spring,0,0,0,느티나무 셀프BBQ,스프라이트 (단체)
2023-03-22,0,3,Spring,0,0,0,느티나무 셀프BBQ,스프라이트 (단체)
2023-03-23,24,3,Spring,0,0,0,느티나무 셀프BBQ,스프라이트 (단체)
2023-03-24,6,3,Spring,0,0,0,느티나무 셀프BBQ,스프라이트 (단체)
2023-03-25,0,3,Spring,1,0,1,느티나무 셀프BBQ,스프라이트 (단체)
2023-03-26,0,3,Spring,1,0,1,느티나무 셀프BBQ,스프라이트 (단체)
2023-03-27,0,3,Spring,0,0,0,느티나무 셀프BBQ,스프라이트 (단체)
2023-03-28,5,3,Spring,0,0,0,느티나무 셀프BBQ,스프라이트 (단체)
2023-03-29,0,3,Spring,0,0,0,느티나무 셀프BBQ,스프라이트 (단체)
2023-03-30,5,3,Spring,0,0,0,느티나무 셀프BBQ,스프라이트 (단체)
2023-03-31,12,3,Spring,0,0,0,느티나무 셀프BBQ,스프라이트 (단체)
2023-04-01,0,4,Spring,1,0,1,느티나무 셀프BBQ,스프라이트 (단체)
2023-04-02,0,4,Spring,1,0,1,느티나무 셀프BBQ,스프라이트 (단체)
2023-04-03,0,4,Spring,0,0,0,느티나무 셀프BBQ,스프라이트 (단체)
2023-04-04,16,4,Spring,0,0,0,느티나무 셀프BBQ,스프라이트 (단체)
2023-04-05,0,4,Spring,0,0,0,느티나무 셀프BBQ,스프라이트 (단체)
2023-04-06,44,4,Spring,0,0,0,느티나무 셀프BBQ,스프라이트 (단체)
2023-04-07,6,4,Spring,0,0,0,느티나무 셀프BBQ,스프라이트 (단체)
2023-04-08,0,4,Spring,1,0,1,느티나무 셀프BBQ,스프라이트 (단체)
2023-04-09,0,4,Spring,1,0,1,느티나무 셀프BBQ,스프라이트 (단체)
2023-04-10,15,4,Spring,0,0,0,느티나무 셀프BBQ,스프라이트 (단체)
2023-04-11,0,4,Spring,0,0,0,느티나무 셀프BBQ,스프라이트 (단체)
2023-04-12,42,4,Spring,0,0,0,느티나무 셀프BBQ,스프라이트 (단체)
2023-04-13,53,4,Spring,0,0,0,느티나무 셀프BBQ,스프라이트 (단체)
2023-04-14,4,4,Spring,0,0,0,느티나무 셀프BBQ,스프라이트 (단체)
2023-04-15,0,4,Spring,1,0,1,느티나무 셀프BBQ,스프라이트 (단체)
2023-04-16,0,4,Spring,1,0,1,느티나무 셀프BBQ,스프라이트 (단체)
2023-04-17,27,4,Spring,0,0,0,느티나무 셀프BBQ,스프라이트 (단체)
2023-04-18,0,4,Spring,0,0,0,느티나무 셀프BBQ,스프라이트 (단체)
2023-04-19,45,4,Spring,0,0,0,느티나무 셀프BBQ,스프라이트 (단체)
2023-04-20,29,4,Spring,0,0,0,느티나무 셀프BBQ,스프라이트 (단체)
2023-04-21,7,4,Spring,0,0,0,느티나무 셀프BBQ,스프라이트 (단체)
2023-04-22,0,4,Spring,1,0,1,느티나무 셀프BBQ,스프라이트 (단체)
2023-04-23,0,4,Spring,1,0,1,느티나무 셀프BBQ,스프라이트 (단체)
2023-04-24,8,4,Spring,0,0,0,느티나무 셀프BBQ,스프라이트 (단체)
2023-04-25,15,4,Spring,0,0,0,느티나무 셀프BBQ,스프라이트 (단체)
2023-04-26,0,4,Spring,0,0,0,느티나무 셀프BBQ,스프라이트 (단체)
2023-04-27,40,4,Spring,0,0,0,느티나무 셀프BBQ,스프라이트 (단체)
2023-04-28,58,4,Spring,0,0,0,느티나무 셀프BBQ,스프라이트 (단체)
2023-04-29,0,4,Spring,1,0,1,느티나무 셀프BBQ,스프라이트 (단체)
2023-04-30,0,4,Spring,1,0,1,느티나무 셀프BBQ,스프라이트 (단체)
2023-05-01,0,5,Spring,0,0,0,느티나무 셀프BBQ,스프라이트 (단체)
2023-05-02,9,5,Spring,0,0,0,느티나무 셀프BBQ,스프라이트 (단체)
2023-05-03,18,5,Spring,0,0,0,느티나무 셀프BBQ,스프라이트 (단체)
2023-05-04,0,5,Spring,0,0,0,느티나무 셀프BBQ,스프라이트 (단체)
2023-05-05,4,5,Spring,0,1,1,느티나무 셀프BBQ,스프라이트 (단체)
2023-05-06,0,5,Spring,1,0,1,느티나무 셀프BBQ,스프라이트 (단체)
2023-05-07,0,5,Spring,1,0,1,느티나무 셀프BBQ,스프라이트 (단체)
2023-05-08,18,5,Spring,0,0,0,느티나무 셀프BBQ,스프라이트 (단체)
2023-05-09,9,5,Spring,0,0,0,느티나무 셀프BBQ,스프라이트 (단체)
2023-05-10,29,5,Spring,0,0,0,느티나무 셀프BBQ,스프라이트 (단체)
2023-05-11,38,5,Spring,0,0,0,느티나무 셀프BBQ,스프라이트 (단체)
2023-05-12,63,5,Spring,0,0,0,느티나무 셀프BBQ,스프라이트 (단체)
2023-05-13,0,5,Spring,1,0,1,느티나무 셀프BBQ,스프라이트 (단체)
2023-05-14,0,5,Spring,1,0,1,느티나무 셀프BBQ,스프라이트 (단체)
2023-05-15,28,5,Spring,0,0,0,느티나무 셀프BBQ,스프라이트 (단체)
2023-05-16,3,5,Spring,0,0,0,느티나무 셀프BBQ,스프라이트 (단체)
2023-05-17,2,5,Spring,0,0,0,느티나무 셀프BBQ,스프라이트 (단체)
2023-05-18,54,5,Spring,0,0,0,느티나무 셀프BBQ,스프라이트 (단체)
2023-05-19,25,5,Spring,0,0,0,느티나무 셀프BBQ,스프라이트 (단체)
2023-05-20,0,5,Spring,1,0,1,느티나무 셀프BBQ,스프라이트 (단체)
2023-05-21,0,5,Spring,1,0,1,느티나무 셀프BBQ,스프라이트 (단체)
2023-05-22,9,5,Spring,0,0,0,느티나무 셀프BBQ,스프라이트 (단체)
2023-05-23,8,5,Spring,0,0,0,느티나무 셀프BBQ,스프라이트 (단체)
2023-05-24,3,5,Spring,0,0,0,느티나무 셀프BBQ,스프라이트 (단체)
2023-05-25,69,5,Spring,0,0,0,느티나무 셀프BBQ,스프라이트 (단체)
2023-05-26,8,5,Spring,0,0,0,느티나무 셀프BBQ,스프라이트 (단체)
2023-05-27,0,5,Spring,1,1,1,느티나무 셀프BBQ,스프라이트 (단체)
2023-05-28,0,5,Spring,1,0,1,느티나무 셀프BBQ,스프라이트 (단체)
2023-05-29,0,5,Spring,0,1,1,느티나무 셀프BBQ,스프라이트 (단체)
2023-05-30,29,5,Spring,0,0,0,느티나무 셀프BBQ,스프라이트 (단체)
2023-05-31,7,5,Spring,0,0,0,느티나무 셀프BBQ,스프라이트 (단체)
2023-06-01,20,6,Summer,0,0,0,느티나무 셀프BBQ,스프라이트 (단체)
2023-06-02,18,6,Summer,0,0,0,느티나무 셀프BBQ,스프라이트 (단체)
2023-06-03,0,6,Summer,1,0,1,느티나무 셀프BBQ,스프라이트 (단체)
2023-06-04,0,6,Summer,1,0,1,느티나무 셀프BBQ,스프라이트 (단체)
2023-06-05,0,6,Summer,0,0,0,느티나무 셀프BBQ,스프라이트 (단체)
2023-06-06,0,6,Summer,0,1,1,느티나무 셀프BBQ,스프라이트 (단체)
2023-06-07,0,6,Summer,0,0,0,느티나무 셀프BBQ,스프라이트 (단체)
2023-06-08,45,6,Summer,0,0,0,느티나무 셀프BBQ,스프라이트 (단체)
2023-06-09,25,6,Summer,0,0,0,느티나무 셀프BBQ,스프라이트 (단체)
2023-06-10,14,6,Summer,1,0,1,느티나무 셀프BBQ,스프라이트 (단체)
2023-06-11,0,6,Summer,1,0,1,느티나무 셀프BBQ,스프라이트 (단체)
2023-06-12,75,6,Summer,0,0,0,느티나무 셀프BBQ,스프라이트 (단체)
2023-06-13,0,6,Summer,0,0,0,느티나무 셀프BBQ,스프라이트 (단체)
2023-06-14,61,6,Summer,0,0,0,느티나무 셀프BBQ,스프라이트 (단체)
2023-06-15,17,6,Summer,0,0,0,느티나무 셀프BBQ,스프라이트 (단체)
2023-06-16,128,6,Summer,0,0,0,느티나무 셀프BBQ,스프라이트 (단체)
2023-06-17,0,6,Summer,1,0,1,느티나무 셀프BBQ,스프라이트 (단체)
2023-06-18,0,6,Summer,1,0,1,느티나무 셀프BBQ,스프라이트 (단체)
2023-06-19,59,6,Summer,0,0,0,느티나무 셀프BBQ,스프라이트 (단체)
2023-06-20,8,6,Summer,0,0,0,느티나무 셀프BBQ,스프라이트 (단체)
2023-06-21,15,6,Summer,0,0,0,느티나무 셀프BBQ,스프라이트 (단체)
2023-06-22,65,6,Summer,0,0,0,느티나무 셀프BBQ,스프라이트 (단체)
2023-06-23,24,6,Summer,0,0,0,느티나무 셀프BBQ,스프라이트 (단체)
2023-06-24,0,6,Summer,1,0,1,느티나무 셀프BBQ,스프라이트 (단체)
2023-06-25,0,6,Summer,1,0,1,느티나무 셀프BBQ,스프라이트 (단체)
2023-06-26,56,6,Summer,0,0,0,느티나무 셀프BBQ,스프라이트 (단체)
2023-06-27,0,6,Summer,0,0,0,느티나무 셀프BBQ,스프라이트 (단체)
2023-06-28,16,6,Summer,0,0,0,느티나무 셀프BBQ,스프라이트 (단체)
2023-06-29,59,6,Summer,0,0,0,느티나무 셀프BBQ,스프라이트 (단체)
2023-06-30,48,6,Summer,0,0,0,느티나무 셀프BBQ,스프라이트 (단체)
2023-07-01,0,7,Summer,1,0,1,느티나무 셀프BBQ,스프라이트 (단체)
2023-07-02,0,7,Summer,1,0,1,느티나무 셀프BBQ,스프라이트 (단체)
2023-07-03,0,7,Summer,0,0,0,느티나무 셀프BBQ,스프라이트 (단체)
2023-07-04,45,7,Summer,0,0,0,느티나무 셀프BBQ,스프라이트 (단체)
2023-07-05,0,7,Summer,0,0,0,느티나무 셀프BBQ,스프라이트 (단체)
2023-07-06,38,7,Summer,0,0,0,느티나무 셀프BBQ,스프라이트 (단체)
2023-07-07,2,7,Summer,0,0,0,느티나무 셀프BBQ,스프라이트 (단체)
2023-07-08,0,7,Summer,1,0,1,느티나무 셀프BBQ,스프라이트 (단체)
2023-07-09,0,7,Summer,1,0,1,느티나무 셀프BBQ,스프라이트 (단체)
2023-07-10,0,7,Summer,0,0,0,느티나무 셀프BBQ,스프라이트 (단체)
2023-07-11,2,7,Summer,0,0,0,느티나무 셀프BBQ,스프라이트 (단체)
2023-07-12,7,7,Summer,0,0,0,느티나무 셀프BBQ,스프라이트 (단체)
2023-07-13,33,7,Summer,0,0,0,느티나무 셀프BBQ,스프라이트 (단체)
2023-07-14,31,7,Summer,0,0,0,느티나무 셀프BBQ,스프라이트 (단체)
2023-07-15,2,7,Summer,1,0,1,느티나무 셀프BBQ,스프라이트 (단체)
2023-07-16,0,7,Summer,1,0,1,느티나무 셀프BBQ,스프라이트 (단체)
2023-07-17,25,7,Summer,0,0,0,느티나무 셀프BBQ,스프라이트 (단체)
2023-07-18,12,7,Summer,0,0,0,느티나무 셀프BBQ,스프라이트 (단체)
2023-07-19,6,7,Summer,0,0,0,느티나무 셀프BBQ,스프라이트 (단체)
2023-07-20,0,7,Summer,0,0,0,느티나무 셀프BBQ,스프라이트 (단체)
2023-07-21,0,7,Summer,0,0,0,느티나무 셀프BBQ,스프라이트 (단체)
2023-07-22,0,7,Summer,1,0,1,느티나무 셀프BBQ,스프라이트 (단체)
2023-07-23,0,7,Summer,1,0,1,느티나무 셀프BBQ,스프라이트 (단체)
2023-07-24,0,7,Summer,0,0,0,느티나무 셀프BBQ,스프라이트 (단체)
2023-07-25,0,7,Summer,0,0,0,느티나무 셀프BBQ,스프라이트 (단체)
2023-07-26,0,7,Summer,0,0,0,느티나무 셀프BBQ,스프라이트 (단체)
2023-07-27,0,7,Summer,0,0,0,느티나무 셀프BBQ,스프라이트 (단체)
2023-07-28,0,7,Summer,0,0,0,느티나무 셀프BBQ,스프라이트 (단체)
2023-07-29,0,7,Summer,1,0,1,느티나무 셀프BBQ,스프라이트 (단체)
2023-07-30,0,7,Summer,1,0,1,느티나무 셀프BBQ,스프라이트 (단체)
2023-07-31,0,7,Summer,0,0,0,느티나무 셀프BBQ,스프라이트 (단체)
2023-08-01,0,8,Summer,0,0,0,느티나무 셀프BBQ,스프라이트 (단체)
2023-08-02,0,8,Summer,0,0,0,느티나무 셀프BBQ,스프라이트 (단체)
2023-08-03,0,8,Summer,0,0,0,느티나무 셀프BBQ,스프라이트 (단체)
2023-08-04,0,8,Summer,0,0,0,느티나무 셀프BBQ,스프라이트 (단체)
2023-08-05,0,8,Summer,1,0,1,느티나무 셀프BBQ,스프라이트 (단체)
2023-08-06,0,8,Summer,1,0,1,느티나무 셀프BBQ,스프라이트 (단체)
2023-08-07,0,8,Summer,0,0,0,느티나무 셀프BBQ,스프라이트 (단체)
2023-08-08,0,8,Summer,0,0,0,느티나무 셀프BBQ,스프라이트 (단체)
2023-08-09,0,8,Summer,0,0,0,느티나무 셀프BBQ,스프라이트 (단체)
2023-08-10,46,8,Summer,0,0,0,느티나무 셀프BBQ,스프라이트 (단체)
2023-08-11,3,8,Summer,0,0,0,느티나무 셀프BBQ,스프라이트 (단체)
2023-08-12,0,8,Summer,1,0,1,느티나무 셀프BBQ,스프라이트 (단체)
2023-08-13,0,8,Summer,1,0,1,느티나무 셀프BBQ,스프라이트 (단체)
2023-08-14,0,8,Summer,0,0,0,느티나무 셀프BBQ,스프라이트 (단체)
2023-08-15,0,8,Summer,0,1,1,느티나무 셀프BBQ,스프라이트 (단체)
2023-08-16,4,8,Summer,0,0,0,느티나무 셀프BBQ,스프라이트 (단체)
2023-08-17,22,8,Summer,0,0,0,느티나무 셀프BBQ,스프라이트 (단체)
2023-08-18,42,8,Summer,0,0,0,느티나무 셀프BBQ,스프라이트 (단체)
2023-08-19,0,8,Summer,1,0,1,느티나무 셀프BBQ,스프라이트 (단체)
2023-08-20,0,8,Summer,1,0,1,느티나무 셀프BBQ,스프라이트 (단체)
2023-08-21,11,8,Summer,0,0,0,느티나무 셀프BBQ,스프라이트 (단체)
2023-08-22,6,8,Summer,0,0,0,느티나무 셀프BBQ,스프라이트 (단체)
2023-08-23,0,8,Summer,0,0,0,느티나무 셀프BBQ,스프라이트 (단체)
2023-08-24,6,8,Summer,0,0,0,느티나무 셀프BBQ,스프라이트 (단체)
2023-08-25,0,8,Summer,0,0,0,느티나무 셀프BBQ,스프라이트 (단체)
2023-08-26,0,8,Summer,1,0,1,느티나무 셀프BBQ,스프라이트 (단체)
2023-08-27,0,8,Summer,1,0,1,느티나무 셀프BBQ,스프라이트 (단체)
2023-08-28,6,8,Summer,0,0,0,느티나무 셀프BBQ,스프라이트 (단체)
2023-08-29,19,8,Summer,0,0,0,느티나무 셀프BBQ,스프라이트 (단체)
2023-08-30,37,8,Summer,0,0,0,느티나무 셀프BBQ,스프라이트 (단체)
2023-08-31,37,8,Summer,0,0,0,느티나무 셀프BBQ,스프라이트 (단체)
2023-09-01,5,9,Autumn,0,0,0,느티나무 셀프BBQ,스프라이트 (단체)
2023-09-02,0,9,Autumn,1,0,1,느티나무 셀프BBQ,스프라이트 (단체)
2023-09-03,0,9,Autumn,1,0,1,느티나무 셀프BBQ,스프라이트 (단체)
2023-09-04,0,9,Autumn,0,0,0,느티나무 셀프BBQ,스프라이트 (단체)
2023-09-05,0,9,Autumn,0,0,0,느티나무 셀프BBQ,스프라이트 (단체)
2023-09-06,9,9,Autumn,0,0,0,느티나무 셀프BBQ,스프라이트 (단체)
2023-09-07,14,9,Autumn,0,0,0,느티나무 셀프BBQ,스프라이트 (단체)
2023-09-08,0,9,Autumn,0,0,0,느티나무 셀프BBQ,스프라이트 (단체)
2023-09-09,15,9,Autumn,1,0,1,느티나무 셀프BBQ,스프라이트 (단체)
2023-09-10,0,9,Autumn,1,0,1,느티나무 셀프BBQ,스프라이트 (단체)
2023-09-11,0,9,Autumn,0,0,0,느티나무 셀프BBQ,스프라이트 (단체)
2023-09-12,21,9,Autumn,0,0,0,느티나무 셀프BBQ,스프라이트 (단체)
2023-09-13,9,9,Autumn,0,0,0,느티나무 셀프BBQ,스프라이트 (단체)
2023-09-14,74,9,Autumn,0,0,0,느티나무 셀프BBQ,스프라이트 (단체)
2023-09-15,24,9,Autumn,0,0,0,느티나무 셀프BBQ,스프라이트 (단체)
2023-09-16,0,9,Autumn,1,0,1,느티나무 셀프BBQ,스프라이트 (단체)
2023-09-17,0,9,Autumn,1,0,1,느티나무 셀프BBQ,스프라이트 (단체)
2023-09-18,0,9,Autumn,0,0,0,느티나무 셀프BBQ,스프라이트 (단체)
2023-09-19,-18,9,Autumn,0,0,0,느티나무 셀프BBQ,스프라이트 (단체)
2023-09-20,22,9,Autumn,0,0,0,느티나무 셀프BBQ,스프라이트 (단체)
2023-09-21,19,9,Autumn,0,0,0,느티나무 셀프BBQ,스프라이트 (단체)
2023-09-22,60,9,Autumn,0,0,0,느티나무 셀프BBQ,스프라이트 (단체)
2023-09-23,88,9,Autumn,1,0,1,느티나무 셀프BBQ,스프라이트 (단체)
2023-09-24,0,9,Autumn,1,0,1,느티나무 셀프BBQ,스프라이트 (단체)
2023-09-25,0,9,Autumn,0,0,0,느티나무 셀프BBQ,스프라이트 (단체)
2023-09-26,0,9,Autumn,0,0,0,느티나무 셀프BBQ,스프라이트 (단체)
2023-09-27,0,9,Autumn,0,0,0,느티나무 셀프BBQ,스프라이트 (단체)
2023-09-28,0,9,Autumn,0,1,1,느티나무 셀프BBQ,스프라이트 (단체)
2023-09-29,0,9,Autumn,0,1,1,느티나무 셀프BBQ,스프라이트 (단체)
2023-09-30,0,9,Autumn,1,1,1,느티나무 셀프BBQ,스프라이트 (단체)
2023-10-01,0,10,Autumn,1,0,1,느티나무 셀프BBQ,스프라이트 (단체)
2023-10-02,0,10,Autumn,0,1,1,느티나무 셀프BBQ,스프라이트 (단체)
2023-10-03,0,10,Autumn,0,1,1,느티나무 셀프BBQ,스프라이트 (단체)
2023-10-04,12,10,Autumn,0,0,0,느티나무 셀프BBQ,스프라이트 (단체)
2023-10-05,28,10,Autumn,0,0,0,느티나무 셀프BBQ,스프라이트 (단체)
2023-10-06,4,10,Autumn,0,0,0,느티나무 셀프BBQ,스프라이트 (단체)
2023-10-07,0,10,Autumn,1,0,1,느티나무 셀프BBQ,스프라이트 (단체)
2023-10-08,0,10,Autumn,1,0,1,느티나무 셀프BBQ,스프라이트 (단체)
2023-10-09,0,10,Autumn,0,1,1,느티나무 셀프BBQ,스프라이트 (단체)
2023-10-10,0,10,Autumn,0,0,0,느티나무 셀프BBQ,스프라이트 (단체)
2023-10-11,14,10,Autumn,0,0,0,느티나무 셀프BBQ,스프라이트 (단체)
2023-10-12,33,10,Autumn,0,0,0,느티나무 셀프BBQ,스프라이트 (단체)
2023-10-13,34,10,Autumn,0,0,0,느티나무 셀프BBQ,스프라이트 (단체)
2023-10-14,0,10,Autumn,1,0,1,느티나무 셀프BBQ,스프라이트 (단체)
2023-10-15,0,10,Autumn,1,0,1,느티나무 셀프BBQ,스프라이트 (단체)
2023-10-16,20,10,Autumn,0,0,0,느티나무 셀프BBQ,스프라이트 (단체)
2023-10-17,14,10,Autumn,0,0,0,느티나무 셀프BBQ,스프라이트 (단체)
2023-10-18,27,10,Autumn,0,0,0,느티나무 셀프BBQ,스프라이트 (단체)
2023-10-19,52,10,Autumn,0,0,0,느티나무 셀프BBQ,스프라이트 (단체)
2023-10-20,19,10,Autumn,0,0,0,느티나무 셀프BBQ,스프라이트 (단체)
2023-10-21,0,10,Autumn,1,0,1,느티나무 셀프BBQ,스프라이트 (단체)
2023-10-22,0,10,Autumn,1,0,1,느티나무 셀프BBQ,스프라이트 (단체)
2023-10-23,13,10,Autumn,0,0,0,느티나무 셀프BBQ,스프라이트 (단체)
2023-10-24,0,10,Autumn,0,0,0,느티나무 셀프BBQ,스프라이트 (단체)
2023-10-25,20,10,Autumn,0,0,0,느티나무 셀프BBQ,스프라이트 (단체)
2023-10-26,32,10,Autumn,0,0,0,느티나무 셀프BBQ,스프라이트 (단체)
2023-10-27,0,10,Autumn,0,0,0,느티나무 셀프BBQ,스프라이트 (단체)
2023-10-28,9,10,Autumn,1,0,1,느티나무 셀프BBQ,스프라이트 (단체)
2023-10-29,0,10,Autumn,1,0,1,느티나무 셀프BBQ,스프라이트 (단체)
2023-10-30,0,10,Autumn,0,0,0,느티나무 셀프BBQ,스프라이트 (단체)
2023-10-31,5,10,Autumn,0,0,0,느티나무 셀프BBQ,스프라이트 (단체)
2023-11-01,58,11,Autumn,0,0,0,느티나무 셀프BBQ,스프라이트 (단체)
2023-11-02,30,11,Autumn,0,0,0,느티나무 셀프BBQ,스프라이트 (단체)
2023-11-03,34,11,Autumn,0,0,0,느티나무 셀프BBQ,스프라이트 (단체)
2023-11-04,0,11,Autumn,1,0,1,느티나무 셀프BBQ,스프라이트 (단체)
2023-11-05,0,11,Autumn,1,0,1,느티나무 셀프BBQ,스프라이트 (단체)
2023-11-06,1,11,Autumn,0,0,0,느티나무 셀프BBQ,스프라이트 (단체)
2023-11-07,6,11,Autumn,0,0,0,느티나무 셀프BBQ,스프라이트 (단체)
2023-11-08,22,11,Autumn,0,0,0,느티나무 셀프BBQ,스프라이트 (단체)
2023-11-09,48,11,Autumn,0,0,0,느티나무 셀프BBQ,스프라이트 (단체)
2023-11-10,40,11,Autumn,0,0,0,느티나무 셀프BBQ,스프라이트 (단체)
2023-11-11,0,11,Autumn,1,0,1,느티나무 셀프BBQ,스프라이트 (단체)
2023-11-12,0,11,Autumn,1,0,1,느티나무 셀프BBQ,스프라이트 (단체)
2023-11-13,14,11,Autumn,0,0,0,느티나무 셀프BBQ,스프라이트 (단체)
2023-11-14,0,11,Autumn,0,0,0,느티나무 셀프BBQ,스프라이트 (단체)
2023-11-15,10,11,Autumn,0,0,0,느티나무 셀프BBQ,스프라이트 (단체)
2023-11-16,6,11,Autumn,0,0,0,느티나무 셀프BBQ,스프라이트 (단체)
2023-11-17,16,11,Autumn,0,0,0,느티나무 셀프BBQ,스프라이트 (단체)
2023-11-18,0,11,Autumn,1,0,1,느티나무 셀프BBQ,스프라이트 (단체)
2023-11-19,0,11,Autumn,1,0,1,느티나무 셀프BBQ,스프라이트 (단체)
2023-11-20,26,11,Autumn,0,0,0,느티나무 셀프BBQ,스프라이트 (단체)
2023-11-21,0,11,Autumn,0,0,0,느티나무 셀프BBQ,스프라이트 (단체)
2023-11-22,21,11,Autumn,0,0,0,느티나무 셀프BBQ,스프라이트 (단체)
2023-11-23,15,11,Autumn,0,0,0,느티나무 셀프BBQ,스프라이트 (단체)
2023-11-24,17,11,Autumn,0,0,0,느티나무 셀프BBQ,스프라이트 (단체)
2023-11-25,0,11,Autumn,1,0,1,느티나무 셀프BBQ,스프라이트 (단체)
2023-11-26,0,11,Autumn,1,0,1,느티나무 셀프BBQ,스프라이트 (단체)
2023-11-27,0,11,Autumn,0,0,0,느티나무 셀프BBQ,스프라이트 (단체)
2023-11-28,4,11,Autumn,0,0,0,느티나무 셀프BBQ,스프라이트 (단체)
2023-11-29,0,11,Autumn,0,0,0,느티나무 셀프BBQ,스프라이트 (단체)
2023-11-30,15,11,Autumn,0,0,0,느티나무 셀프BBQ,스프라이트 (단체)
2023-12-01,19,12,Winter,0,0,0,느티나무 셀프BBQ,스프라이트 (단체)
2023-12-02,0,12,Winter,1,0,1,느티나무 셀프BBQ,스프라이트 (단체)
2023-12-03,0,12,Winter,1,0,1,느티나무 셀프BBQ,스프라이트 (단체)
2023-12-04,0,12,Winter,0,0,0,느티나무 셀프BBQ,스프라이트 (단체)
2023-12-05,2,12,Winter,0,0,0,느티나무 셀프BBQ,스프라이트 (단체)
2023-12-06,28,12,Winter,0,0,0,느티나무 셀프BBQ,스프라이트 (단체)
2023-12-07,50,12,Winter,0,0,0,느티나무 셀프BBQ,스프라이트 (단체)
2023-12-08,40,12,Winter,0,0,0,느티나무 셀프BBQ,스프라이트 (단체)
2023-12-09,0,12,Winter,1,0,1,느티나무 셀프BBQ,스프라이트 (단체)
2023-12-10,0,12,Winter,1,0,1,느티나무 셀프BBQ,스프라이트 (단체)
2023-12-11,14,12,Winter,0,0,0,느티나무 셀프BBQ,스프라이트 (단체)
2023-12-12,0,12,Winter,0,0,0,느티나무 셀프BBQ,스프라이트 (단체)
2023-12-13,0,12,Winter,0,0,0,느티나무 셀프BBQ,스프라이트 (단체)
2023-12-14,45,12,Winter,0,0,0,느티나무 셀프BBQ,스프라이트 (단체)
2023-12-15,0,12,Winter,0,0,0,느티나무 셀프BBQ,스프라이트 (단체)
2023-12-16,0,12,Winter,1,0,1,느티나무 셀프BBQ,스프라이트 (단체)
2023-12-17,0,12,Winter,1,0,1,느티나무 셀프BBQ,스프라이트 (단체)
2023-12-18,44,12,Winter,0,0,0,느티나무 셀프BBQ,스프라이트 (단체)
2023-12-19,13,12,Winter,0,0,0,느티나무 셀프BBQ,스프라이트 (단체)
2023-12-20,0,12,Winter,0,0,0,느티나무 셀프BBQ,스프라이트 (단체)
2023-12-21,6,12,Winter,0,0,0,느티나무 셀프BBQ,스프라이트 (단체)
2023-12-22,3,12,Winter,0,0,0,느티나무 셀프BBQ,스프라이트 (단체)
2023-12-23,0,12,Winter,1,0,1,느티나무 셀프BBQ,스프라이트 (단체)
2023-12-24,0,12,Winter,1,0,1,느티나무 셀프BBQ,스프라이트 (단체)
2023-12-25,0,12,Winter,0,1,1,느티나무 셀프BBQ,스프라이트 (단체)
2023-12-26,0,12,Winter,0,0,0,느티나무 셀프BBQ,스프라이트 (단체)
2023-12-27,10,12,Winter,0,0,0,느티나무 셀프BBQ,스프라이트 (단체)
2023-12-28,0,12,Winter,0,0,0,느티나무 셀프BBQ,스프라이트 (단체)
2023-12-29,0,12,Winter,0,0,0,느티나무 셀프BBQ,스프라이트 (단체)
2023-12-30,0,12,Winter,1,0,1,느티나무 셀프BBQ,스프라이트 (단체)
2023-12-31,0,12,Winter,1,0,1,느티나무 셀프BBQ,스프라이트 (단체)
2024-01-01,0,1,Winter,0,1,1,느티나무 셀프BBQ,스프라이트 (단체)
2024-01-02,0,1,Winter,0,0,0,느티나무 셀프BBQ,스프라이트 (단체)
2024-01-03,0,1,Winter,0,0,0,느티나무 셀프BBQ,스프라이트 (단체)
2024-01-04,7,1,Winter,0,0,0,느티나무 셀프BBQ,스프라이트 (단체)
2024-01-05,0,1,Winter,0,0,0,느티나무 셀프BBQ,스프라이트 (단체)
2024-01-06,0,1,Winter,1,0,1,느티나무 셀프BBQ,스프라이트 (단체)
2024-01-07,16,1,Winter,1,0,1,느티나무 셀프BBQ,스프라이트 (단체)
2024-01-08,17,1,Winter,0,0,0,느티나무 셀프BBQ,스프라이트 (단체)
2024-01-09,0,1,Winter,0,0,0,느티나무 셀프BBQ,스프라이트 (단체)
2024-01-10,0,1,Winter,0,0,0,느티나무 셀프BBQ,스프라이트 (단체)
2024-01-11,18,1,Winter,0,0,0,느티나무 셀프BBQ,스프라이트 (단체)
2024-01-12,0,1,Winter,0,0,0,느티나무 셀프BBQ,스프라이트 (단체)
2024-01-13,0,1,Winter,1,0,1,느티나무 셀프BBQ,스프라이트 (단체)
2024-01-14,0,1,Winter,1,0,1,느티나무 셀프BBQ,스프라이트 (단체)
2024-01-15,0,1,Winter,0,0,0,느티나무 셀프BBQ,스프라이트 (단체)
2024-01-16,2,1,Winter,0,0,0,느티나무 셀프BBQ,스프라이트 (단체)
2024-01-17,12,1,Winter,0,0,0,느티나무 셀프BBQ,스프라이트 (단체)
2024-01-18,39,1,Winter,0,0,0,느티나무 셀프BBQ,스프라이트 (단체)
2024-01-19,4,1,Winter,0,0,0,느티나무 셀프BBQ,스프라이트 (단체)
2024-01-20,0,1,Winter,1,0,1,느티나무 셀프BBQ,스프라이트 (단체)
2024-01-21,0,1,Winter,1,0,1,느티나무 셀프BBQ,스프라이트 (단체)
2024-01-22,0,1,Winter,0,0,0,느티나무 셀프BBQ,스프라이트 (단체)
2024-01-23,0,1,Winter,0,0,0,느티나무 셀프BBQ,스프라이트 (단체)
2024-01-24,3,1,Winter,0,0,0,느티나무 셀프BBQ,스프라이트 (단체)
2024-01-25,9,1,Winter,0,0,0,느티나무 셀프BBQ,스프라이트 (단체)
2024-01-26,0,1,Winter,0,0,0,느티나무 셀프BBQ,스프라이트 (단체)
2024-01-27,0,1,Winter,1,0,1,느티나무 셀프BBQ,스프라이트 (단체)
2024-01-28,0,1,Winter,1,0,1,느티나무 셀프BBQ,스프라이트 (단체)
2024-01-29,5,1,Winter,0,0,0,느티나무 셀프BBQ,스프라이트 (단체)
2024-01-30,0,1,Winter,0,0,0,느티나무 셀프BBQ,스프라이트 (단체)
2024-01-31,0,1,Winter,0,0,0,느티나무 셀프BBQ,스프라이트 (단체)
2024-02-01,7,2,Winter,0,0,0,느티나무 셀프BBQ,스프라이트 (단체)
2024-02-02,9,2,Winter,0,0,0,느티나무 셀프BBQ,스프라이트 (단체)
2024-02-03,2,2,Winter,1,0,1,느티나무 셀프BBQ,스프라이트 (단체)
2024-02-04,0,2,Winter,1,0,1,느티나무 셀프BBQ,스프라이트 (단체)
2024-02-05,2,2,Winter,0,0,0,느티나무 셀프BBQ,스프라이트 (단체)
2024-02-06,0,2,Winter,0,0,0,느티나무 셀프BBQ,스프라이트 (단체)
2024-02-07,0,2,Winter,0,0,0,느티나무 셀프BBQ,스프라이트 (단체)
2024-02-08,0,2,Winter,0,0,0,느티나무 셀프BBQ,스프라이트 (단체)
2024-02-09,0,2,Winter,0,1,1,느티나무 셀프BBQ,스프라이트 (단체)
2024-02-10,0,2,Winter,1,1,1,느티나무 셀프BBQ,스프라이트 (단체)
2024-02-11,0,2,Winter,1,1,1,느티나무 셀프BBQ,스프라이트 (단체)
2024-02-12,0,2,Winter,0,1,1,느티나무 셀프BBQ,스프라이트 (단체)
2024-02-13,0,2,Winter,0,0,0,느티나무 셀프BBQ,스프라이트 (단체)
2024-02-14,10,2,Winter,0,0,0,느티나무 셀프BBQ,스프라이트 (단체)
2024-02-15,14,2,Winter,0,0,0,느티나무 셀프BBQ,스프라이트 (단체)
2024-02-16,0,2,Winter,0,0,0,느티나무 셀프BBQ,스프라이트 (단체)
2024-02-17,2,2,Winter,1,0,1,느티나무 셀프BBQ,스프라이트 (단체)
2024-02-18,0,2,Winter,1,0,1,느티나무 셀프BBQ,스프라이트 (단체)
2024-02-19,0,2,Winter,0,0,0,느티나무 셀프BBQ,스프라이트 (단체)
2024-02-20,3,2,Winter,0,0,0,느티나무 셀프BBQ,스프라이트 (단체)
2024-02-21,9,2,Winter,0,0,0,느티나무 셀프BBQ,스프라이트 (단체)
2024-02-22,0,2,Winter,0,0,0,느티나무 셀프BBQ,스프라이트 (단체)
2024-02-23,5,2,Winter,0,0,0,느티나무 셀프BBQ,스프라이트 (단체)
2024-02-24,0,2,Winter,1,0,1,느티나무 셀프BBQ,스프라이트 (단체)
2024-02-25,0,2,Winter,1,0,1,느티나무 셀프BBQ,스프라이트 (단체)
2024-02-26,0,2,Winter,0,0,0,느티나무 셀프BBQ,스프라이트 (단체)
2024-02-27,0,2,Winter,0,0,0,느티나무 셀프BBQ,스프라이트 (단체)
2024-02-28,0,2,Winter,0,0,0,느티나무 셀프BBQ,스프라이트 (단체)
2024-02-29,0,2,Winter,0,0,0,느티나무 셀프BBQ,스프라이트 (단체)
2024-03-01,0,3,Spring,0,1,1,느티나무 셀프BBQ,스프라이트 (단체)
2024-03-02,0,3,Spring,1,0,1,느티나무 셀프BBQ,스프라이트 (단체)
2024-03-03,0,3,Spring,1,0,1,느티나무 셀프BBQ,스프라이트 (단체)
2024-03-04,0,3,Spring,0,0,0,느티나무 셀프BBQ,스프라이트 (단체)
2024-03-05,0,3,Spring,0,0,0,느티나무 셀프BBQ,스프라이트 (단체)
2024-03-06,0,3,Spring,0,0,0,느티나무 셀프BBQ,스프라이트 (단체)
2024-03-07,0,3,Spring,0,0,0,느티나무 셀프BBQ,스프라이트 (단체)
2024-03-08,0,3,Spring,0,0,0,느티나무 셀프BBQ,스프라이트 (단체)
2024-03-09,0,3,Spring,1,0,1,느티나무 셀프BBQ,스프라이트 (단체)
2024-03-10,0,3,Spring,1,0,1,느티나무 셀프BBQ,스프라이트 (단체)
2024-03-11,0,3,Spring,0,0,0,느티나무 셀프BBQ,스프라이트 (단체)
2024-03-12,0,3,Spring,0,0,0,느티나무 셀프BBQ,스프라이트 (단체)
2024-03-13,0,3,Spring,0,0,0,느티나무 셀프BBQ,스프라이트 (단체)
2024-03-14,16,3,Spring,0,0,0,느티나무 셀프BBQ,스프라이트 (단체)
2024-03-15,0,3,Spring,0,0,0,느티나무 셀프BBQ,스프라이트 (단체)
2024-03-16,0,3,Spring,1,0,1,느티나무 셀프BBQ,스프라이트 (단체)
2024-03-17,0,3,Spring,1,0,1,느티나무 셀프BBQ,스프라이트 (단체)
2024-03-18,3,3,Spring,0,0,0,느티나무 셀프BBQ,스프라이트 (단체)
2024-03-19,0,3,Spring,0,0,0,느티나무 셀프BBQ,스프라이트 (단체)
2024-03-20,5,3,Spring,0,0,0,느티나무 셀프BBQ,스프라이트 (단체)
2024-03-21,26,3,Spring,0,0,0,느티나무 셀프BBQ,스프라이트 (단체)
2024-03-22,18,3,Spring,0,0,0,느티나무 셀프BBQ,스프라이트 (단체)
2024-03-23,0,3,Spring,1,0,1,느티나무 셀프BBQ,스프라이트 (단체)
2024-03-24,0,3,Spring,1,0,1,느티나무 셀프BBQ,스프라이트 (단체)
2024-03-25,3,3,Spring,0,0,0,느티나무 셀프BBQ,스프라이트 (단체)
2024-03-26,0,3,Spring,0,0,0,느티나무 셀프BBQ,스프라이트 (단체)
2024-03-27,3,3,Spring,0,0,0,느티나무 셀프BBQ,스프라이트 (단체)
2024-03-28,26,3,Spring,0,0,0,느티나무 셀프BBQ,스프라이트 (단체)
2024-03-29,14,3,Spring,0,0,0,느티나무 셀프BBQ,스프라이트 (단체)
2024-03-30,0,3,Spring,1,0,1,느티나무 셀프BBQ,스프라이트 (단체)
2024-03-31,0,3,Spring,1,0,1,느티나무 셀프BBQ,스프라이트 (단체)
2024-04-01,0,4,Spring,0,0,0,느티나무 셀프BBQ,스프라이트 (단체)
2024-04-02,0,4,Spring,0,0,0,느티나무 셀프BBQ,스프라이트 (단체)
2024-04-03,0,4,Spring,0,0,0,느티나무 셀프BBQ,스프라이트 (단체)
2024-04-04,0,4,Spring,0,0,0,느티나무 셀프BBQ,스프라이트 (단체)
2024-04-05,0,4,Spring,0,0,0,느티나무 셀프BBQ,스프라이트 (단체)
2024-04-06,0,4,Spring,1,0,1,느티나무 셀프BBQ,스프라이트 (단체)
2024-04-07,0,4,Spring,1,0,1,느티나무 셀프BBQ,스프라이트 (단체)
2024-04-08,0,4,Spring,0,0,0,느티나무 셀프BBQ,스프라이트 (단체)
2024-04-09,0,4,Spring,0,0,0,느티나무 셀프BBQ,스프라이트 (단체)
2024-04-10,0,4,Spring,0,1,1,느티나무 셀프BBQ,스프라이트 (단체)
2024-04-11,10,4,Spring,0,0,0,느티나무 셀프BBQ,스프라이트 (단체)
2024-04-12,34,4,Spring,0,0,0,느티나무 셀프BBQ,스프라이트 (단체)
2024-04-13,0,4,Spring,1,0,1,느티나무 셀프BBQ,스프라이트 (단체)
2024-04-14,0,4,Spring,1,0,1,느티나무 셀프BBQ,스프라이트 (단체)
2024-04-15,11,4,Spring,0,0,0,느티나무 셀프BBQ,스프라이트 (단체)
2024-04-16,4,4,Spring,0,0,0,느티나무 셀프BBQ,스프라이트 (단체)
2024-04-17,0,4,Spring,0,0,0,느티나무 셀프BBQ,스프라이트 (단체)
2024-04-18,48,4,Spring,0,0,0,느티나무 셀프BBQ,스프라이트 (단체)
2024-04-19,2,4,Spring,0,0,0,느티나무 셀프BBQ,스프라이트 (단체)
2024-04-20,0,4,Spring,1,0,1,느티나무 셀프BBQ,스프라이트 (단체)
2024-04-21,0,4,Spring,1,0,1,느티나무 셀프BBQ,스프라이트 (단체)
2024-04-22,31,4,Spring,0,0,0,느티나무 셀프BBQ,스프라이트 (단체)
2024-04-23,0,4,Spring,0,0,0,느티나무 셀프BBQ,스프라이트 (단체)
2024-04-24,0,4,Spring,0,0,0,느티나무 셀프BBQ,스프라이트 (단체)
2024-04-25,53,4,Spring,0,0,0,느티나무 셀프BBQ,스프라이트 (단체)
2024-04-26,63,4,Spring,0,0,0,느티나무 셀프BBQ,스프라이트 (단체)
2024-04-27,0,4,Spring,1,0,1,느티나무 셀프BBQ,스프라이트 (단체)
2024-04-28,0,4,Spring,1,0,1,느티나무 셀프BBQ,스프라이트 (단체)
2024-04-29,5,4,Spring,0,0,0,느티나무 셀프BBQ,스프라이트 (단체)
2024-04-30,0,4,Spring,0,0,0,느티나무 셀프BBQ,스프라이트 (단체)
2024-05-01,0,5,Spring,0,0,0,느티나무 셀프BBQ,스프라이트 (단체)
2024-05-02,0,5,Spring,0,0,0,느티나무 셀프BBQ,스프라이트 (단체)
2024-05-03,0,5,Spring,0,0,0,느티나무 셀프BBQ,스프라이트 (단체)
2024-05-04,0,5,Spring,1,0,1,느티나무 셀프BBQ,스프라이트 (단체)
2024-05-05,0,5,Spring,1,1,1,느티나무 셀프BBQ,스프라이트 (단체)
2024-05-06,0,5,Spring,0,1,1,느티나무 셀프BBQ,스프라이트 (단체)
2024-05-07,0,5,Spring,0,0,0,느티나무 셀프BBQ,스프라이트 (단체)
2024-05-08,12,5,Spring,0,0,0,느티나무 셀프BBQ,스프라이트 (단체)
2024-05-09,49,5,Spring,0,0,0,느티나무 셀프BBQ,스프라이트 (단체)
2024-05-10,5,5,Spring,0,0,0,느티나무 셀프BBQ,스프라이트 (단체)
2024-05-11,0,5,Spring,1,0,1,느티나무 셀프BBQ,스프라이트 (단체)
2024-05-12,0,5,Spring,1,0,1,느티나무 셀프BBQ,스프라이트 (단체)
2024-05-13,0,5,Spring,0,0,0,느티나무 셀프BBQ,스프라이트 (단체)
2024-05-14,0,5,Spring,0,0,0,느티나무 셀프BBQ,스프라이트 (단체)
2024-05-15,0,5,Spring,0,1,1,느티나무 셀프BBQ,스프라이트 (단체)
2024-05-16,16,5,Spring,0,0,0,느티나무 셀프BBQ,스프라이트 (단체)
2024-05-17,35,5,Spring,0,0,0,느티나무 셀프BBQ,스프라이트 (단체)
2024-05-18,0,5,Spring,1,0,1,느티나무 셀프BBQ,스프라이트 (단체)
2024-05-19,0,5,Spring,1,0,1,느티나무 셀프BBQ,스프라이트 (단체)
2024-05-20,0,5,Spring,0,0,0,느티나무 셀프BBQ,스프라이트 (단체)
2024-05-21,0,5,Spring,0,0,0,느티나무 셀프BBQ,스프라이트 (단체)
2024-05-22,3,5,Spring,0,0,0,느티나무 셀프BBQ,스프라이트 (단체)
2024-05-23,24,5,Spring,0,0,0,느티나무 셀프BBQ,스프라이트 (단체)
2024-05-24,16,5,Spring,0,0,0,느티나무 셀프BBQ,스프라이트 (단체)
2024-05-25,0,5,Spring,1,0,1,느티나무 셀프BBQ,스프라이트 (단체)
2024-05-26,0,5,Spring,1,0,1,느티나무 셀프BBQ,스프라이트 (단체)
2024-05-27,2,5,Spring,0,0,0,느티나무 셀프BBQ,스프라이트 (단체)
2024-05-28,15,5,Spring,0,0,0,느티나무 셀프BBQ,스프라이트 (단체)
2024-05-29,4,5,Spring,0,0,0,느티나무 셀프BBQ,스프라이트 (단체)
2024-05-30,26,5,Spring,0,0,0,느티나무 셀프BBQ,스프라이트 (단체)
2024-05-31,12,5,Spring,0,0,0,느티나무 셀프BBQ,스프라이트 (단체)
2024-06-01,0,6,Summer,1,0,1,느티나무 셀프BBQ,스프라이트 (단체)
2024-06-02,0,6,Summer,1,0,1,느티나무 셀프BBQ,스프라이트 (단체)
2024-06-03,0,6,Summer,0,0,0,느티나무 셀프BBQ,스프라이트 (단체)
2024-06-04,0,6,Summer,0,0,0,느티나무 셀프BBQ,스프라이트 (단체)
2024-06-05,34,6,Summer,0,0,0,느티나무 셀프BBQ,스프라이트 (단체)
2024-06-06,0,6,Summer,0,1,1,느티나무 셀프BBQ,스프라이트 (단체)
2024-06-07,0,6,Summer,0,0,0,느티나무 셀프BBQ,스프라이트 (단체)
2024-06-08,0,6,Summer,1,0,1,느티나무 셀프BBQ,스프라이트 (단체)
2024-06-09,0,6,Summer,1,0,1,느티나무 셀프BBQ,스프라이트 (단체)
2024-06-10,6,6,Summer,0,0,0,느티나무 셀프BBQ,스프라이트 (단체)
2024-06-11,14,6,Summer,0,0,0,느티나무 셀프BBQ,스프라이트 (단체)
2024-06-12,19,6,Summer,0,0,0,느티나무 셀프BBQ,스프라이트 (단체)
2024-06-13,7,6,Summer,0,0,0,느티나무 셀프BBQ,스프라이트 (단체)
2024-06-14,45,6,Summer,0,0,0,느티나무 셀프BBQ,스프라이트 (단체)
2024-06-15,19,6,Summer,1,0,1,느티나무 셀프BBQ,스프라이트 (단체)
2023-01-01,0,1,Winter,1,1,1,느티나무 셀프BBQ,신라면
2023-01-02,0,1,Winter,0,0,0,느티나무 셀프BBQ,신라면
2023-01-03,0,1,Winter,0,0,0,느티나무 셀프BBQ,신라면
2023-01-04,0,1,Winter,0,0,0,느티나무 셀프BBQ,신라면
2023-01-05,0,1,Winter,0,0,0,느티나무 셀프BBQ,신라면
2023-01-06,0,1,Winter,0,0,0,느티나무 셀프BBQ,신라면
2023-01-07,0,1,Winter,1,0,1,느티나무 셀프BBQ,신라면
2023-01-08,0,1,Winter,1,0,1,느티나무 셀프BBQ,신라면
2023-01-09,0,1,Winter,0,0,0,느티나무 셀프BBQ,신라면
2023-01-10,0,1,Winter,0,0,0,느티나무 셀프BBQ,신라면
2023-01-11,0,1,Winter,0,0,0,느티나무 셀프BBQ,신라면
2023-01-12,0,1,Winter,0,0,0,느티나무 셀프BBQ,신라면
2023-01-13,0,1,Winter,0,0,0,느티나무 셀프BBQ,신라면
2023-01-14,0,1,Winter,1,0,1,느티나무 셀프BBQ,신라면
2023-01-15,0,1,Winter,1,0,1,느티나무 셀프BBQ,신라면
2023-01-16,0,1,Winter,0,0,0,느티나무 셀프BBQ,신라면
2023-01-17,0,1,Winter,0,0,0,느티나무 셀프BBQ,신라면
2023-01-18,0,1,Winter,0,0,0,느티나무 셀프BBQ,신라면
2023-01-19,0,1,Winter,0,0,0,느티나무 셀프BBQ,신라면
2023-01-20,0,1,Winter,0,0,0,느티나무 셀프BBQ,신라면
2023-01-21,0,1,Winter,1,1,1,느티나무 셀프BBQ,신라면
2023-01-22,0,1,Winter,1,1,1,느티나무 셀프BBQ,신라면
2023-01-23,0,1,Winter,0,1,1,느티나무 셀프BBQ,신라면
2023-01-24,0,1,Winter,0,1,1,느티나무 셀프BBQ,신라면
2023-01-25,0,1,Winter,0,0,0,느티나무 셀프BBQ,신라면
2023-01-26,0,1,Winter,0,0,0,느티나무 셀프BBQ,신라면
2023-01-27,0,1,Winter,0,0,0,느티나무 셀프BBQ,신라면
2023-01-28,0,1,Winter,1,0,1,느티나무 셀프BBQ,신라면
2023-01-29,0,1,Winter,1,0,1,느티나무 셀프BBQ,신라면
2023-01-30,0,1,Winter,0,0,0,느티나무 셀프BBQ,신라면
2023-01-31,0,1,Winter,0,0,0,느티나무 셀프BBQ,신라면
2023-02-01,0,2,Winter,0,0,0,느티나무 셀프BBQ,신라면
2023-02-02,0,2,Winter,0,0,0,느티나무 셀프BBQ,신라면
2023-02-03,0,2,Winter,0,0,0,느티나무 셀프BBQ,신라면
2023-02-04,0,2,Winter,1,0,1,느티나무 셀프BBQ,신라면
2023-02-05,0,2,Winter,1,0,1,느티나무 셀프BBQ,신라면
2023-02-06,0,2,Winter,0,0,0,느티나무 셀프BBQ,신라면
2023-02-07,0,2,Winter,0,0,0,느티나무 셀프BBQ,신라면
2023-02-08,0,2,Winter,0,0,0,느티나무 셀프BBQ,신라면
2023-02-09,0,2,Winter,0,0,0,느티나무 셀프BBQ,신라면
2023-02-10,0,2,Winter,0,0,0,느티나무 셀프BBQ,신라면
2023-02-11,0,2,Winter,1,0,1,느티나무 셀프BBQ,신라면
2023-02-12,0,2,Winter,1,0,1,느티나무 셀프BBQ,신라면
2023-02-13,0,2,Winter,0,0,0,느티나무 셀프BBQ,신라면
2023-02-14,0,2,Winter,0,0,0,느티나무 셀프BBQ,신라면
2023-02-15,0,2,Winter,0,0,0,느티나무 셀프BBQ,신라면
2023-02-16,0,2,Winter,0,0,0,느티나무 셀프BBQ,신라면
2023-02-17,0,2,Winter,0,0,0,느티나무 셀프BBQ,신라면
2023-02-18,0,2,Winter,1,0,1,느티나무 셀프BBQ,신라면
2023-02-19,0,2,Winter,1,0,1,느티나무 셀프BBQ,신라면
2023-02-20,0,2,Winter,0,0,0,느티나무 셀프BBQ,신라면
2023-02-21,0,2,Winter,0,0,0,느티나무 셀프BBQ,신라면
2023-02-22,0,2,Winter,0,0,0,느티나무 셀프BBQ,신라면
2023-02-23,0,2,Winter,0,0,0,느티나무 셀프BBQ,신라면
2023-02-24,0,2,Winter,0,0,0,느티나무 셀프BBQ,신라면
2023-02-25,0,2,Winter,1,0,1,느티나무 셀프BBQ,신라면
2023-02-26,0,2,Winter,1,0,1,느티나무 셀프BBQ,신라면
2023-02-27,0,2,Winter,0,0,0,느티나무 셀프BBQ,신라면
2023-02-28,0,2,Winter,0,0,0,느티나무 셀프BBQ,신라면
2023-03-01,0,3,Spring,0,1,1,느티나무 셀프BBQ,신라면
2023-03-02,0,3,Spring,0,0,0,느티나무 셀프BBQ,신라면
2023-03-03,0,3,Spring,0,0,0,느티나무 셀프BBQ,신라면
2023-03-04,0,3,Spring,1,0,1,느티나무 셀프BBQ,신라면
2023-03-05,0,3,Spring,1,0,1,느티나무 셀프BBQ,신라면
2023-03-06,0,3,Spring,0,0,0,느티나무 셀프BBQ,신라면
2023-03-07,0,3,Spring,0,0,0,느티나무 셀프BBQ,신라면
2023-03-08,0,3,Spring,0,0,0,느티나무 셀프BBQ,신라면
2023-03-09,0,3,Spring,0,0,0,느티나무 셀프BBQ,신라면
2023-03-10,0,3,Spring,0,0,0,느티나무 셀프BBQ,신라면
2023-03-11,0,3,Spring,1,0,1,느티나무 셀프BBQ,신라면
2023-03-12,0,3,Spring,1,0,1,느티나무 셀프BBQ,신라면
2023-03-13,0,3,Spring,0,0,0,느티나무 셀프BBQ,신라면
2023-03-14,0,3,Spring,0,0,0,느티나무 셀프BBQ,신라면
2023-03-15,0,3,Spring,0,0,0,느티나무 셀프BBQ,신라면
2023-03-16,0,3,Spring,0,0,0,느티나무 셀프BBQ,신라면
2023-03-17,0,3,Spring,0,0,0,느티나무 셀프BBQ,신라면
2023-03-18,0,3,Spring,1,0,1,느티나무 셀프BBQ,신라면
2023-03-19,0,3,Spring,1,0,1,느티나무 셀프BBQ,신라면
2023-03-20,0,3,Spring,0,0,0,느티나무 셀프BBQ,신라면
2023-03-21,0,3,Spring,0,0,0,느티나무 셀프BBQ,신라면
2023-03-22,0,3,Spring,0,0,0,느티나무 셀프BBQ,신라면
2023-03-23,0,3,Spring,0,0,0,느티나무 셀프BBQ,신라면
2023-03-24,0,3,Spring,0,0,0,느티나무 셀프BBQ,신라면
2023-03-25,0,3,Spring,1,0,1,느티나무 셀프BBQ,신라면
2023-03-26,0,3,Spring,1,0,1,느티나무 셀프BBQ,신라면
2023-03-27,0,3,Spring,0,0,0,느티나무 셀프BBQ,신라면
2023-03-28,0,3,Spring,0,0,0,느티나무 셀프BBQ,신라면
2023-03-29,0,3,Spring,0,0,0,느티나무 셀프BBQ,신라면
2023-03-30,0,3,Spring,0,0,0,느티나무 셀프BBQ,신라면
2023-03-31,0,3,Spring,0,0,0,느티나무 셀프BBQ,신라면
2023-04-01,0,4,Spring,1,0,1,느티나무 셀프BBQ,신라면
2023-04-02,0,4,Spring,1,0,1,느티나무 셀프BBQ,신라면
2023-04-03,0,4,Spring,0,0,0,느티나무 셀프BBQ,신라면
2023-04-04,0,4,Spring,0,0,0,느티나무 셀프BBQ,신라면
2023-04-05,0,4,Spring,0,0,0,느티나무 셀프BBQ,신라면
2023-04-06,0,4,Spring,0,0,0,느티나무 셀프BBQ,신라면
2023-04-07,0,4,Spring,0,0,0,느티나무 셀프BBQ,신라면
2023-04-08,0,4,Spring,1,0,1,느티나무 셀프BBQ,신라면
2023-04-09,0,4,Spring,1,0,1,느티나무 셀프BBQ,신라면
2023-04-10,0,4,Spring,0,0,0,느티나무 셀프BBQ,신라면
2023-04-11,0,4,Spring,0,0,0,느티나무 셀프BBQ,신라면
2023-04-12,0,4,Spring,0,0,0,느티나무 셀프BBQ,신라면
2023-04-13,0,4,Spring,0,0,0,느티나무 셀프BBQ,신라면
2023-04-14,5,4,Spring,0,0,0,느티나무 셀프BBQ,신라면
2023-04-15,10,4,Spring,1,0,1,느티나무 셀프BBQ,신라면
2023-04-16,1,4,Spring,1,0,1,느티나무 셀프BBQ,신라면
2023-04-17,0,4,Spring,0,0,0,느티나무 셀프BBQ,신라면
2023-04-18,0,4,Spring,0,0,0,느티나무 셀프BBQ,신라면
2023-04-19,0,4,Spring,0,0,0,느티나무 셀프BBQ,신라면
2023-04-20,0,4,Spring,0,0,0,느티나무 셀프BBQ,신라면
2023-04-21,1,4,Spring,0,0,0,느티나무 셀프BBQ,신라면
2023-04-22,18,4,Spring,1,0,1,느티나무 셀프BBQ,신라면
2023-04-23,1,4,Spring,1,0,1,느티나무 셀프BBQ,신라면
2023-04-24,0,4,Spring,0,0,0,느티나무 셀프BBQ,신라면
2023-04-25,4,4,Spring,0,0,0,느티나무 셀프BBQ,신라면
2023-04-26,5,4,Spring,0,0,0,느티나무 셀프BBQ,신라면
2023-04-27,0,4,Spring,0,0,0,느티나무 셀프BBQ,신라면
2023-04-28,12,4,Spring,0,0,0,느티나무 셀프BBQ,신라면
2023-04-29,0,4,Spring,1,0,1,느티나무 셀프BBQ,신라면
2023-04-30,6,4,Spring,1,0,1,느티나무 셀프BBQ,신라면
2023-05-01,9,5,Spring,0,0,0,느티나무 셀프BBQ,신라면
2023-05-02,2,5,Spring,0,0,0,느티나무 셀프BBQ,신라면
2023-05-03,1,5,Spring,0,0,0,느티나무 셀프BBQ,신라면
2023-05-04,3,5,Spring,0,0,0,느티나무 셀프BBQ,신라면
2023-05-05,0,5,Spring,0,1,1,느티나무 셀프BBQ,신라면
2023-05-06,0,5,Spring,1,0,1,느티나무 셀프BBQ,신라면
2023-05-07,2,5,Spring,1,0,1,느티나무 셀프BBQ,신라면
2023-05-08,0,5,Spring,0,0,0,느티나무 셀프BBQ,신라면
2023-05-09,2,5,Spring,0,0,0,느티나무 셀프BBQ,신라면
2023-05-10,0,5,Spring,0,0,0,느티나무 셀프BBQ,신라면
2023-05-11,2,5,Spring,0,0,0,느티나무 셀프BBQ,신라면
2023-05-12,2,5,Spring,0,0,0,느티나무 셀프BBQ,신라면
2023-05-13,20,5,Spring,1,0,1,느티나무 셀프BBQ,신라면
2023-05-14,5,5,Spring,1,0,1,느티나무 셀프BBQ,신라면
2023-05-15,0,5,Spring,0,0,0,느티나무 셀프BBQ,신라면
2023-05-16,0,5,Spring,0,0,0,느티나무 셀프BBQ,신라면
2023-05-17,0,5,Spring,0,0,0,느티나무 셀프BBQ,신라면
2023-05-18,0,5,Spring,0,0,0,느티나무 셀프BBQ,신라면
2023-05-19,3,5,Spring,0,0,0,느티나무 셀프BBQ,신라면
2023-05-20,8,5,Spring,1,0,1,느티나무 셀프BBQ,신라면
2023-05-21,2,5,Spring,1,0,1,느티나무 셀프BBQ,신라면
2023-05-22,0,5,Spring,0,0,0,느티나무 셀프BBQ,신라면
2023-05-23,0,5,Spring,0,0,0,느티나무 셀프BBQ,신라면
2023-05-24,1,5,Spring,0,0,0,느티나무 셀프BBQ,신라면
2023-05-25,12,5,Spring,0,0,0,느티나무 셀프BBQ,신라면
2023-05-26,6,5,Spring,0,0,0,느티나무 셀프BBQ,신라면
2023-05-27,0,5,Spring,1,1,1,느티나무 셀프BBQ,신라면
2023-05-28,0,5,Spring,1,0,1,느티나무 셀프BBQ,신라면
2023-05-29,0,5,Spring,0,1,1,느티나무 셀프BBQ,신라면
2023-05-30,0,5,Spring,0,0,0,느티나무 셀프BBQ,신라면
2023-05-31,0,5,Spring,0,0,0,느티나무 셀프BBQ,신라면
2023-06-01,4,6,Summer,0,0,0,느티나무 셀프BBQ,신라면
2023-06-02,2,6,Summer,0,0,0,느티나무 셀프BBQ,신라면
2023-06-03,11,6,Summer,1,0,1,느티나무 셀프BBQ,신라면
2023-06-04,5,6,Summer,1,0,1,느티나무 셀프BBQ,신라면
2023-06-05,7,6,Summer,0,0,0,느티나무 셀프BBQ,신라면
2023-06-06,0,6,Summer,0,1,1,느티나무 셀프BBQ,신라면
2023-06-07,15,6,Summer,0,0,0,느티나무 셀프BBQ,신라면
2023-06-08,0,6,Summer,0,0,0,느티나무 셀프BBQ,신라면
2023-06-09,2,6,Summer,0,0,0,느티나무 셀프BBQ,신라면
2023-06-10,5,6,Summer,1,0,1,느티나무 셀프BBQ,신라면
2023-06-11,6,6,Summer,1,0,1,느티나무 셀프BBQ,신라면
2023-06-12,0,6,Summer,0,0,0,느티나무 셀프BBQ,신라면
2023-06-13,1,6,Summer,0,0,0,느티나무 셀프BBQ,신라면
2023-06-14,2,6,Summer,0,0,0,느티나무 셀프BBQ,신라면
2023-06-15,2,6,Summer,0,0,0,느티나무 셀프BBQ,신라면
2023-06-16,2,6,Summer,0,0,0,느티나무 셀프BBQ,신라면
2023-06-17,5,6,Summer,1,0,1,느티나무 셀프BBQ,신라면
2023-06-18,3,6,Summer,1,0,1,느티나무 셀프BBQ,신라면
2023-06-19,0,6,Summer,0,0,0,느티나무 셀프BBQ,신라면
2023-06-20,0,6,Summer,0,0,0,느티나무 셀프BBQ,신라면
2023-06-21,0,6,Summer,0,0,0,느티나무 셀프BBQ,신라면
2023-06-22,0,6,Summer,0,0,0,느티나무 셀프BBQ,신라면
2023-06-23,3,6,Summer,0,0,0,느티나무 셀프BBQ,신라면
2023-06-24,16,6,Summer,1,0,1,느티나무 셀프BBQ,신라면
2023-06-25,3,6,Summer,1,0,1,느티나무 셀프BBQ,신라면
2023-06-26,0,6,Summer,0,0,0,느티나무 셀프BBQ,신라면
2023-06-27,0,6,Summer,0,0,0,느티나무 셀프BBQ,신라면
2023-06-28,0,6,Summer,0,0,0,느티나무 셀프BBQ,신라면
2023-06-29,0,6,Summer,0,0,0,느티나무 셀프BBQ,신라면
2023-06-30,9,6,Summer,0,0,0,느티나무 셀프BBQ,신라면
2023-07-01,4,7,Summer,1,0,1,느티나무 셀프BBQ,신라면
2023-07-02,3,7,Summer,1,0,1,느티나무 셀프BBQ,신라면
2023-07-03,0,7,Summer,0,0,0,느티나무 셀프BBQ,신라면
2023-07-04,0,7,Summer,0,0,0,느티나무 셀프BBQ,신라면
2023-07-05,13,7,Summer,0,0,0,느티나무 셀프BBQ,신라면
2023-07-06,0,7,Summer,0,0,0,느티나무 셀프BBQ,신라면
2023-07-07,10,7,Summer,0,0,0,느티나무 셀프BBQ,신라면
2023-07-08,3,7,Summer,1,0,1,느티나무 셀프BBQ,신라면
2023-07-09,0,7,Summer,1,0,1,느티나무 셀프BBQ,신라면
2023-07-10,0,7,Summer,0,0,0,느티나무 셀프BBQ,신라면
2023-07-11,0,7,Summer,0,0,0,느티나무 셀프BBQ,신라면
2023-07-12,0,7,Summer,0,0,0,느티나무 셀프BBQ,신라면
2023-07-13,0,7,Summer,0,0,0,느티나무 셀프BBQ,신라면
2023-07-14,0,7,Summer,0,0,0,느티나무 셀프BBQ,신라면
2023-07-15,0,7,Summer,1,0,1,느티나무 셀프BBQ,신라면
2023-07-16,0,7,Summer,1,0,1,느티나무 셀프BBQ,신라면
2023-07-17,0,7,Summer,0,0,0,느티나무 셀프BBQ,신라면
2023-07-18,2,7,Summer,0,0,0,느티나무 셀프BBQ,신라면
2023-07-19,7,7,Summer,0,0,0,느티나무 셀프BBQ,신라면
2023-07-20,2,7,Summer,0,0,0,느티나무 셀프BBQ,신라면
2023-07-21,1,7,Summer,0,0,0,느티나무 셀프BBQ,신라면
2023-07-22,0,7,Summer,1,0,1,느티나무 셀프BBQ,신라면
2023-07-23,0,7,Summer,1,0,1,느티나무 셀프BBQ,신라면
2023-07-24,3,7,Summer,0,0,0,느티나무 셀프BBQ,신라면
2023-07-25,6,7,Summer,0,0,0,느티나무 셀프BBQ,신라면
2023-07-26,0,7,Summer,0,0,0,느티나무 셀프BBQ,신라면
2023-07-27,8,7,Summer,0,0,0,느티나무 셀프BBQ,신라면
2023-07-28,6,7,Summer,0,0,0,느티나무 셀프BBQ,신라면
2023-07-29,12,7,Summer,1,0,1,느티나무 셀프BBQ,신라면
2023-07-30,3,7,Summer,1,0,1,느티나무 셀프BBQ,신라면
2023-07-31,1,7,Summer,0,0,0,느티나무 셀프BBQ,신라면
2023-08-01,1,8,Summer,0,0,0,느티나무 셀프BBQ,신라면
2023-08-02,4,8,Summer,0,0,0,느티나무 셀프BBQ,신라면
2023-08-03,6,8,Summer,0,0,0,느티나무 셀프BBQ,신라면
2023-08-04,8,8,Summer,0,0,0,느티나무 셀프BBQ,신라면
2023-08-05,3,8,Summer,1,0,1,느티나무 셀프BBQ,신라면
2023-08-06,0,8,Summer,1,0,1,느티나무 셀프BBQ,신라면
2023-08-07,1,8,Summer,0,0,0,느티나무 셀프BBQ,신라면
2023-08-08,4,8,Summer,0,0,0,느티나무 셀프BBQ,신라면
2023-08-09,0,8,Summer,0,0,0,느티나무 셀프BBQ,신라면
2023-08-10,0,8,Summer,0,0,0,느티나무 셀프BBQ,신라면
2023-08-11,0,8,Summer,0,0,0,느티나무 셀프BBQ,신라면
2023-08-12,7,8,Summer,1,0,1,느티나무 셀프BBQ,신라면
2023-08-13,4,8,Summer,1,0,1,느티나무 셀프BBQ,신라면
2023-08-14,9,8,Summer,0,0,0,느티나무 셀프BBQ,신라면
2023-08-15,6,8,Summer,0,1,1,느티나무 셀프BBQ,신라면
2023-08-16,1,8,Summer,0,0,0,느티나무 셀프BBQ,신라면
2023-08-17,5,8,Summer,0,0,0,느티나무 셀프BBQ,신라면
2023-08-18,1,8,Summer,0,0,0,느티나무 셀프BBQ,신라면
2023-08-19,13,8,Summer,1,0,1,느티나무 셀프BBQ,신라면
2023-08-20,1,8,Summer,1,0,1,느티나무 셀프BBQ,신라면
2023-08-21,1,8,Summer,0,0,0,느티나무 셀프BBQ,신라면
2023-08-22,0,8,Summer,0,0,0,느티나무 셀프BBQ,신라면
2023-08-23,0,8,Summer,0,0,0,느티나무 셀프BBQ,신라면
2023-08-24,0,8,Summer,0,0,0,느티나무 셀프BBQ,신라면
2023-08-25,2,8,Summer,0,0,0,느티나무 셀프BBQ,신라면
2023-08-26,23,8,Summer,1,0,1,느티나무 셀프BBQ,신라면
2023-08-27,0,8,Summer,1,0,1,느티나무 셀프BBQ,신라면
2023-08-28,0,8,Summer,0,0,0,느티나무 셀프BBQ,신라면
2023-08-29,0,8,Summer,0,0,0,느티나무 셀프BBQ,신라면
2023-08-30,0,8,Summer,0,0,0,느티나무 셀프BBQ,신라면
2023-08-31,2,8,Summer,0,0,0,느티나무 셀프BBQ,신라면
2023-09-01,8,9,Autumn,0,0,0,느티나무 셀프BBQ,신라면
2023-09-02,9,9,Autumn,1,0,1,느티나무 셀프BBQ,신라면
2023-09-03,7,9,Autumn,1,0,1,느티나무 셀프BBQ,신라면
2023-09-04,0,9,Autumn,0,0,0,느티나무 셀프BBQ,신라면
2023-09-05,4,9,Autumn,0,0,0,느티나무 셀프BBQ,신라면
2023-09-06,0,9,Autumn,0,0,0,느티나무 셀프BBQ,신라면
2023-09-07,0,9,Autumn,0,0,0,느티나무 셀프BBQ,신라면
2023-09-08,2,9,Autumn,0,0,0,느티나무 셀프BBQ,신라면
2023-09-09,7,9,Autumn,1,0,1,느티나무 셀프BBQ,신라면
2023-09-10,10,9,Autumn,1,0,1,느티나무 셀프BBQ,신라면
2023-09-11,0,9,Autumn,0,0,0,느티나무 셀프BBQ,신라면
2023-09-12,0,9,Autumn,0,0,0,느티나무 셀프BBQ,신라면
2023-09-13,0,9,Autumn,0,0,0,느티나무 셀프BBQ,신라면
2023-09-14,1,9,Autumn,0,0,0,느티나무 셀프BBQ,신라면
2023-09-15,2,9,Autumn,0,0,0,느티나무 셀프BBQ,신라면
2023-09-16,0,9,Autumn,1,0,1,느티나무 셀프BBQ,신라면
2023-09-17,8,9,Autumn,1,0,1,느티나무 셀프BBQ,신라면
2023-09-18,0,9,Autumn,0,0,0,느티나무 셀프BBQ,신라면
2023-09-19,0,9,Autumn,0,0,0,느티나무 셀프BBQ,신라면
2023-09-20,0,9,Autumn,0,0,0,느티나무 셀프BBQ,신라면
2023-09-21,1,9,Autumn,0,0,0,느티나무 셀프BBQ,신라면
2023-09-22,4,9,Autumn,0,0,0,느티나무 셀프BBQ,신라면
2023-09-23,8,9,Autumn,1,0,1,느티나무 셀프BBQ,신라면
2023-09-24,6,9,Autumn,1,0,1,느티나무 셀프BBQ,신라면
2023-09-25,0,9,Autumn,0,0,0,느티나무 셀프BBQ,신라면
2023-09-26,0,9,Autumn,0,0,0,느티나무 셀프BBQ,신라면
2023-09-27,0,9,Autumn,0,0,0,느티나무 셀프BBQ,신라면
2023-09-28,3,9,Autumn,0,1,1,느티나무 셀프BBQ,신라면
2023-09-29,24,9,Autumn,0,1,1,느티나무 셀프BBQ,신라면
2023-09-30,19,9,Autumn,1,1,1,느티나무 셀프BBQ,신라면
2023-10-01,19,10,Autumn,1,0,1,느티나무 셀프BBQ,신라면
2023-10-02,17,10,Autumn,0,1,1,느티나무 셀프BBQ,신라면
2023-10-03,0,10,Autumn,0,1,1,느티나무 셀프BBQ,신라면
2023-10-04,0,10,Autumn,0,0,0,느티나무 셀프BBQ,신라면
2023-10-05,0,10,Autumn,0,0,0,느티나무 셀프BBQ,신라면
2023-10-06,5,10,Autumn,0,0,0,느티나무 셀프BBQ,신라면
2023-10-07,6,10,Autumn,1,0,1,느티나무 셀프BBQ,신라면
2023-10-08,10,10,Autumn,1,0,1,느티나무 셀프BBQ,신라면
2023-10-09,2,10,Autumn,0,1,1,느티나무 셀프BBQ,신라면
2023-10-10,3,10,Autumn,0,0,0,느티나무 셀프BBQ,신라면
2023-10-11,0,10,Autumn,0,0,0,느티나무 셀프BBQ,신라면
2023-10-12,8,10,Autumn,0,0,0,느티나무 셀프BBQ,신라면
2023-10-13,8,10,Autumn,0,0,0,느티나무 셀프BBQ,신라면
2023-10-14,24,10,Autumn,1,0,1,느티나무 셀프BBQ,신라면
2023-10-15,3,10,Autumn,1,0,1,느티나무 셀프BBQ,신라면
2023-10-16,0,10,Autumn,0,0,0,느티나무 셀프BBQ,신라면
2023-10-17,2,10,Autumn,0,0,0,느티나무 셀프BBQ,신라면
2023-10-18,0,10,Autumn,0,0,0,느티나무 셀프BBQ,신라면
2023-10-19,7,10,Autumn,0,0,0,느티나무 셀프BBQ,신라면
2023-10-20,7,10,Autumn,0,0,0,느티나무 셀프BBQ,신라면
2023-10-21,3,10,Autumn,1,0,1,느티나무 셀프BBQ,신라면
2023-10-22,0,10,Autumn,1,0,1,느티나무 셀프BBQ,신라면
2023-10-23,0,10,Autumn,0,0,0,느티나무 셀프BBQ,신라면
2023-10-24,0,10,Autumn,0,0,0,느티나무 셀프BBQ,신라면
2023-10-25,0,10,Autumn,0,0,0,느티나무 셀프BBQ,신라면
2023-10-26,0,10,Autumn,0,0,0,느티나무 셀프BBQ,신라면
2023-10-27,10,10,Autumn,0,0,0,느티나무 셀프BBQ,신라면
2023-10-28,10,10,Autumn,1,0,1,느티나무 셀프BBQ,신라면
2023-10-29,9,10,Autumn,1,0,1,느티나무 셀프BBQ,신라면
2023-10-30,0,10,Autumn,0,0,0,느티나무 셀프BBQ,신라면
2023-10-31,0,10,Autumn,0,0,0,느티나무 셀프BBQ,신라면
2023-11-01,0,11,Autumn,0,0,0,느티나무 셀프BBQ,신라면
2023-11-02,0,11,Autumn,0,0,0,느티나무 셀프BBQ,신라면
2023-11-03,0,11,Autumn,0,0,0,느티나무 셀프BBQ,신라면
2023-11-04,0,11,Autumn,1,0,1,느티나무 셀프BBQ,신라면
2023-11-05,0,11,Autumn,1,0,1,느티나무 셀프BBQ,신라면
2023-11-06,0,11,Autumn,0,0,0,느티나무 셀프BBQ,신라면
2023-11-07,0,11,Autumn,0,0,0,느티나무 셀프BBQ,신라면
2023-11-08,0,11,Autumn,0,0,0,느티나무 셀프BBQ,신라면
2023-11-09,0,11,Autumn,0,0,0,느티나무 셀프BBQ,신라면
2023-11-10,0,11,Autumn,0,0,0,느티나무 셀프BBQ,신라면
2023-11-11,0,11,Autumn,1,0,1,느티나무 셀프BBQ,신라면
2023-11-12,0,11,Autumn,1,0,1,느티나무 셀프BBQ,신라면
2023-11-13,0,11,Autumn,0,0,0,느티나무 셀프BBQ,신라면
2023-11-14,0,11,Autumn,0,0,0,느티나무 셀프BBQ,신라면
2023-11-15,0,11,Autumn,0,0,0,느티나무 셀프BBQ,신라면
2023-11-16,0,11,Autumn,0,0,0,느티나무 셀프BBQ,신라면
2023-11-17,0,11,Autumn,0,0,0,느티나무 셀프BBQ,신라면
2023-11-18,0,11,Autumn,1,0,1,느티나무 셀프BBQ,신라면
2023-11-19,0,11,Autumn,1,0,1,느티나무 셀프BBQ,신라면
2023-11-20,0,11,Autumn,0,0,0,느티나무 셀프BBQ,신라면
2023-11-21,0,11,Autumn,0,0,0,느티나무 셀프BBQ,신라면
2023-11-22,0,11,Autumn,0,0,0,느티나무 셀프BBQ,신라면
2023-11-23,0,11,Autumn,0,0,0,느티나무 셀프BBQ,신라면
2023-11-24,0,11,Autumn,0,0,0,느티나무 셀프BBQ,신라면
2023-11-25,0,11,Autumn,1,0,1,느티나무 셀프BBQ,신라면
2023-11-26,0,11,Autumn,1,0,1,느티나무 셀프BBQ,신라면
2023-11-27,0,11,Autumn,0,0,0,느티나무 셀프BBQ,신라면
2023-11-28,0,11,Autumn,0,0,0,느티나무 셀프BBQ,신라면
2023-11-29,0,11,Autumn,0,0,0,느티나무 셀프BBQ,신라면
2023-11-30,0,11,Autumn,0,0,0,느티나무 셀프BBQ,신라면
2023-12-01,0,12,Winter,0,0,0,느티나무 셀프BBQ,신라면
2023-12-02,0,12,Winter,1,0,1,느티나무 셀프BBQ,신라면
2023-12-03,0,12,Winter,1,0,1,느티나무 셀프BBQ,신라면
2023-12-04,0,12,Winter,0,0,0,느티나무 셀프BBQ,신라면
2023-12-05,0,12,Winter,0,0,0,느티나무 셀프BBQ,신라면
2023-12-06,0,12,Winter,0,0,0,느티나무 셀프BBQ,신라면
2023-12-07,0,12,Winter,0,0,0,느티나무 셀프BBQ,신라면
2023-12-08,0,12,Winter,0,0,0,느티나무 셀프BBQ,신라면
2023-12-09,0,12,Winter,1,0,1,느티나무 셀프BBQ,신라면
2023-12-10,0,12,Winter,1,0,1,느티나무 셀프BBQ,신라면
2023-12-11,0,12,Winter,0,0,0,느티나무 셀프BBQ,신라면
2023-12-12,0,12,Winter,0,0,0,느티나무 셀프BBQ,신라면
2023-12-13,0,12,Winter,0,0,0,느티나무 셀프BBQ,신라면
2023-12-14,0,12,Winter,0,0,0,느티나무 셀프BBQ,신라면
2023-12-15,0,12,Winter,0,0,0,느티나무 셀프BBQ,신라면
2023-12-16,0,12,Winter,1,0,1,느티나무 셀프BBQ,신라면
2023-12-17,0,12,Winter,1,0,1,느티나무 셀프BBQ,신라면
2023-12-18,0,12,Winter,0,0,0,느티나무 셀프BBQ,신라면
2023-12-19,0,12,Winter,0,0,0,느티나무 셀프BBQ,신라면
2023-12-20,0,12,Winter,0,0,0,느티나무 셀프BBQ,신라면
2023-12-21,0,12,Winter,0,0,0,느티나무 셀프BBQ,신라면
2023-12-22,0,12,Winter,0,0,0,느티나무 셀프BBQ,신라면
2023-12-23,0,12,Winter,1,0,1,느티나무 셀프BBQ,신라면
2023-12-24,0,12,Winter,1,0,1,느티나무 셀프BBQ,신라면
2023-12-25,0,12,Winter,0,1,1,느티나무 셀프BBQ,신라면
2023-12-26,0,12,Winter,0,0,0,느티나무 셀프BBQ,신라면
2023-12-27,0,12,Winter,0,0,0,느티나무 셀프BBQ,신라면
2023-12-28,0,12,Winter,0,0,0,느티나무 셀프BBQ,신라면
2023-12-29,0,12,Winter,0,0,0,느티나무 셀프BBQ,신라면
2023-12-30,0,12,Winter,1,0,1,느티나무 셀프BBQ,신라면
2023-12-31,0,12,Winter,1,0,1,느티나무 셀프BBQ,신라면
2024-01-01,0,1,Winter,0,1,1,느티나무 셀프BBQ,신라면
2024-01-02,0,1,Winter,0,0,0,느티나무 셀프BBQ,신라면
2024-01-03,0,1,Winter,0,0,0,느티나무 셀프BBQ,신라면
2024-01-04,0,1,Winter,0,0,0,느티나무 셀프BBQ,신라면
2024-01-05,0,1,Winter,0,0,0,느티나무 셀프BBQ,신라면
2024-01-06,0,1,Winter,1,0,1,느티나무 셀프BBQ,신라면
2024-01-07,0,1,Winter,1,0,1,느티나무 셀프BBQ,신라면
2024-01-08,0,1,Winter,0,0,0,느티나무 셀프BBQ,신라면
2024-01-09,0,1,Winter,0,0,0,느티나무 셀프BBQ,신라면
2024-01-10,0,1,Winter,0,0,0,느티나무 셀프BBQ,신라면
2024-01-11,0,1,Winter,0,0,0,느티나무 셀프BBQ,신라면
2024-01-12,0,1,Winter,0,0,0,느티나무 셀프BBQ,신라면
2024-01-13,0,1,Winter,1,0,1,느티나무 셀프BBQ,신라면
2024-01-14,0,1,Winter,1,0,1,느티나무 셀프BBQ,신라면
2024-01-15,0,1,Winter,0,0,0,느티나무 셀프BBQ,신라면
2024-01-16,0,1,Winter,0,0,0,느티나무 셀프BBQ,신라면
2024-01-17,0,1,Winter,0,0,0,느티나무 셀프BBQ,신라면
2024-01-18,0,1,Winter,0,0,0,느티나무 셀프BBQ,신라면
2024-01-19,0,1,Winter,0,0,0,느티나무 셀프BBQ,신라면
2024-01-20,0,1,Winter,1,0,1,느티나무 셀프BBQ,신라면
2024-01-21,0,1,Winter,1,0,1,느티나무 셀프BBQ,신라면
2024-01-22,0,1,Winter,0,0,0,느티나무 셀프BBQ,신라면
2024-01-23,0,1,Winter,0,0,0,느티나무 셀프BBQ,신라면
2024-01-24,0,1,Winter,0,0,0,느티나무 셀프BBQ,신라면
2024-01-25,0,1,Winter,0,0,0,느티나무 셀프BBQ,신라면
2024-01-26,0,1,Winter,0,0,0,느티나무 셀프BBQ,신라면
2024-01-27,0,1,Winter,1,0,1,느티나무 셀프BBQ,신라면
2024-01-28,0,1,Winter,1,0,1,느티나무 셀프BBQ,신라면
2024-01-29,0,1,Winter,0,0,0,느티나무 셀프BBQ,신라면
2024-01-30,0,1,Winter,0,0,0,느티나무 셀프BBQ,신라면
2024-01-31,0,1,Winter,0,0,0,느티나무 셀프BBQ,신라면
2024-02-01,0,2,Winter,0,0,0,느티나무 셀프BBQ,신라면
2024-02-02,0,2,Winter,0,0,0,느티나무 셀프BBQ,신라면
2024-02-03,0,2,Winter,1,0,1,느티나무 셀프BBQ,신라면
2024-02-04,0,2,Winter,1,0,1,느티나무 셀프BBQ,신라면
2024-02-05,0,2,Winter,0,0,0,느티나무 셀프BBQ,신라면
2024-02-06,0,2,Winter,0,0,0,느티나무 셀프BBQ,신라면
2024-02-07,0,2,Winter,0,0,0,느티나무 셀프BBQ,신라면
2024-02-08,0,2,Winter,0,0,0,느티나무 셀프BBQ,신라면
2024-02-09,0,2,Winter,0,1,1,느티나무 셀프BBQ,신라면
2024-02-10,0,2,Winter,1,1,1,느티나무 셀프BBQ,신라면
2024-02-11,0,2,Winter,1,1,1,느티나무 셀프BBQ,신라면
2024-02-12,0,2,Winter,0,1,1,느티나무 셀프BBQ,신라면
2024-02-13,0,2,Winter,0,0,0,느티나무 셀프BBQ,신라면
2024-02-14,0,2,Winter,0,0,0,느티나무 셀프BBQ,신라면
2024-02-15,0,2,Winter,0,0,0,느티나무 셀프BBQ,신라면
2024-02-16,0,2,Winter,0,0,0,느티나무 셀프BBQ,신라면
2024-02-17,0,2,Winter,1,0,1,느티나무 셀프BBQ,신라면
2024-02-18,0,2,Winter,1,0,1,느티나무 셀프BBQ,신라면
2024-02-19,0,2,Winter,0,0,0,느티나무 셀프BBQ,신라면
2024-02-20,0,2,Winter,0,0,0,느티나무 셀프BBQ,신라면
2024-02-21,0,2,Winter,0,0,0,느티나무 셀프BBQ,신라면
2024-02-22,0,2,Winter,0,0,0,느티나무 셀프BBQ,신라면
2024-02-23,0,2,Winter,0,0,0,느티나무 셀프BBQ,신라면
2024-02-24,0,2,Winter,1,0,1,느티나무 셀프BBQ,신라면
2024-02-25,0,2,Winter,1,0,1,느티나무 셀프BBQ,신라면
2024-02-26,0,2,Winter,0,0,0,느티나무 셀프BBQ,신라면
2024-02-27,0,2,Winter,0,0,0,느티나무 셀프BBQ,신라면
2024-02-28,0,2,Winter,0,0,0,느티나무 셀프BBQ,신라면
2024-02-29,0,2,Winter,0,0,0,느티나무 셀프BBQ,신라면
2024-03-01,0,3,Spring,0,1,1,느티나무 셀프BBQ,신라면
2024-03-02,0,3,Spring,1,0,1,느티나무 셀프BBQ,신라면
2024-03-03,0,3,Spring,1,0,1,느티나무 셀프BBQ,신라면
2024-03-04,0,3,Spring,0,0,0,느티나무 셀프BBQ,신라면
2024-03-05,0,3,Spring,0,0,0,느티나무 셀프BBQ,신라면
2024-03-06,0,3,Spring,0,0,0,느티나무 셀프BBQ,신라면
2024-03-07,0,3,Spring,0,0,0,느티나무 셀프BBQ,신라면
2024-03-08,0,3,Spring,0,0,0,느티나무 셀프BBQ,신라면
2024-03-09,0,3,Spring,1,0,1,느티나무 셀프BBQ,신라면
2024-03-10,0,3,Spring,1,0,1,느티나무 셀프BBQ,신라면
2024-03-11,0,3,Spring,0,0,0,느티나무 셀프BBQ,신라면
2024-03-12,0,3,Spring,0,0,0,느티나무 셀프BBQ,신라면
2024-03-13,0,3,Spring,0,0,0,느티나무 셀프BBQ,신라면
2024-03-14,0,3,Spring,0,0,0,느티나무 셀프BBQ,신라면
2024-03-15,0,3,Spring,0,0,0,느티나무 셀프BBQ,신라면
2024-03-16,0,3,Spring,1,0,1,느티나무 셀프BBQ,신라면
2024-03-17,0,3,Spring,1,0,1,느티나무 셀프BBQ,신라면
2024-03-18,0,3,Spring,0,0,0,느티나무 셀프BBQ,신라면
2024-03-19,0,3,Spring,0,0,0,느티나무 셀프BBQ,신라면
2024-03-20,0,3,Spring,0,0,0,느티나무 셀프BBQ,신라면
2024-03-21,0,3,Spring,0,0,0,느티나무 셀프BBQ,신라면
2024-03-22,0,3,Spring,0,0,0,느티나무 셀프BBQ,신라면
2024-03-23,0,3,Spring,1,0,1,느티나무 셀프BBQ,신라면
2024-03-24,0,3,Spring,1,0,1,느티나무 셀프BBQ,신라면
2024-03-25,0,3,Spring,0,0,0,느티나무 셀프BBQ,신라면
2024-03-26,0,3,Spring,0,0,0,느티나무 셀프BBQ,신라면
2024-03-27,0,3,Spring,0,0,0,느티나무 셀프BBQ,신라면
2024-03-28,0,3,Spring,0,0,0,느티나무 셀프BBQ,신라면
2024-03-29,0,3,Spring,0,0,0,느티나무 셀프BBQ,신라면
2024-03-30,0,3,Spring,1,0,1,느티나무 셀프BBQ,신라면
2024-03-31,0,3,Spring,1,0,1,느티나무 셀프BBQ,신라면
2024-04-01,0,4,Spring,0,0,0,느티나무 셀프BBQ,신라면
2024-04-02,0,4,Spring,0,0,0,느티나무 셀프BBQ,신라면
2024-04-03,0,4,Spring,0,0,0,느티나무 셀프BBQ,신라면
2024-04-04,0,4,Spring,0,0,0,느티나무 셀프BBQ,신라면
2024-04-05,0,4,Spring,0,0,0,느티나무 셀프BBQ,신라면
2024-04-06,0,4,Spring,1,0,1,느티나무 셀프BBQ,신라면
2024-04-07,0,4,Spring,1,0,1,느티나무 셀프BBQ,신라면
2024-04-08,0,4,Spring,0,0,0,느티나무 셀프BBQ,신라면
2024-04-09,0,4,Spring,0,0,0,느티나무 셀프BBQ,신라면
2024-04-10,0,4,Spring,0,1,1,느티나무 셀프BBQ,신라면
2024-04-11,0,4,Spring,0,0,0,느티나무 셀프BBQ,신라면
2024-04-12,0,4,Spring,0,0,0,느티나무 셀프BBQ,신라면
2024-04-13,0,4,Spring,1,0,1,느티나무 셀프BBQ,신라면
2024-04-14,0,4,Spring,1,0,1,느티나무 셀프BBQ,신라면
2024-04-15,0,4,Spring,0,0,0,느티나무 셀프BBQ,신라면
2024-04-16,0,4,Spring,0,0,0,느티나무 셀프BBQ,신라면
2024-04-17,0,4,Spring,0,0,0,느티나무 셀프BBQ,신라면
2024-04-18,0,4,Spring,0,0,0,느티나무 셀프BBQ,신라면
2024-04-19,6,4,Spring,0,0,0,느티나무 셀프BBQ,신라면
2024-04-20,0,4,Spring,1,0,1,느티나무 셀프BBQ,신라면
2024-04-21,1,4,Spring,1,0,1,느티나무 셀프BBQ,신라면
2024-04-22,0,4,Spring,0,0,0,느티나무 셀프BBQ,신라면
2024-04-23,2,4,Spring,0,0,0,느티나무 셀프BBQ,신라면
2024-04-24,2,4,Spring,0,0,0,느티나무 셀프BBQ,신라면
2024-04-25,2,4,Spring,0,0,0,느티나무 셀프BBQ,신라면
2024-04-26,4,4,Spring,0,0,0,느티나무 셀프BBQ,신라면
2024-04-27,15,4,Spring,1,0,1,느티나무 셀프BBQ,신라면
2024-04-28,0,4,Spring,1,0,1,느티나무 셀프BBQ,신라면
2024-04-29,0,4,Spring,0,0,0,느티나무 셀프BBQ,신라면
2024-04-30,10,4,Spring,0,0,0,느티나무 셀프BBQ,신라면
2024-05-01,5,5,Spring,0,0,0,느티나무 셀프BBQ,신라면
2024-05-02,4,5,Spring,0,0,0,느티나무 셀프BBQ,신라면
2024-05-03,5,5,Spring,0,0,0,느티나무 셀프BBQ,신라면
2024-05-04,9,5,Spring,1,0,1,느티나무 셀프BBQ,신라면
2024-05-05,0,5,Spring,1,1,1,느티나무 셀프BBQ,신라면
2024-05-06,0,5,Spring,0,1,1,느티나무 셀프BBQ,신라면
2024-05-07,0,5,Spring,0,0,0,느티나무 셀프BBQ,신라면
2024-05-08,0,5,Spring,0,0,0,느티나무 셀프BBQ,신라면
2024-05-09,0,5,Spring,0,0,0,느티나무 셀프BBQ,신라면
2024-05-10,7,5,Spring,0,0,0,느티나무 셀프BBQ,신라면
2024-05-11,0,5,Spring,1,0,1,느티나무 셀프BBQ,신라면
2024-05-12,5,5,Spring,1,0,1,느티나무 셀프BBQ,신라면
2024-05-13,0,5,Spring,0,0,0,느티나무 셀프BBQ,신라면
2024-05-14,5,5,Spring,0,0,0,느티나무 셀프BBQ,신라면
2024-05-15,0,5,Spring,0,1,1,느티나무 셀프BBQ,신라면
2024-05-16,0,5,Spring,0,0,0,느티나무 셀프BBQ,신라면
2024-05-17,13,5,Spring,0,0,0,느티나무 셀프BBQ,신라면
2024-05-18,3,5,Spring,1,0,1,느티나무 셀프BBQ,신라면
2024-05-19,1,5,Spring,1,0,1,느티나무 셀프BBQ,신라면
2024-05-20,0,5,Spring,0,0,0,느티나무 셀프BBQ,신라면
2024-05-21,9,5,Spring,0,0,0,느티나무 셀프BBQ,신라면
2024-05-22,0,5,Spring,0,0,0,느티나무 셀프BBQ,신라면
2024-05-23,0,5,Spring,0,0,0,느티나무 셀프BBQ,신라면
2024-05-24,1,5,Spring,0,0,0,느티나무 셀프BBQ,신라면
2024-05-25,5,5,Spring,1,0,1,느티나무 셀프BBQ,신라면
2024-05-26,0,5,Spring,1,0,1,느티나무 셀프BBQ,신라면
2024-05-27,0,5,Spring,0,0,0,느티나무 셀프BBQ,신라면
2024-05-28,3,5,Spring,0,0,0,느티나무 셀프BBQ,신라면
2024-05-29,0,5,Spring,0,0,0,느티나무 셀프BBQ,신라면
2024-05-30,4,5,Spring,0,0,0,느티나무 셀프BBQ,신라면
2024-05-31,12,5,Spring,0,0,0,느티나무 셀프BBQ,신라면
2024-06-01,28,6,Summer,1,0,1,느티나무 셀프BBQ,신라면
2024-06-02,5,6,Summer,1,0,1,느티나무 셀프BBQ,신라면
2024-06-03,0,6,Summer,0,0,0,느티나무 셀프BBQ,신라면
2024-06-04,0,6,Summer,0,0,0,느티나무 셀프BBQ,신라면
2024-06-05,1,6,Summer,0,0,0,느티나무 셀프BBQ,신라면
2024-06-06,8,6,Summer,0,1,1,느티나무 셀프BBQ,신라면
2024-06-07,7,6,Summer,0,0,0,느티나무 셀프BBQ,신라면
2024-06-08,13,6,Summer,1,0,1,느티나무 셀프BBQ,신라면
2024-06-09,6,6,Summer,1,0,1,느티나무 셀프BBQ,신라면
2024-06-10,0,6,Summer,0,0,0,느티나무 셀프BBQ,신라면
2024-06-11,0,6,Summer,0,0,0,느티나무 셀프BBQ,신라면
2024-06-12,0,6,Summer,0,0,0,느티나무 셀프BBQ,신라면
2024-06-13,8,6,Summer,0,0,0,느티나무 셀프BBQ,신라면
2024-06-14,4,6,Summer,0,0,0,느티나무 셀프BBQ,신라면
2024-06-15,15,6,Summer,1,0,1,느티나무 셀프BBQ,신라면
2023-01-01,0,1,Winter,1,1,1,느티나무 셀프BBQ,쌈야채세트
2023-01-02,0,1,Winter,0,0,0,느티나무 셀프BBQ,쌈야채세트
2023-01-03,0,1,Winter,0,0,0,느티나무 셀프BBQ,쌈야채세트
2023-01-04,0,1,Winter,0,0,0,느티나무 셀프BBQ,쌈야채세트
2023-01-05,0,1,Winter,0,0,0,느티나무 셀프BBQ,쌈야채세트
2023-01-06,0,1,Winter,0,0,0,느티나무 셀프BBQ,쌈야채세트
2023-01-07,0,1,Winter,1,0,1,느티나무 셀프BBQ,쌈야채세트
2023-01-08,0,1,Winter,1,0,1,느티나무 셀프BBQ,쌈야채세트
2023-01-09,0,1,Winter,0,0,0,느티나무 셀프BBQ,쌈야채세트
2023-01-10,0,1,Winter,0,0,0,느티나무 셀프BBQ,쌈야채세트
2023-01-11,1,1,Winter,0,0,0,느티나무 셀프BBQ,쌈야채세트
2023-01-12,0,1,Winter,0,0,0,느티나무 셀프BBQ,쌈야채세트
2023-01-13,0,1,Winter,0,0,0,느티나무 셀프BBQ,쌈야채세트
2023-01-14,0,1,Winter,1,0,1,느티나무 셀프BBQ,쌈야채세트
2023-01-15,5,1,Winter,1,0,1,느티나무 셀프BBQ,쌈야채세트
2023-01-16,0,1,Winter,0,0,0,느티나무 셀프BBQ,쌈야채세트
2023-01-17,0,1,Winter,0,0,0,느티나무 셀프BBQ,쌈야채세트
2023-01-18,1,1,Winter,0,0,0,느티나무 셀프BBQ,쌈야채세트
2023-01-19,0,1,Winter,0,0,0,느티나무 셀프BBQ,쌈야채세트
2023-01-20,1,1,Winter,0,0,0,느티나무 셀프BBQ,쌈야채세트
2023-01-21,0,1,Winter,1,1,1,느티나무 셀프BBQ,쌈야채세트
2023-01-22,0,1,Winter,1,1,1,느티나무 셀프BBQ,쌈야채세트
2023-01-23,0,1,Winter,0,1,1,느티나무 셀프BBQ,쌈야채세트
2023-01-24,0,1,Winter,0,1,1,느티나무 셀프BBQ,쌈야채세트
2023-01-25,0,1,Winter,0,0,0,느티나무 셀프BBQ,쌈야채세트
2023-01-26,0,1,Winter,0,0,0,느티나무 셀프BBQ,쌈야채세트
2023-01-27,0,1,Winter,0,0,0,느티나무 셀프BBQ,쌈야채세트
2023-01-28,0,1,Winter,1,0,1,느티나무 셀프BBQ,쌈야채세트
2023-01-29,0,1,Winter,1,0,1,느티나무 셀프BBQ,쌈야채세트
2023-01-30,0,1,Winter,0,0,0,느티나무 셀프BBQ,쌈야채세트
2023-01-31,0,1,Winter,0,0,0,느티나무 셀프BBQ,쌈야채세트
2023-02-01,0,2,Winter,0,0,0,느티나무 셀프BBQ,쌈야채세트
2023-02-02,0,2,Winter,0,0,0,느티나무 셀프BBQ,쌈야채세트
2023-02-03,0,2,Winter,0,0,0,느티나무 셀프BBQ,쌈야채세트
2023-02-04,0,2,Winter,1,0,1,느티나무 셀프BBQ,쌈야채세트
2023-02-05,0,2,Winter,1,0,1,느티나무 셀프BBQ,쌈야채세트
2023-02-06,0,2,Winter,0,0,0,느티나무 셀프BBQ,쌈야채세트
2023-02-07,0,2,Winter,0,0,0,느티나무 셀프BBQ,쌈야채세트
2023-02-08,0,2,Winter,0,0,0,느티나무 셀프BBQ,쌈야채세트
2023-02-09,0,2,Winter,0,0,0,느티나무 셀프BBQ,쌈야채세트
2023-02-10,0,2,Winter,0,0,0,느티나무 셀프BBQ,쌈야채세트
2023-02-11,0,2,Winter,1,0,1,느티나무 셀프BBQ,쌈야채세트
2023-02-12,0,2,Winter,1,0,1,느티나무 셀프BBQ,쌈야채세트
2023-02-13,2,2,Winter,0,0,0,느티나무 셀프BBQ,쌈야채세트
2023-02-14,0,2,Winter,0,0,0,느티나무 셀프BBQ,쌈야채세트
2023-02-15,0,2,Winter,0,0,0,느티나무 셀프BBQ,쌈야채세트
2023-02-16,0,2,Winter,0,0,0,느티나무 셀프BBQ,쌈야채세트
2023-02-17,0,2,Winter,0,0,0,느티나무 셀프BBQ,쌈야채세트
2023-02-18,1,2,Winter,1,0,1,느티나무 셀프BBQ,쌈야채세트
2023-02-19,0,2,Winter,1,0,1,느티나무 셀프BBQ,쌈야채세트
2023-02-20,0,2,Winter,0,0,0,느티나무 셀프BBQ,쌈야채세트
2023-02-21,0,2,Winter,0,0,0,느티나무 셀프BBQ,쌈야채세트
2023-02-22,0,2,Winter,0,0,0,느티나무 셀프BBQ,쌈야채세트
2023-02-23,0,2,Winter,0,0,0,느티나무 셀프BBQ,쌈야채세트
2023-02-24,1,2,Winter,0,0,0,느티나무 셀프BBQ,쌈야채세트
2023-02-25,0,2,Winter,1,0,1,느티나무 셀프BBQ,쌈야채세트
2023-02-26,0,2,Winter,1,0,1,느티나무 셀프BBQ,쌈야채세트
2023-02-27,0,2,Winter,0,0,0,느티나무 셀프BBQ,쌈야채세트
2023-02-28,0,2,Winter,0,0,0,느티나무 셀프BBQ,쌈야채세트
2023-03-01,0,3,Spring,0,1,1,느티나무 셀프BBQ,쌈야채세트
2023-03-02,0,3,Spring,0,0,0,느티나무 셀프BBQ,쌈야채세트
2023-03-03,0,3,Spring,0,0,0,느티나무 셀프BBQ,쌈야채세트
2023-03-04,0,3,Spring,1,0,1,느티나무 셀프BBQ,쌈야채세트
2023-03-05,0,3,Spring,1,0,1,느티나무 셀프BBQ,쌈야채세트
2023-03-06,0,3,Spring,0,0,0,느티나무 셀프BBQ,쌈야채세트
2023-03-07,0,3,Spring,0,0,0,느티나무 셀프BBQ,쌈야채세트
2023-03-08,0,3,Spring,0,0,0,느티나무 셀프BBQ,쌈야채세트
2023-03-09,0,3,Spring,0,0,0,느티나무 셀프BBQ,쌈야채세트
2023-03-10,1,3,Spring,0,0,0,느티나무 셀프BBQ,쌈야채세트
2023-03-11,0,3,Spring,1,0,1,느티나무 셀프BBQ,쌈야채세트
2023-03-12,0,3,Spring,1,0,1,느티나무 셀프BBQ,쌈야채세트
2023-03-13,0,3,Spring,0,0,0,느티나무 셀프BBQ,쌈야채세트
2023-03-14,0,3,Spring,0,0,0,느티나무 셀프BBQ,쌈야채세트
2023-03-15,0,3,Spring,0,0,0,느티나무 셀프BBQ,쌈야채세트
2023-03-16,0,3,Spring,0,0,0,느티나무 셀프BBQ,쌈야채세트
2023-03-17,0,3,Spring,0,0,0,느티나무 셀프BBQ,쌈야채세트
2023-03-18,0,3,Spring,1,0,1,느티나무 셀프BBQ,쌈야채세트
2023-03-19,0,3,Spring,1,0,1,느티나무 셀프BBQ,쌈야채세트
2023-03-20,0,3,Spring,0,0,0,느티나무 셀프BBQ,쌈야채세트
2023-03-21,0,3,Spring,0,0,0,느티나무 셀프BBQ,쌈야채세트
2023-03-22,0,3,Spring,0,0,0,느티나무 셀프BBQ,쌈야채세트
2023-03-23,0,3,Spring,0,0,0,느티나무 셀프BBQ,쌈야채세트
2023-03-24,0,3,Spring,0,0,0,느티나무 셀프BBQ,쌈야채세트
2023-03-25,0,3,Spring,1,0,1,느티나무 셀프BBQ,쌈야채세트
2023-03-26,0,3,Spring,1,0,1,느티나무 셀프BBQ,쌈야채세트
2023-03-27,0,3,Spring,0,0,0,느티나무 셀프BBQ,쌈야채세트
2023-03-28,0,3,Spring,0,0,0,느티나무 셀프BBQ,쌈야채세트
2023-03-29,0,3,Spring,0,0,0,느티나무 셀프BBQ,쌈야채세트
2023-03-30,0,3,Spring,0,0,0,느티나무 셀프BBQ,쌈야채세트
2023-03-31,0,3,Spring,0,0,0,느티나무 셀프BBQ,쌈야채세트
2023-04-01,0,4,Spring,1,0,1,느티나무 셀프BBQ,쌈야채세트
2023-04-02,0,4,Spring,1,0,1,느티나무 셀프BBQ,쌈야채세트
2023-04-03,0,4,Spring,0,0,0,느티나무 셀프BBQ,쌈야채세트
2023-04-04,0,4,Spring,0,0,0,느티나무 셀프BBQ,쌈야채세트
2023-04-05,0,4,Spring,0,0,0,느티나무 셀프BBQ,쌈야채세트
2023-04-06,0,4,Spring,0,0,0,느티나무 셀프BBQ,쌈야채세트
2023-04-07,2,4,Spring,0,0,0,느티나무 셀프BBQ,쌈야채세트
2023-04-08,0,4,Spring,1,0,1,느티나무 셀프BBQ,쌈야채세트
2023-04-09,0,4,Spring,1,0,1,느티나무 셀프BBQ,쌈야채세트
2023-04-10,0,4,Spring,0,0,0,느티나무 셀프BBQ,쌈야채세트
2023-04-11,0,4,Spring,0,0,0,느티나무 셀프BBQ,쌈야채세트
2023-04-12,0,4,Spring,0,0,0,느티나무 셀프BBQ,쌈야채세트
2023-04-13,0,4,Spring,0,0,0,느티나무 셀프BBQ,쌈야채세트
2023-04-14,0,4,Spring,0,0,0,느티나무 셀프BBQ,쌈야채세트
2023-04-15,1,4,Spring,1,0,1,느티나무 셀프BBQ,쌈야채세트
2023-04-16,2,4,Spring,1,0,1,느티나무 셀프BBQ,쌈야채세트
2023-04-17,0,4,Spring,0,0,0,느티나무 셀프BBQ,쌈야채세트
2023-04-18,0,4,Spring,0,0,0,느티나무 셀프BBQ,쌈야채세트
2023-04-19,0,4,Spring,0,0,0,느티나무 셀프BBQ,쌈야채세트
2023-04-20,0,4,Spring,0,0,0,느티나무 셀프BBQ,쌈야채세트
2023-04-21,0,4,Spring,0,0,0,느티나무 셀프BBQ,쌈야채세트
2023-04-22,5,4,Spring,1,0,1,느티나무 셀프BBQ,쌈야채세트
2023-04-23,0,4,Spring,1,0,1,느티나무 셀프BBQ,쌈야채세트
2023-04-24,0,4,Spring,0,0,0,느티나무 셀프BBQ,쌈야채세트
2023-04-25,0,4,Spring,0,0,0,느티나무 셀프BBQ,쌈야채세트
2023-04-26,0,4,Spring,0,0,0,느티나무 셀프BBQ,쌈야채세트
2023-04-27,0,4,Spring,0,0,0,느티나무 셀프BBQ,쌈야채세트
2023-04-28,0,4,Spring,0,0,0,느티나무 셀프BBQ,쌈야채세트
2023-04-29,0,4,Spring,1,0,1,느티나무 셀프BBQ,쌈야채세트
2023-04-30,0,4,Spring,1,0,1,느티나무 셀프BBQ,쌈야채세트
2023-05-01,0,5,Spring,0,0,0,느티나무 셀프BBQ,쌈야채세트
2023-05-02,0,5,Spring,0,0,0,느티나무 셀프BBQ,쌈야채세트
2023-05-03,0,5,Spring,0,0,0,느티나무 셀프BBQ,쌈야채세트
2023-05-04,7,5,Spring,0,0,0,느티나무 셀프BBQ,쌈야채세트
2023-05-05,1,5,Spring,0,1,1,느티나무 셀프BBQ,쌈야채세트
2023-05-06,0,5,Spring,1,0,1,느티나무 셀프BBQ,쌈야채세트
2023-05-07,0,5,Spring,1,0,1,느티나무 셀프BBQ,쌈야채세트
2023-05-08,0,5,Spring,0,0,0,느티나무 셀프BBQ,쌈야채세트
2023-05-09,0,5,Spring,0,0,0,느티나무 셀프BBQ,쌈야채세트
2023-05-10,0,5,Spring,0,0,0,느티나무 셀프BBQ,쌈야채세트
2023-05-11,0,5,Spring,0,0,0,느티나무 셀프BBQ,쌈야채세트
2023-05-12,0,5,Spring,0,0,0,느티나무 셀프BBQ,쌈야채세트
2023-05-13,2,5,Spring,1,0,1,느티나무 셀프BBQ,쌈야채세트
2023-05-14,0,5,Spring,1,0,1,느티나무 셀프BBQ,쌈야채세트
2023-05-15,0,5,Spring,0,0,0,느티나무 셀프BBQ,쌈야채세트
2023-05-16,0,5,Spring,0,0,0,느티나무 셀프BBQ,쌈야채세트
2023-05-17,0,5,Spring,0,0,0,느티나무 셀프BBQ,쌈야채세트
2023-05-18,0,5,Spring,0,0,0,느티나무 셀프BBQ,쌈야채세트
2023-05-19,2,5,Spring,0,0,0,느티나무 셀프BBQ,쌈야채세트
2023-05-20,1,5,Spring,1,0,1,느티나무 셀프BBQ,쌈야채세트
2023-05-21,0,5,Spring,1,0,1,느티나무 셀프BBQ,쌈야채세트
2023-05-22,0,5,Spring,0,0,0,느티나무 셀프BBQ,쌈야채세트
2023-05-23,0,5,Spring,0,0,0,느티나무 셀프BBQ,쌈야채세트
2023-05-24,0,5,Spring,0,0,0,느티나무 셀프BBQ,쌈야채세트
2023-05-25,0,5,Spring,0,0,0,느티나무 셀프BBQ,쌈야채세트
2023-05-26,0,5,Spring,0,0,0,느티나무 셀프BBQ,쌈야채세트
2023-05-27,0,5,Spring,1,1,1,느티나무 셀프BBQ,쌈야채세트
2023-05-28,0,5,Spring,1,0,1,느티나무 셀프BBQ,쌈야채세트
2023-05-29,1,5,Spring,0,1,1,느티나무 셀프BBQ,쌈야채세트
2023-05-30,0,5,Spring,0,0,0,느티나무 셀프BBQ,쌈야채세트
2023-05-31,0,5,Spring,0,0,0,느티나무 셀프BBQ,쌈야채세트
2023-06-01,1,6,Summer,0,0,0,느티나무 셀프BBQ,쌈야채세트
2023-06-02,4,6,Summer,0,0,0,느티나무 셀프BBQ,쌈야채세트
2023-06-03,2,6,Summer,1,0,1,느티나무 셀프BBQ,쌈야채세트
2023-06-04,3,6,Summer,1,0,1,느티나무 셀프BBQ,쌈야채세트
2023-06-05,1,6,Summer,0,0,0,느티나무 셀프BBQ,쌈야채세트
2023-06-06,2,6,Summer,0,1,1,느티나무 셀프BBQ,쌈야채세트
2023-06-07,1,6,Summer,0,0,0,느티나무 셀프BBQ,쌈야채세트
2023-06-08,0,6,Summer,0,0,0,느티나무 셀프BBQ,쌈야채세트
2023-06-09,0,6,Summer,0,0,0,느티나무 셀프BBQ,쌈야채세트
2023-06-10,0,6,Summer,1,0,1,느티나무 셀프BBQ,쌈야채세트
2023-06-11,1,6,Summer,1,0,1,느티나무 셀프BBQ,쌈야채세트
2023-06-12,0,6,Summer,0,0,0,느티나무 셀프BBQ,쌈야채세트
2023-06-13,0,6,Summer,0,0,0,느티나무 셀프BBQ,쌈야채세트
2023-06-14,0,6,Summer,0,0,0,느티나무 셀프BBQ,쌈야채세트
2023-06-15,0,6,Summer,0,0,0,느티나무 셀프BBQ,쌈야채세트
2023-06-16,3,6,Summer,0,0,0,느티나무 셀프BBQ,쌈야채세트
2023-06-17,1,6,Summer,1,0,1,느티나무 셀프BBQ,쌈야채세트
2023-06-18,4,6,Summer,1,0,1,느티나무 셀프BBQ,쌈야채세트
2023-06-19,0,6,Summer,0,0,0,느티나무 셀프BBQ,쌈야채세트
2023-06-20,0,6,Summer,0,0,0,느티나무 셀프BBQ,쌈야채세트
2023-06-21,0,6,Summer,0,0,0,느티나무 셀프BBQ,쌈야채세트
2023-06-22,9,6,Summer,0,0,0,느티나무 셀프BBQ,쌈야채세트
2023-06-23,4,6,Summer,0,0,0,느티나무 셀프BBQ,쌈야채세트
2023-06-24,6,6,Summer,1,0,1,느티나무 셀프BBQ,쌈야채세트
2023-06-25,1,6,Summer,1,0,1,느티나무 셀프BBQ,쌈야채세트
2023-06-26,0,6,Summer,0,0,0,느티나무 셀프BBQ,쌈야채세트
2023-06-27,0,6,Summer,0,0,0,느티나무 셀프BBQ,쌈야채세트
2023-06-28,2,6,Summer,0,0,0,느티나무 셀프BBQ,쌈야채세트
2023-06-29,0,6,Summer,0,0,0,느티나무 셀프BBQ,쌈야채세트
2023-06-30,0,6,Summer,0,0,0,느티나무 셀프BBQ,쌈야채세트
2023-07-01,1,7,Summer,1,0,1,느티나무 셀프BBQ,쌈야채세트
2023-07-02,0,7,Summer,1,0,1,느티나무 셀프BBQ,쌈야채세트
2023-07-03,0,7,Summer,0,0,0,느티나무 셀프BBQ,쌈야채세트
2023-07-04,0,7,Summer,0,0,0,느티나무 셀프BBQ,쌈야채세트
2023-07-05,4,7,Summer,0,0,0,느티나무 셀프BBQ,쌈야채세트
2023-07-06,0,7,Summer,0,0,0,느티나무 셀프BBQ,쌈야채세트
2023-07-07,0,7,Summer,0,0,0,느티나무 셀프BBQ,쌈야채세트
2023-07-08,6,7,Summer,1,0,1,느티나무 셀프BBQ,쌈야채세트
2023-07-09,0,7,Summer,1,0,1,느티나무 셀프BBQ,쌈야채세트
2023-07-10,0,7,Summer,0,0,0,느티나무 셀프BBQ,쌈야채세트
2023-07-11,0,7,Summer,0,0,0,느티나무 셀프BBQ,쌈야채세트
2023-07-12,0,7,Summer,0,0,0,느티나무 셀프BBQ,쌈야채세트
2023-07-13,0,7,Summer,0,0,0,느티나무 셀프BBQ,쌈야채세트
2023-07-14,1,7,Summer,0,0,0,느티나무 셀프BBQ,쌈야채세트
2023-07-15,0,7,Summer,1,0,1,느티나무 셀프BBQ,쌈야채세트
2023-07-16,0,7,Summer,1,0,1,느티나무 셀프BBQ,쌈야채세트
2023-07-17,0,7,Summer,0,0,0,느티나무 셀프BBQ,쌈야채세트
2023-07-18,1,7,Summer,0,0,0,느티나무 셀프BBQ,쌈야채세트
2023-07-19,0,7,Summer,0,0,0,느티나무 셀프BBQ,쌈야채세트
2023-07-20,0,7,Summer,0,0,0,느티나무 셀프BBQ,쌈야채세트
2023-07-21,4,7,Summer,0,0,0,느티나무 셀프BBQ,쌈야채세트
2023-07-22,2,7,Summer,1,0,1,느티나무 셀프BBQ,쌈야채세트
2023-07-23,2,7,Summer,1,0,1,느티나무 셀프BBQ,쌈야채세트
2023-07-24,0,7,Summer,0,0,0,느티나무 셀프BBQ,쌈야채세트
2023-07-25,0,7,Summer,0,0,0,느티나무 셀프BBQ,쌈야채세트
2023-07-26,1,7,Summer,0,0,0,느티나무 셀프BBQ,쌈야채세트
2023-07-27,0,7,Summer,0,0,0,느티나무 셀프BBQ,쌈야채세트
2023-07-28,0,7,Summer,0,0,0,느티나무 셀프BBQ,쌈야채세트
2023-07-29,6,7,Summer,1,0,1,느티나무 셀프BBQ,쌈야채세트
2023-07-30,3,7,Summer,1,0,1,느티나무 셀프BBQ,쌈야채세트
2023-07-31,0,7,Summer,0,0,0,느티나무 셀프BBQ,쌈야채세트
2023-08-01,1,8,Summer,0,0,0,느티나무 셀프BBQ,쌈야채세트
2023-08-02,1,8,Summer,0,0,0,느티나무 셀프BBQ,쌈야채세트
2023-08-03,4,8,Summer,0,0,0,느티나무 셀프BBQ,쌈야채세트
2023-08-04,6,8,Summer,0,0,0,느티나무 셀프BBQ,쌈야채세트
2023-08-05,3,8,Summer,1,0,1,느티나무 셀프BBQ,쌈야채세트
2023-08-06,1,8,Summer,1,0,1,느티나무 셀프BBQ,쌈야채세트
2023-08-07,0,8,Summer,0,0,0,느티나무 셀프BBQ,쌈야채세트
2023-08-08,2,8,Summer,0,0,0,느티나무 셀프BBQ,쌈야채세트
2023-08-09,0,8,Summer,0,0,0,느티나무 셀프BBQ,쌈야채세트
2023-08-10,0,8,Summer,0,0,0,느티나무 셀프BBQ,쌈야채세트
2023-08-11,0,8,Summer,0,0,0,느티나무 셀프BBQ,쌈야채세트
2023-08-12,3,8,Summer,1,0,1,느티나무 셀프BBQ,쌈야채세트
2023-08-13,8,8,Summer,1,0,1,느티나무 셀프BBQ,쌈야채세트
2023-08-14,5,8,Summer,0,0,0,느티나무 셀프BBQ,쌈야채세트
2023-08-15,2,8,Summer,0,1,1,느티나무 셀프BBQ,쌈야채세트
2023-08-16,6,8,Summer,0,0,0,느티나무 셀프BBQ,쌈야채세트
2023-08-17,1,8,Summer,0,0,0,느티나무 셀프BBQ,쌈야채세트
2023-08-18,2,8,Summer,0,0,0,느티나무 셀프BBQ,쌈야채세트
2023-08-19,9,8,Summer,1,0,1,느티나무 셀프BBQ,쌈야채세트
2023-08-20,1,8,Summer,1,0,1,느티나무 셀프BBQ,쌈야채세트
2023-08-21,0,8,Summer,0,0,0,느티나무 셀프BBQ,쌈야채세트
2023-08-22,2,8,Summer,0,0,0,느티나무 셀프BBQ,쌈야채세트
2023-08-23,0,8,Summer,0,0,0,느티나무 셀프BBQ,쌈야채세트
2023-08-24,0,8,Summer,0,0,0,느티나무 셀프BBQ,쌈야채세트
2023-08-25,6,8,Summer,0,0,0,느티나무 셀프BBQ,쌈야채세트
2023-08-26,6,8,Summer,1,0,1,느티나무 셀프BBQ,쌈야채세트
2023-08-27,9,8,Summer,1,0,1,느티나무 셀프BBQ,쌈야채세트
2023-08-28,0,8,Summer,0,0,0,느티나무 셀프BBQ,쌈야채세트
2023-08-29,1,8,Summer,0,0,0,느티나무 셀프BBQ,쌈야채세트
2023-08-30,0,8,Summer,0,0,0,느티나무 셀프BBQ,쌈야채세트
2023-08-31,3,8,Summer,0,0,0,느티나무 셀프BBQ,쌈야채세트
2023-09-01,2,9,Autumn,0,0,0,느티나무 셀프BBQ,쌈야채세트
2023-09-02,10,9,Autumn,1,0,1,느티나무 셀프BBQ,쌈야채세트
2023-09-03,0,9,Autumn,1,0,1,느티나무 셀프BBQ,쌈야채세트
2023-09-04,0,9,Autumn,0,0,0,느티나무 셀프BBQ,쌈야채세트
2023-09-05,1,9,Autumn,0,0,0,느티나무 셀프BBQ,쌈야채세트
2023-09-06,0,9,Autumn,0,0,0,느티나무 셀프BBQ,쌈야채세트
2023-09-07,2,9,Autumn,0,0,0,느티나무 셀프BBQ,쌈야채세트
2023-09-08,8,9,Autumn,0,0,0,느티나무 셀프BBQ,쌈야채세트
2023-09-09,1,9,Autumn,1,0,1,느티나무 셀프BBQ,쌈야채세트
2023-09-10,3,9,Autumn,1,0,1,느티나무 셀프BBQ,쌈야채세트
2023-09-11,0,9,Autumn,0,0,0,느티나무 셀프BBQ,쌈야채세트
2023-09-12,0,9,Autumn,0,0,0,느티나무 셀프BBQ,쌈야채세트
2023-09-13,1,9,Autumn,0,0,0,느티나무 셀프BBQ,쌈야채세트
2023-09-14,2,9,Autumn,0,0,0,느티나무 셀프BBQ,쌈야채세트
2023-09-15,2,9,Autumn,0,0,0,느티나무 셀프BBQ,쌈야채세트
2023-09-16,6,9,Autumn,1,0,1,느티나무 셀프BBQ,쌈야채세트
2023-09-17,5,9,Autumn,1,0,1,느티나무 셀프BBQ,쌈야채세트
2023-09-18,0,9,Autumn,0,0,0,느티나무 셀프BBQ,쌈야채세트
2023-09-19,0,9,Autumn,0,0,0,느티나무 셀프BBQ,쌈야채세트
2023-09-20,1,9,Autumn,0,0,0,느티나무 셀프BBQ,쌈야채세트
2023-09-21,1,9,Autumn,0,0,0,느티나무 셀프BBQ,쌈야채세트
2023-09-22,3,9,Autumn,0,0,0,느티나무 셀프BBQ,쌈야채세트
2023-09-23,11,9,Autumn,1,0,1,느티나무 셀프BBQ,쌈야채세트
2023-09-24,4,9,Autumn,1,0,1,느티나무 셀프BBQ,쌈야채세트
2023-09-25,0,9,Autumn,0,0,0,느티나무 셀프BBQ,쌈야채세트
2023-09-26,1,9,Autumn,0,0,0,느티나무 셀프BBQ,쌈야채세트
2023-09-27,6,9,Autumn,0,0,0,느티나무 셀프BBQ,쌈야채세트
2023-09-28,10,9,Autumn,0,1,1,느티나무 셀프BBQ,쌈야채세트
2023-09-29,9,9,Autumn,0,1,1,느티나무 셀프BBQ,쌈야채세트
2023-09-30,5,9,Autumn,1,1,1,느티나무 셀프BBQ,쌈야채세트
2023-10-01,9,10,Autumn,1,0,1,느티나무 셀프BBQ,쌈야채세트
2023-10-02,12,10,Autumn,0,1,1,느티나무 셀프BBQ,쌈야채세트
2023-10-03,2,10,Autumn,0,1,1,느티나무 셀프BBQ,쌈야채세트
2023-10-04,2,10,Autumn,0,0,0,느티나무 셀프BBQ,쌈야채세트
2023-10-05,1,10,Autumn,0,0,0,느티나무 셀프BBQ,쌈야채세트
2023-10-06,3,10,Autumn,0,0,0,느티나무 셀프BBQ,쌈야채세트
2023-10-07,5,10,Autumn,1,0,1,느티나무 셀프BBQ,쌈야채세트
2023-10-08,4,10,Autumn,1,0,1,느티나무 셀프BBQ,쌈야채세트
2023-10-09,1,10,Autumn,0,1,1,느티나무 셀프BBQ,쌈야채세트
2023-10-10,3,10,Autumn,0,0,0,느티나무 셀프BBQ,쌈야채세트
2023-10-11,5,10,Autumn,0,0,0,느티나무 셀프BBQ,쌈야채세트
2023-10-12,3,10,Autumn,0,0,0,느티나무 셀프BBQ,쌈야채세트
2023-10-13,0,10,Autumn,0,0,0,느티나무 셀프BBQ,쌈야채세트
2023-10-14,9,10,Autumn,1,0,1,느티나무 셀프BBQ,쌈야채세트
2023-10-15,3,10,Autumn,1,0,1,느티나무 셀프BBQ,쌈야채세트
2023-10-16,0,10,Autumn,0,0,0,느티나무 셀프BBQ,쌈야채세트
2023-10-17,0,10,Autumn,0,0,0,느티나무 셀프BBQ,쌈야채세트
2023-10-18,3,10,Autumn,0,0,0,느티나무 셀프BBQ,쌈야채세트
2023-10-19,13,10,Autumn,0,0,0,느티나무 셀프BBQ,쌈야채세트
2023-10-20,3,10,Autumn,0,0,0,느티나무 셀프BBQ,쌈야채세트
2023-10-21,9,10,Autumn,1,0,1,느티나무 셀프BBQ,쌈야채세트
2023-10-22,4,10,Autumn,1,0,1,느티나무 셀프BBQ,쌈야채세트
2023-10-23,0,10,Autumn,0,0,0,느티나무 셀프BBQ,쌈야채세트
2023-10-24,0,10,Autumn,0,0,0,느티나무 셀프BBQ,쌈야채세트
2023-10-25,10,10,Autumn,0,0,0,느티나무 셀프BBQ,쌈야채세트
2023-10-26,3,10,Autumn,0,0,0,느티나무 셀프BBQ,쌈야채세트
2023-10-27,9,10,Autumn,0,0,0,느티나무 셀프BBQ,쌈야채세트
2023-10-28,14,10,Autumn,1,0,1,느티나무 셀프BBQ,쌈야채세트
2023-10-29,11,10,Autumn,1,0,1,느티나무 셀프BBQ,쌈야채세트
2023-10-30,0,10,Autumn,0,0,0,느티나무 셀프BBQ,쌈야채세트
2023-10-31,1,10,Autumn,0,0,0,느티나무 셀프BBQ,쌈야채세트
2023-11-01,0,11,Autumn,0,0,0,느티나무 셀프BBQ,쌈야채세트
2023-11-02,0,11,Autumn,0,0,0,느티나무 셀프BBQ,쌈야채세트
2023-11-03,2,11,Autumn,0,0,0,느티나무 셀프BBQ,쌈야채세트
2023-11-04,8,11,Autumn,1,0,1,느티나무 셀프BBQ,쌈야채세트
2023-11-05,4,11,Autumn,1,0,1,느티나무 셀프BBQ,쌈야채세트
2023-11-06,0,11,Autumn,0,0,0,느티나무 셀프BBQ,쌈야채세트
2023-11-07,2,11,Autumn,0,0,0,느티나무 셀프BBQ,쌈야채세트
2023-11-08,4,11,Autumn,0,0,0,느티나무 셀프BBQ,쌈야채세트
2023-11-09,0,11,Autumn,0,0,0,느티나무 셀프BBQ,쌈야채세트
2023-11-10,0,11,Autumn,0,0,0,느티나무 셀프BBQ,쌈야채세트
2023-11-11,4,11,Autumn,1,0,1,느티나무 셀프BBQ,쌈야채세트
2023-11-12,4,11,Autumn,1,0,1,느티나무 셀프BBQ,쌈야채세트
2023-11-13,0,11,Autumn,0,0,0,느티나무 셀프BBQ,쌈야채세트
2023-11-14,0,11,Autumn,0,0,0,느티나무 셀프BBQ,쌈야채세트
2023-11-15,0,11,Autumn,0,0,0,느티나무 셀프BBQ,쌈야채세트
2023-11-16,0,11,Autumn,0,0,0,느티나무 셀프BBQ,쌈야채세트
2023-11-17,0,11,Autumn,0,0,0,느티나무 셀프BBQ,쌈야채세트
2023-11-18,3,11,Autumn,1,0,1,느티나무 셀프BBQ,쌈야채세트
2023-11-19,0,11,Autumn,1,0,1,느티나무 셀프BBQ,쌈야채세트
2023-11-20,0,11,Autumn,0,0,0,느티나무 셀프BBQ,쌈야채세트
2023-11-21,0,11,Autumn,0,0,0,느티나무 셀프BBQ,쌈야채세트
2023-11-22,0,11,Autumn,0,0,0,느티나무 셀프BBQ,쌈야채세트
2023-11-23,2,11,Autumn,0,0,0,느티나무 셀프BBQ,쌈야채세트
2023-11-24,0,11,Autumn,0,0,0,느티나무 셀프BBQ,쌈야채세트
2023-11-25,5,11,Autumn,1,0,1,느티나무 셀프BBQ,쌈야채세트
2023-11-26,5,11,Autumn,1,0,1,느티나무 셀프BBQ,쌈야채세트
2023-11-27,0,11,Autumn,0,0,0,느티나무 셀프BBQ,쌈야채세트
2023-11-28,0,11,Autumn,0,0,0,느티나무 셀프BBQ,쌈야채세트
2023-11-29,0,11,Autumn,0,0,0,느티나무 셀프BBQ,쌈야채세트
2023-11-30,0,11,Autumn,0,0,0,느티나무 셀프BBQ,쌈야채세트
2023-12-01,0,12,Winter,0,0,0,느티나무 셀프BBQ,쌈야채세트
2023-12-02,0,12,Winter,1,0,1,느티나무 셀프BBQ,쌈야채세트
2023-12-03,0,12,Winter,1,0,1,느티나무 셀프BBQ,쌈야채세트
2023-12-04,0,12,Winter,0,0,0,느티나무 셀프BBQ,쌈야채세트
2023-12-05,0,12,Winter,0,0,0,느티나무 셀프BBQ,쌈야채세트
2023-12-06,0,12,Winter,0,0,0,느티나무 셀프BBQ,쌈야채세트
2023-12-07,0,12,Winter,0,0,0,느티나무 셀프BBQ,쌈야채세트
2023-12-08,1,12,Winter,0,0,0,느티나무 셀프BBQ,쌈야채세트
2023-12-09,1,12,Winter,1,0,1,느티나무 셀프BBQ,쌈야채세트
2023-12-10,1,12,Winter,1,0,1,느티나무 셀프BBQ,쌈야채세트
2023-12-11,3,12,Winter,0,0,0,느티나무 셀프BBQ,쌈야채세트
2023-12-12,10,12,Winter,0,0,0,느티나무 셀프BBQ,쌈야채세트
2023-12-13,5,12,Winter,0,0,0,느티나무 셀프BBQ,쌈야채세트
2023-12-14,4,12,Winter,0,0,0,느티나무 셀프BBQ,쌈야채세트
2023-12-15,14,12,Winter,0,0,0,느티나무 셀프BBQ,쌈야채세트
2023-12-16,0,12,Winter,1,0,1,느티나무 셀프BBQ,쌈야채세트
2023-12-17,1,12,Winter,1,0,1,느티나무 셀프BBQ,쌈야채세트
2023-12-18,2,12,Winter,0,0,0,느티나무 셀프BBQ,쌈야채세트
2023-12-19,0,12,Winter,0,0,0,느티나무 셀프BBQ,쌈야채세트
2023-12-20,0,12,Winter,0,0,0,느티나무 셀프BBQ,쌈야채세트
2023-12-21,0,12,Winter,0,0,0,느티나무 셀프BBQ,쌈야채세트
2023-12-22,1,12,Winter,0,0,0,느티나무 셀프BBQ,쌈야채세트
2023-12-23,3,12,Winter,1,0,1,느티나무 셀프BBQ,쌈야채세트
2023-12-24,3,12,Winter,1,0,1,느티나무 셀프BBQ,쌈야채세트
2023-12-25,3,12,Winter,0,1,1,느티나무 셀프BBQ,쌈야채세트
2023-12-26,0,12,Winter,0,0,0,느티나무 셀프BBQ,쌈야채세트
2023-12-27,2,12,Winter,0,0,0,느티나무 셀프BBQ,쌈야채세트
2023-12-28,4,12,Winter,0,0,0,느티나무 셀프BBQ,쌈야채세트
2023-12-29,4,12,Winter,0,0,0,느티나무 셀프BBQ,쌈야채세트
2023-12-30,1,12,Winter,1,0,1,느티나무 셀프BBQ,쌈야채세트
2023-12-31,1,12,Winter,1,0,1,느티나무 셀프BBQ,쌈야채세트
2024-01-01,0,1,Winter,0,1,1,느티나무 셀프BBQ,쌈야채세트
2024-01-02,1,1,Winter,0,0,0,느티나무 셀프BBQ,쌈야채세트
2024-01-03,0,1,Winter,0,0,0,느티나무 셀프BBQ,쌈야채세트
2024-01-04,0,1,Winter,0,0,0,느티나무 셀프BBQ,쌈야채세트
2024-01-05,1,1,Winter,0,0,0,느티나무 셀프BBQ,쌈야채세트
2024-01-06,1,1,Winter,1,0,1,느티나무 셀프BBQ,쌈야채세트
2024-01-07,3,1,Winter,1,0,1,느티나무 셀프BBQ,쌈야채세트
2024-01-08,0,1,Winter,0,0,0,느티나무 셀프BBQ,쌈야채세트
2024-01-09,2,1,Winter,0,0,0,느티나무 셀프BBQ,쌈야채세트
2024-01-10,0,1,Winter,0,0,0,느티나무 셀프BBQ,쌈야채세트
2024-01-11,6,1,Winter,0,0,0,느티나무 셀프BBQ,쌈야채세트
2024-01-12,0,1,Winter,0,0,0,느티나무 셀프BBQ,쌈야채세트
2024-01-13,2,1,Winter,1,0,1,느티나무 셀프BBQ,쌈야채세트
2024-01-14,5,1,Winter,1,0,1,느티나무 셀프BBQ,쌈야채세트
2024-01-15,0,1,Winter,0,0,0,느티나무 셀프BBQ,쌈야채세트
2024-01-16,1,1,Winter,0,0,0,느티나무 셀프BBQ,쌈야채세트
2024-01-17,3,1,Winter,0,0,0,느티나무 셀프BBQ,쌈야채세트
2024-01-18,1,1,Winter,0,0,0,느티나무 셀프BBQ,쌈야채세트
2024-01-19,0,1,Winter,0,0,0,느티나무 셀프BBQ,쌈야채세트
2024-01-20,1,1,Winter,1,0,1,느티나무 셀프BBQ,쌈야채세트
2024-01-21,4,1,Winter,1,0,1,느티나무 셀프BBQ,쌈야채세트
2024-01-22,0,1,Winter,0,0,0,느티나무 셀프BBQ,쌈야채세트
2024-01-23,1,1,Winter,0,0,0,느티나무 셀프BBQ,쌈야채세트
2024-01-24,2,1,Winter,0,0,0,느티나무 셀프BBQ,쌈야채세트
2024-01-25,0,1,Winter,0,0,0,느티나무 셀프BBQ,쌈야채세트
2024-01-26,7,1,Winter,0,0,0,느티나무 셀프BBQ,쌈야채세트
2024-01-27,2,1,Winter,1,0,1,느티나무 셀프BBQ,쌈야채세트
2024-01-28,2,1,Winter,1,0,1,느티나무 셀프BBQ,쌈야채세트
2024-01-29,0,1,Winter,0,0,0,느티나무 셀프BBQ,쌈야채세트
2024-01-30,0,1,Winter,0,0,0,느티나무 셀프BBQ,쌈야채세트
2024-01-31,0,1,Winter,0,0,0,느티나무 셀프BBQ,쌈야채세트
2024-02-01,0,2,Winter,0,0,0,느티나무 셀프BBQ,쌈야채세트
2024-02-02,2,2,Winter,0,0,0,느티나무 셀프BBQ,쌈야채세트
2024-02-03,0,2,Winter,1,0,1,느티나무 셀프BBQ,쌈야채세트
2024-02-04,5,2,Winter,1,0,1,느티나무 셀프BBQ,쌈야채세트
2024-02-05,3,2,Winter,0,0,0,느티나무 셀프BBQ,쌈야채세트
2024-02-06,2,2,Winter,0,0,0,느티나무 셀프BBQ,쌈야채세트
2024-02-07,2,2,Winter,0,0,0,느티나무 셀프BBQ,쌈야채세트
2024-02-08,0,2,Winter,0,0,0,느티나무 셀프BBQ,쌈야채세트
2024-02-09,1,2,Winter,0,1,1,느티나무 셀프BBQ,쌈야채세트
2024-02-10,0,2,Winter,1,1,1,느티나무 셀프BBQ,쌈야채세트
2024-02-11,0,2,Winter,1,1,1,느티나무 셀프BBQ,쌈야채세트
2024-02-12,1,2,Winter,0,1,1,느티나무 셀프BBQ,쌈야채세트
2024-02-13,1,2,Winter,0,0,0,느티나무 셀프BBQ,쌈야채세트
2024-02-14,2,2,Winter,0,0,0,느티나무 셀프BBQ,쌈야채세트
2024-02-15,5,2,Winter,0,0,0,느티나무 셀프BBQ,쌈야채세트
2024-02-16,4,2,Winter,0,0,0,느티나무 셀프BBQ,쌈야채세트
2024-02-17,0,2,Winter,1,0,1,느티나무 셀프BBQ,쌈야채세트
2024-02-18,0,2,Winter,1,0,1,느티나무 셀프BBQ,쌈야채세트
2024-02-19,0,2,Winter,0,0,0,느티나무 셀프BBQ,쌈야채세트
2024-02-20,1,2,Winter,0,0,0,느티나무 셀프BBQ,쌈야채세트
2024-02-21,2,2,Winter,0,0,0,느티나무 셀프BBQ,쌈야채세트
2024-02-22,0,2,Winter,0,0,0,느티나무 셀프BBQ,쌈야채세트
2024-02-23,0,2,Winter,0,0,0,느티나무 셀프BBQ,쌈야채세트
2024-02-24,0,2,Winter,1,0,1,느티나무 셀프BBQ,쌈야채세트
2024-02-25,0,2,Winter,1,0,1,느티나무 셀프BBQ,쌈야채세트
2024-02-26,1,2,Winter,0,0,0,느티나무 셀프BBQ,쌈야채세트
2024-02-27,1,2,Winter,0,0,0,느티나무 셀프BBQ,쌈야채세트
2024-02-28,2,2,Winter,0,0,0,느티나무 셀프BBQ,쌈야채세트
2024-02-29,0,2,Winter,0,0,0,느티나무 셀프BBQ,쌈야채세트
2024-03-01,1,3,Spring,0,1,1,느티나무 셀프BBQ,쌈야채세트
2024-03-02,0,3,Spring,1,0,1,느티나무 셀프BBQ,쌈야채세트
2024-03-03,0,3,Spring,1,0,1,느티나무 셀프BBQ,쌈야채세트
2024-03-04,0,3,Spring,0,0,0,느티나무 셀프BBQ,쌈야채세트
2024-03-05,0,3,Spring,0,0,0,느티나무 셀프BBQ,쌈야채세트
2024-03-06,0,3,Spring,0,0,0,느티나무 셀프BBQ,쌈야채세트
2024-03-07,0,3,Spring,0,0,0,느티나무 셀프BBQ,쌈야채세트
2024-03-08,0,3,Spring,0,0,0,느티나무 셀프BBQ,쌈야채세트
2024-03-09,0,3,Spring,1,0,1,느티나무 셀프BBQ,쌈야채세트
2024-03-10,0,3,Spring,1,0,1,느티나무 셀프BBQ,쌈야채세트
2024-03-11,0,3,Spring,0,0,0,느티나무 셀프BBQ,쌈야채세트
2024-03-12,0,3,Spring,0,0,0,느티나무 셀프BBQ,쌈야채세트
2024-03-13,0,3,Spring,0,0,0,느티나무 셀프BBQ,쌈야채세트
2024-03-14,2,3,Spring,0,0,0,느티나무 셀프BBQ,쌈야채세트
2024-03-15,1,3,Spring,0,0,0,느티나무 셀프BBQ,쌈야채세트
2024-03-16,2,3,Spring,1,0,1,느티나무 셀프BBQ,쌈야채세트
2024-03-17,2,3,Spring,1,0,1,느티나무 셀프BBQ,쌈야채세트
2024-03-18,0,3,Spring,0,0,0,느티나무 셀프BBQ,쌈야채세트
2024-03-19,2,3,Spring,0,0,0,느티나무 셀프BBQ,쌈야채세트
2024-03-20,0,3,Spring,0,0,0,느티나무 셀프BBQ,쌈야채세트
2024-03-21,0,3,Spring,0,0,0,느티나무 셀프BBQ,쌈야채세트
2024-03-22,1,3,Spring,0,0,0,느티나무 셀프BBQ,쌈야채세트
2024-03-23,1,3,Spring,1,0,1,느티나무 셀프BBQ,쌈야채세트
2024-03-24,0,3,Spring,1,0,1,느티나무 셀프BBQ,쌈야채세트
2024-03-25,0,3,Spring,0,0,0,느티나무 셀프BBQ,쌈야채세트
2024-03-26,0,3,Spring,0,0,0,느티나무 셀프BBQ,쌈야채세트
2024-03-27,5,3,Spring,0,0,0,느티나무 셀프BBQ,쌈야채세트
2024-03-28,0,3,Spring,0,0,0,느티나무 셀프BBQ,쌈야채세트
2024-03-29,10,3,Spring,0,0,0,느티나무 셀프BBQ,쌈야채세트
2024-03-30,6,3,Spring,1,0,1,느티나무 셀프BBQ,쌈야채세트
2024-03-31,1,3,Spring,1,0,1,느티나무 셀프BBQ,쌈야채세트
2024-04-01,0,4,Spring,0,0,0,느티나무 셀프BBQ,쌈야채세트
2024-04-02,0,4,Spring,0,0,0,느티나무 셀프BBQ,쌈야채세트
2024-04-03,1,4,Spring,0,0,0,느티나무 셀프BBQ,쌈야채세트
2024-04-04,0,4,Spring,0,0,0,느티나무 셀프BBQ,쌈야채세트
2024-04-05,1,4,Spring,0,0,0,느티나무 셀프BBQ,쌈야채세트
2024-04-06,8,4,Spring,1,0,1,느티나무 셀프BBQ,쌈야채세트
2024-04-07,8,4,Spring,1,0,1,느티나무 셀프BBQ,쌈야채세트
2024-04-08,0,4,Spring,0,0,0,느티나무 셀프BBQ,쌈야채세트
2024-04-09,6,4,Spring,0,0,0,느티나무 셀프BBQ,쌈야채세트
2024-04-10,9,4,Spring,0,1,1,느티나무 셀프BBQ,쌈야채세트
2024-04-11,4,4,Spring,0,0,0,느티나무 셀프BBQ,쌈야채세트
2024-04-12,1,4,Spring,0,0,0,느티나무 셀프BBQ,쌈야채세트
2024-04-13,1,4,Spring,1,0,1,느티나무 셀프BBQ,쌈야채세트
2024-04-14,0,4,Spring,1,0,1,느티나무 셀프BBQ,쌈야채세트
2024-04-15,0,4,Spring,0,0,0,느티나무 셀프BBQ,쌈야채세트
2024-04-16,1,4,Spring,0,0,0,느티나무 셀프BBQ,쌈야채세트
2024-04-17,2,4,Spring,0,0,0,느티나무 셀프BBQ,쌈야채세트
2024-04-18,0,4,Spring,0,0,0,느티나무 셀프BBQ,쌈야채세트
2024-04-19,5,4,Spring,0,0,0,느티나무 셀프BBQ,쌈야채세트
2024-04-20,10,4,Spring,1,0,1,느티나무 셀프BBQ,쌈야채세트
2024-04-21,6,4,Spring,1,0,1,느티나무 셀프BBQ,쌈야채세트
2024-04-22,0,4,Spring,0,0,0,느티나무 셀프BBQ,쌈야채세트
2024-04-23,1,4,Spring,0,0,0,느티나무 셀프BBQ,쌈야채세트
2024-04-24,4,4,Spring,0,0,0,느티나무 셀프BBQ,쌈야채세트
2024-04-25,10,4,Spring,0,0,0,느티나무 셀프BBQ,쌈야채세트
2024-04-26,1,4,Spring,0,0,0,느티나무 셀프BBQ,쌈야채세트
2024-04-27,2,4,Spring,1,0,1,느티나무 셀프BBQ,쌈야채세트
2024-04-28,2,4,Spring,1,0,1,느티나무 셀프BBQ,쌈야채세트
2024-04-29,0,4,Spring,0,0,0,느티나무 셀프BBQ,쌈야채세트
2024-04-30,3,4,Spring,0,0,0,느티나무 셀프BBQ,쌈야채세트
2024-05-01,1,5,Spring,0,0,0,느티나무 셀프BBQ,쌈야채세트
2024-05-02,3,5,Spring,0,0,0,느티나무 셀프BBQ,쌈야채세트
2024-05-03,4,5,Spring,0,0,0,느티나무 셀프BBQ,쌈야채세트
2024-05-04,9,5,Spring,1,0,1,느티나무 셀프BBQ,쌈야채세트
2024-05-05,5,5,Spring,1,1,1,느티나무 셀프BBQ,쌈야채세트
2024-05-06,0,5,Spring,0,1,1,느티나무 셀프BBQ,쌈야채세트
2024-05-07,0,5,Spring,0,0,0,느티나무 셀프BBQ,쌈야채세트
2024-05-08,0,5,Spring,0,0,0,느티나무 셀프BBQ,쌈야채세트
2024-05-09,14,5,Spring,0,0,0,느티나무 셀프BBQ,쌈야채세트
2024-05-10,0,5,Spring,0,0,0,느티나무 셀프BBQ,쌈야채세트
2024-05-11,6,5,Spring,1,0,1,느티나무 셀프BBQ,쌈야채세트
2024-05-12,0,5,Spring,1,0,1,느티나무 셀프BBQ,쌈야채세트
2024-05-13,0,5,Spring,0,0,0,느티나무 셀프BBQ,쌈야채세트
2024-05-14,4,5,Spring,0,0,0,느티나무 셀프BBQ,쌈야채세트
2024-05-15,3,5,Spring,0,1,1,느티나무 셀프BBQ,쌈야채세트
2024-05-16,4,5,Spring,0,0,0,느티나무 셀프BBQ,쌈야채세트
2024-05-17,1,5,Spring,0,0,0,느티나무 셀프BBQ,쌈야채세트
2024-05-18,1,5,Spring,1,0,1,느티나무 셀프BBQ,쌈야채세트
2024-05-19,0,5,Spring,1,0,1,느티나무 셀프BBQ,쌈야채세트
2024-05-20,0,5,Spring,0,0,0,느티나무 셀프BBQ,쌈야채세트
2024-05-21,2,5,Spring,0,0,0,느티나무 셀프BBQ,쌈야채세트
2024-05-22,1,5,Spring,0,0,0,느티나무 셀프BBQ,쌈야채세트
2024-05-23,3,5,Spring,0,0,0,느티나무 셀프BBQ,쌈야채세트
2024-05-24,9,5,Spring,0,0,0,느티나무 셀프BBQ,쌈야채세트
2024-05-25,18,5,Spring,1,0,1,느티나무 셀프BBQ,쌈야채세트
2024-05-26,5,5,Spring,1,0,1,느티나무 셀프BBQ,쌈야채세트
2024-05-27,0,5,Spring,0,0,0,느티나무 셀프BBQ,쌈야채세트
2024-05-28,1,5,Spring,0,0,0,느티나무 셀프BBQ,쌈야채세트
2024-05-29,1,5,Spring,0,0,0,느티나무 셀프BBQ,쌈야채세트
2024-05-30,17,5,Spring,0,0,0,느티나무 셀프BBQ,쌈야채세트
2024-05-31,38,5,Spring,0,0,0,느티나무 셀프BBQ,쌈야채세트
2024-06-01,3,6,Summer,1,0,1,느티나무 셀프BBQ,쌈야채세트
2024-06-02,7,6,Summer,1,0,1,느티나무 셀프BBQ,쌈야채세트
2024-06-03,0,6,Summer,0,0,0,느티나무 셀프BBQ,쌈야채세트
2024-06-04,0,6,Summer,0,0,0,느티나무 셀프BBQ,쌈야채세트
2024-06-05,4,6,Summer,0,0,0,느티나무 셀프BBQ,쌈야채세트
2024-06-06,6,6,Summer,0,1,1,느티나무 셀프BBQ,쌈야채세트
2024-06-07,8,6,Summer,0,0,0,느티나무 셀프BBQ,쌈야채세트
2024-06-08,2,6,Summer,1,0,1,느티나무 셀프BBQ,쌈야채세트
2024-06-09,2,6,Summer,1,0,1,느티나무 셀프BBQ,쌈야채세트
2024-06-10,0,6,Summer,0,0,0,느티나무 셀프BBQ,쌈야채세트
2024-06-11,0,6,Summer,0,0,0,느티나무 셀프BBQ,쌈야채세트
2024-06-12,1,6,Summer,0,0,0,느티나무 셀프BBQ,쌈야채세트
2024-06-13,2,6,Summer,0,0,0,느티나무 셀프BBQ,쌈야채세트
2024-06-14,9,6,Summer,0,0,0,느티나무 셀프BBQ,쌈야채세트
2024-06-15,5,6,Summer,1,0,1,느티나무 셀프BBQ,쌈야채세트
2023-01-01,0,1,Winter,1,1,1,느티나무 셀프BBQ,쌈장
2023-01-02,0,1,Winter,0,0,0,느티나무 셀프BBQ,쌈장
2023-01-03,0,1,Winter,0,0,0,느티나무 셀프BBQ,쌈장
2023-01-04,0,1,Winter,0,0,0,느티나무 셀프BBQ,쌈장
2023-01-05,0,1,Winter,0,0,0,느티나무 셀프BBQ,쌈장
2023-01-06,0,1,Winter,0,0,0,느티나무 셀프BBQ,쌈장
2023-01-07,0,1,Winter,1,0,1,느티나무 셀프BBQ,쌈장
2023-01-08,0,1,Winter,1,0,1,느티나무 셀프BBQ,쌈장
2023-01-09,0,1,Winter,0,0,0,느티나무 셀프BBQ,쌈장
2023-01-10,0,1,Winter,0,0,0,느티나무 셀프BBQ,쌈장
2023-01-11,0,1,Winter,0,0,0,느티나무 셀프BBQ,쌈장
2023-01-12,0,1,Winter,0,0,0,느티나무 셀프BBQ,쌈장
2023-01-13,0,1,Winter,0,0,0,느티나무 셀프BBQ,쌈장
2023-01-14,0,1,Winter,1,0,1,느티나무 셀프BBQ,쌈장
2023-01-15,0,1,Winter,1,0,1,느티나무 셀프BBQ,쌈장
2023-01-16,0,1,Winter,0,0,0,느티나무 셀프BBQ,쌈장
2023-01-17,0,1,Winter,0,0,0,느티나무 셀프BBQ,쌈장
2023-01-18,0,1,Winter,0,0,0,느티나무 셀프BBQ,쌈장
2023-01-19,0,1,Winter,0,0,0,느티나무 셀프BBQ,쌈장
2023-01-20,0,1,Winter,0,0,0,느티나무 셀프BBQ,쌈장
2023-01-21,0,1,Winter,1,1,1,느티나무 셀프BBQ,쌈장
2023-01-22,0,1,Winter,1,1,1,느티나무 셀프BBQ,쌈장
2023-01-23,0,1,Winter,0,1,1,느티나무 셀프BBQ,쌈장
2023-01-24,0,1,Winter,0,1,1,느티나무 셀프BBQ,쌈장
2023-01-25,0,1,Winter,0,0,0,느티나무 셀프BBQ,쌈장
2023-01-26,0,1,Winter,0,0,0,느티나무 셀프BBQ,쌈장
2023-01-27,0,1,Winter,0,0,0,느티나무 셀프BBQ,쌈장
2023-01-28,0,1,Winter,1,0,1,느티나무 셀프BBQ,쌈장
2023-01-29,0,1,Winter,1,0,1,느티나무 셀프BBQ,쌈장
2023-01-30,0,1,Winter,0,0,0,느티나무 셀프BBQ,쌈장
2023-01-31,0,1,Winter,0,0,0,느티나무 셀프BBQ,쌈장
2023-02-01,0,2,Winter,0,0,0,느티나무 셀프BBQ,쌈장
2023-02-02,0,2,Winter,0,0,0,느티나무 셀프BBQ,쌈장
2023-02-03,0,2,Winter,0,0,0,느티나무 셀프BBQ,쌈장
2023-02-04,0,2,Winter,1,0,1,느티나무 셀프BBQ,쌈장
2023-02-05,0,2,Winter,1,0,1,느티나무 셀프BBQ,쌈장
2023-02-06,0,2,Winter,0,0,0,느티나무 셀프BBQ,쌈장
2023-02-07,0,2,Winter,0,0,0,느티나무 셀프BBQ,쌈장
2023-02-08,0,2,Winter,0,0,0,느티나무 셀프BBQ,쌈장
2023-02-09,0,2,Winter,0,0,0,느티나무 셀프BBQ,쌈장
2023-02-10,0,2,Winter,0,0,0,느티나무 셀프BBQ,쌈장
2023-02-11,0,2,Winter,1,0,1,느티나무 셀프BBQ,쌈장
2023-02-12,0,2,Winter,1,0,1,느티나무 셀프BBQ,쌈장
2023-02-13,0,2,Winter,0,0,0,느티나무 셀프BBQ,쌈장
2023-02-14,0,2,Winter,0,0,0,느티나무 셀프BBQ,쌈장
2023-02-15,0,2,Winter,0,0,0,느티나무 셀프BBQ,쌈장
2023-02-16,0,2,Winter,0,0,0,느티나무 셀프BBQ,쌈장
2023-02-17,0,2,Winter,0,0,0,느티나무 셀프BBQ,쌈장
2023-02-18,0,2,Winter,1,0,1,느티나무 셀프BBQ,쌈장
2023-02-19,0,2,Winter,1,0,1,느티나무 셀프BBQ,쌈장
2023-02-20,0,2,Winter,0,0,0,느티나무 셀프BBQ,쌈장
2023-02-21,0,2,Winter,0,0,0,느티나무 셀프BBQ,쌈장
2023-02-22,0,2,Winter,0,0,0,느티나무 셀프BBQ,쌈장
2023-02-23,0,2,Winter,0,0,0,느티나무 셀프BBQ,쌈장
2023-02-24,0,2,Winter,0,0,0,느티나무 셀프BBQ,쌈장
2023-02-25,0,2,Winter,1,0,1,느티나무 셀프BBQ,쌈장
2023-02-26,0,2,Winter,1,0,1,느티나무 셀프BBQ,쌈장
2023-02-27,0,2,Winter,0,0,0,느티나무 셀프BBQ,쌈장
2023-02-28,0,2,Winter,0,0,0,느티나무 셀프BBQ,쌈장
2023-03-01,0,3,Spring,0,1,1,느티나무 셀프BBQ,쌈장
2023-03-02,0,3,Spring,0,0,0,느티나무 셀프BBQ,쌈장
2023-03-03,0,3,Spring,0,0,0,느티나무 셀프BBQ,쌈장
2023-03-04,0,3,Spring,1,0,1,느티나무 셀프BBQ,쌈장
2023-03-05,0,3,Spring,1,0,1,느티나무 셀프BBQ,쌈장
2023-03-06,0,3,Spring,0,0,0,느티나무 셀프BBQ,쌈장
2023-03-07,0,3,Spring,0,0,0,느티나무 셀프BBQ,쌈장
2023-03-08,0,3,Spring,0,0,0,느티나무 셀프BBQ,쌈장
2023-03-09,0,3,Spring,0,0,0,느티나무 셀프BBQ,쌈장
2023-03-10,0,3,Spring,0,0,0,느티나무 셀프BBQ,쌈장
2023-03-11,0,3,Spring,1,0,1,느티나무 셀프BBQ,쌈장
2023-03-12,0,3,Spring,1,0,1,느티나무 셀프BBQ,쌈장
2023-03-13,0,3,Spring,0,0,0,느티나무 셀프BBQ,쌈장
2023-03-14,0,3,Spring,0,0,0,느티나무 셀프BBQ,쌈장
2023-03-15,0,3,Spring,0,0,0,느티나무 셀프BBQ,쌈장
2023-03-16,0,3,Spring,0,0,0,느티나무 셀프BBQ,쌈장
2023-03-17,0,3,Spring,0,0,0,느티나무 셀프BBQ,쌈장
2023-03-18,0,3,Spring,1,0,1,느티나무 셀프BBQ,쌈장
2023-03-19,0,3,Spring,1,0,1,느티나무 셀프BBQ,쌈장
2023-03-20,0,3,Spring,0,0,0,느티나무 셀프BBQ,쌈장
2023-03-21,0,3,Spring,0,0,0,느티나무 셀프BBQ,쌈장
2023-03-22,0,3,Spring,0,0,0,느티나무 셀프BBQ,쌈장
2023-03-23,0,3,Spring,0,0,0,느티나무 셀프BBQ,쌈장
2023-03-24,0,3,Spring,0,0,0,느티나무 셀프BBQ,쌈장
2023-03-25,0,3,Spring,1,0,1,느티나무 셀프BBQ,쌈장
2023-03-26,0,3,Spring,1,0,1,느티나무 셀프BBQ,쌈장
2023-03-27,0,3,Spring,0,0,0,느티나무 셀프BBQ,쌈장
2023-03-28,0,3,Spring,0,0,0,느티나무 셀프BBQ,쌈장
2023-03-29,0,3,Spring,0,0,0,느티나무 셀프BBQ,쌈장
2023-03-30,0,3,Spring,0,0,0,느티나무 셀프BBQ,쌈장
2023-03-31,0,3,Spring,0,0,0,느티나무 셀프BBQ,쌈장
2023-04-01,0,4,Spring,1,0,1,느티나무 셀프BBQ,쌈장
2023-04-02,0,4,Spring,1,0,1,느티나무 셀프BBQ,쌈장
2023-04-03,0,4,Spring,0,0,0,느티나무 셀프BBQ,쌈장
2023-04-04,0,4,Spring,0,0,0,느티나무 셀프BBQ,쌈장
2023-04-05,0,4,Spring,0,0,0,느티나무 셀프BBQ,쌈장
2023-04-06,0,4,Spring,0,0,0,느티나무 셀프BBQ,쌈장
2023-04-07,0,4,Spring,0,0,0,느티나무 셀프BBQ,쌈장
2023-04-08,0,4,Spring,1,0,1,느티나무 셀프BBQ,쌈장
2023-04-09,0,4,Spring,1,0,1,느티나무 셀프BBQ,쌈장
2023-04-10,0,4,Spring,0,0,0,느티나무 셀프BBQ,쌈장
2023-04-11,0,4,Spring,0,0,0,느티나무 셀프BBQ,쌈장
2023-04-12,0,4,Spring,0,0,0,느티나무 셀프BBQ,쌈장
2023-04-13,0,4,Spring,0,0,0,느티나무 셀프BBQ,쌈장
2023-04-14,2,4,Spring,0,0,0,느티나무 셀프BBQ,쌈장
2023-04-15,2,4,Spring,1,0,1,느티나무 셀프BBQ,쌈장
2023-04-16,1,4,Spring,1,0,1,느티나무 셀프BBQ,쌈장
2023-04-17,0,4,Spring,0,0,0,느티나무 셀프BBQ,쌈장
2023-04-18,0,4,Spring,0,0,0,느티나무 셀프BBQ,쌈장
2023-04-19,0,4,Spring,0,0,0,느티나무 셀프BBQ,쌈장
2023-04-20,0,4,Spring,0,0,0,느티나무 셀프BBQ,쌈장
2023-04-21,3,4,Spring,0,0,0,느티나무 셀프BBQ,쌈장
2023-04-22,1,4,Spring,1,0,1,느티나무 셀프BBQ,쌈장
2023-04-23,1,4,Spring,1,0,1,느티나무 셀프BBQ,쌈장
2023-04-24,0,4,Spring,0,0,0,느티나무 셀프BBQ,쌈장
2023-04-25,0,4,Spring,0,0,0,느티나무 셀프BBQ,쌈장
2023-04-26,0,4,Spring,0,0,0,느티나무 셀프BBQ,쌈장
2023-04-27,0,4,Spring,0,0,0,느티나무 셀프BBQ,쌈장
2023-04-28,2,4,Spring,0,0,0,느티나무 셀프BBQ,쌈장
2023-04-29,0,4,Spring,1,0,1,느티나무 셀프BBQ,쌈장
2023-04-30,0,4,Spring,1,0,1,느티나무 셀프BBQ,쌈장
2023-05-01,0,5,Spring,0,0,0,느티나무 셀프BBQ,쌈장
2023-05-02,0,5,Spring,0,0,0,느티나무 셀프BBQ,쌈장
2023-05-03,1,5,Spring,0,0,0,느티나무 셀프BBQ,쌈장
2023-05-04,1,5,Spring,0,0,0,느티나무 셀프BBQ,쌈장
2023-05-05,0,5,Spring,0,1,1,느티나무 셀프BBQ,쌈장
2023-05-06,1,5,Spring,1,0,1,느티나무 셀프BBQ,쌈장
2023-05-07,0,5,Spring,1,0,1,느티나무 셀프BBQ,쌈장
2023-05-08,0,5,Spring,0,0,0,느티나무 셀프BBQ,쌈장
2023-05-09,0,5,Spring,0,0,0,느티나무 셀프BBQ,쌈장
2023-05-10,1,5,Spring,0,0,0,느티나무 셀프BBQ,쌈장
2023-05-11,0,5,Spring,0,0,0,느티나무 셀프BBQ,쌈장
2023-05-12,0,5,Spring,0,0,0,느티나무 셀프BBQ,쌈장
2023-05-13,2,5,Spring,1,0,1,느티나무 셀프BBQ,쌈장
2023-05-14,2,5,Spring,1,0,1,느티나무 셀프BBQ,쌈장
2023-05-15,0,5,Spring,0,0,0,느티나무 셀프BBQ,쌈장
2023-05-16,0,5,Spring,0,0,0,느티나무 셀프BBQ,쌈장
2023-05-17,0,5,Spring,0,0,0,느티나무 셀프BBQ,쌈장
2023-05-18,0,5,Spring,0,0,0,느티나무 셀프BBQ,쌈장
2023-05-19,0,5,Spring,0,0,0,느티나무 셀프BBQ,쌈장
2023-05-20,2,5,Spring,1,0,1,느티나무 셀프BBQ,쌈장
2023-05-21,1,5,Spring,1,0,1,느티나무 셀프BBQ,쌈장
2023-05-22,0,5,Spring,0,0,0,느티나무 셀프BBQ,쌈장
2023-05-23,0,5,Spring,0,0,0,느티나무 셀프BBQ,쌈장
2023-05-24,0,5,Spring,0,0,0,느티나무 셀프BBQ,쌈장
2023-05-25,0,5,Spring,0,0,0,느티나무 셀프BBQ,쌈장
2023-05-26,2,5,Spring,0,0,0,느티나무 셀프BBQ,쌈장
2023-05-27,2,5,Spring,1,1,1,느티나무 셀프BBQ,쌈장
2023-05-28,1,5,Spring,1,0,1,느티나무 셀프BBQ,쌈장
2023-05-29,0,5,Spring,0,1,1,느티나무 셀프BBQ,쌈장
2023-05-30,0,5,Spring,0,0,0,느티나무 셀프BBQ,쌈장
2023-05-31,0,5,Spring,0,0,0,느티나무 셀프BBQ,쌈장
2023-06-01,0,6,Summer,0,0,0,느티나무 셀프BBQ,쌈장
2023-06-02,0,6,Summer,0,0,0,느티나무 셀프BBQ,쌈장
2023-06-03,2,6,Summer,1,0,1,느티나무 셀프BBQ,쌈장
2023-06-04,2,6,Summer,1,0,1,느티나무 셀프BBQ,쌈장
2023-06-05,1,6,Summer,0,0,0,느티나무 셀프BBQ,쌈장
2023-06-06,3,6,Summer,0,1,1,느티나무 셀프BBQ,쌈장
2023-06-07,0,6,Summer,0,0,0,느티나무 셀프BBQ,쌈장
2023-06-08,0,6,Summer,0,0,0,느티나무 셀프BBQ,쌈장
2023-06-09,0,6,Summer,0,0,0,느티나무 셀프BBQ,쌈장
2023-06-10,1,6,Summer,1,0,1,느티나무 셀프BBQ,쌈장
2023-06-11,1,6,Summer,1,0,1,느티나무 셀프BBQ,쌈장
2023-06-12,0,6,Summer,0,0,0,느티나무 셀프BBQ,쌈장
2023-06-13,1,6,Summer,0,0,0,느티나무 셀프BBQ,쌈장
2023-06-14,0,6,Summer,0,0,0,느티나무 셀프BBQ,쌈장
2023-06-15,0,6,Summer,0,0,0,느티나무 셀프BBQ,쌈장
2023-06-16,1,6,Summer,0,0,0,느티나무 셀프BBQ,쌈장
2023-06-17,1,6,Summer,1,0,1,느티나무 셀프BBQ,쌈장
2023-06-18,1,6,Summer,1,0,1,느티나무 셀프BBQ,쌈장
2023-06-19,0,6,Summer,0,0,0,느티나무 셀프BBQ,쌈장
2023-06-20,0,6,Summer,0,0,0,느티나무 셀프BBQ,쌈장
2023-06-21,0,6,Summer,0,0,0,느티나무 셀프BBQ,쌈장
2023-06-22,0,6,Summer,0,0,0,느티나무 셀프BBQ,쌈장
2023-06-23,0,6,Summer,0,0,0,느티나무 셀프BBQ,쌈장
2023-06-24,3,6,Summer,1,0,1,느티나무 셀프BBQ,쌈장
2023-06-25,1,6,Summer,1,0,1,느티나무 셀프BBQ,쌈장
2023-06-26,0,6,Summer,0,0,0,느티나무 셀프BBQ,쌈장
2023-06-27,0,6,Summer,0,0,0,느티나무 셀프BBQ,쌈장
2023-06-28,0,6,Summer,0,0,0,느티나무 셀프BBQ,쌈장
2023-06-29,0,6,Summer,0,0,0,느티나무 셀프BBQ,쌈장
2023-06-30,0,6,Summer,0,0,0,느티나무 셀프BBQ,쌈장
2023-07-01,2,7,Summer,1,0,1,느티나무 셀프BBQ,쌈장
2023-07-02,1,7,Summer,1,0,1,느티나무 셀프BBQ,쌈장
2023-07-03,0,7,Summer,0,0,0,느티나무 셀프BBQ,쌈장
2023-07-04,0,7,Summer,0,0,0,느티나무 셀프BBQ,쌈장
2023-07-05,0,7,Summer,0,0,0,느티나무 셀프BBQ,쌈장
2023-07-06,1,7,Summer,0,0,0,느티나무 셀프BBQ,쌈장
2023-07-07,2,7,Summer,0,0,0,느티나무 셀프BBQ,쌈장
2023-07-08,2,7,Summer,1,0,1,느티나무 셀프BBQ,쌈장
2023-07-09,0,7,Summer,1,0,1,느티나무 셀프BBQ,쌈장
2023-07-10,0,7,Summer,0,0,0,느티나무 셀프BBQ,쌈장
2023-07-11,0,7,Summer,0,0,0,느티나무 셀프BBQ,쌈장
2023-07-12,0,7,Summer,0,0,0,느티나무 셀프BBQ,쌈장
2023-07-13,0,7,Summer,0,0,0,느티나무 셀프BBQ,쌈장
2023-07-14,0,7,Summer,0,0,0,느티나무 셀프BBQ,쌈장
2023-07-15,2,7,Summer,1,0,1,느티나무 셀프BBQ,쌈장
2023-07-16,1,7,Summer,1,0,1,느티나무 셀프BBQ,쌈장
2023-07-17,0,7,Summer,0,0,0,느티나무 셀프BBQ,쌈장
2023-07-18,0,7,Summer,0,0,0,느티나무 셀프BBQ,쌈장
2023-07-19,1,7,Summer,0,0,0,느티나무 셀프BBQ,쌈장
2023-07-20,1,7,Summer,0,0,0,느티나무 셀프BBQ,쌈장
2023-07-21,2,7,Summer,0,0,0,느티나무 셀프BBQ,쌈장
2023-07-22,0,7,Summer,1,0,1,느티나무 셀프BBQ,쌈장
2023-07-23,1,7,Summer,1,0,1,느티나무 셀프BBQ,쌈장
2023-07-24,0,7,Summer,0,0,0,느티나무 셀프BBQ,쌈장
2023-07-25,0,7,Summer,0,0,0,느티나무 셀프BBQ,쌈장
2023-07-26,2,7,Summer,0,0,0,느티나무 셀프BBQ,쌈장
2023-07-27,0,7,Summer,0,0,0,느티나무 셀프BBQ,쌈장
2023-07-28,1,7,Summer,0,0,0,느티나무 셀프BBQ,쌈장
2023-07-29,0,7,Summer,1,0,1,느티나무 셀프BBQ,쌈장
2023-07-30,1,7,Summer,1,0,1,느티나무 셀프BBQ,쌈장
2023-07-31,1,7,Summer,0,0,0,느티나무 셀프BBQ,쌈장
2023-08-01,2,8,Summer,0,0,0,느티나무 셀프BBQ,쌈장
2023-08-02,0,8,Summer,0,0,0,느티나무 셀프BBQ,쌈장
2023-08-03,1,8,Summer,0,0,0,느티나무 셀프BBQ,쌈장
2023-08-04,0,8,Summer,0,0,0,느티나무 셀프BBQ,쌈장
2023-08-05,0,8,Summer,1,0,1,느티나무 셀프BBQ,쌈장
2023-08-06,1,8,Summer,1,0,1,느티나무 셀프BBQ,쌈장
2023-08-07,0,8,Summer,0,0,0,느티나무 셀프BBQ,쌈장
2023-08-08,2,8,Summer,0,0,0,느티나무 셀프BBQ,쌈장
2023-08-09,1,8,Summer,0,0,0,느티나무 셀프BBQ,쌈장
2023-08-10,0,8,Summer,0,0,0,느티나무 셀프BBQ,쌈장
2023-08-11,0,8,Summer,0,0,0,느티나무 셀프BBQ,쌈장
2023-08-12,0,8,Summer,1,0,1,느티나무 셀프BBQ,쌈장
2023-08-13,2,8,Summer,1,0,1,느티나무 셀프BBQ,쌈장
2023-08-14,1,8,Summer,0,0,0,느티나무 셀프BBQ,쌈장
2023-08-15,0,8,Summer,0,1,1,느티나무 셀프BBQ,쌈장
2023-08-16,1,8,Summer,0,0,0,느티나무 셀프BBQ,쌈장
2023-08-17,1,8,Summer,0,0,0,느티나무 셀프BBQ,쌈장
2023-08-18,1,8,Summer,0,0,0,느티나무 셀프BBQ,쌈장
2023-08-19,1,8,Summer,1,0,1,느티나무 셀프BBQ,쌈장
2023-08-20,2,8,Summer,1,0,1,느티나무 셀프BBQ,쌈장
2023-08-21,0,8,Summer,0,0,0,느티나무 셀프BBQ,쌈장
2023-08-22,0,8,Summer,0,0,0,느티나무 셀프BBQ,쌈장
2023-08-23,1,8,Summer,0,0,0,느티나무 셀프BBQ,쌈장
2023-08-24,0,8,Summer,0,0,0,느티나무 셀프BBQ,쌈장
2023-08-25,1,8,Summer,0,0,0,느티나무 셀프BBQ,쌈장
2023-08-26,0,8,Summer,1,0,1,느티나무 셀프BBQ,쌈장
2023-08-27,0,8,Summer,1,0,1,느티나무 셀프BBQ,쌈장
2023-08-28,0,8,Summer,0,0,0,느티나무 셀프BBQ,쌈장
2023-08-29,0,8,Summer,0,0,0,느티나무 셀프BBQ,쌈장
2023-08-30,0,8,Summer,0,0,0,느티나무 셀프BBQ,쌈장
2023-08-31,1,8,Summer,0,0,0,느티나무 셀프BBQ,쌈장
2023-09-01,0,9,Autumn,0,0,0,느티나무 셀프BBQ,쌈장
2023-09-02,1,9,Autumn,1,0,1,느티나무 셀프BBQ,쌈장
2023-09-03,0,9,Autumn,1,0,1,느티나무 셀프BBQ,쌈장
2023-09-04,0,9,Autumn,0,0,0,느티나무 셀프BBQ,쌈장
2023-09-05,0,9,Autumn,0,0,0,느티나무 셀프BBQ,쌈장
2023-09-06,0,9,Autumn,0,0,0,느티나무 셀프BBQ,쌈장
2023-09-07,0,9,Autumn,0,0,0,느티나무 셀프BBQ,쌈장
2023-09-08,1,9,Autumn,0,0,0,느티나무 셀프BBQ,쌈장
2023-09-09,1,9,Autumn,1,0,1,느티나무 셀프BBQ,쌈장
2023-09-10,0,9,Autumn,1,0,1,느티나무 셀프BBQ,쌈장
2023-09-11,0,9,Autumn,0,0,0,느티나무 셀프BBQ,쌈장
2023-09-12,0,9,Autumn,0,0,0,느티나무 셀프BBQ,쌈장
2023-09-13,0,9,Autumn,0,0,0,느티나무 셀프BBQ,쌈장
2023-09-14,0,9,Autumn,0,0,0,느티나무 셀프BBQ,쌈장
2023-09-15,0,9,Autumn,0,0,0,느티나무 셀프BBQ,쌈장
2023-09-16,1,9,Autumn,1,0,1,느티나무 셀프BBQ,쌈장
2023-09-17,1,9,Autumn,1,0,1,느티나무 셀프BBQ,쌈장
2023-09-18,0,9,Autumn,0,0,0,느티나무 셀프BBQ,쌈장
2023-09-19,0,9,Autumn,0,0,0,느티나무 셀프BBQ,쌈장
2023-09-20,0,9,Autumn,0,0,0,느티나무 셀프BBQ,쌈장
2023-09-21,0,9,Autumn,0,0,0,느티나무 셀프BBQ,쌈장
2023-09-22,0,9,Autumn,0,0,0,느티나무 셀프BBQ,쌈장
2023-09-23,2,9,Autumn,1,0,1,느티나무 셀프BBQ,쌈장
2023-09-24,1,9,Autumn,1,0,1,느티나무 셀프BBQ,쌈장
2023-09-25,0,9,Autumn,0,0,0,느티나무 셀프BBQ,쌈장
2023-09-26,0,9,Autumn,0,0,0,느티나무 셀프BBQ,쌈장
2023-09-27,0,9,Autumn,0,0,0,느티나무 셀프BBQ,쌈장
2023-09-28,2,9,Autumn,0,1,1,느티나무 셀프BBQ,쌈장
2023-09-29,3,9,Autumn,0,1,1,느티나무 셀프BBQ,쌈장
2023-09-30,0,9,Autumn,1,1,1,느티나무 셀프BBQ,쌈장
2023-10-01,1,10,Autumn,1,0,1,느티나무 셀프BBQ,쌈장
2023-10-02,0,10,Autumn,0,1,1,느티나무 셀프BBQ,쌈장
2023-10-03,0,10,Autumn,0,1,1,느티나무 셀프BBQ,쌈장
2023-10-04,0,10,Autumn,0,0,0,느티나무 셀프BBQ,쌈장
2023-10-05,0,10,Autumn,0,0,0,느티나무 셀프BBQ,쌈장
2023-10-06,0,10,Autumn,0,0,0,느티나무 셀프BBQ,쌈장
2023-10-07,1,10,Autumn,1,0,1,느티나무 셀프BBQ,쌈장
2023-10-08,1,10,Autumn,1,0,1,느티나무 셀프BBQ,쌈장
2023-10-09,1,10,Autumn,0,1,1,느티나무 셀프BBQ,쌈장
2023-10-10,0,10,Autumn,0,0,0,느티나무 셀프BBQ,쌈장
2023-10-11,0,10,Autumn,0,0,0,느티나무 셀프BBQ,쌈장
2023-10-12,0,10,Autumn,0,0,0,느티나무 셀프BBQ,쌈장
2023-10-13,0,10,Autumn,0,0,0,느티나무 셀프BBQ,쌈장
2023-10-14,4,10,Autumn,1,0,1,느티나무 셀프BBQ,쌈장
2023-10-15,0,10,Autumn,1,0,1,느티나무 셀프BBQ,쌈장
2023-10-16,0,10,Autumn,0,0,0,느티나무 셀프BBQ,쌈장
2023-10-17,0,10,Autumn,0,0,0,느티나무 셀프BBQ,쌈장
2023-10-18,0,10,Autumn,0,0,0,느티나무 셀프BBQ,쌈장
2023-10-19,1,10,Autumn,0,0,0,느티나무 셀프BBQ,쌈장
2023-10-20,0,10,Autumn,0,0,0,느티나무 셀프BBQ,쌈장
2023-10-21,1,10,Autumn,1,0,1,느티나무 셀프BBQ,쌈장
2023-10-22,2,10,Autumn,1,0,1,느티나무 셀프BBQ,쌈장
2023-10-23,0,10,Autumn,0,0,0,느티나무 셀프BBQ,쌈장
2023-10-24,0,10,Autumn,0,0,0,느티나무 셀프BBQ,쌈장
2023-10-25,0,10,Autumn,0,0,0,느티나무 셀프BBQ,쌈장
2023-10-26,0,10,Autumn,0,0,0,느티나무 셀프BBQ,쌈장
2023-10-27,0,10,Autumn,0,0,0,느티나무 셀프BBQ,쌈장
2023-10-28,2,10,Autumn,1,0,1,느티나무 셀프BBQ,쌈장
2023-10-29,0,10,Autumn,1,0,1,느티나무 셀프BBQ,쌈장
2023-10-30,0,10,Autumn,0,0,0,느티나무 셀프BBQ,쌈장
2023-10-31,2,10,Autumn,0,0,0,느티나무 셀프BBQ,쌈장
2023-11-01,0,11,Autumn,0,0,0,느티나무 셀프BBQ,쌈장
2023-11-02,0,11,Autumn,0,0,0,느티나무 셀프BBQ,쌈장
2023-11-03,0,11,Autumn,0,0,0,느티나무 셀프BBQ,쌈장
2023-11-04,0,11,Autumn,1,0,1,느티나무 셀프BBQ,쌈장
2023-11-05,0,11,Autumn,1,0,1,느티나무 셀프BBQ,쌈장
2023-11-06,0,11,Autumn,0,0,0,느티나무 셀프BBQ,쌈장
2023-11-07,0,11,Autumn,0,0,0,느티나무 셀프BBQ,쌈장
2023-11-08,0,11,Autumn,0,0,0,느티나무 셀프BBQ,쌈장
2023-11-09,0,11,Autumn,0,0,0,느티나무 셀프BBQ,쌈장
2023-11-10,0,11,Autumn,0,0,0,느티나무 셀프BBQ,쌈장
2023-11-11,0,11,Autumn,1,0,1,느티나무 셀프BBQ,쌈장
2023-11-12,0,11,Autumn,1,0,1,느티나무 셀프BBQ,쌈장
2023-11-13,0,11,Autumn,0,0,0,느티나무 셀프BBQ,쌈장
2023-11-14,0,11,Autumn,0,0,0,느티나무 셀프BBQ,쌈장
2023-11-15,0,11,Autumn,0,0,0,느티나무 셀프BBQ,쌈장
2023-11-16,0,11,Autumn,0,0,0,느티나무 셀프BBQ,쌈장
2023-11-17,0,11,Autumn,0,0,0,느티나무 셀프BBQ,쌈장
2023-11-18,0,11,Autumn,1,0,1,느티나무 셀프BBQ,쌈장
2023-11-19,0,11,Autumn,1,0,1,느티나무 셀프BBQ,쌈장
2023-11-20,0,11,Autumn,0,0,0,느티나무 셀프BBQ,쌈장
2023-11-21,0,11,Autumn,0,0,0,느티나무 셀프BBQ,쌈장
2023-11-22,0,11,Autumn,0,0,0,느티나무 셀프BBQ,쌈장
2023-11-23,0,11,Autumn,0,0,0,느티나무 셀프BBQ,쌈장
2023-11-24,0,11,Autumn,0,0,0,느티나무 셀프BBQ,쌈장
2023-11-25,1,11,Autumn,1,0,1,느티나무 셀프BBQ,쌈장
2023-11-26,0,11,Autumn,1,0,1,느티나무 셀프BBQ,쌈장
2023-11-27,0,11,Autumn,0,0,0,느티나무 셀프BBQ,쌈장
2023-11-28,0,11,Autumn,0,0,0,느티나무 셀프BBQ,쌈장
2023-11-29,0,11,Autumn,0,0,0,느티나무 셀프BBQ,쌈장
2023-11-30,0,11,Autumn,0,0,0,느티나무 셀프BBQ,쌈장
2023-12-01,0,12,Winter,0,0,0,느티나무 셀프BBQ,쌈장
2023-12-02,0,12,Winter,1,0,1,느티나무 셀프BBQ,쌈장
2023-12-03,0,12,Winter,1,0,1,느티나무 셀프BBQ,쌈장
2023-12-04,0,12,Winter,0,0,0,느티나무 셀프BBQ,쌈장
2023-12-05,0,12,Winter,0,0,0,느티나무 셀프BBQ,쌈장
2023-12-06,0,12,Winter,0,0,0,느티나무 셀프BBQ,쌈장
2023-12-07,0,12,Winter,0,0,0,느티나무 셀프BBQ,쌈장
2023-12-08,0,12,Winter,0,0,0,느티나무 셀프BBQ,쌈장
2023-12-09,0,12,Winter,1,0,1,느티나무 셀프BBQ,쌈장
2023-12-10,1,12,Winter,1,0,1,느티나무 셀프BBQ,쌈장
2023-12-11,1,12,Winter,0,0,0,느티나무 셀프BBQ,쌈장
2023-12-12,0,12,Winter,0,0,0,느티나무 셀프BBQ,쌈장
2023-12-13,1,12,Winter,0,0,0,느티나무 셀프BBQ,쌈장
2023-12-14,0,12,Winter,0,0,0,느티나무 셀프BBQ,쌈장
2023-12-15,1,12,Winter,0,0,0,느티나무 셀프BBQ,쌈장
2023-12-16,0,12,Winter,1,0,1,느티나무 셀프BBQ,쌈장
2023-12-17,0,12,Winter,1,0,1,느티나무 셀프BBQ,쌈장
2023-12-18,0,12,Winter,0,0,0,느티나무 셀프BBQ,쌈장
2023-12-19,1,12,Winter,0,0,0,느티나무 셀프BBQ,쌈장
2023-12-20,0,12,Winter,0,0,0,느티나무 셀프BBQ,쌈장
2023-12-21,0,12,Winter,0,0,0,느티나무 셀프BBQ,쌈장
2023-12-22,0,12,Winter,0,0,0,느티나무 셀프BBQ,쌈장
2023-12-23,0,12,Winter,1,0,1,느티나무 셀프BBQ,쌈장
2023-12-24,1,12,Winter,1,0,1,느티나무 셀프BBQ,쌈장
2023-12-25,0,12,Winter,0,1,1,느티나무 셀프BBQ,쌈장
2023-12-26,0,12,Winter,0,0,0,느티나무 셀프BBQ,쌈장
2023-12-27,0,12,Winter,0,0,0,느티나무 셀프BBQ,쌈장
2023-12-28,0,12,Winter,0,0,0,느티나무 셀프BBQ,쌈장
2023-12-29,0,12,Winter,0,0,0,느티나무 셀프BBQ,쌈장
2023-12-30,0,12,Winter,1,0,1,느티나무 셀프BBQ,쌈장
2023-12-31,0,12,Winter,1,0,1,느티나무 셀프BBQ,쌈장
2024-01-01,0,1,Winter,0,1,1,느티나무 셀프BBQ,쌈장
2024-01-02,1,1,Winter,0,0,0,느티나무 셀프BBQ,쌈장
2024-01-03,0,1,Winter,0,0,0,느티나무 셀프BBQ,쌈장
2024-01-04,0,1,Winter,0,0,0,느티나무 셀프BBQ,쌈장
2024-01-05,1,1,Winter,0,0,0,느티나무 셀프BBQ,쌈장
2024-01-06,0,1,Winter,1,0,1,느티나무 셀프BBQ,쌈장
2024-01-07,0,1,Winter,1,0,1,느티나무 셀프BBQ,쌈장
2024-01-08,0,1,Winter,0,0,0,느티나무 셀프BBQ,쌈장
2024-01-09,0,1,Winter,0,0,0,느티나무 셀프BBQ,쌈장
2024-01-10,0,1,Winter,0,0,0,느티나무 셀프BBQ,쌈장
2024-01-11,0,1,Winter,0,0,0,느티나무 셀프BBQ,쌈장
2024-01-12,0,1,Winter,0,0,0,느티나무 셀프BBQ,쌈장
2024-01-13,0,1,Winter,1,0,1,느티나무 셀프BBQ,쌈장
2024-01-14,0,1,Winter,1,0,1,느티나무 셀프BBQ,쌈장
2024-01-15,0,1,Winter,0,0,0,느티나무 셀프BBQ,쌈장
2024-01-16,1,1,Winter,0,0,0,느티나무 셀프BBQ,쌈장
2024-01-17,0,1,Winter,0,0,0,느티나무 셀프BBQ,쌈장
2024-01-18,0,1,Winter,0,0,0,느티나무 셀프BBQ,쌈장
2024-01-19,0,1,Winter,0,0,0,느티나무 셀프BBQ,쌈장
2024-01-20,0,1,Winter,1,0,1,느티나무 셀프BBQ,쌈장
2024-01-21,0,1,Winter,1,0,1,느티나무 셀프BBQ,쌈장
2024-01-22,0,1,Winter,0,0,0,느티나무 셀프BBQ,쌈장
2024-01-23,0,1,Winter,0,0,0,느티나무 셀프BBQ,쌈장
2024-01-24,0,1,Winter,0,0,0,느티나무 셀프BBQ,쌈장
2024-01-25,1,1,Winter,0,0,0,느티나무 셀프BBQ,쌈장
2024-01-26,0,1,Winter,0,0,0,느티나무 셀프BBQ,쌈장
2024-01-27,0,1,Winter,1,0,1,느티나무 셀프BBQ,쌈장
2024-01-28,0,1,Winter,1,0,1,느티나무 셀프BBQ,쌈장
2024-01-29,0,1,Winter,0,0,0,느티나무 셀프BBQ,쌈장
2024-01-30,1,1,Winter,0,0,0,느티나무 셀프BBQ,쌈장
2024-01-31,0,1,Winter,0,0,0,느티나무 셀프BBQ,쌈장
2024-02-01,0,2,Winter,0,0,0,느티나무 셀프BBQ,쌈장
2024-02-02,1,2,Winter,0,0,0,느티나무 셀프BBQ,쌈장
2024-02-03,1,2,Winter,1,0,1,느티나무 셀프BBQ,쌈장
2024-02-04,0,2,Winter,1,0,1,느티나무 셀프BBQ,쌈장
2024-02-05,1,2,Winter,0,0,0,느티나무 셀프BBQ,쌈장
2024-02-06,1,2,Winter,0,0,0,느티나무 셀프BBQ,쌈장
2024-02-07,1,2,Winter,0,0,0,느티나무 셀프BBQ,쌈장
2024-02-08,1,2,Winter,0,0,0,느티나무 셀프BBQ,쌈장
2024-02-09,0,2,Winter,0,1,1,느티나무 셀프BBQ,쌈장
2024-02-10,0,2,Winter,1,1,1,느티나무 셀프BBQ,쌈장
2024-02-11,0,2,Winter,1,1,1,느티나무 셀프BBQ,쌈장
2024-02-12,0,2,Winter,0,1,1,느티나무 셀프BBQ,쌈장
2024-02-13,1,2,Winter,0,0,0,느티나무 셀프BBQ,쌈장
2024-02-14,0,2,Winter,0,0,0,느티나무 셀프BBQ,쌈장
2024-02-15,0,2,Winter,0,0,0,느티나무 셀프BBQ,쌈장
2024-02-16,0,2,Winter,0,0,0,느티나무 셀프BBQ,쌈장
2024-02-17,0,2,Winter,1,0,1,느티나무 셀프BBQ,쌈장
2024-02-18,0,2,Winter,1,0,1,느티나무 셀프BBQ,쌈장
2024-02-19,1,2,Winter,0,0,0,느티나무 셀프BBQ,쌈장
2024-02-20,0,2,Winter,0,0,0,느티나무 셀프BBQ,쌈장
2024-02-21,1,2,Winter,0,0,0,느티나무 셀프BBQ,쌈장
2024-02-22,0,2,Winter,0,0,0,느티나무 셀프BBQ,쌈장
2024-02-23,0,2,Winter,0,0,0,느티나무 셀프BBQ,쌈장
2024-02-24,0,2,Winter,1,0,1,느티나무 셀프BBQ,쌈장
2024-02-25,0,2,Winter,1,0,1,느티나무 셀프BBQ,쌈장
2024-02-26,0,2,Winter,0,0,0,느티나무 셀프BBQ,쌈장
2024-02-27,0,2,Winter,0,0,0,느티나무 셀프BBQ,쌈장
2024-02-28,0,2,Winter,0,0,0,느티나무 셀프BBQ,쌈장
2024-02-29,0,2,Winter,0,0,0,느티나무 셀프BBQ,쌈장
2024-03-01,0,3,Spring,0,1,1,느티나무 셀프BBQ,쌈장
2024-03-02,0,3,Spring,1,0,1,느티나무 셀프BBQ,쌈장
2024-03-03,0,3,Spring,1,0,1,느티나무 셀프BBQ,쌈장
2024-03-04,0,3,Spring,0,0,0,느티나무 셀프BBQ,쌈장
2024-03-05,0,3,Spring,0,0,0,느티나무 셀프BBQ,쌈장
2024-03-06,0,3,Spring,0,0,0,느티나무 셀프BBQ,쌈장
2024-03-07,0,3,Spring,0,0,0,느티나무 셀프BBQ,쌈장
2024-03-08,0,3,Spring,0,0,0,느티나무 셀프BBQ,쌈장
2024-03-09,0,3,Spring,1,0,1,느티나무 셀프BBQ,쌈장
2024-03-10,0,3,Spring,1,0,1,느티나무 셀프BBQ,쌈장
2024-03-11,0,3,Spring,0,0,0,느티나무 셀프BBQ,쌈장
2024-03-12,0,3,Spring,0,0,0,느티나무 셀프BBQ,쌈장
2024-03-13,0,3,Spring,0,0,0,느티나무 셀프BBQ,쌈장
2024-03-14,0,3,Spring,0,0,0,느티나무 셀프BBQ,쌈장
2024-03-15,1,3,Spring,0,0,0,느티나무 셀프BBQ,쌈장
2024-03-16,1,3,Spring,1,0,1,느티나무 셀프BBQ,쌈장
2024-03-17,0,3,Spring,1,0,1,느티나무 셀프BBQ,쌈장
2024-03-18,0,3,Spring,0,0,0,느티나무 셀프BBQ,쌈장
2024-03-19,0,3,Spring,0,0,0,느티나무 셀프BBQ,쌈장
2024-03-20,0,3,Spring,0,0,0,느티나무 셀프BBQ,쌈장
2024-03-21,0,3,Spring,0,0,0,느티나무 셀프BBQ,쌈장
2024-03-22,1,3,Spring,0,0,0,느티나무 셀프BBQ,쌈장
2024-03-23,1,3,Spring,1,0,1,느티나무 셀프BBQ,쌈장
2024-03-24,0,3,Spring,1,0,1,느티나무 셀프BBQ,쌈장
2024-03-25,0,3,Spring,0,0,0,느티나무 셀프BBQ,쌈장
2024-03-26,0,3,Spring,0,0,0,느티나무 셀프BBQ,쌈장
2024-03-27,0,3,Spring,0,0,0,느티나무 셀프BBQ,쌈장
2024-03-28,0,3,Spring,0,0,0,느티나무 셀프BBQ,쌈장
2024-03-29,2,3,Spring,0,0,0,느티나무 셀프BBQ,쌈장
2024-03-30,0,3,Spring,1,0,1,느티나무 셀프BBQ,쌈장
2024-03-31,0,3,Spring,1,0,1,느티나무 셀프BBQ,쌈장
2024-04-01,0,4,Spring,0,0,0,느티나무 셀프BBQ,쌈장
2024-04-02,0,4,Spring,0,0,0,느티나무 셀프BBQ,쌈장
2024-04-03,0,4,Spring,0,0,0,느티나무 셀프BBQ,쌈장
2024-04-04,0,4,Spring,0,0,0,느티나무 셀프BBQ,쌈장
2024-04-05,0,4,Spring,0,0,0,느티나무 셀프BBQ,쌈장
2024-04-06,1,4,Spring,1,0,1,느티나무 셀프BBQ,쌈장
2024-04-07,1,4,Spring,1,0,1,느티나무 셀프BBQ,쌈장
2024-04-08,0,4,Spring,0,0,0,느티나무 셀프BBQ,쌈장
2024-04-09,1,4,Spring,0,0,0,느티나무 셀프BBQ,쌈장
2024-04-10,1,4,Spring,0,1,1,느티나무 셀프BBQ,쌈장
2024-04-11,0,4,Spring,0,0,0,느티나무 셀프BBQ,쌈장
2024-04-12,0,4,Spring,0,0,0,느티나무 셀프BBQ,쌈장
2024-04-13,0,4,Spring,1,0,1,느티나무 셀프BBQ,쌈장
2024-04-14,1,4,Spring,1,0,1,느티나무 셀프BBQ,쌈장
2024-04-15,0,4,Spring,0,0,0,느티나무 셀프BBQ,쌈장
2024-04-16,0,4,Spring,0,0,0,느티나무 셀프BBQ,쌈장
2024-04-17,0,4,Spring,0,0,0,느티나무 셀프BBQ,쌈장
2024-04-18,0,4,Spring,0,0,0,느티나무 셀프BBQ,쌈장
2024-04-19,0,4,Spring,0,0,0,느티나무 셀프BBQ,쌈장
2024-04-20,0,4,Spring,1,0,1,느티나무 셀프BBQ,쌈장
2024-04-21,2,4,Spring,1,0,1,느티나무 셀프BBQ,쌈장
2024-04-22,0,4,Spring,0,0,0,느티나무 셀프BBQ,쌈장
2024-04-23,0,4,Spring,0,0,0,느티나무 셀프BBQ,쌈장
2024-04-24,0,4,Spring,0,0,0,느티나무 셀프BBQ,쌈장
2024-04-25,0,4,Spring,0,0,0,느티나무 셀프BBQ,쌈장
2024-04-26,0,4,Spring,0,0,0,느티나무 셀프BBQ,쌈장
2024-04-27,0,4,Spring,1,0,1,느티나무 셀프BBQ,쌈장
2024-04-28,2,4,Spring,1,0,1,느티나무 셀프BBQ,쌈장
2024-04-29,0,4,Spring,0,0,0,느티나무 셀프BBQ,쌈장
2024-04-30,0,4,Spring,0,0,0,느티나무 셀프BBQ,쌈장
2024-05-01,2,5,Spring,0,0,0,느티나무 셀프BBQ,쌈장
2024-05-02,0,5,Spring,0,0,0,느티나무 셀프BBQ,쌈장
2024-05-03,2,5,Spring,0,0,0,느티나무 셀프BBQ,쌈장
2024-05-04,4,5,Spring,1,0,1,느티나무 셀프BBQ,쌈장
2024-05-05,2,5,Spring,1,1,1,느티나무 셀프BBQ,쌈장
2024-05-06,0,5,Spring,0,1,1,느티나무 셀프BBQ,쌈장
2024-05-07,0,5,Spring,0,0,0,느티나무 셀프BBQ,쌈장
2024-05-08,0,5,Spring,0,0,0,느티나무 셀프BBQ,쌈장
2024-05-09,0,5,Spring,0,0,0,느티나무 셀프BBQ,쌈장
2024-05-10,0,5,Spring,0,0,0,느티나무 셀프BBQ,쌈장
2024-05-11,2,5,Spring,1,0,1,느티나무 셀프BBQ,쌈장
2024-05-12,0,5,Spring,1,0,1,느티나무 셀프BBQ,쌈장
2024-05-13,0,5,Spring,0,0,0,느티나무 셀프BBQ,쌈장
2024-05-14,0,5,Spring,0,0,0,느티나무 셀프BBQ,쌈장
2024-05-15,1,5,Spring,0,1,1,느티나무 셀프BBQ,쌈장
2024-05-16,0,5,Spring,0,0,0,느티나무 셀프BBQ,쌈장
2024-05-17,1,5,Spring,0,0,0,느티나무 셀프BBQ,쌈장
2024-05-18,1,5,Spring,1,0,1,느티나무 셀프BBQ,쌈장
2024-05-19,0,5,Spring,1,0,1,느티나무 셀프BBQ,쌈장
2024-05-20,0,5,Spring,0,0,0,느티나무 셀프BBQ,쌈장
2024-05-21,0,5,Spring,0,0,0,느티나무 셀프BBQ,쌈장
2024-05-22,0,5,Spring,0,0,0,느티나무 셀프BBQ,쌈장
2024-05-23,0,5,Spring,0,0,0,느티나무 셀프BBQ,쌈장
2024-05-24,1,5,Spring,0,0,0,느티나무 셀프BBQ,쌈장
2024-05-25,3,5,Spring,1,0,1,느티나무 셀프BBQ,쌈장
2024-05-26,0,5,Spring,1,0,1,느티나무 셀프BBQ,쌈장
2024-05-27,0,5,Spring,0,0,0,느티나무 셀프BBQ,쌈장
2024-05-28,0,5,Spring,0,0,0,느티나무 셀프BBQ,쌈장
2024-05-29,0,5,Spring,0,0,0,느티나무 셀프BBQ,쌈장
2024-05-30,0,5,Spring,0,0,0,느티나무 셀프BBQ,쌈장
2024-05-31,1,5,Spring,0,0,0,느티나무 셀프BBQ,쌈장
2024-06-01,1,6,Summer,1,0,1,느티나무 셀프BBQ,쌈장
2024-06-02,1,6,Summer,1,0,1,느티나무 셀프BBQ,쌈장
2024-06-03,0,6,Summer,0,0,0,느티나무 셀프BBQ,쌈장
2024-06-04,0,6,Summer,0,0,0,느티나무 셀프BBQ,쌈장
2024-06-05,1,6,Summer,0,0,0,느티나무 셀프BBQ,쌈장
2024-06-06,1,6,Summer,0,1,1,느티나무 셀프BBQ,쌈장
2024-06-07,1,6,Summer,0,0,0,느티나무 셀프BBQ,쌈장
2024-06-08,0,6,Summer,1,0,1,느티나무 셀프BBQ,쌈장
2024-06-09,3,6,Summer,1,0,1,느티나무 셀프BBQ,쌈장
2024-06-10,0,6,Summer,0,0,0,느티나무 셀프BBQ,쌈장
2024-06-11,0,6,Summer,0,0,0,느티나무 셀프BBQ,쌈장
2024-06-12,0,6,Summer,0,0,0,느티나무 셀프BBQ,쌈장
2024-06-13,0,6,Summer,0,0,0,느티나무 셀프BBQ,쌈장
2024-06-14,2,6,Summer,0,0,0,느티나무 셀프BBQ,쌈장
2024-06-15,2,6,Summer,1,0,1,느티나무 셀프BBQ,쌈장
2023-01-01,0,1,Winter,1,1,1,느티나무 셀프BBQ,육개장 사발면
2023-01-02,0,1,Winter,0,0,0,느티나무 셀프BBQ,육개장 사발면
2023-01-03,0,1,Winter,0,0,0,느티나무 셀프BBQ,육개장 사발면
2023-01-04,0,1,Winter,0,0,0,느티나무 셀프BBQ,육개장 사발면
2023-01-05,0,1,Winter,0,0,0,느티나무 셀프BBQ,육개장 사발면
2023-01-06,0,1,Winter,0,0,0,느티나무 셀프BBQ,육개장 사발면
2023-01-07,0,1,Winter,1,0,1,느티나무 셀프BBQ,육개장 사발면
2023-01-08,0,1,Winter,1,0,1,느티나무 셀프BBQ,육개장 사발면
2023-01-09,0,1,Winter,0,0,0,느티나무 셀프BBQ,육개장 사발면
2023-01-10,0,1,Winter,0,0,0,느티나무 셀프BBQ,육개장 사발면
2023-01-11,0,1,Winter,0,0,0,느티나무 셀프BBQ,육개장 사발면
2023-01-12,0,1,Winter,0,0,0,느티나무 셀프BBQ,육개장 사발면
2023-01-13,0,1,Winter,0,0,0,느티나무 셀프BBQ,육개장 사발면
2023-01-14,0,1,Winter,1,0,1,느티나무 셀프BBQ,육개장 사발면
2023-01-15,0,1,Winter,1,0,1,느티나무 셀프BBQ,육개장 사발면
2023-01-16,0,1,Winter,0,0,0,느티나무 셀프BBQ,육개장 사발면
2023-01-17,0,1,Winter,0,0,0,느티나무 셀프BBQ,육개장 사발면
2023-01-18,0,1,Winter,0,0,0,느티나무 셀프BBQ,육개장 사발면
2023-01-19,0,1,Winter,0,0,0,느티나무 셀프BBQ,육개장 사발면
2023-01-20,0,1,Winter,0,0,0,느티나무 셀프BBQ,육개장 사발면
2023-01-21,0,1,Winter,1,1,1,느티나무 셀프BBQ,육개장 사발면
2023-01-22,0,1,Winter,1,1,1,느티나무 셀프BBQ,육개장 사발면
2023-01-23,0,1,Winter,0,1,1,느티나무 셀프BBQ,육개장 사발면
2023-01-24,0,1,Winter,0,1,1,느티나무 셀프BBQ,육개장 사발면
2023-01-25,0,1,Winter,0,0,0,느티나무 셀프BBQ,육개장 사발면
2023-01-26,0,1,Winter,0,0,0,느티나무 셀프BBQ,육개장 사발면
2023-01-27,0,1,Winter,0,0,0,느티나무 셀프BBQ,육개장 사발면
2023-01-28,0,1,Winter,1,0,1,느티나무 셀프BBQ,육개장 사발면
2023-01-29,0,1,Winter,1,0,1,느티나무 셀프BBQ,육개장 사발면
2023-01-30,0,1,Winter,0,0,0,느티나무 셀프BBQ,육개장 사발면
2023-01-31,0,1,Winter,0,0,0,느티나무 셀프BBQ,육개장 사발면
2023-02-01,0,2,Winter,0,0,0,느티나무 셀프BBQ,육개장 사발면
2023-02-02,0,2,Winter,0,0,0,느티나무 셀프BBQ,육개장 사발면
2023-02-03,0,2,Winter,0,0,0,느티나무 셀프BBQ,육개장 사발면
2023-02-04,0,2,Winter,1,0,1,느티나무 셀프BBQ,육개장 사발면
2023-02-05,0,2,Winter,1,0,1,느티나무 셀프BBQ,육개장 사발면
2023-02-06,0,2,Winter,0,0,0,느티나무 셀프BBQ,육개장 사발면
2023-02-07,0,2,Winter,0,0,0,느티나무 셀프BBQ,육개장 사발면
2023-02-08,0,2,Winter,0,0,0,느티나무 셀프BBQ,육개장 사발면
2023-02-09,0,2,Winter,0,0,0,느티나무 셀프BBQ,육개장 사발면
2023-02-10,0,2,Winter,0,0,0,느티나무 셀프BBQ,육개장 사발면
2023-02-11,0,2,Winter,1,0,1,느티나무 셀프BBQ,육개장 사발면
2023-02-12,0,2,Winter,1,0,1,느티나무 셀프BBQ,육개장 사발면
2023-02-13,0,2,Winter,0,0,0,느티나무 셀프BBQ,육개장 사발면
2023-02-14,0,2,Winter,0,0,0,느티나무 셀프BBQ,육개장 사발면
2023-02-15,0,2,Winter,0,0,0,느티나무 셀프BBQ,육개장 사발면
2023-02-16,0,2,Winter,0,0,0,느티나무 셀프BBQ,육개장 사발면
2023-02-17,0,2,Winter,0,0,0,느티나무 셀프BBQ,육개장 사발면
2023-02-18,0,2,Winter,1,0,1,느티나무 셀프BBQ,육개장 사발면
2023-02-19,0,2,Winter,1,0,1,느티나무 셀프BBQ,육개장 사발면
2023-02-20,0,2,Winter,0,0,0,느티나무 셀프BBQ,육개장 사발면
2023-02-21,0,2,Winter,0,0,0,느티나무 셀프BBQ,육개장 사발면
2023-02-22,0,2,Winter,0,0,0,느티나무 셀프BBQ,육개장 사발면
2023-02-23,0,2,Winter,0,0,0,느티나무 셀프BBQ,육개장 사발면
2023-02-24,0,2,Winter,0,0,0,느티나무 셀프BBQ,육개장 사발면
2023-02-25,0,2,Winter,1,0,1,느티나무 셀프BBQ,육개장 사발면
2023-02-26,0,2,Winter,1,0,1,느티나무 셀프BBQ,육개장 사발면
2023-02-27,0,2,Winter,0,0,0,느티나무 셀프BBQ,육개장 사발면
2023-02-28,0,2,Winter,0,0,0,느티나무 셀프BBQ,육개장 사발면
2023-03-01,0,3,Spring,0,1,1,느티나무 셀프BBQ,육개장 사발면
2023-03-02,0,3,Spring,0,0,0,느티나무 셀프BBQ,육개장 사발면
2023-03-03,0,3,Spring,0,0,0,느티나무 셀프BBQ,육개장 사발면
2023-03-04,0,3,Spring,1,0,1,느티나무 셀프BBQ,육개장 사발면
2023-03-05,0,3,Spring,1,0,1,느티나무 셀프BBQ,육개장 사발면
2023-03-06,0,3,Spring,0,0,0,느티나무 셀프BBQ,육개장 사발면
2023-03-07,0,3,Spring,0,0,0,느티나무 셀프BBQ,육개장 사발면
2023-03-08,0,3,Spring,0,0,0,느티나무 셀프BBQ,육개장 사발면
2023-03-09,0,3,Spring,0,0,0,느티나무 셀프BBQ,육개장 사발면
2023-03-10,0,3,Spring,0,0,0,느티나무 셀프BBQ,육개장 사발면
2023-03-11,0,3,Spring,1,0,1,느티나무 셀프BBQ,육개장 사발면
2023-03-12,0,3,Spring,1,0,1,느티나무 셀프BBQ,육개장 사발면
2023-03-13,0,3,Spring,0,0,0,느티나무 셀프BBQ,육개장 사발면
2023-03-14,0,3,Spring,0,0,0,느티나무 셀프BBQ,육개장 사발면
2023-03-15,0,3,Spring,0,0,0,느티나무 셀프BBQ,육개장 사발면
2023-03-16,0,3,Spring,0,0,0,느티나무 셀프BBQ,육개장 사발면
2023-03-17,0,3,Spring,0,0,0,느티나무 셀프BBQ,육개장 사발면
2023-03-18,0,3,Spring,1,0,1,느티나무 셀프BBQ,육개장 사발면
2023-03-19,0,3,Spring,1,0,1,느티나무 셀프BBQ,육개장 사발면
2023-03-20,0,3,Spring,0,0,0,느티나무 셀프BBQ,육개장 사발면
2023-03-21,0,3,Spring,0,0,0,느티나무 셀프BBQ,육개장 사발면
2023-03-22,0,3,Spring,0,0,0,느티나무 셀프BBQ,육개장 사발면
2023-03-23,0,3,Spring,0,0,0,느티나무 셀프BBQ,육개장 사발면
2023-03-24,0,3,Spring,0,0,0,느티나무 셀프BBQ,육개장 사발면
2023-03-25,0,3,Spring,1,0,1,느티나무 셀프BBQ,육개장 사발면
2023-03-26,0,3,Spring,1,0,1,느티나무 셀프BBQ,육개장 사발면
2023-03-27,0,3,Spring,0,0,0,느티나무 셀프BBQ,육개장 사발면
2023-03-28,0,3,Spring,0,0,0,느티나무 셀프BBQ,육개장 사발면
2023-03-29,0,3,Spring,0,0,0,느티나무 셀프BBQ,육개장 사발면
2023-03-30,0,3,Spring,0,0,0,느티나무 셀프BBQ,육개장 사발면
2023-03-31,0,3,Spring,0,0,0,느티나무 셀프BBQ,육개장 사발면
2023-04-01,0,4,Spring,1,0,1,느티나무 셀프BBQ,육개장 사발면
2023-04-02,0,4,Spring,1,0,1,느티나무 셀프BBQ,육개장 사발면
2023-04-03,0,4,Spring,0,0,0,느티나무 셀프BBQ,육개장 사발면
2023-04-04,0,4,Spring,0,0,0,느티나무 셀프BBQ,육개장 사발면
2023-04-05,0,4,Spring,0,0,0,느티나무 셀프BBQ,육개장 사발면
2023-04-06,0,4,Spring,0,0,0,느티나무 셀프BBQ,육개장 사발면
2023-04-07,0,4,Spring,0,0,0,느티나무 셀프BBQ,육개장 사발면
2023-04-08,0,4,Spring,1,0,1,느티나무 셀프BBQ,육개장 사발면
2023-04-09,0,4,Spring,1,0,1,느티나무 셀프BBQ,육개장 사발면
2023-04-10,0,4,Spring,0,0,0,느티나무 셀프BBQ,육개장 사발면
2023-04-11,0,4,Spring,0,0,0,느티나무 셀프BBQ,육개장 사발면
2023-04-12,0,4,Spring,0,0,0,느티나무 셀프BBQ,육개장 사발면
2023-04-13,0,4,Spring,0,0,0,느티나무 셀프BBQ,육개장 사발면
2023-04-14,3,4,Spring,0,0,0,느티나무 셀프BBQ,육개장 사발면
2023-04-15,3,4,Spring,1,0,1,느티나무 셀프BBQ,육개장 사발면
2023-04-16,0,4,Spring,1,0,1,느티나무 셀프BBQ,육개장 사발면
2023-04-17,0,4,Spring,0,0,0,느티나무 셀프BBQ,육개장 사발면
2023-04-18,0,4,Spring,0,0,0,느티나무 셀프BBQ,육개장 사발면
2023-04-19,0,4,Spring,0,0,0,느티나무 셀프BBQ,육개장 사발면
2023-04-20,0,4,Spring,0,0,0,느티나무 셀프BBQ,육개장 사발면
2023-04-21,0,4,Spring,0,0,0,느티나무 셀프BBQ,육개장 사발면
2023-04-22,6,4,Spring,1,0,1,느티나무 셀프BBQ,육개장 사발면
2023-04-23,1,4,Spring,1,0,1,느티나무 셀프BBQ,육개장 사발면
2023-04-24,0,4,Spring,0,0,0,느티나무 셀프BBQ,육개장 사발면
2023-04-25,0,4,Spring,0,0,0,느티나무 셀프BBQ,육개장 사발면
2023-04-26,0,4,Spring,0,0,0,느티나무 셀프BBQ,육개장 사발면
2023-04-27,0,4,Spring,0,0,0,느티나무 셀프BBQ,육개장 사발면
2023-04-28,0,4,Spring,0,0,0,느티나무 셀프BBQ,육개장 사발면
2023-04-29,15,4,Spring,1,0,1,느티나무 셀프BBQ,육개장 사발면
2023-04-30,1,4,Spring,1,0,1,느티나무 셀프BBQ,육개장 사발면
2023-05-01,0,5,Spring,0,0,0,느티나무 셀프BBQ,육개장 사발면
2023-05-02,0,5,Spring,0,0,0,느티나무 셀프BBQ,육개장 사발면
2023-05-03,0,5,Spring,0,0,0,느티나무 셀프BBQ,육개장 사발면
2023-05-04,1,5,Spring,0,0,0,느티나무 셀프BBQ,육개장 사발면
2023-05-05,8,5,Spring,0,1,1,느티나무 셀프BBQ,육개장 사발면
2023-05-06,4,5,Spring,1,0,1,느티나무 셀프BBQ,육개장 사발면
2023-05-07,2,5,Spring,1,0,1,느티나무 셀프BBQ,육개장 사발면
2023-05-08,0,5,Spring,0,0,0,느티나무 셀프BBQ,육개장 사발면
2023-05-09,3,5,Spring,0,0,0,느티나무 셀프BBQ,육개장 사발면
2023-05-10,0,5,Spring,0,0,0,느티나무 셀프BBQ,육개장 사발면
2023-05-11,0,5,Spring,0,0,0,느티나무 셀프BBQ,육개장 사발면
2023-05-12,0,5,Spring,0,0,0,느티나무 셀프BBQ,육개장 사발면
2023-05-13,2,5,Spring,1,0,1,느티나무 셀프BBQ,육개장 사발면
2023-05-14,1,5,Spring,1,0,1,느티나무 셀프BBQ,육개장 사발면
2023-05-15,0,5,Spring,0,0,0,느티나무 셀프BBQ,육개장 사발면
2023-05-16,0,5,Spring,0,0,0,느티나무 셀프BBQ,육개장 사발면
2023-05-17,0,5,Spring,0,0,0,느티나무 셀프BBQ,육개장 사발면
2023-05-18,0,5,Spring,0,0,0,느티나무 셀프BBQ,육개장 사발면
2023-05-19,1,5,Spring,0,0,0,느티나무 셀프BBQ,육개장 사발면
2023-05-20,6,5,Spring,1,0,1,느티나무 셀프BBQ,육개장 사발면
2023-05-21,5,5,Spring,1,0,1,느티나무 셀프BBQ,육개장 사발면
2023-05-22,0,5,Spring,0,0,0,느티나무 셀프BBQ,육개장 사발면
2023-05-23,0,5,Spring,0,0,0,느티나무 셀프BBQ,육개장 사발면
2023-05-24,0,5,Spring,0,0,0,느티나무 셀프BBQ,육개장 사발면
2023-05-25,0,5,Spring,0,0,0,느티나무 셀프BBQ,육개장 사발면
2023-05-26,6,5,Spring,0,0,0,느티나무 셀프BBQ,육개장 사발면
2023-05-27,11,5,Spring,1,1,1,느티나무 셀프BBQ,육개장 사발면
2023-05-28,4,5,Spring,1,0,1,느티나무 셀프BBQ,육개장 사발면
2023-05-29,0,5,Spring,0,1,1,느티나무 셀프BBQ,육개장 사발면
2023-05-30,0,5,Spring,0,0,0,느티나무 셀프BBQ,육개장 사발면
2023-05-31,0,5,Spring,0,0,0,느티나무 셀프BBQ,육개장 사발면
2023-06-01,0,6,Summer,0,0,0,느티나무 셀프BBQ,육개장 사발면
2023-06-02,1,6,Summer,0,0,0,느티나무 셀프BBQ,육개장 사발면
2023-06-03,6,6,Summer,1,0,1,느티나무 셀프BBQ,육개장 사발면
2023-06-04,9,6,Summer,1,0,1,느티나무 셀프BBQ,육개장 사발면
2023-06-05,0,6,Summer,0,0,0,느티나무 셀프BBQ,육개장 사발면
2023-06-06,1,6,Summer,0,1,1,느티나무 셀프BBQ,육개장 사발면
2023-06-07,0,6,Summer,0,0,0,느티나무 셀프BBQ,육개장 사발면
2023-06-08,0,6,Summer,0,0,0,느티나무 셀프BBQ,육개장 사발면
2023-06-09,2,6,Summer,0,0,0,느티나무 셀프BBQ,육개장 사발면
2023-06-10,1,6,Summer,1,0,1,느티나무 셀프BBQ,육개장 사발면
2023-06-11,1,6,Summer,1,0,1,느티나무 셀프BBQ,육개장 사발면
2023-06-12,0,6,Summer,0,0,0,느티나무 셀프BBQ,육개장 사발면
2023-06-13,0,6,Summer,0,0,0,느티나무 셀프BBQ,육개장 사발면
2023-06-14,0,6,Summer,0,0,0,느티나무 셀프BBQ,육개장 사발면
2023-06-15,0,6,Summer,0,0,0,느티나무 셀프BBQ,육개장 사발면
2023-06-16,0,6,Summer,0,0,0,느티나무 셀프BBQ,육개장 사발면
2023-06-17,1,6,Summer,1,0,1,느티나무 셀프BBQ,육개장 사발면
2023-06-18,0,6,Summer,1,0,1,느티나무 셀프BBQ,육개장 사발면
2023-06-19,0,6,Summer,0,0,0,느티나무 셀프BBQ,육개장 사발면
2023-06-20,0,6,Summer,0,0,0,느티나무 셀프BBQ,육개장 사발면
2023-06-21,0,6,Summer,0,0,0,느티나무 셀프BBQ,육개장 사발면
2023-06-22,0,6,Summer,0,0,0,느티나무 셀프BBQ,육개장 사발면
2023-06-23,0,6,Summer,0,0,0,느티나무 셀프BBQ,육개장 사발면
2023-06-24,5,6,Summer,1,0,1,느티나무 셀프BBQ,육개장 사발면
2023-06-25,0,6,Summer,1,0,1,느티나무 셀프BBQ,육개장 사발면
2023-06-26,0,6,Summer,0,0,0,느티나무 셀프BBQ,육개장 사발면
2023-06-27,0,6,Summer,0,0,0,느티나무 셀프BBQ,육개장 사발면
2023-06-28,0,6,Summer,0,0,0,느티나무 셀프BBQ,육개장 사발면
2023-06-29,0,6,Summer,0,0,0,느티나무 셀프BBQ,육개장 사발면
2023-06-30,0,6,Summer,0,0,0,느티나무 셀프BBQ,육개장 사발면
2023-07-01,0,7,Summer,1,0,1,느티나무 셀프BBQ,육개장 사발면
2023-07-02,0,7,Summer,1,0,1,느티나무 셀프BBQ,육개장 사발면
2023-07-03,0,7,Summer,0,0,0,느티나무 셀프BBQ,육개장 사발면
2023-07-04,0,7,Summer,0,0,0,느티나무 셀프BBQ,육개장 사발면
2023-07-05,0,7,Summer,0,0,0,느티나무 셀프BBQ,육개장 사발면
2023-07-06,4,7,Summer,0,0,0,느티나무 셀프BBQ,육개장 사발면
2023-07-07,5,7,Summer,0,0,0,느티나무 셀프BBQ,육개장 사발면
2023-07-08,0,7,Summer,1,0,1,느티나무 셀프BBQ,육개장 사발면
2023-07-09,0,7,Summer,1,0,1,느티나무 셀프BBQ,육개장 사발면
2023-07-10,0,7,Summer,0,0,0,느티나무 셀프BBQ,육개장 사발면
2023-07-11,0,7,Summer,0,0,0,느티나무 셀프BBQ,육개장 사발면
2023-07-12,0,7,Summer,0,0,0,느티나무 셀프BBQ,육개장 사발면
2023-07-13,0,7,Summer,0,0,0,느티나무 셀프BBQ,육개장 사발면
2023-07-14,1,7,Summer,0,0,0,느티나무 셀프BBQ,육개장 사발면
2023-07-15,3,7,Summer,1,0,1,느티나무 셀프BBQ,육개장 사발면
2023-07-16,1,7,Summer,1,0,1,느티나무 셀프BBQ,육개장 사발면
2023-07-17,12,7,Summer,0,0,0,느티나무 셀프BBQ,육개장 사발면
2023-07-18,0,7,Summer,0,0,0,느티나무 셀프BBQ,육개장 사발면
2023-07-19,0,7,Summer,0,0,0,느티나무 셀프BBQ,육개장 사발면
2023-07-20,0,7,Summer,0,0,0,느티나무 셀프BBQ,육개장 사발면
2023-07-21,2,7,Summer,0,0,0,느티나무 셀프BBQ,육개장 사발면
2023-07-22,4,7,Summer,1,0,1,느티나무 셀프BBQ,육개장 사발면
2023-07-23,2,7,Summer,1,0,1,느티나무 셀프BBQ,육개장 사발면
2023-07-24,0,7,Summer,0,0,0,느티나무 셀프BBQ,육개장 사발면
2023-07-25,0,7,Summer,0,0,0,느티나무 셀프BBQ,육개장 사발면
2023-07-26,3,7,Summer,0,0,0,느티나무 셀프BBQ,육개장 사발면
2023-07-27,1,7,Summer,0,0,0,느티나무 셀프BBQ,육개장 사발면
2023-07-28,2,7,Summer,0,0,0,느티나무 셀프BBQ,육개장 사발면
2023-07-29,2,7,Summer,1,0,1,느티나무 셀프BBQ,육개장 사발면
2023-07-30,2,7,Summer,1,0,1,느티나무 셀프BBQ,육개장 사발면
2023-07-31,0,7,Summer,0,0,0,느티나무 셀프BBQ,육개장 사발면
2023-08-01,0,8,Summer,0,0,0,느티나무 셀프BBQ,육개장 사발면
2023-08-02,0,8,Summer,0,0,0,느티나무 셀프BBQ,육개장 사발면
2023-08-03,0,8,Summer,0,0,0,느티나무 셀프BBQ,육개장 사발면
2023-08-04,6,8,Summer,0,0,0,느티나무 셀프BBQ,육개장 사발면
2023-08-05,4,8,Summer,1,0,1,느티나무 셀프BBQ,육개장 사발면
2023-08-06,1,8,Summer,1,0,1,느티나무 셀프BBQ,육개장 사발면
2023-08-07,0,8,Summer,0,0,0,느티나무 셀프BBQ,육개장 사발면
2023-08-08,0,8,Summer,0,0,0,느티나무 셀프BBQ,육개장 사발면
2023-08-09,12,8,Summer,0,0,0,느티나무 셀프BBQ,육개장 사발면
2023-08-10,5,8,Summer,0,0,0,느티나무 셀프BBQ,육개장 사발면
2023-08-11,0,8,Summer,0,0,0,느티나무 셀프BBQ,육개장 사발면
2023-08-12,2,8,Summer,1,0,1,느티나무 셀프BBQ,육개장 사발면
2023-08-13,0,8,Summer,1,0,1,느티나무 셀프BBQ,육개장 사발면
2023-08-14,0,8,Summer,0,0,0,느티나무 셀프BBQ,육개장 사발면
2023-08-15,1,8,Summer,0,1,1,느티나무 셀프BBQ,육개장 사발면
2023-08-16,1,8,Summer,0,0,0,느티나무 셀프BBQ,육개장 사발면
2023-08-17,2,8,Summer,0,0,0,느티나무 셀프BBQ,육개장 사발면
2023-08-18,0,8,Summer,0,0,0,느티나무 셀프BBQ,육개장 사발면
2023-08-19,1,8,Summer,1,0,1,느티나무 셀프BBQ,육개장 사발면
2023-08-20,0,8,Summer,1,0,1,느티나무 셀프BBQ,육개장 사발면
2023-08-21,0,8,Summer,0,0,0,느티나무 셀프BBQ,육개장 사발면
2023-08-22,0,8,Summer,0,0,0,느티나무 셀프BBQ,육개장 사발면
2023-08-23,0,8,Summer,0,0,0,느티나무 셀프BBQ,육개장 사발면
2023-08-24,0,8,Summer,0,0,0,느티나무 셀프BBQ,육개장 사발면
2023-08-25,0,8,Summer,0,0,0,느티나무 셀프BBQ,육개장 사발면
2023-08-26,5,8,Summer,1,0,1,느티나무 셀프BBQ,육개장 사발면
2023-08-27,1,8,Summer,1,0,1,느티나무 셀프BBQ,육개장 사발면
2023-08-28,0,8,Summer,0,0,0,느티나무 셀프BBQ,육개장 사발면
2023-08-29,1,8,Summer,0,0,0,느티나무 셀프BBQ,육개장 사발면
2023-08-30,0,8,Summer,0,0,0,느티나무 셀프BBQ,육개장 사발면
2023-08-31,0,8,Summer,0,0,0,느티나무 셀프BBQ,육개장 사발면
2023-09-01,3,9,Autumn,0,0,0,느티나무 셀프BBQ,육개장 사발면
2023-09-02,2,9,Autumn,1,0,1,느티나무 셀프BBQ,육개장 사발면
2023-09-03,0,9,Autumn,1,0,1,느티나무 셀프BBQ,육개장 사발면
2023-09-04,0,9,Autumn,0,0,0,느티나무 셀프BBQ,육개장 사발면
2023-09-05,0,9,Autumn,0,0,0,느티나무 셀프BBQ,육개장 사발면
2023-09-06,0,9,Autumn,0,0,0,느티나무 셀프BBQ,육개장 사발면
2023-09-07,2,9,Autumn,0,0,0,느티나무 셀프BBQ,육개장 사발면
2023-09-08,1,9,Autumn,0,0,0,느티나무 셀프BBQ,육개장 사발면
2023-09-09,0,9,Autumn,1,0,1,느티나무 셀프BBQ,육개장 사발면
2023-09-10,0,9,Autumn,1,0,1,느티나무 셀프BBQ,육개장 사발면
2023-09-11,0,9,Autumn,0,0,0,느티나무 셀프BBQ,육개장 사발면
2023-09-12,0,9,Autumn,0,0,0,느티나무 셀프BBQ,육개장 사발면
2023-09-13,2,9,Autumn,0,0,0,느티나무 셀프BBQ,육개장 사발면
2023-09-14,0,9,Autumn,0,0,0,느티나무 셀프BBQ,육개장 사발면
2023-09-15,0,9,Autumn,0,0,0,느티나무 셀프BBQ,육개장 사발면
2023-09-16,7,9,Autumn,1,0,1,느티나무 셀프BBQ,육개장 사발면
2023-09-17,0,9,Autumn,1,0,1,느티나무 셀프BBQ,육개장 사발면
2023-09-18,0,9,Autumn,0,0,0,느티나무 셀프BBQ,육개장 사발면
2023-09-19,0,9,Autumn,0,0,0,느티나무 셀프BBQ,육개장 사발면
2023-09-20,0,9,Autumn,0,0,0,느티나무 셀프BBQ,육개장 사발면
2023-09-21,0,9,Autumn,0,0,0,느티나무 셀프BBQ,육개장 사발면
2023-09-22,0,9,Autumn,0,0,0,느티나무 셀프BBQ,육개장 사발면
2023-09-23,7,9,Autumn,1,0,1,느티나무 셀프BBQ,육개장 사발면
2023-09-24,2,9,Autumn,1,0,1,느티나무 셀프BBQ,육개장 사발면
2023-09-25,0,9,Autumn,0,0,0,느티나무 셀프BBQ,육개장 사발면
2023-09-26,0,9,Autumn,0,0,0,느티나무 셀프BBQ,육개장 사발면
2023-09-27,1,9,Autumn,0,0,0,느티나무 셀프BBQ,육개장 사발면
2023-09-28,6,9,Autumn,0,1,1,느티나무 셀프BBQ,육개장 사발면
2023-09-29,3,9,Autumn,0,1,1,느티나무 셀프BBQ,육개장 사발면
2023-09-30,2,9,Autumn,1,1,1,느티나무 셀프BBQ,육개장 사발면
2023-10-01,4,10,Autumn,1,0,1,느티나무 셀프BBQ,육개장 사발면
2023-10-02,0,10,Autumn,0,1,1,느티나무 셀프BBQ,육개장 사발면
2023-10-03,8,10,Autumn,0,1,1,느티나무 셀프BBQ,육개장 사발면
2023-10-04,0,10,Autumn,0,0,0,느티나무 셀프BBQ,육개장 사발면
2023-10-05,2,10,Autumn,0,0,0,느티나무 셀프BBQ,육개장 사발면
2023-10-06,3,10,Autumn,0,0,0,느티나무 셀프BBQ,육개장 사발면
2023-10-07,5,10,Autumn,1,0,1,느티나무 셀프BBQ,육개장 사발면
2023-10-08,3,10,Autumn,1,0,1,느티나무 셀프BBQ,육개장 사발면
2023-10-09,2,10,Autumn,0,1,1,느티나무 셀프BBQ,육개장 사발면
2023-10-10,0,10,Autumn,0,0,0,느티나무 셀프BBQ,육개장 사발면
2023-10-11,7,10,Autumn,0,0,0,느티나무 셀프BBQ,육개장 사발면
2023-10-12,1,10,Autumn,0,0,0,느티나무 셀프BBQ,육개장 사발면
2023-10-13,0,10,Autumn,0,0,0,느티나무 셀프BBQ,육개장 사발면
2023-10-14,3,10,Autumn,1,0,1,느티나무 셀프BBQ,육개장 사발면
2023-10-15,2,10,Autumn,1,0,1,느티나무 셀프BBQ,육개장 사발면
2023-10-16,0,10,Autumn,0,0,0,느티나무 셀프BBQ,육개장 사발면
2023-10-17,0,10,Autumn,0,0,0,느티나무 셀프BBQ,육개장 사발면
2023-10-18,0,10,Autumn,0,0,0,느티나무 셀프BBQ,육개장 사발면
2023-10-19,0,10,Autumn,0,0,0,느티나무 셀프BBQ,육개장 사발면
2023-10-20,0,10,Autumn,0,0,0,느티나무 셀프BBQ,육개장 사발면
2023-10-21,5,10,Autumn,1,0,1,느티나무 셀프BBQ,육개장 사발면
2023-10-22,0,10,Autumn,1,0,1,느티나무 셀프BBQ,육개장 사발면
2023-10-23,0,10,Autumn,0,0,0,느티나무 셀프BBQ,육개장 사발면
2023-10-24,4,10,Autumn,0,0,0,느티나무 셀프BBQ,육개장 사발면
2023-10-25,1,10,Autumn,0,0,0,느티나무 셀프BBQ,육개장 사발면
2023-10-26,0,10,Autumn,0,0,0,느티나무 셀프BBQ,육개장 사발면
2023-10-27,3,10,Autumn,0,0,0,느티나무 셀프BBQ,육개장 사발면
2023-10-28,0,10,Autumn,1,0,1,느티나무 셀프BBQ,육개장 사발면
2023-10-29,2,10,Autumn,1,0,1,느티나무 셀프BBQ,육개장 사발면
2023-10-30,0,10,Autumn,0,0,0,느티나무 셀프BBQ,육개장 사발면
2023-10-31,0,10,Autumn,0,0,0,느티나무 셀프BBQ,육개장 사발면
2023-11-01,0,11,Autumn,0,0,0,느티나무 셀프BBQ,육개장 사발면
2023-11-02,0,11,Autumn,0,0,0,느티나무 셀프BBQ,육개장 사발면
2023-11-03,0,11,Autumn,0,0,0,느티나무 셀프BBQ,육개장 사발면
2023-11-04,0,11,Autumn,1,0,1,느티나무 셀프BBQ,육개장 사발면
2023-11-05,0,11,Autumn,1,0,1,느티나무 셀프BBQ,육개장 사발면
2023-11-06,0,11,Autumn,0,0,0,느티나무 셀프BBQ,육개장 사발면
2023-11-07,0,11,Autumn,0,0,0,느티나무 셀프BBQ,육개장 사발면
2023-11-08,0,11,Autumn,0,0,0,느티나무 셀프BBQ,육개장 사발면
2023-11-09,0,11,Autumn,0,0,0,느티나무 셀프BBQ,육개장 사발면
2023-11-10,0,11,Autumn,0,0,0,느티나무 셀프BBQ,육개장 사발면
2023-11-11,0,11,Autumn,1,0,1,느티나무 셀프BBQ,육개장 사발면
2023-11-12,0,11,Autumn,1,0,1,느티나무 셀프BBQ,육개장 사발면
2023-11-13,0,11,Autumn,0,0,0,느티나무 셀프BBQ,육개장 사발면
2023-11-14,0,11,Autumn,0,0,0,느티나무 셀프BBQ,육개장 사발면
2023-11-15,0,11,Autumn,0,0,0,느티나무 셀프BBQ,육개장 사발면
2023-11-16,0,11,Autumn,0,0,0,느티나무 셀프BBQ,육개장 사발면
2023-11-17,0,11,Autumn,0,0,0,느티나무 셀프BBQ,육개장 사발면
2023-11-18,0,11,Autumn,1,0,1,느티나무 셀프BBQ,육개장 사발면
2023-11-19,0,11,Autumn,1,0,1,느티나무 셀프BBQ,육개장 사발면
2023-11-20,0,11,Autumn,0,0,0,느티나무 셀프BBQ,육개장 사발면
2023-11-21,0,11,Autumn,0,0,0,느티나무 셀프BBQ,육개장 사발면
2023-11-22,0,11,Autumn,0,0,0,느티나무 셀프BBQ,육개장 사발면
2023-11-23,1,11,Autumn,0,0,0,느티나무 셀프BBQ,육개장 사발면
2023-11-24,0,11,Autumn,0,0,0,느티나무 셀프BBQ,육개장 사발면
2023-11-25,3,11,Autumn,1,0,1,느티나무 셀프BBQ,육개장 사발면
2023-11-26,11,11,Autumn,1,0,1,느티나무 셀프BBQ,육개장 사발면
2023-11-27,0,11,Autumn,0,0,0,느티나무 셀프BBQ,육개장 사발면
2023-11-28,0,11,Autumn,0,0,0,느티나무 셀프BBQ,육개장 사발면
2023-11-29,0,11,Autumn,0,0,0,느티나무 셀프BBQ,육개장 사발면
2023-11-30,0,11,Autumn,0,0,0,느티나무 셀프BBQ,육개장 사발면
2023-12-01,3,12,Winter,0,0,0,느티나무 셀프BBQ,육개장 사발면
2023-12-02,0,12,Winter,1,0,1,느티나무 셀프BBQ,육개장 사발면
2023-12-03,3,12,Winter,1,0,1,느티나무 셀프BBQ,육개장 사발면
2023-12-04,0,12,Winter,0,0,0,느티나무 셀프BBQ,육개장 사발면
2023-12-05,0,12,Winter,0,0,0,느티나무 셀프BBQ,육개장 사발면
2023-12-06,0,12,Winter,0,0,0,느티나무 셀프BBQ,육개장 사발면
2023-12-07,0,12,Winter,0,0,0,느티나무 셀프BBQ,육개장 사발면
2023-12-08,1,12,Winter,0,0,0,느티나무 셀프BBQ,육개장 사발면
2023-12-09,1,12,Winter,1,0,1,느티나무 셀프BBQ,육개장 사발면
2023-12-10,0,12,Winter,1,0,1,느티나무 셀프BBQ,육개장 사발면
2023-12-11,0,12,Winter,0,0,0,느티나무 셀프BBQ,육개장 사발면
2023-12-12,5,12,Winter,0,0,0,느티나무 셀프BBQ,육개장 사발면
2023-12-13,0,12,Winter,0,0,0,느티나무 셀프BBQ,육개장 사발면
2023-12-14,0,12,Winter,0,0,0,느티나무 셀프BBQ,육개장 사발면
2023-12-15,0,12,Winter,0,0,0,느티나무 셀프BBQ,육개장 사발면
2023-12-16,0,12,Winter,1,0,1,느티나무 셀프BBQ,육개장 사발면
2023-12-17,0,12,Winter,1,0,1,느티나무 셀프BBQ,육개장 사발면
2023-12-18,0,12,Winter,0,0,0,느티나무 셀프BBQ,육개장 사발면
2023-12-19,0,12,Winter,0,0,0,느티나무 셀프BBQ,육개장 사발면
2023-12-20,0,12,Winter,0,0,0,느티나무 셀프BBQ,육개장 사발면
2023-12-21,0,12,Winter,0,0,0,느티나무 셀프BBQ,육개장 사발면
2023-12-22,0,12,Winter,0,0,0,느티나무 셀프BBQ,육개장 사발면
2023-12-23,0,12,Winter,1,0,1,느티나무 셀프BBQ,육개장 사발면
2023-12-24,2,12,Winter,1,0,1,느티나무 셀프BBQ,육개장 사발면
2023-12-25,0,12,Winter,0,1,1,느티나무 셀프BBQ,육개장 사발면
2023-12-26,1,12,Winter,0,0,0,느티나무 셀프BBQ,육개장 사발면
2023-12-27,0,12,Winter,0,0,0,느티나무 셀프BBQ,육개장 사발면
2023-12-28,1,12,Winter,0,0,0,느티나무 셀프BBQ,육개장 사발면
2023-12-29,0,12,Winter,0,0,0,느티나무 셀프BBQ,육개장 사발면
2023-12-30,0,12,Winter,1,0,1,느티나무 셀프BBQ,육개장 사발면
2023-12-31,2,12,Winter,1,0,1,느티나무 셀프BBQ,육개장 사발면
2024-01-01,0,1,Winter,0,1,1,느티나무 셀프BBQ,육개장 사발면
2024-01-02,0,1,Winter,0,0,0,느티나무 셀프BBQ,육개장 사발면
2024-01-03,0,1,Winter,0,0,0,느티나무 셀프BBQ,육개장 사발면
2024-01-04,0,1,Winter,0,0,0,느티나무 셀프BBQ,육개장 사발면
2024-01-05,1,1,Winter,0,0,0,느티나무 셀프BBQ,육개장 사발면
2024-01-06,0,1,Winter,1,0,1,느티나무 셀프BBQ,육개장 사발면
2024-01-07,0,1,Winter,1,0,1,느티나무 셀프BBQ,육개장 사발면
2024-01-08,0,1,Winter,0,0,0,느티나무 셀프BBQ,육개장 사발면
2024-01-09,2,1,Winter,0,0,0,느티나무 셀프BBQ,육개장 사발면
2024-01-10,0,1,Winter,0,0,0,느티나무 셀프BBQ,육개장 사발면
2024-01-11,0,1,Winter,0,0,0,느티나무 셀프BBQ,육개장 사발면
2024-01-12,2,1,Winter,0,0,0,느티나무 셀프BBQ,육개장 사발면
2024-01-13,0,1,Winter,1,0,1,느티나무 셀프BBQ,육개장 사발면
2024-01-14,2,1,Winter,1,0,1,느티나무 셀프BBQ,육개장 사발면
2024-01-15,2,1,Winter,0,0,0,느티나무 셀프BBQ,육개장 사발면
2024-01-16,0,1,Winter,0,0,0,느티나무 셀프BBQ,육개장 사발면
2024-01-17,0,1,Winter,0,0,0,느티나무 셀프BBQ,육개장 사발면
2024-01-18,0,1,Winter,0,0,0,느티나무 셀프BBQ,육개장 사발면
2024-01-19,0,1,Winter,0,0,0,느티나무 셀프BBQ,육개장 사발면
2024-01-20,1,1,Winter,1,0,1,느티나무 셀프BBQ,육개장 사발면
2024-01-21,0,1,Winter,1,0,1,느티나무 셀프BBQ,육개장 사발면
2024-01-22,0,1,Winter,0,0,0,느티나무 셀프BBQ,육개장 사발면
2024-01-23,2,1,Winter,0,0,0,느티나무 셀프BBQ,육개장 사발면
2024-01-24,0,1,Winter,0,0,0,느티나무 셀프BBQ,육개장 사발면
2024-01-25,0,1,Winter,0,0,0,느티나무 셀프BBQ,육개장 사발면
2024-01-26,0,1,Winter,0,0,0,느티나무 셀프BBQ,육개장 사발면
2024-01-27,0,1,Winter,1,0,1,느티나무 셀프BBQ,육개장 사발면
2024-01-28,0,1,Winter,1,0,1,느티나무 셀프BBQ,육개장 사발면
2024-01-29,0,1,Winter,0,0,0,느티나무 셀프BBQ,육개장 사발면
2024-01-30,0,1,Winter,0,0,0,느티나무 셀프BBQ,육개장 사발면
2024-01-31,0,1,Winter,0,0,0,느티나무 셀프BBQ,육개장 사발면
2024-02-01,0,2,Winter,0,0,0,느티나무 셀프BBQ,육개장 사발면
2024-02-02,0,2,Winter,0,0,0,느티나무 셀프BBQ,육개장 사발면
2024-02-03,0,2,Winter,1,0,1,느티나무 셀프BBQ,육개장 사발면
2024-02-04,2,2,Winter,1,0,1,느티나무 셀프BBQ,육개장 사발면
2024-02-05,0,2,Winter,0,0,0,느티나무 셀프BBQ,육개장 사발면
2024-02-06,0,2,Winter,0,0,0,느티나무 셀프BBQ,육개장 사발면
2024-02-07,0,2,Winter,0,0,0,느티나무 셀프BBQ,육개장 사발면
2024-02-08,1,2,Winter,0,0,0,느티나무 셀프BBQ,육개장 사발면
2024-02-09,0,2,Winter,0,1,1,느티나무 셀프BBQ,육개장 사발면
2024-02-10,0,2,Winter,1,1,1,느티나무 셀프BBQ,육개장 사발면
2024-02-11,0,2,Winter,1,1,1,느티나무 셀프BBQ,육개장 사발면
2024-02-12,2,2,Winter,0,1,1,느티나무 셀프BBQ,육개장 사발면
2024-02-13,0,2,Winter,0,0,0,느티나무 셀프BBQ,육개장 사발면
2024-02-14,3,2,Winter,0,0,0,느티나무 셀프BBQ,육개장 사발면
2024-02-15,4,2,Winter,0,0,0,느티나무 셀프BBQ,육개장 사발면
2024-02-16,0,2,Winter,0,0,0,느티나무 셀프BBQ,육개장 사발면
2024-02-17,0,2,Winter,1,0,1,느티나무 셀프BBQ,육개장 사발면
2024-02-18,2,2,Winter,1,0,1,느티나무 셀프BBQ,육개장 사발면
2024-02-19,0,2,Winter,0,0,0,느티나무 셀프BBQ,육개장 사발면
2024-02-20,1,2,Winter,0,0,0,느티나무 셀프BBQ,육개장 사발면
2024-02-21,0,2,Winter,0,0,0,느티나무 셀프BBQ,육개장 사발면
2024-02-22,1,2,Winter,0,0,0,느티나무 셀프BBQ,육개장 사발면
2024-02-23,0,2,Winter,0,0,0,느티나무 셀프BBQ,육개장 사발면
2024-02-24,4,2,Winter,1,0,1,느티나무 셀프BBQ,육개장 사발면
2024-02-25,1,2,Winter,1,0,1,느티나무 셀프BBQ,육개장 사발면
2024-02-26,0,2,Winter,0,0,0,느티나무 셀프BBQ,육개장 사발면
2024-02-27,0,2,Winter,0,0,0,느티나무 셀프BBQ,육개장 사발면
2024-02-28,0,2,Winter,0,0,0,느티나무 셀프BBQ,육개장 사발면
2024-02-29,0,2,Winter,0,0,0,느티나무 셀프BBQ,육개장 사발면
2024-03-01,3,3,Spring,0,1,1,느티나무 셀프BBQ,육개장 사발면
2024-03-02,0,3,Spring,1,0,1,느티나무 셀프BBQ,육개장 사발면
2024-03-03,0,3,Spring,1,0,1,느티나무 셀프BBQ,육개장 사발면
2024-03-04,0,3,Spring,0,0,0,느티나무 셀프BBQ,육개장 사발면
2024-03-05,0,3,Spring,0,0,0,느티나무 셀프BBQ,육개장 사발면
2024-03-06,0,3,Spring,0,0,0,느티나무 셀프BBQ,육개장 사발면
2024-03-07,0,3,Spring,0,0,0,느티나무 셀프BBQ,육개장 사발면
2024-03-08,0,3,Spring,0,0,0,느티나무 셀프BBQ,육개장 사발면
2024-03-09,0,3,Spring,1,0,1,느티나무 셀프BBQ,육개장 사발면
2024-03-10,0,3,Spring,1,0,1,느티나무 셀프BBQ,육개장 사발면
2024-03-11,0,3,Spring,0,0,0,느티나무 셀프BBQ,육개장 사발면
2024-03-12,0,3,Spring,0,0,0,느티나무 셀프BBQ,육개장 사발면
2024-03-13,0,3,Spring,0,0,0,느티나무 셀프BBQ,육개장 사발면
2024-03-14,0,3,Spring,0,0,0,느티나무 셀프BBQ,육개장 사발면
2024-03-15,0,3,Spring,0,0,0,느티나무 셀프BBQ,육개장 사발면
2024-03-16,1,3,Spring,1,0,1,느티나무 셀프BBQ,육개장 사발면
2024-03-17,1,3,Spring,1,0,1,느티나무 셀프BBQ,육개장 사발면
2024-03-18,0,3,Spring,0,0,0,느티나무 셀프BBQ,육개장 사발면
2024-03-19,0,3,Spring,0,0,0,느티나무 셀프BBQ,육개장 사발면
2024-03-20,0,3,Spring,0,0,0,느티나무 셀프BBQ,육개장 사발면
2024-03-21,0,3,Spring,0,0,0,느티나무 셀프BBQ,육개장 사발면
2024-03-22,0,3,Spring,0,0,0,느티나무 셀프BBQ,육개장 사발면
2024-03-23,1,3,Spring,1,0,1,느티나무 셀프BBQ,육개장 사발면
2024-03-24,1,3,Spring,1,0,1,느티나무 셀프BBQ,육개장 사발면
2024-03-25,0,3,Spring,0,0,0,느티나무 셀프BBQ,육개장 사발면
2024-03-26,0,3,Spring,0,0,0,느티나무 셀프BBQ,육개장 사발면
2024-03-27,1,3,Spring,0,0,0,느티나무 셀프BBQ,육개장 사발면
2024-03-28,5,3,Spring,0,0,0,느티나무 셀프BBQ,육개장 사발면
2024-03-29,4,3,Spring,0,0,0,느티나무 셀프BBQ,육개장 사발면
2024-03-30,5,3,Spring,1,0,1,느티나무 셀프BBQ,육개장 사발면
2024-03-31,1,3,Spring,1,0,1,느티나무 셀프BBQ,육개장 사발면
2024-04-01,0,4,Spring,0,0,0,느티나무 셀프BBQ,육개장 사발면
2024-04-02,0,4,Spring,0,0,0,느티나무 셀프BBQ,육개장 사발면
2024-04-03,0,4,Spring,0,0,0,느티나무 셀프BBQ,육개장 사발면
2024-04-04,1,4,Spring,0,0,0,느티나무 셀프BBQ,육개장 사발면
2024-04-05,1,4,Spring,0,0,0,느티나무 셀프BBQ,육개장 사발면
2024-04-06,6,4,Spring,1,0,1,느티나무 셀프BBQ,육개장 사발면
2024-04-07,0,4,Spring,1,0,1,느티나무 셀프BBQ,육개장 사발면
2024-04-08,0,4,Spring,0,0,0,느티나무 셀프BBQ,육개장 사발면
2024-04-09,1,4,Spring,0,0,0,느티나무 셀프BBQ,육개장 사발면
2024-04-10,4,4,Spring,0,1,1,느티나무 셀프BBQ,육개장 사발면
2024-04-11,2,4,Spring,0,0,0,느티나무 셀프BBQ,육개장 사발면
2024-04-12,0,4,Spring,0,0,0,느티나무 셀프BBQ,육개장 사발면
2024-04-13,5,4,Spring,1,0,1,느티나무 셀프BBQ,육개장 사발면
2024-04-14,0,4,Spring,1,0,1,느티나무 셀프BBQ,육개장 사발면
2024-04-15,0,4,Spring,0,0,0,느티나무 셀프BBQ,육개장 사발면
2024-04-16,3,4,Spring,0,0,0,느티나무 셀프BBQ,육개장 사발면
2024-04-17,2,4,Spring,0,0,0,느티나무 셀프BBQ,육개장 사발면
2024-04-18,0,4,Spring,0,0,0,느티나무 셀프BBQ,육개장 사발면
2024-04-19,0,4,Spring,0,0,0,느티나무 셀프BBQ,육개장 사발면
2024-04-20,2,4,Spring,1,0,1,느티나무 셀프BBQ,육개장 사발면
2024-04-21,0,4,Spring,1,0,1,느티나무 셀프BBQ,육개장 사발면
2024-04-22,0,4,Spring,0,0,0,느티나무 셀프BBQ,육개장 사발면
2024-04-23,0,4,Spring,0,0,0,느티나무 셀프BBQ,육개장 사발면
2024-04-24,0,4,Spring,0,0,0,느티나무 셀프BBQ,육개장 사발면
2024-04-25,9,4,Spring,0,0,0,느티나무 셀프BBQ,육개장 사발면
2024-04-26,0,4,Spring,0,0,0,느티나무 셀프BBQ,육개장 사발면
2024-04-27,1,4,Spring,1,0,1,느티나무 셀프BBQ,육개장 사발면
2024-04-28,1,4,Spring,1,0,1,느티나무 셀프BBQ,육개장 사발면
2024-04-29,0,4,Spring,0,0,0,느티나무 셀프BBQ,육개장 사발면
2024-04-30,0,4,Spring,0,0,0,느티나무 셀프BBQ,육개장 사발면
2024-05-01,1,5,Spring,0,0,0,느티나무 셀프BBQ,육개장 사발면
2024-05-02,2,5,Spring,0,0,0,느티나무 셀프BBQ,육개장 사발면
2024-05-03,3,5,Spring,0,0,0,느티나무 셀프BBQ,육개장 사발면
2024-05-04,1,5,Spring,1,0,1,느티나무 셀프BBQ,육개장 사발면
2024-05-05,5,5,Spring,1,1,1,느티나무 셀프BBQ,육개장 사발면
2024-05-06,0,5,Spring,0,1,1,느티나무 셀프BBQ,육개장 사발면
2024-05-07,0,5,Spring,0,0,0,느티나무 셀프BBQ,육개장 사발면
2024-05-08,2,5,Spring,0,0,0,느티나무 셀프BBQ,육개장 사발면
2024-05-09,0,5,Spring,0,0,0,느티나무 셀프BBQ,육개장 사발면
2024-05-10,0,5,Spring,0,0,0,느티나무 셀프BBQ,육개장 사발면
2024-05-11,5,5,Spring,1,0,1,느티나무 셀프BBQ,육개장 사발면
2024-05-12,0,5,Spring,1,0,1,느티나무 셀프BBQ,육개장 사발면
2024-05-13,0,5,Spring,0,0,0,느티나무 셀프BBQ,육개장 사발면
2024-05-14,1,5,Spring,0,0,0,느티나무 셀프BBQ,육개장 사발면
2024-05-15,3,5,Spring,0,1,1,느티나무 셀프BBQ,육개장 사발면
2024-05-16,1,5,Spring,0,0,0,느티나무 셀프BBQ,육개장 사발면
2024-05-17,0,5,Spring,0,0,0,느티나무 셀프BBQ,육개장 사발면
2024-05-18,1,5,Spring,1,0,1,느티나무 셀프BBQ,육개장 사발면
2024-05-19,0,5,Spring,1,0,1,느티나무 셀프BBQ,육개장 사발면
2024-05-20,0,5,Spring,0,0,0,느티나무 셀프BBQ,육개장 사발면
2024-05-21,0,5,Spring,0,0,0,느티나무 셀프BBQ,육개장 사발면
2024-05-22,0,5,Spring,0,0,0,느티나무 셀프BBQ,육개장 사발면
2024-05-23,0,5,Spring,0,0,0,느티나무 셀프BBQ,육개장 사발면
2024-05-24,1,5,Spring,0,0,0,느티나무 셀프BBQ,육개장 사발면
2024-05-25,12,5,Spring,1,0,1,느티나무 셀프BBQ,육개장 사발면
2024-05-26,0,5,Spring,1,0,1,느티나무 셀프BBQ,육개장 사발면
2024-05-27,0,5,Spring,0,0,0,느티나무 셀프BBQ,육개장 사발면
2024-05-28,0,5,Spring,0,0,0,느티나무 셀프BBQ,육개장 사발면
2024-05-29,0,5,Spring,0,0,0,느티나무 셀프BBQ,육개장 사발면
2024-05-30,0,5,Spring,0,0,0,느티나무 셀프BBQ,육개장 사발면
2024-05-31,4,5,Spring,0,0,0,느티나무 셀프BBQ,육개장 사발면
2024-06-01,5,6,Summer,1,0,1,느티나무 셀프BBQ,육개장 사발면
2024-06-02,0,6,Summer,1,0,1,느티나무 셀프BBQ,육개장 사발면
2024-06-03,0,6,Summer,0,0,0,느티나무 셀프BBQ,육개장 사발면
2024-06-04,0,6,Summer,0,0,0,느티나무 셀프BBQ,육개장 사발면
2024-06-05,0,6,Summer,0,0,0,느티나무 셀프BBQ,육개장 사발면
2024-06-06,3,6,Summer,0,1,1,느티나무 셀프BBQ,육개장 사발면
2024-06-07,0,6,Summer,0,0,0,느티나무 셀프BBQ,육개장 사발면
2024-06-08,2,6,Summer,1,0,1,느티나무 셀프BBQ,육개장 사발면
2024-06-09,0,6,Summer,1,0,1,느티나무 셀프BBQ,육개장 사발면
2024-06-10,0,6,Summer,0,0,0,느티나무 셀프BBQ,육개장 사발면
2024-06-11,0,6,Summer,0,0,0,느티나무 셀프BBQ,육개장 사발면
2024-06-12,0,6,Summer,0,0,0,느티나무 셀프BBQ,육개장 사발면
2024-06-13,1,6,Summer,0,0,0,느티나무 셀프BBQ,육개장 사발면
2024-06-14,0,6,Summer,0,0,0,느티나무 셀프BBQ,육개장 사발면
2024-06-15,0,6,Summer,1,0,1,느티나무 셀프BBQ,육개장 사발면
2023-01-01,0,1,Winter,1,1,1,느티나무 셀프BBQ,일회용 소주컵
2023-01-02,0,1,Winter,0,0,0,느티나무 셀프BBQ,일회용 소주컵
2023-01-03,0,1,Winter,0,0,0,느티나무 셀프BBQ,일회용 소주컵
2023-01-04,0,1,Winter,0,0,0,느티나무 셀프BBQ,일회용 소주컵
2023-01-05,0,1,Winter,0,0,0,느티나무 셀프BBQ,일회용 소주컵
2023-01-06,0,1,Winter,0,0,0,느티나무 셀프BBQ,일회용 소주컵
2023-01-07,0,1,Winter,1,0,1,느티나무 셀프BBQ,일회용 소주컵
2023-01-08,0,1,Winter,1,0,1,느티나무 셀프BBQ,일회용 소주컵
2023-01-09,0,1,Winter,0,0,0,느티나무 셀프BBQ,일회용 소주컵
2023-01-10,0,1,Winter,0,0,0,느티나무 셀프BBQ,일회용 소주컵
2023-01-11,0,1,Winter,0,0,0,느티나무 셀프BBQ,일회용 소주컵
2023-01-12,0,1,Winter,0,0,0,느티나무 셀프BBQ,일회용 소주컵
2023-01-13,0,1,Winter,0,0,0,느티나무 셀프BBQ,일회용 소주컵
2023-01-14,0,1,Winter,1,0,1,느티나무 셀프BBQ,일회용 소주컵
2023-01-15,0,1,Winter,1,0,1,느티나무 셀프BBQ,일회용 소주컵
2023-01-16,0,1,Winter,0,0,0,느티나무 셀프BBQ,일회용 소주컵
2023-01-17,0,1,Winter,0,0,0,느티나무 셀프BBQ,일회용 소주컵
2023-01-18,0,1,Winter,0,0,0,느티나무 셀프BBQ,일회용 소주컵
2023-01-19,0,1,Winter,0,0,0,느티나무 셀프BBQ,일회용 소주컵
2023-01-20,0,1,Winter,0,0,0,느티나무 셀프BBQ,일회용 소주컵
2023-01-21,0,1,Winter,1,1,1,느티나무 셀프BBQ,일회용 소주컵
2023-01-22,0,1,Winter,1,1,1,느티나무 셀프BBQ,일회용 소주컵
2023-01-23,1,1,Winter,0,1,1,느티나무 셀프BBQ,일회용 소주컵
2023-01-24,2,1,Winter,0,1,1,느티나무 셀프BBQ,일회용 소주컵
2023-01-25,1,1,Winter,0,0,0,느티나무 셀프BBQ,일회용 소주컵
2023-01-26,0,1,Winter,0,0,0,느티나무 셀프BBQ,일회용 소주컵
2023-01-27,0,1,Winter,0,0,0,느티나무 셀프BBQ,일회용 소주컵
2023-01-28,0,1,Winter,1,0,1,느티나무 셀프BBQ,일회용 소주컵
2023-01-29,0,1,Winter,1,0,1,느티나무 셀프BBQ,일회용 소주컵
2023-01-30,1,1,Winter,0,0,0,느티나무 셀프BBQ,일회용 소주컵
2023-01-31,0,1,Winter,0,0,0,느티나무 셀프BBQ,일회용 소주컵
2023-02-01,1,2,Winter,0,0,0,느티나무 셀프BBQ,일회용 소주컵
2023-02-02,0,2,Winter,0,0,0,느티나무 셀프BBQ,일회용 소주컵
2023-02-03,2,2,Winter,0,0,0,느티나무 셀프BBQ,일회용 소주컵
2023-02-04,0,2,Winter,1,0,1,느티나무 셀프BBQ,일회용 소주컵
2023-02-05,0,2,Winter,1,0,1,느티나무 셀프BBQ,일회용 소주컵
2023-02-06,0,2,Winter,0,0,0,느티나무 셀프BBQ,일회용 소주컵
2023-02-07,0,2,Winter,0,0,0,느티나무 셀프BBQ,일회용 소주컵
2023-02-08,0,2,Winter,0,0,0,느티나무 셀프BBQ,일회용 소주컵
2023-02-09,0,2,Winter,0,0,0,느티나무 셀프BBQ,일회용 소주컵
2023-02-10,0,2,Winter,0,0,0,느티나무 셀프BBQ,일회용 소주컵
2023-02-11,1,2,Winter,1,0,1,느티나무 셀프BBQ,일회용 소주컵
2023-02-12,0,2,Winter,1,0,1,느티나무 셀프BBQ,일회용 소주컵
2023-02-13,0,2,Winter,0,0,0,느티나무 셀프BBQ,일회용 소주컵
2023-02-14,1,2,Winter,0,0,0,느티나무 셀프BBQ,일회용 소주컵
2023-02-15,0,2,Winter,0,0,0,느티나무 셀프BBQ,일회용 소주컵
2023-02-16,0,2,Winter,0,0,0,느티나무 셀프BBQ,일회용 소주컵
2023-02-17,0,2,Winter,0,0,0,느티나무 셀프BBQ,일회용 소주컵
2023-02-18,0,2,Winter,1,0,1,느티나무 셀프BBQ,일회용 소주컵
2023-02-19,0,2,Winter,1,0,1,느티나무 셀프BBQ,일회용 소주컵
2023-02-20,0,2,Winter,0,0,0,느티나무 셀프BBQ,일회용 소주컵
2023-02-21,0,2,Winter,0,0,0,느티나무 셀프BBQ,일회용 소주컵
2023-02-22,0,2,Winter,0,0,0,느티나무 셀프BBQ,일회용 소주컵
2023-02-23,0,2,Winter,0,0,0,느티나무 셀프BBQ,일회용 소주컵
2023-02-24,0,2,Winter,0,0,0,느티나무 셀프BBQ,일회용 소주컵
2023-02-25,1,2,Winter,1,0,1,느티나무 셀프BBQ,일회용 소주컵
2023-02-26,0,2,Winter,1,0,1,느티나무 셀프BBQ,일회용 소주컵
2023-02-27,0,2,Winter,0,0,0,느티나무 셀프BBQ,일회용 소주컵
2023-02-28,1,2,Winter,0,0,0,느티나무 셀프BBQ,일회용 소주컵
2023-03-01,0,3,Spring,0,1,1,느티나무 셀프BBQ,일회용 소주컵
2023-03-02,0,3,Spring,0,0,0,느티나무 셀프BBQ,일회용 소주컵
2023-03-03,0,3,Spring,0,0,0,느티나무 셀프BBQ,일회용 소주컵
2023-03-04,0,3,Spring,1,0,1,느티나무 셀프BBQ,일회용 소주컵
2023-03-05,0,3,Spring,1,0,1,느티나무 셀프BBQ,일회용 소주컵
2023-03-06,0,3,Spring,0,0,0,느티나무 셀프BBQ,일회용 소주컵
2023-03-07,0,3,Spring,0,0,0,느티나무 셀프BBQ,일회용 소주컵
2023-03-08,0,3,Spring,0,0,0,느티나무 셀프BBQ,일회용 소주컵
2023-03-09,0,3,Spring,0,0,0,느티나무 셀프BBQ,일회용 소주컵
2023-03-10,0,3,Spring,0,0,0,느티나무 셀프BBQ,일회용 소주컵
2023-03-11,0,3,Spring,1,0,1,느티나무 셀프BBQ,일회용 소주컵
2023-03-12,0,3,Spring,1,0,1,느티나무 셀프BBQ,일회용 소주컵
2023-03-13,0,3,Spring,0,0,0,느티나무 셀프BBQ,일회용 소주컵
2023-03-14,0,3,Spring,0,0,0,느티나무 셀프BBQ,일회용 소주컵
2023-03-15,0,3,Spring,0,0,0,느티나무 셀프BBQ,일회용 소주컵
2023-03-16,0,3,Spring,0,0,0,느티나무 셀프BBQ,일회용 소주컵
2023-03-17,0,3,Spring,0,0,0,느티나무 셀프BBQ,일회용 소주컵
2023-03-18,2,3,Spring,1,0,1,느티나무 셀프BBQ,일회용 소주컵
2023-03-19,2,3,Spring,1,0,1,느티나무 셀프BBQ,일회용 소주컵
2023-03-20,0,3,Spring,0,0,0,느티나무 셀프BBQ,일회용 소주컵
2023-03-21,0,3,Spring,0,0,0,느티나무 셀프BBQ,일회용 소주컵
2023-03-22,1,3,Spring,0,0,0,느티나무 셀프BBQ,일회용 소주컵
2023-03-23,0,3,Spring,0,0,0,느티나무 셀프BBQ,일회용 소주컵
2023-03-24,0,3,Spring,0,0,0,느티나무 셀프BBQ,일회용 소주컵
2023-03-25,1,3,Spring,1,0,1,느티나무 셀프BBQ,일회용 소주컵
2023-03-26,0,3,Spring,1,0,1,느티나무 셀프BBQ,일회용 소주컵
2023-03-27,0,3,Spring,0,0,0,느티나무 셀프BBQ,일회용 소주컵
2023-03-28,0,3,Spring,0,0,0,느티나무 셀프BBQ,일회용 소주컵
2023-03-29,0,3,Spring,0,0,0,느티나무 셀프BBQ,일회용 소주컵
2023-03-30,0,3,Spring,0,0,0,느티나무 셀프BBQ,일회용 소주컵
2023-03-31,1,3,Spring,0,0,0,느티나무 셀프BBQ,일회용 소주컵
2023-04-01,1,4,Spring,1,0,1,느티나무 셀프BBQ,일회용 소주컵
2023-04-02,0,4,Spring,1,0,1,느티나무 셀프BBQ,일회용 소주컵
2023-04-03,0,4,Spring,0,0,0,느티나무 셀프BBQ,일회용 소주컵
2023-04-04,0,4,Spring,0,0,0,느티나무 셀프BBQ,일회용 소주컵
2023-04-05,0,4,Spring,0,0,0,느티나무 셀프BBQ,일회용 소주컵
2023-04-06,0,4,Spring,0,0,0,느티나무 셀프BBQ,일회용 소주컵
2023-04-07,2,4,Spring,0,0,0,느티나무 셀프BBQ,일회용 소주컵
2023-04-08,0,4,Spring,1,0,1,느티나무 셀프BBQ,일회용 소주컵
2023-04-09,0,4,Spring,1,0,1,느티나무 셀프BBQ,일회용 소주컵
2023-04-10,0,4,Spring,0,0,0,느티나무 셀프BBQ,일회용 소주컵
2023-04-11,0,4,Spring,0,0,0,느티나무 셀프BBQ,일회용 소주컵
2023-04-12,0,4,Spring,0,0,0,느티나무 셀프BBQ,일회용 소주컵
2023-04-13,0,4,Spring,0,0,0,느티나무 셀프BBQ,일회용 소주컵
2023-04-14,0,4,Spring,0,0,0,느티나무 셀프BBQ,일회용 소주컵
2023-04-15,2,4,Spring,1,0,1,느티나무 셀프BBQ,일회용 소주컵
2023-04-16,1,4,Spring,1,0,1,느티나무 셀프BBQ,일회용 소주컵
2023-04-17,0,4,Spring,0,0,0,느티나무 셀프BBQ,일회용 소주컵
2023-04-18,0,4,Spring,0,0,0,느티나무 셀프BBQ,일회용 소주컵
2023-04-19,0,4,Spring,0,0,0,느티나무 셀프BBQ,일회용 소주컵
2023-04-20,0,4,Spring,0,0,0,느티나무 셀프BBQ,일회용 소주컵
2023-04-21,0,4,Spring,0,0,0,느티나무 셀프BBQ,일회용 소주컵
2023-04-22,1,4,Spring,1,0,1,느티나무 셀프BBQ,일회용 소주컵
2023-04-23,0,4,Spring,1,0,1,느티나무 셀프BBQ,일회용 소주컵
2023-04-24,0,4,Spring,0,0,0,느티나무 셀프BBQ,일회용 소주컵
2023-04-25,0,4,Spring,0,0,0,느티나무 셀프BBQ,일회용 소주컵
2023-04-26,0,4,Spring,0,0,0,느티나무 셀프BBQ,일회용 소주컵
2023-04-27,0,4,Spring,0,0,0,느티나무 셀프BBQ,일회용 소주컵
2023-04-28,1,4,Spring,0,0,0,느티나무 셀프BBQ,일회용 소주컵
2023-04-29,0,4,Spring,1,0,1,느티나무 셀프BBQ,일회용 소주컵
2023-04-30,2,4,Spring,1,0,1,느티나무 셀프BBQ,일회용 소주컵
2023-05-01,1,5,Spring,0,0,0,느티나무 셀프BBQ,일회용 소주컵
2023-05-02,0,5,Spring,0,0,0,느티나무 셀프BBQ,일회용 소주컵
2023-05-03,1,5,Spring,0,0,0,느티나무 셀프BBQ,일회용 소주컵
2023-05-04,0,5,Spring,0,0,0,느티나무 셀프BBQ,일회용 소주컵
2023-05-05,0,5,Spring,0,1,1,느티나무 셀프BBQ,일회용 소주컵
2023-05-06,2,5,Spring,1,0,1,느티나무 셀프BBQ,일회용 소주컵
2023-05-07,0,5,Spring,1,0,1,느티나무 셀프BBQ,일회용 소주컵
2023-05-08,0,5,Spring,0,0,0,느티나무 셀프BBQ,일회용 소주컵
2023-05-09,0,5,Spring,0,0,0,느티나무 셀프BBQ,일회용 소주컵
2023-05-10,0,5,Spring,0,0,0,느티나무 셀프BBQ,일회용 소주컵
2023-05-11,1,5,Spring,0,0,0,느티나무 셀프BBQ,일회용 소주컵
2023-05-12,0,5,Spring,0,0,0,느티나무 셀프BBQ,일회용 소주컵
2023-05-13,3,5,Spring,1,0,1,느티나무 셀프BBQ,일회용 소주컵
2023-05-14,0,5,Spring,1,0,1,느티나무 셀프BBQ,일회용 소주컵
2023-05-15,0,5,Spring,0,0,0,느티나무 셀프BBQ,일회용 소주컵
2023-05-16,0,5,Spring,0,0,0,느티나무 셀프BBQ,일회용 소주컵
2023-05-17,0,5,Spring,0,0,0,느티나무 셀프BBQ,일회용 소주컵
2023-05-18,0,5,Spring,0,0,0,느티나무 셀프BBQ,일회용 소주컵
2023-05-19,2,5,Spring,0,0,0,느티나무 셀프BBQ,일회용 소주컵
2023-05-20,6,5,Spring,1,0,1,느티나무 셀프BBQ,일회용 소주컵
2023-05-21,0,5,Spring,1,0,1,느티나무 셀프BBQ,일회용 소주컵
2023-05-22,0,5,Spring,0,0,0,느티나무 셀프BBQ,일회용 소주컵
2023-05-23,0,5,Spring,0,0,0,느티나무 셀프BBQ,일회용 소주컵
2023-05-24,2,5,Spring,0,0,0,느티나무 셀프BBQ,일회용 소주컵
2023-05-25,1,5,Spring,0,0,0,느티나무 셀프BBQ,일회용 소주컵
2023-05-26,2,5,Spring,0,0,0,느티나무 셀프BBQ,일회용 소주컵
2023-05-27,2,5,Spring,1,1,1,느티나무 셀프BBQ,일회용 소주컵
2023-05-28,0,5,Spring,1,0,1,느티나무 셀프BBQ,일회용 소주컵
2023-05-29,1,5,Spring,0,1,1,느티나무 셀프BBQ,일회용 소주컵
2023-05-30,0,5,Spring,0,0,0,느티나무 셀프BBQ,일회용 소주컵
2023-05-31,1,5,Spring,0,0,0,느티나무 셀프BBQ,일회용 소주컵
2023-06-01,1,6,Summer,0,0,0,느티나무 셀프BBQ,일회용 소주컵
2023-06-02,2,6,Summer,0,0,0,느티나무 셀프BBQ,일회용 소주컵
2023-06-03,2,6,Summer,1,0,1,느티나무 셀프BBQ,일회용 소주컵
2023-06-04,0,6,Summer,1,0,1,느티나무 셀프BBQ,일회용 소주컵
2023-06-05,1,6,Summer,0,0,0,느티나무 셀프BBQ,일회용 소주컵
2023-06-06,0,6,Summer,0,1,1,느티나무 셀프BBQ,일회용 소주컵
2023-06-07,0,6,Summer,0,0,0,느티나무 셀프BBQ,일회용 소주컵
2023-06-08,0,6,Summer,0,0,0,느티나무 셀프BBQ,일회용 소주컵
2023-06-09,2,6,Summer,0,0,0,느티나무 셀프BBQ,일회용 소주컵
2023-06-10,0,6,Summer,1,0,1,느티나무 셀프BBQ,일회용 소주컵
2023-06-11,2,6,Summer,1,0,1,느티나무 셀프BBQ,일회용 소주컵
2023-06-12,0,6,Summer,0,0,0,느티나무 셀프BBQ,일회용 소주컵
2023-06-13,0,6,Summer,0,0,0,느티나무 셀프BBQ,일회용 소주컵
2023-06-14,1,6,Summer,0,0,0,느티나무 셀프BBQ,일회용 소주컵
2023-06-15,0,6,Summer,0,0,0,느티나무 셀프BBQ,일회용 소주컵
2023-06-16,1,6,Summer,0,0,0,느티나무 셀프BBQ,일회용 소주컵
2023-06-17,0,6,Summer,1,0,1,느티나무 셀프BBQ,일회용 소주컵
2023-06-18,0,6,Summer,1,0,1,느티나무 셀프BBQ,일회용 소주컵
2023-06-19,0,6,Summer,0,0,0,느티나무 셀프BBQ,일회용 소주컵
2023-06-20,2,6,Summer,0,0,0,느티나무 셀프BBQ,일회용 소주컵
2023-06-21,0,6,Summer,0,0,0,느티나무 셀프BBQ,일회용 소주컵
2023-06-22,0,6,Summer,0,0,0,느티나무 셀프BBQ,일회용 소주컵
2023-06-23,0,6,Summer,0,0,0,느티나무 셀프BBQ,일회용 소주컵
2023-06-24,2,6,Summer,1,0,1,느티나무 셀프BBQ,일회용 소주컵
2023-06-25,1,6,Summer,1,0,1,느티나무 셀프BBQ,일회용 소주컵
2023-06-26,0,6,Summer,0,0,0,느티나무 셀프BBQ,일회용 소주컵
2023-06-27,0,6,Summer,0,0,0,느티나무 셀프BBQ,일회용 소주컵
2023-06-28,0,6,Summer,0,0,0,느티나무 셀프BBQ,일회용 소주컵
2023-06-29,0,6,Summer,0,0,0,느티나무 셀프BBQ,일회용 소주컵
2023-06-30,0,6,Summer,0,0,0,느티나무 셀프BBQ,일회용 소주컵
2023-07-01,4,7,Summer,1,0,1,느티나무 셀프BBQ,일회용 소주컵
2023-07-02,0,7,Summer,1,0,1,느티나무 셀프BBQ,일회용 소주컵
2023-07-03,0,7,Summer,0,0,0,느티나무 셀프BBQ,일회용 소주컵
2023-07-04,0,7,Summer,0,0,0,느티나무 셀프BBQ,일회용 소주컵
2023-07-05,2,7,Summer,0,0,0,느티나무 셀프BBQ,일회용 소주컵
2023-07-06,1,7,Summer,0,0,0,느티나무 셀프BBQ,일회용 소주컵
2023-07-07,1,7,Summer,0,0,0,느티나무 셀프BBQ,일회용 소주컵
2023-07-08,1,7,Summer,1,0,1,느티나무 셀프BBQ,일회용 소주컵
2023-07-09,1,7,Summer,1,0,1,느티나무 셀프BBQ,일회용 소주컵
2023-07-10,0,7,Summer,0,0,0,느티나무 셀프BBQ,일회용 소주컵
2023-07-11,0,7,Summer,0,0,0,느티나무 셀프BBQ,일회용 소주컵
2023-07-12,0,7,Summer,0,0,0,느티나무 셀프BBQ,일회용 소주컵
2023-07-13,0,7,Summer,0,0,0,느티나무 셀프BBQ,일회용 소주컵
2023-07-14,2,7,Summer,0,0,0,느티나무 셀프BBQ,일회용 소주컵
2023-07-15,1,7,Summer,1,0,1,느티나무 셀프BBQ,일회용 소주컵
2023-07-16,0,7,Summer,1,0,1,느티나무 셀프BBQ,일회용 소주컵
2023-07-17,1,7,Summer,0,0,0,느티나무 셀프BBQ,일회용 소주컵
2023-07-18,0,7,Summer,0,0,0,느티나무 셀프BBQ,일회용 소주컵
2023-07-19,1,7,Summer,0,0,0,느티나무 셀프BBQ,일회용 소주컵
2023-07-20,0,7,Summer,0,0,0,느티나무 셀프BBQ,일회용 소주컵
2023-07-21,0,7,Summer,0,0,0,느티나무 셀프BBQ,일회용 소주컵
2023-07-22,0,7,Summer,1,0,1,느티나무 셀프BBQ,일회용 소주컵
2023-07-23,1,7,Summer,1,0,1,느티나무 셀프BBQ,일회용 소주컵
2023-07-24,0,7,Summer,0,0,0,느티나무 셀프BBQ,일회용 소주컵
2023-07-25,0,7,Summer,0,0,0,느티나무 셀프BBQ,일회용 소주컵
2023-07-26,4,7,Summer,0,0,0,느티나무 셀프BBQ,일회용 소주컵
2023-07-27,1,7,Summer,0,0,0,느티나무 셀프BBQ,일회용 소주컵
2023-07-28,1,7,Summer,0,0,0,느티나무 셀프BBQ,일회용 소주컵
2023-07-29,3,7,Summer,1,0,1,느티나무 셀프BBQ,일회용 소주컵
2023-07-30,2,7,Summer,1,0,1,느티나무 셀프BBQ,일회용 소주컵
2023-07-31,1,7,Summer,0,0,0,느티나무 셀프BBQ,일회용 소주컵
2023-08-01,0,8,Summer,0,0,0,느티나무 셀프BBQ,일회용 소주컵
2023-08-02,1,8,Summer,0,0,0,느티나무 셀프BBQ,일회용 소주컵
2023-08-03,1,8,Summer,0,0,0,느티나무 셀프BBQ,일회용 소주컵
2023-08-04,1,8,Summer,0,0,0,느티나무 셀프BBQ,일회용 소주컵
2023-08-05,1,8,Summer,1,0,1,느티나무 셀프BBQ,일회용 소주컵
2023-08-06,0,8,Summer,1,0,1,느티나무 셀프BBQ,일회용 소주컵
2023-08-07,1,8,Summer,0,0,0,느티나무 셀프BBQ,일회용 소주컵
2023-08-08,0,8,Summer,0,0,0,느티나무 셀프BBQ,일회용 소주컵
2023-08-09,1,8,Summer,0,0,0,느티나무 셀프BBQ,일회용 소주컵
2023-08-10,2,8,Summer,0,0,0,느티나무 셀프BBQ,일회용 소주컵
2023-08-11,2,8,Summer,0,0,0,느티나무 셀프BBQ,일회용 소주컵
2023-08-12,1,8,Summer,1,0,1,느티나무 셀프BBQ,일회용 소주컵
2023-08-13,0,8,Summer,1,0,1,느티나무 셀프BBQ,일회용 소주컵
2023-08-14,0,8,Summer,0,0,0,느티나무 셀프BBQ,일회용 소주컵
2023-08-15,1,8,Summer,0,1,1,느티나무 셀프BBQ,일회용 소주컵
2023-08-16,0,8,Summer,0,0,0,느티나무 셀프BBQ,일회용 소주컵
2023-08-17,2,8,Summer,0,0,0,느티나무 셀프BBQ,일회용 소주컵
2023-08-18,0,8,Summer,0,0,0,느티나무 셀프BBQ,일회용 소주컵
2023-08-19,2,8,Summer,1,0,1,느티나무 셀프BBQ,일회용 소주컵
2023-08-20,2,8,Summer,1,0,1,느티나무 셀프BBQ,일회용 소주컵
2023-08-21,0,8,Summer,0,0,0,느티나무 셀프BBQ,일회용 소주컵
2023-08-22,0,8,Summer,0,0,0,느티나무 셀프BBQ,일회용 소주컵
2023-08-23,0,8,Summer,0,0,0,느티나무 셀프BBQ,일회용 소주컵
2023-08-24,1,8,Summer,0,0,0,느티나무 셀프BBQ,일회용 소주컵
2023-08-25,0,8,Summer,0,0,0,느티나무 셀프BBQ,일회용 소주컵
2023-08-26,0,8,Summer,1,0,1,느티나무 셀프BBQ,일회용 소주컵
2023-08-27,1,8,Summer,1,0,1,느티나무 셀프BBQ,일회용 소주컵
2023-08-28,0,8,Summer,0,0,0,느티나무 셀프BBQ,일회용 소주컵
2023-08-29,0,8,Summer,0,0,0,느티나무 셀프BBQ,일회용 소주컵
2023-08-30,0,8,Summer,0,0,0,느티나무 셀프BBQ,일회용 소주컵
2023-08-31,0,8,Summer,0,0,0,느티나무 셀프BBQ,일회용 소주컵
2023-09-01,1,9,Autumn,0,0,0,느티나무 셀프BBQ,일회용 소주컵
2023-09-02,1,9,Autumn,1,0,1,느티나무 셀프BBQ,일회용 소주컵
2023-09-03,0,9,Autumn,1,0,1,느티나무 셀프BBQ,일회용 소주컵
2023-09-04,0,9,Autumn,0,0,0,느티나무 셀프BBQ,일회용 소주컵
2023-09-05,1,9,Autumn,0,0,0,느티나무 셀프BBQ,일회용 소주컵
2023-09-06,0,9,Autumn,0,0,0,느티나무 셀프BBQ,일회용 소주컵
2023-09-07,1,9,Autumn,0,0,0,느티나무 셀프BBQ,일회용 소주컵
2023-09-08,3,9,Autumn,0,0,0,느티나무 셀프BBQ,일회용 소주컵
2023-09-09,2,9,Autumn,1,0,1,느티나무 셀프BBQ,일회용 소주컵
2023-09-10,0,9,Autumn,1,0,1,느티나무 셀프BBQ,일회용 소주컵
2023-09-11,0,9,Autumn,0,0,0,느티나무 셀프BBQ,일회용 소주컵
2023-09-12,0,9,Autumn,0,0,0,느티나무 셀프BBQ,일회용 소주컵
2023-09-13,0,9,Autumn,0,0,0,느티나무 셀프BBQ,일회용 소주컵
2023-09-14,0,9,Autumn,0,0,0,느티나무 셀프BBQ,일회용 소주컵
2023-09-15,0,9,Autumn,0,0,0,느티나무 셀프BBQ,일회용 소주컵
2023-09-16,3,9,Autumn,1,0,1,느티나무 셀프BBQ,일회용 소주컵
2023-09-17,0,9,Autumn,1,0,1,느티나무 셀프BBQ,일회용 소주컵
2023-09-18,0,9,Autumn,0,0,0,느티나무 셀프BBQ,일회용 소주컵
2023-09-19,0,9,Autumn,0,0,0,느티나무 셀프BBQ,일회용 소주컵
2023-09-20,0,9,Autumn,0,0,0,느티나무 셀프BBQ,일회용 소주컵
2023-09-21,0,9,Autumn,0,0,0,느티나무 셀프BBQ,일회용 소주컵
2023-09-22,0,9,Autumn,0,0,0,느티나무 셀프BBQ,일회용 소주컵
2023-09-23,4,9,Autumn,1,0,1,느티나무 셀프BBQ,일회용 소주컵
2023-09-24,2,9,Autumn,1,0,1,느티나무 셀프BBQ,일회용 소주컵
2023-09-25,0,9,Autumn,0,0,0,느티나무 셀프BBQ,일회용 소주컵
2023-09-26,1,9,Autumn,0,0,0,느티나무 셀프BBQ,일회용 소주컵
2023-09-27,0,9,Autumn,0,0,0,느티나무 셀프BBQ,일회용 소주컵
2023-09-28,2,9,Autumn,0,1,1,느티나무 셀프BBQ,일회용 소주컵
2023-09-29,0,9,Autumn,0,1,1,느티나무 셀프BBQ,일회용 소주컵
2023-09-30,2,9,Autumn,1,1,1,느티나무 셀프BBQ,일회용 소주컵
2023-10-01,0,10,Autumn,1,0,1,느티나무 셀프BBQ,일회용 소주컵
2023-10-02,3,10,Autumn,0,1,1,느티나무 셀프BBQ,일회용 소주컵
2023-10-03,0,10,Autumn,0,1,1,느티나무 셀프BBQ,일회용 소주컵
2023-10-04,1,10,Autumn,0,0,0,느티나무 셀프BBQ,일회용 소주컵
2023-10-05,0,10,Autumn,0,0,0,느티나무 셀프BBQ,일회용 소주컵
2023-10-06,2,10,Autumn,0,0,0,느티나무 셀프BBQ,일회용 소주컵
2023-10-07,5,10,Autumn,1,0,1,느티나무 셀프BBQ,일회용 소주컵
2023-10-08,0,10,Autumn,1,0,1,느티나무 셀프BBQ,일회용 소주컵
2023-10-09,0,10,Autumn,0,1,1,느티나무 셀프BBQ,일회용 소주컵
2023-10-10,1,10,Autumn,0,0,0,느티나무 셀프BBQ,일회용 소주컵
2023-10-11,0,10,Autumn,0,0,0,느티나무 셀프BBQ,일회용 소주컵
2023-10-12,1,10,Autumn,0,0,0,느티나무 셀프BBQ,일회용 소주컵
2023-10-13,0,10,Autumn,0,0,0,느티나무 셀프BBQ,일회용 소주컵
2023-10-14,1,10,Autumn,1,0,1,느티나무 셀프BBQ,일회용 소주컵
2023-10-15,2,10,Autumn,1,0,1,느티나무 셀프BBQ,일회용 소주컵
2023-10-16,0,10,Autumn,0,0,0,느티나무 셀프BBQ,일회용 소주컵
2023-10-17,0,10,Autumn,0,0,0,느티나무 셀프BBQ,일회용 소주컵
2023-10-18,0,10,Autumn,0,0,0,느티나무 셀프BBQ,일회용 소주컵
2023-10-19,2,10,Autumn,0,0,0,느티나무 셀프BBQ,일회용 소주컵
2023-10-20,1,10,Autumn,0,0,0,느티나무 셀프BBQ,일회용 소주컵
2023-10-21,0,10,Autumn,1,0,1,느티나무 셀프BBQ,일회용 소주컵
2023-10-22,2,10,Autumn,1,0,1,느티나무 셀프BBQ,일회용 소주컵
2023-10-23,0,10,Autumn,0,0,0,느티나무 셀프BBQ,일회용 소주컵
2023-10-24,0,10,Autumn,0,0,0,느티나무 셀프BBQ,일회용 소주컵
2023-10-25,1,10,Autumn,0,0,0,느티나무 셀프BBQ,일회용 소주컵
2023-10-26,0,10,Autumn,0,0,0,느티나무 셀프BBQ,일회용 소주컵
2023-10-27,0,10,Autumn,0,0,0,느티나무 셀프BBQ,일회용 소주컵
2023-10-28,0,10,Autumn,1,0,1,느티나무 셀프BBQ,일회용 소주컵
2023-10-29,1,10,Autumn,1,0,1,느티나무 셀프BBQ,일회용 소주컵
2023-10-30,0,10,Autumn,0,0,0,느티나무 셀프BBQ,일회용 소주컵
2023-10-31,2,10,Autumn,0,0,0,느티나무 셀프BBQ,일회용 소주컵
2023-11-01,0,11,Autumn,0,0,0,느티나무 셀프BBQ,일회용 소주컵
2023-11-02,0,11,Autumn,0,0,0,느티나무 셀프BBQ,일회용 소주컵
2023-11-03,0,11,Autumn,0,0,0,느티나무 셀프BBQ,일회용 소주컵
2023-11-04,0,11,Autumn,1,0,1,느티나무 셀프BBQ,일회용 소주컵
2023-11-05,1,11,Autumn,1,0,1,느티나무 셀프BBQ,일회용 소주컵
2023-11-06,0,11,Autumn,0,0,0,느티나무 셀프BBQ,일회용 소주컵
2023-11-07,4,11,Autumn,0,0,0,느티나무 셀프BBQ,일회용 소주컵
2023-11-08,1,11,Autumn,0,0,0,느티나무 셀프BBQ,일회용 소주컵
2023-11-09,0,11,Autumn,0,0,0,느티나무 셀프BBQ,일회용 소주컵
2023-11-10,0,11,Autumn,0,0,0,느티나무 셀프BBQ,일회용 소주컵
2023-11-11,1,11,Autumn,1,0,1,느티나무 셀프BBQ,일회용 소주컵
2023-11-12,3,11,Autumn,1,0,1,느티나무 셀프BBQ,일회용 소주컵
2023-11-13,0,11,Autumn,0,0,0,느티나무 셀프BBQ,일회용 소주컵
2023-11-14,1,11,Autumn,0,0,0,느티나무 셀프BBQ,일회용 소주컵
2023-11-15,0,11,Autumn,0,0,0,느티나무 셀프BBQ,일회용 소주컵
2023-11-16,0,11,Autumn,0,0,0,느티나무 셀프BBQ,일회용 소주컵
2023-11-17,0,11,Autumn,0,0,0,느티나무 셀프BBQ,일회용 소주컵
2023-11-18,0,11,Autumn,1,0,1,느티나무 셀프BBQ,일회용 소주컵
2023-11-19,1,11,Autumn,1,0,1,느티나무 셀프BBQ,일회용 소주컵
2023-11-20,0,11,Autumn,0,0,0,느티나무 셀프BBQ,일회용 소주컵
2023-11-21,0,11,Autumn,0,0,0,느티나무 셀프BBQ,일회용 소주컵
2023-11-22,0,11,Autumn,0,0,0,느티나무 셀프BBQ,일회용 소주컵
2023-11-23,0,11,Autumn,0,0,0,느티나무 셀프BBQ,일회용 소주컵
2023-11-24,0,11,Autumn,0,0,0,느티나무 셀프BBQ,일회용 소주컵
2023-11-25,0,11,Autumn,1,0,1,느티나무 셀프BBQ,일회용 소주컵
2023-11-26,1,11,Autumn,1,0,1,느티나무 셀프BBQ,일회용 소주컵
2023-11-27,0,11,Autumn,0,0,0,느티나무 셀프BBQ,일회용 소주컵
2023-11-28,0,11,Autumn,0,0,0,느티나무 셀프BBQ,일회용 소주컵
2023-11-29,0,11,Autumn,0,0,0,느티나무 셀프BBQ,일회용 소주컵
2023-11-30,0,11,Autumn,0,0,0,느티나무 셀프BBQ,일회용 소주컵
2023-12-01,0,12,Winter,0,0,0,느티나무 셀프BBQ,일회용 소주컵
2023-12-02,1,12,Winter,1,0,1,느티나무 셀프BBQ,일회용 소주컵
2023-12-03,0,12,Winter,1,0,1,느티나무 셀프BBQ,일회용 소주컵
2023-12-04,0,12,Winter,0,0,0,느티나무 셀프BBQ,일회용 소주컵
2023-12-05,0,12,Winter,0,0,0,느티나무 셀프BBQ,일회용 소주컵
2023-12-06,0,12,Winter,0,0,0,느티나무 셀프BBQ,일회용 소주컵
2023-12-07,0,12,Winter,0,0,0,느티나무 셀프BBQ,일회용 소주컵
2023-12-08,0,12,Winter,0,0,0,느티나무 셀프BBQ,일회용 소주컵
2023-12-09,0,12,Winter,1,0,1,느티나무 셀프BBQ,일회용 소주컵
2023-12-10,1,12,Winter,1,0,1,느티나무 셀프BBQ,일회용 소주컵
2023-12-11,1,12,Winter,0,0,0,느티나무 셀프BBQ,일회용 소주컵
2023-12-12,0,12,Winter,0,0,0,느티나무 셀프BBQ,일회용 소주컵
2023-12-13,0,12,Winter,0,0,0,느티나무 셀프BBQ,일회용 소주컵
2023-12-14,0,12,Winter,0,0,0,느티나무 셀프BBQ,일회용 소주컵
2023-12-15,2,12,Winter,0,0,0,느티나무 셀프BBQ,일회용 소주컵
2023-12-16,3,12,Winter,1,0,1,느티나무 셀프BBQ,일회용 소주컵
2023-12-17,0,12,Winter,1,0,1,느티나무 셀프BBQ,일회용 소주컵
2023-12-18,0,12,Winter,0,0,0,느티나무 셀프BBQ,일회용 소주컵
2023-12-19,0,12,Winter,0,0,0,느티나무 셀프BBQ,일회용 소주컵
2023-12-20,1,12,Winter,0,0,0,느티나무 셀프BBQ,일회용 소주컵
2023-12-21,0,12,Winter,0,0,0,느티나무 셀프BBQ,일회용 소주컵
2023-12-22,0,12,Winter,0,0,0,느티나무 셀프BBQ,일회용 소주컵
2023-12-23,0,12,Winter,1,0,1,느티나무 셀프BBQ,일회용 소주컵
2023-12-24,0,12,Winter,1,0,1,느티나무 셀프BBQ,일회용 소주컵
2023-12-25,0,12,Winter,0,1,1,느티나무 셀프BBQ,일회용 소주컵
2023-12-26,0,12,Winter,0,0,0,느티나무 셀프BBQ,일회용 소주컵
2023-12-27,1,12,Winter,0,0,0,느티나무 셀프BBQ,일회용 소주컵
2023-12-28,1,12,Winter,0,0,0,느티나무 셀프BBQ,일회용 소주컵
2023-12-29,0,12,Winter,0,0,0,느티나무 셀프BBQ,일회용 소주컵
2023-12-30,0,12,Winter,1,0,1,느티나무 셀프BBQ,일회용 소주컵
2023-12-31,0,12,Winter,1,0,1,느티나무 셀프BBQ,일회용 소주컵
2024-01-01,1,1,Winter,0,1,1,느티나무 셀프BBQ,일회용 소주컵
2024-01-02,1,1,Winter,0,0,0,느티나무 셀프BBQ,일회용 소주컵
2024-01-03,0,1,Winter,0,0,0,느티나무 셀프BBQ,일회용 소주컵
2024-01-04,1,1,Winter,0,0,0,느티나무 셀프BBQ,일회용 소주컵
2024-01-05,0,1,Winter,0,0,0,느티나무 셀프BBQ,일회용 소주컵
2024-01-06,1,1,Winter,1,0,1,느티나무 셀프BBQ,일회용 소주컵
2024-01-07,1,1,Winter,1,0,1,느티나무 셀프BBQ,일회용 소주컵
2024-01-08,0,1,Winter,0,0,0,느티나무 셀프BBQ,일회용 소주컵
2024-01-09,1,1,Winter,0,0,0,느티나무 셀프BBQ,일회용 소주컵
2024-01-10,1,1,Winter,0,0,0,느티나무 셀프BBQ,일회용 소주컵
2024-01-11,0,1,Winter,0,0,0,느티나무 셀프BBQ,일회용 소주컵
2024-01-12,0,1,Winter,0,0,0,느티나무 셀프BBQ,일회용 소주컵
2024-01-13,0,1,Winter,1,0,1,느티나무 셀프BBQ,일회용 소주컵
2024-01-14,1,1,Winter,1,0,1,느티나무 셀프BBQ,일회용 소주컵
2024-01-15,0,1,Winter,0,0,0,느티나무 셀프BBQ,일회용 소주컵
2024-01-16,0,1,Winter,0,0,0,느티나무 셀프BBQ,일회용 소주컵
2024-01-17,1,1,Winter,0,0,0,느티나무 셀프BBQ,일회용 소주컵
2024-01-18,0,1,Winter,0,0,0,느티나무 셀프BBQ,일회용 소주컵
2024-01-19,1,1,Winter,0,0,0,느티나무 셀프BBQ,일회용 소주컵
2024-01-20,0,1,Winter,1,0,1,느티나무 셀프BBQ,일회용 소주컵
2024-01-21,0,1,Winter,1,0,1,느티나무 셀프BBQ,일회용 소주컵
2024-01-22,0,1,Winter,0,0,0,느티나무 셀프BBQ,일회용 소주컵
2024-01-23,0,1,Winter,0,0,0,느티나무 셀프BBQ,일회용 소주컵
2024-01-24,0,1,Winter,0,0,0,느티나무 셀프BBQ,일회용 소주컵
2024-01-25,0,1,Winter,0,0,0,느티나무 셀프BBQ,일회용 소주컵
2024-01-26,0,1,Winter,0,0,0,느티나무 셀프BBQ,일회용 소주컵
2024-01-27,0,1,Winter,1,0,1,느티나무 셀프BBQ,일회용 소주컵
2024-01-28,0,1,Winter,1,0,1,느티나무 셀프BBQ,일회용 소주컵
2024-01-29,0,1,Winter,0,0,0,느티나무 셀프BBQ,일회용 소주컵
2024-01-30,0,1,Winter,0,0,0,느티나무 셀프BBQ,일회용 소주컵
2024-01-31,0,1,Winter,0,0,0,느티나무 셀프BBQ,일회용 소주컵
2024-02-01,0,2,Winter,0,0,0,느티나무 셀프BBQ,일회용 소주컵
2024-02-02,0,2,Winter,0,0,0,느티나무 셀프BBQ,일회용 소주컵
2024-02-03,0,2,Winter,1,0,1,느티나무 셀프BBQ,일회용 소주컵
2024-02-04,0,2,Winter,1,0,1,느티나무 셀프BBQ,일회용 소주컵
2024-02-05,0,2,Winter,0,0,0,느티나무 셀프BBQ,일회용 소주컵
2024-02-06,0,2,Winter,0,0,0,느티나무 셀프BBQ,일회용 소주컵
2024-02-07,0,2,Winter,0,0,0,느티나무 셀프BBQ,일회용 소주컵
2024-02-08,1,2,Winter,0,0,0,느티나무 셀프BBQ,일회용 소주컵
2024-02-09,0,2,Winter,0,1,1,느티나무 셀프BBQ,일회용 소주컵
2024-02-10,0,2,Winter,1,1,1,느티나무 셀프BBQ,일회용 소주컵
2024-02-11,0,2,Winter,1,1,1,느티나무 셀프BBQ,일회용 소주컵
2024-02-12,0,2,Winter,0,1,1,느티나무 셀프BBQ,일회용 소주컵
2024-02-13,0,2,Winter,0,0,0,느티나무 셀프BBQ,일회용 소주컵
2024-02-14,0,2,Winter,0,0,0,느티나무 셀프BBQ,일회용 소주컵
2024-02-15,0,2,Winter,0,0,0,느티나무 셀프BBQ,일회용 소주컵
2024-02-16,0,2,Winter,0,0,0,느티나무 셀프BBQ,일회용 소주컵
2024-02-17,0,2,Winter,1,0,1,느티나무 셀프BBQ,일회용 소주컵
2024-02-18,0,2,Winter,1,0,1,느티나무 셀프BBQ,일회용 소주컵
2024-02-19,0,2,Winter,0,0,0,느티나무 셀프BBQ,일회용 소주컵
2024-02-20,0,2,Winter,0,0,0,느티나무 셀프BBQ,일회용 소주컵
2024-02-21,0,2,Winter,0,0,0,느티나무 셀프BBQ,일회용 소주컵
2024-02-22,0,2,Winter,0,0,0,느티나무 셀프BBQ,일회용 소주컵
2024-02-23,0,2,Winter,0,0,0,느티나무 셀프BBQ,일회용 소주컵
2024-02-24,0,2,Winter,1,0,1,느티나무 셀프BBQ,일회용 소주컵
2024-02-25,0,2,Winter,1,0,1,느티나무 셀프BBQ,일회용 소주컵
2024-02-26,0,2,Winter,0,0,0,느티나무 셀프BBQ,일회용 소주컵
2024-02-27,0,2,Winter,0,0,0,느티나무 셀프BBQ,일회용 소주컵
2024-02-28,0,2,Winter,0,0,0,느티나무 셀프BBQ,일회용 소주컵
2024-02-29,0,2,Winter,0,0,0,느티나무 셀프BBQ,일회용 소주컵
2024-03-01,0,3,Spring,0,1,1,느티나무 셀프BBQ,일회용 소주컵
2024-03-02,0,3,Spring,1,0,1,느티나무 셀프BBQ,일회용 소주컵
2024-03-03,0,3,Spring,1,0,1,느티나무 셀프BBQ,일회용 소주컵
2024-03-04,0,3,Spring,0,0,0,느티나무 셀프BBQ,일회용 소주컵
2024-03-05,0,3,Spring,0,0,0,느티나무 셀프BBQ,일회용 소주컵
2024-03-06,0,3,Spring,0,0,0,느티나무 셀프BBQ,일회용 소주컵
2024-03-07,0,3,Spring,0,0,0,느티나무 셀프BBQ,일회용 소주컵
2024-03-08,0,3,Spring,0,0,0,느티나무 셀프BBQ,일회용 소주컵
2024-03-09,0,3,Spring,1,0,1,느티나무 셀프BBQ,일회용 소주컵
2024-03-10,0,3,Spring,1,0,1,느티나무 셀프BBQ,일회용 소주컵
2024-03-11,0,3,Spring,0,0,0,느티나무 셀프BBQ,일회용 소주컵
2024-03-12,0,3,Spring,0,0,0,느티나무 셀프BBQ,일회용 소주컵
2024-03-13,0,3,Spring,0,0,0,느티나무 셀프BBQ,일회용 소주컵
2024-03-14,0,3,Spring,0,0,0,느티나무 셀프BBQ,일회용 소주컵
2024-03-15,0,3,Spring,0,0,0,느티나무 셀프BBQ,일회용 소주컵
2024-03-16,0,3,Spring,1,0,1,느티나무 셀프BBQ,일회용 소주컵
2024-03-17,0,3,Spring,1,0,1,느티나무 셀프BBQ,일회용 소주컵
2024-03-18,0,3,Spring,0,0,0,느티나무 셀프BBQ,일회용 소주컵
2024-03-19,0,3,Spring,0,0,0,느티나무 셀프BBQ,일회용 소주컵
2024-03-20,0,3,Spring,0,0,0,느티나무 셀프BBQ,일회용 소주컵
2024-03-21,0,3,Spring,0,0,0,느티나무 셀프BBQ,일회용 소주컵
2024-03-22,0,3,Spring,0,0,0,느티나무 셀프BBQ,일회용 소주컵
2024-03-23,1,3,Spring,1,0,1,느티나무 셀프BBQ,일회용 소주컵
2024-03-24,1,3,Spring,1,0,1,느티나무 셀프BBQ,일회용 소주컵
2024-03-25,0,3,Spring,0,0,0,느티나무 셀프BBQ,일회용 소주컵
2024-03-26,0,3,Spring,0,0,0,느티나무 셀프BBQ,일회용 소주컵
2024-03-27,1,3,Spring,0,0,0,느티나무 셀프BBQ,일회용 소주컵
2024-03-28,0,3,Spring,0,0,0,느티나무 셀프BBQ,일회용 소주컵
2024-03-29,5,3,Spring,0,0,0,느티나무 셀프BBQ,일회용 소주컵
2024-03-30,4,3,Spring,1,0,1,느티나무 셀프BBQ,일회용 소주컵
2024-03-31,1,3,Spring,1,0,1,느티나무 셀프BBQ,일회용 소주컵
2024-04-01,0,4,Spring,0,0,0,느티나무 셀프BBQ,일회용 소주컵
2024-04-02,0,4,Spring,0,0,0,느티나무 셀프BBQ,일회용 소주컵
2024-04-03,0,4,Spring,0,0,0,느티나무 셀프BBQ,일회용 소주컵
2024-04-04,0,4,Spring,0,0,0,느티나무 셀프BBQ,일회용 소주컵
2024-04-05,0,4,Spring,0,0,0,느티나무 셀프BBQ,일회용 소주컵
2024-04-06,1,4,Spring,1,0,1,느티나무 셀프BBQ,일회용 소주컵
2024-04-07,0,4,Spring,1,0,1,느티나무 셀프BBQ,일회용 소주컵
2024-04-08,0,4,Spring,0,0,0,느티나무 셀프BBQ,일회용 소주컵
2024-04-09,2,4,Spring,0,0,0,느티나무 셀프BBQ,일회용 소주컵
2024-04-10,1,4,Spring,0,1,1,느티나무 셀프BBQ,일회용 소주컵
2024-04-11,2,4,Spring,0,0,0,느티나무 셀프BBQ,일회용 소주컵
2024-04-12,0,4,Spring,0,0,0,느티나무 셀프BBQ,일회용 소주컵
2024-04-13,0,4,Spring,1,0,1,느티나무 셀프BBQ,일회용 소주컵
2024-04-14,0,4,Spring,1,0,1,느티나무 셀프BBQ,일회용 소주컵
2024-04-15,0,4,Spring,0,0,0,느티나무 셀프BBQ,일회용 소주컵
2024-04-16,0,4,Spring,0,0,0,느티나무 셀프BBQ,일회용 소주컵
2024-04-17,1,4,Spring,0,0,0,느티나무 셀프BBQ,일회용 소주컵
2024-04-18,0,4,Spring,0,0,0,느티나무 셀프BBQ,일회용 소주컵
2024-04-19,0,4,Spring,0,0,0,느티나무 셀프BBQ,일회용 소주컵
2024-04-20,1,4,Spring,1,0,1,느티나무 셀프BBQ,일회용 소주컵
2024-04-21,0,4,Spring,1,0,1,느티나무 셀프BBQ,일회용 소주컵
2024-04-22,0,4,Spring,0,0,0,느티나무 셀프BBQ,일회용 소주컵
2024-04-23,0,4,Spring,0,0,0,느티나무 셀프BBQ,일회용 소주컵
2024-04-24,0,4,Spring,0,0,0,느티나무 셀프BBQ,일회용 소주컵
2024-04-25,1,4,Spring,0,0,0,느티나무 셀프BBQ,일회용 소주컵
2024-04-26,1,4,Spring,0,0,0,느티나무 셀프BBQ,일회용 소주컵
2024-04-27,1,4,Spring,1,0,1,느티나무 셀프BBQ,일회용 소주컵
2024-04-28,1,4,Spring,1,0,1,느티나무 셀프BBQ,일회용 소주컵
2024-04-29,0,4,Spring,0,0,0,느티나무 셀프BBQ,일회용 소주컵
2024-04-30,0,4,Spring,0,0,0,느티나무 셀프BBQ,일회용 소주컵
2024-05-01,0,5,Spring,0,0,0,느티나무 셀프BBQ,일회용 소주컵
2024-05-02,0,5,Spring,0,0,0,느티나무 셀프BBQ,일회용 소주컵
2024-05-03,2,5,Spring,0,0,0,느티나무 셀프BBQ,일회용 소주컵
2024-05-04,2,5,Spring,1,0,1,느티나무 셀프BBQ,일회용 소주컵
2024-05-05,1,5,Spring,1,1,1,느티나무 셀프BBQ,일회용 소주컵
2024-05-06,0,5,Spring,0,1,1,느티나무 셀프BBQ,일회용 소주컵
2024-05-07,0,5,Spring,0,0,0,느티나무 셀프BBQ,일회용 소주컵
2024-05-08,0,5,Spring,0,0,0,느티나무 셀프BBQ,일회용 소주컵
2024-05-09,0,5,Spring,0,0,0,느티나무 셀프BBQ,일회용 소주컵
2024-05-10,0,5,Spring,0,0,0,느티나무 셀프BBQ,일회용 소주컵
2024-05-11,2,5,Spring,1,0,1,느티나무 셀프BBQ,일회용 소주컵
2024-05-12,0,5,Spring,1,0,1,느티나무 셀프BBQ,일회용 소주컵
2024-05-13,0,5,Spring,0,0,0,느티나무 셀프BBQ,일회용 소주컵
2024-05-14,1,5,Spring,0,0,0,느티나무 셀프BBQ,일회용 소주컵
2024-05-15,2,5,Spring,0,1,1,느티나무 셀프BBQ,일회용 소주컵
2024-05-16,0,5,Spring,0,0,0,느티나무 셀프BBQ,일회용 소주컵
2024-05-17,0,5,Spring,0,0,0,느티나무 셀프BBQ,일회용 소주컵
2024-05-18,0,5,Spring,1,0,1,느티나무 셀프BBQ,일회용 소주컵
2024-05-19,0,5,Spring,1,0,1,느티나무 셀프BBQ,일회용 소주컵
2024-05-20,0,5,Spring,0,0,0,느티나무 셀프BBQ,일회용 소주컵
2024-05-21,0,5,Spring,0,0,0,느티나무 셀프BBQ,일회용 소주컵
2024-05-22,0,5,Spring,0,0,0,느티나무 셀프BBQ,일회용 소주컵
2024-05-23,0,5,Spring,0,0,0,느티나무 셀프BBQ,일회용 소주컵
2024-05-24,1,5,Spring,0,0,0,느티나무 셀프BBQ,일회용 소주컵
2024-05-25,2,5,Spring,1,0,1,느티나무 셀프BBQ,일회용 소주컵
2024-05-26,1,5,Spring,1,0,1,느티나무 셀프BBQ,일회용 소주컵
2024-05-27,0,5,Spring,0,0,0,느티나무 셀프BBQ,일회용 소주컵
2024-05-28,0,5,Spring,0,0,0,느티나무 셀프BBQ,일회용 소주컵
2024-05-29,0,5,Spring,0,0,0,느티나무 셀프BBQ,일회용 소주컵
2024-05-30,0,5,Spring,0,0,0,느티나무 셀프BBQ,일회용 소주컵
2024-05-31,1,5,Spring,0,0,0,느티나무 셀프BBQ,일회용 소주컵
2024-06-01,1,6,Summer,1,0,1,느티나무 셀프BBQ,일회용 소주컵
2024-06-02,1,6,Summer,1,0,1,느티나무 셀프BBQ,일회용 소주컵
2024-06-03,0,6,Summer,0,0,0,느티나무 셀프BBQ,일회용 소주컵
2024-06-04,0,6,Summer,0,0,0,느티나무 셀프BBQ,일회용 소주컵
2024-06-05,0,6,Summer,0,0,0,느티나무 셀프BBQ,일회용 소주컵
2024-06-06,0,6,Summer,0,1,1,느티나무 셀프BBQ,일회용 소주컵
2024-06-07,1,6,Summer,0,0,0,느티나무 셀프BBQ,일회용 소주컵
2024-06-08,1,6,Summer,1,0,1,느티나무 셀프BBQ,일회용 소주컵
2024-06-09,0,6,Summer,1,0,1,느티나무 셀프BBQ,일회용 소주컵
2024-06-10,0,6,Summer,0,0,0,느티나무 셀프BBQ,일회용 소주컵
2024-06-11,0,6,Summer,0,0,0,느티나무 셀프BBQ,일회용 소주컵
2024-06-12,0,6,Summer,0,0,0,느티나무 셀프BBQ,일회용 소주컵
2024-06-13,0,6,Summer,0,0,0,느티나무 셀프BBQ,일회용 소주컵
2024-06-14,3,6,Summer,0,0,0,느티나무 셀프BBQ,일회용 소주컵
2024-06-15,0,6,Summer,1,0,1,느티나무 셀프BBQ,일회용 소주컵
2023-01-01,0,1,Winter,1,1,1,느티나무 셀프BBQ,일회용 종이컵
2023-01-02,0,1,Winter,0,0,0,느티나무 셀프BBQ,일회용 종이컵
2023-01-03,0,1,Winter,0,0,0,느티나무 셀프BBQ,일회용 종이컵
2023-01-04,0,1,Winter,0,0,0,느티나무 셀프BBQ,일회용 종이컵
2023-01-05,0,1,Winter,0,0,0,느티나무 셀프BBQ,일회용 종이컵
2023-01-06,0,1,Winter,0,0,0,느티나무 셀프BBQ,일회용 종이컵
2023-01-07,0,1,Winter,1,0,1,느티나무 셀프BBQ,일회용 종이컵
2023-01-08,0,1,Winter,1,0,1,느티나무 셀프BBQ,일회용 종이컵
2023-01-09,0,1,Winter,0,0,0,느티나무 셀프BBQ,일회용 종이컵
2023-01-10,0,1,Winter,0,0,0,느티나무 셀프BBQ,일회용 종이컵
2023-01-11,0,1,Winter,0,0,0,느티나무 셀프BBQ,일회용 종이컵
2023-01-12,0,1,Winter,0,0,0,느티나무 셀프BBQ,일회용 종이컵
2023-01-13,0,1,Winter,0,0,0,느티나무 셀프BBQ,일회용 종이컵
2023-01-14,0,1,Winter,1,0,1,느티나무 셀프BBQ,일회용 종이컵
2023-01-15,0,1,Winter,1,0,1,느티나무 셀프BBQ,일회용 종이컵
2023-01-16,0,1,Winter,0,0,0,느티나무 셀프BBQ,일회용 종이컵
2023-01-17,0,1,Winter,0,0,0,느티나무 셀프BBQ,일회용 종이컵
2023-01-18,0,1,Winter,0,0,0,느티나무 셀프BBQ,일회용 종이컵
2023-01-19,0,1,Winter,0,0,0,느티나무 셀프BBQ,일회용 종이컵
2023-01-20,0,1,Winter,0,0,0,느티나무 셀프BBQ,일회용 종이컵
2023-01-21,0,1,Winter,1,1,1,느티나무 셀프BBQ,일회용 종이컵
2023-01-22,1,1,Winter,1,1,1,느티나무 셀프BBQ,일회용 종이컵
2023-01-23,2,1,Winter,0,1,1,느티나무 셀프BBQ,일회용 종이컵
2023-01-24,1,1,Winter,0,1,1,느티나무 셀프BBQ,일회용 종이컵
2023-01-25,1,1,Winter,0,0,0,느티나무 셀프BBQ,일회용 종이컵
2023-01-26,2,1,Winter,0,0,0,느티나무 셀프BBQ,일회용 종이컵
2023-01-27,2,1,Winter,0,0,0,느티나무 셀프BBQ,일회용 종이컵
2023-01-28,0,1,Winter,1,0,1,느티나무 셀프BBQ,일회용 종이컵
2023-01-29,1,1,Winter,1,0,1,느티나무 셀프BBQ,일회용 종이컵
2023-01-30,2,1,Winter,0,0,0,느티나무 셀프BBQ,일회용 종이컵
2023-01-31,0,1,Winter,0,0,0,느티나무 셀프BBQ,일회용 종이컵
2023-02-01,2,2,Winter,0,0,0,느티나무 셀프BBQ,일회용 종이컵
2023-02-02,0,2,Winter,0,0,0,느티나무 셀프BBQ,일회용 종이컵
2023-02-03,2,2,Winter,0,0,0,느티나무 셀프BBQ,일회용 종이컵
2023-02-04,0,2,Winter,1,0,1,느티나무 셀프BBQ,일회용 종이컵
2023-02-05,2,2,Winter,1,0,1,느티나무 셀프BBQ,일회용 종이컵
2023-02-06,1,2,Winter,0,0,0,느티나무 셀프BBQ,일회용 종이컵
2023-02-07,0,2,Winter,0,0,0,느티나무 셀프BBQ,일회용 종이컵
2023-02-08,0,2,Winter,0,0,0,느티나무 셀프BBQ,일회용 종이컵
2023-02-09,0,2,Winter,0,0,0,느티나무 셀프BBQ,일회용 종이컵
2023-02-10,2,2,Winter,0,0,0,느티나무 셀프BBQ,일회용 종이컵
2023-02-11,3,2,Winter,1,0,1,느티나무 셀프BBQ,일회용 종이컵
2023-02-12,0,2,Winter,1,0,1,느티나무 셀프BBQ,일회용 종이컵
2023-02-13,2,2,Winter,0,0,0,느티나무 셀프BBQ,일회용 종이컵
2023-02-14,2,2,Winter,0,0,0,느티나무 셀프BBQ,일회용 종이컵
2023-02-15,1,2,Winter,0,0,0,느티나무 셀프BBQ,일회용 종이컵
2023-02-16,0,2,Winter,0,0,0,느티나무 셀프BBQ,일회용 종이컵
2023-02-17,0,2,Winter,0,0,0,느티나무 셀프BBQ,일회용 종이컵
2023-02-18,0,2,Winter,1,0,1,느티나무 셀프BBQ,일회용 종이컵
2023-02-19,1,2,Winter,1,0,1,느티나무 셀프BBQ,일회용 종이컵
2023-02-20,2,2,Winter,0,0,0,느티나무 셀프BBQ,일회용 종이컵
2023-02-21,2,2,Winter,0,0,0,느티나무 셀프BBQ,일회용 종이컵
2023-02-22,1,2,Winter,0,0,0,느티나무 셀프BBQ,일회용 종이컵
2023-02-23,1,2,Winter,0,0,0,느티나무 셀프BBQ,일회용 종이컵
2023-02-24,1,2,Winter,0,0,0,느티나무 셀프BBQ,일회용 종이컵
2023-02-25,1,2,Winter,1,0,1,느티나무 셀프BBQ,일회용 종이컵
2023-02-26,1,2,Winter,1,0,1,느티나무 셀프BBQ,일회용 종이컵
2023-02-27,0,2,Winter,0,0,0,느티나무 셀프BBQ,일회용 종이컵
2023-02-28,0,2,Winter,0,0,0,느티나무 셀프BBQ,일회용 종이컵
2023-03-01,0,3,Spring,0,1,1,느티나무 셀프BBQ,일회용 종이컵
2023-03-02,0,3,Spring,0,0,0,느티나무 셀프BBQ,일회용 종이컵
2023-03-03,0,3,Spring,0,0,0,느티나무 셀프BBQ,일회용 종이컵
2023-03-04,0,3,Spring,1,0,1,느티나무 셀프BBQ,일회용 종이컵
2023-03-05,0,3,Spring,1,0,1,느티나무 셀프BBQ,일회용 종이컵
2023-03-06,0,3,Spring,0,0,0,느티나무 셀프BBQ,일회용 종이컵
2023-03-07,0,3,Spring,0,0,0,느티나무 셀프BBQ,일회용 종이컵
2023-03-08,0,3,Spring,0,0,0,느티나무 셀프BBQ,일회용 종이컵
2023-03-09,0,3,Spring,0,0,0,느티나무 셀프BBQ,일회용 종이컵
2023-03-10,1,3,Spring,0,0,0,느티나무 셀프BBQ,일회용 종이컵
2023-03-11,1,3,Spring,1,0,1,느티나무 셀프BBQ,일회용 종이컵
2023-03-12,0,3,Spring,1,0,1,느티나무 셀프BBQ,일회용 종이컵
2023-03-13,0,3,Spring,0,0,0,느티나무 셀프BBQ,일회용 종이컵
2023-03-14,0,3,Spring,0,0,0,느티나무 셀프BBQ,일회용 종이컵
2023-03-15,0,3,Spring,0,0,0,느티나무 셀프BBQ,일회용 종이컵
2023-03-16,0,3,Spring,0,0,0,느티나무 셀프BBQ,일회용 종이컵
2023-03-17,1,3,Spring,0,0,0,느티나무 셀프BBQ,일회용 종이컵
2023-03-18,3,3,Spring,1,0,1,느티나무 셀프BBQ,일회용 종이컵
2023-03-19,1,3,Spring,1,0,1,느티나무 셀프BBQ,일회용 종이컵
2023-03-20,0,3,Spring,0,0,0,느티나무 셀프BBQ,일회용 종이컵
2023-03-21,0,3,Spring,0,0,0,느티나무 셀프BBQ,일회용 종이컵
2023-03-22,2,3,Spring,0,0,0,느티나무 셀프BBQ,일회용 종이컵
2023-03-23,0,3,Spring,0,0,0,느티나무 셀프BBQ,일회용 종이컵
2023-03-24,2,3,Spring,0,0,0,느티나무 셀프BBQ,일회용 종이컵
2023-03-25,0,3,Spring,1,0,1,느티나무 셀프BBQ,일회용 종이컵
2023-03-26,2,3,Spring,1,0,1,느티나무 셀프BBQ,일회용 종이컵
2023-03-27,0,3,Spring,0,0,0,느티나무 셀프BBQ,일회용 종이컵
2023-03-28,0,3,Spring,0,0,0,느티나무 셀프BBQ,일회용 종이컵
2023-03-29,0,3,Spring,0,0,0,느티나무 셀프BBQ,일회용 종이컵
2023-03-30,0,3,Spring,0,0,0,느티나무 셀프BBQ,일회용 종이컵
2023-03-31,1,3,Spring,0,0,0,느티나무 셀프BBQ,일회용 종이컵
2023-04-01,1,4,Spring,1,0,1,느티나무 셀프BBQ,일회용 종이컵
2023-04-02,3,4,Spring,1,0,1,느티나무 셀프BBQ,일회용 종이컵
2023-04-03,0,4,Spring,0,0,0,느티나무 셀프BBQ,일회용 종이컵
2023-04-04,0,4,Spring,0,0,0,느티나무 셀프BBQ,일회용 종이컵
2023-04-05,0,4,Spring,0,0,0,느티나무 셀프BBQ,일회용 종이컵
2023-04-06,0,4,Spring,0,0,0,느티나무 셀프BBQ,일회용 종이컵
2023-04-07,3,4,Spring,0,0,0,느티나무 셀프BBQ,일회용 종이컵
2023-04-08,0,4,Spring,1,0,1,느티나무 셀프BBQ,일회용 종이컵
2023-04-09,2,4,Spring,1,0,1,느티나무 셀프BBQ,일회용 종이컵
2023-04-10,0,4,Spring,0,0,0,느티나무 셀프BBQ,일회용 종이컵
2023-04-11,1,4,Spring,0,0,0,느티나무 셀프BBQ,일회용 종이컵
2023-04-12,0,4,Spring,0,0,0,느티나무 셀프BBQ,일회용 종이컵
2023-04-13,0,4,Spring,0,0,0,느티나무 셀프BBQ,일회용 종이컵
2023-04-14,2,4,Spring,0,0,0,느티나무 셀프BBQ,일회용 종이컵
2023-04-15,1,4,Spring,1,0,1,느티나무 셀프BBQ,일회용 종이컵
2023-04-16,1,4,Spring,1,0,1,느티나무 셀프BBQ,일회용 종이컵
2023-04-17,0,4,Spring,0,0,0,느티나무 셀프BBQ,일회용 종이컵
2023-04-18,0,4,Spring,0,0,0,느티나무 셀프BBQ,일회용 종이컵
2023-04-19,0,4,Spring,0,0,0,느티나무 셀프BBQ,일회용 종이컵
2023-04-20,0,4,Spring,0,0,0,느티나무 셀프BBQ,일회용 종이컵
2023-04-21,0,4,Spring,0,0,0,느티나무 셀프BBQ,일회용 종이컵
2023-04-22,5,4,Spring,1,0,1,느티나무 셀프BBQ,일회용 종이컵
2023-04-23,0,4,Spring,1,0,1,느티나무 셀프BBQ,일회용 종이컵
2023-04-24,0,4,Spring,0,0,0,느티나무 셀프BBQ,일회용 종이컵
2023-04-25,0,4,Spring,0,0,0,느티나무 셀프BBQ,일회용 종이컵
2023-04-26,1,4,Spring,0,0,0,느티나무 셀프BBQ,일회용 종이컵
2023-04-27,3,4,Spring,0,0,0,느티나무 셀프BBQ,일회용 종이컵
2023-04-28,2,4,Spring,0,0,0,느티나무 셀프BBQ,일회용 종이컵
2023-04-29,2,4,Spring,1,0,1,느티나무 셀프BBQ,일회용 종이컵
2023-04-30,5,4,Spring,1,0,1,느티나무 셀프BBQ,일회용 종이컵
2023-05-01,1,5,Spring,0,0,0,느티나무 셀프BBQ,일회용 종이컵
2023-05-02,0,5,Spring,0,0,0,느티나무 셀프BBQ,일회용 종이컵
2023-05-03,0,5,Spring,0,0,0,느티나무 셀프BBQ,일회용 종이컵
2023-05-04,5,5,Spring,0,0,0,느티나무 셀프BBQ,일회용 종이컵
2023-05-05,0,5,Spring,0,1,1,느티나무 셀프BBQ,일회용 종이컵
2023-05-06,6,5,Spring,1,0,1,느티나무 셀프BBQ,일회용 종이컵
2023-05-07,2,5,Spring,1,0,1,느티나무 셀프BBQ,일회용 종이컵
2023-05-08,0,5,Spring,0,0,0,느티나무 셀프BBQ,일회용 종이컵
2023-05-09,0,5,Spring,0,0,0,느티나무 셀프BBQ,일회용 종이컵
2023-05-10,0,5,Spring,0,0,0,느티나무 셀프BBQ,일회용 종이컵
2023-05-11,2,5,Spring,0,0,0,느티나무 셀프BBQ,일회용 종이컵
2023-05-12,0,5,Spring,0,0,0,느티나무 셀프BBQ,일회용 종이컵
2023-05-13,4,5,Spring,1,0,1,느티나무 셀프BBQ,일회용 종이컵
2023-05-14,2,5,Spring,1,0,1,느티나무 셀프BBQ,일회용 종이컵
2023-05-15,0,5,Spring,0,0,0,느티나무 셀프BBQ,일회용 종이컵
2023-05-16,1,5,Spring,0,0,0,느티나무 셀프BBQ,일회용 종이컵
2023-05-17,0,5,Spring,0,0,0,느티나무 셀프BBQ,일회용 종이컵
2023-05-18,0,5,Spring,0,0,0,느티나무 셀프BBQ,일회용 종이컵
2023-05-19,1,5,Spring,0,0,0,느티나무 셀프BBQ,일회용 종이컵
2023-05-20,5,5,Spring,1,0,1,느티나무 셀프BBQ,일회용 종이컵
2023-05-21,1,5,Spring,1,0,1,느티나무 셀프BBQ,일회용 종이컵
2023-05-22,0,5,Spring,0,0,0,느티나무 셀프BBQ,일회용 종이컵
2023-05-23,1,5,Spring,0,0,0,느티나무 셀프BBQ,일회용 종이컵
2023-05-24,2,5,Spring,0,0,0,느티나무 셀프BBQ,일회용 종이컵
2023-05-25,2,5,Spring,0,0,0,느티나무 셀프BBQ,일회용 종이컵
2023-05-26,2,5,Spring,0,0,0,느티나무 셀프BBQ,일회용 종이컵
2023-05-27,3,5,Spring,1,1,1,느티나무 셀프BBQ,일회용 종이컵
2023-05-28,2,5,Spring,1,0,1,느티나무 셀프BBQ,일회용 종이컵
2023-05-29,1,5,Spring,0,1,1,느티나무 셀프BBQ,일회용 종이컵
2023-05-30,1,5,Spring,0,0,0,느티나무 셀프BBQ,일회용 종이컵
2023-05-31,0,5,Spring,0,0,0,느티나무 셀프BBQ,일회용 종이컵
2023-06-01,2,6,Summer,0,0,0,느티나무 셀프BBQ,일회용 종이컵
2023-06-02,3,6,Summer,0,0,0,느티나무 셀프BBQ,일회용 종이컵
2023-06-03,3,6,Summer,1,0,1,느티나무 셀프BBQ,일회용 종이컵
2023-06-04,3,6,Summer,1,0,1,느티나무 셀프BBQ,일회용 종이컵
2023-06-05,2,6,Summer,0,0,0,느티나무 셀프BBQ,일회용 종이컵
2023-06-06,0,6,Summer,0,1,1,느티나무 셀프BBQ,일회용 종이컵
2023-06-07,0,6,Summer,0,0,0,느티나무 셀프BBQ,일회용 종이컵
2023-06-08,0,6,Summer,0,0,0,느티나무 셀프BBQ,일회용 종이컵
2023-06-09,2,6,Summer,0,0,0,느티나무 셀프BBQ,일회용 종이컵
2023-06-10,1,6,Summer,1,0,1,느티나무 셀프BBQ,일회용 종이컵
2023-06-11,1,6,Summer,1,0,1,느티나무 셀프BBQ,일회용 종이컵
2023-06-12,0,6,Summer,0,0,0,느티나무 셀프BBQ,일회용 종이컵
2023-06-13,1,6,Summer,0,0,0,느티나무 셀프BBQ,일회용 종이컵
2023-06-14,0,6,Summer,0,0,0,느티나무 셀프BBQ,일회용 종이컵
2023-06-15,0,6,Summer,0,0,0,느티나무 셀프BBQ,일회용 종이컵
2023-06-16,2,6,Summer,0,0,0,느티나무 셀프BBQ,일회용 종이컵
2023-06-17,0,6,Summer,1,0,1,느티나무 셀프BBQ,일회용 종이컵
2023-06-18,1,6,Summer,1,0,1,느티나무 셀프BBQ,일회용 종이컵
2023-06-19,0,6,Summer,0,0,0,느티나무 셀프BBQ,일회용 종이컵
2023-06-20,0,6,Summer,0,0,0,느티나무 셀프BBQ,일회용 종이컵
2023-06-21,0,6,Summer,0,0,0,느티나무 셀프BBQ,일회용 종이컵
2023-06-22,0,6,Summer,0,0,0,느티나무 셀프BBQ,일회용 종이컵
2023-06-23,0,6,Summer,0,0,0,느티나무 셀프BBQ,일회용 종이컵
2023-06-24,3,6,Summer,1,0,1,느티나무 셀프BBQ,일회용 종이컵
2023-06-25,0,6,Summer,1,0,1,느티나무 셀프BBQ,일회용 종이컵
2023-06-26,0,6,Summer,0,0,0,느티나무 셀프BBQ,일회용 종이컵
2023-06-27,1,6,Summer,0,0,0,느티나무 셀프BBQ,일회용 종이컵
2023-06-28,1,6,Summer,0,0,0,느티나무 셀프BBQ,일회용 종이컵
2023-06-29,1,6,Summer,0,0,0,느티나무 셀프BBQ,일회용 종이컵
2023-06-30,2,6,Summer,0,0,0,느티나무 셀프BBQ,일회용 종이컵
2023-07-01,2,7,Summer,1,0,1,느티나무 셀프BBQ,일회용 종이컵
2023-07-02,0,7,Summer,1,0,1,느티나무 셀프BBQ,일회용 종이컵
2023-07-03,0,7,Summer,0,0,0,느티나무 셀프BBQ,일회용 종이컵
2023-07-04,0,7,Summer,0,0,0,느티나무 셀프BBQ,일회용 종이컵
2023-07-05,0,7,Summer,0,0,0,느티나무 셀프BBQ,일회용 종이컵
2023-07-06,0,7,Summer,0,0,0,느티나무 셀프BBQ,일회용 종이컵
2023-07-07,0,7,Summer,0,0,0,느티나무 셀프BBQ,일회용 종이컵
2023-07-08,3,7,Summer,1,0,1,느티나무 셀프BBQ,일회용 종이컵
2023-07-09,1,7,Summer,1,0,1,느티나무 셀프BBQ,일회용 종이컵
2023-07-10,0,7,Summer,0,0,0,느티나무 셀프BBQ,일회용 종이컵
2023-07-11,1,7,Summer,0,0,0,느티나무 셀프BBQ,일회용 종이컵
2023-07-12,0,7,Summer,0,0,0,느티나무 셀프BBQ,일회용 종이컵
2023-07-13,2,7,Summer,0,0,0,느티나무 셀프BBQ,일회용 종이컵
2023-07-14,2,7,Summer,0,0,0,느티나무 셀프BBQ,일회용 종이컵
2023-07-15,2,7,Summer,1,0,1,느티나무 셀프BBQ,일회용 종이컵
2023-07-16,0,7,Summer,1,0,1,느티나무 셀프BBQ,일회용 종이컵
2023-07-17,1,7,Summer,0,0,0,느티나무 셀프BBQ,일회용 종이컵
2023-07-18,1,7,Summer,0,0,0,느티나무 셀프BBQ,일회용 종이컵
2023-07-19,3,7,Summer,0,0,0,느티나무 셀프BBQ,일회용 종이컵
2023-07-20,1,7,Summer,0,0,0,느티나무 셀프BBQ,일회용 종이컵
2023-07-21,3,7,Summer,0,0,0,느티나무 셀프BBQ,일회용 종이컵
2023-07-22,2,7,Summer,1,0,1,느티나무 셀프BBQ,일회용 종이컵
2023-07-23,2,7,Summer,1,0,1,느티나무 셀프BBQ,일회용 종이컵
2023-07-24,0,7,Summer,0,0,0,느티나무 셀프BBQ,일회용 종이컵
2023-07-25,1,7,Summer,0,0,0,느티나무 셀프BBQ,일회용 종이컵
2023-07-26,4,7,Summer,0,0,0,느티나무 셀프BBQ,일회용 종이컵
2023-07-27,2,7,Summer,0,0,0,느티나무 셀프BBQ,일회용 종이컵
2023-07-28,1,7,Summer,0,0,0,느티나무 셀프BBQ,일회용 종이컵
2023-07-29,3,7,Summer,1,0,1,느티나무 셀프BBQ,일회용 종이컵
2023-07-30,2,7,Summer,1,0,1,느티나무 셀프BBQ,일회용 종이컵
2023-07-31,3,7,Summer,0,0,0,느티나무 셀프BBQ,일회용 종이컵
2023-08-01,3,8,Summer,0,0,0,느티나무 셀프BBQ,일회용 종이컵
2023-08-02,0,8,Summer,0,0,0,느티나무 셀프BBQ,일회용 종이컵
2023-08-03,5,8,Summer,0,0,0,느티나무 셀프BBQ,일회용 종이컵
2023-08-04,3,8,Summer,0,0,0,느티나무 셀프BBQ,일회용 종이컵
2023-08-05,2,8,Summer,1,0,1,느티나무 셀프BBQ,일회용 종이컵
2023-08-06,1,8,Summer,1,0,1,느티나무 셀프BBQ,일회용 종이컵
2023-08-07,1,8,Summer,0,0,0,느티나무 셀프BBQ,일회용 종이컵
2023-08-08,2,8,Summer,0,0,0,느티나무 셀프BBQ,일회용 종이컵
2023-08-09,2,8,Summer,0,0,0,느티나무 셀프BBQ,일회용 종이컵
2023-08-10,1,8,Summer,0,0,0,느티나무 셀프BBQ,일회용 종이컵
2023-08-11,2,8,Summer,0,0,0,느티나무 셀프BBQ,일회용 종이컵
2023-08-12,6,8,Summer,1,0,1,느티나무 셀프BBQ,일회용 종이컵
2023-08-13,5,8,Summer,1,0,1,느티나무 셀프BBQ,일회용 종이컵
2023-08-14,2,8,Summer,0,0,0,느티나무 셀프BBQ,일회용 종이컵
2023-08-15,4,8,Summer,0,1,1,느티나무 셀프BBQ,일회용 종이컵
2023-08-16,0,8,Summer,0,0,0,느티나무 셀프BBQ,일회용 종이컵
2023-08-17,1,8,Summer,0,0,0,느티나무 셀프BBQ,일회용 종이컵
2023-08-18,1,8,Summer,0,0,0,느티나무 셀프BBQ,일회용 종이컵
2023-08-19,5,8,Summer,1,0,1,느티나무 셀프BBQ,일회용 종이컵
2023-08-20,3,8,Summer,1,0,1,느티나무 셀프BBQ,일회용 종이컵
2023-08-21,0,8,Summer,0,0,0,느티나무 셀프BBQ,일회용 종이컵
2023-08-22,0,8,Summer,0,0,0,느티나무 셀프BBQ,일회용 종이컵
2023-08-23,1,8,Summer,0,0,0,느티나무 셀프BBQ,일회용 종이컵
2023-08-24,1,8,Summer,0,0,0,느티나무 셀프BBQ,일회용 종이컵
2023-08-25,5,8,Summer,0,0,0,느티나무 셀프BBQ,일회용 종이컵
2023-08-26,1,8,Summer,1,0,1,느티나무 셀프BBQ,일회용 종이컵
2023-08-27,6,8,Summer,1,0,1,느티나무 셀프BBQ,일회용 종이컵
2023-08-28,0,8,Summer,0,0,0,느티나무 셀프BBQ,일회용 종이컵
2023-08-29,0,8,Summer,0,0,0,느티나무 셀프BBQ,일회용 종이컵
2023-08-30,0,8,Summer,0,0,0,느티나무 셀프BBQ,일회용 종이컵
2023-08-31,0,8,Summer,0,0,0,느티나무 셀프BBQ,일회용 종이컵
2023-09-01,2,9,Autumn,0,0,0,느티나무 셀프BBQ,일회용 종이컵
2023-09-02,5,9,Autumn,1,0,1,느티나무 셀프BBQ,일회용 종이컵
2023-09-03,1,9,Autumn,1,0,1,느티나무 셀프BBQ,일회용 종이컵
2023-09-04,0,9,Autumn,0,0,0,느티나무 셀프BBQ,일회용 종이컵
2023-09-05,1,9,Autumn,0,0,0,느티나무 셀프BBQ,일회용 종이컵
2023-09-06,0,9,Autumn,0,0,0,느티나무 셀프BBQ,일회용 종이컵
2023-09-07,1,9,Autumn,0,0,0,느티나무 셀프BBQ,일회용 종이컵
2023-09-08,2,9,Autumn,0,0,0,느티나무 셀프BBQ,일회용 종이컵
2023-09-09,2,9,Autumn,1,0,1,느티나무 셀프BBQ,일회용 종이컵
2023-09-10,1,9,Autumn,1,0,1,느티나무 셀프BBQ,일회용 종이컵
2023-09-11,0,9,Autumn,0,0,0,느티나무 셀프BBQ,일회용 종이컵
2023-09-12,1,9,Autumn,0,0,0,느티나무 셀프BBQ,일회용 종이컵
2023-09-13,0,9,Autumn,0,0,0,느티나무 셀프BBQ,일회용 종이컵
2023-09-14,1,9,Autumn,0,0,0,느티나무 셀프BBQ,일회용 종이컵
2023-09-15,2,9,Autumn,0,0,0,느티나무 셀프BBQ,일회용 종이컵
2023-09-16,1,9,Autumn,1,0,1,느티나무 셀프BBQ,일회용 종이컵
2023-09-17,0,9,Autumn,1,0,1,느티나무 셀프BBQ,일회용 종이컵
2023-09-18,0,9,Autumn,0,0,0,느티나무 셀프BBQ,일회용 종이컵
2023-09-19,1,9,Autumn,0,0,0,느티나무 셀프BBQ,일회용 종이컵
2023-09-20,0,9,Autumn,0,0,0,느티나무 셀프BBQ,일회용 종이컵
2023-09-21,0,9,Autumn,0,0,0,느티나무 셀프BBQ,일회용 종이컵
2023-09-22,0,9,Autumn,0,0,0,느티나무 셀프BBQ,일회용 종이컵
2023-09-23,1,9,Autumn,1,0,1,느티나무 셀프BBQ,일회용 종이컵
2023-09-24,3,9,Autumn,1,0,1,느티나무 셀프BBQ,일회용 종이컵
2023-09-25,0,9,Autumn,0,0,0,느티나무 셀프BBQ,일회용 종이컵
2023-09-26,0,9,Autumn,0,0,0,느티나무 셀프BBQ,일회용 종이컵
2023-09-27,2,9,Autumn,0,0,0,느티나무 셀프BBQ,일회용 종이컵
2023-09-28,3,9,Autumn,0,1,1,느티나무 셀프BBQ,일회용 종이컵
2023-09-29,1,9,Autumn,0,1,1,느티나무 셀프BBQ,일회용 종이컵
2023-09-30,3,9,Autumn,1,1,1,느티나무 셀프BBQ,일회용 종이컵
2023-10-01,2,10,Autumn,1,0,1,느티나무 셀프BBQ,일회용 종이컵
2023-10-02,2,10,Autumn,0,1,1,느티나무 셀프BBQ,일회용 종이컵
2023-10-03,1,10,Autumn,0,1,1,느티나무 셀프BBQ,일회용 종이컵
2023-10-04,1,10,Autumn,0,0,0,느티나무 셀프BBQ,일회용 종이컵
2023-10-05,1,10,Autumn,0,0,0,느티나무 셀프BBQ,일회용 종이컵
2023-10-06,0,10,Autumn,0,0,0,느티나무 셀프BBQ,일회용 종이컵
2023-10-07,2,10,Autumn,1,0,1,느티나무 셀프BBQ,일회용 종이컵
2023-10-08,1,10,Autumn,1,0,1,느티나무 셀프BBQ,일회용 종이컵
2023-10-09,1,10,Autumn,0,1,1,느티나무 셀프BBQ,일회용 종이컵
2023-10-10,1,10,Autumn,0,0,0,느티나무 셀프BBQ,일회용 종이컵
2023-10-11,0,10,Autumn,0,0,0,느티나무 셀프BBQ,일회용 종이컵
2023-10-12,0,10,Autumn,0,0,0,느티나무 셀프BBQ,일회용 종이컵
2023-10-13,0,10,Autumn,0,0,0,느티나무 셀프BBQ,일회용 종이컵
2023-10-14,3,10,Autumn,1,0,1,느티나무 셀프BBQ,일회용 종이컵
2023-10-15,3,10,Autumn,1,0,1,느티나무 셀프BBQ,일회용 종이컵
2023-10-16,0,10,Autumn,0,0,0,느티나무 셀프BBQ,일회용 종이컵
2023-10-17,0,10,Autumn,0,0,0,느티나무 셀프BBQ,일회용 종이컵
2023-10-18,0,10,Autumn,0,0,0,느티나무 셀프BBQ,일회용 종이컵
2023-10-19,4,10,Autumn,0,0,0,느티나무 셀프BBQ,일회용 종이컵
2023-10-20,2,10,Autumn,0,0,0,느티나무 셀프BBQ,일회용 종이컵
2023-10-21,3,10,Autumn,1,0,1,느티나무 셀프BBQ,일회용 종이컵
2023-10-22,3,10,Autumn,1,0,1,느티나무 셀프BBQ,일회용 종이컵
2023-10-23,0,10,Autumn,0,0,0,느티나무 셀프BBQ,일회용 종이컵
2023-10-24,0,10,Autumn,0,0,0,느티나무 셀프BBQ,일회용 종이컵
2023-10-25,4,10,Autumn,0,0,0,느티나무 셀프BBQ,일회용 종이컵
2023-10-26,1,10,Autumn,0,0,0,느티나무 셀프BBQ,일회용 종이컵
2023-10-27,3,10,Autumn,0,0,0,느티나무 셀프BBQ,일회용 종이컵
2023-10-28,6,10,Autumn,1,0,1,느티나무 셀프BBQ,일회용 종이컵
2023-10-29,2,10,Autumn,1,0,1,느티나무 셀프BBQ,일회용 종이컵
2023-10-30,0,10,Autumn,0,0,0,느티나무 셀프BBQ,일회용 종이컵
2023-10-31,2,10,Autumn,0,0,0,느티나무 셀프BBQ,일회용 종이컵
2023-11-01,0,11,Autumn,0,0,0,느티나무 셀프BBQ,일회용 종이컵
2023-11-02,0,11,Autumn,0,0,0,느티나무 셀프BBQ,일회용 종이컵
2023-11-03,1,11,Autumn,0,0,0,느티나무 셀프BBQ,일회용 종이컵
2023-11-04,3,11,Autumn,1,0,1,느티나무 셀프BBQ,일회용 종이컵
2023-11-05,1,11,Autumn,1,0,1,느티나무 셀프BBQ,일회용 종이컵
2023-11-06,0,11,Autumn,0,0,0,느티나무 셀프BBQ,일회용 종이컵
2023-11-07,2,11,Autumn,0,0,0,느티나무 셀프BBQ,일회용 종이컵
2023-11-08,2,11,Autumn,0,0,0,느티나무 셀프BBQ,일회용 종이컵
2023-11-09,0,11,Autumn,0,0,0,느티나무 셀프BBQ,일회용 종이컵
2023-11-10,0,11,Autumn,0,0,0,느티나무 셀프BBQ,일회용 종이컵
2023-11-11,0,11,Autumn,1,0,1,느티나무 셀프BBQ,일회용 종이컵
2023-11-12,3,11,Autumn,1,0,1,느티나무 셀프BBQ,일회용 종이컵
2023-11-13,0,11,Autumn,0,0,0,느티나무 셀프BBQ,일회용 종이컵
2023-11-14,1,11,Autumn,0,0,0,느티나무 셀프BBQ,일회용 종이컵
2023-11-15,0,11,Autumn,0,0,0,느티나무 셀프BBQ,일회용 종이컵
2023-11-16,1,11,Autumn,0,0,0,느티나무 셀프BBQ,일회용 종이컵
2023-11-17,0,11,Autumn,0,0,0,느티나무 셀프BBQ,일회용 종이컵
2023-11-18,5,11,Autumn,1,0,1,느티나무 셀프BBQ,일회용 종이컵
2023-11-19,0,11,Autumn,1,0,1,느티나무 셀프BBQ,일회용 종이컵
2023-11-20,0,11,Autumn,0,0,0,느티나무 셀프BBQ,일회용 종이컵
2023-11-21,0,11,Autumn,0,0,0,느티나무 셀프BBQ,일회용 종이컵
2023-11-22,0,11,Autumn,0,0,0,느티나무 셀프BBQ,일회용 종이컵
2023-11-23,1,11,Autumn,0,0,0,느티나무 셀프BBQ,일회용 종이컵
2023-11-24,1,11,Autumn,0,0,0,느티나무 셀프BBQ,일회용 종이컵
2023-11-25,2,11,Autumn,1,0,1,느티나무 셀프BBQ,일회용 종이컵
2023-11-26,1,11,Autumn,1,0,1,느티나무 셀프BBQ,일회용 종이컵
2023-11-27,0,11,Autumn,0,0,0,느티나무 셀프BBQ,일회용 종이컵
2023-11-28,0,11,Autumn,0,0,0,느티나무 셀프BBQ,일회용 종이컵
2023-11-29,1,11,Autumn,0,0,0,느티나무 셀프BBQ,일회용 종이컵
2023-11-30,0,11,Autumn,0,0,0,느티나무 셀프BBQ,일회용 종이컵
2023-12-01,2,12,Winter,0,0,0,느티나무 셀프BBQ,일회용 종이컵
2023-12-02,1,12,Winter,1,0,1,느티나무 셀프BBQ,일회용 종이컵
2023-12-03,0,12,Winter,1,0,1,느티나무 셀프BBQ,일회용 종이컵
2023-12-04,0,12,Winter,0,0,0,느티나무 셀프BBQ,일회용 종이컵
2023-12-05,0,12,Winter,0,0,0,느티나무 셀프BBQ,일회용 종이컵
2023-12-06,1,12,Winter,0,0,0,느티나무 셀프BBQ,일회용 종이컵
2023-12-07,0,12,Winter,0,0,0,느티나무 셀프BBQ,일회용 종이컵
2023-12-08,0,12,Winter,0,0,0,느티나무 셀프BBQ,일회용 종이컵
2023-12-09,0,12,Winter,1,0,1,느티나무 셀프BBQ,일회용 종이컵
2023-12-10,2,12,Winter,1,0,1,느티나무 셀프BBQ,일회용 종이컵
2023-12-11,2,12,Winter,0,0,0,느티나무 셀프BBQ,일회용 종이컵
2023-12-12,0,12,Winter,0,0,0,느티나무 셀프BBQ,일회용 종이컵
2023-12-13,0,12,Winter,0,0,0,느티나무 셀프BBQ,일회용 종이컵
2023-12-14,0,12,Winter,0,0,0,느티나무 셀프BBQ,일회용 종이컵
2023-12-15,2,12,Winter,0,0,0,느티나무 셀프BBQ,일회용 종이컵
2023-12-16,0,12,Winter,1,0,1,느티나무 셀프BBQ,일회용 종이컵
2023-12-17,0,12,Winter,1,0,1,느티나무 셀프BBQ,일회용 종이컵
2023-12-18,0,12,Winter,0,0,0,느티나무 셀프BBQ,일회용 종이컵
2023-12-19,1,12,Winter,0,0,0,느티나무 셀프BBQ,일회용 종이컵
2023-12-20,1,12,Winter,0,0,0,느티나무 셀프BBQ,일회용 종이컵
2023-12-21,0,12,Winter,0,0,0,느티나무 셀프BBQ,일회용 종이컵
2023-12-22,0,12,Winter,0,0,0,느티나무 셀프BBQ,일회용 종이컵
2023-12-23,0,12,Winter,1,0,1,느티나무 셀프BBQ,일회용 종이컵
2023-12-24,0,12,Winter,1,0,1,느티나무 셀프BBQ,일회용 종이컵
2023-12-25,2,12,Winter,0,1,1,느티나무 셀프BBQ,일회용 종이컵
2023-12-26,1,12,Winter,0,0,0,느티나무 셀프BBQ,일회용 종이컵
2023-12-27,3,12,Winter,0,0,0,느티나무 셀프BBQ,일회용 종이컵
2023-12-28,2,12,Winter,0,0,0,느티나무 셀프BBQ,일회용 종이컵
2023-12-29,0,12,Winter,0,0,0,느티나무 셀프BBQ,일회용 종이컵
2023-12-30,1,12,Winter,1,0,1,느티나무 셀프BBQ,일회용 종이컵
2023-12-31,0,12,Winter,1,0,1,느티나무 셀프BBQ,일회용 종이컵
2024-01-01,1,1,Winter,0,1,1,느티나무 셀프BBQ,일회용 종이컵
2024-01-02,1,1,Winter,0,0,0,느티나무 셀프BBQ,일회용 종이컵
2024-01-03,1,1,Winter,0,0,0,느티나무 셀프BBQ,일회용 종이컵
2024-01-04,0,1,Winter,0,0,0,느티나무 셀프BBQ,일회용 종이컵
2024-01-05,1,1,Winter,0,0,0,느티나무 셀프BBQ,일회용 종이컵
2024-01-06,2,1,Winter,1,0,1,느티나무 셀프BBQ,일회용 종이컵
2024-01-07,2,1,Winter,1,0,1,느티나무 셀프BBQ,일회용 종이컵
2024-01-08,1,1,Winter,0,0,0,느티나무 셀프BBQ,일회용 종이컵
2024-01-09,1,1,Winter,0,0,0,느티나무 셀프BBQ,일회용 종이컵
2024-01-10,1,1,Winter,0,0,0,느티나무 셀프BBQ,일회용 종이컵
2024-01-11,1,1,Winter,0,0,0,느티나무 셀프BBQ,일회용 종이컵
2024-01-12,1,1,Winter,0,0,0,느티나무 셀프BBQ,일회용 종이컵
2024-01-13,0,1,Winter,1,0,1,느티나무 셀프BBQ,일회용 종이컵
2024-01-14,2,1,Winter,1,0,1,느티나무 셀프BBQ,일회용 종이컵
2024-01-15,1,1,Winter,0,0,0,느티나무 셀프BBQ,일회용 종이컵
2024-01-16,2,1,Winter,0,0,0,느티나무 셀프BBQ,일회용 종이컵
2024-01-17,2,1,Winter,0,0,0,느티나무 셀프BBQ,일회용 종이컵
2024-01-18,3,1,Winter,0,0,0,느티나무 셀프BBQ,일회용 종이컵
2024-01-19,1,1,Winter,0,0,0,느티나무 셀프BBQ,일회용 종이컵
2024-01-20,1,1,Winter,1,0,1,느티나무 셀프BBQ,일회용 종이컵
2024-01-21,0,1,Winter,1,0,1,느티나무 셀프BBQ,일회용 종이컵
2024-01-22,1,1,Winter,0,0,0,느티나무 셀프BBQ,일회용 종이컵
2024-01-23,1,1,Winter,0,0,0,느티나무 셀프BBQ,일회용 종이컵
2024-01-24,0,1,Winter,0,0,0,느티나무 셀프BBQ,일회용 종이컵
2024-01-25,0,1,Winter,0,0,0,느티나무 셀프BBQ,일회용 종이컵
2024-01-26,1,1,Winter,0,0,0,느티나무 셀프BBQ,일회용 종이컵
2024-01-27,0,1,Winter,1,0,1,느티나무 셀프BBQ,일회용 종이컵
2024-01-28,1,1,Winter,1,0,1,느티나무 셀프BBQ,일회용 종이컵
2024-01-29,0,1,Winter,0,0,0,느티나무 셀프BBQ,일회용 종이컵
2024-01-30,2,1,Winter,0,0,0,느티나무 셀프BBQ,일회용 종이컵
2024-01-31,0,1,Winter,0,0,0,느티나무 셀프BBQ,일회용 종이컵
2024-02-01,0,2,Winter,0,0,0,느티나무 셀프BBQ,일회용 종이컵
2024-02-02,0,2,Winter,0,0,0,느티나무 셀프BBQ,일회용 종이컵
2024-02-03,0,2,Winter,1,0,1,느티나무 셀프BBQ,일회용 종이컵
2024-02-04,0,2,Winter,1,0,1,느티나무 셀프BBQ,일회용 종이컵
2024-02-05,0,2,Winter,0,0,0,느티나무 셀프BBQ,일회용 종이컵
2024-02-06,0,2,Winter,0,0,0,느티나무 셀프BBQ,일회용 종이컵
2024-02-07,0,2,Winter,0,0,0,느티나무 셀프BBQ,일회용 종이컵
2024-02-08,0,2,Winter,0,0,0,느티나무 셀프BBQ,일회용 종이컵
2024-02-09,0,2,Winter,0,1,1,느티나무 셀프BBQ,일회용 종이컵
2024-02-10,0,2,Winter,1,1,1,느티나무 셀프BBQ,일회용 종이컵
2024-02-11,0,2,Winter,1,1,1,느티나무 셀프BBQ,일회용 종이컵
2024-02-12,0,2,Winter,0,1,1,느티나무 셀프BBQ,일회용 종이컵
2024-02-13,0,2,Winter,0,0,0,느티나무 셀프BBQ,일회용 종이컵
2024-02-14,0,2,Winter,0,0,0,느티나무 셀프BBQ,일회용 종이컵
2024-02-15,0,2,Winter,0,0,0,느티나무 셀프BBQ,일회용 종이컵
2024-02-16,0,2,Winter,0,0,0,느티나무 셀프BBQ,일회용 종이컵
2024-02-17,0,2,Winter,1,0,1,느티나무 셀프BBQ,일회용 종이컵
2024-02-18,0,2,Winter,1,0,1,느티나무 셀프BBQ,일회용 종이컵
2024-02-19,0,2,Winter,0,0,0,느티나무 셀프BBQ,일회용 종이컵
2024-02-20,0,2,Winter,0,0,0,느티나무 셀프BBQ,일회용 종이컵
2024-02-21,0,2,Winter,0,0,0,느티나무 셀프BBQ,일회용 종이컵
2024-02-22,0,2,Winter,0,0,0,느티나무 셀프BBQ,일회용 종이컵
2024-02-23,0,2,Winter,0,0,0,느티나무 셀프BBQ,일회용 종이컵
2024-02-24,0,2,Winter,1,0,1,느티나무 셀프BBQ,일회용 종이컵
2024-02-25,0,2,Winter,1,0,1,느티나무 셀프BBQ,일회용 종이컵
2024-02-26,0,2,Winter,0,0,0,느티나무 셀프BBQ,일회용 종이컵
2024-02-27,0,2,Winter,0,0,0,느티나무 셀프BBQ,일회용 종이컵
2024-02-28,0,2,Winter,0,0,0,느티나무 셀프BBQ,일회용 종이컵
2024-02-29,0,2,Winter,0,0,0,느티나무 셀프BBQ,일회용 종이컵
2024-03-01,0,3,Spring,0,1,1,느티나무 셀프BBQ,일회용 종이컵
2024-03-02,0,3,Spring,1,0,1,느티나무 셀프BBQ,일회용 종이컵
2024-03-03,0,3,Spring,1,0,1,느티나무 셀프BBQ,일회용 종이컵
2024-03-04,0,3,Spring,0,0,0,느티나무 셀프BBQ,일회용 종이컵
2024-03-05,0,3,Spring,0,0,0,느티나무 셀프BBQ,일회용 종이컵
2024-03-06,0,3,Spring,0,0,0,느티나무 셀프BBQ,일회용 종이컵
2024-03-07,0,3,Spring,0,0,0,느티나무 셀프BBQ,일회용 종이컵
2024-03-08,0,3,Spring,0,0,0,느티나무 셀프BBQ,일회용 종이컵
2024-03-09,0,3,Spring,1,0,1,느티나무 셀프BBQ,일회용 종이컵
2024-03-10,0,3,Spring,1,0,1,느티나무 셀프BBQ,일회용 종이컵
2024-03-11,0,3,Spring,0,0,0,느티나무 셀프BBQ,일회용 종이컵
2024-03-12,0,3,Spring,0,0,0,느티나무 셀프BBQ,일회용 종이컵
2024-03-13,0,3,Spring,0,0,0,느티나무 셀프BBQ,일회용 종이컵
2024-03-14,0,3,Spring,0,0,0,느티나무 셀프BBQ,일회용 종이컵
2024-03-15,0,3,Spring,0,0,0,느티나무 셀프BBQ,일회용 종이컵
2024-03-16,0,3,Spring,1,0,1,느티나무 셀프BBQ,일회용 종이컵
2024-03-17,0,3,Spring,1,0,1,느티나무 셀프BBQ,일회용 종이컵
2024-03-18,0,3,Spring,0,0,0,느티나무 셀프BBQ,일회용 종이컵
2024-03-19,0,3,Spring,0,0,0,느티나무 셀프BBQ,일회용 종이컵
2024-03-20,0,3,Spring,0,0,0,느티나무 셀프BBQ,일회용 종이컵
2024-03-21,0,3,Spring,0,0,0,느티나무 셀프BBQ,일회용 종이컵
2024-03-22,0,3,Spring,0,0,0,느티나무 셀프BBQ,일회용 종이컵
2024-03-23,1,3,Spring,1,0,1,느티나무 셀프BBQ,일회용 종이컵
2024-03-24,3,3,Spring,1,0,1,느티나무 셀프BBQ,일회용 종이컵
2024-03-25,0,3,Spring,0,0,0,느티나무 셀프BBQ,일회용 종이컵
2024-03-26,0,3,Spring,0,0,0,느티나무 셀프BBQ,일회용 종이컵
2024-03-27,1,3,Spring,0,0,0,느티나무 셀프BBQ,일회용 종이컵
2024-03-28,0,3,Spring,0,0,0,느티나무 셀프BBQ,일회용 종이컵
2024-03-29,3,3,Spring,0,0,0,느티나무 셀프BBQ,일회용 종이컵
2024-03-30,1,3,Spring,1,0,1,느티나무 셀프BBQ,일회용 종이컵
2024-03-31,2,3,Spring,1,0,1,느티나무 셀프BBQ,일회용 종이컵
2024-04-01,0,4,Spring,0,0,0,느티나무 셀프BBQ,일회용 종이컵
2024-04-02,0,4,Spring,0,0,0,느티나무 셀프BBQ,일회용 종이컵
2024-04-03,1,4,Spring,0,0,0,느티나무 셀프BBQ,일회용 종이컵
2024-04-04,1,4,Spring,0,0,0,느티나무 셀프BBQ,일회용 종이컵
2024-04-05,1,4,Spring,0,0,0,느티나무 셀프BBQ,일회용 종이컵
2024-04-06,2,4,Spring,1,0,1,느티나무 셀프BBQ,일회용 종이컵
2024-04-07,2,4,Spring,1,0,1,느티나무 셀프BBQ,일회용 종이컵
2024-04-08,0,4,Spring,0,0,0,느티나무 셀프BBQ,일회용 종이컵
2024-04-09,4,4,Spring,0,0,0,느티나무 셀프BBQ,일회용 종이컵
2024-04-10,2,4,Spring,0,1,1,느티나무 셀프BBQ,일회용 종이컵
2024-04-11,3,4,Spring,0,0,0,느티나무 셀프BBQ,일회용 종이컵
2024-04-12,0,4,Spring,0,0,0,느티나무 셀프BBQ,일회용 종이컵
2024-04-13,0,4,Spring,1,0,1,느티나무 셀프BBQ,일회용 종이컵
2024-04-14,1,4,Spring,1,0,1,느티나무 셀프BBQ,일회용 종이컵
2024-04-15,0,4,Spring,0,0,0,느티나무 셀프BBQ,일회용 종이컵
2024-04-16,2,4,Spring,0,0,0,느티나무 셀프BBQ,일회용 종이컵
2024-04-17,1,4,Spring,0,0,0,느티나무 셀프BBQ,일회용 종이컵
2024-04-18,0,4,Spring,0,0,0,느티나무 셀프BBQ,일회용 종이컵
2024-04-19,0,4,Spring,0,0,0,느티나무 셀프BBQ,일회용 종이컵
2024-04-20,2,4,Spring,1,0,1,느티나무 셀프BBQ,일회용 종이컵
2024-04-21,1,4,Spring,1,0,1,느티나무 셀프BBQ,일회용 종이컵
2024-04-22,0,4,Spring,0,0,0,느티나무 셀프BBQ,일회용 종이컵
2024-04-23,2,4,Spring,0,0,0,느티나무 셀프BBQ,일회용 종이컵
2024-04-24,0,4,Spring,0,0,0,느티나무 셀프BBQ,일회용 종이컵
2024-04-25,1,4,Spring,0,0,0,느티나무 셀프BBQ,일회용 종이컵
2024-04-26,0,4,Spring,0,0,0,느티나무 셀프BBQ,일회용 종이컵
2024-04-27,2,4,Spring,1,0,1,느티나무 셀프BBQ,일회용 종이컵
2024-04-28,1,4,Spring,1,0,1,느티나무 셀프BBQ,일회용 종이컵
2024-04-29,0,4,Spring,0,0,0,느티나무 셀프BBQ,일회용 종이컵
2024-04-30,1,4,Spring,0,0,0,느티나무 셀프BBQ,일회용 종이컵
2024-05-01,0,5,Spring,0,0,0,느티나무 셀프BBQ,일회용 종이컵
2024-05-02,0,5,Spring,0,0,0,느티나무 셀프BBQ,일회용 종이컵
2024-05-03,0,5,Spring,0,0,0,느티나무 셀프BBQ,일회용 종이컵
2024-05-04,5,5,Spring,1,0,1,느티나무 셀프BBQ,일회용 종이컵
2024-05-05,3,5,Spring,1,1,1,느티나무 셀프BBQ,일회용 종이컵
2024-05-06,0,5,Spring,0,1,1,느티나무 셀프BBQ,일회용 종이컵
2024-05-07,0,5,Spring,0,0,0,느티나무 셀프BBQ,일회용 종이컵
2024-05-08,0,5,Spring,0,0,0,느티나무 셀프BBQ,일회용 종이컵
2024-05-09,0,5,Spring,0,0,0,느티나무 셀프BBQ,일회용 종이컵
2024-05-10,0,5,Spring,0,0,0,느티나무 셀프BBQ,일회용 종이컵
2024-05-11,4,5,Spring,1,0,1,느티나무 셀프BBQ,일회용 종이컵
2024-05-12,0,5,Spring,1,0,1,느티나무 셀프BBQ,일회용 종이컵
2024-05-13,0,5,Spring,0,0,0,느티나무 셀프BBQ,일회용 종이컵
2024-05-14,1,5,Spring,0,0,0,느티나무 셀프BBQ,일회용 종이컵
2024-05-15,1,5,Spring,0,1,1,느티나무 셀프BBQ,일회용 종이컵
2024-05-16,0,5,Spring,0,0,0,느티나무 셀프BBQ,일회용 종이컵
2024-05-17,2,5,Spring,0,0,0,느티나무 셀프BBQ,일회용 종이컵
2024-05-18,0,5,Spring,1,0,1,느티나무 셀프BBQ,일회용 종이컵
2024-05-19,1,5,Spring,1,0,1,느티나무 셀프BBQ,일회용 종이컵
2024-05-20,0,5,Spring,0,0,0,느티나무 셀프BBQ,일회용 종이컵
2024-05-21,0,5,Spring,0,0,0,느티나무 셀프BBQ,일회용 종이컵
2024-05-22,0,5,Spring,0,0,0,느티나무 셀프BBQ,일회용 종이컵
2024-05-23,0,5,Spring,0,0,0,느티나무 셀프BBQ,일회용 종이컵
2024-05-24,4,5,Spring,0,0,0,느티나무 셀프BBQ,일회용 종이컵
2024-05-25,0,5,Spring,1,0,1,느티나무 셀프BBQ,일회용 종이컵
2024-05-26,0,5,Spring,1,0,1,느티나무 셀프BBQ,일회용 종이컵
2024-05-27,0,5,Spring,0,0,0,느티나무 셀프BBQ,일회용 종이컵
2024-05-28,1,5,Spring,0,0,0,느티나무 셀프BBQ,일회용 종이컵
2024-05-29,1,5,Spring,0,0,0,느티나무 셀프BBQ,일회용 종이컵
2024-05-30,0,5,Spring,0,0,0,느티나무 셀프BBQ,일회용 종이컵
2024-05-31,1,5,Spring,0,0,0,느티나무 셀프BBQ,일회용 종이컵
2024-06-01,2,6,Summer,1,0,1,느티나무 셀프BBQ,일회용 종이컵
2024-06-02,1,6,Summer,1,0,1,느티나무 셀프BBQ,일회용 종이컵
2024-06-03,0,6,Summer,0,0,0,느티나무 셀프BBQ,일회용 종이컵
2024-06-04,0,6,Summer,0,0,0,느티나무 셀프BBQ,일회용 종이컵
2024-06-05,0,6,Summer,0,0,0,느티나무 셀프BBQ,일회용 종이컵
2024-06-06,0,6,Summer,0,1,1,느티나무 셀프BBQ,일회용 종이컵
2024-06-07,4,6,Summer,0,0,0,느티나무 셀프BBQ,일회용 종이컵
2024-06-08,1,6,Summer,1,0,1,느티나무 셀프BBQ,일회용 종이컵
2024-06-09,1,6,Summer,1,0,1,느티나무 셀프BBQ,일회용 종이컵
2024-06-10,0,6,Summer,0,0,0,느티나무 셀프BBQ,일회용 종이컵
2024-06-11,0,6,Summer,0,0,0,느티나무 셀프BBQ,일회용 종이컵
2024-06-12,0,6,Summer,0,0,0,느티나무 셀프BBQ,일회용 종이컵
2024-06-13,0,6,Summer,0,0,0,느티나무 셀프BBQ,일회용 종이컵
2024-06-14,2,6,Summer,0,0,0,느티나무 셀프BBQ,일회용 종이컵
2024-06-15,2,6,Summer,1,0,1,느티나무 셀프BBQ,일회용 종이컵
2023-01-01,0,1,Winter,1,1,1,느티나무 셀프BBQ,잔디그늘집 대여료 (12인석)
2023-01-02,0,1,Winter,0,0,0,느티나무 셀프BBQ,잔디그늘집 대여료 (12인석)
2023-01-03,0,1,Winter,0,0,0,느티나무 셀프BBQ,잔디그늘집 대여료 (12인석)
2023-01-04,0,1,Winter,0,0,0,느티나무 셀프BBQ,잔디그늘집 대여료 (12인석)
2023-01-05,0,1,Winter,0,0,0,느티나무 셀프BBQ,잔디그늘집 대여료 (12인석)
2023-01-06,0,1,Winter,0,0,0,느티나무 셀프BBQ,잔디그늘집 대여료 (12인석)
2023-01-07,0,1,Winter,1,0,1,느티나무 셀프BBQ,잔디그늘집 대여료 (12인석)
2023-01-08,0,1,Winter,1,0,1,느티나무 셀프BBQ,잔디그늘집 대여료 (12인석)
2023-01-09,0,1,Winter,0,0,0,느티나무 셀프BBQ,잔디그늘집 대여료 (12인석)
2023-01-10,0,1,Winter,0,0,0,느티나무 셀프BBQ,잔디그늘집 대여료 (12인석)
2023-01-11,0,1,Winter,0,0,0,느티나무 셀프BBQ,잔디그늘집 대여료 (12인석)
2023-01-12,0,1,Winter,0,0,0,느티나무 셀프BBQ,잔디그늘집 대여료 (12인석)
2023-01-13,0,1,Winter,0,0,0,느티나무 셀프BBQ,잔디그늘집 대여료 (12인석)
2023-01-14,0,1,Winter,1,0,1,느티나무 셀프BBQ,잔디그늘집 대여료 (12인석)
2023-01-15,0,1,Winter,1,0,1,느티나무 셀프BBQ,잔디그늘집 대여료 (12인석)
2023-01-16,0,1,Winter,0,0,0,느티나무 셀프BBQ,잔디그늘집 대여료 (12인석)
2023-01-17,0,1,Winter,0,0,0,느티나무 셀프BBQ,잔디그늘집 대여료 (12인석)
2023-01-18,0,1,Winter,0,0,0,느티나무 셀프BBQ,잔디그늘집 대여료 (12인석)
2023-01-19,0,1,Winter,0,0,0,느티나무 셀프BBQ,잔디그늘집 대여료 (12인석)
2023-01-20,0,1,Winter,0,0,0,느티나무 셀프BBQ,잔디그늘집 대여료 (12인석)
2023-01-21,0,1,Winter,1,1,1,느티나무 셀프BBQ,잔디그늘집 대여료 (12인석)
2023-01-22,0,1,Winter,1,1,1,느티나무 셀프BBQ,잔디그늘집 대여료 (12인석)
2023-01-23,0,1,Winter,0,1,1,느티나무 셀프BBQ,잔디그늘집 대여료 (12인석)
2023-01-24,0,1,Winter,0,1,1,느티나무 셀프BBQ,잔디그늘집 대여료 (12인석)
2023-01-25,0,1,Winter,0,0,0,느티나무 셀프BBQ,잔디그늘집 대여료 (12인석)
2023-01-26,0,1,Winter,0,0,0,느티나무 셀프BBQ,잔디그늘집 대여료 (12인석)
2023-01-27,0,1,Winter,0,0,0,느티나무 셀프BBQ,잔디그늘집 대여료 (12인석)
2023-01-28,0,1,Winter,1,0,1,느티나무 셀프BBQ,잔디그늘집 대여료 (12인석)
2023-01-29,0,1,Winter,1,0,1,느티나무 셀프BBQ,잔디그늘집 대여료 (12인석)
2023-01-30,0,1,Winter,0,0,0,느티나무 셀프BBQ,잔디그늘집 대여료 (12인석)
2023-01-31,0,1,Winter,0,0,0,느티나무 셀프BBQ,잔디그늘집 대여료 (12인석)
2023-02-01,0,2,Winter,0,0,0,느티나무 셀프BBQ,잔디그늘집 대여료 (12인석)
2023-02-02,0,2,Winter,0,0,0,느티나무 셀프BBQ,잔디그늘집 대여료 (12인석)
2023-02-03,0,2,Winter,0,0,0,느티나무 셀프BBQ,잔디그늘집 대여료 (12인석)
2023-02-04,0,2,Winter,1,0,1,느티나무 셀프BBQ,잔디그늘집 대여료 (12인석)
2023-02-05,0,2,Winter,1,0,1,느티나무 셀프BBQ,잔디그늘집 대여료 (12인석)
2023-02-06,0,2,Winter,0,0,0,느티나무 셀프BBQ,잔디그늘집 대여료 (12인석)
2023-02-07,0,2,Winter,0,0,0,느티나무 셀프BBQ,잔디그늘집 대여료 (12인석)
2023-02-08,0,2,Winter,0,0,0,느티나무 셀프BBQ,잔디그늘집 대여료 (12인석)
2023-02-09,0,2,Winter,0,0,0,느티나무 셀프BBQ,잔디그늘집 대여료 (12인석)
2023-02-10,0,2,Winter,0,0,0,느티나무 셀프BBQ,잔디그늘집 대여료 (12인석)
2023-02-11,0,2,Winter,1,0,1,느티나무 셀프BBQ,잔디그늘집 대여료 (12인석)
2023-02-12,0,2,Winter,1,0,1,느티나무 셀프BBQ,잔디그늘집 대여료 (12인석)
2023-02-13,0,2,Winter,0,0,0,느티나무 셀프BBQ,잔디그늘집 대여료 (12인석)
2023-02-14,0,2,Winter,0,0,0,느티나무 셀프BBQ,잔디그늘집 대여료 (12인석)
2023-02-15,0,2,Winter,0,0,0,느티나무 셀프BBQ,잔디그늘집 대여료 (12인석)
2023-02-16,0,2,Winter,0,0,0,느티나무 셀프BBQ,잔디그늘집 대여료 (12인석)
2023-02-17,0,2,Winter,0,0,0,느티나무 셀프BBQ,잔디그늘집 대여료 (12인석)
2023-02-18,0,2,Winter,1,0,1,느티나무 셀프BBQ,잔디그늘집 대여료 (12인석)
2023-02-19,0,2,Winter,1,0,1,느티나무 셀프BBQ,잔디그늘집 대여료 (12인석)
2023-02-20,0,2,Winter,0,0,0,느티나무 셀프BBQ,잔디그늘집 대여료 (12인석)
2023-02-21,0,2,Winter,0,0,0,느티나무 셀프BBQ,잔디그늘집 대여료 (12인석)
2023-02-22,0,2,Winter,0,0,0,느티나무 셀프BBQ,잔디그늘집 대여료 (12인석)
2023-02-23,0,2,Winter,0,0,0,느티나무 셀프BBQ,잔디그늘집 대여료 (12인석)
2023-02-24,0,2,Winter,0,0,0,느티나무 셀프BBQ,잔디그늘집 대여료 (12인석)
2023-02-25,0,2,Winter,1,0,1,느티나무 셀프BBQ,잔디그늘집 대여료 (12인석)
2023-02-26,0,2,Winter,1,0,1,느티나무 셀프BBQ,잔디그늘집 대여료 (12인석)
2023-02-27,0,2,Winter,0,0,0,느티나무 셀프BBQ,잔디그늘집 대여료 (12인석)
2023-02-28,0,2,Winter,0,0,0,느티나무 셀프BBQ,잔디그늘집 대여료 (12인석)
2023-03-01,0,3,Spring,0,1,1,느티나무 셀프BBQ,잔디그늘집 대여료 (12인석)
2023-03-02,0,3,Spring,0,0,0,느티나무 셀프BBQ,잔디그늘집 대여료 (12인석)
2023-03-03,0,3,Spring,0,0,0,느티나무 셀프BBQ,잔디그늘집 대여료 (12인석)
2023-03-04,0,3,Spring,1,0,1,느티나무 셀프BBQ,잔디그늘집 대여료 (12인석)
2023-03-05,0,3,Spring,1,0,1,느티나무 셀프BBQ,잔디그늘집 대여료 (12인석)
2023-03-06,0,3,Spring,0,0,0,느티나무 셀프BBQ,잔디그늘집 대여료 (12인석)
2023-03-07,0,3,Spring,0,0,0,느티나무 셀프BBQ,잔디그늘집 대여료 (12인석)
2023-03-08,0,3,Spring,0,0,0,느티나무 셀프BBQ,잔디그늘집 대여료 (12인석)
2023-03-09,0,3,Spring,0,0,0,느티나무 셀프BBQ,잔디그늘집 대여료 (12인석)
2023-03-10,0,3,Spring,0,0,0,느티나무 셀프BBQ,잔디그늘집 대여료 (12인석)
2023-03-11,0,3,Spring,1,0,1,느티나무 셀프BBQ,잔디그늘집 대여료 (12인석)
2023-03-12,0,3,Spring,1,0,1,느티나무 셀프BBQ,잔디그늘집 대여료 (12인석)
2023-03-13,0,3,Spring,0,0,0,느티나무 셀프BBQ,잔디그늘집 대여료 (12인석)
2023-03-14,0,3,Spring,0,0,0,느티나무 셀프BBQ,잔디그늘집 대여료 (12인석)
2023-03-15,0,3,Spring,0,0,0,느티나무 셀프BBQ,잔디그늘집 대여료 (12인석)
2023-03-16,0,3,Spring,0,0,0,느티나무 셀프BBQ,잔디그늘집 대여료 (12인석)
2023-03-17,0,3,Spring,0,0,0,느티나무 셀프BBQ,잔디그늘집 대여료 (12인석)
2023-03-18,0,3,Spring,1,0,1,느티나무 셀프BBQ,잔디그늘집 대여료 (12인석)
2023-03-19,0,3,Spring,1,0,1,느티나무 셀프BBQ,잔디그늘집 대여료 (12인석)
2023-03-20,0,3,Spring,0,0,0,느티나무 셀프BBQ,잔디그늘집 대여료 (12인석)
2023-03-21,0,3,Spring,0,0,0,느티나무 셀프BBQ,잔디그늘집 대여료 (12인석)
2023-03-22,0,3,Spring,0,0,0,느티나무 셀프BBQ,잔디그늘집 대여료 (12인석)
2023-03-23,0,3,Spring,0,0,0,느티나무 셀프BBQ,잔디그늘집 대여료 (12인석)
2023-03-24,0,3,Spring,0,0,0,느티나무 셀프BBQ,잔디그늘집 대여료 (12인석)
2023-03-25,0,3,Spring,1,0,1,느티나무 셀프BBQ,잔디그늘집 대여료 (12인석)
2023-03-26,0,3,Spring,1,0,1,느티나무 셀프BBQ,잔디그늘집 대여료 (12인석)
2023-03-27,0,3,Spring,0,0,0,느티나무 셀프BBQ,잔디그늘집 대여료 (12인석)
2023-03-28,0,3,Spring,0,0,0,느티나무 셀프BBQ,잔디그늘집 대여료 (12인석)
2023-03-29,0,3,Spring,0,0,0,느티나무 셀프BBQ,잔디그늘집 대여료 (12인석)
2023-03-30,0,3,Spring,0,0,0,느티나무 셀프BBQ,잔디그늘집 대여료 (12인석)
2023-03-31,0,3,Spring,0,0,0,느티나무 셀프BBQ,잔디그늘집 대여료 (12인석)
2023-04-01,0,4,Spring,1,0,1,느티나무 셀프BBQ,잔디그늘집 대여료 (12인석)
2023-04-02,0,4,Spring,1,0,1,느티나무 셀프BBQ,잔디그늘집 대여료 (12인석)
2023-04-03,0,4,Spring,0,0,0,느티나무 셀프BBQ,잔디그늘집 대여료 (12인석)
2023-04-04,0,4,Spring,0,0,0,느티나무 셀프BBQ,잔디그늘집 대여료 (12인석)
2023-04-05,0,4,Spring,0,0,0,느티나무 셀프BBQ,잔디그늘집 대여료 (12인석)
2023-04-06,0,4,Spring,0,0,0,느티나무 셀프BBQ,잔디그늘집 대여료 (12인석)
2023-04-07,0,4,Spring,0,0,0,느티나무 셀프BBQ,잔디그늘집 대여료 (12인석)
2023-04-08,0,4,Spring,1,0,1,느티나무 셀프BBQ,잔디그늘집 대여료 (12인석)
2023-04-09,0,4,Spring,1,0,1,느티나무 셀프BBQ,잔디그늘집 대여료 (12인석)
2023-04-10,0,4,Spring,0,0,0,느티나무 셀프BBQ,잔디그늘집 대여료 (12인석)
2023-04-11,0,4,Spring,0,0,0,느티나무 셀프BBQ,잔디그늘집 대여료 (12인석)
2023-04-12,0,4,Spring,0,0,0,느티나무 셀프BBQ,잔디그늘집 대여료 (12인석)
2023-04-13,0,4,Spring,0,0,0,느티나무 셀프BBQ,잔디그늘집 대여료 (12인석)
2023-04-14,1,4,Spring,0,0,0,느티나무 셀프BBQ,잔디그늘집 대여료 (12인석)
2023-04-15,4,4,Spring,1,0,1,느티나무 셀프BBQ,잔디그늘집 대여료 (12인석)
2023-04-16,2,4,Spring,1,0,1,느티나무 셀프BBQ,잔디그늘집 대여료 (12인석)
2023-04-17,0,4,Spring,0,0,0,느티나무 셀프BBQ,잔디그늘집 대여료 (12인석)
2023-04-18,0,4,Spring,0,0,0,느티나무 셀프BBQ,잔디그늘집 대여료 (12인석)
2023-04-19,0,4,Spring,0,0,0,느티나무 셀프BBQ,잔디그늘집 대여료 (12인석)
2023-04-20,0,4,Spring,0,0,0,느티나무 셀프BBQ,잔디그늘집 대여료 (12인석)
2023-04-21,5,4,Spring,0,0,0,느티나무 셀프BBQ,잔디그늘집 대여료 (12인석)
2023-04-22,5,4,Spring,1,0,1,느티나무 셀프BBQ,잔디그늘집 대여료 (12인석)
2023-04-23,1,4,Spring,1,0,1,느티나무 셀프BBQ,잔디그늘집 대여료 (12인석)
2023-04-24,0,4,Spring,0,0,0,느티나무 셀프BBQ,잔디그늘집 대여료 (12인석)
2023-04-25,0,4,Spring,0,0,0,느티나무 셀프BBQ,잔디그늘집 대여료 (12인석)
2023-04-26,2,4,Spring,0,0,0,느티나무 셀프BBQ,잔디그늘집 대여료 (12인석)
2023-04-27,2,4,Spring,0,0,0,느티나무 셀프BBQ,잔디그늘집 대여료 (12인석)
2023-04-28,3,4,Spring,0,0,0,느티나무 셀프BBQ,잔디그늘집 대여료 (12인석)
2023-04-29,7,4,Spring,1,0,1,느티나무 셀프BBQ,잔디그늘집 대여료 (12인석)
2023-04-30,5,4,Spring,1,0,1,느티나무 셀프BBQ,잔디그늘집 대여료 (12인석)
2023-05-01,2,5,Spring,0,0,0,느티나무 셀프BBQ,잔디그늘집 대여료 (12인석)
2023-05-02,0,5,Spring,0,0,0,느티나무 셀프BBQ,잔디그늘집 대여료 (12인석)
2023-05-03,0,5,Spring,0,0,0,느티나무 셀프BBQ,잔디그늘집 대여료 (12인석)
2023-05-04,3,5,Spring,0,0,0,느티나무 셀프BBQ,잔디그늘집 대여료 (12인석)
2023-05-05,3,5,Spring,0,1,1,느티나무 셀프BBQ,잔디그늘집 대여료 (12인석)
2023-05-06,4,5,Spring,1,0,1,느티나무 셀프BBQ,잔디그늘집 대여료 (12인석)
2023-05-07,0,5,Spring,1,0,1,느티나무 셀프BBQ,잔디그늘집 대여료 (12인석)
2023-05-08,0,5,Spring,0,0,0,느티나무 셀프BBQ,잔디그늘집 대여료 (12인석)
2023-05-09,0,5,Spring,0,0,0,느티나무 셀프BBQ,잔디그늘집 대여료 (12인석)
2023-05-10,1,5,Spring,0,0,0,느티나무 셀프BBQ,잔디그늘집 대여료 (12인석)
2023-05-11,5,5,Spring,0,0,0,느티나무 셀프BBQ,잔디그늘집 대여료 (12인석)
2023-05-12,5,5,Spring,0,0,0,느티나무 셀프BBQ,잔디그늘집 대여료 (12인석)
2023-05-13,7,5,Spring,1,0,1,느티나무 셀프BBQ,잔디그늘집 대여료 (12인석)
2023-05-14,5,5,Spring,1,0,1,느티나무 셀프BBQ,잔디그늘집 대여료 (12인석)
2023-05-15,0,5,Spring,0,0,0,느티나무 셀프BBQ,잔디그늘집 대여료 (12인석)
2023-05-16,0,5,Spring,0,0,0,느티나무 셀프BBQ,잔디그늘집 대여료 (12인석)
2023-05-17,0,5,Spring,0,0,0,느티나무 셀프BBQ,잔디그늘집 대여료 (12인석)
2023-05-18,2,5,Spring,0,0,0,느티나무 셀프BBQ,잔디그늘집 대여료 (12인석)
2023-05-19,13,5,Spring,0,0,0,느티나무 셀프BBQ,잔디그늘집 대여료 (12인석)
2023-05-20,6,5,Spring,1,0,1,느티나무 셀프BBQ,잔디그늘집 대여료 (12인석)
2023-05-21,1,5,Spring,1,0,1,느티나무 셀프BBQ,잔디그늘집 대여료 (12인석)
2023-05-22,0,5,Spring,0,0,0,느티나무 셀프BBQ,잔디그늘집 대여료 (12인석)
2023-05-23,1,5,Spring,0,0,0,느티나무 셀프BBQ,잔디그늘집 대여료 (12인석)
2023-05-24,0,5,Spring,0,0,0,느티나무 셀프BBQ,잔디그늘집 대여료 (12인석)
2023-05-25,4,5,Spring,0,0,0,느티나무 셀프BBQ,잔디그늘집 대여료 (12인석)
2023-05-26,5,5,Spring,0,0,0,느티나무 셀프BBQ,잔디그늘집 대여료 (12인석)
2023-05-27,14,5,Spring,1,1,1,느티나무 셀프BBQ,잔디그늘집 대여료 (12인석)
2023-05-28,0,5,Spring,1,0,1,느티나무 셀프BBQ,잔디그늘집 대여료 (12인석)
2023-05-29,3,5,Spring,0,1,1,느티나무 셀프BBQ,잔디그늘집 대여료 (12인석)
2023-05-30,0,5,Spring,0,0,0,느티나무 셀프BBQ,잔디그늘집 대여료 (12인석)
2023-05-31,0,5,Spring,0,0,0,느티나무 셀프BBQ,잔디그늘집 대여료 (12인석)
2023-06-01,0,6,Summer,0,0,0,느티나무 셀프BBQ,잔디그늘집 대여료 (12인석)
2023-06-02,3,6,Summer,0,0,0,느티나무 셀프BBQ,잔디그늘집 대여료 (12인석)
2023-06-03,5,6,Summer,1,0,1,느티나무 셀프BBQ,잔디그늘집 대여료 (12인석)
2023-06-04,8,6,Summer,1,0,1,느티나무 셀프BBQ,잔디그늘집 대여료 (12인석)
2023-06-05,8,6,Summer,0,0,0,느티나무 셀프BBQ,잔디그늘집 대여료 (12인석)
2023-06-06,2,6,Summer,0,1,1,느티나무 셀프BBQ,잔디그늘집 대여료 (12인석)
2023-06-07,4,6,Summer,0,0,0,느티나무 셀프BBQ,잔디그늘집 대여료 (12인석)
2023-06-08,5,6,Summer,0,0,0,느티나무 셀프BBQ,잔디그늘집 대여료 (12인석)
2023-06-09,1,6,Summer,0,0,0,느티나무 셀프BBQ,잔디그늘집 대여료 (12인석)
2023-06-10,6,6,Summer,1,0,1,느티나무 셀프BBQ,잔디그늘집 대여료 (12인석)
2023-06-11,1,6,Summer,1,0,1,느티나무 셀프BBQ,잔디그늘집 대여료 (12인석)
2023-06-12,0,6,Summer,0,0,0,느티나무 셀프BBQ,잔디그늘집 대여료 (12인석)
2023-06-13,0,6,Summer,0,0,0,느티나무 셀프BBQ,잔디그늘집 대여료 (12인석)
2023-06-14,1,6,Summer,0,0,0,느티나무 셀프BBQ,잔디그늘집 대여료 (12인석)
2023-06-15,6,6,Summer,0,0,0,느티나무 셀프BBQ,잔디그늘집 대여료 (12인석)
2023-06-16,5,6,Summer,0,0,0,느티나무 셀프BBQ,잔디그늘집 대여료 (12인석)
2023-06-17,7,6,Summer,1,0,1,느티나무 셀프BBQ,잔디그늘집 대여료 (12인석)
2023-06-18,4,6,Summer,1,0,1,느티나무 셀프BBQ,잔디그늘집 대여료 (12인석)
2023-06-19,0,6,Summer,0,0,0,느티나무 셀프BBQ,잔디그늘집 대여료 (12인석)
2023-06-20,1,6,Summer,0,0,0,느티나무 셀프BBQ,잔디그늘집 대여료 (12인석)
2023-06-21,1,6,Summer,0,0,0,느티나무 셀프BBQ,잔디그늘집 대여료 (12인석)
2023-06-22,7,6,Summer,0,0,0,느티나무 셀프BBQ,잔디그늘집 대여료 (12인석)
2023-06-23,9,6,Summer,0,0,0,느티나무 셀프BBQ,잔디그늘집 대여료 (12인석)
2023-06-24,9,6,Summer,1,0,1,느티나무 셀프BBQ,잔디그늘집 대여료 (12인석)
2023-06-25,3,6,Summer,1,0,1,느티나무 셀프BBQ,잔디그늘집 대여료 (12인석)
2023-06-26,0,6,Summer,0,0,0,느티나무 셀프BBQ,잔디그늘집 대여료 (12인석)
2023-06-27,0,6,Summer,0,0,0,느티나무 셀프BBQ,잔디그늘집 대여료 (12인석)
2023-06-28,6,6,Summer,0,0,0,느티나무 셀프BBQ,잔디그늘집 대여료 (12인석)
2023-06-29,2,6,Summer,0,0,0,느티나무 셀프BBQ,잔디그늘집 대여료 (12인석)
2023-06-30,11,6,Summer,0,0,0,느티나무 셀프BBQ,잔디그늘집 대여료 (12인석)
2023-07-01,4,7,Summer,1,0,1,느티나무 셀프BBQ,잔디그늘집 대여료 (12인석)
2023-07-02,2,7,Summer,1,0,1,느티나무 셀프BBQ,잔디그늘집 대여료 (12인석)
2023-07-03,0,7,Summer,0,0,0,느티나무 셀프BBQ,잔디그늘집 대여료 (12인석)
2023-07-04,0,7,Summer,0,0,0,느티나무 셀프BBQ,잔디그늘집 대여료 (12인석)
2023-07-05,3,7,Summer,0,0,0,느티나무 셀프BBQ,잔디그늘집 대여료 (12인석)
2023-07-06,4,7,Summer,0,0,0,느티나무 셀프BBQ,잔디그늘집 대여료 (12인석)
2023-07-07,4,7,Summer,0,0,0,느티나무 셀프BBQ,잔디그늘집 대여료 (12인석)
2023-07-08,6,7,Summer,1,0,1,느티나무 셀프BBQ,잔디그늘집 대여료 (12인석)
2023-07-09,0,7,Summer,1,0,1,느티나무 셀프BBQ,잔디그늘집 대여료 (12인석)
2023-07-10,0,7,Summer,0,0,0,느티나무 셀프BBQ,잔디그늘집 대여료 (12인석)
2023-07-11,0,7,Summer,0,0,0,느티나무 셀프BBQ,잔디그늘집 대여료 (12인석)
2023-07-12,0,7,Summer,0,0,0,느티나무 셀프BBQ,잔디그늘집 대여료 (12인석)
2023-07-13,1,7,Summer,0,0,0,느티나무 셀프BBQ,잔디그늘집 대여료 (12인석)
2023-07-14,2,7,Summer,0,0,0,느티나무 셀프BBQ,잔디그늘집 대여료 (12인석)
2023-07-15,16,7,Summer,1,0,1,느티나무 셀프BBQ,잔디그늘집 대여료 (12인석)
2023-07-16,0,7,Summer,1,0,1,느티나무 셀프BBQ,잔디그늘집 대여료 (12인석)
2023-07-17,0,7,Summer,0,0,0,느티나무 셀프BBQ,잔디그늘집 대여료 (12인석)
2023-07-18,0,7,Summer,0,0,0,느티나무 셀프BBQ,잔디그늘집 대여료 (12인석)
2023-07-19,0,7,Summer,0,0,0,느티나무 셀프BBQ,잔디그늘집 대여료 (12인석)
2023-07-20,6,7,Summer,0,0,0,느티나무 셀프BBQ,잔디그늘집 대여료 (12인석)
2023-07-21,12,7,Summer,0,0,0,느티나무 셀프BBQ,잔디그늘집 대여료 (12인석)
2023-07-22,12,7,Summer,1,0,1,느티나무 셀프BBQ,잔디그늘집 대여료 (12인석)
2023-07-23,0,7,Summer,1,0,1,느티나무 셀프BBQ,잔디그늘집 대여료 (12인석)
2023-07-24,1,7,Summer,0,0,0,느티나무 셀프BBQ,잔디그늘집 대여료 (12인석)
2023-07-25,1,7,Summer,0,0,0,느티나무 셀프BBQ,잔디그늘집 대여료 (12인석)
2023-07-26,0,7,Summer,0,0,0,느티나무 셀프BBQ,잔디그늘집 대여료 (12인석)
2023-07-27,3,7,Summer,0,0,0,느티나무 셀프BBQ,잔디그늘집 대여료 (12인석)
2023-07-28,5,7,Summer,0,0,0,느티나무 셀프BBQ,잔디그늘집 대여료 (12인석)
2023-07-29,8,7,Summer,1,0,1,느티나무 셀프BBQ,잔디그늘집 대여료 (12인석)
2023-07-30,4,7,Summer,1,0,1,느티나무 셀프BBQ,잔디그늘집 대여료 (12인석)
2023-07-31,6,7,Summer,0,0,0,느티나무 셀프BBQ,잔디그늘집 대여료 (12인석)
2023-08-01,1,8,Summer,0,0,0,느티나무 셀프BBQ,잔디그늘집 대여료 (12인석)
2023-08-02,6,8,Summer,0,0,0,느티나무 셀프BBQ,잔디그늘집 대여료 (12인석)
2023-08-03,1,8,Summer,0,0,0,느티나무 셀프BBQ,잔디그늘집 대여료 (12인석)
2023-08-04,1,8,Summer,0,0,0,느티나무 셀프BBQ,잔디그늘집 대여료 (12인석)
2023-08-05,22,8,Summer,1,0,1,느티나무 셀프BBQ,잔디그늘집 대여료 (12인석)
2023-08-06,1,8,Summer,1,0,1,느티나무 셀프BBQ,잔디그늘집 대여료 (12인석)
2023-08-07,1,8,Summer,0,0,0,느티나무 셀프BBQ,잔디그늘집 대여료 (12인석)
2023-08-08,1,8,Summer,0,0,0,느티나무 셀프BBQ,잔디그늘집 대여료 (12인석)
2023-08-09,0,8,Summer,0,0,0,느티나무 셀프BBQ,잔디그늘집 대여료 (12인석)
2023-08-10,0,8,Summer,0,0,0,느티나무 셀프BBQ,잔디그늘집 대여료 (12인석)
2023-08-11,0,8,Summer,0,0,0,느티나무 셀프BBQ,잔디그늘집 대여료 (12인석)
2023-08-12,5,8,Summer,1,0,1,느티나무 셀프BBQ,잔디그늘집 대여료 (12인석)
2023-08-13,4,8,Summer,1,0,1,느티나무 셀프BBQ,잔디그늘집 대여료 (12인석)
2023-08-14,8,8,Summer,0,0,0,느티나무 셀프BBQ,잔디그늘집 대여료 (12인석)
2023-08-15,2,8,Summer,0,1,1,느티나무 셀프BBQ,잔디그늘집 대여료 (12인석)
2023-08-16,1,8,Summer,0,0,0,느티나무 셀프BBQ,잔디그늘집 대여료 (12인석)
2023-08-17,0,8,Summer,0,0,0,느티나무 셀프BBQ,잔디그늘집 대여료 (12인석)
2023-08-18,3,8,Summer,0,0,0,느티나무 셀프BBQ,잔디그늘집 대여료 (12인석)
2023-08-19,5,8,Summer,1,0,1,느티나무 셀프BBQ,잔디그늘집 대여료 (12인석)
2023-08-20,1,8,Summer,1,0,1,느티나무 셀프BBQ,잔디그늘집 대여료 (12인석)
2023-08-21,0,8,Summer,0,0,0,느티나무 셀프BBQ,잔디그늘집 대여료 (12인석)
2023-08-22,0,8,Summer,0,0,0,느티나무 셀프BBQ,잔디그늘집 대여료 (12인석)
2023-08-23,0,8,Summer,0,0,0,느티나무 셀프BBQ,잔디그늘집 대여료 (12인석)
2023-08-24,2,8,Summer,0,0,0,느티나무 셀프BBQ,잔디그늘집 대여료 (12인석)
2023-08-25,6,8,Summer,0,0,0,느티나무 셀프BBQ,잔디그늘집 대여료 (12인석)
2023-08-26,13,8,Summer,1,0,1,느티나무 셀프BBQ,잔디그늘집 대여료 (12인석)
2023-08-27,1,8,Summer,1,0,1,느티나무 셀프BBQ,잔디그늘집 대여료 (12인석)
2023-08-28,0,8,Summer,0,0,0,느티나무 셀프BBQ,잔디그늘집 대여료 (12인석)
2023-08-29,0,8,Summer,0,0,0,느티나무 셀프BBQ,잔디그늘집 대여료 (12인석)
2023-08-30,10,8,Summer,0,0,0,느티나무 셀프BBQ,잔디그늘집 대여료 (12인석)
2023-08-31,1,8,Summer,0,0,0,느티나무 셀프BBQ,잔디그늘집 대여료 (12인석)
2023-09-01,11,9,Autumn,0,0,0,느티나무 셀프BBQ,잔디그늘집 대여료 (12인석)
2023-09-02,4,9,Autumn,1,0,1,느티나무 셀프BBQ,잔디그늘집 대여료 (12인석)
2023-09-03,8,9,Autumn,1,0,1,느티나무 셀프BBQ,잔디그늘집 대여료 (12인석)
2023-09-04,0,9,Autumn,0,0,0,느티나무 셀프BBQ,잔디그늘집 대여료 (12인석)
2023-09-05,0,9,Autumn,0,0,0,느티나무 셀프BBQ,잔디그늘집 대여료 (12인석)
2023-09-06,0,9,Autumn,0,0,0,느티나무 셀프BBQ,잔디그늘집 대여료 (12인석)
2023-09-07,2,9,Autumn,0,0,0,느티나무 셀프BBQ,잔디그늘집 대여료 (12인석)
2023-09-08,3,9,Autumn,0,0,0,느티나무 셀프BBQ,잔디그늘집 대여료 (12인석)
2023-09-09,8,9,Autumn,1,0,1,느티나무 셀프BBQ,잔디그늘집 대여료 (12인석)
2023-09-10,2,9,Autumn,1,0,1,느티나무 셀프BBQ,잔디그늘집 대여료 (12인석)
2023-09-11,0,9,Autumn,0,0,0,느티나무 셀프BBQ,잔디그늘집 대여료 (12인석)
2023-09-12,0,9,Autumn,0,0,0,느티나무 셀프BBQ,잔디그늘집 대여료 (12인석)
2023-09-13,0,9,Autumn,0,0,0,느티나무 셀프BBQ,잔디그늘집 대여료 (12인석)
2023-09-14,2,9,Autumn,0,0,0,느티나무 셀프BBQ,잔디그늘집 대여료 (12인석)
2023-09-15,5,9,Autumn,0,0,0,느티나무 셀프BBQ,잔디그늘집 대여료 (12인석)
2023-09-16,2,9,Autumn,1,0,1,느티나무 셀프BBQ,잔디그늘집 대여료 (12인석)
2023-09-17,0,9,Autumn,1,0,1,느티나무 셀프BBQ,잔디그늘집 대여료 (12인석)
2023-09-18,0,9,Autumn,0,0,0,느티나무 셀프BBQ,잔디그늘집 대여료 (12인석)
2023-09-19,1,9,Autumn,0,0,0,느티나무 셀프BBQ,잔디그늘집 대여료 (12인석)
2023-09-20,0,9,Autumn,0,0,0,느티나무 셀프BBQ,잔디그늘집 대여료 (12인석)
2023-09-21,1,9,Autumn,0,0,0,느티나무 셀프BBQ,잔디그늘집 대여료 (12인석)
2023-09-22,5,9,Autumn,0,0,0,느티나무 셀프BBQ,잔디그늘집 대여료 (12인석)
2023-09-23,5,9,Autumn,1,0,1,느티나무 셀프BBQ,잔디그늘집 대여료 (12인석)
2023-09-24,28,9,Autumn,1,0,1,느티나무 셀프BBQ,잔디그늘집 대여료 (12인석)
2023-09-25,0,9,Autumn,0,0,0,느티나무 셀프BBQ,잔디그늘집 대여료 (12인석)
2023-09-26,0,9,Autumn,0,0,0,느티나무 셀프BBQ,잔디그늘집 대여료 (12인석)
2023-09-27,2,9,Autumn,0,0,0,느티나무 셀프BBQ,잔디그늘집 대여료 (12인석)
2023-09-28,6,9,Autumn,0,1,1,느티나무 셀프BBQ,잔디그늘집 대여료 (12인석)
2023-09-29,7,9,Autumn,0,1,1,느티나무 셀프BBQ,잔디그늘집 대여료 (12인석)
2023-09-30,10,9,Autumn,1,1,1,느티나무 셀프BBQ,잔디그늘집 대여료 (12인석)
2023-10-01,7,10,Autumn,1,0,1,느티나무 셀프BBQ,잔디그늘집 대여료 (12인석)
2023-10-02,6,10,Autumn,0,1,1,느티나무 셀프BBQ,잔디그늘집 대여료 (12인석)
2023-10-03,1,10,Autumn,0,1,1,느티나무 셀프BBQ,잔디그늘집 대여료 (12인석)
2023-10-04,0,10,Autumn,0,0,0,느티나무 셀프BBQ,잔디그늘집 대여료 (12인석)
2023-10-05,0,10,Autumn,0,0,0,느티나무 셀프BBQ,잔디그늘집 대여료 (12인석)
2023-10-06,2,10,Autumn,0,0,0,느티나무 셀프BBQ,잔디그늘집 대여료 (12인석)
2023-10-07,6,10,Autumn,1,0,1,느티나무 셀프BBQ,잔디그늘집 대여료 (12인석)
2023-10-08,6,10,Autumn,1,0,1,느티나무 셀프BBQ,잔디그늘집 대여료 (12인석)
2023-10-09,0,10,Autumn,0,1,1,느티나무 셀프BBQ,잔디그늘집 대여료 (12인석)
2023-10-10,0,10,Autumn,0,0,0,느티나무 셀프BBQ,잔디그늘집 대여료 (12인석)
2023-10-11,1,10,Autumn,0,0,0,느티나무 셀프BBQ,잔디그늘집 대여료 (12인석)
2023-10-12,2,10,Autumn,0,0,0,느티나무 셀프BBQ,잔디그늘집 대여료 (12인석)
2023-10-13,8,10,Autumn,0,0,0,느티나무 셀프BBQ,잔디그늘집 대여료 (12인석)
2023-10-14,5,10,Autumn,1,0,1,느티나무 셀프BBQ,잔디그늘집 대여료 (12인석)
2023-10-15,4,10,Autumn,1,0,1,느티나무 셀프BBQ,잔디그늘집 대여료 (12인석)
2023-10-16,0,10,Autumn,0,0,0,느티나무 셀프BBQ,잔디그늘집 대여료 (12인석)
2023-10-17,0,10,Autumn,0,0,0,느티나무 셀프BBQ,잔디그늘집 대여료 (12인석)
2023-10-18,0,10,Autumn,0,0,0,느티나무 셀프BBQ,잔디그늘집 대여료 (12인석)
2023-10-19,2,10,Autumn,0,0,0,느티나무 셀프BBQ,잔디그늘집 대여료 (12인석)
2023-10-20,4,10,Autumn,0,0,0,느티나무 셀프BBQ,잔디그늘집 대여료 (12인석)
2023-10-21,5,10,Autumn,1,0,1,느티나무 셀프BBQ,잔디그늘집 대여료 (12인석)
2023-10-22,2,10,Autumn,1,0,1,느티나무 셀프BBQ,잔디그늘집 대여료 (12인석)
2023-10-23,0,10,Autumn,0,0,0,느티나무 셀프BBQ,잔디그늘집 대여료 (12인석)
2023-10-24,0,10,Autumn,0,0,0,느티나무 셀프BBQ,잔디그늘집 대여료 (12인석)
2023-10-25,5,10,Autumn,0,0,0,느티나무 셀프BBQ,잔디그늘집 대여료 (12인석)
2023-10-26,6,10,Autumn,0,0,0,느티나무 셀프BBQ,잔디그늘집 대여료 (12인석)
2023-10-27,3,10,Autumn,0,0,0,느티나무 셀프BBQ,잔디그늘집 대여료 (12인석)
2023-10-28,13,10,Autumn,1,0,1,느티나무 셀프BBQ,잔디그늘집 대여료 (12인석)
2023-10-29,4,10,Autumn,1,0,1,느티나무 셀프BBQ,잔디그늘집 대여료 (12인석)
2023-10-30,0,10,Autumn,0,0,0,느티나무 셀프BBQ,잔디그늘집 대여료 (12인석)
2023-10-31,0,10,Autumn,0,0,0,느티나무 셀프BBQ,잔디그늘집 대여료 (12인석)
2023-11-01,0,11,Autumn,0,0,0,느티나무 셀프BBQ,잔디그늘집 대여료 (12인석)
2023-11-02,0,11,Autumn,0,0,0,느티나무 셀프BBQ,잔디그늘집 대여료 (12인석)
2023-11-03,0,11,Autumn,0,0,0,느티나무 셀프BBQ,잔디그늘집 대여료 (12인석)
2023-11-04,0,11,Autumn,1,0,1,느티나무 셀프BBQ,잔디그늘집 대여료 (12인석)
2023-11-05,0,11,Autumn,1,0,1,느티나무 셀프BBQ,잔디그늘집 대여료 (12인석)
2023-11-06,0,11,Autumn,0,0,0,느티나무 셀프BBQ,잔디그늘집 대여료 (12인석)
2023-11-07,0,11,Autumn,0,0,0,느티나무 셀프BBQ,잔디그늘집 대여료 (12인석)
2023-11-08,0,11,Autumn,0,0,0,느티나무 셀프BBQ,잔디그늘집 대여료 (12인석)
2023-11-09,0,11,Autumn,0,0,0,느티나무 셀프BBQ,잔디그늘집 대여료 (12인석)
2023-11-10,0,11,Autumn,0,0,0,느티나무 셀프BBQ,잔디그늘집 대여료 (12인석)
2023-11-11,0,11,Autumn,1,0,1,느티나무 셀프BBQ,잔디그늘집 대여료 (12인석)
2023-11-12,0,11,Autumn,1,0,1,느티나무 셀프BBQ,잔디그늘집 대여료 (12인석)
2023-11-13,0,11,Autumn,0,0,0,느티나무 셀프BBQ,잔디그늘집 대여료 (12인석)
2023-11-14,0,11,Autumn,0,0,0,느티나무 셀프BBQ,잔디그늘집 대여료 (12인석)
2023-11-15,0,11,Autumn,0,0,0,느티나무 셀프BBQ,잔디그늘집 대여료 (12인석)
2023-11-16,0,11,Autumn,0,0,0,느티나무 셀프BBQ,잔디그늘집 대여료 (12인석)
2023-11-17,0,11,Autumn,0,0,0,느티나무 셀프BBQ,잔디그늘집 대여료 (12인석)
2023-11-18,0,11,Autumn,1,0,1,느티나무 셀프BBQ,잔디그늘집 대여료 (12인석)
2023-11-19,0,11,Autumn,1,0,1,느티나무 셀프BBQ,잔디그늘집 대여료 (12인석)
2023-11-20,0,11,Autumn,0,0,0,느티나무 셀프BBQ,잔디그늘집 대여료 (12인석)
2023-11-21,0,11,Autumn,0,0,0,느티나무 셀프BBQ,잔디그늘집 대여료 (12인석)
2023-11-22,0,11,Autumn,0,0,0,느티나무 셀프BBQ,잔디그늘집 대여료 (12인석)
2023-11-23,0,11,Autumn,0,0,0,느티나무 셀프BBQ,잔디그늘집 대여료 (12인석)
2023-11-24,0,11,Autumn,0,0,0,느티나무 셀프BBQ,잔디그늘집 대여료 (12인석)
2023-11-25,0,11,Autumn,1,0,1,느티나무 셀프BBQ,잔디그늘집 대여료 (12인석)
2023-11-26,0,11,Autumn,1,0,1,느티나무 셀프BBQ,잔디그늘집 대여료 (12인석)
2023-11-27,0,11,Autumn,0,0,0,느티나무 셀프BBQ,잔디그늘집 대여료 (12인석)
2023-11-28,0,11,Autumn,0,0,0,느티나무 셀프BBQ,잔디그늘집 대여료 (12인석)
2023-11-29,0,11,Autumn,0,0,0,느티나무 셀프BBQ,잔디그늘집 대여료 (12인석)
2023-11-30,0,11,Autumn,0,0,0,느티나무 셀프BBQ,잔디그늘집 대여료 (12인석)
2023-12-01,0,12,Winter,0,0,0,느티나무 셀프BBQ,잔디그늘집 대여료 (12인석)
2023-12-02,0,12,Winter,1,0,1,느티나무 셀프BBQ,잔디그늘집 대여료 (12인석)
2023-12-03,0,12,Winter,1,0,1,느티나무 셀프BBQ,잔디그늘집 대여료 (12인석)
2023-12-04,0,12,Winter,0,0,0,느티나무 셀프BBQ,잔디그늘집 대여료 (12인석)
2023-12-05,0,12,Winter,0,0,0,느티나무 셀프BBQ,잔디그늘집 대여료 (12인석)
2023-12-06,0,12,Winter,0,0,0,느티나무 셀프BBQ,잔디그늘집 대여료 (12인석)
2023-12-07,0,12,Winter,0,0,0,느티나무 셀프BBQ,잔디그늘집 대여료 (12인석)
2023-12-08,0,12,Winter,0,0,0,느티나무 셀프BBQ,잔디그늘집 대여료 (12인석)
2023-12-09,0,12,Winter,1,0,1,느티나무 셀프BBQ,잔디그늘집 대여료 (12인석)
2023-12-10,0,12,Winter,1,0,1,느티나무 셀프BBQ,잔디그늘집 대여료 (12인석)
2023-12-11,0,12,Winter,0,0,0,느티나무 셀프BBQ,잔디그늘집 대여료 (12인석)
2023-12-12,0,12,Winter,0,0,0,느티나무 셀프BBQ,잔디그늘집 대여료 (12인석)
2023-12-13,0,12,Winter,0,0,0,느티나무 셀프BBQ,잔디그늘집 대여료 (12인석)
2023-12-14,0,12,Winter,0,0,0,느티나무 셀프BBQ,잔디그늘집 대여료 (12인석)
2023-12-15,0,12,Winter,0,0,0,느티나무 셀프BBQ,잔디그늘집 대여료 (12인석)
2023-12-16,0,12,Winter,1,0,1,느티나무 셀프BBQ,잔디그늘집 대여료 (12인석)
2023-12-17,0,12,Winter,1,0,1,느티나무 셀프BBQ,잔디그늘집 대여료 (12인석)
2023-12-18,0,12,Winter,0,0,0,느티나무 셀프BBQ,잔디그늘집 대여료 (12인석)
2023-12-19,0,12,Winter,0,0,0,느티나무 셀프BBQ,잔디그늘집 대여료 (12인석)
2023-12-20,0,12,Winter,0,0,0,느티나무 셀프BBQ,잔디그늘집 대여료 (12인석)
2023-12-21,0,12,Winter,0,0,0,느티나무 셀프BBQ,잔디그늘집 대여료 (12인석)
2023-12-22,0,12,Winter,0,0,0,느티나무 셀프BBQ,잔디그늘집 대여료 (12인석)
2023-12-23,0,12,Winter,1,0,1,느티나무 셀프BBQ,잔디그늘집 대여료 (12인석)
2023-12-24,0,12,Winter,1,0,1,느티나무 셀프BBQ,잔디그늘집 대여료 (12인석)
2023-12-25,0,12,Winter,0,1,1,느티나무 셀프BBQ,잔디그늘집 대여료 (12인석)
2023-12-26,0,12,Winter,0,0,0,느티나무 셀프BBQ,잔디그늘집 대여료 (12인석)
2023-12-27,0,12,Winter,0,0,0,느티나무 셀프BBQ,잔디그늘집 대여료 (12인석)
2023-12-28,0,12,Winter,0,0,0,느티나무 셀프BBQ,잔디그늘집 대여료 (12인석)
2023-12-29,0,12,Winter,0,0,0,느티나무 셀프BBQ,잔디그늘집 대여료 (12인석)
2023-12-30,0,12,Winter,1,0,1,느티나무 셀프BBQ,잔디그늘집 대여료 (12인석)
2023-12-31,0,12,Winter,1,0,1,느티나무 셀프BBQ,잔디그늘집 대여료 (12인석)
2024-01-01,0,1,Winter,0,1,1,느티나무 셀프BBQ,잔디그늘집 대여료 (12인석)
2024-01-02,0,1,Winter,0,0,0,느티나무 셀프BBQ,잔디그늘집 대여료 (12인석)
2024-01-03,0,1,Winter,0,0,0,느티나무 셀프BBQ,잔디그늘집 대여료 (12인석)
2024-01-04,0,1,Winter,0,0,0,느티나무 셀프BBQ,잔디그늘집 대여료 (12인석)
2024-01-05,0,1,Winter,0,0,0,느티나무 셀프BBQ,잔디그늘집 대여료 (12인석)
2024-01-06,0,1,Winter,1,0,1,느티나무 셀프BBQ,잔디그늘집 대여료 (12인석)
2024-01-07,0,1,Winter,1,0,1,느티나무 셀프BBQ,잔디그늘집 대여료 (12인석)
2024-01-08,0,1,Winter,0,0,0,느티나무 셀프BBQ,잔디그늘집 대여료 (12인석)
2024-01-09,0,1,Winter,0,0,0,느티나무 셀프BBQ,잔디그늘집 대여료 (12인석)
2024-01-10,0,1,Winter,0,0,0,느티나무 셀프BBQ,잔디그늘집 대여료 (12인석)
2024-01-11,0,1,Winter,0,0,0,느티나무 셀프BBQ,잔디그늘집 대여료 (12인석)
2024-01-12,0,1,Winter,0,0,0,느티나무 셀프BBQ,잔디그늘집 대여료 (12인석)
2024-01-13,0,1,Winter,1,0,1,느티나무 셀프BBQ,잔디그늘집 대여료 (12인석)
2024-01-14,0,1,Winter,1,0,1,느티나무 셀프BBQ,잔디그늘집 대여료 (12인석)
2024-01-15,0,1,Winter,0,0,0,느티나무 셀프BBQ,잔디그늘집 대여료 (12인석)
2024-01-16,0,1,Winter,0,0,0,느티나무 셀프BBQ,잔디그늘집 대여료 (12인석)
2024-01-17,0,1,Winter,0,0,0,느티나무 셀프BBQ,잔디그늘집 대여료 (12인석)
2024-01-18,0,1,Winter,0,0,0,느티나무 셀프BBQ,잔디그늘집 대여료 (12인석)
2024-01-19,0,1,Winter,0,0,0,느티나무 셀프BBQ,잔디그늘집 대여료 (12인석)
2024-01-20,0,1,Winter,1,0,1,느티나무 셀프BBQ,잔디그늘집 대여료 (12인석)
2024-01-21,0,1,Winter,1,0,1,느티나무 셀프BBQ,잔디그늘집 대여료 (12인석)
2024-01-22,0,1,Winter,0,0,0,느티나무 셀프BBQ,잔디그늘집 대여료 (12인석)
2024-01-23,0,1,Winter,0,0,0,느티나무 셀프BBQ,잔디그늘집 대여료 (12인석)
2024-01-24,0,1,Winter,0,0,0,느티나무 셀프BBQ,잔디그늘집 대여료 (12인석)
2024-01-25,0,1,Winter,0,0,0,느티나무 셀프BBQ,잔디그늘집 대여료 (12인석)
2024-01-26,0,1,Winter,0,0,0,느티나무 셀프BBQ,잔디그늘집 대여료 (12인석)
2024-01-27,0,1,Winter,1,0,1,느티나무 셀프BBQ,잔디그늘집 대여료 (12인석)
2024-01-28,0,1,Winter,1,0,1,느티나무 셀프BBQ,잔디그늘집 대여료 (12인석)
2024-01-29,0,1,Winter,0,0,0,느티나무 셀프BBQ,잔디그늘집 대여료 (12인석)
2024-01-30,0,1,Winter,0,0,0,느티나무 셀프BBQ,잔디그늘집 대여료 (12인석)
2024-01-31,0,1,Winter,0,0,0,느티나무 셀프BBQ,잔디그늘집 대여료 (12인석)
2024-02-01,0,2,Winter,0,0,0,느티나무 셀프BBQ,잔디그늘집 대여료 (12인석)
2024-02-02,0,2,Winter,0,0,0,느티나무 셀프BBQ,잔디그늘집 대여료 (12인석)
2024-02-03,0,2,Winter,1,0,1,느티나무 셀프BBQ,잔디그늘집 대여료 (12인석)
2024-02-04,0,2,Winter,1,0,1,느티나무 셀프BBQ,잔디그늘집 대여료 (12인석)
2024-02-05,0,2,Winter,0,0,0,느티나무 셀프BBQ,잔디그늘집 대여료 (12인석)
2024-02-06,0,2,Winter,0,0,0,느티나무 셀프BBQ,잔디그늘집 대여료 (12인석)
2024-02-07,0,2,Winter,0,0,0,느티나무 셀프BBQ,잔디그늘집 대여료 (12인석)
2024-02-08,0,2,Winter,0,0,0,느티나무 셀프BBQ,잔디그늘집 대여료 (12인석)
2024-02-09,0,2,Winter,0,1,1,느티나무 셀프BBQ,잔디그늘집 대여료 (12인석)
2024-02-10,0,2,Winter,1,1,1,느티나무 셀프BBQ,잔디그늘집 대여료 (12인석)
2024-02-11,0,2,Winter,1,1,1,느티나무 셀프BBQ,잔디그늘집 대여료 (12인석)
2024-02-12,0,2,Winter,0,1,1,느티나무 셀프BBQ,잔디그늘집 대여료 (12인석)
2024-02-13,0,2,Winter,0,0,0,느티나무 셀프BBQ,잔디그늘집 대여료 (12인석)
2024-02-14,0,2,Winter,0,0,0,느티나무 셀프BBQ,잔디그늘집 대여료 (12인석)
2024-02-15,0,2,Winter,0,0,0,느티나무 셀프BBQ,잔디그늘집 대여료 (12인석)
2024-02-16,0,2,Winter,0,0,0,느티나무 셀프BBQ,잔디그늘집 대여료 (12인석)
2024-02-17,0,2,Winter,1,0,1,느티나무 셀프BBQ,잔디그늘집 대여료 (12인석)
2024-02-18,0,2,Winter,1,0,1,느티나무 셀프BBQ,잔디그늘집 대여료 (12인석)
2024-02-19,0,2,Winter,0,0,0,느티나무 셀프BBQ,잔디그늘집 대여료 (12인석)
2024-02-20,0,2,Winter,0,0,0,느티나무 셀프BBQ,잔디그늘집 대여료 (12인석)
2024-02-21,0,2,Winter,0,0,0,느티나무 셀프BBQ,잔디그늘집 대여료 (12인석)
2024-02-22,0,2,Winter,0,0,0,느티나무 셀프BBQ,잔디그늘집 대여료 (12인석)
2024-02-23,0,2,Winter,0,0,0,느티나무 셀프BBQ,잔디그늘집 대여료 (12인석)
2024-02-24,0,2,Winter,1,0,1,느티나무 셀프BBQ,잔디그늘집 대여료 (12인석)
2024-02-25,0,2,Winter,1,0,1,느티나무 셀프BBQ,잔디그늘집 대여료 (12인석)
2024-02-26,0,2,Winter,0,0,0,느티나무 셀프BBQ,잔디그늘집 대여료 (12인석)
2024-02-27,0,2,Winter,0,0,0,느티나무 셀프BBQ,잔디그늘집 대여료 (12인석)
2024-02-28,0,2,Winter,0,0,0,느티나무 셀프BBQ,잔디그늘집 대여료 (12인석)
2024-02-29,0,2,Winter,0,0,0,느티나무 셀프BBQ,잔디그늘집 대여료 (12인석)
2024-03-01,0,3,Spring,0,1,1,느티나무 셀프BBQ,잔디그늘집 대여료 (12인석)
2024-03-02,0,3,Spring,1,0,1,느티나무 셀프BBQ,잔디그늘집 대여료 (12인석)
2024-03-03,0,3,Spring,1,0,1,느티나무 셀프BBQ,잔디그늘집 대여료 (12인석)
2024-03-04,0,3,Spring,0,0,0,느티나무 셀프BBQ,잔디그늘집 대여료 (12인석)
2024-03-05,0,3,Spring,0,0,0,느티나무 셀프BBQ,잔디그늘집 대여료 (12인석)
2024-03-06,0,3,Spring,0,0,0,느티나무 셀프BBQ,잔디그늘집 대여료 (12인석)
2024-03-07,0,3,Spring,0,0,0,느티나무 셀프BBQ,잔디그늘집 대여료 (12인석)
2024-03-08,0,3,Spring,0,0,0,느티나무 셀프BBQ,잔디그늘집 대여료 (12인석)
2024-03-09,0,3,Spring,1,0,1,느티나무 셀프BBQ,잔디그늘집 대여료 (12인석)
2024-03-10,0,3,Spring,1,0,1,느티나무 셀프BBQ,잔디그늘집 대여료 (12인석)
2024-03-11,0,3,Spring,0,0,0,느티나무 셀프BBQ,잔디그늘집 대여료 (12인석)
2024-03-12,0,3,Spring,0,0,0,느티나무 셀프BBQ,잔디그늘집 대여료 (12인석)
2024-03-13,0,3,Spring,0,0,0,느티나무 셀프BBQ,잔디그늘집 대여료 (12인석)
2024-03-14,0,3,Spring,0,0,0,느티나무 셀프BBQ,잔디그늘집 대여료 (12인석)
2024-03-15,0,3,Spring,0,0,0,느티나무 셀프BBQ,잔디그늘집 대여료 (12인석)
2024-03-16,0,3,Spring,1,0,1,느티나무 셀프BBQ,잔디그늘집 대여료 (12인석)
2024-03-17,0,3,Spring,1,0,1,느티나무 셀프BBQ,잔디그늘집 대여료 (12인석)
2024-03-18,0,3,Spring,0,0,0,느티나무 셀프BBQ,잔디그늘집 대여료 (12인석)
2024-03-19,0,3,Spring,0,0,0,느티나무 셀프BBQ,잔디그늘집 대여료 (12인석)
2024-03-20,0,3,Spring,0,0,0,느티나무 셀프BBQ,잔디그늘집 대여료 (12인석)
2024-03-21,0,3,Spring,0,0,0,느티나무 셀프BBQ,잔디그늘집 대여료 (12인석)
2024-03-22,0,3,Spring,0,0,0,느티나무 셀프BBQ,잔디그늘집 대여료 (12인석)
2024-03-23,0,3,Spring,1,0,1,느티나무 셀프BBQ,잔디그늘집 대여료 (12인석)
2024-03-24,0,3,Spring,1,0,1,느티나무 셀프BBQ,잔디그늘집 대여료 (12인석)
2024-03-25,0,3,Spring,0,0,0,느티나무 셀프BBQ,잔디그늘집 대여료 (12인석)
2024-03-26,0,3,Spring,0,0,0,느티나무 셀프BBQ,잔디그늘집 대여료 (12인석)
2024-03-27,0,3,Spring,0,0,0,느티나무 셀프BBQ,잔디그늘집 대여료 (12인석)
2024-03-28,0,3,Spring,0,0,0,느티나무 셀프BBQ,잔디그늘집 대여료 (12인석)
2024-03-29,0,3,Spring,0,0,0,느티나무 셀프BBQ,잔디그늘집 대여료 (12인석)
2024-03-30,0,3,Spring,1,0,1,느티나무 셀프BBQ,잔디그늘집 대여료 (12인석)
2024-03-31,0,3,Spring,1,0,1,느티나무 셀프BBQ,잔디그늘집 대여료 (12인석)
2024-04-01,0,4,Spring,0,0,0,느티나무 셀프BBQ,잔디그늘집 대여료 (12인석)
2024-04-02,0,4,Spring,0,0,0,느티나무 셀프BBQ,잔디그늘집 대여료 (12인석)
2024-04-03,0,4,Spring,0,0,0,느티나무 셀프BBQ,잔디그늘집 대여료 (12인석)
2024-04-04,0,4,Spring,0,0,0,느티나무 셀프BBQ,잔디그늘집 대여료 (12인석)
2024-04-05,0,4,Spring,0,0,0,느티나무 셀프BBQ,잔디그늘집 대여료 (12인석)
2024-04-06,0,4,Spring,1,0,1,느티나무 셀프BBQ,잔디그늘집 대여료 (12인석)
2024-04-07,0,4,Spring,1,0,1,느티나무 셀프BBQ,잔디그늘집 대여료 (12인석)
2024-04-08,0,4,Spring,0,0,0,느티나무 셀프BBQ,잔디그늘집 대여료 (12인석)
2024-04-09,0,4,Spring,0,0,0,느티나무 셀프BBQ,잔디그늘집 대여료 (12인석)
2024-04-10,0,4,Spring,0,1,1,느티나무 셀프BBQ,잔디그늘집 대여료 (12인석)
2024-04-11,0,4,Spring,0,0,0,느티나무 셀프BBQ,잔디그늘집 대여료 (12인석)
2024-04-12,0,4,Spring,0,0,0,느티나무 셀프BBQ,잔디그늘집 대여료 (12인석)
2024-04-13,0,4,Spring,1,0,1,느티나무 셀프BBQ,잔디그늘집 대여료 (12인석)
2024-04-14,0,4,Spring,1,0,1,느티나무 셀프BBQ,잔디그늘집 대여료 (12인석)
2024-04-15,0,4,Spring,0,0,0,느티나무 셀프BBQ,잔디그늘집 대여료 (12인석)
2024-04-16,0,4,Spring,0,0,0,느티나무 셀프BBQ,잔디그늘집 대여료 (12인석)
2024-04-17,0,4,Spring,0,0,0,느티나무 셀프BBQ,잔디그늘집 대여료 (12인석)
2024-04-18,0,4,Spring,0,0,0,느티나무 셀프BBQ,잔디그늘집 대여료 (12인석)
2024-04-19,3,4,Spring,0,0,0,느티나무 셀프BBQ,잔디그늘집 대여료 (12인석)
2024-04-20,4,4,Spring,1,0,1,느티나무 셀프BBQ,잔디그늘집 대여료 (12인석)
2024-04-21,1,4,Spring,1,0,1,느티나무 셀프BBQ,잔디그늘집 대여료 (12인석)
2024-04-22,0,4,Spring,0,0,0,느티나무 셀프BBQ,잔디그늘집 대여료 (12인석)
2024-04-23,0,4,Spring,0,0,0,느티나무 셀프BBQ,잔디그늘집 대여료 (12인석)
2024-04-24,1,4,Spring,0,0,0,느티나무 셀프BBQ,잔디그늘집 대여료 (12인석)
2024-04-25,3,4,Spring,0,0,0,느티나무 셀프BBQ,잔디그늘집 대여료 (12인석)
2024-04-26,0,4,Spring,0,0,0,느티나무 셀프BBQ,잔디그늘집 대여료 (12인석)
2024-04-27,5,4,Spring,1,0,1,느티나무 셀프BBQ,잔디그늘집 대여료 (12인석)
2024-04-28,4,4,Spring,1,0,1,느티나무 셀프BBQ,잔디그늘집 대여료 (12인석)
2024-04-29,0,4,Spring,0,0,0,느티나무 셀프BBQ,잔디그늘집 대여료 (12인석)
2024-04-30,4,4,Spring,0,0,0,느티나무 셀프BBQ,잔디그늘집 대여료 (12인석)
2024-05-01,1,5,Spring,0,0,0,느티나무 셀프BBQ,잔디그늘집 대여료 (12인석)
2024-05-02,1,5,Spring,0,0,0,느티나무 셀프BBQ,잔디그늘집 대여료 (12인석)
2024-05-03,5,5,Spring,0,0,0,느티나무 셀프BBQ,잔디그늘집 대여료 (12인석)
2024-05-04,6,5,Spring,1,0,1,느티나무 셀프BBQ,잔디그늘집 대여료 (12인석)
2024-05-05,4,5,Spring,1,1,1,느티나무 셀프BBQ,잔디그늘집 대여료 (12인석)
2024-05-06,0,5,Spring,0,1,1,느티나무 셀프BBQ,잔디그늘집 대여료 (12인석)
2024-05-07,0,5,Spring,0,0,0,느티나무 셀프BBQ,잔디그늘집 대여료 (12인석)
2024-05-08,0,5,Spring,0,0,0,느티나무 셀프BBQ,잔디그늘집 대여료 (12인석)
2024-05-09,3,5,Spring,0,0,0,느티나무 셀프BBQ,잔디그늘집 대여료 (12인석)
2024-05-10,4,5,Spring,0,0,0,느티나무 셀프BBQ,잔디그늘집 대여료 (12인석)
2024-05-11,5,5,Spring,1,0,1,느티나무 셀프BBQ,잔디그늘집 대여료 (12인석)
2024-05-12,4,5,Spring,1,0,1,느티나무 셀프BBQ,잔디그늘집 대여료 (12인석)
2024-05-13,0,5,Spring,0,0,0,느티나무 셀프BBQ,잔디그늘집 대여료 (12인석)
2024-05-14,3,5,Spring,0,0,0,느티나무 셀프BBQ,잔디그늘집 대여료 (12인석)
2024-05-15,0,5,Spring,0,1,1,느티나무 셀프BBQ,잔디그늘집 대여료 (12인석)
2024-05-16,3,5,Spring,0,0,0,느티나무 셀프BBQ,잔디그늘집 대여료 (12인석)
2024-05-17,4,5,Spring,0,0,0,느티나무 셀프BBQ,잔디그늘집 대여료 (12인석)
2024-05-18,5,5,Spring,1,0,1,느티나무 셀프BBQ,잔디그늘집 대여료 (12인석)
2024-05-19,4,5,Spring,1,0,1,느티나무 셀프BBQ,잔디그늘집 대여료 (12인석)
2024-05-20,0,5,Spring,0,0,0,느티나무 셀프BBQ,잔디그늘집 대여료 (12인석)
2024-05-21,10,5,Spring,0,0,0,느티나무 셀프BBQ,잔디그늘집 대여료 (12인석)
2024-05-22,1,5,Spring,0,0,0,느티나무 셀프BBQ,잔디그늘집 대여료 (12인석)
2024-05-23,4,5,Spring,0,0,0,느티나무 셀프BBQ,잔디그늘집 대여료 (12인석)
2024-05-24,4,5,Spring,0,0,0,느티나무 셀프BBQ,잔디그늘집 대여료 (12인석)
2024-05-25,8,5,Spring,1,0,1,느티나무 셀프BBQ,잔디그늘집 대여료 (12인석)
2024-05-26,3,5,Spring,1,0,1,느티나무 셀프BBQ,잔디그늘집 대여료 (12인석)
2024-05-27,0,5,Spring,0,0,0,느티나무 셀프BBQ,잔디그늘집 대여료 (12인석)
2024-05-28,4,5,Spring,0,0,0,느티나무 셀프BBQ,잔디그늘집 대여료 (12인석)
2024-05-29,7,5,Spring,0,0,0,느티나무 셀프BBQ,잔디그늘집 대여료 (12인석)
2024-05-30,2,5,Spring,0,0,0,느티나무 셀프BBQ,잔디그늘집 대여료 (12인석)
2024-05-31,5,5,Spring,0,0,0,느티나무 셀프BBQ,잔디그늘집 대여료 (12인석)
2024-06-01,10,6,Summer,1,0,1,느티나무 셀프BBQ,잔디그늘집 대여료 (12인석)
2024-06-02,4,6,Summer,1,0,1,느티나무 셀프BBQ,잔디그늘집 대여료 (12인석)
2024-06-03,0,6,Summer,0,0,0,느티나무 셀프BBQ,잔디그늘집 대여료 (12인석)
2024-06-04,1,6,Summer,0,0,0,느티나무 셀프BBQ,잔디그늘집 대여료 (12인석)
2024-06-05,5,6,Summer,0,0,0,느티나무 셀프BBQ,잔디그늘집 대여료 (12인석)
2024-06-06,5,6,Summer,0,1,1,느티나무 셀프BBQ,잔디그늘집 대여료 (12인석)
2024-06-07,5,6,Summer,0,0,0,느티나무 셀프BBQ,잔디그늘집 대여료 (12인석)
2024-06-08,8,6,Summer,1,0,1,느티나무 셀프BBQ,잔디그늘집 대여료 (12인석)
2024-06-09,1,6,Summer,1,0,1,느티나무 셀프BBQ,잔디그늘집 대여료 (12인석)
2024-06-10,0,6,Summer,0,0,0,느티나무 셀프BBQ,잔디그늘집 대여료 (12인석)
2024-06-11,2,6,Summer,0,0,0,느티나무 셀프BBQ,잔디그늘집 대여료 (12인석)
2024-06-12,0,6,Summer,0,0,0,느티나무 셀프BBQ,잔디그늘집 대여료 (12인석)
2024-06-13,9,6,Summer,0,0,0,느티나무 셀프BBQ,잔디그늘집 대여료 (12인석)
2024-06-14,5,6,Summer,0,0,0,느티나무 셀프BBQ,잔디그늘집 대여료 (12인석)
2024-06-15,5,6,Summer,1,0,1,느티나무 셀프BBQ,잔디그늘집 대여료 (12인석)
2023-01-01,0,1,Winter,1,1,1,느티나무 셀프BBQ,잔디그늘집 대여료 (6인석)
2023-01-02,0,1,Winter,0,0,0,느티나무 셀프BBQ,잔디그늘집 대여료 (6인석)
2023-01-03,0,1,Winter,0,0,0,느티나무 셀프BBQ,잔디그늘집 대여료 (6인석)
2023-01-04,0,1,Winter,0,0,0,느티나무 셀프BBQ,잔디그늘집 대여료 (6인석)
2023-01-05,1,1,Winter,0,0,0,느티나무 셀프BBQ,잔디그늘집 대여료 (6인석)
2023-01-06,0,1,Winter,0,0,0,느티나무 셀프BBQ,잔디그늘집 대여료 (6인석)
2023-01-07,0,1,Winter,1,0,1,느티나무 셀프BBQ,잔디그늘집 대여료 (6인석)
2023-01-08,0,1,Winter,1,0,1,느티나무 셀프BBQ,잔디그늘집 대여료 (6인석)
2023-01-09,0,1,Winter,0,0,0,느티나무 셀프BBQ,잔디그늘집 대여료 (6인석)
2023-01-10,0,1,Winter,0,0,0,느티나무 셀프BBQ,잔디그늘집 대여료 (6인석)
2023-01-11,0,1,Winter,0,0,0,느티나무 셀프BBQ,잔디그늘집 대여료 (6인석)
2023-01-12,0,1,Winter,0,0,0,느티나무 셀프BBQ,잔디그늘집 대여료 (6인석)
2023-01-13,0,1,Winter,0,0,0,느티나무 셀프BBQ,잔디그늘집 대여료 (6인석)
2023-01-14,0,1,Winter,1,0,1,느티나무 셀프BBQ,잔디그늘집 대여료 (6인석)
2023-01-15,0,1,Winter,1,0,1,느티나무 셀프BBQ,잔디그늘집 대여료 (6인석)
2023-01-16,0,1,Winter,0,0,0,느티나무 셀프BBQ,잔디그늘집 대여료 (6인석)
2023-01-17,0,1,Winter,0,0,0,느티나무 셀프BBQ,잔디그늘집 대여료 (6인석)
2023-01-18,0,1,Winter,0,0,0,느티나무 셀프BBQ,잔디그늘집 대여료 (6인석)
2023-01-19,0,1,Winter,0,0,0,느티나무 셀프BBQ,잔디그늘집 대여료 (6인석)
2023-01-20,0,1,Winter,0,0,0,느티나무 셀프BBQ,잔디그늘집 대여료 (6인석)
2023-01-21,0,1,Winter,1,1,1,느티나무 셀프BBQ,잔디그늘집 대여료 (6인석)
2023-01-22,0,1,Winter,1,1,1,느티나무 셀프BBQ,잔디그늘집 대여료 (6인석)
2023-01-23,0,1,Winter,0,1,1,느티나무 셀프BBQ,잔디그늘집 대여료 (6인석)
2023-01-24,0,1,Winter,0,1,1,느티나무 셀프BBQ,잔디그늘집 대여료 (6인석)
2023-01-25,0,1,Winter,0,0,0,느티나무 셀프BBQ,잔디그늘집 대여료 (6인석)
2023-01-26,0,1,Winter,0,0,0,느티나무 셀프BBQ,잔디그늘집 대여료 (6인석)
2023-01-27,0,1,Winter,0,0,0,느티나무 셀프BBQ,잔디그늘집 대여료 (6인석)
2023-01-28,0,1,Winter,1,0,1,느티나무 셀프BBQ,잔디그늘집 대여료 (6인석)
2023-01-29,0,1,Winter,1,0,1,느티나무 셀프BBQ,잔디그늘집 대여료 (6인석)
2023-01-30,0,1,Winter,0,0,0,느티나무 셀프BBQ,잔디그늘집 대여료 (6인석)
2023-01-31,0,1,Winter,0,0,0,느티나무 셀프BBQ,잔디그늘집 대여료 (6인석)
2023-02-01,0,2,Winter,0,0,0,느티나무 셀프BBQ,잔디그늘집 대여료 (6인석)
2023-02-02,0,2,Winter,0,0,0,느티나무 셀프BBQ,잔디그늘집 대여료 (6인석)
2023-02-03,0,2,Winter,0,0,0,느티나무 셀프BBQ,잔디그늘집 대여료 (6인석)
2023-02-04,0,2,Winter,1,0,1,느티나무 셀프BBQ,잔디그늘집 대여료 (6인석)
2023-02-05,0,2,Winter,1,0,1,느티나무 셀프BBQ,잔디그늘집 대여료 (6인석)
2023-02-06,0,2,Winter,0,0,0,느티나무 셀프BBQ,잔디그늘집 대여료 (6인석)
2023-02-07,0,2,Winter,0,0,0,느티나무 셀프BBQ,잔디그늘집 대여료 (6인석)
2023-02-08,0,2,Winter,0,0,0,느티나무 셀프BBQ,잔디그늘집 대여료 (6인석)
2023-02-09,0,2,Winter,0,0,0,느티나무 셀프BBQ,잔디그늘집 대여료 (6인석)
2023-02-10,0,2,Winter,0,0,0,느티나무 셀프BBQ,잔디그늘집 대여료 (6인석)
2023-02-11,0,2,Winter,1,0,1,느티나무 셀프BBQ,잔디그늘집 대여료 (6인석)
2023-02-12,0,2,Winter,1,0,1,느티나무 셀프BBQ,잔디그늘집 대여료 (6인석)
2023-02-13,0,2,Winter,0,0,0,느티나무 셀프BBQ,잔디그늘집 대여료 (6인석)
2023-02-14,0,2,Winter,0,0,0,느티나무 셀프BBQ,잔디그늘집 대여료 (6인석)
2023-02-15,0,2,Winter,0,0,0,느티나무 셀프BBQ,잔디그늘집 대여료 (6인석)
2023-02-16,0,2,Winter,0,0,0,느티나무 셀프BBQ,잔디그늘집 대여료 (6인석)
2023-02-17,0,2,Winter,0,0,0,느티나무 셀프BBQ,잔디그늘집 대여료 (6인석)
2023-02-18,0,2,Winter,1,0,1,느티나무 셀프BBQ,잔디그늘집 대여료 (6인석)
2023-02-19,0,2,Winter,1,0,1,느티나무 셀프BBQ,잔디그늘집 대여료 (6인석)
2023-02-20,0,2,Winter,0,0,0,느티나무 셀프BBQ,잔디그늘집 대여료 (6인석)
2023-02-21,0,2,Winter,0,0,0,느티나무 셀프BBQ,잔디그늘집 대여료 (6인석)
2023-02-22,0,2,Winter,0,0,0,느티나무 셀프BBQ,잔디그늘집 대여료 (6인석)
2023-02-23,0,2,Winter,0,0,0,느티나무 셀프BBQ,잔디그늘집 대여료 (6인석)
2023-02-24,0,2,Winter,0,0,0,느티나무 셀프BBQ,잔디그늘집 대여료 (6인석)
2023-02-25,0,2,Winter,1,0,1,느티나무 셀프BBQ,잔디그늘집 대여료 (6인석)
2023-02-26,0,2,Winter,1,0,1,느티나무 셀프BBQ,잔디그늘집 대여료 (6인석)
2023-02-27,0,2,Winter,0,0,0,느티나무 셀프BBQ,잔디그늘집 대여료 (6인석)
2023-02-28,0,2,Winter,0,0,0,느티나무 셀프BBQ,잔디그늘집 대여료 (6인석)
2023-03-01,0,3,Spring,0,1,1,느티나무 셀프BBQ,잔디그늘집 대여료 (6인석)
2023-03-02,0,3,Spring,0,0,0,느티나무 셀프BBQ,잔디그늘집 대여료 (6인석)
2023-03-03,0,3,Spring,0,0,0,느티나무 셀프BBQ,잔디그늘집 대여료 (6인석)
2023-03-04,0,3,Spring,1,0,1,느티나무 셀프BBQ,잔디그늘집 대여료 (6인석)
2023-03-05,0,3,Spring,1,0,1,느티나무 셀프BBQ,잔디그늘집 대여료 (6인석)
2023-03-06,0,3,Spring,0,0,0,느티나무 셀프BBQ,잔디그늘집 대여료 (6인석)
2023-03-07,0,3,Spring,0,0,0,느티나무 셀프BBQ,잔디그늘집 대여료 (6인석)
2023-03-08,0,3,Spring,0,0,0,느티나무 셀프BBQ,잔디그늘집 대여료 (6인석)
2023-03-09,0,3,Spring,0,0,0,느티나무 셀프BBQ,잔디그늘집 대여료 (6인석)
2023-03-10,1,3,Spring,0,0,0,느티나무 셀프BBQ,잔디그늘집 대여료 (6인석)
2023-03-11,0,3,Spring,1,0,1,느티나무 셀프BBQ,잔디그늘집 대여료 (6인석)
2023-03-12,0,3,Spring,1,0,1,느티나무 셀프BBQ,잔디그늘집 대여료 (6인석)
2023-03-13,0,3,Spring,0,0,0,느티나무 셀프BBQ,잔디그늘집 대여료 (6인석)
2023-03-14,0,3,Spring,0,0,0,느티나무 셀프BBQ,잔디그늘집 대여료 (6인석)
2023-03-15,0,3,Spring,0,0,0,느티나무 셀프BBQ,잔디그늘집 대여료 (6인석)
2023-03-16,0,3,Spring,0,0,0,느티나무 셀프BBQ,잔디그늘집 대여료 (6인석)
2023-03-17,0,3,Spring,0,0,0,느티나무 셀프BBQ,잔디그늘집 대여료 (6인석)
2023-03-18,0,3,Spring,1,0,1,느티나무 셀프BBQ,잔디그늘집 대여료 (6인석)
2023-03-19,0,3,Spring,1,0,1,느티나무 셀프BBQ,잔디그늘집 대여료 (6인석)
2023-03-20,0,3,Spring,0,0,0,느티나무 셀프BBQ,잔디그늘집 대여료 (6인석)
2023-03-21,0,3,Spring,0,0,0,느티나무 셀프BBQ,잔디그늘집 대여료 (6인석)
2023-03-22,0,3,Spring,0,0,0,느티나무 셀프BBQ,잔디그늘집 대여료 (6인석)
2023-03-23,0,3,Spring,0,0,0,느티나무 셀프BBQ,잔디그늘집 대여료 (6인석)
2023-03-24,0,3,Spring,0,0,0,느티나무 셀프BBQ,잔디그늘집 대여료 (6인석)
2023-03-25,0,3,Spring,1,0,1,느티나무 셀프BBQ,잔디그늘집 대여료 (6인석)
2023-03-26,0,3,Spring,1,0,1,느티나무 셀프BBQ,잔디그늘집 대여료 (6인석)
2023-03-27,0,3,Spring,0,0,0,느티나무 셀프BBQ,잔디그늘집 대여료 (6인석)
2023-03-28,0,3,Spring,0,0,0,느티나무 셀프BBQ,잔디그늘집 대여료 (6인석)
2023-03-29,0,3,Spring,0,0,0,느티나무 셀프BBQ,잔디그늘집 대여료 (6인석)
2023-03-30,0,3,Spring,0,0,0,느티나무 셀프BBQ,잔디그늘집 대여료 (6인석)
2023-03-31,0,3,Spring,0,0,0,느티나무 셀프BBQ,잔디그늘집 대여료 (6인석)
2023-04-01,0,4,Spring,1,0,1,느티나무 셀프BBQ,잔디그늘집 대여료 (6인석)
2023-04-02,0,4,Spring,1,0,1,느티나무 셀프BBQ,잔디그늘집 대여료 (6인석)
2023-04-03,0,4,Spring,0,0,0,느티나무 셀프BBQ,잔디그늘집 대여료 (6인석)
2023-04-04,0,4,Spring,0,0,0,느티나무 셀프BBQ,잔디그늘집 대여료 (6인석)
2023-04-05,0,4,Spring,0,0,0,느티나무 셀프BBQ,잔디그늘집 대여료 (6인석)
2023-04-06,0,4,Spring,0,0,0,느티나무 셀프BBQ,잔디그늘집 대여료 (6인석)
2023-04-07,0,4,Spring,0,0,0,느티나무 셀프BBQ,잔디그늘집 대여료 (6인석)
2023-04-08,0,4,Spring,1,0,1,느티나무 셀프BBQ,잔디그늘집 대여료 (6인석)
2023-04-09,0,4,Spring,1,0,1,느티나무 셀프BBQ,잔디그늘집 대여료 (6인석)
2023-04-10,0,4,Spring,0,0,0,느티나무 셀프BBQ,잔디그늘집 대여료 (6인석)
2023-04-11,0,4,Spring,0,0,0,느티나무 셀프BBQ,잔디그늘집 대여료 (6인석)
2023-04-12,0,4,Spring,0,0,0,느티나무 셀프BBQ,잔디그늘집 대여료 (6인석)
2023-04-13,0,4,Spring,0,0,0,느티나무 셀프BBQ,잔디그늘집 대여료 (6인석)
2023-04-14,15,4,Spring,0,0,0,느티나무 셀프BBQ,잔디그늘집 대여료 (6인석)
2023-04-15,26,4,Spring,1,0,1,느티나무 셀프BBQ,잔디그늘집 대여료 (6인석)
2023-04-16,7,4,Spring,1,0,1,느티나무 셀프BBQ,잔디그늘집 대여료 (6인석)
2023-04-17,0,4,Spring,0,0,0,느티나무 셀프BBQ,잔디그늘집 대여료 (6인석)
2023-04-18,0,4,Spring,0,0,0,느티나무 셀프BBQ,잔디그늘집 대여료 (6인석)
2023-04-19,0,4,Spring,0,0,0,느티나무 셀프BBQ,잔디그늘집 대여료 (6인석)
2023-04-20,0,4,Spring,0,0,0,느티나무 셀프BBQ,잔디그늘집 대여료 (6인석)
2023-04-21,27,4,Spring,0,0,0,느티나무 셀프BBQ,잔디그늘집 대여료 (6인석)
2023-04-22,29,4,Spring,1,0,1,느티나무 셀프BBQ,잔디그늘집 대여료 (6인석)
2023-04-23,13,4,Spring,1,0,1,느티나무 셀프BBQ,잔디그늘집 대여료 (6인석)
2023-04-24,0,4,Spring,0,0,0,느티나무 셀프BBQ,잔디그늘집 대여료 (6인석)
2023-04-25,10,4,Spring,0,0,0,느티나무 셀프BBQ,잔디그늘집 대여료 (6인석)
2023-04-26,5,4,Spring,0,0,0,느티나무 셀프BBQ,잔디그늘집 대여료 (6인석)
2023-04-27,10,4,Spring,0,0,0,느티나무 셀프BBQ,잔디그늘집 대여료 (6인석)
2023-04-28,29,4,Spring,0,0,0,느티나무 셀프BBQ,잔디그늘집 대여료 (6인석)
2023-04-29,36,4,Spring,1,0,1,느티나무 셀프BBQ,잔디그늘집 대여료 (6인석)
2023-04-30,30,4,Spring,1,0,1,느티나무 셀프BBQ,잔디그늘집 대여료 (6인석)
2023-05-01,13,5,Spring,0,0,0,느티나무 셀프BBQ,잔디그늘집 대여료 (6인석)
2023-05-02,5,5,Spring,0,0,0,느티나무 셀프BBQ,잔디그늘집 대여료 (6인석)
2023-05-03,4,5,Spring,0,0,0,느티나무 셀프BBQ,잔디그늘집 대여료 (6인석)
2023-05-04,38,5,Spring,0,0,0,느티나무 셀프BBQ,잔디그늘집 대여료 (6인석)
2023-05-05,28,5,Spring,0,1,1,느티나무 셀프BBQ,잔디그늘집 대여료 (6인석)
2023-05-06,37,5,Spring,1,0,1,느티나무 셀프BBQ,잔디그늘집 대여료 (6인석)
2023-05-07,42,5,Spring,1,0,1,느티나무 셀프BBQ,잔디그늘집 대여료 (6인석)
2023-05-08,0,5,Spring,0,0,0,느티나무 셀프BBQ,잔디그늘집 대여료 (6인석)
2023-05-09,3,5,Spring,0,0,0,느티나무 셀프BBQ,잔디그늘집 대여료 (6인석)
2023-05-10,6,5,Spring,0,0,0,느티나무 셀프BBQ,잔디그늘집 대여료 (6인석)
2023-05-11,26,5,Spring,0,0,0,느티나무 셀프BBQ,잔디그늘집 대여료 (6인석)
2023-05-12,87,5,Spring,0,0,0,느티나무 셀프BBQ,잔디그늘집 대여료 (6인석)
2023-05-13,43,5,Spring,1,0,1,느티나무 셀프BBQ,잔디그늘집 대여료 (6인석)
2023-05-14,53,5,Spring,1,0,1,느티나무 셀프BBQ,잔디그늘집 대여료 (6인석)
2023-05-15,0,5,Spring,0,0,0,느티나무 셀프BBQ,잔디그늘집 대여료 (6인석)
2023-05-16,0,5,Spring,0,0,0,느티나무 셀프BBQ,잔디그늘집 대여료 (6인석)
2023-05-17,4,5,Spring,0,0,0,느티나무 셀프BBQ,잔디그늘집 대여료 (6인석)
2023-05-18,11,5,Spring,0,0,0,느티나무 셀프BBQ,잔디그늘집 대여료 (6인석)
2023-05-19,40,5,Spring,0,0,0,느티나무 셀프BBQ,잔디그늘집 대여료 (6인석)
2023-05-20,40,5,Spring,1,0,1,느티나무 셀프BBQ,잔디그늘집 대여료 (6인석)
2023-05-21,25,5,Spring,1,0,1,느티나무 셀프BBQ,잔디그늘집 대여료 (6인석)
2023-05-22,0,5,Spring,0,0,0,느티나무 셀프BBQ,잔디그늘집 대여료 (6인석)
2023-05-23,2,5,Spring,0,0,0,느티나무 셀프BBQ,잔디그늘집 대여료 (6인석)
2023-05-24,8,5,Spring,0,0,0,느티나무 셀프BBQ,잔디그늘집 대여료 (6인석)
2023-05-25,14,5,Spring,0,0,0,느티나무 셀프BBQ,잔디그늘집 대여료 (6인석)
2023-05-26,40,5,Spring,0,0,0,느티나무 셀프BBQ,잔디그늘집 대여료 (6인석)
2023-05-27,43,5,Spring,1,1,1,느티나무 셀프BBQ,잔디그늘집 대여료 (6인석)
2023-05-28,25,5,Spring,1,0,1,느티나무 셀프BBQ,잔디그늘집 대여료 (6인석)
2023-05-29,8,5,Spring,0,1,1,느티나무 셀프BBQ,잔디그늘집 대여료 (6인석)
2023-05-30,2,5,Spring,0,0,0,느티나무 셀프BBQ,잔디그늘집 대여료 (6인석)
2023-05-31,0,5,Spring,0,0,0,느티나무 셀프BBQ,잔디그늘집 대여료 (6인석)
2023-06-01,4,6,Summer,0,0,0,느티나무 셀프BBQ,잔디그늘집 대여료 (6인석)
2023-06-02,19,6,Summer,0,0,0,느티나무 셀프BBQ,잔디그늘집 대여료 (6인석)
2023-06-03,55,6,Summer,1,0,1,느티나무 셀프BBQ,잔디그늘집 대여료 (6인석)
2023-06-04,37,6,Summer,1,0,1,느티나무 셀프BBQ,잔디그늘집 대여료 (6인석)
2023-06-05,36,6,Summer,0,0,0,느티나무 셀프BBQ,잔디그늘집 대여료 (6인석)
2023-06-06,23,6,Summer,0,1,1,느티나무 셀프BBQ,잔디그늘집 대여료 (6인석)
2023-06-07,7,6,Summer,0,0,0,느티나무 셀프BBQ,잔디그늘집 대여료 (6인석)
2023-06-08,9,6,Summer,0,0,0,느티나무 셀프BBQ,잔디그늘집 대여료 (6인석)
2023-06-09,27,6,Summer,0,0,0,느티나무 셀프BBQ,잔디그늘집 대여료 (6인석)
2023-06-10,60,6,Summer,1,0,1,느티나무 셀프BBQ,잔디그늘집 대여료 (6인석)
2023-06-11,25,6,Summer,1,0,1,느티나무 셀프BBQ,잔디그늘집 대여료 (6인석)
2023-06-12,0,6,Summer,0,0,0,느티나무 셀프BBQ,잔디그늘집 대여료 (6인석)
2023-06-13,20,6,Summer,0,0,0,느티나무 셀프BBQ,잔디그늘집 대여료 (6인석)
2023-06-14,3,6,Summer,0,0,0,느티나무 셀프BBQ,잔디그늘집 대여료 (6인석)
2023-06-15,12,6,Summer,0,0,0,느티나무 셀프BBQ,잔디그늘집 대여료 (6인석)
2023-06-16,39,6,Summer,0,0,0,느티나무 셀프BBQ,잔디그늘집 대여료 (6인석)
2023-06-17,38,6,Summer,1,0,1,느티나무 셀프BBQ,잔디그늘집 대여료 (6인석)
2023-06-18,30,6,Summer,1,0,1,느티나무 셀프BBQ,잔디그늘집 대여료 (6인석)
2023-06-19,0,6,Summer,0,0,0,느티나무 셀프BBQ,잔디그늘집 대여료 (6인석)
2023-06-20,11,6,Summer,0,0,0,느티나무 셀프BBQ,잔디그늘집 대여료 (6인석)
2023-06-21,3,6,Summer,0,0,0,느티나무 셀프BBQ,잔디그늘집 대여료 (6인석)
2023-06-22,27,6,Summer,0,0,0,느티나무 셀프BBQ,잔디그늘집 대여료 (6인석)
2023-06-23,28,6,Summer,0,0,0,느티나무 셀프BBQ,잔디그늘집 대여료 (6인석)
2023-06-24,52,6,Summer,1,0,1,느티나무 셀프BBQ,잔디그늘집 대여료 (6인석)
2023-06-25,22,6,Summer,1,0,1,느티나무 셀프BBQ,잔디그늘집 대여료 (6인석)
2023-06-26,0,6,Summer,0,0,0,느티나무 셀프BBQ,잔디그늘집 대여료 (6인석)
2023-06-27,3,6,Summer,0,0,0,느티나무 셀프BBQ,잔디그늘집 대여료 (6인석)
2023-06-28,8,6,Summer,0,0,0,느티나무 셀프BBQ,잔디그늘집 대여료 (6인석)
2023-06-29,14,6,Summer,0,0,0,느티나무 셀프BBQ,잔디그늘집 대여료 (6인석)
2023-06-30,37,6,Summer,0,0,0,느티나무 셀프BBQ,잔디그늘집 대여료 (6인석)
2023-07-01,60,7,Summer,1,0,1,느티나무 셀프BBQ,잔디그늘집 대여료 (6인석)
2023-07-02,20,7,Summer,1,0,1,느티나무 셀프BBQ,잔디그늘집 대여료 (6인석)
2023-07-03,0,7,Summer,0,0,0,느티나무 셀프BBQ,잔디그늘집 대여료 (6인석)
2023-07-04,0,7,Summer,0,0,0,느티나무 셀프BBQ,잔디그늘집 대여료 (6인석)
2023-07-05,2,7,Summer,0,0,0,느티나무 셀프BBQ,잔디그늘집 대여료 (6인석)
2023-07-06,10,7,Summer,0,0,0,느티나무 셀프BBQ,잔디그늘집 대여료 (6인석)
2023-07-07,49,7,Summer,0,0,0,느티나무 셀프BBQ,잔디그늘집 대여료 (6인석)
2023-07-08,57,7,Summer,1,0,1,느티나무 셀프BBQ,잔디그늘집 대여료 (6인석)
2023-07-09,0,7,Summer,1,0,1,느티나무 셀프BBQ,잔디그늘집 대여료 (6인석)
2023-07-10,0,7,Summer,0,0,0,느티나무 셀프BBQ,잔디그늘집 대여료 (6인석)
2023-07-11,0,7,Summer,0,0,0,느티나무 셀프BBQ,잔디그늘집 대여료 (6인석)
2023-07-12,3,7,Summer,0,0,0,느티나무 셀프BBQ,잔디그늘집 대여료 (6인석)
2023-07-13,2,7,Summer,0,0,0,느티나무 셀프BBQ,잔디그늘집 대여료 (6인석)
2023-07-14,24,7,Summer,0,0,0,느티나무 셀프BBQ,잔디그늘집 대여료 (6인석)
2023-07-15,44,7,Summer,1,0,1,느티나무 셀프BBQ,잔디그늘집 대여료 (6인석)
2023-07-16,16,7,Summer,1,0,1,느티나무 셀프BBQ,잔디그늘집 대여료 (6인석)
2023-07-17,4,7,Summer,0,0,0,느티나무 셀프BBQ,잔디그늘집 대여료 (6인석)
2023-07-18,3,7,Summer,0,0,0,느티나무 셀프BBQ,잔디그늘집 대여료 (6인석)
2023-07-19,21,7,Summer,0,0,0,느티나무 셀프BBQ,잔디그늘집 대여료 (6인석)
2023-07-20,19,7,Summer,0,0,0,느티나무 셀프BBQ,잔디그늘집 대여료 (6인석)
2023-07-21,15,7,Summer,0,0,0,느티나무 셀프BBQ,잔디그늘집 대여료 (6인석)
2023-07-22,41,7,Summer,1,0,1,느티나무 셀프BBQ,잔디그늘집 대여료 (6인석)
2023-07-23,26,7,Summer,1,0,1,느티나무 셀프BBQ,잔디그늘집 대여료 (6인석)
2023-07-24,17,7,Summer,0,0,0,느티나무 셀프BBQ,잔디그늘집 대여료 (6인석)
2023-07-25,17,7,Summer,0,0,0,느티나무 셀프BBQ,잔디그늘집 대여료 (6인석)
2023-07-26,10,7,Summer,0,0,0,느티나무 셀프BBQ,잔디그늘집 대여료 (6인석)
2023-07-27,18,7,Summer,0,0,0,느티나무 셀프BBQ,잔디그늘집 대여료 (6인석)
2023-07-28,51,7,Summer,0,0,0,느티나무 셀프BBQ,잔디그늘집 대여료 (6인석)
2023-07-29,35,7,Summer,1,0,1,느티나무 셀프BBQ,잔디그늘집 대여료 (6인석)
2023-07-30,31,7,Summer,1,0,1,느티나무 셀프BBQ,잔디그늘집 대여료 (6인석)
2023-07-31,18,7,Summer,0,0,0,느티나무 셀프BBQ,잔디그늘집 대여료 (6인석)
2023-08-01,45,8,Summer,0,0,0,느티나무 셀프BBQ,잔디그늘집 대여료 (6인석)
2023-08-02,32,8,Summer,0,0,0,느티나무 셀프BBQ,잔디그늘집 대여료 (6인석)
2023-08-03,23,8,Summer,0,0,0,느티나무 셀프BBQ,잔디그늘집 대여료 (6인석)
2023-08-04,27,8,Summer,0,0,0,느티나무 셀프BBQ,잔디그늘집 대여료 (6인석)
2023-08-05,35,8,Summer,1,0,1,느티나무 셀프BBQ,잔디그늘집 대여료 (6인석)
2023-08-06,16,8,Summer,1,0,1,느티나무 셀프BBQ,잔디그늘집 대여료 (6인석)
2023-08-07,10,8,Summer,0,0,0,느티나무 셀프BBQ,잔디그늘집 대여료 (6인석)
2023-08-08,30,8,Summer,0,0,0,느티나무 셀프BBQ,잔디그늘집 대여료 (6인석)
2023-08-09,0,8,Summer,0,0,0,느티나무 셀프BBQ,잔디그늘집 대여료 (6인석)
2023-08-10,0,8,Summer,0,0,0,느티나무 셀프BBQ,잔디그늘집 대여료 (6인석)
2023-08-11,0,8,Summer,0,0,0,느티나무 셀프BBQ,잔디그늘집 대여료 (6인석)
2023-08-12,51,8,Summer,1,0,1,느티나무 셀프BBQ,잔디그늘집 대여료 (6인석)
2023-08-13,44,8,Summer,1,0,1,느티나무 셀프BBQ,잔디그늘집 대여료 (6인석)
2023-08-14,35,8,Summer,0,0,0,느티나무 셀프BBQ,잔디그늘집 대여료 (6인석)
2023-08-15,29,8,Summer,0,1,1,느티나무 셀프BBQ,잔디그늘집 대여료 (6인석)
2023-08-16,13,8,Summer,0,0,0,느티나무 셀프BBQ,잔디그늘집 대여료 (6인석)
2023-08-17,4,8,Summer,0,0,0,느티나무 셀프BBQ,잔디그늘집 대여료 (6인석)
2023-08-18,14,8,Summer,0,0,0,느티나무 셀프BBQ,잔디그늘집 대여료 (6인석)
2023-08-19,37,8,Summer,1,0,1,느티나무 셀프BBQ,잔디그늘집 대여료 (6인석)
2023-08-20,23,8,Summer,1,0,1,느티나무 셀프BBQ,잔디그늘집 대여료 (6인석)
2023-08-21,11,8,Summer,0,0,0,느티나무 셀프BBQ,잔디그늘집 대여료 (6인석)
2023-08-22,6,8,Summer,0,0,0,느티나무 셀프BBQ,잔디그늘집 대여료 (6인석)
2023-08-23,1,8,Summer,0,0,0,느티나무 셀프BBQ,잔디그늘집 대여료 (6인석)
2023-08-24,9,8,Summer,0,0,0,느티나무 셀프BBQ,잔디그늘집 대여료 (6인석)
2023-08-25,32,8,Summer,0,0,0,느티나무 셀프BBQ,잔디그늘집 대여료 (6인석)
2023-08-26,46,8,Summer,1,0,1,느티나무 셀프BBQ,잔디그늘집 대여료 (6인석)
2023-08-27,27,8,Summer,1,0,1,느티나무 셀프BBQ,잔디그늘집 대여료 (6인석)
2023-08-28,0,8,Summer,0,0,0,느티나무 셀프BBQ,잔디그늘집 대여료 (6인석)
2023-08-29,5,8,Summer,0,0,0,느티나무 셀프BBQ,잔디그늘집 대여료 (6인석)
2023-08-30,5,8,Summer,0,0,0,느티나무 셀프BBQ,잔디그늘집 대여료 (6인석)
2023-08-31,14,8,Summer,0,0,0,느티나무 셀프BBQ,잔디그늘집 대여료 (6인석)
2023-09-01,28,9,Autumn,0,0,0,느티나무 셀프BBQ,잔디그늘집 대여료 (6인석)
2023-09-02,40,9,Autumn,1,0,1,느티나무 셀프BBQ,잔디그늘집 대여료 (6인석)
2023-09-03,18,9,Autumn,1,0,1,느티나무 셀프BBQ,잔디그늘집 대여료 (6인석)
2023-09-04,0,9,Autumn,0,0,0,느티나무 셀프BBQ,잔디그늘집 대여료 (6인석)
2023-09-05,11,9,Autumn,0,0,0,느티나무 셀프BBQ,잔디그늘집 대여료 (6인석)
2023-09-06,4,9,Autumn,0,0,0,느티나무 셀프BBQ,잔디그늘집 대여료 (6인석)
2023-09-07,3,9,Autumn,0,0,0,느티나무 셀프BBQ,잔디그늘집 대여료 (6인석)
2023-09-08,26,9,Autumn,0,0,0,느티나무 셀프BBQ,잔디그늘집 대여료 (6인석)
2023-09-09,45,9,Autumn,1,0,1,느티나무 셀프BBQ,잔디그늘집 대여료 (6인석)
2023-09-10,18,9,Autumn,1,0,1,느티나무 셀프BBQ,잔디그늘집 대여료 (6인석)
2023-09-11,0,9,Autumn,0,0,0,느티나무 셀프BBQ,잔디그늘집 대여료 (6인석)
2023-09-12,2,9,Autumn,0,0,0,느티나무 셀프BBQ,잔디그늘집 대여료 (6인석)
2023-09-13,3,9,Autumn,0,0,0,느티나무 셀프BBQ,잔디그늘집 대여료 (6인석)
2023-09-14,15,9,Autumn,0,0,0,느티나무 셀프BBQ,잔디그늘집 대여료 (6인석)
2023-09-15,25,9,Autumn,0,0,0,느티나무 셀프BBQ,잔디그늘집 대여료 (6인석)
2023-09-16,46,9,Autumn,1,0,1,느티나무 셀프BBQ,잔디그늘집 대여료 (6인석)
2023-09-17,19,9,Autumn,1,0,1,느티나무 셀프BBQ,잔디그늘집 대여료 (6인석)
2023-09-18,0,9,Autumn,0,0,0,느티나무 셀프BBQ,잔디그늘집 대여료 (6인석)
2023-09-19,5,9,Autumn,0,0,0,느티나무 셀프BBQ,잔디그늘집 대여료 (6인석)
2023-09-20,3,9,Autumn,0,0,0,느티나무 셀프BBQ,잔디그늘집 대여료 (6인석)
2023-09-21,14,9,Autumn,0,0,0,느티나무 셀프BBQ,잔디그늘집 대여료 (6인석)
2023-09-22,8,9,Autumn,0,0,0,느티나무 셀프BBQ,잔디그늘집 대여료 (6인석)
2023-09-23,61,9,Autumn,1,0,1,느티나무 셀프BBQ,잔디그늘집 대여료 (6인석)
2023-09-24,9,9,Autumn,1,0,1,느티나무 셀프BBQ,잔디그늘집 대여료 (6인석)
2023-09-25,0,9,Autumn,0,0,0,느티나무 셀프BBQ,잔디그늘집 대여료 (6인석)
2023-09-26,1,9,Autumn,0,0,0,느티나무 셀프BBQ,잔디그늘집 대여료 (6인석)
2023-09-27,40,9,Autumn,0,0,0,느티나무 셀프BBQ,잔디그늘집 대여료 (6인석)
2023-09-28,38,9,Autumn,0,1,1,느티나무 셀프BBQ,잔디그늘집 대여료 (6인석)
2023-09-29,46,9,Autumn,0,1,1,느티나무 셀프BBQ,잔디그늘집 대여료 (6인석)
2023-09-30,39,9,Autumn,1,1,1,느티나무 셀프BBQ,잔디그늘집 대여료 (6인석)
2023-10-01,44,10,Autumn,1,0,1,느티나무 셀프BBQ,잔디그늘집 대여료 (6인석)
2023-10-02,46,10,Autumn,0,1,1,느티나무 셀프BBQ,잔디그늘집 대여료 (6인석)
2023-10-03,14,10,Autumn,0,1,1,느티나무 셀프BBQ,잔디그늘집 대여료 (6인석)
2023-10-04,5,10,Autumn,0,0,0,느티나무 셀프BBQ,잔디그늘집 대여료 (6인석)
2023-10-05,2,10,Autumn,0,0,0,느티나무 셀프BBQ,잔디그늘집 대여료 (6인석)
2023-10-06,27,10,Autumn,0,0,0,느티나무 셀프BBQ,잔디그늘집 대여료 (6인석)
2023-10-07,43,10,Autumn,1,0,1,느티나무 셀프BBQ,잔디그늘집 대여료 (6인석)
2023-10-08,66,10,Autumn,1,0,1,느티나무 셀프BBQ,잔디그늘집 대여료 (6인석)
2023-10-09,11,10,Autumn,0,1,1,느티나무 셀프BBQ,잔디그늘집 대여료 (6인석)
2023-10-10,6,10,Autumn,0,0,0,느티나무 셀프BBQ,잔디그늘집 대여료 (6인석)
2023-10-11,15,10,Autumn,0,0,0,느티나무 셀프BBQ,잔디그늘집 대여료 (6인석)
2023-10-12,20,10,Autumn,0,0,0,느티나무 셀프BBQ,잔디그늘집 대여료 (6인석)
2023-10-13,42,10,Autumn,0,0,0,느티나무 셀프BBQ,잔디그늘집 대여료 (6인석)
2023-10-14,42,10,Autumn,1,0,1,느티나무 셀프BBQ,잔디그늘집 대여료 (6인석)
2023-10-15,34,10,Autumn,1,0,1,느티나무 셀프BBQ,잔디그늘집 대여료 (6인석)
2023-10-16,0,10,Autumn,0,0,0,느티나무 셀프BBQ,잔디그늘집 대여료 (6인석)
2023-10-17,9,10,Autumn,0,0,0,느티나무 셀프BBQ,잔디그늘집 대여료 (6인석)
2023-10-18,7,10,Autumn,0,0,0,느티나무 셀프BBQ,잔디그늘집 대여료 (6인석)
2023-10-19,25,10,Autumn,0,0,0,느티나무 셀프BBQ,잔디그늘집 대여료 (6인석)
2023-10-20,50,10,Autumn,0,0,0,느티나무 셀프BBQ,잔디그늘집 대여료 (6인석)
2023-10-21,53,10,Autumn,1,0,1,느티나무 셀프BBQ,잔디그늘집 대여료 (6인석)
2023-10-22,33,10,Autumn,1,0,1,느티나무 셀프BBQ,잔디그늘집 대여료 (6인석)
2023-10-23,0,10,Autumn,0,0,0,느티나무 셀프BBQ,잔디그늘집 대여료 (6인석)
2023-10-24,12,10,Autumn,0,0,0,느티나무 셀프BBQ,잔디그늘집 대여료 (6인석)
2023-10-25,23,10,Autumn,0,0,0,느티나무 셀프BBQ,잔디그늘집 대여료 (6인석)
2023-10-26,26,10,Autumn,0,0,0,느티나무 셀프BBQ,잔디그늘집 대여료 (6인석)
2023-10-27,29,10,Autumn,0,0,0,느티나무 셀프BBQ,잔디그늘집 대여료 (6인석)
2023-10-28,33,10,Autumn,1,0,1,느티나무 셀프BBQ,잔디그늘집 대여료 (6인석)
2023-10-29,29,10,Autumn,1,0,1,느티나무 셀프BBQ,잔디그늘집 대여료 (6인석)
2023-10-30,0,10,Autumn,0,0,0,느티나무 셀프BBQ,잔디그늘집 대여료 (6인석)
2023-10-31,0,10,Autumn,0,0,0,느티나무 셀프BBQ,잔디그늘집 대여료 (6인석)
2023-11-01,0,11,Autumn,0,0,0,느티나무 셀프BBQ,잔디그늘집 대여료 (6인석)
2023-11-02,0,11,Autumn,0,0,0,느티나무 셀프BBQ,잔디그늘집 대여료 (6인석)
2023-11-03,0,11,Autumn,0,0,0,느티나무 셀프BBQ,잔디그늘집 대여료 (6인석)
2023-11-04,0,11,Autumn,1,0,1,느티나무 셀프BBQ,잔디그늘집 대여료 (6인석)
2023-11-05,0,11,Autumn,1,0,1,느티나무 셀프BBQ,잔디그늘집 대여료 (6인석)
2023-11-06,0,11,Autumn,0,0,0,느티나무 셀프BBQ,잔디그늘집 대여료 (6인석)
2023-11-07,0,11,Autumn,0,0,0,느티나무 셀프BBQ,잔디그늘집 대여료 (6인석)
2023-11-08,0,11,Autumn,0,0,0,느티나무 셀프BBQ,잔디그늘집 대여료 (6인석)
2023-11-09,0,11,Autumn,0,0,0,느티나무 셀프BBQ,잔디그늘집 대여료 (6인석)
2023-11-10,0,11,Autumn,0,0,0,느티나무 셀프BBQ,잔디그늘집 대여료 (6인석)
2023-11-11,0,11,Autumn,1,0,1,느티나무 셀프BBQ,잔디그늘집 대여료 (6인석)
2023-11-12,0,11,Autumn,1,0,1,느티나무 셀프BBQ,잔디그늘집 대여료 (6인석)
2023-11-13,0,11,Autumn,0,0,0,느티나무 셀프BBQ,잔디그늘집 대여료 (6인석)
2023-11-14,2,11,Autumn,0,0,0,느티나무 셀프BBQ,잔디그늘집 대여료 (6인석)
2023-11-15,0,11,Autumn,0,0,0,느티나무 셀프BBQ,잔디그늘집 대여료 (6인석)
2023-11-16,0,11,Autumn,0,0,0,느티나무 셀프BBQ,잔디그늘집 대여료 (6인석)
2023-11-17,0,11,Autumn,0,0,0,느티나무 셀프BBQ,잔디그늘집 대여료 (6인석)
2023-11-18,0,11,Autumn,1,0,1,느티나무 셀프BBQ,잔디그늘집 대여료 (6인석)
2023-11-19,0,11,Autumn,1,0,1,느티나무 셀프BBQ,잔디그늘집 대여료 (6인석)
2023-11-20,0,11,Autumn,0,0,0,느티나무 셀프BBQ,잔디그늘집 대여료 (6인석)
2023-11-21,0,11,Autumn,0,0,0,느티나무 셀프BBQ,잔디그늘집 대여료 (6인석)
2023-11-22,0,11,Autumn,0,0,0,느티나무 셀프BBQ,잔디그늘집 대여료 (6인석)
2023-11-23,0,11,Autumn,0,0,0,느티나무 셀프BBQ,잔디그늘집 대여료 (6인석)
2023-11-24,0,11,Autumn,0,0,0,느티나무 셀프BBQ,잔디그늘집 대여료 (6인석)
2023-11-25,0,11,Autumn,1,0,1,느티나무 셀프BBQ,잔디그늘집 대여료 (6인석)
2023-11-26,0,11,Autumn,1,0,1,느티나무 셀프BBQ,잔디그늘집 대여료 (6인석)
2023-11-27,0,11,Autumn,0,0,0,느티나무 셀프BBQ,잔디그늘집 대여료 (6인석)
2023-11-28,0,11,Autumn,0,0,0,느티나무 셀프BBQ,잔디그늘집 대여료 (6인석)
2023-11-29,0,11,Autumn,0,0,0,느티나무 셀프BBQ,잔디그늘집 대여료 (6인석)
2023-11-30,0,11,Autumn,0,0,0,느티나무 셀프BBQ,잔디그늘집 대여료 (6인석)
2023-12-01,0,12,Winter,0,0,0,느티나무 셀프BBQ,잔디그늘집 대여료 (6인석)
2023-12-02,0,12,Winter,1,0,1,느티나무 셀프BBQ,잔디그늘집 대여료 (6인석)
2023-12-03,0,12,Winter,1,0,1,느티나무 셀프BBQ,잔디그늘집 대여료 (6인석)
2023-12-04,0,12,Winter,0,0,0,느티나무 셀프BBQ,잔디그늘집 대여료 (6인석)
2023-12-05,0,12,Winter,0,0,0,느티나무 셀프BBQ,잔디그늘집 대여료 (6인석)
2023-12-06,0,12,Winter,0,0,0,느티나무 셀프BBQ,잔디그늘집 대여료 (6인석)
2023-12-07,0,12,Winter,0,0,0,느티나무 셀프BBQ,잔디그늘집 대여료 (6인석)
2023-12-08,0,12,Winter,0,0,0,느티나무 셀프BBQ,잔디그늘집 대여료 (6인석)
2023-12-09,0,12,Winter,1,0,1,느티나무 셀프BBQ,잔디그늘집 대여료 (6인석)
2023-12-10,0,12,Winter,1,0,1,느티나무 셀프BBQ,잔디그늘집 대여료 (6인석)
2023-12-11,0,12,Winter,0,0,0,느티나무 셀프BBQ,잔디그늘집 대여료 (6인석)
2023-12-12,0,12,Winter,0,0,0,느티나무 셀프BBQ,잔디그늘집 대여료 (6인석)
2023-12-13,0,12,Winter,0,0,0,느티나무 셀프BBQ,잔디그늘집 대여료 (6인석)
2023-12-14,0,12,Winter,0,0,0,느티나무 셀프BBQ,잔디그늘집 대여료 (6인석)
2023-12-15,0,12,Winter,0,0,0,느티나무 셀프BBQ,잔디그늘집 대여료 (6인석)
2023-12-16,0,12,Winter,1,0,1,느티나무 셀프BBQ,잔디그늘집 대여료 (6인석)
2023-12-17,0,12,Winter,1,0,1,느티나무 셀프BBQ,잔디그늘집 대여료 (6인석)
2023-12-18,0,12,Winter,0,0,0,느티나무 셀프BBQ,잔디그늘집 대여료 (6인석)
2023-12-19,0,12,Winter,0,0,0,느티나무 셀프BBQ,잔디그늘집 대여료 (6인석)
2023-12-20,0,12,Winter,0,0,0,느티나무 셀프BBQ,잔디그늘집 대여료 (6인석)
2023-12-21,0,12,Winter,0,0,0,느티나무 셀프BBQ,잔디그늘집 대여료 (6인석)
2023-12-22,0,12,Winter,0,0,0,느티나무 셀프BBQ,잔디그늘집 대여료 (6인석)
2023-12-23,0,12,Winter,1,0,1,느티나무 셀프BBQ,잔디그늘집 대여료 (6인석)
2023-12-24,0,12,Winter,1,0,1,느티나무 셀프BBQ,잔디그늘집 대여료 (6인석)
2023-12-25,0,12,Winter,0,1,1,느티나무 셀프BBQ,잔디그늘집 대여료 (6인석)
2023-12-26,0,12,Winter,0,0,0,느티나무 셀프BBQ,잔디그늘집 대여료 (6인석)
2023-12-27,0,12,Winter,0,0,0,느티나무 셀프BBQ,잔디그늘집 대여료 (6인석)
2023-12-28,0,12,Winter,0,0,0,느티나무 셀프BBQ,잔디그늘집 대여료 (6인석)
2023-12-29,0,12,Winter,0,0,0,느티나무 셀프BBQ,잔디그늘집 대여료 (6인석)
2023-12-30,0,12,Winter,1,0,1,느티나무 셀프BBQ,잔디그늘집 대여료 (6인석)
2023-12-31,0,12,Winter,1,0,1,느티나무 셀프BBQ,잔디그늘집 대여료 (6인석)
2024-01-01,0,1,Winter,0,1,1,느티나무 셀프BBQ,잔디그늘집 대여료 (6인석)
2024-01-02,0,1,Winter,0,0,0,느티나무 셀프BBQ,잔디그늘집 대여료 (6인석)
2024-01-03,0,1,Winter,0,0,0,느티나무 셀프BBQ,잔디그늘집 대여료 (6인석)
2024-01-04,0,1,Winter,0,0,0,느티나무 셀프BBQ,잔디그늘집 대여료 (6인석)
2024-01-05,0,1,Winter,0,0,0,느티나무 셀프BBQ,잔디그늘집 대여료 (6인석)
2024-01-06,0,1,Winter,1,0,1,느티나무 셀프BBQ,잔디그늘집 대여료 (6인석)
2024-01-07,0,1,Winter,1,0,1,느티나무 셀프BBQ,잔디그늘집 대여료 (6인석)
2024-01-08,0,1,Winter,0,0,0,느티나무 셀프BBQ,잔디그늘집 대여료 (6인석)
2024-01-09,0,1,Winter,0,0,0,느티나무 셀프BBQ,잔디그늘집 대여료 (6인석)
2024-01-10,0,1,Winter,0,0,0,느티나무 셀프BBQ,잔디그늘집 대여료 (6인석)
2024-01-11,0,1,Winter,0,0,0,느티나무 셀프BBQ,잔디그늘집 대여료 (6인석)
2024-01-12,0,1,Winter,0,0,0,느티나무 셀프BBQ,잔디그늘집 대여료 (6인석)
2024-01-13,0,1,Winter,1,0,1,느티나무 셀프BBQ,잔디그늘집 대여료 (6인석)
2024-01-14,0,1,Winter,1,0,1,느티나무 셀프BBQ,잔디그늘집 대여료 (6인석)
2024-01-15,0,1,Winter,0,0,0,느티나무 셀프BBQ,잔디그늘집 대여료 (6인석)
2024-01-16,0,1,Winter,0,0,0,느티나무 셀프BBQ,잔디그늘집 대여료 (6인석)
2024-01-17,0,1,Winter,0,0,0,느티나무 셀프BBQ,잔디그늘집 대여료 (6인석)
2024-01-18,0,1,Winter,0,0,0,느티나무 셀프BBQ,잔디그늘집 대여료 (6인석)
2024-01-19,0,1,Winter,0,0,0,느티나무 셀프BBQ,잔디그늘집 대여료 (6인석)
2024-01-20,0,1,Winter,1,0,1,느티나무 셀프BBQ,잔디그늘집 대여료 (6인석)
2024-01-21,0,1,Winter,1,0,1,느티나무 셀프BBQ,잔디그늘집 대여료 (6인석)
2024-01-22,0,1,Winter,0,0,0,느티나무 셀프BBQ,잔디그늘집 대여료 (6인석)
2024-01-23,0,1,Winter,0,0,0,느티나무 셀프BBQ,잔디그늘집 대여료 (6인석)
2024-01-24,0,1,Winter,0,0,0,느티나무 셀프BBQ,잔디그늘집 대여료 (6인석)
2024-01-25,0,1,Winter,0,0,0,느티나무 셀프BBQ,잔디그늘집 대여료 (6인석)
2024-01-26,0,1,Winter,0,0,0,느티나무 셀프BBQ,잔디그늘집 대여료 (6인석)
2024-01-27,0,1,Winter,1,0,1,느티나무 셀프BBQ,잔디그늘집 대여료 (6인석)
2024-01-28,0,1,Winter,1,0,1,느티나무 셀프BBQ,잔디그늘집 대여료 (6인석)
2024-01-29,0,1,Winter,0,0,0,느티나무 셀프BBQ,잔디그늘집 대여료 (6인석)
2024-01-30,0,1,Winter,0,0,0,느티나무 셀프BBQ,잔디그늘집 대여료 (6인석)
2024-01-31,0,1,Winter,0,0,0,느티나무 셀프BBQ,잔디그늘집 대여료 (6인석)
2024-02-01,0,2,Winter,0,0,0,느티나무 셀프BBQ,잔디그늘집 대여료 (6인석)
2024-02-02,0,2,Winter,0,0,0,느티나무 셀프BBQ,잔디그늘집 대여료 (6인석)
2024-02-03,0,2,Winter,1,0,1,느티나무 셀프BBQ,잔디그늘집 대여료 (6인석)
2024-02-04,0,2,Winter,1,0,1,느티나무 셀프BBQ,잔디그늘집 대여료 (6인석)
2024-02-05,0,2,Winter,0,0,0,느티나무 셀프BBQ,잔디그늘집 대여료 (6인석)
2024-02-06,0,2,Winter,0,0,0,느티나무 셀프BBQ,잔디그늘집 대여료 (6인석)
2024-02-07,0,2,Winter,0,0,0,느티나무 셀프BBQ,잔디그늘집 대여료 (6인석)
2024-02-08,0,2,Winter,0,0,0,느티나무 셀프BBQ,잔디그늘집 대여료 (6인석)
2024-02-09,0,2,Winter,0,1,1,느티나무 셀프BBQ,잔디그늘집 대여료 (6인석)
2024-02-10,0,2,Winter,1,1,1,느티나무 셀프BBQ,잔디그늘집 대여료 (6인석)
2024-02-11,0,2,Winter,1,1,1,느티나무 셀프BBQ,잔디그늘집 대여료 (6인석)
2024-02-12,0,2,Winter,0,1,1,느티나무 셀프BBQ,잔디그늘집 대여료 (6인석)
2024-02-13,0,2,Winter,0,0,0,느티나무 셀프BBQ,잔디그늘집 대여료 (6인석)
2024-02-14,0,2,Winter,0,0,0,느티나무 셀프BBQ,잔디그늘집 대여료 (6인석)
2024-02-15,0,2,Winter,0,0,0,느티나무 셀프BBQ,잔디그늘집 대여료 (6인석)
2024-02-16,0,2,Winter,0,0,0,느티나무 셀프BBQ,잔디그늘집 대여료 (6인석)
2024-02-17,0,2,Winter,1,0,1,느티나무 셀프BBQ,잔디그늘집 대여료 (6인석)
2024-02-18,0,2,Winter,1,0,1,느티나무 셀프BBQ,잔디그늘집 대여료 (6인석)
2024-02-19,0,2,Winter,0,0,0,느티나무 셀프BBQ,잔디그늘집 대여료 (6인석)
2024-02-20,0,2,Winter,0,0,0,느티나무 셀프BBQ,잔디그늘집 대여료 (6인석)
2024-02-21,0,2,Winter,0,0,0,느티나무 셀프BBQ,잔디그늘집 대여료 (6인석)
2024-02-22,0,2,Winter,0,0,0,느티나무 셀프BBQ,잔디그늘집 대여료 (6인석)
2024-02-23,0,2,Winter,0,0,0,느티나무 셀프BBQ,잔디그늘집 대여료 (6인석)
2024-02-24,0,2,Winter,1,0,1,느티나무 셀프BBQ,잔디그늘집 대여료 (6인석)
2024-02-25,0,2,Winter,1,0,1,느티나무 셀프BBQ,잔디그늘집 대여료 (6인석)
2024-02-26,0,2,Winter,0,0,0,느티나무 셀프BBQ,잔디그늘집 대여료 (6인석)
2024-02-27,0,2,Winter,0,0,0,느티나무 셀프BBQ,잔디그늘집 대여료 (6인석)
2024-02-28,0,2,Winter,0,0,0,느티나무 셀프BBQ,잔디그늘집 대여료 (6인석)
2024-02-29,0,2,Winter,0,0,0,느티나무 셀프BBQ,잔디그늘집 대여료 (6인석)
2024-03-01,0,3,Spring,0,1,1,느티나무 셀프BBQ,잔디그늘집 대여료 (6인석)
2024-03-02,0,3,Spring,1,0,1,느티나무 셀프BBQ,잔디그늘집 대여료 (6인석)
2024-03-03,0,3,Spring,1,0,1,느티나무 셀프BBQ,잔디그늘집 대여료 (6인석)
2024-03-04,0,3,Spring,0,0,0,느티나무 셀프BBQ,잔디그늘집 대여료 (6인석)
2024-03-05,0,3,Spring,0,0,0,느티나무 셀프BBQ,잔디그늘집 대여료 (6인석)
2024-03-06,0,3,Spring,0,0,0,느티나무 셀프BBQ,잔디그늘집 대여료 (6인석)
2024-03-07,0,3,Spring,0,0,0,느티나무 셀프BBQ,잔디그늘집 대여료 (6인석)
2024-03-08,0,3,Spring,0,0,0,느티나무 셀프BBQ,잔디그늘집 대여료 (6인석)
2024-03-09,0,3,Spring,1,0,1,느티나무 셀프BBQ,잔디그늘집 대여료 (6인석)
2024-03-10,0,3,Spring,1,0,1,느티나무 셀프BBQ,잔디그늘집 대여료 (6인석)
2024-03-11,0,3,Spring,0,0,0,느티나무 셀프BBQ,잔디그늘집 대여료 (6인석)
2024-03-12,0,3,Spring,0,0,0,느티나무 셀프BBQ,잔디그늘집 대여료 (6인석)
2024-03-13,0,3,Spring,0,0,0,느티나무 셀프BBQ,잔디그늘집 대여료 (6인석)
2024-03-14,0,3,Spring,0,0,0,느티나무 셀프BBQ,잔디그늘집 대여료 (6인석)
2024-03-15,0,3,Spring,0,0,0,느티나무 셀프BBQ,잔디그늘집 대여료 (6인석)
2024-03-16,0,3,Spring,1,0,1,느티나무 셀프BBQ,잔디그늘집 대여료 (6인석)
2024-03-17,0,3,Spring,1,0,1,느티나무 셀프BBQ,잔디그늘집 대여료 (6인석)
2024-03-18,0,3,Spring,0,0,0,느티나무 셀프BBQ,잔디그늘집 대여료 (6인석)
2024-03-19,0,3,Spring,0,0,0,느티나무 셀프BBQ,잔디그늘집 대여료 (6인석)
2024-03-20,0,3,Spring,0,0,0,느티나무 셀프BBQ,잔디그늘집 대여료 (6인석)
2024-03-21,0,3,Spring,0,0,0,느티나무 셀프BBQ,잔디그늘집 대여료 (6인석)
2024-03-22,0,3,Spring,0,0,0,느티나무 셀프BBQ,잔디그늘집 대여료 (6인석)
2024-03-23,0,3,Spring,1,0,1,느티나무 셀프BBQ,잔디그늘집 대여료 (6인석)
2024-03-24,0,3,Spring,1,0,1,느티나무 셀프BBQ,잔디그늘집 대여료 (6인석)
2024-03-25,0,3,Spring,0,0,0,느티나무 셀프BBQ,잔디그늘집 대여료 (6인석)
2024-03-26,0,3,Spring,0,0,0,느티나무 셀프BBQ,잔디그늘집 대여료 (6인석)
2024-03-27,0,3,Spring,0,0,0,느티나무 셀프BBQ,잔디그늘집 대여료 (6인석)
2024-03-28,0,3,Spring,0,0,0,느티나무 셀프BBQ,잔디그늘집 대여료 (6인석)
2024-03-29,0,3,Spring,0,0,0,느티나무 셀프BBQ,잔디그늘집 대여료 (6인석)
2024-03-30,0,3,Spring,1,0,1,느티나무 셀프BBQ,잔디그늘집 대여료 (6인석)
2024-03-31,0,3,Spring,1,0,1,느티나무 셀프BBQ,잔디그늘집 대여료 (6인석)
2024-04-01,0,4,Spring,0,0,0,느티나무 셀프BBQ,잔디그늘집 대여료 (6인석)
2024-04-02,0,4,Spring,0,0,0,느티나무 셀프BBQ,잔디그늘집 대여료 (6인석)
2024-04-03,0,4,Spring,0,0,0,느티나무 셀프BBQ,잔디그늘집 대여료 (6인석)
2024-04-04,0,4,Spring,0,0,0,느티나무 셀프BBQ,잔디그늘집 대여료 (6인석)
2024-04-05,0,4,Spring,0,0,0,느티나무 셀프BBQ,잔디그늘집 대여료 (6인석)
2024-04-06,0,4,Spring,1,0,1,느티나무 셀프BBQ,잔디그늘집 대여료 (6인석)
2024-04-07,0,4,Spring,1,0,1,느티나무 셀프BBQ,잔디그늘집 대여료 (6인석)
2024-04-08,0,4,Spring,0,0,0,느티나무 셀프BBQ,잔디그늘집 대여료 (6인석)
2024-04-09,0,4,Spring,0,0,0,느티나무 셀프BBQ,잔디그늘집 대여료 (6인석)
2024-04-10,0,4,Spring,0,1,1,느티나무 셀프BBQ,잔디그늘집 대여료 (6인석)
2024-04-11,0,4,Spring,0,0,0,느티나무 셀프BBQ,잔디그늘집 대여료 (6인석)
2024-04-12,0,4,Spring,0,0,0,느티나무 셀프BBQ,잔디그늘집 대여료 (6인석)
2024-04-13,0,4,Spring,1,0,1,느티나무 셀프BBQ,잔디그늘집 대여료 (6인석)
2024-04-14,0,4,Spring,1,0,1,느티나무 셀프BBQ,잔디그늘집 대여료 (6인석)
2024-04-15,0,4,Spring,0,0,0,느티나무 셀프BBQ,잔디그늘집 대여료 (6인석)
2024-04-16,0,4,Spring,0,0,0,느티나무 셀프BBQ,잔디그늘집 대여료 (6인석)
2024-04-17,0,4,Spring,0,0,0,느티나무 셀프BBQ,잔디그늘집 대여료 (6인석)
2024-04-18,0,4,Spring,0,0,0,느티나무 셀프BBQ,잔디그늘집 대여료 (6인석)
2024-04-19,34,4,Spring,0,0,0,느티나무 셀프BBQ,잔디그늘집 대여료 (6인석)
2024-04-20,37,4,Spring,1,0,1,느티나무 셀프BBQ,잔디그늘집 대여료 (6인석)
2024-04-21,15,4,Spring,1,0,1,느티나무 셀프BBQ,잔디그늘집 대여료 (6인석)
2024-04-22,0,4,Spring,0,0,0,느티나무 셀프BBQ,잔디그늘집 대여료 (6인석)
2024-04-23,8,4,Spring,0,0,0,느티나무 셀프BBQ,잔디그늘집 대여료 (6인석)
2024-04-24,6,4,Spring,0,0,0,느티나무 셀프BBQ,잔디그늘집 대여료 (6인석)
2024-04-25,27,4,Spring,0,0,0,느티나무 셀프BBQ,잔디그늘집 대여료 (6인석)
2024-04-26,2,4,Spring,0,0,0,느티나무 셀프BBQ,잔디그늘집 대여료 (6인석)
2024-04-27,44,4,Spring,1,0,1,느티나무 셀프BBQ,잔디그늘집 대여료 (6인석)
2024-04-28,21,4,Spring,1,0,1,느티나무 셀프BBQ,잔디그늘집 대여료 (6인석)
2024-04-29,0,4,Spring,0,0,0,느티나무 셀프BBQ,잔디그늘집 대여료 (6인석)
2024-04-30,22,4,Spring,0,0,0,느티나무 셀프BBQ,잔디그늘집 대여료 (6인석)
2024-05-01,23,5,Spring,0,0,0,느티나무 셀프BBQ,잔디그늘집 대여료 (6인석)
2024-05-02,6,5,Spring,0,0,0,느티나무 셀프BBQ,잔디그늘집 대여료 (6인석)
2024-05-03,29,5,Spring,0,0,0,느티나무 셀프BBQ,잔디그늘집 대여료 (6인석)
2024-05-04,44,5,Spring,1,0,1,느티나무 셀프BBQ,잔디그늘집 대여료 (6인석)
2024-05-05,43,5,Spring,1,1,1,느티나무 셀프BBQ,잔디그늘집 대여료 (6인석)
2024-05-06,5,5,Spring,0,1,1,느티나무 셀프BBQ,잔디그늘집 대여료 (6인석)
2024-05-07,4,5,Spring,0,0,0,느티나무 셀프BBQ,잔디그늘집 대여료 (6인석)
2024-05-08,6,5,Spring,0,0,0,느티나무 셀프BBQ,잔디그늘집 대여료 (6인석)
2024-05-09,12,5,Spring,0,0,0,느티나무 셀프BBQ,잔디그늘집 대여료 (6인석)
2024-05-10,21,5,Spring,0,0,0,느티나무 셀프BBQ,잔디그늘집 대여료 (6인석)
2024-05-11,28,5,Spring,1,0,1,느티나무 셀프BBQ,잔디그늘집 대여료 (6인석)
2024-05-12,17,5,Spring,1,0,1,느티나무 셀프BBQ,잔디그늘집 대여료 (6인석)
2024-05-13,0,5,Spring,0,0,0,느티나무 셀프BBQ,잔디그늘집 대여료 (6인석)
2024-05-14,21,5,Spring,0,0,0,느티나무 셀프BBQ,잔디그늘집 대여료 (6인석)
2024-05-15,6,5,Spring,0,1,1,느티나무 셀프BBQ,잔디그늘집 대여료 (6인석)
2024-05-16,4,5,Spring,0,0,0,느티나무 셀프BBQ,잔디그늘집 대여료 (6인석)
2024-05-17,36,5,Spring,0,0,0,느티나무 셀프BBQ,잔디그늘집 대여료 (6인석)
2024-05-18,27,5,Spring,1,0,1,느티나무 셀프BBQ,잔디그늘집 대여료 (6인석)
2024-05-19,17,5,Spring,1,0,1,느티나무 셀프BBQ,잔디그늘집 대여료 (6인석)
2024-05-20,0,5,Spring,0,0,0,느티나무 셀프BBQ,잔디그늘집 대여료 (6인석)
2024-05-21,2,5,Spring,0,0,0,느티나무 셀프BBQ,잔디그늘집 대여료 (6인석)
2024-05-22,5,5,Spring,0,0,0,느티나무 셀프BBQ,잔디그늘집 대여료 (6인석)
2024-05-23,11,5,Spring,0,0,0,느티나무 셀프BBQ,잔디그늘집 대여료 (6인석)
2024-05-24,40,5,Spring,0,0,0,느티나무 셀프BBQ,잔디그늘집 대여료 (6인석)
2024-05-25,38,5,Spring,1,0,1,느티나무 셀프BBQ,잔디그늘집 대여료 (6인석)
2024-05-26,10,5,Spring,1,0,1,느티나무 셀프BBQ,잔디그늘집 대여료 (6인석)
2024-05-27,0,5,Spring,0,0,0,느티나무 셀프BBQ,잔디그늘집 대여료 (6인석)
2024-05-28,5,5,Spring,0,0,0,느티나무 셀프BBQ,잔디그늘집 대여료 (6인석)
2024-05-29,1,5,Spring,0,0,0,느티나무 셀프BBQ,잔디그늘집 대여료 (6인석)
2024-05-30,6,5,Spring,0,0,0,느티나무 셀프BBQ,잔디그늘집 대여료 (6인석)
2024-05-31,44,5,Spring,0,0,0,느티나무 셀프BBQ,잔디그늘집 대여료 (6인석)
2024-06-01,39,6,Summer,1,0,1,느티나무 셀프BBQ,잔디그늘집 대여료 (6인석)
2024-06-02,13,6,Summer,1,0,1,느티나무 셀프BBQ,잔디그늘집 대여료 (6인석)
2024-06-03,0,6,Summer,0,0,0,느티나무 셀프BBQ,잔디그늘집 대여료 (6인석)
2024-06-04,2,6,Summer,0,0,0,느티나무 셀프BBQ,잔디그늘집 대여료 (6인석)
2024-06-05,24,6,Summer,0,0,0,느티나무 셀프BBQ,잔디그늘집 대여료 (6인석)
2024-06-06,24,6,Summer,0,1,1,느티나무 셀프BBQ,잔디그늘집 대여료 (6인석)
2024-06-07,42,6,Summer,0,0,0,느티나무 셀프BBQ,잔디그늘집 대여료 (6인석)
2024-06-08,43,6,Summer,1,0,1,느티나무 셀프BBQ,잔디그늘집 대여료 (6인석)
2024-06-09,12,6,Summer,1,0,1,느티나무 셀프BBQ,잔디그늘집 대여료 (6인석)
2024-06-10,0,6,Summer,0,0,0,느티나무 셀프BBQ,잔디그늘집 대여료 (6인석)
2024-06-11,3,6,Summer,0,0,0,느티나무 셀프BBQ,잔디그늘집 대여료 (6인석)
2024-06-12,2,6,Summer,0,0,0,느티나무 셀프BBQ,잔디그늘집 대여료 (6인석)
2024-06-13,20,6,Summer,0,0,0,느티나무 셀프BBQ,잔디그늘집 대여료 (6인석)
2024-06-14,32,6,Summer,0,0,0,느티나무 셀프BBQ,잔디그늘집 대여료 (6인석)
2024-06-15,39,6,Summer,1,0,1,느티나무 셀프BBQ,잔디그늘집 대여료 (6인석)
2023-01-01,0,1,Winter,1,1,1,느티나무 셀프BBQ,잔디그늘집 의자 추가
2023-01-02,0,1,Winter,0,0,0,느티나무 셀프BBQ,잔디그늘집 의자 추가
2023-01-03,0,1,Winter,0,0,0,느티나무 셀프BBQ,잔디그늘집 의자 추가
2023-01-04,0,1,Winter,0,0,0,느티나무 셀프BBQ,잔디그늘집 의자 추가
2023-01-05,0,1,Winter,0,0,0,느티나무 셀프BBQ,잔디그늘집 의자 추가
2023-01-06,0,1,Winter,0,0,0,느티나무 셀프BBQ,잔디그늘집 의자 추가
2023-01-07,0,1,Winter,1,0,1,느티나무 셀프BBQ,잔디그늘집 의자 추가
2023-01-08,0,1,Winter,1,0,1,느티나무 셀프BBQ,잔디그늘집 의자 추가
2023-01-09,0,1,Winter,0,0,0,느티나무 셀프BBQ,잔디그늘집 의자 추가
2023-01-10,0,1,Winter,0,0,0,느티나무 셀프BBQ,잔디그늘집 의자 추가
2023-01-11,0,1,Winter,0,0,0,느티나무 셀프BBQ,잔디그늘집 의자 추가
2023-01-12,0,1,Winter,0,0,0,느티나무 셀프BBQ,잔디그늘집 의자 추가
2023-01-13,0,1,Winter,0,0,0,느티나무 셀프BBQ,잔디그늘집 의자 추가
2023-01-14,0,1,Winter,1,0,1,느티나무 셀프BBQ,잔디그늘집 의자 추가
2023-01-15,0,1,Winter,1,0,1,느티나무 셀프BBQ,잔디그늘집 의자 추가
2023-01-16,0,1,Winter,0,0,0,느티나무 셀프BBQ,잔디그늘집 의자 추가
2023-01-17,0,1,Winter,0,0,0,느티나무 셀프BBQ,잔디그늘집 의자 추가
2023-01-18,0,1,Winter,0,0,0,느티나무 셀프BBQ,잔디그늘집 의자 추가
2023-01-19,0,1,Winter,0,0,0,느티나무 셀프BBQ,잔디그늘집 의자 추가
2023-01-20,0,1,Winter,0,0,0,느티나무 셀프BBQ,잔디그늘집 의자 추가
2023-01-21,0,1,Winter,1,1,1,느티나무 셀프BBQ,잔디그늘집 의자 추가
2023-01-22,0,1,Winter,1,1,1,느티나무 셀프BBQ,잔디그늘집 의자 추가
2023-01-23,0,1,Winter,0,1,1,느티나무 셀프BBQ,잔디그늘집 의자 추가
2023-01-24,0,1,Winter,0,1,1,느티나무 셀프BBQ,잔디그늘집 의자 추가
2023-01-25,0,1,Winter,0,0,0,느티나무 셀프BBQ,잔디그늘집 의자 추가
2023-01-26,0,1,Winter,0,0,0,느티나무 셀프BBQ,잔디그늘집 의자 추가
2023-01-27,0,1,Winter,0,0,0,느티나무 셀프BBQ,잔디그늘집 의자 추가
2023-01-28,0,1,Winter,1,0,1,느티나무 셀프BBQ,잔디그늘집 의자 추가
2023-01-29,0,1,Winter,1,0,1,느티나무 셀프BBQ,잔디그늘집 의자 추가
2023-01-30,0,1,Winter,0,0,0,느티나무 셀프BBQ,잔디그늘집 의자 추가
2023-01-31,0,1,Winter,0,0,0,느티나무 셀프BBQ,잔디그늘집 의자 추가
2023-02-01,0,2,Winter,0,0,0,느티나무 셀프BBQ,잔디그늘집 의자 추가
2023-02-02,0,2,Winter,0,0,0,느티나무 셀프BBQ,잔디그늘집 의자 추가
2023-02-03,0,2,Winter,0,0,0,느티나무 셀프BBQ,잔디그늘집 의자 추가
2023-02-04,0,2,Winter,1,0,1,느티나무 셀프BBQ,잔디그늘집 의자 추가
2023-02-05,0,2,Winter,1,0,1,느티나무 셀프BBQ,잔디그늘집 의자 추가
2023-02-06,0,2,Winter,0,0,0,느티나무 셀프BBQ,잔디그늘집 의자 추가
2023-02-07,0,2,Winter,0,0,0,느티나무 셀프BBQ,잔디그늘집 의자 추가
2023-02-08,0,2,Winter,0,0,0,느티나무 셀프BBQ,잔디그늘집 의자 추가
2023-02-09,0,2,Winter,0,0,0,느티나무 셀프BBQ,잔디그늘집 의자 추가
2023-02-10,0,2,Winter,0,0,0,느티나무 셀프BBQ,잔디그늘집 의자 추가
2023-02-11,0,2,Winter,1,0,1,느티나무 셀프BBQ,잔디그늘집 의자 추가
2023-02-12,0,2,Winter,1,0,1,느티나무 셀프BBQ,잔디그늘집 의자 추가
2023-02-13,0,2,Winter,0,0,0,느티나무 셀프BBQ,잔디그늘집 의자 추가
2023-02-14,0,2,Winter,0,0,0,느티나무 셀프BBQ,잔디그늘집 의자 추가
2023-02-15,0,2,Winter,0,0,0,느티나무 셀프BBQ,잔디그늘집 의자 추가
2023-02-16,0,2,Winter,0,0,0,느티나무 셀프BBQ,잔디그늘집 의자 추가
2023-02-17,0,2,Winter,0,0,0,느티나무 셀프BBQ,잔디그늘집 의자 추가
2023-02-18,0,2,Winter,1,0,1,느티나무 셀프BBQ,잔디그늘집 의자 추가
2023-02-19,0,2,Winter,1,0,1,느티나무 셀프BBQ,잔디그늘집 의자 추가
2023-02-20,0,2,Winter,0,0,0,느티나무 셀프BBQ,잔디그늘집 의자 추가
2023-02-21,0,2,Winter,0,0,0,느티나무 셀프BBQ,잔디그늘집 의자 추가
2023-02-22,0,2,Winter,0,0,0,느티나무 셀프BBQ,잔디그늘집 의자 추가
2023-02-23,0,2,Winter,0,0,0,느티나무 셀프BBQ,잔디그늘집 의자 추가
2023-02-24,0,2,Winter,0,0,0,느티나무 셀프BBQ,잔디그늘집 의자 추가
2023-02-25,0,2,Winter,1,0,1,느티나무 셀프BBQ,잔디그늘집 의자 추가
2023-02-26,0,2,Winter,1,0,1,느티나무 셀프BBQ,잔디그늘집 의자 추가
2023-02-27,0,2,Winter,0,0,0,느티나무 셀프BBQ,잔디그늘집 의자 추가
2023-02-28,0,2,Winter,0,0,0,느티나무 셀프BBQ,잔디그늘집 의자 추가
2023-03-01,0,3,Spring,0,1,1,느티나무 셀프BBQ,잔디그늘집 의자 추가
2023-03-02,0,3,Spring,0,0,0,느티나무 셀프BBQ,잔디그늘집 의자 추가
2023-03-03,0,3,Spring,0,0,0,느티나무 셀프BBQ,잔디그늘집 의자 추가
2023-03-04,0,3,Spring,1,0,1,느티나무 셀프BBQ,잔디그늘집 의자 추가
2023-03-05,0,3,Spring,1,0,1,느티나무 셀프BBQ,잔디그늘집 의자 추가
2023-03-06,0,3,Spring,0,0,0,느티나무 셀프BBQ,잔디그늘집 의자 추가
2023-03-07,0,3,Spring,0,0,0,느티나무 셀프BBQ,잔디그늘집 의자 추가
2023-03-08,0,3,Spring,0,0,0,느티나무 셀프BBQ,잔디그늘집 의자 추가
2023-03-09,0,3,Spring,0,0,0,느티나무 셀프BBQ,잔디그늘집 의자 추가
2023-03-10,0,3,Spring,0,0,0,느티나무 셀프BBQ,잔디그늘집 의자 추가
2023-03-11,0,3,Spring,1,0,1,느티나무 셀프BBQ,잔디그늘집 의자 추가
2023-03-12,0,3,Spring,1,0,1,느티나무 셀프BBQ,잔디그늘집 의자 추가
2023-03-13,0,3,Spring,0,0,0,느티나무 셀프BBQ,잔디그늘집 의자 추가
2023-03-14,0,3,Spring,0,0,0,느티나무 셀프BBQ,잔디그늘집 의자 추가
2023-03-15,0,3,Spring,0,0,0,느티나무 셀프BBQ,잔디그늘집 의자 추가
2023-03-16,0,3,Spring,0,0,0,느티나무 셀프BBQ,잔디그늘집 의자 추가
2023-03-17,0,3,Spring,0,0,0,느티나무 셀프BBQ,잔디그늘집 의자 추가
2023-03-18,0,3,Spring,1,0,1,느티나무 셀프BBQ,잔디그늘집 의자 추가
2023-03-19,0,3,Spring,1,0,1,느티나무 셀프BBQ,잔디그늘집 의자 추가
2023-03-20,0,3,Spring,0,0,0,느티나무 셀프BBQ,잔디그늘집 의자 추가
2023-03-21,0,3,Spring,0,0,0,느티나무 셀프BBQ,잔디그늘집 의자 추가
2023-03-22,0,3,Spring,0,0,0,느티나무 셀프BBQ,잔디그늘집 의자 추가
2023-03-23,0,3,Spring,0,0,0,느티나무 셀프BBQ,잔디그늘집 의자 추가
2023-03-24,0,3,Spring,0,0,0,느티나무 셀프BBQ,잔디그늘집 의자 추가
2023-03-25,0,3,Spring,1,0,1,느티나무 셀프BBQ,잔디그늘집 의자 추가
2023-03-26,0,3,Spring,1,0,1,느티나무 셀프BBQ,잔디그늘집 의자 추가
2023-03-27,0,3,Spring,0,0,0,느티나무 셀프BBQ,잔디그늘집 의자 추가
2023-03-28,0,3,Spring,0,0,0,느티나무 셀프BBQ,잔디그늘집 의자 추가
2023-03-29,0,3,Spring,0,0,0,느티나무 셀프BBQ,잔디그늘집 의자 추가
2023-03-30,0,3,Spring,0,0,0,느티나무 셀프BBQ,잔디그늘집 의자 추가
2023-03-31,0,3,Spring,0,0,0,느티나무 셀프BBQ,잔디그늘집 의자 추가
2023-04-01,0,4,Spring,1,0,1,느티나무 셀프BBQ,잔디그늘집 의자 추가
2023-04-02,0,4,Spring,1,0,1,느티나무 셀프BBQ,잔디그늘집 의자 추가
2023-04-03,0,4,Spring,0,0,0,느티나무 셀프BBQ,잔디그늘집 의자 추가
2023-04-04,0,4,Spring,0,0,0,느티나무 셀프BBQ,잔디그늘집 의자 추가
2023-04-05,0,4,Spring,0,0,0,느티나무 셀프BBQ,잔디그늘집 의자 추가
2023-04-06,0,4,Spring,0,0,0,느티나무 셀프BBQ,잔디그늘집 의자 추가
2023-04-07,0,4,Spring,0,0,0,느티나무 셀프BBQ,잔디그늘집 의자 추가
2023-04-08,0,4,Spring,1,0,1,느티나무 셀프BBQ,잔디그늘집 의자 추가
2023-04-09,0,4,Spring,1,0,1,느티나무 셀프BBQ,잔디그늘집 의자 추가
2023-04-10,0,4,Spring,0,0,0,느티나무 셀프BBQ,잔디그늘집 의자 추가
2023-04-11,0,4,Spring,0,0,0,느티나무 셀프BBQ,잔디그늘집 의자 추가
2023-04-12,0,4,Spring,0,0,0,느티나무 셀프BBQ,잔디그늘집 의자 추가
2023-04-13,0,4,Spring,0,0,0,느티나무 셀프BBQ,잔디그늘집 의자 추가
2023-04-14,3,4,Spring,0,0,0,느티나무 셀프BBQ,잔디그늘집 의자 추가
2023-04-15,5,4,Spring,1,0,1,느티나무 셀프BBQ,잔디그늘집 의자 추가
2023-04-16,0,4,Spring,1,0,1,느티나무 셀프BBQ,잔디그늘집 의자 추가
2023-04-17,0,4,Spring,0,0,0,느티나무 셀프BBQ,잔디그늘집 의자 추가
2023-04-18,0,4,Spring,0,0,0,느티나무 셀프BBQ,잔디그늘집 의자 추가
2023-04-19,0,4,Spring,0,0,0,느티나무 셀프BBQ,잔디그늘집 의자 추가
2023-04-20,0,4,Spring,0,0,0,느티나무 셀프BBQ,잔디그늘집 의자 추가
2023-04-21,3,4,Spring,0,0,0,느티나무 셀프BBQ,잔디그늘집 의자 추가
2023-04-22,10,4,Spring,1,0,1,느티나무 셀프BBQ,잔디그늘집 의자 추가
2023-04-23,1,4,Spring,1,0,1,느티나무 셀프BBQ,잔디그늘집 의자 추가
2023-04-24,0,4,Spring,0,0,0,느티나무 셀프BBQ,잔디그늘집 의자 추가
2023-04-25,0,4,Spring,0,0,0,느티나무 셀프BBQ,잔디그늘집 의자 추가
2023-04-26,1,4,Spring,0,0,0,느티나무 셀프BBQ,잔디그늘집 의자 추가
2023-04-27,3,4,Spring,0,0,0,느티나무 셀프BBQ,잔디그늘집 의자 추가
2023-04-28,2,4,Spring,0,0,0,느티나무 셀프BBQ,잔디그늘집 의자 추가
2023-04-29,1,4,Spring,1,0,1,느티나무 셀프BBQ,잔디그늘집 의자 추가
2023-04-30,7,4,Spring,1,0,1,느티나무 셀프BBQ,잔디그늘집 의자 추가
2023-05-01,0,5,Spring,0,0,0,느티나무 셀프BBQ,잔디그늘집 의자 추가
2023-05-02,1,5,Spring,0,0,0,느티나무 셀프BBQ,잔디그늘집 의자 추가
2023-05-03,1,5,Spring,0,0,0,느티나무 셀프BBQ,잔디그늘집 의자 추가
2023-05-04,3,5,Spring,0,0,0,느티나무 셀프BBQ,잔디그늘집 의자 추가
2023-05-05,1,5,Spring,0,1,1,느티나무 셀프BBQ,잔디그늘집 의자 추가
2023-05-06,5,5,Spring,1,0,1,느티나무 셀프BBQ,잔디그늘집 의자 추가
2023-05-07,1,5,Spring,1,0,1,느티나무 셀프BBQ,잔디그늘집 의자 추가
2023-05-08,0,5,Spring,0,0,0,느티나무 셀프BBQ,잔디그늘집 의자 추가
2023-05-09,0,5,Spring,0,0,0,느티나무 셀프BBQ,잔디그늘집 의자 추가
2023-05-10,0,5,Spring,0,0,0,느티나무 셀프BBQ,잔디그늘집 의자 추가
2023-05-11,1,5,Spring,0,0,0,느티나무 셀프BBQ,잔디그늘집 의자 추가
2023-05-12,1,5,Spring,0,0,0,느티나무 셀프BBQ,잔디그늘집 의자 추가
2023-05-13,1,5,Spring,1,0,1,느티나무 셀프BBQ,잔디그늘집 의자 추가
2023-05-14,1,5,Spring,1,0,1,느티나무 셀프BBQ,잔디그늘집 의자 추가
2023-05-15,0,5,Spring,0,0,0,느티나무 셀프BBQ,잔디그늘집 의자 추가
2023-05-16,0,5,Spring,0,0,0,느티나무 셀프BBQ,잔디그늘집 의자 추가
2023-05-17,0,5,Spring,0,0,0,느티나무 셀프BBQ,잔디그늘집 의자 추가
2023-05-18,2,5,Spring,0,0,0,느티나무 셀프BBQ,잔디그늘집 의자 추가
2023-05-19,1,5,Spring,0,0,0,느티나무 셀프BBQ,잔디그늘집 의자 추가
2023-05-20,0,5,Spring,1,0,1,느티나무 셀프BBQ,잔디그늘집 의자 추가
2023-05-21,0,5,Spring,1,0,1,느티나무 셀프BBQ,잔디그늘집 의자 추가
2023-05-22,0,5,Spring,0,0,0,느티나무 셀프BBQ,잔디그늘집 의자 추가
2023-05-23,0,5,Spring,0,0,0,느티나무 셀프BBQ,잔디그늘집 의자 추가
2023-05-24,0,5,Spring,0,0,0,느티나무 셀프BBQ,잔디그늘집 의자 추가
2023-05-25,1,5,Spring,0,0,0,느티나무 셀프BBQ,잔디그늘집 의자 추가
2023-05-26,2,5,Spring,0,0,0,느티나무 셀프BBQ,잔디그늘집 의자 추가
2023-05-27,3,5,Spring,1,1,1,느티나무 셀프BBQ,잔디그늘집 의자 추가
2023-05-28,2,5,Spring,1,0,1,느티나무 셀프BBQ,잔디그늘집 의자 추가
2023-05-29,1,5,Spring,0,1,1,느티나무 셀프BBQ,잔디그늘집 의자 추가
2023-05-30,0,5,Spring,0,0,0,느티나무 셀프BBQ,잔디그늘집 의자 추가
2023-05-31,0,5,Spring,0,0,0,느티나무 셀프BBQ,잔디그늘집 의자 추가
2023-06-01,0,6,Summer,0,0,0,느티나무 셀프BBQ,잔디그늘집 의자 추가
2023-06-02,0,6,Summer,0,0,0,느티나무 셀프BBQ,잔디그늘집 의자 추가
2023-06-03,4,6,Summer,1,0,1,느티나무 셀프BBQ,잔디그늘집 의자 추가
2023-06-04,0,6,Summer,1,0,1,느티나무 셀프BBQ,잔디그늘집 의자 추가
2023-06-05,1,6,Summer,0,0,0,느티나무 셀프BBQ,잔디그늘집 의자 추가
2023-06-06,1,6,Summer,0,1,1,느티나무 셀프BBQ,잔디그늘집 의자 추가
2023-06-07,2,6,Summer,0,0,0,느티나무 셀프BBQ,잔디그늘집 의자 추가
2023-06-08,0,6,Summer,0,0,0,느티나무 셀프BBQ,잔디그늘집 의자 추가
2023-06-09,0,6,Summer,0,0,0,느티나무 셀프BBQ,잔디그늘집 의자 추가
2023-06-10,5,6,Summer,1,0,1,느티나무 셀프BBQ,잔디그늘집 의자 추가
2023-06-11,1,6,Summer,1,0,1,느티나무 셀프BBQ,잔디그늘집 의자 추가
2023-06-12,0,6,Summer,0,0,0,느티나무 셀프BBQ,잔디그늘집 의자 추가
2023-06-13,0,6,Summer,0,0,0,느티나무 셀프BBQ,잔디그늘집 의자 추가
2023-06-14,0,6,Summer,0,0,0,느티나무 셀프BBQ,잔디그늘집 의자 추가
2023-06-15,1,6,Summer,0,0,0,느티나무 셀프BBQ,잔디그늘집 의자 추가
2023-06-16,1,6,Summer,0,0,0,느티나무 셀프BBQ,잔디그늘집 의자 추가
2023-06-17,5,6,Summer,1,0,1,느티나무 셀프BBQ,잔디그늘집 의자 추가
2023-06-18,5,6,Summer,1,0,1,느티나무 셀프BBQ,잔디그늘집 의자 추가
2023-06-19,0,6,Summer,0,0,0,느티나무 셀프BBQ,잔디그늘집 의자 추가
2023-06-20,0,6,Summer,0,0,0,느티나무 셀프BBQ,잔디그늘집 의자 추가
2023-06-21,0,6,Summer,0,0,0,느티나무 셀프BBQ,잔디그늘집 의자 추가
2023-06-22,0,6,Summer,0,0,0,느티나무 셀프BBQ,잔디그늘집 의자 추가
2023-06-23,2,6,Summer,0,0,0,느티나무 셀프BBQ,잔디그늘집 의자 추가
2023-06-24,1,6,Summer,1,0,1,느티나무 셀프BBQ,잔디그늘집 의자 추가
2023-06-25,0,6,Summer,1,0,1,느티나무 셀프BBQ,잔디그늘집 의자 추가
2023-06-26,0,6,Summer,0,0,0,느티나무 셀프BBQ,잔디그늘집 의자 추가
2023-06-27,0,6,Summer,0,0,0,느티나무 셀프BBQ,잔디그늘집 의자 추가
2023-06-28,2,6,Summer,0,0,0,느티나무 셀프BBQ,잔디그늘집 의자 추가
2023-06-29,0,6,Summer,0,0,0,느티나무 셀프BBQ,잔디그늘집 의자 추가
2023-06-30,4,6,Summer,0,0,0,느티나무 셀프BBQ,잔디그늘집 의자 추가
2023-07-01,4,7,Summer,1,0,1,느티나무 셀프BBQ,잔디그늘집 의자 추가
2023-07-02,3,7,Summer,1,0,1,느티나무 셀프BBQ,잔디그늘집 의자 추가
2023-07-03,0,7,Summer,0,0,0,느티나무 셀프BBQ,잔디그늘집 의자 추가
2023-07-04,0,7,Summer,0,0,0,느티나무 셀프BBQ,잔디그늘집 의자 추가
2023-07-05,1,7,Summer,0,0,0,느티나무 셀프BBQ,잔디그늘집 의자 추가
2023-07-06,7,7,Summer,0,0,0,느티나무 셀프BBQ,잔디그늘집 의자 추가
2023-07-07,1,7,Summer,0,0,0,느티나무 셀프BBQ,잔디그늘집 의자 추가
2023-07-08,1,7,Summer,1,0,1,느티나무 셀프BBQ,잔디그늘집 의자 추가
2023-07-09,0,7,Summer,1,0,1,느티나무 셀프BBQ,잔디그늘집 의자 추가
2023-07-10,0,7,Summer,0,0,0,느티나무 셀프BBQ,잔디그늘집 의자 추가
2023-07-11,0,7,Summer,0,0,0,느티나무 셀프BBQ,잔디그늘집 의자 추가
2023-07-12,0,7,Summer,0,0,0,느티나무 셀프BBQ,잔디그늘집 의자 추가
2023-07-13,0,7,Summer,0,0,0,느티나무 셀프BBQ,잔디그늘집 의자 추가
2023-07-14,0,7,Summer,0,0,0,느티나무 셀프BBQ,잔디그늘집 의자 추가
2023-07-15,3,7,Summer,1,0,1,느티나무 셀프BBQ,잔디그늘집 의자 추가
2023-07-16,0,7,Summer,1,0,1,느티나무 셀프BBQ,잔디그늘집 의자 추가
2023-07-17,0,7,Summer,0,0,0,느티나무 셀프BBQ,잔디그늘집 의자 추가
2023-07-18,2,7,Summer,0,0,0,느티나무 셀프BBQ,잔디그늘집 의자 추가
2023-07-19,0,7,Summer,0,0,0,느티나무 셀프BBQ,잔디그늘집 의자 추가
2023-07-20,1,7,Summer,0,0,0,느티나무 셀프BBQ,잔디그늘집 의자 추가
2023-07-21,1,7,Summer,0,0,0,느티나무 셀프BBQ,잔디그늘집 의자 추가
2023-07-22,0,7,Summer,1,0,1,느티나무 셀프BBQ,잔디그늘집 의자 추가
2023-07-23,0,7,Summer,1,0,1,느티나무 셀프BBQ,잔디그늘집 의자 추가
2023-07-24,0,7,Summer,0,0,0,느티나무 셀프BBQ,잔디그늘집 의자 추가
2023-07-25,3,7,Summer,0,0,0,느티나무 셀프BBQ,잔디그늘집 의자 추가
2023-07-26,0,7,Summer,0,0,0,느티나무 셀프BBQ,잔디그늘집 의자 추가
2023-07-27,0,7,Summer,0,0,0,느티나무 셀프BBQ,잔디그늘집 의자 추가
2023-07-28,0,7,Summer,0,0,0,느티나무 셀프BBQ,잔디그늘집 의자 추가
2023-07-29,4,7,Summer,1,0,1,느티나무 셀프BBQ,잔디그늘집 의자 추가
2023-07-30,0,7,Summer,1,0,1,느티나무 셀프BBQ,잔디그늘집 의자 추가
2023-07-31,1,7,Summer,0,0,0,느티나무 셀프BBQ,잔디그늘집 의자 추가
2023-08-01,3,8,Summer,0,0,0,느티나무 셀프BBQ,잔디그늘집 의자 추가
2023-08-02,3,8,Summer,0,0,0,느티나무 셀프BBQ,잔디그늘집 의자 추가
2023-08-03,1,8,Summer,0,0,0,느티나무 셀프BBQ,잔디그늘집 의자 추가
2023-08-04,3,8,Summer,0,0,0,느티나무 셀프BBQ,잔디그늘집 의자 추가
2023-08-05,5,8,Summer,1,0,1,느티나무 셀프BBQ,잔디그늘집 의자 추가
2023-08-06,0,8,Summer,1,0,1,느티나무 셀프BBQ,잔디그늘집 의자 추가
2023-08-07,0,8,Summer,0,0,0,느티나무 셀프BBQ,잔디그늘집 의자 추가
2023-08-08,0,8,Summer,0,0,0,느티나무 셀프BBQ,잔디그늘집 의자 추가
2023-08-09,0,8,Summer,0,0,0,느티나무 셀프BBQ,잔디그늘집 의자 추가
2023-08-10,0,8,Summer,0,0,0,느티나무 셀프BBQ,잔디그늘집 의자 추가
2023-08-11,0,8,Summer,0,0,0,느티나무 셀프BBQ,잔디그늘집 의자 추가
2023-08-12,2,8,Summer,1,0,1,느티나무 셀프BBQ,잔디그늘집 의자 추가
2023-08-13,1,8,Summer,1,0,1,느티나무 셀프BBQ,잔디그늘집 의자 추가
2023-08-14,2,8,Summer,0,0,0,느티나무 셀프BBQ,잔디그늘집 의자 추가
2023-08-15,3,8,Summer,0,1,1,느티나무 셀프BBQ,잔디그늘집 의자 추가
2023-08-16,0,8,Summer,0,0,0,느티나무 셀프BBQ,잔디그늘집 의자 추가
2023-08-17,2,8,Summer,0,0,0,느티나무 셀프BBQ,잔디그늘집 의자 추가
2023-08-18,0,8,Summer,0,0,0,느티나무 셀프BBQ,잔디그늘집 의자 추가
2023-08-19,6,8,Summer,1,0,1,느티나무 셀프BBQ,잔디그늘집 의자 추가
2023-08-20,0,8,Summer,1,0,1,느티나무 셀프BBQ,잔디그늘집 의자 추가
2023-08-21,0,8,Summer,0,0,0,느티나무 셀프BBQ,잔디그늘집 의자 추가
2023-08-22,0,8,Summer,0,0,0,느티나무 셀프BBQ,잔디그늘집 의자 추가
2023-08-23,0,8,Summer,0,0,0,느티나무 셀프BBQ,잔디그늘집 의자 추가
2023-08-24,0,8,Summer,0,0,0,느티나무 셀프BBQ,잔디그늘집 의자 추가
2023-08-25,2,8,Summer,0,0,0,느티나무 셀프BBQ,잔디그늘집 의자 추가
2023-08-26,3,8,Summer,1,0,1,느티나무 셀프BBQ,잔디그늘집 의자 추가
2023-08-27,3,8,Summer,1,0,1,느티나무 셀프BBQ,잔디그늘집 의자 추가
2023-08-28,0,8,Summer,0,0,0,느티나무 셀프BBQ,잔디그늘집 의자 추가
2023-08-29,0,8,Summer,0,0,0,느티나무 셀프BBQ,잔디그늘집 의자 추가
2023-08-30,0,8,Summer,0,0,0,느티나무 셀프BBQ,잔디그늘집 의자 추가
2023-08-31,0,8,Summer,0,0,0,느티나무 셀프BBQ,잔디그늘집 의자 추가
2023-09-01,1,9,Autumn,0,0,0,느티나무 셀프BBQ,잔디그늘집 의자 추가
2023-09-02,3,9,Autumn,1,0,1,느티나무 셀프BBQ,잔디그늘집 의자 추가
2023-09-03,5,9,Autumn,1,0,1,느티나무 셀프BBQ,잔디그늘집 의자 추가
2023-09-04,0,9,Autumn,0,0,0,느티나무 셀프BBQ,잔디그늘집 의자 추가
2023-09-05,2,9,Autumn,0,0,0,느티나무 셀프BBQ,잔디그늘집 의자 추가
2023-09-06,0,9,Autumn,0,0,0,느티나무 셀프BBQ,잔디그늘집 의자 추가
2023-09-07,0,9,Autumn,0,0,0,느티나무 셀프BBQ,잔디그늘집 의자 추가
2023-09-08,3,9,Autumn,0,0,0,느티나무 셀프BBQ,잔디그늘집 의자 추가
2023-09-09,2,9,Autumn,1,0,1,느티나무 셀프BBQ,잔디그늘집 의자 추가
2023-09-10,0,9,Autumn,1,0,1,느티나무 셀프BBQ,잔디그늘집 의자 추가
2023-09-11,0,9,Autumn,0,0,0,느티나무 셀프BBQ,잔디그늘집 의자 추가
2023-09-12,0,9,Autumn,0,0,0,느티나무 셀프BBQ,잔디그늘집 의자 추가
2023-09-13,0,9,Autumn,0,0,0,느티나무 셀프BBQ,잔디그늘집 의자 추가
2023-09-14,2,9,Autumn,0,0,0,느티나무 셀프BBQ,잔디그늘집 의자 추가
2023-09-15,3,9,Autumn,0,0,0,느티나무 셀프BBQ,잔디그늘집 의자 추가
2023-09-16,2,9,Autumn,1,0,1,느티나무 셀프BBQ,잔디그늘집 의자 추가
2023-09-17,0,9,Autumn,1,0,1,느티나무 셀프BBQ,잔디그늘집 의자 추가
2023-09-18,0,9,Autumn,0,0,0,느티나무 셀프BBQ,잔디그늘집 의자 추가
2023-09-19,0,9,Autumn,0,0,0,느티나무 셀프BBQ,잔디그늘집 의자 추가
2023-09-20,0,9,Autumn,0,0,0,느티나무 셀프BBQ,잔디그늘집 의자 추가
2023-09-21,0,9,Autumn,0,0,0,느티나무 셀프BBQ,잔디그늘집 의자 추가
2023-09-22,4,9,Autumn,0,0,0,느티나무 셀프BBQ,잔디그늘집 의자 추가
2023-09-23,5,9,Autumn,1,0,1,느티나무 셀프BBQ,잔디그늘집 의자 추가
2023-09-24,6,9,Autumn,1,0,1,느티나무 셀프BBQ,잔디그늘집 의자 추가
2023-09-25,0,9,Autumn,0,0,0,느티나무 셀프BBQ,잔디그늘집 의자 추가
2023-09-26,0,9,Autumn,0,0,0,느티나무 셀프BBQ,잔디그늘집 의자 추가
2023-09-27,2,9,Autumn,0,0,0,느티나무 셀프BBQ,잔디그늘집 의자 추가
2023-09-28,5,9,Autumn,0,1,1,느티나무 셀프BBQ,잔디그늘집 의자 추가
2023-09-29,8,9,Autumn,0,1,1,느티나무 셀프BBQ,잔디그늘집 의자 추가
2023-09-30,5,9,Autumn,1,1,1,느티나무 셀프BBQ,잔디그늘집 의자 추가
2023-10-01,1,10,Autumn,1,0,1,느티나무 셀프BBQ,잔디그늘집 의자 추가
2023-10-02,1,10,Autumn,0,1,1,느티나무 셀프BBQ,잔디그늘집 의자 추가
2023-10-03,0,10,Autumn,0,1,1,느티나무 셀프BBQ,잔디그늘집 의자 추가
2023-10-04,0,10,Autumn,0,0,0,느티나무 셀프BBQ,잔디그늘집 의자 추가
2023-10-05,0,10,Autumn,0,0,0,느티나무 셀프BBQ,잔디그늘집 의자 추가
2023-10-06,2,10,Autumn,0,0,0,느티나무 셀프BBQ,잔디그늘집 의자 추가
2023-10-07,1,10,Autumn,1,0,1,느티나무 셀프BBQ,잔디그늘집 의자 추가
2023-10-08,3,10,Autumn,1,0,1,느티나무 셀프BBQ,잔디그늘집 의자 추가
2023-10-09,0,10,Autumn,0,1,1,느티나무 셀프BBQ,잔디그늘집 의자 추가
2023-10-10,0,10,Autumn,0,0,0,느티나무 셀프BBQ,잔디그늘집 의자 추가
2023-10-11,0,10,Autumn,0,0,0,느티나무 셀프BBQ,잔디그늘집 의자 추가
2023-10-12,0,10,Autumn,0,0,0,느티나무 셀프BBQ,잔디그늘집 의자 추가
2023-10-13,6,10,Autumn,0,0,0,느티나무 셀프BBQ,잔디그늘집 의자 추가
2023-10-14,3,10,Autumn,1,0,1,느티나무 셀프BBQ,잔디그늘집 의자 추가
2023-10-15,0,10,Autumn,1,0,1,느티나무 셀프BBQ,잔디그늘집 의자 추가
2023-10-16,0,10,Autumn,0,0,0,느티나무 셀프BBQ,잔디그늘집 의자 추가
2023-10-17,0,10,Autumn,0,0,0,느티나무 셀프BBQ,잔디그늘집 의자 추가
2023-10-18,0,10,Autumn,0,0,0,느티나무 셀프BBQ,잔디그늘집 의자 추가
2023-10-19,0,10,Autumn,0,0,0,느티나무 셀프BBQ,잔디그늘집 의자 추가
2023-10-20,1,10,Autumn,0,0,0,느티나무 셀프BBQ,잔디그늘집 의자 추가
2023-10-21,5,10,Autumn,1,0,1,느티나무 셀프BBQ,잔디그늘집 의자 추가
2023-10-22,10,10,Autumn,1,0,1,느티나무 셀프BBQ,잔디그늘집 의자 추가
2023-10-23,0,10,Autumn,0,0,0,느티나무 셀프BBQ,잔디그늘집 의자 추가
2023-10-24,0,10,Autumn,0,0,0,느티나무 셀프BBQ,잔디그늘집 의자 추가
2023-10-25,7,10,Autumn,0,0,0,느티나무 셀프BBQ,잔디그늘집 의자 추가
2023-10-26,1,10,Autumn,0,0,0,느티나무 셀프BBQ,잔디그늘집 의자 추가
2023-10-27,2,10,Autumn,0,0,0,느티나무 셀프BBQ,잔디그늘집 의자 추가
2023-10-28,1,10,Autumn,1,0,1,느티나무 셀프BBQ,잔디그늘집 의자 추가
2023-10-29,0,10,Autumn,1,0,1,느티나무 셀프BBQ,잔디그늘집 의자 추가
2023-10-30,0,10,Autumn,0,0,0,느티나무 셀프BBQ,잔디그늘집 의자 추가
2023-10-31,0,10,Autumn,0,0,0,느티나무 셀프BBQ,잔디그늘집 의자 추가
2023-11-01,0,11,Autumn,0,0,0,느티나무 셀프BBQ,잔디그늘집 의자 추가
2023-11-02,0,11,Autumn,0,0,0,느티나무 셀프BBQ,잔디그늘집 의자 추가
2023-11-03,0,11,Autumn,0,0,0,느티나무 셀프BBQ,잔디그늘집 의자 추가
2023-11-04,0,11,Autumn,1,0,1,느티나무 셀프BBQ,잔디그늘집 의자 추가
2023-11-05,0,11,Autumn,1,0,1,느티나무 셀프BBQ,잔디그늘집 의자 추가
2023-11-06,0,11,Autumn,0,0,0,느티나무 셀프BBQ,잔디그늘집 의자 추가
2023-11-07,0,11,Autumn,0,0,0,느티나무 셀프BBQ,잔디그늘집 의자 추가
2023-11-08,0,11,Autumn,0,0,0,느티나무 셀프BBQ,잔디그늘집 의자 추가
2023-11-09,0,11,Autumn,0,0,0,느티나무 셀프BBQ,잔디그늘집 의자 추가
2023-11-10,0,11,Autumn,0,0,0,느티나무 셀프BBQ,잔디그늘집 의자 추가
2023-11-11,0,11,Autumn,1,0,1,느티나무 셀프BBQ,잔디그늘집 의자 추가
2023-11-12,0,11,Autumn,1,0,1,느티나무 셀프BBQ,잔디그늘집 의자 추가
2023-11-13,0,11,Autumn,0,0,0,느티나무 셀프BBQ,잔디그늘집 의자 추가
2023-11-14,0,11,Autumn,0,0,0,느티나무 셀프BBQ,잔디그늘집 의자 추가
2023-11-15,0,11,Autumn,0,0,0,느티나무 셀프BBQ,잔디그늘집 의자 추가
2023-11-16,0,11,Autumn,0,0,0,느티나무 셀프BBQ,잔디그늘집 의자 추가
2023-11-17,0,11,Autumn,0,0,0,느티나무 셀프BBQ,잔디그늘집 의자 추가
2023-11-18,0,11,Autumn,1,0,1,느티나무 셀프BBQ,잔디그늘집 의자 추가
2023-11-19,0,11,Autumn,1,0,1,느티나무 셀프BBQ,잔디그늘집 의자 추가
2023-11-20,0,11,Autumn,0,0,0,느티나무 셀프BBQ,잔디그늘집 의자 추가
2023-11-21,0,11,Autumn,0,0,0,느티나무 셀프BBQ,잔디그늘집 의자 추가
2023-11-22,0,11,Autumn,0,0,0,느티나무 셀프BBQ,잔디그늘집 의자 추가
2023-11-23,0,11,Autumn,0,0,0,느티나무 셀프BBQ,잔디그늘집 의자 추가
2023-11-24,0,11,Autumn,0,0,0,느티나무 셀프BBQ,잔디그늘집 의자 추가
2023-11-25,0,11,Autumn,1,0,1,느티나무 셀프BBQ,잔디그늘집 의자 추가
2023-11-26,0,11,Autumn,1,0,1,느티나무 셀프BBQ,잔디그늘집 의자 추가
2023-11-27,0,11,Autumn,0,0,0,느티나무 셀프BBQ,잔디그늘집 의자 추가
2023-11-28,0,11,Autumn,0,0,0,느티나무 셀프BBQ,잔디그늘집 의자 추가
2023-11-29,0,11,Autumn,0,0,0,느티나무 셀프BBQ,잔디그늘집 의자 추가
2023-11-30,0,11,Autumn,0,0,0,느티나무 셀프BBQ,잔디그늘집 의자 추가
2023-12-01,0,12,Winter,0,0,0,느티나무 셀프BBQ,잔디그늘집 의자 추가
2023-12-02,0,12,Winter,1,0,1,느티나무 셀프BBQ,잔디그늘집 의자 추가
2023-12-03,0,12,Winter,1,0,1,느티나무 셀프BBQ,잔디그늘집 의자 추가
2023-12-04,0,12,Winter,0,0,0,느티나무 셀프BBQ,잔디그늘집 의자 추가
2023-12-05,0,12,Winter,0,0,0,느티나무 셀프BBQ,잔디그늘집 의자 추가
2023-12-06,0,12,Winter,0,0,0,느티나무 셀프BBQ,잔디그늘집 의자 추가
2023-12-07,0,12,Winter,0,0,0,느티나무 셀프BBQ,잔디그늘집 의자 추가
2023-12-08,0,12,Winter,0,0,0,느티나무 셀프BBQ,잔디그늘집 의자 추가
2023-12-09,0,12,Winter,1,0,1,느티나무 셀프BBQ,잔디그늘집 의자 추가
2023-12-10,0,12,Winter,1,0,1,느티나무 셀프BBQ,잔디그늘집 의자 추가
2023-12-11,0,12,Winter,0,0,0,느티나무 셀프BBQ,잔디그늘집 의자 추가
2023-12-12,0,12,Winter,0,0,0,느티나무 셀프BBQ,잔디그늘집 의자 추가
2023-12-13,0,12,Winter,0,0,0,느티나무 셀프BBQ,잔디그늘집 의자 추가
2023-12-14,0,12,Winter,0,0,0,느티나무 셀프BBQ,잔디그늘집 의자 추가
2023-12-15,0,12,Winter,0,0,0,느티나무 셀프BBQ,잔디그늘집 의자 추가
2023-12-16,0,12,Winter,1,0,1,느티나무 셀프BBQ,잔디그늘집 의자 추가
2023-12-17,0,12,Winter,1,0,1,느티나무 셀프BBQ,잔디그늘집 의자 추가
2023-12-18,0,12,Winter,0,0,0,느티나무 셀프BBQ,잔디그늘집 의자 추가
2023-12-19,0,12,Winter,0,0,0,느티나무 셀프BBQ,잔디그늘집 의자 추가
2023-12-20,0,12,Winter,0,0,0,느티나무 셀프BBQ,잔디그늘집 의자 추가
2023-12-21,0,12,Winter,0,0,0,느티나무 셀프BBQ,잔디그늘집 의자 추가
2023-12-22,0,12,Winter,0,0,0,느티나무 셀프BBQ,잔디그늘집 의자 추가
2023-12-23,0,12,Winter,1,0,1,느티나무 셀프BBQ,잔디그늘집 의자 추가
2023-12-24,0,12,Winter,1,0,1,느티나무 셀프BBQ,잔디그늘집 의자 추가
2023-12-25,0,12,Winter,0,1,1,느티나무 셀프BBQ,잔디그늘집 의자 추가
2023-12-26,0,12,Winter,0,0,0,느티나무 셀프BBQ,잔디그늘집 의자 추가
2023-12-27,0,12,Winter,0,0,0,느티나무 셀프BBQ,잔디그늘집 의자 추가
2023-12-28,0,12,Winter,0,0,0,느티나무 셀프BBQ,잔디그늘집 의자 추가
2023-12-29,0,12,Winter,0,0,0,느티나무 셀프BBQ,잔디그늘집 의자 추가
2023-12-30,0,12,Winter,1,0,1,느티나무 셀프BBQ,잔디그늘집 의자 추가
2023-12-31,0,12,Winter,1,0,1,느티나무 셀프BBQ,잔디그늘집 의자 추가
2024-01-01,0,1,Winter,0,1,1,느티나무 셀프BBQ,잔디그늘집 의자 추가
2024-01-02,0,1,Winter,0,0,0,느티나무 셀프BBQ,잔디그늘집 의자 추가
2024-01-03,0,1,Winter,0,0,0,느티나무 셀프BBQ,잔디그늘집 의자 추가
2024-01-04,0,1,Winter,0,0,0,느티나무 셀프BBQ,잔디그늘집 의자 추가
2024-01-05,0,1,Winter,0,0,0,느티나무 셀프BBQ,잔디그늘집 의자 추가
2024-01-06,0,1,Winter,1,0,1,느티나무 셀프BBQ,잔디그늘집 의자 추가
2024-01-07,0,1,Winter,1,0,1,느티나무 셀프BBQ,잔디그늘집 의자 추가
2024-01-08,0,1,Winter,0,0,0,느티나무 셀프BBQ,잔디그늘집 의자 추가
2024-01-09,0,1,Winter,0,0,0,느티나무 셀프BBQ,잔디그늘집 의자 추가
2024-01-10,0,1,Winter,0,0,0,느티나무 셀프BBQ,잔디그늘집 의자 추가
2024-01-11,0,1,Winter,0,0,0,느티나무 셀프BBQ,잔디그늘집 의자 추가
2024-01-12,0,1,Winter,0,0,0,느티나무 셀프BBQ,잔디그늘집 의자 추가
2024-01-13,0,1,Winter,1,0,1,느티나무 셀프BBQ,잔디그늘집 의자 추가
2024-01-14,0,1,Winter,1,0,1,느티나무 셀프BBQ,잔디그늘집 의자 추가
2024-01-15,0,1,Winter,0,0,0,느티나무 셀프BBQ,잔디그늘집 의자 추가
2024-01-16,0,1,Winter,0,0,0,느티나무 셀프BBQ,잔디그늘집 의자 추가
2024-01-17,0,1,Winter,0,0,0,느티나무 셀프BBQ,잔디그늘집 의자 추가
2024-01-18,0,1,Winter,0,0,0,느티나무 셀프BBQ,잔디그늘집 의자 추가
2024-01-19,0,1,Winter,0,0,0,느티나무 셀프BBQ,잔디그늘집 의자 추가
2024-01-20,0,1,Winter,1,0,1,느티나무 셀프BBQ,잔디그늘집 의자 추가
2024-01-21,0,1,Winter,1,0,1,느티나무 셀프BBQ,잔디그늘집 의자 추가
2024-01-22,0,1,Winter,0,0,0,느티나무 셀프BBQ,잔디그늘집 의자 추가
2024-01-23,0,1,Winter,0,0,0,느티나무 셀프BBQ,잔디그늘집 의자 추가
2024-01-24,0,1,Winter,0,0,0,느티나무 셀프BBQ,잔디그늘집 의자 추가
2024-01-25,0,1,Winter,0,0,0,느티나무 셀프BBQ,잔디그늘집 의자 추가
2024-01-26,0,1,Winter,0,0,0,느티나무 셀프BBQ,잔디그늘집 의자 추가
2024-01-27,0,1,Winter,1,0,1,느티나무 셀프BBQ,잔디그늘집 의자 추가
2024-01-28,0,1,Winter,1,0,1,느티나무 셀프BBQ,잔디그늘집 의자 추가
2024-01-29,0,1,Winter,0,0,0,느티나무 셀프BBQ,잔디그늘집 의자 추가
2024-01-30,0,1,Winter,0,0,0,느티나무 셀프BBQ,잔디그늘집 의자 추가
2024-01-31,0,1,Winter,0,0,0,느티나무 셀프BBQ,잔디그늘집 의자 추가
2024-02-01,0,2,Winter,0,0,0,느티나무 셀프BBQ,잔디그늘집 의자 추가
2024-02-02,0,2,Winter,0,0,0,느티나무 셀프BBQ,잔디그늘집 의자 추가
2024-02-03,0,2,Winter,1,0,1,느티나무 셀프BBQ,잔디그늘집 의자 추가
2024-02-04,0,2,Winter,1,0,1,느티나무 셀프BBQ,잔디그늘집 의자 추가
2024-02-05,0,2,Winter,0,0,0,느티나무 셀프BBQ,잔디그늘집 의자 추가
2024-02-06,0,2,Winter,0,0,0,느티나무 셀프BBQ,잔디그늘집 의자 추가
2024-02-07,0,2,Winter,0,0,0,느티나무 셀프BBQ,잔디그늘집 의자 추가
2024-02-08,0,2,Winter,0,0,0,느티나무 셀프BBQ,잔디그늘집 의자 추가
2024-02-09,0,2,Winter,0,1,1,느티나무 셀프BBQ,잔디그늘집 의자 추가
2024-02-10,0,2,Winter,1,1,1,느티나무 셀프BBQ,잔디그늘집 의자 추가
2024-02-11,0,2,Winter,1,1,1,느티나무 셀프BBQ,잔디그늘집 의자 추가
2024-02-12,0,2,Winter,0,1,1,느티나무 셀프BBQ,잔디그늘집 의자 추가
2024-02-13,0,2,Winter,0,0,0,느티나무 셀프BBQ,잔디그늘집 의자 추가
2024-02-14,0,2,Winter,0,0,0,느티나무 셀프BBQ,잔디그늘집 의자 추가
2024-02-15,0,2,Winter,0,0,0,느티나무 셀프BBQ,잔디그늘집 의자 추가
2024-02-16,0,2,Winter,0,0,0,느티나무 셀프BBQ,잔디그늘집 의자 추가
2024-02-17,0,2,Winter,1,0,1,느티나무 셀프BBQ,잔디그늘집 의자 추가
2024-02-18,0,2,Winter,1,0,1,느티나무 셀프BBQ,잔디그늘집 의자 추가
2024-02-19,0,2,Winter,0,0,0,느티나무 셀프BBQ,잔디그늘집 의자 추가
2024-02-20,0,2,Winter,0,0,0,느티나무 셀프BBQ,잔디그늘집 의자 추가
2024-02-21,0,2,Winter,0,0,0,느티나무 셀프BBQ,잔디그늘집 의자 추가
2024-02-22,0,2,Winter,0,0,0,느티나무 셀프BBQ,잔디그늘집 의자 추가
2024-02-23,0,2,Winter,0,0,0,느티나무 셀프BBQ,잔디그늘집 의자 추가
2024-02-24,0,2,Winter,1,0,1,느티나무 셀프BBQ,잔디그늘집 의자 추가
2024-02-25,0,2,Winter,1,0,1,느티나무 셀프BBQ,잔디그늘집 의자 추가
2024-02-26,0,2,Winter,0,0,0,느티나무 셀프BBQ,잔디그늘집 의자 추가
2024-02-27,0,2,Winter,0,0,0,느티나무 셀프BBQ,잔디그늘집 의자 추가
2024-02-28,0,2,Winter,0,0,0,느티나무 셀프BBQ,잔디그늘집 의자 추가
2024-02-29,0,2,Winter,0,0,0,느티나무 셀프BBQ,잔디그늘집 의자 추가
2024-03-01,0,3,Spring,0,1,1,느티나무 셀프BBQ,잔디그늘집 의자 추가
2024-03-02,0,3,Spring,1,0,1,느티나무 셀프BBQ,잔디그늘집 의자 추가
2024-03-03,0,3,Spring,1,0,1,느티나무 셀프BBQ,잔디그늘집 의자 추가
2024-03-04,0,3,Spring,0,0,0,느티나무 셀프BBQ,잔디그늘집 의자 추가
2024-03-05,0,3,Spring,0,0,0,느티나무 셀프BBQ,잔디그늘집 의자 추가
2024-03-06,0,3,Spring,0,0,0,느티나무 셀프BBQ,잔디그늘집 의자 추가
2024-03-07,0,3,Spring,0,0,0,느티나무 셀프BBQ,잔디그늘집 의자 추가
2024-03-08,0,3,Spring,0,0,0,느티나무 셀프BBQ,잔디그늘집 의자 추가
2024-03-09,0,3,Spring,1,0,1,느티나무 셀프BBQ,잔디그늘집 의자 추가
2024-03-10,0,3,Spring,1,0,1,느티나무 셀프BBQ,잔디그늘집 의자 추가
2024-03-11,0,3,Spring,0,0,0,느티나무 셀프BBQ,잔디그늘집 의자 추가
2024-03-12,0,3,Spring,0,0,0,느티나무 셀프BBQ,잔디그늘집 의자 추가
2024-03-13,0,3,Spring,0,0,0,느티나무 셀프BBQ,잔디그늘집 의자 추가
2024-03-14,0,3,Spring,0,0,0,느티나무 셀프BBQ,잔디그늘집 의자 추가
2024-03-15,0,3,Spring,0,0,0,느티나무 셀프BBQ,잔디그늘집 의자 추가
2024-03-16,0,3,Spring,1,0,1,느티나무 셀프BBQ,잔디그늘집 의자 추가
2024-03-17,0,3,Spring,1,0,1,느티나무 셀프BBQ,잔디그늘집 의자 추가
2024-03-18,0,3,Spring,0,0,0,느티나무 셀프BBQ,잔디그늘집 의자 추가
2024-03-19,0,3,Spring,0,0,0,느티나무 셀프BBQ,잔디그늘집 의자 추가
2024-03-20,0,3,Spring,0,0,0,느티나무 셀프BBQ,잔디그늘집 의자 추가
2024-03-21,0,3,Spring,0,0,0,느티나무 셀프BBQ,잔디그늘집 의자 추가
2024-03-22,0,3,Spring,0,0,0,느티나무 셀프BBQ,잔디그늘집 의자 추가
2024-03-23,0,3,Spring,1,0,1,느티나무 셀프BBQ,잔디그늘집 의자 추가
2024-03-24,0,3,Spring,1,0,1,느티나무 셀프BBQ,잔디그늘집 의자 추가
2024-03-25,0,3,Spring,0,0,0,느티나무 셀프BBQ,잔디그늘집 의자 추가
2024-03-26,0,3,Spring,0,0,0,느티나무 셀프BBQ,잔디그늘집 의자 추가
2024-03-27,0,3,Spring,0,0,0,느티나무 셀프BBQ,잔디그늘집 의자 추가
2024-03-28,0,3,Spring,0,0,0,느티나무 셀프BBQ,잔디그늘집 의자 추가
2024-03-29,0,3,Spring,0,0,0,느티나무 셀프BBQ,잔디그늘집 의자 추가
2024-03-30,0,3,Spring,1,0,1,느티나무 셀프BBQ,잔디그늘집 의자 추가
2024-03-31,0,3,Spring,1,0,1,느티나무 셀프BBQ,잔디그늘집 의자 추가
2024-04-01,0,4,Spring,0,0,0,느티나무 셀프BBQ,잔디그늘집 의자 추가
2024-04-02,0,4,Spring,0,0,0,느티나무 셀프BBQ,잔디그늘집 의자 추가
2024-04-03,0,4,Spring,0,0,0,느티나무 셀프BBQ,잔디그늘집 의자 추가
2024-04-04,0,4,Spring,0,0,0,느티나무 셀프BBQ,잔디그늘집 의자 추가
2024-04-05,0,4,Spring,0,0,0,느티나무 셀프BBQ,잔디그늘집 의자 추가
2024-04-06,0,4,Spring,1,0,1,느티나무 셀프BBQ,잔디그늘집 의자 추가
2024-04-07,0,4,Spring,1,0,1,느티나무 셀프BBQ,잔디그늘집 의자 추가
2024-04-08,0,4,Spring,0,0,0,느티나무 셀프BBQ,잔디그늘집 의자 추가
2024-04-09,0,4,Spring,0,0,0,느티나무 셀프BBQ,잔디그늘집 의자 추가
2024-04-10,0,4,Spring,0,1,1,느티나무 셀프BBQ,잔디그늘집 의자 추가
2024-04-11,0,4,Spring,0,0,0,느티나무 셀프BBQ,잔디그늘집 의자 추가
2024-04-12,0,4,Spring,0,0,0,느티나무 셀프BBQ,잔디그늘집 의자 추가
2024-04-13,0,4,Spring,1,0,1,느티나무 셀프BBQ,잔디그늘집 의자 추가
2024-04-14,0,4,Spring,1,0,1,느티나무 셀프BBQ,잔디그늘집 의자 추가
2024-04-15,0,4,Spring,0,0,0,느티나무 셀프BBQ,잔디그늘집 의자 추가
2024-04-16,0,4,Spring,0,0,0,느티나무 셀프BBQ,잔디그늘집 의자 추가
2024-04-17,0,4,Spring,0,0,0,느티나무 셀프BBQ,잔디그늘집 의자 추가
2024-04-18,0,4,Spring,0,0,0,느티나무 셀프BBQ,잔디그늘집 의자 추가
2024-04-19,2,4,Spring,0,0,0,느티나무 셀프BBQ,잔디그늘집 의자 추가
2024-04-20,4,4,Spring,1,0,1,느티나무 셀프BBQ,잔디그늘집 의자 추가
2024-04-21,0,4,Spring,1,0,1,느티나무 셀프BBQ,잔디그늘집 의자 추가
2024-04-22,0,4,Spring,0,0,0,느티나무 셀프BBQ,잔디그늘집 의자 추가
2024-04-23,0,4,Spring,0,0,0,느티나무 셀프BBQ,잔디그늘집 의자 추가
2024-04-24,0,4,Spring,0,0,0,느티나무 셀프BBQ,잔디그늘집 의자 추가
2024-04-25,3,4,Spring,0,0,0,느티나무 셀프BBQ,잔디그늘집 의자 추가
2024-04-26,2,4,Spring,0,0,0,느티나무 셀프BBQ,잔디그늘집 의자 추가
2024-04-27,4,4,Spring,1,0,1,느티나무 셀프BBQ,잔디그늘집 의자 추가
2024-04-28,1,4,Spring,1,0,1,느티나무 셀프BBQ,잔디그늘집 의자 추가
2024-04-29,0,4,Spring,0,0,0,느티나무 셀프BBQ,잔디그늘집 의자 추가
2024-04-30,0,4,Spring,0,0,0,느티나무 셀프BBQ,잔디그늘집 의자 추가
2024-05-01,2,5,Spring,0,0,0,느티나무 셀프BBQ,잔디그늘집 의자 추가
2024-05-02,0,5,Spring,0,0,0,느티나무 셀프BBQ,잔디그늘집 의자 추가
2024-05-03,1,5,Spring,0,0,0,느티나무 셀프BBQ,잔디그늘집 의자 추가
2024-05-04,8,5,Spring,1,0,1,느티나무 셀프BBQ,잔디그늘집 의자 추가
2024-05-05,3,5,Spring,1,1,1,느티나무 셀프BBQ,잔디그늘집 의자 추가
2024-05-06,1,5,Spring,0,1,1,느티나무 셀프BBQ,잔디그늘집 의자 추가
2024-05-07,0,5,Spring,0,0,0,느티나무 셀프BBQ,잔디그늘집 의자 추가
2024-05-08,0,5,Spring,0,0,0,느티나무 셀프BBQ,잔디그늘집 의자 추가
2024-05-09,1,5,Spring,0,0,0,느티나무 셀프BBQ,잔디그늘집 의자 추가
2024-05-10,2,5,Spring,0,0,0,느티나무 셀프BBQ,잔디그늘집 의자 추가
2024-05-11,2,5,Spring,1,0,1,느티나무 셀프BBQ,잔디그늘집 의자 추가
2024-05-12,1,5,Spring,1,0,1,느티나무 셀프BBQ,잔디그늘집 의자 추가
2024-05-13,0,5,Spring,0,0,0,느티나무 셀프BBQ,잔디그늘집 의자 추가
2024-05-14,0,5,Spring,0,0,0,느티나무 셀프BBQ,잔디그늘집 의자 추가
2024-05-15,0,5,Spring,0,1,1,느티나무 셀프BBQ,잔디그늘집 의자 추가
2024-05-16,0,5,Spring,0,0,0,느티나무 셀프BBQ,잔디그늘집 의자 추가
2024-05-17,4,5,Spring,0,0,0,느티나무 셀프BBQ,잔디그늘집 의자 추가
2024-05-18,4,5,Spring,1,0,1,느티나무 셀프BBQ,잔디그늘집 의자 추가
2024-05-19,4,5,Spring,1,0,1,느티나무 셀프BBQ,잔디그늘집 의자 추가
2024-05-20,0,5,Spring,0,0,0,느티나무 셀프BBQ,잔디그늘집 의자 추가
2024-05-21,0,5,Spring,0,0,0,느티나무 셀프BBQ,잔디그늘집 의자 추가
2024-05-22,0,5,Spring,0,0,0,느티나무 셀프BBQ,잔디그늘집 의자 추가
2024-05-23,0,5,Spring,0,0,0,느티나무 셀프BBQ,잔디그늘집 의자 추가
2024-05-24,3,5,Spring,0,0,0,느티나무 셀프BBQ,잔디그늘집 의자 추가
2024-05-25,5,5,Spring,1,0,1,느티나무 셀프BBQ,잔디그늘집 의자 추가
2024-05-26,0,5,Spring,1,0,1,느티나무 셀프BBQ,잔디그늘집 의자 추가
2024-05-27,0,5,Spring,0,0,0,느티나무 셀프BBQ,잔디그늘집 의자 추가
2024-05-28,0,5,Spring,0,0,0,느티나무 셀프BBQ,잔디그늘집 의자 추가
2024-05-29,0,5,Spring,0,0,0,느티나무 셀프BBQ,잔디그늘집 의자 추가
2024-05-30,0,5,Spring,0,0,0,느티나무 셀프BBQ,잔디그늘집 의자 추가
2024-05-31,1,5,Spring,0,0,0,느티나무 셀프BBQ,잔디그늘집 의자 추가
2024-06-01,1,6,Summer,1,0,1,느티나무 셀프BBQ,잔디그늘집 의자 추가
2024-06-02,1,6,Summer,1,0,1,느티나무 셀프BBQ,잔디그늘집 의자 추가
2024-06-03,0,6,Summer,0,0,0,느티나무 셀프BBQ,잔디그늘집 의자 추가
2024-06-04,0,6,Summer,0,0,0,느티나무 셀프BBQ,잔디그늘집 의자 추가
2024-06-05,3,6,Summer,0,0,0,느티나무 셀프BBQ,잔디그늘집 의자 추가
2024-06-06,5,6,Summer,0,1,1,느티나무 셀프BBQ,잔디그늘집 의자 추가
2024-06-07,3,6,Summer,0,0,0,느티나무 셀프BBQ,잔디그늘집 의자 추가
2024-06-08,7,6,Summer,1,0,1,느티나무 셀프BBQ,잔디그늘집 의자 추가
2024-06-09,0,6,Summer,1,0,1,느티나무 셀프BBQ,잔디그늘집 의자 추가
2024-06-10,0,6,Summer,0,0,0,느티나무 셀프BBQ,잔디그늘집 의자 추가
2024-06-11,0,6,Summer,0,0,0,느티나무 셀프BBQ,잔디그늘집 의자 추가
2024-06-12,0,6,Summer,0,0,0,느티나무 셀프BBQ,잔디그늘집 의자 추가
2024-06-13,2,6,Summer,0,0,0,느티나무 셀프BBQ,잔디그늘집 의자 추가
2024-06-14,5,6,Summer,0,0,0,느티나무 셀프BBQ,잔디그늘집 의자 추가
2024-06-15,2,6,Summer,1,0,1,느티나무 셀프BBQ,잔디그늘집 의자 추가
2023-01-01,0,1,Winter,1,1,1,느티나무 셀프BBQ,참이슬 (단체)
2023-01-02,0,1,Winter,0,0,0,느티나무 셀프BBQ,참이슬 (단체)
2023-01-03,4,1,Winter,0,0,0,느티나무 셀프BBQ,참이슬 (단체)
2023-01-04,0,1,Winter,0,0,0,느티나무 셀프BBQ,참이슬 (단체)
2023-01-05,0,1,Winter,0,0,0,느티나무 셀프BBQ,참이슬 (단체)
2023-01-06,0,1,Winter,0,0,0,느티나무 셀프BBQ,참이슬 (단체)
2023-01-07,0,1,Winter,1,0,1,느티나무 셀프BBQ,참이슬 (단체)
2023-01-08,21,1,Winter,1,0,1,느티나무 셀프BBQ,참이슬 (단체)
2023-01-09,0,1,Winter,0,0,0,느티나무 셀프BBQ,참이슬 (단체)
2023-01-10,0,1,Winter,0,0,0,느티나무 셀프BBQ,참이슬 (단체)
2023-01-11,2,1,Winter,0,0,0,느티나무 셀프BBQ,참이슬 (단체)
2023-01-12,12,1,Winter,0,0,0,느티나무 셀프BBQ,참이슬 (단체)
2023-01-13,0,1,Winter,0,0,0,느티나무 셀프BBQ,참이슬 (단체)
2023-01-14,0,1,Winter,1,0,1,느티나무 셀프BBQ,참이슬 (단체)
2023-01-15,0,1,Winter,1,0,1,느티나무 셀프BBQ,참이슬 (단체)
2023-01-16,20,1,Winter,0,0,0,느티나무 셀프BBQ,참이슬 (단체)
2023-01-17,0,1,Winter,0,0,0,느티나무 셀프BBQ,참이슬 (단체)
2023-01-18,0,1,Winter,0,0,0,느티나무 셀프BBQ,참이슬 (단체)
2023-01-19,0,1,Winter,0,0,0,느티나무 셀프BBQ,참이슬 (단체)
2023-01-20,0,1,Winter,0,0,0,느티나무 셀프BBQ,참이슬 (단체)
2023-01-21,0,1,Winter,1,1,1,느티나무 셀프BBQ,참이슬 (단체)
2023-01-22,0,1,Winter,1,1,1,느티나무 셀프BBQ,참이슬 (단체)
2023-01-23,0,1,Winter,0,1,1,느티나무 셀프BBQ,참이슬 (단체)
2023-01-24,0,1,Winter,0,1,1,느티나무 셀프BBQ,참이슬 (단체)
2023-01-25,0,1,Winter,0,0,0,느티나무 셀프BBQ,참이슬 (단체)
2023-01-26,26,1,Winter,0,0,0,느티나무 셀프BBQ,참이슬 (단체)
2023-01-27,89,1,Winter,0,0,0,느티나무 셀프BBQ,참이슬 (단체)
2023-01-28,0,1,Winter,1,0,1,느티나무 셀프BBQ,참이슬 (단체)
2023-01-29,0,1,Winter,1,0,1,느티나무 셀프BBQ,참이슬 (단체)
2023-01-30,23,1,Winter,0,0,0,느티나무 셀프BBQ,참이슬 (단체)
2023-01-31,0,1,Winter,0,0,0,느티나무 셀프BBQ,참이슬 (단체)
2023-02-01,22,2,Winter,0,0,0,느티나무 셀프BBQ,참이슬 (단체)
2023-02-02,135,2,Winter,0,0,0,느티나무 셀프BBQ,참이슬 (단체)
2023-02-03,6,2,Winter,0,0,0,느티나무 셀프BBQ,참이슬 (단체)
2023-02-04,0,2,Winter,1,0,1,느티나무 셀프BBQ,참이슬 (단체)
2023-02-05,0,2,Winter,1,0,1,느티나무 셀프BBQ,참이슬 (단체)
2023-02-06,0,2,Winter,0,0,0,느티나무 셀프BBQ,참이슬 (단체)
2023-02-07,0,2,Winter,0,0,0,느티나무 셀프BBQ,참이슬 (단체)
2023-02-08,0,2,Winter,0,0,0,느티나무 셀프BBQ,참이슬 (단체)
2023-02-09,12,2,Winter,0,0,0,느티나무 셀프BBQ,참이슬 (단체)
2023-02-10,9,2,Winter,0,0,0,느티나무 셀프BBQ,참이슬 (단체)
2023-02-11,0,2,Winter,1,0,1,느티나무 셀프BBQ,참이슬 (단체)
2023-02-12,0,2,Winter,1,0,1,느티나무 셀프BBQ,참이슬 (단체)
2023-02-13,0,2,Winter,0,0,0,느티나무 셀프BBQ,참이슬 (단체)
2023-02-14,9,2,Winter,0,0,0,느티나무 셀프BBQ,참이슬 (단체)
2023-02-15,0,2,Winter,0,0,0,느티나무 셀프BBQ,참이슬 (단체)
2023-02-16,34,2,Winter,0,0,0,느티나무 셀프BBQ,참이슬 (단체)
2023-02-17,39,2,Winter,0,0,0,느티나무 셀프BBQ,참이슬 (단체)
2023-02-18,2,2,Winter,1,0,1,느티나무 셀프BBQ,참이슬 (단체)
2023-02-19,0,2,Winter,1,0,1,느티나무 셀프BBQ,참이슬 (단체)
2023-02-20,18,2,Winter,0,0,0,느티나무 셀프BBQ,참이슬 (단체)
2023-02-21,0,2,Winter,0,0,0,느티나무 셀프BBQ,참이슬 (단체)
2023-02-22,5,2,Winter,0,0,0,느티나무 셀프BBQ,참이슬 (단체)
2023-02-23,21,2,Winter,0,0,0,느티나무 셀프BBQ,참이슬 (단체)
2023-02-24,2,2,Winter,0,0,0,느티나무 셀프BBQ,참이슬 (단체)
2023-02-25,0,2,Winter,1,0,1,느티나무 셀프BBQ,참이슬 (단체)
2023-02-26,0,2,Winter,1,0,1,느티나무 셀프BBQ,참이슬 (단체)
2023-02-27,0,2,Winter,0,0,0,느티나무 셀프BBQ,참이슬 (단체)
2023-02-28,0,2,Winter,0,0,0,느티나무 셀프BBQ,참이슬 (단체)
2023-03-01,0,3,Spring,0,1,1,느티나무 셀프BBQ,참이슬 (단체)
2023-03-02,0,3,Spring,0,0,0,느티나무 셀프BBQ,참이슬 (단체)
2023-03-03,0,3,Spring,0,0,0,느티나무 셀프BBQ,참이슬 (단체)
2023-03-04,0,3,Spring,1,0,1,느티나무 셀프BBQ,참이슬 (단체)
2023-03-05,0,3,Spring,1,0,1,느티나무 셀프BBQ,참이슬 (단체)
2023-03-06,0,3,Spring,0,0,0,느티나무 셀프BBQ,참이슬 (단체)
2023-03-07,0,3,Spring,0,0,0,느티나무 셀프BBQ,참이슬 (단체)
2023-03-08,0,3,Spring,0,0,0,느티나무 셀프BBQ,참이슬 (단체)
2023-03-09,0,3,Spring,0,0,0,느티나무 셀프BBQ,참이슬 (단체)
2023-03-10,20,3,Spring,0,0,0,느티나무 셀프BBQ,참이슬 (단체)
2023-03-11,0,3,Spring,1,0,1,느티나무 셀프BBQ,참이슬 (단체)
2023-03-12,0,3,Spring,1,0,1,느티나무 셀프BBQ,참이슬 (단체)
2023-03-13,110,3,Spring,0,0,0,느티나무 셀프BBQ,참이슬 (단체)
2023-03-14,42,3,Spring,0,0,0,느티나무 셀프BBQ,참이슬 (단체)
2023-03-15,17,3,Spring,0,0,0,느티나무 셀프BBQ,참이슬 (단체)
2023-03-16,76,3,Spring,0,0,0,느티나무 셀프BBQ,참이슬 (단체)
2023-03-17,34,3,Spring,0,0,0,느티나무 셀프BBQ,참이슬 (단체)
2023-03-18,0,3,Spring,1,0,1,느티나무 셀프BBQ,참이슬 (단체)
2023-03-19,0,3,Spring,1,0,1,느티나무 셀프BBQ,참이슬 (단체)
2023-03-20,37,3,Spring,0,0,0,느티나무 셀프BBQ,참이슬 (단체)
2023-03-21,0,3,Spring,0,0,0,느티나무 셀프BBQ,참이슬 (단체)
2023-03-22,0,3,Spring,0,0,0,느티나무 셀프BBQ,참이슬 (단체)
2023-03-23,120,3,Spring,0,0,0,느티나무 셀프BBQ,참이슬 (단체)
2023-03-24,33,3,Spring,0,0,0,느티나무 셀프BBQ,참이슬 (단체)
2023-03-25,0,3,Spring,1,0,1,느티나무 셀프BBQ,참이슬 (단체)
2023-03-26,0,3,Spring,1,0,1,느티나무 셀프BBQ,참이슬 (단체)
2023-03-27,0,3,Spring,0,0,0,느티나무 셀프BBQ,참이슬 (단체)
2023-03-28,48,3,Spring,0,0,0,느티나무 셀프BBQ,참이슬 (단체)
2023-03-29,0,3,Spring,0,0,0,느티나무 셀프BBQ,참이슬 (단체)
2023-03-30,45,3,Spring,0,0,0,느티나무 셀프BBQ,참이슬 (단체)
2023-03-31,24,3,Spring,0,0,0,느티나무 셀프BBQ,참이슬 (단체)
2023-04-01,0,4,Spring,1,0,1,느티나무 셀프BBQ,참이슬 (단체)
2023-04-02,0,4,Spring,1,0,1,느티나무 셀프BBQ,참이슬 (단체)
2023-04-03,0,4,Spring,0,0,0,느티나무 셀프BBQ,참이슬 (단체)
2023-04-04,18,4,Spring,0,0,0,느티나무 셀프BBQ,참이슬 (단체)
2023-04-05,29,4,Spring,0,0,0,느티나무 셀프BBQ,참이슬 (단체)
2023-04-06,128,4,Spring,0,0,0,느티나무 셀프BBQ,참이슬 (단체)
2023-04-07,38,4,Spring,0,0,0,느티나무 셀프BBQ,참이슬 (단체)
2023-04-08,0,4,Spring,1,0,1,느티나무 셀프BBQ,참이슬 (단체)
2023-04-09,0,4,Spring,1,0,1,느티나무 셀프BBQ,참이슬 (단체)
2023-04-10,28,4,Spring,0,0,0,느티나무 셀프BBQ,참이슬 (단체)
2023-04-11,0,4,Spring,0,0,0,느티나무 셀프BBQ,참이슬 (단체)
2023-04-12,50,4,Spring,0,0,0,느티나무 셀프BBQ,참이슬 (단체)
2023-04-13,119,4,Spring,0,0,0,느티나무 셀프BBQ,참이슬 (단체)
2023-04-14,16,4,Spring,0,0,0,느티나무 셀프BBQ,참이슬 (단체)
2023-04-15,0,4,Spring,1,0,1,느티나무 셀프BBQ,참이슬 (단체)
2023-04-16,0,4,Spring,1,0,1,느티나무 셀프BBQ,참이슬 (단체)
2023-04-17,98,4,Spring,0,0,0,느티나무 셀프BBQ,참이슬 (단체)
2023-04-18,0,4,Spring,0,0,0,느티나무 셀프BBQ,참이슬 (단체)
2023-04-19,82,4,Spring,0,0,0,느티나무 셀프BBQ,참이슬 (단체)
2023-04-20,190,4,Spring,0,0,0,느티나무 셀프BBQ,참이슬 (단체)
2023-04-21,15,4,Spring,0,0,0,느티나무 셀프BBQ,참이슬 (단체)
2023-04-22,0,4,Spring,1,0,1,느티나무 셀프BBQ,참이슬 (단체)
2023-04-23,0,4,Spring,1,0,1,느티나무 셀프BBQ,참이슬 (단체)
2023-04-24,0,4,Spring,0,0,0,느티나무 셀프BBQ,참이슬 (단체)
2023-04-25,20,4,Spring,0,0,0,느티나무 셀프BBQ,참이슬 (단체)
2023-04-26,0,4,Spring,0,0,0,느티나무 셀프BBQ,참이슬 (단체)
2023-04-27,190,4,Spring,0,0,0,느티나무 셀프BBQ,참이슬 (단체)
2023-04-28,0,4,Spring,0,0,0,느티나무 셀프BBQ,참이슬 (단체)
2023-04-29,0,4,Spring,1,0,1,느티나무 셀프BBQ,참이슬 (단체)
2023-04-30,0,4,Spring,1,0,1,느티나무 셀프BBQ,참이슬 (단체)
2023-05-01,0,5,Spring,0,0,0,느티나무 셀프BBQ,참이슬 (단체)
2023-05-02,0,5,Spring,0,0,0,느티나무 셀프BBQ,참이슬 (단체)
2023-05-03,41,5,Spring,0,0,0,느티나무 셀프BBQ,참이슬 (단체)
2023-05-04,0,5,Spring,0,0,0,느티나무 셀프BBQ,참이슬 (단체)
2023-05-05,1,5,Spring,0,1,1,느티나무 셀프BBQ,참이슬 (단체)
2023-05-06,0,5,Spring,1,0,1,느티나무 셀프BBQ,참이슬 (단체)
2023-05-07,0,5,Spring,1,0,1,느티나무 셀프BBQ,참이슬 (단체)
2023-05-08,50,5,Spring,0,0,0,느티나무 셀프BBQ,참이슬 (단체)
2023-05-09,46,5,Spring,0,0,0,느티나무 셀프BBQ,참이슬 (단체)
2023-05-10,50,5,Spring,0,0,0,느티나무 셀프BBQ,참이슬 (단체)
2023-05-11,122,5,Spring,0,0,0,느티나무 셀프BBQ,참이슬 (단체)
2023-05-12,139,5,Spring,0,0,0,느티나무 셀프BBQ,참이슬 (단체)
2023-05-13,0,5,Spring,1,0,1,느티나무 셀프BBQ,참이슬 (단체)
2023-05-14,0,5,Spring,1,0,1,느티나무 셀프BBQ,참이슬 (단체)
2023-05-15,34,5,Spring,0,0,0,느티나무 셀프BBQ,참이슬 (단체)
2023-05-16,0,5,Spring,0,0,0,느티나무 셀프BBQ,참이슬 (단체)
2023-05-17,39,5,Spring,0,0,0,느티나무 셀프BBQ,참이슬 (단체)
2023-05-18,149,5,Spring,0,0,0,느티나무 셀프BBQ,참이슬 (단체)
2023-05-19,42,5,Spring,0,0,0,느티나무 셀프BBQ,참이슬 (단체)
2023-05-20,0,5,Spring,1,0,1,느티나무 셀프BBQ,참이슬 (단체)
2023-05-21,0,5,Spring,1,0,1,느티나무 셀프BBQ,참이슬 (단체)
2023-05-22,69,5,Spring,0,0,0,느티나무 셀프BBQ,참이슬 (단체)
2023-05-23,27,5,Spring,0,0,0,느티나무 셀프BBQ,참이슬 (단체)
2023-05-24,31,5,Spring,0,0,0,느티나무 셀프BBQ,참이슬 (단체)
2023-05-25,158,5,Spring,0,0,0,느티나무 셀프BBQ,참이슬 (단체)
2023-05-26,10,5,Spring,0,0,0,느티나무 셀프BBQ,참이슬 (단체)
2023-05-27,0,5,Spring,1,1,1,느티나무 셀프BBQ,참이슬 (단체)
2023-05-28,0,5,Spring,1,0,1,느티나무 셀프BBQ,참이슬 (단체)
2023-05-29,0,5,Spring,0,1,1,느티나무 셀프BBQ,참이슬 (단체)
2023-05-30,65,5,Spring,0,0,0,느티나무 셀프BBQ,참이슬 (단체)
2023-05-31,14,5,Spring,0,0,0,느티나무 셀프BBQ,참이슬 (단체)
2023-06-01,31,6,Summer,0,0,0,느티나무 셀프BBQ,참이슬 (단체)
2023-06-02,49,6,Summer,0,0,0,느티나무 셀프BBQ,참이슬 (단체)
2023-06-03,0,6,Summer,1,0,1,느티나무 셀프BBQ,참이슬 (단체)
2023-06-04,0,6,Summer,1,0,1,느티나무 셀프BBQ,참이슬 (단체)
2023-06-05,0,6,Summer,0,0,0,느티나무 셀프BBQ,참이슬 (단체)
2023-06-06,0,6,Summer,0,1,1,느티나무 셀프BBQ,참이슬 (단체)
2023-06-07,0,6,Summer,0,0,0,느티나무 셀프BBQ,참이슬 (단체)
2023-06-08,81,6,Summer,0,0,0,느티나무 셀프BBQ,참이슬 (단체)
2023-06-09,48,6,Summer,0,0,0,느티나무 셀프BBQ,참이슬 (단체)
2023-06-10,0,6,Summer,1,0,1,느티나무 셀프BBQ,참이슬 (단체)
2023-06-11,0,6,Summer,1,0,1,느티나무 셀프BBQ,참이슬 (단체)
2023-06-12,183,6,Summer,0,0,0,느티나무 셀프BBQ,참이슬 (단체)
2023-06-13,0,6,Summer,0,0,0,느티나무 셀프BBQ,참이슬 (단체)
2023-06-14,133,6,Summer,0,0,0,느티나무 셀프BBQ,참이슬 (단체)
2023-06-15,42,6,Summer,0,0,0,느티나무 셀프BBQ,참이슬 (단체)
2023-06-16,384,6,Summer,0,0,0,느티나무 셀프BBQ,참이슬 (단체)
2023-06-17,0,6,Summer,1,0,1,느티나무 셀프BBQ,참이슬 (단체)
2023-06-18,0,6,Summer,1,0,1,느티나무 셀프BBQ,참이슬 (단체)
2023-06-19,138,6,Summer,0,0,0,느티나무 셀프BBQ,참이슬 (단체)
2023-06-20,21,6,Summer,0,0,0,느티나무 셀프BBQ,참이슬 (단체)
2023-06-21,125,6,Summer,0,0,0,느티나무 셀프BBQ,참이슬 (단체)
2023-06-22,217,6,Summer,0,0,0,느티나무 셀프BBQ,참이슬 (단체)
2023-06-23,40,6,Summer,0,0,0,느티나무 셀프BBQ,참이슬 (단체)
2023-06-24,0,6,Summer,1,0,1,느티나무 셀프BBQ,참이슬 (단체)
2023-06-25,0,6,Summer,1,0,1,느티나무 셀프BBQ,참이슬 (단체)
2023-06-26,58,6,Summer,0,0,0,느티나무 셀프BBQ,참이슬 (단체)
2023-06-27,0,6,Summer,0,0,0,느티나무 셀프BBQ,참이슬 (단체)
2023-06-28,38,6,Summer,0,0,0,느티나무 셀프BBQ,참이슬 (단체)
2023-06-29,160,6,Summer,0,0,0,느티나무 셀프BBQ,참이슬 (단체)
2023-06-30,121,6,Summer,0,0,0,느티나무 셀프BBQ,참이슬 (단체)
2023-07-01,0,7,Summer,1,0,1,느티나무 셀프BBQ,참이슬 (단체)
2023-07-02,0,7,Summer,1,0,1,느티나무 셀프BBQ,참이슬 (단체)
2023-07-03,0,7,Summer,0,0,0,느티나무 셀프BBQ,참이슬 (단체)
2023-07-04,170,7,Summer,0,0,0,느티나무 셀프BBQ,참이슬 (단체)
2023-07-05,0,7,Summer,0,0,0,느티나무 셀프BBQ,참이슬 (단체)
2023-07-06,54,7,Summer,0,0,0,느티나무 셀프BBQ,참이슬 (단체)
2023-07-07,20,7,Summer,0,0,0,느티나무 셀프BBQ,참이슬 (단체)
2023-07-08,0,7,Summer,1,0,1,느티나무 셀프BBQ,참이슬 (단체)
2023-07-09,0,7,Summer,1,0,1,느티나무 셀프BBQ,참이슬 (단체)
2023-07-10,0,7,Summer,0,0,0,느티나무 셀프BBQ,참이슬 (단체)
2023-07-11,7,7,Summer,0,0,0,느티나무 셀프BBQ,참이슬 (단체)
2023-07-12,42,7,Summer,0,0,0,느티나무 셀프BBQ,참이슬 (단체)
2023-07-13,130,7,Summer,0,0,0,느티나무 셀프BBQ,참이슬 (단체)
2023-07-14,100,7,Summer,0,0,0,느티나무 셀프BBQ,참이슬 (단체)
2023-07-15,6,7,Summer,1,0,1,느티나무 셀프BBQ,참이슬 (단체)
2023-07-16,0,7,Summer,1,0,1,느티나무 셀프BBQ,참이슬 (단체)
2023-07-17,35,7,Summer,0,0,0,느티나무 셀프BBQ,참이슬 (단체)
2023-07-18,8,7,Summer,0,0,0,느티나무 셀프BBQ,참이슬 (단체)
2023-07-19,41,7,Summer,0,0,0,느티나무 셀프BBQ,참이슬 (단체)
2023-07-20,0,7,Summer,0,0,0,느티나무 셀프BBQ,참이슬 (단체)
2023-07-21,0,7,Summer,0,0,0,느티나무 셀프BBQ,참이슬 (단체)
2023-07-22,0,7,Summer,1,0,1,느티나무 셀프BBQ,참이슬 (단체)
2023-07-23,0,7,Summer,1,0,1,느티나무 셀프BBQ,참이슬 (단체)
2023-07-24,0,7,Summer,0,0,0,느티나무 셀프BBQ,참이슬 (단체)
2023-07-25,0,7,Summer,0,0,0,느티나무 셀프BBQ,참이슬 (단체)
2023-07-26,0,7,Summer,0,0,0,느티나무 셀프BBQ,참이슬 (단체)
2023-07-27,12,7,Summer,0,0,0,느티나무 셀프BBQ,참이슬 (단체)
2023-07-28,0,7,Summer,0,0,0,느티나무 셀프BBQ,참이슬 (단체)
2023-07-29,0,7,Summer,1,0,1,느티나무 셀프BBQ,참이슬 (단체)
2023-07-30,0,7,Summer,1,0,1,느티나무 셀프BBQ,참이슬 (단체)
2023-07-31,0,7,Summer,0,0,0,느티나무 셀프BBQ,참이슬 (단체)
2023-08-01,0,8,Summer,0,0,0,느티나무 셀프BBQ,참이슬 (단체)
2023-08-02,0,8,Summer,0,0,0,느티나무 셀프BBQ,참이슬 (단체)
2023-08-03,0,8,Summer,0,0,0,느티나무 셀프BBQ,참이슬 (단체)
2023-08-04,0,8,Summer,0,0,0,느티나무 셀프BBQ,참이슬 (단체)
2023-08-05,0,8,Summer,1,0,1,느티나무 셀프BBQ,참이슬 (단체)
2023-08-06,0,8,Summer,1,0,1,느티나무 셀프BBQ,참이슬 (단체)
2023-08-07,0,8,Summer,0,0,0,느티나무 셀프BBQ,참이슬 (단체)
2023-08-08,0,8,Summer,0,0,0,느티나무 셀프BBQ,참이슬 (단체)
2023-08-09,0,8,Summer,0,0,0,느티나무 셀프BBQ,참이슬 (단체)
2023-08-10,108,8,Summer,0,0,0,느티나무 셀프BBQ,참이슬 (단체)
2023-08-11,9,8,Summer,0,0,0,느티나무 셀프BBQ,참이슬 (단체)
2023-08-12,0,8,Summer,1,0,1,느티나무 셀프BBQ,참이슬 (단체)
2023-08-13,0,8,Summer,1,0,1,느티나무 셀프BBQ,참이슬 (단체)
2023-08-14,0,8,Summer,0,0,0,느티나무 셀프BBQ,참이슬 (단체)
2023-08-15,0,8,Summer,0,1,1,느티나무 셀프BBQ,참이슬 (단체)
2023-08-16,5,8,Summer,0,0,0,느티나무 셀프BBQ,참이슬 (단체)
2023-08-17,10,8,Summer,0,0,0,느티나무 셀프BBQ,참이슬 (단체)
2023-08-18,70,8,Summer,0,0,0,느티나무 셀프BBQ,참이슬 (단체)
2023-08-19,0,8,Summer,1,0,1,느티나무 셀프BBQ,참이슬 (단체)
2023-08-20,0,8,Summer,1,0,1,느티나무 셀프BBQ,참이슬 (단체)
2023-08-21,19,8,Summer,0,0,0,느티나무 셀프BBQ,참이슬 (단체)
2023-08-22,14,8,Summer,0,0,0,느티나무 셀프BBQ,참이슬 (단체)
2023-08-23,0,8,Summer,0,0,0,느티나무 셀프BBQ,참이슬 (단체)
2023-08-24,24,8,Summer,0,0,0,느티나무 셀프BBQ,참이슬 (단체)
2023-08-25,37,8,Summer,0,0,0,느티나무 셀프BBQ,참이슬 (단체)
2023-08-26,0,8,Summer,1,0,1,느티나무 셀프BBQ,참이슬 (단체)
2023-08-27,0,8,Summer,1,0,1,느티나무 셀프BBQ,참이슬 (단체)
2023-08-28,9,8,Summer,0,0,0,느티나무 셀프BBQ,참이슬 (단체)
2023-08-29,41,8,Summer,0,0,0,느티나무 셀프BBQ,참이슬 (단체)
2023-08-30,150,8,Summer,0,0,0,느티나무 셀프BBQ,참이슬 (단체)
2023-08-31,139,8,Summer,0,0,0,느티나무 셀프BBQ,참이슬 (단체)
2023-09-01,26,9,Autumn,0,0,0,느티나무 셀프BBQ,참이슬 (단체)
2023-09-02,0,9,Autumn,1,0,1,느티나무 셀프BBQ,참이슬 (단체)
2023-09-03,0,9,Autumn,1,0,1,느티나무 셀프BBQ,참이슬 (단체)
2023-09-04,0,9,Autumn,0,0,0,느티나무 셀프BBQ,참이슬 (단체)
2023-09-05,0,9,Autumn,0,0,0,느티나무 셀프BBQ,참이슬 (단체)
2023-09-06,38,9,Autumn,0,0,0,느티나무 셀프BBQ,참이슬 (단체)
2023-09-07,55,9,Autumn,0,0,0,느티나무 셀프BBQ,참이슬 (단체)
2023-09-08,27,9,Autumn,0,0,0,느티나무 셀프BBQ,참이슬 (단체)
2023-09-09,25,9,Autumn,1,0,1,느티나무 셀프BBQ,참이슬 (단체)
2023-09-10,0,9,Autumn,1,0,1,느티나무 셀프BBQ,참이슬 (단체)
2023-09-11,0,9,Autumn,0,0,0,느티나무 셀프BBQ,참이슬 (단체)
2023-09-12,85,9,Autumn,0,0,0,느티나무 셀프BBQ,참이슬 (단체)
2023-09-13,92,9,Autumn,0,0,0,느티나무 셀프BBQ,참이슬 (단체)
2023-09-14,91,9,Autumn,0,0,0,느티나무 셀프BBQ,참이슬 (단체)
2023-09-15,69,9,Autumn,0,0,0,느티나무 셀프BBQ,참이슬 (단체)
2023-09-16,2,9,Autumn,1,0,1,느티나무 셀프BBQ,참이슬 (단체)
2023-09-17,0,9,Autumn,1,0,1,느티나무 셀프BBQ,참이슬 (단체)
2023-09-18,0,9,Autumn,0,0,0,느티나무 셀프BBQ,참이슬 (단체)
2023-09-19,49,9,Autumn,0,0,0,느티나무 셀프BBQ,참이슬 (단체)
2023-09-20,79,9,Autumn,0,0,0,느티나무 셀프BBQ,참이슬 (단체)
2023-09-21,76,9,Autumn,0,0,0,느티나무 셀프BBQ,참이슬 (단체)
2023-09-22,61,9,Autumn,0,0,0,느티나무 셀프BBQ,참이슬 (단체)
2023-09-23,209,9,Autumn,1,0,1,느티나무 셀프BBQ,참이슬 (단체)
2023-09-24,0,9,Autumn,1,0,1,느티나무 셀프BBQ,참이슬 (단체)
2023-09-25,0,9,Autumn,0,0,0,느티나무 셀프BBQ,참이슬 (단체)
2023-09-26,0,9,Autumn,0,0,0,느티나무 셀프BBQ,참이슬 (단체)
2023-09-27,0,9,Autumn,0,0,0,느티나무 셀프BBQ,참이슬 (단체)
2023-09-28,0,9,Autumn,0,1,1,느티나무 셀프BBQ,참이슬 (단체)
2023-09-29,0,9,Autumn,0,1,1,느티나무 셀프BBQ,참이슬 (단체)
2023-09-30,0,9,Autumn,1,1,1,느티나무 셀프BBQ,참이슬 (단체)
2023-10-01,0,10,Autumn,1,0,1,느티나무 셀프BBQ,참이슬 (단체)
2023-10-02,0,10,Autumn,0,1,1,느티나무 셀프BBQ,참이슬 (단체)
2023-10-03,0,10,Autumn,0,1,1,느티나무 셀프BBQ,참이슬 (단체)
2023-10-04,40,10,Autumn,0,0,0,느티나무 셀프BBQ,참이슬 (단체)
2023-10-05,101,10,Autumn,0,0,0,느티나무 셀프BBQ,참이슬 (단체)
2023-10-06,23,10,Autumn,0,0,0,느티나무 셀프BBQ,참이슬 (단체)
2023-10-07,0,10,Autumn,1,0,1,느티나무 셀프BBQ,참이슬 (단체)
2023-10-08,0,10,Autumn,1,0,1,느티나무 셀프BBQ,참이슬 (단체)
2023-10-09,0,10,Autumn,0,1,1,느티나무 셀프BBQ,참이슬 (단체)
2023-10-10,0,10,Autumn,0,0,0,느티나무 셀프BBQ,참이슬 (단체)
2023-10-11,69,10,Autumn,0,0,0,느티나무 셀프BBQ,참이슬 (단체)
2023-10-12,73,10,Autumn,0,0,0,느티나무 셀프BBQ,참이슬 (단체)
2023-10-13,106,10,Autumn,0,0,0,느티나무 셀프BBQ,참이슬 (단체)
2023-10-14,0,10,Autumn,1,0,1,느티나무 셀프BBQ,참이슬 (단체)
2023-10-15,0,10,Autumn,1,0,1,느티나무 셀프BBQ,참이슬 (단체)
2023-10-16,104,10,Autumn,0,0,0,느티나무 셀프BBQ,참이슬 (단체)
2023-10-17,5,10,Autumn,0,0,0,느티나무 셀프BBQ,참이슬 (단체)
2023-10-18,35,10,Autumn,0,0,0,느티나무 셀프BBQ,참이슬 (단체)
2023-10-19,134,10,Autumn,0,0,0,느티나무 셀프BBQ,참이슬 (단체)
2023-10-20,91,10,Autumn,0,0,0,느티나무 셀프BBQ,참이슬 (단체)
2023-10-21,0,10,Autumn,1,0,1,느티나무 셀프BBQ,참이슬 (단체)
2023-10-22,0,10,Autumn,1,0,1,느티나무 셀프BBQ,참이슬 (단체)
2023-10-23,81,10,Autumn,0,0,0,느티나무 셀프BBQ,참이슬 (단체)
2023-10-24,0,10,Autumn,0,0,0,느티나무 셀프BBQ,참이슬 (단체)
2023-10-25,54,10,Autumn,0,0,0,느티나무 셀프BBQ,참이슬 (단체)
2023-10-26,161,10,Autumn,0,0,0,느티나무 셀프BBQ,참이슬 (단체)
2023-10-27,0,10,Autumn,0,0,0,느티나무 셀프BBQ,참이슬 (단체)
2023-10-28,10,10,Autumn,1,0,1,느티나무 셀프BBQ,참이슬 (단체)
2023-10-29,0,10,Autumn,1,0,1,느티나무 셀프BBQ,참이슬 (단체)
2023-10-30,0,10,Autumn,0,0,0,느티나무 셀프BBQ,참이슬 (단체)
2023-10-31,16,10,Autumn,0,0,0,느티나무 셀프BBQ,참이슬 (단체)
2023-11-01,242,11,Autumn,0,0,0,느티나무 셀프BBQ,참이슬 (단체)
2023-11-02,57,11,Autumn,0,0,0,느티나무 셀프BBQ,참이슬 (단체)
2023-11-03,96,11,Autumn,0,0,0,느티나무 셀프BBQ,참이슬 (단체)
2023-11-04,0,11,Autumn,1,0,1,느티나무 셀프BBQ,참이슬 (단체)
2023-11-05,0,11,Autumn,1,0,1,느티나무 셀프BBQ,참이슬 (단체)
2023-11-06,5,11,Autumn,0,0,0,느티나무 셀프BBQ,참이슬 (단체)
2023-11-07,13,11,Autumn,0,0,0,느티나무 셀프BBQ,참이슬 (단체)
2023-11-08,85,11,Autumn,0,0,0,느티나무 셀프BBQ,참이슬 (단체)
2023-11-09,89,11,Autumn,0,0,0,느티나무 셀프BBQ,참이슬 (단체)
2023-11-10,22,11,Autumn,0,0,0,느티나무 셀프BBQ,참이슬 (단체)
2023-11-11,0,11,Autumn,1,0,1,느티나무 셀프BBQ,참이슬 (단체)
2023-11-12,0,11,Autumn,1,0,1,느티나무 셀프BBQ,참이슬 (단체)
2023-11-13,30,11,Autumn,0,0,0,느티나무 셀프BBQ,참이슬 (단체)
2023-11-14,0,11,Autumn,0,0,0,느티나무 셀프BBQ,참이슬 (단체)
2023-11-15,106,11,Autumn,0,0,0,느티나무 셀프BBQ,참이슬 (단체)
2023-11-16,15,11,Autumn,0,0,0,느티나무 셀프BBQ,참이슬 (단체)
2023-11-17,81,11,Autumn,0,0,0,느티나무 셀프BBQ,참이슬 (단체)
2023-11-18,0,11,Autumn,1,0,1,느티나무 셀프BBQ,참이슬 (단체)
2023-11-19,0,11,Autumn,1,0,1,느티나무 셀프BBQ,참이슬 (단체)
2023-11-20,8,11,Autumn,0,0,0,느티나무 셀프BBQ,참이슬 (단체)
2023-11-21,0,11,Autumn,0,0,0,느티나무 셀프BBQ,참이슬 (단체)
2023-11-22,64,11,Autumn,0,0,0,느티나무 셀프BBQ,참이슬 (단체)
2023-11-23,36,11,Autumn,0,0,0,느티나무 셀프BBQ,참이슬 (단체)
2023-11-24,46,11,Autumn,0,0,0,느티나무 셀프BBQ,참이슬 (단체)
2023-11-25,0,11,Autumn,1,0,1,느티나무 셀프BBQ,참이슬 (단체)
2023-11-26,0,11,Autumn,1,0,1,느티나무 셀프BBQ,참이슬 (단체)
2023-11-27,56,11,Autumn,0,0,0,느티나무 셀프BBQ,참이슬 (단체)
2023-11-28,6,11,Autumn,0,0,0,느티나무 셀프BBQ,참이슬 (단체)
2023-11-29,0,11,Autumn,0,0,0,느티나무 셀프BBQ,참이슬 (단체)
2023-11-30,75,11,Autumn,0,0,0,느티나무 셀프BBQ,참이슬 (단체)
2023-12-01,4,12,Winter,0,0,0,느티나무 셀프BBQ,참이슬 (단체)
2023-12-02,0,12,Winter,1,0,1,느티나무 셀프BBQ,참이슬 (단체)
2023-12-03,0,12,Winter,1,0,1,느티나무 셀프BBQ,참이슬 (단체)
2023-12-04,0,12,Winter,0,0,0,느티나무 셀프BBQ,참이슬 (단체)
2023-12-05,5,12,Winter,0,0,0,느티나무 셀프BBQ,참이슬 (단체)
2023-12-06,94,12,Winter,0,0,0,느티나무 셀프BBQ,참이슬 (단체)
2023-12-07,72,12,Winter,0,0,0,느티나무 셀프BBQ,참이슬 (단체)
2023-12-08,89,12,Winter,0,0,0,느티나무 셀프BBQ,참이슬 (단체)
2023-12-09,0,12,Winter,1,0,1,느티나무 셀프BBQ,참이슬 (단체)
2023-12-10,0,12,Winter,1,0,1,느티나무 셀프BBQ,참이슬 (단체)
2023-12-11,38,12,Winter,0,0,0,느티나무 셀프BBQ,참이슬 (단체)
2023-12-12,0,12,Winter,0,0,0,느티나무 셀프BBQ,참이슬 (단체)
2023-12-13,0,12,Winter,0,0,0,느티나무 셀프BBQ,참이슬 (단체)
2023-12-14,75,12,Winter,0,0,0,느티나무 셀프BBQ,참이슬 (단체)
2023-12-15,0,12,Winter,0,0,0,느티나무 셀프BBQ,참이슬 (단체)
2023-12-16,0,12,Winter,1,0,1,느티나무 셀프BBQ,참이슬 (단체)
2023-12-17,0,12,Winter,1,0,1,느티나무 셀프BBQ,참이슬 (단체)
2023-12-18,95,12,Winter,0,0,0,느티나무 셀프BBQ,참이슬 (단체)
2023-12-19,25,12,Winter,0,0,0,느티나무 셀프BBQ,참이슬 (단체)
2023-12-20,0,12,Winter,0,0,0,느티나무 셀프BBQ,참이슬 (단체)
2023-12-21,30,12,Winter,0,0,0,느티나무 셀프BBQ,참이슬 (단체)
2023-12-22,26,12,Winter,0,0,0,느티나무 셀프BBQ,참이슬 (단체)
2023-12-23,0,12,Winter,1,0,1,느티나무 셀프BBQ,참이슬 (단체)
2023-12-24,0,12,Winter,1,0,1,느티나무 셀프BBQ,참이슬 (단체)
2023-12-25,0,12,Winter,0,1,1,느티나무 셀프BBQ,참이슬 (단체)
2023-12-26,0,12,Winter,0,0,0,느티나무 셀프BBQ,참이슬 (단체)
2023-12-27,12,12,Winter,0,0,0,느티나무 셀프BBQ,참이슬 (단체)
2023-12-28,0,12,Winter,0,0,0,느티나무 셀프BBQ,참이슬 (단체)
2023-12-29,0,12,Winter,0,0,0,느티나무 셀프BBQ,참이슬 (단체)
2023-12-30,0,12,Winter,1,0,1,느티나무 셀프BBQ,참이슬 (단체)
2023-12-31,0,12,Winter,1,0,1,느티나무 셀프BBQ,참이슬 (단체)
2024-01-01,0,1,Winter,0,1,1,느티나무 셀프BBQ,참이슬 (단체)
2024-01-02,0,1,Winter,0,0,0,느티나무 셀프BBQ,참이슬 (단체)
2024-01-03,0,1,Winter,0,0,0,느티나무 셀프BBQ,참이슬 (단체)
2024-01-04,13,1,Winter,0,0,0,느티나무 셀프BBQ,참이슬 (단체)
2024-01-05,0,1,Winter,0,0,0,느티나무 셀프BBQ,참이슬 (단체)
2024-01-06,0,1,Winter,1,0,1,느티나무 셀프BBQ,참이슬 (단체)
2024-01-07,33,1,Winter,1,0,1,느티나무 셀프BBQ,참이슬 (단체)
2024-01-08,27,1,Winter,0,0,0,느티나무 셀프BBQ,참이슬 (단체)
2024-01-09,0,1,Winter,0,0,0,느티나무 셀프BBQ,참이슬 (단체)
2024-01-10,0,1,Winter,0,0,0,느티나무 셀프BBQ,참이슬 (단체)
2024-01-11,31,1,Winter,0,0,0,느티나무 셀프BBQ,참이슬 (단체)
2024-01-12,0,1,Winter,0,0,0,느티나무 셀프BBQ,참이슬 (단체)
2024-01-13,0,1,Winter,1,0,1,느티나무 셀프BBQ,참이슬 (단체)
2024-01-14,0,1,Winter,1,0,1,느티나무 셀프BBQ,참이슬 (단체)
2024-01-15,0,1,Winter,0,0,0,느티나무 셀프BBQ,참이슬 (단체)
2024-01-16,19,1,Winter,0,0,0,느티나무 셀프BBQ,참이슬 (단체)
2024-01-17,22,1,Winter,0,0,0,느티나무 셀프BBQ,참이슬 (단체)
2024-01-18,26,1,Winter,0,0,0,느티나무 셀프BBQ,참이슬 (단체)
2024-01-19,3,1,Winter,0,0,0,느티나무 셀프BBQ,참이슬 (단체)
2024-01-20,0,1,Winter,1,0,1,느티나무 셀프BBQ,참이슬 (단체)
2024-01-21,0,1,Winter,1,0,1,느티나무 셀프BBQ,참이슬 (단체)
2024-01-22,0,1,Winter,0,0,0,느티나무 셀프BBQ,참이슬 (단체)
2024-01-23,0,1,Winter,0,0,0,느티나무 셀프BBQ,참이슬 (단체)
2024-01-24,20,1,Winter,0,0,0,느티나무 셀프BBQ,참이슬 (단체)
2024-01-25,11,1,Winter,0,0,0,느티나무 셀프BBQ,참이슬 (단체)
2024-01-26,0,1,Winter,0,0,0,느티나무 셀프BBQ,참이슬 (단체)
2024-01-27,0,1,Winter,1,0,1,느티나무 셀프BBQ,참이슬 (단체)
2024-01-28,0,1,Winter,1,0,1,느티나무 셀프BBQ,참이슬 (단체)
2024-01-29,8,1,Winter,0,0,0,느티나무 셀프BBQ,참이슬 (단체)
2024-01-30,0,1,Winter,0,0,0,느티나무 셀프BBQ,참이슬 (단체)
2024-01-31,0,1,Winter,0,0,0,느티나무 셀프BBQ,참이슬 (단체)
2024-02-01,4,2,Winter,0,0,0,느티나무 셀프BBQ,참이슬 (단체)
2024-02-02,0,2,Winter,0,0,0,느티나무 셀프BBQ,참이슬 (단체)
2024-02-03,6,2,Winter,1,0,1,느티나무 셀프BBQ,참이슬 (단체)
2024-02-04,0,2,Winter,1,0,1,느티나무 셀프BBQ,참이슬 (단체)
2024-02-05,9,2,Winter,0,0,0,느티나무 셀프BBQ,참이슬 (단체)
2024-02-06,0,2,Winter,0,0,0,느티나무 셀프BBQ,참이슬 (단체)
2024-02-07,0,2,Winter,0,0,0,느티나무 셀프BBQ,참이슬 (단체)
2024-02-08,0,2,Winter,0,0,0,느티나무 셀프BBQ,참이슬 (단체)
2024-02-09,0,2,Winter,0,1,1,느티나무 셀프BBQ,참이슬 (단체)
2024-02-10,0,2,Winter,1,1,1,느티나무 셀프BBQ,참이슬 (단체)
2024-02-11,0,2,Winter,1,1,1,느티나무 셀프BBQ,참이슬 (단체)
2024-02-12,0,2,Winter,0,1,1,느티나무 셀프BBQ,참이슬 (단체)
2024-02-13,0,2,Winter,0,0,0,느티나무 셀프BBQ,참이슬 (단체)
2024-02-14,1,2,Winter,0,0,0,느티나무 셀프BBQ,참이슬 (단체)
2024-02-15,55,2,Winter,0,0,0,느티나무 셀프BBQ,참이슬 (단체)
2024-02-16,0,2,Winter,0,0,0,느티나무 셀프BBQ,참이슬 (단체)
2024-02-17,2,2,Winter,1,0,1,느티나무 셀프BBQ,참이슬 (단체)
2024-02-18,0,2,Winter,1,0,1,느티나무 셀프BBQ,참이슬 (단체)
2024-02-19,18,2,Winter,0,0,0,느티나무 셀프BBQ,참이슬 (단체)
2024-02-20,21,2,Winter,0,0,0,느티나무 셀프BBQ,참이슬 (단체)
2024-02-21,13,2,Winter,0,0,0,느티나무 셀프BBQ,참이슬 (단체)
2024-02-22,0,2,Winter,0,0,0,느티나무 셀프BBQ,참이슬 (단체)
2024-02-23,9,2,Winter,0,0,0,느티나무 셀프BBQ,참이슬 (단체)
2024-02-24,0,2,Winter,1,0,1,느티나무 셀프BBQ,참이슬 (단체)
2024-02-25,0,2,Winter,1,0,1,느티나무 셀프BBQ,참이슬 (단체)
2024-02-26,0,2,Winter,0,0,0,느티나무 셀프BBQ,참이슬 (단체)
2024-02-27,0,2,Winter,0,0,0,느티나무 셀프BBQ,참이슬 (단체)
2024-02-28,0,2,Winter,0,0,0,느티나무 셀프BBQ,참이슬 (단체)
2024-02-29,0,2,Winter,0,0,0,느티나무 셀프BBQ,참이슬 (단체)
2024-03-01,0,3,Spring,0,1,1,느티나무 셀프BBQ,참이슬 (단체)
2024-03-02,0,3,Spring,1,0,1,느티나무 셀프BBQ,참이슬 (단체)
2024-03-03,0,3,Spring,1,0,1,느티나무 셀프BBQ,참이슬 (단체)
2024-03-04,0,3,Spring,0,0,0,느티나무 셀프BBQ,참이슬 (단체)
2024-03-05,0,3,Spring,0,0,0,느티나무 셀프BBQ,참이슬 (단체)
2024-03-06,0,3,Spring,0,0,0,느티나무 셀프BBQ,참이슬 (단체)
2024-03-07,0,3,Spring,0,0,0,느티나무 셀프BBQ,참이슬 (단체)
2024-03-08,0,3,Spring,0,0,0,느티나무 셀프BBQ,참이슬 (단체)
2024-03-09,0,3,Spring,1,0,1,느티나무 셀프BBQ,참이슬 (단체)
2024-03-10,0,3,Spring,1,0,1,느티나무 셀프BBQ,참이슬 (단체)
2024-03-11,0,3,Spring,0,0,0,느티나무 셀프BBQ,참이슬 (단체)
2024-03-12,0,3,Spring,0,0,0,느티나무 셀프BBQ,참이슬 (단체)
2024-03-13,0,3,Spring,0,0,0,느티나무 셀프BBQ,참이슬 (단체)
2024-03-14,17,3,Spring,0,0,0,느티나무 셀프BBQ,참이슬 (단체)
2024-03-15,0,3,Spring,0,0,0,느티나무 셀프BBQ,참이슬 (단체)
2024-03-16,0,3,Spring,1,0,1,느티나무 셀프BBQ,참이슬 (단체)
2024-03-17,0,3,Spring,1,0,1,느티나무 셀프BBQ,참이슬 (단체)
2024-03-18,8,3,Spring,0,0,0,느티나무 셀프BBQ,참이슬 (단체)
2024-03-19,10,3,Spring,0,0,0,느티나무 셀프BBQ,참이슬 (단체)
2024-03-20,23,3,Spring,0,0,0,느티나무 셀프BBQ,참이슬 (단체)
2024-03-21,142,3,Spring,0,0,0,느티나무 셀프BBQ,참이슬 (단체)
2024-03-22,40,3,Spring,0,0,0,느티나무 셀프BBQ,참이슬 (단체)
2024-03-23,0,3,Spring,1,0,1,느티나무 셀프BBQ,참이슬 (단체)
2024-03-24,0,3,Spring,1,0,1,느티나무 셀프BBQ,참이슬 (단체)
2024-03-25,27,3,Spring,0,0,0,느티나무 셀프BBQ,참이슬 (단체)
2024-03-26,0,3,Spring,0,0,0,느티나무 셀프BBQ,참이슬 (단체)
2024-03-27,5,3,Spring,0,0,0,느티나무 셀프BBQ,참이슬 (단체)
2024-03-28,78,3,Spring,0,0,0,느티나무 셀프BBQ,참이슬 (단체)
2024-03-29,30,3,Spring,0,0,0,느티나무 셀프BBQ,참이슬 (단체)
2024-03-30,0,3,Spring,1,0,1,느티나무 셀프BBQ,참이슬 (단체)
2024-03-31,0,3,Spring,1,0,1,느티나무 셀프BBQ,참이슬 (단체)
2024-04-01,0,4,Spring,0,0,0,느티나무 셀프BBQ,참이슬 (단체)
2024-04-02,0,4,Spring,0,0,0,느티나무 셀프BBQ,참이슬 (단체)
2024-04-03,0,4,Spring,0,0,0,느티나무 셀프BBQ,참이슬 (단체)
2024-04-04,18,4,Spring,0,0,0,느티나무 셀프BBQ,참이슬 (단체)
2024-04-05,0,4,Spring,0,0,0,느티나무 셀프BBQ,참이슬 (단체)
2024-04-06,0,4,Spring,1,0,1,느티나무 셀프BBQ,참이슬 (단체)
2024-04-07,0,4,Spring,1,0,1,느티나무 셀프BBQ,참이슬 (단체)
2024-04-08,0,4,Spring,0,0,0,느티나무 셀프BBQ,참이슬 (단체)
2024-04-09,0,4,Spring,0,0,0,느티나무 셀프BBQ,참이슬 (단체)
2024-04-10,0,4,Spring,0,1,1,느티나무 셀프BBQ,참이슬 (단체)
2024-04-11,14,4,Spring,0,0,0,느티나무 셀프BBQ,참이슬 (단체)
2024-04-12,124,4,Spring,0,0,0,느티나무 셀프BBQ,참이슬 (단체)
2024-04-13,0,4,Spring,1,0,1,느티나무 셀프BBQ,참이슬 (단체)
2024-04-14,0,4,Spring,1,0,1,느티나무 셀프BBQ,참이슬 (단체)
2024-04-15,23,4,Spring,0,0,0,느티나무 셀프BBQ,참이슬 (단체)
2024-04-16,67,4,Spring,0,0,0,느티나무 셀프BBQ,참이슬 (단체)
2024-04-17,0,4,Spring,0,0,0,느티나무 셀프BBQ,참이슬 (단체)
2024-04-18,91,4,Spring,0,0,0,느티나무 셀프BBQ,참이슬 (단체)
2024-04-19,10,4,Spring,0,0,0,느티나무 셀프BBQ,참이슬 (단체)
2024-04-20,0,4,Spring,1,0,1,느티나무 셀프BBQ,참이슬 (단체)
2024-04-21,0,4,Spring,1,0,1,느티나무 셀프BBQ,참이슬 (단체)
2024-04-22,149,4,Spring,0,0,0,느티나무 셀프BBQ,참이슬 (단체)
2024-04-23,0,4,Spring,0,0,0,느티나무 셀프BBQ,참이슬 (단체)
2024-04-24,0,4,Spring,0,0,0,느티나무 셀프BBQ,참이슬 (단체)
2024-04-25,62,4,Spring,0,0,0,느티나무 셀프BBQ,참이슬 (단체)
2024-04-26,153,4,Spring,0,0,0,느티나무 셀프BBQ,참이슬 (단체)
2024-04-27,0,4,Spring,1,0,1,느티나무 셀프BBQ,참이슬 (단체)
2024-04-28,0,4,Spring,1,0,1,느티나무 셀프BBQ,참이슬 (단체)
2024-04-29,33,4,Spring,0,0,0,느티나무 셀프BBQ,참이슬 (단체)
2024-04-30,0,4,Spring,0,0,0,느티나무 셀프BBQ,참이슬 (단체)
2024-05-01,0,5,Spring,0,0,0,느티나무 셀프BBQ,참이슬 (단체)
2024-05-02,0,5,Spring,0,0,0,느티나무 셀프BBQ,참이슬 (단체)
2024-05-03,0,5,Spring,0,0,0,느티나무 셀프BBQ,참이슬 (단체)
2024-05-04,0,5,Spring,1,0,1,느티나무 셀프BBQ,참이슬 (단체)
2024-05-05,0,5,Spring,1,1,1,느티나무 셀프BBQ,참이슬 (단체)
2024-05-06,0,5,Spring,0,1,1,느티나무 셀프BBQ,참이슬 (단체)
2024-05-07,0,5,Spring,0,0,0,느티나무 셀프BBQ,참이슬 (단체)
2024-05-08,18,5,Spring,0,0,0,느티나무 셀프BBQ,참이슬 (단체)
2024-05-09,89,5,Spring,0,0,0,느티나무 셀프BBQ,참이슬 (단체)
2024-05-10,4,5,Spring,0,0,0,느티나무 셀프BBQ,참이슬 (단체)
2024-05-11,0,5,Spring,1,0,1,느티나무 셀프BBQ,참이슬 (단체)
2024-05-12,0,5,Spring,1,0,1,느티나무 셀프BBQ,참이슬 (단체)
2024-05-13,0,5,Spring,0,0,0,느티나무 셀프BBQ,참이슬 (단체)
2024-05-14,0,5,Spring,0,0,0,느티나무 셀프BBQ,참이슬 (단체)
2024-05-15,0,5,Spring,0,1,1,느티나무 셀프BBQ,참이슬 (단체)
2024-05-16,47,5,Spring,0,0,0,느티나무 셀프BBQ,참이슬 (단체)
2024-05-17,48,5,Spring,0,0,0,느티나무 셀프BBQ,참이슬 (단체)
2024-05-18,0,5,Spring,1,0,1,느티나무 셀프BBQ,참이슬 (단체)
2024-05-19,0,5,Spring,1,0,1,느티나무 셀프BBQ,참이슬 (단체)
2024-05-20,0,5,Spring,0,0,0,느티나무 셀프BBQ,참이슬 (단체)
2024-05-21,0,5,Spring,0,0,0,느티나무 셀프BBQ,참이슬 (단체)
2024-05-22,18,5,Spring,0,0,0,느티나무 셀프BBQ,참이슬 (단체)
2024-05-23,124,5,Spring,0,0,0,느티나무 셀프BBQ,참이슬 (단체)
2024-05-24,39,5,Spring,0,0,0,느티나무 셀프BBQ,참이슬 (단체)
2024-05-25,0,5,Spring,1,0,1,느티나무 셀프BBQ,참이슬 (단체)
2024-05-26,0,5,Spring,1,0,1,느티나무 셀프BBQ,참이슬 (단체)
2024-05-27,12,5,Spring,0,0,0,느티나무 셀프BBQ,참이슬 (단체)
2024-05-28,0,5,Spring,0,0,0,느티나무 셀프BBQ,참이슬 (단체)
2024-05-29,27,5,Spring,0,0,0,느티나무 셀프BBQ,참이슬 (단체)
2024-05-30,78,5,Spring,0,0,0,느티나무 셀프BBQ,참이슬 (단체)
2024-05-31,75,5,Spring,0,0,0,느티나무 셀프BBQ,참이슬 (단체)
2024-06-01,0,6,Summer,1,0,1,느티나무 셀프BBQ,참이슬 (단체)
2024-06-02,0,6,Summer,1,0,1,느티나무 셀프BBQ,참이슬 (단체)
2024-06-03,0,6,Summer,0,0,0,느티나무 셀프BBQ,참이슬 (단체)
2024-06-04,0,6,Summer,0,0,0,느티나무 셀프BBQ,참이슬 (단체)
2024-06-05,55,6,Summer,0,0,0,느티나무 셀프BBQ,참이슬 (단체)
2024-06-06,0,6,Summer,0,1,1,느티나무 셀프BBQ,참이슬 (단체)
2024-06-07,0,6,Summer,0,0,0,느티나무 셀프BBQ,참이슬 (단체)
2024-06-08,0,6,Summer,1,0,1,느티나무 셀프BBQ,참이슬 (단체)
2024-06-09,0,6,Summer,1,0,1,느티나무 셀프BBQ,참이슬 (단체)
2024-06-10,114,6,Summer,0,0,0,느티나무 셀프BBQ,참이슬 (단체)
2024-06-11,74,6,Summer,0,0,0,느티나무 셀프BBQ,참이슬 (단체)
2024-06-12,60,6,Summer,0,0,0,느티나무 셀프BBQ,참이슬 (단체)
2024-06-13,17,6,Summer,0,0,0,느티나무 셀프BBQ,참이슬 (단체)
2024-06-14,110,6,Summer,0,0,0,느티나무 셀프BBQ,참이슬 (단체)
2024-06-15,38,6,Summer,1,0,1,느티나무 셀프BBQ,참이슬 (단체)
2023-01-01,0,1,Winter,1,1,1,느티나무 셀프BBQ,친환경 접시 14cm
2023-01-02,0,1,Winter,0,0,0,느티나무 셀프BBQ,친환경 접시 14cm
2023-01-03,0,1,Winter,0,0,0,느티나무 셀프BBQ,친환경 접시 14cm
2023-01-04,0,1,Winter,0,0,0,느티나무 셀프BBQ,친환경 접시 14cm
2023-01-05,0,1,Winter,0,0,0,느티나무 셀프BBQ,친환경 접시 14cm
2023-01-06,0,1,Winter,0,0,0,느티나무 셀프BBQ,친환경 접시 14cm
2023-01-07,0,1,Winter,1,0,1,느티나무 셀프BBQ,친환경 접시 14cm
2023-01-08,0,1,Winter,1,0,1,느티나무 셀프BBQ,친환경 접시 14cm
2023-01-09,0,1,Winter,0,0,0,느티나무 셀프BBQ,친환경 접시 14cm
2023-01-10,0,1,Winter,0,0,0,느티나무 셀프BBQ,친환경 접시 14cm
2023-01-11,0,1,Winter,0,0,0,느티나무 셀프BBQ,친환경 접시 14cm
2023-01-12,0,1,Winter,0,0,0,느티나무 셀프BBQ,친환경 접시 14cm
2023-01-13,0,1,Winter,0,0,0,느티나무 셀프BBQ,친환경 접시 14cm
2023-01-14,0,1,Winter,1,0,1,느티나무 셀프BBQ,친환경 접시 14cm
2023-01-15,0,1,Winter,1,0,1,느티나무 셀프BBQ,친환경 접시 14cm
2023-01-16,0,1,Winter,0,0,0,느티나무 셀프BBQ,친환경 접시 14cm
2023-01-17,0,1,Winter,0,0,0,느티나무 셀프BBQ,친환경 접시 14cm
2023-01-18,0,1,Winter,0,0,0,느티나무 셀프BBQ,친환경 접시 14cm
2023-01-19,0,1,Winter,0,0,0,느티나무 셀프BBQ,친환경 접시 14cm
2023-01-20,0,1,Winter,0,0,0,느티나무 셀프BBQ,친환경 접시 14cm
2023-01-21,0,1,Winter,1,1,1,느티나무 셀프BBQ,친환경 접시 14cm
2023-01-22,1,1,Winter,1,1,1,느티나무 셀프BBQ,친환경 접시 14cm
2023-01-23,1,1,Winter,0,1,1,느티나무 셀프BBQ,친환경 접시 14cm
2023-01-24,0,1,Winter,0,1,1,느티나무 셀프BBQ,친환경 접시 14cm
2023-01-25,0,1,Winter,0,0,0,느티나무 셀프BBQ,친환경 접시 14cm
2023-01-26,1,1,Winter,0,0,0,느티나무 셀프BBQ,친환경 접시 14cm
2023-01-27,0,1,Winter,0,0,0,느티나무 셀프BBQ,친환경 접시 14cm
2023-01-28,0,1,Winter,1,0,1,느티나무 셀프BBQ,친환경 접시 14cm
2023-01-29,1,1,Winter,1,0,1,느티나무 셀프BBQ,친환경 접시 14cm
2023-01-30,0,1,Winter,0,0,0,느티나무 셀프BBQ,친환경 접시 14cm
2023-01-31,1,1,Winter,0,0,0,느티나무 셀프BBQ,친환경 접시 14cm
2023-02-01,2,2,Winter,0,0,0,느티나무 셀프BBQ,친환경 접시 14cm
2023-02-02,1,2,Winter,0,0,0,느티나무 셀프BBQ,친환경 접시 14cm
2023-02-03,0,2,Winter,0,0,0,느티나무 셀프BBQ,친환경 접시 14cm
2023-02-04,0,2,Winter,1,0,1,느티나무 셀프BBQ,친환경 접시 14cm
2023-02-05,1,2,Winter,1,0,1,느티나무 셀프BBQ,친환경 접시 14cm
2023-02-06,0,2,Winter,0,0,0,느티나무 셀프BBQ,친환경 접시 14cm
2023-02-07,1,2,Winter,0,0,0,느티나무 셀프BBQ,친환경 접시 14cm
2023-02-08,0,2,Winter,0,0,0,느티나무 셀프BBQ,친환경 접시 14cm
2023-02-09,3,2,Winter,0,0,0,느티나무 셀프BBQ,친환경 접시 14cm
2023-02-10,1,2,Winter,0,0,0,느티나무 셀프BBQ,친환경 접시 14cm
2023-02-11,2,2,Winter,1,0,1,느티나무 셀프BBQ,친환경 접시 14cm
2023-02-12,0,2,Winter,1,0,1,느티나무 셀프BBQ,친환경 접시 14cm
2023-02-13,1,2,Winter,0,0,0,느티나무 셀프BBQ,친환경 접시 14cm
2023-02-14,2,2,Winter,0,0,0,느티나무 셀프BBQ,친환경 접시 14cm
2023-02-15,0,2,Winter,0,0,0,느티나무 셀프BBQ,친환경 접시 14cm
2023-02-16,0,2,Winter,0,0,0,느티나무 셀프BBQ,친환경 접시 14cm
2023-02-17,0,2,Winter,0,0,0,느티나무 셀프BBQ,친환경 접시 14cm
2023-02-18,1,2,Winter,1,0,1,느티나무 셀프BBQ,친환경 접시 14cm
2023-02-19,0,2,Winter,1,0,1,느티나무 셀프BBQ,친환경 접시 14cm
2023-02-20,0,2,Winter,0,0,0,느티나무 셀프BBQ,친환경 접시 14cm
2023-02-21,0,2,Winter,0,0,0,느티나무 셀프BBQ,친환경 접시 14cm
2023-02-22,0,2,Winter,0,0,0,느티나무 셀프BBQ,친환경 접시 14cm
2023-02-23,0,2,Winter,0,0,0,느티나무 셀프BBQ,친환경 접시 14cm
2023-02-24,0,2,Winter,0,0,0,느티나무 셀프BBQ,친환경 접시 14cm
2023-02-25,2,2,Winter,1,0,1,느티나무 셀프BBQ,친환경 접시 14cm
2023-02-26,2,2,Winter,1,0,1,느티나무 셀프BBQ,친환경 접시 14cm
2023-02-27,1,2,Winter,0,0,0,느티나무 셀프BBQ,친환경 접시 14cm
2023-02-28,0,2,Winter,0,0,0,느티나무 셀프BBQ,친환경 접시 14cm
2023-03-01,0,3,Spring,0,1,1,느티나무 셀프BBQ,친환경 접시 14cm
2023-03-02,0,3,Spring,0,0,0,느티나무 셀프BBQ,친환경 접시 14cm
2023-03-03,0,3,Spring,0,0,0,느티나무 셀프BBQ,친환경 접시 14cm
2023-03-04,0,3,Spring,1,0,1,느티나무 셀프BBQ,친환경 접시 14cm
2023-03-05,0,3,Spring,1,0,1,느티나무 셀프BBQ,친환경 접시 14cm
2023-03-06,0,3,Spring,0,0,0,느티나무 셀프BBQ,친환경 접시 14cm
2023-03-07,0,3,Spring,0,0,0,느티나무 셀프BBQ,친환경 접시 14cm
2023-03-08,0,3,Spring,0,0,0,느티나무 셀프BBQ,친환경 접시 14cm
2023-03-09,0,3,Spring,0,0,0,느티나무 셀프BBQ,친환경 접시 14cm
2023-03-10,1,3,Spring,0,0,0,느티나무 셀프BBQ,친환경 접시 14cm
2023-03-11,0,3,Spring,1,0,1,느티나무 셀프BBQ,친환경 접시 14cm
2023-03-12,0,3,Spring,1,0,1,느티나무 셀프BBQ,친환경 접시 14cm
2023-03-13,0,3,Spring,0,0,0,느티나무 셀프BBQ,친환경 접시 14cm
2023-03-14,0,3,Spring,0,0,0,느티나무 셀프BBQ,친환경 접시 14cm
2023-03-15,0,3,Spring,0,0,0,느티나무 셀프BBQ,친환경 접시 14cm
2023-03-16,0,3,Spring,0,0,0,느티나무 셀프BBQ,친환경 접시 14cm
2023-03-17,0,3,Spring,0,0,0,느티나무 셀프BBQ,친환경 접시 14cm
2023-03-18,1,3,Spring,1,0,1,느티나무 셀프BBQ,친환경 접시 14cm
2023-03-19,0,3,Spring,1,0,1,느티나무 셀프BBQ,친환경 접시 14cm
2023-03-20,0,3,Spring,0,0,0,느티나무 셀프BBQ,친환경 접시 14cm
2023-03-21,0,3,Spring,0,0,0,느티나무 셀프BBQ,친환경 접시 14cm
2023-03-22,1,3,Spring,0,0,0,느티나무 셀프BBQ,친환경 접시 14cm
2023-03-23,0,3,Spring,0,0,0,느티나무 셀프BBQ,친환경 접시 14cm
2023-03-24,0,3,Spring,0,0,0,느티나무 셀프BBQ,친환경 접시 14cm
2023-03-25,1,3,Spring,1,0,1,느티나무 셀프BBQ,친환경 접시 14cm
2023-03-26,0,3,Spring,1,0,1,느티나무 셀프BBQ,친환경 접시 14cm
2023-03-27,0,3,Spring,0,0,0,느티나무 셀프BBQ,친환경 접시 14cm
2023-03-28,0,3,Spring,0,0,0,느티나무 셀프BBQ,친환경 접시 14cm
2023-03-29,0,3,Spring,0,0,0,느티나무 셀프BBQ,친환경 접시 14cm
2023-03-30,0,3,Spring,0,0,0,느티나무 셀프BBQ,친환경 접시 14cm
2023-03-31,1,3,Spring,0,0,0,느티나무 셀프BBQ,친환경 접시 14cm
2023-04-01,1,4,Spring,1,0,1,느티나무 셀프BBQ,친환경 접시 14cm
2023-04-02,1,4,Spring,1,0,1,느티나무 셀프BBQ,친환경 접시 14cm
2023-04-03,0,4,Spring,0,0,0,느티나무 셀프BBQ,친환경 접시 14cm
2023-04-04,0,4,Spring,0,0,0,느티나무 셀프BBQ,친환경 접시 14cm
2023-04-05,0,4,Spring,0,0,0,느티나무 셀프BBQ,친환경 접시 14cm
2023-04-06,0,4,Spring,0,0,0,느티나무 셀프BBQ,친환경 접시 14cm
2023-04-07,0,4,Spring,0,0,0,느티나무 셀프BBQ,친환경 접시 14cm
2023-04-08,1,4,Spring,1,0,1,느티나무 셀프BBQ,친환경 접시 14cm
2023-04-09,0,4,Spring,1,0,1,느티나무 셀프BBQ,친환경 접시 14cm
2023-04-10,0,4,Spring,0,0,0,느티나무 셀프BBQ,친환경 접시 14cm
2023-04-11,0,4,Spring,0,0,0,느티나무 셀프BBQ,친환경 접시 14cm
2023-04-12,0,4,Spring,0,0,0,느티나무 셀프BBQ,친환경 접시 14cm
2023-04-13,0,4,Spring,0,0,0,느티나무 셀프BBQ,친환경 접시 14cm
2023-04-14,1,4,Spring,0,0,0,느티나무 셀프BBQ,친환경 접시 14cm
2023-04-15,3,4,Spring,1,0,1,느티나무 셀프BBQ,친환경 접시 14cm
2023-04-16,1,4,Spring,1,0,1,느티나무 셀프BBQ,친환경 접시 14cm
2023-04-17,0,4,Spring,0,0,0,느티나무 셀프BBQ,친환경 접시 14cm
2023-04-18,0,4,Spring,0,0,0,느티나무 셀프BBQ,친환경 접시 14cm
2023-04-19,0,4,Spring,0,0,0,느티나무 셀프BBQ,친환경 접시 14cm
2023-04-20,0,4,Spring,0,0,0,느티나무 셀프BBQ,친환경 접시 14cm
2023-04-21,3,4,Spring,0,0,0,느티나무 셀프BBQ,친환경 접시 14cm
2023-04-22,1,4,Spring,1,0,1,느티나무 셀프BBQ,친환경 접시 14cm
2023-04-23,0,4,Spring,1,0,1,느티나무 셀프BBQ,친환경 접시 14cm
2023-04-24,0,4,Spring,0,0,0,느티나무 셀프BBQ,친환경 접시 14cm
2023-04-25,0,4,Spring,0,0,0,느티나무 셀프BBQ,친환경 접시 14cm
2023-04-26,0,4,Spring,0,0,0,느티나무 셀프BBQ,친환경 접시 14cm
2023-04-27,0,4,Spring,0,0,0,느티나무 셀프BBQ,친환경 접시 14cm
2023-04-28,1,4,Spring,0,0,0,느티나무 셀프BBQ,친환경 접시 14cm
2023-04-29,0,4,Spring,1,0,1,느티나무 셀프BBQ,친환경 접시 14cm
2023-04-30,1,4,Spring,1,0,1,느티나무 셀프BBQ,친환경 접시 14cm
2023-05-01,0,5,Spring,0,0,0,느티나무 셀프BBQ,친환경 접시 14cm
2023-05-02,0,5,Spring,0,0,0,느티나무 셀프BBQ,친환경 접시 14cm
2023-05-03,1,5,Spring,0,0,0,느티나무 셀프BBQ,친환경 접시 14cm
2023-05-04,1,5,Spring,0,0,0,느티나무 셀프BBQ,친환경 접시 14cm
2023-05-05,0,5,Spring,0,1,1,느티나무 셀프BBQ,친환경 접시 14cm
2023-05-06,3,5,Spring,1,0,1,느티나무 셀프BBQ,친환경 접시 14cm
2023-05-07,2,5,Spring,1,0,1,느티나무 셀프BBQ,친환경 접시 14cm
2023-05-08,0,5,Spring,0,0,0,느티나무 셀프BBQ,친환경 접시 14cm
2023-05-09,0,5,Spring,0,0,0,느티나무 셀프BBQ,친환경 접시 14cm
2023-05-10,0,5,Spring,0,0,0,느티나무 셀프BBQ,친환경 접시 14cm
2023-05-11,0,5,Spring,0,0,0,느티나무 셀프BBQ,친환경 접시 14cm
2023-05-12,0,5,Spring,0,0,0,느티나무 셀프BBQ,친환경 접시 14cm
2023-05-13,2,5,Spring,1,0,1,느티나무 셀프BBQ,친환경 접시 14cm
2023-05-14,0,5,Spring,1,0,1,느티나무 셀프BBQ,친환경 접시 14cm
2023-05-15,0,5,Spring,0,0,0,느티나무 셀프BBQ,친환경 접시 14cm
2023-05-16,0,5,Spring,0,0,0,느티나무 셀프BBQ,친환경 접시 14cm
2023-05-17,0,5,Spring,0,0,0,느티나무 셀프BBQ,친환경 접시 14cm
2023-05-18,0,5,Spring,0,0,0,느티나무 셀프BBQ,친환경 접시 14cm
2023-05-19,0,5,Spring,0,0,0,느티나무 셀프BBQ,친환경 접시 14cm
2023-05-20,3,5,Spring,1,0,1,느티나무 셀프BBQ,친환경 접시 14cm
2023-05-21,0,5,Spring,1,0,1,느티나무 셀프BBQ,친환경 접시 14cm
2023-05-22,0,5,Spring,0,0,0,느티나무 셀프BBQ,친환경 접시 14cm
2023-05-23,0,5,Spring,0,0,0,느티나무 셀프BBQ,친환경 접시 14cm
2023-05-24,0,5,Spring,0,0,0,느티나무 셀프BBQ,친환경 접시 14cm
2023-05-25,0,5,Spring,0,0,0,느티나무 셀프BBQ,친환경 접시 14cm
2023-05-26,1,5,Spring,0,0,0,느티나무 셀프BBQ,친환경 접시 14cm
2023-05-27,1,5,Spring,1,1,1,느티나무 셀프BBQ,친환경 접시 14cm
2023-05-28,1,5,Spring,1,0,1,느티나무 셀프BBQ,친환경 접시 14cm
2023-05-29,0,5,Spring,0,1,1,느티나무 셀프BBQ,친환경 접시 14cm
2023-05-30,0,5,Spring,0,0,0,느티나무 셀프BBQ,친환경 접시 14cm
2023-05-31,0,5,Spring,0,0,0,느티나무 셀프BBQ,친환경 접시 14cm
2023-06-01,1,6,Summer,0,0,0,느티나무 셀프BBQ,친환경 접시 14cm
2023-06-02,1,6,Summer,0,0,0,느티나무 셀프BBQ,친환경 접시 14cm
2023-06-03,2,6,Summer,1,0,1,느티나무 셀프BBQ,친환경 접시 14cm
2023-06-04,3,6,Summer,1,0,1,느티나무 셀프BBQ,친환경 접시 14cm
2023-06-05,0,6,Summer,0,0,0,느티나무 셀프BBQ,친환경 접시 14cm
2023-06-06,0,6,Summer,0,1,1,느티나무 셀프BBQ,친환경 접시 14cm
2023-06-07,0,6,Summer,0,0,0,느티나무 셀프BBQ,친환경 접시 14cm
2023-06-08,0,6,Summer,0,0,0,느티나무 셀프BBQ,친환경 접시 14cm
2023-06-09,0,6,Summer,0,0,0,느티나무 셀프BBQ,친환경 접시 14cm
2023-06-10,1,6,Summer,1,0,1,느티나무 셀프BBQ,친환경 접시 14cm
2023-06-11,1,6,Summer,1,0,1,느티나무 셀프BBQ,친환경 접시 14cm
2023-06-12,0,6,Summer,0,0,0,느티나무 셀프BBQ,친환경 접시 14cm
2023-06-13,1,6,Summer,0,0,0,느티나무 셀프BBQ,친환경 접시 14cm
2023-06-14,0,6,Summer,0,0,0,느티나무 셀프BBQ,친환경 접시 14cm
2023-06-15,0,6,Summer,0,0,0,느티나무 셀프BBQ,친환경 접시 14cm
2023-06-16,0,6,Summer,0,0,0,느티나무 셀프BBQ,친환경 접시 14cm
2023-06-17,0,6,Summer,1,0,1,느티나무 셀프BBQ,친환경 접시 14cm
2023-06-18,0,6,Summer,1,0,1,느티나무 셀프BBQ,친환경 접시 14cm
2023-06-19,0,6,Summer,0,0,0,느티나무 셀프BBQ,친환경 접시 14cm
2023-06-20,1,6,Summer,0,0,0,느티나무 셀프BBQ,친환경 접시 14cm
2023-06-21,0,6,Summer,0,0,0,느티나무 셀프BBQ,친환경 접시 14cm
2023-06-22,0,6,Summer,0,0,0,느티나무 셀프BBQ,친환경 접시 14cm
2023-06-23,0,6,Summer,0,0,0,느티나무 셀프BBQ,친환경 접시 14cm
2023-06-24,4,6,Summer,1,0,1,느티나무 셀프BBQ,친환경 접시 14cm
2023-06-25,0,6,Summer,1,0,1,느티나무 셀프BBQ,친환경 접시 14cm
2023-06-26,0,6,Summer,0,0,0,느티나무 셀프BBQ,친환경 접시 14cm
2023-06-27,0,6,Summer,0,0,0,느티나무 셀프BBQ,친환경 접시 14cm
2023-06-28,0,6,Summer,0,0,0,느티나무 셀프BBQ,친환경 접시 14cm
2023-06-29,0,6,Summer,0,0,0,느티나무 셀프BBQ,친환경 접시 14cm
2023-06-30,2,6,Summer,0,0,0,느티나무 셀프BBQ,친환경 접시 14cm
2023-07-01,0,7,Summer,1,0,1,느티나무 셀프BBQ,친환경 접시 14cm
2023-07-02,2,7,Summer,1,0,1,느티나무 셀프BBQ,친환경 접시 14cm
2023-07-03,0,7,Summer,0,0,0,느티나무 셀프BBQ,친환경 접시 14cm
2023-07-04,0,7,Summer,0,0,0,느티나무 셀프BBQ,친환경 접시 14cm
2023-07-05,0,7,Summer,0,0,0,느티나무 셀프BBQ,친환경 접시 14cm
2023-07-06,0,7,Summer,0,0,0,느티나무 셀프BBQ,친환경 접시 14cm
2023-07-07,0,7,Summer,0,0,0,느티나무 셀프BBQ,친환경 접시 14cm
2023-07-08,4,7,Summer,1,0,1,느티나무 셀프BBQ,친환경 접시 14cm
2023-07-09,1,7,Summer,1,0,1,느티나무 셀프BBQ,친환경 접시 14cm
2023-07-10,0,7,Summer,0,0,0,느티나무 셀프BBQ,친환경 접시 14cm
2023-07-11,0,7,Summer,0,0,0,느티나무 셀프BBQ,친환경 접시 14cm
2023-07-12,0,7,Summer,0,0,0,느티나무 셀프BBQ,친환경 접시 14cm
2023-07-13,0,7,Summer,0,0,0,느티나무 셀프BBQ,친환경 접시 14cm
2023-07-14,2,7,Summer,0,0,0,느티나무 셀프BBQ,친환경 접시 14cm
2023-07-15,1,7,Summer,1,0,1,느티나무 셀프BBQ,친환경 접시 14cm
2023-07-16,0,7,Summer,1,0,1,느티나무 셀프BBQ,친환경 접시 14cm
2023-07-17,0,7,Summer,0,0,0,느티나무 셀프BBQ,친환경 접시 14cm
2023-07-18,1,7,Summer,0,0,0,느티나무 셀프BBQ,친환경 접시 14cm
2023-07-19,1,7,Summer,0,0,0,느티나무 셀프BBQ,친환경 접시 14cm
2023-07-20,0,7,Summer,0,0,0,느티나무 셀프BBQ,친환경 접시 14cm
2023-07-21,3,7,Summer,0,0,0,느티나무 셀프BBQ,친환경 접시 14cm
2023-07-22,2,7,Summer,1,0,1,느티나무 셀프BBQ,친환경 접시 14cm
2023-07-23,3,7,Summer,1,0,1,느티나무 셀프BBQ,친환경 접시 14cm
2023-07-24,0,7,Summer,0,0,0,느티나무 셀프BBQ,친환경 접시 14cm
2023-07-25,2,7,Summer,0,0,0,느티나무 셀프BBQ,친환경 접시 14cm
2023-07-26,2,7,Summer,0,0,0,느티나무 셀프BBQ,친환경 접시 14cm
2023-07-27,1,7,Summer,0,0,0,느티나무 셀프BBQ,친환경 접시 14cm
2023-07-28,1,7,Summer,0,0,0,느티나무 셀프BBQ,친환경 접시 14cm
2023-07-29,2,7,Summer,1,0,1,느티나무 셀프BBQ,친환경 접시 14cm
2023-07-30,0,7,Summer,1,0,1,느티나무 셀프BBQ,친환경 접시 14cm
2023-07-31,1,7,Summer,0,0,0,느티나무 셀프BBQ,친환경 접시 14cm
2023-08-01,1,8,Summer,0,0,0,느티나무 셀프BBQ,친환경 접시 14cm
2023-08-02,0,8,Summer,0,0,0,느티나무 셀프BBQ,친환경 접시 14cm
2023-08-03,2,8,Summer,0,0,0,느티나무 셀프BBQ,친환경 접시 14cm
2023-08-04,1,8,Summer,0,0,0,느티나무 셀프BBQ,친환경 접시 14cm
2023-08-05,5,8,Summer,1,0,1,느티나무 셀프BBQ,친환경 접시 14cm
2023-08-06,2,8,Summer,1,0,1,느티나무 셀프BBQ,친환경 접시 14cm
2023-08-07,1,8,Summer,0,0,0,느티나무 셀프BBQ,친환경 접시 14cm
2023-08-08,1,8,Summer,0,0,0,느티나무 셀프BBQ,친환경 접시 14cm
2023-08-09,3,8,Summer,0,0,0,느티나무 셀프BBQ,친환경 접시 14cm
2023-08-10,0,8,Summer,0,0,0,느티나무 셀프BBQ,친환경 접시 14cm
2023-08-11,2,8,Summer,0,0,0,느티나무 셀프BBQ,친환경 접시 14cm
2023-08-12,3,8,Summer,1,0,1,느티나무 셀프BBQ,친환경 접시 14cm
2023-08-13,1,8,Summer,1,0,1,느티나무 셀프BBQ,친환경 접시 14cm
2023-08-14,3,8,Summer,0,0,0,느티나무 셀프BBQ,친환경 접시 14cm
2023-08-15,1,8,Summer,0,1,1,느티나무 셀프BBQ,친환경 접시 14cm
2023-08-16,0,8,Summer,0,0,0,느티나무 셀프BBQ,친환경 접시 14cm
2023-08-17,0,8,Summer,0,0,0,느티나무 셀프BBQ,친환경 접시 14cm
2023-08-18,1,8,Summer,0,0,0,느티나무 셀프BBQ,친환경 접시 14cm
2023-08-19,2,8,Summer,1,0,1,느티나무 셀프BBQ,친환경 접시 14cm
2023-08-20,0,8,Summer,1,0,1,느티나무 셀프BBQ,친환경 접시 14cm
2023-08-21,0,8,Summer,0,0,0,느티나무 셀프BBQ,친환경 접시 14cm
2023-08-22,0,8,Summer,0,0,0,느티나무 셀프BBQ,친환경 접시 14cm
2023-08-23,0,8,Summer,0,0,0,느티나무 셀프BBQ,친환경 접시 14cm
2023-08-24,0,8,Summer,0,0,0,느티나무 셀프BBQ,친환경 접시 14cm
2023-08-25,1,8,Summer,0,0,0,느티나무 셀프BBQ,친환경 접시 14cm
2023-08-26,1,8,Summer,1,0,1,느티나무 셀프BBQ,친환경 접시 14cm
2023-08-27,0,8,Summer,1,0,1,느티나무 셀프BBQ,친환경 접시 14cm
2023-08-28,0,8,Summer,0,0,0,느티나무 셀프BBQ,친환경 접시 14cm
2023-08-29,0,8,Summer,0,0,0,느티나무 셀프BBQ,친환경 접시 14cm
2023-08-30,0,8,Summer,0,0,0,느티나무 셀프BBQ,친환경 접시 14cm
2023-08-31,0,8,Summer,0,0,0,느티나무 셀프BBQ,친환경 접시 14cm
2023-09-01,0,9,Autumn,0,0,0,느티나무 셀프BBQ,친환경 접시 14cm
2023-09-02,2,9,Autumn,1,0,1,느티나무 셀프BBQ,친환경 접시 14cm
2023-09-03,0,9,Autumn,1,0,1,느티나무 셀프BBQ,친환경 접시 14cm
2023-09-04,0,9,Autumn,0,0,0,느티나무 셀프BBQ,친환경 접시 14cm
2023-09-05,0,9,Autumn,0,0,0,느티나무 셀프BBQ,친환경 접시 14cm
2023-09-06,1,9,Autumn,0,0,0,느티나무 셀프BBQ,친환경 접시 14cm
2023-09-07,1,9,Autumn,0,0,0,느티나무 셀프BBQ,친환경 접시 14cm
2023-09-08,0,9,Autumn,0,0,0,느티나무 셀프BBQ,친환경 접시 14cm
2023-09-09,0,9,Autumn,1,0,1,느티나무 셀프BBQ,친환경 접시 14cm
2023-09-10,0,9,Autumn,1,0,1,느티나무 셀프BBQ,친환경 접시 14cm
2023-09-11,0,9,Autumn,0,0,0,느티나무 셀프BBQ,친환경 접시 14cm
2023-09-12,0,9,Autumn,0,0,0,느티나무 셀프BBQ,친환경 접시 14cm
2023-09-13,0,9,Autumn,0,0,0,느티나무 셀프BBQ,친환경 접시 14cm
2023-09-14,0,9,Autumn,0,0,0,느티나무 셀프BBQ,친환경 접시 14cm
2023-09-15,0,9,Autumn,0,0,0,느티나무 셀프BBQ,친환경 접시 14cm
2023-09-16,0,9,Autumn,1,0,1,느티나무 셀프BBQ,친환경 접시 14cm
2023-09-17,1,9,Autumn,1,0,1,느티나무 셀프BBQ,친환경 접시 14cm
2023-09-18,0,9,Autumn,0,0,0,느티나무 셀프BBQ,친환경 접시 14cm
2023-09-19,0,9,Autumn,0,0,0,느티나무 셀프BBQ,친환경 접시 14cm
2023-09-20,0,9,Autumn,0,0,0,느티나무 셀프BBQ,친환경 접시 14cm
2023-09-21,0,9,Autumn,0,0,0,느티나무 셀프BBQ,친환경 접시 14cm
2023-09-22,0,9,Autumn,0,0,0,느티나무 셀프BBQ,친환경 접시 14cm
2023-09-23,1,9,Autumn,1,0,1,느티나무 셀프BBQ,친환경 접시 14cm
2023-09-24,0,9,Autumn,1,0,1,느티나무 셀프BBQ,친환경 접시 14cm
2023-09-25,0,9,Autumn,0,0,0,느티나무 셀프BBQ,친환경 접시 14cm
2023-09-26,0,9,Autumn,0,0,0,느티나무 셀프BBQ,친환경 접시 14cm
2023-09-27,2,9,Autumn,0,0,0,느티나무 셀프BBQ,친환경 접시 14cm
2023-09-28,1,9,Autumn,0,1,1,느티나무 셀프BBQ,친환경 접시 14cm
2023-09-29,2,9,Autumn,0,1,1,느티나무 셀프BBQ,친환경 접시 14cm
2023-09-30,3,9,Autumn,1,1,1,느티나무 셀프BBQ,친환경 접시 14cm
2023-10-01,1,10,Autumn,1,0,1,느티나무 셀프BBQ,친환경 접시 14cm
2023-10-02,2,10,Autumn,0,1,1,느티나무 셀프BBQ,친환경 접시 14cm
2023-10-03,0,10,Autumn,0,1,1,느티나무 셀프BBQ,친환경 접시 14cm
2023-10-04,0,10,Autumn,0,0,0,느티나무 셀프BBQ,친환경 접시 14cm
2023-10-05,0,10,Autumn,0,0,0,느티나무 셀프BBQ,친환경 접시 14cm
2023-10-06,0,10,Autumn,0,0,0,느티나무 셀프BBQ,친환경 접시 14cm
2023-10-07,2,10,Autumn,1,0,1,느티나무 셀프BBQ,친환경 접시 14cm
2023-10-08,1,10,Autumn,1,0,1,느티나무 셀프BBQ,친환경 접시 14cm
2023-10-09,1,10,Autumn,0,1,1,느티나무 셀프BBQ,친환경 접시 14cm
2023-10-10,1,10,Autumn,0,0,0,느티나무 셀프BBQ,친환경 접시 14cm
2023-10-11,1,10,Autumn,0,0,0,느티나무 셀프BBQ,친환경 접시 14cm
2023-10-12,1,10,Autumn,0,0,0,느티나무 셀프BBQ,친환경 접시 14cm
2023-10-13,3,10,Autumn,0,0,0,느티나무 셀프BBQ,친환경 접시 14cm
2023-10-14,7,10,Autumn,1,0,1,느티나무 셀프BBQ,친환경 접시 14cm
2023-10-15,1,10,Autumn,1,0,1,느티나무 셀프BBQ,친환경 접시 14cm
2023-10-16,0,10,Autumn,0,0,0,느티나무 셀프BBQ,친환경 접시 14cm
2023-10-17,0,10,Autumn,0,0,0,느티나무 셀프BBQ,친환경 접시 14cm
2023-10-18,1,10,Autumn,0,0,0,느티나무 셀프BBQ,친환경 접시 14cm
2023-10-19,3,10,Autumn,0,0,0,느티나무 셀프BBQ,친환경 접시 14cm
2023-10-20,2,10,Autumn,0,0,0,느티나무 셀프BBQ,친환경 접시 14cm
2023-10-21,2,10,Autumn,1,0,1,느티나무 셀프BBQ,친환경 접시 14cm
2023-10-22,2,10,Autumn,1,0,1,느티나무 셀프BBQ,친환경 접시 14cm
2023-10-23,0,10,Autumn,0,0,0,느티나무 셀프BBQ,친환경 접시 14cm
2023-10-24,1,10,Autumn,0,0,0,느티나무 셀프BBQ,친환경 접시 14cm
2023-10-25,1,10,Autumn,0,0,0,느티나무 셀프BBQ,친환경 접시 14cm
2023-10-26,1,10,Autumn,0,0,0,느티나무 셀프BBQ,친환경 접시 14cm
2023-10-27,0,10,Autumn,0,0,0,느티나무 셀프BBQ,친환경 접시 14cm
2023-10-28,0,10,Autumn,1,0,1,느티나무 셀프BBQ,친환경 접시 14cm
2023-10-29,3,10,Autumn,1,0,1,느티나무 셀프BBQ,친환경 접시 14cm
2023-10-30,0,10,Autumn,0,0,0,느티나무 셀프BBQ,친환경 접시 14cm
2023-10-31,2,10,Autumn,0,0,0,느티나무 셀프BBQ,친환경 접시 14cm
2023-11-01,0,11,Autumn,0,0,0,느티나무 셀프BBQ,친환경 접시 14cm
2023-11-02,0,11,Autumn,0,0,0,느티나무 셀프BBQ,친환경 접시 14cm
2023-11-03,0,11,Autumn,0,0,0,느티나무 셀프BBQ,친환경 접시 14cm
2023-11-04,2,11,Autumn,1,0,1,느티나무 셀프BBQ,친환경 접시 14cm
2023-11-05,2,11,Autumn,1,0,1,느티나무 셀프BBQ,친환경 접시 14cm
2023-11-06,0,11,Autumn,0,0,0,느티나무 셀프BBQ,친환경 접시 14cm
2023-11-07,2,11,Autumn,0,0,0,느티나무 셀프BBQ,친환경 접시 14cm
2023-11-08,2,11,Autumn,0,0,0,느티나무 셀프BBQ,친환경 접시 14cm
2023-11-09,0,11,Autumn,0,0,0,느티나무 셀프BBQ,친환경 접시 14cm
2023-11-10,0,11,Autumn,0,0,0,느티나무 셀프BBQ,친환경 접시 14cm
2023-11-11,0,11,Autumn,1,0,1,느티나무 셀프BBQ,친환경 접시 14cm
2023-11-12,1,11,Autumn,1,0,1,느티나무 셀프BBQ,친환경 접시 14cm
2023-11-13,0,11,Autumn,0,0,0,느티나무 셀프BBQ,친환경 접시 14cm
2023-11-14,0,11,Autumn,0,0,0,느티나무 셀프BBQ,친환경 접시 14cm
2023-11-15,0,11,Autumn,0,0,0,느티나무 셀프BBQ,친환경 접시 14cm
2023-11-16,0,11,Autumn,0,0,0,느티나무 셀프BBQ,친환경 접시 14cm
2023-11-17,0,11,Autumn,0,0,0,느티나무 셀프BBQ,친환경 접시 14cm
2023-11-18,2,11,Autumn,1,0,1,느티나무 셀프BBQ,친환경 접시 14cm
2023-11-19,2,11,Autumn,1,0,1,느티나무 셀프BBQ,친환경 접시 14cm
2023-11-20,0,11,Autumn,0,0,0,느티나무 셀프BBQ,친환경 접시 14cm
2023-11-21,0,11,Autumn,0,0,0,느티나무 셀프BBQ,친환경 접시 14cm
2023-11-22,0,11,Autumn,0,0,0,느티나무 셀프BBQ,친환경 접시 14cm
2023-11-23,1,11,Autumn,0,0,0,느티나무 셀프BBQ,친환경 접시 14cm
2023-11-24,1,11,Autumn,0,0,0,느티나무 셀프BBQ,친환경 접시 14cm
2023-11-25,2,11,Autumn,1,0,1,느티나무 셀프BBQ,친환경 접시 14cm
2023-11-26,1,11,Autumn,1,0,1,느티나무 셀프BBQ,친환경 접시 14cm
2023-11-27,0,11,Autumn,0,0,0,느티나무 셀프BBQ,친환경 접시 14cm
2023-11-28,0,11,Autumn,0,0,0,느티나무 셀프BBQ,친환경 접시 14cm
2023-11-29,0,11,Autumn,0,0,0,느티나무 셀프BBQ,친환경 접시 14cm
2023-11-30,0,11,Autumn,0,0,0,느티나무 셀프BBQ,친환경 접시 14cm
2023-12-01,0,12,Winter,0,0,0,느티나무 셀프BBQ,친환경 접시 14cm
2023-12-02,1,12,Winter,1,0,1,느티나무 셀프BBQ,친환경 접시 14cm
2023-12-03,0,12,Winter,1,0,1,느티나무 셀프BBQ,친환경 접시 14cm
2023-12-04,0,12,Winter,0,0,0,느티나무 셀프BBQ,친환경 접시 14cm
2023-12-05,0,12,Winter,0,0,0,느티나무 셀프BBQ,친환경 접시 14cm
2023-12-06,1,12,Winter,0,0,0,느티나무 셀프BBQ,친환경 접시 14cm
2023-12-07,0,12,Winter,0,0,0,느티나무 셀프BBQ,친환경 접시 14cm
2023-12-08,0,12,Winter,0,0,0,느티나무 셀프BBQ,친환경 접시 14cm
2023-12-09,0,12,Winter,1,0,1,느티나무 셀프BBQ,친환경 접시 14cm
2023-12-10,0,12,Winter,1,0,1,느티나무 셀프BBQ,친환경 접시 14cm
2023-12-11,0,12,Winter,0,0,0,느티나무 셀프BBQ,친환경 접시 14cm
2023-12-12,0,12,Winter,0,0,0,느티나무 셀프BBQ,친환경 접시 14cm
2023-12-13,0,12,Winter,0,0,0,느티나무 셀프BBQ,친환경 접시 14cm
2023-12-14,0,12,Winter,0,0,0,느티나무 셀프BBQ,친환경 접시 14cm
2023-12-15,2,12,Winter,0,0,0,느티나무 셀프BBQ,친환경 접시 14cm
2023-12-16,1,12,Winter,1,0,1,느티나무 셀프BBQ,친환경 접시 14cm
2023-12-17,0,12,Winter,1,0,1,느티나무 셀프BBQ,친환경 접시 14cm
2023-12-18,1,12,Winter,0,0,0,느티나무 셀프BBQ,친환경 접시 14cm
2023-12-19,1,12,Winter,0,0,0,느티나무 셀프BBQ,친환경 접시 14cm
2023-12-20,1,12,Winter,0,0,0,느티나무 셀프BBQ,친환경 접시 14cm
2023-12-21,0,12,Winter,0,0,0,느티나무 셀프BBQ,친환경 접시 14cm
2023-12-22,0,12,Winter,0,0,0,느티나무 셀프BBQ,친환경 접시 14cm
2023-12-23,0,12,Winter,1,0,1,느티나무 셀프BBQ,친환경 접시 14cm
2023-12-24,1,12,Winter,1,0,1,느티나무 셀프BBQ,친환경 접시 14cm
2023-12-25,1,12,Winter,0,1,1,느티나무 셀프BBQ,친환경 접시 14cm
2023-12-26,0,12,Winter,0,0,0,느티나무 셀프BBQ,친환경 접시 14cm
2023-12-27,2,12,Winter,0,0,0,느티나무 셀프BBQ,친환경 접시 14cm
2023-12-28,1,12,Winter,0,0,0,느티나무 셀프BBQ,친환경 접시 14cm
2023-12-29,0,12,Winter,0,0,0,느티나무 셀프BBQ,친환경 접시 14cm
2023-12-30,0,12,Winter,1,0,1,느티나무 셀프BBQ,친환경 접시 14cm
2023-12-31,0,12,Winter,1,0,1,느티나무 셀프BBQ,친환경 접시 14cm
2024-01-01,0,1,Winter,0,1,1,느티나무 셀프BBQ,친환경 접시 14cm
2024-01-02,0,1,Winter,0,0,0,느티나무 셀프BBQ,친환경 접시 14cm
2024-01-03,2,1,Winter,0,0,0,느티나무 셀프BBQ,친환경 접시 14cm
2024-01-04,0,1,Winter,0,0,0,느티나무 셀프BBQ,친환경 접시 14cm
2024-01-05,0,1,Winter,0,0,0,느티나무 셀프BBQ,친환경 접시 14cm
2024-01-06,1,1,Winter,1,0,1,느티나무 셀프BBQ,친환경 접시 14cm
2024-01-07,0,1,Winter,1,0,1,느티나무 셀프BBQ,친환경 접시 14cm
2024-01-08,0,1,Winter,0,0,0,느티나무 셀프BBQ,친환경 접시 14cm
2024-01-09,2,1,Winter,0,0,0,느티나무 셀프BBQ,친환경 접시 14cm
2024-01-10,0,1,Winter,0,0,0,느티나무 셀프BBQ,친환경 접시 14cm
2024-01-11,1,1,Winter,0,0,0,느티나무 셀프BBQ,친환경 접시 14cm
2024-01-12,1,1,Winter,0,0,0,느티나무 셀프BBQ,친환경 접시 14cm
2024-01-13,0,1,Winter,1,0,1,느티나무 셀프BBQ,친환경 접시 14cm
2024-01-14,0,1,Winter,1,0,1,느티나무 셀프BBQ,친환경 접시 14cm
2024-01-15,1,1,Winter,0,0,0,느티나무 셀프BBQ,친환경 접시 14cm
2024-01-16,2,1,Winter,0,0,0,느티나무 셀프BBQ,친환경 접시 14cm
2024-01-17,0,1,Winter,0,0,0,느티나무 셀프BBQ,친환경 접시 14cm
2024-01-18,1,1,Winter,0,0,0,느티나무 셀프BBQ,친환경 접시 14cm
2024-01-19,1,1,Winter,0,0,0,느티나무 셀프BBQ,친환경 접시 14cm
2024-01-20,1,1,Winter,1,0,1,느티나무 셀프BBQ,친환경 접시 14cm
2024-01-21,0,1,Winter,1,0,1,느티나무 셀프BBQ,친환경 접시 14cm
2024-01-22,0,1,Winter,0,0,0,느티나무 셀프BBQ,친환경 접시 14cm
2024-01-23,0,1,Winter,0,0,0,느티나무 셀프BBQ,친환경 접시 14cm
2024-01-24,0,1,Winter,0,0,0,느티나무 셀프BBQ,친환경 접시 14cm
2024-01-25,0,1,Winter,0,0,0,느티나무 셀프BBQ,친환경 접시 14cm
2024-01-26,0,1,Winter,0,0,0,느티나무 셀프BBQ,친환경 접시 14cm
2024-01-27,0,1,Winter,1,0,1,느티나무 셀프BBQ,친환경 접시 14cm
2024-01-28,0,1,Winter,1,0,1,느티나무 셀프BBQ,친환경 접시 14cm
2024-01-29,0,1,Winter,0,0,0,느티나무 셀프BBQ,친환경 접시 14cm
2024-01-30,0,1,Winter,0,0,0,느티나무 셀프BBQ,친환경 접시 14cm
2024-01-31,0,1,Winter,0,0,0,느티나무 셀프BBQ,친환경 접시 14cm
2024-02-01,0,2,Winter,0,0,0,느티나무 셀프BBQ,친환경 접시 14cm
2024-02-02,0,2,Winter,0,0,0,느티나무 셀프BBQ,친환경 접시 14cm
2024-02-03,0,2,Winter,1,0,1,느티나무 셀프BBQ,친환경 접시 14cm
2024-02-04,0,2,Winter,1,0,1,느티나무 셀프BBQ,친환경 접시 14cm
2024-02-05,0,2,Winter,0,0,0,느티나무 셀프BBQ,친환경 접시 14cm
2024-02-06,3,2,Winter,0,0,0,느티나무 셀프BBQ,친환경 접시 14cm
2024-02-07,1,2,Winter,0,0,0,느티나무 셀프BBQ,친환경 접시 14cm
2024-02-08,0,2,Winter,0,0,0,느티나무 셀프BBQ,친환경 접시 14cm
2024-02-09,1,2,Winter,0,1,1,느티나무 셀프BBQ,친환경 접시 14cm
2024-02-10,1,2,Winter,1,1,1,느티나무 셀프BBQ,친환경 접시 14cm
2024-02-11,0,2,Winter,1,1,1,느티나무 셀프BBQ,친환경 접시 14cm
2024-02-12,0,2,Winter,0,1,1,느티나무 셀프BBQ,친환경 접시 14cm
2024-02-13,0,2,Winter,0,0,0,느티나무 셀프BBQ,친환경 접시 14cm
2024-02-14,1,2,Winter,0,0,0,느티나무 셀프BBQ,친환경 접시 14cm
2024-02-15,1,2,Winter,0,0,0,느티나무 셀프BBQ,친환경 접시 14cm
2024-02-16,0,2,Winter,0,0,0,느티나무 셀프BBQ,친환경 접시 14cm
2024-02-17,1,2,Winter,1,0,1,느티나무 셀프BBQ,친환경 접시 14cm
2024-02-18,1,2,Winter,1,0,1,느티나무 셀프BBQ,친환경 접시 14cm
2024-02-19,0,2,Winter,0,0,0,느티나무 셀프BBQ,친환경 접시 14cm
2024-02-20,0,2,Winter,0,0,0,느티나무 셀프BBQ,친환경 접시 14cm
2024-02-21,1,2,Winter,0,0,0,느티나무 셀프BBQ,친환경 접시 14cm
2024-02-22,0,2,Winter,0,0,0,느티나무 셀프BBQ,친환경 접시 14cm
2024-02-23,0,2,Winter,0,0,0,느티나무 셀프BBQ,친환경 접시 14cm
2024-02-24,0,2,Winter,1,0,1,느티나무 셀프BBQ,친환경 접시 14cm
2024-02-25,1,2,Winter,1,0,1,느티나무 셀프BBQ,친환경 접시 14cm
2024-02-26,0,2,Winter,0,0,0,느티나무 셀프BBQ,친환경 접시 14cm
2024-02-27,0,2,Winter,0,0,0,느티나무 셀프BBQ,친환경 접시 14cm
2024-02-28,0,2,Winter,0,0,0,느티나무 셀프BBQ,친환경 접시 14cm
2024-02-29,0,2,Winter,0,0,0,느티나무 셀프BBQ,친환경 접시 14cm
2024-03-01,0,3,Spring,0,1,1,느티나무 셀프BBQ,친환경 접시 14cm
2024-03-02,0,3,Spring,1,0,1,느티나무 셀프BBQ,친환경 접시 14cm
2024-03-03,0,3,Spring,1,0,1,느티나무 셀프BBQ,친환경 접시 14cm
2024-03-04,0,3,Spring,0,0,0,느티나무 셀프BBQ,친환경 접시 14cm
2024-03-05,0,3,Spring,0,0,0,느티나무 셀프BBQ,친환경 접시 14cm
2024-03-06,0,3,Spring,0,0,0,느티나무 셀프BBQ,친환경 접시 14cm
2024-03-07,0,3,Spring,0,0,0,느티나무 셀프BBQ,친환경 접시 14cm
2024-03-08,0,3,Spring,0,0,0,느티나무 셀프BBQ,친환경 접시 14cm
2024-03-09,0,3,Spring,1,0,1,느티나무 셀프BBQ,친환경 접시 14cm
2024-03-10,0,3,Spring,1,0,1,느티나무 셀프BBQ,친환경 접시 14cm
2024-03-11,0,3,Spring,0,0,0,느티나무 셀프BBQ,친환경 접시 14cm
2024-03-12,0,3,Spring,0,0,0,느티나무 셀프BBQ,친환경 접시 14cm
2024-03-13,0,3,Spring,0,0,0,느티나무 셀프BBQ,친환경 접시 14cm
2024-03-14,1,3,Spring,0,0,0,느티나무 셀프BBQ,친환경 접시 14cm
2024-03-15,1,3,Spring,0,0,0,느티나무 셀프BBQ,친환경 접시 14cm
2024-03-16,2,3,Spring,1,0,1,느티나무 셀프BBQ,친환경 접시 14cm
2024-03-17,1,3,Spring,1,0,1,느티나무 셀프BBQ,친환경 접시 14cm
2024-03-18,0,3,Spring,0,0,0,느티나무 셀프BBQ,친환경 접시 14cm
2024-03-19,1,3,Spring,0,0,0,느티나무 셀프BBQ,친환경 접시 14cm
2024-03-20,0,3,Spring,0,0,0,느티나무 셀프BBQ,친환경 접시 14cm
2024-03-21,0,3,Spring,0,0,0,느티나무 셀프BBQ,친환경 접시 14cm
2024-03-22,2,3,Spring,0,0,0,느티나무 셀프BBQ,친환경 접시 14cm
2024-03-23,0,3,Spring,1,0,1,느티나무 셀프BBQ,친환경 접시 14cm
2024-03-24,1,3,Spring,1,0,1,느티나무 셀프BBQ,친환경 접시 14cm
2024-03-25,0,3,Spring,0,0,0,느티나무 셀프BBQ,친환경 접시 14cm
2024-03-26,0,3,Spring,0,0,0,느티나무 셀프BBQ,친환경 접시 14cm
2024-03-27,0,3,Spring,0,0,0,느티나무 셀프BBQ,친환경 접시 14cm
2024-03-28,0,3,Spring,0,0,0,느티나무 셀프BBQ,친환경 접시 14cm
2024-03-29,3,3,Spring,0,0,0,느티나무 셀프BBQ,친환경 접시 14cm
2024-03-30,3,3,Spring,1,0,1,느티나무 셀프BBQ,친환경 접시 14cm
2024-03-31,0,3,Spring,1,0,1,느티나무 셀프BBQ,친환경 접시 14cm
2024-04-01,0,4,Spring,0,0,0,느티나무 셀프BBQ,친환경 접시 14cm
2024-04-02,0,4,Spring,0,0,0,느티나무 셀프BBQ,친환경 접시 14cm
2024-04-03,1,4,Spring,0,0,0,느티나무 셀프BBQ,친환경 접시 14cm
2024-04-04,0,4,Spring,0,0,0,느티나무 셀프BBQ,친환경 접시 14cm
2024-04-05,2,4,Spring,0,0,0,느티나무 셀프BBQ,친환경 접시 14cm
2024-04-06,0,4,Spring,1,0,1,느티나무 셀프BBQ,친환경 접시 14cm
2024-04-07,1,4,Spring,1,0,1,느티나무 셀프BBQ,친환경 접시 14cm
2024-04-08,0,4,Spring,0,0,0,느티나무 셀프BBQ,친환경 접시 14cm
2024-04-09,3,4,Spring,0,0,0,느티나무 셀프BBQ,친환경 접시 14cm
2024-04-10,1,4,Spring,0,1,1,느티나무 셀프BBQ,친환경 접시 14cm
2024-04-11,2,4,Spring,0,0,0,느티나무 셀프BBQ,친환경 접시 14cm
2024-04-12,0,4,Spring,0,0,0,느티나무 셀프BBQ,친환경 접시 14cm
2024-04-13,0,4,Spring,1,0,1,느티나무 셀프BBQ,친환경 접시 14cm
2024-04-14,3,4,Spring,1,0,1,느티나무 셀프BBQ,친환경 접시 14cm
2024-04-15,0,4,Spring,0,0,0,느티나무 셀프BBQ,친환경 접시 14cm
2024-04-16,1,4,Spring,0,0,0,느티나무 셀프BBQ,친환경 접시 14cm
2024-04-17,1,4,Spring,0,0,0,느티나무 셀프BBQ,친환경 접시 14cm
2024-04-18,0,4,Spring,0,0,0,느티나무 셀프BBQ,친환경 접시 14cm
2024-04-19,0,4,Spring,0,0,0,느티나무 셀프BBQ,친환경 접시 14cm
2024-04-20,1,4,Spring,1,0,1,느티나무 셀프BBQ,친환경 접시 14cm
2024-04-21,1,4,Spring,1,0,1,느티나무 셀프BBQ,친환경 접시 14cm
2024-04-22,0,4,Spring,0,0,0,느티나무 셀프BBQ,친환경 접시 14cm
2024-04-23,0,4,Spring,0,0,0,느티나무 셀프BBQ,친환경 접시 14cm
2024-04-24,0,4,Spring,0,0,0,느티나무 셀프BBQ,친환경 접시 14cm
2024-04-25,2,4,Spring,0,0,0,느티나무 셀프BBQ,친환경 접시 14cm
2024-04-26,0,4,Spring,0,0,0,느티나무 셀프BBQ,친환경 접시 14cm
2024-04-27,2,4,Spring,1,0,1,느티나무 셀프BBQ,친환경 접시 14cm
2024-04-28,3,4,Spring,1,0,1,느티나무 셀프BBQ,친환경 접시 14cm
2024-04-29,0,4,Spring,0,0,0,느티나무 셀프BBQ,친환경 접시 14cm
2024-04-30,2,4,Spring,0,0,0,느티나무 셀프BBQ,친환경 접시 14cm
2024-05-01,1,5,Spring,0,0,0,느티나무 셀프BBQ,친환경 접시 14cm
2024-05-02,1,5,Spring,0,0,0,느티나무 셀프BBQ,친환경 접시 14cm
2024-05-03,3,5,Spring,0,0,0,느티나무 셀프BBQ,친환경 접시 14cm
2024-05-04,7,5,Spring,1,0,1,느티나무 셀프BBQ,친환경 접시 14cm
2024-05-05,2,5,Spring,1,1,1,느티나무 셀프BBQ,친환경 접시 14cm
2024-05-06,0,5,Spring,0,1,1,느티나무 셀프BBQ,친환경 접시 14cm
2024-05-07,0,5,Spring,0,0,0,느티나무 셀프BBQ,친환경 접시 14cm
2024-05-08,0,5,Spring,0,0,0,느티나무 셀프BBQ,친환경 접시 14cm
2024-05-09,0,5,Spring,0,0,0,느티나무 셀프BBQ,친환경 접시 14cm
2024-05-10,0,5,Spring,0,0,0,느티나무 셀프BBQ,친환경 접시 14cm
2024-05-11,2,5,Spring,1,0,1,느티나무 셀프BBQ,친환경 접시 14cm
2024-05-12,1,5,Spring,1,0,1,느티나무 셀프BBQ,친환경 접시 14cm
2024-05-13,0,5,Spring,0,0,0,느티나무 셀프BBQ,친환경 접시 14cm
2024-05-14,0,5,Spring,0,0,0,느티나무 셀프BBQ,친환경 접시 14cm
2024-05-15,0,5,Spring,0,1,1,느티나무 셀프BBQ,친환경 접시 14cm
2024-05-16,1,5,Spring,0,0,0,느티나무 셀프BBQ,친환경 접시 14cm
2024-05-17,1,5,Spring,0,0,0,느티나무 셀프BBQ,친환경 접시 14cm
2024-05-18,2,5,Spring,1,0,1,느티나무 셀프BBQ,친환경 접시 14cm
2024-05-19,0,5,Spring,1,0,1,느티나무 셀프BBQ,친환경 접시 14cm
2024-05-20,0,5,Spring,0,0,0,느티나무 셀프BBQ,친환경 접시 14cm
2024-05-21,0,5,Spring,0,0,0,느티나무 셀프BBQ,친환경 접시 14cm
2024-05-22,0,5,Spring,0,0,0,느티나무 셀프BBQ,친환경 접시 14cm
2024-05-23,0,5,Spring,0,0,0,느티나무 셀프BBQ,친환경 접시 14cm
2024-05-24,2,5,Spring,0,0,0,느티나무 셀프BBQ,친환경 접시 14cm
2024-05-25,1,5,Spring,1,0,1,느티나무 셀프BBQ,친환경 접시 14cm
2024-05-26,0,5,Spring,1,0,1,느티나무 셀프BBQ,친환경 접시 14cm
2024-05-27,0,5,Spring,0,0,0,느티나무 셀프BBQ,친환경 접시 14cm
2024-05-28,1,5,Spring,0,0,0,느티나무 셀프BBQ,친환경 접시 14cm
2024-05-29,2,5,Spring,0,0,0,느티나무 셀프BBQ,친환경 접시 14cm
2024-05-30,0,5,Spring,0,0,0,느티나무 셀프BBQ,친환경 접시 14cm
2024-05-31,0,5,Spring,0,0,0,느티나무 셀프BBQ,친환경 접시 14cm
2024-06-01,3,6,Summer,1,0,1,느티나무 셀프BBQ,친환경 접시 14cm
2024-06-02,0,6,Summer,1,0,1,느티나무 셀프BBQ,친환경 접시 14cm
2024-06-03,0,6,Summer,0,0,0,느티나무 셀프BBQ,친환경 접시 14cm
2024-06-04,0,6,Summer,0,0,0,느티나무 셀프BBQ,친환경 접시 14cm
2024-06-05,0,6,Summer,0,0,0,느티나무 셀프BBQ,친환경 접시 14cm
2024-06-06,2,6,Summer,0,1,1,느티나무 셀프BBQ,친환경 접시 14cm
2024-06-07,3,6,Summer,0,0,0,느티나무 셀프BBQ,친환경 접시 14cm
2024-06-08,2,6,Summer,1,0,1,느티나무 셀프BBQ,친환경 접시 14cm
2024-06-09,0,6,Summer,1,0,1,느티나무 셀프BBQ,친환경 접시 14cm
2024-06-10,0,6,Summer,0,0,0,느티나무 셀프BBQ,친환경 접시 14cm
2024-06-11,0,6,Summer,0,0,0,느티나무 셀프BBQ,친환경 접시 14cm
2024-06-12,0,6,Summer,0,0,0,느티나무 셀프BBQ,친환경 접시 14cm
2024-06-13,0,6,Summer,0,0,0,느티나무 셀프BBQ,친환경 접시 14cm
2024-06-14,1,6,Summer,0,0,0,느티나무 셀프BBQ,친환경 접시 14cm
2024-06-15,0,6,Summer,1,0,1,느티나무 셀프BBQ,친환경 접시 14cm
2023-01-01,0,1,Winter,1,1,1,느티나무 셀프BBQ,친환경 접시 23cm
2023-01-02,0,1,Winter,0,0,0,느티나무 셀프BBQ,친환경 접시 23cm
2023-01-03,0,1,Winter,0,0,0,느티나무 셀프BBQ,친환경 접시 23cm
2023-01-04,0,1,Winter,0,0,0,느티나무 셀프BBQ,친환경 접시 23cm
2023-01-05,4,1,Winter,0,0,0,느티나무 셀프BBQ,친환경 접시 23cm
2023-01-06,0,1,Winter,0,0,0,느티나무 셀프BBQ,친환경 접시 23cm
2023-01-07,0,1,Winter,1,0,1,느티나무 셀프BBQ,친환경 접시 23cm
2023-01-08,0,1,Winter,1,0,1,느티나무 셀프BBQ,친환경 접시 23cm
2023-01-09,2,1,Winter,0,0,0,느티나무 셀프BBQ,친환경 접시 23cm
2023-01-10,0,1,Winter,0,0,0,느티나무 셀프BBQ,친환경 접시 23cm
2023-01-11,0,1,Winter,0,0,0,느티나무 셀프BBQ,친환경 접시 23cm
2023-01-12,0,1,Winter,0,0,0,느티나무 셀프BBQ,친환경 접시 23cm
2023-01-13,0,1,Winter,0,0,0,느티나무 셀프BBQ,친환경 접시 23cm
2023-01-14,0,1,Winter,1,0,1,느티나무 셀프BBQ,친환경 접시 23cm
2023-01-15,2,1,Winter,1,0,1,느티나무 셀프BBQ,친환경 접시 23cm
2023-01-16,0,1,Winter,0,0,0,느티나무 셀프BBQ,친환경 접시 23cm
2023-01-17,0,1,Winter,0,0,0,느티나무 셀프BBQ,친환경 접시 23cm
2023-01-18,2,1,Winter,0,0,0,느티나무 셀프BBQ,친환경 접시 23cm
2023-01-19,0,1,Winter,0,0,0,느티나무 셀프BBQ,친환경 접시 23cm
2023-01-20,0,1,Winter,0,0,0,느티나무 셀프BBQ,친환경 접시 23cm
2023-01-21,0,1,Winter,1,1,1,느티나무 셀프BBQ,친환경 접시 23cm
2023-01-22,0,1,Winter,1,1,1,느티나무 셀프BBQ,친환경 접시 23cm
2023-01-23,1,1,Winter,0,1,1,느티나무 셀프BBQ,친환경 접시 23cm
2023-01-24,0,1,Winter,0,1,1,느티나무 셀프BBQ,친환경 접시 23cm
2023-01-25,0,1,Winter,0,0,0,느티나무 셀프BBQ,친환경 접시 23cm
2023-01-26,1,1,Winter,0,0,0,느티나무 셀프BBQ,친환경 접시 23cm
2023-01-27,1,1,Winter,0,0,0,느티나무 셀프BBQ,친환경 접시 23cm
2023-01-28,0,1,Winter,1,0,1,느티나무 셀프BBQ,친환경 접시 23cm
2023-01-29,1,1,Winter,1,0,1,느티나무 셀프BBQ,친환경 접시 23cm
2023-01-30,0,1,Winter,0,0,0,느티나무 셀프BBQ,친환경 접시 23cm
2023-01-31,0,1,Winter,0,0,0,느티나무 셀프BBQ,친환경 접시 23cm
2023-02-01,1,2,Winter,0,0,0,느티나무 셀프BBQ,친환경 접시 23cm
2023-02-02,0,2,Winter,0,0,0,느티나무 셀프BBQ,친환경 접시 23cm
2023-02-03,0,2,Winter,0,0,0,느티나무 셀프BBQ,친환경 접시 23cm
2023-02-04,1,2,Winter,1,0,1,느티나무 셀프BBQ,친환경 접시 23cm
2023-02-05,2,2,Winter,1,0,1,느티나무 셀프BBQ,친환경 접시 23cm
2023-02-06,1,2,Winter,0,0,0,느티나무 셀프BBQ,친환경 접시 23cm
2023-02-07,0,2,Winter,0,0,0,느티나무 셀프BBQ,친환경 접시 23cm
2023-02-08,0,2,Winter,0,0,0,느티나무 셀프BBQ,친환경 접시 23cm
2023-02-09,0,2,Winter,0,0,0,느티나무 셀프BBQ,친환경 접시 23cm
2023-02-10,0,2,Winter,0,0,0,느티나무 셀프BBQ,친환경 접시 23cm
2023-02-11,1,2,Winter,1,0,1,느티나무 셀프BBQ,친환경 접시 23cm
2023-02-12,0,2,Winter,1,0,1,느티나무 셀프BBQ,친환경 접시 23cm
2023-02-13,0,2,Winter,0,0,0,느티나무 셀프BBQ,친환경 접시 23cm
2023-02-14,2,2,Winter,0,0,0,느티나무 셀프BBQ,친환경 접시 23cm
2023-02-15,0,2,Winter,0,0,0,느티나무 셀프BBQ,친환경 접시 23cm
2023-02-16,0,2,Winter,0,0,0,느티나무 셀프BBQ,친환경 접시 23cm
2023-02-17,0,2,Winter,0,0,0,느티나무 셀프BBQ,친환경 접시 23cm
2023-02-18,0,2,Winter,1,0,1,느티나무 셀프BBQ,친환경 접시 23cm
2023-02-19,0,2,Winter,1,0,1,느티나무 셀프BBQ,친환경 접시 23cm
2023-02-20,2,2,Winter,0,0,0,느티나무 셀프BBQ,친환경 접시 23cm
2023-02-21,0,2,Winter,0,0,0,느티나무 셀프BBQ,친환경 접시 23cm
2023-02-22,1,2,Winter,0,0,0,느티나무 셀프BBQ,친환경 접시 23cm
2023-02-23,0,2,Winter,0,0,0,느티나무 셀프BBQ,친환경 접시 23cm
2023-02-24,0,2,Winter,0,0,0,느티나무 셀프BBQ,친환경 접시 23cm
2023-02-25,2,2,Winter,1,0,1,느티나무 셀프BBQ,친환경 접시 23cm
2023-02-26,1,2,Winter,1,0,1,느티나무 셀프BBQ,친환경 접시 23cm
2023-02-27,2,2,Winter,0,0,0,느티나무 셀프BBQ,친환경 접시 23cm
2023-02-28,0,2,Winter,0,0,0,느티나무 셀프BBQ,친환경 접시 23cm
2023-03-01,0,3,Spring,0,1,1,느티나무 셀프BBQ,친환경 접시 23cm
2023-03-02,0,3,Spring,0,0,0,느티나무 셀프BBQ,친환경 접시 23cm
2023-03-03,0,3,Spring,0,0,0,느티나무 셀프BBQ,친환경 접시 23cm
2023-03-04,0,3,Spring,1,0,1,느티나무 셀프BBQ,친환경 접시 23cm
2023-03-05,0,3,Spring,1,0,1,느티나무 셀프BBQ,친환경 접시 23cm
2023-03-06,0,3,Spring,0,0,0,느티나무 셀프BBQ,친환경 접시 23cm
2023-03-07,0,3,Spring,0,0,0,느티나무 셀프BBQ,친환경 접시 23cm
2023-03-08,0,3,Spring,0,0,0,느티나무 셀프BBQ,친환경 접시 23cm
2023-03-09,0,3,Spring,0,0,0,느티나무 셀프BBQ,친환경 접시 23cm
2023-03-10,3,3,Spring,0,0,0,느티나무 셀프BBQ,친환경 접시 23cm
2023-03-11,0,3,Spring,1,0,1,느티나무 셀프BBQ,친환경 접시 23cm
2023-03-12,0,3,Spring,1,0,1,느티나무 셀프BBQ,친환경 접시 23cm
2023-03-13,0,3,Spring,0,0,0,느티나무 셀프BBQ,친환경 접시 23cm
2023-03-14,0,3,Spring,0,0,0,느티나무 셀프BBQ,친환경 접시 23cm
2023-03-15,0,3,Spring,0,0,0,느티나무 셀프BBQ,친환경 접시 23cm
2023-03-16,0,3,Spring,0,0,0,느티나무 셀프BBQ,친환경 접시 23cm
2023-03-17,0,3,Spring,0,0,0,느티나무 셀프BBQ,친환경 접시 23cm
2023-03-18,2,3,Spring,1,0,1,느티나무 셀프BBQ,친환경 접시 23cm
2023-03-19,0,3,Spring,1,0,1,느티나무 셀프BBQ,친환경 접시 23cm
2023-03-20,0,3,Spring,0,0,0,느티나무 셀프BBQ,친환경 접시 23cm
2023-03-21,0,3,Spring,0,0,0,느티나무 셀프BBQ,친환경 접시 23cm
2023-03-22,1,3,Spring,0,0,0,느티나무 셀프BBQ,친환경 접시 23cm
2023-03-23,0,3,Spring,0,0,0,느티나무 셀프BBQ,친환경 접시 23cm
2023-03-24,2,3,Spring,0,0,0,느티나무 셀프BBQ,친환경 접시 23cm
2023-03-25,0,3,Spring,1,0,1,느티나무 셀프BBQ,친환경 접시 23cm
2023-03-26,0,3,Spring,1,0,1,느티나무 셀프BBQ,친환경 접시 23cm
2023-03-27,0,3,Spring,0,0,0,느티나무 셀프BBQ,친환경 접시 23cm
2023-03-28,0,3,Spring,0,0,0,느티나무 셀프BBQ,친환경 접시 23cm
2023-03-29,0,3,Spring,0,0,0,느티나무 셀프BBQ,친환경 접시 23cm
2023-03-30,0,3,Spring,0,0,0,느티나무 셀프BBQ,친환경 접시 23cm
2023-03-31,2,3,Spring,0,0,0,느티나무 셀프BBQ,친환경 접시 23cm
2023-04-01,3,4,Spring,1,0,1,느티나무 셀프BBQ,친환경 접시 23cm
2023-04-02,0,4,Spring,1,0,1,느티나무 셀프BBQ,친환경 접시 23cm
2023-04-03,0,4,Spring,0,0,0,느티나무 셀프BBQ,친환경 접시 23cm
2023-04-04,0,4,Spring,0,0,0,느티나무 셀프BBQ,친환경 접시 23cm
2023-04-05,0,4,Spring,0,0,0,느티나무 셀프BBQ,친환경 접시 23cm
2023-04-06,0,4,Spring,0,0,0,느티나무 셀프BBQ,친환경 접시 23cm
2023-04-07,0,4,Spring,0,0,0,느티나무 셀프BBQ,친환경 접시 23cm
2023-04-08,2,4,Spring,1,0,1,느티나무 셀프BBQ,친환경 접시 23cm
2023-04-09,3,4,Spring,1,0,1,느티나무 셀프BBQ,친환경 접시 23cm
2023-04-10,0,4,Spring,0,0,0,느티나무 셀프BBQ,친환경 접시 23cm
2023-04-11,0,4,Spring,0,0,0,느티나무 셀프BBQ,친환경 접시 23cm
2023-04-12,0,4,Spring,0,0,0,느티나무 셀프BBQ,친환경 접시 23cm
2023-04-13,0,4,Spring,0,0,0,느티나무 셀프BBQ,친환경 접시 23cm
2023-04-14,2,4,Spring,0,0,0,느티나무 셀프BBQ,친환경 접시 23cm
2023-04-15,4,4,Spring,1,0,1,느티나무 셀프BBQ,친환경 접시 23cm
2023-04-16,1,4,Spring,1,0,1,느티나무 셀프BBQ,친환경 접시 23cm
2023-04-17,0,4,Spring,0,0,0,느티나무 셀프BBQ,친환경 접시 23cm
2023-04-18,0,4,Spring,0,0,0,느티나무 셀프BBQ,친환경 접시 23cm
2023-04-19,0,4,Spring,0,0,0,느티나무 셀프BBQ,친환경 접시 23cm
2023-04-20,0,4,Spring,0,0,0,느티나무 셀프BBQ,친환경 접시 23cm
2023-04-21,4,4,Spring,0,0,0,느티나무 셀프BBQ,친환경 접시 23cm
2023-04-22,4,4,Spring,1,0,1,느티나무 셀프BBQ,친환경 접시 23cm
2023-04-23,1,4,Spring,1,0,1,느티나무 셀프BBQ,친환경 접시 23cm
2023-04-24,0,4,Spring,0,0,0,느티나무 셀프BBQ,친환경 접시 23cm
2023-04-25,0,4,Spring,0,0,0,느티나무 셀프BBQ,친환경 접시 23cm
2023-04-26,0,4,Spring,0,0,0,느티나무 셀프BBQ,친환경 접시 23cm
2023-04-27,0,4,Spring,0,0,0,느티나무 셀프BBQ,친환경 접시 23cm
2023-04-28,1,4,Spring,0,0,0,느티나무 셀프BBQ,친환경 접시 23cm
2023-04-29,0,4,Spring,1,0,1,느티나무 셀프BBQ,친환경 접시 23cm
2023-04-30,5,4,Spring,1,0,1,느티나무 셀프BBQ,친환경 접시 23cm
2023-05-01,1,5,Spring,0,0,0,느티나무 셀프BBQ,친환경 접시 23cm
2023-05-02,0,5,Spring,0,0,0,느티나무 셀프BBQ,친환경 접시 23cm
2023-05-03,2,5,Spring,0,0,0,느티나무 셀프BBQ,친환경 접시 23cm
2023-05-04,3,5,Spring,0,0,0,느티나무 셀프BBQ,친환경 접시 23cm
2023-05-05,3,5,Spring,0,1,1,느티나무 셀프BBQ,친환경 접시 23cm
2023-05-06,6,5,Spring,1,0,1,느티나무 셀프BBQ,친환경 접시 23cm
2023-05-07,5,5,Spring,1,0,1,느티나무 셀프BBQ,친환경 접시 23cm
2023-05-08,0,5,Spring,0,0,0,느티나무 셀프BBQ,친환경 접시 23cm
2023-05-09,0,5,Spring,0,0,0,느티나무 셀프BBQ,친환경 접시 23cm
2023-05-10,0,5,Spring,0,0,0,느티나무 셀프BBQ,친환경 접시 23cm
2023-05-11,1,5,Spring,0,0,0,느티나무 셀프BBQ,친환경 접시 23cm
2023-05-12,0,5,Spring,0,0,0,느티나무 셀프BBQ,친환경 접시 23cm
2023-05-13,4,5,Spring,1,0,1,느티나무 셀프BBQ,친환경 접시 23cm
2023-05-14,2,5,Spring,1,0,1,느티나무 셀프BBQ,친환경 접시 23cm
2023-05-15,0,5,Spring,0,0,0,느티나무 셀프BBQ,친환경 접시 23cm
2023-05-16,0,5,Spring,0,0,0,느티나무 셀프BBQ,친환경 접시 23cm
2023-05-17,0,5,Spring,0,0,0,느티나무 셀프BBQ,친환경 접시 23cm
2023-05-18,0,5,Spring,0,0,0,느티나무 셀프BBQ,친환경 접시 23cm
2023-05-19,2,5,Spring,0,0,0,느티나무 셀프BBQ,친환경 접시 23cm
2023-05-20,4,5,Spring,1,0,1,느티나무 셀프BBQ,친환경 접시 23cm
2023-05-21,1,5,Spring,1,0,1,느티나무 셀프BBQ,친환경 접시 23cm
2023-05-22,0,5,Spring,0,0,0,느티나무 셀프BBQ,친환경 접시 23cm
2023-05-23,0,5,Spring,0,0,0,느티나무 셀프BBQ,친환경 접시 23cm
2023-05-24,0,5,Spring,0,0,0,느티나무 셀프BBQ,친환경 접시 23cm
2023-05-25,1,5,Spring,0,0,0,느티나무 셀프BBQ,친환경 접시 23cm
2023-05-26,1,5,Spring,0,0,0,느티나무 셀프BBQ,친환경 접시 23cm
2023-05-27,3,5,Spring,1,1,1,느티나무 셀프BBQ,친환경 접시 23cm
2023-05-28,3,5,Spring,1,0,1,느티나무 셀프BBQ,친환경 접시 23cm
2023-05-29,1,5,Spring,0,1,1,느티나무 셀프BBQ,친환경 접시 23cm
2023-05-30,0,5,Spring,0,0,0,느티나무 셀프BBQ,친환경 접시 23cm
2023-05-31,0,5,Spring,0,0,0,느티나무 셀프BBQ,친환경 접시 23cm
2023-06-01,0,6,Summer,0,0,0,느티나무 셀프BBQ,친환경 접시 23cm
2023-06-02,1,6,Summer,0,0,0,느티나무 셀프BBQ,친환경 접시 23cm
2023-06-03,5,6,Summer,1,0,1,느티나무 셀프BBQ,친환경 접시 23cm
2023-06-04,3,6,Summer,1,0,1,느티나무 셀프BBQ,친환경 접시 23cm
2023-06-05,1,6,Summer,0,0,0,느티나무 셀프BBQ,친환경 접시 23cm
2023-06-06,1,6,Summer,0,1,1,느티나무 셀프BBQ,친환경 접시 23cm
2023-06-07,0,6,Summer,0,0,0,느티나무 셀프BBQ,친환경 접시 23cm
2023-06-08,0,6,Summer,0,0,0,느티나무 셀프BBQ,친환경 접시 23cm
2023-06-09,0,6,Summer,0,0,0,느티나무 셀프BBQ,친환경 접시 23cm
2023-06-10,2,6,Summer,1,0,1,느티나무 셀프BBQ,친환경 접시 23cm
2023-06-11,1,6,Summer,1,0,1,느티나무 셀프BBQ,친환경 접시 23cm
2023-06-12,0,6,Summer,0,0,0,느티나무 셀프BBQ,친환경 접시 23cm
2023-06-13,1,6,Summer,0,0,0,느티나무 셀프BBQ,친환경 접시 23cm
2023-06-14,0,6,Summer,0,0,0,느티나무 셀프BBQ,친환경 접시 23cm
2023-06-15,1,6,Summer,0,0,0,느티나무 셀프BBQ,친환경 접시 23cm
2023-06-16,5,6,Summer,0,0,0,느티나무 셀프BBQ,친환경 접시 23cm
2023-06-17,1,6,Summer,1,0,1,느티나무 셀프BBQ,친환경 접시 23cm
2023-06-18,2,6,Summer,1,0,1,느티나무 셀프BBQ,친환경 접시 23cm
2023-06-19,0,6,Summer,0,0,0,느티나무 셀프BBQ,친환경 접시 23cm
2023-06-20,1,6,Summer,0,0,0,느티나무 셀프BBQ,친환경 접시 23cm
2023-06-21,0,6,Summer,0,0,0,느티나무 셀프BBQ,친환경 접시 23cm
2023-06-22,0,6,Summer,0,0,0,느티나무 셀프BBQ,친환경 접시 23cm
2023-06-23,1,6,Summer,0,0,0,느티나무 셀프BBQ,친환경 접시 23cm
2023-06-24,0,6,Summer,1,0,1,느티나무 셀프BBQ,친환경 접시 23cm
2023-06-25,2,6,Summer,1,0,1,느티나무 셀프BBQ,친환경 접시 23cm
2023-06-26,0,6,Summer,0,0,0,느티나무 셀프BBQ,친환경 접시 23cm
2023-06-27,0,6,Summer,0,0,0,느티나무 셀프BBQ,친환경 접시 23cm
2023-06-28,1,6,Summer,0,0,0,느티나무 셀프BBQ,친환경 접시 23cm
2023-06-29,0,6,Summer,0,0,0,느티나무 셀프BBQ,친환경 접시 23cm
2023-06-30,3,6,Summer,0,0,0,느티나무 셀프BBQ,친환경 접시 23cm
2023-07-01,2,7,Summer,1,0,1,느티나무 셀프BBQ,친환경 접시 23cm
2023-07-02,1,7,Summer,1,0,1,느티나무 셀프BBQ,친환경 접시 23cm
2023-07-03,0,7,Summer,0,0,0,느티나무 셀프BBQ,친환경 접시 23cm
2023-07-04,0,7,Summer,0,0,0,느티나무 셀프BBQ,친환경 접시 23cm
2023-07-05,1,7,Summer,0,0,0,느티나무 셀프BBQ,친환경 접시 23cm
2023-07-06,4,7,Summer,0,0,0,느티나무 셀프BBQ,친환경 접시 23cm
2023-07-07,0,7,Summer,0,0,0,느티나무 셀프BBQ,친환경 접시 23cm
2023-07-08,5,7,Summer,1,0,1,느티나무 셀프BBQ,친환경 접시 23cm
2023-07-09,0,7,Summer,1,0,1,느티나무 셀프BBQ,친환경 접시 23cm
2023-07-10,0,7,Summer,0,0,0,느티나무 셀프BBQ,친환경 접시 23cm
2023-07-11,0,7,Summer,0,0,0,느티나무 셀프BBQ,친환경 접시 23cm
2023-07-12,0,7,Summer,0,0,0,느티나무 셀프BBQ,친환경 접시 23cm
2023-07-13,1,7,Summer,0,0,0,느티나무 셀프BBQ,친환경 접시 23cm
2023-07-14,1,7,Summer,0,0,0,느티나무 셀프BBQ,친환경 접시 23cm
2023-07-15,2,7,Summer,1,0,1,느티나무 셀프BBQ,친환경 접시 23cm
2023-07-16,0,7,Summer,1,0,1,느티나무 셀프BBQ,친환경 접시 23cm
2023-07-17,1,7,Summer,0,0,0,느티나무 셀프BBQ,친환경 접시 23cm
2023-07-18,0,7,Summer,0,0,0,느티나무 셀프BBQ,친환경 접시 23cm
2023-07-19,3,7,Summer,0,0,0,느티나무 셀프BBQ,친환경 접시 23cm
2023-07-20,3,7,Summer,0,0,0,느티나무 셀프BBQ,친환경 접시 23cm
2023-07-21,2,7,Summer,0,0,0,느티나무 셀프BBQ,친환경 접시 23cm
2023-07-22,3,7,Summer,1,0,1,느티나무 셀프BBQ,친환경 접시 23cm
2023-07-23,1,7,Summer,1,0,1,느티나무 셀프BBQ,친환경 접시 23cm
2023-07-24,2,7,Summer,0,0,0,느티나무 셀프BBQ,친환경 접시 23cm
2023-07-25,1,7,Summer,0,0,0,느티나무 셀프BBQ,친환경 접시 23cm
2023-07-26,5,7,Summer,0,0,0,느티나무 셀프BBQ,친환경 접시 23cm
2023-07-27,3,7,Summer,0,0,0,느티나무 셀프BBQ,친환경 접시 23cm
2023-07-28,2,7,Summer,0,0,0,느티나무 셀프BBQ,친환경 접시 23cm
2023-07-29,4,7,Summer,1,0,1,느티나무 셀프BBQ,친환경 접시 23cm
2023-07-30,0,7,Summer,1,0,1,느티나무 셀프BBQ,친환경 접시 23cm
2023-07-31,5,7,Summer,0,0,0,느티나무 셀프BBQ,친환경 접시 23cm
2023-08-01,4,8,Summer,0,0,0,느티나무 셀프BBQ,친환경 접시 23cm
2023-08-02,1,8,Summer,0,0,0,느티나무 셀프BBQ,친환경 접시 23cm
2023-08-03,5,8,Summer,0,0,0,느티나무 셀프BBQ,친환경 접시 23cm
2023-08-04,4,8,Summer,0,0,0,느티나무 셀프BBQ,친환경 접시 23cm
2023-08-05,1,8,Summer,1,0,1,느티나무 셀프BBQ,친환경 접시 23cm
2023-08-06,0,8,Summer,1,0,1,느티나무 셀프BBQ,친환경 접시 23cm
2023-08-07,2,8,Summer,0,0,0,느티나무 셀프BBQ,친환경 접시 23cm
2023-08-08,4,8,Summer,0,0,0,느티나무 셀프BBQ,친환경 접시 23cm
2023-08-09,3,8,Summer,0,0,0,느티나무 셀프BBQ,친환경 접시 23cm
2023-08-10,1,8,Summer,0,0,0,느티나무 셀프BBQ,친환경 접시 23cm
2023-08-11,2,8,Summer,0,0,0,느티나무 셀프BBQ,친환경 접시 23cm
2023-08-12,3,8,Summer,1,0,1,느티나무 셀프BBQ,친환경 접시 23cm
2023-08-13,7,8,Summer,1,0,1,느티나무 셀프BBQ,친환경 접시 23cm
2023-08-14,5,8,Summer,0,0,0,느티나무 셀프BBQ,친환경 접시 23cm
2023-08-15,2,8,Summer,0,1,1,느티나무 셀프BBQ,친환경 접시 23cm
2023-08-16,2,8,Summer,0,0,0,느티나무 셀프BBQ,친환경 접시 23cm
2023-08-17,1,8,Summer,0,0,0,느티나무 셀프BBQ,친환경 접시 23cm
2023-08-18,2,8,Summer,0,0,0,느티나무 셀프BBQ,친환경 접시 23cm
2023-08-19,5,8,Summer,1,0,1,느티나무 셀프BBQ,친환경 접시 23cm
2023-08-20,6,8,Summer,1,0,1,느티나무 셀프BBQ,친환경 접시 23cm
2023-08-21,1,8,Summer,0,0,0,느티나무 셀프BBQ,친환경 접시 23cm
2023-08-22,0,8,Summer,0,0,0,느티나무 셀프BBQ,친환경 접시 23cm
2023-08-23,0,8,Summer,0,0,0,느티나무 셀프BBQ,친환경 접시 23cm
2023-08-24,2,8,Summer,0,0,0,느티나무 셀프BBQ,친환경 접시 23cm
2023-08-25,6,8,Summer,0,0,0,느티나무 셀프BBQ,친환경 접시 23cm
2023-08-26,1,8,Summer,1,0,1,느티나무 셀프BBQ,친환경 접시 23cm
2023-08-27,7,8,Summer,1,0,1,느티나무 셀프BBQ,친환경 접시 23cm
2023-08-28,0,8,Summer,0,0,0,느티나무 셀프BBQ,친환경 접시 23cm
2023-08-29,0,8,Summer,0,0,0,느티나무 셀프BBQ,친환경 접시 23cm
2023-08-30,0,8,Summer,0,0,0,느티나무 셀프BBQ,친환경 접시 23cm
2023-08-31,0,8,Summer,0,0,0,느티나무 셀프BBQ,친환경 접시 23cm
2023-09-01,1,9,Autumn,0,0,0,느티나무 셀프BBQ,친환경 접시 23cm
2023-09-02,3,9,Autumn,1,0,1,느티나무 셀프BBQ,친환경 접시 23cm
2023-09-03,1,9,Autumn,1,0,1,느티나무 셀프BBQ,친환경 접시 23cm
2023-09-04,0,9,Autumn,0,0,0,느티나무 셀프BBQ,친환경 접시 23cm
2023-09-05,1,9,Autumn,0,0,0,느티나무 셀프BBQ,친환경 접시 23cm
2023-09-06,1,9,Autumn,0,0,0,느티나무 셀프BBQ,친환경 접시 23cm
2023-09-07,1,9,Autumn,0,0,0,느티나무 셀프BBQ,친환경 접시 23cm
2023-09-08,1,9,Autumn,0,0,0,느티나무 셀프BBQ,친환경 접시 23cm
2023-09-09,5,9,Autumn,1,0,1,느티나무 셀프BBQ,친환경 접시 23cm
2023-09-10,5,9,Autumn,1,0,1,느티나무 셀프BBQ,친환경 접시 23cm
2023-09-11,0,9,Autumn,0,0,0,느티나무 셀프BBQ,친환경 접시 23cm
2023-09-12,0,9,Autumn,0,0,0,느티나무 셀프BBQ,친환경 접시 23cm
2023-09-13,0,9,Autumn,0,0,0,느티나무 셀프BBQ,친환경 접시 23cm
2023-09-14,3,9,Autumn,0,0,0,느티나무 셀프BBQ,친환경 접시 23cm
2023-09-15,2,9,Autumn,0,0,0,느티나무 셀프BBQ,친환경 접시 23cm
2023-09-16,1,9,Autumn,1,0,1,느티나무 셀프BBQ,친환경 접시 23cm
2023-09-17,0,9,Autumn,1,0,1,느티나무 셀프BBQ,친환경 접시 23cm
2023-09-18,0,9,Autumn,0,0,0,느티나무 셀프BBQ,친환경 접시 23cm
2023-09-19,0,9,Autumn,0,0,0,느티나무 셀프BBQ,친환경 접시 23cm
2023-09-20,1,9,Autumn,0,0,0,느티나무 셀프BBQ,친환경 접시 23cm
2023-09-21,0,9,Autumn,0,0,0,느티나무 셀프BBQ,친환경 접시 23cm
2023-09-22,1,9,Autumn,0,0,0,느티나무 셀프BBQ,친환경 접시 23cm
2023-09-23,4,9,Autumn,1,0,1,느티나무 셀프BBQ,친환경 접시 23cm
2023-09-24,3,9,Autumn,1,0,1,느티나무 셀프BBQ,친환경 접시 23cm
2023-09-25,0,9,Autumn,0,0,0,느티나무 셀프BBQ,친환경 접시 23cm
2023-09-26,0,9,Autumn,0,0,0,느티나무 셀프BBQ,친환경 접시 23cm
2023-09-27,5,9,Autumn,0,0,0,느티나무 셀프BBQ,친환경 접시 23cm
2023-09-28,3,9,Autumn,0,1,1,느티나무 셀프BBQ,친환경 접시 23cm
2023-09-29,4,9,Autumn,0,1,1,느티나무 셀프BBQ,친환경 접시 23cm
2023-09-30,4,9,Autumn,1,1,1,느티나무 셀프BBQ,친환경 접시 23cm
2023-10-01,1,10,Autumn,1,0,1,느티나무 셀프BBQ,친환경 접시 23cm
2023-10-02,3,10,Autumn,0,1,1,느티나무 셀프BBQ,친환경 접시 23cm
2023-10-03,0,10,Autumn,0,1,1,느티나무 셀프BBQ,친환경 접시 23cm
2023-10-04,0,10,Autumn,0,0,0,느티나무 셀프BBQ,친환경 접시 23cm
2023-10-05,1,10,Autumn,0,0,0,느티나무 셀프BBQ,친환경 접시 23cm
2023-10-06,1,10,Autumn,0,0,0,느티나무 셀프BBQ,친환경 접시 23cm
2023-10-07,8,10,Autumn,1,0,1,느티나무 셀프BBQ,친환경 접시 23cm
2023-10-08,1,10,Autumn,1,0,1,느티나무 셀프BBQ,친환경 접시 23cm
2023-10-09,0,10,Autumn,0,1,1,느티나무 셀프BBQ,친환경 접시 23cm
2023-10-10,0,10,Autumn,0,0,0,느티나무 셀프BBQ,친환경 접시 23cm
2023-10-11,1,10,Autumn,0,0,0,느티나무 셀프BBQ,친환경 접시 23cm
2023-10-12,0,10,Autumn,0,0,0,느티나무 셀프BBQ,친환경 접시 23cm
2023-10-13,0,10,Autumn,0,0,0,느티나무 셀프BBQ,친환경 접시 23cm
2023-10-14,0,10,Autumn,1,0,1,느티나무 셀프BBQ,친환경 접시 23cm
2023-10-15,0,10,Autumn,1,0,1,느티나무 셀프BBQ,친환경 접시 23cm
2023-10-16,0,10,Autumn,0,0,0,느티나무 셀프BBQ,친환경 접시 23cm
2023-10-17,0,10,Autumn,0,0,0,느티나무 셀프BBQ,친환경 접시 23cm
2023-10-18,0,10,Autumn,0,0,0,느티나무 셀프BBQ,친환경 접시 23cm
2023-10-19,0,10,Autumn,0,0,0,느티나무 셀프BBQ,친환경 접시 23cm
2023-10-20,0,10,Autumn,0,0,0,느티나무 셀프BBQ,친환경 접시 23cm
2023-10-21,3,10,Autumn,1,0,1,느티나무 셀프BBQ,친환경 접시 23cm
2023-10-22,6,10,Autumn,1,0,1,느티나무 셀프BBQ,친환경 접시 23cm
2023-10-23,0,10,Autumn,0,0,0,느티나무 셀프BBQ,친환경 접시 23cm
2023-10-24,0,10,Autumn,0,0,0,느티나무 셀프BBQ,친환경 접시 23cm
2023-10-25,2,10,Autumn,0,0,0,느티나무 셀프BBQ,친환경 접시 23cm
2023-10-26,1,10,Autumn,0,0,0,느티나무 셀프BBQ,친환경 접시 23cm
2023-10-27,3,10,Autumn,0,0,0,느티나무 셀프BBQ,친환경 접시 23cm
2023-10-28,4,10,Autumn,1,0,1,느티나무 셀프BBQ,친환경 접시 23cm
2023-10-29,3,10,Autumn,1,0,1,느티나무 셀프BBQ,친환경 접시 23cm
2023-10-30,0,10,Autumn,0,0,0,느티나무 셀프BBQ,친환경 접시 23cm
2023-10-31,2,10,Autumn,0,0,0,느티나무 셀프BBQ,친환경 접시 23cm
2023-11-01,0,11,Autumn,0,0,0,느티나무 셀프BBQ,친환경 접시 23cm
2023-11-02,0,11,Autumn,0,0,0,느티나무 셀프BBQ,친환경 접시 23cm
2023-11-03,1,11,Autumn,0,0,0,느티나무 셀프BBQ,친환경 접시 23cm
2023-11-04,1,11,Autumn,1,0,1,느티나무 셀프BBQ,친환경 접시 23cm
2023-11-05,1,11,Autumn,1,0,1,느티나무 셀프BBQ,친환경 접시 23cm
2023-11-06,0,11,Autumn,0,0,0,느티나무 셀프BBQ,친환경 접시 23cm
2023-11-07,2,11,Autumn,0,0,0,느티나무 셀프BBQ,친환경 접시 23cm
2023-11-08,1,11,Autumn,0,0,0,느티나무 셀프BBQ,친환경 접시 23cm
2023-11-09,0,11,Autumn,0,0,0,느티나무 셀프BBQ,친환경 접시 23cm
2023-11-10,0,11,Autumn,0,0,0,느티나무 셀프BBQ,친환경 접시 23cm
2023-11-11,0,11,Autumn,1,0,1,느티나무 셀프BBQ,친환경 접시 23cm
2023-11-12,1,11,Autumn,1,0,1,느티나무 셀프BBQ,친환경 접시 23cm
2023-11-13,0,11,Autumn,0,0,0,느티나무 셀프BBQ,친환경 접시 23cm
2023-11-14,0,11,Autumn,0,0,0,느티나무 셀프BBQ,친환경 접시 23cm
2023-11-15,0,11,Autumn,0,0,0,느티나무 셀프BBQ,친환경 접시 23cm
2023-11-16,2,11,Autumn,0,0,0,느티나무 셀프BBQ,친환경 접시 23cm
2023-11-17,0,11,Autumn,0,0,0,느티나무 셀프BBQ,친환경 접시 23cm
2023-11-18,2,11,Autumn,1,0,1,느티나무 셀프BBQ,친환경 접시 23cm
2023-11-19,2,11,Autumn,1,0,1,느티나무 셀프BBQ,친환경 접시 23cm
2023-11-20,0,11,Autumn,0,0,0,느티나무 셀프BBQ,친환경 접시 23cm
2023-11-21,0,11,Autumn,0,0,0,느티나무 셀프BBQ,친환경 접시 23cm
2023-11-22,0,11,Autumn,0,0,0,느티나무 셀프BBQ,친환경 접시 23cm
2023-11-23,0,11,Autumn,0,0,0,느티나무 셀프BBQ,친환경 접시 23cm
2023-11-24,0,11,Autumn,0,0,0,느티나무 셀프BBQ,친환경 접시 23cm
2023-11-25,1,11,Autumn,1,0,1,느티나무 셀프BBQ,친환경 접시 23cm
2023-11-26,2,11,Autumn,1,0,1,느티나무 셀프BBQ,친환경 접시 23cm
2023-11-27,0,11,Autumn,0,0,0,느티나무 셀프BBQ,친환경 접시 23cm
2023-11-28,0,11,Autumn,0,0,0,느티나무 셀프BBQ,친환경 접시 23cm
2023-11-29,1,11,Autumn,0,0,0,느티나무 셀프BBQ,친환경 접시 23cm
2023-11-30,0,11,Autumn,0,0,0,느티나무 셀프BBQ,친환경 접시 23cm
2023-12-01,0,12,Winter,0,0,0,느티나무 셀프BBQ,친환경 접시 23cm
2023-12-02,0,12,Winter,1,0,1,느티나무 셀프BBQ,친환경 접시 23cm
2023-12-03,0,12,Winter,1,0,1,느티나무 셀프BBQ,친환경 접시 23cm
2023-12-04,0,12,Winter,0,0,0,느티나무 셀프BBQ,친환경 접시 23cm
2023-12-05,0,12,Winter,0,0,0,느티나무 셀프BBQ,친환경 접시 23cm
2023-12-06,0,12,Winter,0,0,0,느티나무 셀프BBQ,친환경 접시 23cm
2023-12-07,0,12,Winter,0,0,0,느티나무 셀프BBQ,친환경 접시 23cm
2023-12-08,0,12,Winter,0,0,0,느티나무 셀프BBQ,친환경 접시 23cm
2023-12-09,0,12,Winter,1,0,1,느티나무 셀프BBQ,친환경 접시 23cm
2023-12-10,2,12,Winter,1,0,1,느티나무 셀프BBQ,친환경 접시 23cm
2023-12-11,2,12,Winter,0,0,0,느티나무 셀프BBQ,친환경 접시 23cm
2023-12-12,0,12,Winter,0,0,0,느티나무 셀프BBQ,친환경 접시 23cm
2023-12-13,0,12,Winter,0,0,0,느티나무 셀프BBQ,친환경 접시 23cm
2023-12-14,0,12,Winter,0,0,0,느티나무 셀프BBQ,친환경 접시 23cm
2023-12-15,0,12,Winter,0,0,0,느티나무 셀프BBQ,친환경 접시 23cm
2023-12-16,1,12,Winter,1,0,1,느티나무 셀프BBQ,친환경 접시 23cm
2023-12-17,0,12,Winter,1,0,1,느티나무 셀프BBQ,친환경 접시 23cm
2023-12-18,0,12,Winter,0,0,0,느티나무 셀프BBQ,친환경 접시 23cm
2023-12-19,0,12,Winter,0,0,0,느티나무 셀프BBQ,친환경 접시 23cm
2023-12-20,1,12,Winter,0,0,0,느티나무 셀프BBQ,친환경 접시 23cm
2023-12-21,1,12,Winter,0,0,0,느티나무 셀프BBQ,친환경 접시 23cm
2023-12-22,0,12,Winter,0,0,0,느티나무 셀프BBQ,친환경 접시 23cm
2023-12-23,0,12,Winter,1,0,1,느티나무 셀프BBQ,친환경 접시 23cm
2023-12-24,0,12,Winter,1,0,1,느티나무 셀프BBQ,친환경 접시 23cm
2023-12-25,0,12,Winter,0,1,1,느티나무 셀프BBQ,친환경 접시 23cm
2023-12-26,0,12,Winter,0,0,0,느티나무 셀프BBQ,친환경 접시 23cm
2023-12-27,0,12,Winter,0,0,0,느티나무 셀프BBQ,친환경 접시 23cm
2023-12-28,2,12,Winter,0,0,0,느티나무 셀프BBQ,친환경 접시 23cm
2023-12-29,0,12,Winter,0,0,0,느티나무 셀프BBQ,친환경 접시 23cm
2023-12-30,1,12,Winter,1,0,1,느티나무 셀프BBQ,친환경 접시 23cm
2023-12-31,0,12,Winter,1,0,1,느티나무 셀프BBQ,친환경 접시 23cm
2024-01-01,1,1,Winter,0,1,1,느티나무 셀프BBQ,친환경 접시 23cm
2024-01-02,1,1,Winter,0,0,0,느티나무 셀프BBQ,친환경 접시 23cm
2024-01-03,1,1,Winter,0,0,0,느티나무 셀프BBQ,친환경 접시 23cm
2024-01-04,0,1,Winter,0,0,0,느티나무 셀프BBQ,친환경 접시 23cm
2024-01-05,1,1,Winter,0,0,0,느티나무 셀프BBQ,친환경 접시 23cm
2024-01-06,0,1,Winter,1,0,1,느티나무 셀프BBQ,친환경 접시 23cm
2024-01-07,2,1,Winter,1,0,1,느티나무 셀프BBQ,친환경 접시 23cm
2024-01-08,1,1,Winter,0,0,0,느티나무 셀프BBQ,친환경 접시 23cm
2024-01-09,2,1,Winter,0,0,0,느티나무 셀프BBQ,친환경 접시 23cm
2024-01-10,1,1,Winter,0,0,0,느티나무 셀프BBQ,친환경 접시 23cm
2024-01-11,1,1,Winter,0,0,0,느티나무 셀프BBQ,친환경 접시 23cm
2024-01-12,0,1,Winter,0,0,0,느티나무 셀프BBQ,친환경 접시 23cm
2024-01-13,0,1,Winter,1,0,1,느티나무 셀프BBQ,친환경 접시 23cm
2024-01-14,0,1,Winter,1,0,1,느티나무 셀프BBQ,친환경 접시 23cm
2024-01-15,1,1,Winter,0,0,0,느티나무 셀프BBQ,친환경 접시 23cm
2024-01-16,0,1,Winter,0,0,0,느티나무 셀프BBQ,친환경 접시 23cm
2024-01-17,1,1,Winter,0,0,0,느티나무 셀프BBQ,친환경 접시 23cm
2024-01-18,0,1,Winter,0,0,0,느티나무 셀프BBQ,친환경 접시 23cm
2024-01-19,1,1,Winter,0,0,0,느티나무 셀프BBQ,친환경 접시 23cm
2024-01-20,0,1,Winter,1,0,1,느티나무 셀프BBQ,친환경 접시 23cm
2024-01-21,0,1,Winter,1,0,1,느티나무 셀프BBQ,친환경 접시 23cm
2024-01-22,0,1,Winter,0,0,0,느티나무 셀프BBQ,친환경 접시 23cm
2024-01-23,0,1,Winter,0,0,0,느티나무 셀프BBQ,친환경 접시 23cm
2024-01-24,0,1,Winter,0,0,0,느티나무 셀프BBQ,친환경 접시 23cm
2024-01-25,0,1,Winter,0,0,0,느티나무 셀프BBQ,친환경 접시 23cm
2024-01-26,0,1,Winter,0,0,0,느티나무 셀프BBQ,친환경 접시 23cm
2024-01-27,0,1,Winter,1,0,1,느티나무 셀프BBQ,친환경 접시 23cm
2024-01-28,0,1,Winter,1,0,1,느티나무 셀프BBQ,친환경 접시 23cm
2024-01-29,0,1,Winter,0,0,0,느티나무 셀프BBQ,친환경 접시 23cm
2024-01-30,0,1,Winter,0,0,0,느티나무 셀프BBQ,친환경 접시 23cm
2024-01-31,0,1,Winter,0,0,0,느티나무 셀프BBQ,친환경 접시 23cm
2024-02-01,0,2,Winter,0,0,0,느티나무 셀프BBQ,친환경 접시 23cm
2024-02-02,0,2,Winter,0,0,0,느티나무 셀프BBQ,친환경 접시 23cm
2024-02-03,0,2,Winter,1,0,1,느티나무 셀프BBQ,친환경 접시 23cm
2024-02-04,0,2,Winter,1,0,1,느티나무 셀프BBQ,친환경 접시 23cm
2024-02-05,0,2,Winter,0,0,0,느티나무 셀프BBQ,친환경 접시 23cm
2024-02-06,1,2,Winter,0,0,0,느티나무 셀프BBQ,친환경 접시 23cm
2024-02-07,0,2,Winter,0,0,0,느티나무 셀프BBQ,친환경 접시 23cm
2024-02-08,0,2,Winter,0,0,0,느티나무 셀프BBQ,친환경 접시 23cm
2024-02-09,0,2,Winter,0,1,1,느티나무 셀프BBQ,친환경 접시 23cm
2024-02-10,0,2,Winter,1,1,1,느티나무 셀프BBQ,친환경 접시 23cm
2024-02-11,0,2,Winter,1,1,1,느티나무 셀프BBQ,친환경 접시 23cm
2024-02-12,0,2,Winter,0,1,1,느티나무 셀프BBQ,친환경 접시 23cm
2024-02-13,0,2,Winter,0,0,0,느티나무 셀프BBQ,친환경 접시 23cm
2024-02-14,0,2,Winter,0,0,0,느티나무 셀프BBQ,친환경 접시 23cm
2024-02-15,3,2,Winter,0,0,0,느티나무 셀프BBQ,친환경 접시 23cm
2024-02-16,0,2,Winter,0,0,0,느티나무 셀프BBQ,친환경 접시 23cm
2024-02-17,0,2,Winter,1,0,1,느티나무 셀프BBQ,친환경 접시 23cm
2024-02-18,1,2,Winter,1,0,1,느티나무 셀프BBQ,친환경 접시 23cm
2024-02-19,0,2,Winter,0,0,0,느티나무 셀프BBQ,친환경 접시 23cm
2024-02-20,0,2,Winter,0,0,0,느티나무 셀프BBQ,친환경 접시 23cm
2024-02-21,0,2,Winter,0,0,0,느티나무 셀프BBQ,친환경 접시 23cm
2024-02-22,0,2,Winter,0,0,0,느티나무 셀프BBQ,친환경 접시 23cm
2024-02-23,0,2,Winter,0,0,0,느티나무 셀프BBQ,친환경 접시 23cm
2024-02-24,0,2,Winter,1,0,1,느티나무 셀프BBQ,친환경 접시 23cm
2024-02-25,0,2,Winter,1,0,1,느티나무 셀프BBQ,친환경 접시 23cm
2024-02-26,1,2,Winter,0,0,0,느티나무 셀프BBQ,친환경 접시 23cm
2024-02-27,0,2,Winter,0,0,0,느티나무 셀프BBQ,친환경 접시 23cm
2024-02-28,0,2,Winter,0,0,0,느티나무 셀프BBQ,친환경 접시 23cm
2024-02-29,0,2,Winter,0,0,0,느티나무 셀프BBQ,친환경 접시 23cm
2024-03-01,0,3,Spring,0,1,1,느티나무 셀프BBQ,친환경 접시 23cm
2024-03-02,0,3,Spring,1,0,1,느티나무 셀프BBQ,친환경 접시 23cm
2024-03-03,0,3,Spring,1,0,1,느티나무 셀프BBQ,친환경 접시 23cm
2024-03-04,0,3,Spring,0,0,0,느티나무 셀프BBQ,친환경 접시 23cm
2024-03-05,0,3,Spring,0,0,0,느티나무 셀프BBQ,친환경 접시 23cm
2024-03-06,0,3,Spring,0,0,0,느티나무 셀프BBQ,친환경 접시 23cm
2024-03-07,0,3,Spring,0,0,0,느티나무 셀프BBQ,친환경 접시 23cm
2024-03-08,0,3,Spring,0,0,0,느티나무 셀프BBQ,친환경 접시 23cm
2024-03-09,0,3,Spring,1,0,1,느티나무 셀프BBQ,친환경 접시 23cm
2024-03-10,0,3,Spring,1,0,1,느티나무 셀프BBQ,친환경 접시 23cm
2024-03-11,0,3,Spring,0,0,0,느티나무 셀프BBQ,친환경 접시 23cm
2024-03-12,0,3,Spring,0,0,0,느티나무 셀프BBQ,친환경 접시 23cm
2024-03-13,0,3,Spring,0,0,0,느티나무 셀프BBQ,친환경 접시 23cm
2024-03-14,1,3,Spring,0,0,0,느티나무 셀프BBQ,친환경 접시 23cm
2024-03-15,2,3,Spring,0,0,0,느티나무 셀프BBQ,친환경 접시 23cm
2024-03-16,2,3,Spring,1,0,1,느티나무 셀프BBQ,친환경 접시 23cm
2024-03-17,0,3,Spring,1,0,1,느티나무 셀프BBQ,친환경 접시 23cm
2024-03-18,0,3,Spring,0,0,0,느티나무 셀프BBQ,친환경 접시 23cm
2024-03-19,0,3,Spring,0,0,0,느티나무 셀프BBQ,친환경 접시 23cm
2024-03-20,1,3,Spring,0,0,0,느티나무 셀프BBQ,친환경 접시 23cm
2024-03-21,0,3,Spring,0,0,0,느티나무 셀프BBQ,친환경 접시 23cm
2024-03-22,0,3,Spring,0,0,0,느티나무 셀프BBQ,친환경 접시 23cm
2024-03-23,3,3,Spring,1,0,1,느티나무 셀프BBQ,친환경 접시 23cm
2024-03-24,2,3,Spring,1,0,1,느티나무 셀프BBQ,친환경 접시 23cm
2024-03-25,0,3,Spring,0,0,0,느티나무 셀프BBQ,친환경 접시 23cm
2024-03-26,0,3,Spring,0,0,0,느티나무 셀프BBQ,친환경 접시 23cm
2024-03-27,1,3,Spring,0,0,0,느티나무 셀프BBQ,친환경 접시 23cm
2024-03-28,0,3,Spring,0,0,0,느티나무 셀프BBQ,친환경 접시 23cm
2024-03-29,4,3,Spring,0,0,0,느티나무 셀프BBQ,친환경 접시 23cm
2024-03-30,2,3,Spring,1,0,1,느티나무 셀프BBQ,친환경 접시 23cm
2024-03-31,2,3,Spring,1,0,1,느티나무 셀프BBQ,친환경 접시 23cm
2024-04-01,0,4,Spring,0,0,0,느티나무 셀프BBQ,친환경 접시 23cm
2024-04-02,0,4,Spring,0,0,0,느티나무 셀프BBQ,친환경 접시 23cm
2024-04-03,0,4,Spring,0,0,0,느티나무 셀프BBQ,친환경 접시 23cm
2024-04-04,0,4,Spring,0,0,0,느티나무 셀프BBQ,친환경 접시 23cm
2024-04-05,2,4,Spring,0,0,0,느티나무 셀프BBQ,친환경 접시 23cm
2024-04-06,2,4,Spring,1,0,1,느티나무 셀프BBQ,친환경 접시 23cm
2024-04-07,2,4,Spring,1,0,1,느티나무 셀프BBQ,친환경 접시 23cm
2024-04-08,0,4,Spring,0,0,0,느티나무 셀프BBQ,친환경 접시 23cm
2024-04-09,3,4,Spring,0,0,0,느티나무 셀프BBQ,친환경 접시 23cm
2024-04-10,1,4,Spring,0,1,1,느티나무 셀프BBQ,친환경 접시 23cm
2024-04-11,3,4,Spring,0,0,0,느티나무 셀프BBQ,친환경 접시 23cm
2024-04-12,1,4,Spring,0,0,0,느티나무 셀프BBQ,친환경 접시 23cm
2024-04-13,2,4,Spring,1,0,1,느티나무 셀프BBQ,친환경 접시 23cm
2024-04-14,1,4,Spring,1,0,1,느티나무 셀프BBQ,친환경 접시 23cm
2024-04-15,0,4,Spring,0,0,0,느티나무 셀프BBQ,친환경 접시 23cm
2024-04-16,2,4,Spring,0,0,0,느티나무 셀프BBQ,친환경 접시 23cm
2024-04-17,0,4,Spring,0,0,0,느티나무 셀프BBQ,친환경 접시 23cm
2024-04-18,0,4,Spring,0,0,0,느티나무 셀프BBQ,친환경 접시 23cm
2024-04-19,2,4,Spring,0,0,0,느티나무 셀프BBQ,친환경 접시 23cm
2024-04-20,3,4,Spring,1,0,1,느티나무 셀프BBQ,친환경 접시 23cm
2024-04-21,2,4,Spring,1,0,1,느티나무 셀프BBQ,친환경 접시 23cm
2024-04-22,0,4,Spring,0,0,0,느티나무 셀프BBQ,친환경 접시 23cm
2024-04-23,1,4,Spring,0,0,0,느티나무 셀프BBQ,친환경 접시 23cm
2024-04-24,0,4,Spring,0,0,0,느티나무 셀프BBQ,친환경 접시 23cm
2024-04-25,2,4,Spring,0,0,0,느티나무 셀프BBQ,친환경 접시 23cm
2024-04-26,1,4,Spring,0,0,0,느티나무 셀프BBQ,친환경 접시 23cm
2024-04-27,1,4,Spring,1,0,1,느티나무 셀프BBQ,친환경 접시 23cm
2024-04-28,3,4,Spring,1,0,1,느티나무 셀프BBQ,친환경 접시 23cm
2024-04-29,0,4,Spring,0,0,0,느티나무 셀프BBQ,친환경 접시 23cm
2024-04-30,2,4,Spring,0,0,0,느티나무 셀프BBQ,친환경 접시 23cm
2024-05-01,0,5,Spring,0,0,0,느티나무 셀프BBQ,친환경 접시 23cm
2024-05-02,1,5,Spring,0,0,0,느티나무 셀프BBQ,친환경 접시 23cm
2024-05-03,2,5,Spring,0,0,0,느티나무 셀프BBQ,친환경 접시 23cm
2024-05-04,9,5,Spring,1,0,1,느티나무 셀프BBQ,친환경 접시 23cm
2024-05-05,3,5,Spring,1,1,1,느티나무 셀프BBQ,친환경 접시 23cm
2024-05-06,1,5,Spring,0,1,1,느티나무 셀프BBQ,친환경 접시 23cm
2024-05-07,0,5,Spring,0,0,0,느티나무 셀프BBQ,친환경 접시 23cm
2024-05-08,0,5,Spring,0,0,0,느티나무 셀프BBQ,친환경 접시 23cm
2024-05-09,0,5,Spring,0,0,0,느티나무 셀프BBQ,친환경 접시 23cm
2024-05-10,2,5,Spring,0,0,0,느티나무 셀프BBQ,친환경 접시 23cm
2024-05-11,6,5,Spring,1,0,1,느티나무 셀프BBQ,친환경 접시 23cm
2024-05-12,0,5,Spring,1,0,1,느티나무 셀프BBQ,친환경 접시 23cm
2024-05-13,0,5,Spring,0,0,0,느티나무 셀프BBQ,친환경 접시 23cm
2024-05-14,1,5,Spring,0,0,0,느티나무 셀프BBQ,친환경 접시 23cm
2024-05-15,0,5,Spring,0,1,1,느티나무 셀프BBQ,친환경 접시 23cm
2024-05-16,0,5,Spring,0,0,0,느티나무 셀프BBQ,친환경 접시 23cm
2024-05-17,2,5,Spring,0,0,0,느티나무 셀프BBQ,친환경 접시 23cm
2024-05-18,2,5,Spring,1,0,1,느티나무 셀프BBQ,친환경 접시 23cm
2024-05-19,1,5,Spring,1,0,1,느티나무 셀프BBQ,친환경 접시 23cm
2024-05-20,0,5,Spring,0,0,0,느티나무 셀프BBQ,친환경 접시 23cm
2024-05-21,0,5,Spring,0,0,0,느티나무 셀프BBQ,친환경 접시 23cm
2024-05-22,0,5,Spring,0,0,0,느티나무 셀프BBQ,친환경 접시 23cm
2024-05-23,0,5,Spring,0,0,0,느티나무 셀프BBQ,친환경 접시 23cm
2024-05-24,3,5,Spring,0,0,0,느티나무 셀프BBQ,친환경 접시 23cm
2024-05-25,1,5,Spring,1,0,1,느티나무 셀프BBQ,친환경 접시 23cm
2024-05-26,2,5,Spring,1,0,1,느티나무 셀프BBQ,친환경 접시 23cm
2024-05-27,0,5,Spring,0,0,0,느티나무 셀프BBQ,친환경 접시 23cm
2024-05-28,0,5,Spring,0,0,0,느티나무 셀프BBQ,친환경 접시 23cm
2024-05-29,2,5,Spring,0,0,0,느티나무 셀프BBQ,친환경 접시 23cm
2024-05-30,0,5,Spring,0,0,0,느티나무 셀프BBQ,친환경 접시 23cm
2024-05-31,0,5,Spring,0,0,0,느티나무 셀프BBQ,친환경 접시 23cm
2024-06-01,2,6,Summer,1,0,1,느티나무 셀프BBQ,친환경 접시 23cm
2024-06-02,3,6,Summer,1,0,1,느티나무 셀프BBQ,친환경 접시 23cm
2024-06-03,0,6,Summer,0,0,0,느티나무 셀프BBQ,친환경 접시 23cm
2024-06-04,0,6,Summer,0,0,0,느티나무 셀프BBQ,친환경 접시 23cm
2024-06-05,1,6,Summer,0,0,0,느티나무 셀프BBQ,친환경 접시 23cm
2024-06-06,2,6,Summer,0,1,1,느티나무 셀프BBQ,친환경 접시 23cm
2024-06-07,4,6,Summer,0,0,0,느티나무 셀프BBQ,친환경 접시 23cm
2024-06-08,1,6,Summer,1,0,1,느티나무 셀프BBQ,친환경 접시 23cm
2024-06-09,0,6,Summer,1,0,1,느티나무 셀프BBQ,친환경 접시 23cm
2024-06-10,0,6,Summer,0,0,0,느티나무 셀프BBQ,친환경 접시 23cm
2024-06-11,0,6,Summer,0,0,0,느티나무 셀프BBQ,친환경 접시 23cm
2024-06-12,1,6,Summer,0,0,0,느티나무 셀프BBQ,친환경 접시 23cm
2024-06-13,0,6,Summer,0,0,0,느티나무 셀프BBQ,친환경 접시 23cm
2024-06-14,2,6,Summer,0,0,0,느티나무 셀프BBQ,친환경 접시 23cm
2024-06-15,2,6,Summer,1,0,1,느티나무 셀프BBQ,친환경 접시 23cm
2023-01-01,0,1,Winter,1,1,1,느티나무 셀프BBQ,카스 병(단체)
2023-01-02,0,1,Winter,0,0,0,느티나무 셀프BBQ,카스 병(단체)
2023-01-03,15,1,Winter,0,0,0,느티나무 셀프BBQ,카스 병(단체)
2023-01-04,0,1,Winter,0,0,0,느티나무 셀프BBQ,카스 병(단체)
2023-01-05,11,1,Winter,0,0,0,느티나무 셀프BBQ,카스 병(단체)
2023-01-06,0,1,Winter,0,0,0,느티나무 셀프BBQ,카스 병(단체)
2023-01-07,0,1,Winter,1,0,1,느티나무 셀프BBQ,카스 병(단체)
2023-01-08,36,1,Winter,1,0,1,느티나무 셀프BBQ,카스 병(단체)
2023-01-09,0,1,Winter,0,0,0,느티나무 셀프BBQ,카스 병(단체)
2023-01-10,0,1,Winter,0,0,0,느티나무 셀프BBQ,카스 병(단체)
2023-01-11,10,1,Winter,0,0,0,느티나무 셀프BBQ,카스 병(단체)
2023-01-12,43,1,Winter,0,0,0,느티나무 셀프BBQ,카스 병(단체)
2023-01-13,0,1,Winter,0,0,0,느티나무 셀프BBQ,카스 병(단체)
2023-01-14,0,1,Winter,1,0,1,느티나무 셀프BBQ,카스 병(단체)
2023-01-15,0,1,Winter,1,0,1,느티나무 셀프BBQ,카스 병(단체)
2023-01-16,22,1,Winter,0,0,0,느티나무 셀프BBQ,카스 병(단체)
2023-01-17,0,1,Winter,0,0,0,느티나무 셀프BBQ,카스 병(단체)
2023-01-18,0,1,Winter,0,0,0,느티나무 셀프BBQ,카스 병(단체)
2023-01-19,0,1,Winter,0,0,0,느티나무 셀프BBQ,카스 병(단체)
2023-01-20,0,1,Winter,0,0,0,느티나무 셀프BBQ,카스 병(단체)
2023-01-21,0,1,Winter,1,1,1,느티나무 셀프BBQ,카스 병(단체)
2023-01-22,0,1,Winter,1,1,1,느티나무 셀프BBQ,카스 병(단체)
2023-01-23,0,1,Winter,0,1,1,느티나무 셀프BBQ,카스 병(단체)
2023-01-24,0,1,Winter,0,1,1,느티나무 셀프BBQ,카스 병(단체)
2023-01-25,0,1,Winter,0,0,0,느티나무 셀프BBQ,카스 병(단체)
2023-01-26,27,1,Winter,0,0,0,느티나무 셀프BBQ,카스 병(단체)
2023-01-27,93,1,Winter,0,0,0,느티나무 셀프BBQ,카스 병(단체)
2023-01-28,0,1,Winter,1,0,1,느티나무 셀프BBQ,카스 병(단체)
2023-01-29,0,1,Winter,1,0,1,느티나무 셀프BBQ,카스 병(단체)
2023-01-30,38,1,Winter,0,0,0,느티나무 셀프BBQ,카스 병(단체)
2023-01-31,0,1,Winter,0,0,0,느티나무 셀프BBQ,카스 병(단체)
2023-02-01,23,2,Winter,0,0,0,느티나무 셀프BBQ,카스 병(단체)
2023-02-02,172,2,Winter,0,0,0,느티나무 셀프BBQ,카스 병(단체)
2023-02-03,42,2,Winter,0,0,0,느티나무 셀프BBQ,카스 병(단체)
2023-02-04,0,2,Winter,1,0,1,느티나무 셀프BBQ,카스 병(단체)
2023-02-05,0,2,Winter,1,0,1,느티나무 셀프BBQ,카스 병(단체)
2023-02-06,0,2,Winter,0,0,0,느티나무 셀프BBQ,카스 병(단체)
2023-02-07,0,2,Winter,0,0,0,느티나무 셀프BBQ,카스 병(단체)
2023-02-08,11,2,Winter,0,0,0,느티나무 셀프BBQ,카스 병(단체)
2023-02-09,34,2,Winter,0,0,0,느티나무 셀프BBQ,카스 병(단체)
2023-02-10,2,2,Winter,0,0,0,느티나무 셀프BBQ,카스 병(단체)
2023-02-11,0,2,Winter,1,0,1,느티나무 셀프BBQ,카스 병(단체)
2023-02-12,0,2,Winter,1,0,1,느티나무 셀프BBQ,카스 병(단체)
2023-02-13,0,2,Winter,0,0,0,느티나무 셀프BBQ,카스 병(단체)
2023-02-14,22,2,Winter,0,0,0,느티나무 셀프BBQ,카스 병(단체)
2023-02-15,0,2,Winter,0,0,0,느티나무 셀프BBQ,카스 병(단체)
2023-02-16,22,2,Winter,0,0,0,느티나무 셀프BBQ,카스 병(단체)
2023-02-17,52,2,Winter,0,0,0,느티나무 셀프BBQ,카스 병(단체)
2023-02-18,9,2,Winter,1,0,1,느티나무 셀프BBQ,카스 병(단체)
2023-02-19,0,2,Winter,1,0,1,느티나무 셀프BBQ,카스 병(단체)
2023-02-20,63,2,Winter,0,0,0,느티나무 셀프BBQ,카스 병(단체)
2023-02-21,0,2,Winter,0,0,0,느티나무 셀프BBQ,카스 병(단체)
2023-02-22,30,2,Winter,0,0,0,느티나무 셀프BBQ,카스 병(단체)
2023-02-23,41,2,Winter,0,0,0,느티나무 셀프BBQ,카스 병(단체)
2023-02-24,0,2,Winter,0,0,0,느티나무 셀프BBQ,카스 병(단체)
2023-02-25,0,2,Winter,1,0,1,느티나무 셀프BBQ,카스 병(단체)
2023-02-26,0,2,Winter,1,0,1,느티나무 셀프BBQ,카스 병(단체)
2023-02-27,0,2,Winter,0,0,0,느티나무 셀프BBQ,카스 병(단체)
2023-02-28,0,2,Winter,0,0,0,느티나무 셀프BBQ,카스 병(단체)
2023-03-01,0,3,Spring,0,1,1,느티나무 셀프BBQ,카스 병(단체)
2023-03-02,0,3,Spring,0,0,0,느티나무 셀프BBQ,카스 병(단체)
2023-03-03,0,3,Spring,0,0,0,느티나무 셀프BBQ,카스 병(단체)
2023-03-04,0,3,Spring,1,0,1,느티나무 셀프BBQ,카스 병(단체)
2023-03-05,0,3,Spring,1,0,1,느티나무 셀프BBQ,카스 병(단체)
2023-03-06,0,3,Spring,0,0,0,느티나무 셀프BBQ,카스 병(단체)
2023-03-07,0,3,Spring,0,0,0,느티나무 셀프BBQ,카스 병(단체)
2023-03-08,0,3,Spring,0,0,0,느티나무 셀프BBQ,카스 병(단체)
2023-03-09,0,3,Spring,0,0,0,느티나무 셀프BBQ,카스 병(단체)
2023-03-10,19,3,Spring,0,0,0,느티나무 셀프BBQ,카스 병(단체)
2023-03-11,0,3,Spring,1,0,1,느티나무 셀프BBQ,카스 병(단체)
2023-03-12,0,3,Spring,1,0,1,느티나무 셀프BBQ,카스 병(단체)
2023-03-13,73,3,Spring,0,0,0,느티나무 셀프BBQ,카스 병(단체)
2023-03-14,39,3,Spring,0,0,0,느티나무 셀프BBQ,카스 병(단체)
2023-03-15,31,3,Spring,0,0,0,느티나무 셀프BBQ,카스 병(단체)
2023-03-16,78,3,Spring,0,0,0,느티나무 셀프BBQ,카스 병(단체)
2023-03-17,86,3,Spring,0,0,0,느티나무 셀프BBQ,카스 병(단체)
2023-03-18,0,3,Spring,1,0,1,느티나무 셀프BBQ,카스 병(단체)
2023-03-19,0,3,Spring,1,0,1,느티나무 셀프BBQ,카스 병(단체)
2023-03-20,45,3,Spring,0,0,0,느티나무 셀프BBQ,카스 병(단체)
2023-03-21,0,3,Spring,0,0,0,느티나무 셀프BBQ,카스 병(단체)
2023-03-22,0,3,Spring,0,0,0,느티나무 셀프BBQ,카스 병(단체)
2023-03-23,107,3,Spring,0,0,0,느티나무 셀프BBQ,카스 병(단체)
2023-03-24,34,3,Spring,0,0,0,느티나무 셀프BBQ,카스 병(단체)
2023-03-25,0,3,Spring,1,0,1,느티나무 셀프BBQ,카스 병(단체)
2023-03-26,0,3,Spring,1,0,1,느티나무 셀프BBQ,카스 병(단체)
2023-03-27,0,3,Spring,0,0,0,느티나무 셀프BBQ,카스 병(단체)
2023-03-28,36,3,Spring,0,0,0,느티나무 셀프BBQ,카스 병(단체)
2023-03-29,0,3,Spring,0,0,0,느티나무 셀프BBQ,카스 병(단체)
2023-03-30,35,3,Spring,0,0,0,느티나무 셀프BBQ,카스 병(단체)
2023-03-31,4,3,Spring,0,0,0,느티나무 셀프BBQ,카스 병(단체)
2023-04-01,0,4,Spring,1,0,1,느티나무 셀프BBQ,카스 병(단체)
2023-04-02,0,4,Spring,1,0,1,느티나무 셀프BBQ,카스 병(단체)
2023-04-03,0,4,Spring,0,0,0,느티나무 셀프BBQ,카스 병(단체)
2023-04-04,22,4,Spring,0,0,0,느티나무 셀프BBQ,카스 병(단체)
2023-04-05,24,4,Spring,0,0,0,느티나무 셀프BBQ,카스 병(단체)
2023-04-06,140,4,Spring,0,0,0,느티나무 셀프BBQ,카스 병(단체)
2023-04-07,22,4,Spring,0,0,0,느티나무 셀프BBQ,카스 병(단체)
2023-04-08,0,4,Spring,1,0,1,느티나무 셀프BBQ,카스 병(단체)
2023-04-09,0,4,Spring,1,0,1,느티나무 셀프BBQ,카스 병(단체)
2023-04-10,30,4,Spring,0,0,0,느티나무 셀프BBQ,카스 병(단체)
2023-04-11,0,4,Spring,0,0,0,느티나무 셀프BBQ,카스 병(단체)
2023-04-12,74,4,Spring,0,0,0,느티나무 셀프BBQ,카스 병(단체)
2023-04-13,133,4,Spring,0,0,0,느티나무 셀프BBQ,카스 병(단체)
2023-04-14,17,4,Spring,0,0,0,느티나무 셀프BBQ,카스 병(단체)
2023-04-15,0,4,Spring,1,0,1,느티나무 셀프BBQ,카스 병(단체)
2023-04-16,0,4,Spring,1,0,1,느티나무 셀프BBQ,카스 병(단체)
2023-04-17,94,4,Spring,0,0,0,느티나무 셀프BBQ,카스 병(단체)
2023-04-18,0,4,Spring,0,0,0,느티나무 셀프BBQ,카스 병(단체)
2023-04-19,136,4,Spring,0,0,0,느티나무 셀프BBQ,카스 병(단체)
2023-04-20,167,4,Spring,0,0,0,느티나무 셀프BBQ,카스 병(단체)
2023-04-21,20,4,Spring,0,0,0,느티나무 셀프BBQ,카스 병(단체)
2023-04-22,0,4,Spring,1,0,1,느티나무 셀프BBQ,카스 병(단체)
2023-04-23,0,4,Spring,1,0,1,느티나무 셀프BBQ,카스 병(단체)
2023-04-24,0,4,Spring,0,0,0,느티나무 셀프BBQ,카스 병(단체)
2023-04-25,27,4,Spring,0,0,0,느티나무 셀프BBQ,카스 병(단체)
2023-04-26,0,4,Spring,0,0,0,느티나무 셀프BBQ,카스 병(단체)
2023-04-27,102,4,Spring,0,0,0,느티나무 셀프BBQ,카스 병(단체)
2023-04-28,0,4,Spring,0,0,0,느티나무 셀프BBQ,카스 병(단체)
2023-04-29,0,4,Spring,1,0,1,느티나무 셀프BBQ,카스 병(단체)
2023-04-30,0,4,Spring,1,0,1,느티나무 셀프BBQ,카스 병(단체)
2023-05-01,0,5,Spring,0,0,0,느티나무 셀프BBQ,카스 병(단체)
2023-05-02,0,5,Spring,0,0,0,느티나무 셀프BBQ,카스 병(단체)
2023-05-03,47,5,Spring,0,0,0,느티나무 셀프BBQ,카스 병(단체)
2023-05-04,0,5,Spring,0,0,0,느티나무 셀프BBQ,카스 병(단체)
2023-05-05,3,5,Spring,0,1,1,느티나무 셀프BBQ,카스 병(단체)
2023-05-06,0,5,Spring,1,0,1,느티나무 셀프BBQ,카스 병(단체)
2023-05-07,0,5,Spring,1,0,1,느티나무 셀프BBQ,카스 병(단체)
2023-05-08,52,5,Spring,0,0,0,느티나무 셀프BBQ,카스 병(단체)
2023-05-09,90,5,Spring,0,0,0,느티나무 셀프BBQ,카스 병(단체)
2023-05-10,52,5,Spring,0,0,0,느티나무 셀프BBQ,카스 병(단체)
2023-05-11,145,5,Spring,0,0,0,느티나무 셀프BBQ,카스 병(단체)
2023-05-12,92,5,Spring,0,0,0,느티나무 셀프BBQ,카스 병(단체)
2023-05-13,0,5,Spring,1,0,1,느티나무 셀프BBQ,카스 병(단체)
2023-05-14,0,5,Spring,1,0,1,느티나무 셀프BBQ,카스 병(단체)
2023-05-15,137,5,Spring,0,0,0,느티나무 셀프BBQ,카스 병(단체)
2023-05-16,0,5,Spring,0,0,0,느티나무 셀프BBQ,카스 병(단체)
2023-05-17,49,5,Spring,0,0,0,느티나무 셀프BBQ,카스 병(단체)
2023-05-18,133,5,Spring,0,0,0,느티나무 셀프BBQ,카스 병(단체)
2023-05-19,54,5,Spring,0,0,0,느티나무 셀프BBQ,카스 병(단체)
2023-05-20,0,5,Spring,1,0,1,느티나무 셀프BBQ,카스 병(단체)
2023-05-21,0,5,Spring,1,0,1,느티나무 셀프BBQ,카스 병(단체)
2023-05-22,63,5,Spring,0,0,0,느티나무 셀프BBQ,카스 병(단체)
2023-05-23,35,5,Spring,0,0,0,느티나무 셀프BBQ,카스 병(단체)
2023-05-24,34,5,Spring,0,0,0,느티나무 셀프BBQ,카스 병(단체)
2023-05-25,166,5,Spring,0,0,0,느티나무 셀프BBQ,카스 병(단체)
2023-05-26,27,5,Spring,0,0,0,느티나무 셀프BBQ,카스 병(단체)
2023-05-27,0,5,Spring,1,1,1,느티나무 셀프BBQ,카스 병(단체)
2023-05-28,0,5,Spring,1,0,1,느티나무 셀프BBQ,카스 병(단체)
2023-05-29,0,5,Spring,0,1,1,느티나무 셀프BBQ,카스 병(단체)
2023-05-30,39,5,Spring,0,0,0,느티나무 셀프BBQ,카스 병(단체)
2023-05-31,27,5,Spring,0,0,0,느티나무 셀프BBQ,카스 병(단체)
2023-06-01,53,6,Summer,0,0,0,느티나무 셀프BBQ,카스 병(단체)
2023-06-02,114,6,Summer,0,0,0,느티나무 셀프BBQ,카스 병(단체)
2023-06-03,0,6,Summer,1,0,1,느티나무 셀프BBQ,카스 병(단체)
2023-06-04,0,6,Summer,1,0,1,느티나무 셀프BBQ,카스 병(단체)
2023-06-05,0,6,Summer,0,0,0,느티나무 셀프BBQ,카스 병(단체)
2023-06-06,0,6,Summer,0,1,1,느티나무 셀프BBQ,카스 병(단체)
2023-06-07,0,6,Summer,0,0,0,느티나무 셀프BBQ,카스 병(단체)
2023-06-08,167,6,Summer,0,0,0,느티나무 셀프BBQ,카스 병(단체)
2023-06-09,45,6,Summer,0,0,0,느티나무 셀프BBQ,카스 병(단체)
2023-06-10,0,6,Summer,1,0,1,느티나무 셀프BBQ,카스 병(단체)
2023-06-11,0,6,Summer,1,0,1,느티나무 셀프BBQ,카스 병(단체)
2023-06-12,127,6,Summer,0,0,0,느티나무 셀프BBQ,카스 병(단체)
2023-06-13,0,6,Summer,0,0,0,느티나무 셀프BBQ,카스 병(단체)
2023-06-14,205,6,Summer,0,0,0,느티나무 셀프BBQ,카스 병(단체)
2023-06-15,38,6,Summer,0,0,0,느티나무 셀프BBQ,카스 병(단체)
2023-06-16,372,6,Summer,0,0,0,느티나무 셀프BBQ,카스 병(단체)
2023-06-17,0,6,Summer,1,0,1,느티나무 셀프BBQ,카스 병(단체)
2023-06-18,0,6,Summer,1,0,1,느티나무 셀프BBQ,카스 병(단체)
2023-06-19,195,6,Summer,0,0,0,느티나무 셀프BBQ,카스 병(단체)
2023-06-20,30,6,Summer,0,0,0,느티나무 셀프BBQ,카스 병(단체)
2023-06-21,52,6,Summer,0,0,0,느티나무 셀프BBQ,카스 병(단체)
2023-06-22,286,6,Summer,0,0,0,느티나무 셀프BBQ,카스 병(단체)
2023-06-23,55,6,Summer,0,0,0,느티나무 셀프BBQ,카스 병(단체)
2023-06-24,0,6,Summer,1,0,1,느티나무 셀프BBQ,카스 병(단체)
2023-06-25,0,6,Summer,1,0,1,느티나무 셀프BBQ,카스 병(단체)
2023-06-26,88,6,Summer,0,0,0,느티나무 셀프BBQ,카스 병(단체)
2023-06-27,0,6,Summer,0,0,0,느티나무 셀프BBQ,카스 병(단체)
2023-06-28,46,6,Summer,0,0,0,느티나무 셀프BBQ,카스 병(단체)
2023-06-29,124,6,Summer,0,0,0,느티나무 셀프BBQ,카스 병(단체)
2023-06-30,122,6,Summer,0,0,0,느티나무 셀프BBQ,카스 병(단체)
2023-07-01,0,7,Summer,1,0,1,느티나무 셀프BBQ,카스 병(단체)
2023-07-02,0,7,Summer,1,0,1,느티나무 셀프BBQ,카스 병(단체)
2023-07-03,0,7,Summer,0,0,0,느티나무 셀프BBQ,카스 병(단체)
2023-07-04,130,7,Summer,0,0,0,느티나무 셀프BBQ,카스 병(단체)
2023-07-05,0,7,Summer,0,0,0,느티나무 셀프BBQ,카스 병(단체)
2023-07-06,62,7,Summer,0,0,0,느티나무 셀프BBQ,카스 병(단체)
2023-07-07,27,7,Summer,0,0,0,느티나무 셀프BBQ,카스 병(단체)
2023-07-08,0,7,Summer,1,0,1,느티나무 셀프BBQ,카스 병(단체)
2023-07-09,0,7,Summer,1,0,1,느티나무 셀프BBQ,카스 병(단체)
2023-07-10,0,7,Summer,0,0,0,느티나무 셀프BBQ,카스 병(단체)
2023-07-11,26,7,Summer,0,0,0,느티나무 셀프BBQ,카스 병(단체)
2023-07-12,32,7,Summer,0,0,0,느티나무 셀프BBQ,카스 병(단체)
2023-07-13,131,7,Summer,0,0,0,느티나무 셀프BBQ,카스 병(단체)
2023-07-14,26,7,Summer,0,0,0,느티나무 셀프BBQ,카스 병(단체)
2023-07-15,8,7,Summer,1,0,1,느티나무 셀프BBQ,카스 병(단체)
2023-07-16,0,7,Summer,1,0,1,느티나무 셀프BBQ,카스 병(단체)
2023-07-17,38,7,Summer,0,0,0,느티나무 셀프BBQ,카스 병(단체)
2023-07-18,54,7,Summer,0,0,0,느티나무 셀프BBQ,카스 병(단체)
2023-07-19,35,7,Summer,0,0,0,느티나무 셀프BBQ,카스 병(단체)
2023-07-20,0,7,Summer,0,0,0,느티나무 셀프BBQ,카스 병(단체)
2023-07-21,0,7,Summer,0,0,0,느티나무 셀프BBQ,카스 병(단체)
2023-07-22,0,7,Summer,1,0,1,느티나무 셀프BBQ,카스 병(단체)
2023-07-23,0,7,Summer,1,0,1,느티나무 셀프BBQ,카스 병(단체)
2023-07-24,0,7,Summer,0,0,0,느티나무 셀프BBQ,카스 병(단체)
2023-07-25,0,7,Summer,0,0,0,느티나무 셀프BBQ,카스 병(단체)
2023-07-26,0,7,Summer,0,0,0,느티나무 셀프BBQ,카스 병(단체)
2023-07-27,24,7,Summer,0,0,0,느티나무 셀프BBQ,카스 병(단체)
2023-07-28,0,7,Summer,0,0,0,느티나무 셀프BBQ,카스 병(단체)
2023-07-29,0,7,Summer,1,0,1,느티나무 셀프BBQ,카스 병(단체)
2023-07-30,0,7,Summer,1,0,1,느티나무 셀프BBQ,카스 병(단체)
2023-07-31,0,7,Summer,0,0,0,느티나무 셀프BBQ,카스 병(단체)
2023-08-01,0,8,Summer,0,0,0,느티나무 셀프BBQ,카스 병(단체)
2023-08-02,0,8,Summer,0,0,0,느티나무 셀프BBQ,카스 병(단체)
2023-08-03,0,8,Summer,0,0,0,느티나무 셀프BBQ,카스 병(단체)
2023-08-04,0,8,Summer,0,0,0,느티나무 셀프BBQ,카스 병(단체)
2023-08-05,0,8,Summer,1,0,1,느티나무 셀프BBQ,카스 병(단체)
2023-08-06,0,8,Summer,1,0,1,느티나무 셀프BBQ,카스 병(단체)
2023-08-07,0,8,Summer,0,0,0,느티나무 셀프BBQ,카스 병(단체)
2023-08-08,0,8,Summer,0,0,0,느티나무 셀프BBQ,카스 병(단체)
2023-08-09,0,8,Summer,0,0,0,느티나무 셀프BBQ,카스 병(단체)
2023-08-10,136,8,Summer,0,0,0,느티나무 셀프BBQ,카스 병(단체)
2023-08-11,23,8,Summer,0,0,0,느티나무 셀프BBQ,카스 병(단체)
2023-08-12,0,8,Summer,1,0,1,느티나무 셀프BBQ,카스 병(단체)
2023-08-13,0,8,Summer,1,0,1,느티나무 셀프BBQ,카스 병(단체)
2023-08-14,0,8,Summer,0,0,0,느티나무 셀프BBQ,카스 병(단체)
2023-08-15,0,8,Summer,0,1,1,느티나무 셀프BBQ,카스 병(단체)
2023-08-16,11,8,Summer,0,0,0,느티나무 셀프BBQ,카스 병(단체)
2023-08-17,9,8,Summer,0,0,0,느티나무 셀프BBQ,카스 병(단체)
2023-08-18,83,8,Summer,0,0,0,느티나무 셀프BBQ,카스 병(단체)
2023-08-19,0,8,Summer,1,0,1,느티나무 셀프BBQ,카스 병(단체)
2023-08-20,0,8,Summer,1,0,1,느티나무 셀프BBQ,카스 병(단체)
2023-08-21,17,8,Summer,0,0,0,느티나무 셀프BBQ,카스 병(단체)
2023-08-22,30,8,Summer,0,0,0,느티나무 셀프BBQ,카스 병(단체)
2023-08-23,0,8,Summer,0,0,0,느티나무 셀프BBQ,카스 병(단체)
2023-08-24,27,8,Summer,0,0,0,느티나무 셀프BBQ,카스 병(단체)
2023-08-25,39,8,Summer,0,0,0,느티나무 셀프BBQ,카스 병(단체)
2023-08-26,0,8,Summer,1,0,1,느티나무 셀프BBQ,카스 병(단체)
2023-08-27,0,8,Summer,1,0,1,느티나무 셀프BBQ,카스 병(단체)
2023-08-28,35,8,Summer,0,0,0,느티나무 셀프BBQ,카스 병(단체)
2023-08-29,72,8,Summer,0,0,0,느티나무 셀프BBQ,카스 병(단체)
2023-08-30,93,8,Summer,0,0,0,느티나무 셀프BBQ,카스 병(단체)
2023-08-31,172,8,Summer,0,0,0,느티나무 셀프BBQ,카스 병(단체)
2023-09-01,44,9,Autumn,0,0,0,느티나무 셀프BBQ,카스 병(단체)
2023-09-02,0,9,Autumn,1,0,1,느티나무 셀프BBQ,카스 병(단체)
2023-09-03,0,9,Autumn,1,0,1,느티나무 셀프BBQ,카스 병(단체)
2023-09-04,0,9,Autumn,0,0,0,느티나무 셀프BBQ,카스 병(단체)
2023-09-05,0,9,Autumn,0,0,0,느티나무 셀프BBQ,카스 병(단체)
2023-09-06,30,9,Autumn,0,0,0,느티나무 셀프BBQ,카스 병(단체)
2023-09-07,50,9,Autumn,0,0,0,느티나무 셀프BBQ,카스 병(단체)
2023-09-08,14,9,Autumn,0,0,0,느티나무 셀프BBQ,카스 병(단체)
2023-09-09,28,9,Autumn,1,0,1,느티나무 셀프BBQ,카스 병(단체)
2023-09-10,0,9,Autumn,1,0,1,느티나무 셀프BBQ,카스 병(단체)
2023-09-11,0,9,Autumn,0,0,0,느티나무 셀프BBQ,카스 병(단체)
2023-09-12,65,9,Autumn,0,0,0,느티나무 셀프BBQ,카스 병(단체)
2023-09-13,64,9,Autumn,0,0,0,느티나무 셀프BBQ,카스 병(단체)
2023-09-14,179,9,Autumn,0,0,0,느티나무 셀프BBQ,카스 병(단체)
2023-09-15,83,9,Autumn,0,0,0,느티나무 셀프BBQ,카스 병(단체)
2023-09-16,3,9,Autumn,1,0,1,느티나무 셀프BBQ,카스 병(단체)
2023-09-17,0,9,Autumn,1,0,1,느티나무 셀프BBQ,카스 병(단체)
2023-09-18,0,9,Autumn,0,0,0,느티나무 셀프BBQ,카스 병(단체)
2023-09-19,66,9,Autumn,0,0,0,느티나무 셀프BBQ,카스 병(단체)
2023-09-20,72,9,Autumn,0,0,0,느티나무 셀프BBQ,카스 병(단체)
2023-09-21,49,9,Autumn,0,0,0,느티나무 셀프BBQ,카스 병(단체)
2023-09-22,140,9,Autumn,0,0,0,느티나무 셀프BBQ,카스 병(단체)
2023-09-23,232,9,Autumn,1,0,1,느티나무 셀프BBQ,카스 병(단체)
2023-09-24,0,9,Autumn,1,0,1,느티나무 셀프BBQ,카스 병(단체)
2023-09-25,0,9,Autumn,0,0,0,느티나무 셀프BBQ,카스 병(단체)
2023-09-26,0,9,Autumn,0,0,0,느티나무 셀프BBQ,카스 병(단체)
2023-09-27,0,9,Autumn,0,0,0,느티나무 셀프BBQ,카스 병(단체)
2023-09-28,0,9,Autumn,0,1,1,느티나무 셀프BBQ,카스 병(단체)
2023-09-29,0,9,Autumn,0,1,1,느티나무 셀프BBQ,카스 병(단체)
2023-09-30,0,9,Autumn,1,1,1,느티나무 셀프BBQ,카스 병(단체)
2023-10-01,0,10,Autumn,1,0,1,느티나무 셀프BBQ,카스 병(단체)
2023-10-02,0,10,Autumn,0,1,1,느티나무 셀프BBQ,카스 병(단체)
2023-10-03,0,10,Autumn,0,1,1,느티나무 셀프BBQ,카스 병(단체)
2023-10-04,54,10,Autumn,0,0,0,느티나무 셀프BBQ,카스 병(단체)
2023-10-05,96,10,Autumn,0,0,0,느티나무 셀프BBQ,카스 병(단체)
2023-10-06,31,10,Autumn,0,0,0,느티나무 셀프BBQ,카스 병(단체)
2023-10-07,0,10,Autumn,1,0,1,느티나무 셀프BBQ,카스 병(단체)
2023-10-08,0,10,Autumn,1,0,1,느티나무 셀프BBQ,카스 병(단체)
2023-10-09,0,10,Autumn,0,1,1,느티나무 셀프BBQ,카스 병(단체)
2023-10-10,0,10,Autumn,0,0,0,느티나무 셀프BBQ,카스 병(단체)
2023-10-11,61,10,Autumn,0,0,0,느티나무 셀프BBQ,카스 병(단체)
2023-10-12,74,10,Autumn,0,0,0,느티나무 셀프BBQ,카스 병(단체)
2023-10-13,101,10,Autumn,0,0,0,느티나무 셀프BBQ,카스 병(단체)
2023-10-14,0,10,Autumn,1,0,1,느티나무 셀프BBQ,카스 병(단체)
2023-10-15,0,10,Autumn,1,0,1,느티나무 셀프BBQ,카스 병(단체)
2023-10-16,76,10,Autumn,0,0,0,느티나무 셀프BBQ,카스 병(단체)
2023-10-17,26,10,Autumn,0,0,0,느티나무 셀프BBQ,카스 병(단체)
2023-10-18,40,10,Autumn,0,0,0,느티나무 셀프BBQ,카스 병(단체)
2023-10-19,111,10,Autumn,0,0,0,느티나무 셀프BBQ,카스 병(단체)
2023-10-20,71,10,Autumn,0,0,0,느티나무 셀프BBQ,카스 병(단체)
2023-10-21,0,10,Autumn,1,0,1,느티나무 셀프BBQ,카스 병(단체)
2023-10-22,0,10,Autumn,1,0,1,느티나무 셀프BBQ,카스 병(단체)
2023-10-23,63,10,Autumn,0,0,0,느티나무 셀프BBQ,카스 병(단체)
2023-10-24,0,10,Autumn,0,0,0,느티나무 셀프BBQ,카스 병(단체)
2023-10-25,74,10,Autumn,0,0,0,느티나무 셀프BBQ,카스 병(단체)
2023-10-26,65,10,Autumn,0,0,0,느티나무 셀프BBQ,카스 병(단체)
2023-10-27,0,10,Autumn,0,0,0,느티나무 셀프BBQ,카스 병(단체)
2023-10-28,10,10,Autumn,1,0,1,느티나무 셀프BBQ,카스 병(단체)
2023-10-29,0,10,Autumn,1,0,1,느티나무 셀프BBQ,카스 병(단체)
2023-10-30,0,10,Autumn,0,0,0,느티나무 셀프BBQ,카스 병(단체)
2023-10-31,41,10,Autumn,0,0,0,느티나무 셀프BBQ,카스 병(단체)
2023-11-01,184,11,Autumn,0,0,0,느티나무 셀프BBQ,카스 병(단체)
2023-11-02,103,11,Autumn,0,0,0,느티나무 셀프BBQ,카스 병(단체)
2023-11-03,79,11,Autumn,0,0,0,느티나무 셀프BBQ,카스 병(단체)
2023-11-04,0,11,Autumn,1,0,1,느티나무 셀프BBQ,카스 병(단체)
2023-11-05,0,11,Autumn,1,0,1,느티나무 셀프BBQ,카스 병(단체)
2023-11-06,10,11,Autumn,0,0,0,느티나무 셀프BBQ,카스 병(단체)
2023-11-07,15,11,Autumn,0,0,0,느티나무 셀프BBQ,카스 병(단체)
2023-11-08,71,11,Autumn,0,0,0,느티나무 셀프BBQ,카스 병(단체)
2023-11-09,137,11,Autumn,0,0,0,느티나무 셀프BBQ,카스 병(단체)
2023-11-10,141,11,Autumn,0,0,0,느티나무 셀프BBQ,카스 병(단체)
2023-11-11,0,11,Autumn,1,0,1,느티나무 셀프BBQ,카스 병(단체)
2023-11-12,0,11,Autumn,1,0,1,느티나무 셀프BBQ,카스 병(단체)
2023-11-13,43,11,Autumn,0,0,0,느티나무 셀프BBQ,카스 병(단체)
2023-11-14,0,11,Autumn,0,0,0,느티나무 셀프BBQ,카스 병(단체)
2023-11-15,95,11,Autumn,0,0,0,느티나무 셀프BBQ,카스 병(단체)
2023-11-16,6,11,Autumn,0,0,0,느티나무 셀프BBQ,카스 병(단체)
2023-11-17,73,11,Autumn,0,0,0,느티나무 셀프BBQ,카스 병(단체)
2023-11-18,0,11,Autumn,1,0,1,느티나무 셀프BBQ,카스 병(단체)
2023-11-19,0,11,Autumn,1,0,1,느티나무 셀프BBQ,카스 병(단체)
2023-11-20,19,11,Autumn,0,0,0,느티나무 셀프BBQ,카스 병(단체)
2023-11-21,0,11,Autumn,0,0,0,느티나무 셀프BBQ,카스 병(단체)
2023-11-22,83,11,Autumn,0,0,0,느티나무 셀프BBQ,카스 병(단체)
2023-11-23,68,11,Autumn,0,0,0,느티나무 셀프BBQ,카스 병(단체)
2023-11-24,39,11,Autumn,0,0,0,느티나무 셀프BBQ,카스 병(단체)
2023-11-25,0,11,Autumn,1,0,1,느티나무 셀프BBQ,카스 병(단체)
2023-11-26,0,11,Autumn,1,0,1,느티나무 셀프BBQ,카스 병(단체)
2023-11-27,119,11,Autumn,0,0,0,느티나무 셀프BBQ,카스 병(단체)
2023-11-28,8,11,Autumn,0,0,0,느티나무 셀프BBQ,카스 병(단체)
2023-11-29,0,11,Autumn,0,0,0,느티나무 셀프BBQ,카스 병(단체)
2023-11-30,82,11,Autumn,0,0,0,느티나무 셀프BBQ,카스 병(단체)
2023-12-01,31,12,Winter,0,0,0,느티나무 셀프BBQ,카스 병(단체)
2023-12-02,0,12,Winter,1,0,1,느티나무 셀프BBQ,카스 병(단체)
2023-12-03,0,12,Winter,1,0,1,느티나무 셀프BBQ,카스 병(단체)
2023-12-04,0,12,Winter,0,0,0,느티나무 셀프BBQ,카스 병(단체)
2023-12-05,8,12,Winter,0,0,0,느티나무 셀프BBQ,카스 병(단체)
2023-12-06,71,12,Winter,0,0,0,느티나무 셀프BBQ,카스 병(단체)
2023-12-07,135,12,Winter,0,0,0,느티나무 셀프BBQ,카스 병(단체)
2023-12-08,63,12,Winter,0,0,0,느티나무 셀프BBQ,카스 병(단체)
2023-12-09,0,12,Winter,1,0,1,느티나무 셀프BBQ,카스 병(단체)
2023-12-10,0,12,Winter,1,0,1,느티나무 셀프BBQ,카스 병(단체)
2023-12-11,43,12,Winter,0,0,0,느티나무 셀프BBQ,카스 병(단체)
2023-12-12,0,12,Winter,0,0,0,느티나무 셀프BBQ,카스 병(단체)
2023-12-13,0,12,Winter,0,0,0,느티나무 셀프BBQ,카스 병(단체)
2023-12-14,109,12,Winter,0,0,0,느티나무 셀프BBQ,카스 병(단체)
2023-12-15,0,12,Winter,0,0,0,느티나무 셀프BBQ,카스 병(단체)
2023-12-16,0,12,Winter,1,0,1,느티나무 셀프BBQ,카스 병(단체)
2023-12-17,0,12,Winter,1,0,1,느티나무 셀프BBQ,카스 병(단체)
2023-12-18,94,12,Winter,0,0,0,느티나무 셀프BBQ,카스 병(단체)
2023-12-19,38,12,Winter,0,0,0,느티나무 셀프BBQ,카스 병(단체)
2023-12-20,0,12,Winter,0,0,0,느티나무 셀프BBQ,카스 병(단체)
2023-12-21,35,12,Winter,0,0,0,느티나무 셀프BBQ,카스 병(단체)
2023-12-22,24,12,Winter,0,0,0,느티나무 셀프BBQ,카스 병(단체)
2023-12-23,0,12,Winter,1,0,1,느티나무 셀프BBQ,카스 병(단체)
2023-12-24,0,12,Winter,1,0,1,느티나무 셀프BBQ,카스 병(단체)
2023-12-25,0,12,Winter,0,1,1,느티나무 셀프BBQ,카스 병(단체)
2023-12-26,0,12,Winter,0,0,0,느티나무 셀프BBQ,카스 병(단체)
2023-12-27,36,12,Winter,0,0,0,느티나무 셀프BBQ,카스 병(단체)
2023-12-28,0,12,Winter,0,0,0,느티나무 셀프BBQ,카스 병(단체)
2023-12-29,0,12,Winter,0,0,0,느티나무 셀프BBQ,카스 병(단체)
2023-12-30,0,12,Winter,1,0,1,느티나무 셀프BBQ,카스 병(단체)
2023-12-31,0,12,Winter,1,0,1,느티나무 셀프BBQ,카스 병(단체)
2024-01-01,0,1,Winter,0,1,1,느티나무 셀프BBQ,카스 병(단체)
2024-01-02,0,1,Winter,0,0,0,느티나무 셀프BBQ,카스 병(단체)
2024-01-03,0,1,Winter,0,0,0,느티나무 셀프BBQ,카스 병(단체)
2024-01-04,14,1,Winter,0,0,0,느티나무 셀프BBQ,카스 병(단체)
2024-01-05,0,1,Winter,0,0,0,느티나무 셀프BBQ,카스 병(단체)
2024-01-06,0,1,Winter,1,0,1,느티나무 셀프BBQ,카스 병(단체)
2024-01-07,20,1,Winter,1,0,1,느티나무 셀프BBQ,카스 병(단체)
2024-01-08,10,1,Winter,0,0,0,느티나무 셀프BBQ,카스 병(단체)
2024-01-09,0,1,Winter,0,0,0,느티나무 셀프BBQ,카스 병(단체)
2024-01-10,0,1,Winter,0,0,0,느티나무 셀프BBQ,카스 병(단체)
2024-01-11,36,1,Winter,0,0,0,느티나무 셀프BBQ,카스 병(단체)
2024-01-12,0,1,Winter,0,0,0,느티나무 셀프BBQ,카스 병(단체)
2024-01-13,0,1,Winter,1,0,1,느티나무 셀프BBQ,카스 병(단체)
2024-01-14,0,1,Winter,1,0,1,느티나무 셀프BBQ,카스 병(단체)
2024-01-15,0,1,Winter,0,0,0,느티나무 셀프BBQ,카스 병(단체)
2024-01-16,42,1,Winter,0,0,0,느티나무 셀프BBQ,카스 병(단체)
2024-01-17,39,1,Winter,0,0,0,느티나무 셀프BBQ,카스 병(단체)
2024-01-18,48,1,Winter,0,0,0,느티나무 셀프BBQ,카스 병(단체)
2024-01-19,12,1,Winter,0,0,0,느티나무 셀프BBQ,카스 병(단체)
2024-01-20,0,1,Winter,1,0,1,느티나무 셀프BBQ,카스 병(단체)
2024-01-21,0,1,Winter,1,0,1,느티나무 셀프BBQ,카스 병(단체)
2024-01-22,0,1,Winter,0,0,0,느티나무 셀프BBQ,카스 병(단체)
2024-01-23,0,1,Winter,0,0,0,느티나무 셀프BBQ,카스 병(단체)
2024-01-24,28,1,Winter,0,0,0,느티나무 셀프BBQ,카스 병(단체)
2024-01-25,24,1,Winter,0,0,0,느티나무 셀프BBQ,카스 병(단체)
2024-01-26,0,1,Winter,0,0,0,느티나무 셀프BBQ,카스 병(단체)
2024-01-27,0,1,Winter,1,0,1,느티나무 셀프BBQ,카스 병(단체)
2024-01-28,0,1,Winter,1,0,1,느티나무 셀프BBQ,카스 병(단체)
2024-01-29,10,1,Winter,0,0,0,느티나무 셀프BBQ,카스 병(단체)
2024-01-30,0,1,Winter,0,0,0,느티나무 셀프BBQ,카스 병(단체)
2024-01-31,0,1,Winter,0,0,0,느티나무 셀프BBQ,카스 병(단체)
2024-02-01,8,2,Winter,0,0,0,느티나무 셀프BBQ,카스 병(단체)
2024-02-02,0,2,Winter,0,0,0,느티나무 셀프BBQ,카스 병(단체)
2024-02-03,17,2,Winter,1,0,1,느티나무 셀프BBQ,카스 병(단체)
2024-02-04,0,2,Winter,1,0,1,느티나무 셀프BBQ,카스 병(단체)
2024-02-05,18,2,Winter,0,0,0,느티나무 셀프BBQ,카스 병(단체)
2024-02-06,0,2,Winter,0,0,0,느티나무 셀프BBQ,카스 병(단체)
2024-02-07,0,2,Winter,0,0,0,느티나무 셀프BBQ,카스 병(단체)
2024-02-08,0,2,Winter,0,0,0,느티나무 셀프BBQ,카스 병(단체)
2024-02-09,0,2,Winter,0,1,1,느티나무 셀프BBQ,카스 병(단체)
2024-02-10,0,2,Winter,1,1,1,느티나무 셀프BBQ,카스 병(단체)
2024-02-11,0,2,Winter,1,1,1,느티나무 셀프BBQ,카스 병(단체)
2024-02-12,0,2,Winter,0,1,1,느티나무 셀프BBQ,카스 병(단체)
2024-02-13,0,2,Winter,0,0,0,느티나무 셀프BBQ,카스 병(단체)
2024-02-14,3,2,Winter,0,0,0,느티나무 셀프BBQ,카스 병(단체)
2024-02-15,37,2,Winter,0,0,0,느티나무 셀프BBQ,카스 병(단체)
2024-02-16,0,2,Winter,0,0,0,느티나무 셀프BBQ,카스 병(단체)
2024-02-17,0,2,Winter,1,0,1,느티나무 셀프BBQ,카스 병(단체)
2024-02-18,0,2,Winter,1,0,1,느티나무 셀프BBQ,카스 병(단체)
2024-02-19,26,2,Winter,0,0,0,느티나무 셀프BBQ,카스 병(단체)
2024-02-20,35,2,Winter,0,0,0,느티나무 셀프BBQ,카스 병(단체)
2024-02-21,5,2,Winter,0,0,0,느티나무 셀프BBQ,카스 병(단체)
2024-02-22,0,2,Winter,0,0,0,느티나무 셀프BBQ,카스 병(단체)
2024-02-23,16,2,Winter,0,0,0,느티나무 셀프BBQ,카스 병(단체)
2024-02-24,0,2,Winter,1,0,1,느티나무 셀프BBQ,카스 병(단체)
2024-02-25,0,2,Winter,1,0,1,느티나무 셀프BBQ,카스 병(단체)
2024-02-26,0,2,Winter,0,0,0,느티나무 셀프BBQ,카스 병(단체)
2024-02-27,0,2,Winter,0,0,0,느티나무 셀프BBQ,카스 병(단체)
2024-02-28,0,2,Winter,0,0,0,느티나무 셀프BBQ,카스 병(단체)
2024-02-29,0,2,Winter,0,0,0,느티나무 셀프BBQ,카스 병(단체)
2024-03-01,0,3,Spring,0,1,1,느티나무 셀프BBQ,카스 병(단체)
2024-03-02,0,3,Spring,1,0,1,느티나무 셀프BBQ,카스 병(단체)
2024-03-03,0,3,Spring,1,0,1,느티나무 셀프BBQ,카스 병(단체)
2024-03-04,0,3,Spring,0,0,0,느티나무 셀프BBQ,카스 병(단체)
2024-03-05,0,3,Spring,0,0,0,느티나무 셀프BBQ,카스 병(단체)
2024-03-06,0,3,Spring,0,0,0,느티나무 셀프BBQ,카스 병(단체)
2024-03-07,0,3,Spring,0,0,0,느티나무 셀프BBQ,카스 병(단체)
2024-03-08,0,3,Spring,0,0,0,느티나무 셀프BBQ,카스 병(단체)
2024-03-09,0,3,Spring,1,0,1,느티나무 셀프BBQ,카스 병(단체)
2024-03-10,0,3,Spring,1,0,1,느티나무 셀프BBQ,카스 병(단체)
2024-03-11,0,3,Spring,0,0,0,느티나무 셀프BBQ,카스 병(단체)
2024-03-12,0,3,Spring,0,0,0,느티나무 셀프BBQ,카스 병(단체)
2024-03-13,0,3,Spring,0,0,0,느티나무 셀프BBQ,카스 병(단체)
2024-03-14,53,3,Spring,0,0,0,느티나무 셀프BBQ,카스 병(단체)
2024-03-15,0,3,Spring,0,0,0,느티나무 셀프BBQ,카스 병(단체)
2024-03-16,0,3,Spring,1,0,1,느티나무 셀프BBQ,카스 병(단체)
2024-03-17,0,3,Spring,1,0,1,느티나무 셀프BBQ,카스 병(단체)
2024-03-18,18,3,Spring,0,0,0,느티나무 셀프BBQ,카스 병(단체)
2024-03-19,41,3,Spring,0,0,0,느티나무 셀프BBQ,카스 병(단체)
2024-03-20,20,3,Spring,0,0,0,느티나무 셀프BBQ,카스 병(단체)
2024-03-21,121,3,Spring,0,0,0,느티나무 셀프BBQ,카스 병(단체)
2024-03-22,37,3,Spring,0,0,0,느티나무 셀프BBQ,카스 병(단체)
2024-03-23,0,3,Spring,1,0,1,느티나무 셀프BBQ,카스 병(단체)
2024-03-24,0,3,Spring,1,0,1,느티나무 셀프BBQ,카스 병(단체)
2024-03-25,60,3,Spring,0,0,0,느티나무 셀프BBQ,카스 병(단체)
2024-03-26,0,3,Spring,0,0,0,느티나무 셀프BBQ,카스 병(단체)
2024-03-27,16,3,Spring,0,0,0,느티나무 셀프BBQ,카스 병(단체)
2024-03-28,45,3,Spring,0,0,0,느티나무 셀프BBQ,카스 병(단체)
2024-03-29,7,3,Spring,0,0,0,느티나무 셀프BBQ,카스 병(단체)
2024-03-30,0,3,Spring,1,0,1,느티나무 셀프BBQ,카스 병(단체)
2024-03-31,0,3,Spring,1,0,1,느티나무 셀프BBQ,카스 병(단체)
2024-04-01,0,4,Spring,0,0,0,느티나무 셀프BBQ,카스 병(단체)
2024-04-02,0,4,Spring,0,0,0,느티나무 셀프BBQ,카스 병(단체)
2024-04-03,0,4,Spring,0,0,0,느티나무 셀프BBQ,카스 병(단체)
2024-04-04,1,4,Spring,0,0,0,느티나무 셀프BBQ,카스 병(단체)
2024-04-05,0,4,Spring,0,0,0,느티나무 셀프BBQ,카스 병(단체)
2024-04-06,0,4,Spring,1,0,1,느티나무 셀프BBQ,카스 병(단체)
2024-04-07,0,4,Spring,1,0,1,느티나무 셀프BBQ,카스 병(단체)
2024-04-08,0,4,Spring,0,0,0,느티나무 셀프BBQ,카스 병(단체)
2024-04-09,0,4,Spring,0,0,0,느티나무 셀프BBQ,카스 병(단체)
2024-04-10,0,4,Spring,0,1,1,느티나무 셀프BBQ,카스 병(단체)
2024-04-11,18,4,Spring,0,0,0,느티나무 셀프BBQ,카스 병(단체)
2024-04-12,111,4,Spring,0,0,0,느티나무 셀프BBQ,카스 병(단체)
2024-04-13,0,4,Spring,1,0,1,느티나무 셀프BBQ,카스 병(단체)
2024-04-14,0,4,Spring,1,0,1,느티나무 셀프BBQ,카스 병(단체)
2024-04-15,22,4,Spring,0,0,0,느티나무 셀프BBQ,카스 병(단체)
2024-04-16,38,4,Spring,0,0,0,느티나무 셀프BBQ,카스 병(단체)
2024-04-17,0,4,Spring,0,0,0,느티나무 셀프BBQ,카스 병(단체)
2024-04-18,165,4,Spring,0,0,0,느티나무 셀프BBQ,카스 병(단체)
2024-04-19,8,4,Spring,0,0,0,느티나무 셀프BBQ,카스 병(단체)
2024-04-20,0,4,Spring,1,0,1,느티나무 셀프BBQ,카스 병(단체)
2024-04-21,0,4,Spring,1,0,1,느티나무 셀프BBQ,카스 병(단체)
2024-04-22,68,4,Spring,0,0,0,느티나무 셀프BBQ,카스 병(단체)
2024-04-23,0,4,Spring,0,0,0,느티나무 셀프BBQ,카스 병(단체)
2024-04-24,0,4,Spring,0,0,0,느티나무 셀프BBQ,카스 병(단체)
2024-04-25,79,4,Spring,0,0,0,느티나무 셀프BBQ,카스 병(단체)
2024-04-26,165,4,Spring,0,0,0,느티나무 셀프BBQ,카스 병(단체)
2024-04-27,0,4,Spring,1,0,1,느티나무 셀프BBQ,카스 병(단체)
2024-04-28,0,4,Spring,1,0,1,느티나무 셀프BBQ,카스 병(단체)
2024-04-29,31,4,Spring,0,0,0,느티나무 셀프BBQ,카스 병(단체)
2024-04-30,0,4,Spring,0,0,0,느티나무 셀프BBQ,카스 병(단체)
2024-05-01,0,5,Spring,0,0,0,느티나무 셀프BBQ,카스 병(단체)
2024-05-02,0,5,Spring,0,0,0,느티나무 셀프BBQ,카스 병(단체)
2024-05-03,0,5,Spring,0,0,0,느티나무 셀프BBQ,카스 병(단체)
2024-05-04,0,5,Spring,1,0,1,느티나무 셀프BBQ,카스 병(단체)
2024-05-05,0,5,Spring,1,1,1,느티나무 셀프BBQ,카스 병(단체)
2024-05-06,0,5,Spring,0,1,1,느티나무 셀프BBQ,카스 병(단체)
2024-05-07,0,5,Spring,0,0,0,느티나무 셀프BBQ,카스 병(단체)
2024-05-08,25,5,Spring,0,0,0,느티나무 셀프BBQ,카스 병(단체)
2024-05-09,122,5,Spring,0,0,0,느티나무 셀프BBQ,카스 병(단체)
2024-05-10,12,5,Spring,0,0,0,느티나무 셀프BBQ,카스 병(단체)
2024-05-11,0,5,Spring,1,0,1,느티나무 셀프BBQ,카스 병(단체)
2024-05-12,0,5,Spring,1,0,1,느티나무 셀프BBQ,카스 병(단체)
2024-05-13,0,5,Spring,0,0,0,느티나무 셀프BBQ,카스 병(단체)
2024-05-14,0,5,Spring,0,0,0,느티나무 셀프BBQ,카스 병(단체)
2024-05-15,0,5,Spring,0,1,1,느티나무 셀프BBQ,카스 병(단체)
2024-05-16,63,5,Spring,0,0,0,느티나무 셀프BBQ,카스 병(단체)
2024-05-17,80,5,Spring,0,0,0,느티나무 셀프BBQ,카스 병(단체)
2024-05-18,0,5,Spring,1,0,1,느티나무 셀프BBQ,카스 병(단체)
2024-05-19,0,5,Spring,1,0,1,느티나무 셀프BBQ,카스 병(단체)
2024-05-20,0,5,Spring,0,0,0,느티나무 셀프BBQ,카스 병(단체)
2024-05-21,0,5,Spring,0,0,0,느티나무 셀프BBQ,카스 병(단체)
2024-05-22,32,5,Spring,0,0,0,느티나무 셀프BBQ,카스 병(단체)
2024-05-23,163,5,Spring,0,0,0,느티나무 셀프BBQ,카스 병(단체)
2024-05-24,73,5,Spring,0,0,0,느티나무 셀프BBQ,카스 병(단체)
2024-05-25,0,5,Spring,1,0,1,느티나무 셀프BBQ,카스 병(단체)
2024-05-26,0,5,Spring,1,0,1,느티나무 셀프BBQ,카스 병(단체)
2024-05-27,3,5,Spring,0,0,0,느티나무 셀프BBQ,카스 병(단체)
2024-05-28,0,5,Spring,0,0,0,느티나무 셀프BBQ,카스 병(단체)
2024-05-29,30,5,Spring,0,0,0,느티나무 셀프BBQ,카스 병(단체)
2024-05-30,104,5,Spring,0,0,0,느티나무 셀프BBQ,카스 병(단체)
2024-05-31,60,5,Spring,0,0,0,느티나무 셀프BBQ,카스 병(단체)
2024-06-01,0,6,Summer,1,0,1,느티나무 셀프BBQ,카스 병(단체)
2024-06-02,0,6,Summer,1,0,1,느티나무 셀프BBQ,카스 병(단체)
2024-06-03,0,6,Summer,0,0,0,느티나무 셀프BBQ,카스 병(단체)
2024-06-04,0,6,Summer,0,0,0,느티나무 셀프BBQ,카스 병(단체)
2024-06-05,137,6,Summer,0,0,0,느티나무 셀프BBQ,카스 병(단체)
2024-06-06,0,6,Summer,0,1,1,느티나무 셀프BBQ,카스 병(단체)
2024-06-07,0,6,Summer,0,0,0,느티나무 셀프BBQ,카스 병(단체)
2024-06-08,0,6,Summer,1,0,1,느티나무 셀프BBQ,카스 병(단체)
2024-06-09,0,6,Summer,1,0,1,느티나무 셀프BBQ,카스 병(단체)
2024-06-10,60,6,Summer,0,0,0,느티나무 셀프BBQ,카스 병(단체)
2024-06-11,60,6,Summer,0,0,0,느티나무 셀프BBQ,카스 병(단체)
2024-06-12,86,6,Summer,0,0,0,느티나무 셀프BBQ,카스 병(단체)
2024-06-13,75,6,Summer,0,0,0,느티나무 셀프BBQ,카스 병(단체)
2024-06-14,189,6,Summer,0,0,0,느티나무 셀프BBQ,카스 병(단체)
2024-06-15,17,6,Summer,1,0,1,느티나무 셀프BBQ,카스 병(단체)
2023-01-01,0,1,Winter,1,1,1,느티나무 셀프BBQ,콜라 (단체)
2023-01-02,0,1,Winter,0,0,0,느티나무 셀프BBQ,콜라 (단체)
2023-01-03,13,1,Winter,0,0,0,느티나무 셀프BBQ,콜라 (단체)
2023-01-04,0,1,Winter,0,0,0,느티나무 셀프BBQ,콜라 (단체)
2023-01-05,3,1,Winter,0,0,0,느티나무 셀프BBQ,콜라 (단체)
2023-01-06,0,1,Winter,0,0,0,느티나무 셀프BBQ,콜라 (단체)
2023-01-07,0,1,Winter,1,0,1,느티나무 셀프BBQ,콜라 (단체)
2023-01-08,22,1,Winter,1,0,1,느티나무 셀프BBQ,콜라 (단체)
2023-01-09,0,1,Winter,0,0,0,느티나무 셀프BBQ,콜라 (단체)
2023-01-10,0,1,Winter,0,0,0,느티나무 셀프BBQ,콜라 (단체)
2023-01-11,2,1,Winter,0,0,0,느티나무 셀프BBQ,콜라 (단체)
2023-01-12,27,1,Winter,0,0,0,느티나무 셀프BBQ,콜라 (단체)
2023-01-13,0,1,Winter,0,0,0,느티나무 셀프BBQ,콜라 (단체)
2023-01-14,0,1,Winter,1,0,1,느티나무 셀프BBQ,콜라 (단체)
2023-01-15,0,1,Winter,1,0,1,느티나무 셀프BBQ,콜라 (단체)
2023-01-16,15,1,Winter,0,0,0,느티나무 셀프BBQ,콜라 (단체)
2023-01-17,0,1,Winter,0,0,0,느티나무 셀프BBQ,콜라 (단체)
2023-01-18,0,1,Winter,0,0,0,느티나무 셀프BBQ,콜라 (단체)
2023-01-19,0,1,Winter,0,0,0,느티나무 셀프BBQ,콜라 (단체)
2023-01-20,0,1,Winter,0,0,0,느티나무 셀프BBQ,콜라 (단체)
2023-01-21,0,1,Winter,1,1,1,느티나무 셀프BBQ,콜라 (단체)
2023-01-22,0,1,Winter,1,1,1,느티나무 셀프BBQ,콜라 (단체)
2023-01-23,0,1,Winter,0,1,1,느티나무 셀프BBQ,콜라 (단체)
2023-01-24,0,1,Winter,0,1,1,느티나무 셀프BBQ,콜라 (단체)
2023-01-25,0,1,Winter,0,0,0,느티나무 셀프BBQ,콜라 (단체)
2023-01-26,8,1,Winter,0,0,0,느티나무 셀프BBQ,콜라 (단체)
2023-01-27,38,1,Winter,0,0,0,느티나무 셀프BBQ,콜라 (단체)
2023-01-28,0,1,Winter,1,0,1,느티나무 셀프BBQ,콜라 (단체)
2023-01-29,0,1,Winter,1,0,1,느티나무 셀프BBQ,콜라 (단체)
2023-01-30,9,1,Winter,0,0,0,느티나무 셀프BBQ,콜라 (단체)
2023-01-31,0,1,Winter,0,0,0,느티나무 셀프BBQ,콜라 (단체)
2023-02-01,9,2,Winter,0,0,0,느티나무 셀프BBQ,콜라 (단체)
2023-02-02,53,2,Winter,0,0,0,느티나무 셀프BBQ,콜라 (단체)
2023-02-03,12,2,Winter,0,0,0,느티나무 셀프BBQ,콜라 (단체)
2023-02-04,0,2,Winter,1,0,1,느티나무 셀프BBQ,콜라 (단체)
2023-02-05,0,2,Winter,1,0,1,느티나무 셀프BBQ,콜라 (단체)
2023-02-06,0,2,Winter,0,0,0,느티나무 셀프BBQ,콜라 (단체)
2023-02-07,0,2,Winter,0,0,0,느티나무 셀프BBQ,콜라 (단체)
2023-02-08,5,2,Winter,0,0,0,느티나무 셀프BBQ,콜라 (단체)
2023-02-09,1,2,Winter,0,0,0,느티나무 셀프BBQ,콜라 (단체)
2023-02-10,10,2,Winter,0,0,0,느티나무 셀프BBQ,콜라 (단체)
2023-02-11,0,2,Winter,1,0,1,느티나무 셀프BBQ,콜라 (단체)
2023-02-12,0,2,Winter,1,0,1,느티나무 셀프BBQ,콜라 (단체)
2023-02-13,0,2,Winter,0,0,0,느티나무 셀프BBQ,콜라 (단체)
2023-02-14,6,2,Winter,0,0,0,느티나무 셀프BBQ,콜라 (단체)
2023-02-15,0,2,Winter,0,0,0,느티나무 셀프BBQ,콜라 (단체)
2023-02-16,20,2,Winter,0,0,0,느티나무 셀프BBQ,콜라 (단체)
2023-02-17,17,2,Winter,0,0,0,느티나무 셀프BBQ,콜라 (단체)
2023-02-18,0,2,Winter,1,0,1,느티나무 셀프BBQ,콜라 (단체)
2023-02-19,0,2,Winter,1,0,1,느티나무 셀프BBQ,콜라 (단체)
2023-02-20,24,2,Winter,0,0,0,느티나무 셀프BBQ,콜라 (단체)
2023-02-21,0,2,Winter,0,0,0,느티나무 셀프BBQ,콜라 (단체)
2023-02-22,11,2,Winter,0,0,0,느티나무 셀프BBQ,콜라 (단체)
2023-02-23,12,2,Winter,0,0,0,느티나무 셀프BBQ,콜라 (단체)
2023-02-24,6,2,Winter,0,0,0,느티나무 셀프BBQ,콜라 (단체)
2023-02-25,0,2,Winter,1,0,1,느티나무 셀프BBQ,콜라 (단체)
2023-02-26,0,2,Winter,1,0,1,느티나무 셀프BBQ,콜라 (단체)
2023-02-27,0,2,Winter,0,0,0,느티나무 셀프BBQ,콜라 (단체)
2023-02-28,0,2,Winter,0,0,0,느티나무 셀프BBQ,콜라 (단체)
2023-03-01,0,3,Spring,0,1,1,느티나무 셀프BBQ,콜라 (단체)
2023-03-02,0,3,Spring,0,0,0,느티나무 셀프BBQ,콜라 (단체)
2023-03-03,0,3,Spring,0,0,0,느티나무 셀프BBQ,콜라 (단체)
2023-03-04,0,3,Spring,1,0,1,느티나무 셀프BBQ,콜라 (단체)
2023-03-05,0,3,Spring,1,0,1,느티나무 셀프BBQ,콜라 (단체)
2023-03-06,0,3,Spring,0,0,0,느티나무 셀프BBQ,콜라 (단체)
2023-03-07,0,3,Spring,0,0,0,느티나무 셀프BBQ,콜라 (단체)
2023-03-08,0,3,Spring,0,0,0,느티나무 셀프BBQ,콜라 (단체)
2023-03-09,0,3,Spring,0,0,0,느티나무 셀프BBQ,콜라 (단체)
2023-03-10,28,3,Spring,0,0,0,느티나무 셀프BBQ,콜라 (단체)
2023-03-11,0,3,Spring,1,0,1,느티나무 셀프BBQ,콜라 (단체)
2023-03-12,0,3,Spring,1,0,1,느티나무 셀프BBQ,콜라 (단체)
2023-03-13,27,3,Spring,0,0,0,느티나무 셀프BBQ,콜라 (단체)
2023-03-14,15,3,Spring,0,0,0,느티나무 셀프BBQ,콜라 (단체)
2023-03-15,5,3,Spring,0,0,0,느티나무 셀프BBQ,콜라 (단체)
2023-03-16,25,3,Spring,0,0,0,느티나무 셀프BBQ,콜라 (단체)
2023-03-17,32,3,Spring,0,0,0,느티나무 셀프BBQ,콜라 (단체)
2023-03-18,0,3,Spring,1,0,1,느티나무 셀프BBQ,콜라 (단체)
2023-03-19,0,3,Spring,1,0,1,느티나무 셀프BBQ,콜라 (단체)
2023-03-20,7,3,Spring,0,0,0,느티나무 셀프BBQ,콜라 (단체)
2023-03-21,0,3,Spring,0,0,0,느티나무 셀프BBQ,콜라 (단체)
2023-03-22,0,3,Spring,0,0,0,느티나무 셀프BBQ,콜라 (단체)
2023-03-23,25,3,Spring,0,0,0,느티나무 셀프BBQ,콜라 (단체)
2023-03-24,7,3,Spring,0,0,0,느티나무 셀프BBQ,콜라 (단체)
2023-03-25,0,3,Spring,1,0,1,느티나무 셀프BBQ,콜라 (단체)
2023-03-26,0,3,Spring,1,0,1,느티나무 셀프BBQ,콜라 (단체)
2023-03-27,0,3,Spring,0,0,0,느티나무 셀프BBQ,콜라 (단체)
2023-03-28,8,3,Spring,0,0,0,느티나무 셀프BBQ,콜라 (단체)
2023-03-29,0,3,Spring,0,0,0,느티나무 셀프BBQ,콜라 (단체)
2023-03-30,6,3,Spring,0,0,0,느티나무 셀프BBQ,콜라 (단체)
2023-03-31,9,3,Spring,0,0,0,느티나무 셀프BBQ,콜라 (단체)
2023-04-01,0,4,Spring,1,0,1,느티나무 셀프BBQ,콜라 (단체)
2023-04-02,0,4,Spring,1,0,1,느티나무 셀프BBQ,콜라 (단체)
2023-04-03,0,4,Spring,0,0,0,느티나무 셀프BBQ,콜라 (단체)
2023-04-04,14,4,Spring,0,0,0,느티나무 셀프BBQ,콜라 (단체)
2023-04-05,0,4,Spring,0,0,0,느티나무 셀프BBQ,콜라 (단체)
2023-04-06,49,4,Spring,0,0,0,느티나무 셀프BBQ,콜라 (단체)
2023-04-07,16,4,Spring,0,0,0,느티나무 셀프BBQ,콜라 (단체)
2023-04-08,0,4,Spring,1,0,1,느티나무 셀프BBQ,콜라 (단체)
2023-04-09,0,4,Spring,1,0,1,느티나무 셀프BBQ,콜라 (단체)
2023-04-10,15,4,Spring,0,0,0,느티나무 셀프BBQ,콜라 (단체)
2023-04-11,0,4,Spring,0,0,0,느티나무 셀프BBQ,콜라 (단체)
2023-04-12,42,4,Spring,0,0,0,느티나무 셀프BBQ,콜라 (단체)
2023-04-13,58,4,Spring,0,0,0,느티나무 셀프BBQ,콜라 (단체)
2023-04-14,0,4,Spring,0,0,0,느티나무 셀프BBQ,콜라 (단체)
2023-04-15,0,4,Spring,1,0,1,느티나무 셀프BBQ,콜라 (단체)
2023-04-16,0,4,Spring,1,0,1,느티나무 셀프BBQ,콜라 (단체)
2023-04-17,26,4,Spring,0,0,0,느티나무 셀프BBQ,콜라 (단체)
2023-04-18,0,4,Spring,0,0,0,느티나무 셀프BBQ,콜라 (단체)
2023-04-19,42,4,Spring,0,0,0,느티나무 셀프BBQ,콜라 (단체)
2023-04-20,41,4,Spring,0,0,0,느티나무 셀프BBQ,콜라 (단체)
2023-04-21,5,4,Spring,0,0,0,느티나무 셀프BBQ,콜라 (단체)
2023-04-22,0,4,Spring,1,0,1,느티나무 셀프BBQ,콜라 (단체)
2023-04-23,0,4,Spring,1,0,1,느티나무 셀프BBQ,콜라 (단체)
2023-04-24,7,4,Spring,0,0,0,느티나무 셀프BBQ,콜라 (단체)
2023-04-25,18,4,Spring,0,0,0,느티나무 셀프BBQ,콜라 (단체)
2023-04-26,0,4,Spring,0,0,0,느티나무 셀프BBQ,콜라 (단체)
2023-04-27,23,4,Spring,0,0,0,느티나무 셀프BBQ,콜라 (단체)
2023-04-28,58,4,Spring,0,0,0,느티나무 셀프BBQ,콜라 (단체)
2023-04-29,0,4,Spring,1,0,1,느티나무 셀프BBQ,콜라 (단체)
2023-04-30,0,4,Spring,1,0,1,느티나무 셀프BBQ,콜라 (단체)
2023-05-01,0,5,Spring,0,0,0,느티나무 셀프BBQ,콜라 (단체)
2023-05-02,11,5,Spring,0,0,0,느티나무 셀프BBQ,콜라 (단체)
2023-05-03,23,5,Spring,0,0,0,느티나무 셀프BBQ,콜라 (단체)
2023-05-04,0,5,Spring,0,0,0,느티나무 셀프BBQ,콜라 (단체)
2023-05-05,5,5,Spring,0,1,1,느티나무 셀프BBQ,콜라 (단체)
2023-05-06,0,5,Spring,1,0,1,느티나무 셀프BBQ,콜라 (단체)
2023-05-07,0,5,Spring,1,0,1,느티나무 셀프BBQ,콜라 (단체)
2023-05-08,13,5,Spring,0,0,0,느티나무 셀프BBQ,콜라 (단체)
2023-05-09,7,5,Spring,0,0,0,느티나무 셀프BBQ,콜라 (단체)
2023-05-10,33,5,Spring,0,0,0,느티나무 셀프BBQ,콜라 (단체)
2023-05-11,34,5,Spring,0,0,0,느티나무 셀프BBQ,콜라 (단체)
2023-05-12,54,5,Spring,0,0,0,느티나무 셀프BBQ,콜라 (단체)
2023-05-13,0,5,Spring,1,0,1,느티나무 셀프BBQ,콜라 (단체)
2023-05-14,0,5,Spring,1,0,1,느티나무 셀프BBQ,콜라 (단체)
2023-05-15,13,5,Spring,0,0,0,느티나무 셀프BBQ,콜라 (단체)
2023-05-16,9,5,Spring,0,0,0,느티나무 셀프BBQ,콜라 (단체)
2023-05-17,0,5,Spring,0,0,0,느티나무 셀프BBQ,콜라 (단체)
2023-05-18,71,5,Spring,0,0,0,느티나무 셀프BBQ,콜라 (단체)
2023-05-19,30,5,Spring,0,0,0,느티나무 셀프BBQ,콜라 (단체)
2023-05-20,0,5,Spring,1,0,1,느티나무 셀프BBQ,콜라 (단체)
2023-05-21,0,5,Spring,1,0,1,느티나무 셀프BBQ,콜라 (단체)
2023-05-22,9,5,Spring,0,0,0,느티나무 셀프BBQ,콜라 (단체)
2023-05-23,20,5,Spring,0,0,0,느티나무 셀프BBQ,콜라 (단체)
2023-05-24,0,5,Spring,0,0,0,느티나무 셀프BBQ,콜라 (단체)
2023-05-25,71,5,Spring,0,0,0,느티나무 셀프BBQ,콜라 (단체)
2023-05-26,12,5,Spring,0,0,0,느티나무 셀프BBQ,콜라 (단체)
2023-05-27,0,5,Spring,1,1,1,느티나무 셀프BBQ,콜라 (단체)
2023-05-28,0,5,Spring,1,0,1,느티나무 셀프BBQ,콜라 (단체)
2023-05-29,0,5,Spring,0,1,1,느티나무 셀프BBQ,콜라 (단체)
2023-05-30,30,5,Spring,0,0,0,느티나무 셀프BBQ,콜라 (단체)
2023-05-31,9,5,Spring,0,0,0,느티나무 셀프BBQ,콜라 (단체)
2023-06-01,23,6,Summer,0,0,0,느티나무 셀프BBQ,콜라 (단체)
2023-06-02,24,6,Summer,0,0,0,느티나무 셀프BBQ,콜라 (단체)
2023-06-03,0,6,Summer,1,0,1,느티나무 셀프BBQ,콜라 (단체)
2023-06-04,0,6,Summer,1,0,1,느티나무 셀프BBQ,콜라 (단체)
2023-06-05,0,6,Summer,0,0,0,느티나무 셀프BBQ,콜라 (단체)
2023-06-06,0,6,Summer,0,1,1,느티나무 셀프BBQ,콜라 (단체)
2023-06-07,0,6,Summer,0,0,0,느티나무 셀프BBQ,콜라 (단체)
2023-06-08,37,6,Summer,0,0,0,느티나무 셀프BBQ,콜라 (단체)
2023-06-09,24,6,Summer,0,0,0,느티나무 셀프BBQ,콜라 (단체)
2023-06-10,13,6,Summer,1,0,1,느티나무 셀프BBQ,콜라 (단체)
2023-06-11,0,6,Summer,1,0,1,느티나무 셀프BBQ,콜라 (단체)
2023-06-12,67,6,Summer,0,0,0,느티나무 셀프BBQ,콜라 (단체)
2023-06-13,0,6,Summer,0,0,0,느티나무 셀프BBQ,콜라 (단체)
2023-06-14,83,6,Summer,0,0,0,느티나무 셀프BBQ,콜라 (단체)
2023-06-15,15,6,Summer,0,0,0,느티나무 셀프BBQ,콜라 (단체)
2023-06-16,134,6,Summer,0,0,0,느티나무 셀프BBQ,콜라 (단체)
2023-06-17,0,6,Summer,1,0,1,느티나무 셀프BBQ,콜라 (단체)
2023-06-18,0,6,Summer,1,0,1,느티나무 셀프BBQ,콜라 (단체)
2023-06-19,63,6,Summer,0,0,0,느티나무 셀프BBQ,콜라 (단체)
2023-06-20,6,6,Summer,0,0,0,느티나무 셀프BBQ,콜라 (단체)
2023-06-21,24,6,Summer,0,0,0,느티나무 셀프BBQ,콜라 (단체)
2023-06-22,63,6,Summer,0,0,0,느티나무 셀프BBQ,콜라 (단체)
2023-06-23,28,6,Summer,0,0,0,느티나무 셀프BBQ,콜라 (단체)
2023-06-24,0,6,Summer,1,0,1,느티나무 셀프BBQ,콜라 (단체)
2023-06-25,0,6,Summer,1,0,1,느티나무 셀프BBQ,콜라 (단체)
2023-06-26,56,6,Summer,0,0,0,느티나무 셀프BBQ,콜라 (단체)
2023-06-27,0,6,Summer,0,0,0,느티나무 셀프BBQ,콜라 (단체)
2023-06-28,19,6,Summer,0,0,0,느티나무 셀프BBQ,콜라 (단체)
2023-06-29,58,6,Summer,0,0,0,느티나무 셀프BBQ,콜라 (단체)
2023-06-30,51,6,Summer,0,0,0,느티나무 셀프BBQ,콜라 (단체)
2023-07-01,0,7,Summer,1,0,1,느티나무 셀프BBQ,콜라 (단체)
2023-07-02,0,7,Summer,1,0,1,느티나무 셀프BBQ,콜라 (단체)
2023-07-03,0,7,Summer,0,0,0,느티나무 셀프BBQ,콜라 (단체)
2023-07-04,56,7,Summer,0,0,0,느티나무 셀프BBQ,콜라 (단체)
2023-07-05,0,7,Summer,0,0,0,느티나무 셀프BBQ,콜라 (단체)
2023-07-06,36,7,Summer,0,0,0,느티나무 셀프BBQ,콜라 (단체)
2023-07-07,6,7,Summer,0,0,0,느티나무 셀프BBQ,콜라 (단체)
2023-07-08,0,7,Summer,1,0,1,느티나무 셀프BBQ,콜라 (단체)
2023-07-09,0,7,Summer,1,0,1,느티나무 셀프BBQ,콜라 (단체)
2023-07-10,0,7,Summer,0,0,0,느티나무 셀프BBQ,콜라 (단체)
2023-07-11,2,7,Summer,0,0,0,느티나무 셀프BBQ,콜라 (단체)
2023-07-12,9,7,Summer,0,0,0,느티나무 셀프BBQ,콜라 (단체)
2023-07-13,24,7,Summer,0,0,0,느티나무 셀프BBQ,콜라 (단체)
2023-07-14,35,7,Summer,0,0,0,느티나무 셀프BBQ,콜라 (단체)
2023-07-15,10,7,Summer,1,0,1,느티나무 셀프BBQ,콜라 (단체)
2023-07-16,0,7,Summer,1,0,1,느티나무 셀프BBQ,콜라 (단체)
2023-07-17,24,7,Summer,0,0,0,느티나무 셀프BBQ,콜라 (단체)
2023-07-18,11,7,Summer,0,0,0,느티나무 셀프BBQ,콜라 (단체)
2023-07-19,7,7,Summer,0,0,0,느티나무 셀프BBQ,콜라 (단체)
2023-07-20,0,7,Summer,0,0,0,느티나무 셀프BBQ,콜라 (단체)
2023-07-21,0,7,Summer,0,0,0,느티나무 셀프BBQ,콜라 (단체)
2023-07-22,0,7,Summer,1,0,1,느티나무 셀프BBQ,콜라 (단체)
2023-07-23,0,7,Summer,1,0,1,느티나무 셀프BBQ,콜라 (단체)
2023-07-24,0,7,Summer,0,0,0,느티나무 셀프BBQ,콜라 (단체)
2023-07-25,0,7,Summer,0,0,0,느티나무 셀프BBQ,콜라 (단체)
2023-07-26,0,7,Summer,0,0,0,느티나무 셀프BBQ,콜라 (단체)
2023-07-27,0,7,Summer,0,0,0,느티나무 셀프BBQ,콜라 (단체)
2023-07-28,0,7,Summer,0,0,0,느티나무 셀프BBQ,콜라 (단체)
2023-07-29,0,7,Summer,1,0,1,느티나무 셀프BBQ,콜라 (단체)
2023-07-30,0,7,Summer,1,0,1,느티나무 셀프BBQ,콜라 (단체)
2023-07-31,0,7,Summer,0,0,0,느티나무 셀프BBQ,콜라 (단체)
2023-08-01,0,8,Summer,0,0,0,느티나무 셀프BBQ,콜라 (단체)
2023-08-02,0,8,Summer,0,0,0,느티나무 셀프BBQ,콜라 (단체)
2023-08-03,0,8,Summer,0,0,0,느티나무 셀프BBQ,콜라 (단체)
2023-08-04,0,8,Summer,0,0,0,느티나무 셀프BBQ,콜라 (단체)
2023-08-05,0,8,Summer,1,0,1,느티나무 셀프BBQ,콜라 (단체)
2023-08-06,0,8,Summer,1,0,1,느티나무 셀프BBQ,콜라 (단체)
2023-08-07,0,8,Summer,0,0,0,느티나무 셀프BBQ,콜라 (단체)
2023-08-08,0,8,Summer,0,0,0,느티나무 셀프BBQ,콜라 (단체)
2023-08-09,0,8,Summer,0,0,0,느티나무 셀프BBQ,콜라 (단체)
2023-08-10,41,8,Summer,0,0,0,느티나무 셀프BBQ,콜라 (단체)
2023-08-11,1,8,Summer,0,0,0,느티나무 셀프BBQ,콜라 (단체)
2023-08-12,0,8,Summer,1,0,1,느티나무 셀프BBQ,콜라 (단체)
2023-08-13,0,8,Summer,1,0,1,느티나무 셀프BBQ,콜라 (단체)
2023-08-14,0,8,Summer,0,0,0,느티나무 셀프BBQ,콜라 (단체)
2023-08-15,0,8,Summer,0,1,1,느티나무 셀프BBQ,콜라 (단체)
2023-08-16,6,8,Summer,0,0,0,느티나무 셀프BBQ,콜라 (단체)
2023-08-17,19,8,Summer,0,0,0,느티나무 셀프BBQ,콜라 (단체)
2023-08-18,42,8,Summer,0,0,0,느티나무 셀프BBQ,콜라 (단체)
2023-08-19,0,8,Summer,1,0,1,느티나무 셀프BBQ,콜라 (단체)
2023-08-20,0,8,Summer,1,0,1,느티나무 셀프BBQ,콜라 (단체)
2023-08-21,13,8,Summer,0,0,0,느티나무 셀프BBQ,콜라 (단체)
2023-08-22,2,8,Summer,0,0,0,느티나무 셀프BBQ,콜라 (단체)
2023-08-23,0,8,Summer,0,0,0,느티나무 셀프BBQ,콜라 (단체)
2023-08-24,5,8,Summer,0,0,0,느티나무 셀프BBQ,콜라 (단체)
2023-08-25,0,8,Summer,0,0,0,느티나무 셀프BBQ,콜라 (단체)
2023-08-26,0,8,Summer,1,0,1,느티나무 셀프BBQ,콜라 (단체)
2023-08-27,0,8,Summer,1,0,1,느티나무 셀프BBQ,콜라 (단체)
2023-08-28,6,8,Summer,0,0,0,느티나무 셀프BBQ,콜라 (단체)
2023-08-29,17,8,Summer,0,0,0,느티나무 셀프BBQ,콜라 (단체)
2023-08-30,38,8,Summer,0,0,0,느티나무 셀프BBQ,콜라 (단체)
2023-08-31,53,8,Summer,0,0,0,느티나무 셀프BBQ,콜라 (단체)
2023-09-01,5,9,Autumn,0,0,0,느티나무 셀프BBQ,콜라 (단체)
2023-09-02,0,9,Autumn,1,0,1,느티나무 셀프BBQ,콜라 (단체)
2023-09-03,0,9,Autumn,1,0,1,느티나무 셀프BBQ,콜라 (단체)
2023-09-04,0,9,Autumn,0,0,0,느티나무 셀프BBQ,콜라 (단체)
2023-09-05,0,9,Autumn,0,0,0,느티나무 셀프BBQ,콜라 (단체)
2023-09-06,12,9,Autumn,0,0,0,느티나무 셀프BBQ,콜라 (단체)
2023-09-07,19,9,Autumn,0,0,0,느티나무 셀프BBQ,콜라 (단체)
2023-09-08,8,9,Autumn,0,0,0,느티나무 셀프BBQ,콜라 (단체)
2023-09-09,15,9,Autumn,1,0,1,느티나무 셀프BBQ,콜라 (단체)
2023-09-10,0,9,Autumn,1,0,1,느티나무 셀프BBQ,콜라 (단체)
2023-09-11,0,9,Autumn,0,0,0,느티나무 셀프BBQ,콜라 (단체)
2023-09-12,20,9,Autumn,0,0,0,느티나무 셀프BBQ,콜라 (단체)
2023-09-13,12,9,Autumn,0,0,0,느티나무 셀프BBQ,콜라 (단체)
2023-09-14,37,9,Autumn,0,0,0,느티나무 셀프BBQ,콜라 (단체)
2023-09-15,22,9,Autumn,0,0,0,느티나무 셀프BBQ,콜라 (단체)
2023-09-16,0,9,Autumn,1,0,1,느티나무 셀프BBQ,콜라 (단체)
2023-09-17,0,9,Autumn,1,0,1,느티나무 셀프BBQ,콜라 (단체)
2023-09-18,0,9,Autumn,0,0,0,느티나무 셀프BBQ,콜라 (단체)
2023-09-19,31,9,Autumn,0,0,0,느티나무 셀프BBQ,콜라 (단체)
2023-09-20,23,9,Autumn,0,0,0,느티나무 셀프BBQ,콜라 (단체)
2023-09-21,19,9,Autumn,0,0,0,느티나무 셀프BBQ,콜라 (단체)
2023-09-22,59,9,Autumn,0,0,0,느티나무 셀프BBQ,콜라 (단체)
2023-09-23,90,9,Autumn,1,0,1,느티나무 셀프BBQ,콜라 (단체)
2023-09-24,0,9,Autumn,1,0,1,느티나무 셀프BBQ,콜라 (단체)
2023-09-25,0,9,Autumn,0,0,0,느티나무 셀프BBQ,콜라 (단체)
2023-09-26,0,9,Autumn,0,0,0,느티나무 셀프BBQ,콜라 (단체)
2023-09-27,0,9,Autumn,0,0,0,느티나무 셀프BBQ,콜라 (단체)
2023-09-28,0,9,Autumn,0,1,1,느티나무 셀프BBQ,콜라 (단체)
2023-09-29,0,9,Autumn,0,1,1,느티나무 셀프BBQ,콜라 (단체)
2023-09-30,0,9,Autumn,1,1,1,느티나무 셀프BBQ,콜라 (단체)
2023-10-01,0,10,Autumn,1,0,1,느티나무 셀프BBQ,콜라 (단체)
2023-10-02,0,10,Autumn,0,1,1,느티나무 셀프BBQ,콜라 (단체)
2023-10-03,0,10,Autumn,0,1,1,느티나무 셀프BBQ,콜라 (단체)
2023-10-04,8,10,Autumn,0,0,0,느티나무 셀프BBQ,콜라 (단체)
2023-10-05,31,10,Autumn,0,0,0,느티나무 셀프BBQ,콜라 (단체)
2023-10-06,14,10,Autumn,0,0,0,느티나무 셀프BBQ,콜라 (단체)
2023-10-07,0,10,Autumn,1,0,1,느티나무 셀프BBQ,콜라 (단체)
2023-10-08,0,10,Autumn,1,0,1,느티나무 셀프BBQ,콜라 (단체)
2023-10-09,0,10,Autumn,0,1,1,느티나무 셀프BBQ,콜라 (단체)
2023-10-10,0,10,Autumn,0,0,0,느티나무 셀프BBQ,콜라 (단체)
2023-10-11,24,10,Autumn,0,0,0,느티나무 셀프BBQ,콜라 (단체)
2023-10-12,23,10,Autumn,0,0,0,느티나무 셀프BBQ,콜라 (단체)
2023-10-13,39,10,Autumn,0,0,0,느티나무 셀프BBQ,콜라 (단체)
2023-10-14,0,10,Autumn,1,0,1,느티나무 셀프BBQ,콜라 (단체)
2023-10-15,0,10,Autumn,1,0,1,느티나무 셀프BBQ,콜라 (단체)
2023-10-16,28,10,Autumn,0,0,0,느티나무 셀프BBQ,콜라 (단체)
2023-10-17,13,10,Autumn,0,0,0,느티나무 셀프BBQ,콜라 (단체)
2023-10-18,28,10,Autumn,0,0,0,느티나무 셀프BBQ,콜라 (단체)
2023-10-19,48,10,Autumn,0,0,0,느티나무 셀프BBQ,콜라 (단체)
2023-10-20,19,10,Autumn,0,0,0,느티나무 셀프BBQ,콜라 (단체)
2023-10-21,0,10,Autumn,1,0,1,느티나무 셀프BBQ,콜라 (단체)
2023-10-22,0,10,Autumn,1,0,1,느티나무 셀프BBQ,콜라 (단체)
2023-10-23,11,10,Autumn,0,0,0,느티나무 셀프BBQ,콜라 (단체)
2023-10-24,0,10,Autumn,0,0,0,느티나무 셀프BBQ,콜라 (단체)
2023-10-25,28,10,Autumn,0,0,0,느티나무 셀프BBQ,콜라 (단체)
2023-10-26,32,10,Autumn,0,0,0,느티나무 셀프BBQ,콜라 (단체)
2023-10-27,0,10,Autumn,0,0,0,느티나무 셀프BBQ,콜라 (단체)
2023-10-28,5,10,Autumn,1,0,1,느티나무 셀프BBQ,콜라 (단체)
2023-10-29,0,10,Autumn,1,0,1,느티나무 셀프BBQ,콜라 (단체)
2023-10-30,0,10,Autumn,0,0,0,느티나무 셀프BBQ,콜라 (단체)
2023-10-31,12,10,Autumn,0,0,0,느티나무 셀프BBQ,콜라 (단체)
2023-11-01,66,11,Autumn,0,0,0,느티나무 셀프BBQ,콜라 (단체)
2023-11-02,31,11,Autumn,0,0,0,느티나무 셀프BBQ,콜라 (단체)
2023-11-03,52,11,Autumn,0,0,0,느티나무 셀프BBQ,콜라 (단체)
2023-11-04,0,11,Autumn,1,0,1,느티나무 셀프BBQ,콜라 (단체)
2023-11-05,0,11,Autumn,1,0,1,느티나무 셀프BBQ,콜라 (단체)
2023-11-06,1,11,Autumn,0,0,0,느티나무 셀프BBQ,콜라 (단체)
2023-11-07,6,11,Autumn,0,0,0,느티나무 셀프BBQ,콜라 (단체)
2023-11-08,23,11,Autumn,0,0,0,느티나무 셀프BBQ,콜라 (단체)
2023-11-09,42,11,Autumn,0,0,0,느티나무 셀프BBQ,콜라 (단체)
2023-11-10,36,11,Autumn,0,0,0,느티나무 셀프BBQ,콜라 (단체)
2023-11-11,0,11,Autumn,1,0,1,느티나무 셀프BBQ,콜라 (단체)
2023-11-12,0,11,Autumn,1,0,1,느티나무 셀프BBQ,콜라 (단체)
2023-11-13,16,11,Autumn,0,0,0,느티나무 셀프BBQ,콜라 (단체)
2023-11-14,0,11,Autumn,0,0,0,느티나무 셀프BBQ,콜라 (단체)
2023-11-15,19,11,Autumn,0,0,0,느티나무 셀프BBQ,콜라 (단체)
2023-11-16,5,11,Autumn,0,0,0,느티나무 셀프BBQ,콜라 (단체)
2023-11-17,12,11,Autumn,0,0,0,느티나무 셀프BBQ,콜라 (단체)
2023-11-18,0,11,Autumn,1,0,1,느티나무 셀프BBQ,콜라 (단체)
2023-11-19,0,11,Autumn,1,0,1,느티나무 셀프BBQ,콜라 (단체)
2023-11-20,30,11,Autumn,0,0,0,느티나무 셀프BBQ,콜라 (단체)
2023-11-21,0,11,Autumn,0,0,0,느티나무 셀프BBQ,콜라 (단체)
2023-11-22,24,11,Autumn,0,0,0,느티나무 셀프BBQ,콜라 (단체)
2023-11-23,17,11,Autumn,0,0,0,느티나무 셀프BBQ,콜라 (단체)
2023-11-24,24,11,Autumn,0,0,0,느티나무 셀프BBQ,콜라 (단체)
2023-11-25,0,11,Autumn,1,0,1,느티나무 셀프BBQ,콜라 (단체)
2023-11-26,0,11,Autumn,1,0,1,느티나무 셀프BBQ,콜라 (단체)
2023-11-27,29,11,Autumn,0,0,0,느티나무 셀프BBQ,콜라 (단체)
2023-11-28,1,11,Autumn,0,0,0,느티나무 셀프BBQ,콜라 (단체)
2023-11-29,0,11,Autumn,0,0,0,느티나무 셀프BBQ,콜라 (단체)
2023-11-30,10,11,Autumn,0,0,0,느티나무 셀프BBQ,콜라 (단체)
2023-12-01,12,12,Winter,0,0,0,느티나무 셀프BBQ,콜라 (단체)
2023-12-02,0,12,Winter,1,0,1,느티나무 셀프BBQ,콜라 (단체)
2023-12-03,0,12,Winter,1,0,1,느티나무 셀프BBQ,콜라 (단체)
2023-12-04,0,12,Winter,0,0,0,느티나무 셀프BBQ,콜라 (단체)
2023-12-05,2,12,Winter,0,0,0,느티나무 셀프BBQ,콜라 (단체)
2023-12-06,34,12,Winter,0,0,0,느티나무 셀프BBQ,콜라 (단체)
2023-12-07,42,12,Winter,0,0,0,느티나무 셀프BBQ,콜라 (단체)
2023-12-08,38,12,Winter,0,0,0,느티나무 셀프BBQ,콜라 (단체)
2023-12-09,0,12,Winter,1,0,1,느티나무 셀프BBQ,콜라 (단체)
2023-12-10,0,12,Winter,1,0,1,느티나무 셀프BBQ,콜라 (단체)
2023-12-11,17,12,Winter,0,0,0,느티나무 셀프BBQ,콜라 (단체)
2023-12-12,0,12,Winter,0,0,0,느티나무 셀프BBQ,콜라 (단체)
2023-12-13,0,12,Winter,0,0,0,느티나무 셀프BBQ,콜라 (단체)
2023-12-14,51,12,Winter,0,0,0,느티나무 셀프BBQ,콜라 (단체)
2023-12-15,0,12,Winter,0,0,0,느티나무 셀프BBQ,콜라 (단체)
2023-12-16,0,12,Winter,1,0,1,느티나무 셀프BBQ,콜라 (단체)
2023-12-17,0,12,Winter,1,0,1,느티나무 셀프BBQ,콜라 (단체)
2023-12-18,51,12,Winter,0,0,0,느티나무 셀프BBQ,콜라 (단체)
2023-12-19,8,12,Winter,0,0,0,느티나무 셀프BBQ,콜라 (단체)
2023-12-20,0,12,Winter,0,0,0,느티나무 셀프BBQ,콜라 (단체)
2023-12-21,5,12,Winter,0,0,0,느티나무 셀프BBQ,콜라 (단체)
2023-12-22,4,12,Winter,0,0,0,느티나무 셀프BBQ,콜라 (단체)
2023-12-23,0,12,Winter,1,0,1,느티나무 셀프BBQ,콜라 (단체)
2023-12-24,0,12,Winter,1,0,1,느티나무 셀프BBQ,콜라 (단체)
2023-12-25,0,12,Winter,0,1,1,느티나무 셀프BBQ,콜라 (단체)
2023-12-26,0,12,Winter,0,0,0,느티나무 셀프BBQ,콜라 (단체)
2023-12-27,14,12,Winter,0,0,0,느티나무 셀프BBQ,콜라 (단체)
2023-12-28,0,12,Winter,0,0,0,느티나무 셀프BBQ,콜라 (단체)
2023-12-29,0,12,Winter,0,0,0,느티나무 셀프BBQ,콜라 (단체)
2023-12-30,0,12,Winter,1,0,1,느티나무 셀프BBQ,콜라 (단체)
2023-12-31,0,12,Winter,1,0,1,느티나무 셀프BBQ,콜라 (단체)
2024-01-01,0,1,Winter,0,1,1,느티나무 셀프BBQ,콜라 (단체)
2024-01-02,0,1,Winter,0,0,0,느티나무 셀프BBQ,콜라 (단체)
2024-01-03,0,1,Winter,0,0,0,느티나무 셀프BBQ,콜라 (단체)
2024-01-04,4,1,Winter,0,0,0,느티나무 셀프BBQ,콜라 (단체)
2024-01-05,0,1,Winter,0,0,0,느티나무 셀프BBQ,콜라 (단체)
2024-01-06,0,1,Winter,1,0,1,느티나무 셀프BBQ,콜라 (단체)
2024-01-07,17,1,Winter,1,0,1,느티나무 셀프BBQ,콜라 (단체)
2024-01-08,13,1,Winter,0,0,0,느티나무 셀프BBQ,콜라 (단체)
2024-01-09,0,1,Winter,0,0,0,느티나무 셀프BBQ,콜라 (단체)
2024-01-10,0,1,Winter,0,0,0,느티나무 셀프BBQ,콜라 (단체)
2024-01-11,17,1,Winter,0,0,0,느티나무 셀프BBQ,콜라 (단체)
2024-01-12,0,1,Winter,0,0,0,느티나무 셀프BBQ,콜라 (단체)
2024-01-13,0,1,Winter,1,0,1,느티나무 셀프BBQ,콜라 (단체)
2024-01-14,0,1,Winter,1,0,1,느티나무 셀프BBQ,콜라 (단체)
2024-01-15,0,1,Winter,0,0,0,느티나무 셀프BBQ,콜라 (단체)
2024-01-16,2,1,Winter,0,0,0,느티나무 셀프BBQ,콜라 (단체)
2024-01-17,9,1,Winter,0,0,0,느티나무 셀프BBQ,콜라 (단체)
2024-01-18,46,1,Winter,0,0,0,느티나무 셀프BBQ,콜라 (단체)
2024-01-19,2,1,Winter,0,0,0,느티나무 셀프BBQ,콜라 (단체)
2024-01-20,0,1,Winter,1,0,1,느티나무 셀프BBQ,콜라 (단체)
2024-01-21,0,1,Winter,1,0,1,느티나무 셀프BBQ,콜라 (단체)
2024-01-22,0,1,Winter,0,0,0,느티나무 셀프BBQ,콜라 (단체)
2024-01-23,0,1,Winter,0,0,0,느티나무 셀프BBQ,콜라 (단체)
2024-01-24,4,1,Winter,0,0,0,느티나무 셀프BBQ,콜라 (단체)
2024-01-25,4,1,Winter,0,0,0,느티나무 셀프BBQ,콜라 (단체)
2024-01-26,0,1,Winter,0,0,0,느티나무 셀프BBQ,콜라 (단체)
2024-01-27,0,1,Winter,1,0,1,느티나무 셀프BBQ,콜라 (단체)
2024-01-28,0,1,Winter,1,0,1,느티나무 셀프BBQ,콜라 (단체)
2024-01-29,3,1,Winter,0,0,0,느티나무 셀프BBQ,콜라 (단체)
2024-01-30,0,1,Winter,0,0,0,느티나무 셀프BBQ,콜라 (단체)
2024-01-31,0,1,Winter,0,0,0,느티나무 셀프BBQ,콜라 (단체)
2024-02-01,8,2,Winter,0,0,0,느티나무 셀프BBQ,콜라 (단체)
2024-02-02,4,2,Winter,0,0,0,느티나무 셀프BBQ,콜라 (단체)
2024-02-03,1,2,Winter,1,0,1,느티나무 셀프BBQ,콜라 (단체)
2024-02-04,0,2,Winter,1,0,1,느티나무 셀프BBQ,콜라 (단체)
2024-02-05,9,2,Winter,0,0,0,느티나무 셀프BBQ,콜라 (단체)
2024-02-06,0,2,Winter,0,0,0,느티나무 셀프BBQ,콜라 (단체)
2024-02-07,0,2,Winter,0,0,0,느티나무 셀프BBQ,콜라 (단체)
2024-02-08,0,2,Winter,0,0,0,느티나무 셀프BBQ,콜라 (단체)
2024-02-09,0,2,Winter,0,1,1,느티나무 셀프BBQ,콜라 (단체)
2024-02-10,0,2,Winter,1,1,1,느티나무 셀프BBQ,콜라 (단체)
2024-02-11,0,2,Winter,1,1,1,느티나무 셀프BBQ,콜라 (단체)
2024-02-12,0,2,Winter,0,1,1,느티나무 셀프BBQ,콜라 (단체)
2024-02-13,0,2,Winter,0,0,0,느티나무 셀프BBQ,콜라 (단체)
2024-02-14,9,2,Winter,0,0,0,느티나무 셀프BBQ,콜라 (단체)
2024-02-15,6,2,Winter,0,0,0,느티나무 셀프BBQ,콜라 (단체)
2024-02-16,0,2,Winter,0,0,0,느티나무 셀프BBQ,콜라 (단체)
2024-02-17,9,2,Winter,1,0,1,느티나무 셀프BBQ,콜라 (단체)
2024-02-18,0,2,Winter,1,0,1,느티나무 셀프BBQ,콜라 (단체)
2024-02-19,0,2,Winter,0,0,0,느티나무 셀프BBQ,콜라 (단체)
2024-02-20,15,2,Winter,0,0,0,느티나무 셀프BBQ,콜라 (단체)
2024-02-21,10,2,Winter,0,0,0,느티나무 셀프BBQ,콜라 (단체)
2024-02-22,0,2,Winter,0,0,0,느티나무 셀프BBQ,콜라 (단체)
2024-02-23,7,2,Winter,0,0,0,느티나무 셀프BBQ,콜라 (단체)
2024-02-24,0,2,Winter,1,0,1,느티나무 셀프BBQ,콜라 (단체)
2024-02-25,0,2,Winter,1,0,1,느티나무 셀프BBQ,콜라 (단체)
2024-02-26,0,2,Winter,0,0,0,느티나무 셀프BBQ,콜라 (단체)
2024-02-27,0,2,Winter,0,0,0,느티나무 셀프BBQ,콜라 (단체)
2024-02-28,0,2,Winter,0,0,0,느티나무 셀프BBQ,콜라 (단체)
2024-02-29,0,2,Winter,0,0,0,느티나무 셀프BBQ,콜라 (단체)
2024-03-01,0,3,Spring,0,1,1,느티나무 셀프BBQ,콜라 (단체)
2024-03-02,0,3,Spring,1,0,1,느티나무 셀프BBQ,콜라 (단체)
2024-03-03,0,3,Spring,1,0,1,느티나무 셀프BBQ,콜라 (단체)
2024-03-04,0,3,Spring,0,0,0,느티나무 셀프BBQ,콜라 (단체)
2024-03-05,0,3,Spring,0,0,0,느티나무 셀프BBQ,콜라 (단체)
2024-03-06,0,3,Spring,0,0,0,느티나무 셀프BBQ,콜라 (단체)
2024-03-07,0,3,Spring,0,0,0,느티나무 셀프BBQ,콜라 (단체)
2024-03-08,0,3,Spring,0,0,0,느티나무 셀프BBQ,콜라 (단체)
2024-03-09,0,3,Spring,1,0,1,느티나무 셀프BBQ,콜라 (단체)
2024-03-10,0,3,Spring,1,0,1,느티나무 셀프BBQ,콜라 (단체)
2024-03-11,0,3,Spring,0,0,0,느티나무 셀프BBQ,콜라 (단체)
2024-03-12,0,3,Spring,0,0,0,느티나무 셀프BBQ,콜라 (단체)
2024-03-13,0,3,Spring,0,0,0,느티나무 셀프BBQ,콜라 (단체)
2024-03-14,17,3,Spring,0,0,0,느티나무 셀프BBQ,콜라 (단체)
2024-03-15,0,3,Spring,0,0,0,느티나무 셀프BBQ,콜라 (단체)
2024-03-16,0,3,Spring,1,0,1,느티나무 셀프BBQ,콜라 (단체)
2024-03-17,0,3,Spring,1,0,1,느티나무 셀프BBQ,콜라 (단체)
2024-03-18,4,3,Spring,0,0,0,느티나무 셀프BBQ,콜라 (단체)
2024-03-19,7,3,Spring,0,0,0,느티나무 셀프BBQ,콜라 (단체)
2024-03-20,2,3,Spring,0,0,0,느티나무 셀프BBQ,콜라 (단체)
2024-03-21,16,3,Spring,0,0,0,느티나무 셀프BBQ,콜라 (단체)
2024-03-22,15,3,Spring,0,0,0,느티나무 셀프BBQ,콜라 (단체)
2024-03-23,0,3,Spring,1,0,1,느티나무 셀프BBQ,콜라 (단체)
2024-03-24,0,3,Spring,1,0,1,느티나무 셀프BBQ,콜라 (단체)
2024-03-25,0,3,Spring,0,0,0,느티나무 셀프BBQ,콜라 (단체)
2024-03-26,0,3,Spring,0,0,0,느티나무 셀프BBQ,콜라 (단체)
2024-03-27,4,3,Spring,0,0,0,느티나무 셀프BBQ,콜라 (단체)
2024-03-28,30,3,Spring,0,0,0,느티나무 셀프BBQ,콜라 (단체)
2024-03-29,11,3,Spring,0,0,0,느티나무 셀프BBQ,콜라 (단체)
2024-03-30,0,3,Spring,1,0,1,느티나무 셀프BBQ,콜라 (단체)
2024-03-31,0,3,Spring,1,0,1,느티나무 셀프BBQ,콜라 (단체)
2024-04-01,0,4,Spring,0,0,0,느티나무 셀프BBQ,콜라 (단체)
2024-04-02,0,4,Spring,0,0,0,느티나무 셀프BBQ,콜라 (단체)
2024-04-03,0,4,Spring,0,0,0,느티나무 셀프BBQ,콜라 (단체)
2024-04-04,0,4,Spring,0,0,0,느티나무 셀프BBQ,콜라 (단체)
2024-04-05,0,4,Spring,0,0,0,느티나무 셀프BBQ,콜라 (단체)
2024-04-06,0,4,Spring,1,0,1,느티나무 셀프BBQ,콜라 (단체)
2024-04-07,0,4,Spring,1,0,1,느티나무 셀프BBQ,콜라 (단체)
2024-04-08,0,4,Spring,0,0,0,느티나무 셀프BBQ,콜라 (단체)
2024-04-09,0,4,Spring,0,0,0,느티나무 셀프BBQ,콜라 (단체)
2024-04-10,0,4,Spring,0,1,1,느티나무 셀프BBQ,콜라 (단체)
2024-04-11,7,4,Spring,0,0,0,느티나무 셀프BBQ,콜라 (단체)
2024-04-12,25,4,Spring,0,0,0,느티나무 셀프BBQ,콜라 (단체)
2024-04-13,0,4,Spring,1,0,1,느티나무 셀프BBQ,콜라 (단체)
2024-04-14,0,4,Spring,1,0,1,느티나무 셀프BBQ,콜라 (단체)
2024-04-15,9,4,Spring,0,0,0,느티나무 셀프BBQ,콜라 (단체)
2024-04-16,10,4,Spring,0,0,0,느티나무 셀프BBQ,콜라 (단체)
2024-04-17,0,4,Spring,0,0,0,느티나무 셀프BBQ,콜라 (단체)
2024-04-18,47,4,Spring,0,0,0,느티나무 셀프BBQ,콜라 (단체)
2024-04-19,1,4,Spring,0,0,0,느티나무 셀프BBQ,콜라 (단체)
2024-04-20,0,4,Spring,1,0,1,느티나무 셀프BBQ,콜라 (단체)
2024-04-21,0,4,Spring,1,0,1,느티나무 셀프BBQ,콜라 (단체)
2024-04-22,46,4,Spring,0,0,0,느티나무 셀프BBQ,콜라 (단체)
2024-04-23,0,4,Spring,0,0,0,느티나무 셀프BBQ,콜라 (단체)
2024-04-24,0,4,Spring,0,0,0,느티나무 셀프BBQ,콜라 (단체)
2024-04-25,66,4,Spring,0,0,0,느티나무 셀프BBQ,콜라 (단체)
2024-04-26,57,4,Spring,0,0,0,느티나무 셀프BBQ,콜라 (단체)
2024-04-27,0,4,Spring,1,0,1,느티나무 셀프BBQ,콜라 (단체)
2024-04-28,0,4,Spring,1,0,1,느티나무 셀프BBQ,콜라 (단체)
2024-04-29,11,4,Spring,0,0,0,느티나무 셀프BBQ,콜라 (단체)
2024-04-30,0,4,Spring,0,0,0,느티나무 셀프BBQ,콜라 (단체)
2024-05-01,0,5,Spring,0,0,0,느티나무 셀프BBQ,콜라 (단체)
2024-05-02,0,5,Spring,0,0,0,느티나무 셀프BBQ,콜라 (단체)
2024-05-03,0,5,Spring,0,0,0,느티나무 셀프BBQ,콜라 (단체)
2024-05-04,0,5,Spring,1,0,1,느티나무 셀프BBQ,콜라 (단체)
2024-05-05,0,5,Spring,1,1,1,느티나무 셀프BBQ,콜라 (단체)
2024-05-06,0,5,Spring,0,1,1,느티나무 셀프BBQ,콜라 (단체)
2024-05-07,0,5,Spring,0,0,0,느티나무 셀프BBQ,콜라 (단체)
2024-05-08,9,5,Spring,0,0,0,느티나무 셀프BBQ,콜라 (단체)
2024-05-09,33,5,Spring,0,0,0,느티나무 셀프BBQ,콜라 (단체)
2024-05-10,4,5,Spring,0,0,0,느티나무 셀프BBQ,콜라 (단체)
2024-05-11,0,5,Spring,1,0,1,느티나무 셀프BBQ,콜라 (단체)
2024-05-12,0,5,Spring,1,0,1,느티나무 셀프BBQ,콜라 (단체)
2024-05-13,0,5,Spring,0,0,0,느티나무 셀프BBQ,콜라 (단체)
2024-05-14,0,5,Spring,0,0,0,느티나무 셀프BBQ,콜라 (단체)
2024-05-15,0,5,Spring,0,1,1,느티나무 셀프BBQ,콜라 (단체)
2024-05-16,20,5,Spring,0,0,0,느티나무 셀프BBQ,콜라 (단체)
2024-05-17,34,5,Spring,0,0,0,느티나무 셀프BBQ,콜라 (단체)
2024-05-18,0,5,Spring,1,0,1,느티나무 셀프BBQ,콜라 (단체)
2024-05-19,0,5,Spring,1,0,1,느티나무 셀프BBQ,콜라 (단체)
2024-05-20,0,5,Spring,0,0,0,느티나무 셀프BBQ,콜라 (단체)
2024-05-21,0,5,Spring,0,0,0,느티나무 셀프BBQ,콜라 (단체)
2024-05-22,11,5,Spring,0,0,0,느티나무 셀프BBQ,콜라 (단체)
2024-05-23,22,5,Spring,0,0,0,느티나무 셀프BBQ,콜라 (단체)
2024-05-24,14,5,Spring,0,0,0,느티나무 셀프BBQ,콜라 (단체)
2024-05-25,0,5,Spring,1,0,1,느티나무 셀프BBQ,콜라 (단체)
2024-05-26,0,5,Spring,1,0,1,느티나무 셀프BBQ,콜라 (단체)
2024-05-27,2,5,Spring,0,0,0,느티나무 셀프BBQ,콜라 (단체)
2024-05-28,15,5,Spring,0,0,0,느티나무 셀프BBQ,콜라 (단체)
2024-05-29,4,5,Spring,0,0,0,느티나무 셀프BBQ,콜라 (단체)
2024-05-30,17,5,Spring,0,0,0,느티나무 셀프BBQ,콜라 (단체)
2024-05-31,17,5,Spring,0,0,0,느티나무 셀프BBQ,콜라 (단체)
2024-06-01,0,6,Summer,1,0,1,느티나무 셀프BBQ,콜라 (단체)
2024-06-02,0,6,Summer,1,0,1,느티나무 셀프BBQ,콜라 (단체)
2024-06-03,0,6,Summer,0,0,0,느티나무 셀프BBQ,콜라 (단체)
2024-06-04,0,6,Summer,0,0,0,느티나무 셀프BBQ,콜라 (단체)
2024-06-05,41,6,Summer,0,0,0,느티나무 셀프BBQ,콜라 (단체)
2024-06-06,0,6,Summer,0,1,1,느티나무 셀프BBQ,콜라 (단체)
2024-06-07,0,6,Summer,0,0,0,느티나무 셀프BBQ,콜라 (단체)
2024-06-08,0,6,Summer,1,0,1,느티나무 셀프BBQ,콜라 (단체)
2024-06-09,0,6,Summer,1,0,1,느티나무 셀프BBQ,콜라 (단체)
2024-06-10,5,6,Summer,0,0,0,느티나무 셀프BBQ,콜라 (단체)
2024-06-11,17,6,Summer,0,0,0,느티나무 셀프BBQ,콜라 (단체)
2024-06-12,15,6,Summer,0,0,0,느티나무 셀프BBQ,콜라 (단체)
2024-06-13,10,6,Summer,0,0,0,느티나무 셀프BBQ,콜라 (단체)
2024-06-14,45,6,Summer,0,0,0,느티나무 셀프BBQ,콜라 (단체)
2024-06-15,25,6,Summer,1,0,1,느티나무 셀프BBQ,콜라 (단체)
2023-01-01,0,1,Winter,1,1,1,느티나무 셀프BBQ,햇반
2023-01-02,0,1,Winter,0,0,0,느티나무 셀프BBQ,햇반
2023-01-03,0,1,Winter,0,0,0,느티나무 셀프BBQ,햇반
2023-01-04,0,1,Winter,0,0,0,느티나무 셀프BBQ,햇반
2023-01-05,0,1,Winter,0,0,0,느티나무 셀프BBQ,햇반
2023-01-06,0,1,Winter,0,0,0,느티나무 셀프BBQ,햇반
2023-01-07,0,1,Winter,1,0,1,느티나무 셀프BBQ,햇반
2023-01-08,0,1,Winter,1,0,1,느티나무 셀프BBQ,햇반
2023-01-09,0,1,Winter,0,0,0,느티나무 셀프BBQ,햇반
2023-01-10,0,1,Winter,0,0,0,느티나무 셀프BBQ,햇반
2023-01-11,0,1,Winter,0,0,0,느티나무 셀프BBQ,햇반
2023-01-12,0,1,Winter,0,0,0,느티나무 셀프BBQ,햇반
2023-01-13,0,1,Winter,0,0,0,느티나무 셀프BBQ,햇반
2023-01-14,0,1,Winter,1,0,1,느티나무 셀프BBQ,햇반
2023-01-15,0,1,Winter,1,0,1,느티나무 셀프BBQ,햇반
2023-01-16,0,1,Winter,0,0,0,느티나무 셀프BBQ,햇반
2023-01-17,0,1,Winter,0,0,0,느티나무 셀프BBQ,햇반
2023-01-18,0,1,Winter,0,0,0,느티나무 셀프BBQ,햇반
2023-01-19,0,1,Winter,0,0,0,느티나무 셀프BBQ,햇반
2023-01-20,0,1,Winter,0,0,0,느티나무 셀프BBQ,햇반
2023-01-21,0,1,Winter,1,1,1,느티나무 셀프BBQ,햇반
2023-01-22,0,1,Winter,1,1,1,느티나무 셀프BBQ,햇반
2023-01-23,0,1,Winter,0,1,1,느티나무 셀프BBQ,햇반
2023-01-24,0,1,Winter,0,1,1,느티나무 셀프BBQ,햇반
2023-01-25,0,1,Winter,0,0,0,느티나무 셀프BBQ,햇반
2023-01-26,0,1,Winter,0,0,0,느티나무 셀프BBQ,햇반
2023-01-27,0,1,Winter,0,0,0,느티나무 셀프BBQ,햇반
2023-01-28,0,1,Winter,1,0,1,느티나무 셀프BBQ,햇반
2023-01-29,0,1,Winter,1,0,1,느티나무 셀프BBQ,햇반
2023-01-30,0,1,Winter,0,0,0,느티나무 셀프BBQ,햇반
2023-01-31,0,1,Winter,0,0,0,느티나무 셀프BBQ,햇반
2023-02-01,0,2,Winter,0,0,0,느티나무 셀프BBQ,햇반
2023-02-02,0,2,Winter,0,0,0,느티나무 셀프BBQ,햇반
2023-02-03,0,2,Winter,0,0,0,느티나무 셀프BBQ,햇반
2023-02-04,0,2,Winter,1,0,1,느티나무 셀프BBQ,햇반
2023-02-05,0,2,Winter,1,0,1,느티나무 셀프BBQ,햇반
2023-02-06,0,2,Winter,0,0,0,느티나무 셀프BBQ,햇반
2023-02-07,0,2,Winter,0,0,0,느티나무 셀프BBQ,햇반
2023-02-08,0,2,Winter,0,0,0,느티나무 셀프BBQ,햇반
2023-02-09,0,2,Winter,0,0,0,느티나무 셀프BBQ,햇반
2023-02-10,0,2,Winter,0,0,0,느티나무 셀프BBQ,햇반
2023-02-11,0,2,Winter,1,0,1,느티나무 셀프BBQ,햇반
2023-02-12,0,2,Winter,1,0,1,느티나무 셀프BBQ,햇반
2023-02-13,0,2,Winter,0,0,0,느티나무 셀프BBQ,햇반
2023-02-14,0,2,Winter,0,0,0,느티나무 셀프BBQ,햇반
2023-02-15,0,2,Winter,0,0,0,느티나무 셀프BBQ,햇반
2023-02-16,0,2,Winter,0,0,0,느티나무 셀프BBQ,햇반
2023-02-17,0,2,Winter,0,0,0,느티나무 셀프BBQ,햇반
2023-02-18,0,2,Winter,1,0,1,느티나무 셀프BBQ,햇반
2023-02-19,0,2,Winter,1,0,1,느티나무 셀프BBQ,햇반
2023-02-20,0,2,Winter,0,0,0,느티나무 셀프BBQ,햇반
2023-02-21,0,2,Winter,0,0,0,느티나무 셀프BBQ,햇반
2023-02-22,0,2,Winter,0,0,0,느티나무 셀프BBQ,햇반
2023-02-23,0,2,Winter,0,0,0,느티나무 셀프BBQ,햇반
2023-02-24,0,2,Winter,0,0,0,느티나무 셀프BBQ,햇반
2023-02-25,0,2,Winter,1,0,1,느티나무 셀프BBQ,햇반
2023-02-26,0,2,Winter,1,0,1,느티나무 셀프BBQ,햇반
2023-02-27,0,2,Winter,0,0,0,느티나무 셀프BBQ,햇반
2023-02-28,0,2,Winter,0,0,0,느티나무 셀프BBQ,햇반
2023-03-01,0,3,Spring,0,1,1,느티나무 셀프BBQ,햇반
2023-03-02,0,3,Spring,0,0,0,느티나무 셀프BBQ,햇반
2023-03-03,0,3,Spring,0,0,0,느티나무 셀프BBQ,햇반
2023-03-04,0,3,Spring,1,0,1,느티나무 셀프BBQ,햇반
2023-03-05,0,3,Spring,1,0,1,느티나무 셀프BBQ,햇반
2023-03-06,0,3,Spring,0,0,0,느티나무 셀프BBQ,햇반
2023-03-07,0,3,Spring,0,0,0,느티나무 셀프BBQ,햇반
2023-03-08,0,3,Spring,0,0,0,느티나무 셀프BBQ,햇반
2023-03-09,0,3,Spring,0,0,0,느티나무 셀프BBQ,햇반
2023-03-10,0,3,Spring,0,0,0,느티나무 셀프BBQ,햇반
2023-03-11,0,3,Spring,1,0,1,느티나무 셀프BBQ,햇반
2023-03-12,0,3,Spring,1,0,1,느티나무 셀프BBQ,햇반
2023-03-13,0,3,Spring,0,0,0,느티나무 셀프BBQ,햇반
2023-03-14,0,3,Spring,0,0,0,느티나무 셀프BBQ,햇반
2023-03-15,0,3,Spring,0,0,0,느티나무 셀프BBQ,햇반
2023-03-16,0,3,Spring,0,0,0,느티나무 셀프BBQ,햇반
2023-03-17,0,3,Spring,0,0,0,느티나무 셀프BBQ,햇반
2023-03-18,0,3,Spring,1,0,1,느티나무 셀프BBQ,햇반
2023-03-19,0,3,Spring,1,0,1,느티나무 셀프BBQ,햇반
2023-03-20,0,3,Spring,0,0,0,느티나무 셀프BBQ,햇반
2023-03-21,0,3,Spring,0,0,0,느티나무 셀프BBQ,햇반
2023-03-22,0,3,Spring,0,0,0,느티나무 셀프BBQ,햇반
2023-03-23,0,3,Spring,0,0,0,느티나무 셀프BBQ,햇반
2023-03-24,0,3,Spring,0,0,0,느티나무 셀프BBQ,햇반
2023-03-25,0,3,Spring,1,0,1,느티나무 셀프BBQ,햇반
2023-03-26,0,3,Spring,1,0,1,느티나무 셀프BBQ,햇반
2023-03-27,0,3,Spring,0,0,0,느티나무 셀프BBQ,햇반
2023-03-28,0,3,Spring,0,0,0,느티나무 셀프BBQ,햇반
2023-03-29,0,3,Spring,0,0,0,느티나무 셀프BBQ,햇반
2023-03-30,0,3,Spring,0,0,0,느티나무 셀프BBQ,햇반
2023-03-31,0,3,Spring,0,0,0,느티나무 셀프BBQ,햇반
2023-04-01,0,4,Spring,1,0,1,느티나무 셀프BBQ,햇반
2023-04-02,0,4,Spring,1,0,1,느티나무 셀프BBQ,햇반
2023-04-03,0,4,Spring,0,0,0,느티나무 셀프BBQ,햇반
2023-04-04,0,4,Spring,0,0,0,느티나무 셀프BBQ,햇반
2023-04-05,0,4,Spring,0,0,0,느티나무 셀프BBQ,햇반
2023-04-06,0,4,Spring,0,0,0,느티나무 셀프BBQ,햇반
2023-04-07,0,4,Spring,0,0,0,느티나무 셀프BBQ,햇반
2023-04-08,0,4,Spring,1,0,1,느티나무 셀프BBQ,햇반
2023-04-09,0,4,Spring,1,0,1,느티나무 셀프BBQ,햇반
2023-04-10,0,4,Spring,0,0,0,느티나무 셀프BBQ,햇반
2023-04-11,0,4,Spring,0,0,0,느티나무 셀프BBQ,햇반
2023-04-12,0,4,Spring,0,0,0,느티나무 셀프BBQ,햇반
2023-04-13,0,4,Spring,0,0,0,느티나무 셀프BBQ,햇반
2023-04-14,2,4,Spring,0,0,0,느티나무 셀프BBQ,햇반
2023-04-15,2,4,Spring,1,0,1,느티나무 셀프BBQ,햇반
2023-04-16,3,4,Spring,1,0,1,느티나무 셀프BBQ,햇반
2023-04-17,0,4,Spring,0,0,0,느티나무 셀프BBQ,햇반
2023-04-18,0,4,Spring,0,0,0,느티나무 셀프BBQ,햇반
2023-04-19,0,4,Spring,0,0,0,느티나무 셀프BBQ,햇반
2023-04-20,0,4,Spring,0,0,0,느티나무 셀프BBQ,햇반
2023-04-21,1,4,Spring,0,0,0,느티나무 셀프BBQ,햇반
2023-04-22,10,4,Spring,1,0,1,느티나무 셀프BBQ,햇반
2023-04-23,0,4,Spring,1,0,1,느티나무 셀프BBQ,햇반
2023-04-24,0,4,Spring,0,0,0,느티나무 셀프BBQ,햇반
2023-04-25,0,4,Spring,0,0,0,느티나무 셀프BBQ,햇반
2023-04-26,0,4,Spring,0,0,0,느티나무 셀프BBQ,햇반
2023-04-27,3,4,Spring,0,0,0,느티나무 셀프BBQ,햇반
2023-04-28,2,4,Spring,0,0,0,느티나무 셀프BBQ,햇반
2023-04-29,0,4,Spring,1,0,1,느티나무 셀프BBQ,햇반
2023-04-30,4,4,Spring,1,0,1,느티나무 셀프BBQ,햇반
2023-05-01,2,5,Spring,0,0,0,느티나무 셀프BBQ,햇반
2023-05-02,0,5,Spring,0,0,0,느티나무 셀프BBQ,햇반
2023-05-03,0,5,Spring,0,0,0,느티나무 셀프BBQ,햇반
2023-05-04,4,5,Spring,0,0,0,느티나무 셀프BBQ,햇반
2023-05-05,0,5,Spring,0,1,1,느티나무 셀프BBQ,햇반
2023-05-06,4,5,Spring,1,0,1,느티나무 셀프BBQ,햇반
2023-05-07,3,5,Spring,1,0,1,느티나무 셀프BBQ,햇반
2023-05-08,0,5,Spring,0,0,0,느티나무 셀프BBQ,햇반
2023-05-09,0,5,Spring,0,0,0,느티나무 셀프BBQ,햇반
2023-05-10,0,5,Spring,0,0,0,느티나무 셀프BBQ,햇반
2023-05-11,0,5,Spring,0,0,0,느티나무 셀프BBQ,햇반
2023-05-12,0,5,Spring,0,0,0,느티나무 셀프BBQ,햇반
2023-05-13,11,5,Spring,1,0,1,느티나무 셀프BBQ,햇반
2023-05-14,2,5,Spring,1,0,1,느티나무 셀프BBQ,햇반
2023-05-15,0,5,Spring,0,0,0,느티나무 셀프BBQ,햇반
2023-05-16,0,5,Spring,0,0,0,느티나무 셀프BBQ,햇반
2023-05-17,0,5,Spring,0,0,0,느티나무 셀프BBQ,햇반
2023-05-18,0,5,Spring,0,0,0,느티나무 셀프BBQ,햇반
2023-05-19,3,5,Spring,0,0,0,느티나무 셀프BBQ,햇반
2023-05-20,5,5,Spring,1,0,1,느티나무 셀프BBQ,햇반
2023-05-21,4,5,Spring,1,0,1,느티나무 셀프BBQ,햇반
2023-05-22,0,5,Spring,0,0,0,느티나무 셀프BBQ,햇반
2023-05-23,0,5,Spring,0,0,0,느티나무 셀프BBQ,햇반
2023-05-24,0,5,Spring,0,0,0,느티나무 셀프BBQ,햇반
2023-05-25,6,5,Spring,0,0,0,느티나무 셀프BBQ,햇반
2023-05-26,3,5,Spring,0,0,0,느티나무 셀프BBQ,햇반
2023-05-27,9,5,Spring,1,1,1,느티나무 셀프BBQ,햇반
2023-05-28,2,5,Spring,1,0,1,느티나무 셀프BBQ,햇반
2023-05-29,1,5,Spring,0,1,1,느티나무 셀프BBQ,햇반
2023-05-30,0,5,Spring,0,0,0,느티나무 셀프BBQ,햇반
2023-05-31,0,5,Spring,0,0,0,느티나무 셀프BBQ,햇반
2023-06-01,5,6,Summer,0,0,0,느티나무 셀프BBQ,햇반
2023-06-02,5,6,Summer,0,0,0,느티나무 셀프BBQ,햇반
2023-06-03,12,6,Summer,1,0,1,느티나무 셀프BBQ,햇반
2023-06-04,9,6,Summer,1,0,1,느티나무 셀프BBQ,햇반
2023-06-05,0,6,Summer,0,0,0,느티나무 셀프BBQ,햇반
2023-06-06,1,6,Summer,0,1,1,느티나무 셀프BBQ,햇반
2023-06-07,4,6,Summer,0,0,0,느티나무 셀프BBQ,햇반
2023-06-08,0,6,Summer,0,0,0,느티나무 셀프BBQ,햇반
2023-06-09,2,6,Summer,0,0,0,느티나무 셀프BBQ,햇반
2023-06-10,5,6,Summer,1,0,1,느티나무 셀프BBQ,햇반
2023-06-11,1,6,Summer,1,0,1,느티나무 셀프BBQ,햇반
2023-06-12,0,6,Summer,0,0,0,느티나무 셀프BBQ,햇반
2023-06-13,5,6,Summer,0,0,0,느티나무 셀프BBQ,햇반
2023-06-14,0,6,Summer,0,0,0,느티나무 셀프BBQ,햇반
2023-06-15,0,6,Summer,0,0,0,느티나무 셀프BBQ,햇반
2023-06-16,3,6,Summer,0,0,0,느티나무 셀프BBQ,햇반
2023-06-17,3,6,Summer,1,0,1,느티나무 셀프BBQ,햇반
2023-06-18,2,6,Summer,1,0,1,느티나무 셀프BBQ,햇반
2023-06-19,0,6,Summer,0,0,0,느티나무 셀프BBQ,햇반
2023-06-20,0,6,Summer,0,0,0,느티나무 셀프BBQ,햇반
2023-06-21,0,6,Summer,0,0,0,느티나무 셀프BBQ,햇반
2023-06-22,5,6,Summer,0,0,0,느티나무 셀프BBQ,햇반
2023-06-23,0,6,Summer,0,0,0,느티나무 셀프BBQ,햇반
2023-06-24,16,6,Summer,1,0,1,느티나무 셀프BBQ,햇반
2023-06-25,2,6,Summer,1,0,1,느티나무 셀프BBQ,햇반
2023-06-26,0,6,Summer,0,0,0,느티나무 셀프BBQ,햇반
2023-06-27,4,6,Summer,0,0,0,느티나무 셀프BBQ,햇반
2023-06-28,0,6,Summer,0,0,0,느티나무 셀프BBQ,햇반
2023-06-29,0,6,Summer,0,0,0,느티나무 셀프BBQ,햇반
2023-06-30,5,6,Summer,0,0,0,느티나무 셀프BBQ,햇반
2023-07-01,0,7,Summer,1,0,1,느티나무 셀프BBQ,햇반
2023-07-02,5,7,Summer,1,0,1,느티나무 셀프BBQ,햇반
2023-07-03,0,7,Summer,0,0,0,느티나무 셀프BBQ,햇반
2023-07-04,0,7,Summer,0,0,0,느티나무 셀프BBQ,햇반
2023-07-05,0,7,Summer,0,0,0,느티나무 셀프BBQ,햇반
2023-07-06,8,7,Summer,0,0,0,느티나무 셀프BBQ,햇반
2023-07-07,4,7,Summer,0,0,0,느티나무 셀프BBQ,햇반
2023-07-08,6,7,Summer,1,0,1,느티나무 셀프BBQ,햇반
2023-07-09,1,7,Summer,1,0,1,느티나무 셀프BBQ,햇반
2023-07-10,0,7,Summer,0,0,0,느티나무 셀프BBQ,햇반
2023-07-11,0,7,Summer,0,0,0,느티나무 셀프BBQ,햇반
2023-07-12,0,7,Summer,0,0,0,느티나무 셀프BBQ,햇반
2023-07-13,0,7,Summer,0,0,0,느티나무 셀프BBQ,햇반
2023-07-14,1,7,Summer,0,0,0,느티나무 셀프BBQ,햇반
2023-07-15,1,7,Summer,1,0,1,느티나무 셀프BBQ,햇반
2023-07-16,3,7,Summer,1,0,1,느티나무 셀프BBQ,햇반
2023-07-17,2,7,Summer,0,0,0,느티나무 셀프BBQ,햇반
2023-07-18,0,7,Summer,0,0,0,느티나무 셀프BBQ,햇반
2023-07-19,0,7,Summer,0,0,0,느티나무 셀프BBQ,햇반
2023-07-20,1,7,Summer,0,0,0,느티나무 셀프BBQ,햇반
2023-07-21,3,7,Summer,0,0,0,느티나무 셀프BBQ,햇반
2023-07-22,4,7,Summer,1,0,1,느티나무 셀프BBQ,햇반
2023-07-23,6,7,Summer,1,0,1,느티나무 셀프BBQ,햇반
2023-07-24,2,7,Summer,0,0,0,느티나무 셀프BBQ,햇반
2023-07-25,4,7,Summer,0,0,0,느티나무 셀프BBQ,햇반
2023-07-26,9,7,Summer,0,0,0,느티나무 셀프BBQ,햇반
2023-07-27,1,7,Summer,0,0,0,느티나무 셀프BBQ,햇반
2023-07-28,2,7,Summer,0,0,0,느티나무 셀프BBQ,햇반
2023-07-29,14,7,Summer,1,0,1,느티나무 셀프BBQ,햇반
2023-07-30,2,7,Summer,1,0,1,느티나무 셀프BBQ,햇반
2023-07-31,1,7,Summer,0,0,0,느티나무 셀프BBQ,햇반
2023-08-01,1,8,Summer,0,0,0,느티나무 셀프BBQ,햇반
2023-08-02,0,8,Summer,0,0,0,느티나무 셀프BBQ,햇반
2023-08-03,4,8,Summer,0,0,0,느티나무 셀프BBQ,햇반
2023-08-04,8,8,Summer,0,0,0,느티나무 셀프BBQ,햇반
2023-08-05,10,8,Summer,1,0,1,느티나무 셀프BBQ,햇반
2023-08-06,0,8,Summer,1,0,1,느티나무 셀프BBQ,햇반
2023-08-07,1,8,Summer,0,0,0,느티나무 셀프BBQ,햇반
2023-08-08,6,8,Summer,0,0,0,느티나무 셀프BBQ,햇반
2023-08-09,2,8,Summer,0,0,0,느티나무 셀프BBQ,햇반
2023-08-10,0,8,Summer,0,0,0,느티나무 셀프BBQ,햇반
2023-08-11,2,8,Summer,0,0,0,느티나무 셀프BBQ,햇반
2023-08-12,8,8,Summer,1,0,1,느티나무 셀프BBQ,햇반
2023-08-13,11,8,Summer,1,0,1,느티나무 셀프BBQ,햇반
2023-08-14,5,8,Summer,0,0,0,느티나무 셀프BBQ,햇반
2023-08-15,2,8,Summer,0,1,1,느티나무 셀프BBQ,햇반
2023-08-16,2,8,Summer,0,0,0,느티나무 셀프BBQ,햇반
2023-08-17,4,8,Summer,0,0,0,느티나무 셀프BBQ,햇반
2023-08-18,5,8,Summer,0,0,0,느티나무 셀프BBQ,햇반
2023-08-19,3,8,Summer,1,0,1,느티나무 셀프BBQ,햇반
2023-08-20,0,8,Summer,1,0,1,느티나무 셀프BBQ,햇반
2023-08-21,6,8,Summer,0,0,0,느티나무 셀프BBQ,햇반
2023-08-22,0,8,Summer,0,0,0,느티나무 셀프BBQ,햇반
2023-08-23,0,8,Summer,0,0,0,느티나무 셀프BBQ,햇반
2023-08-24,4,8,Summer,0,0,0,느티나무 셀프BBQ,햇반
2023-08-25,0,8,Summer,0,0,0,느티나무 셀프BBQ,햇반
2023-08-26,1,8,Summer,1,0,1,느티나무 셀프BBQ,햇반
2023-08-27,4,8,Summer,1,0,1,느티나무 셀프BBQ,햇반
2023-08-28,0,8,Summer,0,0,0,느티나무 셀프BBQ,햇반
2023-08-29,0,8,Summer,0,0,0,느티나무 셀프BBQ,햇반
2023-08-30,0,8,Summer,0,0,0,느티나무 셀프BBQ,햇반
2023-08-31,2,8,Summer,0,0,0,느티나무 셀프BBQ,햇반
2023-09-01,9,9,Autumn,0,0,0,느티나무 셀프BBQ,햇반
2023-09-02,12,9,Autumn,1,0,1,느티나무 셀프BBQ,햇반
2023-09-03,1,9,Autumn,1,0,1,느티나무 셀프BBQ,햇반
2023-09-04,0,9,Autumn,0,0,0,느티나무 셀프BBQ,햇반
2023-09-05,2,9,Autumn,0,0,0,느티나무 셀프BBQ,햇반
2023-09-06,0,9,Autumn,0,0,0,느티나무 셀프BBQ,햇반
2023-09-07,3,9,Autumn,0,0,0,느티나무 셀프BBQ,햇반
2023-09-08,10,9,Autumn,0,0,0,느티나무 셀프BBQ,햇반
2023-09-09,4,9,Autumn,1,0,1,느티나무 셀프BBQ,햇반
2023-09-10,11,9,Autumn,1,0,1,느티나무 셀프BBQ,햇반
2023-09-11,0,9,Autumn,0,0,0,느티나무 셀프BBQ,햇반
2023-09-12,0,9,Autumn,0,0,0,느티나무 셀프BBQ,햇반
2023-09-13,0,9,Autumn,0,0,0,느티나무 셀프BBQ,햇반
2023-09-14,3,9,Autumn,0,0,0,느티나무 셀프BBQ,햇반
2023-09-15,0,9,Autumn,0,0,0,느티나무 셀프BBQ,햇반
2023-09-16,3,9,Autumn,1,0,1,느티나무 셀프BBQ,햇반
2023-09-17,3,9,Autumn,1,0,1,느티나무 셀프BBQ,햇반
2023-09-18,0,9,Autumn,0,0,0,느티나무 셀프BBQ,햇반
2023-09-19,3,9,Autumn,0,0,0,느티나무 셀프BBQ,햇반
2023-09-20,0,9,Autumn,0,0,0,느티나무 셀프BBQ,햇반
2023-09-21,0,9,Autumn,0,0,0,느티나무 셀프BBQ,햇반
2023-09-22,0,9,Autumn,0,0,0,느티나무 셀프BBQ,햇반
2023-09-23,15,9,Autumn,1,0,1,느티나무 셀프BBQ,햇반
2023-09-24,8,9,Autumn,1,0,1,느티나무 셀프BBQ,햇반
2023-09-25,0,9,Autumn,0,0,0,느티나무 셀프BBQ,햇반
2023-09-26,2,9,Autumn,0,0,0,느티나무 셀프BBQ,햇반
2023-09-27,11,9,Autumn,0,0,0,느티나무 셀프BBQ,햇반
2023-09-28,7,9,Autumn,0,1,1,느티나무 셀프BBQ,햇반
2023-09-29,16,9,Autumn,0,1,1,느티나무 셀프BBQ,햇반
2023-09-30,11,9,Autumn,1,1,1,느티나무 셀프BBQ,햇반
2023-10-01,18,10,Autumn,1,0,1,느티나무 셀프BBQ,햇반
2023-10-02,4,10,Autumn,0,1,1,느티나무 셀프BBQ,햇반
2023-10-03,3,10,Autumn,0,1,1,느티나무 셀프BBQ,햇반
2023-10-04,0,10,Autumn,0,0,0,느티나무 셀프BBQ,햇반
2023-10-05,1,10,Autumn,0,0,0,느티나무 셀프BBQ,햇반
2023-10-06,0,10,Autumn,0,0,0,느티나무 셀프BBQ,햇반
2023-10-07,8,10,Autumn,1,0,1,느티나무 셀프BBQ,햇반
2023-10-08,11,10,Autumn,1,0,1,느티나무 셀프BBQ,햇반
2023-10-09,1,10,Autumn,0,1,1,느티나무 셀프BBQ,햇반
2023-10-10,2,10,Autumn,0,0,0,느티나무 셀프BBQ,햇반
2023-10-11,0,10,Autumn,0,0,0,느티나무 셀프BBQ,햇반
2023-10-12,1,10,Autumn,0,0,0,느티나무 셀프BBQ,햇반
2023-10-13,0,10,Autumn,0,0,0,느티나무 셀프BBQ,햇반
2023-10-14,13,10,Autumn,1,0,1,느티나무 셀프BBQ,햇반
2023-10-15,2,10,Autumn,1,0,1,느티나무 셀프BBQ,햇반
2023-10-16,0,10,Autumn,0,0,0,느티나무 셀프BBQ,햇반
2023-10-17,3,10,Autumn,0,0,0,느티나무 셀프BBQ,햇반
2023-10-18,0,10,Autumn,0,0,0,느티나무 셀프BBQ,햇반
2023-10-19,14,10,Autumn,0,0,0,느티나무 셀프BBQ,햇반
2023-10-20,5,10,Autumn,0,0,0,느티나무 셀프BBQ,햇반
2023-10-21,7,10,Autumn,1,0,1,느티나무 셀프BBQ,햇반
2023-10-22,4,10,Autumn,1,0,1,느티나무 셀프BBQ,햇반
2023-10-23,0,10,Autumn,0,0,0,느티나무 셀프BBQ,햇반
2023-10-24,0,10,Autumn,0,0,0,느티나무 셀프BBQ,햇반
2023-10-25,4,10,Autumn,0,0,0,느티나무 셀프BBQ,햇반
2023-10-26,0,10,Autumn,0,0,0,느티나무 셀프BBQ,햇반
2023-10-27,2,10,Autumn,0,0,0,느티나무 셀프BBQ,햇반
2023-10-28,4,10,Autumn,1,0,1,느티나무 셀프BBQ,햇반
2023-10-29,2,10,Autumn,1,0,1,느티나무 셀프BBQ,햇반
2023-10-30,0,10,Autumn,0,0,0,느티나무 셀프BBQ,햇반
2023-10-31,0,10,Autumn,0,0,0,느티나무 셀프BBQ,햇반
2023-11-01,0,11,Autumn,0,0,0,느티나무 셀프BBQ,햇반
2023-11-02,0,11,Autumn,0,0,0,느티나무 셀프BBQ,햇반
2023-11-03,5,11,Autumn,0,0,0,느티나무 셀프BBQ,햇반
2023-11-04,6,11,Autumn,1,0,1,느티나무 셀프BBQ,햇반
2023-11-05,2,11,Autumn,1,0,1,느티나무 셀프BBQ,햇반
2023-11-06,0,11,Autumn,0,0,0,느티나무 셀프BBQ,햇반
2023-11-07,4,11,Autumn,0,0,0,느티나무 셀프BBQ,햇반
2023-11-08,2,11,Autumn,0,0,0,느티나무 셀프BBQ,햇반
2023-11-09,0,11,Autumn,0,0,0,느티나무 셀프BBQ,햇반
2023-11-10,0,11,Autumn,0,0,0,느티나무 셀프BBQ,햇반
2023-11-11,1,11,Autumn,1,0,1,느티나무 셀프BBQ,햇반
2023-11-12,0,11,Autumn,1,0,1,느티나무 셀프BBQ,햇반
2023-11-13,0,11,Autumn,0,0,0,느티나무 셀프BBQ,햇반
2023-11-14,0,11,Autumn,0,0,0,느티나무 셀프BBQ,햇반
2023-11-15,0,11,Autumn,0,0,0,느티나무 셀프BBQ,햇반
2023-11-16,0,11,Autumn,0,0,0,느티나무 셀프BBQ,햇반
2023-11-17,0,11,Autumn,0,0,0,느티나무 셀프BBQ,햇반
2023-11-18,0,11,Autumn,1,0,1,느티나무 셀프BBQ,햇반
2023-11-19,1,11,Autumn,1,0,1,느티나무 셀프BBQ,햇반
2023-11-20,0,11,Autumn,0,0,0,느티나무 셀프BBQ,햇반
2023-11-21,1,11,Autumn,0,0,0,느티나무 셀프BBQ,햇반
2023-11-22,0,11,Autumn,0,0,0,느티나무 셀프BBQ,햇반
2023-11-23,0,11,Autumn,0,0,0,느티나무 셀프BBQ,햇반
2023-11-24,0,11,Autumn,0,0,0,느티나무 셀프BBQ,햇반
2023-11-25,3,11,Autumn,1,0,1,느티나무 셀프BBQ,햇반
2023-11-26,6,11,Autumn,1,0,1,느티나무 셀프BBQ,햇반
2023-11-27,0,11,Autumn,0,0,0,느티나무 셀프BBQ,햇반
2023-11-28,0,11,Autumn,0,0,0,느티나무 셀프BBQ,햇반
2023-11-29,0,11,Autumn,0,0,0,느티나무 셀프BBQ,햇반
2023-11-30,0,11,Autumn,0,0,0,느티나무 셀프BBQ,햇반
2023-12-01,0,12,Winter,0,0,0,느티나무 셀프BBQ,햇반
2023-12-02,0,12,Winter,1,0,1,느티나무 셀프BBQ,햇반
2023-12-03,0,12,Winter,1,0,1,느티나무 셀프BBQ,햇반
2023-12-04,0,12,Winter,0,0,0,느티나무 셀프BBQ,햇반
2023-12-05,0,12,Winter,0,0,0,느티나무 셀프BBQ,햇반
2023-12-06,0,12,Winter,0,0,0,느티나무 셀프BBQ,햇반
2023-12-07,0,12,Winter,0,0,0,느티나무 셀프BBQ,햇반
2023-12-08,0,12,Winter,0,0,0,느티나무 셀프BBQ,햇반
2023-12-09,0,12,Winter,1,0,1,느티나무 셀프BBQ,햇반
2023-12-10,2,12,Winter,1,0,1,느티나무 셀프BBQ,햇반
2023-12-11,2,12,Winter,0,0,0,느티나무 셀프BBQ,햇반
2023-12-12,0,12,Winter,0,0,0,느티나무 셀프BBQ,햇반
2023-12-13,0,12,Winter,0,0,0,느티나무 셀프BBQ,햇반
2023-12-14,0,12,Winter,0,0,0,느티나무 셀프BBQ,햇반
2023-12-15,0,12,Winter,0,0,0,느티나무 셀프BBQ,햇반
2023-12-16,0,12,Winter,1,0,1,느티나무 셀프BBQ,햇반
2023-12-17,0,12,Winter,1,0,1,느티나무 셀프BBQ,햇반
2023-12-18,0,12,Winter,0,0,0,느티나무 셀프BBQ,햇반
2023-12-19,0,12,Winter,0,0,0,느티나무 셀프BBQ,햇반
2023-12-20,1,12,Winter,0,0,0,느티나무 셀프BBQ,햇반
2023-12-21,0,12,Winter,0,0,0,느티나무 셀프BBQ,햇반
2023-12-22,0,12,Winter,0,0,0,느티나무 셀프BBQ,햇반
2023-12-23,1,12,Winter,1,0,1,느티나무 셀프BBQ,햇반
2023-12-24,1,12,Winter,1,0,1,느티나무 셀프BBQ,햇반
2023-12-25,3,12,Winter,0,1,1,느티나무 셀프BBQ,햇반
2023-12-26,0,12,Winter,0,0,0,느티나무 셀프BBQ,햇반
2023-12-27,2,12,Winter,0,0,0,느티나무 셀프BBQ,햇반
2023-12-28,0,12,Winter,0,0,0,느티나무 셀프BBQ,햇반
2023-12-29,0,12,Winter,0,0,0,느티나무 셀프BBQ,햇반
2023-12-30,2,12,Winter,1,0,1,느티나무 셀프BBQ,햇반
2023-12-31,1,12,Winter,1,0,1,느티나무 셀프BBQ,햇반
2024-01-01,0,1,Winter,0,1,1,느티나무 셀프BBQ,햇반
2024-01-02,0,1,Winter,0,0,0,느티나무 셀프BBQ,햇반
2024-01-03,0,1,Winter,0,0,0,느티나무 셀프BBQ,햇반
2024-01-04,0,1,Winter,0,0,0,느티나무 셀프BBQ,햇반
2024-01-05,0,1,Winter,0,0,0,느티나무 셀프BBQ,햇반
2024-01-06,0,1,Winter,1,0,1,느티나무 셀프BBQ,햇반
2024-01-07,4,1,Winter,1,0,1,느티나무 셀프BBQ,햇반
2024-01-08,3,1,Winter,0,0,0,느티나무 셀프BBQ,햇반
2024-01-09,0,1,Winter,0,0,0,느티나무 셀프BBQ,햇반
2024-01-10,0,1,Winter,0,0,0,느티나무 셀프BBQ,햇반
2024-01-11,1,1,Winter,0,0,0,느티나무 셀프BBQ,햇반
2024-01-12,0,1,Winter,0,0,0,느티나무 셀프BBQ,햇반
2024-01-13,2,1,Winter,1,0,1,느티나무 셀프BBQ,햇반
2024-01-14,2,1,Winter,1,0,1,느티나무 셀프BBQ,햇반
2024-01-15,0,1,Winter,0,0,0,느티나무 셀프BBQ,햇반
2024-01-16,0,1,Winter,0,0,0,느티나무 셀프BBQ,햇반
2024-01-17,0,1,Winter,0,0,0,느티나무 셀프BBQ,햇반
2024-01-18,0,1,Winter,0,0,0,느티나무 셀프BBQ,햇반
2024-01-19,0,1,Winter,0,0,0,느티나무 셀프BBQ,햇반
2024-01-20,1,1,Winter,1,0,1,느티나무 셀프BBQ,햇반
2024-01-21,0,1,Winter,1,0,1,느티나무 셀프BBQ,햇반
2024-01-22,0,1,Winter,0,0,0,느티나무 셀프BBQ,햇반
2024-01-23,0,1,Winter,0,0,0,느티나무 셀프BBQ,햇반
2024-01-24,0,1,Winter,0,0,0,느티나무 셀프BBQ,햇반
2024-01-25,0,1,Winter,0,0,0,느티나무 셀프BBQ,햇반
2024-01-26,0,1,Winter,0,0,0,느티나무 셀프BBQ,햇반
2024-01-27,0,1,Winter,1,0,1,느티나무 셀프BBQ,햇반
2024-01-28,0,1,Winter,1,0,1,느티나무 셀프BBQ,햇반
2024-01-29,2,1,Winter,0,0,0,느티나무 셀프BBQ,햇반
2024-01-30,0,1,Winter,0,0,0,느티나무 셀프BBQ,햇반
2024-01-31,4,1,Winter,0,0,0,느티나무 셀프BBQ,햇반
2024-02-01,0,2,Winter,0,0,0,느티나무 셀프BBQ,햇반
2024-02-02,0,2,Winter,0,0,0,느티나무 셀프BBQ,햇반
2024-02-03,0,2,Winter,1,0,1,느티나무 셀프BBQ,햇반
2024-02-04,3,2,Winter,1,0,1,느티나무 셀프BBQ,햇반
2024-02-05,6,2,Winter,0,0,0,느티나무 셀프BBQ,햇반
2024-02-06,2,2,Winter,0,0,0,느티나무 셀프BBQ,햇반
2024-02-07,1,2,Winter,0,0,0,느티나무 셀프BBQ,햇반
2024-02-08,2,2,Winter,0,0,0,느티나무 셀프BBQ,햇반
2024-02-09,0,2,Winter,0,1,1,느티나무 셀프BBQ,햇반
2024-02-10,1,2,Winter,1,1,1,느티나무 셀프BBQ,햇반
2024-02-11,0,2,Winter,1,1,1,느티나무 셀프BBQ,햇반
2024-02-12,0,2,Winter,0,1,1,느티나무 셀프BBQ,햇반
2024-02-13,0,2,Winter,0,0,0,느티나무 셀프BBQ,햇반
2024-02-14,0,2,Winter,0,0,0,느티나무 셀프BBQ,햇반
2024-02-15,3,2,Winter,0,0,0,느티나무 셀프BBQ,햇반
2024-02-16,0,2,Winter,0,0,0,느티나무 셀프BBQ,햇반
2024-02-17,0,2,Winter,1,0,1,느티나무 셀프BBQ,햇반
2024-02-18,0,2,Winter,1,0,1,느티나무 셀프BBQ,햇반
2024-02-19,0,2,Winter,0,0,0,느티나무 셀프BBQ,햇반
2024-02-20,2,2,Winter,0,0,0,느티나무 셀프BBQ,햇반
2024-02-21,0,2,Winter,0,0,0,느티나무 셀프BBQ,햇반
2024-02-22,0,2,Winter,0,0,0,느티나무 셀프BBQ,햇반
2024-02-23,0,2,Winter,0,0,0,느티나무 셀프BBQ,햇반
2024-02-24,0,2,Winter,1,0,1,느티나무 셀프BBQ,햇반
2024-02-25,1,2,Winter,1,0,1,느티나무 셀프BBQ,햇반
2024-02-26,1,2,Winter,0,0,0,느티나무 셀프BBQ,햇반
2024-02-27,0,2,Winter,0,0,0,느티나무 셀프BBQ,햇반
2024-02-28,0,2,Winter,0,0,0,느티나무 셀프BBQ,햇반
2024-02-29,0,2,Winter,0,0,0,느티나무 셀프BBQ,햇반
2024-03-01,0,3,Spring,0,1,1,느티나무 셀프BBQ,햇반
2024-03-02,0,3,Spring,1,0,1,느티나무 셀프BBQ,햇반
2024-03-03,0,3,Spring,1,0,1,느티나무 셀프BBQ,햇반
2024-03-04,0,3,Spring,0,0,0,느티나무 셀프BBQ,햇반
2024-03-05,0,3,Spring,0,0,0,느티나무 셀프BBQ,햇반
2024-03-06,0,3,Spring,0,0,0,느티나무 셀프BBQ,햇반
2024-03-07,0,3,Spring,0,0,0,느티나무 셀프BBQ,햇반
2024-03-08,0,3,Spring,0,0,0,느티나무 셀프BBQ,햇반
2024-03-09,0,3,Spring,1,0,1,느티나무 셀프BBQ,햇반
2024-03-10,0,3,Spring,1,0,1,느티나무 셀프BBQ,햇반
2024-03-11,0,3,Spring,0,0,0,느티나무 셀프BBQ,햇반
2024-03-12,0,3,Spring,0,0,0,느티나무 셀프BBQ,햇반
2024-03-13,0,3,Spring,0,0,0,느티나무 셀프BBQ,햇반
2024-03-14,2,3,Spring,0,0,0,느티나무 셀프BBQ,햇반
2024-03-15,5,3,Spring,0,0,0,느티나무 셀프BBQ,햇반
2024-03-16,0,3,Spring,1,0,1,느티나무 셀프BBQ,햇반
2024-03-17,1,3,Spring,1,0,1,느티나무 셀프BBQ,햇반
2024-03-18,0,3,Spring,0,0,0,느티나무 셀프BBQ,햇반
2024-03-19,2,3,Spring,0,0,0,느티나무 셀프BBQ,햇반
2024-03-20,0,3,Spring,0,0,0,느티나무 셀프BBQ,햇반
2024-03-21,0,3,Spring,0,0,0,느티나무 셀프BBQ,햇반
2024-03-22,1,3,Spring,0,0,0,느티나무 셀프BBQ,햇반
2024-03-23,0,3,Spring,1,0,1,느티나무 셀프BBQ,햇반
2024-03-24,2,3,Spring,1,0,1,느티나무 셀프BBQ,햇반
2024-03-25,0,3,Spring,0,0,0,느티나무 셀프BBQ,햇반
2024-03-26,0,3,Spring,0,0,0,느티나무 셀프BBQ,햇반
2024-03-27,2,3,Spring,0,0,0,느티나무 셀프BBQ,햇반
2024-03-28,0,3,Spring,0,0,0,느티나무 셀프BBQ,햇반
2024-03-29,3,3,Spring,0,0,0,느티나무 셀프BBQ,햇반
2024-03-30,4,3,Spring,1,0,1,느티나무 셀프BBQ,햇반
2024-03-31,1,3,Spring,1,0,1,느티나무 셀프BBQ,햇반
2024-04-01,0,4,Spring,0,0,0,느티나무 셀프BBQ,햇반
2024-04-02,0,4,Spring,0,0,0,느티나무 셀프BBQ,햇반
2024-04-03,0,4,Spring,0,0,0,느티나무 셀프BBQ,햇반
2024-04-04,0,4,Spring,0,0,0,느티나무 셀프BBQ,햇반
2024-04-05,2,4,Spring,0,0,0,느티나무 셀프BBQ,햇반
2024-04-06,2,4,Spring,1,0,1,느티나무 셀프BBQ,햇반
2024-04-07,0,4,Spring,1,0,1,느티나무 셀프BBQ,햇반
2024-04-08,0,4,Spring,0,0,0,느티나무 셀프BBQ,햇반
2024-04-09,5,4,Spring,0,0,0,느티나무 셀프BBQ,햇반
2024-04-10,3,4,Spring,0,1,1,느티나무 셀프BBQ,햇반
2024-04-11,3,4,Spring,0,0,0,느티나무 셀프BBQ,햇반
2024-04-12,0,4,Spring,0,0,0,느티나무 셀프BBQ,햇반
2024-04-13,0,4,Spring,1,0,1,느티나무 셀프BBQ,햇반
2024-04-14,0,4,Spring,1,0,1,느티나무 셀프BBQ,햇반
2024-04-15,0,4,Spring,0,0,0,느티나무 셀프BBQ,햇반
2024-04-16,1,4,Spring,0,0,0,느티나무 셀프BBQ,햇반
2024-04-17,3,4,Spring,0,0,0,느티나무 셀프BBQ,햇반
2024-04-18,0,4,Spring,0,0,0,느티나무 셀프BBQ,햇반
2024-04-19,0,4,Spring,0,0,0,느티나무 셀프BBQ,햇반
2024-04-20,9,4,Spring,1,0,1,느티나무 셀프BBQ,햇반
2024-04-21,0,4,Spring,1,0,1,느티나무 셀프BBQ,햇반
2024-04-22,0,4,Spring,0,0,0,느티나무 셀프BBQ,햇반
2024-04-23,0,4,Spring,0,0,0,느티나무 셀프BBQ,햇반
2024-04-24,3,4,Spring,0,0,0,느티나무 셀프BBQ,햇반
2024-04-25,2,4,Spring,0,0,0,느티나무 셀프BBQ,햇반
2024-04-26,0,4,Spring,0,0,0,느티나무 셀프BBQ,햇반
2024-04-27,4,4,Spring,1,0,1,느티나무 셀프BBQ,햇반
2024-04-28,8,4,Spring,1,0,1,느티나무 셀프BBQ,햇반
2024-04-29,0,4,Spring,0,0,0,느티나무 셀프BBQ,햇반
2024-04-30,0,4,Spring,0,0,0,느티나무 셀프BBQ,햇반
2024-05-01,3,5,Spring,0,0,0,느티나무 셀프BBQ,햇반
2024-05-02,0,5,Spring,0,0,0,느티나무 셀프BBQ,햇반
2024-05-03,9,5,Spring,0,0,0,느티나무 셀프BBQ,햇반
2024-05-04,19,5,Spring,1,0,1,느티나무 셀프BBQ,햇반
2024-05-05,0,5,Spring,1,1,1,느티나무 셀프BBQ,햇반
2024-05-06,0,5,Spring,0,1,1,느티나무 셀프BBQ,햇반
2024-05-07,0,5,Spring,0,0,0,느티나무 셀프BBQ,햇반
2024-05-08,0,5,Spring,0,0,0,느티나무 셀프BBQ,햇반
2024-05-09,0,5,Spring,0,0,0,느티나무 셀프BBQ,햇반
2024-05-10,0,5,Spring,0,0,0,느티나무 셀프BBQ,햇반
2024-05-11,13,5,Spring,1,0,1,느티나무 셀프BBQ,햇반
2024-05-12,4,5,Spring,1,0,1,느티나무 셀프BBQ,햇반
2024-05-13,0,5,Spring,0,0,0,느티나무 셀프BBQ,햇반
2024-05-14,4,5,Spring,0,0,0,느티나무 셀프BBQ,햇반
2024-05-15,3,5,Spring,0,1,1,느티나무 셀프BBQ,햇반
2024-05-16,3,5,Spring,0,0,0,느티나무 셀프BBQ,햇반
2024-05-17,11,5,Spring,0,0,0,느티나무 셀프BBQ,햇반
2024-05-18,3,5,Spring,1,0,1,느티나무 셀프BBQ,햇반
2024-05-19,2,5,Spring,1,0,1,느티나무 셀프BBQ,햇반
2024-05-20,0,5,Spring,0,0,0,느티나무 셀프BBQ,햇반
2024-05-21,2,5,Spring,0,0,0,느티나무 셀프BBQ,햇반
2024-05-22,0,5,Spring,0,0,0,느티나무 셀프BBQ,햇반
2024-05-23,0,5,Spring,0,0,0,느티나무 셀프BBQ,햇반
2024-05-24,2,5,Spring,0,0,0,느티나무 셀프BBQ,햇반
2024-05-25,0,5,Spring,1,0,1,느티나무 셀프BBQ,햇반
2024-05-26,7,5,Spring,1,0,1,느티나무 셀프BBQ,햇반
2024-05-27,0,5,Spring,0,0,0,느티나무 셀프BBQ,햇반
2024-05-28,2,5,Spring,0,0,0,느티나무 셀프BBQ,햇반
2024-05-29,0,5,Spring,0,0,0,느티나무 셀프BBQ,햇반
2024-05-30,7,5,Spring,0,0,0,느티나무 셀프BBQ,햇반
2024-05-31,2,5,Spring,0,0,0,느티나무 셀프BBQ,햇반
2024-06-01,10,6,Summer,1,0,1,느티나무 셀프BBQ,햇반
2024-06-02,3,6,Summer,1,0,1,느티나무 셀프BBQ,햇반
2024-06-03,0,6,Summer,0,0,0,느티나무 셀프BBQ,햇반
2024-06-04,0,6,Summer,0,0,0,느티나무 셀프BBQ,햇반
2024-06-05,4,6,Summer,0,0,0,느티나무 셀프BBQ,햇반
2024-06-06,6,6,Summer,0,1,1,느티나무 셀프BBQ,햇반
2024-06-07,0,6,Summer,0,0,0,느티나무 셀프BBQ,햇반
2024-06-08,0,6,Summer,1,0,1,느티나무 셀프BBQ,햇반
2024-06-09,0,6,Summer,1,0,1,느티나무 셀프BBQ,햇반
2024-06-10,0,6,Summer,0,0,0,느티나무 셀프BBQ,햇반
2024-06-11,0,6,Summer,0,0,0,느티나무 셀프BBQ,햇반
2024-06-12,0,6,Summer,0,0,0,느티나무 셀프BBQ,햇반
2024-06-13,2,6,Summer,0,0,0,느티나무 셀프BBQ,햇반
2024-06-14,8,6,Summer,0,0,0,느티나무 셀프BBQ,햇반
2024-06-15,0,6,Summer,1,0,1,느티나무 셀프BBQ,햇반
2023-01-01,0,1,Winter,1,1,1,느티나무 셀프BBQ,허브솔트
2023-01-02,0,1,Winter,0,0,0,느티나무 셀프BBQ,허브솔트
2023-01-03,0,1,Winter,0,0,0,느티나무 셀프BBQ,허브솔트
2023-01-04,0,1,Winter,0,0,0,느티나무 셀프BBQ,허브솔트
2023-01-05,0,1,Winter,0,0,0,느티나무 셀프BBQ,허브솔트
2023-01-06,0,1,Winter,0,0,0,느티나무 셀프BBQ,허브솔트
2023-01-07,0,1,Winter,1,0,1,느티나무 셀프BBQ,허브솔트
2023-01-08,0,1,Winter,1,0,1,느티나무 셀프BBQ,허브솔트
2023-01-09,0,1,Winter,0,0,0,느티나무 셀프BBQ,허브솔트
2023-01-10,0,1,Winter,0,0,0,느티나무 셀프BBQ,허브솔트
2023-01-11,0,1,Winter,0,0,0,느티나무 셀프BBQ,허브솔트
2023-01-12,0,1,Winter,0,0,0,느티나무 셀프BBQ,허브솔트
2023-01-13,0,1,Winter,0,0,0,느티나무 셀프BBQ,허브솔트
2023-01-14,0,1,Winter,1,0,1,느티나무 셀프BBQ,허브솔트
2023-01-15,0,1,Winter,1,0,1,느티나무 셀프BBQ,허브솔트
2023-01-16,0,1,Winter,0,0,0,느티나무 셀프BBQ,허브솔트
2023-01-17,0,1,Winter,0,0,0,느티나무 셀프BBQ,허브솔트
2023-01-18,0,1,Winter,0,0,0,느티나무 셀프BBQ,허브솔트
2023-01-19,0,1,Winter,0,0,0,느티나무 셀프BBQ,허브솔트
2023-01-20,0,1,Winter,0,0,0,느티나무 셀프BBQ,허브솔트
2023-01-21,0,1,Winter,1,1,1,느티나무 셀프BBQ,허브솔트
2023-01-22,0,1,Winter,1,1,1,느티나무 셀프BBQ,허브솔트
2023-01-23,0,1,Winter,0,1,1,느티나무 셀프BBQ,허브솔트
2023-01-24,0,1,Winter,0,1,1,느티나무 셀프BBQ,허브솔트
2023-01-25,0,1,Winter,0,0,0,느티나무 셀프BBQ,허브솔트
2023-01-26,0,1,Winter,0,0,0,느티나무 셀프BBQ,허브솔트
2023-01-27,0,1,Winter,0,0,0,느티나무 셀프BBQ,허브솔트
2023-01-28,0,1,Winter,1,0,1,느티나무 셀프BBQ,허브솔트
2023-01-29,0,1,Winter,1,0,1,느티나무 셀프BBQ,허브솔트
2023-01-30,0,1,Winter,0,0,0,느티나무 셀프BBQ,허브솔트
2023-01-31,0,1,Winter,0,0,0,느티나무 셀프BBQ,허브솔트
2023-02-01,0,2,Winter,0,0,0,느티나무 셀프BBQ,허브솔트
2023-02-02,0,2,Winter,0,0,0,느티나무 셀프BBQ,허브솔트
2023-02-03,0,2,Winter,0,0,0,느티나무 셀프BBQ,허브솔트
2023-02-04,0,2,Winter,1,0,1,느티나무 셀프BBQ,허브솔트
2023-02-05,0,2,Winter,1,0,1,느티나무 셀프BBQ,허브솔트
2023-02-06,0,2,Winter,0,0,0,느티나무 셀프BBQ,허브솔트
2023-02-07,0,2,Winter,0,0,0,느티나무 셀프BBQ,허브솔트
2023-02-08,0,2,Winter,0,0,0,느티나무 셀프BBQ,허브솔트
2023-02-09,0,2,Winter,0,0,0,느티나무 셀프BBQ,허브솔트
2023-02-10,0,2,Winter,0,0,0,느티나무 셀프BBQ,허브솔트
2023-02-11,0,2,Winter,1,0,1,느티나무 셀프BBQ,허브솔트
2023-02-12,0,2,Winter,1,0,1,느티나무 셀프BBQ,허브솔트
2023-02-13,0,2,Winter,0,0,0,느티나무 셀프BBQ,허브솔트
2023-02-14,0,2,Winter,0,0,0,느티나무 셀프BBQ,허브솔트
2023-02-15,0,2,Winter,0,0,0,느티나무 셀프BBQ,허브솔트
2023-02-16,0,2,Winter,0,0,0,느티나무 셀프BBQ,허브솔트
2023-02-17,0,2,Winter,0,0,0,느티나무 셀프BBQ,허브솔트
2023-02-18,0,2,Winter,1,0,1,느티나무 셀프BBQ,허브솔트
2023-02-19,0,2,Winter,1,0,1,느티나무 셀프BBQ,허브솔트
2023-02-20,0,2,Winter,0,0,0,느티나무 셀프BBQ,허브솔트
2023-02-21,0,2,Winter,0,0,0,느티나무 셀프BBQ,허브솔트
2023-02-22,0,2,Winter,0,0,0,느티나무 셀프BBQ,허브솔트
2023-02-23,0,2,Winter,0,0,0,느티나무 셀프BBQ,허브솔트
2023-02-24,0,2,Winter,0,0,0,느티나무 셀프BBQ,허브솔트
2023-02-25,0,2,Winter,1,0,1,느티나무 셀프BBQ,허브솔트
2023-02-26,0,2,Winter,1,0,1,느티나무 셀프BBQ,허브솔트
2023-02-27,0,2,Winter,0,0,0,느티나무 셀프BBQ,허브솔트
2023-02-28,0,2,Winter,0,0,0,느티나무 셀프BBQ,허브솔트
2023-03-01,0,3,Spring,0,1,1,느티나무 셀프BBQ,허브솔트
2023-03-02,0,3,Spring,0,0,0,느티나무 셀프BBQ,허브솔트
2023-03-03,0,3,Spring,0,0,0,느티나무 셀프BBQ,허브솔트
2023-03-04,0,3,Spring,1,0,1,느티나무 셀프BBQ,허브솔트
2023-03-05,0,3,Spring,1,0,1,느티나무 셀프BBQ,허브솔트
2023-03-06,0,3,Spring,0,0,0,느티나무 셀프BBQ,허브솔트
2023-03-07,0,3,Spring,0,0,0,느티나무 셀프BBQ,허브솔트
2023-03-08,0,3,Spring,0,0,0,느티나무 셀프BBQ,허브솔트
2023-03-09,0,3,Spring,0,0,0,느티나무 셀프BBQ,허브솔트
2023-03-10,0,3,Spring,0,0,0,느티나무 셀프BBQ,허브솔트
2023-03-11,0,3,Spring,1,0,1,느티나무 셀프BBQ,허브솔트
2023-03-12,0,3,Spring,1,0,1,느티나무 셀프BBQ,허브솔트
2023-03-13,0,3,Spring,0,0,0,느티나무 셀프BBQ,허브솔트
2023-03-14,0,3,Spring,0,0,0,느티나무 셀프BBQ,허브솔트
2023-03-15,0,3,Spring,0,0,0,느티나무 셀프BBQ,허브솔트
2023-03-16,0,3,Spring,0,0,0,느티나무 셀프BBQ,허브솔트
2023-03-17,0,3,Spring,0,0,0,느티나무 셀프BBQ,허브솔트
2023-03-18,0,3,Spring,1,0,1,느티나무 셀프BBQ,허브솔트
2023-03-19,0,3,Spring,1,0,1,느티나무 셀프BBQ,허브솔트
2023-03-20,0,3,Spring,0,0,0,느티나무 셀프BBQ,허브솔트
2023-03-21,0,3,Spring,0,0,0,느티나무 셀프BBQ,허브솔트
2023-03-22,0,3,Spring,0,0,0,느티나무 셀프BBQ,허브솔트
2023-03-23,0,3,Spring,0,0,0,느티나무 셀프BBQ,허브솔트
2023-03-24,0,3,Spring,0,0,0,느티나무 셀프BBQ,허브솔트
2023-03-25,0,3,Spring,1,0,1,느티나무 셀프BBQ,허브솔트
2023-03-26,0,3,Spring,1,0,1,느티나무 셀프BBQ,허브솔트
2023-03-27,0,3,Spring,0,0,0,느티나무 셀프BBQ,허브솔트
2023-03-28,0,3,Spring,0,0,0,느티나무 셀프BBQ,허브솔트
2023-03-29,0,3,Spring,0,0,0,느티나무 셀프BBQ,허브솔트
2023-03-30,0,3,Spring,0,0,0,느티나무 셀프BBQ,허브솔트
2023-03-31,0,3,Spring,0,0,0,느티나무 셀프BBQ,허브솔트
2023-04-01,0,4,Spring,1,0,1,느티나무 셀프BBQ,허브솔트
2023-04-02,0,4,Spring,1,0,1,느티나무 셀프BBQ,허브솔트
2023-04-03,0,4,Spring,0,0,0,느티나무 셀프BBQ,허브솔트
2023-04-04,0,4,Spring,0,0,0,느티나무 셀프BBQ,허브솔트
2023-04-05,0,4,Spring,0,0,0,느티나무 셀프BBQ,허브솔트
2023-04-06,0,4,Spring,0,0,0,느티나무 셀프BBQ,허브솔트
2023-04-07,0,4,Spring,0,0,0,느티나무 셀프BBQ,허브솔트
2023-04-08,0,4,Spring,1,0,1,느티나무 셀프BBQ,허브솔트
2023-04-09,0,4,Spring,1,0,1,느티나무 셀프BBQ,허브솔트
2023-04-10,0,4,Spring,0,0,0,느티나무 셀프BBQ,허브솔트
2023-04-11,0,4,Spring,0,0,0,느티나무 셀프BBQ,허브솔트
2023-04-12,0,4,Spring,0,0,0,느티나무 셀프BBQ,허브솔트
2023-04-13,0,4,Spring,0,0,0,느티나무 셀프BBQ,허브솔트
2023-04-14,1,4,Spring,0,0,0,느티나무 셀프BBQ,허브솔트
2023-04-15,1,4,Spring,1,0,1,느티나무 셀프BBQ,허브솔트
2023-04-16,0,4,Spring,1,0,1,느티나무 셀프BBQ,허브솔트
2023-04-17,0,4,Spring,0,0,0,느티나무 셀프BBQ,허브솔트
2023-04-18,2,4,Spring,0,0,0,느티나무 셀프BBQ,허브솔트
2023-04-19,0,4,Spring,0,0,0,느티나무 셀프BBQ,허브솔트
2023-04-20,0,4,Spring,0,0,0,느티나무 셀프BBQ,허브솔트
2023-04-21,1,4,Spring,0,0,0,느티나무 셀프BBQ,허브솔트
2023-04-22,3,4,Spring,1,0,1,느티나무 셀프BBQ,허브솔트
2023-04-23,1,4,Spring,1,0,1,느티나무 셀프BBQ,허브솔트
2023-04-24,0,4,Spring,0,0,0,느티나무 셀프BBQ,허브솔트
2023-04-25,0,4,Spring,0,0,0,느티나무 셀프BBQ,허브솔트
2023-04-26,0,4,Spring,0,0,0,느티나무 셀프BBQ,허브솔트
2023-04-27,0,4,Spring,0,0,0,느티나무 셀프BBQ,허브솔트
2023-04-28,2,4,Spring,0,0,0,느티나무 셀프BBQ,허브솔트
2023-04-29,1,4,Spring,1,0,1,느티나무 셀프BBQ,허브솔트
2023-04-30,0,4,Spring,1,0,1,느티나무 셀프BBQ,허브솔트
2023-05-01,0,5,Spring,0,0,0,느티나무 셀프BBQ,허브솔트
2023-05-02,0,5,Spring,0,0,0,느티나무 셀프BBQ,허브솔트
2023-05-03,0,5,Spring,0,0,0,느티나무 셀프BBQ,허브솔트
2023-05-04,0,5,Spring,0,0,0,느티나무 셀프BBQ,허브솔트
2023-05-05,3,5,Spring,0,1,1,느티나무 셀프BBQ,허브솔트
2023-05-06,0,5,Spring,1,0,1,느티나무 셀프BBQ,허브솔트
2023-05-07,1,5,Spring,1,0,1,느티나무 셀프BBQ,허브솔트
2023-05-08,0,5,Spring,0,0,0,느티나무 셀프BBQ,허브솔트
2023-05-09,0,5,Spring,0,0,0,느티나무 셀프BBQ,허브솔트
2023-05-10,0,5,Spring,0,0,0,느티나무 셀프BBQ,허브솔트
2023-05-11,0,5,Spring,0,0,0,느티나무 셀프BBQ,허브솔트
2023-05-12,1,5,Spring,0,0,0,느티나무 셀프BBQ,허브솔트
2023-05-13,0,5,Spring,1,0,1,느티나무 셀프BBQ,허브솔트
2023-05-14,1,5,Spring,1,0,1,느티나무 셀프BBQ,허브솔트
2023-05-15,0,5,Spring,0,0,0,느티나무 셀프BBQ,허브솔트
2023-05-16,0,5,Spring,0,0,0,느티나무 셀프BBQ,허브솔트
2023-05-17,0,5,Spring,0,0,0,느티나무 셀프BBQ,허브솔트
2023-05-18,0,5,Spring,0,0,0,느티나무 셀프BBQ,허브솔트
2023-05-19,2,5,Spring,0,0,0,느티나무 셀프BBQ,허브솔트
2023-05-20,2,5,Spring,1,0,1,느티나무 셀프BBQ,허브솔트
2023-05-21,1,5,Spring,1,0,1,느티나무 셀프BBQ,허브솔트
2023-05-22,0,5,Spring,0,0,0,느티나무 셀프BBQ,허브솔트
2023-05-23,0,5,Spring,0,0,0,느티나무 셀프BBQ,허브솔트
2023-05-24,1,5,Spring,0,0,0,느티나무 셀프BBQ,허브솔트
2023-05-25,1,5,Spring,0,0,0,느티나무 셀프BBQ,허브솔트
2023-05-26,2,5,Spring,0,0,0,느티나무 셀프BBQ,허브솔트
2023-05-27,1,5,Spring,1,1,1,느티나무 셀프BBQ,허브솔트
2023-05-28,1,5,Spring,1,0,1,느티나무 셀프BBQ,허브솔트
2023-05-29,0,5,Spring,0,1,1,느티나무 셀프BBQ,허브솔트
2023-05-30,0,5,Spring,0,0,0,느티나무 셀프BBQ,허브솔트
2023-05-31,0,5,Spring,0,0,0,느티나무 셀프BBQ,허브솔트
2023-06-01,0,6,Summer,0,0,0,느티나무 셀프BBQ,허브솔트
2023-06-02,2,6,Summer,0,0,0,느티나무 셀프BBQ,허브솔트
2023-06-03,0,6,Summer,1,0,1,느티나무 셀프BBQ,허브솔트
2023-06-04,2,6,Summer,1,0,1,느티나무 셀프BBQ,허브솔트
2023-06-05,0,6,Summer,0,0,0,느티나무 셀프BBQ,허브솔트
2023-06-06,0,6,Summer,0,1,1,느티나무 셀프BBQ,허브솔트
2023-06-07,0,6,Summer,0,0,0,느티나무 셀프BBQ,허브솔트
2023-06-08,3,6,Summer,0,0,0,느티나무 셀프BBQ,허브솔트
2023-06-09,0,6,Summer,0,0,0,느티나무 셀프BBQ,허브솔트
2023-06-10,0,6,Summer,1,0,1,느티나무 셀프BBQ,허브솔트
2023-06-11,1,6,Summer,1,0,1,느티나무 셀프BBQ,허브솔트
2023-06-12,0,6,Summer,0,0,0,느티나무 셀프BBQ,허브솔트
2023-06-13,1,6,Summer,0,0,0,느티나무 셀프BBQ,허브솔트
2023-06-14,0,6,Summer,0,0,0,느티나무 셀프BBQ,허브솔트
2023-06-15,1,6,Summer,0,0,0,느티나무 셀프BBQ,허브솔트
2023-06-16,2,6,Summer,0,0,0,느티나무 셀프BBQ,허브솔트
2023-06-17,1,6,Summer,1,0,1,느티나무 셀프BBQ,허브솔트
2023-06-18,0,6,Summer,1,0,1,느티나무 셀프BBQ,허브솔트
2023-06-19,0,6,Summer,0,0,0,느티나무 셀프BBQ,허브솔트
2023-06-20,1,6,Summer,0,0,0,느티나무 셀프BBQ,허브솔트
2023-06-21,0,6,Summer,0,0,0,느티나무 셀프BBQ,허브솔트
2023-06-22,0,6,Summer,0,0,0,느티나무 셀프BBQ,허브솔트
2023-06-23,0,6,Summer,0,0,0,느티나무 셀프BBQ,허브솔트
2023-06-24,4,6,Summer,1,0,1,느티나무 셀프BBQ,허브솔트
2023-06-25,1,6,Summer,1,0,1,느티나무 셀프BBQ,허브솔트
2023-06-26,0,6,Summer,0,0,0,느티나무 셀프BBQ,허브솔트
2023-06-27,0,6,Summer,0,0,0,느티나무 셀프BBQ,허브솔트
2023-06-28,0,6,Summer,0,0,0,느티나무 셀프BBQ,허브솔트
2023-06-29,0,6,Summer,0,0,0,느티나무 셀프BBQ,허브솔트
2023-06-30,2,6,Summer,0,0,0,느티나무 셀프BBQ,허브솔트
2023-07-01,1,7,Summer,1,0,1,느티나무 셀프BBQ,허브솔트
2023-07-02,3,7,Summer,1,0,1,느티나무 셀프BBQ,허브솔트
2023-07-03,0,7,Summer,0,0,0,느티나무 셀프BBQ,허브솔트
2023-07-04,0,7,Summer,0,0,0,느티나무 셀프BBQ,허브솔트
2023-07-05,0,7,Summer,0,0,0,느티나무 셀프BBQ,허브솔트
2023-07-06,1,7,Summer,0,0,0,느티나무 셀프BBQ,허브솔트
2023-07-07,2,7,Summer,0,0,0,느티나무 셀프BBQ,허브솔트
2023-07-08,4,7,Summer,1,0,1,느티나무 셀프BBQ,허브솔트
2023-07-09,0,7,Summer,1,0,1,느티나무 셀프BBQ,허브솔트
2023-07-10,0,7,Summer,0,0,0,느티나무 셀프BBQ,허브솔트
2023-07-11,1,7,Summer,0,0,0,느티나무 셀프BBQ,허브솔트
2023-07-12,1,7,Summer,0,0,0,느티나무 셀프BBQ,허브솔트
2023-07-13,0,7,Summer,0,0,0,느티나무 셀프BBQ,허브솔트
2023-07-14,0,7,Summer,0,0,0,느티나무 셀프BBQ,허브솔트
2023-07-15,3,7,Summer,1,0,1,느티나무 셀프BBQ,허브솔트
2023-07-16,0,7,Summer,1,0,1,느티나무 셀프BBQ,허브솔트
2023-07-17,0,7,Summer,0,0,0,느티나무 셀프BBQ,허브솔트
2023-07-18,0,7,Summer,0,0,0,느티나무 셀프BBQ,허브솔트
2023-07-19,1,7,Summer,0,0,0,느티나무 셀프BBQ,허브솔트
2023-07-20,1,7,Summer,0,0,0,느티나무 셀프BBQ,허브솔트
2023-07-21,1,7,Summer,0,0,0,느티나무 셀프BBQ,허브솔트
2023-07-22,0,7,Summer,1,0,1,느티나무 셀프BBQ,허브솔트
2023-07-23,2,7,Summer,1,0,1,느티나무 셀프BBQ,허브솔트
2023-07-24,0,7,Summer,0,0,0,느티나무 셀프BBQ,허브솔트
2023-07-25,1,7,Summer,0,0,0,느티나무 셀프BBQ,허브솔트
2023-07-26,1,7,Summer,0,0,0,느티나무 셀프BBQ,허브솔트
2023-07-27,1,7,Summer,0,0,0,느티나무 셀프BBQ,허브솔트
2023-07-28,2,7,Summer,0,0,0,느티나무 셀프BBQ,허브솔트
2023-07-29,0,7,Summer,1,0,1,느티나무 셀프BBQ,허브솔트
2023-07-30,0,7,Summer,1,0,1,느티나무 셀프BBQ,허브솔트
2023-07-31,0,7,Summer,0,0,0,느티나무 셀프BBQ,허브솔트
2023-08-01,0,8,Summer,0,0,0,느티나무 셀프BBQ,허브솔트
2023-08-02,0,8,Summer,0,0,0,느티나무 셀프BBQ,허브솔트
2023-08-03,0,8,Summer,0,0,0,느티나무 셀프BBQ,허브솔트
2023-08-04,0,8,Summer,0,0,0,느티나무 셀프BBQ,허브솔트
2023-08-05,0,8,Summer,1,0,1,느티나무 셀프BBQ,허브솔트
2023-08-06,0,8,Summer,1,0,1,느티나무 셀프BBQ,허브솔트
2023-08-07,0,8,Summer,0,0,0,느티나무 셀프BBQ,허브솔트
2023-08-08,1,8,Summer,0,0,0,느티나무 셀프BBQ,허브솔트
2023-08-09,1,8,Summer,0,0,0,느티나무 셀프BBQ,허브솔트
2023-08-10,1,8,Summer,0,0,0,느티나무 셀프BBQ,허브솔트
2023-08-11,1,8,Summer,0,0,0,느티나무 셀프BBQ,허브솔트
2023-08-12,0,8,Summer,1,0,1,느티나무 셀프BBQ,허브솔트
2023-08-13,1,8,Summer,1,0,1,느티나무 셀프BBQ,허브솔트
2023-08-14,2,8,Summer,0,0,0,느티나무 셀프BBQ,허브솔트
2023-08-15,1,8,Summer,0,1,1,느티나무 셀프BBQ,허브솔트
2023-08-16,1,8,Summer,0,0,0,느티나무 셀프BBQ,허브솔트
2023-08-17,0,8,Summer,0,0,0,느티나무 셀프BBQ,허브솔트
2023-08-18,1,8,Summer,0,0,0,느티나무 셀프BBQ,허브솔트
2023-08-19,3,8,Summer,1,0,1,느티나무 셀프BBQ,허브솔트
2023-08-20,1,8,Summer,1,0,1,느티나무 셀프BBQ,허브솔트
2023-08-21,1,8,Summer,0,0,0,느티나무 셀프BBQ,허브솔트
2023-08-22,0,8,Summer,0,0,0,느티나무 셀프BBQ,허브솔트
2023-08-23,0,8,Summer,0,0,0,느티나무 셀프BBQ,허브솔트
2023-08-24,0,8,Summer,0,0,0,느티나무 셀프BBQ,허브솔트
2023-08-25,0,8,Summer,0,0,0,느티나무 셀프BBQ,허브솔트
2023-08-26,0,8,Summer,1,0,1,느티나무 셀프BBQ,허브솔트
2023-08-27,1,8,Summer,1,0,1,느티나무 셀프BBQ,허브솔트
2023-08-28,0,8,Summer,0,0,0,느티나무 셀프BBQ,허브솔트
2023-08-29,0,8,Summer,0,0,0,느티나무 셀프BBQ,허브솔트
2023-08-30,0,8,Summer,0,0,0,느티나무 셀프BBQ,허브솔트
2023-08-31,0,8,Summer,0,0,0,느티나무 셀프BBQ,허브솔트
2023-09-01,1,9,Autumn,0,0,0,느티나무 셀프BBQ,허브솔트
2023-09-02,3,9,Autumn,1,0,1,느티나무 셀프BBQ,허브솔트
2023-09-03,0,9,Autumn,1,0,1,느티나무 셀프BBQ,허브솔트
2023-09-04,0,9,Autumn,0,0,0,느티나무 셀프BBQ,허브솔트
2023-09-05,2,9,Autumn,0,0,0,느티나무 셀프BBQ,허브솔트
2023-09-06,0,9,Autumn,0,0,0,느티나무 셀프BBQ,허브솔트
2023-09-07,0,9,Autumn,0,0,0,느티나무 셀프BBQ,허브솔트
2023-09-08,0,9,Autumn,0,0,0,느티나무 셀프BBQ,허브솔트
2023-09-09,2,9,Autumn,1,0,1,느티나무 셀프BBQ,허브솔트
2023-09-10,4,9,Autumn,1,0,1,느티나무 셀프BBQ,허브솔트
2023-09-11,0,9,Autumn,0,0,0,느티나무 셀프BBQ,허브솔트
2023-09-12,0,9,Autumn,0,0,0,느티나무 셀프BBQ,허브솔트
2023-09-13,0,9,Autumn,0,0,0,느티나무 셀프BBQ,허브솔트
2023-09-14,0,9,Autumn,0,0,0,느티나무 셀프BBQ,허브솔트
2023-09-15,1,9,Autumn,0,0,0,느티나무 셀프BBQ,허브솔트
2023-09-16,1,9,Autumn,1,0,1,느티나무 셀프BBQ,허브솔트
2023-09-17,2,9,Autumn,1,0,1,느티나무 셀프BBQ,허브솔트
2023-09-18,0,9,Autumn,0,0,0,느티나무 셀프BBQ,허브솔트
2023-09-19,0,9,Autumn,0,0,0,느티나무 셀프BBQ,허브솔트
2023-09-20,0,9,Autumn,0,0,0,느티나무 셀프BBQ,허브솔트
2023-09-21,0,9,Autumn,0,0,0,느티나무 셀프BBQ,허브솔트
2023-09-22,2,9,Autumn,0,0,0,느티나무 셀프BBQ,허브솔트
2023-09-23,2,9,Autumn,1,0,1,느티나무 셀프BBQ,허브솔트
2023-09-24,0,9,Autumn,1,0,1,느티나무 셀프BBQ,허브솔트
2023-09-25,0,9,Autumn,0,0,0,느티나무 셀프BBQ,허브솔트
2023-09-26,0,9,Autumn,0,0,0,느티나무 셀프BBQ,허브솔트
2023-09-27,1,9,Autumn,0,0,0,느티나무 셀프BBQ,허브솔트
2023-09-28,2,9,Autumn,0,1,1,느티나무 셀프BBQ,허브솔트
2023-09-29,1,9,Autumn,0,1,1,느티나무 셀프BBQ,허브솔트
2023-09-30,2,9,Autumn,1,1,1,느티나무 셀프BBQ,허브솔트
2023-10-01,1,10,Autumn,1,0,1,느티나무 셀프BBQ,허브솔트
2023-10-02,1,10,Autumn,0,1,1,느티나무 셀프BBQ,허브솔트
2023-10-03,1,10,Autumn,0,1,1,느티나무 셀프BBQ,허브솔트
2023-10-04,0,10,Autumn,0,0,0,느티나무 셀프BBQ,허브솔트
2023-10-05,0,10,Autumn,0,0,0,느티나무 셀프BBQ,허브솔트
2023-10-06,1,10,Autumn,0,0,0,느티나무 셀프BBQ,허브솔트
2023-10-07,5,10,Autumn,1,0,1,느티나무 셀프BBQ,허브솔트
2023-10-08,1,10,Autumn,1,0,1,느티나무 셀프BBQ,허브솔트
2023-10-09,1,10,Autumn,0,1,1,느티나무 셀프BBQ,허브솔트
2023-10-10,1,10,Autumn,0,0,0,느티나무 셀프BBQ,허브솔트
2023-10-11,0,10,Autumn,0,0,0,느티나무 셀프BBQ,허브솔트
2023-10-12,0,10,Autumn,0,0,0,느티나무 셀프BBQ,허브솔트
2023-10-13,0,10,Autumn,0,0,0,느티나무 셀프BBQ,허브솔트
2023-10-14,3,10,Autumn,1,0,1,느티나무 셀프BBQ,허브솔트
2023-10-15,0,10,Autumn,1,0,1,느티나무 셀프BBQ,허브솔트
2023-10-16,0,10,Autumn,0,0,0,느티나무 셀프BBQ,허브솔트
2023-10-17,1,10,Autumn,0,0,0,느티나무 셀프BBQ,허브솔트
2023-10-18,0,10,Autumn,0,0,0,느티나무 셀프BBQ,허브솔트
2023-10-19,0,10,Autumn,0,0,0,느티나무 셀프BBQ,허브솔트
2023-10-20,0,10,Autumn,0,0,0,느티나무 셀프BBQ,허브솔트
2023-10-21,1,10,Autumn,1,0,1,느티나무 셀프BBQ,허브솔트
2023-10-22,3,10,Autumn,1,0,1,느티나무 셀프BBQ,허브솔트
2023-10-23,0,10,Autumn,0,0,0,느티나무 셀프BBQ,허브솔트
2023-10-24,0,10,Autumn,0,0,0,느티나무 셀프BBQ,허브솔트
2023-10-25,1,10,Autumn,0,0,0,느티나무 셀프BBQ,허브솔트
2023-10-26,3,10,Autumn,0,0,0,느티나무 셀프BBQ,허브솔트
2023-10-27,1,10,Autumn,0,0,0,느티나무 셀프BBQ,허브솔트
2023-10-28,3,10,Autumn,1,0,1,느티나무 셀프BBQ,허브솔트
2023-10-29,2,10,Autumn,1,0,1,느티나무 셀프BBQ,허브솔트
2023-10-30,0,10,Autumn,0,0,0,느티나무 셀프BBQ,허브솔트
2023-10-31,0,10,Autumn,0,0,0,느티나무 셀프BBQ,허브솔트
2023-11-01,0,11,Autumn,0,0,0,느티나무 셀프BBQ,허브솔트
2023-11-02,0,11,Autumn,0,0,0,느티나무 셀프BBQ,허브솔트
2023-11-03,0,11,Autumn,0,0,0,느티나무 셀프BBQ,허브솔트
2023-11-04,1,11,Autumn,1,0,1,느티나무 셀프BBQ,허브솔트
2023-11-05,0,11,Autumn,1,0,1,느티나무 셀프BBQ,허브솔트
2023-11-06,0,11,Autumn,0,0,0,느티나무 셀프BBQ,허브솔트
2023-11-07,0,11,Autumn,0,0,0,느티나무 셀프BBQ,허브솔트
2023-11-08,0,11,Autumn,0,0,0,느티나무 셀프BBQ,허브솔트
2023-11-09,0,11,Autumn,0,0,0,느티나무 셀프BBQ,허브솔트
2023-11-10,0,11,Autumn,0,0,0,느티나무 셀프BBQ,허브솔트
2023-11-11,0,11,Autumn,1,0,1,느티나무 셀프BBQ,허브솔트
2023-11-12,1,11,Autumn,1,0,1,느티나무 셀프BBQ,허브솔트
2023-11-13,0,11,Autumn,0,0,0,느티나무 셀프BBQ,허브솔트
2023-11-14,0,11,Autumn,0,0,0,느티나무 셀프BBQ,허브솔트
2023-11-15,0,11,Autumn,0,0,0,느티나무 셀프BBQ,허브솔트
2023-11-16,0,11,Autumn,0,0,0,느티나무 셀프BBQ,허브솔트
2023-11-17,0,11,Autumn,0,0,0,느티나무 셀프BBQ,허브솔트
2023-11-18,1,11,Autumn,1,0,1,느티나무 셀프BBQ,허브솔트
2023-11-19,0,11,Autumn,1,0,1,느티나무 셀프BBQ,허브솔트
2023-11-20,0,11,Autumn,0,0,0,느티나무 셀프BBQ,허브솔트
2023-11-21,0,11,Autumn,0,0,0,느티나무 셀프BBQ,허브솔트
2023-11-22,0,11,Autumn,0,0,0,느티나무 셀프BBQ,허브솔트
2023-11-23,0,11,Autumn,0,0,0,느티나무 셀프BBQ,허브솔트
2023-11-24,0,11,Autumn,0,0,0,느티나무 셀프BBQ,허브솔트
2023-11-25,1,11,Autumn,1,0,1,느티나무 셀프BBQ,허브솔트
2023-11-26,2,11,Autumn,1,0,1,느티나무 셀프BBQ,허브솔트
2023-11-27,0,11,Autumn,0,0,0,느티나무 셀프BBQ,허브솔트
2023-11-28,0,11,Autumn,0,0,0,느티나무 셀프BBQ,허브솔트
2023-11-29,0,11,Autumn,0,0,0,느티나무 셀프BBQ,허브솔트
2023-11-30,0,11,Autumn,0,0,0,느티나무 셀프BBQ,허브솔트
2023-12-01,0,12,Winter,0,0,0,느티나무 셀프BBQ,허브솔트
2023-12-02,0,12,Winter,1,0,1,느티나무 셀프BBQ,허브솔트
2023-12-03,0,12,Winter,1,0,1,느티나무 셀프BBQ,허브솔트
2023-12-04,0,12,Winter,0,0,0,느티나무 셀프BBQ,허브솔트
2023-12-05,0,12,Winter,0,0,0,느티나무 셀프BBQ,허브솔트
2023-12-06,0,12,Winter,0,0,0,느티나무 셀프BBQ,허브솔트
2023-12-07,0,12,Winter,0,0,0,느티나무 셀프BBQ,허브솔트
2023-12-08,0,12,Winter,0,0,0,느티나무 셀프BBQ,허브솔트
2023-12-09,0,12,Winter,1,0,1,느티나무 셀프BBQ,허브솔트
2023-12-10,1,12,Winter,1,0,1,느티나무 셀프BBQ,허브솔트
2023-12-11,1,12,Winter,0,0,0,느티나무 셀프BBQ,허브솔트
2023-12-12,0,12,Winter,0,0,0,느티나무 셀프BBQ,허브솔트
2023-12-13,0,12,Winter,0,0,0,느티나무 셀프BBQ,허브솔트
2023-12-14,1,12,Winter,0,0,0,느티나무 셀프BBQ,허브솔트
2023-12-15,0,12,Winter,0,0,0,느티나무 셀프BBQ,허브솔트
2023-12-16,0,12,Winter,1,0,1,느티나무 셀프BBQ,허브솔트
2023-12-17,0,12,Winter,1,0,1,느티나무 셀프BBQ,허브솔트
2023-12-18,1,12,Winter,0,0,0,느티나무 셀프BBQ,허브솔트
2023-12-19,0,12,Winter,0,0,0,느티나무 셀프BBQ,허브솔트
2023-12-20,0,12,Winter,0,0,0,느티나무 셀프BBQ,허브솔트
2023-12-21,0,12,Winter,0,0,0,느티나무 셀프BBQ,허브솔트
2023-12-22,0,12,Winter,0,0,0,느티나무 셀프BBQ,허브솔트
2023-12-23,0,12,Winter,1,0,1,느티나무 셀프BBQ,허브솔트
2023-12-24,0,12,Winter,1,0,1,느티나무 셀프BBQ,허브솔트
2023-12-25,0,12,Winter,0,1,1,느티나무 셀프BBQ,허브솔트
2023-12-26,1,12,Winter,0,0,0,느티나무 셀프BBQ,허브솔트
2023-12-27,0,12,Winter,0,0,0,느티나무 셀프BBQ,허브솔트
2023-12-28,0,12,Winter,0,0,0,느티나무 셀프BBQ,허브솔트
2023-12-29,1,12,Winter,0,0,0,느티나무 셀프BBQ,허브솔트
2023-12-30,1,12,Winter,1,0,1,느티나무 셀프BBQ,허브솔트
2023-12-31,0,12,Winter,1,0,1,느티나무 셀프BBQ,허브솔트
2024-01-01,0,1,Winter,0,1,1,느티나무 셀프BBQ,허브솔트
2024-01-02,1,1,Winter,0,0,0,느티나무 셀프BBQ,허브솔트
2024-01-03,1,1,Winter,0,0,0,느티나무 셀프BBQ,허브솔트
2024-01-04,0,1,Winter,0,0,0,느티나무 셀프BBQ,허브솔트
2024-01-05,1,1,Winter,0,0,0,느티나무 셀프BBQ,허브솔트
2024-01-06,0,1,Winter,1,0,1,느티나무 셀프BBQ,허브솔트
2024-01-07,0,1,Winter,1,0,1,느티나무 셀프BBQ,허브솔트
2024-01-08,0,1,Winter,0,0,0,느티나무 셀프BBQ,허브솔트
2024-01-09,0,1,Winter,0,0,0,느티나무 셀프BBQ,허브솔트
2024-01-10,0,1,Winter,0,0,0,느티나무 셀프BBQ,허브솔트
2024-01-11,2,1,Winter,0,0,0,느티나무 셀프BBQ,허브솔트
2024-01-12,0,1,Winter,0,0,0,느티나무 셀프BBQ,허브솔트
2024-01-13,1,1,Winter,1,0,1,느티나무 셀프BBQ,허브솔트
2024-01-14,0,1,Winter,1,0,1,느티나무 셀프BBQ,허브솔트
2024-01-15,0,1,Winter,0,0,0,느티나무 셀프BBQ,허브솔트
2024-01-16,0,1,Winter,0,0,0,느티나무 셀프BBQ,허브솔트
2024-01-17,0,1,Winter,0,0,0,느티나무 셀프BBQ,허브솔트
2024-01-18,0,1,Winter,0,0,0,느티나무 셀프BBQ,허브솔트
2024-01-19,0,1,Winter,0,0,0,느티나무 셀프BBQ,허브솔트
2024-01-20,0,1,Winter,1,0,1,느티나무 셀프BBQ,허브솔트
2024-01-21,0,1,Winter,1,0,1,느티나무 셀프BBQ,허브솔트
2024-01-22,0,1,Winter,0,0,0,느티나무 셀프BBQ,허브솔트
2024-01-23,0,1,Winter,0,0,0,느티나무 셀프BBQ,허브솔트
2024-01-24,0,1,Winter,0,0,0,느티나무 셀프BBQ,허브솔트
2024-01-25,0,1,Winter,0,0,0,느티나무 셀프BBQ,허브솔트
2024-01-26,0,1,Winter,0,0,0,느티나무 셀프BBQ,허브솔트
2024-01-27,0,1,Winter,1,0,1,느티나무 셀프BBQ,허브솔트
2024-01-28,0,1,Winter,1,0,1,느티나무 셀프BBQ,허브솔트
2024-01-29,1,1,Winter,0,0,0,느티나무 셀프BBQ,허브솔트
2024-01-30,0,1,Winter,0,0,0,느티나무 셀프BBQ,허브솔트
2024-01-31,0,1,Winter,0,0,0,느티나무 셀프BBQ,허브솔트
2024-02-01,0,2,Winter,0,0,0,느티나무 셀프BBQ,허브솔트
2024-02-02,0,2,Winter,0,0,0,느티나무 셀프BBQ,허브솔트
2024-02-03,1,2,Winter,1,0,1,느티나무 셀프BBQ,허브솔트
2024-02-04,1,2,Winter,1,0,1,느티나무 셀프BBQ,허브솔트
2024-02-05,0,2,Winter,0,0,0,느티나무 셀프BBQ,허브솔트
2024-02-06,0,2,Winter,0,0,0,느티나무 셀프BBQ,허브솔트
2024-02-07,1,2,Winter,0,0,0,느티나무 셀프BBQ,허브솔트
2024-02-08,0,2,Winter,0,0,0,느티나무 셀프BBQ,허브솔트
2024-02-09,0,2,Winter,0,1,1,느티나무 셀프BBQ,허브솔트
2024-02-10,1,2,Winter,1,1,1,느티나무 셀프BBQ,허브솔트
2024-02-11,0,2,Winter,1,1,1,느티나무 셀프BBQ,허브솔트
2024-02-12,0,2,Winter,0,1,1,느티나무 셀프BBQ,허브솔트
2024-02-13,0,2,Winter,0,0,0,느티나무 셀프BBQ,허브솔트
2024-02-14,0,2,Winter,0,0,0,느티나무 셀프BBQ,허브솔트
2024-02-15,1,2,Winter,0,0,0,느티나무 셀프BBQ,허브솔트
2024-02-16,0,2,Winter,0,0,0,느티나무 셀프BBQ,허브솔트
2024-02-17,0,2,Winter,1,0,1,느티나무 셀프BBQ,허브솔트
2024-02-18,0,2,Winter,1,0,1,느티나무 셀프BBQ,허브솔트
2024-02-19,0,2,Winter,0,0,0,느티나무 셀프BBQ,허브솔트
2024-02-20,1,2,Winter,0,0,0,느티나무 셀프BBQ,허브솔트
2024-02-21,0,2,Winter,0,0,0,느티나무 셀프BBQ,허브솔트
2024-02-22,0,2,Winter,0,0,0,느티나무 셀프BBQ,허브솔트
2024-02-23,0,2,Winter,0,0,0,느티나무 셀프BBQ,허브솔트
2024-02-24,0,2,Winter,1,0,1,느티나무 셀프BBQ,허브솔트
2024-02-25,0,2,Winter,1,0,1,느티나무 셀프BBQ,허브솔트
2024-02-26,0,2,Winter,0,0,0,느티나무 셀프BBQ,허브솔트
2024-02-27,0,2,Winter,0,0,0,느티나무 셀프BBQ,허브솔트
2024-02-28,1,2,Winter,0,0,0,느티나무 셀프BBQ,허브솔트
2024-02-29,0,2,Winter,0,0,0,느티나무 셀프BBQ,허브솔트
2024-03-01,0,3,Spring,0,1,1,느티나무 셀프BBQ,허브솔트
2024-03-02,0,3,Spring,1,0,1,느티나무 셀프BBQ,허브솔트
2024-03-03,0,3,Spring,1,0,1,느티나무 셀프BBQ,허브솔트
2024-03-04,0,3,Spring,0,0,0,느티나무 셀프BBQ,허브솔트
2024-03-05,0,3,Spring,0,0,0,느티나무 셀프BBQ,허브솔트
2024-03-06,0,3,Spring,0,0,0,느티나무 셀프BBQ,허브솔트
2024-03-07,0,3,Spring,0,0,0,느티나무 셀프BBQ,허브솔트
2024-03-08,0,3,Spring,0,0,0,느티나무 셀프BBQ,허브솔트
2024-03-09,0,3,Spring,1,0,1,느티나무 셀프BBQ,허브솔트
2024-03-10,0,3,Spring,1,0,1,느티나무 셀프BBQ,허브솔트
2024-03-11,0,3,Spring,0,0,0,느티나무 셀프BBQ,허브솔트
2024-03-12,0,3,Spring,0,0,0,느티나무 셀프BBQ,허브솔트
2024-03-13,0,3,Spring,0,0,0,느티나무 셀프BBQ,허브솔트
2024-03-14,0,3,Spring,0,0,0,느티나무 셀프BBQ,허브솔트
2024-03-15,2,3,Spring,0,0,0,느티나무 셀프BBQ,허브솔트
2024-03-16,0,3,Spring,1,0,1,느티나무 셀프BBQ,허브솔트
2024-03-17,0,3,Spring,1,0,1,느티나무 셀프BBQ,허브솔트
2024-03-18,0,3,Spring,0,0,0,느티나무 셀프BBQ,허브솔트
2024-03-19,0,3,Spring,0,0,0,느티나무 셀프BBQ,허브솔트
2024-03-20,0,3,Spring,0,0,0,느티나무 셀프BBQ,허브솔트
2024-03-21,0,3,Spring,0,0,0,느티나무 셀프BBQ,허브솔트
2024-03-22,0,3,Spring,0,0,0,느티나무 셀프BBQ,허브솔트
2024-03-23,1,3,Spring,1,0,1,느티나무 셀프BBQ,허브솔트
2024-03-24,1,3,Spring,1,0,1,느티나무 셀프BBQ,허브솔트
2024-03-25,0,3,Spring,0,0,0,느티나무 셀프BBQ,허브솔트
2024-03-26,0,3,Spring,0,0,0,느티나무 셀프BBQ,허브솔트
2024-03-27,0,3,Spring,0,0,0,느티나무 셀프BBQ,허브솔트
2024-03-28,0,3,Spring,0,0,0,느티나무 셀프BBQ,허브솔트
2024-03-29,3,3,Spring,0,0,0,느티나무 셀프BBQ,허브솔트
2024-03-30,0,3,Spring,1,0,1,느티나무 셀프BBQ,허브솔트
2024-03-31,0,3,Spring,1,0,1,느티나무 셀프BBQ,허브솔트
2024-04-01,0,4,Spring,0,0,0,느티나무 셀프BBQ,허브솔트
2024-04-02,0,4,Spring,0,0,0,느티나무 셀프BBQ,허브솔트
2024-04-03,0,4,Spring,0,0,0,느티나무 셀프BBQ,허브솔트
2024-04-04,0,4,Spring,0,0,0,느티나무 셀프BBQ,허브솔트
2024-04-05,0,4,Spring,0,0,0,느티나무 셀프BBQ,허브솔트
2024-04-06,2,4,Spring,1,0,1,느티나무 셀프BBQ,허브솔트
2024-04-07,1,4,Spring,1,0,1,느티나무 셀프BBQ,허브솔트
2024-04-08,0,4,Spring,0,0,0,느티나무 셀프BBQ,허브솔트
2024-04-09,0,4,Spring,0,0,0,느티나무 셀프BBQ,허브솔트
2024-04-10,1,4,Spring,0,1,1,느티나무 셀프BBQ,허브솔트
2024-04-11,0,4,Spring,0,0,0,느티나무 셀프BBQ,허브솔트
2024-04-12,0,4,Spring,0,0,0,느티나무 셀프BBQ,허브솔트
2024-04-13,3,4,Spring,1,0,1,느티나무 셀프BBQ,허브솔트
2024-04-14,0,4,Spring,1,0,1,느티나무 셀프BBQ,허브솔트
2024-04-15,0,4,Spring,0,0,0,느티나무 셀프BBQ,허브솔트
2024-04-16,0,4,Spring,0,0,0,느티나무 셀프BBQ,허브솔트
2024-04-17,0,4,Spring,0,0,0,느티나무 셀프BBQ,허브솔트
2024-04-18,0,4,Spring,0,0,0,느티나무 셀프BBQ,허브솔트
2024-04-19,0,4,Spring,0,0,0,느티나무 셀프BBQ,허브솔트
2024-04-20,0,4,Spring,1,0,1,느티나무 셀프BBQ,허브솔트
2024-04-21,1,4,Spring,1,0,1,느티나무 셀프BBQ,허브솔트
2024-04-22,0,4,Spring,0,0,0,느티나무 셀프BBQ,허브솔트
2024-04-23,0,4,Spring,0,0,0,느티나무 셀프BBQ,허브솔트
2024-04-24,0,4,Spring,0,0,0,느티나무 셀프BBQ,허브솔트
2024-04-25,0,4,Spring,0,0,0,느티나무 셀프BBQ,허브솔트
2024-04-26,2,4,Spring,0,0,0,느티나무 셀프BBQ,허브솔트
2024-04-27,0,4,Spring,1,0,1,느티나무 셀프BBQ,허브솔트
2024-04-28,0,4,Spring,1,0,1,느티나무 셀프BBQ,허브솔트
2024-04-29,0,4,Spring,0,0,0,느티나무 셀프BBQ,허브솔트
2024-04-30,0,4,Spring,0,0,0,느티나무 셀프BBQ,허브솔트
2024-05-01,1,5,Spring,0,0,0,느티나무 셀프BBQ,허브솔트
2024-05-02,0,5,Spring,0,0,0,느티나무 셀프BBQ,허브솔트
2024-05-03,0,5,Spring,0,0,0,느티나무 셀프BBQ,허브솔트
2024-05-04,3,5,Spring,1,0,1,느티나무 셀프BBQ,허브솔트
2024-05-05,1,5,Spring,1,1,1,느티나무 셀프BBQ,허브솔트
2024-05-06,1,5,Spring,0,1,1,느티나무 셀프BBQ,허브솔트
2024-05-07,0,5,Spring,0,0,0,느티나무 셀프BBQ,허브솔트
2024-05-08,0,5,Spring,0,0,0,느티나무 셀프BBQ,허브솔트
2024-05-09,0,5,Spring,0,0,0,느티나무 셀프BBQ,허브솔트
2024-05-10,1,5,Spring,0,0,0,느티나무 셀프BBQ,허브솔트
2024-05-11,6,5,Spring,1,0,1,느티나무 셀프BBQ,허브솔트
2024-05-12,0,5,Spring,1,0,1,느티나무 셀프BBQ,허브솔트
2024-05-13,0,5,Spring,0,0,0,느티나무 셀프BBQ,허브솔트
2024-05-14,1,5,Spring,0,0,0,느티나무 셀프BBQ,허브솔트
2024-05-15,2,5,Spring,0,1,1,느티나무 셀프BBQ,허브솔트
2024-05-16,0,5,Spring,0,0,0,느티나무 셀프BBQ,허브솔트
2024-05-17,0,5,Spring,0,0,0,느티나무 셀프BBQ,허브솔트
2024-05-18,2,5,Spring,1,0,1,느티나무 셀프BBQ,허브솔트
2024-05-19,0,5,Spring,1,0,1,느티나무 셀프BBQ,허브솔트
2024-05-20,0,5,Spring,0,0,0,느티나무 셀프BBQ,허브솔트
2024-05-21,1,5,Spring,0,0,0,느티나무 셀프BBQ,허브솔트
2024-05-22,0,5,Spring,0,0,0,느티나무 셀프BBQ,허브솔트
2024-05-23,0,5,Spring,0,0,0,느티나무 셀프BBQ,허브솔트
2024-05-24,3,5,Spring,0,0,0,느티나무 셀프BBQ,허브솔트
2024-05-25,4,5,Spring,1,0,1,느티나무 셀프BBQ,허브솔트
2024-05-26,1,5,Spring,1,0,1,느티나무 셀프BBQ,허브솔트
2024-05-27,0,5,Spring,0,0,0,느티나무 셀프BBQ,허브솔트
2024-05-28,0,5,Spring,0,0,0,느티나무 셀프BBQ,허브솔트
2024-05-29,0,5,Spring,0,0,0,느티나무 셀프BBQ,허브솔트
2024-05-30,0,5,Spring,0,0,0,느티나무 셀프BBQ,허브솔트
2024-05-31,0,5,Spring,0,0,0,느티나무 셀프BBQ,허브솔트
2024-06-01,1,6,Summer,1,0,1,느티나무 셀프BBQ,허브솔트
2024-06-02,0,6,Summer,1,0,1,느티나무 셀프BBQ,허브솔트
2024-06-03,0,6,Summer,0,0,0,느티나무 셀프BBQ,허브솔트
2024-06-04,0,6,Summer,0,0,0,느티나무 셀프BBQ,허브솔트
2024-06-05,1,6,Summer,0,0,0,느티나무 셀프BBQ,허브솔트
2024-06-06,1,6,Summer,0,1,1,느티나무 셀프BBQ,허브솔트
2024-06-07,1,6,Summer,0,0,0,느티나무 셀프BBQ,허브솔트
2024-06-08,1,6,Summer,1,0,1,느티나무 셀프BBQ,허브솔트
2024-06-09,0,6,Summer,1,0,1,느티나무 셀프BBQ,허브솔트
2024-06-10,0,6,Summer,0,0,0,느티나무 셀프BBQ,허브솔트
2024-06-11,0,6,Summer,0,0,0,느티나무 셀프BBQ,허브솔트
2024-06-12,0,6,Summer,0,0,0,느티나무 셀프BBQ,허브솔트
2024-06-13,0,6,Summer,0,0,0,느티나무 셀프BBQ,허브솔트
2024-06-14,1,6,Summer,0,0,0,느티나무 셀프BBQ,허브솔트
2024-06-15,1,6,Summer,1,0,1,느티나무 셀프BBQ,허브솔트
