영업일자,매출수량,month,season,is_weekend,is_holiday,is_day_off,영업장명,메뉴명
2023-01-01,0,1,Winter,1,1,1,담하,(단체) 공깃밥
2023-01-02,0,1,Winter,0,0,0,담하,(단체) 공깃밥
2023-01-03,0,1,Winter,0,0,0,담하,(단체) 공깃밥
2023-01-04,0,1,Winter,0,0,0,담하,(단체) 공깃밥
2023-01-05,0,1,Winter,0,0,0,담하,(단체) 공깃밥
2023-01-06,0,1,Winter,0,0,0,담하,(단체) 공깃밥
2023-01-07,0,1,Winter,1,0,1,담하,(단체) 공깃밥
2023-01-08,0,1,Winter,1,0,1,담하,(단체) 공깃밥
2023-01-09,0,1,Winter,0,0,0,담하,(단체) 공깃밥
2023-01-10,0,1,Winter,0,0,0,담하,(단체) 공깃밥
2023-01-11,0,1,Winter,0,0,0,담하,(단체) 공깃밥
2023-01-12,0,1,Winter,0,0,0,담하,(단체) 공깃밥
2023-01-13,0,1,Winter,0,0,0,담하,(단체) 공깃밥
2023-01-14,0,1,Winter,1,0,1,담하,(단체) 공깃밥
2023-01-15,0,1,Winter,1,0,1,담하,(단체) 공깃밥
2023-01-16,0,1,Winter,0,0,0,담하,(단체) 공깃밥
2023-01-17,0,1,Winter,0,0,0,담하,(단체) 공깃밥
2023-01-18,0,1,Winter,0,0,0,담하,(단체) 공깃밥
2023-01-19,0,1,Winter,0,0,0,담하,(단체) 공깃밥
2023-01-20,0,1,Winter,0,0,0,담하,(단체) 공깃밥
2023-01-21,0,1,Winter,1,1,1,담하,(단체) 공깃밥
2023-01-22,0,1,Winter,1,1,1,담하,(단체) 공깃밥
2023-01-23,0,1,Winter,0,1,1,담하,(단체) 공깃밥
2023-01-24,0,1,Winter,0,1,1,담하,(단체) 공깃밥
2023-01-25,0,1,Winter,0,0,0,담하,(단체) 공깃밥
2023-01-26,0,1,Winter,0,0,0,담하,(단체) 공깃밥
2023-01-27,0,1,Winter,0,0,0,담하,(단체) 공깃밥
2023-01-28,0,1,Winter,1,0,1,담하,(단체) 공깃밥
2023-01-29,0,1,Winter,1,0,1,담하,(단체) 공깃밥
2023-01-30,0,1,Winter,0,0,0,담하,(단체) 공깃밥
2023-01-31,0,1,Winter,0,0,0,담하,(단체) 공깃밥
2023-02-01,0,2,Winter,0,0,0,담하,(단체) 공깃밥
2023-02-02,0,2,Winter,0,0,0,담하,(단체) 공깃밥
2023-02-03,0,2,Winter,0,0,0,담하,(단체) 공깃밥
2023-02-04,0,2,Winter,1,0,1,담하,(단체) 공깃밥
2023-02-05,0,2,Winter,1,0,1,담하,(단체) 공깃밥
2023-02-06,0,2,Winter,0,0,0,담하,(단체) 공깃밥
2023-02-07,0,2,Winter,0,0,0,담하,(단체) 공깃밥
2023-02-08,0,2,Winter,0,0,0,담하,(단체) 공깃밥
2023-02-09,0,2,Winter,0,0,0,담하,(단체) 공깃밥
2023-02-10,0,2,Winter,0,0,0,담하,(단체) 공깃밥
2023-02-11,0,2,Winter,1,0,1,담하,(단체) 공깃밥
2023-02-12,0,2,Winter,1,0,1,담하,(단체) 공깃밥
2023-02-13,0,2,Winter,0,0,0,담하,(단체) 공깃밥
2023-02-14,0,2,Winter,0,0,0,담하,(단체) 공깃밥
2023-02-15,0,2,Winter,0,0,0,담하,(단체) 공깃밥
2023-02-16,0,2,Winter,0,0,0,담하,(단체) 공깃밥
2023-02-17,0,2,Winter,0,0,0,담하,(단체) 공깃밥
2023-02-18,0,2,Winter,1,0,1,담하,(단체) 공깃밥
2023-02-19,0,2,Winter,1,0,1,담하,(단체) 공깃밥
2023-02-20,0,2,Winter,0,0,0,담하,(단체) 공깃밥
2023-02-21,0,2,Winter,0,0,0,담하,(단체) 공깃밥
2023-02-22,0,2,Winter,0,0,0,담하,(단체) 공깃밥
2023-02-23,0,2,Winter,0,0,0,담하,(단체) 공깃밥
2023-02-24,0,2,Winter,0,0,0,담하,(단체) 공깃밥
2023-02-25,0,2,Winter,1,0,1,담하,(단체) 공깃밥
2023-02-26,0,2,Winter,1,0,1,담하,(단체) 공깃밥
2023-02-27,0,2,Winter,0,0,0,담하,(단체) 공깃밥
2023-02-28,0,2,Winter,0,0,0,담하,(단체) 공깃밥
2023-03-01,0,3,Spring,0,1,1,담하,(단체) 공깃밥
2023-03-02,0,3,Spring,0,0,0,담하,(단체) 공깃밥
2023-03-03,0,3,Spring,0,0,0,담하,(단체) 공깃밥
2023-03-04,0,3,Spring,1,0,1,담하,(단체) 공깃밥
2023-03-05,0,3,Spring,1,0,1,담하,(단체) 공깃밥
2023-03-06,0,3,Spring,0,0,0,담하,(단체) 공깃밥
2023-03-07,0,3,Spring,0,0,0,담하,(단체) 공깃밥
2023-03-08,0,3,Spring,0,0,0,담하,(단체) 공깃밥
2023-03-09,0,3,Spring,0,0,0,담하,(단체) 공깃밥
2023-03-10,0,3,Spring,0,0,0,담하,(단체) 공깃밥
2023-03-11,0,3,Spring,1,0,1,담하,(단체) 공깃밥
2023-03-12,0,3,Spring,1,0,1,담하,(단체) 공깃밥
2023-03-13,2,3,Spring,0,0,0,담하,(단체) 공깃밥
2023-03-14,0,3,Spring,0,0,0,담하,(단체) 공깃밥
2023-03-15,1,3,Spring,0,0,0,담하,(단체) 공깃밥
2023-03-16,4,3,Spring,0,0,0,담하,(단체) 공깃밥
2023-03-17,2,3,Spring,0,0,0,담하,(단체) 공깃밥
2023-03-18,0,3,Spring,1,0,1,담하,(단체) 공깃밥
2023-03-19,0,3,Spring,1,0,1,담하,(단체) 공깃밥
2023-03-20,0,3,Spring,0,0,0,담하,(단체) 공깃밥
2023-03-21,0,3,Spring,0,0,0,담하,(단체) 공깃밥
2023-03-22,0,3,Spring,0,0,0,담하,(단체) 공깃밥
2023-03-23,0,3,Spring,0,0,0,담하,(단체) 공깃밥
2023-03-24,3,3,Spring,0,0,0,담하,(단체) 공깃밥
2023-03-25,0,3,Spring,1,0,1,담하,(단체) 공깃밥
2023-03-26,0,3,Spring,1,0,1,담하,(단체) 공깃밥
2023-03-27,0,3,Spring,0,0,0,담하,(단체) 공깃밥
2023-03-28,0,3,Spring,0,0,0,담하,(단체) 공깃밥
2023-03-29,0,3,Spring,0,0,0,담하,(단체) 공깃밥
2023-03-30,0,3,Spring,0,0,0,담하,(단체) 공깃밥
2023-03-31,0,3,Spring,0,0,0,담하,(단체) 공깃밥
2023-04-01,0,4,Spring,1,0,1,담하,(단체) 공깃밥
2023-04-02,0,4,Spring,1,0,1,담하,(단체) 공깃밥
2023-04-03,0,4,Spring,0,0,0,담하,(단체) 공깃밥
2023-04-04,1,4,Spring,0,0,0,담하,(단체) 공깃밥
2023-04-05,0,4,Spring,0,0,0,담하,(단체) 공깃밥
2023-04-06,35,4,Spring,0,0,0,담하,(단체) 공깃밥
2023-04-07,4,4,Spring,0,0,0,담하,(단체) 공깃밥
2023-04-08,0,4,Spring,1,0,1,담하,(단체) 공깃밥
2023-04-09,0,4,Spring,1,0,1,담하,(단체) 공깃밥
2023-04-10,2,4,Spring,0,0,0,담하,(단체) 공깃밥
2023-04-11,1,4,Spring,0,0,0,담하,(단체) 공깃밥
2023-04-12,0,4,Spring,0,0,0,담하,(단체) 공깃밥
2023-04-13,0,4,Spring,0,0,0,담하,(단체) 공깃밥
2023-04-14,1,4,Spring,0,0,0,담하,(단체) 공깃밥
2023-04-15,0,4,Spring,1,0,1,담하,(단체) 공깃밥
2023-04-16,0,4,Spring,1,0,1,담하,(단체) 공깃밥
2023-04-17,2,4,Spring,0,0,0,담하,(단체) 공깃밥
2023-04-18,1,4,Spring,0,0,0,담하,(단체) 공깃밥
2023-04-19,0,4,Spring,0,0,0,담하,(단체) 공깃밥
2023-04-20,15,4,Spring,0,0,0,담하,(단체) 공깃밥
2023-04-21,0,4,Spring,0,0,0,담하,(단체) 공깃밥
2023-04-22,0,4,Spring,1,0,1,담하,(단체) 공깃밥
2023-04-23,0,4,Spring,1,0,1,담하,(단체) 공깃밥
2023-04-24,0,4,Spring,0,0,0,담하,(단체) 공깃밥
2023-04-25,1,4,Spring,0,0,0,담하,(단체) 공깃밥
2023-04-26,0,4,Spring,0,0,0,담하,(단체) 공깃밥
2023-04-27,1,4,Spring,0,0,0,담하,(단체) 공깃밥
2023-04-28,0,4,Spring,0,0,0,담하,(단체) 공깃밥
2023-04-29,0,4,Spring,1,0,1,담하,(단체) 공깃밥
2023-04-30,0,4,Spring,1,0,1,담하,(단체) 공깃밥
2023-05-01,0,5,Spring,0,0,0,담하,(단체) 공깃밥
2023-05-02,0,5,Spring,0,0,0,담하,(단체) 공깃밥
2023-05-03,0,5,Spring,0,0,0,담하,(단체) 공깃밥
2023-05-04,0,5,Spring,0,0,0,담하,(단체) 공깃밥
2023-05-05,0,5,Spring,0,1,1,담하,(단체) 공깃밥
2023-05-06,0,5,Spring,1,0,1,담하,(단체) 공깃밥
2023-05-07,0,5,Spring,1,0,1,담하,(단체) 공깃밥
2023-05-08,0,5,Spring,0,0,0,담하,(단체) 공깃밥
2023-05-09,0,5,Spring,0,0,0,담하,(단체) 공깃밥
2023-05-10,0,5,Spring,0,0,0,담하,(단체) 공깃밥
2023-05-11,0,5,Spring,0,0,0,담하,(단체) 공깃밥
2023-05-12,0,5,Spring,0,0,0,담하,(단체) 공깃밥
2023-05-13,0,5,Spring,1,0,1,담하,(단체) 공깃밥
2023-05-14,0,5,Spring,1,0,1,담하,(단체) 공깃밥
2023-05-15,0,5,Spring,0,0,0,담하,(단체) 공깃밥
2023-05-16,0,5,Spring,0,0,0,담하,(단체) 공깃밥
2023-05-17,0,5,Spring,0,0,0,담하,(단체) 공깃밥
2023-05-18,0,5,Spring,0,0,0,담하,(단체) 공깃밥
2023-05-19,0,5,Spring,0,0,0,담하,(단체) 공깃밥
2023-05-20,0,5,Spring,1,0,1,담하,(단체) 공깃밥
2023-05-21,0,5,Spring,1,0,1,담하,(단체) 공깃밥
2023-05-22,0,5,Spring,0,0,0,담하,(단체) 공깃밥
2023-05-23,0,5,Spring,0,0,0,담하,(단체) 공깃밥
2023-05-24,0,5,Spring,0,0,0,담하,(단체) 공깃밥
2023-05-25,0,5,Spring,0,0,0,담하,(단체) 공깃밥
2023-05-26,0,5,Spring,0,0,0,담하,(단체) 공깃밥
2023-05-27,0,5,Spring,1,1,1,담하,(단체) 공깃밥
2023-05-28,0,5,Spring,1,0,1,담하,(단체) 공깃밥
2023-05-29,0,5,Spring,0,1,1,담하,(단체) 공깃밥
2023-05-30,0,5,Spring,0,0,0,담하,(단체) 공깃밥
2023-05-31,1,5,Spring,0,0,0,담하,(단체) 공깃밥
2023-06-01,1,6,Summer,0,0,0,담하,(단체) 공깃밥
2023-06-02,1,6,Summer,0,0,0,담하,(단체) 공깃밥
2023-06-03,0,6,Summer,1,0,1,담하,(단체) 공깃밥
2023-06-04,0,6,Summer,1,0,1,담하,(단체) 공깃밥
2023-06-05,0,6,Summer,0,0,0,담하,(단체) 공깃밥
2023-06-06,0,6,Summer,0,1,1,담하,(단체) 공깃밥
2023-06-07,51,6,Summer,0,0,0,담하,(단체) 공깃밥
2023-06-08,0,6,Summer,0,0,0,담하,(단체) 공깃밥
2023-06-09,2,6,Summer,0,0,0,담하,(단체) 공깃밥
2023-06-10,0,6,Summer,1,0,1,담하,(단체) 공깃밥
2023-06-11,0,6,Summer,1,0,1,담하,(단체) 공깃밥
2023-06-12,0,6,Summer,0,0,0,담하,(단체) 공깃밥
2023-06-13,0,6,Summer,0,0,0,담하,(단체) 공깃밥
2023-06-14,0,6,Summer,0,0,0,담하,(단체) 공깃밥
2023-06-15,0,6,Summer,0,0,0,담하,(단체) 공깃밥
2023-06-16,0,6,Summer,0,0,0,담하,(단체) 공깃밥
2023-06-17,0,6,Summer,1,0,1,담하,(단체) 공깃밥
2023-06-18,0,6,Summer,1,0,1,담하,(단체) 공깃밥
2023-06-19,3,6,Summer,0,0,0,담하,(단체) 공깃밥
2023-06-20,1,6,Summer,0,0,0,담하,(단체) 공깃밥
2023-06-21,0,6,Summer,0,0,0,담하,(단체) 공깃밥
2023-06-22,0,6,Summer,0,0,0,담하,(단체) 공깃밥
2023-06-23,0,6,Summer,0,0,0,담하,(단체) 공깃밥
2023-06-24,0,6,Summer,1,0,1,담하,(단체) 공깃밥
2023-06-25,0,6,Summer,1,0,1,담하,(단체) 공깃밥
2023-06-26,2,6,Summer,0,0,0,담하,(단체) 공깃밥
2023-06-27,3,6,Summer,0,0,0,담하,(단체) 공깃밥
2023-06-28,0,6,Summer,0,0,0,담하,(단체) 공깃밥
2023-06-29,1,6,Summer,0,0,0,담하,(단체) 공깃밥
2023-06-30,3,6,Summer,0,0,0,담하,(단체) 공깃밥
2023-07-01,0,7,Summer,1,0,1,담하,(단체) 공깃밥
2023-07-02,0,7,Summer,1,0,1,담하,(단체) 공깃밥
2023-07-03,0,7,Summer,0,0,0,담하,(단체) 공깃밥
2023-07-04,0,7,Summer,0,0,0,담하,(단체) 공깃밥
2023-07-05,0,7,Summer,0,0,0,담하,(단체) 공깃밥
2023-07-06,0,7,Summer,0,0,0,담하,(단체) 공깃밥
2023-07-07,0,7,Summer,0,0,0,담하,(단체) 공깃밥
2023-07-08,0,7,Summer,1,0,1,담하,(단체) 공깃밥
2023-07-09,0,7,Summer,1,0,1,담하,(단체) 공깃밥
2023-07-10,0,7,Summer,0,0,0,담하,(단체) 공깃밥
2023-07-11,0,7,Summer,0,0,0,담하,(단체) 공깃밥
2023-07-12,0,7,Summer,0,0,0,담하,(단체) 공깃밥
2023-07-13,0,7,Summer,0,0,0,담하,(단체) 공깃밥
2023-07-14,0,7,Summer,0,0,0,담하,(단체) 공깃밥
2023-07-15,0,7,Summer,1,0,1,담하,(단체) 공깃밥
2023-07-16,0,7,Summer,1,0,1,담하,(단체) 공깃밥
2023-07-17,0,7,Summer,0,0,0,담하,(단체) 공깃밥
2023-07-18,0,7,Summer,0,0,0,담하,(단체) 공깃밥
2023-07-19,0,7,Summer,0,0,0,담하,(단체) 공깃밥
2023-07-20,0,7,Summer,0,0,0,담하,(단체) 공깃밥
2023-07-21,0,7,Summer,0,0,0,담하,(단체) 공깃밥
2023-07-22,0,7,Summer,1,0,1,담하,(단체) 공깃밥
2023-07-23,0,7,Summer,1,0,1,담하,(단체) 공깃밥
2023-07-24,0,7,Summer,0,0,0,담하,(단체) 공깃밥
2023-07-25,0,7,Summer,0,0,0,담하,(단체) 공깃밥
2023-07-26,2,7,Summer,0,0,0,담하,(단체) 공깃밥
2023-07-27,0,7,Summer,0,0,0,담하,(단체) 공깃밥
2023-07-28,0,7,Summer,0,0,0,담하,(단체) 공깃밥
2023-07-29,0,7,Summer,1,0,1,담하,(단체) 공깃밥
2023-07-30,0,7,Summer,1,0,1,담하,(단체) 공깃밥
2023-07-31,0,7,Summer,0,0,0,담하,(단체) 공깃밥
2023-08-01,0,8,Summer,0,0,0,담하,(단체) 공깃밥
2023-08-02,0,8,Summer,0,0,0,담하,(단체) 공깃밥
2023-08-03,0,8,Summer,0,0,0,담하,(단체) 공깃밥
2023-08-04,0,8,Summer,0,0,0,담하,(단체) 공깃밥
2023-08-05,0,8,Summer,1,0,1,담하,(단체) 공깃밥
2023-08-06,0,8,Summer,1,0,1,담하,(단체) 공깃밥
2023-08-07,1,8,Summer,0,0,0,담하,(단체) 공깃밥
2023-08-08,0,8,Summer,0,0,0,담하,(단체) 공깃밥
2023-08-09,0,8,Summer,0,0,0,담하,(단체) 공깃밥
2023-08-10,0,8,Summer,0,0,0,담하,(단체) 공깃밥
2023-08-11,0,8,Summer,0,0,0,담하,(단체) 공깃밥
2023-08-12,1,8,Summer,1,0,1,담하,(단체) 공깃밥
2023-08-13,0,8,Summer,1,0,1,담하,(단체) 공깃밥
2023-08-14,0,8,Summer,0,0,0,담하,(단체) 공깃밥
2023-08-15,0,8,Summer,0,1,1,담하,(단체) 공깃밥
2023-08-16,0,8,Summer,0,0,0,담하,(단체) 공깃밥
2023-08-17,0,8,Summer,0,0,0,담하,(단체) 공깃밥
2023-08-18,0,8,Summer,0,0,0,담하,(단체) 공깃밥
2023-08-19,4,8,Summer,1,0,1,담하,(단체) 공깃밥
2023-08-20,0,8,Summer,1,0,1,담하,(단체) 공깃밥
2023-08-21,0,8,Summer,0,0,0,담하,(단체) 공깃밥
2023-08-22,0,8,Summer,0,0,0,담하,(단체) 공깃밥
2023-08-23,0,8,Summer,0,0,0,담하,(단체) 공깃밥
2023-08-24,0,8,Summer,0,0,0,담하,(단체) 공깃밥
2023-08-25,1,8,Summer,0,0,0,담하,(단체) 공깃밥
2023-08-26,0,8,Summer,1,0,1,담하,(단체) 공깃밥
2023-08-27,0,8,Summer,1,0,1,담하,(단체) 공깃밥
2023-08-28,1,8,Summer,0,0,0,담하,(단체) 공깃밥
2023-08-29,1,8,Summer,0,0,0,담하,(단체) 공깃밥
2023-08-30,0,8,Summer,0,0,0,담하,(단체) 공깃밥
2023-08-31,2,8,Summer,0,0,0,담하,(단체) 공깃밥
2023-09-01,0,9,Autumn,0,0,0,담하,(단체) 공깃밥
2023-09-02,0,9,Autumn,1,0,1,담하,(단체) 공깃밥
2023-09-03,0,9,Autumn,1,0,1,담하,(단체) 공깃밥
2023-09-04,25,9,Autumn,0,0,0,담하,(단체) 공깃밥
2023-09-05,0,9,Autumn,0,0,0,담하,(단체) 공깃밥
2023-09-06,1,9,Autumn,0,0,0,담하,(단체) 공깃밥
2023-09-07,3,9,Autumn,0,0,0,담하,(단체) 공깃밥
2023-09-08,0,9,Autumn,0,0,0,담하,(단체) 공깃밥
2023-09-09,0,9,Autumn,1,0,1,담하,(단체) 공깃밥
2023-09-10,0,9,Autumn,1,0,1,담하,(단체) 공깃밥
2023-09-11,5,9,Autumn,0,0,0,담하,(단체) 공깃밥
2023-09-12,4,9,Autumn,0,0,0,담하,(단체) 공깃밥
2023-09-13,4,9,Autumn,0,0,0,담하,(단체) 공깃밥
2023-09-14,0,9,Autumn,0,0,0,담하,(단체) 공깃밥
2023-09-15,0,9,Autumn,0,0,0,담하,(단체) 공깃밥
2023-09-16,0,9,Autumn,1,0,1,담하,(단체) 공깃밥
2023-09-17,0,9,Autumn,1,0,1,담하,(단체) 공깃밥
2023-09-18,0,9,Autumn,0,0,0,담하,(단체) 공깃밥
2023-09-19,0,9,Autumn,0,0,0,담하,(단체) 공깃밥
2023-09-20,1,9,Autumn,0,0,0,담하,(단체) 공깃밥
2023-09-21,0,9,Autumn,0,0,0,담하,(단체) 공깃밥
2023-09-22,0,9,Autumn,0,0,0,담하,(단체) 공깃밥
2023-09-23,0,9,Autumn,1,0,1,담하,(단체) 공깃밥
2023-09-24,0,9,Autumn,1,0,1,담하,(단체) 공깃밥
2023-09-25,0,9,Autumn,0,0,0,담하,(단체) 공깃밥
2023-09-26,0,9,Autumn,0,0,0,담하,(단체) 공깃밥
2023-09-27,0,9,Autumn,0,0,0,담하,(단체) 공깃밥
2023-09-28,0,9,Autumn,0,1,1,담하,(단체) 공깃밥
2023-09-29,0,9,Autumn,0,1,1,담하,(단체) 공깃밥
2023-09-30,0,9,Autumn,1,1,1,담하,(단체) 공깃밥
2023-10-01,0,10,Autumn,1,0,1,담하,(단체) 공깃밥
2023-10-02,0,10,Autumn,0,1,1,담하,(단체) 공깃밥
2023-10-03,0,10,Autumn,0,1,1,담하,(단체) 공깃밥
2023-10-04,0,10,Autumn,0,0,0,담하,(단체) 공깃밥
2023-10-05,0,10,Autumn,0,0,0,담하,(단체) 공깃밥
2023-10-06,5,10,Autumn,0,0,0,담하,(단체) 공깃밥
2023-10-07,0,10,Autumn,1,0,1,담하,(단체) 공깃밥
2023-10-08,0,10,Autumn,1,0,1,담하,(단체) 공깃밥
2023-10-09,0,10,Autumn,0,1,1,담하,(단체) 공깃밥
2023-10-10,0,10,Autumn,0,0,0,담하,(단체) 공깃밥
2023-10-11,0,10,Autumn,0,0,0,담하,(단체) 공깃밥
2023-10-12,0,10,Autumn,0,0,0,담하,(단체) 공깃밥
2023-10-13,10,10,Autumn,0,0,0,담하,(단체) 공깃밥
2023-10-14,0,10,Autumn,1,0,1,담하,(단체) 공깃밥
2023-10-15,0,10,Autumn,1,0,1,담하,(단체) 공깃밥
2023-10-16,0,10,Autumn,0,0,0,담하,(단체) 공깃밥
2023-10-17,2,10,Autumn,0,0,0,담하,(단체) 공깃밥
2023-10-18,0,10,Autumn,0,0,0,담하,(단체) 공깃밥
2023-10-19,2,10,Autumn,0,0,0,담하,(단체) 공깃밥
2023-10-20,1,10,Autumn,0,0,0,담하,(단체) 공깃밥
2023-10-21,0,10,Autumn,1,0,1,담하,(단체) 공깃밥
2023-10-22,0,10,Autumn,1,0,1,담하,(단체) 공깃밥
2023-10-23,0,10,Autumn,0,0,0,담하,(단체) 공깃밥
2023-10-24,0,10,Autumn,0,0,0,담하,(단체) 공깃밥
2023-10-25,1,10,Autumn,0,0,0,담하,(단체) 공깃밥
2023-10-26,0,10,Autumn,0,0,0,담하,(단체) 공깃밥
2023-10-27,0,10,Autumn,0,0,0,담하,(단체) 공깃밥
2023-10-28,0,10,Autumn,1,0,1,담하,(단체) 공깃밥
2023-10-29,1,10,Autumn,1,0,1,담하,(단체) 공깃밥
2023-10-30,0,10,Autumn,0,0,0,담하,(단체) 공깃밥
2023-10-31,4,10,Autumn,0,0,0,담하,(단체) 공깃밥
2023-11-01,0,11,Autumn,0,0,0,담하,(단체) 공깃밥
2023-11-02,6,11,Autumn,0,0,0,담하,(단체) 공깃밥
2023-11-03,0,11,Autumn,0,0,0,담하,(단체) 공깃밥
2023-11-04,2,11,Autumn,1,0,1,담하,(단체) 공깃밥
2023-11-05,0,11,Autumn,1,0,1,담하,(단체) 공깃밥
2023-11-06,0,11,Autumn,0,0,0,담하,(단체) 공깃밥
2023-11-07,0,11,Autumn,0,0,0,담하,(단체) 공깃밥
2023-11-08,0,11,Autumn,0,0,0,담하,(단체) 공깃밥
2023-11-09,0,11,Autumn,0,0,0,담하,(단체) 공깃밥
2023-11-10,0,11,Autumn,0,0,0,담하,(단체) 공깃밥
2023-11-11,0,11,Autumn,1,0,1,담하,(단체) 공깃밥
2023-11-12,0,11,Autumn,1,0,1,담하,(단체) 공깃밥
2023-11-13,1,11,Autumn,0,0,0,담하,(단체) 공깃밥
2023-11-14,1,11,Autumn,0,0,0,담하,(단체) 공깃밥
2023-11-15,0,11,Autumn,0,0,0,담하,(단체) 공깃밥
2023-11-16,4,11,Autumn,0,0,0,담하,(단체) 공깃밥
2023-11-17,0,11,Autumn,0,0,0,담하,(단체) 공깃밥
2023-11-18,0,11,Autumn,1,0,1,담하,(단체) 공깃밥
2023-11-19,0,11,Autumn,1,0,1,담하,(단체) 공깃밥
2023-11-20,0,11,Autumn,0,0,0,담하,(단체) 공깃밥
2023-11-21,0,11,Autumn,0,0,0,담하,(단체) 공깃밥
2023-11-22,0,11,Autumn,0,0,0,담하,(단체) 공깃밥
2023-11-23,0,11,Autumn,0,0,0,담하,(단체) 공깃밥
2023-11-24,2,11,Autumn,0,0,0,담하,(단체) 공깃밥
2023-11-25,0,11,Autumn,1,0,1,담하,(단체) 공깃밥
2023-11-26,0,11,Autumn,1,0,1,담하,(단체) 공깃밥
2023-11-27,0,11,Autumn,0,0,0,담하,(단체) 공깃밥
2023-11-28,0,11,Autumn,0,0,0,담하,(단체) 공깃밥
2023-11-29,0,11,Autumn,0,0,0,담하,(단체) 공깃밥
2023-11-30,0,11,Autumn,0,0,0,담하,(단체) 공깃밥
2023-12-01,2,12,Winter,0,0,0,담하,(단체) 공깃밥
2023-12-02,0,12,Winter,1,0,1,담하,(단체) 공깃밥
2023-12-03,0,12,Winter,1,0,1,담하,(단체) 공깃밥
2023-12-04,0,12,Winter,0,0,0,담하,(단체) 공깃밥
2023-12-05,0,12,Winter,0,0,0,담하,(단체) 공깃밥
2023-12-06,2,12,Winter,0,0,0,담하,(단체) 공깃밥
2023-12-07,0,12,Winter,0,0,0,담하,(단체) 공깃밥
2023-12-08,0,12,Winter,0,0,0,담하,(단체) 공깃밥
2023-12-09,0,12,Winter,1,0,1,담하,(단체) 공깃밥
2023-12-10,0,12,Winter,1,0,1,담하,(단체) 공깃밥
2023-12-11,6,12,Winter,0,0,0,담하,(단체) 공깃밥
2023-12-12,0,12,Winter,0,0,0,담하,(단체) 공깃밥
2023-12-13,0,12,Winter,0,0,0,담하,(단체) 공깃밥
2023-12-14,0,12,Winter,0,0,0,담하,(단체) 공깃밥
2023-12-15,0,12,Winter,0,0,0,담하,(단체) 공깃밥
2023-12-16,0,12,Winter,1,0,1,담하,(단체) 공깃밥
2023-12-17,0,12,Winter,1,0,1,담하,(단체) 공깃밥
2023-12-18,0,12,Winter,0,0,0,담하,(단체) 공깃밥
2023-12-19,0,12,Winter,0,0,0,담하,(단체) 공깃밥
2023-12-20,0,12,Winter,0,0,0,담하,(단체) 공깃밥
2023-12-21,0,12,Winter,0,0,0,담하,(단체) 공깃밥
2023-12-22,0,12,Winter,0,0,0,담하,(단체) 공깃밥
2023-12-23,0,12,Winter,1,0,1,담하,(단체) 공깃밥
2023-12-24,0,12,Winter,1,0,1,담하,(단체) 공깃밥
2023-12-25,0,12,Winter,0,1,1,담하,(단체) 공깃밥
2023-12-26,0,12,Winter,0,0,0,담하,(단체) 공깃밥
2023-12-27,0,12,Winter,0,0,0,담하,(단체) 공깃밥
2023-12-28,0,12,Winter,0,0,0,담하,(단체) 공깃밥
2023-12-29,0,12,Winter,0,0,0,담하,(단체) 공깃밥
2023-12-30,0,12,Winter,1,0,1,담하,(단체) 공깃밥
2023-12-31,0,12,Winter,1,0,1,담하,(단체) 공깃밥
2024-01-01,0,1,Winter,0,1,1,담하,(단체) 공깃밥
2024-01-02,0,1,Winter,0,0,0,담하,(단체) 공깃밥
2024-01-03,0,1,Winter,0,0,0,담하,(단체) 공깃밥
2024-01-04,0,1,Winter,0,0,0,담하,(단체) 공깃밥
2024-01-05,1,1,Winter,0,0,0,담하,(단체) 공깃밥
2024-01-06,0,1,Winter,1,0,1,담하,(단체) 공깃밥
2024-01-07,0,1,Winter,1,0,1,담하,(단체) 공깃밥
2024-01-08,0,1,Winter,0,0,0,담하,(단체) 공깃밥
2024-01-09,4,1,Winter,0,0,0,담하,(단체) 공깃밥
2024-01-10,0,1,Winter,0,0,0,담하,(단체) 공깃밥
2024-01-11,0,1,Winter,0,0,0,담하,(단체) 공깃밥
2024-01-12,0,1,Winter,0,0,0,담하,(단체) 공깃밥
2024-01-13,3,1,Winter,1,0,1,담하,(단체) 공깃밥
2024-01-14,0,1,Winter,1,0,1,담하,(단체) 공깃밥
2024-01-15,0,1,Winter,0,0,0,담하,(단체) 공깃밥
2024-01-16,0,1,Winter,0,0,0,담하,(단체) 공깃밥
2024-01-17,2,1,Winter,0,0,0,담하,(단체) 공깃밥
2024-01-18,2,1,Winter,0,0,0,담하,(단체) 공깃밥
2024-01-19,0,1,Winter,0,0,0,담하,(단체) 공깃밥
2024-01-20,0,1,Winter,1,0,1,담하,(단체) 공깃밥
2024-01-21,0,1,Winter,1,0,1,담하,(단체) 공깃밥
2024-01-22,11,1,Winter,0,0,0,담하,(단체) 공깃밥
2024-01-23,2,1,Winter,0,0,0,담하,(단체) 공깃밥
2024-01-24,2,1,Winter,0,0,0,담하,(단체) 공깃밥
2024-01-25,0,1,Winter,0,0,0,담하,(단체) 공깃밥
2024-01-26,0,1,Winter,0,0,0,담하,(단체) 공깃밥
2024-01-27,0,1,Winter,1,0,1,담하,(단체) 공깃밥
2024-01-28,0,1,Winter,1,0,1,담하,(단체) 공깃밥
2024-01-29,0,1,Winter,0,0,0,담하,(단체) 공깃밥
2024-01-30,2,1,Winter,0,0,0,담하,(단체) 공깃밥
2024-01-31,0,1,Winter,0,0,0,담하,(단체) 공깃밥
2024-02-01,1,2,Winter,0,0,0,담하,(단체) 공깃밥
2024-02-02,0,2,Winter,0,0,0,담하,(단체) 공깃밥
2024-02-03,0,2,Winter,1,0,1,담하,(단체) 공깃밥
2024-02-04,0,2,Winter,1,0,1,담하,(단체) 공깃밥
2024-02-05,0,2,Winter,0,0,0,담하,(단체) 공깃밥
2024-02-06,0,2,Winter,0,0,0,담하,(단체) 공깃밥
2024-02-07,0,2,Winter,0,0,0,담하,(단체) 공깃밥
2024-02-08,0,2,Winter,0,0,0,담하,(단체) 공깃밥
2024-02-09,0,2,Winter,0,1,1,담하,(단체) 공깃밥
2024-02-10,0,2,Winter,1,1,1,담하,(단체) 공깃밥
2024-02-11,0,2,Winter,1,1,1,담하,(단체) 공깃밥
2024-02-12,0,2,Winter,0,1,1,담하,(단체) 공깃밥
2024-02-13,0,2,Winter,0,0,0,담하,(단체) 공깃밥
2024-02-14,0,2,Winter,0,0,0,담하,(단체) 공깃밥
2024-02-15,0,2,Winter,0,0,0,담하,(단체) 공깃밥
2024-02-16,1,2,Winter,0,0,0,담하,(단체) 공깃밥
2024-02-17,0,2,Winter,1,0,1,담하,(단체) 공깃밥
2024-02-18,0,2,Winter,1,0,1,담하,(단체) 공깃밥
2024-02-19,0,2,Winter,0,0,0,담하,(단체) 공깃밥
2024-02-20,0,2,Winter,0,0,0,담하,(단체) 공깃밥
2024-02-21,0,2,Winter,0,0,0,담하,(단체) 공깃밥
2024-02-22,1,2,Winter,0,0,0,담하,(단체) 공깃밥
2024-02-23,2,2,Winter,0,0,0,담하,(단체) 공깃밥
2024-02-24,0,2,Winter,1,0,1,담하,(단체) 공깃밥
2024-02-25,0,2,Winter,1,0,1,담하,(단체) 공깃밥
2024-02-26,0,2,Winter,0,0,0,담하,(단체) 공깃밥
2024-02-27,0,2,Winter,0,0,0,담하,(단체) 공깃밥
2024-02-28,0,2,Winter,0,0,0,담하,(단체) 공깃밥
2024-02-29,0,2,Winter,0,0,0,담하,(단체) 공깃밥
2024-03-01,0,3,Spring,0,1,1,담하,(단체) 공깃밥
2024-03-02,0,3,Spring,1,0,1,담하,(단체) 공깃밥
2024-03-03,0,3,Spring,1,0,1,담하,(단체) 공깃밥
2024-03-04,0,3,Spring,0,0,0,담하,(단체) 공깃밥
2024-03-05,0,3,Spring,0,0,0,담하,(단체) 공깃밥
2024-03-06,0,3,Spring,0,0,0,담하,(단체) 공깃밥
2024-03-07,0,3,Spring,0,0,0,담하,(단체) 공깃밥
2024-03-08,0,3,Spring,0,0,0,담하,(단체) 공깃밥
2024-03-09,0,3,Spring,1,0,1,담하,(단체) 공깃밥
2024-03-10,0,3,Spring,1,0,1,담하,(단체) 공깃밥
2024-03-11,0,3,Spring,0,0,0,담하,(단체) 공깃밥
2024-03-12,0,3,Spring,0,0,0,담하,(단체) 공깃밥
2024-03-13,0,3,Spring,0,0,0,담하,(단체) 공깃밥
2024-03-14,0,3,Spring,0,0,0,담하,(단체) 공깃밥
2024-03-15,0,3,Spring,0,0,0,담하,(단체) 공깃밥
2024-03-16,0,3,Spring,1,0,1,담하,(단체) 공깃밥
2024-03-17,0,3,Spring,1,0,1,담하,(단체) 공깃밥
2024-03-18,3,3,Spring,0,0,0,담하,(단체) 공깃밥
2024-03-19,2,3,Spring,0,0,0,담하,(단체) 공깃밥
2024-03-20,0,3,Spring,0,0,0,담하,(단체) 공깃밥
2024-03-21,0,3,Spring,0,0,0,담하,(단체) 공깃밥
2024-03-22,0,3,Spring,0,0,0,담하,(단체) 공깃밥
2024-03-23,0,3,Spring,1,0,1,담하,(단체) 공깃밥
2024-03-24,0,3,Spring,1,0,1,담하,(단체) 공깃밥
2024-03-25,0,3,Spring,0,0,0,담하,(단체) 공깃밥
2024-03-26,0,3,Spring,0,0,0,담하,(단체) 공깃밥
2024-03-27,0,3,Spring,0,0,0,담하,(단체) 공깃밥
2024-03-28,0,3,Spring,0,0,0,담하,(단체) 공깃밥
2024-03-29,0,3,Spring,0,0,0,담하,(단체) 공깃밥
2024-03-30,0,3,Spring,1,0,1,담하,(단체) 공깃밥
2024-03-31,0,3,Spring,1,0,1,담하,(단체) 공깃밥
2024-04-01,2,4,Spring,0,0,0,담하,(단체) 공깃밥
2024-04-02,0,4,Spring,0,0,0,담하,(단체) 공깃밥
2024-04-03,0,4,Spring,0,0,0,담하,(단체) 공깃밥
2024-04-04,0,4,Spring,0,0,0,담하,(단체) 공깃밥
2024-04-05,0,4,Spring,0,0,0,담하,(단체) 공깃밥
2024-04-06,0,4,Spring,1,0,1,담하,(단체) 공깃밥
2024-04-07,0,4,Spring,1,0,1,담하,(단체) 공깃밥
2024-04-08,1,4,Spring,0,0,0,담하,(단체) 공깃밥
2024-04-09,0,4,Spring,0,0,0,담하,(단체) 공깃밥
2024-04-10,0,4,Spring,0,1,1,담하,(단체) 공깃밥
2024-04-11,0,4,Spring,0,0,0,담하,(단체) 공깃밥
2024-04-12,0,4,Spring,0,0,0,담하,(단체) 공깃밥
2024-04-13,0,4,Spring,1,0,1,담하,(단체) 공깃밥
2024-04-14,0,4,Spring,1,0,1,담하,(단체) 공깃밥
2024-04-15,0,4,Spring,0,0,0,담하,(단체) 공깃밥
2024-04-16,6,4,Spring,0,0,0,담하,(단체) 공깃밥
2024-04-17,2,4,Spring,0,0,0,담하,(단체) 공깃밥
2024-04-18,2,4,Spring,0,0,0,담하,(단체) 공깃밥
2024-04-19,3,4,Spring,0,0,0,담하,(단체) 공깃밥
2024-04-20,0,4,Spring,1,0,1,담하,(단체) 공깃밥
2024-04-21,0,4,Spring,1,0,1,담하,(단체) 공깃밥
2024-04-22,0,4,Spring,0,0,0,담하,(단체) 공깃밥
2024-04-23,0,4,Spring,0,0,0,담하,(단체) 공깃밥
2024-04-24,0,4,Spring,0,0,0,담하,(단체) 공깃밥
2024-04-25,0,4,Spring,0,0,0,담하,(단체) 공깃밥
2024-04-26,0,4,Spring,0,0,0,담하,(단체) 공깃밥
2024-04-27,0,4,Spring,1,0,1,담하,(단체) 공깃밥
2024-04-28,0,4,Spring,1,0,1,담하,(단체) 공깃밥
2024-04-29,0,4,Spring,0,0,0,담하,(단체) 공깃밥
2024-04-30,2,4,Spring,0,0,0,담하,(단체) 공깃밥
2024-05-01,0,5,Spring,0,0,0,담하,(단체) 공깃밥
2024-05-02,0,5,Spring,0,0,0,담하,(단체) 공깃밥
2024-05-03,0,5,Spring,0,0,0,담하,(단체) 공깃밥
2024-05-04,0,5,Spring,1,0,1,담하,(단체) 공깃밥
2024-05-05,0,5,Spring,1,1,1,담하,(단체) 공깃밥
2024-05-06,0,5,Spring,0,1,1,담하,(단체) 공깃밥
2024-05-07,1,5,Spring,0,0,0,담하,(단체) 공깃밥
2024-05-08,0,5,Spring,0,0,0,담하,(단체) 공깃밥
2024-05-09,3,5,Spring,0,0,0,담하,(단체) 공깃밥
2024-05-10,0,5,Spring,0,0,0,담하,(단체) 공깃밥
2024-05-11,0,5,Spring,1,0,1,담하,(단체) 공깃밥
2024-05-12,0,5,Spring,1,0,1,담하,(단체) 공깃밥
2024-05-13,0,5,Spring,0,0,0,담하,(단체) 공깃밥
2024-05-14,0,5,Spring,0,0,0,담하,(단체) 공깃밥
2024-05-15,0,5,Spring,0,1,1,담하,(단체) 공깃밥
2024-05-16,2,5,Spring,0,0,0,담하,(단체) 공깃밥
2024-05-17,0,5,Spring,0,0,0,담하,(단체) 공깃밥
2024-05-18,1,5,Spring,1,0,1,담하,(단체) 공깃밥
2024-05-19,0,5,Spring,1,0,1,담하,(단체) 공깃밥
2024-05-20,0,5,Spring,0,0,0,담하,(단체) 공깃밥
2024-05-21,0,5,Spring,0,0,0,담하,(단체) 공깃밥
2024-05-22,3,5,Spring,0,0,0,담하,(단체) 공깃밥
2024-05-23,0,5,Spring,0,0,0,담하,(단체) 공깃밥
2024-05-24,1,5,Spring,0,0,0,담하,(단체) 공깃밥
2024-05-25,0,5,Spring,1,0,1,담하,(단체) 공깃밥
2024-05-26,0,5,Spring,1,0,1,담하,(단체) 공깃밥
2024-05-27,0,5,Spring,0,0,0,담하,(단체) 공깃밥
2024-05-28,2,5,Spring,0,0,0,담하,(단체) 공깃밥
2024-05-29,0,5,Spring,0,0,0,담하,(단체) 공깃밥
2024-05-30,0,5,Spring,0,0,0,담하,(단체) 공깃밥
2024-05-31,6,5,Spring,0,0,0,담하,(단체) 공깃밥
2024-06-01,0,6,Summer,1,0,1,담하,(단체) 공깃밥
2024-06-02,0,6,Summer,1,0,1,담하,(단체) 공깃밥
2024-06-03,0,6,Summer,0,0,0,담하,(단체) 공깃밥
2024-06-04,3,6,Summer,0,0,0,담하,(단체) 공깃밥
2024-06-05,0,6,Summer,0,0,0,담하,(단체) 공깃밥
2024-06-06,0,6,Summer,0,1,1,담하,(단체) 공깃밥
2024-06-07,0,6,Summer,0,0,0,담하,(단체) 공깃밥
2024-06-08,0,6,Summer,1,0,1,담하,(단체) 공깃밥
2024-06-09,0,6,Summer,1,0,1,담하,(단체) 공깃밥
2024-06-10,1,6,Summer,0,0,0,담하,(단체) 공깃밥
2024-06-11,0,6,Summer,0,0,0,담하,(단체) 공깃밥
2024-06-12,2,6,Summer,0,0,0,담하,(단체) 공깃밥
2024-06-13,0,6,Summer,0,0,0,담하,(단체) 공깃밥
2024-06-14,4,6,Summer,0,0,0,담하,(단체) 공깃밥
2024-06-15,0,6,Summer,1,0,1,담하,(단체) 공깃밥
2023-01-01,0,1,Winter,1,1,1,담하,(단체) 생목살 김치전골 2.0
2023-01-02,0,1,Winter,0,0,0,담하,(단체) 생목살 김치전골 2.0
2023-01-03,0,1,Winter,0,0,0,담하,(단체) 생목살 김치전골 2.0
2023-01-04,0,1,Winter,0,0,0,담하,(단체) 생목살 김치전골 2.0
2023-01-05,0,1,Winter,0,0,0,담하,(단체) 생목살 김치전골 2.0
2023-01-06,0,1,Winter,0,0,0,담하,(단체) 생목살 김치전골 2.0
2023-01-07,0,1,Winter,1,0,1,담하,(단체) 생목살 김치전골 2.0
2023-01-08,0,1,Winter,1,0,1,담하,(단체) 생목살 김치전골 2.0
2023-01-09,0,1,Winter,0,0,0,담하,(단체) 생목살 김치전골 2.0
2023-01-10,0,1,Winter,0,0,0,담하,(단체) 생목살 김치전골 2.0
2023-01-11,0,1,Winter,0,0,0,담하,(단체) 생목살 김치전골 2.0
2023-01-12,0,1,Winter,0,0,0,담하,(단체) 생목살 김치전골 2.0
2023-01-13,0,1,Winter,0,0,0,담하,(단체) 생목살 김치전골 2.0
2023-01-14,0,1,Winter,1,0,1,담하,(단체) 생목살 김치전골 2.0
2023-01-15,0,1,Winter,1,0,1,담하,(단체) 생목살 김치전골 2.0
2023-01-16,0,1,Winter,0,0,0,담하,(단체) 생목살 김치전골 2.0
2023-01-17,0,1,Winter,0,0,0,담하,(단체) 생목살 김치전골 2.0
2023-01-18,0,1,Winter,0,0,0,담하,(단체) 생목살 김치전골 2.0
2023-01-19,0,1,Winter,0,0,0,담하,(단체) 생목살 김치전골 2.0
2023-01-20,0,1,Winter,0,0,0,담하,(단체) 생목살 김치전골 2.0
2023-01-21,0,1,Winter,1,1,1,담하,(단체) 생목살 김치전골 2.0
2023-01-22,0,1,Winter,1,1,1,담하,(단체) 생목살 김치전골 2.0
2023-01-23,0,1,Winter,0,1,1,담하,(단체) 생목살 김치전골 2.0
2023-01-24,0,1,Winter,0,1,1,담하,(단체) 생목살 김치전골 2.0
2023-01-25,0,1,Winter,0,0,0,담하,(단체) 생목살 김치전골 2.0
2023-01-26,0,1,Winter,0,0,0,담하,(단체) 생목살 김치전골 2.0
2023-01-27,0,1,Winter,0,0,0,담하,(단체) 생목살 김치전골 2.0
2023-01-28,0,1,Winter,1,0,1,담하,(단체) 생목살 김치전골 2.0
2023-01-29,0,1,Winter,1,0,1,담하,(단체) 생목살 김치전골 2.0
2023-01-30,0,1,Winter,0,0,0,담하,(단체) 생목살 김치전골 2.0
2023-01-31,0,1,Winter,0,0,0,담하,(단체) 생목살 김치전골 2.0
2023-02-01,0,2,Winter,0,0,0,담하,(단체) 생목살 김치전골 2.0
2023-02-02,0,2,Winter,0,0,0,담하,(단체) 생목살 김치전골 2.0
2023-02-03,0,2,Winter,0,0,0,담하,(단체) 생목살 김치전골 2.0
2023-02-04,0,2,Winter,1,0,1,담하,(단체) 생목살 김치전골 2.0
2023-02-05,0,2,Winter,1,0,1,담하,(단체) 생목살 김치전골 2.0
2023-02-06,0,2,Winter,0,0,0,담하,(단체) 생목살 김치전골 2.0
2023-02-07,0,2,Winter,0,0,0,담하,(단체) 생목살 김치전골 2.0
2023-02-08,0,2,Winter,0,0,0,담하,(단체) 생목살 김치전골 2.0
2023-02-09,0,2,Winter,0,0,0,담하,(단체) 생목살 김치전골 2.0
2023-02-10,0,2,Winter,0,0,0,담하,(단체) 생목살 김치전골 2.0
2023-02-11,0,2,Winter,1,0,1,담하,(단체) 생목살 김치전골 2.0
2023-02-12,0,2,Winter,1,0,1,담하,(단체) 생목살 김치전골 2.0
2023-02-13,0,2,Winter,0,0,0,담하,(단체) 생목살 김치전골 2.0
2023-02-14,0,2,Winter,0,0,0,담하,(단체) 생목살 김치전골 2.0
2023-02-15,0,2,Winter,0,0,0,담하,(단체) 생목살 김치전골 2.0
2023-02-16,0,2,Winter,0,0,0,담하,(단체) 생목살 김치전골 2.0
2023-02-17,0,2,Winter,0,0,0,담하,(단체) 생목살 김치전골 2.0
2023-02-18,0,2,Winter,1,0,1,담하,(단체) 생목살 김치전골 2.0
2023-02-19,0,2,Winter,1,0,1,담하,(단체) 생목살 김치전골 2.0
2023-02-20,0,2,Winter,0,0,0,담하,(단체) 생목살 김치전골 2.0
2023-02-21,0,2,Winter,0,0,0,담하,(단체) 생목살 김치전골 2.0
2023-02-22,0,2,Winter,0,0,0,담하,(단체) 생목살 김치전골 2.0
2023-02-23,0,2,Winter,0,0,0,담하,(단체) 생목살 김치전골 2.0
2023-02-24,0,2,Winter,0,0,0,담하,(단체) 생목살 김치전골 2.0
2023-02-25,0,2,Winter,1,0,1,담하,(단체) 생목살 김치전골 2.0
2023-02-26,0,2,Winter,1,0,1,담하,(단체) 생목살 김치전골 2.0
2023-02-27,0,2,Winter,0,0,0,담하,(단체) 생목살 김치전골 2.0
2023-02-28,0,2,Winter,0,0,0,담하,(단체) 생목살 김치전골 2.0
2023-03-01,0,3,Spring,0,1,1,담하,(단체) 생목살 김치전골 2.0
2023-03-02,0,3,Spring,0,0,0,담하,(단체) 생목살 김치전골 2.0
2023-03-03,0,3,Spring,0,0,0,담하,(단체) 생목살 김치전골 2.0
2023-03-04,0,3,Spring,1,0,1,담하,(단체) 생목살 김치전골 2.0
2023-03-05,0,3,Spring,1,0,1,담하,(단체) 생목살 김치전골 2.0
2023-03-06,0,3,Spring,0,0,0,담하,(단체) 생목살 김치전골 2.0
2023-03-07,0,3,Spring,0,0,0,담하,(단체) 생목살 김치전골 2.0
2023-03-08,0,3,Spring,0,0,0,담하,(단체) 생목살 김치전골 2.0
2023-03-09,0,3,Spring,0,0,0,담하,(단체) 생목살 김치전골 2.0
2023-03-10,0,3,Spring,0,0,0,담하,(단체) 생목살 김치전골 2.0
2023-03-11,0,3,Spring,1,0,1,담하,(단체) 생목살 김치전골 2.0
2023-03-12,0,3,Spring,1,0,1,담하,(단체) 생목살 김치전골 2.0
2023-03-13,0,3,Spring,0,0,0,담하,(단체) 생목살 김치전골 2.0
2023-03-14,0,3,Spring,0,0,0,담하,(단체) 생목살 김치전골 2.0
2023-03-15,0,3,Spring,0,0,0,담하,(단체) 생목살 김치전골 2.0
2023-03-16,0,3,Spring,0,0,0,담하,(단체) 생목살 김치전골 2.0
2023-03-17,0,3,Spring,0,0,0,담하,(단체) 생목살 김치전골 2.0
2023-03-18,0,3,Spring,1,0,1,담하,(단체) 생목살 김치전골 2.0
2023-03-19,0,3,Spring,1,0,1,담하,(단체) 생목살 김치전골 2.0
2023-03-20,0,3,Spring,0,0,0,담하,(단체) 생목살 김치전골 2.0
2023-03-21,0,3,Spring,0,0,0,담하,(단체) 생목살 김치전골 2.0
2023-03-22,0,3,Spring,0,0,0,담하,(단체) 생목살 김치전골 2.0
2023-03-23,0,3,Spring,0,0,0,담하,(단체) 생목살 김치전골 2.0
2023-03-24,0,3,Spring,0,0,0,담하,(단체) 생목살 김치전골 2.0
2023-03-25,0,3,Spring,1,0,1,담하,(단체) 생목살 김치전골 2.0
2023-03-26,0,3,Spring,1,0,1,담하,(단체) 생목살 김치전골 2.0
2023-03-27,0,3,Spring,0,0,0,담하,(단체) 생목살 김치전골 2.0
2023-03-28,0,3,Spring,0,0,0,담하,(단체) 생목살 김치전골 2.0
2023-03-29,0,3,Spring,0,0,0,담하,(단체) 생목살 김치전골 2.0
2023-03-30,0,3,Spring,0,0,0,담하,(단체) 생목살 김치전골 2.0
2023-03-31,0,3,Spring,0,0,0,담하,(단체) 생목살 김치전골 2.0
2023-04-01,0,4,Spring,1,0,1,담하,(단체) 생목살 김치전골 2.0
2023-04-02,0,4,Spring,1,0,1,담하,(단체) 생목살 김치전골 2.0
2023-04-03,0,4,Spring,0,0,0,담하,(단체) 생목살 김치전골 2.0
2023-04-04,0,4,Spring,0,0,0,담하,(단체) 생목살 김치전골 2.0
2023-04-05,0,4,Spring,0,0,0,담하,(단체) 생목살 김치전골 2.0
2023-04-06,0,4,Spring,0,0,0,담하,(단체) 생목살 김치전골 2.0
2023-04-07,0,4,Spring,0,0,0,담하,(단체) 생목살 김치전골 2.0
2023-04-08,0,4,Spring,1,0,1,담하,(단체) 생목살 김치전골 2.0
2023-04-09,0,4,Spring,1,0,1,담하,(단체) 생목살 김치전골 2.0
2023-04-10,0,4,Spring,0,0,0,담하,(단체) 생목살 김치전골 2.0
2023-04-11,0,4,Spring,0,0,0,담하,(단체) 생목살 김치전골 2.0
2023-04-12,0,4,Spring,0,0,0,담하,(단체) 생목살 김치전골 2.0
2023-04-13,0,4,Spring,0,0,0,담하,(단체) 생목살 김치전골 2.0
2023-04-14,0,4,Spring,0,0,0,담하,(단체) 생목살 김치전골 2.0
2023-04-15,0,4,Spring,1,0,1,담하,(단체) 생목살 김치전골 2.0
2023-04-16,0,4,Spring,1,0,1,담하,(단체) 생목살 김치전골 2.0
2023-04-17,0,4,Spring,0,0,0,담하,(단체) 생목살 김치전골 2.0
2023-04-18,0,4,Spring,0,0,0,담하,(단체) 생목살 김치전골 2.0
2023-04-19,0,4,Spring,0,0,0,담하,(단체) 생목살 김치전골 2.0
2023-04-20,0,4,Spring,0,0,0,담하,(단체) 생목살 김치전골 2.0
2023-04-21,0,4,Spring,0,0,0,담하,(단체) 생목살 김치전골 2.0
2023-04-22,0,4,Spring,1,0,1,담하,(단체) 생목살 김치전골 2.0
2023-04-23,0,4,Spring,1,0,1,담하,(단체) 생목살 김치전골 2.0
2023-04-24,0,4,Spring,0,0,0,담하,(단체) 생목살 김치전골 2.0
2023-04-25,0,4,Spring,0,0,0,담하,(단체) 생목살 김치전골 2.0
2023-04-26,0,4,Spring,0,0,0,담하,(단체) 생목살 김치전골 2.0
2023-04-27,0,4,Spring,0,0,0,담하,(단체) 생목살 김치전골 2.0
2023-04-28,0,4,Spring,0,0,0,담하,(단체) 생목살 김치전골 2.0
2023-04-29,0,4,Spring,1,0,1,담하,(단체) 생목살 김치전골 2.0
2023-04-30,0,4,Spring,1,0,1,담하,(단체) 생목살 김치전골 2.0
2023-05-01,0,5,Spring,0,0,0,담하,(단체) 생목살 김치전골 2.0
2023-05-02,0,5,Spring,0,0,0,담하,(단체) 생목살 김치전골 2.0
2023-05-03,0,5,Spring,0,0,0,담하,(단체) 생목살 김치전골 2.0
2023-05-04,0,5,Spring,0,0,0,담하,(단체) 생목살 김치전골 2.0
2023-05-05,0,5,Spring,0,1,1,담하,(단체) 생목살 김치전골 2.0
2023-05-06,0,5,Spring,1,0,1,담하,(단체) 생목살 김치전골 2.0
2023-05-07,0,5,Spring,1,0,1,담하,(단체) 생목살 김치전골 2.0
2023-05-08,0,5,Spring,0,0,0,담하,(단체) 생목살 김치전골 2.0
2023-05-09,0,5,Spring,0,0,0,담하,(단체) 생목살 김치전골 2.0
2023-05-10,0,5,Spring,0,0,0,담하,(단체) 생목살 김치전골 2.0
2023-05-11,0,5,Spring,0,0,0,담하,(단체) 생목살 김치전골 2.0
2023-05-12,0,5,Spring,0,0,0,담하,(단체) 생목살 김치전골 2.0
2023-05-13,0,5,Spring,1,0,1,담하,(단체) 생목살 김치전골 2.0
2023-05-14,0,5,Spring,1,0,1,담하,(단체) 생목살 김치전골 2.0
2023-05-15,0,5,Spring,0,0,0,담하,(단체) 생목살 김치전골 2.0
2023-05-16,0,5,Spring,0,0,0,담하,(단체) 생목살 김치전골 2.0
2023-05-17,0,5,Spring,0,0,0,담하,(단체) 생목살 김치전골 2.0
2023-05-18,0,5,Spring,0,0,0,담하,(단체) 생목살 김치전골 2.0
2023-05-19,0,5,Spring,0,0,0,담하,(단체) 생목살 김치전골 2.0
2023-05-20,0,5,Spring,1,0,1,담하,(단체) 생목살 김치전골 2.0
2023-05-21,0,5,Spring,1,0,1,담하,(단체) 생목살 김치전골 2.0
2023-05-22,0,5,Spring,0,0,0,담하,(단체) 생목살 김치전골 2.0
2023-05-23,0,5,Spring,0,0,0,담하,(단체) 생목살 김치전골 2.0
2023-05-24,0,5,Spring,0,0,0,담하,(단체) 생목살 김치전골 2.0
2023-05-25,0,5,Spring,0,0,0,담하,(단체) 생목살 김치전골 2.0
2023-05-26,0,5,Spring,0,0,0,담하,(단체) 생목살 김치전골 2.0
2023-05-27,0,5,Spring,1,1,1,담하,(단체) 생목살 김치전골 2.0
2023-05-28,0,5,Spring,1,0,1,담하,(단체) 생목살 김치전골 2.0
2023-05-29,0,5,Spring,0,1,1,담하,(단체) 생목살 김치전골 2.0
2023-05-30,0,5,Spring,0,0,0,담하,(단체) 생목살 김치전골 2.0
2023-05-31,0,5,Spring,0,0,0,담하,(단체) 생목살 김치전골 2.0
2023-06-01,0,6,Summer,0,0,0,담하,(단체) 생목살 김치전골 2.0
2023-06-02,0,6,Summer,0,0,0,담하,(단체) 생목살 김치전골 2.0
2023-06-03,0,6,Summer,1,0,1,담하,(단체) 생목살 김치전골 2.0
2023-06-04,0,6,Summer,1,0,1,담하,(단체) 생목살 김치전골 2.0
2023-06-05,0,6,Summer,0,0,0,담하,(단체) 생목살 김치전골 2.0
2023-06-06,0,6,Summer,0,1,1,담하,(단체) 생목살 김치전골 2.0
2023-06-07,0,6,Summer,0,0,0,담하,(단체) 생목살 김치전골 2.0
2023-06-08,0,6,Summer,0,0,0,담하,(단체) 생목살 김치전골 2.0
2023-06-09,0,6,Summer,0,0,0,담하,(단체) 생목살 김치전골 2.0
2023-06-10,0,6,Summer,1,0,1,담하,(단체) 생목살 김치전골 2.0
2023-06-11,0,6,Summer,1,0,1,담하,(단체) 생목살 김치전골 2.0
2023-06-12,0,6,Summer,0,0,0,담하,(단체) 생목살 김치전골 2.0
2023-06-13,0,6,Summer,0,0,0,담하,(단체) 생목살 김치전골 2.0
2023-06-14,0,6,Summer,0,0,0,담하,(단체) 생목살 김치전골 2.0
2023-06-15,0,6,Summer,0,0,0,담하,(단체) 생목살 김치전골 2.0
2023-06-16,0,6,Summer,0,0,0,담하,(단체) 생목살 김치전골 2.0
2023-06-17,0,6,Summer,1,0,1,담하,(단체) 생목살 김치전골 2.0
2023-06-18,0,6,Summer,1,0,1,담하,(단체) 생목살 김치전골 2.0
2023-06-19,0,6,Summer,0,0,0,담하,(단체) 생목살 김치전골 2.0
2023-06-20,0,6,Summer,0,0,0,담하,(단체) 생목살 김치전골 2.0
2023-06-21,0,6,Summer,0,0,0,담하,(단체) 생목살 김치전골 2.0
2023-06-22,0,6,Summer,0,0,0,담하,(단체) 생목살 김치전골 2.0
2023-06-23,0,6,Summer,0,0,0,담하,(단체) 생목살 김치전골 2.0
2023-06-24,0,6,Summer,1,0,1,담하,(단체) 생목살 김치전골 2.0
2023-06-25,0,6,Summer,1,0,1,담하,(단체) 생목살 김치전골 2.0
2023-06-26,0,6,Summer,0,0,0,담하,(단체) 생목살 김치전골 2.0
2023-06-27,0,6,Summer,0,0,0,담하,(단체) 생목살 김치전골 2.0
2023-06-28,0,6,Summer,0,0,0,담하,(단체) 생목살 김치전골 2.0
2023-06-29,0,6,Summer,0,0,0,담하,(단체) 생목살 김치전골 2.0
2023-06-30,0,6,Summer,0,0,0,담하,(단체) 생목살 김치전골 2.0
2023-07-01,0,7,Summer,1,0,1,담하,(단체) 생목살 김치전골 2.0
2023-07-02,0,7,Summer,1,0,1,담하,(단체) 생목살 김치전골 2.0
2023-07-03,0,7,Summer,0,0,0,담하,(단체) 생목살 김치전골 2.0
2023-07-04,0,7,Summer,0,0,0,담하,(단체) 생목살 김치전골 2.0
2023-07-05,0,7,Summer,0,0,0,담하,(단체) 생목살 김치전골 2.0
2023-07-06,0,7,Summer,0,0,0,담하,(단체) 생목살 김치전골 2.0
2023-07-07,0,7,Summer,0,0,0,담하,(단체) 생목살 김치전골 2.0
2023-07-08,0,7,Summer,1,0,1,담하,(단체) 생목살 김치전골 2.0
2023-07-09,0,7,Summer,1,0,1,담하,(단체) 생목살 김치전골 2.0
2023-07-10,0,7,Summer,0,0,0,담하,(단체) 생목살 김치전골 2.0
2023-07-11,0,7,Summer,0,0,0,담하,(단체) 생목살 김치전골 2.0
2023-07-12,0,7,Summer,0,0,0,담하,(단체) 생목살 김치전골 2.0
2023-07-13,0,7,Summer,0,0,0,담하,(단체) 생목살 김치전골 2.0
2023-07-14,0,7,Summer,0,0,0,담하,(단체) 생목살 김치전골 2.0
2023-07-15,0,7,Summer,1,0,1,담하,(단체) 생목살 김치전골 2.0
2023-07-16,0,7,Summer,1,0,1,담하,(단체) 생목살 김치전골 2.0
2023-07-17,0,7,Summer,0,0,0,담하,(단체) 생목살 김치전골 2.0
2023-07-18,0,7,Summer,0,0,0,담하,(단체) 생목살 김치전골 2.0
2023-07-19,0,7,Summer,0,0,0,담하,(단체) 생목살 김치전골 2.0
2023-07-20,0,7,Summer,0,0,0,담하,(단체) 생목살 김치전골 2.0
2023-07-21,0,7,Summer,0,0,0,담하,(단체) 생목살 김치전골 2.0
2023-07-22,0,7,Summer,1,0,1,담하,(단체) 생목살 김치전골 2.0
2023-07-23,0,7,Summer,1,0,1,담하,(단체) 생목살 김치전골 2.0
2023-07-24,0,7,Summer,0,0,0,담하,(단체) 생목살 김치전골 2.0
2023-07-25,0,7,Summer,0,0,0,담하,(단체) 생목살 김치전골 2.0
2023-07-26,0,7,Summer,0,0,0,담하,(단체) 생목살 김치전골 2.0
2023-07-27,0,7,Summer,0,0,0,담하,(단체) 생목살 김치전골 2.0
2023-07-28,0,7,Summer,0,0,0,담하,(단체) 생목살 김치전골 2.0
2023-07-29,0,7,Summer,1,0,1,담하,(단체) 생목살 김치전골 2.0
2023-07-30,0,7,Summer,1,0,1,담하,(단체) 생목살 김치전골 2.0
2023-07-31,0,7,Summer,0,0,0,담하,(단체) 생목살 김치전골 2.0
2023-08-01,0,8,Summer,0,0,0,담하,(단체) 생목살 김치전골 2.0
2023-08-02,0,8,Summer,0,0,0,담하,(단체) 생목살 김치전골 2.0
2023-08-03,0,8,Summer,0,0,0,담하,(단체) 생목살 김치전골 2.0
2023-08-04,0,8,Summer,0,0,0,담하,(단체) 생목살 김치전골 2.0
2023-08-05,0,8,Summer,1,0,1,담하,(단체) 생목살 김치전골 2.0
2023-08-06,0,8,Summer,1,0,1,담하,(단체) 생목살 김치전골 2.0
2023-08-07,0,8,Summer,0,0,0,담하,(단체) 생목살 김치전골 2.0
2023-08-08,0,8,Summer,0,0,0,담하,(단체) 생목살 김치전골 2.0
2023-08-09,0,8,Summer,0,0,0,담하,(단체) 생목살 김치전골 2.0
2023-08-10,0,8,Summer,0,0,0,담하,(단체) 생목살 김치전골 2.0
2023-08-11,0,8,Summer,0,0,0,담하,(단체) 생목살 김치전골 2.0
2023-08-12,0,8,Summer,1,0,1,담하,(단체) 생목살 김치전골 2.0
2023-08-13,0,8,Summer,1,0,1,담하,(단체) 생목살 김치전골 2.0
2023-08-14,0,8,Summer,0,0,0,담하,(단체) 생목살 김치전골 2.0
2023-08-15,0,8,Summer,0,1,1,담하,(단체) 생목살 김치전골 2.0
2023-08-16,0,8,Summer,0,0,0,담하,(단체) 생목살 김치전골 2.0
2023-08-17,0,8,Summer,0,0,0,담하,(단체) 생목살 김치전골 2.0
2023-08-18,0,8,Summer,0,0,0,담하,(단체) 생목살 김치전골 2.0
2023-08-19,0,8,Summer,1,0,1,담하,(단체) 생목살 김치전골 2.0
2023-08-20,0,8,Summer,1,0,1,담하,(단체) 생목살 김치전골 2.0
2023-08-21,0,8,Summer,0,0,0,담하,(단체) 생목살 김치전골 2.0
2023-08-22,0,8,Summer,0,0,0,담하,(단체) 생목살 김치전골 2.0
2023-08-23,0,8,Summer,0,0,0,담하,(단체) 생목살 김치전골 2.0
2023-08-24,0,8,Summer,0,0,0,담하,(단체) 생목살 김치전골 2.0
2023-08-25,0,8,Summer,0,0,0,담하,(단체) 생목살 김치전골 2.0
2023-08-26,0,8,Summer,1,0,1,담하,(단체) 생목살 김치전골 2.0
2023-08-27,0,8,Summer,1,0,1,담하,(단체) 생목살 김치전골 2.0
2023-08-28,0,8,Summer,0,0,0,담하,(단체) 생목살 김치전골 2.0
2023-08-29,0,8,Summer,0,0,0,담하,(단체) 생목살 김치전골 2.0
2023-08-30,0,8,Summer,0,0,0,담하,(단체) 생목살 김치전골 2.0
2023-08-31,0,8,Summer,0,0,0,담하,(단체) 생목살 김치전골 2.0
2023-09-01,0,9,Autumn,0,0,0,담하,(단체) 생목살 김치전골 2.0
2023-09-02,0,9,Autumn,1,0,1,담하,(단체) 생목살 김치전골 2.0
2023-09-03,0,9,Autumn,1,0,1,담하,(단체) 생목살 김치전골 2.0
2023-09-04,0,9,Autumn,0,0,0,담하,(단체) 생목살 김치전골 2.0
2023-09-05,0,9,Autumn,0,0,0,담하,(단체) 생목살 김치전골 2.0
2023-09-06,0,9,Autumn,0,0,0,담하,(단체) 생목살 김치전골 2.0
2023-09-07,0,9,Autumn,0,0,0,담하,(단체) 생목살 김치전골 2.0
2023-09-08,0,9,Autumn,0,0,0,담하,(단체) 생목살 김치전골 2.0
2023-09-09,0,9,Autumn,1,0,1,담하,(단체) 생목살 김치전골 2.0
2023-09-10,0,9,Autumn,1,0,1,담하,(단체) 생목살 김치전골 2.0
2023-09-11,0,9,Autumn,0,0,0,담하,(단체) 생목살 김치전골 2.0
2023-09-12,0,9,Autumn,0,0,0,담하,(단체) 생목살 김치전골 2.0
2023-09-13,0,9,Autumn,0,0,0,담하,(단체) 생목살 김치전골 2.0
2023-09-14,0,9,Autumn,0,0,0,담하,(단체) 생목살 김치전골 2.0
2023-09-15,0,9,Autumn,0,0,0,담하,(단체) 생목살 김치전골 2.0
2023-09-16,0,9,Autumn,1,0,1,담하,(단체) 생목살 김치전골 2.0
2023-09-17,0,9,Autumn,1,0,1,담하,(단체) 생목살 김치전골 2.0
2023-09-18,26,9,Autumn,0,0,0,담하,(단체) 생목살 김치전골 2.0
2023-09-19,0,9,Autumn,0,0,0,담하,(단체) 생목살 김치전골 2.0
2023-09-20,29,9,Autumn,0,0,0,담하,(단체) 생목살 김치전골 2.0
2023-09-21,0,9,Autumn,0,0,0,담하,(단체) 생목살 김치전골 2.0
2023-09-22,0,9,Autumn,0,0,0,담하,(단체) 생목살 김치전골 2.0
2023-09-23,0,9,Autumn,1,0,1,담하,(단체) 생목살 김치전골 2.0
2023-09-24,0,9,Autumn,1,0,1,담하,(단체) 생목살 김치전골 2.0
2023-09-25,0,9,Autumn,0,0,0,담하,(단체) 생목살 김치전골 2.0
2023-09-26,0,9,Autumn,0,0,0,담하,(단체) 생목살 김치전골 2.0
2023-09-27,0,9,Autumn,0,0,0,담하,(단체) 생목살 김치전골 2.0
2023-09-28,0,9,Autumn,0,1,1,담하,(단체) 생목살 김치전골 2.0
2023-09-29,0,9,Autumn,0,1,1,담하,(단체) 생목살 김치전골 2.0
2023-09-30,0,9,Autumn,1,1,1,담하,(단체) 생목살 김치전골 2.0
2023-10-01,0,10,Autumn,1,0,1,담하,(단체) 생목살 김치전골 2.0
2023-10-02,0,10,Autumn,0,1,1,담하,(단체) 생목살 김치전골 2.0
2023-10-03,0,10,Autumn,0,1,1,담하,(단체) 생목살 김치전골 2.0
2023-10-04,0,10,Autumn,0,0,0,담하,(단체) 생목살 김치전골 2.0
2023-10-05,22,10,Autumn,0,0,0,담하,(단체) 생목살 김치전골 2.0
2023-10-06,59,10,Autumn,0,0,0,담하,(단체) 생목살 김치전골 2.0
2023-10-07,0,10,Autumn,1,0,1,담하,(단체) 생목살 김치전골 2.0
2023-10-08,0,10,Autumn,1,0,1,담하,(단체) 생목살 김치전골 2.0
2023-10-09,0,10,Autumn,0,1,1,담하,(단체) 생목살 김치전골 2.0
2023-10-10,0,10,Autumn,0,0,0,담하,(단체) 생목살 김치전골 2.0
2023-10-11,0,10,Autumn,0,0,0,담하,(단체) 생목살 김치전골 2.0
2023-10-12,0,10,Autumn,0,0,0,담하,(단체) 생목살 김치전골 2.0
2023-10-13,0,10,Autumn,0,0,0,담하,(단체) 생목살 김치전골 2.0
2023-10-14,0,10,Autumn,1,0,1,담하,(단체) 생목살 김치전골 2.0
2023-10-15,0,10,Autumn,1,0,1,담하,(단체) 생목살 김치전골 2.0
2023-10-16,84,10,Autumn,0,0,0,담하,(단체) 생목살 김치전골 2.0
2023-10-17,0,10,Autumn,0,0,0,담하,(단체) 생목살 김치전골 2.0
2023-10-18,0,10,Autumn,0,0,0,담하,(단체) 생목살 김치전골 2.0
2023-10-19,0,10,Autumn,0,0,0,담하,(단체) 생목살 김치전골 2.0
2023-10-20,32,10,Autumn,0,0,0,담하,(단체) 생목살 김치전골 2.0
2023-10-21,0,10,Autumn,1,0,1,담하,(단체) 생목살 김치전골 2.0
2023-10-22,0,10,Autumn,1,0,1,담하,(단체) 생목살 김치전골 2.0
2023-10-23,27,10,Autumn,0,0,0,담하,(단체) 생목살 김치전골 2.0
2023-10-24,0,10,Autumn,0,0,0,담하,(단체) 생목살 김치전골 2.0
2023-10-25,0,10,Autumn,0,0,0,담하,(단체) 생목살 김치전골 2.0
2023-10-26,0,10,Autumn,0,0,0,담하,(단체) 생목살 김치전골 2.0
2023-10-27,50,10,Autumn,0,0,0,담하,(단체) 생목살 김치전골 2.0
2023-10-28,0,10,Autumn,1,0,1,담하,(단체) 생목살 김치전골 2.0
2023-10-29,0,10,Autumn,1,0,1,담하,(단체) 생목살 김치전골 2.0
2023-10-30,0,10,Autumn,0,0,0,담하,(단체) 생목살 김치전골 2.0
2023-10-31,0,10,Autumn,0,0,0,담하,(단체) 생목살 김치전골 2.0
2023-11-01,0,11,Autumn,0,0,0,담하,(단체) 생목살 김치전골 2.0
2023-11-02,21,11,Autumn,0,0,0,담하,(단체) 생목살 김치전골 2.0
2023-11-03,0,11,Autumn,0,0,0,담하,(단체) 생목살 김치전골 2.0
2023-11-04,23,11,Autumn,1,0,1,담하,(단체) 생목살 김치전골 2.0
2023-11-05,0,11,Autumn,1,0,1,담하,(단체) 생목살 김치전골 2.0
2023-11-06,0,11,Autumn,0,0,0,담하,(단체) 생목살 김치전골 2.0
2023-11-07,0,11,Autumn,0,0,0,담하,(단체) 생목살 김치전골 2.0
2023-11-08,0,11,Autumn,0,0,0,담하,(단체) 생목살 김치전골 2.0
2023-11-09,0,11,Autumn,0,0,0,담하,(단체) 생목살 김치전골 2.0
2023-11-10,12,11,Autumn,0,0,0,담하,(단체) 생목살 김치전골 2.0
2023-11-11,0,11,Autumn,1,0,1,담하,(단체) 생목살 김치전골 2.0
2023-11-12,0,11,Autumn,1,0,1,담하,(단체) 생목살 김치전골 2.0
2023-11-13,24,11,Autumn,0,0,0,담하,(단체) 생목살 김치전골 2.0
2023-11-14,0,11,Autumn,0,0,0,담하,(단체) 생목살 김치전골 2.0
2023-11-15,0,11,Autumn,0,0,0,담하,(단체) 생목살 김치전골 2.0
2023-11-16,30,11,Autumn,0,0,0,담하,(단체) 생목살 김치전골 2.0
2023-11-17,0,11,Autumn,0,0,0,담하,(단체) 생목살 김치전골 2.0
2023-11-18,0,11,Autumn,1,0,1,담하,(단체) 생목살 김치전골 2.0
2023-11-19,0,11,Autumn,1,0,1,담하,(단체) 생목살 김치전골 2.0
2023-11-20,0,11,Autumn,0,0,0,담하,(단체) 생목살 김치전골 2.0
2023-11-21,30,11,Autumn,0,0,0,담하,(단체) 생목살 김치전골 2.0
2023-11-22,30,11,Autumn,0,0,0,담하,(단체) 생목살 김치전골 2.0
2023-11-23,0,11,Autumn,0,0,0,담하,(단체) 생목살 김치전골 2.0
2023-11-24,28,11,Autumn,0,0,0,담하,(단체) 생목살 김치전골 2.0
2023-11-25,0,11,Autumn,1,0,1,담하,(단체) 생목살 김치전골 2.0
2023-11-26,0,11,Autumn,1,0,1,담하,(단체) 생목살 김치전골 2.0
2023-11-27,0,11,Autumn,0,0,0,담하,(단체) 생목살 김치전골 2.0
2023-11-28,16,11,Autumn,0,0,0,담하,(단체) 생목살 김치전골 2.0
2023-11-29,0,11,Autumn,0,0,0,담하,(단체) 생목살 김치전골 2.0
2023-11-30,44,11,Autumn,0,0,0,담하,(단체) 생목살 김치전골 2.0
2023-12-01,0,12,Winter,0,0,0,담하,(단체) 생목살 김치전골 2.0
2023-12-02,0,12,Winter,1,0,1,담하,(단체) 생목살 김치전골 2.0
2023-12-03,0,12,Winter,1,0,1,담하,(단체) 생목살 김치전골 2.0
2023-12-04,0,12,Winter,0,0,0,담하,(단체) 생목살 김치전골 2.0
2023-12-05,0,12,Winter,0,0,0,담하,(단체) 생목살 김치전골 2.0
2023-12-06,39,12,Winter,0,0,0,담하,(단체) 생목살 김치전골 2.0
2023-12-07,0,12,Winter,0,0,0,담하,(단체) 생목살 김치전골 2.0
2023-12-08,68,12,Winter,0,0,0,담하,(단체) 생목살 김치전골 2.0
2023-12-09,0,12,Winter,1,0,1,담하,(단체) 생목살 김치전골 2.0
2023-12-10,0,12,Winter,1,0,1,담하,(단체) 생목살 김치전골 2.0
2023-12-11,70,12,Winter,0,0,0,담하,(단체) 생목살 김치전골 2.0
2023-12-12,0,12,Winter,0,0,0,담하,(단체) 생목살 김치전골 2.0
2023-12-13,0,12,Winter,0,0,0,담하,(단체) 생목살 김치전골 2.0
2023-12-14,0,12,Winter,0,0,0,담하,(단체) 생목살 김치전골 2.0
2023-12-15,0,12,Winter,0,0,0,담하,(단체) 생목살 김치전골 2.0
2023-12-16,0,12,Winter,1,0,1,담하,(단체) 생목살 김치전골 2.0
2023-12-17,0,12,Winter,1,0,1,담하,(단체) 생목살 김치전골 2.0
2023-12-18,0,12,Winter,0,0,0,담하,(단체) 생목살 김치전골 2.0
2023-12-19,50,12,Winter,0,0,0,담하,(단체) 생목살 김치전골 2.0
2023-12-20,0,12,Winter,0,0,0,담하,(단체) 생목살 김치전골 2.0
2023-12-21,20,12,Winter,0,0,0,담하,(단체) 생목살 김치전골 2.0
2023-12-22,21,12,Winter,0,0,0,담하,(단체) 생목살 김치전골 2.0
2023-12-23,0,12,Winter,1,0,1,담하,(단체) 생목살 김치전골 2.0
2023-12-24,0,12,Winter,1,0,1,담하,(단체) 생목살 김치전골 2.0
2023-12-25,0,12,Winter,0,1,1,담하,(단체) 생목살 김치전골 2.0
2023-12-26,0,12,Winter,0,0,0,담하,(단체) 생목살 김치전골 2.0
2023-12-27,57,12,Winter,0,0,0,담하,(단체) 생목살 김치전골 2.0
2023-12-28,0,12,Winter,0,0,0,담하,(단체) 생목살 김치전골 2.0
2023-12-29,0,12,Winter,0,0,0,담하,(단체) 생목살 김치전골 2.0
2023-12-30,0,12,Winter,1,0,1,담하,(단체) 생목살 김치전골 2.0
2023-12-31,0,12,Winter,1,0,1,담하,(단체) 생목살 김치전골 2.0
2024-01-01,0,1,Winter,0,1,1,담하,(단체) 생목살 김치전골 2.0
2024-01-02,0,1,Winter,0,0,0,담하,(단체) 생목살 김치전골 2.0
2024-01-03,0,1,Winter,0,0,0,담하,(단체) 생목살 김치전골 2.0
2024-01-04,0,1,Winter,0,0,0,담하,(단체) 생목살 김치전골 2.0
2024-01-05,0,1,Winter,0,0,0,담하,(단체) 생목살 김치전골 2.0
2024-01-06,0,1,Winter,1,0,1,담하,(단체) 생목살 김치전골 2.0
2024-01-07,0,1,Winter,1,0,1,담하,(단체) 생목살 김치전골 2.0
2024-01-08,4,1,Winter,0,0,0,담하,(단체) 생목살 김치전골 2.0
2024-01-09,0,1,Winter,0,0,0,담하,(단체) 생목살 김치전골 2.0
2024-01-10,0,1,Winter,0,0,0,담하,(단체) 생목살 김치전골 2.0
2024-01-11,0,1,Winter,0,0,0,담하,(단체) 생목살 김치전골 2.0
2024-01-12,0,1,Winter,0,0,0,담하,(단체) 생목살 김치전골 2.0
2024-01-13,10,1,Winter,1,0,1,담하,(단체) 생목살 김치전골 2.0
2024-01-14,0,1,Winter,1,0,1,담하,(단체) 생목살 김치전골 2.0
2024-01-15,0,1,Winter,0,0,0,담하,(단체) 생목살 김치전골 2.0
2024-01-16,66,1,Winter,0,0,0,담하,(단체) 생목살 김치전골 2.0
2024-01-17,82,1,Winter,0,0,0,담하,(단체) 생목살 김치전골 2.0
2024-01-18,118,1,Winter,0,0,0,담하,(단체) 생목살 김치전골 2.0
2024-01-19,0,1,Winter,0,0,0,담하,(단체) 생목살 김치전골 2.0
2024-01-20,0,1,Winter,1,0,1,담하,(단체) 생목살 김치전골 2.0
2024-01-21,0,1,Winter,1,0,1,담하,(단체) 생목살 김치전골 2.0
2024-01-22,74,1,Winter,0,0,0,담하,(단체) 생목살 김치전골 2.0
2024-01-23,0,1,Winter,0,0,0,담하,(단체) 생목살 김치전골 2.0
2024-01-24,0,1,Winter,0,0,0,담하,(단체) 생목살 김치전골 2.0
2024-01-25,38,1,Winter,0,0,0,담하,(단체) 생목살 김치전골 2.0
2024-01-26,14,1,Winter,0,0,0,담하,(단체) 생목살 김치전골 2.0
2024-01-27,0,1,Winter,1,0,1,담하,(단체) 생목살 김치전골 2.0
2024-01-28,0,1,Winter,1,0,1,담하,(단체) 생목살 김치전골 2.0
2024-01-29,0,1,Winter,0,0,0,담하,(단체) 생목살 김치전골 2.0
2024-01-30,0,1,Winter,0,0,0,담하,(단체) 생목살 김치전골 2.0
2024-01-31,0,1,Winter,0,0,0,담하,(단체) 생목살 김치전골 2.0
2024-02-01,67,2,Winter,0,0,0,담하,(단체) 생목살 김치전골 2.0
2024-02-02,0,2,Winter,0,0,0,담하,(단체) 생목살 김치전골 2.0
2024-02-03,0,2,Winter,1,0,1,담하,(단체) 생목살 김치전골 2.0
2024-02-04,0,2,Winter,1,0,1,담하,(단체) 생목살 김치전골 2.0
2024-02-05,0,2,Winter,0,0,0,담하,(단체) 생목살 김치전골 2.0
2024-02-06,0,2,Winter,0,0,0,담하,(단체) 생목살 김치전골 2.0
2024-02-07,0,2,Winter,0,0,0,담하,(단체) 생목살 김치전골 2.0
2024-02-08,0,2,Winter,0,0,0,담하,(단체) 생목살 김치전골 2.0
2024-02-09,0,2,Winter,0,1,1,담하,(단체) 생목살 김치전골 2.0
2024-02-10,0,2,Winter,1,1,1,담하,(단체) 생목살 김치전골 2.0
2024-02-11,0,2,Winter,1,1,1,담하,(단체) 생목살 김치전골 2.0
2024-02-12,0,2,Winter,0,1,1,담하,(단체) 생목살 김치전골 2.0
2024-02-13,0,2,Winter,0,0,0,담하,(단체) 생목살 김치전골 2.0
2024-02-14,35,2,Winter,0,0,0,담하,(단체) 생목살 김치전골 2.0
2024-02-15,96,2,Winter,0,0,0,담하,(단체) 생목살 김치전골 2.0
2024-02-16,0,2,Winter,0,0,0,담하,(단체) 생목살 김치전골 2.0
2024-02-17,0,2,Winter,1,0,1,담하,(단체) 생목살 김치전골 2.0
2024-02-18,0,2,Winter,1,0,1,담하,(단체) 생목살 김치전골 2.0
2024-02-19,12,2,Winter,0,0,0,담하,(단체) 생목살 김치전골 2.0
2024-02-20,0,2,Winter,0,0,0,담하,(단체) 생목살 김치전골 2.0
2024-02-21,0,2,Winter,0,0,0,담하,(단체) 생목살 김치전골 2.0
2024-02-22,55,2,Winter,0,0,0,담하,(단체) 생목살 김치전골 2.0
2024-02-23,34,2,Winter,0,0,0,담하,(단체) 생목살 김치전골 2.0
2024-02-24,30,2,Winter,1,0,1,담하,(단체) 생목살 김치전골 2.0
2024-02-25,0,2,Winter,1,0,1,담하,(단체) 생목살 김치전골 2.0
2024-02-26,0,2,Winter,0,0,0,담하,(단체) 생목살 김치전골 2.0
2024-02-27,0,2,Winter,0,0,0,담하,(단체) 생목살 김치전골 2.0
2024-02-28,0,2,Winter,0,0,0,담하,(단체) 생목살 김치전골 2.0
2024-02-29,0,2,Winter,0,0,0,담하,(단체) 생목살 김치전골 2.0
2024-03-01,0,3,Spring,0,1,1,담하,(단체) 생목살 김치전골 2.0
2024-03-02,0,3,Spring,1,0,1,담하,(단체) 생목살 김치전골 2.0
2024-03-03,0,3,Spring,1,0,1,담하,(단체) 생목살 김치전골 2.0
2024-03-04,0,3,Spring,0,0,0,담하,(단체) 생목살 김치전골 2.0
2024-03-05,0,3,Spring,0,0,0,담하,(단체) 생목살 김치전골 2.0
2024-03-06,0,3,Spring,0,0,0,담하,(단체) 생목살 김치전골 2.0
2024-03-07,0,3,Spring,0,0,0,담하,(단체) 생목살 김치전골 2.0
2024-03-08,0,3,Spring,0,0,0,담하,(단체) 생목살 김치전골 2.0
2024-03-09,0,3,Spring,1,0,1,담하,(단체) 생목살 김치전골 2.0
2024-03-10,0,3,Spring,1,0,1,담하,(단체) 생목살 김치전골 2.0
2024-03-11,0,3,Spring,0,0,0,담하,(단체) 생목살 김치전골 2.0
2024-03-12,0,3,Spring,0,0,0,담하,(단체) 생목살 김치전골 2.0
2024-03-13,0,3,Spring,0,0,0,담하,(단체) 생목살 김치전골 2.0
2024-03-14,0,3,Spring,0,0,0,담하,(단체) 생목살 김치전골 2.0
2024-03-15,20,3,Spring,0,0,0,담하,(단체) 생목살 김치전골 2.0
2024-03-16,0,3,Spring,1,0,1,담하,(단체) 생목살 김치전골 2.0
2024-03-17,0,3,Spring,1,0,1,담하,(단체) 생목살 김치전골 2.0
2024-03-18,0,3,Spring,0,0,0,담하,(단체) 생목살 김치전골 2.0
2024-03-19,82,3,Spring,0,0,0,담하,(단체) 생목살 김치전골 2.0
2024-03-20,35,3,Spring,0,0,0,담하,(단체) 생목살 김치전골 2.0
2024-03-21,52,3,Spring,0,0,0,담하,(단체) 생목살 김치전골 2.0
2024-03-22,0,3,Spring,0,0,0,담하,(단체) 생목살 김치전골 2.0
2024-03-23,19,3,Spring,1,0,1,담하,(단체) 생목살 김치전골 2.0
2024-03-24,0,3,Spring,1,0,1,담하,(단체) 생목살 김치전골 2.0
2024-03-25,0,3,Spring,0,0,0,담하,(단체) 생목살 김치전골 2.0
2024-03-26,0,3,Spring,0,0,0,담하,(단체) 생목살 김치전골 2.0
2024-03-27,0,3,Spring,0,0,0,담하,(단체) 생목살 김치전골 2.0
2024-03-28,0,3,Spring,0,0,0,담하,(단체) 생목살 김치전골 2.0
2024-03-29,18,3,Spring,0,0,0,담하,(단체) 생목살 김치전골 2.0
2024-03-30,0,3,Spring,1,0,1,담하,(단체) 생목살 김치전골 2.0
2024-03-31,0,3,Spring,1,0,1,담하,(단체) 생목살 김치전골 2.0
2024-04-01,0,4,Spring,0,0,0,담하,(단체) 생목살 김치전골 2.0
2024-04-02,0,4,Spring,0,0,0,담하,(단체) 생목살 김치전골 2.0
2024-04-03,59,4,Spring,0,0,0,담하,(단체) 생목살 김치전골 2.0
2024-04-04,30,4,Spring,0,0,0,담하,(단체) 생목살 김치전골 2.0
2024-04-05,28,4,Spring,0,0,0,담하,(단체) 생목살 김치전골 2.0
2024-04-06,0,4,Spring,1,0,1,담하,(단체) 생목살 김치전골 2.0
2024-04-07,0,4,Spring,1,0,1,담하,(단체) 생목살 김치전골 2.0
2024-04-08,16,4,Spring,0,0,0,담하,(단체) 생목살 김치전골 2.0
2024-04-09,0,4,Spring,0,0,0,담하,(단체) 생목살 김치전골 2.0
2024-04-10,0,4,Spring,0,1,1,담하,(단체) 생목살 김치전골 2.0
2024-04-11,0,4,Spring,0,0,0,담하,(단체) 생목살 김치전골 2.0
2024-04-12,55,4,Spring,0,0,0,담하,(단체) 생목살 김치전골 2.0
2024-04-13,0,4,Spring,1,0,1,담하,(단체) 생목살 김치전골 2.0
2024-04-14,0,4,Spring,1,0,1,담하,(단체) 생목살 김치전골 2.0
2024-04-15,0,4,Spring,0,0,0,담하,(단체) 생목살 김치전골 2.0
2024-04-16,100,4,Spring,0,0,0,담하,(단체) 생목살 김치전골 2.0
2024-04-17,55,4,Spring,0,0,0,담하,(단체) 생목살 김치전골 2.0
2024-04-18,36,4,Spring,0,0,0,담하,(단체) 생목살 김치전골 2.0
2024-04-19,0,4,Spring,0,0,0,담하,(단체) 생목살 김치전골 2.0
2024-04-20,0,4,Spring,1,0,1,담하,(단체) 생목살 김치전골 2.0
2024-04-21,0,4,Spring,1,0,1,담하,(단체) 생목살 김치전골 2.0
2024-04-22,0,4,Spring,0,0,0,담하,(단체) 생목살 김치전골 2.0
2024-04-23,0,4,Spring,0,0,0,담하,(단체) 생목살 김치전골 2.0
2024-04-24,18,4,Spring,0,0,0,담하,(단체) 생목살 김치전골 2.0
2024-04-25,0,4,Spring,0,0,0,담하,(단체) 생목살 김치전골 2.0
2024-04-26,78,4,Spring,0,0,0,담하,(단체) 생목살 김치전골 2.0
2024-04-27,0,4,Spring,1,0,1,담하,(단체) 생목살 김치전골 2.0
2024-04-28,0,4,Spring,1,0,1,담하,(단체) 생목살 김치전골 2.0
2024-04-29,0,4,Spring,0,0,0,담하,(단체) 생목살 김치전골 2.0
2024-04-30,0,4,Spring,0,0,0,담하,(단체) 생목살 김치전골 2.0
2024-05-01,0,5,Spring,0,0,0,담하,(단체) 생목살 김치전골 2.0
2024-05-02,0,5,Spring,0,0,0,담하,(단체) 생목살 김치전골 2.0
2024-05-03,0,5,Spring,0,0,0,담하,(단체) 생목살 김치전골 2.0
2024-05-04,0,5,Spring,1,0,1,담하,(단체) 생목살 김치전골 2.0
2024-05-05,0,5,Spring,1,1,1,담하,(단체) 생목살 김치전골 2.0
2024-05-06,0,5,Spring,0,1,1,담하,(단체) 생목살 김치전골 2.0
2024-05-07,48,5,Spring,0,0,0,담하,(단체) 생목살 김치전골 2.0
2024-05-08,27,5,Spring,0,0,0,담하,(단체) 생목살 김치전골 2.0
2024-05-09,0,5,Spring,0,0,0,담하,(단체) 생목살 김치전골 2.0
2024-05-10,0,5,Spring,0,0,0,담하,(단체) 생목살 김치전골 2.0
2024-05-11,0,5,Spring,1,0,1,담하,(단체) 생목살 김치전골 2.0
2024-05-12,0,5,Spring,1,0,1,담하,(단체) 생목살 김치전골 2.0
2024-05-13,0,5,Spring,0,0,0,담하,(단체) 생목살 김치전골 2.0
2024-05-14,0,5,Spring,0,0,0,담하,(단체) 생목살 김치전골 2.0
2024-05-15,0,5,Spring,0,1,1,담하,(단체) 생목살 김치전골 2.0
2024-05-16,16,5,Spring,0,0,0,담하,(단체) 생목살 김치전골 2.0
2024-05-17,18,5,Spring,0,0,0,담하,(단체) 생목살 김치전골 2.0
2024-05-18,0,5,Spring,1,0,1,담하,(단체) 생목살 김치전골 2.0
2024-05-19,0,5,Spring,1,0,1,담하,(단체) 생목살 김치전골 2.0
2024-05-20,0,5,Spring,0,0,0,담하,(단체) 생목살 김치전골 2.0
2024-05-21,0,5,Spring,0,0,0,담하,(단체) 생목살 김치전골 2.0
2024-05-22,84,5,Spring,0,0,0,담하,(단체) 생목살 김치전골 2.0
2024-05-23,0,5,Spring,0,0,0,담하,(단체) 생목살 김치전골 2.0
2024-05-24,22,5,Spring,0,0,0,담하,(단체) 생목살 김치전골 2.0
2024-05-25,0,5,Spring,1,0,1,담하,(단체) 생목살 김치전골 2.0
2024-05-26,0,5,Spring,1,0,1,담하,(단체) 생목살 김치전골 2.0
2024-05-27,0,5,Spring,0,0,0,담하,(단체) 생목살 김치전골 2.0
2024-05-28,63,5,Spring,0,0,0,담하,(단체) 생목살 김치전골 2.0
2024-05-29,26,5,Spring,0,0,0,담하,(단체) 생목살 김치전골 2.0
2024-05-30,40,5,Spring,0,0,0,담하,(단체) 생목살 김치전골 2.0
2024-05-31,77,5,Spring,0,0,0,담하,(단체) 생목살 김치전골 2.0
2024-06-01,7,6,Summer,1,0,1,담하,(단체) 생목살 김치전골 2.0
2024-06-02,0,6,Summer,1,0,1,담하,(단체) 생목살 김치전골 2.0
2024-06-03,29,6,Summer,0,0,0,담하,(단체) 생목살 김치전골 2.0
2024-06-04,34,6,Summer,0,0,0,담하,(단체) 생목살 김치전골 2.0
2024-06-05,0,6,Summer,0,0,0,담하,(단체) 생목살 김치전골 2.0
2024-06-06,0,6,Summer,0,1,1,담하,(단체) 생목살 김치전골 2.0
2024-06-07,0,6,Summer,0,0,0,담하,(단체) 생목살 김치전골 2.0
2024-06-08,0,6,Summer,1,0,1,담하,(단체) 생목살 김치전골 2.0
2024-06-09,0,6,Summer,1,0,1,담하,(단체) 생목살 김치전골 2.0
2024-06-10,0,6,Summer,0,0,0,담하,(단체) 생목살 김치전골 2.0
2024-06-11,16,6,Summer,0,0,0,담하,(단체) 생목살 김치전골 2.0
2024-06-12,16,6,Summer,0,0,0,담하,(단체) 생목살 김치전골 2.0
2024-06-13,0,6,Summer,0,0,0,담하,(단체) 생목살 김치전골 2.0
2024-06-14,0,6,Summer,0,0,0,담하,(단체) 생목살 김치전골 2.0
2024-06-15,0,6,Summer,1,0,1,담하,(단체) 생목살 김치전골 2.0
2023-01-01,0,1,Winter,1,1,1,담하,(단체) 은이버섯 갈비탕
2023-01-02,0,1,Winter,0,0,0,담하,(단체) 은이버섯 갈비탕
2023-01-03,0,1,Winter,0,0,0,담하,(단체) 은이버섯 갈비탕
2023-01-04,0,1,Winter,0,0,0,담하,(단체) 은이버섯 갈비탕
2023-01-05,0,1,Winter,0,0,0,담하,(단체) 은이버섯 갈비탕
2023-01-06,0,1,Winter,0,0,0,담하,(단체) 은이버섯 갈비탕
2023-01-07,0,1,Winter,1,0,1,담하,(단체) 은이버섯 갈비탕
2023-01-08,0,1,Winter,1,0,1,담하,(단체) 은이버섯 갈비탕
2023-01-09,0,1,Winter,0,0,0,담하,(단체) 은이버섯 갈비탕
2023-01-10,0,1,Winter,0,0,0,담하,(단체) 은이버섯 갈비탕
2023-01-11,0,1,Winter,0,0,0,담하,(단체) 은이버섯 갈비탕
2023-01-12,0,1,Winter,0,0,0,담하,(단체) 은이버섯 갈비탕
2023-01-13,0,1,Winter,0,0,0,담하,(단체) 은이버섯 갈비탕
2023-01-14,0,1,Winter,1,0,1,담하,(단체) 은이버섯 갈비탕
2023-01-15,0,1,Winter,1,0,1,담하,(단체) 은이버섯 갈비탕
2023-01-16,0,1,Winter,0,0,0,담하,(단체) 은이버섯 갈비탕
2023-01-17,0,1,Winter,0,0,0,담하,(단체) 은이버섯 갈비탕
2023-01-18,0,1,Winter,0,0,0,담하,(단체) 은이버섯 갈비탕
2023-01-19,0,1,Winter,0,0,0,담하,(단체) 은이버섯 갈비탕
2023-01-20,0,1,Winter,0,0,0,담하,(단체) 은이버섯 갈비탕
2023-01-21,0,1,Winter,1,1,1,담하,(단체) 은이버섯 갈비탕
2023-01-22,0,1,Winter,1,1,1,담하,(단체) 은이버섯 갈비탕
2023-01-23,0,1,Winter,0,1,1,담하,(단체) 은이버섯 갈비탕
2023-01-24,0,1,Winter,0,1,1,담하,(단체) 은이버섯 갈비탕
2023-01-25,0,1,Winter,0,0,0,담하,(단체) 은이버섯 갈비탕
2023-01-26,0,1,Winter,0,0,0,담하,(단체) 은이버섯 갈비탕
2023-01-27,0,1,Winter,0,0,0,담하,(단체) 은이버섯 갈비탕
2023-01-28,0,1,Winter,1,0,1,담하,(단체) 은이버섯 갈비탕
2023-01-29,0,1,Winter,1,0,1,담하,(단체) 은이버섯 갈비탕
2023-01-30,0,1,Winter,0,0,0,담하,(단체) 은이버섯 갈비탕
2023-01-31,0,1,Winter,0,0,0,담하,(단체) 은이버섯 갈비탕
2023-02-01,0,2,Winter,0,0,0,담하,(단체) 은이버섯 갈비탕
2023-02-02,0,2,Winter,0,0,0,담하,(단체) 은이버섯 갈비탕
2023-02-03,0,2,Winter,0,0,0,담하,(단체) 은이버섯 갈비탕
2023-02-04,0,2,Winter,1,0,1,담하,(단체) 은이버섯 갈비탕
2023-02-05,0,2,Winter,1,0,1,담하,(단체) 은이버섯 갈비탕
2023-02-06,0,2,Winter,0,0,0,담하,(단체) 은이버섯 갈비탕
2023-02-07,0,2,Winter,0,0,0,담하,(단체) 은이버섯 갈비탕
2023-02-08,0,2,Winter,0,0,0,담하,(단체) 은이버섯 갈비탕
2023-02-09,0,2,Winter,0,0,0,담하,(단체) 은이버섯 갈비탕
2023-02-10,0,2,Winter,0,0,0,담하,(단체) 은이버섯 갈비탕
2023-02-11,0,2,Winter,1,0,1,담하,(단체) 은이버섯 갈비탕
2023-02-12,0,2,Winter,1,0,1,담하,(단체) 은이버섯 갈비탕
2023-02-13,0,2,Winter,0,0,0,담하,(단체) 은이버섯 갈비탕
2023-02-14,0,2,Winter,0,0,0,담하,(단체) 은이버섯 갈비탕
2023-02-15,0,2,Winter,0,0,0,담하,(단체) 은이버섯 갈비탕
2023-02-16,0,2,Winter,0,0,0,담하,(단체) 은이버섯 갈비탕
2023-02-17,0,2,Winter,0,0,0,담하,(단체) 은이버섯 갈비탕
2023-02-18,0,2,Winter,1,0,1,담하,(단체) 은이버섯 갈비탕
2023-02-19,0,2,Winter,1,0,1,담하,(단체) 은이버섯 갈비탕
2023-02-20,0,2,Winter,0,0,0,담하,(단체) 은이버섯 갈비탕
2023-02-21,0,2,Winter,0,0,0,담하,(단체) 은이버섯 갈비탕
2023-02-22,0,2,Winter,0,0,0,담하,(단체) 은이버섯 갈비탕
2023-02-23,0,2,Winter,0,0,0,담하,(단체) 은이버섯 갈비탕
2023-02-24,0,2,Winter,0,0,0,담하,(단체) 은이버섯 갈비탕
2023-02-25,0,2,Winter,1,0,1,담하,(단체) 은이버섯 갈비탕
2023-02-26,0,2,Winter,1,0,1,담하,(단체) 은이버섯 갈비탕
2023-02-27,0,2,Winter,0,0,0,담하,(단체) 은이버섯 갈비탕
2023-02-28,0,2,Winter,0,0,0,담하,(단체) 은이버섯 갈비탕
2023-03-01,0,3,Spring,0,1,1,담하,(단체) 은이버섯 갈비탕
2023-03-02,0,3,Spring,0,0,0,담하,(단체) 은이버섯 갈비탕
2023-03-03,0,3,Spring,0,0,0,담하,(단체) 은이버섯 갈비탕
2023-03-04,0,3,Spring,1,0,1,담하,(단체) 은이버섯 갈비탕
2023-03-05,0,3,Spring,1,0,1,담하,(단체) 은이버섯 갈비탕
2023-03-06,0,3,Spring,0,0,0,담하,(단체) 은이버섯 갈비탕
2023-03-07,0,3,Spring,0,0,0,담하,(단체) 은이버섯 갈비탕
2023-03-08,0,3,Spring,0,0,0,담하,(단체) 은이버섯 갈비탕
2023-03-09,0,3,Spring,0,0,0,담하,(단체) 은이버섯 갈비탕
2023-03-10,0,3,Spring,0,0,0,담하,(단체) 은이버섯 갈비탕
2023-03-11,0,3,Spring,1,0,1,담하,(단체) 은이버섯 갈비탕
2023-03-12,0,3,Spring,1,0,1,담하,(단체) 은이버섯 갈비탕
2023-03-13,0,3,Spring,0,0,0,담하,(단체) 은이버섯 갈비탕
2023-03-14,0,3,Spring,0,0,0,담하,(단체) 은이버섯 갈비탕
2023-03-15,0,3,Spring,0,0,0,담하,(단체) 은이버섯 갈비탕
2023-03-16,0,3,Spring,0,0,0,담하,(단체) 은이버섯 갈비탕
2023-03-17,0,3,Spring,0,0,0,담하,(단체) 은이버섯 갈비탕
2023-03-18,0,3,Spring,1,0,1,담하,(단체) 은이버섯 갈비탕
2023-03-19,0,3,Spring,1,0,1,담하,(단체) 은이버섯 갈비탕
2023-03-20,0,3,Spring,0,0,0,담하,(단체) 은이버섯 갈비탕
2023-03-21,0,3,Spring,0,0,0,담하,(단체) 은이버섯 갈비탕
2023-03-22,0,3,Spring,0,0,0,담하,(단체) 은이버섯 갈비탕
2023-03-23,0,3,Spring,0,0,0,담하,(단체) 은이버섯 갈비탕
2023-03-24,0,3,Spring,0,0,0,담하,(단체) 은이버섯 갈비탕
2023-03-25,0,3,Spring,1,0,1,담하,(단체) 은이버섯 갈비탕
2023-03-26,0,3,Spring,1,0,1,담하,(단체) 은이버섯 갈비탕
2023-03-27,0,3,Spring,0,0,0,담하,(단체) 은이버섯 갈비탕
2023-03-28,0,3,Spring,0,0,0,담하,(단체) 은이버섯 갈비탕
2023-03-29,0,3,Spring,0,0,0,담하,(단체) 은이버섯 갈비탕
2023-03-30,0,3,Spring,0,0,0,담하,(단체) 은이버섯 갈비탕
2023-03-31,0,3,Spring,0,0,0,담하,(단체) 은이버섯 갈비탕
2023-04-01,0,4,Spring,1,0,1,담하,(단체) 은이버섯 갈비탕
2023-04-02,0,4,Spring,1,0,1,담하,(단체) 은이버섯 갈비탕
2023-04-03,0,4,Spring,0,0,0,담하,(단체) 은이버섯 갈비탕
2023-04-04,0,4,Spring,0,0,0,담하,(단체) 은이버섯 갈비탕
2023-04-05,0,4,Spring,0,0,0,담하,(단체) 은이버섯 갈비탕
2023-04-06,0,4,Spring,0,0,0,담하,(단체) 은이버섯 갈비탕
2023-04-07,0,4,Spring,0,0,0,담하,(단체) 은이버섯 갈비탕
2023-04-08,0,4,Spring,1,0,1,담하,(단체) 은이버섯 갈비탕
2023-04-09,0,4,Spring,1,0,1,담하,(단체) 은이버섯 갈비탕
2023-04-10,0,4,Spring,0,0,0,담하,(단체) 은이버섯 갈비탕
2023-04-11,0,4,Spring,0,0,0,담하,(단체) 은이버섯 갈비탕
2023-04-12,0,4,Spring,0,0,0,담하,(단체) 은이버섯 갈비탕
2023-04-13,0,4,Spring,0,0,0,담하,(단체) 은이버섯 갈비탕
2023-04-14,0,4,Spring,0,0,0,담하,(단체) 은이버섯 갈비탕
2023-04-15,0,4,Spring,1,0,1,담하,(단체) 은이버섯 갈비탕
2023-04-16,0,4,Spring,1,0,1,담하,(단체) 은이버섯 갈비탕
2023-04-17,0,4,Spring,0,0,0,담하,(단체) 은이버섯 갈비탕
2023-04-18,0,4,Spring,0,0,0,담하,(단체) 은이버섯 갈비탕
2023-04-19,0,4,Spring,0,0,0,담하,(단체) 은이버섯 갈비탕
2023-04-20,0,4,Spring,0,0,0,담하,(단체) 은이버섯 갈비탕
2023-04-21,0,4,Spring,0,0,0,담하,(단체) 은이버섯 갈비탕
2023-04-22,0,4,Spring,1,0,1,담하,(단체) 은이버섯 갈비탕
2023-04-23,0,4,Spring,1,0,1,담하,(단체) 은이버섯 갈비탕
2023-04-24,0,4,Spring,0,0,0,담하,(단체) 은이버섯 갈비탕
2023-04-25,0,4,Spring,0,0,0,담하,(단체) 은이버섯 갈비탕
2023-04-26,0,4,Spring,0,0,0,담하,(단체) 은이버섯 갈비탕
2023-04-27,0,4,Spring,0,0,0,담하,(단체) 은이버섯 갈비탕
2023-04-28,0,4,Spring,0,0,0,담하,(단체) 은이버섯 갈비탕
2023-04-29,0,4,Spring,1,0,1,담하,(단체) 은이버섯 갈비탕
2023-04-30,0,4,Spring,1,0,1,담하,(단체) 은이버섯 갈비탕
2023-05-01,0,5,Spring,0,0,0,담하,(단체) 은이버섯 갈비탕
2023-05-02,0,5,Spring,0,0,0,담하,(단체) 은이버섯 갈비탕
2023-05-03,0,5,Spring,0,0,0,담하,(단체) 은이버섯 갈비탕
2023-05-04,0,5,Spring,0,0,0,담하,(단체) 은이버섯 갈비탕
2023-05-05,0,5,Spring,0,1,1,담하,(단체) 은이버섯 갈비탕
2023-05-06,0,5,Spring,1,0,1,담하,(단체) 은이버섯 갈비탕
2023-05-07,0,5,Spring,1,0,1,담하,(단체) 은이버섯 갈비탕
2023-05-08,0,5,Spring,0,0,0,담하,(단체) 은이버섯 갈비탕
2023-05-09,0,5,Spring,0,0,0,담하,(단체) 은이버섯 갈비탕
2023-05-10,0,5,Spring,0,0,0,담하,(단체) 은이버섯 갈비탕
2023-05-11,0,5,Spring,0,0,0,담하,(단체) 은이버섯 갈비탕
2023-05-12,0,5,Spring,0,0,0,담하,(단체) 은이버섯 갈비탕
2023-05-13,0,5,Spring,1,0,1,담하,(단체) 은이버섯 갈비탕
2023-05-14,0,5,Spring,1,0,1,담하,(단체) 은이버섯 갈비탕
2023-05-15,0,5,Spring,0,0,0,담하,(단체) 은이버섯 갈비탕
2023-05-16,0,5,Spring,0,0,0,담하,(단체) 은이버섯 갈비탕
2023-05-17,0,5,Spring,0,0,0,담하,(단체) 은이버섯 갈비탕
2023-05-18,0,5,Spring,0,0,0,담하,(단체) 은이버섯 갈비탕
2023-05-19,0,5,Spring,0,0,0,담하,(단체) 은이버섯 갈비탕
2023-05-20,0,5,Spring,1,0,1,담하,(단체) 은이버섯 갈비탕
2023-05-21,0,5,Spring,1,0,1,담하,(단체) 은이버섯 갈비탕
2023-05-22,0,5,Spring,0,0,0,담하,(단체) 은이버섯 갈비탕
2023-05-23,0,5,Spring,0,0,0,담하,(단체) 은이버섯 갈비탕
2023-05-24,0,5,Spring,0,0,0,담하,(단체) 은이버섯 갈비탕
2023-05-25,0,5,Spring,0,0,0,담하,(단체) 은이버섯 갈비탕
2023-05-26,0,5,Spring,0,0,0,담하,(단체) 은이버섯 갈비탕
2023-05-27,0,5,Spring,1,1,1,담하,(단체) 은이버섯 갈비탕
2023-05-28,0,5,Spring,1,0,1,담하,(단체) 은이버섯 갈비탕
2023-05-29,0,5,Spring,0,1,1,담하,(단체) 은이버섯 갈비탕
2023-05-30,0,5,Spring,0,0,0,담하,(단체) 은이버섯 갈비탕
2023-05-31,0,5,Spring,0,0,0,담하,(단체) 은이버섯 갈비탕
2023-06-01,0,6,Summer,0,0,0,담하,(단체) 은이버섯 갈비탕
2023-06-02,0,6,Summer,0,0,0,담하,(단체) 은이버섯 갈비탕
2023-06-03,0,6,Summer,1,0,1,담하,(단체) 은이버섯 갈비탕
2023-06-04,0,6,Summer,1,0,1,담하,(단체) 은이버섯 갈비탕
2023-06-05,0,6,Summer,0,0,0,담하,(단체) 은이버섯 갈비탕
2023-06-06,0,6,Summer,0,1,1,담하,(단체) 은이버섯 갈비탕
2023-06-07,0,6,Summer,0,0,0,담하,(단체) 은이버섯 갈비탕
2023-06-08,0,6,Summer,0,0,0,담하,(단체) 은이버섯 갈비탕
2023-06-09,0,6,Summer,0,0,0,담하,(단체) 은이버섯 갈비탕
2023-06-10,0,6,Summer,1,0,1,담하,(단체) 은이버섯 갈비탕
2023-06-11,0,6,Summer,1,0,1,담하,(단체) 은이버섯 갈비탕
2023-06-12,43,6,Summer,0,0,0,담하,(단체) 은이버섯 갈비탕
2023-06-13,0,6,Summer,0,0,0,담하,(단체) 은이버섯 갈비탕
2023-06-14,0,6,Summer,0,0,0,담하,(단체) 은이버섯 갈비탕
2023-06-15,0,6,Summer,0,0,0,담하,(단체) 은이버섯 갈비탕
2023-06-16,0,6,Summer,0,0,0,담하,(단체) 은이버섯 갈비탕
2023-06-17,0,6,Summer,1,0,1,담하,(단체) 은이버섯 갈비탕
2023-06-18,0,6,Summer,1,0,1,담하,(단체) 은이버섯 갈비탕
2023-06-19,0,6,Summer,0,0,0,담하,(단체) 은이버섯 갈비탕
2023-06-20,0,6,Summer,0,0,0,담하,(단체) 은이버섯 갈비탕
2023-06-21,0,6,Summer,0,0,0,담하,(단체) 은이버섯 갈비탕
2023-06-22,0,6,Summer,0,0,0,담하,(단체) 은이버섯 갈비탕
2023-06-23,0,6,Summer,0,0,0,담하,(단체) 은이버섯 갈비탕
2023-06-24,0,6,Summer,1,0,1,담하,(단체) 은이버섯 갈비탕
2023-06-25,0,6,Summer,1,0,1,담하,(단체) 은이버섯 갈비탕
2023-06-26,33,6,Summer,0,0,0,담하,(단체) 은이버섯 갈비탕
2023-06-27,0,6,Summer,0,0,0,담하,(단체) 은이버섯 갈비탕
2023-06-28,0,6,Summer,0,0,0,담하,(단체) 은이버섯 갈비탕
2023-06-29,0,6,Summer,0,0,0,담하,(단체) 은이버섯 갈비탕
2023-06-30,0,6,Summer,0,0,0,담하,(단체) 은이버섯 갈비탕
2023-07-01,0,7,Summer,1,0,1,담하,(단체) 은이버섯 갈비탕
2023-07-02,0,7,Summer,1,0,1,담하,(단체) 은이버섯 갈비탕
2023-07-03,46,7,Summer,0,0,0,담하,(단체) 은이버섯 갈비탕
2023-07-04,0,7,Summer,0,0,0,담하,(단체) 은이버섯 갈비탕
2023-07-05,0,7,Summer,0,0,0,담하,(단체) 은이버섯 갈비탕
2023-07-06,0,7,Summer,0,0,0,담하,(단체) 은이버섯 갈비탕
2023-07-07,10,7,Summer,0,0,0,담하,(단체) 은이버섯 갈비탕
2023-07-08,0,7,Summer,1,0,1,담하,(단체) 은이버섯 갈비탕
2023-07-09,0,7,Summer,1,0,1,담하,(단체) 은이버섯 갈비탕
2023-07-10,63,7,Summer,0,0,0,담하,(단체) 은이버섯 갈비탕
2023-07-11,0,7,Summer,0,0,0,담하,(단체) 은이버섯 갈비탕
2023-07-12,18,7,Summer,0,0,0,담하,(단체) 은이버섯 갈비탕
2023-07-13,0,7,Summer,0,0,0,담하,(단체) 은이버섯 갈비탕
2023-07-14,30,7,Summer,0,0,0,담하,(단체) 은이버섯 갈비탕
2023-07-15,0,7,Summer,1,0,1,담하,(단체) 은이버섯 갈비탕
2023-07-16,0,7,Summer,1,0,1,담하,(단체) 은이버섯 갈비탕
2023-07-17,0,7,Summer,0,0,0,담하,(단체) 은이버섯 갈비탕
2023-07-18,0,7,Summer,0,0,0,담하,(단체) 은이버섯 갈비탕
2023-07-19,26,7,Summer,0,0,0,담하,(단체) 은이버섯 갈비탕
2023-07-20,40,7,Summer,0,0,0,담하,(단체) 은이버섯 갈비탕
2023-07-21,0,7,Summer,0,0,0,담하,(단체) 은이버섯 갈비탕
2023-07-22,0,7,Summer,1,0,1,담하,(단체) 은이버섯 갈비탕
2023-07-23,0,7,Summer,1,0,1,담하,(단체) 은이버섯 갈비탕
2023-07-24,0,7,Summer,0,0,0,담하,(단체) 은이버섯 갈비탕
2023-07-25,0,7,Summer,0,0,0,담하,(단체) 은이버섯 갈비탕
2023-07-26,0,7,Summer,0,0,0,담하,(단체) 은이버섯 갈비탕
2023-07-27,20,7,Summer,0,0,0,담하,(단체) 은이버섯 갈비탕
2023-07-28,21,7,Summer,0,0,0,담하,(단체) 은이버섯 갈비탕
2023-07-29,0,7,Summer,1,0,1,담하,(단체) 은이버섯 갈비탕
2023-07-30,0,7,Summer,1,0,1,담하,(단체) 은이버섯 갈비탕
2023-07-31,0,7,Summer,0,0,0,담하,(단체) 은이버섯 갈비탕
2023-08-01,0,8,Summer,0,0,0,담하,(단체) 은이버섯 갈비탕
2023-08-02,0,8,Summer,0,0,0,담하,(단체) 은이버섯 갈비탕
2023-08-03,0,8,Summer,0,0,0,담하,(단체) 은이버섯 갈비탕
2023-08-04,0,8,Summer,0,0,0,담하,(단체) 은이버섯 갈비탕
2023-08-05,0,8,Summer,1,0,1,담하,(단체) 은이버섯 갈비탕
2023-08-06,0,8,Summer,1,0,1,담하,(단체) 은이버섯 갈비탕
2023-08-07,15,8,Summer,0,0,0,담하,(단체) 은이버섯 갈비탕
2023-08-08,0,8,Summer,0,0,0,담하,(단체) 은이버섯 갈비탕
2023-08-09,0,8,Summer,0,0,0,담하,(단체) 은이버섯 갈비탕
2023-08-10,0,8,Summer,0,0,0,담하,(단체) 은이버섯 갈비탕
2023-08-11,0,8,Summer,0,0,0,담하,(단체) 은이버섯 갈비탕
2023-08-12,0,8,Summer,1,0,1,담하,(단체) 은이버섯 갈비탕
2023-08-13,0,8,Summer,1,0,1,담하,(단체) 은이버섯 갈비탕
2023-08-14,0,8,Summer,0,0,0,담하,(단체) 은이버섯 갈비탕
2023-08-15,0,8,Summer,0,1,1,담하,(단체) 은이버섯 갈비탕
2023-08-16,0,8,Summer,0,0,0,담하,(단체) 은이버섯 갈비탕
2023-08-17,39,8,Summer,0,0,0,담하,(단체) 은이버섯 갈비탕
2023-08-18,14,8,Summer,0,0,0,담하,(단체) 은이버섯 갈비탕
2023-08-19,0,8,Summer,1,0,1,담하,(단체) 은이버섯 갈비탕
2023-08-20,0,8,Summer,1,0,1,담하,(단체) 은이버섯 갈비탕
2023-08-21,0,8,Summer,0,0,0,담하,(단체) 은이버섯 갈비탕
2023-08-22,0,8,Summer,0,0,0,담하,(단체) 은이버섯 갈비탕
2023-08-23,0,8,Summer,0,0,0,담하,(단체) 은이버섯 갈비탕
2023-08-24,0,8,Summer,0,0,0,담하,(단체) 은이버섯 갈비탕
2023-08-25,0,8,Summer,0,0,0,담하,(단체) 은이버섯 갈비탕
2023-08-26,0,8,Summer,1,0,1,담하,(단체) 은이버섯 갈비탕
2023-08-27,0,8,Summer,1,0,1,담하,(단체) 은이버섯 갈비탕
2023-08-28,0,8,Summer,0,0,0,담하,(단체) 은이버섯 갈비탕
2023-08-29,19,8,Summer,0,0,0,담하,(단체) 은이버섯 갈비탕
2023-08-30,51,8,Summer,0,0,0,담하,(단체) 은이버섯 갈비탕
2023-08-31,27,8,Summer,0,0,0,담하,(단체) 은이버섯 갈비탕
2023-09-01,26,9,Autumn,0,0,0,담하,(단체) 은이버섯 갈비탕
2023-09-02,0,9,Autumn,1,0,1,담하,(단체) 은이버섯 갈비탕
2023-09-03,0,9,Autumn,1,0,1,담하,(단체) 은이버섯 갈비탕
2023-09-04,0,9,Autumn,0,0,0,담하,(단체) 은이버섯 갈비탕
2023-09-05,20,9,Autumn,0,0,0,담하,(단체) 은이버섯 갈비탕
2023-09-06,46,9,Autumn,0,0,0,담하,(단체) 은이버섯 갈비탕
2023-09-07,28,9,Autumn,0,0,0,담하,(단체) 은이버섯 갈비탕
2023-09-08,18,9,Autumn,0,0,0,담하,(단체) 은이버섯 갈비탕
2023-09-09,45,9,Autumn,1,0,1,담하,(단체) 은이버섯 갈비탕
2023-09-10,0,9,Autumn,1,0,1,담하,(단체) 은이버섯 갈비탕
2023-09-11,0,9,Autumn,0,0,0,담하,(단체) 은이버섯 갈비탕
2023-09-12,0,9,Autumn,0,0,0,담하,(단체) 은이버섯 갈비탕
2023-09-13,0,9,Autumn,0,0,0,담하,(단체) 은이버섯 갈비탕
2023-09-14,27,9,Autumn,0,0,0,담하,(단체) 은이버섯 갈비탕
2023-09-15,0,9,Autumn,0,0,0,담하,(단체) 은이버섯 갈비탕
2023-09-16,0,9,Autumn,1,0,1,담하,(단체) 은이버섯 갈비탕
2023-09-17,0,9,Autumn,1,0,1,담하,(단체) 은이버섯 갈비탕
2023-09-18,49,9,Autumn,0,0,0,담하,(단체) 은이버섯 갈비탕
2023-09-19,30,9,Autumn,0,0,0,담하,(단체) 은이버섯 갈비탕
2023-09-20,16,9,Autumn,0,0,0,담하,(단체) 은이버섯 갈비탕
2023-09-21,24,9,Autumn,0,0,0,담하,(단체) 은이버섯 갈비탕
2023-09-22,6,9,Autumn,0,0,0,담하,(단체) 은이버섯 갈비탕
2023-09-23,0,9,Autumn,1,0,1,담하,(단체) 은이버섯 갈비탕
2023-09-24,0,9,Autumn,1,0,1,담하,(단체) 은이버섯 갈비탕
2023-09-25,0,9,Autumn,0,0,0,담하,(단체) 은이버섯 갈비탕
2023-09-26,0,9,Autumn,0,0,0,담하,(단체) 은이버섯 갈비탕
2023-09-27,0,9,Autumn,0,0,0,담하,(단체) 은이버섯 갈비탕
2023-09-28,0,9,Autumn,0,1,1,담하,(단체) 은이버섯 갈비탕
2023-09-29,0,9,Autumn,0,1,1,담하,(단체) 은이버섯 갈비탕
2023-09-30,0,9,Autumn,1,1,1,담하,(단체) 은이버섯 갈비탕
2023-10-01,0,10,Autumn,1,0,1,담하,(단체) 은이버섯 갈비탕
2023-10-02,0,10,Autumn,0,1,1,담하,(단체) 은이버섯 갈비탕
2023-10-03,0,10,Autumn,0,1,1,담하,(단체) 은이버섯 갈비탕
2023-10-04,0,10,Autumn,0,0,0,담하,(단체) 은이버섯 갈비탕
2023-10-05,21,10,Autumn,0,0,0,담하,(단체) 은이버섯 갈비탕
2023-10-06,0,10,Autumn,0,0,0,담하,(단체) 은이버섯 갈비탕
2023-10-07,0,10,Autumn,1,0,1,담하,(단체) 은이버섯 갈비탕
2023-10-08,0,10,Autumn,1,0,1,담하,(단체) 은이버섯 갈비탕
2023-10-09,0,10,Autumn,0,1,1,담하,(단체) 은이버섯 갈비탕
2023-10-10,0,10,Autumn,0,0,0,담하,(단체) 은이버섯 갈비탕
2023-10-11,0,10,Autumn,0,0,0,담하,(단체) 은이버섯 갈비탕
2023-10-12,10,10,Autumn,0,0,0,담하,(단체) 은이버섯 갈비탕
2023-10-13,0,10,Autumn,0,0,0,담하,(단체) 은이버섯 갈비탕
2023-10-14,0,10,Autumn,1,0,1,담하,(단체) 은이버섯 갈비탕
2023-10-15,0,10,Autumn,1,0,1,담하,(단체) 은이버섯 갈비탕
2023-10-16,0,10,Autumn,0,0,0,담하,(단체) 은이버섯 갈비탕
2023-10-17,7,10,Autumn,0,0,0,담하,(단체) 은이버섯 갈비탕
2023-10-18,0,10,Autumn,0,0,0,담하,(단체) 은이버섯 갈비탕
2023-10-19,0,10,Autumn,0,0,0,담하,(단체) 은이버섯 갈비탕
2023-10-20,11,10,Autumn,0,0,0,담하,(단체) 은이버섯 갈비탕
2023-10-21,0,10,Autumn,1,0,1,담하,(단체) 은이버섯 갈비탕
2023-10-22,0,10,Autumn,1,0,1,담하,(단체) 은이버섯 갈비탕
2023-10-23,0,10,Autumn,0,0,0,담하,(단체) 은이버섯 갈비탕
2023-10-24,25,10,Autumn,0,0,0,담하,(단체) 은이버섯 갈비탕
2023-10-25,0,10,Autumn,0,0,0,담하,(단체) 은이버섯 갈비탕
2023-10-26,0,10,Autumn,0,0,0,담하,(단체) 은이버섯 갈비탕
2023-10-27,3,10,Autumn,0,0,0,담하,(단체) 은이버섯 갈비탕
2023-10-28,0,10,Autumn,1,0,1,담하,(단체) 은이버섯 갈비탕
2023-10-29,0,10,Autumn,1,0,1,담하,(단체) 은이버섯 갈비탕
2023-10-30,0,10,Autumn,0,0,0,담하,(단체) 은이버섯 갈비탕
2023-10-31,0,10,Autumn,0,0,0,담하,(단체) 은이버섯 갈비탕
2023-11-01,150,11,Autumn,0,0,0,담하,(단체) 은이버섯 갈비탕
2023-11-02,0,11,Autumn,0,0,0,담하,(단체) 은이버섯 갈비탕
2023-11-03,40,11,Autumn,0,0,0,담하,(단체) 은이버섯 갈비탕
2023-11-04,0,11,Autumn,1,0,1,담하,(단체) 은이버섯 갈비탕
2023-11-05,0,11,Autumn,1,0,1,담하,(단체) 은이버섯 갈비탕
2023-11-06,43,11,Autumn,0,0,0,담하,(단체) 은이버섯 갈비탕
2023-11-07,0,11,Autumn,0,0,0,담하,(단체) 은이버섯 갈비탕
2023-11-08,0,11,Autumn,0,0,0,담하,(단체) 은이버섯 갈비탕
2023-11-09,33,11,Autumn,0,0,0,담하,(단체) 은이버섯 갈비탕
2023-11-10,0,11,Autumn,0,0,0,담하,(단체) 은이버섯 갈비탕
2023-11-11,0,11,Autumn,1,0,1,담하,(단체) 은이버섯 갈비탕
2023-11-12,0,11,Autumn,1,0,1,담하,(단체) 은이버섯 갈비탕
2023-11-13,0,11,Autumn,0,0,0,담하,(단체) 은이버섯 갈비탕
2023-11-14,0,11,Autumn,0,0,0,담하,(단체) 은이버섯 갈비탕
2023-11-15,11,11,Autumn,0,0,0,담하,(단체) 은이버섯 갈비탕
2023-11-16,17,11,Autumn,0,0,0,담하,(단체) 은이버섯 갈비탕
2023-11-17,7,11,Autumn,0,0,0,담하,(단체) 은이버섯 갈비탕
2023-11-18,0,11,Autumn,1,0,1,담하,(단체) 은이버섯 갈비탕
2023-11-19,0,11,Autumn,1,0,1,담하,(단체) 은이버섯 갈비탕
2023-11-20,0,11,Autumn,0,0,0,담하,(단체) 은이버섯 갈비탕
2023-11-21,49,11,Autumn,0,0,0,담하,(단체) 은이버섯 갈비탕
2023-11-22,0,11,Autumn,0,0,0,담하,(단체) 은이버섯 갈비탕
2023-11-23,80,11,Autumn,0,0,0,담하,(단체) 은이버섯 갈비탕
2023-11-24,77,11,Autumn,0,0,0,담하,(단체) 은이버섯 갈비탕
2023-11-25,0,11,Autumn,1,0,1,담하,(단체) 은이버섯 갈비탕
2023-11-26,0,11,Autumn,1,0,1,담하,(단체) 은이버섯 갈비탕
2023-11-27,0,11,Autumn,0,0,0,담하,(단체) 은이버섯 갈비탕
2023-11-28,0,11,Autumn,0,0,0,담하,(단체) 은이버섯 갈비탕
2023-11-29,0,11,Autumn,0,0,0,담하,(단체) 은이버섯 갈비탕
2023-11-30,0,11,Autumn,0,0,0,담하,(단체) 은이버섯 갈비탕
2023-12-01,55,12,Winter,0,0,0,담하,(단체) 은이버섯 갈비탕
2023-12-02,0,12,Winter,1,0,1,담하,(단체) 은이버섯 갈비탕
2023-12-03,0,12,Winter,1,0,1,담하,(단체) 은이버섯 갈비탕
2023-12-04,0,12,Winter,0,0,0,담하,(단체) 은이버섯 갈비탕
2023-12-05,0,12,Winter,0,0,0,담하,(단체) 은이버섯 갈비탕
2023-12-06,0,12,Winter,0,0,0,담하,(단체) 은이버섯 갈비탕
2023-12-07,14,12,Winter,0,0,0,담하,(단체) 은이버섯 갈비탕
2023-12-08,0,12,Winter,0,0,0,담하,(단체) 은이버섯 갈비탕
2023-12-09,0,12,Winter,1,0,1,담하,(단체) 은이버섯 갈비탕
2023-12-10,0,12,Winter,1,0,1,담하,(단체) 은이버섯 갈비탕
2023-12-11,0,12,Winter,0,0,0,담하,(단체) 은이버섯 갈비탕
2023-12-12,0,12,Winter,0,0,0,담하,(단체) 은이버섯 갈비탕
2023-12-13,0,12,Winter,0,0,0,담하,(단체) 은이버섯 갈비탕
2023-12-14,33,12,Winter,0,0,0,담하,(단체) 은이버섯 갈비탕
2023-12-15,44,12,Winter,0,0,0,담하,(단체) 은이버섯 갈비탕
2023-12-16,0,12,Winter,1,0,1,담하,(단체) 은이버섯 갈비탕
2023-12-17,0,12,Winter,1,0,1,담하,(단체) 은이버섯 갈비탕
2023-12-18,23,12,Winter,0,0,0,담하,(단체) 은이버섯 갈비탕
2023-12-19,23,12,Winter,0,0,0,담하,(단체) 은이버섯 갈비탕
2023-12-20,31,12,Winter,0,0,0,담하,(단체) 은이버섯 갈비탕
2023-12-21,0,12,Winter,0,0,0,담하,(단체) 은이버섯 갈비탕
2023-12-22,0,12,Winter,0,0,0,담하,(단체) 은이버섯 갈비탕
2023-12-23,0,12,Winter,1,0,1,담하,(단체) 은이버섯 갈비탕
2023-12-24,0,12,Winter,1,0,1,담하,(단체) 은이버섯 갈비탕
2023-12-25,0,12,Winter,0,1,1,담하,(단체) 은이버섯 갈비탕
2023-12-26,0,12,Winter,0,0,0,담하,(단체) 은이버섯 갈비탕
2023-12-27,0,12,Winter,0,0,0,담하,(단체) 은이버섯 갈비탕
2023-12-28,0,12,Winter,0,0,0,담하,(단체) 은이버섯 갈비탕
2023-12-29,0,12,Winter,0,0,0,담하,(단체) 은이버섯 갈비탕
2023-12-30,0,12,Winter,1,0,1,담하,(단체) 은이버섯 갈비탕
2023-12-31,0,12,Winter,1,0,1,담하,(단체) 은이버섯 갈비탕
2024-01-01,0,1,Winter,0,1,1,담하,(단체) 은이버섯 갈비탕
2024-01-02,0,1,Winter,0,0,0,담하,(단체) 은이버섯 갈비탕
2024-01-03,0,1,Winter,0,0,0,담하,(단체) 은이버섯 갈비탕
2024-01-04,0,1,Winter,0,0,0,담하,(단체) 은이버섯 갈비탕
2024-01-05,0,1,Winter,0,0,0,담하,(단체) 은이버섯 갈비탕
2024-01-06,0,1,Winter,1,0,1,담하,(단체) 은이버섯 갈비탕
2024-01-07,0,1,Winter,1,0,1,담하,(단체) 은이버섯 갈비탕
2024-01-08,0,1,Winter,0,0,0,담하,(단체) 은이버섯 갈비탕
2024-01-09,0,1,Winter,0,0,0,담하,(단체) 은이버섯 갈비탕
2024-01-10,0,1,Winter,0,0,0,담하,(단체) 은이버섯 갈비탕
2024-01-11,54,1,Winter,0,0,0,담하,(단체) 은이버섯 갈비탕
2024-01-12,1,1,Winter,0,0,0,담하,(단체) 은이버섯 갈비탕
2024-01-13,0,1,Winter,1,0,1,담하,(단체) 은이버섯 갈비탕
2024-01-14,0,1,Winter,1,0,1,담하,(단체) 은이버섯 갈비탕
2024-01-15,0,1,Winter,0,0,0,담하,(단체) 은이버섯 갈비탕
2024-01-16,0,1,Winter,0,0,0,담하,(단체) 은이버섯 갈비탕
2024-01-17,49,1,Winter,0,0,0,담하,(단체) 은이버섯 갈비탕
2024-01-18,0,1,Winter,0,0,0,담하,(단체) 은이버섯 갈비탕
2024-01-19,21,1,Winter,0,0,0,담하,(단체) 은이버섯 갈비탕
2024-01-20,0,1,Winter,1,0,1,담하,(단체) 은이버섯 갈비탕
2024-01-21,0,1,Winter,1,0,1,담하,(단체) 은이버섯 갈비탕
2024-01-22,0,1,Winter,0,0,0,담하,(단체) 은이버섯 갈비탕
2024-01-23,0,1,Winter,0,0,0,담하,(단체) 은이버섯 갈비탕
2024-01-24,0,1,Winter,0,0,0,담하,(단체) 은이버섯 갈비탕
2024-01-25,17,1,Winter,0,0,0,담하,(단체) 은이버섯 갈비탕
2024-01-26,14,1,Winter,0,0,0,담하,(단체) 은이버섯 갈비탕
2024-01-27,27,1,Winter,1,0,1,담하,(단체) 은이버섯 갈비탕
2024-01-28,0,1,Winter,1,0,1,담하,(단체) 은이버섯 갈비탕
2024-01-29,0,1,Winter,0,0,0,담하,(단체) 은이버섯 갈비탕
2024-01-30,11,1,Winter,0,0,0,담하,(단체) 은이버섯 갈비탕
2024-01-31,0,1,Winter,0,0,0,담하,(단체) 은이버섯 갈비탕
2024-02-01,0,2,Winter,0,0,0,담하,(단체) 은이버섯 갈비탕
2024-02-02,0,2,Winter,0,0,0,담하,(단체) 은이버섯 갈비탕
2024-02-03,0,2,Winter,1,0,1,담하,(단체) 은이버섯 갈비탕
2024-02-04,0,2,Winter,1,0,1,담하,(단체) 은이버섯 갈비탕
2024-02-05,0,2,Winter,0,0,0,담하,(단체) 은이버섯 갈비탕
2024-02-06,0,2,Winter,0,0,0,담하,(단체) 은이버섯 갈비탕
2024-02-07,0,2,Winter,0,0,0,담하,(단체) 은이버섯 갈비탕
2024-02-08,0,2,Winter,0,0,0,담하,(단체) 은이버섯 갈비탕
2024-02-09,0,2,Winter,0,1,1,담하,(단체) 은이버섯 갈비탕
2024-02-10,0,2,Winter,1,1,1,담하,(단체) 은이버섯 갈비탕
2024-02-11,0,2,Winter,1,1,1,담하,(단체) 은이버섯 갈비탕
2024-02-12,0,2,Winter,0,1,1,담하,(단체) 은이버섯 갈비탕
2024-02-13,0,2,Winter,0,0,0,담하,(단체) 은이버섯 갈비탕
2024-02-14,16,2,Winter,0,0,0,담하,(단체) 은이버섯 갈비탕
2024-02-15,0,2,Winter,0,0,0,담하,(단체) 은이버섯 갈비탕
2024-02-16,0,2,Winter,0,0,0,담하,(단체) 은이버섯 갈비탕
2024-02-17,0,2,Winter,1,0,1,담하,(단체) 은이버섯 갈비탕
2024-02-18,0,2,Winter,1,0,1,담하,(단체) 은이버섯 갈비탕
2024-02-19,0,2,Winter,0,0,0,담하,(단체) 은이버섯 갈비탕
2024-02-20,0,2,Winter,0,0,0,담하,(단체) 은이버섯 갈비탕
2024-02-21,0,2,Winter,0,0,0,담하,(단체) 은이버섯 갈비탕
2024-02-22,17,2,Winter,0,0,0,담하,(단체) 은이버섯 갈비탕
2024-02-23,40,2,Winter,0,0,0,담하,(단체) 은이버섯 갈비탕
2024-02-24,0,2,Winter,1,0,1,담하,(단체) 은이버섯 갈비탕
2024-02-25,0,2,Winter,1,0,1,담하,(단체) 은이버섯 갈비탕
2024-02-26,0,2,Winter,0,0,0,담하,(단체) 은이버섯 갈비탕
2024-02-27,0,2,Winter,0,0,0,담하,(단체) 은이버섯 갈비탕
2024-02-28,0,2,Winter,0,0,0,담하,(단체) 은이버섯 갈비탕
2024-02-29,0,2,Winter,0,0,0,담하,(단체) 은이버섯 갈비탕
2024-03-01,0,3,Spring,0,1,1,담하,(단체) 은이버섯 갈비탕
2024-03-02,0,3,Spring,1,0,1,담하,(단체) 은이버섯 갈비탕
2024-03-03,0,3,Spring,1,0,1,담하,(단체) 은이버섯 갈비탕
2024-03-04,0,3,Spring,0,0,0,담하,(단체) 은이버섯 갈비탕
2024-03-05,0,3,Spring,0,0,0,담하,(단체) 은이버섯 갈비탕
2024-03-06,0,3,Spring,0,0,0,담하,(단체) 은이버섯 갈비탕
2024-03-07,0,3,Spring,0,0,0,담하,(단체) 은이버섯 갈비탕
2024-03-08,0,3,Spring,0,0,0,담하,(단체) 은이버섯 갈비탕
2024-03-09,0,3,Spring,1,0,1,담하,(단체) 은이버섯 갈비탕
2024-03-10,0,3,Spring,1,0,1,담하,(단체) 은이버섯 갈비탕
2024-03-11,0,3,Spring,0,0,0,담하,(단체) 은이버섯 갈비탕
2024-03-12,0,3,Spring,0,0,0,담하,(단체) 은이버섯 갈비탕
2024-03-13,0,3,Spring,0,0,0,담하,(단체) 은이버섯 갈비탕
2024-03-14,0,3,Spring,0,0,0,담하,(단체) 은이버섯 갈비탕
2024-03-15,0,3,Spring,0,0,0,담하,(단체) 은이버섯 갈비탕
2024-03-16,0,3,Spring,1,0,1,담하,(단체) 은이버섯 갈비탕
2024-03-17,0,3,Spring,1,0,1,담하,(단체) 은이버섯 갈비탕
2024-03-18,0,3,Spring,0,0,0,담하,(단체) 은이버섯 갈비탕
2024-03-19,0,3,Spring,0,0,0,담하,(단체) 은이버섯 갈비탕
2024-03-20,0,3,Spring,0,0,0,담하,(단체) 은이버섯 갈비탕
2024-03-21,19,3,Spring,0,0,0,담하,(단체) 은이버섯 갈비탕
2024-03-22,0,3,Spring,0,0,0,담하,(단체) 은이버섯 갈비탕
2024-03-23,0,3,Spring,1,0,1,담하,(단체) 은이버섯 갈비탕
2024-03-24,0,3,Spring,1,0,1,담하,(단체) 은이버섯 갈비탕
2024-03-25,0,3,Spring,0,0,0,담하,(단체) 은이버섯 갈비탕
2024-03-26,0,3,Spring,0,0,0,담하,(단체) 은이버섯 갈비탕
2024-03-27,0,3,Spring,0,0,0,담하,(단체) 은이버섯 갈비탕
2024-03-28,49,3,Spring,0,0,0,담하,(단체) 은이버섯 갈비탕
2024-03-29,60,3,Spring,0,0,0,담하,(단체) 은이버섯 갈비탕
2024-03-30,0,3,Spring,1,0,1,담하,(단체) 은이버섯 갈비탕
2024-03-31,0,3,Spring,1,0,1,담하,(단체) 은이버섯 갈비탕
2024-04-01,56,4,Spring,0,0,0,담하,(단체) 은이버섯 갈비탕
2024-04-02,43,4,Spring,0,0,0,담하,(단체) 은이버섯 갈비탕
2024-04-03,47,4,Spring,0,0,0,담하,(단체) 은이버섯 갈비탕
2024-04-04,0,4,Spring,0,0,0,담하,(단체) 은이버섯 갈비탕
2024-04-05,0,4,Spring,0,0,0,담하,(단체) 은이버섯 갈비탕
2024-04-06,0,4,Spring,1,0,1,담하,(단체) 은이버섯 갈비탕
2024-04-07,0,4,Spring,1,0,1,담하,(단체) 은이버섯 갈비탕
2024-04-08,0,4,Spring,0,0,0,담하,(단체) 은이버섯 갈비탕
2024-04-09,0,4,Spring,0,0,0,담하,(단체) 은이버섯 갈비탕
2024-04-10,0,4,Spring,0,1,1,담하,(단체) 은이버섯 갈비탕
2024-04-11,0,4,Spring,0,0,0,담하,(단체) 은이버섯 갈비탕
2024-04-12,0,4,Spring,0,0,0,담하,(단체) 은이버섯 갈비탕
2024-04-13,0,4,Spring,1,0,1,담하,(단체) 은이버섯 갈비탕
2024-04-14,0,4,Spring,1,0,1,담하,(단체) 은이버섯 갈비탕
2024-04-15,35,4,Spring,0,0,0,담하,(단체) 은이버섯 갈비탕
2024-04-16,0,4,Spring,0,0,0,담하,(단체) 은이버섯 갈비탕
2024-04-17,39,4,Spring,0,0,0,담하,(단체) 은이버섯 갈비탕
2024-04-18,0,4,Spring,0,0,0,담하,(단체) 은이버섯 갈비탕
2024-04-19,47,4,Spring,0,0,0,담하,(단체) 은이버섯 갈비탕
2024-04-20,0,4,Spring,1,0,1,담하,(단체) 은이버섯 갈비탕
2024-04-21,0,4,Spring,1,0,1,담하,(단체) 은이버섯 갈비탕
2024-04-22,0,4,Spring,0,0,0,담하,(단체) 은이버섯 갈비탕
2024-04-23,0,4,Spring,0,0,0,담하,(단체) 은이버섯 갈비탕
2024-04-24,0,4,Spring,0,0,0,담하,(단체) 은이버섯 갈비탕
2024-04-25,76,4,Spring,0,0,0,담하,(단체) 은이버섯 갈비탕
2024-04-26,18,4,Spring,0,0,0,담하,(단체) 은이버섯 갈비탕
2024-04-27,0,4,Spring,1,0,1,담하,(단체) 은이버섯 갈비탕
2024-04-28,0,4,Spring,1,0,1,담하,(단체) 은이버섯 갈비탕
2024-04-29,0,4,Spring,0,0,0,담하,(단체) 은이버섯 갈비탕
2024-04-30,37,4,Spring,0,0,0,담하,(단체) 은이버섯 갈비탕
2024-05-01,0,5,Spring,0,0,0,담하,(단체) 은이버섯 갈비탕
2024-05-02,0,5,Spring,0,0,0,담하,(단체) 은이버섯 갈비탕
2024-05-03,0,5,Spring,0,0,0,담하,(단체) 은이버섯 갈비탕
2024-05-04,0,5,Spring,1,0,1,담하,(단체) 은이버섯 갈비탕
2024-05-05,0,5,Spring,1,1,1,담하,(단체) 은이버섯 갈비탕
2024-05-06,0,5,Spring,0,1,1,담하,(단체) 은이버섯 갈비탕
2024-05-07,0,5,Spring,0,0,0,담하,(단체) 은이버섯 갈비탕
2024-05-08,0,5,Spring,0,0,0,담하,(단체) 은이버섯 갈비탕
2024-05-09,0,5,Spring,0,0,0,담하,(단체) 은이버섯 갈비탕
2024-05-10,80,5,Spring,0,0,0,담하,(단체) 은이버섯 갈비탕
2024-05-11,0,5,Spring,1,0,1,담하,(단체) 은이버섯 갈비탕
2024-05-12,0,5,Spring,1,0,1,담하,(단체) 은이버섯 갈비탕
2024-05-13,0,5,Spring,0,0,0,담하,(단체) 은이버섯 갈비탕
2024-05-14,0,5,Spring,0,0,0,담하,(단체) 은이버섯 갈비탕
2024-05-15,0,5,Spring,0,1,1,담하,(단체) 은이버섯 갈비탕
2024-05-16,19,5,Spring,0,0,0,담하,(단체) 은이버섯 갈비탕
2024-05-17,0,5,Spring,0,0,0,담하,(단체) 은이버섯 갈비탕
2024-05-18,0,5,Spring,1,0,1,담하,(단체) 은이버섯 갈비탕
2024-05-19,0,5,Spring,1,0,1,담하,(단체) 은이버섯 갈비탕
2024-05-20,0,5,Spring,0,0,0,담하,(단체) 은이버섯 갈비탕
2024-05-21,40,5,Spring,0,0,0,담하,(단체) 은이버섯 갈비탕
2024-05-22,14,5,Spring,0,0,0,담하,(단체) 은이버섯 갈비탕
2024-05-23,51,5,Spring,0,0,0,담하,(단체) 은이버섯 갈비탕
2024-05-24,55,5,Spring,0,0,0,담하,(단체) 은이버섯 갈비탕
2024-05-25,0,5,Spring,1,0,1,담하,(단체) 은이버섯 갈비탕
2024-05-26,0,5,Spring,1,0,1,담하,(단체) 은이버섯 갈비탕
2024-05-27,0,5,Spring,0,0,0,담하,(단체) 은이버섯 갈비탕
2024-05-28,0,5,Spring,0,0,0,담하,(단체) 은이버섯 갈비탕
2024-05-29,0,5,Spring,0,0,0,담하,(단체) 은이버섯 갈비탕
2024-05-30,0,5,Spring,0,0,0,담하,(단체) 은이버섯 갈비탕
2024-05-31,0,5,Spring,0,0,0,담하,(단체) 은이버섯 갈비탕
2024-06-01,0,6,Summer,1,0,1,담하,(단체) 은이버섯 갈비탕
2024-06-02,0,6,Summer,1,0,1,담하,(단체) 은이버섯 갈비탕
2024-06-03,0,6,Summer,0,0,0,담하,(단체) 은이버섯 갈비탕
2024-06-04,51,6,Summer,0,0,0,담하,(단체) 은이버섯 갈비탕
2024-06-05,0,6,Summer,0,0,0,담하,(단체) 은이버섯 갈비탕
2024-06-06,0,6,Summer,0,1,1,담하,(단체) 은이버섯 갈비탕
2024-06-07,0,6,Summer,0,0,0,담하,(단체) 은이버섯 갈비탕
2024-06-08,0,6,Summer,1,0,1,담하,(단체) 은이버섯 갈비탕
2024-06-09,0,6,Summer,1,0,1,담하,(단체) 은이버섯 갈비탕
2024-06-10,0,6,Summer,0,0,0,담하,(단체) 은이버섯 갈비탕
2024-06-11,18,6,Summer,0,0,0,담하,(단체) 은이버섯 갈비탕
2024-06-12,0,6,Summer,0,0,0,담하,(단체) 은이버섯 갈비탕
2024-06-13,0,6,Summer,0,0,0,담하,(단체) 은이버섯 갈비탕
2024-06-14,60,6,Summer,0,0,0,담하,(단체) 은이버섯 갈비탕
2024-06-15,0,6,Summer,1,0,1,담하,(단체) 은이버섯 갈비탕
2023-01-01,0,1,Winter,1,1,1,담하,(단체) 한우 우거지 국밥
2023-01-02,0,1,Winter,0,0,0,담하,(단체) 한우 우거지 국밥
2023-01-03,0,1,Winter,0,0,0,담하,(단체) 한우 우거지 국밥
2023-01-04,0,1,Winter,0,0,0,담하,(단체) 한우 우거지 국밥
2023-01-05,0,1,Winter,0,0,0,담하,(단체) 한우 우거지 국밥
2023-01-06,2,1,Winter,0,0,0,담하,(단체) 한우 우거지 국밥
2023-01-07,0,1,Winter,1,0,1,담하,(단체) 한우 우거지 국밥
2023-01-08,0,1,Winter,1,0,1,담하,(단체) 한우 우거지 국밥
2023-01-09,0,1,Winter,0,0,0,담하,(단체) 한우 우거지 국밥
2023-01-10,0,1,Winter,0,0,0,담하,(단체) 한우 우거지 국밥
2023-01-11,0,1,Winter,0,0,0,담하,(단체) 한우 우거지 국밥
2023-01-12,0,1,Winter,0,0,0,담하,(단체) 한우 우거지 국밥
2023-01-13,26,1,Winter,0,0,0,담하,(단체) 한우 우거지 국밥
2023-01-14,0,1,Winter,1,0,1,담하,(단체) 한우 우거지 국밥
2023-01-15,0,1,Winter,1,0,1,담하,(단체) 한우 우거지 국밥
2023-01-16,0,1,Winter,0,0,0,담하,(단체) 한우 우거지 국밥
2023-01-17,0,1,Winter,0,0,0,담하,(단체) 한우 우거지 국밥
2023-01-18,0,1,Winter,0,0,0,담하,(단체) 한우 우거지 국밥
2023-01-19,0,1,Winter,0,0,0,담하,(단체) 한우 우거지 국밥
2023-01-20,0,1,Winter,0,0,0,담하,(단체) 한우 우거지 국밥
2023-01-21,0,1,Winter,1,1,1,담하,(단체) 한우 우거지 국밥
2023-01-22,0,1,Winter,1,1,1,담하,(단체) 한우 우거지 국밥
2023-01-23,0,1,Winter,0,1,1,담하,(단체) 한우 우거지 국밥
2023-01-24,0,1,Winter,0,1,1,담하,(단체) 한우 우거지 국밥
2023-01-25,0,1,Winter,0,0,0,담하,(단체) 한우 우거지 국밥
2023-01-26,0,1,Winter,0,0,0,담하,(단체) 한우 우거지 국밥
2023-01-27,0,1,Winter,0,0,0,담하,(단체) 한우 우거지 국밥
2023-01-28,0,1,Winter,1,0,1,담하,(단체) 한우 우거지 국밥
2023-01-29,0,1,Winter,1,0,1,담하,(단체) 한우 우거지 국밥
2023-01-30,0,1,Winter,0,0,0,담하,(단체) 한우 우거지 국밥
2023-01-31,0,1,Winter,0,0,0,담하,(단체) 한우 우거지 국밥
2023-02-01,0,2,Winter,0,0,0,담하,(단체) 한우 우거지 국밥
2023-02-02,0,2,Winter,0,0,0,담하,(단체) 한우 우거지 국밥
2023-02-03,35,2,Winter,0,0,0,담하,(단체) 한우 우거지 국밥
2023-02-04,0,2,Winter,1,0,1,담하,(단체) 한우 우거지 국밥
2023-02-05,0,2,Winter,1,0,1,담하,(단체) 한우 우거지 국밥
2023-02-06,0,2,Winter,0,0,0,담하,(단체) 한우 우거지 국밥
2023-02-07,0,2,Winter,0,0,0,담하,(단체) 한우 우거지 국밥
2023-02-08,22,2,Winter,0,0,0,담하,(단체) 한우 우거지 국밥
2023-02-09,0,2,Winter,0,0,0,담하,(단체) 한우 우거지 국밥
2023-02-10,15,2,Winter,0,0,0,담하,(단체) 한우 우거지 국밥
2023-02-11,0,2,Winter,1,0,1,담하,(단체) 한우 우거지 국밥
2023-02-12,0,2,Winter,1,0,1,담하,(단체) 한우 우거지 국밥
2023-02-13,0,2,Winter,0,0,0,담하,(단체) 한우 우거지 국밥
2023-02-14,0,2,Winter,0,0,0,담하,(단체) 한우 우거지 국밥
2023-02-15,0,2,Winter,0,0,0,담하,(단체) 한우 우거지 국밥
2023-02-16,0,2,Winter,0,0,0,담하,(단체) 한우 우거지 국밥
2023-02-17,0,2,Winter,0,0,0,담하,(단체) 한우 우거지 국밥
2023-02-18,0,2,Winter,1,0,1,담하,(단체) 한우 우거지 국밥
2023-02-19,4,2,Winter,1,0,1,담하,(단체) 한우 우거지 국밥
2023-02-20,43,2,Winter,0,0,0,담하,(단체) 한우 우거지 국밥
2023-02-21,0,2,Winter,0,0,0,담하,(단체) 한우 우거지 국밥
2023-02-22,0,2,Winter,0,0,0,담하,(단체) 한우 우거지 국밥
2023-02-23,17,2,Winter,0,0,0,담하,(단체) 한우 우거지 국밥
2023-02-24,0,2,Winter,0,0,0,담하,(단체) 한우 우거지 국밥
2023-02-25,1,2,Winter,1,0,1,담하,(단체) 한우 우거지 국밥
2023-02-26,0,2,Winter,1,0,1,담하,(단체) 한우 우거지 국밥
2023-02-27,0,2,Winter,0,0,0,담하,(단체) 한우 우거지 국밥
2023-02-28,8,2,Winter,0,0,0,담하,(단체) 한우 우거지 국밥
2023-03-01,0,3,Spring,0,1,1,담하,(단체) 한우 우거지 국밥
2023-03-02,0,3,Spring,0,0,0,담하,(단체) 한우 우거지 국밥
2023-03-03,0,3,Spring,0,0,0,담하,(단체) 한우 우거지 국밥
2023-03-04,0,3,Spring,1,0,1,담하,(단체) 한우 우거지 국밥
2023-03-05,0,3,Spring,1,0,1,담하,(단체) 한우 우거지 국밥
2023-03-06,0,3,Spring,0,0,0,담하,(단체) 한우 우거지 국밥
2023-03-07,0,3,Spring,0,0,0,담하,(단체) 한우 우거지 국밥
2023-03-08,0,3,Spring,0,0,0,담하,(단체) 한우 우거지 국밥
2023-03-09,0,3,Spring,0,0,0,담하,(단체) 한우 우거지 국밥
2023-03-10,0,3,Spring,0,0,0,담하,(단체) 한우 우거지 국밥
2023-03-11,0,3,Spring,1,0,1,담하,(단체) 한우 우거지 국밥
2023-03-12,0,3,Spring,1,0,1,담하,(단체) 한우 우거지 국밥
2023-03-13,0,3,Spring,0,0,0,담하,(단체) 한우 우거지 국밥
2023-03-14,0,3,Spring,0,0,0,담하,(단체) 한우 우거지 국밥
2023-03-15,0,3,Spring,0,0,0,담하,(단체) 한우 우거지 국밥
2023-03-16,0,3,Spring,0,0,0,담하,(단체) 한우 우거지 국밥
2023-03-17,0,3,Spring,0,0,0,담하,(단체) 한우 우거지 국밥
2023-03-18,0,3,Spring,1,0,1,담하,(단체) 한우 우거지 국밥
2023-03-19,0,3,Spring,1,0,1,담하,(단체) 한우 우거지 국밥
2023-03-20,0,3,Spring,0,0,0,담하,(단체) 한우 우거지 국밥
2023-03-21,0,3,Spring,0,0,0,담하,(단체) 한우 우거지 국밥
2023-03-22,0,3,Spring,0,0,0,담하,(단체) 한우 우거지 국밥
2023-03-23,35,3,Spring,0,0,0,담하,(단체) 한우 우거지 국밥
2023-03-24,0,3,Spring,0,0,0,담하,(단체) 한우 우거지 국밥
2023-03-25,0,3,Spring,1,0,1,담하,(단체) 한우 우거지 국밥
2023-03-26,0,3,Spring,1,0,1,담하,(단체) 한우 우거지 국밥
2023-03-27,3,3,Spring,0,0,0,담하,(단체) 한우 우거지 국밥
2023-03-28,0,3,Spring,0,0,0,담하,(단체) 한우 우거지 국밥
2023-03-29,39,3,Spring,0,0,0,담하,(단체) 한우 우거지 국밥
2023-03-30,0,3,Spring,0,0,0,담하,(단체) 한우 우거지 국밥
2023-03-31,30,3,Spring,0,0,0,담하,(단체) 한우 우거지 국밥
2023-04-01,0,4,Spring,1,0,1,담하,(단체) 한우 우거지 국밥
2023-04-02,0,4,Spring,1,0,1,담하,(단체) 한우 우거지 국밥
2023-04-03,0,4,Spring,0,0,0,담하,(단체) 한우 우거지 국밥
2023-04-04,0,4,Spring,0,0,0,담하,(단체) 한우 우거지 국밥
2023-04-05,0,4,Spring,0,0,0,담하,(단체) 한우 우거지 국밥
2023-04-06,0,4,Spring,0,0,0,담하,(단체) 한우 우거지 국밥
2023-04-07,1,4,Spring,0,0,0,담하,(단체) 한우 우거지 국밥
2023-04-08,0,4,Spring,1,0,1,담하,(단체) 한우 우거지 국밥
2023-04-09,0,4,Spring,1,0,1,담하,(단체) 한우 우거지 국밥
2023-04-10,0,4,Spring,0,0,0,담하,(단체) 한우 우거지 국밥
2023-04-11,17,4,Spring,0,0,0,담하,(단체) 한우 우거지 국밥
2023-04-12,0,4,Spring,0,0,0,담하,(단체) 한우 우거지 국밥
2023-04-13,23,4,Spring,0,0,0,담하,(단체) 한우 우거지 국밥
2023-04-14,0,4,Spring,0,0,0,담하,(단체) 한우 우거지 국밥
2023-04-15,0,4,Spring,1,0,1,담하,(단체) 한우 우거지 국밥
2023-04-16,0,4,Spring,1,0,1,담하,(단체) 한우 우거지 국밥
2023-04-17,0,4,Spring,0,0,0,담하,(단체) 한우 우거지 국밥
2023-04-18,0,4,Spring,0,0,0,담하,(단체) 한우 우거지 국밥
2023-04-19,0,4,Spring,0,0,0,담하,(단체) 한우 우거지 국밥
2023-04-20,0,4,Spring,0,0,0,담하,(단체) 한우 우거지 국밥
2023-04-21,0,4,Spring,0,0,0,담하,(단체) 한우 우거지 국밥
2023-04-22,0,4,Spring,1,0,1,담하,(단체) 한우 우거지 국밥
2023-04-23,0,4,Spring,1,0,1,담하,(단체) 한우 우거지 국밥
2023-04-24,0,4,Spring,0,0,0,담하,(단체) 한우 우거지 국밥
2023-04-25,0,4,Spring,0,0,0,담하,(단체) 한우 우거지 국밥
2023-04-26,0,4,Spring,0,0,0,담하,(단체) 한우 우거지 국밥
2023-04-27,0,4,Spring,0,0,0,담하,(단체) 한우 우거지 국밥
2023-04-28,0,4,Spring,0,0,0,담하,(단체) 한우 우거지 국밥
2023-04-29,0,4,Spring,1,0,1,담하,(단체) 한우 우거지 국밥
2023-04-30,0,4,Spring,1,0,1,담하,(단체) 한우 우거지 국밥
2023-05-01,0,5,Spring,0,0,0,담하,(단체) 한우 우거지 국밥
2023-05-02,0,5,Spring,0,0,0,담하,(단체) 한우 우거지 국밥
2023-05-03,0,5,Spring,0,0,0,담하,(단체) 한우 우거지 국밥
2023-05-04,0,5,Spring,0,0,0,담하,(단체) 한우 우거지 국밥
2023-05-05,0,5,Spring,0,1,1,담하,(단체) 한우 우거지 국밥
2023-05-06,0,5,Spring,1,0,1,담하,(단체) 한우 우거지 국밥
2023-05-07,0,5,Spring,1,0,1,담하,(단체) 한우 우거지 국밥
2023-05-08,0,5,Spring,0,0,0,담하,(단체) 한우 우거지 국밥
2023-05-09,0,5,Spring,0,0,0,담하,(단체) 한우 우거지 국밥
2023-05-10,0,5,Spring,0,0,0,담하,(단체) 한우 우거지 국밥
2023-05-11,7,5,Spring,0,0,0,담하,(단체) 한우 우거지 국밥
2023-05-12,0,5,Spring,0,0,0,담하,(단체) 한우 우거지 국밥
2023-05-13,35,5,Spring,1,0,1,담하,(단체) 한우 우거지 국밥
2023-05-14,0,5,Spring,1,0,1,담하,(단체) 한우 우거지 국밥
2023-05-15,0,5,Spring,0,0,0,담하,(단체) 한우 우거지 국밥
2023-05-16,40,5,Spring,0,0,0,담하,(단체) 한우 우거지 국밥
2023-05-17,0,5,Spring,0,0,0,담하,(단체) 한우 우거지 국밥
2023-05-18,0,5,Spring,0,0,0,담하,(단체) 한우 우거지 국밥
2023-05-19,0,5,Spring,0,0,0,담하,(단체) 한우 우거지 국밥
2023-05-20,0,5,Spring,1,0,1,담하,(단체) 한우 우거지 국밥
2023-05-21,70,5,Spring,1,0,1,담하,(단체) 한우 우거지 국밥
2023-05-22,0,5,Spring,0,0,0,담하,(단체) 한우 우거지 국밥
2023-05-23,2,5,Spring,0,0,0,담하,(단체) 한우 우거지 국밥
2023-05-24,14,5,Spring,0,0,0,담하,(단체) 한우 우거지 국밥
2023-05-25,0,5,Spring,0,0,0,담하,(단체) 한우 우거지 국밥
2023-05-26,0,5,Spring,0,0,0,담하,(단체) 한우 우거지 국밥
2023-05-27,0,5,Spring,1,1,1,담하,(단체) 한우 우거지 국밥
2023-05-28,0,5,Spring,1,0,1,담하,(단체) 한우 우거지 국밥
2023-05-29,0,5,Spring,0,1,1,담하,(단체) 한우 우거지 국밥
2023-05-30,0,5,Spring,0,0,0,담하,(단체) 한우 우거지 국밥
2023-05-31,25,5,Spring,0,0,0,담하,(단체) 한우 우거지 국밥
2023-06-01,0,6,Summer,0,0,0,담하,(단체) 한우 우거지 국밥
2023-06-02,0,6,Summer,0,0,0,담하,(단체) 한우 우거지 국밥
2023-06-03,15,6,Summer,1,0,1,담하,(단체) 한우 우거지 국밥
2023-06-04,0,6,Summer,1,0,1,담하,(단체) 한우 우거지 국밥
2023-06-05,0,6,Summer,0,0,0,담하,(단체) 한우 우거지 국밥
2023-06-06,0,6,Summer,0,1,1,담하,(단체) 한우 우거지 국밥
2023-06-07,0,6,Summer,0,0,0,담하,(단체) 한우 우거지 국밥
2023-06-08,57,6,Summer,0,0,0,담하,(단체) 한우 우거지 국밥
2023-06-09,26,6,Summer,0,0,0,담하,(단체) 한우 우거지 국밥
2023-06-10,23,6,Summer,1,0,1,담하,(단체) 한우 우거지 국밥
2023-06-11,0,6,Summer,1,0,1,담하,(단체) 한우 우거지 국밥
2023-06-12,0,6,Summer,0,0,0,담하,(단체) 한우 우거지 국밥
2023-06-13,2,6,Summer,0,0,0,담하,(단체) 한우 우거지 국밥
2023-06-14,0,6,Summer,0,0,0,담하,(단체) 한우 우거지 국밥
2023-06-15,14,6,Summer,0,0,0,담하,(단체) 한우 우거지 국밥
2023-06-16,0,6,Summer,0,0,0,담하,(단체) 한우 우거지 국밥
2023-06-17,16,6,Summer,1,0,1,담하,(단체) 한우 우거지 국밥
2023-06-18,0,6,Summer,1,0,1,담하,(단체) 한우 우거지 국밥
2023-06-19,0,6,Summer,0,0,0,담하,(단체) 한우 우거지 국밥
2023-06-20,0,6,Summer,0,0,0,담하,(단체) 한우 우거지 국밥
2023-06-21,0,6,Summer,0,0,0,담하,(단체) 한우 우거지 국밥
2023-06-22,35,6,Summer,0,0,0,담하,(단체) 한우 우거지 국밥
2023-06-23,19,6,Summer,0,0,0,담하,(단체) 한우 우거지 국밥
2023-06-24,0,6,Summer,1,0,1,담하,(단체) 한우 우거지 국밥
2023-06-25,0,6,Summer,1,0,1,담하,(단체) 한우 우거지 국밥
2023-06-26,0,6,Summer,0,0,0,담하,(단체) 한우 우거지 국밥
2023-06-27,33,6,Summer,0,0,0,담하,(단체) 한우 우거지 국밥
2023-06-28,0,6,Summer,0,0,0,담하,(단체) 한우 우거지 국밥
2023-06-29,18,6,Summer,0,0,0,담하,(단체) 한우 우거지 국밥
2023-06-30,0,6,Summer,0,0,0,담하,(단체) 한우 우거지 국밥
2023-07-01,0,7,Summer,1,0,1,담하,(단체) 한우 우거지 국밥
2023-07-02,0,7,Summer,1,0,1,담하,(단체) 한우 우거지 국밥
2023-07-03,0,7,Summer,0,0,0,담하,(단체) 한우 우거지 국밥
2023-07-04,9,7,Summer,0,0,0,담하,(단체) 한우 우거지 국밥
2023-07-05,0,7,Summer,0,0,0,담하,(단체) 한우 우거지 국밥
2023-07-06,3,7,Summer,0,0,0,담하,(단체) 한우 우거지 국밥
2023-07-07,19,7,Summer,0,0,0,담하,(단체) 한우 우거지 국밥
2023-07-08,9,7,Summer,1,0,1,담하,(단체) 한우 우거지 국밥
2023-07-09,0,7,Summer,1,0,1,담하,(단체) 한우 우거지 국밥
2023-07-10,0,7,Summer,0,0,0,담하,(단체) 한우 우거지 국밥
2023-07-11,11,7,Summer,0,0,0,담하,(단체) 한우 우거지 국밥
2023-07-12,0,7,Summer,0,0,0,담하,(단체) 한우 우거지 국밥
2023-07-13,55,7,Summer,0,0,0,담하,(단체) 한우 우거지 국밥
2023-07-14,0,7,Summer,0,0,0,담하,(단체) 한우 우거지 국밥
2023-07-15,0,7,Summer,1,0,1,담하,(단체) 한우 우거지 국밥
2023-07-16,0,7,Summer,1,0,1,담하,(단체) 한우 우거지 국밥
2023-07-17,0,7,Summer,0,0,0,담하,(단체) 한우 우거지 국밥
2023-07-18,0,7,Summer,0,0,0,담하,(단체) 한우 우거지 국밥
2023-07-19,0,7,Summer,0,0,0,담하,(단체) 한우 우거지 국밥
2023-07-20,0,7,Summer,0,0,0,담하,(단체) 한우 우거지 국밥
2023-07-21,0,7,Summer,0,0,0,담하,(단체) 한우 우거지 국밥
2023-07-22,0,7,Summer,1,0,1,담하,(단체) 한우 우거지 국밥
2023-07-23,0,7,Summer,1,0,1,담하,(단체) 한우 우거지 국밥
2023-07-24,0,7,Summer,0,0,0,담하,(단체) 한우 우거지 국밥
2023-07-25,0,7,Summer,0,0,0,담하,(단체) 한우 우거지 국밥
2023-07-26,34,7,Summer,0,0,0,담하,(단체) 한우 우거지 국밥
2023-07-27,0,7,Summer,0,0,0,담하,(단체) 한우 우거지 국밥
2023-07-28,0,7,Summer,0,0,0,담하,(단체) 한우 우거지 국밥
2023-07-29,0,7,Summer,1,0,1,담하,(단체) 한우 우거지 국밥
2023-07-30,0,7,Summer,1,0,1,담하,(단체) 한우 우거지 국밥
2023-07-31,0,7,Summer,0,0,0,담하,(단체) 한우 우거지 국밥
2023-08-01,0,8,Summer,0,0,0,담하,(단체) 한우 우거지 국밥
2023-08-02,0,8,Summer,0,0,0,담하,(단체) 한우 우거지 국밥
2023-08-03,0,8,Summer,0,0,0,담하,(단체) 한우 우거지 국밥
2023-08-04,0,8,Summer,0,0,0,담하,(단체) 한우 우거지 국밥
2023-08-05,0,8,Summer,1,0,1,담하,(단체) 한우 우거지 국밥
2023-08-06,0,8,Summer,1,0,1,담하,(단체) 한우 우거지 국밥
2023-08-07,0,8,Summer,0,0,0,담하,(단체) 한우 우거지 국밥
2023-08-08,0,8,Summer,0,0,0,담하,(단체) 한우 우거지 국밥
2023-08-09,0,8,Summer,0,0,0,담하,(단체) 한우 우거지 국밥
2023-08-10,0,8,Summer,0,0,0,담하,(단체) 한우 우거지 국밥
2023-08-11,0,8,Summer,0,0,0,담하,(단체) 한우 우거지 국밥
2023-08-12,0,8,Summer,1,0,1,담하,(단체) 한우 우거지 국밥
2023-08-13,0,8,Summer,1,0,1,담하,(단체) 한우 우거지 국밥
2023-08-14,0,8,Summer,0,0,0,담하,(단체) 한우 우거지 국밥
2023-08-15,0,8,Summer,0,1,1,담하,(단체) 한우 우거지 국밥
2023-08-16,5,8,Summer,0,0,0,담하,(단체) 한우 우거지 국밥
2023-08-17,0,8,Summer,0,0,0,담하,(단체) 한우 우거지 국밥
2023-08-18,14,8,Summer,0,0,0,담하,(단체) 한우 우거지 국밥
2023-08-19,33,8,Summer,1,0,1,담하,(단체) 한우 우거지 국밥
2023-08-20,0,8,Summer,1,0,1,담하,(단체) 한우 우거지 국밥
2023-08-21,0,8,Summer,0,0,0,담하,(단체) 한우 우거지 국밥
2023-08-22,0,8,Summer,0,0,0,담하,(단체) 한우 우거지 국밥
2023-08-23,0,8,Summer,0,0,0,담하,(단체) 한우 우거지 국밥
2023-08-24,0,8,Summer,0,0,0,담하,(단체) 한우 우거지 국밥
2023-08-25,0,8,Summer,0,0,0,담하,(단체) 한우 우거지 국밥
2023-08-26,0,8,Summer,1,0,1,담하,(단체) 한우 우거지 국밥
2023-08-27,0,8,Summer,1,0,1,담하,(단체) 한우 우거지 국밥
2023-08-28,0,8,Summer,0,0,0,담하,(단체) 한우 우거지 국밥
2023-08-29,0,8,Summer,0,0,0,담하,(단체) 한우 우거지 국밥
2023-08-30,31,8,Summer,0,0,0,담하,(단체) 한우 우거지 국밥
2023-08-31,0,8,Summer,0,0,0,담하,(단체) 한우 우거지 국밥
2023-09-01,34,9,Autumn,0,0,0,담하,(단체) 한우 우거지 국밥
2023-09-02,0,9,Autumn,1,0,1,담하,(단체) 한우 우거지 국밥
2023-09-03,0,9,Autumn,1,0,1,담하,(단체) 한우 우거지 국밥
2023-09-04,0,9,Autumn,0,0,0,담하,(단체) 한우 우거지 국밥
2023-09-05,0,9,Autumn,0,0,0,담하,(단체) 한우 우거지 국밥
2023-09-06,20,9,Autumn,0,0,0,담하,(단체) 한우 우거지 국밥
2023-09-07,20,9,Autumn,0,0,0,담하,(단체) 한우 우거지 국밥
2023-09-08,40,9,Autumn,0,0,0,담하,(단체) 한우 우거지 국밥
2023-09-09,0,9,Autumn,1,0,1,담하,(단체) 한우 우거지 국밥
2023-09-10,0,9,Autumn,1,0,1,담하,(단체) 한우 우거지 국밥
2023-09-11,0,9,Autumn,0,0,0,담하,(단체) 한우 우거지 국밥
2023-09-12,0,9,Autumn,0,0,0,담하,(단체) 한우 우거지 국밥
2023-09-13,0,9,Autumn,0,0,0,담하,(단체) 한우 우거지 국밥
2023-09-14,26,9,Autumn,0,0,0,담하,(단체) 한우 우거지 국밥
2023-09-15,0,9,Autumn,0,0,0,담하,(단체) 한우 우거지 국밥
2023-09-16,8,9,Autumn,1,0,1,담하,(단체) 한우 우거지 국밥
2023-09-17,0,9,Autumn,1,0,1,담하,(단체) 한우 우거지 국밥
2023-09-18,0,9,Autumn,0,0,0,담하,(단체) 한우 우거지 국밥
2023-09-19,0,9,Autumn,0,0,0,담하,(단체) 한우 우거지 국밥
2023-09-20,0,9,Autumn,0,0,0,담하,(단체) 한우 우거지 국밥
2023-09-21,0,9,Autumn,0,0,0,담하,(단체) 한우 우거지 국밥
2023-09-22,39,9,Autumn,0,0,0,담하,(단체) 한우 우거지 국밥
2023-09-23,0,9,Autumn,1,0,1,담하,(단체) 한우 우거지 국밥
2023-09-24,0,9,Autumn,1,0,1,담하,(단체) 한우 우거지 국밥
2023-09-25,0,9,Autumn,0,0,0,담하,(단체) 한우 우거지 국밥
2023-09-26,0,9,Autumn,0,0,0,담하,(단체) 한우 우거지 국밥
2023-09-27,0,9,Autumn,0,0,0,담하,(단체) 한우 우거지 국밥
2023-09-28,0,9,Autumn,0,1,1,담하,(단체) 한우 우거지 국밥
2023-09-29,0,9,Autumn,0,1,1,담하,(단체) 한우 우거지 국밥
2023-09-30,0,9,Autumn,1,1,1,담하,(단체) 한우 우거지 국밥
2023-10-01,0,10,Autumn,1,0,1,담하,(단체) 한우 우거지 국밥
2023-10-02,0,10,Autumn,0,1,1,담하,(단체) 한우 우거지 국밥
2023-10-03,0,10,Autumn,0,1,1,담하,(단체) 한우 우거지 국밥
2023-10-04,0,10,Autumn,0,0,0,담하,(단체) 한우 우거지 국밥
2023-10-05,0,10,Autumn,0,0,0,담하,(단체) 한우 우거지 국밥
2023-10-06,1,10,Autumn,0,0,0,담하,(단체) 한우 우거지 국밥
2023-10-07,0,10,Autumn,1,0,1,담하,(단체) 한우 우거지 국밥
2023-10-08,0,10,Autumn,1,0,1,담하,(단체) 한우 우거지 국밥
2023-10-09,0,10,Autumn,0,1,1,담하,(단체) 한우 우거지 국밥
2023-10-10,0,10,Autumn,0,0,0,담하,(단체) 한우 우거지 국밥
2023-10-11,11,10,Autumn,0,0,0,담하,(단체) 한우 우거지 국밥
2023-10-12,0,10,Autumn,0,0,0,담하,(단체) 한우 우거지 국밥
2023-10-13,21,10,Autumn,0,0,0,담하,(단체) 한우 우거지 국밥
2023-10-14,0,10,Autumn,1,0,1,담하,(단체) 한우 우거지 국밥
2023-10-15,0,10,Autumn,1,0,1,담하,(단체) 한우 우거지 국밥
2023-10-16,0,10,Autumn,0,0,0,담하,(단체) 한우 우거지 국밥
2023-10-17,0,10,Autumn,0,0,0,담하,(단체) 한우 우거지 국밥
2023-10-18,0,10,Autumn,0,0,0,담하,(단체) 한우 우거지 국밥
2023-10-19,26,10,Autumn,0,0,0,담하,(단체) 한우 우거지 국밥
2023-10-20,38,10,Autumn,0,0,0,담하,(단체) 한우 우거지 국밥
2023-10-21,0,10,Autumn,1,0,1,담하,(단체) 한우 우거지 국밥
2023-10-22,0,10,Autumn,1,0,1,담하,(단체) 한우 우거지 국밥
2023-10-23,0,10,Autumn,0,0,0,담하,(단체) 한우 우거지 국밥
2023-10-24,0,10,Autumn,0,0,0,담하,(단체) 한우 우거지 국밥
2023-10-25,0,10,Autumn,0,0,0,담하,(단체) 한우 우거지 국밥
2023-10-26,0,10,Autumn,0,0,0,담하,(단체) 한우 우거지 국밥
2023-10-27,40,10,Autumn,0,0,0,담하,(단체) 한우 우거지 국밥
2023-10-28,0,10,Autumn,1,0,1,담하,(단체) 한우 우거지 국밥
2023-10-29,0,10,Autumn,1,0,1,담하,(단체) 한우 우거지 국밥
2023-10-30,0,10,Autumn,0,0,0,담하,(단체) 한우 우거지 국밥
2023-10-31,2,10,Autumn,0,0,0,담하,(단체) 한우 우거지 국밥
2023-11-01,0,11,Autumn,0,0,0,담하,(단체) 한우 우거지 국밥
2023-11-02,0,11,Autumn,0,0,0,담하,(단체) 한우 우거지 국밥
2023-11-03,0,11,Autumn,0,0,0,담하,(단체) 한우 우거지 국밥
2023-11-04,0,11,Autumn,1,0,1,담하,(단체) 한우 우거지 국밥
2023-11-05,0,11,Autumn,1,0,1,담하,(단체) 한우 우거지 국밥
2023-11-06,0,11,Autumn,0,0,0,담하,(단체) 한우 우거지 국밥
2023-11-07,0,11,Autumn,0,0,0,담하,(단체) 한우 우거지 국밥
2023-11-08,0,11,Autumn,0,0,0,담하,(단체) 한우 우거지 국밥
2023-11-09,0,11,Autumn,0,0,0,담하,(단체) 한우 우거지 국밥
2023-11-10,20,11,Autumn,0,0,0,담하,(단체) 한우 우거지 국밥
2023-11-11,0,11,Autumn,1,0,1,담하,(단체) 한우 우거지 국밥
2023-11-12,0,11,Autumn,1,0,1,담하,(단체) 한우 우거지 국밥
2023-11-13,0,11,Autumn,0,0,0,담하,(단체) 한우 우거지 국밥
2023-11-14,0,11,Autumn,0,0,0,담하,(단체) 한우 우거지 국밥
2023-11-15,0,11,Autumn,0,0,0,담하,(단체) 한우 우거지 국밥
2023-11-16,0,11,Autumn,0,0,0,담하,(단체) 한우 우거지 국밥
2023-11-17,7,11,Autumn,0,0,0,담하,(단체) 한우 우거지 국밥
2023-11-18,0,11,Autumn,1,0,1,담하,(단체) 한우 우거지 국밥
2023-11-19,0,11,Autumn,1,0,1,담하,(단체) 한우 우거지 국밥
2023-11-20,0,11,Autumn,0,0,0,담하,(단체) 한우 우거지 국밥
2023-11-21,0,11,Autumn,0,0,0,담하,(단체) 한우 우거지 국밥
2023-11-22,21,11,Autumn,0,0,0,담하,(단체) 한우 우거지 국밥
2023-11-23,26,11,Autumn,0,0,0,담하,(단체) 한우 우거지 국밥
2023-11-24,0,11,Autumn,0,0,0,담하,(단체) 한우 우거지 국밥
2023-11-25,0,11,Autumn,1,0,1,담하,(단체) 한우 우거지 국밥
2023-11-26,0,11,Autumn,1,0,1,담하,(단체) 한우 우거지 국밥
2023-11-27,0,11,Autumn,0,0,0,담하,(단체) 한우 우거지 국밥
2023-11-28,0,11,Autumn,0,0,0,담하,(단체) 한우 우거지 국밥
2023-11-29,0,11,Autumn,0,0,0,담하,(단체) 한우 우거지 국밥
2023-11-30,0,11,Autumn,0,0,0,담하,(단체) 한우 우거지 국밥
2023-12-01,82,12,Winter,0,0,0,담하,(단체) 한우 우거지 국밥
2023-12-02,0,12,Winter,1,0,1,담하,(단체) 한우 우거지 국밥
2023-12-03,0,12,Winter,1,0,1,담하,(단체) 한우 우거지 국밥
2023-12-04,0,12,Winter,0,0,0,담하,(단체) 한우 우거지 국밥
2023-12-05,0,12,Winter,0,0,0,담하,(단체) 한우 우거지 국밥
2023-12-06,2,12,Winter,0,0,0,담하,(단체) 한우 우거지 국밥
2023-12-07,13,12,Winter,0,0,0,담하,(단체) 한우 우거지 국밥
2023-12-08,71,12,Winter,0,0,0,담하,(단체) 한우 우거지 국밥
2023-12-09,0,12,Winter,1,0,1,담하,(단체) 한우 우거지 국밥
2023-12-10,0,12,Winter,1,0,1,담하,(단체) 한우 우거지 국밥
2023-12-11,0,12,Winter,0,0,0,담하,(단체) 한우 우거지 국밥
2023-12-12,12,12,Winter,0,0,0,담하,(단체) 한우 우거지 국밥
2023-12-13,0,12,Winter,0,0,0,담하,(단체) 한우 우거지 국밥
2023-12-14,0,12,Winter,0,0,0,담하,(단체) 한우 우거지 국밥
2023-12-15,45,12,Winter,0,0,0,담하,(단체) 한우 우거지 국밥
2023-12-16,7,12,Winter,1,0,1,담하,(단체) 한우 우거지 국밥
2023-12-17,0,12,Winter,1,0,1,담하,(단체) 한우 우거지 국밥
2023-12-18,0,12,Winter,0,0,0,담하,(단체) 한우 우거지 국밥
2023-12-19,23,12,Winter,0,0,0,담하,(단체) 한우 우거지 국밥
2023-12-20,0,12,Winter,0,0,0,담하,(단체) 한우 우거지 국밥
2023-12-21,0,12,Winter,0,0,0,담하,(단체) 한우 우거지 국밥
2023-12-22,0,12,Winter,0,0,0,담하,(단체) 한우 우거지 국밥
2023-12-23,2,12,Winter,1,0,1,담하,(단체) 한우 우거지 국밥
2023-12-24,0,12,Winter,1,0,1,담하,(단체) 한우 우거지 국밥
2023-12-25,0,12,Winter,0,1,1,담하,(단체) 한우 우거지 국밥
2023-12-26,0,12,Winter,0,0,0,담하,(단체) 한우 우거지 국밥
2023-12-27,0,12,Winter,0,0,0,담하,(단체) 한우 우거지 국밥
2023-12-28,0,12,Winter,0,0,0,담하,(단체) 한우 우거지 국밥
2023-12-29,0,12,Winter,0,0,0,담하,(단체) 한우 우거지 국밥
2023-12-30,0,12,Winter,1,0,1,담하,(단체) 한우 우거지 국밥
2023-12-31,0,12,Winter,1,0,1,담하,(단체) 한우 우거지 국밥
2024-01-01,0,1,Winter,0,1,1,담하,(단체) 한우 우거지 국밥
2024-01-02,0,1,Winter,0,0,0,담하,(단체) 한우 우거지 국밥
2024-01-03,0,1,Winter,0,0,0,담하,(단체) 한우 우거지 국밥
2024-01-04,0,1,Winter,0,0,0,담하,(단체) 한우 우거지 국밥
2024-01-05,3,1,Winter,0,0,0,담하,(단체) 한우 우거지 국밥
2024-01-06,0,1,Winter,1,0,1,담하,(단체) 한우 우거지 국밥
2024-01-07,0,1,Winter,1,0,1,담하,(단체) 한우 우거지 국밥
2024-01-08,0,1,Winter,0,0,0,담하,(단체) 한우 우거지 국밥
2024-01-09,0,1,Winter,0,0,0,담하,(단체) 한우 우거지 국밥
2024-01-10,24,1,Winter,0,0,0,담하,(단체) 한우 우거지 국밥
2024-01-11,0,1,Winter,0,0,0,담하,(단체) 한우 우거지 국밥
2024-01-12,0,1,Winter,0,0,0,담하,(단체) 한우 우거지 국밥
2024-01-13,0,1,Winter,1,0,1,담하,(단체) 한우 우거지 국밥
2024-01-14,0,1,Winter,1,0,1,담하,(단체) 한우 우거지 국밥
2024-01-15,0,1,Winter,0,0,0,담하,(단체) 한우 우거지 국밥
2024-01-16,0,1,Winter,0,0,0,담하,(단체) 한우 우거지 국밥
2024-01-17,29,1,Winter,0,0,0,담하,(단체) 한우 우거지 국밥
2024-01-18,10,1,Winter,0,0,0,담하,(단체) 한우 우거지 국밥
2024-01-19,0,1,Winter,0,0,0,담하,(단체) 한우 우거지 국밥
2024-01-20,19,1,Winter,1,0,1,담하,(단체) 한우 우거지 국밥
2024-01-21,0,1,Winter,1,0,1,담하,(단체) 한우 우거지 국밥
2024-01-22,0,1,Winter,0,0,0,담하,(단체) 한우 우거지 국밥
2024-01-23,0,1,Winter,0,0,0,담하,(단체) 한우 우거지 국밥
2024-01-24,15,1,Winter,0,0,0,담하,(단체) 한우 우거지 국밥
2024-01-25,0,1,Winter,0,0,0,담하,(단체) 한우 우거지 국밥
2024-01-26,63,1,Winter,0,0,0,담하,(단체) 한우 우거지 국밥
2024-01-27,0,1,Winter,1,0,1,담하,(단체) 한우 우거지 국밥
2024-01-28,0,1,Winter,1,0,1,담하,(단체) 한우 우거지 국밥
2024-01-29,0,1,Winter,0,0,0,담하,(단체) 한우 우거지 국밥
2024-01-30,8,1,Winter,0,0,0,담하,(단체) 한우 우거지 국밥
2024-01-31,0,1,Winter,0,0,0,담하,(단체) 한우 우거지 국밥
2024-02-01,0,2,Winter,0,0,0,담하,(단체) 한우 우거지 국밥
2024-02-02,0,2,Winter,0,0,0,담하,(단체) 한우 우거지 국밥
2024-02-03,0,2,Winter,1,0,1,담하,(단체) 한우 우거지 국밥
2024-02-04,0,2,Winter,1,0,1,담하,(단체) 한우 우거지 국밥
2024-02-05,0,2,Winter,0,0,0,담하,(단체) 한우 우거지 국밥
2024-02-06,0,2,Winter,0,0,0,담하,(단체) 한우 우거지 국밥
2024-02-07,0,2,Winter,0,0,0,담하,(단체) 한우 우거지 국밥
2024-02-08,0,2,Winter,0,0,0,담하,(단체) 한우 우거지 국밥
2024-02-09,0,2,Winter,0,1,1,담하,(단체) 한우 우거지 국밥
2024-02-10,0,2,Winter,1,1,1,담하,(단체) 한우 우거지 국밥
2024-02-11,0,2,Winter,1,1,1,담하,(단체) 한우 우거지 국밥
2024-02-12,0,2,Winter,0,1,1,담하,(단체) 한우 우거지 국밥
2024-02-13,0,2,Winter,0,0,0,담하,(단체) 한우 우거지 국밥
2024-02-14,0,2,Winter,0,0,0,담하,(단체) 한우 우거지 국밥
2024-02-15,0,2,Winter,0,0,0,담하,(단체) 한우 우거지 국밥
2024-02-16,5,2,Winter,0,0,0,담하,(단체) 한우 우거지 국밥
2024-02-17,0,2,Winter,1,0,1,담하,(단체) 한우 우거지 국밥
2024-02-18,0,2,Winter,1,0,1,담하,(단체) 한우 우거지 국밥
2024-02-19,0,2,Winter,0,0,0,담하,(단체) 한우 우거지 국밥
2024-02-20,0,2,Winter,0,0,0,담하,(단체) 한우 우거지 국밥
2024-02-21,0,2,Winter,0,0,0,담하,(단체) 한우 우거지 국밥
2024-02-22,0,2,Winter,0,0,0,담하,(단체) 한우 우거지 국밥
2024-02-23,10,2,Winter,0,0,0,담하,(단체) 한우 우거지 국밥
2024-02-24,40,2,Winter,1,0,1,담하,(단체) 한우 우거지 국밥
2024-02-25,0,2,Winter,1,0,1,담하,(단체) 한우 우거지 국밥
2024-02-26,0,2,Winter,0,0,0,담하,(단체) 한우 우거지 국밥
2024-02-27,0,2,Winter,0,0,0,담하,(단체) 한우 우거지 국밥
2024-02-28,0,2,Winter,0,0,0,담하,(단체) 한우 우거지 국밥
2024-02-29,3,2,Winter,0,0,0,담하,(단체) 한우 우거지 국밥
2024-03-01,0,3,Spring,0,1,1,담하,(단체) 한우 우거지 국밥
2024-03-02,0,3,Spring,1,0,1,담하,(단체) 한우 우거지 국밥
2024-03-03,0,3,Spring,1,0,1,담하,(단체) 한우 우거지 국밥
2024-03-04,0,3,Spring,0,0,0,담하,(단체) 한우 우거지 국밥
2024-03-05,0,3,Spring,0,0,0,담하,(단체) 한우 우거지 국밥
2024-03-06,0,3,Spring,0,0,0,담하,(단체) 한우 우거지 국밥
2024-03-07,0,3,Spring,0,0,0,담하,(단체) 한우 우거지 국밥
2024-03-08,0,3,Spring,0,0,0,담하,(단체) 한우 우거지 국밥
2024-03-09,0,3,Spring,1,0,1,담하,(단체) 한우 우거지 국밥
2024-03-10,0,3,Spring,1,0,1,담하,(단체) 한우 우거지 국밥
2024-03-11,0,3,Spring,0,0,0,담하,(단체) 한우 우거지 국밥
2024-03-12,0,3,Spring,0,0,0,담하,(단체) 한우 우거지 국밥
2024-03-13,0,3,Spring,0,0,0,담하,(단체) 한우 우거지 국밥
2024-03-14,0,3,Spring,0,0,0,담하,(단체) 한우 우거지 국밥
2024-03-15,12,3,Spring,0,0,0,담하,(단체) 한우 우거지 국밥
2024-03-16,0,3,Spring,1,0,1,담하,(단체) 한우 우거지 국밥
2024-03-17,0,3,Spring,1,0,1,담하,(단체) 한우 우거지 국밥
2024-03-18,0,3,Spring,0,0,0,담하,(단체) 한우 우거지 국밥
2024-03-19,0,3,Spring,0,0,0,담하,(단체) 한우 우거지 국밥
2024-03-20,0,3,Spring,0,0,0,담하,(단체) 한우 우거지 국밥
2024-03-21,30,3,Spring,0,0,0,담하,(단체) 한우 우거지 국밥
2024-03-22,53,3,Spring,0,0,0,담하,(단체) 한우 우거지 국밥
2024-03-23,0,3,Spring,1,0,1,담하,(단체) 한우 우거지 국밥
2024-03-24,0,3,Spring,1,0,1,담하,(단체) 한우 우거지 국밥
2024-03-25,0,3,Spring,0,0,0,담하,(단체) 한우 우거지 국밥
2024-03-26,0,3,Spring,0,0,0,담하,(단체) 한우 우거지 국밥
2024-03-27,0,3,Spring,0,0,0,담하,(단체) 한우 우거지 국밥
2024-03-28,80,3,Spring,0,0,0,담하,(단체) 한우 우거지 국밥
2024-03-29,27,3,Spring,0,0,0,담하,(단체) 한우 우거지 국밥
2024-03-30,0,3,Spring,1,0,1,담하,(단체) 한우 우거지 국밥
2024-03-31,0,3,Spring,1,0,1,담하,(단체) 한우 우거지 국밥
2024-04-01,3,4,Spring,0,0,0,담하,(단체) 한우 우거지 국밥
2024-04-02,0,4,Spring,0,0,0,담하,(단체) 한우 우거지 국밥
2024-04-03,0,4,Spring,0,0,0,담하,(단체) 한우 우거지 국밥
2024-04-04,0,4,Spring,0,0,0,담하,(단체) 한우 우거지 국밥
2024-04-05,27,4,Spring,0,0,0,담하,(단체) 한우 우거지 국밥
2024-04-06,0,4,Spring,1,0,1,담하,(단체) 한우 우거지 국밥
2024-04-07,0,4,Spring,1,0,1,담하,(단체) 한우 우거지 국밥
2024-04-08,0,4,Spring,0,0,0,담하,(단체) 한우 우거지 국밥
2024-04-09,0,4,Spring,0,0,0,담하,(단체) 한우 우거지 국밥
2024-04-10,0,4,Spring,0,1,1,담하,(단체) 한우 우거지 국밥
2024-04-11,0,4,Spring,0,0,0,담하,(단체) 한우 우거지 국밥
2024-04-12,0,4,Spring,0,0,0,담하,(단체) 한우 우거지 국밥
2024-04-13,0,4,Spring,1,0,1,담하,(단체) 한우 우거지 국밥
2024-04-14,0,4,Spring,1,0,1,담하,(단체) 한우 우거지 국밥
2024-04-15,0,4,Spring,0,0,0,담하,(단체) 한우 우거지 국밥
2024-04-16,0,4,Spring,0,0,0,담하,(단체) 한우 우거지 국밥
2024-04-17,0,4,Spring,0,0,0,담하,(단체) 한우 우거지 국밥
2024-04-18,0,4,Spring,0,0,0,담하,(단체) 한우 우거지 국밥
2024-04-19,10,4,Spring,0,0,0,담하,(단체) 한우 우거지 국밥
2024-04-20,0,4,Spring,1,0,1,담하,(단체) 한우 우거지 국밥
2024-04-21,0,4,Spring,1,0,1,담하,(단체) 한우 우거지 국밥
2024-04-22,45,4,Spring,0,0,0,담하,(단체) 한우 우거지 국밥
2024-04-23,0,4,Spring,0,0,0,담하,(단체) 한우 우거지 국밥
2024-04-24,0,4,Spring,0,0,0,담하,(단체) 한우 우거지 국밥
2024-04-25,18,4,Spring,0,0,0,담하,(단체) 한우 우거지 국밥
2024-04-26,15,4,Spring,0,0,0,담하,(단체) 한우 우거지 국밥
2024-04-27,0,4,Spring,1,0,1,담하,(단체) 한우 우거지 국밥
2024-04-28,0,4,Spring,1,0,1,담하,(단체) 한우 우거지 국밥
2024-04-29,0,4,Spring,0,0,0,담하,(단체) 한우 우거지 국밥
2024-04-30,0,4,Spring,0,0,0,담하,(단체) 한우 우거지 국밥
2024-05-01,0,5,Spring,0,0,0,담하,(단체) 한우 우거지 국밥
2024-05-02,3,5,Spring,0,0,0,담하,(단체) 한우 우거지 국밥
2024-05-03,0,5,Spring,0,0,0,담하,(단체) 한우 우거지 국밥
2024-05-04,0,5,Spring,1,0,1,담하,(단체) 한우 우거지 국밥
2024-05-05,0,5,Spring,1,1,1,담하,(단체) 한우 우거지 국밥
2024-05-06,0,5,Spring,0,1,1,담하,(단체) 한우 우거지 국밥
2024-05-07,0,5,Spring,0,0,0,담하,(단체) 한우 우거지 국밥
2024-05-08,0,5,Spring,0,0,0,담하,(단체) 한우 우거지 국밥
2024-05-09,0,5,Spring,0,0,0,담하,(단체) 한우 우거지 국밥
2024-05-10,43,5,Spring,0,0,0,담하,(단체) 한우 우거지 국밥
2024-05-11,0,5,Spring,1,0,1,담하,(단체) 한우 우거지 국밥
2024-05-12,0,5,Spring,1,0,1,담하,(단체) 한우 우거지 국밥
2024-05-13,0,5,Spring,0,0,0,담하,(단체) 한우 우거지 국밥
2024-05-14,0,5,Spring,0,0,0,담하,(단체) 한우 우거지 국밥
2024-05-15,45,5,Spring,0,1,1,담하,(단체) 한우 우거지 국밥
2024-05-16,0,5,Spring,0,0,0,담하,(단체) 한우 우거지 국밥
2024-05-17,16,5,Spring,0,0,0,담하,(단체) 한우 우거지 국밥
2024-05-18,0,5,Spring,1,0,1,담하,(단체) 한우 우거지 국밥
2024-05-19,0,5,Spring,1,0,1,담하,(단체) 한우 우거지 국밥
2024-05-20,0,5,Spring,0,0,0,담하,(단체) 한우 우거지 국밥
2024-05-21,20,5,Spring,0,0,0,담하,(단체) 한우 우거지 국밥
2024-05-22,0,5,Spring,0,0,0,담하,(단체) 한우 우거지 국밥
2024-05-23,55,5,Spring,0,0,0,담하,(단체) 한우 우거지 국밥
2024-05-24,0,5,Spring,0,0,0,담하,(단체) 한우 우거지 국밥
2024-05-25,0,5,Spring,1,0,1,담하,(단체) 한우 우거지 국밥
2024-05-26,0,5,Spring,1,0,1,담하,(단체) 한우 우거지 국밥
2024-05-27,0,5,Spring,0,0,0,담하,(단체) 한우 우거지 국밥
2024-05-28,84,5,Spring,0,0,0,담하,(단체) 한우 우거지 국밥
2024-05-29,0,5,Spring,0,0,0,담하,(단체) 한우 우거지 국밥
2024-05-30,0,5,Spring,0,0,0,담하,(단체) 한우 우거지 국밥
2024-05-31,24,5,Spring,0,0,0,담하,(단체) 한우 우거지 국밥
2024-06-01,29,6,Summer,1,0,1,담하,(단체) 한우 우거지 국밥
2024-06-02,0,6,Summer,1,0,1,담하,(단체) 한우 우거지 국밥
2024-06-03,0,6,Summer,0,0,0,담하,(단체) 한우 우거지 국밥
2024-06-04,4,6,Summer,0,0,0,담하,(단체) 한우 우거지 국밥
2024-06-05,9,6,Summer,0,0,0,담하,(단체) 한우 우거지 국밥
2024-06-06,0,6,Summer,0,1,1,담하,(단체) 한우 우거지 국밥
2024-06-07,0,6,Summer,0,0,0,담하,(단체) 한우 우거지 국밥
2024-06-08,0,6,Summer,1,0,1,담하,(단체) 한우 우거지 국밥
2024-06-09,0,6,Summer,1,0,1,담하,(단체) 한우 우거지 국밥
2024-06-10,0,6,Summer,0,0,0,담하,(단체) 한우 우거지 국밥
2024-06-11,0,6,Summer,0,0,0,담하,(단체) 한우 우거지 국밥
2024-06-12,0,6,Summer,0,0,0,담하,(단체) 한우 우거지 국밥
2024-06-13,21,6,Summer,0,0,0,담하,(단체) 한우 우거지 국밥
2024-06-14,0,6,Summer,0,0,0,담하,(단체) 한우 우거지 국밥
2024-06-15,0,6,Summer,1,0,1,담하,(단체) 한우 우거지 국밥
2023-01-01,0,1,Winter,1,1,1,담하,(단체) 황태해장국 3/27까지
2023-01-02,0,1,Winter,0,0,0,담하,(단체) 황태해장국 3/27까지
2023-01-03,0,1,Winter,0,0,0,담하,(단체) 황태해장국 3/27까지
2023-01-04,0,1,Winter,0,0,0,담하,(단체) 황태해장국 3/27까지
2023-01-05,0,1,Winter,0,0,0,담하,(단체) 황태해장국 3/27까지
2023-01-06,0,1,Winter,0,0,0,담하,(단체) 황태해장국 3/27까지
2023-01-07,129,1,Winter,1,0,1,담하,(단체) 황태해장국 3/27까지
2023-01-08,0,1,Winter,1,0,1,담하,(단체) 황태해장국 3/27까지
2023-01-09,0,1,Winter,0,0,0,담하,(단체) 황태해장국 3/27까지
2023-01-10,10,1,Winter,0,0,0,담하,(단체) 황태해장국 3/27까지
2023-01-11,0,1,Winter,0,0,0,담하,(단체) 황태해장국 3/27까지
2023-01-12,50,1,Winter,0,0,0,담하,(단체) 황태해장국 3/27까지
2023-01-13,62,1,Winter,0,0,0,담하,(단체) 황태해장국 3/27까지
2023-01-14,20,1,Winter,1,0,1,담하,(단체) 황태해장국 3/27까지
2023-01-15,0,1,Winter,1,0,1,담하,(단체) 황태해장국 3/27까지
2023-01-16,0,1,Winter,0,0,0,담하,(단체) 황태해장국 3/27까지
2023-01-17,0,1,Winter,0,0,0,담하,(단체) 황태해장국 3/27까지
2023-01-18,10,1,Winter,0,0,0,담하,(단체) 황태해장국 3/27까지
2023-01-19,0,1,Winter,0,0,0,담하,(단체) 황태해장국 3/27까지
2023-01-20,0,1,Winter,0,0,0,담하,(단체) 황태해장국 3/27까지
2023-01-21,0,1,Winter,1,1,1,담하,(단체) 황태해장국 3/27까지
2023-01-22,0,1,Winter,1,1,1,담하,(단체) 황태해장국 3/27까지
2023-01-23,0,1,Winter,0,1,1,담하,(단체) 황태해장국 3/27까지
2023-01-24,0,1,Winter,0,1,1,담하,(단체) 황태해장국 3/27까지
2023-01-25,0,1,Winter,0,0,0,담하,(단체) 황태해장국 3/27까지
2023-01-26,0,1,Winter,0,0,0,담하,(단체) 황태해장국 3/27까지
2023-01-27,47,1,Winter,0,0,0,담하,(단체) 황태해장국 3/27까지
2023-01-28,8,1,Winter,1,0,1,담하,(단체) 황태해장국 3/27까지
2023-01-29,0,1,Winter,1,0,1,담하,(단체) 황태해장국 3/27까지
2023-01-30,0,1,Winter,0,0,0,담하,(단체) 황태해장국 3/27까지
2023-01-31,14,1,Winter,0,0,0,담하,(단체) 황태해장국 3/27까지
2023-02-01,0,2,Winter,0,0,0,담하,(단체) 황태해장국 3/27까지
2023-02-02,37,2,Winter,0,0,0,담하,(단체) 황태해장국 3/27까지
2023-02-03,88,2,Winter,0,0,0,담하,(단체) 황태해장국 3/27까지
2023-02-04,59,2,Winter,1,0,1,담하,(단체) 황태해장국 3/27까지
2023-02-05,0,2,Winter,1,0,1,담하,(단체) 황태해장국 3/27까지
2023-02-06,0,2,Winter,0,0,0,담하,(단체) 황태해장국 3/27까지
2023-02-07,130,2,Winter,0,0,0,담하,(단체) 황태해장국 3/27까지
2023-02-08,71,2,Winter,0,0,0,담하,(단체) 황태해장국 3/27까지
2023-02-09,0,2,Winter,0,0,0,담하,(단체) 황태해장국 3/27까지
2023-02-10,57,2,Winter,0,0,0,담하,(단체) 황태해장국 3/27까지
2023-02-11,38,2,Winter,1,0,1,담하,(단체) 황태해장국 3/27까지
2023-02-12,0,2,Winter,1,0,1,담하,(단체) 황태해장국 3/27까지
2023-02-13,0,2,Winter,0,0,0,담하,(단체) 황태해장국 3/27까지
2023-02-14,0,2,Winter,0,0,0,담하,(단체) 황태해장국 3/27까지
2023-02-15,59,2,Winter,0,0,0,담하,(단체) 황태해장국 3/27까지
2023-02-16,35,2,Winter,0,0,0,담하,(단체) 황태해장국 3/27까지
2023-02-17,106,2,Winter,0,0,0,담하,(단체) 황태해장국 3/27까지
2023-02-18,16,2,Winter,1,0,1,담하,(단체) 황태해장국 3/27까지
2023-02-19,13,2,Winter,1,0,1,담하,(단체) 황태해장국 3/27까지
2023-02-20,0,2,Winter,0,0,0,담하,(단체) 황태해장국 3/27까지
2023-02-21,123,2,Winter,0,0,0,담하,(단체) 황태해장국 3/27까지
2023-02-22,0,2,Winter,0,0,0,담하,(단체) 황태해장국 3/27까지
2023-02-23,24,2,Winter,0,0,0,담하,(단체) 황태해장국 3/27까지
2023-02-24,22,2,Winter,0,0,0,담하,(단체) 황태해장국 3/27까지
2023-02-25,40,2,Winter,1,0,1,담하,(단체) 황태해장국 3/27까지
2023-02-26,0,2,Winter,1,0,1,담하,(단체) 황태해장국 3/27까지
2023-02-27,0,2,Winter,0,0,0,담하,(단체) 황태해장국 3/27까지
2023-02-28,7,2,Winter,0,0,0,담하,(단체) 황태해장국 3/27까지
2023-03-01,0,3,Spring,0,1,1,담하,(단체) 황태해장국 3/27까지
2023-03-02,0,3,Spring,0,0,0,담하,(단체) 황태해장국 3/27까지
2023-03-03,0,3,Spring,0,0,0,담하,(단체) 황태해장국 3/27까지
2023-03-04,0,3,Spring,1,0,1,담하,(단체) 황태해장국 3/27까지
2023-03-05,0,3,Spring,1,0,1,담하,(단체) 황태해장국 3/27까지
2023-03-06,0,3,Spring,0,0,0,담하,(단체) 황태해장국 3/27까지
2023-03-07,0,3,Spring,0,0,0,담하,(단체) 황태해장국 3/27까지
2023-03-08,0,3,Spring,0,0,0,담하,(단체) 황태해장국 3/27까지
2023-03-09,0,3,Spring,0,0,0,담하,(단체) 황태해장국 3/27까지
2023-03-10,0,3,Spring,0,0,0,담하,(단체) 황태해장국 3/27까지
2023-03-11,70,3,Spring,1,0,1,담하,(단체) 황태해장국 3/27까지
2023-03-12,20,3,Spring,1,0,1,담하,(단체) 황태해장국 3/27까지
2023-03-13,0,3,Spring,0,0,0,담하,(단체) 황태해장국 3/27까지
2023-03-14,116,3,Spring,0,0,0,담하,(단체) 황태해장국 3/27까지
2023-03-15,22,3,Spring,0,0,0,담하,(단체) 황태해장국 3/27까지
2023-03-16,0,3,Spring,0,0,0,담하,(단체) 황태해장국 3/27까지
2023-03-17,129,3,Spring,0,0,0,담하,(단체) 황태해장국 3/27까지
2023-03-18,52,3,Spring,1,0,1,담하,(단체) 황태해장국 3/27까지
2023-03-19,0,3,Spring,1,0,1,담하,(단체) 황태해장국 3/27까지
2023-03-20,0,3,Spring,0,0,0,담하,(단체) 황태해장국 3/27까지
2023-03-21,70,3,Spring,0,0,0,담하,(단체) 황태해장국 3/27까지
2023-03-22,0,3,Spring,0,0,0,담하,(단체) 황태해장국 3/27까지
2023-03-23,18,3,Spring,0,0,0,담하,(단체) 황태해장국 3/27까지
2023-03-24,109,3,Spring,0,0,0,담하,(단체) 황태해장국 3/27까지
2023-03-25,40,3,Spring,1,0,1,담하,(단체) 황태해장국 3/27까지
2023-03-26,0,3,Spring,1,0,1,담하,(단체) 황태해장국 3/27까지
2023-03-27,0,3,Spring,0,0,0,담하,(단체) 황태해장국 3/27까지
2023-03-28,17,3,Spring,0,0,0,담하,(단체) 황태해장국 3/27까지
2023-03-29,15,3,Spring,0,0,0,담하,(단체) 황태해장국 3/27까지
2023-03-30,0,3,Spring,0,0,0,담하,(단체) 황태해장국 3/27까지
2023-03-31,32,3,Spring,0,0,0,담하,(단체) 황태해장국 3/27까지
2023-04-01,26,4,Spring,1,0,1,담하,(단체) 황태해장국 3/27까지
2023-04-02,0,4,Spring,1,0,1,담하,(단체) 황태해장국 3/27까지
2023-04-03,0,4,Spring,0,0,0,담하,(단체) 황태해장국 3/27까지
2023-04-04,62,4,Spring,0,0,0,담하,(단체) 황태해장국 3/27까지
2023-04-05,24,4,Spring,0,0,0,담하,(단체) 황태해장국 3/27까지
2023-04-06,0,4,Spring,0,0,0,담하,(단체) 황태해장국 3/27까지
2023-04-07,116,4,Spring,0,0,0,담하,(단체) 황태해장국 3/27까지
2023-04-08,23,4,Spring,1,0,1,담하,(단체) 황태해장국 3/27까지
2023-04-09,0,4,Spring,1,0,1,담하,(단체) 황태해장국 3/27까지
2023-04-10,0,4,Spring,0,0,0,담하,(단체) 황태해장국 3/27까지
2023-04-11,83,4,Spring,0,0,0,담하,(단체) 황태해장국 3/27까지
2023-04-12,13,4,Spring,0,0,0,담하,(단체) 황태해장국 3/27까지
2023-04-13,59,4,Spring,0,0,0,담하,(단체) 황태해장국 3/27까지
2023-04-14,54,4,Spring,0,0,0,담하,(단체) 황태해장국 3/27까지
2023-04-15,0,4,Spring,1,0,1,담하,(단체) 황태해장국 3/27까지
2023-04-16,0,4,Spring,1,0,1,담하,(단체) 황태해장국 3/27까지
2023-04-17,0,4,Spring,0,0,0,담하,(단체) 황태해장국 3/27까지
2023-04-18,51,4,Spring,0,0,0,담하,(단체) 황태해장국 3/27까지
2023-04-19,0,4,Spring,0,0,0,담하,(단체) 황태해장국 3/27까지
2023-04-20,25,4,Spring,0,0,0,담하,(단체) 황태해장국 3/27까지
2023-04-21,42,4,Spring,0,0,0,담하,(단체) 황태해장국 3/27까지
2023-04-22,50,4,Spring,1,0,1,담하,(단체) 황태해장국 3/27까지
2023-04-23,0,4,Spring,1,0,1,담하,(단체) 황태해장국 3/27까지
2023-04-24,0,4,Spring,0,0,0,담하,(단체) 황태해장국 3/27까지
2023-04-25,12,4,Spring,0,0,0,담하,(단체) 황태해장국 3/27까지
2023-04-26,0,4,Spring,0,0,0,담하,(단체) 황태해장국 3/27까지
2023-04-27,0,4,Spring,0,0,0,담하,(단체) 황태해장국 3/27까지
2023-04-28,91,4,Spring,0,0,0,담하,(단체) 황태해장국 3/27까지
2023-04-29,180,4,Spring,1,0,1,담하,(단체) 황태해장국 3/27까지
2023-04-30,0,4,Spring,1,0,1,담하,(단체) 황태해장국 3/27까지
2023-05-01,0,5,Spring,0,0,0,담하,(단체) 황태해장국 3/27까지
2023-05-02,0,5,Spring,0,0,0,담하,(단체) 황태해장국 3/27까지
2023-05-03,0,5,Spring,0,0,0,담하,(단체) 황태해장국 3/27까지
2023-05-04,41,5,Spring,0,0,0,담하,(단체) 황태해장국 3/27까지
2023-05-05,0,5,Spring,0,1,1,담하,(단체) 황태해장국 3/27까지
2023-05-06,0,5,Spring,1,0,1,담하,(단체) 황태해장국 3/27까지
2023-05-07,0,5,Spring,1,0,1,담하,(단체) 황태해장국 3/27까지
2023-05-08,0,5,Spring,0,0,0,담하,(단체) 황태해장국 3/27까지
2023-05-09,34,5,Spring,0,0,0,담하,(단체) 황태해장국 3/27까지
2023-05-10,0,5,Spring,0,0,0,담하,(단체) 황태해장국 3/27까지
2023-05-11,0,5,Spring,0,0,0,담하,(단체) 황태해장국 3/27까지
2023-05-12,114,5,Spring,0,0,0,담하,(단체) 황태해장국 3/27까지
2023-05-13,27,5,Spring,1,0,1,담하,(단체) 황태해장국 3/27까지
2023-05-14,0,5,Spring,1,0,1,담하,(단체) 황태해장국 3/27까지
2023-05-15,0,5,Spring,0,0,0,담하,(단체) 황태해장국 3/27까지
2023-05-16,70,5,Spring,0,0,0,담하,(단체) 황태해장국 3/27까지
2023-05-17,23,5,Spring,0,0,0,담하,(단체) 황태해장국 3/27까지
2023-05-18,48,5,Spring,0,0,0,담하,(단체) 황태해장국 3/27까지
2023-05-19,140,5,Spring,0,0,0,담하,(단체) 황태해장국 3/27까지
2023-05-20,0,5,Spring,1,0,1,담하,(단체) 황태해장국 3/27까지
2023-05-21,0,5,Spring,1,0,1,담하,(단체) 황태해장국 3/27까지
2023-05-22,0,5,Spring,0,0,0,담하,(단체) 황태해장국 3/27까지
2023-05-23,94,5,Spring,0,0,0,담하,(단체) 황태해장국 3/27까지
2023-05-24,0,5,Spring,0,0,0,담하,(단체) 황태해장국 3/27까지
2023-05-25,40,5,Spring,0,0,0,담하,(단체) 황태해장국 3/27까지
2023-05-26,171,5,Spring,0,0,0,담하,(단체) 황태해장국 3/27까지
2023-05-27,38,5,Spring,1,1,1,담하,(단체) 황태해장국 3/27까지
2023-05-28,0,5,Spring,1,0,1,담하,(단체) 황태해장국 3/27까지
2023-05-29,0,5,Spring,0,1,1,담하,(단체) 황태해장국 3/27까지
2023-05-30,0,5,Spring,0,0,0,담하,(단체) 황태해장국 3/27까지
2023-05-31,49,5,Spring,0,0,0,담하,(단체) 황태해장국 3/27까지
2023-06-01,0,6,Summer,0,0,0,담하,(단체) 황태해장국 3/27까지
2023-06-02,95,6,Summer,0,0,0,담하,(단체) 황태해장국 3/27까지
2023-06-03,26,6,Summer,1,0,1,담하,(단체) 황태해장국 3/27까지
2023-06-04,0,6,Summer,1,0,1,담하,(단체) 황태해장국 3/27까지
2023-06-05,0,6,Summer,0,0,0,담하,(단체) 황태해장국 3/27까지
2023-06-06,0,6,Summer,0,1,1,담하,(단체) 황태해장국 3/27까지
2023-06-07,0,6,Summer,0,0,0,담하,(단체) 황태해장국 3/27까지
2023-06-08,0,6,Summer,0,0,0,담하,(단체) 황태해장국 3/27까지
2023-06-09,127,6,Summer,0,0,0,담하,(단체) 황태해장국 3/27까지
2023-06-10,8,6,Summer,1,0,1,담하,(단체) 황태해장국 3/27까지
2023-06-11,0,6,Summer,1,0,1,담하,(단체) 황태해장국 3/27까지
2023-06-12,0,6,Summer,0,0,0,담하,(단체) 황태해장국 3/27까지
2023-06-13,129,6,Summer,0,0,0,담하,(단체) 황태해장국 3/27까지
2023-06-14,0,6,Summer,0,0,0,담하,(단체) 황태해장국 3/27까지
2023-06-15,76,6,Summer,0,0,0,담하,(단체) 황태해장국 3/27까지
2023-06-16,91,6,Summer,0,0,0,담하,(단체) 황태해장국 3/27까지
2023-06-17,66,6,Summer,1,0,1,담하,(단체) 황태해장국 3/27까지
2023-06-18,0,6,Summer,1,0,1,담하,(단체) 황태해장국 3/27까지
2023-06-19,0,6,Summer,0,0,0,담하,(단체) 황태해장국 3/27까지
2023-06-20,148,6,Summer,0,0,0,담하,(단체) 황태해장국 3/27까지
2023-06-21,56,6,Summer,0,0,0,담하,(단체) 황태해장국 3/27까지
2023-06-22,0,6,Summer,0,0,0,담하,(단체) 황태해장국 3/27까지
2023-06-23,186,6,Summer,0,0,0,담하,(단체) 황태해장국 3/27까지
2023-06-24,90,6,Summer,1,0,1,담하,(단체) 황태해장국 3/27까지
2023-06-25,0,6,Summer,1,0,1,담하,(단체) 황태해장국 3/27까지
2023-06-26,0,6,Summer,0,0,0,담하,(단체) 황태해장국 3/27까지
2023-06-27,80,6,Summer,0,0,0,담하,(단체) 황태해장국 3/27까지
2023-06-28,0,6,Summer,0,0,0,담하,(단체) 황태해장국 3/27까지
2023-06-29,60,6,Summer,0,0,0,담하,(단체) 황태해장국 3/27까지
2023-06-30,137,6,Summer,0,0,0,담하,(단체) 황태해장국 3/27까지
2023-07-01,66,7,Summer,1,0,1,담하,(단체) 황태해장국 3/27까지
2023-07-02,0,7,Summer,1,0,1,담하,(단체) 황태해장국 3/27까지
2023-07-03,0,7,Summer,0,0,0,담하,(단체) 황태해장국 3/27까지
2023-07-04,57,7,Summer,0,0,0,담하,(단체) 황태해장국 3/27까지
2023-07-05,164,7,Summer,0,0,0,담하,(단체) 황태해장국 3/27까지
2023-07-06,16,7,Summer,0,0,0,담하,(단체) 황태해장국 3/27까지
2023-07-07,146,7,Summer,0,0,0,담하,(단체) 황태해장국 3/27까지
2023-07-08,0,7,Summer,1,0,1,담하,(단체) 황태해장국 3/27까지
2023-07-09,60,7,Summer,1,0,1,담하,(단체) 황태해장국 3/27까지
2023-07-10,0,7,Summer,0,0,0,담하,(단체) 황태해장국 3/27까지
2023-07-11,67,7,Summer,0,0,0,담하,(단체) 황태해장국 3/27까지
2023-07-12,0,7,Summer,0,0,0,담하,(단체) 황태해장국 3/27까지
2023-07-13,46,7,Summer,0,0,0,담하,(단체) 황태해장국 3/27까지
2023-07-14,90,7,Summer,0,0,0,담하,(단체) 황태해장국 3/27까지
2023-07-15,0,7,Summer,1,0,1,담하,(단체) 황태해장국 3/27까지
2023-07-16,0,7,Summer,1,0,1,담하,(단체) 황태해장국 3/27까지
2023-07-17,0,7,Summer,0,0,0,담하,(단체) 황태해장국 3/27까지
2023-07-18,63,7,Summer,0,0,0,담하,(단체) 황태해장국 3/27까지
2023-07-19,26,7,Summer,0,0,0,담하,(단체) 황태해장국 3/27까지
2023-07-20,33,7,Summer,0,0,0,담하,(단체) 황태해장국 3/27까지
2023-07-21,120,7,Summer,0,0,0,담하,(단체) 황태해장국 3/27까지
2023-07-22,0,7,Summer,1,0,1,담하,(단체) 황태해장국 3/27까지
2023-07-23,0,7,Summer,1,0,1,담하,(단체) 황태해장국 3/27까지
2023-07-24,0,7,Summer,0,0,0,담하,(단체) 황태해장국 3/27까지
2023-07-25,0,7,Summer,0,0,0,담하,(단체) 황태해장국 3/27까지
2023-07-26,37,7,Summer,0,0,0,담하,(단체) 황태해장국 3/27까지
2023-07-27,0,7,Summer,0,0,0,담하,(단체) 황태해장국 3/27까지
2023-07-28,64,7,Summer,0,0,0,담하,(단체) 황태해장국 3/27까지
2023-07-29,0,7,Summer,1,0,1,담하,(단체) 황태해장국 3/27까지
2023-07-30,0,7,Summer,1,0,1,담하,(단체) 황태해장국 3/27까지
2023-07-31,0,7,Summer,0,0,0,담하,(단체) 황태해장국 3/27까지
2023-08-01,0,8,Summer,0,0,0,담하,(단체) 황태해장국 3/27까지
2023-08-02,0,8,Summer,0,0,0,담하,(단체) 황태해장국 3/27까지
2023-08-03,0,8,Summer,0,0,0,담하,(단체) 황태해장국 3/27까지
2023-08-04,30,8,Summer,0,0,0,담하,(단체) 황태해장국 3/27까지
2023-08-05,0,8,Summer,1,0,1,담하,(단체) 황태해장국 3/27까지
2023-08-06,0,8,Summer,1,0,1,담하,(단체) 황태해장국 3/27까지
2023-08-07,0,8,Summer,0,0,0,담하,(단체) 황태해장국 3/27까지
2023-08-08,8,8,Summer,0,0,0,담하,(단체) 황태해장국 3/27까지
2023-08-09,0,8,Summer,0,0,0,담하,(단체) 황태해장국 3/27까지
2023-08-10,0,8,Summer,0,0,0,담하,(단체) 황태해장국 3/27까지
2023-08-11,0,8,Summer,0,0,0,담하,(단체) 황태해장국 3/27까지
2023-08-12,20,8,Summer,1,0,1,담하,(단체) 황태해장국 3/27까지
2023-08-13,0,8,Summer,1,0,1,담하,(단체) 황태해장국 3/27까지
2023-08-14,0,8,Summer,0,0,0,담하,(단체) 황태해장국 3/27까지
2023-08-15,0,8,Summer,0,1,1,담하,(단체) 황태해장국 3/27까지
2023-08-16,0,8,Summer,0,0,0,담하,(단체) 황태해장국 3/27까지
2023-08-17,17,8,Summer,0,0,0,담하,(단체) 황태해장국 3/27까지
2023-08-18,52,8,Summer,0,0,0,담하,(단체) 황태해장국 3/27까지
2023-08-19,75,8,Summer,1,0,1,담하,(단체) 황태해장국 3/27까지
2023-08-20,0,8,Summer,1,0,1,담하,(단체) 황태해장국 3/27까지
2023-08-21,0,8,Summer,0,0,0,담하,(단체) 황태해장국 3/27까지
2023-08-22,69,8,Summer,0,0,0,담하,(단체) 황태해장국 3/27까지
2023-08-23,77,8,Summer,0,0,0,담하,(단체) 황태해장국 3/27까지
2023-08-24,0,8,Summer,0,0,0,담하,(단체) 황태해장국 3/27까지
2023-08-25,74,8,Summer,0,0,0,담하,(단체) 황태해장국 3/27까지
2023-08-26,102,8,Summer,1,0,1,담하,(단체) 황태해장국 3/27까지
2023-08-27,0,8,Summer,1,0,1,담하,(단체) 황태해장국 3/27까지
2023-08-28,0,8,Summer,0,0,0,담하,(단체) 황태해장국 3/27까지
2023-08-29,33,8,Summer,0,0,0,담하,(단체) 황태해장국 3/27까지
2023-08-30,0,8,Summer,0,0,0,담하,(단체) 황태해장국 3/27까지
2023-08-31,156,8,Summer,0,0,0,담하,(단체) 황태해장국 3/27까지
2023-09-01,0,9,Autumn,0,0,0,담하,(단체) 황태해장국 3/27까지
2023-09-02,45,9,Autumn,1,0,1,담하,(단체) 황태해장국 3/27까지
2023-09-03,34,9,Autumn,1,0,1,담하,(단체) 황태해장국 3/27까지
2023-09-04,0,9,Autumn,0,0,0,담하,(단체) 황태해장국 3/27까지
2023-09-05,25,9,Autumn,0,0,0,담하,(단체) 황태해장국 3/27까지
2023-09-06,27,9,Autumn,0,0,0,담하,(단체) 황태해장국 3/27까지
2023-09-07,90,9,Autumn,0,0,0,담하,(단체) 황태해장국 3/27까지
2023-09-08,85,9,Autumn,0,0,0,담하,(단체) 황태해장국 3/27까지
2023-09-09,21,9,Autumn,1,0,1,담하,(단체) 황태해장국 3/27까지
2023-09-10,45,9,Autumn,1,0,1,담하,(단체) 황태해장국 3/27까지
2023-09-11,0,9,Autumn,0,0,0,담하,(단체) 황태해장국 3/27까지
2023-09-12,0,9,Autumn,0,0,0,담하,(단체) 황태해장국 3/27까지
2023-09-13,125,9,Autumn,0,0,0,담하,(단체) 황태해장국 3/27까지
2023-09-14,63,9,Autumn,0,0,0,담하,(단체) 황태해장국 3/27까지
2023-09-15,125,9,Autumn,0,0,0,담하,(단체) 황태해장국 3/27까지
2023-09-16,70,9,Autumn,1,0,1,담하,(단체) 황태해장국 3/27까지
2023-09-17,0,9,Autumn,1,0,1,담하,(단체) 황태해장국 3/27까지
2023-09-18,0,9,Autumn,0,0,0,담하,(단체) 황태해장국 3/27까지
2023-09-19,52,9,Autumn,0,0,0,담하,(단체) 황태해장국 3/27까지
2023-09-20,30,9,Autumn,0,0,0,담하,(단체) 황태해장국 3/27까지
2023-09-21,151,9,Autumn,0,0,0,담하,(단체) 황태해장국 3/27까지
2023-09-22,61,9,Autumn,0,0,0,담하,(단체) 황태해장국 3/27까지
2023-09-23,34,9,Autumn,1,0,1,담하,(단체) 황태해장국 3/27까지
2023-09-24,0,9,Autumn,1,0,1,담하,(단체) 황태해장국 3/27까지
2023-09-25,0,9,Autumn,0,0,0,담하,(단체) 황태해장국 3/27까지
2023-09-26,0,9,Autumn,0,0,0,담하,(단체) 황태해장국 3/27까지
2023-09-27,0,9,Autumn,0,0,0,담하,(단체) 황태해장국 3/27까지
2023-09-28,0,9,Autumn,0,1,1,담하,(단체) 황태해장국 3/27까지
2023-09-29,0,9,Autumn,0,1,1,담하,(단체) 황태해장국 3/27까지
2023-09-30,0,9,Autumn,1,1,1,담하,(단체) 황태해장국 3/27까지
2023-10-01,0,10,Autumn,1,0,1,담하,(단체) 황태해장국 3/27까지
2023-10-02,0,10,Autumn,0,1,1,담하,(단체) 황태해장국 3/27까지
2023-10-03,0,10,Autumn,0,1,1,담하,(단체) 황태해장국 3/27까지
2023-10-04,0,10,Autumn,0,0,0,담하,(단체) 황태해장국 3/27까지
2023-10-05,22,10,Autumn,0,0,0,담하,(단체) 황태해장국 3/27까지
2023-10-06,142,10,Autumn,0,0,0,담하,(단체) 황태해장국 3/27까지
2023-10-07,75,10,Autumn,1,0,1,담하,(단체) 황태해장국 3/27까지
2023-10-08,0,10,Autumn,1,0,1,담하,(단체) 황태해장국 3/27까지
2023-10-09,0,10,Autumn,0,1,1,담하,(단체) 황태해장국 3/27까지
2023-10-10,0,10,Autumn,0,0,0,담하,(단체) 황태해장국 3/27까지
2023-10-11,2,10,Autumn,0,0,0,담하,(단체) 황태해장국 3/27까지
2023-10-12,79,10,Autumn,0,0,0,담하,(단체) 황태해장국 3/27까지
2023-10-13,98,10,Autumn,0,0,0,담하,(단체) 황태해장국 3/27까지
2023-10-14,130,10,Autumn,1,0,1,담하,(단체) 황태해장국 3/27까지
2023-10-15,0,10,Autumn,1,0,1,담하,(단체) 황태해장국 3/27까지
2023-10-16,0,10,Autumn,0,0,0,담하,(단체) 황태해장국 3/27까지
2023-10-17,145,10,Autumn,0,0,0,담하,(단체) 황태해장국 3/27까지
2023-10-18,78,10,Autumn,0,0,0,담하,(단체) 황태해장국 3/27까지
2023-10-19,20,10,Autumn,0,0,0,담하,(단체) 황태해장국 3/27까지
2023-10-20,80,10,Autumn,0,0,0,담하,(단체) 황태해장국 3/27까지
2023-10-21,50,10,Autumn,1,0,1,담하,(단체) 황태해장국 3/27까지
2023-10-22,0,10,Autumn,1,0,1,담하,(단체) 황태해장국 3/27까지
2023-10-23,0,10,Autumn,0,0,0,담하,(단체) 황태해장국 3/27까지
2023-10-24,67,10,Autumn,0,0,0,담하,(단체) 황태해장국 3/27까지
2023-10-25,0,10,Autumn,0,0,0,담하,(단체) 황태해장국 3/27까지
2023-10-26,20,10,Autumn,0,0,0,담하,(단체) 황태해장국 3/27까지
2023-10-27,45,10,Autumn,0,0,0,담하,(단체) 황태해장국 3/27까지
2023-10-28,28,10,Autumn,1,0,1,담하,(단체) 황태해장국 3/27까지
2023-10-29,0,10,Autumn,1,0,1,담하,(단체) 황태해장국 3/27까지
2023-10-30,0,10,Autumn,0,0,0,담하,(단체) 황태해장국 3/27까지
2023-10-31,20,10,Autumn,0,0,0,담하,(단체) 황태해장국 3/27까지
2023-11-01,0,11,Autumn,0,0,0,담하,(단체) 황태해장국 3/27까지
2023-11-02,126,11,Autumn,0,0,0,담하,(단체) 황태해장국 3/27까지
2023-11-03,184,11,Autumn,0,0,0,담하,(단체) 황태해장국 3/27까지
2023-11-04,0,11,Autumn,1,0,1,담하,(단체) 황태해장국 3/27까지
2023-11-05,0,11,Autumn,1,0,1,담하,(단체) 황태해장국 3/27까지
2023-11-06,0,11,Autumn,0,0,0,담하,(단체) 황태해장국 3/27까지
2023-11-07,70,11,Autumn,0,0,0,담하,(단체) 황태해장국 3/27까지
2023-11-08,18,11,Autumn,0,0,0,담하,(단체) 황태해장국 3/27까지
2023-11-09,55,11,Autumn,0,0,0,담하,(단체) 황태해장국 3/27까지
2023-11-10,135,11,Autumn,0,0,0,담하,(단체) 황태해장국 3/27까지
2023-11-11,120,11,Autumn,1,0,1,담하,(단체) 황태해장국 3/27까지
2023-11-12,0,11,Autumn,1,0,1,담하,(단체) 황태해장국 3/27까지
2023-11-13,0,11,Autumn,0,0,0,담하,(단체) 황태해장국 3/27까지
2023-11-14,114,11,Autumn,0,0,0,담하,(단체) 황태해장국 3/27까지
2023-11-15,0,11,Autumn,0,0,0,담하,(단체) 황태해장국 3/27까지
2023-11-16,82,11,Autumn,0,0,0,담하,(단체) 황태해장국 3/27까지
2023-11-17,29,11,Autumn,0,0,0,담하,(단체) 황태해장국 3/27까지
2023-11-18,77,11,Autumn,1,0,1,담하,(단체) 황태해장국 3/27까지
2023-11-19,0,11,Autumn,1,0,1,담하,(단체) 황태해장국 3/27까지
2023-11-20,0,11,Autumn,0,0,0,담하,(단체) 황태해장국 3/27까지
2023-11-21,0,11,Autumn,0,0,0,담하,(단체) 황태해장국 3/27까지
2023-11-22,157,11,Autumn,0,0,0,담하,(단체) 황태해장국 3/27까지
2023-11-23,63,11,Autumn,0,0,0,담하,(단체) 황태해장국 3/27까지
2023-11-24,100,11,Autumn,0,0,0,담하,(단체) 황태해장국 3/27까지
2023-11-25,48,11,Autumn,1,0,1,담하,(단체) 황태해장국 3/27까지
2023-11-26,0,11,Autumn,1,0,1,담하,(단체) 황태해장국 3/27까지
2023-11-27,0,11,Autumn,0,0,0,담하,(단체) 황태해장국 3/27까지
2023-11-28,13,11,Autumn,0,0,0,담하,(단체) 황태해장국 3/27까지
2023-11-29,12,11,Autumn,0,0,0,담하,(단체) 황태해장국 3/27까지
2023-11-30,0,11,Autumn,0,0,0,담하,(단체) 황태해장국 3/27까지
2023-12-01,113,12,Winter,0,0,0,담하,(단체) 황태해장국 3/27까지
2023-12-02,150,12,Winter,1,0,1,담하,(단체) 황태해장국 3/27까지
2023-12-03,0,12,Winter,1,0,1,담하,(단체) 황태해장국 3/27까지
2023-12-04,0,12,Winter,0,0,0,담하,(단체) 황태해장국 3/27까지
2023-12-05,100,12,Winter,0,0,0,담하,(단체) 황태해장국 3/27까지
2023-12-06,30,12,Winter,0,0,0,담하,(단체) 황태해장국 3/27까지
2023-12-07,105,12,Winter,0,0,0,담하,(단체) 황태해장국 3/27까지
2023-12-08,100,12,Winter,0,0,0,담하,(단체) 황태해장국 3/27까지
2023-12-09,16,12,Winter,1,0,1,담하,(단체) 황태해장국 3/27까지
2023-12-10,0,12,Winter,1,0,1,담하,(단체) 황태해장국 3/27까지
2023-12-11,0,12,Winter,0,0,0,담하,(단체) 황태해장국 3/27까지
2023-12-12,31,12,Winter,0,0,0,담하,(단체) 황태해장국 3/27까지
2023-12-13,0,12,Winter,0,0,0,담하,(단체) 황태해장국 3/27까지
2023-12-14,85,12,Winter,0,0,0,담하,(단체) 황태해장국 3/27까지
2023-12-15,87,12,Winter,0,0,0,담하,(단체) 황태해장국 3/27까지
2023-12-16,21,12,Winter,1,0,1,담하,(단체) 황태해장국 3/27까지
2023-12-17,0,12,Winter,1,0,1,담하,(단체) 황태해장국 3/27까지
2023-12-18,11,12,Winter,0,0,0,담하,(단체) 황태해장국 3/27까지
2023-12-19,136,12,Winter,0,0,0,담하,(단체) 황태해장국 3/27까지
2023-12-20,23,12,Winter,0,0,0,담하,(단체) 황태해장국 3/27까지
2023-12-21,0,12,Winter,0,0,0,담하,(단체) 황태해장국 3/27까지
2023-12-22,33,12,Winter,0,0,0,담하,(단체) 황태해장국 3/27까지
2023-12-23,20,12,Winter,1,0,1,담하,(단체) 황태해장국 3/27까지
2023-12-24,0,12,Winter,1,0,1,담하,(단체) 황태해장국 3/27까지
2023-12-25,0,12,Winter,0,1,1,담하,(단체) 황태해장국 3/27까지
2023-12-26,0,12,Winter,0,0,0,담하,(단체) 황태해장국 3/27까지
2023-12-27,0,12,Winter,0,0,0,담하,(단체) 황태해장국 3/27까지
2023-12-28,0,12,Winter,0,0,0,담하,(단체) 황태해장국 3/27까지
2023-12-29,0,12,Winter,0,0,0,담하,(단체) 황태해장국 3/27까지
2023-12-30,0,12,Winter,1,0,1,담하,(단체) 황태해장국 3/27까지
2023-12-31,0,12,Winter,1,0,1,담하,(단체) 황태해장국 3/27까지
2024-01-01,0,1,Winter,0,1,1,담하,(단체) 황태해장국 3/27까지
2024-01-02,0,1,Winter,0,0,0,담하,(단체) 황태해장국 3/27까지
2024-01-03,0,1,Winter,0,0,0,담하,(단체) 황태해장국 3/27까지
2024-01-04,0,1,Winter,0,0,0,담하,(단체) 황태해장국 3/27까지
2024-01-05,0,1,Winter,0,0,0,담하,(단체) 황태해장국 3/27까지
2024-01-06,15,1,Winter,1,0,1,담하,(단체) 황태해장국 3/27까지
2024-01-07,0,1,Winter,1,0,1,담하,(단체) 황태해장국 3/27까지
2024-01-08,0,1,Winter,0,0,0,담하,(단체) 황태해장국 3/27까지
2024-01-09,50,1,Winter,0,0,0,담하,(단체) 황태해장국 3/27까지
2024-01-10,47,1,Winter,0,0,0,담하,(단체) 황태해장국 3/27까지
2024-01-11,4,1,Winter,0,0,0,담하,(단체) 황태해장국 3/27까지
2024-01-12,112,1,Winter,0,0,0,담하,(단체) 황태해장국 3/27까지
2024-01-13,0,1,Winter,1,0,1,담하,(단체) 황태해장국 3/27까지
2024-01-14,0,1,Winter,1,0,1,담하,(단체) 황태해장국 3/27까지
2024-01-15,0,1,Winter,0,0,0,담하,(단체) 황태해장국 3/27까지
2024-01-16,0,1,Winter,0,0,0,담하,(단체) 황태해장국 3/27까지
2024-01-17,25,1,Winter,0,0,0,담하,(단체) 황태해장국 3/27까지
2024-01-18,0,1,Winter,0,0,0,담하,(단체) 황태해장국 3/27까지
2024-01-19,158,1,Winter,0,0,0,담하,(단체) 황태해장국 3/27까지
2024-01-20,25,1,Winter,1,0,1,담하,(단체) 황태해장국 3/27까지
2024-01-21,0,1,Winter,1,0,1,담하,(단체) 황태해장국 3/27까지
2024-01-22,0,1,Winter,0,0,0,담하,(단체) 황태해장국 3/27까지
2024-01-23,70,1,Winter,0,0,0,담하,(단체) 황태해장국 3/27까지
2024-01-24,0,1,Winter,0,0,0,담하,(단체) 황태해장국 3/27까지
2024-01-25,62,1,Winter,0,0,0,담하,(단체) 황태해장국 3/27까지
2024-01-26,100,1,Winter,0,0,0,담하,(단체) 황태해장국 3/27까지
2024-01-27,108,1,Winter,1,0,1,담하,(단체) 황태해장국 3/27까지
2024-01-28,0,1,Winter,1,0,1,담하,(단체) 황태해장국 3/27까지
2024-01-29,0,1,Winter,0,0,0,담하,(단체) 황태해장국 3/27까지
2024-01-30,80,1,Winter,0,0,0,담하,(단체) 황태해장국 3/27까지
2024-01-31,0,1,Winter,0,0,0,담하,(단체) 황태해장국 3/27까지
2024-02-01,12,2,Winter,0,0,0,담하,(단체) 황태해장국 3/27까지
2024-02-02,72,2,Winter,0,0,0,담하,(단체) 황태해장국 3/27까지
2024-02-03,18,2,Winter,1,0,1,담하,(단체) 황태해장국 3/27까지
2024-02-04,11,2,Winter,1,0,1,담하,(단체) 황태해장국 3/27까지
2024-02-05,0,2,Winter,0,0,0,담하,(단체) 황태해장국 3/27까지
2024-02-06,0,2,Winter,0,0,0,담하,(단체) 황태해장국 3/27까지
2024-02-07,0,2,Winter,0,0,0,담하,(단체) 황태해장국 3/27까지
2024-02-08,0,2,Winter,0,0,0,담하,(단체) 황태해장국 3/27까지
2024-02-09,0,2,Winter,0,1,1,담하,(단체) 황태해장국 3/27까지
2024-02-10,0,2,Winter,1,1,1,담하,(단체) 황태해장국 3/27까지
2024-02-11,0,2,Winter,1,1,1,담하,(단체) 황태해장국 3/27까지
2024-02-12,0,2,Winter,0,1,1,담하,(단체) 황태해장국 3/27까지
2024-02-13,0,2,Winter,0,0,0,담하,(단체) 황태해장국 3/27까지
2024-02-14,0,2,Winter,0,0,0,담하,(단체) 황태해장국 3/27까지
2024-02-15,86,2,Winter,0,0,0,담하,(단체) 황태해장국 3/27까지
2024-02-16,19,2,Winter,0,0,0,담하,(단체) 황태해장국 3/27까지
2024-02-17,15,2,Winter,1,0,1,담하,(단체) 황태해장국 3/27까지
2024-02-18,27,2,Winter,1,0,1,담하,(단체) 황태해장국 3/27까지
2024-02-19,0,2,Winter,0,0,0,담하,(단체) 황태해장국 3/27까지
2024-02-20,107,2,Winter,0,0,0,담하,(단체) 황태해장국 3/27까지
2024-02-21,24,2,Winter,0,0,0,담하,(단체) 황태해장국 3/27까지
2024-02-22,0,2,Winter,0,0,0,담하,(단체) 황태해장국 3/27까지
2024-02-23,88,2,Winter,0,0,0,담하,(단체) 황태해장국 3/27까지
2024-02-24,125,2,Winter,1,0,1,담하,(단체) 황태해장국 3/27까지
2024-02-25,0,2,Winter,1,0,1,담하,(단체) 황태해장국 3/27까지
2024-02-26,0,2,Winter,0,0,0,담하,(단체) 황태해장국 3/27까지
2024-02-27,0,2,Winter,0,0,0,담하,(단체) 황태해장국 3/27까지
2024-02-28,0,2,Winter,0,0,0,담하,(단체) 황태해장국 3/27까지
2024-02-29,23,2,Winter,0,0,0,담하,(단체) 황태해장국 3/27까지
2024-03-01,0,3,Spring,0,1,1,담하,(단체) 황태해장국 3/27까지
2024-03-02,0,3,Spring,1,0,1,담하,(단체) 황태해장국 3/27까지
2024-03-03,0,3,Spring,1,0,1,담하,(단체) 황태해장국 3/27까지
2024-03-04,0,3,Spring,0,0,0,담하,(단체) 황태해장국 3/27까지
2024-03-05,0,3,Spring,0,0,0,담하,(단체) 황태해장국 3/27까지
2024-03-06,0,3,Spring,0,0,0,담하,(단체) 황태해장국 3/27까지
2024-03-07,0,3,Spring,0,0,0,담하,(단체) 황태해장국 3/27까지
2024-03-08,0,3,Spring,0,0,0,담하,(단체) 황태해장국 3/27까지
2024-03-09,0,3,Spring,1,0,1,담하,(단체) 황태해장국 3/27까지
2024-03-10,0,3,Spring,1,0,1,담하,(단체) 황태해장국 3/27까지
2024-03-11,0,3,Spring,0,0,0,담하,(단체) 황태해장국 3/27까지
2024-03-12,0,3,Spring,0,0,0,담하,(단체) 황태해장국 3/27까지
2024-03-13,0,3,Spring,0,0,0,담하,(단체) 황태해장국 3/27까지
2024-03-14,0,3,Spring,0,0,0,담하,(단체) 황태해장국 3/27까지
2024-03-15,18,3,Spring,0,0,0,담하,(단체) 황태해장국 3/27까지
2024-03-16,0,3,Spring,1,0,1,담하,(단체) 황태해장국 3/27까지
2024-03-17,0,3,Spring,1,0,1,담하,(단체) 황태해장국 3/27까지
2024-03-18,0,3,Spring,0,0,0,담하,(단체) 황태해장국 3/27까지
2024-03-19,11,3,Spring,0,0,0,담하,(단체) 황태해장국 3/27까지
2024-03-20,101,3,Spring,0,0,0,담하,(단체) 황태해장국 3/27까지
2024-03-21,35,3,Spring,0,0,0,담하,(단체) 황태해장국 3/27까지
2024-03-22,62,3,Spring,0,0,0,담하,(단체) 황태해장국 3/27까지
2024-03-23,30,3,Spring,1,0,1,담하,(단체) 황태해장국 3/27까지
2024-03-24,0,3,Spring,1,0,1,담하,(단체) 황태해장국 3/27까지
2024-03-25,0,3,Spring,0,0,0,담하,(단체) 황태해장국 3/27까지
2024-03-26,35,3,Spring,0,0,0,담하,(단체) 황태해장국 3/27까지
2024-03-27,0,3,Spring,0,0,0,담하,(단체) 황태해장국 3/27까지
2024-03-28,22,3,Spring,0,0,0,담하,(단체) 황태해장국 3/27까지
2024-03-29,129,3,Spring,0,0,0,담하,(단체) 황태해장국 3/27까지
2024-03-30,44,3,Spring,1,0,1,담하,(단체) 황태해장국 3/27까지
2024-03-31,0,3,Spring,1,0,1,담하,(단체) 황태해장국 3/27까지
2024-04-01,0,4,Spring,0,0,0,담하,(단체) 황태해장국 3/27까지
2024-04-02,107,4,Spring,0,0,0,담하,(단체) 황태해장국 3/27까지
2024-04-03,14,4,Spring,0,0,0,담하,(단체) 황태해장국 3/27까지
2024-04-04,55,4,Spring,0,0,0,담하,(단체) 황태해장국 3/27까지
2024-04-05,55,4,Spring,0,0,0,담하,(단체) 황태해장국 3/27까지
2024-04-06,0,4,Spring,1,0,1,담하,(단체) 황태해장국 3/27까지
2024-04-07,0,4,Spring,1,0,1,담하,(단체) 황태해장국 3/27까지
2024-04-08,0,4,Spring,0,0,0,담하,(단체) 황태해장국 3/27까지
2024-04-09,0,4,Spring,0,0,0,담하,(단체) 황태해장국 3/27까지
2024-04-10,0,4,Spring,0,1,1,담하,(단체) 황태해장국 3/27까지
2024-04-11,0,4,Spring,0,0,0,담하,(단체) 황태해장국 3/27까지
2024-04-12,20,4,Spring,0,0,0,담하,(단체) 황태해장국 3/27까지
2024-04-13,99,4,Spring,1,0,1,담하,(단체) 황태해장국 3/27까지
2024-04-14,0,4,Spring,1,0,1,담하,(단체) 황태해장국 3/27까지
2024-04-15,0,4,Spring,0,0,0,담하,(단체) 황태해장국 3/27까지
2024-04-16,30,4,Spring,0,0,0,담하,(단체) 황태해장국 3/27까지
2024-04-17,69,4,Spring,0,0,0,담하,(단체) 황태해장국 3/27까지
2024-04-18,0,4,Spring,0,0,0,담하,(단체) 황태해장국 3/27까지
2024-04-19,165,4,Spring,0,0,0,담하,(단체) 황태해장국 3/27까지
2024-04-20,0,4,Spring,1,0,1,담하,(단체) 황태해장국 3/27까지
2024-04-21,7,4,Spring,1,0,1,담하,(단체) 황태해장국 3/27까지
2024-04-22,0,4,Spring,0,0,0,담하,(단체) 황태해장국 3/27까지
2024-04-23,0,4,Spring,0,0,0,담하,(단체) 황태해장국 3/27까지
2024-04-24,0,4,Spring,0,0,0,담하,(단체) 황태해장국 3/27까지
2024-04-25,64,4,Spring,0,0,0,담하,(단체) 황태해장국 3/27까지
2024-04-26,68,4,Spring,0,0,0,담하,(단체) 황태해장국 3/27까지
2024-04-27,159,4,Spring,1,0,1,담하,(단체) 황태해장국 3/27까지
2024-04-28,0,4,Spring,1,0,1,담하,(단체) 황태해장국 3/27까지
2024-04-29,0,4,Spring,0,0,0,담하,(단체) 황태해장국 3/27까지
2024-04-30,0,4,Spring,0,0,0,담하,(단체) 황태해장국 3/27까지
2024-05-01,35,5,Spring,0,0,0,담하,(단체) 황태해장국 3/27까지
2024-05-02,0,5,Spring,0,0,0,담하,(단체) 황태해장국 3/27까지
2024-05-03,0,5,Spring,0,0,0,담하,(단체) 황태해장국 3/27까지
2024-05-04,0,5,Spring,1,0,1,담하,(단체) 황태해장국 3/27까지
2024-05-05,0,5,Spring,1,1,1,담하,(단체) 황태해장국 3/27까지
2024-05-06,0,5,Spring,0,1,1,담하,(단체) 황태해장국 3/27까지
2024-05-07,0,5,Spring,0,0,0,담하,(단체) 황태해장국 3/27까지
2024-05-08,0,5,Spring,0,0,0,담하,(단체) 황태해장국 3/27까지
2024-05-09,65,5,Spring,0,0,0,담하,(단체) 황태해장국 3/27까지
2024-05-10,95,5,Spring,0,0,0,담하,(단체) 황태해장국 3/27까지
2024-05-11,100,5,Spring,1,0,1,담하,(단체) 황태해장국 3/27까지
2024-05-12,0,5,Spring,1,0,1,담하,(단체) 황태해장국 3/27까지
2024-05-13,0,5,Spring,0,0,0,담하,(단체) 황태해장국 3/27까지
2024-05-14,0,5,Spring,0,0,0,담하,(단체) 황태해장국 3/27까지
2024-05-15,36,5,Spring,0,1,1,담하,(단체) 황태해장국 3/27까지
2024-05-16,0,5,Spring,0,0,0,담하,(단체) 황태해장국 3/27까지
2024-05-17,24,5,Spring,0,0,0,담하,(단체) 황태해장국 3/27까지
2024-05-18,105,5,Spring,1,0,1,담하,(단체) 황태해장국 3/27까지
2024-05-19,0,5,Spring,1,0,1,담하,(단체) 황태해장국 3/27까지
2024-05-20,0,5,Spring,0,0,0,담하,(단체) 황태해장국 3/27까지
2024-05-21,20,5,Spring,0,0,0,담하,(단체) 황태해장국 3/27까지
2024-05-22,0,5,Spring,0,0,0,담하,(단체) 황태해장국 3/27까지
2024-05-23,0,5,Spring,0,0,0,담하,(단체) 황태해장국 3/27까지
2024-05-24,187,5,Spring,0,0,0,담하,(단체) 황태해장국 3/27까지
2024-05-25,37,5,Spring,1,0,1,담하,(단체) 황태해장국 3/27까지
2024-05-26,0,5,Spring,1,0,1,담하,(단체) 황태해장국 3/27까지
2024-05-27,0,5,Spring,0,0,0,담하,(단체) 황태해장국 3/27까지
2024-05-28,0,5,Spring,0,0,0,담하,(단체) 황태해장국 3/27까지
2024-05-29,43,5,Spring,0,0,0,담하,(단체) 황태해장국 3/27까지
2024-05-30,84,5,Spring,0,0,0,담하,(단체) 황태해장국 3/27까지
2024-05-31,118,5,Spring,0,0,0,담하,(단체) 황태해장국 3/27까지
2024-06-01,41,6,Summer,1,0,1,담하,(단체) 황태해장국 3/27까지
2024-06-02,0,6,Summer,1,0,1,담하,(단체) 황태해장국 3/27까지
2024-06-03,0,6,Summer,0,0,0,담하,(단체) 황태해장국 3/27까지
2024-06-04,76,6,Summer,0,0,0,담하,(단체) 황태해장국 3/27까지
2024-06-05,42,6,Summer,0,0,0,담하,(단체) 황태해장국 3/27까지
2024-06-06,0,6,Summer,0,1,1,담하,(단체) 황태해장국 3/27까지
2024-06-07,0,6,Summer,0,0,0,담하,(단체) 황태해장국 3/27까지
2024-06-08,0,6,Summer,1,0,1,담하,(단체) 황태해장국 3/27까지
2024-06-09,0,6,Summer,1,0,1,담하,(단체) 황태해장국 3/27까지
2024-06-10,0,6,Summer,0,0,0,담하,(단체) 황태해장국 3/27까지
2024-06-11,28,6,Summer,0,0,0,담하,(단체) 황태해장국 3/27까지
2024-06-12,73,6,Summer,0,0,0,담하,(단체) 황태해장국 3/27까지
2024-06-13,65,6,Summer,0,0,0,담하,(단체) 황태해장국 3/27까지
2024-06-14,85,6,Summer,0,0,0,담하,(단체) 황태해장국 3/27까지
2024-06-15,75,6,Summer,1,0,1,담하,(단체) 황태해장국 3/27까지
2023-01-01,0,1,Winter,1,1,1,담하,(정식) 된장찌개
2023-01-02,0,1,Winter,0,0,0,담하,(정식) 된장찌개
2023-01-03,0,1,Winter,0,0,0,담하,(정식) 된장찌개
2023-01-04,0,1,Winter,0,0,0,담하,(정식) 된장찌개
2023-01-05,0,1,Winter,0,0,0,담하,(정식) 된장찌개
2023-01-06,0,1,Winter,0,0,0,담하,(정식) 된장찌개
2023-01-07,0,1,Winter,1,0,1,담하,(정식) 된장찌개
2023-01-08,0,1,Winter,1,0,1,담하,(정식) 된장찌개
2023-01-09,0,1,Winter,0,0,0,담하,(정식) 된장찌개
2023-01-10,0,1,Winter,0,0,0,담하,(정식) 된장찌개
2023-01-11,0,1,Winter,0,0,0,담하,(정식) 된장찌개
2023-01-12,0,1,Winter,0,0,0,담하,(정식) 된장찌개
2023-01-13,0,1,Winter,0,0,0,담하,(정식) 된장찌개
2023-01-14,0,1,Winter,1,0,1,담하,(정식) 된장찌개
2023-01-15,0,1,Winter,1,0,1,담하,(정식) 된장찌개
2023-01-16,0,1,Winter,0,0,0,담하,(정식) 된장찌개
2023-01-17,0,1,Winter,0,0,0,담하,(정식) 된장찌개
2023-01-18,0,1,Winter,0,0,0,담하,(정식) 된장찌개
2023-01-19,0,1,Winter,0,0,0,담하,(정식) 된장찌개
2023-01-20,0,1,Winter,0,0,0,담하,(정식) 된장찌개
2023-01-21,0,1,Winter,1,1,1,담하,(정식) 된장찌개
2023-01-22,0,1,Winter,1,1,1,담하,(정식) 된장찌개
2023-01-23,0,1,Winter,0,1,1,담하,(정식) 된장찌개
2023-01-24,0,1,Winter,0,1,1,담하,(정식) 된장찌개
2023-01-25,0,1,Winter,0,0,0,담하,(정식) 된장찌개
2023-01-26,0,1,Winter,0,0,0,담하,(정식) 된장찌개
2023-01-27,0,1,Winter,0,0,0,담하,(정식) 된장찌개
2023-01-28,0,1,Winter,1,0,1,담하,(정식) 된장찌개
2023-01-29,0,1,Winter,1,0,1,담하,(정식) 된장찌개
2023-01-30,0,1,Winter,0,0,0,담하,(정식) 된장찌개
2023-01-31,0,1,Winter,0,0,0,담하,(정식) 된장찌개
2023-02-01,0,2,Winter,0,0,0,담하,(정식) 된장찌개
2023-02-02,0,2,Winter,0,0,0,담하,(정식) 된장찌개
2023-02-03,0,2,Winter,0,0,0,담하,(정식) 된장찌개
2023-02-04,0,2,Winter,1,0,1,담하,(정식) 된장찌개
2023-02-05,0,2,Winter,1,0,1,담하,(정식) 된장찌개
2023-02-06,0,2,Winter,0,0,0,담하,(정식) 된장찌개
2023-02-07,0,2,Winter,0,0,0,담하,(정식) 된장찌개
2023-02-08,0,2,Winter,0,0,0,담하,(정식) 된장찌개
2023-02-09,0,2,Winter,0,0,0,담하,(정식) 된장찌개
2023-02-10,0,2,Winter,0,0,0,담하,(정식) 된장찌개
2023-02-11,0,2,Winter,1,0,1,담하,(정식) 된장찌개
2023-02-12,0,2,Winter,1,0,1,담하,(정식) 된장찌개
2023-02-13,0,2,Winter,0,0,0,담하,(정식) 된장찌개
2023-02-14,0,2,Winter,0,0,0,담하,(정식) 된장찌개
2023-02-15,0,2,Winter,0,0,0,담하,(정식) 된장찌개
2023-02-16,0,2,Winter,0,0,0,담하,(정식) 된장찌개
2023-02-17,0,2,Winter,0,0,0,담하,(정식) 된장찌개
2023-02-18,0,2,Winter,1,0,1,담하,(정식) 된장찌개
2023-02-19,0,2,Winter,1,0,1,담하,(정식) 된장찌개
2023-02-20,0,2,Winter,0,0,0,담하,(정식) 된장찌개
2023-02-21,0,2,Winter,0,0,0,담하,(정식) 된장찌개
2023-02-22,0,2,Winter,0,0,0,담하,(정식) 된장찌개
2023-02-23,0,2,Winter,0,0,0,담하,(정식) 된장찌개
2023-02-24,0,2,Winter,0,0,0,담하,(정식) 된장찌개
2023-02-25,0,2,Winter,1,0,1,담하,(정식) 된장찌개
2023-02-26,0,2,Winter,1,0,1,담하,(정식) 된장찌개
2023-02-27,0,2,Winter,0,0,0,담하,(정식) 된장찌개
2023-02-28,0,2,Winter,0,0,0,담하,(정식) 된장찌개
2023-03-01,0,3,Spring,0,1,1,담하,(정식) 된장찌개
2023-03-02,0,3,Spring,0,0,0,담하,(정식) 된장찌개
2023-03-03,0,3,Spring,0,0,0,담하,(정식) 된장찌개
2023-03-04,0,3,Spring,1,0,1,담하,(정식) 된장찌개
2023-03-05,0,3,Spring,1,0,1,담하,(정식) 된장찌개
2023-03-06,0,3,Spring,0,0,0,담하,(정식) 된장찌개
2023-03-07,0,3,Spring,0,0,0,담하,(정식) 된장찌개
2023-03-08,0,3,Spring,0,0,0,담하,(정식) 된장찌개
2023-03-09,0,3,Spring,0,0,0,담하,(정식) 된장찌개
2023-03-10,0,3,Spring,0,0,0,담하,(정식) 된장찌개
2023-03-11,0,3,Spring,1,0,1,담하,(정식) 된장찌개
2023-03-12,0,3,Spring,1,0,1,담하,(정식) 된장찌개
2023-03-13,0,3,Spring,0,0,0,담하,(정식) 된장찌개
2023-03-14,0,3,Spring,0,0,0,담하,(정식) 된장찌개
2023-03-15,0,3,Spring,0,0,0,담하,(정식) 된장찌개
2023-03-16,0,3,Spring,0,0,0,담하,(정식) 된장찌개
2023-03-17,0,3,Spring,0,0,0,담하,(정식) 된장찌개
2023-03-18,0,3,Spring,1,0,1,담하,(정식) 된장찌개
2023-03-19,0,3,Spring,1,0,1,담하,(정식) 된장찌개
2023-03-20,0,3,Spring,0,0,0,담하,(정식) 된장찌개
2023-03-21,0,3,Spring,0,0,0,담하,(정식) 된장찌개
2023-03-22,0,3,Spring,0,0,0,담하,(정식) 된장찌개
2023-03-23,0,3,Spring,0,0,0,담하,(정식) 된장찌개
2023-03-24,0,3,Spring,0,0,0,담하,(정식) 된장찌개
2023-03-25,0,3,Spring,1,0,1,담하,(정식) 된장찌개
2023-03-26,0,3,Spring,1,0,1,담하,(정식) 된장찌개
2023-03-27,0,3,Spring,0,0,0,담하,(정식) 된장찌개
2023-03-28,0,3,Spring,0,0,0,담하,(정식) 된장찌개
2023-03-29,0,3,Spring,0,0,0,담하,(정식) 된장찌개
2023-03-30,0,3,Spring,0,0,0,담하,(정식) 된장찌개
2023-03-31,0,3,Spring,0,0,0,담하,(정식) 된장찌개
2023-04-01,0,4,Spring,1,0,1,담하,(정식) 된장찌개
2023-04-02,0,4,Spring,1,0,1,담하,(정식) 된장찌개
2023-04-03,0,4,Spring,0,0,0,담하,(정식) 된장찌개
2023-04-04,0,4,Spring,0,0,0,담하,(정식) 된장찌개
2023-04-05,0,4,Spring,0,0,0,담하,(정식) 된장찌개
2023-04-06,0,4,Spring,0,0,0,담하,(정식) 된장찌개
2023-04-07,0,4,Spring,0,0,0,담하,(정식) 된장찌개
2023-04-08,0,4,Spring,1,0,1,담하,(정식) 된장찌개
2023-04-09,0,4,Spring,1,0,1,담하,(정식) 된장찌개
2023-04-10,0,4,Spring,0,0,0,담하,(정식) 된장찌개
2023-04-11,0,4,Spring,0,0,0,담하,(정식) 된장찌개
2023-04-12,0,4,Spring,0,0,0,담하,(정식) 된장찌개
2023-04-13,0,4,Spring,0,0,0,담하,(정식) 된장찌개
2023-04-14,0,4,Spring,0,0,0,담하,(정식) 된장찌개
2023-04-15,0,4,Spring,1,0,1,담하,(정식) 된장찌개
2023-04-16,0,4,Spring,1,0,1,담하,(정식) 된장찌개
2023-04-17,0,4,Spring,0,0,0,담하,(정식) 된장찌개
2023-04-18,0,4,Spring,0,0,0,담하,(정식) 된장찌개
2023-04-19,0,4,Spring,0,0,0,담하,(정식) 된장찌개
2023-04-20,0,4,Spring,0,0,0,담하,(정식) 된장찌개
2023-04-21,0,4,Spring,0,0,0,담하,(정식) 된장찌개
2023-04-22,0,4,Spring,1,0,1,담하,(정식) 된장찌개
2023-04-23,0,4,Spring,1,0,1,담하,(정식) 된장찌개
2023-04-24,0,4,Spring,0,0,0,담하,(정식) 된장찌개
2023-04-25,0,4,Spring,0,0,0,담하,(정식) 된장찌개
2023-04-26,0,4,Spring,0,0,0,담하,(정식) 된장찌개
2023-04-27,0,4,Spring,0,0,0,담하,(정식) 된장찌개
2023-04-28,0,4,Spring,0,0,0,담하,(정식) 된장찌개
2023-04-29,0,4,Spring,1,0,1,담하,(정식) 된장찌개
2023-04-30,0,4,Spring,1,0,1,담하,(정식) 된장찌개
2023-05-01,0,5,Spring,0,0,0,담하,(정식) 된장찌개
2023-05-02,0,5,Spring,0,0,0,담하,(정식) 된장찌개
2023-05-03,0,5,Spring,0,0,0,담하,(정식) 된장찌개
2023-05-04,0,5,Spring,0,0,0,담하,(정식) 된장찌개
2023-05-05,0,5,Spring,0,1,1,담하,(정식) 된장찌개
2023-05-06,0,5,Spring,1,0,1,담하,(정식) 된장찌개
2023-05-07,0,5,Spring,1,0,1,담하,(정식) 된장찌개
2023-05-08,0,5,Spring,0,0,0,담하,(정식) 된장찌개
2023-05-09,0,5,Spring,0,0,0,담하,(정식) 된장찌개
2023-05-10,0,5,Spring,0,0,0,담하,(정식) 된장찌개
2023-05-11,0,5,Spring,0,0,0,담하,(정식) 된장찌개
2023-05-12,0,5,Spring,0,0,0,담하,(정식) 된장찌개
2023-05-13,0,5,Spring,1,0,1,담하,(정식) 된장찌개
2023-05-14,0,5,Spring,1,0,1,담하,(정식) 된장찌개
2023-05-15,0,5,Spring,0,0,0,담하,(정식) 된장찌개
2023-05-16,0,5,Spring,0,0,0,담하,(정식) 된장찌개
2023-05-17,0,5,Spring,0,0,0,담하,(정식) 된장찌개
2023-05-18,0,5,Spring,0,0,0,담하,(정식) 된장찌개
2023-05-19,0,5,Spring,0,0,0,담하,(정식) 된장찌개
2023-05-20,0,5,Spring,1,0,1,담하,(정식) 된장찌개
2023-05-21,0,5,Spring,1,0,1,담하,(정식) 된장찌개
2023-05-22,0,5,Spring,0,0,0,담하,(정식) 된장찌개
2023-05-23,0,5,Spring,0,0,0,담하,(정식) 된장찌개
2023-05-24,0,5,Spring,0,0,0,담하,(정식) 된장찌개
2023-05-25,0,5,Spring,0,0,0,담하,(정식) 된장찌개
2023-05-26,0,5,Spring,0,0,0,담하,(정식) 된장찌개
2023-05-27,0,5,Spring,1,1,1,담하,(정식) 된장찌개
2023-05-28,0,5,Spring,1,0,1,담하,(정식) 된장찌개
2023-05-29,0,5,Spring,0,1,1,담하,(정식) 된장찌개
2023-05-30,0,5,Spring,0,0,0,담하,(정식) 된장찌개
2023-05-31,0,5,Spring,0,0,0,담하,(정식) 된장찌개
2023-06-01,0,6,Summer,0,0,0,담하,(정식) 된장찌개
2023-06-02,0,6,Summer,0,0,0,담하,(정식) 된장찌개
2023-06-03,9,6,Summer,1,0,1,담하,(정식) 된장찌개
2023-06-04,13,6,Summer,1,0,1,담하,(정식) 된장찌개
2023-06-05,12,6,Summer,0,0,0,담하,(정식) 된장찌개
2023-06-06,12,6,Summer,0,1,1,담하,(정식) 된장찌개
2023-06-07,2,6,Summer,0,0,0,담하,(정식) 된장찌개
2023-06-08,4,6,Summer,0,0,0,담하,(정식) 된장찌개
2023-06-09,4,6,Summer,0,0,0,담하,(정식) 된장찌개
2023-06-10,5,6,Summer,1,0,1,담하,(정식) 된장찌개
2023-06-11,3,6,Summer,1,0,1,담하,(정식) 된장찌개
2023-06-12,2,6,Summer,0,0,0,담하,(정식) 된장찌개
2023-06-13,2,6,Summer,0,0,0,담하,(정식) 된장찌개
2023-06-14,0,6,Summer,0,0,0,담하,(정식) 된장찌개
2023-06-15,0,6,Summer,0,0,0,담하,(정식) 된장찌개
2023-06-16,3,6,Summer,0,0,0,담하,(정식) 된장찌개
2023-06-17,11,6,Summer,1,0,1,담하,(정식) 된장찌개
2023-06-18,10,6,Summer,1,0,1,담하,(정식) 된장찌개
2023-06-19,0,6,Summer,0,0,0,담하,(정식) 된장찌개
2023-06-20,1,6,Summer,0,0,0,담하,(정식) 된장찌개
2023-06-21,2,6,Summer,0,0,0,담하,(정식) 된장찌개
2023-06-22,2,6,Summer,0,0,0,담하,(정식) 된장찌개
2023-06-23,9,6,Summer,0,0,0,담하,(정식) 된장찌개
2023-06-24,5,6,Summer,1,0,1,담하,(정식) 된장찌개
2023-06-25,6,6,Summer,1,0,1,담하,(정식) 된장찌개
2023-06-26,0,6,Summer,0,0,0,담하,(정식) 된장찌개
2023-06-27,10,6,Summer,0,0,0,담하,(정식) 된장찌개
2023-06-28,6,6,Summer,0,0,0,담하,(정식) 된장찌개
2023-06-29,3,6,Summer,0,0,0,담하,(정식) 된장찌개
2023-06-30,3,6,Summer,0,0,0,담하,(정식) 된장찌개
2023-07-01,12,7,Summer,1,0,1,담하,(정식) 된장찌개
2023-07-02,7,7,Summer,1,0,1,담하,(정식) 된장찌개
2023-07-03,0,7,Summer,0,0,0,담하,(정식) 된장찌개
2023-07-04,0,7,Summer,0,0,0,담하,(정식) 된장찌개
2023-07-05,1,7,Summer,0,0,0,담하,(정식) 된장찌개
2023-07-06,2,7,Summer,0,0,0,담하,(정식) 된장찌개
2023-07-07,0,7,Summer,0,0,0,담하,(정식) 된장찌개
2023-07-08,5,7,Summer,1,0,1,담하,(정식) 된장찌개
2023-07-09,2,7,Summer,1,0,1,담하,(정식) 된장찌개
2023-07-10,4,7,Summer,0,0,0,담하,(정식) 된장찌개
2023-07-11,0,7,Summer,0,0,0,담하,(정식) 된장찌개
2023-07-12,2,7,Summer,0,0,0,담하,(정식) 된장찌개
2023-07-13,4,7,Summer,0,0,0,담하,(정식) 된장찌개
2023-07-14,11,7,Summer,0,0,0,담하,(정식) 된장찌개
2023-07-15,4,7,Summer,1,0,1,담하,(정식) 된장찌개
2023-07-16,2,7,Summer,1,0,1,담하,(정식) 된장찌개
2023-07-17,1,7,Summer,0,0,0,담하,(정식) 된장찌개
2023-07-18,4,7,Summer,0,0,0,담하,(정식) 된장찌개
2023-07-19,0,7,Summer,0,0,0,담하,(정식) 된장찌개
2023-07-20,4,7,Summer,0,0,0,담하,(정식) 된장찌개
2023-07-21,1,7,Summer,0,0,0,담하,(정식) 된장찌개
2023-07-22,8,7,Summer,1,0,1,담하,(정식) 된장찌개
2023-07-23,9,7,Summer,1,0,1,담하,(정식) 된장찌개
2023-07-24,3,7,Summer,0,0,0,담하,(정식) 된장찌개
2023-07-25,11,7,Summer,0,0,0,담하,(정식) 된장찌개
2023-07-26,5,7,Summer,0,0,0,담하,(정식) 된장찌개
2023-07-27,1,7,Summer,0,0,0,담하,(정식) 된장찌개
2023-07-28,4,7,Summer,0,0,0,담하,(정식) 된장찌개
2023-07-29,7,7,Summer,1,0,1,담하,(정식) 된장찌개
2023-07-30,10,7,Summer,1,0,1,담하,(정식) 된장찌개
2023-07-31,10,7,Summer,0,0,0,담하,(정식) 된장찌개
2023-08-01,8,8,Summer,0,0,0,담하,(정식) 된장찌개
2023-08-02,9,8,Summer,0,0,0,담하,(정식) 된장찌개
2023-08-03,0,8,Summer,0,0,0,담하,(정식) 된장찌개
2023-08-04,10,8,Summer,0,0,0,담하,(정식) 된장찌개
2023-08-05,2,8,Summer,1,0,1,담하,(정식) 된장찌개
2023-08-06,6,8,Summer,1,0,1,담하,(정식) 된장찌개
2023-08-07,1,8,Summer,0,0,0,담하,(정식) 된장찌개
2023-08-08,1,8,Summer,0,0,0,담하,(정식) 된장찌개
2023-08-09,4,8,Summer,0,0,0,담하,(정식) 된장찌개
2023-08-10,8,8,Summer,0,0,0,담하,(정식) 된장찌개
2023-08-11,0,8,Summer,0,0,0,담하,(정식) 된장찌개
2023-08-12,8,8,Summer,1,0,1,담하,(정식) 된장찌개
2023-08-13,6,8,Summer,1,0,1,담하,(정식) 된장찌개
2023-08-14,6,8,Summer,0,0,0,담하,(정식) 된장찌개
2023-08-15,5,8,Summer,0,1,1,담하,(정식) 된장찌개
2023-08-16,0,8,Summer,0,0,0,담하,(정식) 된장찌개
2023-08-17,4,8,Summer,0,0,0,담하,(정식) 된장찌개
2023-08-18,1,8,Summer,0,0,0,담하,(정식) 된장찌개
2023-08-19,1,8,Summer,1,0,1,담하,(정식) 된장찌개
2023-08-20,4,8,Summer,1,0,1,담하,(정식) 된장찌개
2023-08-21,5,8,Summer,0,0,0,담하,(정식) 된장찌개
2023-08-22,0,8,Summer,0,0,0,담하,(정식) 된장찌개
2023-08-23,5,8,Summer,0,0,0,담하,(정식) 된장찌개
2023-08-24,5,8,Summer,0,0,0,담하,(정식) 된장찌개
2023-08-25,6,8,Summer,0,0,0,담하,(정식) 된장찌개
2023-08-26,8,8,Summer,1,0,1,담하,(정식) 된장찌개
2023-08-27,5,8,Summer,1,0,1,담하,(정식) 된장찌개
2023-08-28,9,8,Summer,0,0,0,담하,(정식) 된장찌개
2023-08-29,0,8,Summer,0,0,0,담하,(정식) 된장찌개
2023-08-30,6,8,Summer,0,0,0,담하,(정식) 된장찌개
2023-08-31,4,8,Summer,0,0,0,담하,(정식) 된장찌개
2023-09-01,0,9,Autumn,0,0,0,담하,(정식) 된장찌개
2023-09-02,4,9,Autumn,1,0,1,담하,(정식) 된장찌개
2023-09-03,21,9,Autumn,1,0,1,담하,(정식) 된장찌개
2023-09-04,2,9,Autumn,0,0,0,담하,(정식) 된장찌개
2023-09-05,1,9,Autumn,0,0,0,담하,(정식) 된장찌개
2023-09-06,2,9,Autumn,0,0,0,담하,(정식) 된장찌개
2023-09-07,20,9,Autumn,0,0,0,담하,(정식) 된장찌개
2023-09-08,0,9,Autumn,0,0,0,담하,(정식) 된장찌개
2023-09-09,11,9,Autumn,1,0,1,담하,(정식) 된장찌개
2023-09-10,7,9,Autumn,1,0,1,담하,(정식) 된장찌개
2023-09-11,7,9,Autumn,0,0,0,담하,(정식) 된장찌개
2023-09-12,2,9,Autumn,0,0,0,담하,(정식) 된장찌개
2023-09-13,0,9,Autumn,0,0,0,담하,(정식) 된장찌개
2023-09-14,6,9,Autumn,0,0,0,담하,(정식) 된장찌개
2023-09-15,14,9,Autumn,0,0,0,담하,(정식) 된장찌개
2023-09-16,30,9,Autumn,1,0,1,담하,(정식) 된장찌개
2023-09-17,14,9,Autumn,1,0,1,담하,(정식) 된장찌개
2023-09-18,3,9,Autumn,0,0,0,담하,(정식) 된장찌개
2023-09-19,0,9,Autumn,0,0,0,담하,(정식) 된장찌개
2023-09-20,0,9,Autumn,0,0,0,담하,(정식) 된장찌개
2023-09-21,21,9,Autumn,0,0,0,담하,(정식) 된장찌개
2023-09-22,5,9,Autumn,0,0,0,담하,(정식) 된장찌개
2023-09-23,11,9,Autumn,1,0,1,담하,(정식) 된장찌개
2023-09-24,9,9,Autumn,1,0,1,담하,(정식) 된장찌개
2023-09-25,1,9,Autumn,0,0,0,담하,(정식) 된장찌개
2023-09-26,8,9,Autumn,0,0,0,담하,(정식) 된장찌개
2023-09-27,4,9,Autumn,0,0,0,담하,(정식) 된장찌개
2023-09-28,24,9,Autumn,0,1,1,담하,(정식) 된장찌개
2023-09-29,30,9,Autumn,0,1,1,담하,(정식) 된장찌개
2023-09-30,20,9,Autumn,1,1,1,담하,(정식) 된장찌개
2023-10-01,19,10,Autumn,1,0,1,담하,(정식) 된장찌개
2023-10-02,33,10,Autumn,0,1,1,담하,(정식) 된장찌개
2023-10-03,27,10,Autumn,0,1,1,담하,(정식) 된장찌개
2023-10-04,6,10,Autumn,0,0,0,담하,(정식) 된장찌개
2023-10-05,2,10,Autumn,0,0,0,담하,(정식) 된장찌개
2023-10-06,28,10,Autumn,0,0,0,담하,(정식) 된장찌개
2023-10-07,26,10,Autumn,1,0,1,담하,(정식) 된장찌개
2023-10-08,35,10,Autumn,1,0,1,담하,(정식) 된장찌개
2023-10-09,20,10,Autumn,0,1,1,담하,(정식) 된장찌개
2023-10-10,7,10,Autumn,0,0,0,담하,(정식) 된장찌개
2023-10-11,22,10,Autumn,0,0,0,담하,(정식) 된장찌개
2023-10-12,11,10,Autumn,0,0,0,담하,(정식) 된장찌개
2023-10-13,14,10,Autumn,0,0,0,담하,(정식) 된장찌개
2023-10-14,20,10,Autumn,1,0,1,담하,(정식) 된장찌개
2023-10-15,17,10,Autumn,1,0,1,담하,(정식) 된장찌개
2023-10-16,8,10,Autumn,0,0,0,담하,(정식) 된장찌개
2023-10-17,32,10,Autumn,0,0,0,담하,(정식) 된장찌개
2023-10-18,11,10,Autumn,0,0,0,담하,(정식) 된장찌개
2023-10-19,51,10,Autumn,0,0,0,담하,(정식) 된장찌개
2023-10-20,16,10,Autumn,0,0,0,담하,(정식) 된장찌개
2023-10-21,16,10,Autumn,1,0,1,담하,(정식) 된장찌개
2023-10-22,15,10,Autumn,1,0,1,담하,(정식) 된장찌개
2023-10-23,50,10,Autumn,0,0,0,담하,(정식) 된장찌개
2023-10-24,35,10,Autumn,0,0,0,담하,(정식) 된장찌개
2023-10-25,14,10,Autumn,0,0,0,담하,(정식) 된장찌개
2023-10-26,23,10,Autumn,0,0,0,담하,(정식) 된장찌개
2023-10-27,8,10,Autumn,0,0,0,담하,(정식) 된장찌개
2023-10-28,29,10,Autumn,1,0,1,담하,(정식) 된장찌개
2023-10-29,34,10,Autumn,1,0,1,담하,(정식) 된장찌개
2023-10-30,56,10,Autumn,0,0,0,담하,(정식) 된장찌개
2023-10-31,22,10,Autumn,0,0,0,담하,(정식) 된장찌개
2023-11-01,10,11,Autumn,0,0,0,담하,(정식) 된장찌개
2023-11-02,8,11,Autumn,0,0,0,담하,(정식) 된장찌개
2023-11-03,15,11,Autumn,0,0,0,담하,(정식) 된장찌개
2023-11-04,26,11,Autumn,1,0,1,담하,(정식) 된장찌개
2023-11-05,12,11,Autumn,1,0,1,담하,(정식) 된장찌개
2023-11-06,20,11,Autumn,0,0,0,담하,(정식) 된장찌개
2023-11-07,7,11,Autumn,0,0,0,담하,(정식) 된장찌개
2023-11-08,15,11,Autumn,0,0,0,담하,(정식) 된장찌개
2023-11-09,21,11,Autumn,0,0,0,담하,(정식) 된장찌개
2023-11-10,16,11,Autumn,0,0,0,담하,(정식) 된장찌개
2023-11-11,13,11,Autumn,1,0,1,담하,(정식) 된장찌개
2023-11-12,14,11,Autumn,1,0,1,담하,(정식) 된장찌개
2023-11-13,18,11,Autumn,0,0,0,담하,(정식) 된장찌개
2023-11-14,20,11,Autumn,0,0,0,담하,(정식) 된장찌개
2023-11-15,8,11,Autumn,0,0,0,담하,(정식) 된장찌개
2023-11-16,5,11,Autumn,0,0,0,담하,(정식) 된장찌개
2023-11-17,2,11,Autumn,0,0,0,담하,(정식) 된장찌개
2023-11-18,16,11,Autumn,1,0,1,담하,(정식) 된장찌개
2023-11-19,18,11,Autumn,1,0,1,담하,(정식) 된장찌개
2023-11-20,2,11,Autumn,0,0,0,담하,(정식) 된장찌개
2023-11-21,8,11,Autumn,0,0,0,담하,(정식) 된장찌개
2023-11-22,11,11,Autumn,0,0,0,담하,(정식) 된장찌개
2023-11-23,22,11,Autumn,0,0,0,담하,(정식) 된장찌개
2023-11-24,8,11,Autumn,0,0,0,담하,(정식) 된장찌개
2023-11-25,3,11,Autumn,1,0,1,담하,(정식) 된장찌개
2023-11-26,12,11,Autumn,1,0,1,담하,(정식) 된장찌개
2023-11-27,0,11,Autumn,0,0,0,담하,(정식) 된장찌개
2023-11-28,18,11,Autumn,0,0,0,담하,(정식) 된장찌개
2023-11-29,4,11,Autumn,0,0,0,담하,(정식) 된장찌개
2023-11-30,0,11,Autumn,0,0,0,담하,(정식) 된장찌개
2023-12-01,2,12,Winter,0,0,0,담하,(정식) 된장찌개
2023-12-02,3,12,Winter,1,0,1,담하,(정식) 된장찌개
2023-12-03,5,12,Winter,1,0,1,담하,(정식) 된장찌개
2023-12-04,4,12,Winter,0,0,0,담하,(정식) 된장찌개
2023-12-05,0,12,Winter,0,0,0,담하,(정식) 된장찌개
2023-12-06,6,12,Winter,0,0,0,담하,(정식) 된장찌개
2023-12-07,2,12,Winter,0,0,0,담하,(정식) 된장찌개
2023-12-08,3,12,Winter,0,0,0,담하,(정식) 된장찌개
2023-12-09,2,12,Winter,1,0,1,담하,(정식) 된장찌개
2023-12-10,0,12,Winter,1,0,1,담하,(정식) 된장찌개
2023-12-11,6,12,Winter,0,0,0,담하,(정식) 된장찌개
2023-12-12,4,12,Winter,0,0,0,담하,(정식) 된장찌개
2023-12-13,0,12,Winter,0,0,0,담하,(정식) 된장찌개
2023-12-14,0,12,Winter,0,0,0,담하,(정식) 된장찌개
2023-12-15,9,12,Winter,0,0,0,담하,(정식) 된장찌개
2023-12-16,7,12,Winter,1,0,1,담하,(정식) 된장찌개
2023-12-17,12,12,Winter,1,0,1,담하,(정식) 된장찌개
2023-12-18,4,12,Winter,0,0,0,담하,(정식) 된장찌개
2023-12-19,9,12,Winter,0,0,0,담하,(정식) 된장찌개
2023-12-20,7,12,Winter,0,0,0,담하,(정식) 된장찌개
2023-12-21,4,12,Winter,0,0,0,담하,(정식) 된장찌개
2023-12-22,12,12,Winter,0,0,0,담하,(정식) 된장찌개
2023-12-23,6,12,Winter,1,0,1,담하,(정식) 된장찌개
2023-12-24,12,12,Winter,1,0,1,담하,(정식) 된장찌개
2023-12-25,9,12,Winter,0,1,1,담하,(정식) 된장찌개
2023-12-26,3,12,Winter,0,0,0,담하,(정식) 된장찌개
2023-12-27,14,12,Winter,0,0,0,담하,(정식) 된장찌개
2023-12-28,19,12,Winter,0,0,0,담하,(정식) 된장찌개
2023-12-29,9,12,Winter,0,0,0,담하,(정식) 된장찌개
2023-12-30,25,12,Winter,1,0,1,담하,(정식) 된장찌개
2023-12-31,14,12,Winter,1,0,1,담하,(정식) 된장찌개
2024-01-01,17,1,Winter,0,1,1,담하,(정식) 된장찌개
2024-01-02,10,1,Winter,0,0,0,담하,(정식) 된장찌개
2024-01-03,9,1,Winter,0,0,0,담하,(정식) 된장찌개
2024-01-04,10,1,Winter,0,0,0,담하,(정식) 된장찌개
2024-01-05,10,1,Winter,0,0,0,담하,(정식) 된장찌개
2024-01-06,14,1,Winter,1,0,1,담하,(정식) 된장찌개
2024-01-07,13,1,Winter,1,0,1,담하,(정식) 된장찌개
2024-01-08,8,1,Winter,0,0,0,담하,(정식) 된장찌개
2024-01-09,13,1,Winter,0,0,0,담하,(정식) 된장찌개
2024-01-10,4,1,Winter,0,0,0,담하,(정식) 된장찌개
2024-01-11,4,1,Winter,0,0,0,담하,(정식) 된장찌개
2024-01-12,12,1,Winter,0,0,0,담하,(정식) 된장찌개
2024-01-13,34,1,Winter,1,0,1,담하,(정식) 된장찌개
2024-01-14,11,1,Winter,1,0,1,담하,(정식) 된장찌개
2024-01-15,13,1,Winter,0,0,0,담하,(정식) 된장찌개
2024-01-16,12,1,Winter,0,0,0,담하,(정식) 된장찌개
2024-01-17,16,1,Winter,0,0,0,담하,(정식) 된장찌개
2024-01-18,9,1,Winter,0,0,0,담하,(정식) 된장찌개
2024-01-19,3,1,Winter,0,0,0,담하,(정식) 된장찌개
2024-01-20,23,1,Winter,1,0,1,담하,(정식) 된장찌개
2024-01-21,18,1,Winter,1,0,1,담하,(정식) 된장찌개
2024-01-22,9,1,Winter,0,0,0,담하,(정식) 된장찌개
2024-01-23,14,1,Winter,0,0,0,담하,(정식) 된장찌개
2024-01-24,7,1,Winter,0,0,0,담하,(정식) 된장찌개
2024-01-25,6,1,Winter,0,0,0,담하,(정식) 된장찌개
2024-01-26,0,1,Winter,0,0,0,담하,(정식) 된장찌개
2024-01-27,6,1,Winter,1,0,1,담하,(정식) 된장찌개
2024-01-28,16,1,Winter,1,0,1,담하,(정식) 된장찌개
2024-01-29,14,1,Winter,0,0,0,담하,(정식) 된장찌개
2024-01-30,7,1,Winter,0,0,0,담하,(정식) 된장찌개
2024-01-31,12,1,Winter,0,0,0,담하,(정식) 된장찌개
2024-02-01,11,2,Winter,0,0,0,담하,(정식) 된장찌개
2024-02-02,2,2,Winter,0,0,0,담하,(정식) 된장찌개
2024-02-03,11,2,Winter,1,0,1,담하,(정식) 된장찌개
2024-02-04,10,2,Winter,1,0,1,담하,(정식) 된장찌개
2024-02-05,2,2,Winter,0,0,0,담하,(정식) 된장찌개
2024-02-06,2,2,Winter,0,0,0,담하,(정식) 된장찌개
2024-02-07,2,2,Winter,0,0,0,담하,(정식) 된장찌개
2024-02-08,4,2,Winter,0,0,0,담하,(정식) 된장찌개
2024-02-09,21,2,Winter,0,1,1,담하,(정식) 된장찌개
2024-02-10,22,2,Winter,1,1,1,담하,(정식) 된장찌개
2024-02-11,20,2,Winter,1,1,1,담하,(정식) 된장찌개
2024-02-12,14,2,Winter,0,1,1,담하,(정식) 된장찌개
2024-02-13,12,2,Winter,0,0,0,담하,(정식) 된장찌개
2024-02-14,1,2,Winter,0,0,0,담하,(정식) 된장찌개
2024-02-15,0,2,Winter,0,0,0,담하,(정식) 된장찌개
2024-02-16,6,2,Winter,0,0,0,담하,(정식) 된장찌개
2024-02-17,6,2,Winter,1,0,1,담하,(정식) 된장찌개
2024-02-18,14,2,Winter,1,0,1,담하,(정식) 된장찌개
2024-02-19,0,2,Winter,0,0,0,담하,(정식) 된장찌개
2024-02-20,12,2,Winter,0,0,0,담하,(정식) 된장찌개
2024-02-21,0,2,Winter,0,0,0,담하,(정식) 된장찌개
2024-02-22,2,2,Winter,0,0,0,담하,(정식) 된장찌개
2024-02-23,5,2,Winter,0,0,0,담하,(정식) 된장찌개
2024-02-24,19,2,Winter,1,0,1,담하,(정식) 된장찌개
2024-02-25,8,2,Winter,1,0,1,담하,(정식) 된장찌개
2024-02-26,4,2,Winter,0,0,0,담하,(정식) 된장찌개
2024-02-27,3,2,Winter,0,0,0,담하,(정식) 된장찌개
2024-02-28,5,2,Winter,0,0,0,담하,(정식) 된장찌개
2024-02-29,18,2,Winter,0,0,0,담하,(정식) 된장찌개
2024-03-01,12,3,Spring,0,1,1,담하,(정식) 된장찌개
2024-03-02,10,3,Spring,1,0,1,담하,(정식) 된장찌개
2024-03-03,6,3,Spring,1,0,1,담하,(정식) 된장찌개
2024-03-04,0,3,Spring,0,0,0,담하,(정식) 된장찌개
2024-03-05,0,3,Spring,0,0,0,담하,(정식) 된장찌개
2024-03-06,0,3,Spring,0,0,0,담하,(정식) 된장찌개
2024-03-07,0,3,Spring,0,0,0,담하,(정식) 된장찌개
2024-03-08,0,3,Spring,0,0,0,담하,(정식) 된장찌개
2024-03-09,0,3,Spring,1,0,1,담하,(정식) 된장찌개
2024-03-10,0,3,Spring,1,0,1,담하,(정식) 된장찌개
2024-03-11,0,3,Spring,0,0,0,담하,(정식) 된장찌개
2024-03-12,0,3,Spring,0,0,0,담하,(정식) 된장찌개
2024-03-13,0,3,Spring,0,0,0,담하,(정식) 된장찌개
2024-03-14,1,3,Spring,0,0,0,담하,(정식) 된장찌개
2024-03-15,2,3,Spring,0,0,0,담하,(정식) 된장찌개
2024-03-16,7,3,Spring,1,0,1,담하,(정식) 된장찌개
2024-03-17,5,3,Spring,1,0,1,담하,(정식) 된장찌개
2024-03-18,0,3,Spring,0,0,0,담하,(정식) 된장찌개
2024-03-19,0,3,Spring,0,0,0,담하,(정식) 된장찌개
2024-03-20,0,3,Spring,0,0,0,담하,(정식) 된장찌개
2024-03-21,0,3,Spring,0,0,0,담하,(정식) 된장찌개
2024-03-22,0,3,Spring,0,0,0,담하,(정식) 된장찌개
2024-03-23,4,3,Spring,1,0,1,담하,(정식) 된장찌개
2024-03-24,11,3,Spring,1,0,1,담하,(정식) 된장찌개
2024-03-25,2,3,Spring,0,0,0,담하,(정식) 된장찌개
2024-03-26,2,3,Spring,0,0,0,담하,(정식) 된장찌개
2024-03-27,4,3,Spring,0,0,0,담하,(정식) 된장찌개
2024-03-28,0,3,Spring,0,0,0,담하,(정식) 된장찌개
2024-03-29,0,3,Spring,0,0,0,담하,(정식) 된장찌개
2024-03-30,6,3,Spring,1,0,1,담하,(정식) 된장찌개
2024-03-31,6,3,Spring,1,0,1,담하,(정식) 된장찌개
2024-04-01,6,4,Spring,0,0,0,담하,(정식) 된장찌개
2024-04-02,10,4,Spring,0,0,0,담하,(정식) 된장찌개
2024-04-03,4,4,Spring,0,0,0,담하,(정식) 된장찌개
2024-04-04,7,4,Spring,0,0,0,담하,(정식) 된장찌개
2024-04-05,5,4,Spring,0,0,0,담하,(정식) 된장찌개
2024-04-06,15,4,Spring,1,0,1,담하,(정식) 된장찌개
2024-04-07,16,4,Spring,1,0,1,담하,(정식) 된장찌개
2024-04-08,0,4,Spring,0,0,0,담하,(정식) 된장찌개
2024-04-09,7,4,Spring,0,0,0,담하,(정식) 된장찌개
2024-04-10,12,4,Spring,0,1,1,담하,(정식) 된장찌개
2024-04-11,6,4,Spring,0,0,0,담하,(정식) 된장찌개
2024-04-12,14,4,Spring,0,0,0,담하,(정식) 된장찌개
2024-04-13,10,4,Spring,1,0,1,담하,(정식) 된장찌개
2024-04-14,19,4,Spring,1,0,1,담하,(정식) 된장찌개
2024-04-15,3,4,Spring,0,0,0,담하,(정식) 된장찌개
2024-04-16,6,4,Spring,0,0,0,담하,(정식) 된장찌개
2024-04-17,2,4,Spring,0,0,0,담하,(정식) 된장찌개
2024-04-18,10,4,Spring,0,0,0,담하,(정식) 된장찌개
2024-04-19,3,4,Spring,0,0,0,담하,(정식) 된장찌개
2024-04-20,5,4,Spring,1,0,1,담하,(정식) 된장찌개
2024-04-21,14,4,Spring,1,0,1,담하,(정식) 된장찌개
2024-04-22,1,4,Spring,0,0,0,담하,(정식) 된장찌개
2024-04-23,20,4,Spring,0,0,0,담하,(정식) 된장찌개
2024-04-24,2,4,Spring,0,0,0,담하,(정식) 된장찌개
2024-04-25,7,4,Spring,0,0,0,담하,(정식) 된장찌개
2024-04-26,20,4,Spring,0,0,0,담하,(정식) 된장찌개
2024-04-27,17,4,Spring,1,0,1,담하,(정식) 된장찌개
2024-04-28,12,4,Spring,1,0,1,담하,(정식) 된장찌개
2024-04-29,0,4,Spring,0,0,0,담하,(정식) 된장찌개
2024-04-30,6,4,Spring,0,0,0,담하,(정식) 된장찌개
2024-05-01,10,5,Spring,0,0,0,담하,(정식) 된장찌개
2024-05-02,5,5,Spring,0,0,0,담하,(정식) 된장찌개
2024-05-03,1,5,Spring,0,0,0,담하,(정식) 된장찌개
2024-05-04,19,5,Spring,1,0,1,담하,(정식) 된장찌개
2024-05-05,18,5,Spring,1,1,1,담하,(정식) 된장찌개
2024-05-06,9,5,Spring,0,1,1,담하,(정식) 된장찌개
2024-05-07,0,5,Spring,0,0,0,담하,(정식) 된장찌개
2024-05-08,4,5,Spring,0,0,0,담하,(정식) 된장찌개
2024-05-09,15,5,Spring,0,0,0,담하,(정식) 된장찌개
2024-05-10,3,5,Spring,0,0,0,담하,(정식) 된장찌개
2024-05-11,19,5,Spring,1,0,1,담하,(정식) 된장찌개
2024-05-12,22,5,Spring,1,0,1,담하,(정식) 된장찌개
2024-05-13,6,5,Spring,0,0,0,담하,(정식) 된장찌개
2024-05-14,5,5,Spring,0,0,0,담하,(정식) 된장찌개
2024-05-15,9,5,Spring,0,1,1,담하,(정식) 된장찌개
2024-05-16,10,5,Spring,0,0,0,담하,(정식) 된장찌개
2024-05-17,3,5,Spring,0,0,0,담하,(정식) 된장찌개
2024-05-18,5,5,Spring,1,0,1,담하,(정식) 된장찌개
2024-05-19,20,5,Spring,1,0,1,담하,(정식) 된장찌개
2024-05-20,16,5,Spring,0,0,0,담하,(정식) 된장찌개
2024-05-21,29,5,Spring,0,0,0,담하,(정식) 된장찌개
2024-05-22,7,5,Spring,0,0,0,담하,(정식) 된장찌개
2024-05-23,2,5,Spring,0,0,0,담하,(정식) 된장찌개
2024-05-24,3,5,Spring,0,0,0,담하,(정식) 된장찌개
2024-05-25,10,5,Spring,1,0,1,담하,(정식) 된장찌개
2024-05-26,11,5,Spring,1,0,1,담하,(정식) 된장찌개
2024-05-27,8,5,Spring,0,0,0,담하,(정식) 된장찌개
2024-05-28,5,5,Spring,0,0,0,담하,(정식) 된장찌개
2024-05-29,16,5,Spring,0,0,0,담하,(정식) 된장찌개
2024-05-30,0,5,Spring,0,0,0,담하,(정식) 된장찌개
2024-05-31,4,5,Spring,0,0,0,담하,(정식) 된장찌개
2024-06-01,11,6,Summer,1,0,1,담하,(정식) 된장찌개
2024-06-02,2,6,Summer,1,0,1,담하,(정식) 된장찌개
2024-06-03,3,6,Summer,0,0,0,담하,(정식) 된장찌개
2024-06-04,2,6,Summer,0,0,0,담하,(정식) 된장찌개
2024-06-05,9,6,Summer,0,0,0,담하,(정식) 된장찌개
2024-06-06,9,6,Summer,0,1,1,담하,(정식) 된장찌개
2024-06-07,12,6,Summer,0,0,0,담하,(정식) 된장찌개
2024-06-08,15,6,Summer,1,0,1,담하,(정식) 된장찌개
2024-06-09,1,6,Summer,1,0,1,담하,(정식) 된장찌개
2024-06-10,4,6,Summer,0,0,0,담하,(정식) 된장찌개
2024-06-11,3,6,Summer,0,0,0,담하,(정식) 된장찌개
2024-06-12,7,6,Summer,0,0,0,담하,(정식) 된장찌개
2024-06-13,1,6,Summer,0,0,0,담하,(정식) 된장찌개
2024-06-14,1,6,Summer,0,0,0,담하,(정식) 된장찌개
2024-06-15,5,6,Summer,1,0,1,담하,(정식) 된장찌개
2023-01-01,0,1,Winter,1,1,1,담하,(정식) 물냉면 
2023-01-02,0,1,Winter,0,0,0,담하,(정식) 물냉면 
2023-01-03,0,1,Winter,0,0,0,담하,(정식) 물냉면 
2023-01-04,0,1,Winter,0,0,0,담하,(정식) 물냉면 
2023-01-05,0,1,Winter,0,0,0,담하,(정식) 물냉면 
2023-01-06,0,1,Winter,0,0,0,담하,(정식) 물냉면 
2023-01-07,0,1,Winter,1,0,1,담하,(정식) 물냉면 
2023-01-08,0,1,Winter,1,0,1,담하,(정식) 물냉면 
2023-01-09,0,1,Winter,0,0,0,담하,(정식) 물냉면 
2023-01-10,0,1,Winter,0,0,0,담하,(정식) 물냉면 
2023-01-11,0,1,Winter,0,0,0,담하,(정식) 물냉면 
2023-01-12,0,1,Winter,0,0,0,담하,(정식) 물냉면 
2023-01-13,0,1,Winter,0,0,0,담하,(정식) 물냉면 
2023-01-14,0,1,Winter,1,0,1,담하,(정식) 물냉면 
2023-01-15,0,1,Winter,1,0,1,담하,(정식) 물냉면 
2023-01-16,0,1,Winter,0,0,0,담하,(정식) 물냉면 
2023-01-17,0,1,Winter,0,0,0,담하,(정식) 물냉면 
2023-01-18,0,1,Winter,0,0,0,담하,(정식) 물냉면 
2023-01-19,0,1,Winter,0,0,0,담하,(정식) 물냉면 
2023-01-20,0,1,Winter,0,0,0,담하,(정식) 물냉면 
2023-01-21,0,1,Winter,1,1,1,담하,(정식) 물냉면 
2023-01-22,0,1,Winter,1,1,1,담하,(정식) 물냉면 
2023-01-23,0,1,Winter,0,1,1,담하,(정식) 물냉면 
2023-01-24,0,1,Winter,0,1,1,담하,(정식) 물냉면 
2023-01-25,0,1,Winter,0,0,0,담하,(정식) 물냉면 
2023-01-26,0,1,Winter,0,0,0,담하,(정식) 물냉면 
2023-01-27,0,1,Winter,0,0,0,담하,(정식) 물냉면 
2023-01-28,0,1,Winter,1,0,1,담하,(정식) 물냉면 
2023-01-29,0,1,Winter,1,0,1,담하,(정식) 물냉면 
2023-01-30,0,1,Winter,0,0,0,담하,(정식) 물냉면 
2023-01-31,0,1,Winter,0,0,0,담하,(정식) 물냉면 
2023-02-01,0,2,Winter,0,0,0,담하,(정식) 물냉면 
2023-02-02,0,2,Winter,0,0,0,담하,(정식) 물냉면 
2023-02-03,0,2,Winter,0,0,0,담하,(정식) 물냉면 
2023-02-04,0,2,Winter,1,0,1,담하,(정식) 물냉면 
2023-02-05,0,2,Winter,1,0,1,담하,(정식) 물냉면 
2023-02-06,0,2,Winter,0,0,0,담하,(정식) 물냉면 
2023-02-07,0,2,Winter,0,0,0,담하,(정식) 물냉면 
2023-02-08,0,2,Winter,0,0,0,담하,(정식) 물냉면 
2023-02-09,0,2,Winter,0,0,0,담하,(정식) 물냉면 
2023-02-10,0,2,Winter,0,0,0,담하,(정식) 물냉면 
2023-02-11,0,2,Winter,1,0,1,담하,(정식) 물냉면 
2023-02-12,0,2,Winter,1,0,1,담하,(정식) 물냉면 
2023-02-13,0,2,Winter,0,0,0,담하,(정식) 물냉면 
2023-02-14,0,2,Winter,0,0,0,담하,(정식) 물냉면 
2023-02-15,0,2,Winter,0,0,0,담하,(정식) 물냉면 
2023-02-16,0,2,Winter,0,0,0,담하,(정식) 물냉면 
2023-02-17,0,2,Winter,0,0,0,담하,(정식) 물냉면 
2023-02-18,0,2,Winter,1,0,1,담하,(정식) 물냉면 
2023-02-19,0,2,Winter,1,0,1,담하,(정식) 물냉면 
2023-02-20,0,2,Winter,0,0,0,담하,(정식) 물냉면 
2023-02-21,0,2,Winter,0,0,0,담하,(정식) 물냉면 
2023-02-22,0,2,Winter,0,0,0,담하,(정식) 물냉면 
2023-02-23,0,2,Winter,0,0,0,담하,(정식) 물냉면 
2023-02-24,0,2,Winter,0,0,0,담하,(정식) 물냉면 
2023-02-25,0,2,Winter,1,0,1,담하,(정식) 물냉면 
2023-02-26,0,2,Winter,1,0,1,담하,(정식) 물냉면 
2023-02-27,0,2,Winter,0,0,0,담하,(정식) 물냉면 
2023-02-28,0,2,Winter,0,0,0,담하,(정식) 물냉면 
2023-03-01,0,3,Spring,0,1,1,담하,(정식) 물냉면 
2023-03-02,0,3,Spring,0,0,0,담하,(정식) 물냉면 
2023-03-03,0,3,Spring,0,0,0,담하,(정식) 물냉면 
2023-03-04,0,3,Spring,1,0,1,담하,(정식) 물냉면 
2023-03-05,0,3,Spring,1,0,1,담하,(정식) 물냉면 
2023-03-06,0,3,Spring,0,0,0,담하,(정식) 물냉면 
2023-03-07,0,3,Spring,0,0,0,담하,(정식) 물냉면 
2023-03-08,0,3,Spring,0,0,0,담하,(정식) 물냉면 
2023-03-09,0,3,Spring,0,0,0,담하,(정식) 물냉면 
2023-03-10,0,3,Spring,0,0,0,담하,(정식) 물냉면 
2023-03-11,0,3,Spring,1,0,1,담하,(정식) 물냉면 
2023-03-12,0,3,Spring,1,0,1,담하,(정식) 물냉면 
2023-03-13,0,3,Spring,0,0,0,담하,(정식) 물냉면 
2023-03-14,0,3,Spring,0,0,0,담하,(정식) 물냉면 
2023-03-15,0,3,Spring,0,0,0,담하,(정식) 물냉면 
2023-03-16,0,3,Spring,0,0,0,담하,(정식) 물냉면 
2023-03-17,0,3,Spring,0,0,0,담하,(정식) 물냉면 
2023-03-18,0,3,Spring,1,0,1,담하,(정식) 물냉면 
2023-03-19,0,3,Spring,1,0,1,담하,(정식) 물냉면 
2023-03-20,0,3,Spring,0,0,0,담하,(정식) 물냉면 
2023-03-21,0,3,Spring,0,0,0,담하,(정식) 물냉면 
2023-03-22,0,3,Spring,0,0,0,담하,(정식) 물냉면 
2023-03-23,0,3,Spring,0,0,0,담하,(정식) 물냉면 
2023-03-24,0,3,Spring,0,0,0,담하,(정식) 물냉면 
2023-03-25,0,3,Spring,1,0,1,담하,(정식) 물냉면 
2023-03-26,0,3,Spring,1,0,1,담하,(정식) 물냉면 
2023-03-27,0,3,Spring,0,0,0,담하,(정식) 물냉면 
2023-03-28,0,3,Spring,0,0,0,담하,(정식) 물냉면 
2023-03-29,0,3,Spring,0,0,0,담하,(정식) 물냉면 
2023-03-30,0,3,Spring,0,0,0,담하,(정식) 물냉면 
2023-03-31,0,3,Spring,0,0,0,담하,(정식) 물냉면 
2023-04-01,0,4,Spring,1,0,1,담하,(정식) 물냉면 
2023-04-02,0,4,Spring,1,0,1,담하,(정식) 물냉면 
2023-04-03,0,4,Spring,0,0,0,담하,(정식) 물냉면 
2023-04-04,0,4,Spring,0,0,0,담하,(정식) 물냉면 
2023-04-05,0,4,Spring,0,0,0,담하,(정식) 물냉면 
2023-04-06,0,4,Spring,0,0,0,담하,(정식) 물냉면 
2023-04-07,0,4,Spring,0,0,0,담하,(정식) 물냉면 
2023-04-08,0,4,Spring,1,0,1,담하,(정식) 물냉면 
2023-04-09,0,4,Spring,1,0,1,담하,(정식) 물냉면 
2023-04-10,0,4,Spring,0,0,0,담하,(정식) 물냉면 
2023-04-11,0,4,Spring,0,0,0,담하,(정식) 물냉면 
2023-04-12,0,4,Spring,0,0,0,담하,(정식) 물냉면 
2023-04-13,0,4,Spring,0,0,0,담하,(정식) 물냉면 
2023-04-14,0,4,Spring,0,0,0,담하,(정식) 물냉면 
2023-04-15,0,4,Spring,1,0,1,담하,(정식) 물냉면 
2023-04-16,0,4,Spring,1,0,1,담하,(정식) 물냉면 
2023-04-17,0,4,Spring,0,0,0,담하,(정식) 물냉면 
2023-04-18,0,4,Spring,0,0,0,담하,(정식) 물냉면 
2023-04-19,0,4,Spring,0,0,0,담하,(정식) 물냉면 
2023-04-20,0,4,Spring,0,0,0,담하,(정식) 물냉면 
2023-04-21,0,4,Spring,0,0,0,담하,(정식) 물냉면 
2023-04-22,0,4,Spring,1,0,1,담하,(정식) 물냉면 
2023-04-23,0,4,Spring,1,0,1,담하,(정식) 물냉면 
2023-04-24,0,4,Spring,0,0,0,담하,(정식) 물냉면 
2023-04-25,0,4,Spring,0,0,0,담하,(정식) 물냉면 
2023-04-26,0,4,Spring,0,0,0,담하,(정식) 물냉면 
2023-04-27,0,4,Spring,0,0,0,담하,(정식) 물냉면 
2023-04-28,0,4,Spring,0,0,0,담하,(정식) 물냉면 
2023-04-29,0,4,Spring,1,0,1,담하,(정식) 물냉면 
2023-04-30,0,4,Spring,1,0,1,담하,(정식) 물냉면 
2023-05-01,0,5,Spring,0,0,0,담하,(정식) 물냉면 
2023-05-02,0,5,Spring,0,0,0,담하,(정식) 물냉면 
2023-05-03,0,5,Spring,0,0,0,담하,(정식) 물냉면 
2023-05-04,0,5,Spring,0,0,0,담하,(정식) 물냉면 
2023-05-05,0,5,Spring,0,1,1,담하,(정식) 물냉면 
2023-05-06,0,5,Spring,1,0,1,담하,(정식) 물냉면 
2023-05-07,0,5,Spring,1,0,1,담하,(정식) 물냉면 
2023-05-08,0,5,Spring,0,0,0,담하,(정식) 물냉면 
2023-05-09,0,5,Spring,0,0,0,담하,(정식) 물냉면 
2023-05-10,0,5,Spring,0,0,0,담하,(정식) 물냉면 
2023-05-11,0,5,Spring,0,0,0,담하,(정식) 물냉면 
2023-05-12,0,5,Spring,0,0,0,담하,(정식) 물냉면 
2023-05-13,0,5,Spring,1,0,1,담하,(정식) 물냉면 
2023-05-14,0,5,Spring,1,0,1,담하,(정식) 물냉면 
2023-05-15,0,5,Spring,0,0,0,담하,(정식) 물냉면 
2023-05-16,0,5,Spring,0,0,0,담하,(정식) 물냉면 
2023-05-17,0,5,Spring,0,0,0,담하,(정식) 물냉면 
2023-05-18,0,5,Spring,0,0,0,담하,(정식) 물냉면 
2023-05-19,0,5,Spring,0,0,0,담하,(정식) 물냉면 
2023-05-20,0,5,Spring,1,0,1,담하,(정식) 물냉면 
2023-05-21,0,5,Spring,1,0,1,담하,(정식) 물냉면 
2023-05-22,0,5,Spring,0,0,0,담하,(정식) 물냉면 
2023-05-23,0,5,Spring,0,0,0,담하,(정식) 물냉면 
2023-05-24,0,5,Spring,0,0,0,담하,(정식) 물냉면 
2023-05-25,0,5,Spring,0,0,0,담하,(정식) 물냉면 
2023-05-26,0,5,Spring,0,0,0,담하,(정식) 물냉면 
2023-05-27,0,5,Spring,1,1,1,담하,(정식) 물냉면 
2023-05-28,0,5,Spring,1,0,1,담하,(정식) 물냉면 
2023-05-29,0,5,Spring,0,1,1,담하,(정식) 물냉면 
2023-05-30,0,5,Spring,0,0,0,담하,(정식) 물냉면 
2023-05-31,0,5,Spring,0,0,0,담하,(정식) 물냉면 
2023-06-01,0,6,Summer,0,0,0,담하,(정식) 물냉면 
2023-06-02,0,6,Summer,0,0,0,담하,(정식) 물냉면 
2023-06-03,3,6,Summer,1,0,1,담하,(정식) 물냉면 
2023-06-04,11,6,Summer,1,0,1,담하,(정식) 물냉면 
2023-06-05,7,6,Summer,0,0,0,담하,(정식) 물냉면 
2023-06-06,2,6,Summer,0,1,1,담하,(정식) 물냉면 
2023-06-07,0,6,Summer,0,0,0,담하,(정식) 물냉면 
2023-06-08,2,6,Summer,0,0,0,담하,(정식) 물냉면 
2023-06-09,0,6,Summer,0,0,0,담하,(정식) 물냉면 
2023-06-10,4,6,Summer,1,0,1,담하,(정식) 물냉면 
2023-06-11,1,6,Summer,1,0,1,담하,(정식) 물냉면 
2023-06-12,1,6,Summer,0,0,0,담하,(정식) 물냉면 
2023-06-13,2,6,Summer,0,0,0,담하,(정식) 물냉면 
2023-06-14,0,6,Summer,0,0,0,담하,(정식) 물냉면 
2023-06-15,0,6,Summer,0,0,0,담하,(정식) 물냉면 
2023-06-16,2,6,Summer,0,0,0,담하,(정식) 물냉면 
2023-06-17,10,6,Summer,1,0,1,담하,(정식) 물냉면 
2023-06-18,11,6,Summer,1,0,1,담하,(정식) 물냉면 
2023-06-19,0,6,Summer,0,0,0,담하,(정식) 물냉면 
2023-06-20,1,6,Summer,0,0,0,담하,(정식) 물냉면 
2023-06-21,0,6,Summer,0,0,0,담하,(정식) 물냉면 
2023-06-22,0,6,Summer,0,0,0,담하,(정식) 물냉면 
2023-06-23,5,6,Summer,0,0,0,담하,(정식) 물냉면 
2023-06-24,13,6,Summer,1,0,1,담하,(정식) 물냉면 
2023-06-25,8,6,Summer,1,0,1,담하,(정식) 물냉면 
2023-06-26,2,6,Summer,0,0,0,담하,(정식) 물냉면 
2023-06-27,9,6,Summer,0,0,0,담하,(정식) 물냉면 
2023-06-28,3,6,Summer,0,0,0,담하,(정식) 물냉면 
2023-06-29,3,6,Summer,0,0,0,담하,(정식) 물냉면 
2023-06-30,3,6,Summer,0,0,0,담하,(정식) 물냉면 
2023-07-01,8,7,Summer,1,0,1,담하,(정식) 물냉면 
2023-07-02,3,7,Summer,1,0,1,담하,(정식) 물냉면 
2023-07-03,0,7,Summer,0,0,0,담하,(정식) 물냉면 
2023-07-04,0,7,Summer,0,0,0,담하,(정식) 물냉면 
2023-07-05,1,7,Summer,0,0,0,담하,(정식) 물냉면 
2023-07-06,0,7,Summer,0,0,0,담하,(정식) 물냉면 
2023-07-07,0,7,Summer,0,0,0,담하,(정식) 물냉면 
2023-07-08,5,7,Summer,1,0,1,담하,(정식) 물냉면 
2023-07-09,3,7,Summer,1,0,1,담하,(정식) 물냉면 
2023-07-10,0,7,Summer,0,0,0,담하,(정식) 물냉면 
2023-07-11,0,7,Summer,0,0,0,담하,(정식) 물냉면 
2023-07-12,2,7,Summer,0,0,0,담하,(정식) 물냉면 
2023-07-13,0,7,Summer,0,0,0,담하,(정식) 물냉면 
2023-07-14,5,7,Summer,0,0,0,담하,(정식) 물냉면 
2023-07-15,1,7,Summer,1,0,1,담하,(정식) 물냉면 
2023-07-16,2,7,Summer,1,0,1,담하,(정식) 물냉면 
2023-07-17,3,7,Summer,0,0,0,담하,(정식) 물냉면 
2023-07-18,3,7,Summer,0,0,0,담하,(정식) 물냉면 
2023-07-19,1,7,Summer,0,0,0,담하,(정식) 물냉면 
2023-07-20,3,7,Summer,0,0,0,담하,(정식) 물냉면 
2023-07-21,3,7,Summer,0,0,0,담하,(정식) 물냉면 
2023-07-22,4,7,Summer,1,0,1,담하,(정식) 물냉면 
2023-07-23,4,7,Summer,1,0,1,담하,(정식) 물냉면 
2023-07-24,4,7,Summer,0,0,0,담하,(정식) 물냉면 
2023-07-25,5,7,Summer,0,0,0,담하,(정식) 물냉면 
2023-07-26,1,7,Summer,0,0,0,담하,(정식) 물냉면 
2023-07-27,1,7,Summer,0,0,0,담하,(정식) 물냉면 
2023-07-28,3,7,Summer,0,0,0,담하,(정식) 물냉면 
2023-07-29,8,7,Summer,1,0,1,담하,(정식) 물냉면 
2023-07-30,12,7,Summer,1,0,1,담하,(정식) 물냉면 
2023-07-31,4,7,Summer,0,0,0,담하,(정식) 물냉면 
2023-08-01,2,8,Summer,0,0,0,담하,(정식) 물냉면 
2023-08-02,7,8,Summer,0,0,0,담하,(정식) 물냉면 
2023-08-03,0,8,Summer,0,0,0,담하,(정식) 물냉면 
2023-08-04,4,8,Summer,0,0,0,담하,(정식) 물냉면 
2023-08-05,4,8,Summer,1,0,1,담하,(정식) 물냉면 
2023-08-06,8,8,Summer,1,0,1,담하,(정식) 물냉면 
2023-08-07,1,8,Summer,0,0,0,담하,(정식) 물냉면 
2023-08-08,0,8,Summer,0,0,0,담하,(정식) 물냉면 
2023-08-09,4,8,Summer,0,0,0,담하,(정식) 물냉면 
2023-08-10,3,8,Summer,0,0,0,담하,(정식) 물냉면 
2023-08-11,0,8,Summer,0,0,0,담하,(정식) 물냉면 
2023-08-12,4,8,Summer,1,0,1,담하,(정식) 물냉면 
2023-08-13,3,8,Summer,1,0,1,담하,(정식) 물냉면 
2023-08-14,4,8,Summer,0,0,0,담하,(정식) 물냉면 
2023-08-15,4,8,Summer,0,1,1,담하,(정식) 물냉면 
2023-08-16,0,8,Summer,0,0,0,담하,(정식) 물냉면 
2023-08-17,0,8,Summer,0,0,0,담하,(정식) 물냉면 
2023-08-18,0,8,Summer,0,0,0,담하,(정식) 물냉면 
2023-08-19,4,8,Summer,1,0,1,담하,(정식) 물냉면 
2023-08-20,2,8,Summer,1,0,1,담하,(정식) 물냉면 
2023-08-21,2,8,Summer,0,0,0,담하,(정식) 물냉면 
2023-08-22,0,8,Summer,0,0,0,담하,(정식) 물냉면 
2023-08-23,0,8,Summer,0,0,0,담하,(정식) 물냉면 
2023-08-24,0,8,Summer,0,0,0,담하,(정식) 물냉면 
2023-08-25,3,8,Summer,0,0,0,담하,(정식) 물냉면 
2023-08-26,0,8,Summer,1,0,1,담하,(정식) 물냉면 
2023-08-27,4,8,Summer,1,0,1,담하,(정식) 물냉면 
2023-08-28,6,8,Summer,0,0,0,담하,(정식) 물냉면 
2023-08-29,0,8,Summer,0,0,0,담하,(정식) 물냉면 
2023-08-30,2,8,Summer,0,0,0,담하,(정식) 물냉면 
2023-08-31,1,8,Summer,0,0,0,담하,(정식) 물냉면 
2023-09-01,0,9,Autumn,0,0,0,담하,(정식) 물냉면 
2023-09-02,4,9,Autumn,1,0,1,담하,(정식) 물냉면 
2023-09-03,7,9,Autumn,1,0,1,담하,(정식) 물냉면 
2023-09-04,0,9,Autumn,0,0,0,담하,(정식) 물냉면 
2023-09-05,1,9,Autumn,0,0,0,담하,(정식) 물냉면 
2023-09-06,0,9,Autumn,0,0,0,담하,(정식) 물냉면 
2023-09-07,0,9,Autumn,0,0,0,담하,(정식) 물냉면 
2023-09-08,3,9,Autumn,0,0,0,담하,(정식) 물냉면 
2023-09-09,6,9,Autumn,1,0,1,담하,(정식) 물냉면 
2023-09-10,6,9,Autumn,1,0,1,담하,(정식) 물냉면 
2023-09-11,0,9,Autumn,0,0,0,담하,(정식) 물냉면 
2023-09-12,0,9,Autumn,0,0,0,담하,(정식) 물냉면 
2023-09-13,1,9,Autumn,0,0,0,담하,(정식) 물냉면 
2023-09-14,4,9,Autumn,0,0,0,담하,(정식) 물냉면 
2023-09-15,7,9,Autumn,0,0,0,담하,(정식) 물냉면 
2023-09-16,10,9,Autumn,1,0,1,담하,(정식) 물냉면 
2023-09-17,4,9,Autumn,1,0,1,담하,(정식) 물냉면 
2023-09-18,1,9,Autumn,0,0,0,담하,(정식) 물냉면 
2023-09-19,0,9,Autumn,0,0,0,담하,(정식) 물냉면 
2023-09-20,0,9,Autumn,0,0,0,담하,(정식) 물냉면 
2023-09-21,1,9,Autumn,0,0,0,담하,(정식) 물냉면 
2023-09-22,1,9,Autumn,0,0,0,담하,(정식) 물냉면 
2023-09-23,6,9,Autumn,1,0,1,담하,(정식) 물냉면 
2023-09-24,2,9,Autumn,1,0,1,담하,(정식) 물냉면 
2023-09-25,3,9,Autumn,0,0,0,담하,(정식) 물냉면 
2023-09-26,0,9,Autumn,0,0,0,담하,(정식) 물냉면 
2023-09-27,0,9,Autumn,0,0,0,담하,(정식) 물냉면 
2023-09-28,14,9,Autumn,0,1,1,담하,(정식) 물냉면 
2023-09-29,22,9,Autumn,0,1,1,담하,(정식) 물냉면 
2023-09-30,6,9,Autumn,1,1,1,담하,(정식) 물냉면 
2023-10-01,5,10,Autumn,1,0,1,담하,(정식) 물냉면 
2023-10-02,7,10,Autumn,0,1,1,담하,(정식) 물냉면 
2023-10-03,12,10,Autumn,0,1,1,담하,(정식) 물냉면 
2023-10-04,4,10,Autumn,0,0,0,담하,(정식) 물냉면 
2023-10-05,2,10,Autumn,0,0,0,담하,(정식) 물냉면 
2023-10-06,1,10,Autumn,0,0,0,담하,(정식) 물냉면 
2023-10-07,6,10,Autumn,1,0,1,담하,(정식) 물냉면 
2023-10-08,8,10,Autumn,1,0,1,담하,(정식) 물냉면 
2023-10-09,8,10,Autumn,0,1,1,담하,(정식) 물냉면 
2023-10-10,0,10,Autumn,0,0,0,담하,(정식) 물냉면 
2023-10-11,3,10,Autumn,0,0,0,담하,(정식) 물냉면 
2023-10-12,6,10,Autumn,0,0,0,담하,(정식) 물냉면 
2023-10-13,12,10,Autumn,0,0,0,담하,(정식) 물냉면 
2023-10-14,5,10,Autumn,1,0,1,담하,(정식) 물냉면 
2023-10-15,4,10,Autumn,1,0,1,담하,(정식) 물냉면 
2023-10-16,1,10,Autumn,0,0,0,담하,(정식) 물냉면 
2023-10-17,5,10,Autumn,0,0,0,담하,(정식) 물냉면 
2023-10-18,7,10,Autumn,0,0,0,담하,(정식) 물냉면 
2023-10-19,5,10,Autumn,0,0,0,담하,(정식) 물냉면 
2023-10-20,7,10,Autumn,0,0,0,담하,(정식) 물냉면 
2023-10-21,3,10,Autumn,1,0,1,담하,(정식) 물냉면 
2023-10-22,9,10,Autumn,1,0,1,담하,(정식) 물냉면 
2023-10-23,0,10,Autumn,0,0,0,담하,(정식) 물냉면 
2023-10-24,20,10,Autumn,0,0,0,담하,(정식) 물냉면 
2023-10-25,4,10,Autumn,0,0,0,담하,(정식) 물냉면 
2023-10-26,9,10,Autumn,0,0,0,담하,(정식) 물냉면 
2023-10-27,0,10,Autumn,0,0,0,담하,(정식) 물냉면 
2023-10-28,8,10,Autumn,1,0,1,담하,(정식) 물냉면 
2023-10-29,14,10,Autumn,1,0,1,담하,(정식) 물냉면 
2023-10-30,19,10,Autumn,0,0,0,담하,(정식) 물냉면 
2023-10-31,6,10,Autumn,0,0,0,담하,(정식) 물냉면 
2023-11-01,3,11,Autumn,0,0,0,담하,(정식) 물냉면 
2023-11-02,7,11,Autumn,0,0,0,담하,(정식) 물냉면 
2023-11-03,4,11,Autumn,0,0,0,담하,(정식) 물냉면 
2023-11-04,9,11,Autumn,1,0,1,담하,(정식) 물냉면 
2023-11-05,3,11,Autumn,1,0,1,담하,(정식) 물냉면 
2023-11-06,0,11,Autumn,0,0,0,담하,(정식) 물냉면 
2023-11-07,4,11,Autumn,0,0,0,담하,(정식) 물냉면 
2023-11-08,4,11,Autumn,0,0,0,담하,(정식) 물냉면 
2023-11-09,7,11,Autumn,0,0,0,담하,(정식) 물냉면 
2023-11-10,0,11,Autumn,0,0,0,담하,(정식) 물냉면 
2023-11-11,7,11,Autumn,1,0,1,담하,(정식) 물냉면 
2023-11-12,4,11,Autumn,1,0,1,담하,(정식) 물냉면 
2023-11-13,9,11,Autumn,0,0,0,담하,(정식) 물냉면 
2023-11-14,3,11,Autumn,0,0,0,담하,(정식) 물냉면 
2023-11-15,7,11,Autumn,0,0,0,담하,(정식) 물냉면 
2023-11-16,1,11,Autumn,0,0,0,담하,(정식) 물냉면 
2023-11-17,0,11,Autumn,0,0,0,담하,(정식) 물냉면 
2023-11-18,2,11,Autumn,1,0,1,담하,(정식) 물냉면 
2023-11-19,9,11,Autumn,1,0,1,담하,(정식) 물냉면 
2023-11-20,0,11,Autumn,0,0,0,담하,(정식) 물냉면 
2023-11-21,0,11,Autumn,0,0,0,담하,(정식) 물냉면 
2023-11-22,3,11,Autumn,0,0,0,담하,(정식) 물냉면 
2023-11-23,1,11,Autumn,0,0,0,담하,(정식) 물냉면 
2023-11-24,0,11,Autumn,0,0,0,담하,(정식) 물냉면 
2023-11-25,4,11,Autumn,1,0,1,담하,(정식) 물냉면 
2023-11-26,2,11,Autumn,1,0,1,담하,(정식) 물냉면 
2023-11-27,0,11,Autumn,0,0,0,담하,(정식) 물냉면 
2023-11-28,8,11,Autumn,0,0,0,담하,(정식) 물냉면 
2023-11-29,0,11,Autumn,0,0,0,담하,(정식) 물냉면 
2023-11-30,0,11,Autumn,0,0,0,담하,(정식) 물냉면 
2023-12-01,0,12,Winter,0,0,0,담하,(정식) 물냉면 
2023-12-02,0,12,Winter,1,0,1,담하,(정식) 물냉면 
2023-12-03,0,12,Winter,1,0,1,담하,(정식) 물냉면 
2023-12-04,0,12,Winter,0,0,0,담하,(정식) 물냉면 
2023-12-05,0,12,Winter,0,0,0,담하,(정식) 물냉면 
2023-12-06,2,12,Winter,0,0,0,담하,(정식) 물냉면 
2023-12-07,0,12,Winter,0,0,0,담하,(정식) 물냉면 
2023-12-08,0,12,Winter,0,0,0,담하,(정식) 물냉면 
2023-12-09,5,12,Winter,1,0,1,담하,(정식) 물냉면 
2023-12-10,1,12,Winter,1,0,1,담하,(정식) 물냉면 
2023-12-11,2,12,Winter,0,0,0,담하,(정식) 물냉면 
2023-12-12,1,12,Winter,0,0,0,담하,(정식) 물냉면 
2023-12-13,0,12,Winter,0,0,0,담하,(정식) 물냉면 
2023-12-14,0,12,Winter,0,0,0,담하,(정식) 물냉면 
2023-12-15,2,12,Winter,0,0,0,담하,(정식) 물냉면 
2023-12-16,1,12,Winter,1,0,1,담하,(정식) 물냉면 
2023-12-17,3,12,Winter,1,0,1,담하,(정식) 물냉면 
2023-12-18,1,12,Winter,0,0,0,담하,(정식) 물냉면 
2023-12-19,11,12,Winter,0,0,0,담하,(정식) 물냉면 
2023-12-20,4,12,Winter,0,0,0,담하,(정식) 물냉면 
2023-12-21,4,12,Winter,0,0,0,담하,(정식) 물냉면 
2023-12-22,2,12,Winter,0,0,0,담하,(정식) 물냉면 
2023-12-23,1,12,Winter,1,0,1,담하,(정식) 물냉면 
2023-12-24,8,12,Winter,1,0,1,담하,(정식) 물냉면 
2023-12-25,7,12,Winter,0,1,1,담하,(정식) 물냉면 
2023-12-26,6,12,Winter,0,0,0,담하,(정식) 물냉면 
2023-12-27,1,12,Winter,0,0,0,담하,(정식) 물냉면 
2023-12-28,5,12,Winter,0,0,0,담하,(정식) 물냉면 
2023-12-29,7,12,Winter,0,0,0,담하,(정식) 물냉면 
2023-12-30,8,12,Winter,1,0,1,담하,(정식) 물냉면 
2023-12-31,3,12,Winter,1,0,1,담하,(정식) 물냉면 
2024-01-01,6,1,Winter,0,1,1,담하,(정식) 물냉면 
2024-01-02,4,1,Winter,0,0,0,담하,(정식) 물냉면 
2024-01-03,2,1,Winter,0,0,0,담하,(정식) 물냉면 
2024-01-04,2,1,Winter,0,0,0,담하,(정식) 물냉면 
2024-01-05,2,1,Winter,0,0,0,담하,(정식) 물냉면 
2024-01-06,3,1,Winter,1,0,1,담하,(정식) 물냉면 
2024-01-07,3,1,Winter,1,0,1,담하,(정식) 물냉면 
2024-01-08,2,1,Winter,0,0,0,담하,(정식) 물냉면 
2024-01-09,10,1,Winter,0,0,0,담하,(정식) 물냉면 
2024-01-10,3,1,Winter,0,0,0,담하,(정식) 물냉면 
2024-01-11,5,1,Winter,0,0,0,담하,(정식) 물냉면 
2024-01-12,8,1,Winter,0,0,0,담하,(정식) 물냉면 
2024-01-13,17,1,Winter,1,0,1,담하,(정식) 물냉면 
2024-01-14,1,1,Winter,1,0,1,담하,(정식) 물냉면 
2024-01-15,5,1,Winter,0,0,0,담하,(정식) 물냉면 
2024-01-16,5,1,Winter,0,0,0,담하,(정식) 물냉면 
2024-01-17,3,1,Winter,0,0,0,담하,(정식) 물냉면 
2024-01-18,6,1,Winter,0,0,0,담하,(정식) 물냉면 
2024-01-19,5,1,Winter,0,0,0,담하,(정식) 물냉면 
2024-01-20,6,1,Winter,1,0,1,담하,(정식) 물냉면 
2024-01-21,3,1,Winter,1,0,1,담하,(정식) 물냉면 
2024-01-22,4,1,Winter,0,0,0,담하,(정식) 물냉면 
2024-01-23,0,1,Winter,0,0,0,담하,(정식) 물냉면 
2024-01-24,2,1,Winter,0,0,0,담하,(정식) 물냉면 
2024-01-25,1,1,Winter,0,0,0,담하,(정식) 물냉면 
2024-01-26,0,1,Winter,0,0,0,담하,(정식) 물냉면 
2024-01-27,6,1,Winter,1,0,1,담하,(정식) 물냉면 
2024-01-28,8,1,Winter,1,0,1,담하,(정식) 물냉면 
2024-01-29,2,1,Winter,0,0,0,담하,(정식) 물냉면 
2024-01-30,4,1,Winter,0,0,0,담하,(정식) 물냉면 
2024-01-31,3,1,Winter,0,0,0,담하,(정식) 물냉면 
2024-02-01,3,2,Winter,0,0,0,담하,(정식) 물냉면 
2024-02-02,0,2,Winter,0,0,0,담하,(정식) 물냉면 
2024-02-03,13,2,Winter,1,0,1,담하,(정식) 물냉면 
2024-02-04,11,2,Winter,1,0,1,담하,(정식) 물냉면 
2024-02-05,1,2,Winter,0,0,0,담하,(정식) 물냉면 
2024-02-06,2,2,Winter,0,0,0,담하,(정식) 물냉면 
2024-02-07,2,2,Winter,0,0,0,담하,(정식) 물냉면 
2024-02-08,2,2,Winter,0,0,0,담하,(정식) 물냉면 
2024-02-09,17,2,Winter,0,1,1,담하,(정식) 물냉면 
2024-02-10,9,2,Winter,1,1,1,담하,(정식) 물냉면 
2024-02-11,8,2,Winter,1,1,1,담하,(정식) 물냉면 
2024-02-12,8,2,Winter,0,1,1,담하,(정식) 물냉면 
2024-02-13,5,2,Winter,0,0,0,담하,(정식) 물냉면 
2024-02-14,0,2,Winter,0,0,0,담하,(정식) 물냉면 
2024-02-15,0,2,Winter,0,0,0,담하,(정식) 물냉면 
2024-02-16,3,2,Winter,0,0,0,담하,(정식) 물냉면 
2024-02-17,2,2,Winter,1,0,1,담하,(정식) 물냉면 
2024-02-18,7,2,Winter,1,0,1,담하,(정식) 물냉면 
2024-02-19,2,2,Winter,0,0,0,담하,(정식) 물냉면 
2024-02-20,6,2,Winter,0,0,0,담하,(정식) 물냉면 
2024-02-21,0,2,Winter,0,0,0,담하,(정식) 물냉면 
2024-02-22,1,2,Winter,0,0,0,담하,(정식) 물냉면 
2024-02-23,2,2,Winter,0,0,0,담하,(정식) 물냉면 
2024-02-24,11,2,Winter,1,0,1,담하,(정식) 물냉면 
2024-02-25,1,2,Winter,1,0,1,담하,(정식) 물냉면 
2024-02-26,5,2,Winter,0,0,0,담하,(정식) 물냉면 
2024-02-27,4,2,Winter,0,0,0,담하,(정식) 물냉면 
2024-02-28,0,2,Winter,0,0,0,담하,(정식) 물냉면 
2024-02-29,5,2,Winter,0,0,0,담하,(정식) 물냉면 
2024-03-01,6,3,Spring,0,1,1,담하,(정식) 물냉면 
2024-03-02,8,3,Spring,1,0,1,담하,(정식) 물냉면 
2024-03-03,1,3,Spring,1,0,1,담하,(정식) 물냉면 
2024-03-04,0,3,Spring,0,0,0,담하,(정식) 물냉면 
2024-03-05,0,3,Spring,0,0,0,담하,(정식) 물냉면 
2024-03-06,0,3,Spring,0,0,0,담하,(정식) 물냉면 
2024-03-07,0,3,Spring,0,0,0,담하,(정식) 물냉면 
2024-03-08,0,3,Spring,0,0,0,담하,(정식) 물냉면 
2024-03-09,0,3,Spring,1,0,1,담하,(정식) 물냉면 
2024-03-10,0,3,Spring,1,0,1,담하,(정식) 물냉면 
2024-03-11,0,3,Spring,0,0,0,담하,(정식) 물냉면 
2024-03-12,0,3,Spring,0,0,0,담하,(정식) 물냉면 
2024-03-13,0,3,Spring,0,0,0,담하,(정식) 물냉면 
2024-03-14,0,3,Spring,0,0,0,담하,(정식) 물냉면 
2024-03-15,0,3,Spring,0,0,0,담하,(정식) 물냉면 
2024-03-16,7,3,Spring,1,0,1,담하,(정식) 물냉면 
2024-03-17,4,3,Spring,1,0,1,담하,(정식) 물냉면 
2024-03-18,0,3,Spring,0,0,0,담하,(정식) 물냉면 
2024-03-19,0,3,Spring,0,0,0,담하,(정식) 물냉면 
2024-03-20,0,3,Spring,0,0,0,담하,(정식) 물냉면 
2024-03-21,0,3,Spring,0,0,0,담하,(정식) 물냉면 
2024-03-22,0,3,Spring,0,0,0,담하,(정식) 물냉면 
2024-03-23,1,3,Spring,1,0,1,담하,(정식) 물냉면 
2024-03-24,1,3,Spring,1,0,1,담하,(정식) 물냉면 
2024-03-25,0,3,Spring,0,0,0,담하,(정식) 물냉면 
2024-03-26,0,3,Spring,0,0,0,담하,(정식) 물냉면 
2024-03-27,0,3,Spring,0,0,0,담하,(정식) 물냉면 
2024-03-28,0,3,Spring,0,0,0,담하,(정식) 물냉면 
2024-03-29,0,3,Spring,0,0,0,담하,(정식) 물냉면 
2024-03-30,2,3,Spring,1,0,1,담하,(정식) 물냉면 
2024-03-31,2,3,Spring,1,0,1,담하,(정식) 물냉면 
2024-04-01,0,4,Spring,0,0,0,담하,(정식) 물냉면 
2024-04-02,5,4,Spring,0,0,0,담하,(정식) 물냉면 
2024-04-03,1,4,Spring,0,0,0,담하,(정식) 물냉면 
2024-04-04,5,4,Spring,0,0,0,담하,(정식) 물냉면 
2024-04-05,2,4,Spring,0,0,0,담하,(정식) 물냉면 
2024-04-06,8,4,Spring,1,0,1,담하,(정식) 물냉면 
2024-04-07,10,4,Spring,1,0,1,담하,(정식) 물냉면 
2024-04-08,0,4,Spring,0,0,0,담하,(정식) 물냉면 
2024-04-09,0,4,Spring,0,0,0,담하,(정식) 물냉면 
2024-04-10,8,4,Spring,0,1,1,담하,(정식) 물냉면 
2024-04-11,9,4,Spring,0,0,0,담하,(정식) 물냉면 
2024-04-12,3,4,Spring,0,0,0,담하,(정식) 물냉면 
2024-04-13,11,4,Spring,1,0,1,담하,(정식) 물냉면 
2024-04-14,12,4,Spring,1,0,1,담하,(정식) 물냉면 
2024-04-15,4,4,Spring,0,0,0,담하,(정식) 물냉면 
2024-04-16,1,4,Spring,0,0,0,담하,(정식) 물냉면 
2024-04-17,0,4,Spring,0,0,0,담하,(정식) 물냉면 
2024-04-18,23,4,Spring,0,0,0,담하,(정식) 물냉면 
2024-04-19,9,4,Spring,0,0,0,담하,(정식) 물냉면 
2024-04-20,3,4,Spring,1,0,1,담하,(정식) 물냉면 
2024-04-21,3,4,Spring,1,0,1,담하,(정식) 물냉면 
2024-04-22,0,4,Spring,0,0,0,담하,(정식) 물냉면 
2024-04-23,12,4,Spring,0,0,0,담하,(정식) 물냉면 
2024-04-24,1,4,Spring,0,0,0,담하,(정식) 물냉면 
2024-04-25,3,4,Spring,0,0,0,담하,(정식) 물냉면 
2024-04-26,4,4,Spring,0,0,0,담하,(정식) 물냉면 
2024-04-27,10,4,Spring,1,0,1,담하,(정식) 물냉면 
2024-04-28,8,4,Spring,1,0,1,담하,(정식) 물냉면 
2024-04-29,2,4,Spring,0,0,0,담하,(정식) 물냉면 
2024-04-30,3,4,Spring,0,0,0,담하,(정식) 물냉면 
2024-05-01,7,5,Spring,0,0,0,담하,(정식) 물냉면 
2024-05-02,3,5,Spring,0,0,0,담하,(정식) 물냉면 
2024-05-03,2,5,Spring,0,0,0,담하,(정식) 물냉면 
2024-05-04,8,5,Spring,1,0,1,담하,(정식) 물냉면 
2024-05-05,4,5,Spring,1,1,1,담하,(정식) 물냉면 
2024-05-06,4,5,Spring,0,1,1,담하,(정식) 물냉면 
2024-05-07,1,5,Spring,0,0,0,담하,(정식) 물냉면 
2024-05-08,1,5,Spring,0,0,0,담하,(정식) 물냉면 
2024-05-09,2,5,Spring,0,0,0,담하,(정식) 물냉면 
2024-05-10,5,5,Spring,0,0,0,담하,(정식) 물냉면 
2024-05-11,3,5,Spring,1,0,1,담하,(정식) 물냉면 
2024-05-12,13,5,Spring,1,0,1,담하,(정식) 물냉면 
2024-05-13,0,5,Spring,0,0,0,담하,(정식) 물냉면 
2024-05-14,1,5,Spring,0,0,0,담하,(정식) 물냉면 
2024-05-15,12,5,Spring,0,1,1,담하,(정식) 물냉면 
2024-05-16,5,5,Spring,0,0,0,담하,(정식) 물냉면 
2024-05-17,0,5,Spring,0,0,0,담하,(정식) 물냉면 
2024-05-18,2,5,Spring,1,0,1,담하,(정식) 물냉면 
2024-05-19,12,5,Spring,1,0,1,담하,(정식) 물냉면 
2024-05-20,5,5,Spring,0,0,0,담하,(정식) 물냉면 
2024-05-21,9,5,Spring,0,0,0,담하,(정식) 물냉면 
2024-05-22,4,5,Spring,0,0,0,담하,(정식) 물냉면 
2024-05-23,1,5,Spring,0,0,0,담하,(정식) 물냉면 
2024-05-24,12,5,Spring,0,0,0,담하,(정식) 물냉면 
2024-05-25,7,5,Spring,1,0,1,담하,(정식) 물냉면 
2024-05-26,12,5,Spring,1,0,1,담하,(정식) 물냉면 
2024-05-27,6,5,Spring,0,0,0,담하,(정식) 물냉면 
2024-05-28,3,5,Spring,0,0,0,담하,(정식) 물냉면 
2024-05-29,1,5,Spring,0,0,0,담하,(정식) 물냉면 
2024-05-30,1,5,Spring,0,0,0,담하,(정식) 물냉면 
2024-05-31,0,5,Spring,0,0,0,담하,(정식) 물냉면 
2024-06-01,10,6,Summer,1,0,1,담하,(정식) 물냉면 
2024-06-02,2,6,Summer,1,0,1,담하,(정식) 물냉면 
2024-06-03,0,6,Summer,0,0,0,담하,(정식) 물냉면 
2024-06-04,1,6,Summer,0,0,0,담하,(정식) 물냉면 
2024-06-05,6,6,Summer,0,0,0,담하,(정식) 물냉면 
2024-06-06,8,6,Summer,0,1,1,담하,(정식) 물냉면 
2024-06-07,10,6,Summer,0,0,0,담하,(정식) 물냉면 
2024-06-08,3,6,Summer,1,0,1,담하,(정식) 물냉면 
2024-06-09,2,6,Summer,1,0,1,담하,(정식) 물냉면 
2024-06-10,0,6,Summer,0,0,0,담하,(정식) 물냉면 
2024-06-11,1,6,Summer,0,0,0,담하,(정식) 물냉면 
2024-06-12,4,6,Summer,0,0,0,담하,(정식) 물냉면 
2024-06-13,7,6,Summer,0,0,0,담하,(정식) 물냉면 
2024-06-14,4,6,Summer,0,0,0,담하,(정식) 물냉면 
2024-06-15,2,6,Summer,1,0,1,담하,(정식) 물냉면 
2023-01-01,0,1,Winter,1,1,1,담하,(정식) 비빔냉면
2023-01-02,0,1,Winter,0,0,0,담하,(정식) 비빔냉면
2023-01-03,0,1,Winter,0,0,0,담하,(정식) 비빔냉면
2023-01-04,0,1,Winter,0,0,0,담하,(정식) 비빔냉면
2023-01-05,0,1,Winter,0,0,0,담하,(정식) 비빔냉면
2023-01-06,0,1,Winter,0,0,0,담하,(정식) 비빔냉면
2023-01-07,0,1,Winter,1,0,1,담하,(정식) 비빔냉면
2023-01-08,0,1,Winter,1,0,1,담하,(정식) 비빔냉면
2023-01-09,0,1,Winter,0,0,0,담하,(정식) 비빔냉면
2023-01-10,0,1,Winter,0,0,0,담하,(정식) 비빔냉면
2023-01-11,0,1,Winter,0,0,0,담하,(정식) 비빔냉면
2023-01-12,0,1,Winter,0,0,0,담하,(정식) 비빔냉면
2023-01-13,0,1,Winter,0,0,0,담하,(정식) 비빔냉면
2023-01-14,0,1,Winter,1,0,1,담하,(정식) 비빔냉면
2023-01-15,0,1,Winter,1,0,1,담하,(정식) 비빔냉면
2023-01-16,0,1,Winter,0,0,0,담하,(정식) 비빔냉면
2023-01-17,0,1,Winter,0,0,0,담하,(정식) 비빔냉면
2023-01-18,0,1,Winter,0,0,0,담하,(정식) 비빔냉면
2023-01-19,0,1,Winter,0,0,0,담하,(정식) 비빔냉면
2023-01-20,0,1,Winter,0,0,0,담하,(정식) 비빔냉면
2023-01-21,0,1,Winter,1,1,1,담하,(정식) 비빔냉면
2023-01-22,0,1,Winter,1,1,1,담하,(정식) 비빔냉면
2023-01-23,0,1,Winter,0,1,1,담하,(정식) 비빔냉면
2023-01-24,0,1,Winter,0,1,1,담하,(정식) 비빔냉면
2023-01-25,0,1,Winter,0,0,0,담하,(정식) 비빔냉면
2023-01-26,0,1,Winter,0,0,0,담하,(정식) 비빔냉면
2023-01-27,0,1,Winter,0,0,0,담하,(정식) 비빔냉면
2023-01-28,0,1,Winter,1,0,1,담하,(정식) 비빔냉면
2023-01-29,0,1,Winter,1,0,1,담하,(정식) 비빔냉면
2023-01-30,0,1,Winter,0,0,0,담하,(정식) 비빔냉면
2023-01-31,0,1,Winter,0,0,0,담하,(정식) 비빔냉면
2023-02-01,0,2,Winter,0,0,0,담하,(정식) 비빔냉면
2023-02-02,0,2,Winter,0,0,0,담하,(정식) 비빔냉면
2023-02-03,0,2,Winter,0,0,0,담하,(정식) 비빔냉면
2023-02-04,0,2,Winter,1,0,1,담하,(정식) 비빔냉면
2023-02-05,0,2,Winter,1,0,1,담하,(정식) 비빔냉면
2023-02-06,0,2,Winter,0,0,0,담하,(정식) 비빔냉면
2023-02-07,0,2,Winter,0,0,0,담하,(정식) 비빔냉면
2023-02-08,0,2,Winter,0,0,0,담하,(정식) 비빔냉면
2023-02-09,0,2,Winter,0,0,0,담하,(정식) 비빔냉면
2023-02-10,0,2,Winter,0,0,0,담하,(정식) 비빔냉면
2023-02-11,0,2,Winter,1,0,1,담하,(정식) 비빔냉면
2023-02-12,0,2,Winter,1,0,1,담하,(정식) 비빔냉면
2023-02-13,0,2,Winter,0,0,0,담하,(정식) 비빔냉면
2023-02-14,0,2,Winter,0,0,0,담하,(정식) 비빔냉면
2023-02-15,0,2,Winter,0,0,0,담하,(정식) 비빔냉면
2023-02-16,0,2,Winter,0,0,0,담하,(정식) 비빔냉면
2023-02-17,0,2,Winter,0,0,0,담하,(정식) 비빔냉면
2023-02-18,0,2,Winter,1,0,1,담하,(정식) 비빔냉면
2023-02-19,0,2,Winter,1,0,1,담하,(정식) 비빔냉면
2023-02-20,0,2,Winter,0,0,0,담하,(정식) 비빔냉면
2023-02-21,0,2,Winter,0,0,0,담하,(정식) 비빔냉면
2023-02-22,0,2,Winter,0,0,0,담하,(정식) 비빔냉면
2023-02-23,0,2,Winter,0,0,0,담하,(정식) 비빔냉면
2023-02-24,0,2,Winter,0,0,0,담하,(정식) 비빔냉면
2023-02-25,0,2,Winter,1,0,1,담하,(정식) 비빔냉면
2023-02-26,0,2,Winter,1,0,1,담하,(정식) 비빔냉면
2023-02-27,0,2,Winter,0,0,0,담하,(정식) 비빔냉면
2023-02-28,0,2,Winter,0,0,0,담하,(정식) 비빔냉면
2023-03-01,0,3,Spring,0,1,1,담하,(정식) 비빔냉면
2023-03-02,0,3,Spring,0,0,0,담하,(정식) 비빔냉면
2023-03-03,0,3,Spring,0,0,0,담하,(정식) 비빔냉면
2023-03-04,0,3,Spring,1,0,1,담하,(정식) 비빔냉면
2023-03-05,0,3,Spring,1,0,1,담하,(정식) 비빔냉면
2023-03-06,0,3,Spring,0,0,0,담하,(정식) 비빔냉면
2023-03-07,0,3,Spring,0,0,0,담하,(정식) 비빔냉면
2023-03-08,0,3,Spring,0,0,0,담하,(정식) 비빔냉면
2023-03-09,0,3,Spring,0,0,0,담하,(정식) 비빔냉면
2023-03-10,0,3,Spring,0,0,0,담하,(정식) 비빔냉면
2023-03-11,0,3,Spring,1,0,1,담하,(정식) 비빔냉면
2023-03-12,0,3,Spring,1,0,1,담하,(정식) 비빔냉면
2023-03-13,0,3,Spring,0,0,0,담하,(정식) 비빔냉면
2023-03-14,0,3,Spring,0,0,0,담하,(정식) 비빔냉면
2023-03-15,0,3,Spring,0,0,0,담하,(정식) 비빔냉면
2023-03-16,0,3,Spring,0,0,0,담하,(정식) 비빔냉면
2023-03-17,0,3,Spring,0,0,0,담하,(정식) 비빔냉면
2023-03-18,0,3,Spring,1,0,1,담하,(정식) 비빔냉면
2023-03-19,0,3,Spring,1,0,1,담하,(정식) 비빔냉면
2023-03-20,0,3,Spring,0,0,0,담하,(정식) 비빔냉면
2023-03-21,0,3,Spring,0,0,0,담하,(정식) 비빔냉면
2023-03-22,0,3,Spring,0,0,0,담하,(정식) 비빔냉면
2023-03-23,0,3,Spring,0,0,0,담하,(정식) 비빔냉면
2023-03-24,0,3,Spring,0,0,0,담하,(정식) 비빔냉면
2023-03-25,0,3,Spring,1,0,1,담하,(정식) 비빔냉면
2023-03-26,0,3,Spring,1,0,1,담하,(정식) 비빔냉면
2023-03-27,0,3,Spring,0,0,0,담하,(정식) 비빔냉면
2023-03-28,0,3,Spring,0,0,0,담하,(정식) 비빔냉면
2023-03-29,0,3,Spring,0,0,0,담하,(정식) 비빔냉면
2023-03-30,0,3,Spring,0,0,0,담하,(정식) 비빔냉면
2023-03-31,0,3,Spring,0,0,0,담하,(정식) 비빔냉면
2023-04-01,0,4,Spring,1,0,1,담하,(정식) 비빔냉면
2023-04-02,0,4,Spring,1,0,1,담하,(정식) 비빔냉면
2023-04-03,0,4,Spring,0,0,0,담하,(정식) 비빔냉면
2023-04-04,0,4,Spring,0,0,0,담하,(정식) 비빔냉면
2023-04-05,0,4,Spring,0,0,0,담하,(정식) 비빔냉면
2023-04-06,0,4,Spring,0,0,0,담하,(정식) 비빔냉면
2023-04-07,0,4,Spring,0,0,0,담하,(정식) 비빔냉면
2023-04-08,0,4,Spring,1,0,1,담하,(정식) 비빔냉면
2023-04-09,0,4,Spring,1,0,1,담하,(정식) 비빔냉면
2023-04-10,0,4,Spring,0,0,0,담하,(정식) 비빔냉면
2023-04-11,0,4,Spring,0,0,0,담하,(정식) 비빔냉면
2023-04-12,0,4,Spring,0,0,0,담하,(정식) 비빔냉면
2023-04-13,0,4,Spring,0,0,0,담하,(정식) 비빔냉면
2023-04-14,0,4,Spring,0,0,0,담하,(정식) 비빔냉면
2023-04-15,0,4,Spring,1,0,1,담하,(정식) 비빔냉면
2023-04-16,0,4,Spring,1,0,1,담하,(정식) 비빔냉면
2023-04-17,0,4,Spring,0,0,0,담하,(정식) 비빔냉면
2023-04-18,0,4,Spring,0,0,0,담하,(정식) 비빔냉면
2023-04-19,0,4,Spring,0,0,0,담하,(정식) 비빔냉면
2023-04-20,0,4,Spring,0,0,0,담하,(정식) 비빔냉면
2023-04-21,0,4,Spring,0,0,0,담하,(정식) 비빔냉면
2023-04-22,0,4,Spring,1,0,1,담하,(정식) 비빔냉면
2023-04-23,0,4,Spring,1,0,1,담하,(정식) 비빔냉면
2023-04-24,0,4,Spring,0,0,0,담하,(정식) 비빔냉면
2023-04-25,0,4,Spring,0,0,0,담하,(정식) 비빔냉면
2023-04-26,0,4,Spring,0,0,0,담하,(정식) 비빔냉면
2023-04-27,0,4,Spring,0,0,0,담하,(정식) 비빔냉면
2023-04-28,0,4,Spring,0,0,0,담하,(정식) 비빔냉면
2023-04-29,0,4,Spring,1,0,1,담하,(정식) 비빔냉면
2023-04-30,0,4,Spring,1,0,1,담하,(정식) 비빔냉면
2023-05-01,0,5,Spring,0,0,0,담하,(정식) 비빔냉면
2023-05-02,0,5,Spring,0,0,0,담하,(정식) 비빔냉면
2023-05-03,0,5,Spring,0,0,0,담하,(정식) 비빔냉면
2023-05-04,0,5,Spring,0,0,0,담하,(정식) 비빔냉면
2023-05-05,0,5,Spring,0,1,1,담하,(정식) 비빔냉면
2023-05-06,0,5,Spring,1,0,1,담하,(정식) 비빔냉면
2023-05-07,0,5,Spring,1,0,1,담하,(정식) 비빔냉면
2023-05-08,0,5,Spring,0,0,0,담하,(정식) 비빔냉면
2023-05-09,0,5,Spring,0,0,0,담하,(정식) 비빔냉면
2023-05-10,0,5,Spring,0,0,0,담하,(정식) 비빔냉면
2023-05-11,0,5,Spring,0,0,0,담하,(정식) 비빔냉면
2023-05-12,0,5,Spring,0,0,0,담하,(정식) 비빔냉면
2023-05-13,0,5,Spring,1,0,1,담하,(정식) 비빔냉면
2023-05-14,0,5,Spring,1,0,1,담하,(정식) 비빔냉면
2023-05-15,0,5,Spring,0,0,0,담하,(정식) 비빔냉면
2023-05-16,0,5,Spring,0,0,0,담하,(정식) 비빔냉면
2023-05-17,0,5,Spring,0,0,0,담하,(정식) 비빔냉면
2023-05-18,0,5,Spring,0,0,0,담하,(정식) 비빔냉면
2023-05-19,0,5,Spring,0,0,0,담하,(정식) 비빔냉면
2023-05-20,0,5,Spring,1,0,1,담하,(정식) 비빔냉면
2023-05-21,0,5,Spring,1,0,1,담하,(정식) 비빔냉면
2023-05-22,0,5,Spring,0,0,0,담하,(정식) 비빔냉면
2023-05-23,0,5,Spring,0,0,0,담하,(정식) 비빔냉면
2023-05-24,0,5,Spring,0,0,0,담하,(정식) 비빔냉면
2023-05-25,0,5,Spring,0,0,0,담하,(정식) 비빔냉면
2023-05-26,0,5,Spring,0,0,0,담하,(정식) 비빔냉면
2023-05-27,0,5,Spring,1,1,1,담하,(정식) 비빔냉면
2023-05-28,0,5,Spring,1,0,1,담하,(정식) 비빔냉면
2023-05-29,0,5,Spring,0,1,1,담하,(정식) 비빔냉면
2023-05-30,0,5,Spring,0,0,0,담하,(정식) 비빔냉면
2023-05-31,0,5,Spring,0,0,0,담하,(정식) 비빔냉면
2023-06-01,0,6,Summer,0,0,0,담하,(정식) 비빔냉면
2023-06-02,0,6,Summer,0,0,0,담하,(정식) 비빔냉면
2023-06-03,2,6,Summer,1,0,1,담하,(정식) 비빔냉면
2023-06-04,2,6,Summer,1,0,1,담하,(정식) 비빔냉면
2023-06-05,3,6,Summer,0,0,0,담하,(정식) 비빔냉면
2023-06-06,3,6,Summer,0,1,1,담하,(정식) 비빔냉면
2023-06-07,4,6,Summer,0,0,0,담하,(정식) 비빔냉면
2023-06-08,1,6,Summer,0,0,0,담하,(정식) 비빔냉면
2023-06-09,7,6,Summer,0,0,0,담하,(정식) 비빔냉면
2023-06-10,2,6,Summer,1,0,1,담하,(정식) 비빔냉면
2023-06-11,3,6,Summer,1,0,1,담하,(정식) 비빔냉면
2023-06-12,1,6,Summer,0,0,0,담하,(정식) 비빔냉면
2023-06-13,1,6,Summer,0,0,0,담하,(정식) 비빔냉면
2023-06-14,0,6,Summer,0,0,0,담하,(정식) 비빔냉면
2023-06-15,0,6,Summer,0,0,0,담하,(정식) 비빔냉면
2023-06-16,1,6,Summer,0,0,0,담하,(정식) 비빔냉면
2023-06-17,2,6,Summer,1,0,1,담하,(정식) 비빔냉면
2023-06-18,1,6,Summer,1,0,1,담하,(정식) 비빔냉면
2023-06-19,0,6,Summer,0,0,0,담하,(정식) 비빔냉면
2023-06-20,0,6,Summer,0,0,0,담하,(정식) 비빔냉면
2023-06-21,1,6,Summer,0,0,0,담하,(정식) 비빔냉면
2023-06-22,1,6,Summer,0,0,0,담하,(정식) 비빔냉면
2023-06-23,6,6,Summer,0,0,0,담하,(정식) 비빔냉면
2023-06-24,7,6,Summer,1,0,1,담하,(정식) 비빔냉면
2023-06-25,4,6,Summer,1,0,1,담하,(정식) 비빔냉면
2023-06-26,0,6,Summer,0,0,0,담하,(정식) 비빔냉면
2023-06-27,5,6,Summer,0,0,0,담하,(정식) 비빔냉면
2023-06-28,0,6,Summer,0,0,0,담하,(정식) 비빔냉면
2023-06-29,5,6,Summer,0,0,0,담하,(정식) 비빔냉면
2023-06-30,1,6,Summer,0,0,0,담하,(정식) 비빔냉면
2023-07-01,6,7,Summer,1,0,1,담하,(정식) 비빔냉면
2023-07-02,0,7,Summer,1,0,1,담하,(정식) 비빔냉면
2023-07-03,0,7,Summer,0,0,0,담하,(정식) 비빔냉면
2023-07-04,0,7,Summer,0,0,0,담하,(정식) 비빔냉면
2023-07-05,1,7,Summer,0,0,0,담하,(정식) 비빔냉면
2023-07-06,0,7,Summer,0,0,0,담하,(정식) 비빔냉면
2023-07-07,0,7,Summer,0,0,0,담하,(정식) 비빔냉면
2023-07-08,4,7,Summer,1,0,1,담하,(정식) 비빔냉면
2023-07-09,0,7,Summer,1,0,1,담하,(정식) 비빔냉면
2023-07-10,1,7,Summer,0,0,0,담하,(정식) 비빔냉면
2023-07-11,0,7,Summer,0,0,0,담하,(정식) 비빔냉면
2023-07-12,2,7,Summer,0,0,0,담하,(정식) 비빔냉면
2023-07-13,0,7,Summer,0,0,0,담하,(정식) 비빔냉면
2023-07-14,6,7,Summer,0,0,0,담하,(정식) 비빔냉면
2023-07-15,1,7,Summer,1,0,1,담하,(정식) 비빔냉면
2023-07-16,1,7,Summer,1,0,1,담하,(정식) 비빔냉면
2023-07-17,1,7,Summer,0,0,0,담하,(정식) 비빔냉면
2023-07-18,2,7,Summer,0,0,0,담하,(정식) 비빔냉면
2023-07-19,2,7,Summer,0,0,0,담하,(정식) 비빔냉면
2023-07-20,1,7,Summer,0,0,0,담하,(정식) 비빔냉면
2023-07-21,1,7,Summer,0,0,0,담하,(정식) 비빔냉면
2023-07-22,4,7,Summer,1,0,1,담하,(정식) 비빔냉면
2023-07-23,2,7,Summer,1,0,1,담하,(정식) 비빔냉면
2023-07-24,3,7,Summer,0,0,0,담하,(정식) 비빔냉면
2023-07-25,6,7,Summer,0,0,0,담하,(정식) 비빔냉면
2023-07-26,2,7,Summer,0,0,0,담하,(정식) 비빔냉면
2023-07-27,0,7,Summer,0,0,0,담하,(정식) 비빔냉면
2023-07-28,2,7,Summer,0,0,0,담하,(정식) 비빔냉면
2023-07-29,7,7,Summer,1,0,1,담하,(정식) 비빔냉면
2023-07-30,7,7,Summer,1,0,1,담하,(정식) 비빔냉면
2023-07-31,4,7,Summer,0,0,0,담하,(정식) 비빔냉면
2023-08-01,5,8,Summer,0,0,0,담하,(정식) 비빔냉면
2023-08-02,1,8,Summer,0,0,0,담하,(정식) 비빔냉면
2023-08-03,0,8,Summer,0,0,0,담하,(정식) 비빔냉면
2023-08-04,0,8,Summer,0,0,0,담하,(정식) 비빔냉면
2023-08-05,2,8,Summer,1,0,1,담하,(정식) 비빔냉면
2023-08-06,3,8,Summer,1,0,1,담하,(정식) 비빔냉면
2023-08-07,2,8,Summer,0,0,0,담하,(정식) 비빔냉면
2023-08-08,1,8,Summer,0,0,0,담하,(정식) 비빔냉면
2023-08-09,2,8,Summer,0,0,0,담하,(정식) 비빔냉면
2023-08-10,2,8,Summer,0,0,0,담하,(정식) 비빔냉면
2023-08-11,0,8,Summer,0,0,0,담하,(정식) 비빔냉면
2023-08-12,1,8,Summer,1,0,1,담하,(정식) 비빔냉면
2023-08-13,4,8,Summer,1,0,1,담하,(정식) 비빔냉면
2023-08-14,1,8,Summer,0,0,0,담하,(정식) 비빔냉면
2023-08-15,7,8,Summer,0,1,1,담하,(정식) 비빔냉면
2023-08-16,0,8,Summer,0,0,0,담하,(정식) 비빔냉면
2023-08-17,3,8,Summer,0,0,0,담하,(정식) 비빔냉면
2023-08-18,1,8,Summer,0,0,0,담하,(정식) 비빔냉면
2023-08-19,3,8,Summer,1,0,1,담하,(정식) 비빔냉면
2023-08-20,3,8,Summer,1,0,1,담하,(정식) 비빔냉면
2023-08-21,2,8,Summer,0,0,0,담하,(정식) 비빔냉면
2023-08-22,0,8,Summer,0,0,0,담하,(정식) 비빔냉면
2023-08-23,1,8,Summer,0,0,0,담하,(정식) 비빔냉면
2023-08-24,1,8,Summer,0,0,0,담하,(정식) 비빔냉면
2023-08-25,4,8,Summer,0,0,0,담하,(정식) 비빔냉면
2023-08-26,4,8,Summer,1,0,1,담하,(정식) 비빔냉면
2023-08-27,7,8,Summer,1,0,1,담하,(정식) 비빔냉면
2023-08-28,4,8,Summer,0,0,0,담하,(정식) 비빔냉면
2023-08-29,0,8,Summer,0,0,0,담하,(정식) 비빔냉면
2023-08-30,4,8,Summer,0,0,0,담하,(정식) 비빔냉면
2023-08-31,0,8,Summer,0,0,0,담하,(정식) 비빔냉면
2023-09-01,0,9,Autumn,0,0,0,담하,(정식) 비빔냉면
2023-09-02,4,9,Autumn,1,0,1,담하,(정식) 비빔냉면
2023-09-03,6,9,Autumn,1,0,1,담하,(정식) 비빔냉면
2023-09-04,0,9,Autumn,0,0,0,담하,(정식) 비빔냉면
2023-09-05,1,9,Autumn,0,0,0,담하,(정식) 비빔냉면
2023-09-06,1,9,Autumn,0,0,0,담하,(정식) 비빔냉면
2023-09-07,0,9,Autumn,0,0,0,담하,(정식) 비빔냉면
2023-09-08,1,9,Autumn,0,0,0,담하,(정식) 비빔냉면
2023-09-09,0,9,Autumn,1,0,1,담하,(정식) 비빔냉면
2023-09-10,4,9,Autumn,1,0,1,담하,(정식) 비빔냉면
2023-09-11,1,9,Autumn,0,0,0,담하,(정식) 비빔냉면
2023-09-12,0,9,Autumn,0,0,0,담하,(정식) 비빔냉면
2023-09-13,1,9,Autumn,0,0,0,담하,(정식) 비빔냉면
2023-09-14,1,9,Autumn,0,0,0,담하,(정식) 비빔냉면
2023-09-15,2,9,Autumn,0,0,0,담하,(정식) 비빔냉면
2023-09-16,8,9,Autumn,1,0,1,담하,(정식) 비빔냉면
2023-09-17,7,9,Autumn,1,0,1,담하,(정식) 비빔냉면
2023-09-18,0,9,Autumn,0,0,0,담하,(정식) 비빔냉면
2023-09-19,0,9,Autumn,0,0,0,담하,(정식) 비빔냉면
2023-09-20,0,9,Autumn,0,0,0,담하,(정식) 비빔냉면
2023-09-21,3,9,Autumn,0,0,0,담하,(정식) 비빔냉면
2023-09-22,0,9,Autumn,0,0,0,담하,(정식) 비빔냉면
2023-09-23,4,9,Autumn,1,0,1,담하,(정식) 비빔냉면
2023-09-24,4,9,Autumn,1,0,1,담하,(정식) 비빔냉면
2023-09-25,1,9,Autumn,0,0,0,담하,(정식) 비빔냉면
2023-09-26,1,9,Autumn,0,0,0,담하,(정식) 비빔냉면
2023-09-27,0,9,Autumn,0,0,0,담하,(정식) 비빔냉면
2023-09-28,8,9,Autumn,0,1,1,담하,(정식) 비빔냉면
2023-09-29,18,9,Autumn,0,1,1,담하,(정식) 비빔냉면
2023-09-30,9,9,Autumn,1,1,1,담하,(정식) 비빔냉면
2023-10-01,2,10,Autumn,1,0,1,담하,(정식) 비빔냉면
2023-10-02,6,10,Autumn,0,1,1,담하,(정식) 비빔냉면
2023-10-03,7,10,Autumn,0,1,1,담하,(정식) 비빔냉면
2023-10-04,0,10,Autumn,0,0,0,담하,(정식) 비빔냉면
2023-10-05,2,10,Autumn,0,0,0,담하,(정식) 비빔냉면
2023-10-06,1,10,Autumn,0,0,0,담하,(정식) 비빔냉면
2023-10-07,9,10,Autumn,1,0,1,담하,(정식) 비빔냉면
2023-10-08,9,10,Autumn,1,0,1,담하,(정식) 비빔냉면
2023-10-09,9,10,Autumn,0,1,1,담하,(정식) 비빔냉면
2023-10-10,3,10,Autumn,0,0,0,담하,(정식) 비빔냉면
2023-10-11,2,10,Autumn,0,0,0,담하,(정식) 비빔냉면
2023-10-12,8,10,Autumn,0,0,0,담하,(정식) 비빔냉면
2023-10-13,7,10,Autumn,0,0,0,담하,(정식) 비빔냉면
2023-10-14,0,10,Autumn,1,0,1,담하,(정식) 비빔냉면
2023-10-15,7,10,Autumn,1,0,1,담하,(정식) 비빔냉면
2023-10-16,1,10,Autumn,0,0,0,담하,(정식) 비빔냉면
2023-10-17,14,10,Autumn,0,0,0,담하,(정식) 비빔냉면
2023-10-18,6,10,Autumn,0,0,0,담하,(정식) 비빔냉면
2023-10-19,8,10,Autumn,0,0,0,담하,(정식) 비빔냉면
2023-10-20,4,10,Autumn,0,0,0,담하,(정식) 비빔냉면
2023-10-21,4,10,Autumn,1,0,1,담하,(정식) 비빔냉면
2023-10-22,8,10,Autumn,1,0,1,담하,(정식) 비빔냉면
2023-10-23,0,10,Autumn,0,0,0,담하,(정식) 비빔냉면
2023-10-24,10,10,Autumn,0,0,0,담하,(정식) 비빔냉면
2023-10-25,5,10,Autumn,0,0,0,담하,(정식) 비빔냉면
2023-10-26,9,10,Autumn,0,0,0,담하,(정식) 비빔냉면
2023-10-27,2,10,Autumn,0,0,0,담하,(정식) 비빔냉면
2023-10-28,6,10,Autumn,1,0,1,담하,(정식) 비빔냉면
2023-10-29,15,10,Autumn,1,0,1,담하,(정식) 비빔냉면
2023-10-30,17,10,Autumn,0,0,0,담하,(정식) 비빔냉면
2023-10-31,4,10,Autumn,0,0,0,담하,(정식) 비빔냉면
2023-11-01,3,11,Autumn,0,0,0,담하,(정식) 비빔냉면
2023-11-02,4,11,Autumn,0,0,0,담하,(정식) 비빔냉면
2023-11-03,6,11,Autumn,0,0,0,담하,(정식) 비빔냉면
2023-11-04,8,11,Autumn,1,0,1,담하,(정식) 비빔냉면
2023-11-05,2,11,Autumn,1,0,1,담하,(정식) 비빔냉면
2023-11-06,6,11,Autumn,0,0,0,담하,(정식) 비빔냉면
2023-11-07,2,11,Autumn,0,0,0,담하,(정식) 비빔냉면
2023-11-08,4,11,Autumn,0,0,0,담하,(정식) 비빔냉면
2023-11-09,12,11,Autumn,0,0,0,담하,(정식) 비빔냉면
2023-11-10,3,11,Autumn,0,0,0,담하,(정식) 비빔냉면
2023-11-11,4,11,Autumn,1,0,1,담하,(정식) 비빔냉면
2023-11-12,1,11,Autumn,1,0,1,담하,(정식) 비빔냉면
2023-11-13,10,11,Autumn,0,0,0,담하,(정식) 비빔냉면
2023-11-14,5,11,Autumn,0,0,0,담하,(정식) 비빔냉면
2023-11-15,7,11,Autumn,0,0,0,담하,(정식) 비빔냉면
2023-11-16,1,11,Autumn,0,0,0,담하,(정식) 비빔냉면
2023-11-17,0,11,Autumn,0,0,0,담하,(정식) 비빔냉면
2023-11-18,4,11,Autumn,1,0,1,담하,(정식) 비빔냉면
2023-11-19,13,11,Autumn,1,0,1,담하,(정식) 비빔냉면
2023-11-20,0,11,Autumn,0,0,0,담하,(정식) 비빔냉면
2023-11-21,1,11,Autumn,0,0,0,담하,(정식) 비빔냉면
2023-11-22,1,11,Autumn,0,0,0,담하,(정식) 비빔냉면
2023-11-23,0,11,Autumn,0,0,0,담하,(정식) 비빔냉면
2023-11-24,0,11,Autumn,0,0,0,담하,(정식) 비빔냉면
2023-11-25,4,11,Autumn,1,0,1,담하,(정식) 비빔냉면
2023-11-26,0,11,Autumn,1,0,1,담하,(정식) 비빔냉면
2023-11-27,0,11,Autumn,0,0,0,담하,(정식) 비빔냉면
2023-11-28,4,11,Autumn,0,0,0,담하,(정식) 비빔냉면
2023-11-29,0,11,Autumn,0,0,0,담하,(정식) 비빔냉면
2023-11-30,0,11,Autumn,0,0,0,담하,(정식) 비빔냉면
2023-12-01,0,12,Winter,0,0,0,담하,(정식) 비빔냉면
2023-12-02,1,12,Winter,1,0,1,담하,(정식) 비빔냉면
2023-12-03,4,12,Winter,1,0,1,담하,(정식) 비빔냉면
2023-12-04,0,12,Winter,0,0,0,담하,(정식) 비빔냉면
2023-12-05,0,12,Winter,0,0,0,담하,(정식) 비빔냉면
2023-12-06,1,12,Winter,0,0,0,담하,(정식) 비빔냉면
2023-12-07,1,12,Winter,0,0,0,담하,(정식) 비빔냉면
2023-12-08,0,12,Winter,0,0,0,담하,(정식) 비빔냉면
2023-12-09,3,12,Winter,1,0,1,담하,(정식) 비빔냉면
2023-12-10,1,12,Winter,1,0,1,담하,(정식) 비빔냉면
2023-12-11,3,12,Winter,0,0,0,담하,(정식) 비빔냉면
2023-12-12,0,12,Winter,0,0,0,담하,(정식) 비빔냉면
2023-12-13,0,12,Winter,0,0,0,담하,(정식) 비빔냉면
2023-12-14,0,12,Winter,0,0,0,담하,(정식) 비빔냉면
2023-12-15,1,12,Winter,0,0,0,담하,(정식) 비빔냉면
2023-12-16,1,12,Winter,1,0,1,담하,(정식) 비빔냉면
2023-12-17,5,12,Winter,1,0,1,담하,(정식) 비빔냉면
2023-12-18,1,12,Winter,0,0,0,담하,(정식) 비빔냉면
2023-12-19,5,12,Winter,0,0,0,담하,(정식) 비빔냉면
2023-12-20,1,12,Winter,0,0,0,담하,(정식) 비빔냉면
2023-12-21,2,12,Winter,0,0,0,담하,(정식) 비빔냉면
2023-12-22,2,12,Winter,0,0,0,담하,(정식) 비빔냉면
2023-12-23,1,12,Winter,1,0,1,담하,(정식) 비빔냉면
2023-12-24,3,12,Winter,1,0,1,담하,(정식) 비빔냉면
2023-12-25,7,12,Winter,0,1,1,담하,(정식) 비빔냉면
2023-12-26,12,12,Winter,0,0,0,담하,(정식) 비빔냉면
2023-12-27,2,12,Winter,0,0,0,담하,(정식) 비빔냉면
2023-12-28,4,12,Winter,0,0,0,담하,(정식) 비빔냉면
2023-12-29,2,12,Winter,0,0,0,담하,(정식) 비빔냉면
2023-12-30,8,12,Winter,1,0,1,담하,(정식) 비빔냉면
2023-12-31,2,12,Winter,1,0,1,담하,(정식) 비빔냉면
2024-01-01,4,1,Winter,0,1,1,담하,(정식) 비빔냉면
2024-01-02,7,1,Winter,0,0,0,담하,(정식) 비빔냉면
2024-01-03,2,1,Winter,0,0,0,담하,(정식) 비빔냉면
2024-01-04,1,1,Winter,0,0,0,담하,(정식) 비빔냉면
2024-01-05,2,1,Winter,0,0,0,담하,(정식) 비빔냉면
2024-01-06,4,1,Winter,1,0,1,담하,(정식) 비빔냉면
2024-01-07,4,1,Winter,1,0,1,담하,(정식) 비빔냉면
2024-01-08,1,1,Winter,0,0,0,담하,(정식) 비빔냉면
2024-01-09,4,1,Winter,0,0,0,담하,(정식) 비빔냉면
2024-01-10,1,1,Winter,0,0,0,담하,(정식) 비빔냉면
2024-01-11,2,1,Winter,0,0,0,담하,(정식) 비빔냉면
2024-01-12,2,1,Winter,0,0,0,담하,(정식) 비빔냉면
2024-01-13,7,1,Winter,1,0,1,담하,(정식) 비빔냉면
2024-01-14,1,1,Winter,1,0,1,담하,(정식) 비빔냉면
2024-01-15,6,1,Winter,0,0,0,담하,(정식) 비빔냉면
2024-01-16,2,1,Winter,0,0,0,담하,(정식) 비빔냉면
2024-01-17,3,1,Winter,0,0,0,담하,(정식) 비빔냉면
2024-01-18,5,1,Winter,0,0,0,담하,(정식) 비빔냉면
2024-01-19,3,1,Winter,0,0,0,담하,(정식) 비빔냉면
2024-01-20,2,1,Winter,1,0,1,담하,(정식) 비빔냉면
2024-01-21,6,1,Winter,1,0,1,담하,(정식) 비빔냉면
2024-01-22,0,1,Winter,0,0,0,담하,(정식) 비빔냉면
2024-01-23,3,1,Winter,0,0,0,담하,(정식) 비빔냉면
2024-01-24,4,1,Winter,0,0,0,담하,(정식) 비빔냉면
2024-01-25,1,1,Winter,0,0,0,담하,(정식) 비빔냉면
2024-01-26,0,1,Winter,0,0,0,담하,(정식) 비빔냉면
2024-01-27,4,1,Winter,1,0,1,담하,(정식) 비빔냉면
2024-01-28,6,1,Winter,1,0,1,담하,(정식) 비빔냉면
2024-01-29,0,1,Winter,0,0,0,담하,(정식) 비빔냉면
2024-01-30,6,1,Winter,0,0,0,담하,(정식) 비빔냉면
2024-01-31,0,1,Winter,0,0,0,담하,(정식) 비빔냉면
2024-02-01,0,2,Winter,0,0,0,담하,(정식) 비빔냉면
2024-02-02,0,2,Winter,0,0,0,담하,(정식) 비빔냉면
2024-02-03,4,2,Winter,1,0,1,담하,(정식) 비빔냉면
2024-02-04,4,2,Winter,1,0,1,담하,(정식) 비빔냉면
2024-02-05,1,2,Winter,0,0,0,담하,(정식) 비빔냉면
2024-02-06,0,2,Winter,0,0,0,담하,(정식) 비빔냉면
2024-02-07,0,2,Winter,0,0,0,담하,(정식) 비빔냉면
2024-02-08,1,2,Winter,0,0,0,담하,(정식) 비빔냉면
2024-02-09,3,2,Winter,0,1,1,담하,(정식) 비빔냉면
2024-02-10,2,2,Winter,1,1,1,담하,(정식) 비빔냉면
2024-02-11,7,2,Winter,1,1,1,담하,(정식) 비빔냉면
2024-02-12,4,2,Winter,0,1,1,담하,(정식) 비빔냉면
2024-02-13,7,2,Winter,0,0,0,담하,(정식) 비빔냉면
2024-02-14,1,2,Winter,0,0,0,담하,(정식) 비빔냉면
2024-02-15,0,2,Winter,0,0,0,담하,(정식) 비빔냉면
2024-02-16,4,2,Winter,0,0,0,담하,(정식) 비빔냉면
2024-02-17,1,2,Winter,1,0,1,담하,(정식) 비빔냉면
2024-02-18,4,2,Winter,1,0,1,담하,(정식) 비빔냉면
2024-02-19,0,2,Winter,0,0,0,담하,(정식) 비빔냉면
2024-02-20,5,2,Winter,0,0,0,담하,(정식) 비빔냉면
2024-02-21,0,2,Winter,0,0,0,담하,(정식) 비빔냉면
2024-02-22,3,2,Winter,0,0,0,담하,(정식) 비빔냉면
2024-02-23,6,2,Winter,0,0,0,담하,(정식) 비빔냉면
2024-02-24,8,2,Winter,1,0,1,담하,(정식) 비빔냉면
2024-02-25,2,2,Winter,1,0,1,담하,(정식) 비빔냉면
2024-02-26,1,2,Winter,0,0,0,담하,(정식) 비빔냉면
2024-02-27,2,2,Winter,0,0,0,담하,(정식) 비빔냉면
2024-02-28,1,2,Winter,0,0,0,담하,(정식) 비빔냉면
2024-02-29,4,2,Winter,0,0,0,담하,(정식) 비빔냉면
2024-03-01,3,3,Spring,0,1,1,담하,(정식) 비빔냉면
2024-03-02,3,3,Spring,1,0,1,담하,(정식) 비빔냉면
2024-03-03,1,3,Spring,1,0,1,담하,(정식) 비빔냉면
2024-03-04,0,3,Spring,0,0,0,담하,(정식) 비빔냉면
2024-03-05,0,3,Spring,0,0,0,담하,(정식) 비빔냉면
2024-03-06,0,3,Spring,0,0,0,담하,(정식) 비빔냉면
2024-03-07,0,3,Spring,0,0,0,담하,(정식) 비빔냉면
2024-03-08,0,3,Spring,0,0,0,담하,(정식) 비빔냉면
2024-03-09,0,3,Spring,1,0,1,담하,(정식) 비빔냉면
2024-03-10,0,3,Spring,1,0,1,담하,(정식) 비빔냉면
2024-03-11,0,3,Spring,0,0,0,담하,(정식) 비빔냉면
2024-03-12,0,3,Spring,0,0,0,담하,(정식) 비빔냉면
2024-03-13,0,3,Spring,0,0,0,담하,(정식) 비빔냉면
2024-03-14,1,3,Spring,0,0,0,담하,(정식) 비빔냉면
2024-03-15,2,3,Spring,0,0,0,담하,(정식) 비빔냉면
2024-03-16,3,3,Spring,1,0,1,담하,(정식) 비빔냉면
2024-03-17,1,3,Spring,1,0,1,담하,(정식) 비빔냉면
2024-03-18,0,3,Spring,0,0,0,담하,(정식) 비빔냉면
2024-03-19,0,3,Spring,0,0,0,담하,(정식) 비빔냉면
2024-03-20,0,3,Spring,0,0,0,담하,(정식) 비빔냉면
2024-03-21,0,3,Spring,0,0,0,담하,(정식) 비빔냉면
2024-03-22,0,3,Spring,0,0,0,담하,(정식) 비빔냉면
2024-03-23,2,3,Spring,1,0,1,담하,(정식) 비빔냉면
2024-03-24,1,3,Spring,1,0,1,담하,(정식) 비빔냉면
2024-03-25,0,3,Spring,0,0,0,담하,(정식) 비빔냉면
2024-03-26,0,3,Spring,0,0,0,담하,(정식) 비빔냉면
2024-03-27,0,3,Spring,0,0,0,담하,(정식) 비빔냉면
2024-03-28,0,3,Spring,0,0,0,담하,(정식) 비빔냉면
2024-03-29,0,3,Spring,0,0,0,담하,(정식) 비빔냉면
2024-03-30,3,3,Spring,1,0,1,담하,(정식) 비빔냉면
2024-03-31,6,3,Spring,1,0,1,담하,(정식) 비빔냉면
2024-04-01,0,4,Spring,0,0,0,담하,(정식) 비빔냉면
2024-04-02,5,4,Spring,0,0,0,담하,(정식) 비빔냉면
2024-04-03,0,4,Spring,0,0,0,담하,(정식) 비빔냉면
2024-04-04,6,4,Spring,0,0,0,담하,(정식) 비빔냉면
2024-04-05,4,4,Spring,0,0,0,담하,(정식) 비빔냉면
2024-04-06,6,4,Spring,1,0,1,담하,(정식) 비빔냉면
2024-04-07,6,4,Spring,1,0,1,담하,(정식) 비빔냉면
2024-04-08,0,4,Spring,0,0,0,담하,(정식) 비빔냉면
2024-04-09,4,4,Spring,0,0,0,담하,(정식) 비빔냉면
2024-04-10,7,4,Spring,0,1,1,담하,(정식) 비빔냉면
2024-04-11,4,4,Spring,0,0,0,담하,(정식) 비빔냉면
2024-04-12,2,4,Spring,0,0,0,담하,(정식) 비빔냉면
2024-04-13,4,4,Spring,1,0,1,담하,(정식) 비빔냉면
2024-04-14,9,4,Spring,1,0,1,담하,(정식) 비빔냉면
2024-04-15,1,4,Spring,0,0,0,담하,(정식) 비빔냉면
2024-04-16,1,4,Spring,0,0,0,담하,(정식) 비빔냉면
2024-04-17,2,4,Spring,0,0,0,담하,(정식) 비빔냉면
2024-04-18,31,4,Spring,0,0,0,담하,(정식) 비빔냉면
2024-04-19,9,4,Spring,0,0,0,담하,(정식) 비빔냉면
2024-04-20,1,4,Spring,1,0,1,담하,(정식) 비빔냉면
2024-04-21,12,4,Spring,1,0,1,담하,(정식) 비빔냉면
2024-04-22,3,4,Spring,0,0,0,담하,(정식) 비빔냉면
2024-04-23,8,4,Spring,0,0,0,담하,(정식) 비빔냉면
2024-04-24,4,4,Spring,0,0,0,담하,(정식) 비빔냉면
2024-04-25,2,4,Spring,0,0,0,담하,(정식) 비빔냉면
2024-04-26,0,4,Spring,0,0,0,담하,(정식) 비빔냉면
2024-04-27,6,4,Spring,1,0,1,담하,(정식) 비빔냉면
2024-04-28,3,4,Spring,1,0,1,담하,(정식) 비빔냉면
2024-04-29,1,4,Spring,0,0,0,담하,(정식) 비빔냉면
2024-04-30,2,4,Spring,0,0,0,담하,(정식) 비빔냉면
2024-05-01,6,5,Spring,0,0,0,담하,(정식) 비빔냉면
2024-05-02,2,5,Spring,0,0,0,담하,(정식) 비빔냉면
2024-05-03,2,5,Spring,0,0,0,담하,(정식) 비빔냉면
2024-05-04,6,5,Spring,1,0,1,담하,(정식) 비빔냉면
2024-05-05,11,5,Spring,1,1,1,담하,(정식) 비빔냉면
2024-05-06,5,5,Spring,0,1,1,담하,(정식) 비빔냉면
2024-05-07,1,5,Spring,0,0,0,담하,(정식) 비빔냉면
2024-05-08,4,5,Spring,0,0,0,담하,(정식) 비빔냉면
2024-05-09,11,5,Spring,0,0,0,담하,(정식) 비빔냉면
2024-05-10,4,5,Spring,0,0,0,담하,(정식) 비빔냉면
2024-05-11,4,5,Spring,1,0,1,담하,(정식) 비빔냉면
2024-05-12,18,5,Spring,1,0,1,담하,(정식) 비빔냉면
2024-05-13,5,5,Spring,0,0,0,담하,(정식) 비빔냉면
2024-05-14,4,5,Spring,0,0,0,담하,(정식) 비빔냉면
2024-05-15,6,5,Spring,0,1,1,담하,(정식) 비빔냉면
2024-05-16,7,5,Spring,0,0,0,담하,(정식) 비빔냉면
2024-05-17,3,5,Spring,0,0,0,담하,(정식) 비빔냉면
2024-05-18,2,5,Spring,1,0,1,담하,(정식) 비빔냉면
2024-05-19,7,5,Spring,1,0,1,담하,(정식) 비빔냉면
2024-05-20,8,5,Spring,0,0,0,담하,(정식) 비빔냉면
2024-05-21,8,5,Spring,0,0,0,담하,(정식) 비빔냉면
2024-05-22,1,5,Spring,0,0,0,담하,(정식) 비빔냉면
2024-05-23,1,5,Spring,0,0,0,담하,(정식) 비빔냉면
2024-05-24,1,5,Spring,0,0,0,담하,(정식) 비빔냉면
2024-05-25,4,5,Spring,1,0,1,담하,(정식) 비빔냉면
2024-05-26,3,5,Spring,1,0,1,담하,(정식) 비빔냉면
2024-05-27,7,5,Spring,0,0,0,담하,(정식) 비빔냉면
2024-05-28,4,5,Spring,0,0,0,담하,(정식) 비빔냉면
2024-05-29,0,5,Spring,0,0,0,담하,(정식) 비빔냉면
2024-05-30,1,5,Spring,0,0,0,담하,(정식) 비빔냉면
2024-05-31,2,5,Spring,0,0,0,담하,(정식) 비빔냉면
2024-06-01,4,6,Summer,1,0,1,담하,(정식) 비빔냉면
2024-06-02,10,6,Summer,1,0,1,담하,(정식) 비빔냉면
2024-06-03,4,6,Summer,0,0,0,담하,(정식) 비빔냉면
2024-06-04,1,6,Summer,0,0,0,담하,(정식) 비빔냉면
2024-06-05,4,6,Summer,0,0,0,담하,(정식) 비빔냉면
2024-06-06,2,6,Summer,0,1,1,담하,(정식) 비빔냉면
2024-06-07,10,6,Summer,0,0,0,담하,(정식) 비빔냉면
2024-06-08,4,6,Summer,1,0,1,담하,(정식) 비빔냉면
2024-06-09,3,6,Summer,1,0,1,담하,(정식) 비빔냉면
2024-06-10,2,6,Summer,0,0,0,담하,(정식) 비빔냉면
2024-06-11,3,6,Summer,0,0,0,담하,(정식) 비빔냉면
2024-06-12,2,6,Summer,0,0,0,담하,(정식) 비빔냉면
2024-06-13,1,6,Summer,0,0,0,담하,(정식) 비빔냉면
2024-06-14,1,6,Summer,0,0,0,담하,(정식) 비빔냉면
2024-06-15,7,6,Summer,1,0,1,담하,(정식) 비빔냉면
2023-01-01,5,1,Winter,1,1,1,담하,(후식) 된장찌개
2023-01-02,8,1,Winter,0,0,0,담하,(후식) 된장찌개
2023-01-03,3,1,Winter,0,0,0,담하,(후식) 된장찌개
2023-01-04,6,1,Winter,0,0,0,담하,(후식) 된장찌개
2023-01-05,13,1,Winter,0,0,0,담하,(후식) 된장찌개
2023-01-06,8,1,Winter,0,0,0,담하,(후식) 된장찌개
2023-01-07,12,1,Winter,1,0,1,담하,(후식) 된장찌개
2023-01-08,7,1,Winter,1,0,1,담하,(후식) 된장찌개
2023-01-09,6,1,Winter,0,0,0,담하,(후식) 된장찌개
2023-01-10,11,1,Winter,0,0,0,담하,(후식) 된장찌개
2023-01-11,4,1,Winter,0,0,0,담하,(후식) 된장찌개
2023-01-12,10,1,Winter,0,0,0,담하,(후식) 된장찌개
2023-01-13,11,1,Winter,0,0,0,담하,(후식) 된장찌개
2023-01-14,13,1,Winter,1,0,1,담하,(후식) 된장찌개
2023-01-15,16,1,Winter,1,0,1,담하,(후식) 된장찌개
2023-01-16,2,1,Winter,0,0,0,담하,(후식) 된장찌개
2023-01-17,1,1,Winter,0,0,0,담하,(후식) 된장찌개
2023-01-18,6,1,Winter,0,0,0,담하,(후식) 된장찌개
2023-01-19,5,1,Winter,0,0,0,담하,(후식) 된장찌개
2023-01-20,14,1,Winter,0,0,0,담하,(후식) 된장찌개
2023-01-21,15,1,Winter,1,1,1,담하,(후식) 된장찌개
2023-01-22,19,1,Winter,1,1,1,담하,(후식) 된장찌개
2023-01-23,13,1,Winter,0,1,1,담하,(후식) 된장찌개
2023-01-24,3,1,Winter,0,1,1,담하,(후식) 된장찌개
2023-01-25,8,1,Winter,0,0,0,담하,(후식) 된장찌개
2023-01-26,5,1,Winter,0,0,0,담하,(후식) 된장찌개
2023-01-27,11,1,Winter,0,0,0,담하,(후식) 된장찌개
2023-01-28,17,1,Winter,1,0,1,담하,(후식) 된장찌개
2023-01-29,5,1,Winter,1,0,1,담하,(후식) 된장찌개
2023-01-30,12,1,Winter,0,0,0,담하,(후식) 된장찌개
2023-01-31,4,1,Winter,0,0,0,담하,(후식) 된장찌개
2023-02-01,4,2,Winter,0,0,0,담하,(후식) 된장찌개
2023-02-02,1,2,Winter,0,0,0,담하,(후식) 된장찌개
2023-02-03,16,2,Winter,0,0,0,담하,(후식) 된장찌개
2023-02-04,12,2,Winter,1,0,1,담하,(후식) 된장찌개
2023-02-05,10,2,Winter,1,0,1,담하,(후식) 된장찌개
2023-02-06,4,2,Winter,0,0,0,담하,(후식) 된장찌개
2023-02-07,1,2,Winter,0,0,0,담하,(후식) 된장찌개
2023-02-08,3,2,Winter,0,0,0,담하,(후식) 된장찌개
2023-02-09,7,2,Winter,0,0,0,담하,(후식) 된장찌개
2023-02-10,6,2,Winter,0,0,0,담하,(후식) 된장찌개
2023-02-11,8,2,Winter,1,0,1,담하,(후식) 된장찌개
2023-02-12,12,2,Winter,1,0,1,담하,(후식) 된장찌개
2023-02-13,1,2,Winter,0,0,0,담하,(후식) 된장찌개
2023-02-14,6,2,Winter,0,0,0,담하,(후식) 된장찌개
2023-02-15,3,2,Winter,0,0,0,담하,(후식) 된장찌개
2023-02-16,5,2,Winter,0,0,0,담하,(후식) 된장찌개
2023-02-17,4,2,Winter,0,0,0,담하,(후식) 된장찌개
2023-02-18,10,2,Winter,1,0,1,담하,(후식) 된장찌개
2023-02-19,12,2,Winter,1,0,1,담하,(후식) 된장찌개
2023-02-20,7,2,Winter,0,0,0,담하,(후식) 된장찌개
2023-02-21,3,2,Winter,0,0,0,담하,(후식) 된장찌개
2023-02-22,9,2,Winter,0,0,0,담하,(후식) 된장찌개
2023-02-23,4,2,Winter,0,0,0,담하,(후식) 된장찌개
2023-02-24,9,2,Winter,0,0,0,담하,(후식) 된장찌개
2023-02-25,19,2,Winter,1,0,1,담하,(후식) 된장찌개
2023-02-26,7,2,Winter,1,0,1,담하,(후식) 된장찌개
2023-02-27,5,2,Winter,0,0,0,담하,(후식) 된장찌개
2023-02-28,5,2,Winter,0,0,0,담하,(후식) 된장찌개
2023-03-01,1,3,Spring,0,1,1,담하,(후식) 된장찌개
2023-03-02,0,3,Spring,0,0,0,담하,(후식) 된장찌개
2023-03-03,0,3,Spring,0,0,0,담하,(후식) 된장찌개
2023-03-04,0,3,Spring,1,0,1,담하,(후식) 된장찌개
2023-03-05,0,3,Spring,1,0,1,담하,(후식) 된장찌개
2023-03-06,0,3,Spring,0,0,0,담하,(후식) 된장찌개
2023-03-07,0,3,Spring,0,0,0,담하,(후식) 된장찌개
2023-03-08,0,3,Spring,0,0,0,담하,(후식) 된장찌개
2023-03-09,0,3,Spring,0,0,0,담하,(후식) 된장찌개
2023-03-10,1,3,Spring,0,0,0,담하,(후식) 된장찌개
2023-03-11,8,3,Spring,1,0,1,담하,(후식) 된장찌개
2023-03-12,2,3,Spring,1,0,1,담하,(후식) 된장찌개
2023-03-13,0,3,Spring,0,0,0,담하,(후식) 된장찌개
2023-03-14,0,3,Spring,0,0,0,담하,(후식) 된장찌개
2023-03-15,3,3,Spring,0,0,0,담하,(후식) 된장찌개
2023-03-16,0,3,Spring,0,0,0,담하,(후식) 된장찌개
2023-03-17,3,3,Spring,0,0,0,담하,(후식) 된장찌개
2023-03-18,9,3,Spring,1,0,1,담하,(후식) 된장찌개
2023-03-19,0,3,Spring,1,0,1,담하,(후식) 된장찌개
2023-03-20,0,3,Spring,0,0,0,담하,(후식) 된장찌개
2023-03-21,0,3,Spring,0,0,0,담하,(후식) 된장찌개
2023-03-22,0,3,Spring,0,0,0,담하,(후식) 된장찌개
2023-03-23,1,3,Spring,0,0,0,담하,(후식) 된장찌개
2023-03-24,1,3,Spring,0,0,0,담하,(후식) 된장찌개
2023-03-25,6,3,Spring,1,0,1,담하,(후식) 된장찌개
2023-03-26,4,3,Spring,1,0,1,담하,(후식) 된장찌개
2023-03-27,0,3,Spring,0,0,0,담하,(후식) 된장찌개
2023-03-28,0,3,Spring,0,0,0,담하,(후식) 된장찌개
2023-03-29,2,3,Spring,0,0,0,담하,(후식) 된장찌개
2023-03-30,0,3,Spring,0,0,0,담하,(후식) 된장찌개
2023-03-31,4,3,Spring,0,0,0,담하,(후식) 된장찌개
2023-04-01,12,4,Spring,1,0,1,담하,(후식) 된장찌개
2023-04-02,2,4,Spring,1,0,1,담하,(후식) 된장찌개
2023-04-03,7,4,Spring,0,0,0,담하,(후식) 된장찌개
2023-04-04,0,4,Spring,0,0,0,담하,(후식) 된장찌개
2023-04-05,0,4,Spring,0,0,0,담하,(후식) 된장찌개
2023-04-06,2,4,Spring,0,0,0,담하,(후식) 된장찌개
2023-04-07,7,4,Spring,0,0,0,담하,(후식) 된장찌개
2023-04-08,12,4,Spring,1,0,1,담하,(후식) 된장찌개
2023-04-09,8,4,Spring,1,0,1,담하,(후식) 된장찌개
2023-04-10,1,4,Spring,0,0,0,담하,(후식) 된장찌개
2023-04-11,0,4,Spring,0,0,0,담하,(후식) 된장찌개
2023-04-12,13,4,Spring,0,0,0,담하,(후식) 된장찌개
2023-04-13,6,4,Spring,0,0,0,담하,(후식) 된장찌개
2023-04-14,6,4,Spring,0,0,0,담하,(후식) 된장찌개
2023-04-15,9,4,Spring,1,0,1,담하,(후식) 된장찌개
2023-04-16,2,4,Spring,1,0,1,담하,(후식) 된장찌개
2023-04-17,0,4,Spring,0,0,0,담하,(후식) 된장찌개
2023-04-18,0,4,Spring,0,0,0,담하,(후식) 된장찌개
2023-04-19,3,4,Spring,0,0,0,담하,(후식) 된장찌개
2023-04-20,0,4,Spring,0,0,0,담하,(후식) 된장찌개
2023-04-21,11,4,Spring,0,0,0,담하,(후식) 된장찌개
2023-04-22,9,4,Spring,1,0,1,담하,(후식) 된장찌개
2023-04-23,13,4,Spring,1,0,1,담하,(후식) 된장찌개
2023-04-24,1,4,Spring,0,0,0,담하,(후식) 된장찌개
2023-04-25,3,4,Spring,0,0,0,담하,(후식) 된장찌개
2023-04-26,2,4,Spring,0,0,0,담하,(후식) 된장찌개
2023-04-27,2,4,Spring,0,0,0,담하,(후식) 된장찌개
2023-04-28,6,4,Spring,0,0,0,담하,(후식) 된장찌개
2023-04-29,11,4,Spring,1,0,1,담하,(후식) 된장찌개
2023-04-30,20,4,Spring,1,0,1,담하,(후식) 된장찌개
2023-05-01,4,5,Spring,0,0,0,담하,(후식) 된장찌개
2023-05-02,1,5,Spring,0,0,0,담하,(후식) 된장찌개
2023-05-03,2,5,Spring,0,0,0,담하,(후식) 된장찌개
2023-05-04,5,5,Spring,0,0,0,담하,(후식) 된장찌개
2023-05-05,9,5,Spring,0,1,1,담하,(후식) 된장찌개
2023-05-06,10,5,Spring,1,0,1,담하,(후식) 된장찌개
2023-05-07,12,5,Spring,1,0,1,담하,(후식) 된장찌개
2023-05-08,0,5,Spring,0,0,0,담하,(후식) 된장찌개
2023-05-09,2,5,Spring,0,0,0,담하,(후식) 된장찌개
2023-05-10,3,5,Spring,0,0,0,담하,(후식) 된장찌개
2023-05-11,0,5,Spring,0,0,0,담하,(후식) 된장찌개
2023-05-12,2,5,Spring,0,0,0,담하,(후식) 된장찌개
2023-05-13,12,5,Spring,1,0,1,담하,(후식) 된장찌개
2023-05-14,9,5,Spring,1,0,1,담하,(후식) 된장찌개
2023-05-15,4,5,Spring,0,0,0,담하,(후식) 된장찌개
2023-05-16,1,5,Spring,0,0,0,담하,(후식) 된장찌개
2023-05-17,5,5,Spring,0,0,0,담하,(후식) 된장찌개
2023-05-18,4,5,Spring,0,0,0,담하,(후식) 된장찌개
2023-05-19,7,5,Spring,0,0,0,담하,(후식) 된장찌개
2023-05-20,8,5,Spring,1,0,1,담하,(후식) 된장찌개
2023-05-21,3,5,Spring,1,0,1,담하,(후식) 된장찌개
2023-05-22,1,5,Spring,0,0,0,담하,(후식) 된장찌개
2023-05-23,7,5,Spring,0,0,0,담하,(후식) 된장찌개
2023-05-24,0,5,Spring,0,0,0,담하,(후식) 된장찌개
2023-05-25,7,5,Spring,0,0,0,담하,(후식) 된장찌개
2023-05-26,5,5,Spring,0,0,0,담하,(후식) 된장찌개
2023-05-27,4,5,Spring,1,1,1,담하,(후식) 된장찌개
2023-05-28,8,5,Spring,1,0,1,담하,(후식) 된장찌개
2023-05-29,6,5,Spring,0,1,1,담하,(후식) 된장찌개
2023-05-30,0,5,Spring,0,0,0,담하,(후식) 된장찌개
2023-05-31,0,5,Spring,0,0,0,담하,(후식) 된장찌개
2023-06-01,2,6,Summer,0,0,0,담하,(후식) 된장찌개
2023-06-02,5,6,Summer,0,0,0,담하,(후식) 된장찌개
2023-06-03,9,6,Summer,1,0,1,담하,(후식) 된장찌개
2023-06-04,8,6,Summer,1,0,1,담하,(후식) 된장찌개
2023-06-05,6,6,Summer,0,0,0,담하,(후식) 된장찌개
2023-06-06,4,6,Summer,0,1,1,담하,(후식) 된장찌개
2023-06-07,2,6,Summer,0,0,0,담하,(후식) 된장찌개
2023-06-08,2,6,Summer,0,0,0,담하,(후식) 된장찌개
2023-06-09,6,6,Summer,0,0,0,담하,(후식) 된장찌개
2023-06-10,6,6,Summer,1,0,1,담하,(후식) 된장찌개
2023-06-11,1,6,Summer,1,0,1,담하,(후식) 된장찌개
2023-06-12,1,6,Summer,0,0,0,담하,(후식) 된장찌개
2023-06-13,1,6,Summer,0,0,0,담하,(후식) 된장찌개
2023-06-14,2,6,Summer,0,0,0,담하,(후식) 된장찌개
2023-06-15,0,6,Summer,0,0,0,담하,(후식) 된장찌개
2023-06-16,5,6,Summer,0,0,0,담하,(후식) 된장찌개
2023-06-17,4,6,Summer,1,0,1,담하,(후식) 된장찌개
2023-06-18,1,6,Summer,1,0,1,담하,(후식) 된장찌개
2023-06-19,0,6,Summer,0,0,0,담하,(후식) 된장찌개
2023-06-20,1,6,Summer,0,0,0,담하,(후식) 된장찌개
2023-06-21,0,6,Summer,0,0,0,담하,(후식) 된장찌개
2023-06-22,2,6,Summer,0,0,0,담하,(후식) 된장찌개
2023-06-23,4,6,Summer,0,0,0,담하,(후식) 된장찌개
2023-06-24,2,6,Summer,1,0,1,담하,(후식) 된장찌개
2023-06-25,0,6,Summer,1,0,1,담하,(후식) 된장찌개
2023-06-26,0,6,Summer,0,0,0,담하,(후식) 된장찌개
2023-06-27,0,6,Summer,0,0,0,담하,(후식) 된장찌개
2023-06-28,1,6,Summer,0,0,0,담하,(후식) 된장찌개
2023-06-29,2,6,Summer,0,0,0,담하,(후식) 된장찌개
2023-06-30,3,6,Summer,0,0,0,담하,(후식) 된장찌개
2023-07-01,8,7,Summer,1,0,1,담하,(후식) 된장찌개
2023-07-02,0,7,Summer,1,0,1,담하,(후식) 된장찌개
2023-07-03,2,7,Summer,0,0,0,담하,(후식) 된장찌개
2023-07-04,1,7,Summer,0,0,0,담하,(후식) 된장찌개
2023-07-05,0,7,Summer,0,0,0,담하,(후식) 된장찌개
2023-07-06,0,7,Summer,0,0,0,담하,(후식) 된장찌개
2023-07-07,3,7,Summer,0,0,0,담하,(후식) 된장찌개
2023-07-08,11,7,Summer,1,0,1,담하,(후식) 된장찌개
2023-07-09,0,7,Summer,1,0,1,담하,(후식) 된장찌개
2023-07-10,0,7,Summer,0,0,0,담하,(후식) 된장찌개
2023-07-11,0,7,Summer,0,0,0,담하,(후식) 된장찌개
2023-07-12,0,7,Summer,0,0,0,담하,(후식) 된장찌개
2023-07-13,3,7,Summer,0,0,0,담하,(후식) 된장찌개
2023-07-14,13,7,Summer,0,0,0,담하,(후식) 된장찌개
2023-07-15,7,7,Summer,1,0,1,담하,(후식) 된장찌개
2023-07-16,6,7,Summer,1,0,1,담하,(후식) 된장찌개
2023-07-17,1,7,Summer,0,0,0,담하,(후식) 된장찌개
2023-07-18,1,7,Summer,0,0,0,담하,(후식) 된장찌개
2023-07-19,3,7,Summer,0,0,0,담하,(후식) 된장찌개
2023-07-20,0,7,Summer,0,0,0,담하,(후식) 된장찌개
2023-07-21,10,7,Summer,0,0,0,담하,(후식) 된장찌개
2023-07-22,2,7,Summer,1,0,1,담하,(후식) 된장찌개
2023-07-23,1,7,Summer,1,0,1,담하,(후식) 된장찌개
2023-07-24,2,7,Summer,0,0,0,담하,(후식) 된장찌개
2023-07-25,5,7,Summer,0,0,0,담하,(후식) 된장찌개
2023-07-26,0,7,Summer,0,0,0,담하,(후식) 된장찌개
2023-07-27,4,7,Summer,0,0,0,담하,(후식) 된장찌개
2023-07-28,8,7,Summer,0,0,0,담하,(후식) 된장찌개
2023-07-29,10,7,Summer,1,0,1,담하,(후식) 된장찌개
2023-07-30,10,7,Summer,1,0,1,담하,(후식) 된장찌개
2023-07-31,9,7,Summer,0,0,0,담하,(후식) 된장찌개
2023-08-01,6,8,Summer,0,0,0,담하,(후식) 된장찌개
2023-08-02,3,8,Summer,0,0,0,담하,(후식) 된장찌개
2023-08-03,5,8,Summer,0,0,0,담하,(후식) 된장찌개
2023-08-04,5,8,Summer,0,0,0,담하,(후식) 된장찌개
2023-08-05,10,8,Summer,1,0,1,담하,(후식) 된장찌개
2023-08-06,5,8,Summer,1,0,1,담하,(후식) 된장찌개
2023-08-07,3,8,Summer,0,0,0,담하,(후식) 된장찌개
2023-08-08,4,8,Summer,0,0,0,담하,(후식) 된장찌개
2023-08-09,0,8,Summer,0,0,0,담하,(후식) 된장찌개
2023-08-10,1,8,Summer,0,0,0,담하,(후식) 된장찌개
2023-08-11,3,8,Summer,0,0,0,담하,(후식) 된장찌개
2023-08-12,3,8,Summer,1,0,1,담하,(후식) 된장찌개
2023-08-13,6,8,Summer,1,0,1,담하,(후식) 된장찌개
2023-08-14,12,8,Summer,0,0,0,담하,(후식) 된장찌개
2023-08-15,4,8,Summer,0,1,1,담하,(후식) 된장찌개
2023-08-16,4,8,Summer,0,0,0,담하,(후식) 된장찌개
2023-08-17,1,8,Summer,0,0,0,담하,(후식) 된장찌개
2023-08-18,3,8,Summer,0,0,0,담하,(후식) 된장찌개
2023-08-19,4,8,Summer,1,0,1,담하,(후식) 된장찌개
2023-08-20,4,8,Summer,1,0,1,담하,(후식) 된장찌개
2023-08-21,1,8,Summer,0,0,0,담하,(후식) 된장찌개
2023-08-22,1,8,Summer,0,0,0,담하,(후식) 된장찌개
2023-08-23,1,8,Summer,0,0,0,담하,(후식) 된장찌개
2023-08-24,2,8,Summer,0,0,0,담하,(후식) 된장찌개
2023-08-25,3,8,Summer,0,0,0,담하,(후식) 된장찌개
2023-08-26,5,8,Summer,1,0,1,담하,(후식) 된장찌개
2023-08-27,2,8,Summer,1,0,1,담하,(후식) 된장찌개
2023-08-28,0,8,Summer,0,0,0,담하,(후식) 된장찌개
2023-08-29,1,8,Summer,0,0,0,담하,(후식) 된장찌개
2023-08-30,1,8,Summer,0,0,0,담하,(후식) 된장찌개
2023-08-31,4,8,Summer,0,0,0,담하,(후식) 된장찌개
2023-09-01,7,9,Autumn,0,0,0,담하,(후식) 된장찌개
2023-09-02,9,9,Autumn,1,0,1,담하,(후식) 된장찌개
2023-09-03,3,9,Autumn,1,0,1,담하,(후식) 된장찌개
2023-09-04,0,9,Autumn,0,0,0,담하,(후식) 된장찌개
2023-09-05,0,9,Autumn,0,0,0,담하,(후식) 된장찌개
2023-09-06,0,9,Autumn,0,0,0,담하,(후식) 된장찌개
2023-09-07,0,9,Autumn,0,0,0,담하,(후식) 된장찌개
2023-09-08,0,9,Autumn,0,0,0,담하,(후식) 된장찌개
2023-09-09,2,9,Autumn,1,0,1,담하,(후식) 된장찌개
2023-09-10,3,9,Autumn,1,0,1,담하,(후식) 된장찌개
2023-09-11,3,9,Autumn,0,0,0,담하,(후식) 된장찌개
2023-09-12,0,9,Autumn,0,0,0,담하,(후식) 된장찌개
2023-09-13,0,9,Autumn,0,0,0,담하,(후식) 된장찌개
2023-09-14,1,9,Autumn,0,0,0,담하,(후식) 된장찌개
2023-09-15,2,9,Autumn,0,0,0,담하,(후식) 된장찌개
2023-09-16,7,9,Autumn,1,0,1,담하,(후식) 된장찌개
2023-09-17,6,9,Autumn,1,0,1,담하,(후식) 된장찌개
2023-09-18,0,9,Autumn,0,0,0,담하,(후식) 된장찌개
2023-09-19,0,9,Autumn,0,0,0,담하,(후식) 된장찌개
2023-09-20,2,9,Autumn,0,0,0,담하,(후식) 된장찌개
2023-09-21,0,9,Autumn,0,0,0,담하,(후식) 된장찌개
2023-09-22,4,9,Autumn,0,0,0,담하,(후식) 된장찌개
2023-09-23,5,9,Autumn,1,0,1,담하,(후식) 된장찌개
2023-09-24,1,9,Autumn,1,0,1,담하,(후식) 된장찌개
2023-09-25,0,9,Autumn,0,0,0,담하,(후식) 된장찌개
2023-09-26,1,9,Autumn,0,0,0,담하,(후식) 된장찌개
2023-09-27,6,9,Autumn,0,0,0,담하,(후식) 된장찌개
2023-09-28,14,9,Autumn,0,1,1,담하,(후식) 된장찌개
2023-09-29,15,9,Autumn,0,1,1,담하,(후식) 된장찌개
2023-09-30,6,9,Autumn,1,1,1,담하,(후식) 된장찌개
2023-10-01,4,10,Autumn,1,0,1,담하,(후식) 된장찌개
2023-10-02,9,10,Autumn,0,1,1,담하,(후식) 된장찌개
2023-10-03,4,10,Autumn,0,1,1,담하,(후식) 된장찌개
2023-10-04,2,10,Autumn,0,0,0,담하,(후식) 된장찌개
2023-10-05,1,10,Autumn,0,0,0,담하,(후식) 된장찌개
2023-10-06,9,10,Autumn,0,0,0,담하,(후식) 된장찌개
2023-10-07,3,10,Autumn,1,0,1,담하,(후식) 된장찌개
2023-10-08,11,10,Autumn,1,0,1,담하,(후식) 된장찌개
2023-10-09,9,10,Autumn,0,1,1,담하,(후식) 된장찌개
2023-10-10,0,10,Autumn,0,0,0,담하,(후식) 된장찌개
2023-10-11,2,10,Autumn,0,0,0,담하,(후식) 된장찌개
2023-10-12,0,10,Autumn,0,0,0,담하,(후식) 된장찌개
2023-10-13,3,10,Autumn,0,0,0,담하,(후식) 된장찌개
2023-10-14,19,10,Autumn,1,0,1,담하,(후식) 된장찌개
2023-10-15,3,10,Autumn,1,0,1,담하,(후식) 된장찌개
2023-10-16,1,10,Autumn,0,0,0,담하,(후식) 된장찌개
2023-10-17,1,10,Autumn,0,0,0,담하,(후식) 된장찌개
2023-10-18,3,10,Autumn,0,0,0,담하,(후식) 된장찌개
2023-10-19,3,10,Autumn,0,0,0,담하,(후식) 된장찌개
2023-10-20,3,10,Autumn,0,0,0,담하,(후식) 된장찌개
2023-10-21,3,10,Autumn,1,0,1,담하,(후식) 된장찌개
2023-10-22,6,10,Autumn,1,0,1,담하,(후식) 된장찌개
2023-10-23,2,10,Autumn,0,0,0,담하,(후식) 된장찌개
2023-10-24,4,10,Autumn,0,0,0,담하,(후식) 된장찌개
2023-10-25,6,10,Autumn,0,0,0,담하,(후식) 된장찌개
2023-10-26,3,10,Autumn,0,0,0,담하,(후식) 된장찌개
2023-10-27,2,10,Autumn,0,0,0,담하,(후식) 된장찌개
2023-10-28,6,10,Autumn,1,0,1,담하,(후식) 된장찌개
2023-10-29,14,10,Autumn,1,0,1,담하,(후식) 된장찌개
2023-10-30,3,10,Autumn,0,0,0,담하,(후식) 된장찌개
2023-10-31,8,10,Autumn,0,0,0,담하,(후식) 된장찌개
2023-11-01,5,11,Autumn,0,0,0,담하,(후식) 된장찌개
2023-11-02,4,11,Autumn,0,0,0,담하,(후식) 된장찌개
2023-11-03,10,11,Autumn,0,0,0,담하,(후식) 된장찌개
2023-11-04,11,11,Autumn,1,0,1,담하,(후식) 된장찌개
2023-11-05,8,11,Autumn,1,0,1,담하,(후식) 된장찌개
2023-11-06,3,11,Autumn,0,0,0,담하,(후식) 된장찌개
2023-11-07,7,11,Autumn,0,0,0,담하,(후식) 된장찌개
2023-11-08,11,11,Autumn,0,0,0,담하,(후식) 된장찌개
2023-11-09,2,11,Autumn,0,0,0,담하,(후식) 된장찌개
2023-11-10,6,11,Autumn,0,0,0,담하,(후식) 된장찌개
2023-11-11,9,11,Autumn,1,0,1,담하,(후식) 된장찌개
2023-11-12,12,11,Autumn,1,0,1,담하,(후식) 된장찌개
2023-11-13,6,11,Autumn,0,0,0,담하,(후식) 된장찌개
2023-11-14,14,11,Autumn,0,0,0,담하,(후식) 된장찌개
2023-11-15,3,11,Autumn,0,0,0,담하,(후식) 된장찌개
2023-11-16,1,11,Autumn,0,0,0,담하,(후식) 된장찌개
2023-11-17,5,11,Autumn,0,0,0,담하,(후식) 된장찌개
2023-11-18,14,11,Autumn,1,0,1,담하,(후식) 된장찌개
2023-11-19,3,11,Autumn,1,0,1,담하,(후식) 된장찌개
2023-11-20,3,11,Autumn,0,0,0,담하,(후식) 된장찌개
2023-11-21,0,11,Autumn,0,0,0,담하,(후식) 된장찌개
2023-11-22,0,11,Autumn,0,0,0,담하,(후식) 된장찌개
2023-11-23,4,11,Autumn,0,0,0,담하,(후식) 된장찌개
2023-11-24,5,11,Autumn,0,0,0,담하,(후식) 된장찌개
2023-11-25,12,11,Autumn,1,0,1,담하,(후식) 된장찌개
2023-11-26,0,11,Autumn,1,0,1,담하,(후식) 된장찌개
2023-11-27,3,11,Autumn,0,0,0,담하,(후식) 된장찌개
2023-11-28,0,11,Autumn,0,0,0,담하,(후식) 된장찌개
2023-11-29,0,11,Autumn,0,0,0,담하,(후식) 된장찌개
2023-11-30,0,11,Autumn,0,0,0,담하,(후식) 된장찌개
2023-12-01,2,12,Winter,0,0,0,담하,(후식) 된장찌개
2023-12-02,4,12,Winter,1,0,1,담하,(후식) 된장찌개
2023-12-03,4,12,Winter,1,0,1,담하,(후식) 된장찌개
2023-12-04,0,12,Winter,0,0,0,담하,(후식) 된장찌개
2023-12-05,1,12,Winter,0,0,0,담하,(후식) 된장찌개
2023-12-06,1,12,Winter,0,0,0,담하,(후식) 된장찌개
2023-12-07,1,12,Winter,0,0,0,담하,(후식) 된장찌개
2023-12-08,1,12,Winter,0,0,0,담하,(후식) 된장찌개
2023-12-09,6,12,Winter,1,0,1,담하,(후식) 된장찌개
2023-12-10,1,12,Winter,1,0,1,담하,(후식) 된장찌개
2023-12-11,1,12,Winter,0,0,0,담하,(후식) 된장찌개
2023-12-12,0,12,Winter,0,0,0,담하,(후식) 된장찌개
2023-12-13,1,12,Winter,0,0,0,담하,(후식) 된장찌개
2023-12-14,2,12,Winter,0,0,0,담하,(후식) 된장찌개
2023-12-15,5,12,Winter,0,0,0,담하,(후식) 된장찌개
2023-12-16,1,12,Winter,1,0,1,담하,(후식) 된장찌개
2023-12-17,1,12,Winter,1,0,1,담하,(후식) 된장찌개
2023-12-18,2,12,Winter,0,0,0,담하,(후식) 된장찌개
2023-12-19,4,12,Winter,0,0,0,담하,(후식) 된장찌개
2023-12-20,1,12,Winter,0,0,0,담하,(후식) 된장찌개
2023-12-21,8,12,Winter,0,0,0,담하,(후식) 된장찌개
2023-12-22,3,12,Winter,0,0,0,담하,(후식) 된장찌개
2023-12-23,4,12,Winter,1,0,1,담하,(후식) 된장찌개
2023-12-24,12,12,Winter,1,0,1,담하,(후식) 된장찌개
2023-12-25,8,12,Winter,0,1,1,담하,(후식) 된장찌개
2023-12-26,5,12,Winter,0,0,0,담하,(후식) 된장찌개
2023-12-27,5,12,Winter,0,0,0,담하,(후식) 된장찌개
2023-12-28,8,12,Winter,0,0,0,담하,(후식) 된장찌개
2023-12-29,4,12,Winter,0,0,0,담하,(후식) 된장찌개
2023-12-30,6,12,Winter,1,0,1,담하,(후식) 된장찌개
2023-12-31,10,12,Winter,1,0,1,담하,(후식) 된장찌개
2024-01-01,3,1,Winter,0,1,1,담하,(후식) 된장찌개
2024-01-02,2,1,Winter,0,0,0,담하,(후식) 된장찌개
2024-01-03,7,1,Winter,0,0,0,담하,(후식) 된장찌개
2024-01-04,5,1,Winter,0,0,0,담하,(후식) 된장찌개
2024-01-05,6,1,Winter,0,0,0,담하,(후식) 된장찌개
2024-01-06,2,1,Winter,1,0,1,담하,(후식) 된장찌개
2024-01-07,1,1,Winter,1,0,1,담하,(후식) 된장찌개
2024-01-08,0,1,Winter,0,0,0,담하,(후식) 된장찌개
2024-01-09,3,1,Winter,0,0,0,담하,(후식) 된장찌개
2024-01-10,0,1,Winter,0,0,0,담하,(후식) 된장찌개
2024-01-11,1,1,Winter,0,0,0,담하,(후식) 된장찌개
2024-01-12,3,1,Winter,0,0,0,담하,(후식) 된장찌개
2024-01-13,4,1,Winter,1,0,1,담하,(후식) 된장찌개
2024-01-14,2,1,Winter,1,0,1,담하,(후식) 된장찌개
2024-01-15,0,1,Winter,0,0,0,담하,(후식) 된장찌개
2024-01-16,2,1,Winter,0,0,0,담하,(후식) 된장찌개
2024-01-17,1,1,Winter,0,0,0,담하,(후식) 된장찌개
2024-01-18,0,1,Winter,0,0,0,담하,(후식) 된장찌개
2024-01-19,2,1,Winter,0,0,0,담하,(후식) 된장찌개
2024-01-20,3,1,Winter,1,0,1,담하,(후식) 된장찌개
2024-01-21,2,1,Winter,1,0,1,담하,(후식) 된장찌개
2024-01-22,1,1,Winter,0,0,0,담하,(후식) 된장찌개
2024-01-23,1,1,Winter,0,0,0,담하,(후식) 된장찌개
2024-01-24,5,1,Winter,0,0,0,담하,(후식) 된장찌개
2024-01-25,0,1,Winter,0,0,0,담하,(후식) 된장찌개
2024-01-26,1,1,Winter,0,0,0,담하,(후식) 된장찌개
2024-01-27,1,1,Winter,1,0,1,담하,(후식) 된장찌개
2024-01-28,5,1,Winter,1,0,1,담하,(후식) 된장찌개
2024-01-29,2,1,Winter,0,0,0,담하,(후식) 된장찌개
2024-01-30,1,1,Winter,0,0,0,담하,(후식) 된장찌개
2024-01-31,5,1,Winter,0,0,0,담하,(후식) 된장찌개
2024-02-01,1,2,Winter,0,0,0,담하,(후식) 된장찌개
2024-02-02,5,2,Winter,0,0,0,담하,(후식) 된장찌개
2024-02-03,6,2,Winter,1,0,1,담하,(후식) 된장찌개
2024-02-04,2,2,Winter,1,0,1,담하,(후식) 된장찌개
2024-02-05,1,2,Winter,0,0,0,담하,(후식) 된장찌개
2024-02-06,0,2,Winter,0,0,0,담하,(후식) 된장찌개
2024-02-07,0,2,Winter,0,0,0,담하,(후식) 된장찌개
2024-02-08,9,2,Winter,0,0,0,담하,(후식) 된장찌개
2024-02-09,22,2,Winter,0,1,1,담하,(후식) 된장찌개
2024-02-10,12,2,Winter,1,1,1,담하,(후식) 된장찌개
2024-02-11,3,2,Winter,1,1,1,담하,(후식) 된장찌개
2024-02-12,6,2,Winter,0,1,1,담하,(후식) 된장찌개
2024-02-13,0,2,Winter,0,0,0,담하,(후식) 된장찌개
2024-02-14,3,2,Winter,0,0,0,담하,(후식) 된장찌개
2024-02-15,1,2,Winter,0,0,0,담하,(후식) 된장찌개
2024-02-16,0,2,Winter,0,0,0,담하,(후식) 된장찌개
2024-02-17,6,2,Winter,1,0,1,담하,(후식) 된장찌개
2024-02-18,2,2,Winter,1,0,1,담하,(후식) 된장찌개
2024-02-19,0,2,Winter,0,0,0,담하,(후식) 된장찌개
2024-02-20,0,2,Winter,0,0,0,담하,(후식) 된장찌개
2024-02-21,1,2,Winter,0,0,0,담하,(후식) 된장찌개
2024-02-22,1,2,Winter,0,0,0,담하,(후식) 된장찌개
2024-02-23,1,2,Winter,0,0,0,담하,(후식) 된장찌개
2024-02-24,5,2,Winter,1,0,1,담하,(후식) 된장찌개
2024-02-25,10,2,Winter,1,0,1,담하,(후식) 된장찌개
2024-02-26,0,2,Winter,0,0,0,담하,(후식) 된장찌개
2024-02-27,2,2,Winter,0,0,0,담하,(후식) 된장찌개
2024-02-28,6,2,Winter,0,0,0,담하,(후식) 된장찌개
2024-02-29,8,2,Winter,0,0,0,담하,(후식) 된장찌개
2024-03-01,0,3,Spring,0,1,1,담하,(후식) 된장찌개
2024-03-02,8,3,Spring,1,0,1,담하,(후식) 된장찌개
2024-03-03,0,3,Spring,1,0,1,담하,(후식) 된장찌개
2024-03-04,0,3,Spring,0,0,0,담하,(후식) 된장찌개
2024-03-05,0,3,Spring,0,0,0,담하,(후식) 된장찌개
2024-03-06,0,3,Spring,0,0,0,담하,(후식) 된장찌개
2024-03-07,0,3,Spring,0,0,0,담하,(후식) 된장찌개
2024-03-08,0,3,Spring,0,0,0,담하,(후식) 된장찌개
2024-03-09,0,3,Spring,1,0,1,담하,(후식) 된장찌개
2024-03-10,0,3,Spring,1,0,1,담하,(후식) 된장찌개
2024-03-11,0,3,Spring,0,0,0,담하,(후식) 된장찌개
2024-03-12,0,3,Spring,0,0,0,담하,(후식) 된장찌개
2024-03-13,0,3,Spring,0,0,0,담하,(후식) 된장찌개
2024-03-14,1,3,Spring,0,0,0,담하,(후식) 된장찌개
2024-03-15,4,3,Spring,0,0,0,담하,(후식) 된장찌개
2024-03-16,7,3,Spring,1,0,1,담하,(후식) 된장찌개
2024-03-17,0,3,Spring,1,0,1,담하,(후식) 된장찌개
2024-03-18,0,3,Spring,0,0,0,담하,(후식) 된장찌개
2024-03-19,0,3,Spring,0,0,0,담하,(후식) 된장찌개
2024-03-20,1,3,Spring,0,0,0,담하,(후식) 된장찌개
2024-03-21,1,3,Spring,0,0,0,담하,(후식) 된장찌개
2024-03-22,0,3,Spring,0,0,0,담하,(후식) 된장찌개
2024-03-23,7,3,Spring,1,0,1,담하,(후식) 된장찌개
2024-03-24,2,3,Spring,1,0,1,담하,(후식) 된장찌개
2024-03-25,0,3,Spring,0,0,0,담하,(후식) 된장찌개
2024-03-26,0,3,Spring,0,0,0,담하,(후식) 된장찌개
2024-03-27,1,3,Spring,0,0,0,담하,(후식) 된장찌개
2024-03-28,2,3,Spring,0,0,0,담하,(후식) 된장찌개
2024-03-29,8,3,Spring,0,0,0,담하,(후식) 된장찌개
2024-03-30,12,3,Spring,1,0,1,담하,(후식) 된장찌개
2024-03-31,1,3,Spring,1,0,1,담하,(후식) 된장찌개
2024-04-01,2,4,Spring,0,0,0,담하,(후식) 된장찌개
2024-04-02,1,4,Spring,0,0,0,담하,(후식) 된장찌개
2024-04-03,4,4,Spring,0,0,0,담하,(후식) 된장찌개
2024-04-04,6,4,Spring,0,0,0,담하,(후식) 된장찌개
2024-04-05,2,4,Spring,0,0,0,담하,(후식) 된장찌개
2024-04-06,7,4,Spring,1,0,1,담하,(후식) 된장찌개
2024-04-07,2,4,Spring,1,0,1,담하,(후식) 된장찌개
2024-04-08,1,4,Spring,0,0,0,담하,(후식) 된장찌개
2024-04-09,6,4,Spring,0,0,0,담하,(후식) 된장찌개
2024-04-10,1,4,Spring,0,1,1,담하,(후식) 된장찌개
2024-04-11,7,4,Spring,0,0,0,담하,(후식) 된장찌개
2024-04-12,16,4,Spring,0,0,0,담하,(후식) 된장찌개
2024-04-13,8,4,Spring,1,0,1,담하,(후식) 된장찌개
2024-04-14,2,4,Spring,1,0,1,담하,(후식) 된장찌개
2024-04-15,1,4,Spring,0,0,0,담하,(후식) 된장찌개
2024-04-16,0,4,Spring,0,0,0,담하,(후식) 된장찌개
2024-04-17,5,4,Spring,0,0,0,담하,(후식) 된장찌개
2024-04-18,2,4,Spring,0,0,0,담하,(후식) 된장찌개
2024-04-19,0,4,Spring,0,0,0,담하,(후식) 된장찌개
2024-04-20,8,4,Spring,1,0,1,담하,(후식) 된장찌개
2024-04-21,0,4,Spring,1,0,1,담하,(후식) 된장찌개
2024-04-22,1,4,Spring,0,0,0,담하,(후식) 된장찌개
2024-04-23,5,4,Spring,0,0,0,담하,(후식) 된장찌개
2024-04-24,0,4,Spring,0,0,0,담하,(후식) 된장찌개
2024-04-25,0,4,Spring,0,0,0,담하,(후식) 된장찌개
2024-04-26,6,4,Spring,0,0,0,담하,(후식) 된장찌개
2024-04-27,19,4,Spring,1,0,1,담하,(후식) 된장찌개
2024-04-28,5,4,Spring,1,0,1,담하,(후식) 된장찌개
2024-04-29,0,4,Spring,0,0,0,담하,(후식) 된장찌개
2024-04-30,5,4,Spring,0,0,0,담하,(후식) 된장찌개
2024-05-01,3,5,Spring,0,0,0,담하,(후식) 된장찌개
2024-05-02,0,5,Spring,0,0,0,담하,(후식) 된장찌개
2024-05-03,5,5,Spring,0,0,0,담하,(후식) 된장찌개
2024-05-04,3,5,Spring,1,0,1,담하,(후식) 된장찌개
2024-05-05,3,5,Spring,1,1,1,담하,(후식) 된장찌개
2024-05-06,1,5,Spring,0,1,1,담하,(후식) 된장찌개
2024-05-07,0,5,Spring,0,0,0,담하,(후식) 된장찌개
2024-05-08,2,5,Spring,0,0,0,담하,(후식) 된장찌개
2024-05-09,4,5,Spring,0,0,0,담하,(후식) 된장찌개
2024-05-10,5,5,Spring,0,0,0,담하,(후식) 된장찌개
2024-05-11,11,5,Spring,1,0,1,담하,(후식) 된장찌개
2024-05-12,6,5,Spring,1,0,1,담하,(후식) 된장찌개
2024-05-13,2,5,Spring,0,0,0,담하,(후식) 된장찌개
2024-05-14,5,5,Spring,0,0,0,담하,(후식) 된장찌개
2024-05-15,4,5,Spring,0,1,1,담하,(후식) 된장찌개
2024-05-16,3,5,Spring,0,0,0,담하,(후식) 된장찌개
2024-05-17,0,5,Spring,0,0,0,담하,(후식) 된장찌개
2024-05-18,0,5,Spring,1,0,1,담하,(후식) 된장찌개
2024-05-19,3,5,Spring,1,0,1,담하,(후식) 된장찌개
2024-05-20,2,5,Spring,0,0,0,담하,(후식) 된장찌개
2024-05-21,0,5,Spring,0,0,0,담하,(후식) 된장찌개
2024-05-22,0,5,Spring,0,0,0,담하,(후식) 된장찌개
2024-05-23,24,5,Spring,0,0,0,담하,(후식) 된장찌개
2024-05-24,5,5,Spring,0,0,0,담하,(후식) 된장찌개
2024-05-25,6,5,Spring,1,0,1,담하,(후식) 된장찌개
2024-05-26,0,5,Spring,1,0,1,담하,(후식) 된장찌개
2024-05-27,3,5,Spring,0,0,0,담하,(후식) 된장찌개
2024-05-28,0,5,Spring,0,0,0,담하,(후식) 된장찌개
2024-05-29,0,5,Spring,0,0,0,담하,(후식) 된장찌개
2024-05-30,0,5,Spring,0,0,0,담하,(후식) 된장찌개
2024-05-31,3,5,Spring,0,0,0,담하,(후식) 된장찌개
2024-06-01,9,6,Summer,1,0,1,담하,(후식) 된장찌개
2024-06-02,1,6,Summer,1,0,1,담하,(후식) 된장찌개
2024-06-03,2,6,Summer,0,0,0,담하,(후식) 된장찌개
2024-06-04,2,6,Summer,0,0,0,담하,(후식) 된장찌개
2024-06-05,6,6,Summer,0,0,0,담하,(후식) 된장찌개
2024-06-06,2,6,Summer,0,1,1,담하,(후식) 된장찌개
2024-06-07,4,6,Summer,0,0,0,담하,(후식) 된장찌개
2024-06-08,6,6,Summer,1,0,1,담하,(후식) 된장찌개
2024-06-09,2,6,Summer,1,0,1,담하,(후식) 된장찌개
2024-06-10,1,6,Summer,0,0,0,담하,(후식) 된장찌개
2024-06-11,0,6,Summer,0,0,0,담하,(후식) 된장찌개
2024-06-12,2,6,Summer,0,0,0,담하,(후식) 된장찌개
2024-06-13,0,6,Summer,0,0,0,담하,(후식) 된장찌개
2024-06-14,1,6,Summer,0,0,0,담하,(후식) 된장찌개
2024-06-15,2,6,Summer,1,0,1,담하,(후식) 된장찌개
2023-01-01,0,1,Winter,1,1,1,담하,(후식) 물냉면
2023-01-02,0,1,Winter,0,0,0,담하,(후식) 물냉면
2023-01-03,0,1,Winter,0,0,0,담하,(후식) 물냉면
2023-01-04,0,1,Winter,0,0,0,담하,(후식) 물냉면
2023-01-05,0,1,Winter,0,0,0,담하,(후식) 물냉면
2023-01-06,0,1,Winter,0,0,0,담하,(후식) 물냉면
2023-01-07,0,1,Winter,1,0,1,담하,(후식) 물냉면
2023-01-08,0,1,Winter,1,0,1,담하,(후식) 물냉면
2023-01-09,0,1,Winter,0,0,0,담하,(후식) 물냉면
2023-01-10,0,1,Winter,0,0,0,담하,(후식) 물냉면
2023-01-11,0,1,Winter,0,0,0,담하,(후식) 물냉면
2023-01-12,0,1,Winter,0,0,0,담하,(후식) 물냉면
2023-01-13,0,1,Winter,0,0,0,담하,(후식) 물냉면
2023-01-14,0,1,Winter,1,0,1,담하,(후식) 물냉면
2023-01-15,0,1,Winter,1,0,1,담하,(후식) 물냉면
2023-01-16,0,1,Winter,0,0,0,담하,(후식) 물냉면
2023-01-17,0,1,Winter,0,0,0,담하,(후식) 물냉면
2023-01-18,0,1,Winter,0,0,0,담하,(후식) 물냉면
2023-01-19,0,1,Winter,0,0,0,담하,(후식) 물냉면
2023-01-20,0,1,Winter,0,0,0,담하,(후식) 물냉면
2023-01-21,0,1,Winter,1,1,1,담하,(후식) 물냉면
2023-01-22,0,1,Winter,1,1,1,담하,(후식) 물냉면
2023-01-23,0,1,Winter,0,1,1,담하,(후식) 물냉면
2023-01-24,0,1,Winter,0,1,1,담하,(후식) 물냉면
2023-01-25,0,1,Winter,0,0,0,담하,(후식) 물냉면
2023-01-26,0,1,Winter,0,0,0,담하,(후식) 물냉면
2023-01-27,0,1,Winter,0,0,0,담하,(후식) 물냉면
2023-01-28,0,1,Winter,1,0,1,담하,(후식) 물냉면
2023-01-29,0,1,Winter,1,0,1,담하,(후식) 물냉면
2023-01-30,0,1,Winter,0,0,0,담하,(후식) 물냉면
2023-01-31,0,1,Winter,0,0,0,담하,(후식) 물냉면
2023-02-01,0,2,Winter,0,0,0,담하,(후식) 물냉면
2023-02-02,0,2,Winter,0,0,0,담하,(후식) 물냉면
2023-02-03,0,2,Winter,0,0,0,담하,(후식) 물냉면
2023-02-04,0,2,Winter,1,0,1,담하,(후식) 물냉면
2023-02-05,0,2,Winter,1,0,1,담하,(후식) 물냉면
2023-02-06,0,2,Winter,0,0,0,담하,(후식) 물냉면
2023-02-07,0,2,Winter,0,0,0,담하,(후식) 물냉면
2023-02-08,0,2,Winter,0,0,0,담하,(후식) 물냉면
2023-02-09,0,2,Winter,0,0,0,담하,(후식) 물냉면
2023-02-10,0,2,Winter,0,0,0,담하,(후식) 물냉면
2023-02-11,0,2,Winter,1,0,1,담하,(후식) 물냉면
2023-02-12,0,2,Winter,1,0,1,담하,(후식) 물냉면
2023-02-13,0,2,Winter,0,0,0,담하,(후식) 물냉면
2023-02-14,0,2,Winter,0,0,0,담하,(후식) 물냉면
2023-02-15,0,2,Winter,0,0,0,담하,(후식) 물냉면
2023-02-16,0,2,Winter,0,0,0,담하,(후식) 물냉면
2023-02-17,0,2,Winter,0,0,0,담하,(후식) 물냉면
2023-02-18,0,2,Winter,1,0,1,담하,(후식) 물냉면
2023-02-19,0,2,Winter,1,0,1,담하,(후식) 물냉면
2023-02-20,0,2,Winter,0,0,0,담하,(후식) 물냉면
2023-02-21,0,2,Winter,0,0,0,담하,(후식) 물냉면
2023-02-22,0,2,Winter,0,0,0,담하,(후식) 물냉면
2023-02-23,0,2,Winter,0,0,0,담하,(후식) 물냉면
2023-02-24,0,2,Winter,0,0,0,담하,(후식) 물냉면
2023-02-25,0,2,Winter,1,0,1,담하,(후식) 물냉면
2023-02-26,0,2,Winter,1,0,1,담하,(후식) 물냉면
2023-02-27,0,2,Winter,0,0,0,담하,(후식) 물냉면
2023-02-28,0,2,Winter,0,0,0,담하,(후식) 물냉면
2023-03-01,0,3,Spring,0,1,1,담하,(후식) 물냉면
2023-03-02,0,3,Spring,0,0,0,담하,(후식) 물냉면
2023-03-03,0,3,Spring,0,0,0,담하,(후식) 물냉면
2023-03-04,0,3,Spring,1,0,1,담하,(후식) 물냉면
2023-03-05,0,3,Spring,1,0,1,담하,(후식) 물냉면
2023-03-06,0,3,Spring,0,0,0,담하,(후식) 물냉면
2023-03-07,0,3,Spring,0,0,0,담하,(후식) 물냉면
2023-03-08,0,3,Spring,0,0,0,담하,(후식) 물냉면
2023-03-09,0,3,Spring,0,0,0,담하,(후식) 물냉면
2023-03-10,0,3,Spring,0,0,0,담하,(후식) 물냉면
2023-03-11,0,3,Spring,1,0,1,담하,(후식) 물냉면
2023-03-12,0,3,Spring,1,0,1,담하,(후식) 물냉면
2023-03-13,0,3,Spring,0,0,0,담하,(후식) 물냉면
2023-03-14,0,3,Spring,0,0,0,담하,(후식) 물냉면
2023-03-15,0,3,Spring,0,0,0,담하,(후식) 물냉면
2023-03-16,0,3,Spring,0,0,0,담하,(후식) 물냉면
2023-03-17,0,3,Spring,0,0,0,담하,(후식) 물냉면
2023-03-18,0,3,Spring,1,0,1,담하,(후식) 물냉면
2023-03-19,0,3,Spring,1,0,1,담하,(후식) 물냉면
2023-03-20,0,3,Spring,0,0,0,담하,(후식) 물냉면
2023-03-21,0,3,Spring,0,0,0,담하,(후식) 물냉면
2023-03-22,0,3,Spring,0,0,0,담하,(후식) 물냉면
2023-03-23,0,3,Spring,0,0,0,담하,(후식) 물냉면
2023-03-24,0,3,Spring,0,0,0,담하,(후식) 물냉면
2023-03-25,0,3,Spring,1,0,1,담하,(후식) 물냉면
2023-03-26,0,3,Spring,1,0,1,담하,(후식) 물냉면
2023-03-27,0,3,Spring,0,0,0,담하,(후식) 물냉면
2023-03-28,0,3,Spring,0,0,0,담하,(후식) 물냉면
2023-03-29,0,3,Spring,0,0,0,담하,(후식) 물냉면
2023-03-30,0,3,Spring,0,0,0,담하,(후식) 물냉면
2023-03-31,0,3,Spring,0,0,0,담하,(후식) 물냉면
2023-04-01,0,4,Spring,1,0,1,담하,(후식) 물냉면
2023-04-02,0,4,Spring,1,0,1,담하,(후식) 물냉면
2023-04-03,0,4,Spring,0,0,0,담하,(후식) 물냉면
2023-04-04,0,4,Spring,0,0,0,담하,(후식) 물냉면
2023-04-05,0,4,Spring,0,0,0,담하,(후식) 물냉면
2023-04-06,0,4,Spring,0,0,0,담하,(후식) 물냉면
2023-04-07,0,4,Spring,0,0,0,담하,(후식) 물냉면
2023-04-08,0,4,Spring,1,0,1,담하,(후식) 물냉면
2023-04-09,0,4,Spring,1,0,1,담하,(후식) 물냉면
2023-04-10,0,4,Spring,0,0,0,담하,(후식) 물냉면
2023-04-11,0,4,Spring,0,0,0,담하,(후식) 물냉면
2023-04-12,0,4,Spring,0,0,0,담하,(후식) 물냉면
2023-04-13,0,4,Spring,0,0,0,담하,(후식) 물냉면
2023-04-14,0,4,Spring,0,0,0,담하,(후식) 물냉면
2023-04-15,0,4,Spring,1,0,1,담하,(후식) 물냉면
2023-04-16,0,4,Spring,1,0,1,담하,(후식) 물냉면
2023-04-17,0,4,Spring,0,0,0,담하,(후식) 물냉면
2023-04-18,0,4,Spring,0,0,0,담하,(후식) 물냉면
2023-04-19,0,4,Spring,0,0,0,담하,(후식) 물냉면
2023-04-20,0,4,Spring,0,0,0,담하,(후식) 물냉면
2023-04-21,0,4,Spring,0,0,0,담하,(후식) 물냉면
2023-04-22,0,4,Spring,1,0,1,담하,(후식) 물냉면
2023-04-23,0,4,Spring,1,0,1,담하,(후식) 물냉면
2023-04-24,0,4,Spring,0,0,0,담하,(후식) 물냉면
2023-04-25,0,4,Spring,0,0,0,담하,(후식) 물냉면
2023-04-26,0,4,Spring,0,0,0,담하,(후식) 물냉면
2023-04-27,0,4,Spring,0,0,0,담하,(후식) 물냉면
2023-04-28,0,4,Spring,0,0,0,담하,(후식) 물냉면
2023-04-29,0,4,Spring,1,0,1,담하,(후식) 물냉면
2023-04-30,0,4,Spring,1,0,1,담하,(후식) 물냉면
2023-05-01,0,5,Spring,0,0,0,담하,(후식) 물냉면
2023-05-02,0,5,Spring,0,0,0,담하,(후식) 물냉면
2023-05-03,0,5,Spring,0,0,0,담하,(후식) 물냉면
2023-05-04,0,5,Spring,0,0,0,담하,(후식) 물냉면
2023-05-05,0,5,Spring,0,1,1,담하,(후식) 물냉면
2023-05-06,0,5,Spring,1,0,1,담하,(후식) 물냉면
2023-05-07,0,5,Spring,1,0,1,담하,(후식) 물냉면
2023-05-08,0,5,Spring,0,0,0,담하,(후식) 물냉면
2023-05-09,0,5,Spring,0,0,0,담하,(후식) 물냉면
2023-05-10,0,5,Spring,0,0,0,담하,(후식) 물냉면
2023-05-11,0,5,Spring,0,0,0,담하,(후식) 물냉면
2023-05-12,0,5,Spring,0,0,0,담하,(후식) 물냉면
2023-05-13,0,5,Spring,1,0,1,담하,(후식) 물냉면
2023-05-14,0,5,Spring,1,0,1,담하,(후식) 물냉면
2023-05-15,0,5,Spring,0,0,0,담하,(후식) 물냉면
2023-05-16,0,5,Spring,0,0,0,담하,(후식) 물냉면
2023-05-17,0,5,Spring,0,0,0,담하,(후식) 물냉면
2023-05-18,0,5,Spring,0,0,0,담하,(후식) 물냉면
2023-05-19,0,5,Spring,0,0,0,담하,(후식) 물냉면
2023-05-20,0,5,Spring,1,0,1,담하,(후식) 물냉면
2023-05-21,0,5,Spring,1,0,1,담하,(후식) 물냉면
2023-05-22,0,5,Spring,0,0,0,담하,(후식) 물냉면
2023-05-23,0,5,Spring,0,0,0,담하,(후식) 물냉면
2023-05-24,0,5,Spring,0,0,0,담하,(후식) 물냉면
2023-05-25,0,5,Spring,0,0,0,담하,(후식) 물냉면
2023-05-26,0,5,Spring,0,0,0,담하,(후식) 물냉면
2023-05-27,0,5,Spring,1,1,1,담하,(후식) 물냉면
2023-05-28,0,5,Spring,1,0,1,담하,(후식) 물냉면
2023-05-29,0,5,Spring,0,1,1,담하,(후식) 물냉면
2023-05-30,0,5,Spring,0,0,0,담하,(후식) 물냉면
2023-05-31,0,5,Spring,0,0,0,담하,(후식) 물냉면
2023-06-01,0,6,Summer,0,0,0,담하,(후식) 물냉면
2023-06-02,2,6,Summer,0,0,0,담하,(후식) 물냉면
2023-06-03,6,6,Summer,1,0,1,담하,(후식) 물냉면
2023-06-04,7,6,Summer,1,0,1,담하,(후식) 물냉면
2023-06-05,7,6,Summer,0,0,0,담하,(후식) 물냉면
2023-06-06,2,6,Summer,0,1,1,담하,(후식) 물냉면
2023-06-07,0,6,Summer,0,0,0,담하,(후식) 물냉면
2023-06-08,1,6,Summer,0,0,0,담하,(후식) 물냉면
2023-06-09,1,6,Summer,0,0,0,담하,(후식) 물냉면
2023-06-10,3,6,Summer,1,0,1,담하,(후식) 물냉면
2023-06-11,0,6,Summer,1,0,1,담하,(후식) 물냉면
2023-06-12,0,6,Summer,0,0,0,담하,(후식) 물냉면
2023-06-13,0,6,Summer,0,0,0,담하,(후식) 물냉면
2023-06-14,0,6,Summer,0,0,0,담하,(후식) 물냉면
2023-06-15,0,6,Summer,0,0,0,담하,(후식) 물냉면
2023-06-16,5,6,Summer,0,0,0,담하,(후식) 물냉면
2023-06-17,1,6,Summer,1,0,1,담하,(후식) 물냉면
2023-06-18,1,6,Summer,1,0,1,담하,(후식) 물냉면
2023-06-19,0,6,Summer,0,0,0,담하,(후식) 물냉면
2023-06-20,0,6,Summer,0,0,0,담하,(후식) 물냉면
2023-06-21,0,6,Summer,0,0,0,담하,(후식) 물냉면
2023-06-22,0,6,Summer,0,0,0,담하,(후식) 물냉면
2023-06-23,0,6,Summer,0,0,0,담하,(후식) 물냉면
2023-06-24,0,6,Summer,1,0,1,담하,(후식) 물냉면
2023-06-25,0,6,Summer,1,0,1,담하,(후식) 물냉면
2023-06-26,11,6,Summer,0,0,0,담하,(후식) 물냉면
2023-06-27,0,6,Summer,0,0,0,담하,(후식) 물냉면
2023-06-28,0,6,Summer,0,0,0,담하,(후식) 물냉면
2023-06-29,0,6,Summer,0,0,0,담하,(후식) 물냉면
2023-06-30,1,6,Summer,0,0,0,담하,(후식) 물냉면
2023-07-01,3,7,Summer,1,0,1,담하,(후식) 물냉면
2023-07-02,3,7,Summer,1,0,1,담하,(후식) 물냉면
2023-07-03,0,7,Summer,0,0,0,담하,(후식) 물냉면
2023-07-04,0,7,Summer,0,0,0,담하,(후식) 물냉면
2023-07-05,0,7,Summer,0,0,0,담하,(후식) 물냉면
2023-07-06,0,7,Summer,0,0,0,담하,(후식) 물냉면
2023-07-07,5,7,Summer,0,0,0,담하,(후식) 물냉면
2023-07-08,1,7,Summer,1,0,1,담하,(후식) 물냉면
2023-07-09,0,7,Summer,1,0,1,담하,(후식) 물냉면
2023-07-10,2,7,Summer,0,0,0,담하,(후식) 물냉면
2023-07-11,1,7,Summer,0,0,0,담하,(후식) 물냉면
2023-07-12,0,7,Summer,0,0,0,담하,(후식) 물냉면
2023-07-13,0,7,Summer,0,0,0,담하,(후식) 물냉면
2023-07-14,1,7,Summer,0,0,0,담하,(후식) 물냉면
2023-07-15,5,7,Summer,1,0,1,담하,(후식) 물냉면
2023-07-16,1,7,Summer,1,0,1,담하,(후식) 물냉면
2023-07-17,0,7,Summer,0,0,0,담하,(후식) 물냉면
2023-07-18,0,7,Summer,0,0,0,담하,(후식) 물냉면
2023-07-19,6,7,Summer,0,0,0,담하,(후식) 물냉면
2023-07-20,1,7,Summer,0,0,0,담하,(후식) 물냉면
2023-07-21,2,7,Summer,0,0,0,담하,(후식) 물냉면
2023-07-22,0,7,Summer,1,0,1,담하,(후식) 물냉면
2023-07-23,5,7,Summer,1,0,1,담하,(후식) 물냉면
2023-07-24,1,7,Summer,0,0,0,담하,(후식) 물냉면
2023-07-25,5,7,Summer,0,0,0,담하,(후식) 물냉면
2023-07-26,2,7,Summer,0,0,0,담하,(후식) 물냉면
2023-07-27,1,7,Summer,0,0,0,담하,(후식) 물냉면
2023-07-28,10,7,Summer,0,0,0,담하,(후식) 물냉면
2023-07-29,6,7,Summer,1,0,1,담하,(후식) 물냉면
2023-07-30,8,7,Summer,1,0,1,담하,(후식) 물냉면
2023-07-31,4,7,Summer,0,0,0,담하,(후식) 물냉면
2023-08-01,4,8,Summer,0,0,0,담하,(후식) 물냉면
2023-08-02,0,8,Summer,0,0,0,담하,(후식) 물냉면
2023-08-03,4,8,Summer,0,0,0,담하,(후식) 물냉면
2023-08-04,1,8,Summer,0,0,0,담하,(후식) 물냉면
2023-08-05,4,8,Summer,1,0,1,담하,(후식) 물냉면
2023-08-06,2,8,Summer,1,0,1,담하,(후식) 물냉면
2023-08-07,4,8,Summer,0,0,0,담하,(후식) 물냉면
2023-08-08,3,8,Summer,0,0,0,담하,(후식) 물냉면
2023-08-09,1,8,Summer,0,0,0,담하,(후식) 물냉면
2023-08-10,1,8,Summer,0,0,0,담하,(후식) 물냉면
2023-08-11,1,8,Summer,0,0,0,담하,(후식) 물냉면
2023-08-12,3,8,Summer,1,0,1,담하,(후식) 물냉면
2023-08-13,3,8,Summer,1,0,1,담하,(후식) 물냉면
2023-08-14,5,8,Summer,0,0,0,담하,(후식) 물냉면
2023-08-15,3,8,Summer,0,1,1,담하,(후식) 물냉면
2023-08-16,1,8,Summer,0,0,0,담하,(후식) 물냉면
2023-08-17,2,8,Summer,0,0,0,담하,(후식) 물냉면
2023-08-18,1,8,Summer,0,0,0,담하,(후식) 물냉면
2023-08-19,3,8,Summer,1,0,1,담하,(후식) 물냉면
2023-08-20,6,8,Summer,1,0,1,담하,(후식) 물냉면
2023-08-21,2,8,Summer,0,0,0,담하,(후식) 물냉면
2023-08-22,2,8,Summer,0,0,0,담하,(후식) 물냉면
2023-08-23,0,8,Summer,0,0,0,담하,(후식) 물냉면
2023-08-24,1,8,Summer,0,0,0,담하,(후식) 물냉면
2023-08-25,5,8,Summer,0,0,0,담하,(후식) 물냉면
2023-08-26,6,8,Summer,1,0,1,담하,(후식) 물냉면
2023-08-27,1,8,Summer,1,0,1,담하,(후식) 물냉면
2023-08-28,0,8,Summer,0,0,0,담하,(후식) 물냉면
2023-08-29,0,8,Summer,0,0,0,담하,(후식) 물냉면
2023-08-30,1,8,Summer,0,0,0,담하,(후식) 물냉면
2023-08-31,0,8,Summer,0,0,0,담하,(후식) 물냉면
2023-09-01,7,9,Autumn,0,0,0,담하,(후식) 물냉면
2023-09-02,0,9,Autumn,1,0,1,담하,(후식) 물냉면
2023-09-03,1,9,Autumn,1,0,1,담하,(후식) 물냉면
2023-09-04,0,9,Autumn,0,0,0,담하,(후식) 물냉면
2023-09-05,2,9,Autumn,0,0,0,담하,(후식) 물냉면
2023-09-06,0,9,Autumn,0,0,0,담하,(후식) 물냉면
2023-09-07,0,9,Autumn,0,0,0,담하,(후식) 물냉면
2023-09-08,0,9,Autumn,0,0,0,담하,(후식) 물냉면
2023-09-09,0,9,Autumn,1,0,1,담하,(후식) 물냉면
2023-09-10,0,9,Autumn,1,0,1,담하,(후식) 물냉면
2023-09-11,0,9,Autumn,0,0,0,담하,(후식) 물냉면
2023-09-12,0,9,Autumn,0,0,0,담하,(후식) 물냉면
2023-09-13,1,9,Autumn,0,0,0,담하,(후식) 물냉면
2023-09-14,0,9,Autumn,0,0,0,담하,(후식) 물냉면
2023-09-15,1,9,Autumn,0,0,0,담하,(후식) 물냉면
2023-09-16,5,9,Autumn,1,0,1,담하,(후식) 물냉면
2023-09-17,3,9,Autumn,1,0,1,담하,(후식) 물냉면
2023-09-18,0,9,Autumn,0,0,0,담하,(후식) 물냉면
2023-09-19,0,9,Autumn,0,0,0,담하,(후식) 물냉면
2023-09-20,0,9,Autumn,0,0,0,담하,(후식) 물냉면
2023-09-21,0,9,Autumn,0,0,0,담하,(후식) 물냉면
2023-09-22,3,9,Autumn,0,0,0,담하,(후식) 물냉면
2023-09-23,0,9,Autumn,1,0,1,담하,(후식) 물냉면
2023-09-24,0,9,Autumn,1,0,1,담하,(후식) 물냉면
2023-09-25,0,9,Autumn,0,0,0,담하,(후식) 물냉면
2023-09-26,0,9,Autumn,0,0,0,담하,(후식) 물냉면
2023-09-27,3,9,Autumn,0,0,0,담하,(후식) 물냉면
2023-09-28,5,9,Autumn,0,1,1,담하,(후식) 물냉면
2023-09-29,5,9,Autumn,0,1,1,담하,(후식) 물냉면
2023-09-30,3,9,Autumn,1,1,1,담하,(후식) 물냉면
2023-10-01,0,10,Autumn,1,0,1,담하,(후식) 물냉면
2023-10-02,2,10,Autumn,0,1,1,담하,(후식) 물냉면
2023-10-03,3,10,Autumn,0,1,1,담하,(후식) 물냉면
2023-10-04,1,10,Autumn,0,0,0,담하,(후식) 물냉면
2023-10-05,0,10,Autumn,0,0,0,담하,(후식) 물냉면
2023-10-06,2,10,Autumn,0,0,0,담하,(후식) 물냉면
2023-10-07,1,10,Autumn,1,0,1,담하,(후식) 물냉면
2023-10-08,8,10,Autumn,1,0,1,담하,(후식) 물냉면
2023-10-09,3,10,Autumn,0,1,1,담하,(후식) 물냉면
2023-10-10,0,10,Autumn,0,0,0,담하,(후식) 물냉면
2023-10-11,0,10,Autumn,0,0,0,담하,(후식) 물냉면
2023-10-12,1,10,Autumn,0,0,0,담하,(후식) 물냉면
2023-10-13,1,10,Autumn,0,0,0,담하,(후식) 물냉면
2023-10-14,8,10,Autumn,1,0,1,담하,(후식) 물냉면
2023-10-15,1,10,Autumn,1,0,1,담하,(후식) 물냉면
2023-10-16,1,10,Autumn,0,0,0,담하,(후식) 물냉면
2023-10-17,1,10,Autumn,0,0,0,담하,(후식) 물냉면
2023-10-18,5,10,Autumn,0,0,0,담하,(후식) 물냉면
2023-10-19,0,10,Autumn,0,0,0,담하,(후식) 물냉면
2023-10-20,0,10,Autumn,0,0,0,담하,(후식) 물냉면
2023-10-21,5,10,Autumn,1,0,1,담하,(후식) 물냉면
2023-10-22,2,10,Autumn,1,0,1,담하,(후식) 물냉면
2023-10-23,1,10,Autumn,0,0,0,담하,(후식) 물냉면
2023-10-24,1,10,Autumn,0,0,0,담하,(후식) 물냉면
2023-10-25,0,10,Autumn,0,0,0,담하,(후식) 물냉면
2023-10-26,3,10,Autumn,0,0,0,담하,(후식) 물냉면
2023-10-27,1,10,Autumn,0,0,0,담하,(후식) 물냉면
2023-10-28,5,10,Autumn,1,0,1,담하,(후식) 물냉면
2023-10-29,1,10,Autumn,1,0,1,담하,(후식) 물냉면
2023-10-30,3,10,Autumn,0,0,0,담하,(후식) 물냉면
2023-10-31,1,10,Autumn,0,0,0,담하,(후식) 물냉면
2023-11-01,1,11,Autumn,0,0,0,담하,(후식) 물냉면
2023-11-02,1,11,Autumn,0,0,0,담하,(후식) 물냉면
2023-11-03,2,11,Autumn,0,0,0,담하,(후식) 물냉면
2023-11-04,3,11,Autumn,1,0,1,담하,(후식) 물냉면
2023-11-05,9,11,Autumn,1,0,1,담하,(후식) 물냉면
2023-11-06,0,11,Autumn,0,0,0,담하,(후식) 물냉면
2023-11-07,1,11,Autumn,0,0,0,담하,(후식) 물냉면
2023-11-08,3,11,Autumn,0,0,0,담하,(후식) 물냉면
2023-11-09,1,11,Autumn,0,0,0,담하,(후식) 물냉면
2023-11-10,3,11,Autumn,0,0,0,담하,(후식) 물냉면
2023-11-11,7,11,Autumn,1,0,1,담하,(후식) 물냉면
2023-11-12,1,11,Autumn,1,0,1,담하,(후식) 물냉면
2023-11-13,1,11,Autumn,0,0,0,담하,(후식) 물냉면
2023-11-14,0,11,Autumn,0,0,0,담하,(후식) 물냉면
2023-11-15,2,11,Autumn,0,0,0,담하,(후식) 물냉면
2023-11-16,1,11,Autumn,0,0,0,담하,(후식) 물냉면
2023-11-17,2,11,Autumn,0,0,0,담하,(후식) 물냉면
2023-11-18,3,11,Autumn,1,0,1,담하,(후식) 물냉면
2023-11-19,5,11,Autumn,1,0,1,담하,(후식) 물냉면
2023-11-20,0,11,Autumn,0,0,0,담하,(후식) 물냉면
2023-11-21,0,11,Autumn,0,0,0,담하,(후식) 물냉면
2023-11-22,0,11,Autumn,0,0,0,담하,(후식) 물냉면
2023-11-23,0,11,Autumn,0,0,0,담하,(후식) 물냉면
2023-11-24,1,11,Autumn,0,0,0,담하,(후식) 물냉면
2023-11-25,7,11,Autumn,1,0,1,담하,(후식) 물냉면
2023-11-26,0,11,Autumn,1,0,1,담하,(후식) 물냉면
2023-11-27,1,11,Autumn,0,0,0,담하,(후식) 물냉면
2023-11-28,0,11,Autumn,0,0,0,담하,(후식) 물냉면
2023-11-29,0,11,Autumn,0,0,0,담하,(후식) 물냉면
2023-11-30,0,11,Autumn,0,0,0,담하,(후식) 물냉면
2023-12-01,3,12,Winter,0,0,0,담하,(후식) 물냉면
2023-12-02,0,12,Winter,1,0,1,담하,(후식) 물냉면
2023-12-03,1,12,Winter,1,0,1,담하,(후식) 물냉면
2023-12-04,0,12,Winter,0,0,0,담하,(후식) 물냉면
2023-12-05,0,12,Winter,0,0,0,담하,(후식) 물냉면
2023-12-06,0,12,Winter,0,0,0,담하,(후식) 물냉면
2023-12-07,0,12,Winter,0,0,0,담하,(후식) 물냉면
2023-12-08,1,12,Winter,0,0,0,담하,(후식) 물냉면
2023-12-09,2,12,Winter,1,0,1,담하,(후식) 물냉면
2023-12-10,0,12,Winter,1,0,1,담하,(후식) 물냉면
2023-12-11,0,12,Winter,0,0,0,담하,(후식) 물냉면
2023-12-12,0,12,Winter,0,0,0,담하,(후식) 물냉면
2023-12-13,1,12,Winter,0,0,0,담하,(후식) 물냉면
2023-12-14,3,12,Winter,0,0,0,담하,(후식) 물냉면
2023-12-15,0,12,Winter,0,0,0,담하,(후식) 물냉면
2023-12-16,4,12,Winter,1,0,1,담하,(후식) 물냉면
2023-12-17,1,12,Winter,1,0,1,담하,(후식) 물냉면
2023-12-18,3,12,Winter,0,0,0,담하,(후식) 물냉면
2023-12-19,4,12,Winter,0,0,0,담하,(후식) 물냉면
2023-12-20,1,12,Winter,0,0,0,담하,(후식) 물냉면
2023-12-21,2,12,Winter,0,0,0,담하,(후식) 물냉면
2023-12-22,1,12,Winter,0,0,0,담하,(후식) 물냉면
2023-12-23,6,12,Winter,1,0,1,담하,(후식) 물냉면
2023-12-24,0,12,Winter,1,0,1,담하,(후식) 물냉면
2023-12-25,0,12,Winter,0,1,1,담하,(후식) 물냉면
2023-12-26,2,12,Winter,0,0,0,담하,(후식) 물냉면
2023-12-27,3,12,Winter,0,0,0,담하,(후식) 물냉면
2023-12-28,1,12,Winter,0,0,0,담하,(후식) 물냉면
2023-12-29,6,12,Winter,0,0,0,담하,(후식) 물냉면
2023-12-30,3,12,Winter,1,0,1,담하,(후식) 물냉면
2023-12-31,7,12,Winter,1,0,1,담하,(후식) 물냉면
2024-01-01,2,1,Winter,0,1,1,담하,(후식) 물냉면
2024-01-02,0,1,Winter,0,0,0,담하,(후식) 물냉면
2024-01-03,5,1,Winter,0,0,0,담하,(후식) 물냉면
2024-01-04,2,1,Winter,0,0,0,담하,(후식) 물냉면
2024-01-05,1,1,Winter,0,0,0,담하,(후식) 물냉면
2024-01-06,2,1,Winter,1,0,1,담하,(후식) 물냉면
2024-01-07,1,1,Winter,1,0,1,담하,(후식) 물냉면
2024-01-08,1,1,Winter,0,0,0,담하,(후식) 물냉면
2024-01-09,4,1,Winter,0,0,0,담하,(후식) 물냉면
2024-01-10,0,1,Winter,0,0,0,담하,(후식) 물냉면
2024-01-11,0,1,Winter,0,0,0,담하,(후식) 물냉면
2024-01-12,11,1,Winter,0,0,0,담하,(후식) 물냉면
2024-01-13,1,1,Winter,1,0,1,담하,(후식) 물냉면
2024-01-14,2,1,Winter,1,0,1,담하,(후식) 물냉면
2024-01-15,4,1,Winter,0,0,0,담하,(후식) 물냉면
2024-01-16,3,1,Winter,0,0,0,담하,(후식) 물냉면
2024-01-17,2,1,Winter,0,0,0,담하,(후식) 물냉면
2024-01-18,0,1,Winter,0,0,0,담하,(후식) 물냉면
2024-01-19,0,1,Winter,0,0,0,담하,(후식) 물냉면
2024-01-20,1,1,Winter,1,0,1,담하,(후식) 물냉면
2024-01-21,1,1,Winter,1,0,1,담하,(후식) 물냉면
2024-01-22,0,1,Winter,0,0,0,담하,(후식) 물냉면
2024-01-23,0,1,Winter,0,0,0,담하,(후식) 물냉면
2024-01-24,3,1,Winter,0,0,0,담하,(후식) 물냉면
2024-01-25,3,1,Winter,0,0,0,담하,(후식) 물냉면
2024-01-26,5,1,Winter,0,0,0,담하,(후식) 물냉면
2024-01-27,0,1,Winter,1,0,1,담하,(후식) 물냉면
2024-01-28,5,1,Winter,1,0,1,담하,(후식) 물냉면
2024-01-29,0,1,Winter,0,0,0,담하,(후식) 물냉면
2024-01-30,0,1,Winter,0,0,0,담하,(후식) 물냉면
2024-01-31,1,1,Winter,0,0,0,담하,(후식) 물냉면
2024-02-01,6,2,Winter,0,0,0,담하,(후식) 물냉면
2024-02-02,3,2,Winter,0,0,0,담하,(후식) 물냉면
2024-02-03,1,2,Winter,1,0,1,담하,(후식) 물냉면
2024-02-04,1,2,Winter,1,0,1,담하,(후식) 물냉면
2024-02-05,0,2,Winter,0,0,0,담하,(후식) 물냉면
2024-02-06,1,2,Winter,0,0,0,담하,(후식) 물냉면
2024-02-07,0,2,Winter,0,0,0,담하,(후식) 물냉면
2024-02-08,5,2,Winter,0,0,0,담하,(후식) 물냉면
2024-02-09,8,2,Winter,0,1,1,담하,(후식) 물냉면
2024-02-10,9,2,Winter,1,1,1,담하,(후식) 물냉면
2024-02-11,2,2,Winter,1,1,1,담하,(후식) 물냉면
2024-02-12,2,2,Winter,0,1,1,담하,(후식) 물냉면
2024-02-13,1,2,Winter,0,0,0,담하,(후식) 물냉면
2024-02-14,1,2,Winter,0,0,0,담하,(후식) 물냉면
2024-02-15,1,2,Winter,0,0,0,담하,(후식) 물냉면
2024-02-16,0,2,Winter,0,0,0,담하,(후식) 물냉면
2024-02-17,5,2,Winter,1,0,1,담하,(후식) 물냉면
2024-02-18,0,2,Winter,1,0,1,담하,(후식) 물냉면
2024-02-19,0,2,Winter,0,0,0,담하,(후식) 물냉면
2024-02-20,0,2,Winter,0,0,0,담하,(후식) 물냉면
2024-02-21,0,2,Winter,0,0,0,담하,(후식) 물냉면
2024-02-22,1,2,Winter,0,0,0,담하,(후식) 물냉면
2024-02-23,0,2,Winter,0,0,0,담하,(후식) 물냉면
2024-02-24,8,2,Winter,1,0,1,담하,(후식) 물냉면
2024-02-25,5,2,Winter,1,0,1,담하,(후식) 물냉면
2024-02-26,0,2,Winter,0,0,0,담하,(후식) 물냉면
2024-02-27,0,2,Winter,0,0,0,담하,(후식) 물냉면
2024-02-28,0,2,Winter,0,0,0,담하,(후식) 물냉면
2024-02-29,8,2,Winter,0,0,0,담하,(후식) 물냉면
2024-03-01,0,3,Spring,0,1,1,담하,(후식) 물냉면
2024-03-02,1,3,Spring,1,0,1,담하,(후식) 물냉면
2024-03-03,0,3,Spring,1,0,1,담하,(후식) 물냉면
2024-03-04,0,3,Spring,0,0,0,담하,(후식) 물냉면
2024-03-05,0,3,Spring,0,0,0,담하,(후식) 물냉면
2024-03-06,0,3,Spring,0,0,0,담하,(후식) 물냉면
2024-03-07,0,3,Spring,0,0,0,담하,(후식) 물냉면
2024-03-08,0,3,Spring,0,0,0,담하,(후식) 물냉면
2024-03-09,0,3,Spring,1,0,1,담하,(후식) 물냉면
2024-03-10,0,3,Spring,1,0,1,담하,(후식) 물냉면
2024-03-11,0,3,Spring,0,0,0,담하,(후식) 물냉면
2024-03-12,0,3,Spring,0,0,0,담하,(후식) 물냉면
2024-03-13,0,3,Spring,0,0,0,담하,(후식) 물냉면
2024-03-14,0,3,Spring,0,0,0,담하,(후식) 물냉면
2024-03-15,0,3,Spring,0,0,0,담하,(후식) 물냉면
2024-03-16,2,3,Spring,1,0,1,담하,(후식) 물냉면
2024-03-17,2,3,Spring,1,0,1,담하,(후식) 물냉면
2024-03-18,0,3,Spring,0,0,0,담하,(후식) 물냉면
2024-03-19,0,3,Spring,0,0,0,담하,(후식) 물냉면
2024-03-20,0,3,Spring,0,0,0,담하,(후식) 물냉면
2024-03-21,1,3,Spring,0,0,0,담하,(후식) 물냉면
2024-03-22,2,3,Spring,0,0,0,담하,(후식) 물냉면
2024-03-23,0,3,Spring,1,0,1,담하,(후식) 물냉면
2024-03-24,2,3,Spring,1,0,1,담하,(후식) 물냉면
2024-03-25,0,3,Spring,0,0,0,담하,(후식) 물냉면
2024-03-26,0,3,Spring,0,0,0,담하,(후식) 물냉면
2024-03-27,0,3,Spring,0,0,0,담하,(후식) 물냉면
2024-03-28,0,3,Spring,0,0,0,담하,(후식) 물냉면
2024-03-29,4,3,Spring,0,0,0,담하,(후식) 물냉면
2024-03-30,2,3,Spring,1,0,1,담하,(후식) 물냉면
2024-03-31,0,3,Spring,1,0,1,담하,(후식) 물냉면
2024-04-01,1,4,Spring,0,0,0,담하,(후식) 물냉면
2024-04-02,1,4,Spring,0,0,0,담하,(후식) 물냉면
2024-04-03,0,4,Spring,0,0,0,담하,(후식) 물냉면
2024-04-04,1,4,Spring,0,0,0,담하,(후식) 물냉면
2024-04-05,3,4,Spring,0,0,0,담하,(후식) 물냉면
2024-04-06,2,4,Spring,1,0,1,담하,(후식) 물냉면
2024-04-07,2,4,Spring,1,0,1,담하,(후식) 물냉면
2024-04-08,0,4,Spring,0,0,0,담하,(후식) 물냉면
2024-04-09,0,4,Spring,0,0,0,담하,(후식) 물냉면
2024-04-10,1,4,Spring,0,1,1,담하,(후식) 물냉면
2024-04-11,1,4,Spring,0,0,0,담하,(후식) 물냉면
2024-04-12,2,4,Spring,0,0,0,담하,(후식) 물냉면
2024-04-13,17,4,Spring,1,0,1,담하,(후식) 물냉면
2024-04-14,6,4,Spring,1,0,1,담하,(후식) 물냉면
2024-04-15,0,4,Spring,0,0,0,담하,(후식) 물냉면
2024-04-16,3,4,Spring,0,0,0,담하,(후식) 물냉면
2024-04-17,0,4,Spring,0,0,0,담하,(후식) 물냉면
2024-04-18,3,4,Spring,0,0,0,담하,(후식) 물냉면
2024-04-19,0,4,Spring,0,0,0,담하,(후식) 물냉면
2024-04-20,4,4,Spring,1,0,1,담하,(후식) 물냉면
2024-04-21,0,4,Spring,1,0,1,담하,(후식) 물냉면
2024-04-22,2,4,Spring,0,0,0,담하,(후식) 물냉면
2024-04-23,0,4,Spring,0,0,0,담하,(후식) 물냉면
2024-04-24,0,4,Spring,0,0,0,담하,(후식) 물냉면
2024-04-25,0,4,Spring,0,0,0,담하,(후식) 물냉면
2024-04-26,0,4,Spring,0,0,0,담하,(후식) 물냉면
2024-04-27,7,4,Spring,1,0,1,담하,(후식) 물냉면
2024-04-28,11,4,Spring,1,0,1,담하,(후식) 물냉면
2024-04-29,0,4,Spring,0,0,0,담하,(후식) 물냉면
2024-04-30,1,4,Spring,0,0,0,담하,(후식) 물냉면
2024-05-01,15,5,Spring,0,0,0,담하,(후식) 물냉면
2024-05-02,4,5,Spring,0,0,0,담하,(후식) 물냉면
2024-05-03,2,5,Spring,0,0,0,담하,(후식) 물냉면
2024-05-04,3,5,Spring,1,0,1,담하,(후식) 물냉면
2024-05-05,6,5,Spring,1,1,1,담하,(후식) 물냉면
2024-05-06,0,5,Spring,0,1,1,담하,(후식) 물냉면
2024-05-07,0,5,Spring,0,0,0,담하,(후식) 물냉면
2024-05-08,2,5,Spring,0,0,0,담하,(후식) 물냉면
2024-05-09,0,5,Spring,0,0,0,담하,(후식) 물냉면
2024-05-10,1,5,Spring,0,0,0,담하,(후식) 물냉면
2024-05-11,2,5,Spring,1,0,1,담하,(후식) 물냉면
2024-05-12,2,5,Spring,1,0,1,담하,(후식) 물냉면
2024-05-13,0,5,Spring,0,0,0,담하,(후식) 물냉면
2024-05-14,2,5,Spring,0,0,0,담하,(후식) 물냉면
2024-05-15,0,5,Spring,0,1,1,담하,(후식) 물냉면
2024-05-16,1,5,Spring,0,0,0,담하,(후식) 물냉면
2024-05-17,1,5,Spring,0,0,0,담하,(후식) 물냉면
2024-05-18,1,5,Spring,1,0,1,담하,(후식) 물냉면
2024-05-19,4,5,Spring,1,0,1,담하,(후식) 물냉면
2024-05-20,2,5,Spring,0,0,0,담하,(후식) 물냉면
2024-05-21,0,5,Spring,0,0,0,담하,(후식) 물냉면
2024-05-22,0,5,Spring,0,0,0,담하,(후식) 물냉면
2024-05-23,52,5,Spring,0,0,0,담하,(후식) 물냉면
2024-05-24,3,5,Spring,0,0,0,담하,(후식) 물냉면
2024-05-25,4,5,Spring,1,0,1,담하,(후식) 물냉면
2024-05-26,1,5,Spring,1,0,1,담하,(후식) 물냉면
2024-05-27,0,5,Spring,0,0,0,담하,(후식) 물냉면
2024-05-28,0,5,Spring,0,0,0,담하,(후식) 물냉면
2024-05-29,0,5,Spring,0,0,0,담하,(후식) 물냉면
2024-05-30,0,5,Spring,0,0,0,담하,(후식) 물냉면
2024-05-31,0,5,Spring,0,0,0,담하,(후식) 물냉면
2024-06-01,3,6,Summer,1,0,1,담하,(후식) 물냉면
2024-06-02,0,6,Summer,1,0,1,담하,(후식) 물냉면
2024-06-03,1,6,Summer,0,0,0,담하,(후식) 물냉면
2024-06-04,2,6,Summer,0,0,0,담하,(후식) 물냉면
2024-06-05,4,6,Summer,0,0,0,담하,(후식) 물냉면
2024-06-06,10,6,Summer,0,1,1,담하,(후식) 물냉면
2024-06-07,3,6,Summer,0,0,0,담하,(후식) 물냉면
2024-06-08,1,6,Summer,1,0,1,담하,(후식) 물냉면
2024-06-09,0,6,Summer,1,0,1,담하,(후식) 물냉면
2024-06-10,6,6,Summer,0,0,0,담하,(후식) 물냉면
2024-06-11,0,6,Summer,0,0,0,담하,(후식) 물냉면
2024-06-12,2,6,Summer,0,0,0,담하,(후식) 물냉면
2024-06-13,1,6,Summer,0,0,0,담하,(후식) 물냉면
2024-06-14,1,6,Summer,0,0,0,담하,(후식) 물냉면
2024-06-15,5,6,Summer,1,0,1,담하,(후식) 물냉면
2023-01-01,0,1,Winter,1,1,1,담하,(후식) 비빔냉면
2023-01-02,0,1,Winter,0,0,0,담하,(후식) 비빔냉면
2023-01-03,0,1,Winter,0,0,0,담하,(후식) 비빔냉면
2023-01-04,0,1,Winter,0,0,0,담하,(후식) 비빔냉면
2023-01-05,0,1,Winter,0,0,0,담하,(후식) 비빔냉면
2023-01-06,0,1,Winter,0,0,0,담하,(후식) 비빔냉면
2023-01-07,0,1,Winter,1,0,1,담하,(후식) 비빔냉면
2023-01-08,0,1,Winter,1,0,1,담하,(후식) 비빔냉면
2023-01-09,0,1,Winter,0,0,0,담하,(후식) 비빔냉면
2023-01-10,0,1,Winter,0,0,0,담하,(후식) 비빔냉면
2023-01-11,0,1,Winter,0,0,0,담하,(후식) 비빔냉면
2023-01-12,0,1,Winter,0,0,0,담하,(후식) 비빔냉면
2023-01-13,0,1,Winter,0,0,0,담하,(후식) 비빔냉면
2023-01-14,0,1,Winter,1,0,1,담하,(후식) 비빔냉면
2023-01-15,0,1,Winter,1,0,1,담하,(후식) 비빔냉면
2023-01-16,0,1,Winter,0,0,0,담하,(후식) 비빔냉면
2023-01-17,0,1,Winter,0,0,0,담하,(후식) 비빔냉면
2023-01-18,0,1,Winter,0,0,0,담하,(후식) 비빔냉면
2023-01-19,0,1,Winter,0,0,0,담하,(후식) 비빔냉면
2023-01-20,0,1,Winter,0,0,0,담하,(후식) 비빔냉면
2023-01-21,0,1,Winter,1,1,1,담하,(후식) 비빔냉면
2023-01-22,0,1,Winter,1,1,1,담하,(후식) 비빔냉면
2023-01-23,0,1,Winter,0,1,1,담하,(후식) 비빔냉면
2023-01-24,0,1,Winter,0,1,1,담하,(후식) 비빔냉면
2023-01-25,0,1,Winter,0,0,0,담하,(후식) 비빔냉면
2023-01-26,0,1,Winter,0,0,0,담하,(후식) 비빔냉면
2023-01-27,0,1,Winter,0,0,0,담하,(후식) 비빔냉면
2023-01-28,0,1,Winter,1,0,1,담하,(후식) 비빔냉면
2023-01-29,0,1,Winter,1,0,1,담하,(후식) 비빔냉면
2023-01-30,0,1,Winter,0,0,0,담하,(후식) 비빔냉면
2023-01-31,0,1,Winter,0,0,0,담하,(후식) 비빔냉면
2023-02-01,0,2,Winter,0,0,0,담하,(후식) 비빔냉면
2023-02-02,0,2,Winter,0,0,0,담하,(후식) 비빔냉면
2023-02-03,0,2,Winter,0,0,0,담하,(후식) 비빔냉면
2023-02-04,0,2,Winter,1,0,1,담하,(후식) 비빔냉면
2023-02-05,0,2,Winter,1,0,1,담하,(후식) 비빔냉면
2023-02-06,0,2,Winter,0,0,0,담하,(후식) 비빔냉면
2023-02-07,0,2,Winter,0,0,0,담하,(후식) 비빔냉면
2023-02-08,0,2,Winter,0,0,0,담하,(후식) 비빔냉면
2023-02-09,0,2,Winter,0,0,0,담하,(후식) 비빔냉면
2023-02-10,0,2,Winter,0,0,0,담하,(후식) 비빔냉면
2023-02-11,0,2,Winter,1,0,1,담하,(후식) 비빔냉면
2023-02-12,0,2,Winter,1,0,1,담하,(후식) 비빔냉면
2023-02-13,0,2,Winter,0,0,0,담하,(후식) 비빔냉면
2023-02-14,0,2,Winter,0,0,0,담하,(후식) 비빔냉면
2023-02-15,0,2,Winter,0,0,0,담하,(후식) 비빔냉면
2023-02-16,0,2,Winter,0,0,0,담하,(후식) 비빔냉면
2023-02-17,0,2,Winter,0,0,0,담하,(후식) 비빔냉면
2023-02-18,0,2,Winter,1,0,1,담하,(후식) 비빔냉면
2023-02-19,0,2,Winter,1,0,1,담하,(후식) 비빔냉면
2023-02-20,0,2,Winter,0,0,0,담하,(후식) 비빔냉면
2023-02-21,0,2,Winter,0,0,0,담하,(후식) 비빔냉면
2023-02-22,0,2,Winter,0,0,0,담하,(후식) 비빔냉면
2023-02-23,0,2,Winter,0,0,0,담하,(후식) 비빔냉면
2023-02-24,0,2,Winter,0,0,0,담하,(후식) 비빔냉면
2023-02-25,0,2,Winter,1,0,1,담하,(후식) 비빔냉면
2023-02-26,0,2,Winter,1,0,1,담하,(후식) 비빔냉면
2023-02-27,0,2,Winter,0,0,0,담하,(후식) 비빔냉면
2023-02-28,0,2,Winter,0,0,0,담하,(후식) 비빔냉면
2023-03-01,0,3,Spring,0,1,1,담하,(후식) 비빔냉면
2023-03-02,0,3,Spring,0,0,0,담하,(후식) 비빔냉면
2023-03-03,0,3,Spring,0,0,0,담하,(후식) 비빔냉면
2023-03-04,0,3,Spring,1,0,1,담하,(후식) 비빔냉면
2023-03-05,0,3,Spring,1,0,1,담하,(후식) 비빔냉면
2023-03-06,0,3,Spring,0,0,0,담하,(후식) 비빔냉면
2023-03-07,0,3,Spring,0,0,0,담하,(후식) 비빔냉면
2023-03-08,0,3,Spring,0,0,0,담하,(후식) 비빔냉면
2023-03-09,0,3,Spring,0,0,0,담하,(후식) 비빔냉면
2023-03-10,0,3,Spring,0,0,0,담하,(후식) 비빔냉면
2023-03-11,0,3,Spring,1,0,1,담하,(후식) 비빔냉면
2023-03-12,0,3,Spring,1,0,1,담하,(후식) 비빔냉면
2023-03-13,0,3,Spring,0,0,0,담하,(후식) 비빔냉면
2023-03-14,0,3,Spring,0,0,0,담하,(후식) 비빔냉면
2023-03-15,0,3,Spring,0,0,0,담하,(후식) 비빔냉면
2023-03-16,0,3,Spring,0,0,0,담하,(후식) 비빔냉면
2023-03-17,0,3,Spring,0,0,0,담하,(후식) 비빔냉면
2023-03-18,0,3,Spring,1,0,1,담하,(후식) 비빔냉면
2023-03-19,0,3,Spring,1,0,1,담하,(후식) 비빔냉면
2023-03-20,0,3,Spring,0,0,0,담하,(후식) 비빔냉면
2023-03-21,0,3,Spring,0,0,0,담하,(후식) 비빔냉면
2023-03-22,0,3,Spring,0,0,0,담하,(후식) 비빔냉면
2023-03-23,0,3,Spring,0,0,0,담하,(후식) 비빔냉면
2023-03-24,0,3,Spring,0,0,0,담하,(후식) 비빔냉면
2023-03-25,0,3,Spring,1,0,1,담하,(후식) 비빔냉면
2023-03-26,0,3,Spring,1,0,1,담하,(후식) 비빔냉면
2023-03-27,0,3,Spring,0,0,0,담하,(후식) 비빔냉면
2023-03-28,0,3,Spring,0,0,0,담하,(후식) 비빔냉면
2023-03-29,0,3,Spring,0,0,0,담하,(후식) 비빔냉면
2023-03-30,0,3,Spring,0,0,0,담하,(후식) 비빔냉면
2023-03-31,0,3,Spring,0,0,0,담하,(후식) 비빔냉면
2023-04-01,0,4,Spring,1,0,1,담하,(후식) 비빔냉면
2023-04-02,0,4,Spring,1,0,1,담하,(후식) 비빔냉면
2023-04-03,0,4,Spring,0,0,0,담하,(후식) 비빔냉면
2023-04-04,0,4,Spring,0,0,0,담하,(후식) 비빔냉면
2023-04-05,0,4,Spring,0,0,0,담하,(후식) 비빔냉면
2023-04-06,0,4,Spring,0,0,0,담하,(후식) 비빔냉면
2023-04-07,0,4,Spring,0,0,0,담하,(후식) 비빔냉면
2023-04-08,0,4,Spring,1,0,1,담하,(후식) 비빔냉면
2023-04-09,0,4,Spring,1,0,1,담하,(후식) 비빔냉면
2023-04-10,0,4,Spring,0,0,0,담하,(후식) 비빔냉면
2023-04-11,0,4,Spring,0,0,0,담하,(후식) 비빔냉면
2023-04-12,0,4,Spring,0,0,0,담하,(후식) 비빔냉면
2023-04-13,0,4,Spring,0,0,0,담하,(후식) 비빔냉면
2023-04-14,0,4,Spring,0,0,0,담하,(후식) 비빔냉면
2023-04-15,0,4,Spring,1,0,1,담하,(후식) 비빔냉면
2023-04-16,0,4,Spring,1,0,1,담하,(후식) 비빔냉면
2023-04-17,0,4,Spring,0,0,0,담하,(후식) 비빔냉면
2023-04-18,0,4,Spring,0,0,0,담하,(후식) 비빔냉면
2023-04-19,0,4,Spring,0,0,0,담하,(후식) 비빔냉면
2023-04-20,0,4,Spring,0,0,0,담하,(후식) 비빔냉면
2023-04-21,0,4,Spring,0,0,0,담하,(후식) 비빔냉면
2023-04-22,0,4,Spring,1,0,1,담하,(후식) 비빔냉면
2023-04-23,0,4,Spring,1,0,1,담하,(후식) 비빔냉면
2023-04-24,0,4,Spring,0,0,0,담하,(후식) 비빔냉면
2023-04-25,0,4,Spring,0,0,0,담하,(후식) 비빔냉면
2023-04-26,0,4,Spring,0,0,0,담하,(후식) 비빔냉면
2023-04-27,0,4,Spring,0,0,0,담하,(후식) 비빔냉면
2023-04-28,0,4,Spring,0,0,0,담하,(후식) 비빔냉면
2023-04-29,0,4,Spring,1,0,1,담하,(후식) 비빔냉면
2023-04-30,0,4,Spring,1,0,1,담하,(후식) 비빔냉면
2023-05-01,0,5,Spring,0,0,0,담하,(후식) 비빔냉면
2023-05-02,0,5,Spring,0,0,0,담하,(후식) 비빔냉면
2023-05-03,0,5,Spring,0,0,0,담하,(후식) 비빔냉면
2023-05-04,0,5,Spring,0,0,0,담하,(후식) 비빔냉면
2023-05-05,0,5,Spring,0,1,1,담하,(후식) 비빔냉면
2023-05-06,0,5,Spring,1,0,1,담하,(후식) 비빔냉면
2023-05-07,0,5,Spring,1,0,1,담하,(후식) 비빔냉면
2023-05-08,0,5,Spring,0,0,0,담하,(후식) 비빔냉면
2023-05-09,0,5,Spring,0,0,0,담하,(후식) 비빔냉면
2023-05-10,0,5,Spring,0,0,0,담하,(후식) 비빔냉면
2023-05-11,0,5,Spring,0,0,0,담하,(후식) 비빔냉면
2023-05-12,0,5,Spring,0,0,0,담하,(후식) 비빔냉면
2023-05-13,0,5,Spring,1,0,1,담하,(후식) 비빔냉면
2023-05-14,0,5,Spring,1,0,1,담하,(후식) 비빔냉면
2023-05-15,0,5,Spring,0,0,0,담하,(후식) 비빔냉면
2023-05-16,0,5,Spring,0,0,0,담하,(후식) 비빔냉면
2023-05-17,0,5,Spring,0,0,0,담하,(후식) 비빔냉면
2023-05-18,0,5,Spring,0,0,0,담하,(후식) 비빔냉면
2023-05-19,0,5,Spring,0,0,0,담하,(후식) 비빔냉면
2023-05-20,0,5,Spring,1,0,1,담하,(후식) 비빔냉면
2023-05-21,0,5,Spring,1,0,1,담하,(후식) 비빔냉면
2023-05-22,0,5,Spring,0,0,0,담하,(후식) 비빔냉면
2023-05-23,0,5,Spring,0,0,0,담하,(후식) 비빔냉면
2023-05-24,0,5,Spring,0,0,0,담하,(후식) 비빔냉면
2023-05-25,0,5,Spring,0,0,0,담하,(후식) 비빔냉면
2023-05-26,0,5,Spring,0,0,0,담하,(후식) 비빔냉면
2023-05-27,0,5,Spring,1,1,1,담하,(후식) 비빔냉면
2023-05-28,0,5,Spring,1,0,1,담하,(후식) 비빔냉면
2023-05-29,0,5,Spring,0,1,1,담하,(후식) 비빔냉면
2023-05-30,0,5,Spring,0,0,0,담하,(후식) 비빔냉면
2023-05-31,0,5,Spring,0,0,0,담하,(후식) 비빔냉면
2023-06-01,0,6,Summer,0,0,0,담하,(후식) 비빔냉면
2023-06-02,1,6,Summer,0,0,0,담하,(후식) 비빔냉면
2023-06-03,5,6,Summer,1,0,1,담하,(후식) 비빔냉면
2023-06-04,5,6,Summer,1,0,1,담하,(후식) 비빔냉면
2023-06-05,4,6,Summer,0,0,0,담하,(후식) 비빔냉면
2023-06-06,1,6,Summer,0,1,1,담하,(후식) 비빔냉면
2023-06-07,0,6,Summer,0,0,0,담하,(후식) 비빔냉면
2023-06-08,1,6,Summer,0,0,0,담하,(후식) 비빔냉면
2023-06-09,2,6,Summer,0,0,0,담하,(후식) 비빔냉면
2023-06-10,4,6,Summer,1,0,1,담하,(후식) 비빔냉면
2023-06-11,0,6,Summer,1,0,1,담하,(후식) 비빔냉면
2023-06-12,2,6,Summer,0,0,0,담하,(후식) 비빔냉면
2023-06-13,0,6,Summer,0,0,0,담하,(후식) 비빔냉면
2023-06-14,0,6,Summer,0,0,0,담하,(후식) 비빔냉면
2023-06-15,0,6,Summer,0,0,0,담하,(후식) 비빔냉면
2023-06-16,2,6,Summer,0,0,0,담하,(후식) 비빔냉면
2023-06-17,2,6,Summer,1,0,1,담하,(후식) 비빔냉면
2023-06-18,0,6,Summer,1,0,1,담하,(후식) 비빔냉면
2023-06-19,0,6,Summer,0,0,0,담하,(후식) 비빔냉면
2023-06-20,0,6,Summer,0,0,0,담하,(후식) 비빔냉면
2023-06-21,0,6,Summer,0,0,0,담하,(후식) 비빔냉면
2023-06-22,0,6,Summer,0,0,0,담하,(후식) 비빔냉면
2023-06-23,0,6,Summer,0,0,0,담하,(후식) 비빔냉면
2023-06-24,0,6,Summer,1,0,1,담하,(후식) 비빔냉면
2023-06-25,2,6,Summer,1,0,1,담하,(후식) 비빔냉면
2023-06-26,8,6,Summer,0,0,0,담하,(후식) 비빔냉면
2023-06-27,0,6,Summer,0,0,0,담하,(후식) 비빔냉면
2023-06-28,1,6,Summer,0,0,0,담하,(후식) 비빔냉면
2023-06-29,0,6,Summer,0,0,0,담하,(후식) 비빔냉면
2023-06-30,1,6,Summer,0,0,0,담하,(후식) 비빔냉면
2023-07-01,5,7,Summer,1,0,1,담하,(후식) 비빔냉면
2023-07-02,0,7,Summer,1,0,1,담하,(후식) 비빔냉면
2023-07-03,0,7,Summer,0,0,0,담하,(후식) 비빔냉면
2023-07-04,1,7,Summer,0,0,0,담하,(후식) 비빔냉면
2023-07-05,0,7,Summer,0,0,0,담하,(후식) 비빔냉면
2023-07-06,1,7,Summer,0,0,0,담하,(후식) 비빔냉면
2023-07-07,1,7,Summer,0,0,0,담하,(후식) 비빔냉면
2023-07-08,1,7,Summer,1,0,1,담하,(후식) 비빔냉면
2023-07-09,0,7,Summer,1,0,1,담하,(후식) 비빔냉면
2023-07-10,1,7,Summer,0,0,0,담하,(후식) 비빔냉면
2023-07-11,0,7,Summer,0,0,0,담하,(후식) 비빔냉면
2023-07-12,1,7,Summer,0,0,0,담하,(후식) 비빔냉면
2023-07-13,1,7,Summer,0,0,0,담하,(후식) 비빔냉면
2023-07-14,3,7,Summer,0,0,0,담하,(후식) 비빔냉면
2023-07-15,4,7,Summer,1,0,1,담하,(후식) 비빔냉면
2023-07-16,1,7,Summer,1,0,1,담하,(후식) 비빔냉면
2023-07-17,0,7,Summer,0,0,0,담하,(후식) 비빔냉면
2023-07-18,0,7,Summer,0,0,0,담하,(후식) 비빔냉면
2023-07-19,2,7,Summer,0,0,0,담하,(후식) 비빔냉면
2023-07-20,2,7,Summer,0,0,0,담하,(후식) 비빔냉면
2023-07-21,2,7,Summer,0,0,0,담하,(후식) 비빔냉면
2023-07-22,0,7,Summer,1,0,1,담하,(후식) 비빔냉면
2023-07-23,1,7,Summer,1,0,1,담하,(후식) 비빔냉면
2023-07-24,3,7,Summer,0,0,0,담하,(후식) 비빔냉면
2023-07-25,2,7,Summer,0,0,0,담하,(후식) 비빔냉면
2023-07-26,3,7,Summer,0,0,0,담하,(후식) 비빔냉면
2023-07-27,1,7,Summer,0,0,0,담하,(후식) 비빔냉면
2023-07-28,5,7,Summer,0,0,0,담하,(후식) 비빔냉면
2023-07-29,3,7,Summer,1,0,1,담하,(후식) 비빔냉면
2023-07-30,5,7,Summer,1,0,1,담하,(후식) 비빔냉면
2023-07-31,1,7,Summer,0,0,0,담하,(후식) 비빔냉면
2023-08-01,1,8,Summer,0,0,0,담하,(후식) 비빔냉면
2023-08-02,0,8,Summer,0,0,0,담하,(후식) 비빔냉면
2023-08-03,4,8,Summer,0,0,0,담하,(후식) 비빔냉면
2023-08-04,1,8,Summer,0,0,0,담하,(후식) 비빔냉면
2023-08-05,3,8,Summer,1,0,1,담하,(후식) 비빔냉면
2023-08-06,1,8,Summer,1,0,1,담하,(후식) 비빔냉면
2023-08-07,1,8,Summer,0,0,0,담하,(후식) 비빔냉면
2023-08-08,0,8,Summer,0,0,0,담하,(후식) 비빔냉면
2023-08-09,0,8,Summer,0,0,0,담하,(후식) 비빔냉면
2023-08-10,0,8,Summer,0,0,0,담하,(후식) 비빔냉면
2023-08-11,0,8,Summer,0,0,0,담하,(후식) 비빔냉면
2023-08-12,1,8,Summer,1,0,1,담하,(후식) 비빔냉면
2023-08-13,2,8,Summer,1,0,1,담하,(후식) 비빔냉면
2023-08-14,2,8,Summer,0,0,0,담하,(후식) 비빔냉면
2023-08-15,2,8,Summer,0,1,1,담하,(후식) 비빔냉면
2023-08-16,1,8,Summer,0,0,0,담하,(후식) 비빔냉면
2023-08-17,1,8,Summer,0,0,0,담하,(후식) 비빔냉면
2023-08-18,4,8,Summer,0,0,0,담하,(후식) 비빔냉면
2023-08-19,0,8,Summer,1,0,1,담하,(후식) 비빔냉면
2023-08-20,0,8,Summer,1,0,1,담하,(후식) 비빔냉면
2023-08-21,2,8,Summer,0,0,0,담하,(후식) 비빔냉면
2023-08-22,0,8,Summer,0,0,0,담하,(후식) 비빔냉면
2023-08-23,0,8,Summer,0,0,0,담하,(후식) 비빔냉면
2023-08-24,0,8,Summer,0,0,0,담하,(후식) 비빔냉면
2023-08-25,0,8,Summer,0,0,0,담하,(후식) 비빔냉면
2023-08-26,2,8,Summer,1,0,1,담하,(후식) 비빔냉면
2023-08-27,1,8,Summer,1,0,1,담하,(후식) 비빔냉면
2023-08-28,0,8,Summer,0,0,0,담하,(후식) 비빔냉면
2023-08-29,0,8,Summer,0,0,0,담하,(후식) 비빔냉면
2023-08-30,0,8,Summer,0,0,0,담하,(후식) 비빔냉면
2023-08-31,0,8,Summer,0,0,0,담하,(후식) 비빔냉면
2023-09-01,4,9,Autumn,0,0,0,담하,(후식) 비빔냉면
2023-09-02,1,9,Autumn,1,0,1,담하,(후식) 비빔냉면
2023-09-03,0,9,Autumn,1,0,1,담하,(후식) 비빔냉면
2023-09-04,0,9,Autumn,0,0,0,담하,(후식) 비빔냉면
2023-09-05,0,9,Autumn,0,0,0,담하,(후식) 비빔냉면
2023-09-06,0,9,Autumn,0,0,0,담하,(후식) 비빔냉면
2023-09-07,0,9,Autumn,0,0,0,담하,(후식) 비빔냉면
2023-09-08,0,9,Autumn,0,0,0,담하,(후식) 비빔냉면
2023-09-09,2,9,Autumn,1,0,1,담하,(후식) 비빔냉면
2023-09-10,1,9,Autumn,1,0,1,담하,(후식) 비빔냉면
2023-09-11,0,9,Autumn,0,0,0,담하,(후식) 비빔냉면
2023-09-12,0,9,Autumn,0,0,0,담하,(후식) 비빔냉면
2023-09-13,0,9,Autumn,0,0,0,담하,(후식) 비빔냉면
2023-09-14,0,9,Autumn,0,0,0,담하,(후식) 비빔냉면
2023-09-15,1,9,Autumn,0,0,0,담하,(후식) 비빔냉면
2023-09-16,2,9,Autumn,1,0,1,담하,(후식) 비빔냉면
2023-09-17,1,9,Autumn,1,0,1,담하,(후식) 비빔냉면
2023-09-18,0,9,Autumn,0,0,0,담하,(후식) 비빔냉면
2023-09-19,0,9,Autumn,0,0,0,담하,(후식) 비빔냉면
2023-09-20,0,9,Autumn,0,0,0,담하,(후식) 비빔냉면
2023-09-21,0,9,Autumn,0,0,0,담하,(후식) 비빔냉면
2023-09-22,3,9,Autumn,0,0,0,담하,(후식) 비빔냉면
2023-09-23,3,9,Autumn,1,0,1,담하,(후식) 비빔냉면
2023-09-24,0,9,Autumn,1,0,1,담하,(후식) 비빔냉면
2023-09-25,0,9,Autumn,0,0,0,담하,(후식) 비빔냉면
2023-09-26,0,9,Autumn,0,0,0,담하,(후식) 비빔냉면
2023-09-27,0,9,Autumn,0,0,0,담하,(후식) 비빔냉면
2023-09-28,3,9,Autumn,0,1,1,담하,(후식) 비빔냉면
2023-09-29,2,9,Autumn,0,1,1,담하,(후식) 비빔냉면
2023-09-30,4,9,Autumn,1,1,1,담하,(후식) 비빔냉면
2023-10-01,2,10,Autumn,1,0,1,담하,(후식) 비빔냉면
2023-10-02,5,10,Autumn,0,1,1,담하,(후식) 비빔냉면
2023-10-03,2,10,Autumn,0,1,1,담하,(후식) 비빔냉면
2023-10-04,1,10,Autumn,0,0,0,담하,(후식) 비빔냉면
2023-10-05,0,10,Autumn,0,0,0,담하,(후식) 비빔냉면
2023-10-06,2,10,Autumn,0,0,0,담하,(후식) 비빔냉면
2023-10-07,0,10,Autumn,1,0,1,담하,(후식) 비빔냉면
2023-10-08,5,10,Autumn,1,0,1,담하,(후식) 비빔냉면
2023-10-09,1,10,Autumn,0,1,1,담하,(후식) 비빔냉면
2023-10-10,0,10,Autumn,0,0,0,담하,(후식) 비빔냉면
2023-10-11,1,10,Autumn,0,0,0,담하,(후식) 비빔냉면
2023-10-12,0,10,Autumn,0,0,0,담하,(후식) 비빔냉면
2023-10-13,0,10,Autumn,0,0,0,담하,(후식) 비빔냉면
2023-10-14,6,10,Autumn,1,0,1,담하,(후식) 비빔냉면
2023-10-15,0,10,Autumn,1,0,1,담하,(후식) 비빔냉면
2023-10-16,3,10,Autumn,0,0,0,담하,(후식) 비빔냉면
2023-10-17,1,10,Autumn,0,0,0,담하,(후식) 비빔냉면
2023-10-18,2,10,Autumn,0,0,0,담하,(후식) 비빔냉면
2023-10-19,0,10,Autumn,0,0,0,담하,(후식) 비빔냉면
2023-10-20,0,10,Autumn,0,0,0,담하,(후식) 비빔냉면
2023-10-21,3,10,Autumn,1,0,1,담하,(후식) 비빔냉면
2023-10-22,1,10,Autumn,1,0,1,담하,(후식) 비빔냉면
2023-10-23,0,10,Autumn,0,0,0,담하,(후식) 비빔냉면
2023-10-24,1,10,Autumn,0,0,0,담하,(후식) 비빔냉면
2023-10-25,0,10,Autumn,0,0,0,담하,(후식) 비빔냉면
2023-10-26,1,10,Autumn,0,0,0,담하,(후식) 비빔냉면
2023-10-27,3,10,Autumn,0,0,0,담하,(후식) 비빔냉면
2023-10-28,1,10,Autumn,1,0,1,담하,(후식) 비빔냉면
2023-10-29,3,10,Autumn,1,0,1,담하,(후식) 비빔냉면
2023-10-30,1,10,Autumn,0,0,0,담하,(후식) 비빔냉면
2023-10-31,3,10,Autumn,0,0,0,담하,(후식) 비빔냉면
2023-11-01,2,11,Autumn,0,0,0,담하,(후식) 비빔냉면
2023-11-02,0,11,Autumn,0,0,0,담하,(후식) 비빔냉면
2023-11-03,2,11,Autumn,0,0,0,담하,(후식) 비빔냉면
2023-11-04,1,11,Autumn,1,0,1,담하,(후식) 비빔냉면
2023-11-05,2,11,Autumn,1,0,1,담하,(후식) 비빔냉면
2023-11-06,2,11,Autumn,0,0,0,담하,(후식) 비빔냉면
2023-11-07,4,11,Autumn,0,0,0,담하,(후식) 비빔냉면
2023-11-08,2,11,Autumn,0,0,0,담하,(후식) 비빔냉면
2023-11-09,0,11,Autumn,0,0,0,담하,(후식) 비빔냉면
2023-11-10,6,11,Autumn,0,0,0,담하,(후식) 비빔냉면
2023-11-11,3,11,Autumn,1,0,1,담하,(후식) 비빔냉면
2023-11-12,2,11,Autumn,1,0,1,담하,(후식) 비빔냉면
2023-11-13,2,11,Autumn,0,0,0,담하,(후식) 비빔냉면
2023-11-14,0,11,Autumn,0,0,0,담하,(후식) 비빔냉면
2023-11-15,1,11,Autumn,0,0,0,담하,(후식) 비빔냉면
2023-11-16,0,11,Autumn,0,0,0,담하,(후식) 비빔냉면
2023-11-17,0,11,Autumn,0,0,0,담하,(후식) 비빔냉면
2023-11-18,3,11,Autumn,1,0,1,담하,(후식) 비빔냉면
2023-11-19,0,11,Autumn,1,0,1,담하,(후식) 비빔냉면
2023-11-20,2,11,Autumn,0,0,0,담하,(후식) 비빔냉면
2023-11-21,0,11,Autumn,0,0,0,담하,(후식) 비빔냉면
2023-11-22,0,11,Autumn,0,0,0,담하,(후식) 비빔냉면
2023-11-23,0,11,Autumn,0,0,0,담하,(후식) 비빔냉면
2023-11-24,2,11,Autumn,0,0,0,담하,(후식) 비빔냉면
2023-11-25,7,11,Autumn,1,0,1,담하,(후식) 비빔냉면
2023-11-26,0,11,Autumn,1,0,1,담하,(후식) 비빔냉면
2023-11-27,0,11,Autumn,0,0,0,담하,(후식) 비빔냉면
2023-11-28,0,11,Autumn,0,0,0,담하,(후식) 비빔냉면
2023-11-29,0,11,Autumn,0,0,0,담하,(후식) 비빔냉면
2023-11-30,0,11,Autumn,0,0,0,담하,(후식) 비빔냉면
2023-12-01,3,12,Winter,0,0,0,담하,(후식) 비빔냉면
2023-12-02,1,12,Winter,1,0,1,담하,(후식) 비빔냉면
2023-12-03,0,12,Winter,1,0,1,담하,(후식) 비빔냉면
2023-12-04,0,12,Winter,0,0,0,담하,(후식) 비빔냉면
2023-12-05,0,12,Winter,0,0,0,담하,(후식) 비빔냉면
2023-12-06,1,12,Winter,0,0,0,담하,(후식) 비빔냉면
2023-12-07,1,12,Winter,0,0,0,담하,(후식) 비빔냉면
2023-12-08,0,12,Winter,0,0,0,담하,(후식) 비빔냉면
2023-12-09,0,12,Winter,1,0,1,담하,(후식) 비빔냉면
2023-12-10,0,12,Winter,1,0,1,담하,(후식) 비빔냉면
2023-12-11,0,12,Winter,0,0,0,담하,(후식) 비빔냉면
2023-12-12,0,12,Winter,0,0,0,담하,(후식) 비빔냉면
2023-12-13,1,12,Winter,0,0,0,담하,(후식) 비빔냉면
2023-12-14,0,12,Winter,0,0,0,담하,(후식) 비빔냉면
2023-12-15,1,12,Winter,0,0,0,담하,(후식) 비빔냉면
2023-12-16,3,12,Winter,1,0,1,담하,(후식) 비빔냉면
2023-12-17,0,12,Winter,1,0,1,담하,(후식) 비빔냉면
2023-12-18,1,12,Winter,0,0,0,담하,(후식) 비빔냉면
2023-12-19,2,12,Winter,0,0,0,담하,(후식) 비빔냉면
2023-12-20,1,12,Winter,0,0,0,담하,(후식) 비빔냉면
2023-12-21,0,12,Winter,0,0,0,담하,(후식) 비빔냉면
2023-12-22,0,12,Winter,0,0,0,담하,(후식) 비빔냉면
2023-12-23,2,12,Winter,1,0,1,담하,(후식) 비빔냉면
2023-12-24,0,12,Winter,1,0,1,담하,(후식) 비빔냉면
2023-12-25,0,12,Winter,0,1,1,담하,(후식) 비빔냉면
2023-12-26,2,12,Winter,0,0,0,담하,(후식) 비빔냉면
2023-12-27,6,12,Winter,0,0,0,담하,(후식) 비빔냉면
2023-12-28,1,12,Winter,0,0,0,담하,(후식) 비빔냉면
2023-12-29,2,12,Winter,0,0,0,담하,(후식) 비빔냉면
2023-12-30,1,12,Winter,1,0,1,담하,(후식) 비빔냉면
2023-12-31,3,12,Winter,1,0,1,담하,(후식) 비빔냉면
2024-01-01,1,1,Winter,0,1,1,담하,(후식) 비빔냉면
2024-01-02,1,1,Winter,0,0,0,담하,(후식) 비빔냉면
2024-01-03,0,1,Winter,0,0,0,담하,(후식) 비빔냉면
2024-01-04,3,1,Winter,0,0,0,담하,(후식) 비빔냉면
2024-01-05,0,1,Winter,0,0,0,담하,(후식) 비빔냉면
2024-01-06,5,1,Winter,1,0,1,담하,(후식) 비빔냉면
2024-01-07,0,1,Winter,1,0,1,담하,(후식) 비빔냉면
2024-01-08,0,1,Winter,0,0,0,담하,(후식) 비빔냉면
2024-01-09,0,1,Winter,0,0,0,담하,(후식) 비빔냉면
2024-01-10,0,1,Winter,0,0,0,담하,(후식) 비빔냉면
2024-01-11,0,1,Winter,0,0,0,담하,(후식) 비빔냉면
2024-01-12,2,1,Winter,0,0,0,담하,(후식) 비빔냉면
2024-01-13,1,1,Winter,1,0,1,담하,(후식) 비빔냉면
2024-01-14,1,1,Winter,1,0,1,담하,(후식) 비빔냉면
2024-01-15,4,1,Winter,0,0,0,담하,(후식) 비빔냉면
2024-01-16,1,1,Winter,0,0,0,담하,(후식) 비빔냉면
2024-01-17,1,1,Winter,0,0,0,담하,(후식) 비빔냉면
2024-01-18,1,1,Winter,0,0,0,담하,(후식) 비빔냉면
2024-01-19,0,1,Winter,0,0,0,담하,(후식) 비빔냉면
2024-01-20,1,1,Winter,1,0,1,담하,(후식) 비빔냉면
2024-01-21,1,1,Winter,1,0,1,담하,(후식) 비빔냉면
2024-01-22,2,1,Winter,0,0,0,담하,(후식) 비빔냉면
2024-01-23,1,1,Winter,0,0,0,담하,(후식) 비빔냉면
2024-01-24,1,1,Winter,0,0,0,담하,(후식) 비빔냉면
2024-01-25,0,1,Winter,0,0,0,담하,(후식) 비빔냉면
2024-01-26,1,1,Winter,0,0,0,담하,(후식) 비빔냉면
2024-01-27,2,1,Winter,1,0,1,담하,(후식) 비빔냉면
2024-01-28,4,1,Winter,1,0,1,담하,(후식) 비빔냉면
2024-01-29,1,1,Winter,0,0,0,담하,(후식) 비빔냉면
2024-01-30,0,1,Winter,0,0,0,담하,(후식) 비빔냉면
2024-01-31,0,1,Winter,0,0,0,담하,(후식) 비빔냉면
2024-02-01,2,2,Winter,0,0,0,담하,(후식) 비빔냉면
2024-02-02,2,2,Winter,0,0,0,담하,(후식) 비빔냉면
2024-02-03,3,2,Winter,1,0,1,담하,(후식) 비빔냉면
2024-02-04,0,2,Winter,1,0,1,담하,(후식) 비빔냉면
2024-02-05,0,2,Winter,0,0,0,담하,(후식) 비빔냉면
2024-02-06,0,2,Winter,0,0,0,담하,(후식) 비빔냉면
2024-02-07,0,2,Winter,0,0,0,담하,(후식) 비빔냉면
2024-02-08,5,2,Winter,0,0,0,담하,(후식) 비빔냉면
2024-02-09,4,2,Winter,0,1,1,담하,(후식) 비빔냉면
2024-02-10,3,2,Winter,1,1,1,담하,(후식) 비빔냉면
2024-02-11,4,2,Winter,1,1,1,담하,(후식) 비빔냉면
2024-02-12,1,2,Winter,0,1,1,담하,(후식) 비빔냉면
2024-02-13,3,2,Winter,0,0,0,담하,(후식) 비빔냉면
2024-02-14,0,2,Winter,0,0,0,담하,(후식) 비빔냉면
2024-02-15,0,2,Winter,0,0,0,담하,(후식) 비빔냉면
2024-02-16,0,2,Winter,0,0,0,담하,(후식) 비빔냉면
2024-02-17,6,2,Winter,1,0,1,담하,(후식) 비빔냉면
2024-02-18,0,2,Winter,1,0,1,담하,(후식) 비빔냉면
2024-02-19,0,2,Winter,0,0,0,담하,(후식) 비빔냉면
2024-02-20,0,2,Winter,0,0,0,담하,(후식) 비빔냉면
2024-02-21,0,2,Winter,0,0,0,담하,(후식) 비빔냉면
2024-02-22,0,2,Winter,0,0,0,담하,(후식) 비빔냉면
2024-02-23,0,2,Winter,0,0,0,담하,(후식) 비빔냉면
2024-02-24,3,2,Winter,1,0,1,담하,(후식) 비빔냉면
2024-02-25,4,2,Winter,1,0,1,담하,(후식) 비빔냉면
2024-02-26,0,2,Winter,0,0,0,담하,(후식) 비빔냉면
2024-02-27,0,2,Winter,0,0,0,담하,(후식) 비빔냉면
2024-02-28,1,2,Winter,0,0,0,담하,(후식) 비빔냉면
2024-02-29,5,2,Winter,0,0,0,담하,(후식) 비빔냉면
2024-03-01,0,3,Spring,0,1,1,담하,(후식) 비빔냉면
2024-03-02,3,3,Spring,1,0,1,담하,(후식) 비빔냉면
2024-03-03,0,3,Spring,1,0,1,담하,(후식) 비빔냉면
2024-03-04,0,3,Spring,0,0,0,담하,(후식) 비빔냉면
2024-03-05,0,3,Spring,0,0,0,담하,(후식) 비빔냉면
2024-03-06,0,3,Spring,0,0,0,담하,(후식) 비빔냉면
2024-03-07,0,3,Spring,0,0,0,담하,(후식) 비빔냉면
2024-03-08,0,3,Spring,0,0,0,담하,(후식) 비빔냉면
2024-03-09,0,3,Spring,1,0,1,담하,(후식) 비빔냉면
2024-03-10,0,3,Spring,1,0,1,담하,(후식) 비빔냉면
2024-03-11,0,3,Spring,0,0,0,담하,(후식) 비빔냉면
2024-03-12,0,3,Spring,0,0,0,담하,(후식) 비빔냉면
2024-03-13,0,3,Spring,0,0,0,담하,(후식) 비빔냉면
2024-03-14,0,3,Spring,0,0,0,담하,(후식) 비빔냉면
2024-03-15,0,3,Spring,0,0,0,담하,(후식) 비빔냉면
2024-03-16,2,3,Spring,1,0,1,담하,(후식) 비빔냉면
2024-03-17,3,3,Spring,1,0,1,담하,(후식) 비빔냉면
2024-03-18,0,3,Spring,0,0,0,담하,(후식) 비빔냉면
2024-03-19,0,3,Spring,0,0,0,담하,(후식) 비빔냉면
2024-03-20,1,3,Spring,0,0,0,담하,(후식) 비빔냉면
2024-03-21,1,3,Spring,0,0,0,담하,(후식) 비빔냉면
2024-03-22,1,3,Spring,0,0,0,담하,(후식) 비빔냉면
2024-03-23,4,3,Spring,1,0,1,담하,(후식) 비빔냉면
2024-03-24,1,3,Spring,1,0,1,담하,(후식) 비빔냉면
2024-03-25,0,3,Spring,0,0,0,담하,(후식) 비빔냉면
2024-03-26,0,3,Spring,0,0,0,담하,(후식) 비빔냉면
2024-03-27,1,3,Spring,0,0,0,담하,(후식) 비빔냉면
2024-03-28,1,3,Spring,0,0,0,담하,(후식) 비빔냉면
2024-03-29,3,3,Spring,0,0,0,담하,(후식) 비빔냉면
2024-03-30,0,3,Spring,1,0,1,담하,(후식) 비빔냉면
2024-03-31,0,3,Spring,1,0,1,담하,(후식) 비빔냉면
2024-04-01,0,4,Spring,0,0,0,담하,(후식) 비빔냉면
2024-04-02,1,4,Spring,0,0,0,담하,(후식) 비빔냉면
2024-04-03,0,4,Spring,0,0,0,담하,(후식) 비빔냉면
2024-04-04,1,4,Spring,0,0,0,담하,(후식) 비빔냉면
2024-04-05,0,4,Spring,0,0,0,담하,(후식) 비빔냉면
2024-04-06,2,4,Spring,1,0,1,담하,(후식) 비빔냉면
2024-04-07,0,4,Spring,1,0,1,담하,(후식) 비빔냉면
2024-04-08,0,4,Spring,0,0,0,담하,(후식) 비빔냉면
2024-04-09,1,4,Spring,0,0,0,담하,(후식) 비빔냉면
2024-04-10,1,4,Spring,0,1,1,담하,(후식) 비빔냉면
2024-04-11,1,4,Spring,0,0,0,담하,(후식) 비빔냉면
2024-04-12,1,4,Spring,0,0,0,담하,(후식) 비빔냉면
2024-04-13,7,4,Spring,1,0,1,담하,(후식) 비빔냉면
2024-04-14,2,4,Spring,1,0,1,담하,(후식) 비빔냉면
2024-04-15,0,4,Spring,0,0,0,담하,(후식) 비빔냉면
2024-04-16,0,4,Spring,0,0,0,담하,(후식) 비빔냉면
2024-04-17,0,4,Spring,0,0,0,담하,(후식) 비빔냉면
2024-04-18,0,4,Spring,0,0,0,담하,(후식) 비빔냉면
2024-04-19,0,4,Spring,0,0,0,담하,(후식) 비빔냉면
2024-04-20,1,4,Spring,1,0,1,담하,(후식) 비빔냉면
2024-04-21,0,4,Spring,1,0,1,담하,(후식) 비빔냉면
2024-04-22,3,4,Spring,0,0,0,담하,(후식) 비빔냉면
2024-04-23,1,4,Spring,0,0,0,담하,(후식) 비빔냉면
2024-04-24,0,4,Spring,0,0,0,담하,(후식) 비빔냉면
2024-04-25,1,4,Spring,0,0,0,담하,(후식) 비빔냉면
2024-04-26,2,4,Spring,0,0,0,담하,(후식) 비빔냉면
2024-04-27,3,4,Spring,1,0,1,담하,(후식) 비빔냉면
2024-04-28,4,4,Spring,1,0,1,담하,(후식) 비빔냉면
2024-04-29,0,4,Spring,0,0,0,담하,(후식) 비빔냉면
2024-04-30,2,4,Spring,0,0,0,담하,(후식) 비빔냉면
2024-05-01,2,5,Spring,0,0,0,담하,(후식) 비빔냉면
2024-05-02,1,5,Spring,0,0,0,담하,(후식) 비빔냉면
2024-05-03,3,5,Spring,0,0,0,담하,(후식) 비빔냉면
2024-05-04,0,5,Spring,1,0,1,담하,(후식) 비빔냉면
2024-05-05,5,5,Spring,1,1,1,담하,(후식) 비빔냉면
2024-05-06,0,5,Spring,0,1,1,담하,(후식) 비빔냉면
2024-05-07,0,5,Spring,0,0,0,담하,(후식) 비빔냉면
2024-05-08,1,5,Spring,0,0,0,담하,(후식) 비빔냉면
2024-05-09,0,5,Spring,0,0,0,담하,(후식) 비빔냉면
2024-05-10,2,5,Spring,0,0,0,담하,(후식) 비빔냉면
2024-05-11,2,5,Spring,1,0,1,담하,(후식) 비빔냉면
2024-05-12,1,5,Spring,1,0,1,담하,(후식) 비빔냉면
2024-05-13,0,5,Spring,0,0,0,담하,(후식) 비빔냉면
2024-05-14,1,5,Spring,0,0,0,담하,(후식) 비빔냉면
2024-05-15,0,5,Spring,0,1,1,담하,(후식) 비빔냉면
2024-05-16,0,5,Spring,0,0,0,담하,(후식) 비빔냉면
2024-05-17,2,5,Spring,0,0,0,담하,(후식) 비빔냉면
2024-05-18,0,5,Spring,1,0,1,담하,(후식) 비빔냉면
2024-05-19,6,5,Spring,1,0,1,담하,(후식) 비빔냉면
2024-05-20,2,5,Spring,0,0,0,담하,(후식) 비빔냉면
2024-05-21,0,5,Spring,0,0,0,담하,(후식) 비빔냉면
2024-05-22,0,5,Spring,0,0,0,담하,(후식) 비빔냉면
2024-05-23,26,5,Spring,0,0,0,담하,(후식) 비빔냉면
2024-05-24,3,5,Spring,0,0,0,담하,(후식) 비빔냉면
2024-05-25,3,5,Spring,1,0,1,담하,(후식) 비빔냉면
2024-05-26,1,5,Spring,1,0,1,담하,(후식) 비빔냉면
2024-05-27,0,5,Spring,0,0,0,담하,(후식) 비빔냉면
2024-05-28,2,5,Spring,0,0,0,담하,(후식) 비빔냉면
2024-05-29,0,5,Spring,0,0,0,담하,(후식) 비빔냉면
2024-05-30,0,5,Spring,0,0,0,담하,(후식) 비빔냉면
2024-05-31,0,5,Spring,0,0,0,담하,(후식) 비빔냉면
2024-06-01,4,6,Summer,1,0,1,담하,(후식) 비빔냉면
2024-06-02,0,6,Summer,1,0,1,담하,(후식) 비빔냉면
2024-06-03,0,6,Summer,0,0,0,담하,(후식) 비빔냉면
2024-06-04,2,6,Summer,0,0,0,담하,(후식) 비빔냉면
2024-06-05,4,6,Summer,0,0,0,담하,(후식) 비빔냉면
2024-06-06,2,6,Summer,0,1,1,담하,(후식) 비빔냉면
2024-06-07,1,6,Summer,0,0,0,담하,(후식) 비빔냉면
2024-06-08,0,6,Summer,1,0,1,담하,(후식) 비빔냉면
2024-06-09,1,6,Summer,1,0,1,담하,(후식) 비빔냉면
2024-06-10,5,6,Summer,0,0,0,담하,(후식) 비빔냉면
2024-06-11,0,6,Summer,0,0,0,담하,(후식) 비빔냉면
2024-06-12,2,6,Summer,0,0,0,담하,(후식) 비빔냉면
2024-06-13,1,6,Summer,0,0,0,담하,(후식) 비빔냉면
2024-06-14,2,6,Summer,0,0,0,담하,(후식) 비빔냉면
2024-06-15,7,6,Summer,1,0,1,담하,(후식) 비빔냉면
2023-01-01,0,1,Winter,1,1,1,담하,갑오징어 비빔밥
2023-01-02,0,1,Winter,0,0,0,담하,갑오징어 비빔밥
2023-01-03,0,1,Winter,0,0,0,담하,갑오징어 비빔밥
2023-01-04,0,1,Winter,0,0,0,담하,갑오징어 비빔밥
2023-01-05,0,1,Winter,0,0,0,담하,갑오징어 비빔밥
2023-01-06,0,1,Winter,0,0,0,담하,갑오징어 비빔밥
2023-01-07,0,1,Winter,1,0,1,담하,갑오징어 비빔밥
2023-01-08,0,1,Winter,1,0,1,담하,갑오징어 비빔밥
2023-01-09,0,1,Winter,0,0,0,담하,갑오징어 비빔밥
2023-01-10,0,1,Winter,0,0,0,담하,갑오징어 비빔밥
2023-01-11,0,1,Winter,0,0,0,담하,갑오징어 비빔밥
2023-01-12,0,1,Winter,0,0,0,담하,갑오징어 비빔밥
2023-01-13,0,1,Winter,0,0,0,담하,갑오징어 비빔밥
2023-01-14,0,1,Winter,1,0,1,담하,갑오징어 비빔밥
2023-01-15,0,1,Winter,1,0,1,담하,갑오징어 비빔밥
2023-01-16,0,1,Winter,0,0,0,담하,갑오징어 비빔밥
2023-01-17,0,1,Winter,0,0,0,담하,갑오징어 비빔밥
2023-01-18,0,1,Winter,0,0,0,담하,갑오징어 비빔밥
2023-01-19,0,1,Winter,0,0,0,담하,갑오징어 비빔밥
2023-01-20,0,1,Winter,0,0,0,담하,갑오징어 비빔밥
2023-01-21,0,1,Winter,1,1,1,담하,갑오징어 비빔밥
2023-01-22,0,1,Winter,1,1,1,담하,갑오징어 비빔밥
2023-01-23,0,1,Winter,0,1,1,담하,갑오징어 비빔밥
2023-01-24,0,1,Winter,0,1,1,담하,갑오징어 비빔밥
2023-01-25,0,1,Winter,0,0,0,담하,갑오징어 비빔밥
2023-01-26,0,1,Winter,0,0,0,담하,갑오징어 비빔밥
2023-01-27,0,1,Winter,0,0,0,담하,갑오징어 비빔밥
2023-01-28,0,1,Winter,1,0,1,담하,갑오징어 비빔밥
2023-01-29,0,1,Winter,1,0,1,담하,갑오징어 비빔밥
2023-01-30,0,1,Winter,0,0,0,담하,갑오징어 비빔밥
2023-01-31,0,1,Winter,0,0,0,담하,갑오징어 비빔밥
2023-02-01,0,2,Winter,0,0,0,담하,갑오징어 비빔밥
2023-02-02,0,2,Winter,0,0,0,담하,갑오징어 비빔밥
2023-02-03,0,2,Winter,0,0,0,담하,갑오징어 비빔밥
2023-02-04,0,2,Winter,1,0,1,담하,갑오징어 비빔밥
2023-02-05,0,2,Winter,1,0,1,담하,갑오징어 비빔밥
2023-02-06,0,2,Winter,0,0,0,담하,갑오징어 비빔밥
2023-02-07,0,2,Winter,0,0,0,담하,갑오징어 비빔밥
2023-02-08,0,2,Winter,0,0,0,담하,갑오징어 비빔밥
2023-02-09,0,2,Winter,0,0,0,담하,갑오징어 비빔밥
2023-02-10,0,2,Winter,0,0,0,담하,갑오징어 비빔밥
2023-02-11,0,2,Winter,1,0,1,담하,갑오징어 비빔밥
2023-02-12,0,2,Winter,1,0,1,담하,갑오징어 비빔밥
2023-02-13,0,2,Winter,0,0,0,담하,갑오징어 비빔밥
2023-02-14,0,2,Winter,0,0,0,담하,갑오징어 비빔밥
2023-02-15,0,2,Winter,0,0,0,담하,갑오징어 비빔밥
2023-02-16,0,2,Winter,0,0,0,담하,갑오징어 비빔밥
2023-02-17,0,2,Winter,0,0,0,담하,갑오징어 비빔밥
2023-02-18,0,2,Winter,1,0,1,담하,갑오징어 비빔밥
2023-02-19,0,2,Winter,1,0,1,담하,갑오징어 비빔밥
2023-02-20,0,2,Winter,0,0,0,담하,갑오징어 비빔밥
2023-02-21,0,2,Winter,0,0,0,담하,갑오징어 비빔밥
2023-02-22,0,2,Winter,0,0,0,담하,갑오징어 비빔밥
2023-02-23,0,2,Winter,0,0,0,담하,갑오징어 비빔밥
2023-02-24,0,2,Winter,0,0,0,담하,갑오징어 비빔밥
2023-02-25,0,2,Winter,1,0,1,담하,갑오징어 비빔밥
2023-02-26,0,2,Winter,1,0,1,담하,갑오징어 비빔밥
2023-02-27,0,2,Winter,0,0,0,담하,갑오징어 비빔밥
2023-02-28,0,2,Winter,0,0,0,담하,갑오징어 비빔밥
2023-03-01,0,3,Spring,0,1,1,담하,갑오징어 비빔밥
2023-03-02,0,3,Spring,0,0,0,담하,갑오징어 비빔밥
2023-03-03,0,3,Spring,0,0,0,담하,갑오징어 비빔밥
2023-03-04,0,3,Spring,1,0,1,담하,갑오징어 비빔밥
2023-03-05,0,3,Spring,1,0,1,담하,갑오징어 비빔밥
2023-03-06,0,3,Spring,0,0,0,담하,갑오징어 비빔밥
2023-03-07,0,3,Spring,0,0,0,담하,갑오징어 비빔밥
2023-03-08,0,3,Spring,0,0,0,담하,갑오징어 비빔밥
2023-03-09,0,3,Spring,0,0,0,담하,갑오징어 비빔밥
2023-03-10,0,3,Spring,0,0,0,담하,갑오징어 비빔밥
2023-03-11,0,3,Spring,1,0,1,담하,갑오징어 비빔밥
2023-03-12,0,3,Spring,1,0,1,담하,갑오징어 비빔밥
2023-03-13,0,3,Spring,0,0,0,담하,갑오징어 비빔밥
2023-03-14,0,3,Spring,0,0,0,담하,갑오징어 비빔밥
2023-03-15,0,3,Spring,0,0,0,담하,갑오징어 비빔밥
2023-03-16,0,3,Spring,0,0,0,담하,갑오징어 비빔밥
2023-03-17,4,3,Spring,0,0,0,담하,갑오징어 비빔밥
2023-03-18,6,3,Spring,1,0,1,담하,갑오징어 비빔밥
2023-03-19,4,3,Spring,1,0,1,담하,갑오징어 비빔밥
2023-03-20,4,3,Spring,0,0,0,담하,갑오징어 비빔밥
2023-03-21,4,3,Spring,0,0,0,담하,갑오징어 비빔밥
2023-03-22,6,3,Spring,0,0,0,담하,갑오징어 비빔밥
2023-03-23,6,3,Spring,0,0,0,담하,갑오징어 비빔밥
2023-03-24,4,3,Spring,0,0,0,담하,갑오징어 비빔밥
2023-03-25,14,3,Spring,1,0,1,담하,갑오징어 비빔밥
2023-03-26,0,3,Spring,1,0,1,담하,갑오징어 비빔밥
2023-03-27,0,3,Spring,0,0,0,담하,갑오징어 비빔밥
2023-03-28,4,3,Spring,0,0,0,담하,갑오징어 비빔밥
2023-03-29,1,3,Spring,0,0,0,담하,갑오징어 비빔밥
2023-03-30,3,3,Spring,0,0,0,담하,갑오징어 비빔밥
2023-03-31,13,3,Spring,0,0,0,담하,갑오징어 비빔밥
2023-04-01,9,4,Spring,1,0,1,담하,갑오징어 비빔밥
2023-04-02,4,4,Spring,1,0,1,담하,갑오징어 비빔밥
2023-04-03,70,4,Spring,0,0,0,담하,갑오징어 비빔밥
2023-04-04,5,4,Spring,0,0,0,담하,갑오징어 비빔밥
2023-04-05,1,4,Spring,0,0,0,담하,갑오징어 비빔밥
2023-04-06,11,4,Spring,0,0,0,담하,갑오징어 비빔밥
2023-04-07,5,4,Spring,0,0,0,담하,갑오징어 비빔밥
2023-04-08,5,4,Spring,1,0,1,담하,갑오징어 비빔밥
2023-04-09,5,4,Spring,1,0,1,담하,갑오징어 비빔밥
2023-04-10,8,4,Spring,0,0,0,담하,갑오징어 비빔밥
2023-04-11,4,4,Spring,0,0,0,담하,갑오징어 비빔밥
2023-04-12,5,4,Spring,0,0,0,담하,갑오징어 비빔밥
2023-04-13,7,4,Spring,0,0,0,담하,갑오징어 비빔밥
2023-04-14,9,4,Spring,0,0,0,담하,갑오징어 비빔밥
2023-04-15,6,4,Spring,1,0,1,담하,갑오징어 비빔밥
2023-04-16,12,4,Spring,1,0,1,담하,갑오징어 비빔밥
2023-04-17,3,4,Spring,0,0,0,담하,갑오징어 비빔밥
2023-04-18,6,4,Spring,0,0,0,담하,갑오징어 비빔밥
2023-04-19,4,4,Spring,0,0,0,담하,갑오징어 비빔밥
2023-04-20,8,4,Spring,0,0,0,담하,갑오징어 비빔밥
2023-04-21,17,4,Spring,0,0,0,담하,갑오징어 비빔밥
2023-04-22,12,4,Spring,1,0,1,담하,갑오징어 비빔밥
2023-04-23,11,4,Spring,1,0,1,담하,갑오징어 비빔밥
2023-04-24,5,4,Spring,0,0,0,담하,갑오징어 비빔밥
2023-04-25,9,4,Spring,0,0,0,담하,갑오징어 비빔밥
2023-04-26,10,4,Spring,0,0,0,담하,갑오징어 비빔밥
2023-04-27,15,4,Spring,0,0,0,담하,갑오징어 비빔밥
2023-04-28,6,4,Spring,0,0,0,담하,갑오징어 비빔밥
2023-04-29,8,4,Spring,1,0,1,담하,갑오징어 비빔밥
2023-04-30,23,4,Spring,1,0,1,담하,갑오징어 비빔밥
2023-05-01,8,5,Spring,0,0,0,담하,갑오징어 비빔밥
2023-05-02,11,5,Spring,0,0,0,담하,갑오징어 비빔밥
2023-05-03,10,5,Spring,0,0,0,담하,갑오징어 비빔밥
2023-05-04,7,5,Spring,0,0,0,담하,갑오징어 비빔밥
2023-05-05,9,5,Spring,0,1,1,담하,갑오징어 비빔밥
2023-05-06,11,5,Spring,1,0,1,담하,갑오징어 비빔밥
2023-05-07,5,5,Spring,1,0,1,담하,갑오징어 비빔밥
2023-05-08,12,5,Spring,0,0,0,담하,갑오징어 비빔밥
2023-05-09,11,5,Spring,0,0,0,담하,갑오징어 비빔밥
2023-05-10,6,5,Spring,0,0,0,담하,갑오징어 비빔밥
2023-05-11,16,5,Spring,0,0,0,담하,갑오징어 비빔밥
2023-05-12,12,5,Spring,0,0,0,담하,갑오징어 비빔밥
2023-05-13,16,5,Spring,1,0,1,담하,갑오징어 비빔밥
2023-05-14,11,5,Spring,1,0,1,담하,갑오징어 비빔밥
2023-05-15,3,5,Spring,0,0,0,담하,갑오징어 비빔밥
2023-05-16,12,5,Spring,0,0,0,담하,갑오징어 비빔밥
2023-05-17,8,5,Spring,0,0,0,담하,갑오징어 비빔밥
2023-05-18,11,5,Spring,0,0,0,담하,갑오징어 비빔밥
2023-05-19,9,5,Spring,0,0,0,담하,갑오징어 비빔밥
2023-05-20,19,5,Spring,1,0,1,담하,갑오징어 비빔밥
2023-05-21,6,5,Spring,1,0,1,담하,갑오징어 비빔밥
2023-05-22,2,5,Spring,0,0,0,담하,갑오징어 비빔밥
2023-05-23,5,5,Spring,0,0,0,담하,갑오징어 비빔밥
2023-05-24,5,5,Spring,0,0,0,담하,갑오징어 비빔밥
2023-05-25,6,5,Spring,0,0,0,담하,갑오징어 비빔밥
2023-05-26,20,5,Spring,0,0,0,담하,갑오징어 비빔밥
2023-05-27,9,5,Spring,1,1,1,담하,갑오징어 비빔밥
2023-05-28,12,5,Spring,1,0,1,담하,갑오징어 비빔밥
2023-05-29,18,5,Spring,0,1,1,담하,갑오징어 비빔밥
2023-05-30,7,5,Spring,0,0,0,담하,갑오징어 비빔밥
2023-05-31,10,5,Spring,0,0,0,담하,갑오징어 비빔밥
2023-06-01,1,6,Summer,0,0,0,담하,갑오징어 비빔밥
2023-06-02,7,6,Summer,0,0,0,담하,갑오징어 비빔밥
2023-06-03,10,6,Summer,1,0,1,담하,갑오징어 비빔밥
2023-06-04,13,6,Summer,1,0,1,담하,갑오징어 비빔밥
2023-06-05,6,6,Summer,0,0,0,담하,갑오징어 비빔밥
2023-06-06,2,6,Summer,0,1,1,담하,갑오징어 비빔밥
2023-06-07,8,6,Summer,0,0,0,담하,갑오징어 비빔밥
2023-06-08,1,6,Summer,0,0,0,담하,갑오징어 비빔밥
2023-06-09,5,6,Summer,0,0,0,담하,갑오징어 비빔밥
2023-06-10,4,6,Summer,1,0,1,담하,갑오징어 비빔밥
2023-06-11,5,6,Summer,1,0,1,담하,갑오징어 비빔밥
2023-06-12,5,6,Summer,0,0,0,담하,갑오징어 비빔밥
2023-06-13,9,6,Summer,0,0,0,담하,갑오징어 비빔밥
2023-06-14,7,6,Summer,0,0,0,담하,갑오징어 비빔밥
2023-06-15,9,6,Summer,0,0,0,담하,갑오징어 비빔밥
2023-06-16,6,6,Summer,0,0,0,담하,갑오징어 비빔밥
2023-06-17,10,6,Summer,1,0,1,담하,갑오징어 비빔밥
2023-06-18,9,6,Summer,1,0,1,담하,갑오징어 비빔밥
2023-06-19,1,6,Summer,0,0,0,담하,갑오징어 비빔밥
2023-06-20,1,6,Summer,0,0,0,담하,갑오징어 비빔밥
2023-06-21,0,6,Summer,0,0,0,담하,갑오징어 비빔밥
2023-06-22,1,6,Summer,0,0,0,담하,갑오징어 비빔밥
2023-06-23,13,6,Summer,0,0,0,담하,갑오징어 비빔밥
2023-06-24,10,6,Summer,1,0,1,담하,갑오징어 비빔밥
2023-06-25,5,6,Summer,1,0,1,담하,갑오징어 비빔밥
2023-06-26,1,6,Summer,0,0,0,담하,갑오징어 비빔밥
2023-06-27,2,6,Summer,0,0,0,담하,갑오징어 비빔밥
2023-06-28,1,6,Summer,0,0,0,담하,갑오징어 비빔밥
2023-06-29,5,6,Summer,0,0,0,담하,갑오징어 비빔밥
2023-06-30,8,6,Summer,0,0,0,담하,갑오징어 비빔밥
2023-07-01,9,7,Summer,1,0,1,담하,갑오징어 비빔밥
2023-07-02,0,7,Summer,1,0,1,담하,갑오징어 비빔밥
2023-07-03,0,7,Summer,0,0,0,담하,갑오징어 비빔밥
2023-07-04,4,7,Summer,0,0,0,담하,갑오징어 비빔밥
2023-07-05,0,7,Summer,0,0,0,담하,갑오징어 비빔밥
2023-07-06,8,7,Summer,0,0,0,담하,갑오징어 비빔밥
2023-07-07,5,7,Summer,0,0,0,담하,갑오징어 비빔밥
2023-07-08,3,7,Summer,1,0,1,담하,갑오징어 비빔밥
2023-07-09,3,7,Summer,1,0,1,담하,갑오징어 비빔밥
2023-07-10,1,7,Summer,0,0,0,담하,갑오징어 비빔밥
2023-07-11,8,7,Summer,0,0,0,담하,갑오징어 비빔밥
2023-07-12,1,7,Summer,0,0,0,담하,갑오징어 비빔밥
2023-07-13,1,7,Summer,0,0,0,담하,갑오징어 비빔밥
2023-07-14,8,7,Summer,0,0,0,담하,갑오징어 비빔밥
2023-07-15,3,7,Summer,1,0,1,담하,갑오징어 비빔밥
2023-07-16,6,7,Summer,1,0,1,담하,갑오징어 비빔밥
2023-07-17,2,7,Summer,0,0,0,담하,갑오징어 비빔밥
2023-07-18,1,7,Summer,0,0,0,담하,갑오징어 비빔밥
2023-07-19,2,7,Summer,0,0,0,담하,갑오징어 비빔밥
2023-07-20,7,7,Summer,0,0,0,담하,갑오징어 비빔밥
2023-07-21,6,7,Summer,0,0,0,담하,갑오징어 비빔밥
2023-07-22,3,7,Summer,1,0,1,담하,갑오징어 비빔밥
2023-07-23,6,7,Summer,1,0,1,담하,갑오징어 비빔밥
2023-07-24,4,7,Summer,0,0,0,담하,갑오징어 비빔밥
2023-07-25,7,7,Summer,0,0,0,담하,갑오징어 비빔밥
2023-07-26,5,7,Summer,0,0,0,담하,갑오징어 비빔밥
2023-07-27,5,7,Summer,0,0,0,담하,갑오징어 비빔밥
2023-07-28,6,7,Summer,0,0,0,담하,갑오징어 비빔밥
2023-07-29,6,7,Summer,1,0,1,담하,갑오징어 비빔밥
2023-07-30,4,7,Summer,1,0,1,담하,갑오징어 비빔밥
2023-07-31,5,7,Summer,0,0,0,담하,갑오징어 비빔밥
2023-08-01,6,8,Summer,0,0,0,담하,갑오징어 비빔밥
2023-08-02,2,8,Summer,0,0,0,담하,갑오징어 비빔밥
2023-08-03,7,8,Summer,0,0,0,담하,갑오징어 비빔밥
2023-08-04,10,8,Summer,0,0,0,담하,갑오징어 비빔밥
2023-08-05,7,8,Summer,1,0,1,담하,갑오징어 비빔밥
2023-08-06,3,8,Summer,1,0,1,담하,갑오징어 비빔밥
2023-08-07,3,8,Summer,0,0,0,담하,갑오징어 비빔밥
2023-08-08,6,8,Summer,0,0,0,담하,갑오징어 비빔밥
2023-08-09,1,8,Summer,0,0,0,담하,갑오징어 비빔밥
2023-08-10,7,8,Summer,0,0,0,담하,갑오징어 비빔밥
2023-08-11,3,8,Summer,0,0,0,담하,갑오징어 비빔밥
2023-08-12,5,8,Summer,1,0,1,담하,갑오징어 비빔밥
2023-08-13,3,8,Summer,1,0,1,담하,갑오징어 비빔밥
2023-08-14,6,8,Summer,0,0,0,담하,갑오징어 비빔밥
2023-08-15,1,8,Summer,0,1,1,담하,갑오징어 비빔밥
2023-08-16,2,8,Summer,0,0,0,담하,갑오징어 비빔밥
2023-08-17,3,8,Summer,0,0,0,담하,갑오징어 비빔밥
2023-08-18,5,8,Summer,0,0,0,담하,갑오징어 비빔밥
2023-08-19,4,8,Summer,1,0,1,담하,갑오징어 비빔밥
2023-08-20,5,8,Summer,1,0,1,담하,갑오징어 비빔밥
2023-08-21,2,8,Summer,0,0,0,담하,갑오징어 비빔밥
2023-08-22,2,8,Summer,0,0,0,담하,갑오징어 비빔밥
2023-08-23,0,8,Summer,0,0,0,담하,갑오징어 비빔밥
2023-08-24,0,8,Summer,0,0,0,담하,갑오징어 비빔밥
2023-08-25,5,8,Summer,0,0,0,담하,갑오징어 비빔밥
2023-08-26,11,8,Summer,1,0,1,담하,갑오징어 비빔밥
2023-08-27,3,8,Summer,1,0,1,담하,갑오징어 비빔밥
2023-08-28,3,8,Summer,0,0,0,담하,갑오징어 비빔밥
2023-08-29,4,8,Summer,0,0,0,담하,갑오징어 비빔밥
2023-08-30,5,8,Summer,0,0,0,담하,갑오징어 비빔밥
2023-08-31,3,8,Summer,0,0,0,담하,갑오징어 비빔밥
2023-09-01,3,9,Autumn,0,0,0,담하,갑오징어 비빔밥
2023-09-02,0,9,Autumn,1,0,1,담하,갑오징어 비빔밥
2023-09-03,2,9,Autumn,1,0,1,담하,갑오징어 비빔밥
2023-09-04,2,9,Autumn,0,0,0,담하,갑오징어 비빔밥
2023-09-05,0,9,Autumn,0,0,0,담하,갑오징어 비빔밥
2023-09-06,2,9,Autumn,0,0,0,담하,갑오징어 비빔밥
2023-09-07,3,9,Autumn,0,0,0,담하,갑오징어 비빔밥
2023-09-08,0,9,Autumn,0,0,0,담하,갑오징어 비빔밥
2023-09-09,0,9,Autumn,1,0,1,담하,갑오징어 비빔밥
2023-09-10,0,9,Autumn,1,0,1,담하,갑오징어 비빔밥
2023-09-11,0,9,Autumn,0,0,0,담하,갑오징어 비빔밥
2023-09-12,0,9,Autumn,0,0,0,담하,갑오징어 비빔밥
2023-09-13,0,9,Autumn,0,0,0,담하,갑오징어 비빔밥
2023-09-14,0,9,Autumn,0,0,0,담하,갑오징어 비빔밥
2023-09-15,0,9,Autumn,0,0,0,담하,갑오징어 비빔밥
2023-09-16,0,9,Autumn,1,0,1,담하,갑오징어 비빔밥
2023-09-17,0,9,Autumn,1,0,1,담하,갑오징어 비빔밥
2023-09-18,0,9,Autumn,0,0,0,담하,갑오징어 비빔밥
2023-09-19,0,9,Autumn,0,0,0,담하,갑오징어 비빔밥
2023-09-20,0,9,Autumn,0,0,0,담하,갑오징어 비빔밥
2023-09-21,0,9,Autumn,0,0,0,담하,갑오징어 비빔밥
2023-09-22,0,9,Autumn,0,0,0,담하,갑오징어 비빔밥
2023-09-23,0,9,Autumn,1,0,1,담하,갑오징어 비빔밥
2023-09-24,0,9,Autumn,1,0,1,담하,갑오징어 비빔밥
2023-09-25,0,9,Autumn,0,0,0,담하,갑오징어 비빔밥
2023-09-26,0,9,Autumn,0,0,0,담하,갑오징어 비빔밥
2023-09-27,0,9,Autumn,0,0,0,담하,갑오징어 비빔밥
2023-09-28,0,9,Autumn,0,1,1,담하,갑오징어 비빔밥
2023-09-29,0,9,Autumn,0,1,1,담하,갑오징어 비빔밥
2023-09-30,0,9,Autumn,1,1,1,담하,갑오징어 비빔밥
2023-10-01,0,10,Autumn,1,0,1,담하,갑오징어 비빔밥
2023-10-02,0,10,Autumn,0,1,1,담하,갑오징어 비빔밥
2023-10-03,0,10,Autumn,0,1,1,담하,갑오징어 비빔밥
2023-10-04,0,10,Autumn,0,0,0,담하,갑오징어 비빔밥
2023-10-05,0,10,Autumn,0,0,0,담하,갑오징어 비빔밥
2023-10-06,0,10,Autumn,0,0,0,담하,갑오징어 비빔밥
2023-10-07,0,10,Autumn,1,0,1,담하,갑오징어 비빔밥
2023-10-08,0,10,Autumn,1,0,1,담하,갑오징어 비빔밥
2023-10-09,0,10,Autumn,0,1,1,담하,갑오징어 비빔밥
2023-10-10,0,10,Autumn,0,0,0,담하,갑오징어 비빔밥
2023-10-11,0,10,Autumn,0,0,0,담하,갑오징어 비빔밥
2023-10-12,0,10,Autumn,0,0,0,담하,갑오징어 비빔밥
2023-10-13,0,10,Autumn,0,0,0,담하,갑오징어 비빔밥
2023-10-14,0,10,Autumn,1,0,1,담하,갑오징어 비빔밥
2023-10-15,0,10,Autumn,1,0,1,담하,갑오징어 비빔밥
2023-10-16,0,10,Autumn,0,0,0,담하,갑오징어 비빔밥
2023-10-17,0,10,Autumn,0,0,0,담하,갑오징어 비빔밥
2023-10-18,0,10,Autumn,0,0,0,담하,갑오징어 비빔밥
2023-10-19,0,10,Autumn,0,0,0,담하,갑오징어 비빔밥
2023-10-20,0,10,Autumn,0,0,0,담하,갑오징어 비빔밥
2023-10-21,0,10,Autumn,1,0,1,담하,갑오징어 비빔밥
2023-10-22,0,10,Autumn,1,0,1,담하,갑오징어 비빔밥
2023-10-23,0,10,Autumn,0,0,0,담하,갑오징어 비빔밥
2023-10-24,0,10,Autumn,0,0,0,담하,갑오징어 비빔밥
2023-10-25,0,10,Autumn,0,0,0,담하,갑오징어 비빔밥
2023-10-26,0,10,Autumn,0,0,0,담하,갑오징어 비빔밥
2023-10-27,0,10,Autumn,0,0,0,담하,갑오징어 비빔밥
2023-10-28,0,10,Autumn,1,0,1,담하,갑오징어 비빔밥
2023-10-29,0,10,Autumn,1,0,1,담하,갑오징어 비빔밥
2023-10-30,0,10,Autumn,0,0,0,담하,갑오징어 비빔밥
2023-10-31,0,10,Autumn,0,0,0,담하,갑오징어 비빔밥
2023-11-01,0,11,Autumn,0,0,0,담하,갑오징어 비빔밥
2023-11-02,0,11,Autumn,0,0,0,담하,갑오징어 비빔밥
2023-11-03,0,11,Autumn,0,0,0,담하,갑오징어 비빔밥
2023-11-04,0,11,Autumn,1,0,1,담하,갑오징어 비빔밥
2023-11-05,0,11,Autumn,1,0,1,담하,갑오징어 비빔밥
2023-11-06,0,11,Autumn,0,0,0,담하,갑오징어 비빔밥
2023-11-07,0,11,Autumn,0,0,0,담하,갑오징어 비빔밥
2023-11-08,0,11,Autumn,0,0,0,담하,갑오징어 비빔밥
2023-11-09,0,11,Autumn,0,0,0,담하,갑오징어 비빔밥
2023-11-10,0,11,Autumn,0,0,0,담하,갑오징어 비빔밥
2023-11-11,0,11,Autumn,1,0,1,담하,갑오징어 비빔밥
2023-11-12,0,11,Autumn,1,0,1,담하,갑오징어 비빔밥
2023-11-13,0,11,Autumn,0,0,0,담하,갑오징어 비빔밥
2023-11-14,0,11,Autumn,0,0,0,담하,갑오징어 비빔밥
2023-11-15,0,11,Autumn,0,0,0,담하,갑오징어 비빔밥
2023-11-16,0,11,Autumn,0,0,0,담하,갑오징어 비빔밥
2023-11-17,0,11,Autumn,0,0,0,담하,갑오징어 비빔밥
2023-11-18,0,11,Autumn,1,0,1,담하,갑오징어 비빔밥
2023-11-19,0,11,Autumn,1,0,1,담하,갑오징어 비빔밥
2023-11-20,0,11,Autumn,0,0,0,담하,갑오징어 비빔밥
2023-11-21,0,11,Autumn,0,0,0,담하,갑오징어 비빔밥
2023-11-22,0,11,Autumn,0,0,0,담하,갑오징어 비빔밥
2023-11-23,0,11,Autumn,0,0,0,담하,갑오징어 비빔밥
2023-11-24,0,11,Autumn,0,0,0,담하,갑오징어 비빔밥
2023-11-25,0,11,Autumn,1,0,1,담하,갑오징어 비빔밥
2023-11-26,0,11,Autumn,1,0,1,담하,갑오징어 비빔밥
2023-11-27,0,11,Autumn,0,0,0,담하,갑오징어 비빔밥
2023-11-28,0,11,Autumn,0,0,0,담하,갑오징어 비빔밥
2023-11-29,0,11,Autumn,0,0,0,담하,갑오징어 비빔밥
2023-11-30,0,11,Autumn,0,0,0,담하,갑오징어 비빔밥
2023-12-01,0,12,Winter,0,0,0,담하,갑오징어 비빔밥
2023-12-02,0,12,Winter,1,0,1,담하,갑오징어 비빔밥
2023-12-03,0,12,Winter,1,0,1,담하,갑오징어 비빔밥
2023-12-04,0,12,Winter,0,0,0,담하,갑오징어 비빔밥
2023-12-05,0,12,Winter,0,0,0,담하,갑오징어 비빔밥
2023-12-06,0,12,Winter,0,0,0,담하,갑오징어 비빔밥
2023-12-07,0,12,Winter,0,0,0,담하,갑오징어 비빔밥
2023-12-08,0,12,Winter,0,0,0,담하,갑오징어 비빔밥
2023-12-09,0,12,Winter,1,0,1,담하,갑오징어 비빔밥
2023-12-10,0,12,Winter,1,0,1,담하,갑오징어 비빔밥
2023-12-11,0,12,Winter,0,0,0,담하,갑오징어 비빔밥
2023-12-12,0,12,Winter,0,0,0,담하,갑오징어 비빔밥
2023-12-13,0,12,Winter,0,0,0,담하,갑오징어 비빔밥
2023-12-14,0,12,Winter,0,0,0,담하,갑오징어 비빔밥
2023-12-15,0,12,Winter,0,0,0,담하,갑오징어 비빔밥
2023-12-16,0,12,Winter,1,0,1,담하,갑오징어 비빔밥
2023-12-17,0,12,Winter,1,0,1,담하,갑오징어 비빔밥
2023-12-18,0,12,Winter,0,0,0,담하,갑오징어 비빔밥
2023-12-19,0,12,Winter,0,0,0,담하,갑오징어 비빔밥
2023-12-20,0,12,Winter,0,0,0,담하,갑오징어 비빔밥
2023-12-21,0,12,Winter,0,0,0,담하,갑오징어 비빔밥
2023-12-22,0,12,Winter,0,0,0,담하,갑오징어 비빔밥
2023-12-23,0,12,Winter,1,0,1,담하,갑오징어 비빔밥
2023-12-24,0,12,Winter,1,0,1,담하,갑오징어 비빔밥
2023-12-25,0,12,Winter,0,1,1,담하,갑오징어 비빔밥
2023-12-26,0,12,Winter,0,0,0,담하,갑오징어 비빔밥
2023-12-27,0,12,Winter,0,0,0,담하,갑오징어 비빔밥
2023-12-28,0,12,Winter,0,0,0,담하,갑오징어 비빔밥
2023-12-29,0,12,Winter,0,0,0,담하,갑오징어 비빔밥
2023-12-30,0,12,Winter,1,0,1,담하,갑오징어 비빔밥
2023-12-31,0,12,Winter,1,0,1,담하,갑오징어 비빔밥
2024-01-01,0,1,Winter,0,1,1,담하,갑오징어 비빔밥
2024-01-02,0,1,Winter,0,0,0,담하,갑오징어 비빔밥
2024-01-03,0,1,Winter,0,0,0,담하,갑오징어 비빔밥
2024-01-04,0,1,Winter,0,0,0,담하,갑오징어 비빔밥
2024-01-05,0,1,Winter,0,0,0,담하,갑오징어 비빔밥
2024-01-06,0,1,Winter,1,0,1,담하,갑오징어 비빔밥
2024-01-07,0,1,Winter,1,0,1,담하,갑오징어 비빔밥
2024-01-08,0,1,Winter,0,0,0,담하,갑오징어 비빔밥
2024-01-09,0,1,Winter,0,0,0,담하,갑오징어 비빔밥
2024-01-10,0,1,Winter,0,0,0,담하,갑오징어 비빔밥
2024-01-11,0,1,Winter,0,0,0,담하,갑오징어 비빔밥
2024-01-12,0,1,Winter,0,0,0,담하,갑오징어 비빔밥
2024-01-13,0,1,Winter,1,0,1,담하,갑오징어 비빔밥
2024-01-14,0,1,Winter,1,0,1,담하,갑오징어 비빔밥
2024-01-15,0,1,Winter,0,0,0,담하,갑오징어 비빔밥
2024-01-16,0,1,Winter,0,0,0,담하,갑오징어 비빔밥
2024-01-17,0,1,Winter,0,0,0,담하,갑오징어 비빔밥
2024-01-18,0,1,Winter,0,0,0,담하,갑오징어 비빔밥
2024-01-19,0,1,Winter,0,0,0,담하,갑오징어 비빔밥
2024-01-20,0,1,Winter,1,0,1,담하,갑오징어 비빔밥
2024-01-21,0,1,Winter,1,0,1,담하,갑오징어 비빔밥
2024-01-22,0,1,Winter,0,0,0,담하,갑오징어 비빔밥
2024-01-23,0,1,Winter,0,0,0,담하,갑오징어 비빔밥
2024-01-24,0,1,Winter,0,0,0,담하,갑오징어 비빔밥
2024-01-25,0,1,Winter,0,0,0,담하,갑오징어 비빔밥
2024-01-26,0,1,Winter,0,0,0,담하,갑오징어 비빔밥
2024-01-27,0,1,Winter,1,0,1,담하,갑오징어 비빔밥
2024-01-28,0,1,Winter,1,0,1,담하,갑오징어 비빔밥
2024-01-29,0,1,Winter,0,0,0,담하,갑오징어 비빔밥
2024-01-30,0,1,Winter,0,0,0,담하,갑오징어 비빔밥
2024-01-31,0,1,Winter,0,0,0,담하,갑오징어 비빔밥
2024-02-01,0,2,Winter,0,0,0,담하,갑오징어 비빔밥
2024-02-02,0,2,Winter,0,0,0,담하,갑오징어 비빔밥
2024-02-03,0,2,Winter,1,0,1,담하,갑오징어 비빔밥
2024-02-04,0,2,Winter,1,0,1,담하,갑오징어 비빔밥
2024-02-05,0,2,Winter,0,0,0,담하,갑오징어 비빔밥
2024-02-06,0,2,Winter,0,0,0,담하,갑오징어 비빔밥
2024-02-07,0,2,Winter,0,0,0,담하,갑오징어 비빔밥
2024-02-08,0,2,Winter,0,0,0,담하,갑오징어 비빔밥
2024-02-09,0,2,Winter,0,1,1,담하,갑오징어 비빔밥
2024-02-10,0,2,Winter,1,1,1,담하,갑오징어 비빔밥
2024-02-11,0,2,Winter,1,1,1,담하,갑오징어 비빔밥
2024-02-12,0,2,Winter,0,1,1,담하,갑오징어 비빔밥
2024-02-13,0,2,Winter,0,0,0,담하,갑오징어 비빔밥
2024-02-14,0,2,Winter,0,0,0,담하,갑오징어 비빔밥
2024-02-15,0,2,Winter,0,0,0,담하,갑오징어 비빔밥
2024-02-16,0,2,Winter,0,0,0,담하,갑오징어 비빔밥
2024-02-17,0,2,Winter,1,0,1,담하,갑오징어 비빔밥
2024-02-18,0,2,Winter,1,0,1,담하,갑오징어 비빔밥
2024-02-19,0,2,Winter,0,0,0,담하,갑오징어 비빔밥
2024-02-20,0,2,Winter,0,0,0,담하,갑오징어 비빔밥
2024-02-21,0,2,Winter,0,0,0,담하,갑오징어 비빔밥
2024-02-22,0,2,Winter,0,0,0,담하,갑오징어 비빔밥
2024-02-23,0,2,Winter,0,0,0,담하,갑오징어 비빔밥
2024-02-24,0,2,Winter,1,0,1,담하,갑오징어 비빔밥
2024-02-25,0,2,Winter,1,0,1,담하,갑오징어 비빔밥
2024-02-26,0,2,Winter,0,0,0,담하,갑오징어 비빔밥
2024-02-27,0,2,Winter,0,0,0,담하,갑오징어 비빔밥
2024-02-28,0,2,Winter,0,0,0,담하,갑오징어 비빔밥
2024-02-29,0,2,Winter,0,0,0,담하,갑오징어 비빔밥
2024-03-01,0,3,Spring,0,1,1,담하,갑오징어 비빔밥
2024-03-02,0,3,Spring,1,0,1,담하,갑오징어 비빔밥
2024-03-03,0,3,Spring,1,0,1,담하,갑오징어 비빔밥
2024-03-04,0,3,Spring,0,0,0,담하,갑오징어 비빔밥
2024-03-05,0,3,Spring,0,0,0,담하,갑오징어 비빔밥
2024-03-06,0,3,Spring,0,0,0,담하,갑오징어 비빔밥
2024-03-07,0,3,Spring,0,0,0,담하,갑오징어 비빔밥
2024-03-08,0,3,Spring,0,0,0,담하,갑오징어 비빔밥
2024-03-09,0,3,Spring,1,0,1,담하,갑오징어 비빔밥
2024-03-10,0,3,Spring,1,0,1,담하,갑오징어 비빔밥
2024-03-11,0,3,Spring,0,0,0,담하,갑오징어 비빔밥
2024-03-12,0,3,Spring,0,0,0,담하,갑오징어 비빔밥
2024-03-13,0,3,Spring,0,0,0,담하,갑오징어 비빔밥
2024-03-14,0,3,Spring,0,0,0,담하,갑오징어 비빔밥
2024-03-15,0,3,Spring,0,0,0,담하,갑오징어 비빔밥
2024-03-16,0,3,Spring,1,0,1,담하,갑오징어 비빔밥
2024-03-17,0,3,Spring,1,0,1,담하,갑오징어 비빔밥
2024-03-18,0,3,Spring,0,0,0,담하,갑오징어 비빔밥
2024-03-19,0,3,Spring,0,0,0,담하,갑오징어 비빔밥
2024-03-20,0,3,Spring,0,0,0,담하,갑오징어 비빔밥
2024-03-21,0,3,Spring,0,0,0,담하,갑오징어 비빔밥
2024-03-22,0,3,Spring,0,0,0,담하,갑오징어 비빔밥
2024-03-23,0,3,Spring,1,0,1,담하,갑오징어 비빔밥
2024-03-24,0,3,Spring,1,0,1,담하,갑오징어 비빔밥
2024-03-25,0,3,Spring,0,0,0,담하,갑오징어 비빔밥
2024-03-26,0,3,Spring,0,0,0,담하,갑오징어 비빔밥
2024-03-27,0,3,Spring,0,0,0,담하,갑오징어 비빔밥
2024-03-28,0,3,Spring,0,0,0,담하,갑오징어 비빔밥
2024-03-29,0,3,Spring,0,0,0,담하,갑오징어 비빔밥
2024-03-30,1,3,Spring,1,0,1,담하,갑오징어 비빔밥
2024-03-31,0,3,Spring,1,0,1,담하,갑오징어 비빔밥
2024-04-01,0,4,Spring,0,0,0,담하,갑오징어 비빔밥
2024-04-02,1,4,Spring,0,0,0,담하,갑오징어 비빔밥
2024-04-03,0,4,Spring,0,0,0,담하,갑오징어 비빔밥
2024-04-04,1,4,Spring,0,0,0,담하,갑오징어 비빔밥
2024-04-05,2,4,Spring,0,0,0,담하,갑오징어 비빔밥
2024-04-06,2,4,Spring,1,0,1,담하,갑오징어 비빔밥
2024-04-07,2,4,Spring,1,0,1,담하,갑오징어 비빔밥
2024-04-08,0,4,Spring,0,0,0,담하,갑오징어 비빔밥
2024-04-09,0,4,Spring,0,0,0,담하,갑오징어 비빔밥
2024-04-10,0,4,Spring,0,1,1,담하,갑오징어 비빔밥
2024-04-11,3,4,Spring,0,0,0,담하,갑오징어 비빔밥
2024-04-12,0,4,Spring,0,0,0,담하,갑오징어 비빔밥
2024-04-13,1,4,Spring,1,0,1,담하,갑오징어 비빔밥
2024-04-14,0,4,Spring,1,0,1,담하,갑오징어 비빔밥
2024-04-15,0,4,Spring,0,0,0,담하,갑오징어 비빔밥
2024-04-16,0,4,Spring,0,0,0,담하,갑오징어 비빔밥
2024-04-17,0,4,Spring,0,0,0,담하,갑오징어 비빔밥
2024-04-18,1,4,Spring,0,0,0,담하,갑오징어 비빔밥
2024-04-19,1,4,Spring,0,0,0,담하,갑오징어 비빔밥
2024-04-20,0,4,Spring,1,0,1,담하,갑오징어 비빔밥
2024-04-21,0,4,Spring,1,0,1,담하,갑오징어 비빔밥
2024-04-22,0,4,Spring,0,0,0,담하,갑오징어 비빔밥
2024-04-23,0,4,Spring,0,0,0,담하,갑오징어 비빔밥
2024-04-24,0,4,Spring,0,0,0,담하,갑오징어 비빔밥
2024-04-25,0,4,Spring,0,0,0,담하,갑오징어 비빔밥
2024-04-26,2,4,Spring,0,0,0,담하,갑오징어 비빔밥
2024-04-27,1,4,Spring,1,0,1,담하,갑오징어 비빔밥
2024-04-28,0,4,Spring,1,0,1,담하,갑오징어 비빔밥
2024-04-29,0,4,Spring,0,0,0,담하,갑오징어 비빔밥
2024-04-30,1,4,Spring,0,0,0,담하,갑오징어 비빔밥
2024-05-01,0,5,Spring,0,0,0,담하,갑오징어 비빔밥
2024-05-02,0,5,Spring,0,0,0,담하,갑오징어 비빔밥
2024-05-03,0,5,Spring,0,0,0,담하,갑오징어 비빔밥
2024-05-04,0,5,Spring,1,0,1,담하,갑오징어 비빔밥
2024-05-05,3,5,Spring,1,1,1,담하,갑오징어 비빔밥
2024-05-06,3,5,Spring,0,1,1,담하,갑오징어 비빔밥
2024-05-07,1,5,Spring,0,0,0,담하,갑오징어 비빔밥
2024-05-08,0,5,Spring,0,0,0,담하,갑오징어 비빔밥
2024-05-09,1,5,Spring,0,0,0,담하,갑오징어 비빔밥
2024-05-10,0,5,Spring,0,0,0,담하,갑오징어 비빔밥
2024-05-11,1,5,Spring,1,0,1,담하,갑오징어 비빔밥
2024-05-12,0,5,Spring,1,0,1,담하,갑오징어 비빔밥
2024-05-13,0,5,Spring,0,0,0,담하,갑오징어 비빔밥
2024-05-14,1,5,Spring,0,0,0,담하,갑오징어 비빔밥
2024-05-15,0,5,Spring,0,1,1,담하,갑오징어 비빔밥
2024-05-16,0,5,Spring,0,0,0,담하,갑오징어 비빔밥
2024-05-17,1,5,Spring,0,0,0,담하,갑오징어 비빔밥
2024-05-18,2,5,Spring,1,0,1,담하,갑오징어 비빔밥
2024-05-19,0,5,Spring,1,0,1,담하,갑오징어 비빔밥
2024-05-20,2,5,Spring,0,0,0,담하,갑오징어 비빔밥
2024-05-21,0,5,Spring,0,0,0,담하,갑오징어 비빔밥
2024-05-22,0,5,Spring,0,0,0,담하,갑오징어 비빔밥
2024-05-23,0,5,Spring,0,0,0,담하,갑오징어 비빔밥
2024-05-24,0,5,Spring,0,0,0,담하,갑오징어 비빔밥
2024-05-25,0,5,Spring,1,0,1,담하,갑오징어 비빔밥
2024-05-26,0,5,Spring,1,0,1,담하,갑오징어 비빔밥
2024-05-27,0,5,Spring,0,0,0,담하,갑오징어 비빔밥
2024-05-28,0,5,Spring,0,0,0,담하,갑오징어 비빔밥
2024-05-29,0,5,Spring,0,0,0,담하,갑오징어 비빔밥
2024-05-30,0,5,Spring,0,0,0,담하,갑오징어 비빔밥
2024-05-31,0,5,Spring,0,0,0,담하,갑오징어 비빔밥
2024-06-01,1,6,Summer,1,0,1,담하,갑오징어 비빔밥
2024-06-02,0,6,Summer,1,0,1,담하,갑오징어 비빔밥
2024-06-03,0,6,Summer,0,0,0,담하,갑오징어 비빔밥
2024-06-04,0,6,Summer,0,0,0,담하,갑오징어 비빔밥
2024-06-05,0,6,Summer,0,0,0,담하,갑오징어 비빔밥
2024-06-06,0,6,Summer,0,1,1,담하,갑오징어 비빔밥
2024-06-07,0,6,Summer,0,0,0,담하,갑오징어 비빔밥
2024-06-08,0,6,Summer,1,0,1,담하,갑오징어 비빔밥
2024-06-09,0,6,Summer,1,0,1,담하,갑오징어 비빔밥
2024-06-10,0,6,Summer,0,0,0,담하,갑오징어 비빔밥
2024-06-11,0,6,Summer,0,0,0,담하,갑오징어 비빔밥
2024-06-12,0,6,Summer,0,0,0,담하,갑오징어 비빔밥
2024-06-13,0,6,Summer,0,0,0,담하,갑오징어 비빔밥
2024-06-14,0,6,Summer,0,0,0,담하,갑오징어 비빔밥
2024-06-15,1,6,Summer,1,0,1,담하,갑오징어 비빔밥
2023-01-01,0,1,Winter,1,1,1,담하,갱시기
2023-01-02,0,1,Winter,0,0,0,담하,갱시기
2023-01-03,0,1,Winter,0,0,0,담하,갱시기
2023-01-04,0,1,Winter,0,0,0,담하,갱시기
2023-01-05,0,1,Winter,0,0,0,담하,갱시기
2023-01-06,0,1,Winter,0,0,0,담하,갱시기
2023-01-07,0,1,Winter,1,0,1,담하,갱시기
2023-01-08,0,1,Winter,1,0,1,담하,갱시기
2023-01-09,0,1,Winter,0,0,0,담하,갱시기
2023-01-10,0,1,Winter,0,0,0,담하,갱시기
2023-01-11,0,1,Winter,0,0,0,담하,갱시기
2023-01-12,0,1,Winter,0,0,0,담하,갱시기
2023-01-13,0,1,Winter,0,0,0,담하,갱시기
2023-01-14,0,1,Winter,1,0,1,담하,갱시기
2023-01-15,0,1,Winter,1,0,1,담하,갱시기
2023-01-16,0,1,Winter,0,0,0,담하,갱시기
2023-01-17,0,1,Winter,0,0,0,담하,갱시기
2023-01-18,0,1,Winter,0,0,0,담하,갱시기
2023-01-19,0,1,Winter,0,0,0,담하,갱시기
2023-01-20,0,1,Winter,0,0,0,담하,갱시기
2023-01-21,0,1,Winter,1,1,1,담하,갱시기
2023-01-22,0,1,Winter,1,1,1,담하,갱시기
2023-01-23,0,1,Winter,0,1,1,담하,갱시기
2023-01-24,0,1,Winter,0,1,1,담하,갱시기
2023-01-25,0,1,Winter,0,0,0,담하,갱시기
2023-01-26,0,1,Winter,0,0,0,담하,갱시기
2023-01-27,0,1,Winter,0,0,0,담하,갱시기
2023-01-28,0,1,Winter,1,0,1,담하,갱시기
2023-01-29,0,1,Winter,1,0,1,담하,갱시기
2023-01-30,0,1,Winter,0,0,0,담하,갱시기
2023-01-31,0,1,Winter,0,0,0,담하,갱시기
2023-02-01,0,2,Winter,0,0,0,담하,갱시기
2023-02-02,0,2,Winter,0,0,0,담하,갱시기
2023-02-03,0,2,Winter,0,0,0,담하,갱시기
2023-02-04,0,2,Winter,1,0,1,담하,갱시기
2023-02-05,0,2,Winter,1,0,1,담하,갱시기
2023-02-06,0,2,Winter,0,0,0,담하,갱시기
2023-02-07,0,2,Winter,0,0,0,담하,갱시기
2023-02-08,0,2,Winter,0,0,0,담하,갱시기
2023-02-09,0,2,Winter,0,0,0,담하,갱시기
2023-02-10,0,2,Winter,0,0,0,담하,갱시기
2023-02-11,0,2,Winter,1,0,1,담하,갱시기
2023-02-12,0,2,Winter,1,0,1,담하,갱시기
2023-02-13,0,2,Winter,0,0,0,담하,갱시기
2023-02-14,0,2,Winter,0,0,0,담하,갱시기
2023-02-15,0,2,Winter,0,0,0,담하,갱시기
2023-02-16,0,2,Winter,0,0,0,담하,갱시기
2023-02-17,0,2,Winter,0,0,0,담하,갱시기
2023-02-18,0,2,Winter,1,0,1,담하,갱시기
2023-02-19,0,2,Winter,1,0,1,담하,갱시기
2023-02-20,0,2,Winter,0,0,0,담하,갱시기
2023-02-21,0,2,Winter,0,0,0,담하,갱시기
2023-02-22,0,2,Winter,0,0,0,담하,갱시기
2023-02-23,0,2,Winter,0,0,0,담하,갱시기
2023-02-24,0,2,Winter,0,0,0,담하,갱시기
2023-02-25,0,2,Winter,1,0,1,담하,갱시기
2023-02-26,0,2,Winter,1,0,1,담하,갱시기
2023-02-27,0,2,Winter,0,0,0,담하,갱시기
2023-02-28,0,2,Winter,0,0,0,담하,갱시기
2023-03-01,0,3,Spring,0,1,1,담하,갱시기
2023-03-02,0,3,Spring,0,0,0,담하,갱시기
2023-03-03,0,3,Spring,0,0,0,담하,갱시기
2023-03-04,0,3,Spring,1,0,1,담하,갱시기
2023-03-05,0,3,Spring,1,0,1,담하,갱시기
2023-03-06,0,3,Spring,0,0,0,담하,갱시기
2023-03-07,0,3,Spring,0,0,0,담하,갱시기
2023-03-08,0,3,Spring,0,0,0,담하,갱시기
2023-03-09,0,3,Spring,0,0,0,담하,갱시기
2023-03-10,0,3,Spring,0,0,0,담하,갱시기
2023-03-11,0,3,Spring,1,0,1,담하,갱시기
2023-03-12,0,3,Spring,1,0,1,담하,갱시기
2023-03-13,0,3,Spring,0,0,0,담하,갱시기
2023-03-14,0,3,Spring,0,0,0,담하,갱시기
2023-03-15,0,3,Spring,0,0,0,담하,갱시기
2023-03-16,0,3,Spring,0,0,0,담하,갱시기
2023-03-17,0,3,Spring,0,0,0,담하,갱시기
2023-03-18,0,3,Spring,1,0,1,담하,갱시기
2023-03-19,0,3,Spring,1,0,1,담하,갱시기
2023-03-20,0,3,Spring,0,0,0,담하,갱시기
2023-03-21,0,3,Spring,0,0,0,담하,갱시기
2023-03-22,0,3,Spring,0,0,0,담하,갱시기
2023-03-23,0,3,Spring,0,0,0,담하,갱시기
2023-03-24,0,3,Spring,0,0,0,담하,갱시기
2023-03-25,0,3,Spring,1,0,1,담하,갱시기
2023-03-26,0,3,Spring,1,0,1,담하,갱시기
2023-03-27,0,3,Spring,0,0,0,담하,갱시기
2023-03-28,0,3,Spring,0,0,0,담하,갱시기
2023-03-29,0,3,Spring,0,0,0,담하,갱시기
2023-03-30,0,3,Spring,0,0,0,담하,갱시기
2023-03-31,0,3,Spring,0,0,0,담하,갱시기
2023-04-01,0,4,Spring,1,0,1,담하,갱시기
2023-04-02,0,4,Spring,1,0,1,담하,갱시기
2023-04-03,0,4,Spring,0,0,0,담하,갱시기
2023-04-04,0,4,Spring,0,0,0,담하,갱시기
2023-04-05,0,4,Spring,0,0,0,담하,갱시기
2023-04-06,0,4,Spring,0,0,0,담하,갱시기
2023-04-07,0,4,Spring,0,0,0,담하,갱시기
2023-04-08,0,4,Spring,1,0,1,담하,갱시기
2023-04-09,0,4,Spring,1,0,1,담하,갱시기
2023-04-10,0,4,Spring,0,0,0,담하,갱시기
2023-04-11,0,4,Spring,0,0,0,담하,갱시기
2023-04-12,0,4,Spring,0,0,0,담하,갱시기
2023-04-13,0,4,Spring,0,0,0,담하,갱시기
2023-04-14,0,4,Spring,0,0,0,담하,갱시기
2023-04-15,0,4,Spring,1,0,1,담하,갱시기
2023-04-16,0,4,Spring,1,0,1,담하,갱시기
2023-04-17,0,4,Spring,0,0,0,담하,갱시기
2023-04-18,0,4,Spring,0,0,0,담하,갱시기
2023-04-19,0,4,Spring,0,0,0,담하,갱시기
2023-04-20,0,4,Spring,0,0,0,담하,갱시기
2023-04-21,0,4,Spring,0,0,0,담하,갱시기
2023-04-22,0,4,Spring,1,0,1,담하,갱시기
2023-04-23,0,4,Spring,1,0,1,담하,갱시기
2023-04-24,0,4,Spring,0,0,0,담하,갱시기
2023-04-25,0,4,Spring,0,0,0,담하,갱시기
2023-04-26,0,4,Spring,0,0,0,담하,갱시기
2023-04-27,0,4,Spring,0,0,0,담하,갱시기
2023-04-28,0,4,Spring,0,0,0,담하,갱시기
2023-04-29,0,4,Spring,1,0,1,담하,갱시기
2023-04-30,0,4,Spring,1,0,1,담하,갱시기
2023-05-01,0,5,Spring,0,0,0,담하,갱시기
2023-05-02,0,5,Spring,0,0,0,담하,갱시기
2023-05-03,0,5,Spring,0,0,0,담하,갱시기
2023-05-04,0,5,Spring,0,0,0,담하,갱시기
2023-05-05,0,5,Spring,0,1,1,담하,갱시기
2023-05-06,0,5,Spring,1,0,1,담하,갱시기
2023-05-07,0,5,Spring,1,0,1,담하,갱시기
2023-05-08,0,5,Spring,0,0,0,담하,갱시기
2023-05-09,0,5,Spring,0,0,0,담하,갱시기
2023-05-10,0,5,Spring,0,0,0,담하,갱시기
2023-05-11,0,5,Spring,0,0,0,담하,갱시기
2023-05-12,0,5,Spring,0,0,0,담하,갱시기
2023-05-13,0,5,Spring,1,0,1,담하,갱시기
2023-05-14,0,5,Spring,1,0,1,담하,갱시기
2023-05-15,0,5,Spring,0,0,0,담하,갱시기
2023-05-16,0,5,Spring,0,0,0,담하,갱시기
2023-05-17,0,5,Spring,0,0,0,담하,갱시기
2023-05-18,0,5,Spring,0,0,0,담하,갱시기
2023-05-19,0,5,Spring,0,0,0,담하,갱시기
2023-05-20,0,5,Spring,1,0,1,담하,갱시기
2023-05-21,0,5,Spring,1,0,1,담하,갱시기
2023-05-22,0,5,Spring,0,0,0,담하,갱시기
2023-05-23,0,5,Spring,0,0,0,담하,갱시기
2023-05-24,0,5,Spring,0,0,0,담하,갱시기
2023-05-25,0,5,Spring,0,0,0,담하,갱시기
2023-05-26,0,5,Spring,0,0,0,담하,갱시기
2023-05-27,0,5,Spring,1,1,1,담하,갱시기
2023-05-28,0,5,Spring,1,0,1,담하,갱시기
2023-05-29,0,5,Spring,0,1,1,담하,갱시기
2023-05-30,0,5,Spring,0,0,0,담하,갱시기
2023-05-31,0,5,Spring,0,0,0,담하,갱시기
2023-06-01,0,6,Summer,0,0,0,담하,갱시기
2023-06-02,0,6,Summer,0,0,0,담하,갱시기
2023-06-03,0,6,Summer,1,0,1,담하,갱시기
2023-06-04,0,6,Summer,1,0,1,담하,갱시기
2023-06-05,0,6,Summer,0,0,0,담하,갱시기
2023-06-06,0,6,Summer,0,1,1,담하,갱시기
2023-06-07,0,6,Summer,0,0,0,담하,갱시기
2023-06-08,0,6,Summer,0,0,0,담하,갱시기
2023-06-09,0,6,Summer,0,0,0,담하,갱시기
2023-06-10,0,6,Summer,1,0,1,담하,갱시기
2023-06-11,0,6,Summer,1,0,1,담하,갱시기
2023-06-12,0,6,Summer,0,0,0,담하,갱시기
2023-06-13,0,6,Summer,0,0,0,담하,갱시기
2023-06-14,0,6,Summer,0,0,0,담하,갱시기
2023-06-15,0,6,Summer,0,0,0,담하,갱시기
2023-06-16,0,6,Summer,0,0,0,담하,갱시기
2023-06-17,0,6,Summer,1,0,1,담하,갱시기
2023-06-18,0,6,Summer,1,0,1,담하,갱시기
2023-06-19,0,6,Summer,0,0,0,담하,갱시기
2023-06-20,0,6,Summer,0,0,0,담하,갱시기
2023-06-21,0,6,Summer,0,0,0,담하,갱시기
2023-06-22,0,6,Summer,0,0,0,담하,갱시기
2023-06-23,0,6,Summer,0,0,0,담하,갱시기
2023-06-24,0,6,Summer,1,0,1,담하,갱시기
2023-06-25,0,6,Summer,1,0,1,담하,갱시기
2023-06-26,0,6,Summer,0,0,0,담하,갱시기
2023-06-27,0,6,Summer,0,0,0,담하,갱시기
2023-06-28,0,6,Summer,0,0,0,담하,갱시기
2023-06-29,0,6,Summer,0,0,0,담하,갱시기
2023-06-30,0,6,Summer,0,0,0,담하,갱시기
2023-07-01,0,7,Summer,1,0,1,담하,갱시기
2023-07-02,0,7,Summer,1,0,1,담하,갱시기
2023-07-03,0,7,Summer,0,0,0,담하,갱시기
2023-07-04,0,7,Summer,0,0,0,담하,갱시기
2023-07-05,0,7,Summer,0,0,0,담하,갱시기
2023-07-06,0,7,Summer,0,0,0,담하,갱시기
2023-07-07,0,7,Summer,0,0,0,담하,갱시기
2023-07-08,0,7,Summer,1,0,1,담하,갱시기
2023-07-09,0,7,Summer,1,0,1,담하,갱시기
2023-07-10,0,7,Summer,0,0,0,담하,갱시기
2023-07-11,0,7,Summer,0,0,0,담하,갱시기
2023-07-12,0,7,Summer,0,0,0,담하,갱시기
2023-07-13,0,7,Summer,0,0,0,담하,갱시기
2023-07-14,0,7,Summer,0,0,0,담하,갱시기
2023-07-15,0,7,Summer,1,0,1,담하,갱시기
2023-07-16,0,7,Summer,1,0,1,담하,갱시기
2023-07-17,0,7,Summer,0,0,0,담하,갱시기
2023-07-18,0,7,Summer,0,0,0,담하,갱시기
2023-07-19,0,7,Summer,0,0,0,담하,갱시기
2023-07-20,0,7,Summer,0,0,0,담하,갱시기
2023-07-21,0,7,Summer,0,0,0,담하,갱시기
2023-07-22,0,7,Summer,1,0,1,담하,갱시기
2023-07-23,0,7,Summer,1,0,1,담하,갱시기
2023-07-24,0,7,Summer,0,0,0,담하,갱시기
2023-07-25,0,7,Summer,0,0,0,담하,갱시기
2023-07-26,0,7,Summer,0,0,0,담하,갱시기
2023-07-27,0,7,Summer,0,0,0,담하,갱시기
2023-07-28,0,7,Summer,0,0,0,담하,갱시기
2023-07-29,0,7,Summer,1,0,1,담하,갱시기
2023-07-30,0,7,Summer,1,0,1,담하,갱시기
2023-07-31,0,7,Summer,0,0,0,담하,갱시기
2023-08-01,0,8,Summer,0,0,0,담하,갱시기
2023-08-02,0,8,Summer,0,0,0,담하,갱시기
2023-08-03,0,8,Summer,0,0,0,담하,갱시기
2023-08-04,0,8,Summer,0,0,0,담하,갱시기
2023-08-05,0,8,Summer,1,0,1,담하,갱시기
2023-08-06,0,8,Summer,1,0,1,담하,갱시기
2023-08-07,0,8,Summer,0,0,0,담하,갱시기
2023-08-08,0,8,Summer,0,0,0,담하,갱시기
2023-08-09,0,8,Summer,0,0,0,담하,갱시기
2023-08-10,0,8,Summer,0,0,0,담하,갱시기
2023-08-11,0,8,Summer,0,0,0,담하,갱시기
2023-08-12,0,8,Summer,1,0,1,담하,갱시기
2023-08-13,0,8,Summer,1,0,1,담하,갱시기
2023-08-14,0,8,Summer,0,0,0,담하,갱시기
2023-08-15,0,8,Summer,0,1,1,담하,갱시기
2023-08-16,0,8,Summer,0,0,0,담하,갱시기
2023-08-17,0,8,Summer,0,0,0,담하,갱시기
2023-08-18,0,8,Summer,0,0,0,담하,갱시기
2023-08-19,0,8,Summer,1,0,1,담하,갱시기
2023-08-20,0,8,Summer,1,0,1,담하,갱시기
2023-08-21,0,8,Summer,0,0,0,담하,갱시기
2023-08-22,0,8,Summer,0,0,0,담하,갱시기
2023-08-23,0,8,Summer,0,0,0,담하,갱시기
2023-08-24,0,8,Summer,0,0,0,담하,갱시기
2023-08-25,0,8,Summer,0,0,0,담하,갱시기
2023-08-26,0,8,Summer,1,0,1,담하,갱시기
2023-08-27,0,8,Summer,1,0,1,담하,갱시기
2023-08-28,0,8,Summer,0,0,0,담하,갱시기
2023-08-29,0,8,Summer,0,0,0,담하,갱시기
2023-08-30,0,8,Summer,0,0,0,담하,갱시기
2023-08-31,0,8,Summer,0,0,0,담하,갱시기
2023-09-01,0,9,Autumn,0,0,0,담하,갱시기
2023-09-02,0,9,Autumn,1,0,1,담하,갱시기
2023-09-03,0,9,Autumn,1,0,1,담하,갱시기
2023-09-04,0,9,Autumn,0,0,0,담하,갱시기
2023-09-05,0,9,Autumn,0,0,0,담하,갱시기
2023-09-06,0,9,Autumn,0,0,0,담하,갱시기
2023-09-07,0,9,Autumn,0,0,0,담하,갱시기
2023-09-08,0,9,Autumn,0,0,0,담하,갱시기
2023-09-09,0,9,Autumn,1,0,1,담하,갱시기
2023-09-10,0,9,Autumn,1,0,1,담하,갱시기
2023-09-11,0,9,Autumn,0,0,0,담하,갱시기
2023-09-12,0,9,Autumn,0,0,0,담하,갱시기
2023-09-13,0,9,Autumn,0,0,0,담하,갱시기
2023-09-14,0,9,Autumn,0,0,0,담하,갱시기
2023-09-15,0,9,Autumn,0,0,0,담하,갱시기
2023-09-16,0,9,Autumn,1,0,1,담하,갱시기
2023-09-17,0,9,Autumn,1,0,1,담하,갱시기
2023-09-18,0,9,Autumn,0,0,0,담하,갱시기
2023-09-19,0,9,Autumn,0,0,0,담하,갱시기
2023-09-20,0,9,Autumn,0,0,0,담하,갱시기
2023-09-21,0,9,Autumn,0,0,0,담하,갱시기
2023-09-22,0,9,Autumn,0,0,0,담하,갱시기
2023-09-23,0,9,Autumn,1,0,1,담하,갱시기
2023-09-24,0,9,Autumn,1,0,1,담하,갱시기
2023-09-25,0,9,Autumn,0,0,0,담하,갱시기
2023-09-26,0,9,Autumn,0,0,0,담하,갱시기
2023-09-27,0,9,Autumn,0,0,0,담하,갱시기
2023-09-28,0,9,Autumn,0,1,1,담하,갱시기
2023-09-29,0,9,Autumn,0,1,1,담하,갱시기
2023-09-30,0,9,Autumn,1,1,1,담하,갱시기
2023-10-01,0,10,Autumn,1,0,1,담하,갱시기
2023-10-02,0,10,Autumn,0,1,1,담하,갱시기
2023-10-03,0,10,Autumn,0,1,1,담하,갱시기
2023-10-04,0,10,Autumn,0,0,0,담하,갱시기
2023-10-05,0,10,Autumn,0,0,0,담하,갱시기
2023-10-06,0,10,Autumn,0,0,0,담하,갱시기
2023-10-07,0,10,Autumn,1,0,1,담하,갱시기
2023-10-08,0,10,Autumn,1,0,1,담하,갱시기
2023-10-09,0,10,Autumn,0,1,1,담하,갱시기
2023-10-10,0,10,Autumn,0,0,0,담하,갱시기
2023-10-11,0,10,Autumn,0,0,0,담하,갱시기
2023-10-12,0,10,Autumn,0,0,0,담하,갱시기
2023-10-13,0,10,Autumn,0,0,0,담하,갱시기
2023-10-14,0,10,Autumn,1,0,1,담하,갱시기
2023-10-15,0,10,Autumn,1,0,1,담하,갱시기
2023-10-16,0,10,Autumn,0,0,0,담하,갱시기
2023-10-17,0,10,Autumn,0,0,0,담하,갱시기
2023-10-18,0,10,Autumn,0,0,0,담하,갱시기
2023-10-19,0,10,Autumn,0,0,0,담하,갱시기
2023-10-20,0,10,Autumn,0,0,0,담하,갱시기
2023-10-21,0,10,Autumn,1,0,1,담하,갱시기
2023-10-22,0,10,Autumn,1,0,1,담하,갱시기
2023-10-23,0,10,Autumn,0,0,0,담하,갱시기
2023-10-24,0,10,Autumn,0,0,0,담하,갱시기
2023-10-25,0,10,Autumn,0,0,0,담하,갱시기
2023-10-26,0,10,Autumn,0,0,0,담하,갱시기
2023-10-27,0,10,Autumn,0,0,0,담하,갱시기
2023-10-28,0,10,Autumn,1,0,1,담하,갱시기
2023-10-29,0,10,Autumn,1,0,1,담하,갱시기
2023-10-30,0,10,Autumn,0,0,0,담하,갱시기
2023-10-31,0,10,Autumn,0,0,0,담하,갱시기
2023-11-01,0,11,Autumn,0,0,0,담하,갱시기
2023-11-02,0,11,Autumn,0,0,0,담하,갱시기
2023-11-03,0,11,Autumn,0,0,0,담하,갱시기
2023-11-04,0,11,Autumn,1,0,1,담하,갱시기
2023-11-05,0,11,Autumn,1,0,1,담하,갱시기
2023-11-06,0,11,Autumn,0,0,0,담하,갱시기
2023-11-07,0,11,Autumn,0,0,0,담하,갱시기
2023-11-08,0,11,Autumn,0,0,0,담하,갱시기
2023-11-09,0,11,Autumn,0,0,0,담하,갱시기
2023-11-10,0,11,Autumn,0,0,0,담하,갱시기
2023-11-11,0,11,Autumn,1,0,1,담하,갱시기
2023-11-12,0,11,Autumn,1,0,1,담하,갱시기
2023-11-13,0,11,Autumn,0,0,0,담하,갱시기
2023-11-14,0,11,Autumn,0,0,0,담하,갱시기
2023-11-15,0,11,Autumn,0,0,0,담하,갱시기
2023-11-16,0,11,Autumn,0,0,0,담하,갱시기
2023-11-17,0,11,Autumn,0,0,0,담하,갱시기
2023-11-18,0,11,Autumn,1,0,1,담하,갱시기
2023-11-19,0,11,Autumn,1,0,1,담하,갱시기
2023-11-20,0,11,Autumn,0,0,0,담하,갱시기
2023-11-21,0,11,Autumn,0,0,0,담하,갱시기
2023-11-22,0,11,Autumn,0,0,0,담하,갱시기
2023-11-23,0,11,Autumn,0,0,0,담하,갱시기
2023-11-24,0,11,Autumn,0,0,0,담하,갱시기
2023-11-25,0,11,Autumn,1,0,1,담하,갱시기
2023-11-26,0,11,Autumn,1,0,1,담하,갱시기
2023-11-27,0,11,Autumn,0,0,0,담하,갱시기
2023-11-28,0,11,Autumn,0,0,0,담하,갱시기
2023-11-29,0,11,Autumn,0,0,0,담하,갱시기
2023-11-30,0,11,Autumn,0,0,0,담하,갱시기
2023-12-01,0,12,Winter,0,0,0,담하,갱시기
2023-12-02,0,12,Winter,1,0,1,담하,갱시기
2023-12-03,0,12,Winter,1,0,1,담하,갱시기
2023-12-04,0,12,Winter,0,0,0,담하,갱시기
2023-12-05,0,12,Winter,0,0,0,담하,갱시기
2023-12-06,0,12,Winter,0,0,0,담하,갱시기
2023-12-07,0,12,Winter,0,0,0,담하,갱시기
2023-12-08,1,12,Winter,0,0,0,담하,갱시기
2023-12-09,5,12,Winter,1,0,1,담하,갱시기
2023-12-10,4,12,Winter,1,0,1,담하,갱시기
2023-12-11,0,12,Winter,0,0,0,담하,갱시기
2023-12-12,1,12,Winter,0,0,0,담하,갱시기
2023-12-13,2,12,Winter,0,0,0,담하,갱시기
2023-12-14,0,12,Winter,0,0,0,담하,갱시기
2023-12-15,0,12,Winter,0,0,0,담하,갱시기
2023-12-16,10,12,Winter,1,0,1,담하,갱시기
2023-12-17,3,12,Winter,1,0,1,담하,갱시기
2023-12-18,5,12,Winter,0,0,0,담하,갱시기
2023-12-19,2,12,Winter,0,0,0,담하,갱시기
2023-12-20,2,12,Winter,0,0,0,담하,갱시기
2023-12-21,3,12,Winter,0,0,0,담하,갱시기
2023-12-22,1,12,Winter,0,0,0,담하,갱시기
2023-12-23,7,12,Winter,1,0,1,담하,갱시기
2023-12-24,10,12,Winter,1,0,1,담하,갱시기
2023-12-25,0,12,Winter,0,1,1,담하,갱시기
2023-12-26,3,12,Winter,0,0,0,담하,갱시기
2023-12-27,2,12,Winter,0,0,0,담하,갱시기
2023-12-28,0,12,Winter,0,0,0,담하,갱시기
2023-12-29,1,12,Winter,0,0,0,담하,갱시기
2023-12-30,3,12,Winter,1,0,1,담하,갱시기
2023-12-31,7,12,Winter,1,0,1,담하,갱시기
2024-01-01,6,1,Winter,0,1,1,담하,갱시기
2024-01-02,6,1,Winter,0,0,0,담하,갱시기
2024-01-03,2,1,Winter,0,0,0,담하,갱시기
2024-01-04,1,1,Winter,0,0,0,담하,갱시기
2024-01-05,4,1,Winter,0,0,0,담하,갱시기
2024-01-06,0,1,Winter,1,0,1,담하,갱시기
2024-01-07,2,1,Winter,1,0,1,담하,갱시기
2024-01-08,4,1,Winter,0,0,0,담하,갱시기
2024-01-09,0,1,Winter,0,0,0,담하,갱시기
2024-01-10,4,1,Winter,0,0,0,담하,갱시기
2024-01-11,2,1,Winter,0,0,0,담하,갱시기
2024-01-12,1,1,Winter,0,0,0,담하,갱시기
2024-01-13,20,1,Winter,1,0,1,담하,갱시기
2024-01-14,1,1,Winter,1,0,1,담하,갱시기
2024-01-15,1,1,Winter,0,0,0,담하,갱시기
2024-01-16,4,1,Winter,0,0,0,담하,갱시기
2024-01-17,5,1,Winter,0,0,0,담하,갱시기
2024-01-18,0,1,Winter,0,0,0,담하,갱시기
2024-01-19,3,1,Winter,0,0,0,담하,갱시기
2024-01-20,8,1,Winter,1,0,1,담하,갱시기
2024-01-21,9,1,Winter,1,0,1,담하,갱시기
2024-01-22,3,1,Winter,0,0,0,담하,갱시기
2024-01-23,5,1,Winter,0,0,0,담하,갱시기
2024-01-24,0,1,Winter,0,0,0,담하,갱시기
2024-01-25,0,1,Winter,0,0,0,담하,갱시기
2024-01-26,2,1,Winter,0,0,0,담하,갱시기
2024-01-27,9,1,Winter,1,0,1,담하,갱시기
2024-01-28,3,1,Winter,1,0,1,담하,갱시기
2024-01-29,1,1,Winter,0,0,0,담하,갱시기
2024-01-30,4,1,Winter,0,0,0,담하,갱시기
2024-01-31,2,1,Winter,0,0,0,담하,갱시기
2024-02-01,0,2,Winter,0,0,0,담하,갱시기
2024-02-02,0,2,Winter,0,0,0,담하,갱시기
2024-02-03,0,2,Winter,1,0,1,담하,갱시기
2024-02-04,1,2,Winter,1,0,1,담하,갱시기
2024-02-05,0,2,Winter,0,0,0,담하,갱시기
2024-02-06,0,2,Winter,0,0,0,담하,갱시기
2024-02-07,3,2,Winter,0,0,0,담하,갱시기
2024-02-08,0,2,Winter,0,0,0,담하,갱시기
2024-02-09,7,2,Winter,0,1,1,담하,갱시기
2024-02-10,8,2,Winter,1,1,1,담하,갱시기
2024-02-11,6,2,Winter,1,1,1,담하,갱시기
2024-02-12,4,2,Winter,0,1,1,담하,갱시기
2024-02-13,5,2,Winter,0,0,0,담하,갱시기
2024-02-14,3,2,Winter,0,0,0,담하,갱시기
2024-02-15,2,2,Winter,0,0,0,담하,갱시기
2024-02-16,1,2,Winter,0,0,0,담하,갱시기
2024-02-17,3,2,Winter,1,0,1,담하,갱시기
2024-02-18,4,2,Winter,1,0,1,담하,갱시기
2024-02-19,4,2,Winter,0,0,0,담하,갱시기
2024-02-20,0,2,Winter,0,0,0,담하,갱시기
2024-02-21,0,2,Winter,0,0,0,담하,갱시기
2024-02-22,0,2,Winter,0,0,0,담하,갱시기
2024-02-23,0,2,Winter,0,0,0,담하,갱시기
2024-02-24,7,2,Winter,1,0,1,담하,갱시기
2024-02-25,2,2,Winter,1,0,1,담하,갱시기
2024-02-26,4,2,Winter,0,0,0,담하,갱시기
2024-02-27,1,2,Winter,0,0,0,담하,갱시기
2024-02-28,0,2,Winter,0,0,0,담하,갱시기
2024-02-29,2,2,Winter,0,0,0,담하,갱시기
2024-03-01,7,3,Spring,0,1,1,담하,갱시기
2024-03-02,1,3,Spring,1,0,1,담하,갱시기
2024-03-03,0,3,Spring,1,0,1,담하,갱시기
2024-03-04,0,3,Spring,0,0,0,담하,갱시기
2024-03-05,0,3,Spring,0,0,0,담하,갱시기
2024-03-06,0,3,Spring,0,0,0,담하,갱시기
2024-03-07,0,3,Spring,0,0,0,담하,갱시기
2024-03-08,0,3,Spring,0,0,0,담하,갱시기
2024-03-09,0,3,Spring,1,0,1,담하,갱시기
2024-03-10,0,3,Spring,1,0,1,담하,갱시기
2024-03-11,0,3,Spring,0,0,0,담하,갱시기
2024-03-12,0,3,Spring,0,0,0,담하,갱시기
2024-03-13,0,3,Spring,0,0,0,담하,갱시기
2024-03-14,0,3,Spring,0,0,0,담하,갱시기
2024-03-15,0,3,Spring,0,0,0,담하,갱시기
2024-03-16,2,3,Spring,1,0,1,담하,갱시기
2024-03-17,1,3,Spring,1,0,1,담하,갱시기
2024-03-18,0,3,Spring,0,0,0,담하,갱시기
2024-03-19,0,3,Spring,0,0,0,담하,갱시기
2024-03-20,0,3,Spring,0,0,0,담하,갱시기
2024-03-21,0,3,Spring,0,0,0,담하,갱시기
2024-03-22,0,3,Spring,0,0,0,담하,갱시기
2024-03-23,0,3,Spring,1,0,1,담하,갱시기
2024-03-24,2,3,Spring,1,0,1,담하,갱시기
2024-03-25,0,3,Spring,0,0,0,담하,갱시기
2024-03-26,0,3,Spring,0,0,0,담하,갱시기
2024-03-27,0,3,Spring,0,0,0,담하,갱시기
2024-03-28,0,3,Spring,0,0,0,담하,갱시기
2024-03-29,0,3,Spring,0,0,0,담하,갱시기
2024-03-30,2,3,Spring,1,0,1,담하,갱시기
2024-03-31,2,3,Spring,1,0,1,담하,갱시기
2024-04-01,1,4,Spring,0,0,0,담하,갱시기
2024-04-02,1,4,Spring,0,0,0,담하,갱시기
2024-04-03,0,4,Spring,0,0,0,담하,갱시기
2024-04-04,5,4,Spring,0,0,0,담하,갱시기
2024-04-05,0,4,Spring,0,0,0,담하,갱시기
2024-04-06,9,4,Spring,1,0,1,담하,갱시기
2024-04-07,9,4,Spring,1,0,1,담하,갱시기
2024-04-08,0,4,Spring,0,0,0,담하,갱시기
2024-04-09,5,4,Spring,0,0,0,담하,갱시기
2024-04-10,2,4,Spring,0,1,1,담하,갱시기
2024-04-11,5,4,Spring,0,0,0,담하,갱시기
2024-04-12,9,4,Spring,0,0,0,담하,갱시기
2024-04-13,6,4,Spring,1,0,1,담하,갱시기
2024-04-14,4,4,Spring,1,0,1,담하,갱시기
2024-04-15,1,4,Spring,0,0,0,담하,갱시기
2024-04-16,0,4,Spring,0,0,0,담하,갱시기
2024-04-17,1,4,Spring,0,0,0,담하,갱시기
2024-04-18,2,4,Spring,0,0,0,담하,갱시기
2024-04-19,3,4,Spring,0,0,0,담하,갱시기
2024-04-20,9,4,Spring,1,0,1,담하,갱시기
2024-04-21,12,4,Spring,1,0,1,담하,갱시기
2024-04-22,2,4,Spring,0,0,0,담하,갱시기
2024-04-23,5,4,Spring,0,0,0,담하,갱시기
2024-04-24,3,4,Spring,0,0,0,담하,갱시기
2024-04-25,0,4,Spring,0,0,0,담하,갱시기
2024-04-26,0,4,Spring,0,0,0,담하,갱시기
2024-04-27,6,4,Spring,1,0,1,담하,갱시기
2024-04-28,14,4,Spring,1,0,1,담하,갱시기
2024-04-29,3,4,Spring,0,0,0,담하,갱시기
2024-04-30,0,4,Spring,0,0,0,담하,갱시기
2024-05-01,5,5,Spring,0,0,0,담하,갱시기
2024-05-02,4,5,Spring,0,0,0,담하,갱시기
2024-05-03,2,5,Spring,0,0,0,담하,갱시기
2024-05-04,4,5,Spring,1,0,1,담하,갱시기
2024-05-05,8,5,Spring,1,1,1,담하,갱시기
2024-05-06,6,5,Spring,0,1,1,담하,갱시기
2024-05-07,0,5,Spring,0,0,0,담하,갱시기
2024-05-08,1,5,Spring,0,0,0,담하,갱시기
2024-05-09,0,5,Spring,0,0,0,담하,갱시기
2024-05-10,0,5,Spring,0,0,0,담하,갱시기
2024-05-11,0,5,Spring,1,0,1,담하,갱시기
2024-05-12,8,5,Spring,1,0,1,담하,갱시기
2024-05-13,4,5,Spring,0,0,0,담하,갱시기
2024-05-14,1,5,Spring,0,0,0,담하,갱시기
2024-05-15,1,5,Spring,0,1,1,담하,갱시기
2024-05-16,0,5,Spring,0,0,0,담하,갱시기
2024-05-17,2,5,Spring,0,0,0,담하,갱시기
2024-05-18,3,5,Spring,1,0,1,담하,갱시기
2024-05-19,5,5,Spring,1,0,1,담하,갱시기
2024-05-20,3,5,Spring,0,0,0,담하,갱시기
2024-05-21,7,5,Spring,0,0,0,담하,갱시기
2024-05-22,1,5,Spring,0,0,0,담하,갱시기
2024-05-23,2,5,Spring,0,0,0,담하,갱시기
2024-05-24,0,5,Spring,0,0,0,담하,갱시기
2024-05-25,4,5,Spring,1,0,1,담하,갱시기
2024-05-26,10,5,Spring,1,0,1,담하,갱시기
2024-05-27,0,5,Spring,0,0,0,담하,갱시기
2024-05-28,0,5,Spring,0,0,0,담하,갱시기
2024-05-29,0,5,Spring,0,0,0,담하,갱시기
2024-05-30,0,5,Spring,0,0,0,담하,갱시기
2024-05-31,2,5,Spring,0,0,0,담하,갱시기
2024-06-01,2,6,Summer,1,0,1,담하,갱시기
2024-06-02,3,6,Summer,1,0,1,담하,갱시기
2024-06-03,0,6,Summer,0,0,0,담하,갱시기
2024-06-04,1,6,Summer,0,0,0,담하,갱시기
2024-06-05,2,6,Summer,0,0,0,담하,갱시기
2024-06-06,2,6,Summer,0,1,1,담하,갱시기
2024-06-07,5,6,Summer,0,0,0,담하,갱시기
2024-06-08,7,6,Summer,1,0,1,담하,갱시기
2024-06-09,9,6,Summer,1,0,1,담하,갱시기
2024-06-10,0,6,Summer,0,0,0,담하,갱시기
2024-06-11,1,6,Summer,0,0,0,담하,갱시기
2024-06-12,1,6,Summer,0,0,0,담하,갱시기
2024-06-13,0,6,Summer,0,0,0,담하,갱시기
2024-06-14,0,6,Summer,0,0,0,담하,갱시기
2024-06-15,0,6,Summer,1,0,1,담하,갱시기
2023-01-01,68,1,Winter,1,1,1,담하,공깃밥
2023-01-02,63,1,Winter,0,0,0,담하,공깃밥
2023-01-03,45,1,Winter,0,0,0,담하,공깃밥
2023-01-04,33,1,Winter,0,0,0,담하,공깃밥
2023-01-05,46,1,Winter,0,0,0,담하,공깃밥
2023-01-06,71,1,Winter,0,0,0,담하,공깃밥
2023-01-07,76,1,Winter,1,0,1,담하,공깃밥
2023-01-08,51,1,Winter,1,0,1,담하,공깃밥
2023-01-09,42,1,Winter,0,0,0,담하,공깃밥
2023-01-10,87,1,Winter,0,0,0,담하,공깃밥
2023-01-11,34,1,Winter,0,0,0,담하,공깃밥
2023-01-12,42,1,Winter,0,0,0,담하,공깃밥
2023-01-13,40,1,Winter,0,0,0,담하,공깃밥
2023-01-14,63,1,Winter,1,0,1,담하,공깃밥
2023-01-15,95,1,Winter,1,0,1,담하,공깃밥
2023-01-16,36,1,Winter,0,0,0,담하,공깃밥
2023-01-17,40,1,Winter,0,0,0,담하,공깃밥
2023-01-18,26,1,Winter,0,0,0,담하,공깃밥
2023-01-19,34,1,Winter,0,0,0,담하,공깃밥
2023-01-20,54,1,Winter,0,0,0,담하,공깃밥
2023-01-21,117,1,Winter,1,1,1,담하,공깃밥
2023-01-22,90,1,Winter,1,1,1,담하,공깃밥
2023-01-23,164,1,Winter,0,1,1,담하,공깃밥
2023-01-24,22,1,Winter,0,1,1,담하,공깃밥
2023-01-25,54,1,Winter,0,0,0,담하,공깃밥
2023-01-26,45,1,Winter,0,0,0,담하,공깃밥
2023-01-27,61,1,Winter,0,0,0,담하,공깃밥
2023-01-28,69,1,Winter,1,0,1,담하,공깃밥
2023-01-29,77,1,Winter,1,0,1,담하,공깃밥
2023-01-30,46,1,Winter,0,0,0,담하,공깃밥
2023-01-31,23,1,Winter,0,0,0,담하,공깃밥
2023-02-01,23,2,Winter,0,0,0,담하,공깃밥
2023-02-02,32,2,Winter,0,0,0,담하,공깃밥
2023-02-03,48,2,Winter,0,0,0,담하,공깃밥
2023-02-04,78,2,Winter,1,0,1,담하,공깃밥
2023-02-05,48,2,Winter,1,0,1,담하,공깃밥
2023-02-06,25,2,Winter,0,0,0,담하,공깃밥
2023-02-07,10,2,Winter,0,0,0,담하,공깃밥
2023-02-08,31,2,Winter,0,0,0,담하,공깃밥
2023-02-09,25,2,Winter,0,0,0,담하,공깃밥
2023-02-10,20,2,Winter,0,0,0,담하,공깃밥
2023-02-11,86,2,Winter,1,0,1,담하,공깃밥
2023-02-12,78,2,Winter,1,0,1,담하,공깃밥
2023-02-13,19,2,Winter,0,0,0,담하,공깃밥
2023-02-14,37,2,Winter,0,0,0,담하,공깃밥
2023-02-15,16,2,Winter,0,0,0,담하,공깃밥
2023-02-16,32,2,Winter,0,0,0,담하,공깃밥
2023-02-17,35,2,Winter,0,0,0,담하,공깃밥
2023-02-18,68,2,Winter,1,0,1,담하,공깃밥
2023-02-19,87,2,Winter,1,0,1,담하,공깃밥
2023-02-20,31,2,Winter,0,0,0,담하,공깃밥
2023-02-21,11,2,Winter,0,0,0,담하,공깃밥
2023-02-22,41,2,Winter,0,0,0,담하,공깃밥
2023-02-23,29,2,Winter,0,0,0,담하,공깃밥
2023-02-24,80,2,Winter,0,0,0,담하,공깃밥
2023-02-25,99,2,Winter,1,0,1,담하,공깃밥
2023-02-26,40,2,Winter,1,0,1,담하,공깃밥
2023-02-27,49,2,Winter,0,0,0,담하,공깃밥
2023-02-28,9,2,Winter,0,0,0,담하,공깃밥
2023-03-01,5,3,Spring,0,1,1,담하,공깃밥
2023-03-02,0,3,Spring,0,0,0,담하,공깃밥
2023-03-03,0,3,Spring,0,0,0,담하,공깃밥
2023-03-04,0,3,Spring,1,0,1,담하,공깃밥
2023-03-05,0,3,Spring,1,0,1,담하,공깃밥
2023-03-06,0,3,Spring,0,0,0,담하,공깃밥
2023-03-07,0,3,Spring,0,0,0,담하,공깃밥
2023-03-08,0,3,Spring,0,0,0,담하,공깃밥
2023-03-09,0,3,Spring,0,0,0,담하,공깃밥
2023-03-10,8,3,Spring,0,0,0,담하,공깃밥
2023-03-11,40,3,Spring,1,0,1,담하,공깃밥
2023-03-12,16,3,Spring,1,0,1,담하,공깃밥
2023-03-13,0,3,Spring,0,0,0,담하,공깃밥
2023-03-14,5,3,Spring,0,0,0,담하,공깃밥
2023-03-15,8,3,Spring,0,0,0,담하,공깃밥
2023-03-16,0,3,Spring,0,0,0,담하,공깃밥
2023-03-17,24,3,Spring,0,0,0,담하,공깃밥
2023-03-18,48,3,Spring,1,0,1,담하,공깃밥
2023-03-19,8,3,Spring,1,0,1,담하,공깃밥
2023-03-20,4,3,Spring,0,0,0,담하,공깃밥
2023-03-21,1,3,Spring,0,0,0,담하,공깃밥
2023-03-22,0,3,Spring,0,0,0,담하,공깃밥
2023-03-23,2,3,Spring,0,0,0,담하,공깃밥
2023-03-24,18,3,Spring,0,0,0,담하,공깃밥
2023-03-25,35,3,Spring,1,0,1,담하,공깃밥
2023-03-26,13,3,Spring,1,0,1,담하,공깃밥
2023-03-27,3,3,Spring,0,0,0,담하,공깃밥
2023-03-28,1,3,Spring,0,0,0,담하,공깃밥
2023-03-29,11,3,Spring,0,0,0,담하,공깃밥
2023-03-30,2,3,Spring,0,0,0,담하,공깃밥
2023-03-31,35,3,Spring,0,0,0,담하,공깃밥
2023-04-01,81,4,Spring,1,0,1,담하,공깃밥
2023-04-02,20,4,Spring,1,0,1,담하,공깃밥
2023-04-03,33,4,Spring,0,0,0,담하,공깃밥
2023-04-04,9,4,Spring,0,0,0,담하,공깃밥
2023-04-05,8,4,Spring,0,0,0,담하,공깃밥
2023-04-06,23,4,Spring,0,0,0,담하,공깃밥
2023-04-07,29,4,Spring,0,0,0,담하,공깃밥
2023-04-08,57,4,Spring,1,0,1,담하,공깃밥
2023-04-09,41,4,Spring,1,0,1,담하,공깃밥
2023-04-10,8,4,Spring,0,0,0,담하,공깃밥
2023-04-11,9,4,Spring,0,0,0,담하,공깃밥
2023-04-12,26,4,Spring,0,0,0,담하,공깃밥
2023-04-13,34,4,Spring,0,0,0,담하,공깃밥
2023-04-14,46,4,Spring,0,0,0,담하,공깃밥
2023-04-15,57,4,Spring,1,0,1,담하,공깃밥
2023-04-16,33,4,Spring,1,0,1,담하,공깃밥
2023-04-17,12,4,Spring,0,0,0,담하,공깃밥
2023-04-18,11,4,Spring,0,0,0,담하,공깃밥
2023-04-19,12,4,Spring,0,0,0,담하,공깃밥
2023-04-20,20,4,Spring,0,0,0,담하,공깃밥
2023-04-21,55,4,Spring,0,0,0,담하,공깃밥
2023-04-22,57,4,Spring,1,0,1,담하,공깃밥
2023-04-23,74,4,Spring,1,0,1,담하,공깃밥
2023-04-24,8,4,Spring,0,0,0,담하,공깃밥
2023-04-25,23,4,Spring,0,0,0,담하,공깃밥
2023-04-26,18,4,Spring,0,0,0,담하,공깃밥
2023-04-27,11,4,Spring,0,0,0,담하,공깃밥
2023-04-28,29,4,Spring,0,0,0,담하,공깃밥
2023-04-29,69,4,Spring,1,0,1,담하,공깃밥
2023-04-30,79,4,Spring,1,0,1,담하,공깃밥
2023-05-01,41,5,Spring,0,0,0,담하,공깃밥
2023-05-02,13,5,Spring,0,0,0,담하,공깃밥
2023-05-03,18,5,Spring,0,0,0,담하,공깃밥
2023-05-04,29,5,Spring,0,0,0,담하,공깃밥
2023-05-05,78,5,Spring,0,1,1,담하,공깃밥
2023-05-06,72,5,Spring,1,0,1,담하,공깃밥
2023-05-07,42,5,Spring,1,0,1,담하,공깃밥
2023-05-08,15,5,Spring,0,0,0,담하,공깃밥
2023-05-09,16,5,Spring,0,0,0,담하,공깃밥
2023-05-10,21,5,Spring,0,0,0,담하,공깃밥
2023-05-11,18,5,Spring,0,0,0,담하,공깃밥
2023-05-12,28,5,Spring,0,0,0,담하,공깃밥
2023-05-13,104,5,Spring,1,0,1,담하,공깃밥
2023-05-14,43,5,Spring,1,0,1,담하,공깃밥
2023-05-15,32,5,Spring,0,0,0,담하,공깃밥
2023-05-16,18,5,Spring,0,0,0,담하,공깃밥
2023-05-17,25,5,Spring,0,0,0,담하,공깃밥
2023-05-18,8,5,Spring,0,0,0,담하,공깃밥
2023-05-19,31,5,Spring,0,0,0,담하,공깃밥
2023-05-20,39,5,Spring,1,0,1,담하,공깃밥
2023-05-21,33,5,Spring,1,0,1,담하,공깃밥
2023-05-22,11,5,Spring,0,0,0,담하,공깃밥
2023-05-23,22,5,Spring,0,0,0,담하,공깃밥
2023-05-24,3,5,Spring,0,0,0,담하,공깃밥
2023-05-25,41,5,Spring,0,0,0,담하,공깃밥
2023-05-26,33,5,Spring,0,0,0,담하,공깃밥
2023-05-27,49,5,Spring,1,1,1,담하,공깃밥
2023-05-28,43,5,Spring,1,0,1,담하,공깃밥
2023-05-29,55,5,Spring,0,1,1,담하,공깃밥
2023-05-30,13,5,Spring,0,0,0,담하,공깃밥
2023-05-31,17,5,Spring,0,0,0,담하,공깃밥
2023-06-01,14,6,Summer,0,0,0,담하,공깃밥
2023-06-02,24,6,Summer,0,0,0,담하,공깃밥
2023-06-03,58,6,Summer,1,0,1,담하,공깃밥
2023-06-04,69,6,Summer,1,0,1,담하,공깃밥
2023-06-05,52,6,Summer,0,0,0,담하,공깃밥
2023-06-06,27,6,Summer,0,1,1,담하,공깃밥
2023-06-07,14,6,Summer,0,0,0,담하,공깃밥
2023-06-08,19,6,Summer,0,0,0,담하,공깃밥
2023-06-09,33,6,Summer,0,0,0,담하,공깃밥
2023-06-10,51,6,Summer,1,0,1,담하,공깃밥
2023-06-11,15,6,Summer,1,0,1,담하,공깃밥
2023-06-12,7,6,Summer,0,0,0,담하,공깃밥
2023-06-13,10,6,Summer,0,0,0,담하,공깃밥
2023-06-14,12,6,Summer,0,0,0,담하,공깃밥
2023-06-15,3,6,Summer,0,0,0,담하,공깃밥
2023-06-16,48,6,Summer,0,0,0,담하,공깃밥
2023-06-17,32,6,Summer,1,0,1,담하,공깃밥
2023-06-18,24,6,Summer,1,0,1,담하,공깃밥
2023-06-19,9,6,Summer,0,0,0,담하,공깃밥
2023-06-20,7,6,Summer,0,0,0,담하,공깃밥
2023-06-21,6,6,Summer,0,0,0,담하,공깃밥
2023-06-22,20,6,Summer,0,0,0,담하,공깃밥
2023-06-23,34,6,Summer,0,0,0,담하,공깃밥
2023-06-24,49,6,Summer,1,0,1,담하,공깃밥
2023-06-25,18,6,Summer,1,0,1,담하,공깃밥
2023-06-26,13,6,Summer,0,0,0,담하,공깃밥
2023-06-27,6,6,Summer,0,0,0,담하,공깃밥
2023-06-28,12,6,Summer,0,0,0,담하,공깃밥
2023-06-29,6,6,Summer,0,0,0,담하,공깃밥
2023-06-30,21,6,Summer,0,0,0,담하,공깃밥
2023-07-01,71,7,Summer,1,0,1,담하,공깃밥
2023-07-02,17,7,Summer,1,0,1,담하,공깃밥
2023-07-03,12,7,Summer,0,0,0,담하,공깃밥
2023-07-04,10,7,Summer,0,0,0,담하,공깃밥
2023-07-05,0,7,Summer,0,0,0,담하,공깃밥
2023-07-06,6,7,Summer,0,0,0,담하,공깃밥
2023-07-07,17,7,Summer,0,0,0,담하,공깃밥
2023-07-08,65,7,Summer,1,0,1,담하,공깃밥
2023-07-09,8,7,Summer,1,0,1,담하,공깃밥
2023-07-10,5,7,Summer,0,0,0,담하,공깃밥
2023-07-11,2,7,Summer,0,0,0,담하,공깃밥
2023-07-12,7,7,Summer,0,0,0,담하,공깃밥
2023-07-13,22,7,Summer,0,0,0,담하,공깃밥
2023-07-14,40,7,Summer,0,0,0,담하,공깃밥
2023-07-15,58,7,Summer,1,0,1,담하,공깃밥
2023-07-16,17,7,Summer,1,0,1,담하,공깃밥
2023-07-17,10,7,Summer,0,0,0,담하,공깃밥
2023-07-18,13,7,Summer,0,0,0,담하,공깃밥
2023-07-19,6,7,Summer,0,0,0,담하,공깃밥
2023-07-20,11,7,Summer,0,0,0,담하,공깃밥
2023-07-21,36,7,Summer,0,0,0,담하,공깃밥
2023-07-22,40,7,Summer,1,0,1,담하,공깃밥
2023-07-23,19,7,Summer,1,0,1,담하,공깃밥
2023-07-24,14,7,Summer,0,0,0,담하,공깃밥
2023-07-25,42,7,Summer,0,0,0,담하,공깃밥
2023-07-26,37,7,Summer,0,0,0,담하,공깃밥
2023-07-27,31,7,Summer,0,0,0,담하,공깃밥
2023-07-28,44,7,Summer,0,0,0,담하,공깃밥
2023-07-29,53,7,Summer,1,0,1,담하,공깃밥
2023-07-30,51,7,Summer,1,0,1,담하,공깃밥
2023-07-31,67,7,Summer,0,0,0,담하,공깃밥
2023-08-01,64,8,Summer,0,0,0,담하,공깃밥
2023-08-02,42,8,Summer,0,0,0,담하,공깃밥
2023-08-03,51,8,Summer,0,0,0,담하,공깃밥
2023-08-04,35,8,Summer,0,0,0,담하,공깃밥
2023-08-05,38,8,Summer,1,0,1,담하,공깃밥
2023-08-06,33,8,Summer,1,0,1,담하,공깃밥
2023-08-07,35,8,Summer,0,0,0,담하,공깃밥
2023-08-08,27,8,Summer,0,0,0,담하,공깃밥
2023-08-09,16,8,Summer,0,0,0,담하,공깃밥
2023-08-10,28,8,Summer,0,0,0,담하,공깃밥
2023-08-11,14,8,Summer,0,0,0,담하,공깃밥
2023-08-12,46,8,Summer,1,0,1,담하,공깃밥
2023-08-13,44,8,Summer,1,0,1,담하,공깃밥
2023-08-14,51,8,Summer,0,0,0,담하,공깃밥
2023-08-15,34,8,Summer,0,1,1,담하,공깃밥
2023-08-16,16,8,Summer,0,0,0,담하,공깃밥
2023-08-17,8,8,Summer,0,0,0,담하,공깃밥
2023-08-18,22,8,Summer,0,0,0,담하,공깃밥
2023-08-19,42,8,Summer,1,0,1,담하,공깃밥
2023-08-20,21,8,Summer,1,0,1,담하,공깃밥
2023-08-21,24,8,Summer,0,0,0,담하,공깃밥
2023-08-22,10,8,Summer,0,0,0,담하,공깃밥
2023-08-23,9,8,Summer,0,0,0,담하,공깃밥
2023-08-24,17,8,Summer,0,0,0,담하,공깃밥
2023-08-25,22,8,Summer,0,0,0,담하,공깃밥
2023-08-26,54,8,Summer,1,0,1,담하,공깃밥
2023-08-27,27,8,Summer,1,0,1,담하,공깃밥
2023-08-28,9,8,Summer,0,0,0,담하,공깃밥
2023-08-29,3,8,Summer,0,0,0,담하,공깃밥
2023-08-30,22,8,Summer,0,0,0,담하,공깃밥
2023-08-31,13,8,Summer,0,0,0,담하,공깃밥
2023-09-01,51,9,Autumn,0,0,0,담하,공깃밥
2023-09-02,69,9,Autumn,1,0,1,담하,공깃밥
2023-09-03,14,9,Autumn,1,0,1,담하,공깃밥
2023-09-04,0,9,Autumn,0,0,0,담하,공깃밥
2023-09-05,14,9,Autumn,0,0,0,담하,공깃밥
2023-09-06,1,9,Autumn,0,0,0,담하,공깃밥
2023-09-07,0,9,Autumn,0,0,0,담하,공깃밥
2023-09-08,11,9,Autumn,0,0,0,담하,공깃밥
2023-09-09,32,9,Autumn,1,0,1,담하,공깃밥
2023-09-10,38,9,Autumn,1,0,1,담하,공깃밥
2023-09-11,16,9,Autumn,0,0,0,담하,공깃밥
2023-09-12,12,9,Autumn,0,0,0,담하,공깃밥
2023-09-13,7,9,Autumn,0,0,0,담하,공깃밥
2023-09-14,10,9,Autumn,0,0,0,담하,공깃밥
2023-09-15,32,9,Autumn,0,0,0,담하,공깃밥
2023-09-16,58,9,Autumn,1,0,1,담하,공깃밥
2023-09-17,23,9,Autumn,1,0,1,담하,공깃밥
2023-09-18,8,9,Autumn,0,0,0,담하,공깃밥
2023-09-19,6,9,Autumn,0,0,0,담하,공깃밥
2023-09-20,12,9,Autumn,0,0,0,담하,공깃밥
2023-09-21,6,9,Autumn,0,0,0,담하,공깃밥
2023-09-22,35,9,Autumn,0,0,0,담하,공깃밥
2023-09-23,61,9,Autumn,1,0,1,담하,공깃밥
2023-09-24,15,9,Autumn,1,0,1,담하,공깃밥
2023-09-25,21,9,Autumn,0,0,0,담하,공깃밥
2023-09-26,3,9,Autumn,0,0,0,담하,공깃밥
2023-09-27,40,9,Autumn,0,0,0,담하,공깃밥
2023-09-28,129,9,Autumn,0,1,1,담하,공깃밥
2023-09-29,113,9,Autumn,0,1,1,담하,공깃밥
2023-09-30,63,9,Autumn,1,1,1,담하,공깃밥
2023-10-01,46,10,Autumn,1,0,1,담하,공깃밥
2023-10-02,83,10,Autumn,0,1,1,담하,공깃밥
2023-10-03,32,10,Autumn,0,1,1,담하,공깃밥
2023-10-04,10,10,Autumn,0,0,0,담하,공깃밥
2023-10-05,7,10,Autumn,0,0,0,담하,공깃밥
2023-10-06,64,10,Autumn,0,0,0,담하,공깃밥
2023-10-07,63,10,Autumn,1,0,1,담하,공깃밥
2023-10-08,99,10,Autumn,1,0,1,담하,공깃밥
2023-10-09,64,10,Autumn,0,1,1,담하,공깃밥
2023-10-10,13,10,Autumn,0,0,0,담하,공깃밥
2023-10-11,13,10,Autumn,0,0,0,담하,공깃밥
2023-10-12,19,10,Autumn,0,0,0,담하,공깃밥
2023-10-13,38,10,Autumn,0,0,0,담하,공깃밥
2023-10-14,74,10,Autumn,1,0,1,담하,공깃밥
2023-10-15,50,10,Autumn,1,0,1,담하,공깃밥
2023-10-16,25,10,Autumn,0,0,0,담하,공깃밥
2023-10-17,15,10,Autumn,0,0,0,담하,공깃밥
2023-10-18,36,10,Autumn,0,0,0,담하,공깃밥
2023-10-19,43,10,Autumn,0,0,0,담하,공깃밥
2023-10-20,29,10,Autumn,0,0,0,담하,공깃밥
2023-10-21,45,10,Autumn,1,0,1,담하,공깃밥
2023-10-22,85,10,Autumn,1,0,1,담하,공깃밥
2023-10-23,42,10,Autumn,0,0,0,담하,공깃밥
2023-10-24,48,10,Autumn,0,0,0,담하,공깃밥
2023-10-25,56,10,Autumn,0,0,0,담하,공깃밥
2023-10-26,41,10,Autumn,0,0,0,담하,공깃밥
2023-10-27,55,10,Autumn,0,0,0,담하,공깃밥
2023-10-28,60,10,Autumn,1,0,1,담하,공깃밥
2023-10-29,126,10,Autumn,1,0,1,담하,공깃밥
2023-10-30,75,10,Autumn,0,0,0,담하,공깃밥
2023-10-31,40,10,Autumn,0,0,0,담하,공깃밥
2023-11-01,88,11,Autumn,0,0,0,담하,공깃밥
2023-11-02,27,11,Autumn,0,0,0,담하,공깃밥
2023-11-03,63,11,Autumn,0,0,0,담하,공깃밥
2023-11-04,67,11,Autumn,1,0,1,담하,공깃밥
2023-11-05,52,11,Autumn,1,0,1,담하,공깃밥
2023-11-06,53,11,Autumn,0,0,0,담하,공깃밥
2023-11-07,40,11,Autumn,0,0,0,담하,공깃밥
2023-11-08,46,11,Autumn,0,0,0,담하,공깃밥
2023-11-09,27,11,Autumn,0,0,0,담하,공깃밥
2023-11-10,34,11,Autumn,0,0,0,담하,공깃밥
2023-11-11,54,11,Autumn,1,0,1,담하,공깃밥
2023-11-12,65,11,Autumn,1,0,1,담하,공깃밥
2023-11-13,32,11,Autumn,0,0,0,담하,공깃밥
2023-11-14,27,11,Autumn,0,0,0,담하,공깃밥
2023-11-15,16,11,Autumn,0,0,0,담하,공깃밥
2023-11-16,13,11,Autumn,0,0,0,담하,공깃밥
2023-11-17,21,11,Autumn,0,0,0,담하,공깃밥
2023-11-18,64,11,Autumn,1,0,1,담하,공깃밥
2023-11-19,44,11,Autumn,1,0,1,담하,공깃밥
2023-11-20,17,11,Autumn,0,0,0,담하,공깃밥
2023-11-21,6,11,Autumn,0,0,0,담하,공깃밥
2023-11-22,5,11,Autumn,0,0,0,담하,공깃밥
2023-11-23,14,11,Autumn,0,0,0,담하,공깃밥
2023-11-24,33,11,Autumn,0,0,0,담하,공깃밥
2023-11-25,41,11,Autumn,1,0,1,담하,공깃밥
2023-11-26,20,11,Autumn,1,0,1,담하,공깃밥
2023-11-27,10,11,Autumn,0,0,0,담하,공깃밥
2023-11-28,2,11,Autumn,0,0,0,담하,공깃밥
2023-11-29,5,11,Autumn,0,0,0,담하,공깃밥
2023-11-30,1,11,Autumn,0,0,0,담하,공깃밥
2023-12-01,15,12,Winter,0,0,0,담하,공깃밥
2023-12-02,35,12,Winter,1,0,1,담하,공깃밥
2023-12-03,15,12,Winter,1,0,1,담하,공깃밥
2023-12-04,4,12,Winter,0,0,0,담하,공깃밥
2023-12-05,5,12,Winter,0,0,0,담하,공깃밥
2023-12-06,4,12,Winter,0,0,0,담하,공깃밥
2023-12-07,4,12,Winter,0,0,0,담하,공깃밥
2023-12-08,12,12,Winter,0,0,0,담하,공깃밥
2023-12-09,30,12,Winter,1,0,1,담하,공깃밥
2023-12-10,12,12,Winter,1,0,1,담하,공깃밥
2023-12-11,21,12,Winter,0,0,0,담하,공깃밥
2023-12-12,1,12,Winter,0,0,0,담하,공깃밥
2023-12-13,6,12,Winter,0,0,0,담하,공깃밥
2023-12-14,13,12,Winter,0,0,0,담하,공깃밥
2023-12-15,28,12,Winter,0,0,0,담하,공깃밥
2023-12-16,30,12,Winter,1,0,1,담하,공깃밥
2023-12-17,27,12,Winter,1,0,1,담하,공깃밥
2023-12-18,19,12,Winter,0,0,0,담하,공깃밥
2023-12-19,25,12,Winter,0,0,0,담하,공깃밥
2023-12-20,23,12,Winter,0,0,0,담하,공깃밥
2023-12-21,34,12,Winter,0,0,0,담하,공깃밥
2023-12-22,41,12,Winter,0,0,0,담하,공깃밥
2023-12-23,45,12,Winter,1,0,1,담하,공깃밥
2023-12-24,72,12,Winter,1,0,1,담하,공깃밥
2023-12-25,77,12,Winter,0,1,1,담하,공깃밥
2023-12-26,41,12,Winter,0,0,0,담하,공깃밥
2023-12-27,42,12,Winter,0,0,0,담하,공깃밥
2023-12-28,39,12,Winter,0,0,0,담하,공깃밥
2023-12-29,69,12,Winter,0,0,0,담하,공깃밥
2023-12-30,46,12,Winter,1,0,1,담하,공깃밥
2023-12-31,68,12,Winter,1,0,1,담하,공깃밥
2024-01-01,47,1,Winter,0,1,1,담하,공깃밥
2024-01-02,23,1,Winter,0,0,0,담하,공깃밥
2024-01-03,38,1,Winter,0,0,0,담하,공깃밥
2024-01-04,35,1,Winter,0,0,0,담하,공깃밥
2024-01-05,35,1,Winter,0,0,0,담하,공깃밥
2024-01-06,65,1,Winter,1,0,1,담하,공깃밥
2024-01-07,44,1,Winter,1,0,1,담하,공깃밥
2024-01-08,13,1,Winter,0,0,0,담하,공깃밥
2024-01-09,26,1,Winter,0,0,0,담하,공깃밥
2024-01-10,16,1,Winter,0,0,0,담하,공깃밥
2024-01-11,8,1,Winter,0,0,0,담하,공깃밥
2024-01-12,21,1,Winter,0,0,0,담하,공깃밥
2024-01-13,54,1,Winter,1,0,1,담하,공깃밥
2024-01-14,24,1,Winter,1,0,1,담하,공깃밥
2024-01-15,36,1,Winter,0,0,0,담하,공깃밥
2024-01-16,14,1,Winter,0,0,0,담하,공깃밥
2024-01-17,16,1,Winter,0,0,0,담하,공깃밥
2024-01-18,15,1,Winter,0,0,0,담하,공깃밥
2024-01-19,18,1,Winter,0,0,0,담하,공깃밥
2024-01-20,32,1,Winter,1,0,1,담하,공깃밥
2024-01-21,37,1,Winter,1,0,1,담하,공깃밥
2024-01-22,24,1,Winter,0,0,0,담하,공깃밥
2024-01-23,14,1,Winter,0,0,0,담하,공깃밥
2024-01-24,29,1,Winter,0,0,0,담하,공깃밥
2024-01-25,29,1,Winter,0,0,0,담하,공깃밥
2024-01-26,30,1,Winter,0,0,0,담하,공깃밥
2024-01-27,43,1,Winter,1,0,1,담하,공깃밥
2024-01-28,74,1,Winter,1,0,1,담하,공깃밥
2024-01-29,28,1,Winter,0,0,0,담하,공깃밥
2024-01-30,11,1,Winter,0,0,0,담하,공깃밥
2024-01-31,14,1,Winter,0,0,0,담하,공깃밥
2024-02-01,11,2,Winter,0,0,0,담하,공깃밥
2024-02-02,30,2,Winter,0,0,0,담하,공깃밥
2024-02-03,62,2,Winter,1,0,1,담하,공깃밥
2024-02-04,30,2,Winter,1,0,1,담하,공깃밥
2024-02-05,13,2,Winter,0,0,0,담하,공깃밥
2024-02-06,32,2,Winter,0,0,0,담하,공깃밥
2024-02-07,5,2,Winter,0,0,0,담하,공깃밥
2024-02-08,47,2,Winter,0,0,0,담하,공깃밥
2024-02-09,100,2,Winter,0,1,1,담하,공깃밥
2024-02-10,87,2,Winter,1,1,1,담하,공깃밥
2024-02-11,51,2,Winter,1,1,1,담하,공깃밥
2024-02-12,46,2,Winter,0,1,1,담하,공깃밥
2024-02-13,31,2,Winter,0,0,0,담하,공깃밥
2024-02-14,18,2,Winter,0,0,0,담하,공깃밥
2024-02-15,19,2,Winter,0,0,0,담하,공깃밥
2024-02-16,13,2,Winter,0,0,0,담하,공깃밥
2024-02-17,67,2,Winter,1,0,1,담하,공깃밥
2024-02-18,24,2,Winter,1,0,1,담하,공깃밥
2024-02-19,1,2,Winter,0,0,0,담하,공깃밥
2024-02-20,14,2,Winter,0,0,0,담하,공깃밥
2024-02-21,13,2,Winter,0,0,0,담하,공깃밥
2024-02-22,11,2,Winter,0,0,0,담하,공깃밥
2024-02-23,25,2,Winter,0,0,0,담하,공깃밥
2024-02-24,60,2,Winter,1,0,1,담하,공깃밥
2024-02-25,66,2,Winter,1,0,1,담하,공깃밥
2024-02-26,15,2,Winter,0,0,0,담하,공깃밥
2024-02-27,13,2,Winter,0,0,0,담하,공깃밥
2024-02-28,21,2,Winter,0,0,0,담하,공깃밥
2024-02-29,39,2,Winter,0,0,0,담하,공깃밥
2024-03-01,31,3,Spring,0,1,1,담하,공깃밥
2024-03-02,69,3,Spring,1,0,1,담하,공깃밥
2024-03-03,5,3,Spring,1,0,1,담하,공깃밥
2024-03-04,0,3,Spring,0,0,0,담하,공깃밥
2024-03-05,0,3,Spring,0,0,0,담하,공깃밥
2024-03-06,0,3,Spring,0,0,0,담하,공깃밥
2024-03-07,0,3,Spring,0,0,0,담하,공깃밥
2024-03-08,0,3,Spring,0,0,0,담하,공깃밥
2024-03-09,0,3,Spring,1,0,1,담하,공깃밥
2024-03-10,0,3,Spring,1,0,1,담하,공깃밥
2024-03-11,0,3,Spring,0,0,0,담하,공깃밥
2024-03-12,0,3,Spring,0,0,0,담하,공깃밥
2024-03-13,0,3,Spring,0,0,0,담하,공깃밥
2024-03-14,0,3,Spring,0,0,0,담하,공깃밥
2024-03-15,12,3,Spring,0,0,0,담하,공깃밥
2024-03-16,35,3,Spring,1,0,1,담하,공깃밥
2024-03-17,6,3,Spring,1,0,1,담하,공깃밥
2024-03-18,0,3,Spring,0,0,0,담하,공깃밥
2024-03-19,2,3,Spring,0,0,0,담하,공깃밥
2024-03-20,4,3,Spring,0,0,0,담하,공깃밥
2024-03-21,8,3,Spring,0,0,0,담하,공깃밥
2024-03-22,4,3,Spring,0,0,0,담하,공깃밥
2024-03-23,38,3,Spring,1,0,1,담하,공깃밥
2024-03-24,8,3,Spring,1,0,1,담하,공깃밥
2024-03-25,2,3,Spring,0,0,0,담하,공깃밥
2024-03-26,1,3,Spring,0,0,0,담하,공깃밥
2024-03-27,5,3,Spring,0,0,0,담하,공깃밥
2024-03-28,3,3,Spring,0,0,0,담하,공깃밥
2024-03-29,72,3,Spring,0,0,0,담하,공깃밥
2024-03-30,55,3,Spring,1,0,1,담하,공깃밥
2024-03-31,20,3,Spring,1,0,1,담하,공깃밥
2024-04-01,20,4,Spring,0,0,0,담하,공깃밥
2024-04-02,13,4,Spring,0,0,0,담하,공깃밥
2024-04-03,26,4,Spring,0,0,0,담하,공깃밥
2024-04-04,33,4,Spring,0,0,0,담하,공깃밥
2024-04-05,48,4,Spring,0,0,0,담하,공깃밥
2024-04-06,72,4,Spring,1,0,1,담하,공깃밥
2024-04-07,28,4,Spring,1,0,1,담하,공깃밥
2024-04-08,4,4,Spring,0,0,0,담하,공깃밥
2024-04-09,45,4,Spring,0,0,0,담하,공깃밥
2024-04-10,35,4,Spring,0,1,1,담하,공깃밥
2024-04-11,49,4,Spring,0,0,0,담하,공깃밥
2024-04-12,83,4,Spring,0,0,0,담하,공깃밥
2024-04-13,64,4,Spring,1,0,1,담하,공깃밥
2024-04-14,32,4,Spring,1,0,1,담하,공깃밥
2024-04-15,8,4,Spring,0,0,0,담하,공깃밥
2024-04-16,7,4,Spring,0,0,0,담하,공깃밥
2024-04-17,21,4,Spring,0,0,0,담하,공깃밥
2024-04-18,13,4,Spring,0,0,0,담하,공깃밥
2024-04-19,18,4,Spring,0,0,0,담하,공깃밥
2024-04-20,36,4,Spring,1,0,1,담하,공깃밥
2024-04-21,21,4,Spring,1,0,1,담하,공깃밥
2024-04-22,9,4,Spring,0,0,0,담하,공깃밥
2024-04-23,19,4,Spring,0,0,0,담하,공깃밥
2024-04-24,5,4,Spring,0,0,0,담하,공깃밥
2024-04-25,11,4,Spring,0,0,0,담하,공깃밥
2024-04-26,25,4,Spring,0,0,0,담하,공깃밥
2024-04-27,87,4,Spring,1,0,1,담하,공깃밥
2024-04-28,80,4,Spring,1,0,1,담하,공깃밥
2024-04-29,9,4,Spring,0,0,0,담하,공깃밥
2024-04-30,39,4,Spring,0,0,0,담하,공깃밥
2024-05-01,28,5,Spring,0,0,0,담하,공깃밥
2024-05-02,15,5,Spring,0,0,0,담하,공깃밥
2024-05-03,41,5,Spring,0,0,0,담하,공깃밥
2024-05-04,56,5,Spring,1,0,1,담하,공깃밥
2024-05-05,68,5,Spring,1,1,1,담하,공깃밥
2024-05-06,14,5,Spring,0,1,1,담하,공깃밥
2024-05-07,4,5,Spring,0,0,0,담하,공깃밥
2024-05-08,14,5,Spring,0,0,0,담하,공깃밥
2024-05-09,33,5,Spring,0,0,0,담하,공깃밥
2024-05-10,36,5,Spring,0,0,0,담하,공깃밥
2024-05-11,72,5,Spring,1,0,1,담하,공깃밥
2024-05-12,49,5,Spring,1,0,1,담하,공깃밥
2024-05-13,8,5,Spring,0,0,0,담하,공깃밥
2024-05-14,35,5,Spring,0,0,0,담하,공깃밥
2024-05-15,40,5,Spring,0,1,1,담하,공깃밥
2024-05-16,22,5,Spring,0,0,0,담하,공깃밥
2024-05-17,4,5,Spring,0,0,0,담하,공깃밥
2024-05-18,24,5,Spring,1,0,1,담하,공깃밥
2024-05-19,44,5,Spring,1,0,1,담하,공깃밥
2024-05-20,14,5,Spring,0,0,0,담하,공깃밥
2024-05-21,5,5,Spring,0,0,0,담하,공깃밥
2024-05-22,4,5,Spring,0,0,0,담하,공깃밥
2024-05-23,32,5,Spring,0,0,0,담하,공깃밥
2024-05-24,23,5,Spring,0,0,0,담하,공깃밥
2024-05-25,48,5,Spring,1,0,1,담하,공깃밥
2024-05-26,21,5,Spring,1,0,1,담하,공깃밥
2024-05-27,14,5,Spring,0,0,0,담하,공깃밥
2024-05-28,14,5,Spring,0,0,0,담하,공깃밥
2024-05-29,20,5,Spring,0,0,0,담하,공깃밥
2024-05-30,12,5,Spring,0,0,0,담하,공깃밥
2024-05-31,34,5,Spring,0,0,0,담하,공깃밥
2024-06-01,61,6,Summer,1,0,1,담하,공깃밥
2024-06-02,15,6,Summer,1,0,1,담하,공깃밥
2024-06-03,9,6,Summer,0,0,0,담하,공깃밥
2024-06-04,14,6,Summer,0,0,0,담하,공깃밥
2024-06-05,41,6,Summer,0,0,0,담하,공깃밥
2024-06-06,50,6,Summer,0,1,1,담하,공깃밥
2024-06-07,66,6,Summer,0,0,0,담하,공깃밥
2024-06-08,44,6,Summer,1,0,1,담하,공깃밥
2024-06-09,14,6,Summer,1,0,1,담하,공깃밥
2024-06-10,4,6,Summer,0,0,0,담하,공깃밥
2024-06-11,0,6,Summer,0,0,0,담하,공깃밥
2024-06-12,5,6,Summer,0,0,0,담하,공깃밥
2024-06-13,3,6,Summer,0,0,0,담하,공깃밥
2024-06-14,23,6,Summer,0,0,0,담하,공깃밥
2024-06-15,36,6,Summer,1,0,1,담하,공깃밥
2023-01-01,0,1,Winter,1,1,1,담하,꼬막 비빔밥
2023-01-02,0,1,Winter,0,0,0,담하,꼬막 비빔밥
2023-01-03,0,1,Winter,0,0,0,담하,꼬막 비빔밥
2023-01-04,0,1,Winter,0,0,0,담하,꼬막 비빔밥
2023-01-05,0,1,Winter,0,0,0,담하,꼬막 비빔밥
2023-01-06,0,1,Winter,0,0,0,담하,꼬막 비빔밥
2023-01-07,0,1,Winter,1,0,1,담하,꼬막 비빔밥
2023-01-08,0,1,Winter,1,0,1,담하,꼬막 비빔밥
2023-01-09,0,1,Winter,0,0,0,담하,꼬막 비빔밥
2023-01-10,0,1,Winter,0,0,0,담하,꼬막 비빔밥
2023-01-11,0,1,Winter,0,0,0,담하,꼬막 비빔밥
2023-01-12,0,1,Winter,0,0,0,담하,꼬막 비빔밥
2023-01-13,0,1,Winter,0,0,0,담하,꼬막 비빔밥
2023-01-14,0,1,Winter,1,0,1,담하,꼬막 비빔밥
2023-01-15,0,1,Winter,1,0,1,담하,꼬막 비빔밥
2023-01-16,0,1,Winter,0,0,0,담하,꼬막 비빔밥
2023-01-17,0,1,Winter,0,0,0,담하,꼬막 비빔밥
2023-01-18,0,1,Winter,0,0,0,담하,꼬막 비빔밥
2023-01-19,0,1,Winter,0,0,0,담하,꼬막 비빔밥
2023-01-20,0,1,Winter,0,0,0,담하,꼬막 비빔밥
2023-01-21,0,1,Winter,1,1,1,담하,꼬막 비빔밥
2023-01-22,0,1,Winter,1,1,1,담하,꼬막 비빔밥
2023-01-23,0,1,Winter,0,1,1,담하,꼬막 비빔밥
2023-01-24,0,1,Winter,0,1,1,담하,꼬막 비빔밥
2023-01-25,0,1,Winter,0,0,0,담하,꼬막 비빔밥
2023-01-26,0,1,Winter,0,0,0,담하,꼬막 비빔밥
2023-01-27,0,1,Winter,0,0,0,담하,꼬막 비빔밥
2023-01-28,0,1,Winter,1,0,1,담하,꼬막 비빔밥
2023-01-29,0,1,Winter,1,0,1,담하,꼬막 비빔밥
2023-01-30,0,1,Winter,0,0,0,담하,꼬막 비빔밥
2023-01-31,0,1,Winter,0,0,0,담하,꼬막 비빔밥
2023-02-01,0,2,Winter,0,0,0,담하,꼬막 비빔밥
2023-02-02,0,2,Winter,0,0,0,담하,꼬막 비빔밥
2023-02-03,0,2,Winter,0,0,0,담하,꼬막 비빔밥
2023-02-04,0,2,Winter,1,0,1,담하,꼬막 비빔밥
2023-02-05,0,2,Winter,1,0,1,담하,꼬막 비빔밥
2023-02-06,0,2,Winter,0,0,0,담하,꼬막 비빔밥
2023-02-07,0,2,Winter,0,0,0,담하,꼬막 비빔밥
2023-02-08,0,2,Winter,0,0,0,담하,꼬막 비빔밥
2023-02-09,0,2,Winter,0,0,0,담하,꼬막 비빔밥
2023-02-10,0,2,Winter,0,0,0,담하,꼬막 비빔밥
2023-02-11,0,2,Winter,1,0,1,담하,꼬막 비빔밥
2023-02-12,0,2,Winter,1,0,1,담하,꼬막 비빔밥
2023-02-13,0,2,Winter,0,0,0,담하,꼬막 비빔밥
2023-02-14,0,2,Winter,0,0,0,담하,꼬막 비빔밥
2023-02-15,0,2,Winter,0,0,0,담하,꼬막 비빔밥
2023-02-16,0,2,Winter,0,0,0,담하,꼬막 비빔밥
2023-02-17,0,2,Winter,0,0,0,담하,꼬막 비빔밥
2023-02-18,0,2,Winter,1,0,1,담하,꼬막 비빔밥
2023-02-19,0,2,Winter,1,0,1,담하,꼬막 비빔밥
2023-02-20,0,2,Winter,0,0,0,담하,꼬막 비빔밥
2023-02-21,0,2,Winter,0,0,0,담하,꼬막 비빔밥
2023-02-22,0,2,Winter,0,0,0,담하,꼬막 비빔밥
2023-02-23,0,2,Winter,0,0,0,담하,꼬막 비빔밥
2023-02-24,0,2,Winter,0,0,0,담하,꼬막 비빔밥
2023-02-25,0,2,Winter,1,0,1,담하,꼬막 비빔밥
2023-02-26,0,2,Winter,1,0,1,담하,꼬막 비빔밥
2023-02-27,0,2,Winter,0,0,0,담하,꼬막 비빔밥
2023-02-28,0,2,Winter,0,0,0,담하,꼬막 비빔밥
2023-03-01,0,3,Spring,0,1,1,담하,꼬막 비빔밥
2023-03-02,0,3,Spring,0,0,0,담하,꼬막 비빔밥
2023-03-03,0,3,Spring,0,0,0,담하,꼬막 비빔밥
2023-03-04,0,3,Spring,1,0,1,담하,꼬막 비빔밥
2023-03-05,0,3,Spring,1,0,1,담하,꼬막 비빔밥
2023-03-06,0,3,Spring,0,0,0,담하,꼬막 비빔밥
2023-03-07,0,3,Spring,0,0,0,담하,꼬막 비빔밥
2023-03-08,0,3,Spring,0,0,0,담하,꼬막 비빔밥
2023-03-09,0,3,Spring,0,0,0,담하,꼬막 비빔밥
2023-03-10,0,3,Spring,0,0,0,담하,꼬막 비빔밥
2023-03-11,0,3,Spring,1,0,1,담하,꼬막 비빔밥
2023-03-12,0,3,Spring,1,0,1,담하,꼬막 비빔밥
2023-03-13,0,3,Spring,0,0,0,담하,꼬막 비빔밥
2023-03-14,0,3,Spring,0,0,0,담하,꼬막 비빔밥
2023-03-15,0,3,Spring,0,0,0,담하,꼬막 비빔밥
2023-03-16,0,3,Spring,0,0,0,담하,꼬막 비빔밥
2023-03-17,0,3,Spring,0,0,0,담하,꼬막 비빔밥
2023-03-18,0,3,Spring,1,0,1,담하,꼬막 비빔밥
2023-03-19,0,3,Spring,1,0,1,담하,꼬막 비빔밥
2023-03-20,0,3,Spring,0,0,0,담하,꼬막 비빔밥
2023-03-21,0,3,Spring,0,0,0,담하,꼬막 비빔밥
2023-03-22,0,3,Spring,0,0,0,담하,꼬막 비빔밥
2023-03-23,0,3,Spring,0,0,0,담하,꼬막 비빔밥
2023-03-24,0,3,Spring,0,0,0,담하,꼬막 비빔밥
2023-03-25,0,3,Spring,1,0,1,담하,꼬막 비빔밥
2023-03-26,0,3,Spring,1,0,1,담하,꼬막 비빔밥
2023-03-27,0,3,Spring,0,0,0,담하,꼬막 비빔밥
2023-03-28,0,3,Spring,0,0,0,담하,꼬막 비빔밥
2023-03-29,0,3,Spring,0,0,0,담하,꼬막 비빔밥
2023-03-30,0,3,Spring,0,0,0,담하,꼬막 비빔밥
2023-03-31,0,3,Spring,0,0,0,담하,꼬막 비빔밥
2023-04-01,0,4,Spring,1,0,1,담하,꼬막 비빔밥
2023-04-02,0,4,Spring,1,0,1,담하,꼬막 비빔밥
2023-04-03,0,4,Spring,0,0,0,담하,꼬막 비빔밥
2023-04-04,0,4,Spring,0,0,0,담하,꼬막 비빔밥
2023-04-05,0,4,Spring,0,0,0,담하,꼬막 비빔밥
2023-04-06,0,4,Spring,0,0,0,담하,꼬막 비빔밥
2023-04-07,0,4,Spring,0,0,0,담하,꼬막 비빔밥
2023-04-08,0,4,Spring,1,0,1,담하,꼬막 비빔밥
2023-04-09,0,4,Spring,1,0,1,담하,꼬막 비빔밥
2023-04-10,0,4,Spring,0,0,0,담하,꼬막 비빔밥
2023-04-11,0,4,Spring,0,0,0,담하,꼬막 비빔밥
2023-04-12,0,4,Spring,0,0,0,담하,꼬막 비빔밥
2023-04-13,0,4,Spring,0,0,0,담하,꼬막 비빔밥
2023-04-14,0,4,Spring,0,0,0,담하,꼬막 비빔밥
2023-04-15,0,4,Spring,1,0,1,담하,꼬막 비빔밥
2023-04-16,0,4,Spring,1,0,1,담하,꼬막 비빔밥
2023-04-17,0,4,Spring,0,0,0,담하,꼬막 비빔밥
2023-04-18,0,4,Spring,0,0,0,담하,꼬막 비빔밥
2023-04-19,0,4,Spring,0,0,0,담하,꼬막 비빔밥
2023-04-20,0,4,Spring,0,0,0,담하,꼬막 비빔밥
2023-04-21,0,4,Spring,0,0,0,담하,꼬막 비빔밥
2023-04-22,0,4,Spring,1,0,1,담하,꼬막 비빔밥
2023-04-23,0,4,Spring,1,0,1,담하,꼬막 비빔밥
2023-04-24,0,4,Spring,0,0,0,담하,꼬막 비빔밥
2023-04-25,0,4,Spring,0,0,0,담하,꼬막 비빔밥
2023-04-26,0,4,Spring,0,0,0,담하,꼬막 비빔밥
2023-04-27,0,4,Spring,0,0,0,담하,꼬막 비빔밥
2023-04-28,0,4,Spring,0,0,0,담하,꼬막 비빔밥
2023-04-29,0,4,Spring,1,0,1,담하,꼬막 비빔밥
2023-04-30,0,4,Spring,1,0,1,담하,꼬막 비빔밥
2023-05-01,0,5,Spring,0,0,0,담하,꼬막 비빔밥
2023-05-02,0,5,Spring,0,0,0,담하,꼬막 비빔밥
2023-05-03,0,5,Spring,0,0,0,담하,꼬막 비빔밥
2023-05-04,0,5,Spring,0,0,0,담하,꼬막 비빔밥
2023-05-05,0,5,Spring,0,1,1,담하,꼬막 비빔밥
2023-05-06,0,5,Spring,1,0,1,담하,꼬막 비빔밥
2023-05-07,0,5,Spring,1,0,1,담하,꼬막 비빔밥
2023-05-08,0,5,Spring,0,0,0,담하,꼬막 비빔밥
2023-05-09,0,5,Spring,0,0,0,담하,꼬막 비빔밥
2023-05-10,0,5,Spring,0,0,0,담하,꼬막 비빔밥
2023-05-11,0,5,Spring,0,0,0,담하,꼬막 비빔밥
2023-05-12,0,5,Spring,0,0,0,담하,꼬막 비빔밥
2023-05-13,0,5,Spring,1,0,1,담하,꼬막 비빔밥
2023-05-14,0,5,Spring,1,0,1,담하,꼬막 비빔밥
2023-05-15,0,5,Spring,0,0,0,담하,꼬막 비빔밥
2023-05-16,0,5,Spring,0,0,0,담하,꼬막 비빔밥
2023-05-17,0,5,Spring,0,0,0,담하,꼬막 비빔밥
2023-05-18,0,5,Spring,0,0,0,담하,꼬막 비빔밥
2023-05-19,0,5,Spring,0,0,0,담하,꼬막 비빔밥
2023-05-20,0,5,Spring,1,0,1,담하,꼬막 비빔밥
2023-05-21,0,5,Spring,1,0,1,담하,꼬막 비빔밥
2023-05-22,0,5,Spring,0,0,0,담하,꼬막 비빔밥
2023-05-23,0,5,Spring,0,0,0,담하,꼬막 비빔밥
2023-05-24,0,5,Spring,0,0,0,담하,꼬막 비빔밥
2023-05-25,0,5,Spring,0,0,0,담하,꼬막 비빔밥
2023-05-26,0,5,Spring,0,0,0,담하,꼬막 비빔밥
2023-05-27,0,5,Spring,1,1,1,담하,꼬막 비빔밥
2023-05-28,0,5,Spring,1,0,1,담하,꼬막 비빔밥
2023-05-29,0,5,Spring,0,1,1,담하,꼬막 비빔밥
2023-05-30,0,5,Spring,0,0,0,담하,꼬막 비빔밥
2023-05-31,0,5,Spring,0,0,0,담하,꼬막 비빔밥
2023-06-01,0,6,Summer,0,0,0,담하,꼬막 비빔밥
2023-06-02,0,6,Summer,0,0,0,담하,꼬막 비빔밥
2023-06-03,0,6,Summer,1,0,1,담하,꼬막 비빔밥
2023-06-04,0,6,Summer,1,0,1,담하,꼬막 비빔밥
2023-06-05,0,6,Summer,0,0,0,담하,꼬막 비빔밥
2023-06-06,0,6,Summer,0,1,1,담하,꼬막 비빔밥
2023-06-07,0,6,Summer,0,0,0,담하,꼬막 비빔밥
2023-06-08,0,6,Summer,0,0,0,담하,꼬막 비빔밥
2023-06-09,0,6,Summer,0,0,0,담하,꼬막 비빔밥
2023-06-10,0,6,Summer,1,0,1,담하,꼬막 비빔밥
2023-06-11,0,6,Summer,1,0,1,담하,꼬막 비빔밥
2023-06-12,0,6,Summer,0,0,0,담하,꼬막 비빔밥
2023-06-13,0,6,Summer,0,0,0,담하,꼬막 비빔밥
2023-06-14,0,6,Summer,0,0,0,담하,꼬막 비빔밥
2023-06-15,0,6,Summer,0,0,0,담하,꼬막 비빔밥
2023-06-16,0,6,Summer,0,0,0,담하,꼬막 비빔밥
2023-06-17,0,6,Summer,1,0,1,담하,꼬막 비빔밥
2023-06-18,0,6,Summer,1,0,1,담하,꼬막 비빔밥
2023-06-19,0,6,Summer,0,0,0,담하,꼬막 비빔밥
2023-06-20,0,6,Summer,0,0,0,담하,꼬막 비빔밥
2023-06-21,0,6,Summer,0,0,0,담하,꼬막 비빔밥
2023-06-22,0,6,Summer,0,0,0,담하,꼬막 비빔밥
2023-06-23,0,6,Summer,0,0,0,담하,꼬막 비빔밥
2023-06-24,0,6,Summer,1,0,1,담하,꼬막 비빔밥
2023-06-25,0,6,Summer,1,0,1,담하,꼬막 비빔밥
2023-06-26,0,6,Summer,0,0,0,담하,꼬막 비빔밥
2023-06-27,0,6,Summer,0,0,0,담하,꼬막 비빔밥
2023-06-28,0,6,Summer,0,0,0,담하,꼬막 비빔밥
2023-06-29,0,6,Summer,0,0,0,담하,꼬막 비빔밥
2023-06-30,0,6,Summer,0,0,0,담하,꼬막 비빔밥
2023-07-01,0,7,Summer,1,0,1,담하,꼬막 비빔밥
2023-07-02,0,7,Summer,1,0,1,담하,꼬막 비빔밥
2023-07-03,0,7,Summer,0,0,0,담하,꼬막 비빔밥
2023-07-04,0,7,Summer,0,0,0,담하,꼬막 비빔밥
2023-07-05,0,7,Summer,0,0,0,담하,꼬막 비빔밥
2023-07-06,0,7,Summer,0,0,0,담하,꼬막 비빔밥
2023-07-07,0,7,Summer,0,0,0,담하,꼬막 비빔밥
2023-07-08,0,7,Summer,1,0,1,담하,꼬막 비빔밥
2023-07-09,0,7,Summer,1,0,1,담하,꼬막 비빔밥
2023-07-10,0,7,Summer,0,0,0,담하,꼬막 비빔밥
2023-07-11,0,7,Summer,0,0,0,담하,꼬막 비빔밥
2023-07-12,0,7,Summer,0,0,0,담하,꼬막 비빔밥
2023-07-13,0,7,Summer,0,0,0,담하,꼬막 비빔밥
2023-07-14,0,7,Summer,0,0,0,담하,꼬막 비빔밥
2023-07-15,0,7,Summer,1,0,1,담하,꼬막 비빔밥
2023-07-16,0,7,Summer,1,0,1,담하,꼬막 비빔밥
2023-07-17,0,7,Summer,0,0,0,담하,꼬막 비빔밥
2023-07-18,0,7,Summer,0,0,0,담하,꼬막 비빔밥
2023-07-19,0,7,Summer,0,0,0,담하,꼬막 비빔밥
2023-07-20,0,7,Summer,0,0,0,담하,꼬막 비빔밥
2023-07-21,0,7,Summer,0,0,0,담하,꼬막 비빔밥
2023-07-22,0,7,Summer,1,0,1,담하,꼬막 비빔밥
2023-07-23,0,7,Summer,1,0,1,담하,꼬막 비빔밥
2023-07-24,0,7,Summer,0,0,0,담하,꼬막 비빔밥
2023-07-25,0,7,Summer,0,0,0,담하,꼬막 비빔밥
2023-07-26,0,7,Summer,0,0,0,담하,꼬막 비빔밥
2023-07-27,0,7,Summer,0,0,0,담하,꼬막 비빔밥
2023-07-28,0,7,Summer,0,0,0,담하,꼬막 비빔밥
2023-07-29,0,7,Summer,1,0,1,담하,꼬막 비빔밥
2023-07-30,0,7,Summer,1,0,1,담하,꼬막 비빔밥
2023-07-31,0,7,Summer,0,0,0,담하,꼬막 비빔밥
2023-08-01,0,8,Summer,0,0,0,담하,꼬막 비빔밥
2023-08-02,0,8,Summer,0,0,0,담하,꼬막 비빔밥
2023-08-03,0,8,Summer,0,0,0,담하,꼬막 비빔밥
2023-08-04,0,8,Summer,0,0,0,담하,꼬막 비빔밥
2023-08-05,0,8,Summer,1,0,1,담하,꼬막 비빔밥
2023-08-06,0,8,Summer,1,0,1,담하,꼬막 비빔밥
2023-08-07,0,8,Summer,0,0,0,담하,꼬막 비빔밥
2023-08-08,0,8,Summer,0,0,0,담하,꼬막 비빔밥
2023-08-09,0,8,Summer,0,0,0,담하,꼬막 비빔밥
2023-08-10,0,8,Summer,0,0,0,담하,꼬막 비빔밥
2023-08-11,0,8,Summer,0,0,0,담하,꼬막 비빔밥
2023-08-12,0,8,Summer,1,0,1,담하,꼬막 비빔밥
2023-08-13,0,8,Summer,1,0,1,담하,꼬막 비빔밥
2023-08-14,0,8,Summer,0,0,0,담하,꼬막 비빔밥
2023-08-15,0,8,Summer,0,1,1,담하,꼬막 비빔밥
2023-08-16,0,8,Summer,0,0,0,담하,꼬막 비빔밥
2023-08-17,0,8,Summer,0,0,0,담하,꼬막 비빔밥
2023-08-18,0,8,Summer,0,0,0,담하,꼬막 비빔밥
2023-08-19,0,8,Summer,1,0,1,담하,꼬막 비빔밥
2023-08-20,0,8,Summer,1,0,1,담하,꼬막 비빔밥
2023-08-21,0,8,Summer,0,0,0,담하,꼬막 비빔밥
2023-08-22,0,8,Summer,0,0,0,담하,꼬막 비빔밥
2023-08-23,0,8,Summer,0,0,0,담하,꼬막 비빔밥
2023-08-24,0,8,Summer,0,0,0,담하,꼬막 비빔밥
2023-08-25,0,8,Summer,0,0,0,담하,꼬막 비빔밥
2023-08-26,0,8,Summer,1,0,1,담하,꼬막 비빔밥
2023-08-27,0,8,Summer,1,0,1,담하,꼬막 비빔밥
2023-08-28,0,8,Summer,0,0,0,담하,꼬막 비빔밥
2023-08-29,0,8,Summer,0,0,0,담하,꼬막 비빔밥
2023-08-30,0,8,Summer,0,0,0,담하,꼬막 비빔밥
2023-08-31,0,8,Summer,0,0,0,담하,꼬막 비빔밥
2023-09-01,0,9,Autumn,0,0,0,담하,꼬막 비빔밥
2023-09-02,0,9,Autumn,1,0,1,담하,꼬막 비빔밥
2023-09-03,0,9,Autumn,1,0,1,담하,꼬막 비빔밥
2023-09-04,0,9,Autumn,0,0,0,담하,꼬막 비빔밥
2023-09-05,0,9,Autumn,0,0,0,담하,꼬막 비빔밥
2023-09-06,0,9,Autumn,0,0,0,담하,꼬막 비빔밥
2023-09-07,0,9,Autumn,0,0,0,담하,꼬막 비빔밥
2023-09-08,5,9,Autumn,0,0,0,담하,꼬막 비빔밥
2023-09-09,4,9,Autumn,1,0,1,담하,꼬막 비빔밥
2023-09-10,4,9,Autumn,1,0,1,담하,꼬막 비빔밥
2023-09-11,1,9,Autumn,0,0,0,담하,꼬막 비빔밥
2023-09-12,3,9,Autumn,0,0,0,담하,꼬막 비빔밥
2023-09-13,4,9,Autumn,0,0,0,담하,꼬막 비빔밥
2023-09-14,3,9,Autumn,0,0,0,담하,꼬막 비빔밥
2023-09-15,7,9,Autumn,0,0,0,담하,꼬막 비빔밥
2023-09-16,5,9,Autumn,1,0,1,담하,꼬막 비빔밥
2023-09-17,4,9,Autumn,1,0,1,담하,꼬막 비빔밥
2023-09-18,3,9,Autumn,0,0,0,담하,꼬막 비빔밥
2023-09-19,0,9,Autumn,0,0,0,담하,꼬막 비빔밥
2023-09-20,0,9,Autumn,0,0,0,담하,꼬막 비빔밥
2023-09-21,4,9,Autumn,0,0,0,담하,꼬막 비빔밥
2023-09-22,3,9,Autumn,0,0,0,담하,꼬막 비빔밥
2023-09-23,4,9,Autumn,1,0,1,담하,꼬막 비빔밥
2023-09-24,4,9,Autumn,1,0,1,담하,꼬막 비빔밥
2023-09-25,6,9,Autumn,0,0,0,담하,꼬막 비빔밥
2023-09-26,0,9,Autumn,0,0,0,담하,꼬막 비빔밥
2023-09-27,8,9,Autumn,0,0,0,담하,꼬막 비빔밥
2023-09-28,19,9,Autumn,0,1,1,담하,꼬막 비빔밥
2023-09-29,21,9,Autumn,0,1,1,담하,꼬막 비빔밥
2023-09-30,15,9,Autumn,1,1,1,담하,꼬막 비빔밥
2023-10-01,13,10,Autumn,1,0,1,담하,꼬막 비빔밥
2023-10-02,9,10,Autumn,0,1,1,담하,꼬막 비빔밥
2023-10-03,4,10,Autumn,0,1,1,담하,꼬막 비빔밥
2023-10-04,1,10,Autumn,0,0,0,담하,꼬막 비빔밥
2023-10-05,8,10,Autumn,0,0,0,담하,꼬막 비빔밥
2023-10-06,10,10,Autumn,0,0,0,담하,꼬막 비빔밥
2023-10-07,9,10,Autumn,1,0,1,담하,꼬막 비빔밥
2023-10-08,12,10,Autumn,1,0,1,담하,꼬막 비빔밥
2023-10-09,9,10,Autumn,0,1,1,담하,꼬막 비빔밥
2023-10-10,12,10,Autumn,0,0,0,담하,꼬막 비빔밥
2023-10-11,4,10,Autumn,0,0,0,담하,꼬막 비빔밥
2023-10-12,5,10,Autumn,0,0,0,담하,꼬막 비빔밥
2023-10-13,7,10,Autumn,0,0,0,담하,꼬막 비빔밥
2023-10-14,10,10,Autumn,1,0,1,담하,꼬막 비빔밥
2023-10-15,9,10,Autumn,1,0,1,담하,꼬막 비빔밥
2023-10-16,17,10,Autumn,0,0,0,담하,꼬막 비빔밥
2023-10-17,13,10,Autumn,0,0,0,담하,꼬막 비빔밥
2023-10-18,6,10,Autumn,0,0,0,담하,꼬막 비빔밥
2023-10-19,21,10,Autumn,0,0,0,담하,꼬막 비빔밥
2023-10-20,7,10,Autumn,0,0,0,담하,꼬막 비빔밥
2023-10-21,12,10,Autumn,1,0,1,담하,꼬막 비빔밥
2023-10-22,13,10,Autumn,1,0,1,담하,꼬막 비빔밥
2023-10-23,18,10,Autumn,0,0,0,담하,꼬막 비빔밥
2023-10-24,13,10,Autumn,0,0,0,담하,꼬막 비빔밥
2023-10-25,6,10,Autumn,0,0,0,담하,꼬막 비빔밥
2023-10-26,16,10,Autumn,0,0,0,담하,꼬막 비빔밥
2023-10-27,14,10,Autumn,0,0,0,담하,꼬막 비빔밥
2023-10-28,17,10,Autumn,1,0,1,담하,꼬막 비빔밥
2023-10-29,9,10,Autumn,1,0,1,담하,꼬막 비빔밥
2023-10-30,24,10,Autumn,0,0,0,담하,꼬막 비빔밥
2023-10-31,8,10,Autumn,0,0,0,담하,꼬막 비빔밥
2023-11-01,9,11,Autumn,0,0,0,담하,꼬막 비빔밥
2023-11-02,16,11,Autumn,0,0,0,담하,꼬막 비빔밥
2023-11-03,21,11,Autumn,0,0,0,담하,꼬막 비빔밥
2023-11-04,23,11,Autumn,1,0,1,담하,꼬막 비빔밥
2023-11-05,14,11,Autumn,1,0,1,담하,꼬막 비빔밥
2023-11-06,8,11,Autumn,0,0,0,담하,꼬막 비빔밥
2023-11-07,7,11,Autumn,0,0,0,담하,꼬막 비빔밥
2023-11-08,17,11,Autumn,0,0,0,담하,꼬막 비빔밥
2023-11-09,8,11,Autumn,0,0,0,담하,꼬막 비빔밥
2023-11-10,8,11,Autumn,0,0,0,담하,꼬막 비빔밥
2023-11-11,11,11,Autumn,1,0,1,담하,꼬막 비빔밥
2023-11-12,10,11,Autumn,1,0,1,담하,꼬막 비빔밥
2023-11-13,9,11,Autumn,0,0,0,담하,꼬막 비빔밥
2023-11-14,2,11,Autumn,0,0,0,담하,꼬막 비빔밥
2023-11-15,1,11,Autumn,0,0,0,담하,꼬막 비빔밥
2023-11-16,1,11,Autumn,0,0,0,담하,꼬막 비빔밥
2023-11-17,3,11,Autumn,0,0,0,담하,꼬막 비빔밥
2023-11-18,9,11,Autumn,1,0,1,담하,꼬막 비빔밥
2023-11-19,8,11,Autumn,1,0,1,담하,꼬막 비빔밥
2023-11-20,0,11,Autumn,0,0,0,담하,꼬막 비빔밥
2023-11-21,3,11,Autumn,0,0,0,담하,꼬막 비빔밥
2023-11-22,3,11,Autumn,0,0,0,담하,꼬막 비빔밥
2023-11-23,1,11,Autumn,0,0,0,담하,꼬막 비빔밥
2023-11-24,2,11,Autumn,0,0,0,담하,꼬막 비빔밥
2023-11-25,10,11,Autumn,1,0,1,담하,꼬막 비빔밥
2023-11-26,3,11,Autumn,1,0,1,담하,꼬막 비빔밥
2023-11-27,2,11,Autumn,0,0,0,담하,꼬막 비빔밥
2023-11-28,0,11,Autumn,0,0,0,담하,꼬막 비빔밥
2023-11-29,4,11,Autumn,0,0,0,담하,꼬막 비빔밥
2023-11-30,2,11,Autumn,0,0,0,담하,꼬막 비빔밥
2023-12-01,1,12,Winter,0,0,0,담하,꼬막 비빔밥
2023-12-02,3,12,Winter,1,0,1,담하,꼬막 비빔밥
2023-12-03,1,12,Winter,1,0,1,담하,꼬막 비빔밥
2023-12-04,2,12,Winter,0,0,0,담하,꼬막 비빔밥
2023-12-05,4,12,Winter,0,0,0,담하,꼬막 비빔밥
2023-12-06,1,12,Winter,0,0,0,담하,꼬막 비빔밥
2023-12-07,2,12,Winter,0,0,0,담하,꼬막 비빔밥
2023-12-08,3,12,Winter,0,0,0,담하,꼬막 비빔밥
2023-12-09,10,12,Winter,1,0,1,담하,꼬막 비빔밥
2023-12-10,3,12,Winter,1,0,1,담하,꼬막 비빔밥
2023-12-11,2,12,Winter,0,0,0,담하,꼬막 비빔밥
2023-12-12,1,12,Winter,0,0,0,담하,꼬막 비빔밥
2023-12-13,4,12,Winter,0,0,0,담하,꼬막 비빔밥
2023-12-14,2,12,Winter,0,0,0,담하,꼬막 비빔밥
2023-12-15,3,12,Winter,0,0,0,담하,꼬막 비빔밥
2023-12-16,4,12,Winter,1,0,1,담하,꼬막 비빔밥
2023-12-17,2,12,Winter,1,0,1,담하,꼬막 비빔밥
2023-12-18,3,12,Winter,0,0,0,담하,꼬막 비빔밥
2023-12-19,6,12,Winter,0,0,0,담하,꼬막 비빔밥
2023-12-20,3,12,Winter,0,0,0,담하,꼬막 비빔밥
2023-12-21,6,12,Winter,0,0,0,담하,꼬막 비빔밥
2023-12-22,11,12,Winter,0,0,0,담하,꼬막 비빔밥
2023-12-23,6,12,Winter,1,0,1,담하,꼬막 비빔밥
2023-12-24,1,12,Winter,1,0,1,담하,꼬막 비빔밥
2023-12-25,14,12,Winter,0,1,1,담하,꼬막 비빔밥
2023-12-26,8,12,Winter,0,0,0,담하,꼬막 비빔밥
2023-12-27,8,12,Winter,0,0,0,담하,꼬막 비빔밥
2023-12-28,3,12,Winter,0,0,0,담하,꼬막 비빔밥
2023-12-29,8,12,Winter,0,0,0,담하,꼬막 비빔밥
2023-12-30,12,12,Winter,1,0,1,담하,꼬막 비빔밥
2023-12-31,10,12,Winter,1,0,1,담하,꼬막 비빔밥
2024-01-01,10,1,Winter,0,1,1,담하,꼬막 비빔밥
2024-01-02,3,1,Winter,0,0,0,담하,꼬막 비빔밥
2024-01-03,11,1,Winter,0,0,0,담하,꼬막 비빔밥
2024-01-04,3,1,Winter,0,0,0,담하,꼬막 비빔밥
2024-01-05,4,1,Winter,0,0,0,담하,꼬막 비빔밥
2024-01-06,7,1,Winter,1,0,1,담하,꼬막 비빔밥
2024-01-07,5,1,Winter,1,0,1,담하,꼬막 비빔밥
2024-01-08,4,1,Winter,0,0,0,담하,꼬막 비빔밥
2024-01-09,4,1,Winter,0,0,0,담하,꼬막 비빔밥
2024-01-10,2,1,Winter,0,0,0,담하,꼬막 비빔밥
2024-01-11,5,1,Winter,0,0,0,담하,꼬막 비빔밥
2024-01-12,7,1,Winter,0,0,0,담하,꼬막 비빔밥
2024-01-13,19,1,Winter,1,0,1,담하,꼬막 비빔밥
2024-01-14,8,1,Winter,1,0,1,담하,꼬막 비빔밥
2024-01-15,7,1,Winter,0,0,0,담하,꼬막 비빔밥
2024-01-16,9,1,Winter,0,0,0,담하,꼬막 비빔밥
2024-01-17,6,1,Winter,0,0,0,담하,꼬막 비빔밥
2024-01-18,1,1,Winter,0,0,0,담하,꼬막 비빔밥
2024-01-19,3,1,Winter,0,0,0,담하,꼬막 비빔밥
2024-01-20,6,1,Winter,1,0,1,담하,꼬막 비빔밥
2024-01-21,4,1,Winter,1,0,1,담하,꼬막 비빔밥
2024-01-22,2,1,Winter,0,0,0,담하,꼬막 비빔밥
2024-01-23,4,1,Winter,0,0,0,담하,꼬막 비빔밥
2024-01-24,3,1,Winter,0,0,0,담하,꼬막 비빔밥
2024-01-25,9,1,Winter,0,0,0,담하,꼬막 비빔밥
2024-01-26,8,1,Winter,0,0,0,담하,꼬막 비빔밥
2024-01-27,11,1,Winter,1,0,1,담하,꼬막 비빔밥
2024-01-28,4,1,Winter,1,0,1,담하,꼬막 비빔밥
2024-01-29,4,1,Winter,0,0,0,담하,꼬막 비빔밥
2024-01-30,8,1,Winter,0,0,0,담하,꼬막 비빔밥
2024-01-31,3,1,Winter,0,0,0,담하,꼬막 비빔밥
2024-02-01,5,2,Winter,0,0,0,담하,꼬막 비빔밥
2024-02-02,6,2,Winter,0,0,0,담하,꼬막 비빔밥
2024-02-03,6,2,Winter,1,0,1,담하,꼬막 비빔밥
2024-02-04,4,2,Winter,1,0,1,담하,꼬막 비빔밥
2024-02-05,3,2,Winter,0,0,0,담하,꼬막 비빔밥
2024-02-06,6,2,Winter,0,0,0,담하,꼬막 비빔밥
2024-02-07,2,2,Winter,0,0,0,담하,꼬막 비빔밥
2024-02-08,6,2,Winter,0,0,0,담하,꼬막 비빔밥
2024-02-09,8,2,Winter,0,1,1,담하,꼬막 비빔밥
2024-02-10,9,2,Winter,1,1,1,담하,꼬막 비빔밥
2024-02-11,9,2,Winter,1,1,1,담하,꼬막 비빔밥
2024-02-12,11,2,Winter,0,1,1,담하,꼬막 비빔밥
2024-02-13,4,2,Winter,0,0,0,담하,꼬막 비빔밥
2024-02-14,0,2,Winter,0,0,0,담하,꼬막 비빔밥
2024-02-15,4,2,Winter,0,0,0,담하,꼬막 비빔밥
2024-02-16,5,2,Winter,0,0,0,담하,꼬막 비빔밥
2024-02-17,13,2,Winter,1,0,1,담하,꼬막 비빔밥
2024-02-18,5,2,Winter,1,0,1,담하,꼬막 비빔밥
2024-02-19,5,2,Winter,0,0,0,담하,꼬막 비빔밥
2024-02-20,2,2,Winter,0,0,0,담하,꼬막 비빔밥
2024-02-21,0,2,Winter,0,0,0,담하,꼬막 비빔밥
2024-02-22,5,2,Winter,0,0,0,담하,꼬막 비빔밥
2024-02-23,3,2,Winter,0,0,0,담하,꼬막 비빔밥
2024-02-24,13,2,Winter,1,0,1,담하,꼬막 비빔밥
2024-02-25,16,2,Winter,1,0,1,담하,꼬막 비빔밥
2024-02-26,2,2,Winter,0,0,0,담하,꼬막 비빔밥
2024-02-27,6,2,Winter,0,0,0,담하,꼬막 비빔밥
2024-02-28,2,2,Winter,0,0,0,담하,꼬막 비빔밥
2024-02-29,3,2,Winter,0,0,0,담하,꼬막 비빔밥
2024-03-01,3,3,Spring,0,1,1,담하,꼬막 비빔밥
2024-03-02,7,3,Spring,1,0,1,담하,꼬막 비빔밥
2024-03-03,0,3,Spring,1,0,1,담하,꼬막 비빔밥
2024-03-04,0,3,Spring,0,0,0,담하,꼬막 비빔밥
2024-03-05,0,3,Spring,0,0,0,담하,꼬막 비빔밥
2024-03-06,0,3,Spring,0,0,0,담하,꼬막 비빔밥
2024-03-07,0,3,Spring,0,0,0,담하,꼬막 비빔밥
2024-03-08,0,3,Spring,0,0,0,담하,꼬막 비빔밥
2024-03-09,0,3,Spring,1,0,1,담하,꼬막 비빔밥
2024-03-10,0,3,Spring,1,0,1,담하,꼬막 비빔밥
2024-03-11,0,3,Spring,0,0,0,담하,꼬막 비빔밥
2024-03-12,0,3,Spring,0,0,0,담하,꼬막 비빔밥
2024-03-13,1,3,Spring,0,0,0,담하,꼬막 비빔밥
2024-03-14,0,3,Spring,0,0,0,담하,꼬막 비빔밥
2024-03-15,4,3,Spring,0,0,0,담하,꼬막 비빔밥
2024-03-16,3,3,Spring,1,0,1,담하,꼬막 비빔밥
2024-03-17,3,3,Spring,1,0,1,담하,꼬막 비빔밥
2024-03-18,2,3,Spring,0,0,0,담하,꼬막 비빔밥
2024-03-19,1,3,Spring,0,0,0,담하,꼬막 비빔밥
2024-03-20,1,3,Spring,0,0,0,담하,꼬막 비빔밥
2024-03-21,2,3,Spring,0,0,0,담하,꼬막 비빔밥
2024-03-22,3,3,Spring,0,0,0,담하,꼬막 비빔밥
2024-03-23,6,3,Spring,1,0,1,담하,꼬막 비빔밥
2024-03-24,4,3,Spring,1,0,1,담하,꼬막 비빔밥
2024-03-25,3,3,Spring,0,0,0,담하,꼬막 비빔밥
2024-03-26,0,3,Spring,0,0,0,담하,꼬막 비빔밥
2024-03-27,3,3,Spring,0,0,0,담하,꼬막 비빔밥
2024-03-28,1,3,Spring,0,0,0,담하,꼬막 비빔밥
2024-03-29,0,3,Spring,0,0,0,담하,꼬막 비빔밥
2024-03-30,0,3,Spring,1,0,1,담하,꼬막 비빔밥
2024-03-31,0,3,Spring,1,0,1,담하,꼬막 비빔밥
2024-04-01,0,4,Spring,0,0,0,담하,꼬막 비빔밥
2024-04-02,0,4,Spring,0,0,0,담하,꼬막 비빔밥
2024-04-03,0,4,Spring,0,0,0,담하,꼬막 비빔밥
2024-04-04,0,4,Spring,0,0,0,담하,꼬막 비빔밥
2024-04-05,0,4,Spring,0,0,0,담하,꼬막 비빔밥
2024-04-06,0,4,Spring,1,0,1,담하,꼬막 비빔밥
2024-04-07,0,4,Spring,1,0,1,담하,꼬막 비빔밥
2024-04-08,0,4,Spring,0,0,0,담하,꼬막 비빔밥
2024-04-09,0,4,Spring,0,0,0,담하,꼬막 비빔밥
2024-04-10,0,4,Spring,0,1,1,담하,꼬막 비빔밥
2024-04-11,0,4,Spring,0,0,0,담하,꼬막 비빔밥
2024-04-12,0,4,Spring,0,0,0,담하,꼬막 비빔밥
2024-04-13,0,4,Spring,1,0,1,담하,꼬막 비빔밥
2024-04-14,0,4,Spring,1,0,1,담하,꼬막 비빔밥
2024-04-15,0,4,Spring,0,0,0,담하,꼬막 비빔밥
2024-04-16,0,4,Spring,0,0,0,담하,꼬막 비빔밥
2024-04-17,0,4,Spring,0,0,0,담하,꼬막 비빔밥
2024-04-18,0,4,Spring,0,0,0,담하,꼬막 비빔밥
2024-04-19,0,4,Spring,0,0,0,담하,꼬막 비빔밥
2024-04-20,0,4,Spring,1,0,1,담하,꼬막 비빔밥
2024-04-21,0,4,Spring,1,0,1,담하,꼬막 비빔밥
2024-04-22,0,4,Spring,0,0,0,담하,꼬막 비빔밥
2024-04-23,0,4,Spring,0,0,0,담하,꼬막 비빔밥
2024-04-24,0,4,Spring,0,0,0,담하,꼬막 비빔밥
2024-04-25,0,4,Spring,0,0,0,담하,꼬막 비빔밥
2024-04-26,0,4,Spring,0,0,0,담하,꼬막 비빔밥
2024-04-27,0,4,Spring,1,0,1,담하,꼬막 비빔밥
2024-04-28,0,4,Spring,1,0,1,담하,꼬막 비빔밥
2024-04-29,0,4,Spring,0,0,0,담하,꼬막 비빔밥
2024-04-30,0,4,Spring,0,0,0,담하,꼬막 비빔밥
2024-05-01,0,5,Spring,0,0,0,담하,꼬막 비빔밥
2024-05-02,0,5,Spring,0,0,0,담하,꼬막 비빔밥
2024-05-03,0,5,Spring,0,0,0,담하,꼬막 비빔밥
2024-05-04,0,5,Spring,1,0,1,담하,꼬막 비빔밥
2024-05-05,0,5,Spring,1,1,1,담하,꼬막 비빔밥
2024-05-06,0,5,Spring,0,1,1,담하,꼬막 비빔밥
2024-05-07,0,5,Spring,0,0,0,담하,꼬막 비빔밥
2024-05-08,0,5,Spring,0,0,0,담하,꼬막 비빔밥
2024-05-09,0,5,Spring,0,0,0,담하,꼬막 비빔밥
2024-05-10,0,5,Spring,0,0,0,담하,꼬막 비빔밥
2024-05-11,0,5,Spring,1,0,1,담하,꼬막 비빔밥
2024-05-12,0,5,Spring,1,0,1,담하,꼬막 비빔밥
2024-05-13,0,5,Spring,0,0,0,담하,꼬막 비빔밥
2024-05-14,0,5,Spring,0,0,0,담하,꼬막 비빔밥
2024-05-15,0,5,Spring,0,1,1,담하,꼬막 비빔밥
2024-05-16,0,5,Spring,0,0,0,담하,꼬막 비빔밥
2024-05-17,0,5,Spring,0,0,0,담하,꼬막 비빔밥
2024-05-18,0,5,Spring,1,0,1,담하,꼬막 비빔밥
2024-05-19,0,5,Spring,1,0,1,담하,꼬막 비빔밥
2024-05-20,0,5,Spring,0,0,0,담하,꼬막 비빔밥
2024-05-21,0,5,Spring,0,0,0,담하,꼬막 비빔밥
2024-05-22,0,5,Spring,0,0,0,담하,꼬막 비빔밥
2024-05-23,0,5,Spring,0,0,0,담하,꼬막 비빔밥
2024-05-24,0,5,Spring,0,0,0,담하,꼬막 비빔밥
2024-05-25,0,5,Spring,1,0,1,담하,꼬막 비빔밥
2024-05-26,0,5,Spring,1,0,1,담하,꼬막 비빔밥
2024-05-27,0,5,Spring,0,0,0,담하,꼬막 비빔밥
2024-05-28,0,5,Spring,0,0,0,담하,꼬막 비빔밥
2024-05-29,0,5,Spring,0,0,0,담하,꼬막 비빔밥
2024-05-30,0,5,Spring,0,0,0,담하,꼬막 비빔밥
2024-05-31,0,5,Spring,0,0,0,담하,꼬막 비빔밥
2024-06-01,0,6,Summer,1,0,1,담하,꼬막 비빔밥
2024-06-02,0,6,Summer,1,0,1,담하,꼬막 비빔밥
2024-06-03,0,6,Summer,0,0,0,담하,꼬막 비빔밥
2024-06-04,0,6,Summer,0,0,0,담하,꼬막 비빔밥
2024-06-05,0,6,Summer,0,0,0,담하,꼬막 비빔밥
2024-06-06,0,6,Summer,0,1,1,담하,꼬막 비빔밥
2024-06-07,0,6,Summer,0,0,0,담하,꼬막 비빔밥
2024-06-08,0,6,Summer,1,0,1,담하,꼬막 비빔밥
2024-06-09,0,6,Summer,1,0,1,담하,꼬막 비빔밥
2024-06-10,0,6,Summer,0,0,0,담하,꼬막 비빔밥
2024-06-11,0,6,Summer,0,0,0,담하,꼬막 비빔밥
2024-06-12,0,6,Summer,0,0,0,담하,꼬막 비빔밥
2024-06-13,0,6,Summer,0,0,0,담하,꼬막 비빔밥
2024-06-14,0,6,Summer,0,0,0,담하,꼬막 비빔밥
2024-06-15,0,6,Summer,1,0,1,담하,꼬막 비빔밥
2023-01-01,0,1,Winter,1,1,1,담하,느린마을 막걸리
2023-01-02,3,1,Winter,0,0,0,담하,느린마을 막걸리
2023-01-03,2,1,Winter,0,0,0,담하,느린마을 막걸리
2023-01-04,1,1,Winter,0,0,0,담하,느린마을 막걸리
2023-01-05,2,1,Winter,0,0,0,담하,느린마을 막걸리
2023-01-06,2,1,Winter,0,0,0,담하,느린마을 막걸리
2023-01-07,3,1,Winter,1,0,1,담하,느린마을 막걸리
2023-01-08,2,1,Winter,1,0,1,담하,느린마을 막걸리
2023-01-09,2,1,Winter,0,0,0,담하,느린마을 막걸리
2023-01-10,0,1,Winter,0,0,0,담하,느린마을 막걸리
2023-01-11,0,1,Winter,0,0,0,담하,느린마을 막걸리
2023-01-12,2,1,Winter,0,0,0,담하,느린마을 막걸리
2023-01-13,0,1,Winter,0,0,0,담하,느린마을 막걸리
2023-01-14,1,1,Winter,1,0,1,담하,느린마을 막걸리
2023-01-15,2,1,Winter,1,0,1,담하,느린마을 막걸리
2023-01-16,1,1,Winter,0,0,0,담하,느린마을 막걸리
2023-01-17,1,1,Winter,0,0,0,담하,느린마을 막걸리
2023-01-18,0,1,Winter,0,0,0,담하,느린마을 막걸리
2023-01-19,0,1,Winter,0,0,0,담하,느린마을 막걸리
2023-01-20,3,1,Winter,0,0,0,담하,느린마을 막걸리
2023-01-21,2,1,Winter,1,1,1,담하,느린마을 막걸리
2023-01-22,3,1,Winter,1,1,1,담하,느린마을 막걸리
2023-01-23,7,1,Winter,0,1,1,담하,느린마을 막걸리
2023-01-24,1,1,Winter,0,1,1,담하,느린마을 막걸리
2023-01-25,0,1,Winter,0,0,0,담하,느린마을 막걸리
2023-01-26,1,1,Winter,0,0,0,담하,느린마을 막걸리
2023-01-27,0,1,Winter,0,0,0,담하,느린마을 막걸리
2023-01-28,3,1,Winter,1,0,1,담하,느린마을 막걸리
2023-01-29,4,1,Winter,1,0,1,담하,느린마을 막걸리
2023-01-30,3,1,Winter,0,0,0,담하,느린마을 막걸리
2023-01-31,0,1,Winter,0,0,0,담하,느린마을 막걸리
2023-02-01,1,2,Winter,0,0,0,담하,느린마을 막걸리
2023-02-02,0,2,Winter,0,0,0,담하,느린마을 막걸리
2023-02-03,1,2,Winter,0,0,0,담하,느린마을 막걸리
2023-02-04,3,2,Winter,1,0,1,담하,느린마을 막걸리
2023-02-05,3,2,Winter,1,0,1,담하,느린마을 막걸리
2023-02-06,0,2,Winter,0,0,0,담하,느린마을 막걸리
2023-02-07,1,2,Winter,0,0,0,담하,느린마을 막걸리
2023-02-08,2,2,Winter,0,0,0,담하,느린마을 막걸리
2023-02-09,2,2,Winter,0,0,0,담하,느린마을 막걸리
2023-02-10,0,2,Winter,0,0,0,담하,느린마을 막걸리
2023-02-11,2,2,Winter,1,0,1,담하,느린마을 막걸리
2023-02-12,3,2,Winter,1,0,1,담하,느린마을 막걸리
2023-02-13,0,2,Winter,0,0,0,담하,느린마을 막걸리
2023-02-14,1,2,Winter,0,0,0,담하,느린마을 막걸리
2023-02-15,0,2,Winter,0,0,0,담하,느린마을 막걸리
2023-02-16,2,2,Winter,0,0,0,담하,느린마을 막걸리
2023-02-17,1,2,Winter,0,0,0,담하,느린마을 막걸리
2023-02-18,1,2,Winter,1,0,1,담하,느린마을 막걸리
2023-02-19,0,2,Winter,1,0,1,담하,느린마을 막걸리
2023-02-20,0,2,Winter,0,0,0,담하,느린마을 막걸리
2023-02-21,0,2,Winter,0,0,0,담하,느린마을 막걸리
2023-02-22,0,2,Winter,0,0,0,담하,느린마을 막걸리
2023-02-23,0,2,Winter,0,0,0,담하,느린마을 막걸리
2023-02-24,0,2,Winter,0,0,0,담하,느린마을 막걸리
2023-02-25,0,2,Winter,1,0,1,담하,느린마을 막걸리
2023-02-26,1,2,Winter,1,0,1,담하,느린마을 막걸리
2023-02-27,0,2,Winter,0,0,0,담하,느린마을 막걸리
2023-02-28,0,2,Winter,0,0,0,담하,느린마을 막걸리
2023-03-01,0,3,Spring,0,1,1,담하,느린마을 막걸리
2023-03-02,0,3,Spring,0,0,0,담하,느린마을 막걸리
2023-03-03,0,3,Spring,0,0,0,담하,느린마을 막걸리
2023-03-04,0,3,Spring,1,0,1,담하,느린마을 막걸리
2023-03-05,0,3,Spring,1,0,1,담하,느린마을 막걸리
2023-03-06,0,3,Spring,0,0,0,담하,느린마을 막걸리
2023-03-07,0,3,Spring,0,0,0,담하,느린마을 막걸리
2023-03-08,0,3,Spring,0,0,0,담하,느린마을 막걸리
2023-03-09,0,3,Spring,0,0,0,담하,느린마을 막걸리
2023-03-10,0,3,Spring,0,0,0,담하,느린마을 막걸리
2023-03-11,2,3,Spring,1,0,1,담하,느린마을 막걸리
2023-03-12,1,3,Spring,1,0,1,담하,느린마을 막걸리
2023-03-13,0,3,Spring,0,0,0,담하,느린마을 막걸리
2023-03-14,0,3,Spring,0,0,0,담하,느린마을 막걸리
2023-03-15,1,3,Spring,0,0,0,담하,느린마을 막걸리
2023-03-16,0,3,Spring,0,0,0,담하,느린마을 막걸리
2023-03-17,0,3,Spring,0,0,0,담하,느린마을 막걸리
2023-03-18,4,3,Spring,1,0,1,담하,느린마을 막걸리
2023-03-19,1,3,Spring,1,0,1,담하,느린마을 막걸리
2023-03-20,1,3,Spring,0,0,0,담하,느린마을 막걸리
2023-03-21,0,3,Spring,0,0,0,담하,느린마을 막걸리
2023-03-22,0,3,Spring,0,0,0,담하,느린마을 막걸리
2023-03-23,0,3,Spring,0,0,0,담하,느린마을 막걸리
2023-03-24,0,3,Spring,0,0,0,담하,느린마을 막걸리
2023-03-25,4,3,Spring,1,0,1,담하,느린마을 막걸리
2023-03-26,1,3,Spring,1,0,1,담하,느린마을 막걸리
2023-03-27,0,3,Spring,0,0,0,담하,느린마을 막걸리
2023-03-28,0,3,Spring,0,0,0,담하,느린마을 막걸리
2023-03-29,0,3,Spring,0,0,0,담하,느린마을 막걸리
2023-03-30,2,3,Spring,0,0,0,담하,느린마을 막걸리
2023-03-31,3,3,Spring,0,0,0,담하,느린마을 막걸리
2023-04-01,2,4,Spring,1,0,1,담하,느린마을 막걸리
2023-04-02,0,4,Spring,1,0,1,담하,느린마을 막걸리
2023-04-03,1,4,Spring,0,0,0,담하,느린마을 막걸리
2023-04-04,2,4,Spring,0,0,0,담하,느린마을 막걸리
2023-04-05,1,4,Spring,0,0,0,담하,느린마을 막걸리
2023-04-06,1,4,Spring,0,0,0,담하,느린마을 막걸리
2023-04-07,0,4,Spring,0,0,0,담하,느린마을 막걸리
2023-04-08,3,4,Spring,1,0,1,담하,느린마을 막걸리
2023-04-09,0,4,Spring,1,0,1,담하,느린마을 막걸리
2023-04-10,1,4,Spring,0,0,0,담하,느린마을 막걸리
2023-04-11,0,4,Spring,0,0,0,담하,느린마을 막걸리
2023-04-12,2,4,Spring,0,0,0,담하,느린마을 막걸리
2023-04-13,0,4,Spring,0,0,0,담하,느린마을 막걸리
2023-04-14,0,4,Spring,0,0,0,담하,느린마을 막걸리
2023-04-15,7,4,Spring,1,0,1,담하,느린마을 막걸리
2023-04-16,6,4,Spring,1,0,1,담하,느린마을 막걸리
2023-04-17,1,4,Spring,0,0,0,담하,느린마을 막걸리
2023-04-18,0,4,Spring,0,0,0,담하,느린마을 막걸리
2023-04-19,0,4,Spring,0,0,0,담하,느린마을 막걸리
2023-04-20,0,4,Spring,0,0,0,담하,느린마을 막걸리
2023-04-21,0,4,Spring,0,0,0,담하,느린마을 막걸리
2023-04-22,1,4,Spring,1,0,1,담하,느린마을 막걸리
2023-04-23,2,4,Spring,1,0,1,담하,느린마을 막걸리
2023-04-24,0,4,Spring,0,0,0,담하,느린마을 막걸리
2023-04-25,4,4,Spring,0,0,0,담하,느린마을 막걸리
2023-04-26,0,4,Spring,0,0,0,담하,느린마을 막걸리
2023-04-27,2,4,Spring,0,0,0,담하,느린마을 막걸리
2023-04-28,0,4,Spring,0,0,0,담하,느린마을 막걸리
2023-04-29,3,4,Spring,1,0,1,담하,느린마을 막걸리
2023-04-30,5,4,Spring,1,0,1,담하,느린마을 막걸리
2023-05-01,0,5,Spring,0,0,0,담하,느린마을 막걸리
2023-05-02,5,5,Spring,0,0,0,담하,느린마을 막걸리
2023-05-03,2,5,Spring,0,0,0,담하,느린마을 막걸리
2023-05-04,5,5,Spring,0,0,0,담하,느린마을 막걸리
2023-05-05,4,5,Spring,0,1,1,담하,느린마을 막걸리
2023-05-06,6,5,Spring,1,0,1,담하,느린마을 막걸리
2023-05-07,4,5,Spring,1,0,1,담하,느린마을 막걸리
2023-05-08,2,5,Spring,0,0,0,담하,느린마을 막걸리
2023-05-09,1,5,Spring,0,0,0,담하,느린마을 막걸리
2023-05-10,0,5,Spring,0,0,0,담하,느린마을 막걸리
2023-05-11,0,5,Spring,0,0,0,담하,느린마을 막걸리
2023-05-12,0,5,Spring,0,0,0,담하,느린마을 막걸리
2023-05-13,3,5,Spring,1,0,1,담하,느린마을 막걸리
2023-05-14,0,5,Spring,1,0,1,담하,느린마을 막걸리
2023-05-15,0,5,Spring,0,0,0,담하,느린마을 막걸리
2023-05-16,0,5,Spring,0,0,0,담하,느린마을 막걸리
2023-05-17,2,5,Spring,0,0,0,담하,느린마을 막걸리
2023-05-18,0,5,Spring,0,0,0,담하,느린마을 막걸리
2023-05-19,0,5,Spring,0,0,0,담하,느린마을 막걸리
2023-05-20,1,5,Spring,1,0,1,담하,느린마을 막걸리
2023-05-21,1,5,Spring,1,0,1,담하,느린마을 막걸리
2023-05-22,2,5,Spring,0,0,0,담하,느린마을 막걸리
2023-05-23,1,5,Spring,0,0,0,담하,느린마을 막걸리
2023-05-24,0,5,Spring,0,0,0,담하,느린마을 막걸리
2023-05-25,4,5,Spring,0,0,0,담하,느린마을 막걸리
2023-05-26,0,5,Spring,0,0,0,담하,느린마을 막걸리
2023-05-27,2,5,Spring,1,1,1,담하,느린마을 막걸리
2023-05-28,0,5,Spring,1,0,1,담하,느린마을 막걸리
2023-05-29,1,5,Spring,0,1,1,담하,느린마을 막걸리
2023-05-30,1,5,Spring,0,0,0,담하,느린마을 막걸리
2023-05-31,0,5,Spring,0,0,0,담하,느린마을 막걸리
2023-06-01,0,6,Summer,0,0,0,담하,느린마을 막걸리
2023-06-02,0,6,Summer,0,0,0,담하,느린마을 막걸리
2023-06-03,0,6,Summer,1,0,1,담하,느린마을 막걸리
2023-06-04,1,6,Summer,1,0,1,담하,느린마을 막걸리
2023-06-05,1,6,Summer,0,0,0,담하,느린마을 막걸리
2023-06-06,2,6,Summer,0,1,1,담하,느린마을 막걸리
2023-06-07,0,6,Summer,0,0,0,담하,느린마을 막걸리
2023-06-08,0,6,Summer,0,0,0,담하,느린마을 막걸리
2023-06-09,3,6,Summer,0,0,0,담하,느린마을 막걸리
2023-06-10,0,6,Summer,1,0,1,담하,느린마을 막걸리
2023-06-11,3,6,Summer,1,0,1,담하,느린마을 막걸리
2023-06-12,0,6,Summer,0,0,0,담하,느린마을 막걸리
2023-06-13,0,6,Summer,0,0,0,담하,느린마을 막걸리
2023-06-14,0,6,Summer,0,0,0,담하,느린마을 막걸리
2023-06-15,3,6,Summer,0,0,0,담하,느린마을 막걸리
2023-06-16,2,6,Summer,0,0,0,담하,느린마을 막걸리
2023-06-17,4,6,Summer,1,0,1,담하,느린마을 막걸리
2023-06-18,0,6,Summer,1,0,1,담하,느린마을 막걸리
2023-06-19,0,6,Summer,0,0,0,담하,느린마을 막걸리
2023-06-20,0,6,Summer,0,0,0,담하,느린마을 막걸리
2023-06-21,0,6,Summer,0,0,0,담하,느린마을 막걸리
2023-06-22,3,6,Summer,0,0,0,담하,느린마을 막걸리
2023-06-23,0,6,Summer,0,0,0,담하,느린마을 막걸리
2023-06-24,3,6,Summer,1,0,1,담하,느린마을 막걸리
2023-06-25,0,6,Summer,1,0,1,담하,느린마을 막걸리
2023-06-26,0,6,Summer,0,0,0,담하,느린마을 막걸리
2023-06-27,0,6,Summer,0,0,0,담하,느린마을 막걸리
2023-06-28,1,6,Summer,0,0,0,담하,느린마을 막걸리
2023-06-29,2,6,Summer,0,0,0,담하,느린마을 막걸리
2023-06-30,0,6,Summer,0,0,0,담하,느린마을 막걸리
2023-07-01,5,7,Summer,1,0,1,담하,느린마을 막걸리
2023-07-02,1,7,Summer,1,0,1,담하,느린마을 막걸리
2023-07-03,0,7,Summer,0,0,0,담하,느린마을 막걸리
2023-07-04,1,7,Summer,0,0,0,담하,느린마을 막걸리
2023-07-05,0,7,Summer,0,0,0,담하,느린마을 막걸리
2023-07-06,0,7,Summer,0,0,0,담하,느린마을 막걸리
2023-07-07,0,7,Summer,0,0,0,담하,느린마을 막걸리
2023-07-08,0,7,Summer,1,0,1,담하,느린마을 막걸리
2023-07-09,0,7,Summer,1,0,1,담하,느린마을 막걸리
2023-07-10,2,7,Summer,0,0,0,담하,느린마을 막걸리
2023-07-11,0,7,Summer,0,0,0,담하,느린마을 막걸리
2023-07-12,0,7,Summer,0,0,0,담하,느린마을 막걸리
2023-07-13,0,7,Summer,0,0,0,담하,느린마을 막걸리
2023-07-14,2,7,Summer,0,0,0,담하,느린마을 막걸리
2023-07-15,4,7,Summer,1,0,1,담하,느린마을 막걸리
2023-07-16,1,7,Summer,1,0,1,담하,느린마을 막걸리
2023-07-17,0,7,Summer,0,0,0,담하,느린마을 막걸리
2023-07-18,3,7,Summer,0,0,0,담하,느린마을 막걸리
2023-07-19,2,7,Summer,0,0,0,담하,느린마을 막걸리
2023-07-20,1,7,Summer,0,0,0,담하,느린마을 막걸리
2023-07-21,2,7,Summer,0,0,0,담하,느린마을 막걸리
2023-07-22,4,7,Summer,1,0,1,담하,느린마을 막걸리
2023-07-23,5,7,Summer,1,0,1,담하,느린마을 막걸리
2023-07-24,0,7,Summer,0,0,0,담하,느린마을 막걸리
2023-07-25,3,7,Summer,0,0,0,담하,느린마을 막걸리
2023-07-26,2,7,Summer,0,0,0,담하,느린마을 막걸리
2023-07-27,1,7,Summer,0,0,0,담하,느린마을 막걸리
2023-07-28,3,7,Summer,0,0,0,담하,느린마을 막걸리
2023-07-29,3,7,Summer,1,0,1,담하,느린마을 막걸리
2023-07-30,2,7,Summer,1,0,1,담하,느린마을 막걸리
2023-07-31,1,7,Summer,0,0,0,담하,느린마을 막걸리
2023-08-01,1,8,Summer,0,0,0,담하,느린마을 막걸리
2023-08-02,0,8,Summer,0,0,0,담하,느린마을 막걸리
2023-08-03,2,8,Summer,0,0,0,담하,느린마을 막걸리
2023-08-04,0,8,Summer,0,0,0,담하,느린마을 막걸리
2023-08-05,1,8,Summer,1,0,1,담하,느린마을 막걸리
2023-08-06,1,8,Summer,1,0,1,담하,느린마을 막걸리
2023-08-07,0,8,Summer,0,0,0,담하,느린마을 막걸리
2023-08-08,2,8,Summer,0,0,0,담하,느린마을 막걸리
2023-08-09,0,8,Summer,0,0,0,담하,느린마을 막걸리
2023-08-10,3,8,Summer,0,0,0,담하,느린마을 막걸리
2023-08-11,1,8,Summer,0,0,0,담하,느린마을 막걸리
2023-08-12,2,8,Summer,1,0,1,담하,느린마을 막걸리
2023-08-13,0,8,Summer,1,0,1,담하,느린마을 막걸리
2023-08-14,0,8,Summer,0,0,0,담하,느린마을 막걸리
2023-08-15,0,8,Summer,0,1,1,담하,느린마을 막걸리
2023-08-16,1,8,Summer,0,0,0,담하,느린마을 막걸리
2023-08-17,0,8,Summer,0,0,0,담하,느린마을 막걸리
2023-08-18,1,8,Summer,0,0,0,담하,느린마을 막걸리
2023-08-19,3,8,Summer,1,0,1,담하,느린마을 막걸리
2023-08-20,2,8,Summer,1,0,1,담하,느린마을 막걸리
2023-08-21,1,8,Summer,0,0,0,담하,느린마을 막걸리
2023-08-22,0,8,Summer,0,0,0,담하,느린마을 막걸리
2023-08-23,1,8,Summer,0,0,0,담하,느린마을 막걸리
2023-08-24,0,8,Summer,0,0,0,담하,느린마을 막걸리
2023-08-25,1,8,Summer,0,0,0,담하,느린마을 막걸리
2023-08-26,4,8,Summer,1,0,1,담하,느린마을 막걸리
2023-08-27,3,8,Summer,1,0,1,담하,느린마을 막걸리
2023-08-28,0,8,Summer,0,0,0,담하,느린마을 막걸리
2023-08-29,0,8,Summer,0,0,0,담하,느린마을 막걸리
2023-08-30,4,8,Summer,0,0,0,담하,느린마을 막걸리
2023-08-31,0,8,Summer,0,0,0,담하,느린마을 막걸리
2023-09-01,2,9,Autumn,0,0,0,담하,느린마을 막걸리
2023-09-02,1,9,Autumn,1,0,1,담하,느린마을 막걸리
2023-09-03,0,9,Autumn,1,0,1,담하,느린마을 막걸리
2023-09-04,0,9,Autumn,0,0,0,담하,느린마을 막걸리
2023-09-05,5,9,Autumn,0,0,0,담하,느린마을 막걸리
2023-09-06,0,9,Autumn,0,0,0,담하,느린마을 막걸리
2023-09-07,1,9,Autumn,0,0,0,담하,느린마을 막걸리
2023-09-08,1,9,Autumn,0,0,0,담하,느린마을 막걸리
2023-09-09,5,9,Autumn,1,0,1,담하,느린마을 막걸리
2023-09-10,4,9,Autumn,1,0,1,담하,느린마을 막걸리
2023-09-11,1,9,Autumn,0,0,0,담하,느린마을 막걸리
2023-09-12,0,9,Autumn,0,0,0,담하,느린마을 막걸리
2023-09-13,2,9,Autumn,0,0,0,담하,느린마을 막걸리
2023-09-14,0,9,Autumn,0,0,0,담하,느린마을 막걸리
2023-09-15,3,9,Autumn,0,0,0,담하,느린마을 막걸리
2023-09-16,1,9,Autumn,1,0,1,담하,느린마을 막걸리
2023-09-17,0,9,Autumn,1,0,1,담하,느린마을 막걸리
2023-09-18,1,9,Autumn,0,0,0,담하,느린마을 막걸리
2023-09-19,0,9,Autumn,0,0,0,담하,느린마을 막걸리
2023-09-20,0,9,Autumn,0,0,0,담하,느린마을 막걸리
2023-09-21,1,9,Autumn,0,0,0,담하,느린마을 막걸리
2023-09-22,0,9,Autumn,0,0,0,담하,느린마을 막걸리
2023-09-23,2,9,Autumn,1,0,1,담하,느린마을 막걸리
2023-09-24,1,9,Autumn,1,0,1,담하,느린마을 막걸리
2023-09-25,0,9,Autumn,0,0,0,담하,느린마을 막걸리
2023-09-26,0,9,Autumn,0,0,0,담하,느린마을 막걸리
2023-09-27,2,9,Autumn,0,0,0,담하,느린마을 막걸리
2023-09-28,5,9,Autumn,0,1,1,담하,느린마을 막걸리
2023-09-29,4,9,Autumn,0,1,1,담하,느린마을 막걸리
2023-09-30,8,9,Autumn,1,1,1,담하,느린마을 막걸리
2023-10-01,1,10,Autumn,1,0,1,담하,느린마을 막걸리
2023-10-02,4,10,Autumn,0,1,1,담하,느린마을 막걸리
2023-10-03,3,10,Autumn,0,1,1,담하,느린마을 막걸리
2023-10-04,0,10,Autumn,0,0,0,담하,느린마을 막걸리
2023-10-05,0,10,Autumn,0,0,0,담하,느린마을 막걸리
2023-10-06,1,10,Autumn,0,0,0,담하,느린마을 막걸리
2023-10-07,0,10,Autumn,1,0,1,담하,느린마을 막걸리
2023-10-08,3,10,Autumn,1,0,1,담하,느린마을 막걸리
2023-10-09,1,10,Autumn,0,1,1,담하,느린마을 막걸리
2023-10-10,2,10,Autumn,0,0,0,담하,느린마을 막걸리
2023-10-11,5,10,Autumn,0,0,0,담하,느린마을 막걸리
2023-10-12,1,10,Autumn,0,0,0,담하,느린마을 막걸리
2023-10-13,2,10,Autumn,0,0,0,담하,느린마을 막걸리
2023-10-14,6,10,Autumn,1,0,1,담하,느린마을 막걸리
2023-10-15,1,10,Autumn,1,0,1,담하,느린마을 막걸리
2023-10-16,1,10,Autumn,0,0,0,담하,느린마을 막걸리
2023-10-17,0,10,Autumn,0,0,0,담하,느린마을 막걸리
2023-10-18,1,10,Autumn,0,0,0,담하,느린마을 막걸리
2023-10-19,2,10,Autumn,0,0,0,담하,느린마을 막걸리
2023-10-20,1,10,Autumn,0,0,0,담하,느린마을 막걸리
2023-10-21,0,10,Autumn,1,0,1,담하,느린마을 막걸리
2023-10-22,2,10,Autumn,1,0,1,담하,느린마을 막걸리
2023-10-23,2,10,Autumn,0,0,0,담하,느린마을 막걸리
2023-10-24,0,10,Autumn,0,0,0,담하,느린마을 막걸리
2023-10-25,1,10,Autumn,0,0,0,담하,느린마을 막걸리
2023-10-26,1,10,Autumn,0,0,0,담하,느린마을 막걸리
2023-10-27,4,10,Autumn,0,0,0,담하,느린마을 막걸리
2023-10-28,5,10,Autumn,1,0,1,담하,느린마을 막걸리
2023-10-29,4,10,Autumn,1,0,1,담하,느린마을 막걸리
2023-10-30,11,10,Autumn,0,0,0,담하,느린마을 막걸리
2023-10-31,5,10,Autumn,0,0,0,담하,느린마을 막걸리
2023-11-01,2,11,Autumn,0,0,0,담하,느린마을 막걸리
2023-11-02,2,11,Autumn,0,0,0,담하,느린마을 막걸리
2023-11-03,1,11,Autumn,0,0,0,담하,느린마을 막걸리
2023-11-04,1,11,Autumn,1,0,1,담하,느린마을 막걸리
2023-11-05,2,11,Autumn,1,0,1,담하,느린마을 막걸리
2023-11-06,1,11,Autumn,0,0,0,담하,느린마을 막걸리
2023-11-07,1,11,Autumn,0,0,0,담하,느린마을 막걸리
2023-11-08,1,11,Autumn,0,0,0,담하,느린마을 막걸리
2023-11-09,2,11,Autumn,0,0,0,담하,느린마을 막걸리
2023-11-10,5,11,Autumn,0,0,0,담하,느린마을 막걸리
2023-11-11,4,11,Autumn,1,0,1,담하,느린마을 막걸리
2023-11-12,2,11,Autumn,1,0,1,담하,느린마을 막걸리
2023-11-13,3,11,Autumn,0,0,0,담하,느린마을 막걸리
2023-11-14,5,11,Autumn,0,0,0,담하,느린마을 막걸리
2023-11-15,0,11,Autumn,0,0,0,담하,느린마을 막걸리
2023-11-16,0,11,Autumn,0,0,0,담하,느린마을 막걸리
2023-11-17,2,11,Autumn,0,0,0,담하,느린마을 막걸리
2023-11-18,0,11,Autumn,1,0,1,담하,느린마을 막걸리
2023-11-19,1,11,Autumn,1,0,1,담하,느린마을 막걸리
2023-11-20,2,11,Autumn,0,0,0,담하,느린마을 막걸리
2023-11-21,0,11,Autumn,0,0,0,담하,느린마을 막걸리
2023-11-22,1,11,Autumn,0,0,0,담하,느린마을 막걸리
2023-11-23,2,11,Autumn,0,0,0,담하,느린마을 막걸리
2023-11-24,0,11,Autumn,0,0,0,담하,느린마을 막걸리
2023-11-25,0,11,Autumn,1,0,1,담하,느린마을 막걸리
2023-11-26,0,11,Autumn,1,0,1,담하,느린마을 막걸리
2023-11-27,0,11,Autumn,0,0,0,담하,느린마을 막걸리
2023-11-28,0,11,Autumn,0,0,0,담하,느린마을 막걸리
2023-11-29,0,11,Autumn,0,0,0,담하,느린마을 막걸리
2023-11-30,0,11,Autumn,0,0,0,담하,느린마을 막걸리
2023-12-01,0,12,Winter,0,0,0,담하,느린마을 막걸리
2023-12-02,0,12,Winter,1,0,1,담하,느린마을 막걸리
2023-12-03,0,12,Winter,1,0,1,담하,느린마을 막걸리
2023-12-04,0,12,Winter,0,0,0,담하,느린마을 막걸리
2023-12-05,0,12,Winter,0,0,0,담하,느린마을 막걸리
2023-12-06,1,12,Winter,0,0,0,담하,느린마을 막걸리
2023-12-07,1,12,Winter,0,0,0,담하,느린마을 막걸리
2023-12-08,1,12,Winter,0,0,0,담하,느린마을 막걸리
2023-12-09,0,12,Winter,1,0,1,담하,느린마을 막걸리
2023-12-10,1,12,Winter,1,0,1,담하,느린마을 막걸리
2023-12-11,0,12,Winter,0,0,0,담하,느린마을 막걸리
2023-12-12,0,12,Winter,0,0,0,담하,느린마을 막걸리
2023-12-13,1,12,Winter,0,0,0,담하,느린마을 막걸리
2023-12-14,0,12,Winter,0,0,0,담하,느린마을 막걸리
2023-12-15,0,12,Winter,0,0,0,담하,느린마을 막걸리
2023-12-16,1,12,Winter,1,0,1,담하,느린마을 막걸리
2023-12-17,1,12,Winter,1,0,1,담하,느린마을 막걸리
2023-12-18,0,12,Winter,0,0,0,담하,느린마을 막걸리
2023-12-19,0,12,Winter,0,0,0,담하,느린마을 막걸리
2023-12-20,0,12,Winter,0,0,0,담하,느린마을 막걸리
2023-12-21,0,12,Winter,0,0,0,담하,느린마을 막걸리
2023-12-22,4,12,Winter,0,0,0,담하,느린마을 막걸리
2023-12-23,0,12,Winter,1,0,1,담하,느린마을 막걸리
2023-12-24,1,12,Winter,1,0,1,담하,느린마을 막걸리
2023-12-25,1,12,Winter,0,1,1,담하,느린마을 막걸리
2023-12-26,3,12,Winter,0,0,0,담하,느린마을 막걸리
2023-12-27,2,12,Winter,0,0,0,담하,느린마을 막걸리
2023-12-28,0,12,Winter,0,0,0,담하,느린마을 막걸리
2023-12-29,6,12,Winter,0,0,0,담하,느린마을 막걸리
2023-12-30,1,12,Winter,1,0,1,담하,느린마을 막걸리
2023-12-31,2,12,Winter,1,0,1,담하,느린마을 막걸리
2024-01-01,0,1,Winter,0,1,1,담하,느린마을 막걸리
2024-01-02,1,1,Winter,0,0,0,담하,느린마을 막걸리
2024-01-03,0,1,Winter,0,0,0,담하,느린마을 막걸리
2024-01-04,2,1,Winter,0,0,0,담하,느린마을 막걸리
2024-01-05,1,1,Winter,0,0,0,담하,느린마을 막걸리
2024-01-06,3,1,Winter,1,0,1,담하,느린마을 막걸리
2024-01-07,0,1,Winter,1,0,1,담하,느린마을 막걸리
2024-01-08,0,1,Winter,0,0,0,담하,느린마을 막걸리
2024-01-09,1,1,Winter,0,0,0,담하,느린마을 막걸리
2024-01-10,0,1,Winter,0,0,0,담하,느린마을 막걸리
2024-01-11,0,1,Winter,0,0,0,담하,느린마을 막걸리
2024-01-12,0,1,Winter,0,0,0,담하,느린마을 막걸리
2024-01-13,5,1,Winter,1,0,1,담하,느린마을 막걸리
2024-01-14,0,1,Winter,1,0,1,담하,느린마을 막걸리
2024-01-15,0,1,Winter,0,0,0,담하,느린마을 막걸리
2024-01-16,2,1,Winter,0,0,0,담하,느린마을 막걸리
2024-01-17,0,1,Winter,0,0,0,담하,느린마을 막걸리
2024-01-18,0,1,Winter,0,0,0,담하,느린마을 막걸리
2024-01-19,0,1,Winter,0,0,0,담하,느린마을 막걸리
2024-01-20,1,1,Winter,1,0,1,담하,느린마을 막걸리
2024-01-21,2,1,Winter,1,0,1,담하,느린마을 막걸리
2024-01-22,1,1,Winter,0,0,0,담하,느린마을 막걸리
2024-01-23,0,1,Winter,0,0,0,담하,느린마을 막걸리
2024-01-24,2,1,Winter,0,0,0,담하,느린마을 막걸리
2024-01-25,1,1,Winter,0,0,0,담하,느린마을 막걸리
2024-01-26,0,1,Winter,0,0,0,담하,느린마을 막걸리
2024-01-27,0,1,Winter,1,0,1,담하,느린마을 막걸리
2024-01-28,0,1,Winter,1,0,1,담하,느린마을 막걸리
2024-01-29,1,1,Winter,0,0,0,담하,느린마을 막걸리
2024-01-30,0,1,Winter,0,0,0,담하,느린마을 막걸리
2024-01-31,0,1,Winter,0,0,0,담하,느린마을 막걸리
2024-02-01,2,2,Winter,0,0,0,담하,느린마을 막걸리
2024-02-02,2,2,Winter,0,0,0,담하,느린마을 막걸리
2024-02-03,3,2,Winter,1,0,1,담하,느린마을 막걸리
2024-02-04,1,2,Winter,1,0,1,담하,느린마을 막걸리
2024-02-05,0,2,Winter,0,0,0,담하,느린마을 막걸리
2024-02-06,0,2,Winter,0,0,0,담하,느린마을 막걸리
2024-02-07,0,2,Winter,0,0,0,담하,느린마을 막걸리
2024-02-08,0,2,Winter,0,0,0,담하,느린마을 막걸리
2024-02-09,3,2,Winter,0,1,1,담하,느린마을 막걸리
2024-02-10,0,2,Winter,1,1,1,담하,느린마을 막걸리
2024-02-11,0,2,Winter,1,1,1,담하,느린마을 막걸리
2024-02-12,4,2,Winter,0,1,1,담하,느린마을 막걸리
2024-02-13,0,2,Winter,0,0,0,담하,느린마을 막걸리
2024-02-14,0,2,Winter,0,0,0,담하,느린마을 막걸리
2024-02-15,0,2,Winter,0,0,0,담하,느린마을 막걸리
2024-02-16,1,2,Winter,0,0,0,담하,느린마을 막걸리
2024-02-17,0,2,Winter,1,0,1,담하,느린마을 막걸리
2024-02-18,0,2,Winter,1,0,1,담하,느린마을 막걸리
2024-02-19,0,2,Winter,0,0,0,담하,느린마을 막걸리
2024-02-20,0,2,Winter,0,0,0,담하,느린마을 막걸리
2024-02-21,0,2,Winter,0,0,0,담하,느린마을 막걸리
2024-02-22,0,2,Winter,0,0,0,담하,느린마을 막걸리
2024-02-23,0,2,Winter,0,0,0,담하,느린마을 막걸리
2024-02-24,3,2,Winter,1,0,1,담하,느린마을 막걸리
2024-02-25,3,2,Winter,1,0,1,담하,느린마을 막걸리
2024-02-26,0,2,Winter,0,0,0,담하,느린마을 막걸리
2024-02-27,0,2,Winter,0,0,0,담하,느린마을 막걸리
2024-02-28,0,2,Winter,0,0,0,담하,느린마을 막걸리
2024-02-29,0,2,Winter,0,0,0,담하,느린마을 막걸리
2024-03-01,0,3,Spring,0,1,1,담하,느린마을 막걸리
2024-03-02,0,3,Spring,1,0,1,담하,느린마을 막걸리
2024-03-03,0,3,Spring,1,0,1,담하,느린마을 막걸리
2024-03-04,0,3,Spring,0,0,0,담하,느린마을 막걸리
2024-03-05,0,3,Spring,0,0,0,담하,느린마을 막걸리
2024-03-06,0,3,Spring,0,0,0,담하,느린마을 막걸리
2024-03-07,0,3,Spring,0,0,0,담하,느린마을 막걸리
2024-03-08,0,3,Spring,0,0,0,담하,느린마을 막걸리
2024-03-09,0,3,Spring,1,0,1,담하,느린마을 막걸리
2024-03-10,0,3,Spring,1,0,1,담하,느린마을 막걸리
2024-03-11,0,3,Spring,0,0,0,담하,느린마을 막걸리
2024-03-12,0,3,Spring,0,0,0,담하,느린마을 막걸리
2024-03-13,0,3,Spring,0,0,0,담하,느린마을 막걸리
2024-03-14,0,3,Spring,0,0,0,담하,느린마을 막걸리
2024-03-15,1,3,Spring,0,0,0,담하,느린마을 막걸리
2024-03-16,2,3,Spring,1,0,1,담하,느린마을 막걸리
2024-03-17,0,3,Spring,1,0,1,담하,느린마을 막걸리
2024-03-18,0,3,Spring,0,0,0,담하,느린마을 막걸리
2024-03-19,0,3,Spring,0,0,0,담하,느린마을 막걸리
2024-03-20,0,3,Spring,0,0,0,담하,느린마을 막걸리
2024-03-21,0,3,Spring,0,0,0,담하,느린마을 막걸리
2024-03-22,0,3,Spring,0,0,0,담하,느린마을 막걸리
2024-03-23,2,3,Spring,1,0,1,담하,느린마을 막걸리
2024-03-24,1,3,Spring,1,0,1,담하,느린마을 막걸리
2024-03-25,4,3,Spring,0,0,0,담하,느린마을 막걸리
2024-03-26,0,3,Spring,0,0,0,담하,느린마을 막걸리
2024-03-27,0,3,Spring,0,0,0,담하,느린마을 막걸리
2024-03-28,0,3,Spring,0,0,0,담하,느린마을 막걸리
2024-03-29,1,3,Spring,0,0,0,담하,느린마을 막걸리
2024-03-30,3,3,Spring,1,0,1,담하,느린마을 막걸리
2024-03-31,0,3,Spring,1,0,1,담하,느린마을 막걸리
2024-04-01,0,4,Spring,0,0,0,담하,느린마을 막걸리
2024-04-02,1,4,Spring,0,0,0,담하,느린마을 막걸리
2024-04-03,1,4,Spring,0,0,0,담하,느린마을 막걸리
2024-04-04,0,4,Spring,0,0,0,담하,느린마을 막걸리
2024-04-05,4,4,Spring,0,0,0,담하,느린마을 막걸리
2024-04-06,3,4,Spring,1,0,1,담하,느린마을 막걸리
2024-04-07,0,4,Spring,1,0,1,담하,느린마을 막걸리
2024-04-08,0,4,Spring,0,0,0,담하,느린마을 막걸리
2024-04-09,1,4,Spring,0,0,0,담하,느린마을 막걸리
2024-04-10,4,4,Spring,0,1,1,담하,느린마을 막걸리
2024-04-11,1,4,Spring,0,0,0,담하,느린마을 막걸리
2024-04-12,3,4,Spring,0,0,0,담하,느린마을 막걸리
2024-04-13,2,4,Spring,1,0,1,담하,느린마을 막걸리
2024-04-14,0,4,Spring,1,0,1,담하,느린마을 막걸리
2024-04-15,3,4,Spring,0,0,0,담하,느린마을 막걸리
2024-04-16,0,4,Spring,0,0,0,담하,느린마을 막걸리
2024-04-17,3,4,Spring,0,0,0,담하,느린마을 막걸리
2024-04-18,2,4,Spring,0,0,0,담하,느린마을 막걸리
2024-04-19,0,4,Spring,0,0,0,담하,느린마을 막걸리
2024-04-20,15,4,Spring,1,0,1,담하,느린마을 막걸리
2024-04-21,2,4,Spring,1,0,1,담하,느린마을 막걸리
2024-04-22,0,4,Spring,0,0,0,담하,느린마을 막걸리
2024-04-23,0,4,Spring,0,0,0,담하,느린마을 막걸리
2024-04-24,1,4,Spring,0,0,0,담하,느린마을 막걸리
2024-04-25,0,4,Spring,0,0,0,담하,느린마을 막걸리
2024-04-26,2,4,Spring,0,0,0,담하,느린마을 막걸리
2024-04-27,3,4,Spring,1,0,1,담하,느린마을 막걸리
2024-04-28,2,4,Spring,1,0,1,담하,느린마을 막걸리
2024-04-29,2,4,Spring,0,0,0,담하,느린마을 막걸리
2024-04-30,1,4,Spring,0,0,0,담하,느린마을 막걸리
2024-05-01,0,5,Spring,0,0,0,담하,느린마을 막걸리
2024-05-02,2,5,Spring,0,0,0,담하,느린마을 막걸리
2024-05-03,2,5,Spring,0,0,0,담하,느린마을 막걸리
2024-05-04,0,5,Spring,1,0,1,담하,느린마을 막걸리
2024-05-05,5,5,Spring,1,1,1,담하,느린마을 막걸리
2024-05-06,1,5,Spring,0,1,1,담하,느린마을 막걸리
2024-05-07,0,5,Spring,0,0,0,담하,느린마을 막걸리
2024-05-08,0,5,Spring,0,0,0,담하,느린마을 막걸리
2024-05-09,0,5,Spring,0,0,0,담하,느린마을 막걸리
2024-05-10,1,5,Spring,0,0,0,담하,느린마을 막걸리
2024-05-11,5,5,Spring,1,0,1,담하,느린마을 막걸리
2024-05-12,1,5,Spring,1,0,1,담하,느린마을 막걸리
2024-05-13,1,5,Spring,0,0,0,담하,느린마을 막걸리
2024-05-14,3,5,Spring,0,0,0,담하,느린마을 막걸리
2024-05-15,1,5,Spring,0,1,1,담하,느린마을 막걸리
2024-05-16,1,5,Spring,0,0,0,담하,느린마을 막걸리
2024-05-17,0,5,Spring,0,0,0,담하,느린마을 막걸리
2024-05-18,1,5,Spring,1,0,1,담하,느린마을 막걸리
2024-05-19,3,5,Spring,1,0,1,담하,느린마을 막걸리
2024-05-20,1,5,Spring,0,0,0,담하,느린마을 막걸리
2024-05-21,5,5,Spring,0,0,0,담하,느린마을 막걸리
2024-05-22,3,5,Spring,0,0,0,담하,느린마을 막걸리
2024-05-23,0,5,Spring,0,0,0,담하,느린마을 막걸리
2024-05-24,1,5,Spring,0,0,0,담하,느린마을 막걸리
2024-05-25,4,5,Spring,1,0,1,담하,느린마을 막걸리
2024-05-26,0,5,Spring,1,0,1,담하,느린마을 막걸리
2024-05-27,0,5,Spring,0,0,0,담하,느린마을 막걸리
2024-05-28,0,5,Spring,0,0,0,담하,느린마을 막걸리
2024-05-29,0,5,Spring,0,0,0,담하,느린마을 막걸리
2024-05-30,1,5,Spring,0,0,0,담하,느린마을 막걸리
2024-05-31,2,5,Spring,0,0,0,담하,느린마을 막걸리
2024-06-01,2,6,Summer,1,0,1,담하,느린마을 막걸리
2024-06-02,0,6,Summer,1,0,1,담하,느린마을 막걸리
2024-06-03,0,6,Summer,0,0,0,담하,느린마을 막걸리
2024-06-04,0,6,Summer,0,0,0,담하,느린마을 막걸리
2024-06-05,5,6,Summer,0,0,0,담하,느린마을 막걸리
2024-06-06,1,6,Summer,0,1,1,담하,느린마을 막걸리
2024-06-07,1,6,Summer,0,0,0,담하,느린마을 막걸리
2024-06-08,2,6,Summer,1,0,1,담하,느린마을 막걸리
2024-06-09,0,6,Summer,1,0,1,담하,느린마을 막걸리
2024-06-10,0,6,Summer,0,0,0,담하,느린마을 막걸리
2024-06-11,1,6,Summer,0,0,0,담하,느린마을 막걸리
2024-06-12,2,6,Summer,0,0,0,담하,느린마을 막걸리
2024-06-13,0,6,Summer,0,0,0,담하,느린마을 막걸리
2024-06-14,3,6,Summer,0,0,0,담하,느린마을 막걸리
2024-06-15,3,6,Summer,1,0,1,담하,느린마을 막걸리
2023-01-01,61,1,Winter,1,1,1,담하,담하 한우 불고기
2023-01-02,50,1,Winter,0,0,0,담하,담하 한우 불고기
2023-01-03,46,1,Winter,0,0,0,담하,담하 한우 불고기
2023-01-04,32,1,Winter,0,0,0,담하,담하 한우 불고기
2023-01-05,45,1,Winter,0,0,0,담하,담하 한우 불고기
2023-01-06,56,1,Winter,0,0,0,담하,담하 한우 불고기
2023-01-07,95,1,Winter,1,0,1,담하,담하 한우 불고기
2023-01-08,45,1,Winter,1,0,1,담하,담하 한우 불고기
2023-01-09,38,1,Winter,0,0,0,담하,담하 한우 불고기
2023-01-10,79,1,Winter,0,0,0,담하,담하 한우 불고기
2023-01-11,39,1,Winter,0,0,0,담하,담하 한우 불고기
2023-01-12,41,1,Winter,0,0,0,담하,담하 한우 불고기
2023-01-13,64,1,Winter,0,0,0,담하,담하 한우 불고기
2023-01-14,64,1,Winter,1,0,1,담하,담하 한우 불고기
2023-01-15,84,1,Winter,1,0,1,담하,담하 한우 불고기
2023-01-16,15,1,Winter,0,0,0,담하,담하 한우 불고기
2023-01-17,33,1,Winter,0,0,0,담하,담하 한우 불고기
2023-01-18,18,1,Winter,0,0,0,담하,담하 한우 불고기
2023-01-19,31,1,Winter,0,0,0,담하,담하 한우 불고기
2023-01-20,66,1,Winter,0,0,0,담하,담하 한우 불고기
2023-01-21,125,1,Winter,1,1,1,담하,담하 한우 불고기
2023-01-22,103,1,Winter,1,1,1,담하,담하 한우 불고기
2023-01-23,140,1,Winter,0,1,1,담하,담하 한우 불고기
2023-01-24,21,1,Winter,0,1,1,담하,담하 한우 불고기
2023-01-25,45,1,Winter,0,0,0,담하,담하 한우 불고기
2023-01-26,44,1,Winter,0,0,0,담하,담하 한우 불고기
2023-01-27,58,1,Winter,0,0,0,담하,담하 한우 불고기
2023-01-28,86,1,Winter,1,0,1,담하,담하 한우 불고기
2023-01-29,56,1,Winter,1,0,1,담하,담하 한우 불고기
2023-01-30,47,1,Winter,0,0,0,담하,담하 한우 불고기
2023-01-31,21,1,Winter,0,0,0,담하,담하 한우 불고기
2023-02-01,31,2,Winter,0,0,0,담하,담하 한우 불고기
2023-02-02,29,2,Winter,0,0,0,담하,담하 한우 불고기
2023-02-03,47,2,Winter,0,0,0,담하,담하 한우 불고기
2023-02-04,81,2,Winter,1,0,1,담하,담하 한우 불고기
2023-02-05,47,2,Winter,1,0,1,담하,담하 한우 불고기
2023-02-06,20,2,Winter,0,0,0,담하,담하 한우 불고기
2023-02-07,2,2,Winter,0,0,0,담하,담하 한우 불고기
2023-02-08,33,2,Winter,0,0,0,담하,담하 한우 불고기
2023-02-09,22,2,Winter,0,0,0,담하,담하 한우 불고기
2023-02-10,19,2,Winter,0,0,0,담하,담하 한우 불고기
2023-02-11,75,2,Winter,1,0,1,담하,담하 한우 불고기
2023-02-12,62,2,Winter,1,0,1,담하,담하 한우 불고기
2023-02-13,25,2,Winter,0,0,0,담하,담하 한우 불고기
2023-02-14,24,2,Winter,0,0,0,담하,담하 한우 불고기
2023-02-15,9,2,Winter,0,0,0,담하,담하 한우 불고기
2023-02-16,33,2,Winter,0,0,0,담하,담하 한우 불고기
2023-02-17,32,2,Winter,0,0,0,담하,담하 한우 불고기
2023-02-18,71,2,Winter,1,0,1,담하,담하 한우 불고기
2023-02-19,75,2,Winter,1,0,1,담하,담하 한우 불고기
2023-02-20,31,2,Winter,0,0,0,담하,담하 한우 불고기
2023-02-21,20,2,Winter,0,0,0,담하,담하 한우 불고기
2023-02-22,38,2,Winter,0,0,0,담하,담하 한우 불고기
2023-02-23,24,2,Winter,0,0,0,담하,담하 한우 불고기
2023-02-24,78,2,Winter,0,0,0,담하,담하 한우 불고기
2023-02-25,114,2,Winter,1,0,1,담하,담하 한우 불고기
2023-02-26,28,2,Winter,1,0,1,담하,담하 한우 불고기
2023-02-27,38,2,Winter,0,0,0,담하,담하 한우 불고기
2023-02-28,9,2,Winter,0,0,0,담하,담하 한우 불고기
2023-03-01,10,3,Spring,0,1,1,담하,담하 한우 불고기
2023-03-02,0,3,Spring,0,0,0,담하,담하 한우 불고기
2023-03-03,0,3,Spring,0,0,0,담하,담하 한우 불고기
2023-03-04,0,3,Spring,1,0,1,담하,담하 한우 불고기
2023-03-05,0,3,Spring,1,0,1,담하,담하 한우 불고기
2023-03-06,0,3,Spring,0,0,0,담하,담하 한우 불고기
2023-03-07,0,3,Spring,0,0,0,담하,담하 한우 불고기
2023-03-08,0,3,Spring,0,0,0,담하,담하 한우 불고기
2023-03-09,0,3,Spring,0,0,0,담하,담하 한우 불고기
2023-03-10,9,3,Spring,0,0,0,담하,담하 한우 불고기
2023-03-11,43,3,Spring,1,0,1,담하,담하 한우 불고기
2023-03-12,10,3,Spring,1,0,1,담하,담하 한우 불고기
2023-03-13,0,3,Spring,0,0,0,담하,담하 한우 불고기
2023-03-14,8,3,Spring,0,0,0,담하,담하 한우 불고기
2023-03-15,9,3,Spring,0,0,0,담하,담하 한우 불고기
2023-03-16,2,3,Spring,0,0,0,담하,담하 한우 불고기
2023-03-17,31,3,Spring,0,0,0,담하,담하 한우 불고기
2023-03-18,48,3,Spring,1,0,1,담하,담하 한우 불고기
2023-03-19,2,3,Spring,1,0,1,담하,담하 한우 불고기
2023-03-20,2,3,Spring,0,0,0,담하,담하 한우 불고기
2023-03-21,4,3,Spring,0,0,0,담하,담하 한우 불고기
2023-03-22,0,3,Spring,0,0,0,담하,담하 한우 불고기
2023-03-23,4,3,Spring,0,0,0,담하,담하 한우 불고기
2023-03-24,26,3,Spring,0,0,0,담하,담하 한우 불고기
2023-03-25,32,3,Spring,1,0,1,담하,담하 한우 불고기
2023-03-26,12,3,Spring,1,0,1,담하,담하 한우 불고기
2023-03-27,2,3,Spring,0,0,0,담하,담하 한우 불고기
2023-03-28,2,3,Spring,0,0,0,담하,담하 한우 불고기
2023-03-29,9,3,Spring,0,0,0,담하,담하 한우 불고기
2023-03-30,4,3,Spring,0,0,0,담하,담하 한우 불고기
2023-03-31,39,3,Spring,0,0,0,담하,담하 한우 불고기
2023-04-01,78,4,Spring,1,0,1,담하,담하 한우 불고기
2023-04-02,18,4,Spring,1,0,1,담하,담하 한우 불고기
2023-04-03,32,4,Spring,0,0,0,담하,담하 한우 불고기
2023-04-04,5,4,Spring,0,0,0,담하,담하 한우 불고기
2023-04-05,12,4,Spring,0,0,0,담하,담하 한우 불고기
2023-04-06,60,4,Spring,0,0,0,담하,담하 한우 불고기
2023-04-07,38,4,Spring,0,0,0,담하,담하 한우 불고기
2023-04-08,60,4,Spring,1,0,1,담하,담하 한우 불고기
2023-04-09,34,4,Spring,1,0,1,담하,담하 한우 불고기
2023-04-10,13,4,Spring,0,0,0,담하,담하 한우 불고기
2023-04-11,13,4,Spring,0,0,0,담하,담하 한우 불고기
2023-04-12,29,4,Spring,0,0,0,담하,담하 한우 불고기
2023-04-13,54,4,Spring,0,0,0,담하,담하 한우 불고기
2023-04-14,50,4,Spring,0,0,0,담하,담하 한우 불고기
2023-04-15,48,4,Spring,1,0,1,담하,담하 한우 불고기
2023-04-16,34,4,Spring,1,0,1,담하,담하 한우 불고기
2023-04-17,8,4,Spring,0,0,0,담하,담하 한우 불고기
2023-04-18,10,4,Spring,0,0,0,담하,담하 한우 불고기
2023-04-19,13,4,Spring,0,0,0,담하,담하 한우 불고기
2023-04-20,39,4,Spring,0,0,0,담하,담하 한우 불고기
2023-04-21,65,4,Spring,0,0,0,담하,담하 한우 불고기
2023-04-22,60,4,Spring,1,0,1,담하,담하 한우 불고기
2023-04-23,65,4,Spring,1,0,1,담하,담하 한우 불고기
2023-04-24,10,4,Spring,0,0,0,담하,담하 한우 불고기
2023-04-25,22,4,Spring,0,0,0,담하,담하 한우 불고기
2023-04-26,33,4,Spring,0,0,0,담하,담하 한우 불고기
2023-04-27,18,4,Spring,0,0,0,담하,담하 한우 불고기
2023-04-28,34,4,Spring,0,0,0,담하,담하 한우 불고기
2023-04-29,69,4,Spring,1,0,1,담하,담하 한우 불고기
2023-04-30,80,4,Spring,1,0,1,담하,담하 한우 불고기
2023-05-01,48,5,Spring,0,0,0,담하,담하 한우 불고기
2023-05-02,12,5,Spring,0,0,0,담하,담하 한우 불고기
2023-05-03,16,5,Spring,0,0,0,담하,담하 한우 불고기
2023-05-04,26,5,Spring,0,0,0,담하,담하 한우 불고기
2023-05-05,73,5,Spring,0,1,1,담하,담하 한우 불고기
2023-05-06,64,5,Spring,1,0,1,담하,담하 한우 불고기
2023-05-07,52,5,Spring,1,0,1,담하,담하 한우 불고기
2023-05-08,20,5,Spring,0,0,0,담하,담하 한우 불고기
2023-05-09,19,5,Spring,0,0,0,담하,담하 한우 불고기
2023-05-10,41,5,Spring,0,0,0,담하,담하 한우 불고기
2023-05-11,18,5,Spring,0,0,0,담하,담하 한우 불고기
2023-05-12,26,5,Spring,0,0,0,담하,담하 한우 불고기
2023-05-13,119,5,Spring,1,0,1,담하,담하 한우 불고기
2023-05-14,36,5,Spring,1,0,1,담하,담하 한우 불고기
2023-05-15,32,5,Spring,0,0,0,담하,담하 한우 불고기
2023-05-16,18,5,Spring,0,0,0,담하,담하 한우 불고기
2023-05-17,34,5,Spring,0,0,0,담하,담하 한우 불고기
2023-05-18,6,5,Spring,0,0,0,담하,담하 한우 불고기
2023-05-19,31,5,Spring,0,0,0,담하,담하 한우 불고기
2023-05-20,45,5,Spring,1,0,1,담하,담하 한우 불고기
2023-05-21,24,5,Spring,1,0,1,담하,담하 한우 불고기
2023-05-22,14,5,Spring,0,0,0,담하,담하 한우 불고기
2023-05-23,26,5,Spring,0,0,0,담하,담하 한우 불고기
2023-05-24,5,5,Spring,0,0,0,담하,담하 한우 불고기
2023-05-25,43,5,Spring,0,0,0,담하,담하 한우 불고기
2023-05-26,31,5,Spring,0,0,0,담하,담하 한우 불고기
2023-05-27,55,5,Spring,1,1,1,담하,담하 한우 불고기
2023-05-28,41,5,Spring,1,0,1,담하,담하 한우 불고기
2023-05-29,59,5,Spring,0,1,1,담하,담하 한우 불고기
2023-05-30,13,5,Spring,0,0,0,담하,담하 한우 불고기
2023-05-31,19,5,Spring,0,0,0,담하,담하 한우 불고기
2023-06-01,19,6,Summer,0,0,0,담하,담하 한우 불고기
2023-06-02,25,6,Summer,0,0,0,담하,담하 한우 불고기
2023-06-03,50,6,Summer,1,0,1,담하,담하 한우 불고기
2023-06-04,50,6,Summer,1,0,1,담하,담하 한우 불고기
2023-06-05,45,6,Summer,0,0,0,담하,담하 한우 불고기
2023-06-06,11,6,Summer,0,1,1,담하,담하 한우 불고기
2023-06-07,68,6,Summer,0,0,0,담하,담하 한우 불고기
2023-06-08,21,6,Summer,0,0,0,담하,담하 한우 불고기
2023-06-09,34,6,Summer,0,0,0,담하,담하 한우 불고기
2023-06-10,51,6,Summer,1,0,1,담하,담하 한우 불고기
2023-06-11,10,6,Summer,1,0,1,담하,담하 한우 불고기
2023-06-12,8,6,Summer,0,0,0,담하,담하 한우 불고기
2023-06-13,9,6,Summer,0,0,0,담하,담하 한우 불고기
2023-06-14,13,6,Summer,0,0,0,담하,담하 한우 불고기
2023-06-15,4,6,Summer,0,0,0,담하,담하 한우 불고기
2023-06-16,43,6,Summer,0,0,0,담하,담하 한우 불고기
2023-06-17,23,6,Summer,1,0,1,담하,담하 한우 불고기
2023-06-18,17,6,Summer,1,0,1,담하,담하 한우 불고기
2023-06-19,8,6,Summer,0,0,0,담하,담하 한우 불고기
2023-06-20,7,6,Summer,0,0,0,담하,담하 한우 불고기
2023-06-21,4,6,Summer,0,0,0,담하,담하 한우 불고기
2023-06-22,16,6,Summer,0,0,0,담하,담하 한우 불고기
2023-06-23,22,6,Summer,0,0,0,담하,담하 한우 불고기
2023-06-24,39,6,Summer,1,0,1,담하,담하 한우 불고기
2023-06-25,15,6,Summer,1,0,1,담하,담하 한우 불고기
2023-06-26,34,6,Summer,0,0,0,담하,담하 한우 불고기
2023-06-27,4,6,Summer,0,0,0,담하,담하 한우 불고기
2023-06-28,10,6,Summer,0,0,0,담하,담하 한우 불고기
2023-06-29,4,6,Summer,0,0,0,담하,담하 한우 불고기
2023-06-30,19,6,Summer,0,0,0,담하,담하 한우 불고기
2023-07-01,62,7,Summer,1,0,1,담하,담하 한우 불고기
2023-07-02,19,7,Summer,1,0,1,담하,담하 한우 불고기
2023-07-03,13,7,Summer,0,0,0,담하,담하 한우 불고기
2023-07-04,11,7,Summer,0,0,0,담하,담하 한우 불고기
2023-07-05,3,7,Summer,0,0,0,담하,담하 한우 불고기
2023-07-06,6,7,Summer,0,0,0,담하,담하 한우 불고기
2023-07-07,19,7,Summer,0,0,0,담하,담하 한우 불고기
2023-07-08,54,7,Summer,1,0,1,담하,담하 한우 불고기
2023-07-09,4,7,Summer,1,0,1,담하,담하 한우 불고기
2023-07-10,4,7,Summer,0,0,0,담하,담하 한우 불고기
2023-07-11,4,7,Summer,0,0,0,담하,담하 한우 불고기
2023-07-12,4,7,Summer,0,0,0,담하,담하 한우 불고기
2023-07-13,17,7,Summer,0,0,0,담하,담하 한우 불고기
2023-07-14,41,7,Summer,0,0,0,담하,담하 한우 불고기
2023-07-15,63,7,Summer,1,0,1,담하,담하 한우 불고기
2023-07-16,21,7,Summer,1,0,1,담하,담하 한우 불고기
2023-07-17,13,7,Summer,0,0,0,담하,담하 한우 불고기
2023-07-18,11,7,Summer,0,0,0,담하,담하 한우 불고기
2023-07-19,15,7,Summer,0,0,0,담하,담하 한우 불고기
2023-07-20,10,7,Summer,0,0,0,담하,담하 한우 불고기
2023-07-21,30,7,Summer,0,0,0,담하,담하 한우 불고기
2023-07-22,32,7,Summer,1,0,1,담하,담하 한우 불고기
2023-07-23,20,7,Summer,1,0,1,담하,담하 한우 불고기
2023-07-24,19,7,Summer,0,0,0,담하,담하 한우 불고기
2023-07-25,28,7,Summer,0,0,0,담하,담하 한우 불고기
2023-07-26,36,7,Summer,0,0,0,담하,담하 한우 불고기
2023-07-27,23,7,Summer,0,0,0,담하,담하 한우 불고기
2023-07-28,55,7,Summer,0,0,0,담하,담하 한우 불고기
2023-07-29,42,7,Summer,1,0,1,담하,담하 한우 불고기
2023-07-30,44,7,Summer,1,0,1,담하,담하 한우 불고기
2023-07-31,62,7,Summer,0,0,0,담하,담하 한우 불고기
2023-08-01,53,8,Summer,0,0,0,담하,담하 한우 불고기
2023-08-02,31,8,Summer,0,0,0,담하,담하 한우 불고기
2023-08-03,54,8,Summer,0,0,0,담하,담하 한우 불고기
2023-08-04,29,8,Summer,0,0,0,담하,담하 한우 불고기
2023-08-05,34,8,Summer,1,0,1,담하,담하 한우 불고기
2023-08-06,28,8,Summer,1,0,1,담하,담하 한우 불고기
2023-08-07,34,8,Summer,0,0,0,담하,담하 한우 불고기
2023-08-08,27,8,Summer,0,0,0,담하,담하 한우 불고기
2023-08-09,11,8,Summer,0,0,0,담하,담하 한우 불고기
2023-08-10,22,8,Summer,0,0,0,담하,담하 한우 불고기
2023-08-11,19,8,Summer,0,0,0,담하,담하 한우 불고기
2023-08-12,41,8,Summer,1,0,1,담하,담하 한우 불고기
2023-08-13,37,8,Summer,1,0,1,담하,담하 한우 불고기
2023-08-14,44,8,Summer,0,0,0,담하,담하 한우 불고기
2023-08-15,28,8,Summer,0,1,1,담하,담하 한우 불고기
2023-08-16,11,8,Summer,0,0,0,담하,담하 한우 불고기
2023-08-17,7,8,Summer,0,0,0,담하,담하 한우 불고기
2023-08-18,24,8,Summer,0,0,0,담하,담하 한우 불고기
2023-08-19,43,8,Summer,1,0,1,담하,담하 한우 불고기
2023-08-20,18,8,Summer,1,0,1,담하,담하 한우 불고기
2023-08-21,24,8,Summer,0,0,0,담하,담하 한우 불고기
2023-08-22,11,8,Summer,0,0,0,담하,담하 한우 불고기
2023-08-23,10,8,Summer,0,0,0,담하,담하 한우 불고기
2023-08-24,15,8,Summer,0,0,0,담하,담하 한우 불고기
2023-08-25,31,8,Summer,0,0,0,담하,담하 한우 불고기
2023-08-26,43,8,Summer,1,0,1,담하,담하 한우 불고기
2023-08-27,21,8,Summer,1,0,1,담하,담하 한우 불고기
2023-08-28,4,8,Summer,0,0,0,담하,담하 한우 불고기
2023-08-29,6,8,Summer,0,0,0,담하,담하 한우 불고기
2023-08-30,16,8,Summer,0,0,0,담하,담하 한우 불고기
2023-08-31,11,8,Summer,0,0,0,담하,담하 한우 불고기
2023-09-01,46,9,Autumn,0,0,0,담하,담하 한우 불고기
2023-09-02,70,9,Autumn,1,0,1,담하,담하 한우 불고기
2023-09-03,7,9,Autumn,1,0,1,담하,담하 한우 불고기
2023-09-04,25,9,Autumn,0,0,0,담하,담하 한우 불고기
2023-09-05,25,9,Autumn,0,0,0,담하,담하 한우 불고기
2023-09-06,0,9,Autumn,0,0,0,담하,담하 한우 불고기
2023-09-07,0,9,Autumn,0,0,0,담하,담하 한우 불고기
2023-09-08,15,9,Autumn,0,0,0,담하,담하 한우 불고기
2023-09-09,24,9,Autumn,1,0,1,담하,담하 한우 불고기
2023-09-10,25,9,Autumn,1,0,1,담하,담하 한우 불고기
2023-09-11,15,9,Autumn,0,0,0,담하,담하 한우 불고기
2023-09-12,18,9,Autumn,0,0,0,담하,담하 한우 불고기
2023-09-13,5,9,Autumn,0,0,0,담하,담하 한우 불고기
2023-09-14,6,9,Autumn,0,0,0,담하,담하 한우 불고기
2023-09-15,22,9,Autumn,0,0,0,담하,담하 한우 불고기
2023-09-16,42,9,Autumn,1,0,1,담하,담하 한우 불고기
2023-09-17,13,9,Autumn,1,0,1,담하,담하 한우 불고기
2023-09-18,8,9,Autumn,0,0,0,담하,담하 한우 불고기
2023-09-19,2,9,Autumn,0,0,0,담하,담하 한우 불고기
2023-09-20,11,9,Autumn,0,0,0,담하,담하 한우 불고기
2023-09-21,6,9,Autumn,0,0,0,담하,담하 한우 불고기
2023-09-22,38,9,Autumn,0,0,0,담하,담하 한우 불고기
2023-09-23,50,9,Autumn,1,0,1,담하,담하 한우 불고기
2023-09-24,4,9,Autumn,1,0,1,담하,담하 한우 불고기
2023-09-25,23,9,Autumn,0,0,0,담하,담하 한우 불고기
2023-09-26,7,9,Autumn,0,0,0,담하,담하 한우 불고기
2023-09-27,37,9,Autumn,0,0,0,담하,담하 한우 불고기
2023-09-28,106,9,Autumn,0,1,1,담하,담하 한우 불고기
2023-09-29,82,9,Autumn,0,1,1,담하,담하 한우 불고기
2023-09-30,51,9,Autumn,1,1,1,담하,담하 한우 불고기
2023-10-01,30,10,Autumn,1,0,1,담하,담하 한우 불고기
2023-10-02,67,10,Autumn,0,1,1,담하,담하 한우 불고기
2023-10-03,19,10,Autumn,0,1,1,담하,담하 한우 불고기
2023-10-04,14,10,Autumn,0,0,0,담하,담하 한우 불고기
2023-10-05,4,10,Autumn,0,0,0,담하,담하 한우 불고기
2023-10-06,66,10,Autumn,0,0,0,담하,담하 한우 불고기
2023-10-07,50,10,Autumn,1,0,1,담하,담하 한우 불고기
2023-10-08,88,10,Autumn,1,0,1,담하,담하 한우 불고기
2023-10-09,45,10,Autumn,0,1,1,담하,담하 한우 불고기
2023-10-10,14,10,Autumn,0,0,0,담하,담하 한우 불고기
2023-10-11,10,10,Autumn,0,0,0,담하,담하 한우 불고기
2023-10-12,12,10,Autumn,0,0,0,담하,담하 한우 불고기
2023-10-13,37,10,Autumn,0,0,0,담하,담하 한우 불고기
2023-10-14,87,10,Autumn,1,0,1,담하,담하 한우 불고기
2023-10-15,33,10,Autumn,1,0,1,담하,담하 한우 불고기
2023-10-16,17,10,Autumn,0,0,0,담하,담하 한우 불고기
2023-10-17,12,10,Autumn,0,0,0,담하,담하 한우 불고기
2023-10-18,30,10,Autumn,0,0,0,담하,담하 한우 불고기
2023-10-19,39,10,Autumn,0,0,0,담하,담하 한우 불고기
2023-10-20,22,10,Autumn,0,0,0,담하,담하 한우 불고기
2023-10-21,43,10,Autumn,1,0,1,담하,담하 한우 불고기
2023-10-22,77,10,Autumn,1,0,1,담하,담하 한우 불고기
2023-10-23,40,10,Autumn,0,0,0,담하,담하 한우 불고기
2023-10-24,36,10,Autumn,0,0,0,담하,담하 한우 불고기
2023-10-25,51,10,Autumn,0,0,0,담하,담하 한우 불고기
2023-10-26,38,10,Autumn,0,0,0,담하,담하 한우 불고기
2023-10-27,44,10,Autumn,0,0,0,담하,담하 한우 불고기
2023-10-28,51,10,Autumn,1,0,1,담하,담하 한우 불고기
2023-10-29,95,10,Autumn,1,0,1,담하,담하 한우 불고기
2023-10-30,65,10,Autumn,0,0,0,담하,담하 한우 불고기
2023-10-31,54,10,Autumn,0,0,0,담하,담하 한우 불고기
2023-11-01,88,11,Autumn,0,0,0,담하,담하 한우 불고기
2023-11-02,21,11,Autumn,0,0,0,담하,담하 한우 불고기
2023-11-03,53,11,Autumn,0,0,0,담하,담하 한우 불고기
2023-11-04,53,11,Autumn,1,0,1,담하,담하 한우 불고기
2023-11-05,49,11,Autumn,1,0,1,담하,담하 한우 불고기
2023-11-06,41,11,Autumn,0,0,0,담하,담하 한우 불고기
2023-11-07,45,11,Autumn,0,0,0,담하,담하 한우 불고기
2023-11-08,52,11,Autumn,0,0,0,담하,담하 한우 불고기
2023-11-09,20,11,Autumn,0,0,0,담하,담하 한우 불고기
2023-11-10,51,11,Autumn,0,0,0,담하,담하 한우 불고기
2023-11-11,64,11,Autumn,1,0,1,담하,담하 한우 불고기
2023-11-12,49,11,Autumn,1,0,1,담하,담하 한우 불고기
2023-11-13,26,11,Autumn,0,0,0,담하,담하 한우 불고기
2023-11-14,49,11,Autumn,0,0,0,담하,담하 한우 불고기
2023-11-15,14,11,Autumn,0,0,0,담하,담하 한우 불고기
2023-11-16,8,11,Autumn,0,0,0,담하,담하 한우 불고기
2023-11-17,23,11,Autumn,0,0,0,담하,담하 한우 불고기
2023-11-18,86,11,Autumn,1,0,1,담하,담하 한우 불고기
2023-11-19,34,11,Autumn,1,0,1,담하,담하 한우 불고기
2023-11-20,13,11,Autumn,0,0,0,담하,담하 한우 불고기
2023-11-21,8,11,Autumn,0,0,0,담하,담하 한우 불고기
2023-11-22,2,11,Autumn,0,0,0,담하,담하 한우 불고기
2023-11-23,11,11,Autumn,0,0,0,담하,담하 한우 불고기
2023-11-24,31,11,Autumn,0,0,0,담하,담하 한우 불고기
2023-11-25,51,11,Autumn,1,0,1,담하,담하 한우 불고기
2023-11-26,12,11,Autumn,1,0,1,담하,담하 한우 불고기
2023-11-27,10,11,Autumn,0,0,0,담하,담하 한우 불고기
2023-11-28,2,11,Autumn,0,0,0,담하,담하 한우 불고기
2023-11-29,5,11,Autumn,0,0,0,담하,담하 한우 불고기
2023-11-30,2,11,Autumn,0,0,0,담하,담하 한우 불고기
2023-12-01,15,12,Winter,0,0,0,담하,담하 한우 불고기
2023-12-02,32,12,Winter,1,0,1,담하,담하 한우 불고기
2023-12-03,12,12,Winter,1,0,1,담하,담하 한우 불고기
2023-12-04,8,12,Winter,0,0,0,담하,담하 한우 불고기
2023-12-05,4,12,Winter,0,0,0,담하,담하 한우 불고기
2023-12-06,2,12,Winter,0,0,0,담하,담하 한우 불고기
2023-12-07,6,12,Winter,0,0,0,담하,담하 한우 불고기
2023-12-08,15,12,Winter,0,0,0,담하,담하 한우 불고기
2023-12-09,23,12,Winter,1,0,1,담하,담하 한우 불고기
2023-12-10,4,12,Winter,1,0,1,담하,담하 한우 불고기
2023-12-11,43,12,Winter,0,0,0,담하,담하 한우 불고기
2023-12-12,2,12,Winter,0,0,0,담하,담하 한우 불고기
2023-12-13,6,12,Winter,0,0,0,담하,담하 한우 불고기
2023-12-14,10,12,Winter,0,0,0,담하,담하 한우 불고기
2023-12-15,26,12,Winter,0,0,0,담하,담하 한우 불고기
2023-12-16,22,12,Winter,1,0,1,담하,담하 한우 불고기
2023-12-17,20,12,Winter,1,0,1,담하,담하 한우 불고기
2023-12-18,18,12,Winter,0,0,0,담하,담하 한우 불고기
2023-12-19,15,12,Winter,0,0,0,담하,담하 한우 불고기
2023-12-20,10,12,Winter,0,0,0,담하,담하 한우 불고기
2023-12-21,40,12,Winter,0,0,0,담하,담하 한우 불고기
2023-12-22,31,12,Winter,0,0,0,담하,담하 한우 불고기
2023-12-23,38,12,Winter,1,0,1,담하,담하 한우 불고기
2023-12-24,57,12,Winter,1,0,1,담하,담하 한우 불고기
2023-12-25,43,12,Winter,0,1,1,담하,담하 한우 불고기
2023-12-26,22,12,Winter,0,0,0,담하,담하 한우 불고기
2023-12-27,33,12,Winter,0,0,0,담하,담하 한우 불고기
2023-12-28,23,12,Winter,0,0,0,담하,담하 한우 불고기
2023-12-29,58,12,Winter,0,0,0,담하,담하 한우 불고기
2023-12-30,32,12,Winter,1,0,1,담하,담하 한우 불고기
2023-12-31,63,12,Winter,1,0,1,담하,담하 한우 불고기
2024-01-01,35,1,Winter,0,1,1,담하,담하 한우 불고기
2024-01-02,11,1,Winter,0,0,0,담하,담하 한우 불고기
2024-01-03,28,1,Winter,0,0,0,담하,담하 한우 불고기
2024-01-04,32,1,Winter,0,0,0,담하,담하 한우 불고기
2024-01-05,25,1,Winter,0,0,0,담하,담하 한우 불고기
2024-01-06,42,1,Winter,1,0,1,담하,담하 한우 불고기
2024-01-07,21,1,Winter,1,0,1,담하,담하 한우 불고기
2024-01-08,10,1,Winter,0,0,0,담하,담하 한우 불고기
2024-01-09,19,1,Winter,0,0,0,담하,담하 한우 불고기
2024-01-10,9,1,Winter,0,0,0,담하,담하 한우 불고기
2024-01-11,6,1,Winter,0,0,0,담하,담하 한우 불고기
2024-01-12,37,1,Winter,0,0,0,담하,담하 한우 불고기
2024-01-13,29,1,Winter,1,0,1,담하,담하 한우 불고기
2024-01-14,16,1,Winter,1,0,1,담하,담하 한우 불고기
2024-01-15,24,1,Winter,0,0,0,담하,담하 한우 불고기
2024-01-16,11,1,Winter,0,0,0,담하,담하 한우 불고기
2024-01-17,19,1,Winter,0,0,0,담하,담하 한우 불고기
2024-01-18,6,1,Winter,0,0,0,담하,담하 한우 불고기
2024-01-19,8,1,Winter,0,0,0,담하,담하 한우 불고기
2024-01-20,26,1,Winter,1,0,1,담하,담하 한우 불고기
2024-01-21,12,1,Winter,1,0,1,담하,담하 한우 불고기
2024-01-22,10,1,Winter,0,0,0,담하,담하 한우 불고기
2024-01-23,12,1,Winter,0,0,0,담하,담하 한우 불고기
2024-01-24,24,1,Winter,0,0,0,담하,담하 한우 불고기
2024-01-25,29,1,Winter,0,0,0,담하,담하 한우 불고기
2024-01-26,29,1,Winter,0,0,0,담하,담하 한우 불고기
2024-01-27,29,1,Winter,1,0,1,담하,담하 한우 불고기
2024-01-28,63,1,Winter,1,0,1,담하,담하 한우 불고기
2024-01-29,16,1,Winter,0,0,0,담하,담하 한우 불고기
2024-01-30,7,1,Winter,0,0,0,담하,담하 한우 불고기
2024-01-31,10,1,Winter,0,0,0,담하,담하 한우 불고기
2024-02-01,18,2,Winter,0,0,0,담하,담하 한우 불고기
2024-02-02,30,2,Winter,0,0,0,담하,담하 한우 불고기
2024-02-03,39,2,Winter,1,0,1,담하,담하 한우 불고기
2024-02-04,15,2,Winter,1,0,1,담하,담하 한우 불고기
2024-02-05,9,2,Winter,0,0,0,담하,담하 한우 불고기
2024-02-06,32,2,Winter,0,0,0,담하,담하 한우 불고기
2024-02-07,0,2,Winter,0,0,0,담하,담하 한우 불고기
2024-02-08,44,2,Winter,0,0,0,담하,담하 한우 불고기
2024-02-09,66,2,Winter,0,1,1,담하,담하 한우 불고기
2024-02-10,63,2,Winter,1,1,1,담하,담하 한우 불고기
2024-02-11,39,2,Winter,1,1,1,담하,담하 한우 불고기
2024-02-12,33,2,Winter,0,1,1,담하,담하 한우 불고기
2024-02-13,4,2,Winter,0,0,0,담하,담하 한우 불고기
2024-02-14,14,2,Winter,0,0,0,담하,담하 한우 불고기
2024-02-15,20,2,Winter,0,0,0,담하,담하 한우 불고기
2024-02-16,10,2,Winter,0,0,0,담하,담하 한우 불고기
2024-02-17,73,2,Winter,1,0,1,담하,담하 한우 불고기
2024-02-18,12,2,Winter,1,0,1,담하,담하 한우 불고기
2024-02-19,0,2,Winter,0,0,0,담하,담하 한우 불고기
2024-02-20,4,2,Winter,0,0,0,담하,담하 한우 불고기
2024-02-21,15,2,Winter,0,0,0,담하,담하 한우 불고기
2024-02-22,7,2,Winter,0,0,0,담하,담하 한우 불고기
2024-02-23,19,2,Winter,0,0,0,담하,담하 한우 불고기
2024-02-24,42,2,Winter,1,0,1,담하,담하 한우 불고기
2024-02-25,53,2,Winter,1,0,1,담하,담하 한우 불고기
2024-02-26,2,2,Winter,0,0,0,담하,담하 한우 불고기
2024-02-27,6,2,Winter,0,0,0,담하,담하 한우 불고기
2024-02-28,10,2,Winter,0,0,0,담하,담하 한우 불고기
2024-02-29,43,2,Winter,0,0,0,담하,담하 한우 불고기
2024-03-01,18,3,Spring,0,1,1,담하,담하 한우 불고기
2024-03-02,51,3,Spring,1,0,1,담하,담하 한우 불고기
2024-03-03,0,3,Spring,1,0,1,담하,담하 한우 불고기
2024-03-04,0,3,Spring,0,0,0,담하,담하 한우 불고기
2024-03-05,0,3,Spring,0,0,0,담하,담하 한우 불고기
2024-03-06,0,3,Spring,0,0,0,담하,담하 한우 불고기
2024-03-07,0,3,Spring,0,0,0,담하,담하 한우 불고기
2024-03-08,0,3,Spring,0,0,0,담하,담하 한우 불고기
2024-03-09,0,3,Spring,1,0,1,담하,담하 한우 불고기
2024-03-10,0,3,Spring,1,0,1,담하,담하 한우 불고기
2024-03-11,0,3,Spring,0,0,0,담하,담하 한우 불고기
2024-03-12,0,3,Spring,0,0,0,담하,담하 한우 불고기
2024-03-13,3,3,Spring,0,0,0,담하,담하 한우 불고기
2024-03-14,0,3,Spring,0,0,0,담하,담하 한우 불고기
2024-03-15,10,3,Spring,0,0,0,담하,담하 한우 불고기
2024-03-16,34,3,Spring,1,0,1,담하,담하 한우 불고기
2024-03-17,3,3,Spring,1,0,1,담하,담하 한우 불고기
2024-03-18,0,3,Spring,0,0,0,담하,담하 한우 불고기
2024-03-19,3,3,Spring,0,0,0,담하,담하 한우 불고기
2024-03-20,4,3,Spring,0,0,0,담하,담하 한우 불고기
2024-03-21,10,3,Spring,0,0,0,담하,담하 한우 불고기
2024-03-22,2,3,Spring,0,0,0,담하,담하 한우 불고기
2024-03-23,32,3,Spring,1,0,1,담하,담하 한우 불고기
2024-03-24,8,3,Spring,1,0,1,담하,담하 한우 불고기
2024-03-25,2,3,Spring,0,0,0,담하,담하 한우 불고기
2024-03-26,3,3,Spring,0,0,0,담하,담하 한우 불고기
2024-03-27,4,3,Spring,0,0,0,담하,담하 한우 불고기
2024-03-28,7,3,Spring,0,0,0,담하,담하 한우 불고기
2024-03-29,81,3,Spring,0,0,0,담하,담하 한우 불고기
2024-03-30,55,3,Spring,1,0,1,담하,담하 한우 불고기
2024-03-31,13,3,Spring,1,0,1,담하,담하 한우 불고기
2024-04-01,19,4,Spring,0,0,0,담하,담하 한우 불고기
2024-04-02,11,4,Spring,0,0,0,담하,담하 한우 불고기
2024-04-03,26,4,Spring,0,0,0,담하,담하 한우 불고기
2024-04-04,28,4,Spring,0,0,0,담하,담하 한우 불고기
2024-04-05,42,4,Spring,0,0,0,담하,담하 한우 불고기
2024-04-06,49,4,Spring,1,0,1,담하,담하 한우 불고기
2024-04-07,20,4,Spring,1,0,1,담하,담하 한우 불고기
2024-04-08,5,4,Spring,0,0,0,담하,담하 한우 불고기
2024-04-09,35,4,Spring,0,0,0,담하,담하 한우 불고기
2024-04-10,23,4,Spring,0,1,1,담하,담하 한우 불고기
2024-04-11,37,4,Spring,0,0,0,담하,담하 한우 불고기
2024-04-12,64,4,Spring,0,0,0,담하,담하 한우 불고기
2024-04-13,56,4,Spring,1,0,1,담하,담하 한우 불고기
2024-04-14,22,4,Spring,1,0,1,담하,담하 한우 불고기
2024-04-15,9,4,Spring,0,0,0,담하,담하 한우 불고기
2024-04-16,10,4,Spring,0,0,0,담하,담하 한우 불고기
2024-04-17,16,4,Spring,0,0,0,담하,담하 한우 불고기
2024-04-18,27,4,Spring,0,0,0,담하,담하 한우 불고기
2024-04-19,6,4,Spring,0,0,0,담하,담하 한우 불고기
2024-04-20,29,4,Spring,1,0,1,담하,담하 한우 불고기
2024-04-21,0,4,Spring,1,0,1,담하,담하 한우 불고기
2024-04-22,15,4,Spring,0,0,0,담하,담하 한우 불고기
2024-04-23,15,4,Spring,0,0,0,담하,담하 한우 불고기
2024-04-24,8,4,Spring,0,0,0,담하,담하 한우 불고기
2024-04-25,10,4,Spring,0,0,0,담하,담하 한우 불고기
2024-04-26,23,4,Spring,0,0,0,담하,담하 한우 불고기
2024-04-27,74,4,Spring,1,0,1,담하,담하 한우 불고기
2024-04-28,68,4,Spring,1,0,1,담하,담하 한우 불고기
2024-04-29,9,4,Spring,0,0,0,담하,담하 한우 불고기
2024-04-30,40,4,Spring,0,0,0,담하,담하 한우 불고기
2024-05-01,32,5,Spring,0,0,0,담하,담하 한우 불고기
2024-05-02,17,5,Spring,0,0,0,담하,담하 한우 불고기
2024-05-03,34,5,Spring,0,0,0,담하,담하 한우 불고기
2024-05-04,33,5,Spring,1,0,1,담하,담하 한우 불고기
2024-05-05,46,5,Spring,1,1,1,담하,담하 한우 불고기
2024-05-06,9,5,Spring,0,1,1,담하,담하 한우 불고기
2024-05-07,4,5,Spring,0,0,0,담하,담하 한우 불고기
2024-05-08,13,5,Spring,0,0,0,담하,담하 한우 불고기
2024-05-09,30,5,Spring,0,0,0,담하,담하 한우 불고기
2024-05-10,29,5,Spring,0,0,0,담하,담하 한우 불고기
2024-05-11,57,5,Spring,1,0,1,담하,담하 한우 불고기
2024-05-12,28,5,Spring,1,0,1,담하,담하 한우 불고기
2024-05-13,6,5,Spring,0,0,0,담하,담하 한우 불고기
2024-05-14,31,5,Spring,0,0,0,담하,담하 한우 불고기
2024-05-15,19,5,Spring,0,1,1,담하,담하 한우 불고기
2024-05-16,14,5,Spring,0,0,0,담하,담하 한우 불고기
2024-05-17,8,5,Spring,0,0,0,담하,담하 한우 불고기
2024-05-18,21,5,Spring,1,0,1,담하,담하 한우 불고기
2024-05-19,28,5,Spring,1,0,1,담하,담하 한우 불고기
2024-05-20,11,5,Spring,0,0,0,담하,담하 한우 불고기
2024-05-21,2,5,Spring,0,0,0,담하,담하 한우 불고기
2024-05-22,4,5,Spring,0,0,0,담하,담하 한우 불고기
2024-05-23,184,5,Spring,0,0,0,담하,담하 한우 불고기
2024-05-24,27,5,Spring,0,0,0,담하,담하 한우 불고기
2024-05-25,35,5,Spring,1,0,1,담하,담하 한우 불고기
2024-05-26,10,5,Spring,1,0,1,담하,담하 한우 불고기
2024-05-27,6,5,Spring,0,0,0,담하,담하 한우 불고기
2024-05-28,3,5,Spring,0,0,0,담하,담하 한우 불고기
2024-05-29,4,5,Spring,0,0,0,담하,담하 한우 불고기
2024-05-30,8,5,Spring,0,0,0,담하,담하 한우 불고기
2024-05-31,21,5,Spring,0,0,0,담하,담하 한우 불고기
2024-06-01,58,6,Summer,1,0,1,담하,담하 한우 불고기
2024-06-02,7,6,Summer,1,0,1,담하,담하 한우 불고기
2024-06-03,6,6,Summer,0,0,0,담하,담하 한우 불고기
2024-06-04,13,6,Summer,0,0,0,담하,담하 한우 불고기
2024-06-05,36,6,Summer,0,0,0,담하,담하 한우 불고기
2024-06-06,39,6,Summer,0,1,1,담하,담하 한우 불고기
2024-06-07,48,6,Summer,0,0,0,담하,담하 한우 불고기
2024-06-08,30,6,Summer,1,0,1,담하,담하 한우 불고기
2024-06-09,6,6,Summer,1,0,1,담하,담하 한우 불고기
2024-06-10,2,6,Summer,0,0,0,담하,담하 한우 불고기
2024-06-11,0,6,Summer,0,0,0,담하,담하 한우 불고기
2024-06-12,0,6,Summer,0,0,0,담하,담하 한우 불고기
2024-06-13,2,6,Summer,0,0,0,담하,담하 한우 불고기
2024-06-14,21,6,Summer,0,0,0,담하,담하 한우 불고기
2024-06-15,22,6,Summer,1,0,1,담하,담하 한우 불고기
2023-01-01,0,1,Winter,1,1,1,담하,담하 한우 불고기 정식
2023-01-02,0,1,Winter,0,0,0,담하,담하 한우 불고기 정식
2023-01-03,0,1,Winter,0,0,0,담하,담하 한우 불고기 정식
2023-01-04,0,1,Winter,0,0,0,담하,담하 한우 불고기 정식
2023-01-05,0,1,Winter,0,0,0,담하,담하 한우 불고기 정식
2023-01-06,0,1,Winter,0,0,0,담하,담하 한우 불고기 정식
2023-01-07,0,1,Winter,1,0,1,담하,담하 한우 불고기 정식
2023-01-08,0,1,Winter,1,0,1,담하,담하 한우 불고기 정식
2023-01-09,0,1,Winter,0,0,0,담하,담하 한우 불고기 정식
2023-01-10,0,1,Winter,0,0,0,담하,담하 한우 불고기 정식
2023-01-11,0,1,Winter,0,0,0,담하,담하 한우 불고기 정식
2023-01-12,0,1,Winter,0,0,0,담하,담하 한우 불고기 정식
2023-01-13,0,1,Winter,0,0,0,담하,담하 한우 불고기 정식
2023-01-14,0,1,Winter,1,0,1,담하,담하 한우 불고기 정식
2023-01-15,0,1,Winter,1,0,1,담하,담하 한우 불고기 정식
2023-01-16,0,1,Winter,0,0,0,담하,담하 한우 불고기 정식
2023-01-17,0,1,Winter,0,0,0,담하,담하 한우 불고기 정식
2023-01-18,0,1,Winter,0,0,0,담하,담하 한우 불고기 정식
2023-01-19,0,1,Winter,0,0,0,담하,담하 한우 불고기 정식
2023-01-20,0,1,Winter,0,0,0,담하,담하 한우 불고기 정식
2023-01-21,0,1,Winter,1,1,1,담하,담하 한우 불고기 정식
2023-01-22,0,1,Winter,1,1,1,담하,담하 한우 불고기 정식
2023-01-23,0,1,Winter,0,1,1,담하,담하 한우 불고기 정식
2023-01-24,0,1,Winter,0,1,1,담하,담하 한우 불고기 정식
2023-01-25,0,1,Winter,0,0,0,담하,담하 한우 불고기 정식
2023-01-26,0,1,Winter,0,0,0,담하,담하 한우 불고기 정식
2023-01-27,0,1,Winter,0,0,0,담하,담하 한우 불고기 정식
2023-01-28,0,1,Winter,1,0,1,담하,담하 한우 불고기 정식
2023-01-29,0,1,Winter,1,0,1,담하,담하 한우 불고기 정식
2023-01-30,0,1,Winter,0,0,0,담하,담하 한우 불고기 정식
2023-01-31,0,1,Winter,0,0,0,담하,담하 한우 불고기 정식
2023-02-01,0,2,Winter,0,0,0,담하,담하 한우 불고기 정식
2023-02-02,0,2,Winter,0,0,0,담하,담하 한우 불고기 정식
2023-02-03,0,2,Winter,0,0,0,담하,담하 한우 불고기 정식
2023-02-04,0,2,Winter,1,0,1,담하,담하 한우 불고기 정식
2023-02-05,0,2,Winter,1,0,1,담하,담하 한우 불고기 정식
2023-02-06,0,2,Winter,0,0,0,담하,담하 한우 불고기 정식
2023-02-07,0,2,Winter,0,0,0,담하,담하 한우 불고기 정식
2023-02-08,0,2,Winter,0,0,0,담하,담하 한우 불고기 정식
2023-02-09,0,2,Winter,0,0,0,담하,담하 한우 불고기 정식
2023-02-10,0,2,Winter,0,0,0,담하,담하 한우 불고기 정식
2023-02-11,0,2,Winter,1,0,1,담하,담하 한우 불고기 정식
2023-02-12,0,2,Winter,1,0,1,담하,담하 한우 불고기 정식
2023-02-13,0,2,Winter,0,0,0,담하,담하 한우 불고기 정식
2023-02-14,0,2,Winter,0,0,0,담하,담하 한우 불고기 정식
2023-02-15,0,2,Winter,0,0,0,담하,담하 한우 불고기 정식
2023-02-16,0,2,Winter,0,0,0,담하,담하 한우 불고기 정식
2023-02-17,0,2,Winter,0,0,0,담하,담하 한우 불고기 정식
2023-02-18,0,2,Winter,1,0,1,담하,담하 한우 불고기 정식
2023-02-19,0,2,Winter,1,0,1,담하,담하 한우 불고기 정식
2023-02-20,0,2,Winter,0,0,0,담하,담하 한우 불고기 정식
2023-02-21,0,2,Winter,0,0,0,담하,담하 한우 불고기 정식
2023-02-22,0,2,Winter,0,0,0,담하,담하 한우 불고기 정식
2023-02-23,0,2,Winter,0,0,0,담하,담하 한우 불고기 정식
2023-02-24,0,2,Winter,0,0,0,담하,담하 한우 불고기 정식
2023-02-25,0,2,Winter,1,0,1,담하,담하 한우 불고기 정식
2023-02-26,0,2,Winter,1,0,1,담하,담하 한우 불고기 정식
2023-02-27,0,2,Winter,0,0,0,담하,담하 한우 불고기 정식
2023-02-28,0,2,Winter,0,0,0,담하,담하 한우 불고기 정식
2023-03-01,0,3,Spring,0,1,1,담하,담하 한우 불고기 정식
2023-03-02,0,3,Spring,0,0,0,담하,담하 한우 불고기 정식
2023-03-03,0,3,Spring,0,0,0,담하,담하 한우 불고기 정식
2023-03-04,0,3,Spring,1,0,1,담하,담하 한우 불고기 정식
2023-03-05,0,3,Spring,1,0,1,담하,담하 한우 불고기 정식
2023-03-06,0,3,Spring,0,0,0,담하,담하 한우 불고기 정식
2023-03-07,0,3,Spring,0,0,0,담하,담하 한우 불고기 정식
2023-03-08,0,3,Spring,0,0,0,담하,담하 한우 불고기 정식
2023-03-09,0,3,Spring,0,0,0,담하,담하 한우 불고기 정식
2023-03-10,0,3,Spring,0,0,0,담하,담하 한우 불고기 정식
2023-03-11,0,3,Spring,1,0,1,담하,담하 한우 불고기 정식
2023-03-12,0,3,Spring,1,0,1,담하,담하 한우 불고기 정식
2023-03-13,0,3,Spring,0,0,0,담하,담하 한우 불고기 정식
2023-03-14,0,3,Spring,0,0,0,담하,담하 한우 불고기 정식
2023-03-15,0,3,Spring,0,0,0,담하,담하 한우 불고기 정식
2023-03-16,0,3,Spring,0,0,0,담하,담하 한우 불고기 정식
2023-03-17,0,3,Spring,0,0,0,담하,담하 한우 불고기 정식
2023-03-18,0,3,Spring,1,0,1,담하,담하 한우 불고기 정식
2023-03-19,0,3,Spring,1,0,1,담하,담하 한우 불고기 정식
2023-03-20,0,3,Spring,0,0,0,담하,담하 한우 불고기 정식
2023-03-21,0,3,Spring,0,0,0,담하,담하 한우 불고기 정식
2023-03-22,0,3,Spring,0,0,0,담하,담하 한우 불고기 정식
2023-03-23,0,3,Spring,0,0,0,담하,담하 한우 불고기 정식
2023-03-24,0,3,Spring,0,0,0,담하,담하 한우 불고기 정식
2023-03-25,0,3,Spring,1,0,1,담하,담하 한우 불고기 정식
2023-03-26,0,3,Spring,1,0,1,담하,담하 한우 불고기 정식
2023-03-27,0,3,Spring,0,0,0,담하,담하 한우 불고기 정식
2023-03-28,0,3,Spring,0,0,0,담하,담하 한우 불고기 정식
2023-03-29,0,3,Spring,0,0,0,담하,담하 한우 불고기 정식
2023-03-30,0,3,Spring,0,0,0,담하,담하 한우 불고기 정식
2023-03-31,0,3,Spring,0,0,0,담하,담하 한우 불고기 정식
2023-04-01,0,4,Spring,1,0,1,담하,담하 한우 불고기 정식
2023-04-02,0,4,Spring,1,0,1,담하,담하 한우 불고기 정식
2023-04-03,0,4,Spring,0,0,0,담하,담하 한우 불고기 정식
2023-04-04,0,4,Spring,0,0,0,담하,담하 한우 불고기 정식
2023-04-05,0,4,Spring,0,0,0,담하,담하 한우 불고기 정식
2023-04-06,0,4,Spring,0,0,0,담하,담하 한우 불고기 정식
2023-04-07,0,4,Spring,0,0,0,담하,담하 한우 불고기 정식
2023-04-08,0,4,Spring,1,0,1,담하,담하 한우 불고기 정식
2023-04-09,0,4,Spring,1,0,1,담하,담하 한우 불고기 정식
2023-04-10,0,4,Spring,0,0,0,담하,담하 한우 불고기 정식
2023-04-11,0,4,Spring,0,0,0,담하,담하 한우 불고기 정식
2023-04-12,0,4,Spring,0,0,0,담하,담하 한우 불고기 정식
2023-04-13,0,4,Spring,0,0,0,담하,담하 한우 불고기 정식
2023-04-14,0,4,Spring,0,0,0,담하,담하 한우 불고기 정식
2023-04-15,0,4,Spring,1,0,1,담하,담하 한우 불고기 정식
2023-04-16,0,4,Spring,1,0,1,담하,담하 한우 불고기 정식
2023-04-17,0,4,Spring,0,0,0,담하,담하 한우 불고기 정식
2023-04-18,0,4,Spring,0,0,0,담하,담하 한우 불고기 정식
2023-04-19,0,4,Spring,0,0,0,담하,담하 한우 불고기 정식
2023-04-20,0,4,Spring,0,0,0,담하,담하 한우 불고기 정식
2023-04-21,0,4,Spring,0,0,0,담하,담하 한우 불고기 정식
2023-04-22,0,4,Spring,1,0,1,담하,담하 한우 불고기 정식
2023-04-23,0,4,Spring,1,0,1,담하,담하 한우 불고기 정식
2023-04-24,0,4,Spring,0,0,0,담하,담하 한우 불고기 정식
2023-04-25,0,4,Spring,0,0,0,담하,담하 한우 불고기 정식
2023-04-26,0,4,Spring,0,0,0,담하,담하 한우 불고기 정식
2023-04-27,0,4,Spring,0,0,0,담하,담하 한우 불고기 정식
2023-04-28,0,4,Spring,0,0,0,담하,담하 한우 불고기 정식
2023-04-29,0,4,Spring,1,0,1,담하,담하 한우 불고기 정식
2023-04-30,0,4,Spring,1,0,1,담하,담하 한우 불고기 정식
2023-05-01,0,5,Spring,0,0,0,담하,담하 한우 불고기 정식
2023-05-02,0,5,Spring,0,0,0,담하,담하 한우 불고기 정식
2023-05-03,0,5,Spring,0,0,0,담하,담하 한우 불고기 정식
2023-05-04,0,5,Spring,0,0,0,담하,담하 한우 불고기 정식
2023-05-05,0,5,Spring,0,1,1,담하,담하 한우 불고기 정식
2023-05-06,0,5,Spring,1,0,1,담하,담하 한우 불고기 정식
2023-05-07,0,5,Spring,1,0,1,담하,담하 한우 불고기 정식
2023-05-08,0,5,Spring,0,0,0,담하,담하 한우 불고기 정식
2023-05-09,0,5,Spring,0,0,0,담하,담하 한우 불고기 정식
2023-05-10,0,5,Spring,0,0,0,담하,담하 한우 불고기 정식
2023-05-11,0,5,Spring,0,0,0,담하,담하 한우 불고기 정식
2023-05-12,0,5,Spring,0,0,0,담하,담하 한우 불고기 정식
2023-05-13,0,5,Spring,1,0,1,담하,담하 한우 불고기 정식
2023-05-14,0,5,Spring,1,0,1,담하,담하 한우 불고기 정식
2023-05-15,0,5,Spring,0,0,0,담하,담하 한우 불고기 정식
2023-05-16,0,5,Spring,0,0,0,담하,담하 한우 불고기 정식
2023-05-17,0,5,Spring,0,0,0,담하,담하 한우 불고기 정식
2023-05-18,0,5,Spring,0,0,0,담하,담하 한우 불고기 정식
2023-05-19,0,5,Spring,0,0,0,담하,담하 한우 불고기 정식
2023-05-20,0,5,Spring,1,0,1,담하,담하 한우 불고기 정식
2023-05-21,0,5,Spring,1,0,1,담하,담하 한우 불고기 정식
2023-05-22,0,5,Spring,0,0,0,담하,담하 한우 불고기 정식
2023-05-23,0,5,Spring,0,0,0,담하,담하 한우 불고기 정식
2023-05-24,0,5,Spring,0,0,0,담하,담하 한우 불고기 정식
2023-05-25,0,5,Spring,0,0,0,담하,담하 한우 불고기 정식
2023-05-26,0,5,Spring,0,0,0,담하,담하 한우 불고기 정식
2023-05-27,0,5,Spring,1,1,1,담하,담하 한우 불고기 정식
2023-05-28,0,5,Spring,1,0,1,담하,담하 한우 불고기 정식
2023-05-29,0,5,Spring,0,1,1,담하,담하 한우 불고기 정식
2023-05-30,0,5,Spring,0,0,0,담하,담하 한우 불고기 정식
2023-05-31,0,5,Spring,0,0,0,담하,담하 한우 불고기 정식
2023-06-01,0,6,Summer,0,0,0,담하,담하 한우 불고기 정식
2023-06-02,2,6,Summer,0,0,0,담하,담하 한우 불고기 정식
2023-06-03,14,6,Summer,1,0,1,담하,담하 한우 불고기 정식
2023-06-04,34,6,Summer,1,0,1,담하,담하 한우 불고기 정식
2023-06-05,31,6,Summer,0,0,0,담하,담하 한우 불고기 정식
2023-06-06,24,6,Summer,0,1,1,담하,담하 한우 불고기 정식
2023-06-07,6,6,Summer,0,0,0,담하,담하 한우 불고기 정식
2023-06-08,9,6,Summer,0,0,0,담하,담하 한우 불고기 정식
2023-06-09,14,6,Summer,0,0,0,담하,담하 한우 불고기 정식
2023-06-10,13,6,Summer,1,0,1,담하,담하 한우 불고기 정식
2023-06-11,9,6,Summer,1,0,1,담하,담하 한우 불고기 정식
2023-06-12,6,6,Summer,0,0,0,담하,담하 한우 불고기 정식
2023-06-13,5,6,Summer,0,0,0,담하,담하 한우 불고기 정식
2023-06-14,2,6,Summer,0,0,0,담하,담하 한우 불고기 정식
2023-06-15,0,6,Summer,0,0,0,담하,담하 한우 불고기 정식
2023-06-16,8,6,Summer,0,0,0,담하,담하 한우 불고기 정식
2023-06-17,25,6,Summer,1,0,1,담하,담하 한우 불고기 정식
2023-06-18,26,6,Summer,1,0,1,담하,담하 한우 불고기 정식
2023-06-19,0,6,Summer,0,0,0,담하,담하 한우 불고기 정식
2023-06-20,2,6,Summer,0,0,0,담하,담하 한우 불고기 정식
2023-06-21,6,6,Summer,0,0,0,담하,담하 한우 불고기 정식
2023-06-22,8,6,Summer,0,0,0,담하,담하 한우 불고기 정식
2023-06-23,20,6,Summer,0,0,0,담하,담하 한우 불고기 정식
2023-06-24,33,6,Summer,1,0,1,담하,담하 한우 불고기 정식
2023-06-25,20,6,Summer,1,0,1,담하,담하 한우 불고기 정식
2023-06-26,7,6,Summer,0,0,0,담하,담하 한우 불고기 정식
2023-06-27,24,6,Summer,0,0,0,담하,담하 한우 불고기 정식
2023-06-28,9,6,Summer,0,0,0,담하,담하 한우 불고기 정식
2023-06-29,9,6,Summer,0,0,0,담하,담하 한우 불고기 정식
2023-06-30,10,6,Summer,0,0,0,담하,담하 한우 불고기 정식
2023-07-01,26,7,Summer,1,0,1,담하,담하 한우 불고기 정식
2023-07-02,19,7,Summer,1,0,1,담하,담하 한우 불고기 정식
2023-07-03,0,7,Summer,0,0,0,담하,담하 한우 불고기 정식
2023-07-04,0,7,Summer,0,0,0,담하,담하 한우 불고기 정식
2023-07-05,3,7,Summer,0,0,0,담하,담하 한우 불고기 정식
2023-07-06,2,7,Summer,0,0,0,담하,담하 한우 불고기 정식
2023-07-07,14,7,Summer,0,0,0,담하,담하 한우 불고기 정식
2023-07-08,14,7,Summer,1,0,1,담하,담하 한우 불고기 정식
2023-07-09,13,7,Summer,1,0,1,담하,담하 한우 불고기 정식
2023-07-10,5,7,Summer,0,0,0,담하,담하 한우 불고기 정식
2023-07-11,0,7,Summer,0,0,0,담하,담하 한우 불고기 정식
2023-07-12,6,7,Summer,0,0,0,담하,담하 한우 불고기 정식
2023-07-13,6,7,Summer,0,0,0,담하,담하 한우 불고기 정식
2023-07-14,22,7,Summer,0,0,0,담하,담하 한우 불고기 정식
2023-07-15,9,7,Summer,1,0,1,담하,담하 한우 불고기 정식
2023-07-16,5,7,Summer,1,0,1,담하,담하 한우 불고기 정식
2023-07-17,4,7,Summer,0,0,0,담하,담하 한우 불고기 정식
2023-07-18,9,7,Summer,0,0,0,담하,담하 한우 불고기 정식
2023-07-19,3,7,Summer,0,0,0,담하,담하 한우 불고기 정식
2023-07-20,8,7,Summer,0,0,0,담하,담하 한우 불고기 정식
2023-07-21,5,7,Summer,0,0,0,담하,담하 한우 불고기 정식
2023-07-22,21,7,Summer,1,0,1,담하,담하 한우 불고기 정식
2023-07-23,17,7,Summer,1,0,1,담하,담하 한우 불고기 정식
2023-07-24,12,7,Summer,0,0,0,담하,담하 한우 불고기 정식
2023-07-25,22,7,Summer,0,0,0,담하,담하 한우 불고기 정식
2023-07-26,14,7,Summer,0,0,0,담하,담하 한우 불고기 정식
2023-07-27,4,7,Summer,0,0,0,담하,담하 한우 불고기 정식
2023-07-28,11,7,Summer,0,0,0,담하,담하 한우 불고기 정식
2023-07-29,26,7,Summer,1,0,1,담하,담하 한우 불고기 정식
2023-07-30,31,7,Summer,1,0,1,담하,담하 한우 불고기 정식
2023-07-31,25,7,Summer,0,0,0,담하,담하 한우 불고기 정식
2023-08-01,20,8,Summer,0,0,0,담하,담하 한우 불고기 정식
2023-08-02,26,8,Summer,0,0,0,담하,담하 한우 불고기 정식
2023-08-03,0,8,Summer,0,0,0,담하,담하 한우 불고기 정식
2023-08-04,14,8,Summer,0,0,0,담하,담하 한우 불고기 정식
2023-08-05,14,8,Summer,1,0,1,담하,담하 한우 불고기 정식
2023-08-06,17,8,Summer,1,0,1,담하,담하 한우 불고기 정식
2023-08-07,6,8,Summer,0,0,0,담하,담하 한우 불고기 정식
2023-08-08,2,8,Summer,0,0,0,담하,담하 한우 불고기 정식
2023-08-09,18,8,Summer,0,0,0,담하,담하 한우 불고기 정식
2023-08-10,17,8,Summer,0,0,0,담하,담하 한우 불고기 정식
2023-08-11,0,8,Summer,0,0,0,담하,담하 한우 불고기 정식
2023-08-12,15,8,Summer,1,0,1,담하,담하 한우 불고기 정식
2023-08-13,18,8,Summer,1,0,1,담하,담하 한우 불고기 정식
2023-08-14,13,8,Summer,0,0,0,담하,담하 한우 불고기 정식
2023-08-15,29,8,Summer,0,1,1,담하,담하 한우 불고기 정식
2023-08-16,2,8,Summer,0,0,0,담하,담하 한우 불고기 정식
2023-08-17,7,8,Summer,0,0,0,담하,담하 한우 불고기 정식
2023-08-18,2,8,Summer,0,0,0,담하,담하 한우 불고기 정식
2023-08-19,10,8,Summer,1,0,1,담하,담하 한우 불고기 정식
2023-08-20,11,8,Summer,1,0,1,담하,담하 한우 불고기 정식
2023-08-21,10,8,Summer,0,0,0,담하,담하 한우 불고기 정식
2023-08-22,6,8,Summer,0,0,0,담하,담하 한우 불고기 정식
2023-08-23,32,8,Summer,0,0,0,담하,담하 한우 불고기 정식
2023-08-24,6,8,Summer,0,0,0,담하,담하 한우 불고기 정식
2023-08-25,13,8,Summer,0,0,0,담하,담하 한우 불고기 정식
2023-08-26,14,8,Summer,1,0,1,담하,담하 한우 불고기 정식
2023-08-27,24,8,Summer,1,0,1,담하,담하 한우 불고기 정식
2023-08-28,19,8,Summer,0,0,0,담하,담하 한우 불고기 정식
2023-08-29,0,8,Summer,0,0,0,담하,담하 한우 불고기 정식
2023-08-30,12,8,Summer,0,0,0,담하,담하 한우 불고기 정식
2023-08-31,11,8,Summer,0,0,0,담하,담하 한우 불고기 정식
2023-09-01,6,9,Autumn,0,0,0,담하,담하 한우 불고기 정식
2023-09-02,12,9,Autumn,1,0,1,담하,담하 한우 불고기 정식
2023-09-03,43,9,Autumn,1,0,1,담하,담하 한우 불고기 정식
2023-09-04,2,9,Autumn,0,0,0,담하,담하 한우 불고기 정식
2023-09-05,3,9,Autumn,0,0,0,담하,담하 한우 불고기 정식
2023-09-06,3,9,Autumn,0,0,0,담하,담하 한우 불고기 정식
2023-09-07,23,9,Autumn,0,0,0,담하,담하 한우 불고기 정식
2023-09-08,4,9,Autumn,0,0,0,담하,담하 한우 불고기 정식
2023-09-09,19,9,Autumn,1,0,1,담하,담하 한우 불고기 정식
2023-09-10,21,9,Autumn,1,0,1,담하,담하 한우 불고기 정식
2023-09-11,8,9,Autumn,0,0,0,담하,담하 한우 불고기 정식
2023-09-12,2,9,Autumn,0,0,0,담하,담하 한우 불고기 정식
2023-09-13,2,9,Autumn,0,0,0,담하,담하 한우 불고기 정식
2023-09-14,11,9,Autumn,0,0,0,담하,담하 한우 불고기 정식
2023-09-15,23,9,Autumn,0,0,0,담하,담하 한우 불고기 정식
2023-09-16,56,9,Autumn,1,0,1,담하,담하 한우 불고기 정식
2023-09-17,30,9,Autumn,1,0,1,담하,담하 한우 불고기 정식
2023-09-18,4,9,Autumn,0,0,0,담하,담하 한우 불고기 정식
2023-09-19,0,9,Autumn,0,0,0,담하,담하 한우 불고기 정식
2023-09-20,0,9,Autumn,0,0,0,담하,담하 한우 불고기 정식
2023-09-21,25,9,Autumn,0,0,0,담하,담하 한우 불고기 정식
2023-09-22,12,9,Autumn,0,0,0,담하,담하 한우 불고기 정식
2023-09-23,25,9,Autumn,1,0,1,담하,담하 한우 불고기 정식
2023-09-24,17,9,Autumn,1,0,1,담하,담하 한우 불고기 정식
2023-09-25,5,9,Autumn,0,0,0,담하,담하 한우 불고기 정식
2023-09-26,9,9,Autumn,0,0,0,담하,담하 한우 불고기 정식
2023-09-27,4,9,Autumn,0,0,0,담하,담하 한우 불고기 정식
2023-09-28,54,9,Autumn,0,1,1,담하,담하 한우 불고기 정식
2023-09-29,77,9,Autumn,0,1,1,담하,담하 한우 불고기 정식
2023-09-30,41,9,Autumn,1,1,1,담하,담하 한우 불고기 정식
2023-10-01,41,10,Autumn,1,0,1,담하,담하 한우 불고기 정식
2023-10-02,50,10,Autumn,0,1,1,담하,담하 한우 불고기 정식
2023-10-03,56,10,Autumn,0,1,1,담하,담하 한우 불고기 정식
2023-10-04,10,10,Autumn,0,0,0,담하,담하 한우 불고기 정식
2023-10-05,10,10,Autumn,0,0,0,담하,담하 한우 불고기 정식
2023-10-06,35,10,Autumn,0,0,0,담하,담하 한우 불고기 정식
2023-10-07,45,10,Autumn,1,0,1,담하,담하 한우 불고기 정식
2023-10-08,67,10,Autumn,1,0,1,담하,담하 한우 불고기 정식
2023-10-09,45,10,Autumn,0,1,1,담하,담하 한우 불고기 정식
2023-10-10,21,10,Autumn,0,0,0,담하,담하 한우 불고기 정식
2023-10-11,33,10,Autumn,0,0,0,담하,담하 한우 불고기 정식
2023-10-12,31,10,Autumn,0,0,0,담하,담하 한우 불고기 정식
2023-10-13,35,10,Autumn,0,0,0,담하,담하 한우 불고기 정식
2023-10-14,31,10,Autumn,1,0,1,담하,담하 한우 불고기 정식
2023-10-15,36,10,Autumn,1,0,1,담하,담하 한우 불고기 정식
2023-10-16,14,10,Autumn,0,0,0,담하,담하 한우 불고기 정식
2023-10-17,63,10,Autumn,0,0,0,담하,담하 한우 불고기 정식
2023-10-18,28,10,Autumn,0,0,0,담하,담하 한우 불고기 정식
2023-10-19,67,10,Autumn,0,0,0,담하,담하 한우 불고기 정식
2023-10-20,33,10,Autumn,0,0,0,담하,담하 한우 불고기 정식
2023-10-21,29,10,Autumn,1,0,1,담하,담하 한우 불고기 정식
2023-10-22,35,10,Autumn,1,0,1,담하,담하 한우 불고기 정식
2023-10-23,64,10,Autumn,0,0,0,담하,담하 한우 불고기 정식
2023-10-24,72,10,Autumn,0,0,0,담하,담하 한우 불고기 정식
2023-10-25,30,10,Autumn,0,0,0,담하,담하 한우 불고기 정식
2023-10-26,50,10,Autumn,0,0,0,담하,담하 한우 불고기 정식
2023-10-27,17,10,Autumn,0,0,0,담하,담하 한우 불고기 정식
2023-10-28,56,10,Autumn,1,0,1,담하,담하 한우 불고기 정식
2023-10-29,67,10,Autumn,1,0,1,담하,담하 한우 불고기 정식
2023-10-30,101,10,Autumn,0,0,0,담하,담하 한우 불고기 정식
2023-10-31,41,10,Autumn,0,0,0,담하,담하 한우 불고기 정식
2023-11-01,16,11,Autumn,0,0,0,담하,담하 한우 불고기 정식
2023-11-02,19,11,Autumn,0,0,0,담하,담하 한우 불고기 정식
2023-11-03,27,11,Autumn,0,0,0,담하,담하 한우 불고기 정식
2023-11-04,43,11,Autumn,1,0,1,담하,담하 한우 불고기 정식
2023-11-05,21,11,Autumn,1,0,1,담하,담하 한우 불고기 정식
2023-11-06,45,11,Autumn,0,0,0,담하,담하 한우 불고기 정식
2023-11-07,15,11,Autumn,0,0,0,담하,담하 한우 불고기 정식
2023-11-08,28,11,Autumn,0,0,0,담하,담하 한우 불고기 정식
2023-11-09,47,11,Autumn,0,0,0,담하,담하 한우 불고기 정식
2023-11-10,23,11,Autumn,0,0,0,담하,담하 한우 불고기 정식
2023-11-11,30,11,Autumn,1,0,1,담하,담하 한우 불고기 정식
2023-11-12,26,11,Autumn,1,0,1,담하,담하 한우 불고기 정식
2023-11-13,52,11,Autumn,0,0,0,담하,담하 한우 불고기 정식
2023-11-14,64,11,Autumn,0,0,0,담하,담하 한우 불고기 정식
2023-11-15,24,11,Autumn,0,0,0,담하,담하 한우 불고기 정식
2023-11-16,7,11,Autumn,0,0,0,담하,담하 한우 불고기 정식
2023-11-17,2,11,Autumn,0,0,0,담하,담하 한우 불고기 정식
2023-11-18,31,11,Autumn,1,0,1,담하,담하 한우 불고기 정식
2023-11-19,44,11,Autumn,1,0,1,담하,담하 한우 불고기 정식
2023-11-20,6,11,Autumn,0,0,0,담하,담하 한우 불고기 정식
2023-11-21,11,11,Autumn,0,0,0,담하,담하 한우 불고기 정식
2023-11-22,17,11,Autumn,0,0,0,담하,담하 한우 불고기 정식
2023-11-23,23,11,Autumn,0,0,0,담하,담하 한우 불고기 정식
2023-11-24,8,11,Autumn,0,0,0,담하,담하 한우 불고기 정식
2023-11-25,13,11,Autumn,1,0,1,담하,담하 한우 불고기 정식
2023-11-26,26,11,Autumn,1,0,1,담하,담하 한우 불고기 정식
2023-11-27,0,11,Autumn,0,0,0,담하,담하 한우 불고기 정식
2023-11-28,30,11,Autumn,0,0,0,담하,담하 한우 불고기 정식
2023-11-29,4,11,Autumn,0,0,0,담하,담하 한우 불고기 정식
2023-11-30,0,11,Autumn,0,0,0,담하,담하 한우 불고기 정식
2023-12-01,2,12,Winter,0,0,0,담하,담하 한우 불고기 정식
2023-12-02,4,12,Winter,1,0,1,담하,담하 한우 불고기 정식
2023-12-03,9,12,Winter,1,0,1,담하,담하 한우 불고기 정식
2023-12-04,4,12,Winter,0,0,0,담하,담하 한우 불고기 정식
2023-12-05,13,12,Winter,0,0,0,담하,담하 한우 불고기 정식
2023-12-06,10,12,Winter,0,0,0,담하,담하 한우 불고기 정식
2023-12-07,3,12,Winter,0,0,0,담하,담하 한우 불고기 정식
2023-12-08,3,12,Winter,0,0,0,담하,담하 한우 불고기 정식
2023-12-09,10,12,Winter,1,0,1,담하,담하 한우 불고기 정식
2023-12-10,2,12,Winter,1,0,1,담하,담하 한우 불고기 정식
2023-12-11,11,12,Winter,0,0,0,담하,담하 한우 불고기 정식
2023-12-12,5,12,Winter,0,0,0,담하,담하 한우 불고기 정식
2023-12-13,0,12,Winter,0,0,0,담하,담하 한우 불고기 정식
2023-12-14,0,12,Winter,0,0,0,담하,담하 한우 불고기 정식
2023-12-15,12,12,Winter,0,0,0,담하,담하 한우 불고기 정식
2023-12-16,9,12,Winter,1,0,1,담하,담하 한우 불고기 정식
2023-12-17,22,12,Winter,1,0,1,담하,담하 한우 불고기 정식
2023-12-18,10,12,Winter,0,0,0,담하,담하 한우 불고기 정식
2023-12-19,25,12,Winter,0,0,0,담하,담하 한우 불고기 정식
2023-12-20,17,12,Winter,0,0,0,담하,담하 한우 불고기 정식
2023-12-21,10,12,Winter,0,0,0,담하,담하 한우 불고기 정식
2023-12-22,20,12,Winter,0,0,0,담하,담하 한우 불고기 정식
2023-12-23,8,12,Winter,1,0,1,담하,담하 한우 불고기 정식
2023-12-24,28,12,Winter,1,0,1,담하,담하 한우 불고기 정식
2023-12-25,25,12,Winter,0,1,1,담하,담하 한우 불고기 정식
2023-12-26,25,12,Winter,0,0,0,담하,담하 한우 불고기 정식
2023-12-27,21,12,Winter,0,0,0,담하,담하 한우 불고기 정식
2023-12-28,28,12,Winter,0,0,0,담하,담하 한우 불고기 정식
2023-12-29,24,12,Winter,0,0,0,담하,담하 한우 불고기 정식
2023-12-30,61,12,Winter,1,0,1,담하,담하 한우 불고기 정식
2023-12-31,19,12,Winter,1,0,1,담하,담하 한우 불고기 정식
2024-01-01,33,1,Winter,0,1,1,담하,담하 한우 불고기 정식
2024-01-02,25,1,Winter,0,0,0,담하,담하 한우 불고기 정식
2024-01-03,13,1,Winter,0,0,0,담하,담하 한우 불고기 정식
2024-01-04,15,1,Winter,0,0,0,담하,담하 한우 불고기 정식
2024-01-05,14,1,Winter,0,0,0,담하,담하 한우 불고기 정식
2024-01-06,21,1,Winter,1,0,1,담하,담하 한우 불고기 정식
2024-01-07,24,1,Winter,1,0,1,담하,담하 한우 불고기 정식
2024-01-08,15,1,Winter,0,0,0,담하,담하 한우 불고기 정식
2024-01-09,30,1,Winter,0,0,0,담하,담하 한우 불고기 정식
2024-01-10,8,1,Winter,0,0,0,담하,담하 한우 불고기 정식
2024-01-11,16,1,Winter,0,0,0,담하,담하 한우 불고기 정식
2024-01-12,25,1,Winter,0,0,0,담하,담하 한우 불고기 정식
2024-01-13,62,1,Winter,1,0,1,담하,담하 한우 불고기 정식
2024-01-14,32,1,Winter,1,0,1,담하,담하 한우 불고기 정식
2024-01-15,24,1,Winter,0,0,0,담하,담하 한우 불고기 정식
2024-01-16,23,1,Winter,0,0,0,담하,담하 한우 불고기 정식
2024-01-17,24,1,Winter,0,0,0,담하,담하 한우 불고기 정식
2024-01-18,22,1,Winter,0,0,0,담하,담하 한우 불고기 정식
2024-01-19,15,1,Winter,0,0,0,담하,담하 한우 불고기 정식
2024-01-20,50,1,Winter,1,0,1,담하,담하 한우 불고기 정식
2024-01-21,27,1,Winter,1,0,1,담하,담하 한우 불고기 정식
2024-01-22,15,1,Winter,0,0,0,담하,담하 한우 불고기 정식
2024-01-23,17,1,Winter,0,0,0,담하,담하 한우 불고기 정식
2024-01-24,13,1,Winter,0,0,0,담하,담하 한우 불고기 정식
2024-01-25,8,1,Winter,0,0,0,담하,담하 한우 불고기 정식
2024-01-26,7,1,Winter,0,0,0,담하,담하 한우 불고기 정식
2024-01-27,18,1,Winter,1,0,1,담하,담하 한우 불고기 정식
2024-01-28,35,1,Winter,1,0,1,담하,담하 한우 불고기 정식
2024-01-29,27,1,Winter,0,0,0,담하,담하 한우 불고기 정식
2024-01-30,17,1,Winter,0,0,0,담하,담하 한우 불고기 정식
2024-01-31,19,1,Winter,0,0,0,담하,담하 한우 불고기 정식
2024-02-01,14,2,Winter,0,0,0,담하,담하 한우 불고기 정식
2024-02-02,14,2,Winter,0,0,0,담하,담하 한우 불고기 정식
2024-02-03,35,2,Winter,1,0,1,담하,담하 한우 불고기 정식
2024-02-04,28,2,Winter,1,0,1,담하,담하 한우 불고기 정식
2024-02-05,7,2,Winter,0,0,0,담하,담하 한우 불고기 정식
2024-02-06,4,2,Winter,0,0,0,담하,담하 한우 불고기 정식
2024-02-07,4,2,Winter,0,0,0,담하,담하 한우 불고기 정식
2024-02-08,9,2,Winter,0,0,0,담하,담하 한우 불고기 정식
2024-02-09,65,2,Winter,0,1,1,담하,담하 한우 불고기 정식
2024-02-10,45,2,Winter,1,1,1,담하,담하 한우 불고기 정식
2024-02-11,42,2,Winter,1,1,1,담하,담하 한우 불고기 정식
2024-02-12,31,2,Winter,0,1,1,담하,담하 한우 불고기 정식
2024-02-13,28,2,Winter,0,0,0,담하,담하 한우 불고기 정식
2024-02-14,2,2,Winter,0,0,0,담하,담하 한우 불고기 정식
2024-02-15,5,2,Winter,0,0,0,담하,담하 한우 불고기 정식
2024-02-16,15,2,Winter,0,0,0,담하,담하 한우 불고기 정식
2024-02-17,18,2,Winter,1,0,1,담하,담하 한우 불고기 정식
2024-02-18,35,2,Winter,1,0,1,담하,담하 한우 불고기 정식
2024-02-19,2,2,Winter,0,0,0,담하,담하 한우 불고기 정식
2024-02-20,23,2,Winter,0,0,0,담하,담하 한우 불고기 정식
2024-02-21,0,2,Winter,0,0,0,담하,담하 한우 불고기 정식
2024-02-22,6,2,Winter,0,0,0,담하,담하 한우 불고기 정식
2024-02-23,13,2,Winter,0,0,0,담하,담하 한우 불고기 정식
2024-02-24,38,2,Winter,1,0,1,담하,담하 한우 불고기 정식
2024-02-25,15,2,Winter,1,0,1,담하,담하 한우 불고기 정식
2024-02-26,12,2,Winter,0,0,0,담하,담하 한우 불고기 정식
2024-02-27,9,2,Winter,0,0,0,담하,담하 한우 불고기 정식
2024-02-28,10,2,Winter,0,0,0,담하,담하 한우 불고기 정식
2024-02-29,27,2,Winter,0,0,0,담하,담하 한우 불고기 정식
2024-03-01,23,3,Spring,0,1,1,담하,담하 한우 불고기 정식
2024-03-02,28,3,Spring,1,0,1,담하,담하 한우 불고기 정식
2024-03-03,8,3,Spring,1,0,1,담하,담하 한우 불고기 정식
2024-03-04,0,3,Spring,0,0,0,담하,담하 한우 불고기 정식
2024-03-05,0,3,Spring,0,0,0,담하,담하 한우 불고기 정식
2024-03-06,0,3,Spring,0,0,0,담하,담하 한우 불고기 정식
2024-03-07,0,3,Spring,0,0,0,담하,담하 한우 불고기 정식
2024-03-08,0,3,Spring,0,0,0,담하,담하 한우 불고기 정식
2024-03-09,0,3,Spring,1,0,1,담하,담하 한우 불고기 정식
2024-03-10,0,3,Spring,1,0,1,담하,담하 한우 불고기 정식
2024-03-11,0,3,Spring,0,0,0,담하,담하 한우 불고기 정식
2024-03-12,0,3,Spring,0,0,0,담하,담하 한우 불고기 정식
2024-03-13,0,3,Spring,0,0,0,담하,담하 한우 불고기 정식
2024-03-14,2,3,Spring,0,0,0,담하,담하 한우 불고기 정식
2024-03-15,4,3,Spring,0,0,0,담하,담하 한우 불고기 정식
2024-03-16,17,3,Spring,1,0,1,담하,담하 한우 불고기 정식
2024-03-17,10,3,Spring,1,0,1,담하,담하 한우 불고기 정식
2024-03-18,0,3,Spring,0,0,0,담하,담하 한우 불고기 정식
2024-03-19,0,3,Spring,0,0,0,담하,담하 한우 불고기 정식
2024-03-20,0,3,Spring,0,0,0,담하,담하 한우 불고기 정식
2024-03-21,0,3,Spring,0,0,0,담하,담하 한우 불고기 정식
2024-03-22,3,3,Spring,0,0,0,담하,담하 한우 불고기 정식
2024-03-23,7,3,Spring,1,0,1,담하,담하 한우 불고기 정식
2024-03-24,13,3,Spring,1,0,1,담하,담하 한우 불고기 정식
2024-03-25,4,3,Spring,0,0,0,담하,담하 한우 불고기 정식
2024-03-26,2,3,Spring,0,0,0,담하,담하 한우 불고기 정식
2024-03-27,4,3,Spring,0,0,0,담하,담하 한우 불고기 정식
2024-03-28,0,3,Spring,0,0,0,담하,담하 한우 불고기 정식
2024-03-29,0,3,Spring,0,0,0,담하,담하 한우 불고기 정식
2024-03-30,21,3,Spring,1,0,1,담하,담하 한우 불고기 정식
2024-03-31,22,3,Spring,1,0,1,담하,담하 한우 불고기 정식
2024-04-01,6,4,Spring,0,0,0,담하,담하 한우 불고기 정식
2024-04-02,24,4,Spring,0,0,0,담하,담하 한우 불고기 정식
2024-04-03,9,4,Spring,0,0,0,담하,담하 한우 불고기 정식
2024-04-04,18,4,Spring,0,0,0,담하,담하 한우 불고기 정식
2024-04-05,15,4,Spring,0,0,0,담하,담하 한우 불고기 정식
2024-04-06,35,4,Spring,1,0,1,담하,담하 한우 불고기 정식
2024-04-07,37,4,Spring,1,0,1,담하,담하 한우 불고기 정식
2024-04-08,0,4,Spring,0,0,0,담하,담하 한우 불고기 정식
2024-04-09,15,4,Spring,0,0,0,담하,담하 한우 불고기 정식
2024-04-10,27,4,Spring,0,1,1,담하,담하 한우 불고기 정식
2024-04-11,21,4,Spring,0,0,0,담하,담하 한우 불고기 정식
2024-04-12,25,4,Spring,0,0,0,담하,담하 한우 불고기 정식
2024-04-13,36,4,Spring,1,0,1,담하,담하 한우 불고기 정식
2024-04-14,44,4,Spring,1,0,1,담하,담하 한우 불고기 정식
2024-04-15,8,4,Spring,0,0,0,담하,담하 한우 불고기 정식
2024-04-16,8,4,Spring,0,0,0,담하,담하 한우 불고기 정식
2024-04-17,4,4,Spring,0,0,0,담하,담하 한우 불고기 정식
2024-04-18,71,4,Spring,0,0,0,담하,담하 한우 불고기 정식
2024-04-19,14,4,Spring,0,0,0,담하,담하 한우 불고기 정식
2024-04-20,8,4,Spring,1,0,1,담하,담하 한우 불고기 정식
2024-04-21,27,4,Spring,1,0,1,담하,담하 한우 불고기 정식
2024-04-22,2,4,Spring,0,0,0,담하,담하 한우 불고기 정식
2024-04-23,60,4,Spring,0,0,0,담하,담하 한우 불고기 정식
2024-04-24,2,4,Spring,0,0,0,담하,담하 한우 불고기 정식
2024-04-25,9,4,Spring,0,0,0,담하,담하 한우 불고기 정식
2024-04-26,27,4,Spring,0,0,0,담하,담하 한우 불고기 정식
2024-04-27,36,4,Spring,1,0,1,담하,담하 한우 불고기 정식
2024-04-28,22,4,Spring,1,0,1,담하,담하 한우 불고기 정식
2024-04-29,0,4,Spring,0,0,0,담하,담하 한우 불고기 정식
2024-04-30,42,4,Spring,0,0,0,담하,담하 한우 불고기 정식
2024-05-01,20,5,Spring,0,0,0,담하,담하 한우 불고기 정식
2024-05-02,7,5,Spring,0,0,0,담하,담하 한우 불고기 정식
2024-05-03,2,5,Spring,0,0,0,담하,담하 한우 불고기 정식
2024-05-04,32,5,Spring,1,0,1,담하,담하 한우 불고기 정식
2024-05-05,33,5,Spring,1,1,1,담하,담하 한우 불고기 정식
2024-05-06,19,5,Spring,0,1,1,담하,담하 한우 불고기 정식
2024-05-07,0,5,Spring,0,0,0,담하,담하 한우 불고기 정식
2024-05-08,4,5,Spring,0,0,0,담하,담하 한우 불고기 정식
2024-05-09,24,5,Spring,0,0,0,담하,담하 한우 불고기 정식
2024-05-10,8,5,Spring,0,0,0,담하,담하 한우 불고기 정식
2024-05-11,26,5,Spring,1,0,1,담하,담하 한우 불고기 정식
2024-05-12,48,5,Spring,1,0,1,담하,담하 한우 불고기 정식
2024-05-13,11,5,Spring,0,0,0,담하,담하 한우 불고기 정식
2024-05-14,10,5,Spring,0,0,0,담하,담하 한우 불고기 정식
2024-05-15,19,5,Spring,0,1,1,담하,담하 한우 불고기 정식
2024-05-16,20,5,Spring,0,0,0,담하,담하 한우 불고기 정식
2024-05-17,6,5,Spring,0,0,0,담하,담하 한우 불고기 정식
2024-05-18,16,5,Spring,1,0,1,담하,담하 한우 불고기 정식
2024-05-19,39,5,Spring,1,0,1,담하,담하 한우 불고기 정식
2024-05-20,28,5,Spring,0,0,0,담하,담하 한우 불고기 정식
2024-05-21,37,5,Spring,0,0,0,담하,담하 한우 불고기 정식
2024-05-22,10,5,Spring,0,0,0,담하,담하 한우 불고기 정식
2024-05-23,2,5,Spring,0,0,0,담하,담하 한우 불고기 정식
2024-05-24,10,5,Spring,0,0,0,담하,담하 한우 불고기 정식
2024-05-25,16,5,Spring,1,0,1,담하,담하 한우 불고기 정식
2024-05-26,20,5,Spring,1,0,1,담하,담하 한우 불고기 정식
2024-05-27,12,5,Spring,0,0,0,담하,담하 한우 불고기 정식
2024-05-28,9,5,Spring,0,0,0,담하,담하 한우 불고기 정식
2024-05-29,11,5,Spring,0,0,0,담하,담하 한우 불고기 정식
2024-05-30,10,5,Spring,0,0,0,담하,담하 한우 불고기 정식
2024-05-31,2,5,Spring,0,0,0,담하,담하 한우 불고기 정식
2024-06-01,21,6,Summer,1,0,1,담하,담하 한우 불고기 정식
2024-06-02,2,6,Summer,1,0,1,담하,담하 한우 불고기 정식
2024-06-03,7,6,Summer,0,0,0,담하,담하 한우 불고기 정식
2024-06-04,2,6,Summer,0,0,0,담하,담하 한우 불고기 정식
2024-06-05,15,6,Summer,0,0,0,담하,담하 한우 불고기 정식
2024-06-06,20,6,Summer,0,1,1,담하,담하 한우 불고기 정식
2024-06-07,23,6,Summer,0,0,0,담하,담하 한우 불고기 정식
2024-06-08,21,6,Summer,1,0,1,담하,담하 한우 불고기 정식
2024-06-09,2,6,Summer,1,0,1,담하,담하 한우 불고기 정식
2024-06-10,6,6,Summer,0,0,0,담하,담하 한우 불고기 정식
2024-06-11,4,6,Summer,0,0,0,담하,담하 한우 불고기 정식
2024-06-12,10,6,Summer,0,0,0,담하,담하 한우 불고기 정식
2024-06-13,3,6,Summer,0,0,0,담하,담하 한우 불고기 정식
2024-06-14,2,6,Summer,0,0,0,담하,담하 한우 불고기 정식
2024-06-15,17,6,Summer,1,0,1,담하,담하 한우 불고기 정식
2023-01-01,0,1,Winter,1,1,1,담하,더덕 한우 지짐
2023-01-02,0,1,Winter,0,0,0,담하,더덕 한우 지짐
2023-01-03,0,1,Winter,0,0,0,담하,더덕 한우 지짐
2023-01-04,0,1,Winter,0,0,0,담하,더덕 한우 지짐
2023-01-05,0,1,Winter,0,0,0,담하,더덕 한우 지짐
2023-01-06,0,1,Winter,0,0,0,담하,더덕 한우 지짐
2023-01-07,0,1,Winter,1,0,1,담하,더덕 한우 지짐
2023-01-08,0,1,Winter,1,0,1,담하,더덕 한우 지짐
2023-01-09,0,1,Winter,0,0,0,담하,더덕 한우 지짐
2023-01-10,0,1,Winter,0,0,0,담하,더덕 한우 지짐
2023-01-11,0,1,Winter,0,0,0,담하,더덕 한우 지짐
2023-01-12,0,1,Winter,0,0,0,담하,더덕 한우 지짐
2023-01-13,0,1,Winter,0,0,0,담하,더덕 한우 지짐
2023-01-14,0,1,Winter,1,0,1,담하,더덕 한우 지짐
2023-01-15,0,1,Winter,1,0,1,담하,더덕 한우 지짐
2023-01-16,0,1,Winter,0,0,0,담하,더덕 한우 지짐
2023-01-17,0,1,Winter,0,0,0,담하,더덕 한우 지짐
2023-01-18,0,1,Winter,0,0,0,담하,더덕 한우 지짐
2023-01-19,0,1,Winter,0,0,0,담하,더덕 한우 지짐
2023-01-20,0,1,Winter,0,0,0,담하,더덕 한우 지짐
2023-01-21,0,1,Winter,1,1,1,담하,더덕 한우 지짐
2023-01-22,0,1,Winter,1,1,1,담하,더덕 한우 지짐
2023-01-23,0,1,Winter,0,1,1,담하,더덕 한우 지짐
2023-01-24,0,1,Winter,0,1,1,담하,더덕 한우 지짐
2023-01-25,0,1,Winter,0,0,0,담하,더덕 한우 지짐
2023-01-26,0,1,Winter,0,0,0,담하,더덕 한우 지짐
2023-01-27,0,1,Winter,0,0,0,담하,더덕 한우 지짐
2023-01-28,0,1,Winter,1,0,1,담하,더덕 한우 지짐
2023-01-29,0,1,Winter,1,0,1,담하,더덕 한우 지짐
2023-01-30,0,1,Winter,0,0,0,담하,더덕 한우 지짐
2023-01-31,0,1,Winter,0,0,0,담하,더덕 한우 지짐
2023-02-01,0,2,Winter,0,0,0,담하,더덕 한우 지짐
2023-02-02,0,2,Winter,0,0,0,담하,더덕 한우 지짐
2023-02-03,0,2,Winter,0,0,0,담하,더덕 한우 지짐
2023-02-04,0,2,Winter,1,0,1,담하,더덕 한우 지짐
2023-02-05,0,2,Winter,1,0,1,담하,더덕 한우 지짐
2023-02-06,0,2,Winter,0,0,0,담하,더덕 한우 지짐
2023-02-07,0,2,Winter,0,0,0,담하,더덕 한우 지짐
2023-02-08,0,2,Winter,0,0,0,담하,더덕 한우 지짐
2023-02-09,0,2,Winter,0,0,0,담하,더덕 한우 지짐
2023-02-10,0,2,Winter,0,0,0,담하,더덕 한우 지짐
2023-02-11,0,2,Winter,1,0,1,담하,더덕 한우 지짐
2023-02-12,0,2,Winter,1,0,1,담하,더덕 한우 지짐
2023-02-13,0,2,Winter,0,0,0,담하,더덕 한우 지짐
2023-02-14,0,2,Winter,0,0,0,담하,더덕 한우 지짐
2023-02-15,0,2,Winter,0,0,0,담하,더덕 한우 지짐
2023-02-16,0,2,Winter,0,0,0,담하,더덕 한우 지짐
2023-02-17,0,2,Winter,0,0,0,담하,더덕 한우 지짐
2023-02-18,0,2,Winter,1,0,1,담하,더덕 한우 지짐
2023-02-19,0,2,Winter,1,0,1,담하,더덕 한우 지짐
2023-02-20,0,2,Winter,0,0,0,담하,더덕 한우 지짐
2023-02-21,0,2,Winter,0,0,0,담하,더덕 한우 지짐
2023-02-22,0,2,Winter,0,0,0,담하,더덕 한우 지짐
2023-02-23,0,2,Winter,0,0,0,담하,더덕 한우 지짐
2023-02-24,0,2,Winter,0,0,0,담하,더덕 한우 지짐
2023-02-25,0,2,Winter,1,0,1,담하,더덕 한우 지짐
2023-02-26,0,2,Winter,1,0,1,담하,더덕 한우 지짐
2023-02-27,0,2,Winter,0,0,0,담하,더덕 한우 지짐
2023-02-28,0,2,Winter,0,0,0,담하,더덕 한우 지짐
2023-03-01,0,3,Spring,0,1,1,담하,더덕 한우 지짐
2023-03-02,0,3,Spring,0,0,0,담하,더덕 한우 지짐
2023-03-03,0,3,Spring,0,0,0,담하,더덕 한우 지짐
2023-03-04,0,3,Spring,1,0,1,담하,더덕 한우 지짐
2023-03-05,0,3,Spring,1,0,1,담하,더덕 한우 지짐
2023-03-06,0,3,Spring,0,0,0,담하,더덕 한우 지짐
2023-03-07,0,3,Spring,0,0,0,담하,더덕 한우 지짐
2023-03-08,0,3,Spring,0,0,0,담하,더덕 한우 지짐
2023-03-09,0,3,Spring,0,0,0,담하,더덕 한우 지짐
2023-03-10,0,3,Spring,0,0,0,담하,더덕 한우 지짐
2023-03-11,0,3,Spring,1,0,1,담하,더덕 한우 지짐
2023-03-12,0,3,Spring,1,0,1,담하,더덕 한우 지짐
2023-03-13,0,3,Spring,0,0,0,담하,더덕 한우 지짐
2023-03-14,0,3,Spring,0,0,0,담하,더덕 한우 지짐
2023-03-15,0,3,Spring,0,0,0,담하,더덕 한우 지짐
2023-03-16,0,3,Spring,0,0,0,담하,더덕 한우 지짐
2023-03-17,0,3,Spring,0,0,0,담하,더덕 한우 지짐
2023-03-18,0,3,Spring,1,0,1,담하,더덕 한우 지짐
2023-03-19,0,3,Spring,1,0,1,담하,더덕 한우 지짐
2023-03-20,0,3,Spring,0,0,0,담하,더덕 한우 지짐
2023-03-21,0,3,Spring,0,0,0,담하,더덕 한우 지짐
2023-03-22,0,3,Spring,0,0,0,담하,더덕 한우 지짐
2023-03-23,0,3,Spring,0,0,0,담하,더덕 한우 지짐
2023-03-24,0,3,Spring,0,0,0,담하,더덕 한우 지짐
2023-03-25,0,3,Spring,1,0,1,담하,더덕 한우 지짐
2023-03-26,0,3,Spring,1,0,1,담하,더덕 한우 지짐
2023-03-27,0,3,Spring,0,0,0,담하,더덕 한우 지짐
2023-03-28,0,3,Spring,0,0,0,담하,더덕 한우 지짐
2023-03-29,0,3,Spring,0,0,0,담하,더덕 한우 지짐
2023-03-30,0,3,Spring,0,0,0,담하,더덕 한우 지짐
2023-03-31,0,3,Spring,0,0,0,담하,더덕 한우 지짐
2023-04-01,0,4,Spring,1,0,1,담하,더덕 한우 지짐
2023-04-02,0,4,Spring,1,0,1,담하,더덕 한우 지짐
2023-04-03,0,4,Spring,0,0,0,담하,더덕 한우 지짐
2023-04-04,0,4,Spring,0,0,0,담하,더덕 한우 지짐
2023-04-05,0,4,Spring,0,0,0,담하,더덕 한우 지짐
2023-04-06,0,4,Spring,0,0,0,담하,더덕 한우 지짐
2023-04-07,0,4,Spring,0,0,0,담하,더덕 한우 지짐
2023-04-08,0,4,Spring,1,0,1,담하,더덕 한우 지짐
2023-04-09,0,4,Spring,1,0,1,담하,더덕 한우 지짐
2023-04-10,0,4,Spring,0,0,0,담하,더덕 한우 지짐
2023-04-11,0,4,Spring,0,0,0,담하,더덕 한우 지짐
2023-04-12,0,4,Spring,0,0,0,담하,더덕 한우 지짐
2023-04-13,0,4,Spring,0,0,0,담하,더덕 한우 지짐
2023-04-14,0,4,Spring,0,0,0,담하,더덕 한우 지짐
2023-04-15,0,4,Spring,1,0,1,담하,더덕 한우 지짐
2023-04-16,0,4,Spring,1,0,1,담하,더덕 한우 지짐
2023-04-17,0,4,Spring,0,0,0,담하,더덕 한우 지짐
2023-04-18,0,4,Spring,0,0,0,담하,더덕 한우 지짐
2023-04-19,0,4,Spring,0,0,0,담하,더덕 한우 지짐
2023-04-20,0,4,Spring,0,0,0,담하,더덕 한우 지짐
2023-04-21,0,4,Spring,0,0,0,담하,더덕 한우 지짐
2023-04-22,0,4,Spring,1,0,1,담하,더덕 한우 지짐
2023-04-23,0,4,Spring,1,0,1,담하,더덕 한우 지짐
2023-04-24,0,4,Spring,0,0,0,담하,더덕 한우 지짐
2023-04-25,0,4,Spring,0,0,0,담하,더덕 한우 지짐
2023-04-26,0,4,Spring,0,0,0,담하,더덕 한우 지짐
2023-04-27,0,4,Spring,0,0,0,담하,더덕 한우 지짐
2023-04-28,0,4,Spring,0,0,0,담하,더덕 한우 지짐
2023-04-29,0,4,Spring,1,0,1,담하,더덕 한우 지짐
2023-04-30,0,4,Spring,1,0,1,담하,더덕 한우 지짐
2023-05-01,0,5,Spring,0,0,0,담하,더덕 한우 지짐
2023-05-02,0,5,Spring,0,0,0,담하,더덕 한우 지짐
2023-05-03,0,5,Spring,0,0,0,담하,더덕 한우 지짐
2023-05-04,0,5,Spring,0,0,0,담하,더덕 한우 지짐
2023-05-05,0,5,Spring,0,1,1,담하,더덕 한우 지짐
2023-05-06,0,5,Spring,1,0,1,담하,더덕 한우 지짐
2023-05-07,0,5,Spring,1,0,1,담하,더덕 한우 지짐
2023-05-08,0,5,Spring,0,0,0,담하,더덕 한우 지짐
2023-05-09,0,5,Spring,0,0,0,담하,더덕 한우 지짐
2023-05-10,0,5,Spring,0,0,0,담하,더덕 한우 지짐
2023-05-11,0,5,Spring,0,0,0,담하,더덕 한우 지짐
2023-05-12,0,5,Spring,0,0,0,담하,더덕 한우 지짐
2023-05-13,0,5,Spring,1,0,1,담하,더덕 한우 지짐
2023-05-14,0,5,Spring,1,0,1,담하,더덕 한우 지짐
2023-05-15,0,5,Spring,0,0,0,담하,더덕 한우 지짐
2023-05-16,0,5,Spring,0,0,0,담하,더덕 한우 지짐
2023-05-17,0,5,Spring,0,0,0,담하,더덕 한우 지짐
2023-05-18,0,5,Spring,0,0,0,담하,더덕 한우 지짐
2023-05-19,0,5,Spring,0,0,0,담하,더덕 한우 지짐
2023-05-20,0,5,Spring,1,0,1,담하,더덕 한우 지짐
2023-05-21,0,5,Spring,1,0,1,담하,더덕 한우 지짐
2023-05-22,0,5,Spring,0,0,0,담하,더덕 한우 지짐
2023-05-23,0,5,Spring,0,0,0,담하,더덕 한우 지짐
2023-05-24,0,5,Spring,0,0,0,담하,더덕 한우 지짐
2023-05-25,0,5,Spring,0,0,0,담하,더덕 한우 지짐
2023-05-26,0,5,Spring,0,0,0,담하,더덕 한우 지짐
2023-05-27,0,5,Spring,1,1,1,담하,더덕 한우 지짐
2023-05-28,0,5,Spring,1,0,1,담하,더덕 한우 지짐
2023-05-29,0,5,Spring,0,1,1,담하,더덕 한우 지짐
2023-05-30,0,5,Spring,0,0,0,담하,더덕 한우 지짐
2023-05-31,0,5,Spring,0,0,0,담하,더덕 한우 지짐
2023-06-01,0,6,Summer,0,0,0,담하,더덕 한우 지짐
2023-06-02,0,6,Summer,0,0,0,담하,더덕 한우 지짐
2023-06-03,0,6,Summer,1,0,1,담하,더덕 한우 지짐
2023-06-04,0,6,Summer,1,0,1,담하,더덕 한우 지짐
2023-06-05,0,6,Summer,0,0,0,담하,더덕 한우 지짐
2023-06-06,0,6,Summer,0,1,1,담하,더덕 한우 지짐
2023-06-07,0,6,Summer,0,0,0,담하,더덕 한우 지짐
2023-06-08,0,6,Summer,0,0,0,담하,더덕 한우 지짐
2023-06-09,0,6,Summer,0,0,0,담하,더덕 한우 지짐
2023-06-10,0,6,Summer,1,0,1,담하,더덕 한우 지짐
2023-06-11,0,6,Summer,1,0,1,담하,더덕 한우 지짐
2023-06-12,0,6,Summer,0,0,0,담하,더덕 한우 지짐
2023-06-13,0,6,Summer,0,0,0,담하,더덕 한우 지짐
2023-06-14,0,6,Summer,0,0,0,담하,더덕 한우 지짐
2023-06-15,0,6,Summer,0,0,0,담하,더덕 한우 지짐
2023-06-16,0,6,Summer,0,0,0,담하,더덕 한우 지짐
2023-06-17,0,6,Summer,1,0,1,담하,더덕 한우 지짐
2023-06-18,0,6,Summer,1,0,1,담하,더덕 한우 지짐
2023-06-19,0,6,Summer,0,0,0,담하,더덕 한우 지짐
2023-06-20,0,6,Summer,0,0,0,담하,더덕 한우 지짐
2023-06-21,0,6,Summer,0,0,0,담하,더덕 한우 지짐
2023-06-22,0,6,Summer,0,0,0,담하,더덕 한우 지짐
2023-06-23,0,6,Summer,0,0,0,담하,더덕 한우 지짐
2023-06-24,0,6,Summer,1,0,1,담하,더덕 한우 지짐
2023-06-25,0,6,Summer,1,0,1,담하,더덕 한우 지짐
2023-06-26,0,6,Summer,0,0,0,담하,더덕 한우 지짐
2023-06-27,0,6,Summer,0,0,0,담하,더덕 한우 지짐
2023-06-28,0,6,Summer,0,0,0,담하,더덕 한우 지짐
2023-06-29,0,6,Summer,0,0,0,담하,더덕 한우 지짐
2023-06-30,0,6,Summer,0,0,0,담하,더덕 한우 지짐
2023-07-01,0,7,Summer,1,0,1,담하,더덕 한우 지짐
2023-07-02,0,7,Summer,1,0,1,담하,더덕 한우 지짐
2023-07-03,0,7,Summer,0,0,0,담하,더덕 한우 지짐
2023-07-04,0,7,Summer,0,0,0,담하,더덕 한우 지짐
2023-07-05,0,7,Summer,0,0,0,담하,더덕 한우 지짐
2023-07-06,0,7,Summer,0,0,0,담하,더덕 한우 지짐
2023-07-07,0,7,Summer,0,0,0,담하,더덕 한우 지짐
2023-07-08,0,7,Summer,1,0,1,담하,더덕 한우 지짐
2023-07-09,0,7,Summer,1,0,1,담하,더덕 한우 지짐
2023-07-10,0,7,Summer,0,0,0,담하,더덕 한우 지짐
2023-07-11,0,7,Summer,0,0,0,담하,더덕 한우 지짐
2023-07-12,0,7,Summer,0,0,0,담하,더덕 한우 지짐
2023-07-13,0,7,Summer,0,0,0,담하,더덕 한우 지짐
2023-07-14,0,7,Summer,0,0,0,담하,더덕 한우 지짐
2023-07-15,0,7,Summer,1,0,1,담하,더덕 한우 지짐
2023-07-16,0,7,Summer,1,0,1,담하,더덕 한우 지짐
2023-07-17,0,7,Summer,0,0,0,담하,더덕 한우 지짐
2023-07-18,0,7,Summer,0,0,0,담하,더덕 한우 지짐
2023-07-19,0,7,Summer,0,0,0,담하,더덕 한우 지짐
2023-07-20,0,7,Summer,0,0,0,담하,더덕 한우 지짐
2023-07-21,0,7,Summer,0,0,0,담하,더덕 한우 지짐
2023-07-22,0,7,Summer,1,0,1,담하,더덕 한우 지짐
2023-07-23,0,7,Summer,1,0,1,담하,더덕 한우 지짐
2023-07-24,0,7,Summer,0,0,0,담하,더덕 한우 지짐
2023-07-25,0,7,Summer,0,0,0,담하,더덕 한우 지짐
2023-07-26,0,7,Summer,0,0,0,담하,더덕 한우 지짐
2023-07-27,0,7,Summer,0,0,0,담하,더덕 한우 지짐
2023-07-28,0,7,Summer,0,0,0,담하,더덕 한우 지짐
2023-07-29,0,7,Summer,1,0,1,담하,더덕 한우 지짐
2023-07-30,0,7,Summer,1,0,1,담하,더덕 한우 지짐
2023-07-31,0,7,Summer,0,0,0,담하,더덕 한우 지짐
2023-08-01,0,8,Summer,0,0,0,담하,더덕 한우 지짐
2023-08-02,0,8,Summer,0,0,0,담하,더덕 한우 지짐
2023-08-03,0,8,Summer,0,0,0,담하,더덕 한우 지짐
2023-08-04,0,8,Summer,0,0,0,담하,더덕 한우 지짐
2023-08-05,0,8,Summer,1,0,1,담하,더덕 한우 지짐
2023-08-06,0,8,Summer,1,0,1,담하,더덕 한우 지짐
2023-08-07,0,8,Summer,0,0,0,담하,더덕 한우 지짐
2023-08-08,0,8,Summer,0,0,0,담하,더덕 한우 지짐
2023-08-09,0,8,Summer,0,0,0,담하,더덕 한우 지짐
2023-08-10,0,8,Summer,0,0,0,담하,더덕 한우 지짐
2023-08-11,0,8,Summer,0,0,0,담하,더덕 한우 지짐
2023-08-12,0,8,Summer,1,0,1,담하,더덕 한우 지짐
2023-08-13,0,8,Summer,1,0,1,담하,더덕 한우 지짐
2023-08-14,0,8,Summer,0,0,0,담하,더덕 한우 지짐
2023-08-15,0,8,Summer,0,1,1,담하,더덕 한우 지짐
2023-08-16,0,8,Summer,0,0,0,담하,더덕 한우 지짐
2023-08-17,0,8,Summer,0,0,0,담하,더덕 한우 지짐
2023-08-18,0,8,Summer,0,0,0,담하,더덕 한우 지짐
2023-08-19,0,8,Summer,1,0,1,담하,더덕 한우 지짐
2023-08-20,0,8,Summer,1,0,1,담하,더덕 한우 지짐
2023-08-21,0,8,Summer,0,0,0,담하,더덕 한우 지짐
2023-08-22,0,8,Summer,0,0,0,담하,더덕 한우 지짐
2023-08-23,0,8,Summer,0,0,0,담하,더덕 한우 지짐
2023-08-24,0,8,Summer,0,0,0,담하,더덕 한우 지짐
2023-08-25,0,8,Summer,0,0,0,담하,더덕 한우 지짐
2023-08-26,0,8,Summer,1,0,1,담하,더덕 한우 지짐
2023-08-27,0,8,Summer,1,0,1,담하,더덕 한우 지짐
2023-08-28,0,8,Summer,0,0,0,담하,더덕 한우 지짐
2023-08-29,0,8,Summer,0,0,0,담하,더덕 한우 지짐
2023-08-30,0,8,Summer,0,0,0,담하,더덕 한우 지짐
2023-08-31,0,8,Summer,0,0,0,담하,더덕 한우 지짐
2023-09-01,0,9,Autumn,0,0,0,담하,더덕 한우 지짐
2023-09-02,0,9,Autumn,1,0,1,담하,더덕 한우 지짐
2023-09-03,0,9,Autumn,1,0,1,담하,더덕 한우 지짐
2023-09-04,0,9,Autumn,0,0,0,담하,더덕 한우 지짐
2023-09-05,0,9,Autumn,0,0,0,담하,더덕 한우 지짐
2023-09-06,0,9,Autumn,0,0,0,담하,더덕 한우 지짐
2023-09-07,0,9,Autumn,0,0,0,담하,더덕 한우 지짐
2023-09-08,0,9,Autumn,0,0,0,담하,더덕 한우 지짐
2023-09-09,1,9,Autumn,1,0,1,담하,더덕 한우 지짐
2023-09-10,1,9,Autumn,1,0,1,담하,더덕 한우 지짐
2023-09-11,0,9,Autumn,0,0,0,담하,더덕 한우 지짐
2023-09-12,0,9,Autumn,0,0,0,담하,더덕 한우 지짐
2023-09-13,0,9,Autumn,0,0,0,담하,더덕 한우 지짐
2023-09-14,0,9,Autumn,0,0,0,담하,더덕 한우 지짐
2023-09-15,3,9,Autumn,0,0,0,담하,더덕 한우 지짐
2023-09-16,0,9,Autumn,1,0,1,담하,더덕 한우 지짐
2023-09-17,2,9,Autumn,1,0,1,담하,더덕 한우 지짐
2023-09-18,1,9,Autumn,0,0,0,담하,더덕 한우 지짐
2023-09-19,1,9,Autumn,0,0,0,담하,더덕 한우 지짐
2023-09-20,0,9,Autumn,0,0,0,담하,더덕 한우 지짐
2023-09-21,1,9,Autumn,0,0,0,담하,더덕 한우 지짐
2023-09-22,1,9,Autumn,0,0,0,담하,더덕 한우 지짐
2023-09-23,1,9,Autumn,1,0,1,담하,더덕 한우 지짐
2023-09-24,1,9,Autumn,1,0,1,담하,더덕 한우 지짐
2023-09-25,2,9,Autumn,0,0,0,담하,더덕 한우 지짐
2023-09-26,0,9,Autumn,0,0,0,담하,더덕 한우 지짐
2023-09-27,0,9,Autumn,0,0,0,담하,더덕 한우 지짐
2023-09-28,6,9,Autumn,0,1,1,담하,더덕 한우 지짐
2023-09-29,3,9,Autumn,0,1,1,담하,더덕 한우 지짐
2023-09-30,3,9,Autumn,1,1,1,담하,더덕 한우 지짐
2023-10-01,0,10,Autumn,1,0,1,담하,더덕 한우 지짐
2023-10-02,1,10,Autumn,0,1,1,담하,더덕 한우 지짐
2023-10-03,3,10,Autumn,0,1,1,담하,더덕 한우 지짐
2023-10-04,0,10,Autumn,0,0,0,담하,더덕 한우 지짐
2023-10-05,1,10,Autumn,0,0,0,담하,더덕 한우 지짐
2023-10-06,1,10,Autumn,0,0,0,담하,더덕 한우 지짐
2023-10-07,2,10,Autumn,1,0,1,담하,더덕 한우 지짐
2023-10-08,3,10,Autumn,1,0,1,담하,더덕 한우 지짐
2023-10-09,0,10,Autumn,0,1,1,담하,더덕 한우 지짐
2023-10-10,1,10,Autumn,0,0,0,담하,더덕 한우 지짐
2023-10-11,4,10,Autumn,0,0,0,담하,더덕 한우 지짐
2023-10-12,2,10,Autumn,0,0,0,담하,더덕 한우 지짐
2023-10-13,0,10,Autumn,0,0,0,담하,더덕 한우 지짐
2023-10-14,3,10,Autumn,1,0,1,담하,더덕 한우 지짐
2023-10-15,1,10,Autumn,1,0,1,담하,더덕 한우 지짐
2023-10-16,6,10,Autumn,0,0,0,담하,더덕 한우 지짐
2023-10-17,2,10,Autumn,0,0,0,담하,더덕 한우 지짐
2023-10-18,2,10,Autumn,0,0,0,담하,더덕 한우 지짐
2023-10-19,2,10,Autumn,0,0,0,담하,더덕 한우 지짐
2023-10-20,2,10,Autumn,0,0,0,담하,더덕 한우 지짐
2023-10-21,1,10,Autumn,1,0,1,담하,더덕 한우 지짐
2023-10-22,3,10,Autumn,1,0,1,담하,더덕 한우 지짐
2023-10-23,2,10,Autumn,0,0,0,담하,더덕 한우 지짐
2023-10-24,8,10,Autumn,0,0,0,담하,더덕 한우 지짐
2023-10-25,3,10,Autumn,0,0,0,담하,더덕 한우 지짐
2023-10-26,1,10,Autumn,0,0,0,담하,더덕 한우 지짐
2023-10-27,2,10,Autumn,0,0,0,담하,더덕 한우 지짐
2023-10-28,3,10,Autumn,1,0,1,담하,더덕 한우 지짐
2023-10-29,7,10,Autumn,1,0,1,담하,더덕 한우 지짐
2023-10-30,4,10,Autumn,0,0,0,담하,더덕 한우 지짐
2023-10-31,7,10,Autumn,0,0,0,담하,더덕 한우 지짐
2023-11-01,1,11,Autumn,0,0,0,담하,더덕 한우 지짐
2023-11-02,2,11,Autumn,0,0,0,담하,더덕 한우 지짐
2023-11-03,1,11,Autumn,0,0,0,담하,더덕 한우 지짐
2023-11-04,0,11,Autumn,1,0,1,담하,더덕 한우 지짐
2023-11-05,1,11,Autumn,1,0,1,담하,더덕 한우 지짐
2023-11-06,1,11,Autumn,0,0,0,담하,더덕 한우 지짐
2023-11-07,3,11,Autumn,0,0,0,담하,더덕 한우 지짐
2023-11-08,2,11,Autumn,0,0,0,담하,더덕 한우 지짐
2023-11-09,1,11,Autumn,0,0,0,담하,더덕 한우 지짐
2023-11-10,6,11,Autumn,0,0,0,담하,더덕 한우 지짐
2023-11-11,1,11,Autumn,1,0,1,담하,더덕 한우 지짐
2023-11-12,2,11,Autumn,1,0,1,담하,더덕 한우 지짐
2023-11-13,2,11,Autumn,0,0,0,담하,더덕 한우 지짐
2023-11-14,0,11,Autumn,0,0,0,담하,더덕 한우 지짐
2023-11-15,1,11,Autumn,0,0,0,담하,더덕 한우 지짐
2023-11-16,1,11,Autumn,0,0,0,담하,더덕 한우 지짐
2023-11-17,1,11,Autumn,0,0,0,담하,더덕 한우 지짐
2023-11-18,2,11,Autumn,1,0,1,담하,더덕 한우 지짐
2023-11-19,0,11,Autumn,1,0,1,담하,더덕 한우 지짐
2023-11-20,2,11,Autumn,0,0,0,담하,더덕 한우 지짐
2023-11-21,1,11,Autumn,0,0,0,담하,더덕 한우 지짐
2023-11-22,0,11,Autumn,0,0,0,담하,더덕 한우 지짐
2023-11-23,1,11,Autumn,0,0,0,담하,더덕 한우 지짐
2023-11-24,1,11,Autumn,0,0,0,담하,더덕 한우 지짐
2023-11-25,4,11,Autumn,1,0,1,담하,더덕 한우 지짐
2023-11-26,1,11,Autumn,1,0,1,담하,더덕 한우 지짐
2023-11-27,0,11,Autumn,0,0,0,담하,더덕 한우 지짐
2023-11-28,0,11,Autumn,0,0,0,담하,더덕 한우 지짐
2023-11-29,0,11,Autumn,0,0,0,담하,더덕 한우 지짐
2023-11-30,0,11,Autumn,0,0,0,담하,더덕 한우 지짐
2023-12-01,2,12,Winter,0,0,0,담하,더덕 한우 지짐
2023-12-02,0,12,Winter,1,0,1,담하,더덕 한우 지짐
2023-12-03,1,12,Winter,1,0,1,담하,더덕 한우 지짐
2023-12-04,0,12,Winter,0,0,0,담하,더덕 한우 지짐
2023-12-05,1,12,Winter,0,0,0,담하,더덕 한우 지짐
2023-12-06,0,12,Winter,0,0,0,담하,더덕 한우 지짐
2023-12-07,0,12,Winter,0,0,0,담하,더덕 한우 지짐
2023-12-08,0,12,Winter,0,0,0,담하,더덕 한우 지짐
2023-12-09,4,12,Winter,1,0,1,담하,더덕 한우 지짐
2023-12-10,0,12,Winter,1,0,1,담하,더덕 한우 지짐
2023-12-11,1,12,Winter,0,0,0,담하,더덕 한우 지짐
2023-12-12,0,12,Winter,0,0,0,담하,더덕 한우 지짐
2023-12-13,7,12,Winter,0,0,0,담하,더덕 한우 지짐
2023-12-14,2,12,Winter,0,0,0,담하,더덕 한우 지짐
2023-12-15,0,12,Winter,0,0,0,담하,더덕 한우 지짐
2023-12-16,0,12,Winter,1,0,1,담하,더덕 한우 지짐
2023-12-17,1,12,Winter,1,0,1,담하,더덕 한우 지짐
2023-12-18,3,12,Winter,0,0,0,담하,더덕 한우 지짐
2023-12-19,2,12,Winter,0,0,0,담하,더덕 한우 지짐
2023-12-20,3,12,Winter,0,0,0,담하,더덕 한우 지짐
2023-12-21,10,12,Winter,0,0,0,담하,더덕 한우 지짐
2023-12-22,1,12,Winter,0,0,0,담하,더덕 한우 지짐
2023-12-23,0,12,Winter,1,0,1,담하,더덕 한우 지짐
2023-12-24,1,12,Winter,1,0,1,담하,더덕 한우 지짐
2023-12-25,4,12,Winter,0,1,1,담하,더덕 한우 지짐
2023-12-26,2,12,Winter,0,0,0,담하,더덕 한우 지짐
2023-12-27,1,12,Winter,0,0,0,담하,더덕 한우 지짐
2023-12-28,4,12,Winter,0,0,0,담하,더덕 한우 지짐
2023-12-29,1,12,Winter,0,0,0,담하,더덕 한우 지짐
2023-12-30,1,12,Winter,1,0,1,담하,더덕 한우 지짐
2023-12-31,4,12,Winter,1,0,1,담하,더덕 한우 지짐
2024-01-01,0,1,Winter,0,1,1,담하,더덕 한우 지짐
2024-01-02,0,1,Winter,0,0,0,담하,더덕 한우 지짐
2024-01-03,0,1,Winter,0,0,0,담하,더덕 한우 지짐
2024-01-04,4,1,Winter,0,0,0,담하,더덕 한우 지짐
2024-01-05,1,1,Winter,0,0,0,담하,더덕 한우 지짐
2024-01-06,9,1,Winter,1,0,1,담하,더덕 한우 지짐
2024-01-07,0,1,Winter,1,0,1,담하,더덕 한우 지짐
2024-01-08,0,1,Winter,0,0,0,담하,더덕 한우 지짐
2024-01-09,0,1,Winter,0,0,0,담하,더덕 한우 지짐
2024-01-10,2,1,Winter,0,0,0,담하,더덕 한우 지짐
2024-01-11,3,1,Winter,0,0,0,담하,더덕 한우 지짐
2024-01-12,6,1,Winter,0,0,0,담하,더덕 한우 지짐
2024-01-13,3,1,Winter,1,0,1,담하,더덕 한우 지짐
2024-01-14,2,1,Winter,1,0,1,담하,더덕 한우 지짐
2024-01-15,0,1,Winter,0,0,0,담하,더덕 한우 지짐
2024-01-16,1,1,Winter,0,0,0,담하,더덕 한우 지짐
2024-01-17,1,1,Winter,0,0,0,담하,더덕 한우 지짐
2024-01-18,1,1,Winter,0,0,0,담하,더덕 한우 지짐
2024-01-19,0,1,Winter,0,0,0,담하,더덕 한우 지짐
2024-01-20,2,1,Winter,1,0,1,담하,더덕 한우 지짐
2024-01-21,0,1,Winter,1,0,1,담하,더덕 한우 지짐
2024-01-22,2,1,Winter,0,0,0,담하,더덕 한우 지짐
2024-01-23,1,1,Winter,0,0,0,담하,더덕 한우 지짐
2024-01-24,3,1,Winter,0,0,0,담하,더덕 한우 지짐
2024-01-25,3,1,Winter,0,0,0,담하,더덕 한우 지짐
2024-01-26,0,1,Winter,0,0,0,담하,더덕 한우 지짐
2024-01-27,1,1,Winter,1,0,1,담하,더덕 한우 지짐
2024-01-28,1,1,Winter,1,0,1,담하,더덕 한우 지짐
2024-01-29,4,1,Winter,0,0,0,담하,더덕 한우 지짐
2024-01-30,0,1,Winter,0,0,0,담하,더덕 한우 지짐
2024-01-31,1,1,Winter,0,0,0,담하,더덕 한우 지짐
2024-02-01,0,2,Winter,0,0,0,담하,더덕 한우 지짐
2024-02-02,3,2,Winter,0,0,0,담하,더덕 한우 지짐
2024-02-03,0,2,Winter,1,0,1,담하,더덕 한우 지짐
2024-02-04,1,2,Winter,1,0,1,담하,더덕 한우 지짐
2024-02-05,1,2,Winter,0,0,0,담하,더덕 한우 지짐
2024-02-06,1,2,Winter,0,0,0,담하,더덕 한우 지짐
2024-02-07,2,2,Winter,0,0,0,담하,더덕 한우 지짐
2024-02-08,0,2,Winter,0,0,0,담하,더덕 한우 지짐
2024-02-09,5,2,Winter,0,1,1,담하,더덕 한우 지짐
2024-02-10,2,2,Winter,1,1,1,담하,더덕 한우 지짐
2024-02-11,1,2,Winter,1,1,1,담하,더덕 한우 지짐
2024-02-12,1,2,Winter,0,1,1,담하,더덕 한우 지짐
2024-02-13,0,2,Winter,0,0,0,담하,더덕 한우 지짐
2024-02-14,0,2,Winter,0,0,0,담하,더덕 한우 지짐
2024-02-15,6,2,Winter,0,0,0,담하,더덕 한우 지짐
2024-02-16,2,2,Winter,0,0,0,담하,더덕 한우 지짐
2024-02-17,0,2,Winter,1,0,1,담하,더덕 한우 지짐
2024-02-18,1,2,Winter,1,0,1,담하,더덕 한우 지짐
2024-02-19,0,2,Winter,0,0,0,담하,더덕 한우 지짐
2024-02-20,1,2,Winter,0,0,0,담하,더덕 한우 지짐
2024-02-21,0,2,Winter,0,0,0,담하,더덕 한우 지짐
2024-02-22,0,2,Winter,0,0,0,담하,더덕 한우 지짐
2024-02-23,0,2,Winter,0,0,0,담하,더덕 한우 지짐
2024-02-24,4,2,Winter,1,0,1,담하,더덕 한우 지짐
2024-02-25,2,2,Winter,1,0,1,담하,더덕 한우 지짐
2024-02-26,0,2,Winter,0,0,0,담하,더덕 한우 지짐
2024-02-27,0,2,Winter,0,0,0,담하,더덕 한우 지짐
2024-02-28,0,2,Winter,0,0,0,담하,더덕 한우 지짐
2024-02-29,1,2,Winter,0,0,0,담하,더덕 한우 지짐
2024-03-01,1,3,Spring,0,1,1,담하,더덕 한우 지짐
2024-03-02,0,3,Spring,1,0,1,담하,더덕 한우 지짐
2024-03-03,0,3,Spring,1,0,1,담하,더덕 한우 지짐
2024-03-04,0,3,Spring,0,0,0,담하,더덕 한우 지짐
2024-03-05,0,3,Spring,0,0,0,담하,더덕 한우 지짐
2024-03-06,0,3,Spring,0,0,0,담하,더덕 한우 지짐
2024-03-07,0,3,Spring,0,0,0,담하,더덕 한우 지짐
2024-03-08,0,3,Spring,0,0,0,담하,더덕 한우 지짐
2024-03-09,0,3,Spring,1,0,1,담하,더덕 한우 지짐
2024-03-10,0,3,Spring,1,0,1,담하,더덕 한우 지짐
2024-03-11,0,3,Spring,0,0,0,담하,더덕 한우 지짐
2024-03-12,0,3,Spring,0,0,0,담하,더덕 한우 지짐
2024-03-13,0,3,Spring,0,0,0,담하,더덕 한우 지짐
2024-03-14,0,3,Spring,0,0,0,담하,더덕 한우 지짐
2024-03-15,3,3,Spring,0,0,0,담하,더덕 한우 지짐
2024-03-16,0,3,Spring,1,0,1,담하,더덕 한우 지짐
2024-03-17,1,3,Spring,1,0,1,담하,더덕 한우 지짐
2024-03-18,0,3,Spring,0,0,0,담하,더덕 한우 지짐
2024-03-19,0,3,Spring,0,0,0,담하,더덕 한우 지짐
2024-03-20,0,3,Spring,0,0,0,담하,더덕 한우 지짐
2024-03-21,0,3,Spring,0,0,0,담하,더덕 한우 지짐
2024-03-22,0,3,Spring,0,0,0,담하,더덕 한우 지짐
2024-03-23,0,3,Spring,1,0,1,담하,더덕 한우 지짐
2024-03-24,0,3,Spring,1,0,1,담하,더덕 한우 지짐
2024-03-25,2,3,Spring,0,0,0,담하,더덕 한우 지짐
2024-03-26,0,3,Spring,0,0,0,담하,더덕 한우 지짐
2024-03-27,3,3,Spring,0,0,0,담하,더덕 한우 지짐
2024-03-28,0,3,Spring,0,0,0,담하,더덕 한우 지짐
2024-03-29,0,3,Spring,0,0,0,담하,더덕 한우 지짐
2024-03-30,1,3,Spring,1,0,1,담하,더덕 한우 지짐
2024-03-31,2,3,Spring,1,0,1,담하,더덕 한우 지짐
2024-04-01,1,4,Spring,0,0,0,담하,더덕 한우 지짐
2024-04-02,0,4,Spring,0,0,0,담하,더덕 한우 지짐
2024-04-03,1,4,Spring,0,0,0,담하,더덕 한우 지짐
2024-04-04,2,4,Spring,0,0,0,담하,더덕 한우 지짐
2024-04-05,2,4,Spring,0,0,0,담하,더덕 한우 지짐
2024-04-06,2,4,Spring,1,0,1,담하,더덕 한우 지짐
2024-04-07,1,4,Spring,1,0,1,담하,더덕 한우 지짐
2024-04-08,0,4,Spring,0,0,0,담하,더덕 한우 지짐
2024-04-09,1,4,Spring,0,0,0,담하,더덕 한우 지짐
2024-04-10,2,4,Spring,0,1,1,담하,더덕 한우 지짐
2024-04-11,1,4,Spring,0,0,0,담하,더덕 한우 지짐
2024-04-12,0,4,Spring,0,0,0,담하,더덕 한우 지짐
2024-04-13,2,4,Spring,1,0,1,담하,더덕 한우 지짐
2024-04-14,1,4,Spring,1,0,1,담하,더덕 한우 지짐
2024-04-15,0,4,Spring,0,0,0,담하,더덕 한우 지짐
2024-04-16,0,4,Spring,0,0,0,담하,더덕 한우 지짐
2024-04-17,0,4,Spring,0,0,0,담하,더덕 한우 지짐
2024-04-18,1,4,Spring,0,0,0,담하,더덕 한우 지짐
2024-04-19,1,4,Spring,0,0,0,담하,더덕 한우 지짐
2024-04-20,10,4,Spring,1,0,1,담하,더덕 한우 지짐
2024-04-21,0,4,Spring,1,0,1,담하,더덕 한우 지짐
2024-04-22,0,4,Spring,0,0,0,담하,더덕 한우 지짐
2024-04-23,0,4,Spring,0,0,0,담하,더덕 한우 지짐
2024-04-24,0,4,Spring,0,0,0,담하,더덕 한우 지짐
2024-04-25,1,4,Spring,0,0,0,담하,더덕 한우 지짐
2024-04-26,0,4,Spring,0,0,0,담하,더덕 한우 지짐
2024-04-27,2,4,Spring,1,0,1,담하,더덕 한우 지짐
2024-04-28,1,4,Spring,1,0,1,담하,더덕 한우 지짐
2024-04-29,1,4,Spring,0,0,0,담하,더덕 한우 지짐
2024-04-30,2,4,Spring,0,0,0,담하,더덕 한우 지짐
2024-05-01,0,5,Spring,0,0,0,담하,더덕 한우 지짐
2024-05-02,3,5,Spring,0,0,0,담하,더덕 한우 지짐
2024-05-03,2,5,Spring,0,0,0,담하,더덕 한우 지짐
2024-05-04,0,5,Spring,1,0,1,담하,더덕 한우 지짐
2024-05-05,2,5,Spring,1,1,1,담하,더덕 한우 지짐
2024-05-06,1,5,Spring,0,1,1,담하,더덕 한우 지짐
2024-05-07,0,5,Spring,0,0,0,담하,더덕 한우 지짐
2024-05-08,1,5,Spring,0,0,0,담하,더덕 한우 지짐
2024-05-09,0,5,Spring,0,0,0,담하,더덕 한우 지짐
2024-05-10,0,5,Spring,0,0,0,담하,더덕 한우 지짐
2024-05-11,0,5,Spring,1,0,1,담하,더덕 한우 지짐
2024-05-12,1,5,Spring,1,0,1,담하,더덕 한우 지짐
2024-05-13,0,5,Spring,0,0,0,담하,더덕 한우 지짐
2024-05-14,1,5,Spring,0,0,0,담하,더덕 한우 지짐
2024-05-15,1,5,Spring,0,1,1,담하,더덕 한우 지짐
2024-05-16,0,5,Spring,0,0,0,담하,더덕 한우 지짐
2024-05-17,0,5,Spring,0,0,0,담하,더덕 한우 지짐
2024-05-18,1,5,Spring,1,0,1,담하,더덕 한우 지짐
2024-05-19,3,5,Spring,1,0,1,담하,더덕 한우 지짐
2024-05-20,2,5,Spring,0,0,0,담하,더덕 한우 지짐
2024-05-21,0,5,Spring,0,0,0,담하,더덕 한우 지짐
2024-05-22,0,5,Spring,0,0,0,담하,더덕 한우 지짐
2024-05-23,2,5,Spring,0,0,0,담하,더덕 한우 지짐
2024-05-24,0,5,Spring,0,0,0,담하,더덕 한우 지짐
2024-05-25,3,5,Spring,1,0,1,담하,더덕 한우 지짐
2024-05-26,0,5,Spring,1,0,1,담하,더덕 한우 지짐
2024-05-27,1,5,Spring,0,0,0,담하,더덕 한우 지짐
2024-05-28,2,5,Spring,0,0,0,담하,더덕 한우 지짐
2024-05-29,0,5,Spring,0,0,0,담하,더덕 한우 지짐
2024-05-30,4,5,Spring,0,0,0,담하,더덕 한우 지짐
2024-05-31,0,5,Spring,0,0,0,담하,더덕 한우 지짐
2024-06-01,2,6,Summer,1,0,1,담하,더덕 한우 지짐
2024-06-02,1,6,Summer,1,0,1,담하,더덕 한우 지짐
2024-06-03,1,6,Summer,0,0,0,담하,더덕 한우 지짐
2024-06-04,1,6,Summer,0,0,0,담하,더덕 한우 지짐
2024-06-05,3,6,Summer,0,0,0,담하,더덕 한우 지짐
2024-06-06,1,6,Summer,0,1,1,담하,더덕 한우 지짐
2024-06-07,2,6,Summer,0,0,0,담하,더덕 한우 지짐
2024-06-08,4,6,Summer,1,0,1,담하,더덕 한우 지짐
2024-06-09,0,6,Summer,1,0,1,담하,더덕 한우 지짐
2024-06-10,1,6,Summer,0,0,0,담하,더덕 한우 지짐
2024-06-11,1,6,Summer,0,0,0,담하,더덕 한우 지짐
2024-06-12,2,6,Summer,0,0,0,담하,더덕 한우 지짐
2024-06-13,1,6,Summer,0,0,0,담하,더덕 한우 지짐
2024-06-14,2,6,Summer,0,0,0,담하,더덕 한우 지짐
2024-06-15,1,6,Summer,1,0,1,담하,더덕 한우 지짐
2023-01-01,7,1,Winter,1,1,1,담하,들깨 양지탕
2023-01-02,6,1,Winter,0,0,0,담하,들깨 양지탕
2023-01-03,6,1,Winter,0,0,0,담하,들깨 양지탕
2023-01-04,5,1,Winter,0,0,0,담하,들깨 양지탕
2023-01-05,8,1,Winter,0,0,0,담하,들깨 양지탕
2023-01-06,3,1,Winter,0,0,0,담하,들깨 양지탕
2023-01-07,5,1,Winter,1,0,1,담하,들깨 양지탕
2023-01-08,6,1,Winter,1,0,1,담하,들깨 양지탕
2023-01-09,7,1,Winter,0,0,0,담하,들깨 양지탕
2023-01-10,10,1,Winter,0,0,0,담하,들깨 양지탕
2023-01-11,16,1,Winter,0,0,0,담하,들깨 양지탕
2023-01-12,2,1,Winter,0,0,0,담하,들깨 양지탕
2023-01-13,5,1,Winter,0,0,0,담하,들깨 양지탕
2023-01-14,9,1,Winter,1,0,1,담하,들깨 양지탕
2023-01-15,4,1,Winter,1,0,1,담하,들깨 양지탕
2023-01-16,8,1,Winter,0,0,0,담하,들깨 양지탕
2023-01-17,10,1,Winter,0,0,0,담하,들깨 양지탕
2023-01-18,9,1,Winter,0,0,0,담하,들깨 양지탕
2023-01-19,7,1,Winter,0,0,0,담하,들깨 양지탕
2023-01-20,8,1,Winter,0,0,0,담하,들깨 양지탕
2023-01-21,20,1,Winter,1,1,1,담하,들깨 양지탕
2023-01-22,13,1,Winter,1,1,1,담하,들깨 양지탕
2023-01-23,12,1,Winter,0,1,1,담하,들깨 양지탕
2023-01-24,7,1,Winter,0,1,1,담하,들깨 양지탕
2023-01-25,8,1,Winter,0,0,0,담하,들깨 양지탕
2023-01-26,8,1,Winter,0,0,0,담하,들깨 양지탕
2023-01-27,4,1,Winter,0,0,0,담하,들깨 양지탕
2023-01-28,10,1,Winter,1,0,1,담하,들깨 양지탕
2023-01-29,7,1,Winter,1,0,1,담하,들깨 양지탕
2023-01-30,2,1,Winter,0,0,0,담하,들깨 양지탕
2023-01-31,3,1,Winter,0,0,0,담하,들깨 양지탕
2023-02-01,5,2,Winter,0,0,0,담하,들깨 양지탕
2023-02-02,6,2,Winter,0,0,0,담하,들깨 양지탕
2023-02-03,9,2,Winter,0,0,0,담하,들깨 양지탕
2023-02-04,9,2,Winter,1,0,1,담하,들깨 양지탕
2023-02-05,6,2,Winter,1,0,1,담하,들깨 양지탕
2023-02-06,4,2,Winter,0,0,0,담하,들깨 양지탕
2023-02-07,5,2,Winter,0,0,0,담하,들깨 양지탕
2023-02-08,5,2,Winter,0,0,0,담하,들깨 양지탕
2023-02-09,3,2,Winter,0,0,0,담하,들깨 양지탕
2023-02-10,9,2,Winter,0,0,0,담하,들깨 양지탕
2023-02-11,13,2,Winter,1,0,1,담하,들깨 양지탕
2023-02-12,5,2,Winter,1,0,1,담하,들깨 양지탕
2023-02-13,6,2,Winter,0,0,0,담하,들깨 양지탕
2023-02-14,12,2,Winter,0,0,0,담하,들깨 양지탕
2023-02-15,2,2,Winter,0,0,0,담하,들깨 양지탕
2023-02-16,5,2,Winter,0,0,0,담하,들깨 양지탕
2023-02-17,4,2,Winter,0,0,0,담하,들깨 양지탕
2023-02-18,9,2,Winter,1,0,1,담하,들깨 양지탕
2023-02-19,8,2,Winter,1,0,1,담하,들깨 양지탕
2023-02-20,4,2,Winter,0,0,0,담하,들깨 양지탕
2023-02-21,3,2,Winter,0,0,0,담하,들깨 양지탕
2023-02-22,3,2,Winter,0,0,0,담하,들깨 양지탕
2023-02-23,6,2,Winter,0,0,0,담하,들깨 양지탕
2023-02-24,5,2,Winter,0,0,0,담하,들깨 양지탕
2023-02-25,10,2,Winter,1,0,1,담하,들깨 양지탕
2023-02-26,5,2,Winter,1,0,1,담하,들깨 양지탕
2023-02-27,4,2,Winter,0,0,0,담하,들깨 양지탕
2023-02-28,11,2,Winter,0,0,0,담하,들깨 양지탕
2023-03-01,0,3,Spring,0,1,1,담하,들깨 양지탕
2023-03-02,0,3,Spring,0,0,0,담하,들깨 양지탕
2023-03-03,0,3,Spring,0,0,0,담하,들깨 양지탕
2023-03-04,0,3,Spring,1,0,1,담하,들깨 양지탕
2023-03-05,0,3,Spring,1,0,1,담하,들깨 양지탕
2023-03-06,0,3,Spring,0,0,0,담하,들깨 양지탕
2023-03-07,0,3,Spring,0,0,0,담하,들깨 양지탕
2023-03-08,0,3,Spring,0,0,0,담하,들깨 양지탕
2023-03-09,0,3,Spring,0,0,0,담하,들깨 양지탕
2023-03-10,3,3,Spring,0,0,0,담하,들깨 양지탕
2023-03-11,3,3,Spring,1,0,1,담하,들깨 양지탕
2023-03-12,4,3,Spring,1,0,1,담하,들깨 양지탕
2023-03-13,1,3,Spring,0,0,0,담하,들깨 양지탕
2023-03-14,0,3,Spring,0,0,0,담하,들깨 양지탕
2023-03-15,2,3,Spring,0,0,0,담하,들깨 양지탕
2023-03-16,2,3,Spring,0,0,0,담하,들깨 양지탕
2023-03-17,5,3,Spring,0,0,0,담하,들깨 양지탕
2023-03-18,8,3,Spring,1,0,1,담하,들깨 양지탕
2023-03-19,3,3,Spring,1,0,1,담하,들깨 양지탕
2023-03-20,4,3,Spring,0,0,0,담하,들깨 양지탕
2023-03-21,0,3,Spring,0,0,0,담하,들깨 양지탕
2023-03-22,0,3,Spring,0,0,0,담하,들깨 양지탕
2023-03-23,3,3,Spring,0,0,0,담하,들깨 양지탕
2023-03-24,5,3,Spring,0,0,0,담하,들깨 양지탕
2023-03-25,7,3,Spring,1,0,1,담하,들깨 양지탕
2023-03-26,0,3,Spring,1,0,1,담하,들깨 양지탕
2023-03-27,3,3,Spring,0,0,0,담하,들깨 양지탕
2023-03-28,7,3,Spring,0,0,0,담하,들깨 양지탕
2023-03-29,1,3,Spring,0,0,0,담하,들깨 양지탕
2023-03-30,2,3,Spring,0,0,0,담하,들깨 양지탕
2023-03-31,3,3,Spring,0,0,0,담하,들깨 양지탕
2023-04-01,3,4,Spring,1,0,1,담하,들깨 양지탕
2023-04-02,5,4,Spring,1,0,1,담하,들깨 양지탕
2023-04-03,3,4,Spring,0,0,0,담하,들깨 양지탕
2023-04-04,10,4,Spring,0,0,0,담하,들깨 양지탕
2023-04-05,3,4,Spring,0,0,0,담하,들깨 양지탕
2023-04-06,8,4,Spring,0,0,0,담하,들깨 양지탕
2023-04-07,5,4,Spring,0,0,0,담하,들깨 양지탕
2023-04-08,14,4,Spring,1,0,1,담하,들깨 양지탕
2023-04-09,0,4,Spring,1,0,1,담하,들깨 양지탕
2023-04-10,1,4,Spring,0,0,0,담하,들깨 양지탕
2023-04-11,6,4,Spring,0,0,0,담하,들깨 양지탕
2023-04-12,12,4,Spring,0,0,0,담하,들깨 양지탕
2023-04-13,11,4,Spring,0,0,0,담하,들깨 양지탕
2023-04-14,9,4,Spring,0,0,0,담하,들깨 양지탕
2023-04-15,8,4,Spring,1,0,1,담하,들깨 양지탕
2023-04-16,10,4,Spring,1,0,1,담하,들깨 양지탕
2023-04-17,0,4,Spring,0,0,0,담하,들깨 양지탕
2023-04-18,10,4,Spring,0,0,0,담하,들깨 양지탕
2023-04-19,2,4,Spring,0,0,0,담하,들깨 양지탕
2023-04-20,5,4,Spring,0,0,0,담하,들깨 양지탕
2023-04-21,2,4,Spring,0,0,0,담하,들깨 양지탕
2023-04-22,11,4,Spring,1,0,1,담하,들깨 양지탕
2023-04-23,8,4,Spring,1,0,1,담하,들깨 양지탕
2023-04-24,4,4,Spring,0,0,0,담하,들깨 양지탕
2023-04-25,5,4,Spring,0,0,0,담하,들깨 양지탕
2023-04-26,7,4,Spring,0,0,0,담하,들깨 양지탕
2023-04-27,8,4,Spring,0,0,0,담하,들깨 양지탕
2023-04-28,8,4,Spring,0,0,0,담하,들깨 양지탕
2023-04-29,12,4,Spring,1,0,1,담하,들깨 양지탕
2023-04-30,11,4,Spring,1,0,1,담하,들깨 양지탕
2023-05-01,5,5,Spring,0,0,0,담하,들깨 양지탕
2023-05-02,10,5,Spring,0,0,0,담하,들깨 양지탕
2023-05-03,8,5,Spring,0,0,0,담하,들깨 양지탕
2023-05-04,9,5,Spring,0,0,0,담하,들깨 양지탕
2023-05-05,5,5,Spring,0,1,1,담하,들깨 양지탕
2023-05-06,18,5,Spring,1,0,1,담하,들깨 양지탕
2023-05-07,2,5,Spring,1,0,1,담하,들깨 양지탕
2023-05-08,8,5,Spring,0,0,0,담하,들깨 양지탕
2023-05-09,3,5,Spring,0,0,0,담하,들깨 양지탕
2023-05-10,3,5,Spring,0,0,0,담하,들깨 양지탕
2023-05-11,14,5,Spring,0,0,0,담하,들깨 양지탕
2023-05-12,7,5,Spring,0,0,0,담하,들깨 양지탕
2023-05-13,16,5,Spring,1,0,1,담하,들깨 양지탕
2023-05-14,5,5,Spring,1,0,1,담하,들깨 양지탕
2023-05-15,8,5,Spring,0,0,0,담하,들깨 양지탕
2023-05-16,5,5,Spring,0,0,0,담하,들깨 양지탕
2023-05-17,14,5,Spring,0,0,0,담하,들깨 양지탕
2023-05-18,21,5,Spring,0,0,0,담하,들깨 양지탕
2023-05-19,9,5,Spring,0,0,0,담하,들깨 양지탕
2023-05-20,3,5,Spring,1,0,1,담하,들깨 양지탕
2023-05-21,5,5,Spring,1,0,1,담하,들깨 양지탕
2023-05-22,4,5,Spring,0,0,0,담하,들깨 양지탕
2023-05-23,1,5,Spring,0,0,0,담하,들깨 양지탕
2023-05-24,0,5,Spring,0,0,0,담하,들깨 양지탕
2023-05-25,5,5,Spring,0,0,0,담하,들깨 양지탕
2023-05-26,6,5,Spring,0,0,0,담하,들깨 양지탕
2023-05-27,5,5,Spring,1,1,1,담하,들깨 양지탕
2023-05-28,10,5,Spring,1,0,1,담하,들깨 양지탕
2023-05-29,7,5,Spring,0,1,1,담하,들깨 양지탕
2023-05-30,6,5,Spring,0,0,0,담하,들깨 양지탕
2023-05-31,11,5,Spring,0,0,0,담하,들깨 양지탕
2023-06-01,5,6,Summer,0,0,0,담하,들깨 양지탕
2023-06-02,3,6,Summer,0,0,0,담하,들깨 양지탕
2023-06-03,2,6,Summer,1,0,1,담하,들깨 양지탕
2023-06-04,5,6,Summer,1,0,1,담하,들깨 양지탕
2023-06-05,5,6,Summer,0,0,0,담하,들깨 양지탕
2023-06-06,6,6,Summer,0,1,1,담하,들깨 양지탕
2023-06-07,11,6,Summer,0,0,0,담하,들깨 양지탕
2023-06-08,6,6,Summer,0,0,0,담하,들깨 양지탕
2023-06-09,2,6,Summer,0,0,0,담하,들깨 양지탕
2023-06-10,10,6,Summer,1,0,1,담하,들깨 양지탕
2023-06-11,7,6,Summer,1,0,1,담하,들깨 양지탕
2023-06-12,4,6,Summer,0,0,0,담하,들깨 양지탕
2023-06-13,5,6,Summer,0,0,0,담하,들깨 양지탕
2023-06-14,8,6,Summer,0,0,0,담하,들깨 양지탕
2023-06-15,14,6,Summer,0,0,0,담하,들깨 양지탕
2023-06-16,9,6,Summer,0,0,0,담하,들깨 양지탕
2023-06-17,6,6,Summer,1,0,1,담하,들깨 양지탕
2023-06-18,9,6,Summer,1,0,1,담하,들깨 양지탕
2023-06-19,0,6,Summer,0,0,0,담하,들깨 양지탕
2023-06-20,1,6,Summer,0,0,0,담하,들깨 양지탕
2023-06-21,0,6,Summer,0,0,0,담하,들깨 양지탕
2023-06-22,0,6,Summer,0,0,0,담하,들깨 양지탕
2023-06-23,6,6,Summer,0,0,0,담하,들깨 양지탕
2023-06-24,4,6,Summer,1,0,1,담하,들깨 양지탕
2023-06-25,1,6,Summer,1,0,1,담하,들깨 양지탕
2023-06-26,10,6,Summer,0,0,0,담하,들깨 양지탕
2023-06-27,6,6,Summer,0,0,0,담하,들깨 양지탕
2023-06-28,3,6,Summer,0,0,0,담하,들깨 양지탕
2023-06-29,4,6,Summer,0,0,0,담하,들깨 양지탕
2023-06-30,4,6,Summer,0,0,0,담하,들깨 양지탕
2023-07-01,9,7,Summer,1,0,1,담하,들깨 양지탕
2023-07-02,0,7,Summer,1,0,1,담하,들깨 양지탕
2023-07-03,4,7,Summer,0,0,0,담하,들깨 양지탕
2023-07-04,1,7,Summer,0,0,0,담하,들깨 양지탕
2023-07-05,1,7,Summer,0,0,0,담하,들깨 양지탕
2023-07-06,8,7,Summer,0,0,0,담하,들깨 양지탕
2023-07-07,7,7,Summer,0,0,0,담하,들깨 양지탕
2023-07-08,8,7,Summer,1,0,1,담하,들깨 양지탕
2023-07-09,3,7,Summer,1,0,1,담하,들깨 양지탕
2023-07-10,3,7,Summer,0,0,0,담하,들깨 양지탕
2023-07-11,1,7,Summer,0,0,0,담하,들깨 양지탕
2023-07-12,8,7,Summer,0,0,0,담하,들깨 양지탕
2023-07-13,1,7,Summer,0,0,0,담하,들깨 양지탕
2023-07-14,6,7,Summer,0,0,0,담하,들깨 양지탕
2023-07-15,5,7,Summer,1,0,1,담하,들깨 양지탕
2023-07-16,6,7,Summer,1,0,1,담하,들깨 양지탕
2023-07-17,3,7,Summer,0,0,0,담하,들깨 양지탕
2023-07-18,3,7,Summer,0,0,0,담하,들깨 양지탕
2023-07-19,2,7,Summer,0,0,0,담하,들깨 양지탕
2023-07-20,4,7,Summer,0,0,0,담하,들깨 양지탕
2023-07-21,4,7,Summer,0,0,0,담하,들깨 양지탕
2023-07-22,4,7,Summer,1,0,1,담하,들깨 양지탕
2023-07-23,6,7,Summer,1,0,1,담하,들깨 양지탕
2023-07-24,12,7,Summer,0,0,0,담하,들깨 양지탕
2023-07-25,2,7,Summer,0,0,0,담하,들깨 양지탕
2023-07-26,3,7,Summer,0,0,0,담하,들깨 양지탕
2023-07-27,4,7,Summer,0,0,0,담하,들깨 양지탕
2023-07-28,6,7,Summer,0,0,0,담하,들깨 양지탕
2023-07-29,7,7,Summer,1,0,1,담하,들깨 양지탕
2023-07-30,2,7,Summer,1,0,1,담하,들깨 양지탕
2023-07-31,4,7,Summer,0,0,0,담하,들깨 양지탕
2023-08-01,4,8,Summer,0,0,0,담하,들깨 양지탕
2023-08-02,7,8,Summer,0,0,0,담하,들깨 양지탕
2023-08-03,2,8,Summer,0,0,0,담하,들깨 양지탕
2023-08-04,0,8,Summer,0,0,0,담하,들깨 양지탕
2023-08-05,8,8,Summer,1,0,1,담하,들깨 양지탕
2023-08-06,4,8,Summer,1,0,1,담하,들깨 양지탕
2023-08-07,4,8,Summer,0,0,0,담하,들깨 양지탕
2023-08-08,5,8,Summer,0,0,0,담하,들깨 양지탕
2023-08-09,4,8,Summer,0,0,0,담하,들깨 양지탕
2023-08-10,5,8,Summer,0,0,0,담하,들깨 양지탕
2023-08-11,2,8,Summer,0,0,0,담하,들깨 양지탕
2023-08-12,8,8,Summer,1,0,1,담하,들깨 양지탕
2023-08-13,8,8,Summer,1,0,1,담하,들깨 양지탕
2023-08-14,5,8,Summer,0,0,0,담하,들깨 양지탕
2023-08-15,2,8,Summer,0,1,1,담하,들깨 양지탕
2023-08-16,3,8,Summer,0,0,0,담하,들깨 양지탕
2023-08-17,2,8,Summer,0,0,0,담하,들깨 양지탕
2023-08-18,2,8,Summer,0,0,0,담하,들깨 양지탕
2023-08-19,5,8,Summer,1,0,1,담하,들깨 양지탕
2023-08-20,1,8,Summer,1,0,1,담하,들깨 양지탕
2023-08-21,2,8,Summer,0,0,0,담하,들깨 양지탕
2023-08-22,0,8,Summer,0,0,0,담하,들깨 양지탕
2023-08-23,1,8,Summer,0,0,0,담하,들깨 양지탕
2023-08-24,1,8,Summer,0,0,0,담하,들깨 양지탕
2023-08-25,3,8,Summer,0,0,0,담하,들깨 양지탕
2023-08-26,2,8,Summer,1,0,1,담하,들깨 양지탕
2023-08-27,7,8,Summer,1,0,1,담하,들깨 양지탕
2023-08-28,1,8,Summer,0,0,0,담하,들깨 양지탕
2023-08-29,6,8,Summer,0,0,0,담하,들깨 양지탕
2023-08-30,2,8,Summer,0,0,0,담하,들깨 양지탕
2023-08-31,3,8,Summer,0,0,0,담하,들깨 양지탕
2023-09-01,10,9,Autumn,0,0,0,담하,들깨 양지탕
2023-09-02,4,9,Autumn,1,0,1,담하,들깨 양지탕
2023-09-03,1,9,Autumn,1,0,1,담하,들깨 양지탕
2023-09-04,3,9,Autumn,0,0,0,담하,들깨 양지탕
2023-09-05,0,9,Autumn,0,0,0,담하,들깨 양지탕
2023-09-06,0,9,Autumn,0,0,0,담하,들깨 양지탕
2023-09-07,2,9,Autumn,0,0,0,담하,들깨 양지탕
2023-09-08,7,9,Autumn,0,0,0,담하,들깨 양지탕
2023-09-09,3,9,Autumn,1,0,1,담하,들깨 양지탕
2023-09-10,6,9,Autumn,1,0,1,담하,들깨 양지탕
2023-09-11,0,9,Autumn,0,0,0,담하,들깨 양지탕
2023-09-12,0,9,Autumn,0,0,0,담하,들깨 양지탕
2023-09-13,3,9,Autumn,0,0,0,담하,들깨 양지탕
2023-09-14,6,9,Autumn,0,0,0,담하,들깨 양지탕
2023-09-15,5,9,Autumn,0,0,0,담하,들깨 양지탕
2023-09-16,5,9,Autumn,1,0,1,담하,들깨 양지탕
2023-09-17,5,9,Autumn,1,0,1,담하,들깨 양지탕
2023-09-18,1,9,Autumn,0,0,0,담하,들깨 양지탕
2023-09-19,2,9,Autumn,0,0,0,담하,들깨 양지탕
2023-09-20,0,9,Autumn,0,0,0,담하,들깨 양지탕
2023-09-21,3,9,Autumn,0,0,0,담하,들깨 양지탕
2023-09-22,2,9,Autumn,0,0,0,담하,들깨 양지탕
2023-09-23,2,9,Autumn,1,0,1,담하,들깨 양지탕
2023-09-24,0,9,Autumn,1,0,1,담하,들깨 양지탕
2023-09-25,2,9,Autumn,0,0,0,담하,들깨 양지탕
2023-09-26,0,9,Autumn,0,0,0,담하,들깨 양지탕
2023-09-27,3,9,Autumn,0,0,0,담하,들깨 양지탕
2023-09-28,11,9,Autumn,0,1,1,담하,들깨 양지탕
2023-09-29,20,9,Autumn,0,1,1,담하,들깨 양지탕
2023-09-30,7,9,Autumn,1,1,1,담하,들깨 양지탕
2023-10-01,7,10,Autumn,1,0,1,담하,들깨 양지탕
2023-10-02,5,10,Autumn,0,1,1,담하,들깨 양지탕
2023-10-03,35,10,Autumn,0,1,1,담하,들깨 양지탕
2023-10-04,2,10,Autumn,0,0,0,담하,들깨 양지탕
2023-10-05,6,10,Autumn,0,0,0,담하,들깨 양지탕
2023-10-06,3,10,Autumn,0,0,0,담하,들깨 양지탕
2023-10-07,12,10,Autumn,1,0,1,담하,들깨 양지탕
2023-10-08,4,10,Autumn,1,0,1,담하,들깨 양지탕
2023-10-09,9,10,Autumn,0,1,1,담하,들깨 양지탕
2023-10-10,12,10,Autumn,0,0,0,담하,들깨 양지탕
2023-10-11,3,10,Autumn,0,0,0,담하,들깨 양지탕
2023-10-12,12,10,Autumn,0,0,0,담하,들깨 양지탕
2023-10-13,9,10,Autumn,0,0,0,담하,들깨 양지탕
2023-10-14,7,10,Autumn,1,0,1,담하,들깨 양지탕
2023-10-15,3,10,Autumn,1,0,1,담하,들깨 양지탕
2023-10-16,7,10,Autumn,0,0,0,담하,들깨 양지탕
2023-10-17,12,10,Autumn,0,0,0,담하,들깨 양지탕
2023-10-18,8,10,Autumn,0,0,0,담하,들깨 양지탕
2023-10-19,22,10,Autumn,0,0,0,담하,들깨 양지탕
2023-10-20,8,10,Autumn,0,0,0,담하,들깨 양지탕
2023-10-21,6,10,Autumn,1,0,1,담하,들깨 양지탕
2023-10-22,13,10,Autumn,1,0,1,담하,들깨 양지탕
2023-10-23,7,10,Autumn,0,0,0,담하,들깨 양지탕
2023-10-24,13,10,Autumn,0,0,0,담하,들깨 양지탕
2023-10-25,14,10,Autumn,0,0,0,담하,들깨 양지탕
2023-10-26,7,10,Autumn,0,0,0,담하,들깨 양지탕
2023-10-27,13,10,Autumn,0,0,0,담하,들깨 양지탕
2023-10-28,9,10,Autumn,1,0,1,담하,들깨 양지탕
2023-10-29,6,10,Autumn,1,0,1,담하,들깨 양지탕
2023-10-30,24,10,Autumn,0,0,0,담하,들깨 양지탕
2023-10-31,14,10,Autumn,0,0,0,담하,들깨 양지탕
2023-11-01,5,11,Autumn,0,0,0,담하,들깨 양지탕
2023-11-02,3,11,Autumn,0,0,0,담하,들깨 양지탕
2023-11-03,8,11,Autumn,0,0,0,담하,들깨 양지탕
2023-11-04,8,11,Autumn,1,0,1,담하,들깨 양지탕
2023-11-05,6,11,Autumn,1,0,1,담하,들깨 양지탕
2023-11-06,8,11,Autumn,0,0,0,담하,들깨 양지탕
2023-11-07,5,11,Autumn,0,0,0,담하,들깨 양지탕
2023-11-08,12,11,Autumn,0,0,0,담하,들깨 양지탕
2023-11-09,5,11,Autumn,0,0,0,담하,들깨 양지탕
2023-11-10,3,11,Autumn,0,0,0,담하,들깨 양지탕
2023-11-11,19,11,Autumn,1,0,1,담하,들깨 양지탕
2023-11-12,14,11,Autumn,1,0,1,담하,들깨 양지탕
2023-11-13,12,11,Autumn,0,0,0,담하,들깨 양지탕
2023-11-14,2,11,Autumn,0,0,0,담하,들깨 양지탕
2023-11-15,1,11,Autumn,0,0,0,담하,들깨 양지탕
2023-11-16,1,11,Autumn,0,0,0,담하,들깨 양지탕
2023-11-17,7,11,Autumn,0,0,0,담하,들깨 양지탕
2023-11-18,7,11,Autumn,1,0,1,담하,들깨 양지탕
2023-11-19,6,11,Autumn,1,0,1,담하,들깨 양지탕
2023-11-20,1,11,Autumn,0,0,0,담하,들깨 양지탕
2023-11-21,6,11,Autumn,0,0,0,담하,들깨 양지탕
2023-11-22,1,11,Autumn,0,0,0,담하,들깨 양지탕
2023-11-23,2,11,Autumn,0,0,0,담하,들깨 양지탕
2023-11-24,13,11,Autumn,0,0,0,담하,들깨 양지탕
2023-11-25,6,11,Autumn,1,0,1,담하,들깨 양지탕
2023-11-26,7,11,Autumn,1,0,1,담하,들깨 양지탕
2023-11-27,0,11,Autumn,0,0,0,담하,들깨 양지탕
2023-11-28,1,11,Autumn,0,0,0,담하,들깨 양지탕
2023-11-29,1,11,Autumn,0,0,0,담하,들깨 양지탕
2023-11-30,5,11,Autumn,0,0,0,담하,들깨 양지탕
2023-12-01,7,12,Winter,0,0,0,담하,들깨 양지탕
2023-12-02,15,12,Winter,1,0,1,담하,들깨 양지탕
2023-12-03,1,12,Winter,1,0,1,담하,들깨 양지탕
2023-12-04,2,12,Winter,0,0,0,담하,들깨 양지탕
2023-12-05,9,12,Winter,0,0,0,담하,들깨 양지탕
2023-12-06,2,12,Winter,0,0,0,담하,들깨 양지탕
2023-12-07,1,12,Winter,0,0,0,담하,들깨 양지탕
2023-12-08,1,12,Winter,0,0,0,담하,들깨 양지탕
2023-12-09,4,12,Winter,1,0,1,담하,들깨 양지탕
2023-12-10,0,12,Winter,1,0,1,담하,들깨 양지탕
2023-12-11,0,12,Winter,0,0,0,담하,들깨 양지탕
2023-12-12,2,12,Winter,0,0,0,담하,들깨 양지탕
2023-12-13,4,12,Winter,0,0,0,담하,들깨 양지탕
2023-12-14,2,12,Winter,0,0,0,담하,들깨 양지탕
2023-12-15,4,12,Winter,0,0,0,담하,들깨 양지탕
2023-12-16,2,12,Winter,1,0,1,담하,들깨 양지탕
2023-12-17,2,12,Winter,1,0,1,담하,들깨 양지탕
2023-12-18,4,12,Winter,0,0,0,담하,들깨 양지탕
2023-12-19,8,12,Winter,0,0,0,담하,들깨 양지탕
2023-12-20,3,12,Winter,0,0,0,담하,들깨 양지탕
2023-12-21,11,12,Winter,0,0,0,담하,들깨 양지탕
2023-12-22,4,12,Winter,0,0,0,담하,들깨 양지탕
2023-12-23,15,12,Winter,1,0,1,담하,들깨 양지탕
2023-12-24,6,12,Winter,1,0,1,담하,들깨 양지탕
2023-12-25,9,12,Winter,0,1,1,담하,들깨 양지탕
2023-12-26,3,12,Winter,0,0,0,담하,들깨 양지탕
2023-12-27,4,12,Winter,0,0,0,담하,들깨 양지탕
2023-12-28,10,12,Winter,0,0,0,담하,들깨 양지탕
2023-12-29,4,12,Winter,0,0,0,담하,들깨 양지탕
2023-12-30,7,12,Winter,1,0,1,담하,들깨 양지탕
2023-12-31,4,12,Winter,1,0,1,담하,들깨 양지탕
2024-01-01,12,1,Winter,0,1,1,담하,들깨 양지탕
2024-01-02,2,1,Winter,0,0,0,담하,들깨 양지탕
2024-01-03,2,1,Winter,0,0,0,담하,들깨 양지탕
2024-01-04,0,1,Winter,0,0,0,담하,들깨 양지탕
2024-01-05,0,1,Winter,0,0,0,담하,들깨 양지탕
2024-01-06,2,1,Winter,1,0,1,담하,들깨 양지탕
2024-01-07,7,1,Winter,1,0,1,담하,들깨 양지탕
2024-01-08,6,1,Winter,0,0,0,담하,들깨 양지탕
2024-01-09,2,1,Winter,0,0,0,담하,들깨 양지탕
2024-01-10,1,1,Winter,0,0,0,담하,들깨 양지탕
2024-01-11,4,1,Winter,0,0,0,담하,들깨 양지탕
2024-01-12,1,1,Winter,0,0,0,담하,들깨 양지탕
2024-01-13,8,1,Winter,1,0,1,담하,들깨 양지탕
2024-01-14,6,1,Winter,1,0,1,담하,들깨 양지탕
2024-01-15,4,1,Winter,0,0,0,담하,들깨 양지탕
2024-01-16,1,1,Winter,0,0,0,담하,들깨 양지탕
2024-01-17,1,1,Winter,0,0,0,담하,들깨 양지탕
2024-01-18,0,1,Winter,0,0,0,담하,들깨 양지탕
2024-01-19,3,1,Winter,0,0,0,담하,들깨 양지탕
2024-01-20,2,1,Winter,1,0,1,담하,들깨 양지탕
2024-01-21,3,1,Winter,1,0,1,담하,들깨 양지탕
2024-01-22,6,1,Winter,0,0,0,담하,들깨 양지탕
2024-01-23,0,1,Winter,0,0,0,담하,들깨 양지탕
2024-01-24,5,1,Winter,0,0,0,담하,들깨 양지탕
2024-01-25,6,1,Winter,0,0,0,담하,들깨 양지탕
2024-01-26,1,1,Winter,0,0,0,담하,들깨 양지탕
2024-01-27,9,1,Winter,1,0,1,담하,들깨 양지탕
2024-01-28,8,1,Winter,1,0,1,담하,들깨 양지탕
2024-01-29,3,1,Winter,0,0,0,담하,들깨 양지탕
2024-01-30,14,1,Winter,0,0,0,담하,들깨 양지탕
2024-01-31,2,1,Winter,0,0,0,담하,들깨 양지탕
2024-02-01,4,2,Winter,0,0,0,담하,들깨 양지탕
2024-02-02,2,2,Winter,0,0,0,담하,들깨 양지탕
2024-02-03,1,2,Winter,1,0,1,담하,들깨 양지탕
2024-02-04,2,2,Winter,1,0,1,담하,들깨 양지탕
2024-02-05,2,2,Winter,0,0,0,담하,들깨 양지탕
2024-02-06,3,2,Winter,0,0,0,담하,들깨 양지탕
2024-02-07,3,2,Winter,0,0,0,담하,들깨 양지탕
2024-02-08,8,2,Winter,0,0,0,담하,들깨 양지탕
2024-02-09,8,2,Winter,0,1,1,담하,들깨 양지탕
2024-02-10,7,2,Winter,1,1,1,담하,들깨 양지탕
2024-02-11,10,2,Winter,1,1,1,담하,들깨 양지탕
2024-02-12,7,2,Winter,0,1,1,담하,들깨 양지탕
2024-02-13,20,2,Winter,0,0,0,담하,들깨 양지탕
2024-02-14,1,2,Winter,0,0,0,담하,들깨 양지탕
2024-02-15,4,2,Winter,0,0,0,담하,들깨 양지탕
2024-02-16,3,2,Winter,0,0,0,담하,들깨 양지탕
2024-02-17,3,2,Winter,1,0,1,담하,들깨 양지탕
2024-02-18,2,2,Winter,1,0,1,담하,들깨 양지탕
2024-02-19,3,2,Winter,0,0,0,담하,들깨 양지탕
2024-02-20,7,2,Winter,0,0,0,담하,들깨 양지탕
2024-02-21,2,2,Winter,0,0,0,담하,들깨 양지탕
2024-02-22,0,2,Winter,0,0,0,담하,들깨 양지탕
2024-02-23,11,2,Winter,0,0,0,담하,들깨 양지탕
2024-02-24,3,2,Winter,1,0,1,담하,들깨 양지탕
2024-02-25,6,2,Winter,1,0,1,담하,들깨 양지탕
2024-02-26,5,2,Winter,0,0,0,담하,들깨 양지탕
2024-02-27,5,2,Winter,0,0,0,담하,들깨 양지탕
2024-02-28,1,2,Winter,0,0,0,담하,들깨 양지탕
2024-02-29,3,2,Winter,0,0,0,담하,들깨 양지탕
2024-03-01,3,3,Spring,0,1,1,담하,들깨 양지탕
2024-03-02,4,3,Spring,1,0,1,담하,들깨 양지탕
2024-03-03,0,3,Spring,1,0,1,담하,들깨 양지탕
2024-03-04,0,3,Spring,0,0,0,담하,들깨 양지탕
2024-03-05,0,3,Spring,0,0,0,담하,들깨 양지탕
2024-03-06,0,3,Spring,0,0,0,담하,들깨 양지탕
2024-03-07,0,3,Spring,0,0,0,담하,들깨 양지탕
2024-03-08,0,3,Spring,0,0,0,담하,들깨 양지탕
2024-03-09,0,3,Spring,1,0,1,담하,들깨 양지탕
2024-03-10,0,3,Spring,1,0,1,담하,들깨 양지탕
2024-03-11,0,3,Spring,0,0,0,담하,들깨 양지탕
2024-03-12,0,3,Spring,0,0,0,담하,들깨 양지탕
2024-03-13,6,3,Spring,0,0,0,담하,들깨 양지탕
2024-03-14,1,3,Spring,0,0,0,담하,들깨 양지탕
2024-03-15,5,3,Spring,0,0,0,담하,들깨 양지탕
2024-03-16,3,3,Spring,1,0,1,담하,들깨 양지탕
2024-03-17,1,3,Spring,1,0,1,담하,들깨 양지탕
2024-03-18,0,3,Spring,0,0,0,담하,들깨 양지탕
2024-03-19,1,3,Spring,0,0,0,담하,들깨 양지탕
2024-03-20,2,3,Spring,0,0,0,담하,들깨 양지탕
2024-03-21,4,3,Spring,0,0,0,담하,들깨 양지탕
2024-03-22,12,3,Spring,0,0,0,담하,들깨 양지탕
2024-03-23,6,3,Spring,1,0,1,담하,들깨 양지탕
2024-03-24,3,3,Spring,1,0,1,담하,들깨 양지탕
2024-03-25,1,3,Spring,0,0,0,담하,들깨 양지탕
2024-03-26,5,3,Spring,0,0,0,담하,들깨 양지탕
2024-03-27,1,3,Spring,0,0,0,담하,들깨 양지탕
2024-03-28,3,3,Spring,0,0,0,담하,들깨 양지탕
2024-03-29,0,3,Spring,0,0,0,담하,들깨 양지탕
2024-03-30,0,3,Spring,1,0,1,담하,들깨 양지탕
2024-03-31,0,3,Spring,1,0,1,담하,들깨 양지탕
2024-04-01,0,4,Spring,0,0,0,담하,들깨 양지탕
2024-04-02,0,4,Spring,0,0,0,담하,들깨 양지탕
2024-04-03,0,4,Spring,0,0,0,담하,들깨 양지탕
2024-04-04,0,4,Spring,0,0,0,담하,들깨 양지탕
2024-04-05,0,4,Spring,0,0,0,담하,들깨 양지탕
2024-04-06,0,4,Spring,1,0,1,담하,들깨 양지탕
2024-04-07,0,4,Spring,1,0,1,담하,들깨 양지탕
2024-04-08,0,4,Spring,0,0,0,담하,들깨 양지탕
2024-04-09,0,4,Spring,0,0,0,담하,들깨 양지탕
2024-04-10,0,4,Spring,0,1,1,담하,들깨 양지탕
2024-04-11,0,4,Spring,0,0,0,담하,들깨 양지탕
2024-04-12,0,4,Spring,0,0,0,담하,들깨 양지탕
2024-04-13,0,4,Spring,1,0,1,담하,들깨 양지탕
2024-04-14,0,4,Spring,1,0,1,담하,들깨 양지탕
2024-04-15,0,4,Spring,0,0,0,담하,들깨 양지탕
2024-04-16,0,4,Spring,0,0,0,담하,들깨 양지탕
2024-04-17,0,4,Spring,0,0,0,담하,들깨 양지탕
2024-04-18,0,4,Spring,0,0,0,담하,들깨 양지탕
2024-04-19,0,4,Spring,0,0,0,담하,들깨 양지탕
2024-04-20,0,4,Spring,1,0,1,담하,들깨 양지탕
2024-04-21,0,4,Spring,1,0,1,담하,들깨 양지탕
2024-04-22,0,4,Spring,0,0,0,담하,들깨 양지탕
2024-04-23,0,4,Spring,0,0,0,담하,들깨 양지탕
2024-04-24,0,4,Spring,0,0,0,담하,들깨 양지탕
2024-04-25,0,4,Spring,0,0,0,담하,들깨 양지탕
2024-04-26,0,4,Spring,0,0,0,담하,들깨 양지탕
2024-04-27,0,4,Spring,1,0,1,담하,들깨 양지탕
2024-04-28,0,4,Spring,1,0,1,담하,들깨 양지탕
2024-04-29,0,4,Spring,0,0,0,담하,들깨 양지탕
2024-04-30,0,4,Spring,0,0,0,담하,들깨 양지탕
2024-05-01,0,5,Spring,0,0,0,담하,들깨 양지탕
2024-05-02,0,5,Spring,0,0,0,담하,들깨 양지탕
2024-05-03,0,5,Spring,0,0,0,담하,들깨 양지탕
2024-05-04,0,5,Spring,1,0,1,담하,들깨 양지탕
2024-05-05,0,5,Spring,1,1,1,담하,들깨 양지탕
2024-05-06,0,5,Spring,0,1,1,담하,들깨 양지탕
2024-05-07,0,5,Spring,0,0,0,담하,들깨 양지탕
2024-05-08,0,5,Spring,0,0,0,담하,들깨 양지탕
2024-05-09,0,5,Spring,0,0,0,담하,들깨 양지탕
2024-05-10,0,5,Spring,0,0,0,담하,들깨 양지탕
2024-05-11,0,5,Spring,1,0,1,담하,들깨 양지탕
2024-05-12,0,5,Spring,1,0,1,담하,들깨 양지탕
2024-05-13,0,5,Spring,0,0,0,담하,들깨 양지탕
2024-05-14,0,5,Spring,0,0,0,담하,들깨 양지탕
2024-05-15,0,5,Spring,0,1,1,담하,들깨 양지탕
2024-05-16,0,5,Spring,0,0,0,담하,들깨 양지탕
2024-05-17,0,5,Spring,0,0,0,담하,들깨 양지탕
2024-05-18,0,5,Spring,1,0,1,담하,들깨 양지탕
2024-05-19,0,5,Spring,1,0,1,담하,들깨 양지탕
2024-05-20,0,5,Spring,0,0,0,담하,들깨 양지탕
2024-05-21,0,5,Spring,0,0,0,담하,들깨 양지탕
2024-05-22,0,5,Spring,0,0,0,담하,들깨 양지탕
2024-05-23,0,5,Spring,0,0,0,담하,들깨 양지탕
2024-05-24,0,5,Spring,0,0,0,담하,들깨 양지탕
2024-05-25,0,5,Spring,1,0,1,담하,들깨 양지탕
2024-05-26,0,5,Spring,1,0,1,담하,들깨 양지탕
2024-05-27,0,5,Spring,0,0,0,담하,들깨 양지탕
2024-05-28,0,5,Spring,0,0,0,담하,들깨 양지탕
2024-05-29,0,5,Spring,0,0,0,담하,들깨 양지탕
2024-05-30,0,5,Spring,0,0,0,담하,들깨 양지탕
2024-05-31,0,5,Spring,0,0,0,담하,들깨 양지탕
2024-06-01,0,6,Summer,1,0,1,담하,들깨 양지탕
2024-06-02,0,6,Summer,1,0,1,담하,들깨 양지탕
2024-06-03,0,6,Summer,0,0,0,담하,들깨 양지탕
2024-06-04,0,6,Summer,0,0,0,담하,들깨 양지탕
2024-06-05,0,6,Summer,0,0,0,담하,들깨 양지탕
2024-06-06,0,6,Summer,0,1,1,담하,들깨 양지탕
2024-06-07,0,6,Summer,0,0,0,담하,들깨 양지탕
2024-06-08,0,6,Summer,1,0,1,담하,들깨 양지탕
2024-06-09,0,6,Summer,1,0,1,담하,들깨 양지탕
2024-06-10,0,6,Summer,0,0,0,담하,들깨 양지탕
2024-06-11,0,6,Summer,0,0,0,담하,들깨 양지탕
2024-06-12,0,6,Summer,0,0,0,담하,들깨 양지탕
2024-06-13,0,6,Summer,0,0,0,담하,들깨 양지탕
2024-06-14,0,6,Summer,0,0,0,담하,들깨 양지탕
2024-06-15,0,6,Summer,1,0,1,담하,들깨 양지탕
2023-01-01,0,1,Winter,1,1,1,담하,라면사리
2023-01-02,0,1,Winter,0,0,0,담하,라면사리
2023-01-03,0,1,Winter,0,0,0,담하,라면사리
2023-01-04,2,1,Winter,0,0,0,담하,라면사리
2023-01-05,1,1,Winter,0,0,0,담하,라면사리
2023-01-06,1,1,Winter,0,0,0,담하,라면사리
2023-01-07,0,1,Winter,1,0,1,담하,라면사리
2023-01-08,2,1,Winter,1,0,1,담하,라면사리
2023-01-09,2,1,Winter,0,0,0,담하,라면사리
2023-01-10,1,1,Winter,0,0,0,담하,라면사리
2023-01-11,3,1,Winter,0,0,0,담하,라면사리
2023-01-12,0,1,Winter,0,0,0,담하,라면사리
2023-01-13,0,1,Winter,0,0,0,담하,라면사리
2023-01-14,0,1,Winter,1,0,1,담하,라면사리
2023-01-15,1,1,Winter,1,0,1,담하,라면사리
2023-01-16,0,1,Winter,0,0,0,담하,라면사리
2023-01-17,2,1,Winter,0,0,0,담하,라면사리
2023-01-18,0,1,Winter,0,0,0,담하,라면사리
2023-01-19,0,1,Winter,0,0,0,담하,라면사리
2023-01-20,1,1,Winter,0,0,0,담하,라면사리
2023-01-21,0,1,Winter,1,1,1,담하,라면사리
2023-01-22,0,1,Winter,1,1,1,담하,라면사리
2023-01-23,2,1,Winter,0,1,1,담하,라면사리
2023-01-24,1,1,Winter,0,1,1,담하,라면사리
2023-01-25,4,1,Winter,0,0,0,담하,라면사리
2023-01-26,0,1,Winter,0,0,0,담하,라면사리
2023-01-27,0,1,Winter,0,0,0,담하,라면사리
2023-01-28,1,1,Winter,1,0,1,담하,라면사리
2023-01-29,5,1,Winter,1,0,1,담하,라면사리
2023-01-30,1,1,Winter,0,0,0,담하,라면사리
2023-01-31,0,1,Winter,0,0,0,담하,라면사리
2023-02-01,2,2,Winter,0,0,0,담하,라면사리
2023-02-02,0,2,Winter,0,0,0,담하,라면사리
2023-02-03,0,2,Winter,0,0,0,담하,라면사리
2023-02-04,0,2,Winter,1,0,1,담하,라면사리
2023-02-05,0,2,Winter,1,0,1,담하,라면사리
2023-02-06,1,2,Winter,0,0,0,담하,라면사리
2023-02-07,2,2,Winter,0,0,0,담하,라면사리
2023-02-08,0,2,Winter,0,0,0,담하,라면사리
2023-02-09,0,2,Winter,0,0,0,담하,라면사리
2023-02-10,0,2,Winter,0,0,0,담하,라면사리
2023-02-11,2,2,Winter,1,0,1,담하,라면사리
2023-02-12,1,2,Winter,1,0,1,담하,라면사리
2023-02-13,0,2,Winter,0,0,0,담하,라면사리
2023-02-14,1,2,Winter,0,0,0,담하,라면사리
2023-02-15,4,2,Winter,0,0,0,담하,라면사리
2023-02-16,6,2,Winter,0,0,0,담하,라면사리
2023-02-17,0,2,Winter,0,0,0,담하,라면사리
2023-02-18,0,2,Winter,1,0,1,담하,라면사리
2023-02-19,0,2,Winter,1,0,1,담하,라면사리
2023-02-20,0,2,Winter,0,0,0,담하,라면사리
2023-02-21,1,2,Winter,0,0,0,담하,라면사리
2023-02-22,3,2,Winter,0,0,0,담하,라면사리
2023-02-23,0,2,Winter,0,0,0,담하,라면사리
2023-02-24,0,2,Winter,0,0,0,담하,라면사리
2023-02-25,0,2,Winter,1,0,1,담하,라면사리
2023-02-26,1,2,Winter,1,0,1,담하,라면사리
2023-02-27,0,2,Winter,0,0,0,담하,라면사리
2023-02-28,0,2,Winter,0,0,0,담하,라면사리
2023-03-01,0,3,Spring,0,1,1,담하,라면사리
2023-03-02,0,3,Spring,0,0,0,담하,라면사리
2023-03-03,0,3,Spring,0,0,0,담하,라면사리
2023-03-04,0,3,Spring,1,0,1,담하,라면사리
2023-03-05,0,3,Spring,1,0,1,담하,라면사리
2023-03-06,0,3,Spring,0,0,0,담하,라면사리
2023-03-07,0,3,Spring,0,0,0,담하,라면사리
2023-03-08,0,3,Spring,0,0,0,담하,라면사리
2023-03-09,0,3,Spring,0,0,0,담하,라면사리
2023-03-10,0,3,Spring,0,0,0,담하,라면사리
2023-03-11,0,3,Spring,1,0,1,담하,라면사리
2023-03-12,0,3,Spring,1,0,1,담하,라면사리
2023-03-13,0,3,Spring,0,0,0,담하,라면사리
2023-03-14,12,3,Spring,0,0,0,담하,라면사리
2023-03-15,0,3,Spring,0,0,0,담하,라면사리
2023-03-16,0,3,Spring,0,0,0,담하,라면사리
2023-03-17,0,3,Spring,0,0,0,담하,라면사리
2023-03-18,0,3,Spring,1,0,1,담하,라면사리
2023-03-19,0,3,Spring,1,0,1,담하,라면사리
2023-03-20,2,3,Spring,0,0,0,담하,라면사리
2023-03-21,0,3,Spring,0,0,0,담하,라면사리
2023-03-22,0,3,Spring,0,0,0,담하,라면사리
2023-03-23,7,3,Spring,0,0,0,담하,라면사리
2023-03-24,0,3,Spring,0,0,0,담하,라면사리
2023-03-25,0,3,Spring,1,0,1,담하,라면사리
2023-03-26,0,3,Spring,1,0,1,담하,라면사리
2023-03-27,0,3,Spring,0,0,0,담하,라면사리
2023-03-28,0,3,Spring,0,0,0,담하,라면사리
2023-03-29,0,3,Spring,0,0,0,담하,라면사리
2023-03-30,0,3,Spring,0,0,0,담하,라면사리
2023-03-31,0,3,Spring,0,0,0,담하,라면사리
2023-04-01,0,4,Spring,1,0,1,담하,라면사리
2023-04-02,0,4,Spring,1,0,1,담하,라면사리
2023-04-03,0,4,Spring,0,0,0,담하,라면사리
2023-04-04,0,4,Spring,0,0,0,담하,라면사리
2023-04-05,3,4,Spring,0,0,0,담하,라면사리
2023-04-06,0,4,Spring,0,0,0,담하,라면사리
2023-04-07,0,4,Spring,0,0,0,담하,라면사리
2023-04-08,0,4,Spring,1,0,1,담하,라면사리
2023-04-09,0,4,Spring,1,0,1,담하,라면사리
2023-04-10,0,4,Spring,0,0,0,담하,라면사리
2023-04-11,0,4,Spring,0,0,0,담하,라면사리
2023-04-12,0,4,Spring,0,0,0,담하,라면사리
2023-04-13,0,4,Spring,0,0,0,담하,라면사리
2023-04-14,0,4,Spring,0,0,0,담하,라면사리
2023-04-15,0,4,Spring,1,0,1,담하,라면사리
2023-04-16,0,4,Spring,1,0,1,담하,라면사리
2023-04-17,0,4,Spring,0,0,0,담하,라면사리
2023-04-18,0,4,Spring,0,0,0,담하,라면사리
2023-04-19,0,4,Spring,0,0,0,담하,라면사리
2023-04-20,0,4,Spring,0,0,0,담하,라면사리
2023-04-21,0,4,Spring,0,0,0,담하,라면사리
2023-04-22,0,4,Spring,1,0,1,담하,라면사리
2023-04-23,0,4,Spring,1,0,1,담하,라면사리
2023-04-24,0,4,Spring,0,0,0,담하,라면사리
2023-04-25,0,4,Spring,0,0,0,담하,라면사리
2023-04-26,0,4,Spring,0,0,0,담하,라면사리
2023-04-27,0,4,Spring,0,0,0,담하,라면사리
2023-04-28,0,4,Spring,0,0,0,담하,라면사리
2023-04-29,0,4,Spring,1,0,1,담하,라면사리
2023-04-30,0,4,Spring,1,0,1,담하,라면사리
2023-05-01,0,5,Spring,0,0,0,담하,라면사리
2023-05-02,0,5,Spring,0,0,0,담하,라면사리
2023-05-03,0,5,Spring,0,0,0,담하,라면사리
2023-05-04,0,5,Spring,0,0,0,담하,라면사리
2023-05-05,0,5,Spring,0,1,1,담하,라면사리
2023-05-06,0,5,Spring,1,0,1,담하,라면사리
2023-05-07,0,5,Spring,1,0,1,담하,라면사리
2023-05-08,0,5,Spring,0,0,0,담하,라면사리
2023-05-09,0,5,Spring,0,0,0,담하,라면사리
2023-05-10,0,5,Spring,0,0,0,담하,라면사리
2023-05-11,0,5,Spring,0,0,0,담하,라면사리
2023-05-12,0,5,Spring,0,0,0,담하,라면사리
2023-05-13,0,5,Spring,1,0,1,담하,라면사리
2023-05-14,1,5,Spring,1,0,1,담하,라면사리
2023-05-15,0,5,Spring,0,0,0,담하,라면사리
2023-05-16,0,5,Spring,0,0,0,담하,라면사리
2023-05-17,0,5,Spring,0,0,0,담하,라면사리
2023-05-18,0,5,Spring,0,0,0,담하,라면사리
2023-05-19,4,5,Spring,0,0,0,담하,라면사리
2023-05-20,0,5,Spring,1,0,1,담하,라면사리
2023-05-21,0,5,Spring,1,0,1,담하,라면사리
2023-05-22,2,5,Spring,0,0,0,담하,라면사리
2023-05-23,0,5,Spring,0,0,0,담하,라면사리
2023-05-24,0,5,Spring,0,0,0,담하,라면사리
2023-05-25,1,5,Spring,0,0,0,담하,라면사리
2023-05-26,0,5,Spring,0,0,0,담하,라면사리
2023-05-27,0,5,Spring,1,1,1,담하,라면사리
2023-05-28,0,5,Spring,1,0,1,담하,라면사리
2023-05-29,0,5,Spring,0,1,1,담하,라면사리
2023-05-30,8,5,Spring,0,0,0,담하,라면사리
2023-05-31,0,5,Spring,0,0,0,담하,라면사리
2023-06-01,0,6,Summer,0,0,0,담하,라면사리
2023-06-02,0,6,Summer,0,0,0,담하,라면사리
2023-06-03,0,6,Summer,1,0,1,담하,라면사리
2023-06-04,0,6,Summer,1,0,1,담하,라면사리
2023-06-05,0,6,Summer,0,0,0,담하,라면사리
2023-06-06,0,6,Summer,0,1,1,담하,라면사리
2023-06-07,0,6,Summer,0,0,0,담하,라면사리
2023-06-08,15,6,Summer,0,0,0,담하,라면사리
2023-06-09,0,6,Summer,0,0,0,담하,라면사리
2023-06-10,0,6,Summer,1,0,1,담하,라면사리
2023-06-11,1,6,Summer,1,0,1,담하,라면사리
2023-06-12,0,6,Summer,0,0,0,담하,라면사리
2023-06-13,0,6,Summer,0,0,0,담하,라면사리
2023-06-14,0,6,Summer,0,0,0,담하,라면사리
2023-06-15,0,6,Summer,0,0,0,담하,라면사리
2023-06-16,0,6,Summer,0,0,0,담하,라면사리
2023-06-17,0,6,Summer,1,0,1,담하,라면사리
2023-06-18,1,6,Summer,1,0,1,담하,라면사리
2023-06-19,0,6,Summer,0,0,0,담하,라면사리
2023-06-20,0,6,Summer,0,0,0,담하,라면사리
2023-06-21,0,6,Summer,0,0,0,담하,라면사리
2023-06-22,1,6,Summer,0,0,0,담하,라면사리
2023-06-23,0,6,Summer,0,0,0,담하,라면사리
2023-06-24,0,6,Summer,1,0,1,담하,라면사리
2023-06-25,0,6,Summer,1,0,1,담하,라면사리
2023-06-26,0,6,Summer,0,0,0,담하,라면사리
2023-06-27,0,6,Summer,0,0,0,담하,라면사리
2023-06-28,0,6,Summer,0,0,0,담하,라면사리
2023-06-29,2,6,Summer,0,0,0,담하,라면사리
2023-06-30,1,6,Summer,0,0,0,담하,라면사리
2023-07-01,1,7,Summer,1,0,1,담하,라면사리
2023-07-02,0,7,Summer,1,0,1,담하,라면사리
2023-07-03,0,7,Summer,0,0,0,담하,라면사리
2023-07-04,0,7,Summer,0,0,0,담하,라면사리
2023-07-05,0,7,Summer,0,0,0,담하,라면사리
2023-07-06,0,7,Summer,0,0,0,담하,라면사리
2023-07-07,0,7,Summer,0,0,0,담하,라면사리
2023-07-08,0,7,Summer,1,0,1,담하,라면사리
2023-07-09,0,7,Summer,1,0,1,담하,라면사리
2023-07-10,0,7,Summer,0,0,0,담하,라면사리
2023-07-11,0,7,Summer,0,0,0,담하,라면사리
2023-07-12,0,7,Summer,0,0,0,담하,라면사리
2023-07-13,4,7,Summer,0,0,0,담하,라면사리
2023-07-14,0,7,Summer,0,0,0,담하,라면사리
2023-07-15,0,7,Summer,1,0,1,담하,라면사리
2023-07-16,0,7,Summer,1,0,1,담하,라면사리
2023-07-17,1,7,Summer,0,0,0,담하,라면사리
2023-07-18,3,7,Summer,0,0,0,담하,라면사리
2023-07-19,6,7,Summer,0,0,0,담하,라면사리
2023-07-20,0,7,Summer,0,0,0,담하,라면사리
2023-07-21,1,7,Summer,0,0,0,담하,라면사리
2023-07-22,0,7,Summer,1,0,1,담하,라면사리
2023-07-23,0,7,Summer,1,0,1,담하,라면사리
2023-07-24,0,7,Summer,0,0,0,담하,라면사리
2023-07-25,1,7,Summer,0,0,0,담하,라면사리
2023-07-26,2,7,Summer,0,0,0,담하,라면사리
2023-07-27,1,7,Summer,0,0,0,담하,라면사리
2023-07-28,0,7,Summer,0,0,0,담하,라면사리
2023-07-29,0,7,Summer,1,0,1,담하,라면사리
2023-07-30,0,7,Summer,1,0,1,담하,라면사리
2023-07-31,0,7,Summer,0,0,0,담하,라면사리
2023-08-01,0,8,Summer,0,0,0,담하,라면사리
2023-08-02,0,8,Summer,0,0,0,담하,라면사리
2023-08-03,0,8,Summer,0,0,0,담하,라면사리
2023-08-04,0,8,Summer,0,0,0,담하,라면사리
2023-08-05,0,8,Summer,1,0,1,담하,라면사리
2023-08-06,0,8,Summer,1,0,1,담하,라면사리
2023-08-07,0,8,Summer,0,0,0,담하,라면사리
2023-08-08,2,8,Summer,0,0,0,담하,라면사리
2023-08-09,0,8,Summer,0,0,0,담하,라면사리
2023-08-10,0,8,Summer,0,0,0,담하,라면사리
2023-08-11,6,8,Summer,0,0,0,담하,라면사리
2023-08-12,0,8,Summer,1,0,1,담하,라면사리
2023-08-13,0,8,Summer,1,0,1,담하,라면사리
2023-08-14,0,8,Summer,0,0,0,담하,라면사리
2023-08-15,0,8,Summer,0,1,1,담하,라면사리
2023-08-16,0,8,Summer,0,0,0,담하,라면사리
2023-08-17,0,8,Summer,0,0,0,담하,라면사리
2023-08-18,0,8,Summer,0,0,0,담하,라면사리
2023-08-19,1,8,Summer,1,0,1,담하,라면사리
2023-08-20,2,8,Summer,1,0,1,담하,라면사리
2023-08-21,0,8,Summer,0,0,0,담하,라면사리
2023-08-22,0,8,Summer,0,0,0,담하,라면사리
2023-08-23,1,8,Summer,0,0,0,담하,라면사리
2023-08-24,0,8,Summer,0,0,0,담하,라면사리
2023-08-25,7,8,Summer,0,0,0,담하,라면사리
2023-08-26,16,8,Summer,1,0,1,담하,라면사리
2023-08-27,0,8,Summer,1,0,1,담하,라면사리
2023-08-28,0,8,Summer,0,0,0,담하,라면사리
2023-08-29,5,8,Summer,0,0,0,담하,라면사리
2023-08-30,0,8,Summer,0,0,0,담하,라면사리
2023-08-31,10,8,Summer,0,0,0,담하,라면사리
2023-09-01,0,9,Autumn,0,0,0,담하,라면사리
2023-09-02,0,9,Autumn,1,0,1,담하,라면사리
2023-09-03,0,9,Autumn,1,0,1,담하,라면사리
2023-09-04,0,9,Autumn,0,0,0,담하,라면사리
2023-09-05,0,9,Autumn,0,0,0,담하,라면사리
2023-09-06,0,9,Autumn,0,0,0,담하,라면사리
2023-09-07,7,9,Autumn,0,0,0,담하,라면사리
2023-09-08,1,9,Autumn,0,0,0,담하,라면사리
2023-09-09,1,9,Autumn,1,0,1,담하,라면사리
2023-09-10,0,9,Autumn,1,0,1,담하,라면사리
2023-09-11,0,9,Autumn,0,0,0,담하,라면사리
2023-09-12,0,9,Autumn,0,0,0,담하,라면사리
2023-09-13,1,9,Autumn,0,0,0,담하,라면사리
2023-09-14,12,9,Autumn,0,0,0,담하,라면사리
2023-09-15,0,9,Autumn,0,0,0,담하,라면사리
2023-09-16,0,9,Autumn,1,0,1,담하,라면사리
2023-09-17,0,9,Autumn,1,0,1,담하,라면사리
2023-09-18,0,9,Autumn,0,0,0,담하,라면사리
2023-09-19,0,9,Autumn,0,0,0,담하,라면사리
2023-09-20,0,9,Autumn,0,0,0,담하,라면사리
2023-09-21,0,9,Autumn,0,0,0,담하,라면사리
2023-09-22,0,9,Autumn,0,0,0,담하,라면사리
2023-09-23,0,9,Autumn,1,0,1,담하,라면사리
2023-09-24,0,9,Autumn,1,0,1,담하,라면사리
2023-09-25,0,9,Autumn,0,0,0,담하,라면사리
2023-09-26,0,9,Autumn,0,0,0,담하,라면사리
2023-09-27,0,9,Autumn,0,0,0,담하,라면사리
2023-09-28,0,9,Autumn,0,1,1,담하,라면사리
2023-09-29,1,9,Autumn,0,1,1,담하,라면사리
2023-09-30,0,9,Autumn,1,1,1,담하,라면사리
2023-10-01,1,10,Autumn,1,0,1,담하,라면사리
2023-10-02,1,10,Autumn,0,1,1,담하,라면사리
2023-10-03,0,10,Autumn,0,1,1,담하,라면사리
2023-10-04,0,10,Autumn,0,0,0,담하,라면사리
2023-10-05,0,10,Autumn,0,0,0,담하,라면사리
2023-10-06,5,10,Autumn,0,0,0,담하,라면사리
2023-10-07,0,10,Autumn,1,0,1,담하,라면사리
2023-10-08,0,10,Autumn,1,0,1,담하,라면사리
2023-10-09,0,10,Autumn,0,1,1,담하,라면사리
2023-10-10,2,10,Autumn,0,0,0,담하,라면사리
2023-10-11,0,10,Autumn,0,0,0,담하,라면사리
2023-10-12,14,10,Autumn,0,0,0,담하,라면사리
2023-10-13,46,10,Autumn,0,0,0,담하,라면사리
2023-10-14,0,10,Autumn,1,0,1,담하,라면사리
2023-10-15,0,10,Autumn,1,0,1,담하,라면사리
2023-10-16,19,10,Autumn,0,0,0,담하,라면사리
2023-10-17,0,10,Autumn,0,0,0,담하,라면사리
2023-10-18,0,10,Autumn,0,0,0,담하,라면사리
2023-10-19,0,10,Autumn,0,0,0,담하,라면사리
2023-10-20,0,10,Autumn,0,0,0,담하,라면사리
2023-10-21,0,10,Autumn,1,0,1,담하,라면사리
2023-10-22,0,10,Autumn,1,0,1,담하,라면사리
2023-10-23,6,10,Autumn,0,0,0,담하,라면사리
2023-10-24,0,10,Autumn,0,0,0,담하,라면사리
2023-10-25,0,10,Autumn,0,0,0,담하,라면사리
2023-10-26,1,10,Autumn,0,0,0,담하,라면사리
2023-10-27,0,10,Autumn,0,0,0,담하,라면사리
2023-10-28,0,10,Autumn,1,0,1,담하,라면사리
2023-10-29,0,10,Autumn,1,0,1,담하,라면사리
2023-10-30,0,10,Autumn,0,0,0,담하,라면사리
2023-10-31,0,10,Autumn,0,0,0,담하,라면사리
2023-11-01,0,11,Autumn,0,0,0,담하,라면사리
2023-11-02,11,11,Autumn,0,0,0,담하,라면사리
2023-11-03,2,11,Autumn,0,0,0,담하,라면사리
2023-11-04,0,11,Autumn,1,0,1,담하,라면사리
2023-11-05,0,11,Autumn,1,0,1,담하,라면사리
2023-11-06,0,11,Autumn,0,0,0,담하,라면사리
2023-11-07,0,11,Autumn,0,0,0,담하,라면사리
2023-11-08,0,11,Autumn,0,0,0,담하,라면사리
2023-11-09,0,11,Autumn,0,0,0,담하,라면사리
2023-11-10,4,11,Autumn,0,0,0,담하,라면사리
2023-11-11,0,11,Autumn,1,0,1,담하,라면사리
2023-11-12,0,11,Autumn,1,0,1,담하,라면사리
2023-11-13,8,11,Autumn,0,0,0,담하,라면사리
2023-11-14,0,11,Autumn,0,0,0,담하,라면사리
2023-11-15,2,11,Autumn,0,0,0,담하,라면사리
2023-11-16,0,11,Autumn,0,0,0,담하,라면사리
2023-11-17,0,11,Autumn,0,0,0,담하,라면사리
2023-11-18,1,11,Autumn,1,0,1,담하,라면사리
2023-11-19,0,11,Autumn,1,0,1,담하,라면사리
2023-11-20,2,11,Autumn,0,0,0,담하,라면사리
2023-11-21,0,11,Autumn,0,0,0,담하,라면사리
2023-11-22,0,11,Autumn,0,0,0,담하,라면사리
2023-11-23,0,11,Autumn,0,0,0,담하,라면사리
2023-11-24,0,11,Autumn,0,0,0,담하,라면사리
2023-11-25,0,11,Autumn,1,0,1,담하,라면사리
2023-11-26,0,11,Autumn,1,0,1,담하,라면사리
2023-11-27,0,11,Autumn,0,0,0,담하,라면사리
2023-11-28,0,11,Autumn,0,0,0,담하,라면사리
2023-11-29,0,11,Autumn,0,0,0,담하,라면사리
2023-11-30,17,11,Autumn,0,0,0,담하,라면사리
2023-12-01,0,12,Winter,0,0,0,담하,라면사리
2023-12-02,0,12,Winter,1,0,1,담하,라면사리
2023-12-03,0,12,Winter,1,0,1,담하,라면사리
2023-12-04,1,12,Winter,0,0,0,담하,라면사리
2023-12-05,3,12,Winter,0,0,0,담하,라면사리
2023-12-06,0,12,Winter,0,0,0,담하,라면사리
2023-12-07,0,12,Winter,0,0,0,담하,라면사리
2023-12-08,0,12,Winter,0,0,0,담하,라면사리
2023-12-09,0,12,Winter,1,0,1,담하,라면사리
2023-12-10,1,12,Winter,1,0,1,담하,라면사리
2023-12-11,16,12,Winter,0,0,0,담하,라면사리
2023-12-12,0,12,Winter,0,0,0,담하,라면사리
2023-12-13,0,12,Winter,0,0,0,담하,라면사리
2023-12-14,0,12,Winter,0,0,0,담하,라면사리
2023-12-15,0,12,Winter,0,0,0,담하,라면사리
2023-12-16,0,12,Winter,1,0,1,담하,라면사리
2023-12-17,1,12,Winter,1,0,1,담하,라면사리
2023-12-18,0,12,Winter,0,0,0,담하,라면사리
2023-12-19,0,12,Winter,0,0,0,담하,라면사리
2023-12-20,1,12,Winter,0,0,0,담하,라면사리
2023-12-21,0,12,Winter,0,0,0,담하,라면사리
2023-12-22,8,12,Winter,0,0,0,담하,라면사리
2023-12-23,0,12,Winter,1,0,1,담하,라면사리
2023-12-24,0,12,Winter,1,0,1,담하,라면사리
2023-12-25,0,12,Winter,0,1,1,담하,라면사리
2023-12-26,0,12,Winter,0,0,0,담하,라면사리
2023-12-27,12,12,Winter,0,0,0,담하,라면사리
2023-12-28,0,12,Winter,0,0,0,담하,라면사리
2023-12-29,0,12,Winter,0,0,0,담하,라면사리
2023-12-30,0,12,Winter,1,0,1,담하,라면사리
2023-12-31,0,12,Winter,1,0,1,담하,라면사리
2024-01-01,0,1,Winter,0,1,1,담하,라면사리
2024-01-02,0,1,Winter,0,0,0,담하,라면사리
2024-01-03,0,1,Winter,0,0,0,담하,라면사리
2024-01-04,0,1,Winter,0,0,0,담하,라면사리
2024-01-05,0,1,Winter,0,0,0,담하,라면사리
2024-01-06,0,1,Winter,1,0,1,담하,라면사리
2024-01-07,0,1,Winter,1,0,1,담하,라면사리
2024-01-08,0,1,Winter,0,0,0,담하,라면사리
2024-01-09,0,1,Winter,0,0,0,담하,라면사리
2024-01-10,0,1,Winter,0,0,0,담하,라면사리
2024-01-11,9,1,Winter,0,0,0,담하,라면사리
2024-01-12,0,1,Winter,0,0,0,담하,라면사리
2024-01-13,1,1,Winter,1,0,1,담하,라면사리
2024-01-14,1,1,Winter,1,0,1,담하,라면사리
2024-01-15,0,1,Winter,0,0,0,담하,라면사리
2024-01-16,4,1,Winter,0,0,0,담하,라면사리
2024-01-17,0,1,Winter,0,0,0,담하,라면사리
2024-01-18,13,1,Winter,0,0,0,담하,라면사리
2024-01-19,0,1,Winter,0,0,0,담하,라면사리
2024-01-20,0,1,Winter,1,0,1,담하,라면사리
2024-01-21,0,1,Winter,1,0,1,담하,라면사리
2024-01-22,32,1,Winter,0,0,0,담하,라면사리
2024-01-23,2,1,Winter,0,0,0,담하,라면사리
2024-01-24,0,1,Winter,0,0,0,담하,라면사리
2024-01-25,10,1,Winter,0,0,0,담하,라면사리
2024-01-26,1,1,Winter,0,0,0,담하,라면사리
2024-01-27,0,1,Winter,1,0,1,담하,라면사리
2024-01-28,1,1,Winter,1,0,1,담하,라면사리
2024-01-29,0,1,Winter,0,0,0,담하,라면사리
2024-01-30,0,1,Winter,0,0,0,담하,라면사리
2024-01-31,0,1,Winter,0,0,0,담하,라면사리
2024-02-01,0,2,Winter,0,0,0,담하,라면사리
2024-02-02,0,2,Winter,0,0,0,담하,라면사리
2024-02-03,0,2,Winter,1,0,1,담하,라면사리
2024-02-04,1,2,Winter,1,0,1,담하,라면사리
2024-02-05,1,2,Winter,0,0,0,담하,라면사리
2024-02-06,0,2,Winter,0,0,0,담하,라면사리
2024-02-07,0,2,Winter,0,0,0,담하,라면사리
2024-02-08,1,2,Winter,0,0,0,담하,라면사리
2024-02-09,0,2,Winter,0,1,1,담하,라면사리
2024-02-10,0,2,Winter,1,1,1,담하,라면사리
2024-02-11,0,2,Winter,1,1,1,담하,라면사리
2024-02-12,1,2,Winter,0,1,1,담하,라면사리
2024-02-13,0,2,Winter,0,0,0,담하,라면사리
2024-02-14,9,2,Winter,0,0,0,담하,라면사리
2024-02-15,24,2,Winter,0,0,0,담하,라면사리
2024-02-16,0,2,Winter,0,0,0,담하,라면사리
2024-02-17,0,2,Winter,1,0,1,담하,라면사리
2024-02-18,1,2,Winter,1,0,1,담하,라면사리
2024-02-19,0,2,Winter,0,0,0,담하,라면사리
2024-02-20,0,2,Winter,0,0,0,담하,라면사리
2024-02-21,0,2,Winter,0,0,0,담하,라면사리
2024-02-22,0,2,Winter,0,0,0,담하,라면사리
2024-02-23,0,2,Winter,0,0,0,담하,라면사리
2024-02-24,0,2,Winter,1,0,1,담하,라면사리
2024-02-25,2,2,Winter,1,0,1,담하,라면사리
2024-02-26,1,2,Winter,0,0,0,담하,라면사리
2024-02-27,0,2,Winter,0,0,0,담하,라면사리
2024-02-28,0,2,Winter,0,0,0,담하,라면사리
2024-02-29,0,2,Winter,0,0,0,담하,라면사리
2024-03-01,0,3,Spring,0,1,1,담하,라면사리
2024-03-02,0,3,Spring,1,0,1,담하,라면사리
2024-03-03,0,3,Spring,1,0,1,담하,라면사리
2024-03-04,0,3,Spring,0,0,0,담하,라면사리
2024-03-05,0,3,Spring,0,0,0,담하,라면사리
2024-03-06,0,3,Spring,0,0,0,담하,라면사리
2024-03-07,0,3,Spring,0,0,0,담하,라면사리
2024-03-08,0,3,Spring,0,0,0,담하,라면사리
2024-03-09,0,3,Spring,1,0,1,담하,라면사리
2024-03-10,0,3,Spring,1,0,1,담하,라면사리
2024-03-11,0,3,Spring,0,0,0,담하,라면사리
2024-03-12,0,3,Spring,0,0,0,담하,라면사리
2024-03-13,0,3,Spring,0,0,0,담하,라면사리
2024-03-14,0,3,Spring,0,0,0,담하,라면사리
2024-03-15,0,3,Spring,0,0,0,담하,라면사리
2024-03-16,1,3,Spring,1,0,1,담하,라면사리
2024-03-17,0,3,Spring,1,0,1,담하,라면사리
2024-03-18,0,3,Spring,0,0,0,담하,라면사리
2024-03-19,2,3,Spring,0,0,0,담하,라면사리
2024-03-20,0,3,Spring,0,0,0,담하,라면사리
2024-03-21,0,3,Spring,0,0,0,담하,라면사리
2024-03-22,1,3,Spring,0,0,0,담하,라면사리
2024-03-23,0,3,Spring,1,0,1,담하,라면사리
2024-03-24,0,3,Spring,1,0,1,담하,라면사리
2024-03-25,0,3,Spring,0,0,0,담하,라면사리
2024-03-26,0,3,Spring,0,0,0,담하,라면사리
2024-03-27,0,3,Spring,0,0,0,담하,라면사리
2024-03-28,0,3,Spring,0,0,0,담하,라면사리
2024-03-29,0,3,Spring,0,0,0,담하,라면사리
2024-03-30,0,3,Spring,1,0,1,담하,라면사리
2024-03-31,0,3,Spring,1,0,1,담하,라면사리
2024-04-01,0,4,Spring,0,0,0,담하,라면사리
2024-04-02,2,4,Spring,0,0,0,담하,라면사리
2024-04-03,0,4,Spring,0,0,0,담하,라면사리
2024-04-04,0,4,Spring,0,0,0,담하,라면사리
2024-04-05,2,4,Spring,0,0,0,담하,라면사리
2024-04-06,1,4,Spring,1,0,1,담하,라면사리
2024-04-07,0,4,Spring,1,0,1,담하,라면사리
2024-04-08,0,4,Spring,0,0,0,담하,라면사리
2024-04-09,0,4,Spring,0,0,0,담하,라면사리
2024-04-10,0,4,Spring,0,1,1,담하,라면사리
2024-04-11,0,4,Spring,0,0,0,담하,라면사리
2024-04-12,0,4,Spring,0,0,0,담하,라면사리
2024-04-13,0,4,Spring,1,0,1,담하,라면사리
2024-04-14,0,4,Spring,1,0,1,담하,라면사리
2024-04-15,0,4,Spring,0,0,0,담하,라면사리
2024-04-16,12,4,Spring,0,0,0,담하,라면사리
2024-04-17,0,4,Spring,0,0,0,담하,라면사리
2024-04-18,0,4,Spring,0,0,0,담하,라면사리
2024-04-19,1,4,Spring,0,0,0,담하,라면사리
2024-04-20,0,4,Spring,1,0,1,담하,라면사리
2024-04-21,1,4,Spring,1,0,1,담하,라면사리
2024-04-22,0,4,Spring,0,0,0,담하,라면사리
2024-04-23,0,4,Spring,0,0,0,담하,라면사리
2024-04-24,0,4,Spring,0,0,0,담하,라면사리
2024-04-25,0,4,Spring,0,0,0,담하,라면사리
2024-04-26,0,4,Spring,0,0,0,담하,라면사리
2024-04-27,0,4,Spring,1,0,1,담하,라면사리
2024-04-28,1,4,Spring,1,0,1,담하,라면사리
2024-04-29,0,4,Spring,0,0,0,담하,라면사리
2024-04-30,0,4,Spring,0,0,0,담하,라면사리
2024-05-01,0,5,Spring,0,0,0,담하,라면사리
2024-05-02,0,5,Spring,0,0,0,담하,라면사리
2024-05-03,0,5,Spring,0,0,0,담하,라면사리
2024-05-04,0,5,Spring,1,0,1,담하,라면사리
2024-05-05,9,5,Spring,1,1,1,담하,라면사리
2024-05-06,1,5,Spring,0,1,1,담하,라면사리
2024-05-07,0,5,Spring,0,0,0,담하,라면사리
2024-05-08,0,5,Spring,0,0,0,담하,라면사리
2024-05-09,0,5,Spring,0,0,0,담하,라면사리
2024-05-10,0,5,Spring,0,0,0,담하,라면사리
2024-05-11,1,5,Spring,1,0,1,담하,라면사리
2024-05-12,0,5,Spring,1,0,1,담하,라면사리
2024-05-13,0,5,Spring,0,0,0,담하,라면사리
2024-05-14,0,5,Spring,0,0,0,담하,라면사리
2024-05-15,0,5,Spring,0,1,1,담하,라면사리
2024-05-16,0,5,Spring,0,0,0,담하,라면사리
2024-05-17,0,5,Spring,0,0,0,담하,라면사리
2024-05-18,0,5,Spring,1,0,1,담하,라면사리
2024-05-19,0,5,Spring,1,0,1,담하,라면사리
2024-05-20,0,5,Spring,0,0,0,담하,라면사리
2024-05-21,0,5,Spring,0,0,0,담하,라면사리
2024-05-22,1,5,Spring,0,0,0,담하,라면사리
2024-05-23,0,5,Spring,0,0,0,담하,라면사리
2024-05-24,0,5,Spring,0,0,0,담하,라면사리
2024-05-25,1,5,Spring,1,0,1,담하,라면사리
2024-05-26,0,5,Spring,1,0,1,담하,라면사리
2024-05-27,0,5,Spring,0,0,0,담하,라면사리
2024-05-28,2,5,Spring,0,0,0,담하,라면사리
2024-05-29,0,5,Spring,0,0,0,담하,라면사리
2024-05-30,8,5,Spring,0,0,0,담하,라면사리
2024-05-31,0,5,Spring,0,0,0,담하,라면사리
2024-06-01,4,6,Summer,1,0,1,담하,라면사리
2024-06-02,0,6,Summer,1,0,1,담하,라면사리
2024-06-03,0,6,Summer,0,0,0,담하,라면사리
2024-06-04,0,6,Summer,0,0,0,담하,라면사리
2024-06-05,0,6,Summer,0,0,0,담하,라면사리
2024-06-06,0,6,Summer,0,1,1,담하,라면사리
2024-06-07,0,6,Summer,0,0,0,담하,라면사리
2024-06-08,1,6,Summer,1,0,1,담하,라면사리
2024-06-09,0,6,Summer,1,0,1,담하,라면사리
2024-06-10,0,6,Summer,0,0,0,담하,라면사리
2024-06-11,0,6,Summer,0,0,0,담하,라면사리
2024-06-12,0,6,Summer,0,0,0,담하,라면사리
2024-06-13,0,6,Summer,0,0,0,담하,라면사리
2024-06-14,0,6,Summer,0,0,0,담하,라면사리
2024-06-15,0,6,Summer,1,0,1,담하,라면사리
2023-01-01,0,1,Winter,1,1,1,담하,룸 이용료
2023-01-02,0,1,Winter,0,0,0,담하,룸 이용료
2023-01-03,2,1,Winter,0,0,0,담하,룸 이용료
2023-01-04,0,1,Winter,0,0,0,담하,룸 이용료
2023-01-05,0,1,Winter,0,0,0,담하,룸 이용료
2023-01-06,1,1,Winter,0,0,0,담하,룸 이용료
2023-01-07,2,1,Winter,1,0,1,담하,룸 이용료
2023-01-08,0,1,Winter,1,0,1,담하,룸 이용료
2023-01-09,2,1,Winter,0,0,0,담하,룸 이용료
2023-01-10,2,1,Winter,0,0,0,담하,룸 이용료
2023-01-11,0,1,Winter,0,0,0,담하,룸 이용료
2023-01-12,4,1,Winter,0,0,0,담하,룸 이용료
2023-01-13,2,1,Winter,0,0,0,담하,룸 이용료
2023-01-14,0,1,Winter,1,0,1,담하,룸 이용료
2023-01-15,2,1,Winter,1,0,1,담하,룸 이용료
2023-01-16,0,1,Winter,0,0,0,담하,룸 이용료
2023-01-17,0,1,Winter,0,0,0,담하,룸 이용료
2023-01-18,4,1,Winter,0,0,0,담하,룸 이용료
2023-01-19,0,1,Winter,0,0,0,담하,룸 이용료
2023-01-20,0,1,Winter,0,0,0,담하,룸 이용료
2023-01-21,1,1,Winter,1,1,1,담하,룸 이용료
2023-01-22,1,1,Winter,1,1,1,담하,룸 이용료
2023-01-23,1,1,Winter,0,1,1,담하,룸 이용료
2023-01-24,0,1,Winter,0,1,1,담하,룸 이용료
2023-01-25,0,1,Winter,0,0,0,담하,룸 이용료
2023-01-26,6,1,Winter,0,0,0,담하,룸 이용료
2023-01-27,0,1,Winter,0,0,0,담하,룸 이용료
2023-01-28,1,1,Winter,1,0,1,담하,룸 이용료
2023-01-29,0,1,Winter,1,0,1,담하,룸 이용료
2023-01-30,0,1,Winter,0,0,0,담하,룸 이용료
2023-01-31,0,1,Winter,0,0,0,담하,룸 이용료
2023-02-01,0,2,Winter,0,0,0,담하,룸 이용료
2023-02-02,6,2,Winter,0,0,0,담하,룸 이용료
2023-02-03,2,2,Winter,0,0,0,담하,룸 이용료
2023-02-04,1,2,Winter,1,0,1,담하,룸 이용료
2023-02-05,0,2,Winter,1,0,1,담하,룸 이용료
2023-02-06,0,2,Winter,0,0,0,담하,룸 이용료
2023-02-07,4,2,Winter,0,0,0,담하,룸 이용료
2023-02-08,0,2,Winter,0,0,0,담하,룸 이용료
2023-02-09,0,2,Winter,0,0,0,담하,룸 이용료
2023-02-10,0,2,Winter,0,0,0,담하,룸 이용료
2023-02-11,0,2,Winter,1,0,1,담하,룸 이용료
2023-02-12,0,2,Winter,1,0,1,담하,룸 이용료
2023-02-13,0,2,Winter,0,0,0,담하,룸 이용료
2023-02-14,0,2,Winter,0,0,0,담하,룸 이용료
2023-02-15,0,2,Winter,0,0,0,담하,룸 이용료
2023-02-16,3,2,Winter,0,0,0,담하,룸 이용료
2023-02-17,1,2,Winter,0,0,0,담하,룸 이용료
2023-02-18,3,2,Winter,1,0,1,담하,룸 이용료
2023-02-19,0,2,Winter,1,0,1,담하,룸 이용료
2023-02-20,0,2,Winter,0,0,0,담하,룸 이용료
2023-02-21,0,2,Winter,0,0,0,담하,룸 이용료
2023-02-22,0,2,Winter,0,0,0,담하,룸 이용료
2023-02-23,0,2,Winter,0,0,0,담하,룸 이용료
2023-02-24,0,2,Winter,0,0,0,담하,룸 이용료
2023-02-25,4,2,Winter,1,0,1,담하,룸 이용료
2023-02-26,0,2,Winter,1,0,1,담하,룸 이용료
2023-02-27,0,2,Winter,0,0,0,담하,룸 이용료
2023-02-28,0,2,Winter,0,0,0,담하,룸 이용료
2023-03-01,1,3,Spring,0,1,1,담하,룸 이용료
2023-03-02,0,3,Spring,0,0,0,담하,룸 이용료
2023-03-03,0,3,Spring,0,0,0,담하,룸 이용료
2023-03-04,0,3,Spring,1,0,1,담하,룸 이용료
2023-03-05,0,3,Spring,1,0,1,담하,룸 이용료
2023-03-06,0,3,Spring,0,0,0,담하,룸 이용료
2023-03-07,0,3,Spring,0,0,0,담하,룸 이용료
2023-03-08,0,3,Spring,0,0,0,담하,룸 이용료
2023-03-09,0,3,Spring,0,0,0,담하,룸 이용료
2023-03-10,0,3,Spring,0,0,0,담하,룸 이용료
2023-03-11,1,3,Spring,1,0,1,담하,룸 이용료
2023-03-12,0,3,Spring,1,0,1,담하,룸 이용료
2023-03-13,0,3,Spring,0,0,0,담하,룸 이용료
2023-03-14,0,3,Spring,0,0,0,담하,룸 이용료
2023-03-15,0,3,Spring,0,0,0,담하,룸 이용료
2023-03-16,0,3,Spring,0,0,0,담하,룸 이용료
2023-03-17,0,3,Spring,0,0,0,담하,룸 이용료
2023-03-18,0,3,Spring,1,0,1,담하,룸 이용료
2023-03-19,0,3,Spring,1,0,1,담하,룸 이용료
2023-03-20,2,3,Spring,0,0,0,담하,룸 이용료
2023-03-21,2,3,Spring,0,0,0,담하,룸 이용료
2023-03-22,0,3,Spring,0,0,0,담하,룸 이용료
2023-03-23,0,3,Spring,0,0,0,담하,룸 이용료
2023-03-24,0,3,Spring,0,0,0,담하,룸 이용료
2023-03-25,0,3,Spring,1,0,1,담하,룸 이용료
2023-03-26,0,3,Spring,1,0,1,담하,룸 이용료
2023-03-27,0,3,Spring,0,0,0,담하,룸 이용료
2023-03-28,0,3,Spring,0,0,0,담하,룸 이용료
2023-03-29,0,3,Spring,0,0,0,담하,룸 이용료
2023-03-30,1,3,Spring,0,0,0,담하,룸 이용료
2023-03-31,0,3,Spring,0,0,0,담하,룸 이용료
2023-04-01,0,4,Spring,1,0,1,담하,룸 이용료
2023-04-02,0,4,Spring,1,0,1,담하,룸 이용료
2023-04-03,0,4,Spring,0,0,0,담하,룸 이용료
2023-04-04,2,4,Spring,0,0,0,담하,룸 이용료
2023-04-05,0,4,Spring,0,0,0,담하,룸 이용료
2023-04-06,2,4,Spring,0,0,0,담하,룸 이용료
2023-04-07,0,4,Spring,0,0,0,담하,룸 이용료
2023-04-08,0,4,Spring,1,0,1,담하,룸 이용료
2023-04-09,0,4,Spring,1,0,1,담하,룸 이용료
2023-04-10,0,4,Spring,0,0,0,담하,룸 이용료
2023-04-11,0,4,Spring,0,0,0,담하,룸 이용료
2023-04-12,0,4,Spring,0,0,0,담하,룸 이용료
2023-04-13,2,4,Spring,0,0,0,담하,룸 이용료
2023-04-14,4,4,Spring,0,0,0,담하,룸 이용료
2023-04-15,0,4,Spring,1,0,1,담하,룸 이용료
2023-04-16,2,4,Spring,1,0,1,담하,룸 이용료
2023-04-17,0,4,Spring,0,0,0,담하,룸 이용료
2023-04-18,0,4,Spring,0,0,0,담하,룸 이용료
2023-04-19,0,4,Spring,0,0,0,담하,룸 이용료
2023-04-20,0,4,Spring,0,0,0,담하,룸 이용료
2023-04-21,0,4,Spring,0,0,0,담하,룸 이용료
2023-04-22,0,4,Spring,1,0,1,담하,룸 이용료
2023-04-23,0,4,Spring,1,0,1,담하,룸 이용료
2023-04-24,0,4,Spring,0,0,0,담하,룸 이용료
2023-04-25,0,4,Spring,0,0,0,담하,룸 이용료
2023-04-26,1,4,Spring,0,0,0,담하,룸 이용료
2023-04-27,0,4,Spring,0,0,0,담하,룸 이용료
2023-04-28,1,4,Spring,0,0,0,담하,룸 이용료
2023-04-29,3,4,Spring,1,0,1,담하,룸 이용료
2023-04-30,0,4,Spring,1,0,1,담하,룸 이용료
2023-05-01,1,5,Spring,0,0,0,담하,룸 이용료
2023-05-02,1,5,Spring,0,0,0,담하,룸 이용료
2023-05-03,0,5,Spring,0,0,0,담하,룸 이용료
2023-05-04,0,5,Spring,0,0,0,담하,룸 이용료
2023-05-05,2,5,Spring,0,1,1,담하,룸 이용료
2023-05-06,0,5,Spring,1,0,1,담하,룸 이용료
2023-05-07,1,5,Spring,1,0,1,담하,룸 이용료
2023-05-08,0,5,Spring,0,0,0,담하,룸 이용료
2023-05-09,2,5,Spring,0,0,0,담하,룸 이용료
2023-05-10,0,5,Spring,0,0,0,담하,룸 이용료
2023-05-11,0,5,Spring,0,0,0,담하,룸 이용료
2023-05-12,0,5,Spring,0,0,0,담하,룸 이용료
2023-05-13,0,5,Spring,1,0,1,담하,룸 이용료
2023-05-14,1,5,Spring,1,0,1,담하,룸 이용료
2023-05-15,0,5,Spring,0,0,0,담하,룸 이용료
2023-05-16,1,5,Spring,0,0,0,담하,룸 이용료
2023-05-17,1,5,Spring,0,0,0,담하,룸 이용료
2023-05-18,4,5,Spring,0,0,0,담하,룸 이용료
2023-05-19,0,5,Spring,0,0,0,담하,룸 이용료
2023-05-20,0,5,Spring,1,0,1,담하,룸 이용료
2023-05-21,0,5,Spring,1,0,1,담하,룸 이용료
2023-05-22,0,5,Spring,0,0,0,담하,룸 이용료
2023-05-23,0,5,Spring,0,0,0,담하,룸 이용료
2023-05-24,0,5,Spring,0,0,0,담하,룸 이용료
2023-05-25,0,5,Spring,0,0,0,담하,룸 이용료
2023-05-26,0,5,Spring,0,0,0,담하,룸 이용료
2023-05-27,0,5,Spring,1,1,1,담하,룸 이용료
2023-05-28,0,5,Spring,1,0,1,담하,룸 이용료
2023-05-29,0,5,Spring,0,1,1,담하,룸 이용료
2023-05-30,0,5,Spring,0,0,0,담하,룸 이용료
2023-05-31,0,5,Spring,0,0,0,담하,룸 이용료
2023-06-01,0,6,Summer,0,0,0,담하,룸 이용료
2023-06-02,0,6,Summer,0,0,0,담하,룸 이용료
2023-06-03,1,6,Summer,1,0,1,담하,룸 이용료
2023-06-04,0,6,Summer,1,0,1,담하,룸 이용료
2023-06-05,0,6,Summer,0,0,0,담하,룸 이용료
2023-06-06,0,6,Summer,0,1,1,담하,룸 이용료
2023-06-07,2,6,Summer,0,0,0,담하,룸 이용료
2023-06-08,0,6,Summer,0,0,0,담하,룸 이용료
2023-06-09,0,6,Summer,0,0,0,담하,룸 이용료
2023-06-10,2,6,Summer,1,0,1,담하,룸 이용료
2023-06-11,0,6,Summer,1,0,1,담하,룸 이용료
2023-06-12,0,6,Summer,0,0,0,담하,룸 이용료
2023-06-13,0,6,Summer,0,0,0,담하,룸 이용료
2023-06-14,0,6,Summer,0,0,0,담하,룸 이용료
2023-06-15,0,6,Summer,0,0,0,담하,룸 이용료
2023-06-16,0,6,Summer,0,0,0,담하,룸 이용료
2023-06-17,0,6,Summer,1,0,1,담하,룸 이용료
2023-06-18,0,6,Summer,1,0,1,담하,룸 이용료
2023-06-19,0,6,Summer,0,0,0,담하,룸 이용료
2023-06-20,0,6,Summer,0,0,0,담하,룸 이용료
2023-06-21,0,6,Summer,0,0,0,담하,룸 이용료
2023-06-22,0,6,Summer,0,0,0,담하,룸 이용료
2023-06-23,1,6,Summer,0,0,0,담하,룸 이용료
2023-06-24,1,6,Summer,1,0,1,담하,룸 이용료
2023-06-25,0,6,Summer,1,0,1,담하,룸 이용료
2023-06-26,2,6,Summer,0,0,0,담하,룸 이용료
2023-06-27,0,6,Summer,0,0,0,담하,룸 이용료
2023-06-28,0,6,Summer,0,0,0,담하,룸 이용료
2023-06-29,4,6,Summer,0,0,0,담하,룸 이용료
2023-06-30,1,6,Summer,0,0,0,담하,룸 이용료
2023-07-01,0,7,Summer,1,0,1,담하,룸 이용료
2023-07-02,1,7,Summer,1,0,1,담하,룸 이용료
2023-07-03,0,7,Summer,0,0,0,담하,룸 이용료
2023-07-04,0,7,Summer,0,0,0,담하,룸 이용료
2023-07-05,2,7,Summer,0,0,0,담하,룸 이용료
2023-07-06,0,7,Summer,0,0,0,담하,룸 이용료
2023-07-07,5,7,Summer,0,0,0,담하,룸 이용료
2023-07-08,0,7,Summer,1,0,1,담하,룸 이용료
2023-07-09,0,7,Summer,1,0,1,담하,룸 이용료
2023-07-10,0,7,Summer,0,0,0,담하,룸 이용료
2023-07-11,0,7,Summer,0,0,0,담하,룸 이용료
2023-07-12,0,7,Summer,0,0,0,담하,룸 이용료
2023-07-13,0,7,Summer,0,0,0,담하,룸 이용료
2023-07-14,2,7,Summer,0,0,0,담하,룸 이용료
2023-07-15,2,7,Summer,1,0,1,담하,룸 이용료
2023-07-16,0,7,Summer,1,0,1,담하,룸 이용료
2023-07-17,0,7,Summer,0,0,0,담하,룸 이용료
2023-07-18,0,7,Summer,0,0,0,담하,룸 이용료
2023-07-19,0,7,Summer,0,0,0,담하,룸 이용료
2023-07-20,0,7,Summer,0,0,0,담하,룸 이용료
2023-07-21,0,7,Summer,0,0,0,담하,룸 이용료
2023-07-22,0,7,Summer,1,0,1,담하,룸 이용료
2023-07-23,1,7,Summer,1,0,1,담하,룸 이용료
2023-07-24,0,7,Summer,0,0,0,담하,룸 이용료
2023-07-25,0,7,Summer,0,0,0,담하,룸 이용료
2023-07-26,0,7,Summer,0,0,0,담하,룸 이용료
2023-07-27,0,7,Summer,0,0,0,담하,룸 이용료
2023-07-28,1,7,Summer,0,0,0,담하,룸 이용료
2023-07-29,0,7,Summer,1,0,1,담하,룸 이용료
2023-07-30,1,7,Summer,1,0,1,담하,룸 이용료
2023-07-31,1,7,Summer,0,0,0,담하,룸 이용료
2023-08-01,0,8,Summer,0,0,0,담하,룸 이용료
2023-08-02,0,8,Summer,0,0,0,담하,룸 이용료
2023-08-03,0,8,Summer,0,0,0,담하,룸 이용료
2023-08-04,0,8,Summer,0,0,0,담하,룸 이용료
2023-08-05,0,8,Summer,1,0,1,담하,룸 이용료
2023-08-06,0,8,Summer,1,0,1,담하,룸 이용료
2023-08-07,0,8,Summer,0,0,0,담하,룸 이용료
2023-08-08,0,8,Summer,0,0,0,담하,룸 이용료
2023-08-09,0,8,Summer,0,0,0,담하,룸 이용료
2023-08-10,0,8,Summer,0,0,0,담하,룸 이용료
2023-08-11,0,8,Summer,0,0,0,담하,룸 이용료
2023-08-12,0,8,Summer,1,0,1,담하,룸 이용료
2023-08-13,0,8,Summer,1,0,1,담하,룸 이용료
2023-08-14,0,8,Summer,0,0,0,담하,룸 이용료
2023-08-15,0,8,Summer,0,1,1,담하,룸 이용료
2023-08-16,1,8,Summer,0,0,0,담하,룸 이용료
2023-08-17,0,8,Summer,0,0,0,담하,룸 이용료
2023-08-18,0,8,Summer,0,0,0,담하,룸 이용료
2023-08-19,0,8,Summer,1,0,1,담하,룸 이용료
2023-08-20,0,8,Summer,1,0,1,담하,룸 이용료
2023-08-21,0,8,Summer,0,0,0,담하,룸 이용료
2023-08-22,0,8,Summer,0,0,0,담하,룸 이용료
2023-08-23,0,8,Summer,0,0,0,담하,룸 이용료
2023-08-24,0,8,Summer,0,0,0,담하,룸 이용료
2023-08-25,1,8,Summer,0,0,0,담하,룸 이용료
2023-08-26,1,8,Summer,1,0,1,담하,룸 이용료
2023-08-27,0,8,Summer,1,0,1,담하,룸 이용료
2023-08-28,0,8,Summer,0,0,0,담하,룸 이용료
2023-08-29,0,8,Summer,0,0,0,담하,룸 이용료
2023-08-30,0,8,Summer,0,0,0,담하,룸 이용료
2023-08-31,4,8,Summer,0,0,0,담하,룸 이용료
2023-09-01,1,9,Autumn,0,0,0,담하,룸 이용료
2023-09-02,0,9,Autumn,1,0,1,담하,룸 이용료
2023-09-03,0,9,Autumn,1,0,1,담하,룸 이용료
2023-09-04,0,9,Autumn,0,0,0,담하,룸 이용료
2023-09-05,0,9,Autumn,0,0,0,담하,룸 이용료
2023-09-06,0,9,Autumn,0,0,0,담하,룸 이용료
2023-09-07,0,9,Autumn,0,0,0,담하,룸 이용료
2023-09-08,0,9,Autumn,0,0,0,담하,룸 이용료
2023-09-09,1,9,Autumn,1,0,1,담하,룸 이용료
2023-09-10,0,9,Autumn,1,0,1,담하,룸 이용료
2023-09-11,0,9,Autumn,0,0,0,담하,룸 이용료
2023-09-12,0,9,Autumn,0,0,0,담하,룸 이용료
2023-09-13,0,9,Autumn,0,0,0,담하,룸 이용료
2023-09-14,0,9,Autumn,0,0,0,담하,룸 이용료
2023-09-15,0,9,Autumn,0,0,0,담하,룸 이용료
2023-09-16,4,9,Autumn,1,0,1,담하,룸 이용료
2023-09-17,0,9,Autumn,1,0,1,담하,룸 이용료
2023-09-18,11,9,Autumn,0,0,0,담하,룸 이용료
2023-09-19,0,9,Autumn,0,0,0,담하,룸 이용료
2023-09-20,0,9,Autumn,0,0,0,담하,룸 이용료
2023-09-21,2,9,Autumn,0,0,0,담하,룸 이용료
2023-09-22,1,9,Autumn,0,0,0,담하,룸 이용료
2023-09-23,2,9,Autumn,1,0,1,담하,룸 이용료
2023-09-24,0,9,Autumn,1,0,1,담하,룸 이용료
2023-09-25,0,9,Autumn,0,0,0,담하,룸 이용료
2023-09-26,0,9,Autumn,0,0,0,담하,룸 이용료
2023-09-27,0,9,Autumn,0,0,0,담하,룸 이용료
2023-09-28,4,9,Autumn,0,1,1,담하,룸 이용료
2023-09-29,1,9,Autumn,0,1,1,담하,룸 이용료
2023-09-30,1,9,Autumn,1,1,1,담하,룸 이용료
2023-10-01,0,10,Autumn,1,0,1,담하,룸 이용료
2023-10-02,0,10,Autumn,0,1,1,담하,룸 이용료
2023-10-03,1,10,Autumn,0,1,1,담하,룸 이용료
2023-10-04,0,10,Autumn,0,0,0,담하,룸 이용료
2023-10-05,0,10,Autumn,0,0,0,담하,룸 이용료
2023-10-06,0,10,Autumn,0,0,0,담하,룸 이용료
2023-10-07,0,10,Autumn,1,0,1,담하,룸 이용료
2023-10-08,1,10,Autumn,1,0,1,담하,룸 이용료
2023-10-09,1,10,Autumn,0,1,1,담하,룸 이용료
2023-10-10,0,10,Autumn,0,0,0,담하,룸 이용료
2023-10-11,0,10,Autumn,0,0,0,담하,룸 이용료
2023-10-12,1,10,Autumn,0,0,0,담하,룸 이용료
2023-10-13,1,10,Autumn,0,0,0,담하,룸 이용료
2023-10-14,1,10,Autumn,1,0,1,담하,룸 이용료
2023-10-15,0,10,Autumn,1,0,1,담하,룸 이용료
2023-10-16,0,10,Autumn,0,0,0,담하,룸 이용료
2023-10-17,0,10,Autumn,0,0,0,담하,룸 이용료
2023-10-18,0,10,Autumn,0,0,0,담하,룸 이용료
2023-10-19,0,10,Autumn,0,0,0,담하,룸 이용료
2023-10-20,0,10,Autumn,0,0,0,담하,룸 이용료
2023-10-21,1,10,Autumn,1,0,1,담하,룸 이용료
2023-10-22,0,10,Autumn,1,0,1,담하,룸 이용료
2023-10-23,0,10,Autumn,0,0,0,담하,룸 이용료
2023-10-24,4,10,Autumn,0,0,0,담하,룸 이용료
2023-10-25,1,10,Autumn,0,0,0,담하,룸 이용료
2023-10-26,0,10,Autumn,0,0,0,담하,룸 이용료
2023-10-27,1,10,Autumn,0,0,0,담하,룸 이용료
2023-10-28,0,10,Autumn,1,0,1,담하,룸 이용료
2023-10-29,1,10,Autumn,1,0,1,담하,룸 이용료
2023-10-30,0,10,Autumn,0,0,0,담하,룸 이용료
2023-10-31,2,10,Autumn,0,0,0,담하,룸 이용료
2023-11-01,0,11,Autumn,0,0,0,담하,룸 이용료
2023-11-02,0,11,Autumn,0,0,0,담하,룸 이용료
2023-11-03,0,11,Autumn,0,0,0,담하,룸 이용료
2023-11-04,0,11,Autumn,1,0,1,담하,룸 이용료
2023-11-05,1,11,Autumn,1,0,1,담하,룸 이용료
2023-11-06,0,11,Autumn,0,0,0,담하,룸 이용료
2023-11-07,0,11,Autumn,0,0,0,담하,룸 이용료
2023-11-08,0,11,Autumn,0,0,0,담하,룸 이용료
2023-11-09,1,11,Autumn,0,0,0,담하,룸 이용료
2023-11-10,2,11,Autumn,0,0,0,담하,룸 이용료
2023-11-11,2,11,Autumn,1,0,1,담하,룸 이용료
2023-11-12,1,11,Autumn,1,0,1,담하,룸 이용료
2023-11-13,0,11,Autumn,0,0,0,담하,룸 이용료
2023-11-14,0,11,Autumn,0,0,0,담하,룸 이용료
2023-11-15,0,11,Autumn,0,0,0,담하,룸 이용료
2023-11-16,0,11,Autumn,0,0,0,담하,룸 이용료
2023-11-17,0,11,Autumn,0,0,0,담하,룸 이용료
2023-11-18,0,11,Autumn,1,0,1,담하,룸 이용료
2023-11-19,0,11,Autumn,1,0,1,담하,룸 이용료
2023-11-20,0,11,Autumn,0,0,0,담하,룸 이용료
2023-11-21,0,11,Autumn,0,0,0,담하,룸 이용료
2023-11-22,3,11,Autumn,0,0,0,담하,룸 이용료
2023-11-23,0,11,Autumn,0,0,0,담하,룸 이용료
2023-11-24,4,11,Autumn,0,0,0,담하,룸 이용료
2023-11-25,5,11,Autumn,1,0,1,담하,룸 이용료
2023-11-26,0,11,Autumn,1,0,1,담하,룸 이용료
2023-11-27,0,11,Autumn,0,0,0,담하,룸 이용료
2023-11-28,0,11,Autumn,0,0,0,담하,룸 이용료
2023-11-29,0,11,Autumn,0,0,0,담하,룸 이용료
2023-11-30,0,11,Autumn,0,0,0,담하,룸 이용료
2023-12-01,0,12,Winter,0,0,0,담하,룸 이용료
2023-12-02,0,12,Winter,1,0,1,담하,룸 이용료
2023-12-03,0,12,Winter,1,0,1,담하,룸 이용료
2023-12-04,0,12,Winter,0,0,0,담하,룸 이용료
2023-12-05,2,12,Winter,0,0,0,담하,룸 이용료
2023-12-06,4,12,Winter,0,0,0,담하,룸 이용료
2023-12-07,4,12,Winter,0,0,0,담하,룸 이용료
2023-12-08,0,12,Winter,0,0,0,담하,룸 이용료
2023-12-09,2,12,Winter,1,0,1,담하,룸 이용료
2023-12-10,0,12,Winter,1,0,1,담하,룸 이용료
2023-12-11,8,12,Winter,0,0,0,담하,룸 이용료
2023-12-12,0,12,Winter,0,0,0,담하,룸 이용료
2023-12-13,0,12,Winter,0,0,0,담하,룸 이용료
2023-12-14,6,12,Winter,0,0,0,담하,룸 이용료
2023-12-15,4,12,Winter,0,0,0,담하,룸 이용료
2023-12-16,1,12,Winter,1,0,1,담하,룸 이용료
2023-12-17,0,12,Winter,1,0,1,담하,룸 이용료
2023-12-18,0,12,Winter,0,0,0,담하,룸 이용료
2023-12-19,0,12,Winter,0,0,0,담하,룸 이용료
2023-12-20,0,12,Winter,0,0,0,담하,룸 이용료
2023-12-21,1,12,Winter,0,0,0,담하,룸 이용료
2023-12-22,1,12,Winter,0,0,0,담하,룸 이용료
2023-12-23,0,12,Winter,1,0,1,담하,룸 이용료
2023-12-24,0,12,Winter,1,0,1,담하,룸 이용료
2023-12-25,0,12,Winter,0,1,1,담하,룸 이용료
2023-12-26,1,12,Winter,0,0,0,담하,룸 이용료
2023-12-27,1,12,Winter,0,0,0,담하,룸 이용료
2023-12-28,0,12,Winter,0,0,0,담하,룸 이용료
2023-12-29,0,12,Winter,0,0,0,담하,룸 이용료
2023-12-30,0,12,Winter,1,0,1,담하,룸 이용료
2023-12-31,1,12,Winter,1,0,1,담하,룸 이용료
2024-01-01,2,1,Winter,0,1,1,담하,룸 이용료
2024-01-02,2,1,Winter,0,0,0,담하,룸 이용료
2024-01-03,0,1,Winter,0,0,0,담하,룸 이용료
2024-01-04,0,1,Winter,0,0,0,담하,룸 이용료
2024-01-05,0,1,Winter,0,0,0,담하,룸 이용료
2024-01-06,2,1,Winter,1,0,1,담하,룸 이용료
2024-01-07,1,1,Winter,1,0,1,담하,룸 이용료
2024-01-08,0,1,Winter,0,0,0,담하,룸 이용료
2024-01-09,2,1,Winter,0,0,0,담하,룸 이용료
2024-01-10,1,1,Winter,0,0,0,담하,룸 이용료
2024-01-11,5,1,Winter,0,0,0,담하,룸 이용료
2024-01-12,2,1,Winter,0,0,0,담하,룸 이용료
2024-01-13,0,1,Winter,1,0,1,담하,룸 이용료
2024-01-14,1,1,Winter,1,0,1,담하,룸 이용료
2024-01-15,0,1,Winter,0,0,0,담하,룸 이용료
2024-01-16,1,1,Winter,0,0,0,담하,룸 이용료
2024-01-17,0,1,Winter,0,0,0,담하,룸 이용료
2024-01-18,0,1,Winter,0,0,0,담하,룸 이용료
2024-01-19,0,1,Winter,0,0,0,담하,룸 이용료
2024-01-20,0,1,Winter,1,0,1,담하,룸 이용료
2024-01-21,0,1,Winter,1,0,1,담하,룸 이용료
2024-01-22,0,1,Winter,0,0,0,담하,룸 이용료
2024-01-23,0,1,Winter,0,0,0,담하,룸 이용료
2024-01-24,0,1,Winter,0,0,0,담하,룸 이용료
2024-01-25,0,1,Winter,0,0,0,담하,룸 이용료
2024-01-26,0,1,Winter,0,0,0,담하,룸 이용료
2024-01-27,0,1,Winter,1,0,1,담하,룸 이용료
2024-01-28,0,1,Winter,1,0,1,담하,룸 이용료
2024-01-29,0,1,Winter,0,0,0,담하,룸 이용료
2024-01-30,2,1,Winter,0,0,0,담하,룸 이용료
2024-01-31,0,1,Winter,0,0,0,담하,룸 이용료
2024-02-01,0,2,Winter,0,0,0,담하,룸 이용료
2024-02-02,0,2,Winter,0,0,0,담하,룸 이용료
2024-02-03,1,2,Winter,1,0,1,담하,룸 이용료
2024-02-04,0,2,Winter,1,0,1,담하,룸 이용료
2024-02-05,0,2,Winter,0,0,0,담하,룸 이용료
2024-02-06,0,2,Winter,0,0,0,담하,룸 이용료
2024-02-07,0,2,Winter,0,0,0,담하,룸 이용료
2024-02-08,0,2,Winter,0,0,0,담하,룸 이용료
2024-02-09,0,2,Winter,0,1,1,담하,룸 이용료
2024-02-10,0,2,Winter,1,1,1,담하,룸 이용료
2024-02-11,1,2,Winter,1,1,1,담하,룸 이용료
2024-02-12,0,2,Winter,0,1,1,담하,룸 이용료
2024-02-13,1,2,Winter,0,0,0,담하,룸 이용료
2024-02-14,2,2,Winter,0,0,0,담하,룸 이용료
2024-02-15,6,2,Winter,0,0,0,담하,룸 이용료
2024-02-16,0,2,Winter,0,0,0,담하,룸 이용료
2024-02-17,4,2,Winter,1,0,1,담하,룸 이용료
2024-02-18,0,2,Winter,1,0,1,담하,룸 이용료
2024-02-19,0,2,Winter,0,0,0,담하,룸 이용료
2024-02-20,0,2,Winter,0,0,0,담하,룸 이용료
2024-02-21,0,2,Winter,0,0,0,담하,룸 이용료
2024-02-22,2,2,Winter,0,0,0,담하,룸 이용료
2024-02-23,0,2,Winter,0,0,0,담하,룸 이용료
2024-02-24,0,2,Winter,1,0,1,담하,룸 이용료
2024-02-25,1,2,Winter,1,0,1,담하,룸 이용료
2024-02-26,0,2,Winter,0,0,0,담하,룸 이용료
2024-02-27,0,2,Winter,0,0,0,담하,룸 이용료
2024-02-28,0,2,Winter,0,0,0,담하,룸 이용료
2024-02-29,1,2,Winter,0,0,0,담하,룸 이용료
2024-03-01,0,3,Spring,0,1,1,담하,룸 이용료
2024-03-02,0,3,Spring,1,0,1,담하,룸 이용료
2024-03-03,0,3,Spring,1,0,1,담하,룸 이용료
2024-03-04,0,3,Spring,0,0,0,담하,룸 이용료
2024-03-05,0,3,Spring,0,0,0,담하,룸 이용료
2024-03-06,0,3,Spring,0,0,0,담하,룸 이용료
2024-03-07,0,3,Spring,0,0,0,담하,룸 이용료
2024-03-08,0,3,Spring,0,0,0,담하,룸 이용료
2024-03-09,0,3,Spring,1,0,1,담하,룸 이용료
2024-03-10,0,3,Spring,1,0,1,담하,룸 이용료
2024-03-11,0,3,Spring,0,0,0,담하,룸 이용료
2024-03-12,0,3,Spring,0,0,0,담하,룸 이용료
2024-03-13,0,3,Spring,0,0,0,담하,룸 이용료
2024-03-14,4,3,Spring,0,0,0,담하,룸 이용료
2024-03-15,0,3,Spring,0,0,0,담하,룸 이용료
2024-03-16,2,3,Spring,1,0,1,담하,룸 이용료
2024-03-17,0,3,Spring,1,0,1,담하,룸 이용료
2024-03-18,0,3,Spring,0,0,0,담하,룸 이용료
2024-03-19,0,3,Spring,0,0,0,담하,룸 이용료
2024-03-20,0,3,Spring,0,0,0,담하,룸 이용료
2024-03-21,0,3,Spring,0,0,0,담하,룸 이용료
2024-03-22,0,3,Spring,0,0,0,담하,룸 이용료
2024-03-23,1,3,Spring,1,0,1,담하,룸 이용료
2024-03-24,1,3,Spring,1,0,1,담하,룸 이용료
2024-03-25,0,3,Spring,0,0,0,담하,룸 이용료
2024-03-26,4,3,Spring,0,0,0,담하,룸 이용료
2024-03-27,0,3,Spring,0,0,0,담하,룸 이용료
2024-03-28,0,3,Spring,0,0,0,담하,룸 이용료
2024-03-29,1,3,Spring,0,0,0,담하,룸 이용료
2024-03-30,1,3,Spring,1,0,1,담하,룸 이용료
2024-03-31,0,3,Spring,1,0,1,담하,룸 이용료
2024-04-01,1,4,Spring,0,0,0,담하,룸 이용료
2024-04-02,1,4,Spring,0,0,0,담하,룸 이용료
2024-04-03,0,4,Spring,0,0,0,담하,룸 이용료
2024-04-04,0,4,Spring,0,0,0,담하,룸 이용료
2024-04-05,0,4,Spring,0,0,0,담하,룸 이용료
2024-04-06,0,4,Spring,1,0,1,담하,룸 이용료
2024-04-07,0,4,Spring,1,0,1,담하,룸 이용료
2024-04-08,0,4,Spring,0,0,0,담하,룸 이용료
2024-04-09,0,4,Spring,0,0,0,담하,룸 이용료
2024-04-10,0,4,Spring,0,1,1,담하,룸 이용료
2024-04-11,0,4,Spring,0,0,0,담하,룸 이용료
2024-04-12,1,4,Spring,0,0,0,담하,룸 이용료
2024-04-13,0,4,Spring,1,0,1,담하,룸 이용료
2024-04-14,1,4,Spring,1,0,1,담하,룸 이용료
2024-04-15,0,4,Spring,0,0,0,담하,룸 이용료
2024-04-16,0,4,Spring,0,0,0,담하,룸 이용료
2024-04-17,0,4,Spring,0,0,0,담하,룸 이용료
2024-04-18,0,4,Spring,0,0,0,담하,룸 이용료
2024-04-19,0,4,Spring,0,0,0,담하,룸 이용료
2024-04-20,0,4,Spring,1,0,1,담하,룸 이용료
2024-04-21,0,4,Spring,1,0,1,담하,룸 이용료
2024-04-22,0,4,Spring,0,0,0,담하,룸 이용료
2024-04-23,0,4,Spring,0,0,0,담하,룸 이용료
2024-04-24,0,4,Spring,0,0,0,담하,룸 이용료
2024-04-25,0,4,Spring,0,0,0,담하,룸 이용료
2024-04-26,0,4,Spring,0,0,0,담하,룸 이용료
2024-04-27,0,4,Spring,1,0,1,담하,룸 이용료
2024-04-28,1,4,Spring,1,0,1,담하,룸 이용료
2024-04-29,0,4,Spring,0,0,0,담하,룸 이용료
2024-04-30,1,4,Spring,0,0,0,담하,룸 이용료
2024-05-01,0,5,Spring,0,0,0,담하,룸 이용료
2024-05-02,0,5,Spring,0,0,0,담하,룸 이용료
2024-05-03,0,5,Spring,0,0,0,담하,룸 이용료
2024-05-04,0,5,Spring,1,0,1,담하,룸 이용료
2024-05-05,0,5,Spring,1,1,1,담하,룸 이용료
2024-05-06,0,5,Spring,0,1,1,담하,룸 이용료
2024-05-07,2,5,Spring,0,0,0,담하,룸 이용료
2024-05-08,0,5,Spring,0,0,0,담하,룸 이용료
2024-05-09,0,5,Spring,0,0,0,담하,룸 이용료
2024-05-10,2,5,Spring,0,0,0,담하,룸 이용료
2024-05-11,1,5,Spring,1,0,1,담하,룸 이용료
2024-05-12,2,5,Spring,1,0,1,담하,룸 이용료
2024-05-13,0,5,Spring,0,0,0,담하,룸 이용료
2024-05-14,0,5,Spring,0,0,0,담하,룸 이용료
2024-05-15,1,5,Spring,0,1,1,담하,룸 이용료
2024-05-16,1,5,Spring,0,0,0,담하,룸 이용료
2024-05-17,0,5,Spring,0,0,0,담하,룸 이용료
2024-05-18,0,5,Spring,1,0,1,담하,룸 이용료
2024-05-19,0,5,Spring,1,0,1,담하,룸 이용료
2024-05-20,0,5,Spring,0,0,0,담하,룸 이용료
2024-05-21,0,5,Spring,0,0,0,담하,룸 이용료
2024-05-22,0,5,Spring,0,0,0,담하,룸 이용료
2024-05-23,0,5,Spring,0,0,0,담하,룸 이용료
2024-05-24,0,5,Spring,0,0,0,담하,룸 이용료
2024-05-25,0,5,Spring,1,0,1,담하,룸 이용료
2024-05-26,0,5,Spring,1,0,1,담하,룸 이용료
2024-05-27,0,5,Spring,0,0,0,담하,룸 이용료
2024-05-28,2,5,Spring,0,0,0,담하,룸 이용료
2024-05-29,0,5,Spring,0,0,0,담하,룸 이용료
2024-05-30,2,5,Spring,0,0,0,담하,룸 이용료
2024-05-31,2,5,Spring,0,0,0,담하,룸 이용료
2024-06-01,3,6,Summer,1,0,1,담하,룸 이용료
2024-06-02,0,6,Summer,1,0,1,담하,룸 이용료
2024-06-03,0,6,Summer,0,0,0,담하,룸 이용료
2024-06-04,0,6,Summer,0,0,0,담하,룸 이용료
2024-06-05,0,6,Summer,0,0,0,담하,룸 이용료
2024-06-06,0,6,Summer,0,1,1,담하,룸 이용료
2024-06-07,0,6,Summer,0,0,0,담하,룸 이용료
2024-06-08,0,6,Summer,1,0,1,담하,룸 이용료
2024-06-09,0,6,Summer,1,0,1,담하,룸 이용료
2024-06-10,2,6,Summer,0,0,0,담하,룸 이용료
2024-06-11,0,6,Summer,0,0,0,담하,룸 이용료
2024-06-12,0,6,Summer,0,0,0,담하,룸 이용료
2024-06-13,0,6,Summer,0,0,0,담하,룸 이용료
2024-06-14,0,6,Summer,0,0,0,담하,룸 이용료
2024-06-15,0,6,Summer,1,0,1,담하,룸 이용료
2023-01-01,14,1,Winter,1,1,1,담하,메밀면 사리
2023-01-02,7,1,Winter,0,0,0,담하,메밀면 사리
2023-01-03,5,1,Winter,0,0,0,담하,메밀면 사리
2023-01-04,0,1,Winter,0,0,0,담하,메밀면 사리
2023-01-05,3,1,Winter,0,0,0,담하,메밀면 사리
2023-01-06,5,1,Winter,0,0,0,담하,메밀면 사리
2023-01-07,6,1,Winter,1,0,1,담하,메밀면 사리
2023-01-08,10,1,Winter,1,0,1,담하,메밀면 사리
2023-01-09,4,1,Winter,0,0,0,담하,메밀면 사리
2023-01-10,5,1,Winter,0,0,0,담하,메밀면 사리
2023-01-11,4,1,Winter,0,0,0,담하,메밀면 사리
2023-01-12,4,1,Winter,0,0,0,담하,메밀면 사리
2023-01-13,5,1,Winter,0,0,0,담하,메밀면 사리
2023-01-14,7,1,Winter,1,0,1,담하,메밀면 사리
2023-01-15,7,1,Winter,1,0,1,담하,메밀면 사리
2023-01-16,2,1,Winter,0,0,0,담하,메밀면 사리
2023-01-17,5,1,Winter,0,0,0,담하,메밀면 사리
2023-01-18,2,1,Winter,0,0,0,담하,메밀면 사리
2023-01-19,3,1,Winter,0,0,0,담하,메밀면 사리
2023-01-20,13,1,Winter,0,0,0,담하,메밀면 사리
2023-01-21,11,1,Winter,1,1,1,담하,메밀면 사리
2023-01-22,16,1,Winter,1,1,1,담하,메밀면 사리
2023-01-23,23,1,Winter,0,1,1,담하,메밀면 사리
2023-01-24,4,1,Winter,0,1,1,담하,메밀면 사리
2023-01-25,1,1,Winter,0,0,0,담하,메밀면 사리
2023-01-26,3,1,Winter,0,0,0,담하,메밀면 사리
2023-01-27,4,1,Winter,0,0,0,담하,메밀면 사리
2023-01-28,9,1,Winter,1,0,1,담하,메밀면 사리
2023-01-29,7,1,Winter,1,0,1,담하,메밀면 사리
2023-01-30,8,1,Winter,0,0,0,담하,메밀면 사리
2023-01-31,6,1,Winter,0,0,0,담하,메밀면 사리
2023-02-01,5,2,Winter,0,0,0,담하,메밀면 사리
2023-02-02,5,2,Winter,0,0,0,담하,메밀면 사리
2023-02-03,10,2,Winter,0,0,0,담하,메밀면 사리
2023-02-04,10,2,Winter,1,0,1,담하,메밀면 사리
2023-02-05,12,2,Winter,1,0,1,담하,메밀면 사리
2023-02-06,3,2,Winter,0,0,0,담하,메밀면 사리
2023-02-07,0,2,Winter,0,0,0,담하,메밀면 사리
2023-02-08,9,2,Winter,0,0,0,담하,메밀면 사리
2023-02-09,2,2,Winter,0,0,0,담하,메밀면 사리
2023-02-10,2,2,Winter,0,0,0,담하,메밀면 사리
2023-02-11,10,2,Winter,1,0,1,담하,메밀면 사리
2023-02-12,7,2,Winter,1,0,1,담하,메밀면 사리
2023-02-13,5,2,Winter,0,0,0,담하,메밀면 사리
2023-02-14,5,2,Winter,0,0,0,담하,메밀면 사리
2023-02-15,0,2,Winter,0,0,0,담하,메밀면 사리
2023-02-16,8,2,Winter,0,0,0,담하,메밀면 사리
2023-02-17,9,2,Winter,0,0,0,담하,메밀면 사리
2023-02-18,4,2,Winter,1,0,1,담하,메밀면 사리
2023-02-19,8,2,Winter,1,0,1,담하,메밀면 사리
2023-02-20,4,2,Winter,0,0,0,담하,메밀면 사리
2023-02-21,4,2,Winter,0,0,0,담하,메밀면 사리
2023-02-22,0,2,Winter,0,0,0,담하,메밀면 사리
2023-02-23,3,2,Winter,0,0,0,담하,메밀면 사리
2023-02-24,8,2,Winter,0,0,0,담하,메밀면 사리
2023-02-25,20,2,Winter,1,0,1,담하,메밀면 사리
2023-02-26,2,2,Winter,1,0,1,담하,메밀면 사리
2023-02-27,3,2,Winter,0,0,0,담하,메밀면 사리
2023-02-28,0,2,Winter,0,0,0,담하,메밀면 사리
2023-03-01,1,3,Spring,0,1,1,담하,메밀면 사리
2023-03-02,0,3,Spring,0,0,0,담하,메밀면 사리
2023-03-03,0,3,Spring,0,0,0,담하,메밀면 사리
2023-03-04,0,3,Spring,1,0,1,담하,메밀면 사리
2023-03-05,0,3,Spring,1,0,1,담하,메밀면 사리
2023-03-06,0,3,Spring,0,0,0,담하,메밀면 사리
2023-03-07,0,3,Spring,0,0,0,담하,메밀면 사리
2023-03-08,0,3,Spring,0,0,0,담하,메밀면 사리
2023-03-09,0,3,Spring,0,0,0,담하,메밀면 사리
2023-03-10,1,3,Spring,0,0,0,담하,메밀면 사리
2023-03-11,5,3,Spring,1,0,1,담하,메밀면 사리
2023-03-12,2,3,Spring,1,0,1,담하,메밀면 사리
2023-03-13,0,3,Spring,0,0,0,담하,메밀면 사리
2023-03-14,0,3,Spring,0,0,0,담하,메밀면 사리
2023-03-15,0,3,Spring,0,0,0,담하,메밀면 사리
2023-03-16,0,3,Spring,0,0,0,담하,메밀면 사리
2023-03-17,5,3,Spring,0,0,0,담하,메밀면 사리
2023-03-18,8,3,Spring,1,0,1,담하,메밀면 사리
2023-03-19,1,3,Spring,1,0,1,담하,메밀면 사리
2023-03-20,0,3,Spring,0,0,0,담하,메밀면 사리
2023-03-21,0,3,Spring,0,0,0,담하,메밀면 사리
2023-03-22,0,3,Spring,0,0,0,담하,메밀면 사리
2023-03-23,0,3,Spring,0,0,0,담하,메밀면 사리
2023-03-24,9,3,Spring,0,0,0,담하,메밀면 사리
2023-03-25,4,3,Spring,1,0,1,담하,메밀면 사리
2023-03-26,2,3,Spring,1,0,1,담하,메밀면 사리
2023-03-27,0,3,Spring,0,0,0,담하,메밀면 사리
2023-03-28,0,3,Spring,0,0,0,담하,메밀면 사리
2023-03-29,1,3,Spring,0,0,0,담하,메밀면 사리
2023-03-30,0,3,Spring,0,0,0,담하,메밀면 사리
2023-03-31,5,3,Spring,0,0,0,담하,메밀면 사리
2023-04-01,9,4,Spring,1,0,1,담하,메밀면 사리
2023-04-02,4,4,Spring,1,0,1,담하,메밀면 사리
2023-04-03,5,4,Spring,0,0,0,담하,메밀면 사리
2023-04-04,0,4,Spring,0,0,0,담하,메밀면 사리
2023-04-05,0,4,Spring,0,0,0,담하,메밀면 사리
2023-04-06,13,4,Spring,0,0,0,담하,메밀면 사리
2023-04-07,6,4,Spring,0,0,0,담하,메밀면 사리
2023-04-08,6,4,Spring,1,0,1,담하,메밀면 사리
2023-04-09,5,4,Spring,1,0,1,담하,메밀면 사리
2023-04-10,2,4,Spring,0,0,0,담하,메밀면 사리
2023-04-11,1,4,Spring,0,0,0,담하,메밀면 사리
2023-04-12,3,4,Spring,0,0,0,담하,메밀면 사리
2023-04-13,11,4,Spring,0,0,0,담하,메밀면 사리
2023-04-14,8,4,Spring,0,0,0,담하,메밀면 사리
2023-04-15,4,4,Spring,1,0,1,담하,메밀면 사리
2023-04-16,6,4,Spring,1,0,1,담하,메밀면 사리
2023-04-17,0,4,Spring,0,0,0,담하,메밀면 사리
2023-04-18,1,4,Spring,0,0,0,담하,메밀면 사리
2023-04-19,3,4,Spring,0,0,0,담하,메밀면 사리
2023-04-20,1,4,Spring,0,0,0,담하,메밀면 사리
2023-04-21,9,4,Spring,0,0,0,담하,메밀면 사리
2023-04-22,6,4,Spring,1,0,1,담하,메밀면 사리
2023-04-23,14,4,Spring,1,0,1,담하,메밀면 사리
2023-04-24,0,4,Spring,0,0,0,담하,메밀면 사리
2023-04-25,4,4,Spring,0,0,0,담하,메밀면 사리
2023-04-26,0,4,Spring,0,0,0,담하,메밀면 사리
2023-04-27,5,4,Spring,0,0,0,담하,메밀면 사리
2023-04-28,4,4,Spring,0,0,0,담하,메밀면 사리
2023-04-29,14,4,Spring,1,0,1,담하,메밀면 사리
2023-04-30,13,4,Spring,1,0,1,담하,메밀면 사리
2023-05-01,6,5,Spring,0,0,0,담하,메밀면 사리
2023-05-02,0,5,Spring,0,0,0,담하,메밀면 사리
2023-05-03,2,5,Spring,0,0,0,담하,메밀면 사리
2023-05-04,2,5,Spring,0,0,0,담하,메밀면 사리
2023-05-05,13,5,Spring,0,1,1,담하,메밀면 사리
2023-05-06,7,5,Spring,1,0,1,담하,메밀면 사리
2023-05-07,11,5,Spring,1,0,1,담하,메밀면 사리
2023-05-08,5,5,Spring,0,0,0,담하,메밀면 사리
2023-05-09,3,5,Spring,0,0,0,담하,메밀면 사리
2023-05-10,6,5,Spring,0,0,0,담하,메밀면 사리
2023-05-11,0,5,Spring,0,0,0,담하,메밀면 사리
2023-05-12,2,5,Spring,0,0,0,담하,메밀면 사리
2023-05-13,9,5,Spring,1,0,1,담하,메밀면 사리
2023-05-14,2,5,Spring,1,0,1,담하,메밀면 사리
2023-05-15,2,5,Spring,0,0,0,담하,메밀면 사리
2023-05-16,3,5,Spring,0,0,0,담하,메밀면 사리
2023-05-17,2,5,Spring,0,0,0,담하,메밀면 사리
2023-05-18,0,5,Spring,0,0,0,담하,메밀면 사리
2023-05-19,4,5,Spring,0,0,0,담하,메밀면 사리
2023-05-20,4,5,Spring,1,0,1,담하,메밀면 사리
2023-05-21,3,5,Spring,1,0,1,담하,메밀면 사리
2023-05-22,0,5,Spring,0,0,0,담하,메밀면 사리
2023-05-23,1,5,Spring,0,0,0,담하,메밀면 사리
2023-05-24,1,5,Spring,0,0,0,담하,메밀면 사리
2023-05-25,1,5,Spring,0,0,0,담하,메밀면 사리
2023-05-26,1,5,Spring,0,0,0,담하,메밀면 사리
2023-05-27,8,5,Spring,1,1,1,담하,메밀면 사리
2023-05-28,1,5,Spring,1,0,1,담하,메밀면 사리
2023-05-29,7,5,Spring,0,1,1,담하,메밀면 사리
2023-05-30,0,5,Spring,0,0,0,담하,메밀면 사리
2023-05-31,0,5,Spring,0,0,0,담하,메밀면 사리
2023-06-01,4,6,Summer,0,0,0,담하,메밀면 사리
2023-06-02,1,6,Summer,0,0,0,담하,메밀면 사리
2023-06-03,7,6,Summer,1,0,1,담하,메밀면 사리
2023-06-04,5,6,Summer,1,0,1,담하,메밀면 사리
2023-06-05,4,6,Summer,0,0,0,담하,메밀면 사리
2023-06-06,0,6,Summer,0,1,1,담하,메밀면 사리
2023-06-07,16,6,Summer,0,0,0,담하,메밀면 사리
2023-06-08,0,6,Summer,0,0,0,담하,메밀면 사리
2023-06-09,3,6,Summer,0,0,0,담하,메밀면 사리
2023-06-10,5,6,Summer,1,0,1,담하,메밀면 사리
2023-06-11,2,6,Summer,1,0,1,담하,메밀면 사리
2023-06-12,1,6,Summer,0,0,0,담하,메밀면 사리
2023-06-13,0,6,Summer,0,0,0,담하,메밀면 사리
2023-06-14,1,6,Summer,0,0,0,담하,메밀면 사리
2023-06-15,0,6,Summer,0,0,0,담하,메밀면 사리
2023-06-16,5,6,Summer,0,0,0,담하,메밀면 사리
2023-06-17,2,6,Summer,1,0,1,담하,메밀면 사리
2023-06-18,3,6,Summer,1,0,1,담하,메밀면 사리
2023-06-19,0,6,Summer,0,0,0,담하,메밀면 사리
2023-06-20,0,6,Summer,0,0,0,담하,메밀면 사리
2023-06-21,1,6,Summer,0,0,0,담하,메밀면 사리
2023-06-22,1,6,Summer,0,0,0,담하,메밀면 사리
2023-06-23,5,6,Summer,0,0,0,담하,메밀면 사리
2023-06-24,4,6,Summer,1,0,1,담하,메밀면 사리
2023-06-25,4,6,Summer,1,0,1,담하,메밀면 사리
2023-06-26,0,6,Summer,0,0,0,담하,메밀면 사리
2023-06-27,1,6,Summer,0,0,0,담하,메밀면 사리
2023-06-28,1,6,Summer,0,0,0,담하,메밀면 사리
2023-06-29,0,6,Summer,0,0,0,담하,메밀면 사리
2023-06-30,2,6,Summer,0,0,0,담하,메밀면 사리
2023-07-01,5,7,Summer,1,0,1,담하,메밀면 사리
2023-07-02,0,7,Summer,1,0,1,담하,메밀면 사리
2023-07-03,0,7,Summer,0,0,0,담하,메밀면 사리
2023-07-04,1,7,Summer,0,0,0,담하,메밀면 사리
2023-07-05,1,7,Summer,0,0,0,담하,메밀면 사리
2023-07-06,0,7,Summer,0,0,0,담하,메밀면 사리
2023-07-07,2,7,Summer,0,0,0,담하,메밀면 사리
2023-07-08,4,7,Summer,1,0,1,담하,메밀면 사리
2023-07-09,2,7,Summer,1,0,1,담하,메밀면 사리
2023-07-10,0,7,Summer,0,0,0,담하,메밀면 사리
2023-07-11,0,7,Summer,0,0,0,담하,메밀면 사리
2023-07-12,0,7,Summer,0,0,0,담하,메밀면 사리
2023-07-13,1,7,Summer,0,0,0,담하,메밀면 사리
2023-07-14,6,7,Summer,0,0,0,담하,메밀면 사리
2023-07-15,5,7,Summer,1,0,1,담하,메밀면 사리
2023-07-16,1,7,Summer,1,0,1,담하,메밀면 사리
2023-07-17,1,7,Summer,0,0,0,담하,메밀면 사리
2023-07-18,3,7,Summer,0,0,0,담하,메밀면 사리
2023-07-19,3,7,Summer,0,0,0,담하,메밀면 사리
2023-07-20,0,7,Summer,0,0,0,담하,메밀면 사리
2023-07-21,3,7,Summer,0,0,0,담하,메밀면 사리
2023-07-22,3,7,Summer,1,0,1,담하,메밀면 사리
2023-07-23,1,7,Summer,1,0,1,담하,메밀면 사리
2023-07-24,2,7,Summer,0,0,0,담하,메밀면 사리
2023-07-25,1,7,Summer,0,0,0,담하,메밀면 사리
2023-07-26,3,7,Summer,0,0,0,담하,메밀면 사리
2023-07-27,4,7,Summer,0,0,0,담하,메밀면 사리
2023-07-28,6,7,Summer,0,0,0,담하,메밀면 사리
2023-07-29,5,7,Summer,1,0,1,담하,메밀면 사리
2023-07-30,2,7,Summer,1,0,1,담하,메밀면 사리
2023-07-31,13,7,Summer,0,0,0,담하,메밀면 사리
2023-08-01,1,8,Summer,0,0,0,담하,메밀면 사리
2023-08-02,2,8,Summer,0,0,0,담하,메밀면 사리
2023-08-03,3,8,Summer,0,0,0,담하,메밀면 사리
2023-08-04,8,8,Summer,0,0,0,담하,메밀면 사리
2023-08-05,3,8,Summer,1,0,1,담하,메밀면 사리
2023-08-06,7,8,Summer,1,0,1,담하,메밀면 사리
2023-08-07,2,8,Summer,0,0,0,담하,메밀면 사리
2023-08-08,0,8,Summer,0,0,0,담하,메밀면 사리
2023-08-09,1,8,Summer,0,0,0,담하,메밀면 사리
2023-08-10,2,8,Summer,0,0,0,담하,메밀면 사리
2023-08-11,1,8,Summer,0,0,0,담하,메밀면 사리
2023-08-12,4,8,Summer,1,0,1,담하,메밀면 사리
2023-08-13,3,8,Summer,1,0,1,담하,메밀면 사리
2023-08-14,2,8,Summer,0,0,0,담하,메밀면 사리
2023-08-15,3,8,Summer,0,1,1,담하,메밀면 사리
2023-08-16,0,8,Summer,0,0,0,담하,메밀면 사리
2023-08-17,0,8,Summer,0,0,0,담하,메밀면 사리
2023-08-18,4,8,Summer,0,0,0,담하,메밀면 사리
2023-08-19,5,8,Summer,1,0,1,담하,메밀면 사리
2023-08-20,4,8,Summer,1,0,1,담하,메밀면 사리
2023-08-21,1,8,Summer,0,0,0,담하,메밀면 사리
2023-08-22,1,8,Summer,0,0,0,담하,메밀면 사리
2023-08-23,0,8,Summer,0,0,0,담하,메밀면 사리
2023-08-24,0,8,Summer,0,0,0,담하,메밀면 사리
2023-08-25,4,8,Summer,0,0,0,담하,메밀면 사리
2023-08-26,4,8,Summer,1,0,1,담하,메밀면 사리
2023-08-27,2,8,Summer,1,0,1,담하,메밀면 사리
2023-08-28,0,8,Summer,0,0,0,담하,메밀면 사리
2023-08-29,2,8,Summer,0,0,0,담하,메밀면 사리
2023-08-30,1,8,Summer,0,0,0,담하,메밀면 사리
2023-08-31,0,8,Summer,0,0,0,담하,메밀면 사리
2023-09-01,2,9,Autumn,0,0,0,담하,메밀면 사리
2023-09-02,8,9,Autumn,1,0,1,담하,메밀면 사리
2023-09-03,1,9,Autumn,1,0,1,담하,메밀면 사리
2023-09-04,0,9,Autumn,0,0,0,담하,메밀면 사리
2023-09-05,4,9,Autumn,0,0,0,담하,메밀면 사리
2023-09-06,1,9,Autumn,0,0,0,담하,메밀면 사리
2023-09-07,0,9,Autumn,0,0,0,담하,메밀면 사리
2023-09-08,1,9,Autumn,0,0,0,담하,메밀면 사리
2023-09-09,3,9,Autumn,1,0,1,담하,메밀면 사리
2023-09-10,3,9,Autumn,1,0,1,담하,메밀면 사리
2023-09-11,1,9,Autumn,0,0,0,담하,메밀면 사리
2023-09-12,1,9,Autumn,0,0,0,담하,메밀면 사리
2023-09-13,1,9,Autumn,0,0,0,담하,메밀면 사리
2023-09-14,0,9,Autumn,0,0,0,담하,메밀면 사리
2023-09-15,2,9,Autumn,0,0,0,담하,메밀면 사리
2023-09-16,7,9,Autumn,1,0,1,담하,메밀면 사리
2023-09-17,2,9,Autumn,1,0,1,담하,메밀면 사리
2023-09-18,0,9,Autumn,0,0,0,담하,메밀면 사리
2023-09-19,0,9,Autumn,0,0,0,담하,메밀면 사리
2023-09-20,0,9,Autumn,0,0,0,담하,메밀면 사리
2023-09-21,0,9,Autumn,0,0,0,담하,메밀면 사리
2023-09-22,6,9,Autumn,0,0,0,담하,메밀면 사리
2023-09-23,4,9,Autumn,1,0,1,담하,메밀면 사리
2023-09-24,1,9,Autumn,1,0,1,담하,메밀면 사리
2023-09-25,0,9,Autumn,0,0,0,담하,메밀면 사리
2023-09-26,1,9,Autumn,0,0,0,담하,메밀면 사리
2023-09-27,1,9,Autumn,0,0,0,담하,메밀면 사리
2023-09-28,10,9,Autumn,0,1,1,담하,메밀면 사리
2023-09-29,10,9,Autumn,0,1,1,담하,메밀면 사리
2023-09-30,3,9,Autumn,1,1,1,담하,메밀면 사리
2023-10-01,3,10,Autumn,1,0,1,담하,메밀면 사리
2023-10-02,12,10,Autumn,0,1,1,담하,메밀면 사리
2023-10-03,2,10,Autumn,0,1,1,담하,메밀면 사리
2023-10-04,4,10,Autumn,0,0,0,담하,메밀면 사리
2023-10-05,2,10,Autumn,0,0,0,담하,메밀면 사리
2023-10-06,4,10,Autumn,0,0,0,담하,메밀면 사리
2023-10-07,6,10,Autumn,1,0,1,담하,메밀면 사리
2023-10-08,10,10,Autumn,1,0,1,담하,메밀면 사리
2023-10-09,4,10,Autumn,0,1,1,담하,메밀면 사리
2023-10-10,0,10,Autumn,0,0,0,담하,메밀면 사리
2023-10-11,0,10,Autumn,0,0,0,담하,메밀면 사리
2023-10-12,2,10,Autumn,0,0,0,담하,메밀면 사리
2023-10-13,4,10,Autumn,0,0,0,담하,메밀면 사리
2023-10-14,8,10,Autumn,1,0,1,담하,메밀면 사리
2023-10-15,3,10,Autumn,1,0,1,담하,메밀면 사리
2023-10-16,2,10,Autumn,0,0,0,담하,메밀면 사리
2023-10-17,0,10,Autumn,0,0,0,담하,메밀면 사리
2023-10-18,3,10,Autumn,0,0,0,담하,메밀면 사리
2023-10-19,3,10,Autumn,0,0,0,담하,메밀면 사리
2023-10-20,3,10,Autumn,0,0,0,담하,메밀면 사리
2023-10-21,5,10,Autumn,1,0,1,담하,메밀면 사리
2023-10-22,8,10,Autumn,1,0,1,담하,메밀면 사리
2023-10-23,2,10,Autumn,0,0,0,담하,메밀면 사리
2023-10-24,2,10,Autumn,0,0,0,담하,메밀면 사리
2023-10-25,4,10,Autumn,0,0,0,담하,메밀면 사리
2023-10-26,4,10,Autumn,0,0,0,담하,메밀면 사리
2023-10-27,1,10,Autumn,0,0,0,담하,메밀면 사리
2023-10-28,4,10,Autumn,1,0,1,담하,메밀면 사리
2023-10-29,3,10,Autumn,1,0,1,담하,메밀면 사리
2023-10-30,8,10,Autumn,0,0,0,담하,메밀면 사리
2023-10-31,6,10,Autumn,0,0,0,담하,메밀면 사리
2023-11-01,4,11,Autumn,0,0,0,담하,메밀면 사리
2023-11-02,0,11,Autumn,0,0,0,담하,메밀면 사리
2023-11-03,3,11,Autumn,0,0,0,담하,메밀면 사리
2023-11-04,3,11,Autumn,1,0,1,담하,메밀면 사리
2023-11-05,3,11,Autumn,1,0,1,담하,메밀면 사리
2023-11-06,1,11,Autumn,0,0,0,담하,메밀면 사리
2023-11-07,8,11,Autumn,0,0,0,담하,메밀면 사리
2023-11-08,5,11,Autumn,0,0,0,담하,메밀면 사리
2023-11-09,1,11,Autumn,0,0,0,담하,메밀면 사리
2023-11-10,5,11,Autumn,0,0,0,담하,메밀면 사리
2023-11-11,6,11,Autumn,1,0,1,담하,메밀면 사리
2023-11-12,4,11,Autumn,1,0,1,담하,메밀면 사리
2023-11-13,5,11,Autumn,0,0,0,담하,메밀면 사리
2023-11-14,2,11,Autumn,0,0,0,담하,메밀면 사리
2023-11-15,1,11,Autumn,0,0,0,담하,메밀면 사리
2023-11-16,1,11,Autumn,0,0,0,담하,메밀면 사리
2023-11-17,0,11,Autumn,0,0,0,담하,메밀면 사리
2023-11-18,4,11,Autumn,1,0,1,담하,메밀면 사리
2023-11-19,7,11,Autumn,1,0,1,담하,메밀면 사리
2023-11-20,4,11,Autumn,0,0,0,담하,메밀면 사리
2023-11-21,1,11,Autumn,0,0,0,담하,메밀면 사리
2023-11-22,0,11,Autumn,0,0,0,담하,메밀면 사리
2023-11-23,1,11,Autumn,0,0,0,담하,메밀면 사리
2023-11-24,3,11,Autumn,0,0,0,담하,메밀면 사리
2023-11-25,9,11,Autumn,1,0,1,담하,메밀면 사리
2023-11-26,2,11,Autumn,1,0,1,담하,메밀면 사리
2023-11-27,2,11,Autumn,0,0,0,담하,메밀면 사리
2023-11-28,1,11,Autumn,0,0,0,담하,메밀면 사리
2023-11-29,0,11,Autumn,0,0,0,담하,메밀면 사리
2023-11-30,0,11,Autumn,0,0,0,담하,메밀면 사리
2023-12-01,2,12,Winter,0,0,0,담하,메밀면 사리
2023-12-02,1,12,Winter,1,0,1,담하,메밀면 사리
2023-12-03,0,12,Winter,1,0,1,담하,메밀면 사리
2023-12-04,0,12,Winter,0,0,0,담하,메밀면 사리
2023-12-05,0,12,Winter,0,0,0,담하,메밀면 사리
2023-12-06,0,12,Winter,0,0,0,담하,메밀면 사리
2023-12-07,0,12,Winter,0,0,0,담하,메밀면 사리
2023-12-08,2,12,Winter,0,0,0,담하,메밀면 사리
2023-12-09,0,12,Winter,1,0,1,담하,메밀면 사리
2023-12-10,1,12,Winter,1,0,1,담하,메밀면 사리
2023-12-11,1,12,Winter,0,0,0,담하,메밀면 사리
2023-12-12,0,12,Winter,0,0,0,담하,메밀면 사리
2023-12-13,0,12,Winter,0,0,0,담하,메밀면 사리
2023-12-14,0,12,Winter,0,0,0,담하,메밀면 사리
2023-12-15,1,12,Winter,0,0,0,담하,메밀면 사리
2023-12-16,1,12,Winter,1,0,1,담하,메밀면 사리
2023-12-17,2,12,Winter,1,0,1,담하,메밀면 사리
2023-12-18,1,12,Winter,0,0,0,담하,메밀면 사리
2023-12-19,0,12,Winter,0,0,0,담하,메밀면 사리
2023-12-20,3,12,Winter,0,0,0,담하,메밀면 사리
2023-12-21,5,12,Winter,0,0,0,담하,메밀면 사리
2023-12-22,3,12,Winter,0,0,0,담하,메밀면 사리
2023-12-23,2,12,Winter,1,0,1,담하,메밀면 사리
2023-12-24,4,12,Winter,1,0,1,담하,메밀면 사리
2023-12-25,7,12,Winter,0,1,1,담하,메밀면 사리
2023-12-26,3,12,Winter,0,0,0,담하,메밀면 사리
2023-12-27,6,12,Winter,0,0,0,담하,메밀면 사리
2023-12-28,0,12,Winter,0,0,0,담하,메밀면 사리
2023-12-29,6,12,Winter,0,0,0,담하,메밀면 사리
2023-12-30,3,12,Winter,1,0,1,담하,메밀면 사리
2023-12-31,4,12,Winter,1,0,1,담하,메밀면 사리
2024-01-01,3,1,Winter,0,1,1,담하,메밀면 사리
2024-01-02,0,1,Winter,0,0,0,담하,메밀면 사리
2024-01-03,1,1,Winter,0,0,0,담하,메밀면 사리
2024-01-04,2,1,Winter,0,0,0,담하,메밀면 사리
2024-01-05,2,1,Winter,0,0,0,담하,메밀면 사리
2024-01-06,6,1,Winter,1,0,1,담하,메밀면 사리
2024-01-07,1,1,Winter,1,0,1,담하,메밀면 사리
2024-01-08,1,1,Winter,0,0,0,담하,메밀면 사리
2024-01-09,4,1,Winter,0,0,0,담하,메밀면 사리
2024-01-10,1,1,Winter,0,0,0,담하,메밀면 사리
2024-01-11,1,1,Winter,0,0,0,담하,메밀면 사리
2024-01-12,2,1,Winter,0,0,0,담하,메밀면 사리
2024-01-13,5,1,Winter,1,0,1,담하,메밀면 사리
2024-01-14,0,1,Winter,1,0,1,담하,메밀면 사리
2024-01-15,0,1,Winter,0,0,0,담하,메밀면 사리
2024-01-16,0,1,Winter,0,0,0,담하,메밀면 사리
2024-01-17,4,1,Winter,0,0,0,담하,메밀면 사리
2024-01-18,0,1,Winter,0,0,0,담하,메밀면 사리
2024-01-19,0,1,Winter,0,0,0,담하,메밀면 사리
2024-01-20,2,1,Winter,1,0,1,담하,메밀면 사리
2024-01-21,2,1,Winter,1,0,1,담하,메밀면 사리
2024-01-22,1,1,Winter,0,0,0,담하,메밀면 사리
2024-01-23,0,1,Winter,0,0,0,담하,메밀면 사리
2024-01-24,1,1,Winter,0,0,0,담하,메밀면 사리
2024-01-25,1,1,Winter,0,0,0,담하,메밀면 사리
2024-01-26,1,1,Winter,0,0,0,담하,메밀면 사리
2024-01-27,2,1,Winter,1,0,1,담하,메밀면 사리
2024-01-28,2,1,Winter,1,0,1,담하,메밀면 사리
2024-01-29,3,1,Winter,0,0,0,담하,메밀면 사리
2024-01-30,0,1,Winter,0,0,0,담하,메밀면 사리
2024-01-31,0,1,Winter,0,0,0,담하,메밀면 사리
2024-02-01,1,2,Winter,0,0,0,담하,메밀면 사리
2024-02-02,5,2,Winter,0,0,0,담하,메밀면 사리
2024-02-03,1,2,Winter,1,0,1,담하,메밀면 사리
2024-02-04,1,2,Winter,1,0,1,담하,메밀면 사리
2024-02-05,1,2,Winter,0,0,0,담하,메밀면 사리
2024-02-06,2,2,Winter,0,0,0,담하,메밀면 사리
2024-02-07,0,2,Winter,0,0,0,담하,메밀면 사리
2024-02-08,2,2,Winter,0,0,0,담하,메밀면 사리
2024-02-09,13,2,Winter,0,1,1,담하,메밀면 사리
2024-02-10,3,2,Winter,1,1,1,담하,메밀면 사리
2024-02-11,6,2,Winter,1,1,1,담하,메밀면 사리
2024-02-12,1,2,Winter,0,1,1,담하,메밀면 사리
2024-02-13,1,2,Winter,0,0,0,담하,메밀면 사리
2024-02-14,0,2,Winter,0,0,0,담하,메밀면 사리
2024-02-15,0,2,Winter,0,0,0,담하,메밀면 사리
2024-02-16,0,2,Winter,0,0,0,담하,메밀면 사리
2024-02-17,6,2,Winter,1,0,1,담하,메밀면 사리
2024-02-18,0,2,Winter,1,0,1,담하,메밀면 사리
2024-02-19,0,2,Winter,0,0,0,담하,메밀면 사리
2024-02-20,0,2,Winter,0,0,0,담하,메밀면 사리
2024-02-21,2,2,Winter,0,0,0,담하,메밀면 사리
2024-02-22,0,2,Winter,0,0,0,담하,메밀면 사리
2024-02-23,0,2,Winter,0,0,0,담하,메밀면 사리
2024-02-24,6,2,Winter,1,0,1,담하,메밀면 사리
2024-02-25,4,2,Winter,1,0,1,담하,메밀면 사리
2024-02-26,0,2,Winter,0,0,0,담하,메밀면 사리
2024-02-27,1,2,Winter,0,0,0,담하,메밀면 사리
2024-02-28,0,2,Winter,0,0,0,담하,메밀면 사리
2024-02-29,2,2,Winter,0,0,0,담하,메밀면 사리
2024-03-01,2,3,Spring,0,1,1,담하,메밀면 사리
2024-03-02,2,3,Spring,1,0,1,담하,메밀면 사리
2024-03-03,0,3,Spring,1,0,1,담하,메밀면 사리
2024-03-04,0,3,Spring,0,0,0,담하,메밀면 사리
2024-03-05,0,3,Spring,0,0,0,담하,메밀면 사리
2024-03-06,0,3,Spring,0,0,0,담하,메밀면 사리
2024-03-07,0,3,Spring,0,0,0,담하,메밀면 사리
2024-03-08,0,3,Spring,0,0,0,담하,메밀면 사리
2024-03-09,0,3,Spring,1,0,1,담하,메밀면 사리
2024-03-10,0,3,Spring,1,0,1,담하,메밀면 사리
2024-03-11,0,3,Spring,0,0,0,담하,메밀면 사리
2024-03-12,0,3,Spring,0,0,0,담하,메밀면 사리
2024-03-13,1,3,Spring,0,0,0,담하,메밀면 사리
2024-03-14,0,3,Spring,0,0,0,담하,메밀면 사리
2024-03-15,0,3,Spring,0,0,0,담하,메밀면 사리
2024-03-16,4,3,Spring,1,0,1,담하,메밀면 사리
2024-03-17,2,3,Spring,1,0,1,담하,메밀면 사리
2024-03-18,0,3,Spring,0,0,0,담하,메밀면 사리
2024-03-19,0,3,Spring,0,0,0,담하,메밀면 사리
2024-03-20,0,3,Spring,0,0,0,담하,메밀면 사리
2024-03-21,2,3,Spring,0,0,0,담하,메밀면 사리
2024-03-22,0,3,Spring,0,0,0,담하,메밀면 사리
2024-03-23,1,3,Spring,1,0,1,담하,메밀면 사리
2024-03-24,1,3,Spring,1,0,1,담하,메밀면 사리
2024-03-25,0,3,Spring,0,0,0,담하,메밀면 사리
2024-03-26,1,3,Spring,0,0,0,담하,메밀면 사리
2024-03-27,0,3,Spring,0,0,0,담하,메밀면 사리
2024-03-28,0,3,Spring,0,0,0,담하,메밀면 사리
2024-03-29,7,3,Spring,0,0,0,담하,메밀면 사리
2024-03-30,0,3,Spring,1,0,1,담하,메밀면 사리
2024-03-31,2,3,Spring,1,0,1,담하,메밀면 사리
2024-04-01,0,4,Spring,0,0,0,담하,메밀면 사리
2024-04-02,1,4,Spring,0,0,0,담하,메밀면 사리
2024-04-03,3,4,Spring,0,0,0,담하,메밀면 사리
2024-04-04,2,4,Spring,0,0,0,담하,메밀면 사리
2024-04-05,5,4,Spring,0,0,0,담하,메밀면 사리
2024-04-06,2,4,Spring,1,0,1,담하,메밀면 사리
2024-04-07,1,4,Spring,1,0,1,담하,메밀면 사리
2024-04-08,0,4,Spring,0,0,0,담하,메밀면 사리
2024-04-09,3,4,Spring,0,0,0,담하,메밀면 사리
2024-04-10,1,4,Spring,0,1,1,담하,메밀면 사리
2024-04-11,5,4,Spring,0,0,0,담하,메밀면 사리
2024-04-12,9,4,Spring,0,0,0,담하,메밀면 사리
2024-04-13,10,4,Spring,1,0,1,담하,메밀면 사리
2024-04-14,4,4,Spring,1,0,1,담하,메밀면 사리
2024-04-15,0,4,Spring,0,0,0,담하,메밀면 사리
2024-04-16,3,4,Spring,0,0,0,담하,메밀면 사리
2024-04-17,0,4,Spring,0,0,0,담하,메밀면 사리
2024-04-18,1,4,Spring,0,0,0,담하,메밀면 사리
2024-04-19,1,4,Spring,0,0,0,담하,메밀면 사리
2024-04-20,3,4,Spring,1,0,1,담하,메밀면 사리
2024-04-21,1,4,Spring,1,0,1,담하,메밀면 사리
2024-04-22,1,4,Spring,0,0,0,담하,메밀면 사리
2024-04-23,0,4,Spring,0,0,0,담하,메밀면 사리
2024-04-24,0,4,Spring,0,0,0,담하,메밀면 사리
2024-04-25,0,4,Spring,0,0,0,담하,메밀면 사리
2024-04-26,3,4,Spring,0,0,0,담하,메밀면 사리
2024-04-27,4,4,Spring,1,0,1,담하,메밀면 사리
2024-04-28,0,4,Spring,1,0,1,담하,메밀면 사리
2024-04-29,1,4,Spring,0,0,0,담하,메밀면 사리
2024-04-30,2,4,Spring,0,0,0,담하,메밀면 사리
2024-05-01,0,5,Spring,0,0,0,담하,메밀면 사리
2024-05-02,0,5,Spring,0,0,0,담하,메밀면 사리
2024-05-03,8,5,Spring,0,0,0,담하,메밀면 사리
2024-05-04,1,5,Spring,1,0,1,담하,메밀면 사리
2024-05-05,2,5,Spring,1,1,1,담하,메밀면 사리
2024-05-06,4,5,Spring,0,1,1,담하,메밀면 사리
2024-05-07,0,5,Spring,0,0,0,담하,메밀면 사리
2024-05-08,1,5,Spring,0,0,0,담하,메밀면 사리
2024-05-09,2,5,Spring,0,0,0,담하,메밀면 사리
2024-05-10,4,5,Spring,0,0,0,담하,메밀면 사리
2024-05-11,6,5,Spring,1,0,1,담하,메밀면 사리
2024-05-12,1,5,Spring,1,0,1,담하,메밀면 사리
2024-05-13,2,5,Spring,0,0,0,담하,메밀면 사리
2024-05-14,5,5,Spring,0,0,0,담하,메밀면 사리
2024-05-15,1,5,Spring,0,1,1,담하,메밀면 사리
2024-05-16,2,5,Spring,0,0,0,담하,메밀면 사리
2024-05-17,0,5,Spring,0,0,0,담하,메밀면 사리
2024-05-18,4,5,Spring,1,0,1,담하,메밀면 사리
2024-05-19,6,5,Spring,1,0,1,담하,메밀면 사리
2024-05-20,4,5,Spring,0,0,0,담하,메밀면 사리
2024-05-21,0,5,Spring,0,0,0,담하,메밀면 사리
2024-05-22,0,5,Spring,0,0,0,담하,메밀면 사리
2024-05-23,4,5,Spring,0,0,0,담하,메밀면 사리
2024-05-24,2,5,Spring,0,0,0,담하,메밀면 사리
2024-05-25,3,5,Spring,1,0,1,담하,메밀면 사리
2024-05-26,2,5,Spring,1,0,1,담하,메밀면 사리
2024-05-27,0,5,Spring,0,0,0,담하,메밀면 사리
2024-05-28,1,5,Spring,0,0,0,담하,메밀면 사리
2024-05-29,0,5,Spring,0,0,0,담하,메밀면 사리
2024-05-30,0,5,Spring,0,0,0,담하,메밀면 사리
2024-05-31,2,5,Spring,0,0,0,담하,메밀면 사리
2024-06-01,4,6,Summer,1,0,1,담하,메밀면 사리
2024-06-02,1,6,Summer,1,0,1,담하,메밀면 사리
2024-06-03,0,6,Summer,0,0,0,담하,메밀면 사리
2024-06-04,1,6,Summer,0,0,0,담하,메밀면 사리
2024-06-05,3,6,Summer,0,0,0,담하,메밀면 사리
2024-06-06,2,6,Summer,0,1,1,담하,메밀면 사리
2024-06-07,6,6,Summer,0,0,0,담하,메밀면 사리
2024-06-08,3,6,Summer,1,0,1,담하,메밀면 사리
2024-06-09,0,6,Summer,1,0,1,담하,메밀면 사리
2024-06-10,0,6,Summer,0,0,0,담하,메밀면 사리
2024-06-11,0,6,Summer,0,0,0,담하,메밀면 사리
2024-06-12,1,6,Summer,0,0,0,담하,메밀면 사리
2024-06-13,1,6,Summer,0,0,0,담하,메밀면 사리
2024-06-14,0,6,Summer,0,0,0,담하,메밀면 사리
2024-06-15,2,6,Summer,1,0,1,담하,메밀면 사리
2023-01-01,0,1,Winter,1,1,1,담하,명인안동소주
2023-01-02,0,1,Winter,0,0,0,담하,명인안동소주
2023-01-03,0,1,Winter,0,0,0,담하,명인안동소주
2023-01-04,0,1,Winter,0,0,0,담하,명인안동소주
2023-01-05,0,1,Winter,0,0,0,담하,명인안동소주
2023-01-06,0,1,Winter,0,0,0,담하,명인안동소주
2023-01-07,0,1,Winter,1,0,1,담하,명인안동소주
2023-01-08,0,1,Winter,1,0,1,담하,명인안동소주
2023-01-09,0,1,Winter,0,0,0,담하,명인안동소주
2023-01-10,0,1,Winter,0,0,0,담하,명인안동소주
2023-01-11,0,1,Winter,0,0,0,담하,명인안동소주
2023-01-12,0,1,Winter,0,0,0,담하,명인안동소주
2023-01-13,0,1,Winter,0,0,0,담하,명인안동소주
2023-01-14,0,1,Winter,1,0,1,담하,명인안동소주
2023-01-15,0,1,Winter,1,0,1,담하,명인안동소주
2023-01-16,0,1,Winter,0,0,0,담하,명인안동소주
2023-01-17,0,1,Winter,0,0,0,담하,명인안동소주
2023-01-18,0,1,Winter,0,0,0,담하,명인안동소주
2023-01-19,0,1,Winter,0,0,0,담하,명인안동소주
2023-01-20,0,1,Winter,0,0,0,담하,명인안동소주
2023-01-21,0,1,Winter,1,1,1,담하,명인안동소주
2023-01-22,0,1,Winter,1,1,1,담하,명인안동소주
2023-01-23,0,1,Winter,0,1,1,담하,명인안동소주
2023-01-24,0,1,Winter,0,1,1,담하,명인안동소주
2023-01-25,0,1,Winter,0,0,0,담하,명인안동소주
2023-01-26,0,1,Winter,0,0,0,담하,명인안동소주
2023-01-27,0,1,Winter,0,0,0,담하,명인안동소주
2023-01-28,0,1,Winter,1,0,1,담하,명인안동소주
2023-01-29,0,1,Winter,1,0,1,담하,명인안동소주
2023-01-30,0,1,Winter,0,0,0,담하,명인안동소주
2023-01-31,0,1,Winter,0,0,0,담하,명인안동소주
2023-02-01,0,2,Winter,0,0,0,담하,명인안동소주
2023-02-02,0,2,Winter,0,0,0,담하,명인안동소주
2023-02-03,0,2,Winter,0,0,0,담하,명인안동소주
2023-02-04,0,2,Winter,1,0,1,담하,명인안동소주
2023-02-05,0,2,Winter,1,0,1,담하,명인안동소주
2023-02-06,0,2,Winter,0,0,0,담하,명인안동소주
2023-02-07,0,2,Winter,0,0,0,담하,명인안동소주
2023-02-08,0,2,Winter,0,0,0,담하,명인안동소주
2023-02-09,0,2,Winter,0,0,0,담하,명인안동소주
2023-02-10,0,2,Winter,0,0,0,담하,명인안동소주
2023-02-11,0,2,Winter,1,0,1,담하,명인안동소주
2023-02-12,0,2,Winter,1,0,1,담하,명인안동소주
2023-02-13,0,2,Winter,0,0,0,담하,명인안동소주
2023-02-14,0,2,Winter,0,0,0,담하,명인안동소주
2023-02-15,0,2,Winter,0,0,0,담하,명인안동소주
2023-02-16,0,2,Winter,0,0,0,담하,명인안동소주
2023-02-17,0,2,Winter,0,0,0,담하,명인안동소주
2023-02-18,0,2,Winter,1,0,1,담하,명인안동소주
2023-02-19,0,2,Winter,1,0,1,담하,명인안동소주
2023-02-20,0,2,Winter,0,0,0,담하,명인안동소주
2023-02-21,0,2,Winter,0,0,0,담하,명인안동소주
2023-02-22,0,2,Winter,0,0,0,담하,명인안동소주
2023-02-23,0,2,Winter,0,0,0,담하,명인안동소주
2023-02-24,0,2,Winter,0,0,0,담하,명인안동소주
2023-02-25,0,2,Winter,1,0,1,담하,명인안동소주
2023-02-26,0,2,Winter,1,0,1,담하,명인안동소주
2023-02-27,0,2,Winter,0,0,0,담하,명인안동소주
2023-02-28,0,2,Winter,0,0,0,담하,명인안동소주
2023-03-01,0,3,Spring,0,1,1,담하,명인안동소주
2023-03-02,0,3,Spring,0,0,0,담하,명인안동소주
2023-03-03,0,3,Spring,0,0,0,담하,명인안동소주
2023-03-04,0,3,Spring,1,0,1,담하,명인안동소주
2023-03-05,0,3,Spring,1,0,1,담하,명인안동소주
2023-03-06,0,3,Spring,0,0,0,담하,명인안동소주
2023-03-07,0,3,Spring,0,0,0,담하,명인안동소주
2023-03-08,0,3,Spring,0,0,0,담하,명인안동소주
2023-03-09,0,3,Spring,0,0,0,담하,명인안동소주
2023-03-10,0,3,Spring,0,0,0,담하,명인안동소주
2023-03-11,0,3,Spring,1,0,1,담하,명인안동소주
2023-03-12,0,3,Spring,1,0,1,담하,명인안동소주
2023-03-13,0,3,Spring,0,0,0,담하,명인안동소주
2023-03-14,0,3,Spring,0,0,0,담하,명인안동소주
2023-03-15,0,3,Spring,0,0,0,담하,명인안동소주
2023-03-16,0,3,Spring,0,0,0,담하,명인안동소주
2023-03-17,0,3,Spring,0,0,0,담하,명인안동소주
2023-03-18,0,3,Spring,1,0,1,담하,명인안동소주
2023-03-19,0,3,Spring,1,0,1,담하,명인안동소주
2023-03-20,0,3,Spring,0,0,0,담하,명인안동소주
2023-03-21,0,3,Spring,0,0,0,담하,명인안동소주
2023-03-22,0,3,Spring,0,0,0,담하,명인안동소주
2023-03-23,0,3,Spring,0,0,0,담하,명인안동소주
2023-03-24,0,3,Spring,0,0,0,담하,명인안동소주
2023-03-25,0,3,Spring,1,0,1,담하,명인안동소주
2023-03-26,0,3,Spring,1,0,1,담하,명인안동소주
2023-03-27,0,3,Spring,0,0,0,담하,명인안동소주
2023-03-28,0,3,Spring,0,0,0,담하,명인안동소주
2023-03-29,0,3,Spring,0,0,0,담하,명인안동소주
2023-03-30,0,3,Spring,0,0,0,담하,명인안동소주
2023-03-31,0,3,Spring,0,0,0,담하,명인안동소주
2023-04-01,0,4,Spring,1,0,1,담하,명인안동소주
2023-04-02,0,4,Spring,1,0,1,담하,명인안동소주
2023-04-03,0,4,Spring,0,0,0,담하,명인안동소주
2023-04-04,0,4,Spring,0,0,0,담하,명인안동소주
2023-04-05,0,4,Spring,0,0,0,담하,명인안동소주
2023-04-06,0,4,Spring,0,0,0,담하,명인안동소주
2023-04-07,0,4,Spring,0,0,0,담하,명인안동소주
2023-04-08,0,4,Spring,1,0,1,담하,명인안동소주
2023-04-09,0,4,Spring,1,0,1,담하,명인안동소주
2023-04-10,0,4,Spring,0,0,0,담하,명인안동소주
2023-04-11,0,4,Spring,0,0,0,담하,명인안동소주
2023-04-12,0,4,Spring,0,0,0,담하,명인안동소주
2023-04-13,0,4,Spring,0,0,0,담하,명인안동소주
2023-04-14,0,4,Spring,0,0,0,담하,명인안동소주
2023-04-15,0,4,Spring,1,0,1,담하,명인안동소주
2023-04-16,0,4,Spring,1,0,1,담하,명인안동소주
2023-04-17,0,4,Spring,0,0,0,담하,명인안동소주
2023-04-18,0,4,Spring,0,0,0,담하,명인안동소주
2023-04-19,0,4,Spring,0,0,0,담하,명인안동소주
2023-04-20,0,4,Spring,0,0,0,담하,명인안동소주
2023-04-21,0,4,Spring,0,0,0,담하,명인안동소주
2023-04-22,0,4,Spring,1,0,1,담하,명인안동소주
2023-04-23,0,4,Spring,1,0,1,담하,명인안동소주
2023-04-24,0,4,Spring,0,0,0,담하,명인안동소주
2023-04-25,0,4,Spring,0,0,0,담하,명인안동소주
2023-04-26,0,4,Spring,0,0,0,담하,명인안동소주
2023-04-27,0,4,Spring,0,0,0,담하,명인안동소주
2023-04-28,0,4,Spring,0,0,0,담하,명인안동소주
2023-04-29,0,4,Spring,1,0,1,담하,명인안동소주
2023-04-30,0,4,Spring,1,0,1,담하,명인안동소주
2023-05-01,0,5,Spring,0,0,0,담하,명인안동소주
2023-05-02,0,5,Spring,0,0,0,담하,명인안동소주
2023-05-03,0,5,Spring,0,0,0,담하,명인안동소주
2023-05-04,0,5,Spring,0,0,0,담하,명인안동소주
2023-05-05,0,5,Spring,0,1,1,담하,명인안동소주
2023-05-06,0,5,Spring,1,0,1,담하,명인안동소주
2023-05-07,0,5,Spring,1,0,1,담하,명인안동소주
2023-05-08,0,5,Spring,0,0,0,담하,명인안동소주
2023-05-09,0,5,Spring,0,0,0,담하,명인안동소주
2023-05-10,0,5,Spring,0,0,0,담하,명인안동소주
2023-05-11,0,5,Spring,0,0,0,담하,명인안동소주
2023-05-12,0,5,Spring,0,0,0,담하,명인안동소주
2023-05-13,0,5,Spring,1,0,1,담하,명인안동소주
2023-05-14,0,5,Spring,1,0,1,담하,명인안동소주
2023-05-15,0,5,Spring,0,0,0,담하,명인안동소주
2023-05-16,0,5,Spring,0,0,0,담하,명인안동소주
2023-05-17,0,5,Spring,0,0,0,담하,명인안동소주
2023-05-18,0,5,Spring,0,0,0,담하,명인안동소주
2023-05-19,0,5,Spring,0,0,0,담하,명인안동소주
2023-05-20,0,5,Spring,1,0,1,담하,명인안동소주
2023-05-21,0,5,Spring,1,0,1,담하,명인안동소주
2023-05-22,0,5,Spring,0,0,0,담하,명인안동소주
2023-05-23,0,5,Spring,0,0,0,담하,명인안동소주
2023-05-24,0,5,Spring,0,0,0,담하,명인안동소주
2023-05-25,0,5,Spring,0,0,0,담하,명인안동소주
2023-05-26,0,5,Spring,0,0,0,담하,명인안동소주
2023-05-27,0,5,Spring,1,1,1,담하,명인안동소주
2023-05-28,0,5,Spring,1,0,1,담하,명인안동소주
2023-05-29,0,5,Spring,0,1,1,담하,명인안동소주
2023-05-30,0,5,Spring,0,0,0,담하,명인안동소주
2023-05-31,0,5,Spring,0,0,0,담하,명인안동소주
2023-06-01,0,6,Summer,0,0,0,담하,명인안동소주
2023-06-02,0,6,Summer,0,0,0,담하,명인안동소주
2023-06-03,0,6,Summer,1,0,1,담하,명인안동소주
2023-06-04,0,6,Summer,1,0,1,담하,명인안동소주
2023-06-05,0,6,Summer,0,0,0,담하,명인안동소주
2023-06-06,0,6,Summer,0,1,1,담하,명인안동소주
2023-06-07,0,6,Summer,0,0,0,담하,명인안동소주
2023-06-08,0,6,Summer,0,0,0,담하,명인안동소주
2023-06-09,0,6,Summer,0,0,0,담하,명인안동소주
2023-06-10,0,6,Summer,1,0,1,담하,명인안동소주
2023-06-11,0,6,Summer,1,0,1,담하,명인안동소주
2023-06-12,0,6,Summer,0,0,0,담하,명인안동소주
2023-06-13,0,6,Summer,0,0,0,담하,명인안동소주
2023-06-14,0,6,Summer,0,0,0,담하,명인안동소주
2023-06-15,0,6,Summer,0,0,0,담하,명인안동소주
2023-06-16,0,6,Summer,0,0,0,담하,명인안동소주
2023-06-17,0,6,Summer,1,0,1,담하,명인안동소주
2023-06-18,0,6,Summer,1,0,1,담하,명인안동소주
2023-06-19,0,6,Summer,0,0,0,담하,명인안동소주
2023-06-20,0,6,Summer,0,0,0,담하,명인안동소주
2023-06-21,0,6,Summer,0,0,0,담하,명인안동소주
2023-06-22,0,6,Summer,0,0,0,담하,명인안동소주
2023-06-23,0,6,Summer,0,0,0,담하,명인안동소주
2023-06-24,0,6,Summer,1,0,1,담하,명인안동소주
2023-06-25,0,6,Summer,1,0,1,담하,명인안동소주
2023-06-26,0,6,Summer,0,0,0,담하,명인안동소주
2023-06-27,0,6,Summer,0,0,0,담하,명인안동소주
2023-06-28,0,6,Summer,0,0,0,담하,명인안동소주
2023-06-29,0,6,Summer,0,0,0,담하,명인안동소주
2023-06-30,0,6,Summer,0,0,0,담하,명인안동소주
2023-07-01,1,7,Summer,1,0,1,담하,명인안동소주
2023-07-02,0,7,Summer,1,0,1,담하,명인안동소주
2023-07-03,0,7,Summer,0,0,0,담하,명인안동소주
2023-07-04,0,7,Summer,0,0,0,담하,명인안동소주
2023-07-05,3,7,Summer,0,0,0,담하,명인안동소주
2023-07-06,0,7,Summer,0,0,0,담하,명인안동소주
2023-07-07,1,7,Summer,0,0,0,담하,명인안동소주
2023-07-08,0,7,Summer,1,0,1,담하,명인안동소주
2023-07-09,0,7,Summer,1,0,1,담하,명인안동소주
2023-07-10,0,7,Summer,0,0,0,담하,명인안동소주
2023-07-11,0,7,Summer,0,0,0,담하,명인안동소주
2023-07-12,0,7,Summer,0,0,0,담하,명인안동소주
2023-07-13,0,7,Summer,0,0,0,담하,명인안동소주
2023-07-14,0,7,Summer,0,0,0,담하,명인안동소주
2023-07-15,0,7,Summer,1,0,1,담하,명인안동소주
2023-07-16,0,7,Summer,1,0,1,담하,명인안동소주
2023-07-17,1,7,Summer,0,0,0,담하,명인안동소주
2023-07-18,0,7,Summer,0,0,0,담하,명인안동소주
2023-07-19,0,7,Summer,0,0,0,담하,명인안동소주
2023-07-20,0,7,Summer,0,0,0,담하,명인안동소주
2023-07-21,1,7,Summer,0,0,0,담하,명인안동소주
2023-07-22,2,7,Summer,1,0,1,담하,명인안동소주
2023-07-23,0,7,Summer,1,0,1,담하,명인안동소주
2023-07-24,1,7,Summer,0,0,0,담하,명인안동소주
2023-07-25,0,7,Summer,0,0,0,담하,명인안동소주
2023-07-26,0,7,Summer,0,0,0,담하,명인안동소주
2023-07-27,0,7,Summer,0,0,0,담하,명인안동소주
2023-07-28,0,7,Summer,0,0,0,담하,명인안동소주
2023-07-29,2,7,Summer,1,0,1,담하,명인안동소주
2023-07-30,0,7,Summer,1,0,1,담하,명인안동소주
2023-07-31,0,7,Summer,0,0,0,담하,명인안동소주
2023-08-01,0,8,Summer,0,0,0,담하,명인안동소주
2023-08-02,0,8,Summer,0,0,0,담하,명인안동소주
2023-08-03,1,8,Summer,0,0,0,담하,명인안동소주
2023-08-04,1,8,Summer,0,0,0,담하,명인안동소주
2023-08-05,1,8,Summer,1,0,1,담하,명인안동소주
2023-08-06,0,8,Summer,1,0,1,담하,명인안동소주
2023-08-07,0,8,Summer,0,0,0,담하,명인안동소주
2023-08-08,0,8,Summer,0,0,0,담하,명인안동소주
2023-08-09,0,8,Summer,0,0,0,담하,명인안동소주
2023-08-10,0,8,Summer,0,0,0,담하,명인안동소주
2023-08-11,0,8,Summer,0,0,0,담하,명인안동소주
2023-08-12,0,8,Summer,1,0,1,담하,명인안동소주
2023-08-13,0,8,Summer,1,0,1,담하,명인안동소주
2023-08-14,0,8,Summer,0,0,0,담하,명인안동소주
2023-08-15,0,8,Summer,0,1,1,담하,명인안동소주
2023-08-16,0,8,Summer,0,0,0,담하,명인안동소주
2023-08-17,4,8,Summer,0,0,0,담하,명인안동소주
2023-08-18,1,8,Summer,0,0,0,담하,명인안동소주
2023-08-19,0,8,Summer,1,0,1,담하,명인안동소주
2023-08-20,0,8,Summer,1,0,1,담하,명인안동소주
2023-08-21,0,8,Summer,0,0,0,담하,명인안동소주
2023-08-22,0,8,Summer,0,0,0,담하,명인안동소주
2023-08-23,0,8,Summer,0,0,0,담하,명인안동소주
2023-08-24,1,8,Summer,0,0,0,담하,명인안동소주
2023-08-25,1,8,Summer,0,0,0,담하,명인안동소주
2023-08-26,1,8,Summer,1,0,1,담하,명인안동소주
2023-08-27,0,8,Summer,1,0,1,담하,명인안동소주
2023-08-28,0,8,Summer,0,0,0,담하,명인안동소주
2023-08-29,0,8,Summer,0,0,0,담하,명인안동소주
2023-08-30,2,8,Summer,0,0,0,담하,명인안동소주
2023-08-31,0,8,Summer,0,0,0,담하,명인안동소주
2023-09-01,0,9,Autumn,0,0,0,담하,명인안동소주
2023-09-02,1,9,Autumn,1,0,1,담하,명인안동소주
2023-09-03,0,9,Autumn,1,0,1,담하,명인안동소주
2023-09-04,0,9,Autumn,0,0,0,담하,명인안동소주
2023-09-05,0,9,Autumn,0,0,0,담하,명인안동소주
2023-09-06,0,9,Autumn,0,0,0,담하,명인안동소주
2023-09-07,0,9,Autumn,0,0,0,담하,명인안동소주
2023-09-08,1,9,Autumn,0,0,0,담하,명인안동소주
2023-09-09,0,9,Autumn,1,0,1,담하,명인안동소주
2023-09-10,1,9,Autumn,1,0,1,담하,명인안동소주
2023-09-11,0,9,Autumn,0,0,0,담하,명인안동소주
2023-09-12,0,9,Autumn,0,0,0,담하,명인안동소주
2023-09-13,0,9,Autumn,0,0,0,담하,명인안동소주
2023-09-14,0,9,Autumn,0,0,0,담하,명인안동소주
2023-09-15,0,9,Autumn,0,0,0,담하,명인안동소주
2023-09-16,0,9,Autumn,1,0,1,담하,명인안동소주
2023-09-17,1,9,Autumn,1,0,1,담하,명인안동소주
2023-09-18,2,9,Autumn,0,0,0,담하,명인안동소주
2023-09-19,0,9,Autumn,0,0,0,담하,명인안동소주
2023-09-20,0,9,Autumn,0,0,0,담하,명인안동소주
2023-09-21,0,9,Autumn,0,0,0,담하,명인안동소주
2023-09-22,0,9,Autumn,0,0,0,담하,명인안동소주
2023-09-23,0,9,Autumn,1,0,1,담하,명인안동소주
2023-09-24,0,9,Autumn,1,0,1,담하,명인안동소주
2023-09-25,0,9,Autumn,0,0,0,담하,명인안동소주
2023-09-26,0,9,Autumn,0,0,0,담하,명인안동소주
2023-09-27,0,9,Autumn,0,0,0,담하,명인안동소주
2023-09-28,0,9,Autumn,0,1,1,담하,명인안동소주
2023-09-29,0,9,Autumn,0,1,1,담하,명인안동소주
2023-09-30,0,9,Autumn,1,1,1,담하,명인안동소주
2023-10-01,0,10,Autumn,1,0,1,담하,명인안동소주
2023-10-02,0,10,Autumn,0,1,1,담하,명인안동소주
2023-10-03,0,10,Autumn,0,1,1,담하,명인안동소주
2023-10-04,0,10,Autumn,0,0,0,담하,명인안동소주
2023-10-05,0,10,Autumn,0,0,0,담하,명인안동소주
2023-10-06,0,10,Autumn,0,0,0,담하,명인안동소주
2023-10-07,2,10,Autumn,1,0,1,담하,명인안동소주
2023-10-08,0,10,Autumn,1,0,1,담하,명인안동소주
2023-10-09,0,10,Autumn,0,1,1,담하,명인안동소주
2023-10-10,1,10,Autumn,0,0,0,담하,명인안동소주
2023-10-11,1,10,Autumn,0,0,0,담하,명인안동소주
2023-10-12,0,10,Autumn,0,0,0,담하,명인안동소주
2023-10-13,0,10,Autumn,0,0,0,담하,명인안동소주
2023-10-14,0,10,Autumn,1,0,1,담하,명인안동소주
2023-10-15,1,10,Autumn,1,0,1,담하,명인안동소주
2023-10-16,1,10,Autumn,0,0,0,담하,명인안동소주
2023-10-17,0,10,Autumn,0,0,0,담하,명인안동소주
2023-10-18,0,10,Autumn,0,0,0,담하,명인안동소주
2023-10-19,0,10,Autumn,0,0,0,담하,명인안동소주
2023-10-20,1,10,Autumn,0,0,0,담하,명인안동소주
2023-10-21,0,10,Autumn,1,0,1,담하,명인안동소주
2023-10-22,1,10,Autumn,1,0,1,담하,명인안동소주
2023-10-23,0,10,Autumn,0,0,0,담하,명인안동소주
2023-10-24,1,10,Autumn,0,0,0,담하,명인안동소주
2023-10-25,3,10,Autumn,0,0,0,담하,명인안동소주
2023-10-26,0,10,Autumn,0,0,0,담하,명인안동소주
2023-10-27,2,10,Autumn,0,0,0,담하,명인안동소주
2023-10-28,0,10,Autumn,1,0,1,담하,명인안동소주
2023-10-29,0,10,Autumn,1,0,1,담하,명인안동소주
2023-10-30,1,10,Autumn,0,0,0,담하,명인안동소주
2023-10-31,1,10,Autumn,0,0,0,담하,명인안동소주
2023-11-01,0,11,Autumn,0,0,0,담하,명인안동소주
2023-11-02,0,11,Autumn,0,0,0,담하,명인안동소주
2023-11-03,0,11,Autumn,0,0,0,담하,명인안동소주
2023-11-04,2,11,Autumn,1,0,1,담하,명인안동소주
2023-11-05,0,11,Autumn,1,0,1,담하,명인안동소주
2023-11-06,0,11,Autumn,0,0,0,담하,명인안동소주
2023-11-07,1,11,Autumn,0,0,0,담하,명인안동소주
2023-11-08,1,11,Autumn,0,0,0,담하,명인안동소주
2023-11-09,0,11,Autumn,0,0,0,담하,명인안동소주
2023-11-10,0,11,Autumn,0,0,0,담하,명인안동소주
2023-11-11,1,11,Autumn,1,0,1,담하,명인안동소주
2023-11-12,1,11,Autumn,1,0,1,담하,명인안동소주
2023-11-13,1,11,Autumn,0,0,0,담하,명인안동소주
2023-11-14,0,11,Autumn,0,0,0,담하,명인안동소주
2023-11-15,0,11,Autumn,0,0,0,담하,명인안동소주
2023-11-16,0,11,Autumn,0,0,0,담하,명인안동소주
2023-11-17,2,11,Autumn,0,0,0,담하,명인안동소주
2023-11-18,1,11,Autumn,1,0,1,담하,명인안동소주
2023-11-19,0,11,Autumn,1,0,1,담하,명인안동소주
2023-11-20,0,11,Autumn,0,0,0,담하,명인안동소주
2023-11-21,0,11,Autumn,0,0,0,담하,명인안동소주
2023-11-22,0,11,Autumn,0,0,0,담하,명인안동소주
2023-11-23,0,11,Autumn,0,0,0,담하,명인안동소주
2023-11-24,1,11,Autumn,0,0,0,담하,명인안동소주
2023-11-25,1,11,Autumn,1,0,1,담하,명인안동소주
2023-11-26,0,11,Autumn,1,0,1,담하,명인안동소주
2023-11-27,3,11,Autumn,0,0,0,담하,명인안동소주
2023-11-28,0,11,Autumn,0,0,0,담하,명인안동소주
2023-11-29,0,11,Autumn,0,0,0,담하,명인안동소주
2023-11-30,0,11,Autumn,0,0,0,담하,명인안동소주
2023-12-01,1,12,Winter,0,0,0,담하,명인안동소주
2023-12-02,0,12,Winter,1,0,1,담하,명인안동소주
2023-12-03,0,12,Winter,1,0,1,담하,명인안동소주
2023-12-04,0,12,Winter,0,0,0,담하,명인안동소주
2023-12-05,0,12,Winter,0,0,0,담하,명인안동소주
2023-12-06,0,12,Winter,0,0,0,담하,명인안동소주
2023-12-07,0,12,Winter,0,0,0,담하,명인안동소주
2023-12-08,0,12,Winter,0,0,0,담하,명인안동소주
2023-12-09,0,12,Winter,1,0,1,담하,명인안동소주
2023-12-10,0,12,Winter,1,0,1,담하,명인안동소주
2023-12-11,0,12,Winter,0,0,0,담하,명인안동소주
2023-12-12,0,12,Winter,0,0,0,담하,명인안동소주
2023-12-13,0,12,Winter,0,0,0,담하,명인안동소주
2023-12-14,0,12,Winter,0,0,0,담하,명인안동소주
2023-12-15,0,12,Winter,0,0,0,담하,명인안동소주
2023-12-16,0,12,Winter,1,0,1,담하,명인안동소주
2023-12-17,0,12,Winter,1,0,1,담하,명인안동소주
2023-12-18,1,12,Winter,0,0,0,담하,명인안동소주
2023-12-19,0,12,Winter,0,0,0,담하,명인안동소주
2023-12-20,0,12,Winter,0,0,0,담하,명인안동소주
2023-12-21,0,12,Winter,0,0,0,담하,명인안동소주
2023-12-22,0,12,Winter,0,0,0,담하,명인안동소주
2023-12-23,0,12,Winter,1,0,1,담하,명인안동소주
2023-12-24,0,12,Winter,1,0,1,담하,명인안동소주
2023-12-25,0,12,Winter,0,1,1,담하,명인안동소주
2023-12-26,0,12,Winter,0,0,0,담하,명인안동소주
2023-12-27,0,12,Winter,0,0,0,담하,명인안동소주
2023-12-28,0,12,Winter,0,0,0,담하,명인안동소주
2023-12-29,0,12,Winter,0,0,0,담하,명인안동소주
2023-12-30,2,12,Winter,1,0,1,담하,명인안동소주
2023-12-31,0,12,Winter,1,0,1,담하,명인안동소주
2024-01-01,0,1,Winter,0,1,1,담하,명인안동소주
2024-01-02,0,1,Winter,0,0,0,담하,명인안동소주
2024-01-03,0,1,Winter,0,0,0,담하,명인안동소주
2024-01-04,0,1,Winter,0,0,0,담하,명인안동소주
2024-01-05,0,1,Winter,0,0,0,담하,명인안동소주
2024-01-06,0,1,Winter,1,0,1,담하,명인안동소주
2024-01-07,0,1,Winter,1,0,1,담하,명인안동소주
2024-01-08,0,1,Winter,0,0,0,담하,명인안동소주
2024-01-09,0,1,Winter,0,0,0,담하,명인안동소주
2024-01-10,0,1,Winter,0,0,0,담하,명인안동소주
2024-01-11,0,1,Winter,0,0,0,담하,명인안동소주
2024-01-12,1,1,Winter,0,0,0,담하,명인안동소주
2024-01-13,0,1,Winter,1,0,1,담하,명인안동소주
2024-01-14,0,1,Winter,1,0,1,담하,명인안동소주
2024-01-15,0,1,Winter,0,0,0,담하,명인안동소주
2024-01-16,0,1,Winter,0,0,0,담하,명인안동소주
2024-01-17,0,1,Winter,0,0,0,담하,명인안동소주
2024-01-18,0,1,Winter,0,0,0,담하,명인안동소주
2024-01-19,0,1,Winter,0,0,0,담하,명인안동소주
2024-01-20,0,1,Winter,1,0,1,담하,명인안동소주
2024-01-21,0,1,Winter,1,0,1,담하,명인안동소주
2024-01-22,1,1,Winter,0,0,0,담하,명인안동소주
2024-01-23,0,1,Winter,0,0,0,담하,명인안동소주
2024-01-24,0,1,Winter,0,0,0,담하,명인안동소주
2024-01-25,1,1,Winter,0,0,0,담하,명인안동소주
2024-01-26,0,1,Winter,0,0,0,담하,명인안동소주
2024-01-27,0,1,Winter,1,0,1,담하,명인안동소주
2024-01-28,0,1,Winter,1,0,1,담하,명인안동소주
2024-01-29,0,1,Winter,0,0,0,담하,명인안동소주
2024-01-30,0,1,Winter,0,0,0,담하,명인안동소주
2024-01-31,0,1,Winter,0,0,0,담하,명인안동소주
2024-02-01,0,2,Winter,0,0,0,담하,명인안동소주
2024-02-02,0,2,Winter,0,0,0,담하,명인안동소주
2024-02-03,0,2,Winter,1,0,1,담하,명인안동소주
2024-02-04,0,2,Winter,1,0,1,담하,명인안동소주
2024-02-05,0,2,Winter,0,0,0,담하,명인안동소주
2024-02-06,0,2,Winter,0,0,0,담하,명인안동소주
2024-02-07,0,2,Winter,0,0,0,담하,명인안동소주
2024-02-08,0,2,Winter,0,0,0,담하,명인안동소주
2024-02-09,1,2,Winter,0,1,1,담하,명인안동소주
2024-02-10,0,2,Winter,1,1,1,담하,명인안동소주
2024-02-11,0,2,Winter,1,1,1,담하,명인안동소주
2024-02-12,1,2,Winter,0,1,1,담하,명인안동소주
2024-02-13,0,2,Winter,0,0,0,담하,명인안동소주
2024-02-14,0,2,Winter,0,0,0,담하,명인안동소주
2024-02-15,5,2,Winter,0,0,0,담하,명인안동소주
2024-02-16,0,2,Winter,0,0,0,담하,명인안동소주
2024-02-17,0,2,Winter,1,0,1,담하,명인안동소주
2024-02-18,0,2,Winter,1,0,1,담하,명인안동소주
2024-02-19,0,2,Winter,0,0,0,담하,명인안동소주
2024-02-20,0,2,Winter,0,0,0,담하,명인안동소주
2024-02-21,0,2,Winter,0,0,0,담하,명인안동소주
2024-02-22,0,2,Winter,0,0,0,담하,명인안동소주
2024-02-23,0,2,Winter,0,0,0,담하,명인안동소주
2024-02-24,2,2,Winter,1,0,1,담하,명인안동소주
2024-02-25,1,2,Winter,1,0,1,담하,명인안동소주
2024-02-26,0,2,Winter,0,0,0,담하,명인안동소주
2024-02-27,0,2,Winter,0,0,0,담하,명인안동소주
2024-02-28,0,2,Winter,0,0,0,담하,명인안동소주
2024-02-29,0,2,Winter,0,0,0,담하,명인안동소주
2024-03-01,0,3,Spring,0,1,1,담하,명인안동소주
2024-03-02,0,3,Spring,1,0,1,담하,명인안동소주
2024-03-03,0,3,Spring,1,0,1,담하,명인안동소주
2024-03-04,0,3,Spring,0,0,0,담하,명인안동소주
2024-03-05,0,3,Spring,0,0,0,담하,명인안동소주
2024-03-06,0,3,Spring,0,0,0,담하,명인안동소주
2024-03-07,0,3,Spring,0,0,0,담하,명인안동소주
2024-03-08,0,3,Spring,0,0,0,담하,명인안동소주
2024-03-09,0,3,Spring,1,0,1,담하,명인안동소주
2024-03-10,0,3,Spring,1,0,1,담하,명인안동소주
2024-03-11,0,3,Spring,0,0,0,담하,명인안동소주
2024-03-12,0,3,Spring,0,0,0,담하,명인안동소주
2024-03-13,0,3,Spring,0,0,0,담하,명인안동소주
2024-03-14,0,3,Spring,0,0,0,담하,명인안동소주
2024-03-15,0,3,Spring,0,0,0,담하,명인안동소주
2024-03-16,1,3,Spring,1,0,1,담하,명인안동소주
2024-03-17,0,3,Spring,1,0,1,담하,명인안동소주
2024-03-18,0,3,Spring,0,0,0,담하,명인안동소주
2024-03-19,0,3,Spring,0,0,0,담하,명인안동소주
2024-03-20,0,3,Spring,0,0,0,담하,명인안동소주
2024-03-21,0,3,Spring,0,0,0,담하,명인안동소주
2024-03-22,0,3,Spring,0,0,0,담하,명인안동소주
2024-03-23,0,3,Spring,1,0,1,담하,명인안동소주
2024-03-24,0,3,Spring,1,0,1,담하,명인안동소주
2024-03-25,0,3,Spring,0,0,0,담하,명인안동소주
2024-03-26,0,3,Spring,0,0,0,담하,명인안동소주
2024-03-27,0,3,Spring,0,0,0,담하,명인안동소주
2024-03-28,0,3,Spring,0,0,0,담하,명인안동소주
2024-03-29,0,3,Spring,0,0,0,담하,명인안동소주
2024-03-30,1,3,Spring,1,0,1,담하,명인안동소주
2024-03-31,0,3,Spring,1,0,1,담하,명인안동소주
2024-04-01,0,4,Spring,0,0,0,담하,명인안동소주
2024-04-02,0,4,Spring,0,0,0,담하,명인안동소주
2024-04-03,0,4,Spring,0,0,0,담하,명인안동소주
2024-04-04,0,4,Spring,0,0,0,담하,명인안동소주
2024-04-05,0,4,Spring,0,0,0,담하,명인안동소주
2024-04-06,2,4,Spring,1,0,1,담하,명인안동소주
2024-04-07,0,4,Spring,1,0,1,담하,명인안동소주
2024-04-08,1,4,Spring,0,0,0,담하,명인안동소주
2024-04-09,0,4,Spring,0,0,0,담하,명인안동소주
2024-04-10,0,4,Spring,0,1,1,담하,명인안동소주
2024-04-11,0,4,Spring,0,0,0,담하,명인안동소주
2024-04-12,0,4,Spring,0,0,0,담하,명인안동소주
2024-04-13,1,4,Spring,1,0,1,담하,명인안동소주
2024-04-14,0,4,Spring,1,0,1,담하,명인안동소주
2024-04-15,0,4,Spring,0,0,0,담하,명인안동소주
2024-04-16,0,4,Spring,0,0,0,담하,명인안동소주
2024-04-17,0,4,Spring,0,0,0,담하,명인안동소주
2024-04-18,0,4,Spring,0,0,0,담하,명인안동소주
2024-04-19,0,4,Spring,0,0,0,담하,명인안동소주
2024-04-20,0,4,Spring,1,0,1,담하,명인안동소주
2024-04-21,1,4,Spring,1,0,1,담하,명인안동소주
2024-04-22,1,4,Spring,0,0,0,담하,명인안동소주
2024-04-23,0,4,Spring,0,0,0,담하,명인안동소주
2024-04-24,0,4,Spring,0,0,0,담하,명인안동소주
2024-04-25,0,4,Spring,0,0,0,담하,명인안동소주
2024-04-26,1,4,Spring,0,0,0,담하,명인안동소주
2024-04-27,0,4,Spring,1,0,1,담하,명인안동소주
2024-04-28,0,4,Spring,1,0,1,담하,명인안동소주
2024-04-29,0,4,Spring,0,0,0,담하,명인안동소주
2024-04-30,0,4,Spring,0,0,0,담하,명인안동소주
2024-05-01,0,5,Spring,0,0,0,담하,명인안동소주
2024-05-02,0,5,Spring,0,0,0,담하,명인안동소주
2024-05-03,0,5,Spring,0,0,0,담하,명인안동소주
2024-05-04,1,5,Spring,1,0,1,담하,명인안동소주
2024-05-05,0,5,Spring,1,1,1,담하,명인안동소주
2024-05-06,1,5,Spring,0,1,1,담하,명인안동소주
2024-05-07,0,5,Spring,0,0,0,담하,명인안동소주
2024-05-08,0,5,Spring,0,0,0,담하,명인안동소주
2024-05-09,0,5,Spring,0,0,0,담하,명인안동소주
2024-05-10,0,5,Spring,0,0,0,담하,명인안동소주
2024-05-11,1,5,Spring,1,0,1,담하,명인안동소주
2024-05-12,0,5,Spring,1,0,1,담하,명인안동소주
2024-05-13,0,5,Spring,0,0,0,담하,명인안동소주
2024-05-14,0,5,Spring,0,0,0,담하,명인안동소주
2024-05-15,0,5,Spring,0,1,1,담하,명인안동소주
2024-05-16,1,5,Spring,0,0,0,담하,명인안동소주
2024-05-17,0,5,Spring,0,0,0,담하,명인안동소주
2024-05-18,0,5,Spring,1,0,1,담하,명인안동소주
2024-05-19,1,5,Spring,1,0,1,담하,명인안동소주
2024-05-20,2,5,Spring,0,0,0,담하,명인안동소주
2024-05-21,0,5,Spring,0,0,0,담하,명인안동소주
2024-05-22,0,5,Spring,0,0,0,담하,명인안동소주
2024-05-23,4,5,Spring,0,0,0,담하,명인안동소주
2024-05-24,1,5,Spring,0,0,0,담하,명인안동소주
2024-05-25,0,5,Spring,1,0,1,담하,명인안동소주
2024-05-26,0,5,Spring,1,0,1,담하,명인안동소주
2024-05-27,0,5,Spring,0,0,0,담하,명인안동소주
2024-05-28,0,5,Spring,0,0,0,담하,명인안동소주
2024-05-29,0,5,Spring,0,0,0,담하,명인안동소주
2024-05-30,0,5,Spring,0,0,0,담하,명인안동소주
2024-05-31,1,5,Spring,0,0,0,담하,명인안동소주
2024-06-01,0,6,Summer,1,0,1,담하,명인안동소주
2024-06-02,0,6,Summer,1,0,1,담하,명인안동소주
2024-06-03,1,6,Summer,0,0,0,담하,명인안동소주
2024-06-04,1,6,Summer,0,0,0,담하,명인안동소주
2024-06-05,0,6,Summer,0,0,0,담하,명인안동소주
2024-06-06,0,6,Summer,0,1,1,담하,명인안동소주
2024-06-07,2,6,Summer,0,0,0,담하,명인안동소주
2024-06-08,1,6,Summer,1,0,1,담하,명인안동소주
2024-06-09,1,6,Summer,1,0,1,담하,명인안동소주
2024-06-10,0,6,Summer,0,0,0,담하,명인안동소주
2024-06-11,0,6,Summer,0,0,0,담하,명인안동소주
2024-06-12,0,6,Summer,0,0,0,담하,명인안동소주
2024-06-13,0,6,Summer,0,0,0,담하,명인안동소주
2024-06-14,0,6,Summer,0,0,0,담하,명인안동소주
2024-06-15,0,6,Summer,1,0,1,담하,명인안동소주
2023-01-01,0,1,Winter,1,1,1,담하,명태회 비빔냉면
2023-01-02,0,1,Winter,0,0,0,담하,명태회 비빔냉면
2023-01-03,0,1,Winter,0,0,0,담하,명태회 비빔냉면
2023-01-04,0,1,Winter,0,0,0,담하,명태회 비빔냉면
2023-01-05,0,1,Winter,0,0,0,담하,명태회 비빔냉면
2023-01-06,0,1,Winter,0,0,0,담하,명태회 비빔냉면
2023-01-07,0,1,Winter,1,0,1,담하,명태회 비빔냉면
2023-01-08,0,1,Winter,1,0,1,담하,명태회 비빔냉면
2023-01-09,0,1,Winter,0,0,0,담하,명태회 비빔냉면
2023-01-10,0,1,Winter,0,0,0,담하,명태회 비빔냉면
2023-01-11,0,1,Winter,0,0,0,담하,명태회 비빔냉면
2023-01-12,0,1,Winter,0,0,0,담하,명태회 비빔냉면
2023-01-13,0,1,Winter,0,0,0,담하,명태회 비빔냉면
2023-01-14,0,1,Winter,1,0,1,담하,명태회 비빔냉면
2023-01-15,0,1,Winter,1,0,1,담하,명태회 비빔냉면
2023-01-16,0,1,Winter,0,0,0,담하,명태회 비빔냉면
2023-01-17,0,1,Winter,0,0,0,담하,명태회 비빔냉면
2023-01-18,0,1,Winter,0,0,0,담하,명태회 비빔냉면
2023-01-19,0,1,Winter,0,0,0,담하,명태회 비빔냉면
2023-01-20,0,1,Winter,0,0,0,담하,명태회 비빔냉면
2023-01-21,0,1,Winter,1,1,1,담하,명태회 비빔냉면
2023-01-22,0,1,Winter,1,1,1,담하,명태회 비빔냉면
2023-01-23,0,1,Winter,0,1,1,담하,명태회 비빔냉면
2023-01-24,0,1,Winter,0,1,1,담하,명태회 비빔냉면
2023-01-25,0,1,Winter,0,0,0,담하,명태회 비빔냉면
2023-01-26,0,1,Winter,0,0,0,담하,명태회 비빔냉면
2023-01-27,0,1,Winter,0,0,0,담하,명태회 비빔냉면
2023-01-28,0,1,Winter,1,0,1,담하,명태회 비빔냉면
2023-01-29,0,1,Winter,1,0,1,담하,명태회 비빔냉면
2023-01-30,0,1,Winter,0,0,0,담하,명태회 비빔냉면
2023-01-31,0,1,Winter,0,0,0,담하,명태회 비빔냉면
2023-02-01,0,2,Winter,0,0,0,담하,명태회 비빔냉면
2023-02-02,0,2,Winter,0,0,0,담하,명태회 비빔냉면
2023-02-03,0,2,Winter,0,0,0,담하,명태회 비빔냉면
2023-02-04,0,2,Winter,1,0,1,담하,명태회 비빔냉면
2023-02-05,0,2,Winter,1,0,1,담하,명태회 비빔냉면
2023-02-06,0,2,Winter,0,0,0,담하,명태회 비빔냉면
2023-02-07,0,2,Winter,0,0,0,담하,명태회 비빔냉면
2023-02-08,0,2,Winter,0,0,0,담하,명태회 비빔냉면
2023-02-09,0,2,Winter,0,0,0,담하,명태회 비빔냉면
2023-02-10,0,2,Winter,0,0,0,담하,명태회 비빔냉면
2023-02-11,0,2,Winter,1,0,1,담하,명태회 비빔냉면
2023-02-12,0,2,Winter,1,0,1,담하,명태회 비빔냉면
2023-02-13,0,2,Winter,0,0,0,담하,명태회 비빔냉면
2023-02-14,0,2,Winter,0,0,0,담하,명태회 비빔냉면
2023-02-15,0,2,Winter,0,0,0,담하,명태회 비빔냉면
2023-02-16,0,2,Winter,0,0,0,담하,명태회 비빔냉면
2023-02-17,0,2,Winter,0,0,0,담하,명태회 비빔냉면
2023-02-18,0,2,Winter,1,0,1,담하,명태회 비빔냉면
2023-02-19,0,2,Winter,1,0,1,담하,명태회 비빔냉면
2023-02-20,0,2,Winter,0,0,0,담하,명태회 비빔냉면
2023-02-21,0,2,Winter,0,0,0,담하,명태회 비빔냉면
2023-02-22,0,2,Winter,0,0,0,담하,명태회 비빔냉면
2023-02-23,0,2,Winter,0,0,0,담하,명태회 비빔냉면
2023-02-24,0,2,Winter,0,0,0,담하,명태회 비빔냉면
2023-02-25,0,2,Winter,1,0,1,담하,명태회 비빔냉면
2023-02-26,0,2,Winter,1,0,1,담하,명태회 비빔냉면
2023-02-27,0,2,Winter,0,0,0,담하,명태회 비빔냉면
2023-02-28,0,2,Winter,0,0,0,담하,명태회 비빔냉면
2023-03-01,0,3,Spring,0,1,1,담하,명태회 비빔냉면
2023-03-02,0,3,Spring,0,0,0,담하,명태회 비빔냉면
2023-03-03,0,3,Spring,0,0,0,담하,명태회 비빔냉면
2023-03-04,0,3,Spring,1,0,1,담하,명태회 비빔냉면
2023-03-05,0,3,Spring,1,0,1,담하,명태회 비빔냉면
2023-03-06,0,3,Spring,0,0,0,담하,명태회 비빔냉면
2023-03-07,0,3,Spring,0,0,0,담하,명태회 비빔냉면
2023-03-08,0,3,Spring,0,0,0,담하,명태회 비빔냉면
2023-03-09,0,3,Spring,0,0,0,담하,명태회 비빔냉면
2023-03-10,0,3,Spring,0,0,0,담하,명태회 비빔냉면
2023-03-11,0,3,Spring,1,0,1,담하,명태회 비빔냉면
2023-03-12,0,3,Spring,1,0,1,담하,명태회 비빔냉면
2023-03-13,0,3,Spring,0,0,0,담하,명태회 비빔냉면
2023-03-14,0,3,Spring,0,0,0,담하,명태회 비빔냉면
2023-03-15,0,3,Spring,0,0,0,담하,명태회 비빔냉면
2023-03-16,0,3,Spring,0,0,0,담하,명태회 비빔냉면
2023-03-17,0,3,Spring,0,0,0,담하,명태회 비빔냉면
2023-03-18,0,3,Spring,1,0,1,담하,명태회 비빔냉면
2023-03-19,0,3,Spring,1,0,1,담하,명태회 비빔냉면
2023-03-20,0,3,Spring,0,0,0,담하,명태회 비빔냉면
2023-03-21,0,3,Spring,0,0,0,담하,명태회 비빔냉면
2023-03-22,0,3,Spring,0,0,0,담하,명태회 비빔냉면
2023-03-23,0,3,Spring,0,0,0,담하,명태회 비빔냉면
2023-03-24,0,3,Spring,0,0,0,담하,명태회 비빔냉면
2023-03-25,0,3,Spring,1,0,1,담하,명태회 비빔냉면
2023-03-26,0,3,Spring,1,0,1,담하,명태회 비빔냉면
2023-03-27,0,3,Spring,0,0,0,담하,명태회 비빔냉면
2023-03-28,0,3,Spring,0,0,0,담하,명태회 비빔냉면
2023-03-29,0,3,Spring,0,0,0,담하,명태회 비빔냉면
2023-03-30,0,3,Spring,0,0,0,담하,명태회 비빔냉면
2023-03-31,0,3,Spring,0,0,0,담하,명태회 비빔냉면
2023-04-01,0,4,Spring,1,0,1,담하,명태회 비빔냉면
2023-04-02,0,4,Spring,1,0,1,담하,명태회 비빔냉면
2023-04-03,0,4,Spring,0,0,0,담하,명태회 비빔냉면
2023-04-04,0,4,Spring,0,0,0,담하,명태회 비빔냉면
2023-04-05,0,4,Spring,0,0,0,담하,명태회 비빔냉면
2023-04-06,0,4,Spring,0,0,0,담하,명태회 비빔냉면
2023-04-07,0,4,Spring,0,0,0,담하,명태회 비빔냉면
2023-04-08,0,4,Spring,1,0,1,담하,명태회 비빔냉면
2023-04-09,0,4,Spring,1,0,1,담하,명태회 비빔냉면
2023-04-10,0,4,Spring,0,0,0,담하,명태회 비빔냉면
2023-04-11,0,4,Spring,0,0,0,담하,명태회 비빔냉면
2023-04-12,0,4,Spring,0,0,0,담하,명태회 비빔냉면
2023-04-13,0,4,Spring,0,0,0,담하,명태회 비빔냉면
2023-04-14,0,4,Spring,0,0,0,담하,명태회 비빔냉면
2023-04-15,0,4,Spring,1,0,1,담하,명태회 비빔냉면
2023-04-16,0,4,Spring,1,0,1,담하,명태회 비빔냉면
2023-04-17,0,4,Spring,0,0,0,담하,명태회 비빔냉면
2023-04-18,0,4,Spring,0,0,0,담하,명태회 비빔냉면
2023-04-19,0,4,Spring,0,0,0,담하,명태회 비빔냉면
2023-04-20,0,4,Spring,0,0,0,담하,명태회 비빔냉면
2023-04-21,0,4,Spring,0,0,0,담하,명태회 비빔냉면
2023-04-22,0,4,Spring,1,0,1,담하,명태회 비빔냉면
2023-04-23,0,4,Spring,1,0,1,담하,명태회 비빔냉면
2023-04-24,0,4,Spring,0,0,0,담하,명태회 비빔냉면
2023-04-25,0,4,Spring,0,0,0,담하,명태회 비빔냉면
2023-04-26,0,4,Spring,0,0,0,담하,명태회 비빔냉면
2023-04-27,0,4,Spring,0,0,0,담하,명태회 비빔냉면
2023-04-28,0,4,Spring,0,0,0,담하,명태회 비빔냉면
2023-04-29,0,4,Spring,1,0,1,담하,명태회 비빔냉면
2023-04-30,0,4,Spring,1,0,1,담하,명태회 비빔냉면
2023-05-01,0,5,Spring,0,0,0,담하,명태회 비빔냉면
2023-05-02,0,5,Spring,0,0,0,담하,명태회 비빔냉면
2023-05-03,0,5,Spring,0,0,0,담하,명태회 비빔냉면
2023-05-04,0,5,Spring,0,0,0,담하,명태회 비빔냉면
2023-05-05,0,5,Spring,0,1,1,담하,명태회 비빔냉면
2023-05-06,0,5,Spring,1,0,1,담하,명태회 비빔냉면
2023-05-07,0,5,Spring,1,0,1,담하,명태회 비빔냉면
2023-05-08,0,5,Spring,0,0,0,담하,명태회 비빔냉면
2023-05-09,0,5,Spring,0,0,0,담하,명태회 비빔냉면
2023-05-10,0,5,Spring,0,0,0,담하,명태회 비빔냉면
2023-05-11,0,5,Spring,0,0,0,담하,명태회 비빔냉면
2023-05-12,0,5,Spring,0,0,0,담하,명태회 비빔냉면
2023-05-13,0,5,Spring,1,0,1,담하,명태회 비빔냉면
2023-05-14,0,5,Spring,1,0,1,담하,명태회 비빔냉면
2023-05-15,0,5,Spring,0,0,0,담하,명태회 비빔냉면
2023-05-16,0,5,Spring,0,0,0,담하,명태회 비빔냉면
2023-05-17,0,5,Spring,0,0,0,담하,명태회 비빔냉면
2023-05-18,0,5,Spring,0,0,0,담하,명태회 비빔냉면
2023-05-19,0,5,Spring,0,0,0,담하,명태회 비빔냉면
2023-05-20,0,5,Spring,1,0,1,담하,명태회 비빔냉면
2023-05-21,0,5,Spring,1,0,1,담하,명태회 비빔냉면
2023-05-22,0,5,Spring,0,0,0,담하,명태회 비빔냉면
2023-05-23,0,5,Spring,0,0,0,담하,명태회 비빔냉면
2023-05-24,0,5,Spring,0,0,0,담하,명태회 비빔냉면
2023-05-25,0,5,Spring,0,0,0,담하,명태회 비빔냉면
2023-05-26,0,5,Spring,0,0,0,담하,명태회 비빔냉면
2023-05-27,0,5,Spring,1,1,1,담하,명태회 비빔냉면
2023-05-28,0,5,Spring,1,0,1,담하,명태회 비빔냉면
2023-05-29,0,5,Spring,0,1,1,담하,명태회 비빔냉면
2023-05-30,0,5,Spring,0,0,0,담하,명태회 비빔냉면
2023-05-31,0,5,Spring,0,0,0,담하,명태회 비빔냉면
2023-06-01,0,6,Summer,0,0,0,담하,명태회 비빔냉면
2023-06-02,6,6,Summer,0,0,0,담하,명태회 비빔냉면
2023-06-03,6,6,Summer,1,0,1,담하,명태회 비빔냉면
2023-06-04,3,6,Summer,1,0,1,담하,명태회 비빔냉면
2023-06-05,5,6,Summer,0,0,0,담하,명태회 비빔냉면
2023-06-06,11,6,Summer,0,1,1,담하,명태회 비빔냉면
2023-06-07,3,6,Summer,0,0,0,담하,명태회 비빔냉면
2023-06-08,1,6,Summer,0,0,0,담하,명태회 비빔냉면
2023-06-09,7,6,Summer,0,0,0,담하,명태회 비빔냉면
2023-06-10,4,6,Summer,1,0,1,담하,명태회 비빔냉면
2023-06-11,14,6,Summer,1,0,1,담하,명태회 비빔냉면
2023-06-12,3,6,Summer,0,0,0,담하,명태회 비빔냉면
2023-06-13,1,6,Summer,0,0,0,담하,명태회 비빔냉면
2023-06-14,2,6,Summer,0,0,0,담하,명태회 비빔냉면
2023-06-15,6,6,Summer,0,0,0,담하,명태회 비빔냉면
2023-06-16,1,6,Summer,0,0,0,담하,명태회 비빔냉면
2023-06-17,17,6,Summer,1,0,1,담하,명태회 비빔냉면
2023-06-18,5,6,Summer,1,0,1,담하,명태회 비빔냉면
2023-06-19,6,6,Summer,0,0,0,담하,명태회 비빔냉면
2023-06-20,4,6,Summer,0,0,0,담하,명태회 비빔냉면
2023-06-21,1,6,Summer,0,0,0,담하,명태회 비빔냉면
2023-06-22,0,6,Summer,0,0,0,담하,명태회 비빔냉면
2023-06-23,22,6,Summer,0,0,0,담하,명태회 비빔냉면
2023-06-24,9,6,Summer,1,0,1,담하,명태회 비빔냉면
2023-06-25,2,6,Summer,1,0,1,담하,명태회 비빔냉면
2023-06-26,0,6,Summer,0,0,0,담하,명태회 비빔냉면
2023-06-27,1,6,Summer,0,0,0,담하,명태회 비빔냉면
2023-06-28,3,6,Summer,0,0,0,담하,명태회 비빔냉면
2023-06-29,5,6,Summer,0,0,0,담하,명태회 비빔냉면
2023-06-30,8,6,Summer,0,0,0,담하,명태회 비빔냉면
2023-07-01,10,7,Summer,1,0,1,담하,명태회 비빔냉면
2023-07-02,6,7,Summer,1,0,1,담하,명태회 비빔냉면
2023-07-03,2,7,Summer,0,0,0,담하,명태회 비빔냉면
2023-07-04,7,7,Summer,0,0,0,담하,명태회 비빔냉면
2023-07-05,0,7,Summer,0,0,0,담하,명태회 비빔냉면
2023-07-06,2,7,Summer,0,0,0,담하,명태회 비빔냉면
2023-07-07,3,7,Summer,0,0,0,담하,명태회 비빔냉면
2023-07-08,6,7,Summer,1,0,1,담하,명태회 비빔냉면
2023-07-09,4,7,Summer,1,0,1,담하,명태회 비빔냉면
2023-07-10,2,7,Summer,0,0,0,담하,명태회 비빔냉면
2023-07-11,3,7,Summer,0,0,0,담하,명태회 비빔냉면
2023-07-12,5,7,Summer,0,0,0,담하,명태회 비빔냉면
2023-07-13,1,7,Summer,0,0,0,담하,명태회 비빔냉면
2023-07-14,8,7,Summer,0,0,0,담하,명태회 비빔냉면
2023-07-15,5,7,Summer,1,0,1,담하,명태회 비빔냉면
2023-07-16,1,7,Summer,1,0,1,담하,명태회 비빔냉면
2023-07-17,4,7,Summer,0,0,0,담하,명태회 비빔냉면
2023-07-18,1,7,Summer,0,0,0,담하,명태회 비빔냉면
2023-07-19,1,7,Summer,0,0,0,담하,명태회 비빔냉면
2023-07-20,3,7,Summer,0,0,0,담하,명태회 비빔냉면
2023-07-21,13,7,Summer,0,0,0,담하,명태회 비빔냉면
2023-07-22,4,7,Summer,1,0,1,담하,명태회 비빔냉면
2023-07-23,3,7,Summer,1,0,1,담하,명태회 비빔냉면
2023-07-24,1,7,Summer,0,0,0,담하,명태회 비빔냉면
2023-07-25,4,7,Summer,0,0,0,담하,명태회 비빔냉면
2023-07-26,2,7,Summer,0,0,0,담하,명태회 비빔냉면
2023-07-27,4,7,Summer,0,0,0,담하,명태회 비빔냉면
2023-07-28,5,7,Summer,0,0,0,담하,명태회 비빔냉면
2023-07-29,5,7,Summer,1,0,1,담하,명태회 비빔냉면
2023-07-30,2,7,Summer,1,0,1,담하,명태회 비빔냉면
2023-07-31,12,7,Summer,0,0,0,담하,명태회 비빔냉면
2023-08-01,5,8,Summer,0,0,0,담하,명태회 비빔냉면
2023-08-02,6,8,Summer,0,0,0,담하,명태회 비빔냉면
2023-08-03,4,8,Summer,0,0,0,담하,명태회 비빔냉면
2023-08-04,8,8,Summer,0,0,0,담하,명태회 비빔냉면
2023-08-05,8,8,Summer,1,0,1,담하,명태회 비빔냉면
2023-08-06,4,8,Summer,1,0,1,담하,명태회 비빔냉면
2023-08-07,4,8,Summer,0,0,0,담하,명태회 비빔냉면
2023-08-08,11,8,Summer,0,0,0,담하,명태회 비빔냉면
2023-08-09,0,8,Summer,0,0,0,담하,명태회 비빔냉면
2023-08-10,3,8,Summer,0,0,0,담하,명태회 비빔냉면
2023-08-11,5,8,Summer,0,0,0,담하,명태회 비빔냉면
2023-08-12,2,8,Summer,1,0,1,담하,명태회 비빔냉면
2023-08-13,2,8,Summer,1,0,1,담하,명태회 비빔냉면
2023-08-14,4,8,Summer,0,0,0,담하,명태회 비빔냉면
2023-08-15,7,8,Summer,0,1,1,담하,명태회 비빔냉면
2023-08-16,1,8,Summer,0,0,0,담하,명태회 비빔냉면
2023-08-17,1,8,Summer,0,0,0,담하,명태회 비빔냉면
2023-08-18,5,8,Summer,0,0,0,담하,명태회 비빔냉면
2023-08-19,3,8,Summer,1,0,1,담하,명태회 비빔냉면
2023-08-20,6,8,Summer,1,0,1,담하,명태회 비빔냉면
2023-08-21,1,8,Summer,0,0,0,담하,명태회 비빔냉면
2023-08-22,0,8,Summer,0,0,0,담하,명태회 비빔냉면
2023-08-23,3,8,Summer,0,0,0,담하,명태회 비빔냉면
2023-08-24,3,8,Summer,0,0,0,담하,명태회 비빔냉면
2023-08-25,6,8,Summer,0,0,0,담하,명태회 비빔냉면
2023-08-26,2,8,Summer,1,0,1,담하,명태회 비빔냉면
2023-08-27,6,8,Summer,1,0,1,담하,명태회 비빔냉면
2023-08-28,2,8,Summer,0,0,0,담하,명태회 비빔냉면
2023-08-29,1,8,Summer,0,0,0,담하,명태회 비빔냉면
2023-08-30,4,8,Summer,0,0,0,담하,명태회 비빔냉면
2023-08-31,1,8,Summer,0,0,0,담하,명태회 비빔냉면
2023-09-01,5,9,Autumn,0,0,0,담하,명태회 비빔냉면
2023-09-02,3,9,Autumn,1,0,1,담하,명태회 비빔냉면
2023-09-03,0,9,Autumn,1,0,1,담하,명태회 비빔냉면
2023-09-04,1,9,Autumn,0,0,0,담하,명태회 비빔냉면
2023-09-05,1,9,Autumn,0,0,0,담하,명태회 비빔냉면
2023-09-06,0,9,Autumn,0,0,0,담하,명태회 비빔냉면
2023-09-07,4,9,Autumn,0,0,0,담하,명태회 비빔냉면
2023-09-08,4,9,Autumn,0,0,0,담하,명태회 비빔냉면
2023-09-09,2,9,Autumn,1,0,1,담하,명태회 비빔냉면
2023-09-10,2,9,Autumn,1,0,1,담하,명태회 비빔냉면
2023-09-11,0,9,Autumn,0,0,0,담하,명태회 비빔냉면
2023-09-12,3,9,Autumn,0,0,0,담하,명태회 비빔냉면
2023-09-13,3,9,Autumn,0,0,0,담하,명태회 비빔냉면
2023-09-14,0,9,Autumn,0,0,0,담하,명태회 비빔냉면
2023-09-15,1,9,Autumn,0,0,0,담하,명태회 비빔냉면
2023-09-16,3,9,Autumn,1,0,1,담하,명태회 비빔냉면
2023-09-17,1,9,Autumn,1,0,1,담하,명태회 비빔냉면
2023-09-18,2,9,Autumn,0,0,0,담하,명태회 비빔냉면
2023-09-19,0,9,Autumn,0,0,0,담하,명태회 비빔냉면
2023-09-20,1,9,Autumn,0,0,0,담하,명태회 비빔냉면
2023-09-21,2,9,Autumn,0,0,0,담하,명태회 비빔냉면
2023-09-22,1,9,Autumn,0,0,0,담하,명태회 비빔냉면
2023-09-23,2,9,Autumn,1,0,1,담하,명태회 비빔냉면
2023-09-24,3,9,Autumn,1,0,1,담하,명태회 비빔냉면
2023-09-25,1,9,Autumn,0,0,0,담하,명태회 비빔냉면
2023-09-26,0,9,Autumn,0,0,0,담하,명태회 비빔냉면
2023-09-27,5,9,Autumn,0,0,0,담하,명태회 비빔냉면
2023-09-28,8,9,Autumn,0,1,1,담하,명태회 비빔냉면
2023-09-29,17,9,Autumn,0,1,1,담하,명태회 비빔냉면
2023-09-30,8,9,Autumn,1,1,1,담하,명태회 비빔냉면
2023-10-01,8,10,Autumn,1,0,1,담하,명태회 비빔냉면
2023-10-02,7,10,Autumn,0,1,1,담하,명태회 비빔냉면
2023-10-03,1,10,Autumn,0,1,1,담하,명태회 비빔냉면
2023-10-04,2,10,Autumn,0,0,0,담하,명태회 비빔냉면
2023-10-05,0,10,Autumn,0,0,0,담하,명태회 비빔냉면
2023-10-06,2,10,Autumn,0,0,0,담하,명태회 비빔냉면
2023-10-07,4,10,Autumn,1,0,1,담하,명태회 비빔냉면
2023-10-08,10,10,Autumn,1,0,1,담하,명태회 비빔냉면
2023-10-09,5,10,Autumn,0,1,1,담하,명태회 비빔냉면
2023-10-10,1,10,Autumn,0,0,0,담하,명태회 비빔냉면
2023-10-11,4,10,Autumn,0,0,0,담하,명태회 비빔냉면
2023-10-12,2,10,Autumn,0,0,0,담하,명태회 비빔냉면
2023-10-13,6,10,Autumn,0,0,0,담하,명태회 비빔냉면
2023-10-14,1,10,Autumn,1,0,1,담하,명태회 비빔냉면
2023-10-15,4,10,Autumn,1,0,1,담하,명태회 비빔냉면
2023-10-16,6,10,Autumn,0,0,0,담하,명태회 비빔냉면
2023-10-17,2,10,Autumn,0,0,0,담하,명태회 비빔냉면
2023-10-18,9,10,Autumn,0,0,0,담하,명태회 비빔냉면
2023-10-19,4,10,Autumn,0,0,0,담하,명태회 비빔냉면
2023-10-20,3,10,Autumn,0,0,0,담하,명태회 비빔냉면
2023-10-21,4,10,Autumn,1,0,1,담하,명태회 비빔냉면
2023-10-22,5,10,Autumn,1,0,1,담하,명태회 비빔냉면
2023-10-23,2,10,Autumn,0,0,0,담하,명태회 비빔냉면
2023-10-24,5,10,Autumn,0,0,0,담하,명태회 비빔냉면
2023-10-25,4,10,Autumn,0,0,0,담하,명태회 비빔냉면
2023-10-26,10,10,Autumn,0,0,0,담하,명태회 비빔냉면
2023-10-27,2,10,Autumn,0,0,0,담하,명태회 비빔냉면
2023-10-28,6,10,Autumn,1,0,1,담하,명태회 비빔냉면
2023-10-29,5,10,Autumn,1,0,1,담하,명태회 비빔냉면
2023-10-30,11,10,Autumn,0,0,0,담하,명태회 비빔냉면
2023-10-31,6,10,Autumn,0,0,0,담하,명태회 비빔냉면
2023-11-01,6,11,Autumn,0,0,0,담하,명태회 비빔냉면
2023-11-02,9,11,Autumn,0,0,0,담하,명태회 비빔냉면
2023-11-03,5,11,Autumn,0,0,0,담하,명태회 비빔냉면
2023-11-04,6,11,Autumn,1,0,1,담하,명태회 비빔냉면
2023-11-05,3,11,Autumn,1,0,1,담하,명태회 비빔냉면
2023-11-06,2,11,Autumn,0,0,0,담하,명태회 비빔냉면
2023-11-07,6,11,Autumn,0,0,0,담하,명태회 비빔냉면
2023-11-08,2,11,Autumn,0,0,0,담하,명태회 비빔냉면
2023-11-09,1,11,Autumn,0,0,0,담하,명태회 비빔냉면
2023-11-10,3,11,Autumn,0,0,0,담하,명태회 비빔냉면
2023-11-11,5,11,Autumn,1,0,1,담하,명태회 비빔냉면
2023-11-12,1,11,Autumn,1,0,1,담하,명태회 비빔냉면
2023-11-13,5,11,Autumn,0,0,0,담하,명태회 비빔냉면
2023-11-14,6,11,Autumn,0,0,0,담하,명태회 비빔냉면
2023-11-15,3,11,Autumn,0,0,0,담하,명태회 비빔냉면
2023-11-16,0,11,Autumn,0,0,0,담하,명태회 비빔냉면
2023-11-17,4,11,Autumn,0,0,0,담하,명태회 비빔냉면
2023-11-18,3,11,Autumn,1,0,1,담하,명태회 비빔냉면
2023-11-19,4,11,Autumn,1,0,1,담하,명태회 비빔냉면
2023-11-20,1,11,Autumn,0,0,0,담하,명태회 비빔냉면
2023-11-21,4,11,Autumn,0,0,0,담하,명태회 비빔냉면
2023-11-22,13,11,Autumn,0,0,0,담하,명태회 비빔냉면
2023-11-23,1,11,Autumn,0,0,0,담하,명태회 비빔냉면
2023-11-24,3,11,Autumn,0,0,0,담하,명태회 비빔냉면
2023-11-25,0,11,Autumn,1,0,1,담하,명태회 비빔냉면
2023-11-26,2,11,Autumn,1,0,1,담하,명태회 비빔냉면
2023-11-27,1,11,Autumn,0,0,0,담하,명태회 비빔냉면
2023-11-28,0,11,Autumn,0,0,0,담하,명태회 비빔냉면
2023-11-29,1,11,Autumn,0,0,0,담하,명태회 비빔냉면
2023-11-30,3,11,Autumn,0,0,0,담하,명태회 비빔냉면
2023-12-01,0,12,Winter,0,0,0,담하,명태회 비빔냉면
2023-12-02,2,12,Winter,1,0,1,담하,명태회 비빔냉면
2023-12-03,0,12,Winter,1,0,1,담하,명태회 비빔냉면
2023-12-04,0,12,Winter,0,0,0,담하,명태회 비빔냉면
2023-12-05,1,12,Winter,0,0,0,담하,명태회 비빔냉면
2023-12-06,1,12,Winter,0,0,0,담하,명태회 비빔냉면
2023-12-07,0,12,Winter,0,0,0,담하,명태회 비빔냉면
2023-12-08,1,12,Winter,0,0,0,담하,명태회 비빔냉면
2023-12-09,4,12,Winter,1,0,1,담하,명태회 비빔냉면
2023-12-10,1,12,Winter,1,0,1,담하,명태회 비빔냉면
2023-12-11,1,12,Winter,0,0,0,담하,명태회 비빔냉면
2023-12-12,1,12,Winter,0,0,0,담하,명태회 비빔냉면
2023-12-13,3,12,Winter,0,0,0,담하,명태회 비빔냉면
2023-12-14,1,12,Winter,0,0,0,담하,명태회 비빔냉면
2023-12-15,5,12,Winter,0,0,0,담하,명태회 비빔냉면
2023-12-16,0,12,Winter,1,0,1,담하,명태회 비빔냉면
2023-12-17,3,12,Winter,1,0,1,담하,명태회 비빔냉면
2023-12-18,1,12,Winter,0,0,0,담하,명태회 비빔냉면
2023-12-19,3,12,Winter,0,0,0,담하,명태회 비빔냉면
2023-12-20,4,12,Winter,0,0,0,담하,명태회 비빔냉면
2023-12-21,2,12,Winter,0,0,0,담하,명태회 비빔냉면
2023-12-22,1,12,Winter,0,0,0,담하,명태회 비빔냉면
2023-12-23,4,12,Winter,1,0,1,담하,명태회 비빔냉면
2023-12-24,0,12,Winter,1,0,1,담하,명태회 비빔냉면
2023-12-25,0,12,Winter,0,1,1,담하,명태회 비빔냉면
2023-12-26,1,12,Winter,0,0,0,담하,명태회 비빔냉면
2023-12-27,3,12,Winter,0,0,0,담하,명태회 비빔냉면
2023-12-28,6,12,Winter,0,0,0,담하,명태회 비빔냉면
2023-12-29,8,12,Winter,0,0,0,담하,명태회 비빔냉면
2023-12-30,4,12,Winter,1,0,1,담하,명태회 비빔냉면
2023-12-31,1,12,Winter,1,0,1,담하,명태회 비빔냉면
2024-01-01,10,1,Winter,0,1,1,담하,명태회 비빔냉면
2024-01-02,8,1,Winter,0,0,0,담하,명태회 비빔냉면
2024-01-03,1,1,Winter,0,0,0,담하,명태회 비빔냉면
2024-01-04,2,1,Winter,0,0,0,담하,명태회 비빔냉면
2024-01-05,4,1,Winter,0,0,0,담하,명태회 비빔냉면
2024-01-06,7,1,Winter,1,0,1,담하,명태회 비빔냉면
2024-01-07,4,1,Winter,1,0,1,담하,명태회 비빔냉면
2024-01-08,4,1,Winter,0,0,0,담하,명태회 비빔냉면
2024-01-09,1,1,Winter,0,0,0,담하,명태회 비빔냉면
2024-01-10,2,1,Winter,0,0,0,담하,명태회 비빔냉면
2024-01-11,1,1,Winter,0,0,0,담하,명태회 비빔냉면
2024-01-12,4,1,Winter,0,0,0,담하,명태회 비빔냉면
2024-01-13,3,1,Winter,1,0,1,담하,명태회 비빔냉면
2024-01-14,8,1,Winter,1,0,1,담하,명태회 비빔냉면
2024-01-15,4,1,Winter,0,0,0,담하,명태회 비빔냉면
2024-01-16,1,1,Winter,0,0,0,담하,명태회 비빔냉면
2024-01-17,3,1,Winter,0,0,0,담하,명태회 비빔냉면
2024-01-18,1,1,Winter,0,0,0,담하,명태회 비빔냉면
2024-01-19,4,1,Winter,0,0,0,담하,명태회 비빔냉면
2024-01-20,3,1,Winter,1,0,1,담하,명태회 비빔냉면
2024-01-21,1,1,Winter,1,0,1,담하,명태회 비빔냉면
2024-01-22,4,1,Winter,0,0,0,담하,명태회 비빔냉면
2024-01-23,1,1,Winter,0,0,0,담하,명태회 비빔냉면
2024-01-24,0,1,Winter,0,0,0,담하,명태회 비빔냉면
2024-01-25,4,1,Winter,0,0,0,담하,명태회 비빔냉면
2024-01-26,6,1,Winter,0,0,0,담하,명태회 비빔냉면
2024-01-27,7,1,Winter,1,0,1,담하,명태회 비빔냉면
2024-01-28,10,1,Winter,1,0,1,담하,명태회 비빔냉면
2024-01-29,3,1,Winter,0,0,0,담하,명태회 비빔냉면
2024-01-30,3,1,Winter,0,0,0,담하,명태회 비빔냉면
2024-01-31,2,1,Winter,0,0,0,담하,명태회 비빔냉면
2024-02-01,2,2,Winter,0,0,0,담하,명태회 비빔냉면
2024-02-02,1,2,Winter,0,0,0,담하,명태회 비빔냉면
2024-02-03,6,2,Winter,1,0,1,담하,명태회 비빔냉면
2024-02-04,1,2,Winter,1,0,1,담하,명태회 비빔냉면
2024-02-05,3,2,Winter,0,0,0,담하,명태회 비빔냉면
2024-02-06,4,2,Winter,0,0,0,담하,명태회 비빔냉면
2024-02-07,2,2,Winter,0,0,0,담하,명태회 비빔냉면
2024-02-08,3,2,Winter,0,0,0,담하,명태회 비빔냉면
2024-02-09,8,2,Winter,0,1,1,담하,명태회 비빔냉면
2024-02-10,11,2,Winter,1,1,1,담하,명태회 비빔냉면
2024-02-11,4,2,Winter,1,1,1,담하,명태회 비빔냉면
2024-02-12,9,2,Winter,0,1,1,담하,명태회 비빔냉면
2024-02-13,4,2,Winter,0,0,0,담하,명태회 비빔냉면
2024-02-14,2,2,Winter,0,0,0,담하,명태회 비빔냉면
2024-02-15,5,2,Winter,0,0,0,담하,명태회 비빔냉면
2024-02-16,3,2,Winter,0,0,0,담하,명태회 비빔냉면
2024-02-17,5,2,Winter,1,0,1,담하,명태회 비빔냉면
2024-02-18,5,2,Winter,1,0,1,담하,명태회 비빔냉면
2024-02-19,1,2,Winter,0,0,0,담하,명태회 비빔냉면
2024-02-20,3,2,Winter,0,0,0,담하,명태회 비빔냉면
2024-02-21,0,2,Winter,0,0,0,담하,명태회 비빔냉면
2024-02-22,0,2,Winter,0,0,0,담하,명태회 비빔냉면
2024-02-23,1,2,Winter,0,0,0,담하,명태회 비빔냉면
2024-02-24,3,2,Winter,1,0,1,담하,명태회 비빔냉면
2024-02-25,7,2,Winter,1,0,1,담하,명태회 비빔냉면
2024-02-26,4,2,Winter,0,0,0,담하,명태회 비빔냉면
2024-02-27,0,2,Winter,0,0,0,담하,명태회 비빔냉면
2024-02-28,1,2,Winter,0,0,0,담하,명태회 비빔냉면
2024-02-29,5,2,Winter,0,0,0,담하,명태회 비빔냉면
2024-03-01,4,3,Spring,0,1,1,담하,명태회 비빔냉면
2024-03-02,1,3,Spring,1,0,1,담하,명태회 비빔냉면
2024-03-03,0,3,Spring,1,0,1,담하,명태회 비빔냉면
2024-03-04,0,3,Spring,0,0,0,담하,명태회 비빔냉면
2024-03-05,0,3,Spring,0,0,0,담하,명태회 비빔냉면
2024-03-06,0,3,Spring,0,0,0,담하,명태회 비빔냉면
2024-03-07,0,3,Spring,0,0,0,담하,명태회 비빔냉면
2024-03-08,0,3,Spring,0,0,0,담하,명태회 비빔냉면
2024-03-09,0,3,Spring,1,0,1,담하,명태회 비빔냉면
2024-03-10,0,3,Spring,1,0,1,담하,명태회 비빔냉면
2024-03-11,0,3,Spring,0,0,0,담하,명태회 비빔냉면
2024-03-12,0,3,Spring,0,0,0,담하,명태회 비빔냉면
2024-03-13,0,3,Spring,0,0,0,담하,명태회 비빔냉면
2024-03-14,0,3,Spring,0,0,0,담하,명태회 비빔냉면
2024-03-15,2,3,Spring,0,0,0,담하,명태회 비빔냉면
2024-03-16,5,3,Spring,1,0,1,담하,명태회 비빔냉면
2024-03-17,0,3,Spring,1,0,1,담하,명태회 비빔냉면
2024-03-18,1,3,Spring,0,0,0,담하,명태회 비빔냉면
2024-03-19,0,3,Spring,0,0,0,담하,명태회 비빔냉면
2024-03-20,0,3,Spring,0,0,0,담하,명태회 비빔냉면
2024-03-21,3,3,Spring,0,0,0,담하,명태회 비빔냉면
2024-03-22,2,3,Spring,0,0,0,담하,명태회 비빔냉면
2024-03-23,5,3,Spring,1,0,1,담하,명태회 비빔냉면
2024-03-24,0,3,Spring,1,0,1,담하,명태회 비빔냉면
2024-03-25,2,3,Spring,0,0,0,담하,명태회 비빔냉면
2024-03-26,1,3,Spring,0,0,0,담하,명태회 비빔냉면
2024-03-27,0,3,Spring,0,0,0,담하,명태회 비빔냉면
2024-03-28,1,3,Spring,0,0,0,담하,명태회 비빔냉면
2024-03-29,9,3,Spring,0,0,0,담하,명태회 비빔냉면
2024-03-30,6,3,Spring,1,0,1,담하,명태회 비빔냉면
2024-03-31,4,3,Spring,1,0,1,담하,명태회 비빔냉면
2024-04-01,1,4,Spring,0,0,0,담하,명태회 비빔냉면
2024-04-02,7,4,Spring,0,0,0,담하,명태회 비빔냉면
2024-04-03,2,4,Spring,0,0,0,담하,명태회 비빔냉면
2024-04-04,3,4,Spring,0,0,0,담하,명태회 비빔냉면
2024-04-05,5,4,Spring,0,0,0,담하,명태회 비빔냉면
2024-04-06,9,4,Spring,1,0,1,담하,명태회 비빔냉면
2024-04-07,8,4,Spring,1,0,1,담하,명태회 비빔냉면
2024-04-08,1,4,Spring,0,0,0,담하,명태회 비빔냉면
2024-04-09,4,4,Spring,0,0,0,담하,명태회 비빔냉면
2024-04-10,5,4,Spring,0,1,1,담하,명태회 비빔냉면
2024-04-11,9,4,Spring,0,0,0,담하,명태회 비빔냉면
2024-04-12,3,4,Spring,0,0,0,담하,명태회 비빔냉면
2024-04-13,12,4,Spring,1,0,1,담하,명태회 비빔냉면
2024-04-14,11,4,Spring,1,0,1,담하,명태회 비빔냉면
2024-04-15,1,4,Spring,0,0,0,담하,명태회 비빔냉면
2024-04-16,3,4,Spring,0,0,0,담하,명태회 비빔냉면
2024-04-17,3,4,Spring,0,0,0,담하,명태회 비빔냉면
2024-04-18,5,4,Spring,0,0,0,담하,명태회 비빔냉면
2024-04-19,5,4,Spring,0,0,0,담하,명태회 비빔냉면
2024-04-20,3,4,Spring,1,0,1,담하,명태회 비빔냉면
2024-04-21,3,4,Spring,1,0,1,담하,명태회 비빔냉면
2024-04-22,7,4,Spring,0,0,0,담하,명태회 비빔냉면
2024-04-23,1,4,Spring,0,0,0,담하,명태회 비빔냉면
2024-04-24,1,4,Spring,0,0,0,담하,명태회 비빔냉면
2024-04-25,3,4,Spring,0,0,0,담하,명태회 비빔냉면
2024-04-26,8,4,Spring,0,0,0,담하,명태회 비빔냉면
2024-04-27,11,4,Spring,1,0,1,담하,명태회 비빔냉면
2024-04-28,6,4,Spring,1,0,1,담하,명태회 비빔냉면
2024-04-29,4,4,Spring,0,0,0,담하,명태회 비빔냉면
2024-04-30,2,4,Spring,0,0,0,담하,명태회 비빔냉면
2024-05-01,7,5,Spring,0,0,0,담하,명태회 비빔냉면
2024-05-02,5,5,Spring,0,0,0,담하,명태회 비빔냉면
2024-05-03,3,5,Spring,0,0,0,담하,명태회 비빔냉면
2024-05-04,11,5,Spring,1,0,1,담하,명태회 비빔냉면
2024-05-05,3,5,Spring,1,1,1,담하,명태회 비빔냉면
2024-05-06,3,5,Spring,0,1,1,담하,명태회 비빔냉면
2024-05-07,0,5,Spring,0,0,0,담하,명태회 비빔냉면
2024-05-08,7,5,Spring,0,0,0,담하,명태회 비빔냉면
2024-05-09,3,5,Spring,0,0,0,담하,명태회 비빔냉면
2024-05-10,7,5,Spring,0,0,0,담하,명태회 비빔냉면
2024-05-11,14,5,Spring,1,0,1,담하,명태회 비빔냉면
2024-05-12,3,5,Spring,1,0,1,담하,명태회 비빔냉면
2024-05-13,0,5,Spring,0,0,0,담하,명태회 비빔냉면
2024-05-14,4,5,Spring,0,0,0,담하,명태회 비빔냉면
2024-05-15,1,5,Spring,0,1,1,담하,명태회 비빔냉면
2024-05-16,2,5,Spring,0,0,0,담하,명태회 비빔냉면
2024-05-17,7,5,Spring,0,0,0,담하,명태회 비빔냉면
2024-05-18,6,5,Spring,1,0,1,담하,명태회 비빔냉면
2024-05-19,5,5,Spring,1,0,1,담하,명태회 비빔냉면
2024-05-20,0,5,Spring,0,0,0,담하,명태회 비빔냉면
2024-05-21,1,5,Spring,0,0,0,담하,명태회 비빔냉면
2024-05-22,3,5,Spring,0,0,0,담하,명태회 비빔냉면
2024-05-23,0,5,Spring,0,0,0,담하,명태회 비빔냉면
2024-05-24,6,5,Spring,0,0,0,담하,명태회 비빔냉면
2024-05-25,5,5,Spring,1,0,1,담하,명태회 비빔냉면
2024-05-26,3,5,Spring,1,0,1,담하,명태회 비빔냉면
2024-05-27,4,5,Spring,0,0,0,담하,명태회 비빔냉면
2024-05-28,3,5,Spring,0,0,0,담하,명태회 비빔냉면
2024-05-29,21,5,Spring,0,0,0,담하,명태회 비빔냉면
2024-05-30,2,5,Spring,0,0,0,담하,명태회 비빔냉면
2024-05-31,2,5,Spring,0,0,0,담하,명태회 비빔냉면
2024-06-01,3,6,Summer,1,0,1,담하,명태회 비빔냉면
2024-06-02,0,6,Summer,1,0,1,담하,명태회 비빔냉면
2024-06-03,1,6,Summer,0,0,0,담하,명태회 비빔냉면
2024-06-04,2,6,Summer,0,0,0,담하,명태회 비빔냉면
2024-06-05,5,6,Summer,0,0,0,담하,명태회 비빔냉면
2024-06-06,12,6,Summer,0,1,1,담하,명태회 비빔냉면
2024-06-07,3,6,Summer,0,0,0,담하,명태회 비빔냉면
2024-06-08,2,6,Summer,1,0,1,담하,명태회 비빔냉면
2024-06-09,1,6,Summer,1,0,1,담하,명태회 비빔냉면
2024-06-10,3,6,Summer,0,0,0,담하,명태회 비빔냉면
2024-06-11,3,6,Summer,0,0,0,담하,명태회 비빔냉면
2024-06-12,3,6,Summer,0,0,0,담하,명태회 비빔냉면
2024-06-13,6,6,Summer,0,0,0,담하,명태회 비빔냉면
2024-06-14,2,6,Summer,0,0,0,담하,명태회 비빔냉면
2024-06-15,7,6,Summer,1,0,1,담하,명태회 비빔냉면
2023-01-01,0,1,Winter,1,1,1,담하,문막 복분자 칵테일
2023-01-02,0,1,Winter,0,0,0,담하,문막 복분자 칵테일
2023-01-03,0,1,Winter,0,0,0,담하,문막 복분자 칵테일
2023-01-04,0,1,Winter,0,0,0,담하,문막 복분자 칵테일
2023-01-05,0,1,Winter,0,0,0,담하,문막 복분자 칵테일
2023-01-06,0,1,Winter,0,0,0,담하,문막 복분자 칵테일
2023-01-07,0,1,Winter,1,0,1,담하,문막 복분자 칵테일
2023-01-08,0,1,Winter,1,0,1,담하,문막 복분자 칵테일
2023-01-09,0,1,Winter,0,0,0,담하,문막 복분자 칵테일
2023-01-10,0,1,Winter,0,0,0,담하,문막 복분자 칵테일
2023-01-11,0,1,Winter,0,0,0,담하,문막 복분자 칵테일
2023-01-12,0,1,Winter,0,0,0,담하,문막 복분자 칵테일
2023-01-13,0,1,Winter,0,0,0,담하,문막 복분자 칵테일
2023-01-14,0,1,Winter,1,0,1,담하,문막 복분자 칵테일
2023-01-15,0,1,Winter,1,0,1,담하,문막 복분자 칵테일
2023-01-16,0,1,Winter,0,0,0,담하,문막 복분자 칵테일
2023-01-17,0,1,Winter,0,0,0,담하,문막 복분자 칵테일
2023-01-18,0,1,Winter,0,0,0,담하,문막 복분자 칵테일
2023-01-19,0,1,Winter,0,0,0,담하,문막 복분자 칵테일
2023-01-20,0,1,Winter,0,0,0,담하,문막 복분자 칵테일
2023-01-21,0,1,Winter,1,1,1,담하,문막 복분자 칵테일
2023-01-22,0,1,Winter,1,1,1,담하,문막 복분자 칵테일
2023-01-23,0,1,Winter,0,1,1,담하,문막 복분자 칵테일
2023-01-24,0,1,Winter,0,1,1,담하,문막 복분자 칵테일
2023-01-25,0,1,Winter,0,0,0,담하,문막 복분자 칵테일
2023-01-26,0,1,Winter,0,0,0,담하,문막 복분자 칵테일
2023-01-27,0,1,Winter,0,0,0,담하,문막 복분자 칵테일
2023-01-28,0,1,Winter,1,0,1,담하,문막 복분자 칵테일
2023-01-29,0,1,Winter,1,0,1,담하,문막 복분자 칵테일
2023-01-30,0,1,Winter,0,0,0,담하,문막 복분자 칵테일
2023-01-31,0,1,Winter,0,0,0,담하,문막 복분자 칵테일
2023-02-01,0,2,Winter,0,0,0,담하,문막 복분자 칵테일
2023-02-02,0,2,Winter,0,0,0,담하,문막 복분자 칵테일
2023-02-03,0,2,Winter,0,0,0,담하,문막 복분자 칵테일
2023-02-04,0,2,Winter,1,0,1,담하,문막 복분자 칵테일
2023-02-05,0,2,Winter,1,0,1,담하,문막 복분자 칵테일
2023-02-06,0,2,Winter,0,0,0,담하,문막 복분자 칵테일
2023-02-07,0,2,Winter,0,0,0,담하,문막 복분자 칵테일
2023-02-08,0,2,Winter,0,0,0,담하,문막 복분자 칵테일
2023-02-09,0,2,Winter,0,0,0,담하,문막 복분자 칵테일
2023-02-10,0,2,Winter,0,0,0,담하,문막 복분자 칵테일
2023-02-11,0,2,Winter,1,0,1,담하,문막 복분자 칵테일
2023-02-12,0,2,Winter,1,0,1,담하,문막 복분자 칵테일
2023-02-13,0,2,Winter,0,0,0,담하,문막 복분자 칵테일
2023-02-14,0,2,Winter,0,0,0,담하,문막 복분자 칵테일
2023-02-15,0,2,Winter,0,0,0,담하,문막 복분자 칵테일
2023-02-16,0,2,Winter,0,0,0,담하,문막 복분자 칵테일
2023-02-17,0,2,Winter,0,0,0,담하,문막 복분자 칵테일
2023-02-18,0,2,Winter,1,0,1,담하,문막 복분자 칵테일
2023-02-19,0,2,Winter,1,0,1,담하,문막 복분자 칵테일
2023-02-20,0,2,Winter,0,0,0,담하,문막 복분자 칵테일
2023-02-21,0,2,Winter,0,0,0,담하,문막 복분자 칵테일
2023-02-22,0,2,Winter,0,0,0,담하,문막 복분자 칵테일
2023-02-23,0,2,Winter,0,0,0,담하,문막 복분자 칵테일
2023-02-24,0,2,Winter,0,0,0,담하,문막 복분자 칵테일
2023-02-25,0,2,Winter,1,0,1,담하,문막 복분자 칵테일
2023-02-26,0,2,Winter,1,0,1,담하,문막 복분자 칵테일
2023-02-27,0,2,Winter,0,0,0,담하,문막 복분자 칵테일
2023-02-28,0,2,Winter,0,0,0,담하,문막 복분자 칵테일
2023-03-01,0,3,Spring,0,1,1,담하,문막 복분자 칵테일
2023-03-02,0,3,Spring,0,0,0,담하,문막 복분자 칵테일
2023-03-03,0,3,Spring,0,0,0,담하,문막 복분자 칵테일
2023-03-04,0,3,Spring,1,0,1,담하,문막 복분자 칵테일
2023-03-05,0,3,Spring,1,0,1,담하,문막 복분자 칵테일
2023-03-06,0,3,Spring,0,0,0,담하,문막 복분자 칵테일
2023-03-07,0,3,Spring,0,0,0,담하,문막 복분자 칵테일
2023-03-08,0,3,Spring,0,0,0,담하,문막 복분자 칵테일
2023-03-09,0,3,Spring,0,0,0,담하,문막 복분자 칵테일
2023-03-10,0,3,Spring,0,0,0,담하,문막 복분자 칵테일
2023-03-11,0,3,Spring,1,0,1,담하,문막 복분자 칵테일
2023-03-12,0,3,Spring,1,0,1,담하,문막 복분자 칵테일
2023-03-13,0,3,Spring,0,0,0,담하,문막 복분자 칵테일
2023-03-14,0,3,Spring,0,0,0,담하,문막 복분자 칵테일
2023-03-15,0,3,Spring,0,0,0,담하,문막 복분자 칵테일
2023-03-16,0,3,Spring,0,0,0,담하,문막 복분자 칵테일
2023-03-17,0,3,Spring,0,0,0,담하,문막 복분자 칵테일
2023-03-18,0,3,Spring,1,0,1,담하,문막 복분자 칵테일
2023-03-19,0,3,Spring,1,0,1,담하,문막 복분자 칵테일
2023-03-20,0,3,Spring,0,0,0,담하,문막 복분자 칵테일
2023-03-21,0,3,Spring,0,0,0,담하,문막 복분자 칵테일
2023-03-22,0,3,Spring,0,0,0,담하,문막 복분자 칵테일
2023-03-23,0,3,Spring,0,0,0,담하,문막 복분자 칵테일
2023-03-24,0,3,Spring,0,0,0,담하,문막 복분자 칵테일
2023-03-25,0,3,Spring,1,0,1,담하,문막 복분자 칵테일
2023-03-26,0,3,Spring,1,0,1,담하,문막 복분자 칵테일
2023-03-27,0,3,Spring,0,0,0,담하,문막 복분자 칵테일
2023-03-28,0,3,Spring,0,0,0,담하,문막 복분자 칵테일
2023-03-29,0,3,Spring,0,0,0,담하,문막 복분자 칵테일
2023-03-30,0,3,Spring,0,0,0,담하,문막 복분자 칵테일
2023-03-31,0,3,Spring,0,0,0,담하,문막 복분자 칵테일
2023-04-01,0,4,Spring,1,0,1,담하,문막 복분자 칵테일
2023-04-02,0,4,Spring,1,0,1,담하,문막 복분자 칵테일
2023-04-03,0,4,Spring,0,0,0,담하,문막 복분자 칵테일
2023-04-04,0,4,Spring,0,0,0,담하,문막 복분자 칵테일
2023-04-05,0,4,Spring,0,0,0,담하,문막 복분자 칵테일
2023-04-06,0,4,Spring,0,0,0,담하,문막 복분자 칵테일
2023-04-07,0,4,Spring,0,0,0,담하,문막 복분자 칵테일
2023-04-08,0,4,Spring,1,0,1,담하,문막 복분자 칵테일
2023-04-09,0,4,Spring,1,0,1,담하,문막 복분자 칵테일
2023-04-10,0,4,Spring,0,0,0,담하,문막 복분자 칵테일
2023-04-11,0,4,Spring,0,0,0,담하,문막 복분자 칵테일
2023-04-12,0,4,Spring,0,0,0,담하,문막 복분자 칵테일
2023-04-13,0,4,Spring,0,0,0,담하,문막 복분자 칵테일
2023-04-14,0,4,Spring,0,0,0,담하,문막 복분자 칵테일
2023-04-15,0,4,Spring,1,0,1,담하,문막 복분자 칵테일
2023-04-16,0,4,Spring,1,0,1,담하,문막 복분자 칵테일
2023-04-17,0,4,Spring,0,0,0,담하,문막 복분자 칵테일
2023-04-18,0,4,Spring,0,0,0,담하,문막 복분자 칵테일
2023-04-19,0,4,Spring,0,0,0,담하,문막 복분자 칵테일
2023-04-20,0,4,Spring,0,0,0,담하,문막 복분자 칵테일
2023-04-21,0,4,Spring,0,0,0,담하,문막 복분자 칵테일
2023-04-22,0,4,Spring,1,0,1,담하,문막 복분자 칵테일
2023-04-23,0,4,Spring,1,0,1,담하,문막 복분자 칵테일
2023-04-24,0,4,Spring,0,0,0,담하,문막 복분자 칵테일
2023-04-25,0,4,Spring,0,0,0,담하,문막 복분자 칵테일
2023-04-26,0,4,Spring,0,0,0,담하,문막 복분자 칵테일
2023-04-27,0,4,Spring,0,0,0,담하,문막 복분자 칵테일
2023-04-28,0,4,Spring,0,0,0,담하,문막 복분자 칵테일
2023-04-29,0,4,Spring,1,0,1,담하,문막 복분자 칵테일
2023-04-30,0,4,Spring,1,0,1,담하,문막 복분자 칵테일
2023-05-01,0,5,Spring,0,0,0,담하,문막 복분자 칵테일
2023-05-02,0,5,Spring,0,0,0,담하,문막 복분자 칵테일
2023-05-03,0,5,Spring,0,0,0,담하,문막 복분자 칵테일
2023-05-04,0,5,Spring,0,0,0,담하,문막 복분자 칵테일
2023-05-05,0,5,Spring,0,1,1,담하,문막 복분자 칵테일
2023-05-06,0,5,Spring,1,0,1,담하,문막 복분자 칵테일
2023-05-07,0,5,Spring,1,0,1,담하,문막 복분자 칵테일
2023-05-08,0,5,Spring,0,0,0,담하,문막 복분자 칵테일
2023-05-09,0,5,Spring,0,0,0,담하,문막 복분자 칵테일
2023-05-10,0,5,Spring,0,0,0,담하,문막 복분자 칵테일
2023-05-11,0,5,Spring,0,0,0,담하,문막 복분자 칵테일
2023-05-12,0,5,Spring,0,0,0,담하,문막 복분자 칵테일
2023-05-13,0,5,Spring,1,0,1,담하,문막 복분자 칵테일
2023-05-14,0,5,Spring,1,0,1,담하,문막 복분자 칵테일
2023-05-15,0,5,Spring,0,0,0,담하,문막 복분자 칵테일
2023-05-16,0,5,Spring,0,0,0,담하,문막 복분자 칵테일
2023-05-17,0,5,Spring,0,0,0,담하,문막 복분자 칵테일
2023-05-18,0,5,Spring,0,0,0,담하,문막 복분자 칵테일
2023-05-19,0,5,Spring,0,0,0,담하,문막 복분자 칵테일
2023-05-20,0,5,Spring,1,0,1,담하,문막 복분자 칵테일
2023-05-21,0,5,Spring,1,0,1,담하,문막 복분자 칵테일
2023-05-22,0,5,Spring,0,0,0,담하,문막 복분자 칵테일
2023-05-23,0,5,Spring,0,0,0,담하,문막 복분자 칵테일
2023-05-24,0,5,Spring,0,0,0,담하,문막 복분자 칵테일
2023-05-25,0,5,Spring,0,0,0,담하,문막 복분자 칵테일
2023-05-26,0,5,Spring,0,0,0,담하,문막 복분자 칵테일
2023-05-27,0,5,Spring,1,1,1,담하,문막 복분자 칵테일
2023-05-28,0,5,Spring,1,0,1,담하,문막 복분자 칵테일
2023-05-29,0,5,Spring,0,1,1,담하,문막 복분자 칵테일
2023-05-30,0,5,Spring,0,0,0,담하,문막 복분자 칵테일
2023-05-31,0,5,Spring,0,0,0,담하,문막 복분자 칵테일
2023-06-01,0,6,Summer,0,0,0,담하,문막 복분자 칵테일
2023-06-02,0,6,Summer,0,0,0,담하,문막 복분자 칵테일
2023-06-03,0,6,Summer,1,0,1,담하,문막 복분자 칵테일
2023-06-04,0,6,Summer,1,0,1,담하,문막 복분자 칵테일
2023-06-05,0,6,Summer,0,0,0,담하,문막 복분자 칵테일
2023-06-06,0,6,Summer,0,1,1,담하,문막 복분자 칵테일
2023-06-07,0,6,Summer,0,0,0,담하,문막 복분자 칵테일
2023-06-08,0,6,Summer,0,0,0,담하,문막 복분자 칵테일
2023-06-09,0,6,Summer,0,0,0,담하,문막 복분자 칵테일
2023-06-10,0,6,Summer,1,0,1,담하,문막 복분자 칵테일
2023-06-11,0,6,Summer,1,0,1,담하,문막 복분자 칵테일
2023-06-12,0,6,Summer,0,0,0,담하,문막 복분자 칵테일
2023-06-13,0,6,Summer,0,0,0,담하,문막 복분자 칵테일
2023-06-14,0,6,Summer,0,0,0,담하,문막 복분자 칵테일
2023-06-15,0,6,Summer,0,0,0,담하,문막 복분자 칵테일
2023-06-16,0,6,Summer,0,0,0,담하,문막 복분자 칵테일
2023-06-17,0,6,Summer,1,0,1,담하,문막 복분자 칵테일
2023-06-18,0,6,Summer,1,0,1,담하,문막 복분자 칵테일
2023-06-19,0,6,Summer,0,0,0,담하,문막 복분자 칵테일
2023-06-20,0,6,Summer,0,0,0,담하,문막 복분자 칵테일
2023-06-21,0,6,Summer,0,0,0,담하,문막 복분자 칵테일
2023-06-22,0,6,Summer,0,0,0,담하,문막 복분자 칵테일
2023-06-23,0,6,Summer,0,0,0,담하,문막 복분자 칵테일
2023-06-24,0,6,Summer,1,0,1,담하,문막 복분자 칵테일
2023-06-25,0,6,Summer,1,0,1,담하,문막 복분자 칵테일
2023-06-26,0,6,Summer,0,0,0,담하,문막 복분자 칵테일
2023-06-27,0,6,Summer,0,0,0,담하,문막 복분자 칵테일
2023-06-28,0,6,Summer,0,0,0,담하,문막 복분자 칵테일
2023-06-29,0,6,Summer,0,0,0,담하,문막 복분자 칵테일
2023-06-30,0,6,Summer,0,0,0,담하,문막 복분자 칵테일
2023-07-01,0,7,Summer,1,0,1,담하,문막 복분자 칵테일
2023-07-02,0,7,Summer,1,0,1,담하,문막 복분자 칵테일
2023-07-03,0,7,Summer,0,0,0,담하,문막 복분자 칵테일
2023-07-04,0,7,Summer,0,0,0,담하,문막 복분자 칵테일
2023-07-05,0,7,Summer,0,0,0,담하,문막 복분자 칵테일
2023-07-06,0,7,Summer,0,0,0,담하,문막 복분자 칵테일
2023-07-07,0,7,Summer,0,0,0,담하,문막 복분자 칵테일
2023-07-08,0,7,Summer,1,0,1,담하,문막 복분자 칵테일
2023-07-09,0,7,Summer,1,0,1,담하,문막 복분자 칵테일
2023-07-10,0,7,Summer,0,0,0,담하,문막 복분자 칵테일
2023-07-11,0,7,Summer,0,0,0,담하,문막 복분자 칵테일
2023-07-12,0,7,Summer,0,0,0,담하,문막 복분자 칵테일
2023-07-13,0,7,Summer,0,0,0,담하,문막 복분자 칵테일
2023-07-14,0,7,Summer,0,0,0,담하,문막 복분자 칵테일
2023-07-15,0,7,Summer,1,0,1,담하,문막 복분자 칵테일
2023-07-16,0,7,Summer,1,0,1,담하,문막 복분자 칵테일
2023-07-17,0,7,Summer,0,0,0,담하,문막 복분자 칵테일
2023-07-18,0,7,Summer,0,0,0,담하,문막 복분자 칵테일
2023-07-19,0,7,Summer,0,0,0,담하,문막 복분자 칵테일
2023-07-20,0,7,Summer,0,0,0,담하,문막 복분자 칵테일
2023-07-21,0,7,Summer,0,0,0,담하,문막 복분자 칵테일
2023-07-22,0,7,Summer,1,0,1,담하,문막 복분자 칵테일
2023-07-23,0,7,Summer,1,0,1,담하,문막 복분자 칵테일
2023-07-24,0,7,Summer,0,0,0,담하,문막 복분자 칵테일
2023-07-25,0,7,Summer,0,0,0,담하,문막 복분자 칵테일
2023-07-26,0,7,Summer,0,0,0,담하,문막 복분자 칵테일
2023-07-27,0,7,Summer,0,0,0,담하,문막 복분자 칵테일
2023-07-28,0,7,Summer,0,0,0,담하,문막 복분자 칵테일
2023-07-29,0,7,Summer,1,0,1,담하,문막 복분자 칵테일
2023-07-30,0,7,Summer,1,0,1,담하,문막 복분자 칵테일
2023-07-31,0,7,Summer,0,0,0,담하,문막 복분자 칵테일
2023-08-01,0,8,Summer,0,0,0,담하,문막 복분자 칵테일
2023-08-02,0,8,Summer,0,0,0,담하,문막 복분자 칵테일
2023-08-03,0,8,Summer,0,0,0,담하,문막 복분자 칵테일
2023-08-04,0,8,Summer,0,0,0,담하,문막 복분자 칵테일
2023-08-05,0,8,Summer,1,0,1,담하,문막 복분자 칵테일
2023-08-06,0,8,Summer,1,0,1,담하,문막 복분자 칵테일
2023-08-07,0,8,Summer,0,0,0,담하,문막 복분자 칵테일
2023-08-08,0,8,Summer,0,0,0,담하,문막 복분자 칵테일
2023-08-09,0,8,Summer,0,0,0,담하,문막 복분자 칵테일
2023-08-10,0,8,Summer,0,0,0,담하,문막 복분자 칵테일
2023-08-11,0,8,Summer,0,0,0,담하,문막 복분자 칵테일
2023-08-12,0,8,Summer,1,0,1,담하,문막 복분자 칵테일
2023-08-13,0,8,Summer,1,0,1,담하,문막 복분자 칵테일
2023-08-14,0,8,Summer,0,0,0,담하,문막 복분자 칵테일
2023-08-15,0,8,Summer,0,1,1,담하,문막 복분자 칵테일
2023-08-16,0,8,Summer,0,0,0,담하,문막 복분자 칵테일
2023-08-17,0,8,Summer,0,0,0,담하,문막 복분자 칵테일
2023-08-18,0,8,Summer,0,0,0,담하,문막 복분자 칵테일
2023-08-19,0,8,Summer,1,0,1,담하,문막 복분자 칵테일
2023-08-20,0,8,Summer,1,0,1,담하,문막 복분자 칵테일
2023-08-21,0,8,Summer,0,0,0,담하,문막 복분자 칵테일
2023-08-22,0,8,Summer,0,0,0,담하,문막 복분자 칵테일
2023-08-23,0,8,Summer,0,0,0,담하,문막 복분자 칵테일
2023-08-24,0,8,Summer,0,0,0,담하,문막 복분자 칵테일
2023-08-25,0,8,Summer,0,0,0,담하,문막 복분자 칵테일
2023-08-26,0,8,Summer,1,0,1,담하,문막 복분자 칵테일
2023-08-27,0,8,Summer,1,0,1,담하,문막 복분자 칵테일
2023-08-28,0,8,Summer,0,0,0,담하,문막 복분자 칵테일
2023-08-29,0,8,Summer,0,0,0,담하,문막 복분자 칵테일
2023-08-30,0,8,Summer,0,0,0,담하,문막 복분자 칵테일
2023-08-31,0,8,Summer,0,0,0,담하,문막 복분자 칵테일
2023-09-01,0,9,Autumn,0,0,0,담하,문막 복분자 칵테일
2023-09-02,0,9,Autumn,1,0,1,담하,문막 복분자 칵테일
2023-09-03,0,9,Autumn,1,0,1,담하,문막 복분자 칵테일
2023-09-04,0,9,Autumn,0,0,0,담하,문막 복분자 칵테일
2023-09-05,0,9,Autumn,0,0,0,담하,문막 복분자 칵테일
2023-09-06,0,9,Autumn,0,0,0,담하,문막 복분자 칵테일
2023-09-07,0,9,Autumn,0,0,0,담하,문막 복분자 칵테일
2023-09-08,0,9,Autumn,0,0,0,담하,문막 복분자 칵테일
2023-09-09,0,9,Autumn,1,0,1,담하,문막 복분자 칵테일
2023-09-10,0,9,Autumn,1,0,1,담하,문막 복분자 칵테일
2023-09-11,0,9,Autumn,0,0,0,담하,문막 복분자 칵테일
2023-09-12,3,9,Autumn,0,0,0,담하,문막 복분자 칵테일
2023-09-13,0,9,Autumn,0,0,0,담하,문막 복분자 칵테일
2023-09-14,0,9,Autumn,0,0,0,담하,문막 복분자 칵테일
2023-09-15,0,9,Autumn,0,0,0,담하,문막 복분자 칵테일
2023-09-16,1,9,Autumn,1,0,1,담하,문막 복분자 칵테일
2023-09-17,1,9,Autumn,1,0,1,담하,문막 복분자 칵테일
2023-09-18,0,9,Autumn,0,0,0,담하,문막 복분자 칵테일
2023-09-19,0,9,Autumn,0,0,0,담하,문막 복분자 칵테일
2023-09-20,0,9,Autumn,0,0,0,담하,문막 복분자 칵테일
2023-09-21,2,9,Autumn,0,0,0,담하,문막 복분자 칵테일
2023-09-22,1,9,Autumn,0,0,0,담하,문막 복분자 칵테일
2023-09-23,0,9,Autumn,1,0,1,담하,문막 복분자 칵테일
2023-09-24,1,9,Autumn,1,0,1,담하,문막 복분자 칵테일
2023-09-25,0,9,Autumn,0,0,0,담하,문막 복분자 칵테일
2023-09-26,0,9,Autumn,0,0,0,담하,문막 복분자 칵테일
2023-09-27,0,9,Autumn,0,0,0,담하,문막 복분자 칵테일
2023-09-28,0,9,Autumn,0,1,1,담하,문막 복분자 칵테일
2023-09-29,0,9,Autumn,0,1,1,담하,문막 복분자 칵테일
2023-09-30,2,9,Autumn,1,1,1,담하,문막 복분자 칵테일
2023-10-01,0,10,Autumn,1,0,1,담하,문막 복분자 칵테일
2023-10-02,0,10,Autumn,0,1,1,담하,문막 복분자 칵테일
2023-10-03,1,10,Autumn,0,1,1,담하,문막 복분자 칵테일
2023-10-04,0,10,Autumn,0,0,0,담하,문막 복분자 칵테일
2023-10-05,0,10,Autumn,0,0,0,담하,문막 복분자 칵테일
2023-10-06,0,10,Autumn,0,0,0,담하,문막 복분자 칵테일
2023-10-07,0,10,Autumn,1,0,1,담하,문막 복분자 칵테일
2023-10-08,0,10,Autumn,1,0,1,담하,문막 복분자 칵테일
2023-10-09,0,10,Autumn,0,1,1,담하,문막 복분자 칵테일
2023-10-10,0,10,Autumn,0,0,0,담하,문막 복분자 칵테일
2023-10-11,0,10,Autumn,0,0,0,담하,문막 복분자 칵테일
2023-10-12,0,10,Autumn,0,0,0,담하,문막 복분자 칵테일
2023-10-13,0,10,Autumn,0,0,0,담하,문막 복분자 칵테일
2023-10-14,8,10,Autumn,1,0,1,담하,문막 복분자 칵테일
2023-10-15,0,10,Autumn,1,0,1,담하,문막 복분자 칵테일
2023-10-16,0,10,Autumn,0,0,0,담하,문막 복분자 칵테일
2023-10-17,0,10,Autumn,0,0,0,담하,문막 복분자 칵테일
2023-10-18,0,10,Autumn,0,0,0,담하,문막 복분자 칵테일
2023-10-19,0,10,Autumn,0,0,0,담하,문막 복분자 칵테일
2023-10-20,0,10,Autumn,0,0,0,담하,문막 복분자 칵테일
2023-10-21,0,10,Autumn,1,0,1,담하,문막 복분자 칵테일
2023-10-22,0,10,Autumn,1,0,1,담하,문막 복분자 칵테일
2023-10-23,0,10,Autumn,0,0,0,담하,문막 복분자 칵테일
2023-10-24,0,10,Autumn,0,0,0,담하,문막 복분자 칵테일
2023-10-25,0,10,Autumn,0,0,0,담하,문막 복분자 칵테일
2023-10-26,0,10,Autumn,0,0,0,담하,문막 복분자 칵테일
2023-10-27,0,10,Autumn,0,0,0,담하,문막 복분자 칵테일
2023-10-28,1,10,Autumn,1,0,1,담하,문막 복분자 칵테일
2023-10-29,0,10,Autumn,1,0,1,담하,문막 복분자 칵테일
2023-10-30,0,10,Autumn,0,0,0,담하,문막 복분자 칵테일
2023-10-31,0,10,Autumn,0,0,0,담하,문막 복분자 칵테일
2023-11-01,0,11,Autumn,0,0,0,담하,문막 복분자 칵테일
2023-11-02,0,11,Autumn,0,0,0,담하,문막 복분자 칵테일
2023-11-03,2,11,Autumn,0,0,0,담하,문막 복분자 칵테일
2023-11-04,0,11,Autumn,1,0,1,담하,문막 복분자 칵테일
2023-11-05,0,11,Autumn,1,0,1,담하,문막 복분자 칵테일
2023-11-06,0,11,Autumn,0,0,0,담하,문막 복분자 칵테일
2023-11-07,0,11,Autumn,0,0,0,담하,문막 복분자 칵테일
2023-11-08,0,11,Autumn,0,0,0,담하,문막 복분자 칵테일
2023-11-09,0,11,Autumn,0,0,0,담하,문막 복분자 칵테일
2023-11-10,0,11,Autumn,0,0,0,담하,문막 복분자 칵테일
2023-11-11,0,11,Autumn,1,0,1,담하,문막 복분자 칵테일
2023-11-12,0,11,Autumn,1,0,1,담하,문막 복분자 칵테일
2023-11-13,1,11,Autumn,0,0,0,담하,문막 복분자 칵테일
2023-11-14,1,11,Autumn,0,0,0,담하,문막 복분자 칵테일
2023-11-15,0,11,Autumn,0,0,0,담하,문막 복분자 칵테일
2023-11-16,1,11,Autumn,0,0,0,담하,문막 복분자 칵테일
2023-11-17,0,11,Autumn,0,0,0,담하,문막 복분자 칵테일
2023-11-18,0,11,Autumn,1,0,1,담하,문막 복분자 칵테일
2023-11-19,0,11,Autumn,1,0,1,담하,문막 복분자 칵테일
2023-11-20,0,11,Autumn,0,0,0,담하,문막 복분자 칵테일
2023-11-21,0,11,Autumn,0,0,0,담하,문막 복분자 칵테일
2023-11-22,1,11,Autumn,0,0,0,담하,문막 복분자 칵테일
2023-11-23,0,11,Autumn,0,0,0,담하,문막 복분자 칵테일
2023-11-24,0,11,Autumn,0,0,0,담하,문막 복분자 칵테일
2023-11-25,0,11,Autumn,1,0,1,담하,문막 복분자 칵테일
2023-11-26,0,11,Autumn,1,0,1,담하,문막 복분자 칵테일
2023-11-27,0,11,Autumn,0,0,0,담하,문막 복분자 칵테일
2023-11-28,0,11,Autumn,0,0,0,담하,문막 복분자 칵테일
2023-11-29,0,11,Autumn,0,0,0,담하,문막 복분자 칵테일
2023-11-30,0,11,Autumn,0,0,0,담하,문막 복분자 칵테일
2023-12-01,0,12,Winter,0,0,0,담하,문막 복분자 칵테일
2023-12-02,1,12,Winter,1,0,1,담하,문막 복분자 칵테일
2023-12-03,0,12,Winter,1,0,1,담하,문막 복분자 칵테일
2023-12-04,0,12,Winter,0,0,0,담하,문막 복분자 칵테일
2023-12-05,0,12,Winter,0,0,0,담하,문막 복분자 칵테일
2023-12-06,0,12,Winter,0,0,0,담하,문막 복분자 칵테일
2023-12-07,0,12,Winter,0,0,0,담하,문막 복분자 칵테일
2023-12-08,0,12,Winter,0,0,0,담하,문막 복분자 칵테일
2023-12-09,5,12,Winter,1,0,1,담하,문막 복분자 칵테일
2023-12-10,1,12,Winter,1,0,1,담하,문막 복분자 칵테일
2023-12-11,0,12,Winter,0,0,0,담하,문막 복분자 칵테일
2023-12-12,0,12,Winter,0,0,0,담하,문막 복분자 칵테일
2023-12-13,0,12,Winter,0,0,0,담하,문막 복분자 칵테일
2023-12-14,0,12,Winter,0,0,0,담하,문막 복분자 칵테일
2023-12-15,0,12,Winter,0,0,0,담하,문막 복분자 칵테일
2023-12-16,2,12,Winter,1,0,1,담하,문막 복분자 칵테일
2023-12-17,0,12,Winter,1,0,1,담하,문막 복분자 칵테일
2023-12-18,3,12,Winter,0,0,0,담하,문막 복분자 칵테일
2023-12-19,0,12,Winter,0,0,0,담하,문막 복분자 칵테일
2023-12-20,0,12,Winter,0,0,0,담하,문막 복분자 칵테일
2023-12-21,3,12,Winter,0,0,0,담하,문막 복분자 칵테일
2023-12-22,0,12,Winter,0,0,0,담하,문막 복분자 칵테일
2023-12-23,1,12,Winter,1,0,1,담하,문막 복분자 칵테일
2023-12-24,2,12,Winter,1,0,1,담하,문막 복분자 칵테일
2023-12-25,0,12,Winter,0,1,1,담하,문막 복분자 칵테일
2023-12-26,1,12,Winter,0,0,0,담하,문막 복분자 칵테일
2023-12-27,0,12,Winter,0,0,0,담하,문막 복분자 칵테일
2023-12-28,0,12,Winter,0,0,0,담하,문막 복분자 칵테일
2023-12-29,1,12,Winter,0,0,0,담하,문막 복분자 칵테일
2023-12-30,1,12,Winter,1,0,1,담하,문막 복분자 칵테일
2023-12-31,1,12,Winter,1,0,1,담하,문막 복분자 칵테일
2024-01-01,1,1,Winter,0,1,1,담하,문막 복분자 칵테일
2024-01-02,1,1,Winter,0,0,0,담하,문막 복분자 칵테일
2024-01-03,1,1,Winter,0,0,0,담하,문막 복분자 칵테일
2024-01-04,0,1,Winter,0,0,0,담하,문막 복분자 칵테일
2024-01-05,0,1,Winter,0,0,0,담하,문막 복분자 칵테일
2024-01-06,1,1,Winter,1,0,1,담하,문막 복분자 칵테일
2024-01-07,0,1,Winter,1,0,1,담하,문막 복분자 칵테일
2024-01-08,4,1,Winter,0,0,0,담하,문막 복분자 칵테일
2024-01-09,2,1,Winter,0,0,0,담하,문막 복분자 칵테일
2024-01-10,1,1,Winter,0,0,0,담하,문막 복분자 칵테일
2024-01-11,0,1,Winter,0,0,0,담하,문막 복분자 칵테일
2024-01-12,1,1,Winter,0,0,0,담하,문막 복분자 칵테일
2024-01-13,0,1,Winter,1,0,1,담하,문막 복분자 칵테일
2024-01-14,0,1,Winter,1,0,1,담하,문막 복분자 칵테일
2024-01-15,0,1,Winter,0,0,0,담하,문막 복분자 칵테일
2024-01-16,0,1,Winter,0,0,0,담하,문막 복분자 칵테일
2024-01-17,0,1,Winter,0,0,0,담하,문막 복분자 칵테일
2024-01-18,0,1,Winter,0,0,0,담하,문막 복분자 칵테일
2024-01-19,0,1,Winter,0,0,0,담하,문막 복분자 칵테일
2024-01-20,2,1,Winter,1,0,1,담하,문막 복분자 칵테일
2024-01-21,0,1,Winter,1,0,1,담하,문막 복분자 칵테일
2024-01-22,0,1,Winter,0,0,0,담하,문막 복분자 칵테일
2024-01-23,0,1,Winter,0,0,0,담하,문막 복분자 칵테일
2024-01-24,1,1,Winter,0,0,0,담하,문막 복분자 칵테일
2024-01-25,3,1,Winter,0,0,0,담하,문막 복분자 칵테일
2024-01-26,13,1,Winter,0,0,0,담하,문막 복분자 칵테일
2024-01-27,0,1,Winter,1,0,1,담하,문막 복분자 칵테일
2024-01-28,0,1,Winter,1,0,1,담하,문막 복분자 칵테일
2024-01-29,0,1,Winter,0,0,0,담하,문막 복분자 칵테일
2024-01-30,1,1,Winter,0,0,0,담하,문막 복분자 칵테일
2024-01-31,0,1,Winter,0,0,0,담하,문막 복분자 칵테일
2024-02-01,0,2,Winter,0,0,0,담하,문막 복분자 칵테일
2024-02-02,0,2,Winter,0,0,0,담하,문막 복분자 칵테일
2024-02-03,0,2,Winter,1,0,1,담하,문막 복분자 칵테일
2024-02-04,1,2,Winter,1,0,1,담하,문막 복분자 칵테일
2024-02-05,1,2,Winter,0,0,0,담하,문막 복분자 칵테일
2024-02-06,0,2,Winter,0,0,0,담하,문막 복분자 칵테일
2024-02-07,1,2,Winter,0,0,0,담하,문막 복분자 칵테일
2024-02-08,0,2,Winter,0,0,0,담하,문막 복분자 칵테일
2024-02-09,1,2,Winter,0,1,1,담하,문막 복분자 칵테일
2024-02-10,0,2,Winter,1,1,1,담하,문막 복분자 칵테일
2024-02-11,0,2,Winter,1,1,1,담하,문막 복분자 칵테일
2024-02-12,1,2,Winter,0,1,1,담하,문막 복분자 칵테일
2024-02-13,0,2,Winter,0,0,0,담하,문막 복분자 칵테일
2024-02-14,1,2,Winter,0,0,0,담하,문막 복분자 칵테일
2024-02-15,0,2,Winter,0,0,0,담하,문막 복분자 칵테일
2024-02-16,3,2,Winter,0,0,0,담하,문막 복분자 칵테일
2024-02-17,0,2,Winter,1,0,1,담하,문막 복분자 칵테일
2024-02-18,1,2,Winter,1,0,1,담하,문막 복분자 칵테일
2024-02-19,0,2,Winter,0,0,0,담하,문막 복분자 칵테일
2024-02-20,0,2,Winter,0,0,0,담하,문막 복분자 칵테일
2024-02-21,0,2,Winter,0,0,0,담하,문막 복분자 칵테일
2024-02-22,1,2,Winter,0,0,0,담하,문막 복분자 칵테일
2024-02-23,0,2,Winter,0,0,0,담하,문막 복분자 칵테일
2024-02-24,2,2,Winter,1,0,1,담하,문막 복분자 칵테일
2024-02-25,0,2,Winter,1,0,1,담하,문막 복분자 칵테일
2024-02-26,0,2,Winter,0,0,0,담하,문막 복분자 칵테일
2024-02-27,0,2,Winter,0,0,0,담하,문막 복분자 칵테일
2024-02-28,1,2,Winter,0,0,0,담하,문막 복분자 칵테일
2024-02-29,0,2,Winter,0,0,0,담하,문막 복분자 칵테일
2024-03-01,1,3,Spring,0,1,1,담하,문막 복분자 칵테일
2024-03-02,2,3,Spring,1,0,1,담하,문막 복분자 칵테일
2024-03-03,0,3,Spring,1,0,1,담하,문막 복분자 칵테일
2024-03-04,0,3,Spring,0,0,0,담하,문막 복분자 칵테일
2024-03-05,0,3,Spring,0,0,0,담하,문막 복분자 칵테일
2024-03-06,0,3,Spring,0,0,0,담하,문막 복분자 칵테일
2024-03-07,0,3,Spring,0,0,0,담하,문막 복분자 칵테일
2024-03-08,0,3,Spring,0,0,0,담하,문막 복분자 칵테일
2024-03-09,0,3,Spring,1,0,1,담하,문막 복분자 칵테일
2024-03-10,0,3,Spring,1,0,1,담하,문막 복분자 칵테일
2024-03-11,0,3,Spring,0,0,0,담하,문막 복분자 칵테일
2024-03-12,0,3,Spring,0,0,0,담하,문막 복분자 칵테일
2024-03-13,0,3,Spring,0,0,0,담하,문막 복분자 칵테일
2024-03-14,0,3,Spring,0,0,0,담하,문막 복분자 칵테일
2024-03-15,0,3,Spring,0,0,0,담하,문막 복분자 칵테일
2024-03-16,0,3,Spring,1,0,1,담하,문막 복분자 칵테일
2024-03-17,0,3,Spring,1,0,1,담하,문막 복분자 칵테일
2024-03-18,0,3,Spring,0,0,0,담하,문막 복분자 칵테일
2024-03-19,0,3,Spring,0,0,0,담하,문막 복분자 칵테일
2024-03-20,0,3,Spring,0,0,0,담하,문막 복분자 칵테일
2024-03-21,0,3,Spring,0,0,0,담하,문막 복분자 칵테일
2024-03-22,0,3,Spring,0,0,0,담하,문막 복분자 칵테일
2024-03-23,0,3,Spring,1,0,1,담하,문막 복분자 칵테일
2024-03-24,0,3,Spring,1,0,1,담하,문막 복분자 칵테일
2024-03-25,0,3,Spring,0,0,0,담하,문막 복분자 칵테일
2024-03-26,0,3,Spring,0,0,0,담하,문막 복분자 칵테일
2024-03-27,0,3,Spring,0,0,0,담하,문막 복분자 칵테일
2024-03-28,0,3,Spring,0,0,0,담하,문막 복분자 칵테일
2024-03-29,0,3,Spring,0,0,0,담하,문막 복분자 칵테일
2024-03-30,0,3,Spring,1,0,1,담하,문막 복분자 칵테일
2024-03-31,1,3,Spring,1,0,1,담하,문막 복분자 칵테일
2024-04-01,0,4,Spring,0,0,0,담하,문막 복분자 칵테일
2024-04-02,0,4,Spring,0,0,0,담하,문막 복분자 칵테일
2024-04-03,0,4,Spring,0,0,0,담하,문막 복분자 칵테일
2024-04-04,0,4,Spring,0,0,0,담하,문막 복분자 칵테일
2024-04-05,2,4,Spring,0,0,0,담하,문막 복분자 칵테일
2024-04-06,1,4,Spring,1,0,1,담하,문막 복분자 칵테일
2024-04-07,0,4,Spring,1,0,1,담하,문막 복분자 칵테일
2024-04-08,0,4,Spring,0,0,0,담하,문막 복분자 칵테일
2024-04-09,0,4,Spring,0,0,0,담하,문막 복분자 칵테일
2024-04-10,0,4,Spring,0,1,1,담하,문막 복분자 칵테일
2024-04-11,0,4,Spring,0,0,0,담하,문막 복분자 칵테일
2024-04-12,2,4,Spring,0,0,0,담하,문막 복분자 칵테일
2024-04-13,2,4,Spring,1,0,1,담하,문막 복분자 칵테일
2024-04-14,0,4,Spring,1,0,1,담하,문막 복분자 칵테일
2024-04-15,0,4,Spring,0,0,0,담하,문막 복분자 칵테일
2024-04-16,0,4,Spring,0,0,0,담하,문막 복분자 칵테일
2024-04-17,0,4,Spring,0,0,0,담하,문막 복분자 칵테일
2024-04-18,0,4,Spring,0,0,0,담하,문막 복분자 칵테일
2024-04-19,0,4,Spring,0,0,0,담하,문막 복분자 칵테일
2024-04-20,0,4,Spring,1,0,1,담하,문막 복분자 칵테일
2024-04-21,0,4,Spring,1,0,1,담하,문막 복분자 칵테일
2024-04-22,0,4,Spring,0,0,0,담하,문막 복분자 칵테일
2024-04-23,0,4,Spring,0,0,0,담하,문막 복분자 칵테일
2024-04-24,0,4,Spring,0,0,0,담하,문막 복분자 칵테일
2024-04-25,1,4,Spring,0,0,0,담하,문막 복분자 칵테일
2024-04-26,0,4,Spring,0,0,0,담하,문막 복분자 칵테일
2024-04-27,2,4,Spring,1,0,1,담하,문막 복분자 칵테일
2024-04-28,0,4,Spring,1,0,1,담하,문막 복분자 칵테일
2024-04-29,0,4,Spring,0,0,0,담하,문막 복분자 칵테일
2024-04-30,1,4,Spring,0,0,0,담하,문막 복분자 칵테일
2024-05-01,0,5,Spring,0,0,0,담하,문막 복분자 칵테일
2024-05-02,0,5,Spring,0,0,0,담하,문막 복분자 칵테일
2024-05-03,0,5,Spring,0,0,0,담하,문막 복분자 칵테일
2024-05-04,1,5,Spring,1,0,1,담하,문막 복분자 칵테일
2024-05-05,3,5,Spring,1,1,1,담하,문막 복분자 칵테일
2024-05-06,1,5,Spring,0,1,1,담하,문막 복분자 칵테일
2024-05-07,0,5,Spring,0,0,0,담하,문막 복분자 칵테일
2024-05-08,0,5,Spring,0,0,0,담하,문막 복분자 칵테일
2024-05-09,1,5,Spring,0,0,0,담하,문막 복분자 칵테일
2024-05-10,2,5,Spring,0,0,0,담하,문막 복분자 칵테일
2024-05-11,1,5,Spring,1,0,1,담하,문막 복분자 칵테일
2024-05-12,2,5,Spring,1,0,1,담하,문막 복분자 칵테일
2024-05-13,0,5,Spring,0,0,0,담하,문막 복분자 칵테일
2024-05-14,0,5,Spring,0,0,0,담하,문막 복분자 칵테일
2024-05-15,0,5,Spring,0,1,1,담하,문막 복분자 칵테일
2024-05-16,0,5,Spring,0,0,0,담하,문막 복분자 칵테일
2024-05-17,0,5,Spring,0,0,0,담하,문막 복분자 칵테일
2024-05-18,3,5,Spring,1,0,1,담하,문막 복분자 칵테일
2024-05-19,2,5,Spring,1,0,1,담하,문막 복분자 칵테일
2024-05-20,2,5,Spring,0,0,0,담하,문막 복분자 칵테일
2024-05-21,0,5,Spring,0,0,0,담하,문막 복분자 칵테일
2024-05-22,0,5,Spring,0,0,0,담하,문막 복분자 칵테일
2024-05-23,0,5,Spring,0,0,0,담하,문막 복분자 칵테일
2024-05-24,2,5,Spring,0,0,0,담하,문막 복분자 칵테일
2024-05-25,2,5,Spring,1,0,1,담하,문막 복분자 칵테일
2024-05-26,1,5,Spring,1,0,1,담하,문막 복분자 칵테일
2024-05-27,0,5,Spring,0,0,0,담하,문막 복분자 칵테일
2024-05-28,0,5,Spring,0,0,0,담하,문막 복분자 칵테일
2024-05-29,0,5,Spring,0,0,0,담하,문막 복분자 칵테일
2024-05-30,0,5,Spring,0,0,0,담하,문막 복분자 칵테일
2024-05-31,0,5,Spring,0,0,0,담하,문막 복분자 칵테일
2024-06-01,0,6,Summer,1,0,1,담하,문막 복분자 칵테일
2024-06-02,0,6,Summer,1,0,1,담하,문막 복분자 칵테일
2024-06-03,0,6,Summer,0,0,0,담하,문막 복분자 칵테일
2024-06-04,0,6,Summer,0,0,0,담하,문막 복분자 칵테일
2024-06-05,1,6,Summer,0,0,0,담하,문막 복분자 칵테일
2024-06-06,0,6,Summer,0,1,1,담하,문막 복분자 칵테일
2024-06-07,2,6,Summer,0,0,0,담하,문막 복분자 칵테일
2024-06-08,1,6,Summer,1,0,1,담하,문막 복분자 칵테일
2024-06-09,0,6,Summer,1,0,1,담하,문막 복분자 칵테일
2024-06-10,0,6,Summer,0,0,0,담하,문막 복분자 칵테일
2024-06-11,0,6,Summer,0,0,0,담하,문막 복분자 칵테일
2024-06-12,0,6,Summer,0,0,0,담하,문막 복분자 칵테일
2024-06-13,0,6,Summer,0,0,0,담하,문막 복분자 칵테일
2024-06-14,0,6,Summer,0,0,0,담하,문막 복분자 칵테일
2024-06-15,1,6,Summer,1,0,1,담하,문막 복분자 칵테일
2023-01-01,0,1,Winter,1,1,1,담하,봉평메밀 물냉면
2023-01-02,0,1,Winter,0,0,0,담하,봉평메밀 물냉면
2023-01-03,0,1,Winter,0,0,0,담하,봉평메밀 물냉면
2023-01-04,0,1,Winter,0,0,0,담하,봉평메밀 물냉면
2023-01-05,0,1,Winter,0,0,0,담하,봉평메밀 물냉면
2023-01-06,0,1,Winter,0,0,0,담하,봉평메밀 물냉면
2023-01-07,0,1,Winter,1,0,1,담하,봉평메밀 물냉면
2023-01-08,0,1,Winter,1,0,1,담하,봉평메밀 물냉면
2023-01-09,0,1,Winter,0,0,0,담하,봉평메밀 물냉면
2023-01-10,0,1,Winter,0,0,0,담하,봉평메밀 물냉면
2023-01-11,0,1,Winter,0,0,0,담하,봉평메밀 물냉면
2023-01-12,0,1,Winter,0,0,0,담하,봉평메밀 물냉면
2023-01-13,0,1,Winter,0,0,0,담하,봉평메밀 물냉면
2023-01-14,0,1,Winter,1,0,1,담하,봉평메밀 물냉면
2023-01-15,0,1,Winter,1,0,1,담하,봉평메밀 물냉면
2023-01-16,0,1,Winter,0,0,0,담하,봉평메밀 물냉면
2023-01-17,0,1,Winter,0,0,0,담하,봉평메밀 물냉면
2023-01-18,0,1,Winter,0,0,0,담하,봉평메밀 물냉면
2023-01-19,0,1,Winter,0,0,0,담하,봉평메밀 물냉면
2023-01-20,0,1,Winter,0,0,0,담하,봉평메밀 물냉면
2023-01-21,0,1,Winter,1,1,1,담하,봉평메밀 물냉면
2023-01-22,0,1,Winter,1,1,1,담하,봉평메밀 물냉면
2023-01-23,0,1,Winter,0,1,1,담하,봉평메밀 물냉면
2023-01-24,0,1,Winter,0,1,1,담하,봉평메밀 물냉면
2023-01-25,0,1,Winter,0,0,0,담하,봉평메밀 물냉면
2023-01-26,0,1,Winter,0,0,0,담하,봉평메밀 물냉면
2023-01-27,0,1,Winter,0,0,0,담하,봉평메밀 물냉면
2023-01-28,0,1,Winter,1,0,1,담하,봉평메밀 물냉면
2023-01-29,0,1,Winter,1,0,1,담하,봉평메밀 물냉면
2023-01-30,0,1,Winter,0,0,0,담하,봉평메밀 물냉면
2023-01-31,0,1,Winter,0,0,0,담하,봉평메밀 물냉면
2023-02-01,0,2,Winter,0,0,0,담하,봉평메밀 물냉면
2023-02-02,0,2,Winter,0,0,0,담하,봉평메밀 물냉면
2023-02-03,0,2,Winter,0,0,0,담하,봉평메밀 물냉면
2023-02-04,0,2,Winter,1,0,1,담하,봉평메밀 물냉면
2023-02-05,0,2,Winter,1,0,1,담하,봉평메밀 물냉면
2023-02-06,0,2,Winter,0,0,0,담하,봉평메밀 물냉면
2023-02-07,0,2,Winter,0,0,0,담하,봉평메밀 물냉면
2023-02-08,0,2,Winter,0,0,0,담하,봉평메밀 물냉면
2023-02-09,0,2,Winter,0,0,0,담하,봉평메밀 물냉면
2023-02-10,0,2,Winter,0,0,0,담하,봉평메밀 물냉면
2023-02-11,0,2,Winter,1,0,1,담하,봉평메밀 물냉면
2023-02-12,0,2,Winter,1,0,1,담하,봉평메밀 물냉면
2023-02-13,0,2,Winter,0,0,0,담하,봉평메밀 물냉면
2023-02-14,0,2,Winter,0,0,0,담하,봉평메밀 물냉면
2023-02-15,0,2,Winter,0,0,0,담하,봉평메밀 물냉면
2023-02-16,0,2,Winter,0,0,0,담하,봉평메밀 물냉면
2023-02-17,0,2,Winter,0,0,0,담하,봉평메밀 물냉면
2023-02-18,0,2,Winter,1,0,1,담하,봉평메밀 물냉면
2023-02-19,0,2,Winter,1,0,1,담하,봉평메밀 물냉면
2023-02-20,0,2,Winter,0,0,0,담하,봉평메밀 물냉면
2023-02-21,0,2,Winter,0,0,0,담하,봉평메밀 물냉면
2023-02-22,0,2,Winter,0,0,0,담하,봉평메밀 물냉면
2023-02-23,0,2,Winter,0,0,0,담하,봉평메밀 물냉면
2023-02-24,0,2,Winter,0,0,0,담하,봉평메밀 물냉면
2023-02-25,0,2,Winter,1,0,1,담하,봉평메밀 물냉면
2023-02-26,0,2,Winter,1,0,1,담하,봉평메밀 물냉면
2023-02-27,0,2,Winter,0,0,0,담하,봉평메밀 물냉면
2023-02-28,0,2,Winter,0,0,0,담하,봉평메밀 물냉면
2023-03-01,0,3,Spring,0,1,1,담하,봉평메밀 물냉면
2023-03-02,0,3,Spring,0,0,0,담하,봉평메밀 물냉면
2023-03-03,0,3,Spring,0,0,0,담하,봉평메밀 물냉면
2023-03-04,0,3,Spring,1,0,1,담하,봉평메밀 물냉면
2023-03-05,0,3,Spring,1,0,1,담하,봉평메밀 물냉면
2023-03-06,0,3,Spring,0,0,0,담하,봉평메밀 물냉면
2023-03-07,0,3,Spring,0,0,0,담하,봉평메밀 물냉면
2023-03-08,0,3,Spring,0,0,0,담하,봉평메밀 물냉면
2023-03-09,0,3,Spring,0,0,0,담하,봉평메밀 물냉면
2023-03-10,0,3,Spring,0,0,0,담하,봉평메밀 물냉면
2023-03-11,0,3,Spring,1,0,1,담하,봉평메밀 물냉면
2023-03-12,0,3,Spring,1,0,1,담하,봉평메밀 물냉면
2023-03-13,0,3,Spring,0,0,0,담하,봉평메밀 물냉면
2023-03-14,0,3,Spring,0,0,0,담하,봉평메밀 물냉면
2023-03-15,0,3,Spring,0,0,0,담하,봉평메밀 물냉면
2023-03-16,0,3,Spring,0,0,0,담하,봉평메밀 물냉면
2023-03-17,0,3,Spring,0,0,0,담하,봉평메밀 물냉면
2023-03-18,0,3,Spring,1,0,1,담하,봉평메밀 물냉면
2023-03-19,0,3,Spring,1,0,1,담하,봉평메밀 물냉면
2023-03-20,0,3,Spring,0,0,0,담하,봉평메밀 물냉면
2023-03-21,0,3,Spring,0,0,0,담하,봉평메밀 물냉면
2023-03-22,0,3,Spring,0,0,0,담하,봉평메밀 물냉면
2023-03-23,0,3,Spring,0,0,0,담하,봉평메밀 물냉면
2023-03-24,0,3,Spring,0,0,0,담하,봉평메밀 물냉면
2023-03-25,0,3,Spring,1,0,1,담하,봉평메밀 물냉면
2023-03-26,0,3,Spring,1,0,1,담하,봉평메밀 물냉면
2023-03-27,0,3,Spring,0,0,0,담하,봉평메밀 물냉면
2023-03-28,0,3,Spring,0,0,0,담하,봉평메밀 물냉면
2023-03-29,0,3,Spring,0,0,0,담하,봉평메밀 물냉면
2023-03-30,0,3,Spring,0,0,0,담하,봉평메밀 물냉면
2023-03-31,0,3,Spring,0,0,0,담하,봉평메밀 물냉면
2023-04-01,0,4,Spring,1,0,1,담하,봉평메밀 물냉면
2023-04-02,0,4,Spring,1,0,1,담하,봉평메밀 물냉면
2023-04-03,0,4,Spring,0,0,0,담하,봉평메밀 물냉면
2023-04-04,0,4,Spring,0,0,0,담하,봉평메밀 물냉면
2023-04-05,0,4,Spring,0,0,0,담하,봉평메밀 물냉면
2023-04-06,0,4,Spring,0,0,0,담하,봉평메밀 물냉면
2023-04-07,0,4,Spring,0,0,0,담하,봉평메밀 물냉면
2023-04-08,0,4,Spring,1,0,1,담하,봉평메밀 물냉면
2023-04-09,0,4,Spring,1,0,1,담하,봉평메밀 물냉면
2023-04-10,0,4,Spring,0,0,0,담하,봉평메밀 물냉면
2023-04-11,0,4,Spring,0,0,0,담하,봉평메밀 물냉면
2023-04-12,0,4,Spring,0,0,0,담하,봉평메밀 물냉면
2023-04-13,0,4,Spring,0,0,0,담하,봉평메밀 물냉면
2023-04-14,0,4,Spring,0,0,0,담하,봉평메밀 물냉면
2023-04-15,0,4,Spring,1,0,1,담하,봉평메밀 물냉면
2023-04-16,0,4,Spring,1,0,1,담하,봉평메밀 물냉면
2023-04-17,0,4,Spring,0,0,0,담하,봉평메밀 물냉면
2023-04-18,0,4,Spring,0,0,0,담하,봉평메밀 물냉면
2023-04-19,0,4,Spring,0,0,0,담하,봉평메밀 물냉면
2023-04-20,0,4,Spring,0,0,0,담하,봉평메밀 물냉면
2023-04-21,0,4,Spring,0,0,0,담하,봉평메밀 물냉면
2023-04-22,0,4,Spring,1,0,1,담하,봉평메밀 물냉면
2023-04-23,0,4,Spring,1,0,1,담하,봉평메밀 물냉면
2023-04-24,0,4,Spring,0,0,0,담하,봉평메밀 물냉면
2023-04-25,0,4,Spring,0,0,0,담하,봉평메밀 물냉면
2023-04-26,0,4,Spring,0,0,0,담하,봉평메밀 물냉면
2023-04-27,0,4,Spring,0,0,0,담하,봉평메밀 물냉면
2023-04-28,0,4,Spring,0,0,0,담하,봉평메밀 물냉면
2023-04-29,0,4,Spring,1,0,1,담하,봉평메밀 물냉면
2023-04-30,0,4,Spring,1,0,1,담하,봉평메밀 물냉면
2023-05-01,0,5,Spring,0,0,0,담하,봉평메밀 물냉면
2023-05-02,0,5,Spring,0,0,0,담하,봉평메밀 물냉면
2023-05-03,0,5,Spring,0,0,0,담하,봉평메밀 물냉면
2023-05-04,0,5,Spring,0,0,0,담하,봉평메밀 물냉면
2023-05-05,0,5,Spring,0,1,1,담하,봉평메밀 물냉면
2023-05-06,0,5,Spring,1,0,1,담하,봉평메밀 물냉면
2023-05-07,0,5,Spring,1,0,1,담하,봉평메밀 물냉면
2023-05-08,0,5,Spring,0,0,0,담하,봉평메밀 물냉면
2023-05-09,0,5,Spring,0,0,0,담하,봉평메밀 물냉면
2023-05-10,0,5,Spring,0,0,0,담하,봉평메밀 물냉면
2023-05-11,0,5,Spring,0,0,0,담하,봉평메밀 물냉면
2023-05-12,0,5,Spring,0,0,0,담하,봉평메밀 물냉면
2023-05-13,0,5,Spring,1,0,1,담하,봉평메밀 물냉면
2023-05-14,0,5,Spring,1,0,1,담하,봉평메밀 물냉면
2023-05-15,0,5,Spring,0,0,0,담하,봉평메밀 물냉면
2023-05-16,0,5,Spring,0,0,0,담하,봉평메밀 물냉면
2023-05-17,0,5,Spring,0,0,0,담하,봉평메밀 물냉면
2023-05-18,0,5,Spring,0,0,0,담하,봉평메밀 물냉면
2023-05-19,0,5,Spring,0,0,0,담하,봉평메밀 물냉면
2023-05-20,0,5,Spring,1,0,1,담하,봉평메밀 물냉면
2023-05-21,0,5,Spring,1,0,1,담하,봉평메밀 물냉면
2023-05-22,0,5,Spring,0,0,0,담하,봉평메밀 물냉면
2023-05-23,0,5,Spring,0,0,0,담하,봉평메밀 물냉면
2023-05-24,0,5,Spring,0,0,0,담하,봉평메밀 물냉면
2023-05-25,0,5,Spring,0,0,0,담하,봉평메밀 물냉면
2023-05-26,0,5,Spring,0,0,0,담하,봉평메밀 물냉면
2023-05-27,0,5,Spring,1,1,1,담하,봉평메밀 물냉면
2023-05-28,0,5,Spring,1,0,1,담하,봉평메밀 물냉면
2023-05-29,0,5,Spring,0,1,1,담하,봉평메밀 물냉면
2023-05-30,0,5,Spring,0,0,0,담하,봉평메밀 물냉면
2023-05-31,0,5,Spring,0,0,0,담하,봉평메밀 물냉면
2023-06-01,0,6,Summer,0,0,0,담하,봉평메밀 물냉면
2023-06-02,3,6,Summer,0,0,0,담하,봉평메밀 물냉면
2023-06-03,8,6,Summer,1,0,1,담하,봉평메밀 물냉면
2023-06-04,7,6,Summer,1,0,1,담하,봉평메밀 물냉면
2023-06-05,4,6,Summer,0,0,0,담하,봉평메밀 물냉면
2023-06-06,7,6,Summer,0,1,1,담하,봉평메밀 물냉면
2023-06-07,3,6,Summer,0,0,0,담하,봉평메밀 물냉면
2023-06-08,1,6,Summer,0,0,0,담하,봉평메밀 물냉면
2023-06-09,7,6,Summer,0,0,0,담하,봉평메밀 물냉면
2023-06-10,9,6,Summer,1,0,1,담하,봉평메밀 물냉면
2023-06-11,5,6,Summer,1,0,1,담하,봉평메밀 물냉면
2023-06-12,2,6,Summer,0,0,0,담하,봉평메밀 물냉면
2023-06-13,4,6,Summer,0,0,0,담하,봉평메밀 물냉면
2023-06-14,0,6,Summer,0,0,0,담하,봉평메밀 물냉면
2023-06-15,1,6,Summer,0,0,0,담하,봉평메밀 물냉면
2023-06-16,6,6,Summer,0,0,0,담하,봉평메밀 물냉면
2023-06-17,26,6,Summer,1,0,1,담하,봉평메밀 물냉면
2023-06-18,12,6,Summer,1,0,1,담하,봉평메밀 물냉면
2023-06-19,7,6,Summer,0,0,0,담하,봉평메밀 물냉면
2023-06-20,0,6,Summer,0,0,0,담하,봉평메밀 물냉면
2023-06-21,3,6,Summer,0,0,0,담하,봉평메밀 물냉면
2023-06-22,3,6,Summer,0,0,0,담하,봉평메밀 물냉면
2023-06-23,25,6,Summer,0,0,0,담하,봉평메밀 물냉면
2023-06-24,16,6,Summer,1,0,1,담하,봉평메밀 물냉면
2023-06-25,6,6,Summer,1,0,1,담하,봉평메밀 물냉면
2023-06-26,3,6,Summer,0,0,0,담하,봉평메밀 물냉면
2023-06-27,3,6,Summer,0,0,0,담하,봉평메밀 물냉면
2023-06-28,4,6,Summer,0,0,0,담하,봉평메밀 물냉면
2023-06-29,1,6,Summer,0,0,0,담하,봉평메밀 물냉면
2023-06-30,5,6,Summer,0,0,0,담하,봉평메밀 물냉면
2023-07-01,12,7,Summer,1,0,1,담하,봉평메밀 물냉면
2023-07-02,8,7,Summer,1,0,1,담하,봉평메밀 물냉면
2023-07-03,5,7,Summer,0,0,0,담하,봉평메밀 물냉면
2023-07-04,2,7,Summer,0,0,0,담하,봉평메밀 물냉면
2023-07-05,2,7,Summer,0,0,0,담하,봉평메밀 물냉면
2023-07-06,3,7,Summer,0,0,0,담하,봉평메밀 물냉면
2023-07-07,8,7,Summer,0,0,0,담하,봉평메밀 물냉면
2023-07-08,7,7,Summer,1,0,1,담하,봉평메밀 물냉면
2023-07-09,4,7,Summer,1,0,1,담하,봉평메밀 물냉면
2023-07-10,6,7,Summer,0,0,0,담하,봉평메밀 물냉면
2023-07-11,5,7,Summer,0,0,0,담하,봉평메밀 물냉면
2023-07-12,2,7,Summer,0,0,0,담하,봉평메밀 물냉면
2023-07-13,1,7,Summer,0,0,0,담하,봉평메밀 물냉면
2023-07-14,5,7,Summer,0,0,0,담하,봉평메밀 물냉면
2023-07-15,5,7,Summer,1,0,1,담하,봉평메밀 물냉면
2023-07-16,1,7,Summer,1,0,1,담하,봉평메밀 물냉면
2023-07-17,2,7,Summer,0,0,0,담하,봉평메밀 물냉면
2023-07-18,4,7,Summer,0,0,0,담하,봉평메밀 물냉면
2023-07-19,1,7,Summer,0,0,0,담하,봉평메밀 물냉면
2023-07-20,2,7,Summer,0,0,0,담하,봉평메밀 물냉면
2023-07-21,9,7,Summer,0,0,0,담하,봉평메밀 물냉면
2023-07-22,11,7,Summer,1,0,1,담하,봉평메밀 물냉면
2023-07-23,3,7,Summer,1,0,1,담하,봉평메밀 물냉면
2023-07-24,1,7,Summer,0,0,0,담하,봉평메밀 물냉면
2023-07-25,7,7,Summer,0,0,0,담하,봉평메밀 물냉면
2023-07-26,1,7,Summer,0,0,0,담하,봉평메밀 물냉면
2023-07-27,3,7,Summer,0,0,0,담하,봉평메밀 물냉면
2023-07-28,11,7,Summer,0,0,0,담하,봉평메밀 물냉면
2023-07-29,12,7,Summer,1,0,1,담하,봉평메밀 물냉면
2023-07-30,5,7,Summer,1,0,1,담하,봉평메밀 물냉면
2023-07-31,11,7,Summer,0,0,0,담하,봉평메밀 물냉면
2023-08-01,7,8,Summer,0,0,0,담하,봉평메밀 물냉면
2023-08-02,8,8,Summer,0,0,0,담하,봉평메밀 물냉면
2023-08-03,1,8,Summer,0,0,0,담하,봉평메밀 물냉면
2023-08-04,8,8,Summer,0,0,0,담하,봉평메밀 물냉면
2023-08-05,15,8,Summer,1,0,1,담하,봉평메밀 물냉면
2023-08-06,1,8,Summer,1,0,1,담하,봉평메밀 물냉면
2023-08-07,3,8,Summer,0,0,0,담하,봉평메밀 물냉면
2023-08-08,15,8,Summer,0,0,0,담하,봉평메밀 물냉면
2023-08-09,2,8,Summer,0,0,0,담하,봉평메밀 물냉면
2023-08-10,1,8,Summer,0,0,0,담하,봉평메밀 물냉면
2023-08-11,4,8,Summer,0,0,0,담하,봉평메밀 물냉면
2023-08-12,11,8,Summer,1,0,1,담하,봉평메밀 물냉면
2023-08-13,5,8,Summer,1,0,1,담하,봉평메밀 물냉면
2023-08-14,8,8,Summer,0,0,0,담하,봉평메밀 물냉면
2023-08-15,2,8,Summer,0,1,1,담하,봉평메밀 물냉면
2023-08-16,3,8,Summer,0,0,0,담하,봉평메밀 물냉면
2023-08-17,1,8,Summer,0,0,0,담하,봉평메밀 물냉면
2023-08-18,9,8,Summer,0,0,0,담하,봉평메밀 물냉면
2023-08-19,5,8,Summer,1,0,1,담하,봉평메밀 물냉면
2023-08-20,7,8,Summer,1,0,1,담하,봉평메밀 물냉면
2023-08-21,5,8,Summer,0,0,0,담하,봉평메밀 물냉면
2023-08-22,0,8,Summer,0,0,0,담하,봉평메밀 물냉면
2023-08-23,5,8,Summer,0,0,0,담하,봉평메밀 물냉면
2023-08-24,5,8,Summer,0,0,0,담하,봉평메밀 물냉면
2023-08-25,9,8,Summer,0,0,0,담하,봉평메밀 물냉면
2023-08-26,4,8,Summer,1,0,1,담하,봉평메밀 물냉면
2023-08-27,11,8,Summer,1,0,1,담하,봉평메밀 물냉면
2023-08-28,2,8,Summer,0,0,0,담하,봉평메밀 물냉면
2023-08-29,3,8,Summer,0,0,0,담하,봉평메밀 물냉면
2023-08-30,3,8,Summer,0,0,0,담하,봉평메밀 물냉면
2023-08-31,9,8,Summer,0,0,0,담하,봉평메밀 물냉면
2023-09-01,4,9,Autumn,0,0,0,담하,봉평메밀 물냉면
2023-09-02,1,9,Autumn,1,0,1,담하,봉평메밀 물냉면
2023-09-03,3,9,Autumn,1,0,1,담하,봉평메밀 물냉면
2023-09-04,0,9,Autumn,0,0,0,담하,봉평메밀 물냉면
2023-09-05,25,9,Autumn,0,0,0,담하,봉평메밀 물냉면
2023-09-06,0,9,Autumn,0,0,0,담하,봉평메밀 물냉면
2023-09-07,1,9,Autumn,0,0,0,담하,봉평메밀 물냉면
2023-09-08,5,9,Autumn,0,0,0,담하,봉평메밀 물냉면
2023-09-09,2,9,Autumn,1,0,1,담하,봉평메밀 물냉면
2023-09-10,1,9,Autumn,1,0,1,담하,봉평메밀 물냉면
2023-09-11,3,9,Autumn,0,0,0,담하,봉평메밀 물냉면
2023-09-12,3,9,Autumn,0,0,0,담하,봉평메밀 물냉면
2023-09-13,1,9,Autumn,0,0,0,담하,봉평메밀 물냉면
2023-09-14,1,9,Autumn,0,0,0,담하,봉평메밀 물냉면
2023-09-15,1,9,Autumn,0,0,0,담하,봉평메밀 물냉면
2023-09-16,4,9,Autumn,1,0,1,담하,봉평메밀 물냉면
2023-09-17,3,9,Autumn,1,0,1,담하,봉평메밀 물냉면
2023-09-18,1,9,Autumn,0,0,0,담하,봉평메밀 물냉면
2023-09-19,2,9,Autumn,0,0,0,담하,봉평메밀 물냉면
2023-09-20,0,9,Autumn,0,0,0,담하,봉평메밀 물냉면
2023-09-21,0,9,Autumn,0,0,0,담하,봉평메밀 물냉면
2023-09-22,2,9,Autumn,0,0,0,담하,봉평메밀 물냉면
2023-09-23,4,9,Autumn,1,0,1,담하,봉평메밀 물냉면
2023-09-24,2,9,Autumn,1,0,1,담하,봉평메밀 물냉면
2023-09-25,1,9,Autumn,0,0,0,담하,봉평메밀 물냉면
2023-09-26,0,9,Autumn,0,0,0,담하,봉평메밀 물냉면
2023-09-27,0,9,Autumn,0,0,0,담하,봉평메밀 물냉면
2023-09-28,12,9,Autumn,0,1,1,담하,봉평메밀 물냉면
2023-09-29,7,9,Autumn,0,1,1,담하,봉평메밀 물냉면
2023-09-30,7,9,Autumn,1,1,1,담하,봉평메밀 물냉면
2023-10-01,21,10,Autumn,1,0,1,담하,봉평메밀 물냉면
2023-10-02,7,10,Autumn,0,1,1,담하,봉평메밀 물냉면
2023-10-03,3,10,Autumn,0,1,1,담하,봉평메밀 물냉면
2023-10-04,0,10,Autumn,0,0,0,담하,봉평메밀 물냉면
2023-10-05,1,10,Autumn,0,0,0,담하,봉평메밀 물냉면
2023-10-06,1,10,Autumn,0,0,0,담하,봉평메밀 물냉면
2023-10-07,2,10,Autumn,1,0,1,담하,봉평메밀 물냉면
2023-10-08,7,10,Autumn,1,0,1,담하,봉평메밀 물냉면
2023-10-09,15,10,Autumn,0,1,1,담하,봉평메밀 물냉면
2023-10-10,0,10,Autumn,0,0,0,담하,봉평메밀 물냉면
2023-10-11,0,10,Autumn,0,0,0,담하,봉평메밀 물냉면
2023-10-12,2,10,Autumn,0,0,0,담하,봉평메밀 물냉면
2023-10-13,3,10,Autumn,0,0,0,담하,봉평메밀 물냉면
2023-10-14,3,10,Autumn,1,0,1,담하,봉평메밀 물냉면
2023-10-15,2,10,Autumn,1,0,1,담하,봉평메밀 물냉면
2023-10-16,4,10,Autumn,0,0,0,담하,봉평메밀 물냉면
2023-10-17,1,10,Autumn,0,0,0,담하,봉평메밀 물냉면
2023-10-18,2,10,Autumn,0,0,0,담하,봉평메밀 물냉면
2023-10-19,4,10,Autumn,0,0,0,담하,봉평메밀 물냉면
2023-10-20,1,10,Autumn,0,0,0,담하,봉평메밀 물냉면
2023-10-21,1,10,Autumn,1,0,1,담하,봉평메밀 물냉면
2023-10-22,1,10,Autumn,1,0,1,담하,봉평메밀 물냉면
2023-10-23,0,10,Autumn,0,0,0,담하,봉평메밀 물냉면
2023-10-24,1,10,Autumn,0,0,0,담하,봉평메밀 물냉면
2023-10-25,5,10,Autumn,0,0,0,담하,봉평메밀 물냉면
2023-10-26,5,10,Autumn,0,0,0,담하,봉평메밀 물냉면
2023-10-27,4,10,Autumn,0,0,0,담하,봉평메밀 물냉면
2023-10-28,4,10,Autumn,1,0,1,담하,봉평메밀 물냉면
2023-10-29,4,10,Autumn,1,0,1,담하,봉평메밀 물냉면
2023-10-30,3,10,Autumn,0,0,0,담하,봉평메밀 물냉면
2023-10-31,0,10,Autumn,0,0,0,담하,봉평메밀 물냉면
2023-11-01,3,11,Autumn,0,0,0,담하,봉평메밀 물냉면
2023-11-02,2,11,Autumn,0,0,0,담하,봉평메밀 물냉면
2023-11-03,3,11,Autumn,0,0,0,담하,봉평메밀 물냉면
2023-11-04,17,11,Autumn,1,0,1,담하,봉평메밀 물냉면
2023-11-05,1,11,Autumn,1,0,1,담하,봉평메밀 물냉면
2023-11-06,2,11,Autumn,0,0,0,담하,봉평메밀 물냉면
2023-11-07,2,11,Autumn,0,0,0,담하,봉평메밀 물냉면
2023-11-08,5,11,Autumn,0,0,0,담하,봉평메밀 물냉면
2023-11-09,3,11,Autumn,0,0,0,담하,봉평메밀 물냉면
2023-11-10,1,11,Autumn,0,0,0,담하,봉평메밀 물냉면
2023-11-11,2,11,Autumn,1,0,1,담하,봉평메밀 물냉면
2023-11-12,5,11,Autumn,1,0,1,담하,봉평메밀 물냉면
2023-11-13,2,11,Autumn,0,0,0,담하,봉평메밀 물냉면
2023-11-14,1,11,Autumn,0,0,0,담하,봉평메밀 물냉면
2023-11-15,2,11,Autumn,0,0,0,담하,봉평메밀 물냉면
2023-11-16,1,11,Autumn,0,0,0,담하,봉평메밀 물냉면
2023-11-17,0,11,Autumn,0,0,0,담하,봉평메밀 물냉면
2023-11-18,2,11,Autumn,1,0,1,담하,봉평메밀 물냉면
2023-11-19,2,11,Autumn,1,0,1,담하,봉평메밀 물냉면
2023-11-20,0,11,Autumn,0,0,0,담하,봉평메밀 물냉면
2023-11-21,1,11,Autumn,0,0,0,담하,봉평메밀 물냉면
2023-11-22,6,11,Autumn,0,0,0,담하,봉평메밀 물냉면
2023-11-23,2,11,Autumn,0,0,0,담하,봉평메밀 물냉면
2023-11-24,1,11,Autumn,0,0,0,담하,봉평메밀 물냉면
2023-11-25,6,11,Autumn,1,0,1,담하,봉평메밀 물냉면
2023-11-26,3,11,Autumn,1,0,1,담하,봉평메밀 물냉면
2023-11-27,1,11,Autumn,0,0,0,담하,봉평메밀 물냉면
2023-11-28,0,11,Autumn,0,0,0,담하,봉평메밀 물냉면
2023-11-29,0,11,Autumn,0,0,0,담하,봉평메밀 물냉면
2023-11-30,0,11,Autumn,0,0,0,담하,봉평메밀 물냉면
2023-12-01,0,12,Winter,0,0,0,담하,봉평메밀 물냉면
2023-12-02,2,12,Winter,1,0,1,담하,봉평메밀 물냉면
2023-12-03,0,12,Winter,1,0,1,담하,봉평메밀 물냉면
2023-12-04,0,12,Winter,0,0,0,담하,봉평메밀 물냉면
2023-12-05,0,12,Winter,0,0,0,담하,봉평메밀 물냉면
2023-12-06,1,12,Winter,0,0,0,담하,봉평메밀 물냉면
2023-12-07,1,12,Winter,0,0,0,담하,봉평메밀 물냉면
2023-12-08,1,12,Winter,0,0,0,담하,봉평메밀 물냉면
2023-12-09,3,12,Winter,1,0,1,담하,봉평메밀 물냉면
2023-12-10,7,12,Winter,1,0,1,담하,봉평메밀 물냉면
2023-12-11,1,12,Winter,0,0,0,담하,봉평메밀 물냉면
2023-12-12,2,12,Winter,0,0,0,담하,봉평메밀 물냉면
2023-12-13,1,12,Winter,0,0,0,담하,봉평메밀 물냉면
2023-12-14,2,12,Winter,0,0,0,담하,봉평메밀 물냉면
2023-12-15,4,12,Winter,0,0,0,담하,봉평메밀 물냉면
2023-12-16,2,12,Winter,1,0,1,담하,봉평메밀 물냉면
2023-12-17,0,12,Winter,1,0,1,담하,봉평메밀 물냉면
2023-12-18,3,12,Winter,0,0,0,담하,봉평메밀 물냉면
2023-12-19,4,12,Winter,0,0,0,담하,봉평메밀 물냉면
2023-12-20,2,12,Winter,0,0,0,담하,봉평메밀 물냉면
2023-12-21,5,12,Winter,0,0,0,담하,봉평메밀 물냉면
2023-12-22,1,12,Winter,0,0,0,담하,봉평메밀 물냉면
2023-12-23,3,12,Winter,1,0,1,담하,봉평메밀 물냉면
2023-12-24,3,12,Winter,1,0,1,담하,봉평메밀 물냉면
2023-12-25,0,12,Winter,0,1,1,담하,봉평메밀 물냉면
2023-12-26,0,12,Winter,0,0,0,담하,봉평메밀 물냉면
2023-12-27,2,12,Winter,0,0,0,담하,봉평메밀 물냉면
2023-12-28,5,12,Winter,0,0,0,담하,봉평메밀 물냉면
2023-12-29,3,12,Winter,0,0,0,담하,봉평메밀 물냉면
2023-12-30,0,12,Winter,1,0,1,담하,봉평메밀 물냉면
2023-12-31,5,12,Winter,1,0,1,담하,봉평메밀 물냉면
2024-01-01,6,1,Winter,0,1,1,담하,봉평메밀 물냉면
2024-01-02,7,1,Winter,0,0,0,담하,봉평메밀 물냉면
2024-01-03,2,1,Winter,0,0,0,담하,봉평메밀 물냉면
2024-01-04,2,1,Winter,0,0,0,담하,봉평메밀 물냉면
2024-01-05,2,1,Winter,0,0,0,담하,봉평메밀 물냉면
2024-01-06,7,1,Winter,1,0,1,담하,봉평메밀 물냉면
2024-01-07,7,1,Winter,1,0,1,담하,봉평메밀 물냉면
2024-01-08,0,1,Winter,0,0,0,담하,봉평메밀 물냉면
2024-01-09,1,1,Winter,0,0,0,담하,봉평메밀 물냉면
2024-01-10,0,1,Winter,0,0,0,담하,봉평메밀 물냉면
2024-01-11,5,1,Winter,0,0,0,담하,봉평메밀 물냉면
2024-01-12,5,1,Winter,0,0,0,담하,봉평메밀 물냉면
2024-01-13,3,1,Winter,1,0,1,담하,봉평메밀 물냉면
2024-01-14,6,1,Winter,1,0,1,담하,봉평메밀 물냉면
2024-01-15,3,1,Winter,0,0,0,담하,봉평메밀 물냉면
2024-01-16,1,1,Winter,0,0,0,담하,봉평메밀 물냉면
2024-01-17,3,1,Winter,0,0,0,담하,봉평메밀 물냉면
2024-01-18,2,1,Winter,0,0,0,담하,봉평메밀 물냉면
2024-01-19,3,1,Winter,0,0,0,담하,봉평메밀 물냉면
2024-01-20,4,1,Winter,1,0,1,담하,봉평메밀 물냉면
2024-01-21,6,1,Winter,1,0,1,담하,봉평메밀 물냉면
2024-01-22,2,1,Winter,0,0,0,담하,봉평메밀 물냉면
2024-01-23,2,1,Winter,0,0,0,담하,봉평메밀 물냉면
2024-01-24,1,1,Winter,0,0,0,담하,봉평메밀 물냉면
2024-01-25,6,1,Winter,0,0,0,담하,봉평메밀 물냉면
2024-01-26,1,1,Winter,0,0,0,담하,봉평메밀 물냉면
2024-01-27,8,1,Winter,1,0,1,담하,봉평메밀 물냉면
2024-01-28,5,1,Winter,1,0,1,담하,봉평메밀 물냉면
2024-01-29,5,1,Winter,0,0,0,담하,봉평메밀 물냉면
2024-01-30,1,1,Winter,0,0,0,담하,봉평메밀 물냉면
2024-01-31,2,1,Winter,0,0,0,담하,봉평메밀 물냉면
2024-02-01,3,2,Winter,0,0,0,담하,봉평메밀 물냉면
2024-02-02,1,2,Winter,0,0,0,담하,봉평메밀 물냉면
2024-02-03,9,2,Winter,1,0,1,담하,봉평메밀 물냉면
2024-02-04,3,2,Winter,1,0,1,담하,봉평메밀 물냉면
2024-02-05,4,2,Winter,0,0,0,담하,봉평메밀 물냉면
2024-02-06,4,2,Winter,0,0,0,담하,봉평메밀 물냉면
2024-02-07,0,2,Winter,0,0,0,담하,봉평메밀 물냉면
2024-02-08,4,2,Winter,0,0,0,담하,봉평메밀 물냉면
2024-02-09,4,2,Winter,0,1,1,담하,봉평메밀 물냉면
2024-02-10,6,2,Winter,1,1,1,담하,봉평메밀 물냉면
2024-02-11,9,2,Winter,1,1,1,담하,봉평메밀 물냉면
2024-02-12,10,2,Winter,0,1,1,담하,봉평메밀 물냉면
2024-02-13,4,2,Winter,0,0,0,담하,봉평메밀 물냉면
2024-02-14,2,2,Winter,0,0,0,담하,봉평메밀 물냉면
2024-02-15,4,2,Winter,0,0,0,담하,봉평메밀 물냉면
2024-02-16,6,2,Winter,0,0,0,담하,봉평메밀 물냉면
2024-02-17,2,2,Winter,1,0,1,담하,봉평메밀 물냉면
2024-02-18,3,2,Winter,1,0,1,담하,봉평메밀 물냉면
2024-02-19,2,2,Winter,0,0,0,담하,봉평메밀 물냉면
2024-02-20,1,2,Winter,0,0,0,담하,봉평메밀 물냉면
2024-02-21,2,2,Winter,0,0,0,담하,봉평메밀 물냉면
2024-02-22,1,2,Winter,0,0,0,담하,봉평메밀 물냉면
2024-02-23,3,2,Winter,0,0,0,담하,봉평메밀 물냉면
2024-02-24,4,2,Winter,1,0,1,담하,봉평메밀 물냉면
2024-02-25,6,2,Winter,1,0,1,담하,봉평메밀 물냉면
2024-02-26,4,2,Winter,0,0,0,담하,봉평메밀 물냉면
2024-02-27,2,2,Winter,0,0,0,담하,봉평메밀 물냉면
2024-02-28,4,2,Winter,0,0,0,담하,봉평메밀 물냉면
2024-02-29,0,2,Winter,0,0,0,담하,봉평메밀 물냉면
2024-03-01,6,3,Spring,0,1,1,담하,봉평메밀 물냉면
2024-03-02,4,3,Spring,1,0,1,담하,봉평메밀 물냉면
2024-03-03,0,3,Spring,1,0,1,담하,봉평메밀 물냉면
2024-03-04,0,3,Spring,0,0,0,담하,봉평메밀 물냉면
2024-03-05,0,3,Spring,0,0,0,담하,봉평메밀 물냉면
2024-03-06,0,3,Spring,0,0,0,담하,봉평메밀 물냉면
2024-03-07,0,3,Spring,0,0,0,담하,봉평메밀 물냉면
2024-03-08,0,3,Spring,0,0,0,담하,봉평메밀 물냉면
2024-03-09,0,3,Spring,1,0,1,담하,봉평메밀 물냉면
2024-03-10,0,3,Spring,1,0,1,담하,봉평메밀 물냉면
2024-03-11,0,3,Spring,0,0,0,담하,봉평메밀 물냉면
2024-03-12,0,3,Spring,0,0,0,담하,봉평메밀 물냉면
2024-03-13,0,3,Spring,0,0,0,담하,봉평메밀 물냉면
2024-03-14,0,3,Spring,0,0,0,담하,봉평메밀 물냉면
2024-03-15,0,3,Spring,0,0,0,담하,봉평메밀 물냉면
2024-03-16,0,3,Spring,1,0,1,담하,봉평메밀 물냉면
2024-03-17,0,3,Spring,1,0,1,담하,봉평메밀 물냉면
2024-03-18,0,3,Spring,0,0,0,담하,봉평메밀 물냉면
2024-03-19,0,3,Spring,0,0,0,담하,봉평메밀 물냉면
2024-03-20,0,3,Spring,0,0,0,담하,봉평메밀 물냉면
2024-03-21,0,3,Spring,0,0,0,담하,봉평메밀 물냉면
2024-03-22,3,3,Spring,0,0,0,담하,봉평메밀 물냉면
2024-03-23,4,3,Spring,1,0,1,담하,봉평메밀 물냉면
2024-03-24,1,3,Spring,1,0,1,담하,봉평메밀 물냉면
2024-03-25,0,3,Spring,0,0,0,담하,봉평메밀 물냉면
2024-03-26,0,3,Spring,0,0,0,담하,봉평메밀 물냉면
2024-03-27,1,3,Spring,0,0,0,담하,봉평메밀 물냉면
2024-03-28,1,3,Spring,0,0,0,담하,봉평메밀 물냉면
2024-03-29,0,3,Spring,0,0,0,담하,봉평메밀 물냉면
2024-03-30,1,3,Spring,1,0,1,담하,봉평메밀 물냉면
2024-03-31,4,3,Spring,1,0,1,담하,봉평메밀 물냉면
2024-04-01,1,4,Spring,0,0,0,담하,봉평메밀 물냉면
2024-04-02,6,4,Spring,0,0,0,담하,봉평메밀 물냉면
2024-04-03,4,4,Spring,0,0,0,담하,봉평메밀 물냉면
2024-04-04,2,4,Spring,0,0,0,담하,봉평메밀 물냉면
2024-04-05,3,4,Spring,0,0,0,담하,봉평메밀 물냉면
2024-04-06,5,4,Spring,1,0,1,담하,봉평메밀 물냉면
2024-04-07,5,4,Spring,1,0,1,담하,봉평메밀 물냉면
2024-04-08,0,4,Spring,0,0,0,담하,봉평메밀 물냉면
2024-04-09,2,4,Spring,0,0,0,담하,봉평메밀 물냉면
2024-04-10,1,4,Spring,0,1,1,담하,봉평메밀 물냉면
2024-04-11,5,4,Spring,0,0,0,담하,봉평메밀 물냉면
2024-04-12,6,4,Spring,0,0,0,담하,봉평메밀 물냉면
2024-04-13,15,4,Spring,1,0,1,담하,봉평메밀 물냉면
2024-04-14,16,4,Spring,1,0,1,담하,봉평메밀 물냉면
2024-04-15,0,4,Spring,0,0,0,담하,봉평메밀 물냉면
2024-04-16,1,4,Spring,0,0,0,담하,봉평메밀 물냉면
2024-04-17,1,4,Spring,0,0,0,담하,봉평메밀 물냉면
2024-04-18,4,4,Spring,0,0,0,담하,봉평메밀 물냉면
2024-04-19,4,4,Spring,0,0,0,담하,봉평메밀 물냉면
2024-04-20,5,4,Spring,1,0,1,담하,봉평메밀 물냉면
2024-04-21,3,4,Spring,1,0,1,담하,봉평메밀 물냉면
2024-04-22,1,4,Spring,0,0,0,담하,봉평메밀 물냉면
2024-04-23,4,4,Spring,0,0,0,담하,봉평메밀 물냉면
2024-04-24,0,4,Spring,0,0,0,담하,봉평메밀 물냉면
2024-04-25,6,4,Spring,0,0,0,담하,봉평메밀 물냉면
2024-04-26,3,4,Spring,0,0,0,담하,봉평메밀 물냉면
2024-04-27,15,4,Spring,1,0,1,담하,봉평메밀 물냉면
2024-04-28,11,4,Spring,1,0,1,담하,봉평메밀 물냉면
2024-04-29,2,4,Spring,0,0,0,담하,봉평메밀 물냉면
2024-04-30,1,4,Spring,0,0,0,담하,봉평메밀 물냉면
2024-05-01,6,5,Spring,0,0,0,담하,봉평메밀 물냉면
2024-05-02,4,5,Spring,0,0,0,담하,봉평메밀 물냉면
2024-05-03,6,5,Spring,0,0,0,담하,봉평메밀 물냉면
2024-05-04,31,5,Spring,1,0,1,담하,봉평메밀 물냉면
2024-05-05,4,5,Spring,1,1,1,담하,봉평메밀 물냉면
2024-05-06,5,5,Spring,0,1,1,담하,봉평메밀 물냉면
2024-05-07,0,5,Spring,0,0,0,담하,봉평메밀 물냉면
2024-05-08,3,5,Spring,0,0,0,담하,봉평메밀 물냉면
2024-05-09,0,5,Spring,0,0,0,담하,봉평메밀 물냉면
2024-05-10,8,5,Spring,0,0,0,담하,봉평메밀 물냉면
2024-05-11,8,5,Spring,1,0,1,담하,봉평메밀 물냉면
2024-05-12,4,5,Spring,1,0,1,담하,봉평메밀 물냉면
2024-05-13,0,5,Spring,0,0,0,담하,봉평메밀 물냉면
2024-05-14,4,5,Spring,0,0,0,담하,봉평메밀 물냉면
2024-05-15,2,5,Spring,0,1,1,담하,봉평메밀 물냉면
2024-05-16,2,5,Spring,0,0,0,담하,봉평메밀 물냉면
2024-05-17,5,5,Spring,0,0,0,담하,봉평메밀 물냉면
2024-05-18,11,5,Spring,1,0,1,담하,봉평메밀 물냉면
2024-05-19,4,5,Spring,1,0,1,담하,봉평메밀 물냉면
2024-05-20,2,5,Spring,0,0,0,담하,봉평메밀 물냉면
2024-05-21,0,5,Spring,0,0,0,담하,봉평메밀 물냉면
2024-05-22,11,5,Spring,0,0,0,담하,봉평메밀 물냉면
2024-05-23,3,5,Spring,0,0,0,담하,봉평메밀 물냉면
2024-05-24,5,5,Spring,0,0,0,담하,봉평메밀 물냉면
2024-05-25,8,5,Spring,1,0,1,담하,봉평메밀 물냉면
2024-05-26,3,5,Spring,1,0,1,담하,봉평메밀 물냉면
2024-05-27,1,5,Spring,0,0,0,담하,봉평메밀 물냉면
2024-05-28,5,5,Spring,0,0,0,담하,봉평메밀 물냉면
2024-05-29,18,5,Spring,0,0,0,담하,봉평메밀 물냉면
2024-05-30,3,5,Spring,0,0,0,담하,봉평메밀 물냉면
2024-05-31,3,5,Spring,0,0,0,담하,봉평메밀 물냉면
2024-06-01,2,6,Summer,1,0,1,담하,봉평메밀 물냉면
2024-06-02,1,6,Summer,1,0,1,담하,봉평메밀 물냉면
2024-06-03,0,6,Summer,0,0,0,담하,봉평메밀 물냉면
2024-06-04,2,6,Summer,0,0,0,담하,봉평메밀 물냉면
2024-06-05,4,6,Summer,0,0,0,담하,봉평메밀 물냉면
2024-06-06,8,6,Summer,0,1,1,담하,봉평메밀 물냉면
2024-06-07,5,6,Summer,0,0,0,담하,봉평메밀 물냉면
2024-06-08,2,6,Summer,1,0,1,담하,봉평메밀 물냉면
2024-06-09,4,6,Summer,1,0,1,담하,봉평메밀 물냉면
2024-06-10,0,6,Summer,0,0,0,담하,봉평메밀 물냉면
2024-06-11,1,6,Summer,0,0,0,담하,봉평메밀 물냉면
2024-06-12,4,6,Summer,0,0,0,담하,봉평메밀 물냉면
2024-06-13,2,6,Summer,0,0,0,담하,봉평메밀 물냉면
2024-06-14,3,6,Summer,0,0,0,담하,봉평메밀 물냉면
2024-06-15,5,6,Summer,1,0,1,담하,봉평메밀 물냉면
2023-01-01,39,1,Winter,1,1,1,담하,생목살 김치찌개
2023-01-02,41,1,Winter,0,0,0,담하,생목살 김치찌개
2023-01-03,47,1,Winter,0,0,0,담하,생목살 김치찌개
2023-01-04,20,1,Winter,0,0,0,담하,생목살 김치찌개
2023-01-05,47,1,Winter,0,0,0,담하,생목살 김치찌개
2023-01-06,27,1,Winter,0,0,0,담하,생목살 김치찌개
2023-01-07,57,1,Winter,1,0,1,담하,생목살 김치찌개
2023-01-08,18,1,Winter,1,0,1,담하,생목살 김치찌개
2023-01-09,30,1,Winter,0,0,0,담하,생목살 김치찌개
2023-01-10,43,1,Winter,0,0,0,담하,생목살 김치찌개
2023-01-11,35,1,Winter,0,0,0,담하,생목살 김치찌개
2023-01-12,19,1,Winter,0,0,0,담하,생목살 김치찌개
2023-01-13,17,1,Winter,0,0,0,담하,생목살 김치찌개
2023-01-14,17,1,Winter,1,0,1,담하,생목살 김치찌개
2023-01-15,43,1,Winter,1,0,1,담하,생목살 김치찌개
2023-01-16,17,1,Winter,0,0,0,담하,생목살 김치찌개
2023-01-17,28,1,Winter,0,0,0,담하,생목살 김치찌개
2023-01-18,18,1,Winter,0,0,0,담하,생목살 김치찌개
2023-01-19,29,1,Winter,0,0,0,담하,생목살 김치찌개
2023-01-20,38,1,Winter,0,0,0,담하,생목살 김치찌개
2023-01-21,55,1,Winter,1,1,1,담하,생목살 김치찌개
2023-01-22,37,1,Winter,1,1,1,담하,생목살 김치찌개
2023-01-23,62,1,Winter,0,1,1,담하,생목살 김치찌개
2023-01-24,28,1,Winter,0,1,1,담하,생목살 김치찌개
2023-01-25,37,1,Winter,0,0,0,담하,생목살 김치찌개
2023-01-26,57,1,Winter,0,0,0,담하,생목살 김치찌개
2023-01-27,35,1,Winter,0,0,0,담하,생목살 김치찌개
2023-01-28,47,1,Winter,1,0,1,담하,생목살 김치찌개
2023-01-29,57,1,Winter,1,0,1,담하,생목살 김치찌개
2023-01-30,22,1,Winter,0,0,0,담하,생목살 김치찌개
2023-01-31,11,1,Winter,0,0,0,담하,생목살 김치찌개
2023-02-01,33,2,Winter,0,0,0,담하,생목살 김치찌개
2023-02-02,12,2,Winter,0,0,0,담하,생목살 김치찌개
2023-02-03,26,2,Winter,0,0,0,담하,생목살 김치찌개
2023-02-04,44,2,Winter,1,0,1,담하,생목살 김치찌개
2023-02-05,25,2,Winter,1,0,1,담하,생목살 김치찌개
2023-02-06,35,2,Winter,0,0,0,담하,생목살 김치찌개
2023-02-07,9,2,Winter,0,0,0,담하,생목살 김치찌개
2023-02-08,14,2,Winter,0,0,0,담하,생목살 김치찌개
2023-02-09,9,2,Winter,0,0,0,담하,생목살 김치찌개
2023-02-10,24,2,Winter,0,0,0,담하,생목살 김치찌개
2023-02-11,50,2,Winter,1,0,1,담하,생목살 김치찌개
2023-02-12,37,2,Winter,1,0,1,담하,생목살 김치찌개
2023-02-13,18,2,Winter,0,0,0,담하,생목살 김치찌개
2023-02-14,27,2,Winter,0,0,0,담하,생목살 김치찌개
2023-02-15,8,2,Winter,0,0,0,담하,생목살 김치찌개
2023-02-16,17,2,Winter,0,0,0,담하,생목살 김치찌개
2023-02-17,21,2,Winter,0,0,0,담하,생목살 김치찌개
2023-02-18,39,2,Winter,1,0,1,담하,생목살 김치찌개
2023-02-19,43,2,Winter,1,0,1,담하,생목살 김치찌개
2023-02-20,26,2,Winter,0,0,0,담하,생목살 김치찌개
2023-02-21,14,2,Winter,0,0,0,담하,생목살 김치찌개
2023-02-22,23,2,Winter,0,0,0,담하,생목살 김치찌개
2023-02-23,10,2,Winter,0,0,0,담하,생목살 김치찌개
2023-02-24,28,2,Winter,0,0,0,담하,생목살 김치찌개
2023-02-25,40,2,Winter,1,0,1,담하,생목살 김치찌개
2023-02-26,38,2,Winter,1,0,1,담하,생목살 김치찌개
2023-02-27,22,2,Winter,0,0,0,담하,생목살 김치찌개
2023-02-28,22,2,Winter,0,0,0,담하,생목살 김치찌개
2023-03-01,6,3,Spring,0,1,1,담하,생목살 김치찌개
2023-03-02,0,3,Spring,0,0,0,담하,생목살 김치찌개
2023-03-03,0,3,Spring,0,0,0,담하,생목살 김치찌개
2023-03-04,0,3,Spring,1,0,1,담하,생목살 김치찌개
2023-03-05,0,3,Spring,1,0,1,담하,생목살 김치찌개
2023-03-06,0,3,Spring,0,0,0,담하,생목살 김치찌개
2023-03-07,0,3,Spring,0,0,0,담하,생목살 김치찌개
2023-03-08,0,3,Spring,0,0,0,담하,생목살 김치찌개
2023-03-09,0,3,Spring,0,0,0,담하,생목살 김치찌개
2023-03-10,2,3,Spring,0,0,0,담하,생목살 김치찌개
2023-03-11,10,3,Spring,1,0,1,담하,생목살 김치찌개
2023-03-12,7,3,Spring,1,0,1,담하,생목살 김치찌개
2023-03-13,10,3,Spring,0,0,0,담하,생목살 김치찌개
2023-03-14,3,3,Spring,0,0,0,담하,생목살 김치찌개
2023-03-15,8,3,Spring,0,0,0,담하,생목살 김치찌개
2023-03-16,2,3,Spring,0,0,0,담하,생목살 김치찌개
2023-03-17,13,3,Spring,0,0,0,담하,생목살 김치찌개
2023-03-18,29,3,Spring,1,0,1,담하,생목살 김치찌개
2023-03-19,15,3,Spring,1,0,1,담하,생목살 김치찌개
2023-03-20,7,3,Spring,0,0,0,담하,생목살 김치찌개
2023-03-21,3,3,Spring,0,0,0,담하,생목살 김치찌개
2023-03-22,7,3,Spring,0,0,0,담하,생목살 김치찌개
2023-03-23,6,3,Spring,0,0,0,담하,생목살 김치찌개
2023-03-24,0,3,Spring,0,0,0,담하,생목살 김치찌개
2023-03-25,13,3,Spring,1,0,1,담하,생목살 김치찌개
2023-03-26,8,3,Spring,1,0,1,담하,생목살 김치찌개
2023-03-27,8,3,Spring,0,0,0,담하,생목살 김치찌개
2023-03-28,3,3,Spring,0,0,0,담하,생목살 김치찌개
2023-03-29,1,3,Spring,0,0,0,담하,생목살 김치찌개
2023-03-30,11,3,Spring,0,0,0,담하,생목살 김치찌개
2023-03-31,19,3,Spring,0,0,0,담하,생목살 김치찌개
2023-04-01,50,4,Spring,1,0,1,담하,생목살 김치찌개
2023-04-02,13,4,Spring,1,0,1,담하,생목살 김치찌개
2023-04-03,7,4,Spring,0,0,0,담하,생목살 김치찌개
2023-04-04,14,4,Spring,0,0,0,담하,생목살 김치찌개
2023-04-05,18,4,Spring,0,0,0,담하,생목살 김치찌개
2023-04-06,20,4,Spring,0,0,0,담하,생목살 김치찌개
2023-04-07,16,4,Spring,0,0,0,담하,생목살 김치찌개
2023-04-08,28,4,Spring,1,0,1,담하,생목살 김치찌개
2023-04-09,11,4,Spring,1,0,1,담하,생목살 김치찌개
2023-04-10,12,4,Spring,0,0,0,담하,생목살 김치찌개
2023-04-11,15,4,Spring,0,0,0,담하,생목살 김치찌개
2023-04-12,17,4,Spring,0,0,0,담하,생목살 김치찌개
2023-04-13,7,4,Spring,0,0,0,담하,생목살 김치찌개
2023-04-14,15,4,Spring,0,0,0,담하,생목살 김치찌개
2023-04-15,49,4,Spring,1,0,1,담하,생목살 김치찌개
2023-04-16,17,4,Spring,1,0,1,담하,생목살 김치찌개
2023-04-17,16,4,Spring,0,0,0,담하,생목살 김치찌개
2023-04-18,13,4,Spring,0,0,0,담하,생목살 김치찌개
2023-04-19,16,4,Spring,0,0,0,담하,생목살 김치찌개
2023-04-20,6,4,Spring,0,0,0,담하,생목살 김치찌개
2023-04-21,8,4,Spring,0,0,0,담하,생목살 김치찌개
2023-04-22,26,4,Spring,1,0,1,담하,생목살 김치찌개
2023-04-23,24,4,Spring,1,0,1,담하,생목살 김치찌개
2023-04-24,3,4,Spring,0,0,0,담하,생목살 김치찌개
2023-04-25,8,4,Spring,0,0,0,담하,생목살 김치찌개
2023-04-26,29,4,Spring,0,0,0,담하,생목살 김치찌개
2023-04-27,5,4,Spring,0,0,0,담하,생목살 김치찌개
2023-04-28,12,4,Spring,0,0,0,담하,생목살 김치찌개
2023-04-29,31,4,Spring,1,0,1,담하,생목살 김치찌개
2023-04-30,33,4,Spring,1,0,1,담하,생목살 김치찌개
2023-05-01,13,5,Spring,0,0,0,담하,생목살 김치찌개
2023-05-02,7,5,Spring,0,0,0,담하,생목살 김치찌개
2023-05-03,11,5,Spring,0,0,0,담하,생목살 김치찌개
2023-05-04,26,5,Spring,0,0,0,담하,생목살 김치찌개
2023-05-05,24,5,Spring,0,1,1,담하,생목살 김치찌개
2023-05-06,32,5,Spring,1,0,1,담하,생목살 김치찌개
2023-05-07,21,5,Spring,1,0,1,담하,생목살 김치찌개
2023-05-08,7,5,Spring,0,0,0,담하,생목살 김치찌개
2023-05-09,8,5,Spring,0,0,0,담하,생목살 김치찌개
2023-05-10,13,5,Spring,0,0,0,담하,생목살 김치찌개
2023-05-11,19,5,Spring,0,0,0,담하,생목살 김치찌개
2023-05-12,20,5,Spring,0,0,0,담하,생목살 김치찌개
2023-05-13,27,5,Spring,1,0,1,담하,생목살 김치찌개
2023-05-14,29,5,Spring,1,0,1,담하,생목살 김치찌개
2023-05-15,3,5,Spring,0,0,0,담하,생목살 김치찌개
2023-05-16,5,5,Spring,0,0,0,담하,생목살 김치찌개
2023-05-17,18,5,Spring,0,0,0,담하,생목살 김치찌개
2023-05-18,6,5,Spring,0,0,0,담하,생목살 김치찌개
2023-05-19,10,5,Spring,0,0,0,담하,생목살 김치찌개
2023-05-20,26,5,Spring,1,0,1,담하,생목살 김치찌개
2023-05-21,17,5,Spring,1,0,1,담하,생목살 김치찌개
2023-05-22,7,5,Spring,0,0,0,담하,생목살 김치찌개
2023-05-23,6,5,Spring,0,0,0,담하,생목살 김치찌개
2023-05-24,1,5,Spring,0,0,0,담하,생목살 김치찌개
2023-05-25,11,5,Spring,0,0,0,담하,생목살 김치찌개
2023-05-26,24,5,Spring,0,0,0,담하,생목살 김치찌개
2023-05-27,25,5,Spring,1,1,1,담하,생목살 김치찌개
2023-05-28,37,5,Spring,1,0,1,담하,생목살 김치찌개
2023-05-29,20,5,Spring,0,1,1,담하,생목살 김치찌개
2023-05-30,7,5,Spring,0,0,0,담하,생목살 김치찌개
2023-05-31,4,5,Spring,0,0,0,담하,생목살 김치찌개
2023-06-01,6,6,Summer,0,0,0,담하,생목살 김치찌개
2023-06-02,6,6,Summer,0,0,0,담하,생목살 김치찌개
2023-06-03,22,6,Summer,1,0,1,담하,생목살 김치찌개
2023-06-04,26,6,Summer,1,0,1,담하,생목살 김치찌개
2023-06-05,27,6,Summer,0,0,0,담하,생목살 김치찌개
2023-06-06,9,6,Summer,0,1,1,담하,생목살 김치찌개
2023-06-07,6,6,Summer,0,0,0,담하,생목살 김치찌개
2023-06-08,2,6,Summer,0,0,0,담하,생목살 김치찌개
2023-06-09,17,6,Summer,0,0,0,담하,생목살 김치찌개
2023-06-10,17,6,Summer,1,0,1,담하,생목살 김치찌개
2023-06-11,18,6,Summer,1,0,1,담하,생목살 김치찌개
2023-06-12,11,6,Summer,0,0,0,담하,생목살 김치찌개
2023-06-13,3,6,Summer,0,0,0,담하,생목살 김치찌개
2023-06-14,26,6,Summer,0,0,0,담하,생목살 김치찌개
2023-06-15,5,6,Summer,0,0,0,담하,생목살 김치찌개
2023-06-16,18,6,Summer,0,0,0,담하,생목살 김치찌개
2023-06-17,30,6,Summer,1,0,1,담하,생목살 김치찌개
2023-06-18,21,6,Summer,1,0,1,담하,생목살 김치찌개
2023-06-19,9,6,Summer,0,0,0,담하,생목살 김치찌개
2023-06-20,2,6,Summer,0,0,0,담하,생목살 김치찌개
2023-06-21,0,6,Summer,0,0,0,담하,생목살 김치찌개
2023-06-22,10,6,Summer,0,0,0,담하,생목살 김치찌개
2023-06-23,20,6,Summer,0,0,0,담하,생목살 김치찌개
2023-06-24,16,6,Summer,1,0,1,담하,생목살 김치찌개
2023-06-25,15,6,Summer,1,0,1,담하,생목살 김치찌개
2023-06-26,8,6,Summer,0,0,0,담하,생목살 김치찌개
2023-06-27,2,6,Summer,0,0,0,담하,생목살 김치찌개
2023-06-28,7,6,Summer,0,0,0,담하,생목살 김치찌개
2023-06-29,7,6,Summer,0,0,0,담하,생목살 김치찌개
2023-06-30,10,6,Summer,0,0,0,담하,생목살 김치찌개
2023-07-01,21,7,Summer,1,0,1,담하,생목살 김치찌개
2023-07-02,11,7,Summer,1,0,1,담하,생목살 김치찌개
2023-07-03,6,7,Summer,0,0,0,담하,생목살 김치찌개
2023-07-04,1,7,Summer,0,0,0,담하,생목살 김치찌개
2023-07-05,3,7,Summer,0,0,0,담하,생목살 김치찌개
2023-07-06,4,7,Summer,0,0,0,담하,생목살 김치찌개
2023-07-07,11,7,Summer,0,0,0,담하,생목살 김치찌개
2023-07-08,16,7,Summer,1,0,1,담하,생목살 김치찌개
2023-07-09,6,7,Summer,1,0,1,담하,생목살 김치찌개
2023-07-10,6,7,Summer,0,0,0,담하,생목살 김치찌개
2023-07-11,8,7,Summer,0,0,0,담하,생목살 김치찌개
2023-07-12,6,7,Summer,0,0,0,담하,생목살 김치찌개
2023-07-13,13,7,Summer,0,0,0,담하,생목살 김치찌개
2023-07-14,13,7,Summer,0,0,0,담하,생목살 김치찌개
2023-07-15,23,7,Summer,1,0,1,담하,생목살 김치찌개
2023-07-16,3,7,Summer,1,0,1,담하,생목살 김치찌개
2023-07-17,9,7,Summer,0,0,0,담하,생목살 김치찌개
2023-07-18,12,7,Summer,0,0,0,담하,생목살 김치찌개
2023-07-19,2,7,Summer,0,0,0,담하,생목살 김치찌개
2023-07-20,11,7,Summer,0,0,0,담하,생목살 김치찌개
2023-07-21,20,7,Summer,0,0,0,담하,생목살 김치찌개
2023-07-22,13,7,Summer,1,0,1,담하,생목살 김치찌개
2023-07-23,18,7,Summer,1,0,1,담하,생목살 김치찌개
2023-07-24,15,7,Summer,0,0,0,담하,생목살 김치찌개
2023-07-25,15,7,Summer,0,0,0,담하,생목살 김치찌개
2023-07-26,19,7,Summer,0,0,0,담하,생목살 김치찌개
2023-07-27,17,7,Summer,0,0,0,담하,생목살 김치찌개
2023-07-28,12,7,Summer,0,0,0,담하,생목살 김치찌개
2023-07-29,18,7,Summer,1,0,1,담하,생목살 김치찌개
2023-07-30,14,7,Summer,1,0,1,담하,생목살 김치찌개
2023-07-31,15,7,Summer,0,0,0,담하,생목살 김치찌개
2023-08-01,13,8,Summer,0,0,0,담하,생목살 김치찌개
2023-08-02,15,8,Summer,0,0,0,담하,생목살 김치찌개
2023-08-03,16,8,Summer,0,0,0,담하,생목살 김치찌개
2023-08-04,12,8,Summer,0,0,0,담하,생목살 김치찌개
2023-08-05,21,8,Summer,1,0,1,담하,생목살 김치찌개
2023-08-06,14,8,Summer,1,0,1,담하,생목살 김치찌개
2023-08-07,15,8,Summer,0,0,0,담하,생목살 김치찌개
2023-08-08,16,8,Summer,0,0,0,담하,생목살 김치찌개
2023-08-09,4,8,Summer,0,0,0,담하,생목살 김치찌개
2023-08-10,13,8,Summer,0,0,0,담하,생목살 김치찌개
2023-08-11,11,8,Summer,0,0,0,담하,생목살 김치찌개
2023-08-12,19,8,Summer,1,0,1,담하,생목살 김치찌개
2023-08-13,19,8,Summer,1,0,1,담하,생목살 김치찌개
2023-08-14,11,8,Summer,0,0,0,담하,생목살 김치찌개
2023-08-15,12,8,Summer,0,1,1,담하,생목살 김치찌개
2023-08-16,8,8,Summer,0,0,0,담하,생목살 김치찌개
2023-08-17,13,8,Summer,0,0,0,담하,생목살 김치찌개
2023-08-18,9,8,Summer,0,0,0,담하,생목살 김치찌개
2023-08-19,8,8,Summer,1,0,1,담하,생목살 김치찌개
2023-08-20,6,8,Summer,1,0,1,담하,생목살 김치찌개
2023-08-21,10,8,Summer,0,0,0,담하,생목살 김치찌개
2023-08-22,9,8,Summer,0,0,0,담하,생목살 김치찌개
2023-08-23,6,8,Summer,0,0,0,담하,생목살 김치찌개
2023-08-24,13,8,Summer,0,0,0,담하,생목살 김치찌개
2023-08-25,13,8,Summer,0,0,0,담하,생목살 김치찌개
2023-08-26,13,8,Summer,1,0,1,담하,생목살 김치찌개
2023-08-27,13,8,Summer,1,0,1,담하,생목살 김치찌개
2023-08-28,8,8,Summer,0,0,0,담하,생목살 김치찌개
2023-08-29,4,8,Summer,0,0,0,담하,생목살 김치찌개
2023-08-30,12,8,Summer,0,0,0,담하,생목살 김치찌개
2023-08-31,6,8,Summer,0,0,0,담하,생목살 김치찌개
2023-09-01,6,9,Autumn,0,0,0,담하,생목살 김치찌개
2023-09-02,13,9,Autumn,1,0,1,담하,생목살 김치찌개
2023-09-03,7,9,Autumn,1,0,1,담하,생목살 김치찌개
2023-09-04,4,9,Autumn,0,0,0,담하,생목살 김치찌개
2023-09-05,6,9,Autumn,0,0,0,담하,생목살 김치찌개
2023-09-06,1,9,Autumn,0,0,0,담하,생목살 김치찌개
2023-09-07,8,9,Autumn,0,0,0,담하,생목살 김치찌개
2023-09-08,13,9,Autumn,0,0,0,담하,생목살 김치찌개
2023-09-09,23,9,Autumn,1,0,1,담하,생목살 김치찌개
2023-09-10,9,9,Autumn,1,0,1,담하,생목살 김치찌개
2023-09-11,3,9,Autumn,0,0,0,담하,생목살 김치찌개
2023-09-12,12,9,Autumn,0,0,0,담하,생목살 김치찌개
2023-09-13,3,9,Autumn,0,0,0,담하,생목살 김치찌개
2023-09-14,7,9,Autumn,0,0,0,담하,생목살 김치찌개
2023-09-15,11,9,Autumn,0,0,0,담하,생목살 김치찌개
2023-09-16,9,9,Autumn,1,0,1,담하,생목살 김치찌개
2023-09-17,7,9,Autumn,1,0,1,담하,생목살 김치찌개
2023-09-18,2,9,Autumn,0,0,0,담하,생목살 김치찌개
2023-09-19,5,9,Autumn,0,0,0,담하,생목살 김치찌개
2023-09-20,1,9,Autumn,0,0,0,담하,생목살 김치찌개
2023-09-21,6,9,Autumn,0,0,0,담하,생목살 김치찌개
2023-09-22,5,9,Autumn,0,0,0,담하,생목살 김치찌개
2023-09-23,15,9,Autumn,1,0,1,담하,생목살 김치찌개
2023-09-24,8,9,Autumn,1,0,1,담하,생목살 김치찌개
2023-09-25,10,9,Autumn,0,0,0,담하,생목살 김치찌개
2023-09-26,4,9,Autumn,0,0,0,담하,생목살 김치찌개
2023-09-27,5,9,Autumn,0,0,0,담하,생목살 김치찌개
2023-09-28,17,9,Autumn,0,1,1,담하,생목살 김치찌개
2023-09-29,35,9,Autumn,0,1,1,담하,생목살 김치찌개
2023-09-30,29,9,Autumn,1,1,1,담하,생목살 김치찌개
2023-10-01,30,10,Autumn,1,0,1,담하,생목살 김치찌개
2023-10-02,27,10,Autumn,0,1,1,담하,생목살 김치찌개
2023-10-03,16,10,Autumn,0,1,1,담하,생목살 김치찌개
2023-10-04,3,10,Autumn,0,0,0,담하,생목살 김치찌개
2023-10-05,7,10,Autumn,0,0,0,담하,생목살 김치찌개
2023-10-06,8,10,Autumn,0,0,0,담하,생목살 김치찌개
2023-10-07,24,10,Autumn,1,0,1,담하,생목살 김치찌개
2023-10-08,25,10,Autumn,1,0,1,담하,생목살 김치찌개
2023-10-09,12,10,Autumn,0,1,1,담하,생목살 김치찌개
2023-10-10,13,10,Autumn,0,0,0,담하,생목살 김치찌개
2023-10-11,13,10,Autumn,0,0,0,담하,생목살 김치찌개
2023-10-12,6,10,Autumn,0,0,0,담하,생목살 김치찌개
2023-10-13,19,10,Autumn,0,0,0,담하,생목살 김치찌개
2023-10-14,28,10,Autumn,1,0,1,담하,생목살 김치찌개
2023-10-15,16,10,Autumn,1,0,1,담하,생목살 김치찌개
2023-10-16,12,10,Autumn,0,0,0,담하,생목살 김치찌개
2023-10-17,17,10,Autumn,0,0,0,담하,생목살 김치찌개
2023-10-18,9,10,Autumn,0,0,0,담하,생목살 김치찌개
2023-10-19,17,10,Autumn,0,0,0,담하,생목살 김치찌개
2023-10-20,14,10,Autumn,0,0,0,담하,생목살 김치찌개
2023-10-21,11,10,Autumn,1,0,1,담하,생목살 김치찌개
2023-10-22,26,10,Autumn,1,0,1,담하,생목살 김치찌개
2023-10-23,13,10,Autumn,0,0,0,담하,생목살 김치찌개
2023-10-24,18,10,Autumn,0,0,0,담하,생목살 김치찌개
2023-10-25,40,10,Autumn,0,0,0,담하,생목살 김치찌개
2023-10-26,15,10,Autumn,0,0,0,담하,생목살 김치찌개
2023-10-27,26,10,Autumn,0,0,0,담하,생목살 김치찌개
2023-10-28,13,10,Autumn,1,0,1,담하,생목살 김치찌개
2023-10-29,16,10,Autumn,1,0,1,담하,생목살 김치찌개
2023-10-30,23,10,Autumn,0,0,0,담하,생목살 김치찌개
2023-10-31,21,10,Autumn,0,0,0,담하,생목살 김치찌개
2023-11-01,16,11,Autumn,0,0,0,담하,생목살 김치찌개
2023-11-02,21,11,Autumn,0,0,0,담하,생목살 김치찌개
2023-11-03,19,11,Autumn,0,0,0,담하,생목살 김치찌개
2023-11-04,23,11,Autumn,1,0,1,담하,생목살 김치찌개
2023-11-05,24,11,Autumn,1,0,1,담하,생목살 김치찌개
2023-11-06,19,11,Autumn,0,0,0,담하,생목살 김치찌개
2023-11-07,10,11,Autumn,0,0,0,담하,생목살 김치찌개
2023-11-08,14,11,Autumn,0,0,0,담하,생목살 김치찌개
2023-11-09,41,11,Autumn,0,0,0,담하,생목살 김치찌개
2023-11-10,10,11,Autumn,0,0,0,담하,생목살 김치찌개
2023-11-11,21,11,Autumn,1,0,1,담하,생목살 김치찌개
2023-11-12,21,11,Autumn,1,0,1,담하,생목살 김치찌개
2023-11-13,11,11,Autumn,0,0,0,담하,생목살 김치찌개
2023-11-14,14,11,Autumn,0,0,0,담하,생목살 김치찌개
2023-11-15,15,11,Autumn,0,0,0,담하,생목살 김치찌개
2023-11-16,3,11,Autumn,0,0,0,담하,생목살 김치찌개
2023-11-17,7,11,Autumn,0,0,0,담하,생목살 김치찌개
2023-11-18,8,11,Autumn,1,0,1,담하,생목살 김치찌개
2023-11-19,7,11,Autumn,1,0,1,담하,생목살 김치찌개
2023-11-20,9,11,Autumn,0,0,0,담하,생목살 김치찌개
2023-11-21,5,11,Autumn,0,0,0,담하,생목살 김치찌개
2023-11-22,14,11,Autumn,0,0,0,담하,생목살 김치찌개
2023-11-23,7,11,Autumn,0,0,0,담하,생목살 김치찌개
2023-11-24,6,11,Autumn,0,0,0,담하,생목살 김치찌개
2023-11-25,15,11,Autumn,1,0,1,담하,생목살 김치찌개
2023-11-26,11,11,Autumn,1,0,1,담하,생목살 김치찌개
2023-11-27,4,11,Autumn,0,0,0,담하,생목살 김치찌개
2023-11-28,1,11,Autumn,0,0,0,담하,생목살 김치찌개
2023-11-29,2,11,Autumn,0,0,0,담하,생목살 김치찌개
2023-11-30,13,11,Autumn,0,0,0,담하,생목살 김치찌개
2023-12-01,5,12,Winter,0,0,0,담하,생목살 김치찌개
2023-12-02,7,12,Winter,1,0,1,담하,생목살 김치찌개
2023-12-03,8,12,Winter,1,0,1,담하,생목살 김치찌개
2023-12-04,4,12,Winter,0,0,0,담하,생목살 김치찌개
2023-12-05,8,12,Winter,0,0,0,담하,생목살 김치찌개
2023-12-06,0,12,Winter,0,0,0,담하,생목살 김치찌개
2023-12-07,1,12,Winter,0,0,0,담하,생목살 김치찌개
2023-12-08,2,12,Winter,0,0,0,담하,생목살 김치찌개
2023-12-09,8,12,Winter,1,0,1,담하,생목살 김치찌개
2023-12-10,21,12,Winter,1,0,1,담하,생목살 김치찌개
2023-12-11,4,12,Winter,0,0,0,담하,생목살 김치찌개
2023-12-12,10,12,Winter,0,0,0,담하,생목살 김치찌개
2023-12-13,16,12,Winter,0,0,0,담하,생목살 김치찌개
2023-12-14,4,12,Winter,0,0,0,담하,생목살 김치찌개
2023-12-15,18,12,Winter,0,0,0,담하,생목살 김치찌개
2023-12-16,11,12,Winter,1,0,1,담하,생목살 김치찌개
2023-12-17,8,12,Winter,1,0,1,담하,생목살 김치찌개
2023-12-18,10,12,Winter,0,0,0,담하,생목살 김치찌개
2023-12-19,19,12,Winter,0,0,0,담하,생목살 김치찌개
2023-12-20,19,12,Winter,0,0,0,담하,생목살 김치찌개
2023-12-21,20,12,Winter,0,0,0,담하,생목살 김치찌개
2023-12-22,24,12,Winter,0,0,0,담하,생목살 김치찌개
2023-12-23,20,12,Winter,1,0,1,담하,생목살 김치찌개
2023-12-24,18,12,Winter,1,0,1,담하,생목살 김치찌개
2023-12-25,45,12,Winter,0,1,1,담하,생목살 김치찌개
2023-12-26,34,12,Winter,0,0,0,담하,생목살 김치찌개
2023-12-27,31,12,Winter,0,0,0,담하,생목살 김치찌개
2023-12-28,25,12,Winter,0,0,0,담하,생목살 김치찌개
2023-12-29,17,12,Winter,0,0,0,담하,생목살 김치찌개
2023-12-30,24,12,Winter,1,0,1,담하,생목살 김치찌개
2023-12-31,30,12,Winter,1,0,1,담하,생목살 김치찌개
2024-01-01,34,1,Winter,0,1,1,담하,생목살 김치찌개
2024-01-02,27,1,Winter,0,0,0,담하,생목살 김치찌개
2024-01-03,15,1,Winter,0,0,0,담하,생목살 김치찌개
2024-01-04,20,1,Winter,0,0,0,담하,생목살 김치찌개
2024-01-05,9,1,Winter,0,0,0,담하,생목살 김치찌개
2024-01-06,32,1,Winter,1,0,1,담하,생목살 김치찌개
2024-01-07,26,1,Winter,1,0,1,담하,생목살 김치찌개
2024-01-08,19,1,Winter,0,0,0,담하,생목살 김치찌개
2024-01-09,12,1,Winter,0,0,0,담하,생목살 김치찌개
2024-01-10,17,1,Winter,0,0,0,담하,생목살 김치찌개
2024-01-11,11,1,Winter,0,0,0,담하,생목살 김치찌개
2024-01-12,14,1,Winter,0,0,0,담하,생목살 김치찌개
2024-01-13,36,1,Winter,1,0,1,담하,생목살 김치찌개
2024-01-14,30,1,Winter,1,0,1,담하,생목살 김치찌개
2024-01-15,24,1,Winter,0,0,0,담하,생목살 김치찌개
2024-01-16,18,1,Winter,0,0,0,담하,생목살 김치찌개
2024-01-17,13,1,Winter,0,0,0,담하,생목살 김치찌개
2024-01-18,26,1,Winter,0,0,0,담하,생목살 김치찌개
2024-01-19,16,1,Winter,0,0,0,담하,생목살 김치찌개
2024-01-20,22,1,Winter,1,0,1,담하,생목살 김치찌개
2024-01-21,35,1,Winter,1,0,1,담하,생목살 김치찌개
2024-01-22,27,1,Winter,0,0,0,담하,생목살 김치찌개
2024-01-23,19,1,Winter,0,0,0,담하,생목살 김치찌개
2024-01-24,16,1,Winter,0,0,0,담하,생목살 김치찌개
2024-01-25,15,1,Winter,0,0,0,담하,생목살 김치찌개
2024-01-26,25,1,Winter,0,0,0,담하,생목살 김치찌개
2024-01-27,27,1,Winter,1,0,1,담하,생목살 김치찌개
2024-01-28,33,1,Winter,1,0,1,담하,생목살 김치찌개
2024-01-29,20,1,Winter,0,0,0,담하,생목살 김치찌개
2024-01-30,30,1,Winter,0,0,0,담하,생목살 김치찌개
2024-01-31,11,1,Winter,0,0,0,담하,생목살 김치찌개
2024-02-01,8,2,Winter,0,0,0,담하,생목살 김치찌개
2024-02-02,14,2,Winter,0,0,0,담하,생목살 김치찌개
2024-02-03,23,2,Winter,1,0,1,담하,생목살 김치찌개
2024-02-04,15,2,Winter,1,0,1,담하,생목살 김치찌개
2024-02-05,14,2,Winter,0,0,0,담하,생목살 김치찌개
2024-02-06,6,2,Winter,0,0,0,담하,생목살 김치찌개
2024-02-07,14,2,Winter,0,0,0,담하,생목살 김치찌개
2024-02-08,12,2,Winter,0,0,0,담하,생목살 김치찌개
2024-02-09,23,2,Winter,0,1,1,담하,생목살 김치찌개
2024-02-10,31,2,Winter,1,1,1,담하,생목살 김치찌개
2024-02-11,35,2,Winter,1,1,1,담하,생목살 김치찌개
2024-02-12,35,2,Winter,0,1,1,담하,생목살 김치찌개
2024-02-13,44,2,Winter,0,0,0,담하,생목살 김치찌개
2024-02-14,29,2,Winter,0,0,0,담하,생목살 김치찌개
2024-02-15,19,2,Winter,0,0,0,담하,생목살 김치찌개
2024-02-16,20,2,Winter,0,0,0,담하,생목살 김치찌개
2024-02-17,14,2,Winter,1,0,1,담하,생목살 김치찌개
2024-02-18,30,2,Winter,1,0,1,담하,생목살 김치찌개
2024-02-19,5,2,Winter,0,0,0,담하,생목살 김치찌개
2024-02-20,11,2,Winter,0,0,0,담하,생목살 김치찌개
2024-02-21,13,2,Winter,0,0,0,담하,생목살 김치찌개
2024-02-22,7,2,Winter,0,0,0,담하,생목살 김치찌개
2024-02-23,6,2,Winter,0,0,0,담하,생목살 김치찌개
2024-02-24,19,2,Winter,1,0,1,담하,생목살 김치찌개
2024-02-25,23,2,Winter,1,0,1,담하,생목살 김치찌개
2024-02-26,10,2,Winter,0,0,0,담하,생목살 김치찌개
2024-02-27,7,2,Winter,0,0,0,담하,생목살 김치찌개
2024-02-28,12,2,Winter,0,0,0,담하,생목살 김치찌개
2024-02-29,14,2,Winter,0,0,0,담하,생목살 김치찌개
2024-03-01,17,3,Spring,0,1,1,담하,생목살 김치찌개
2024-03-02,12,3,Spring,1,0,1,담하,생목살 김치찌개
2024-03-03,3,3,Spring,1,0,1,담하,생목살 김치찌개
2024-03-04,0,3,Spring,0,0,0,담하,생목살 김치찌개
2024-03-05,0,3,Spring,0,0,0,담하,생목살 김치찌개
2024-03-06,0,3,Spring,0,0,0,담하,생목살 김치찌개
2024-03-07,0,3,Spring,0,0,0,담하,생목살 김치찌개
2024-03-08,0,3,Spring,0,0,0,담하,생목살 김치찌개
2024-03-09,0,3,Spring,1,0,1,담하,생목살 김치찌개
2024-03-10,0,3,Spring,1,0,1,담하,생목살 김치찌개
2024-03-11,0,3,Spring,0,0,0,담하,생목살 김치찌개
2024-03-12,0,3,Spring,0,0,0,담하,생목살 김치찌개
2024-03-13,7,3,Spring,0,0,0,담하,생목살 김치찌개
2024-03-14,0,3,Spring,0,0,0,담하,생목살 김치찌개
2024-03-15,6,3,Spring,0,0,0,담하,생목살 김치찌개
2024-03-16,4,3,Spring,1,0,1,담하,생목살 김치찌개
2024-03-17,8,3,Spring,1,0,1,담하,생목살 김치찌개
2024-03-18,0,3,Spring,0,0,0,담하,생목살 김치찌개
2024-03-19,2,3,Spring,0,0,0,담하,생목살 김치찌개
2024-03-20,2,3,Spring,0,0,0,담하,생목살 김치찌개
2024-03-21,1,3,Spring,0,0,0,담하,생목살 김치찌개
2024-03-22,8,3,Spring,0,0,0,담하,생목살 김치찌개
2024-03-23,10,3,Spring,1,0,1,담하,생목살 김치찌개
2024-03-24,4,3,Spring,1,0,1,담하,생목살 김치찌개
2024-03-25,10,3,Spring,0,0,0,담하,생목살 김치찌개
2024-03-26,3,3,Spring,0,0,0,담하,생목살 김치찌개
2024-03-27,2,3,Spring,0,0,0,담하,생목살 김치찌개
2024-03-28,7,3,Spring,0,0,0,담하,생목살 김치찌개
2024-03-29,9,3,Spring,0,0,0,담하,생목살 김치찌개
2024-03-30,14,3,Spring,1,0,1,담하,생목살 김치찌개
2024-03-31,9,3,Spring,1,0,1,담하,생목살 김치찌개
2024-04-01,1,4,Spring,0,0,0,담하,생목살 김치찌개
2024-04-02,8,4,Spring,0,0,0,담하,생목살 김치찌개
2024-04-03,12,4,Spring,0,0,0,담하,생목살 김치찌개
2024-04-04,6,4,Spring,0,0,0,담하,생목살 김치찌개
2024-04-05,15,4,Spring,0,0,0,담하,생목살 김치찌개
2024-04-06,28,4,Spring,1,0,1,담하,생목살 김치찌개
2024-04-07,9,4,Spring,1,0,1,담하,생목살 김치찌개
2024-04-08,3,4,Spring,0,0,0,담하,생목살 김치찌개
2024-04-09,15,4,Spring,0,0,0,담하,생목살 김치찌개
2024-04-10,20,4,Spring,0,1,1,담하,생목살 김치찌개
2024-04-11,16,4,Spring,0,0,0,담하,생목살 김치찌개
2024-04-12,12,4,Spring,0,0,0,담하,생목살 김치찌개
2024-04-13,24,4,Spring,1,0,1,담하,생목살 김치찌개
2024-04-14,15,4,Spring,1,0,1,담하,생목살 김치찌개
2024-04-15,14,4,Spring,0,0,0,담하,생목살 김치찌개
2024-04-16,9,4,Spring,0,0,0,담하,생목살 김치찌개
2024-04-17,5,4,Spring,0,0,0,담하,생목살 김치찌개
2024-04-18,8,4,Spring,0,0,0,담하,생목살 김치찌개
2024-04-19,9,4,Spring,0,0,0,담하,생목살 김치찌개
2024-04-20,33,4,Spring,1,0,1,담하,생목살 김치찌개
2024-04-21,22,4,Spring,1,0,1,담하,생목살 김치찌개
2024-04-22,5,4,Spring,0,0,0,담하,생목살 김치찌개
2024-04-23,3,4,Spring,0,0,0,담하,생목살 김치찌개
2024-04-24,18,4,Spring,0,0,0,담하,생목살 김치찌개
2024-04-25,18,4,Spring,0,0,0,담하,생목살 김치찌개
2024-04-26,12,4,Spring,0,0,0,담하,생목살 김치찌개
2024-04-27,18,4,Spring,1,0,1,담하,생목살 김치찌개
2024-04-28,17,4,Spring,1,0,1,담하,생목살 김치찌개
2024-04-29,4,4,Spring,0,0,0,담하,생목살 김치찌개
2024-04-30,7,4,Spring,0,0,0,담하,생목살 김치찌개
2024-05-01,6,5,Spring,0,0,0,담하,생목살 김치찌개
2024-05-02,8,5,Spring,0,0,0,담하,생목살 김치찌개
2024-05-03,11,5,Spring,0,0,0,담하,생목살 김치찌개
2024-05-04,27,5,Spring,1,0,1,담하,생목살 김치찌개
2024-05-05,52,5,Spring,1,1,1,담하,생목살 김치찌개
2024-05-06,23,5,Spring,0,1,1,담하,생목살 김치찌개
2024-05-07,0,5,Spring,0,0,0,담하,생목살 김치찌개
2024-05-08,4,5,Spring,0,0,0,담하,생목살 김치찌개
2024-05-09,3,5,Spring,0,0,0,담하,생목살 김치찌개
2024-05-10,15,5,Spring,0,0,0,담하,생목살 김치찌개
2024-05-11,26,5,Spring,1,0,1,담하,생목살 김치찌개
2024-05-12,9,5,Spring,1,0,1,담하,생목살 김치찌개
2024-05-13,5,5,Spring,0,0,0,담하,생목살 김치찌개
2024-05-14,11,5,Spring,0,0,0,담하,생목살 김치찌개
2024-05-15,9,5,Spring,0,1,1,담하,생목살 김치찌개
2024-05-16,5,5,Spring,0,0,0,담하,생목살 김치찌개
2024-05-17,7,5,Spring,0,0,0,담하,생목살 김치찌개
2024-05-18,13,5,Spring,1,0,1,담하,생목살 김치찌개
2024-05-19,11,5,Spring,1,0,1,담하,생목살 김치찌개
2024-05-20,9,5,Spring,0,0,0,담하,생목살 김치찌개
2024-05-21,13,5,Spring,0,0,0,담하,생목살 김치찌개
2024-05-22,24,5,Spring,0,0,0,담하,생목살 김치찌개
2024-05-23,6,5,Spring,0,0,0,담하,생목살 김치찌개
2024-05-24,16,5,Spring,0,0,0,담하,생목살 김치찌개
2024-05-25,11,5,Spring,1,0,1,담하,생목살 김치찌개
2024-05-26,7,5,Spring,1,0,1,담하,생목살 김치찌개
2024-05-27,7,5,Spring,0,0,0,담하,생목살 김치찌개
2024-05-28,12,5,Spring,0,0,0,담하,생목살 김치찌개
2024-05-29,3,5,Spring,0,0,0,담하,생목살 김치찌개
2024-05-30,4,5,Spring,0,0,0,담하,생목살 김치찌개
2024-05-31,6,5,Spring,0,0,0,담하,생목살 김치찌개
2024-06-01,16,6,Summer,1,0,1,담하,생목살 김치찌개
2024-06-02,3,6,Summer,1,0,1,담하,생목살 김치찌개
2024-06-03,1,6,Summer,0,0,0,담하,생목살 김치찌개
2024-06-04,6,6,Summer,0,0,0,담하,생목살 김치찌개
2024-06-05,7,6,Summer,0,0,0,담하,생목살 김치찌개
2024-06-06,20,6,Summer,0,1,1,담하,생목살 김치찌개
2024-06-07,17,6,Summer,0,0,0,담하,생목살 김치찌개
2024-06-08,13,6,Summer,1,0,1,담하,생목살 김치찌개
2024-06-09,4,6,Summer,1,0,1,담하,생목살 김치찌개
2024-06-10,0,6,Summer,0,0,0,담하,생목살 김치찌개
2024-06-11,6,6,Summer,0,0,0,담하,생목살 김치찌개
2024-06-12,1,6,Summer,0,0,0,담하,생목살 김치찌개
2024-06-13,5,6,Summer,0,0,0,담하,생목살 김치찌개
2024-06-14,10,6,Summer,0,0,0,담하,생목살 김치찌개
2024-06-15,14,6,Summer,1,0,1,담하,생목살 김치찌개
2023-01-01,2,1,Winter,1,1,1,담하,스프라이트
2023-01-02,1,1,Winter,0,0,0,담하,스프라이트
2023-01-03,3,1,Winter,0,0,0,담하,스프라이트
2023-01-04,0,1,Winter,0,0,0,담하,스프라이트
2023-01-05,0,1,Winter,0,0,0,담하,스프라이트
2023-01-06,1,1,Winter,0,0,0,담하,스프라이트
2023-01-07,2,1,Winter,1,0,1,담하,스프라이트
2023-01-08,3,1,Winter,1,0,1,담하,스프라이트
2023-01-09,0,1,Winter,0,0,0,담하,스프라이트
2023-01-10,4,1,Winter,0,0,0,담하,스프라이트
2023-01-11,1,1,Winter,0,0,0,담하,스프라이트
2023-01-12,6,1,Winter,0,0,0,담하,스프라이트
2023-01-13,0,1,Winter,0,0,0,담하,스프라이트
2023-01-14,1,1,Winter,1,0,1,담하,스프라이트
2023-01-15,4,1,Winter,1,0,1,담하,스프라이트
2023-01-16,23,1,Winter,0,0,0,담하,스프라이트
2023-01-17,0,1,Winter,0,0,0,담하,스프라이트
2023-01-18,4,1,Winter,0,0,0,담하,스프라이트
2023-01-19,0,1,Winter,0,0,0,담하,스프라이트
2023-01-20,1,1,Winter,0,0,0,담하,스프라이트
2023-01-21,11,1,Winter,1,1,1,담하,스프라이트
2023-01-22,0,1,Winter,1,1,1,담하,스프라이트
2023-01-23,7,1,Winter,0,1,1,담하,스프라이트
2023-01-24,0,1,Winter,0,1,1,담하,스프라이트
2023-01-25,0,1,Winter,0,0,0,담하,스프라이트
2023-01-26,2,1,Winter,0,0,0,담하,스프라이트
2023-01-27,4,1,Winter,0,0,0,담하,스프라이트
2023-01-28,6,1,Winter,1,0,1,담하,스프라이트
2023-01-29,5,1,Winter,1,0,1,담하,스프라이트
2023-01-30,1,1,Winter,0,0,0,담하,스프라이트
2023-01-31,13,1,Winter,0,0,0,담하,스프라이트
2023-02-01,1,2,Winter,0,0,0,담하,스프라이트
2023-02-02,10,2,Winter,0,0,0,담하,스프라이트
2023-02-03,2,2,Winter,0,0,0,담하,스프라이트
2023-02-04,1,2,Winter,1,0,1,담하,스프라이트
2023-02-05,0,2,Winter,1,0,1,담하,스프라이트
2023-02-06,8,2,Winter,0,0,0,담하,스프라이트
2023-02-07,14,2,Winter,0,0,0,담하,스프라이트
2023-02-08,1,2,Winter,0,0,0,담하,스프라이트
2023-02-09,1,2,Winter,0,0,0,담하,스프라이트
2023-02-10,6,2,Winter,0,0,0,담하,스프라이트
2023-02-11,3,2,Winter,1,0,1,담하,스프라이트
2023-02-12,1,2,Winter,1,0,1,담하,스프라이트
2023-02-13,2,2,Winter,0,0,0,담하,스프라이트
2023-02-14,3,2,Winter,0,0,0,담하,스프라이트
2023-02-15,0,2,Winter,0,0,0,담하,스프라이트
2023-02-16,4,2,Winter,0,0,0,담하,스프라이트
2023-02-17,1,2,Winter,0,0,0,담하,스프라이트
2023-02-18,8,2,Winter,1,0,1,담하,스프라이트
2023-02-19,3,2,Winter,1,0,1,담하,스프라이트
2023-02-20,0,2,Winter,0,0,0,담하,스프라이트
2023-02-21,2,2,Winter,0,0,0,담하,스프라이트
2023-02-22,0,2,Winter,0,0,0,담하,스프라이트
2023-02-23,2,2,Winter,0,0,0,담하,스프라이트
2023-02-24,4,2,Winter,0,0,0,담하,스프라이트
2023-02-25,3,2,Winter,1,0,1,담하,스프라이트
2023-02-26,3,2,Winter,1,0,1,담하,스프라이트
2023-02-27,0,2,Winter,0,0,0,담하,스프라이트
2023-02-28,0,2,Winter,0,0,0,담하,스프라이트
2023-03-01,0,3,Spring,0,1,1,담하,스프라이트
2023-03-02,0,3,Spring,0,0,0,담하,스프라이트
2023-03-03,0,3,Spring,0,0,0,담하,스프라이트
2023-03-04,0,3,Spring,1,0,1,담하,스프라이트
2023-03-05,0,3,Spring,1,0,1,담하,스프라이트
2023-03-06,0,3,Spring,0,0,0,담하,스프라이트
2023-03-07,0,3,Spring,0,0,0,담하,스프라이트
2023-03-08,0,3,Spring,0,0,0,담하,스프라이트
2023-03-09,0,3,Spring,0,0,0,담하,스프라이트
2023-03-10,0,3,Spring,0,0,0,담하,스프라이트
2023-03-11,2,3,Spring,1,0,1,담하,스프라이트
2023-03-12,1,3,Spring,1,0,1,담하,스프라이트
2023-03-13,0,3,Spring,0,0,0,담하,스프라이트
2023-03-14,1,3,Spring,0,0,0,담하,스프라이트
2023-03-15,0,3,Spring,0,0,0,담하,스프라이트
2023-03-16,0,3,Spring,0,0,0,담하,스프라이트
2023-03-17,0,3,Spring,0,0,0,담하,스프라이트
2023-03-18,2,3,Spring,1,0,1,담하,스프라이트
2023-03-19,0,3,Spring,1,0,1,담하,스프라이트
2023-03-20,0,3,Spring,0,0,0,담하,스프라이트
2023-03-21,1,3,Spring,0,0,0,담하,스프라이트
2023-03-22,0,3,Spring,0,0,0,담하,스프라이트
2023-03-23,0,3,Spring,0,0,0,담하,스프라이트
2023-03-24,0,3,Spring,0,0,0,담하,스프라이트
2023-03-25,0,3,Spring,1,0,1,담하,스프라이트
2023-03-26,0,3,Spring,1,0,1,담하,스프라이트
2023-03-27,0,3,Spring,0,0,0,담하,스프라이트
2023-03-28,0,3,Spring,0,0,0,담하,스프라이트
2023-03-29,0,3,Spring,0,0,0,담하,스프라이트
2023-03-30,0,3,Spring,0,0,0,담하,스프라이트
2023-03-31,0,3,Spring,0,0,0,담하,스프라이트
2023-04-01,3,4,Spring,1,0,1,담하,스프라이트
2023-04-02,1,4,Spring,1,0,1,담하,스프라이트
2023-04-03,0,4,Spring,0,0,0,담하,스프라이트
2023-04-04,0,4,Spring,0,0,0,담하,스프라이트
2023-04-05,0,4,Spring,0,0,0,담하,스프라이트
2023-04-06,0,4,Spring,0,0,0,담하,스프라이트
2023-04-07,0,4,Spring,0,0,0,담하,스프라이트
2023-04-08,1,4,Spring,1,0,1,담하,스프라이트
2023-04-09,0,4,Spring,1,0,1,담하,스프라이트
2023-04-10,0,4,Spring,0,0,0,담하,스프라이트
2023-04-11,1,4,Spring,0,0,0,담하,스프라이트
2023-04-12,0,4,Spring,0,0,0,담하,스프라이트
2023-04-13,8,4,Spring,0,0,0,담하,스프라이트
2023-04-14,1,4,Spring,0,0,0,담하,스프라이트
2023-04-15,0,4,Spring,1,0,1,담하,스프라이트
2023-04-16,0,4,Spring,1,0,1,담하,스프라이트
2023-04-17,0,4,Spring,0,0,0,담하,스프라이트
2023-04-18,0,4,Spring,0,0,0,담하,스프라이트
2023-04-19,0,4,Spring,0,0,0,담하,스프라이트
2023-04-20,0,4,Spring,0,0,0,담하,스프라이트
2023-04-21,1,4,Spring,0,0,0,담하,스프라이트
2023-04-22,2,4,Spring,1,0,1,담하,스프라이트
2023-04-23,1,4,Spring,1,0,1,담하,스프라이트
2023-04-24,0,4,Spring,0,0,0,담하,스프라이트
2023-04-25,0,4,Spring,0,0,0,담하,스프라이트
2023-04-26,0,4,Spring,0,0,0,담하,스프라이트
2023-04-27,0,4,Spring,0,0,0,담하,스프라이트
2023-04-28,2,4,Spring,0,0,0,담하,스프라이트
2023-04-29,0,4,Spring,1,0,1,담하,스프라이트
2023-04-30,2,4,Spring,1,0,1,담하,스프라이트
2023-05-01,0,5,Spring,0,0,0,담하,스프라이트
2023-05-02,1,5,Spring,0,0,0,담하,스프라이트
2023-05-03,0,5,Spring,0,0,0,담하,스프라이트
2023-05-04,1,5,Spring,0,0,0,담하,스프라이트
2023-05-05,1,5,Spring,0,1,1,담하,스프라이트
2023-05-06,4,5,Spring,1,0,1,담하,스프라이트
2023-05-07,3,5,Spring,1,0,1,담하,스프라이트
2023-05-08,0,5,Spring,0,0,0,담하,스프라이트
2023-05-09,0,5,Spring,0,0,0,담하,스프라이트
2023-05-10,2,5,Spring,0,0,0,담하,스프라이트
2023-05-11,0,5,Spring,0,0,0,담하,스프라이트
2023-05-12,0,5,Spring,0,0,0,담하,스프라이트
2023-05-13,2,5,Spring,1,0,1,담하,스프라이트
2023-05-14,1,5,Spring,1,0,1,담하,스프라이트
2023-05-15,0,5,Spring,0,0,0,담하,스프라이트
2023-05-16,1,5,Spring,0,0,0,담하,스프라이트
2023-05-17,1,5,Spring,0,0,0,담하,스프라이트
2023-05-18,0,5,Spring,0,0,0,담하,스프라이트
2023-05-19,0,5,Spring,0,0,0,담하,스프라이트
2023-05-20,0,5,Spring,1,0,1,담하,스프라이트
2023-05-21,1,5,Spring,1,0,1,담하,스프라이트
2023-05-22,0,5,Spring,0,0,0,담하,스프라이트
2023-05-23,0,5,Spring,0,0,0,담하,스프라이트
2023-05-24,0,5,Spring,0,0,0,담하,스프라이트
2023-05-25,8,5,Spring,0,0,0,담하,스프라이트
2023-05-26,0,5,Spring,0,0,0,담하,스프라이트
2023-05-27,1,5,Spring,1,1,1,담하,스프라이트
2023-05-28,1,5,Spring,1,0,1,담하,스프라이트
2023-05-29,7,5,Spring,0,1,1,담하,스프라이트
2023-05-30,0,5,Spring,0,0,0,담하,스프라이트
2023-05-31,0,5,Spring,0,0,0,담하,스프라이트
2023-06-01,0,6,Summer,0,0,0,담하,스프라이트
2023-06-02,1,6,Summer,0,0,0,담하,스프라이트
2023-06-03,2,6,Summer,1,0,1,담하,스프라이트
2023-06-04,2,6,Summer,1,0,1,담하,스프라이트
2023-06-05,2,6,Summer,0,0,0,담하,스프라이트
2023-06-06,1,6,Summer,0,1,1,담하,스프라이트
2023-06-07,0,6,Summer,0,0,0,담하,스프라이트
2023-06-08,0,6,Summer,0,0,0,담하,스프라이트
2023-06-09,1,6,Summer,0,0,0,담하,스프라이트
2023-06-10,0,6,Summer,1,0,1,담하,스프라이트
2023-06-11,0,6,Summer,1,0,1,담하,스프라이트
2023-06-12,0,6,Summer,0,0,0,담하,스프라이트
2023-06-13,0,6,Summer,0,0,0,담하,스프라이트
2023-06-14,1,6,Summer,0,0,0,담하,스프라이트
2023-06-15,0,6,Summer,0,0,0,담하,스프라이트
2023-06-16,0,6,Summer,0,0,0,담하,스프라이트
2023-06-17,3,6,Summer,1,0,1,담하,스프라이트
2023-06-18,0,6,Summer,1,0,1,담하,스프라이트
2023-06-19,0,6,Summer,0,0,0,담하,스프라이트
2023-06-20,0,6,Summer,0,0,0,담하,스프라이트
2023-06-21,0,6,Summer,0,0,0,담하,스프라이트
2023-06-22,0,6,Summer,0,0,0,담하,스프라이트
2023-06-23,2,6,Summer,0,0,0,담하,스프라이트
2023-06-24,2,6,Summer,1,0,1,담하,스프라이트
2023-06-25,0,6,Summer,1,0,1,담하,스프라이트
2023-06-26,3,6,Summer,0,0,0,담하,스프라이트
2023-06-27,0,6,Summer,0,0,0,담하,스프라이트
2023-06-28,0,6,Summer,0,0,0,담하,스프라이트
2023-06-29,1,6,Summer,0,0,0,담하,스프라이트
2023-06-30,0,6,Summer,0,0,0,담하,스프라이트
2023-07-01,3,7,Summer,1,0,1,담하,스프라이트
2023-07-02,0,7,Summer,1,0,1,담하,스프라이트
2023-07-03,0,7,Summer,0,0,0,담하,스프라이트
2023-07-04,0,7,Summer,0,0,0,담하,스프라이트
2023-07-05,0,7,Summer,0,0,0,담하,스프라이트
2023-07-06,0,7,Summer,0,0,0,담하,스프라이트
2023-07-07,0,7,Summer,0,0,0,담하,스프라이트
2023-07-08,6,7,Summer,1,0,1,담하,스프라이트
2023-07-09,0,7,Summer,1,0,1,담하,스프라이트
2023-07-10,0,7,Summer,0,0,0,담하,스프라이트
2023-07-11,0,7,Summer,0,0,0,담하,스프라이트
2023-07-12,0,7,Summer,0,0,0,담하,스프라이트
2023-07-13,0,7,Summer,0,0,0,담하,스프라이트
2023-07-14,0,7,Summer,0,0,0,담하,스프라이트
2023-07-15,0,7,Summer,1,0,1,담하,스프라이트
2023-07-16,1,7,Summer,1,0,1,담하,스프라이트
2023-07-17,0,7,Summer,0,0,0,담하,스프라이트
2023-07-18,0,7,Summer,0,0,0,담하,스프라이트
2023-07-19,1,7,Summer,0,0,0,담하,스프라이트
2023-07-20,1,7,Summer,0,0,0,담하,스프라이트
2023-07-21,1,7,Summer,0,0,0,담하,스프라이트
2023-07-22,0,7,Summer,1,0,1,담하,스프라이트
2023-07-23,0,7,Summer,1,0,1,담하,스프라이트
2023-07-24,0,7,Summer,0,0,0,담하,스프라이트
2023-07-25,0,7,Summer,0,0,0,담하,스프라이트
2023-07-26,0,7,Summer,0,0,0,담하,스프라이트
2023-07-27,2,7,Summer,0,0,0,담하,스프라이트
2023-07-28,0,7,Summer,0,0,0,담하,스프라이트
2023-07-29,3,7,Summer,1,0,1,담하,스프라이트
2023-07-30,0,7,Summer,1,0,1,담하,스프라이트
2023-07-31,5,7,Summer,0,0,0,담하,스프라이트
2023-08-01,1,8,Summer,0,0,0,담하,스프라이트
2023-08-02,2,8,Summer,0,0,0,담하,스프라이트
2023-08-03,0,8,Summer,0,0,0,담하,스프라이트
2023-08-04,1,8,Summer,0,0,0,담하,스프라이트
2023-08-05,0,8,Summer,1,0,1,담하,스프라이트
2023-08-06,0,8,Summer,1,0,1,담하,스프라이트
2023-08-07,3,8,Summer,0,0,0,담하,스프라이트
2023-08-08,0,8,Summer,0,0,0,담하,스프라이트
2023-08-09,0,8,Summer,0,0,0,담하,스프라이트
2023-08-10,1,8,Summer,0,0,0,담하,스프라이트
2023-08-11,0,8,Summer,0,0,0,담하,스프라이트
2023-08-12,0,8,Summer,1,0,1,담하,스프라이트
2023-08-13,2,8,Summer,1,0,1,담하,스프라이트
2023-08-14,1,8,Summer,0,0,0,담하,스프라이트
2023-08-15,1,8,Summer,0,1,1,담하,스프라이트
2023-08-16,0,8,Summer,0,0,0,담하,스프라이트
2023-08-17,0,8,Summer,0,0,0,담하,스프라이트
2023-08-18,1,8,Summer,0,0,0,담하,스프라이트
2023-08-19,0,8,Summer,1,0,1,담하,스프라이트
2023-08-20,1,8,Summer,1,0,1,담하,스프라이트
2023-08-21,0,8,Summer,0,0,0,담하,스프라이트
2023-08-22,0,8,Summer,0,0,0,담하,스프라이트
2023-08-23,0,8,Summer,0,0,0,담하,스프라이트
2023-08-24,0,8,Summer,0,0,0,담하,스프라이트
2023-08-25,0,8,Summer,0,0,0,담하,스프라이트
2023-08-26,0,8,Summer,1,0,1,담하,스프라이트
2023-08-27,0,8,Summer,1,0,1,담하,스프라이트
2023-08-28,0,8,Summer,0,0,0,담하,스프라이트
2023-08-29,0,8,Summer,0,0,0,담하,스프라이트
2023-08-30,0,8,Summer,0,0,0,담하,스프라이트
2023-08-31,0,8,Summer,0,0,0,담하,스프라이트
2023-09-01,1,9,Autumn,0,0,0,담하,스프라이트
2023-09-02,1,9,Autumn,1,0,1,담하,스프라이트
2023-09-03,0,9,Autumn,1,0,1,담하,스프라이트
2023-09-04,0,9,Autumn,0,0,0,담하,스프라이트
2023-09-05,2,9,Autumn,0,0,0,담하,스프라이트
2023-09-06,0,9,Autumn,0,0,0,담하,스프라이트
2023-09-07,0,9,Autumn,0,0,0,담하,스프라이트
2023-09-08,0,9,Autumn,0,0,0,담하,스프라이트
2023-09-09,0,9,Autumn,1,0,1,담하,스프라이트
2023-09-10,0,9,Autumn,1,0,1,담하,스프라이트
2023-09-11,0,9,Autumn,0,0,0,담하,스프라이트
2023-09-12,0,9,Autumn,0,0,0,담하,스프라이트
2023-09-13,0,9,Autumn,0,0,0,담하,스프라이트
2023-09-14,0,9,Autumn,0,0,0,담하,스프라이트
2023-09-15,0,9,Autumn,0,0,0,담하,스프라이트
2023-09-16,1,9,Autumn,1,0,1,담하,스프라이트
2023-09-17,0,9,Autumn,1,0,1,담하,스프라이트
2023-09-18,0,9,Autumn,0,0,0,담하,스프라이트
2023-09-19,0,9,Autumn,0,0,0,담하,스프라이트
2023-09-20,0,9,Autumn,0,0,0,담하,스프라이트
2023-09-21,1,9,Autumn,0,0,0,담하,스프라이트
2023-09-22,0,9,Autumn,0,0,0,담하,스프라이트
2023-09-23,1,9,Autumn,1,0,1,담하,스프라이트
2023-09-24,2,9,Autumn,1,0,1,담하,스프라이트
2023-09-25,0,9,Autumn,0,0,0,담하,스프라이트
2023-09-26,0,9,Autumn,0,0,0,담하,스프라이트
2023-09-27,0,9,Autumn,0,0,0,담하,스프라이트
2023-09-28,0,9,Autumn,0,1,1,담하,스프라이트
2023-09-29,4,9,Autumn,0,1,1,담하,스프라이트
2023-09-30,4,9,Autumn,1,1,1,담하,스프라이트
2023-10-01,0,10,Autumn,1,0,1,담하,스프라이트
2023-10-02,0,10,Autumn,0,1,1,담하,스프라이트
2023-10-03,0,10,Autumn,0,1,1,담하,스프라이트
2023-10-04,0,10,Autumn,0,0,0,담하,스프라이트
2023-10-05,0,10,Autumn,0,0,0,담하,스프라이트
2023-10-06,1,10,Autumn,0,0,0,담하,스프라이트
2023-10-07,0,10,Autumn,1,0,1,담하,스프라이트
2023-10-08,2,10,Autumn,1,0,1,담하,스프라이트
2023-10-09,3,10,Autumn,0,1,1,담하,스프라이트
2023-10-10,0,10,Autumn,0,0,0,담하,스프라이트
2023-10-11,0,10,Autumn,0,0,0,담하,스프라이트
2023-10-12,0,10,Autumn,0,0,0,담하,스프라이트
2023-10-13,2,10,Autumn,0,0,0,담하,스프라이트
2023-10-14,6,10,Autumn,1,0,1,담하,스프라이트
2023-10-15,1,10,Autumn,1,0,1,담하,스프라이트
2023-10-16,0,10,Autumn,0,0,0,담하,스프라이트
2023-10-17,2,10,Autumn,0,0,0,담하,스프라이트
2023-10-18,1,10,Autumn,0,0,0,담하,스프라이트
2023-10-19,0,10,Autumn,0,0,0,담하,스프라이트
2023-10-20,0,10,Autumn,0,0,0,담하,스프라이트
2023-10-21,4,10,Autumn,1,0,1,담하,스프라이트
2023-10-22,3,10,Autumn,1,0,1,담하,스프라이트
2023-10-23,1,10,Autumn,0,0,0,담하,스프라이트
2023-10-24,2,10,Autumn,0,0,0,담하,스프라이트
2023-10-25,1,10,Autumn,0,0,0,담하,스프라이트
2023-10-26,2,10,Autumn,0,0,0,담하,스프라이트
2023-10-27,0,10,Autumn,0,0,0,담하,스프라이트
2023-10-28,0,10,Autumn,1,0,1,담하,스프라이트
2023-10-29,1,10,Autumn,1,0,1,담하,스프라이트
2023-10-30,5,10,Autumn,0,0,0,담하,스프라이트
2023-10-31,0,10,Autumn,0,0,0,담하,스프라이트
2023-11-01,0,11,Autumn,0,0,0,담하,스프라이트
2023-11-02,1,11,Autumn,0,0,0,담하,스프라이트
2023-11-03,0,11,Autumn,0,0,0,담하,스프라이트
2023-11-04,0,11,Autumn,1,0,1,담하,스프라이트
2023-11-05,0,11,Autumn,1,0,1,담하,스프라이트
2023-11-06,1,11,Autumn,0,0,0,담하,스프라이트
2023-11-07,2,11,Autumn,0,0,0,담하,스프라이트
2023-11-08,1,11,Autumn,0,0,0,담하,스프라이트
2023-11-09,0,11,Autumn,0,0,0,담하,스프라이트
2023-11-10,0,11,Autumn,0,0,0,담하,스프라이트
2023-11-11,2,11,Autumn,1,0,1,담하,스프라이트
2023-11-12,1,11,Autumn,1,0,1,담하,스프라이트
2023-11-13,0,11,Autumn,0,0,0,담하,스프라이트
2023-11-14,1,11,Autumn,0,0,0,담하,스프라이트
2023-11-15,0,11,Autumn,0,0,0,담하,스프라이트
2023-11-16,1,11,Autumn,0,0,0,담하,스프라이트
2023-11-17,0,11,Autumn,0,0,0,담하,스프라이트
2023-11-18,2,11,Autumn,1,0,1,담하,스프라이트
2023-11-19,0,11,Autumn,1,0,1,담하,스프라이트
2023-11-20,0,11,Autumn,0,0,0,담하,스프라이트
2023-11-21,0,11,Autumn,0,0,0,담하,스프라이트
2023-11-22,0,11,Autumn,0,0,0,담하,스프라이트
2023-11-23,2,11,Autumn,0,0,0,담하,스프라이트
2023-11-24,0,11,Autumn,0,0,0,담하,스프라이트
2023-11-25,13,11,Autumn,1,0,1,담하,스프라이트
2023-11-26,0,11,Autumn,1,0,1,담하,스프라이트
2023-11-27,1,11,Autumn,0,0,0,담하,스프라이트
2023-11-28,0,11,Autumn,0,0,0,담하,스프라이트
2023-11-29,1,11,Autumn,0,0,0,담하,스프라이트
2023-11-30,0,11,Autumn,0,0,0,담하,스프라이트
2023-12-01,0,12,Winter,0,0,0,담하,스프라이트
2023-12-02,7,12,Winter,1,0,1,담하,스프라이트
2023-12-03,0,12,Winter,1,0,1,담하,스프라이트
2023-12-04,0,12,Winter,0,0,0,담하,스프라이트
2023-12-05,0,12,Winter,0,0,0,담하,스프라이트
2023-12-06,0,12,Winter,0,0,0,담하,스프라이트
2023-12-07,0,12,Winter,0,0,0,담하,스프라이트
2023-12-08,1,12,Winter,0,0,0,담하,스프라이트
2023-12-09,4,12,Winter,1,0,1,담하,스프라이트
2023-12-10,0,12,Winter,1,0,1,담하,스프라이트
2023-12-11,0,12,Winter,0,0,0,담하,스프라이트
2023-12-12,0,12,Winter,0,0,0,담하,스프라이트
2023-12-13,0,12,Winter,0,0,0,담하,스프라이트
2023-12-14,0,12,Winter,0,0,0,담하,스프라이트
2023-12-15,1,12,Winter,0,0,0,담하,스프라이트
2023-12-16,1,12,Winter,1,0,1,담하,스프라이트
2023-12-17,0,12,Winter,1,0,1,담하,스프라이트
2023-12-18,2,12,Winter,0,0,0,담하,스프라이트
2023-12-19,1,12,Winter,0,0,0,담하,스프라이트
2023-12-20,1,12,Winter,0,0,0,담하,스프라이트
2023-12-21,3,12,Winter,0,0,0,담하,스프라이트
2023-12-22,1,12,Winter,0,0,0,담하,스프라이트
2023-12-23,0,12,Winter,1,0,1,담하,스프라이트
2023-12-24,0,12,Winter,1,0,1,담하,스프라이트
2023-12-25,3,12,Winter,0,1,1,담하,스프라이트
2023-12-26,2,12,Winter,0,0,0,담하,스프라이트
2023-12-27,0,12,Winter,0,0,0,담하,스프라이트
2023-12-28,3,12,Winter,0,0,0,담하,스프라이트
2023-12-29,0,12,Winter,0,0,0,담하,스프라이트
2023-12-30,4,12,Winter,1,0,1,담하,스프라이트
2023-12-31,3,12,Winter,1,0,1,담하,스프라이트
2024-01-01,3,1,Winter,0,1,1,담하,스프라이트
2024-01-02,8,1,Winter,0,0,0,담하,스프라이트
2024-01-03,1,1,Winter,0,0,0,담하,스프라이트
2024-01-04,1,1,Winter,0,0,0,담하,스프라이트
2024-01-05,0,1,Winter,0,0,0,담하,스프라이트
2024-01-06,2,1,Winter,1,0,1,담하,스프라이트
2024-01-07,1,1,Winter,1,0,1,담하,스프라이트
2024-01-08,1,1,Winter,0,0,0,담하,스프라이트
2024-01-09,3,1,Winter,0,0,0,담하,스프라이트
2024-01-10,0,1,Winter,0,0,0,담하,스프라이트
2024-01-11,0,1,Winter,0,0,0,담하,스프라이트
2024-01-12,3,1,Winter,0,0,0,담하,스프라이트
2024-01-13,2,1,Winter,1,0,1,담하,스프라이트
2024-01-14,3,1,Winter,1,0,1,담하,스프라이트
2024-01-15,1,1,Winter,0,0,0,담하,스프라이트
2024-01-16,0,1,Winter,0,0,0,담하,스프라이트
2024-01-17,0,1,Winter,0,0,0,담하,스프라이트
2024-01-18,0,1,Winter,0,0,0,담하,스프라이트
2024-01-19,0,1,Winter,0,0,0,담하,스프라이트
2024-01-20,2,1,Winter,1,0,1,담하,스프라이트
2024-01-21,1,1,Winter,1,0,1,담하,스프라이트
2024-01-22,0,1,Winter,0,0,0,담하,스프라이트
2024-01-23,4,1,Winter,0,0,0,담하,스프라이트
2024-01-24,1,1,Winter,0,0,0,담하,스프라이트
2024-01-25,0,1,Winter,0,0,0,담하,스프라이트
2024-01-26,2,1,Winter,0,0,0,담하,스프라이트
2024-01-27,0,1,Winter,1,0,1,담하,스프라이트
2024-01-28,7,1,Winter,1,0,1,담하,스프라이트
2024-01-29,0,1,Winter,0,0,0,담하,스프라이트
2024-01-30,0,1,Winter,0,0,0,담하,스프라이트
2024-01-31,0,1,Winter,0,0,0,담하,스프라이트
2024-02-01,0,2,Winter,0,0,0,담하,스프라이트
2024-02-02,0,2,Winter,0,0,0,담하,스프라이트
2024-02-03,4,2,Winter,1,0,1,담하,스프라이트
2024-02-04,1,2,Winter,1,0,1,담하,스프라이트
2024-02-05,0,2,Winter,0,0,0,담하,스프라이트
2024-02-06,5,2,Winter,0,0,0,담하,스프라이트
2024-02-07,0,2,Winter,0,0,0,담하,스프라이트
2024-02-08,0,2,Winter,0,0,0,담하,스프라이트
2024-02-09,4,2,Winter,0,1,1,담하,스프라이트
2024-02-10,5,2,Winter,1,1,1,담하,스프라이트
2024-02-11,5,2,Winter,1,1,1,담하,스프라이트
2024-02-12,3,2,Winter,0,1,1,담하,스프라이트
2024-02-13,1,2,Winter,0,0,0,담하,스프라이트
2024-02-14,0,2,Winter,0,0,0,담하,스프라이트
2024-02-15,0,2,Winter,0,0,0,담하,스프라이트
2024-02-16,0,2,Winter,0,0,0,담하,스프라이트
2024-02-17,1,2,Winter,1,0,1,담하,스프라이트
2024-02-18,1,2,Winter,1,0,1,담하,스프라이트
2024-02-19,0,2,Winter,0,0,0,담하,스프라이트
2024-02-20,0,2,Winter,0,0,0,담하,스프라이트
2024-02-21,0,2,Winter,0,0,0,담하,스프라이트
2024-02-22,2,2,Winter,0,0,0,담하,스프라이트
2024-02-23,0,2,Winter,0,0,0,담하,스프라이트
2024-02-24,1,2,Winter,1,0,1,담하,스프라이트
2024-02-25,1,2,Winter,1,0,1,담하,스프라이트
2024-02-26,1,2,Winter,0,0,0,담하,스프라이트
2024-02-27,1,2,Winter,0,0,0,담하,스프라이트
2024-02-28,1,2,Winter,0,0,0,담하,스프라이트
2024-02-29,0,2,Winter,0,0,0,담하,스프라이트
2024-03-01,1,3,Spring,0,1,1,담하,스프라이트
2024-03-02,0,3,Spring,1,0,1,담하,스프라이트
2024-03-03,0,3,Spring,1,0,1,담하,스프라이트
2024-03-04,0,3,Spring,0,0,0,담하,스프라이트
2024-03-05,0,3,Spring,0,0,0,담하,스프라이트
2024-03-06,0,3,Spring,0,0,0,담하,스프라이트
2024-03-07,0,3,Spring,0,0,0,담하,스프라이트
2024-03-08,0,3,Spring,0,0,0,담하,스프라이트
2024-03-09,0,3,Spring,1,0,1,담하,스프라이트
2024-03-10,0,3,Spring,1,0,1,담하,스프라이트
2024-03-11,0,3,Spring,0,0,0,담하,스프라이트
2024-03-12,0,3,Spring,0,0,0,담하,스프라이트
2024-03-13,0,3,Spring,0,0,0,담하,스프라이트
2024-03-14,0,3,Spring,0,0,0,담하,스프라이트
2024-03-15,0,3,Spring,0,0,0,담하,스프라이트
2024-03-16,2,3,Spring,1,0,1,담하,스프라이트
2024-03-17,0,3,Spring,1,0,1,담하,스프라이트
2024-03-18,0,3,Spring,0,0,0,담하,스프라이트
2024-03-19,0,3,Spring,0,0,0,담하,스프라이트
2024-03-20,1,3,Spring,0,0,0,담하,스프라이트
2024-03-21,0,3,Spring,0,0,0,담하,스프라이트
2024-03-22,0,3,Spring,0,0,0,담하,스프라이트
2024-03-23,2,3,Spring,1,0,1,담하,스프라이트
2024-03-24,0,3,Spring,1,0,1,담하,스프라이트
2024-03-25,0,3,Spring,0,0,0,담하,스프라이트
2024-03-26,1,3,Spring,0,0,0,담하,스프라이트
2024-03-27,0,3,Spring,0,0,0,담하,스프라이트
2024-03-28,0,3,Spring,0,0,0,담하,스프라이트
2024-03-29,1,3,Spring,0,0,0,담하,스프라이트
2024-03-30,1,3,Spring,1,0,1,담하,스프라이트
2024-03-31,1,3,Spring,1,0,1,담하,스프라이트
2024-04-01,0,4,Spring,0,0,0,담하,스프라이트
2024-04-02,0,4,Spring,0,0,0,담하,스프라이트
2024-04-03,0,4,Spring,0,0,0,담하,스프라이트
2024-04-04,1,4,Spring,0,0,0,담하,스프라이트
2024-04-05,0,4,Spring,0,0,0,담하,스프라이트
2024-04-06,1,4,Spring,1,0,1,담하,스프라이트
2024-04-07,1,4,Spring,1,0,1,담하,스프라이트
2024-04-08,0,4,Spring,0,0,0,담하,스프라이트
2024-04-09,3,4,Spring,0,0,0,담하,스프라이트
2024-04-10,1,4,Spring,0,1,1,담하,스프라이트
2024-04-11,2,4,Spring,0,0,0,담하,스프라이트
2024-04-12,1,4,Spring,0,0,0,담하,스프라이트
2024-04-13,1,4,Spring,1,0,1,담하,스프라이트
2024-04-14,1,4,Spring,1,0,1,담하,스프라이트
2024-04-15,0,4,Spring,0,0,0,담하,스프라이트
2024-04-16,0,4,Spring,0,0,0,담하,스프라이트
2024-04-17,0,4,Spring,0,0,0,담하,스프라이트
2024-04-18,0,4,Spring,0,0,0,담하,스프라이트
2024-04-19,0,4,Spring,0,0,0,담하,스프라이트
2024-04-20,0,4,Spring,1,0,1,담하,스프라이트
2024-04-21,1,4,Spring,1,0,1,담하,스프라이트
2024-04-22,0,4,Spring,0,0,0,담하,스프라이트
2024-04-23,1,4,Spring,0,0,0,담하,스프라이트
2024-04-24,0,4,Spring,0,0,0,담하,스프라이트
2024-04-25,0,4,Spring,0,0,0,담하,스프라이트
2024-04-26,0,4,Spring,0,0,0,담하,스프라이트
2024-04-27,0,4,Spring,1,0,1,담하,스프라이트
2024-04-28,0,4,Spring,1,0,1,담하,스프라이트
2024-04-29,0,4,Spring,0,0,0,담하,스프라이트
2024-04-30,4,4,Spring,0,0,0,담하,스프라이트
2024-05-01,0,5,Spring,0,0,0,담하,스프라이트
2024-05-02,1,5,Spring,0,0,0,담하,스프라이트
2024-05-03,0,5,Spring,0,0,0,담하,스프라이트
2024-05-04,0,5,Spring,1,0,1,담하,스프라이트
2024-05-05,1,5,Spring,1,1,1,담하,스프라이트
2024-05-06,0,5,Spring,0,1,1,담하,스프라이트
2024-05-07,1,5,Spring,0,0,0,담하,스프라이트
2024-05-08,0,5,Spring,0,0,0,담하,스프라이트
2024-05-09,0,5,Spring,0,0,0,담하,스프라이트
2024-05-10,0,5,Spring,0,0,0,담하,스프라이트
2024-05-11,0,5,Spring,1,0,1,담하,스프라이트
2024-05-12,0,5,Spring,1,0,1,담하,스프라이트
2024-05-13,1,5,Spring,0,0,0,담하,스프라이트
2024-05-14,1,5,Spring,0,0,0,담하,스프라이트
2024-05-15,1,5,Spring,0,1,1,담하,스프라이트
2024-05-16,0,5,Spring,0,0,0,담하,스프라이트
2024-05-17,0,5,Spring,0,0,0,담하,스프라이트
2024-05-18,1,5,Spring,1,0,1,담하,스프라이트
2024-05-19,0,5,Spring,1,0,1,담하,스프라이트
2024-05-20,0,5,Spring,0,0,0,담하,스프라이트
2024-05-21,2,5,Spring,0,0,0,담하,스프라이트
2024-05-22,1,5,Spring,0,0,0,담하,스프라이트
2024-05-23,16,5,Spring,0,0,0,담하,스프라이트
2024-05-24,1,5,Spring,0,0,0,담하,스프라이트
2024-05-25,0,5,Spring,1,0,1,담하,스프라이트
2024-05-26,0,5,Spring,1,0,1,담하,스프라이트
2024-05-27,0,5,Spring,0,0,0,담하,스프라이트
2024-05-28,0,5,Spring,0,0,0,담하,스프라이트
2024-05-29,1,5,Spring,0,0,0,담하,스프라이트
2024-05-30,1,5,Spring,0,0,0,담하,스프라이트
2024-05-31,0,5,Spring,0,0,0,담하,스프라이트
2024-06-01,0,6,Summer,1,0,1,담하,스프라이트
2024-06-02,0,6,Summer,1,0,1,담하,스프라이트
2024-06-03,0,6,Summer,0,0,0,담하,스프라이트
2024-06-04,0,6,Summer,0,0,0,담하,스프라이트
2024-06-05,1,6,Summer,0,0,0,담하,스프라이트
2024-06-06,5,6,Summer,0,1,1,담하,스프라이트
2024-06-07,1,6,Summer,0,0,0,담하,스프라이트
2024-06-08,1,6,Summer,1,0,1,담하,스프라이트
2024-06-09,1,6,Summer,1,0,1,담하,스프라이트
2024-06-10,0,6,Summer,0,0,0,담하,스프라이트
2024-06-11,0,6,Summer,0,0,0,담하,스프라이트
2024-06-12,0,6,Summer,0,0,0,담하,스프라이트
2024-06-13,0,6,Summer,0,0,0,담하,스프라이트
2024-06-14,0,6,Summer,0,0,0,담하,스프라이트
2024-06-15,0,6,Summer,1,0,1,담하,스프라이트
2023-01-01,28,1,Winter,1,1,1,담하,은이버섯 갈비탕
2023-01-02,12,1,Winter,0,0,0,담하,은이버섯 갈비탕
2023-01-03,15,1,Winter,0,0,0,담하,은이버섯 갈비탕
2023-01-04,12,1,Winter,0,0,0,담하,은이버섯 갈비탕
2023-01-05,18,1,Winter,0,0,0,담하,은이버섯 갈비탕
2023-01-06,8,1,Winter,0,0,0,담하,은이버섯 갈비탕
2023-01-07,15,1,Winter,1,0,1,담하,은이버섯 갈비탕
2023-01-08,11,1,Winter,1,0,1,담하,은이버섯 갈비탕
2023-01-09,8,1,Winter,0,0,0,담하,은이버섯 갈비탕
2023-01-10,11,1,Winter,0,0,0,담하,은이버섯 갈비탕
2023-01-11,18,1,Winter,0,0,0,담하,은이버섯 갈비탕
2023-01-12,15,1,Winter,0,0,0,담하,은이버섯 갈비탕
2023-01-13,17,1,Winter,0,0,0,담하,은이버섯 갈비탕
2023-01-14,3,1,Winter,1,0,1,담하,은이버섯 갈비탕
2023-01-15,18,1,Winter,1,0,1,담하,은이버섯 갈비탕
2023-01-16,13,1,Winter,0,0,0,담하,은이버섯 갈비탕
2023-01-17,12,1,Winter,0,0,0,담하,은이버섯 갈비탕
2023-01-18,5,1,Winter,0,0,0,담하,은이버섯 갈비탕
2023-01-19,7,1,Winter,0,0,0,담하,은이버섯 갈비탕
2023-01-20,7,1,Winter,0,0,0,담하,은이버섯 갈비탕
2023-01-21,19,1,Winter,1,1,1,담하,은이버섯 갈비탕
2023-01-22,16,1,Winter,1,1,1,담하,은이버섯 갈비탕
2023-01-23,15,1,Winter,0,1,1,담하,은이버섯 갈비탕
2023-01-24,12,1,Winter,0,1,1,담하,은이버섯 갈비탕
2023-01-25,6,1,Winter,0,0,0,담하,은이버섯 갈비탕
2023-01-26,12,1,Winter,0,0,0,담하,은이버섯 갈비탕
2023-01-27,9,1,Winter,0,0,0,담하,은이버섯 갈비탕
2023-01-28,13,1,Winter,1,0,1,담하,은이버섯 갈비탕
2023-01-29,28,1,Winter,1,0,1,담하,은이버섯 갈비탕
2023-01-30,10,1,Winter,0,0,0,담하,은이버섯 갈비탕
2023-01-31,10,1,Winter,0,0,0,담하,은이버섯 갈비탕
2023-02-01,17,2,Winter,0,0,0,담하,은이버섯 갈비탕
2023-02-02,5,2,Winter,0,0,0,담하,은이버섯 갈비탕
2023-02-03,20,2,Winter,0,0,0,담하,은이버섯 갈비탕
2023-02-04,8,2,Winter,1,0,1,담하,은이버섯 갈비탕
2023-02-05,5,2,Winter,1,0,1,담하,은이버섯 갈비탕
2023-02-06,7,2,Winter,0,0,0,담하,은이버섯 갈비탕
2023-02-07,7,2,Winter,0,0,0,담하,은이버섯 갈비탕
2023-02-08,4,2,Winter,0,0,0,담하,은이버섯 갈비탕
2023-02-09,11,2,Winter,0,0,0,담하,은이버섯 갈비탕
2023-02-10,7,2,Winter,0,0,0,담하,은이버섯 갈비탕
2023-02-11,21,2,Winter,1,0,1,담하,은이버섯 갈비탕
2023-02-12,13,2,Winter,1,0,1,담하,은이버섯 갈비탕
2023-02-13,21,2,Winter,0,0,0,담하,은이버섯 갈비탕
2023-02-14,23,2,Winter,0,0,0,담하,은이버섯 갈비탕
2023-02-15,4,2,Winter,0,0,0,담하,은이버섯 갈비탕
2023-02-16,3,2,Winter,0,0,0,담하,은이버섯 갈비탕
2023-02-17,6,2,Winter,0,0,0,담하,은이버섯 갈비탕
2023-02-18,36,2,Winter,1,0,1,담하,은이버섯 갈비탕
2023-02-19,18,2,Winter,1,0,1,담하,은이버섯 갈비탕
2023-02-20,6,2,Winter,0,0,0,담하,은이버섯 갈비탕
2023-02-21,6,2,Winter,0,0,0,담하,은이버섯 갈비탕
2023-02-22,8,2,Winter,0,0,0,담하,은이버섯 갈비탕
2023-02-23,2,2,Winter,0,0,0,담하,은이버섯 갈비탕
2023-02-24,6,2,Winter,0,0,0,담하,은이버섯 갈비탕
2023-02-25,15,2,Winter,1,0,1,담하,은이버섯 갈비탕
2023-02-26,17,2,Winter,1,0,1,담하,은이버섯 갈비탕
2023-02-27,15,2,Winter,0,0,0,담하,은이버섯 갈비탕
2023-02-28,16,2,Winter,0,0,0,담하,은이버섯 갈비탕
2023-03-01,5,3,Spring,0,1,1,담하,은이버섯 갈비탕
2023-03-02,0,3,Spring,0,0,0,담하,은이버섯 갈비탕
2023-03-03,0,3,Spring,0,0,0,담하,은이버섯 갈비탕
2023-03-04,0,3,Spring,1,0,1,담하,은이버섯 갈비탕
2023-03-05,0,3,Spring,1,0,1,담하,은이버섯 갈비탕
2023-03-06,0,3,Spring,0,0,0,담하,은이버섯 갈비탕
2023-03-07,0,3,Spring,0,0,0,담하,은이버섯 갈비탕
2023-03-08,0,3,Spring,0,0,0,담하,은이버섯 갈비탕
2023-03-09,0,3,Spring,0,0,0,담하,은이버섯 갈비탕
2023-03-10,3,3,Spring,0,0,0,담하,은이버섯 갈비탕
2023-03-11,5,3,Spring,1,0,1,담하,은이버섯 갈비탕
2023-03-12,4,3,Spring,1,0,1,담하,은이버섯 갈비탕
2023-03-13,2,3,Spring,0,0,0,담하,은이버섯 갈비탕
2023-03-14,6,3,Spring,0,0,0,담하,은이버섯 갈비탕
2023-03-15,8,3,Spring,0,0,0,담하,은이버섯 갈비탕
2023-03-16,5,3,Spring,0,0,0,담하,은이버섯 갈비탕
2023-03-17,2,3,Spring,0,0,0,담하,은이버섯 갈비탕
2023-03-18,8,3,Spring,1,0,1,담하,은이버섯 갈비탕
2023-03-19,7,3,Spring,1,0,1,담하,은이버섯 갈비탕
2023-03-20,2,3,Spring,0,0,0,담하,은이버섯 갈비탕
2023-03-21,6,3,Spring,0,0,0,담하,은이버섯 갈비탕
2023-03-22,2,3,Spring,0,0,0,담하,은이버섯 갈비탕
2023-03-23,10,3,Spring,0,0,0,담하,은이버섯 갈비탕
2023-03-24,12,3,Spring,0,0,0,담하,은이버섯 갈비탕
2023-03-25,11,3,Spring,1,0,1,담하,은이버섯 갈비탕
2023-03-26,5,3,Spring,1,0,1,담하,은이버섯 갈비탕
2023-03-27,1,3,Spring,0,0,0,담하,은이버섯 갈비탕
2023-03-28,0,3,Spring,0,0,0,담하,은이버섯 갈비탕
2023-03-29,2,3,Spring,0,0,0,담하,은이버섯 갈비탕
2023-03-30,9,3,Spring,0,0,0,담하,은이버섯 갈비탕
2023-03-31,15,3,Spring,0,0,0,담하,은이버섯 갈비탕
2023-04-01,8,4,Spring,1,0,1,담하,은이버섯 갈비탕
2023-04-02,3,4,Spring,1,0,1,담하,은이버섯 갈비탕
2023-04-03,6,4,Spring,0,0,0,담하,은이버섯 갈비탕
2023-04-04,5,4,Spring,0,0,0,담하,은이버섯 갈비탕
2023-04-05,10,4,Spring,0,0,0,담하,은이버섯 갈비탕
2023-04-06,11,4,Spring,0,0,0,담하,은이버섯 갈비탕
2023-04-07,5,4,Spring,0,0,0,담하,은이버섯 갈비탕
2023-04-08,16,4,Spring,1,0,1,담하,은이버섯 갈비탕
2023-04-09,13,4,Spring,1,0,1,담하,은이버섯 갈비탕
2023-04-10,7,4,Spring,0,0,0,담하,은이버섯 갈비탕
2023-04-11,11,4,Spring,0,0,0,담하,은이버섯 갈비탕
2023-04-12,17,4,Spring,0,0,0,담하,은이버섯 갈비탕
2023-04-13,5,4,Spring,0,0,0,담하,은이버섯 갈비탕
2023-04-14,2,4,Spring,0,0,0,담하,은이버섯 갈비탕
2023-04-15,10,4,Spring,1,0,1,담하,은이버섯 갈비탕
2023-04-16,5,4,Spring,1,0,1,담하,은이버섯 갈비탕
2023-04-17,1,4,Spring,0,0,0,담하,은이버섯 갈비탕
2023-04-18,8,4,Spring,0,0,0,담하,은이버섯 갈비탕
2023-04-19,12,4,Spring,0,0,0,담하,은이버섯 갈비탕
2023-04-20,9,4,Spring,0,0,0,담하,은이버섯 갈비탕
2023-04-21,7,4,Spring,0,0,0,담하,은이버섯 갈비탕
2023-04-22,12,4,Spring,1,0,1,담하,은이버섯 갈비탕
2023-04-23,21,4,Spring,1,0,1,담하,은이버섯 갈비탕
2023-04-24,0,4,Spring,0,0,0,담하,은이버섯 갈비탕
2023-04-25,8,4,Spring,0,0,0,담하,은이버섯 갈비탕
2023-04-26,15,4,Spring,0,0,0,담하,은이버섯 갈비탕
2023-04-27,10,4,Spring,0,0,0,담하,은이버섯 갈비탕
2023-04-28,10,4,Spring,0,0,0,담하,은이버섯 갈비탕
2023-04-29,13,4,Spring,1,0,1,담하,은이버섯 갈비탕
2023-04-30,20,4,Spring,1,0,1,담하,은이버섯 갈비탕
2023-05-01,19,5,Spring,0,0,0,담하,은이버섯 갈비탕
2023-05-02,14,5,Spring,0,0,0,담하,은이버섯 갈비탕
2023-05-03,3,5,Spring,0,0,0,담하,은이버섯 갈비탕
2023-05-04,7,5,Spring,0,0,0,담하,은이버섯 갈비탕
2023-05-05,9,5,Spring,0,1,1,담하,은이버섯 갈비탕
2023-05-06,16,5,Spring,1,0,1,담하,은이버섯 갈비탕
2023-05-07,3,5,Spring,1,0,1,담하,은이버섯 갈비탕
2023-05-08,1,5,Spring,0,0,0,담하,은이버섯 갈비탕
2023-05-09,2,5,Spring,0,0,0,담하,은이버섯 갈비탕
2023-05-10,5,5,Spring,0,0,0,담하,은이버섯 갈비탕
2023-05-11,13,5,Spring,0,0,0,담하,은이버섯 갈비탕
2023-05-12,10,5,Spring,0,0,0,담하,은이버섯 갈비탕
2023-05-13,14,5,Spring,1,0,1,담하,은이버섯 갈비탕
2023-05-14,2,5,Spring,1,0,1,담하,은이버섯 갈비탕
2023-05-15,2,5,Spring,0,0,0,담하,은이버섯 갈비탕
2023-05-16,10,5,Spring,0,0,0,담하,은이버섯 갈비탕
2023-05-17,19,5,Spring,0,0,0,담하,은이버섯 갈비탕
2023-05-18,14,5,Spring,0,0,0,담하,은이버섯 갈비탕
2023-05-19,3,5,Spring,0,0,0,담하,은이버섯 갈비탕
2023-05-20,11,5,Spring,1,0,1,담하,은이버섯 갈비탕
2023-05-21,1,5,Spring,1,0,1,담하,은이버섯 갈비탕
2023-05-22,0,5,Spring,0,0,0,담하,은이버섯 갈비탕
2023-05-23,7,5,Spring,0,0,0,담하,은이버섯 갈비탕
2023-05-24,0,5,Spring,0,0,0,담하,은이버섯 갈비탕
2023-05-25,1,5,Spring,0,0,0,담하,은이버섯 갈비탕
2023-05-26,7,5,Spring,0,0,0,담하,은이버섯 갈비탕
2023-05-27,6,5,Spring,1,1,1,담하,은이버섯 갈비탕
2023-05-28,19,5,Spring,1,0,1,담하,은이버섯 갈비탕
2023-05-29,27,5,Spring,0,1,1,담하,은이버섯 갈비탕
2023-05-30,16,5,Spring,0,0,0,담하,은이버섯 갈비탕
2023-05-31,14,5,Spring,0,0,0,담하,은이버섯 갈비탕
2023-06-01,6,6,Summer,0,0,0,담하,은이버섯 갈비탕
2023-06-02,0,6,Summer,0,0,0,담하,은이버섯 갈비탕
2023-06-03,7,6,Summer,1,0,1,담하,은이버섯 갈비탕
2023-06-04,5,6,Summer,1,0,1,담하,은이버섯 갈비탕
2023-06-05,1,6,Summer,0,0,0,담하,은이버섯 갈비탕
2023-06-06,7,6,Summer,0,1,1,담하,은이버섯 갈비탕
2023-06-07,3,6,Summer,0,0,0,담하,은이버섯 갈비탕
2023-06-08,4,6,Summer,0,0,0,담하,은이버섯 갈비탕
2023-06-09,3,6,Summer,0,0,0,담하,은이버섯 갈비탕
2023-06-10,6,6,Summer,1,0,1,담하,은이버섯 갈비탕
2023-06-11,1,6,Summer,1,0,1,담하,은이버섯 갈비탕
2023-06-12,2,6,Summer,0,0,0,담하,은이버섯 갈비탕
2023-06-13,1,6,Summer,0,0,0,담하,은이버섯 갈비탕
2023-06-14,2,6,Summer,0,0,0,담하,은이버섯 갈비탕
2023-06-15,2,6,Summer,0,0,0,담하,은이버섯 갈비탕
2023-06-16,4,6,Summer,0,0,0,담하,은이버섯 갈비탕
2023-06-17,5,6,Summer,1,0,1,담하,은이버섯 갈비탕
2023-06-18,10,6,Summer,1,0,1,담하,은이버섯 갈비탕
2023-06-19,1,6,Summer,0,0,0,담하,은이버섯 갈비탕
2023-06-20,2,6,Summer,0,0,0,담하,은이버섯 갈비탕
2023-06-21,1,6,Summer,0,0,0,담하,은이버섯 갈비탕
2023-06-22,9,6,Summer,0,0,0,담하,은이버섯 갈비탕
2023-06-23,9,6,Summer,0,0,0,담하,은이버섯 갈비탕
2023-06-24,5,6,Summer,1,0,1,담하,은이버섯 갈비탕
2023-06-25,10,6,Summer,1,0,1,담하,은이버섯 갈비탕
2023-06-26,12,6,Summer,0,0,0,담하,은이버섯 갈비탕
2023-06-27,1,6,Summer,0,0,0,담하,은이버섯 갈비탕
2023-06-28,2,6,Summer,0,0,0,담하,은이버섯 갈비탕
2023-06-29,10,6,Summer,0,0,0,담하,은이버섯 갈비탕
2023-06-30,11,6,Summer,0,0,0,담하,은이버섯 갈비탕
2023-07-01,13,7,Summer,1,0,1,담하,은이버섯 갈비탕
2023-07-02,2,7,Summer,1,0,1,담하,은이버섯 갈비탕
2023-07-03,2,7,Summer,0,0,0,담하,은이버섯 갈비탕
2023-07-04,0,7,Summer,0,0,0,담하,은이버섯 갈비탕
2023-07-05,2,7,Summer,0,0,0,담하,은이버섯 갈비탕
2023-07-06,4,7,Summer,0,0,0,담하,은이버섯 갈비탕
2023-07-07,11,7,Summer,0,0,0,담하,은이버섯 갈비탕
2023-07-08,3,7,Summer,1,0,1,담하,은이버섯 갈비탕
2023-07-09,2,7,Summer,1,0,1,담하,은이버섯 갈비탕
2023-07-10,0,7,Summer,0,0,0,담하,은이버섯 갈비탕
2023-07-11,4,7,Summer,0,0,0,담하,은이버섯 갈비탕
2023-07-12,2,7,Summer,0,0,0,담하,은이버섯 갈비탕
2023-07-13,5,7,Summer,0,0,0,담하,은이버섯 갈비탕
2023-07-14,15,7,Summer,0,0,0,담하,은이버섯 갈비탕
2023-07-15,6,7,Summer,1,0,1,담하,은이버섯 갈비탕
2023-07-16,1,7,Summer,1,0,1,담하,은이버섯 갈비탕
2023-07-17,2,7,Summer,0,0,0,담하,은이버섯 갈비탕
2023-07-18,7,7,Summer,0,0,0,담하,은이버섯 갈비탕
2023-07-19,4,7,Summer,0,0,0,담하,은이버섯 갈비탕
2023-07-20,4,7,Summer,0,0,0,담하,은이버섯 갈비탕
2023-07-21,4,7,Summer,0,0,0,담하,은이버섯 갈비탕
2023-07-22,4,7,Summer,1,0,1,담하,은이버섯 갈비탕
2023-07-23,8,7,Summer,1,0,1,담하,은이버섯 갈비탕
2023-07-24,14,7,Summer,0,0,0,담하,은이버섯 갈비탕
2023-07-25,4,7,Summer,0,0,0,담하,은이버섯 갈비탕
2023-07-26,5,7,Summer,0,0,0,담하,은이버섯 갈비탕
2023-07-27,2,7,Summer,0,0,0,담하,은이버섯 갈비탕
2023-07-28,0,7,Summer,0,0,0,담하,은이버섯 갈비탕
2023-07-29,6,7,Summer,1,0,1,담하,은이버섯 갈비탕
2023-07-30,3,7,Summer,1,0,1,담하,은이버섯 갈비탕
2023-07-31,9,7,Summer,0,0,0,담하,은이버섯 갈비탕
2023-08-01,6,8,Summer,0,0,0,담하,은이버섯 갈비탕
2023-08-02,1,8,Summer,0,0,0,담하,은이버섯 갈비탕
2023-08-03,10,8,Summer,0,0,0,담하,은이버섯 갈비탕
2023-08-04,2,8,Summer,0,0,0,담하,은이버섯 갈비탕
2023-08-05,8,8,Summer,1,0,1,담하,은이버섯 갈비탕
2023-08-06,3,8,Summer,1,0,1,담하,은이버섯 갈비탕
2023-08-07,2,8,Summer,0,0,0,담하,은이버섯 갈비탕
2023-08-08,2,8,Summer,0,0,0,담하,은이버섯 갈비탕
2023-08-09,1,8,Summer,0,0,0,담하,은이버섯 갈비탕
2023-08-10,11,8,Summer,0,0,0,담하,은이버섯 갈비탕
2023-08-11,6,8,Summer,0,0,0,담하,은이버섯 갈비탕
2023-08-12,5,8,Summer,1,0,1,담하,은이버섯 갈비탕
2023-08-13,3,8,Summer,1,0,1,담하,은이버섯 갈비탕
2023-08-14,8,8,Summer,0,0,0,담하,은이버섯 갈비탕
2023-08-15,0,8,Summer,0,1,1,담하,은이버섯 갈비탕
2023-08-16,5,8,Summer,0,0,0,담하,은이버섯 갈비탕
2023-08-17,1,8,Summer,0,0,0,담하,은이버섯 갈비탕
2023-08-18,7,8,Summer,0,0,0,담하,은이버섯 갈비탕
2023-08-19,6,8,Summer,1,0,1,담하,은이버섯 갈비탕
2023-08-20,3,8,Summer,1,0,1,담하,은이버섯 갈비탕
2023-08-21,2,8,Summer,0,0,0,담하,은이버섯 갈비탕
2023-08-22,5,8,Summer,0,0,0,담하,은이버섯 갈비탕
2023-08-23,1,8,Summer,0,0,0,담하,은이버섯 갈비탕
2023-08-24,0,8,Summer,0,0,0,담하,은이버섯 갈비탕
2023-08-25,5,8,Summer,0,0,0,담하,은이버섯 갈비탕
2023-08-26,1,8,Summer,1,0,1,담하,은이버섯 갈비탕
2023-08-27,5,8,Summer,1,0,1,담하,은이버섯 갈비탕
2023-08-28,0,8,Summer,0,0,0,담하,은이버섯 갈비탕
2023-08-29,1,8,Summer,0,0,0,담하,은이버섯 갈비탕
2023-08-30,12,8,Summer,0,0,0,담하,은이버섯 갈비탕
2023-08-31,17,8,Summer,0,0,0,담하,은이버섯 갈비탕
2023-09-01,4,9,Autumn,0,0,0,담하,은이버섯 갈비탕
2023-09-02,1,9,Autumn,1,0,1,담하,은이버섯 갈비탕
2023-09-03,4,9,Autumn,1,0,1,담하,은이버섯 갈비탕
2023-09-04,0,9,Autumn,0,0,0,담하,은이버섯 갈비탕
2023-09-05,0,9,Autumn,0,0,0,담하,은이버섯 갈비탕
2023-09-06,3,9,Autumn,0,0,0,담하,은이버섯 갈비탕
2023-09-07,2,9,Autumn,0,0,0,담하,은이버섯 갈비탕
2023-09-08,6,9,Autumn,0,0,0,담하,은이버섯 갈비탕
2023-09-09,3,9,Autumn,1,0,1,담하,은이버섯 갈비탕
2023-09-10,1,9,Autumn,1,0,1,담하,은이버섯 갈비탕
2023-09-11,0,9,Autumn,0,0,0,담하,은이버섯 갈비탕
2023-09-12,0,9,Autumn,0,0,0,담하,은이버섯 갈비탕
2023-09-13,2,9,Autumn,0,0,0,담하,은이버섯 갈비탕
2023-09-14,0,9,Autumn,0,0,0,담하,은이버섯 갈비탕
2023-09-15,12,9,Autumn,0,0,0,담하,은이버섯 갈비탕
2023-09-16,6,9,Autumn,1,0,1,담하,은이버섯 갈비탕
2023-09-17,3,9,Autumn,1,0,1,담하,은이버섯 갈비탕
2023-09-18,10,9,Autumn,0,0,0,담하,은이버섯 갈비탕
2023-09-19,4,9,Autumn,0,0,0,담하,은이버섯 갈비탕
2023-09-20,0,9,Autumn,0,0,0,담하,은이버섯 갈비탕
2023-09-21,7,9,Autumn,0,0,0,담하,은이버섯 갈비탕
2023-09-22,4,9,Autumn,0,0,0,담하,은이버섯 갈비탕
2023-09-23,11,9,Autumn,1,0,1,담하,은이버섯 갈비탕
2023-09-24,6,9,Autumn,1,0,1,담하,은이버섯 갈비탕
2023-09-25,3,9,Autumn,0,0,0,담하,은이버섯 갈비탕
2023-09-26,0,9,Autumn,0,0,0,담하,은이버섯 갈비탕
2023-09-27,4,9,Autumn,0,0,0,담하,은이버섯 갈비탕
2023-09-28,11,9,Autumn,0,1,1,담하,은이버섯 갈비탕
2023-09-29,12,9,Autumn,0,1,1,담하,은이버섯 갈비탕
2023-09-30,25,9,Autumn,1,1,1,담하,은이버섯 갈비탕
2023-10-01,13,10,Autumn,1,0,1,담하,은이버섯 갈비탕
2023-10-02,11,10,Autumn,0,1,1,담하,은이버섯 갈비탕
2023-10-03,4,10,Autumn,0,1,1,담하,은이버섯 갈비탕
2023-10-04,1,10,Autumn,0,0,0,담하,은이버섯 갈비탕
2023-10-05,4,10,Autumn,0,0,0,담하,은이버섯 갈비탕
2023-10-06,12,10,Autumn,0,0,0,담하,은이버섯 갈비탕
2023-10-07,12,10,Autumn,1,0,1,담하,은이버섯 갈비탕
2023-10-08,7,10,Autumn,1,0,1,담하,은이버섯 갈비탕
2023-10-09,8,10,Autumn,0,1,1,담하,은이버섯 갈비탕
2023-10-10,16,10,Autumn,0,0,0,담하,은이버섯 갈비탕
2023-10-11,4,10,Autumn,0,0,0,담하,은이버섯 갈비탕
2023-10-12,1,10,Autumn,0,0,0,담하,은이버섯 갈비탕
2023-10-13,9,10,Autumn,0,0,0,담하,은이버섯 갈비탕
2023-10-14,11,10,Autumn,1,0,1,담하,은이버섯 갈비탕
2023-10-15,3,10,Autumn,1,0,1,담하,은이버섯 갈비탕
2023-10-16,8,10,Autumn,0,0,0,담하,은이버섯 갈비탕
2023-10-17,9,10,Autumn,0,0,0,담하,은이버섯 갈비탕
2023-10-18,8,10,Autumn,0,0,0,담하,은이버섯 갈비탕
2023-10-19,16,10,Autumn,0,0,0,담하,은이버섯 갈비탕
2023-10-20,9,10,Autumn,0,0,0,담하,은이버섯 갈비탕
2023-10-21,10,10,Autumn,1,0,1,담하,은이버섯 갈비탕
2023-10-22,10,10,Autumn,1,0,1,담하,은이버섯 갈비탕
2023-10-23,7,10,Autumn,0,0,0,담하,은이버섯 갈비탕
2023-10-24,5,10,Autumn,0,0,0,담하,은이버섯 갈비탕
2023-10-25,18,10,Autumn,0,0,0,담하,은이버섯 갈비탕
2023-10-26,11,10,Autumn,0,0,0,담하,은이버섯 갈비탕
2023-10-27,13,10,Autumn,0,0,0,담하,은이버섯 갈비탕
2023-10-28,19,10,Autumn,1,0,1,담하,은이버섯 갈비탕
2023-10-29,8,10,Autumn,1,0,1,담하,은이버섯 갈비탕
2023-10-30,28,10,Autumn,0,0,0,담하,은이버섯 갈비탕
2023-10-31,7,10,Autumn,0,0,0,담하,은이버섯 갈비탕
2023-11-01,10,11,Autumn,0,0,0,담하,은이버섯 갈비탕
2023-11-02,6,11,Autumn,0,0,0,담하,은이버섯 갈비탕
2023-11-03,7,11,Autumn,0,0,0,담하,은이버섯 갈비탕
2023-11-04,19,11,Autumn,1,0,1,담하,은이버섯 갈비탕
2023-11-05,10,11,Autumn,1,0,1,담하,은이버섯 갈비탕
2023-11-06,4,11,Autumn,0,0,0,담하,은이버섯 갈비탕
2023-11-07,3,11,Autumn,0,0,0,담하,은이버섯 갈비탕
2023-11-08,8,11,Autumn,0,0,0,담하,은이버섯 갈비탕
2023-11-09,4,11,Autumn,0,0,0,담하,은이버섯 갈비탕
2023-11-10,12,11,Autumn,0,0,0,담하,은이버섯 갈비탕
2023-11-11,9,11,Autumn,1,0,1,담하,은이버섯 갈비탕
2023-11-12,11,11,Autumn,1,0,1,담하,은이버섯 갈비탕
2023-11-13,29,11,Autumn,0,0,0,담하,은이버섯 갈비탕
2023-11-14,3,11,Autumn,0,0,0,담하,은이버섯 갈비탕
2023-11-15,8,11,Autumn,0,0,0,담하,은이버섯 갈비탕
2023-11-16,3,11,Autumn,0,0,0,담하,은이버섯 갈비탕
2023-11-17,1,11,Autumn,0,0,0,담하,은이버섯 갈비탕
2023-11-18,16,11,Autumn,1,0,1,담하,은이버섯 갈비탕
2023-11-19,4,11,Autumn,1,0,1,담하,은이버섯 갈비탕
2023-11-20,1,11,Autumn,0,0,0,담하,은이버섯 갈비탕
2023-11-21,2,11,Autumn,0,0,0,담하,은이버섯 갈비탕
2023-11-22,7,11,Autumn,0,0,0,담하,은이버섯 갈비탕
2023-11-23,5,11,Autumn,0,0,0,담하,은이버섯 갈비탕
2023-11-24,6,11,Autumn,0,0,0,담하,은이버섯 갈비탕
2023-11-25,12,11,Autumn,1,0,1,담하,은이버섯 갈비탕
2023-11-26,10,11,Autumn,1,0,1,담하,은이버섯 갈비탕
2023-11-27,2,11,Autumn,0,0,0,담하,은이버섯 갈비탕
2023-11-28,4,11,Autumn,0,0,0,담하,은이버섯 갈비탕
2023-11-29,2,11,Autumn,0,0,0,담하,은이버섯 갈비탕
2023-11-30,13,11,Autumn,0,0,0,담하,은이버섯 갈비탕
2023-12-01,7,12,Winter,0,0,0,담하,은이버섯 갈비탕
2023-12-02,4,12,Winter,1,0,1,담하,은이버섯 갈비탕
2023-12-03,9,12,Winter,1,0,1,담하,은이버섯 갈비탕
2023-12-04,2,12,Winter,0,0,0,담하,은이버섯 갈비탕
2023-12-05,4,12,Winter,0,0,0,담하,은이버섯 갈비탕
2023-12-06,6,12,Winter,0,0,0,담하,은이버섯 갈비탕
2023-12-07,5,12,Winter,0,0,0,담하,은이버섯 갈비탕
2023-12-08,1,12,Winter,0,0,0,담하,은이버섯 갈비탕
2023-12-09,4,12,Winter,1,0,1,담하,은이버섯 갈비탕
2023-12-10,3,12,Winter,1,0,1,담하,은이버섯 갈비탕
2023-12-11,34,12,Winter,0,0,0,담하,은이버섯 갈비탕
2023-12-12,2,12,Winter,0,0,0,담하,은이버섯 갈비탕
2023-12-13,16,12,Winter,0,0,0,담하,은이버섯 갈비탕
2023-12-14,6,12,Winter,0,0,0,담하,은이버섯 갈비탕
2023-12-15,7,12,Winter,0,0,0,담하,은이버섯 갈비탕
2023-12-16,7,12,Winter,1,0,1,담하,은이버섯 갈비탕
2023-12-17,2,12,Winter,1,0,1,담하,은이버섯 갈비탕
2023-12-18,9,12,Winter,0,0,0,담하,은이버섯 갈비탕
2023-12-19,8,12,Winter,0,0,0,담하,은이버섯 갈비탕
2023-12-20,27,12,Winter,0,0,0,담하,은이버섯 갈비탕
2023-12-21,14,12,Winter,0,0,0,담하,은이버섯 갈비탕
2023-12-22,17,12,Winter,0,0,0,담하,은이버섯 갈비탕
2023-12-23,6,12,Winter,1,0,1,담하,은이버섯 갈비탕
2023-12-24,10,12,Winter,1,0,1,담하,은이버섯 갈비탕
2023-12-25,15,12,Winter,0,1,1,담하,은이버섯 갈비탕
2023-12-26,7,12,Winter,0,0,0,담하,은이버섯 갈비탕
2023-12-27,5,12,Winter,0,0,0,담하,은이버섯 갈비탕
2023-12-28,15,12,Winter,0,0,0,담하,은이버섯 갈비탕
2023-12-29,6,12,Winter,0,0,0,담하,은이버섯 갈비탕
2023-12-30,13,12,Winter,1,0,1,담하,은이버섯 갈비탕
2023-12-31,7,12,Winter,1,0,1,담하,은이버섯 갈비탕
2024-01-01,11,1,Winter,0,1,1,담하,은이버섯 갈비탕
2024-01-02,15,1,Winter,0,0,0,담하,은이버섯 갈비탕
2024-01-03,3,1,Winter,0,0,0,담하,은이버섯 갈비탕
2024-01-04,13,1,Winter,0,0,0,담하,은이버섯 갈비탕
2024-01-05,1,1,Winter,0,0,0,담하,은이버섯 갈비탕
2024-01-06,13,1,Winter,1,0,1,담하,은이버섯 갈비탕
2024-01-07,13,1,Winter,1,0,1,담하,은이버섯 갈비탕
2024-01-08,7,1,Winter,0,0,0,담하,은이버섯 갈비탕
2024-01-09,5,1,Winter,0,0,0,담하,은이버섯 갈비탕
2024-01-10,2,1,Winter,0,0,0,담하,은이버섯 갈비탕
2024-01-11,13,1,Winter,0,0,0,담하,은이버섯 갈비탕
2024-01-12,16,1,Winter,0,0,0,담하,은이버섯 갈비탕
2024-01-13,16,1,Winter,1,0,1,담하,은이버섯 갈비탕
2024-01-14,7,1,Winter,1,0,1,담하,은이버섯 갈비탕
2024-01-15,7,1,Winter,0,0,0,담하,은이버섯 갈비탕
2024-01-16,9,1,Winter,0,0,0,담하,은이버섯 갈비탕
2024-01-17,2,1,Winter,0,0,0,담하,은이버섯 갈비탕
2024-01-18,5,1,Winter,0,0,0,담하,은이버섯 갈비탕
2024-01-19,7,1,Winter,0,0,0,담하,은이버섯 갈비탕
2024-01-20,8,1,Winter,1,0,1,담하,은이버섯 갈비탕
2024-01-21,16,1,Winter,1,0,1,담하,은이버섯 갈비탕
2024-01-22,12,1,Winter,0,0,0,담하,은이버섯 갈비탕
2024-01-23,4,1,Winter,0,0,0,담하,은이버섯 갈비탕
2024-01-24,10,1,Winter,0,0,0,담하,은이버섯 갈비탕
2024-01-25,4,1,Winter,0,0,0,담하,은이버섯 갈비탕
2024-01-26,6,1,Winter,0,0,0,담하,은이버섯 갈비탕
2024-01-27,17,1,Winter,1,0,1,담하,은이버섯 갈비탕
2024-01-28,9,1,Winter,1,0,1,담하,은이버섯 갈비탕
2024-01-29,11,1,Winter,0,0,0,담하,은이버섯 갈비탕
2024-01-30,19,1,Winter,0,0,0,담하,은이버섯 갈비탕
2024-01-31,10,1,Winter,0,0,0,담하,은이버섯 갈비탕
2024-02-01,8,2,Winter,0,0,0,담하,은이버섯 갈비탕
2024-02-02,14,2,Winter,0,0,0,담하,은이버섯 갈비탕
2024-02-03,13,2,Winter,1,0,1,담하,은이버섯 갈비탕
2024-02-04,8,2,Winter,1,0,1,담하,은이버섯 갈비탕
2024-02-05,3,2,Winter,0,0,0,담하,은이버섯 갈비탕
2024-02-06,6,2,Winter,0,0,0,담하,은이버섯 갈비탕
2024-02-07,5,2,Winter,0,0,0,담하,은이버섯 갈비탕
2024-02-08,9,2,Winter,0,0,0,담하,은이버섯 갈비탕
2024-02-09,7,2,Winter,0,1,1,담하,은이버섯 갈비탕
2024-02-10,15,2,Winter,1,1,1,담하,은이버섯 갈비탕
2024-02-11,11,2,Winter,1,1,1,담하,은이버섯 갈비탕
2024-02-12,14,2,Winter,0,1,1,담하,은이버섯 갈비탕
2024-02-13,5,2,Winter,0,0,0,담하,은이버섯 갈비탕
2024-02-14,16,2,Winter,0,0,0,담하,은이버섯 갈비탕
2024-02-15,20,2,Winter,0,0,0,담하,은이버섯 갈비탕
2024-02-16,7,2,Winter,0,0,0,담하,은이버섯 갈비탕
2024-02-17,8,2,Winter,1,0,1,담하,은이버섯 갈비탕
2024-02-18,5,2,Winter,1,0,1,담하,은이버섯 갈비탕
2024-02-19,7,2,Winter,0,0,0,담하,은이버섯 갈비탕
2024-02-20,8,2,Winter,0,0,0,담하,은이버섯 갈비탕
2024-02-21,12,2,Winter,0,0,0,담하,은이버섯 갈비탕
2024-02-22,5,2,Winter,0,0,0,담하,은이버섯 갈비탕
2024-02-23,5,2,Winter,0,0,0,담하,은이버섯 갈비탕
2024-02-24,12,2,Winter,1,0,1,담하,은이버섯 갈비탕
2024-02-25,9,2,Winter,1,0,1,담하,은이버섯 갈비탕
2024-02-26,11,2,Winter,0,0,0,담하,은이버섯 갈비탕
2024-02-27,5,2,Winter,0,0,0,담하,은이버섯 갈비탕
2024-02-28,3,2,Winter,0,0,0,담하,은이버섯 갈비탕
2024-02-29,15,2,Winter,0,0,0,담하,은이버섯 갈비탕
2024-03-01,6,3,Spring,0,1,1,담하,은이버섯 갈비탕
2024-03-02,6,3,Spring,1,0,1,담하,은이버섯 갈비탕
2024-03-03,0,3,Spring,1,0,1,담하,은이버섯 갈비탕
2024-03-04,0,3,Spring,0,0,0,담하,은이버섯 갈비탕
2024-03-05,0,3,Spring,0,0,0,담하,은이버섯 갈비탕
2024-03-06,0,3,Spring,0,0,0,담하,은이버섯 갈비탕
2024-03-07,0,3,Spring,0,0,0,담하,은이버섯 갈비탕
2024-03-08,0,3,Spring,0,0,0,담하,은이버섯 갈비탕
2024-03-09,0,3,Spring,1,0,1,담하,은이버섯 갈비탕
2024-03-10,0,3,Spring,1,0,1,담하,은이버섯 갈비탕
2024-03-11,0,3,Spring,0,0,0,담하,은이버섯 갈비탕
2024-03-12,0,3,Spring,0,0,0,담하,은이버섯 갈비탕
2024-03-13,2,3,Spring,0,0,0,담하,은이버섯 갈비탕
2024-03-14,0,3,Spring,0,0,0,담하,은이버섯 갈비탕
2024-03-15,9,3,Spring,0,0,0,담하,은이버섯 갈비탕
2024-03-16,9,3,Spring,1,0,1,담하,은이버섯 갈비탕
2024-03-17,1,3,Spring,1,0,1,담하,은이버섯 갈비탕
2024-03-18,0,3,Spring,0,0,0,담하,은이버섯 갈비탕
2024-03-19,0,3,Spring,0,0,0,담하,은이버섯 갈비탕
2024-03-20,0,3,Spring,0,0,0,담하,은이버섯 갈비탕
2024-03-21,4,3,Spring,0,0,0,담하,은이버섯 갈비탕
2024-03-22,1,3,Spring,0,0,0,담하,은이버섯 갈비탕
2024-03-23,3,3,Spring,1,0,1,담하,은이버섯 갈비탕
2024-03-24,3,3,Spring,1,0,1,담하,은이버섯 갈비탕
2024-03-25,12,3,Spring,0,0,0,담하,은이버섯 갈비탕
2024-03-26,1,3,Spring,0,0,0,담하,은이버섯 갈비탕
2024-03-27,0,3,Spring,0,0,0,담하,은이버섯 갈비탕
2024-03-28,9,3,Spring,0,0,0,담하,은이버섯 갈비탕
2024-03-29,4,3,Spring,0,0,0,담하,은이버섯 갈비탕
2024-03-30,4,3,Spring,1,0,1,담하,은이버섯 갈비탕
2024-03-31,4,3,Spring,1,0,1,담하,은이버섯 갈비탕
2024-04-01,2,4,Spring,0,0,0,담하,은이버섯 갈비탕
2024-04-02,5,4,Spring,0,0,0,담하,은이버섯 갈비탕
2024-04-03,3,4,Spring,0,0,0,담하,은이버섯 갈비탕
2024-04-04,7,4,Spring,0,0,0,담하,은이버섯 갈비탕
2024-04-05,10,4,Spring,0,0,0,담하,은이버섯 갈비탕
2024-04-06,3,4,Spring,1,0,1,담하,은이버섯 갈비탕
2024-04-07,4,4,Spring,1,0,1,담하,은이버섯 갈비탕
2024-04-08,0,4,Spring,0,0,0,담하,은이버섯 갈비탕
2024-04-09,17,4,Spring,0,0,0,담하,은이버섯 갈비탕
2024-04-10,8,4,Spring,0,1,1,담하,은이버섯 갈비탕
2024-04-11,8,4,Spring,0,0,0,담하,은이버섯 갈비탕
2024-04-12,0,4,Spring,0,0,0,담하,은이버섯 갈비탕
2024-04-13,8,4,Spring,1,0,1,담하,은이버섯 갈비탕
2024-04-14,4,4,Spring,1,0,1,담하,은이버섯 갈비탕
2024-04-15,2,4,Spring,0,0,0,담하,은이버섯 갈비탕
2024-04-16,5,4,Spring,0,0,0,담하,은이버섯 갈비탕
2024-04-17,0,4,Spring,0,0,0,담하,은이버섯 갈비탕
2024-04-18,2,4,Spring,0,0,0,담하,은이버섯 갈비탕
2024-04-19,16,4,Spring,0,0,0,담하,은이버섯 갈비탕
2024-04-20,9,4,Spring,1,0,1,담하,은이버섯 갈비탕
2024-04-21,6,4,Spring,1,0,1,담하,은이버섯 갈비탕
2024-04-22,1,4,Spring,0,0,0,담하,은이버섯 갈비탕
2024-04-23,0,4,Spring,0,0,0,담하,은이버섯 갈비탕
2024-04-24,3,4,Spring,0,0,0,담하,은이버섯 갈비탕
2024-04-25,6,4,Spring,0,0,0,담하,은이버섯 갈비탕
2024-04-26,8,4,Spring,0,0,0,담하,은이버섯 갈비탕
2024-04-27,7,4,Spring,1,0,1,담하,은이버섯 갈비탕
2024-04-28,1,4,Spring,1,0,1,담하,은이버섯 갈비탕
2024-04-29,4,4,Spring,0,0,0,담하,은이버섯 갈비탕
2024-04-30,3,4,Spring,0,0,0,담하,은이버섯 갈비탕
2024-05-01,7,5,Spring,0,0,0,담하,은이버섯 갈비탕
2024-05-02,4,5,Spring,0,0,0,담하,은이버섯 갈비탕
2024-05-03,3,5,Spring,0,0,0,담하,은이버섯 갈비탕
2024-05-04,23,5,Spring,1,0,1,담하,은이버섯 갈비탕
2024-05-05,10,5,Spring,1,1,1,담하,은이버섯 갈비탕
2024-05-06,7,5,Spring,0,1,1,담하,은이버섯 갈비탕
2024-05-07,0,5,Spring,0,0,0,담하,은이버섯 갈비탕
2024-05-08,9,5,Spring,0,0,0,담하,은이버섯 갈비탕
2024-05-09,3,5,Spring,0,0,0,담하,은이버섯 갈비탕
2024-05-10,3,5,Spring,0,0,0,담하,은이버섯 갈비탕
2024-05-11,4,5,Spring,1,0,1,담하,은이버섯 갈비탕
2024-05-12,6,5,Spring,1,0,1,담하,은이버섯 갈비탕
2024-05-13,0,5,Spring,0,0,0,담하,은이버섯 갈비탕
2024-05-14,3,5,Spring,0,0,0,담하,은이버섯 갈비탕
2024-05-15,9,5,Spring,0,1,1,담하,은이버섯 갈비탕
2024-05-16,3,5,Spring,0,0,0,담하,은이버섯 갈비탕
2024-05-17,5,5,Spring,0,0,0,담하,은이버섯 갈비탕
2024-05-18,5,5,Spring,1,0,1,담하,은이버섯 갈비탕
2024-05-19,12,5,Spring,1,0,1,담하,은이버섯 갈비탕
2024-05-20,31,5,Spring,0,0,0,담하,은이버섯 갈비탕
2024-05-21,23,5,Spring,0,0,0,담하,은이버섯 갈비탕
2024-05-22,28,5,Spring,0,0,0,담하,은이버섯 갈비탕
2024-05-23,0,5,Spring,0,0,0,담하,은이버섯 갈비탕
2024-05-24,6,5,Spring,0,0,0,담하,은이버섯 갈비탕
2024-05-25,8,5,Spring,1,0,1,담하,은이버섯 갈비탕
2024-05-26,6,5,Spring,1,0,1,담하,은이버섯 갈비탕
2024-05-27,0,5,Spring,0,0,0,담하,은이버섯 갈비탕
2024-05-28,0,5,Spring,0,0,0,담하,은이버섯 갈비탕
2024-05-29,4,5,Spring,0,0,0,담하,은이버섯 갈비탕
2024-05-30,12,5,Spring,0,0,0,담하,은이버섯 갈비탕
2024-05-31,6,5,Spring,0,0,0,담하,은이버섯 갈비탕
2024-06-01,17,6,Summer,1,0,1,담하,은이버섯 갈비탕
2024-06-02,0,6,Summer,1,0,1,담하,은이버섯 갈비탕
2024-06-03,5,6,Summer,0,0,0,담하,은이버섯 갈비탕
2024-06-04,4,6,Summer,0,0,0,담하,은이버섯 갈비탕
2024-06-05,9,6,Summer,0,0,0,담하,은이버섯 갈비탕
2024-06-06,0,6,Summer,0,1,1,담하,은이버섯 갈비탕
2024-06-07,1,6,Summer,0,0,0,담하,은이버섯 갈비탕
2024-06-08,4,6,Summer,1,0,1,담하,은이버섯 갈비탕
2024-06-09,4,6,Summer,1,0,1,담하,은이버섯 갈비탕
2024-06-10,1,6,Summer,0,0,0,담하,은이버섯 갈비탕
2024-06-11,2,6,Summer,0,0,0,담하,은이버섯 갈비탕
2024-06-12,1,6,Summer,0,0,0,담하,은이버섯 갈비탕
2024-06-13,1,6,Summer,0,0,0,담하,은이버섯 갈비탕
2024-06-14,2,6,Summer,0,0,0,담하,은이버섯 갈비탕
2024-06-15,11,6,Summer,1,0,1,담하,은이버섯 갈비탕
2023-01-01,0,1,Winter,1,1,1,담하,제로콜라
2023-01-02,0,1,Winter,0,0,0,담하,제로콜라
2023-01-03,0,1,Winter,0,0,0,담하,제로콜라
2023-01-04,0,1,Winter,0,0,0,담하,제로콜라
2023-01-05,1,1,Winter,0,0,0,담하,제로콜라
2023-01-06,3,1,Winter,0,0,0,담하,제로콜라
2023-01-07,4,1,Winter,1,0,1,담하,제로콜라
2023-01-08,1,1,Winter,1,0,1,담하,제로콜라
2023-01-09,1,1,Winter,0,0,0,담하,제로콜라
2023-01-10,2,1,Winter,0,0,0,담하,제로콜라
2023-01-11,3,1,Winter,0,0,0,담하,제로콜라
2023-01-12,7,1,Winter,0,0,0,담하,제로콜라
2023-01-13,0,1,Winter,0,0,0,담하,제로콜라
2023-01-14,1,1,Winter,1,0,1,담하,제로콜라
2023-01-15,0,1,Winter,1,0,1,담하,제로콜라
2023-01-16,1,1,Winter,0,0,0,담하,제로콜라
2023-01-17,0,1,Winter,0,0,0,담하,제로콜라
2023-01-18,7,1,Winter,0,0,0,담하,제로콜라
2023-01-19,3,1,Winter,0,0,0,담하,제로콜라
2023-01-20,1,1,Winter,0,0,0,담하,제로콜라
2023-01-21,3,1,Winter,1,1,1,담하,제로콜라
2023-01-22,1,1,Winter,1,1,1,담하,제로콜라
2023-01-23,5,1,Winter,0,1,1,담하,제로콜라
2023-01-24,0,1,Winter,0,1,1,담하,제로콜라
2023-01-25,3,1,Winter,0,0,0,담하,제로콜라
2023-01-26,0,1,Winter,0,0,0,담하,제로콜라
2023-01-27,1,1,Winter,0,0,0,담하,제로콜라
2023-01-28,4,1,Winter,1,0,1,담하,제로콜라
2023-01-29,5,1,Winter,1,0,1,담하,제로콜라
2023-01-30,0,1,Winter,0,0,0,담하,제로콜라
2023-01-31,0,1,Winter,0,0,0,담하,제로콜라
2023-02-01,0,2,Winter,0,0,0,담하,제로콜라
2023-02-02,7,2,Winter,0,0,0,담하,제로콜라
2023-02-03,1,2,Winter,0,0,0,담하,제로콜라
2023-02-04,1,2,Winter,1,0,1,담하,제로콜라
2023-02-05,0,2,Winter,1,0,1,담하,제로콜라
2023-02-06,0,2,Winter,0,0,0,담하,제로콜라
2023-02-07,0,2,Winter,0,0,0,담하,제로콜라
2023-02-08,1,2,Winter,0,0,0,담하,제로콜라
2023-02-09,0,2,Winter,0,0,0,담하,제로콜라
2023-02-10,0,2,Winter,0,0,0,담하,제로콜라
2023-02-11,2,2,Winter,1,0,1,담하,제로콜라
2023-02-12,0,2,Winter,1,0,1,담하,제로콜라
2023-02-13,1,2,Winter,0,0,0,담하,제로콜라
2023-02-14,1,2,Winter,0,0,0,담하,제로콜라
2023-02-15,3,2,Winter,0,0,0,담하,제로콜라
2023-02-16,2,2,Winter,0,0,0,담하,제로콜라
2023-02-17,0,2,Winter,0,0,0,담하,제로콜라
2023-02-18,1,2,Winter,1,0,1,담하,제로콜라
2023-02-19,1,2,Winter,1,0,1,담하,제로콜라
2023-02-20,0,2,Winter,0,0,0,담하,제로콜라
2023-02-21,0,2,Winter,0,0,0,담하,제로콜라
2023-02-22,1,2,Winter,0,0,0,담하,제로콜라
2023-02-23,0,2,Winter,0,0,0,담하,제로콜라
2023-02-24,0,2,Winter,0,0,0,담하,제로콜라
2023-02-25,2,2,Winter,1,0,1,담하,제로콜라
2023-02-26,0,2,Winter,1,0,1,담하,제로콜라
2023-02-27,2,2,Winter,0,0,0,담하,제로콜라
2023-02-28,1,2,Winter,0,0,0,담하,제로콜라
2023-03-01,0,3,Spring,0,1,1,담하,제로콜라
2023-03-02,0,3,Spring,0,0,0,담하,제로콜라
2023-03-03,0,3,Spring,0,0,0,담하,제로콜라
2023-03-04,0,3,Spring,1,0,1,담하,제로콜라
2023-03-05,0,3,Spring,1,0,1,담하,제로콜라
2023-03-06,0,3,Spring,0,0,0,담하,제로콜라
2023-03-07,0,3,Spring,0,0,0,담하,제로콜라
2023-03-08,0,3,Spring,0,0,0,담하,제로콜라
2023-03-09,0,3,Spring,0,0,0,담하,제로콜라
2023-03-10,0,3,Spring,0,0,0,담하,제로콜라
2023-03-11,0,3,Spring,1,0,1,담하,제로콜라
2023-03-12,1,3,Spring,1,0,1,담하,제로콜라
2023-03-13,0,3,Spring,0,0,0,담하,제로콜라
2023-03-14,0,3,Spring,0,0,0,담하,제로콜라
2023-03-15,0,3,Spring,0,0,0,담하,제로콜라
2023-03-16,0,3,Spring,0,0,0,담하,제로콜라
2023-03-17,0,3,Spring,0,0,0,담하,제로콜라
2023-03-18,0,3,Spring,1,0,1,담하,제로콜라
2023-03-19,0,3,Spring,1,0,1,담하,제로콜라
2023-03-20,0,3,Spring,0,0,0,담하,제로콜라
2023-03-21,0,3,Spring,0,0,0,담하,제로콜라
2023-03-22,0,3,Spring,0,0,0,담하,제로콜라
2023-03-23,0,3,Spring,0,0,0,담하,제로콜라
2023-03-24,0,3,Spring,0,0,0,담하,제로콜라
2023-03-25,1,3,Spring,1,0,1,담하,제로콜라
2023-03-26,0,3,Spring,1,0,1,담하,제로콜라
2023-03-27,0,3,Spring,0,0,0,담하,제로콜라
2023-03-28,0,3,Spring,0,0,0,담하,제로콜라
2023-03-29,0,3,Spring,0,0,0,담하,제로콜라
2023-03-30,0,3,Spring,0,0,0,담하,제로콜라
2023-03-31,8,3,Spring,0,0,0,담하,제로콜라
2023-04-01,2,4,Spring,1,0,1,담하,제로콜라
2023-04-02,0,4,Spring,1,0,1,담하,제로콜라
2023-04-03,0,4,Spring,0,0,0,담하,제로콜라
2023-04-04,0,4,Spring,0,0,0,담하,제로콜라
2023-04-05,0,4,Spring,0,0,0,담하,제로콜라
2023-04-06,0,4,Spring,0,0,0,담하,제로콜라
2023-04-07,0,4,Spring,0,0,0,담하,제로콜라
2023-04-08,0,4,Spring,1,0,1,담하,제로콜라
2023-04-09,1,4,Spring,1,0,1,담하,제로콜라
2023-04-10,0,4,Spring,0,0,0,담하,제로콜라
2023-04-11,0,4,Spring,0,0,0,담하,제로콜라
2023-04-12,2,4,Spring,0,0,0,담하,제로콜라
2023-04-13,0,4,Spring,0,0,0,담하,제로콜라
2023-04-14,1,4,Spring,0,0,0,담하,제로콜라
2023-04-15,0,4,Spring,1,0,1,담하,제로콜라
2023-04-16,0,4,Spring,1,0,1,담하,제로콜라
2023-04-17,0,4,Spring,0,0,0,담하,제로콜라
2023-04-18,0,4,Spring,0,0,0,담하,제로콜라
2023-04-19,0,4,Spring,0,0,0,담하,제로콜라
2023-04-20,0,4,Spring,0,0,0,담하,제로콜라
2023-04-21,0,4,Spring,0,0,0,담하,제로콜라
2023-04-22,1,4,Spring,1,0,1,담하,제로콜라
2023-04-23,1,4,Spring,1,0,1,담하,제로콜라
2023-04-24,2,4,Spring,0,0,0,담하,제로콜라
2023-04-25,0,4,Spring,0,0,0,담하,제로콜라
2023-04-26,0,4,Spring,0,0,0,담하,제로콜라
2023-04-27,0,4,Spring,0,0,0,담하,제로콜라
2023-04-28,0,4,Spring,0,0,0,담하,제로콜라
2023-04-29,0,4,Spring,1,0,1,담하,제로콜라
2023-04-30,0,4,Spring,1,0,1,담하,제로콜라
2023-05-01,0,5,Spring,0,0,0,담하,제로콜라
2023-05-02,1,5,Spring,0,0,0,담하,제로콜라
2023-05-03,0,5,Spring,0,0,0,담하,제로콜라
2023-05-04,0,5,Spring,0,0,0,담하,제로콜라
2023-05-05,0,5,Spring,0,1,1,담하,제로콜라
2023-05-06,1,5,Spring,1,0,1,담하,제로콜라
2023-05-07,2,5,Spring,1,0,1,담하,제로콜라
2023-05-08,0,5,Spring,0,0,0,담하,제로콜라
2023-05-09,0,5,Spring,0,0,0,담하,제로콜라
2023-05-10,0,5,Spring,0,0,0,담하,제로콜라
2023-05-11,0,5,Spring,0,0,0,담하,제로콜라
2023-05-12,0,5,Spring,0,0,0,담하,제로콜라
2023-05-13,4,5,Spring,1,0,1,담하,제로콜라
2023-05-14,0,5,Spring,1,0,1,담하,제로콜라
2023-05-15,0,5,Spring,0,0,0,담하,제로콜라
2023-05-16,0,5,Spring,0,0,0,담하,제로콜라
2023-05-17,0,5,Spring,0,0,0,담하,제로콜라
2023-05-18,0,5,Spring,0,0,0,담하,제로콜라
2023-05-19,1,5,Spring,0,0,0,담하,제로콜라
2023-05-20,1,5,Spring,1,0,1,담하,제로콜라
2023-05-21,0,5,Spring,1,0,1,담하,제로콜라
2023-05-22,0,5,Spring,0,0,0,담하,제로콜라
2023-05-23,0,5,Spring,0,0,0,담하,제로콜라
2023-05-24,0,5,Spring,0,0,0,담하,제로콜라
2023-05-25,0,5,Spring,0,0,0,담하,제로콜라
2023-05-26,0,5,Spring,0,0,0,담하,제로콜라
2023-05-27,0,5,Spring,1,1,1,담하,제로콜라
2023-05-28,2,5,Spring,1,0,1,담하,제로콜라
2023-05-29,0,5,Spring,0,1,1,담하,제로콜라
2023-05-30,0,5,Spring,0,0,0,담하,제로콜라
2023-05-31,0,5,Spring,0,0,0,담하,제로콜라
2023-06-01,0,6,Summer,0,0,0,담하,제로콜라
2023-06-02,0,6,Summer,0,0,0,담하,제로콜라
2023-06-03,0,6,Summer,1,0,1,담하,제로콜라
2023-06-04,0,6,Summer,1,0,1,담하,제로콜라
2023-06-05,0,6,Summer,0,0,0,담하,제로콜라
2023-06-06,0,6,Summer,0,1,1,담하,제로콜라
2023-06-07,0,6,Summer,0,0,0,담하,제로콜라
2023-06-08,0,6,Summer,0,0,0,담하,제로콜라
2023-06-09,0,6,Summer,0,0,0,담하,제로콜라
2023-06-10,0,6,Summer,1,0,1,담하,제로콜라
2023-06-11,0,6,Summer,1,0,1,담하,제로콜라
2023-06-12,0,6,Summer,0,0,0,담하,제로콜라
2023-06-13,0,6,Summer,0,0,0,담하,제로콜라
2023-06-14,0,6,Summer,0,0,0,담하,제로콜라
2023-06-15,0,6,Summer,0,0,0,담하,제로콜라
2023-06-16,1,6,Summer,0,0,0,담하,제로콜라
2023-06-17,0,6,Summer,1,0,1,담하,제로콜라
2023-06-18,1,6,Summer,1,0,1,담하,제로콜라
2023-06-19,0,6,Summer,0,0,0,담하,제로콜라
2023-06-20,0,6,Summer,0,0,0,담하,제로콜라
2023-06-21,0,6,Summer,0,0,0,담하,제로콜라
2023-06-22,0,6,Summer,0,0,0,담하,제로콜라
2023-06-23,0,6,Summer,0,0,0,담하,제로콜라
2023-06-24,0,6,Summer,1,0,1,담하,제로콜라
2023-06-25,0,6,Summer,1,0,1,담하,제로콜라
2023-06-26,0,6,Summer,0,0,0,담하,제로콜라
2023-06-27,0,6,Summer,0,0,0,담하,제로콜라
2023-06-28,0,6,Summer,0,0,0,담하,제로콜라
2023-06-29,0,6,Summer,0,0,0,담하,제로콜라
2023-06-30,0,6,Summer,0,0,0,담하,제로콜라
2023-07-01,0,7,Summer,1,0,1,담하,제로콜라
2023-07-02,0,7,Summer,1,0,1,담하,제로콜라
2023-07-03,1,7,Summer,0,0,0,담하,제로콜라
2023-07-04,0,7,Summer,0,0,0,담하,제로콜라
2023-07-05,0,7,Summer,0,0,0,담하,제로콜라
2023-07-06,1,7,Summer,0,0,0,담하,제로콜라
2023-07-07,0,7,Summer,0,0,0,담하,제로콜라
2023-07-08,2,7,Summer,1,0,1,담하,제로콜라
2023-07-09,1,7,Summer,1,0,1,담하,제로콜라
2023-07-10,0,7,Summer,0,0,0,담하,제로콜라
2023-07-11,0,7,Summer,0,0,0,담하,제로콜라
2023-07-12,0,7,Summer,0,0,0,담하,제로콜라
2023-07-13,0,7,Summer,0,0,0,담하,제로콜라
2023-07-14,0,7,Summer,0,0,0,담하,제로콜라
2023-07-15,0,7,Summer,1,0,1,담하,제로콜라
2023-07-16,0,7,Summer,1,0,1,담하,제로콜라
2023-07-17,1,7,Summer,0,0,0,담하,제로콜라
2023-07-18,0,7,Summer,0,0,0,담하,제로콜라
2023-07-19,0,7,Summer,0,0,0,담하,제로콜라
2023-07-20,0,7,Summer,0,0,0,담하,제로콜라
2023-07-21,1,7,Summer,0,0,0,담하,제로콜라
2023-07-22,0,7,Summer,1,0,1,담하,제로콜라
2023-07-23,0,7,Summer,1,0,1,담하,제로콜라
2023-07-24,1,7,Summer,0,0,0,담하,제로콜라
2023-07-25,0,7,Summer,0,0,0,담하,제로콜라
2023-07-26,0,7,Summer,0,0,0,담하,제로콜라
2023-07-27,0,7,Summer,0,0,0,담하,제로콜라
2023-07-28,1,7,Summer,0,0,0,담하,제로콜라
2023-07-29,3,7,Summer,1,0,1,담하,제로콜라
2023-07-30,0,7,Summer,1,0,1,담하,제로콜라
2023-07-31,1,7,Summer,0,0,0,담하,제로콜라
2023-08-01,0,8,Summer,0,0,0,담하,제로콜라
2023-08-02,0,8,Summer,0,0,0,담하,제로콜라
2023-08-03,2,8,Summer,0,0,0,담하,제로콜라
2023-08-04,1,8,Summer,0,0,0,담하,제로콜라
2023-08-05,0,8,Summer,1,0,1,담하,제로콜라
2023-08-06,1,8,Summer,1,0,1,담하,제로콜라
2023-08-07,0,8,Summer,0,0,0,담하,제로콜라
2023-08-08,0,8,Summer,0,0,0,담하,제로콜라
2023-08-09,0,8,Summer,0,0,0,담하,제로콜라
2023-08-10,0,8,Summer,0,0,0,담하,제로콜라
2023-08-11,0,8,Summer,0,0,0,담하,제로콜라
2023-08-12,1,8,Summer,1,0,1,담하,제로콜라
2023-08-13,0,8,Summer,1,0,1,담하,제로콜라
2023-08-14,1,8,Summer,0,0,0,담하,제로콜라
2023-08-15,1,8,Summer,0,1,1,담하,제로콜라
2023-08-16,1,8,Summer,0,0,0,담하,제로콜라
2023-08-17,0,8,Summer,0,0,0,담하,제로콜라
2023-08-18,0,8,Summer,0,0,0,담하,제로콜라
2023-08-19,0,8,Summer,1,0,1,담하,제로콜라
2023-08-20,1,8,Summer,1,0,1,담하,제로콜라
2023-08-21,0,8,Summer,0,0,0,담하,제로콜라
2023-08-22,0,8,Summer,0,0,0,담하,제로콜라
2023-08-23,0,8,Summer,0,0,0,담하,제로콜라
2023-08-24,0,8,Summer,0,0,0,담하,제로콜라
2023-08-25,1,8,Summer,0,0,0,담하,제로콜라
2023-08-26,0,8,Summer,1,0,1,담하,제로콜라
2023-08-27,4,8,Summer,1,0,1,담하,제로콜라
2023-08-28,0,8,Summer,0,0,0,담하,제로콜라
2023-08-29,0,8,Summer,0,0,0,담하,제로콜라
2023-08-30,0,8,Summer,0,0,0,담하,제로콜라
2023-08-31,0,8,Summer,0,0,0,담하,제로콜라
2023-09-01,0,9,Autumn,0,0,0,담하,제로콜라
2023-09-02,0,9,Autumn,1,0,1,담하,제로콜라
2023-09-03,0,9,Autumn,1,0,1,담하,제로콜라
2023-09-04,0,9,Autumn,0,0,0,담하,제로콜라
2023-09-05,0,9,Autumn,0,0,0,담하,제로콜라
2023-09-06,0,9,Autumn,0,0,0,담하,제로콜라
2023-09-07,0,9,Autumn,0,0,0,담하,제로콜라
2023-09-08,0,9,Autumn,0,0,0,담하,제로콜라
2023-09-09,0,9,Autumn,1,0,1,담하,제로콜라
2023-09-10,0,9,Autumn,1,0,1,담하,제로콜라
2023-09-11,2,9,Autumn,0,0,0,담하,제로콜라
2023-09-12,0,9,Autumn,0,0,0,담하,제로콜라
2023-09-13,0,9,Autumn,0,0,0,담하,제로콜라
2023-09-14,0,9,Autumn,0,0,0,담하,제로콜라
2023-09-15,0,9,Autumn,0,0,0,담하,제로콜라
2023-09-16,0,9,Autumn,1,0,1,담하,제로콜라
2023-09-17,0,9,Autumn,1,0,1,담하,제로콜라
2023-09-18,0,9,Autumn,0,0,0,담하,제로콜라
2023-09-19,0,9,Autumn,0,0,0,담하,제로콜라
2023-09-20,0,9,Autumn,0,0,0,담하,제로콜라
2023-09-21,0,9,Autumn,0,0,0,담하,제로콜라
2023-09-22,4,9,Autumn,0,0,0,담하,제로콜라
2023-09-23,0,9,Autumn,1,0,1,담하,제로콜라
2023-09-24,0,9,Autumn,1,0,1,담하,제로콜라
2023-09-25,0,9,Autumn,0,0,0,담하,제로콜라
2023-09-26,0,9,Autumn,0,0,0,담하,제로콜라
2023-09-27,0,9,Autumn,0,0,0,담하,제로콜라
2023-09-28,0,9,Autumn,0,1,1,담하,제로콜라
2023-09-29,1,9,Autumn,0,1,1,담하,제로콜라
2023-09-30,0,9,Autumn,1,1,1,담하,제로콜라
2023-10-01,0,10,Autumn,1,0,1,담하,제로콜라
2023-10-02,1,10,Autumn,0,1,1,담하,제로콜라
2023-10-03,0,10,Autumn,0,1,1,담하,제로콜라
2023-10-04,0,10,Autumn,0,0,0,담하,제로콜라
2023-10-05,1,10,Autumn,0,0,0,담하,제로콜라
2023-10-06,0,10,Autumn,0,0,0,담하,제로콜라
2023-10-07,0,10,Autumn,1,0,1,담하,제로콜라
2023-10-08,0,10,Autumn,1,0,1,담하,제로콜라
2023-10-09,1,10,Autumn,0,1,1,담하,제로콜라
2023-10-10,0,10,Autumn,0,0,0,담하,제로콜라
2023-10-11,0,10,Autumn,0,0,0,담하,제로콜라
2023-10-12,0,10,Autumn,0,0,0,담하,제로콜라
2023-10-13,0,10,Autumn,0,0,0,담하,제로콜라
2023-10-14,9,10,Autumn,1,0,1,담하,제로콜라
2023-10-15,1,10,Autumn,1,0,1,담하,제로콜라
2023-10-16,0,10,Autumn,0,0,0,담하,제로콜라
2023-10-17,0,10,Autumn,0,0,0,담하,제로콜라
2023-10-18,4,10,Autumn,0,0,0,담하,제로콜라
2023-10-19,0,10,Autumn,0,0,0,담하,제로콜라
2023-10-20,0,10,Autumn,0,0,0,담하,제로콜라
2023-10-21,0,10,Autumn,1,0,1,담하,제로콜라
2023-10-22,4,10,Autumn,1,0,1,담하,제로콜라
2023-10-23,2,10,Autumn,0,0,0,담하,제로콜라
2023-10-24,0,10,Autumn,0,0,0,담하,제로콜라
2023-10-25,2,10,Autumn,0,0,0,담하,제로콜라
2023-10-26,0,10,Autumn,0,0,0,담하,제로콜라
2023-10-27,0,10,Autumn,0,0,0,담하,제로콜라
2023-10-28,1,10,Autumn,1,0,1,담하,제로콜라
2023-10-29,2,10,Autumn,1,0,1,담하,제로콜라
2023-10-30,1,10,Autumn,0,0,0,담하,제로콜라
2023-10-31,0,10,Autumn,0,0,0,담하,제로콜라
2023-11-01,0,11,Autumn,0,0,0,담하,제로콜라
2023-11-02,0,11,Autumn,0,0,0,담하,제로콜라
2023-11-03,0,11,Autumn,0,0,0,담하,제로콜라
2023-11-04,1,11,Autumn,1,0,1,담하,제로콜라
2023-11-05,0,11,Autumn,1,0,1,담하,제로콜라
2023-11-06,0,11,Autumn,0,0,0,담하,제로콜라
2023-11-07,0,11,Autumn,0,0,0,담하,제로콜라
2023-11-08,2,11,Autumn,0,0,0,담하,제로콜라
2023-11-09,0,11,Autumn,0,0,0,담하,제로콜라
2023-11-10,1,11,Autumn,0,0,0,담하,제로콜라
2023-11-11,5,11,Autumn,1,0,1,담하,제로콜라
2023-11-12,4,11,Autumn,1,0,1,담하,제로콜라
2023-11-13,0,11,Autumn,0,0,0,담하,제로콜라
2023-11-14,0,11,Autumn,0,0,0,담하,제로콜라
2023-11-15,2,11,Autumn,0,0,0,담하,제로콜라
2023-11-16,0,11,Autumn,0,0,0,담하,제로콜라
2023-11-17,5,11,Autumn,0,0,0,담하,제로콜라
2023-11-18,2,11,Autumn,1,0,1,담하,제로콜라
2023-11-19,0,11,Autumn,1,0,1,담하,제로콜라
2023-11-20,0,11,Autumn,0,0,0,담하,제로콜라
2023-11-21,0,11,Autumn,0,0,0,담하,제로콜라
2023-11-22,0,11,Autumn,0,0,0,담하,제로콜라
2023-11-23,1,11,Autumn,0,0,0,담하,제로콜라
2023-11-24,1,11,Autumn,0,0,0,담하,제로콜라
2023-11-25,1,11,Autumn,1,0,1,담하,제로콜라
2023-11-26,0,11,Autumn,1,0,1,담하,제로콜라
2023-11-27,0,11,Autumn,0,0,0,담하,제로콜라
2023-11-28,0,11,Autumn,0,0,0,담하,제로콜라
2023-11-29,1,11,Autumn,0,0,0,담하,제로콜라
2023-11-30,0,11,Autumn,0,0,0,담하,제로콜라
2023-12-01,0,12,Winter,0,0,0,담하,제로콜라
2023-12-02,0,12,Winter,1,0,1,담하,제로콜라
2023-12-03,0,12,Winter,1,0,1,담하,제로콜라
2023-12-04,0,12,Winter,0,0,0,담하,제로콜라
2023-12-05,0,12,Winter,0,0,0,담하,제로콜라
2023-12-06,0,12,Winter,0,0,0,담하,제로콜라
2023-12-07,0,12,Winter,0,0,0,담하,제로콜라
2023-12-08,3,12,Winter,0,0,0,담하,제로콜라
2023-12-09,0,12,Winter,1,0,1,담하,제로콜라
2023-12-10,0,12,Winter,1,0,1,담하,제로콜라
2023-12-11,0,12,Winter,0,0,0,담하,제로콜라
2023-12-12,0,12,Winter,0,0,0,담하,제로콜라
2023-12-13,0,12,Winter,0,0,0,담하,제로콜라
2023-12-14,0,12,Winter,0,0,0,담하,제로콜라
2023-12-15,0,12,Winter,0,0,0,담하,제로콜라
2023-12-16,0,12,Winter,1,0,1,담하,제로콜라
2023-12-17,0,12,Winter,1,0,1,담하,제로콜라
2023-12-18,0,12,Winter,0,0,0,담하,제로콜라
2023-12-19,1,12,Winter,0,0,0,담하,제로콜라
2023-12-20,0,12,Winter,0,0,0,담하,제로콜라
2023-12-21,0,12,Winter,0,0,0,담하,제로콜라
2023-12-22,0,12,Winter,0,0,0,담하,제로콜라
2023-12-23,1,12,Winter,1,0,1,담하,제로콜라
2023-12-24,0,12,Winter,1,0,1,담하,제로콜라
2023-12-25,0,12,Winter,0,1,1,담하,제로콜라
2023-12-26,1,12,Winter,0,0,0,담하,제로콜라
2023-12-27,4,12,Winter,0,0,0,담하,제로콜라
2023-12-28,1,12,Winter,0,0,0,담하,제로콜라
2023-12-29,0,12,Winter,0,0,0,담하,제로콜라
2023-12-30,1,12,Winter,1,0,1,담하,제로콜라
2023-12-31,0,12,Winter,1,0,1,담하,제로콜라
2024-01-01,2,1,Winter,0,1,1,담하,제로콜라
2024-01-02,0,1,Winter,0,0,0,담하,제로콜라
2024-01-03,0,1,Winter,0,0,0,담하,제로콜라
2024-01-04,2,1,Winter,0,0,0,담하,제로콜라
2024-01-05,0,1,Winter,0,0,0,담하,제로콜라
2024-01-06,1,1,Winter,1,0,1,담하,제로콜라
2024-01-07,2,1,Winter,1,0,1,담하,제로콜라
2024-01-08,3,1,Winter,0,0,0,담하,제로콜라
2024-01-09,3,1,Winter,0,0,0,담하,제로콜라
2024-01-10,0,1,Winter,0,0,0,담하,제로콜라
2024-01-11,0,1,Winter,0,0,0,담하,제로콜라
2024-01-12,3,1,Winter,0,0,0,담하,제로콜라
2024-01-13,4,1,Winter,1,0,1,담하,제로콜라
2024-01-14,1,1,Winter,1,0,1,담하,제로콜라
2024-01-15,1,1,Winter,0,0,0,담하,제로콜라
2024-01-16,1,1,Winter,0,0,0,담하,제로콜라
2024-01-17,0,1,Winter,0,0,0,담하,제로콜라
2024-01-18,0,1,Winter,0,0,0,담하,제로콜라
2024-01-19,0,1,Winter,0,0,0,담하,제로콜라
2024-01-20,2,1,Winter,1,0,1,담하,제로콜라
2024-01-21,0,1,Winter,1,0,1,담하,제로콜라
2024-01-22,2,1,Winter,0,0,0,담하,제로콜라
2024-01-23,0,1,Winter,0,0,0,담하,제로콜라
2024-01-24,0,1,Winter,0,0,0,담하,제로콜라
2024-01-25,0,1,Winter,0,0,0,담하,제로콜라
2024-01-26,1,1,Winter,0,0,0,담하,제로콜라
2024-01-27,2,1,Winter,1,0,1,담하,제로콜라
2024-01-28,4,1,Winter,1,0,1,담하,제로콜라
2024-01-29,1,1,Winter,0,0,0,담하,제로콜라
2024-01-30,1,1,Winter,0,0,0,담하,제로콜라
2024-01-31,1,1,Winter,0,0,0,담하,제로콜라
2024-02-01,2,2,Winter,0,0,0,담하,제로콜라
2024-02-02,1,2,Winter,0,0,0,담하,제로콜라
2024-02-03,2,2,Winter,1,0,1,담하,제로콜라
2024-02-04,0,2,Winter,1,0,1,담하,제로콜라
2024-02-05,0,2,Winter,0,0,0,담하,제로콜라
2024-02-06,2,2,Winter,0,0,0,담하,제로콜라
2024-02-07,2,2,Winter,0,0,0,담하,제로콜라
2024-02-08,0,2,Winter,0,0,0,담하,제로콜라
2024-02-09,3,2,Winter,0,1,1,담하,제로콜라
2024-02-10,2,2,Winter,1,1,1,담하,제로콜라
2024-02-11,6,2,Winter,1,1,1,담하,제로콜라
2024-02-12,1,2,Winter,0,1,1,담하,제로콜라
2024-02-13,1,2,Winter,0,0,0,담하,제로콜라
2024-02-14,0,2,Winter,0,0,0,담하,제로콜라
2024-02-15,0,2,Winter,0,0,0,담하,제로콜라
2024-02-16,0,2,Winter,0,0,0,담하,제로콜라
2024-02-17,5,2,Winter,1,0,1,담하,제로콜라
2024-02-18,1,2,Winter,1,0,1,담하,제로콜라
2024-02-19,3,2,Winter,0,0,0,담하,제로콜라
2024-02-20,0,2,Winter,0,0,0,담하,제로콜라
2024-02-21,0,2,Winter,0,0,0,담하,제로콜라
2024-02-22,5,2,Winter,0,0,0,담하,제로콜라
2024-02-23,1,2,Winter,0,0,0,담하,제로콜라
2024-02-24,3,2,Winter,1,0,1,담하,제로콜라
2024-02-25,1,2,Winter,1,0,1,담하,제로콜라
2024-02-26,0,2,Winter,0,0,0,담하,제로콜라
2024-02-27,0,2,Winter,0,0,0,담하,제로콜라
2024-02-28,1,2,Winter,0,0,0,담하,제로콜라
2024-02-29,0,2,Winter,0,0,0,담하,제로콜라
2024-03-01,1,3,Spring,0,1,1,담하,제로콜라
2024-03-02,0,3,Spring,1,0,1,담하,제로콜라
2024-03-03,0,3,Spring,1,0,1,담하,제로콜라
2024-03-04,0,3,Spring,0,0,0,담하,제로콜라
2024-03-05,0,3,Spring,0,0,0,담하,제로콜라
2024-03-06,0,3,Spring,0,0,0,담하,제로콜라
2024-03-07,0,3,Spring,0,0,0,담하,제로콜라
2024-03-08,0,3,Spring,0,0,0,담하,제로콜라
2024-03-09,0,3,Spring,1,0,1,담하,제로콜라
2024-03-10,0,3,Spring,1,0,1,담하,제로콜라
2024-03-11,0,3,Spring,0,0,0,담하,제로콜라
2024-03-12,0,3,Spring,0,0,0,담하,제로콜라
2024-03-13,0,3,Spring,0,0,0,담하,제로콜라
2024-03-14,0,3,Spring,0,0,0,담하,제로콜라
2024-03-15,0,3,Spring,0,0,0,담하,제로콜라
2024-03-16,1,3,Spring,1,0,1,담하,제로콜라
2024-03-17,2,3,Spring,1,0,1,담하,제로콜라
2024-03-18,0,3,Spring,0,0,0,담하,제로콜라
2024-03-19,0,3,Spring,0,0,0,담하,제로콜라
2024-03-20,0,3,Spring,0,0,0,담하,제로콜라
2024-03-21,0,3,Spring,0,0,0,담하,제로콜라
2024-03-22,0,3,Spring,0,0,0,담하,제로콜라
2024-03-23,1,3,Spring,1,0,1,담하,제로콜라
2024-03-24,0,3,Spring,1,0,1,담하,제로콜라
2024-03-25,0,3,Spring,0,0,0,담하,제로콜라
2024-03-26,0,3,Spring,0,0,0,담하,제로콜라
2024-03-27,0,3,Spring,0,0,0,담하,제로콜라
2024-03-28,0,3,Spring,0,0,0,담하,제로콜라
2024-03-29,0,3,Spring,0,0,0,담하,제로콜라
2024-03-30,1,3,Spring,1,0,1,담하,제로콜라
2024-03-31,1,3,Spring,1,0,1,담하,제로콜라
2024-04-01,0,4,Spring,0,0,0,담하,제로콜라
2024-04-02,0,4,Spring,0,0,0,담하,제로콜라
2024-04-03,0,4,Spring,0,0,0,담하,제로콜라
2024-04-04,0,4,Spring,0,0,0,담하,제로콜라
2024-04-05,0,4,Spring,0,0,0,담하,제로콜라
2024-04-06,0,4,Spring,1,0,1,담하,제로콜라
2024-04-07,1,4,Spring,1,0,1,담하,제로콜라
2024-04-08,0,4,Spring,0,0,0,담하,제로콜라
2024-04-09,1,4,Spring,0,0,0,담하,제로콜라
2024-04-10,2,4,Spring,0,1,1,담하,제로콜라
2024-04-11,0,4,Spring,0,0,0,담하,제로콜라
2024-04-12,0,4,Spring,0,0,0,담하,제로콜라
2024-04-13,1,4,Spring,1,0,1,담하,제로콜라
2024-04-14,1,4,Spring,1,0,1,담하,제로콜라
2024-04-15,1,4,Spring,0,0,0,담하,제로콜라
2024-04-16,0,4,Spring,0,0,0,담하,제로콜라
2024-04-17,0,4,Spring,0,0,0,담하,제로콜라
2024-04-18,0,4,Spring,0,0,0,담하,제로콜라
2024-04-19,0,4,Spring,0,0,0,담하,제로콜라
2024-04-20,3,4,Spring,1,0,1,담하,제로콜라
2024-04-21,1,4,Spring,1,0,1,담하,제로콜라
2024-04-22,0,4,Spring,0,0,0,담하,제로콜라
2024-04-23,0,4,Spring,0,0,0,담하,제로콜라
2024-04-24,0,4,Spring,0,0,0,담하,제로콜라
2024-04-25,0,4,Spring,0,0,0,담하,제로콜라
2024-04-26,0,4,Spring,0,0,0,담하,제로콜라
2024-04-27,0,4,Spring,1,0,1,담하,제로콜라
2024-04-28,1,4,Spring,1,0,1,담하,제로콜라
2024-04-29,0,4,Spring,0,0,0,담하,제로콜라
2024-04-30,3,4,Spring,0,0,0,담하,제로콜라
2024-05-01,0,5,Spring,0,0,0,담하,제로콜라
2024-05-02,1,5,Spring,0,0,0,담하,제로콜라
2024-05-03,1,5,Spring,0,0,0,담하,제로콜라
2024-05-04,0,5,Spring,1,0,1,담하,제로콜라
2024-05-05,0,5,Spring,1,1,1,담하,제로콜라
2024-05-06,1,5,Spring,0,1,1,담하,제로콜라
2024-05-07,0,5,Spring,0,0,0,담하,제로콜라
2024-05-08,0,5,Spring,0,0,0,담하,제로콜라
2024-05-09,1,5,Spring,0,0,0,담하,제로콜라
2024-05-10,0,5,Spring,0,0,0,담하,제로콜라
2024-05-11,0,5,Spring,1,0,1,담하,제로콜라
2024-05-12,0,5,Spring,1,0,1,담하,제로콜라
2024-05-13,0,5,Spring,0,0,0,담하,제로콜라
2024-05-14,0,5,Spring,0,0,0,담하,제로콜라
2024-05-15,0,5,Spring,0,1,1,담하,제로콜라
2024-05-16,0,5,Spring,0,0,0,담하,제로콜라
2024-05-17,1,5,Spring,0,0,0,담하,제로콜라
2024-05-18,0,5,Spring,1,0,1,담하,제로콜라
2024-05-19,0,5,Spring,1,0,1,담하,제로콜라
2024-05-20,1,5,Spring,0,0,0,담하,제로콜라
2024-05-21,0,5,Spring,0,0,0,담하,제로콜라
2024-05-22,0,5,Spring,0,0,0,담하,제로콜라
2024-05-23,18,5,Spring,0,0,0,담하,제로콜라
2024-05-24,0,5,Spring,0,0,0,담하,제로콜라
2024-05-25,0,5,Spring,1,0,1,담하,제로콜라
2024-05-26,0,5,Spring,1,0,1,담하,제로콜라
2024-05-27,0,5,Spring,0,0,0,담하,제로콜라
2024-05-28,0,5,Spring,0,0,0,담하,제로콜라
2024-05-29,0,5,Spring,0,0,0,담하,제로콜라
2024-05-30,0,5,Spring,0,0,0,담하,제로콜라
2024-05-31,0,5,Spring,0,0,0,담하,제로콜라
2024-06-01,3,6,Summer,1,0,1,담하,제로콜라
2024-06-02,0,6,Summer,1,0,1,담하,제로콜라
2024-06-03,0,6,Summer,0,0,0,담하,제로콜라
2024-06-04,0,6,Summer,0,0,0,담하,제로콜라
2024-06-05,1,6,Summer,0,0,0,담하,제로콜라
2024-06-06,0,6,Summer,0,1,1,담하,제로콜라
2024-06-07,0,6,Summer,0,0,0,담하,제로콜라
2024-06-08,0,6,Summer,1,0,1,담하,제로콜라
2024-06-09,0,6,Summer,1,0,1,담하,제로콜라
2024-06-10,0,6,Summer,0,0,0,담하,제로콜라
2024-06-11,0,6,Summer,0,0,0,담하,제로콜라
2024-06-12,0,6,Summer,0,0,0,담하,제로콜라
2024-06-13,0,6,Summer,0,0,0,담하,제로콜라
2024-06-14,0,6,Summer,0,0,0,담하,제로콜라
2024-06-15,0,6,Summer,1,0,1,담하,제로콜라
2023-01-01,6,1,Winter,1,1,1,담하,참이슬
2023-01-02,2,1,Winter,0,0,0,담하,참이슬
2023-01-03,3,1,Winter,0,0,0,담하,참이슬
2023-01-04,3,1,Winter,0,0,0,담하,참이슬
2023-01-05,2,1,Winter,0,0,0,담하,참이슬
2023-01-06,1,1,Winter,0,0,0,담하,참이슬
2023-01-07,4,1,Winter,1,0,1,담하,참이슬
2023-01-08,1,1,Winter,1,0,1,담하,참이슬
2023-01-09,2,1,Winter,0,0,0,담하,참이슬
2023-01-10,17,1,Winter,0,0,0,담하,참이슬
2023-01-11,0,1,Winter,0,0,0,담하,참이슬
2023-01-12,5,1,Winter,0,0,0,담하,참이슬
2023-01-13,10,1,Winter,0,0,0,담하,참이슬
2023-01-14,3,1,Winter,1,0,1,담하,참이슬
2023-01-15,0,1,Winter,1,0,1,담하,참이슬
2023-01-16,4,1,Winter,0,0,0,담하,참이슬
2023-01-17,9,1,Winter,0,0,0,담하,참이슬
2023-01-18,4,1,Winter,0,0,0,담하,참이슬
2023-01-19,2,1,Winter,0,0,0,담하,참이슬
2023-01-20,3,1,Winter,0,0,0,담하,참이슬
2023-01-21,6,1,Winter,1,1,1,담하,참이슬
2023-01-22,6,1,Winter,1,1,1,담하,참이슬
2023-01-23,7,1,Winter,0,1,1,담하,참이슬
2023-01-24,0,1,Winter,0,1,1,담하,참이슬
2023-01-25,7,1,Winter,0,0,0,담하,참이슬
2023-01-26,3,1,Winter,0,0,0,담하,참이슬
2023-01-27,2,1,Winter,0,0,0,담하,참이슬
2023-01-28,6,1,Winter,1,0,1,담하,참이슬
2023-01-29,7,1,Winter,1,0,1,담하,참이슬
2023-01-30,5,1,Winter,0,0,0,담하,참이슬
2023-01-31,0,1,Winter,0,0,0,담하,참이슬
2023-02-01,3,2,Winter,0,0,0,담하,참이슬
2023-02-02,2,2,Winter,0,0,0,담하,참이슬
2023-02-03,0,2,Winter,0,0,0,담하,참이슬
2023-02-04,3,2,Winter,1,0,1,담하,참이슬
2023-02-05,0,2,Winter,1,0,1,담하,참이슬
2023-02-06,1,2,Winter,0,0,0,담하,참이슬
2023-02-07,1,2,Winter,0,0,0,담하,참이슬
2023-02-08,3,2,Winter,0,0,0,담하,참이슬
2023-02-09,2,2,Winter,0,0,0,담하,참이슬
2023-02-10,2,2,Winter,0,0,0,담하,참이슬
2023-02-11,2,2,Winter,1,0,1,담하,참이슬
2023-02-12,7,2,Winter,1,0,1,담하,참이슬
2023-02-13,1,2,Winter,0,0,0,담하,참이슬
2023-02-14,1,2,Winter,0,0,0,담하,참이슬
2023-02-15,1,2,Winter,0,0,0,담하,참이슬
2023-02-16,1,2,Winter,0,0,0,담하,참이슬
2023-02-17,3,2,Winter,0,0,0,담하,참이슬
2023-02-18,5,2,Winter,1,0,1,담하,참이슬
2023-02-19,2,2,Winter,1,0,1,담하,참이슬
2023-02-20,2,2,Winter,0,0,0,담하,참이슬
2023-02-21,0,2,Winter,0,0,0,담하,참이슬
2023-02-22,0,2,Winter,0,0,0,담하,참이슬
2023-02-23,1,2,Winter,0,0,0,담하,참이슬
2023-02-24,7,2,Winter,0,0,0,담하,참이슬
2023-02-25,13,2,Winter,1,0,1,담하,참이슬
2023-02-26,2,2,Winter,1,0,1,담하,참이슬
2023-02-27,2,2,Winter,0,0,0,담하,참이슬
2023-02-28,1,2,Winter,0,0,0,담하,참이슬
2023-03-01,0,3,Spring,0,1,1,담하,참이슬
2023-03-02,0,3,Spring,0,0,0,담하,참이슬
2023-03-03,0,3,Spring,0,0,0,담하,참이슬
2023-03-04,0,3,Spring,1,0,1,담하,참이슬
2023-03-05,0,3,Spring,1,0,1,담하,참이슬
2023-03-06,0,3,Spring,0,0,0,담하,참이슬
2023-03-07,0,3,Spring,0,0,0,담하,참이슬
2023-03-08,0,3,Spring,0,0,0,담하,참이슬
2023-03-09,0,3,Spring,0,0,0,담하,참이슬
2023-03-10,0,3,Spring,0,0,0,담하,참이슬
2023-03-11,3,3,Spring,1,0,1,담하,참이슬
2023-03-12,0,3,Spring,1,0,1,담하,참이슬
2023-03-13,1,3,Spring,0,0,0,담하,참이슬
2023-03-14,0,3,Spring,0,0,0,담하,참이슬
2023-03-15,3,3,Spring,0,0,0,담하,참이슬
2023-03-16,0,3,Spring,0,0,0,담하,참이슬
2023-03-17,2,3,Spring,0,0,0,담하,참이슬
2023-03-18,12,3,Spring,1,0,1,담하,참이슬
2023-03-19,4,3,Spring,1,0,1,담하,참이슬
2023-03-20,0,3,Spring,0,0,0,담하,참이슬
2023-03-21,1,3,Spring,0,0,0,담하,참이슬
2023-03-22,0,3,Spring,0,0,0,담하,참이슬
2023-03-23,0,3,Spring,0,0,0,담하,참이슬
2023-03-24,6,3,Spring,0,0,0,담하,참이슬
2023-03-25,7,3,Spring,1,0,1,담하,참이슬
2023-03-26,2,3,Spring,1,0,1,담하,참이슬
2023-03-27,0,3,Spring,0,0,0,담하,참이슬
2023-03-28,1,3,Spring,0,0,0,담하,참이슬
2023-03-29,0,3,Spring,0,0,0,담하,참이슬
2023-03-30,1,3,Spring,0,0,0,담하,참이슬
2023-03-31,4,3,Spring,0,0,0,담하,참이슬
2023-04-01,6,4,Spring,1,0,1,담하,참이슬
2023-04-02,0,4,Spring,1,0,1,담하,참이슬
2023-04-03,0,4,Spring,0,0,0,담하,참이슬
2023-04-04,0,4,Spring,0,0,0,담하,참이슬
2023-04-05,1,4,Spring,0,0,0,담하,참이슬
2023-04-06,1,4,Spring,0,0,0,담하,참이슬
2023-04-07,3,4,Spring,0,0,0,담하,참이슬
2023-04-08,6,4,Spring,1,0,1,담하,참이슬
2023-04-09,0,4,Spring,1,0,1,담하,참이슬
2023-04-10,3,4,Spring,0,0,0,담하,참이슬
2023-04-11,1,4,Spring,0,0,0,담하,참이슬
2023-04-12,1,4,Spring,0,0,0,담하,참이슬
2023-04-13,12,4,Spring,0,0,0,담하,참이슬
2023-04-14,3,4,Spring,0,0,0,담하,참이슬
2023-04-15,3,4,Spring,1,0,1,담하,참이슬
2023-04-16,0,4,Spring,1,0,1,담하,참이슬
2023-04-17,1,4,Spring,0,0,0,담하,참이슬
2023-04-18,0,4,Spring,0,0,0,담하,참이슬
2023-04-19,0,4,Spring,0,0,0,담하,참이슬
2023-04-20,1,4,Spring,0,0,0,담하,참이슬
2023-04-21,3,4,Spring,0,0,0,담하,참이슬
2023-04-22,1,4,Spring,1,0,1,담하,참이슬
2023-04-23,4,4,Spring,1,0,1,담하,참이슬
2023-04-24,3,4,Spring,0,0,0,담하,참이슬
2023-04-25,2,4,Spring,0,0,0,담하,참이슬
2023-04-26,1,4,Spring,0,0,0,담하,참이슬
2023-04-27,2,4,Spring,0,0,0,담하,참이슬
2023-04-28,2,4,Spring,0,0,0,담하,참이슬
2023-04-29,7,4,Spring,1,0,1,담하,참이슬
2023-04-30,4,4,Spring,1,0,1,담하,참이슬
2023-05-01,4,5,Spring,0,0,0,담하,참이슬
2023-05-02,1,5,Spring,0,0,0,담하,참이슬
2023-05-03,0,5,Spring,0,0,0,담하,참이슬
2023-05-04,3,5,Spring,0,0,0,담하,참이슬
2023-05-05,6,5,Spring,0,1,1,담하,참이슬
2023-05-06,9,5,Spring,1,0,1,담하,참이슬
2023-05-07,3,5,Spring,1,0,1,담하,참이슬
2023-05-08,2,5,Spring,0,0,0,담하,참이슬
2023-05-09,3,5,Spring,0,0,0,담하,참이슬
2023-05-10,1,5,Spring,0,0,0,담하,참이슬
2023-05-11,2,5,Spring,0,0,0,담하,참이슬
2023-05-12,1,5,Spring,0,0,0,담하,참이슬
2023-05-13,8,5,Spring,1,0,1,담하,참이슬
2023-05-14,2,5,Spring,1,0,1,담하,참이슬
2023-05-15,1,5,Spring,0,0,0,담하,참이슬
2023-05-16,0,5,Spring,0,0,0,담하,참이슬
2023-05-17,1,5,Spring,0,0,0,담하,참이슬
2023-05-18,0,5,Spring,0,0,0,담하,참이슬
2023-05-19,3,5,Spring,0,0,0,담하,참이슬
2023-05-20,6,5,Spring,1,0,1,담하,참이슬
2023-05-21,1,5,Spring,1,0,1,담하,참이슬
2023-05-22,1,5,Spring,0,0,0,담하,참이슬
2023-05-23,4,5,Spring,0,0,0,담하,참이슬
2023-05-24,1,5,Spring,0,0,0,담하,참이슬
2023-05-25,1,5,Spring,0,0,0,담하,참이슬
2023-05-26,1,5,Spring,0,0,0,담하,참이슬
2023-05-27,9,5,Spring,1,1,1,담하,참이슬
2023-05-28,3,5,Spring,1,0,1,담하,참이슬
2023-05-29,5,5,Spring,0,1,1,담하,참이슬
2023-05-30,1,5,Spring,0,0,0,담하,참이슬
2023-05-31,0,5,Spring,0,0,0,담하,참이슬
2023-06-01,4,6,Summer,0,0,0,담하,참이슬
2023-06-02,2,6,Summer,0,0,0,담하,참이슬
2023-06-03,1,6,Summer,1,0,1,담하,참이슬
2023-06-04,2,6,Summer,1,0,1,담하,참이슬
2023-06-05,7,6,Summer,0,0,0,담하,참이슬
2023-06-06,0,6,Summer,0,1,1,담하,참이슬
2023-06-07,2,6,Summer,0,0,0,담하,참이슬
2023-06-08,2,6,Summer,0,0,0,담하,참이슬
2023-06-09,2,6,Summer,0,0,0,담하,참이슬
2023-06-10,7,6,Summer,1,0,1,담하,참이슬
2023-06-11,1,6,Summer,1,0,1,담하,참이슬
2023-06-12,2,6,Summer,0,0,0,담하,참이슬
2023-06-13,4,6,Summer,0,0,0,담하,참이슬
2023-06-14,3,6,Summer,0,0,0,담하,참이슬
2023-06-15,4,6,Summer,0,0,0,담하,참이슬
2023-06-16,4,6,Summer,0,0,0,담하,참이슬
2023-06-17,3,6,Summer,1,0,1,담하,참이슬
2023-06-18,1,6,Summer,1,0,1,담하,참이슬
2023-06-19,0,6,Summer,0,0,0,담하,참이슬
2023-06-20,0,6,Summer,0,0,0,담하,참이슬
2023-06-21,0,6,Summer,0,0,0,담하,참이슬
2023-06-22,1,6,Summer,0,0,0,담하,참이슬
2023-06-23,5,6,Summer,0,0,0,담하,참이슬
2023-06-24,7,6,Summer,1,0,1,담하,참이슬
2023-06-25,0,6,Summer,1,0,1,담하,참이슬
2023-06-26,1,6,Summer,0,0,0,담하,참이슬
2023-06-27,0,6,Summer,0,0,0,담하,참이슬
2023-06-28,0,6,Summer,0,0,0,담하,참이슬
2023-06-29,0,6,Summer,0,0,0,담하,참이슬
2023-06-30,0,6,Summer,0,0,0,담하,참이슬
2023-07-01,5,7,Summer,1,0,1,담하,참이슬
2023-07-02,1,7,Summer,1,0,1,담하,참이슬
2023-07-03,0,7,Summer,0,0,0,담하,참이슬
2023-07-04,0,7,Summer,0,0,0,담하,참이슬
2023-07-05,0,7,Summer,0,0,0,담하,참이슬
2023-07-06,3,7,Summer,0,0,0,담하,참이슬
2023-07-07,3,7,Summer,0,0,0,담하,참이슬
2023-07-08,10,7,Summer,1,0,1,담하,참이슬
2023-07-09,1,7,Summer,1,0,1,담하,참이슬
2023-07-10,0,7,Summer,0,0,0,담하,참이슬
2023-07-11,0,7,Summer,0,0,0,담하,참이슬
2023-07-12,0,7,Summer,0,0,0,담하,참이슬
2023-07-13,2,7,Summer,0,0,0,담하,참이슬
2023-07-14,0,7,Summer,0,0,0,담하,참이슬
2023-07-15,4,7,Summer,1,0,1,담하,참이슬
2023-07-16,3,7,Summer,1,0,1,담하,참이슬
2023-07-17,0,7,Summer,0,0,0,담하,참이슬
2023-07-18,1,7,Summer,0,0,0,담하,참이슬
2023-07-19,0,7,Summer,0,0,0,담하,참이슬
2023-07-20,1,7,Summer,0,0,0,담하,참이슬
2023-07-21,1,7,Summer,0,0,0,담하,참이슬
2023-07-22,0,7,Summer,1,0,1,담하,참이슬
2023-07-23,2,7,Summer,1,0,1,담하,참이슬
2023-07-24,0,7,Summer,0,0,0,담하,참이슬
2023-07-25,0,7,Summer,0,0,0,담하,참이슬
2023-07-26,2,7,Summer,0,0,0,담하,참이슬
2023-07-27,1,7,Summer,0,0,0,담하,참이슬
2023-07-28,5,7,Summer,0,0,0,담하,참이슬
2023-07-29,3,7,Summer,1,0,1,담하,참이슬
2023-07-30,7,7,Summer,1,0,1,담하,참이슬
2023-07-31,9,7,Summer,0,0,0,담하,참이슬
2023-08-01,5,8,Summer,0,0,0,담하,참이슬
2023-08-02,8,8,Summer,0,0,0,담하,참이슬
2023-08-03,4,8,Summer,0,0,0,담하,참이슬
2023-08-04,6,8,Summer,0,0,0,담하,참이슬
2023-08-05,5,8,Summer,1,0,1,담하,참이슬
2023-08-06,0,8,Summer,1,0,1,담하,참이슬
2023-08-07,7,8,Summer,0,0,0,담하,참이슬
2023-08-08,2,8,Summer,0,0,0,담하,참이슬
2023-08-09,4,8,Summer,0,0,0,담하,참이슬
2023-08-10,2,8,Summer,0,0,0,담하,참이슬
2023-08-11,4,8,Summer,0,0,0,담하,참이슬
2023-08-12,2,8,Summer,1,0,1,담하,참이슬
2023-08-13,1,8,Summer,1,0,1,담하,참이슬
2023-08-14,7,8,Summer,0,0,0,담하,참이슬
2023-08-15,3,8,Summer,0,1,1,담하,참이슬
2023-08-16,0,8,Summer,0,0,0,담하,참이슬
2023-08-17,0,8,Summer,0,0,0,담하,참이슬
2023-08-18,0,8,Summer,0,0,0,담하,참이슬
2023-08-19,5,8,Summer,1,0,1,담하,참이슬
2023-08-20,0,8,Summer,1,0,1,담하,참이슬
2023-08-21,1,8,Summer,0,0,0,담하,참이슬
2023-08-22,2,8,Summer,0,0,0,담하,참이슬
2023-08-23,0,8,Summer,0,0,0,담하,참이슬
2023-08-24,0,8,Summer,0,0,0,담하,참이슬
2023-08-25,1,8,Summer,0,0,0,담하,참이슬
2023-08-26,1,8,Summer,1,0,1,담하,참이슬
2023-08-27,1,8,Summer,1,0,1,담하,참이슬
2023-08-28,0,8,Summer,0,0,0,담하,참이슬
2023-08-29,0,8,Summer,0,0,0,담하,참이슬
2023-08-30,5,8,Summer,0,0,0,담하,참이슬
2023-08-31,3,8,Summer,0,0,0,담하,참이슬
2023-09-01,5,9,Autumn,0,0,0,담하,참이슬
2023-09-02,4,9,Autumn,1,0,1,담하,참이슬
2023-09-03,2,9,Autumn,1,0,1,담하,참이슬
2023-09-04,0,9,Autumn,0,0,0,담하,참이슬
2023-09-05,0,9,Autumn,0,0,0,담하,참이슬
2023-09-06,0,9,Autumn,0,0,0,담하,참이슬
2023-09-07,0,9,Autumn,0,0,0,담하,참이슬
2023-09-08,2,9,Autumn,0,0,0,담하,참이슬
2023-09-09,1,9,Autumn,1,0,1,담하,참이슬
2023-09-10,2,9,Autumn,1,0,1,담하,참이슬
2023-09-11,2,9,Autumn,0,0,0,담하,참이슬
2023-09-12,1,9,Autumn,0,0,0,담하,참이슬
2023-09-13,1,9,Autumn,0,0,0,담하,참이슬
2023-09-14,0,9,Autumn,0,0,0,담하,참이슬
2023-09-15,0,9,Autumn,0,0,0,담하,참이슬
2023-09-16,4,9,Autumn,1,0,1,담하,참이슬
2023-09-17,3,9,Autumn,1,0,1,담하,참이슬
2023-09-18,1,9,Autumn,0,0,0,담하,참이슬
2023-09-19,1,9,Autumn,0,0,0,담하,참이슬
2023-09-20,0,9,Autumn,0,0,0,담하,참이슬
2023-09-21,1,9,Autumn,0,0,0,담하,참이슬
2023-09-22,2,9,Autumn,0,0,0,담하,참이슬
2023-09-23,5,9,Autumn,1,0,1,담하,참이슬
2023-09-24,1,9,Autumn,1,0,1,담하,참이슬
2023-09-25,0,9,Autumn,0,0,0,담하,참이슬
2023-09-26,1,9,Autumn,0,0,0,담하,참이슬
2023-09-27,0,9,Autumn,0,0,0,담하,참이슬
2023-09-28,7,9,Autumn,0,1,1,담하,참이슬
2023-09-29,5,9,Autumn,0,1,1,담하,참이슬
2023-09-30,8,9,Autumn,1,1,1,담하,참이슬
2023-10-01,3,10,Autumn,1,0,1,담하,참이슬
2023-10-02,5,10,Autumn,0,1,1,담하,참이슬
2023-10-03,0,10,Autumn,0,1,1,담하,참이슬
2023-10-04,1,10,Autumn,0,0,0,담하,참이슬
2023-10-05,0,10,Autumn,0,0,0,담하,참이슬
2023-10-06,6,10,Autumn,0,0,0,담하,참이슬
2023-10-07,1,10,Autumn,1,0,1,담하,참이슬
2023-10-08,6,10,Autumn,1,0,1,담하,참이슬
2023-10-09,2,10,Autumn,0,1,1,담하,참이슬
2023-10-10,2,10,Autumn,0,0,0,담하,참이슬
2023-10-11,7,10,Autumn,0,0,0,담하,참이슬
2023-10-12,4,10,Autumn,0,0,0,담하,참이슬
2023-10-13,0,10,Autumn,0,0,0,담하,참이슬
2023-10-14,8,10,Autumn,1,0,1,담하,참이슬
2023-10-15,3,10,Autumn,1,0,1,담하,참이슬
2023-10-16,4,10,Autumn,0,0,0,담하,참이슬
2023-10-17,3,10,Autumn,0,0,0,담하,참이슬
2023-10-18,3,10,Autumn,0,0,0,담하,참이슬
2023-10-19,1,10,Autumn,0,0,0,담하,참이슬
2023-10-20,1,10,Autumn,0,0,0,담하,참이슬
2023-10-21,4,10,Autumn,1,0,1,담하,참이슬
2023-10-22,4,10,Autumn,1,0,1,담하,참이슬
2023-10-23,1,10,Autumn,0,0,0,담하,참이슬
2023-10-24,6,10,Autumn,0,0,0,담하,참이슬
2023-10-25,3,10,Autumn,0,0,0,담하,참이슬
2023-10-26,0,10,Autumn,0,0,0,담하,참이슬
2023-10-27,3,10,Autumn,0,0,0,담하,참이슬
2023-10-28,4,10,Autumn,1,0,1,담하,참이슬
2023-10-29,9,10,Autumn,1,0,1,담하,참이슬
2023-10-30,16,10,Autumn,0,0,0,담하,참이슬
2023-10-31,8,10,Autumn,0,0,0,담하,참이슬
2023-11-01,2,11,Autumn,0,0,0,담하,참이슬
2023-11-02,3,11,Autumn,0,0,0,담하,참이슬
2023-11-03,6,11,Autumn,0,0,0,담하,참이슬
2023-11-04,5,11,Autumn,1,0,1,담하,참이슬
2023-11-05,2,11,Autumn,1,0,1,담하,참이슬
2023-11-06,9,11,Autumn,0,0,0,담하,참이슬
2023-11-07,4,11,Autumn,0,0,0,담하,참이슬
2023-11-08,4,11,Autumn,0,0,0,담하,참이슬
2023-11-09,2,11,Autumn,0,0,0,담하,참이슬
2023-11-10,2,11,Autumn,0,0,0,담하,참이슬
2023-11-11,5,11,Autumn,1,0,1,담하,참이슬
2023-11-12,7,11,Autumn,1,0,1,담하,참이슬
2023-11-13,1,11,Autumn,0,0,0,담하,참이슬
2023-11-14,8,11,Autumn,0,0,0,담하,참이슬
2023-11-15,1,11,Autumn,0,0,0,담하,참이슬
2023-11-16,4,11,Autumn,0,0,0,담하,참이슬
2023-11-17,2,11,Autumn,0,0,0,담하,참이슬
2023-11-18,8,11,Autumn,1,0,1,담하,참이슬
2023-11-19,2,11,Autumn,1,0,1,담하,참이슬
2023-11-20,1,11,Autumn,0,0,0,담하,참이슬
2023-11-21,1,11,Autumn,0,0,0,담하,참이슬
2023-11-22,0,11,Autumn,0,0,0,담하,참이슬
2023-11-23,0,11,Autumn,0,0,0,담하,참이슬
2023-11-24,3,11,Autumn,0,0,0,담하,참이슬
2023-11-25,18,11,Autumn,1,0,1,담하,참이슬
2023-11-26,0,11,Autumn,1,0,1,담하,참이슬
2023-11-27,0,11,Autumn,0,0,0,담하,참이슬
2023-11-28,0,11,Autumn,0,0,0,담하,참이슬
2023-11-29,0,11,Autumn,0,0,0,담하,참이슬
2023-11-30,0,11,Autumn,0,0,0,담하,참이슬
2023-12-01,1,12,Winter,0,0,0,담하,참이슬
2023-12-02,2,12,Winter,1,0,1,담하,참이슬
2023-12-03,3,12,Winter,1,0,1,담하,참이슬
2023-12-04,1,12,Winter,0,0,0,담하,참이슬
2023-12-05,1,12,Winter,0,0,0,담하,참이슬
2023-12-06,0,12,Winter,0,0,0,담하,참이슬
2023-12-07,0,12,Winter,0,0,0,담하,참이슬
2023-12-08,2,12,Winter,0,0,0,담하,참이슬
2023-12-09,12,12,Winter,1,0,1,담하,참이슬
2023-12-10,0,12,Winter,1,0,1,담하,참이슬
2023-12-11,0,12,Winter,0,0,0,담하,참이슬
2023-12-12,0,12,Winter,0,0,0,담하,참이슬
2023-12-13,0,12,Winter,0,0,0,담하,참이슬
2023-12-14,0,12,Winter,0,0,0,담하,참이슬
2023-12-15,0,12,Winter,0,0,0,담하,참이슬
2023-12-16,2,12,Winter,1,0,1,담하,참이슬
2023-12-17,5,12,Winter,1,0,1,담하,참이슬
2023-12-18,2,12,Winter,0,0,0,담하,참이슬
2023-12-19,2,12,Winter,0,0,0,담하,참이슬
2023-12-20,6,12,Winter,0,0,0,담하,참이슬
2023-12-21,6,12,Winter,0,0,0,담하,참이슬
2023-12-22,4,12,Winter,0,0,0,담하,참이슬
2023-12-23,3,12,Winter,1,0,1,담하,참이슬
2023-12-24,0,12,Winter,1,0,1,담하,참이슬
2023-12-25,0,12,Winter,0,1,1,담하,참이슬
2023-12-26,1,12,Winter,0,0,0,담하,참이슬
2023-12-27,3,12,Winter,0,0,0,담하,참이슬
2023-12-28,2,12,Winter,0,0,0,담하,참이슬
2023-12-29,3,12,Winter,0,0,0,담하,참이슬
2023-12-30,6,12,Winter,1,0,1,담하,참이슬
2023-12-31,5,12,Winter,1,0,1,담하,참이슬
2024-01-01,1,1,Winter,0,1,1,담하,참이슬
2024-01-02,4,1,Winter,0,0,0,담하,참이슬
2024-01-03,1,1,Winter,0,0,0,담하,참이슬
2024-01-04,0,1,Winter,0,0,0,담하,참이슬
2024-01-05,2,1,Winter,0,0,0,담하,참이슬
2024-01-06,1,1,Winter,1,0,1,담하,참이슬
2024-01-07,1,1,Winter,1,0,1,담하,참이슬
2024-01-08,1,1,Winter,0,0,0,담하,참이슬
2024-01-09,1,1,Winter,0,0,0,담하,참이슬
2024-01-10,2,1,Winter,0,0,0,담하,참이슬
2024-01-11,1,1,Winter,0,0,0,담하,참이슬
2024-01-12,0,1,Winter,0,0,0,담하,참이슬
2024-01-13,0,1,Winter,1,0,1,담하,참이슬
2024-01-14,2,1,Winter,1,0,1,담하,참이슬
2024-01-15,2,1,Winter,0,0,0,담하,참이슬
2024-01-16,0,1,Winter,0,0,0,담하,참이슬
2024-01-17,1,1,Winter,0,0,0,담하,참이슬
2024-01-18,0,1,Winter,0,0,0,담하,참이슬
2024-01-19,1,1,Winter,0,0,0,담하,참이슬
2024-01-20,2,1,Winter,1,0,1,담하,참이슬
2024-01-21,0,1,Winter,1,0,1,담하,참이슬
2024-01-22,0,1,Winter,0,0,0,담하,참이슬
2024-01-23,2,1,Winter,0,0,0,담하,참이슬
2024-01-24,3,1,Winter,0,0,0,담하,참이슬
2024-01-25,1,1,Winter,0,0,0,담하,참이슬
2024-01-26,1,1,Winter,0,0,0,담하,참이슬
2024-01-27,3,1,Winter,1,0,1,담하,참이슬
2024-01-28,4,1,Winter,1,0,1,담하,참이슬
2024-01-29,0,1,Winter,0,0,0,담하,참이슬
2024-01-30,1,1,Winter,0,0,0,담하,참이슬
2024-01-31,2,1,Winter,0,0,0,담하,참이슬
2024-02-01,1,2,Winter,0,0,0,담하,참이슬
2024-02-02,3,2,Winter,0,0,0,담하,참이슬
2024-02-03,9,2,Winter,1,0,1,담하,참이슬
2024-02-04,7,2,Winter,1,0,1,담하,참이슬
2024-02-05,0,2,Winter,0,0,0,담하,참이슬
2024-02-06,3,2,Winter,0,0,0,담하,참이슬
2024-02-07,0,2,Winter,0,0,0,담하,참이슬
2024-02-08,1,2,Winter,0,0,0,담하,참이슬
2024-02-09,2,2,Winter,0,1,1,담하,참이슬
2024-02-10,0,2,Winter,1,1,1,담하,참이슬
2024-02-11,6,2,Winter,1,1,1,담하,참이슬
2024-02-12,1,2,Winter,0,1,1,담하,참이슬
2024-02-13,1,2,Winter,0,0,0,담하,참이슬
2024-02-14,0,2,Winter,0,0,0,담하,참이슬
2024-02-15,3,2,Winter,0,0,0,담하,참이슬
2024-02-16,2,2,Winter,0,0,0,담하,참이슬
2024-02-17,5,2,Winter,1,0,1,담하,참이슬
2024-02-18,0,2,Winter,1,0,1,담하,참이슬
2024-02-19,0,2,Winter,0,0,0,담하,참이슬
2024-02-20,0,2,Winter,0,0,0,담하,참이슬
2024-02-21,1,2,Winter,0,0,0,담하,참이슬
2024-02-22,1,2,Winter,0,0,0,담하,참이슬
2024-02-23,0,2,Winter,0,0,0,담하,참이슬
2024-02-24,6,2,Winter,1,0,1,담하,참이슬
2024-02-25,3,2,Winter,1,0,1,담하,참이슬
2024-02-26,0,2,Winter,0,0,0,담하,참이슬
2024-02-27,2,2,Winter,0,0,0,담하,참이슬
2024-02-28,2,2,Winter,0,0,0,담하,참이슬
2024-02-29,0,2,Winter,0,0,0,담하,참이슬
2024-03-01,0,3,Spring,0,1,1,담하,참이슬
2024-03-02,1,3,Spring,1,0,1,담하,참이슬
2024-03-03,0,3,Spring,1,0,1,담하,참이슬
2024-03-04,0,3,Spring,0,0,0,담하,참이슬
2024-03-05,0,3,Spring,0,0,0,담하,참이슬
2024-03-06,0,3,Spring,0,0,0,담하,참이슬
2024-03-07,0,3,Spring,0,0,0,담하,참이슬
2024-03-08,0,3,Spring,0,0,0,담하,참이슬
2024-03-09,0,3,Spring,1,0,1,담하,참이슬
2024-03-10,0,3,Spring,1,0,1,담하,참이슬
2024-03-11,0,3,Spring,0,0,0,담하,참이슬
2024-03-12,0,3,Spring,0,0,0,담하,참이슬
2024-03-13,0,3,Spring,0,0,0,담하,참이슬
2024-03-14,0,3,Spring,0,0,0,담하,참이슬
2024-03-15,1,3,Spring,0,0,0,담하,참이슬
2024-03-16,0,3,Spring,1,0,1,담하,참이슬
2024-03-17,0,3,Spring,1,0,1,담하,참이슬
2024-03-18,0,3,Spring,0,0,0,담하,참이슬
2024-03-19,0,3,Spring,0,0,0,담하,참이슬
2024-03-20,0,3,Spring,0,0,0,담하,참이슬
2024-03-21,3,3,Spring,0,0,0,담하,참이슬
2024-03-22,0,3,Spring,0,0,0,담하,참이슬
2024-03-23,3,3,Spring,1,0,1,담하,참이슬
2024-03-24,4,3,Spring,1,0,1,담하,참이슬
2024-03-25,0,3,Spring,0,0,0,담하,참이슬
2024-03-26,0,3,Spring,0,0,0,담하,참이슬
2024-03-27,0,3,Spring,0,0,0,담하,참이슬
2024-03-28,3,3,Spring,0,0,0,담하,참이슬
2024-03-29,10,3,Spring,0,0,0,담하,참이슬
2024-03-30,7,3,Spring,1,0,1,담하,참이슬
2024-03-31,1,3,Spring,1,0,1,담하,참이슬
2024-04-01,0,4,Spring,0,0,0,담하,참이슬
2024-04-02,1,4,Spring,0,0,0,담하,참이슬
2024-04-03,0,4,Spring,0,0,0,담하,참이슬
2024-04-04,2,4,Spring,0,0,0,담하,참이슬
2024-04-05,3,4,Spring,0,0,0,담하,참이슬
2024-04-06,7,4,Spring,1,0,1,담하,참이슬
2024-04-07,1,4,Spring,1,0,1,담하,참이슬
2024-04-08,1,4,Spring,0,0,0,담하,참이슬
2024-04-09,2,4,Spring,0,0,0,담하,참이슬
2024-04-10,5,4,Spring,0,1,1,담하,참이슬
2024-04-11,1,4,Spring,0,0,0,담하,참이슬
2024-04-12,6,4,Spring,0,0,0,담하,참이슬
2024-04-13,3,4,Spring,1,0,1,담하,참이슬
2024-04-14,0,4,Spring,1,0,1,담하,참이슬
2024-04-15,3,4,Spring,0,0,0,담하,참이슬
2024-04-16,2,4,Spring,0,0,0,담하,참이슬
2024-04-17,1,4,Spring,0,0,0,담하,참이슬
2024-04-18,4,4,Spring,0,0,0,담하,참이슬
2024-04-19,4,4,Spring,0,0,0,담하,참이슬
2024-04-20,5,4,Spring,1,0,1,담하,참이슬
2024-04-21,2,4,Spring,1,0,1,담하,참이슬
2024-04-22,1,4,Spring,0,0,0,담하,참이슬
2024-04-23,4,4,Spring,0,0,0,담하,참이슬
2024-04-24,3,4,Spring,0,0,0,담하,참이슬
2024-04-25,1,4,Spring,0,0,0,담하,참이슬
2024-04-26,2,4,Spring,0,0,0,담하,참이슬
2024-04-27,3,4,Spring,1,0,1,담하,참이슬
2024-04-28,3,4,Spring,1,0,1,담하,참이슬
2024-04-29,0,4,Spring,0,0,0,담하,참이슬
2024-04-30,7,4,Spring,0,0,0,담하,참이슬
2024-05-01,5,5,Spring,0,0,0,담하,참이슬
2024-05-02,4,5,Spring,0,0,0,담하,참이슬
2024-05-03,0,5,Spring,0,0,0,담하,참이슬
2024-05-04,8,5,Spring,1,0,1,담하,참이슬
2024-05-05,1,5,Spring,1,1,1,담하,참이슬
2024-05-06,1,5,Spring,0,1,1,담하,참이슬
2024-05-07,0,5,Spring,0,0,0,담하,참이슬
2024-05-08,0,5,Spring,0,0,0,담하,참이슬
2024-05-09,1,5,Spring,0,0,0,담하,참이슬
2024-05-10,0,5,Spring,0,0,0,담하,참이슬
2024-05-11,10,5,Spring,1,0,1,담하,참이슬
2024-05-12,7,5,Spring,1,0,1,담하,참이슬
2024-05-13,2,5,Spring,0,0,0,담하,참이슬
2024-05-14,1,5,Spring,0,0,0,담하,참이슬
2024-05-15,0,5,Spring,0,1,1,담하,참이슬
2024-05-16,1,5,Spring,0,0,0,담하,참이슬
2024-05-17,2,5,Spring,0,0,0,담하,참이슬
2024-05-18,0,5,Spring,1,0,1,담하,참이슬
2024-05-19,6,5,Spring,1,0,1,담하,참이슬
2024-05-20,4,5,Spring,0,0,0,담하,참이슬
2024-05-21,1,5,Spring,0,0,0,담하,참이슬
2024-05-22,0,5,Spring,0,0,0,담하,참이슬
2024-05-23,4,5,Spring,0,0,0,담하,참이슬
2024-05-24,3,5,Spring,0,0,0,담하,참이슬
2024-05-25,1,5,Spring,1,0,1,담하,참이슬
2024-05-26,0,5,Spring,1,0,1,담하,참이슬
2024-05-27,2,5,Spring,0,0,0,담하,참이슬
2024-05-28,0,5,Spring,0,0,0,담하,참이슬
2024-05-29,0,5,Spring,0,0,0,담하,참이슬
2024-05-30,3,5,Spring,0,0,0,담하,참이슬
2024-05-31,1,5,Spring,0,0,0,담하,참이슬
2024-06-01,10,6,Summer,1,0,1,담하,참이슬
2024-06-02,2,6,Summer,1,0,1,담하,참이슬
2024-06-03,1,6,Summer,0,0,0,담하,참이슬
2024-06-04,1,6,Summer,0,0,0,담하,참이슬
2024-06-05,0,6,Summer,0,0,0,담하,참이슬
2024-06-06,2,6,Summer,0,1,1,담하,참이슬
2024-06-07,2,6,Summer,0,0,0,담하,참이슬
2024-06-08,5,6,Summer,1,0,1,담하,참이슬
2024-06-09,0,6,Summer,1,0,1,담하,참이슬
2024-06-10,0,6,Summer,0,0,0,담하,참이슬
2024-06-11,0,6,Summer,0,0,0,담하,참이슬
2024-06-12,0,6,Summer,0,0,0,담하,참이슬
2024-06-13,1,6,Summer,0,0,0,담하,참이슬
2024-06-14,1,6,Summer,0,0,0,담하,참이슬
2024-06-15,6,6,Summer,1,0,1,담하,참이슬
2023-01-01,0,1,Winter,1,1,1,담하,처음처럼
2023-01-02,0,1,Winter,0,0,0,담하,처음처럼
2023-01-03,7,1,Winter,0,0,0,담하,처음처럼
2023-01-04,0,1,Winter,0,0,0,담하,처음처럼
2023-01-05,1,1,Winter,0,0,0,담하,처음처럼
2023-01-06,0,1,Winter,0,0,0,담하,처음처럼
2023-01-07,6,1,Winter,1,0,1,담하,처음처럼
2023-01-08,0,1,Winter,1,0,1,담하,처음처럼
2023-01-09,0,1,Winter,0,0,0,담하,처음처럼
2023-01-10,2,1,Winter,0,0,0,담하,처음처럼
2023-01-11,3,1,Winter,0,0,0,담하,처음처럼
2023-01-12,0,1,Winter,0,0,0,담하,처음처럼
2023-01-13,0,1,Winter,0,0,0,담하,처음처럼
2023-01-14,0,1,Winter,1,0,1,담하,처음처럼
2023-01-15,2,1,Winter,1,0,1,담하,처음처럼
2023-01-16,0,1,Winter,0,0,0,담하,처음처럼
2023-01-17,0,1,Winter,0,0,0,담하,처음처럼
2023-01-18,0,1,Winter,0,0,0,담하,처음처럼
2023-01-19,1,1,Winter,0,0,0,담하,처음처럼
2023-01-20,1,1,Winter,0,0,0,담하,처음처럼
2023-01-21,1,1,Winter,1,1,1,담하,처음처럼
2023-01-22,0,1,Winter,1,1,1,담하,처음처럼
2023-01-23,3,1,Winter,0,1,1,담하,처음처럼
2023-01-24,0,1,Winter,0,1,1,담하,처음처럼
2023-01-25,0,1,Winter,0,0,0,담하,처음처럼
2023-01-26,1,1,Winter,0,0,0,담하,처음처럼
2023-01-27,0,1,Winter,0,0,0,담하,처음처럼
2023-01-28,0,1,Winter,1,0,1,담하,처음처럼
2023-01-29,3,1,Winter,1,0,1,담하,처음처럼
2023-01-30,0,1,Winter,0,0,0,담하,처음처럼
2023-01-31,0,1,Winter,0,0,0,담하,처음처럼
2023-02-01,2,2,Winter,0,0,0,담하,처음처럼
2023-02-02,3,2,Winter,0,0,0,담하,처음처럼
2023-02-03,0,2,Winter,0,0,0,담하,처음처럼
2023-02-04,5,2,Winter,1,0,1,담하,처음처럼
2023-02-05,1,2,Winter,1,0,1,담하,처음처럼
2023-02-06,0,2,Winter,0,0,0,담하,처음처럼
2023-02-07,0,2,Winter,0,0,0,담하,처음처럼
2023-02-08,2,2,Winter,0,0,0,담하,처음처럼
2023-02-09,0,2,Winter,0,0,0,담하,처음처럼
2023-02-10,1,2,Winter,0,0,0,담하,처음처럼
2023-02-11,6,2,Winter,1,0,1,담하,처음처럼
2023-02-12,2,2,Winter,1,0,1,담하,처음처럼
2023-02-13,1,2,Winter,0,0,0,담하,처음처럼
2023-02-14,0,2,Winter,0,0,0,담하,처음처럼
2023-02-15,0,2,Winter,0,0,0,담하,처음처럼
2023-02-16,1,2,Winter,0,0,0,담하,처음처럼
2023-02-17,0,2,Winter,0,0,0,담하,처음처럼
2023-02-18,0,2,Winter,1,0,1,담하,처음처럼
2023-02-19,2,2,Winter,1,0,1,담하,처음처럼
2023-02-20,1,2,Winter,0,0,0,담하,처음처럼
2023-02-21,3,2,Winter,0,0,0,담하,처음처럼
2023-02-22,0,2,Winter,0,0,0,담하,처음처럼
2023-02-23,0,2,Winter,0,0,0,담하,처음처럼
2023-02-24,1,2,Winter,0,0,0,담하,처음처럼
2023-02-25,0,2,Winter,1,0,1,담하,처음처럼
2023-02-26,1,2,Winter,1,0,1,담하,처음처럼
2023-02-27,4,2,Winter,0,0,0,담하,처음처럼
2023-02-28,1,2,Winter,0,0,0,담하,처음처럼
2023-03-01,0,3,Spring,0,1,1,담하,처음처럼
2023-03-02,0,3,Spring,0,0,0,담하,처음처럼
2023-03-03,0,3,Spring,0,0,0,담하,처음처럼
2023-03-04,0,3,Spring,1,0,1,담하,처음처럼
2023-03-05,0,3,Spring,1,0,1,담하,처음처럼
2023-03-06,0,3,Spring,0,0,0,담하,처음처럼
2023-03-07,0,3,Spring,0,0,0,담하,처음처럼
2023-03-08,0,3,Spring,0,0,0,담하,처음처럼
2023-03-09,0,3,Spring,0,0,0,담하,처음처럼
2023-03-10,1,3,Spring,0,0,0,담하,처음처럼
2023-03-11,1,3,Spring,1,0,1,담하,처음처럼
2023-03-12,0,3,Spring,1,0,1,담하,처음처럼
2023-03-13,0,3,Spring,0,0,0,담하,처음처럼
2023-03-14,0,3,Spring,0,0,0,담하,처음처럼
2023-03-15,0,3,Spring,0,0,0,담하,처음처럼
2023-03-16,0,3,Spring,0,0,0,담하,처음처럼
2023-03-17,0,3,Spring,0,0,0,담하,처음처럼
2023-03-18,1,3,Spring,1,0,1,담하,처음처럼
2023-03-19,0,3,Spring,1,0,1,담하,처음처럼
2023-03-20,0,3,Spring,0,0,0,담하,처음처럼
2023-03-21,0,3,Spring,0,0,0,담하,처음처럼
2023-03-22,0,3,Spring,0,0,0,담하,처음처럼
2023-03-23,0,3,Spring,0,0,0,담하,처음처럼
2023-03-24,0,3,Spring,0,0,0,담하,처음처럼
2023-03-25,0,3,Spring,1,0,1,담하,처음처럼
2023-03-26,1,3,Spring,1,0,1,담하,처음처럼
2023-03-27,0,3,Spring,0,0,0,담하,처음처럼
2023-03-28,0,3,Spring,0,0,0,담하,처음처럼
2023-03-29,0,3,Spring,0,0,0,담하,처음처럼
2023-03-30,0,3,Spring,0,0,0,담하,처음처럼
2023-03-31,0,3,Spring,0,0,0,담하,처음처럼
2023-04-01,0,4,Spring,1,0,1,담하,처음처럼
2023-04-02,0,4,Spring,1,0,1,담하,처음처럼
2023-04-03,1,4,Spring,0,0,0,담하,처음처럼
2023-04-04,0,4,Spring,0,0,0,담하,처음처럼
2023-04-05,0,4,Spring,0,0,0,담하,처음처럼
2023-04-06,0,4,Spring,0,0,0,담하,처음처럼
2023-04-07,2,4,Spring,0,0,0,담하,처음처럼
2023-04-08,1,4,Spring,1,0,1,담하,처음처럼
2023-04-09,0,4,Spring,1,0,1,담하,처음처럼
2023-04-10,0,4,Spring,0,0,0,담하,처음처럼
2023-04-11,0,4,Spring,0,0,0,담하,처음처럼
2023-04-12,1,4,Spring,0,0,0,담하,처음처럼
2023-04-13,0,4,Spring,0,0,0,담하,처음처럼
2023-04-14,2,4,Spring,0,0,0,담하,처음처럼
2023-04-15,0,4,Spring,1,0,1,담하,처음처럼
2023-04-16,0,4,Spring,1,0,1,담하,처음처럼
2023-04-17,0,4,Spring,0,0,0,담하,처음처럼
2023-04-18,0,4,Spring,0,0,0,담하,처음처럼
2023-04-19,0,4,Spring,0,0,0,담하,처음처럼
2023-04-20,0,4,Spring,0,0,0,담하,처음처럼
2023-04-21,0,4,Spring,0,0,0,담하,처음처럼
2023-04-22,0,4,Spring,1,0,1,담하,처음처럼
2023-04-23,0,4,Spring,1,0,1,담하,처음처럼
2023-04-24,2,4,Spring,0,0,0,담하,처음처럼
2023-04-25,0,4,Spring,0,0,0,담하,처음처럼
2023-04-26,1,4,Spring,0,0,0,담하,처음처럼
2023-04-27,0,4,Spring,0,0,0,담하,처음처럼
2023-04-28,1,4,Spring,0,0,0,담하,처음처럼
2023-04-29,1,4,Spring,1,0,1,담하,처음처럼
2023-04-30,0,4,Spring,1,0,1,담하,처음처럼
2023-05-01,0,5,Spring,0,0,0,담하,처음처럼
2023-05-02,0,5,Spring,0,0,0,담하,처음처럼
2023-05-03,0,5,Spring,0,0,0,담하,처음처럼
2023-05-04,2,5,Spring,0,0,0,담하,처음처럼
2023-05-05,1,5,Spring,0,1,1,담하,처음처럼
2023-05-06,1,5,Spring,1,0,1,담하,처음처럼
2023-05-07,2,5,Spring,1,0,1,담하,처음처럼
2023-05-08,1,5,Spring,0,0,0,담하,처음처럼
2023-05-09,2,5,Spring,0,0,0,담하,처음처럼
2023-05-10,0,5,Spring,0,0,0,담하,처음처럼
2023-05-11,0,5,Spring,0,0,0,담하,처음처럼
2023-05-12,0,5,Spring,0,0,0,담하,처음처럼
2023-05-13,0,5,Spring,1,0,1,담하,처음처럼
2023-05-14,1,5,Spring,1,0,1,담하,처음처럼
2023-05-15,0,5,Spring,0,0,0,담하,처음처럼
2023-05-16,0,5,Spring,0,0,0,담하,처음처럼
2023-05-17,1,5,Spring,0,0,0,담하,처음처럼
2023-05-18,0,5,Spring,0,0,0,담하,처음처럼
2023-05-19,0,5,Spring,0,0,0,담하,처음처럼
2023-05-20,0,5,Spring,1,0,1,담하,처음처럼
2023-05-21,0,5,Spring,1,0,1,담하,처음처럼
2023-05-22,0,5,Spring,0,0,0,담하,처음처럼
2023-05-23,1,5,Spring,0,0,0,담하,처음처럼
2023-05-24,0,5,Spring,0,0,0,담하,처음처럼
2023-05-25,0,5,Spring,0,0,0,담하,처음처럼
2023-05-26,0,5,Spring,0,0,0,담하,처음처럼
2023-05-27,1,5,Spring,1,1,1,담하,처음처럼
2023-05-28,2,5,Spring,1,0,1,담하,처음처럼
2023-05-29,1,5,Spring,0,1,1,담하,처음처럼
2023-05-30,0,5,Spring,0,0,0,담하,처음처럼
2023-05-31,0,5,Spring,0,0,0,담하,처음처럼
2023-06-01,0,6,Summer,0,0,0,담하,처음처럼
2023-06-02,0,6,Summer,0,0,0,담하,처음처럼
2023-06-03,2,6,Summer,1,0,1,담하,처음처럼
2023-06-04,0,6,Summer,1,0,1,담하,처음처럼
2023-06-05,0,6,Summer,0,0,0,담하,처음처럼
2023-06-06,0,6,Summer,0,1,1,담하,처음처럼
2023-06-07,0,6,Summer,0,0,0,담하,처음처럼
2023-06-08,1,6,Summer,0,0,0,담하,처음처럼
2023-06-09,0,6,Summer,0,0,0,담하,처음처럼
2023-06-10,0,6,Summer,1,0,1,담하,처음처럼
2023-06-11,0,6,Summer,1,0,1,담하,처음처럼
2023-06-12,1,6,Summer,0,0,0,담하,처음처럼
2023-06-13,0,6,Summer,0,0,0,담하,처음처럼
2023-06-14,0,6,Summer,0,0,0,담하,처음처럼
2023-06-15,3,6,Summer,0,0,0,담하,처음처럼
2023-06-16,2,6,Summer,0,0,0,담하,처음처럼
2023-06-17,0,6,Summer,1,0,1,담하,처음처럼
2023-06-18,1,6,Summer,1,0,1,담하,처음처럼
2023-06-19,1,6,Summer,0,0,0,담하,처음처럼
2023-06-20,0,6,Summer,0,0,0,담하,처음처럼
2023-06-21,0,6,Summer,0,0,0,담하,처음처럼
2023-06-22,3,6,Summer,0,0,0,담하,처음처럼
2023-06-23,1,6,Summer,0,0,0,담하,처음처럼
2023-06-24,1,6,Summer,1,0,1,담하,처음처럼
2023-06-25,1,6,Summer,1,0,1,담하,처음처럼
2023-06-26,0,6,Summer,0,0,0,담하,처음처럼
2023-06-27,0,6,Summer,0,0,0,담하,처음처럼
2023-06-28,2,6,Summer,0,0,0,담하,처음처럼
2023-06-29,0,6,Summer,0,0,0,담하,처음처럼
2023-06-30,0,6,Summer,0,0,0,담하,처음처럼
2023-07-01,6,7,Summer,1,0,1,담하,처음처럼
2023-07-02,4,7,Summer,1,0,1,담하,처음처럼
2023-07-03,11,7,Summer,0,0,0,담하,처음처럼
2023-07-04,1,7,Summer,0,0,0,담하,처음처럼
2023-07-05,0,7,Summer,0,0,0,담하,처음처럼
2023-07-06,0,7,Summer,0,0,0,담하,처음처럼
2023-07-07,0,7,Summer,0,0,0,담하,처음처럼
2023-07-08,0,7,Summer,1,0,1,담하,처음처럼
2023-07-09,0,7,Summer,1,0,1,담하,처음처럼
2023-07-10,0,7,Summer,0,0,0,담하,처음처럼
2023-07-11,2,7,Summer,0,0,0,담하,처음처럼
2023-07-12,0,7,Summer,0,0,0,담하,처음처럼
2023-07-13,0,7,Summer,0,0,0,담하,처음처럼
2023-07-14,0,7,Summer,0,0,0,담하,처음처럼
2023-07-15,1,7,Summer,1,0,1,담하,처음처럼
2023-07-16,0,7,Summer,1,0,1,담하,처음처럼
2023-07-17,0,7,Summer,0,0,0,담하,처음처럼
2023-07-18,0,7,Summer,0,0,0,담하,처음처럼
2023-07-19,0,7,Summer,0,0,0,담하,처음처럼
2023-07-20,1,7,Summer,0,0,0,담하,처음처럼
2023-07-21,0,7,Summer,0,0,0,담하,처음처럼
2023-07-22,0,7,Summer,1,0,1,담하,처음처럼
2023-07-23,3,7,Summer,1,0,1,담하,처음처럼
2023-07-24,0,7,Summer,0,0,0,담하,처음처럼
2023-07-25,1,7,Summer,0,0,0,담하,처음처럼
2023-07-26,2,7,Summer,0,0,0,담하,처음처럼
2023-07-27,3,7,Summer,0,0,0,담하,처음처럼
2023-07-28,1,7,Summer,0,0,0,담하,처음처럼
2023-07-29,1,7,Summer,1,0,1,담하,처음처럼
2023-07-30,0,7,Summer,1,0,1,담하,처음처럼
2023-07-31,0,7,Summer,0,0,0,담하,처음처럼
2023-08-01,1,8,Summer,0,0,0,담하,처음처럼
2023-08-02,1,8,Summer,0,0,0,담하,처음처럼
2023-08-03,0,8,Summer,0,0,0,담하,처음처럼
2023-08-04,0,8,Summer,0,0,0,담하,처음처럼
2023-08-05,0,8,Summer,1,0,1,담하,처음처럼
2023-08-06,0,8,Summer,1,0,1,담하,처음처럼
2023-08-07,2,8,Summer,0,0,0,담하,처음처럼
2023-08-08,2,8,Summer,0,0,0,담하,처음처럼
2023-08-09,0,8,Summer,0,0,0,담하,처음처럼
2023-08-10,0,8,Summer,0,0,0,담하,처음처럼
2023-08-11,0,8,Summer,0,0,0,담하,처음처럼
2023-08-12,3,8,Summer,1,0,1,담하,처음처럼
2023-08-13,2,8,Summer,1,0,1,담하,처음처럼
2023-08-14,0,8,Summer,0,0,0,담하,처음처럼
2023-08-15,0,8,Summer,0,1,1,담하,처음처럼
2023-08-16,1,8,Summer,0,0,0,담하,처음처럼
2023-08-17,4,8,Summer,0,0,0,담하,처음처럼
2023-08-18,2,8,Summer,0,0,0,담하,처음처럼
2023-08-19,0,8,Summer,1,0,1,담하,처음처럼
2023-08-20,1,8,Summer,1,0,1,담하,처음처럼
2023-08-21,0,8,Summer,0,0,0,담하,처음처럼
2023-08-22,0,8,Summer,0,0,0,담하,처음처럼
2023-08-23,0,8,Summer,0,0,0,담하,처음처럼
2023-08-24,0,8,Summer,0,0,0,담하,처음처럼
2023-08-25,3,8,Summer,0,0,0,담하,처음처럼
2023-08-26,1,8,Summer,1,0,1,담하,처음처럼
2023-08-27,0,8,Summer,1,0,1,담하,처음처럼
2023-08-28,0,8,Summer,0,0,0,담하,처음처럼
2023-08-29,0,8,Summer,0,0,0,담하,처음처럼
2023-08-30,0,8,Summer,0,0,0,담하,처음처럼
2023-08-31,0,8,Summer,0,0,0,담하,처음처럼
2023-09-01,1,9,Autumn,0,0,0,담하,처음처럼
2023-09-02,2,9,Autumn,1,0,1,담하,처음처럼
2023-09-03,0,9,Autumn,1,0,1,담하,처음처럼
2023-09-04,3,9,Autumn,0,0,0,담하,처음처럼
2023-09-05,4,9,Autumn,0,0,0,담하,처음처럼
2023-09-06,0,9,Autumn,0,0,0,담하,처음처럼
2023-09-07,0,9,Autumn,0,0,0,담하,처음처럼
2023-09-08,1,9,Autumn,0,0,0,담하,처음처럼
2023-09-09,1,9,Autumn,1,0,1,담하,처음처럼
2023-09-10,0,9,Autumn,1,0,1,담하,처음처럼
2023-09-11,0,9,Autumn,0,0,0,담하,처음처럼
2023-09-12,1,9,Autumn,0,0,0,담하,처음처럼
2023-09-13,0,9,Autumn,0,0,0,담하,처음처럼
2023-09-14,1,9,Autumn,0,0,0,담하,처음처럼
2023-09-15,3,9,Autumn,0,0,0,담하,처음처럼
2023-09-16,2,9,Autumn,1,0,1,담하,처음처럼
2023-09-17,0,9,Autumn,1,0,1,담하,처음처럼
2023-09-18,0,9,Autumn,0,0,0,담하,처음처럼
2023-09-19,0,9,Autumn,0,0,0,담하,처음처럼
2023-09-20,0,9,Autumn,0,0,0,담하,처음처럼
2023-09-21,0,9,Autumn,0,0,0,담하,처음처럼
2023-09-22,0,9,Autumn,0,0,0,담하,처음처럼
2023-09-23,0,9,Autumn,1,0,1,담하,처음처럼
2023-09-24,0,9,Autumn,1,0,1,담하,처음처럼
2023-09-25,0,9,Autumn,0,0,0,담하,처음처럼
2023-09-26,0,9,Autumn,0,0,0,담하,처음처럼
2023-09-27,0,9,Autumn,0,0,0,담하,처음처럼
2023-09-28,3,9,Autumn,0,1,1,담하,처음처럼
2023-09-29,3,9,Autumn,0,1,1,담하,처음처럼
2023-09-30,2,9,Autumn,1,1,1,담하,처음처럼
2023-10-01,1,10,Autumn,1,0,1,담하,처음처럼
2023-10-02,2,10,Autumn,0,1,1,담하,처음처럼
2023-10-03,3,10,Autumn,0,1,1,담하,처음처럼
2023-10-04,2,10,Autumn,0,0,0,담하,처음처럼
2023-10-05,1,10,Autumn,0,0,0,담하,처음처럼
2023-10-06,0,10,Autumn,0,0,0,담하,처음처럼
2023-10-07,0,10,Autumn,1,0,1,담하,처음처럼
2023-10-08,4,10,Autumn,1,0,1,담하,처음처럼
2023-10-09,2,10,Autumn,0,1,1,담하,처음처럼
2023-10-10,0,10,Autumn,0,0,0,담하,처음처럼
2023-10-11,2,10,Autumn,0,0,0,담하,처음처럼
2023-10-12,0,10,Autumn,0,0,0,담하,처음처럼
2023-10-13,1,10,Autumn,0,0,0,담하,처음처럼
2023-10-14,6,10,Autumn,1,0,1,담하,처음처럼
2023-10-15,3,10,Autumn,1,0,1,담하,처음처럼
2023-10-16,0,10,Autumn,0,0,0,담하,처음처럼
2023-10-17,2,10,Autumn,0,0,0,담하,처음처럼
2023-10-18,1,10,Autumn,0,0,0,담하,처음처럼
2023-10-19,3,10,Autumn,0,0,0,담하,처음처럼
2023-10-20,1,10,Autumn,0,0,0,담하,처음처럼
2023-10-21,4,10,Autumn,1,0,1,담하,처음처럼
2023-10-22,3,10,Autumn,1,0,1,담하,처음처럼
2023-10-23,1,10,Autumn,0,0,0,담하,처음처럼
2023-10-24,4,10,Autumn,0,0,0,담하,처음처럼
2023-10-25,0,10,Autumn,0,0,0,담하,처음처럼
2023-10-26,3,10,Autumn,0,0,0,담하,처음처럼
2023-10-27,2,10,Autumn,0,0,0,담하,처음처럼
2023-10-28,1,10,Autumn,1,0,1,담하,처음처럼
2023-10-29,0,10,Autumn,1,0,1,담하,처음처럼
2023-10-30,1,10,Autumn,0,0,0,담하,처음처럼
2023-10-31,1,10,Autumn,0,0,0,담하,처음처럼
2023-11-01,1,11,Autumn,0,0,0,담하,처음처럼
2023-11-02,0,11,Autumn,0,0,0,담하,처음처럼
2023-11-03,3,11,Autumn,0,0,0,담하,처음처럼
2023-11-04,1,11,Autumn,1,0,1,담하,처음처럼
2023-11-05,1,11,Autumn,1,0,1,담하,처음처럼
2023-11-06,1,11,Autumn,0,0,0,담하,처음처럼
2023-11-07,0,11,Autumn,0,0,0,담하,처음처럼
2023-11-08,3,11,Autumn,0,0,0,담하,처음처럼
2023-11-09,0,11,Autumn,0,0,0,담하,처음처럼
2023-11-10,12,11,Autumn,0,0,0,담하,처음처럼
2023-11-11,1,11,Autumn,1,0,1,담하,처음처럼
2023-11-12,0,11,Autumn,1,0,1,담하,처음처럼
2023-11-13,2,11,Autumn,0,0,0,담하,처음처럼
2023-11-14,0,11,Autumn,0,0,0,담하,처음처럼
2023-11-15,0,11,Autumn,0,0,0,담하,처음처럼
2023-11-16,0,11,Autumn,0,0,0,담하,처음처럼
2023-11-17,2,11,Autumn,0,0,0,담하,처음처럼
2023-11-18,1,11,Autumn,1,0,1,담하,처음처럼
2023-11-19,1,11,Autumn,1,0,1,담하,처음처럼
2023-11-20,0,11,Autumn,0,0,0,담하,처음처럼
2023-11-21,0,11,Autumn,0,0,0,담하,처음처럼
2023-11-22,0,11,Autumn,0,0,0,담하,처음처럼
2023-11-23,2,11,Autumn,0,0,0,담하,처음처럼
2023-11-24,0,11,Autumn,0,0,0,담하,처음처럼
2023-11-25,1,11,Autumn,1,0,1,담하,처음처럼
2023-11-26,0,11,Autumn,1,0,1,담하,처음처럼
2023-11-27,1,11,Autumn,0,0,0,담하,처음처럼
2023-11-28,0,11,Autumn,0,0,0,담하,처음처럼
2023-11-29,0,11,Autumn,0,0,0,담하,처음처럼
2023-11-30,0,11,Autumn,0,0,0,담하,처음처럼
2023-12-01,0,12,Winter,0,0,0,담하,처음처럼
2023-12-02,0,12,Winter,1,0,1,담하,처음처럼
2023-12-03,1,12,Winter,1,0,1,담하,처음처럼
2023-12-04,0,12,Winter,0,0,0,담하,처음처럼
2023-12-05,1,12,Winter,0,0,0,담하,처음처럼
2023-12-06,0,12,Winter,0,0,0,담하,처음처럼
2023-12-07,0,12,Winter,0,0,0,담하,처음처럼
2023-12-08,0,12,Winter,0,0,0,담하,처음처럼
2023-12-09,3,12,Winter,1,0,1,담하,처음처럼
2023-12-10,0,12,Winter,1,0,1,담하,처음처럼
2023-12-11,0,12,Winter,0,0,0,담하,처음처럼
2023-12-12,0,12,Winter,0,0,0,담하,처음처럼
2023-12-13,0,12,Winter,0,0,0,담하,처음처럼
2023-12-14,0,12,Winter,0,0,0,담하,처음처럼
2023-12-15,0,12,Winter,0,0,0,담하,처음처럼
2023-12-16,0,12,Winter,1,0,1,담하,처음처럼
2023-12-17,0,12,Winter,1,0,1,담하,처음처럼
2023-12-18,0,12,Winter,0,0,0,담하,처음처럼
2023-12-19,1,12,Winter,0,0,0,담하,처음처럼
2023-12-20,0,12,Winter,0,0,0,담하,처음처럼
2023-12-21,0,12,Winter,0,0,0,담하,처음처럼
2023-12-22,0,12,Winter,0,0,0,담하,처음처럼
2023-12-23,0,12,Winter,1,0,1,담하,처음처럼
2023-12-24,3,12,Winter,1,0,1,담하,처음처럼
2023-12-25,3,12,Winter,0,1,1,담하,처음처럼
2023-12-26,0,12,Winter,0,0,0,담하,처음처럼
2023-12-27,2,12,Winter,0,0,0,담하,처음처럼
2023-12-28,1,12,Winter,0,0,0,담하,처음처럼
2023-12-29,0,12,Winter,0,0,0,담하,처음처럼
2023-12-30,4,12,Winter,1,0,1,담하,처음처럼
2023-12-31,1,12,Winter,1,0,1,담하,처음처럼
2024-01-01,3,1,Winter,0,1,1,담하,처음처럼
2024-01-02,4,1,Winter,0,0,0,담하,처음처럼
2024-01-03,0,1,Winter,0,0,0,담하,처음처럼
2024-01-04,0,1,Winter,0,0,0,담하,처음처럼
2024-01-05,0,1,Winter,0,0,0,담하,처음처럼
2024-01-06,2,1,Winter,1,0,1,담하,처음처럼
2024-01-07,0,1,Winter,1,0,1,담하,처음처럼
2024-01-08,1,1,Winter,0,0,0,담하,처음처럼
2024-01-09,0,1,Winter,0,0,0,담하,처음처럼
2024-01-10,0,1,Winter,0,0,0,담하,처음처럼
2024-01-11,0,1,Winter,0,0,0,담하,처음처럼
2024-01-12,2,1,Winter,0,0,0,담하,처음처럼
2024-01-13,2,1,Winter,1,0,1,담하,처음처럼
2024-01-14,2,1,Winter,1,0,1,담하,처음처럼
2024-01-15,0,1,Winter,0,0,0,담하,처음처럼
2024-01-16,0,1,Winter,0,0,0,담하,처음처럼
2024-01-17,0,1,Winter,0,0,0,담하,처음처럼
2024-01-18,0,1,Winter,0,0,0,담하,처음처럼
2024-01-19,0,1,Winter,0,0,0,담하,처음처럼
2024-01-20,1,1,Winter,1,0,1,담하,처음처럼
2024-01-21,0,1,Winter,1,0,1,담하,처음처럼
2024-01-22,0,1,Winter,0,0,0,담하,처음처럼
2024-01-23,0,1,Winter,0,0,0,담하,처음처럼
2024-01-24,0,1,Winter,0,0,0,담하,처음처럼
2024-01-25,0,1,Winter,0,0,0,담하,처음처럼
2024-01-26,1,1,Winter,0,0,0,담하,처음처럼
2024-01-27,0,1,Winter,1,0,1,담하,처음처럼
2024-01-28,2,1,Winter,1,0,1,담하,처음처럼
2024-01-29,1,1,Winter,0,0,0,담하,처음처럼
2024-01-30,0,1,Winter,0,0,0,담하,처음처럼
2024-01-31,0,1,Winter,0,0,0,담하,처음처럼
2024-02-01,0,2,Winter,0,0,0,담하,처음처럼
2024-02-02,0,2,Winter,0,0,0,담하,처음처럼
2024-02-03,0,2,Winter,1,0,1,담하,처음처럼
2024-02-04,0,2,Winter,1,0,1,담하,처음처럼
2024-02-05,0,2,Winter,0,0,0,담하,처음처럼
2024-02-06,0,2,Winter,0,0,0,담하,처음처럼
2024-02-07,0,2,Winter,0,0,0,담하,처음처럼
2024-02-08,1,2,Winter,0,0,0,담하,처음처럼
2024-02-09,0,2,Winter,0,1,1,담하,처음처럼
2024-02-10,0,2,Winter,1,1,1,담하,처음처럼
2024-02-11,0,2,Winter,1,1,1,담하,처음처럼
2024-02-12,1,2,Winter,0,1,1,담하,처음처럼
2024-02-13,0,2,Winter,0,0,0,담하,처음처럼
2024-02-14,0,2,Winter,0,0,0,담하,처음처럼
2024-02-15,0,2,Winter,0,0,0,담하,처음처럼
2024-02-16,1,2,Winter,0,0,0,담하,처음처럼
2024-02-17,2,2,Winter,1,0,1,담하,처음처럼
2024-02-18,0,2,Winter,1,0,1,담하,처음처럼
2024-02-19,0,2,Winter,0,0,0,담하,처음처럼
2024-02-20,0,2,Winter,0,0,0,담하,처음처럼
2024-02-21,0,2,Winter,0,0,0,담하,처음처럼
2024-02-22,0,2,Winter,0,0,0,담하,처음처럼
2024-02-23,0,2,Winter,0,0,0,담하,처음처럼
2024-02-24,0,2,Winter,1,0,1,담하,처음처럼
2024-02-25,1,2,Winter,1,0,1,담하,처음처럼
2024-02-26,0,2,Winter,0,0,0,담하,처음처럼
2024-02-27,0,2,Winter,0,0,0,담하,처음처럼
2024-02-28,0,2,Winter,0,0,0,담하,처음처럼
2024-02-29,1,2,Winter,0,0,0,담하,처음처럼
2024-03-01,0,3,Spring,0,1,1,담하,처음처럼
2024-03-02,5,3,Spring,1,0,1,담하,처음처럼
2024-03-03,0,3,Spring,1,0,1,담하,처음처럼
2024-03-04,0,3,Spring,0,0,0,담하,처음처럼
2024-03-05,0,3,Spring,0,0,0,담하,처음처럼
2024-03-06,0,3,Spring,0,0,0,담하,처음처럼
2024-03-07,0,3,Spring,0,0,0,담하,처음처럼
2024-03-08,0,3,Spring,0,0,0,담하,처음처럼
2024-03-09,0,3,Spring,1,0,1,담하,처음처럼
2024-03-10,0,3,Spring,1,0,1,담하,처음처럼
2024-03-11,0,3,Spring,0,0,0,담하,처음처럼
2024-03-12,0,3,Spring,0,0,0,담하,처음처럼
2024-03-13,0,3,Spring,0,0,0,담하,처음처럼
2024-03-14,0,3,Spring,0,0,0,담하,처음처럼
2024-03-15,0,3,Spring,0,0,0,담하,처음처럼
2024-03-16,2,3,Spring,1,0,1,담하,처음처럼
2024-03-17,1,3,Spring,1,0,1,담하,처음처럼
2024-03-18,0,3,Spring,0,0,0,담하,처음처럼
2024-03-19,0,3,Spring,0,0,0,담하,처음처럼
2024-03-20,0,3,Spring,0,0,0,담하,처음처럼
2024-03-21,1,3,Spring,0,0,0,담하,처음처럼
2024-03-22,0,3,Spring,0,0,0,담하,처음처럼
2024-03-23,1,3,Spring,1,0,1,담하,처음처럼
2024-03-24,0,3,Spring,1,0,1,담하,처음처럼
2024-03-25,0,3,Spring,0,0,0,담하,처음처럼
2024-03-26,0,3,Spring,0,0,0,담하,처음처럼
2024-03-27,0,3,Spring,0,0,0,담하,처음처럼
2024-03-28,0,3,Spring,0,0,0,담하,처음처럼
2024-03-29,5,3,Spring,0,0,0,담하,처음처럼
2024-03-30,0,3,Spring,1,0,1,담하,처음처럼
2024-03-31,0,3,Spring,1,0,1,담하,처음처럼
2024-04-01,0,4,Spring,0,0,0,담하,처음처럼
2024-04-02,0,4,Spring,0,0,0,담하,처음처럼
2024-04-03,0,4,Spring,0,0,0,담하,처음처럼
2024-04-04,0,4,Spring,0,0,0,담하,처음처럼
2024-04-05,0,4,Spring,0,0,0,담하,처음처럼
2024-04-06,2,4,Spring,1,0,1,담하,처음처럼
2024-04-07,0,4,Spring,1,0,1,담하,처음처럼
2024-04-08,0,4,Spring,0,0,0,담하,처음처럼
2024-04-09,0,4,Spring,0,0,0,담하,처음처럼
2024-04-10,0,4,Spring,0,1,1,담하,처음처럼
2024-04-11,0,4,Spring,0,0,0,담하,처음처럼
2024-04-12,3,4,Spring,0,0,0,담하,처음처럼
2024-04-13,1,4,Spring,1,0,1,담하,처음처럼
2024-04-14,2,4,Spring,1,0,1,담하,처음처럼
2024-04-15,0,4,Spring,0,0,0,담하,처음처럼
2024-04-16,0,4,Spring,0,0,0,담하,처음처럼
2024-04-17,0,4,Spring,0,0,0,담하,처음처럼
2024-04-18,7,4,Spring,0,0,0,담하,처음처럼
2024-04-19,0,4,Spring,0,0,0,담하,처음처럼
2024-04-20,1,4,Spring,1,0,1,담하,처음처럼
2024-04-21,0,4,Spring,1,0,1,담하,처음처럼
2024-04-22,0,4,Spring,0,0,0,담하,처음처럼
2024-04-23,0,4,Spring,0,0,0,담하,처음처럼
2024-04-24,0,4,Spring,0,0,0,담하,처음처럼
2024-04-25,2,4,Spring,0,0,0,담하,처음처럼
2024-04-26,0,4,Spring,0,0,0,담하,처음처럼
2024-04-27,2,4,Spring,1,0,1,담하,처음처럼
2024-04-28,5,4,Spring,1,0,1,담하,처음처럼
2024-04-29,1,4,Spring,0,0,0,담하,처음처럼
2024-04-30,0,4,Spring,0,0,0,담하,처음처럼
2024-05-01,0,5,Spring,0,0,0,담하,처음처럼
2024-05-02,1,5,Spring,0,0,0,담하,처음처럼
2024-05-03,0,5,Spring,0,0,0,담하,처음처럼
2024-05-04,3,5,Spring,1,0,1,담하,처음처럼
2024-05-05,0,5,Spring,1,1,1,담하,처음처럼
2024-05-06,0,5,Spring,0,1,1,담하,처음처럼
2024-05-07,0,5,Spring,0,0,0,담하,처음처럼
2024-05-08,0,5,Spring,0,0,0,담하,처음처럼
2024-05-09,0,5,Spring,0,0,0,담하,처음처럼
2024-05-10,1,5,Spring,0,0,0,담하,처음처럼
2024-05-11,1,5,Spring,1,0,1,담하,처음처럼
2024-05-12,1,5,Spring,1,0,1,담하,처음처럼
2024-05-13,0,5,Spring,0,0,0,담하,처음처럼
2024-05-14,2,5,Spring,0,0,0,담하,처음처럼
2024-05-15,0,5,Spring,0,1,1,담하,처음처럼
2024-05-16,1,5,Spring,0,0,0,담하,처음처럼
2024-05-17,0,5,Spring,0,0,0,담하,처음처럼
2024-05-18,0,5,Spring,1,0,1,담하,처음처럼
2024-05-19,0,5,Spring,1,0,1,담하,처음처럼
2024-05-20,0,5,Spring,0,0,0,담하,처음처럼
2024-05-21,0,5,Spring,0,0,0,담하,처음처럼
2024-05-22,0,5,Spring,0,0,0,담하,처음처럼
2024-05-23,0,5,Spring,0,0,0,담하,처음처럼
2024-05-24,0,5,Spring,0,0,0,담하,처음처럼
2024-05-25,2,5,Spring,1,0,1,담하,처음처럼
2024-05-26,0,5,Spring,1,0,1,담하,처음처럼
2024-05-27,0,5,Spring,0,0,0,담하,처음처럼
2024-05-28,0,5,Spring,0,0,0,담하,처음처럼
2024-05-29,0,5,Spring,0,0,0,담하,처음처럼
2024-05-30,2,5,Spring,0,0,0,담하,처음처럼
2024-05-31,0,5,Spring,0,0,0,담하,처음처럼
2024-06-01,2,6,Summer,1,0,1,담하,처음처럼
2024-06-02,0,6,Summer,1,0,1,담하,처음처럼
2024-06-03,0,6,Summer,0,0,0,담하,처음처럼
2024-06-04,0,6,Summer,0,0,0,담하,처음처럼
2024-06-05,4,6,Summer,0,0,0,담하,처음처럼
2024-06-06,0,6,Summer,0,1,1,담하,처음처럼
2024-06-07,0,6,Summer,0,0,0,담하,처음처럼
2024-06-08,2,6,Summer,1,0,1,담하,처음처럼
2024-06-09,0,6,Summer,1,0,1,담하,처음처럼
2024-06-10,0,6,Summer,0,0,0,담하,처음처럼
2024-06-11,0,6,Summer,0,0,0,담하,처음처럼
2024-06-12,0,6,Summer,0,0,0,담하,처음처럼
2024-06-13,0,6,Summer,0,0,0,담하,처음처럼
2024-06-14,0,6,Summer,0,0,0,담하,처음처럼
2024-06-15,2,6,Summer,1,0,1,담하,처음처럼
2023-01-01,3,1,Winter,1,1,1,담하,카스
2023-01-02,3,1,Winter,0,0,0,담하,카스
2023-01-03,1,1,Winter,0,0,0,담하,카스
2023-01-04,5,1,Winter,0,0,0,담하,카스
2023-01-05,0,1,Winter,0,0,0,담하,카스
2023-01-06,1,1,Winter,0,0,0,담하,카스
2023-01-07,8,1,Winter,1,0,1,담하,카스
2023-01-08,2,1,Winter,1,0,1,담하,카스
2023-01-09,1,1,Winter,0,0,0,담하,카스
2023-01-10,4,1,Winter,0,0,0,담하,카스
2023-01-11,5,1,Winter,0,0,0,담하,카스
2023-01-12,1,1,Winter,0,0,0,담하,카스
2023-01-13,2,1,Winter,0,0,0,담하,카스
2023-01-14,4,1,Winter,1,0,1,담하,카스
2023-01-15,4,1,Winter,1,0,1,담하,카스
2023-01-16,2,1,Winter,0,0,0,담하,카스
2023-01-17,0,1,Winter,0,0,0,담하,카스
2023-01-18,0,1,Winter,0,0,0,담하,카스
2023-01-19,1,1,Winter,0,0,0,담하,카스
2023-01-20,1,1,Winter,0,0,0,담하,카스
2023-01-21,4,1,Winter,1,1,1,담하,카스
2023-01-22,2,1,Winter,1,1,1,담하,카스
2023-01-23,4,1,Winter,0,1,1,담하,카스
2023-01-24,2,1,Winter,0,1,1,담하,카스
2023-01-25,2,1,Winter,0,0,0,담하,카스
2023-01-26,1,1,Winter,0,0,0,담하,카스
2023-01-27,1,1,Winter,0,0,0,담하,카스
2023-01-28,6,1,Winter,1,0,1,담하,카스
2023-01-29,0,1,Winter,1,0,1,담하,카스
2023-01-30,1,1,Winter,0,0,0,담하,카스
2023-01-31,0,1,Winter,0,0,0,담하,카스
2023-02-01,1,2,Winter,0,0,0,담하,카스
2023-02-02,6,2,Winter,0,0,0,담하,카스
2023-02-03,2,2,Winter,0,0,0,담하,카스
2023-02-04,2,2,Winter,1,0,1,담하,카스
2023-02-05,0,2,Winter,1,0,1,담하,카스
2023-02-06,3,2,Winter,0,0,0,담하,카스
2023-02-07,2,2,Winter,0,0,0,담하,카스
2023-02-08,0,2,Winter,0,0,0,담하,카스
2023-02-09,3,2,Winter,0,0,0,담하,카스
2023-02-10,0,2,Winter,0,0,0,담하,카스
2023-02-11,1,2,Winter,1,0,1,담하,카스
2023-02-12,1,2,Winter,1,0,1,담하,카스
2023-02-13,2,2,Winter,0,0,0,담하,카스
2023-02-14,3,2,Winter,0,0,0,담하,카스
2023-02-15,0,2,Winter,0,0,0,담하,카스
2023-02-16,3,2,Winter,0,0,0,담하,카스
2023-02-17,0,2,Winter,0,0,0,담하,카스
2023-02-18,6,2,Winter,1,0,1,담하,카스
2023-02-19,4,2,Winter,1,0,1,담하,카스
2023-02-20,1,2,Winter,0,0,0,담하,카스
2023-02-21,0,2,Winter,0,0,0,담하,카스
2023-02-22,0,2,Winter,0,0,0,담하,카스
2023-02-23,0,2,Winter,0,0,0,담하,카스
2023-02-24,5,2,Winter,0,0,0,담하,카스
2023-02-25,1,2,Winter,1,0,1,담하,카스
2023-02-26,2,2,Winter,1,0,1,담하,카스
2023-02-27,0,2,Winter,0,0,0,담하,카스
2023-02-28,0,2,Winter,0,0,0,담하,카스
2023-03-01,0,3,Spring,0,1,1,담하,카스
2023-03-02,0,3,Spring,0,0,0,담하,카스
2023-03-03,0,3,Spring,0,0,0,담하,카스
2023-03-04,0,3,Spring,1,0,1,담하,카스
2023-03-05,0,3,Spring,1,0,1,담하,카스
2023-03-06,0,3,Spring,0,0,0,담하,카스
2023-03-07,0,3,Spring,0,0,0,담하,카스
2023-03-08,0,3,Spring,0,0,0,담하,카스
2023-03-09,0,3,Spring,0,0,0,담하,카스
2023-03-10,0,3,Spring,0,0,0,담하,카스
2023-03-11,3,3,Spring,1,0,1,담하,카스
2023-03-12,0,3,Spring,1,0,1,담하,카스
2023-03-13,0,3,Spring,0,0,0,담하,카스
2023-03-14,0,3,Spring,0,0,0,담하,카스
2023-03-15,0,3,Spring,0,0,0,담하,카스
2023-03-16,0,3,Spring,0,0,0,담하,카스
2023-03-17,1,3,Spring,0,0,0,담하,카스
2023-03-18,4,3,Spring,1,0,1,담하,카스
2023-03-19,0,3,Spring,1,0,1,담하,카스
2023-03-20,1,3,Spring,0,0,0,담하,카스
2023-03-21,0,3,Spring,0,0,0,담하,카스
2023-03-22,0,3,Spring,0,0,0,담하,카스
2023-03-23,2,3,Spring,0,0,0,담하,카스
2023-03-24,0,3,Spring,0,0,0,담하,카스
2023-03-25,2,3,Spring,1,0,1,담하,카스
2023-03-26,0,3,Spring,1,0,1,담하,카스
2023-03-27,0,3,Spring,0,0,0,담하,카스
2023-03-28,0,3,Spring,0,0,0,담하,카스
2023-03-29,0,3,Spring,0,0,0,담하,카스
2023-03-30,1,3,Spring,0,0,0,담하,카스
2023-03-31,1,3,Spring,0,0,0,담하,카스
2023-04-01,2,4,Spring,1,0,1,담하,카스
2023-04-02,0,4,Spring,1,0,1,담하,카스
2023-04-03,1,4,Spring,0,0,0,담하,카스
2023-04-04,0,4,Spring,0,0,0,담하,카스
2023-04-05,1,4,Spring,0,0,0,담하,카스
2023-04-06,0,4,Spring,0,0,0,담하,카스
2023-04-07,0,4,Spring,0,0,0,담하,카스
2023-04-08,0,4,Spring,1,0,1,담하,카스
2023-04-09,0,4,Spring,1,0,1,담하,카스
2023-04-10,1,4,Spring,0,0,0,담하,카스
2023-04-11,0,4,Spring,0,0,0,담하,카스
2023-04-12,0,4,Spring,0,0,0,담하,카스
2023-04-13,8,4,Spring,0,0,0,담하,카스
2023-04-14,3,4,Spring,0,0,0,담하,카스
2023-04-15,2,4,Spring,1,0,1,담하,카스
2023-04-16,1,4,Spring,1,0,1,담하,카스
2023-04-17,0,4,Spring,0,0,0,담하,카스
2023-04-18,0,4,Spring,0,0,0,담하,카스
2023-04-19,2,4,Spring,0,0,0,담하,카스
2023-04-20,0,4,Spring,0,0,0,담하,카스
2023-04-21,6,4,Spring,0,0,0,담하,카스
2023-04-22,3,4,Spring,1,0,1,담하,카스
2023-04-23,8,4,Spring,1,0,1,담하,카스
2023-04-24,1,4,Spring,0,0,0,담하,카스
2023-04-25,4,4,Spring,0,0,0,담하,카스
2023-04-26,0,4,Spring,0,0,0,담하,카스
2023-04-27,0,4,Spring,0,0,0,담하,카스
2023-04-28,0,4,Spring,0,0,0,담하,카스
2023-04-29,4,4,Spring,1,0,1,담하,카스
2023-04-30,3,4,Spring,1,0,1,담하,카스
2023-05-01,0,5,Spring,0,0,0,담하,카스
2023-05-02,0,5,Spring,0,0,0,담하,카스
2023-05-03,2,5,Spring,0,0,0,담하,카스
2023-05-04,1,5,Spring,0,0,0,담하,카스
2023-05-05,0,5,Spring,0,1,1,담하,카스
2023-05-06,1,5,Spring,1,0,1,담하,카스
2023-05-07,1,5,Spring,1,0,1,담하,카스
2023-05-08,1,5,Spring,0,0,0,담하,카스
2023-05-09,1,5,Spring,0,0,0,담하,카스
2023-05-10,1,5,Spring,0,0,0,담하,카스
2023-05-11,0,5,Spring,0,0,0,담하,카스
2023-05-12,0,5,Spring,0,0,0,담하,카스
2023-05-13,5,5,Spring,1,0,1,담하,카스
2023-05-14,0,5,Spring,1,0,1,담하,카스
2023-05-15,0,5,Spring,0,0,0,담하,카스
2023-05-16,0,5,Spring,0,0,0,담하,카스
2023-05-17,1,5,Spring,0,0,0,담하,카스
2023-05-18,0,5,Spring,0,0,0,담하,카스
2023-05-19,2,5,Spring,0,0,0,담하,카스
2023-05-20,2,5,Spring,1,0,1,담하,카스
2023-05-21,0,5,Spring,1,0,1,담하,카스
2023-05-22,1,5,Spring,0,0,0,담하,카스
2023-05-23,1,5,Spring,0,0,0,담하,카스
2023-05-24,0,5,Spring,0,0,0,담하,카스
2023-05-25,0,5,Spring,0,0,0,담하,카스
2023-05-26,1,5,Spring,0,0,0,담하,카스
2023-05-27,6,5,Spring,1,1,1,담하,카스
2023-05-28,1,5,Spring,1,0,1,담하,카스
2023-05-29,2,5,Spring,0,1,1,담하,카스
2023-05-30,0,5,Spring,0,0,0,담하,카스
2023-05-31,2,5,Spring,0,0,0,담하,카스
2023-06-01,1,6,Summer,0,0,0,담하,카스
2023-06-02,0,6,Summer,0,0,0,담하,카스
2023-06-03,6,6,Summer,1,0,1,담하,카스
2023-06-04,1,6,Summer,1,0,1,담하,카스
2023-06-05,1,6,Summer,0,0,0,담하,카스
2023-06-06,1,6,Summer,0,1,1,담하,카스
2023-06-07,0,6,Summer,0,0,0,담하,카스
2023-06-08,1,6,Summer,0,0,0,담하,카스
2023-06-09,2,6,Summer,0,0,0,담하,카스
2023-06-10,0,6,Summer,1,0,1,담하,카스
2023-06-11,1,6,Summer,1,0,1,담하,카스
2023-06-12,0,6,Summer,0,0,0,담하,카스
2023-06-13,1,6,Summer,0,0,0,담하,카스
2023-06-14,2,6,Summer,0,0,0,담하,카스
2023-06-15,1,6,Summer,0,0,0,담하,카스
2023-06-16,3,6,Summer,0,0,0,담하,카스
2023-06-17,1,6,Summer,1,0,1,담하,카스
2023-06-18,1,6,Summer,1,0,1,담하,카스
2023-06-19,1,6,Summer,0,0,0,담하,카스
2023-06-20,0,6,Summer,0,0,0,담하,카스
2023-06-21,0,6,Summer,0,0,0,담하,카스
2023-06-22,0,6,Summer,0,0,0,담하,카스
2023-06-23,4,6,Summer,0,0,0,담하,카스
2023-06-24,10,6,Summer,1,0,1,담하,카스
2023-06-25,0,6,Summer,1,0,1,담하,카스
2023-06-26,0,6,Summer,0,0,0,담하,카스
2023-06-27,0,6,Summer,0,0,0,담하,카스
2023-06-28,1,6,Summer,0,0,0,담하,카스
2023-06-29,0,6,Summer,0,0,0,담하,카스
2023-06-30,0,6,Summer,0,0,0,담하,카스
2023-07-01,10,7,Summer,1,0,1,담하,카스
2023-07-02,4,7,Summer,1,0,1,담하,카스
2023-07-03,6,7,Summer,0,0,0,담하,카스
2023-07-04,0,7,Summer,0,0,0,담하,카스
2023-07-05,0,7,Summer,0,0,0,담하,카스
2023-07-06,4,7,Summer,0,0,0,담하,카스
2023-07-07,4,7,Summer,0,0,0,담하,카스
2023-07-08,5,7,Summer,1,0,1,담하,카스
2023-07-09,1,7,Summer,1,0,1,담하,카스
2023-07-10,1,7,Summer,0,0,0,담하,카스
2023-07-11,1,7,Summer,0,0,0,담하,카스
2023-07-12,0,7,Summer,0,0,0,담하,카스
2023-07-13,0,7,Summer,0,0,0,담하,카스
2023-07-14,0,7,Summer,0,0,0,담하,카스
2023-07-15,5,7,Summer,1,0,1,담하,카스
2023-07-16,1,7,Summer,1,0,1,담하,카스
2023-07-17,0,7,Summer,0,0,0,담하,카스
2023-07-18,0,7,Summer,0,0,0,담하,카스
2023-07-19,0,7,Summer,0,0,0,담하,카스
2023-07-20,0,7,Summer,0,0,0,담하,카스
2023-07-21,0,7,Summer,0,0,0,담하,카스
2023-07-22,0,7,Summer,1,0,1,담하,카스
2023-07-23,1,7,Summer,1,0,1,담하,카스
2023-07-24,1,7,Summer,0,0,0,담하,카스
2023-07-25,3,7,Summer,0,0,0,담하,카스
2023-07-26,0,7,Summer,0,0,0,담하,카스
2023-07-27,1,7,Summer,0,0,0,담하,카스
2023-07-28,1,7,Summer,0,0,0,담하,카스
2023-07-29,2,7,Summer,1,0,1,담하,카스
2023-07-30,2,7,Summer,1,0,1,담하,카스
2023-07-31,4,7,Summer,0,0,0,담하,카스
2023-08-01,3,8,Summer,0,0,0,담하,카스
2023-08-02,4,8,Summer,0,0,0,담하,카스
2023-08-03,4,8,Summer,0,0,0,담하,카스
2023-08-04,4,8,Summer,0,0,0,담하,카스
2023-08-05,1,8,Summer,1,0,1,담하,카스
2023-08-06,3,8,Summer,1,0,1,담하,카스
2023-08-07,0,8,Summer,0,0,0,담하,카스
2023-08-08,1,8,Summer,0,0,0,담하,카스
2023-08-09,0,8,Summer,0,0,0,담하,카스
2023-08-10,3,8,Summer,0,0,0,담하,카스
2023-08-11,0,8,Summer,0,0,0,담하,카스
2023-08-12,2,8,Summer,1,0,1,담하,카스
2023-08-13,5,8,Summer,1,0,1,담하,카스
2023-08-14,4,8,Summer,0,0,0,담하,카스
2023-08-15,2,8,Summer,0,1,1,담하,카스
2023-08-16,1,8,Summer,0,0,0,담하,카스
2023-08-17,0,8,Summer,0,0,0,담하,카스
2023-08-18,1,8,Summer,0,0,0,담하,카스
2023-08-19,0,8,Summer,1,0,1,담하,카스
2023-08-20,0,8,Summer,1,0,1,담하,카스
2023-08-21,0,8,Summer,0,0,0,담하,카스
2023-08-22,0,8,Summer,0,0,0,담하,카스
2023-08-23,0,8,Summer,0,0,0,담하,카스
2023-08-24,1,8,Summer,0,0,0,담하,카스
2023-08-25,0,8,Summer,0,0,0,담하,카스
2023-08-26,0,8,Summer,1,0,1,담하,카스
2023-08-27,2,8,Summer,1,0,1,담하,카스
2023-08-28,0,8,Summer,0,0,0,담하,카스
2023-08-29,0,8,Summer,0,0,0,담하,카스
2023-08-30,2,8,Summer,0,0,0,담하,카스
2023-08-31,0,8,Summer,0,0,0,담하,카스
2023-09-01,1,9,Autumn,0,0,0,담하,카스
2023-09-02,3,9,Autumn,1,0,1,담하,카스
2023-09-03,3,9,Autumn,1,0,1,담하,카스
2023-09-04,1,9,Autumn,0,0,0,담하,카스
2023-09-05,2,9,Autumn,0,0,0,담하,카스
2023-09-06,0,9,Autumn,0,0,0,담하,카스
2023-09-07,0,9,Autumn,0,0,0,담하,카스
2023-09-08,0,9,Autumn,0,0,0,담하,카스
2023-09-09,0,9,Autumn,1,0,1,담하,카스
2023-09-10,0,9,Autumn,1,0,1,담하,카스
2023-09-11,0,9,Autumn,0,0,0,담하,카스
2023-09-12,0,9,Autumn,0,0,0,담하,카스
2023-09-13,1,9,Autumn,0,0,0,담하,카스
2023-09-14,0,9,Autumn,0,0,0,담하,카스
2023-09-15,0,9,Autumn,0,0,0,담하,카스
2023-09-16,2,9,Autumn,1,0,1,담하,카스
2023-09-17,4,9,Autumn,1,0,1,담하,카스
2023-09-18,1,9,Autumn,0,0,0,담하,카스
2023-09-19,0,9,Autumn,0,0,0,담하,카스
2023-09-20,1,9,Autumn,0,0,0,담하,카스
2023-09-21,1,9,Autumn,0,0,0,담하,카스
2023-09-22,1,9,Autumn,0,0,0,담하,카스
2023-09-23,3,9,Autumn,1,0,1,담하,카스
2023-09-24,0,9,Autumn,1,0,1,담하,카스
2023-09-25,0,9,Autumn,0,0,0,담하,카스
2023-09-26,0,9,Autumn,0,0,0,담하,카스
2023-09-27,1,9,Autumn,0,0,0,담하,카스
2023-09-28,1,9,Autumn,0,1,1,담하,카스
2023-09-29,2,9,Autumn,0,1,1,담하,카스
2023-09-30,2,9,Autumn,1,1,1,담하,카스
2023-10-01,0,10,Autumn,1,0,1,담하,카스
2023-10-02,1,10,Autumn,0,1,1,담하,카스
2023-10-03,4,10,Autumn,0,1,1,담하,카스
2023-10-04,2,10,Autumn,0,0,0,담하,카스
2023-10-05,1,10,Autumn,0,0,0,담하,카스
2023-10-06,1,10,Autumn,0,0,0,담하,카스
2023-10-07,1,10,Autumn,1,0,1,담하,카스
2023-10-08,2,10,Autumn,1,0,1,담하,카스
2023-10-09,5,10,Autumn,0,1,1,담하,카스
2023-10-10,0,10,Autumn,0,0,0,담하,카스
2023-10-11,19,10,Autumn,0,0,0,담하,카스
2023-10-12,0,10,Autumn,0,0,0,담하,카스
2023-10-13,0,10,Autumn,0,0,0,담하,카스
2023-10-14,7,10,Autumn,1,0,1,담하,카스
2023-10-15,1,10,Autumn,1,0,1,담하,카스
2023-10-16,0,10,Autumn,0,0,0,담하,카스
2023-10-17,1,10,Autumn,0,0,0,담하,카스
2023-10-18,1,10,Autumn,0,0,0,담하,카스
2023-10-19,1,10,Autumn,0,0,0,담하,카스
2023-10-20,0,10,Autumn,0,0,0,담하,카스
2023-10-21,1,10,Autumn,1,0,1,담하,카스
2023-10-22,4,10,Autumn,1,0,1,담하,카스
2023-10-23,0,10,Autumn,0,0,0,담하,카스
2023-10-24,3,10,Autumn,0,0,0,담하,카스
2023-10-25,2,10,Autumn,0,0,0,담하,카스
2023-10-26,0,10,Autumn,0,0,0,담하,카스
2023-10-27,9,10,Autumn,0,0,0,담하,카스
2023-10-28,0,10,Autumn,1,0,1,담하,카스
2023-10-29,5,10,Autumn,1,0,1,담하,카스
2023-10-30,7,10,Autumn,0,0,0,담하,카스
2023-10-31,9,10,Autumn,0,0,0,담하,카스
2023-11-01,2,11,Autumn,0,0,0,담하,카스
2023-11-02,1,11,Autumn,0,0,0,담하,카스
2023-11-03,5,11,Autumn,0,0,0,담하,카스
2023-11-04,1,11,Autumn,1,0,1,담하,카스
2023-11-05,1,11,Autumn,1,0,1,담하,카스
2023-11-06,1,11,Autumn,0,0,0,담하,카스
2023-11-07,1,11,Autumn,0,0,0,담하,카스
2023-11-08,7,11,Autumn,0,0,0,담하,카스
2023-11-09,0,11,Autumn,0,0,0,담하,카스
2023-11-10,3,11,Autumn,0,0,0,담하,카스
2023-11-11,0,11,Autumn,1,0,1,담하,카스
2023-11-12,2,11,Autumn,1,0,1,담하,카스
2023-11-13,0,11,Autumn,0,0,0,담하,카스
2023-11-14,11,11,Autumn,0,0,0,담하,카스
2023-11-15,0,11,Autumn,0,0,0,담하,카스
2023-11-16,1,11,Autumn,0,0,0,담하,카스
2023-11-17,5,11,Autumn,0,0,0,담하,카스
2023-11-18,2,11,Autumn,1,0,1,담하,카스
2023-11-19,2,11,Autumn,1,0,1,담하,카스
2023-11-20,2,11,Autumn,0,0,0,담하,카스
2023-11-21,0,11,Autumn,0,0,0,담하,카스
2023-11-22,0,11,Autumn,0,0,0,담하,카스
2023-11-23,0,11,Autumn,0,0,0,담하,카스
2023-11-24,1,11,Autumn,0,0,0,담하,카스
2023-11-25,1,11,Autumn,1,0,1,담하,카스
2023-11-26,1,11,Autumn,1,0,1,담하,카스
2023-11-27,4,11,Autumn,0,0,0,담하,카스
2023-11-28,0,11,Autumn,0,0,0,담하,카스
2023-11-29,0,11,Autumn,0,0,0,담하,카스
2023-11-30,0,11,Autumn,0,0,0,담하,카스
2023-12-01,2,12,Winter,0,0,0,담하,카스
2023-12-02,1,12,Winter,1,0,1,담하,카스
2023-12-03,0,12,Winter,1,0,1,담하,카스
2023-12-04,0,12,Winter,0,0,0,담하,카스
2023-12-05,0,12,Winter,0,0,0,담하,카스
2023-12-06,0,12,Winter,0,0,0,담하,카스
2023-12-07,0,12,Winter,0,0,0,담하,카스
2023-12-08,0,12,Winter,0,0,0,담하,카스
2023-12-09,3,12,Winter,1,0,1,담하,카스
2023-12-10,0,12,Winter,1,0,1,담하,카스
2023-12-11,0,12,Winter,0,0,0,담하,카스
2023-12-12,0,12,Winter,0,0,0,담하,카스
2023-12-13,2,12,Winter,0,0,0,담하,카스
2023-12-14,0,12,Winter,0,0,0,담하,카스
2023-12-15,0,12,Winter,0,0,0,담하,카스
2023-12-16,2,12,Winter,1,0,1,담하,카스
2023-12-17,0,12,Winter,1,0,1,담하,카스
2023-12-18,0,12,Winter,0,0,0,담하,카스
2023-12-19,0,12,Winter,0,0,0,담하,카스
2023-12-20,6,12,Winter,0,0,0,담하,카스
2023-12-21,2,12,Winter,0,0,0,담하,카스
2023-12-22,1,12,Winter,0,0,0,담하,카스
2023-12-23,0,12,Winter,1,0,1,담하,카스
2023-12-24,3,12,Winter,1,0,1,담하,카스
2023-12-25,3,12,Winter,0,1,1,담하,카스
2023-12-26,3,12,Winter,0,0,0,담하,카스
2023-12-27,4,12,Winter,0,0,0,담하,카스
2023-12-28,2,12,Winter,0,0,0,담하,카스
2023-12-29,3,12,Winter,0,0,0,담하,카스
2023-12-30,9,12,Winter,1,0,1,담하,카스
2023-12-31,5,12,Winter,1,0,1,담하,카스
2024-01-01,1,1,Winter,0,1,1,담하,카스
2024-01-02,4,1,Winter,0,0,0,담하,카스
2024-01-03,1,1,Winter,0,0,0,담하,카스
2024-01-04,0,1,Winter,0,0,0,담하,카스
2024-01-05,1,1,Winter,0,0,0,담하,카스
2024-01-06,2,1,Winter,1,0,1,담하,카스
2024-01-07,3,1,Winter,1,0,1,담하,카스
2024-01-08,2,1,Winter,0,0,0,담하,카스
2024-01-09,1,1,Winter,0,0,0,담하,카스
2024-01-10,2,1,Winter,0,0,0,담하,카스
2024-01-11,1,1,Winter,0,0,0,담하,카스
2024-01-12,3,1,Winter,0,0,0,담하,카스
2024-01-13,1,1,Winter,1,0,1,담하,카스
2024-01-14,0,1,Winter,1,0,1,담하,카스
2024-01-15,0,1,Winter,0,0,0,담하,카스
2024-01-16,0,1,Winter,0,0,0,담하,카스
2024-01-17,2,1,Winter,0,0,0,담하,카스
2024-01-18,0,1,Winter,0,0,0,담하,카스
2024-01-19,2,1,Winter,0,0,0,담하,카스
2024-01-20,0,1,Winter,1,0,1,담하,카스
2024-01-21,0,1,Winter,1,0,1,담하,카스
2024-01-22,0,1,Winter,0,0,0,담하,카스
2024-01-23,4,1,Winter,0,0,0,담하,카스
2024-01-24,2,1,Winter,0,0,0,담하,카스
2024-01-25,4,1,Winter,0,0,0,담하,카스
2024-01-26,0,1,Winter,0,0,0,담하,카스
2024-01-27,2,1,Winter,1,0,1,담하,카스
2024-01-28,0,1,Winter,1,0,1,담하,카스
2024-01-29,0,1,Winter,0,0,0,담하,카스
2024-01-30,3,1,Winter,0,0,0,담하,카스
2024-01-31,1,1,Winter,0,0,0,담하,카스
2024-02-01,0,2,Winter,0,0,0,담하,카스
2024-02-02,0,2,Winter,0,0,0,담하,카스
2024-02-03,4,2,Winter,1,0,1,담하,카스
2024-02-04,0,2,Winter,1,0,1,담하,카스
2024-02-05,3,2,Winter,0,0,0,담하,카스
2024-02-06,2,2,Winter,0,0,0,담하,카스
2024-02-07,0,2,Winter,0,0,0,담하,카스
2024-02-08,2,2,Winter,0,0,0,담하,카스
2024-02-09,3,2,Winter,0,1,1,담하,카스
2024-02-10,0,2,Winter,1,1,1,담하,카스
2024-02-11,1,2,Winter,1,1,1,담하,카스
2024-02-12,2,2,Winter,0,1,1,담하,카스
2024-02-13,0,2,Winter,0,0,0,담하,카스
2024-02-14,0,2,Winter,0,0,0,담하,카스
2024-02-15,3,2,Winter,0,0,0,담하,카스
2024-02-16,2,2,Winter,0,0,0,담하,카스
2024-02-17,9,2,Winter,1,0,1,담하,카스
2024-02-18,0,2,Winter,1,0,1,담하,카스
2024-02-19,0,2,Winter,0,0,0,담하,카스
2024-02-20,0,2,Winter,0,0,0,담하,카스
2024-02-21,0,2,Winter,0,0,0,담하,카스
2024-02-22,0,2,Winter,0,0,0,담하,카스
2024-02-23,0,2,Winter,0,0,0,담하,카스
2024-02-24,5,2,Winter,1,0,1,담하,카스
2024-02-25,2,2,Winter,1,0,1,담하,카스
2024-02-26,0,2,Winter,0,0,0,담하,카스
2024-02-27,0,2,Winter,0,0,0,담하,카스
2024-02-28,3,2,Winter,0,0,0,담하,카스
2024-02-29,1,2,Winter,0,0,0,담하,카스
2024-03-01,0,3,Spring,0,1,1,담하,카스
2024-03-02,4,3,Spring,1,0,1,담하,카스
2024-03-03,0,3,Spring,1,0,1,담하,카스
2024-03-04,0,3,Spring,0,0,0,담하,카스
2024-03-05,0,3,Spring,0,0,0,담하,카스
2024-03-06,0,3,Spring,0,0,0,담하,카스
2024-03-07,0,3,Spring,0,0,0,담하,카스
2024-03-08,0,3,Spring,0,0,0,담하,카스
2024-03-09,0,3,Spring,1,0,1,담하,카스
2024-03-10,0,3,Spring,1,0,1,담하,카스
2024-03-11,0,3,Spring,0,0,0,담하,카스
2024-03-12,0,3,Spring,0,0,0,담하,카스
2024-03-13,0,3,Spring,0,0,0,담하,카스
2024-03-14,0,3,Spring,0,0,0,담하,카스
2024-03-15,3,3,Spring,0,0,0,담하,카스
2024-03-16,1,3,Spring,1,0,1,담하,카스
2024-03-17,0,3,Spring,1,0,1,담하,카스
2024-03-18,0,3,Spring,0,0,0,담하,카스
2024-03-19,0,3,Spring,0,0,0,담하,카스
2024-03-20,0,3,Spring,0,0,0,담하,카스
2024-03-21,1,3,Spring,0,0,0,담하,카스
2024-03-22,0,3,Spring,0,0,0,담하,카스
2024-03-23,2,3,Spring,1,0,1,담하,카스
2024-03-24,1,3,Spring,1,0,1,담하,카스
2024-03-25,0,3,Spring,0,0,0,담하,카스
2024-03-26,0,3,Spring,0,0,0,담하,카스
2024-03-27,2,3,Spring,0,0,0,담하,카스
2024-03-28,1,3,Spring,0,0,0,담하,카스
2024-03-29,7,3,Spring,0,0,0,담하,카스
2024-03-30,2,3,Spring,1,0,1,담하,카스
2024-03-31,0,3,Spring,1,0,1,담하,카스
2024-04-01,0,4,Spring,0,0,0,담하,카스
2024-04-02,0,4,Spring,0,0,0,담하,카스
2024-04-03,0,4,Spring,0,0,0,담하,카스
2024-04-04,3,4,Spring,0,0,0,담하,카스
2024-04-05,0,4,Spring,0,0,0,담하,카스
2024-04-06,0,4,Spring,1,0,1,담하,카스
2024-04-07,0,4,Spring,1,0,1,담하,카스
2024-04-08,0,4,Spring,0,0,0,담하,카스
2024-04-09,1,4,Spring,0,0,0,담하,카스
2024-04-10,2,4,Spring,0,1,1,담하,카스
2024-04-11,1,4,Spring,0,0,0,담하,카스
2024-04-12,2,4,Spring,0,0,0,담하,카스
2024-04-13,0,4,Spring,1,0,1,담하,카스
2024-04-14,0,4,Spring,1,0,1,담하,카스
2024-04-15,2,4,Spring,0,0,0,담하,카스
2024-04-16,1,4,Spring,0,0,0,담하,카스
2024-04-17,2,4,Spring,0,0,0,담하,카스
2024-04-18,2,4,Spring,0,0,0,담하,카스
2024-04-19,1,4,Spring,0,0,0,담하,카스
2024-04-20,1,4,Spring,1,0,1,담하,카스
2024-04-21,1,4,Spring,1,0,1,담하,카스
2024-04-22,1,4,Spring,0,0,0,담하,카스
2024-04-23,6,4,Spring,0,0,0,담하,카스
2024-04-24,0,4,Spring,0,0,0,담하,카스
2024-04-25,0,4,Spring,0,0,0,담하,카스
2024-04-26,0,4,Spring,0,0,0,담하,카스
2024-04-27,3,4,Spring,1,0,1,담하,카스
2024-04-28,5,4,Spring,1,0,1,담하,카스
2024-04-29,0,4,Spring,0,0,0,담하,카스
2024-04-30,2,4,Spring,0,0,0,담하,카스
2024-05-01,0,5,Spring,0,0,0,담하,카스
2024-05-02,5,5,Spring,0,0,0,담하,카스
2024-05-03,1,5,Spring,0,0,0,담하,카스
2024-05-04,2,5,Spring,1,0,1,담하,카스
2024-05-05,0,5,Spring,1,1,1,담하,카스
2024-05-06,0,5,Spring,0,1,1,담하,카스
2024-05-07,0,5,Spring,0,0,0,담하,카스
2024-05-08,0,5,Spring,0,0,0,담하,카스
2024-05-09,0,5,Spring,0,0,0,담하,카스
2024-05-10,2,5,Spring,0,0,0,담하,카스
2024-05-11,1,5,Spring,1,0,1,담하,카스
2024-05-12,6,5,Spring,1,0,1,담하,카스
2024-05-13,3,5,Spring,0,0,0,담하,카스
2024-05-14,2,5,Spring,0,0,0,담하,카스
2024-05-15,0,5,Spring,0,1,1,담하,카스
2024-05-16,0,5,Spring,0,0,0,담하,카스
2024-05-17,1,5,Spring,0,0,0,담하,카스
2024-05-18,1,5,Spring,1,0,1,담하,카스
2024-05-19,0,5,Spring,1,0,1,담하,카스
2024-05-20,0,5,Spring,0,0,0,담하,카스
2024-05-21,0,5,Spring,0,0,0,담하,카스
2024-05-22,0,5,Spring,0,0,0,담하,카스
2024-05-23,2,5,Spring,0,0,0,담하,카스
2024-05-24,3,5,Spring,0,0,0,담하,카스
2024-05-25,1,5,Spring,1,0,1,담하,카스
2024-05-26,2,5,Spring,1,0,1,담하,카스
2024-05-27,0,5,Spring,0,0,0,담하,카스
2024-05-28,0,5,Spring,0,0,0,담하,카스
2024-05-29,0,5,Spring,0,0,0,담하,카스
2024-05-30,3,5,Spring,0,0,0,담하,카스
2024-05-31,0,5,Spring,0,0,0,담하,카스
2024-06-01,4,6,Summer,1,0,1,담하,카스
2024-06-02,2,6,Summer,1,0,1,담하,카스
2024-06-03,0,6,Summer,0,0,0,담하,카스
2024-06-04,0,6,Summer,0,0,0,담하,카스
2024-06-05,0,6,Summer,0,0,0,담하,카스
2024-06-06,2,6,Summer,0,1,1,담하,카스
2024-06-07,5,6,Summer,0,0,0,담하,카스
2024-06-08,0,6,Summer,1,0,1,담하,카스
2024-06-09,0,6,Summer,1,0,1,담하,카스
2024-06-10,0,6,Summer,0,0,0,담하,카스
2024-06-11,0,6,Summer,0,0,0,담하,카스
2024-06-12,0,6,Summer,0,0,0,담하,카스
2024-06-13,0,6,Summer,0,0,0,담하,카스
2024-06-14,3,6,Summer,0,0,0,담하,카스
2024-06-15,1,6,Summer,1,0,1,담하,카스
2023-01-01,6,1,Winter,1,1,1,담하,콜라
2023-01-02,3,1,Winter,0,0,0,담하,콜라
2023-01-03,1,1,Winter,0,0,0,담하,콜라
2023-01-04,0,1,Winter,0,0,0,담하,콜라
2023-01-05,2,1,Winter,0,0,0,담하,콜라
2023-01-06,1,1,Winter,0,0,0,담하,콜라
2023-01-07,2,1,Winter,1,0,1,담하,콜라
2023-01-08,2,1,Winter,1,0,1,담하,콜라
2023-01-09,1,1,Winter,0,0,0,담하,콜라
2023-01-10,5,1,Winter,0,0,0,담하,콜라
2023-01-11,1,1,Winter,0,0,0,담하,콜라
2023-01-12,6,1,Winter,0,0,0,담하,콜라
2023-01-13,1,1,Winter,0,0,0,담하,콜라
2023-01-14,6,1,Winter,1,0,1,담하,콜라
2023-01-15,4,1,Winter,1,0,1,담하,콜라
2023-01-16,1,1,Winter,0,0,0,담하,콜라
2023-01-17,1,1,Winter,0,0,0,담하,콜라
2023-01-18,2,1,Winter,0,0,0,담하,콜라
2023-01-19,3,1,Winter,0,0,0,담하,콜라
2023-01-20,2,1,Winter,0,0,0,담하,콜라
2023-01-21,5,1,Winter,1,1,1,담하,콜라
2023-01-22,0,1,Winter,1,1,1,담하,콜라
2023-01-23,3,1,Winter,0,1,1,담하,콜라
2023-01-24,1,1,Winter,0,1,1,담하,콜라
2023-01-25,2,1,Winter,0,0,0,담하,콜라
2023-01-26,0,1,Winter,0,0,0,담하,콜라
2023-01-27,3,1,Winter,0,0,0,담하,콜라
2023-01-28,6,1,Winter,1,0,1,담하,콜라
2023-01-29,2,1,Winter,1,0,1,담하,콜라
2023-01-30,1,1,Winter,0,0,0,담하,콜라
2023-01-31,7,1,Winter,0,0,0,담하,콜라
2023-02-01,1,2,Winter,0,0,0,담하,콜라
2023-02-02,9,2,Winter,0,0,0,담하,콜라
2023-02-03,3,2,Winter,0,0,0,담하,콜라
2023-02-04,8,2,Winter,1,0,1,담하,콜라
2023-02-05,4,2,Winter,1,0,1,담하,콜라
2023-02-06,4,2,Winter,0,0,0,담하,콜라
2023-02-07,1,2,Winter,0,0,0,담하,콜라
2023-02-08,0,2,Winter,0,0,0,담하,콜라
2023-02-09,3,2,Winter,0,0,0,담하,콜라
2023-02-10,2,2,Winter,0,0,0,담하,콜라
2023-02-11,1,2,Winter,1,0,1,담하,콜라
2023-02-12,6,2,Winter,1,0,1,담하,콜라
2023-02-13,10,2,Winter,0,0,0,담하,콜라
2023-02-14,2,2,Winter,0,0,0,담하,콜라
2023-02-15,1,2,Winter,0,0,0,담하,콜라
2023-02-16,4,2,Winter,0,0,0,담하,콜라
2023-02-17,7,2,Winter,0,0,0,담하,콜라
2023-02-18,3,2,Winter,1,0,1,담하,콜라
2023-02-19,1,2,Winter,1,0,1,담하,콜라
2023-02-20,2,2,Winter,0,0,0,담하,콜라
2023-02-21,4,2,Winter,0,0,0,담하,콜라
2023-02-22,0,2,Winter,0,0,0,담하,콜라
2023-02-23,0,2,Winter,0,0,0,담하,콜라
2023-02-24,1,2,Winter,0,0,0,담하,콜라
2023-02-25,7,2,Winter,1,0,1,담하,콜라
2023-02-26,1,2,Winter,1,0,1,담하,콜라
2023-02-27,1,2,Winter,0,0,0,담하,콜라
2023-02-28,0,2,Winter,0,0,0,담하,콜라
2023-03-01,0,3,Spring,0,1,1,담하,콜라
2023-03-02,0,3,Spring,0,0,0,담하,콜라
2023-03-03,0,3,Spring,0,0,0,담하,콜라
2023-03-04,0,3,Spring,1,0,1,담하,콜라
2023-03-05,0,3,Spring,1,0,1,담하,콜라
2023-03-06,0,3,Spring,0,0,0,담하,콜라
2023-03-07,0,3,Spring,0,0,0,담하,콜라
2023-03-08,0,3,Spring,0,0,0,담하,콜라
2023-03-09,0,3,Spring,0,0,0,담하,콜라
2023-03-10,0,3,Spring,0,0,0,담하,콜라
2023-03-11,2,3,Spring,1,0,1,담하,콜라
2023-03-12,0,3,Spring,1,0,1,담하,콜라
2023-03-13,0,3,Spring,0,0,0,담하,콜라
2023-03-14,0,3,Spring,0,0,0,담하,콜라
2023-03-15,0,3,Spring,0,0,0,담하,콜라
2023-03-16,0,3,Spring,0,0,0,담하,콜라
2023-03-17,0,3,Spring,0,0,0,담하,콜라
2023-03-18,0,3,Spring,1,0,1,담하,콜라
2023-03-19,1,3,Spring,1,0,1,담하,콜라
2023-03-20,0,3,Spring,0,0,0,담하,콜라
2023-03-21,0,3,Spring,0,0,0,담하,콜라
2023-03-22,0,3,Spring,0,0,0,담하,콜라
2023-03-23,0,3,Spring,0,0,0,담하,콜라
2023-03-24,2,3,Spring,0,0,0,담하,콜라
2023-03-25,1,3,Spring,1,0,1,담하,콜라
2023-03-26,0,3,Spring,1,0,1,담하,콜라
2023-03-27,0,3,Spring,0,0,0,담하,콜라
2023-03-28,0,3,Spring,0,0,0,담하,콜라
2023-03-29,1,3,Spring,0,0,0,담하,콜라
2023-03-30,1,3,Spring,0,0,0,담하,콜라
2023-03-31,2,3,Spring,0,0,0,담하,콜라
2023-04-01,2,4,Spring,1,0,1,담하,콜라
2023-04-02,0,4,Spring,1,0,1,담하,콜라
2023-04-03,1,4,Spring,0,0,0,담하,콜라
2023-04-04,0,4,Spring,0,0,0,담하,콜라
2023-04-05,1,4,Spring,0,0,0,담하,콜라
2023-04-06,2,4,Spring,0,0,0,담하,콜라
2023-04-07,0,4,Spring,0,0,0,담하,콜라
2023-04-08,1,4,Spring,1,0,1,담하,콜라
2023-04-09,0,4,Spring,1,0,1,담하,콜라
2023-04-10,2,4,Spring,0,0,0,담하,콜라
2023-04-11,1,4,Spring,0,0,0,담하,콜라
2023-04-12,3,4,Spring,0,0,0,담하,콜라
2023-04-13,6,4,Spring,0,0,0,담하,콜라
2023-04-14,0,4,Spring,0,0,0,담하,콜라
2023-04-15,1,4,Spring,1,0,1,담하,콜라
2023-04-16,0,4,Spring,1,0,1,담하,콜라
2023-04-17,0,4,Spring,0,0,0,담하,콜라
2023-04-18,4,4,Spring,0,0,0,담하,콜라
2023-04-19,0,4,Spring,0,0,0,담하,콜라
2023-04-20,0,4,Spring,0,0,0,담하,콜라
2023-04-21,5,4,Spring,0,0,0,담하,콜라
2023-04-22,3,4,Spring,1,0,1,담하,콜라
2023-04-23,3,4,Spring,1,0,1,담하,콜라
2023-04-24,0,4,Spring,0,0,0,담하,콜라
2023-04-25,0,4,Spring,0,0,0,담하,콜라
2023-04-26,3,4,Spring,0,0,0,담하,콜라
2023-04-27,2,4,Spring,0,0,0,담하,콜라
2023-04-28,4,4,Spring,0,0,0,담하,콜라
2023-04-29,3,4,Spring,1,0,1,담하,콜라
2023-04-30,0,4,Spring,1,0,1,담하,콜라
2023-05-01,0,5,Spring,0,0,0,담하,콜라
2023-05-02,2,5,Spring,0,0,0,담하,콜라
2023-05-03,1,5,Spring,0,0,0,담하,콜라
2023-05-04,2,5,Spring,0,0,0,담하,콜라
2023-05-05,0,5,Spring,0,1,1,담하,콜라
2023-05-06,1,5,Spring,1,0,1,담하,콜라
2023-05-07,0,5,Spring,1,0,1,담하,콜라
2023-05-08,0,5,Spring,0,0,0,담하,콜라
2023-05-09,0,5,Spring,0,0,0,담하,콜라
2023-05-10,0,5,Spring,0,0,0,담하,콜라
2023-05-11,0,5,Spring,0,0,0,담하,콜라
2023-05-12,1,5,Spring,0,0,0,담하,콜라
2023-05-13,2,5,Spring,1,0,1,담하,콜라
2023-05-14,1,5,Spring,1,0,1,담하,콜라
2023-05-15,1,5,Spring,0,0,0,담하,콜라
2023-05-16,0,5,Spring,0,0,0,담하,콜라
2023-05-17,0,5,Spring,0,0,0,담하,콜라
2023-05-18,0,5,Spring,0,0,0,담하,콜라
2023-05-19,0,5,Spring,0,0,0,담하,콜라
2023-05-20,2,5,Spring,1,0,1,담하,콜라
2023-05-21,0,5,Spring,1,0,1,담하,콜라
2023-05-22,1,5,Spring,0,0,0,담하,콜라
2023-05-23,0,5,Spring,0,0,0,담하,콜라
2023-05-24,0,5,Spring,0,0,0,담하,콜라
2023-05-25,8,5,Spring,0,0,0,담하,콜라
2023-05-26,4,5,Spring,0,0,0,담하,콜라
2023-05-27,1,5,Spring,1,1,1,담하,콜라
2023-05-28,1,5,Spring,1,0,1,담하,콜라
2023-05-29,1,5,Spring,0,1,1,담하,콜라
2023-05-30,0,5,Spring,0,0,0,담하,콜라
2023-05-31,1,5,Spring,0,0,0,담하,콜라
2023-06-01,2,6,Summer,0,0,0,담하,콜라
2023-06-02,2,6,Summer,0,0,0,담하,콜라
2023-06-03,3,6,Summer,1,0,1,담하,콜라
2023-06-04,6,6,Summer,1,0,1,담하,콜라
2023-06-05,1,6,Summer,0,0,0,담하,콜라
2023-06-06,1,6,Summer,0,1,1,담하,콜라
2023-06-07,0,6,Summer,0,0,0,담하,콜라
2023-06-08,1,6,Summer,0,0,0,담하,콜라
2023-06-09,2,6,Summer,0,0,0,담하,콜라
2023-06-10,1,6,Summer,1,0,1,담하,콜라
2023-06-11,0,6,Summer,1,0,1,담하,콜라
2023-06-12,0,6,Summer,0,0,0,담하,콜라
2023-06-13,0,6,Summer,0,0,0,담하,콜라
2023-06-14,0,6,Summer,0,0,0,담하,콜라
2023-06-15,0,6,Summer,0,0,0,담하,콜라
2023-06-16,2,6,Summer,0,0,0,담하,콜라
2023-06-17,1,6,Summer,1,0,1,담하,콜라
2023-06-18,1,6,Summer,1,0,1,담하,콜라
2023-06-19,0,6,Summer,0,0,0,담하,콜라
2023-06-20,0,6,Summer,0,0,0,담하,콜라
2023-06-21,1,6,Summer,0,0,0,담하,콜라
2023-06-22,1,6,Summer,0,0,0,담하,콜라
2023-06-23,1,6,Summer,0,0,0,담하,콜라
2023-06-24,3,6,Summer,1,0,1,담하,콜라
2023-06-25,0,6,Summer,1,0,1,담하,콜라
2023-06-26,1,6,Summer,0,0,0,담하,콜라
2023-06-27,0,6,Summer,0,0,0,담하,콜라
2023-06-28,0,6,Summer,0,0,0,담하,콜라
2023-06-29,0,6,Summer,0,0,0,담하,콜라
2023-06-30,0,6,Summer,0,0,0,담하,콜라
2023-07-01,1,7,Summer,1,0,1,담하,콜라
2023-07-02,0,7,Summer,1,0,1,담하,콜라
2023-07-03,0,7,Summer,0,0,0,담하,콜라
2023-07-04,0,7,Summer,0,0,0,담하,콜라
2023-07-05,0,7,Summer,0,0,0,담하,콜라
2023-07-06,0,7,Summer,0,0,0,담하,콜라
2023-07-07,0,7,Summer,0,0,0,담하,콜라
2023-07-08,2,7,Summer,1,0,1,담하,콜라
2023-07-09,0,7,Summer,1,0,1,담하,콜라
2023-07-10,0,7,Summer,0,0,0,담하,콜라
2023-07-11,0,7,Summer,0,0,0,담하,콜라
2023-07-12,0,7,Summer,0,0,0,담하,콜라
2023-07-13,0,7,Summer,0,0,0,담하,콜라
2023-07-14,2,7,Summer,0,0,0,담하,콜라
2023-07-15,1,7,Summer,1,0,1,담하,콜라
2023-07-16,1,7,Summer,1,0,1,담하,콜라
2023-07-17,1,7,Summer,0,0,0,담하,콜라
2023-07-18,0,7,Summer,0,0,0,담하,콜라
2023-07-19,0,7,Summer,0,0,0,담하,콜라
2023-07-20,0,7,Summer,0,0,0,담하,콜라
2023-07-21,1,7,Summer,0,0,0,담하,콜라
2023-07-22,0,7,Summer,1,0,1,담하,콜라
2023-07-23,0,7,Summer,1,0,1,담하,콜라
2023-07-24,0,7,Summer,0,0,0,담하,콜라
2023-07-25,1,7,Summer,0,0,0,담하,콜라
2023-07-26,1,7,Summer,0,0,0,담하,콜라
2023-07-27,0,7,Summer,0,0,0,담하,콜라
2023-07-28,5,7,Summer,0,0,0,담하,콜라
2023-07-29,1,7,Summer,1,0,1,담하,콜라
2023-07-30,1,7,Summer,1,0,1,담하,콜라
2023-07-31,2,7,Summer,0,0,0,담하,콜라
2023-08-01,0,8,Summer,0,0,0,담하,콜라
2023-08-02,1,8,Summer,0,0,0,담하,콜라
2023-08-03,1,8,Summer,0,0,0,담하,콜라
2023-08-04,1,8,Summer,0,0,0,담하,콜라
2023-08-05,2,8,Summer,1,0,1,담하,콜라
2023-08-06,1,8,Summer,1,0,1,담하,콜라
2023-08-07,2,8,Summer,0,0,0,담하,콜라
2023-08-08,2,8,Summer,0,0,0,담하,콜라
2023-08-09,0,8,Summer,0,0,0,담하,콜라
2023-08-10,1,8,Summer,0,0,0,담하,콜라
2023-08-11,0,8,Summer,0,0,0,담하,콜라
2023-08-12,1,8,Summer,1,0,1,담하,콜라
2023-08-13,1,8,Summer,1,0,1,담하,콜라
2023-08-14,1,8,Summer,0,0,0,담하,콜라
2023-08-15,2,8,Summer,0,1,1,담하,콜라
2023-08-16,0,8,Summer,0,0,0,담하,콜라
2023-08-17,1,8,Summer,0,0,0,담하,콜라
2023-08-18,0,8,Summer,0,0,0,담하,콜라
2023-08-19,1,8,Summer,1,0,1,담하,콜라
2023-08-20,2,8,Summer,1,0,1,담하,콜라
2023-08-21,0,8,Summer,0,0,0,담하,콜라
2023-08-22,0,8,Summer,0,0,0,담하,콜라
2023-08-23,0,8,Summer,0,0,0,담하,콜라
2023-08-24,0,8,Summer,0,0,0,담하,콜라
2023-08-25,0,8,Summer,0,0,0,담하,콜라
2023-08-26,0,8,Summer,1,0,1,담하,콜라
2023-08-27,0,8,Summer,1,0,1,담하,콜라
2023-08-28,3,8,Summer,0,0,0,담하,콜라
2023-08-29,0,8,Summer,0,0,0,담하,콜라
2023-08-30,0,8,Summer,0,0,0,담하,콜라
2023-08-31,0,8,Summer,0,0,0,담하,콜라
2023-09-01,1,9,Autumn,0,0,0,담하,콜라
2023-09-02,1,9,Autumn,1,0,1,담하,콜라
2023-09-03,1,9,Autumn,1,0,1,담하,콜라
2023-09-04,0,9,Autumn,0,0,0,담하,콜라
2023-09-05,1,9,Autumn,0,0,0,담하,콜라
2023-09-06,0,9,Autumn,0,0,0,담하,콜라
2023-09-07,0,9,Autumn,0,0,0,담하,콜라
2023-09-08,0,9,Autumn,0,0,0,담하,콜라
2023-09-09,1,9,Autumn,1,0,1,담하,콜라
2023-09-10,0,9,Autumn,1,0,1,담하,콜라
2023-09-11,0,9,Autumn,0,0,0,담하,콜라
2023-09-12,1,9,Autumn,0,0,0,담하,콜라
2023-09-13,0,9,Autumn,0,0,0,담하,콜라
2023-09-14,0,9,Autumn,0,0,0,담하,콜라
2023-09-15,0,9,Autumn,0,0,0,담하,콜라
2023-09-16,0,9,Autumn,1,0,1,담하,콜라
2023-09-17,0,9,Autumn,1,0,1,담하,콜라
2023-09-18,0,9,Autumn,0,0,0,담하,콜라
2023-09-19,0,9,Autumn,0,0,0,담하,콜라
2023-09-20,0,9,Autumn,0,0,0,담하,콜라
2023-09-21,0,9,Autumn,0,0,0,담하,콜라
2023-09-22,1,9,Autumn,0,0,0,담하,콜라
2023-09-23,0,9,Autumn,1,0,1,담하,콜라
2023-09-24,0,9,Autumn,1,0,1,담하,콜라
2023-09-25,0,9,Autumn,0,0,0,담하,콜라
2023-09-26,0,9,Autumn,0,0,0,담하,콜라
2023-09-27,0,9,Autumn,0,0,0,담하,콜라
2023-09-28,2,9,Autumn,0,1,1,담하,콜라
2023-09-29,3,9,Autumn,0,1,1,담하,콜라
2023-09-30,2,9,Autumn,1,1,1,담하,콜라
2023-10-01,0,10,Autumn,1,0,1,담하,콜라
2023-10-02,0,10,Autumn,0,1,1,담하,콜라
2023-10-03,6,10,Autumn,0,1,1,담하,콜라
2023-10-04,1,10,Autumn,0,0,0,담하,콜라
2023-10-05,0,10,Autumn,0,0,0,담하,콜라
2023-10-06,0,10,Autumn,0,0,0,담하,콜라
2023-10-07,2,10,Autumn,1,0,1,담하,콜라
2023-10-08,2,10,Autumn,1,0,1,담하,콜라
2023-10-09,0,10,Autumn,0,1,1,담하,콜라
2023-10-10,6,10,Autumn,0,0,0,담하,콜라
2023-10-11,0,10,Autumn,0,0,0,담하,콜라
2023-10-12,0,10,Autumn,0,0,0,담하,콜라
2023-10-13,1,10,Autumn,0,0,0,담하,콜라
2023-10-14,8,10,Autumn,1,0,1,담하,콜라
2023-10-15,0,10,Autumn,1,0,1,담하,콜라
2023-10-16,0,10,Autumn,0,0,0,담하,콜라
2023-10-17,0,10,Autumn,0,0,0,담하,콜라
2023-10-18,1,10,Autumn,0,0,0,담하,콜라
2023-10-19,2,10,Autumn,0,0,0,담하,콜라
2023-10-20,4,10,Autumn,0,0,0,담하,콜라
2023-10-21,1,10,Autumn,1,0,1,담하,콜라
2023-10-22,4,10,Autumn,1,0,1,담하,콜라
2023-10-23,0,10,Autumn,0,0,0,담하,콜라
2023-10-24,0,10,Autumn,0,0,0,담하,콜라
2023-10-25,1,10,Autumn,0,0,0,담하,콜라
2023-10-26,0,10,Autumn,0,0,0,담하,콜라
2023-10-27,0,10,Autumn,0,0,0,담하,콜라
2023-10-28,1,10,Autumn,1,0,1,담하,콜라
2023-10-29,3,10,Autumn,1,0,1,담하,콜라
2023-10-30,3,10,Autumn,0,0,0,담하,콜라
2023-10-31,0,10,Autumn,0,0,0,담하,콜라
2023-11-01,3,11,Autumn,0,0,0,담하,콜라
2023-11-02,0,11,Autumn,0,0,0,담하,콜라
2023-11-03,2,11,Autumn,0,0,0,담하,콜라
2023-11-04,1,11,Autumn,1,0,1,담하,콜라
2023-11-05,0,11,Autumn,1,0,1,담하,콜라
2023-11-06,0,11,Autumn,0,0,0,담하,콜라
2023-11-07,1,11,Autumn,0,0,0,담하,콜라
2023-11-08,0,11,Autumn,0,0,0,담하,콜라
2023-11-09,1,11,Autumn,0,0,0,담하,콜라
2023-11-10,1,11,Autumn,0,0,0,담하,콜라
2023-11-11,2,11,Autumn,1,0,1,담하,콜라
2023-11-12,0,11,Autumn,1,0,1,담하,콜라
2023-11-13,2,11,Autumn,0,0,0,담하,콜라
2023-11-14,0,11,Autumn,0,0,0,담하,콜라
2023-11-15,0,11,Autumn,0,0,0,담하,콜라
2023-11-16,0,11,Autumn,0,0,0,담하,콜라
2023-11-17,0,11,Autumn,0,0,0,담하,콜라
2023-11-18,5,11,Autumn,1,0,1,담하,콜라
2023-11-19,0,11,Autumn,1,0,1,담하,콜라
2023-11-20,0,11,Autumn,0,0,0,담하,콜라
2023-11-21,0,11,Autumn,0,0,0,담하,콜라
2023-11-22,0,11,Autumn,0,0,0,담하,콜라
2023-11-23,3,11,Autumn,0,0,0,담하,콜라
2023-11-24,1,11,Autumn,0,0,0,담하,콜라
2023-11-25,19,11,Autumn,1,0,1,담하,콜라
2023-11-26,0,11,Autumn,1,0,1,담하,콜라
2023-11-27,0,11,Autumn,0,0,0,담하,콜라
2023-11-28,0,11,Autumn,0,0,0,담하,콜라
2023-11-29,1,11,Autumn,0,0,0,담하,콜라
2023-11-30,1,11,Autumn,0,0,0,담하,콜라
2023-12-01,0,12,Winter,0,0,0,담하,콜라
2023-12-02,0,12,Winter,1,0,1,담하,콜라
2023-12-03,0,12,Winter,1,0,1,담하,콜라
2023-12-04,0,12,Winter,0,0,0,담하,콜라
2023-12-05,0,12,Winter,0,0,0,담하,콜라
2023-12-06,0,12,Winter,0,0,0,담하,콜라
2023-12-07,0,12,Winter,0,0,0,담하,콜라
2023-12-08,3,12,Winter,0,0,0,담하,콜라
2023-12-09,1,12,Winter,1,0,1,담하,콜라
2023-12-10,0,12,Winter,1,0,1,담하,콜라
2023-12-11,4,12,Winter,0,0,0,담하,콜라
2023-12-12,0,12,Winter,0,0,0,담하,콜라
2023-12-13,0,12,Winter,0,0,0,담하,콜라
2023-12-14,0,12,Winter,0,0,0,담하,콜라
2023-12-15,2,12,Winter,0,0,0,담하,콜라
2023-12-16,1,12,Winter,1,0,1,담하,콜라
2023-12-17,6,12,Winter,1,0,1,담하,콜라
2023-12-18,0,12,Winter,0,0,0,담하,콜라
2023-12-19,1,12,Winter,0,0,0,담하,콜라
2023-12-20,0,12,Winter,0,0,0,담하,콜라
2023-12-21,7,12,Winter,0,0,0,담하,콜라
2023-12-22,1,12,Winter,0,0,0,담하,콜라
2023-12-23,1,12,Winter,1,0,1,담하,콜라
2023-12-24,0,12,Winter,1,0,1,담하,콜라
2023-12-25,2,12,Winter,0,1,1,담하,콜라
2023-12-26,0,12,Winter,0,0,0,담하,콜라
2023-12-27,8,12,Winter,0,0,0,담하,콜라
2023-12-28,0,12,Winter,0,0,0,담하,콜라
2023-12-29,2,12,Winter,0,0,0,담하,콜라
2023-12-30,2,12,Winter,1,0,1,담하,콜라
2023-12-31,3,12,Winter,1,0,1,담하,콜라
2024-01-01,6,1,Winter,0,1,1,담하,콜라
2024-01-02,4,1,Winter,0,0,0,담하,콜라
2024-01-03,4,1,Winter,0,0,0,담하,콜라
2024-01-04,2,1,Winter,0,0,0,담하,콜라
2024-01-05,2,1,Winter,0,0,0,담하,콜라
2024-01-06,9,1,Winter,1,0,1,담하,콜라
2024-01-07,2,1,Winter,1,0,1,담하,콜라
2024-01-08,2,1,Winter,0,0,0,담하,콜라
2024-01-09,1,1,Winter,0,0,0,담하,콜라
2024-01-10,0,1,Winter,0,0,0,담하,콜라
2024-01-11,0,1,Winter,0,0,0,담하,콜라
2024-01-12,2,1,Winter,0,0,0,담하,콜라
2024-01-13,4,1,Winter,1,0,1,담하,콜라
2024-01-14,4,1,Winter,1,0,1,담하,콜라
2024-01-15,2,1,Winter,0,0,0,담하,콜라
2024-01-16,1,1,Winter,0,0,0,담하,콜라
2024-01-17,4,1,Winter,0,0,0,담하,콜라
2024-01-18,1,1,Winter,0,0,0,담하,콜라
2024-01-19,0,1,Winter,0,0,0,담하,콜라
2024-01-20,0,1,Winter,1,0,1,담하,콜라
2024-01-21,3,1,Winter,1,0,1,담하,콜라
2024-01-22,0,1,Winter,0,0,0,담하,콜라
2024-01-23,2,1,Winter,0,0,0,담하,콜라
2024-01-24,2,1,Winter,0,0,0,담하,콜라
2024-01-25,0,1,Winter,0,0,0,담하,콜라
2024-01-26,1,1,Winter,0,0,0,담하,콜라
2024-01-27,2,1,Winter,1,0,1,담하,콜라
2024-01-28,12,1,Winter,1,0,1,담하,콜라
2024-01-29,2,1,Winter,0,0,0,담하,콜라
2024-01-30,0,1,Winter,0,0,0,담하,콜라
2024-01-31,2,1,Winter,0,0,0,담하,콜라
2024-02-01,0,2,Winter,0,0,0,담하,콜라
2024-02-02,2,2,Winter,0,0,0,담하,콜라
2024-02-03,1,2,Winter,1,0,1,담하,콜라
2024-02-04,3,2,Winter,1,0,1,담하,콜라
2024-02-05,0,2,Winter,0,0,0,담하,콜라
2024-02-06,3,2,Winter,0,0,0,담하,콜라
2024-02-07,1,2,Winter,0,0,0,담하,콜라
2024-02-08,1,2,Winter,0,0,0,담하,콜라
2024-02-09,1,2,Winter,0,1,1,담하,콜라
2024-02-10,1,2,Winter,1,1,1,담하,콜라
2024-02-11,0,2,Winter,1,1,1,담하,콜라
2024-02-12,3,2,Winter,0,1,1,담하,콜라
2024-02-13,3,2,Winter,0,0,0,담하,콜라
2024-02-14,3,2,Winter,0,0,0,담하,콜라
2024-02-15,0,2,Winter,0,0,0,담하,콜라
2024-02-16,1,2,Winter,0,0,0,담하,콜라
2024-02-17,0,2,Winter,1,0,1,담하,콜라
2024-02-18,4,2,Winter,1,0,1,담하,콜라
2024-02-19,1,2,Winter,0,0,0,담하,콜라
2024-02-20,1,2,Winter,0,0,0,담하,콜라
2024-02-21,0,2,Winter,0,0,0,담하,콜라
2024-02-22,1,2,Winter,0,0,0,담하,콜라
2024-02-23,1,2,Winter,0,0,0,담하,콜라
2024-02-24,3,2,Winter,1,0,1,담하,콜라
2024-02-25,0,2,Winter,1,0,1,담하,콜라
2024-02-26,1,2,Winter,0,0,0,담하,콜라
2024-02-27,0,2,Winter,0,0,0,담하,콜라
2024-02-28,0,2,Winter,0,0,0,담하,콜라
2024-02-29,0,2,Winter,0,0,0,담하,콜라
2024-03-01,0,3,Spring,0,1,1,담하,콜라
2024-03-02,2,3,Spring,1,0,1,담하,콜라
2024-03-03,0,3,Spring,1,0,1,담하,콜라
2024-03-04,0,3,Spring,0,0,0,담하,콜라
2024-03-05,0,3,Spring,0,0,0,담하,콜라
2024-03-06,0,3,Spring,0,0,0,담하,콜라
2024-03-07,0,3,Spring,0,0,0,담하,콜라
2024-03-08,0,3,Spring,0,0,0,담하,콜라
2024-03-09,0,3,Spring,1,0,1,담하,콜라
2024-03-10,0,3,Spring,1,0,1,담하,콜라
2024-03-11,0,3,Spring,0,0,0,담하,콜라
2024-03-12,0,3,Spring,0,0,0,담하,콜라
2024-03-13,0,3,Spring,0,0,0,담하,콜라
2024-03-14,0,3,Spring,0,0,0,담하,콜라
2024-03-15,2,3,Spring,0,0,0,담하,콜라
2024-03-16,1,3,Spring,1,0,1,담하,콜라
2024-03-17,0,3,Spring,1,0,1,담하,콜라
2024-03-18,0,3,Spring,0,0,0,담하,콜라
2024-03-19,0,3,Spring,0,0,0,담하,콜라
2024-03-20,0,3,Spring,0,0,0,담하,콜라
2024-03-21,0,3,Spring,0,0,0,담하,콜라
2024-03-22,0,3,Spring,0,0,0,담하,콜라
2024-03-23,1,3,Spring,1,0,1,담하,콜라
2024-03-24,0,3,Spring,1,0,1,담하,콜라
2024-03-25,0,3,Spring,0,0,0,담하,콜라
2024-03-26,0,3,Spring,0,0,0,담하,콜라
2024-03-27,0,3,Spring,0,0,0,담하,콜라
2024-03-28,0,3,Spring,0,0,0,담하,콜라
2024-03-29,2,3,Spring,0,0,0,담하,콜라
2024-03-30,0,3,Spring,1,0,1,담하,콜라
2024-03-31,0,3,Spring,1,0,1,담하,콜라
2024-04-01,2,4,Spring,0,0,0,담하,콜라
2024-04-02,0,4,Spring,0,0,0,담하,콜라
2024-04-03,0,4,Spring,0,0,0,담하,콜라
2024-04-04,0,4,Spring,0,0,0,담하,콜라
2024-04-05,0,4,Spring,0,0,0,담하,콜라
2024-04-06,3,4,Spring,1,0,1,담하,콜라
2024-04-07,1,4,Spring,1,0,1,담하,콜라
2024-04-08,0,4,Spring,0,0,0,담하,콜라
2024-04-09,2,4,Spring,0,0,0,담하,콜라
2024-04-10,0,4,Spring,0,1,1,담하,콜라
2024-04-11,0,4,Spring,0,0,0,담하,콜라
2024-04-12,2,4,Spring,0,0,0,담하,콜라
2024-04-13,0,4,Spring,1,0,1,담하,콜라
2024-04-14,0,4,Spring,1,0,1,담하,콜라
2024-04-15,1,4,Spring,0,0,0,담하,콜라
2024-04-16,0,4,Spring,0,0,0,담하,콜라
2024-04-17,0,4,Spring,0,0,0,담하,콜라
2024-04-18,0,4,Spring,0,0,0,담하,콜라
2024-04-19,2,4,Spring,0,0,0,담하,콜라
2024-04-20,2,4,Spring,1,0,1,담하,콜라
2024-04-21,0,4,Spring,1,0,1,담하,콜라
2024-04-22,0,4,Spring,0,0,0,담하,콜라
2024-04-23,0,4,Spring,0,0,0,담하,콜라
2024-04-24,0,4,Spring,0,0,0,담하,콜라
2024-04-25,1,4,Spring,0,0,0,담하,콜라
2024-04-26,1,4,Spring,0,0,0,담하,콜라
2024-04-27,3,4,Spring,1,0,1,담하,콜라
2024-04-28,1,4,Spring,1,0,1,담하,콜라
2024-04-29,0,4,Spring,0,0,0,담하,콜라
2024-04-30,2,4,Spring,0,0,0,담하,콜라
2024-05-01,2,5,Spring,0,0,0,담하,콜라
2024-05-02,3,5,Spring,0,0,0,담하,콜라
2024-05-03,2,5,Spring,0,0,0,담하,콜라
2024-05-04,1,5,Spring,1,0,1,담하,콜라
2024-05-05,2,5,Spring,1,1,1,담하,콜라
2024-05-06,0,5,Spring,0,1,1,담하,콜라
2024-05-07,1,5,Spring,0,0,0,담하,콜라
2024-05-08,0,5,Spring,0,0,0,담하,콜라
2024-05-09,0,5,Spring,0,0,0,담하,콜라
2024-05-10,0,5,Spring,0,0,0,담하,콜라
2024-05-11,0,5,Spring,1,0,1,담하,콜라
2024-05-12,1,5,Spring,1,0,1,담하,콜라
2024-05-13,0,5,Spring,0,0,0,담하,콜라
2024-05-14,1,5,Spring,0,0,0,담하,콜라
2024-05-15,0,5,Spring,0,1,1,담하,콜라
2024-05-16,0,5,Spring,0,0,0,담하,콜라
2024-05-17,2,5,Spring,0,0,0,담하,콜라
2024-05-18,0,5,Spring,1,0,1,담하,콜라
2024-05-19,0,5,Spring,1,0,1,담하,콜라
2024-05-20,0,5,Spring,0,0,0,담하,콜라
2024-05-21,2,5,Spring,0,0,0,담하,콜라
2024-05-22,0,5,Spring,0,0,0,담하,콜라
2024-05-23,14,5,Spring,0,0,0,담하,콜라
2024-05-24,1,5,Spring,0,0,0,담하,콜라
2024-05-25,0,5,Spring,1,0,1,담하,콜라
2024-05-26,0,5,Spring,1,0,1,담하,콜라
2024-05-27,0,5,Spring,0,0,0,담하,콜라
2024-05-28,0,5,Spring,0,0,0,담하,콜라
2024-05-29,1,5,Spring,0,0,0,담하,콜라
2024-05-30,0,5,Spring,0,0,0,담하,콜라
2024-05-31,2,5,Spring,0,0,0,담하,콜라
2024-06-01,0,6,Summer,1,0,1,담하,콜라
2024-06-02,1,6,Summer,1,0,1,담하,콜라
2024-06-03,0,6,Summer,0,0,0,담하,콜라
2024-06-04,0,6,Summer,0,0,0,담하,콜라
2024-06-05,0,6,Summer,0,0,0,담하,콜라
2024-06-06,0,6,Summer,0,1,1,담하,콜라
2024-06-07,0,6,Summer,0,0,0,담하,콜라
2024-06-08,0,6,Summer,1,0,1,담하,콜라
2024-06-09,1,6,Summer,1,0,1,담하,콜라
2024-06-10,0,6,Summer,0,0,0,담하,콜라
2024-06-11,0,6,Summer,0,0,0,담하,콜라
2024-06-12,1,6,Summer,0,0,0,담하,콜라
2024-06-13,0,6,Summer,0,0,0,담하,콜라
2024-06-14,0,6,Summer,0,0,0,담하,콜라
2024-06-15,0,6,Summer,1,0,1,담하,콜라
2023-01-01,1,1,Winter,1,1,1,담하,테라
2023-01-02,2,1,Winter,0,0,0,담하,테라
2023-01-03,8,1,Winter,0,0,0,담하,테라
2023-01-04,1,1,Winter,0,0,0,담하,테라
2023-01-05,4,1,Winter,0,0,0,담하,테라
2023-01-06,2,1,Winter,0,0,0,담하,테라
2023-01-07,3,1,Winter,1,0,1,담하,테라
2023-01-08,0,1,Winter,1,0,1,담하,테라
2023-01-09,7,1,Winter,0,0,0,담하,테라
2023-01-10,8,1,Winter,0,0,0,담하,테라
2023-01-11,3,1,Winter,0,0,0,담하,테라
2023-01-12,0,1,Winter,0,0,0,담하,테라
2023-01-13,15,1,Winter,0,0,0,담하,테라
2023-01-14,1,1,Winter,1,0,1,담하,테라
2023-01-15,4,1,Winter,1,0,1,담하,테라
2023-01-16,0,1,Winter,0,0,0,담하,테라
2023-01-17,5,1,Winter,0,0,0,담하,테라
2023-01-18,0,1,Winter,0,0,0,담하,테라
2023-01-19,1,1,Winter,0,0,0,담하,테라
2023-01-20,1,1,Winter,0,0,0,담하,테라
2023-01-21,4,1,Winter,1,1,1,담하,테라
2023-01-22,4,1,Winter,1,1,1,담하,테라
2023-01-23,6,1,Winter,0,1,1,담하,테라
2023-01-24,4,1,Winter,0,1,1,담하,테라
2023-01-25,4,1,Winter,0,0,0,담하,테라
2023-01-26,1,1,Winter,0,0,0,담하,테라
2023-01-27,1,1,Winter,0,0,0,담하,테라
2023-01-28,6,1,Winter,1,0,1,담하,테라
2023-01-29,3,1,Winter,1,0,1,담하,테라
2023-01-30,0,1,Winter,0,0,0,담하,테라
2023-01-31,0,1,Winter,0,0,0,담하,테라
2023-02-01,1,2,Winter,0,0,0,담하,테라
2023-02-02,3,2,Winter,0,0,0,담하,테라
2023-02-03,1,2,Winter,0,0,0,담하,테라
2023-02-04,7,2,Winter,1,0,1,담하,테라
2023-02-05,1,2,Winter,1,0,1,담하,테라
2023-02-06,1,2,Winter,0,0,0,담하,테라
2023-02-07,0,2,Winter,0,0,0,담하,테라
2023-02-08,7,2,Winter,0,0,0,담하,테라
2023-02-09,0,2,Winter,0,0,0,담하,테라
2023-02-10,0,2,Winter,0,0,0,담하,테라
2023-02-11,5,2,Winter,1,0,1,담하,테라
2023-02-12,3,2,Winter,1,0,1,담하,테라
2023-02-13,2,2,Winter,0,0,0,담하,테라
2023-02-14,0,2,Winter,0,0,0,담하,테라
2023-02-15,1,2,Winter,0,0,0,담하,테라
2023-02-16,0,2,Winter,0,0,0,담하,테라
2023-02-17,3,2,Winter,0,0,0,담하,테라
2023-02-18,2,2,Winter,1,0,1,담하,테라
2023-02-19,1,2,Winter,1,0,1,담하,테라
2023-02-20,3,2,Winter,0,0,0,담하,테라
2023-02-21,6,2,Winter,0,0,0,담하,테라
2023-02-22,1,2,Winter,0,0,0,담하,테라
2023-02-23,0,2,Winter,0,0,0,담하,테라
2023-02-24,0,2,Winter,0,0,0,담하,테라
2023-02-25,8,2,Winter,1,0,1,담하,테라
2023-02-26,2,2,Winter,1,0,1,담하,테라
2023-02-27,0,2,Winter,0,0,0,담하,테라
2023-02-28,2,2,Winter,0,0,0,담하,테라
2023-03-01,0,3,Spring,0,1,1,담하,테라
2023-03-02,0,3,Spring,0,0,0,담하,테라
2023-03-03,0,3,Spring,0,0,0,담하,테라
2023-03-04,0,3,Spring,1,0,1,담하,테라
2023-03-05,0,3,Spring,1,0,1,담하,테라
2023-03-06,0,3,Spring,0,0,0,담하,테라
2023-03-07,0,3,Spring,0,0,0,담하,테라
2023-03-08,0,3,Spring,0,0,0,담하,테라
2023-03-09,0,3,Spring,0,0,0,담하,테라
2023-03-10,0,3,Spring,0,0,0,담하,테라
2023-03-11,0,3,Spring,1,0,1,담하,테라
2023-03-12,0,3,Spring,1,0,1,담하,테라
2023-03-13,0,3,Spring,0,0,0,담하,테라
2023-03-14,0,3,Spring,0,0,0,담하,테라
2023-03-15,0,3,Spring,0,0,0,담하,테라
2023-03-16,0,3,Spring,0,0,0,담하,테라
2023-03-17,0,3,Spring,0,0,0,담하,테라
2023-03-18,5,3,Spring,1,0,1,담하,테라
2023-03-19,0,3,Spring,1,0,1,담하,테라
2023-03-20,0,3,Spring,0,0,0,담하,테라
2023-03-21,2,3,Spring,0,0,0,담하,테라
2023-03-22,0,3,Spring,0,0,0,담하,테라
2023-03-23,0,3,Spring,0,0,0,담하,테라
2023-03-24,1,3,Spring,0,0,0,담하,테라
2023-03-25,3,3,Spring,1,0,1,담하,테라
2023-03-26,0,3,Spring,1,0,1,담하,테라
2023-03-27,0,3,Spring,0,0,0,담하,테라
2023-03-28,0,3,Spring,0,0,0,담하,테라
2023-03-29,0,3,Spring,0,0,0,담하,테라
2023-03-30,0,3,Spring,0,0,0,담하,테라
2023-03-31,7,3,Spring,0,0,0,담하,테라
2023-04-01,1,4,Spring,1,0,1,담하,테라
2023-04-02,0,4,Spring,1,0,1,담하,테라
2023-04-03,0,4,Spring,0,0,0,담하,테라
2023-04-04,0,4,Spring,0,0,0,담하,테라
2023-04-05,0,4,Spring,0,0,0,담하,테라
2023-04-06,0,4,Spring,0,0,0,담하,테라
2023-04-07,0,4,Spring,0,0,0,담하,테라
2023-04-08,3,4,Spring,1,0,1,담하,테라
2023-04-09,0,4,Spring,1,0,1,담하,테라
2023-04-10,0,4,Spring,0,0,0,담하,테라
2023-04-11,0,4,Spring,0,0,0,담하,테라
2023-04-12,0,4,Spring,0,0,0,담하,테라
2023-04-13,6,4,Spring,0,0,0,담하,테라
2023-04-14,4,4,Spring,0,0,0,담하,테라
2023-04-15,4,4,Spring,1,0,1,담하,테라
2023-04-16,3,4,Spring,1,0,1,담하,테라
2023-04-17,0,4,Spring,0,0,0,담하,테라
2023-04-18,0,4,Spring,0,0,0,담하,테라
2023-04-19,0,4,Spring,0,0,0,담하,테라
2023-04-20,1,4,Spring,0,0,0,담하,테라
2023-04-21,1,4,Spring,0,0,0,담하,테라
2023-04-22,0,4,Spring,1,0,1,담하,테라
2023-04-23,1,4,Spring,1,0,1,담하,테라
2023-04-24,0,4,Spring,0,0,0,담하,테라
2023-04-25,0,4,Spring,0,0,0,담하,테라
2023-04-26,0,4,Spring,0,0,0,담하,테라
2023-04-27,1,4,Spring,0,0,0,담하,테라
2023-04-28,6,4,Spring,0,0,0,담하,테라
2023-04-29,5,4,Spring,1,0,1,담하,테라
2023-04-30,0,4,Spring,1,0,1,담하,테라
2023-05-01,1,5,Spring,0,0,0,담하,테라
2023-05-02,0,5,Spring,0,0,0,담하,테라
2023-05-03,0,5,Spring,0,0,0,담하,테라
2023-05-04,0,5,Spring,0,0,0,담하,테라
2023-05-05,1,5,Spring,0,1,1,담하,테라
2023-05-06,2,5,Spring,1,0,1,담하,테라
2023-05-07,0,5,Spring,1,0,1,담하,테라
2023-05-08,0,5,Spring,0,0,0,담하,테라
2023-05-09,6,5,Spring,0,0,0,담하,테라
2023-05-10,1,5,Spring,0,0,0,담하,테라
2023-05-11,0,5,Spring,0,0,0,담하,테라
2023-05-12,0,5,Spring,0,0,0,담하,테라
2023-05-13,2,5,Spring,1,0,1,담하,테라
2023-05-14,3,5,Spring,1,0,1,담하,테라
2023-05-15,0,5,Spring,0,0,0,담하,테라
2023-05-16,3,5,Spring,0,0,0,담하,테라
2023-05-17,0,5,Spring,0,0,0,담하,테라
2023-05-18,1,5,Spring,0,0,0,담하,테라
2023-05-19,0,5,Spring,0,0,0,담하,테라
2023-05-20,3,5,Spring,1,0,1,담하,테라
2023-05-21,0,5,Spring,1,0,1,담하,테라
2023-05-22,0,5,Spring,0,0,0,담하,테라
2023-05-23,2,5,Spring,0,0,0,담하,테라
2023-05-24,1,5,Spring,0,0,0,담하,테라
2023-05-25,0,5,Spring,0,0,0,담하,테라
2023-05-26,0,5,Spring,0,0,0,담하,테라
2023-05-27,0,5,Spring,1,1,1,담하,테라
2023-05-28,1,5,Spring,1,0,1,담하,테라
2023-05-29,0,5,Spring,0,1,1,담하,테라
2023-05-30,0,5,Spring,0,0,0,담하,테라
2023-05-31,0,5,Spring,0,0,0,담하,테라
2023-06-01,1,6,Summer,0,0,0,담하,테라
2023-06-02,0,6,Summer,0,0,0,담하,테라
2023-06-03,2,6,Summer,1,0,1,담하,테라
2023-06-04,1,6,Summer,1,0,1,담하,테라
2023-06-05,5,6,Summer,0,0,0,담하,테라
2023-06-06,0,6,Summer,0,1,1,담하,테라
2023-06-07,0,6,Summer,0,0,0,담하,테라
2023-06-08,3,6,Summer,0,0,0,담하,테라
2023-06-09,3,6,Summer,0,0,0,담하,테라
2023-06-10,3,6,Summer,1,0,1,담하,테라
2023-06-11,1,6,Summer,1,0,1,담하,테라
2023-06-12,2,6,Summer,0,0,0,담하,테라
2023-06-13,0,6,Summer,0,0,0,담하,테라
2023-06-14,0,6,Summer,0,0,0,담하,테라
2023-06-15,2,6,Summer,0,0,0,담하,테라
2023-06-16,0,6,Summer,0,0,0,담하,테라
2023-06-17,0,6,Summer,1,0,1,담하,테라
2023-06-18,3,6,Summer,1,0,1,담하,테라
2023-06-19,0,6,Summer,0,0,0,담하,테라
2023-06-20,0,6,Summer,0,0,0,담하,테라
2023-06-21,0,6,Summer,0,0,0,담하,테라
2023-06-22,0,6,Summer,0,0,0,담하,테라
2023-06-23,4,6,Summer,0,0,0,담하,테라
2023-06-24,1,6,Summer,1,0,1,담하,테라
2023-06-25,1,6,Summer,1,0,1,담하,테라
2023-06-26,8,6,Summer,0,0,0,담하,테라
2023-06-27,1,6,Summer,0,0,0,담하,테라
2023-06-28,0,6,Summer,0,0,0,담하,테라
2023-06-29,1,6,Summer,0,0,0,담하,테라
2023-06-30,3,6,Summer,0,0,0,담하,테라
2023-07-01,9,7,Summer,1,0,1,담하,테라
2023-07-02,0,7,Summer,1,0,1,담하,테라
2023-07-03,0,7,Summer,0,0,0,담하,테라
2023-07-04,1,7,Summer,0,0,0,담하,테라
2023-07-05,0,7,Summer,0,0,0,담하,테라
2023-07-06,0,7,Summer,0,0,0,담하,테라
2023-07-07,0,7,Summer,0,0,0,담하,테라
2023-07-08,4,7,Summer,1,0,1,담하,테라
2023-07-09,0,7,Summer,1,0,1,담하,테라
2023-07-10,0,7,Summer,0,0,0,담하,테라
2023-07-11,0,7,Summer,0,0,0,담하,테라
2023-07-12,0,7,Summer,0,0,0,담하,테라
2023-07-13,0,7,Summer,0,0,0,담하,테라
2023-07-14,4,7,Summer,0,0,0,담하,테라
2023-07-15,2,7,Summer,1,0,1,담하,테라
2023-07-16,2,7,Summer,1,0,1,담하,테라
2023-07-17,0,7,Summer,0,0,0,담하,테라
2023-07-18,3,7,Summer,0,0,0,담하,테라
2023-07-19,0,7,Summer,0,0,0,담하,테라
2023-07-20,0,7,Summer,0,0,0,담하,테라
2023-07-21,1,7,Summer,0,0,0,담하,테라
2023-07-22,0,7,Summer,1,0,1,담하,테라
2023-07-23,0,7,Summer,1,0,1,담하,테라
2023-07-24,0,7,Summer,0,0,0,담하,테라
2023-07-25,0,7,Summer,0,0,0,담하,테라
2023-07-26,2,7,Summer,0,0,0,담하,테라
2023-07-27,1,7,Summer,0,0,0,담하,테라
2023-07-28,2,7,Summer,0,0,0,담하,테라
2023-07-29,2,7,Summer,1,0,1,담하,테라
2023-07-30,0,7,Summer,1,0,1,담하,테라
2023-07-31,2,7,Summer,0,0,0,담하,테라
2023-08-01,1,8,Summer,0,0,0,담하,테라
2023-08-02,0,8,Summer,0,0,0,담하,테라
2023-08-03,2,8,Summer,0,0,0,담하,테라
2023-08-04,1,8,Summer,0,0,0,담하,테라
2023-08-05,1,8,Summer,1,0,1,담하,테라
2023-08-06,2,8,Summer,1,0,1,담하,테라
2023-08-07,3,8,Summer,0,0,0,담하,테라
2023-08-08,0,8,Summer,0,0,0,담하,테라
2023-08-09,1,8,Summer,0,0,0,담하,테라
2023-08-10,0,8,Summer,0,0,0,담하,테라
2023-08-11,2,8,Summer,0,0,0,담하,테라
2023-08-12,1,8,Summer,1,0,1,담하,테라
2023-08-13,0,8,Summer,1,0,1,담하,테라
2023-08-14,4,8,Summer,0,0,0,담하,테라
2023-08-15,1,8,Summer,0,1,1,담하,테라
2023-08-16,0,8,Summer,0,0,0,담하,테라
2023-08-17,0,8,Summer,0,0,0,담하,테라
2023-08-18,3,8,Summer,0,0,0,담하,테라
2023-08-19,2,8,Summer,1,0,1,담하,테라
2023-08-20,2,8,Summer,1,0,1,담하,테라
2023-08-21,1,8,Summer,0,0,0,담하,테라
2023-08-22,0,8,Summer,0,0,0,담하,테라
2023-08-23,1,8,Summer,0,0,0,담하,테라
2023-08-24,0,8,Summer,0,0,0,담하,테라
2023-08-25,6,8,Summer,0,0,0,담하,테라
2023-08-26,1,8,Summer,1,0,1,담하,테라
2023-08-27,0,8,Summer,1,0,1,담하,테라
2023-08-28,0,8,Summer,0,0,0,담하,테라
2023-08-29,0,8,Summer,0,0,0,담하,테라
2023-08-30,1,8,Summer,0,0,0,담하,테라
2023-08-31,2,8,Summer,0,0,0,담하,테라
2023-09-01,0,9,Autumn,0,0,0,담하,테라
2023-09-02,1,9,Autumn,1,0,1,담하,테라
2023-09-03,0,9,Autumn,1,0,1,담하,테라
2023-09-04,0,9,Autumn,0,0,0,담하,테라
2023-09-05,0,9,Autumn,0,0,0,담하,테라
2023-09-06,0,9,Autumn,0,0,0,담하,테라
2023-09-07,0,9,Autumn,0,0,0,담하,테라
2023-09-08,0,9,Autumn,0,0,0,담하,테라
2023-09-09,4,9,Autumn,1,0,1,담하,테라
2023-09-10,1,9,Autumn,1,0,1,담하,테라
2023-09-11,2,9,Autumn,0,0,0,담하,테라
2023-09-12,1,9,Autumn,0,0,0,담하,테라
2023-09-13,0,9,Autumn,0,0,0,담하,테라
2023-09-14,0,9,Autumn,0,0,0,담하,테라
2023-09-15,0,9,Autumn,0,0,0,담하,테라
2023-09-16,0,9,Autumn,1,0,1,담하,테라
2023-09-17,0,9,Autumn,1,0,1,담하,테라
2023-09-18,0,9,Autumn,0,0,0,담하,테라
2023-09-19,4,9,Autumn,0,0,0,담하,테라
2023-09-20,1,9,Autumn,0,0,0,담하,테라
2023-09-21,0,9,Autumn,0,0,0,담하,테라
2023-09-22,0,9,Autumn,0,0,0,담하,테라
2023-09-23,0,9,Autumn,1,0,1,담하,테라
2023-09-24,0,9,Autumn,1,0,1,담하,테라
2023-09-25,1,9,Autumn,0,0,0,담하,테라
2023-09-26,0,9,Autumn,0,0,0,담하,테라
2023-09-27,1,9,Autumn,0,0,0,담하,테라
2023-09-28,5,9,Autumn,0,1,1,담하,테라
2023-09-29,0,9,Autumn,0,1,1,담하,테라
2023-09-30,0,9,Autumn,1,1,1,담하,테라
2023-10-01,1,10,Autumn,1,0,1,담하,테라
2023-10-02,1,10,Autumn,0,1,1,담하,테라
2023-10-03,0,10,Autumn,0,1,1,담하,테라
2023-10-04,0,10,Autumn,0,0,0,담하,테라
2023-10-05,0,10,Autumn,0,0,0,담하,테라
2023-10-06,5,10,Autumn,0,0,0,담하,테라
2023-10-07,0,10,Autumn,1,0,1,담하,테라
2023-10-08,3,10,Autumn,1,0,1,담하,테라
2023-10-09,2,10,Autumn,0,1,1,담하,테라
2023-10-10,0,10,Autumn,0,0,0,담하,테라
2023-10-11,1,10,Autumn,0,0,0,담하,테라
2023-10-12,0,10,Autumn,0,0,0,담하,테라
2023-10-13,2,10,Autumn,0,0,0,담하,테라
2023-10-14,0,10,Autumn,1,0,1,담하,테라
2023-10-15,3,10,Autumn,1,0,1,담하,테라
2023-10-16,2,10,Autumn,0,0,0,담하,테라
2023-10-17,1,10,Autumn,0,0,0,담하,테라
2023-10-18,2,10,Autumn,0,0,0,담하,테라
2023-10-19,1,10,Autumn,0,0,0,담하,테라
2023-10-20,0,10,Autumn,0,0,0,담하,테라
2023-10-21,2,10,Autumn,1,0,1,담하,테라
2023-10-22,1,10,Autumn,1,0,1,담하,테라
2023-10-23,0,10,Autumn,0,0,0,담하,테라
2023-10-24,1,10,Autumn,0,0,0,담하,테라
2023-10-25,3,10,Autumn,0,0,0,담하,테라
2023-10-26,5,10,Autumn,0,0,0,담하,테라
2023-10-27,4,10,Autumn,0,0,0,담하,테라
2023-10-28,3,10,Autumn,1,0,1,담하,테라
2023-10-29,0,10,Autumn,1,0,1,담하,테라
2023-10-30,1,10,Autumn,0,0,0,담하,테라
2023-10-31,5,10,Autumn,0,0,0,담하,테라
2023-11-01,2,11,Autumn,0,0,0,담하,테라
2023-11-02,0,11,Autumn,0,0,0,담하,테라
2023-11-03,0,11,Autumn,0,0,0,담하,테라
2023-11-04,2,11,Autumn,1,0,1,담하,테라
2023-11-05,2,11,Autumn,1,0,1,담하,테라
2023-11-06,2,11,Autumn,0,0,0,담하,테라
2023-11-07,3,11,Autumn,0,0,0,담하,테라
2023-11-08,2,11,Autumn,0,0,0,담하,테라
2023-11-09,0,11,Autumn,0,0,0,담하,테라
2023-11-10,7,11,Autumn,0,0,0,담하,테라
2023-11-11,3,11,Autumn,1,0,1,담하,테라
2023-11-12,3,11,Autumn,1,0,1,담하,테라
2023-11-13,0,11,Autumn,0,0,0,담하,테라
2023-11-14,1,11,Autumn,0,0,0,담하,테라
2023-11-15,1,11,Autumn,0,0,0,담하,테라
2023-11-16,0,11,Autumn,0,0,0,담하,테라
2023-11-17,0,11,Autumn,0,0,0,담하,테라
2023-11-18,5,11,Autumn,1,0,1,담하,테라
2023-11-19,0,11,Autumn,1,0,1,담하,테라
2023-11-20,0,11,Autumn,0,0,0,담하,테라
2023-11-21,3,11,Autumn,0,0,0,담하,테라
2023-11-22,3,11,Autumn,0,0,0,담하,테라
2023-11-23,1,11,Autumn,0,0,0,담하,테라
2023-11-24,4,11,Autumn,0,0,0,담하,테라
2023-11-25,5,11,Autumn,1,0,1,담하,테라
2023-11-26,0,11,Autumn,1,0,1,담하,테라
2023-11-27,0,11,Autumn,0,0,0,담하,테라
2023-11-28,0,11,Autumn,0,0,0,담하,테라
2023-11-29,0,11,Autumn,0,0,0,담하,테라
2023-11-30,0,11,Autumn,0,0,0,담하,테라
2023-12-01,0,12,Winter,0,0,0,담하,테라
2023-12-02,0,12,Winter,1,0,1,담하,테라
2023-12-03,0,12,Winter,1,0,1,담하,테라
2023-12-04,5,12,Winter,0,0,0,담하,테라
2023-12-05,0,12,Winter,0,0,0,담하,테라
2023-12-06,0,12,Winter,0,0,0,담하,테라
2023-12-07,0,12,Winter,0,0,0,담하,테라
2023-12-08,1,12,Winter,0,0,0,담하,테라
2023-12-09,12,12,Winter,1,0,1,담하,테라
2023-12-10,0,12,Winter,1,0,1,담하,테라
2023-12-11,4,12,Winter,0,0,0,담하,테라
2023-12-12,0,12,Winter,0,0,0,담하,테라
2023-12-13,0,12,Winter,0,0,0,담하,테라
2023-12-14,0,12,Winter,0,0,0,담하,테라
2023-12-15,1,12,Winter,0,0,0,담하,테라
2023-12-16,0,12,Winter,1,0,1,담하,테라
2023-12-17,1,12,Winter,1,0,1,담하,테라
2023-12-18,1,12,Winter,0,0,0,담하,테라
2023-12-19,2,12,Winter,0,0,0,담하,테라
2023-12-20,2,12,Winter,0,0,0,담하,테라
2023-12-21,0,12,Winter,0,0,0,담하,테라
2023-12-22,0,12,Winter,0,0,0,담하,테라
2023-12-23,0,12,Winter,1,0,1,담하,테라
2023-12-24,2,12,Winter,1,0,1,담하,테라
2023-12-25,3,12,Winter,0,1,1,담하,테라
2023-12-26,2,12,Winter,0,0,0,담하,테라
2023-12-27,2,12,Winter,0,0,0,담하,테라
2023-12-28,0,12,Winter,0,0,0,담하,테라
2023-12-29,1,12,Winter,0,0,0,담하,테라
2023-12-30,2,12,Winter,1,0,1,담하,테라
2023-12-31,6,12,Winter,1,0,1,담하,테라
2024-01-01,5,1,Winter,0,1,1,담하,테라
2024-01-02,0,1,Winter,0,0,0,담하,테라
2024-01-03,0,1,Winter,0,0,0,담하,테라
2024-01-04,0,1,Winter,0,0,0,담하,테라
2024-01-05,2,1,Winter,0,0,0,담하,테라
2024-01-06,2,1,Winter,1,0,1,담하,테라
2024-01-07,0,1,Winter,1,0,1,담하,테라
2024-01-08,1,1,Winter,0,0,0,담하,테라
2024-01-09,0,1,Winter,0,0,0,담하,테라
2024-01-10,1,1,Winter,0,0,0,담하,테라
2024-01-11,2,1,Winter,0,0,0,담하,테라
2024-01-12,4,1,Winter,0,0,0,담하,테라
2024-01-13,2,1,Winter,1,0,1,담하,테라
2024-01-14,3,1,Winter,1,0,1,담하,테라
2024-01-15,2,1,Winter,0,0,0,담하,테라
2024-01-16,0,1,Winter,0,0,0,담하,테라
2024-01-17,2,1,Winter,0,0,0,담하,테라
2024-01-18,0,1,Winter,0,0,0,담하,테라
2024-01-19,0,1,Winter,0,0,0,담하,테라
2024-01-20,4,1,Winter,1,0,1,담하,테라
2024-01-21,0,1,Winter,1,0,1,담하,테라
2024-01-22,0,1,Winter,0,0,0,담하,테라
2024-01-23,1,1,Winter,0,0,0,담하,테라
2024-01-24,0,1,Winter,0,0,0,담하,테라
2024-01-25,1,1,Winter,0,0,0,담하,테라
2024-01-26,0,1,Winter,0,0,0,담하,테라
2024-01-27,0,1,Winter,1,0,1,담하,테라
2024-01-28,0,1,Winter,1,0,1,담하,테라
2024-01-29,0,1,Winter,0,0,0,담하,테라
2024-01-30,1,1,Winter,0,0,0,담하,테라
2024-01-31,0,1,Winter,0,0,0,담하,테라
2024-02-01,0,2,Winter,0,0,0,담하,테라
2024-02-02,0,2,Winter,0,0,0,담하,테라
2024-02-03,1,2,Winter,1,0,1,담하,테라
2024-02-04,0,2,Winter,1,0,1,담하,테라
2024-02-05,0,2,Winter,0,0,0,담하,테라
2024-02-06,7,2,Winter,0,0,0,담하,테라
2024-02-07,0,2,Winter,0,0,0,담하,테라
2024-02-08,2,2,Winter,0,0,0,담하,테라
2024-02-09,1,2,Winter,0,1,1,담하,테라
2024-02-10,2,2,Winter,1,1,1,담하,테라
2024-02-11,0,2,Winter,1,1,1,담하,테라
2024-02-12,1,2,Winter,0,1,1,담하,테라
2024-02-13,2,2,Winter,0,0,0,담하,테라
2024-02-14,0,2,Winter,0,0,0,담하,테라
2024-02-15,2,2,Winter,0,0,0,담하,테라
2024-02-16,2,2,Winter,0,0,0,담하,테라
2024-02-17,0,2,Winter,1,0,1,담하,테라
2024-02-18,0,2,Winter,1,0,1,담하,테라
2024-02-19,0,2,Winter,0,0,0,담하,테라
2024-02-20,0,2,Winter,0,0,0,담하,테라
2024-02-21,0,2,Winter,0,0,0,담하,테라
2024-02-22,0,2,Winter,0,0,0,담하,테라
2024-02-23,0,2,Winter,0,0,0,담하,테라
2024-02-24,2,2,Winter,1,0,1,담하,테라
2024-02-25,1,2,Winter,1,0,1,담하,테라
2024-02-26,0,2,Winter,0,0,0,담하,테라
2024-02-27,2,2,Winter,0,0,0,담하,테라
2024-02-28,0,2,Winter,0,0,0,담하,테라
2024-02-29,2,2,Winter,0,0,0,담하,테라
2024-03-01,0,3,Spring,0,1,1,담하,테라
2024-03-02,0,3,Spring,1,0,1,담하,테라
2024-03-03,0,3,Spring,1,0,1,담하,테라
2024-03-04,0,3,Spring,0,0,0,담하,테라
2024-03-05,0,3,Spring,0,0,0,담하,테라
2024-03-06,0,3,Spring,0,0,0,담하,테라
2024-03-07,0,3,Spring,0,0,0,담하,테라
2024-03-08,0,3,Spring,0,0,0,담하,테라
2024-03-09,0,3,Spring,1,0,1,담하,테라
2024-03-10,0,3,Spring,1,0,1,담하,테라
2024-03-11,0,3,Spring,0,0,0,담하,테라
2024-03-12,0,3,Spring,0,0,0,담하,테라
2024-03-13,0,3,Spring,0,0,0,담하,테라
2024-03-14,0,3,Spring,0,0,0,담하,테라
2024-03-15,0,3,Spring,0,0,0,담하,테라
2024-03-16,0,3,Spring,1,0,1,담하,테라
2024-03-17,0,3,Spring,1,0,1,담하,테라
2024-03-18,0,3,Spring,0,0,0,담하,테라
2024-03-19,1,3,Spring,0,0,0,담하,테라
2024-03-20,0,3,Spring,0,0,0,담하,테라
2024-03-21,0,3,Spring,0,0,0,담하,테라
2024-03-22,0,3,Spring,0,0,0,담하,테라
2024-03-23,0,3,Spring,1,0,1,담하,테라
2024-03-24,0,3,Spring,1,0,1,담하,테라
2024-03-25,0,3,Spring,0,0,0,담하,테라
2024-03-26,0,3,Spring,0,0,0,담하,테라
2024-03-27,2,3,Spring,0,0,0,담하,테라
2024-03-28,1,3,Spring,0,0,0,담하,테라
2024-03-29,6,3,Spring,0,0,0,담하,테라
2024-03-30,3,3,Spring,1,0,1,담하,테라
2024-03-31,0,3,Spring,1,0,1,담하,테라
2024-04-01,0,4,Spring,0,0,0,담하,테라
2024-04-02,0,4,Spring,0,0,0,담하,테라
2024-04-03,0,4,Spring,0,0,0,담하,테라
2024-04-04,0,4,Spring,0,0,0,담하,테라
2024-04-05,0,4,Spring,0,0,0,담하,테라
2024-04-06,3,4,Spring,1,0,1,담하,테라
2024-04-07,0,4,Spring,1,0,1,담하,테라
2024-04-08,2,4,Spring,0,0,0,담하,테라
2024-04-09,2,4,Spring,0,0,0,담하,테라
2024-04-10,0,4,Spring,0,1,1,담하,테라
2024-04-11,0,4,Spring,0,0,0,담하,테라
2024-04-12,6,4,Spring,0,0,0,담하,테라
2024-04-13,1,4,Spring,1,0,1,담하,테라
2024-04-14,5,4,Spring,1,0,1,담하,테라
2024-04-15,1,4,Spring,0,0,0,담하,테라
2024-04-16,0,4,Spring,0,0,0,담하,테라
2024-04-17,0,4,Spring,0,0,0,담하,테라
2024-04-18,2,4,Spring,0,0,0,담하,테라
2024-04-19,1,4,Spring,0,0,0,담하,테라
2024-04-20,0,4,Spring,1,0,1,담하,테라
2024-04-21,0,4,Spring,1,0,1,담하,테라
2024-04-22,0,4,Spring,0,0,0,담하,테라
2024-04-23,1,4,Spring,0,0,0,담하,테라
2024-04-24,0,4,Spring,0,0,0,담하,테라
2024-04-25,0,4,Spring,0,0,0,담하,테라
2024-04-26,0,4,Spring,0,0,0,담하,테라
2024-04-27,1,4,Spring,1,0,1,담하,테라
2024-04-28,3,4,Spring,1,0,1,담하,테라
2024-04-29,1,4,Spring,0,0,0,담하,테라
2024-04-30,10,4,Spring,0,0,0,담하,테라
2024-05-01,2,5,Spring,0,0,0,담하,테라
2024-05-02,1,5,Spring,0,0,0,담하,테라
2024-05-03,0,5,Spring,0,0,0,담하,테라
2024-05-04,2,5,Spring,1,0,1,담하,테라
2024-05-05,1,5,Spring,1,1,1,담하,테라
2024-05-06,0,5,Spring,0,1,1,담하,테라
2024-05-07,0,5,Spring,0,0,0,담하,테라
2024-05-08,0,5,Spring,0,0,0,담하,테라
2024-05-09,0,5,Spring,0,0,0,담하,테라
2024-05-10,0,5,Spring,0,0,0,담하,테라
2024-05-11,2,5,Spring,1,0,1,담하,테라
2024-05-12,0,5,Spring,1,0,1,담하,테라
2024-05-13,0,5,Spring,0,0,0,담하,테라
2024-05-14,0,5,Spring,0,0,0,담하,테라
2024-05-15,0,5,Spring,0,1,1,담하,테라
2024-05-16,2,5,Spring,0,0,0,담하,테라
2024-05-17,0,5,Spring,0,0,0,담하,테라
2024-05-18,0,5,Spring,1,0,1,담하,테라
2024-05-19,0,5,Spring,1,0,1,담하,테라
2024-05-20,3,5,Spring,0,0,0,담하,테라
2024-05-21,0,5,Spring,0,0,0,담하,테라
2024-05-22,0,5,Spring,0,0,0,담하,테라
2024-05-23,18,5,Spring,0,0,0,담하,테라
2024-05-24,1,5,Spring,0,0,0,담하,테라
2024-05-25,0,5,Spring,1,0,1,담하,테라
2024-05-26,4,5,Spring,1,0,1,담하,테라
2024-05-27,0,5,Spring,0,0,0,담하,테라
2024-05-28,0,5,Spring,0,0,0,담하,테라
2024-05-29,0,5,Spring,0,0,0,담하,테라
2024-05-30,0,5,Spring,0,0,0,담하,테라
2024-05-31,1,5,Spring,0,0,0,담하,테라
2024-06-01,3,6,Summer,1,0,1,담하,테라
2024-06-02,0,6,Summer,1,0,1,담하,테라
2024-06-03,0,6,Summer,0,0,0,담하,테라
2024-06-04,0,6,Summer,0,0,0,담하,테라
2024-06-05,3,6,Summer,0,0,0,담하,테라
2024-06-06,1,6,Summer,0,1,1,담하,테라
2024-06-07,0,6,Summer,0,0,0,담하,테라
2024-06-08,2,6,Summer,1,0,1,담하,테라
2024-06-09,0,6,Summer,1,0,1,담하,테라
2024-06-10,0,6,Summer,0,0,0,담하,테라
2024-06-11,0,6,Summer,0,0,0,담하,테라
2024-06-12,0,6,Summer,0,0,0,담하,테라
2024-06-13,0,6,Summer,0,0,0,담하,테라
2024-06-14,0,6,Summer,0,0,0,담하,테라
2024-06-15,4,6,Summer,1,0,1,담하,테라
2023-01-01,0,1,Winter,1,1,1,담하,하동 매실 칵테일
2023-01-02,0,1,Winter,0,0,0,담하,하동 매실 칵테일
2023-01-03,0,1,Winter,0,0,0,담하,하동 매실 칵테일
2023-01-04,0,1,Winter,0,0,0,담하,하동 매실 칵테일
2023-01-05,0,1,Winter,0,0,0,담하,하동 매실 칵테일
2023-01-06,0,1,Winter,0,0,0,담하,하동 매실 칵테일
2023-01-07,0,1,Winter,1,0,1,담하,하동 매실 칵테일
2023-01-08,0,1,Winter,1,0,1,담하,하동 매실 칵테일
2023-01-09,0,1,Winter,0,0,0,담하,하동 매실 칵테일
2023-01-10,0,1,Winter,0,0,0,담하,하동 매실 칵테일
2023-01-11,0,1,Winter,0,0,0,담하,하동 매실 칵테일
2023-01-12,0,1,Winter,0,0,0,담하,하동 매실 칵테일
2023-01-13,0,1,Winter,0,0,0,담하,하동 매실 칵테일
2023-01-14,0,1,Winter,1,0,1,담하,하동 매실 칵테일
2023-01-15,0,1,Winter,1,0,1,담하,하동 매실 칵테일
2023-01-16,0,1,Winter,0,0,0,담하,하동 매실 칵테일
2023-01-17,0,1,Winter,0,0,0,담하,하동 매실 칵테일
2023-01-18,0,1,Winter,0,0,0,담하,하동 매실 칵테일
2023-01-19,0,1,Winter,0,0,0,담하,하동 매실 칵테일
2023-01-20,0,1,Winter,0,0,0,담하,하동 매실 칵테일
2023-01-21,0,1,Winter,1,1,1,담하,하동 매실 칵테일
2023-01-22,0,1,Winter,1,1,1,담하,하동 매실 칵테일
2023-01-23,0,1,Winter,0,1,1,담하,하동 매실 칵테일
2023-01-24,0,1,Winter,0,1,1,담하,하동 매실 칵테일
2023-01-25,0,1,Winter,0,0,0,담하,하동 매실 칵테일
2023-01-26,0,1,Winter,0,0,0,담하,하동 매실 칵테일
2023-01-27,0,1,Winter,0,0,0,담하,하동 매실 칵테일
2023-01-28,0,1,Winter,1,0,1,담하,하동 매실 칵테일
2023-01-29,0,1,Winter,1,0,1,담하,하동 매실 칵테일
2023-01-30,0,1,Winter,0,0,0,담하,하동 매실 칵테일
2023-01-31,0,1,Winter,0,0,0,담하,하동 매실 칵테일
2023-02-01,0,2,Winter,0,0,0,담하,하동 매실 칵테일
2023-02-02,0,2,Winter,0,0,0,담하,하동 매실 칵테일
2023-02-03,0,2,Winter,0,0,0,담하,하동 매실 칵테일
2023-02-04,0,2,Winter,1,0,1,담하,하동 매실 칵테일
2023-02-05,0,2,Winter,1,0,1,담하,하동 매실 칵테일
2023-02-06,0,2,Winter,0,0,0,담하,하동 매실 칵테일
2023-02-07,0,2,Winter,0,0,0,담하,하동 매실 칵테일
2023-02-08,0,2,Winter,0,0,0,담하,하동 매실 칵테일
2023-02-09,0,2,Winter,0,0,0,담하,하동 매실 칵테일
2023-02-10,0,2,Winter,0,0,0,담하,하동 매실 칵테일
2023-02-11,0,2,Winter,1,0,1,담하,하동 매실 칵테일
2023-02-12,0,2,Winter,1,0,1,담하,하동 매실 칵테일
2023-02-13,0,2,Winter,0,0,0,담하,하동 매실 칵테일
2023-02-14,0,2,Winter,0,0,0,담하,하동 매실 칵테일
2023-02-15,0,2,Winter,0,0,0,담하,하동 매실 칵테일
2023-02-16,0,2,Winter,0,0,0,담하,하동 매실 칵테일
2023-02-17,0,2,Winter,0,0,0,담하,하동 매실 칵테일
2023-02-18,0,2,Winter,1,0,1,담하,하동 매실 칵테일
2023-02-19,0,2,Winter,1,0,1,담하,하동 매실 칵테일
2023-02-20,0,2,Winter,0,0,0,담하,하동 매실 칵테일
2023-02-21,0,2,Winter,0,0,0,담하,하동 매실 칵테일
2023-02-22,0,2,Winter,0,0,0,담하,하동 매실 칵테일
2023-02-23,0,2,Winter,0,0,0,담하,하동 매실 칵테일
2023-02-24,0,2,Winter,0,0,0,담하,하동 매실 칵테일
2023-02-25,0,2,Winter,1,0,1,담하,하동 매실 칵테일
2023-02-26,0,2,Winter,1,0,1,담하,하동 매실 칵테일
2023-02-27,0,2,Winter,0,0,0,담하,하동 매실 칵테일
2023-02-28,0,2,Winter,0,0,0,담하,하동 매실 칵테일
2023-03-01,0,3,Spring,0,1,1,담하,하동 매실 칵테일
2023-03-02,0,3,Spring,0,0,0,담하,하동 매실 칵테일
2023-03-03,0,3,Spring,0,0,0,담하,하동 매실 칵테일
2023-03-04,0,3,Spring,1,0,1,담하,하동 매실 칵테일
2023-03-05,0,3,Spring,1,0,1,담하,하동 매실 칵테일
2023-03-06,0,3,Spring,0,0,0,담하,하동 매실 칵테일
2023-03-07,0,3,Spring,0,0,0,담하,하동 매실 칵테일
2023-03-08,0,3,Spring,0,0,0,담하,하동 매실 칵테일
2023-03-09,0,3,Spring,0,0,0,담하,하동 매실 칵테일
2023-03-10,0,3,Spring,0,0,0,담하,하동 매실 칵테일
2023-03-11,0,3,Spring,1,0,1,담하,하동 매실 칵테일
2023-03-12,0,3,Spring,1,0,1,담하,하동 매실 칵테일
2023-03-13,0,3,Spring,0,0,0,담하,하동 매실 칵테일
2023-03-14,0,3,Spring,0,0,0,담하,하동 매실 칵테일
2023-03-15,0,3,Spring,0,0,0,담하,하동 매실 칵테일
2023-03-16,0,3,Spring,0,0,0,담하,하동 매실 칵테일
2023-03-17,0,3,Spring,0,0,0,담하,하동 매실 칵테일
2023-03-18,2,3,Spring,1,0,1,담하,하동 매실 칵테일
2023-03-19,1,3,Spring,1,0,1,담하,하동 매실 칵테일
2023-03-20,0,3,Spring,0,0,0,담하,하동 매실 칵테일
2023-03-21,0,3,Spring,0,0,0,담하,하동 매실 칵테일
2023-03-22,0,3,Spring,0,0,0,담하,하동 매실 칵테일
2023-03-23,0,3,Spring,0,0,0,담하,하동 매실 칵테일
2023-03-24,1,3,Spring,0,0,0,담하,하동 매실 칵테일
2023-03-25,4,3,Spring,1,0,1,담하,하동 매실 칵테일
2023-03-26,0,3,Spring,1,0,1,담하,하동 매실 칵테일
2023-03-27,0,3,Spring,0,0,0,담하,하동 매실 칵테일
2023-03-28,0,3,Spring,0,0,0,담하,하동 매실 칵테일
2023-03-29,2,3,Spring,0,0,0,담하,하동 매실 칵테일
2023-03-30,0,3,Spring,0,0,0,담하,하동 매실 칵테일
2023-03-31,1,3,Spring,0,0,0,담하,하동 매실 칵테일
2023-04-01,2,4,Spring,1,0,1,담하,하동 매실 칵테일
2023-04-02,2,4,Spring,1,0,1,담하,하동 매실 칵테일
2023-04-03,7,4,Spring,0,0,0,담하,하동 매실 칵테일
2023-04-04,0,4,Spring,0,0,0,담하,하동 매실 칵테일
2023-04-05,0,4,Spring,0,0,0,담하,하동 매실 칵테일
2023-04-06,0,4,Spring,0,0,0,담하,하동 매실 칵테일
2023-04-07,0,4,Spring,0,0,0,담하,하동 매실 칵테일
2023-04-08,3,4,Spring,1,0,1,담하,하동 매실 칵테일
2023-04-09,1,4,Spring,1,0,1,담하,하동 매실 칵테일
2023-04-10,1,4,Spring,0,0,0,담하,하동 매실 칵테일
2023-04-11,3,4,Spring,0,0,0,담하,하동 매실 칵테일
2023-04-12,0,4,Spring,0,0,0,담하,하동 매실 칵테일
2023-04-13,0,4,Spring,0,0,0,담하,하동 매실 칵테일
2023-04-14,4,4,Spring,0,0,0,담하,하동 매실 칵테일
2023-04-15,5,4,Spring,1,0,1,담하,하동 매실 칵테일
2023-04-16,0,4,Spring,1,0,1,담하,하동 매실 칵테일
2023-04-17,0,4,Spring,0,0,0,담하,하동 매실 칵테일
2023-04-18,1,4,Spring,0,0,0,담하,하동 매실 칵테일
2023-04-19,0,4,Spring,0,0,0,담하,하동 매실 칵테일
2023-04-20,2,4,Spring,0,0,0,담하,하동 매실 칵테일
2023-04-21,0,4,Spring,0,0,0,담하,하동 매실 칵테일
2023-04-22,3,4,Spring,1,0,1,담하,하동 매실 칵테일
2023-04-23,4,4,Spring,1,0,1,담하,하동 매실 칵테일
2023-04-24,0,4,Spring,0,0,0,담하,하동 매실 칵테일
2023-04-25,0,4,Spring,0,0,0,담하,하동 매실 칵테일
2023-04-26,0,4,Spring,0,0,0,담하,하동 매실 칵테일
2023-04-27,0,4,Spring,0,0,0,담하,하동 매실 칵테일
2023-04-28,0,4,Spring,0,0,0,담하,하동 매실 칵테일
2023-04-29,2,4,Spring,1,0,1,담하,하동 매실 칵테일
2023-04-30,2,4,Spring,1,0,1,담하,하동 매실 칵테일
2023-05-01,1,5,Spring,0,0,0,담하,하동 매실 칵테일
2023-05-02,1,5,Spring,0,0,0,담하,하동 매실 칵테일
2023-05-03,0,5,Spring,0,0,0,담하,하동 매실 칵테일
2023-05-04,0,5,Spring,0,0,0,담하,하동 매실 칵테일
2023-05-05,5,5,Spring,0,1,1,담하,하동 매실 칵테일
2023-05-06,6,5,Spring,1,0,1,담하,하동 매실 칵테일
2023-05-07,0,5,Spring,1,0,1,담하,하동 매실 칵테일
2023-05-08,0,5,Spring,0,0,0,담하,하동 매실 칵테일
2023-05-09,0,5,Spring,0,0,0,담하,하동 매실 칵테일
2023-05-10,1,5,Spring,0,0,0,담하,하동 매실 칵테일
2023-05-11,1,5,Spring,0,0,0,담하,하동 매실 칵테일
2023-05-12,1,5,Spring,0,0,0,담하,하동 매실 칵테일
2023-05-13,10,5,Spring,1,0,1,담하,하동 매실 칵테일
2023-05-14,0,5,Spring,1,0,1,담하,하동 매실 칵테일
2023-05-15,0,5,Spring,0,0,0,담하,하동 매실 칵테일
2023-05-16,0,5,Spring,0,0,0,담하,하동 매실 칵테일
2023-05-17,1,5,Spring,0,0,0,담하,하동 매실 칵테일
2023-05-18,0,5,Spring,0,0,0,담하,하동 매실 칵테일
2023-05-19,1,5,Spring,0,0,0,담하,하동 매실 칵테일
2023-05-20,2,5,Spring,1,0,1,담하,하동 매실 칵테일
2023-05-21,1,5,Spring,1,0,1,담하,하동 매실 칵테일
2023-05-22,0,5,Spring,0,0,0,담하,하동 매실 칵테일
2023-05-23,1,5,Spring,0,0,0,담하,하동 매실 칵테일
2023-05-24,0,5,Spring,0,0,0,담하,하동 매실 칵테일
2023-05-25,1,5,Spring,0,0,0,담하,하동 매실 칵테일
2023-05-26,0,5,Spring,0,0,0,담하,하동 매실 칵테일
2023-05-27,2,5,Spring,1,1,1,담하,하동 매실 칵테일
2023-05-28,3,5,Spring,1,0,1,담하,하동 매실 칵테일
2023-05-29,3,5,Spring,0,1,1,담하,하동 매실 칵테일
2023-05-30,0,5,Spring,0,0,0,담하,하동 매실 칵테일
2023-05-31,0,5,Spring,0,0,0,담하,하동 매실 칵테일
2023-06-01,13,6,Summer,0,0,0,담하,하동 매실 칵테일
2023-06-02,0,6,Summer,0,0,0,담하,하동 매실 칵테일
2023-06-03,1,6,Summer,1,0,1,담하,하동 매실 칵테일
2023-06-04,0,6,Summer,1,0,1,담하,하동 매실 칵테일
2023-06-05,0,6,Summer,0,0,0,담하,하동 매실 칵테일
2023-06-06,0,6,Summer,0,1,1,담하,하동 매실 칵테일
2023-06-07,2,6,Summer,0,0,0,담하,하동 매실 칵테일
2023-06-08,0,6,Summer,0,0,0,담하,하동 매실 칵테일
2023-06-09,0,6,Summer,0,0,0,담하,하동 매실 칵테일
2023-06-10,1,6,Summer,1,0,1,담하,하동 매실 칵테일
2023-06-11,0,6,Summer,1,0,1,담하,하동 매실 칵테일
2023-06-12,1,6,Summer,0,0,0,담하,하동 매실 칵테일
2023-06-13,1,6,Summer,0,0,0,담하,하동 매실 칵테일
2023-06-14,0,6,Summer,0,0,0,담하,하동 매실 칵테일
2023-06-15,0,6,Summer,0,0,0,담하,하동 매실 칵테일
2023-06-16,1,6,Summer,0,0,0,담하,하동 매실 칵테일
2023-06-17,2,6,Summer,1,0,1,담하,하동 매실 칵테일
2023-06-18,2,6,Summer,1,0,1,담하,하동 매실 칵테일
2023-06-19,0,6,Summer,0,0,0,담하,하동 매실 칵테일
2023-06-20,0,6,Summer,0,0,0,담하,하동 매실 칵테일
2023-06-21,0,6,Summer,0,0,0,담하,하동 매실 칵테일
2023-06-22,1,6,Summer,0,0,0,담하,하동 매실 칵테일
2023-06-23,0,6,Summer,0,0,0,담하,하동 매실 칵테일
2023-06-24,1,6,Summer,1,0,1,담하,하동 매실 칵테일
2023-06-25,0,6,Summer,1,0,1,담하,하동 매실 칵테일
2023-06-26,1,6,Summer,0,0,0,담하,하동 매실 칵테일
2023-06-27,0,6,Summer,0,0,0,담하,하동 매실 칵테일
2023-06-28,0,6,Summer,0,0,0,담하,하동 매실 칵테일
2023-06-29,0,6,Summer,0,0,0,담하,하동 매실 칵테일
2023-06-30,0,6,Summer,0,0,0,담하,하동 매실 칵테일
2023-07-01,0,7,Summer,1,0,1,담하,하동 매실 칵테일
2023-07-02,0,7,Summer,1,0,1,담하,하동 매실 칵테일
2023-07-03,0,7,Summer,0,0,0,담하,하동 매실 칵테일
2023-07-04,0,7,Summer,0,0,0,담하,하동 매실 칵테일
2023-07-05,0,7,Summer,0,0,0,담하,하동 매실 칵테일
2023-07-06,0,7,Summer,0,0,0,담하,하동 매실 칵테일
2023-07-07,2,7,Summer,0,0,0,담하,하동 매실 칵테일
2023-07-08,0,7,Summer,1,0,1,담하,하동 매실 칵테일
2023-07-09,0,7,Summer,1,0,1,담하,하동 매실 칵테일
2023-07-10,0,7,Summer,0,0,0,담하,하동 매실 칵테일
2023-07-11,0,7,Summer,0,0,0,담하,하동 매실 칵테일
2023-07-12,0,7,Summer,0,0,0,담하,하동 매실 칵테일
2023-07-13,1,7,Summer,0,0,0,담하,하동 매실 칵테일
2023-07-14,2,7,Summer,0,0,0,담하,하동 매실 칵테일
2023-07-15,4,7,Summer,1,0,1,담하,하동 매실 칵테일
2023-07-16,3,7,Summer,1,0,1,담하,하동 매실 칵테일
2023-07-17,0,7,Summer,0,0,0,담하,하동 매실 칵테일
2023-07-18,2,7,Summer,0,0,0,담하,하동 매실 칵테일
2023-07-19,0,7,Summer,0,0,0,담하,하동 매실 칵테일
2023-07-20,0,7,Summer,0,0,0,담하,하동 매실 칵테일
2023-07-21,0,7,Summer,0,0,0,담하,하동 매실 칵테일
2023-07-22,2,7,Summer,1,0,1,담하,하동 매실 칵테일
2023-07-23,2,7,Summer,1,0,1,담하,하동 매실 칵테일
2023-07-24,1,7,Summer,0,0,0,담하,하동 매실 칵테일
2023-07-25,0,7,Summer,0,0,0,담하,하동 매실 칵테일
2023-07-26,1,7,Summer,0,0,0,담하,하동 매실 칵테일
2023-07-27,2,7,Summer,0,0,0,담하,하동 매실 칵테일
2023-07-28,0,7,Summer,0,0,0,담하,하동 매실 칵테일
2023-07-29,1,7,Summer,1,0,1,담하,하동 매실 칵테일
2023-07-30,5,7,Summer,1,0,1,담하,하동 매실 칵테일
2023-07-31,1,7,Summer,0,0,0,담하,하동 매실 칵테일
2023-08-01,3,8,Summer,0,0,0,담하,하동 매실 칵테일
2023-08-02,0,8,Summer,0,0,0,담하,하동 매실 칵테일
2023-08-03,0,8,Summer,0,0,0,담하,하동 매실 칵테일
2023-08-04,1,8,Summer,0,0,0,담하,하동 매실 칵테일
2023-08-05,2,8,Summer,1,0,1,담하,하동 매실 칵테일
2023-08-06,1,8,Summer,1,0,1,담하,하동 매실 칵테일
2023-08-07,2,8,Summer,0,0,0,담하,하동 매실 칵테일
2023-08-08,0,8,Summer,0,0,0,담하,하동 매실 칵테일
2023-08-09,0,8,Summer,0,0,0,담하,하동 매실 칵테일
2023-08-10,0,8,Summer,0,0,0,담하,하동 매실 칵테일
2023-08-11,1,8,Summer,0,0,0,담하,하동 매실 칵테일
2023-08-12,0,8,Summer,1,0,1,담하,하동 매실 칵테일
2023-08-13,0,8,Summer,1,0,1,담하,하동 매실 칵테일
2023-08-14,0,8,Summer,0,0,0,담하,하동 매실 칵테일
2023-08-15,3,8,Summer,0,1,1,담하,하동 매실 칵테일
2023-08-16,3,8,Summer,0,0,0,담하,하동 매실 칵테일
2023-08-17,0,8,Summer,0,0,0,담하,하동 매실 칵테일
2023-08-18,1,8,Summer,0,0,0,담하,하동 매실 칵테일
2023-08-19,2,8,Summer,1,0,1,담하,하동 매실 칵테일
2023-08-20,1,8,Summer,1,0,1,담하,하동 매실 칵테일
2023-08-21,0,8,Summer,0,0,0,담하,하동 매실 칵테일
2023-08-22,1,8,Summer,0,0,0,담하,하동 매실 칵테일
2023-08-23,0,8,Summer,0,0,0,담하,하동 매실 칵테일
2023-08-24,2,8,Summer,0,0,0,담하,하동 매실 칵테일
2023-08-25,2,8,Summer,0,0,0,담하,하동 매실 칵테일
2023-08-26,1,8,Summer,1,0,1,담하,하동 매실 칵테일
2023-08-27,0,8,Summer,1,0,1,담하,하동 매실 칵테일
2023-08-28,1,8,Summer,0,0,0,담하,하동 매실 칵테일
2023-08-29,0,8,Summer,0,0,0,담하,하동 매실 칵테일
2023-08-30,0,8,Summer,0,0,0,담하,하동 매실 칵테일
2023-08-31,0,8,Summer,0,0,0,담하,하동 매실 칵테일
2023-09-01,0,9,Autumn,0,0,0,담하,하동 매실 칵테일
2023-09-02,2,9,Autumn,1,0,1,담하,하동 매실 칵테일
2023-09-03,0,9,Autumn,1,0,1,담하,하동 매실 칵테일
2023-09-04,0,9,Autumn,0,0,0,담하,하동 매실 칵테일
2023-09-05,0,9,Autumn,0,0,0,담하,하동 매실 칵테일
2023-09-06,1,9,Autumn,0,0,0,담하,하동 매실 칵테일
2023-09-07,0,9,Autumn,0,0,0,담하,하동 매실 칵테일
2023-09-08,0,9,Autumn,0,0,0,담하,하동 매실 칵테일
2023-09-09,0,9,Autumn,1,0,1,담하,하동 매실 칵테일
2023-09-10,1,9,Autumn,1,0,1,담하,하동 매실 칵테일
2023-09-11,0,9,Autumn,0,0,0,담하,하동 매실 칵테일
2023-09-12,0,9,Autumn,0,0,0,담하,하동 매실 칵테일
2023-09-13,0,9,Autumn,0,0,0,담하,하동 매실 칵테일
2023-09-14,1,9,Autumn,0,0,0,담하,하동 매실 칵테일
2023-09-15,0,9,Autumn,0,0,0,담하,하동 매실 칵테일
2023-09-16,1,9,Autumn,1,0,1,담하,하동 매실 칵테일
2023-09-17,1,9,Autumn,1,0,1,담하,하동 매실 칵테일
2023-09-18,0,9,Autumn,0,0,0,담하,하동 매실 칵테일
2023-09-19,0,9,Autumn,0,0,0,담하,하동 매실 칵테일
2023-09-20,0,9,Autumn,0,0,0,담하,하동 매실 칵테일
2023-09-21,3,9,Autumn,0,0,0,담하,하동 매실 칵테일
2023-09-22,0,9,Autumn,0,0,0,담하,하동 매실 칵테일
2023-09-23,0,9,Autumn,1,0,1,담하,하동 매실 칵테일
2023-09-24,1,9,Autumn,1,0,1,담하,하동 매실 칵테일
2023-09-25,0,9,Autumn,0,0,0,담하,하동 매실 칵테일
2023-09-26,0,9,Autumn,0,0,0,담하,하동 매실 칵테일
2023-09-27,0,9,Autumn,0,0,0,담하,하동 매실 칵테일
2023-09-28,0,9,Autumn,0,1,1,담하,하동 매실 칵테일
2023-09-29,3,9,Autumn,0,1,1,담하,하동 매실 칵테일
2023-09-30,3,9,Autumn,1,1,1,담하,하동 매실 칵테일
2023-10-01,0,10,Autumn,1,0,1,담하,하동 매실 칵테일
2023-10-02,0,10,Autumn,0,1,1,담하,하동 매실 칵테일
2023-10-03,1,10,Autumn,0,1,1,담하,하동 매실 칵테일
2023-10-04,0,10,Autumn,0,0,0,담하,하동 매실 칵테일
2023-10-05,0,10,Autumn,0,0,0,담하,하동 매실 칵테일
2023-10-06,0,10,Autumn,0,0,0,담하,하동 매실 칵테일
2023-10-07,0,10,Autumn,1,0,1,담하,하동 매실 칵테일
2023-10-08,1,10,Autumn,1,0,1,담하,하동 매실 칵테일
2023-10-09,0,10,Autumn,0,1,1,담하,하동 매실 칵테일
2023-10-10,0,10,Autumn,0,0,0,담하,하동 매실 칵테일
2023-10-11,0,10,Autumn,0,0,0,담하,하동 매실 칵테일
2023-10-12,0,10,Autumn,0,0,0,담하,하동 매실 칵테일
2023-10-13,0,10,Autumn,0,0,0,담하,하동 매실 칵테일
2023-10-14,4,10,Autumn,1,0,1,담하,하동 매실 칵테일
2023-10-15,1,10,Autumn,1,0,1,담하,하동 매실 칵테일
2023-10-16,0,10,Autumn,0,0,0,담하,하동 매실 칵테일
2023-10-17,0,10,Autumn,0,0,0,담하,하동 매실 칵테일
2023-10-18,0,10,Autumn,0,0,0,담하,하동 매실 칵테일
2023-10-19,0,10,Autumn,0,0,0,담하,하동 매실 칵테일
2023-10-20,0,10,Autumn,0,0,0,담하,하동 매실 칵테일
2023-10-21,1,10,Autumn,1,0,1,담하,하동 매실 칵테일
2023-10-22,3,10,Autumn,1,0,1,담하,하동 매실 칵테일
2023-10-23,0,10,Autumn,0,0,0,담하,하동 매실 칵테일
2023-10-24,0,10,Autumn,0,0,0,담하,하동 매실 칵테일
2023-10-25,0,10,Autumn,0,0,0,담하,하동 매실 칵테일
2023-10-26,1,10,Autumn,0,0,0,담하,하동 매실 칵테일
2023-10-27,0,10,Autumn,0,0,0,담하,하동 매실 칵테일
2023-10-28,0,10,Autumn,1,0,1,담하,하동 매실 칵테일
2023-10-29,3,10,Autumn,1,0,1,담하,하동 매실 칵테일
2023-10-30,0,10,Autumn,0,0,0,담하,하동 매실 칵테일
2023-10-31,0,10,Autumn,0,0,0,담하,하동 매실 칵테일
2023-11-01,0,11,Autumn,0,0,0,담하,하동 매실 칵테일
2023-11-02,0,11,Autumn,0,0,0,담하,하동 매실 칵테일
2023-11-03,0,11,Autumn,0,0,0,담하,하동 매실 칵테일
2023-11-04,0,11,Autumn,1,0,1,담하,하동 매실 칵테일
2023-11-05,0,11,Autumn,1,0,1,담하,하동 매실 칵테일
2023-11-06,0,11,Autumn,0,0,0,담하,하동 매실 칵테일
2023-11-07,0,11,Autumn,0,0,0,담하,하동 매실 칵테일
2023-11-08,0,11,Autumn,0,0,0,담하,하동 매실 칵테일
2023-11-09,0,11,Autumn,0,0,0,담하,하동 매실 칵테일
2023-11-10,0,11,Autumn,0,0,0,담하,하동 매실 칵테일
2023-11-11,0,11,Autumn,1,0,1,담하,하동 매실 칵테일
2023-11-12,0,11,Autumn,1,0,1,담하,하동 매실 칵테일
2023-11-13,0,11,Autumn,0,0,0,담하,하동 매실 칵테일
2023-11-14,1,11,Autumn,0,0,0,담하,하동 매실 칵테일
2023-11-15,0,11,Autumn,0,0,0,담하,하동 매실 칵테일
2023-11-16,1,11,Autumn,0,0,0,담하,하동 매실 칵테일
2023-11-17,0,11,Autumn,0,0,0,담하,하동 매실 칵테일
2023-11-18,1,11,Autumn,1,0,1,담하,하동 매실 칵테일
2023-11-19,0,11,Autumn,1,0,1,담하,하동 매실 칵테일
2023-11-20,0,11,Autumn,0,0,0,담하,하동 매실 칵테일
2023-11-21,0,11,Autumn,0,0,0,담하,하동 매실 칵테일
2023-11-22,1,11,Autumn,0,0,0,담하,하동 매실 칵테일
2023-11-23,0,11,Autumn,0,0,0,담하,하동 매실 칵테일
2023-11-24,1,11,Autumn,0,0,0,담하,하동 매실 칵테일
2023-11-25,0,11,Autumn,1,0,1,담하,하동 매실 칵테일
2023-11-26,0,11,Autumn,1,0,1,담하,하동 매실 칵테일
2023-11-27,0,11,Autumn,0,0,0,담하,하동 매실 칵테일
2023-11-28,0,11,Autumn,0,0,0,담하,하동 매실 칵테일
2023-11-29,0,11,Autumn,0,0,0,담하,하동 매실 칵테일
2023-11-30,0,11,Autumn,0,0,0,담하,하동 매실 칵테일
2023-12-01,0,12,Winter,0,0,0,담하,하동 매실 칵테일
2023-12-02,1,12,Winter,1,0,1,담하,하동 매실 칵테일
2023-12-03,0,12,Winter,1,0,1,담하,하동 매실 칵테일
2023-12-04,0,12,Winter,0,0,0,담하,하동 매실 칵테일
2023-12-05,0,12,Winter,0,0,0,담하,하동 매실 칵테일
2023-12-06,0,12,Winter,0,0,0,담하,하동 매실 칵테일
2023-12-07,0,12,Winter,0,0,0,담하,하동 매실 칵테일
2023-12-08,0,12,Winter,0,0,0,담하,하동 매실 칵테일
2023-12-09,2,12,Winter,1,0,1,담하,하동 매실 칵테일
2023-12-10,1,12,Winter,1,0,1,담하,하동 매실 칵테일
2023-12-11,0,12,Winter,0,0,0,담하,하동 매실 칵테일
2023-12-12,0,12,Winter,0,0,0,담하,하동 매실 칵테일
2023-12-13,1,12,Winter,0,0,0,담하,하동 매실 칵테일
2023-12-14,0,12,Winter,0,0,0,담하,하동 매실 칵테일
2023-12-15,0,12,Winter,0,0,0,담하,하동 매실 칵테일
2023-12-16,0,12,Winter,1,0,1,담하,하동 매실 칵테일
2023-12-17,1,12,Winter,1,0,1,담하,하동 매실 칵테일
2023-12-18,2,12,Winter,0,0,0,담하,하동 매실 칵테일
2023-12-19,0,12,Winter,0,0,0,담하,하동 매실 칵테일
2023-12-20,1,12,Winter,0,0,0,담하,하동 매실 칵테일
2023-12-21,3,12,Winter,0,0,0,담하,하동 매실 칵테일
2023-12-22,0,12,Winter,0,0,0,담하,하동 매실 칵테일
2023-12-23,2,12,Winter,1,0,1,담하,하동 매실 칵테일
2023-12-24,3,12,Winter,1,0,1,담하,하동 매실 칵테일
2023-12-25,3,12,Winter,0,1,1,담하,하동 매실 칵테일
2023-12-26,2,12,Winter,0,0,0,담하,하동 매실 칵테일
2023-12-27,2,12,Winter,0,0,0,담하,하동 매실 칵테일
2023-12-28,0,12,Winter,0,0,0,담하,하동 매실 칵테일
2023-12-29,1,12,Winter,0,0,0,담하,하동 매실 칵테일
2023-12-30,1,12,Winter,1,0,1,담하,하동 매실 칵테일
2023-12-31,12,12,Winter,1,0,1,담하,하동 매실 칵테일
2024-01-01,1,1,Winter,0,1,1,담하,하동 매실 칵테일
2024-01-02,1,1,Winter,0,0,0,담하,하동 매실 칵테일
2024-01-03,1,1,Winter,0,0,0,담하,하동 매실 칵테일
2024-01-04,0,1,Winter,0,0,0,담하,하동 매실 칵테일
2024-01-05,0,1,Winter,0,0,0,담하,하동 매실 칵테일
2024-01-06,1,1,Winter,1,0,1,담하,하동 매실 칵테일
2024-01-07,0,1,Winter,1,0,1,담하,하동 매실 칵테일
2024-01-08,2,1,Winter,0,0,0,담하,하동 매실 칵테일
2024-01-09,2,1,Winter,0,0,0,담하,하동 매실 칵테일
2024-01-10,0,1,Winter,0,0,0,담하,하동 매실 칵테일
2024-01-11,0,1,Winter,0,0,0,담하,하동 매실 칵테일
2024-01-12,3,1,Winter,0,0,0,담하,하동 매실 칵테일
2024-01-13,4,1,Winter,1,0,1,담하,하동 매실 칵테일
2024-01-14,1,1,Winter,1,0,1,담하,하동 매실 칵테일
2024-01-15,1,1,Winter,0,0,0,담하,하동 매실 칵테일
2024-01-16,0,1,Winter,0,0,0,담하,하동 매실 칵테일
2024-01-17,0,1,Winter,0,0,0,담하,하동 매실 칵테일
2024-01-18,0,1,Winter,0,0,0,담하,하동 매실 칵테일
2024-01-19,0,1,Winter,0,0,0,담하,하동 매실 칵테일
2024-01-20,0,1,Winter,1,0,1,담하,하동 매실 칵테일
2024-01-21,0,1,Winter,1,0,1,담하,하동 매실 칵테일
2024-01-22,0,1,Winter,0,0,0,담하,하동 매실 칵테일
2024-01-23,0,1,Winter,0,0,0,담하,하동 매실 칵테일
2024-01-24,1,1,Winter,0,0,0,담하,하동 매실 칵테일
2024-01-25,0,1,Winter,0,0,0,담하,하동 매실 칵테일
2024-01-26,0,1,Winter,0,0,0,담하,하동 매실 칵테일
2024-01-27,3,1,Winter,1,0,1,담하,하동 매실 칵테일
2024-01-28,0,1,Winter,1,0,1,담하,하동 매실 칵테일
2024-01-29,1,1,Winter,0,0,0,담하,하동 매실 칵테일
2024-01-30,0,1,Winter,0,0,0,담하,하동 매실 칵테일
2024-01-31,0,1,Winter,0,0,0,담하,하동 매실 칵테일
2024-02-01,0,2,Winter,0,0,0,담하,하동 매실 칵테일
2024-02-02,1,2,Winter,0,0,0,담하,하동 매실 칵테일
2024-02-03,0,2,Winter,1,0,1,담하,하동 매실 칵테일
2024-02-04,1,2,Winter,1,0,1,담하,하동 매실 칵테일
2024-02-05,0,2,Winter,0,0,0,담하,하동 매실 칵테일
2024-02-06,1,2,Winter,0,0,0,담하,하동 매실 칵테일
2024-02-07,1,2,Winter,0,0,0,담하,하동 매실 칵테일
2024-02-08,0,2,Winter,0,0,0,담하,하동 매실 칵테일
2024-02-09,1,2,Winter,0,1,1,담하,하동 매실 칵테일
2024-02-10,1,2,Winter,1,1,1,담하,하동 매실 칵테일
2024-02-11,0,2,Winter,1,1,1,담하,하동 매실 칵테일
2024-02-12,1,2,Winter,0,1,1,담하,하동 매실 칵테일
2024-02-13,0,2,Winter,0,0,0,담하,하동 매실 칵테일
2024-02-14,0,2,Winter,0,0,0,담하,하동 매실 칵테일
2024-02-15,1,2,Winter,0,0,0,담하,하동 매실 칵테일
2024-02-16,1,2,Winter,0,0,0,담하,하동 매실 칵테일
2024-02-17,0,2,Winter,1,0,1,담하,하동 매실 칵테일
2024-02-18,2,2,Winter,1,0,1,담하,하동 매실 칵테일
2024-02-19,0,2,Winter,0,0,0,담하,하동 매실 칵테일
2024-02-20,1,2,Winter,0,0,0,담하,하동 매실 칵테일
2024-02-21,0,2,Winter,0,0,0,담하,하동 매실 칵테일
2024-02-22,1,2,Winter,0,0,0,담하,하동 매실 칵테일
2024-02-23,0,2,Winter,0,0,0,담하,하동 매실 칵테일
2024-02-24,2,2,Winter,1,0,1,담하,하동 매실 칵테일
2024-02-25,1,2,Winter,1,0,1,담하,하동 매실 칵테일
2024-02-26,0,2,Winter,0,0,0,담하,하동 매실 칵테일
2024-02-27,0,2,Winter,0,0,0,담하,하동 매실 칵테일
2024-02-28,1,2,Winter,0,0,0,담하,하동 매실 칵테일
2024-02-29,0,2,Winter,0,0,0,담하,하동 매실 칵테일
2024-03-01,0,3,Spring,0,1,1,담하,하동 매실 칵테일
2024-03-02,1,3,Spring,1,0,1,담하,하동 매실 칵테일
2024-03-03,0,3,Spring,1,0,1,담하,하동 매실 칵테일
2024-03-04,0,3,Spring,0,0,0,담하,하동 매실 칵테일
2024-03-05,0,3,Spring,0,0,0,담하,하동 매실 칵테일
2024-03-06,0,3,Spring,0,0,0,담하,하동 매실 칵테일
2024-03-07,0,3,Spring,0,0,0,담하,하동 매실 칵테일
2024-03-08,0,3,Spring,0,0,0,담하,하동 매실 칵테일
2024-03-09,0,3,Spring,1,0,1,담하,하동 매실 칵테일
2024-03-10,0,3,Spring,1,0,1,담하,하동 매실 칵테일
2024-03-11,0,3,Spring,0,0,0,담하,하동 매실 칵테일
2024-03-12,0,3,Spring,0,0,0,담하,하동 매실 칵테일
2024-03-13,0,3,Spring,0,0,0,담하,하동 매실 칵테일
2024-03-14,0,3,Spring,0,0,0,담하,하동 매실 칵테일
2024-03-15,6,3,Spring,0,0,0,담하,하동 매실 칵테일
2024-03-16,0,3,Spring,1,0,1,담하,하동 매실 칵테일
2024-03-17,0,3,Spring,1,0,1,담하,하동 매실 칵테일
2024-03-18,0,3,Spring,0,0,0,담하,하동 매실 칵테일
2024-03-19,0,3,Spring,0,0,0,담하,하동 매실 칵테일
2024-03-20,0,3,Spring,0,0,0,담하,하동 매실 칵테일
2024-03-21,3,3,Spring,0,0,0,담하,하동 매실 칵테일
2024-03-22,0,3,Spring,0,0,0,담하,하동 매실 칵테일
2024-03-23,0,3,Spring,1,0,1,담하,하동 매실 칵테일
2024-03-24,0,3,Spring,1,0,1,담하,하동 매실 칵테일
2024-03-25,0,3,Spring,0,0,0,담하,하동 매실 칵테일
2024-03-26,0,3,Spring,0,0,0,담하,하동 매실 칵테일
2024-03-27,0,3,Spring,0,0,0,담하,하동 매실 칵테일
2024-03-28,0,3,Spring,0,0,0,담하,하동 매실 칵테일
2024-03-29,0,3,Spring,0,0,0,담하,하동 매실 칵테일
2024-03-30,0,3,Spring,1,0,1,담하,하동 매실 칵테일
2024-03-31,2,3,Spring,1,0,1,담하,하동 매실 칵테일
2024-04-01,0,4,Spring,0,0,0,담하,하동 매실 칵테일
2024-04-02,0,4,Spring,0,0,0,담하,하동 매실 칵테일
2024-04-03,0,4,Spring,0,0,0,담하,하동 매실 칵테일
2024-04-04,0,4,Spring,0,0,0,담하,하동 매실 칵테일
2024-04-05,3,4,Spring,0,0,0,담하,하동 매실 칵테일
2024-04-06,1,4,Spring,1,0,1,담하,하동 매실 칵테일
2024-04-07,0,4,Spring,1,0,1,담하,하동 매실 칵테일
2024-04-08,0,4,Spring,0,0,0,담하,하동 매실 칵테일
2024-04-09,1,4,Spring,0,0,0,담하,하동 매실 칵테일
2024-04-10,1,4,Spring,0,1,1,담하,하동 매실 칵테일
2024-04-11,0,4,Spring,0,0,0,담하,하동 매실 칵테일
2024-04-12,6,4,Spring,0,0,0,담하,하동 매실 칵테일
2024-04-13,2,4,Spring,1,0,1,담하,하동 매실 칵테일
2024-04-14,1,4,Spring,1,0,1,담하,하동 매실 칵테일
2024-04-15,0,4,Spring,0,0,0,담하,하동 매실 칵테일
2024-04-16,0,4,Spring,0,0,0,담하,하동 매실 칵테일
2024-04-17,0,4,Spring,0,0,0,담하,하동 매실 칵테일
2024-04-18,2,4,Spring,0,0,0,담하,하동 매실 칵테일
2024-04-19,1,4,Spring,0,0,0,담하,하동 매실 칵테일
2024-04-20,0,4,Spring,1,0,1,담하,하동 매실 칵테일
2024-04-21,0,4,Spring,1,0,1,담하,하동 매실 칵테일
2024-04-22,1,4,Spring,0,0,0,담하,하동 매실 칵테일
2024-04-23,0,4,Spring,0,0,0,담하,하동 매실 칵테일
2024-04-24,0,4,Spring,0,0,0,담하,하동 매실 칵테일
2024-04-25,1,4,Spring,0,0,0,담하,하동 매실 칵테일
2024-04-26,0,4,Spring,0,0,0,담하,하동 매실 칵테일
2024-04-27,2,4,Spring,1,0,1,담하,하동 매실 칵테일
2024-04-28,0,4,Spring,1,0,1,담하,하동 매실 칵테일
2024-04-29,1,4,Spring,0,0,0,담하,하동 매실 칵테일
2024-04-30,0,4,Spring,0,0,0,담하,하동 매실 칵테일
2024-05-01,1,5,Spring,0,0,0,담하,하동 매실 칵테일
2024-05-02,0,5,Spring,0,0,0,담하,하동 매실 칵테일
2024-05-03,1,5,Spring,0,0,0,담하,하동 매실 칵테일
2024-05-04,1,5,Spring,1,0,1,담하,하동 매실 칵테일
2024-05-05,1,5,Spring,1,1,1,담하,하동 매실 칵테일
2024-05-06,0,5,Spring,0,1,1,담하,하동 매실 칵테일
2024-05-07,0,5,Spring,0,0,0,담하,하동 매실 칵테일
2024-05-08,1,5,Spring,0,0,0,담하,하동 매실 칵테일
2024-05-09,0,5,Spring,0,0,0,담하,하동 매실 칵테일
2024-05-10,1,5,Spring,0,0,0,담하,하동 매실 칵테일
2024-05-11,0,5,Spring,1,0,1,담하,하동 매실 칵테일
2024-05-12,5,5,Spring,1,0,1,담하,하동 매실 칵테일
2024-05-13,0,5,Spring,0,0,0,담하,하동 매실 칵테일
2024-05-14,0,5,Spring,0,0,0,담하,하동 매실 칵테일
2024-05-15,1,5,Spring,0,1,1,담하,하동 매실 칵테일
2024-05-16,2,5,Spring,0,0,0,담하,하동 매실 칵테일
2024-05-17,0,5,Spring,0,0,0,담하,하동 매실 칵테일
2024-05-18,1,5,Spring,1,0,1,담하,하동 매실 칵테일
2024-05-19,1,5,Spring,1,0,1,담하,하동 매실 칵테일
2024-05-20,1,5,Spring,0,0,0,담하,하동 매실 칵테일
2024-05-21,1,5,Spring,0,0,0,담하,하동 매실 칵테일
2024-05-22,0,5,Spring,0,0,0,담하,하동 매실 칵테일
2024-05-23,0,5,Spring,0,0,0,담하,하동 매실 칵테일
2024-05-24,1,5,Spring,0,0,0,담하,하동 매실 칵테일
2024-05-25,2,5,Spring,1,0,1,담하,하동 매실 칵테일
2024-05-26,2,5,Spring,1,0,1,담하,하동 매실 칵테일
2024-05-27,0,5,Spring,0,0,0,담하,하동 매실 칵테일
2024-05-28,0,5,Spring,0,0,0,담하,하동 매실 칵테일
2024-05-29,0,5,Spring,0,0,0,담하,하동 매실 칵테일
2024-05-30,0,5,Spring,0,0,0,담하,하동 매실 칵테일
2024-05-31,0,5,Spring,0,0,0,담하,하동 매실 칵테일
2024-06-01,0,6,Summer,1,0,1,담하,하동 매실 칵테일
2024-06-02,0,6,Summer,1,0,1,담하,하동 매실 칵테일
2024-06-03,0,6,Summer,0,0,0,담하,하동 매실 칵테일
2024-06-04,0,6,Summer,0,0,0,담하,하동 매실 칵테일
2024-06-05,2,6,Summer,0,0,0,담하,하동 매실 칵테일
2024-06-06,1,6,Summer,0,1,1,담하,하동 매실 칵테일
2024-06-07,0,6,Summer,0,0,0,담하,하동 매실 칵테일
2024-06-08,1,6,Summer,1,0,1,담하,하동 매실 칵테일
2024-06-09,0,6,Summer,1,0,1,담하,하동 매실 칵테일
2024-06-10,0,6,Summer,0,0,0,담하,하동 매실 칵테일
2024-06-11,0,6,Summer,0,0,0,담하,하동 매실 칵테일
2024-06-12,0,6,Summer,0,0,0,담하,하동 매실 칵테일
2024-06-13,0,6,Summer,0,0,0,담하,하동 매실 칵테일
2024-06-14,0,6,Summer,0,0,0,담하,하동 매실 칵테일
2024-06-15,2,6,Summer,1,0,1,담하,하동 매실 칵테일
2023-01-01,34,1,Winter,1,1,1,담하,한우 떡갈비 정식
2023-01-02,24,1,Winter,0,0,0,담하,한우 떡갈비 정식
2023-01-03,13,1,Winter,0,0,0,담하,한우 떡갈비 정식
2023-01-04,22,1,Winter,0,0,0,담하,한우 떡갈비 정식
2023-01-05,16,1,Winter,0,0,0,담하,한우 떡갈비 정식
2023-01-06,15,1,Winter,0,0,0,담하,한우 떡갈비 정식
2023-01-07,25,1,Winter,1,0,1,담하,한우 떡갈비 정식
2023-01-08,20,1,Winter,1,0,1,담하,한우 떡갈비 정식
2023-01-09,22,1,Winter,0,0,0,담하,한우 떡갈비 정식
2023-01-10,31,1,Winter,0,0,0,담하,한우 떡갈비 정식
2023-01-11,19,1,Winter,0,0,0,담하,한우 떡갈비 정식
2023-01-12,7,1,Winter,0,0,0,담하,한우 떡갈비 정식
2023-01-13,12,1,Winter,0,0,0,담하,한우 떡갈비 정식
2023-01-14,11,1,Winter,1,0,1,담하,한우 떡갈비 정식
2023-01-15,38,1,Winter,1,0,1,담하,한우 떡갈비 정식
2023-01-16,16,1,Winter,0,0,0,담하,한우 떡갈비 정식
2023-01-17,16,1,Winter,0,0,0,담하,한우 떡갈비 정식
2023-01-18,9,1,Winter,0,0,0,담하,한우 떡갈비 정식
2023-01-19,20,1,Winter,0,0,0,담하,한우 떡갈비 정식
2023-01-20,12,1,Winter,0,0,0,담하,한우 떡갈비 정식
2023-01-21,32,1,Winter,1,1,1,담하,한우 떡갈비 정식
2023-01-22,22,1,Winter,1,1,1,담하,한우 떡갈비 정식
2023-01-23,38,1,Winter,0,1,1,담하,한우 떡갈비 정식
2023-01-24,19,1,Winter,0,1,1,담하,한우 떡갈비 정식
2023-01-25,24,1,Winter,0,0,0,담하,한우 떡갈비 정식
2023-01-26,21,1,Winter,0,0,0,담하,한우 떡갈비 정식
2023-01-27,12,1,Winter,0,0,0,담하,한우 떡갈비 정식
2023-01-28,26,1,Winter,1,0,1,담하,한우 떡갈비 정식
2023-01-29,43,1,Winter,1,0,1,담하,한우 떡갈비 정식
2023-01-30,14,1,Winter,0,0,0,담하,한우 떡갈비 정식
2023-01-31,6,1,Winter,0,0,0,담하,한우 떡갈비 정식
2023-02-01,9,2,Winter,0,0,0,담하,한우 떡갈비 정식
2023-02-02,13,2,Winter,0,0,0,담하,한우 떡갈비 정식
2023-02-03,12,2,Winter,0,0,0,담하,한우 떡갈비 정식
2023-02-04,37,2,Winter,1,0,1,담하,한우 떡갈비 정식
2023-02-05,19,2,Winter,1,0,1,담하,한우 떡갈비 정식
2023-02-06,9,2,Winter,0,0,0,담하,한우 떡갈비 정식
2023-02-07,3,2,Winter,0,0,0,담하,한우 떡갈비 정식
2023-02-08,5,2,Winter,0,0,0,담하,한우 떡갈비 정식
2023-02-09,8,2,Winter,0,0,0,담하,한우 떡갈비 정식
2023-02-10,6,2,Winter,0,0,0,담하,한우 떡갈비 정식
2023-02-11,27,2,Winter,1,0,1,담하,한우 떡갈비 정식
2023-02-12,25,2,Winter,1,0,1,담하,한우 떡갈비 정식
2023-02-13,16,2,Winter,0,0,0,담하,한우 떡갈비 정식
2023-02-14,9,2,Winter,0,0,0,담하,한우 떡갈비 정식
2023-02-15,4,2,Winter,0,0,0,담하,한우 떡갈비 정식
2023-02-16,6,2,Winter,0,0,0,담하,한우 떡갈비 정식
2023-02-17,14,2,Winter,0,0,0,담하,한우 떡갈비 정식
2023-02-18,18,2,Winter,1,0,1,담하,한우 떡갈비 정식
2023-02-19,41,2,Winter,1,0,1,담하,한우 떡갈비 정식
2023-02-20,13,2,Winter,0,0,0,담하,한우 떡갈비 정식
2023-02-21,6,2,Winter,0,0,0,담하,한우 떡갈비 정식
2023-02-22,10,2,Winter,0,0,0,담하,한우 떡갈비 정식
2023-02-23,13,2,Winter,0,0,0,담하,한우 떡갈비 정식
2023-02-24,22,2,Winter,0,0,0,담하,한우 떡갈비 정식
2023-02-25,18,2,Winter,1,0,1,담하,한우 떡갈비 정식
2023-02-26,25,2,Winter,1,0,1,담하,한우 떡갈비 정식
2023-02-27,26,2,Winter,0,0,0,담하,한우 떡갈비 정식
2023-02-28,8,2,Winter,0,0,0,담하,한우 떡갈비 정식
2023-03-01,6,3,Spring,0,1,1,담하,한우 떡갈비 정식
2023-03-02,0,3,Spring,0,0,0,담하,한우 떡갈비 정식
2023-03-03,0,3,Spring,0,0,0,담하,한우 떡갈비 정식
2023-03-04,0,3,Spring,1,0,1,담하,한우 떡갈비 정식
2023-03-05,0,3,Spring,1,0,1,담하,한우 떡갈비 정식
2023-03-06,0,3,Spring,0,0,0,담하,한우 떡갈비 정식
2023-03-07,0,3,Spring,0,0,0,담하,한우 떡갈비 정식
2023-03-08,0,3,Spring,0,0,0,담하,한우 떡갈비 정식
2023-03-09,0,3,Spring,0,0,0,담하,한우 떡갈비 정식
2023-03-10,4,3,Spring,0,0,0,담하,한우 떡갈비 정식
2023-03-11,8,3,Spring,1,0,1,담하,한우 떡갈비 정식
2023-03-12,6,3,Spring,1,0,1,담하,한우 떡갈비 정식
2023-03-13,1,3,Spring,0,0,0,담하,한우 떡갈비 정식
2023-03-14,0,3,Spring,0,0,0,담하,한우 떡갈비 정식
2023-03-15,0,3,Spring,0,0,0,담하,한우 떡갈비 정식
2023-03-16,1,3,Spring,0,0,0,담하,한우 떡갈비 정식
2023-03-17,1,3,Spring,0,0,0,담하,한우 떡갈비 정식
2023-03-18,21,3,Spring,1,0,1,담하,한우 떡갈비 정식
2023-03-19,10,3,Spring,1,0,1,담하,한우 떡갈비 정식
2023-03-20,1,3,Spring,0,0,0,담하,한우 떡갈비 정식
2023-03-21,0,3,Spring,0,0,0,담하,한우 떡갈비 정식
2023-03-22,0,3,Spring,0,0,0,담하,한우 떡갈비 정식
2023-03-23,0,3,Spring,0,0,0,담하,한우 떡갈비 정식
2023-03-24,0,3,Spring,0,0,0,담하,한우 떡갈비 정식
2023-03-25,17,3,Spring,1,0,1,담하,한우 떡갈비 정식
2023-03-26,8,3,Spring,1,0,1,담하,한우 떡갈비 정식
2023-03-27,1,3,Spring,0,0,0,담하,한우 떡갈비 정식
2023-03-28,0,3,Spring,0,0,0,담하,한우 떡갈비 정식
2023-03-29,2,3,Spring,0,0,0,담하,한우 떡갈비 정식
2023-03-30,2,3,Spring,0,0,0,담하,한우 떡갈비 정식
2023-03-31,13,3,Spring,0,0,0,담하,한우 떡갈비 정식
2023-04-01,30,4,Spring,1,0,1,담하,한우 떡갈비 정식
2023-04-02,13,4,Spring,1,0,1,담하,한우 떡갈비 정식
2023-04-03,1,4,Spring,0,0,0,담하,한우 떡갈비 정식
2023-04-04,2,4,Spring,0,0,0,담하,한우 떡갈비 정식
2023-04-05,4,4,Spring,0,0,0,담하,한우 떡갈비 정식
2023-04-06,5,4,Spring,0,0,0,담하,한우 떡갈비 정식
2023-04-07,11,4,Spring,0,0,0,담하,한우 떡갈비 정식
2023-04-08,10,4,Spring,1,0,1,담하,한우 떡갈비 정식
2023-04-09,9,4,Spring,1,0,1,담하,한우 떡갈비 정식
2023-04-10,3,4,Spring,0,0,0,담하,한우 떡갈비 정식
2023-04-11,3,4,Spring,0,0,0,담하,한우 떡갈비 정식
2023-04-12,7,4,Spring,0,0,0,담하,한우 떡갈비 정식
2023-04-13,5,4,Spring,0,0,0,담하,한우 떡갈비 정식
2023-04-14,8,4,Spring,0,0,0,담하,한우 떡갈비 정식
2023-04-15,25,4,Spring,1,0,1,담하,한우 떡갈비 정식
2023-04-16,8,4,Spring,1,0,1,담하,한우 떡갈비 정식
2023-04-17,0,4,Spring,0,0,0,담하,한우 떡갈비 정식
2023-04-18,2,4,Spring,0,0,0,담하,한우 떡갈비 정식
2023-04-19,2,4,Spring,0,0,0,담하,한우 떡갈비 정식
2023-04-20,2,4,Spring,0,0,0,담하,한우 떡갈비 정식
2023-04-21,13,4,Spring,0,0,0,담하,한우 떡갈비 정식
2023-04-22,25,4,Spring,1,0,1,담하,한우 떡갈비 정식
2023-04-23,16,4,Spring,1,0,1,담하,한우 떡갈비 정식
2023-04-24,2,4,Spring,0,0,0,담하,한우 떡갈비 정식
2023-04-25,1,4,Spring,0,0,0,담하,한우 떡갈비 정식
2023-04-26,1,4,Spring,0,0,0,담하,한우 떡갈비 정식
2023-04-27,1,4,Spring,0,0,0,담하,한우 떡갈비 정식
2023-04-28,4,4,Spring,0,0,0,담하,한우 떡갈비 정식
2023-04-29,15,4,Spring,1,0,1,담하,한우 떡갈비 정식
2023-04-30,22,4,Spring,1,0,1,담하,한우 떡갈비 정식
2023-05-01,7,5,Spring,0,0,0,담하,한우 떡갈비 정식
2023-05-02,7,5,Spring,0,0,0,담하,한우 떡갈비 정식
2023-05-03,2,5,Spring,0,0,0,담하,한우 떡갈비 정식
2023-05-04,7,5,Spring,0,0,0,담하,한우 떡갈비 정식
2023-05-05,20,5,Spring,0,1,1,담하,한우 떡갈비 정식
2023-05-06,26,5,Spring,1,0,1,담하,한우 떡갈비 정식
2023-05-07,8,5,Spring,1,0,1,담하,한우 떡갈비 정식
2023-05-08,2,5,Spring,0,0,0,담하,한우 떡갈비 정식
2023-05-09,1,5,Spring,0,0,0,담하,한우 떡갈비 정식
2023-05-10,4,5,Spring,0,0,0,담하,한우 떡갈비 정식
2023-05-11,2,5,Spring,0,0,0,담하,한우 떡갈비 정식
2023-05-12,3,5,Spring,0,0,0,담하,한우 떡갈비 정식
2023-05-13,16,5,Spring,1,0,1,담하,한우 떡갈비 정식
2023-05-14,11,5,Spring,1,0,1,담하,한우 떡갈비 정식
2023-05-15,4,5,Spring,0,0,0,담하,한우 떡갈비 정식
2023-05-16,2,5,Spring,0,0,0,담하,한우 떡갈비 정식
2023-05-17,3,5,Spring,0,0,0,담하,한우 떡갈비 정식
2023-05-18,1,5,Spring,0,0,0,담하,한우 떡갈비 정식
2023-05-19,5,5,Spring,0,0,0,담하,한우 떡갈비 정식
2023-05-20,18,5,Spring,1,0,1,담하,한우 떡갈비 정식
2023-05-21,7,5,Spring,1,0,1,담하,한우 떡갈비 정식
2023-05-22,3,5,Spring,0,0,0,담하,한우 떡갈비 정식
2023-05-23,3,5,Spring,0,0,0,담하,한우 떡갈비 정식
2023-05-24,1,5,Spring,0,0,0,담하,한우 떡갈비 정식
2023-05-25,1,5,Spring,0,0,0,담하,한우 떡갈비 정식
2023-05-26,8,5,Spring,0,0,0,담하,한우 떡갈비 정식
2023-05-27,19,5,Spring,1,1,1,담하,한우 떡갈비 정식
2023-05-28,21,5,Spring,1,0,1,담하,한우 떡갈비 정식
2023-05-29,7,5,Spring,0,1,1,담하,한우 떡갈비 정식
2023-05-30,3,5,Spring,0,0,0,담하,한우 떡갈비 정식
2023-05-31,5,5,Spring,0,0,0,담하,한우 떡갈비 정식
2023-06-01,2,6,Summer,0,0,0,담하,한우 떡갈비 정식
2023-06-02,8,6,Summer,0,0,0,담하,한우 떡갈비 정식
2023-06-03,35,6,Summer,1,0,1,담하,한우 떡갈비 정식
2023-06-04,39,6,Summer,1,0,1,담하,한우 떡갈비 정식
2023-06-05,31,6,Summer,0,0,0,담하,한우 떡갈비 정식
2023-06-06,14,6,Summer,0,1,1,담하,한우 떡갈비 정식
2023-06-07,3,6,Summer,0,0,0,담하,한우 떡갈비 정식
2023-06-08,2,6,Summer,0,0,0,담하,한우 떡갈비 정식
2023-06-09,4,6,Summer,0,0,0,담하,한우 떡갈비 정식
2023-06-10,18,6,Summer,1,0,1,담하,한우 떡갈비 정식
2023-06-11,12,6,Summer,1,0,1,담하,한우 떡갈비 정식
2023-06-12,2,6,Summer,0,0,0,담하,한우 떡갈비 정식
2023-06-13,0,6,Summer,0,0,0,담하,한우 떡갈비 정식
2023-06-14,0,6,Summer,0,0,0,담하,한우 떡갈비 정식
2023-06-15,0,6,Summer,0,0,0,담하,한우 떡갈비 정식
2023-06-16,7,6,Summer,0,0,0,담하,한우 떡갈비 정식
2023-06-17,25,6,Summer,1,0,1,담하,한우 떡갈비 정식
2023-06-18,21,6,Summer,1,0,1,담하,한우 떡갈비 정식
2023-06-19,4,6,Summer,0,0,0,담하,한우 떡갈비 정식
2023-06-20,1,6,Summer,0,0,0,담하,한우 떡갈비 정식
2023-06-21,1,6,Summer,0,0,0,담하,한우 떡갈비 정식
2023-06-22,8,6,Summer,0,0,0,담하,한우 떡갈비 정식
2023-06-23,13,6,Summer,0,0,0,담하,한우 떡갈비 정식
2023-06-24,26,6,Summer,1,0,1,담하,한우 떡갈비 정식
2023-06-25,15,6,Summer,1,0,1,담하,한우 떡갈비 정식
2023-06-26,3,6,Summer,0,0,0,담하,한우 떡갈비 정식
2023-06-27,1,6,Summer,0,0,0,담하,한우 떡갈비 정식
2023-06-28,5,6,Summer,0,0,0,담하,한우 떡갈비 정식
2023-06-29,1,6,Summer,0,0,0,담하,한우 떡갈비 정식
2023-06-30,13,6,Summer,0,0,0,담하,한우 떡갈비 정식
2023-07-01,17,7,Summer,1,0,1,담하,한우 떡갈비 정식
2023-07-02,4,7,Summer,1,0,1,담하,한우 떡갈비 정식
2023-07-03,5,7,Summer,0,0,0,담하,한우 떡갈비 정식
2023-07-04,1,7,Summer,0,0,0,담하,한우 떡갈비 정식
2023-07-05,0,7,Summer,0,0,0,담하,한우 떡갈비 정식
2023-07-06,0,7,Summer,0,0,0,담하,한우 떡갈비 정식
2023-07-07,18,7,Summer,0,0,0,담하,한우 떡갈비 정식
2023-07-08,3,7,Summer,1,0,1,담하,한우 떡갈비 정식
2023-07-09,9,7,Summer,1,0,1,담하,한우 떡갈비 정식
2023-07-10,3,7,Summer,0,0,0,담하,한우 떡갈비 정식
2023-07-11,3,7,Summer,0,0,0,담하,한우 떡갈비 정식
2023-07-12,1,7,Summer,0,0,0,담하,한우 떡갈비 정식
2023-07-13,1,7,Summer,0,0,0,담하,한우 떡갈비 정식
2023-07-14,12,7,Summer,0,0,0,담하,한우 떡갈비 정식
2023-07-15,23,7,Summer,1,0,1,담하,한우 떡갈비 정식
2023-07-16,9,7,Summer,1,0,1,담하,한우 떡갈비 정식
2023-07-17,1,7,Summer,0,0,0,담하,한우 떡갈비 정식
2023-07-18,5,7,Summer,0,0,0,담하,한우 떡갈비 정식
2023-07-19,2,7,Summer,0,0,0,담하,한우 떡갈비 정식
2023-07-20,3,7,Summer,0,0,0,담하,한우 떡갈비 정식
2023-07-21,20,7,Summer,0,0,0,담하,한우 떡갈비 정식
2023-07-22,14,7,Summer,1,0,1,담하,한우 떡갈비 정식
2023-07-23,17,7,Summer,1,0,1,담하,한우 떡갈비 정식
2023-07-24,2,7,Summer,0,0,0,담하,한우 떡갈비 정식
2023-07-25,12,7,Summer,0,0,0,담하,한우 떡갈비 정식
2023-07-26,15,7,Summer,0,0,0,담하,한우 떡갈비 정식
2023-07-27,16,7,Summer,0,0,0,담하,한우 떡갈비 정식
2023-07-28,13,7,Summer,0,0,0,담하,한우 떡갈비 정식
2023-07-29,14,7,Summer,1,0,1,담하,한우 떡갈비 정식
2023-07-30,14,7,Summer,1,0,1,담하,한우 떡갈비 정식
2023-07-31,22,7,Summer,0,0,0,담하,한우 떡갈비 정식
2023-08-01,18,8,Summer,0,0,0,담하,한우 떡갈비 정식
2023-08-02,16,8,Summer,0,0,0,담하,한우 떡갈비 정식
2023-08-03,11,8,Summer,0,0,0,담하,한우 떡갈비 정식
2023-08-04,14,8,Summer,0,0,0,담하,한우 떡갈비 정식
2023-08-05,24,8,Summer,1,0,1,담하,한우 떡갈비 정식
2023-08-06,11,8,Summer,1,0,1,담하,한우 떡갈비 정식
2023-08-07,9,8,Summer,0,0,0,담하,한우 떡갈비 정식
2023-08-08,13,8,Summer,0,0,0,담하,한우 떡갈비 정식
2023-08-09,0,8,Summer,0,0,0,담하,한우 떡갈비 정식
2023-08-10,5,8,Summer,0,0,0,담하,한우 떡갈비 정식
2023-08-11,7,8,Summer,0,0,0,담하,한우 떡갈비 정식
2023-08-12,19,8,Summer,1,0,1,담하,한우 떡갈비 정식
2023-08-13,19,8,Summer,1,0,1,담하,한우 떡갈비 정식
2023-08-14,11,8,Summer,0,0,0,담하,한우 떡갈비 정식
2023-08-15,14,8,Summer,0,1,1,담하,한우 떡갈비 정식
2023-08-16,6,8,Summer,0,0,0,담하,한우 떡갈비 정식
2023-08-17,4,8,Summer,0,0,0,담하,한우 떡갈비 정식
2023-08-18,9,8,Summer,0,0,0,담하,한우 떡갈비 정식
2023-08-19,13,8,Summer,1,0,1,담하,한우 떡갈비 정식
2023-08-20,12,8,Summer,1,0,1,담하,한우 떡갈비 정식
2023-08-21,5,8,Summer,0,0,0,담하,한우 떡갈비 정식
2023-08-22,6,8,Summer,0,0,0,담하,한우 떡갈비 정식
2023-08-23,2,8,Summer,0,0,0,담하,한우 떡갈비 정식
2023-08-24,2,8,Summer,0,0,0,담하,한우 떡갈비 정식
2023-08-25,5,8,Summer,0,0,0,담하,한우 떡갈비 정식
2023-08-26,19,8,Summer,1,0,1,담하,한우 떡갈비 정식
2023-08-27,11,8,Summer,1,0,1,담하,한우 떡갈비 정식
2023-08-28,3,8,Summer,0,0,0,담하,한우 떡갈비 정식
2023-08-29,2,8,Summer,0,0,0,담하,한우 떡갈비 정식
2023-08-30,9,8,Summer,0,0,0,담하,한우 떡갈비 정식
2023-08-31,3,8,Summer,0,0,0,담하,한우 떡갈비 정식
2023-09-01,4,9,Autumn,0,0,0,담하,한우 떡갈비 정식
2023-09-02,7,9,Autumn,1,0,1,담하,한우 떡갈비 정식
2023-09-03,5,9,Autumn,1,0,1,담하,한우 떡갈비 정식
2023-09-04,0,9,Autumn,0,0,0,담하,한우 떡갈비 정식
2023-09-05,1,9,Autumn,0,0,0,담하,한우 떡갈비 정식
2023-09-06,0,9,Autumn,0,0,0,담하,한우 떡갈비 정식
2023-09-07,4,9,Autumn,0,0,0,담하,한우 떡갈비 정식
2023-09-08,3,9,Autumn,0,0,0,담하,한우 떡갈비 정식
2023-09-09,17,9,Autumn,1,0,1,담하,한우 떡갈비 정식
2023-09-10,5,9,Autumn,1,0,1,담하,한우 떡갈비 정식
2023-09-11,1,9,Autumn,0,0,0,담하,한우 떡갈비 정식
2023-09-12,0,9,Autumn,0,0,0,담하,한우 떡갈비 정식
2023-09-13,0,9,Autumn,0,0,0,담하,한우 떡갈비 정식
2023-09-14,4,9,Autumn,0,0,0,담하,한우 떡갈비 정식
2023-09-15,5,9,Autumn,0,0,0,담하,한우 떡갈비 정식
2023-09-16,17,9,Autumn,1,0,1,담하,한우 떡갈비 정식
2023-09-17,7,9,Autumn,1,0,1,담하,한우 떡갈비 정식
2023-09-18,2,9,Autumn,0,0,0,담하,한우 떡갈비 정식
2023-09-19,0,9,Autumn,0,0,0,담하,한우 떡갈비 정식
2023-09-20,1,9,Autumn,0,0,0,담하,한우 떡갈비 정식
2023-09-21,6,9,Autumn,0,0,0,담하,한우 떡갈비 정식
2023-09-22,2,9,Autumn,0,0,0,담하,한우 떡갈비 정식
2023-09-23,10,9,Autumn,1,0,1,담하,한우 떡갈비 정식
2023-09-24,6,9,Autumn,1,0,1,담하,한우 떡갈비 정식
2023-09-25,6,9,Autumn,0,0,0,담하,한우 떡갈비 정식
2023-09-26,0,9,Autumn,0,0,0,담하,한우 떡갈비 정식
2023-09-27,11,9,Autumn,0,0,0,담하,한우 떡갈비 정식
2023-09-28,17,9,Autumn,0,1,1,담하,한우 떡갈비 정식
2023-09-29,23,9,Autumn,0,1,1,담하,한우 떡갈비 정식
2023-09-30,33,9,Autumn,1,1,1,담하,한우 떡갈비 정식
2023-10-01,21,10,Autumn,1,0,1,담하,한우 떡갈비 정식
2023-10-02,13,10,Autumn,0,1,1,담하,한우 떡갈비 정식
2023-10-03,13,10,Autumn,0,1,1,담하,한우 떡갈비 정식
2023-10-04,1,10,Autumn,0,0,0,담하,한우 떡갈비 정식
2023-10-05,1,10,Autumn,0,0,0,담하,한우 떡갈비 정식
2023-10-06,11,10,Autumn,0,0,0,담하,한우 떡갈비 정식
2023-10-07,18,10,Autumn,1,0,1,담하,한우 떡갈비 정식
2023-10-08,26,10,Autumn,1,0,1,담하,한우 떡갈비 정식
2023-10-09,17,10,Autumn,0,1,1,담하,한우 떡갈비 정식
2023-10-10,3,10,Autumn,0,0,0,담하,한우 떡갈비 정식
2023-10-11,7,10,Autumn,0,0,0,담하,한우 떡갈비 정식
2023-10-12,4,10,Autumn,0,0,0,담하,한우 떡갈비 정식
2023-10-13,11,10,Autumn,0,0,0,담하,한우 떡갈비 정식
2023-10-14,17,10,Autumn,1,0,1,담하,한우 떡갈비 정식
2023-10-15,11,10,Autumn,1,0,1,담하,한우 떡갈비 정식
2023-10-16,11,10,Autumn,0,0,0,담하,한우 떡갈비 정식
2023-10-17,10,10,Autumn,0,0,0,담하,한우 떡갈비 정식
2023-10-18,7,10,Autumn,0,0,0,담하,한우 떡갈비 정식
2023-10-19,4,10,Autumn,0,0,0,담하,한우 떡갈비 정식
2023-10-20,2,10,Autumn,0,0,0,담하,한우 떡갈비 정식
2023-10-21,17,10,Autumn,1,0,1,담하,한우 떡갈비 정식
2023-10-22,13,10,Autumn,1,0,1,담하,한우 떡갈비 정식
2023-10-23,7,10,Autumn,0,0,0,담하,한우 떡갈비 정식
2023-10-24,6,10,Autumn,0,0,0,담하,한우 떡갈비 정식
2023-10-25,6,10,Autumn,0,0,0,담하,한우 떡갈비 정식
2023-10-26,2,10,Autumn,0,0,0,담하,한우 떡갈비 정식
2023-10-27,17,10,Autumn,0,0,0,담하,한우 떡갈비 정식
2023-10-28,16,10,Autumn,1,0,1,담하,한우 떡갈비 정식
2023-10-29,13,10,Autumn,1,0,1,담하,한우 떡갈비 정식
2023-10-30,14,10,Autumn,0,0,0,담하,한우 떡갈비 정식
2023-10-31,5,10,Autumn,0,0,0,담하,한우 떡갈비 정식
2023-11-01,8,11,Autumn,0,0,0,담하,한우 떡갈비 정식
2023-11-02,4,11,Autumn,0,0,0,담하,한우 떡갈비 정식
2023-11-03,11,11,Autumn,0,0,0,담하,한우 떡갈비 정식
2023-11-04,15,11,Autumn,1,0,1,담하,한우 떡갈비 정식
2023-11-05,14,11,Autumn,1,0,1,담하,한우 떡갈비 정식
2023-11-06,10,11,Autumn,0,0,0,담하,한우 떡갈비 정식
2023-11-07,6,11,Autumn,0,0,0,담하,한우 떡갈비 정식
2023-11-08,8,11,Autumn,0,0,0,담하,한우 떡갈비 정식
2023-11-09,3,11,Autumn,0,0,0,담하,한우 떡갈비 정식
2023-11-10,5,11,Autumn,0,0,0,담하,한우 떡갈비 정식
2023-11-11,22,11,Autumn,1,0,1,담하,한우 떡갈비 정식
2023-11-12,15,11,Autumn,1,0,1,담하,한우 떡갈비 정식
2023-11-13,5,11,Autumn,0,0,0,담하,한우 떡갈비 정식
2023-11-14,1,11,Autumn,0,0,0,담하,한우 떡갈비 정식
2023-11-15,5,11,Autumn,0,0,0,담하,한우 떡갈비 정식
2023-11-16,7,11,Autumn,0,0,0,담하,한우 떡갈비 정식
2023-11-17,2,11,Autumn,0,0,0,담하,한우 떡갈비 정식
2023-11-18,4,11,Autumn,1,0,1,담하,한우 떡갈비 정식
2023-11-19,8,11,Autumn,1,0,1,담하,한우 떡갈비 정식
2023-11-20,3,11,Autumn,0,0,0,담하,한우 떡갈비 정식
2023-11-21,2,11,Autumn,0,0,0,담하,한우 떡갈비 정식
2023-11-22,1,11,Autumn,0,0,0,담하,한우 떡갈비 정식
2023-11-23,3,11,Autumn,0,0,0,담하,한우 떡갈비 정식
2023-11-24,11,11,Autumn,0,0,0,담하,한우 떡갈비 정식
2023-11-25,14,11,Autumn,1,0,1,담하,한우 떡갈비 정식
2023-11-26,4,11,Autumn,1,0,1,담하,한우 떡갈비 정식
2023-11-27,0,11,Autumn,0,0,0,담하,한우 떡갈비 정식
2023-11-28,3,11,Autumn,0,0,0,담하,한우 떡갈비 정식
2023-11-29,0,11,Autumn,0,0,0,담하,한우 떡갈비 정식
2023-11-30,1,11,Autumn,0,0,0,담하,한우 떡갈비 정식
2023-12-01,5,12,Winter,0,0,0,담하,한우 떡갈비 정식
2023-12-02,7,12,Winter,1,0,1,담하,한우 떡갈비 정식
2023-12-03,4,12,Winter,1,0,1,담하,한우 떡갈비 정식
2023-12-04,0,12,Winter,0,0,0,담하,한우 떡갈비 정식
2023-12-05,0,12,Winter,0,0,0,담하,한우 떡갈비 정식
2023-12-06,1,12,Winter,0,0,0,담하,한우 떡갈비 정식
2023-12-07,0,12,Winter,0,0,0,담하,한우 떡갈비 정식
2023-12-08,1,12,Winter,0,0,0,담하,한우 떡갈비 정식
2023-12-09,5,12,Winter,1,0,1,담하,한우 떡갈비 정식
2023-12-10,12,12,Winter,1,0,1,담하,한우 떡갈비 정식
2023-12-11,17,12,Winter,0,0,0,담하,한우 떡갈비 정식
2023-12-12,2,12,Winter,0,0,0,담하,한우 떡갈비 정식
2023-12-13,1,12,Winter,0,0,0,담하,한우 떡갈비 정식
2023-12-14,1,12,Winter,0,0,0,담하,한우 떡갈비 정식
2023-12-15,5,12,Winter,0,0,0,담하,한우 떡갈비 정식
2023-12-16,8,12,Winter,1,0,1,담하,한우 떡갈비 정식
2023-12-17,10,12,Winter,1,0,1,담하,한우 떡갈비 정식
2023-12-18,13,12,Winter,0,0,0,담하,한우 떡갈비 정식
2023-12-19,11,12,Winter,0,0,0,담하,한우 떡갈비 정식
2023-12-20,6,12,Winter,0,0,0,담하,한우 떡갈비 정식
2023-12-21,7,12,Winter,0,0,0,담하,한우 떡갈비 정식
2023-12-22,17,12,Winter,0,0,0,담하,한우 떡갈비 정식
2023-12-23,19,12,Winter,1,0,1,담하,한우 떡갈비 정식
2023-12-24,11,12,Winter,1,0,1,담하,한우 떡갈비 정식
2023-12-25,28,12,Winter,0,1,1,담하,한우 떡갈비 정식
2023-12-26,30,12,Winter,0,0,0,담하,한우 떡갈비 정식
2023-12-27,21,12,Winter,0,0,0,담하,한우 떡갈비 정식
2023-12-28,17,12,Winter,0,0,0,담하,한우 떡갈비 정식
2023-12-29,17,12,Winter,0,0,0,담하,한우 떡갈비 정식
2023-12-30,20,12,Winter,1,0,1,담하,한우 떡갈비 정식
2023-12-31,18,12,Winter,1,0,1,담하,한우 떡갈비 정식
2024-01-01,28,1,Winter,0,1,1,담하,한우 떡갈비 정식
2024-01-02,23,1,Winter,0,0,0,담하,한우 떡갈비 정식
2024-01-03,11,1,Winter,0,0,0,담하,한우 떡갈비 정식
2024-01-04,17,1,Winter,0,0,0,담하,한우 떡갈비 정식
2024-01-05,24,1,Winter,0,0,0,담하,한우 떡갈비 정식
2024-01-06,27,1,Winter,1,0,1,담하,한우 떡갈비 정식
2024-01-07,31,1,Winter,1,0,1,담하,한우 떡갈비 정식
2024-01-08,11,1,Winter,0,0,0,담하,한우 떡갈비 정식
2024-01-09,8,1,Winter,0,0,0,담하,한우 떡갈비 정식
2024-01-10,9,1,Winter,0,0,0,담하,한우 떡갈비 정식
2024-01-11,11,1,Winter,0,0,0,담하,한우 떡갈비 정식
2024-01-12,14,1,Winter,0,0,0,담하,한우 떡갈비 정식
2024-01-13,34,1,Winter,1,0,1,담하,한우 떡갈비 정식
2024-01-14,32,1,Winter,1,0,1,담하,한우 떡갈비 정식
2024-01-15,22,1,Winter,0,0,0,담하,한우 떡갈비 정식
2024-01-16,7,1,Winter,0,0,0,담하,한우 떡갈비 정식
2024-01-17,13,1,Winter,0,0,0,담하,한우 떡갈비 정식
2024-01-18,14,1,Winter,0,0,0,담하,한우 떡갈비 정식
2024-01-19,6,1,Winter,0,0,0,담하,한우 떡갈비 정식
2024-01-20,21,1,Winter,1,0,1,담하,한우 떡갈비 정식
2024-01-21,25,1,Winter,1,0,1,담하,한우 떡갈비 정식
2024-01-22,22,1,Winter,0,0,0,담하,한우 떡갈비 정식
2024-01-23,8,1,Winter,0,0,0,담하,한우 떡갈비 정식
2024-01-24,6,1,Winter,0,0,0,담하,한우 떡갈비 정식
2024-01-25,12,1,Winter,0,0,0,담하,한우 떡갈비 정식
2024-01-26,13,1,Winter,0,0,0,담하,한우 떡갈비 정식
2024-01-27,12,1,Winter,1,0,1,담하,한우 떡갈비 정식
2024-01-28,32,1,Winter,1,0,1,담하,한우 떡갈비 정식
2024-01-29,16,1,Winter,0,0,0,담하,한우 떡갈비 정식
2024-01-30,4,1,Winter,0,0,0,담하,한우 떡갈비 정식
2024-01-31,10,1,Winter,0,0,0,담하,한우 떡갈비 정식
2024-02-01,6,2,Winter,0,0,0,담하,한우 떡갈비 정식
2024-02-02,8,2,Winter,0,0,0,담하,한우 떡갈비 정식
2024-02-03,20,2,Winter,1,0,1,담하,한우 떡갈비 정식
2024-02-04,20,2,Winter,1,0,1,담하,한우 떡갈비 정식
2024-02-05,4,2,Winter,0,0,0,담하,한우 떡갈비 정식
2024-02-06,7,2,Winter,0,0,0,담하,한우 떡갈비 정식
2024-02-07,7,2,Winter,0,0,0,담하,한우 떡갈비 정식
2024-02-08,17,2,Winter,0,0,0,담하,한우 떡갈비 정식
2024-02-09,30,2,Winter,0,1,1,담하,한우 떡갈비 정식
2024-02-10,20,2,Winter,1,1,1,담하,한우 떡갈비 정식
2024-02-11,22,2,Winter,1,1,1,담하,한우 떡갈비 정식
2024-02-12,19,2,Winter,0,1,1,담하,한우 떡갈비 정식
2024-02-13,10,2,Winter,0,0,0,담하,한우 떡갈비 정식
2024-02-14,13,2,Winter,0,0,0,담하,한우 떡갈비 정식
2024-02-15,6,2,Winter,0,0,0,담하,한우 떡갈비 정식
2024-02-16,14,2,Winter,0,0,0,담하,한우 떡갈비 정식
2024-02-17,16,2,Winter,1,0,1,담하,한우 떡갈비 정식
2024-02-18,15,2,Winter,1,0,1,담하,한우 떡갈비 정식
2024-02-19,1,2,Winter,0,0,0,담하,한우 떡갈비 정식
2024-02-20,6,2,Winter,0,0,0,담하,한우 떡갈비 정식
2024-02-21,2,2,Winter,0,0,0,담하,한우 떡갈비 정식
2024-02-22,4,2,Winter,0,0,0,담하,한우 떡갈비 정식
2024-02-23,7,2,Winter,0,0,0,담하,한우 떡갈비 정식
2024-02-24,14,2,Winter,1,0,1,담하,한우 떡갈비 정식
2024-02-25,21,2,Winter,1,0,1,담하,한우 떡갈비 정식
2024-02-26,14,2,Winter,0,0,0,담하,한우 떡갈비 정식
2024-02-27,1,2,Winter,0,0,0,담하,한우 떡갈비 정식
2024-02-28,9,2,Winter,0,0,0,담하,한우 떡갈비 정식
2024-02-29,13,2,Winter,0,0,0,담하,한우 떡갈비 정식
2024-03-01,15,3,Spring,0,1,1,담하,한우 떡갈비 정식
2024-03-02,20,3,Spring,1,0,1,담하,한우 떡갈비 정식
2024-03-03,3,3,Spring,1,0,1,담하,한우 떡갈비 정식
2024-03-04,0,3,Spring,0,0,0,담하,한우 떡갈비 정식
2024-03-05,0,3,Spring,0,0,0,담하,한우 떡갈비 정식
2024-03-06,0,3,Spring,0,0,0,담하,한우 떡갈비 정식
2024-03-07,0,3,Spring,0,0,0,담하,한우 떡갈비 정식
2024-03-08,0,3,Spring,0,0,0,담하,한우 떡갈비 정식
2024-03-09,0,3,Spring,1,0,1,담하,한우 떡갈비 정식
2024-03-10,0,3,Spring,1,0,1,담하,한우 떡갈비 정식
2024-03-11,0,3,Spring,0,0,0,담하,한우 떡갈비 정식
2024-03-12,0,3,Spring,0,0,0,담하,한우 떡갈비 정식
2024-03-13,0,3,Spring,0,0,0,담하,한우 떡갈비 정식
2024-03-14,0,3,Spring,0,0,0,담하,한우 떡갈비 정식
2024-03-15,4,3,Spring,0,0,0,담하,한우 떡갈비 정식
2024-03-16,8,3,Spring,1,0,1,담하,한우 떡갈비 정식
2024-03-17,4,3,Spring,1,0,1,담하,한우 떡갈비 정식
2024-03-18,0,3,Spring,0,0,0,담하,한우 떡갈비 정식
2024-03-19,0,3,Spring,0,0,0,담하,한우 떡갈비 정식
2024-03-20,1,3,Spring,0,0,0,담하,한우 떡갈비 정식
2024-03-21,0,3,Spring,0,0,0,담하,한우 떡갈비 정식
2024-03-22,2,3,Spring,0,0,0,담하,한우 떡갈비 정식
2024-03-23,12,3,Spring,1,0,1,담하,한우 떡갈비 정식
2024-03-24,3,3,Spring,1,0,1,담하,한우 떡갈비 정식
2024-03-25,0,3,Spring,0,0,0,담하,한우 떡갈비 정식
2024-03-26,1,3,Spring,0,0,0,담하,한우 떡갈비 정식
2024-03-27,0,3,Spring,0,0,0,담하,한우 떡갈비 정식
2024-03-28,1,3,Spring,0,0,0,담하,한우 떡갈비 정식
2024-03-29,4,3,Spring,0,0,0,담하,한우 떡갈비 정식
2024-03-30,29,3,Spring,1,0,1,담하,한우 떡갈비 정식
2024-03-31,12,3,Spring,1,0,1,담하,한우 떡갈비 정식
2024-04-01,1,4,Spring,0,0,0,담하,한우 떡갈비 정식
2024-04-02,1,4,Spring,0,0,0,담하,한우 떡갈비 정식
2024-04-03,1,4,Spring,0,0,0,담하,한우 떡갈비 정식
2024-04-04,5,4,Spring,0,0,0,담하,한우 떡갈비 정식
2024-04-05,5,4,Spring,0,0,0,담하,한우 떡갈비 정식
2024-04-06,18,4,Spring,1,0,1,담하,한우 떡갈비 정식
2024-04-07,8,4,Spring,1,0,1,담하,한우 떡갈비 정식
2024-04-08,0,4,Spring,0,0,0,담하,한우 떡갈비 정식
2024-04-09,13,4,Spring,0,0,0,담하,한우 떡갈비 정식
2024-04-10,27,4,Spring,0,1,1,담하,한우 떡갈비 정식
2024-04-11,8,4,Spring,0,0,0,담하,한우 떡갈비 정식
2024-04-12,12,4,Spring,0,0,0,담하,한우 떡갈비 정식
2024-04-13,20,4,Spring,1,0,1,담하,한우 떡갈비 정식
2024-04-14,17,4,Spring,1,0,1,담하,한우 떡갈비 정식
2024-04-15,0,4,Spring,0,0,0,담하,한우 떡갈비 정식
2024-04-16,1,4,Spring,0,0,0,담하,한우 떡갈비 정식
2024-04-17,1,4,Spring,0,0,0,담하,한우 떡갈비 정식
2024-04-18,0,4,Spring,0,0,0,담하,한우 떡갈비 정식
2024-04-19,12,4,Spring,0,0,0,담하,한우 떡갈비 정식
2024-04-20,11,4,Spring,1,0,1,담하,한우 떡갈비 정식
2024-04-21,13,4,Spring,1,0,1,담하,한우 떡갈비 정식
2024-04-22,0,4,Spring,0,0,0,담하,한우 떡갈비 정식
2024-04-23,0,4,Spring,0,0,0,담하,한우 떡갈비 정식
2024-04-24,1,4,Spring,0,0,0,담하,한우 떡갈비 정식
2024-04-25,2,4,Spring,0,0,0,담하,한우 떡갈비 정식
2024-04-26,6,4,Spring,0,0,0,담하,한우 떡갈비 정식
2024-04-27,15,4,Spring,1,0,1,담하,한우 떡갈비 정식
2024-04-28,5,4,Spring,1,0,1,담하,한우 떡갈비 정식
2024-04-29,0,4,Spring,0,0,0,담하,한우 떡갈비 정식
2024-04-30,9,4,Spring,0,0,0,담하,한우 떡갈비 정식
2024-05-01,4,5,Spring,0,0,0,담하,한우 떡갈비 정식
2024-05-02,3,5,Spring,0,0,0,담하,한우 떡갈비 정식
2024-05-03,6,5,Spring,0,0,0,담하,한우 떡갈비 정식
2024-05-04,14,5,Spring,1,0,1,담하,한우 떡갈비 정식
2024-05-05,15,5,Spring,1,1,1,담하,한우 떡갈비 정식
2024-05-06,1,5,Spring,0,1,1,담하,한우 떡갈비 정식
2024-05-07,0,5,Spring,0,0,0,담하,한우 떡갈비 정식
2024-05-08,7,5,Spring,0,0,0,담하,한우 떡갈비 정식
2024-05-09,2,5,Spring,0,0,0,담하,한우 떡갈비 정식
2024-05-10,4,5,Spring,0,0,0,담하,한우 떡갈비 정식
2024-05-11,16,5,Spring,1,0,1,담하,한우 떡갈비 정식
2024-05-12,2,5,Spring,1,0,1,담하,한우 떡갈비 정식
2024-05-13,0,5,Spring,0,0,0,담하,한우 떡갈비 정식
2024-05-14,11,5,Spring,0,0,0,담하,한우 떡갈비 정식
2024-05-15,7,5,Spring,0,1,1,담하,한우 떡갈비 정식
2024-05-16,5,5,Spring,0,0,0,담하,한우 떡갈비 정식
2024-05-17,6,5,Spring,0,0,0,담하,한우 떡갈비 정식
2024-05-18,9,5,Spring,1,0,1,담하,한우 떡갈비 정식
2024-05-19,10,5,Spring,1,0,1,담하,한우 떡갈비 정식
2024-05-20,0,5,Spring,0,0,0,담하,한우 떡갈비 정식
2024-05-21,0,5,Spring,0,0,0,담하,한우 떡갈비 정식
2024-05-22,0,5,Spring,0,0,0,담하,한우 떡갈비 정식
2024-05-23,0,5,Spring,0,0,0,담하,한우 떡갈비 정식
2024-05-24,3,5,Spring,0,0,0,담하,한우 떡갈비 정식
2024-05-25,13,5,Spring,1,0,1,담하,한우 떡갈비 정식
2024-05-26,2,5,Spring,1,0,1,담하,한우 떡갈비 정식
2024-05-27,2,5,Spring,0,0,0,담하,한우 떡갈비 정식
2024-05-28,1,5,Spring,0,0,0,담하,한우 떡갈비 정식
2024-05-29,2,5,Spring,0,0,0,담하,한우 떡갈비 정식
2024-05-30,0,5,Spring,0,0,0,담하,한우 떡갈비 정식
2024-05-31,14,5,Spring,0,0,0,담하,한우 떡갈비 정식
2024-06-01,10,6,Summer,1,0,1,담하,한우 떡갈비 정식
2024-06-02,2,6,Summer,1,0,1,담하,한우 떡갈비 정식
2024-06-03,0,6,Summer,0,0,0,담하,한우 떡갈비 정식
2024-06-04,0,6,Summer,0,0,0,담하,한우 떡갈비 정식
2024-06-05,6,6,Summer,0,0,0,담하,한우 떡갈비 정식
2024-06-06,20,6,Summer,0,1,1,담하,한우 떡갈비 정식
2024-06-07,17,6,Summer,0,0,0,담하,한우 떡갈비 정식
2024-06-08,11,6,Summer,1,0,1,담하,한우 떡갈비 정식
2024-06-09,6,6,Summer,1,0,1,담하,한우 떡갈비 정식
2024-06-10,1,6,Summer,0,0,0,담하,한우 떡갈비 정식
2024-06-11,0,6,Summer,0,0,0,담하,한우 떡갈비 정식
2024-06-12,0,6,Summer,0,0,0,담하,한우 떡갈비 정식
2024-06-13,3,6,Summer,0,0,0,담하,한우 떡갈비 정식
2024-06-14,6,6,Summer,0,0,0,담하,한우 떡갈비 정식
2024-06-15,21,6,Summer,1,0,1,담하,한우 떡갈비 정식
2023-01-01,12,1,Winter,1,1,1,담하,한우 미역국 정식
2023-01-02,4,1,Winter,0,0,0,담하,한우 미역국 정식
2023-01-03,1,1,Winter,0,0,0,담하,한우 미역국 정식
2023-01-04,1,1,Winter,0,0,0,담하,한우 미역국 정식
2023-01-05,3,1,Winter,0,0,0,담하,한우 미역국 정식
2023-01-06,4,1,Winter,0,0,0,담하,한우 미역국 정식
2023-01-07,8,1,Winter,1,0,1,담하,한우 미역국 정식
2023-01-08,7,1,Winter,1,0,1,담하,한우 미역국 정식
2023-01-09,14,1,Winter,0,0,0,담하,한우 미역국 정식
2023-01-10,12,1,Winter,0,0,0,담하,한우 미역국 정식
2023-01-11,5,1,Winter,0,0,0,담하,한우 미역국 정식
2023-01-12,14,1,Winter,0,0,0,담하,한우 미역국 정식
2023-01-13,2,1,Winter,0,0,0,담하,한우 미역국 정식
2023-01-14,9,1,Winter,1,0,1,담하,한우 미역국 정식
2023-01-15,1,1,Winter,1,0,1,담하,한우 미역국 정식
2023-01-16,8,1,Winter,0,0,0,담하,한우 미역국 정식
2023-01-17,0,1,Winter,0,0,0,담하,한우 미역국 정식
2023-01-18,2,1,Winter,0,0,0,담하,한우 미역국 정식
2023-01-19,1,1,Winter,0,0,0,담하,한우 미역국 정식
2023-01-20,0,1,Winter,0,0,0,담하,한우 미역국 정식
2023-01-21,4,1,Winter,1,1,1,담하,한우 미역국 정식
2023-01-22,6,1,Winter,1,1,1,담하,한우 미역국 정식
2023-01-23,19,1,Winter,0,1,1,담하,한우 미역국 정식
2023-01-24,9,1,Winter,0,1,1,담하,한우 미역국 정식
2023-01-25,8,1,Winter,0,0,0,담하,한우 미역국 정식
2023-01-26,1,1,Winter,0,0,0,담하,한우 미역국 정식
2023-01-27,0,1,Winter,0,0,0,담하,한우 미역국 정식
2023-01-28,6,1,Winter,1,0,1,담하,한우 미역국 정식
2023-01-29,3,1,Winter,1,0,1,담하,한우 미역국 정식
2023-01-30,2,1,Winter,0,0,0,담하,한우 미역국 정식
2023-01-31,2,1,Winter,0,0,0,담하,한우 미역국 정식
2023-02-01,3,2,Winter,0,0,0,담하,한우 미역국 정식
2023-02-02,1,2,Winter,0,0,0,담하,한우 미역국 정식
2023-02-03,0,2,Winter,0,0,0,담하,한우 미역국 정식
2023-02-04,0,2,Winter,1,0,1,담하,한우 미역국 정식
2023-02-05,7,2,Winter,1,0,1,담하,한우 미역국 정식
2023-02-06,4,2,Winter,0,0,0,담하,한우 미역국 정식
2023-02-07,2,2,Winter,0,0,0,담하,한우 미역국 정식
2023-02-08,2,2,Winter,0,0,0,담하,한우 미역국 정식
2023-02-09,0,2,Winter,0,0,0,담하,한우 미역국 정식
2023-02-10,1,2,Winter,0,0,0,담하,한우 미역국 정식
2023-02-11,16,2,Winter,1,0,1,담하,한우 미역국 정식
2023-02-12,7,2,Winter,1,0,1,담하,한우 미역국 정식
2023-02-13,4,2,Winter,0,0,0,담하,한우 미역국 정식
2023-02-14,4,2,Winter,0,0,0,담하,한우 미역국 정식
2023-02-15,3,2,Winter,0,0,0,담하,한우 미역국 정식
2023-02-16,0,2,Winter,0,0,0,담하,한우 미역국 정식
2023-02-17,3,2,Winter,0,0,0,담하,한우 미역국 정식
2023-02-18,1,2,Winter,1,0,1,담하,한우 미역국 정식
2023-02-19,13,2,Winter,1,0,1,담하,한우 미역국 정식
2023-02-20,8,2,Winter,0,0,0,담하,한우 미역국 정식
2023-02-21,6,2,Winter,0,0,0,담하,한우 미역국 정식
2023-02-22,2,2,Winter,0,0,0,담하,한우 미역국 정식
2023-02-23,3,2,Winter,0,0,0,담하,한우 미역국 정식
2023-02-24,0,2,Winter,0,0,0,담하,한우 미역국 정식
2023-02-25,6,2,Winter,1,0,1,담하,한우 미역국 정식
2023-02-26,19,2,Winter,1,0,1,담하,한우 미역국 정식
2023-02-27,11,2,Winter,0,0,0,담하,한우 미역국 정식
2023-02-28,2,2,Winter,0,0,0,담하,한우 미역국 정식
2023-03-01,2,3,Spring,0,1,1,담하,한우 미역국 정식
2023-03-02,0,3,Spring,0,0,0,담하,한우 미역국 정식
2023-03-03,0,3,Spring,0,0,0,담하,한우 미역국 정식
2023-03-04,0,3,Spring,1,0,1,담하,한우 미역국 정식
2023-03-05,0,3,Spring,1,0,1,담하,한우 미역국 정식
2023-03-06,0,3,Spring,0,0,0,담하,한우 미역국 정식
2023-03-07,0,3,Spring,0,0,0,담하,한우 미역국 정식
2023-03-08,0,3,Spring,0,0,0,담하,한우 미역국 정식
2023-03-09,0,3,Spring,0,0,0,담하,한우 미역국 정식
2023-03-10,0,3,Spring,0,0,0,담하,한우 미역국 정식
2023-03-11,0,3,Spring,1,0,1,담하,한우 미역국 정식
2023-03-12,3,3,Spring,1,0,1,담하,한우 미역국 정식
2023-03-13,3,3,Spring,0,0,0,담하,한우 미역국 정식
2023-03-14,0,3,Spring,0,0,0,담하,한우 미역국 정식
2023-03-15,1,3,Spring,0,0,0,담하,한우 미역국 정식
2023-03-16,0,3,Spring,0,0,0,담하,한우 미역국 정식
2023-03-17,0,3,Spring,0,0,0,담하,한우 미역국 정식
2023-03-18,3,3,Spring,1,0,1,담하,한우 미역국 정식
2023-03-19,7,3,Spring,1,0,1,담하,한우 미역국 정식
2023-03-20,1,3,Spring,0,0,0,담하,한우 미역국 정식
2023-03-21,0,3,Spring,0,0,0,담하,한우 미역국 정식
2023-03-22,0,3,Spring,0,0,0,담하,한우 미역국 정식
2023-03-23,0,3,Spring,0,0,0,담하,한우 미역국 정식
2023-03-24,0,3,Spring,0,0,0,담하,한우 미역국 정식
2023-03-25,0,3,Spring,1,0,1,담하,한우 미역국 정식
2023-03-26,7,3,Spring,1,0,1,담하,한우 미역국 정식
2023-03-27,5,3,Spring,0,0,0,담하,한우 미역국 정식
2023-03-28,0,3,Spring,0,0,0,담하,한우 미역국 정식
2023-03-29,0,3,Spring,0,0,0,담하,한우 미역국 정식
2023-03-30,0,3,Spring,0,0,0,담하,한우 미역국 정식
2023-03-31,0,3,Spring,0,0,0,담하,한우 미역국 정식
2023-04-01,7,4,Spring,1,0,1,담하,한우 미역국 정식
2023-04-02,8,4,Spring,1,0,1,담하,한우 미역국 정식
2023-04-03,3,4,Spring,0,0,0,담하,한우 미역국 정식
2023-04-04,5,4,Spring,0,0,0,담하,한우 미역국 정식
2023-04-05,0,4,Spring,0,0,0,담하,한우 미역국 정식
2023-04-06,3,4,Spring,0,0,0,담하,한우 미역국 정식
2023-04-07,1,4,Spring,0,0,0,담하,한우 미역국 정식
2023-04-08,6,4,Spring,1,0,1,담하,한우 미역국 정식
2023-04-09,12,4,Spring,1,0,1,담하,한우 미역국 정식
2023-04-10,1,4,Spring,0,0,0,담하,한우 미역국 정식
2023-04-11,0,4,Spring,0,0,0,담하,한우 미역국 정식
2023-04-12,0,4,Spring,0,0,0,담하,한우 미역국 정식
2023-04-13,1,4,Spring,0,0,0,담하,한우 미역국 정식
2023-04-14,0,4,Spring,0,0,0,담하,한우 미역국 정식
2023-04-15,1,4,Spring,1,0,1,담하,한우 미역국 정식
2023-04-16,20,4,Spring,1,0,1,담하,한우 미역국 정식
2023-04-17,0,4,Spring,0,0,0,담하,한우 미역국 정식
2023-04-18,0,4,Spring,0,0,0,담하,한우 미역국 정식
2023-04-19,0,4,Spring,0,0,0,담하,한우 미역국 정식
2023-04-20,1,4,Spring,0,0,0,담하,한우 미역국 정식
2023-04-21,1,4,Spring,0,0,0,담하,한우 미역국 정식
2023-04-22,2,4,Spring,1,0,1,담하,한우 미역국 정식
2023-04-23,14,4,Spring,1,0,1,담하,한우 미역국 정식
2023-04-24,6,4,Spring,0,0,0,담하,한우 미역국 정식
2023-04-25,1,4,Spring,0,0,0,담하,한우 미역국 정식
2023-04-26,3,4,Spring,0,0,0,담하,한우 미역국 정식
2023-04-27,1,4,Spring,0,0,0,담하,한우 미역국 정식
2023-04-28,0,4,Spring,0,0,0,담하,한우 미역국 정식
2023-04-29,1,4,Spring,1,0,1,담하,한우 미역국 정식
2023-04-30,12,4,Spring,1,0,1,담하,한우 미역국 정식
2023-05-01,14,5,Spring,0,0,0,담하,한우 미역국 정식
2023-05-02,1,5,Spring,0,0,0,담하,한우 미역국 정식
2023-05-03,0,5,Spring,0,0,0,담하,한우 미역국 정식
2023-05-04,0,5,Spring,0,0,0,담하,한우 미역국 정식
2023-05-05,22,5,Spring,0,1,1,담하,한우 미역국 정식
2023-05-06,7,5,Spring,1,0,1,담하,한우 미역국 정식
2023-05-07,4,5,Spring,1,0,1,담하,한우 미역국 정식
2023-05-08,3,5,Spring,0,0,0,담하,한우 미역국 정식
2023-05-09,0,5,Spring,0,0,0,담하,한우 미역국 정식
2023-05-10,0,5,Spring,0,0,0,담하,한우 미역국 정식
2023-05-11,0,5,Spring,0,0,0,담하,한우 미역국 정식
2023-05-12,3,5,Spring,0,0,0,담하,한우 미역국 정식
2023-05-13,9,5,Spring,1,0,1,담하,한우 미역국 정식
2023-05-14,6,5,Spring,1,0,1,담하,한우 미역국 정식
2023-05-15,3,5,Spring,0,0,0,담하,한우 미역국 정식
2023-05-16,3,5,Spring,0,0,0,담하,한우 미역국 정식
2023-05-17,2,5,Spring,0,0,0,담하,한우 미역국 정식
2023-05-18,2,5,Spring,0,0,0,담하,한우 미역국 정식
2023-05-19,1,5,Spring,0,0,0,담하,한우 미역국 정식
2023-05-20,12,5,Spring,1,0,1,담하,한우 미역국 정식
2023-05-21,13,5,Spring,1,0,1,담하,한우 미역국 정식
2023-05-22,4,5,Spring,0,0,0,담하,한우 미역국 정식
2023-05-23,7,5,Spring,0,0,0,담하,한우 미역국 정식
2023-05-24,0,5,Spring,0,0,0,담하,한우 미역국 정식
2023-05-25,1,5,Spring,0,0,0,담하,한우 미역국 정식
2023-05-26,4,5,Spring,0,0,0,담하,한우 미역국 정식
2023-05-27,17,5,Spring,1,1,1,담하,한우 미역국 정식
2023-05-28,8,5,Spring,1,0,1,담하,한우 미역국 정식
2023-05-29,10,5,Spring,0,1,1,담하,한우 미역국 정식
2023-05-30,2,5,Spring,0,0,0,담하,한우 미역국 정식
2023-05-31,2,5,Spring,0,0,0,담하,한우 미역국 정식
2023-06-01,6,6,Summer,0,0,0,담하,한우 미역국 정식
2023-06-02,1,6,Summer,0,0,0,담하,한우 미역국 정식
2023-06-03,2,6,Summer,1,0,1,담하,한우 미역국 정식
2023-06-04,24,6,Summer,1,0,1,담하,한우 미역국 정식
2023-06-05,8,6,Summer,0,0,0,담하,한우 미역국 정식
2023-06-06,8,6,Summer,0,1,1,담하,한우 미역국 정식
2023-06-07,1,6,Summer,0,0,0,담하,한우 미역국 정식
2023-06-08,0,6,Summer,0,0,0,담하,한우 미역국 정식
2023-06-09,1,6,Summer,0,0,0,담하,한우 미역국 정식
2023-06-10,3,6,Summer,1,0,1,담하,한우 미역국 정식
2023-06-11,7,6,Summer,1,0,1,담하,한우 미역국 정식
2023-06-12,5,6,Summer,0,0,0,담하,한우 미역국 정식
2023-06-13,0,6,Summer,0,0,0,담하,한우 미역국 정식
2023-06-14,2,6,Summer,0,0,0,담하,한우 미역국 정식
2023-06-15,0,6,Summer,0,0,0,담하,한우 미역국 정식
2023-06-16,0,6,Summer,0,0,0,담하,한우 미역국 정식
2023-06-17,3,6,Summer,1,0,1,담하,한우 미역국 정식
2023-06-18,18,6,Summer,1,0,1,담하,한우 미역국 정식
2023-06-19,3,6,Summer,0,0,0,담하,한우 미역국 정식
2023-06-20,1,6,Summer,0,0,0,담하,한우 미역국 정식
2023-06-21,3,6,Summer,0,0,0,담하,한우 미역국 정식
2023-06-22,2,6,Summer,0,0,0,담하,한우 미역국 정식
2023-06-23,1,6,Summer,0,0,0,담하,한우 미역국 정식
2023-06-24,8,6,Summer,1,0,1,담하,한우 미역국 정식
2023-06-25,12,6,Summer,1,0,1,담하,한우 미역국 정식
2023-06-26,0,6,Summer,0,0,0,담하,한우 미역국 정식
2023-06-27,0,6,Summer,0,0,0,담하,한우 미역국 정식
2023-06-28,0,6,Summer,0,0,0,담하,한우 미역국 정식
2023-06-29,1,6,Summer,0,0,0,담하,한우 미역국 정식
2023-06-30,1,6,Summer,0,0,0,담하,한우 미역국 정식
2023-07-01,2,7,Summer,1,0,1,담하,한우 미역국 정식
2023-07-02,6,7,Summer,1,0,1,담하,한우 미역국 정식
2023-07-03,0,7,Summer,0,0,0,담하,한우 미역국 정식
2023-07-04,1,7,Summer,0,0,0,담하,한우 미역국 정식
2023-07-05,3,7,Summer,0,0,0,담하,한우 미역국 정식
2023-07-06,1,7,Summer,0,0,0,담하,한우 미역국 정식
2023-07-07,2,7,Summer,0,0,0,담하,한우 미역국 정식
2023-07-08,5,7,Summer,1,0,1,담하,한우 미역국 정식
2023-07-09,6,7,Summer,1,0,1,담하,한우 미역국 정식
2023-07-10,5,7,Summer,0,0,0,담하,한우 미역국 정식
2023-07-11,2,7,Summer,0,0,0,담하,한우 미역국 정식
2023-07-12,3,7,Summer,0,0,0,담하,한우 미역국 정식
2023-07-13,0,7,Summer,0,0,0,담하,한우 미역국 정식
2023-07-14,0,7,Summer,0,0,0,담하,한우 미역국 정식
2023-07-15,2,7,Summer,1,0,1,담하,한우 미역국 정식
2023-07-16,12,7,Summer,1,0,1,담하,한우 미역국 정식
2023-07-17,1,7,Summer,0,0,0,담하,한우 미역국 정식
2023-07-18,3,7,Summer,0,0,0,담하,한우 미역국 정식
2023-07-19,0,7,Summer,0,0,0,담하,한우 미역국 정식
2023-07-20,0,7,Summer,0,0,0,담하,한우 미역국 정식
2023-07-21,5,7,Summer,0,0,0,담하,한우 미역국 정식
2023-07-22,4,7,Summer,1,0,1,담하,한우 미역국 정식
2023-07-23,6,7,Summer,1,0,1,담하,한우 미역국 정식
2023-07-24,0,7,Summer,0,0,0,담하,한우 미역국 정식
2023-07-25,5,7,Summer,0,0,0,담하,한우 미역국 정식
2023-07-26,2,7,Summer,0,0,0,담하,한우 미역국 정식
2023-07-27,7,7,Summer,0,0,0,담하,한우 미역국 정식
2023-07-28,9,7,Summer,0,0,0,담하,한우 미역국 정식
2023-07-29,11,7,Summer,1,0,1,담하,한우 미역국 정식
2023-07-30,7,7,Summer,1,0,1,담하,한우 미역국 정식
2023-07-31,9,7,Summer,0,0,0,담하,한우 미역국 정식
2023-08-01,7,8,Summer,0,0,0,담하,한우 미역국 정식
2023-08-02,8,8,Summer,0,0,0,담하,한우 미역국 정식
2023-08-03,2,8,Summer,0,0,0,담하,한우 미역국 정식
2023-08-04,12,8,Summer,0,0,0,담하,한우 미역국 정식
2023-08-05,4,8,Summer,1,0,1,담하,한우 미역국 정식
2023-08-06,10,8,Summer,1,0,1,담하,한우 미역국 정식
2023-08-07,5,8,Summer,0,0,0,담하,한우 미역국 정식
2023-08-08,5,8,Summer,0,0,0,담하,한우 미역국 정식
2023-08-09,12,8,Summer,0,0,0,담하,한우 미역국 정식
2023-08-10,1,8,Summer,0,0,0,담하,한우 미역국 정식
2023-08-11,0,8,Summer,0,0,0,담하,한우 미역국 정식
2023-08-12,8,8,Summer,1,0,1,담하,한우 미역국 정식
2023-08-13,17,8,Summer,1,0,1,담하,한우 미역국 정식
2023-08-14,22,8,Summer,0,0,0,담하,한우 미역국 정식
2023-08-15,20,8,Summer,0,1,1,담하,한우 미역국 정식
2023-08-16,6,8,Summer,0,0,0,담하,한우 미역국 정식
2023-08-17,2,8,Summer,0,0,0,담하,한우 미역국 정식
2023-08-18,1,8,Summer,0,0,0,담하,한우 미역국 정식
2023-08-19,4,8,Summer,1,0,1,담하,한우 미역국 정식
2023-08-20,16,8,Summer,1,0,1,담하,한우 미역국 정식
2023-08-21,4,8,Summer,0,0,0,담하,한우 미역국 정식
2023-08-22,3,8,Summer,0,0,0,담하,한우 미역국 정식
2023-08-23,1,8,Summer,0,0,0,담하,한우 미역국 정식
2023-08-24,0,8,Summer,0,0,0,담하,한우 미역국 정식
2023-08-25,2,8,Summer,0,0,0,담하,한우 미역국 정식
2023-08-26,3,8,Summer,1,0,1,담하,한우 미역국 정식
2023-08-27,5,8,Summer,1,0,1,담하,한우 미역국 정식
2023-08-28,5,8,Summer,0,0,0,담하,한우 미역국 정식
2023-08-29,0,8,Summer,0,0,0,담하,한우 미역국 정식
2023-08-30,1,8,Summer,0,0,0,담하,한우 미역국 정식
2023-08-31,0,8,Summer,0,0,0,담하,한우 미역국 정식
2023-09-01,3,9,Autumn,0,0,0,담하,한우 미역국 정식
2023-09-02,5,9,Autumn,1,0,1,담하,한우 미역국 정식
2023-09-03,40,9,Autumn,1,0,1,담하,한우 미역국 정식
2023-09-04,1,9,Autumn,0,0,0,담하,한우 미역국 정식
2023-09-05,2,9,Autumn,0,0,0,담하,한우 미역국 정식
2023-09-06,1,9,Autumn,0,0,0,담하,한우 미역국 정식
2023-09-07,0,9,Autumn,0,0,0,담하,한우 미역국 정식
2023-09-08,7,9,Autumn,0,0,0,담하,한우 미역국 정식
2023-09-09,20,9,Autumn,1,0,1,담하,한우 미역국 정식
2023-09-10,19,9,Autumn,1,0,1,담하,한우 미역국 정식
2023-09-11,1,9,Autumn,0,0,0,담하,한우 미역국 정식
2023-09-12,0,9,Autumn,0,0,0,담하,한우 미역국 정식
2023-09-13,2,9,Autumn,0,0,0,담하,한우 미역국 정식
2023-09-14,1,9,Autumn,0,0,0,담하,한우 미역국 정식
2023-09-15,4,9,Autumn,0,0,0,담하,한우 미역국 정식
2023-09-16,9,9,Autumn,1,0,1,담하,한우 미역국 정식
2023-09-17,32,9,Autumn,1,0,1,담하,한우 미역국 정식
2023-09-18,10,9,Autumn,0,0,0,담하,한우 미역국 정식
2023-09-19,4,9,Autumn,0,0,0,담하,한우 미역국 정식
2023-09-20,0,9,Autumn,0,0,0,담하,한우 미역국 정식
2023-09-21,1,9,Autumn,0,0,0,담하,한우 미역국 정식
2023-09-22,5,9,Autumn,0,0,0,담하,한우 미역국 정식
2023-09-23,17,9,Autumn,1,0,1,담하,한우 미역국 정식
2023-09-24,17,9,Autumn,1,0,1,담하,한우 미역국 정식
2023-09-25,1,9,Autumn,0,0,0,담하,한우 미역국 정식
2023-09-26,3,9,Autumn,0,0,0,담하,한우 미역국 정식
2023-09-27,1,9,Autumn,0,0,0,담하,한우 미역국 정식
2023-09-28,21,9,Autumn,0,1,1,담하,한우 미역국 정식
2023-09-29,45,9,Autumn,0,1,1,담하,한우 미역국 정식
2023-09-30,29,9,Autumn,1,1,1,담하,한우 미역국 정식
2023-10-01,21,10,Autumn,1,0,1,담하,한우 미역국 정식
2023-10-02,31,10,Autumn,0,1,1,담하,한우 미역국 정식
2023-10-03,26,10,Autumn,0,1,1,담하,한우 미역국 정식
2023-10-04,7,10,Autumn,0,0,0,담하,한우 미역국 정식
2023-10-05,5,10,Autumn,0,0,0,담하,한우 미역국 정식
2023-10-06,9,10,Autumn,0,0,0,담하,한우 미역국 정식
2023-10-07,15,10,Autumn,1,0,1,담하,한우 미역국 정식
2023-10-08,30,10,Autumn,1,0,1,담하,한우 미역국 정식
2023-10-09,24,10,Autumn,0,1,1,담하,한우 미역국 정식
2023-10-10,10,10,Autumn,0,0,0,담하,한우 미역국 정식
2023-10-11,9,10,Autumn,0,0,0,담하,한우 미역국 정식
2023-10-12,3,10,Autumn,0,0,0,담하,한우 미역국 정식
2023-10-13,7,10,Autumn,0,0,0,담하,한우 미역국 정식
2023-10-14,12,10,Autumn,1,0,1,담하,한우 미역국 정식
2023-10-15,18,10,Autumn,1,0,1,담하,한우 미역국 정식
2023-10-16,15,10,Autumn,0,0,0,담하,한우 미역국 정식
2023-10-17,11,10,Autumn,0,0,0,담하,한우 미역국 정식
2023-10-18,7,10,Autumn,0,0,0,담하,한우 미역국 정식
2023-10-19,19,10,Autumn,0,0,0,담하,한우 미역국 정식
2023-10-20,21,10,Autumn,0,0,0,담하,한우 미역국 정식
2023-10-21,22,10,Autumn,1,0,1,담하,한우 미역국 정식
2023-10-22,29,10,Autumn,1,0,1,담하,한우 미역국 정식
2023-10-23,18,10,Autumn,0,0,0,담하,한우 미역국 정식
2023-10-24,2,10,Autumn,0,0,0,담하,한우 미역국 정식
2023-10-25,7,10,Autumn,0,0,0,담하,한우 미역국 정식
2023-10-26,4,10,Autumn,0,0,0,담하,한우 미역국 정식
2023-10-27,6,10,Autumn,0,0,0,담하,한우 미역국 정식
2023-10-28,29,10,Autumn,1,0,1,담하,한우 미역국 정식
2023-10-29,23,10,Autumn,1,0,1,담하,한우 미역국 정식
2023-10-30,15,10,Autumn,0,0,0,담하,한우 미역국 정식
2023-10-31,14,10,Autumn,0,0,0,담하,한우 미역국 정식
2023-11-01,11,11,Autumn,0,0,0,담하,한우 미역국 정식
2023-11-02,11,11,Autumn,0,0,0,담하,한우 미역국 정식
2023-11-03,5,11,Autumn,0,0,0,담하,한우 미역국 정식
2023-11-04,12,11,Autumn,1,0,1,담하,한우 미역국 정식
2023-11-05,23,11,Autumn,1,0,1,담하,한우 미역국 정식
2023-11-06,31,11,Autumn,0,0,0,담하,한우 미역국 정식
2023-11-07,11,11,Autumn,0,0,0,담하,한우 미역국 정식
2023-11-08,2,11,Autumn,0,0,0,담하,한우 미역국 정식
2023-11-09,5,11,Autumn,0,0,0,담하,한우 미역국 정식
2023-11-10,1,11,Autumn,0,0,0,담하,한우 미역국 정식
2023-11-11,8,11,Autumn,1,0,1,담하,한우 미역국 정식
2023-11-12,26,11,Autumn,1,0,1,담하,한우 미역국 정식
2023-11-13,2,11,Autumn,0,0,0,담하,한우 미역국 정식
2023-11-14,2,11,Autumn,0,0,0,담하,한우 미역국 정식
2023-11-15,10,11,Autumn,0,0,0,담하,한우 미역국 정식
2023-11-16,5,11,Autumn,0,0,0,담하,한우 미역국 정식
2023-11-17,2,11,Autumn,0,0,0,담하,한우 미역국 정식
2023-11-18,16,11,Autumn,1,0,1,담하,한우 미역국 정식
2023-11-19,12,11,Autumn,1,0,1,담하,한우 미역국 정식
2023-11-20,5,11,Autumn,0,0,0,담하,한우 미역국 정식
2023-11-21,4,11,Autumn,0,0,0,담하,한우 미역국 정식
2023-11-22,3,11,Autumn,0,0,0,담하,한우 미역국 정식
2023-11-23,0,11,Autumn,0,0,0,담하,한우 미역국 정식
2023-11-24,5,11,Autumn,0,0,0,담하,한우 미역국 정식
2023-11-25,13,11,Autumn,1,0,1,담하,한우 미역국 정식
2023-11-26,8,11,Autumn,1,0,1,담하,한우 미역국 정식
2023-11-27,6,11,Autumn,0,0,0,담하,한우 미역국 정식
2023-11-28,0,11,Autumn,0,0,0,담하,한우 미역국 정식
2023-11-29,0,11,Autumn,0,0,0,담하,한우 미역국 정식
2023-11-30,0,11,Autumn,0,0,0,담하,한우 미역국 정식
2023-12-01,0,12,Winter,0,0,0,담하,한우 미역국 정식
2023-12-02,1,12,Winter,1,0,1,담하,한우 미역국 정식
2023-12-03,4,12,Winter,1,0,1,담하,한우 미역국 정식
2023-12-04,1,12,Winter,0,0,0,담하,한우 미역국 정식
2023-12-05,4,12,Winter,0,0,0,담하,한우 미역국 정식
2023-12-06,0,12,Winter,0,0,0,담하,한우 미역국 정식
2023-12-07,2,12,Winter,0,0,0,담하,한우 미역국 정식
2023-12-08,0,12,Winter,0,0,0,담하,한우 미역국 정식
2023-12-09,6,12,Winter,1,0,1,담하,한우 미역국 정식
2023-12-10,6,12,Winter,1,0,1,담하,한우 미역국 정식
2023-12-11,1,12,Winter,0,0,0,담하,한우 미역국 정식
2023-12-12,0,12,Winter,0,0,0,담하,한우 미역국 정식
2023-12-13,5,12,Winter,0,0,0,담하,한우 미역국 정식
2023-12-14,1,12,Winter,0,0,0,담하,한우 미역국 정식
2023-12-15,4,12,Winter,0,0,0,담하,한우 미역국 정식
2023-12-16,5,12,Winter,1,0,1,담하,한우 미역국 정식
2023-12-17,9,12,Winter,1,0,1,담하,한우 미역국 정식
2023-12-18,25,12,Winter,0,0,0,담하,한우 미역국 정식
2023-12-19,2,12,Winter,0,0,0,담하,한우 미역국 정식
2023-12-20,4,12,Winter,0,0,0,담하,한우 미역국 정식
2023-12-21,6,12,Winter,0,0,0,담하,한우 미역국 정식
2023-12-22,5,12,Winter,0,0,0,담하,한우 미역국 정식
2023-12-23,12,12,Winter,1,0,1,담하,한우 미역국 정식
2023-12-24,10,12,Winter,1,0,1,담하,한우 미역국 정식
2023-12-25,3,12,Winter,0,1,1,담하,한우 미역국 정식
2023-12-26,11,12,Winter,0,0,0,담하,한우 미역국 정식
2023-12-27,6,12,Winter,0,0,0,담하,한우 미역국 정식
2023-12-28,6,12,Winter,0,0,0,담하,한우 미역국 정식
2023-12-29,12,12,Winter,0,0,0,담하,한우 미역국 정식
2023-12-30,5,12,Winter,1,0,1,담하,한우 미역국 정식
2023-12-31,15,12,Winter,1,0,1,담하,한우 미역국 정식
2024-01-01,10,1,Winter,0,1,1,담하,한우 미역국 정식
2024-01-02,7,1,Winter,0,0,0,담하,한우 미역국 정식
2024-01-03,3,1,Winter,0,0,0,담하,한우 미역국 정식
2024-01-04,8,1,Winter,0,0,0,담하,한우 미역국 정식
2024-01-05,6,1,Winter,0,0,0,담하,한우 미역국 정식
2024-01-06,1,1,Winter,1,0,1,담하,한우 미역국 정식
2024-01-07,6,1,Winter,1,0,1,담하,한우 미역국 정식
2024-01-08,3,1,Winter,0,0,0,담하,한우 미역국 정식
2024-01-09,12,1,Winter,0,0,0,담하,한우 미역국 정식
2024-01-10,6,1,Winter,0,0,0,담하,한우 미역국 정식
2024-01-11,5,1,Winter,0,0,0,담하,한우 미역국 정식
2024-01-12,3,1,Winter,0,0,0,담하,한우 미역국 정식
2024-01-13,11,1,Winter,1,0,1,담하,한우 미역국 정식
2024-01-14,5,1,Winter,1,0,1,담하,한우 미역국 정식
2024-01-15,13,1,Winter,0,0,0,담하,한우 미역국 정식
2024-01-16,1,1,Winter,0,0,0,담하,한우 미역국 정식
2024-01-17,9,1,Winter,0,0,0,담하,한우 미역국 정식
2024-01-18,7,1,Winter,0,0,0,담하,한우 미역국 정식
2024-01-19,4,1,Winter,0,0,0,담하,한우 미역국 정식
2024-01-20,12,1,Winter,1,0,1,담하,한우 미역국 정식
2024-01-21,6,1,Winter,1,0,1,담하,한우 미역국 정식
2024-01-22,12,1,Winter,0,0,0,담하,한우 미역국 정식
2024-01-23,6,1,Winter,0,0,0,담하,한우 미역국 정식
2024-01-24,7,1,Winter,0,0,0,담하,한우 미역국 정식
2024-01-25,1,1,Winter,0,0,0,담하,한우 미역국 정식
2024-01-26,4,1,Winter,0,0,0,담하,한우 미역국 정식
2024-01-27,7,1,Winter,1,0,1,담하,한우 미역국 정식
2024-01-28,10,1,Winter,1,0,1,담하,한우 미역국 정식
2024-01-29,11,1,Winter,0,0,0,담하,한우 미역국 정식
2024-01-30,8,1,Winter,0,0,0,담하,한우 미역국 정식
2024-01-31,1,1,Winter,0,0,0,담하,한우 미역국 정식
2024-02-01,2,2,Winter,0,0,0,담하,한우 미역국 정식
2024-02-02,4,2,Winter,0,0,0,담하,한우 미역국 정식
2024-02-03,3,2,Winter,1,0,1,담하,한우 미역국 정식
2024-02-04,10,2,Winter,1,0,1,담하,한우 미역국 정식
2024-02-05,3,2,Winter,0,0,0,담하,한우 미역국 정식
2024-02-06,5,2,Winter,0,0,0,담하,한우 미역국 정식
2024-02-07,2,2,Winter,0,0,0,담하,한우 미역국 정식
2024-02-08,1,2,Winter,0,0,0,담하,한우 미역국 정식
2024-02-09,8,2,Winter,0,1,1,담하,한우 미역국 정식
2024-02-10,16,2,Winter,1,1,1,담하,한우 미역국 정식
2024-02-11,10,2,Winter,1,1,1,담하,한우 미역국 정식
2024-02-12,17,2,Winter,0,1,1,담하,한우 미역국 정식
2024-02-13,10,2,Winter,0,0,0,담하,한우 미역국 정식
2024-02-14,4,2,Winter,0,0,0,담하,한우 미역국 정식
2024-02-15,4,2,Winter,0,0,0,담하,한우 미역국 정식
2024-02-16,4,2,Winter,0,0,0,담하,한우 미역국 정식
2024-02-17,6,2,Winter,1,0,1,담하,한우 미역국 정식
2024-02-18,8,2,Winter,1,0,1,담하,한우 미역국 정식
2024-02-19,10,2,Winter,0,0,0,담하,한우 미역국 정식
2024-02-20,2,2,Winter,0,0,0,담하,한우 미역국 정식
2024-02-21,1,2,Winter,0,0,0,담하,한우 미역국 정식
2024-02-22,2,2,Winter,0,0,0,담하,한우 미역국 정식
2024-02-23,0,2,Winter,0,0,0,담하,한우 미역국 정식
2024-02-24,9,2,Winter,1,0,1,담하,한우 미역국 정식
2024-02-25,14,2,Winter,1,0,1,담하,한우 미역국 정식
2024-02-26,7,2,Winter,0,0,0,담하,한우 미역국 정식
2024-02-27,3,2,Winter,0,0,0,담하,한우 미역국 정식
2024-02-28,5,2,Winter,0,0,0,담하,한우 미역국 정식
2024-02-29,3,2,Winter,0,0,0,담하,한우 미역국 정식
2024-03-01,12,3,Spring,0,1,1,담하,한우 미역국 정식
2024-03-02,9,3,Spring,1,0,1,담하,한우 미역국 정식
2024-03-03,9,3,Spring,1,0,1,담하,한우 미역국 정식
2024-03-04,0,3,Spring,0,0,0,담하,한우 미역국 정식
2024-03-05,0,3,Spring,0,0,0,담하,한우 미역국 정식
2024-03-06,0,3,Spring,0,0,0,담하,한우 미역국 정식
2024-03-07,0,3,Spring,0,0,0,담하,한우 미역국 정식
2024-03-08,0,3,Spring,0,0,0,담하,한우 미역국 정식
2024-03-09,0,3,Spring,1,0,1,담하,한우 미역국 정식
2024-03-10,0,3,Spring,1,0,1,담하,한우 미역국 정식
2024-03-11,0,3,Spring,0,0,0,담하,한우 미역국 정식
2024-03-12,0,3,Spring,0,0,0,담하,한우 미역국 정식
2024-03-13,0,3,Spring,0,0,0,담하,한우 미역국 정식
2024-03-14,0,3,Spring,0,0,0,담하,한우 미역국 정식
2024-03-15,30,3,Spring,0,0,0,담하,한우 미역국 정식
2024-03-16,1,3,Spring,1,0,1,담하,한우 미역국 정식
2024-03-17,3,3,Spring,1,0,1,담하,한우 미역국 정식
2024-03-18,0,3,Spring,0,0,0,담하,한우 미역국 정식
2024-03-19,1,3,Spring,0,0,0,담하,한우 미역국 정식
2024-03-20,0,3,Spring,0,0,0,담하,한우 미역국 정식
2024-03-21,19,3,Spring,0,0,0,담하,한우 미역국 정식
2024-03-22,0,3,Spring,0,0,0,담하,한우 미역국 정식
2024-03-23,0,3,Spring,1,0,1,담하,한우 미역국 정식
2024-03-24,10,3,Spring,1,0,1,담하,한우 미역국 정식
2024-03-25,0,3,Spring,0,0,0,담하,한우 미역국 정식
2024-03-26,0,3,Spring,0,0,0,담하,한우 미역국 정식
2024-03-27,0,3,Spring,0,0,0,담하,한우 미역국 정식
2024-03-28,1,3,Spring,0,0,0,담하,한우 미역국 정식
2024-03-29,1,3,Spring,0,0,0,담하,한우 미역국 정식
2024-03-30,3,3,Spring,1,0,1,담하,한우 미역국 정식
2024-03-31,5,3,Spring,1,0,1,담하,한우 미역국 정식
2024-04-01,2,4,Spring,0,0,0,담하,한우 미역국 정식
2024-04-02,2,4,Spring,0,0,0,담하,한우 미역국 정식
2024-04-03,1,4,Spring,0,0,0,담하,한우 미역국 정식
2024-04-04,2,4,Spring,0,0,0,담하,한우 미역국 정식
2024-04-05,2,4,Spring,0,0,0,담하,한우 미역국 정식
2024-04-06,6,4,Spring,1,0,1,담하,한우 미역국 정식
2024-04-07,7,4,Spring,1,0,1,담하,한우 미역국 정식
2024-04-08,1,4,Spring,0,0,0,담하,한우 미역국 정식
2024-04-09,2,4,Spring,0,0,0,담하,한우 미역국 정식
2024-04-10,9,4,Spring,0,1,1,담하,한우 미역국 정식
2024-04-11,9,4,Spring,0,0,0,담하,한우 미역국 정식
2024-04-12,14,4,Spring,0,0,0,담하,한우 미역국 정식
2024-04-13,12,4,Spring,1,0,1,담하,한우 미역국 정식
2024-04-14,18,4,Spring,1,0,1,담하,한우 미역국 정식
2024-04-15,2,4,Spring,0,0,0,담하,한우 미역국 정식
2024-04-16,7,4,Spring,0,0,0,담하,한우 미역국 정식
2024-04-17,0,4,Spring,0,0,0,담하,한우 미역국 정식
2024-04-18,7,4,Spring,0,0,0,담하,한우 미역국 정식
2024-04-19,3,4,Spring,0,0,0,담하,한우 미역국 정식
2024-04-20,27,4,Spring,1,0,1,담하,한우 미역국 정식
2024-04-21,15,4,Spring,1,0,1,담하,한우 미역국 정식
2024-04-22,2,4,Spring,0,0,0,담하,한우 미역국 정식
2024-04-23,4,4,Spring,0,0,0,담하,한우 미역국 정식
2024-04-24,1,4,Spring,0,0,0,담하,한우 미역국 정식
2024-04-25,5,4,Spring,0,0,0,담하,한우 미역국 정식
2024-04-26,6,4,Spring,0,0,0,담하,한우 미역국 정식
2024-04-27,8,4,Spring,1,0,1,담하,한우 미역국 정식
2024-04-28,25,4,Spring,1,0,1,담하,한우 미역국 정식
2024-04-29,5,4,Spring,0,0,0,담하,한우 미역국 정식
2024-04-30,0,4,Spring,0,0,0,담하,한우 미역국 정식
2024-05-01,6,5,Spring,0,0,0,담하,한우 미역국 정식
2024-05-02,4,5,Spring,0,0,0,담하,한우 미역국 정식
2024-05-03,2,5,Spring,0,0,0,담하,한우 미역국 정식
2024-05-04,7,5,Spring,1,0,1,담하,한우 미역국 정식
2024-05-05,25,5,Spring,1,1,1,담하,한우 미역국 정식
2024-05-06,11,5,Spring,0,1,1,담하,한우 미역국 정식
2024-05-07,2,5,Spring,0,0,0,담하,한우 미역국 정식
2024-05-08,1,5,Spring,0,0,0,담하,한우 미역국 정식
2024-05-09,2,5,Spring,0,0,0,담하,한우 미역국 정식
2024-05-10,6,5,Spring,0,0,0,담하,한우 미역국 정식
2024-05-11,14,5,Spring,1,0,1,담하,한우 미역국 정식
2024-05-12,12,5,Spring,1,0,1,담하,한우 미역국 정식
2024-05-13,2,5,Spring,0,0,0,담하,한우 미역국 정식
2024-05-14,2,5,Spring,0,0,0,담하,한우 미역국 정식
2024-05-15,4,5,Spring,0,1,1,담하,한우 미역국 정식
2024-05-16,1,5,Spring,0,0,0,담하,한우 미역국 정식
2024-05-17,11,5,Spring,0,0,0,담하,한우 미역국 정식
2024-05-18,2,5,Spring,1,0,1,담하,한우 미역국 정식
2024-05-19,5,5,Spring,1,0,1,담하,한우 미역국 정식
2024-05-20,11,5,Spring,0,0,0,담하,한우 미역국 정식
2024-05-21,13,5,Spring,0,0,0,담하,한우 미역국 정식
2024-05-22,15,5,Spring,0,0,0,담하,한우 미역국 정식
2024-05-23,4,5,Spring,0,0,0,담하,한우 미역국 정식
2024-05-24,0,5,Spring,0,0,0,담하,한우 미역국 정식
2024-05-25,9,5,Spring,1,0,1,담하,한우 미역국 정식
2024-05-26,12,5,Spring,1,0,1,담하,한우 미역국 정식
2024-05-27,0,5,Spring,0,0,0,담하,한우 미역국 정식
2024-05-28,1,5,Spring,0,0,0,담하,한우 미역국 정식
2024-05-29,0,5,Spring,0,0,0,담하,한우 미역국 정식
2024-05-30,0,5,Spring,0,0,0,담하,한우 미역국 정식
2024-05-31,17,5,Spring,0,0,0,담하,한우 미역국 정식
2024-06-01,4,6,Summer,1,0,1,담하,한우 미역국 정식
2024-06-02,14,6,Summer,1,0,1,담하,한우 미역국 정식
2024-06-03,2,6,Summer,0,0,0,담하,한우 미역국 정식
2024-06-04,0,6,Summer,0,0,0,담하,한우 미역국 정식
2024-06-05,0,6,Summer,0,0,0,담하,한우 미역국 정식
2024-06-06,12,6,Summer,0,1,1,담하,한우 미역국 정식
2024-06-07,17,6,Summer,0,0,0,담하,한우 미역국 정식
2024-06-08,10,6,Summer,1,0,1,담하,한우 미역국 정식
2024-06-09,13,6,Summer,1,0,1,담하,한우 미역국 정식
2024-06-10,1,6,Summer,0,0,0,담하,한우 미역국 정식
2024-06-11,0,6,Summer,0,0,0,담하,한우 미역국 정식
2024-06-12,0,6,Summer,0,0,0,담하,한우 미역국 정식
2024-06-13,2,6,Summer,0,0,0,담하,한우 미역국 정식
2024-06-14,3,6,Summer,0,0,0,담하,한우 미역국 정식
2024-06-15,8,6,Summer,1,0,1,담하,한우 미역국 정식
2023-01-01,14,1,Winter,1,1,1,담하,한우 우거지 국밥
2023-01-02,14,1,Winter,0,0,0,담하,한우 우거지 국밥
2023-01-03,1,1,Winter,0,0,0,담하,한우 우거지 국밥
2023-01-04,1,1,Winter,0,0,0,담하,한우 우거지 국밥
2023-01-05,10,1,Winter,0,0,0,담하,한우 우거지 국밥
2023-01-06,7,1,Winter,0,0,0,담하,한우 우거지 국밥
2023-01-07,24,1,Winter,1,0,1,담하,한우 우거지 국밥
2023-01-08,5,1,Winter,1,0,1,담하,한우 우거지 국밥
2023-01-09,18,1,Winter,0,0,0,담하,한우 우거지 국밥
2023-01-10,11,1,Winter,0,0,0,담하,한우 우거지 국밥
2023-01-11,11,1,Winter,0,0,0,담하,한우 우거지 국밥
2023-01-12,10,1,Winter,0,0,0,담하,한우 우거지 국밥
2023-01-13,7,1,Winter,0,0,0,담하,한우 우거지 국밥
2023-01-14,31,1,Winter,1,0,1,담하,한우 우거지 국밥
2023-01-15,7,1,Winter,1,0,1,담하,한우 우거지 국밥
2023-01-16,12,1,Winter,0,0,0,담하,한우 우거지 국밥
2023-01-17,3,1,Winter,0,0,0,담하,한우 우거지 국밥
2023-01-18,1,1,Winter,0,0,0,담하,한우 우거지 국밥
2023-01-19,6,1,Winter,0,0,0,담하,한우 우거지 국밥
2023-01-20,0,1,Winter,0,0,0,담하,한우 우거지 국밥
2023-01-21,10,1,Winter,1,1,1,담하,한우 우거지 국밥
2023-01-22,13,1,Winter,1,1,1,담하,한우 우거지 국밥
2023-01-23,44,1,Winter,0,1,1,담하,한우 우거지 국밥
2023-01-24,11,1,Winter,0,1,1,담하,한우 우거지 국밥
2023-01-25,11,1,Winter,0,0,0,담하,한우 우거지 국밥
2023-01-26,11,1,Winter,0,0,0,담하,한우 우거지 국밥
2023-01-27,2,1,Winter,0,0,0,담하,한우 우거지 국밥
2023-01-28,14,1,Winter,1,0,1,담하,한우 우거지 국밥
2023-01-29,9,1,Winter,1,0,1,담하,한우 우거지 국밥
2023-01-30,2,1,Winter,0,0,0,담하,한우 우거지 국밥
2023-01-31,9,1,Winter,0,0,0,담하,한우 우거지 국밥
2023-02-01,4,2,Winter,0,0,0,담하,한우 우거지 국밥
2023-02-02,4,2,Winter,0,0,0,담하,한우 우거지 국밥
2023-02-03,1,2,Winter,0,0,0,담하,한우 우거지 국밥
2023-02-04,3,2,Winter,1,0,1,담하,한우 우거지 국밥
2023-02-05,3,2,Winter,1,0,1,담하,한우 우거지 국밥
2023-02-06,7,2,Winter,0,0,0,담하,한우 우거지 국밥
2023-02-07,5,2,Winter,0,0,0,담하,한우 우거지 국밥
2023-02-08,2,2,Winter,0,0,0,담하,한우 우거지 국밥
2023-02-09,40,2,Winter,0,0,0,담하,한우 우거지 국밥
2023-02-10,4,2,Winter,0,0,0,담하,한우 우거지 국밥
2023-02-11,18,2,Winter,1,0,1,담하,한우 우거지 국밥
2023-02-12,8,2,Winter,1,0,1,담하,한우 우거지 국밥
2023-02-13,5,2,Winter,0,0,0,담하,한우 우거지 국밥
2023-02-14,5,2,Winter,0,0,0,담하,한우 우거지 국밥
2023-02-15,5,2,Winter,0,0,0,담하,한우 우거지 국밥
2023-02-16,2,2,Winter,0,0,0,담하,한우 우거지 국밥
2023-02-17,11,2,Winter,0,0,0,담하,한우 우거지 국밥
2023-02-18,4,2,Winter,1,0,1,담하,한우 우거지 국밥
2023-02-19,11,2,Winter,1,0,1,담하,한우 우거지 국밥
2023-02-20,11,2,Winter,0,0,0,담하,한우 우거지 국밥
2023-02-21,2,2,Winter,0,0,0,담하,한우 우거지 국밥
2023-02-22,3,2,Winter,0,0,0,담하,한우 우거지 국밥
2023-02-23,8,2,Winter,0,0,0,담하,한우 우거지 국밥
2023-02-24,5,2,Winter,0,0,0,담하,한우 우거지 국밥
2023-02-25,6,2,Winter,1,0,1,담하,한우 우거지 국밥
2023-02-26,23,2,Winter,1,0,1,담하,한우 우거지 국밥
2023-02-27,17,2,Winter,0,0,0,담하,한우 우거지 국밥
2023-02-28,5,2,Winter,0,0,0,담하,한우 우거지 국밥
2023-03-01,3,3,Spring,0,1,1,담하,한우 우거지 국밥
2023-03-02,0,3,Spring,0,0,0,담하,한우 우거지 국밥
2023-03-03,0,3,Spring,0,0,0,담하,한우 우거지 국밥
2023-03-04,0,3,Spring,1,0,1,담하,한우 우거지 국밥
2023-03-05,0,3,Spring,1,0,1,담하,한우 우거지 국밥
2023-03-06,0,3,Spring,0,0,0,담하,한우 우거지 국밥
2023-03-07,0,3,Spring,0,0,0,담하,한우 우거지 국밥
2023-03-08,0,3,Spring,0,0,0,담하,한우 우거지 국밥
2023-03-09,0,3,Spring,0,0,0,담하,한우 우거지 국밥
2023-03-10,0,3,Spring,0,0,0,담하,한우 우거지 국밥
2023-03-11,1,3,Spring,1,0,1,담하,한우 우거지 국밥
2023-03-12,2,3,Spring,1,0,1,담하,한우 우거지 국밥
2023-03-13,4,3,Spring,0,0,0,담하,한우 우거지 국밥
2023-03-14,0,3,Spring,0,0,0,담하,한우 우거지 국밥
2023-03-15,2,3,Spring,0,0,0,담하,한우 우거지 국밥
2023-03-16,3,3,Spring,0,0,0,담하,한우 우거지 국밥
2023-03-17,2,3,Spring,0,0,0,담하,한우 우거지 국밥
2023-03-18,4,3,Spring,1,0,1,담하,한우 우거지 국밥
2023-03-19,8,3,Spring,1,0,1,담하,한우 우거지 국밥
2023-03-20,2,3,Spring,0,0,0,담하,한우 우거지 국밥
2023-03-21,0,3,Spring,0,0,0,담하,한우 우거지 국밥
2023-03-22,0,3,Spring,0,0,0,담하,한우 우거지 국밥
2023-03-23,0,3,Spring,0,0,0,담하,한우 우거지 국밥
2023-03-24,0,3,Spring,0,0,0,담하,한우 우거지 국밥
2023-03-25,5,3,Spring,1,0,1,담하,한우 우거지 국밥
2023-03-26,6,3,Spring,1,0,1,담하,한우 우거지 국밥
2023-03-27,5,3,Spring,0,0,0,담하,한우 우거지 국밥
2023-03-28,0,3,Spring,0,0,0,담하,한우 우거지 국밥
2023-03-29,0,3,Spring,0,0,0,담하,한우 우거지 국밥
2023-03-30,1,3,Spring,0,0,0,담하,한우 우거지 국밥
2023-03-31,3,3,Spring,0,0,0,담하,한우 우거지 국밥
2023-04-01,9,4,Spring,1,0,1,담하,한우 우거지 국밥
2023-04-02,29,4,Spring,1,0,1,담하,한우 우거지 국밥
2023-04-03,7,4,Spring,0,0,0,담하,한우 우거지 국밥
2023-04-04,9,4,Spring,0,0,0,담하,한우 우거지 국밥
2023-04-05,0,4,Spring,0,0,0,담하,한우 우거지 국밥
2023-04-06,13,4,Spring,0,0,0,담하,한우 우거지 국밥
2023-04-07,7,4,Spring,0,0,0,담하,한우 우거지 국밥
2023-04-08,14,4,Spring,1,0,1,담하,한우 우거지 국밥
2023-04-09,28,4,Spring,1,0,1,담하,한우 우거지 국밥
2023-04-10,8,4,Spring,0,0,0,담하,한우 우거지 국밥
2023-04-11,1,4,Spring,0,0,0,담하,한우 우거지 국밥
2023-04-12,7,4,Spring,0,0,0,담하,한우 우거지 국밥
2023-04-13,7,4,Spring,0,0,0,담하,한우 우거지 국밥
2023-04-14,12,4,Spring,0,0,0,담하,한우 우거지 국밥
2023-04-15,15,4,Spring,1,0,1,담하,한우 우거지 국밥
2023-04-16,33,4,Spring,1,0,1,담하,한우 우거지 국밥
2023-04-17,0,4,Spring,0,0,0,담하,한우 우거지 국밥
2023-04-18,9,4,Spring,0,0,0,담하,한우 우거지 국밥
2023-04-19,17,4,Spring,0,0,0,담하,한우 우거지 국밥
2023-04-20,2,4,Spring,0,0,0,담하,한우 우거지 국밥
2023-04-21,19,4,Spring,0,0,0,담하,한우 우거지 국밥
2023-04-22,16,4,Spring,1,0,1,담하,한우 우거지 국밥
2023-04-23,34,4,Spring,1,0,1,담하,한우 우거지 국밥
2023-04-24,19,4,Spring,0,0,0,담하,한우 우거지 국밥
2023-04-25,14,4,Spring,0,0,0,담하,한우 우거지 국밥
2023-04-26,7,4,Spring,0,0,0,담하,한우 우거지 국밥
2023-04-27,8,4,Spring,0,0,0,담하,한우 우거지 국밥
2023-04-28,13,4,Spring,0,0,0,담하,한우 우거지 국밥
2023-04-29,1,4,Spring,1,0,1,담하,한우 우거지 국밥
2023-04-30,34,4,Spring,1,0,1,담하,한우 우거지 국밥
2023-05-01,25,5,Spring,0,0,0,담하,한우 우거지 국밥
2023-05-02,5,5,Spring,0,0,0,담하,한우 우거지 국밥
2023-05-03,6,5,Spring,0,0,0,담하,한우 우거지 국밥
2023-05-04,3,5,Spring,0,0,0,담하,한우 우거지 국밥
2023-05-05,34,5,Spring,0,1,1,담하,한우 우거지 국밥
2023-05-06,11,5,Spring,1,0,1,담하,한우 우거지 국밥
2023-05-07,16,5,Spring,1,0,1,담하,한우 우거지 국밥
2023-05-08,7,5,Spring,0,0,0,담하,한우 우거지 국밥
2023-05-09,7,5,Spring,0,0,0,담하,한우 우거지 국밥
2023-05-10,6,5,Spring,0,0,0,담하,한우 우거지 국밥
2023-05-11,4,5,Spring,0,0,0,담하,한우 우거지 국밥
2023-05-12,14,5,Spring,0,0,0,담하,한우 우거지 국밥
2023-05-13,19,5,Spring,1,0,1,담하,한우 우거지 국밥
2023-05-14,18,5,Spring,1,0,1,담하,한우 우거지 국밥
2023-05-15,12,5,Spring,0,0,0,담하,한우 우거지 국밥
2023-05-16,8,5,Spring,0,0,0,담하,한우 우거지 국밥
2023-05-17,10,5,Spring,0,0,0,담하,한우 우거지 국밥
2023-05-18,11,5,Spring,0,0,0,담하,한우 우거지 국밥
2023-05-19,14,5,Spring,0,0,0,담하,한우 우거지 국밥
2023-05-20,56,5,Spring,1,0,1,담하,한우 우거지 국밥
2023-05-21,25,5,Spring,1,0,1,담하,한우 우거지 국밥
2023-05-22,17,5,Spring,0,0,0,담하,한우 우거지 국밥
2023-05-23,2,5,Spring,0,0,0,담하,한우 우거지 국밥
2023-05-24,2,5,Spring,0,0,0,담하,한우 우거지 국밥
2023-05-25,8,5,Spring,0,0,0,담하,한우 우거지 국밥
2023-05-26,13,5,Spring,0,0,0,담하,한우 우거지 국밥
2023-05-27,25,5,Spring,1,1,1,담하,한우 우거지 국밥
2023-05-28,22,5,Spring,1,0,1,담하,한우 우거지 국밥
2023-05-29,28,5,Spring,0,1,1,담하,한우 우거지 국밥
2023-05-30,13,5,Spring,0,0,0,담하,한우 우거지 국밥
2023-05-31,13,5,Spring,0,0,0,담하,한우 우거지 국밥
2023-06-01,11,6,Summer,0,0,0,담하,한우 우거지 국밥
2023-06-02,4,6,Summer,0,0,0,담하,한우 우거지 국밥
2023-06-03,15,6,Summer,1,0,1,담하,한우 우거지 국밥
2023-06-04,33,6,Summer,1,0,1,담하,한우 우거지 국밥
2023-06-05,12,6,Summer,0,0,0,담하,한우 우거지 국밥
2023-06-06,21,6,Summer,0,1,1,담하,한우 우거지 국밥
2023-06-07,14,6,Summer,0,0,0,담하,한우 우거지 국밥
2023-06-08,0,6,Summer,0,0,0,담하,한우 우거지 국밥
2023-06-09,10,6,Summer,0,0,0,담하,한우 우거지 국밥
2023-06-10,13,6,Summer,1,0,1,담하,한우 우거지 국밥
2023-06-11,34,6,Summer,1,0,1,담하,한우 우거지 국밥
2023-06-12,2,6,Summer,0,0,0,담하,한우 우거지 국밥
2023-06-13,2,6,Summer,0,0,0,담하,한우 우거지 국밥
2023-06-14,23,6,Summer,0,0,0,담하,한우 우거지 국밥
2023-06-15,2,6,Summer,0,0,0,담하,한우 우거지 국밥
2023-06-16,3,6,Summer,0,0,0,담하,한우 우거지 국밥
2023-06-17,19,6,Summer,1,0,1,담하,한우 우거지 국밥
2023-06-18,20,6,Summer,1,0,1,담하,한우 우거지 국밥
2023-06-19,5,6,Summer,0,0,0,담하,한우 우거지 국밥
2023-06-20,2,6,Summer,0,0,0,담하,한우 우거지 국밥
2023-06-21,4,6,Summer,0,0,0,담하,한우 우거지 국밥
2023-06-22,7,6,Summer,0,0,0,담하,한우 우거지 국밥
2023-06-23,18,6,Summer,0,0,0,담하,한우 우거지 국밥
2023-06-24,46,6,Summer,1,0,1,담하,한우 우거지 국밥
2023-06-25,33,6,Summer,1,0,1,담하,한우 우거지 국밥
2023-06-26,2,6,Summer,0,0,0,담하,한우 우거지 국밥
2023-06-27,2,6,Summer,0,0,0,담하,한우 우거지 국밥
2023-06-28,3,6,Summer,0,0,0,담하,한우 우거지 국밥
2023-06-29,3,6,Summer,0,0,0,담하,한우 우거지 국밥
2023-06-30,5,6,Summer,0,0,0,담하,한우 우거지 국밥
2023-07-01,21,7,Summer,1,0,1,담하,한우 우거지 국밥
2023-07-02,10,7,Summer,1,0,1,담하,한우 우거지 국밥
2023-07-03,4,7,Summer,0,0,0,담하,한우 우거지 국밥
2023-07-04,2,7,Summer,0,0,0,담하,한우 우거지 국밥
2023-07-05,1,7,Summer,0,0,0,담하,한우 우거지 국밥
2023-07-06,3,7,Summer,0,0,0,담하,한우 우거지 국밥
2023-07-07,1,7,Summer,0,0,0,담하,한우 우거지 국밥
2023-07-08,22,7,Summer,1,0,1,담하,한우 우거지 국밥
2023-07-09,32,7,Summer,1,0,1,담하,한우 우거지 국밥
2023-07-10,8,7,Summer,0,0,0,담하,한우 우거지 국밥
2023-07-11,1,7,Summer,0,0,0,담하,한우 우거지 국밥
2023-07-12,15,7,Summer,0,0,0,담하,한우 우거지 국밥
2023-07-13,1,7,Summer,0,0,0,담하,한우 우거지 국밥
2023-07-14,9,7,Summer,0,0,0,담하,한우 우거지 국밥
2023-07-15,17,7,Summer,1,0,1,담하,한우 우거지 국밥
2023-07-16,30,7,Summer,1,0,1,담하,한우 우거지 국밥
2023-07-17,3,7,Summer,0,0,0,담하,한우 우거지 국밥
2023-07-18,6,7,Summer,0,0,0,담하,한우 우거지 국밥
2023-07-19,1,7,Summer,0,0,0,담하,한우 우거지 국밥
2023-07-20,19,7,Summer,0,0,0,담하,한우 우거지 국밥
2023-07-21,8,7,Summer,0,0,0,담하,한우 우거지 국밥
2023-07-22,18,7,Summer,1,0,1,담하,한우 우거지 국밥
2023-07-23,25,7,Summer,1,0,1,담하,한우 우거지 국밥
2023-07-24,2,7,Summer,0,0,0,담하,한우 우거지 국밥
2023-07-25,6,7,Summer,0,0,0,담하,한우 우거지 국밥
2023-07-26,3,7,Summer,0,0,0,담하,한우 우거지 국밥
2023-07-27,20,7,Summer,0,0,0,담하,한우 우거지 국밥
2023-07-28,18,7,Summer,0,0,0,담하,한우 우거지 국밥
2023-07-29,29,7,Summer,1,0,1,담하,한우 우거지 국밥
2023-07-30,11,7,Summer,1,0,1,담하,한우 우거지 국밥
2023-07-31,19,7,Summer,0,0,0,담하,한우 우거지 국밥
2023-08-01,11,8,Summer,0,0,0,담하,한우 우거지 국밥
2023-08-02,20,8,Summer,0,0,0,담하,한우 우거지 국밥
2023-08-03,12,8,Summer,0,0,0,담하,한우 우거지 국밥
2023-08-04,22,8,Summer,0,0,0,담하,한우 우거지 국밥
2023-08-05,18,8,Summer,1,0,1,담하,한우 우거지 국밥
2023-08-06,12,8,Summer,1,0,1,담하,한우 우거지 국밥
2023-08-07,3,8,Summer,0,0,0,담하,한우 우거지 국밥
2023-08-08,6,8,Summer,0,0,0,담하,한우 우거지 국밥
2023-08-09,14,8,Summer,0,0,0,담하,한우 우거지 국밥
2023-08-10,0,8,Summer,0,0,0,담하,한우 우거지 국밥
2023-08-11,14,8,Summer,0,0,0,담하,한우 우거지 국밥
2023-08-12,4,8,Summer,1,0,1,담하,한우 우거지 국밥
2023-08-13,42,8,Summer,1,0,1,담하,한우 우거지 국밥
2023-08-14,21,8,Summer,0,0,0,담하,한우 우거지 국밥
2023-08-15,24,8,Summer,0,1,1,담하,한우 우거지 국밥
2023-08-16,15,8,Summer,0,0,0,담하,한우 우거지 국밥
2023-08-17,0,8,Summer,0,0,0,담하,한우 우거지 국밥
2023-08-18,5,8,Summer,0,0,0,담하,한우 우거지 국밥
2023-08-19,14,8,Summer,1,0,1,담하,한우 우거지 국밥
2023-08-20,15,8,Summer,1,0,1,담하,한우 우거지 국밥
2023-08-21,2,8,Summer,0,0,0,담하,한우 우거지 국밥
2023-08-22,2,8,Summer,0,0,0,담하,한우 우거지 국밥
2023-08-23,11,8,Summer,0,0,0,담하,한우 우거지 국밥
2023-08-24,1,8,Summer,0,0,0,담하,한우 우거지 국밥
2023-08-25,8,8,Summer,0,0,0,담하,한우 우거지 국밥
2023-08-26,12,8,Summer,1,0,1,담하,한우 우거지 국밥
2023-08-27,7,8,Summer,1,0,1,담하,한우 우거지 국밥
2023-08-28,19,8,Summer,0,0,0,담하,한우 우거지 국밥
2023-08-29,0,8,Summer,0,0,0,담하,한우 우거지 국밥
2023-08-30,8,8,Summer,0,0,0,담하,한우 우거지 국밥
2023-08-31,3,8,Summer,0,0,0,담하,한우 우거지 국밥
2023-09-01,19,9,Autumn,0,0,0,담하,한우 우거지 국밥
2023-09-02,6,9,Autumn,1,0,1,담하,한우 우거지 국밥
2023-09-03,43,9,Autumn,1,0,1,담하,한우 우거지 국밥
2023-09-04,4,9,Autumn,0,0,0,담하,한우 우거지 국밥
2023-09-05,4,9,Autumn,0,0,0,담하,한우 우거지 국밥
2023-09-06,2,9,Autumn,0,0,0,담하,한우 우거지 국밥
2023-09-07,0,9,Autumn,0,0,0,담하,한우 우거지 국밥
2023-09-08,7,9,Autumn,0,0,0,담하,한우 우거지 국밥
2023-09-09,14,9,Autumn,1,0,1,담하,한우 우거지 국밥
2023-09-10,21,9,Autumn,1,0,1,담하,한우 우거지 국밥
2023-09-11,2,9,Autumn,0,0,0,담하,한우 우거지 국밥
2023-09-12,0,9,Autumn,0,0,0,담하,한우 우거지 국밥
2023-09-13,3,9,Autumn,0,0,0,담하,한우 우거지 국밥
2023-09-14,0,9,Autumn,0,0,0,담하,한우 우거지 국밥
2023-09-15,2,9,Autumn,0,0,0,담하,한우 우거지 국밥
2023-09-16,21,9,Autumn,1,0,1,담하,한우 우거지 국밥
2023-09-17,29,9,Autumn,1,0,1,담하,한우 우거지 국밥
2023-09-18,1,9,Autumn,0,0,0,담하,한우 우거지 국밥
2023-09-19,5,9,Autumn,0,0,0,담하,한우 우거지 국밥
2023-09-20,5,9,Autumn,0,0,0,담하,한우 우거지 국밥
2023-09-21,0,9,Autumn,0,0,0,담하,한우 우거지 국밥
2023-09-22,0,9,Autumn,0,0,0,담하,한우 우거지 국밥
2023-09-23,12,9,Autumn,1,0,1,담하,한우 우거지 국밥
2023-09-24,19,9,Autumn,1,0,1,담하,한우 우거지 국밥
2023-09-25,1,9,Autumn,0,0,0,담하,한우 우거지 국밥
2023-09-26,1,9,Autumn,0,0,0,담하,한우 우거지 국밥
2023-09-27,2,9,Autumn,0,0,0,담하,한우 우거지 국밥
2023-09-28,19,9,Autumn,0,1,1,담하,한우 우거지 국밥
2023-09-29,51,9,Autumn,0,1,1,담하,한우 우거지 국밥
2023-09-30,36,9,Autumn,1,1,1,담하,한우 우거지 국밥
2023-10-01,31,10,Autumn,1,0,1,담하,한우 우거지 국밥
2023-10-02,25,10,Autumn,0,1,1,담하,한우 우거지 국밥
2023-10-03,21,10,Autumn,0,1,1,담하,한우 우거지 국밥
2023-10-04,7,10,Autumn,0,0,0,담하,한우 우거지 국밥
2023-10-05,2,10,Autumn,0,0,0,담하,한우 우거지 국밥
2023-10-06,7,10,Autumn,0,0,0,담하,한우 우거지 국밥
2023-10-07,22,10,Autumn,1,0,1,담하,한우 우거지 국밥
2023-10-08,35,10,Autumn,1,0,1,담하,한우 우거지 국밥
2023-10-09,29,10,Autumn,0,1,1,담하,한우 우거지 국밥
2023-10-10,11,10,Autumn,0,0,0,담하,한우 우거지 국밥
2023-10-11,13,10,Autumn,0,0,0,담하,한우 우거지 국밥
2023-10-12,3,10,Autumn,0,0,0,담하,한우 우거지 국밥
2023-10-13,6,10,Autumn,0,0,0,담하,한우 우거지 국밥
2023-10-14,20,10,Autumn,1,0,1,담하,한우 우거지 국밥
2023-10-15,20,10,Autumn,1,0,1,담하,한우 우거지 국밥
2023-10-16,12,10,Autumn,0,0,0,담하,한우 우거지 국밥
2023-10-17,10,10,Autumn,0,0,0,담하,한우 우거지 국밥
2023-10-18,14,10,Autumn,0,0,0,담하,한우 우거지 국밥
2023-10-19,11,10,Autumn,0,0,0,담하,한우 우거지 국밥
2023-10-20,13,10,Autumn,0,0,0,담하,한우 우거지 국밥
2023-10-21,32,10,Autumn,1,0,1,담하,한우 우거지 국밥
2023-10-22,31,10,Autumn,1,0,1,담하,한우 우거지 국밥
2023-10-23,29,10,Autumn,0,0,0,담하,한우 우거지 국밥
2023-10-24,8,10,Autumn,0,0,0,담하,한우 우거지 국밥
2023-10-25,9,10,Autumn,0,0,0,담하,한우 우거지 국밥
2023-10-26,15,10,Autumn,0,0,0,담하,한우 우거지 국밥
2023-10-27,29,10,Autumn,0,0,0,담하,한우 우거지 국밥
2023-10-28,36,10,Autumn,1,0,1,담하,한우 우거지 국밥
2023-10-29,32,10,Autumn,1,0,1,담하,한우 우거지 국밥
2023-10-30,31,10,Autumn,0,0,0,담하,한우 우거지 국밥
2023-10-31,13,10,Autumn,0,0,0,담하,한우 우거지 국밥
2023-11-01,31,11,Autumn,0,0,0,담하,한우 우거지 국밥
2023-11-02,20,11,Autumn,0,0,0,담하,한우 우거지 국밥
2023-11-03,18,11,Autumn,0,0,0,담하,한우 우거지 국밥
2023-11-04,86,11,Autumn,1,0,1,담하,한우 우거지 국밥
2023-11-05,35,11,Autumn,1,0,1,담하,한우 우거지 국밥
2023-11-06,38,11,Autumn,0,0,0,담하,한우 우거지 국밥
2023-11-07,7,11,Autumn,0,0,0,담하,한우 우거지 국밥
2023-11-08,12,11,Autumn,0,0,0,담하,한우 우거지 국밥
2023-11-09,24,11,Autumn,0,0,0,담하,한우 우거지 국밥
2023-11-10,2,11,Autumn,0,0,0,담하,한우 우거지 국밥
2023-11-11,27,11,Autumn,1,0,1,담하,한우 우거지 국밥
2023-11-12,42,11,Autumn,1,0,1,담하,한우 우거지 국밥
2023-11-13,14,11,Autumn,0,0,0,담하,한우 우거지 국밥
2023-11-14,10,11,Autumn,0,0,0,담하,한우 우거지 국밥
2023-11-15,10,11,Autumn,0,0,0,담하,한우 우거지 국밥
2023-11-16,3,11,Autumn,0,0,0,담하,한우 우거지 국밥
2023-11-17,5,11,Autumn,0,0,0,담하,한우 우거지 국밥
2023-11-18,16,11,Autumn,1,0,1,담하,한우 우거지 국밥
2023-11-19,22,11,Autumn,1,0,1,담하,한우 우거지 국밥
2023-11-20,3,11,Autumn,0,0,0,담하,한우 우거지 국밥
2023-11-21,6,11,Autumn,0,0,0,담하,한우 우거지 국밥
2023-11-22,12,11,Autumn,0,0,0,담하,한우 우거지 국밥
2023-11-23,2,11,Autumn,0,0,0,담하,한우 우거지 국밥
2023-11-24,3,11,Autumn,0,0,0,담하,한우 우거지 국밥
2023-11-25,6,11,Autumn,1,0,1,담하,한우 우거지 국밥
2023-11-26,8,11,Autumn,1,0,1,담하,한우 우거지 국밥
2023-11-27,4,11,Autumn,0,0,0,담하,한우 우거지 국밥
2023-11-28,1,11,Autumn,0,0,0,담하,한우 우거지 국밥
2023-11-29,0,11,Autumn,0,0,0,담하,한우 우거지 국밥
2023-11-30,0,11,Autumn,0,0,0,담하,한우 우거지 국밥
2023-12-01,0,12,Winter,0,0,0,담하,한우 우거지 국밥
2023-12-02,2,12,Winter,1,0,1,담하,한우 우거지 국밥
2023-12-03,4,12,Winter,1,0,1,담하,한우 우거지 국밥
2023-12-04,2,12,Winter,0,0,0,담하,한우 우거지 국밥
2023-12-05,7,12,Winter,0,0,0,담하,한우 우거지 국밥
2023-12-06,0,12,Winter,0,0,0,담하,한우 우거지 국밥
2023-12-07,1,12,Winter,0,0,0,담하,한우 우거지 국밥
2023-12-08,4,12,Winter,0,0,0,담하,한우 우거지 국밥
2023-12-09,7,12,Winter,1,0,1,담하,한우 우거지 국밥
2023-12-10,7,12,Winter,1,0,1,담하,한우 우거지 국밥
2023-12-11,0,12,Winter,0,0,0,담하,한우 우거지 국밥
2023-12-12,0,12,Winter,0,0,0,담하,한우 우거지 국밥
2023-12-13,2,12,Winter,0,0,0,담하,한우 우거지 국밥
2023-12-14,10,12,Winter,0,0,0,담하,한우 우거지 국밥
2023-12-15,5,12,Winter,0,0,0,담하,한우 우거지 국밥
2023-12-16,8,12,Winter,1,0,1,담하,한우 우거지 국밥
2023-12-17,15,12,Winter,1,0,1,담하,한우 우거지 국밥
2023-12-18,22,12,Winter,0,0,0,담하,한우 우거지 국밥
2023-12-19,2,12,Winter,0,0,0,담하,한우 우거지 국밥
2023-12-20,4,12,Winter,0,0,0,담하,한우 우거지 국밥
2023-12-21,5,12,Winter,0,0,0,담하,한우 우거지 국밥
2023-12-22,8,12,Winter,0,0,0,담하,한우 우거지 국밥
2023-12-23,8,12,Winter,1,0,1,담하,한우 우거지 국밥
2023-12-24,19,12,Winter,1,0,1,담하,한우 우거지 국밥
2023-12-25,2,12,Winter,0,1,1,담하,한우 우거지 국밥
2023-12-26,18,12,Winter,0,0,0,담하,한우 우거지 국밥
2023-12-27,6,12,Winter,0,0,0,담하,한우 우거지 국밥
2023-12-28,4,12,Winter,0,0,0,담하,한우 우거지 국밥
2023-12-29,11,12,Winter,0,0,0,담하,한우 우거지 국밥
2023-12-30,2,12,Winter,1,0,1,담하,한우 우거지 국밥
2023-12-31,15,12,Winter,1,0,1,담하,한우 우거지 국밥
2024-01-01,13,1,Winter,0,1,1,담하,한우 우거지 국밥
2024-01-02,9,1,Winter,0,0,0,담하,한우 우거지 국밥
2024-01-03,2,1,Winter,0,0,0,담하,한우 우거지 국밥
2024-01-04,1,1,Winter,0,0,0,담하,한우 우거지 국밥
2024-01-05,5,1,Winter,0,0,0,담하,한우 우거지 국밥
2024-01-06,2,1,Winter,1,0,1,담하,한우 우거지 국밥
2024-01-07,9,1,Winter,1,0,1,담하,한우 우거지 국밥
2024-01-08,3,1,Winter,0,0,0,담하,한우 우거지 국밥
2024-01-09,3,1,Winter,0,0,0,담하,한우 우거지 국밥
2024-01-10,5,1,Winter,0,0,0,담하,한우 우거지 국밥
2024-01-11,10,1,Winter,0,0,0,담하,한우 우거지 국밥
2024-01-12,7,1,Winter,0,0,0,담하,한우 우거지 국밥
2024-01-13,51,1,Winter,1,0,1,담하,한우 우거지 국밥
2024-01-14,3,1,Winter,1,0,1,담하,한우 우거지 국밥
2024-01-15,6,1,Winter,0,0,0,담하,한우 우거지 국밥
2024-01-16,6,1,Winter,0,0,0,담하,한우 우거지 국밥
2024-01-17,7,1,Winter,0,0,0,담하,한우 우거지 국밥
2024-01-18,7,1,Winter,0,0,0,담하,한우 우거지 국밥
2024-01-19,1,1,Winter,0,0,0,담하,한우 우거지 국밥
2024-01-20,8,1,Winter,1,0,1,담하,한우 우거지 국밥
2024-01-21,9,1,Winter,1,0,1,담하,한우 우거지 국밥
2024-01-22,12,1,Winter,0,0,0,담하,한우 우거지 국밥
2024-01-23,11,1,Winter,0,0,0,담하,한우 우거지 국밥
2024-01-24,7,1,Winter,0,0,0,담하,한우 우거지 국밥
2024-01-25,4,1,Winter,0,0,0,담하,한우 우거지 국밥
2024-01-26,13,1,Winter,0,0,0,담하,한우 우거지 국밥
2024-01-27,2,1,Winter,1,0,1,담하,한우 우거지 국밥
2024-01-28,11,1,Winter,1,0,1,담하,한우 우거지 국밥
2024-01-29,4,1,Winter,0,0,0,담하,한우 우거지 국밥
2024-01-30,4,1,Winter,0,0,0,담하,한우 우거지 국밥
2024-01-31,2,1,Winter,0,0,0,담하,한우 우거지 국밥
2024-02-01,1,2,Winter,0,0,0,담하,한우 우거지 국밥
2024-02-02,3,2,Winter,0,0,0,담하,한우 우거지 국밥
2024-02-03,6,2,Winter,1,0,1,담하,한우 우거지 국밥
2024-02-04,21,2,Winter,1,0,1,담하,한우 우거지 국밥
2024-02-05,9,2,Winter,0,0,0,담하,한우 우거지 국밥
2024-02-06,3,2,Winter,0,0,0,담하,한우 우거지 국밥
2024-02-07,34,2,Winter,0,0,0,담하,한우 우거지 국밥
2024-02-08,3,2,Winter,0,0,0,담하,한우 우거지 국밥
2024-02-09,13,2,Winter,0,1,1,담하,한우 우거지 국밥
2024-02-10,18,2,Winter,1,1,1,담하,한우 우거지 국밥
2024-02-11,15,2,Winter,1,1,1,담하,한우 우거지 국밥
2024-02-12,11,2,Winter,0,1,1,담하,한우 우거지 국밥
2024-02-13,8,2,Winter,0,0,0,담하,한우 우거지 국밥
2024-02-14,6,2,Winter,0,0,0,담하,한우 우거지 국밥
2024-02-15,5,2,Winter,0,0,0,담하,한우 우거지 국밥
2024-02-16,10,2,Winter,0,0,0,담하,한우 우거지 국밥
2024-02-17,6,2,Winter,1,0,1,담하,한우 우거지 국밥
2024-02-18,11,2,Winter,1,0,1,담하,한우 우거지 국밥
2024-02-19,3,2,Winter,0,0,0,담하,한우 우거지 국밥
2024-02-20,5,2,Winter,0,0,0,담하,한우 우거지 국밥
2024-02-21,4,2,Winter,0,0,0,담하,한우 우거지 국밥
2024-02-22,1,2,Winter,0,0,0,담하,한우 우거지 국밥
2024-02-23,3,2,Winter,0,0,0,담하,한우 우거지 국밥
2024-02-24,15,2,Winter,1,0,1,담하,한우 우거지 국밥
2024-02-25,11,2,Winter,1,0,1,담하,한우 우거지 국밥
2024-02-26,10,2,Winter,0,0,0,담하,한우 우거지 국밥
2024-02-27,6,2,Winter,0,0,0,담하,한우 우거지 국밥
2024-02-28,1,2,Winter,0,0,0,담하,한우 우거지 국밥
2024-02-29,7,2,Winter,0,0,0,담하,한우 우거지 국밥
2024-03-01,11,3,Spring,0,1,1,담하,한우 우거지 국밥
2024-03-02,31,3,Spring,1,0,1,담하,한우 우거지 국밥
2024-03-03,10,3,Spring,1,0,1,담하,한우 우거지 국밥
2024-03-04,0,3,Spring,0,0,0,담하,한우 우거지 국밥
2024-03-05,0,3,Spring,0,0,0,담하,한우 우거지 국밥
2024-03-06,0,3,Spring,0,0,0,담하,한우 우거지 국밥
2024-03-07,0,3,Spring,0,0,0,담하,한우 우거지 국밥
2024-03-08,0,3,Spring,0,0,0,담하,한우 우거지 국밥
2024-03-09,0,3,Spring,1,0,1,담하,한우 우거지 국밥
2024-03-10,0,3,Spring,1,0,1,담하,한우 우거지 국밥
2024-03-11,0,3,Spring,0,0,0,담하,한우 우거지 국밥
2024-03-12,0,3,Spring,0,0,0,담하,한우 우거지 국밥
2024-03-13,0,3,Spring,0,0,0,담하,한우 우거지 국밥
2024-03-14,0,3,Spring,0,0,0,담하,한우 우거지 국밥
2024-03-15,0,3,Spring,0,0,0,담하,한우 우거지 국밥
2024-03-16,8,3,Spring,1,0,1,담하,한우 우거지 국밥
2024-03-17,16,3,Spring,1,0,1,담하,한우 우거지 국밥
2024-03-18,1,3,Spring,0,0,0,담하,한우 우거지 국밥
2024-03-19,3,3,Spring,0,0,0,담하,한우 우거지 국밥
2024-03-20,0,3,Spring,0,0,0,담하,한우 우거지 국밥
2024-03-21,0,3,Spring,0,0,0,담하,한우 우거지 국밥
2024-03-22,0,3,Spring,0,0,0,담하,한우 우거지 국밥
2024-03-23,0,3,Spring,1,0,1,담하,한우 우거지 국밥
2024-03-24,8,3,Spring,1,0,1,담하,한우 우거지 국밥
2024-03-25,0,3,Spring,0,0,0,담하,한우 우거지 국밥
2024-03-26,0,3,Spring,0,0,0,담하,한우 우거지 국밥
2024-03-27,12,3,Spring,0,0,0,담하,한우 우거지 국밥
2024-03-28,0,3,Spring,0,0,0,담하,한우 우거지 국밥
2024-03-29,5,3,Spring,0,0,0,담하,한우 우거지 국밥
2024-03-30,8,3,Spring,1,0,1,담하,한우 우거지 국밥
2024-03-31,14,3,Spring,1,0,1,담하,한우 우거지 국밥
2024-04-01,1,4,Spring,0,0,0,담하,한우 우거지 국밥
2024-04-02,0,4,Spring,0,0,0,담하,한우 우거지 국밥
2024-04-03,1,4,Spring,0,0,0,담하,한우 우거지 국밥
2024-04-04,5,4,Spring,0,0,0,담하,한우 우거지 국밥
2024-04-05,2,4,Spring,0,0,0,담하,한우 우거지 국밥
2024-04-06,9,4,Spring,1,0,1,담하,한우 우거지 국밥
2024-04-07,23,4,Spring,1,0,1,담하,한우 우거지 국밥
2024-04-08,2,4,Spring,0,0,0,담하,한우 우거지 국밥
2024-04-09,4,4,Spring,0,0,0,담하,한우 우거지 국밥
2024-04-10,4,4,Spring,0,1,1,담하,한우 우거지 국밥
2024-04-11,8,4,Spring,0,0,0,담하,한우 우거지 국밥
2024-04-12,35,4,Spring,0,0,0,담하,한우 우거지 국밥
2024-04-13,16,4,Spring,1,0,1,담하,한우 우거지 국밥
2024-04-14,19,4,Spring,1,0,1,담하,한우 우거지 국밥
2024-04-15,5,4,Spring,0,0,0,담하,한우 우거지 국밥
2024-04-16,7,4,Spring,0,0,0,담하,한우 우거지 국밥
2024-04-17,9,4,Spring,0,0,0,담하,한우 우거지 국밥
2024-04-18,16,4,Spring,0,0,0,담하,한우 우거지 국밥
2024-04-19,13,4,Spring,0,0,0,담하,한우 우거지 국밥
2024-04-20,28,4,Spring,1,0,1,담하,한우 우거지 국밥
2024-04-21,26,4,Spring,1,0,1,담하,한우 우거지 국밥
2024-04-22,8,4,Spring,0,0,0,담하,한우 우거지 국밥
2024-04-23,8,4,Spring,0,0,0,담하,한우 우거지 국밥
2024-04-24,0,4,Spring,0,0,0,담하,한우 우거지 국밥
2024-04-25,3,4,Spring,0,0,0,담하,한우 우거지 국밥
2024-04-26,13,4,Spring,0,0,0,담하,한우 우거지 국밥
2024-04-27,11,4,Spring,1,0,1,담하,한우 우거지 국밥
2024-04-28,27,4,Spring,1,0,1,담하,한우 우거지 국밥
2024-04-29,17,4,Spring,0,0,0,담하,한우 우거지 국밥
2024-04-30,31,4,Spring,0,0,0,담하,한우 우거지 국밥
2024-05-01,8,5,Spring,0,0,0,담하,한우 우거지 국밥
2024-05-02,10,5,Spring,0,0,0,담하,한우 우거지 국밥
2024-05-03,2,5,Spring,0,0,0,담하,한우 우거지 국밥
2024-05-04,10,5,Spring,1,0,1,담하,한우 우거지 국밥
2024-05-05,34,5,Spring,1,1,1,담하,한우 우거지 국밥
2024-05-06,23,5,Spring,0,1,1,담하,한우 우거지 국밥
2024-05-07,10,5,Spring,0,0,0,담하,한우 우거지 국밥
2024-05-08,0,5,Spring,0,0,0,담하,한우 우거지 국밥
2024-05-09,0,5,Spring,0,0,0,담하,한우 우거지 국밥
2024-05-10,0,5,Spring,0,0,0,담하,한우 우거지 국밥
2024-05-11,17,5,Spring,1,0,1,담하,한우 우거지 국밥
2024-05-12,27,5,Spring,1,0,1,담하,한우 우거지 국밥
2024-05-13,5,5,Spring,0,0,0,담하,한우 우거지 국밥
2024-05-14,4,5,Spring,0,0,0,담하,한우 우거지 국밥
2024-05-15,8,5,Spring,0,1,1,담하,한우 우거지 국밥
2024-05-16,6,5,Spring,0,0,0,담하,한우 우거지 국밥
2024-05-17,20,5,Spring,0,0,0,담하,한우 우거지 국밥
2024-05-18,3,5,Spring,1,0,1,담하,한우 우거지 국밥
2024-05-19,24,5,Spring,1,0,1,담하,한우 우거지 국밥
2024-05-20,32,5,Spring,0,0,0,담하,한우 우거지 국밥
2024-05-21,11,5,Spring,0,0,0,담하,한우 우거지 국밥
2024-05-22,16,5,Spring,0,0,0,담하,한우 우거지 국밥
2024-05-23,8,5,Spring,0,0,0,담하,한우 우거지 국밥
2024-05-24,0,5,Spring,0,0,0,담하,한우 우거지 국밥
2024-05-25,11,5,Spring,1,0,1,담하,한우 우거지 국밥
2024-05-26,24,5,Spring,1,0,1,담하,한우 우거지 국밥
2024-05-27,12,5,Spring,0,0,0,담하,한우 우거지 국밥
2024-05-28,4,5,Spring,0,0,0,담하,한우 우거지 국밥
2024-05-29,5,5,Spring,0,0,0,담하,한우 우거지 국밥
2024-05-30,2,5,Spring,0,0,0,담하,한우 우거지 국밥
2024-05-31,8,5,Spring,0,0,0,담하,한우 우거지 국밥
2024-06-01,12,6,Summer,1,0,1,담하,한우 우거지 국밥
2024-06-02,24,6,Summer,1,0,1,담하,한우 우거지 국밥
2024-06-03,0,6,Summer,0,0,0,담하,한우 우거지 국밥
2024-06-04,3,6,Summer,0,0,0,담하,한우 우거지 국밥
2024-06-05,1,6,Summer,0,0,0,담하,한우 우거지 국밥
2024-06-06,23,6,Summer,0,1,1,담하,한우 우거지 국밥
2024-06-07,18,6,Summer,0,0,0,담하,한우 우거지 국밥
2024-06-08,9,6,Summer,1,0,1,담하,한우 우거지 국밥
2024-06-09,36,6,Summer,1,0,1,담하,한우 우거지 국밥
2024-06-10,2,6,Summer,0,0,0,담하,한우 우거지 국밥
2024-06-11,2,6,Summer,0,0,0,담하,한우 우거지 국밥
2024-06-12,2,6,Summer,0,0,0,담하,한우 우거지 국밥
2024-06-13,0,6,Summer,0,0,0,담하,한우 우거지 국밥
2024-06-14,3,6,Summer,0,0,0,담하,한우 우거지 국밥
2024-06-15,12,6,Summer,1,0,1,담하,한우 우거지 국밥
2023-01-01,27,1,Winter,1,1,1,담하,한우 차돌박이 된장찌개
2023-01-02,20,1,Winter,0,0,0,담하,한우 차돌박이 된장찌개
2023-01-03,18,1,Winter,0,0,0,담하,한우 차돌박이 된장찌개
2023-01-04,14,1,Winter,0,0,0,담하,한우 차돌박이 된장찌개
2023-01-05,12,1,Winter,0,0,0,담하,한우 차돌박이 된장찌개
2023-01-06,21,1,Winter,0,0,0,담하,한우 차돌박이 된장찌개
2023-01-07,20,1,Winter,1,0,1,담하,한우 차돌박이 된장찌개
2023-01-08,18,1,Winter,1,0,1,담하,한우 차돌박이 된장찌개
2023-01-09,25,1,Winter,0,0,0,담하,한우 차돌박이 된장찌개
2023-01-10,20,1,Winter,0,0,0,담하,한우 차돌박이 된장찌개
2023-01-11,11,1,Winter,0,0,0,담하,한우 차돌박이 된장찌개
2023-01-12,7,1,Winter,0,0,0,담하,한우 차돌박이 된장찌개
2023-01-13,16,1,Winter,0,0,0,담하,한우 차돌박이 된장찌개
2023-01-14,8,1,Winter,1,0,1,담하,한우 차돌박이 된장찌개
2023-01-15,28,1,Winter,1,0,1,담하,한우 차돌박이 된장찌개
2023-01-16,9,1,Winter,0,0,0,담하,한우 차돌박이 된장찌개
2023-01-17,16,1,Winter,0,0,0,담하,한우 차돌박이 된장찌개
2023-01-18,6,1,Winter,0,0,0,담하,한우 차돌박이 된장찌개
2023-01-19,43,1,Winter,0,0,0,담하,한우 차돌박이 된장찌개
2023-01-20,12,1,Winter,0,0,0,담하,한우 차돌박이 된장찌개
2023-01-21,25,1,Winter,1,1,1,담하,한우 차돌박이 된장찌개
2023-01-22,33,1,Winter,1,1,1,담하,한우 차돌박이 된장찌개
2023-01-23,36,1,Winter,0,1,1,담하,한우 차돌박이 된장찌개
2023-01-24,21,1,Winter,0,1,1,담하,한우 차돌박이 된장찌개
2023-01-25,17,1,Winter,0,0,0,담하,한우 차돌박이 된장찌개
2023-01-26,30,1,Winter,0,0,0,담하,한우 차돌박이 된장찌개
2023-01-27,19,1,Winter,0,0,0,담하,한우 차돌박이 된장찌개
2023-01-28,12,1,Winter,1,0,1,담하,한우 차돌박이 된장찌개
2023-01-29,23,1,Winter,1,0,1,담하,한우 차돌박이 된장찌개
2023-01-30,19,1,Winter,0,0,0,담하,한우 차돌박이 된장찌개
2023-01-31,11,1,Winter,0,0,0,담하,한우 차돌박이 된장찌개
2023-02-01,10,2,Winter,0,0,0,담하,한우 차돌박이 된장찌개
2023-02-02,10,2,Winter,0,0,0,담하,한우 차돌박이 된장찌개
2023-02-03,15,2,Winter,0,0,0,담하,한우 차돌박이 된장찌개
2023-02-04,26,2,Winter,1,0,1,담하,한우 차돌박이 된장찌개
2023-02-05,14,2,Winter,1,0,1,담하,한우 차돌박이 된장찌개
2023-02-06,13,2,Winter,0,0,0,담하,한우 차돌박이 된장찌개
2023-02-07,14,2,Winter,0,0,0,담하,한우 차돌박이 된장찌개
2023-02-08,11,2,Winter,0,0,0,담하,한우 차돌박이 된장찌개
2023-02-09,5,2,Winter,0,0,0,담하,한우 차돌박이 된장찌개
2023-02-10,7,2,Winter,0,0,0,담하,한우 차돌박이 된장찌개
2023-02-11,28,2,Winter,1,0,1,담하,한우 차돌박이 된장찌개
2023-02-12,32,2,Winter,1,0,1,담하,한우 차돌박이 된장찌개
2023-02-13,17,2,Winter,0,0,0,담하,한우 차돌박이 된장찌개
2023-02-14,20,2,Winter,0,0,0,담하,한우 차돌박이 된장찌개
2023-02-15,7,2,Winter,0,0,0,담하,한우 차돌박이 된장찌개
2023-02-16,12,2,Winter,0,0,0,담하,한우 차돌박이 된장찌개
2023-02-17,13,2,Winter,0,0,0,담하,한우 차돌박이 된장찌개
2023-02-18,23,2,Winter,1,0,1,담하,한우 차돌박이 된장찌개
2023-02-19,20,2,Winter,1,0,1,담하,한우 차돌박이 된장찌개
2023-02-20,11,2,Winter,0,0,0,담하,한우 차돌박이 된장찌개
2023-02-21,6,2,Winter,0,0,0,담하,한우 차돌박이 된장찌개
2023-02-22,6,2,Winter,0,0,0,담하,한우 차돌박이 된장찌개
2023-02-23,7,2,Winter,0,0,0,담하,한우 차돌박이 된장찌개
2023-02-24,10,2,Winter,0,0,0,담하,한우 차돌박이 된장찌개
2023-02-25,21,2,Winter,1,0,1,담하,한우 차돌박이 된장찌개
2023-02-26,29,2,Winter,1,0,1,담하,한우 차돌박이 된장찌개
2023-02-27,9,2,Winter,0,0,0,담하,한우 차돌박이 된장찌개
2023-02-28,8,2,Winter,0,0,0,담하,한우 차돌박이 된장찌개
2023-03-01,7,3,Spring,0,1,1,담하,한우 차돌박이 된장찌개
2023-03-02,0,3,Spring,0,0,0,담하,한우 차돌박이 된장찌개
2023-03-03,0,3,Spring,0,0,0,담하,한우 차돌박이 된장찌개
2023-03-04,0,3,Spring,1,0,1,담하,한우 차돌박이 된장찌개
2023-03-05,0,3,Spring,1,0,1,담하,한우 차돌박이 된장찌개
2023-03-06,0,3,Spring,0,0,0,담하,한우 차돌박이 된장찌개
2023-03-07,0,3,Spring,0,0,0,담하,한우 차돌박이 된장찌개
2023-03-08,0,3,Spring,0,0,0,담하,한우 차돌박이 된장찌개
2023-03-09,0,3,Spring,0,0,0,담하,한우 차돌박이 된장찌개
2023-03-10,2,3,Spring,0,0,0,담하,한우 차돌박이 된장찌개
2023-03-11,8,3,Spring,1,0,1,담하,한우 차돌박이 된장찌개
2023-03-12,2,3,Spring,1,0,1,담하,한우 차돌박이 된장찌개
2023-03-13,4,3,Spring,0,0,0,담하,한우 차돌박이 된장찌개
2023-03-14,3,3,Spring,0,0,0,담하,한우 차돌박이 된장찌개
2023-03-15,2,3,Spring,0,0,0,담하,한우 차돌박이 된장찌개
2023-03-16,2,3,Spring,0,0,0,담하,한우 차돌박이 된장찌개
2023-03-17,1,3,Spring,0,0,0,담하,한우 차돌박이 된장찌개
2023-03-18,12,3,Spring,1,0,1,담하,한우 차돌박이 된장찌개
2023-03-19,13,3,Spring,1,0,1,담하,한우 차돌박이 된장찌개
2023-03-20,1,3,Spring,0,0,0,담하,한우 차돌박이 된장찌개
2023-03-21,4,3,Spring,0,0,0,담하,한우 차돌박이 된장찌개
2023-03-22,3,3,Spring,0,0,0,담하,한우 차돌박이 된장찌개
2023-03-23,8,3,Spring,0,0,0,담하,한우 차돌박이 된장찌개
2023-03-24,1,3,Spring,0,0,0,담하,한우 차돌박이 된장찌개
2023-03-25,8,3,Spring,1,0,1,담하,한우 차돌박이 된장찌개
2023-03-26,7,3,Spring,1,0,1,담하,한우 차돌박이 된장찌개
2023-03-27,8,3,Spring,0,0,0,담하,한우 차돌박이 된장찌개
2023-03-28,2,3,Spring,0,0,0,담하,한우 차돌박이 된장찌개
2023-03-29,13,3,Spring,0,0,0,담하,한우 차돌박이 된장찌개
2023-03-30,11,3,Spring,0,0,0,담하,한우 차돌박이 된장찌개
2023-03-31,20,3,Spring,0,0,0,담하,한우 차돌박이 된장찌개
2023-04-01,30,4,Spring,1,0,1,담하,한우 차돌박이 된장찌개
2023-04-02,14,4,Spring,1,0,1,담하,한우 차돌박이 된장찌개
2023-04-03,6,4,Spring,0,0,0,담하,한우 차돌박이 된장찌개
2023-04-04,8,4,Spring,0,0,0,담하,한우 차돌박이 된장찌개
2023-04-05,6,4,Spring,0,0,0,담하,한우 차돌박이 된장찌개
2023-04-06,18,4,Spring,0,0,0,담하,한우 차돌박이 된장찌개
2023-04-07,12,4,Spring,0,0,0,담하,한우 차돌박이 된장찌개
2023-04-08,14,4,Spring,1,0,1,담하,한우 차돌박이 된장찌개
2023-04-09,7,4,Spring,1,0,1,담하,한우 차돌박이 된장찌개
2023-04-10,11,4,Spring,0,0,0,담하,한우 차돌박이 된장찌개
2023-04-11,19,4,Spring,0,0,0,담하,한우 차돌박이 된장찌개
2023-04-12,40,4,Spring,0,0,0,담하,한우 차돌박이 된장찌개
2023-04-13,18,4,Spring,0,0,0,담하,한우 차돌박이 된장찌개
2023-04-14,21,4,Spring,0,0,0,담하,한우 차돌박이 된장찌개
2023-04-15,34,4,Spring,1,0,1,담하,한우 차돌박이 된장찌개
2023-04-16,29,4,Spring,1,0,1,담하,한우 차돌박이 된장찌개
2023-04-17,12,4,Spring,0,0,0,담하,한우 차돌박이 된장찌개
2023-04-18,19,4,Spring,0,0,0,담하,한우 차돌박이 된장찌개
2023-04-19,11,4,Spring,0,0,0,담하,한우 차돌박이 된장찌개
2023-04-20,8,4,Spring,0,0,0,담하,한우 차돌박이 된장찌개
2023-04-21,19,4,Spring,0,0,0,담하,한우 차돌박이 된장찌개
2023-04-22,22,4,Spring,1,0,1,담하,한우 차돌박이 된장찌개
2023-04-23,19,4,Spring,1,0,1,담하,한우 차돌박이 된장찌개
2023-04-24,10,4,Spring,0,0,0,담하,한우 차돌박이 된장찌개
2023-04-25,23,4,Spring,0,0,0,담하,한우 차돌박이 된장찌개
2023-04-26,14,4,Spring,0,0,0,담하,한우 차돌박이 된장찌개
2023-04-27,6,4,Spring,0,0,0,담하,한우 차돌박이 된장찌개
2023-04-28,8,4,Spring,0,0,0,담하,한우 차돌박이 된장찌개
2023-04-29,18,4,Spring,1,0,1,담하,한우 차돌박이 된장찌개
2023-04-30,30,4,Spring,1,0,1,담하,한우 차돌박이 된장찌개
2023-05-01,15,5,Spring,0,0,0,담하,한우 차돌박이 된장찌개
2023-05-02,12,5,Spring,0,0,0,담하,한우 차돌박이 된장찌개
2023-05-03,16,5,Spring,0,0,0,담하,한우 차돌박이 된장찌개
2023-05-04,16,5,Spring,0,0,0,담하,한우 차돌박이 된장찌개
2023-05-05,15,5,Spring,0,1,1,담하,한우 차돌박이 된장찌개
2023-05-06,38,5,Spring,1,0,1,담하,한우 차돌박이 된장찌개
2023-05-07,9,5,Spring,1,0,1,담하,한우 차돌박이 된장찌개
2023-05-08,8,5,Spring,0,0,0,담하,한우 차돌박이 된장찌개
2023-05-09,15,5,Spring,0,0,0,담하,한우 차돌박이 된장찌개
2023-05-10,6,5,Spring,0,0,0,담하,한우 차돌박이 된장찌개
2023-05-11,12,5,Spring,0,0,0,담하,한우 차돌박이 된장찌개
2023-05-12,21,5,Spring,0,0,0,담하,한우 차돌박이 된장찌개
2023-05-13,28,5,Spring,1,0,1,담하,한우 차돌박이 된장찌개
2023-05-14,12,5,Spring,1,0,1,담하,한우 차돌박이 된장찌개
2023-05-15,4,5,Spring,0,0,0,담하,한우 차돌박이 된장찌개
2023-05-16,11,5,Spring,0,0,0,담하,한우 차돌박이 된장찌개
2023-05-17,9,5,Spring,0,0,0,담하,한우 차돌박이 된장찌개
2023-05-18,6,5,Spring,0,0,0,담하,한우 차돌박이 된장찌개
2023-05-19,11,5,Spring,0,0,0,담하,한우 차돌박이 된장찌개
2023-05-20,19,5,Spring,1,0,1,담하,한우 차돌박이 된장찌개
2023-05-21,16,5,Spring,1,0,1,담하,한우 차돌박이 된장찌개
2023-05-22,4,5,Spring,0,0,0,담하,한우 차돌박이 된장찌개
2023-05-23,14,5,Spring,0,0,0,담하,한우 차돌박이 된장찌개
2023-05-24,2,5,Spring,0,0,0,담하,한우 차돌박이 된장찌개
2023-05-25,24,5,Spring,0,0,0,담하,한우 차돌박이 된장찌개
2023-05-26,14,5,Spring,0,0,0,담하,한우 차돌박이 된장찌개
2023-05-27,17,5,Spring,1,1,1,담하,한우 차돌박이 된장찌개
2023-05-28,19,5,Spring,1,0,1,담하,한우 차돌박이 된장찌개
2023-05-29,17,5,Spring,0,1,1,담하,한우 차돌박이 된장찌개
2023-05-30,8,5,Spring,0,0,0,담하,한우 차돌박이 된장찌개
2023-05-31,10,5,Spring,0,0,0,담하,한우 차돌박이 된장찌개
2023-06-01,8,6,Summer,0,0,0,담하,한우 차돌박이 된장찌개
2023-06-02,10,6,Summer,0,0,0,담하,한우 차돌박이 된장찌개
2023-06-03,21,6,Summer,1,0,1,담하,한우 차돌박이 된장찌개
2023-06-04,16,6,Summer,1,0,1,담하,한우 차돌박이 된장찌개
2023-06-05,24,6,Summer,0,0,0,담하,한우 차돌박이 된장찌개
2023-06-06,22,6,Summer,0,1,1,담하,한우 차돌박이 된장찌개
2023-06-07,14,6,Summer,0,0,0,담하,한우 차돌박이 된장찌개
2023-06-08,4,6,Summer,0,0,0,담하,한우 차돌박이 된장찌개
2023-06-09,6,6,Summer,0,0,0,담하,한우 차돌박이 된장찌개
2023-06-10,17,6,Summer,1,0,1,담하,한우 차돌박이 된장찌개
2023-06-11,16,6,Summer,1,0,1,담하,한우 차돌박이 된장찌개
2023-06-12,7,6,Summer,0,0,0,담하,한우 차돌박이 된장찌개
2023-06-13,5,6,Summer,0,0,0,담하,한우 차돌박이 된장찌개
2023-06-14,5,6,Summer,0,0,0,담하,한우 차돌박이 된장찌개
2023-06-15,9,6,Summer,0,0,0,담하,한우 차돌박이 된장찌개
2023-06-16,9,6,Summer,0,0,0,담하,한우 차돌박이 된장찌개
2023-06-17,13,6,Summer,1,0,1,담하,한우 차돌박이 된장찌개
2023-06-18,10,6,Summer,1,0,1,담하,한우 차돌박이 된장찌개
2023-06-19,10,6,Summer,0,0,0,담하,한우 차돌박이 된장찌개
2023-06-20,3,6,Summer,0,0,0,담하,한우 차돌박이 된장찌개
2023-06-21,4,6,Summer,0,0,0,담하,한우 차돌박이 된장찌개
2023-06-22,6,6,Summer,0,0,0,담하,한우 차돌박이 된장찌개
2023-06-23,18,6,Summer,0,0,0,담하,한우 차돌박이 된장찌개
2023-06-24,16,6,Summer,1,0,1,담하,한우 차돌박이 된장찌개
2023-06-25,11,6,Summer,1,0,1,담하,한우 차돌박이 된장찌개
2023-06-26,12,6,Summer,0,0,0,담하,한우 차돌박이 된장찌개
2023-06-27,4,6,Summer,0,0,0,담하,한우 차돌박이 된장찌개
2023-06-28,2,6,Summer,0,0,0,담하,한우 차돌박이 된장찌개
2023-06-29,6,6,Summer,0,0,0,담하,한우 차돌박이 된장찌개
2023-06-30,11,6,Summer,0,0,0,담하,한우 차돌박이 된장찌개
2023-07-01,18,7,Summer,1,0,1,담하,한우 차돌박이 된장찌개
2023-07-02,3,7,Summer,1,0,1,담하,한우 차돌박이 된장찌개
2023-07-03,6,7,Summer,0,0,0,담하,한우 차돌박이 된장찌개
2023-07-04,3,7,Summer,0,0,0,담하,한우 차돌박이 된장찌개
2023-07-05,1,7,Summer,0,0,0,담하,한우 차돌박이 된장찌개
2023-07-06,1,7,Summer,0,0,0,담하,한우 차돌박이 된장찌개
2023-07-07,12,7,Summer,0,0,0,담하,한우 차돌박이 된장찌개
2023-07-08,7,7,Summer,1,0,1,담하,한우 차돌박이 된장찌개
2023-07-09,6,7,Summer,1,0,1,담하,한우 차돌박이 된장찌개
2023-07-10,7,7,Summer,0,0,0,담하,한우 차돌박이 된장찌개
2023-07-11,7,7,Summer,0,0,0,담하,한우 차돌박이 된장찌개
2023-07-12,7,7,Summer,0,0,0,담하,한우 차돌박이 된장찌개
2023-07-13,13,7,Summer,0,0,0,담하,한우 차돌박이 된장찌개
2023-07-14,7,7,Summer,0,0,0,담하,한우 차돌박이 된장찌개
2023-07-15,14,7,Summer,1,0,1,담하,한우 차돌박이 된장찌개
2023-07-16,4,7,Summer,1,0,1,담하,한우 차돌박이 된장찌개
2023-07-17,6,7,Summer,0,0,0,담하,한우 차돌박이 된장찌개
2023-07-18,4,7,Summer,0,0,0,담하,한우 차돌박이 된장찌개
2023-07-19,7,7,Summer,0,0,0,담하,한우 차돌박이 된장찌개
2023-07-20,18,7,Summer,0,0,0,담하,한우 차돌박이 된장찌개
2023-07-21,13,7,Summer,0,0,0,담하,한우 차돌박이 된장찌개
2023-07-22,5,7,Summer,1,0,1,담하,한우 차돌박이 된장찌개
2023-07-23,11,7,Summer,1,0,1,담하,한우 차돌박이 된장찌개
2023-07-24,7,7,Summer,0,0,0,담하,한우 차돌박이 된장찌개
2023-07-25,9,7,Summer,0,0,0,담하,한우 차돌박이 된장찌개
2023-07-26,12,7,Summer,0,0,0,담하,한우 차돌박이 된장찌개
2023-07-27,13,7,Summer,0,0,0,담하,한우 차돌박이 된장찌개
2023-07-28,8,7,Summer,0,0,0,담하,한우 차돌박이 된장찌개
2023-07-29,13,7,Summer,1,0,1,담하,한우 차돌박이 된장찌개
2023-07-30,9,7,Summer,1,0,1,담하,한우 차돌박이 된장찌개
2023-07-31,9,7,Summer,0,0,0,담하,한우 차돌박이 된장찌개
2023-08-01,11,8,Summer,0,0,0,담하,한우 차돌박이 된장찌개
2023-08-02,15,8,Summer,0,0,0,담하,한우 차돌박이 된장찌개
2023-08-03,10,8,Summer,0,0,0,담하,한우 차돌박이 된장찌개
2023-08-04,14,8,Summer,0,0,0,담하,한우 차돌박이 된장찌개
2023-08-05,13,8,Summer,1,0,1,담하,한우 차돌박이 된장찌개
2023-08-06,11,8,Summer,1,0,1,담하,한우 차돌박이 된장찌개
2023-08-07,6,8,Summer,0,0,0,담하,한우 차돌박이 된장찌개
2023-08-08,11,8,Summer,0,0,0,담하,한우 차돌박이 된장찌개
2023-08-09,6,8,Summer,0,0,0,담하,한우 차돌박이 된장찌개
2023-08-10,11,8,Summer,0,0,0,담하,한우 차돌박이 된장찌개
2023-08-11,9,8,Summer,0,0,0,담하,한우 차돌박이 된장찌개
2023-08-12,17,8,Summer,1,0,1,담하,한우 차돌박이 된장찌개
2023-08-13,9,8,Summer,1,0,1,담하,한우 차돌박이 된장찌개
2023-08-14,10,8,Summer,0,0,0,담하,한우 차돌박이 된장찌개
2023-08-15,9,8,Summer,0,1,1,담하,한우 차돌박이 된장찌개
2023-08-16,6,8,Summer,0,0,0,담하,한우 차돌박이 된장찌개
2023-08-17,4,8,Summer,0,0,0,담하,한우 차돌박이 된장찌개
2023-08-18,5,8,Summer,0,0,0,담하,한우 차돌박이 된장찌개
2023-08-19,14,8,Summer,1,0,1,담하,한우 차돌박이 된장찌개
2023-08-20,8,8,Summer,1,0,1,담하,한우 차돌박이 된장찌개
2023-08-21,6,8,Summer,0,0,0,담하,한우 차돌박이 된장찌개
2023-08-22,6,8,Summer,0,0,0,담하,한우 차돌박이 된장찌개
2023-08-23,4,8,Summer,0,0,0,담하,한우 차돌박이 된장찌개
2023-08-24,7,8,Summer,0,0,0,담하,한우 차돌박이 된장찌개
2023-08-25,11,8,Summer,0,0,0,담하,한우 차돌박이 된장찌개
2023-08-26,7,8,Summer,1,0,1,담하,한우 차돌박이 된장찌개
2023-08-27,13,8,Summer,1,0,1,담하,한우 차돌박이 된장찌개
2023-08-28,3,8,Summer,0,0,0,담하,한우 차돌박이 된장찌개
2023-08-29,13,8,Summer,0,0,0,담하,한우 차돌박이 된장찌개
2023-08-30,4,8,Summer,0,0,0,담하,한우 차돌박이 된장찌개
2023-08-31,11,8,Summer,0,0,0,담하,한우 차돌박이 된장찌개
2023-09-01,7,9,Autumn,0,0,0,담하,한우 차돌박이 된장찌개
2023-09-02,9,9,Autumn,1,0,1,담하,한우 차돌박이 된장찌개
2023-09-03,9,9,Autumn,1,0,1,담하,한우 차돌박이 된장찌개
2023-09-04,3,9,Autumn,0,0,0,담하,한우 차돌박이 된장찌개
2023-09-05,1,9,Autumn,0,0,0,담하,한우 차돌박이 된장찌개
2023-09-06,0,9,Autumn,0,0,0,담하,한우 차돌박이 된장찌개
2023-09-07,6,9,Autumn,0,0,0,담하,한우 차돌박이 된장찌개
2023-09-08,14,9,Autumn,0,0,0,담하,한우 차돌박이 된장찌개
2023-09-09,9,9,Autumn,1,0,1,담하,한우 차돌박이 된장찌개
2023-09-10,5,9,Autumn,1,0,1,담하,한우 차돌박이 된장찌개
2023-09-11,2,9,Autumn,0,0,0,담하,한우 차돌박이 된장찌개
2023-09-12,14,9,Autumn,0,0,0,담하,한우 차돌박이 된장찌개
2023-09-13,5,9,Autumn,0,0,0,담하,한우 차돌박이 된장찌개
2023-09-14,3,9,Autumn,0,0,0,담하,한우 차돌박이 된장찌개
2023-09-15,15,9,Autumn,0,0,0,담하,한우 차돌박이 된장찌개
2023-09-16,18,9,Autumn,1,0,1,담하,한우 차돌박이 된장찌개
2023-09-17,8,9,Autumn,1,0,1,담하,한우 차돌박이 된장찌개
2023-09-18,3,9,Autumn,0,0,0,담하,한우 차돌박이 된장찌개
2023-09-19,9,9,Autumn,0,0,0,담하,한우 차돌박이 된장찌개
2023-09-20,2,9,Autumn,0,0,0,담하,한우 차돌박이 된장찌개
2023-09-21,11,9,Autumn,0,0,0,담하,한우 차돌박이 된장찌개
2023-09-22,7,9,Autumn,0,0,0,담하,한우 차돌박이 된장찌개
2023-09-23,11,9,Autumn,1,0,1,담하,한우 차돌박이 된장찌개
2023-09-24,8,9,Autumn,1,0,1,담하,한우 차돌박이 된장찌개
2023-09-25,6,9,Autumn,0,0,0,담하,한우 차돌박이 된장찌개
2023-09-26,0,9,Autumn,0,0,0,담하,한우 차돌박이 된장찌개
2023-09-27,8,9,Autumn,0,0,0,담하,한우 차돌박이 된장찌개
2023-09-28,27,9,Autumn,0,1,1,담하,한우 차돌박이 된장찌개
2023-09-29,30,9,Autumn,0,1,1,담하,한우 차돌박이 된장찌개
2023-09-30,30,9,Autumn,1,1,1,담하,한우 차돌박이 된장찌개
2023-10-01,27,10,Autumn,1,0,1,담하,한우 차돌박이 된장찌개
2023-10-02,28,10,Autumn,0,1,1,담하,한우 차돌박이 된장찌개
2023-10-03,13,10,Autumn,0,1,1,담하,한우 차돌박이 된장찌개
2023-10-04,4,10,Autumn,0,0,0,담하,한우 차돌박이 된장찌개
2023-10-05,5,10,Autumn,0,0,0,담하,한우 차돌박이 된장찌개
2023-10-06,21,10,Autumn,0,0,0,담하,한우 차돌박이 된장찌개
2023-10-07,24,10,Autumn,1,0,1,담하,한우 차돌박이 된장찌개
2023-10-08,31,10,Autumn,1,0,1,담하,한우 차돌박이 된장찌개
2023-10-09,33,10,Autumn,0,1,1,담하,한우 차돌박이 된장찌개
2023-10-10,10,10,Autumn,0,0,0,담하,한우 차돌박이 된장찌개
2023-10-11,7,10,Autumn,0,0,0,담하,한우 차돌박이 된장찌개
2023-10-12,5,10,Autumn,0,0,0,담하,한우 차돌박이 된장찌개
2023-10-13,19,10,Autumn,0,0,0,담하,한우 차돌박이 된장찌개
2023-10-14,23,10,Autumn,1,0,1,담하,한우 차돌박이 된장찌개
2023-10-15,7,10,Autumn,1,0,1,담하,한우 차돌박이 된장찌개
2023-10-16,15,10,Autumn,0,0,0,담하,한우 차돌박이 된장찌개
2023-10-17,21,10,Autumn,0,0,0,담하,한우 차돌박이 된장찌개
2023-10-18,21,10,Autumn,0,0,0,담하,한우 차돌박이 된장찌개
2023-10-19,30,10,Autumn,0,0,0,담하,한우 차돌박이 된장찌개
2023-10-20,16,10,Autumn,0,0,0,담하,한우 차돌박이 된장찌개
2023-10-21,18,10,Autumn,1,0,1,담하,한우 차돌박이 된장찌개
2023-10-22,21,10,Autumn,1,0,1,담하,한우 차돌박이 된장찌개
2023-10-23,15,10,Autumn,0,0,0,담하,한우 차돌박이 된장찌개
2023-10-24,20,10,Autumn,0,0,0,담하,한우 차돌박이 된장찌개
2023-10-25,24,10,Autumn,0,0,0,담하,한우 차돌박이 된장찌개
2023-10-26,17,10,Autumn,0,0,0,담하,한우 차돌박이 된장찌개
2023-10-27,34,10,Autumn,0,0,0,담하,한우 차돌박이 된장찌개
2023-10-28,28,10,Autumn,1,0,1,담하,한우 차돌박이 된장찌개
2023-10-29,28,10,Autumn,1,0,1,담하,한우 차돌박이 된장찌개
2023-10-30,22,10,Autumn,0,0,0,담하,한우 차돌박이 된장찌개
2023-10-31,18,10,Autumn,0,0,0,담하,한우 차돌박이 된장찌개
2023-11-01,22,11,Autumn,0,0,0,담하,한우 차돌박이 된장찌개
2023-11-02,25,11,Autumn,0,0,0,담하,한우 차돌박이 된장찌개
2023-11-03,33,11,Autumn,0,0,0,담하,한우 차돌박이 된장찌개
2023-11-04,20,11,Autumn,1,0,1,담하,한우 차돌박이 된장찌개
2023-11-05,22,11,Autumn,1,0,1,담하,한우 차돌박이 된장찌개
2023-11-06,19,11,Autumn,0,0,0,담하,한우 차돌박이 된장찌개
2023-11-07,14,11,Autumn,0,0,0,담하,한우 차돌박이 된장찌개
2023-11-08,21,11,Autumn,0,0,0,담하,한우 차돌박이 된장찌개
2023-11-09,49,11,Autumn,0,0,0,담하,한우 차돌박이 된장찌개
2023-11-10,11,11,Autumn,0,0,0,담하,한우 차돌박이 된장찌개
2023-11-11,15,11,Autumn,1,0,1,담하,한우 차돌박이 된장찌개
2023-11-12,9,11,Autumn,1,0,1,담하,한우 차돌박이 된장찌개
2023-11-13,17,11,Autumn,0,0,0,담하,한우 차돌박이 된장찌개
2023-11-14,9,11,Autumn,0,0,0,담하,한우 차돌박이 된장찌개
2023-11-15,14,11,Autumn,0,0,0,담하,한우 차돌박이 된장찌개
2023-11-16,5,11,Autumn,0,0,0,담하,한우 차돌박이 된장찌개
2023-11-17,9,11,Autumn,0,0,0,담하,한우 차돌박이 된장찌개
2023-11-18,7,11,Autumn,1,0,1,담하,한우 차돌박이 된장찌개
2023-11-19,11,11,Autumn,1,0,1,담하,한우 차돌박이 된장찌개
2023-11-20,5,11,Autumn,0,0,0,담하,한우 차돌박이 된장찌개
2023-11-21,13,11,Autumn,0,0,0,담하,한우 차돌박이 된장찌개
2023-11-22,11,11,Autumn,0,0,0,담하,한우 차돌박이 된장찌개
2023-11-23,11,11,Autumn,0,0,0,담하,한우 차돌박이 된장찌개
2023-11-24,9,11,Autumn,0,0,0,담하,한우 차돌박이 된장찌개
2023-11-25,18,11,Autumn,1,0,1,담하,한우 차돌박이 된장찌개
2023-11-26,12,11,Autumn,1,0,1,담하,한우 차돌박이 된장찌개
2023-11-27,4,11,Autumn,0,0,0,담하,한우 차돌박이 된장찌개
2023-11-28,1,11,Autumn,0,0,0,담하,한우 차돌박이 된장찌개
2023-11-29,3,11,Autumn,0,0,0,담하,한우 차돌박이 된장찌개
2023-11-30,6,11,Autumn,0,0,0,담하,한우 차돌박이 된장찌개
2023-12-01,6,12,Winter,0,0,0,담하,한우 차돌박이 된장찌개
2023-12-02,7,12,Winter,1,0,1,담하,한우 차돌박이 된장찌개
2023-12-03,5,12,Winter,1,0,1,담하,한우 차돌박이 된장찌개
2023-12-04,3,12,Winter,0,0,0,담하,한우 차돌박이 된장찌개
2023-12-05,1,12,Winter,0,0,0,담하,한우 차돌박이 된장찌개
2023-12-06,0,12,Winter,0,0,0,담하,한우 차돌박이 된장찌개
2023-12-07,3,12,Winter,0,0,0,담하,한우 차돌박이 된장찌개
2023-12-08,4,12,Winter,0,0,0,담하,한우 차돌박이 된장찌개
2023-12-09,14,12,Winter,1,0,1,담하,한우 차돌박이 된장찌개
2023-12-10,9,12,Winter,1,0,1,담하,한우 차돌박이 된장찌개
2023-12-11,6,12,Winter,0,0,0,담하,한우 차돌박이 된장찌개
2023-12-12,4,12,Winter,0,0,0,담하,한우 차돌박이 된장찌개
2023-12-13,12,12,Winter,0,0,0,담하,한우 차돌박이 된장찌개
2023-12-14,2,12,Winter,0,0,0,담하,한우 차돌박이 된장찌개
2023-12-15,7,12,Winter,0,0,0,담하,한우 차돌박이 된장찌개
2023-12-16,12,12,Winter,1,0,1,담하,한우 차돌박이 된장찌개
2023-12-17,6,12,Winter,1,0,1,담하,한우 차돌박이 된장찌개
2023-12-18,13,12,Winter,0,0,0,담하,한우 차돌박이 된장찌개
2023-12-19,10,12,Winter,0,0,0,담하,한우 차돌박이 된장찌개
2023-12-20,10,12,Winter,0,0,0,담하,한우 차돌박이 된장찌개
2023-12-21,15,12,Winter,0,0,0,담하,한우 차돌박이 된장찌개
2023-12-22,22,12,Winter,0,0,0,담하,한우 차돌박이 된장찌개
2023-12-23,21,12,Winter,1,0,1,담하,한우 차돌박이 된장찌개
2023-12-24,9,12,Winter,1,0,1,담하,한우 차돌박이 된장찌개
2023-12-25,31,12,Winter,0,1,1,담하,한우 차돌박이 된장찌개
2023-12-26,27,12,Winter,0,0,0,담하,한우 차돌박이 된장찌개
2023-12-27,15,12,Winter,0,0,0,담하,한우 차돌박이 된장찌개
2023-12-28,18,12,Winter,0,0,0,담하,한우 차돌박이 된장찌개
2023-12-29,16,12,Winter,0,0,0,담하,한우 차돌박이 된장찌개
2023-12-30,19,12,Winter,1,0,1,담하,한우 차돌박이 된장찌개
2023-12-31,15,12,Winter,1,0,1,담하,한우 차돌박이 된장찌개
2024-01-01,27,1,Winter,0,1,1,담하,한우 차돌박이 된장찌개
2024-01-02,14,1,Winter,0,0,0,담하,한우 차돌박이 된장찌개
2024-01-03,7,1,Winter,0,0,0,담하,한우 차돌박이 된장찌개
2024-01-04,11,1,Winter,0,0,0,담하,한우 차돌박이 된장찌개
2024-01-05,9,1,Winter,0,0,0,담하,한우 차돌박이 된장찌개
2024-01-06,19,1,Winter,1,0,1,담하,한우 차돌박이 된장찌개
2024-01-07,20,1,Winter,1,0,1,담하,한우 차돌박이 된장찌개
2024-01-08,8,1,Winter,0,0,0,담하,한우 차돌박이 된장찌개
2024-01-09,14,1,Winter,0,0,0,담하,한우 차돌박이 된장찌개
2024-01-10,8,1,Winter,0,0,0,담하,한우 차돌박이 된장찌개
2024-01-11,10,1,Winter,0,0,0,담하,한우 차돌박이 된장찌개
2024-01-12,11,1,Winter,0,0,0,담하,한우 차돌박이 된장찌개
2024-01-13,24,1,Winter,1,0,1,담하,한우 차돌박이 된장찌개
2024-01-14,21,1,Winter,1,0,1,담하,한우 차돌박이 된장찌개
2024-01-15,7,1,Winter,0,0,0,담하,한우 차돌박이 된장찌개
2024-01-16,9,1,Winter,0,0,0,담하,한우 차돌박이 된장찌개
2024-01-17,4,1,Winter,0,0,0,담하,한우 차돌박이 된장찌개
2024-01-18,8,1,Winter,0,0,0,담하,한우 차돌박이 된장찌개
2024-01-19,16,1,Winter,0,0,0,담하,한우 차돌박이 된장찌개
2024-01-20,22,1,Winter,1,0,1,담하,한우 차돌박이 된장찌개
2024-01-21,19,1,Winter,1,0,1,담하,한우 차돌박이 된장찌개
2024-01-22,24,1,Winter,0,0,0,담하,한우 차돌박이 된장찌개
2024-01-23,11,1,Winter,0,0,0,담하,한우 차돌박이 된장찌개
2024-01-24,12,1,Winter,0,0,0,담하,한우 차돌박이 된장찌개
2024-01-25,9,1,Winter,0,0,0,담하,한우 차돌박이 된장찌개
2024-01-26,9,1,Winter,0,0,0,담하,한우 차돌박이 된장찌개
2024-01-27,19,1,Winter,1,0,1,담하,한우 차돌박이 된장찌개
2024-01-28,21,1,Winter,1,0,1,담하,한우 차돌박이 된장찌개
2024-01-29,19,1,Winter,0,0,0,담하,한우 차돌박이 된장찌개
2024-01-30,23,1,Winter,0,0,0,담하,한우 차돌박이 된장찌개
2024-01-31,11,1,Winter,0,0,0,담하,한우 차돌박이 된장찌개
2024-02-01,7,2,Winter,0,0,0,담하,한우 차돌박이 된장찌개
2024-02-02,16,2,Winter,0,0,0,담하,한우 차돌박이 된장찌개
2024-02-03,17,2,Winter,1,0,1,담하,한우 차돌박이 된장찌개
2024-02-04,15,2,Winter,1,0,1,담하,한우 차돌박이 된장찌개
2024-02-05,7,2,Winter,0,0,0,담하,한우 차돌박이 된장찌개
2024-02-06,5,2,Winter,0,0,0,담하,한우 차돌박이 된장찌개
2024-02-07,7,2,Winter,0,0,0,담하,한우 차돌박이 된장찌개
2024-02-08,14,2,Winter,0,0,0,담하,한우 차돌박이 된장찌개
2024-02-09,23,2,Winter,0,1,1,담하,한우 차돌박이 된장찌개
2024-02-10,19,2,Winter,1,1,1,담하,한우 차돌박이 된장찌개
2024-02-11,22,2,Winter,1,1,1,담하,한우 차돌박이 된장찌개
2024-02-12,23,2,Winter,0,1,1,담하,한우 차돌박이 된장찌개
2024-02-13,5,2,Winter,0,0,0,담하,한우 차돌박이 된장찌개
2024-02-14,19,2,Winter,0,0,0,담하,한우 차돌박이 된장찌개
2024-02-15,13,2,Winter,0,0,0,담하,한우 차돌박이 된장찌개
2024-02-16,23,2,Winter,0,0,0,담하,한우 차돌박이 된장찌개
2024-02-17,9,2,Winter,1,0,1,담하,한우 차돌박이 된장찌개
2024-02-18,21,2,Winter,1,0,1,담하,한우 차돌박이 된장찌개
2024-02-19,4,2,Winter,0,0,0,담하,한우 차돌박이 된장찌개
2024-02-20,8,2,Winter,0,0,0,담하,한우 차돌박이 된장찌개
2024-02-21,6,2,Winter,0,0,0,담하,한우 차돌박이 된장찌개
2024-02-22,9,2,Winter,0,0,0,담하,한우 차돌박이 된장찌개
2024-02-23,12,2,Winter,0,0,0,담하,한우 차돌박이 된장찌개
2024-02-24,19,2,Winter,1,0,1,담하,한우 차돌박이 된장찌개
2024-02-25,23,2,Winter,1,0,1,담하,한우 차돌박이 된장찌개
2024-02-26,5,2,Winter,0,0,0,담하,한우 차돌박이 된장찌개
2024-02-27,6,2,Winter,0,0,0,담하,한우 차돌박이 된장찌개
2024-02-28,4,2,Winter,0,0,0,담하,한우 차돌박이 된장찌개
2024-02-29,6,2,Winter,0,0,0,담하,한우 차돌박이 된장찌개
2024-03-01,8,3,Spring,0,1,1,담하,한우 차돌박이 된장찌개
2024-03-02,12,3,Spring,1,0,1,담하,한우 차돌박이 된장찌개
2024-03-03,2,3,Spring,1,0,1,담하,한우 차돌박이 된장찌개
2024-03-04,0,3,Spring,0,0,0,담하,한우 차돌박이 된장찌개
2024-03-05,0,3,Spring,0,0,0,담하,한우 차돌박이 된장찌개
2024-03-06,0,3,Spring,0,0,0,담하,한우 차돌박이 된장찌개
2024-03-07,0,3,Spring,0,0,0,담하,한우 차돌박이 된장찌개
2024-03-08,0,3,Spring,0,0,0,담하,한우 차돌박이 된장찌개
2024-03-09,0,3,Spring,1,0,1,담하,한우 차돌박이 된장찌개
2024-03-10,0,3,Spring,1,0,1,담하,한우 차돌박이 된장찌개
2024-03-11,0,3,Spring,0,0,0,담하,한우 차돌박이 된장찌개
2024-03-12,0,3,Spring,0,0,0,담하,한우 차돌박이 된장찌개
2024-03-13,0,3,Spring,0,0,0,담하,한우 차돌박이 된장찌개
2024-03-14,0,3,Spring,0,0,0,담하,한우 차돌박이 된장찌개
2024-03-15,3,3,Spring,0,0,0,담하,한우 차돌박이 된장찌개
2024-03-16,2,3,Spring,1,0,1,담하,한우 차돌박이 된장찌개
2024-03-17,1,3,Spring,1,0,1,담하,한우 차돌박이 된장찌개
2024-03-18,1,3,Spring,0,0,0,담하,한우 차돌박이 된장찌개
2024-03-19,1,3,Spring,0,0,0,담하,한우 차돌박이 된장찌개
2024-03-20,5,3,Spring,0,0,0,담하,한우 차돌박이 된장찌개
2024-03-21,0,3,Spring,0,0,0,담하,한우 차돌박이 된장찌개
2024-03-22,3,3,Spring,0,0,0,담하,한우 차돌박이 된장찌개
2024-03-23,9,3,Spring,1,0,1,담하,한우 차돌박이 된장찌개
2024-03-24,6,3,Spring,1,0,1,담하,한우 차돌박이 된장찌개
2024-03-25,14,3,Spring,0,0,0,담하,한우 차돌박이 된장찌개
2024-03-26,2,3,Spring,0,0,0,담하,한우 차돌박이 된장찌개
2024-03-27,2,3,Spring,0,0,0,담하,한우 차돌박이 된장찌개
2024-03-28,3,3,Spring,0,0,0,담하,한우 차돌박이 된장찌개
2024-03-29,5,3,Spring,0,0,0,담하,한우 차돌박이 된장찌개
2024-03-30,9,3,Spring,1,0,1,담하,한우 차돌박이 된장찌개
2024-03-31,9,3,Spring,1,0,1,담하,한우 차돌박이 된장찌개
2024-04-01,3,4,Spring,0,0,0,담하,한우 차돌박이 된장찌개
2024-04-02,12,4,Spring,0,0,0,담하,한우 차돌박이 된장찌개
2024-04-03,7,4,Spring,0,0,0,담하,한우 차돌박이 된장찌개
2024-04-04,14,4,Spring,0,0,0,담하,한우 차돌박이 된장찌개
2024-04-05,14,4,Spring,0,0,0,담하,한우 차돌박이 된장찌개
2024-04-06,16,4,Spring,1,0,1,담하,한우 차돌박이 된장찌개
2024-04-07,6,4,Spring,1,0,1,담하,한우 차돌박이 된장찌개
2024-04-08,6,4,Spring,0,0,0,담하,한우 차돌박이 된장찌개
2024-04-09,8,4,Spring,0,0,0,담하,한우 차돌박이 된장찌개
2024-04-10,18,4,Spring,0,1,1,담하,한우 차돌박이 된장찌개
2024-04-11,23,4,Spring,0,0,0,담하,한우 차돌박이 된장찌개
2024-04-12,14,4,Spring,0,0,0,담하,한우 차돌박이 된장찌개
2024-04-13,22,4,Spring,1,0,1,담하,한우 차돌박이 된장찌개
2024-04-14,16,4,Spring,1,0,1,담하,한우 차돌박이 된장찌개
2024-04-15,11,4,Spring,0,0,0,담하,한우 차돌박이 된장찌개
2024-04-16,8,4,Spring,0,0,0,담하,한우 차돌박이 된장찌개
2024-04-17,10,4,Spring,0,0,0,담하,한우 차돌박이 된장찌개
2024-04-18,12,4,Spring,0,0,0,담하,한우 차돌박이 된장찌개
2024-04-19,15,4,Spring,0,0,0,담하,한우 차돌박이 된장찌개
2024-04-20,25,4,Spring,1,0,1,담하,한우 차돌박이 된장찌개
2024-04-21,14,4,Spring,1,0,1,담하,한우 차돌박이 된장찌개
2024-04-22,4,4,Spring,0,0,0,담하,한우 차돌박이 된장찌개
2024-04-23,11,4,Spring,0,0,0,담하,한우 차돌박이 된장찌개
2024-04-24,3,4,Spring,0,0,0,담하,한우 차돌박이 된장찌개
2024-04-25,30,4,Spring,0,0,0,담하,한우 차돌박이 된장찌개
2024-04-26,20,4,Spring,0,0,0,담하,한우 차돌박이 된장찌개
2024-04-27,11,4,Spring,1,0,1,담하,한우 차돌박이 된장찌개
2024-04-28,12,4,Spring,1,0,1,담하,한우 차돌박이 된장찌개
2024-04-29,4,4,Spring,0,0,0,담하,한우 차돌박이 된장찌개
2024-04-30,9,4,Spring,0,0,0,담하,한우 차돌박이 된장찌개
2024-05-01,20,5,Spring,0,0,0,담하,한우 차돌박이 된장찌개
2024-05-02,13,5,Spring,0,0,0,담하,한우 차돌박이 된장찌개
2024-05-03,7,5,Spring,0,0,0,담하,한우 차돌박이 된장찌개
2024-05-04,16,5,Spring,1,0,1,담하,한우 차돌박이 된장찌개
2024-05-05,16,5,Spring,1,1,1,담하,한우 차돌박이 된장찌개
2024-05-06,9,5,Spring,0,1,1,담하,한우 차돌박이 된장찌개
2024-05-07,2,5,Spring,0,0,0,담하,한우 차돌박이 된장찌개
2024-05-08,4,5,Spring,0,0,0,담하,한우 차돌박이 된장찌개
2024-05-09,6,5,Spring,0,0,0,담하,한우 차돌박이 된장찌개
2024-05-10,7,5,Spring,0,0,0,담하,한우 차돌박이 된장찌개
2024-05-11,32,5,Spring,1,0,1,담하,한우 차돌박이 된장찌개
2024-05-12,19,5,Spring,1,0,1,담하,한우 차돌박이 된장찌개
2024-05-13,4,5,Spring,0,0,0,담하,한우 차돌박이 된장찌개
2024-05-14,13,5,Spring,0,0,0,담하,한우 차돌박이 된장찌개
2024-05-15,3,5,Spring,0,1,1,담하,한우 차돌박이 된장찌개
2024-05-16,12,5,Spring,0,0,0,담하,한우 차돌박이 된장찌개
2024-05-17,6,5,Spring,0,0,0,담하,한우 차돌박이 된장찌개
2024-05-18,17,5,Spring,1,0,1,담하,한우 차돌박이 된장찌개
2024-05-19,8,5,Spring,1,0,1,담하,한우 차돌박이 된장찌개
2024-05-20,9,5,Spring,0,0,0,담하,한우 차돌박이 된장찌개
2024-05-21,17,5,Spring,0,0,0,담하,한우 차돌박이 된장찌개
2024-05-22,8,5,Spring,0,0,0,담하,한우 차돌박이 된장찌개
2024-05-23,3,5,Spring,0,0,0,담하,한우 차돌박이 된장찌개
2024-05-24,11,5,Spring,0,0,0,담하,한우 차돌박이 된장찌개
2024-05-25,17,5,Spring,1,0,1,담하,한우 차돌박이 된장찌개
2024-05-26,11,5,Spring,1,0,1,담하,한우 차돌박이 된장찌개
2024-05-27,6,5,Spring,0,0,0,담하,한우 차돌박이 된장찌개
2024-05-28,4,5,Spring,0,0,0,담하,한우 차돌박이 된장찌개
2024-05-29,3,5,Spring,0,0,0,담하,한우 차돌박이 된장찌개
2024-05-30,5,5,Spring,0,0,0,담하,한우 차돌박이 된장찌개
2024-05-31,12,5,Spring,0,0,0,담하,한우 차돌박이 된장찌개
2024-06-01,13,6,Summer,1,0,1,담하,한우 차돌박이 된장찌개
2024-06-02,5,6,Summer,1,0,1,담하,한우 차돌박이 된장찌개
2024-06-03,1,6,Summer,0,0,0,담하,한우 차돌박이 된장찌개
2024-06-04,11,6,Summer,0,0,0,담하,한우 차돌박이 된장찌개
2024-06-05,8,6,Summer,0,0,0,담하,한우 차돌박이 된장찌개
2024-06-06,16,6,Summer,0,1,1,담하,한우 차돌박이 된장찌개
2024-06-07,11,6,Summer,0,0,0,담하,한우 차돌박이 된장찌개
2024-06-08,5,6,Summer,1,0,1,담하,한우 차돌박이 된장찌개
2024-06-09,5,6,Summer,1,0,1,담하,한우 차돌박이 된장찌개
2024-06-10,5,6,Summer,0,0,0,담하,한우 차돌박이 된장찌개
2024-06-11,6,6,Summer,0,0,0,담하,한우 차돌박이 된장찌개
2024-06-12,2,6,Summer,0,0,0,담하,한우 차돌박이 된장찌개
2024-06-13,4,6,Summer,0,0,0,담하,한우 차돌박이 된장찌개
2024-06-14,4,6,Summer,0,0,0,담하,한우 차돌박이 된장찌개
2024-06-15,18,6,Summer,1,0,1,담하,한우 차돌박이 된장찌개
2023-01-01,10,1,Winter,1,1,1,담하,황태해장국
2023-01-02,14,1,Winter,0,0,0,담하,황태해장국
2023-01-03,7,1,Winter,0,0,0,담하,황태해장국
2023-01-04,13,1,Winter,0,0,0,담하,황태해장국
2023-01-05,1,1,Winter,0,0,0,담하,황태해장국
2023-01-06,11,1,Winter,0,0,0,담하,황태해장국
2023-01-07,3,1,Winter,1,0,1,담하,황태해장국
2023-01-08,8,1,Winter,1,0,1,담하,황태해장국
2023-01-09,7,1,Winter,0,0,0,담하,황태해장국
2023-01-10,7,1,Winter,0,0,0,담하,황태해장국
2023-01-11,2,1,Winter,0,0,0,담하,황태해장국
2023-01-12,15,1,Winter,0,0,0,담하,황태해장국
2023-01-13,0,1,Winter,0,0,0,담하,황태해장국
2023-01-14,11,1,Winter,1,0,1,담하,황태해장국
2023-01-15,6,1,Winter,1,0,1,담하,황태해장국
2023-01-16,5,1,Winter,0,0,0,담하,황태해장국
2023-01-17,45,1,Winter,0,0,0,담하,황태해장국
2023-01-18,2,1,Winter,0,0,0,담하,황태해장국
2023-01-19,2,1,Winter,0,0,0,담하,황태해장국
2023-01-20,0,1,Winter,0,0,0,담하,황태해장국
2023-01-21,4,1,Winter,1,1,1,담하,황태해장국
2023-01-22,6,1,Winter,1,1,1,담하,황태해장국
2023-01-23,16,1,Winter,0,1,1,담하,황태해장국
2023-01-24,5,1,Winter,0,1,1,담하,황태해장국
2023-01-25,6,1,Winter,0,0,0,담하,황태해장국
2023-01-26,2,1,Winter,0,0,0,담하,황태해장국
2023-01-27,5,1,Winter,0,0,0,담하,황태해장국
2023-01-28,9,1,Winter,1,0,1,담하,황태해장국
2023-01-29,3,1,Winter,1,0,1,담하,황태해장국
2023-01-30,0,1,Winter,0,0,0,담하,황태해장국
2023-01-31,1,1,Winter,0,0,0,담하,황태해장국
2023-02-01,2,2,Winter,0,0,0,담하,황태해장국
2023-02-02,0,2,Winter,0,0,0,담하,황태해장국
2023-02-03,0,2,Winter,0,0,0,담하,황태해장국
2023-02-04,1,2,Winter,1,0,1,담하,황태해장국
2023-02-05,4,2,Winter,1,0,1,담하,황태해장국
2023-02-06,1,2,Winter,0,0,0,담하,황태해장국
2023-02-07,1,2,Winter,0,0,0,담하,황태해장국
2023-02-08,2,2,Winter,0,0,0,담하,황태해장국
2023-02-09,9,2,Winter,0,0,0,담하,황태해장국
2023-02-10,0,2,Winter,0,0,0,담하,황태해장국
2023-02-11,6,2,Winter,1,0,1,담하,황태해장국
2023-02-12,5,2,Winter,1,0,1,담하,황태해장국
2023-02-13,7,2,Winter,0,0,0,담하,황태해장국
2023-02-14,2,2,Winter,0,0,0,담하,황태해장국
2023-02-15,1,2,Winter,0,0,0,담하,황태해장국
2023-02-16,0,2,Winter,0,0,0,담하,황태해장국
2023-02-17,10,2,Winter,0,0,0,담하,황태해장국
2023-02-18,3,2,Winter,1,0,1,담하,황태해장국
2023-02-19,6,2,Winter,1,0,1,담하,황태해장국
2023-02-20,3,2,Winter,0,0,0,담하,황태해장국
2023-02-21,1,2,Winter,0,0,0,담하,황태해장국
2023-02-22,5,2,Winter,0,0,0,담하,황태해장국
2023-02-23,1,2,Winter,0,0,0,담하,황태해장국
2023-02-24,4,2,Winter,0,0,0,담하,황태해장국
2023-02-25,12,2,Winter,1,0,1,담하,황태해장국
2023-02-26,9,2,Winter,1,0,1,담하,황태해장국
2023-02-27,3,2,Winter,0,0,0,담하,황태해장국
2023-02-28,2,2,Winter,0,0,0,담하,황태해장국
2023-03-01,2,3,Spring,0,1,1,담하,황태해장국
2023-03-02,0,3,Spring,0,0,0,담하,황태해장국
2023-03-03,0,3,Spring,0,0,0,담하,황태해장국
2023-03-04,0,3,Spring,1,0,1,담하,황태해장국
2023-03-05,0,3,Spring,1,0,1,담하,황태해장국
2023-03-06,0,3,Spring,0,0,0,담하,황태해장국
2023-03-07,0,3,Spring,0,0,0,담하,황태해장국
2023-03-08,0,3,Spring,0,0,0,담하,황태해장국
2023-03-09,0,3,Spring,0,0,0,담하,황태해장국
2023-03-10,0,3,Spring,0,0,0,담하,황태해장국
2023-03-11,1,3,Spring,1,0,1,담하,황태해장국
2023-03-12,8,3,Spring,1,0,1,담하,황태해장국
2023-03-13,3,3,Spring,0,0,0,담하,황태해장국
2023-03-14,3,3,Spring,0,0,0,담하,황태해장국
2023-03-15,1,3,Spring,0,0,0,담하,황태해장국
2023-03-16,0,3,Spring,0,0,0,담하,황태해장국
2023-03-17,1,3,Spring,0,0,0,담하,황태해장국
2023-03-18,4,3,Spring,1,0,1,담하,황태해장국
2023-03-19,16,3,Spring,1,0,1,담하,황태해장국
2023-03-20,4,3,Spring,0,0,0,담하,황태해장국
2023-03-21,0,3,Spring,0,0,0,담하,황태해장국
2023-03-22,0,3,Spring,0,0,0,담하,황태해장국
2023-03-23,4,3,Spring,0,0,0,담하,황태해장국
2023-03-24,0,3,Spring,0,0,0,담하,황태해장국
2023-03-25,13,3,Spring,1,0,1,담하,황태해장국
2023-03-26,8,3,Spring,1,0,1,담하,황태해장국
2023-03-27,2,3,Spring,0,0,0,담하,황태해장국
2023-03-28,0,3,Spring,0,0,0,담하,황태해장국
2023-03-29,0,3,Spring,0,0,0,담하,황태해장국
2023-03-30,5,3,Spring,0,0,0,담하,황태해장국
2023-03-31,1,3,Spring,0,0,0,담하,황태해장국
2023-04-01,5,4,Spring,1,0,1,담하,황태해장국
2023-04-02,16,4,Spring,1,0,1,담하,황태해장국
2023-04-03,9,4,Spring,0,0,0,담하,황태해장국
2023-04-04,13,4,Spring,0,0,0,담하,황태해장국
2023-04-05,0,4,Spring,0,0,0,담하,황태해장국
2023-04-06,9,4,Spring,0,0,0,담하,황태해장국
2023-04-07,10,4,Spring,0,0,0,담하,황태해장국
2023-04-08,21,4,Spring,1,0,1,담하,황태해장국
2023-04-09,9,4,Spring,1,0,1,담하,황태해장국
2023-04-10,1,4,Spring,0,0,0,담하,황태해장국
2023-04-11,2,4,Spring,0,0,0,담하,황태해장국
2023-04-12,1,4,Spring,0,0,0,담하,황태해장국
2023-04-13,16,4,Spring,0,0,0,담하,황태해장국
2023-04-14,7,4,Spring,0,0,0,담하,황태해장국
2023-04-15,12,4,Spring,1,0,1,담하,황태해장국
2023-04-16,16,4,Spring,1,0,1,담하,황태해장국
2023-04-17,0,4,Spring,0,0,0,담하,황태해장국
2023-04-18,10,4,Spring,0,0,0,담하,황태해장국
2023-04-19,11,4,Spring,0,0,0,담하,황태해장국
2023-04-20,11,4,Spring,0,0,0,담하,황태해장국
2023-04-21,18,4,Spring,0,0,0,담하,황태해장국
2023-04-22,18,4,Spring,1,0,1,담하,황태해장국
2023-04-23,28,4,Spring,1,0,1,담하,황태해장국
2023-04-24,12,4,Spring,0,0,0,담하,황태해장국
2023-04-25,13,4,Spring,0,0,0,담하,황태해장국
2023-04-26,12,4,Spring,0,0,0,담하,황태해장국
2023-04-27,7,4,Spring,0,0,0,담하,황태해장국
2023-04-28,7,4,Spring,0,0,0,담하,황태해장국
2023-04-29,5,4,Spring,1,0,1,담하,황태해장국
2023-04-30,36,4,Spring,1,0,1,담하,황태해장국
2023-05-01,16,5,Spring,0,0,0,담하,황태해장국
2023-05-02,5,5,Spring,0,0,0,담하,황태해장국
2023-05-03,8,5,Spring,0,0,0,담하,황태해장국
2023-05-04,1,5,Spring,0,0,0,담하,황태해장국
2023-05-05,34,5,Spring,0,1,1,담하,황태해장국
2023-05-06,15,5,Spring,1,0,1,담하,황태해장국
2023-05-07,15,5,Spring,1,0,1,담하,황태해장국
2023-05-08,5,5,Spring,0,0,0,담하,황태해장국
2023-05-09,2,5,Spring,0,0,0,담하,황태해장국
2023-05-10,6,5,Spring,0,0,0,담하,황태해장국
2023-05-11,0,5,Spring,0,0,0,담하,황태해장국
2023-05-12,24,5,Spring,0,0,0,담하,황태해장국
2023-05-13,26,5,Spring,1,0,1,담하,황태해장국
2023-05-14,8,5,Spring,1,0,1,담하,황태해장국
2023-05-15,17,5,Spring,0,0,0,담하,황태해장국
2023-05-16,4,5,Spring,0,0,0,담하,황태해장국
2023-05-17,11,5,Spring,0,0,0,담하,황태해장국
2023-05-18,7,5,Spring,0,0,0,담하,황태해장국
2023-05-19,2,5,Spring,0,0,0,담하,황태해장국
2023-05-20,31,5,Spring,1,0,1,담하,황태해장국
2023-05-21,22,5,Spring,1,0,1,담하,황태해장국
2023-05-22,8,5,Spring,0,0,0,담하,황태해장국
2023-05-23,16,5,Spring,0,0,0,담하,황태해장국
2023-05-24,7,5,Spring,0,0,0,담하,황태해장국
2023-05-25,17,5,Spring,0,0,0,담하,황태해장국
2023-05-26,8,5,Spring,0,0,0,담하,황태해장국
2023-05-27,16,5,Spring,1,1,1,담하,황태해장국
2023-05-28,12,5,Spring,1,0,1,담하,황태해장국
2023-05-29,31,5,Spring,0,1,1,담하,황태해장국
2023-05-30,8,5,Spring,0,0,0,담하,황태해장국
2023-05-31,18,5,Spring,0,0,0,담하,황태해장국
2023-06-01,6,6,Summer,0,0,0,담하,황태해장국
2023-06-02,5,6,Summer,0,0,0,담하,황태해장국
2023-06-03,8,6,Summer,1,0,1,담하,황태해장국
2023-06-04,28,6,Summer,1,0,1,담하,황태해장국
2023-06-05,8,6,Summer,0,0,0,담하,황태해장국
2023-06-06,17,6,Summer,0,1,1,담하,황태해장국
2023-06-07,7,6,Summer,0,0,0,담하,황태해장국
2023-06-08,2,6,Summer,0,0,0,담하,황태해장국
2023-06-09,8,6,Summer,0,0,0,담하,황태해장국
2023-06-10,3,6,Summer,1,0,1,담하,황태해장국
2023-06-11,28,6,Summer,1,0,1,담하,황태해장국
2023-06-12,7,6,Summer,0,0,0,담하,황태해장국
2023-06-13,2,6,Summer,0,0,0,담하,황태해장국
2023-06-14,8,6,Summer,0,0,0,담하,황태해장국
2023-06-15,5,6,Summer,0,0,0,담하,황태해장국
2023-06-16,3,6,Summer,0,0,0,담하,황태해장국
2023-06-17,10,6,Summer,1,0,1,담하,황태해장국
2023-06-18,21,6,Summer,1,0,1,담하,황태해장국
2023-06-19,3,6,Summer,0,0,0,담하,황태해장국
2023-06-20,2,6,Summer,0,0,0,담하,황태해장국
2023-06-21,0,6,Summer,0,0,0,담하,황태해장국
2023-06-22,9,6,Summer,0,0,0,담하,황태해장국
2023-06-23,14,6,Summer,0,0,0,담하,황태해장국
2023-06-24,15,6,Summer,1,0,1,담하,황태해장국
2023-06-25,16,6,Summer,1,0,1,담하,황태해장국
2023-06-26,0,6,Summer,0,0,0,담하,황태해장국
2023-06-27,0,6,Summer,0,0,0,담하,황태해장국
2023-06-28,0,6,Summer,0,0,0,담하,황태해장국
2023-06-29,3,6,Summer,0,0,0,담하,황태해장국
2023-06-30,2,6,Summer,0,0,0,담하,황태해장국
2023-07-01,18,7,Summer,1,0,1,담하,황태해장국
2023-07-02,27,7,Summer,1,0,1,담하,황태해장국
2023-07-03,3,7,Summer,0,0,0,담하,황태해장국
2023-07-04,12,7,Summer,0,0,0,담하,황태해장국
2023-07-05,4,7,Summer,0,0,0,담하,황태해장국
2023-07-06,3,7,Summer,0,0,0,담하,황태해장국
2023-07-07,0,7,Summer,0,0,0,담하,황태해장국
2023-07-08,12,7,Summer,1,0,1,담하,황태해장국
2023-07-09,13,7,Summer,1,0,1,담하,황태해장국
2023-07-10,12,7,Summer,0,0,0,담하,황태해장국
2023-07-11,1,7,Summer,0,0,0,담하,황태해장국
2023-07-12,3,7,Summer,0,0,0,담하,황태해장국
2023-07-13,1,7,Summer,0,0,0,담하,황태해장국
2023-07-14,6,7,Summer,0,0,0,담하,황태해장국
2023-07-15,16,7,Summer,1,0,1,담하,황태해장국
2023-07-16,17,7,Summer,1,0,1,담하,황태해장국
2023-07-17,2,7,Summer,0,0,0,담하,황태해장국
2023-07-18,3,7,Summer,0,0,0,담하,황태해장국
2023-07-19,1,7,Summer,0,0,0,담하,황태해장국
2023-07-20,6,7,Summer,0,0,0,담하,황태해장국
2023-07-21,36,7,Summer,0,0,0,담하,황태해장국
2023-07-22,11,7,Summer,1,0,1,담하,황태해장국
2023-07-23,10,7,Summer,1,0,1,담하,황태해장국
2023-07-24,2,7,Summer,0,0,0,담하,황태해장국
2023-07-25,4,7,Summer,0,0,0,담하,황태해장국
2023-07-26,2,7,Summer,0,0,0,담하,황태해장국
2023-07-27,17,7,Summer,0,0,0,담하,황태해장국
2023-07-28,9,7,Summer,0,0,0,담하,황태해장국
2023-07-29,15,7,Summer,1,0,1,담하,황태해장국
2023-07-30,14,7,Summer,1,0,1,담하,황태해장국
2023-07-31,15,7,Summer,0,0,0,담하,황태해장국
2023-08-01,14,8,Summer,0,0,0,담하,황태해장국
2023-08-02,7,8,Summer,0,0,0,담하,황태해장국
2023-08-03,4,8,Summer,0,0,0,담하,황태해장국
2023-08-04,16,8,Summer,0,0,0,담하,황태해장국
2023-08-05,4,8,Summer,1,0,1,담하,황태해장국
2023-08-06,3,8,Summer,1,0,1,담하,황태해장국
2023-08-07,6,8,Summer,0,0,0,담하,황태해장국
2023-08-08,2,8,Summer,0,0,0,담하,황태해장국
2023-08-09,13,8,Summer,0,0,0,담하,황태해장국
2023-08-10,2,8,Summer,0,0,0,담하,황태해장국
2023-08-11,1,8,Summer,0,0,0,담하,황태해장국
2023-08-12,8,8,Summer,1,0,1,담하,황태해장국
2023-08-13,21,8,Summer,1,0,1,담하,황태해장국
2023-08-14,23,8,Summer,0,0,0,담하,황태해장국
2023-08-15,24,8,Summer,0,1,1,담하,황태해장국
2023-08-16,5,8,Summer,0,0,0,담하,황태해장국
2023-08-17,1,8,Summer,0,0,0,담하,황태해장국
2023-08-18,1,8,Summer,0,0,0,담하,황태해장국
2023-08-19,13,8,Summer,1,0,1,담하,황태해장국
2023-08-20,8,8,Summer,1,0,1,담하,황태해장국
2023-08-21,3,8,Summer,0,0,0,담하,황태해장국
2023-08-22,3,8,Summer,0,0,0,담하,황태해장국
2023-08-23,7,8,Summer,0,0,0,담하,황태해장국
2023-08-24,1,8,Summer,0,0,0,담하,황태해장국
2023-08-25,9,8,Summer,0,0,0,담하,황태해장국
2023-08-26,7,8,Summer,1,0,1,담하,황태해장국
2023-08-27,12,8,Summer,1,0,1,담하,황태해장국
2023-08-28,11,8,Summer,0,0,0,담하,황태해장국
2023-08-29,0,8,Summer,0,0,0,담하,황태해장국
2023-08-30,2,8,Summer,0,0,0,담하,황태해장국
2023-08-31,10,8,Summer,0,0,0,담하,황태해장국
2023-09-01,11,9,Autumn,0,0,0,담하,황태해장국
2023-09-02,18,9,Autumn,1,0,1,담하,황태해장국
2023-09-03,28,9,Autumn,1,0,1,담하,황태해장국
2023-09-04,0,9,Autumn,0,0,0,담하,황태해장국
2023-09-05,9,9,Autumn,0,0,0,담하,황태해장국
2023-09-06,1,9,Autumn,0,0,0,담하,황태해장국
2023-09-07,0,9,Autumn,0,0,0,담하,황태해장국
2023-09-08,6,9,Autumn,0,0,0,담하,황태해장국
2023-09-09,9,9,Autumn,1,0,1,담하,황태해장국
2023-09-10,17,9,Autumn,1,0,1,담하,황태해장국
2023-09-11,3,9,Autumn,0,0,0,담하,황태해장국
2023-09-12,0,9,Autumn,0,0,0,담하,황태해장국
2023-09-13,3,9,Autumn,0,0,0,담하,황태해장국
2023-09-14,3,9,Autumn,0,0,0,담하,황태해장국
2023-09-15,7,9,Autumn,0,0,0,담하,황태해장국
2023-09-16,13,9,Autumn,1,0,1,담하,황태해장국
2023-09-17,27,9,Autumn,1,0,1,담하,황태해장국
2023-09-18,3,9,Autumn,0,0,0,담하,황태해장국
2023-09-19,2,9,Autumn,0,0,0,담하,황태해장국
2023-09-20,4,9,Autumn,0,0,0,담하,황태해장국
2023-09-21,2,9,Autumn,0,0,0,담하,황태해장국
2023-09-22,5,9,Autumn,0,0,0,담하,황태해장국
2023-09-23,18,9,Autumn,1,0,1,담하,황태해장국
2023-09-24,13,9,Autumn,1,0,1,담하,황태해장국
2023-09-25,2,9,Autumn,0,0,0,담하,황태해장국
2023-09-26,2,9,Autumn,0,0,0,담하,황태해장국
2023-09-27,1,9,Autumn,0,0,0,담하,황태해장국
2023-09-28,12,9,Autumn,0,1,1,담하,황태해장국
2023-09-29,44,9,Autumn,0,1,1,담하,황태해장국
2023-09-30,29,9,Autumn,1,1,1,담하,황태해장국
2023-10-01,17,10,Autumn,1,0,1,담하,황태해장국
2023-10-02,17,10,Autumn,0,1,1,담하,황태해장국
2023-10-03,17,10,Autumn,0,1,1,담하,황태해장국
2023-10-04,5,10,Autumn,0,0,0,담하,황태해장국
2023-10-05,6,10,Autumn,0,0,0,담하,황태해장국
2023-10-06,5,10,Autumn,0,0,0,담하,황태해장국
2023-10-07,17,10,Autumn,1,0,1,담하,황태해장국
2023-10-08,26,10,Autumn,1,0,1,담하,황태해장국
2023-10-09,21,10,Autumn,0,1,1,담하,황태해장국
2023-10-10,7,10,Autumn,0,0,0,담하,황태해장국
2023-10-11,2,10,Autumn,0,0,0,담하,황태해장국
2023-10-12,0,10,Autumn,0,0,0,담하,황태해장국
2023-10-13,19,10,Autumn,0,0,0,담하,황태해장국
2023-10-14,7,10,Autumn,1,0,1,담하,황태해장국
2023-10-15,9,10,Autumn,1,0,1,담하,황태해장국
2023-10-16,7,10,Autumn,0,0,0,담하,황태해장국
2023-10-17,10,10,Autumn,0,0,0,담하,황태해장국
2023-10-18,22,10,Autumn,0,0,0,담하,황태해장국
2023-10-19,13,10,Autumn,0,0,0,담하,황태해장국
2023-10-20,15,10,Autumn,0,0,0,담하,황태해장국
2023-10-21,23,10,Autumn,1,0,1,담하,황태해장국
2023-10-22,29,10,Autumn,1,0,1,담하,황태해장국
2023-10-23,15,10,Autumn,0,0,0,담하,황태해장국
2023-10-24,12,10,Autumn,0,0,0,담하,황태해장국
2023-10-25,12,10,Autumn,0,0,0,담하,황태해장국
2023-10-26,17,10,Autumn,0,0,0,담하,황태해장국
2023-10-27,20,10,Autumn,0,0,0,담하,황태해장국
2023-10-28,28,10,Autumn,1,0,1,담하,황태해장국
2023-10-29,12,10,Autumn,1,0,1,담하,황태해장국
2023-10-30,15,10,Autumn,0,0,0,담하,황태해장국
2023-10-31,10,10,Autumn,0,0,0,담하,황태해장국
2023-11-01,17,11,Autumn,0,0,0,담하,황태해장국
2023-11-02,13,11,Autumn,0,0,0,담하,황태해장국
2023-11-03,20,11,Autumn,0,0,0,담하,황태해장국
2023-11-04,44,11,Autumn,1,0,1,담하,황태해장국
2023-11-05,23,11,Autumn,1,0,1,담하,황태해장국
2023-11-06,22,11,Autumn,0,0,0,담하,황태해장국
2023-11-07,9,11,Autumn,0,0,0,담하,황태해장국
2023-11-08,9,11,Autumn,0,0,0,담하,황태해장국
2023-11-09,12,11,Autumn,0,0,0,담하,황태해장국
2023-11-10,5,11,Autumn,0,0,0,담하,황태해장국
2023-11-11,32,11,Autumn,1,0,1,담하,황태해장국
2023-11-12,23,11,Autumn,1,0,1,담하,황태해장국
2023-11-13,4,11,Autumn,0,0,0,담하,황태해장국
2023-11-14,2,11,Autumn,0,0,0,담하,황태해장국
2023-11-15,3,11,Autumn,0,0,0,담하,황태해장국
2023-11-16,4,11,Autumn,0,0,0,담하,황태해장국
2023-11-17,4,11,Autumn,0,0,0,담하,황태해장국
2023-11-18,13,11,Autumn,1,0,1,담하,황태해장국
2023-11-19,7,11,Autumn,1,0,1,담하,황태해장국
2023-11-20,3,11,Autumn,0,0,0,담하,황태해장국
2023-11-21,5,11,Autumn,0,0,0,담하,황태해장국
2023-11-22,2,11,Autumn,0,0,0,담하,황태해장국
2023-11-23,2,11,Autumn,0,0,0,담하,황태해장국
2023-11-24,19,11,Autumn,0,0,0,담하,황태해장국
2023-11-25,10,11,Autumn,1,0,1,담하,황태해장국
2023-11-26,3,11,Autumn,1,0,1,담하,황태해장국
2023-11-27,6,11,Autumn,0,0,0,담하,황태해장국
2023-11-28,0,11,Autumn,0,0,0,담하,황태해장국
2023-11-29,0,11,Autumn,0,0,0,담하,황태해장국
2023-11-30,0,11,Autumn,0,0,0,담하,황태해장국
2023-12-01,0,12,Winter,0,0,0,담하,황태해장국
2023-12-02,8,12,Winter,1,0,1,담하,황태해장국
2023-12-03,4,12,Winter,1,0,1,담하,황태해장국
2023-12-04,1,12,Winter,0,0,0,담하,황태해장국
2023-12-05,7,12,Winter,0,0,0,담하,황태해장국
2023-12-06,3,12,Winter,0,0,0,담하,황태해장국
2023-12-07,2,12,Winter,0,0,0,담하,황태해장국
2023-12-08,0,12,Winter,0,0,0,담하,황태해장국
2023-12-09,4,12,Winter,1,0,1,담하,황태해장국
2023-12-10,8,12,Winter,1,0,1,담하,황태해장국
2023-12-11,1,12,Winter,0,0,0,담하,황태해장국
2023-12-12,0,12,Winter,0,0,0,담하,황태해장국
2023-12-13,3,12,Winter,0,0,0,담하,황태해장국
2023-12-14,2,12,Winter,0,0,0,담하,황태해장국
2023-12-15,2,12,Winter,0,0,0,담하,황태해장국
2023-12-16,2,12,Winter,1,0,1,담하,황태해장국
2023-12-17,4,12,Winter,1,0,1,담하,황태해장국
2023-12-18,7,12,Winter,0,0,0,담하,황태해장국
2023-12-19,4,12,Winter,0,0,0,담하,황태해장국
2023-12-20,10,12,Winter,0,0,0,담하,황태해장국
2023-12-21,6,12,Winter,0,0,0,담하,황태해장국
2023-12-22,3,12,Winter,0,0,0,담하,황태해장국
2023-12-23,6,12,Winter,1,0,1,담하,황태해장국
2023-12-24,3,12,Winter,1,0,1,담하,황태해장국
2023-12-25,1,12,Winter,0,1,1,담하,황태해장국
2023-12-26,9,12,Winter,0,0,0,담하,황태해장국
2023-12-27,4,12,Winter,0,0,0,담하,황태해장국
2023-12-28,1,12,Winter,0,0,0,담하,황태해장국
2023-12-29,1,12,Winter,0,0,0,담하,황태해장국
2023-12-30,3,12,Winter,1,0,1,담하,황태해장국
2023-12-31,2,12,Winter,1,0,1,담하,황태해장국
2024-01-01,14,1,Winter,0,1,1,담하,황태해장국
2024-01-02,4,1,Winter,0,0,0,담하,황태해장국
2024-01-03,3,1,Winter,0,0,0,담하,황태해장국
2024-01-04,1,1,Winter,0,0,0,담하,황태해장국
2024-01-05,3,1,Winter,0,0,0,담하,황태해장국
2024-01-06,2,1,Winter,1,0,1,담하,황태해장국
2024-01-07,4,1,Winter,1,0,1,담하,황태해장국
2024-01-08,2,1,Winter,0,0,0,담하,황태해장국
2024-01-09,2,1,Winter,0,0,0,담하,황태해장국
2024-01-10,6,1,Winter,0,0,0,담하,황태해장국
2024-01-11,0,1,Winter,0,0,0,담하,황태해장국
2024-01-12,5,1,Winter,0,0,0,담하,황태해장국
2024-01-13,16,1,Winter,1,0,1,담하,황태해장국
2024-01-14,2,1,Winter,1,0,1,담하,황태해장국
2024-01-15,1,1,Winter,0,0,0,담하,황태해장국
2024-01-16,0,1,Winter,0,0,0,담하,황태해장국
2024-01-17,6,1,Winter,0,0,0,담하,황태해장국
2024-01-18,5,1,Winter,0,0,0,담하,황태해장국
2024-01-19,0,1,Winter,0,0,0,담하,황태해장국
2024-01-20,6,1,Winter,1,0,1,담하,황태해장국
2024-01-21,9,1,Winter,1,0,1,담하,황태해장국
2024-01-22,5,1,Winter,0,0,0,담하,황태해장국
2024-01-23,3,1,Winter,0,0,0,담하,황태해장국
2024-01-24,4,1,Winter,0,0,0,담하,황태해장국
2024-01-25,1,1,Winter,0,0,0,담하,황태해장국
2024-01-26,4,1,Winter,0,0,0,담하,황태해장국
2024-01-27,4,1,Winter,1,0,1,담하,황태해장국
2024-01-28,5,1,Winter,1,0,1,담하,황태해장국
2024-01-29,3,1,Winter,0,0,0,담하,황태해장국
2024-01-30,0,1,Winter,0,0,0,담하,황태해장국
2024-01-31,2,1,Winter,0,0,0,담하,황태해장국
2024-02-01,1,2,Winter,0,0,0,담하,황태해장국
2024-02-02,5,2,Winter,0,0,0,담하,황태해장국
2024-02-03,0,2,Winter,1,0,1,담하,황태해장국
2024-02-04,7,2,Winter,1,0,1,담하,황태해장국
2024-02-05,5,2,Winter,0,0,0,담하,황태해장국
2024-02-06,0,2,Winter,0,0,0,담하,황태해장국
2024-02-07,6,2,Winter,0,0,0,담하,황태해장국
2024-02-08,1,2,Winter,0,0,0,담하,황태해장국
2024-02-09,10,2,Winter,0,1,1,담하,황태해장국
2024-02-10,12,2,Winter,1,1,1,담하,황태해장국
2024-02-11,9,2,Winter,1,1,1,담하,황태해장국
2024-02-12,7,2,Winter,0,1,1,담하,황태해장국
2024-02-13,5,2,Winter,0,0,0,담하,황태해장국
2024-02-14,1,2,Winter,0,0,0,담하,황태해장국
2024-02-15,3,2,Winter,0,0,0,담하,황태해장국
2024-02-16,3,2,Winter,0,0,0,담하,황태해장국
2024-02-17,3,2,Winter,1,0,1,담하,황태해장국
2024-02-18,5,2,Winter,1,0,1,담하,황태해장국
2024-02-19,6,2,Winter,0,0,0,담하,황태해장국
2024-02-20,3,2,Winter,0,0,0,담하,황태해장국
2024-02-21,2,2,Winter,0,0,0,담하,황태해장국
2024-02-22,0,2,Winter,0,0,0,담하,황태해장국
2024-02-23,0,2,Winter,0,0,0,담하,황태해장국
2024-02-24,5,2,Winter,1,0,1,담하,황태해장국
2024-02-25,3,2,Winter,1,0,1,담하,황태해장국
2024-02-26,12,2,Winter,0,0,0,담하,황태해장국
2024-02-27,0,2,Winter,0,0,0,담하,황태해장국
2024-02-28,0,2,Winter,0,0,0,담하,황태해장국
2024-02-29,3,2,Winter,0,0,0,담하,황태해장국
2024-03-01,13,3,Spring,0,1,1,담하,황태해장국
2024-03-02,6,3,Spring,1,0,1,담하,황태해장국
2024-03-03,7,3,Spring,1,0,1,담하,황태해장국
2024-03-04,0,3,Spring,0,0,0,담하,황태해장국
2024-03-05,0,3,Spring,0,0,0,담하,황태해장국
2024-03-06,0,3,Spring,0,0,0,담하,황태해장국
2024-03-07,0,3,Spring,0,0,0,담하,황태해장국
2024-03-08,0,3,Spring,0,0,0,담하,황태해장국
2024-03-09,0,3,Spring,1,0,1,담하,황태해장국
2024-03-10,0,3,Spring,1,0,1,담하,황태해장국
2024-03-11,0,3,Spring,0,0,0,담하,황태해장국
2024-03-12,0,3,Spring,0,0,0,담하,황태해장국
2024-03-13,0,3,Spring,0,0,0,담하,황태해장국
2024-03-14,0,3,Spring,0,0,0,담하,황태해장국
2024-03-15,0,3,Spring,0,0,0,담하,황태해장국
2024-03-16,1,3,Spring,1,0,1,담하,황태해장국
2024-03-17,1,3,Spring,1,0,1,담하,황태해장국
2024-03-18,2,3,Spring,0,0,0,담하,황태해장국
2024-03-19,0,3,Spring,0,0,0,담하,황태해장국
2024-03-20,0,3,Spring,0,0,0,담하,황태해장국
2024-03-21,0,3,Spring,0,0,0,담하,황태해장국
2024-03-22,3,3,Spring,0,0,0,담하,황태해장국
2024-03-23,0,3,Spring,1,0,1,담하,황태해장국
2024-03-24,4,3,Spring,1,0,1,담하,황태해장국
2024-03-25,0,3,Spring,0,0,0,담하,황태해장국
2024-03-26,0,3,Spring,0,0,0,담하,황태해장국
2024-03-27,5,3,Spring,0,0,0,담하,황태해장국
2024-03-28,1,3,Spring,0,0,0,담하,황태해장국
2024-03-29,3,3,Spring,0,0,0,담하,황태해장국
2024-03-30,3,3,Spring,1,0,1,담하,황태해장국
2024-03-31,14,3,Spring,1,0,1,담하,황태해장국
2024-04-01,1,4,Spring,0,0,0,담하,황태해장국
2024-04-02,2,4,Spring,0,0,0,담하,황태해장국
2024-04-03,0,4,Spring,0,0,0,담하,황태해장국
2024-04-04,0,4,Spring,0,0,0,담하,황태해장국
2024-04-05,2,4,Spring,0,0,0,담하,황태해장국
2024-04-06,3,4,Spring,1,0,1,담하,황태해장국
2024-04-07,31,4,Spring,1,0,1,담하,황태해장국
2024-04-08,0,4,Spring,0,0,0,담하,황태해장국
2024-04-09,4,4,Spring,0,0,0,담하,황태해장국
2024-04-10,11,4,Spring,0,1,1,담하,황태해장국
2024-04-11,4,4,Spring,0,0,0,담하,황태해장국
2024-04-12,13,4,Spring,0,0,0,담하,황태해장국
2024-04-13,24,4,Spring,1,0,1,담하,황태해장국
2024-04-14,11,4,Spring,1,0,1,담하,황태해장국
2024-04-15,2,4,Spring,0,0,0,담하,황태해장국
2024-04-16,5,4,Spring,0,0,0,담하,황태해장국
2024-04-17,2,4,Spring,0,0,0,담하,황태해장국
2024-04-18,11,4,Spring,0,0,0,담하,황태해장국
2024-04-19,11,4,Spring,0,0,0,담하,황태해장국
2024-04-20,23,4,Spring,1,0,1,담하,황태해장국
2024-04-21,21,4,Spring,1,0,1,담하,황태해장국
2024-04-22,4,4,Spring,0,0,0,담하,황태해장국
2024-04-23,90,4,Spring,0,0,0,담하,황태해장국
2024-04-24,0,4,Spring,0,0,0,담하,황태해장국
2024-04-25,2,4,Spring,0,0,0,담하,황태해장국
2024-04-26,8,4,Spring,0,0,0,담하,황태해장국
2024-04-27,4,4,Spring,1,0,1,담하,황태해장국
2024-04-28,43,4,Spring,1,0,1,담하,황태해장국
2024-04-29,6,4,Spring,0,0,0,담하,황태해장국
2024-04-30,50,4,Spring,0,0,0,담하,황태해장국
2024-05-01,5,5,Spring,0,0,0,담하,황태해장국
2024-05-02,13,5,Spring,0,0,0,담하,황태해장국
2024-05-03,2,5,Spring,0,0,0,담하,황태해장국
2024-05-04,10,5,Spring,1,0,1,담하,황태해장국
2024-05-05,19,5,Spring,1,1,1,담하,황태해장국
2024-05-06,4,5,Spring,0,1,1,담하,황태해장국
2024-05-07,4,5,Spring,0,0,0,담하,황태해장국
2024-05-08,0,5,Spring,0,0,0,담하,황태해장국
2024-05-09,1,5,Spring,0,0,0,담하,황태해장국
2024-05-10,25,5,Spring,0,0,0,담하,황태해장국
2024-05-11,16,5,Spring,1,0,1,담하,황태해장국
2024-05-12,37,5,Spring,1,0,1,담하,황태해장국
2024-05-13,2,5,Spring,0,0,0,담하,황태해장국
2024-05-14,1,5,Spring,0,0,0,담하,황태해장국
2024-05-15,6,5,Spring,0,1,1,담하,황태해장국
2024-05-16,0,5,Spring,0,0,0,담하,황태해장국
2024-05-17,19,5,Spring,0,0,0,담하,황태해장국
2024-05-18,4,5,Spring,1,0,1,담하,황태해장국
2024-05-19,14,5,Spring,1,0,1,담하,황태해장국
2024-05-20,5,5,Spring,0,0,0,담하,황태해장국
2024-05-21,11,5,Spring,0,0,0,담하,황태해장국
2024-05-22,6,5,Spring,0,0,0,담하,황태해장국
2024-05-23,6,5,Spring,0,0,0,담하,황태해장국
2024-05-24,0,5,Spring,0,0,0,담하,황태해장국
2024-05-25,19,5,Spring,1,0,1,담하,황태해장국
2024-05-26,20,5,Spring,1,0,1,담하,황태해장국
2024-05-27,2,5,Spring,0,0,0,담하,황태해장국
2024-05-28,2,5,Spring,0,0,0,담하,황태해장국
2024-05-29,1,5,Spring,0,0,0,담하,황태해장국
2024-05-30,0,5,Spring,0,0,0,담하,황태해장국
2024-05-31,7,5,Spring,0,0,0,담하,황태해장국
2024-06-01,12,6,Summer,1,0,1,담하,황태해장국
2024-06-02,16,6,Summer,1,0,1,담하,황태해장국
2024-06-03,0,6,Summer,0,0,0,담하,황태해장국
2024-06-04,0,6,Summer,0,0,0,담하,황태해장국
2024-06-05,2,6,Summer,0,0,0,담하,황태해장국
2024-06-06,2,6,Summer,0,1,1,담하,황태해장국
2024-06-07,12,6,Summer,0,0,0,담하,황태해장국
2024-06-08,5,6,Summer,1,0,1,담하,황태해장국
2024-06-09,13,6,Summer,1,0,1,담하,황태해장국
2024-06-10,1,6,Summer,0,0,0,담하,황태해장국
2024-06-11,4,6,Summer,0,0,0,담하,황태해장국
2024-06-12,4,6,Summer,0,0,0,담하,황태해장국
2024-06-13,0,6,Summer,0,0,0,담하,황태해장국
2024-06-14,0,6,Summer,0,0,0,담하,황태해장국
2024-06-15,14,6,Summer,1,0,1,담하,황태해장국
