영업일자,매출수량,month,season,is_weekend,is_holiday,is_day_off,영업장명,메뉴명
2023-01-01,0,1,Winter,1,1,1,라그로타,AUS (200g)
2023-01-02,0,1,Winter,0,0,0,라그로타,AUS (200g)
2023-01-03,0,1,Winter,0,0,0,라그로타,AUS (200g)
2023-01-04,0,1,Winter,0,0,0,라그로타,AUS (200g)
2023-01-05,0,1,Winter,0,0,0,라그로타,AUS (200g)
2023-01-06,0,1,Winter,0,0,0,라그로타,AUS (200g)
2023-01-07,0,1,Winter,1,0,1,라그로타,AUS (200g)
2023-01-08,0,1,Winter,1,0,1,라그로타,AUS (200g)
2023-01-09,0,1,Winter,0,0,0,라그로타,AUS (200g)
2023-01-10,0,1,Winter,0,0,0,라그로타,AUS (200g)
2023-01-11,0,1,Winter,0,0,0,라그로타,AUS (200g)
2023-01-12,0,1,Winter,0,0,0,라그로타,AUS (200g)
2023-01-13,0,1,Winter,0,0,0,라그로타,AUS (200g)
2023-01-14,0,1,Winter,1,0,1,라그로타,AUS (200g)
2023-01-15,0,1,Winter,1,0,1,라그로타,AUS (200g)
2023-01-16,0,1,Winter,0,0,0,라그로타,AUS (200g)
2023-01-17,0,1,Winter,0,0,0,라그로타,AUS (200g)
2023-01-18,0,1,Winter,0,0,0,라그로타,AUS (200g)
2023-01-19,0,1,Winter,0,0,0,라그로타,AUS (200g)
2023-01-20,0,1,Winter,0,0,0,라그로타,AUS (200g)
2023-01-21,0,1,Winter,1,1,1,라그로타,AUS (200g)
2023-01-22,0,1,Winter,1,1,1,라그로타,AUS (200g)
2023-01-23,0,1,Winter,0,1,1,라그로타,AUS (200g)
2023-01-24,0,1,Winter,0,1,1,라그로타,AUS (200g)
2023-01-25,0,1,Winter,0,0,0,라그로타,AUS (200g)
2023-01-26,0,1,Winter,0,0,0,라그로타,AUS (200g)
2023-01-27,0,1,Winter,0,0,0,라그로타,AUS (200g)
2023-01-28,0,1,Winter,1,0,1,라그로타,AUS (200g)
2023-01-29,0,1,Winter,1,0,1,라그로타,AUS (200g)
2023-01-30,0,1,Winter,0,0,0,라그로타,AUS (200g)
2023-01-31,0,1,Winter,0,0,0,라그로타,AUS (200g)
2023-02-01,0,2,Winter,0,0,0,라그로타,AUS (200g)
2023-02-02,0,2,Winter,0,0,0,라그로타,AUS (200g)
2023-02-03,0,2,Winter,0,0,0,라그로타,AUS (200g)
2023-02-04,0,2,Winter,1,0,1,라그로타,AUS (200g)
2023-02-05,0,2,Winter,1,0,1,라그로타,AUS (200g)
2023-02-06,0,2,Winter,0,0,0,라그로타,AUS (200g)
2023-02-07,0,2,Winter,0,0,0,라그로타,AUS (200g)
2023-02-08,0,2,Winter,0,0,0,라그로타,AUS (200g)
2023-02-09,0,2,Winter,0,0,0,라그로타,AUS (200g)
2023-02-10,0,2,Winter,0,0,0,라그로타,AUS (200g)
2023-02-11,0,2,Winter,1,0,1,라그로타,AUS (200g)
2023-02-12,0,2,Winter,1,0,1,라그로타,AUS (200g)
2023-02-13,0,2,Winter,0,0,0,라그로타,AUS (200g)
2023-02-14,0,2,Winter,0,0,0,라그로타,AUS (200g)
2023-02-15,0,2,Winter,0,0,0,라그로타,AUS (200g)
2023-02-16,0,2,Winter,0,0,0,라그로타,AUS (200g)
2023-02-17,0,2,Winter,0,0,0,라그로타,AUS (200g)
2023-02-18,0,2,Winter,1,0,1,라그로타,AUS (200g)
2023-02-19,0,2,Winter,1,0,1,라그로타,AUS (200g)
2023-02-20,0,2,Winter,0,0,0,라그로타,AUS (200g)
2023-02-21,0,2,Winter,0,0,0,라그로타,AUS (200g)
2023-02-22,0,2,Winter,0,0,0,라그로타,AUS (200g)
2023-02-23,0,2,Winter,0,0,0,라그로타,AUS (200g)
2023-02-24,0,2,Winter,0,0,0,라그로타,AUS (200g)
2023-02-25,0,2,Winter,1,0,1,라그로타,AUS (200g)
2023-02-26,0,2,Winter,1,0,1,라그로타,AUS (200g)
2023-02-27,0,2,Winter,0,0,0,라그로타,AUS (200g)
2023-02-28,0,2,Winter,0,0,0,라그로타,AUS (200g)
2023-03-01,0,3,Spring,0,1,1,라그로타,AUS (200g)
2023-03-02,0,3,Spring,0,0,0,라그로타,AUS (200g)
2023-03-03,0,3,Spring,0,0,0,라그로타,AUS (200g)
2023-03-04,0,3,Spring,1,0,1,라그로타,AUS (200g)
2023-03-05,0,3,Spring,1,0,1,라그로타,AUS (200g)
2023-03-06,0,3,Spring,0,0,0,라그로타,AUS (200g)
2023-03-07,0,3,Spring,0,0,0,라그로타,AUS (200g)
2023-03-08,0,3,Spring,0,0,0,라그로타,AUS (200g)
2023-03-09,0,3,Spring,0,0,0,라그로타,AUS (200g)
2023-03-10,0,3,Spring,0,0,0,라그로타,AUS (200g)
2023-03-11,0,3,Spring,1,0,1,라그로타,AUS (200g)
2023-03-12,0,3,Spring,1,0,1,라그로타,AUS (200g)
2023-03-13,0,3,Spring,0,0,0,라그로타,AUS (200g)
2023-03-14,0,3,Spring,0,0,0,라그로타,AUS (200g)
2023-03-15,0,3,Spring,0,0,0,라그로타,AUS (200g)
2023-03-16,0,3,Spring,0,0,0,라그로타,AUS (200g)
2023-03-17,0,3,Spring,0,0,0,라그로타,AUS (200g)
2023-03-18,0,3,Spring,1,0,1,라그로타,AUS (200g)
2023-03-19,0,3,Spring,1,0,1,라그로타,AUS (200g)
2023-03-20,0,3,Spring,0,0,0,라그로타,AUS (200g)
2023-03-21,0,3,Spring,0,0,0,라그로타,AUS (200g)
2023-03-22,0,3,Spring,0,0,0,라그로타,AUS (200g)
2023-03-23,0,3,Spring,0,0,0,라그로타,AUS (200g)
2023-03-24,0,3,Spring,0,0,0,라그로타,AUS (200g)
2023-03-25,0,3,Spring,1,0,1,라그로타,AUS (200g)
2023-03-26,0,3,Spring,1,0,1,라그로타,AUS (200g)
2023-03-27,0,3,Spring,0,0,0,라그로타,AUS (200g)
2023-03-28,0,3,Spring,0,0,0,라그로타,AUS (200g)
2023-03-29,0,3,Spring,0,0,0,라그로타,AUS (200g)
2023-03-30,0,3,Spring,0,0,0,라그로타,AUS (200g)
2023-03-31,0,3,Spring,0,0,0,라그로타,AUS (200g)
2023-04-01,0,4,Spring,1,0,1,라그로타,AUS (200g)
2023-04-02,0,4,Spring,1,0,1,라그로타,AUS (200g)
2023-04-03,0,4,Spring,0,0,0,라그로타,AUS (200g)
2023-04-04,0,4,Spring,0,0,0,라그로타,AUS (200g)
2023-04-05,0,4,Spring,0,0,0,라그로타,AUS (200g)
2023-04-06,0,4,Spring,0,0,0,라그로타,AUS (200g)
2023-04-07,0,4,Spring,0,0,0,라그로타,AUS (200g)
2023-04-08,0,4,Spring,1,0,1,라그로타,AUS (200g)
2023-04-09,0,4,Spring,1,0,1,라그로타,AUS (200g)
2023-04-10,0,4,Spring,0,0,0,라그로타,AUS (200g)
2023-04-11,0,4,Spring,0,0,0,라그로타,AUS (200g)
2023-04-12,0,4,Spring,0,0,0,라그로타,AUS (200g)
2023-04-13,0,4,Spring,0,0,0,라그로타,AUS (200g)
2023-04-14,0,4,Spring,0,0,0,라그로타,AUS (200g)
2023-04-15,0,4,Spring,1,0,1,라그로타,AUS (200g)
2023-04-16,0,4,Spring,1,0,1,라그로타,AUS (200g)
2023-04-17,0,4,Spring,0,0,0,라그로타,AUS (200g)
2023-04-18,0,4,Spring,0,0,0,라그로타,AUS (200g)
2023-04-19,0,4,Spring,0,0,0,라그로타,AUS (200g)
2023-04-20,0,4,Spring,0,0,0,라그로타,AUS (200g)
2023-04-21,0,4,Spring,0,0,0,라그로타,AUS (200g)
2023-04-22,0,4,Spring,1,0,1,라그로타,AUS (200g)
2023-04-23,0,4,Spring,1,0,1,라그로타,AUS (200g)
2023-04-24,0,4,Spring,0,0,0,라그로타,AUS (200g)
2023-04-25,0,4,Spring,0,0,0,라그로타,AUS (200g)
2023-04-26,0,4,Spring,0,0,0,라그로타,AUS (200g)
2023-04-27,0,4,Spring,0,0,0,라그로타,AUS (200g)
2023-04-28,0,4,Spring,0,0,0,라그로타,AUS (200g)
2023-04-29,0,4,Spring,1,0,1,라그로타,AUS (200g)
2023-04-30,0,4,Spring,1,0,1,라그로타,AUS (200g)
2023-05-01,0,5,Spring,0,0,0,라그로타,AUS (200g)
2023-05-02,0,5,Spring,0,0,0,라그로타,AUS (200g)
2023-05-03,0,5,Spring,0,0,0,라그로타,AUS (200g)
2023-05-04,0,5,Spring,0,0,0,라그로타,AUS (200g)
2023-05-05,0,5,Spring,0,1,1,라그로타,AUS (200g)
2023-05-06,0,5,Spring,1,0,1,라그로타,AUS (200g)
2023-05-07,0,5,Spring,1,0,1,라그로타,AUS (200g)
2023-05-08,0,5,Spring,0,0,0,라그로타,AUS (200g)
2023-05-09,0,5,Spring,0,0,0,라그로타,AUS (200g)
2023-05-10,0,5,Spring,0,0,0,라그로타,AUS (200g)
2023-05-11,0,5,Spring,0,0,0,라그로타,AUS (200g)
2023-05-12,0,5,Spring,0,0,0,라그로타,AUS (200g)
2023-05-13,0,5,Spring,1,0,1,라그로타,AUS (200g)
2023-05-14,0,5,Spring,1,0,1,라그로타,AUS (200g)
2023-05-15,0,5,Spring,0,0,0,라그로타,AUS (200g)
2023-05-16,0,5,Spring,0,0,0,라그로타,AUS (200g)
2023-05-17,0,5,Spring,0,0,0,라그로타,AUS (200g)
2023-05-18,0,5,Spring,0,0,0,라그로타,AUS (200g)
2023-05-19,0,5,Spring,0,0,0,라그로타,AUS (200g)
2023-05-20,0,5,Spring,1,0,1,라그로타,AUS (200g)
2023-05-21,0,5,Spring,1,0,1,라그로타,AUS (200g)
2023-05-22,0,5,Spring,0,0,0,라그로타,AUS (200g)
2023-05-23,0,5,Spring,0,0,0,라그로타,AUS (200g)
2023-05-24,0,5,Spring,0,0,0,라그로타,AUS (200g)
2023-05-25,0,5,Spring,0,0,0,라그로타,AUS (200g)
2023-05-26,0,5,Spring,0,0,0,라그로타,AUS (200g)
2023-05-27,0,5,Spring,1,1,1,라그로타,AUS (200g)
2023-05-28,0,5,Spring,1,0,1,라그로타,AUS (200g)
2023-05-29,0,5,Spring,0,1,1,라그로타,AUS (200g)
2023-05-30,0,5,Spring,0,0,0,라그로타,AUS (200g)
2023-05-31,0,5,Spring,0,0,0,라그로타,AUS (200g)
2023-06-01,0,6,Summer,0,0,0,라그로타,AUS (200g)
2023-06-02,0,6,Summer,0,0,0,라그로타,AUS (200g)
2023-06-03,0,6,Summer,1,0,1,라그로타,AUS (200g)
2023-06-04,0,6,Summer,1,0,1,라그로타,AUS (200g)
2023-06-05,0,6,Summer,0,0,0,라그로타,AUS (200g)
2023-06-06,0,6,Summer,0,1,1,라그로타,AUS (200g)
2023-06-07,0,6,Summer,0,0,0,라그로타,AUS (200g)
2023-06-08,0,6,Summer,0,0,0,라그로타,AUS (200g)
2023-06-09,0,6,Summer,0,0,0,라그로타,AUS (200g)
2023-06-10,0,6,Summer,1,0,1,라그로타,AUS (200g)
2023-06-11,0,6,Summer,1,0,1,라그로타,AUS (200g)
2023-06-12,0,6,Summer,0,0,0,라그로타,AUS (200g)
2023-06-13,0,6,Summer,0,0,0,라그로타,AUS (200g)
2023-06-14,0,6,Summer,0,0,0,라그로타,AUS (200g)
2023-06-15,0,6,Summer,0,0,0,라그로타,AUS (200g)
2023-06-16,0,6,Summer,0,0,0,라그로타,AUS (200g)
2023-06-17,0,6,Summer,1,0,1,라그로타,AUS (200g)
2023-06-18,0,6,Summer,1,0,1,라그로타,AUS (200g)
2023-06-19,0,6,Summer,0,0,0,라그로타,AUS (200g)
2023-06-20,0,6,Summer,0,0,0,라그로타,AUS (200g)
2023-06-21,0,6,Summer,0,0,0,라그로타,AUS (200g)
2023-06-22,0,6,Summer,0,0,0,라그로타,AUS (200g)
2023-06-23,0,6,Summer,0,0,0,라그로타,AUS (200g)
2023-06-24,0,6,Summer,1,0,1,라그로타,AUS (200g)
2023-06-25,0,6,Summer,1,0,1,라그로타,AUS (200g)
2023-06-26,0,6,Summer,0,0,0,라그로타,AUS (200g)
2023-06-27,0,6,Summer,0,0,0,라그로타,AUS (200g)
2023-06-28,0,6,Summer,0,0,0,라그로타,AUS (200g)
2023-06-29,0,6,Summer,0,0,0,라그로타,AUS (200g)
2023-06-30,0,6,Summer,0,0,0,라그로타,AUS (200g)
2023-07-01,0,7,Summer,1,0,1,라그로타,AUS (200g)
2023-07-02,0,7,Summer,1,0,1,라그로타,AUS (200g)
2023-07-03,0,7,Summer,0,0,0,라그로타,AUS (200g)
2023-07-04,0,7,Summer,0,0,0,라그로타,AUS (200g)
2023-07-05,0,7,Summer,0,0,0,라그로타,AUS (200g)
2023-07-06,0,7,Summer,0,0,0,라그로타,AUS (200g)
2023-07-07,0,7,Summer,0,0,0,라그로타,AUS (200g)
2023-07-08,0,7,Summer,1,0,1,라그로타,AUS (200g)
2023-07-09,0,7,Summer,1,0,1,라그로타,AUS (200g)
2023-07-10,0,7,Summer,0,0,0,라그로타,AUS (200g)
2023-07-11,0,7,Summer,0,0,0,라그로타,AUS (200g)
2023-07-12,0,7,Summer,0,0,0,라그로타,AUS (200g)
2023-07-13,0,7,Summer,0,0,0,라그로타,AUS (200g)
2023-07-14,0,7,Summer,0,0,0,라그로타,AUS (200g)
2023-07-15,0,7,Summer,1,0,1,라그로타,AUS (200g)
2023-07-16,0,7,Summer,1,0,1,라그로타,AUS (200g)
2023-07-17,0,7,Summer,0,0,0,라그로타,AUS (200g)
2023-07-18,0,7,Summer,0,0,0,라그로타,AUS (200g)
2023-07-19,0,7,Summer,0,0,0,라그로타,AUS (200g)
2023-07-20,0,7,Summer,0,0,0,라그로타,AUS (200g)
2023-07-21,0,7,Summer,0,0,0,라그로타,AUS (200g)
2023-07-22,0,7,Summer,1,0,1,라그로타,AUS (200g)
2023-07-23,0,7,Summer,1,0,1,라그로타,AUS (200g)
2023-07-24,0,7,Summer,0,0,0,라그로타,AUS (200g)
2023-07-25,0,7,Summer,0,0,0,라그로타,AUS (200g)
2023-07-26,0,7,Summer,0,0,0,라그로타,AUS (200g)
2023-07-27,0,7,Summer,0,0,0,라그로타,AUS (200g)
2023-07-28,0,7,Summer,0,0,0,라그로타,AUS (200g)
2023-07-29,0,7,Summer,1,0,1,라그로타,AUS (200g)
2023-07-30,0,7,Summer,1,0,1,라그로타,AUS (200g)
2023-07-31,0,7,Summer,0,0,0,라그로타,AUS (200g)
2023-08-01,0,8,Summer,0,0,0,라그로타,AUS (200g)
2023-08-02,0,8,Summer,0,0,0,라그로타,AUS (200g)
2023-08-03,0,8,Summer,0,0,0,라그로타,AUS (200g)
2023-08-04,0,8,Summer,0,0,0,라그로타,AUS (200g)
2023-08-05,0,8,Summer,1,0,1,라그로타,AUS (200g)
2023-08-06,0,8,Summer,1,0,1,라그로타,AUS (200g)
2023-08-07,0,8,Summer,0,0,0,라그로타,AUS (200g)
2023-08-08,0,8,Summer,0,0,0,라그로타,AUS (200g)
2023-08-09,0,8,Summer,0,0,0,라그로타,AUS (200g)
2023-08-10,0,8,Summer,0,0,0,라그로타,AUS (200g)
2023-08-11,0,8,Summer,0,0,0,라그로타,AUS (200g)
2023-08-12,0,8,Summer,1,0,1,라그로타,AUS (200g)
2023-08-13,0,8,Summer,1,0,1,라그로타,AUS (200g)
2023-08-14,0,8,Summer,0,0,0,라그로타,AUS (200g)
2023-08-15,0,8,Summer,0,1,1,라그로타,AUS (200g)
2023-08-16,0,8,Summer,0,0,0,라그로타,AUS (200g)
2023-08-17,0,8,Summer,0,0,0,라그로타,AUS (200g)
2023-08-18,0,8,Summer,0,0,0,라그로타,AUS (200g)
2023-08-19,0,8,Summer,1,0,1,라그로타,AUS (200g)
2023-08-20,0,8,Summer,1,0,1,라그로타,AUS (200g)
2023-08-21,0,8,Summer,0,0,0,라그로타,AUS (200g)
2023-08-22,0,8,Summer,0,0,0,라그로타,AUS (200g)
2023-08-23,0,8,Summer,0,0,0,라그로타,AUS (200g)
2023-08-24,0,8,Summer,0,0,0,라그로타,AUS (200g)
2023-08-25,0,8,Summer,0,0,0,라그로타,AUS (200g)
2023-08-26,0,8,Summer,1,0,1,라그로타,AUS (200g)
2023-08-27,0,8,Summer,1,0,1,라그로타,AUS (200g)
2023-08-28,0,8,Summer,0,0,0,라그로타,AUS (200g)
2023-08-29,0,8,Summer,0,0,0,라그로타,AUS (200g)
2023-08-30,0,8,Summer,0,0,0,라그로타,AUS (200g)
2023-08-31,0,8,Summer,0,0,0,라그로타,AUS (200g)
2023-09-01,0,9,Autumn,0,0,0,라그로타,AUS (200g)
2023-09-02,0,9,Autumn,1,0,1,라그로타,AUS (200g)
2023-09-03,0,9,Autumn,1,0,1,라그로타,AUS (200g)
2023-09-04,0,9,Autumn,0,0,0,라그로타,AUS (200g)
2023-09-05,0,9,Autumn,0,0,0,라그로타,AUS (200g)
2023-09-06,0,9,Autumn,0,0,0,라그로타,AUS (200g)
2023-09-07,0,9,Autumn,0,0,0,라그로타,AUS (200g)
2023-09-08,0,9,Autumn,0,0,0,라그로타,AUS (200g)
2023-09-09,0,9,Autumn,1,0,1,라그로타,AUS (200g)
2023-09-10,0,9,Autumn,1,0,1,라그로타,AUS (200g)
2023-09-11,0,9,Autumn,0,0,0,라그로타,AUS (200g)
2023-09-12,0,9,Autumn,0,0,0,라그로타,AUS (200g)
2023-09-13,0,9,Autumn,0,0,0,라그로타,AUS (200g)
2023-09-14,0,9,Autumn,0,0,0,라그로타,AUS (200g)
2023-09-15,0,9,Autumn,0,0,0,라그로타,AUS (200g)
2023-09-16,0,9,Autumn,1,0,1,라그로타,AUS (200g)
2023-09-17,0,9,Autumn,1,0,1,라그로타,AUS (200g)
2023-09-18,0,9,Autumn,0,0,0,라그로타,AUS (200g)
2023-09-19,0,9,Autumn,0,0,0,라그로타,AUS (200g)
2023-09-20,0,9,Autumn,0,0,0,라그로타,AUS (200g)
2023-09-21,0,9,Autumn,0,0,0,라그로타,AUS (200g)
2023-09-22,0,9,Autumn,0,0,0,라그로타,AUS (200g)
2023-09-23,0,9,Autumn,1,0,1,라그로타,AUS (200g)
2023-09-24,0,9,Autumn,1,0,1,라그로타,AUS (200g)
2023-09-25,0,9,Autumn,0,0,0,라그로타,AUS (200g)
2023-09-26,0,9,Autumn,0,0,0,라그로타,AUS (200g)
2023-09-27,0,9,Autumn,0,0,0,라그로타,AUS (200g)
2023-09-28,0,9,Autumn,0,1,1,라그로타,AUS (200g)
2023-09-29,0,9,Autumn,0,1,1,라그로타,AUS (200g)
2023-09-30,0,9,Autumn,1,1,1,라그로타,AUS (200g)
2023-10-01,0,10,Autumn,1,0,1,라그로타,AUS (200g)
2023-10-02,0,10,Autumn,0,1,1,라그로타,AUS (200g)
2023-10-03,0,10,Autumn,0,1,1,라그로타,AUS (200g)
2023-10-04,0,10,Autumn,0,0,0,라그로타,AUS (200g)
2023-10-05,0,10,Autumn,0,0,0,라그로타,AUS (200g)
2023-10-06,0,10,Autumn,0,0,0,라그로타,AUS (200g)
2023-10-07,0,10,Autumn,1,0,1,라그로타,AUS (200g)
2023-10-08,0,10,Autumn,1,0,1,라그로타,AUS (200g)
2023-10-09,0,10,Autumn,0,1,1,라그로타,AUS (200g)
2023-10-10,0,10,Autumn,0,0,0,라그로타,AUS (200g)
2023-10-11,0,10,Autumn,0,0,0,라그로타,AUS (200g)
2023-10-12,0,10,Autumn,0,0,0,라그로타,AUS (200g)
2023-10-13,0,10,Autumn,0,0,0,라그로타,AUS (200g)
2023-10-14,0,10,Autumn,1,0,1,라그로타,AUS (200g)
2023-10-15,0,10,Autumn,1,0,1,라그로타,AUS (200g)
2023-10-16,0,10,Autumn,0,0,0,라그로타,AUS (200g)
2023-10-17,0,10,Autumn,0,0,0,라그로타,AUS (200g)
2023-10-18,0,10,Autumn,0,0,0,라그로타,AUS (200g)
2023-10-19,0,10,Autumn,0,0,0,라그로타,AUS (200g)
2023-10-20,0,10,Autumn,0,0,0,라그로타,AUS (200g)
2023-10-21,0,10,Autumn,1,0,1,라그로타,AUS (200g)
2023-10-22,0,10,Autumn,1,0,1,라그로타,AUS (200g)
2023-10-23,0,10,Autumn,0,0,0,라그로타,AUS (200g)
2023-10-24,0,10,Autumn,0,0,0,라그로타,AUS (200g)
2023-10-25,0,10,Autumn,0,0,0,라그로타,AUS (200g)
2023-10-26,0,10,Autumn,0,0,0,라그로타,AUS (200g)
2023-10-27,0,10,Autumn,0,0,0,라그로타,AUS (200g)
2023-10-28,0,10,Autumn,1,0,1,라그로타,AUS (200g)
2023-10-29,0,10,Autumn,1,0,1,라그로타,AUS (200g)
2023-10-30,0,10,Autumn,0,0,0,라그로타,AUS (200g)
2023-10-31,0,10,Autumn,0,0,0,라그로타,AUS (200g)
2023-11-01,0,11,Autumn,0,0,0,라그로타,AUS (200g)
2023-11-02,0,11,Autumn,0,0,0,라그로타,AUS (200g)
2023-11-03,0,11,Autumn,0,0,0,라그로타,AUS (200g)
2023-11-04,0,11,Autumn,1,0,1,라그로타,AUS (200g)
2023-11-05,0,11,Autumn,1,0,1,라그로타,AUS (200g)
2023-11-06,0,11,Autumn,0,0,0,라그로타,AUS (200g)
2023-11-07,0,11,Autumn,0,0,0,라그로타,AUS (200g)
2023-11-08,0,11,Autumn,0,0,0,라그로타,AUS (200g)
2023-11-09,0,11,Autumn,0,0,0,라그로타,AUS (200g)
2023-11-10,0,11,Autumn,0,0,0,라그로타,AUS (200g)
2023-11-11,0,11,Autumn,1,0,1,라그로타,AUS (200g)
2023-11-12,0,11,Autumn,1,0,1,라그로타,AUS (200g)
2023-11-13,0,11,Autumn,0,0,0,라그로타,AUS (200g)
2023-11-14,0,11,Autumn,0,0,0,라그로타,AUS (200g)
2023-11-15,0,11,Autumn,0,0,0,라그로타,AUS (200g)
2023-11-16,0,11,Autumn,0,0,0,라그로타,AUS (200g)
2023-11-17,0,11,Autumn,0,0,0,라그로타,AUS (200g)
2023-11-18,0,11,Autumn,1,0,1,라그로타,AUS (200g)
2023-11-19,0,11,Autumn,1,0,1,라그로타,AUS (200g)
2023-11-20,0,11,Autumn,0,0,0,라그로타,AUS (200g)
2023-11-21,0,11,Autumn,0,0,0,라그로타,AUS (200g)
2023-11-22,0,11,Autumn,0,0,0,라그로타,AUS (200g)
2023-11-23,0,11,Autumn,0,0,0,라그로타,AUS (200g)
2023-11-24,0,11,Autumn,0,0,0,라그로타,AUS (200g)
2023-11-25,0,11,Autumn,1,0,1,라그로타,AUS (200g)
2023-11-26,0,11,Autumn,1,0,1,라그로타,AUS (200g)
2023-11-27,0,11,Autumn,0,0,0,라그로타,AUS (200g)
2023-11-28,0,11,Autumn,0,0,0,라그로타,AUS (200g)
2023-11-29,0,11,Autumn,0,0,0,라그로타,AUS (200g)
2023-11-30,0,11,Autumn,0,0,0,라그로타,AUS (200g)
2023-12-01,0,12,Winter,0,0,0,라그로타,AUS (200g)
2023-12-02,0,12,Winter,1,0,1,라그로타,AUS (200g)
2023-12-03,0,12,Winter,1,0,1,라그로타,AUS (200g)
2023-12-04,0,12,Winter,0,0,0,라그로타,AUS (200g)
2023-12-05,0,12,Winter,0,0,0,라그로타,AUS (200g)
2023-12-06,0,12,Winter,0,0,0,라그로타,AUS (200g)
2023-12-07,0,12,Winter,0,0,0,라그로타,AUS (200g)
2023-12-08,1,12,Winter,0,0,0,라그로타,AUS (200g)
2023-12-09,2,12,Winter,1,0,1,라그로타,AUS (200g)
2023-12-10,3,12,Winter,1,0,1,라그로타,AUS (200g)
2023-12-11,0,12,Winter,0,0,0,라그로타,AUS (200g)
2023-12-12,0,12,Winter,0,0,0,라그로타,AUS (200g)
2023-12-13,1,12,Winter,0,0,0,라그로타,AUS (200g)
2023-12-14,3,12,Winter,0,0,0,라그로타,AUS (200g)
2023-12-15,5,12,Winter,0,0,0,라그로타,AUS (200g)
2023-12-16,11,12,Winter,1,0,1,라그로타,AUS (200g)
2023-12-17,5,12,Winter,1,0,1,라그로타,AUS (200g)
2023-12-18,1,12,Winter,0,0,0,라그로타,AUS (200g)
2023-12-19,0,12,Winter,0,0,0,라그로타,AUS (200g)
2023-12-20,0,12,Winter,0,0,0,라그로타,AUS (200g)
2023-12-21,7,12,Winter,0,0,0,라그로타,AUS (200g)
2023-12-22,3,12,Winter,0,0,0,라그로타,AUS (200g)
2023-12-23,6,12,Winter,1,0,1,라그로타,AUS (200g)
2023-12-24,5,12,Winter,1,0,1,라그로타,AUS (200g)
2023-12-25,4,12,Winter,0,1,1,라그로타,AUS (200g)
2023-12-26,7,12,Winter,0,0,0,라그로타,AUS (200g)
2023-12-27,3,12,Winter,0,0,0,라그로타,AUS (200g)
2023-12-28,3,12,Winter,0,0,0,라그로타,AUS (200g)
2023-12-29,6,12,Winter,0,0,0,라그로타,AUS (200g)
2023-12-30,4,12,Winter,1,0,1,라그로타,AUS (200g)
2023-12-31,7,12,Winter,1,0,1,라그로타,AUS (200g)
2024-01-01,1,1,Winter,0,1,1,라그로타,AUS (200g)
2024-01-02,3,1,Winter,0,0,0,라그로타,AUS (200g)
2024-01-03,2,1,Winter,0,0,0,라그로타,AUS (200g)
2024-01-04,5,1,Winter,0,0,0,라그로타,AUS (200g)
2024-01-05,2,1,Winter,0,0,0,라그로타,AUS (200g)
2024-01-06,3,1,Winter,1,0,1,라그로타,AUS (200g)
2024-01-07,6,1,Winter,1,0,1,라그로타,AUS (200g)
2024-01-08,4,1,Winter,0,0,0,라그로타,AUS (200g)
2024-01-09,1,1,Winter,0,0,0,라그로타,AUS (200g)
2024-01-10,3,1,Winter,0,0,0,라그로타,AUS (200g)
2024-01-11,4,1,Winter,0,0,0,라그로타,AUS (200g)
2024-01-12,3,1,Winter,0,0,0,라그로타,AUS (200g)
2024-01-13,3,1,Winter,1,0,1,라그로타,AUS (200g)
2024-01-14,4,1,Winter,1,0,1,라그로타,AUS (200g)
2024-01-15,1,1,Winter,0,0,0,라그로타,AUS (200g)
2024-01-16,0,1,Winter,0,0,0,라그로타,AUS (200g)
2024-01-17,1,1,Winter,0,0,0,라그로타,AUS (200g)
2024-01-18,3,1,Winter,0,0,0,라그로타,AUS (200g)
2024-01-19,1,1,Winter,0,0,0,라그로타,AUS (200g)
2024-01-20,8,1,Winter,1,0,1,라그로타,AUS (200g)
2024-01-21,5,1,Winter,1,0,1,라그로타,AUS (200g)
2024-01-22,2,1,Winter,0,0,0,라그로타,AUS (200g)
2024-01-23,10,1,Winter,0,0,0,라그로타,AUS (200g)
2024-01-24,0,1,Winter,0,0,0,라그로타,AUS (200g)
2024-01-25,4,1,Winter,0,0,0,라그로타,AUS (200g)
2024-01-26,8,1,Winter,0,0,0,라그로타,AUS (200g)
2024-01-27,3,1,Winter,1,0,1,라그로타,AUS (200g)
2024-01-28,5,1,Winter,1,0,1,라그로타,AUS (200g)
2024-01-29,0,1,Winter,0,0,0,라그로타,AUS (200g)
2024-01-30,2,1,Winter,0,0,0,라그로타,AUS (200g)
2024-01-31,2,1,Winter,0,0,0,라그로타,AUS (200g)
2024-02-01,1,2,Winter,0,0,0,라그로타,AUS (200g)
2024-02-02,1,2,Winter,0,0,0,라그로타,AUS (200g)
2024-02-03,2,2,Winter,1,0,1,라그로타,AUS (200g)
2024-02-04,3,2,Winter,1,0,1,라그로타,AUS (200g)
2024-02-05,0,2,Winter,0,0,0,라그로타,AUS (200g)
2024-02-06,1,2,Winter,0,0,0,라그로타,AUS (200g)
2024-02-07,1,2,Winter,0,0,0,라그로타,AUS (200g)
2024-02-08,6,2,Winter,0,0,0,라그로타,AUS (200g)
2024-02-09,3,2,Winter,0,1,1,라그로타,AUS (200g)
2024-02-10,3,2,Winter,1,1,1,라그로타,AUS (200g)
2024-02-11,7,2,Winter,1,1,1,라그로타,AUS (200g)
2024-02-12,3,2,Winter,0,1,1,라그로타,AUS (200g)
2024-02-13,3,2,Winter,0,0,0,라그로타,AUS (200g)
2024-02-14,2,2,Winter,0,0,0,라그로타,AUS (200g)
2024-02-15,0,2,Winter,0,0,0,라그로타,AUS (200g)
2024-02-16,4,2,Winter,0,0,0,라그로타,AUS (200g)
2024-02-17,7,2,Winter,1,0,1,라그로타,AUS (200g)
2024-02-18,3,2,Winter,1,0,1,라그로타,AUS (200g)
2024-02-19,0,2,Winter,0,0,0,라그로타,AUS (200g)
2024-02-20,1,2,Winter,0,0,0,라그로타,AUS (200g)
2024-02-21,5,2,Winter,0,0,0,라그로타,AUS (200g)
2024-02-22,0,2,Winter,0,0,0,라그로타,AUS (200g)
2024-02-23,5,2,Winter,0,0,0,라그로타,AUS (200g)
2024-02-24,2,2,Winter,1,0,1,라그로타,AUS (200g)
2024-02-25,5,2,Winter,1,0,1,라그로타,AUS (200g)
2024-02-26,0,2,Winter,0,0,0,라그로타,AUS (200g)
2024-02-27,1,2,Winter,0,0,0,라그로타,AUS (200g)
2024-02-28,0,2,Winter,0,0,0,라그로타,AUS (200g)
2024-02-29,4,2,Winter,0,0,0,라그로타,AUS (200g)
2024-03-01,7,3,Spring,0,1,1,라그로타,AUS (200g)
2024-03-02,0,3,Spring,1,0,1,라그로타,AUS (200g)
2024-03-03,0,3,Spring,1,0,1,라그로타,AUS (200g)
2024-03-04,0,3,Spring,0,0,0,라그로타,AUS (200g)
2024-03-05,0,3,Spring,0,0,0,라그로타,AUS (200g)
2024-03-06,0,3,Spring,0,0,0,라그로타,AUS (200g)
2024-03-07,0,3,Spring,0,0,0,라그로타,AUS (200g)
2024-03-08,0,3,Spring,0,0,0,라그로타,AUS (200g)
2024-03-09,0,3,Spring,1,0,1,라그로타,AUS (200g)
2024-03-10,0,3,Spring,1,0,1,라그로타,AUS (200g)
2024-03-11,0,3,Spring,0,0,0,라그로타,AUS (200g)
2024-03-12,0,3,Spring,0,0,0,라그로타,AUS (200g)
2024-03-13,0,3,Spring,0,0,0,라그로타,AUS (200g)
2024-03-14,0,3,Spring,0,0,0,라그로타,AUS (200g)
2024-03-15,1,3,Spring,0,0,0,라그로타,AUS (200g)
2024-03-16,0,3,Spring,1,0,1,라그로타,AUS (200g)
2024-03-17,1,3,Spring,1,0,1,라그로타,AUS (200g)
2024-03-18,0,3,Spring,0,0,0,라그로타,AUS (200g)
2024-03-19,0,3,Spring,0,0,0,라그로타,AUS (200g)
2024-03-20,0,3,Spring,0,0,0,라그로타,AUS (200g)
2024-03-21,0,3,Spring,0,0,0,라그로타,AUS (200g)
2024-03-22,1,3,Spring,0,0,0,라그로타,AUS (200g)
2024-03-23,0,3,Spring,1,0,1,라그로타,AUS (200g)
2024-03-24,0,3,Spring,1,0,1,라그로타,AUS (200g)
2024-03-25,0,3,Spring,0,0,0,라그로타,AUS (200g)
2024-03-26,1,3,Spring,0,0,0,라그로타,AUS (200g)
2024-03-27,1,3,Spring,0,0,0,라그로타,AUS (200g)
2024-03-28,0,3,Spring,0,0,0,라그로타,AUS (200g)
2024-03-29,1,3,Spring,0,0,0,라그로타,AUS (200g)
2024-03-30,5,3,Spring,1,0,1,라그로타,AUS (200g)
2024-03-31,3,3,Spring,1,0,1,라그로타,AUS (200g)
2024-04-01,0,4,Spring,0,0,0,라그로타,AUS (200g)
2024-04-02,1,4,Spring,0,0,0,라그로타,AUS (200g)
2024-04-03,3,4,Spring,0,0,0,라그로타,AUS (200g)
2024-04-04,3,4,Spring,0,0,0,라그로타,AUS (200g)
2024-04-05,4,4,Spring,0,0,0,라그로타,AUS (200g)
2024-04-06,7,4,Spring,1,0,1,라그로타,AUS (200g)
2024-04-07,2,4,Spring,1,0,1,라그로타,AUS (200g)
2024-04-08,0,4,Spring,0,0,0,라그로타,AUS (200g)
2024-04-09,2,4,Spring,0,0,0,라그로타,AUS (200g)
2024-04-10,2,4,Spring,0,1,1,라그로타,AUS (200g)
2024-04-11,7,4,Spring,0,0,0,라그로타,AUS (200g)
2024-04-12,6,4,Spring,0,0,0,라그로타,AUS (200g)
2024-04-13,3,4,Spring,1,0,1,라그로타,AUS (200g)
2024-04-14,2,4,Spring,1,0,1,라그로타,AUS (200g)
2024-04-15,0,4,Spring,0,0,0,라그로타,AUS (200g)
2024-04-16,2,4,Spring,0,0,0,라그로타,AUS (200g)
2024-04-17,5,4,Spring,0,0,0,라그로타,AUS (200g)
2024-04-18,0,4,Spring,0,0,0,라그로타,AUS (200g)
2024-04-19,7,4,Spring,0,0,0,라그로타,AUS (200g)
2024-04-20,5,4,Spring,1,0,1,라그로타,AUS (200g)
2024-04-21,0,4,Spring,1,0,1,라그로타,AUS (200g)
2024-04-22,0,4,Spring,0,0,0,라그로타,AUS (200g)
2024-04-23,1,4,Spring,0,0,0,라그로타,AUS (200g)
2024-04-24,2,4,Spring,0,0,0,라그로타,AUS (200g)
2024-04-25,3,4,Spring,0,0,0,라그로타,AUS (200g)
2024-04-26,2,4,Spring,0,0,0,라그로타,AUS (200g)
2024-04-27,5,4,Spring,1,0,1,라그로타,AUS (200g)
2024-04-28,3,4,Spring,1,0,1,라그로타,AUS (200g)
2024-04-29,0,4,Spring,0,0,0,라그로타,AUS (200g)
2024-04-30,2,4,Spring,0,0,0,라그로타,AUS (200g)
2024-05-01,3,5,Spring,0,0,0,라그로타,AUS (200g)
2024-05-02,1,5,Spring,0,0,0,라그로타,AUS (200g)
2024-05-03,2,5,Spring,0,0,0,라그로타,AUS (200g)
2024-05-04,5,5,Spring,1,0,1,라그로타,AUS (200g)
2024-05-05,3,5,Spring,1,1,1,라그로타,AUS (200g)
2024-05-06,0,5,Spring,0,1,1,라그로타,AUS (200g)
2024-05-07,8,5,Spring,0,0,0,라그로타,AUS (200g)
2024-05-08,1,5,Spring,0,0,0,라그로타,AUS (200g)
2024-05-09,1,5,Spring,0,0,0,라그로타,AUS (200g)
2024-05-10,1,5,Spring,0,0,0,라그로타,AUS (200g)
2024-05-11,3,5,Spring,1,0,1,라그로타,AUS (200g)
2024-05-12,2,5,Spring,1,0,1,라그로타,AUS (200g)
2024-05-13,0,5,Spring,0,0,0,라그로타,AUS (200g)
2024-05-14,3,5,Spring,0,0,0,라그로타,AUS (200g)
2024-05-15,3,5,Spring,0,1,1,라그로타,AUS (200g)
2024-05-16,1,5,Spring,0,0,0,라그로타,AUS (200g)
2024-05-17,2,5,Spring,0,0,0,라그로타,AUS (200g)
2024-05-18,3,5,Spring,1,0,1,라그로타,AUS (200g)
2024-05-19,2,5,Spring,1,0,1,라그로타,AUS (200g)
2024-05-20,0,5,Spring,0,0,0,라그로타,AUS (200g)
2024-05-21,4,5,Spring,0,0,0,라그로타,AUS (200g)
2024-05-22,6,5,Spring,0,0,0,라그로타,AUS (200g)
2024-05-23,2,5,Spring,0,0,0,라그로타,AUS (200g)
2024-05-24,7,5,Spring,0,0,0,라그로타,AUS (200g)
2024-05-25,3,5,Spring,1,0,1,라그로타,AUS (200g)
2024-05-26,1,5,Spring,1,0,1,라그로타,AUS (200g)
2024-05-27,0,5,Spring,0,0,0,라그로타,AUS (200g)
2024-05-28,0,5,Spring,0,0,0,라그로타,AUS (200g)
2024-05-29,0,5,Spring,0,0,0,라그로타,AUS (200g)
2024-05-30,3,5,Spring,0,0,0,라그로타,AUS (200g)
2024-05-31,1,5,Spring,0,0,0,라그로타,AUS (200g)
2024-06-01,6,6,Summer,1,0,1,라그로타,AUS (200g)
2024-06-02,1,6,Summer,1,0,1,라그로타,AUS (200g)
2024-06-03,0,6,Summer,0,0,0,라그로타,AUS (200g)
2024-06-04,0,6,Summer,0,0,0,라그로타,AUS (200g)
2024-06-05,2,6,Summer,0,0,0,라그로타,AUS (200g)
2024-06-06,4,6,Summer,0,1,1,라그로타,AUS (200g)
2024-06-07,5,6,Summer,0,0,0,라그로타,AUS (200g)
2024-06-08,9,6,Summer,1,0,1,라그로타,AUS (200g)
2024-06-09,0,6,Summer,1,0,1,라그로타,AUS (200g)
2024-06-10,0,6,Summer,0,0,0,라그로타,AUS (200g)
2024-06-11,2,6,Summer,0,0,0,라그로타,AUS (200g)
2024-06-12,1,6,Summer,0,0,0,라그로타,AUS (200g)
2024-06-13,0,6,Summer,0,0,0,라그로타,AUS (200g)
2024-06-14,4,6,Summer,0,0,0,라그로타,AUS (200g)
2024-06-15,3,6,Summer,1,0,1,라그로타,AUS (200g)
2023-01-01,0,1,Winter,1,1,1,라그로타,G-Charge(3)
2023-01-02,1,1,Winter,0,0,0,라그로타,G-Charge(3)
2023-01-03,0,1,Winter,0,0,0,라그로타,G-Charge(3)
2023-01-04,0,1,Winter,0,0,0,라그로타,G-Charge(3)
2023-01-05,2,1,Winter,0,0,0,라그로타,G-Charge(3)
2023-01-06,0,1,Winter,0,0,0,라그로타,G-Charge(3)
2023-01-07,2,1,Winter,1,0,1,라그로타,G-Charge(3)
2023-01-08,0,1,Winter,1,0,1,라그로타,G-Charge(3)
2023-01-09,0,1,Winter,0,0,0,라그로타,G-Charge(3)
2023-01-10,0,1,Winter,0,0,0,라그로타,G-Charge(3)
2023-01-11,0,1,Winter,0,0,0,라그로타,G-Charge(3)
2023-01-12,0,1,Winter,0,0,0,라그로타,G-Charge(3)
2023-01-13,0,1,Winter,0,0,0,라그로타,G-Charge(3)
2023-01-14,0,1,Winter,1,0,1,라그로타,G-Charge(3)
2023-01-15,0,1,Winter,1,0,1,라그로타,G-Charge(3)
2023-01-16,0,1,Winter,0,0,0,라그로타,G-Charge(3)
2023-01-17,0,1,Winter,0,0,0,라그로타,G-Charge(3)
2023-01-18,0,1,Winter,0,0,0,라그로타,G-Charge(3)
2023-01-19,5,1,Winter,0,0,0,라그로타,G-Charge(3)
2023-01-20,0,1,Winter,0,0,0,라그로타,G-Charge(3)
2023-01-21,0,1,Winter,1,1,1,라그로타,G-Charge(3)
2023-01-22,0,1,Winter,1,1,1,라그로타,G-Charge(3)
2023-01-23,1,1,Winter,0,1,1,라그로타,G-Charge(3)
2023-01-24,0,1,Winter,0,1,1,라그로타,G-Charge(3)
2023-01-25,0,1,Winter,0,0,0,라그로타,G-Charge(3)
2023-01-26,0,1,Winter,0,0,0,라그로타,G-Charge(3)
2023-01-27,0,1,Winter,0,0,0,라그로타,G-Charge(3)
2023-01-28,0,1,Winter,1,0,1,라그로타,G-Charge(3)
2023-01-29,0,1,Winter,1,0,1,라그로타,G-Charge(3)
2023-01-30,0,1,Winter,0,0,0,라그로타,G-Charge(3)
2023-01-31,0,1,Winter,0,0,0,라그로타,G-Charge(3)
2023-02-01,0,2,Winter,0,0,0,라그로타,G-Charge(3)
2023-02-02,0,2,Winter,0,0,0,라그로타,G-Charge(3)
2023-02-03,0,2,Winter,0,0,0,라그로타,G-Charge(3)
2023-02-04,0,2,Winter,1,0,1,라그로타,G-Charge(3)
2023-02-05,0,2,Winter,1,0,1,라그로타,G-Charge(3)
2023-02-06,0,2,Winter,0,0,0,라그로타,G-Charge(3)
2023-02-07,0,2,Winter,0,0,0,라그로타,G-Charge(3)
2023-02-08,0,2,Winter,0,0,0,라그로타,G-Charge(3)
2023-02-09,0,2,Winter,0,0,0,라그로타,G-Charge(3)
2023-02-10,0,2,Winter,0,0,0,라그로타,G-Charge(3)
2023-02-11,1,2,Winter,1,0,1,라그로타,G-Charge(3)
2023-02-12,0,2,Winter,1,0,1,라그로타,G-Charge(3)
2023-02-13,0,2,Winter,0,0,0,라그로타,G-Charge(3)
2023-02-14,1,2,Winter,0,0,0,라그로타,G-Charge(3)
2023-02-15,0,2,Winter,0,0,0,라그로타,G-Charge(3)
2023-02-16,0,2,Winter,0,0,0,라그로타,G-Charge(3)
2023-02-17,0,2,Winter,0,0,0,라그로타,G-Charge(3)
2023-02-18,1,2,Winter,1,0,1,라그로타,G-Charge(3)
2023-02-19,0,2,Winter,1,0,1,라그로타,G-Charge(3)
2023-02-20,0,2,Winter,0,0,0,라그로타,G-Charge(3)
2023-02-21,1,2,Winter,0,0,0,라그로타,G-Charge(3)
2023-02-22,0,2,Winter,0,0,0,라그로타,G-Charge(3)
2023-02-23,0,2,Winter,0,0,0,라그로타,G-Charge(3)
2023-02-24,1,2,Winter,0,0,0,라그로타,G-Charge(3)
2023-02-25,0,2,Winter,1,0,1,라그로타,G-Charge(3)
2023-02-26,0,2,Winter,1,0,1,라그로타,G-Charge(3)
2023-02-27,0,2,Winter,0,0,0,라그로타,G-Charge(3)
2023-02-28,0,2,Winter,0,0,0,라그로타,G-Charge(3)
2023-03-01,0,3,Spring,0,1,1,라그로타,G-Charge(3)
2023-03-02,0,3,Spring,0,0,0,라그로타,G-Charge(3)
2023-03-03,0,3,Spring,0,0,0,라그로타,G-Charge(3)
2023-03-04,0,3,Spring,1,0,1,라그로타,G-Charge(3)
2023-03-05,0,3,Spring,1,0,1,라그로타,G-Charge(3)
2023-03-06,0,3,Spring,0,0,0,라그로타,G-Charge(3)
2023-03-07,0,3,Spring,0,0,0,라그로타,G-Charge(3)
2023-03-08,0,3,Spring,0,0,0,라그로타,G-Charge(3)
2023-03-09,0,3,Spring,0,0,0,라그로타,G-Charge(3)
2023-03-10,0,3,Spring,0,0,0,라그로타,G-Charge(3)
2023-03-11,2,3,Spring,1,0,1,라그로타,G-Charge(3)
2023-03-12,1,3,Spring,1,0,1,라그로타,G-Charge(3)
2023-03-13,0,3,Spring,0,0,0,라그로타,G-Charge(3)
2023-03-14,0,3,Spring,0,0,0,라그로타,G-Charge(3)
2023-03-15,2,3,Spring,0,0,0,라그로타,G-Charge(3)
2023-03-16,0,3,Spring,0,0,0,라그로타,G-Charge(3)
2023-03-17,0,3,Spring,0,0,0,라그로타,G-Charge(3)
2023-03-18,0,3,Spring,1,0,1,라그로타,G-Charge(3)
2023-03-19,0,3,Spring,1,0,1,라그로타,G-Charge(3)
2023-03-20,0,3,Spring,0,0,0,라그로타,G-Charge(3)
2023-03-21,0,3,Spring,0,0,0,라그로타,G-Charge(3)
2023-03-22,4,3,Spring,0,0,0,라그로타,G-Charge(3)
2023-03-23,0,3,Spring,0,0,0,라그로타,G-Charge(3)
2023-03-24,0,3,Spring,0,0,0,라그로타,G-Charge(3)
2023-03-25,1,3,Spring,1,0,1,라그로타,G-Charge(3)
2023-03-26,1,3,Spring,1,0,1,라그로타,G-Charge(3)
2023-03-27,0,3,Spring,0,0,0,라그로타,G-Charge(3)
2023-03-28,0,3,Spring,0,0,0,라그로타,G-Charge(3)
2023-03-29,0,3,Spring,0,0,0,라그로타,G-Charge(3)
2023-03-30,0,3,Spring,0,0,0,라그로타,G-Charge(3)
2023-03-31,1,3,Spring,0,0,0,라그로타,G-Charge(3)
2023-04-01,5,4,Spring,1,0,1,라그로타,G-Charge(3)
2023-04-02,0,4,Spring,1,0,1,라그로타,G-Charge(3)
2023-04-03,0,4,Spring,0,0,0,라그로타,G-Charge(3)
2023-04-04,0,4,Spring,0,0,0,라그로타,G-Charge(3)
2023-04-05,0,4,Spring,0,0,0,라그로타,G-Charge(3)
2023-04-06,0,4,Spring,0,0,0,라그로타,G-Charge(3)
2023-04-07,6,4,Spring,0,0,0,라그로타,G-Charge(3)
2023-04-08,4,4,Spring,1,0,1,라그로타,G-Charge(3)
2023-04-09,1,4,Spring,1,0,1,라그로타,G-Charge(3)
2023-04-10,0,4,Spring,0,0,0,라그로타,G-Charge(3)
2023-04-11,1,4,Spring,0,0,0,라그로타,G-Charge(3)
2023-04-12,0,4,Spring,0,0,0,라그로타,G-Charge(3)
2023-04-13,3,4,Spring,0,0,0,라그로타,G-Charge(3)
2023-04-14,10,4,Spring,0,0,0,라그로타,G-Charge(3)
2023-04-15,3,4,Spring,1,0,1,라그로타,G-Charge(3)
2023-04-16,0,4,Spring,1,0,1,라그로타,G-Charge(3)
2023-04-17,0,4,Spring,0,0,0,라그로타,G-Charge(3)
2023-04-18,2,4,Spring,0,0,0,라그로타,G-Charge(3)
2023-04-19,0,4,Spring,0,0,0,라그로타,G-Charge(3)
2023-04-20,1,4,Spring,0,0,0,라그로타,G-Charge(3)
2023-04-21,1,4,Spring,0,0,0,라그로타,G-Charge(3)
2023-04-22,0,4,Spring,1,0,1,라그로타,G-Charge(3)
2023-04-23,0,4,Spring,1,0,1,라그로타,G-Charge(3)
2023-04-24,0,4,Spring,0,0,0,라그로타,G-Charge(3)
2023-04-25,0,4,Spring,0,0,0,라그로타,G-Charge(3)
2023-04-26,16,4,Spring,0,0,0,라그로타,G-Charge(3)
2023-04-27,0,4,Spring,0,0,0,라그로타,G-Charge(3)
2023-04-28,1,4,Spring,0,0,0,라그로타,G-Charge(3)
2023-04-29,4,4,Spring,1,0,1,라그로타,G-Charge(3)
2023-04-30,0,4,Spring,1,0,1,라그로타,G-Charge(3)
2023-05-01,0,5,Spring,0,0,0,라그로타,G-Charge(3)
2023-05-02,1,5,Spring,0,0,0,라그로타,G-Charge(3)
2023-05-03,0,5,Spring,0,0,0,라그로타,G-Charge(3)
2023-05-04,1,5,Spring,0,0,0,라그로타,G-Charge(3)
2023-05-05,1,5,Spring,0,1,1,라그로타,G-Charge(3)
2023-05-06,1,5,Spring,1,0,1,라그로타,G-Charge(3)
2023-05-07,0,5,Spring,1,0,1,라그로타,G-Charge(3)
2023-05-08,0,5,Spring,0,0,0,라그로타,G-Charge(3)
2023-05-09,0,5,Spring,0,0,0,라그로타,G-Charge(3)
2023-05-10,4,5,Spring,0,0,0,라그로타,G-Charge(3)
2023-05-11,0,5,Spring,0,0,0,라그로타,G-Charge(3)
2023-05-12,0,5,Spring,0,0,0,라그로타,G-Charge(3)
2023-05-13,0,5,Spring,1,0,1,라그로타,G-Charge(3)
2023-05-14,0,5,Spring,1,0,1,라그로타,G-Charge(3)
2023-05-15,0,5,Spring,0,0,0,라그로타,G-Charge(3)
2023-05-16,0,5,Spring,0,0,0,라그로타,G-Charge(3)
2023-05-17,0,5,Spring,0,0,0,라그로타,G-Charge(3)
2023-05-18,3,5,Spring,0,0,0,라그로타,G-Charge(3)
2023-05-19,0,5,Spring,0,0,0,라그로타,G-Charge(3)
2023-05-20,0,5,Spring,1,0,1,라그로타,G-Charge(3)
2023-05-21,0,5,Spring,1,0,1,라그로타,G-Charge(3)
2023-05-22,0,5,Spring,0,0,0,라그로타,G-Charge(3)
2023-05-23,1,5,Spring,0,0,0,라그로타,G-Charge(3)
2023-05-24,0,5,Spring,0,0,0,라그로타,G-Charge(3)
2023-05-25,0,5,Spring,0,0,0,라그로타,G-Charge(3)
2023-05-26,0,5,Spring,0,0,0,라그로타,G-Charge(3)
2023-05-27,0,5,Spring,1,1,1,라그로타,G-Charge(3)
2023-05-28,1,5,Spring,1,0,1,라그로타,G-Charge(3)
2023-05-29,0,5,Spring,0,1,1,라그로타,G-Charge(3)
2023-05-30,0,5,Spring,0,0,0,라그로타,G-Charge(3)
2023-05-31,0,5,Spring,0,0,0,라그로타,G-Charge(3)
2023-06-01,0,6,Summer,0,0,0,라그로타,G-Charge(3)
2023-06-02,0,6,Summer,0,0,0,라그로타,G-Charge(3)
2023-06-03,5,6,Summer,1,0,1,라그로타,G-Charge(3)
2023-06-04,1,6,Summer,1,0,1,라그로타,G-Charge(3)
2023-06-05,0,6,Summer,0,0,0,라그로타,G-Charge(3)
2023-06-06,2,6,Summer,0,1,1,라그로타,G-Charge(3)
2023-06-07,0,6,Summer,0,0,0,라그로타,G-Charge(3)
2023-06-08,1,6,Summer,0,0,0,라그로타,G-Charge(3)
2023-06-09,0,6,Summer,0,0,0,라그로타,G-Charge(3)
2023-06-10,0,6,Summer,1,0,1,라그로타,G-Charge(3)
2023-06-11,1,6,Summer,1,0,1,라그로타,G-Charge(3)
2023-06-12,0,6,Summer,0,0,0,라그로타,G-Charge(3)
2023-06-13,0,6,Summer,0,0,0,라그로타,G-Charge(3)
2023-06-14,0,6,Summer,0,0,0,라그로타,G-Charge(3)
2023-06-15,0,6,Summer,0,0,0,라그로타,G-Charge(3)
2023-06-16,0,6,Summer,0,0,0,라그로타,G-Charge(3)
2023-06-17,0,6,Summer,1,0,1,라그로타,G-Charge(3)
2023-06-18,0,6,Summer,1,0,1,라그로타,G-Charge(3)
2023-06-19,0,6,Summer,0,0,0,라그로타,G-Charge(3)
2023-06-20,0,6,Summer,0,0,0,라그로타,G-Charge(3)
2023-06-21,0,6,Summer,0,0,0,라그로타,G-Charge(3)
2023-06-22,0,6,Summer,0,0,0,라그로타,G-Charge(3)
2023-06-23,0,6,Summer,0,0,0,라그로타,G-Charge(3)
2023-06-24,1,6,Summer,1,0,1,라그로타,G-Charge(3)
2023-06-25,0,6,Summer,1,0,1,라그로타,G-Charge(3)
2023-06-26,0,6,Summer,0,0,0,라그로타,G-Charge(3)
2023-06-27,0,6,Summer,0,0,0,라그로타,G-Charge(3)
2023-06-28,0,6,Summer,0,0,0,라그로타,G-Charge(3)
2023-06-29,0,6,Summer,0,0,0,라그로타,G-Charge(3)
2023-06-30,0,6,Summer,0,0,0,라그로타,G-Charge(3)
2023-07-01,0,7,Summer,1,0,1,라그로타,G-Charge(3)
2023-07-02,0,7,Summer,1,0,1,라그로타,G-Charge(3)
2023-07-03,0,7,Summer,0,0,0,라그로타,G-Charge(3)
2023-07-04,0,7,Summer,0,0,0,라그로타,G-Charge(3)
2023-07-05,2,7,Summer,0,0,0,라그로타,G-Charge(3)
2023-07-06,0,7,Summer,0,0,0,라그로타,G-Charge(3)
2023-07-07,1,7,Summer,0,0,0,라그로타,G-Charge(3)
2023-07-08,2,7,Summer,1,0,1,라그로타,G-Charge(3)
2023-07-09,0,7,Summer,1,0,1,라그로타,G-Charge(3)
2023-07-10,0,7,Summer,0,0,0,라그로타,G-Charge(3)
2023-07-11,0,7,Summer,0,0,0,라그로타,G-Charge(3)
2023-07-12,6,7,Summer,0,0,0,라그로타,G-Charge(3)
2023-07-13,1,7,Summer,0,0,0,라그로타,G-Charge(3)
2023-07-14,0,7,Summer,0,0,0,라그로타,G-Charge(3)
2023-07-15,0,7,Summer,1,0,1,라그로타,G-Charge(3)
2023-07-16,1,7,Summer,1,0,1,라그로타,G-Charge(3)
2023-07-17,0,7,Summer,0,0,0,라그로타,G-Charge(3)
2023-07-18,0,7,Summer,0,0,0,라그로타,G-Charge(3)
2023-07-19,0,7,Summer,0,0,0,라그로타,G-Charge(3)
2023-07-20,1,7,Summer,0,0,0,라그로타,G-Charge(3)
2023-07-21,1,7,Summer,0,0,0,라그로타,G-Charge(3)
2023-07-22,0,7,Summer,1,0,1,라그로타,G-Charge(3)
2023-07-23,0,7,Summer,1,0,1,라그로타,G-Charge(3)
2023-07-24,0,7,Summer,0,0,0,라그로타,G-Charge(3)
2023-07-25,0,7,Summer,0,0,0,라그로타,G-Charge(3)
2023-07-26,0,7,Summer,0,0,0,라그로타,G-Charge(3)
2023-07-27,1,7,Summer,0,0,0,라그로타,G-Charge(3)
2023-07-28,0,7,Summer,0,0,0,라그로타,G-Charge(3)
2023-07-29,2,7,Summer,1,0,1,라그로타,G-Charge(3)
2023-07-30,0,7,Summer,1,0,1,라그로타,G-Charge(3)
2023-07-31,0,7,Summer,0,0,0,라그로타,G-Charge(3)
2023-08-01,0,8,Summer,0,0,0,라그로타,G-Charge(3)
2023-08-02,0,8,Summer,0,0,0,라그로타,G-Charge(3)
2023-08-03,0,8,Summer,0,0,0,라그로타,G-Charge(3)
2023-08-04,0,8,Summer,0,0,0,라그로타,G-Charge(3)
2023-08-05,1,8,Summer,1,0,1,라그로타,G-Charge(3)
2023-08-06,0,8,Summer,1,0,1,라그로타,G-Charge(3)
2023-08-07,0,8,Summer,0,0,0,라그로타,G-Charge(3)
2023-08-08,0,8,Summer,0,0,0,라그로타,G-Charge(3)
2023-08-09,0,8,Summer,0,0,0,라그로타,G-Charge(3)
2023-08-10,0,8,Summer,0,0,0,라그로타,G-Charge(3)
2023-08-11,1,8,Summer,0,0,0,라그로타,G-Charge(3)
2023-08-12,1,8,Summer,1,0,1,라그로타,G-Charge(3)
2023-08-13,0,8,Summer,1,0,1,라그로타,G-Charge(3)
2023-08-14,1,8,Summer,0,0,0,라그로타,G-Charge(3)
2023-08-15,0,8,Summer,0,1,1,라그로타,G-Charge(3)
2023-08-16,0,8,Summer,0,0,0,라그로타,G-Charge(3)
2023-08-17,1,8,Summer,0,0,0,라그로타,G-Charge(3)
2023-08-18,0,8,Summer,0,0,0,라그로타,G-Charge(3)
2023-08-19,1,8,Summer,1,0,1,라그로타,G-Charge(3)
2023-08-20,0,8,Summer,1,0,1,라그로타,G-Charge(3)
2023-08-21,0,8,Summer,0,0,0,라그로타,G-Charge(3)
2023-08-22,0,8,Summer,0,0,0,라그로타,G-Charge(3)
2023-08-23,1,8,Summer,0,0,0,라그로타,G-Charge(3)
2023-08-24,2,8,Summer,0,0,0,라그로타,G-Charge(3)
2023-08-25,0,8,Summer,0,0,0,라그로타,G-Charge(3)
2023-08-26,3,8,Summer,1,0,1,라그로타,G-Charge(3)
2023-08-27,0,8,Summer,1,0,1,라그로타,G-Charge(3)
2023-08-28,0,8,Summer,0,0,0,라그로타,G-Charge(3)
2023-08-29,0,8,Summer,0,0,0,라그로타,G-Charge(3)
2023-08-30,0,8,Summer,0,0,0,라그로타,G-Charge(3)
2023-08-31,0,8,Summer,0,0,0,라그로타,G-Charge(3)
2023-09-01,0,9,Autumn,0,0,0,라그로타,G-Charge(3)
2023-09-02,3,9,Autumn,1,0,1,라그로타,G-Charge(3)
2023-09-03,0,9,Autumn,1,0,1,라그로타,G-Charge(3)
2023-09-04,0,9,Autumn,0,0,0,라그로타,G-Charge(3)
2023-09-05,0,9,Autumn,0,0,0,라그로타,G-Charge(3)
2023-09-06,0,9,Autumn,0,0,0,라그로타,G-Charge(3)
2023-09-07,0,9,Autumn,0,0,0,라그로타,G-Charge(3)
2023-09-08,0,9,Autumn,0,0,0,라그로타,G-Charge(3)
2023-09-09,4,9,Autumn,1,0,1,라그로타,G-Charge(3)
2023-09-10,0,9,Autumn,1,0,1,라그로타,G-Charge(3)
2023-09-11,0,9,Autumn,0,0,0,라그로타,G-Charge(3)
2023-09-12,0,9,Autumn,0,0,0,라그로타,G-Charge(3)
2023-09-13,0,9,Autumn,0,0,0,라그로타,G-Charge(3)
2023-09-14,0,9,Autumn,0,0,0,라그로타,G-Charge(3)
2023-09-15,1,9,Autumn,0,0,0,라그로타,G-Charge(3)
2023-09-16,6,9,Autumn,1,0,1,라그로타,G-Charge(3)
2023-09-17,0,9,Autumn,1,0,1,라그로타,G-Charge(3)
2023-09-18,0,9,Autumn,0,0,0,라그로타,G-Charge(3)
2023-09-19,1,9,Autumn,0,0,0,라그로타,G-Charge(3)
2023-09-20,0,9,Autumn,0,0,0,라그로타,G-Charge(3)
2023-09-21,1,9,Autumn,0,0,0,라그로타,G-Charge(3)
2023-09-22,3,9,Autumn,0,0,0,라그로타,G-Charge(3)
2023-09-23,4,9,Autumn,1,0,1,라그로타,G-Charge(3)
2023-09-24,0,9,Autumn,1,0,1,라그로타,G-Charge(3)
2023-09-25,0,9,Autumn,0,0,0,라그로타,G-Charge(3)
2023-09-26,0,9,Autumn,0,0,0,라그로타,G-Charge(3)
2023-09-27,0,9,Autumn,0,0,0,라그로타,G-Charge(3)
2023-09-28,1,9,Autumn,0,1,1,라그로타,G-Charge(3)
2023-09-29,1,9,Autumn,0,1,1,라그로타,G-Charge(3)
2023-09-30,2,9,Autumn,1,1,1,라그로타,G-Charge(3)
2023-10-01,0,10,Autumn,1,0,1,라그로타,G-Charge(3)
2023-10-02,0,10,Autumn,0,1,1,라그로타,G-Charge(3)
2023-10-03,1,10,Autumn,0,1,1,라그로타,G-Charge(3)
2023-10-04,0,10,Autumn,0,0,0,라그로타,G-Charge(3)
2023-10-05,0,10,Autumn,0,0,0,라그로타,G-Charge(3)
2023-10-06,0,10,Autumn,0,0,0,라그로타,G-Charge(3)
2023-10-07,2,10,Autumn,1,0,1,라그로타,G-Charge(3)
2023-10-08,4,10,Autumn,1,0,1,라그로타,G-Charge(3)
2023-10-09,0,10,Autumn,0,1,1,라그로타,G-Charge(3)
2023-10-10,0,10,Autumn,0,0,0,라그로타,G-Charge(3)
2023-10-11,0,10,Autumn,0,0,0,라그로타,G-Charge(3)
2023-10-12,0,10,Autumn,0,0,0,라그로타,G-Charge(3)
2023-10-13,0,10,Autumn,0,0,0,라그로타,G-Charge(3)
2023-10-14,4,10,Autumn,1,0,1,라그로타,G-Charge(3)
2023-10-15,0,10,Autumn,1,0,1,라그로타,G-Charge(3)
2023-10-16,0,10,Autumn,0,0,0,라그로타,G-Charge(3)
2023-10-17,0,10,Autumn,0,0,0,라그로타,G-Charge(3)
2023-10-18,0,10,Autumn,0,0,0,라그로타,G-Charge(3)
2023-10-19,1,10,Autumn,0,0,0,라그로타,G-Charge(3)
2023-10-20,2,10,Autumn,0,0,0,라그로타,G-Charge(3)
2023-10-21,0,10,Autumn,1,0,1,라그로타,G-Charge(3)
2023-10-22,0,10,Autumn,1,0,1,라그로타,G-Charge(3)
2023-10-23,0,10,Autumn,0,0,0,라그로타,G-Charge(3)
2023-10-24,1,10,Autumn,0,0,0,라그로타,G-Charge(3)
2023-10-25,0,10,Autumn,0,0,0,라그로타,G-Charge(3)
2023-10-26,0,10,Autumn,0,0,0,라그로타,G-Charge(3)
2023-10-27,3,10,Autumn,0,0,0,라그로타,G-Charge(3)
2023-10-28,1,10,Autumn,1,0,1,라그로타,G-Charge(3)
2023-10-29,2,10,Autumn,1,0,1,라그로타,G-Charge(3)
2023-10-30,0,10,Autumn,0,0,0,라그로타,G-Charge(3)
2023-10-31,4,10,Autumn,0,0,0,라그로타,G-Charge(3)
2023-11-01,0,11,Autumn,0,0,0,라그로타,G-Charge(3)
2023-11-02,1,11,Autumn,0,0,0,라그로타,G-Charge(3)
2023-11-03,0,11,Autumn,0,0,0,라그로타,G-Charge(3)
2023-11-04,0,11,Autumn,1,0,1,라그로타,G-Charge(3)
2023-11-05,1,11,Autumn,1,0,1,라그로타,G-Charge(3)
2023-11-06,0,11,Autumn,0,0,0,라그로타,G-Charge(3)
2023-11-07,0,11,Autumn,0,0,0,라그로타,G-Charge(3)
2023-11-08,12,11,Autumn,0,0,0,라그로타,G-Charge(3)
2023-11-09,0,11,Autumn,0,0,0,라그로타,G-Charge(3)
2023-11-10,1,11,Autumn,0,0,0,라그로타,G-Charge(3)
2023-11-11,1,11,Autumn,1,0,1,라그로타,G-Charge(3)
2023-11-12,0,11,Autumn,1,0,1,라그로타,G-Charge(3)
2023-11-13,0,11,Autumn,0,0,0,라그로타,G-Charge(3)
2023-11-14,0,11,Autumn,0,0,0,라그로타,G-Charge(3)
2023-11-15,0,11,Autumn,0,0,0,라그로타,G-Charge(3)
2023-11-16,5,11,Autumn,0,0,0,라그로타,G-Charge(3)
2023-11-17,0,11,Autumn,0,0,0,라그로타,G-Charge(3)
2023-11-18,4,11,Autumn,1,0,1,라그로타,G-Charge(3)
2023-11-19,2,11,Autumn,1,0,1,라그로타,G-Charge(3)
2023-11-20,0,11,Autumn,0,0,0,라그로타,G-Charge(3)
2023-11-21,1,11,Autumn,0,0,0,라그로타,G-Charge(3)
2023-11-22,0,11,Autumn,0,0,0,라그로타,G-Charge(3)
2023-11-23,2,11,Autumn,0,0,0,라그로타,G-Charge(3)
2023-11-24,0,11,Autumn,0,0,0,라그로타,G-Charge(3)
2023-11-25,2,11,Autumn,1,0,1,라그로타,G-Charge(3)
2023-11-26,1,11,Autumn,1,0,1,라그로타,G-Charge(3)
2023-11-27,0,11,Autumn,0,0,0,라그로타,G-Charge(3)
2023-11-28,0,11,Autumn,0,0,0,라그로타,G-Charge(3)
2023-11-29,0,11,Autumn,0,0,0,라그로타,G-Charge(3)
2023-11-30,0,11,Autumn,0,0,0,라그로타,G-Charge(3)
2023-12-01,3,12,Winter,0,0,0,라그로타,G-Charge(3)
2023-12-02,2,12,Winter,1,0,1,라그로타,G-Charge(3)
2023-12-03,0,12,Winter,1,0,1,라그로타,G-Charge(3)
2023-12-04,0,12,Winter,0,0,0,라그로타,G-Charge(3)
2023-12-05,0,12,Winter,0,0,0,라그로타,G-Charge(3)
2023-12-06,0,12,Winter,0,0,0,라그로타,G-Charge(3)
2023-12-07,3,12,Winter,0,0,0,라그로타,G-Charge(3)
2023-12-08,3,12,Winter,0,0,0,라그로타,G-Charge(3)
2023-12-09,2,12,Winter,1,0,1,라그로타,G-Charge(3)
2023-12-10,1,12,Winter,1,0,1,라그로타,G-Charge(3)
2023-12-11,0,12,Winter,0,0,0,라그로타,G-Charge(3)
2023-12-12,0,12,Winter,0,0,0,라그로타,G-Charge(3)
2023-12-13,0,12,Winter,0,0,0,라그로타,G-Charge(3)
2023-12-14,0,12,Winter,0,0,0,라그로타,G-Charge(3)
2023-12-15,1,12,Winter,0,0,0,라그로타,G-Charge(3)
2023-12-16,0,12,Winter,1,0,1,라그로타,G-Charge(3)
2023-12-17,2,12,Winter,1,0,1,라그로타,G-Charge(3)
2023-12-18,1,12,Winter,0,0,0,라그로타,G-Charge(3)
2023-12-19,0,12,Winter,0,0,0,라그로타,G-Charge(3)
2023-12-20,2,12,Winter,0,0,0,라그로타,G-Charge(3)
2023-12-21,0,12,Winter,0,0,0,라그로타,G-Charge(3)
2023-12-22,1,12,Winter,0,0,0,라그로타,G-Charge(3)
2023-12-23,1,12,Winter,1,0,1,라그로타,G-Charge(3)
2023-12-24,2,12,Winter,1,0,1,라그로타,G-Charge(3)
2023-12-25,1,12,Winter,0,1,1,라그로타,G-Charge(3)
2023-12-26,0,12,Winter,0,0,0,라그로타,G-Charge(3)
2023-12-27,3,12,Winter,0,0,0,라그로타,G-Charge(3)
2023-12-28,3,12,Winter,0,0,0,라그로타,G-Charge(3)
2023-12-29,4,12,Winter,0,0,0,라그로타,G-Charge(3)
2023-12-30,0,12,Winter,1,0,1,라그로타,G-Charge(3)
2023-12-31,0,12,Winter,1,0,1,라그로타,G-Charge(3)
2024-01-01,1,1,Winter,0,1,1,라그로타,G-Charge(3)
2024-01-02,0,1,Winter,0,0,0,라그로타,G-Charge(3)
2024-01-03,0,1,Winter,0,0,0,라그로타,G-Charge(3)
2024-01-04,0,1,Winter,0,0,0,라그로타,G-Charge(3)
2024-01-05,2,1,Winter,0,0,0,라그로타,G-Charge(3)
2024-01-06,5,1,Winter,1,0,1,라그로타,G-Charge(3)
2024-01-07,1,1,Winter,1,0,1,라그로타,G-Charge(3)
2024-01-08,0,1,Winter,0,0,0,라그로타,G-Charge(3)
2024-01-09,0,1,Winter,0,0,0,라그로타,G-Charge(3)
2024-01-10,0,1,Winter,0,0,0,라그로타,G-Charge(3)
2024-01-11,0,1,Winter,0,0,0,라그로타,G-Charge(3)
2024-01-12,2,1,Winter,0,0,0,라그로타,G-Charge(3)
2024-01-13,0,1,Winter,1,0,1,라그로타,G-Charge(3)
2024-01-14,0,1,Winter,1,0,1,라그로타,G-Charge(3)
2024-01-15,1,1,Winter,0,0,0,라그로타,G-Charge(3)
2024-01-16,0,1,Winter,0,0,0,라그로타,G-Charge(3)
2024-01-17,0,1,Winter,0,0,0,라그로타,G-Charge(3)
2024-01-18,18,1,Winter,0,0,0,라그로타,G-Charge(3)
2024-01-19,3,1,Winter,0,0,0,라그로타,G-Charge(3)
2024-01-20,1,1,Winter,1,0,1,라그로타,G-Charge(3)
2024-01-21,0,1,Winter,1,0,1,라그로타,G-Charge(3)
2024-01-22,1,1,Winter,0,0,0,라그로타,G-Charge(3)
2024-01-23,0,1,Winter,0,0,0,라그로타,G-Charge(3)
2024-01-24,0,1,Winter,0,0,0,라그로타,G-Charge(3)
2024-01-25,0,1,Winter,0,0,0,라그로타,G-Charge(3)
2024-01-26,1,1,Winter,0,0,0,라그로타,G-Charge(3)
2024-01-27,1,1,Winter,1,0,1,라그로타,G-Charge(3)
2024-01-28,0,1,Winter,1,0,1,라그로타,G-Charge(3)
2024-01-29,1,1,Winter,0,0,0,라그로타,G-Charge(3)
2024-01-30,2,1,Winter,0,0,0,라그로타,G-Charge(3)
2024-01-31,0,1,Winter,0,0,0,라그로타,G-Charge(3)
2024-02-01,0,2,Winter,0,0,0,라그로타,G-Charge(3)
2024-02-02,0,2,Winter,0,0,0,라그로타,G-Charge(3)
2024-02-03,0,2,Winter,1,0,1,라그로타,G-Charge(3)
2024-02-04,0,2,Winter,1,0,1,라그로타,G-Charge(3)
2024-02-05,0,2,Winter,0,0,0,라그로타,G-Charge(3)
2024-02-06,0,2,Winter,0,0,0,라그로타,G-Charge(3)
2024-02-07,0,2,Winter,0,0,0,라그로타,G-Charge(3)
2024-02-08,0,2,Winter,0,0,0,라그로타,G-Charge(3)
2024-02-09,2,2,Winter,0,1,1,라그로타,G-Charge(3)
2024-02-10,2,2,Winter,1,1,1,라그로타,G-Charge(3)
2024-02-11,0,2,Winter,1,1,1,라그로타,G-Charge(3)
2024-02-12,2,2,Winter,0,1,1,라그로타,G-Charge(3)
2024-02-13,0,2,Winter,0,0,0,라그로타,G-Charge(3)
2024-02-14,0,2,Winter,0,0,0,라그로타,G-Charge(3)
2024-02-15,3,2,Winter,0,0,0,라그로타,G-Charge(3)
2024-02-16,1,2,Winter,0,0,0,라그로타,G-Charge(3)
2024-02-17,0,2,Winter,1,0,1,라그로타,G-Charge(3)
2024-02-18,0,2,Winter,1,0,1,라그로타,G-Charge(3)
2024-02-19,0,2,Winter,0,0,0,라그로타,G-Charge(3)
2024-02-20,0,2,Winter,0,0,0,라그로타,G-Charge(3)
2024-02-21,0,2,Winter,0,0,0,라그로타,G-Charge(3)
2024-02-22,0,2,Winter,0,0,0,라그로타,G-Charge(3)
2024-02-23,0,2,Winter,0,0,0,라그로타,G-Charge(3)
2024-02-24,1,2,Winter,1,0,1,라그로타,G-Charge(3)
2024-02-25,0,2,Winter,1,0,1,라그로타,G-Charge(3)
2024-02-26,0,2,Winter,0,0,0,라그로타,G-Charge(3)
2024-02-27,1,2,Winter,0,0,0,라그로타,G-Charge(3)
2024-02-28,0,2,Winter,0,0,0,라그로타,G-Charge(3)
2024-02-29,0,2,Winter,0,0,0,라그로타,G-Charge(3)
2024-03-01,0,3,Spring,0,1,1,라그로타,G-Charge(3)
2024-03-02,3,3,Spring,1,0,1,라그로타,G-Charge(3)
2024-03-03,0,3,Spring,1,0,1,라그로타,G-Charge(3)
2024-03-04,0,3,Spring,0,0,0,라그로타,G-Charge(3)
2024-03-05,0,3,Spring,0,0,0,라그로타,G-Charge(3)
2024-03-06,0,3,Spring,0,0,0,라그로타,G-Charge(3)
2024-03-07,0,3,Spring,0,0,0,라그로타,G-Charge(3)
2024-03-08,0,3,Spring,0,0,0,라그로타,G-Charge(3)
2024-03-09,0,3,Spring,1,0,1,라그로타,G-Charge(3)
2024-03-10,0,3,Spring,1,0,1,라그로타,G-Charge(3)
2024-03-11,0,3,Spring,0,0,0,라그로타,G-Charge(3)
2024-03-12,0,3,Spring,0,0,0,라그로타,G-Charge(3)
2024-03-13,0,3,Spring,0,0,0,라그로타,G-Charge(3)
2024-03-14,0,3,Spring,0,0,0,라그로타,G-Charge(3)
2024-03-15,0,3,Spring,0,0,0,라그로타,G-Charge(3)
2024-03-16,0,3,Spring,1,0,1,라그로타,G-Charge(3)
2024-03-17,1,3,Spring,1,0,1,라그로타,G-Charge(3)
2024-03-18,0,3,Spring,0,0,0,라그로타,G-Charge(3)
2024-03-19,0,3,Spring,0,0,0,라그로타,G-Charge(3)
2024-03-20,0,3,Spring,0,0,0,라그로타,G-Charge(3)
2024-03-21,0,3,Spring,0,0,0,라그로타,G-Charge(3)
2024-03-22,0,3,Spring,0,0,0,라그로타,G-Charge(3)
2024-03-23,0,3,Spring,1,0,1,라그로타,G-Charge(3)
2024-03-24,0,3,Spring,1,0,1,라그로타,G-Charge(3)
2024-03-25,0,3,Spring,0,0,0,라그로타,G-Charge(3)
2024-03-26,0,3,Spring,0,0,0,라그로타,G-Charge(3)
2024-03-27,1,3,Spring,0,0,0,라그로타,G-Charge(3)
2024-03-28,0,3,Spring,0,0,0,라그로타,G-Charge(3)
2024-03-29,1,3,Spring,0,0,0,라그로타,G-Charge(3)
2024-03-30,0,3,Spring,1,0,1,라그로타,G-Charge(3)
2024-03-31,1,3,Spring,1,0,1,라그로타,G-Charge(3)
2024-04-01,0,4,Spring,0,0,0,라그로타,G-Charge(3)
2024-04-02,0,4,Spring,0,0,0,라그로타,G-Charge(3)
2024-04-03,1,4,Spring,0,0,0,라그로타,G-Charge(3)
2024-04-04,0,4,Spring,0,0,0,라그로타,G-Charge(3)
2024-04-05,3,4,Spring,0,0,0,라그로타,G-Charge(3)
2024-04-06,2,4,Spring,1,0,1,라그로타,G-Charge(3)
2024-04-07,0,4,Spring,1,0,1,라그로타,G-Charge(3)
2024-04-08,0,4,Spring,0,0,0,라그로타,G-Charge(3)
2024-04-09,0,4,Spring,0,0,0,라그로타,G-Charge(3)
2024-04-10,0,4,Spring,0,1,1,라그로타,G-Charge(3)
2024-04-11,1,4,Spring,0,0,0,라그로타,G-Charge(3)
2024-04-12,0,4,Spring,0,0,0,라그로타,G-Charge(3)
2024-04-13,0,4,Spring,1,0,1,라그로타,G-Charge(3)
2024-04-14,2,4,Spring,1,0,1,라그로타,G-Charge(3)
2024-04-15,0,4,Spring,0,0,0,라그로타,G-Charge(3)
2024-04-16,1,4,Spring,0,0,0,라그로타,G-Charge(3)
2024-04-17,0,4,Spring,0,0,0,라그로타,G-Charge(3)
2024-04-18,0,4,Spring,0,0,0,라그로타,G-Charge(3)
2024-04-19,3,4,Spring,0,0,0,라그로타,G-Charge(3)
2024-04-20,0,4,Spring,1,0,1,라그로타,G-Charge(3)
2024-04-21,6,4,Spring,1,0,1,라그로타,G-Charge(3)
2024-04-22,0,4,Spring,0,0,0,라그로타,G-Charge(3)
2024-04-23,2,4,Spring,0,0,0,라그로타,G-Charge(3)
2024-04-24,1,4,Spring,0,0,0,라그로타,G-Charge(3)
2024-04-25,0,4,Spring,0,0,0,라그로타,G-Charge(3)
2024-04-26,3,4,Spring,0,0,0,라그로타,G-Charge(3)
2024-04-27,0,4,Spring,1,0,1,라그로타,G-Charge(3)
2024-04-28,0,4,Spring,1,0,1,라그로타,G-Charge(3)
2024-04-29,0,4,Spring,0,0,0,라그로타,G-Charge(3)
2024-04-30,0,4,Spring,0,0,0,라그로타,G-Charge(3)
2024-05-01,0,5,Spring,0,0,0,라그로타,G-Charge(3)
2024-05-02,0,5,Spring,0,0,0,라그로타,G-Charge(3)
2024-05-03,1,5,Spring,0,0,0,라그로타,G-Charge(3)
2024-05-04,0,5,Spring,1,0,1,라그로타,G-Charge(3)
2024-05-05,4,5,Spring,1,1,1,라그로타,G-Charge(3)
2024-05-06,0,5,Spring,0,1,1,라그로타,G-Charge(3)
2024-05-07,0,5,Spring,0,0,0,라그로타,G-Charge(3)
2024-05-08,1,5,Spring,0,0,0,라그로타,G-Charge(3)
2024-05-09,0,5,Spring,0,0,0,라그로타,G-Charge(3)
2024-05-10,4,5,Spring,0,0,0,라그로타,G-Charge(3)
2024-05-11,3,5,Spring,1,0,1,라그로타,G-Charge(3)
2024-05-12,0,5,Spring,1,0,1,라그로타,G-Charge(3)
2024-05-13,0,5,Spring,0,0,0,라그로타,G-Charge(3)
2024-05-14,2,5,Spring,0,0,0,라그로타,G-Charge(3)
2024-05-15,0,5,Spring,0,1,1,라그로타,G-Charge(3)
2024-05-16,0,5,Spring,0,0,0,라그로타,G-Charge(3)
2024-05-17,0,5,Spring,0,0,0,라그로타,G-Charge(3)
2024-05-18,1,5,Spring,1,0,1,라그로타,G-Charge(3)
2024-05-19,0,5,Spring,1,0,1,라그로타,G-Charge(3)
2024-05-20,0,5,Spring,0,0,0,라그로타,G-Charge(3)
2024-05-21,1,5,Spring,0,0,0,라그로타,G-Charge(3)
2024-05-22,0,5,Spring,0,0,0,라그로타,G-Charge(3)
2024-05-23,4,5,Spring,0,0,0,라그로타,G-Charge(3)
2024-05-24,0,5,Spring,0,0,0,라그로타,G-Charge(3)
2024-05-25,2,5,Spring,1,0,1,라그로타,G-Charge(3)
2024-05-26,0,5,Spring,1,0,1,라그로타,G-Charge(3)
2024-05-27,0,5,Spring,0,0,0,라그로타,G-Charge(3)
2024-05-28,0,5,Spring,0,0,0,라그로타,G-Charge(3)
2024-05-29,0,5,Spring,0,0,0,라그로타,G-Charge(3)
2024-05-30,0,5,Spring,0,0,0,라그로타,G-Charge(3)
2024-05-31,0,5,Spring,0,0,0,라그로타,G-Charge(3)
2024-06-01,2,6,Summer,1,0,1,라그로타,G-Charge(3)
2024-06-02,1,6,Summer,1,0,1,라그로타,G-Charge(3)
2024-06-03,0,6,Summer,0,0,0,라그로타,G-Charge(3)
2024-06-04,0,6,Summer,0,0,0,라그로타,G-Charge(3)
2024-06-05,2,6,Summer,0,0,0,라그로타,G-Charge(3)
2024-06-06,2,6,Summer,0,1,1,라그로타,G-Charge(3)
2024-06-07,0,6,Summer,0,0,0,라그로타,G-Charge(3)
2024-06-08,1,6,Summer,1,0,1,라그로타,G-Charge(3)
2024-06-09,0,6,Summer,1,0,1,라그로타,G-Charge(3)
2024-06-10,0,6,Summer,0,0,0,라그로타,G-Charge(3)
2024-06-11,1,6,Summer,0,0,0,라그로타,G-Charge(3)
2024-06-12,0,6,Summer,0,0,0,라그로타,G-Charge(3)
2024-06-13,0,6,Summer,0,0,0,라그로타,G-Charge(3)
2024-06-14,0,6,Summer,0,0,0,라그로타,G-Charge(3)
2024-06-15,0,6,Summer,1,0,1,라그로타,G-Charge(3)
2023-01-01,3,1,Winter,1,1,1,라그로타,Gls.Sileni
2023-01-02,0,1,Winter,0,0,0,라그로타,Gls.Sileni
2023-01-03,2,1,Winter,0,0,0,라그로타,Gls.Sileni
2023-01-04,1,1,Winter,0,0,0,라그로타,Gls.Sileni
2023-01-05,1,1,Winter,0,0,0,라그로타,Gls.Sileni
2023-01-06,1,1,Winter,0,0,0,라그로타,Gls.Sileni
2023-01-07,4,1,Winter,1,0,1,라그로타,Gls.Sileni
2023-01-08,1,1,Winter,1,0,1,라그로타,Gls.Sileni
2023-01-09,0,1,Winter,0,0,0,라그로타,Gls.Sileni
2023-01-10,1,1,Winter,0,0,0,라그로타,Gls.Sileni
2023-01-11,0,1,Winter,0,0,0,라그로타,Gls.Sileni
2023-01-12,1,1,Winter,0,0,0,라그로타,Gls.Sileni
2023-01-13,1,1,Winter,0,0,0,라그로타,Gls.Sileni
2023-01-14,0,1,Winter,1,0,1,라그로타,Gls.Sileni
2023-01-15,1,1,Winter,1,0,1,라그로타,Gls.Sileni
2023-01-16,0,1,Winter,0,0,0,라그로타,Gls.Sileni
2023-01-17,1,1,Winter,0,0,0,라그로타,Gls.Sileni
2023-01-18,0,1,Winter,0,0,0,라그로타,Gls.Sileni
2023-01-19,0,1,Winter,0,0,0,라그로타,Gls.Sileni
2023-01-20,0,1,Winter,0,0,0,라그로타,Gls.Sileni
2023-01-21,1,1,Winter,1,1,1,라그로타,Gls.Sileni
2023-01-22,0,1,Winter,1,1,1,라그로타,Gls.Sileni
2023-01-23,0,1,Winter,0,1,1,라그로타,Gls.Sileni
2023-01-24,3,1,Winter,0,1,1,라그로타,Gls.Sileni
2023-01-25,0,1,Winter,0,0,0,라그로타,Gls.Sileni
2023-01-26,0,1,Winter,0,0,0,라그로타,Gls.Sileni
2023-01-27,0,1,Winter,0,0,0,라그로타,Gls.Sileni
2023-01-28,2,1,Winter,1,0,1,라그로타,Gls.Sileni
2023-01-29,2,1,Winter,1,0,1,라그로타,Gls.Sileni
2023-01-30,0,1,Winter,0,0,0,라그로타,Gls.Sileni
2023-01-31,1,1,Winter,0,0,0,라그로타,Gls.Sileni
2023-02-01,0,2,Winter,0,0,0,라그로타,Gls.Sileni
2023-02-02,0,2,Winter,0,0,0,라그로타,Gls.Sileni
2023-02-03,0,2,Winter,0,0,0,라그로타,Gls.Sileni
2023-02-04,6,2,Winter,1,0,1,라그로타,Gls.Sileni
2023-02-05,3,2,Winter,1,0,1,라그로타,Gls.Sileni
2023-02-06,0,2,Winter,0,0,0,라그로타,Gls.Sileni
2023-02-07,1,2,Winter,0,0,0,라그로타,Gls.Sileni
2023-02-08,1,2,Winter,0,0,0,라그로타,Gls.Sileni
2023-02-09,0,2,Winter,0,0,0,라그로타,Gls.Sileni
2023-02-10,0,2,Winter,0,0,0,라그로타,Gls.Sileni
2023-02-11,0,2,Winter,1,0,1,라그로타,Gls.Sileni
2023-02-12,1,2,Winter,1,0,1,라그로타,Gls.Sileni
2023-02-13,0,2,Winter,0,0,0,라그로타,Gls.Sileni
2023-02-14,2,2,Winter,0,0,0,라그로타,Gls.Sileni
2023-02-15,0,2,Winter,0,0,0,라그로타,Gls.Sileni
2023-02-16,1,2,Winter,0,0,0,라그로타,Gls.Sileni
2023-02-17,0,2,Winter,0,0,0,라그로타,Gls.Sileni
2023-02-18,0,2,Winter,1,0,1,라그로타,Gls.Sileni
2023-02-19,0,2,Winter,1,0,1,라그로타,Gls.Sileni
2023-02-20,0,2,Winter,0,0,0,라그로타,Gls.Sileni
2023-02-21,0,2,Winter,0,0,0,라그로타,Gls.Sileni
2023-02-22,0,2,Winter,0,0,0,라그로타,Gls.Sileni
2023-02-23,2,2,Winter,0,0,0,라그로타,Gls.Sileni
2023-02-24,0,2,Winter,0,0,0,라그로타,Gls.Sileni
2023-02-25,0,2,Winter,1,0,1,라그로타,Gls.Sileni
2023-02-26,1,2,Winter,1,0,1,라그로타,Gls.Sileni
2023-02-27,0,2,Winter,0,0,0,라그로타,Gls.Sileni
2023-02-28,0,2,Winter,0,0,0,라그로타,Gls.Sileni
2023-03-01,2,3,Spring,0,1,1,라그로타,Gls.Sileni
2023-03-02,0,3,Spring,0,0,0,라그로타,Gls.Sileni
2023-03-03,0,3,Spring,0,0,0,라그로타,Gls.Sileni
2023-03-04,0,3,Spring,1,0,1,라그로타,Gls.Sileni
2023-03-05,0,3,Spring,1,0,1,라그로타,Gls.Sileni
2023-03-06,0,3,Spring,0,0,0,라그로타,Gls.Sileni
2023-03-07,0,3,Spring,0,0,0,라그로타,Gls.Sileni
2023-03-08,0,3,Spring,0,0,0,라그로타,Gls.Sileni
2023-03-09,0,3,Spring,0,0,0,라그로타,Gls.Sileni
2023-03-10,0,3,Spring,0,0,0,라그로타,Gls.Sileni
2023-03-11,4,3,Spring,1,0,1,라그로타,Gls.Sileni
2023-03-12,0,3,Spring,1,0,1,라그로타,Gls.Sileni
2023-03-13,0,3,Spring,0,0,0,라그로타,Gls.Sileni
2023-03-14,0,3,Spring,0,0,0,라그로타,Gls.Sileni
2023-03-15,0,3,Spring,0,0,0,라그로타,Gls.Sileni
2023-03-16,0,3,Spring,0,0,0,라그로타,Gls.Sileni
2023-03-17,1,3,Spring,0,0,0,라그로타,Gls.Sileni
2023-03-18,2,3,Spring,1,0,1,라그로타,Gls.Sileni
2023-03-19,0,3,Spring,1,0,1,라그로타,Gls.Sileni
2023-03-20,0,3,Spring,0,0,0,라그로타,Gls.Sileni
2023-03-21,0,3,Spring,0,0,0,라그로타,Gls.Sileni
2023-03-22,0,3,Spring,0,0,0,라그로타,Gls.Sileni
2023-03-23,1,3,Spring,0,0,0,라그로타,Gls.Sileni
2023-03-24,0,3,Spring,0,0,0,라그로타,Gls.Sileni
2023-03-25,0,3,Spring,1,0,1,라그로타,Gls.Sileni
2023-03-26,0,3,Spring,1,0,1,라그로타,Gls.Sileni
2023-03-27,0,3,Spring,0,0,0,라그로타,Gls.Sileni
2023-03-28,0,3,Spring,0,0,0,라그로타,Gls.Sileni
2023-03-29,0,3,Spring,0,0,0,라그로타,Gls.Sileni
2023-03-30,0,3,Spring,0,0,0,라그로타,Gls.Sileni
2023-03-31,2,3,Spring,0,0,0,라그로타,Gls.Sileni
2023-04-01,2,4,Spring,1,0,1,라그로타,Gls.Sileni
2023-04-02,1,4,Spring,1,0,1,라그로타,Gls.Sileni
2023-04-03,0,4,Spring,0,0,0,라그로타,Gls.Sileni
2023-04-04,1,4,Spring,0,0,0,라그로타,Gls.Sileni
2023-04-05,0,4,Spring,0,0,0,라그로타,Gls.Sileni
2023-04-06,0,4,Spring,0,0,0,라그로타,Gls.Sileni
2023-04-07,2,4,Spring,0,0,0,라그로타,Gls.Sileni
2023-04-08,0,4,Spring,1,0,1,라그로타,Gls.Sileni
2023-04-09,3,4,Spring,1,0,1,라그로타,Gls.Sileni
2023-04-10,0,4,Spring,0,0,0,라그로타,Gls.Sileni
2023-04-11,1,4,Spring,0,0,0,라그로타,Gls.Sileni
2023-04-12,3,4,Spring,0,0,0,라그로타,Gls.Sileni
2023-04-13,4,4,Spring,0,0,0,라그로타,Gls.Sileni
2023-04-14,0,4,Spring,0,0,0,라그로타,Gls.Sileni
2023-04-15,5,4,Spring,1,0,1,라그로타,Gls.Sileni
2023-04-16,1,4,Spring,1,0,1,라그로타,Gls.Sileni
2023-04-17,0,4,Spring,0,0,0,라그로타,Gls.Sileni
2023-04-18,1,4,Spring,0,0,0,라그로타,Gls.Sileni
2023-04-19,0,4,Spring,0,0,0,라그로타,Gls.Sileni
2023-04-20,0,4,Spring,0,0,0,라그로타,Gls.Sileni
2023-04-21,0,4,Spring,0,0,0,라그로타,Gls.Sileni
2023-04-22,1,4,Spring,1,0,1,라그로타,Gls.Sileni
2023-04-23,1,4,Spring,1,0,1,라그로타,Gls.Sileni
2023-04-24,0,4,Spring,0,0,0,라그로타,Gls.Sileni
2023-04-25,0,4,Spring,0,0,0,라그로타,Gls.Sileni
2023-04-26,3,4,Spring,0,0,0,라그로타,Gls.Sileni
2023-04-27,0,4,Spring,0,0,0,라그로타,Gls.Sileni
2023-04-28,2,4,Spring,0,0,0,라그로타,Gls.Sileni
2023-04-29,1,4,Spring,1,0,1,라그로타,Gls.Sileni
2023-04-30,0,4,Spring,1,0,1,라그로타,Gls.Sileni
2023-05-01,0,5,Spring,0,0,0,라그로타,Gls.Sileni
2023-05-02,2,5,Spring,0,0,0,라그로타,Gls.Sileni
2023-05-03,2,5,Spring,0,0,0,라그로타,Gls.Sileni
2023-05-04,4,5,Spring,0,0,0,라그로타,Gls.Sileni
2023-05-05,3,5,Spring,0,1,1,라그로타,Gls.Sileni
2023-05-06,1,5,Spring,1,0,1,라그로타,Gls.Sileni
2023-05-07,5,5,Spring,1,0,1,라그로타,Gls.Sileni
2023-05-08,0,5,Spring,0,0,0,라그로타,Gls.Sileni
2023-05-09,0,5,Spring,0,0,0,라그로타,Gls.Sileni
2023-05-10,0,5,Spring,0,0,0,라그로타,Gls.Sileni
2023-05-11,0,5,Spring,0,0,0,라그로타,Gls.Sileni
2023-05-12,0,5,Spring,0,0,0,라그로타,Gls.Sileni
2023-05-13,3,5,Spring,1,0,1,라그로타,Gls.Sileni
2023-05-14,3,5,Spring,1,0,1,라그로타,Gls.Sileni
2023-05-15,0,5,Spring,0,0,0,라그로타,Gls.Sileni
2023-05-16,1,5,Spring,0,0,0,라그로타,Gls.Sileni
2023-05-17,0,5,Spring,0,0,0,라그로타,Gls.Sileni
2023-05-18,2,5,Spring,0,0,0,라그로타,Gls.Sileni
2023-05-19,1,5,Spring,0,0,0,라그로타,Gls.Sileni
2023-05-20,1,5,Spring,1,0,1,라그로타,Gls.Sileni
2023-05-21,5,5,Spring,1,0,1,라그로타,Gls.Sileni
2023-05-22,0,5,Spring,0,0,0,라그로타,Gls.Sileni
2023-05-23,1,5,Spring,0,0,0,라그로타,Gls.Sileni
2023-05-24,1,5,Spring,0,0,0,라그로타,Gls.Sileni
2023-05-25,1,5,Spring,0,0,0,라그로타,Gls.Sileni
2023-05-26,0,5,Spring,0,0,0,라그로타,Gls.Sileni
2023-05-27,4,5,Spring,1,1,1,라그로타,Gls.Sileni
2023-05-28,1,5,Spring,1,0,1,라그로타,Gls.Sileni
2023-05-29,2,5,Spring,0,1,1,라그로타,Gls.Sileni
2023-05-30,2,5,Spring,0,0,0,라그로타,Gls.Sileni
2023-05-31,0,5,Spring,0,0,0,라그로타,Gls.Sileni
2023-06-01,1,6,Summer,0,0,0,라그로타,Gls.Sileni
2023-06-02,0,6,Summer,0,0,0,라그로타,Gls.Sileni
2023-06-03,0,6,Summer,1,0,1,라그로타,Gls.Sileni
2023-06-04,3,6,Summer,1,0,1,라그로타,Gls.Sileni
2023-06-05,2,6,Summer,0,0,0,라그로타,Gls.Sileni
2023-06-06,2,6,Summer,0,1,1,라그로타,Gls.Sileni
2023-06-07,0,6,Summer,0,0,0,라그로타,Gls.Sileni
2023-06-08,0,6,Summer,0,0,0,라그로타,Gls.Sileni
2023-06-09,0,6,Summer,0,0,0,라그로타,Gls.Sileni
2023-06-10,2,6,Summer,1,0,1,라그로타,Gls.Sileni
2023-06-11,1,6,Summer,1,0,1,라그로타,Gls.Sileni
2023-06-12,0,6,Summer,0,0,0,라그로타,Gls.Sileni
2023-06-13,0,6,Summer,0,0,0,라그로타,Gls.Sileni
2023-06-14,0,6,Summer,0,0,0,라그로타,Gls.Sileni
2023-06-15,1,6,Summer,0,0,0,라그로타,Gls.Sileni
2023-06-16,1,6,Summer,0,0,0,라그로타,Gls.Sileni
2023-06-17,0,6,Summer,1,0,1,라그로타,Gls.Sileni
2023-06-18,0,6,Summer,1,0,1,라그로타,Gls.Sileni
2023-06-19,0,6,Summer,0,0,0,라그로타,Gls.Sileni
2023-06-20,1,6,Summer,0,0,0,라그로타,Gls.Sileni
2023-06-21,1,6,Summer,0,0,0,라그로타,Gls.Sileni
2023-06-22,0,6,Summer,0,0,0,라그로타,Gls.Sileni
2023-06-23,1,6,Summer,0,0,0,라그로타,Gls.Sileni
2023-06-24,1,6,Summer,1,0,1,라그로타,Gls.Sileni
2023-06-25,3,6,Summer,1,0,1,라그로타,Gls.Sileni
2023-06-26,0,6,Summer,0,0,0,라그로타,Gls.Sileni
2023-06-27,1,6,Summer,0,0,0,라그로타,Gls.Sileni
2023-06-28,1,6,Summer,0,0,0,라그로타,Gls.Sileni
2023-06-29,2,6,Summer,0,0,0,라그로타,Gls.Sileni
2023-06-30,2,6,Summer,0,0,0,라그로타,Gls.Sileni
2023-07-01,2,7,Summer,1,0,1,라그로타,Gls.Sileni
2023-07-02,2,7,Summer,1,0,1,라그로타,Gls.Sileni
2023-07-03,0,7,Summer,0,0,0,라그로타,Gls.Sileni
2023-07-04,0,7,Summer,0,0,0,라그로타,Gls.Sileni
2023-07-05,0,7,Summer,0,0,0,라그로타,Gls.Sileni
2023-07-06,1,7,Summer,0,0,0,라그로타,Gls.Sileni
2023-07-07,0,7,Summer,0,0,0,라그로타,Gls.Sileni
2023-07-08,1,7,Summer,1,0,1,라그로타,Gls.Sileni
2023-07-09,2,7,Summer,1,0,1,라그로타,Gls.Sileni
2023-07-10,0,7,Summer,0,0,0,라그로타,Gls.Sileni
2023-07-11,0,7,Summer,0,0,0,라그로타,Gls.Sileni
2023-07-12,2,7,Summer,0,0,0,라그로타,Gls.Sileni
2023-07-13,0,7,Summer,0,0,0,라그로타,Gls.Sileni
2023-07-14,1,7,Summer,0,0,0,라그로타,Gls.Sileni
2023-07-15,4,7,Summer,1,0,1,라그로타,Gls.Sileni
2023-07-16,5,7,Summer,1,0,1,라그로타,Gls.Sileni
2023-07-17,0,7,Summer,0,0,0,라그로타,Gls.Sileni
2023-07-18,2,7,Summer,0,0,0,라그로타,Gls.Sileni
2023-07-19,2,7,Summer,0,0,0,라그로타,Gls.Sileni
2023-07-20,0,7,Summer,0,0,0,라그로타,Gls.Sileni
2023-07-21,0,7,Summer,0,0,0,라그로타,Gls.Sileni
2023-07-22,0,7,Summer,1,0,1,라그로타,Gls.Sileni
2023-07-23,2,7,Summer,1,0,1,라그로타,Gls.Sileni
2023-07-24,0,7,Summer,0,0,0,라그로타,Gls.Sileni
2023-07-25,2,7,Summer,0,0,0,라그로타,Gls.Sileni
2023-07-26,6,7,Summer,0,0,0,라그로타,Gls.Sileni
2023-07-27,2,7,Summer,0,0,0,라그로타,Gls.Sileni
2023-07-28,1,7,Summer,0,0,0,라그로타,Gls.Sileni
2023-07-29,5,7,Summer,1,0,1,라그로타,Gls.Sileni
2023-07-30,7,7,Summer,1,0,1,라그로타,Gls.Sileni
2023-07-31,0,7,Summer,0,0,0,라그로타,Gls.Sileni
2023-08-01,4,8,Summer,0,0,0,라그로타,Gls.Sileni
2023-08-02,2,8,Summer,0,0,0,라그로타,Gls.Sileni
2023-08-03,1,8,Summer,0,0,0,라그로타,Gls.Sileni
2023-08-04,2,8,Summer,0,0,0,라그로타,Gls.Sileni
2023-08-05,1,8,Summer,1,0,1,라그로타,Gls.Sileni
2023-08-06,1,8,Summer,1,0,1,라그로타,Gls.Sileni
2023-08-07,0,8,Summer,0,0,0,라그로타,Gls.Sileni
2023-08-08,2,8,Summer,0,0,0,라그로타,Gls.Sileni
2023-08-09,0,8,Summer,0,0,0,라그로타,Gls.Sileni
2023-08-10,0,8,Summer,0,0,0,라그로타,Gls.Sileni
2023-08-11,5,8,Summer,0,0,0,라그로타,Gls.Sileni
2023-08-12,2,8,Summer,1,0,1,라그로타,Gls.Sileni
2023-08-13,3,8,Summer,1,0,1,라그로타,Gls.Sileni
2023-08-14,6,8,Summer,0,0,0,라그로타,Gls.Sileni
2023-08-15,4,8,Summer,0,1,1,라그로타,Gls.Sileni
2023-08-16,0,8,Summer,0,0,0,라그로타,Gls.Sileni
2023-08-17,0,8,Summer,0,0,0,라그로타,Gls.Sileni
2023-08-18,3,8,Summer,0,0,0,라그로타,Gls.Sileni
2023-08-19,1,8,Summer,1,0,1,라그로타,Gls.Sileni
2023-08-20,1,8,Summer,1,0,1,라그로타,Gls.Sileni
2023-08-21,0,8,Summer,0,0,0,라그로타,Gls.Sileni
2023-08-22,0,8,Summer,0,0,0,라그로타,Gls.Sileni
2023-08-23,3,8,Summer,0,0,0,라그로타,Gls.Sileni
2023-08-24,1,8,Summer,0,0,0,라그로타,Gls.Sileni
2023-08-25,0,8,Summer,0,0,0,라그로타,Gls.Sileni
2023-08-26,2,8,Summer,1,0,1,라그로타,Gls.Sileni
2023-08-27,0,8,Summer,1,0,1,라그로타,Gls.Sileni
2023-08-28,0,8,Summer,0,0,0,라그로타,Gls.Sileni
2023-08-29,1,8,Summer,0,0,0,라그로타,Gls.Sileni
2023-08-30,1,8,Summer,0,0,0,라그로타,Gls.Sileni
2023-08-31,2,8,Summer,0,0,0,라그로타,Gls.Sileni
2023-09-01,1,9,Autumn,0,0,0,라그로타,Gls.Sileni
2023-09-02,2,9,Autumn,1,0,1,라그로타,Gls.Sileni
2023-09-03,1,9,Autumn,1,0,1,라그로타,Gls.Sileni
2023-09-04,0,9,Autumn,0,0,0,라그로타,Gls.Sileni
2023-09-05,1,9,Autumn,0,0,0,라그로타,Gls.Sileni
2023-09-06,0,9,Autumn,0,0,0,라그로타,Gls.Sileni
2023-09-07,2,9,Autumn,0,0,0,라그로타,Gls.Sileni
2023-09-08,1,9,Autumn,0,0,0,라그로타,Gls.Sileni
2023-09-09,3,9,Autumn,1,0,1,라그로타,Gls.Sileni
2023-09-10,2,9,Autumn,1,0,1,라그로타,Gls.Sileni
2023-09-11,0,9,Autumn,0,0,0,라그로타,Gls.Sileni
2023-09-12,0,9,Autumn,0,0,0,라그로타,Gls.Sileni
2023-09-13,4,9,Autumn,0,0,0,라그로타,Gls.Sileni
2023-09-14,1,9,Autumn,0,0,0,라그로타,Gls.Sileni
2023-09-15,3,9,Autumn,0,0,0,라그로타,Gls.Sileni
2023-09-16,4,9,Autumn,1,0,1,라그로타,Gls.Sileni
2023-09-17,2,9,Autumn,1,0,1,라그로타,Gls.Sileni
2023-09-18,0,9,Autumn,0,0,0,라그로타,Gls.Sileni
2023-09-19,0,9,Autumn,0,0,0,라그로타,Gls.Sileni
2023-09-20,0,9,Autumn,0,0,0,라그로타,Gls.Sileni
2023-09-21,1,9,Autumn,0,0,0,라그로타,Gls.Sileni
2023-09-22,1,9,Autumn,0,0,0,라그로타,Gls.Sileni
2023-09-23,3,9,Autumn,1,0,1,라그로타,Gls.Sileni
2023-09-24,0,9,Autumn,1,0,1,라그로타,Gls.Sileni
2023-09-25,0,9,Autumn,0,0,0,라그로타,Gls.Sileni
2023-09-26,0,9,Autumn,0,0,0,라그로타,Gls.Sileni
2023-09-27,4,9,Autumn,0,0,0,라그로타,Gls.Sileni
2023-09-28,0,9,Autumn,0,1,1,라그로타,Gls.Sileni
2023-09-29,1,9,Autumn,0,1,1,라그로타,Gls.Sileni
2023-09-30,3,9,Autumn,1,1,1,라그로타,Gls.Sileni
2023-10-01,1,10,Autumn,1,0,1,라그로타,Gls.Sileni
2023-10-02,2,10,Autumn,0,1,1,라그로타,Gls.Sileni
2023-10-03,1,10,Autumn,0,1,1,라그로타,Gls.Sileni
2023-10-04,1,10,Autumn,0,0,0,라그로타,Gls.Sileni
2023-10-05,0,10,Autumn,0,0,0,라그로타,Gls.Sileni
2023-10-06,1,10,Autumn,0,0,0,라그로타,Gls.Sileni
2023-10-07,1,10,Autumn,1,0,1,라그로타,Gls.Sileni
2023-10-08,3,10,Autumn,1,0,1,라그로타,Gls.Sileni
2023-10-09,0,10,Autumn,0,1,1,라그로타,Gls.Sileni
2023-10-10,4,10,Autumn,0,0,0,라그로타,Gls.Sileni
2023-10-11,0,10,Autumn,0,0,0,라그로타,Gls.Sileni
2023-10-12,2,10,Autumn,0,0,0,라그로타,Gls.Sileni
2023-10-13,0,10,Autumn,0,0,0,라그로타,Gls.Sileni
2023-10-14,2,10,Autumn,1,0,1,라그로타,Gls.Sileni
2023-10-15,4,10,Autumn,1,0,1,라그로타,Gls.Sileni
2023-10-16,0,10,Autumn,0,0,0,라그로타,Gls.Sileni
2023-10-17,0,10,Autumn,0,0,0,라그로타,Gls.Sileni
2023-10-18,1,10,Autumn,0,0,0,라그로타,Gls.Sileni
2023-10-19,1,10,Autumn,0,0,0,라그로타,Gls.Sileni
2023-10-20,3,10,Autumn,0,0,0,라그로타,Gls.Sileni
2023-10-21,1,10,Autumn,1,0,1,라그로타,Gls.Sileni
2023-10-22,8,10,Autumn,1,0,1,라그로타,Gls.Sileni
2023-10-23,0,10,Autumn,0,0,0,라그로타,Gls.Sileni
2023-10-24,1,10,Autumn,0,0,0,라그로타,Gls.Sileni
2023-10-25,0,10,Autumn,0,0,0,라그로타,Gls.Sileni
2023-10-26,4,10,Autumn,0,0,0,라그로타,Gls.Sileni
2023-10-27,1,10,Autumn,0,0,0,라그로타,Gls.Sileni
2023-10-28,3,10,Autumn,1,0,1,라그로타,Gls.Sileni
2023-10-29,4,10,Autumn,1,0,1,라그로타,Gls.Sileni
2023-10-30,0,10,Autumn,0,0,0,라그로타,Gls.Sileni
2023-10-31,2,10,Autumn,0,0,0,라그로타,Gls.Sileni
2023-11-01,2,11,Autumn,0,0,0,라그로타,Gls.Sileni
2023-11-02,2,11,Autumn,0,0,0,라그로타,Gls.Sileni
2023-11-03,0,11,Autumn,0,0,0,라그로타,Gls.Sileni
2023-11-04,2,11,Autumn,1,0,1,라그로타,Gls.Sileni
2023-11-05,2,11,Autumn,1,0,1,라그로타,Gls.Sileni
2023-11-06,0,11,Autumn,0,0,0,라그로타,Gls.Sileni
2023-11-07,1,11,Autumn,0,0,0,라그로타,Gls.Sileni
2023-11-08,2,11,Autumn,0,0,0,라그로타,Gls.Sileni
2023-11-09,1,11,Autumn,0,0,0,라그로타,Gls.Sileni
2023-11-10,3,11,Autumn,0,0,0,라그로타,Gls.Sileni
2023-11-11,5,11,Autumn,1,0,1,라그로타,Gls.Sileni
2023-11-12,3,11,Autumn,1,0,1,라그로타,Gls.Sileni
2023-11-13,0,11,Autumn,0,0,0,라그로타,Gls.Sileni
2023-11-14,1,11,Autumn,0,0,0,라그로타,Gls.Sileni
2023-11-15,3,11,Autumn,0,0,0,라그로타,Gls.Sileni
2023-11-16,3,11,Autumn,0,0,0,라그로타,Gls.Sileni
2023-11-17,1,11,Autumn,0,0,0,라그로타,Gls.Sileni
2023-11-18,4,11,Autumn,1,0,1,라그로타,Gls.Sileni
2023-11-19,1,11,Autumn,1,0,1,라그로타,Gls.Sileni
2023-11-20,0,11,Autumn,0,0,0,라그로타,Gls.Sileni
2023-11-21,4,11,Autumn,0,0,0,라그로타,Gls.Sileni
2023-11-22,1,11,Autumn,0,0,0,라그로타,Gls.Sileni
2023-11-23,2,11,Autumn,0,0,0,라그로타,Gls.Sileni
2023-11-24,3,11,Autumn,0,0,0,라그로타,Gls.Sileni
2023-11-25,2,11,Autumn,1,0,1,라그로타,Gls.Sileni
2023-11-26,2,11,Autumn,1,0,1,라그로타,Gls.Sileni
2023-11-27,0,11,Autumn,0,0,0,라그로타,Gls.Sileni
2023-11-28,3,11,Autumn,0,0,0,라그로타,Gls.Sileni
2023-11-29,0,11,Autumn,0,0,0,라그로타,Gls.Sileni
2023-11-30,1,11,Autumn,0,0,0,라그로타,Gls.Sileni
2023-12-01,1,12,Winter,0,0,0,라그로타,Gls.Sileni
2023-12-02,2,12,Winter,1,0,1,라그로타,Gls.Sileni
2023-12-03,0,12,Winter,1,0,1,라그로타,Gls.Sileni
2023-12-04,0,12,Winter,0,0,0,라그로타,Gls.Sileni
2023-12-05,0,12,Winter,0,0,0,라그로타,Gls.Sileni
2023-12-06,2,12,Winter,0,0,0,라그로타,Gls.Sileni
2023-12-07,6,12,Winter,0,0,0,라그로타,Gls.Sileni
2023-12-08,1,12,Winter,0,0,0,라그로타,Gls.Sileni
2023-12-09,6,12,Winter,1,0,1,라그로타,Gls.Sileni
2023-12-10,3,12,Winter,1,0,1,라그로타,Gls.Sileni
2023-12-11,0,12,Winter,0,0,0,라그로타,Gls.Sileni
2023-12-12,1,12,Winter,0,0,0,라그로타,Gls.Sileni
2023-12-13,2,12,Winter,0,0,0,라그로타,Gls.Sileni
2023-12-14,2,12,Winter,0,0,0,라그로타,Gls.Sileni
2023-12-15,5,12,Winter,0,0,0,라그로타,Gls.Sileni
2023-12-16,1,12,Winter,1,0,1,라그로타,Gls.Sileni
2023-12-17,1,12,Winter,1,0,1,라그로타,Gls.Sileni
2023-12-18,0,12,Winter,0,0,0,라그로타,Gls.Sileni
2023-12-19,1,12,Winter,0,0,0,라그로타,Gls.Sileni
2023-12-20,2,12,Winter,0,0,0,라그로타,Gls.Sileni
2023-12-21,2,12,Winter,0,0,0,라그로타,Gls.Sileni
2023-12-22,1,12,Winter,0,0,0,라그로타,Gls.Sileni
2023-12-23,5,12,Winter,1,0,1,라그로타,Gls.Sileni
2023-12-24,5,12,Winter,1,0,1,라그로타,Gls.Sileni
2023-12-25,5,12,Winter,0,1,1,라그로타,Gls.Sileni
2023-12-26,0,12,Winter,0,0,0,라그로타,Gls.Sileni
2023-12-27,1,12,Winter,0,0,0,라그로타,Gls.Sileni
2023-12-28,0,12,Winter,0,0,0,라그로타,Gls.Sileni
2023-12-29,4,12,Winter,0,0,0,라그로타,Gls.Sileni
2023-12-30,0,12,Winter,1,0,1,라그로타,Gls.Sileni
2023-12-31,2,12,Winter,1,0,1,라그로타,Gls.Sileni
2024-01-01,2,1,Winter,0,1,1,라그로타,Gls.Sileni
2024-01-02,0,1,Winter,0,0,0,라그로타,Gls.Sileni
2024-01-03,1,1,Winter,0,0,0,라그로타,Gls.Sileni
2024-01-04,1,1,Winter,0,0,0,라그로타,Gls.Sileni
2024-01-05,1,1,Winter,0,0,0,라그로타,Gls.Sileni
2024-01-06,2,1,Winter,1,0,1,라그로타,Gls.Sileni
2024-01-07,0,1,Winter,1,0,1,라그로타,Gls.Sileni
2024-01-08,1,1,Winter,0,0,0,라그로타,Gls.Sileni
2024-01-09,2,1,Winter,0,0,0,라그로타,Gls.Sileni
2024-01-10,0,1,Winter,0,0,0,라그로타,Gls.Sileni
2024-01-11,1,1,Winter,0,0,0,라그로타,Gls.Sileni
2024-01-12,2,1,Winter,0,0,0,라그로타,Gls.Sileni
2024-01-13,2,1,Winter,1,0,1,라그로타,Gls.Sileni
2024-01-14,1,1,Winter,1,0,1,라그로타,Gls.Sileni
2024-01-15,1,1,Winter,0,0,0,라그로타,Gls.Sileni
2024-01-16,2,1,Winter,0,0,0,라그로타,Gls.Sileni
2024-01-17,0,1,Winter,0,0,0,라그로타,Gls.Sileni
2024-01-18,0,1,Winter,0,0,0,라그로타,Gls.Sileni
2024-01-19,1,1,Winter,0,0,0,라그로타,Gls.Sileni
2024-01-20,4,1,Winter,1,0,1,라그로타,Gls.Sileni
2024-01-21,1,1,Winter,1,0,1,라그로타,Gls.Sileni
2024-01-22,0,1,Winter,0,0,0,라그로타,Gls.Sileni
2024-01-23,4,1,Winter,0,0,0,라그로타,Gls.Sileni
2024-01-24,4,1,Winter,0,0,0,라그로타,Gls.Sileni
2024-01-25,0,1,Winter,0,0,0,라그로타,Gls.Sileni
2024-01-26,0,1,Winter,0,0,0,라그로타,Gls.Sileni
2024-01-27,2,1,Winter,1,0,1,라그로타,Gls.Sileni
2024-01-28,3,1,Winter,1,0,1,라그로타,Gls.Sileni
2024-01-29,1,1,Winter,0,0,0,라그로타,Gls.Sileni
2024-01-30,0,1,Winter,0,0,0,라그로타,Gls.Sileni
2024-01-31,0,1,Winter,0,0,0,라그로타,Gls.Sileni
2024-02-01,2,2,Winter,0,0,0,라그로타,Gls.Sileni
2024-02-02,1,2,Winter,0,0,0,라그로타,Gls.Sileni
2024-02-03,1,2,Winter,1,0,1,라그로타,Gls.Sileni
2024-02-04,1,2,Winter,1,0,1,라그로타,Gls.Sileni
2024-02-05,0,2,Winter,0,0,0,라그로타,Gls.Sileni
2024-02-06,0,2,Winter,0,0,0,라그로타,Gls.Sileni
2024-02-07,0,2,Winter,0,0,0,라그로타,Gls.Sileni
2024-02-08,0,2,Winter,0,0,0,라그로타,Gls.Sileni
2024-02-09,4,2,Winter,0,1,1,라그로타,Gls.Sileni
2024-02-10,5,2,Winter,1,1,1,라그로타,Gls.Sileni
2024-02-11,3,2,Winter,1,1,1,라그로타,Gls.Sileni
2024-02-12,2,2,Winter,0,1,1,라그로타,Gls.Sileni
2024-02-13,0,2,Winter,0,0,0,라그로타,Gls.Sileni
2024-02-14,4,2,Winter,0,0,0,라그로타,Gls.Sileni
2024-02-15,1,2,Winter,0,0,0,라그로타,Gls.Sileni
2024-02-16,4,2,Winter,0,0,0,라그로타,Gls.Sileni
2024-02-17,4,2,Winter,1,0,1,라그로타,Gls.Sileni
2024-02-18,0,2,Winter,1,0,1,라그로타,Gls.Sileni
2024-02-19,0,2,Winter,0,0,0,라그로타,Gls.Sileni
2024-02-20,0,2,Winter,0,0,0,라그로타,Gls.Sileni
2024-02-21,1,2,Winter,0,0,0,라그로타,Gls.Sileni
2024-02-22,0,2,Winter,0,0,0,라그로타,Gls.Sileni
2024-02-23,1,2,Winter,0,0,0,라그로타,Gls.Sileni
2024-02-24,3,2,Winter,1,0,1,라그로타,Gls.Sileni
2024-02-25,1,2,Winter,1,0,1,라그로타,Gls.Sileni
2024-02-26,0,2,Winter,0,0,0,라그로타,Gls.Sileni
2024-02-27,2,2,Winter,0,0,0,라그로타,Gls.Sileni
2024-02-28,1,2,Winter,0,0,0,라그로타,Gls.Sileni
2024-02-29,2,2,Winter,0,0,0,라그로타,Gls.Sileni
2024-03-01,4,3,Spring,0,1,1,라그로타,Gls.Sileni
2024-03-02,1,3,Spring,1,0,1,라그로타,Gls.Sileni
2024-03-03,1,3,Spring,1,0,1,라그로타,Gls.Sileni
2024-03-04,0,3,Spring,0,0,0,라그로타,Gls.Sileni
2024-03-05,0,3,Spring,0,0,0,라그로타,Gls.Sileni
2024-03-06,0,3,Spring,0,0,0,라그로타,Gls.Sileni
2024-03-07,0,3,Spring,0,0,0,라그로타,Gls.Sileni
2024-03-08,0,3,Spring,0,0,0,라그로타,Gls.Sileni
2024-03-09,0,3,Spring,1,0,1,라그로타,Gls.Sileni
2024-03-10,0,3,Spring,1,0,1,라그로타,Gls.Sileni
2024-03-11,0,3,Spring,0,0,0,라그로타,Gls.Sileni
2024-03-12,0,3,Spring,0,0,0,라그로타,Gls.Sileni
2024-03-13,0,3,Spring,0,0,0,라그로타,Gls.Sileni
2024-03-14,0,3,Spring,0,0,0,라그로타,Gls.Sileni
2024-03-15,0,3,Spring,0,0,0,라그로타,Gls.Sileni
2024-03-16,1,3,Spring,1,0,1,라그로타,Gls.Sileni
2024-03-17,0,3,Spring,1,0,1,라그로타,Gls.Sileni
2024-03-18,0,3,Spring,0,0,0,라그로타,Gls.Sileni
2024-03-19,0,3,Spring,0,0,0,라그로타,Gls.Sileni
2024-03-20,0,3,Spring,0,0,0,라그로타,Gls.Sileni
2024-03-21,0,3,Spring,0,0,0,라그로타,Gls.Sileni
2024-03-22,1,3,Spring,0,0,0,라그로타,Gls.Sileni
2024-03-23,1,3,Spring,1,0,1,라그로타,Gls.Sileni
2024-03-24,1,3,Spring,1,0,1,라그로타,Gls.Sileni
2024-03-25,0,3,Spring,0,0,0,라그로타,Gls.Sileni
2024-03-26,3,3,Spring,0,0,0,라그로타,Gls.Sileni
2024-03-27,0,3,Spring,0,0,0,라그로타,Gls.Sileni
2024-03-28,0,3,Spring,0,0,0,라그로타,Gls.Sileni
2024-03-29,0,3,Spring,0,0,0,라그로타,Gls.Sileni
2024-03-30,5,3,Spring,1,0,1,라그로타,Gls.Sileni
2024-03-31,1,3,Spring,1,0,1,라그로타,Gls.Sileni
2024-04-01,0,4,Spring,0,0,0,라그로타,Gls.Sileni
2024-04-02,1,4,Spring,0,0,0,라그로타,Gls.Sileni
2024-04-03,1,4,Spring,0,0,0,라그로타,Gls.Sileni
2024-04-04,1,4,Spring,0,0,0,라그로타,Gls.Sileni
2024-04-05,1,4,Spring,0,0,0,라그로타,Gls.Sileni
2024-04-06,0,4,Spring,1,0,1,라그로타,Gls.Sileni
2024-04-07,1,4,Spring,1,0,1,라그로타,Gls.Sileni
2024-04-08,0,4,Spring,0,0,0,라그로타,Gls.Sileni
2024-04-09,3,4,Spring,0,0,0,라그로타,Gls.Sileni
2024-04-10,2,4,Spring,0,1,1,라그로타,Gls.Sileni
2024-04-11,0,4,Spring,0,0,0,라그로타,Gls.Sileni
2024-04-12,0,4,Spring,0,0,0,라그로타,Gls.Sileni
2024-04-13,6,4,Spring,1,0,1,라그로타,Gls.Sileni
2024-04-14,3,4,Spring,1,0,1,라그로타,Gls.Sileni
2024-04-15,0,4,Spring,0,0,0,라그로타,Gls.Sileni
2024-04-16,1,4,Spring,0,0,0,라그로타,Gls.Sileni
2024-04-17,1,4,Spring,0,0,0,라그로타,Gls.Sileni
2024-04-18,0,4,Spring,0,0,0,라그로타,Gls.Sileni
2024-04-19,1,4,Spring,0,0,0,라그로타,Gls.Sileni
2024-04-20,3,4,Spring,1,0,1,라그로타,Gls.Sileni
2024-04-21,1,4,Spring,1,0,1,라그로타,Gls.Sileni
2024-04-22,0,4,Spring,0,0,0,라그로타,Gls.Sileni
2024-04-23,0,4,Spring,0,0,0,라그로타,Gls.Sileni
2024-04-24,3,4,Spring,0,0,0,라그로타,Gls.Sileni
2024-04-25,0,4,Spring,0,0,0,라그로타,Gls.Sileni
2024-04-26,0,4,Spring,0,0,0,라그로타,Gls.Sileni
2024-04-27,0,4,Spring,1,0,1,라그로타,Gls.Sileni
2024-04-28,1,4,Spring,1,0,1,라그로타,Gls.Sileni
2024-04-29,0,4,Spring,0,0,0,라그로타,Gls.Sileni
2024-04-30,1,4,Spring,0,0,0,라그로타,Gls.Sileni
2024-05-01,1,5,Spring,0,0,0,라그로타,Gls.Sileni
2024-05-02,2,5,Spring,0,0,0,라그로타,Gls.Sileni
2024-05-03,1,5,Spring,0,0,0,라그로타,Gls.Sileni
2024-05-04,4,5,Spring,1,0,1,라그로타,Gls.Sileni
2024-05-05,1,5,Spring,1,1,1,라그로타,Gls.Sileni
2024-05-06,0,5,Spring,0,1,1,라그로타,Gls.Sileni
2024-05-07,0,5,Spring,0,0,0,라그로타,Gls.Sileni
2024-05-08,0,5,Spring,0,0,0,라그로타,Gls.Sileni
2024-05-09,0,5,Spring,0,0,0,라그로타,Gls.Sileni
2024-05-10,0,5,Spring,0,0,0,라그로타,Gls.Sileni
2024-05-11,2,5,Spring,1,0,1,라그로타,Gls.Sileni
2024-05-12,1,5,Spring,1,0,1,라그로타,Gls.Sileni
2024-05-13,0,5,Spring,0,0,0,라그로타,Gls.Sileni
2024-05-14,1,5,Spring,0,0,0,라그로타,Gls.Sileni
2024-05-15,0,5,Spring,0,1,1,라그로타,Gls.Sileni
2024-05-16,1,5,Spring,0,0,0,라그로타,Gls.Sileni
2024-05-17,1,5,Spring,0,0,0,라그로타,Gls.Sileni
2024-05-18,1,5,Spring,1,0,1,라그로타,Gls.Sileni
2024-05-19,3,5,Spring,1,0,1,라그로타,Gls.Sileni
2024-05-20,0,5,Spring,0,0,0,라그로타,Gls.Sileni
2024-05-21,1,5,Spring,0,0,0,라그로타,Gls.Sileni
2024-05-22,0,5,Spring,0,0,0,라그로타,Gls.Sileni
2024-05-23,1,5,Spring,0,0,0,라그로타,Gls.Sileni
2024-05-24,0,5,Spring,0,0,0,라그로타,Gls.Sileni
2024-05-25,3,5,Spring,1,0,1,라그로타,Gls.Sileni
2024-05-26,1,5,Spring,1,0,1,라그로타,Gls.Sileni
2024-05-27,0,5,Spring,0,0,0,라그로타,Gls.Sileni
2024-05-28,0,5,Spring,0,0,0,라그로타,Gls.Sileni
2024-05-29,1,5,Spring,0,0,0,라그로타,Gls.Sileni
2024-05-30,0,5,Spring,0,0,0,라그로타,Gls.Sileni
2024-05-31,0,5,Spring,0,0,0,라그로타,Gls.Sileni
2024-06-01,2,6,Summer,1,0,1,라그로타,Gls.Sileni
2024-06-02,1,6,Summer,1,0,1,라그로타,Gls.Sileni
2024-06-03,0,6,Summer,0,0,0,라그로타,Gls.Sileni
2024-06-04,0,6,Summer,0,0,0,라그로타,Gls.Sileni
2024-06-05,1,6,Summer,0,0,0,라그로타,Gls.Sileni
2024-06-06,1,6,Summer,0,1,1,라그로타,Gls.Sileni
2024-06-07,0,6,Summer,0,0,0,라그로타,Gls.Sileni
2024-06-08,1,6,Summer,1,0,1,라그로타,Gls.Sileni
2024-06-09,1,6,Summer,1,0,1,라그로타,Gls.Sileni
2024-06-10,0,6,Summer,0,0,0,라그로타,Gls.Sileni
2024-06-11,0,6,Summer,0,0,0,라그로타,Gls.Sileni
2024-06-12,2,6,Summer,0,0,0,라그로타,Gls.Sileni
2024-06-13,0,6,Summer,0,0,0,라그로타,Gls.Sileni
2024-06-14,2,6,Summer,0,0,0,라그로타,Gls.Sileni
2024-06-15,1,6,Summer,1,0,1,라그로타,Gls.Sileni
2023-01-01,4,1,Winter,1,1,1,라그로타,Gls.미션 서드
2023-01-02,3,1,Winter,0,0,0,라그로타,Gls.미션 서드
2023-01-03,2,1,Winter,0,0,0,라그로타,Gls.미션 서드
2023-01-04,1,1,Winter,0,0,0,라그로타,Gls.미션 서드
2023-01-05,9,1,Winter,0,0,0,라그로타,Gls.미션 서드
2023-01-06,8,1,Winter,0,0,0,라그로타,Gls.미션 서드
2023-01-07,7,1,Winter,1,0,1,라그로타,Gls.미션 서드
2023-01-08,2,1,Winter,1,0,1,라그로타,Gls.미션 서드
2023-01-09,0,1,Winter,0,0,0,라그로타,Gls.미션 서드
2023-01-10,1,1,Winter,0,0,0,라그로타,Gls.미션 서드
2023-01-11,4,1,Winter,0,0,0,라그로타,Gls.미션 서드
2023-01-12,6,1,Winter,0,0,0,라그로타,Gls.미션 서드
2023-01-13,0,1,Winter,0,0,0,라그로타,Gls.미션 서드
2023-01-14,7,1,Winter,1,0,1,라그로타,Gls.미션 서드
2023-01-15,4,1,Winter,1,0,1,라그로타,Gls.미션 서드
2023-01-16,0,1,Winter,0,0,0,라그로타,Gls.미션 서드
2023-01-17,0,1,Winter,0,0,0,라그로타,Gls.미션 서드
2023-01-18,1,1,Winter,0,0,0,라그로타,Gls.미션 서드
2023-01-19,3,1,Winter,0,0,0,라그로타,Gls.미션 서드
2023-01-20,5,1,Winter,0,0,0,라그로타,Gls.미션 서드
2023-01-21,8,1,Winter,1,1,1,라그로타,Gls.미션 서드
2023-01-22,7,1,Winter,1,1,1,라그로타,Gls.미션 서드
2023-01-23,1,1,Winter,0,1,1,라그로타,Gls.미션 서드
2023-01-24,3,1,Winter,0,1,1,라그로타,Gls.미션 서드
2023-01-25,4,1,Winter,0,0,0,라그로타,Gls.미션 서드
2023-01-26,1,1,Winter,0,0,0,라그로타,Gls.미션 서드
2023-01-27,0,1,Winter,0,0,0,라그로타,Gls.미션 서드
2023-01-28,3,1,Winter,1,0,1,라그로타,Gls.미션 서드
2023-01-29,5,1,Winter,1,0,1,라그로타,Gls.미션 서드
2023-01-30,0,1,Winter,0,0,0,라그로타,Gls.미션 서드
2023-01-31,5,1,Winter,0,0,0,라그로타,Gls.미션 서드
2023-02-01,1,2,Winter,0,0,0,라그로타,Gls.미션 서드
2023-02-02,0,2,Winter,0,0,0,라그로타,Gls.미션 서드
2023-02-03,5,2,Winter,0,0,0,라그로타,Gls.미션 서드
2023-02-04,9,2,Winter,1,0,1,라그로타,Gls.미션 서드
2023-02-05,12,2,Winter,1,0,1,라그로타,Gls.미션 서드
2023-02-06,0,2,Winter,0,0,0,라그로타,Gls.미션 서드
2023-02-07,1,2,Winter,0,0,0,라그로타,Gls.미션 서드
2023-02-08,2,2,Winter,0,0,0,라그로타,Gls.미션 서드
2023-02-09,1,2,Winter,0,0,0,라그로타,Gls.미션 서드
2023-02-10,3,2,Winter,0,0,0,라그로타,Gls.미션 서드
2023-02-11,3,2,Winter,1,0,1,라그로타,Gls.미션 서드
2023-02-12,4,2,Winter,1,0,1,라그로타,Gls.미션 서드
2023-02-13,0,2,Winter,0,0,0,라그로타,Gls.미션 서드
2023-02-14,2,2,Winter,0,0,0,라그로타,Gls.미션 서드
2023-02-15,0,2,Winter,0,0,0,라그로타,Gls.미션 서드
2023-02-16,1,2,Winter,0,0,0,라그로타,Gls.미션 서드
2023-02-17,2,2,Winter,0,0,0,라그로타,Gls.미션 서드
2023-02-18,3,2,Winter,1,0,1,라그로타,Gls.미션 서드
2023-02-19,11,2,Winter,1,0,1,라그로타,Gls.미션 서드
2023-02-20,0,2,Winter,0,0,0,라그로타,Gls.미션 서드
2023-02-21,1,2,Winter,0,0,0,라그로타,Gls.미션 서드
2023-02-22,3,2,Winter,0,0,0,라그로타,Gls.미션 서드
2023-02-23,1,2,Winter,0,0,0,라그로타,Gls.미션 서드
2023-02-24,4,2,Winter,0,0,0,라그로타,Gls.미션 서드
2023-02-25,7,2,Winter,1,0,1,라그로타,Gls.미션 서드
2023-02-26,2,2,Winter,1,0,1,라그로타,Gls.미션 서드
2023-02-27,0,2,Winter,0,0,0,라그로타,Gls.미션 서드
2023-02-28,0,2,Winter,0,0,0,라그로타,Gls.미션 서드
2023-03-01,0,3,Spring,0,1,1,라그로타,Gls.미션 서드
2023-03-02,0,3,Spring,0,0,0,라그로타,Gls.미션 서드
2023-03-03,0,3,Spring,0,0,0,라그로타,Gls.미션 서드
2023-03-04,0,3,Spring,1,0,1,라그로타,Gls.미션 서드
2023-03-05,0,3,Spring,1,0,1,라그로타,Gls.미션 서드
2023-03-06,0,3,Spring,0,0,0,라그로타,Gls.미션 서드
2023-03-07,0,3,Spring,0,0,0,라그로타,Gls.미션 서드
2023-03-08,0,3,Spring,0,0,0,라그로타,Gls.미션 서드
2023-03-09,0,3,Spring,0,0,0,라그로타,Gls.미션 서드
2023-03-10,4,3,Spring,0,0,0,라그로타,Gls.미션 서드
2023-03-11,7,3,Spring,1,0,1,라그로타,Gls.미션 서드
2023-03-12,2,3,Spring,1,0,1,라그로타,Gls.미션 서드
2023-03-13,0,3,Spring,0,0,0,라그로타,Gls.미션 서드
2023-03-14,0,3,Spring,0,0,0,라그로타,Gls.미션 서드
2023-03-15,1,3,Spring,0,0,0,라그로타,Gls.미션 서드
2023-03-16,0,3,Spring,0,0,0,라그로타,Gls.미션 서드
2023-03-17,1,3,Spring,0,0,0,라그로타,Gls.미션 서드
2023-03-18,8,3,Spring,1,0,1,라그로타,Gls.미션 서드
2023-03-19,4,3,Spring,1,0,1,라그로타,Gls.미션 서드
2023-03-20,0,3,Spring,0,0,0,라그로타,Gls.미션 서드
2023-03-21,1,3,Spring,0,0,0,라그로타,Gls.미션 서드
2023-03-22,0,3,Spring,0,0,0,라그로타,Gls.미션 서드
2023-03-23,2,3,Spring,0,0,0,라그로타,Gls.미션 서드
2023-03-24,6,3,Spring,0,0,0,라그로타,Gls.미션 서드
2023-03-25,1,3,Spring,1,0,1,라그로타,Gls.미션 서드
2023-03-26,4,3,Spring,1,0,1,라그로타,Gls.미션 서드
2023-03-27,0,3,Spring,0,0,0,라그로타,Gls.미션 서드
2023-03-28,0,3,Spring,0,0,0,라그로타,Gls.미션 서드
2023-03-29,1,3,Spring,0,0,0,라그로타,Gls.미션 서드
2023-03-30,4,3,Spring,0,0,0,라그로타,Gls.미션 서드
2023-03-31,5,3,Spring,0,0,0,라그로타,Gls.미션 서드
2023-04-01,5,4,Spring,1,0,1,라그로타,Gls.미션 서드
2023-04-02,1,4,Spring,1,0,1,라그로타,Gls.미션 서드
2023-04-03,0,4,Spring,0,0,0,라그로타,Gls.미션 서드
2023-04-04,1,4,Spring,0,0,0,라그로타,Gls.미션 서드
2023-04-05,0,4,Spring,0,0,0,라그로타,Gls.미션 서드
2023-04-06,3,4,Spring,0,0,0,라그로타,Gls.미션 서드
2023-04-07,3,4,Spring,0,0,0,라그로타,Gls.미션 서드
2023-04-08,3,4,Spring,1,0,1,라그로타,Gls.미션 서드
2023-04-09,3,4,Spring,1,0,1,라그로타,Gls.미션 서드
2023-04-10,0,4,Spring,0,0,0,라그로타,Gls.미션 서드
2023-04-11,1,4,Spring,0,0,0,라그로타,Gls.미션 서드
2023-04-12,7,4,Spring,0,0,0,라그로타,Gls.미션 서드
2023-04-13,2,4,Spring,0,0,0,라그로타,Gls.미션 서드
2023-04-14,3,4,Spring,0,0,0,라그로타,Gls.미션 서드
2023-04-15,5,4,Spring,1,0,1,라그로타,Gls.미션 서드
2023-04-16,2,4,Spring,1,0,1,라그로타,Gls.미션 서드
2023-04-17,0,4,Spring,0,0,0,라그로타,Gls.미션 서드
2023-04-18,2,4,Spring,0,0,0,라그로타,Gls.미션 서드
2023-04-19,2,4,Spring,0,0,0,라그로타,Gls.미션 서드
2023-04-20,2,4,Spring,0,0,0,라그로타,Gls.미션 서드
2023-04-21,0,4,Spring,0,0,0,라그로타,Gls.미션 서드
2023-04-22,7,4,Spring,1,0,1,라그로타,Gls.미션 서드
2023-04-23,0,4,Spring,1,0,1,라그로타,Gls.미션 서드
2023-04-24,0,4,Spring,0,0,0,라그로타,Gls.미션 서드
2023-04-25,0,4,Spring,0,0,0,라그로타,Gls.미션 서드
2023-04-26,1,4,Spring,0,0,0,라그로타,Gls.미션 서드
2023-04-27,0,4,Spring,0,0,0,라그로타,Gls.미션 서드
2023-04-28,1,4,Spring,0,0,0,라그로타,Gls.미션 서드
2023-04-29,5,4,Spring,1,0,1,라그로타,Gls.미션 서드
2023-04-30,6,4,Spring,1,0,1,라그로타,Gls.미션 서드
2023-05-01,0,5,Spring,0,0,0,라그로타,Gls.미션 서드
2023-05-02,2,5,Spring,0,0,0,라그로타,Gls.미션 서드
2023-05-03,2,5,Spring,0,0,0,라그로타,Gls.미션 서드
2023-05-04,3,5,Spring,0,0,0,라그로타,Gls.미션 서드
2023-05-05,2,5,Spring,0,1,1,라그로타,Gls.미션 서드
2023-05-06,4,5,Spring,1,0,1,라그로타,Gls.미션 서드
2023-05-07,2,5,Spring,1,0,1,라그로타,Gls.미션 서드
2023-05-08,0,5,Spring,0,0,0,라그로타,Gls.미션 서드
2023-05-09,1,5,Spring,0,0,0,라그로타,Gls.미션 서드
2023-05-10,2,5,Spring,0,0,0,라그로타,Gls.미션 서드
2023-05-11,0,5,Spring,0,0,0,라그로타,Gls.미션 서드
2023-05-12,0,5,Spring,0,0,0,라그로타,Gls.미션 서드
2023-05-13,13,5,Spring,1,0,1,라그로타,Gls.미션 서드
2023-05-14,4,5,Spring,1,0,1,라그로타,Gls.미션 서드
2023-05-15,0,5,Spring,0,0,0,라그로타,Gls.미션 서드
2023-05-16,0,5,Spring,0,0,0,라그로타,Gls.미션 서드
2023-05-17,1,5,Spring,0,0,0,라그로타,Gls.미션 서드
2023-05-18,2,5,Spring,0,0,0,라그로타,Gls.미션 서드
2023-05-19,0,5,Spring,0,0,0,라그로타,Gls.미션 서드
2023-05-20,5,5,Spring,1,0,1,라그로타,Gls.미션 서드
2023-05-21,4,5,Spring,1,0,1,라그로타,Gls.미션 서드
2023-05-22,0,5,Spring,0,0,0,라그로타,Gls.미션 서드
2023-05-23,6,5,Spring,0,0,0,라그로타,Gls.미션 서드
2023-05-24,1,5,Spring,0,0,0,라그로타,Gls.미션 서드
2023-05-25,1,5,Spring,0,0,0,라그로타,Gls.미션 서드
2023-05-26,5,5,Spring,0,0,0,라그로타,Gls.미션 서드
2023-05-27,7,5,Spring,1,1,1,라그로타,Gls.미션 서드
2023-05-28,11,5,Spring,1,0,1,라그로타,Gls.미션 서드
2023-05-29,0,5,Spring,0,1,1,라그로타,Gls.미션 서드
2023-05-30,5,5,Spring,0,0,0,라그로타,Gls.미션 서드
2023-05-31,4,5,Spring,0,0,0,라그로타,Gls.미션 서드
2023-06-01,3,6,Summer,0,0,0,라그로타,Gls.미션 서드
2023-06-02,0,6,Summer,0,0,0,라그로타,Gls.미션 서드
2023-06-03,3,6,Summer,1,0,1,라그로타,Gls.미션 서드
2023-06-04,12,6,Summer,1,0,1,라그로타,Gls.미션 서드
2023-06-05,5,6,Summer,0,0,0,라그로타,Gls.미션 서드
2023-06-06,3,6,Summer,0,1,1,라그로타,Gls.미션 서드
2023-06-07,0,6,Summer,0,0,0,라그로타,Gls.미션 서드
2023-06-08,1,6,Summer,0,0,0,라그로타,Gls.미션 서드
2023-06-09,0,6,Summer,0,0,0,라그로타,Gls.미션 서드
2023-06-10,4,6,Summer,1,0,1,라그로타,Gls.미션 서드
2023-06-11,3,6,Summer,1,0,1,라그로타,Gls.미션 서드
2023-06-12,0,6,Summer,0,0,0,라그로타,Gls.미션 서드
2023-06-13,0,6,Summer,0,0,0,라그로타,Gls.미션 서드
2023-06-14,0,6,Summer,0,0,0,라그로타,Gls.미션 서드
2023-06-15,2,6,Summer,0,0,0,라그로타,Gls.미션 서드
2023-06-16,4,6,Summer,0,0,0,라그로타,Gls.미션 서드
2023-06-17,3,6,Summer,1,0,1,라그로타,Gls.미션 서드
2023-06-18,2,6,Summer,1,0,1,라그로타,Gls.미션 서드
2023-06-19,0,6,Summer,0,0,0,라그로타,Gls.미션 서드
2023-06-20,3,6,Summer,0,0,0,라그로타,Gls.미션 서드
2023-06-21,1,6,Summer,0,0,0,라그로타,Gls.미션 서드
2023-06-22,2,6,Summer,0,0,0,라그로타,Gls.미션 서드
2023-06-23,0,6,Summer,0,0,0,라그로타,Gls.미션 서드
2023-06-24,8,6,Summer,1,0,1,라그로타,Gls.미션 서드
2023-06-25,4,6,Summer,1,0,1,라그로타,Gls.미션 서드
2023-06-26,0,6,Summer,0,0,0,라그로타,Gls.미션 서드
2023-06-27,1,6,Summer,0,0,0,라그로타,Gls.미션 서드
2023-06-28,0,6,Summer,0,0,0,라그로타,Gls.미션 서드
2023-06-29,4,6,Summer,0,0,0,라그로타,Gls.미션 서드
2023-06-30,6,6,Summer,0,0,0,라그로타,Gls.미션 서드
2023-07-01,6,7,Summer,1,0,1,라그로타,Gls.미션 서드
2023-07-02,2,7,Summer,1,0,1,라그로타,Gls.미션 서드
2023-07-03,0,7,Summer,0,0,0,라그로타,Gls.미션 서드
2023-07-04,1,7,Summer,0,0,0,라그로타,Gls.미션 서드
2023-07-05,3,7,Summer,0,0,0,라그로타,Gls.미션 서드
2023-07-06,0,7,Summer,0,0,0,라그로타,Gls.미션 서드
2023-07-07,6,7,Summer,0,0,0,라그로타,Gls.미션 서드
2023-07-08,4,7,Summer,1,0,1,라그로타,Gls.미션 서드
2023-07-09,6,7,Summer,1,0,1,라그로타,Gls.미션 서드
2023-07-10,0,7,Summer,0,0,0,라그로타,Gls.미션 서드
2023-07-11,0,7,Summer,0,0,0,라그로타,Gls.미션 서드
2023-07-12,4,7,Summer,0,0,0,라그로타,Gls.미션 서드
2023-07-13,1,7,Summer,0,0,0,라그로타,Gls.미션 서드
2023-07-14,2,7,Summer,0,0,0,라그로타,Gls.미션 서드
2023-07-15,6,7,Summer,1,0,1,라그로타,Gls.미션 서드
2023-07-16,3,7,Summer,1,0,1,라그로타,Gls.미션 서드
2023-07-17,0,7,Summer,0,0,0,라그로타,Gls.미션 서드
2023-07-18,1,7,Summer,0,0,0,라그로타,Gls.미션 서드
2023-07-19,6,7,Summer,0,0,0,라그로타,Gls.미션 서드
2023-07-20,6,7,Summer,0,0,0,라그로타,Gls.미션 서드
2023-07-21,4,7,Summer,0,0,0,라그로타,Gls.미션 서드
2023-07-22,7,7,Summer,1,0,1,라그로타,Gls.미션 서드
2023-07-23,2,7,Summer,1,0,1,라그로타,Gls.미션 서드
2023-07-24,0,7,Summer,0,0,0,라그로타,Gls.미션 서드
2023-07-25,2,7,Summer,0,0,0,라그로타,Gls.미션 서드
2023-07-26,4,7,Summer,0,0,0,라그로타,Gls.미션 서드
2023-07-27,9,7,Summer,0,0,0,라그로타,Gls.미션 서드
2023-07-28,9,7,Summer,0,0,0,라그로타,Gls.미션 서드
2023-07-29,2,7,Summer,1,0,1,라그로타,Gls.미션 서드
2023-07-30,1,7,Summer,1,0,1,라그로타,Gls.미션 서드
2023-07-31,0,7,Summer,0,0,0,라그로타,Gls.미션 서드
2023-08-01,6,8,Summer,0,0,0,라그로타,Gls.미션 서드
2023-08-02,4,8,Summer,0,0,0,라그로타,Gls.미션 서드
2023-08-03,8,8,Summer,0,0,0,라그로타,Gls.미션 서드
2023-08-04,10,8,Summer,0,0,0,라그로타,Gls.미션 서드
2023-08-05,5,8,Summer,1,0,1,라그로타,Gls.미션 서드
2023-08-06,4,8,Summer,1,0,1,라그로타,Gls.미션 서드
2023-08-07,0,8,Summer,0,0,0,라그로타,Gls.미션 서드
2023-08-08,1,8,Summer,0,0,0,라그로타,Gls.미션 서드
2023-08-09,4,8,Summer,0,0,0,라그로타,Gls.미션 서드
2023-08-10,2,8,Summer,0,0,0,라그로타,Gls.미션 서드
2023-08-11,5,8,Summer,0,0,0,라그로타,Gls.미션 서드
2023-08-12,3,8,Summer,1,0,1,라그로타,Gls.미션 서드
2023-08-13,5,8,Summer,1,0,1,라그로타,Gls.미션 서드
2023-08-14,2,8,Summer,0,0,0,라그로타,Gls.미션 서드
2023-08-15,4,8,Summer,0,1,1,라그로타,Gls.미션 서드
2023-08-16,0,8,Summer,0,0,0,라그로타,Gls.미션 서드
2023-08-17,0,8,Summer,0,0,0,라그로타,Gls.미션 서드
2023-08-18,5,8,Summer,0,0,0,라그로타,Gls.미션 서드
2023-08-19,4,8,Summer,1,0,1,라그로타,Gls.미션 서드
2023-08-20,3,8,Summer,1,0,1,라그로타,Gls.미션 서드
2023-08-21,0,8,Summer,0,0,0,라그로타,Gls.미션 서드
2023-08-22,2,8,Summer,0,0,0,라그로타,Gls.미션 서드
2023-08-23,2,8,Summer,0,0,0,라그로타,Gls.미션 서드
2023-08-24,1,8,Summer,0,0,0,라그로타,Gls.미션 서드
2023-08-25,1,8,Summer,0,0,0,라그로타,Gls.미션 서드
2023-08-26,6,8,Summer,1,0,1,라그로타,Gls.미션 서드
2023-08-27,4,8,Summer,1,0,1,라그로타,Gls.미션 서드
2023-08-28,0,8,Summer,0,0,0,라그로타,Gls.미션 서드
2023-08-29,4,8,Summer,0,0,0,라그로타,Gls.미션 서드
2023-08-30,0,8,Summer,0,0,0,라그로타,Gls.미션 서드
2023-08-31,1,8,Summer,0,0,0,라그로타,Gls.미션 서드
2023-09-01,0,9,Autumn,0,0,0,라그로타,Gls.미션 서드
2023-09-02,4,9,Autumn,1,0,1,라그로타,Gls.미션 서드
2023-09-03,4,9,Autumn,1,0,1,라그로타,Gls.미션 서드
2023-09-04,0,9,Autumn,0,0,0,라그로타,Gls.미션 서드
2023-09-05,2,9,Autumn,0,0,0,라그로타,Gls.미션 서드
2023-09-06,0,9,Autumn,0,0,0,라그로타,Gls.미션 서드
2023-09-07,2,9,Autumn,0,0,0,라그로타,Gls.미션 서드
2023-09-08,0,9,Autumn,0,0,0,라그로타,Gls.미션 서드
2023-09-09,1,9,Autumn,1,0,1,라그로타,Gls.미션 서드
2023-09-10,5,9,Autumn,1,0,1,라그로타,Gls.미션 서드
2023-09-11,0,9,Autumn,0,0,0,라그로타,Gls.미션 서드
2023-09-12,1,9,Autumn,0,0,0,라그로타,Gls.미션 서드
2023-09-13,0,9,Autumn,0,0,0,라그로타,Gls.미션 서드
2023-09-14,1,9,Autumn,0,0,0,라그로타,Gls.미션 서드
2023-09-15,1,9,Autumn,0,0,0,라그로타,Gls.미션 서드
2023-09-16,7,9,Autumn,1,0,1,라그로타,Gls.미션 서드
2023-09-17,4,9,Autumn,1,0,1,라그로타,Gls.미션 서드
2023-09-18,0,9,Autumn,0,0,0,라그로타,Gls.미션 서드
2023-09-19,0,9,Autumn,0,0,0,라그로타,Gls.미션 서드
2023-09-20,4,9,Autumn,0,0,0,라그로타,Gls.미션 서드
2023-09-21,3,9,Autumn,0,0,0,라그로타,Gls.미션 서드
2023-09-22,7,9,Autumn,0,0,0,라그로타,Gls.미션 서드
2023-09-23,2,9,Autumn,1,0,1,라그로타,Gls.미션 서드
2023-09-24,2,9,Autumn,1,0,1,라그로타,Gls.미션 서드
2023-09-25,0,9,Autumn,0,0,0,라그로타,Gls.미션 서드
2023-09-26,0,9,Autumn,0,0,0,라그로타,Gls.미션 서드
2023-09-27,5,9,Autumn,0,0,0,라그로타,Gls.미션 서드
2023-09-28,0,9,Autumn,0,1,1,라그로타,Gls.미션 서드
2023-09-29,4,9,Autumn,0,1,1,라그로타,Gls.미션 서드
2023-09-30,9,9,Autumn,1,1,1,라그로타,Gls.미션 서드
2023-10-01,7,10,Autumn,1,0,1,라그로타,Gls.미션 서드
2023-10-02,2,10,Autumn,0,1,1,라그로타,Gls.미션 서드
2023-10-03,4,10,Autumn,0,1,1,라그로타,Gls.미션 서드
2023-10-04,2,10,Autumn,0,0,0,라그로타,Gls.미션 서드
2023-10-05,3,10,Autumn,0,0,0,라그로타,Gls.미션 서드
2023-10-06,1,10,Autumn,0,0,0,라그로타,Gls.미션 서드
2023-10-07,4,10,Autumn,1,0,1,라그로타,Gls.미션 서드
2023-10-08,3,10,Autumn,1,0,1,라그로타,Gls.미션 서드
2023-10-09,5,10,Autumn,0,1,1,라그로타,Gls.미션 서드
2023-10-10,1,10,Autumn,0,0,0,라그로타,Gls.미션 서드
2023-10-11,0,10,Autumn,0,0,0,라그로타,Gls.미션 서드
2023-10-12,0,10,Autumn,0,0,0,라그로타,Gls.미션 서드
2023-10-13,5,10,Autumn,0,0,0,라그로타,Gls.미션 서드
2023-10-14,5,10,Autumn,1,0,1,라그로타,Gls.미션 서드
2023-10-15,2,10,Autumn,1,0,1,라그로타,Gls.미션 서드
2023-10-16,0,10,Autumn,0,0,0,라그로타,Gls.미션 서드
2023-10-17,1,10,Autumn,0,0,0,라그로타,Gls.미션 서드
2023-10-18,2,10,Autumn,0,0,0,라그로타,Gls.미션 서드
2023-10-19,7,10,Autumn,0,0,0,라그로타,Gls.미션 서드
2023-10-20,5,10,Autumn,0,0,0,라그로타,Gls.미션 서드
2023-10-21,9,10,Autumn,1,0,1,라그로타,Gls.미션 서드
2023-10-22,7,10,Autumn,1,0,1,라그로타,Gls.미션 서드
2023-10-23,0,10,Autumn,0,0,0,라그로타,Gls.미션 서드
2023-10-24,3,10,Autumn,0,0,0,라그로타,Gls.미션 서드
2023-10-25,7,10,Autumn,0,0,0,라그로타,Gls.미션 서드
2023-10-26,7,10,Autumn,0,0,0,라그로타,Gls.미션 서드
2023-10-27,6,10,Autumn,0,0,0,라그로타,Gls.미션 서드
2023-10-28,6,10,Autumn,1,0,1,라그로타,Gls.미션 서드
2023-10-29,1,10,Autumn,1,0,1,라그로타,Gls.미션 서드
2023-10-30,0,10,Autumn,0,0,0,라그로타,Gls.미션 서드
2023-10-31,8,10,Autumn,0,0,0,라그로타,Gls.미션 서드
2023-11-01,7,11,Autumn,0,0,0,라그로타,Gls.미션 서드
2023-11-02,6,11,Autumn,0,0,0,라그로타,Gls.미션 서드
2023-11-03,0,11,Autumn,0,0,0,라그로타,Gls.미션 서드
2023-11-04,6,11,Autumn,1,0,1,라그로타,Gls.미션 서드
2023-11-05,5,11,Autumn,1,0,1,라그로타,Gls.미션 서드
2023-11-06,0,11,Autumn,0,0,0,라그로타,Gls.미션 서드
2023-11-07,4,11,Autumn,0,0,0,라그로타,Gls.미션 서드
2023-11-08,2,11,Autumn,0,0,0,라그로타,Gls.미션 서드
2023-11-09,2,11,Autumn,0,0,0,라그로타,Gls.미션 서드
2023-11-10,3,11,Autumn,0,0,0,라그로타,Gls.미션 서드
2023-11-11,6,11,Autumn,1,0,1,라그로타,Gls.미션 서드
2023-11-12,3,11,Autumn,1,0,1,라그로타,Gls.미션 서드
2023-11-13,0,11,Autumn,0,0,0,라그로타,Gls.미션 서드
2023-11-14,0,11,Autumn,0,0,0,라그로타,Gls.미션 서드
2023-11-15,2,11,Autumn,0,0,0,라그로타,Gls.미션 서드
2023-11-16,8,11,Autumn,0,0,0,라그로타,Gls.미션 서드
2023-11-17,7,11,Autumn,0,0,0,라그로타,Gls.미션 서드
2023-11-18,5,11,Autumn,1,0,1,라그로타,Gls.미션 서드
2023-11-19,6,11,Autumn,1,0,1,라그로타,Gls.미션 서드
2023-11-20,0,11,Autumn,0,0,0,라그로타,Gls.미션 서드
2023-11-21,0,11,Autumn,0,0,0,라그로타,Gls.미션 서드
2023-11-22,1,11,Autumn,0,0,0,라그로타,Gls.미션 서드
2023-11-23,1,11,Autumn,0,0,0,라그로타,Gls.미션 서드
2023-11-24,7,11,Autumn,0,0,0,라그로타,Gls.미션 서드
2023-11-25,5,11,Autumn,1,0,1,라그로타,Gls.미션 서드
2023-11-26,7,11,Autumn,1,0,1,라그로타,Gls.미션 서드
2023-11-27,0,11,Autumn,0,0,0,라그로타,Gls.미션 서드
2023-11-28,2,11,Autumn,0,0,0,라그로타,Gls.미션 서드
2023-11-29,0,11,Autumn,0,0,0,라그로타,Gls.미션 서드
2023-11-30,1,11,Autumn,0,0,0,라그로타,Gls.미션 서드
2023-12-01,4,12,Winter,0,0,0,라그로타,Gls.미션 서드
2023-12-02,5,12,Winter,1,0,1,라그로타,Gls.미션 서드
2023-12-03,1,12,Winter,1,0,1,라그로타,Gls.미션 서드
2023-12-04,0,12,Winter,0,0,0,라그로타,Gls.미션 서드
2023-12-05,0,12,Winter,0,0,0,라그로타,Gls.미션 서드
2023-12-06,0,12,Winter,0,0,0,라그로타,Gls.미션 서드
2023-12-07,0,12,Winter,0,0,0,라그로타,Gls.미션 서드
2023-12-08,9,12,Winter,0,0,0,라그로타,Gls.미션 서드
2023-12-09,0,12,Winter,1,0,1,라그로타,Gls.미션 서드
2023-12-10,1,12,Winter,1,0,1,라그로타,Gls.미션 서드
2023-12-11,0,12,Winter,0,0,0,라그로타,Gls.미션 서드
2023-12-12,1,12,Winter,0,0,0,라그로타,Gls.미션 서드
2023-12-13,1,12,Winter,0,0,0,라그로타,Gls.미션 서드
2023-12-14,2,12,Winter,0,0,0,라그로타,Gls.미션 서드
2023-12-15,2,12,Winter,0,0,0,라그로타,Gls.미션 서드
2023-12-16,2,12,Winter,1,0,1,라그로타,Gls.미션 서드
2023-12-17,2,12,Winter,1,0,1,라그로타,Gls.미션 서드
2023-12-18,3,12,Winter,0,0,0,라그로타,Gls.미션 서드
2023-12-19,4,12,Winter,0,0,0,라그로타,Gls.미션 서드
2023-12-20,7,12,Winter,0,0,0,라그로타,Gls.미션 서드
2023-12-21,9,12,Winter,0,0,0,라그로타,Gls.미션 서드
2023-12-22,6,12,Winter,0,0,0,라그로타,Gls.미션 서드
2023-12-23,6,12,Winter,1,0,1,라그로타,Gls.미션 서드
2023-12-24,11,12,Winter,1,0,1,라그로타,Gls.미션 서드
2023-12-25,9,12,Winter,0,1,1,라그로타,Gls.미션 서드
2023-12-26,3,12,Winter,0,0,0,라그로타,Gls.미션 서드
2023-12-27,1,12,Winter,0,0,0,라그로타,Gls.미션 서드
2023-12-28,2,12,Winter,0,0,0,라그로타,Gls.미션 서드
2023-12-29,3,12,Winter,0,0,0,라그로타,Gls.미션 서드
2023-12-30,4,12,Winter,1,0,1,라그로타,Gls.미션 서드
2023-12-31,3,12,Winter,1,0,1,라그로타,Gls.미션 서드
2024-01-01,3,1,Winter,0,1,1,라그로타,Gls.미션 서드
2024-01-02,0,1,Winter,0,0,0,라그로타,Gls.미션 서드
2024-01-03,3,1,Winter,0,0,0,라그로타,Gls.미션 서드
2024-01-04,8,1,Winter,0,0,0,라그로타,Gls.미션 서드
2024-01-05,4,1,Winter,0,0,0,라그로타,Gls.미션 서드
2024-01-06,1,1,Winter,1,0,1,라그로타,Gls.미션 서드
2024-01-07,0,1,Winter,1,0,1,라그로타,Gls.미션 서드
2024-01-08,3,1,Winter,0,0,0,라그로타,Gls.미션 서드
2024-01-09,3,1,Winter,0,0,0,라그로타,Gls.미션 서드
2024-01-10,3,1,Winter,0,0,0,라그로타,Gls.미션 서드
2024-01-11,4,1,Winter,0,0,0,라그로타,Gls.미션 서드
2024-01-12,3,1,Winter,0,0,0,라그로타,Gls.미션 서드
2024-01-13,2,1,Winter,1,0,1,라그로타,Gls.미션 서드
2024-01-14,12,1,Winter,1,0,1,라그로타,Gls.미션 서드
2024-01-15,5,1,Winter,0,0,0,라그로타,Gls.미션 서드
2024-01-16,0,1,Winter,0,0,0,라그로타,Gls.미션 서드
2024-01-17,2,1,Winter,0,0,0,라그로타,Gls.미션 서드
2024-01-18,0,1,Winter,0,0,0,라그로타,Gls.미션 서드
2024-01-19,2,1,Winter,0,0,0,라그로타,Gls.미션 서드
2024-01-20,2,1,Winter,1,0,1,라그로타,Gls.미션 서드
2024-01-21,1,1,Winter,1,0,1,라그로타,Gls.미션 서드
2024-01-22,0,1,Winter,0,0,0,라그로타,Gls.미션 서드
2024-01-23,3,1,Winter,0,0,0,라그로타,Gls.미션 서드
2024-01-24,2,1,Winter,0,0,0,라그로타,Gls.미션 서드
2024-01-25,0,1,Winter,0,0,0,라그로타,Gls.미션 서드
2024-01-26,3,1,Winter,0,0,0,라그로타,Gls.미션 서드
2024-01-27,4,1,Winter,1,0,1,라그로타,Gls.미션 서드
2024-01-28,4,1,Winter,1,0,1,라그로타,Gls.미션 서드
2024-01-29,4,1,Winter,0,0,0,라그로타,Gls.미션 서드
2024-01-30,7,1,Winter,0,0,0,라그로타,Gls.미션 서드
2024-01-31,1,1,Winter,0,0,0,라그로타,Gls.미션 서드
2024-02-01,1,2,Winter,0,0,0,라그로타,Gls.미션 서드
2024-02-02,0,2,Winter,0,0,0,라그로타,Gls.미션 서드
2024-02-03,2,2,Winter,1,0,1,라그로타,Gls.미션 서드
2024-02-04,3,2,Winter,1,0,1,라그로타,Gls.미션 서드
2024-02-05,0,2,Winter,0,0,0,라그로타,Gls.미션 서드
2024-02-06,1,2,Winter,0,0,0,라그로타,Gls.미션 서드
2024-02-07,1,2,Winter,0,0,0,라그로타,Gls.미션 서드
2024-02-08,3,2,Winter,0,0,0,라그로타,Gls.미션 서드
2024-02-09,2,2,Winter,0,1,1,라그로타,Gls.미션 서드
2024-02-10,3,2,Winter,1,1,1,라그로타,Gls.미션 서드
2024-02-11,5,2,Winter,1,1,1,라그로타,Gls.미션 서드
2024-02-12,2,2,Winter,0,1,1,라그로타,Gls.미션 서드
2024-02-13,0,2,Winter,0,0,0,라그로타,Gls.미션 서드
2024-02-14,3,2,Winter,0,0,0,라그로타,Gls.미션 서드
2024-02-15,1,2,Winter,0,0,0,라그로타,Gls.미션 서드
2024-02-16,1,2,Winter,0,0,0,라그로타,Gls.미션 서드
2024-02-17,5,2,Winter,1,0,1,라그로타,Gls.미션 서드
2024-02-18,0,2,Winter,1,0,1,라그로타,Gls.미션 서드
2024-02-19,0,2,Winter,0,0,0,라그로타,Gls.미션 서드
2024-02-20,1,2,Winter,0,0,0,라그로타,Gls.미션 서드
2024-02-21,1,2,Winter,0,0,0,라그로타,Gls.미션 서드
2024-02-22,0,2,Winter,0,0,0,라그로타,Gls.미션 서드
2024-02-23,0,2,Winter,0,0,0,라그로타,Gls.미션 서드
2024-02-24,2,2,Winter,1,0,1,라그로타,Gls.미션 서드
2024-02-25,4,2,Winter,1,0,1,라그로타,Gls.미션 서드
2024-02-26,0,2,Winter,0,0,0,라그로타,Gls.미션 서드
2024-02-27,0,2,Winter,0,0,0,라그로타,Gls.미션 서드
2024-02-28,2,2,Winter,0,0,0,라그로타,Gls.미션 서드
2024-02-29,4,2,Winter,0,0,0,라그로타,Gls.미션 서드
2024-03-01,4,3,Spring,0,1,1,라그로타,Gls.미션 서드
2024-03-02,2,3,Spring,1,0,1,라그로타,Gls.미션 서드
2024-03-03,0,3,Spring,1,0,1,라그로타,Gls.미션 서드
2024-03-04,0,3,Spring,0,0,0,라그로타,Gls.미션 서드
2024-03-05,0,3,Spring,0,0,0,라그로타,Gls.미션 서드
2024-03-06,0,3,Spring,0,0,0,라그로타,Gls.미션 서드
2024-03-07,0,3,Spring,0,0,0,라그로타,Gls.미션 서드
2024-03-08,0,3,Spring,0,0,0,라그로타,Gls.미션 서드
2024-03-09,0,3,Spring,1,0,1,라그로타,Gls.미션 서드
2024-03-10,0,3,Spring,1,0,1,라그로타,Gls.미션 서드
2024-03-11,0,3,Spring,0,0,0,라그로타,Gls.미션 서드
2024-03-12,0,3,Spring,0,0,0,라그로타,Gls.미션 서드
2024-03-13,0,3,Spring,0,0,0,라그로타,Gls.미션 서드
2024-03-14,2,3,Spring,0,0,0,라그로타,Gls.미션 서드
2024-03-15,1,3,Spring,0,0,0,라그로타,Gls.미션 서드
2024-03-16,6,3,Spring,1,0,1,라그로타,Gls.미션 서드
2024-03-17,0,3,Spring,1,0,1,라그로타,Gls.미션 서드
2024-03-18,0,3,Spring,0,0,0,라그로타,Gls.미션 서드
2024-03-19,0,3,Spring,0,0,0,라그로타,Gls.미션 서드
2024-03-20,0,3,Spring,0,0,0,라그로타,Gls.미션 서드
2024-03-21,0,3,Spring,0,0,0,라그로타,Gls.미션 서드
2024-03-22,2,3,Spring,0,0,0,라그로타,Gls.미션 서드
2024-03-23,3,3,Spring,1,0,1,라그로타,Gls.미션 서드
2024-03-24,5,3,Spring,1,0,1,라그로타,Gls.미션 서드
2024-03-25,0,3,Spring,0,0,0,라그로타,Gls.미션 서드
2024-03-26,4,3,Spring,0,0,0,라그로타,Gls.미션 서드
2024-03-27,0,3,Spring,0,0,0,라그로타,Gls.미션 서드
2024-03-28,1,3,Spring,0,0,0,라그로타,Gls.미션 서드
2024-03-29,10,3,Spring,0,0,0,라그로타,Gls.미션 서드
2024-03-30,2,3,Spring,1,0,1,라그로타,Gls.미션 서드
2024-03-31,2,3,Spring,1,0,1,라그로타,Gls.미션 서드
2024-04-01,0,4,Spring,0,0,0,라그로타,Gls.미션 서드
2024-04-02,2,4,Spring,0,0,0,라그로타,Gls.미션 서드
2024-04-03,4,4,Spring,0,0,0,라그로타,Gls.미션 서드
2024-04-04,2,4,Spring,0,0,0,라그로타,Gls.미션 서드
2024-04-05,4,4,Spring,0,0,0,라그로타,Gls.미션 서드
2024-04-06,3,4,Spring,1,0,1,라그로타,Gls.미션 서드
2024-04-07,5,4,Spring,1,0,1,라그로타,Gls.미션 서드
2024-04-08,0,4,Spring,0,0,0,라그로타,Gls.미션 서드
2024-04-09,7,4,Spring,0,0,0,라그로타,Gls.미션 서드
2024-04-10,2,4,Spring,0,1,1,라그로타,Gls.미션 서드
2024-04-11,1,4,Spring,0,0,0,라그로타,Gls.미션 서드
2024-04-12,6,4,Spring,0,0,0,라그로타,Gls.미션 서드
2024-04-13,6,4,Spring,1,0,1,라그로타,Gls.미션 서드
2024-04-14,0,4,Spring,1,0,1,라그로타,Gls.미션 서드
2024-04-15,0,4,Spring,0,0,0,라그로타,Gls.미션 서드
2024-04-16,12,4,Spring,0,0,0,라그로타,Gls.미션 서드
2024-04-17,9,4,Spring,0,0,0,라그로타,Gls.미션 서드
2024-04-18,0,4,Spring,0,0,0,라그로타,Gls.미션 서드
2024-04-19,0,4,Spring,0,0,0,라그로타,Gls.미션 서드
2024-04-20,7,4,Spring,1,0,1,라그로타,Gls.미션 서드
2024-04-21,5,4,Spring,1,0,1,라그로타,Gls.미션 서드
2024-04-22,0,4,Spring,0,0,0,라그로타,Gls.미션 서드
2024-04-23,0,4,Spring,0,0,0,라그로타,Gls.미션 서드
2024-04-24,2,4,Spring,0,0,0,라그로타,Gls.미션 서드
2024-04-25,0,4,Spring,0,0,0,라그로타,Gls.미션 서드
2024-04-26,3,4,Spring,0,0,0,라그로타,Gls.미션 서드
2024-04-27,3,4,Spring,1,0,1,라그로타,Gls.미션 서드
2024-04-28,4,4,Spring,1,0,1,라그로타,Gls.미션 서드
2024-04-29,0,4,Spring,0,0,0,라그로타,Gls.미션 서드
2024-04-30,5,4,Spring,0,0,0,라그로타,Gls.미션 서드
2024-05-01,3,5,Spring,0,0,0,라그로타,Gls.미션 서드
2024-05-02,5,5,Spring,0,0,0,라그로타,Gls.미션 서드
2024-05-03,4,5,Spring,0,0,0,라그로타,Gls.미션 서드
2024-05-04,5,5,Spring,1,0,1,라그로타,Gls.미션 서드
2024-05-05,2,5,Spring,1,1,1,라그로타,Gls.미션 서드
2024-05-06,2,5,Spring,0,1,1,라그로타,Gls.미션 서드
2024-05-07,2,5,Spring,0,0,0,라그로타,Gls.미션 서드
2024-05-08,4,5,Spring,0,0,0,라그로타,Gls.미션 서드
2024-05-09,1,5,Spring,0,0,0,라그로타,Gls.미션 서드
2024-05-10,3,5,Spring,0,0,0,라그로타,Gls.미션 서드
2024-05-11,2,5,Spring,1,0,1,라그로타,Gls.미션 서드
2024-05-12,1,5,Spring,1,0,1,라그로타,Gls.미션 서드
2024-05-13,0,5,Spring,0,0,0,라그로타,Gls.미션 서드
2024-05-14,2,5,Spring,0,0,0,라그로타,Gls.미션 서드
2024-05-15,4,5,Spring,0,1,1,라그로타,Gls.미션 서드
2024-05-16,5,5,Spring,0,0,0,라그로타,Gls.미션 서드
2024-05-17,2,5,Spring,0,0,0,라그로타,Gls.미션 서드
2024-05-18,3,5,Spring,1,0,1,라그로타,Gls.미션 서드
2024-05-19,2,5,Spring,1,0,1,라그로타,Gls.미션 서드
2024-05-20,0,5,Spring,0,0,0,라그로타,Gls.미션 서드
2024-05-21,3,5,Spring,0,0,0,라그로타,Gls.미션 서드
2024-05-22,3,5,Spring,0,0,0,라그로타,Gls.미션 서드
2024-05-23,5,5,Spring,0,0,0,라그로타,Gls.미션 서드
2024-05-24,2,5,Spring,0,0,0,라그로타,Gls.미션 서드
2024-05-25,7,5,Spring,1,0,1,라그로타,Gls.미션 서드
2024-05-26,2,5,Spring,1,0,1,라그로타,Gls.미션 서드
2024-05-27,0,5,Spring,0,0,0,라그로타,Gls.미션 서드
2024-05-28,0,5,Spring,0,0,0,라그로타,Gls.미션 서드
2024-05-29,1,5,Spring,0,0,0,라그로타,Gls.미션 서드
2024-05-30,2,5,Spring,0,0,0,라그로타,Gls.미션 서드
2024-05-31,1,5,Spring,0,0,0,라그로타,Gls.미션 서드
2024-06-01,2,6,Summer,1,0,1,라그로타,Gls.미션 서드
2024-06-02,0,6,Summer,1,0,1,라그로타,Gls.미션 서드
2024-06-03,0,6,Summer,0,0,0,라그로타,Gls.미션 서드
2024-06-04,0,6,Summer,0,0,0,라그로타,Gls.미션 서드
2024-06-05,0,6,Summer,0,0,0,라그로타,Gls.미션 서드
2024-06-06,7,6,Summer,0,1,1,라그로타,Gls.미션 서드
2024-06-07,4,6,Summer,0,0,0,라그로타,Gls.미션 서드
2024-06-08,5,6,Summer,1,0,1,라그로타,Gls.미션 서드
2024-06-09,3,6,Summer,1,0,1,라그로타,Gls.미션 서드
2024-06-10,0,6,Summer,0,0,0,라그로타,Gls.미션 서드
2024-06-11,0,6,Summer,0,0,0,라그로타,Gls.미션 서드
2024-06-12,2,6,Summer,0,0,0,라그로타,Gls.미션 서드
2024-06-13,1,6,Summer,0,0,0,라그로타,Gls.미션 서드
2024-06-14,0,6,Summer,0,0,0,라그로타,Gls.미션 서드
2024-06-15,3,6,Summer,1,0,1,라그로타,Gls.미션 서드
2023-01-01,0,1,Winter,1,1,1,라그로타,Open Food
2023-01-02,0,1,Winter,0,0,0,라그로타,Open Food
2023-01-03,0,1,Winter,0,0,0,라그로타,Open Food
2023-01-04,0,1,Winter,0,0,0,라그로타,Open Food
2023-01-05,0,1,Winter,0,0,0,라그로타,Open Food
2023-01-06,0,1,Winter,0,0,0,라그로타,Open Food
2023-01-07,2,1,Winter,1,0,1,라그로타,Open Food
2023-01-08,2,1,Winter,1,0,1,라그로타,Open Food
2023-01-09,0,1,Winter,0,0,0,라그로타,Open Food
2023-01-10,0,1,Winter,0,0,0,라그로타,Open Food
2023-01-11,1,1,Winter,0,0,0,라그로타,Open Food
2023-01-12,0,1,Winter,0,0,0,라그로타,Open Food
2023-01-13,0,1,Winter,0,0,0,라그로타,Open Food
2023-01-14,1,1,Winter,1,0,1,라그로타,Open Food
2023-01-15,1,1,Winter,1,0,1,라그로타,Open Food
2023-01-16,0,1,Winter,0,0,0,라그로타,Open Food
2023-01-17,0,1,Winter,0,0,0,라그로타,Open Food
2023-01-18,11,1,Winter,0,0,0,라그로타,Open Food
2023-01-19,0,1,Winter,0,0,0,라그로타,Open Food
2023-01-20,1,1,Winter,0,0,0,라그로타,Open Food
2023-01-21,1,1,Winter,1,1,1,라그로타,Open Food
2023-01-22,0,1,Winter,1,1,1,라그로타,Open Food
2023-01-23,0,1,Winter,0,1,1,라그로타,Open Food
2023-01-24,0,1,Winter,0,1,1,라그로타,Open Food
2023-01-25,0,1,Winter,0,0,0,라그로타,Open Food
2023-01-26,1,1,Winter,0,0,0,라그로타,Open Food
2023-01-27,1,1,Winter,0,0,0,라그로타,Open Food
2023-01-28,2,1,Winter,1,0,1,라그로타,Open Food
2023-01-29,1,1,Winter,1,0,1,라그로타,Open Food
2023-01-30,0,1,Winter,0,0,0,라그로타,Open Food
2023-01-31,2,1,Winter,0,0,0,라그로타,Open Food
2023-02-01,1,2,Winter,0,0,0,라그로타,Open Food
2023-02-02,0,2,Winter,0,0,0,라그로타,Open Food
2023-02-03,1,2,Winter,0,0,0,라그로타,Open Food
2023-02-04,0,2,Winter,1,0,1,라그로타,Open Food
2023-02-05,2,2,Winter,1,0,1,라그로타,Open Food
2023-02-06,0,2,Winter,0,0,0,라그로타,Open Food
2023-02-07,1,2,Winter,0,0,0,라그로타,Open Food
2023-02-08,1,2,Winter,0,0,0,라그로타,Open Food
2023-02-09,1,2,Winter,0,0,0,라그로타,Open Food
2023-02-10,0,2,Winter,0,0,0,라그로타,Open Food
2023-02-11,2,2,Winter,1,0,1,라그로타,Open Food
2023-02-12,2,2,Winter,1,0,1,라그로타,Open Food
2023-02-13,0,2,Winter,0,0,0,라그로타,Open Food
2023-02-14,0,2,Winter,0,0,0,라그로타,Open Food
2023-02-15,0,2,Winter,0,0,0,라그로타,Open Food
2023-02-16,2,2,Winter,0,0,0,라그로타,Open Food
2023-02-17,1,2,Winter,0,0,0,라그로타,Open Food
2023-02-18,1,2,Winter,1,0,1,라그로타,Open Food
2023-02-19,1,2,Winter,1,0,1,라그로타,Open Food
2023-02-20,0,2,Winter,0,0,0,라그로타,Open Food
2023-02-21,1,2,Winter,0,0,0,라그로타,Open Food
2023-02-22,0,2,Winter,0,0,0,라그로타,Open Food
2023-02-23,2,2,Winter,0,0,0,라그로타,Open Food
2023-02-24,3,2,Winter,0,0,0,라그로타,Open Food
2023-02-25,7,2,Winter,1,0,1,라그로타,Open Food
2023-02-26,4,2,Winter,1,0,1,라그로타,Open Food
2023-02-27,0,2,Winter,0,0,0,라그로타,Open Food
2023-02-28,4,2,Winter,0,0,0,라그로타,Open Food
2023-03-01,1,3,Spring,0,1,1,라그로타,Open Food
2023-03-02,0,3,Spring,0,0,0,라그로타,Open Food
2023-03-03,0,3,Spring,0,0,0,라그로타,Open Food
2023-03-04,0,3,Spring,1,0,1,라그로타,Open Food
2023-03-05,0,3,Spring,1,0,1,라그로타,Open Food
2023-03-06,0,3,Spring,0,0,0,라그로타,Open Food
2023-03-07,0,3,Spring,0,0,0,라그로타,Open Food
2023-03-08,0,3,Spring,0,0,0,라그로타,Open Food
2023-03-09,0,3,Spring,0,0,0,라그로타,Open Food
2023-03-10,0,3,Spring,0,0,0,라그로타,Open Food
2023-03-11,0,3,Spring,1,0,1,라그로타,Open Food
2023-03-12,0,3,Spring,1,0,1,라그로타,Open Food
2023-03-13,0,3,Spring,0,0,0,라그로타,Open Food
2023-03-14,0,3,Spring,0,0,0,라그로타,Open Food
2023-03-15,1,3,Spring,0,0,0,라그로타,Open Food
2023-03-16,0,3,Spring,0,0,0,라그로타,Open Food
2023-03-17,0,3,Spring,0,0,0,라그로타,Open Food
2023-03-18,0,3,Spring,1,0,1,라그로타,Open Food
2023-03-19,0,3,Spring,1,0,1,라그로타,Open Food
2023-03-20,0,3,Spring,0,0,0,라그로타,Open Food
2023-03-21,0,3,Spring,0,0,0,라그로타,Open Food
2023-03-22,0,3,Spring,0,0,0,라그로타,Open Food
2023-03-23,0,3,Spring,0,0,0,라그로타,Open Food
2023-03-24,0,3,Spring,0,0,0,라그로타,Open Food
2023-03-25,0,3,Spring,1,0,1,라그로타,Open Food
2023-03-26,0,3,Spring,1,0,1,라그로타,Open Food
2023-03-27,0,3,Spring,0,0,0,라그로타,Open Food
2023-03-28,0,3,Spring,0,0,0,라그로타,Open Food
2023-03-29,0,3,Spring,0,0,0,라그로타,Open Food
2023-03-30,0,3,Spring,0,0,0,라그로타,Open Food
2023-03-31,0,3,Spring,0,0,0,라그로타,Open Food
2023-04-01,2,4,Spring,1,0,1,라그로타,Open Food
2023-04-02,0,4,Spring,1,0,1,라그로타,Open Food
2023-04-03,0,4,Spring,0,0,0,라그로타,Open Food
2023-04-04,1,4,Spring,0,0,0,라그로타,Open Food
2023-04-05,0,4,Spring,0,0,0,라그로타,Open Food
2023-04-06,0,4,Spring,0,0,0,라그로타,Open Food
2023-04-07,0,4,Spring,0,0,0,라그로타,Open Food
2023-04-08,0,4,Spring,1,0,1,라그로타,Open Food
2023-04-09,0,4,Spring,1,0,1,라그로타,Open Food
2023-04-10,0,4,Spring,0,0,0,라그로타,Open Food
2023-04-11,0,4,Spring,0,0,0,라그로타,Open Food
2023-04-12,0,4,Spring,0,0,0,라그로타,Open Food
2023-04-13,0,4,Spring,0,0,0,라그로타,Open Food
2023-04-14,0,4,Spring,0,0,0,라그로타,Open Food
2023-04-15,2,4,Spring,1,0,1,라그로타,Open Food
2023-04-16,0,4,Spring,1,0,1,라그로타,Open Food
2023-04-17,0,4,Spring,0,0,0,라그로타,Open Food
2023-04-18,0,4,Spring,0,0,0,라그로타,Open Food
2023-04-19,0,4,Spring,0,0,0,라그로타,Open Food
2023-04-20,0,4,Spring,0,0,0,라그로타,Open Food
2023-04-21,0,4,Spring,0,0,0,라그로타,Open Food
2023-04-22,0,4,Spring,1,0,1,라그로타,Open Food
2023-04-23,0,4,Spring,1,0,1,라그로타,Open Food
2023-04-24,0,4,Spring,0,0,0,라그로타,Open Food
2023-04-25,0,4,Spring,0,0,0,라그로타,Open Food
2023-04-26,1,4,Spring,0,0,0,라그로타,Open Food
2023-04-27,0,4,Spring,0,0,0,라그로타,Open Food
2023-04-28,1,4,Spring,0,0,0,라그로타,Open Food
2023-04-29,0,4,Spring,1,0,1,라그로타,Open Food
2023-04-30,0,4,Spring,1,0,1,라그로타,Open Food
2023-05-01,0,5,Spring,0,0,0,라그로타,Open Food
2023-05-02,0,5,Spring,0,0,0,라그로타,Open Food
2023-05-03,1,5,Spring,0,0,0,라그로타,Open Food
2023-05-04,0,5,Spring,0,0,0,라그로타,Open Food
2023-05-05,0,5,Spring,0,1,1,라그로타,Open Food
2023-05-06,0,5,Spring,1,0,1,라그로타,Open Food
2023-05-07,0,5,Spring,1,0,1,라그로타,Open Food
2023-05-08,0,5,Spring,0,0,0,라그로타,Open Food
2023-05-09,0,5,Spring,0,0,0,라그로타,Open Food
2023-05-10,1,5,Spring,0,0,0,라그로타,Open Food
2023-05-11,0,5,Spring,0,0,0,라그로타,Open Food
2023-05-12,0,5,Spring,0,0,0,라그로타,Open Food
2023-05-13,0,5,Spring,1,0,1,라그로타,Open Food
2023-05-14,0,5,Spring,1,0,1,라그로타,Open Food
2023-05-15,0,5,Spring,0,0,0,라그로타,Open Food
2023-05-16,0,5,Spring,0,0,0,라그로타,Open Food
2023-05-17,1,5,Spring,0,0,0,라그로타,Open Food
2023-05-18,0,5,Spring,0,0,0,라그로타,Open Food
2023-05-19,0,5,Spring,0,0,0,라그로타,Open Food
2023-05-20,0,5,Spring,1,0,1,라그로타,Open Food
2023-05-21,0,5,Spring,1,0,1,라그로타,Open Food
2023-05-22,0,5,Spring,0,0,0,라그로타,Open Food
2023-05-23,0,5,Spring,0,0,0,라그로타,Open Food
2023-05-24,1,5,Spring,0,0,0,라그로타,Open Food
2023-05-25,0,5,Spring,0,0,0,라그로타,Open Food
2023-05-26,0,5,Spring,0,0,0,라그로타,Open Food
2023-05-27,1,5,Spring,1,1,1,라그로타,Open Food
2023-05-28,0,5,Spring,1,0,1,라그로타,Open Food
2023-05-29,0,5,Spring,0,1,1,라그로타,Open Food
2023-05-30,0,5,Spring,0,0,0,라그로타,Open Food
2023-05-31,0,5,Spring,0,0,0,라그로타,Open Food
2023-06-01,0,6,Summer,0,0,0,라그로타,Open Food
2023-06-02,1,6,Summer,0,0,0,라그로타,Open Food
2023-06-03,0,6,Summer,1,0,1,라그로타,Open Food
2023-06-04,0,6,Summer,1,0,1,라그로타,Open Food
2023-06-05,0,6,Summer,0,0,0,라그로타,Open Food
2023-06-06,0,6,Summer,0,1,1,라그로타,Open Food
2023-06-07,0,6,Summer,0,0,0,라그로타,Open Food
2023-06-08,0,6,Summer,0,0,0,라그로타,Open Food
2023-06-09,0,6,Summer,0,0,0,라그로타,Open Food
2023-06-10,0,6,Summer,1,0,1,라그로타,Open Food
2023-06-11,0,6,Summer,1,0,1,라그로타,Open Food
2023-06-12,0,6,Summer,0,0,0,라그로타,Open Food
2023-06-13,0,6,Summer,0,0,0,라그로타,Open Food
2023-06-14,0,6,Summer,0,0,0,라그로타,Open Food
2023-06-15,0,6,Summer,0,0,0,라그로타,Open Food
2023-06-16,0,6,Summer,0,0,0,라그로타,Open Food
2023-06-17,0,6,Summer,1,0,1,라그로타,Open Food
2023-06-18,0,6,Summer,1,0,1,라그로타,Open Food
2023-06-19,0,6,Summer,0,0,0,라그로타,Open Food
2023-06-20,0,6,Summer,0,0,0,라그로타,Open Food
2023-06-21,0,6,Summer,0,0,0,라그로타,Open Food
2023-06-22,0,6,Summer,0,0,0,라그로타,Open Food
2023-06-23,0,6,Summer,0,0,0,라그로타,Open Food
2023-06-24,0,6,Summer,1,0,1,라그로타,Open Food
2023-06-25,0,6,Summer,1,0,1,라그로타,Open Food
2023-06-26,0,6,Summer,0,0,0,라그로타,Open Food
2023-06-27,0,6,Summer,0,0,0,라그로타,Open Food
2023-06-28,0,6,Summer,0,0,0,라그로타,Open Food
2023-06-29,0,6,Summer,0,0,0,라그로타,Open Food
2023-06-30,0,6,Summer,0,0,0,라그로타,Open Food
2023-07-01,0,7,Summer,1,0,1,라그로타,Open Food
2023-07-02,0,7,Summer,1,0,1,라그로타,Open Food
2023-07-03,0,7,Summer,0,0,0,라그로타,Open Food
2023-07-04,0,7,Summer,0,0,0,라그로타,Open Food
2023-07-05,0,7,Summer,0,0,0,라그로타,Open Food
2023-07-06,1,7,Summer,0,0,0,라그로타,Open Food
2023-07-07,0,7,Summer,0,0,0,라그로타,Open Food
2023-07-08,0,7,Summer,1,0,1,라그로타,Open Food
2023-07-09,0,7,Summer,1,0,1,라그로타,Open Food
2023-07-10,0,7,Summer,0,0,0,라그로타,Open Food
2023-07-11,1,7,Summer,0,0,0,라그로타,Open Food
2023-07-12,0,7,Summer,0,0,0,라그로타,Open Food
2023-07-13,0,7,Summer,0,0,0,라그로타,Open Food
2023-07-14,0,7,Summer,0,0,0,라그로타,Open Food
2023-07-15,0,7,Summer,1,0,1,라그로타,Open Food
2023-07-16,0,7,Summer,1,0,1,라그로타,Open Food
2023-07-17,0,7,Summer,0,0,0,라그로타,Open Food
2023-07-18,0,7,Summer,0,0,0,라그로타,Open Food
2023-07-19,0,7,Summer,0,0,0,라그로타,Open Food
2023-07-20,0,7,Summer,0,0,0,라그로타,Open Food
2023-07-21,0,7,Summer,0,0,0,라그로타,Open Food
2023-07-22,0,7,Summer,1,0,1,라그로타,Open Food
2023-07-23,0,7,Summer,1,0,1,라그로타,Open Food
2023-07-24,0,7,Summer,0,0,0,라그로타,Open Food
2023-07-25,0,7,Summer,0,0,0,라그로타,Open Food
2023-07-26,0,7,Summer,0,0,0,라그로타,Open Food
2023-07-27,0,7,Summer,0,0,0,라그로타,Open Food
2023-07-28,1,7,Summer,0,0,0,라그로타,Open Food
2023-07-29,1,7,Summer,1,0,1,라그로타,Open Food
2023-07-30,0,7,Summer,1,0,1,라그로타,Open Food
2023-07-31,0,7,Summer,0,0,0,라그로타,Open Food
2023-08-01,0,8,Summer,0,0,0,라그로타,Open Food
2023-08-02,0,8,Summer,0,0,0,라그로타,Open Food
2023-08-03,0,8,Summer,0,0,0,라그로타,Open Food
2023-08-04,0,8,Summer,0,0,0,라그로타,Open Food
2023-08-05,0,8,Summer,1,0,1,라그로타,Open Food
2023-08-06,0,8,Summer,1,0,1,라그로타,Open Food
2023-08-07,0,8,Summer,0,0,0,라그로타,Open Food
2023-08-08,0,8,Summer,0,0,0,라그로타,Open Food
2023-08-09,0,8,Summer,0,0,0,라그로타,Open Food
2023-08-10,0,8,Summer,0,0,0,라그로타,Open Food
2023-08-11,0,8,Summer,0,0,0,라그로타,Open Food
2023-08-12,0,8,Summer,1,0,1,라그로타,Open Food
2023-08-13,0,8,Summer,1,0,1,라그로타,Open Food
2023-08-14,0,8,Summer,0,0,0,라그로타,Open Food
2023-08-15,0,8,Summer,0,1,1,라그로타,Open Food
2023-08-16,0,8,Summer,0,0,0,라그로타,Open Food
2023-08-17,0,8,Summer,0,0,0,라그로타,Open Food
2023-08-18,0,8,Summer,0,0,0,라그로타,Open Food
2023-08-19,0,8,Summer,1,0,1,라그로타,Open Food
2023-08-20,0,8,Summer,1,0,1,라그로타,Open Food
2023-08-21,0,8,Summer,0,0,0,라그로타,Open Food
2023-08-22,2,8,Summer,0,0,0,라그로타,Open Food
2023-08-23,0,8,Summer,0,0,0,라그로타,Open Food
2023-08-24,0,8,Summer,0,0,0,라그로타,Open Food
2023-08-25,0,8,Summer,0,0,0,라그로타,Open Food
2023-08-26,0,8,Summer,1,0,1,라그로타,Open Food
2023-08-27,0,8,Summer,1,0,1,라그로타,Open Food
2023-08-28,0,8,Summer,0,0,0,라그로타,Open Food
2023-08-29,0,8,Summer,0,0,0,라그로타,Open Food
2023-08-30,0,8,Summer,0,0,0,라그로타,Open Food
2023-08-31,0,8,Summer,0,0,0,라그로타,Open Food
2023-09-01,0,9,Autumn,0,0,0,라그로타,Open Food
2023-09-02,0,9,Autumn,1,0,1,라그로타,Open Food
2023-09-03,0,9,Autumn,1,0,1,라그로타,Open Food
2023-09-04,0,9,Autumn,0,0,0,라그로타,Open Food
2023-09-05,0,9,Autumn,0,0,0,라그로타,Open Food
2023-09-06,0,9,Autumn,0,0,0,라그로타,Open Food
2023-09-07,0,9,Autumn,0,0,0,라그로타,Open Food
2023-09-08,0,9,Autumn,0,0,0,라그로타,Open Food
2023-09-09,0,9,Autumn,1,0,1,라그로타,Open Food
2023-09-10,0,9,Autumn,1,0,1,라그로타,Open Food
2023-09-11,0,9,Autumn,0,0,0,라그로타,Open Food
2023-09-12,0,9,Autumn,0,0,0,라그로타,Open Food
2023-09-13,0,9,Autumn,0,0,0,라그로타,Open Food
2023-09-14,0,9,Autumn,0,0,0,라그로타,Open Food
2023-09-15,0,9,Autumn,0,0,0,라그로타,Open Food
2023-09-16,0,9,Autumn,1,0,1,라그로타,Open Food
2023-09-17,0,9,Autumn,1,0,1,라그로타,Open Food
2023-09-18,0,9,Autumn,0,0,0,라그로타,Open Food
2023-09-19,0,9,Autumn,0,0,0,라그로타,Open Food
2023-09-20,0,9,Autumn,0,0,0,라그로타,Open Food
2023-09-21,0,9,Autumn,0,0,0,라그로타,Open Food
2023-09-22,0,9,Autumn,0,0,0,라그로타,Open Food
2023-09-23,0,9,Autumn,1,0,1,라그로타,Open Food
2023-09-24,0,9,Autumn,1,0,1,라그로타,Open Food
2023-09-25,0,9,Autumn,0,0,0,라그로타,Open Food
2023-09-26,5,9,Autumn,0,0,0,라그로타,Open Food
2023-09-27,1,9,Autumn,0,0,0,라그로타,Open Food
2023-09-28,0,9,Autumn,0,1,1,라그로타,Open Food
2023-09-29,0,9,Autumn,0,1,1,라그로타,Open Food
2023-09-30,0,9,Autumn,1,1,1,라그로타,Open Food
2023-10-01,1,10,Autumn,1,0,1,라그로타,Open Food
2023-10-02,0,10,Autumn,0,1,1,라그로타,Open Food
2023-10-03,0,10,Autumn,0,1,1,라그로타,Open Food
2023-10-04,0,10,Autumn,0,0,0,라그로타,Open Food
2023-10-05,0,10,Autumn,0,0,0,라그로타,Open Food
2023-10-06,0,10,Autumn,0,0,0,라그로타,Open Food
2023-10-07,0,10,Autumn,1,0,1,라그로타,Open Food
2023-10-08,0,10,Autumn,1,0,1,라그로타,Open Food
2023-10-09,0,10,Autumn,0,1,1,라그로타,Open Food
2023-10-10,0,10,Autumn,0,0,0,라그로타,Open Food
2023-10-11,0,10,Autumn,0,0,0,라그로타,Open Food
2023-10-12,0,10,Autumn,0,0,0,라그로타,Open Food
2023-10-13,0,10,Autumn,0,0,0,라그로타,Open Food
2023-10-14,0,10,Autumn,1,0,1,라그로타,Open Food
2023-10-15,0,10,Autumn,1,0,1,라그로타,Open Food
2023-10-16,0,10,Autumn,0,0,0,라그로타,Open Food
2023-10-17,0,10,Autumn,0,0,0,라그로타,Open Food
2023-10-18,0,10,Autumn,0,0,0,라그로타,Open Food
2023-10-19,0,10,Autumn,0,0,0,라그로타,Open Food
2023-10-20,0,10,Autumn,0,0,0,라그로타,Open Food
2023-10-21,0,10,Autumn,1,0,1,라그로타,Open Food
2023-10-22,0,10,Autumn,1,0,1,라그로타,Open Food
2023-10-23,0,10,Autumn,0,0,0,라그로타,Open Food
2023-10-24,0,10,Autumn,0,0,0,라그로타,Open Food
2023-10-25,2,10,Autumn,0,0,0,라그로타,Open Food
2023-10-26,0,10,Autumn,0,0,0,라그로타,Open Food
2023-10-27,8,10,Autumn,0,0,0,라그로타,Open Food
2023-10-28,1,10,Autumn,1,0,1,라그로타,Open Food
2023-10-29,0,10,Autumn,1,0,1,라그로타,Open Food
2023-10-30,0,10,Autumn,0,0,0,라그로타,Open Food
2023-10-31,2,10,Autumn,0,0,0,라그로타,Open Food
2023-11-01,0,11,Autumn,0,0,0,라그로타,Open Food
2023-11-02,0,11,Autumn,0,0,0,라그로타,Open Food
2023-11-03,46,11,Autumn,0,0,0,라그로타,Open Food
2023-11-04,0,11,Autumn,1,0,1,라그로타,Open Food
2023-11-05,0,11,Autumn,1,0,1,라그로타,Open Food
2023-11-06,0,11,Autumn,0,0,0,라그로타,Open Food
2023-11-07,1,11,Autumn,0,0,0,라그로타,Open Food
2023-11-08,0,11,Autumn,0,0,0,라그로타,Open Food
2023-11-09,0,11,Autumn,0,0,0,라그로타,Open Food
2023-11-10,0,11,Autumn,0,0,0,라그로타,Open Food
2023-11-11,1,11,Autumn,1,0,1,라그로타,Open Food
2023-11-12,1,11,Autumn,1,0,1,라그로타,Open Food
2023-11-13,0,11,Autumn,0,0,0,라그로타,Open Food
2023-11-14,0,11,Autumn,0,0,0,라그로타,Open Food
2023-11-15,0,11,Autumn,0,0,0,라그로타,Open Food
2023-11-16,1,11,Autumn,0,0,0,라그로타,Open Food
2023-11-17,0,11,Autumn,0,0,0,라그로타,Open Food
2023-11-18,0,11,Autumn,1,0,1,라그로타,Open Food
2023-11-19,0,11,Autumn,1,0,1,라그로타,Open Food
2023-11-20,0,11,Autumn,0,0,0,라그로타,Open Food
2023-11-21,0,11,Autumn,0,0,0,라그로타,Open Food
2023-11-22,0,11,Autumn,0,0,0,라그로타,Open Food
2023-11-23,0,11,Autumn,0,0,0,라그로타,Open Food
2023-11-24,0,11,Autumn,0,0,0,라그로타,Open Food
2023-11-25,0,11,Autumn,1,0,1,라그로타,Open Food
2023-11-26,0,11,Autumn,1,0,1,라그로타,Open Food
2023-11-27,0,11,Autumn,0,0,0,라그로타,Open Food
2023-11-28,0,11,Autumn,0,0,0,라그로타,Open Food
2023-11-29,0,11,Autumn,0,0,0,라그로타,Open Food
2023-11-30,0,11,Autumn,0,0,0,라그로타,Open Food
2023-12-01,0,12,Winter,0,0,0,라그로타,Open Food
2023-12-02,0,12,Winter,1,0,1,라그로타,Open Food
2023-12-03,0,12,Winter,1,0,1,라그로타,Open Food
2023-12-04,1,12,Winter,0,0,0,라그로타,Open Food
2023-12-05,0,12,Winter,0,0,0,라그로타,Open Food
2023-12-06,0,12,Winter,0,0,0,라그로타,Open Food
2023-12-07,0,12,Winter,0,0,0,라그로타,Open Food
2023-12-08,0,12,Winter,0,0,0,라그로타,Open Food
2023-12-09,0,12,Winter,1,0,1,라그로타,Open Food
2023-12-10,0,12,Winter,1,0,1,라그로타,Open Food
2023-12-11,0,12,Winter,0,0,0,라그로타,Open Food
2023-12-12,0,12,Winter,0,0,0,라그로타,Open Food
2023-12-13,0,12,Winter,0,0,0,라그로타,Open Food
2023-12-14,0,12,Winter,0,0,0,라그로타,Open Food
2023-12-15,0,12,Winter,0,0,0,라그로타,Open Food
2023-12-16,0,12,Winter,1,0,1,라그로타,Open Food
2023-12-17,0,12,Winter,1,0,1,라그로타,Open Food
2023-12-18,1,12,Winter,0,0,0,라그로타,Open Food
2023-12-19,1,12,Winter,0,0,0,라그로타,Open Food
2023-12-20,0,12,Winter,0,0,0,라그로타,Open Food
2023-12-21,2,12,Winter,0,0,0,라그로타,Open Food
2023-12-22,0,12,Winter,0,0,0,라그로타,Open Food
2023-12-23,1,12,Winter,1,0,1,라그로타,Open Food
2023-12-24,2,12,Winter,1,0,1,라그로타,Open Food
2023-12-25,4,12,Winter,0,1,1,라그로타,Open Food
2023-12-26,1,12,Winter,0,0,0,라그로타,Open Food
2023-12-27,3,12,Winter,0,0,0,라그로타,Open Food
2023-12-28,1,12,Winter,0,0,0,라그로타,Open Food
2023-12-29,0,12,Winter,0,0,0,라그로타,Open Food
2023-12-30,4,12,Winter,1,0,1,라그로타,Open Food
2023-12-31,3,12,Winter,1,0,1,라그로타,Open Food
2024-01-01,1,1,Winter,0,1,1,라그로타,Open Food
2024-01-02,1,1,Winter,0,0,0,라그로타,Open Food
2024-01-03,1,1,Winter,0,0,0,라그로타,Open Food
2024-01-04,1,1,Winter,0,0,0,라그로타,Open Food
2024-01-05,0,1,Winter,0,0,0,라그로타,Open Food
2024-01-06,1,1,Winter,1,0,1,라그로타,Open Food
2024-01-07,1,1,Winter,1,0,1,라그로타,Open Food
2024-01-08,0,1,Winter,0,0,0,라그로타,Open Food
2024-01-09,1,1,Winter,0,0,0,라그로타,Open Food
2024-01-10,0,1,Winter,0,0,0,라그로타,Open Food
2024-01-11,0,1,Winter,0,0,0,라그로타,Open Food
2024-01-12,5,1,Winter,0,0,0,라그로타,Open Food
2024-01-13,0,1,Winter,1,0,1,라그로타,Open Food
2024-01-14,0,1,Winter,1,0,1,라그로타,Open Food
2024-01-15,0,1,Winter,0,0,0,라그로타,Open Food
2024-01-16,1,1,Winter,0,0,0,라그로타,Open Food
2024-01-17,0,1,Winter,0,0,0,라그로타,Open Food
2024-01-18,0,1,Winter,0,0,0,라그로타,Open Food
2024-01-19,0,1,Winter,0,0,0,라그로타,Open Food
2024-01-20,0,1,Winter,1,0,1,라그로타,Open Food
2024-01-21,3,1,Winter,1,0,1,라그로타,Open Food
2024-01-22,0,1,Winter,0,0,0,라그로타,Open Food
2024-01-23,1,1,Winter,0,0,0,라그로타,Open Food
2024-01-24,0,1,Winter,0,0,0,라그로타,Open Food
2024-01-25,1,1,Winter,0,0,0,라그로타,Open Food
2024-01-26,0,1,Winter,0,0,0,라그로타,Open Food
2024-01-27,1,1,Winter,1,0,1,라그로타,Open Food
2024-01-28,1,1,Winter,1,0,1,라그로타,Open Food
2024-01-29,1,1,Winter,0,0,0,라그로타,Open Food
2024-01-30,1,1,Winter,0,0,0,라그로타,Open Food
2024-01-31,1,1,Winter,0,0,0,라그로타,Open Food
2024-02-01,0,2,Winter,0,0,0,라그로타,Open Food
2024-02-02,0,2,Winter,0,0,0,라그로타,Open Food
2024-02-03,1,2,Winter,1,0,1,라그로타,Open Food
2024-02-04,2,2,Winter,1,0,1,라그로타,Open Food
2024-02-05,2,2,Winter,0,0,0,라그로타,Open Food
2024-02-06,1,2,Winter,0,0,0,라그로타,Open Food
2024-02-07,1,2,Winter,0,0,0,라그로타,Open Food
2024-02-08,1,2,Winter,0,0,0,라그로타,Open Food
2024-02-09,1,2,Winter,0,1,1,라그로타,Open Food
2024-02-10,1,2,Winter,1,1,1,라그로타,Open Food
2024-02-11,0,2,Winter,1,1,1,라그로타,Open Food
2024-02-12,1,2,Winter,0,1,1,라그로타,Open Food
2024-02-13,1,2,Winter,0,0,0,라그로타,Open Food
2024-02-14,4,2,Winter,0,0,0,라그로타,Open Food
2024-02-15,2,2,Winter,0,0,0,라그로타,Open Food
2024-02-16,3,2,Winter,0,0,0,라그로타,Open Food
2024-02-17,1,2,Winter,1,0,1,라그로타,Open Food
2024-02-18,2,2,Winter,1,0,1,라그로타,Open Food
2024-02-19,0,2,Winter,0,0,0,라그로타,Open Food
2024-02-20,0,2,Winter,0,0,0,라그로타,Open Food
2024-02-21,0,2,Winter,0,0,0,라그로타,Open Food
2024-02-22,1,2,Winter,0,0,0,라그로타,Open Food
2024-02-23,0,2,Winter,0,0,0,라그로타,Open Food
2024-02-24,1,2,Winter,1,0,1,라그로타,Open Food
2024-02-25,0,2,Winter,1,0,1,라그로타,Open Food
2024-02-26,0,2,Winter,0,0,0,라그로타,Open Food
2024-02-27,3,2,Winter,0,0,0,라그로타,Open Food
2024-02-28,0,2,Winter,0,0,0,라그로타,Open Food
2024-02-29,3,2,Winter,0,0,0,라그로타,Open Food
2024-03-01,5,3,Spring,0,1,1,라그로타,Open Food
2024-03-02,1,3,Spring,1,0,1,라그로타,Open Food
2024-03-03,2,3,Spring,1,0,1,라그로타,Open Food
2024-03-04,0,3,Spring,0,0,0,라그로타,Open Food
2024-03-05,0,3,Spring,0,0,0,라그로타,Open Food
2024-03-06,0,3,Spring,0,0,0,라그로타,Open Food
2024-03-07,0,3,Spring,0,0,0,라그로타,Open Food
2024-03-08,0,3,Spring,0,0,0,라그로타,Open Food
2024-03-09,0,3,Spring,1,0,1,라그로타,Open Food
2024-03-10,0,3,Spring,1,0,1,라그로타,Open Food
2024-03-11,0,3,Spring,0,0,0,라그로타,Open Food
2024-03-12,0,3,Spring,0,0,0,라그로타,Open Food
2024-03-13,0,3,Spring,0,0,0,라그로타,Open Food
2024-03-14,0,3,Spring,0,0,0,라그로타,Open Food
2024-03-15,0,3,Spring,0,0,0,라그로타,Open Food
2024-03-16,1,3,Spring,1,0,1,라그로타,Open Food
2024-03-17,1,3,Spring,1,0,1,라그로타,Open Food
2024-03-18,0,3,Spring,0,0,0,라그로타,Open Food
2024-03-19,1,3,Spring,0,0,0,라그로타,Open Food
2024-03-20,0,3,Spring,0,0,0,라그로타,Open Food
2024-03-21,0,3,Spring,0,0,0,라그로타,Open Food
2024-03-22,0,3,Spring,0,0,0,라그로타,Open Food
2024-03-23,0,3,Spring,1,0,1,라그로타,Open Food
2024-03-24,3,3,Spring,1,0,1,라그로타,Open Food
2024-03-25,0,3,Spring,0,0,0,라그로타,Open Food
2024-03-26,0,3,Spring,0,0,0,라그로타,Open Food
2024-03-27,0,3,Spring,0,0,0,라그로타,Open Food
2024-03-28,80,3,Spring,0,0,0,라그로타,Open Food
2024-03-29,0,3,Spring,0,0,0,라그로타,Open Food
2024-03-30,1,3,Spring,1,0,1,라그로타,Open Food
2024-03-31,0,3,Spring,1,0,1,라그로타,Open Food
2024-04-01,0,4,Spring,0,0,0,라그로타,Open Food
2024-04-02,0,4,Spring,0,0,0,라그로타,Open Food
2024-04-03,0,4,Spring,0,0,0,라그로타,Open Food
2024-04-04,0,4,Spring,0,0,0,라그로타,Open Food
2024-04-05,0,4,Spring,0,0,0,라그로타,Open Food
2024-04-06,1,4,Spring,1,0,1,라그로타,Open Food
2024-04-07,1,4,Spring,1,0,1,라그로타,Open Food
2024-04-08,0,4,Spring,0,0,0,라그로타,Open Food
2024-04-09,0,4,Spring,0,0,0,라그로타,Open Food
2024-04-10,0,4,Spring,0,1,1,라그로타,Open Food
2024-04-11,0,4,Spring,0,0,0,라그로타,Open Food
2024-04-12,1,4,Spring,0,0,0,라그로타,Open Food
2024-04-13,1,4,Spring,1,0,1,라그로타,Open Food
2024-04-14,1,4,Spring,1,0,1,라그로타,Open Food
2024-04-15,0,4,Spring,0,0,0,라그로타,Open Food
2024-04-16,5,4,Spring,0,0,0,라그로타,Open Food
2024-04-17,1,4,Spring,0,0,0,라그로타,Open Food
2024-04-18,0,4,Spring,0,0,0,라그로타,Open Food
2024-04-19,1,4,Spring,0,0,0,라그로타,Open Food
2024-04-20,1,4,Spring,1,0,1,라그로타,Open Food
2024-04-21,0,4,Spring,1,0,1,라그로타,Open Food
2024-04-22,0,4,Spring,0,0,0,라그로타,Open Food
2024-04-23,0,4,Spring,0,0,0,라그로타,Open Food
2024-04-24,0,4,Spring,0,0,0,라그로타,Open Food
2024-04-25,0,4,Spring,0,0,0,라그로타,Open Food
2024-04-26,0,4,Spring,0,0,0,라그로타,Open Food
2024-04-27,2,4,Spring,1,0,1,라그로타,Open Food
2024-04-28,1,4,Spring,1,0,1,라그로타,Open Food
2024-04-29,0,4,Spring,0,0,0,라그로타,Open Food
2024-04-30,0,4,Spring,0,0,0,라그로타,Open Food
2024-05-01,0,5,Spring,0,0,0,라그로타,Open Food
2024-05-02,1,5,Spring,0,0,0,라그로타,Open Food
2024-05-03,1,5,Spring,0,0,0,라그로타,Open Food
2024-05-04,0,5,Spring,1,0,1,라그로타,Open Food
2024-05-05,0,5,Spring,1,1,1,라그로타,Open Food
2024-05-06,0,5,Spring,0,1,1,라그로타,Open Food
2024-05-07,0,5,Spring,0,0,0,라그로타,Open Food
2024-05-08,2,5,Spring,0,0,0,라그로타,Open Food
2024-05-09,0,5,Spring,0,0,0,라그로타,Open Food
2024-05-10,3,5,Spring,0,0,0,라그로타,Open Food
2024-05-11,0,5,Spring,1,0,1,라그로타,Open Food
2024-05-12,0,5,Spring,1,0,1,라그로타,Open Food
2024-05-13,0,5,Spring,0,0,0,라그로타,Open Food
2024-05-14,0,5,Spring,0,0,0,라그로타,Open Food
2024-05-15,0,5,Spring,0,1,1,라그로타,Open Food
2024-05-16,1,5,Spring,0,0,0,라그로타,Open Food
2024-05-17,2,5,Spring,0,0,0,라그로타,Open Food
2024-05-18,1,5,Spring,1,0,1,라그로타,Open Food
2024-05-19,1,5,Spring,1,0,1,라그로타,Open Food
2024-05-20,0,5,Spring,0,0,0,라그로타,Open Food
2024-05-21,0,5,Spring,0,0,0,라그로타,Open Food
2024-05-22,0,5,Spring,0,0,0,라그로타,Open Food
2024-05-23,0,5,Spring,0,0,0,라그로타,Open Food
2024-05-24,1,5,Spring,0,0,0,라그로타,Open Food
2024-05-25,1,5,Spring,1,0,1,라그로타,Open Food
2024-05-26,1,5,Spring,1,0,1,라그로타,Open Food
2024-05-27,0,5,Spring,0,0,0,라그로타,Open Food
2024-05-28,0,5,Spring,0,0,0,라그로타,Open Food
2024-05-29,1,5,Spring,0,0,0,라그로타,Open Food
2024-05-30,0,5,Spring,0,0,0,라그로타,Open Food
2024-05-31,0,5,Spring,0,0,0,라그로타,Open Food
2024-06-01,1,6,Summer,1,0,1,라그로타,Open Food
2024-06-02,0,6,Summer,1,0,1,라그로타,Open Food
2024-06-03,0,6,Summer,0,0,0,라그로타,Open Food
2024-06-04,1,6,Summer,0,0,0,라그로타,Open Food
2024-06-05,0,6,Summer,0,0,0,라그로타,Open Food
2024-06-06,2,6,Summer,0,1,1,라그로타,Open Food
2024-06-07,4,6,Summer,0,0,0,라그로타,Open Food
2024-06-08,0,6,Summer,1,0,1,라그로타,Open Food
2024-06-09,2,6,Summer,1,0,1,라그로타,Open Food
2024-06-10,0,6,Summer,0,0,0,라그로타,Open Food
2024-06-11,0,6,Summer,0,0,0,라그로타,Open Food
2024-06-12,0,6,Summer,0,0,0,라그로타,Open Food
2024-06-13,0,6,Summer,0,0,0,라그로타,Open Food
2024-06-14,0,6,Summer,0,0,0,라그로타,Open Food
2024-06-15,0,6,Summer,1,0,1,라그로타,Open Food
2023-01-01,0,1,Winter,1,1,1,라그로타,그릴드 비프 샐러드
2023-01-02,0,1,Winter,0,0,0,라그로타,그릴드 비프 샐러드
2023-01-03,0,1,Winter,0,0,0,라그로타,그릴드 비프 샐러드
2023-01-04,0,1,Winter,0,0,0,라그로타,그릴드 비프 샐러드
2023-01-05,0,1,Winter,0,0,0,라그로타,그릴드 비프 샐러드
2023-01-06,0,1,Winter,0,0,0,라그로타,그릴드 비프 샐러드
2023-01-07,0,1,Winter,1,0,1,라그로타,그릴드 비프 샐러드
2023-01-08,0,1,Winter,1,0,1,라그로타,그릴드 비프 샐러드
2023-01-09,0,1,Winter,0,0,0,라그로타,그릴드 비프 샐러드
2023-01-10,0,1,Winter,0,0,0,라그로타,그릴드 비프 샐러드
2023-01-11,0,1,Winter,0,0,0,라그로타,그릴드 비프 샐러드
2023-01-12,0,1,Winter,0,0,0,라그로타,그릴드 비프 샐러드
2023-01-13,0,1,Winter,0,0,0,라그로타,그릴드 비프 샐러드
2023-01-14,0,1,Winter,1,0,1,라그로타,그릴드 비프 샐러드
2023-01-15,0,1,Winter,1,0,1,라그로타,그릴드 비프 샐러드
2023-01-16,0,1,Winter,0,0,0,라그로타,그릴드 비프 샐러드
2023-01-17,0,1,Winter,0,0,0,라그로타,그릴드 비프 샐러드
2023-01-18,0,1,Winter,0,0,0,라그로타,그릴드 비프 샐러드
2023-01-19,0,1,Winter,0,0,0,라그로타,그릴드 비프 샐러드
2023-01-20,0,1,Winter,0,0,0,라그로타,그릴드 비프 샐러드
2023-01-21,0,1,Winter,1,1,1,라그로타,그릴드 비프 샐러드
2023-01-22,0,1,Winter,1,1,1,라그로타,그릴드 비프 샐러드
2023-01-23,0,1,Winter,0,1,1,라그로타,그릴드 비프 샐러드
2023-01-24,0,1,Winter,0,1,1,라그로타,그릴드 비프 샐러드
2023-01-25,0,1,Winter,0,0,0,라그로타,그릴드 비프 샐러드
2023-01-26,0,1,Winter,0,0,0,라그로타,그릴드 비프 샐러드
2023-01-27,0,1,Winter,0,0,0,라그로타,그릴드 비프 샐러드
2023-01-28,0,1,Winter,1,0,1,라그로타,그릴드 비프 샐러드
2023-01-29,0,1,Winter,1,0,1,라그로타,그릴드 비프 샐러드
2023-01-30,0,1,Winter,0,0,0,라그로타,그릴드 비프 샐러드
2023-01-31,0,1,Winter,0,0,0,라그로타,그릴드 비프 샐러드
2023-02-01,0,2,Winter,0,0,0,라그로타,그릴드 비프 샐러드
2023-02-02,0,2,Winter,0,0,0,라그로타,그릴드 비프 샐러드
2023-02-03,0,2,Winter,0,0,0,라그로타,그릴드 비프 샐러드
2023-02-04,0,2,Winter,1,0,1,라그로타,그릴드 비프 샐러드
2023-02-05,0,2,Winter,1,0,1,라그로타,그릴드 비프 샐러드
2023-02-06,0,2,Winter,0,0,0,라그로타,그릴드 비프 샐러드
2023-02-07,0,2,Winter,0,0,0,라그로타,그릴드 비프 샐러드
2023-02-08,0,2,Winter,0,0,0,라그로타,그릴드 비프 샐러드
2023-02-09,0,2,Winter,0,0,0,라그로타,그릴드 비프 샐러드
2023-02-10,0,2,Winter,0,0,0,라그로타,그릴드 비프 샐러드
2023-02-11,0,2,Winter,1,0,1,라그로타,그릴드 비프 샐러드
2023-02-12,0,2,Winter,1,0,1,라그로타,그릴드 비프 샐러드
2023-02-13,0,2,Winter,0,0,0,라그로타,그릴드 비프 샐러드
2023-02-14,0,2,Winter,0,0,0,라그로타,그릴드 비프 샐러드
2023-02-15,0,2,Winter,0,0,0,라그로타,그릴드 비프 샐러드
2023-02-16,0,2,Winter,0,0,0,라그로타,그릴드 비프 샐러드
2023-02-17,0,2,Winter,0,0,0,라그로타,그릴드 비프 샐러드
2023-02-18,0,2,Winter,1,0,1,라그로타,그릴드 비프 샐러드
2023-02-19,0,2,Winter,1,0,1,라그로타,그릴드 비프 샐러드
2023-02-20,0,2,Winter,0,0,0,라그로타,그릴드 비프 샐러드
2023-02-21,0,2,Winter,0,0,0,라그로타,그릴드 비프 샐러드
2023-02-22,0,2,Winter,0,0,0,라그로타,그릴드 비프 샐러드
2023-02-23,0,2,Winter,0,0,0,라그로타,그릴드 비프 샐러드
2023-02-24,0,2,Winter,0,0,0,라그로타,그릴드 비프 샐러드
2023-02-25,0,2,Winter,1,0,1,라그로타,그릴드 비프 샐러드
2023-02-26,0,2,Winter,1,0,1,라그로타,그릴드 비프 샐러드
2023-02-27,0,2,Winter,0,0,0,라그로타,그릴드 비프 샐러드
2023-02-28,0,2,Winter,0,0,0,라그로타,그릴드 비프 샐러드
2023-03-01,0,3,Spring,0,1,1,라그로타,그릴드 비프 샐러드
2023-03-02,0,3,Spring,0,0,0,라그로타,그릴드 비프 샐러드
2023-03-03,0,3,Spring,0,0,0,라그로타,그릴드 비프 샐러드
2023-03-04,0,3,Spring,1,0,1,라그로타,그릴드 비프 샐러드
2023-03-05,0,3,Spring,1,0,1,라그로타,그릴드 비프 샐러드
2023-03-06,0,3,Spring,0,0,0,라그로타,그릴드 비프 샐러드
2023-03-07,0,3,Spring,0,0,0,라그로타,그릴드 비프 샐러드
2023-03-08,0,3,Spring,0,0,0,라그로타,그릴드 비프 샐러드
2023-03-09,0,3,Spring,0,0,0,라그로타,그릴드 비프 샐러드
2023-03-10,0,3,Spring,0,0,0,라그로타,그릴드 비프 샐러드
2023-03-11,0,3,Spring,1,0,1,라그로타,그릴드 비프 샐러드
2023-03-12,0,3,Spring,1,0,1,라그로타,그릴드 비프 샐러드
2023-03-13,0,3,Spring,0,0,0,라그로타,그릴드 비프 샐러드
2023-03-14,0,3,Spring,0,0,0,라그로타,그릴드 비프 샐러드
2023-03-15,0,3,Spring,0,0,0,라그로타,그릴드 비프 샐러드
2023-03-16,0,3,Spring,0,0,0,라그로타,그릴드 비프 샐러드
2023-03-17,0,3,Spring,0,0,0,라그로타,그릴드 비프 샐러드
2023-03-18,0,3,Spring,1,0,1,라그로타,그릴드 비프 샐러드
2023-03-19,0,3,Spring,1,0,1,라그로타,그릴드 비프 샐러드
2023-03-20,0,3,Spring,0,0,0,라그로타,그릴드 비프 샐러드
2023-03-21,0,3,Spring,0,0,0,라그로타,그릴드 비프 샐러드
2023-03-22,0,3,Spring,0,0,0,라그로타,그릴드 비프 샐러드
2023-03-23,0,3,Spring,0,0,0,라그로타,그릴드 비프 샐러드
2023-03-24,0,3,Spring,0,0,0,라그로타,그릴드 비프 샐러드
2023-03-25,0,3,Spring,1,0,1,라그로타,그릴드 비프 샐러드
2023-03-26,0,3,Spring,1,0,1,라그로타,그릴드 비프 샐러드
2023-03-27,0,3,Spring,0,0,0,라그로타,그릴드 비프 샐러드
2023-03-28,0,3,Spring,0,0,0,라그로타,그릴드 비프 샐러드
2023-03-29,0,3,Spring,0,0,0,라그로타,그릴드 비프 샐러드
2023-03-30,0,3,Spring,0,0,0,라그로타,그릴드 비프 샐러드
2023-03-31,0,3,Spring,0,0,0,라그로타,그릴드 비프 샐러드
2023-04-01,0,4,Spring,1,0,1,라그로타,그릴드 비프 샐러드
2023-04-02,0,4,Spring,1,0,1,라그로타,그릴드 비프 샐러드
2023-04-03,0,4,Spring,0,0,0,라그로타,그릴드 비프 샐러드
2023-04-04,0,4,Spring,0,0,0,라그로타,그릴드 비프 샐러드
2023-04-05,0,4,Spring,0,0,0,라그로타,그릴드 비프 샐러드
2023-04-06,0,4,Spring,0,0,0,라그로타,그릴드 비프 샐러드
2023-04-07,0,4,Spring,0,0,0,라그로타,그릴드 비프 샐러드
2023-04-08,0,4,Spring,1,0,1,라그로타,그릴드 비프 샐러드
2023-04-09,0,4,Spring,1,0,1,라그로타,그릴드 비프 샐러드
2023-04-10,0,4,Spring,0,0,0,라그로타,그릴드 비프 샐러드
2023-04-11,0,4,Spring,0,0,0,라그로타,그릴드 비프 샐러드
2023-04-12,0,4,Spring,0,0,0,라그로타,그릴드 비프 샐러드
2023-04-13,0,4,Spring,0,0,0,라그로타,그릴드 비프 샐러드
2023-04-14,0,4,Spring,0,0,0,라그로타,그릴드 비프 샐러드
2023-04-15,0,4,Spring,1,0,1,라그로타,그릴드 비프 샐러드
2023-04-16,0,4,Spring,1,0,1,라그로타,그릴드 비프 샐러드
2023-04-17,0,4,Spring,0,0,0,라그로타,그릴드 비프 샐러드
2023-04-18,0,4,Spring,0,0,0,라그로타,그릴드 비프 샐러드
2023-04-19,0,4,Spring,0,0,0,라그로타,그릴드 비프 샐러드
2023-04-20,0,4,Spring,0,0,0,라그로타,그릴드 비프 샐러드
2023-04-21,0,4,Spring,0,0,0,라그로타,그릴드 비프 샐러드
2023-04-22,0,4,Spring,1,0,1,라그로타,그릴드 비프 샐러드
2023-04-23,0,4,Spring,1,0,1,라그로타,그릴드 비프 샐러드
2023-04-24,0,4,Spring,0,0,0,라그로타,그릴드 비프 샐러드
2023-04-25,0,4,Spring,0,0,0,라그로타,그릴드 비프 샐러드
2023-04-26,0,4,Spring,0,0,0,라그로타,그릴드 비프 샐러드
2023-04-27,0,4,Spring,0,0,0,라그로타,그릴드 비프 샐러드
2023-04-28,0,4,Spring,0,0,0,라그로타,그릴드 비프 샐러드
2023-04-29,0,4,Spring,1,0,1,라그로타,그릴드 비프 샐러드
2023-04-30,0,4,Spring,1,0,1,라그로타,그릴드 비프 샐러드
2023-05-01,0,5,Spring,0,0,0,라그로타,그릴드 비프 샐러드
2023-05-02,0,5,Spring,0,0,0,라그로타,그릴드 비프 샐러드
2023-05-03,0,5,Spring,0,0,0,라그로타,그릴드 비프 샐러드
2023-05-04,0,5,Spring,0,0,0,라그로타,그릴드 비프 샐러드
2023-05-05,0,5,Spring,0,1,1,라그로타,그릴드 비프 샐러드
2023-05-06,0,5,Spring,1,0,1,라그로타,그릴드 비프 샐러드
2023-05-07,0,5,Spring,1,0,1,라그로타,그릴드 비프 샐러드
2023-05-08,0,5,Spring,0,0,0,라그로타,그릴드 비프 샐러드
2023-05-09,0,5,Spring,0,0,0,라그로타,그릴드 비프 샐러드
2023-05-10,0,5,Spring,0,0,0,라그로타,그릴드 비프 샐러드
2023-05-11,0,5,Spring,0,0,0,라그로타,그릴드 비프 샐러드
2023-05-12,0,5,Spring,0,0,0,라그로타,그릴드 비프 샐러드
2023-05-13,0,5,Spring,1,0,1,라그로타,그릴드 비프 샐러드
2023-05-14,0,5,Spring,1,0,1,라그로타,그릴드 비프 샐러드
2023-05-15,0,5,Spring,0,0,0,라그로타,그릴드 비프 샐러드
2023-05-16,0,5,Spring,0,0,0,라그로타,그릴드 비프 샐러드
2023-05-17,0,5,Spring,0,0,0,라그로타,그릴드 비프 샐러드
2023-05-18,0,5,Spring,0,0,0,라그로타,그릴드 비프 샐러드
2023-05-19,0,5,Spring,0,0,0,라그로타,그릴드 비프 샐러드
2023-05-20,0,5,Spring,1,0,1,라그로타,그릴드 비프 샐러드
2023-05-21,0,5,Spring,1,0,1,라그로타,그릴드 비프 샐러드
2023-05-22,0,5,Spring,0,0,0,라그로타,그릴드 비프 샐러드
2023-05-23,0,5,Spring,0,0,0,라그로타,그릴드 비프 샐러드
2023-05-24,0,5,Spring,0,0,0,라그로타,그릴드 비프 샐러드
2023-05-25,0,5,Spring,0,0,0,라그로타,그릴드 비프 샐러드
2023-05-26,0,5,Spring,0,0,0,라그로타,그릴드 비프 샐러드
2023-05-27,0,5,Spring,1,1,1,라그로타,그릴드 비프 샐러드
2023-05-28,0,5,Spring,1,0,1,라그로타,그릴드 비프 샐러드
2023-05-29,0,5,Spring,0,1,1,라그로타,그릴드 비프 샐러드
2023-05-30,0,5,Spring,0,0,0,라그로타,그릴드 비프 샐러드
2023-05-31,0,5,Spring,0,0,0,라그로타,그릴드 비프 샐러드
2023-06-01,0,6,Summer,0,0,0,라그로타,그릴드 비프 샐러드
2023-06-02,0,6,Summer,0,0,0,라그로타,그릴드 비프 샐러드
2023-06-03,0,6,Summer,1,0,1,라그로타,그릴드 비프 샐러드
2023-06-04,0,6,Summer,1,0,1,라그로타,그릴드 비프 샐러드
2023-06-05,0,6,Summer,0,0,0,라그로타,그릴드 비프 샐러드
2023-06-06,0,6,Summer,0,1,1,라그로타,그릴드 비프 샐러드
2023-06-07,0,6,Summer,0,0,0,라그로타,그릴드 비프 샐러드
2023-06-08,0,6,Summer,0,0,0,라그로타,그릴드 비프 샐러드
2023-06-09,0,6,Summer,0,0,0,라그로타,그릴드 비프 샐러드
2023-06-10,0,6,Summer,1,0,1,라그로타,그릴드 비프 샐러드
2023-06-11,0,6,Summer,1,0,1,라그로타,그릴드 비프 샐러드
2023-06-12,0,6,Summer,0,0,0,라그로타,그릴드 비프 샐러드
2023-06-13,0,6,Summer,0,0,0,라그로타,그릴드 비프 샐러드
2023-06-14,0,6,Summer,0,0,0,라그로타,그릴드 비프 샐러드
2023-06-15,0,6,Summer,0,0,0,라그로타,그릴드 비프 샐러드
2023-06-16,0,6,Summer,0,0,0,라그로타,그릴드 비프 샐러드
2023-06-17,0,6,Summer,1,0,1,라그로타,그릴드 비프 샐러드
2023-06-18,0,6,Summer,1,0,1,라그로타,그릴드 비프 샐러드
2023-06-19,0,6,Summer,0,0,0,라그로타,그릴드 비프 샐러드
2023-06-20,0,6,Summer,0,0,0,라그로타,그릴드 비프 샐러드
2023-06-21,0,6,Summer,0,0,0,라그로타,그릴드 비프 샐러드
2023-06-22,0,6,Summer,0,0,0,라그로타,그릴드 비프 샐러드
2023-06-23,0,6,Summer,0,0,0,라그로타,그릴드 비프 샐러드
2023-06-24,0,6,Summer,1,0,1,라그로타,그릴드 비프 샐러드
2023-06-25,0,6,Summer,1,0,1,라그로타,그릴드 비프 샐러드
2023-06-26,0,6,Summer,0,0,0,라그로타,그릴드 비프 샐러드
2023-06-27,0,6,Summer,0,0,0,라그로타,그릴드 비프 샐러드
2023-06-28,0,6,Summer,0,0,0,라그로타,그릴드 비프 샐러드
2023-06-29,0,6,Summer,0,0,0,라그로타,그릴드 비프 샐러드
2023-06-30,0,6,Summer,0,0,0,라그로타,그릴드 비프 샐러드
2023-07-01,0,7,Summer,1,0,1,라그로타,그릴드 비프 샐러드
2023-07-02,0,7,Summer,1,0,1,라그로타,그릴드 비프 샐러드
2023-07-03,0,7,Summer,0,0,0,라그로타,그릴드 비프 샐러드
2023-07-04,0,7,Summer,0,0,0,라그로타,그릴드 비프 샐러드
2023-07-05,0,7,Summer,0,0,0,라그로타,그릴드 비프 샐러드
2023-07-06,0,7,Summer,0,0,0,라그로타,그릴드 비프 샐러드
2023-07-07,0,7,Summer,0,0,0,라그로타,그릴드 비프 샐러드
2023-07-08,0,7,Summer,1,0,1,라그로타,그릴드 비프 샐러드
2023-07-09,0,7,Summer,1,0,1,라그로타,그릴드 비프 샐러드
2023-07-10,0,7,Summer,0,0,0,라그로타,그릴드 비프 샐러드
2023-07-11,0,7,Summer,0,0,0,라그로타,그릴드 비프 샐러드
2023-07-12,0,7,Summer,0,0,0,라그로타,그릴드 비프 샐러드
2023-07-13,0,7,Summer,0,0,0,라그로타,그릴드 비프 샐러드
2023-07-14,0,7,Summer,0,0,0,라그로타,그릴드 비프 샐러드
2023-07-15,0,7,Summer,1,0,1,라그로타,그릴드 비프 샐러드
2023-07-16,0,7,Summer,1,0,1,라그로타,그릴드 비프 샐러드
2023-07-17,0,7,Summer,0,0,0,라그로타,그릴드 비프 샐러드
2023-07-18,0,7,Summer,0,0,0,라그로타,그릴드 비프 샐러드
2023-07-19,0,7,Summer,0,0,0,라그로타,그릴드 비프 샐러드
2023-07-20,0,7,Summer,0,0,0,라그로타,그릴드 비프 샐러드
2023-07-21,0,7,Summer,0,0,0,라그로타,그릴드 비프 샐러드
2023-07-22,0,7,Summer,1,0,1,라그로타,그릴드 비프 샐러드
2023-07-23,0,7,Summer,1,0,1,라그로타,그릴드 비프 샐러드
2023-07-24,0,7,Summer,0,0,0,라그로타,그릴드 비프 샐러드
2023-07-25,0,7,Summer,0,0,0,라그로타,그릴드 비프 샐러드
2023-07-26,0,7,Summer,0,0,0,라그로타,그릴드 비프 샐러드
2023-07-27,0,7,Summer,0,0,0,라그로타,그릴드 비프 샐러드
2023-07-28,0,7,Summer,0,0,0,라그로타,그릴드 비프 샐러드
2023-07-29,0,7,Summer,1,0,1,라그로타,그릴드 비프 샐러드
2023-07-30,0,7,Summer,1,0,1,라그로타,그릴드 비프 샐러드
2023-07-31,0,7,Summer,0,0,0,라그로타,그릴드 비프 샐러드
2023-08-01,0,8,Summer,0,0,0,라그로타,그릴드 비프 샐러드
2023-08-02,0,8,Summer,0,0,0,라그로타,그릴드 비프 샐러드
2023-08-03,0,8,Summer,0,0,0,라그로타,그릴드 비프 샐러드
2023-08-04,0,8,Summer,0,0,0,라그로타,그릴드 비프 샐러드
2023-08-05,0,8,Summer,1,0,1,라그로타,그릴드 비프 샐러드
2023-08-06,0,8,Summer,1,0,1,라그로타,그릴드 비프 샐러드
2023-08-07,0,8,Summer,0,0,0,라그로타,그릴드 비프 샐러드
2023-08-08,0,8,Summer,0,0,0,라그로타,그릴드 비프 샐러드
2023-08-09,0,8,Summer,0,0,0,라그로타,그릴드 비프 샐러드
2023-08-10,0,8,Summer,0,0,0,라그로타,그릴드 비프 샐러드
2023-08-11,0,8,Summer,0,0,0,라그로타,그릴드 비프 샐러드
2023-08-12,0,8,Summer,1,0,1,라그로타,그릴드 비프 샐러드
2023-08-13,0,8,Summer,1,0,1,라그로타,그릴드 비프 샐러드
2023-08-14,0,8,Summer,0,0,0,라그로타,그릴드 비프 샐러드
2023-08-15,0,8,Summer,0,1,1,라그로타,그릴드 비프 샐러드
2023-08-16,0,8,Summer,0,0,0,라그로타,그릴드 비프 샐러드
2023-08-17,0,8,Summer,0,0,0,라그로타,그릴드 비프 샐러드
2023-08-18,0,8,Summer,0,0,0,라그로타,그릴드 비프 샐러드
2023-08-19,0,8,Summer,1,0,1,라그로타,그릴드 비프 샐러드
2023-08-20,0,8,Summer,1,0,1,라그로타,그릴드 비프 샐러드
2023-08-21,0,8,Summer,0,0,0,라그로타,그릴드 비프 샐러드
2023-08-22,0,8,Summer,0,0,0,라그로타,그릴드 비프 샐러드
2023-08-23,0,8,Summer,0,0,0,라그로타,그릴드 비프 샐러드
2023-08-24,0,8,Summer,0,0,0,라그로타,그릴드 비프 샐러드
2023-08-25,0,8,Summer,0,0,0,라그로타,그릴드 비프 샐러드
2023-08-26,0,8,Summer,1,0,1,라그로타,그릴드 비프 샐러드
2023-08-27,0,8,Summer,1,0,1,라그로타,그릴드 비프 샐러드
2023-08-28,0,8,Summer,0,0,0,라그로타,그릴드 비프 샐러드
2023-08-29,0,8,Summer,0,0,0,라그로타,그릴드 비프 샐러드
2023-08-30,0,8,Summer,0,0,0,라그로타,그릴드 비프 샐러드
2023-08-31,0,8,Summer,0,0,0,라그로타,그릴드 비프 샐러드
2023-09-01,0,9,Autumn,0,0,0,라그로타,그릴드 비프 샐러드
2023-09-02,0,9,Autumn,1,0,1,라그로타,그릴드 비프 샐러드
2023-09-03,0,9,Autumn,1,0,1,라그로타,그릴드 비프 샐러드
2023-09-04,0,9,Autumn,0,0,0,라그로타,그릴드 비프 샐러드
2023-09-05,0,9,Autumn,0,0,0,라그로타,그릴드 비프 샐러드
2023-09-06,0,9,Autumn,0,0,0,라그로타,그릴드 비프 샐러드
2023-09-07,0,9,Autumn,0,0,0,라그로타,그릴드 비프 샐러드
2023-09-08,2,9,Autumn,0,0,0,라그로타,그릴드 비프 샐러드
2023-09-09,3,9,Autumn,1,0,1,라그로타,그릴드 비프 샐러드
2023-09-10,3,9,Autumn,1,0,1,라그로타,그릴드 비프 샐러드
2023-09-11,0,9,Autumn,0,0,0,라그로타,그릴드 비프 샐러드
2023-09-12,1,9,Autumn,0,0,0,라그로타,그릴드 비프 샐러드
2023-09-13,0,9,Autumn,0,0,0,라그로타,그릴드 비프 샐러드
2023-09-14,4,9,Autumn,0,0,0,라그로타,그릴드 비프 샐러드
2023-09-15,1,9,Autumn,0,0,0,라그로타,그릴드 비프 샐러드
2023-09-16,6,9,Autumn,1,0,1,라그로타,그릴드 비프 샐러드
2023-09-17,8,9,Autumn,1,0,1,라그로타,그릴드 비프 샐러드
2023-09-18,0,9,Autumn,0,0,0,라그로타,그릴드 비프 샐러드
2023-09-19,1,9,Autumn,0,0,0,라그로타,그릴드 비프 샐러드
2023-09-20,1,9,Autumn,0,0,0,라그로타,그릴드 비프 샐러드
2023-09-21,1,9,Autumn,0,0,0,라그로타,그릴드 비프 샐러드
2023-09-22,6,9,Autumn,0,0,0,라그로타,그릴드 비프 샐러드
2023-09-23,3,9,Autumn,1,0,1,라그로타,그릴드 비프 샐러드
2023-09-24,5,9,Autumn,1,0,1,라그로타,그릴드 비프 샐러드
2023-09-25,0,9,Autumn,0,0,0,라그로타,그릴드 비프 샐러드
2023-09-26,3,9,Autumn,0,0,0,라그로타,그릴드 비프 샐러드
2023-09-27,2,9,Autumn,0,0,0,라그로타,그릴드 비프 샐러드
2023-09-28,2,9,Autumn,0,1,1,라그로타,그릴드 비프 샐러드
2023-09-29,3,9,Autumn,0,1,1,라그로타,그릴드 비프 샐러드
2023-09-30,5,9,Autumn,1,1,1,라그로타,그릴드 비프 샐러드
2023-10-01,7,10,Autumn,1,0,1,라그로타,그릴드 비프 샐러드
2023-10-02,7,10,Autumn,0,1,1,라그로타,그릴드 비프 샐러드
2023-10-03,4,10,Autumn,0,1,1,라그로타,그릴드 비프 샐러드
2023-10-04,1,10,Autumn,0,0,0,라그로타,그릴드 비프 샐러드
2023-10-05,0,10,Autumn,0,0,0,라그로타,그릴드 비프 샐러드
2023-10-06,2,10,Autumn,0,0,0,라그로타,그릴드 비프 샐러드
2023-10-07,1,10,Autumn,1,0,1,라그로타,그릴드 비프 샐러드
2023-10-08,3,10,Autumn,1,0,1,라그로타,그릴드 비프 샐러드
2023-10-09,4,10,Autumn,0,1,1,라그로타,그릴드 비프 샐러드
2023-10-10,2,10,Autumn,0,0,0,라그로타,그릴드 비프 샐러드
2023-10-11,2,10,Autumn,0,0,0,라그로타,그릴드 비프 샐러드
2023-10-12,4,10,Autumn,0,0,0,라그로타,그릴드 비프 샐러드
2023-10-13,8,10,Autumn,0,0,0,라그로타,그릴드 비프 샐러드
2023-10-14,3,10,Autumn,1,0,1,라그로타,그릴드 비프 샐러드
2023-10-15,5,10,Autumn,1,0,1,라그로타,그릴드 비프 샐러드
2023-10-16,0,10,Autumn,0,0,0,라그로타,그릴드 비프 샐러드
2023-10-17,5,10,Autumn,0,0,0,라그로타,그릴드 비프 샐러드
2023-10-18,6,10,Autumn,0,0,0,라그로타,그릴드 비프 샐러드
2023-10-19,4,10,Autumn,0,0,0,라그로타,그릴드 비프 샐러드
2023-10-20,6,10,Autumn,0,0,0,라그로타,그릴드 비프 샐러드
2023-10-21,8,10,Autumn,1,0,1,라그로타,그릴드 비프 샐러드
2023-10-22,8,10,Autumn,1,0,1,라그로타,그릴드 비프 샐러드
2023-10-23,0,10,Autumn,0,0,0,라그로타,그릴드 비프 샐러드
2023-10-24,2,10,Autumn,0,0,0,라그로타,그릴드 비프 샐러드
2023-10-25,5,10,Autumn,0,0,0,라그로타,그릴드 비프 샐러드
2023-10-26,0,10,Autumn,0,0,0,라그로타,그릴드 비프 샐러드
2023-10-27,4,10,Autumn,0,0,0,라그로타,그릴드 비프 샐러드
2023-10-28,5,10,Autumn,1,0,1,라그로타,그릴드 비프 샐러드
2023-10-29,6,10,Autumn,1,0,1,라그로타,그릴드 비프 샐러드
2023-10-30,0,10,Autumn,0,0,0,라그로타,그릴드 비프 샐러드
2023-10-31,6,10,Autumn,0,0,0,라그로타,그릴드 비프 샐러드
2023-11-01,4,11,Autumn,0,0,0,라그로타,그릴드 비프 샐러드
2023-11-02,4,11,Autumn,0,0,0,라그로타,그릴드 비프 샐러드
2023-11-03,0,11,Autumn,0,0,0,라그로타,그릴드 비프 샐러드
2023-11-04,10,11,Autumn,1,0,1,라그로타,그릴드 비프 샐러드
2023-11-05,1,11,Autumn,1,0,1,라그로타,그릴드 비프 샐러드
2023-11-06,0,11,Autumn,0,0,0,라그로타,그릴드 비프 샐러드
2023-11-07,4,11,Autumn,0,0,0,라그로타,그릴드 비프 샐러드
2023-11-08,4,11,Autumn,0,0,0,라그로타,그릴드 비프 샐러드
2023-11-09,3,11,Autumn,0,0,0,라그로타,그릴드 비프 샐러드
2023-11-10,2,11,Autumn,0,0,0,라그로타,그릴드 비프 샐러드
2023-11-11,4,11,Autumn,1,0,1,라그로타,그릴드 비프 샐러드
2023-11-12,3,11,Autumn,1,0,1,라그로타,그릴드 비프 샐러드
2023-11-13,0,11,Autumn,0,0,0,라그로타,그릴드 비프 샐러드
2023-11-14,4,11,Autumn,0,0,0,라그로타,그릴드 비프 샐러드
2023-11-15,3,11,Autumn,0,0,0,라그로타,그릴드 비프 샐러드
2023-11-16,2,11,Autumn,0,0,0,라그로타,그릴드 비프 샐러드
2023-11-17,1,11,Autumn,0,0,0,라그로타,그릴드 비프 샐러드
2023-11-18,7,11,Autumn,1,0,1,라그로타,그릴드 비프 샐러드
2023-11-19,1,11,Autumn,1,0,1,라그로타,그릴드 비프 샐러드
2023-11-20,0,11,Autumn,0,0,0,라그로타,그릴드 비프 샐러드
2023-11-21,9,11,Autumn,0,0,0,라그로타,그릴드 비프 샐러드
2023-11-22,5,11,Autumn,0,0,0,라그로타,그릴드 비프 샐러드
2023-11-23,2,11,Autumn,0,0,0,라그로타,그릴드 비프 샐러드
2023-11-24,3,11,Autumn,0,0,0,라그로타,그릴드 비프 샐러드
2023-11-25,3,11,Autumn,1,0,1,라그로타,그릴드 비프 샐러드
2023-11-26,1,11,Autumn,1,0,1,라그로타,그릴드 비프 샐러드
2023-11-27,0,11,Autumn,0,0,0,라그로타,그릴드 비프 샐러드
2023-11-28,0,11,Autumn,0,0,0,라그로타,그릴드 비프 샐러드
2023-11-29,4,11,Autumn,0,0,0,라그로타,그릴드 비프 샐러드
2023-11-30,6,11,Autumn,0,0,0,라그로타,그릴드 비프 샐러드
2023-12-01,5,12,Winter,0,0,0,라그로타,그릴드 비프 샐러드
2023-12-02,2,12,Winter,1,0,1,라그로타,그릴드 비프 샐러드
2023-12-03,1,12,Winter,1,0,1,라그로타,그릴드 비프 샐러드
2023-12-04,0,12,Winter,0,0,0,라그로타,그릴드 비프 샐러드
2023-12-05,0,12,Winter,0,0,0,라그로타,그릴드 비프 샐러드
2023-12-06,0,12,Winter,0,0,0,라그로타,그릴드 비프 샐러드
2023-12-07,2,12,Winter,0,0,0,라그로타,그릴드 비프 샐러드
2023-12-08,1,12,Winter,0,0,0,라그로타,그릴드 비프 샐러드
2023-12-09,3,12,Winter,1,0,1,라그로타,그릴드 비프 샐러드
2023-12-10,1,12,Winter,1,0,1,라그로타,그릴드 비프 샐러드
2023-12-11,0,12,Winter,0,0,0,라그로타,그릴드 비프 샐러드
2023-12-12,1,12,Winter,0,0,0,라그로타,그릴드 비프 샐러드
2023-12-13,3,12,Winter,0,0,0,라그로타,그릴드 비프 샐러드
2023-12-14,4,12,Winter,0,0,0,라그로타,그릴드 비프 샐러드
2023-12-15,2,12,Winter,0,0,0,라그로타,그릴드 비프 샐러드
2023-12-16,2,12,Winter,1,0,1,라그로타,그릴드 비프 샐러드
2023-12-17,3,12,Winter,1,0,1,라그로타,그릴드 비프 샐러드
2023-12-18,1,12,Winter,0,0,0,라그로타,그릴드 비프 샐러드
2023-12-19,0,12,Winter,0,0,0,라그로타,그릴드 비프 샐러드
2023-12-20,1,12,Winter,0,0,0,라그로타,그릴드 비프 샐러드
2023-12-21,0,12,Winter,0,0,0,라그로타,그릴드 비프 샐러드
2023-12-22,0,12,Winter,0,0,0,라그로타,그릴드 비프 샐러드
2023-12-23,0,12,Winter,1,0,1,라그로타,그릴드 비프 샐러드
2023-12-24,5,12,Winter,1,0,1,라그로타,그릴드 비프 샐러드
2023-12-25,4,12,Winter,0,1,1,라그로타,그릴드 비프 샐러드
2023-12-26,1,12,Winter,0,0,0,라그로타,그릴드 비프 샐러드
2023-12-27,1,12,Winter,0,0,0,라그로타,그릴드 비프 샐러드
2023-12-28,3,12,Winter,0,0,0,라그로타,그릴드 비프 샐러드
2023-12-29,3,12,Winter,0,0,0,라그로타,그릴드 비프 샐러드
2023-12-30,2,12,Winter,1,0,1,라그로타,그릴드 비프 샐러드
2023-12-31,1,12,Winter,1,0,1,라그로타,그릴드 비프 샐러드
2024-01-01,3,1,Winter,0,1,1,라그로타,그릴드 비프 샐러드
2024-01-02,5,1,Winter,0,0,0,라그로타,그릴드 비프 샐러드
2024-01-03,0,1,Winter,0,0,0,라그로타,그릴드 비프 샐러드
2024-01-04,1,1,Winter,0,0,0,라그로타,그릴드 비프 샐러드
2024-01-05,0,1,Winter,0,0,0,라그로타,그릴드 비프 샐러드
2024-01-06,1,1,Winter,1,0,1,라그로타,그릴드 비프 샐러드
2024-01-07,1,1,Winter,1,0,1,라그로타,그릴드 비프 샐러드
2024-01-08,2,1,Winter,0,0,0,라그로타,그릴드 비프 샐러드
2024-01-09,0,1,Winter,0,0,0,라그로타,그릴드 비프 샐러드
2024-01-10,2,1,Winter,0,0,0,라그로타,그릴드 비프 샐러드
2024-01-11,3,1,Winter,0,0,0,라그로타,그릴드 비프 샐러드
2024-01-12,4,1,Winter,0,0,0,라그로타,그릴드 비프 샐러드
2024-01-13,1,1,Winter,1,0,1,라그로타,그릴드 비프 샐러드
2024-01-14,4,1,Winter,1,0,1,라그로타,그릴드 비프 샐러드
2024-01-15,0,1,Winter,0,0,0,라그로타,그릴드 비프 샐러드
2024-01-16,0,1,Winter,0,0,0,라그로타,그릴드 비프 샐러드
2024-01-17,1,1,Winter,0,0,0,라그로타,그릴드 비프 샐러드
2024-01-18,2,1,Winter,0,0,0,라그로타,그릴드 비프 샐러드
2024-01-19,1,1,Winter,0,0,0,라그로타,그릴드 비프 샐러드
2024-01-20,2,1,Winter,1,0,1,라그로타,그릴드 비프 샐러드
2024-01-21,2,1,Winter,1,0,1,라그로타,그릴드 비프 샐러드
2024-01-22,1,1,Winter,0,0,0,라그로타,그릴드 비프 샐러드
2024-01-23,2,1,Winter,0,0,0,라그로타,그릴드 비프 샐러드
2024-01-24,1,1,Winter,0,0,0,라그로타,그릴드 비프 샐러드
2024-01-25,1,1,Winter,0,0,0,라그로타,그릴드 비프 샐러드
2024-01-26,2,1,Winter,0,0,0,라그로타,그릴드 비프 샐러드
2024-01-27,1,1,Winter,1,0,1,라그로타,그릴드 비프 샐러드
2024-01-28,3,1,Winter,1,0,1,라그로타,그릴드 비프 샐러드
2024-01-29,1,1,Winter,0,0,0,라그로타,그릴드 비프 샐러드
2024-01-30,2,1,Winter,0,0,0,라그로타,그릴드 비프 샐러드
2024-01-31,1,1,Winter,0,0,0,라그로타,그릴드 비프 샐러드
2024-02-01,1,2,Winter,0,0,0,라그로타,그릴드 비프 샐러드
2024-02-02,1,2,Winter,0,0,0,라그로타,그릴드 비프 샐러드
2024-02-03,2,2,Winter,1,0,1,라그로타,그릴드 비프 샐러드
2024-02-04,0,2,Winter,1,0,1,라그로타,그릴드 비프 샐러드
2024-02-05,0,2,Winter,0,0,0,라그로타,그릴드 비프 샐러드
2024-02-06,3,2,Winter,0,0,0,라그로타,그릴드 비프 샐러드
2024-02-07,3,2,Winter,0,0,0,라그로타,그릴드 비프 샐러드
2024-02-08,1,2,Winter,0,0,0,라그로타,그릴드 비프 샐러드
2024-02-09,6,2,Winter,0,1,1,라그로타,그릴드 비프 샐러드
2024-02-10,0,2,Winter,1,1,1,라그로타,그릴드 비프 샐러드
2024-02-11,2,2,Winter,1,1,1,라그로타,그릴드 비프 샐러드
2024-02-12,4,2,Winter,0,1,1,라그로타,그릴드 비프 샐러드
2024-02-13,2,2,Winter,0,0,0,라그로타,그릴드 비프 샐러드
2024-02-14,1,2,Winter,0,0,0,라그로타,그릴드 비프 샐러드
2024-02-15,2,2,Winter,0,0,0,라그로타,그릴드 비프 샐러드
2024-02-16,5,2,Winter,0,0,0,라그로타,그릴드 비프 샐러드
2024-02-17,4,2,Winter,1,0,1,라그로타,그릴드 비프 샐러드
2024-02-18,1,2,Winter,1,0,1,라그로타,그릴드 비프 샐러드
2024-02-19,0,2,Winter,0,0,0,라그로타,그릴드 비프 샐러드
2024-02-20,0,2,Winter,0,0,0,라그로타,그릴드 비프 샐러드
2024-02-21,0,2,Winter,0,0,0,라그로타,그릴드 비프 샐러드
2024-02-22,1,2,Winter,0,0,0,라그로타,그릴드 비프 샐러드
2024-02-23,0,2,Winter,0,0,0,라그로타,그릴드 비프 샐러드
2024-02-24,3,2,Winter,1,0,1,라그로타,그릴드 비프 샐러드
2024-02-25,0,2,Winter,1,0,1,라그로타,그릴드 비프 샐러드
2024-02-26,0,2,Winter,0,0,0,라그로타,그릴드 비프 샐러드
2024-02-27,0,2,Winter,0,0,0,라그로타,그릴드 비프 샐러드
2024-02-28,0,2,Winter,0,0,0,라그로타,그릴드 비프 샐러드
2024-02-29,1,2,Winter,0,0,0,라그로타,그릴드 비프 샐러드
2024-03-01,0,3,Spring,0,1,1,라그로타,그릴드 비프 샐러드
2024-03-02,2,3,Spring,1,0,1,라그로타,그릴드 비프 샐러드
2024-03-03,0,3,Spring,1,0,1,라그로타,그릴드 비프 샐러드
2024-03-04,0,3,Spring,0,0,0,라그로타,그릴드 비프 샐러드
2024-03-05,0,3,Spring,0,0,0,라그로타,그릴드 비프 샐러드
2024-03-06,0,3,Spring,0,0,0,라그로타,그릴드 비프 샐러드
2024-03-07,0,3,Spring,0,0,0,라그로타,그릴드 비프 샐러드
2024-03-08,0,3,Spring,0,0,0,라그로타,그릴드 비프 샐러드
2024-03-09,0,3,Spring,1,0,1,라그로타,그릴드 비프 샐러드
2024-03-10,0,3,Spring,1,0,1,라그로타,그릴드 비프 샐러드
2024-03-11,0,3,Spring,0,0,0,라그로타,그릴드 비프 샐러드
2024-03-12,0,3,Spring,0,0,0,라그로타,그릴드 비프 샐러드
2024-03-13,0,3,Spring,0,0,0,라그로타,그릴드 비프 샐러드
2024-03-14,0,3,Spring,0,0,0,라그로타,그릴드 비프 샐러드
2024-03-15,3,3,Spring,0,0,0,라그로타,그릴드 비프 샐러드
2024-03-16,4,3,Spring,1,0,1,라그로타,그릴드 비프 샐러드
2024-03-17,0,3,Spring,1,0,1,라그로타,그릴드 비프 샐러드
2024-03-18,0,3,Spring,0,0,0,라그로타,그릴드 비프 샐러드
2024-03-19,0,3,Spring,0,0,0,라그로타,그릴드 비프 샐러드
2024-03-20,0,3,Spring,0,0,0,라그로타,그릴드 비프 샐러드
2024-03-21,0,3,Spring,0,0,0,라그로타,그릴드 비프 샐러드
2024-03-22,1,3,Spring,0,0,0,라그로타,그릴드 비프 샐러드
2024-03-23,3,3,Spring,1,0,1,라그로타,그릴드 비프 샐러드
2024-03-24,0,3,Spring,1,0,1,라그로타,그릴드 비프 샐러드
2024-03-25,0,3,Spring,0,0,0,라그로타,그릴드 비프 샐러드
2024-03-26,3,3,Spring,0,0,0,라그로타,그릴드 비프 샐러드
2024-03-27,1,3,Spring,0,0,0,라그로타,그릴드 비프 샐러드
2024-03-28,0,3,Spring,0,0,0,라그로타,그릴드 비프 샐러드
2024-03-29,3,3,Spring,0,0,0,라그로타,그릴드 비프 샐러드
2024-03-30,2,3,Spring,1,0,1,라그로타,그릴드 비프 샐러드
2024-03-31,1,3,Spring,1,0,1,라그로타,그릴드 비프 샐러드
2024-04-01,0,4,Spring,0,0,0,라그로타,그릴드 비프 샐러드
2024-04-02,3,4,Spring,0,0,0,라그로타,그릴드 비프 샐러드
2024-04-03,1,4,Spring,0,0,0,라그로타,그릴드 비프 샐러드
2024-04-04,1,4,Spring,0,0,0,라그로타,그릴드 비프 샐러드
2024-04-05,2,4,Spring,0,0,0,라그로타,그릴드 비프 샐러드
2024-04-06,0,4,Spring,1,0,1,라그로타,그릴드 비프 샐러드
2024-04-07,1,4,Spring,1,0,1,라그로타,그릴드 비프 샐러드
2024-04-08,0,4,Spring,0,0,0,라그로타,그릴드 비프 샐러드
2024-04-09,0,4,Spring,0,0,0,라그로타,그릴드 비프 샐러드
2024-04-10,0,4,Spring,0,1,1,라그로타,그릴드 비프 샐러드
2024-04-11,4,4,Spring,0,0,0,라그로타,그릴드 비프 샐러드
2024-04-12,2,4,Spring,0,0,0,라그로타,그릴드 비프 샐러드
2024-04-13,3,4,Spring,1,0,1,라그로타,그릴드 비프 샐러드
2024-04-14,1,4,Spring,1,0,1,라그로타,그릴드 비프 샐러드
2024-04-15,0,4,Spring,0,0,0,라그로타,그릴드 비프 샐러드
2024-04-16,0,4,Spring,0,0,0,라그로타,그릴드 비프 샐러드
2024-04-17,1,4,Spring,0,0,0,라그로타,그릴드 비프 샐러드
2024-04-18,1,4,Spring,0,0,0,라그로타,그릴드 비프 샐러드
2024-04-19,3,4,Spring,0,0,0,라그로타,그릴드 비프 샐러드
2024-04-20,3,4,Spring,1,0,1,라그로타,그릴드 비프 샐러드
2024-04-21,1,4,Spring,1,0,1,라그로타,그릴드 비프 샐러드
2024-04-22,0,4,Spring,0,0,0,라그로타,그릴드 비프 샐러드
2024-04-23,1,4,Spring,0,0,0,라그로타,그릴드 비프 샐러드
2024-04-24,5,4,Spring,0,0,0,라그로타,그릴드 비프 샐러드
2024-04-25,1,4,Spring,0,0,0,라그로타,그릴드 비프 샐러드
2024-04-26,3,4,Spring,0,0,0,라그로타,그릴드 비프 샐러드
2024-04-27,0,4,Spring,1,0,1,라그로타,그릴드 비프 샐러드
2024-04-28,2,4,Spring,1,0,1,라그로타,그릴드 비프 샐러드
2024-04-29,0,4,Spring,0,0,0,라그로타,그릴드 비프 샐러드
2024-04-30,3,4,Spring,0,0,0,라그로타,그릴드 비프 샐러드
2024-05-01,5,5,Spring,0,0,0,라그로타,그릴드 비프 샐러드
2024-05-02,1,5,Spring,0,0,0,라그로타,그릴드 비프 샐러드
2024-05-03,0,5,Spring,0,0,0,라그로타,그릴드 비프 샐러드
2024-05-04,4,5,Spring,1,0,1,라그로타,그릴드 비프 샐러드
2024-05-05,5,5,Spring,1,1,1,라그로타,그릴드 비프 샐러드
2024-05-06,2,5,Spring,0,1,1,라그로타,그릴드 비프 샐러드
2024-05-07,2,5,Spring,0,0,0,라그로타,그릴드 비프 샐러드
2024-05-08,2,5,Spring,0,0,0,라그로타,그릴드 비프 샐러드
2024-05-09,2,5,Spring,0,0,0,라그로타,그릴드 비프 샐러드
2024-05-10,1,5,Spring,0,0,0,라그로타,그릴드 비프 샐러드
2024-05-11,1,5,Spring,1,0,1,라그로타,그릴드 비프 샐러드
2024-05-12,1,5,Spring,1,0,1,라그로타,그릴드 비프 샐러드
2024-05-13,0,5,Spring,0,0,0,라그로타,그릴드 비프 샐러드
2024-05-14,3,5,Spring,0,0,0,라그로타,그릴드 비프 샐러드
2024-05-15,1,5,Spring,0,1,1,라그로타,그릴드 비프 샐러드
2024-05-16,1,5,Spring,0,0,0,라그로타,그릴드 비프 샐러드
2024-05-17,0,5,Spring,0,0,0,라그로타,그릴드 비프 샐러드
2024-05-18,1,5,Spring,1,0,1,라그로타,그릴드 비프 샐러드
2024-05-19,4,5,Spring,1,0,1,라그로타,그릴드 비프 샐러드
2024-05-20,0,5,Spring,0,0,0,라그로타,그릴드 비프 샐러드
2024-05-21,1,5,Spring,0,0,0,라그로타,그릴드 비프 샐러드
2024-05-22,2,5,Spring,0,0,0,라그로타,그릴드 비프 샐러드
2024-05-23,1,5,Spring,0,0,0,라그로타,그릴드 비프 샐러드
2024-05-24,1,5,Spring,0,0,0,라그로타,그릴드 비프 샐러드
2024-05-25,1,5,Spring,1,0,1,라그로타,그릴드 비프 샐러드
2024-05-26,0,5,Spring,1,0,1,라그로타,그릴드 비프 샐러드
2024-05-27,0,5,Spring,0,0,0,라그로타,그릴드 비프 샐러드
2024-05-28,1,5,Spring,0,0,0,라그로타,그릴드 비프 샐러드
2024-05-29,2,5,Spring,0,0,0,라그로타,그릴드 비프 샐러드
2024-05-30,7,5,Spring,0,0,0,라그로타,그릴드 비프 샐러드
2024-05-31,1,5,Spring,0,0,0,라그로타,그릴드 비프 샐러드
2024-06-01,1,6,Summer,1,0,1,라그로타,그릴드 비프 샐러드
2024-06-02,1,6,Summer,1,0,1,라그로타,그릴드 비프 샐러드
2024-06-03,0,6,Summer,0,0,0,라그로타,그릴드 비프 샐러드
2024-06-04,1,6,Summer,0,0,0,라그로타,그릴드 비프 샐러드
2024-06-05,0,6,Summer,0,0,0,라그로타,그릴드 비프 샐러드
2024-06-06,6,6,Summer,0,1,1,라그로타,그릴드 비프 샐러드
2024-06-07,3,6,Summer,0,0,0,라그로타,그릴드 비프 샐러드
2024-06-08,2,6,Summer,1,0,1,라그로타,그릴드 비프 샐러드
2024-06-09,2,6,Summer,1,0,1,라그로타,그릴드 비프 샐러드
2024-06-10,0,6,Summer,0,0,0,라그로타,그릴드 비프 샐러드
2024-06-11,0,6,Summer,0,0,0,라그로타,그릴드 비프 샐러드
2024-06-12,7,6,Summer,0,0,0,라그로타,그릴드 비프 샐러드
2024-06-13,0,6,Summer,0,0,0,라그로타,그릴드 비프 샐러드
2024-06-14,2,6,Summer,0,0,0,라그로타,그릴드 비프 샐러드
2024-06-15,0,6,Summer,1,0,1,라그로타,그릴드 비프 샐러드
2023-01-01,0,1,Winter,1,1,1,라그로타,까르보나라
2023-01-02,0,1,Winter,0,0,0,라그로타,까르보나라
2023-01-03,0,1,Winter,0,0,0,라그로타,까르보나라
2023-01-04,0,1,Winter,0,0,0,라그로타,까르보나라
2023-01-05,0,1,Winter,0,0,0,라그로타,까르보나라
2023-01-06,0,1,Winter,0,0,0,라그로타,까르보나라
2023-01-07,0,1,Winter,1,0,1,라그로타,까르보나라
2023-01-08,0,1,Winter,1,0,1,라그로타,까르보나라
2023-01-09,0,1,Winter,0,0,0,라그로타,까르보나라
2023-01-10,0,1,Winter,0,0,0,라그로타,까르보나라
2023-01-11,0,1,Winter,0,0,0,라그로타,까르보나라
2023-01-12,0,1,Winter,0,0,0,라그로타,까르보나라
2023-01-13,0,1,Winter,0,0,0,라그로타,까르보나라
2023-01-14,0,1,Winter,1,0,1,라그로타,까르보나라
2023-01-15,0,1,Winter,1,0,1,라그로타,까르보나라
2023-01-16,0,1,Winter,0,0,0,라그로타,까르보나라
2023-01-17,0,1,Winter,0,0,0,라그로타,까르보나라
2023-01-18,0,1,Winter,0,0,0,라그로타,까르보나라
2023-01-19,0,1,Winter,0,0,0,라그로타,까르보나라
2023-01-20,0,1,Winter,0,0,0,라그로타,까르보나라
2023-01-21,0,1,Winter,1,1,1,라그로타,까르보나라
2023-01-22,0,1,Winter,1,1,1,라그로타,까르보나라
2023-01-23,0,1,Winter,0,1,1,라그로타,까르보나라
2023-01-24,0,1,Winter,0,1,1,라그로타,까르보나라
2023-01-25,0,1,Winter,0,0,0,라그로타,까르보나라
2023-01-26,0,1,Winter,0,0,0,라그로타,까르보나라
2023-01-27,0,1,Winter,0,0,0,라그로타,까르보나라
2023-01-28,0,1,Winter,1,0,1,라그로타,까르보나라
2023-01-29,0,1,Winter,1,0,1,라그로타,까르보나라
2023-01-30,0,1,Winter,0,0,0,라그로타,까르보나라
2023-01-31,0,1,Winter,0,0,0,라그로타,까르보나라
2023-02-01,0,2,Winter,0,0,0,라그로타,까르보나라
2023-02-02,0,2,Winter,0,0,0,라그로타,까르보나라
2023-02-03,0,2,Winter,0,0,0,라그로타,까르보나라
2023-02-04,0,2,Winter,1,0,1,라그로타,까르보나라
2023-02-05,0,2,Winter,1,0,1,라그로타,까르보나라
2023-02-06,0,2,Winter,0,0,0,라그로타,까르보나라
2023-02-07,0,2,Winter,0,0,0,라그로타,까르보나라
2023-02-08,0,2,Winter,0,0,0,라그로타,까르보나라
2023-02-09,0,2,Winter,0,0,0,라그로타,까르보나라
2023-02-10,0,2,Winter,0,0,0,라그로타,까르보나라
2023-02-11,0,2,Winter,1,0,1,라그로타,까르보나라
2023-02-12,0,2,Winter,1,0,1,라그로타,까르보나라
2023-02-13,0,2,Winter,0,0,0,라그로타,까르보나라
2023-02-14,0,2,Winter,0,0,0,라그로타,까르보나라
2023-02-15,0,2,Winter,0,0,0,라그로타,까르보나라
2023-02-16,0,2,Winter,0,0,0,라그로타,까르보나라
2023-02-17,0,2,Winter,0,0,0,라그로타,까르보나라
2023-02-18,0,2,Winter,1,0,1,라그로타,까르보나라
2023-02-19,0,2,Winter,1,0,1,라그로타,까르보나라
2023-02-20,0,2,Winter,0,0,0,라그로타,까르보나라
2023-02-21,0,2,Winter,0,0,0,라그로타,까르보나라
2023-02-22,0,2,Winter,0,0,0,라그로타,까르보나라
2023-02-23,0,2,Winter,0,0,0,라그로타,까르보나라
2023-02-24,0,2,Winter,0,0,0,라그로타,까르보나라
2023-02-25,0,2,Winter,1,0,1,라그로타,까르보나라
2023-02-26,0,2,Winter,1,0,1,라그로타,까르보나라
2023-02-27,0,2,Winter,0,0,0,라그로타,까르보나라
2023-02-28,0,2,Winter,0,0,0,라그로타,까르보나라
2023-03-01,0,3,Spring,0,1,1,라그로타,까르보나라
2023-03-02,0,3,Spring,0,0,0,라그로타,까르보나라
2023-03-03,0,3,Spring,0,0,0,라그로타,까르보나라
2023-03-04,0,3,Spring,1,0,1,라그로타,까르보나라
2023-03-05,0,3,Spring,1,0,1,라그로타,까르보나라
2023-03-06,0,3,Spring,0,0,0,라그로타,까르보나라
2023-03-07,0,3,Spring,0,0,0,라그로타,까르보나라
2023-03-08,0,3,Spring,0,0,0,라그로타,까르보나라
2023-03-09,0,3,Spring,0,0,0,라그로타,까르보나라
2023-03-10,0,3,Spring,0,0,0,라그로타,까르보나라
2023-03-11,0,3,Spring,1,0,1,라그로타,까르보나라
2023-03-12,0,3,Spring,1,0,1,라그로타,까르보나라
2023-03-13,0,3,Spring,0,0,0,라그로타,까르보나라
2023-03-14,0,3,Spring,0,0,0,라그로타,까르보나라
2023-03-15,0,3,Spring,0,0,0,라그로타,까르보나라
2023-03-16,0,3,Spring,0,0,0,라그로타,까르보나라
2023-03-17,0,3,Spring,0,0,0,라그로타,까르보나라
2023-03-18,0,3,Spring,1,0,1,라그로타,까르보나라
2023-03-19,0,3,Spring,1,0,1,라그로타,까르보나라
2023-03-20,0,3,Spring,0,0,0,라그로타,까르보나라
2023-03-21,0,3,Spring,0,0,0,라그로타,까르보나라
2023-03-22,0,3,Spring,0,0,0,라그로타,까르보나라
2023-03-23,0,3,Spring,0,0,0,라그로타,까르보나라
2023-03-24,0,3,Spring,0,0,0,라그로타,까르보나라
2023-03-25,0,3,Spring,1,0,1,라그로타,까르보나라
2023-03-26,0,3,Spring,1,0,1,라그로타,까르보나라
2023-03-27,0,3,Spring,0,0,0,라그로타,까르보나라
2023-03-28,0,3,Spring,0,0,0,라그로타,까르보나라
2023-03-29,0,3,Spring,0,0,0,라그로타,까르보나라
2023-03-30,0,3,Spring,0,0,0,라그로타,까르보나라
2023-03-31,0,3,Spring,0,0,0,라그로타,까르보나라
2023-04-01,0,4,Spring,1,0,1,라그로타,까르보나라
2023-04-02,0,4,Spring,1,0,1,라그로타,까르보나라
2023-04-03,0,4,Spring,0,0,0,라그로타,까르보나라
2023-04-04,0,4,Spring,0,0,0,라그로타,까르보나라
2023-04-05,0,4,Spring,0,0,0,라그로타,까르보나라
2023-04-06,0,4,Spring,0,0,0,라그로타,까르보나라
2023-04-07,0,4,Spring,0,0,0,라그로타,까르보나라
2023-04-08,0,4,Spring,1,0,1,라그로타,까르보나라
2023-04-09,0,4,Spring,1,0,1,라그로타,까르보나라
2023-04-10,0,4,Spring,0,0,0,라그로타,까르보나라
2023-04-11,0,4,Spring,0,0,0,라그로타,까르보나라
2023-04-12,0,4,Spring,0,0,0,라그로타,까르보나라
2023-04-13,0,4,Spring,0,0,0,라그로타,까르보나라
2023-04-14,0,4,Spring,0,0,0,라그로타,까르보나라
2023-04-15,0,4,Spring,1,0,1,라그로타,까르보나라
2023-04-16,0,4,Spring,1,0,1,라그로타,까르보나라
2023-04-17,0,4,Spring,0,0,0,라그로타,까르보나라
2023-04-18,0,4,Spring,0,0,0,라그로타,까르보나라
2023-04-19,0,4,Spring,0,0,0,라그로타,까르보나라
2023-04-20,0,4,Spring,0,0,0,라그로타,까르보나라
2023-04-21,0,4,Spring,0,0,0,라그로타,까르보나라
2023-04-22,0,4,Spring,1,0,1,라그로타,까르보나라
2023-04-23,0,4,Spring,1,0,1,라그로타,까르보나라
2023-04-24,0,4,Spring,0,0,0,라그로타,까르보나라
2023-04-25,0,4,Spring,0,0,0,라그로타,까르보나라
2023-04-26,0,4,Spring,0,0,0,라그로타,까르보나라
2023-04-27,0,4,Spring,0,0,0,라그로타,까르보나라
2023-04-28,0,4,Spring,0,0,0,라그로타,까르보나라
2023-04-29,0,4,Spring,1,0,1,라그로타,까르보나라
2023-04-30,0,4,Spring,1,0,1,라그로타,까르보나라
2023-05-01,0,5,Spring,0,0,0,라그로타,까르보나라
2023-05-02,0,5,Spring,0,0,0,라그로타,까르보나라
2023-05-03,0,5,Spring,0,0,0,라그로타,까르보나라
2023-05-04,0,5,Spring,0,0,0,라그로타,까르보나라
2023-05-05,0,5,Spring,0,1,1,라그로타,까르보나라
2023-05-06,0,5,Spring,1,0,1,라그로타,까르보나라
2023-05-07,0,5,Spring,1,0,1,라그로타,까르보나라
2023-05-08,0,5,Spring,0,0,0,라그로타,까르보나라
2023-05-09,0,5,Spring,0,0,0,라그로타,까르보나라
2023-05-10,0,5,Spring,0,0,0,라그로타,까르보나라
2023-05-11,0,5,Spring,0,0,0,라그로타,까르보나라
2023-05-12,0,5,Spring,0,0,0,라그로타,까르보나라
2023-05-13,0,5,Spring,1,0,1,라그로타,까르보나라
2023-05-14,0,5,Spring,1,0,1,라그로타,까르보나라
2023-05-15,0,5,Spring,0,0,0,라그로타,까르보나라
2023-05-16,0,5,Spring,0,0,0,라그로타,까르보나라
2023-05-17,0,5,Spring,0,0,0,라그로타,까르보나라
2023-05-18,0,5,Spring,0,0,0,라그로타,까르보나라
2023-05-19,0,5,Spring,0,0,0,라그로타,까르보나라
2023-05-20,0,5,Spring,1,0,1,라그로타,까르보나라
2023-05-21,0,5,Spring,1,0,1,라그로타,까르보나라
2023-05-22,0,5,Spring,0,0,0,라그로타,까르보나라
2023-05-23,0,5,Spring,0,0,0,라그로타,까르보나라
2023-05-24,0,5,Spring,0,0,0,라그로타,까르보나라
2023-05-25,0,5,Spring,0,0,0,라그로타,까르보나라
2023-05-26,0,5,Spring,0,0,0,라그로타,까르보나라
2023-05-27,0,5,Spring,1,1,1,라그로타,까르보나라
2023-05-28,0,5,Spring,1,0,1,라그로타,까르보나라
2023-05-29,0,5,Spring,0,1,1,라그로타,까르보나라
2023-05-30,0,5,Spring,0,0,0,라그로타,까르보나라
2023-05-31,0,5,Spring,0,0,0,라그로타,까르보나라
2023-06-01,0,6,Summer,0,0,0,라그로타,까르보나라
2023-06-02,0,6,Summer,0,0,0,라그로타,까르보나라
2023-06-03,0,6,Summer,1,0,1,라그로타,까르보나라
2023-06-04,0,6,Summer,1,0,1,라그로타,까르보나라
2023-06-05,0,6,Summer,0,0,0,라그로타,까르보나라
2023-06-06,0,6,Summer,0,1,1,라그로타,까르보나라
2023-06-07,0,6,Summer,0,0,0,라그로타,까르보나라
2023-06-08,0,6,Summer,0,0,0,라그로타,까르보나라
2023-06-09,0,6,Summer,0,0,0,라그로타,까르보나라
2023-06-10,0,6,Summer,1,0,1,라그로타,까르보나라
2023-06-11,0,6,Summer,1,0,1,라그로타,까르보나라
2023-06-12,0,6,Summer,0,0,0,라그로타,까르보나라
2023-06-13,0,6,Summer,0,0,0,라그로타,까르보나라
2023-06-14,0,6,Summer,0,0,0,라그로타,까르보나라
2023-06-15,0,6,Summer,0,0,0,라그로타,까르보나라
2023-06-16,0,6,Summer,0,0,0,라그로타,까르보나라
2023-06-17,0,6,Summer,1,0,1,라그로타,까르보나라
2023-06-18,0,6,Summer,1,0,1,라그로타,까르보나라
2023-06-19,0,6,Summer,0,0,0,라그로타,까르보나라
2023-06-20,0,6,Summer,0,0,0,라그로타,까르보나라
2023-06-21,0,6,Summer,0,0,0,라그로타,까르보나라
2023-06-22,0,6,Summer,0,0,0,라그로타,까르보나라
2023-06-23,0,6,Summer,0,0,0,라그로타,까르보나라
2023-06-24,0,6,Summer,1,0,1,라그로타,까르보나라
2023-06-25,0,6,Summer,1,0,1,라그로타,까르보나라
2023-06-26,0,6,Summer,0,0,0,라그로타,까르보나라
2023-06-27,0,6,Summer,0,0,0,라그로타,까르보나라
2023-06-28,0,6,Summer,0,0,0,라그로타,까르보나라
2023-06-29,0,6,Summer,0,0,0,라그로타,까르보나라
2023-06-30,0,6,Summer,0,0,0,라그로타,까르보나라
2023-07-01,0,7,Summer,1,0,1,라그로타,까르보나라
2023-07-02,0,7,Summer,1,0,1,라그로타,까르보나라
2023-07-03,0,7,Summer,0,0,0,라그로타,까르보나라
2023-07-04,0,7,Summer,0,0,0,라그로타,까르보나라
2023-07-05,0,7,Summer,0,0,0,라그로타,까르보나라
2023-07-06,0,7,Summer,0,0,0,라그로타,까르보나라
2023-07-07,0,7,Summer,0,0,0,라그로타,까르보나라
2023-07-08,0,7,Summer,1,0,1,라그로타,까르보나라
2023-07-09,0,7,Summer,1,0,1,라그로타,까르보나라
2023-07-10,0,7,Summer,0,0,0,라그로타,까르보나라
2023-07-11,0,7,Summer,0,0,0,라그로타,까르보나라
2023-07-12,0,7,Summer,0,0,0,라그로타,까르보나라
2023-07-13,0,7,Summer,0,0,0,라그로타,까르보나라
2023-07-14,0,7,Summer,0,0,0,라그로타,까르보나라
2023-07-15,0,7,Summer,1,0,1,라그로타,까르보나라
2023-07-16,0,7,Summer,1,0,1,라그로타,까르보나라
2023-07-17,0,7,Summer,0,0,0,라그로타,까르보나라
2023-07-18,0,7,Summer,0,0,0,라그로타,까르보나라
2023-07-19,0,7,Summer,0,0,0,라그로타,까르보나라
2023-07-20,0,7,Summer,0,0,0,라그로타,까르보나라
2023-07-21,0,7,Summer,0,0,0,라그로타,까르보나라
2023-07-22,0,7,Summer,1,0,1,라그로타,까르보나라
2023-07-23,0,7,Summer,1,0,1,라그로타,까르보나라
2023-07-24,0,7,Summer,0,0,0,라그로타,까르보나라
2023-07-25,0,7,Summer,0,0,0,라그로타,까르보나라
2023-07-26,0,7,Summer,0,0,0,라그로타,까르보나라
2023-07-27,0,7,Summer,0,0,0,라그로타,까르보나라
2023-07-28,0,7,Summer,0,0,0,라그로타,까르보나라
2023-07-29,0,7,Summer,1,0,1,라그로타,까르보나라
2023-07-30,0,7,Summer,1,0,1,라그로타,까르보나라
2023-07-31,0,7,Summer,0,0,0,라그로타,까르보나라
2023-08-01,0,8,Summer,0,0,0,라그로타,까르보나라
2023-08-02,0,8,Summer,0,0,0,라그로타,까르보나라
2023-08-03,0,8,Summer,0,0,0,라그로타,까르보나라
2023-08-04,0,8,Summer,0,0,0,라그로타,까르보나라
2023-08-05,0,8,Summer,1,0,1,라그로타,까르보나라
2023-08-06,0,8,Summer,1,0,1,라그로타,까르보나라
2023-08-07,0,8,Summer,0,0,0,라그로타,까르보나라
2023-08-08,0,8,Summer,0,0,0,라그로타,까르보나라
2023-08-09,0,8,Summer,0,0,0,라그로타,까르보나라
2023-08-10,0,8,Summer,0,0,0,라그로타,까르보나라
2023-08-11,0,8,Summer,0,0,0,라그로타,까르보나라
2023-08-12,0,8,Summer,1,0,1,라그로타,까르보나라
2023-08-13,0,8,Summer,1,0,1,라그로타,까르보나라
2023-08-14,0,8,Summer,0,0,0,라그로타,까르보나라
2023-08-15,0,8,Summer,0,1,1,라그로타,까르보나라
2023-08-16,0,8,Summer,0,0,0,라그로타,까르보나라
2023-08-17,0,8,Summer,0,0,0,라그로타,까르보나라
2023-08-18,0,8,Summer,0,0,0,라그로타,까르보나라
2023-08-19,0,8,Summer,1,0,1,라그로타,까르보나라
2023-08-20,0,8,Summer,1,0,1,라그로타,까르보나라
2023-08-21,0,8,Summer,0,0,0,라그로타,까르보나라
2023-08-22,0,8,Summer,0,0,0,라그로타,까르보나라
2023-08-23,0,8,Summer,0,0,0,라그로타,까르보나라
2023-08-24,0,8,Summer,0,0,0,라그로타,까르보나라
2023-08-25,0,8,Summer,0,0,0,라그로타,까르보나라
2023-08-26,0,8,Summer,1,0,1,라그로타,까르보나라
2023-08-27,0,8,Summer,1,0,1,라그로타,까르보나라
2023-08-28,0,8,Summer,0,0,0,라그로타,까르보나라
2023-08-29,0,8,Summer,0,0,0,라그로타,까르보나라
2023-08-30,0,8,Summer,0,0,0,라그로타,까르보나라
2023-08-31,0,8,Summer,0,0,0,라그로타,까르보나라
2023-09-01,0,9,Autumn,0,0,0,라그로타,까르보나라
2023-09-02,0,9,Autumn,1,0,1,라그로타,까르보나라
2023-09-03,0,9,Autumn,1,0,1,라그로타,까르보나라
2023-09-04,0,9,Autumn,0,0,0,라그로타,까르보나라
2023-09-05,0,9,Autumn,0,0,0,라그로타,까르보나라
2023-09-06,0,9,Autumn,0,0,0,라그로타,까르보나라
2023-09-07,0,9,Autumn,0,0,0,라그로타,까르보나라
2023-09-08,0,9,Autumn,0,0,0,라그로타,까르보나라
2023-09-09,0,9,Autumn,1,0,1,라그로타,까르보나라
2023-09-10,0,9,Autumn,1,0,1,라그로타,까르보나라
2023-09-11,0,9,Autumn,0,0,0,라그로타,까르보나라
2023-09-12,0,9,Autumn,0,0,0,라그로타,까르보나라
2023-09-13,0,9,Autumn,0,0,0,라그로타,까르보나라
2023-09-14,0,9,Autumn,0,0,0,라그로타,까르보나라
2023-09-15,0,9,Autumn,0,0,0,라그로타,까르보나라
2023-09-16,0,9,Autumn,1,0,1,라그로타,까르보나라
2023-09-17,0,9,Autumn,1,0,1,라그로타,까르보나라
2023-09-18,0,9,Autumn,0,0,0,라그로타,까르보나라
2023-09-19,0,9,Autumn,0,0,0,라그로타,까르보나라
2023-09-20,0,9,Autumn,0,0,0,라그로타,까르보나라
2023-09-21,0,9,Autumn,0,0,0,라그로타,까르보나라
2023-09-22,0,9,Autumn,0,0,0,라그로타,까르보나라
2023-09-23,0,9,Autumn,1,0,1,라그로타,까르보나라
2023-09-24,0,9,Autumn,1,0,1,라그로타,까르보나라
2023-09-25,0,9,Autumn,0,0,0,라그로타,까르보나라
2023-09-26,0,9,Autumn,0,0,0,라그로타,까르보나라
2023-09-27,0,9,Autumn,0,0,0,라그로타,까르보나라
2023-09-28,0,9,Autumn,0,1,1,라그로타,까르보나라
2023-09-29,0,9,Autumn,0,1,1,라그로타,까르보나라
2023-09-30,0,9,Autumn,1,1,1,라그로타,까르보나라
2023-10-01,0,10,Autumn,1,0,1,라그로타,까르보나라
2023-10-02,0,10,Autumn,0,1,1,라그로타,까르보나라
2023-10-03,0,10,Autumn,0,1,1,라그로타,까르보나라
2023-10-04,0,10,Autumn,0,0,0,라그로타,까르보나라
2023-10-05,0,10,Autumn,0,0,0,라그로타,까르보나라
2023-10-06,0,10,Autumn,0,0,0,라그로타,까르보나라
2023-10-07,0,10,Autumn,1,0,1,라그로타,까르보나라
2023-10-08,0,10,Autumn,1,0,1,라그로타,까르보나라
2023-10-09,0,10,Autumn,0,1,1,라그로타,까르보나라
2023-10-10,0,10,Autumn,0,0,0,라그로타,까르보나라
2023-10-11,0,10,Autumn,0,0,0,라그로타,까르보나라
2023-10-12,0,10,Autumn,0,0,0,라그로타,까르보나라
2023-10-13,0,10,Autumn,0,0,0,라그로타,까르보나라
2023-10-14,0,10,Autumn,1,0,1,라그로타,까르보나라
2023-10-15,0,10,Autumn,1,0,1,라그로타,까르보나라
2023-10-16,0,10,Autumn,0,0,0,라그로타,까르보나라
2023-10-17,0,10,Autumn,0,0,0,라그로타,까르보나라
2023-10-18,0,10,Autumn,0,0,0,라그로타,까르보나라
2023-10-19,0,10,Autumn,0,0,0,라그로타,까르보나라
2023-10-20,0,10,Autumn,0,0,0,라그로타,까르보나라
2023-10-21,0,10,Autumn,1,0,1,라그로타,까르보나라
2023-10-22,0,10,Autumn,1,0,1,라그로타,까르보나라
2023-10-23,0,10,Autumn,0,0,0,라그로타,까르보나라
2023-10-24,0,10,Autumn,0,0,0,라그로타,까르보나라
2023-10-25,0,10,Autumn,0,0,0,라그로타,까르보나라
2023-10-26,0,10,Autumn,0,0,0,라그로타,까르보나라
2023-10-27,0,10,Autumn,0,0,0,라그로타,까르보나라
2023-10-28,0,10,Autumn,1,0,1,라그로타,까르보나라
2023-10-29,0,10,Autumn,1,0,1,라그로타,까르보나라
2023-10-30,0,10,Autumn,0,0,0,라그로타,까르보나라
2023-10-31,0,10,Autumn,0,0,0,라그로타,까르보나라
2023-11-01,0,11,Autumn,0,0,0,라그로타,까르보나라
2023-11-02,0,11,Autumn,0,0,0,라그로타,까르보나라
2023-11-03,0,11,Autumn,0,0,0,라그로타,까르보나라
2023-11-04,0,11,Autumn,1,0,1,라그로타,까르보나라
2023-11-05,0,11,Autumn,1,0,1,라그로타,까르보나라
2023-11-06,0,11,Autumn,0,0,0,라그로타,까르보나라
2023-11-07,0,11,Autumn,0,0,0,라그로타,까르보나라
2023-11-08,0,11,Autumn,0,0,0,라그로타,까르보나라
2023-11-09,0,11,Autumn,0,0,0,라그로타,까르보나라
2023-11-10,0,11,Autumn,0,0,0,라그로타,까르보나라
2023-11-11,0,11,Autumn,1,0,1,라그로타,까르보나라
2023-11-12,0,11,Autumn,1,0,1,라그로타,까르보나라
2023-11-13,0,11,Autumn,0,0,0,라그로타,까르보나라
2023-11-14,0,11,Autumn,0,0,0,라그로타,까르보나라
2023-11-15,0,11,Autumn,0,0,0,라그로타,까르보나라
2023-11-16,0,11,Autumn,0,0,0,라그로타,까르보나라
2023-11-17,0,11,Autumn,0,0,0,라그로타,까르보나라
2023-11-18,0,11,Autumn,1,0,1,라그로타,까르보나라
2023-11-19,0,11,Autumn,1,0,1,라그로타,까르보나라
2023-11-20,0,11,Autumn,0,0,0,라그로타,까르보나라
2023-11-21,0,11,Autumn,0,0,0,라그로타,까르보나라
2023-11-22,0,11,Autumn,0,0,0,라그로타,까르보나라
2023-11-23,0,11,Autumn,0,0,0,라그로타,까르보나라
2023-11-24,0,11,Autumn,0,0,0,라그로타,까르보나라
2023-11-25,0,11,Autumn,1,0,1,라그로타,까르보나라
2023-11-26,0,11,Autumn,1,0,1,라그로타,까르보나라
2023-11-27,0,11,Autumn,0,0,0,라그로타,까르보나라
2023-11-28,0,11,Autumn,0,0,0,라그로타,까르보나라
2023-11-29,0,11,Autumn,0,0,0,라그로타,까르보나라
2023-11-30,0,11,Autumn,0,0,0,라그로타,까르보나라
2023-12-01,0,12,Winter,0,0,0,라그로타,까르보나라
2023-12-02,0,12,Winter,1,0,1,라그로타,까르보나라
2023-12-03,0,12,Winter,1,0,1,라그로타,까르보나라
2023-12-04,0,12,Winter,0,0,0,라그로타,까르보나라
2023-12-05,0,12,Winter,0,0,0,라그로타,까르보나라
2023-12-06,0,12,Winter,0,0,0,라그로타,까르보나라
2023-12-07,0,12,Winter,0,0,0,라그로타,까르보나라
2023-12-08,4,12,Winter,0,0,0,라그로타,까르보나라
2023-12-09,7,12,Winter,1,0,1,라그로타,까르보나라
2023-12-10,4,12,Winter,1,0,1,라그로타,까르보나라
2023-12-11,0,12,Winter,0,0,0,라그로타,까르보나라
2023-12-12,0,12,Winter,0,0,0,라그로타,까르보나라
2023-12-13,5,12,Winter,0,0,0,라그로타,까르보나라
2023-12-14,4,12,Winter,0,0,0,라그로타,까르보나라
2023-12-15,7,12,Winter,0,0,0,라그로타,까르보나라
2023-12-16,4,12,Winter,1,0,1,라그로타,까르보나라
2023-12-17,7,12,Winter,1,0,1,라그로타,까르보나라
2023-12-18,1,12,Winter,0,0,0,라그로타,까르보나라
2023-12-19,4,12,Winter,0,0,0,라그로타,까르보나라
2023-12-20,7,12,Winter,0,0,0,라그로타,까르보나라
2023-12-21,6,12,Winter,0,0,0,라그로타,까르보나라
2023-12-22,6,12,Winter,0,0,0,라그로타,까르보나라
2023-12-23,6,12,Winter,1,0,1,라그로타,까르보나라
2023-12-24,5,12,Winter,1,0,1,라그로타,까르보나라
2023-12-25,7,12,Winter,0,1,1,라그로타,까르보나라
2023-12-26,25,12,Winter,0,0,0,라그로타,까르보나라
2023-12-27,6,12,Winter,0,0,0,라그로타,까르보나라
2023-12-28,4,12,Winter,0,0,0,라그로타,까르보나라
2023-12-29,10,12,Winter,0,0,0,라그로타,까르보나라
2023-12-30,10,12,Winter,1,0,1,라그로타,까르보나라
2023-12-31,4,12,Winter,1,0,1,라그로타,까르보나라
2024-01-01,8,1,Winter,0,1,1,라그로타,까르보나라
2024-01-02,8,1,Winter,0,0,0,라그로타,까르보나라
2024-01-03,2,1,Winter,0,0,0,라그로타,까르보나라
2024-01-04,5,1,Winter,0,0,0,라그로타,까르보나라
2024-01-05,3,1,Winter,0,0,0,라그로타,까르보나라
2024-01-06,2,1,Winter,1,0,1,라그로타,까르보나라
2024-01-07,6,1,Winter,1,0,1,라그로타,까르보나라
2024-01-08,6,1,Winter,0,0,0,라그로타,까르보나라
2024-01-09,7,1,Winter,0,0,0,라그로타,까르보나라
2024-01-10,8,1,Winter,0,0,0,라그로타,까르보나라
2024-01-11,5,1,Winter,0,0,0,라그로타,까르보나라
2024-01-12,9,1,Winter,0,0,0,라그로타,까르보나라
2024-01-13,5,1,Winter,1,0,1,라그로타,까르보나라
2024-01-14,10,1,Winter,1,0,1,라그로타,까르보나라
2024-01-15,9,1,Winter,0,0,0,라그로타,까르보나라
2024-01-16,1,1,Winter,0,0,0,라그로타,까르보나라
2024-01-17,4,1,Winter,0,0,0,라그로타,까르보나라
2024-01-18,4,1,Winter,0,0,0,라그로타,까르보나라
2024-01-19,2,1,Winter,0,0,0,라그로타,까르보나라
2024-01-20,9,1,Winter,1,0,1,라그로타,까르보나라
2024-01-21,6,1,Winter,1,0,1,라그로타,까르보나라
2024-01-22,0,1,Winter,0,0,0,라그로타,까르보나라
2024-01-23,4,1,Winter,0,0,0,라그로타,까르보나라
2024-01-24,5,1,Winter,0,0,0,라그로타,까르보나라
2024-01-25,3,1,Winter,0,0,0,라그로타,까르보나라
2024-01-26,1,1,Winter,0,0,0,라그로타,까르보나라
2024-01-27,11,1,Winter,1,0,1,라그로타,까르보나라
2024-01-28,8,1,Winter,1,0,1,라그로타,까르보나라
2024-01-29,2,1,Winter,0,0,0,라그로타,까르보나라
2024-01-30,8,1,Winter,0,0,0,라그로타,까르보나라
2024-01-31,0,1,Winter,0,0,0,라그로타,까르보나라
2024-02-01,3,2,Winter,0,0,0,라그로타,까르보나라
2024-02-02,4,2,Winter,0,0,0,라그로타,까르보나라
2024-02-03,5,2,Winter,1,0,1,라그로타,까르보나라
2024-02-04,2,2,Winter,1,0,1,라그로타,까르보나라
2024-02-05,1,2,Winter,0,0,0,라그로타,까르보나라
2024-02-06,1,2,Winter,0,0,0,라그로타,까르보나라
2024-02-07,8,2,Winter,0,0,0,라그로타,까르보나라
2024-02-08,10,2,Winter,0,0,0,라그로타,까르보나라
2024-02-09,9,2,Winter,0,1,1,라그로타,까르보나라
2024-02-10,12,2,Winter,1,1,1,라그로타,까르보나라
2024-02-11,13,2,Winter,1,1,1,라그로타,까르보나라
2024-02-12,1,2,Winter,0,1,1,라그로타,까르보나라
2024-02-13,6,2,Winter,0,0,0,라그로타,까르보나라
2024-02-14,1,2,Winter,0,0,0,라그로타,까르보나라
2024-02-15,5,2,Winter,0,0,0,라그로타,까르보나라
2024-02-16,6,2,Winter,0,0,0,라그로타,까르보나라
2024-02-17,5,2,Winter,1,0,1,라그로타,까르보나라
2024-02-18,5,2,Winter,1,0,1,라그로타,까르보나라
2024-02-19,0,2,Winter,0,0,0,라그로타,까르보나라
2024-02-20,2,2,Winter,0,0,0,라그로타,까르보나라
2024-02-21,3,2,Winter,0,0,0,라그로타,까르보나라
2024-02-22,1,2,Winter,0,0,0,라그로타,까르보나라
2024-02-23,3,2,Winter,0,0,0,라그로타,까르보나라
2024-02-24,3,2,Winter,1,0,1,라그로타,까르보나라
2024-02-25,9,2,Winter,1,0,1,라그로타,까르보나라
2024-02-26,0,2,Winter,0,0,0,라그로타,까르보나라
2024-02-27,4,2,Winter,0,0,0,라그로타,까르보나라
2024-02-28,1,2,Winter,0,0,0,라그로타,까르보나라
2024-02-29,3,2,Winter,0,0,0,라그로타,까르보나라
2024-03-01,6,3,Spring,0,1,1,라그로타,까르보나라
2024-03-02,3,3,Spring,1,0,1,라그로타,까르보나라
2024-03-03,1,3,Spring,1,0,1,라그로타,까르보나라
2024-03-04,0,3,Spring,0,0,0,라그로타,까르보나라
2024-03-05,0,3,Spring,0,0,0,라그로타,까르보나라
2024-03-06,0,3,Spring,0,0,0,라그로타,까르보나라
2024-03-07,0,3,Spring,0,0,0,라그로타,까르보나라
2024-03-08,0,3,Spring,0,0,0,라그로타,까르보나라
2024-03-09,0,3,Spring,1,0,1,라그로타,까르보나라
2024-03-10,0,3,Spring,1,0,1,라그로타,까르보나라
2024-03-11,0,3,Spring,0,0,0,라그로타,까르보나라
2024-03-12,0,3,Spring,0,0,0,라그로타,까르보나라
2024-03-13,0,3,Spring,0,0,0,라그로타,까르보나라
2024-03-14,0,3,Spring,0,0,0,라그로타,까르보나라
2024-03-15,1,3,Spring,0,0,0,라그로타,까르보나라
2024-03-16,4,3,Spring,1,0,1,라그로타,까르보나라
2024-03-17,0,3,Spring,1,0,1,라그로타,까르보나라
2024-03-18,0,3,Spring,0,0,0,라그로타,까르보나라
2024-03-19,1,3,Spring,0,0,0,라그로타,까르보나라
2024-03-20,0,3,Spring,0,0,0,라그로타,까르보나라
2024-03-21,0,3,Spring,0,0,0,라그로타,까르보나라
2024-03-22,1,3,Spring,0,0,0,라그로타,까르보나라
2024-03-23,2,3,Spring,1,0,1,라그로타,까르보나라
2024-03-24,0,3,Spring,1,0,1,라그로타,까르보나라
2024-03-25,0,3,Spring,0,0,0,라그로타,까르보나라
2024-03-26,4,3,Spring,0,0,0,라그로타,까르보나라
2024-03-27,1,3,Spring,0,0,0,라그로타,까르보나라
2024-03-28,1,3,Spring,0,0,0,라그로타,까르보나라
2024-03-29,5,3,Spring,0,0,0,라그로타,까르보나라
2024-03-30,8,3,Spring,1,0,1,라그로타,까르보나라
2024-03-31,4,3,Spring,1,0,1,라그로타,까르보나라
2024-04-01,0,4,Spring,0,0,0,라그로타,까르보나라
2024-04-02,1,4,Spring,0,0,0,라그로타,까르보나라
2024-04-03,3,4,Spring,0,0,0,라그로타,까르보나라
2024-04-04,4,4,Spring,0,0,0,라그로타,까르보나라
2024-04-05,8,4,Spring,0,0,0,라그로타,까르보나라
2024-04-06,2,4,Spring,1,0,1,라그로타,까르보나라
2024-04-07,4,4,Spring,1,0,1,라그로타,까르보나라
2024-04-08,0,4,Spring,0,0,0,라그로타,까르보나라
2024-04-09,3,4,Spring,0,0,0,라그로타,까르보나라
2024-04-10,4,4,Spring,0,1,1,라그로타,까르보나라
2024-04-11,4,4,Spring,0,0,0,라그로타,까르보나라
2024-04-12,5,4,Spring,0,0,0,라그로타,까르보나라
2024-04-13,4,4,Spring,1,0,1,라그로타,까르보나라
2024-04-14,10,4,Spring,1,0,1,라그로타,까르보나라
2024-04-15,0,4,Spring,0,0,0,라그로타,까르보나라
2024-04-16,3,4,Spring,0,0,0,라그로타,까르보나라
2024-04-17,0,4,Spring,0,0,0,라그로타,까르보나라
2024-04-18,4,4,Spring,0,0,0,라그로타,까르보나라
2024-04-19,3,4,Spring,0,0,0,라그로타,까르보나라
2024-04-20,2,4,Spring,1,0,1,라그로타,까르보나라
2024-04-21,8,4,Spring,1,0,1,라그로타,까르보나라
2024-04-22,0,4,Spring,0,0,0,라그로타,까르보나라
2024-04-23,2,4,Spring,0,0,0,라그로타,까르보나라
2024-04-24,1,4,Spring,0,0,0,라그로타,까르보나라
2024-04-25,1,4,Spring,0,0,0,라그로타,까르보나라
2024-04-26,3,4,Spring,0,0,0,라그로타,까르보나라
2024-04-27,3,4,Spring,1,0,1,라그로타,까르보나라
2024-04-28,6,4,Spring,1,0,1,라그로타,까르보나라
2024-04-29,0,4,Spring,0,0,0,라그로타,까르보나라
2024-04-30,0,4,Spring,0,0,0,라그로타,까르보나라
2024-05-01,4,5,Spring,0,0,0,라그로타,까르보나라
2024-05-02,5,5,Spring,0,0,0,라그로타,까르보나라
2024-05-03,2,5,Spring,0,0,0,라그로타,까르보나라
2024-05-04,7,5,Spring,1,0,1,라그로타,까르보나라
2024-05-05,8,5,Spring,1,1,1,라그로타,까르보나라
2024-05-06,0,5,Spring,0,1,1,라그로타,까르보나라
2024-05-07,1,5,Spring,0,0,0,라그로타,까르보나라
2024-05-08,1,5,Spring,0,0,0,라그로타,까르보나라
2024-05-09,0,5,Spring,0,0,0,라그로타,까르보나라
2024-05-10,4,5,Spring,0,0,0,라그로타,까르보나라
2024-05-11,7,5,Spring,1,0,1,라그로타,까르보나라
2024-05-12,1,5,Spring,1,0,1,라그로타,까르보나라
2024-05-13,0,5,Spring,0,0,0,라그로타,까르보나라
2024-05-14,1,5,Spring,0,0,0,라그로타,까르보나라
2024-05-15,4,5,Spring,0,1,1,라그로타,까르보나라
2024-05-16,0,5,Spring,0,0,0,라그로타,까르보나라
2024-05-17,1,5,Spring,0,0,0,라그로타,까르보나라
2024-05-18,3,5,Spring,1,0,1,라그로타,까르보나라
2024-05-19,2,5,Spring,1,0,1,라그로타,까르보나라
2024-05-20,0,5,Spring,0,0,0,라그로타,까르보나라
2024-05-21,2,5,Spring,0,0,0,라그로타,까르보나라
2024-05-22,1,5,Spring,0,0,0,라그로타,까르보나라
2024-05-23,2,5,Spring,0,0,0,라그로타,까르보나라
2024-05-24,3,5,Spring,0,0,0,라그로타,까르보나라
2024-05-25,4,5,Spring,1,0,1,라그로타,까르보나라
2024-05-26,1,5,Spring,1,0,1,라그로타,까르보나라
2024-05-27,0,5,Spring,0,0,0,라그로타,까르보나라
2024-05-28,1,5,Spring,0,0,0,라그로타,까르보나라
2024-05-29,0,5,Spring,0,0,0,라그로타,까르보나라
2024-05-30,0,5,Spring,0,0,0,라그로타,까르보나라
2024-05-31,1,5,Spring,0,0,0,라그로타,까르보나라
2024-06-01,2,6,Summer,1,0,1,라그로타,까르보나라
2024-06-02,2,6,Summer,1,0,1,라그로타,까르보나라
2024-06-03,0,6,Summer,0,0,0,라그로타,까르보나라
2024-06-04,1,6,Summer,0,0,0,라그로타,까르보나라
2024-06-05,1,6,Summer,0,0,0,라그로타,까르보나라
2024-06-06,3,6,Summer,0,1,1,라그로타,까르보나라
2024-06-07,2,6,Summer,0,0,0,라그로타,까르보나라
2024-06-08,7,6,Summer,1,0,1,라그로타,까르보나라
2024-06-09,4,6,Summer,1,0,1,라그로타,까르보나라
2024-06-10,0,6,Summer,0,0,0,라그로타,까르보나라
2024-06-11,0,6,Summer,0,0,0,라그로타,까르보나라
2024-06-12,0,6,Summer,0,0,0,라그로타,까르보나라
2024-06-13,4,6,Summer,0,0,0,라그로타,까르보나라
2024-06-14,0,6,Summer,0,0,0,라그로타,까르보나라
2024-06-15,6,6,Summer,1,0,1,라그로타,까르보나라
2023-01-01,0,1,Winter,1,1,1,라그로타,모둠 해산물 플래터
2023-01-02,0,1,Winter,0,0,0,라그로타,모둠 해산물 플래터
2023-01-03,0,1,Winter,0,0,0,라그로타,모둠 해산물 플래터
2023-01-04,0,1,Winter,0,0,0,라그로타,모둠 해산물 플래터
2023-01-05,0,1,Winter,0,0,0,라그로타,모둠 해산물 플래터
2023-01-06,0,1,Winter,0,0,0,라그로타,모둠 해산물 플래터
2023-01-07,0,1,Winter,1,0,1,라그로타,모둠 해산물 플래터
2023-01-08,0,1,Winter,1,0,1,라그로타,모둠 해산물 플래터
2023-01-09,0,1,Winter,0,0,0,라그로타,모둠 해산물 플래터
2023-01-10,0,1,Winter,0,0,0,라그로타,모둠 해산물 플래터
2023-01-11,0,1,Winter,0,0,0,라그로타,모둠 해산물 플래터
2023-01-12,0,1,Winter,0,0,0,라그로타,모둠 해산물 플래터
2023-01-13,0,1,Winter,0,0,0,라그로타,모둠 해산물 플래터
2023-01-14,0,1,Winter,1,0,1,라그로타,모둠 해산물 플래터
2023-01-15,0,1,Winter,1,0,1,라그로타,모둠 해산물 플래터
2023-01-16,0,1,Winter,0,0,0,라그로타,모둠 해산물 플래터
2023-01-17,0,1,Winter,0,0,0,라그로타,모둠 해산물 플래터
2023-01-18,0,1,Winter,0,0,0,라그로타,모둠 해산물 플래터
2023-01-19,0,1,Winter,0,0,0,라그로타,모둠 해산물 플래터
2023-01-20,0,1,Winter,0,0,0,라그로타,모둠 해산물 플래터
2023-01-21,0,1,Winter,1,1,1,라그로타,모둠 해산물 플래터
2023-01-22,0,1,Winter,1,1,1,라그로타,모둠 해산물 플래터
2023-01-23,0,1,Winter,0,1,1,라그로타,모둠 해산물 플래터
2023-01-24,0,1,Winter,0,1,1,라그로타,모둠 해산물 플래터
2023-01-25,0,1,Winter,0,0,0,라그로타,모둠 해산물 플래터
2023-01-26,0,1,Winter,0,0,0,라그로타,모둠 해산물 플래터
2023-01-27,0,1,Winter,0,0,0,라그로타,모둠 해산물 플래터
2023-01-28,0,1,Winter,1,0,1,라그로타,모둠 해산물 플래터
2023-01-29,0,1,Winter,1,0,1,라그로타,모둠 해산물 플래터
2023-01-30,0,1,Winter,0,0,0,라그로타,모둠 해산물 플래터
2023-01-31,0,1,Winter,0,0,0,라그로타,모둠 해산물 플래터
2023-02-01,0,2,Winter,0,0,0,라그로타,모둠 해산물 플래터
2023-02-02,0,2,Winter,0,0,0,라그로타,모둠 해산물 플래터
2023-02-03,0,2,Winter,0,0,0,라그로타,모둠 해산물 플래터
2023-02-04,0,2,Winter,1,0,1,라그로타,모둠 해산물 플래터
2023-02-05,0,2,Winter,1,0,1,라그로타,모둠 해산물 플래터
2023-02-06,0,2,Winter,0,0,0,라그로타,모둠 해산물 플래터
2023-02-07,0,2,Winter,0,0,0,라그로타,모둠 해산물 플래터
2023-02-08,0,2,Winter,0,0,0,라그로타,모둠 해산물 플래터
2023-02-09,0,2,Winter,0,0,0,라그로타,모둠 해산물 플래터
2023-02-10,0,2,Winter,0,0,0,라그로타,모둠 해산물 플래터
2023-02-11,0,2,Winter,1,0,1,라그로타,모둠 해산물 플래터
2023-02-12,0,2,Winter,1,0,1,라그로타,모둠 해산물 플래터
2023-02-13,0,2,Winter,0,0,0,라그로타,모둠 해산물 플래터
2023-02-14,0,2,Winter,0,0,0,라그로타,모둠 해산물 플래터
2023-02-15,0,2,Winter,0,0,0,라그로타,모둠 해산물 플래터
2023-02-16,0,2,Winter,0,0,0,라그로타,모둠 해산물 플래터
2023-02-17,0,2,Winter,0,0,0,라그로타,모둠 해산물 플래터
2023-02-18,0,2,Winter,1,0,1,라그로타,모둠 해산물 플래터
2023-02-19,0,2,Winter,1,0,1,라그로타,모둠 해산물 플래터
2023-02-20,0,2,Winter,0,0,0,라그로타,모둠 해산물 플래터
2023-02-21,0,2,Winter,0,0,0,라그로타,모둠 해산물 플래터
2023-02-22,0,2,Winter,0,0,0,라그로타,모둠 해산물 플래터
2023-02-23,0,2,Winter,0,0,0,라그로타,모둠 해산물 플래터
2023-02-24,0,2,Winter,0,0,0,라그로타,모둠 해산물 플래터
2023-02-25,0,2,Winter,1,0,1,라그로타,모둠 해산물 플래터
2023-02-26,0,2,Winter,1,0,1,라그로타,모둠 해산물 플래터
2023-02-27,0,2,Winter,0,0,0,라그로타,모둠 해산물 플래터
2023-02-28,0,2,Winter,0,0,0,라그로타,모둠 해산물 플래터
2023-03-01,0,3,Spring,0,1,1,라그로타,모둠 해산물 플래터
2023-03-02,0,3,Spring,0,0,0,라그로타,모둠 해산물 플래터
2023-03-03,0,3,Spring,0,0,0,라그로타,모둠 해산물 플래터
2023-03-04,0,3,Spring,1,0,1,라그로타,모둠 해산물 플래터
2023-03-05,0,3,Spring,1,0,1,라그로타,모둠 해산물 플래터
2023-03-06,0,3,Spring,0,0,0,라그로타,모둠 해산물 플래터
2023-03-07,0,3,Spring,0,0,0,라그로타,모둠 해산물 플래터
2023-03-08,0,3,Spring,0,0,0,라그로타,모둠 해산물 플래터
2023-03-09,0,3,Spring,0,0,0,라그로타,모둠 해산물 플래터
2023-03-10,0,3,Spring,0,0,0,라그로타,모둠 해산물 플래터
2023-03-11,0,3,Spring,1,0,1,라그로타,모둠 해산물 플래터
2023-03-12,0,3,Spring,1,0,1,라그로타,모둠 해산물 플래터
2023-03-13,0,3,Spring,0,0,0,라그로타,모둠 해산물 플래터
2023-03-14,0,3,Spring,0,0,0,라그로타,모둠 해산물 플래터
2023-03-15,0,3,Spring,0,0,0,라그로타,모둠 해산물 플래터
2023-03-16,0,3,Spring,0,0,0,라그로타,모둠 해산물 플래터
2023-03-17,0,3,Spring,0,0,0,라그로타,모둠 해산물 플래터
2023-03-18,0,3,Spring,1,0,1,라그로타,모둠 해산물 플래터
2023-03-19,0,3,Spring,1,0,1,라그로타,모둠 해산물 플래터
2023-03-20,0,3,Spring,0,0,0,라그로타,모둠 해산물 플래터
2023-03-21,0,3,Spring,0,0,0,라그로타,모둠 해산물 플래터
2023-03-22,0,3,Spring,0,0,0,라그로타,모둠 해산물 플래터
2023-03-23,0,3,Spring,0,0,0,라그로타,모둠 해산물 플래터
2023-03-24,0,3,Spring,0,0,0,라그로타,모둠 해산물 플래터
2023-03-25,0,3,Spring,1,0,1,라그로타,모둠 해산물 플래터
2023-03-26,0,3,Spring,1,0,1,라그로타,모둠 해산물 플래터
2023-03-27,0,3,Spring,0,0,0,라그로타,모둠 해산물 플래터
2023-03-28,0,3,Spring,0,0,0,라그로타,모둠 해산물 플래터
2023-03-29,0,3,Spring,0,0,0,라그로타,모둠 해산물 플래터
2023-03-30,0,3,Spring,0,0,0,라그로타,모둠 해산물 플래터
2023-03-31,0,3,Spring,0,0,0,라그로타,모둠 해산물 플래터
2023-04-01,0,4,Spring,1,0,1,라그로타,모둠 해산물 플래터
2023-04-02,0,4,Spring,1,0,1,라그로타,모둠 해산물 플래터
2023-04-03,0,4,Spring,0,0,0,라그로타,모둠 해산물 플래터
2023-04-04,0,4,Spring,0,0,0,라그로타,모둠 해산물 플래터
2023-04-05,0,4,Spring,0,0,0,라그로타,모둠 해산물 플래터
2023-04-06,0,4,Spring,0,0,0,라그로타,모둠 해산물 플래터
2023-04-07,0,4,Spring,0,0,0,라그로타,모둠 해산물 플래터
2023-04-08,0,4,Spring,1,0,1,라그로타,모둠 해산물 플래터
2023-04-09,0,4,Spring,1,0,1,라그로타,모둠 해산물 플래터
2023-04-10,0,4,Spring,0,0,0,라그로타,모둠 해산물 플래터
2023-04-11,0,4,Spring,0,0,0,라그로타,모둠 해산물 플래터
2023-04-12,0,4,Spring,0,0,0,라그로타,모둠 해산물 플래터
2023-04-13,0,4,Spring,0,0,0,라그로타,모둠 해산물 플래터
2023-04-14,0,4,Spring,0,0,0,라그로타,모둠 해산물 플래터
2023-04-15,0,4,Spring,1,0,1,라그로타,모둠 해산물 플래터
2023-04-16,0,4,Spring,1,0,1,라그로타,모둠 해산물 플래터
2023-04-17,0,4,Spring,0,0,0,라그로타,모둠 해산물 플래터
2023-04-18,0,4,Spring,0,0,0,라그로타,모둠 해산물 플래터
2023-04-19,0,4,Spring,0,0,0,라그로타,모둠 해산물 플래터
2023-04-20,0,4,Spring,0,0,0,라그로타,모둠 해산물 플래터
2023-04-21,0,4,Spring,0,0,0,라그로타,모둠 해산물 플래터
2023-04-22,0,4,Spring,1,0,1,라그로타,모둠 해산물 플래터
2023-04-23,0,4,Spring,1,0,1,라그로타,모둠 해산물 플래터
2023-04-24,0,4,Spring,0,0,0,라그로타,모둠 해산물 플래터
2023-04-25,0,4,Spring,0,0,0,라그로타,모둠 해산물 플래터
2023-04-26,0,4,Spring,0,0,0,라그로타,모둠 해산물 플래터
2023-04-27,0,4,Spring,0,0,0,라그로타,모둠 해산물 플래터
2023-04-28,0,4,Spring,0,0,0,라그로타,모둠 해산물 플래터
2023-04-29,0,4,Spring,1,0,1,라그로타,모둠 해산물 플래터
2023-04-30,0,4,Spring,1,0,1,라그로타,모둠 해산물 플래터
2023-05-01,0,5,Spring,0,0,0,라그로타,모둠 해산물 플래터
2023-05-02,0,5,Spring,0,0,0,라그로타,모둠 해산물 플래터
2023-05-03,0,5,Spring,0,0,0,라그로타,모둠 해산물 플래터
2023-05-04,0,5,Spring,0,0,0,라그로타,모둠 해산물 플래터
2023-05-05,0,5,Spring,0,1,1,라그로타,모둠 해산물 플래터
2023-05-06,0,5,Spring,1,0,1,라그로타,모둠 해산물 플래터
2023-05-07,0,5,Spring,1,0,1,라그로타,모둠 해산물 플래터
2023-05-08,0,5,Spring,0,0,0,라그로타,모둠 해산물 플래터
2023-05-09,0,5,Spring,0,0,0,라그로타,모둠 해산물 플래터
2023-05-10,0,5,Spring,0,0,0,라그로타,모둠 해산물 플래터
2023-05-11,0,5,Spring,0,0,0,라그로타,모둠 해산물 플래터
2023-05-12,0,5,Spring,0,0,0,라그로타,모둠 해산물 플래터
2023-05-13,0,5,Spring,1,0,1,라그로타,모둠 해산물 플래터
2023-05-14,0,5,Spring,1,0,1,라그로타,모둠 해산물 플래터
2023-05-15,0,5,Spring,0,0,0,라그로타,모둠 해산물 플래터
2023-05-16,0,5,Spring,0,0,0,라그로타,모둠 해산물 플래터
2023-05-17,0,5,Spring,0,0,0,라그로타,모둠 해산물 플래터
2023-05-18,0,5,Spring,0,0,0,라그로타,모둠 해산물 플래터
2023-05-19,0,5,Spring,0,0,0,라그로타,모둠 해산물 플래터
2023-05-20,0,5,Spring,1,0,1,라그로타,모둠 해산물 플래터
2023-05-21,0,5,Spring,1,0,1,라그로타,모둠 해산물 플래터
2023-05-22,0,5,Spring,0,0,0,라그로타,모둠 해산물 플래터
2023-05-23,0,5,Spring,0,0,0,라그로타,모둠 해산물 플래터
2023-05-24,0,5,Spring,0,0,0,라그로타,모둠 해산물 플래터
2023-05-25,0,5,Spring,0,0,0,라그로타,모둠 해산물 플래터
2023-05-26,0,5,Spring,0,0,0,라그로타,모둠 해산물 플래터
2023-05-27,0,5,Spring,1,1,1,라그로타,모둠 해산물 플래터
2023-05-28,0,5,Spring,1,0,1,라그로타,모둠 해산물 플래터
2023-05-29,0,5,Spring,0,1,1,라그로타,모둠 해산물 플래터
2023-05-30,0,5,Spring,0,0,0,라그로타,모둠 해산물 플래터
2023-05-31,0,5,Spring,0,0,0,라그로타,모둠 해산물 플래터
2023-06-01,0,6,Summer,0,0,0,라그로타,모둠 해산물 플래터
2023-06-02,0,6,Summer,0,0,0,라그로타,모둠 해산물 플래터
2023-06-03,0,6,Summer,1,0,1,라그로타,모둠 해산물 플래터
2023-06-04,0,6,Summer,1,0,1,라그로타,모둠 해산물 플래터
2023-06-05,0,6,Summer,0,0,0,라그로타,모둠 해산물 플래터
2023-06-06,0,6,Summer,0,1,1,라그로타,모둠 해산물 플래터
2023-06-07,0,6,Summer,0,0,0,라그로타,모둠 해산물 플래터
2023-06-08,0,6,Summer,0,0,0,라그로타,모둠 해산물 플래터
2023-06-09,0,6,Summer,0,0,0,라그로타,모둠 해산물 플래터
2023-06-10,0,6,Summer,1,0,1,라그로타,모둠 해산물 플래터
2023-06-11,0,6,Summer,1,0,1,라그로타,모둠 해산물 플래터
2023-06-12,0,6,Summer,0,0,0,라그로타,모둠 해산물 플래터
2023-06-13,0,6,Summer,0,0,0,라그로타,모둠 해산물 플래터
2023-06-14,0,6,Summer,0,0,0,라그로타,모둠 해산물 플래터
2023-06-15,0,6,Summer,0,0,0,라그로타,모둠 해산물 플래터
2023-06-16,0,6,Summer,0,0,0,라그로타,모둠 해산물 플래터
2023-06-17,0,6,Summer,1,0,1,라그로타,모둠 해산물 플래터
2023-06-18,0,6,Summer,1,0,1,라그로타,모둠 해산물 플래터
2023-06-19,0,6,Summer,0,0,0,라그로타,모둠 해산물 플래터
2023-06-20,0,6,Summer,0,0,0,라그로타,모둠 해산물 플래터
2023-06-21,0,6,Summer,0,0,0,라그로타,모둠 해산물 플래터
2023-06-22,0,6,Summer,0,0,0,라그로타,모둠 해산물 플래터
2023-06-23,0,6,Summer,0,0,0,라그로타,모둠 해산물 플래터
2023-06-24,0,6,Summer,1,0,1,라그로타,모둠 해산물 플래터
2023-06-25,0,6,Summer,1,0,1,라그로타,모둠 해산물 플래터
2023-06-26,0,6,Summer,0,0,0,라그로타,모둠 해산물 플래터
2023-06-27,0,6,Summer,0,0,0,라그로타,모둠 해산물 플래터
2023-06-28,0,6,Summer,0,0,0,라그로타,모둠 해산물 플래터
2023-06-29,0,6,Summer,0,0,0,라그로타,모둠 해산물 플래터
2023-06-30,0,6,Summer,0,0,0,라그로타,모둠 해산물 플래터
2023-07-01,0,7,Summer,1,0,1,라그로타,모둠 해산물 플래터
2023-07-02,0,7,Summer,1,0,1,라그로타,모둠 해산물 플래터
2023-07-03,0,7,Summer,0,0,0,라그로타,모둠 해산물 플래터
2023-07-04,0,7,Summer,0,0,0,라그로타,모둠 해산물 플래터
2023-07-05,0,7,Summer,0,0,0,라그로타,모둠 해산물 플래터
2023-07-06,0,7,Summer,0,0,0,라그로타,모둠 해산물 플래터
2023-07-07,0,7,Summer,0,0,0,라그로타,모둠 해산물 플래터
2023-07-08,0,7,Summer,1,0,1,라그로타,모둠 해산물 플래터
2023-07-09,0,7,Summer,1,0,1,라그로타,모둠 해산물 플래터
2023-07-10,0,7,Summer,0,0,0,라그로타,모둠 해산물 플래터
2023-07-11,0,7,Summer,0,0,0,라그로타,모둠 해산물 플래터
2023-07-12,0,7,Summer,0,0,0,라그로타,모둠 해산물 플래터
2023-07-13,0,7,Summer,0,0,0,라그로타,모둠 해산물 플래터
2023-07-14,0,7,Summer,0,0,0,라그로타,모둠 해산물 플래터
2023-07-15,0,7,Summer,1,0,1,라그로타,모둠 해산물 플래터
2023-07-16,0,7,Summer,1,0,1,라그로타,모둠 해산물 플래터
2023-07-17,0,7,Summer,0,0,0,라그로타,모둠 해산물 플래터
2023-07-18,0,7,Summer,0,0,0,라그로타,모둠 해산물 플래터
2023-07-19,0,7,Summer,0,0,0,라그로타,모둠 해산물 플래터
2023-07-20,0,7,Summer,0,0,0,라그로타,모둠 해산물 플래터
2023-07-21,0,7,Summer,0,0,0,라그로타,모둠 해산물 플래터
2023-07-22,0,7,Summer,1,0,1,라그로타,모둠 해산물 플래터
2023-07-23,0,7,Summer,1,0,1,라그로타,모둠 해산물 플래터
2023-07-24,0,7,Summer,0,0,0,라그로타,모둠 해산물 플래터
2023-07-25,0,7,Summer,0,0,0,라그로타,모둠 해산물 플래터
2023-07-26,0,7,Summer,0,0,0,라그로타,모둠 해산물 플래터
2023-07-27,0,7,Summer,0,0,0,라그로타,모둠 해산물 플래터
2023-07-28,0,7,Summer,0,0,0,라그로타,모둠 해산물 플래터
2023-07-29,0,7,Summer,1,0,1,라그로타,모둠 해산물 플래터
2023-07-30,0,7,Summer,1,0,1,라그로타,모둠 해산물 플래터
2023-07-31,0,7,Summer,0,0,0,라그로타,모둠 해산물 플래터
2023-08-01,0,8,Summer,0,0,0,라그로타,모둠 해산물 플래터
2023-08-02,0,8,Summer,0,0,0,라그로타,모둠 해산물 플래터
2023-08-03,0,8,Summer,0,0,0,라그로타,모둠 해산물 플래터
2023-08-04,0,8,Summer,0,0,0,라그로타,모둠 해산물 플래터
2023-08-05,0,8,Summer,1,0,1,라그로타,모둠 해산물 플래터
2023-08-06,0,8,Summer,1,0,1,라그로타,모둠 해산물 플래터
2023-08-07,0,8,Summer,0,0,0,라그로타,모둠 해산물 플래터
2023-08-08,0,8,Summer,0,0,0,라그로타,모둠 해산물 플래터
2023-08-09,0,8,Summer,0,0,0,라그로타,모둠 해산물 플래터
2023-08-10,0,8,Summer,0,0,0,라그로타,모둠 해산물 플래터
2023-08-11,0,8,Summer,0,0,0,라그로타,모둠 해산물 플래터
2023-08-12,0,8,Summer,1,0,1,라그로타,모둠 해산물 플래터
2023-08-13,0,8,Summer,1,0,1,라그로타,모둠 해산물 플래터
2023-08-14,0,8,Summer,0,0,0,라그로타,모둠 해산물 플래터
2023-08-15,0,8,Summer,0,1,1,라그로타,모둠 해산물 플래터
2023-08-16,0,8,Summer,0,0,0,라그로타,모둠 해산물 플래터
2023-08-17,0,8,Summer,0,0,0,라그로타,모둠 해산물 플래터
2023-08-18,0,8,Summer,0,0,0,라그로타,모둠 해산물 플래터
2023-08-19,0,8,Summer,1,0,1,라그로타,모둠 해산물 플래터
2023-08-20,0,8,Summer,1,0,1,라그로타,모둠 해산물 플래터
2023-08-21,0,8,Summer,0,0,0,라그로타,모둠 해산물 플래터
2023-08-22,0,8,Summer,0,0,0,라그로타,모둠 해산물 플래터
2023-08-23,0,8,Summer,0,0,0,라그로타,모둠 해산물 플래터
2023-08-24,0,8,Summer,0,0,0,라그로타,모둠 해산물 플래터
2023-08-25,0,8,Summer,0,0,0,라그로타,모둠 해산물 플래터
2023-08-26,0,8,Summer,1,0,1,라그로타,모둠 해산물 플래터
2023-08-27,0,8,Summer,1,0,1,라그로타,모둠 해산물 플래터
2023-08-28,0,8,Summer,0,0,0,라그로타,모둠 해산물 플래터
2023-08-29,0,8,Summer,0,0,0,라그로타,모둠 해산물 플래터
2023-08-30,0,8,Summer,0,0,0,라그로타,모둠 해산물 플래터
2023-08-31,0,8,Summer,0,0,0,라그로타,모둠 해산물 플래터
2023-09-01,0,9,Autumn,0,0,0,라그로타,모둠 해산물 플래터
2023-09-02,0,9,Autumn,1,0,1,라그로타,모둠 해산물 플래터
2023-09-03,0,9,Autumn,1,0,1,라그로타,모둠 해산물 플래터
2023-09-04,0,9,Autumn,0,0,0,라그로타,모둠 해산물 플래터
2023-09-05,0,9,Autumn,0,0,0,라그로타,모둠 해산물 플래터
2023-09-06,0,9,Autumn,0,0,0,라그로타,모둠 해산물 플래터
2023-09-07,0,9,Autumn,0,0,0,라그로타,모둠 해산물 플래터
2023-09-08,0,9,Autumn,0,0,0,라그로타,모둠 해산물 플래터
2023-09-09,2,9,Autumn,1,0,1,라그로타,모둠 해산물 플래터
2023-09-10,1,9,Autumn,1,0,1,라그로타,모둠 해산물 플래터
2023-09-11,0,9,Autumn,0,0,0,라그로타,모둠 해산물 플래터
2023-09-12,0,9,Autumn,0,0,0,라그로타,모둠 해산물 플래터
2023-09-13,0,9,Autumn,0,0,0,라그로타,모둠 해산물 플래터
2023-09-14,0,9,Autumn,0,0,0,라그로타,모둠 해산물 플래터
2023-09-15,1,9,Autumn,0,0,0,라그로타,모둠 해산물 플래터
2023-09-16,4,9,Autumn,1,0,1,라그로타,모둠 해산물 플래터
2023-09-17,0,9,Autumn,1,0,1,라그로타,모둠 해산물 플래터
2023-09-18,0,9,Autumn,0,0,0,라그로타,모둠 해산물 플래터
2023-09-19,0,9,Autumn,0,0,0,라그로타,모둠 해산물 플래터
2023-09-20,0,9,Autumn,0,0,0,라그로타,모둠 해산물 플래터
2023-09-21,1,9,Autumn,0,0,0,라그로타,모둠 해산물 플래터
2023-09-22,0,9,Autumn,0,0,0,라그로타,모둠 해산물 플래터
2023-09-23,0,9,Autumn,1,0,1,라그로타,모둠 해산물 플래터
2023-09-24,0,9,Autumn,1,0,1,라그로타,모둠 해산물 플래터
2023-09-25,0,9,Autumn,0,0,0,라그로타,모둠 해산물 플래터
2023-09-26,0,9,Autumn,0,0,0,라그로타,모둠 해산물 플래터
2023-09-27,0,9,Autumn,0,0,0,라그로타,모둠 해산물 플래터
2023-09-28,2,9,Autumn,0,1,1,라그로타,모둠 해산물 플래터
2023-09-29,1,9,Autumn,0,1,1,라그로타,모둠 해산물 플래터
2023-09-30,0,9,Autumn,1,1,1,라그로타,모둠 해산물 플래터
2023-10-01,0,10,Autumn,1,0,1,라그로타,모둠 해산물 플래터
2023-10-02,0,10,Autumn,0,1,1,라그로타,모둠 해산물 플래터
2023-10-03,0,10,Autumn,0,1,1,라그로타,모둠 해산물 플래터
2023-10-04,0,10,Autumn,0,0,0,라그로타,모둠 해산물 플래터
2023-10-05,0,10,Autumn,0,0,0,라그로타,모둠 해산물 플래터
2023-10-06,0,10,Autumn,0,0,0,라그로타,모둠 해산물 플래터
2023-10-07,1,10,Autumn,1,0,1,라그로타,모둠 해산물 플래터
2023-10-08,1,10,Autumn,1,0,1,라그로타,모둠 해산물 플래터
2023-10-09,0,10,Autumn,0,1,1,라그로타,모둠 해산물 플래터
2023-10-10,0,10,Autumn,0,0,0,라그로타,모둠 해산물 플래터
2023-10-11,1,10,Autumn,0,0,0,라그로타,모둠 해산물 플래터
2023-10-12,0,10,Autumn,0,0,0,라그로타,모둠 해산물 플래터
2023-10-13,1,10,Autumn,0,0,0,라그로타,모둠 해산물 플래터
2023-10-14,1,10,Autumn,1,0,1,라그로타,모둠 해산물 플래터
2023-10-15,1,10,Autumn,1,0,1,라그로타,모둠 해산물 플래터
2023-10-16,0,10,Autumn,0,0,0,라그로타,모둠 해산물 플래터
2023-10-17,0,10,Autumn,0,0,0,라그로타,모둠 해산물 플래터
2023-10-18,0,10,Autumn,0,0,0,라그로타,모둠 해산물 플래터
2023-10-19,2,10,Autumn,0,0,0,라그로타,모둠 해산물 플래터
2023-10-20,0,10,Autumn,0,0,0,라그로타,모둠 해산물 플래터
2023-10-21,1,10,Autumn,1,0,1,라그로타,모둠 해산물 플래터
2023-10-22,0,10,Autumn,1,0,1,라그로타,모둠 해산물 플래터
2023-10-23,0,10,Autumn,0,0,0,라그로타,모둠 해산물 플래터
2023-10-24,1,10,Autumn,0,0,0,라그로타,모둠 해산물 플래터
2023-10-25,0,10,Autumn,0,0,0,라그로타,모둠 해산물 플래터
2023-10-26,0,10,Autumn,0,0,0,라그로타,모둠 해산물 플래터
2023-10-27,0,10,Autumn,0,0,0,라그로타,모둠 해산물 플래터
2023-10-28,0,10,Autumn,1,0,1,라그로타,모둠 해산물 플래터
2023-10-29,2,10,Autumn,1,0,1,라그로타,모둠 해산물 플래터
2023-10-30,0,10,Autumn,0,0,0,라그로타,모둠 해산물 플래터
2023-10-31,2,10,Autumn,0,0,0,라그로타,모둠 해산물 플래터
2023-11-01,1,11,Autumn,0,0,0,라그로타,모둠 해산물 플래터
2023-11-02,0,11,Autumn,0,0,0,라그로타,모둠 해산물 플래터
2023-11-03,0,11,Autumn,0,0,0,라그로타,모둠 해산물 플래터
2023-11-04,1,11,Autumn,1,0,1,라그로타,모둠 해산물 플래터
2023-11-05,0,11,Autumn,1,0,1,라그로타,모둠 해산물 플래터
2023-11-06,0,11,Autumn,0,0,0,라그로타,모둠 해산물 플래터
2023-11-07,0,11,Autumn,0,0,0,라그로타,모둠 해산물 플래터
2023-11-08,4,11,Autumn,0,0,0,라그로타,모둠 해산물 플래터
2023-11-09,0,11,Autumn,0,0,0,라그로타,모둠 해산물 플래터
2023-11-10,0,11,Autumn,0,0,0,라그로타,모둠 해산물 플래터
2023-11-11,1,11,Autumn,1,0,1,라그로타,모둠 해산물 플래터
2023-11-12,0,11,Autumn,1,0,1,라그로타,모둠 해산물 플래터
2023-11-13,0,11,Autumn,0,0,0,라그로타,모둠 해산물 플래터
2023-11-14,0,11,Autumn,0,0,0,라그로타,모둠 해산물 플래터
2023-11-15,0,11,Autumn,0,0,0,라그로타,모둠 해산물 플래터
2023-11-16,2,11,Autumn,0,0,0,라그로타,모둠 해산물 플래터
2023-11-17,0,11,Autumn,0,0,0,라그로타,모둠 해산물 플래터
2023-11-18,0,11,Autumn,1,0,1,라그로타,모둠 해산물 플래터
2023-11-19,0,11,Autumn,1,0,1,라그로타,모둠 해산물 플래터
2023-11-20,0,11,Autumn,0,0,0,라그로타,모둠 해산물 플래터
2023-11-21,0,11,Autumn,0,0,0,라그로타,모둠 해산물 플래터
2023-11-22,0,11,Autumn,0,0,0,라그로타,모둠 해산물 플래터
2023-11-23,0,11,Autumn,0,0,0,라그로타,모둠 해산물 플래터
2023-11-24,0,11,Autumn,0,0,0,라그로타,모둠 해산물 플래터
2023-11-25,0,11,Autumn,1,0,1,라그로타,모둠 해산물 플래터
2023-11-26,0,11,Autumn,1,0,1,라그로타,모둠 해산물 플래터
2023-11-27,0,11,Autumn,0,0,0,라그로타,모둠 해산물 플래터
2023-11-28,0,11,Autumn,0,0,0,라그로타,모둠 해산물 플래터
2023-11-29,0,11,Autumn,0,0,0,라그로타,모둠 해산물 플래터
2023-11-30,0,11,Autumn,0,0,0,라그로타,모둠 해산물 플래터
2023-12-01,1,12,Winter,0,0,0,라그로타,모둠 해산물 플래터
2023-12-02,0,12,Winter,1,0,1,라그로타,모둠 해산물 플래터
2023-12-03,1,12,Winter,1,0,1,라그로타,모둠 해산물 플래터
2023-12-04,0,12,Winter,0,0,0,라그로타,모둠 해산물 플래터
2023-12-05,0,12,Winter,0,0,0,라그로타,모둠 해산물 플래터
2023-12-06,0,12,Winter,0,0,0,라그로타,모둠 해산물 플래터
2023-12-07,0,12,Winter,0,0,0,라그로타,모둠 해산물 플래터
2023-12-08,0,12,Winter,0,0,0,라그로타,모둠 해산물 플래터
2023-12-09,2,12,Winter,1,0,1,라그로타,모둠 해산물 플래터
2023-12-10,0,12,Winter,1,0,1,라그로타,모둠 해산물 플래터
2023-12-11,0,12,Winter,0,0,0,라그로타,모둠 해산물 플래터
2023-12-12,0,12,Winter,0,0,0,라그로타,모둠 해산물 플래터
2023-12-13,0,12,Winter,0,0,0,라그로타,모둠 해산물 플래터
2023-12-14,0,12,Winter,0,0,0,라그로타,모둠 해산물 플래터
2023-12-15,1,12,Winter,0,0,0,라그로타,모둠 해산물 플래터
2023-12-16,2,12,Winter,1,0,1,라그로타,모둠 해산물 플래터
2023-12-17,1,12,Winter,1,0,1,라그로타,모둠 해산물 플래터
2023-12-18,0,12,Winter,0,0,0,라그로타,모둠 해산물 플래터
2023-12-19,1,12,Winter,0,0,0,라그로타,모둠 해산물 플래터
2023-12-20,0,12,Winter,0,0,0,라그로타,모둠 해산물 플래터
2023-12-21,1,12,Winter,0,0,0,라그로타,모둠 해산물 플래터
2023-12-22,0,12,Winter,0,0,0,라그로타,모둠 해산물 플래터
2023-12-23,1,12,Winter,1,0,1,라그로타,모둠 해산물 플래터
2023-12-24,0,12,Winter,1,0,1,라그로타,모둠 해산물 플래터
2023-12-25,1,12,Winter,0,1,1,라그로타,모둠 해산물 플래터
2023-12-26,0,12,Winter,0,0,0,라그로타,모둠 해산물 플래터
2023-12-27,1,12,Winter,0,0,0,라그로타,모둠 해산물 플래터
2023-12-28,0,12,Winter,0,0,0,라그로타,모둠 해산물 플래터
2023-12-29,1,12,Winter,0,0,0,라그로타,모둠 해산물 플래터
2023-12-30,0,12,Winter,1,0,1,라그로타,모둠 해산물 플래터
2023-12-31,0,12,Winter,1,0,1,라그로타,모둠 해산물 플래터
2024-01-01,0,1,Winter,0,1,1,라그로타,모둠 해산물 플래터
2024-01-02,0,1,Winter,0,0,0,라그로타,모둠 해산물 플래터
2024-01-03,0,1,Winter,0,0,0,라그로타,모둠 해산물 플래터
2024-01-04,0,1,Winter,0,0,0,라그로타,모둠 해산물 플래터
2024-01-05,0,1,Winter,0,0,0,라그로타,모둠 해산물 플래터
2024-01-06,1,1,Winter,1,0,1,라그로타,모둠 해산물 플래터
2024-01-07,1,1,Winter,1,0,1,라그로타,모둠 해산물 플래터
2024-01-08,0,1,Winter,0,0,0,라그로타,모둠 해산물 플래터
2024-01-09,0,1,Winter,0,0,0,라그로타,모둠 해산물 플래터
2024-01-10,0,1,Winter,0,0,0,라그로타,모둠 해산물 플래터
2024-01-11,0,1,Winter,0,0,0,라그로타,모둠 해산물 플래터
2024-01-12,0,1,Winter,0,0,0,라그로타,모둠 해산물 플래터
2024-01-13,0,1,Winter,1,0,1,라그로타,모둠 해산물 플래터
2024-01-14,0,1,Winter,1,0,1,라그로타,모둠 해산물 플래터
2024-01-15,1,1,Winter,0,0,0,라그로타,모둠 해산물 플래터
2024-01-16,0,1,Winter,0,0,0,라그로타,모둠 해산물 플래터
2024-01-17,1,1,Winter,0,0,0,라그로타,모둠 해산물 플래터
2024-01-18,0,1,Winter,0,0,0,라그로타,모둠 해산물 플래터
2024-01-19,0,1,Winter,0,0,0,라그로타,모둠 해산물 플래터
2024-01-20,0,1,Winter,1,0,1,라그로타,모둠 해산물 플래터
2024-01-21,0,1,Winter,1,0,1,라그로타,모둠 해산물 플래터
2024-01-22,1,1,Winter,0,0,0,라그로타,모둠 해산물 플래터
2024-01-23,0,1,Winter,0,0,0,라그로타,모둠 해산물 플래터
2024-01-24,0,1,Winter,0,0,0,라그로타,모둠 해산물 플래터
2024-01-25,0,1,Winter,0,0,0,라그로타,모둠 해산물 플래터
2024-01-26,0,1,Winter,0,0,0,라그로타,모둠 해산물 플래터
2024-01-27,1,1,Winter,1,0,1,라그로타,모둠 해산물 플래터
2024-01-28,0,1,Winter,1,0,1,라그로타,모둠 해산물 플래터
2024-01-29,1,1,Winter,0,0,0,라그로타,모둠 해산물 플래터
2024-01-30,0,1,Winter,0,0,0,라그로타,모둠 해산물 플래터
2024-01-31,0,1,Winter,0,0,0,라그로타,모둠 해산물 플래터
2024-02-01,0,2,Winter,0,0,0,라그로타,모둠 해산물 플래터
2024-02-02,2,2,Winter,0,0,0,라그로타,모둠 해산물 플래터
2024-02-03,0,2,Winter,1,0,1,라그로타,모둠 해산물 플래터
2024-02-04,0,2,Winter,1,0,1,라그로타,모둠 해산물 플래터
2024-02-05,0,2,Winter,0,0,0,라그로타,모둠 해산물 플래터
2024-02-06,2,2,Winter,0,0,0,라그로타,모둠 해산물 플래터
2024-02-07,0,2,Winter,0,0,0,라그로타,모둠 해산물 플래터
2024-02-08,0,2,Winter,0,0,0,라그로타,모둠 해산물 플래터
2024-02-09,1,2,Winter,0,1,1,라그로타,모둠 해산물 플래터
2024-02-10,0,2,Winter,1,1,1,라그로타,모둠 해산물 플래터
2024-02-11,0,2,Winter,1,1,1,라그로타,모둠 해산물 플래터
2024-02-12,0,2,Winter,0,1,1,라그로타,모둠 해산물 플래터
2024-02-13,0,2,Winter,0,0,0,라그로타,모둠 해산물 플래터
2024-02-14,0,2,Winter,0,0,0,라그로타,모둠 해산물 플래터
2024-02-15,0,2,Winter,0,0,0,라그로타,모둠 해산물 플래터
2024-02-16,0,2,Winter,0,0,0,라그로타,모둠 해산물 플래터
2024-02-17,0,2,Winter,1,0,1,라그로타,모둠 해산물 플래터
2024-02-18,0,2,Winter,1,0,1,라그로타,모둠 해산물 플래터
2024-02-19,0,2,Winter,0,0,0,라그로타,모둠 해산물 플래터
2024-02-20,0,2,Winter,0,0,0,라그로타,모둠 해산물 플래터
2024-02-21,0,2,Winter,0,0,0,라그로타,모둠 해산물 플래터
2024-02-22,0,2,Winter,0,0,0,라그로타,모둠 해산물 플래터
2024-02-23,0,2,Winter,0,0,0,라그로타,모둠 해산물 플래터
2024-02-24,1,2,Winter,1,0,1,라그로타,모둠 해산물 플래터
2024-02-25,0,2,Winter,1,0,1,라그로타,모둠 해산물 플래터
2024-02-26,0,2,Winter,0,0,0,라그로타,모둠 해산물 플래터
2024-02-27,1,2,Winter,0,0,0,라그로타,모둠 해산물 플래터
2024-02-28,0,2,Winter,0,0,0,라그로타,모둠 해산물 플래터
2024-02-29,0,2,Winter,0,0,0,라그로타,모둠 해산물 플래터
2024-03-01,0,3,Spring,0,1,1,라그로타,모둠 해산물 플래터
2024-03-02,0,3,Spring,1,0,1,라그로타,모둠 해산물 플래터
2024-03-03,0,3,Spring,1,0,1,라그로타,모둠 해산물 플래터
2024-03-04,0,3,Spring,0,0,0,라그로타,모둠 해산물 플래터
2024-03-05,0,3,Spring,0,0,0,라그로타,모둠 해산물 플래터
2024-03-06,0,3,Spring,0,0,0,라그로타,모둠 해산물 플래터
2024-03-07,0,3,Spring,0,0,0,라그로타,모둠 해산물 플래터
2024-03-08,0,3,Spring,0,0,0,라그로타,모둠 해산물 플래터
2024-03-09,0,3,Spring,1,0,1,라그로타,모둠 해산물 플래터
2024-03-10,0,3,Spring,1,0,1,라그로타,모둠 해산물 플래터
2024-03-11,0,3,Spring,0,0,0,라그로타,모둠 해산물 플래터
2024-03-12,0,3,Spring,0,0,0,라그로타,모둠 해산물 플래터
2024-03-13,0,3,Spring,0,0,0,라그로타,모둠 해산물 플래터
2024-03-14,0,3,Spring,0,0,0,라그로타,모둠 해산물 플래터
2024-03-15,0,3,Spring,0,0,0,라그로타,모둠 해산물 플래터
2024-03-16,0,3,Spring,1,0,1,라그로타,모둠 해산물 플래터
2024-03-17,0,3,Spring,1,0,1,라그로타,모둠 해산물 플래터
2024-03-18,0,3,Spring,0,0,0,라그로타,모둠 해산물 플래터
2024-03-19,0,3,Spring,0,0,0,라그로타,모둠 해산물 플래터
2024-03-20,0,3,Spring,0,0,0,라그로타,모둠 해산물 플래터
2024-03-21,0,3,Spring,0,0,0,라그로타,모둠 해산물 플래터
2024-03-22,0,3,Spring,0,0,0,라그로타,모둠 해산물 플래터
2024-03-23,0,3,Spring,1,0,1,라그로타,모둠 해산물 플래터
2024-03-24,0,3,Spring,1,0,1,라그로타,모둠 해산물 플래터
2024-03-25,0,3,Spring,0,0,0,라그로타,모둠 해산물 플래터
2024-03-26,0,3,Spring,0,0,0,라그로타,모둠 해산물 플래터
2024-03-27,0,3,Spring,0,0,0,라그로타,모둠 해산물 플래터
2024-03-28,0,3,Spring,0,0,0,라그로타,모둠 해산물 플래터
2024-03-29,1,3,Spring,0,0,0,라그로타,모둠 해산물 플래터
2024-03-30,2,3,Spring,1,0,1,라그로타,모둠 해산물 플래터
2024-03-31,0,3,Spring,1,0,1,라그로타,모둠 해산물 플래터
2024-04-01,0,4,Spring,0,0,0,라그로타,모둠 해산물 플래터
2024-04-02,0,4,Spring,0,0,0,라그로타,모둠 해산물 플래터
2024-04-03,0,4,Spring,0,0,0,라그로타,모둠 해산물 플래터
2024-04-04,1,4,Spring,0,0,0,라그로타,모둠 해산물 플래터
2024-04-05,0,4,Spring,0,0,0,라그로타,모둠 해산물 플래터
2024-04-06,4,4,Spring,1,0,1,라그로타,모둠 해산물 플래터
2024-04-07,0,4,Spring,1,0,1,라그로타,모둠 해산물 플래터
2024-04-08,0,4,Spring,0,0,0,라그로타,모둠 해산물 플래터
2024-04-09,1,4,Spring,0,0,0,라그로타,모둠 해산물 플래터
2024-04-10,0,4,Spring,0,1,1,라그로타,모둠 해산물 플래터
2024-04-11,2,4,Spring,0,0,0,라그로타,모둠 해산물 플래터
2024-04-12,1,4,Spring,0,0,0,라그로타,모둠 해산물 플래터
2024-04-13,5,4,Spring,1,0,1,라그로타,모둠 해산물 플래터
2024-04-14,2,4,Spring,1,0,1,라그로타,모둠 해산물 플래터
2024-04-15,0,4,Spring,0,0,0,라그로타,모둠 해산물 플래터
2024-04-16,1,4,Spring,0,0,0,라그로타,모둠 해산물 플래터
2024-04-17,0,4,Spring,0,0,0,라그로타,모둠 해산물 플래터
2024-04-18,0,4,Spring,0,0,0,라그로타,모둠 해산물 플래터
2024-04-19,2,4,Spring,0,0,0,라그로타,모둠 해산물 플래터
2024-04-20,2,4,Spring,1,0,1,라그로타,모둠 해산물 플래터
2024-04-21,4,4,Spring,1,0,1,라그로타,모둠 해산물 플래터
2024-04-22,0,4,Spring,0,0,0,라그로타,모둠 해산물 플래터
2024-04-23,0,4,Spring,0,0,0,라그로타,모둠 해산물 플래터
2024-04-24,2,4,Spring,0,0,0,라그로타,모둠 해산물 플래터
2024-04-25,0,4,Spring,0,0,0,라그로타,모둠 해산물 플래터
2024-04-26,1,4,Spring,0,0,0,라그로타,모둠 해산물 플래터
2024-04-27,2,4,Spring,1,0,1,라그로타,모둠 해산물 플래터
2024-04-28,0,4,Spring,1,0,1,라그로타,모둠 해산물 플래터
2024-04-29,0,4,Spring,0,0,0,라그로타,모둠 해산물 플래터
2024-04-30,0,4,Spring,0,0,0,라그로타,모둠 해산물 플래터
2024-05-01,1,5,Spring,0,0,0,라그로타,모둠 해산물 플래터
2024-05-02,0,5,Spring,0,0,0,라그로타,모둠 해산물 플래터
2024-05-03,0,5,Spring,0,0,0,라그로타,모둠 해산물 플래터
2024-05-04,2,5,Spring,1,0,1,라그로타,모둠 해산물 플래터
2024-05-05,4,5,Spring,1,1,1,라그로타,모둠 해산물 플래터
2024-05-06,0,5,Spring,0,1,1,라그로타,모둠 해산물 플래터
2024-05-07,2,5,Spring,0,0,0,라그로타,모둠 해산물 플래터
2024-05-08,1,5,Spring,0,0,0,라그로타,모둠 해산물 플래터
2024-05-09,2,5,Spring,0,0,0,라그로타,모둠 해산물 플래터
2024-05-10,1,5,Spring,0,0,0,라그로타,모둠 해산물 플래터
2024-05-11,2,5,Spring,1,0,1,라그로타,모둠 해산물 플래터
2024-05-12,0,5,Spring,1,0,1,라그로타,모둠 해산물 플래터
2024-05-13,0,5,Spring,0,0,0,라그로타,모둠 해산물 플래터
2024-05-14,1,5,Spring,0,0,0,라그로타,모둠 해산물 플래터
2024-05-15,2,5,Spring,0,1,1,라그로타,모둠 해산물 플래터
2024-05-16,0,5,Spring,0,0,0,라그로타,모둠 해산물 플래터
2024-05-17,0,5,Spring,0,0,0,라그로타,모둠 해산물 플래터
2024-05-18,1,5,Spring,1,0,1,라그로타,모둠 해산물 플래터
2024-05-19,0,5,Spring,1,0,1,라그로타,모둠 해산물 플래터
2024-05-20,0,5,Spring,0,0,0,라그로타,모둠 해산물 플래터
2024-05-21,0,5,Spring,0,0,0,라그로타,모둠 해산물 플래터
2024-05-22,0,5,Spring,0,0,0,라그로타,모둠 해산물 플래터
2024-05-23,0,5,Spring,0,0,0,라그로타,모둠 해산물 플래터
2024-05-24,1,5,Spring,0,0,0,라그로타,모둠 해산물 플래터
2024-05-25,0,5,Spring,1,0,1,라그로타,모둠 해산물 플래터
2024-05-26,0,5,Spring,1,0,1,라그로타,모둠 해산물 플래터
2024-05-27,0,5,Spring,0,0,0,라그로타,모둠 해산물 플래터
2024-05-28,0,5,Spring,0,0,0,라그로타,모둠 해산물 플래터
2024-05-29,0,5,Spring,0,0,0,라그로타,모둠 해산물 플래터
2024-05-30,2,5,Spring,0,0,0,라그로타,모둠 해산물 플래터
2024-05-31,1,5,Spring,0,0,0,라그로타,모둠 해산물 플래터
2024-06-01,1,6,Summer,1,0,1,라그로타,모둠 해산물 플래터
2024-06-02,0,6,Summer,1,0,1,라그로타,모둠 해산물 플래터
2024-06-03,0,6,Summer,0,0,0,라그로타,모둠 해산물 플래터
2024-06-04,0,6,Summer,0,0,0,라그로타,모둠 해산물 플래터
2024-06-05,1,6,Summer,0,0,0,라그로타,모둠 해산물 플래터
2024-06-06,1,6,Summer,0,1,1,라그로타,모둠 해산물 플래터
2024-06-07,1,6,Summer,0,0,0,라그로타,모둠 해산물 플래터
2024-06-08,4,6,Summer,1,0,1,라그로타,모둠 해산물 플래터
2024-06-09,1,6,Summer,1,0,1,라그로타,모둠 해산물 플래터
2024-06-10,0,6,Summer,0,0,0,라그로타,모둠 해산물 플래터
2024-06-11,1,6,Summer,0,0,0,라그로타,모둠 해산물 플래터
2024-06-12,0,6,Summer,0,0,0,라그로타,모둠 해산물 플래터
2024-06-13,0,6,Summer,0,0,0,라그로타,모둠 해산물 플래터
2024-06-14,0,6,Summer,0,0,0,라그로타,모둠 해산물 플래터
2024-06-15,0,6,Summer,1,0,1,라그로타,모둠 해산물 플래터
2023-01-01,0,1,Winter,1,1,1,라그로타,미션 서드 카베르네 쉬라
2023-01-02,2,1,Winter,0,0,0,라그로타,미션 서드 카베르네 쉬라
2023-01-03,2,1,Winter,0,0,0,라그로타,미션 서드 카베르네 쉬라
2023-01-04,0,1,Winter,0,0,0,라그로타,미션 서드 카베르네 쉬라
2023-01-05,0,1,Winter,0,0,0,라그로타,미션 서드 카베르네 쉬라
2023-01-06,3,1,Winter,0,0,0,라그로타,미션 서드 카베르네 쉬라
2023-01-07,0,1,Winter,1,0,1,라그로타,미션 서드 카베르네 쉬라
2023-01-08,0,1,Winter,1,0,1,라그로타,미션 서드 카베르네 쉬라
2023-01-09,2,1,Winter,0,0,0,라그로타,미션 서드 카베르네 쉬라
2023-01-10,2,1,Winter,0,0,0,라그로타,미션 서드 카베르네 쉬라
2023-01-11,1,1,Winter,0,0,0,라그로타,미션 서드 카베르네 쉬라
2023-01-12,0,1,Winter,0,0,0,라그로타,미션 서드 카베르네 쉬라
2023-01-13,1,1,Winter,0,0,0,라그로타,미션 서드 카베르네 쉬라
2023-01-14,3,1,Winter,1,0,1,라그로타,미션 서드 카베르네 쉬라
2023-01-15,0,1,Winter,1,0,1,라그로타,미션 서드 카베르네 쉬라
2023-01-16,0,1,Winter,0,0,0,라그로타,미션 서드 카베르네 쉬라
2023-01-17,3,1,Winter,0,0,0,라그로타,미션 서드 카베르네 쉬라
2023-01-18,1,1,Winter,0,0,0,라그로타,미션 서드 카베르네 쉬라
2023-01-19,1,1,Winter,0,0,0,라그로타,미션 서드 카베르네 쉬라
2023-01-20,2,1,Winter,0,0,0,라그로타,미션 서드 카베르네 쉬라
2023-01-21,2,1,Winter,1,1,1,라그로타,미션 서드 카베르네 쉬라
2023-01-22,2,1,Winter,1,1,1,라그로타,미션 서드 카베르네 쉬라
2023-01-23,2,1,Winter,0,1,1,라그로타,미션 서드 카베르네 쉬라
2023-01-24,1,1,Winter,0,1,1,라그로타,미션 서드 카베르네 쉬라
2023-01-25,2,1,Winter,0,0,0,라그로타,미션 서드 카베르네 쉬라
2023-01-26,0,1,Winter,0,0,0,라그로타,미션 서드 카베르네 쉬라
2023-01-27,4,1,Winter,0,0,0,라그로타,미션 서드 카베르네 쉬라
2023-01-28,0,1,Winter,1,0,1,라그로타,미션 서드 카베르네 쉬라
2023-01-29,2,1,Winter,1,0,1,라그로타,미션 서드 카베르네 쉬라
2023-01-30,0,1,Winter,0,0,0,라그로타,미션 서드 카베르네 쉬라
2023-01-31,0,1,Winter,0,0,0,라그로타,미션 서드 카베르네 쉬라
2023-02-01,1,2,Winter,0,0,0,라그로타,미션 서드 카베르네 쉬라
2023-02-02,1,2,Winter,0,0,0,라그로타,미션 서드 카베르네 쉬라
2023-02-03,0,2,Winter,0,0,0,라그로타,미션 서드 카베르네 쉬라
2023-02-04,2,2,Winter,1,0,1,라그로타,미션 서드 카베르네 쉬라
2023-02-05,0,2,Winter,1,0,1,라그로타,미션 서드 카베르네 쉬라
2023-02-06,0,2,Winter,0,0,0,라그로타,미션 서드 카베르네 쉬라
2023-02-07,0,2,Winter,0,0,0,라그로타,미션 서드 카베르네 쉬라
2023-02-08,2,2,Winter,0,0,0,라그로타,미션 서드 카베르네 쉬라
2023-02-09,0,2,Winter,0,0,0,라그로타,미션 서드 카베르네 쉬라
2023-02-10,1,2,Winter,0,0,0,라그로타,미션 서드 카베르네 쉬라
2023-02-11,0,2,Winter,1,0,1,라그로타,미션 서드 카베르네 쉬라
2023-02-12,4,2,Winter,1,0,1,라그로타,미션 서드 카베르네 쉬라
2023-02-13,0,2,Winter,0,0,0,라그로타,미션 서드 카베르네 쉬라
2023-02-14,0,2,Winter,0,0,0,라그로타,미션 서드 카베르네 쉬라
2023-02-15,2,2,Winter,0,0,0,라그로타,미션 서드 카베르네 쉬라
2023-02-16,1,2,Winter,0,0,0,라그로타,미션 서드 카베르네 쉬라
2023-02-17,1,2,Winter,0,0,0,라그로타,미션 서드 카베르네 쉬라
2023-02-18,3,2,Winter,1,0,1,라그로타,미션 서드 카베르네 쉬라
2023-02-19,4,2,Winter,1,0,1,라그로타,미션 서드 카베르네 쉬라
2023-02-20,0,2,Winter,0,0,0,라그로타,미션 서드 카베르네 쉬라
2023-02-21,0,2,Winter,0,0,0,라그로타,미션 서드 카베르네 쉬라
2023-02-22,2,2,Winter,0,0,0,라그로타,미션 서드 카베르네 쉬라
2023-02-23,1,2,Winter,0,0,0,라그로타,미션 서드 카베르네 쉬라
2023-02-24,1,2,Winter,0,0,0,라그로타,미션 서드 카베르네 쉬라
2023-02-25,3,2,Winter,1,0,1,라그로타,미션 서드 카베르네 쉬라
2023-02-26,1,2,Winter,1,0,1,라그로타,미션 서드 카베르네 쉬라
2023-02-27,0,2,Winter,0,0,0,라그로타,미션 서드 카베르네 쉬라
2023-02-28,1,2,Winter,0,0,0,라그로타,미션 서드 카베르네 쉬라
2023-03-01,0,3,Spring,0,1,1,라그로타,미션 서드 카베르네 쉬라
2023-03-02,0,3,Spring,0,0,0,라그로타,미션 서드 카베르네 쉬라
2023-03-03,0,3,Spring,0,0,0,라그로타,미션 서드 카베르네 쉬라
2023-03-04,0,3,Spring,1,0,1,라그로타,미션 서드 카베르네 쉬라
2023-03-05,0,3,Spring,1,0,1,라그로타,미션 서드 카베르네 쉬라
2023-03-06,0,3,Spring,0,0,0,라그로타,미션 서드 카베르네 쉬라
2023-03-07,0,3,Spring,0,0,0,라그로타,미션 서드 카베르네 쉬라
2023-03-08,0,3,Spring,0,0,0,라그로타,미션 서드 카베르네 쉬라
2023-03-09,0,3,Spring,0,0,0,라그로타,미션 서드 카베르네 쉬라
2023-03-10,0,3,Spring,0,0,0,라그로타,미션 서드 카베르네 쉬라
2023-03-11,1,3,Spring,1,0,1,라그로타,미션 서드 카베르네 쉬라
2023-03-12,0,3,Spring,1,0,1,라그로타,미션 서드 카베르네 쉬라
2023-03-13,0,3,Spring,0,0,0,라그로타,미션 서드 카베르네 쉬라
2023-03-14,0,3,Spring,0,0,0,라그로타,미션 서드 카베르네 쉬라
2023-03-15,1,3,Spring,0,0,0,라그로타,미션 서드 카베르네 쉬라
2023-03-16,1,3,Spring,0,0,0,라그로타,미션 서드 카베르네 쉬라
2023-03-17,1,3,Spring,0,0,0,라그로타,미션 서드 카베르네 쉬라
2023-03-18,1,3,Spring,1,0,1,라그로타,미션 서드 카베르네 쉬라
2023-03-19,2,3,Spring,1,0,1,라그로타,미션 서드 카베르네 쉬라
2023-03-20,0,3,Spring,0,0,0,라그로타,미션 서드 카베르네 쉬라
2023-03-21,0,3,Spring,0,0,0,라그로타,미션 서드 카베르네 쉬라
2023-03-22,0,3,Spring,0,0,0,라그로타,미션 서드 카베르네 쉬라
2023-03-23,27,3,Spring,0,0,0,라그로타,미션 서드 카베르네 쉬라
2023-03-24,0,3,Spring,0,0,0,라그로타,미션 서드 카베르네 쉬라
2023-03-25,1,3,Spring,1,0,1,라그로타,미션 서드 카베르네 쉬라
2023-03-26,0,3,Spring,1,0,1,라그로타,미션 서드 카베르네 쉬라
2023-03-27,0,3,Spring,0,0,0,라그로타,미션 서드 카베르네 쉬라
2023-03-28,0,3,Spring,0,0,0,라그로타,미션 서드 카베르네 쉬라
2023-03-29,0,3,Spring,0,0,0,라그로타,미션 서드 카베르네 쉬라
2023-03-30,0,3,Spring,0,0,0,라그로타,미션 서드 카베르네 쉬라
2023-03-31,0,3,Spring,0,0,0,라그로타,미션 서드 카베르네 쉬라
2023-04-01,2,4,Spring,1,0,1,라그로타,미션 서드 카베르네 쉬라
2023-04-02,2,4,Spring,1,0,1,라그로타,미션 서드 카베르네 쉬라
2023-04-03,0,4,Spring,0,0,0,라그로타,미션 서드 카베르네 쉬라
2023-04-04,1,4,Spring,0,0,0,라그로타,미션 서드 카베르네 쉬라
2023-04-05,6,4,Spring,0,0,0,라그로타,미션 서드 카베르네 쉬라
2023-04-06,0,4,Spring,0,0,0,라그로타,미션 서드 카베르네 쉬라
2023-04-07,0,4,Spring,0,0,0,라그로타,미션 서드 카베르네 쉬라
2023-04-08,0,4,Spring,1,0,1,라그로타,미션 서드 카베르네 쉬라
2023-04-09,2,4,Spring,1,0,1,라그로타,미션 서드 카베르네 쉬라
2023-04-10,0,4,Spring,0,0,0,라그로타,미션 서드 카베르네 쉬라
2023-04-11,1,4,Spring,0,0,0,라그로타,미션 서드 카베르네 쉬라
2023-04-12,3,4,Spring,0,0,0,라그로타,미션 서드 카베르네 쉬라
2023-04-13,1,4,Spring,0,0,0,라그로타,미션 서드 카베르네 쉬라
2023-04-14,0,4,Spring,0,0,0,라그로타,미션 서드 카베르네 쉬라
2023-04-15,1,4,Spring,1,0,1,라그로타,미션 서드 카베르네 쉬라
2023-04-16,0,4,Spring,1,0,1,라그로타,미션 서드 카베르네 쉬라
2023-04-17,0,4,Spring,0,0,0,라그로타,미션 서드 카베르네 쉬라
2023-04-18,0,4,Spring,0,0,0,라그로타,미션 서드 카베르네 쉬라
2023-04-19,1,4,Spring,0,0,0,라그로타,미션 서드 카베르네 쉬라
2023-04-20,0,4,Spring,0,0,0,라그로타,미션 서드 카베르네 쉬라
2023-04-21,8,4,Spring,0,0,0,라그로타,미션 서드 카베르네 쉬라
2023-04-22,3,4,Spring,1,0,1,라그로타,미션 서드 카베르네 쉬라
2023-04-23,0,4,Spring,1,0,1,라그로타,미션 서드 카베르네 쉬라
2023-04-24,0,4,Spring,0,0,0,라그로타,미션 서드 카베르네 쉬라
2023-04-25,3,4,Spring,0,0,0,라그로타,미션 서드 카베르네 쉬라
2023-04-26,1,4,Spring,0,0,0,라그로타,미션 서드 카베르네 쉬라
2023-04-27,0,4,Spring,0,0,0,라그로타,미션 서드 카베르네 쉬라
2023-04-28,1,4,Spring,0,0,0,라그로타,미션 서드 카베르네 쉬라
2023-04-29,0,4,Spring,1,0,1,라그로타,미션 서드 카베르네 쉬라
2023-04-30,3,4,Spring,1,0,1,라그로타,미션 서드 카베르네 쉬라
2023-05-01,0,5,Spring,0,0,0,라그로타,미션 서드 카베르네 쉬라
2023-05-02,1,5,Spring,0,0,0,라그로타,미션 서드 카베르네 쉬라
2023-05-03,0,5,Spring,0,0,0,라그로타,미션 서드 카베르네 쉬라
2023-05-04,1,5,Spring,0,0,0,라그로타,미션 서드 카베르네 쉬라
2023-05-05,0,5,Spring,0,1,1,라그로타,미션 서드 카베르네 쉬라
2023-05-06,1,5,Spring,1,0,1,라그로타,미션 서드 카베르네 쉬라
2023-05-07,0,5,Spring,1,0,1,라그로타,미션 서드 카베르네 쉬라
2023-05-08,0,5,Spring,0,0,0,라그로타,미션 서드 카베르네 쉬라
2023-05-09,0,5,Spring,0,0,0,라그로타,미션 서드 카베르네 쉬라
2023-05-10,0,5,Spring,0,0,0,라그로타,미션 서드 카베르네 쉬라
2023-05-11,1,5,Spring,0,0,0,라그로타,미션 서드 카베르네 쉬라
2023-05-12,0,5,Spring,0,0,0,라그로타,미션 서드 카베르네 쉬라
2023-05-13,0,5,Spring,1,0,1,라그로타,미션 서드 카베르네 쉬라
2023-05-14,0,5,Spring,1,0,1,라그로타,미션 서드 카베르네 쉬라
2023-05-15,0,5,Spring,0,0,0,라그로타,미션 서드 카베르네 쉬라
2023-05-16,0,5,Spring,0,0,0,라그로타,미션 서드 카베르네 쉬라
2023-05-17,1,5,Spring,0,0,0,라그로타,미션 서드 카베르네 쉬라
2023-05-18,0,5,Spring,0,0,0,라그로타,미션 서드 카베르네 쉬라
2023-05-19,0,5,Spring,0,0,0,라그로타,미션 서드 카베르네 쉬라
2023-05-20,0,5,Spring,1,0,1,라그로타,미션 서드 카베르네 쉬라
2023-05-21,0,5,Spring,1,0,1,라그로타,미션 서드 카베르네 쉬라
2023-05-22,0,5,Spring,0,0,0,라그로타,미션 서드 카베르네 쉬라
2023-05-23,0,5,Spring,0,0,0,라그로타,미션 서드 카베르네 쉬라
2023-05-24,0,5,Spring,0,0,0,라그로타,미션 서드 카베르네 쉬라
2023-05-25,0,5,Spring,0,0,0,라그로타,미션 서드 카베르네 쉬라
2023-05-26,0,5,Spring,0,0,0,라그로타,미션 서드 카베르네 쉬라
2023-05-27,0,5,Spring,1,1,1,라그로타,미션 서드 카베르네 쉬라
2023-05-28,0,5,Spring,1,0,1,라그로타,미션 서드 카베르네 쉬라
2023-05-29,0,5,Spring,0,1,1,라그로타,미션 서드 카베르네 쉬라
2023-05-30,0,5,Spring,0,0,0,라그로타,미션 서드 카베르네 쉬라
2023-05-31,0,5,Spring,0,0,0,라그로타,미션 서드 카베르네 쉬라
2023-06-01,0,6,Summer,0,0,0,라그로타,미션 서드 카베르네 쉬라
2023-06-02,0,6,Summer,0,0,0,라그로타,미션 서드 카베르네 쉬라
2023-06-03,2,6,Summer,1,0,1,라그로타,미션 서드 카베르네 쉬라
2023-06-04,0,6,Summer,1,0,1,라그로타,미션 서드 카베르네 쉬라
2023-06-05,0,6,Summer,0,0,0,라그로타,미션 서드 카베르네 쉬라
2023-06-06,0,6,Summer,0,1,1,라그로타,미션 서드 카베르네 쉬라
2023-06-07,1,6,Summer,0,0,0,라그로타,미션 서드 카베르네 쉬라
2023-06-08,0,6,Summer,0,0,0,라그로타,미션 서드 카베르네 쉬라
2023-06-09,0,6,Summer,0,0,0,라그로타,미션 서드 카베르네 쉬라
2023-06-10,0,6,Summer,1,0,1,라그로타,미션 서드 카베르네 쉬라
2023-06-11,0,6,Summer,1,0,1,라그로타,미션 서드 카베르네 쉬라
2023-06-12,0,6,Summer,0,0,0,라그로타,미션 서드 카베르네 쉬라
2023-06-13,0,6,Summer,0,0,0,라그로타,미션 서드 카베르네 쉬라
2023-06-14,0,6,Summer,0,0,0,라그로타,미션 서드 카베르네 쉬라
2023-06-15,0,6,Summer,0,0,0,라그로타,미션 서드 카베르네 쉬라
2023-06-16,0,6,Summer,0,0,0,라그로타,미션 서드 카베르네 쉬라
2023-06-17,1,6,Summer,1,0,1,라그로타,미션 서드 카베르네 쉬라
2023-06-18,1,6,Summer,1,0,1,라그로타,미션 서드 카베르네 쉬라
2023-06-19,0,6,Summer,0,0,0,라그로타,미션 서드 카베르네 쉬라
2023-06-20,0,6,Summer,0,0,0,라그로타,미션 서드 카베르네 쉬라
2023-06-21,0,6,Summer,0,0,0,라그로타,미션 서드 카베르네 쉬라
2023-06-22,0,6,Summer,0,0,0,라그로타,미션 서드 카베르네 쉬라
2023-06-23,0,6,Summer,0,0,0,라그로타,미션 서드 카베르네 쉬라
2023-06-24,0,6,Summer,1,0,1,라그로타,미션 서드 카베르네 쉬라
2023-06-25,0,6,Summer,1,0,1,라그로타,미션 서드 카베르네 쉬라
2023-06-26,0,6,Summer,0,0,0,라그로타,미션 서드 카베르네 쉬라
2023-06-27,0,6,Summer,0,0,0,라그로타,미션 서드 카베르네 쉬라
2023-06-28,4,6,Summer,0,0,0,라그로타,미션 서드 카베르네 쉬라
2023-06-29,0,6,Summer,0,0,0,라그로타,미션 서드 카베르네 쉬라
2023-06-30,0,6,Summer,0,0,0,라그로타,미션 서드 카베르네 쉬라
2023-07-01,1,7,Summer,1,0,1,라그로타,미션 서드 카베르네 쉬라
2023-07-02,0,7,Summer,1,0,1,라그로타,미션 서드 카베르네 쉬라
2023-07-03,0,7,Summer,0,0,0,라그로타,미션 서드 카베르네 쉬라
2023-07-04,0,7,Summer,0,0,0,라그로타,미션 서드 카베르네 쉬라
2023-07-05,0,7,Summer,0,0,0,라그로타,미션 서드 카베르네 쉬라
2023-07-06,0,7,Summer,0,0,0,라그로타,미션 서드 카베르네 쉬라
2023-07-07,0,7,Summer,0,0,0,라그로타,미션 서드 카베르네 쉬라
2023-07-08,4,7,Summer,1,0,1,라그로타,미션 서드 카베르네 쉬라
2023-07-09,0,7,Summer,1,0,1,라그로타,미션 서드 카베르네 쉬라
2023-07-10,0,7,Summer,0,0,0,라그로타,미션 서드 카베르네 쉬라
2023-07-11,0,7,Summer,0,0,0,라그로타,미션 서드 카베르네 쉬라
2023-07-12,0,7,Summer,0,0,0,라그로타,미션 서드 카베르네 쉬라
2023-07-13,0,7,Summer,0,0,0,라그로타,미션 서드 카베르네 쉬라
2023-07-14,0,7,Summer,0,0,0,라그로타,미션 서드 카베르네 쉬라
2023-07-15,1,7,Summer,1,0,1,라그로타,미션 서드 카베르네 쉬라
2023-07-16,0,7,Summer,1,0,1,라그로타,미션 서드 카베르네 쉬라
2023-07-17,0,7,Summer,0,0,0,라그로타,미션 서드 카베르네 쉬라
2023-07-18,0,7,Summer,0,0,0,라그로타,미션 서드 카베르네 쉬라
2023-07-19,0,7,Summer,0,0,0,라그로타,미션 서드 카베르네 쉬라
2023-07-20,0,7,Summer,0,0,0,라그로타,미션 서드 카베르네 쉬라
2023-07-21,2,7,Summer,0,0,0,라그로타,미션 서드 카베르네 쉬라
2023-07-22,1,7,Summer,1,0,1,라그로타,미션 서드 카베르네 쉬라
2023-07-23,0,7,Summer,1,0,1,라그로타,미션 서드 카베르네 쉬라
2023-07-24,0,7,Summer,0,0,0,라그로타,미션 서드 카베르네 쉬라
2023-07-25,0,7,Summer,0,0,0,라그로타,미션 서드 카베르네 쉬라
2023-07-26,0,7,Summer,0,0,0,라그로타,미션 서드 카베르네 쉬라
2023-07-27,0,7,Summer,0,0,0,라그로타,미션 서드 카베르네 쉬라
2023-07-28,0,7,Summer,0,0,0,라그로타,미션 서드 카베르네 쉬라
2023-07-29,0,7,Summer,1,0,1,라그로타,미션 서드 카베르네 쉬라
2023-07-30,3,7,Summer,1,0,1,라그로타,미션 서드 카베르네 쉬라
2023-07-31,0,7,Summer,0,0,0,라그로타,미션 서드 카베르네 쉬라
2023-08-01,0,8,Summer,0,0,0,라그로타,미션 서드 카베르네 쉬라
2023-08-02,0,8,Summer,0,0,0,라그로타,미션 서드 카베르네 쉬라
2023-08-03,0,8,Summer,0,0,0,라그로타,미션 서드 카베르네 쉬라
2023-08-04,0,8,Summer,0,0,0,라그로타,미션 서드 카베르네 쉬라
2023-08-05,0,8,Summer,1,0,1,라그로타,미션 서드 카베르네 쉬라
2023-08-06,0,8,Summer,1,0,1,라그로타,미션 서드 카베르네 쉬라
2023-08-07,0,8,Summer,0,0,0,라그로타,미션 서드 카베르네 쉬라
2023-08-08,0,8,Summer,0,0,0,라그로타,미션 서드 카베르네 쉬라
2023-08-09,0,8,Summer,0,0,0,라그로타,미션 서드 카베르네 쉬라
2023-08-10,0,8,Summer,0,0,0,라그로타,미션 서드 카베르네 쉬라
2023-08-11,0,8,Summer,0,0,0,라그로타,미션 서드 카베르네 쉬라
2023-08-12,0,8,Summer,1,0,1,라그로타,미션 서드 카베르네 쉬라
2023-08-13,0,8,Summer,1,0,1,라그로타,미션 서드 카베르네 쉬라
2023-08-14,0,8,Summer,0,0,0,라그로타,미션 서드 카베르네 쉬라
2023-08-15,0,8,Summer,0,1,1,라그로타,미션 서드 카베르네 쉬라
2023-08-16,0,8,Summer,0,0,0,라그로타,미션 서드 카베르네 쉬라
2023-08-17,0,8,Summer,0,0,0,라그로타,미션 서드 카베르네 쉬라
2023-08-18,0,8,Summer,0,0,0,라그로타,미션 서드 카베르네 쉬라
2023-08-19,0,8,Summer,1,0,1,라그로타,미션 서드 카베르네 쉬라
2023-08-20,0,8,Summer,1,0,1,라그로타,미션 서드 카베르네 쉬라
2023-08-21,0,8,Summer,0,0,0,라그로타,미션 서드 카베르네 쉬라
2023-08-22,0,8,Summer,0,0,0,라그로타,미션 서드 카베르네 쉬라
2023-08-23,0,8,Summer,0,0,0,라그로타,미션 서드 카베르네 쉬라
2023-08-24,0,8,Summer,0,0,0,라그로타,미션 서드 카베르네 쉬라
2023-08-25,2,8,Summer,0,0,0,라그로타,미션 서드 카베르네 쉬라
2023-08-26,0,8,Summer,1,0,1,라그로타,미션 서드 카베르네 쉬라
2023-08-27,0,8,Summer,1,0,1,라그로타,미션 서드 카베르네 쉬라
2023-08-28,0,8,Summer,0,0,0,라그로타,미션 서드 카베르네 쉬라
2023-08-29,0,8,Summer,0,0,0,라그로타,미션 서드 카베르네 쉬라
2023-08-30,0,8,Summer,0,0,0,라그로타,미션 서드 카베르네 쉬라
2023-08-31,0,8,Summer,0,0,0,라그로타,미션 서드 카베르네 쉬라
2023-09-01,0,9,Autumn,0,0,0,라그로타,미션 서드 카베르네 쉬라
2023-09-02,0,9,Autumn,1,0,1,라그로타,미션 서드 카베르네 쉬라
2023-09-03,0,9,Autumn,1,0,1,라그로타,미션 서드 카베르네 쉬라
2023-09-04,0,9,Autumn,0,0,0,라그로타,미션 서드 카베르네 쉬라
2023-09-05,0,9,Autumn,0,0,0,라그로타,미션 서드 카베르네 쉬라
2023-09-06,0,9,Autumn,0,0,0,라그로타,미션 서드 카베르네 쉬라
2023-09-07,0,9,Autumn,0,0,0,라그로타,미션 서드 카베르네 쉬라
2023-09-08,0,9,Autumn,0,0,0,라그로타,미션 서드 카베르네 쉬라
2023-09-09,1,9,Autumn,1,0,1,라그로타,미션 서드 카베르네 쉬라
2023-09-10,8,9,Autumn,1,0,1,라그로타,미션 서드 카베르네 쉬라
2023-09-11,0,9,Autumn,0,0,0,라그로타,미션 서드 카베르네 쉬라
2023-09-12,0,9,Autumn,0,0,0,라그로타,미션 서드 카베르네 쉬라
2023-09-13,0,9,Autumn,0,0,0,라그로타,미션 서드 카베르네 쉬라
2023-09-14,3,9,Autumn,0,0,0,라그로타,미션 서드 카베르네 쉬라
2023-09-15,1,9,Autumn,0,0,0,라그로타,미션 서드 카베르네 쉬라
2023-09-16,1,9,Autumn,1,0,1,라그로타,미션 서드 카베르네 쉬라
2023-09-17,0,9,Autumn,1,0,1,라그로타,미션 서드 카베르네 쉬라
2023-09-18,0,9,Autumn,0,0,0,라그로타,미션 서드 카베르네 쉬라
2023-09-19,0,9,Autumn,0,0,0,라그로타,미션 서드 카베르네 쉬라
2023-09-20,1,9,Autumn,0,0,0,라그로타,미션 서드 카베르네 쉬라
2023-09-21,0,9,Autumn,0,0,0,라그로타,미션 서드 카베르네 쉬라
2023-09-22,0,9,Autumn,0,0,0,라그로타,미션 서드 카베르네 쉬라
2023-09-23,0,9,Autumn,1,0,1,라그로타,미션 서드 카베르네 쉬라
2023-09-24,0,9,Autumn,1,0,1,라그로타,미션 서드 카베르네 쉬라
2023-09-25,0,9,Autumn,0,0,0,라그로타,미션 서드 카베르네 쉬라
2023-09-26,1,9,Autumn,0,0,0,라그로타,미션 서드 카베르네 쉬라
2023-09-27,0,9,Autumn,0,0,0,라그로타,미션 서드 카베르네 쉬라
2023-09-28,1,9,Autumn,0,1,1,라그로타,미션 서드 카베르네 쉬라
2023-09-29,2,9,Autumn,0,1,1,라그로타,미션 서드 카베르네 쉬라
2023-09-30,0,9,Autumn,1,1,1,라그로타,미션 서드 카베르네 쉬라
2023-10-01,0,10,Autumn,1,0,1,라그로타,미션 서드 카베르네 쉬라
2023-10-02,1,10,Autumn,0,1,1,라그로타,미션 서드 카베르네 쉬라
2023-10-03,0,10,Autumn,0,1,1,라그로타,미션 서드 카베르네 쉬라
2023-10-04,0,10,Autumn,0,0,0,라그로타,미션 서드 카베르네 쉬라
2023-10-05,0,10,Autumn,0,0,0,라그로타,미션 서드 카베르네 쉬라
2023-10-06,1,10,Autumn,0,0,0,라그로타,미션 서드 카베르네 쉬라
2023-10-07,0,10,Autumn,1,0,1,라그로타,미션 서드 카베르네 쉬라
2023-10-08,0,10,Autumn,1,0,1,라그로타,미션 서드 카베르네 쉬라
2023-10-09,1,10,Autumn,0,1,1,라그로타,미션 서드 카베르네 쉬라
2023-10-10,0,10,Autumn,0,0,0,라그로타,미션 서드 카베르네 쉬라
2023-10-11,0,10,Autumn,0,0,0,라그로타,미션 서드 카베르네 쉬라
2023-10-12,0,10,Autumn,0,0,0,라그로타,미션 서드 카베르네 쉬라
2023-10-13,0,10,Autumn,0,0,0,라그로타,미션 서드 카베르네 쉬라
2023-10-14,0,10,Autumn,1,0,1,라그로타,미션 서드 카베르네 쉬라
2023-10-15,0,10,Autumn,1,0,1,라그로타,미션 서드 카베르네 쉬라
2023-10-16,0,10,Autumn,0,0,0,라그로타,미션 서드 카베르네 쉬라
2023-10-17,1,10,Autumn,0,0,0,라그로타,미션 서드 카베르네 쉬라
2023-10-18,1,10,Autumn,0,0,0,라그로타,미션 서드 카베르네 쉬라
2023-10-19,0,10,Autumn,0,0,0,라그로타,미션 서드 카베르네 쉬라
2023-10-20,0,10,Autumn,0,0,0,라그로타,미션 서드 카베르네 쉬라
2023-10-21,0,10,Autumn,1,0,1,라그로타,미션 서드 카베르네 쉬라
2023-10-22,0,10,Autumn,1,0,1,라그로타,미션 서드 카베르네 쉬라
2023-10-23,0,10,Autumn,0,0,0,라그로타,미션 서드 카베르네 쉬라
2023-10-24,2,10,Autumn,0,0,0,라그로타,미션 서드 카베르네 쉬라
2023-10-25,0,10,Autumn,0,0,0,라그로타,미션 서드 카베르네 쉬라
2023-10-26,0,10,Autumn,0,0,0,라그로타,미션 서드 카베르네 쉬라
2023-10-27,1,10,Autumn,0,0,0,라그로타,미션 서드 카베르네 쉬라
2023-10-28,0,10,Autumn,1,0,1,라그로타,미션 서드 카베르네 쉬라
2023-10-29,2,10,Autumn,1,0,1,라그로타,미션 서드 카베르네 쉬라
2023-10-30,0,10,Autumn,0,0,0,라그로타,미션 서드 카베르네 쉬라
2023-10-31,2,10,Autumn,0,0,0,라그로타,미션 서드 카베르네 쉬라
2023-11-01,0,11,Autumn,0,0,0,라그로타,미션 서드 카베르네 쉬라
2023-11-02,0,11,Autumn,0,0,0,라그로타,미션 서드 카베르네 쉬라
2023-11-03,19,11,Autumn,0,0,0,라그로타,미션 서드 카베르네 쉬라
2023-11-04,0,11,Autumn,1,0,1,라그로타,미션 서드 카베르네 쉬라
2023-11-05,0,11,Autumn,1,0,1,라그로타,미션 서드 카베르네 쉬라
2023-11-06,0,11,Autumn,0,0,0,라그로타,미션 서드 카베르네 쉬라
2023-11-07,0,11,Autumn,0,0,0,라그로타,미션 서드 카베르네 쉬라
2023-11-08,0,11,Autumn,0,0,0,라그로타,미션 서드 카베르네 쉬라
2023-11-09,1,11,Autumn,0,0,0,라그로타,미션 서드 카베르네 쉬라
2023-11-10,1,11,Autumn,0,0,0,라그로타,미션 서드 카베르네 쉬라
2023-11-11,0,11,Autumn,1,0,1,라그로타,미션 서드 카베르네 쉬라
2023-11-12,1,11,Autumn,1,0,1,라그로타,미션 서드 카베르네 쉬라
2023-11-13,0,11,Autumn,0,0,0,라그로타,미션 서드 카베르네 쉬라
2023-11-14,0,11,Autumn,0,0,0,라그로타,미션 서드 카베르네 쉬라
2023-11-15,0,11,Autumn,0,0,0,라그로타,미션 서드 카베르네 쉬라
2023-11-16,2,11,Autumn,0,0,0,라그로타,미션 서드 카베르네 쉬라
2023-11-17,2,11,Autumn,0,0,0,라그로타,미션 서드 카베르네 쉬라
2023-11-18,2,11,Autumn,1,0,1,라그로타,미션 서드 카베르네 쉬라
2023-11-19,1,11,Autumn,1,0,1,라그로타,미션 서드 카베르네 쉬라
2023-11-20,0,11,Autumn,0,0,0,라그로타,미션 서드 카베르네 쉬라
2023-11-21,1,11,Autumn,0,0,0,라그로타,미션 서드 카베르네 쉬라
2023-11-22,0,11,Autumn,0,0,0,라그로타,미션 서드 카베르네 쉬라
2023-11-23,1,11,Autumn,0,0,0,라그로타,미션 서드 카베르네 쉬라
2023-11-24,2,11,Autumn,0,0,0,라그로타,미션 서드 카베르네 쉬라
2023-11-25,0,11,Autumn,1,0,1,라그로타,미션 서드 카베르네 쉬라
2023-11-26,1,11,Autumn,1,0,1,라그로타,미션 서드 카베르네 쉬라
2023-11-27,0,11,Autumn,0,0,0,라그로타,미션 서드 카베르네 쉬라
2023-11-28,1,11,Autumn,0,0,0,라그로타,미션 서드 카베르네 쉬라
2023-11-29,0,11,Autumn,0,0,0,라그로타,미션 서드 카베르네 쉬라
2023-11-30,0,11,Autumn,0,0,0,라그로타,미션 서드 카베르네 쉬라
2023-12-01,0,12,Winter,0,0,0,라그로타,미션 서드 카베르네 쉬라
2023-12-02,0,12,Winter,1,0,1,라그로타,미션 서드 카베르네 쉬라
2023-12-03,2,12,Winter,1,0,1,라그로타,미션 서드 카베르네 쉬라
2023-12-04,0,12,Winter,0,0,0,라그로타,미션 서드 카베르네 쉬라
2023-12-05,0,12,Winter,0,0,0,라그로타,미션 서드 카베르네 쉬라
2023-12-06,0,12,Winter,0,0,0,라그로타,미션 서드 카베르네 쉬라
2023-12-07,1,12,Winter,0,0,0,라그로타,미션 서드 카베르네 쉬라
2023-12-08,1,12,Winter,0,0,0,라그로타,미션 서드 카베르네 쉬라
2023-12-09,3,12,Winter,1,0,1,라그로타,미션 서드 카베르네 쉬라
2023-12-10,0,12,Winter,1,0,1,라그로타,미션 서드 카베르네 쉬라
2023-12-11,0,12,Winter,0,0,0,라그로타,미션 서드 카베르네 쉬라
2023-12-12,1,12,Winter,0,0,0,라그로타,미션 서드 카베르네 쉬라
2023-12-13,1,12,Winter,0,0,0,라그로타,미션 서드 카베르네 쉬라
2023-12-14,5,12,Winter,0,0,0,라그로타,미션 서드 카베르네 쉬라
2023-12-15,0,12,Winter,0,0,0,라그로타,미션 서드 카베르네 쉬라
2023-12-16,0,12,Winter,1,0,1,라그로타,미션 서드 카베르네 쉬라
2023-12-17,1,12,Winter,1,0,1,라그로타,미션 서드 카베르네 쉬라
2023-12-18,0,12,Winter,0,0,0,라그로타,미션 서드 카베르네 쉬라
2023-12-19,0,12,Winter,0,0,0,라그로타,미션 서드 카베르네 쉬라
2023-12-20,0,12,Winter,0,0,0,라그로타,미션 서드 카베르네 쉬라
2023-12-21,0,12,Winter,0,0,0,라그로타,미션 서드 카베르네 쉬라
2023-12-22,0,12,Winter,0,0,0,라그로타,미션 서드 카베르네 쉬라
2023-12-23,1,12,Winter,1,0,1,라그로타,미션 서드 카베르네 쉬라
2023-12-24,1,12,Winter,1,0,1,라그로타,미션 서드 카베르네 쉬라
2023-12-25,1,12,Winter,0,1,1,라그로타,미션 서드 카베르네 쉬라
2023-12-26,2,12,Winter,0,0,0,라그로타,미션 서드 카베르네 쉬라
2023-12-27,0,12,Winter,0,0,0,라그로타,미션 서드 카베르네 쉬라
2023-12-28,1,12,Winter,0,0,0,라그로타,미션 서드 카베르네 쉬라
2023-12-29,1,12,Winter,0,0,0,라그로타,미션 서드 카베르네 쉬라
2023-12-30,1,12,Winter,1,0,1,라그로타,미션 서드 카베르네 쉬라
2023-12-31,0,12,Winter,1,0,1,라그로타,미션 서드 카베르네 쉬라
2024-01-01,1,1,Winter,0,1,1,라그로타,미션 서드 카베르네 쉬라
2024-01-02,1,1,Winter,0,0,0,라그로타,미션 서드 카베르네 쉬라
2024-01-03,0,1,Winter,0,0,0,라그로타,미션 서드 카베르네 쉬라
2024-01-04,1,1,Winter,0,0,0,라그로타,미션 서드 카베르네 쉬라
2024-01-05,0,1,Winter,0,0,0,라그로타,미션 서드 카베르네 쉬라
2024-01-06,0,1,Winter,1,0,1,라그로타,미션 서드 카베르네 쉬라
2024-01-07,0,1,Winter,1,0,1,라그로타,미션 서드 카베르네 쉬라
2024-01-08,0,1,Winter,0,0,0,라그로타,미션 서드 카베르네 쉬라
2024-01-09,1,1,Winter,0,0,0,라그로타,미션 서드 카베르네 쉬라
2024-01-10,0,1,Winter,0,0,0,라그로타,미션 서드 카베르네 쉬라
2024-01-11,1,1,Winter,0,0,0,라그로타,미션 서드 카베르네 쉬라
2024-01-12,3,1,Winter,0,0,0,라그로타,미션 서드 카베르네 쉬라
2024-01-13,0,1,Winter,1,0,1,라그로타,미션 서드 카베르네 쉬라
2024-01-14,1,1,Winter,1,0,1,라그로타,미션 서드 카베르네 쉬라
2024-01-15,1,1,Winter,0,0,0,라그로타,미션 서드 카베르네 쉬라
2024-01-16,0,1,Winter,0,0,0,라그로타,미션 서드 카베르네 쉬라
2024-01-17,0,1,Winter,0,0,0,라그로타,미션 서드 카베르네 쉬라
2024-01-18,3,1,Winter,0,0,0,라그로타,미션 서드 카베르네 쉬라
2024-01-19,1,1,Winter,0,0,0,라그로타,미션 서드 카베르네 쉬라
2024-01-20,0,1,Winter,1,0,1,라그로타,미션 서드 카베르네 쉬라
2024-01-21,0,1,Winter,1,0,1,라그로타,미션 서드 카베르네 쉬라
2024-01-22,0,1,Winter,0,0,0,라그로타,미션 서드 카베르네 쉬라
2024-01-23,0,1,Winter,0,0,0,라그로타,미션 서드 카베르네 쉬라
2024-01-24,0,1,Winter,0,0,0,라그로타,미션 서드 카베르네 쉬라
2024-01-25,0,1,Winter,0,0,0,라그로타,미션 서드 카베르네 쉬라
2024-01-26,0,1,Winter,0,0,0,라그로타,미션 서드 카베르네 쉬라
2024-01-27,0,1,Winter,1,0,1,라그로타,미션 서드 카베르네 쉬라
2024-01-28,0,1,Winter,1,0,1,라그로타,미션 서드 카베르네 쉬라
2024-01-29,0,1,Winter,0,0,0,라그로타,미션 서드 카베르네 쉬라
2024-01-30,1,1,Winter,0,0,0,라그로타,미션 서드 카베르네 쉬라
2024-01-31,0,1,Winter,0,0,0,라그로타,미션 서드 카베르네 쉬라
2024-02-01,0,2,Winter,0,0,0,라그로타,미션 서드 카베르네 쉬라
2024-02-02,0,2,Winter,0,0,0,라그로타,미션 서드 카베르네 쉬라
2024-02-03,0,2,Winter,1,0,1,라그로타,미션 서드 카베르네 쉬라
2024-02-04,0,2,Winter,1,0,1,라그로타,미션 서드 카베르네 쉬라
2024-02-05,0,2,Winter,0,0,0,라그로타,미션 서드 카베르네 쉬라
2024-02-06,0,2,Winter,0,0,0,라그로타,미션 서드 카베르네 쉬라
2024-02-07,0,2,Winter,0,0,0,라그로타,미션 서드 카베르네 쉬라
2024-02-08,1,2,Winter,0,0,0,라그로타,미션 서드 카베르네 쉬라
2024-02-09,0,2,Winter,0,1,1,라그로타,미션 서드 카베르네 쉬라
2024-02-10,1,2,Winter,1,1,1,라그로타,미션 서드 카베르네 쉬라
2024-02-11,1,2,Winter,1,1,1,라그로타,미션 서드 카베르네 쉬라
2024-02-12,0,2,Winter,0,1,1,라그로타,미션 서드 카베르네 쉬라
2024-02-13,0,2,Winter,0,0,0,라그로타,미션 서드 카베르네 쉬라
2024-02-14,5,2,Winter,0,0,0,라그로타,미션 서드 카베르네 쉬라
2024-02-15,0,2,Winter,0,0,0,라그로타,미션 서드 카베르네 쉬라
2024-02-16,0,2,Winter,0,0,0,라그로타,미션 서드 카베르네 쉬라
2024-02-17,0,2,Winter,1,0,1,라그로타,미션 서드 카베르네 쉬라
2024-02-18,0,2,Winter,1,0,1,라그로타,미션 서드 카베르네 쉬라
2024-02-19,0,2,Winter,0,0,0,라그로타,미션 서드 카베르네 쉬라
2024-02-20,0,2,Winter,0,0,0,라그로타,미션 서드 카베르네 쉬라
2024-02-21,0,2,Winter,0,0,0,라그로타,미션 서드 카베르네 쉬라
2024-02-22,0,2,Winter,0,0,0,라그로타,미션 서드 카베르네 쉬라
2024-02-23,2,2,Winter,0,0,0,라그로타,미션 서드 카베르네 쉬라
2024-02-24,1,2,Winter,1,0,1,라그로타,미션 서드 카베르네 쉬라
2024-02-25,0,2,Winter,1,0,1,라그로타,미션 서드 카베르네 쉬라
2024-02-26,0,2,Winter,0,0,0,라그로타,미션 서드 카베르네 쉬라
2024-02-27,0,2,Winter,0,0,0,라그로타,미션 서드 카베르네 쉬라
2024-02-28,0,2,Winter,0,0,0,라그로타,미션 서드 카베르네 쉬라
2024-02-29,1,2,Winter,0,0,0,라그로타,미션 서드 카베르네 쉬라
2024-03-01,0,3,Spring,0,1,1,라그로타,미션 서드 카베르네 쉬라
2024-03-02,0,3,Spring,1,0,1,라그로타,미션 서드 카베르네 쉬라
2024-03-03,0,3,Spring,1,0,1,라그로타,미션 서드 카베르네 쉬라
2024-03-04,0,3,Spring,0,0,0,라그로타,미션 서드 카베르네 쉬라
2024-03-05,0,3,Spring,0,0,0,라그로타,미션 서드 카베르네 쉬라
2024-03-06,0,3,Spring,0,0,0,라그로타,미션 서드 카베르네 쉬라
2024-03-07,0,3,Spring,0,0,0,라그로타,미션 서드 카베르네 쉬라
2024-03-08,0,3,Spring,0,0,0,라그로타,미션 서드 카베르네 쉬라
2024-03-09,0,3,Spring,1,0,1,라그로타,미션 서드 카베르네 쉬라
2024-03-10,0,3,Spring,1,0,1,라그로타,미션 서드 카베르네 쉬라
2024-03-11,0,3,Spring,0,0,0,라그로타,미션 서드 카베르네 쉬라
2024-03-12,0,3,Spring,0,0,0,라그로타,미션 서드 카베르네 쉬라
2024-03-13,0,3,Spring,0,0,0,라그로타,미션 서드 카베르네 쉬라
2024-03-14,0,3,Spring,0,0,0,라그로타,미션 서드 카베르네 쉬라
2024-03-15,1,3,Spring,0,0,0,라그로타,미션 서드 카베르네 쉬라
2024-03-16,0,3,Spring,1,0,1,라그로타,미션 서드 카베르네 쉬라
2024-03-17,0,3,Spring,1,0,1,라그로타,미션 서드 카베르네 쉬라
2024-03-18,0,3,Spring,0,0,0,라그로타,미션 서드 카베르네 쉬라
2024-03-19,0,3,Spring,0,0,0,라그로타,미션 서드 카베르네 쉬라
2024-03-20,0,3,Spring,0,0,0,라그로타,미션 서드 카베르네 쉬라
2024-03-21,0,3,Spring,0,0,0,라그로타,미션 서드 카베르네 쉬라
2024-03-22,0,3,Spring,0,0,0,라그로타,미션 서드 카베르네 쉬라
2024-03-23,1,3,Spring,1,0,1,라그로타,미션 서드 카베르네 쉬라
2024-03-24,0,3,Spring,1,0,1,라그로타,미션 서드 카베르네 쉬라
2024-03-25,0,3,Spring,0,0,0,라그로타,미션 서드 카베르네 쉬라
2024-03-26,1,3,Spring,0,0,0,라그로타,미션 서드 카베르네 쉬라
2024-03-27,0,3,Spring,0,0,0,라그로타,미션 서드 카베르네 쉬라
2024-03-28,26,3,Spring,0,0,0,라그로타,미션 서드 카베르네 쉬라
2024-03-29,1,3,Spring,0,0,0,라그로타,미션 서드 카베르네 쉬라
2024-03-30,0,3,Spring,1,0,1,라그로타,미션 서드 카베르네 쉬라
2024-03-31,0,3,Spring,1,0,1,라그로타,미션 서드 카베르네 쉬라
2024-04-01,0,4,Spring,0,0,0,라그로타,미션 서드 카베르네 쉬라
2024-04-02,0,4,Spring,0,0,0,라그로타,미션 서드 카베르네 쉬라
2024-04-03,0,4,Spring,0,0,0,라그로타,미션 서드 카베르네 쉬라
2024-04-04,2,4,Spring,0,0,0,라그로타,미션 서드 카베르네 쉬라
2024-04-05,0,4,Spring,0,0,0,라그로타,미션 서드 카베르네 쉬라
2024-04-06,0,4,Spring,1,0,1,라그로타,미션 서드 카베르네 쉬라
2024-04-07,0,4,Spring,1,0,1,라그로타,미션 서드 카베르네 쉬라
2024-04-08,0,4,Spring,0,0,0,라그로타,미션 서드 카베르네 쉬라
2024-04-09,0,4,Spring,0,0,0,라그로타,미션 서드 카베르네 쉬라
2024-04-10,0,4,Spring,0,1,1,라그로타,미션 서드 카베르네 쉬라
2024-04-11,0,4,Spring,0,0,0,라그로타,미션 서드 카베르네 쉬라
2024-04-12,0,4,Spring,0,0,0,라그로타,미션 서드 카베르네 쉬라
2024-04-13,0,4,Spring,1,0,1,라그로타,미션 서드 카베르네 쉬라
2024-04-14,0,4,Spring,1,0,1,라그로타,미션 서드 카베르네 쉬라
2024-04-15,0,4,Spring,0,0,0,라그로타,미션 서드 카베르네 쉬라
2024-04-16,0,4,Spring,0,0,0,라그로타,미션 서드 카베르네 쉬라
2024-04-17,0,4,Spring,0,0,0,라그로타,미션 서드 카베르네 쉬라
2024-04-18,0,4,Spring,0,0,0,라그로타,미션 서드 카베르네 쉬라
2024-04-19,3,4,Spring,0,0,0,라그로타,미션 서드 카베르네 쉬라
2024-04-20,0,4,Spring,1,0,1,라그로타,미션 서드 카베르네 쉬라
2024-04-21,0,4,Spring,1,0,1,라그로타,미션 서드 카베르네 쉬라
2024-04-22,0,4,Spring,0,0,0,라그로타,미션 서드 카베르네 쉬라
2024-04-23,0,4,Spring,0,0,0,라그로타,미션 서드 카베르네 쉬라
2024-04-24,0,4,Spring,0,0,0,라그로타,미션 서드 카베르네 쉬라
2024-04-25,0,4,Spring,0,0,0,라그로타,미션 서드 카베르네 쉬라
2024-04-26,0,4,Spring,0,0,0,라그로타,미션 서드 카베르네 쉬라
2024-04-27,1,4,Spring,1,0,1,라그로타,미션 서드 카베르네 쉬라
2024-04-28,0,4,Spring,1,0,1,라그로타,미션 서드 카베르네 쉬라
2024-04-29,0,4,Spring,0,0,0,라그로타,미션 서드 카베르네 쉬라
2024-04-30,1,4,Spring,0,0,0,라그로타,미션 서드 카베르네 쉬라
2024-05-01,0,5,Spring,0,0,0,라그로타,미션 서드 카베르네 쉬라
2024-05-02,1,5,Spring,0,0,0,라그로타,미션 서드 카베르네 쉬라
2024-05-03,1,5,Spring,0,0,0,라그로타,미션 서드 카베르네 쉬라
2024-05-04,0,5,Spring,1,0,1,라그로타,미션 서드 카베르네 쉬라
2024-05-05,0,5,Spring,1,1,1,라그로타,미션 서드 카베르네 쉬라
2024-05-06,0,5,Spring,0,1,1,라그로타,미션 서드 카베르네 쉬라
2024-05-07,0,5,Spring,0,0,0,라그로타,미션 서드 카베르네 쉬라
2024-05-08,1,5,Spring,0,0,0,라그로타,미션 서드 카베르네 쉬라
2024-05-09,1,5,Spring,0,0,0,라그로타,미션 서드 카베르네 쉬라
2024-05-10,0,5,Spring,0,0,0,라그로타,미션 서드 카베르네 쉬라
2024-05-11,1,5,Spring,1,0,1,라그로타,미션 서드 카베르네 쉬라
2024-05-12,0,5,Spring,1,0,1,라그로타,미션 서드 카베르네 쉬라
2024-05-13,0,5,Spring,0,0,0,라그로타,미션 서드 카베르네 쉬라
2024-05-14,1,5,Spring,0,0,0,라그로타,미션 서드 카베르네 쉬라
2024-05-15,0,5,Spring,0,1,1,라그로타,미션 서드 카베르네 쉬라
2024-05-16,0,5,Spring,0,0,0,라그로타,미션 서드 카베르네 쉬라
2024-05-17,1,5,Spring,0,0,0,라그로타,미션 서드 카베르네 쉬라
2024-05-18,2,5,Spring,1,0,1,라그로타,미션 서드 카베르네 쉬라
2024-05-19,0,5,Spring,1,0,1,라그로타,미션 서드 카베르네 쉬라
2024-05-20,0,5,Spring,0,0,0,라그로타,미션 서드 카베르네 쉬라
2024-05-21,0,5,Spring,0,0,0,라그로타,미션 서드 카베르네 쉬라
2024-05-22,1,5,Spring,0,0,0,라그로타,미션 서드 카베르네 쉬라
2024-05-23,0,5,Spring,0,0,0,라그로타,미션 서드 카베르네 쉬라
2024-05-24,3,5,Spring,0,0,0,라그로타,미션 서드 카베르네 쉬라
2024-05-25,1,5,Spring,1,0,1,라그로타,미션 서드 카베르네 쉬라
2024-05-26,0,5,Spring,1,0,1,라그로타,미션 서드 카베르네 쉬라
2024-05-27,0,5,Spring,0,0,0,라그로타,미션 서드 카베르네 쉬라
2024-05-28,2,5,Spring,0,0,0,라그로타,미션 서드 카베르네 쉬라
2024-05-29,0,5,Spring,0,0,0,라그로타,미션 서드 카베르네 쉬라
2024-05-30,11,5,Spring,0,0,0,라그로타,미션 서드 카베르네 쉬라
2024-05-31,1,5,Spring,0,0,0,라그로타,미션 서드 카베르네 쉬라
2024-06-01,3,6,Summer,1,0,1,라그로타,미션 서드 카베르네 쉬라
2024-06-02,0,6,Summer,1,0,1,라그로타,미션 서드 카베르네 쉬라
2024-06-03,0,6,Summer,0,0,0,라그로타,미션 서드 카베르네 쉬라
2024-06-04,1,6,Summer,0,0,0,라그로타,미션 서드 카베르네 쉬라
2024-06-05,0,6,Summer,0,0,0,라그로타,미션 서드 카베르네 쉬라
2024-06-06,3,6,Summer,0,1,1,라그로타,미션 서드 카베르네 쉬라
2024-06-07,0,6,Summer,0,0,0,라그로타,미션 서드 카베르네 쉬라
2024-06-08,2,6,Summer,1,0,1,라그로타,미션 서드 카베르네 쉬라
2024-06-09,0,6,Summer,1,0,1,라그로타,미션 서드 카베르네 쉬라
2024-06-10,0,6,Summer,0,0,0,라그로타,미션 서드 카베르네 쉬라
2024-06-11,0,6,Summer,0,0,0,라그로타,미션 서드 카베르네 쉬라
2024-06-12,1,6,Summer,0,0,0,라그로타,미션 서드 카베르네 쉬라
2024-06-13,0,6,Summer,0,0,0,라그로타,미션 서드 카베르네 쉬라
2024-06-14,0,6,Summer,0,0,0,라그로타,미션 서드 카베르네 쉬라
2024-06-15,1,6,Summer,1,0,1,라그로타,미션 서드 카베르네 쉬라
2023-01-01,0,1,Winter,1,1,1,라그로타,버섯 크림 리조또
2023-01-02,0,1,Winter,0,0,0,라그로타,버섯 크림 리조또
2023-01-03,0,1,Winter,0,0,0,라그로타,버섯 크림 리조또
2023-01-04,0,1,Winter,0,0,0,라그로타,버섯 크림 리조또
2023-01-05,0,1,Winter,0,0,0,라그로타,버섯 크림 리조또
2023-01-06,0,1,Winter,0,0,0,라그로타,버섯 크림 리조또
2023-01-07,0,1,Winter,1,0,1,라그로타,버섯 크림 리조또
2023-01-08,0,1,Winter,1,0,1,라그로타,버섯 크림 리조또
2023-01-09,0,1,Winter,0,0,0,라그로타,버섯 크림 리조또
2023-01-10,0,1,Winter,0,0,0,라그로타,버섯 크림 리조또
2023-01-11,0,1,Winter,0,0,0,라그로타,버섯 크림 리조또
2023-01-12,0,1,Winter,0,0,0,라그로타,버섯 크림 리조또
2023-01-13,0,1,Winter,0,0,0,라그로타,버섯 크림 리조또
2023-01-14,0,1,Winter,1,0,1,라그로타,버섯 크림 리조또
2023-01-15,0,1,Winter,1,0,1,라그로타,버섯 크림 리조또
2023-01-16,0,1,Winter,0,0,0,라그로타,버섯 크림 리조또
2023-01-17,0,1,Winter,0,0,0,라그로타,버섯 크림 리조또
2023-01-18,0,1,Winter,0,0,0,라그로타,버섯 크림 리조또
2023-01-19,0,1,Winter,0,0,0,라그로타,버섯 크림 리조또
2023-01-20,0,1,Winter,0,0,0,라그로타,버섯 크림 리조또
2023-01-21,0,1,Winter,1,1,1,라그로타,버섯 크림 리조또
2023-01-22,0,1,Winter,1,1,1,라그로타,버섯 크림 리조또
2023-01-23,0,1,Winter,0,1,1,라그로타,버섯 크림 리조또
2023-01-24,0,1,Winter,0,1,1,라그로타,버섯 크림 리조또
2023-01-25,0,1,Winter,0,0,0,라그로타,버섯 크림 리조또
2023-01-26,0,1,Winter,0,0,0,라그로타,버섯 크림 리조또
2023-01-27,0,1,Winter,0,0,0,라그로타,버섯 크림 리조또
2023-01-28,0,1,Winter,1,0,1,라그로타,버섯 크림 리조또
2023-01-29,0,1,Winter,1,0,1,라그로타,버섯 크림 리조또
2023-01-30,0,1,Winter,0,0,0,라그로타,버섯 크림 리조또
2023-01-31,0,1,Winter,0,0,0,라그로타,버섯 크림 리조또
2023-02-01,0,2,Winter,0,0,0,라그로타,버섯 크림 리조또
2023-02-02,0,2,Winter,0,0,0,라그로타,버섯 크림 리조또
2023-02-03,0,2,Winter,0,0,0,라그로타,버섯 크림 리조또
2023-02-04,0,2,Winter,1,0,1,라그로타,버섯 크림 리조또
2023-02-05,0,2,Winter,1,0,1,라그로타,버섯 크림 리조또
2023-02-06,0,2,Winter,0,0,0,라그로타,버섯 크림 리조또
2023-02-07,0,2,Winter,0,0,0,라그로타,버섯 크림 리조또
2023-02-08,0,2,Winter,0,0,0,라그로타,버섯 크림 리조또
2023-02-09,0,2,Winter,0,0,0,라그로타,버섯 크림 리조또
2023-02-10,0,2,Winter,0,0,0,라그로타,버섯 크림 리조또
2023-02-11,0,2,Winter,1,0,1,라그로타,버섯 크림 리조또
2023-02-12,0,2,Winter,1,0,1,라그로타,버섯 크림 리조또
2023-02-13,0,2,Winter,0,0,0,라그로타,버섯 크림 리조또
2023-02-14,0,2,Winter,0,0,0,라그로타,버섯 크림 리조또
2023-02-15,0,2,Winter,0,0,0,라그로타,버섯 크림 리조또
2023-02-16,0,2,Winter,0,0,0,라그로타,버섯 크림 리조또
2023-02-17,0,2,Winter,0,0,0,라그로타,버섯 크림 리조또
2023-02-18,0,2,Winter,1,0,1,라그로타,버섯 크림 리조또
2023-02-19,0,2,Winter,1,0,1,라그로타,버섯 크림 리조또
2023-02-20,0,2,Winter,0,0,0,라그로타,버섯 크림 리조또
2023-02-21,0,2,Winter,0,0,0,라그로타,버섯 크림 리조또
2023-02-22,0,2,Winter,0,0,0,라그로타,버섯 크림 리조또
2023-02-23,0,2,Winter,0,0,0,라그로타,버섯 크림 리조또
2023-02-24,0,2,Winter,0,0,0,라그로타,버섯 크림 리조또
2023-02-25,0,2,Winter,1,0,1,라그로타,버섯 크림 리조또
2023-02-26,0,2,Winter,1,0,1,라그로타,버섯 크림 리조또
2023-02-27,0,2,Winter,0,0,0,라그로타,버섯 크림 리조또
2023-02-28,0,2,Winter,0,0,0,라그로타,버섯 크림 리조또
2023-03-01,0,3,Spring,0,1,1,라그로타,버섯 크림 리조또
2023-03-02,0,3,Spring,0,0,0,라그로타,버섯 크림 리조또
2023-03-03,0,3,Spring,0,0,0,라그로타,버섯 크림 리조또
2023-03-04,0,3,Spring,1,0,1,라그로타,버섯 크림 리조또
2023-03-05,0,3,Spring,1,0,1,라그로타,버섯 크림 리조또
2023-03-06,0,3,Spring,0,0,0,라그로타,버섯 크림 리조또
2023-03-07,0,3,Spring,0,0,0,라그로타,버섯 크림 리조또
2023-03-08,0,3,Spring,0,0,0,라그로타,버섯 크림 리조또
2023-03-09,0,3,Spring,0,0,0,라그로타,버섯 크림 리조또
2023-03-10,0,3,Spring,0,0,0,라그로타,버섯 크림 리조또
2023-03-11,0,3,Spring,1,0,1,라그로타,버섯 크림 리조또
2023-03-12,0,3,Spring,1,0,1,라그로타,버섯 크림 리조또
2023-03-13,0,3,Spring,0,0,0,라그로타,버섯 크림 리조또
2023-03-14,0,3,Spring,0,0,0,라그로타,버섯 크림 리조또
2023-03-15,0,3,Spring,0,0,0,라그로타,버섯 크림 리조또
2023-03-16,0,3,Spring,0,0,0,라그로타,버섯 크림 리조또
2023-03-17,0,3,Spring,0,0,0,라그로타,버섯 크림 리조또
2023-03-18,0,3,Spring,1,0,1,라그로타,버섯 크림 리조또
2023-03-19,0,3,Spring,1,0,1,라그로타,버섯 크림 리조또
2023-03-20,0,3,Spring,0,0,0,라그로타,버섯 크림 리조또
2023-03-21,0,3,Spring,0,0,0,라그로타,버섯 크림 리조또
2023-03-22,0,3,Spring,0,0,0,라그로타,버섯 크림 리조또
2023-03-23,0,3,Spring,0,0,0,라그로타,버섯 크림 리조또
2023-03-24,0,3,Spring,0,0,0,라그로타,버섯 크림 리조또
2023-03-25,0,3,Spring,1,0,1,라그로타,버섯 크림 리조또
2023-03-26,0,3,Spring,1,0,1,라그로타,버섯 크림 리조또
2023-03-27,0,3,Spring,0,0,0,라그로타,버섯 크림 리조또
2023-03-28,0,3,Spring,0,0,0,라그로타,버섯 크림 리조또
2023-03-29,0,3,Spring,0,0,0,라그로타,버섯 크림 리조또
2023-03-30,0,3,Spring,0,0,0,라그로타,버섯 크림 리조또
2023-03-31,0,3,Spring,0,0,0,라그로타,버섯 크림 리조또
2023-04-01,0,4,Spring,1,0,1,라그로타,버섯 크림 리조또
2023-04-02,0,4,Spring,1,0,1,라그로타,버섯 크림 리조또
2023-04-03,0,4,Spring,0,0,0,라그로타,버섯 크림 리조또
2023-04-04,0,4,Spring,0,0,0,라그로타,버섯 크림 리조또
2023-04-05,0,4,Spring,0,0,0,라그로타,버섯 크림 리조또
2023-04-06,0,4,Spring,0,0,0,라그로타,버섯 크림 리조또
2023-04-07,0,4,Spring,0,0,0,라그로타,버섯 크림 리조또
2023-04-08,0,4,Spring,1,0,1,라그로타,버섯 크림 리조또
2023-04-09,0,4,Spring,1,0,1,라그로타,버섯 크림 리조또
2023-04-10,0,4,Spring,0,0,0,라그로타,버섯 크림 리조또
2023-04-11,0,4,Spring,0,0,0,라그로타,버섯 크림 리조또
2023-04-12,0,4,Spring,0,0,0,라그로타,버섯 크림 리조또
2023-04-13,0,4,Spring,0,0,0,라그로타,버섯 크림 리조또
2023-04-14,0,4,Spring,0,0,0,라그로타,버섯 크림 리조또
2023-04-15,0,4,Spring,1,0,1,라그로타,버섯 크림 리조또
2023-04-16,0,4,Spring,1,0,1,라그로타,버섯 크림 리조또
2023-04-17,0,4,Spring,0,0,0,라그로타,버섯 크림 리조또
2023-04-18,0,4,Spring,0,0,0,라그로타,버섯 크림 리조또
2023-04-19,0,4,Spring,0,0,0,라그로타,버섯 크림 리조또
2023-04-20,0,4,Spring,0,0,0,라그로타,버섯 크림 리조또
2023-04-21,0,4,Spring,0,0,0,라그로타,버섯 크림 리조또
2023-04-22,0,4,Spring,1,0,1,라그로타,버섯 크림 리조또
2023-04-23,0,4,Spring,1,0,1,라그로타,버섯 크림 리조또
2023-04-24,0,4,Spring,0,0,0,라그로타,버섯 크림 리조또
2023-04-25,0,4,Spring,0,0,0,라그로타,버섯 크림 리조또
2023-04-26,0,4,Spring,0,0,0,라그로타,버섯 크림 리조또
2023-04-27,0,4,Spring,0,0,0,라그로타,버섯 크림 리조또
2023-04-28,0,4,Spring,0,0,0,라그로타,버섯 크림 리조또
2023-04-29,0,4,Spring,1,0,1,라그로타,버섯 크림 리조또
2023-04-30,0,4,Spring,1,0,1,라그로타,버섯 크림 리조또
2023-05-01,0,5,Spring,0,0,0,라그로타,버섯 크림 리조또
2023-05-02,0,5,Spring,0,0,0,라그로타,버섯 크림 리조또
2023-05-03,0,5,Spring,0,0,0,라그로타,버섯 크림 리조또
2023-05-04,0,5,Spring,0,0,0,라그로타,버섯 크림 리조또
2023-05-05,0,5,Spring,0,1,1,라그로타,버섯 크림 리조또
2023-05-06,0,5,Spring,1,0,1,라그로타,버섯 크림 리조또
2023-05-07,0,5,Spring,1,0,1,라그로타,버섯 크림 리조또
2023-05-08,0,5,Spring,0,0,0,라그로타,버섯 크림 리조또
2023-05-09,0,5,Spring,0,0,0,라그로타,버섯 크림 리조또
2023-05-10,0,5,Spring,0,0,0,라그로타,버섯 크림 리조또
2023-05-11,0,5,Spring,0,0,0,라그로타,버섯 크림 리조또
2023-05-12,0,5,Spring,0,0,0,라그로타,버섯 크림 리조또
2023-05-13,0,5,Spring,1,0,1,라그로타,버섯 크림 리조또
2023-05-14,0,5,Spring,1,0,1,라그로타,버섯 크림 리조또
2023-05-15,0,5,Spring,0,0,0,라그로타,버섯 크림 리조또
2023-05-16,0,5,Spring,0,0,0,라그로타,버섯 크림 리조또
2023-05-17,0,5,Spring,0,0,0,라그로타,버섯 크림 리조또
2023-05-18,0,5,Spring,0,0,0,라그로타,버섯 크림 리조또
2023-05-19,0,5,Spring,0,0,0,라그로타,버섯 크림 리조또
2023-05-20,0,5,Spring,1,0,1,라그로타,버섯 크림 리조또
2023-05-21,0,5,Spring,1,0,1,라그로타,버섯 크림 리조또
2023-05-22,0,5,Spring,0,0,0,라그로타,버섯 크림 리조또
2023-05-23,0,5,Spring,0,0,0,라그로타,버섯 크림 리조또
2023-05-24,0,5,Spring,0,0,0,라그로타,버섯 크림 리조또
2023-05-25,0,5,Spring,0,0,0,라그로타,버섯 크림 리조또
2023-05-26,0,5,Spring,0,0,0,라그로타,버섯 크림 리조또
2023-05-27,0,5,Spring,1,1,1,라그로타,버섯 크림 리조또
2023-05-28,0,5,Spring,1,0,1,라그로타,버섯 크림 리조또
2023-05-29,0,5,Spring,0,1,1,라그로타,버섯 크림 리조또
2023-05-30,0,5,Spring,0,0,0,라그로타,버섯 크림 리조또
2023-05-31,0,5,Spring,0,0,0,라그로타,버섯 크림 리조또
2023-06-01,0,6,Summer,0,0,0,라그로타,버섯 크림 리조또
2023-06-02,0,6,Summer,0,0,0,라그로타,버섯 크림 리조또
2023-06-03,0,6,Summer,1,0,1,라그로타,버섯 크림 리조또
2023-06-04,0,6,Summer,1,0,1,라그로타,버섯 크림 리조또
2023-06-05,0,6,Summer,0,0,0,라그로타,버섯 크림 리조또
2023-06-06,0,6,Summer,0,1,1,라그로타,버섯 크림 리조또
2023-06-07,0,6,Summer,0,0,0,라그로타,버섯 크림 리조또
2023-06-08,0,6,Summer,0,0,0,라그로타,버섯 크림 리조또
2023-06-09,0,6,Summer,0,0,0,라그로타,버섯 크림 리조또
2023-06-10,0,6,Summer,1,0,1,라그로타,버섯 크림 리조또
2023-06-11,0,6,Summer,1,0,1,라그로타,버섯 크림 리조또
2023-06-12,0,6,Summer,0,0,0,라그로타,버섯 크림 리조또
2023-06-13,0,6,Summer,0,0,0,라그로타,버섯 크림 리조또
2023-06-14,0,6,Summer,0,0,0,라그로타,버섯 크림 리조또
2023-06-15,0,6,Summer,0,0,0,라그로타,버섯 크림 리조또
2023-06-16,0,6,Summer,0,0,0,라그로타,버섯 크림 리조또
2023-06-17,0,6,Summer,1,0,1,라그로타,버섯 크림 리조또
2023-06-18,0,6,Summer,1,0,1,라그로타,버섯 크림 리조또
2023-06-19,0,6,Summer,0,0,0,라그로타,버섯 크림 리조또
2023-06-20,0,6,Summer,0,0,0,라그로타,버섯 크림 리조또
2023-06-21,0,6,Summer,0,0,0,라그로타,버섯 크림 리조또
2023-06-22,0,6,Summer,0,0,0,라그로타,버섯 크림 리조또
2023-06-23,0,6,Summer,0,0,0,라그로타,버섯 크림 리조또
2023-06-24,0,6,Summer,1,0,1,라그로타,버섯 크림 리조또
2023-06-25,0,6,Summer,1,0,1,라그로타,버섯 크림 리조또
2023-06-26,0,6,Summer,0,0,0,라그로타,버섯 크림 리조또
2023-06-27,0,6,Summer,0,0,0,라그로타,버섯 크림 리조또
2023-06-28,0,6,Summer,0,0,0,라그로타,버섯 크림 리조또
2023-06-29,0,6,Summer,0,0,0,라그로타,버섯 크림 리조또
2023-06-30,0,6,Summer,0,0,0,라그로타,버섯 크림 리조또
2023-07-01,0,7,Summer,1,0,1,라그로타,버섯 크림 리조또
2023-07-02,0,7,Summer,1,0,1,라그로타,버섯 크림 리조또
2023-07-03,0,7,Summer,0,0,0,라그로타,버섯 크림 리조또
2023-07-04,0,7,Summer,0,0,0,라그로타,버섯 크림 리조또
2023-07-05,0,7,Summer,0,0,0,라그로타,버섯 크림 리조또
2023-07-06,0,7,Summer,0,0,0,라그로타,버섯 크림 리조또
2023-07-07,0,7,Summer,0,0,0,라그로타,버섯 크림 리조또
2023-07-08,0,7,Summer,1,0,1,라그로타,버섯 크림 리조또
2023-07-09,0,7,Summer,1,0,1,라그로타,버섯 크림 리조또
2023-07-10,0,7,Summer,0,0,0,라그로타,버섯 크림 리조또
2023-07-11,0,7,Summer,0,0,0,라그로타,버섯 크림 리조또
2023-07-12,0,7,Summer,0,0,0,라그로타,버섯 크림 리조또
2023-07-13,0,7,Summer,0,0,0,라그로타,버섯 크림 리조또
2023-07-14,0,7,Summer,0,0,0,라그로타,버섯 크림 리조또
2023-07-15,0,7,Summer,1,0,1,라그로타,버섯 크림 리조또
2023-07-16,0,7,Summer,1,0,1,라그로타,버섯 크림 리조또
2023-07-17,0,7,Summer,0,0,0,라그로타,버섯 크림 리조또
2023-07-18,0,7,Summer,0,0,0,라그로타,버섯 크림 리조또
2023-07-19,0,7,Summer,0,0,0,라그로타,버섯 크림 리조또
2023-07-20,0,7,Summer,0,0,0,라그로타,버섯 크림 리조또
2023-07-21,0,7,Summer,0,0,0,라그로타,버섯 크림 리조또
2023-07-22,0,7,Summer,1,0,1,라그로타,버섯 크림 리조또
2023-07-23,0,7,Summer,1,0,1,라그로타,버섯 크림 리조또
2023-07-24,0,7,Summer,0,0,0,라그로타,버섯 크림 리조또
2023-07-25,0,7,Summer,0,0,0,라그로타,버섯 크림 리조또
2023-07-26,0,7,Summer,0,0,0,라그로타,버섯 크림 리조또
2023-07-27,0,7,Summer,0,0,0,라그로타,버섯 크림 리조또
2023-07-28,0,7,Summer,0,0,0,라그로타,버섯 크림 리조또
2023-07-29,0,7,Summer,1,0,1,라그로타,버섯 크림 리조또
2023-07-30,0,7,Summer,1,0,1,라그로타,버섯 크림 리조또
2023-07-31,0,7,Summer,0,0,0,라그로타,버섯 크림 리조또
2023-08-01,0,8,Summer,0,0,0,라그로타,버섯 크림 리조또
2023-08-02,0,8,Summer,0,0,0,라그로타,버섯 크림 리조또
2023-08-03,0,8,Summer,0,0,0,라그로타,버섯 크림 리조또
2023-08-04,0,8,Summer,0,0,0,라그로타,버섯 크림 리조또
2023-08-05,0,8,Summer,1,0,1,라그로타,버섯 크림 리조또
2023-08-06,0,8,Summer,1,0,1,라그로타,버섯 크림 리조또
2023-08-07,0,8,Summer,0,0,0,라그로타,버섯 크림 리조또
2023-08-08,0,8,Summer,0,0,0,라그로타,버섯 크림 리조또
2023-08-09,0,8,Summer,0,0,0,라그로타,버섯 크림 리조또
2023-08-10,0,8,Summer,0,0,0,라그로타,버섯 크림 리조또
2023-08-11,0,8,Summer,0,0,0,라그로타,버섯 크림 리조또
2023-08-12,0,8,Summer,1,0,1,라그로타,버섯 크림 리조또
2023-08-13,0,8,Summer,1,0,1,라그로타,버섯 크림 리조또
2023-08-14,0,8,Summer,0,0,0,라그로타,버섯 크림 리조또
2023-08-15,0,8,Summer,0,1,1,라그로타,버섯 크림 리조또
2023-08-16,0,8,Summer,0,0,0,라그로타,버섯 크림 리조또
2023-08-17,0,8,Summer,0,0,0,라그로타,버섯 크림 리조또
2023-08-18,0,8,Summer,0,0,0,라그로타,버섯 크림 리조또
2023-08-19,0,8,Summer,1,0,1,라그로타,버섯 크림 리조또
2023-08-20,0,8,Summer,1,0,1,라그로타,버섯 크림 리조또
2023-08-21,0,8,Summer,0,0,0,라그로타,버섯 크림 리조또
2023-08-22,0,8,Summer,0,0,0,라그로타,버섯 크림 리조또
2023-08-23,0,8,Summer,0,0,0,라그로타,버섯 크림 리조또
2023-08-24,0,8,Summer,0,0,0,라그로타,버섯 크림 리조또
2023-08-25,0,8,Summer,0,0,0,라그로타,버섯 크림 리조또
2023-08-26,0,8,Summer,1,0,1,라그로타,버섯 크림 리조또
2023-08-27,0,8,Summer,1,0,1,라그로타,버섯 크림 리조또
2023-08-28,0,8,Summer,0,0,0,라그로타,버섯 크림 리조또
2023-08-29,0,8,Summer,0,0,0,라그로타,버섯 크림 리조또
2023-08-30,0,8,Summer,0,0,0,라그로타,버섯 크림 리조또
2023-08-31,0,8,Summer,0,0,0,라그로타,버섯 크림 리조또
2023-09-01,0,9,Autumn,0,0,0,라그로타,버섯 크림 리조또
2023-09-02,0,9,Autumn,1,0,1,라그로타,버섯 크림 리조또
2023-09-03,0,9,Autumn,1,0,1,라그로타,버섯 크림 리조또
2023-09-04,0,9,Autumn,0,0,0,라그로타,버섯 크림 리조또
2023-09-05,0,9,Autumn,0,0,0,라그로타,버섯 크림 리조또
2023-09-06,0,9,Autumn,0,0,0,라그로타,버섯 크림 리조또
2023-09-07,0,9,Autumn,0,0,0,라그로타,버섯 크림 리조또
2023-09-08,0,9,Autumn,0,0,0,라그로타,버섯 크림 리조또
2023-09-09,0,9,Autumn,1,0,1,라그로타,버섯 크림 리조또
2023-09-10,0,9,Autumn,1,0,1,라그로타,버섯 크림 리조또
2023-09-11,0,9,Autumn,0,0,0,라그로타,버섯 크림 리조또
2023-09-12,0,9,Autumn,0,0,0,라그로타,버섯 크림 리조또
2023-09-13,0,9,Autumn,0,0,0,라그로타,버섯 크림 리조또
2023-09-14,0,9,Autumn,0,0,0,라그로타,버섯 크림 리조또
2023-09-15,0,9,Autumn,0,0,0,라그로타,버섯 크림 리조또
2023-09-16,0,9,Autumn,1,0,1,라그로타,버섯 크림 리조또
2023-09-17,0,9,Autumn,1,0,1,라그로타,버섯 크림 리조또
2023-09-18,0,9,Autumn,0,0,0,라그로타,버섯 크림 리조또
2023-09-19,0,9,Autumn,0,0,0,라그로타,버섯 크림 리조또
2023-09-20,0,9,Autumn,0,0,0,라그로타,버섯 크림 리조또
2023-09-21,0,9,Autumn,0,0,0,라그로타,버섯 크림 리조또
2023-09-22,0,9,Autumn,0,0,0,라그로타,버섯 크림 리조또
2023-09-23,0,9,Autumn,1,0,1,라그로타,버섯 크림 리조또
2023-09-24,0,9,Autumn,1,0,1,라그로타,버섯 크림 리조또
2023-09-25,0,9,Autumn,0,0,0,라그로타,버섯 크림 리조또
2023-09-26,0,9,Autumn,0,0,0,라그로타,버섯 크림 리조또
2023-09-27,0,9,Autumn,0,0,0,라그로타,버섯 크림 리조또
2023-09-28,0,9,Autumn,0,1,1,라그로타,버섯 크림 리조또
2023-09-29,0,9,Autumn,0,1,1,라그로타,버섯 크림 리조또
2023-09-30,0,9,Autumn,1,1,1,라그로타,버섯 크림 리조또
2023-10-01,0,10,Autumn,1,0,1,라그로타,버섯 크림 리조또
2023-10-02,0,10,Autumn,0,1,1,라그로타,버섯 크림 리조또
2023-10-03,0,10,Autumn,0,1,1,라그로타,버섯 크림 리조또
2023-10-04,0,10,Autumn,0,0,0,라그로타,버섯 크림 리조또
2023-10-05,0,10,Autumn,0,0,0,라그로타,버섯 크림 리조또
2023-10-06,0,10,Autumn,0,0,0,라그로타,버섯 크림 리조또
2023-10-07,0,10,Autumn,1,0,1,라그로타,버섯 크림 리조또
2023-10-08,0,10,Autumn,1,0,1,라그로타,버섯 크림 리조또
2023-10-09,0,10,Autumn,0,1,1,라그로타,버섯 크림 리조또
2023-10-10,0,10,Autumn,0,0,0,라그로타,버섯 크림 리조또
2023-10-11,0,10,Autumn,0,0,0,라그로타,버섯 크림 리조또
2023-10-12,0,10,Autumn,0,0,0,라그로타,버섯 크림 리조또
2023-10-13,0,10,Autumn,0,0,0,라그로타,버섯 크림 리조또
2023-10-14,0,10,Autumn,1,0,1,라그로타,버섯 크림 리조또
2023-10-15,0,10,Autumn,1,0,1,라그로타,버섯 크림 리조또
2023-10-16,0,10,Autumn,0,0,0,라그로타,버섯 크림 리조또
2023-10-17,0,10,Autumn,0,0,0,라그로타,버섯 크림 리조또
2023-10-18,0,10,Autumn,0,0,0,라그로타,버섯 크림 리조또
2023-10-19,0,10,Autumn,0,0,0,라그로타,버섯 크림 리조또
2023-10-20,0,10,Autumn,0,0,0,라그로타,버섯 크림 리조또
2023-10-21,0,10,Autumn,1,0,1,라그로타,버섯 크림 리조또
2023-10-22,0,10,Autumn,1,0,1,라그로타,버섯 크림 리조또
2023-10-23,0,10,Autumn,0,0,0,라그로타,버섯 크림 리조또
2023-10-24,0,10,Autumn,0,0,0,라그로타,버섯 크림 리조또
2023-10-25,0,10,Autumn,0,0,0,라그로타,버섯 크림 리조또
2023-10-26,0,10,Autumn,0,0,0,라그로타,버섯 크림 리조또
2023-10-27,0,10,Autumn,0,0,0,라그로타,버섯 크림 리조또
2023-10-28,0,10,Autumn,1,0,1,라그로타,버섯 크림 리조또
2023-10-29,0,10,Autumn,1,0,1,라그로타,버섯 크림 리조또
2023-10-30,0,10,Autumn,0,0,0,라그로타,버섯 크림 리조또
2023-10-31,0,10,Autumn,0,0,0,라그로타,버섯 크림 리조또
2023-11-01,0,11,Autumn,0,0,0,라그로타,버섯 크림 리조또
2023-11-02,0,11,Autumn,0,0,0,라그로타,버섯 크림 리조또
2023-11-03,0,11,Autumn,0,0,0,라그로타,버섯 크림 리조또
2023-11-04,0,11,Autumn,1,0,1,라그로타,버섯 크림 리조또
2023-11-05,0,11,Autumn,1,0,1,라그로타,버섯 크림 리조또
2023-11-06,0,11,Autumn,0,0,0,라그로타,버섯 크림 리조또
2023-11-07,0,11,Autumn,0,0,0,라그로타,버섯 크림 리조또
2023-11-08,0,11,Autumn,0,0,0,라그로타,버섯 크림 리조또
2023-11-09,0,11,Autumn,0,0,0,라그로타,버섯 크림 리조또
2023-11-10,0,11,Autumn,0,0,0,라그로타,버섯 크림 리조또
2023-11-11,0,11,Autumn,1,0,1,라그로타,버섯 크림 리조또
2023-11-12,0,11,Autumn,1,0,1,라그로타,버섯 크림 리조또
2023-11-13,0,11,Autumn,0,0,0,라그로타,버섯 크림 리조또
2023-11-14,0,11,Autumn,0,0,0,라그로타,버섯 크림 리조또
2023-11-15,0,11,Autumn,0,0,0,라그로타,버섯 크림 리조또
2023-11-16,0,11,Autumn,0,0,0,라그로타,버섯 크림 리조또
2023-11-17,0,11,Autumn,0,0,0,라그로타,버섯 크림 리조또
2023-11-18,0,11,Autumn,1,0,1,라그로타,버섯 크림 리조또
2023-11-19,0,11,Autumn,1,0,1,라그로타,버섯 크림 리조또
2023-11-20,0,11,Autumn,0,0,0,라그로타,버섯 크림 리조또
2023-11-21,0,11,Autumn,0,0,0,라그로타,버섯 크림 리조또
2023-11-22,0,11,Autumn,0,0,0,라그로타,버섯 크림 리조또
2023-11-23,0,11,Autumn,0,0,0,라그로타,버섯 크림 리조또
2023-11-24,0,11,Autumn,0,0,0,라그로타,버섯 크림 리조또
2023-11-25,0,11,Autumn,1,0,1,라그로타,버섯 크림 리조또
2023-11-26,0,11,Autumn,1,0,1,라그로타,버섯 크림 리조또
2023-11-27,0,11,Autumn,0,0,0,라그로타,버섯 크림 리조또
2023-11-28,0,11,Autumn,0,0,0,라그로타,버섯 크림 리조또
2023-11-29,0,11,Autumn,0,0,0,라그로타,버섯 크림 리조또
2023-11-30,0,11,Autumn,0,0,0,라그로타,버섯 크림 리조또
2023-12-01,0,12,Winter,0,0,0,라그로타,버섯 크림 리조또
2023-12-02,0,12,Winter,1,0,1,라그로타,버섯 크림 리조또
2023-12-03,0,12,Winter,1,0,1,라그로타,버섯 크림 리조또
2023-12-04,0,12,Winter,0,0,0,라그로타,버섯 크림 리조또
2023-12-05,0,12,Winter,0,0,0,라그로타,버섯 크림 리조또
2023-12-06,0,12,Winter,0,0,0,라그로타,버섯 크림 리조또
2023-12-07,0,12,Winter,0,0,0,라그로타,버섯 크림 리조또
2023-12-08,7,12,Winter,0,0,0,라그로타,버섯 크림 리조또
2023-12-09,3,12,Winter,1,0,1,라그로타,버섯 크림 리조또
2023-12-10,7,12,Winter,1,0,1,라그로타,버섯 크림 리조또
2023-12-11,0,12,Winter,0,0,0,라그로타,버섯 크림 리조또
2023-12-12,2,12,Winter,0,0,0,라그로타,버섯 크림 리조또
2023-12-13,3,12,Winter,0,0,0,라그로타,버섯 크림 리조또
2023-12-14,6,12,Winter,0,0,0,라그로타,버섯 크림 리조또
2023-12-15,5,12,Winter,0,0,0,라그로타,버섯 크림 리조또
2023-12-16,3,12,Winter,1,0,1,라그로타,버섯 크림 리조또
2023-12-17,4,12,Winter,1,0,1,라그로타,버섯 크림 리조또
2023-12-18,2,12,Winter,0,0,0,라그로타,버섯 크림 리조또
2023-12-19,3,12,Winter,0,0,0,라그로타,버섯 크림 리조또
2023-12-20,3,12,Winter,0,0,0,라그로타,버섯 크림 리조또
2023-12-21,1,12,Winter,0,0,0,라그로타,버섯 크림 리조또
2023-12-22,4,12,Winter,0,0,0,라그로타,버섯 크림 리조또
2023-12-23,15,12,Winter,1,0,1,라그로타,버섯 크림 리조또
2023-12-24,12,12,Winter,1,0,1,라그로타,버섯 크림 리조또
2023-12-25,13,12,Winter,0,1,1,라그로타,버섯 크림 리조또
2023-12-26,6,12,Winter,0,0,0,라그로타,버섯 크림 리조또
2023-12-27,5,12,Winter,0,0,0,라그로타,버섯 크림 리조또
2023-12-28,6,12,Winter,0,0,0,라그로타,버섯 크림 리조또
2023-12-29,9,12,Winter,0,0,0,라그로타,버섯 크림 리조또
2023-12-30,15,12,Winter,1,0,1,라그로타,버섯 크림 리조또
2023-12-31,4,12,Winter,1,0,1,라그로타,버섯 크림 리조또
2024-01-01,1,1,Winter,0,1,1,라그로타,버섯 크림 리조또
2024-01-02,3,1,Winter,0,0,0,라그로타,버섯 크림 리조또
2024-01-03,7,1,Winter,0,0,0,라그로타,버섯 크림 리조또
2024-01-04,8,1,Winter,0,0,0,라그로타,버섯 크림 리조또
2024-01-05,4,1,Winter,0,0,0,라그로타,버섯 크림 리조또
2024-01-06,4,1,Winter,1,0,1,라그로타,버섯 크림 리조또
2024-01-07,6,1,Winter,1,0,1,라그로타,버섯 크림 리조또
2024-01-08,1,1,Winter,0,0,0,라그로타,버섯 크림 리조또
2024-01-09,4,1,Winter,0,0,0,라그로타,버섯 크림 리조또
2024-01-10,3,1,Winter,0,0,0,라그로타,버섯 크림 리조또
2024-01-11,5,1,Winter,0,0,0,라그로타,버섯 크림 리조또
2024-01-12,3,1,Winter,0,0,0,라그로타,버섯 크림 리조또
2024-01-13,8,1,Winter,1,0,1,라그로타,버섯 크림 리조또
2024-01-14,7,1,Winter,1,0,1,라그로타,버섯 크림 리조또
2024-01-15,2,1,Winter,0,0,0,라그로타,버섯 크림 리조또
2024-01-16,4,1,Winter,0,0,0,라그로타,버섯 크림 리조또
2024-01-17,2,1,Winter,0,0,0,라그로타,버섯 크림 리조또
2024-01-18,0,1,Winter,0,0,0,라그로타,버섯 크림 리조또
2024-01-19,4,1,Winter,0,0,0,라그로타,버섯 크림 리조또
2024-01-20,8,1,Winter,1,0,1,라그로타,버섯 크림 리조또
2024-01-21,4,1,Winter,1,0,1,라그로타,버섯 크림 리조또
2024-01-22,3,1,Winter,0,0,0,라그로타,버섯 크림 리조또
2024-01-23,5,1,Winter,0,0,0,라그로타,버섯 크림 리조또
2024-01-24,4,1,Winter,0,0,0,라그로타,버섯 크림 리조또
2024-01-25,1,1,Winter,0,0,0,라그로타,버섯 크림 리조또
2024-01-26,3,1,Winter,0,0,0,라그로타,버섯 크림 리조또
2024-01-27,9,1,Winter,1,0,1,라그로타,버섯 크림 리조또
2024-01-28,3,1,Winter,1,0,1,라그로타,버섯 크림 리조또
2024-01-29,1,1,Winter,0,0,0,라그로타,버섯 크림 리조또
2024-01-30,5,1,Winter,0,0,0,라그로타,버섯 크림 리조또
2024-01-31,1,1,Winter,0,0,0,라그로타,버섯 크림 리조또
2024-02-01,1,2,Winter,0,0,0,라그로타,버섯 크림 리조또
2024-02-02,3,2,Winter,0,0,0,라그로타,버섯 크림 리조또
2024-02-03,3,2,Winter,1,0,1,라그로타,버섯 크림 리조또
2024-02-04,3,2,Winter,1,0,1,라그로타,버섯 크림 리조또
2024-02-05,1,2,Winter,0,0,0,라그로타,버섯 크림 리조또
2024-02-06,3,2,Winter,0,0,0,라그로타,버섯 크림 리조또
2024-02-07,2,2,Winter,0,0,0,라그로타,버섯 크림 리조또
2024-02-08,5,2,Winter,0,0,0,라그로타,버섯 크림 리조또
2024-02-09,9,2,Winter,0,1,1,라그로타,버섯 크림 리조또
2024-02-10,8,2,Winter,1,1,1,라그로타,버섯 크림 리조또
2024-02-11,7,2,Winter,1,1,1,라그로타,버섯 크림 리조또
2024-02-12,7,2,Winter,0,1,1,라그로타,버섯 크림 리조또
2024-02-13,5,2,Winter,0,0,0,라그로타,버섯 크림 리조또
2024-02-14,3,2,Winter,0,0,0,라그로타,버섯 크림 리조또
2024-02-15,0,2,Winter,0,0,0,라그로타,버섯 크림 리조또
2024-02-16,1,2,Winter,0,0,0,라그로타,버섯 크림 리조또
2024-02-17,7,2,Winter,1,0,1,라그로타,버섯 크림 리조또
2024-02-18,3,2,Winter,1,0,1,라그로타,버섯 크림 리조또
2024-02-19,0,2,Winter,0,0,0,라그로타,버섯 크림 리조또
2024-02-20,1,2,Winter,0,0,0,라그로타,버섯 크림 리조또
2024-02-21,1,2,Winter,0,0,0,라그로타,버섯 크림 리조또
2024-02-22,2,2,Winter,0,0,0,라그로타,버섯 크림 리조또
2024-02-23,6,2,Winter,0,0,0,라그로타,버섯 크림 리조또
2024-02-24,9,2,Winter,1,0,1,라그로타,버섯 크림 리조또
2024-02-25,3,2,Winter,1,0,1,라그로타,버섯 크림 리조또
2024-02-26,0,2,Winter,0,0,0,라그로타,버섯 크림 리조또
2024-02-27,1,2,Winter,0,0,0,라그로타,버섯 크림 리조또
2024-02-28,3,2,Winter,0,0,0,라그로타,버섯 크림 리조또
2024-02-29,2,2,Winter,0,0,0,라그로타,버섯 크림 리조또
2024-03-01,4,3,Spring,0,1,1,라그로타,버섯 크림 리조또
2024-03-02,3,3,Spring,1,0,1,라그로타,버섯 크림 리조또
2024-03-03,0,3,Spring,1,0,1,라그로타,버섯 크림 리조또
2024-03-04,0,3,Spring,0,0,0,라그로타,버섯 크림 리조또
2024-03-05,0,3,Spring,0,0,0,라그로타,버섯 크림 리조또
2024-03-06,0,3,Spring,0,0,0,라그로타,버섯 크림 리조또
2024-03-07,0,3,Spring,0,0,0,라그로타,버섯 크림 리조또
2024-03-08,0,3,Spring,0,0,0,라그로타,버섯 크림 리조또
2024-03-09,0,3,Spring,1,0,1,라그로타,버섯 크림 리조또
2024-03-10,0,3,Spring,1,0,1,라그로타,버섯 크림 리조또
2024-03-11,0,3,Spring,0,0,0,라그로타,버섯 크림 리조또
2024-03-12,0,3,Spring,0,0,0,라그로타,버섯 크림 리조또
2024-03-13,1,3,Spring,0,0,0,라그로타,버섯 크림 리조또
2024-03-14,1,3,Spring,0,0,0,라그로타,버섯 크림 리조또
2024-03-15,2,3,Spring,0,0,0,라그로타,버섯 크림 리조또
2024-03-16,10,3,Spring,1,0,1,라그로타,버섯 크림 리조또
2024-03-17,2,3,Spring,1,0,1,라그로타,버섯 크림 리조또
2024-03-18,0,3,Spring,0,0,0,라그로타,버섯 크림 리조또
2024-03-19,0,3,Spring,0,0,0,라그로타,버섯 크림 리조또
2024-03-20,1,3,Spring,0,0,0,라그로타,버섯 크림 리조또
2024-03-21,0,3,Spring,0,0,0,라그로타,버섯 크림 리조또
2024-03-22,3,3,Spring,0,0,0,라그로타,버섯 크림 리조또
2024-03-23,3,3,Spring,1,0,1,라그로타,버섯 크림 리조또
2024-03-24,3,3,Spring,1,0,1,라그로타,버섯 크림 리조또
2024-03-25,0,3,Spring,0,0,0,라그로타,버섯 크림 리조또
2024-03-26,6,3,Spring,0,0,0,라그로타,버섯 크림 리조또
2024-03-27,1,3,Spring,0,0,0,라그로타,버섯 크림 리조또
2024-03-28,0,3,Spring,0,0,0,라그로타,버섯 크림 리조또
2024-03-29,0,3,Spring,0,0,0,라그로타,버섯 크림 리조또
2024-03-30,7,3,Spring,1,0,1,라그로타,버섯 크림 리조또
2024-03-31,3,3,Spring,1,0,1,라그로타,버섯 크림 리조또
2024-04-01,0,4,Spring,0,0,0,라그로타,버섯 크림 리조또
2024-04-02,9,4,Spring,0,0,0,라그로타,버섯 크림 리조또
2024-04-03,7,4,Spring,0,0,0,라그로타,버섯 크림 리조또
2024-04-04,1,4,Spring,0,0,0,라그로타,버섯 크림 리조또
2024-04-05,5,4,Spring,0,0,0,라그로타,버섯 크림 리조또
2024-04-06,7,4,Spring,1,0,1,라그로타,버섯 크림 리조또
2024-04-07,4,4,Spring,1,0,1,라그로타,버섯 크림 리조또
2024-04-08,0,4,Spring,0,0,0,라그로타,버섯 크림 리조또
2024-04-09,3,4,Spring,0,0,0,라그로타,버섯 크림 리조또
2024-04-10,7,4,Spring,0,1,1,라그로타,버섯 크림 리조또
2024-04-11,7,4,Spring,0,0,0,라그로타,버섯 크림 리조또
2024-04-12,7,4,Spring,0,0,0,라그로타,버섯 크림 리조또
2024-04-13,8,4,Spring,1,0,1,라그로타,버섯 크림 리조또
2024-04-14,4,4,Spring,1,0,1,라그로타,버섯 크림 리조또
2024-04-15,0,4,Spring,0,0,0,라그로타,버섯 크림 리조또
2024-04-16,4,4,Spring,0,0,0,라그로타,버섯 크림 리조또
2024-04-17,6,4,Spring,0,0,0,라그로타,버섯 크림 리조또
2024-04-18,2,4,Spring,0,0,0,라그로타,버섯 크림 리조또
2024-04-19,7,4,Spring,0,0,0,라그로타,버섯 크림 리조또
2024-04-20,8,4,Spring,1,0,1,라그로타,버섯 크림 리조또
2024-04-21,3,4,Spring,1,0,1,라그로타,버섯 크림 리조또
2024-04-22,0,4,Spring,0,0,0,라그로타,버섯 크림 리조또
2024-04-23,2,4,Spring,0,0,0,라그로타,버섯 크림 리조또
2024-04-24,4,4,Spring,0,0,0,라그로타,버섯 크림 리조또
2024-04-25,2,4,Spring,0,0,0,라그로타,버섯 크림 리조또
2024-04-26,6,4,Spring,0,0,0,라그로타,버섯 크림 리조또
2024-04-27,4,4,Spring,1,0,1,라그로타,버섯 크림 리조또
2024-04-28,3,4,Spring,1,0,1,라그로타,버섯 크림 리조또
2024-04-29,0,4,Spring,0,0,0,라그로타,버섯 크림 리조또
2024-04-30,1,4,Spring,0,0,0,라그로타,버섯 크림 리조또
2024-05-01,3,5,Spring,0,0,0,라그로타,버섯 크림 리조또
2024-05-02,4,5,Spring,0,0,0,라그로타,버섯 크림 리조또
2024-05-03,4,5,Spring,0,0,0,라그로타,버섯 크림 리조또
2024-05-04,2,5,Spring,1,0,1,라그로타,버섯 크림 리조또
2024-05-05,4,5,Spring,1,1,1,라그로타,버섯 크림 리조또
2024-05-06,0,5,Spring,0,1,1,라그로타,버섯 크림 리조또
2024-05-07,1,5,Spring,0,0,0,라그로타,버섯 크림 리조또
2024-05-08,1,5,Spring,0,0,0,라그로타,버섯 크림 리조또
2024-05-09,0,5,Spring,0,0,0,라그로타,버섯 크림 리조또
2024-05-10,1,5,Spring,0,0,0,라그로타,버섯 크림 리조또
2024-05-11,5,5,Spring,1,0,1,라그로타,버섯 크림 리조또
2024-05-12,0,5,Spring,1,0,1,라그로타,버섯 크림 리조또
2024-05-13,0,5,Spring,0,0,0,라그로타,버섯 크림 리조또
2024-05-14,3,5,Spring,0,0,0,라그로타,버섯 크림 리조또
2024-05-15,3,5,Spring,0,1,1,라그로타,버섯 크림 리조또
2024-05-16,1,5,Spring,0,0,0,라그로타,버섯 크림 리조또
2024-05-17,3,5,Spring,0,0,0,라그로타,버섯 크림 리조또
2024-05-18,3,5,Spring,1,0,1,라그로타,버섯 크림 리조또
2024-05-19,6,5,Spring,1,0,1,라그로타,버섯 크림 리조또
2024-05-20,0,5,Spring,0,0,0,라그로타,버섯 크림 리조또
2024-05-21,2,5,Spring,0,0,0,라그로타,버섯 크림 리조또
2024-05-22,6,5,Spring,0,0,0,라그로타,버섯 크림 리조또
2024-05-23,1,5,Spring,0,0,0,라그로타,버섯 크림 리조또
2024-05-24,3,5,Spring,0,0,0,라그로타,버섯 크림 리조또
2024-05-25,8,5,Spring,1,0,1,라그로타,버섯 크림 리조또
2024-05-26,0,5,Spring,1,0,1,라그로타,버섯 크림 리조또
2024-05-27,0,5,Spring,0,0,0,라그로타,버섯 크림 리조또
2024-05-28,3,5,Spring,0,0,0,라그로타,버섯 크림 리조또
2024-05-29,3,5,Spring,0,0,0,라그로타,버섯 크림 리조또
2024-05-30,3,5,Spring,0,0,0,라그로타,버섯 크림 리조또
2024-05-31,0,5,Spring,0,0,0,라그로타,버섯 크림 리조또
2024-06-01,3,6,Summer,1,0,1,라그로타,버섯 크림 리조또
2024-06-02,0,6,Summer,1,0,1,라그로타,버섯 크림 리조또
2024-06-03,0,6,Summer,0,0,0,라그로타,버섯 크림 리조또
2024-06-04,1,6,Summer,0,0,0,라그로타,버섯 크림 리조또
2024-06-05,2,6,Summer,0,0,0,라그로타,버섯 크림 리조또
2024-06-06,8,6,Summer,0,1,1,라그로타,버섯 크림 리조또
2024-06-07,2,6,Summer,0,0,0,라그로타,버섯 크림 리조또
2024-06-08,3,6,Summer,1,0,1,라그로타,버섯 크림 리조또
2024-06-09,6,6,Summer,1,0,1,라그로타,버섯 크림 리조또
2024-06-10,0,6,Summer,0,0,0,라그로타,버섯 크림 리조또
2024-06-11,2,6,Summer,0,0,0,라그로타,버섯 크림 리조또
2024-06-12,0,6,Summer,0,0,0,라그로타,버섯 크림 리조또
2024-06-13,4,6,Summer,0,0,0,라그로타,버섯 크림 리조또
2024-06-14,1,6,Summer,0,0,0,라그로타,버섯 크림 리조또
2024-06-15,8,6,Summer,1,0,1,라그로타,버섯 크림 리조또
2023-01-01,13,1,Winter,1,1,1,라그로타,빵 추가 (1인)
2023-01-02,17,1,Winter,0,0,0,라그로타,빵 추가 (1인)
2023-01-03,5,1,Winter,0,0,0,라그로타,빵 추가 (1인)
2023-01-04,0,1,Winter,0,0,0,라그로타,빵 추가 (1인)
2023-01-05,1,1,Winter,0,0,0,라그로타,빵 추가 (1인)
2023-01-06,5,1,Winter,0,0,0,라그로타,빵 추가 (1인)
2023-01-07,20,1,Winter,1,0,1,라그로타,빵 추가 (1인)
2023-01-08,5,1,Winter,1,0,1,라그로타,빵 추가 (1인)
2023-01-09,3,1,Winter,0,0,0,라그로타,빵 추가 (1인)
2023-01-10,0,1,Winter,0,0,0,라그로타,빵 추가 (1인)
2023-01-11,8,1,Winter,0,0,0,라그로타,빵 추가 (1인)
2023-01-12,6,1,Winter,0,0,0,라그로타,빵 추가 (1인)
2023-01-13,0,1,Winter,0,0,0,라그로타,빵 추가 (1인)
2023-01-14,10,1,Winter,1,0,1,라그로타,빵 추가 (1인)
2023-01-15,4,1,Winter,1,0,1,라그로타,빵 추가 (1인)
2023-01-16,0,1,Winter,0,0,0,라그로타,빵 추가 (1인)
2023-01-17,7,1,Winter,0,0,0,라그로타,빵 추가 (1인)
2023-01-18,5,1,Winter,0,0,0,라그로타,빵 추가 (1인)
2023-01-19,4,1,Winter,0,0,0,라그로타,빵 추가 (1인)
2023-01-20,3,1,Winter,0,0,0,라그로타,빵 추가 (1인)
2023-01-21,15,1,Winter,1,1,1,라그로타,빵 추가 (1인)
2023-01-22,7,1,Winter,1,1,1,라그로타,빵 추가 (1인)
2023-01-23,4,1,Winter,0,1,1,라그로타,빵 추가 (1인)
2023-01-24,17,1,Winter,0,1,1,라그로타,빵 추가 (1인)
2023-01-25,6,1,Winter,0,0,0,라그로타,빵 추가 (1인)
2023-01-26,6,1,Winter,0,0,0,라그로타,빵 추가 (1인)
2023-01-27,2,1,Winter,0,0,0,라그로타,빵 추가 (1인)
2023-01-28,1,1,Winter,1,0,1,라그로타,빵 추가 (1인)
2023-01-29,12,1,Winter,1,0,1,라그로타,빵 추가 (1인)
2023-01-30,0,1,Winter,0,0,0,라그로타,빵 추가 (1인)
2023-01-31,2,1,Winter,0,0,0,라그로타,빵 추가 (1인)
2023-02-01,8,2,Winter,0,0,0,라그로타,빵 추가 (1인)
2023-02-02,3,2,Winter,0,0,0,라그로타,빵 추가 (1인)
2023-02-03,13,2,Winter,0,0,0,라그로타,빵 추가 (1인)
2023-02-04,7,2,Winter,1,0,1,라그로타,빵 추가 (1인)
2023-02-05,7,2,Winter,1,0,1,라그로타,빵 추가 (1인)
2023-02-06,0,2,Winter,0,0,0,라그로타,빵 추가 (1인)
2023-02-07,0,2,Winter,0,0,0,라그로타,빵 추가 (1인)
2023-02-08,4,2,Winter,0,0,0,라그로타,빵 추가 (1인)
2023-02-09,4,2,Winter,0,0,0,라그로타,빵 추가 (1인)
2023-02-10,8,2,Winter,0,0,0,라그로타,빵 추가 (1인)
2023-02-11,8,2,Winter,1,0,1,라그로타,빵 추가 (1인)
2023-02-12,10,2,Winter,1,0,1,라그로타,빵 추가 (1인)
2023-02-13,0,2,Winter,0,0,0,라그로타,빵 추가 (1인)
2023-02-14,8,2,Winter,0,0,0,라그로타,빵 추가 (1인)
2023-02-15,0,2,Winter,0,0,0,라그로타,빵 추가 (1인)
2023-02-16,0,2,Winter,0,0,0,라그로타,빵 추가 (1인)
2023-02-17,14,2,Winter,0,0,0,라그로타,빵 추가 (1인)
2023-02-18,8,2,Winter,1,0,1,라그로타,빵 추가 (1인)
2023-02-19,0,2,Winter,1,0,1,라그로타,빵 추가 (1인)
2023-02-20,0,2,Winter,0,0,0,라그로타,빵 추가 (1인)
2023-02-21,6,2,Winter,0,0,0,라그로타,빵 추가 (1인)
2023-02-22,6,2,Winter,0,0,0,라그로타,빵 추가 (1인)
2023-02-23,9,2,Winter,0,0,0,라그로타,빵 추가 (1인)
2023-02-24,4,2,Winter,0,0,0,라그로타,빵 추가 (1인)
2023-02-25,13,2,Winter,1,0,1,라그로타,빵 추가 (1인)
2023-02-26,3,2,Winter,1,0,1,라그로타,빵 추가 (1인)
2023-02-27,0,2,Winter,0,0,0,라그로타,빵 추가 (1인)
2023-02-28,0,2,Winter,0,0,0,라그로타,빵 추가 (1인)
2023-03-01,0,3,Spring,0,1,1,라그로타,빵 추가 (1인)
2023-03-02,0,3,Spring,0,0,0,라그로타,빵 추가 (1인)
2023-03-03,0,3,Spring,0,0,0,라그로타,빵 추가 (1인)
2023-03-04,0,3,Spring,1,0,1,라그로타,빵 추가 (1인)
2023-03-05,0,3,Spring,1,0,1,라그로타,빵 추가 (1인)
2023-03-06,0,3,Spring,0,0,0,라그로타,빵 추가 (1인)
2023-03-07,0,3,Spring,0,0,0,라그로타,빵 추가 (1인)
2023-03-08,0,3,Spring,0,0,0,라그로타,빵 추가 (1인)
2023-03-09,0,3,Spring,0,0,0,라그로타,빵 추가 (1인)
2023-03-10,2,3,Spring,0,0,0,라그로타,빵 추가 (1인)
2023-03-11,4,3,Spring,1,0,1,라그로타,빵 추가 (1인)
2023-03-12,2,3,Spring,1,0,1,라그로타,빵 추가 (1인)
2023-03-13,0,3,Spring,0,0,0,라그로타,빵 추가 (1인)
2023-03-14,2,3,Spring,0,0,0,라그로타,빵 추가 (1인)
2023-03-15,0,3,Spring,0,0,0,라그로타,빵 추가 (1인)
2023-03-16,0,3,Spring,0,0,0,라그로타,빵 추가 (1인)
2023-03-17,0,3,Spring,0,0,0,라그로타,빵 추가 (1인)
2023-03-18,5,3,Spring,1,0,1,라그로타,빵 추가 (1인)
2023-03-19,4,3,Spring,1,0,1,라그로타,빵 추가 (1인)
2023-03-20,0,3,Spring,0,0,0,라그로타,빵 추가 (1인)
2023-03-21,0,3,Spring,0,0,0,라그로타,빵 추가 (1인)
2023-03-22,4,3,Spring,0,0,0,라그로타,빵 추가 (1인)
2023-03-23,2,3,Spring,0,0,0,라그로타,빵 추가 (1인)
2023-03-24,14,3,Spring,0,0,0,라그로타,빵 추가 (1인)
2023-03-25,9,3,Spring,1,0,1,라그로타,빵 추가 (1인)
2023-03-26,0,3,Spring,1,0,1,라그로타,빵 추가 (1인)
2023-03-27,0,3,Spring,0,0,0,라그로타,빵 추가 (1인)
2023-03-28,0,3,Spring,0,0,0,라그로타,빵 추가 (1인)
2023-03-29,0,3,Spring,0,0,0,라그로타,빵 추가 (1인)
2023-03-30,0,3,Spring,0,0,0,라그로타,빵 추가 (1인)
2023-03-31,3,3,Spring,0,0,0,라그로타,빵 추가 (1인)
2023-04-01,10,4,Spring,1,0,1,라그로타,빵 추가 (1인)
2023-04-02,4,4,Spring,1,0,1,라그로타,빵 추가 (1인)
2023-04-03,0,4,Spring,0,0,0,라그로타,빵 추가 (1인)
2023-04-04,5,4,Spring,0,0,0,라그로타,빵 추가 (1인)
2023-04-05,11,4,Spring,0,0,0,라그로타,빵 추가 (1인)
2023-04-06,4,4,Spring,0,0,0,라그로타,빵 추가 (1인)
2023-04-07,7,4,Spring,0,0,0,라그로타,빵 추가 (1인)
2023-04-08,7,4,Spring,1,0,1,라그로타,빵 추가 (1인)
2023-04-09,0,4,Spring,1,0,1,라그로타,빵 추가 (1인)
2023-04-10,0,4,Spring,0,0,0,라그로타,빵 추가 (1인)
2023-04-11,10,4,Spring,0,0,0,라그로타,빵 추가 (1인)
2023-04-12,16,4,Spring,0,0,0,라그로타,빵 추가 (1인)
2023-04-13,23,4,Spring,0,0,0,라그로타,빵 추가 (1인)
2023-04-14,6,4,Spring,0,0,0,라그로타,빵 추가 (1인)
2023-04-15,6,4,Spring,1,0,1,라그로타,빵 추가 (1인)
2023-04-16,4,4,Spring,1,0,1,라그로타,빵 추가 (1인)
2023-04-17,0,4,Spring,0,0,0,라그로타,빵 추가 (1인)
2023-04-18,3,4,Spring,0,0,0,라그로타,빵 추가 (1인)
2023-04-19,0,4,Spring,0,0,0,라그로타,빵 추가 (1인)
2023-04-20,4,4,Spring,0,0,0,라그로타,빵 추가 (1인)
2023-04-21,1,4,Spring,0,0,0,라그로타,빵 추가 (1인)
2023-04-22,10,4,Spring,1,0,1,라그로타,빵 추가 (1인)
2023-04-23,10,4,Spring,1,0,1,라그로타,빵 추가 (1인)
2023-04-24,0,4,Spring,0,0,0,라그로타,빵 추가 (1인)
2023-04-25,0,4,Spring,0,0,0,라그로타,빵 추가 (1인)
2023-04-26,6,4,Spring,0,0,0,라그로타,빵 추가 (1인)
2023-04-27,4,4,Spring,0,0,0,라그로타,빵 추가 (1인)
2023-04-28,27,4,Spring,0,0,0,라그로타,빵 추가 (1인)
2023-04-29,25,4,Spring,1,0,1,라그로타,빵 추가 (1인)
2023-04-30,9,4,Spring,1,0,1,라그로타,빵 추가 (1인)
2023-05-01,0,5,Spring,0,0,0,라그로타,빵 추가 (1인)
2023-05-02,6,5,Spring,0,0,0,라그로타,빵 추가 (1인)
2023-05-03,9,5,Spring,0,0,0,라그로타,빵 추가 (1인)
2023-05-04,0,5,Spring,0,0,0,라그로타,빵 추가 (1인)
2023-05-05,18,5,Spring,0,1,1,라그로타,빵 추가 (1인)
2023-05-06,9,5,Spring,1,0,1,라그로타,빵 추가 (1인)
2023-05-07,0,5,Spring,1,0,1,라그로타,빵 추가 (1인)
2023-05-08,0,5,Spring,0,0,0,라그로타,빵 추가 (1인)
2023-05-09,8,5,Spring,0,0,0,라그로타,빵 추가 (1인)
2023-05-10,5,5,Spring,0,0,0,라그로타,빵 추가 (1인)
2023-05-11,0,5,Spring,0,0,0,라그로타,빵 추가 (1인)
2023-05-12,5,5,Spring,0,0,0,라그로타,빵 추가 (1인)
2023-05-13,6,5,Spring,1,0,1,라그로타,빵 추가 (1인)
2023-05-14,5,5,Spring,1,0,1,라그로타,빵 추가 (1인)
2023-05-15,0,5,Spring,0,0,0,라그로타,빵 추가 (1인)
2023-05-16,0,5,Spring,0,0,0,라그로타,빵 추가 (1인)
2023-05-17,0,5,Spring,0,0,0,라그로타,빵 추가 (1인)
2023-05-18,4,5,Spring,0,0,0,라그로타,빵 추가 (1인)
2023-05-19,0,5,Spring,0,0,0,라그로타,빵 추가 (1인)
2023-05-20,12,5,Spring,1,0,1,라그로타,빵 추가 (1인)
2023-05-21,10,5,Spring,1,0,1,라그로타,빵 추가 (1인)
2023-05-22,0,5,Spring,0,0,0,라그로타,빵 추가 (1인)
2023-05-23,3,5,Spring,0,0,0,라그로타,빵 추가 (1인)
2023-05-24,3,5,Spring,0,0,0,라그로타,빵 추가 (1인)
2023-05-25,5,5,Spring,0,0,0,라그로타,빵 추가 (1인)
2023-05-26,3,5,Spring,0,0,0,라그로타,빵 추가 (1인)
2023-05-27,26,5,Spring,1,1,1,라그로타,빵 추가 (1인)
2023-05-28,1,5,Spring,1,0,1,라그로타,빵 추가 (1인)
2023-05-29,0,5,Spring,0,1,1,라그로타,빵 추가 (1인)
2023-05-30,6,5,Spring,0,0,0,라그로타,빵 추가 (1인)
2023-05-31,0,5,Spring,0,0,0,라그로타,빵 추가 (1인)
2023-06-01,8,6,Summer,0,0,0,라그로타,빵 추가 (1인)
2023-06-02,6,6,Summer,0,0,0,라그로타,빵 추가 (1인)
2023-06-03,24,6,Summer,1,0,1,라그로타,빵 추가 (1인)
2023-06-04,16,6,Summer,1,0,1,라그로타,빵 추가 (1인)
2023-06-05,0,6,Summer,0,0,0,라그로타,빵 추가 (1인)
2023-06-06,3,6,Summer,0,1,1,라그로타,빵 추가 (1인)
2023-06-07,0,6,Summer,0,0,0,라그로타,빵 추가 (1인)
2023-06-08,1,6,Summer,0,0,0,라그로타,빵 추가 (1인)
2023-06-09,1,6,Summer,0,0,0,라그로타,빵 추가 (1인)
2023-06-10,9,6,Summer,1,0,1,라그로타,빵 추가 (1인)
2023-06-11,0,6,Summer,1,0,1,라그로타,빵 추가 (1인)
2023-06-12,0,6,Summer,0,0,0,라그로타,빵 추가 (1인)
2023-06-13,0,6,Summer,0,0,0,라그로타,빵 추가 (1인)
2023-06-14,0,6,Summer,0,0,0,라그로타,빵 추가 (1인)
2023-06-15,8,6,Summer,0,0,0,라그로타,빵 추가 (1인)
2023-06-16,13,6,Summer,0,0,0,라그로타,빵 추가 (1인)
2023-06-17,8,6,Summer,1,0,1,라그로타,빵 추가 (1인)
2023-06-18,8,6,Summer,1,0,1,라그로타,빵 추가 (1인)
2023-06-19,0,6,Summer,0,0,0,라그로타,빵 추가 (1인)
2023-06-20,5,6,Summer,0,0,0,라그로타,빵 추가 (1인)
2023-06-21,0,6,Summer,0,0,0,라그로타,빵 추가 (1인)
2023-06-22,2,6,Summer,0,0,0,라그로타,빵 추가 (1인)
2023-06-23,0,6,Summer,0,0,0,라그로타,빵 추가 (1인)
2023-06-24,9,6,Summer,1,0,1,라그로타,빵 추가 (1인)
2023-06-25,16,6,Summer,1,0,1,라그로타,빵 추가 (1인)
2023-06-26,0,6,Summer,0,0,0,라그로타,빵 추가 (1인)
2023-06-27,9,6,Summer,0,0,0,라그로타,빵 추가 (1인)
2023-06-28,6,6,Summer,0,0,0,라그로타,빵 추가 (1인)
2023-06-29,1,6,Summer,0,0,0,라그로타,빵 추가 (1인)
2023-06-30,20,6,Summer,0,0,0,라그로타,빵 추가 (1인)
2023-07-01,17,7,Summer,1,0,1,라그로타,빵 추가 (1인)
2023-07-02,3,7,Summer,1,0,1,라그로타,빵 추가 (1인)
2023-07-03,0,7,Summer,0,0,0,라그로타,빵 추가 (1인)
2023-07-04,0,7,Summer,0,0,0,라그로타,빵 추가 (1인)
2023-07-05,0,7,Summer,0,0,0,라그로타,빵 추가 (1인)
2023-07-06,8,7,Summer,0,0,0,라그로타,빵 추가 (1인)
2023-07-07,14,7,Summer,0,0,0,라그로타,빵 추가 (1인)
2023-07-08,12,7,Summer,1,0,1,라그로타,빵 추가 (1인)
2023-07-09,6,7,Summer,1,0,1,라그로타,빵 추가 (1인)
2023-07-10,0,7,Summer,0,0,0,라그로타,빵 추가 (1인)
2023-07-11,0,7,Summer,0,0,0,라그로타,빵 추가 (1인)
2023-07-12,4,7,Summer,0,0,0,라그로타,빵 추가 (1인)
2023-07-13,2,7,Summer,0,0,0,라그로타,빵 추가 (1인)
2023-07-14,4,7,Summer,0,0,0,라그로타,빵 추가 (1인)
2023-07-15,15,7,Summer,1,0,1,라그로타,빵 추가 (1인)
2023-07-16,6,7,Summer,1,0,1,라그로타,빵 추가 (1인)
2023-07-17,0,7,Summer,0,0,0,라그로타,빵 추가 (1인)
2023-07-18,2,7,Summer,0,0,0,라그로타,빵 추가 (1인)
2023-07-19,5,7,Summer,0,0,0,라그로타,빵 추가 (1인)
2023-07-20,7,7,Summer,0,0,0,라그로타,빵 추가 (1인)
2023-07-21,0,7,Summer,0,0,0,라그로타,빵 추가 (1인)
2023-07-22,2,7,Summer,1,0,1,라그로타,빵 추가 (1인)
2023-07-23,0,7,Summer,1,0,1,라그로타,빵 추가 (1인)
2023-07-24,0,7,Summer,0,0,0,라그로타,빵 추가 (1인)
2023-07-25,5,7,Summer,0,0,0,라그로타,빵 추가 (1인)
2023-07-26,12,7,Summer,0,0,0,라그로타,빵 추가 (1인)
2023-07-27,0,7,Summer,0,0,0,라그로타,빵 추가 (1인)
2023-07-28,8,7,Summer,0,0,0,라그로타,빵 추가 (1인)
2023-07-29,27,7,Summer,1,0,1,라그로타,빵 추가 (1인)
2023-07-30,2,7,Summer,1,0,1,라그로타,빵 추가 (1인)
2023-07-31,0,7,Summer,0,0,0,라그로타,빵 추가 (1인)
2023-08-01,14,8,Summer,0,0,0,라그로타,빵 추가 (1인)
2023-08-02,9,8,Summer,0,0,0,라그로타,빵 추가 (1인)
2023-08-03,7,8,Summer,0,0,0,라그로타,빵 추가 (1인)
2023-08-04,14,8,Summer,0,0,0,라그로타,빵 추가 (1인)
2023-08-05,6,8,Summer,1,0,1,라그로타,빵 추가 (1인)
2023-08-06,14,8,Summer,1,0,1,라그로타,빵 추가 (1인)
2023-08-07,0,8,Summer,0,0,0,라그로타,빵 추가 (1인)
2023-08-08,2,8,Summer,0,0,0,라그로타,빵 추가 (1인)
2023-08-09,2,8,Summer,0,0,0,라그로타,빵 추가 (1인)
2023-08-10,3,8,Summer,0,0,0,라그로타,빵 추가 (1인)
2023-08-11,4,8,Summer,0,0,0,라그로타,빵 추가 (1인)
2023-08-12,2,8,Summer,1,0,1,라그로타,빵 추가 (1인)
2023-08-13,21,8,Summer,1,0,1,라그로타,빵 추가 (1인)
2023-08-14,9,8,Summer,0,0,0,라그로타,빵 추가 (1인)
2023-08-15,7,8,Summer,0,1,1,라그로타,빵 추가 (1인)
2023-08-16,8,8,Summer,0,0,0,라그로타,빵 추가 (1인)
2023-08-17,3,8,Summer,0,0,0,라그로타,빵 추가 (1인)
2023-08-18,0,8,Summer,0,0,0,라그로타,빵 추가 (1인)
2023-08-19,9,8,Summer,1,0,1,라그로타,빵 추가 (1인)
2023-08-20,10,8,Summer,1,0,1,라그로타,빵 추가 (1인)
2023-08-21,0,8,Summer,0,0,0,라그로타,빵 추가 (1인)
2023-08-22,0,8,Summer,0,0,0,라그로타,빵 추가 (1인)
2023-08-23,7,8,Summer,0,0,0,라그로타,빵 추가 (1인)
2023-08-24,9,8,Summer,0,0,0,라그로타,빵 추가 (1인)
2023-08-25,3,8,Summer,0,0,0,라그로타,빵 추가 (1인)
2023-08-26,4,8,Summer,1,0,1,라그로타,빵 추가 (1인)
2023-08-27,4,8,Summer,1,0,1,라그로타,빵 추가 (1인)
2023-08-28,0,8,Summer,0,0,0,라그로타,빵 추가 (1인)
2023-08-29,0,8,Summer,0,0,0,라그로타,빵 추가 (1인)
2023-08-30,0,8,Summer,0,0,0,라그로타,빵 추가 (1인)
2023-08-31,0,8,Summer,0,0,0,라그로타,빵 추가 (1인)
2023-09-01,6,9,Autumn,0,0,0,라그로타,빵 추가 (1인)
2023-09-02,4,9,Autumn,1,0,1,라그로타,빵 추가 (1인)
2023-09-03,5,9,Autumn,1,0,1,라그로타,빵 추가 (1인)
2023-09-04,0,9,Autumn,0,0,0,라그로타,빵 추가 (1인)
2023-09-05,0,9,Autumn,0,0,0,라그로타,빵 추가 (1인)
2023-09-06,1,9,Autumn,0,0,0,라그로타,빵 추가 (1인)
2023-09-07,2,9,Autumn,0,0,0,라그로타,빵 추가 (1인)
2023-09-08,8,9,Autumn,0,0,0,라그로타,빵 추가 (1인)
2023-09-09,7,9,Autumn,1,0,1,라그로타,빵 추가 (1인)
2023-09-10,0,9,Autumn,1,0,1,라그로타,빵 추가 (1인)
2023-09-11,0,9,Autumn,0,0,0,라그로타,빵 추가 (1인)
2023-09-12,7,9,Autumn,0,0,0,라그로타,빵 추가 (1인)
2023-09-13,0,9,Autumn,0,0,0,라그로타,빵 추가 (1인)
2023-09-14,12,9,Autumn,0,0,0,라그로타,빵 추가 (1인)
2023-09-15,8,9,Autumn,0,0,0,라그로타,빵 추가 (1인)
2023-09-16,8,9,Autumn,1,0,1,라그로타,빵 추가 (1인)
2023-09-17,0,9,Autumn,1,0,1,라그로타,빵 추가 (1인)
2023-09-18,0,9,Autumn,0,0,0,라그로타,빵 추가 (1인)
2023-09-19,0,9,Autumn,0,0,0,라그로타,빵 추가 (1인)
2023-09-20,6,9,Autumn,0,0,0,라그로타,빵 추가 (1인)
2023-09-21,2,9,Autumn,0,0,0,라그로타,빵 추가 (1인)
2023-09-22,0,9,Autumn,0,0,0,라그로타,빵 추가 (1인)
2023-09-23,8,9,Autumn,1,0,1,라그로타,빵 추가 (1인)
2023-09-24,17,9,Autumn,1,0,1,라그로타,빵 추가 (1인)
2023-09-25,0,9,Autumn,0,0,0,라그로타,빵 추가 (1인)
2023-09-26,0,9,Autumn,0,0,0,라그로타,빵 추가 (1인)
2023-09-27,9,9,Autumn,0,0,0,라그로타,빵 추가 (1인)
2023-09-28,16,9,Autumn,0,1,1,라그로타,빵 추가 (1인)
2023-09-29,10,9,Autumn,0,1,1,라그로타,빵 추가 (1인)
2023-09-30,15,9,Autumn,1,1,1,라그로타,빵 추가 (1인)
2023-10-01,15,10,Autumn,1,0,1,라그로타,빵 추가 (1인)
2023-10-02,0,10,Autumn,0,1,1,라그로타,빵 추가 (1인)
2023-10-03,8,10,Autumn,0,1,1,라그로타,빵 추가 (1인)
2023-10-04,6,10,Autumn,0,0,0,라그로타,빵 추가 (1인)
2023-10-05,0,10,Autumn,0,0,0,라그로타,빵 추가 (1인)
2023-10-06,2,10,Autumn,0,0,0,라그로타,빵 추가 (1인)
2023-10-07,10,10,Autumn,1,0,1,라그로타,빵 추가 (1인)
2023-10-08,3,10,Autumn,1,0,1,라그로타,빵 추가 (1인)
2023-10-09,3,10,Autumn,0,1,1,라그로타,빵 추가 (1인)
2023-10-10,0,10,Autumn,0,0,0,라그로타,빵 추가 (1인)
2023-10-11,0,10,Autumn,0,0,0,라그로타,빵 추가 (1인)
2023-10-12,9,10,Autumn,0,0,0,라그로타,빵 추가 (1인)
2023-10-13,0,10,Autumn,0,0,0,라그로타,빵 추가 (1인)
2023-10-14,0,10,Autumn,1,0,1,라그로타,빵 추가 (1인)
2023-10-15,0,10,Autumn,1,0,1,라그로타,빵 추가 (1인)
2023-10-16,0,10,Autumn,0,0,0,라그로타,빵 추가 (1인)
2023-10-17,0,10,Autumn,0,0,0,라그로타,빵 추가 (1인)
2023-10-18,0,10,Autumn,0,0,0,라그로타,빵 추가 (1인)
2023-10-19,0,10,Autumn,0,0,0,라그로타,빵 추가 (1인)
2023-10-20,1,10,Autumn,0,0,0,라그로타,빵 추가 (1인)
2023-10-21,0,10,Autumn,1,0,1,라그로타,빵 추가 (1인)
2023-10-22,0,10,Autumn,1,0,1,라그로타,빵 추가 (1인)
2023-10-23,0,10,Autumn,0,0,0,라그로타,빵 추가 (1인)
2023-10-24,0,10,Autumn,0,0,0,라그로타,빵 추가 (1인)
2023-10-25,1,10,Autumn,0,0,0,라그로타,빵 추가 (1인)
2023-10-26,0,10,Autumn,0,0,0,라그로타,빵 추가 (1인)
2023-10-27,0,10,Autumn,0,0,0,라그로타,빵 추가 (1인)
2023-10-28,0,10,Autumn,1,0,1,라그로타,빵 추가 (1인)
2023-10-29,2,10,Autumn,1,0,1,라그로타,빵 추가 (1인)
2023-10-30,0,10,Autumn,0,0,0,라그로타,빵 추가 (1인)
2023-10-31,4,10,Autumn,0,0,0,라그로타,빵 추가 (1인)
2023-11-01,0,11,Autumn,0,0,0,라그로타,빵 추가 (1인)
2023-11-02,4,11,Autumn,0,0,0,라그로타,빵 추가 (1인)
2023-11-03,0,11,Autumn,0,0,0,라그로타,빵 추가 (1인)
2023-11-04,5,11,Autumn,1,0,1,라그로타,빵 추가 (1인)
2023-11-05,2,11,Autumn,1,0,1,라그로타,빵 추가 (1인)
2023-11-06,0,11,Autumn,0,0,0,라그로타,빵 추가 (1인)
2023-11-07,4,11,Autumn,0,0,0,라그로타,빵 추가 (1인)
2023-11-08,0,11,Autumn,0,0,0,라그로타,빵 추가 (1인)
2023-11-09,1,11,Autumn,0,0,0,라그로타,빵 추가 (1인)
2023-11-10,0,11,Autumn,0,0,0,라그로타,빵 추가 (1인)
2023-11-11,4,11,Autumn,1,0,1,라그로타,빵 추가 (1인)
2023-11-12,2,11,Autumn,1,0,1,라그로타,빵 추가 (1인)
2023-11-13,0,11,Autumn,0,0,0,라그로타,빵 추가 (1인)
2023-11-14,0,11,Autumn,0,0,0,라그로타,빵 추가 (1인)
2023-11-15,1,11,Autumn,0,0,0,라그로타,빵 추가 (1인)
2023-11-16,3,11,Autumn,0,0,0,라그로타,빵 추가 (1인)
2023-11-17,4,11,Autumn,0,0,0,라그로타,빵 추가 (1인)
2023-11-18,0,11,Autumn,1,0,1,라그로타,빵 추가 (1인)
2023-11-19,1,11,Autumn,1,0,1,라그로타,빵 추가 (1인)
2023-11-20,0,11,Autumn,0,0,0,라그로타,빵 추가 (1인)
2023-11-21,6,11,Autumn,0,0,0,라그로타,빵 추가 (1인)
2023-11-22,7,11,Autumn,0,0,0,라그로타,빵 추가 (1인)
2023-11-23,2,11,Autumn,0,0,0,라그로타,빵 추가 (1인)
2023-11-24,4,11,Autumn,0,0,0,라그로타,빵 추가 (1인)
2023-11-25,2,11,Autumn,1,0,1,라그로타,빵 추가 (1인)
2023-11-26,0,11,Autumn,1,0,1,라그로타,빵 추가 (1인)
2023-11-27,0,11,Autumn,0,0,0,라그로타,빵 추가 (1인)
2023-11-28,0,11,Autumn,0,0,0,라그로타,빵 추가 (1인)
2023-11-29,0,11,Autumn,0,0,0,라그로타,빵 추가 (1인)
2023-11-30,0,11,Autumn,0,0,0,라그로타,빵 추가 (1인)
2023-12-01,0,12,Winter,0,0,0,라그로타,빵 추가 (1인)
2023-12-02,3,12,Winter,1,0,1,라그로타,빵 추가 (1인)
2023-12-03,1,12,Winter,1,0,1,라그로타,빵 추가 (1인)
2023-12-04,10,12,Winter,0,0,0,라그로타,빵 추가 (1인)
2023-12-05,0,12,Winter,0,0,0,라그로타,빵 추가 (1인)
2023-12-06,0,12,Winter,0,0,0,라그로타,빵 추가 (1인)
2023-12-07,0,12,Winter,0,0,0,라그로타,빵 추가 (1인)
2023-12-08,2,12,Winter,0,0,0,라그로타,빵 추가 (1인)
2023-12-09,0,12,Winter,1,0,1,라그로타,빵 추가 (1인)
2023-12-10,0,12,Winter,1,0,1,라그로타,빵 추가 (1인)
2023-12-11,0,12,Winter,0,0,0,라그로타,빵 추가 (1인)
2023-12-12,0,12,Winter,0,0,0,라그로타,빵 추가 (1인)
2023-12-13,0,12,Winter,0,0,0,라그로타,빵 추가 (1인)
2023-12-14,0,12,Winter,0,0,0,라그로타,빵 추가 (1인)
2023-12-15,5,12,Winter,0,0,0,라그로타,빵 추가 (1인)
2023-12-16,0,12,Winter,1,0,1,라그로타,빵 추가 (1인)
2023-12-17,0,12,Winter,1,0,1,라그로타,빵 추가 (1인)
2023-12-18,0,12,Winter,0,0,0,라그로타,빵 추가 (1인)
2023-12-19,1,12,Winter,0,0,0,라그로타,빵 추가 (1인)
2023-12-20,3,12,Winter,0,0,0,라그로타,빵 추가 (1인)
2023-12-21,0,12,Winter,0,0,0,라그로타,빵 추가 (1인)
2023-12-22,3,12,Winter,0,0,0,라그로타,빵 추가 (1인)
2023-12-23,0,12,Winter,1,0,1,라그로타,빵 추가 (1인)
2023-12-24,4,12,Winter,1,0,1,라그로타,빵 추가 (1인)
2023-12-25,4,12,Winter,0,1,1,라그로타,빵 추가 (1인)
2023-12-26,2,12,Winter,0,0,0,라그로타,빵 추가 (1인)
2023-12-27,2,12,Winter,0,0,0,라그로타,빵 추가 (1인)
2023-12-28,0,12,Winter,0,0,0,라그로타,빵 추가 (1인)
2023-12-29,4,12,Winter,0,0,0,라그로타,빵 추가 (1인)
2023-12-30,4,12,Winter,1,0,1,라그로타,빵 추가 (1인)
2023-12-31,3,12,Winter,1,0,1,라그로타,빵 추가 (1인)
2024-01-01,6,1,Winter,0,1,1,라그로타,빵 추가 (1인)
2024-01-02,1,1,Winter,0,0,0,라그로타,빵 추가 (1인)
2024-01-03,0,1,Winter,0,0,0,라그로타,빵 추가 (1인)
2024-01-04,0,1,Winter,0,0,0,라그로타,빵 추가 (1인)
2024-01-05,7,1,Winter,0,0,0,라그로타,빵 추가 (1인)
2024-01-06,0,1,Winter,1,0,1,라그로타,빵 추가 (1인)
2024-01-07,7,1,Winter,1,0,1,라그로타,빵 추가 (1인)
2024-01-08,0,1,Winter,0,0,0,라그로타,빵 추가 (1인)
2024-01-09,1,1,Winter,0,0,0,라그로타,빵 추가 (1인)
2024-01-10,1,1,Winter,0,0,0,라그로타,빵 추가 (1인)
2024-01-11,0,1,Winter,0,0,0,라그로타,빵 추가 (1인)
2024-01-12,1,1,Winter,0,0,0,라그로타,빵 추가 (1인)
2024-01-13,0,1,Winter,1,0,1,라그로타,빵 추가 (1인)
2024-01-14,1,1,Winter,1,0,1,라그로타,빵 추가 (1인)
2024-01-15,0,1,Winter,0,0,0,라그로타,빵 추가 (1인)
2024-01-16,0,1,Winter,0,0,0,라그로타,빵 추가 (1인)
2024-01-17,2,1,Winter,0,0,0,라그로타,빵 추가 (1인)
2024-01-18,0,1,Winter,0,0,0,라그로타,빵 추가 (1인)
2024-01-19,1,1,Winter,0,0,0,라그로타,빵 추가 (1인)
2024-01-20,5,1,Winter,1,0,1,라그로타,빵 추가 (1인)
2024-01-21,2,1,Winter,1,0,1,라그로타,빵 추가 (1인)
2024-01-22,0,1,Winter,0,0,0,라그로타,빵 추가 (1인)
2024-01-23,5,1,Winter,0,0,0,라그로타,빵 추가 (1인)
2024-01-24,0,1,Winter,0,0,0,라그로타,빵 추가 (1인)
2024-01-25,10,1,Winter,0,0,0,라그로타,빵 추가 (1인)
2024-01-26,0,1,Winter,0,0,0,라그로타,빵 추가 (1인)
2024-01-27,2,1,Winter,1,0,1,라그로타,빵 추가 (1인)
2024-01-28,2,1,Winter,1,0,1,라그로타,빵 추가 (1인)
2024-01-29,0,1,Winter,0,0,0,라그로타,빵 추가 (1인)
2024-01-30,2,1,Winter,0,0,0,라그로타,빵 추가 (1인)
2024-01-31,0,1,Winter,0,0,0,라그로타,빵 추가 (1인)
2024-02-01,1,2,Winter,0,0,0,라그로타,빵 추가 (1인)
2024-02-02,0,2,Winter,0,0,0,라그로타,빵 추가 (1인)
2024-02-03,0,2,Winter,1,0,1,라그로타,빵 추가 (1인)
2024-02-04,1,2,Winter,1,0,1,라그로타,빵 추가 (1인)
2024-02-05,0,2,Winter,0,0,0,라그로타,빵 추가 (1인)
2024-02-06,0,2,Winter,0,0,0,라그로타,빵 추가 (1인)
2024-02-07,0,2,Winter,0,0,0,라그로타,빵 추가 (1인)
2024-02-08,4,2,Winter,0,0,0,라그로타,빵 추가 (1인)
2024-02-09,1,2,Winter,0,1,1,라그로타,빵 추가 (1인)
2024-02-10,0,2,Winter,1,1,1,라그로타,빵 추가 (1인)
2024-02-11,0,2,Winter,1,1,1,라그로타,빵 추가 (1인)
2024-02-12,0,2,Winter,0,1,1,라그로타,빵 추가 (1인)
2024-02-13,0,2,Winter,0,0,0,라그로타,빵 추가 (1인)
2024-02-14,5,2,Winter,0,0,0,라그로타,빵 추가 (1인)
2024-02-15,0,2,Winter,0,0,0,라그로타,빵 추가 (1인)
2024-02-16,1,2,Winter,0,0,0,라그로타,빵 추가 (1인)
2024-02-17,3,2,Winter,1,0,1,라그로타,빵 추가 (1인)
2024-02-18,0,2,Winter,1,0,1,라그로타,빵 추가 (1인)
2024-02-19,0,2,Winter,0,0,0,라그로타,빵 추가 (1인)
2024-02-20,0,2,Winter,0,0,0,라그로타,빵 추가 (1인)
2024-02-21,0,2,Winter,0,0,0,라그로타,빵 추가 (1인)
2024-02-22,0,2,Winter,0,0,0,라그로타,빵 추가 (1인)
2024-02-23,0,2,Winter,0,0,0,라그로타,빵 추가 (1인)
2024-02-24,2,2,Winter,1,0,1,라그로타,빵 추가 (1인)
2024-02-25,1,2,Winter,1,0,1,라그로타,빵 추가 (1인)
2024-02-26,0,2,Winter,0,0,0,라그로타,빵 추가 (1인)
2024-02-27,2,2,Winter,0,0,0,라그로타,빵 추가 (1인)
2024-02-28,0,2,Winter,0,0,0,라그로타,빵 추가 (1인)
2024-02-29,0,2,Winter,0,0,0,라그로타,빵 추가 (1인)
2024-03-01,0,3,Spring,0,1,1,라그로타,빵 추가 (1인)
2024-03-02,1,3,Spring,1,0,1,라그로타,빵 추가 (1인)
2024-03-03,0,3,Spring,1,0,1,라그로타,빵 추가 (1인)
2024-03-04,0,3,Spring,0,0,0,라그로타,빵 추가 (1인)
2024-03-05,0,3,Spring,0,0,0,라그로타,빵 추가 (1인)
2024-03-06,0,3,Spring,0,0,0,라그로타,빵 추가 (1인)
2024-03-07,0,3,Spring,0,0,0,라그로타,빵 추가 (1인)
2024-03-08,0,3,Spring,0,0,0,라그로타,빵 추가 (1인)
2024-03-09,0,3,Spring,1,0,1,라그로타,빵 추가 (1인)
2024-03-10,0,3,Spring,1,0,1,라그로타,빵 추가 (1인)
2024-03-11,0,3,Spring,0,0,0,라그로타,빵 추가 (1인)
2024-03-12,0,3,Spring,0,0,0,라그로타,빵 추가 (1인)
2024-03-13,0,3,Spring,0,0,0,라그로타,빵 추가 (1인)
2024-03-14,0,3,Spring,0,0,0,라그로타,빵 추가 (1인)
2024-03-15,0,3,Spring,0,0,0,라그로타,빵 추가 (1인)
2024-03-16,8,3,Spring,1,0,1,라그로타,빵 추가 (1인)
2024-03-17,0,3,Spring,1,0,1,라그로타,빵 추가 (1인)
2024-03-18,0,3,Spring,0,0,0,라그로타,빵 추가 (1인)
2024-03-19,0,3,Spring,0,0,0,라그로타,빵 추가 (1인)
2024-03-20,0,3,Spring,0,0,0,라그로타,빵 추가 (1인)
2024-03-21,0,3,Spring,0,0,0,라그로타,빵 추가 (1인)
2024-03-22,0,3,Spring,0,0,0,라그로타,빵 추가 (1인)
2024-03-23,0,3,Spring,1,0,1,라그로타,빵 추가 (1인)
2024-03-24,0,3,Spring,1,0,1,라그로타,빵 추가 (1인)
2024-03-25,0,3,Spring,0,0,0,라그로타,빵 추가 (1인)
2024-03-26,0,3,Spring,0,0,0,라그로타,빵 추가 (1인)
2024-03-27,0,3,Spring,0,0,0,라그로타,빵 추가 (1인)
2024-03-28,0,3,Spring,0,0,0,라그로타,빵 추가 (1인)
2024-03-29,4,3,Spring,0,0,0,라그로타,빵 추가 (1인)
2024-03-30,2,3,Spring,1,0,1,라그로타,빵 추가 (1인)
2024-03-31,1,3,Spring,1,0,1,라그로타,빵 추가 (1인)
2024-04-01,0,4,Spring,0,0,0,라그로타,빵 추가 (1인)
2024-04-02,1,4,Spring,0,0,0,라그로타,빵 추가 (1인)
2024-04-03,0,4,Spring,0,0,0,라그로타,빵 추가 (1인)
2024-04-04,0,4,Spring,0,0,0,라그로타,빵 추가 (1인)
2024-04-05,1,4,Spring,0,0,0,라그로타,빵 추가 (1인)
2024-04-06,1,4,Spring,1,0,1,라그로타,빵 추가 (1인)
2024-04-07,3,4,Spring,1,0,1,라그로타,빵 추가 (1인)
2024-04-08,0,4,Spring,0,0,0,라그로타,빵 추가 (1인)
2024-04-09,0,4,Spring,0,0,0,라그로타,빵 추가 (1인)
2024-04-10,5,4,Spring,0,1,1,라그로타,빵 추가 (1인)
2024-04-11,1,4,Spring,0,0,0,라그로타,빵 추가 (1인)
2024-04-12,1,4,Spring,0,0,0,라그로타,빵 추가 (1인)
2024-04-13,0,4,Spring,1,0,1,라그로타,빵 추가 (1인)
2024-04-14,0,4,Spring,1,0,1,라그로타,빵 추가 (1인)
2024-04-15,0,4,Spring,0,0,0,라그로타,빵 추가 (1인)
2024-04-16,0,4,Spring,0,0,0,라그로타,빵 추가 (1인)
2024-04-17,3,4,Spring,0,0,0,라그로타,빵 추가 (1인)
2024-04-18,4,4,Spring,0,0,0,라그로타,빵 추가 (1인)
2024-04-19,3,4,Spring,0,0,0,라그로타,빵 추가 (1인)
2024-04-20,6,4,Spring,1,0,1,라그로타,빵 추가 (1인)
2024-04-21,2,4,Spring,1,0,1,라그로타,빵 추가 (1인)
2024-04-22,0,4,Spring,0,0,0,라그로타,빵 추가 (1인)
2024-04-23,0,4,Spring,0,0,0,라그로타,빵 추가 (1인)
2024-04-24,0,4,Spring,0,0,0,라그로타,빵 추가 (1인)
2024-04-25,0,4,Spring,0,0,0,라그로타,빵 추가 (1인)
2024-04-26,4,4,Spring,0,0,0,라그로타,빵 추가 (1인)
2024-04-27,2,4,Spring,1,0,1,라그로타,빵 추가 (1인)
2024-04-28,1,4,Spring,1,0,1,라그로타,빵 추가 (1인)
2024-04-29,0,4,Spring,0,0,0,라그로타,빵 추가 (1인)
2024-04-30,0,4,Spring,0,0,0,라그로타,빵 추가 (1인)
2024-05-01,0,5,Spring,0,0,0,라그로타,빵 추가 (1인)
2024-05-02,0,5,Spring,0,0,0,라그로타,빵 추가 (1인)
2024-05-03,0,5,Spring,0,0,0,라그로타,빵 추가 (1인)
2024-05-04,0,5,Spring,1,0,1,라그로타,빵 추가 (1인)
2024-05-05,3,5,Spring,1,1,1,라그로타,빵 추가 (1인)
2024-05-06,0,5,Spring,0,1,1,라그로타,빵 추가 (1인)
2024-05-07,0,5,Spring,0,0,0,라그로타,빵 추가 (1인)
2024-05-08,0,5,Spring,0,0,0,라그로타,빵 추가 (1인)
2024-05-09,0,5,Spring,0,0,0,라그로타,빵 추가 (1인)
2024-05-10,0,5,Spring,0,0,0,라그로타,빵 추가 (1인)
2024-05-11,0,5,Spring,1,0,1,라그로타,빵 추가 (1인)
2024-05-12,0,5,Spring,1,0,1,라그로타,빵 추가 (1인)
2024-05-13,0,5,Spring,0,0,0,라그로타,빵 추가 (1인)
2024-05-14,1,5,Spring,0,0,0,라그로타,빵 추가 (1인)
2024-05-15,2,5,Spring,0,1,1,라그로타,빵 추가 (1인)
2024-05-16,0,5,Spring,0,0,0,라그로타,빵 추가 (1인)
2024-05-17,3,5,Spring,0,0,0,라그로타,빵 추가 (1인)
2024-05-18,4,5,Spring,1,0,1,라그로타,빵 추가 (1인)
2024-05-19,0,5,Spring,1,0,1,라그로타,빵 추가 (1인)
2024-05-20,0,5,Spring,0,0,0,라그로타,빵 추가 (1인)
2024-05-21,4,5,Spring,0,0,0,라그로타,빵 추가 (1인)
2024-05-22,5,5,Spring,0,0,0,라그로타,빵 추가 (1인)
2024-05-23,0,5,Spring,0,0,0,라그로타,빵 추가 (1인)
2024-05-24,1,5,Spring,0,0,0,라그로타,빵 추가 (1인)
2024-05-25,5,5,Spring,1,0,1,라그로타,빵 추가 (1인)
2024-05-26,3,5,Spring,1,0,1,라그로타,빵 추가 (1인)
2024-05-27,0,5,Spring,0,0,0,라그로타,빵 추가 (1인)
2024-05-28,3,5,Spring,0,0,0,라그로타,빵 추가 (1인)
2024-05-29,0,5,Spring,0,0,0,라그로타,빵 추가 (1인)
2024-05-30,16,5,Spring,0,0,0,라그로타,빵 추가 (1인)
2024-05-31,0,5,Spring,0,0,0,라그로타,빵 추가 (1인)
2024-06-01,6,6,Summer,1,0,1,라그로타,빵 추가 (1인)
2024-06-02,1,6,Summer,1,0,1,라그로타,빵 추가 (1인)
2024-06-03,0,6,Summer,0,0,0,라그로타,빵 추가 (1인)
2024-06-04,0,6,Summer,0,0,0,라그로타,빵 추가 (1인)
2024-06-05,0,6,Summer,0,0,0,라그로타,빵 추가 (1인)
2024-06-06,1,6,Summer,0,1,1,라그로타,빵 추가 (1인)
2024-06-07,0,6,Summer,0,0,0,라그로타,빵 추가 (1인)
2024-06-08,2,6,Summer,1,0,1,라그로타,빵 추가 (1인)
2024-06-09,0,6,Summer,1,0,1,라그로타,빵 추가 (1인)
2024-06-10,0,6,Summer,0,0,0,라그로타,빵 추가 (1인)
2024-06-11,0,6,Summer,0,0,0,라그로타,빵 추가 (1인)
2024-06-12,0,6,Summer,0,0,0,라그로타,빵 추가 (1인)
2024-06-13,0,6,Summer,0,0,0,라그로타,빵 추가 (1인)
2024-06-14,0,6,Summer,0,0,0,라그로타,빵 추가 (1인)
2024-06-15,0,6,Summer,1,0,1,라그로타,빵 추가 (1인)
2023-01-01,4,1,Winter,1,1,1,라그로타,스프라이트
2023-01-02,2,1,Winter,0,0,0,라그로타,스프라이트
2023-01-03,0,1,Winter,0,0,0,라그로타,스프라이트
2023-01-04,1,1,Winter,0,0,0,라그로타,스프라이트
2023-01-05,1,1,Winter,0,0,0,라그로타,스프라이트
2023-01-06,2,1,Winter,0,0,0,라그로타,스프라이트
2023-01-07,1,1,Winter,1,0,1,라그로타,스프라이트
2023-01-08,0,1,Winter,1,0,1,라그로타,스프라이트
2023-01-09,1,1,Winter,0,0,0,라그로타,스프라이트
2023-01-10,0,1,Winter,0,0,0,라그로타,스프라이트
2023-01-11,0,1,Winter,0,0,0,라그로타,스프라이트
2023-01-12,30,1,Winter,0,0,0,라그로타,스프라이트
2023-01-13,1,1,Winter,0,0,0,라그로타,스프라이트
2023-01-14,3,1,Winter,1,0,1,라그로타,스프라이트
2023-01-15,0,1,Winter,1,0,1,라그로타,스프라이트
2023-01-16,0,1,Winter,0,0,0,라그로타,스프라이트
2023-01-17,1,1,Winter,0,0,0,라그로타,스프라이트
2023-01-18,0,1,Winter,0,0,0,라그로타,스프라이트
2023-01-19,1,1,Winter,0,0,0,라그로타,스프라이트
2023-01-20,2,1,Winter,0,0,0,라그로타,스프라이트
2023-01-21,3,1,Winter,1,1,1,라그로타,스프라이트
2023-01-22,2,1,Winter,1,1,1,라그로타,스프라이트
2023-01-23,2,1,Winter,0,1,1,라그로타,스프라이트
2023-01-24,3,1,Winter,0,1,1,라그로타,스프라이트
2023-01-25,2,1,Winter,0,0,0,라그로타,스프라이트
2023-01-26,0,1,Winter,0,0,0,라그로타,스프라이트
2023-01-27,1,1,Winter,0,0,0,라그로타,스프라이트
2023-01-28,0,1,Winter,1,0,1,라그로타,스프라이트
2023-01-29,3,1,Winter,1,0,1,라그로타,스프라이트
2023-01-30,0,1,Winter,0,0,0,라그로타,스프라이트
2023-01-31,0,1,Winter,0,0,0,라그로타,스프라이트
2023-02-01,0,2,Winter,0,0,0,라그로타,스프라이트
2023-02-02,0,2,Winter,0,0,0,라그로타,스프라이트
2023-02-03,1,2,Winter,0,0,0,라그로타,스프라이트
2023-02-04,1,2,Winter,1,0,1,라그로타,스프라이트
2023-02-05,0,2,Winter,1,0,1,라그로타,스프라이트
2023-02-06,0,2,Winter,0,0,0,라그로타,스프라이트
2023-02-07,1,2,Winter,0,0,0,라그로타,스프라이트
2023-02-08,0,2,Winter,0,0,0,라그로타,스프라이트
2023-02-09,0,2,Winter,0,0,0,라그로타,스프라이트
2023-02-10,2,2,Winter,0,0,0,라그로타,스프라이트
2023-02-11,2,2,Winter,1,0,1,라그로타,스프라이트
2023-02-12,1,2,Winter,1,0,1,라그로타,스프라이트
2023-02-13,0,2,Winter,0,0,0,라그로타,스프라이트
2023-02-14,2,2,Winter,0,0,0,라그로타,스프라이트
2023-02-15,0,2,Winter,0,0,0,라그로타,스프라이트
2023-02-16,1,2,Winter,0,0,0,라그로타,스프라이트
2023-02-17,3,2,Winter,0,0,0,라그로타,스프라이트
2023-02-18,0,2,Winter,1,0,1,라그로타,스프라이트
2023-02-19,1,2,Winter,1,0,1,라그로타,스프라이트
2023-02-20,0,2,Winter,0,0,0,라그로타,스프라이트
2023-02-21,0,2,Winter,0,0,0,라그로타,스프라이트
2023-02-22,0,2,Winter,0,0,0,라그로타,스프라이트
2023-02-23,1,2,Winter,0,0,0,라그로타,스프라이트
2023-02-24,2,2,Winter,0,0,0,라그로타,스프라이트
2023-02-25,2,2,Winter,1,0,1,라그로타,스프라이트
2023-02-26,1,2,Winter,1,0,1,라그로타,스프라이트
2023-02-27,0,2,Winter,0,0,0,라그로타,스프라이트
2023-02-28,0,2,Winter,0,0,0,라그로타,스프라이트
2023-03-01,0,3,Spring,0,1,1,라그로타,스프라이트
2023-03-02,0,3,Spring,0,0,0,라그로타,스프라이트
2023-03-03,0,3,Spring,0,0,0,라그로타,스프라이트
2023-03-04,0,3,Spring,1,0,1,라그로타,스프라이트
2023-03-05,0,3,Spring,1,0,1,라그로타,스프라이트
2023-03-06,0,3,Spring,0,0,0,라그로타,스프라이트
2023-03-07,0,3,Spring,0,0,0,라그로타,스프라이트
2023-03-08,0,3,Spring,0,0,0,라그로타,스프라이트
2023-03-09,0,3,Spring,0,0,0,라그로타,스프라이트
2023-03-10,0,3,Spring,0,0,0,라그로타,스프라이트
2023-03-11,1,3,Spring,1,0,1,라그로타,스프라이트
2023-03-12,1,3,Spring,1,0,1,라그로타,스프라이트
2023-03-13,0,3,Spring,0,0,0,라그로타,스프라이트
2023-03-14,0,3,Spring,0,0,0,라그로타,스프라이트
2023-03-15,2,3,Spring,0,0,0,라그로타,스프라이트
2023-03-16,2,3,Spring,0,0,0,라그로타,스프라이트
2023-03-17,0,3,Spring,0,0,0,라그로타,스프라이트
2023-03-18,2,3,Spring,1,0,1,라그로타,스프라이트
2023-03-19,0,3,Spring,1,0,1,라그로타,스프라이트
2023-03-20,0,3,Spring,0,0,0,라그로타,스프라이트
2023-03-21,0,3,Spring,0,0,0,라그로타,스프라이트
2023-03-22,0,3,Spring,0,0,0,라그로타,스프라이트
2023-03-23,1,3,Spring,0,0,0,라그로타,스프라이트
2023-03-24,0,3,Spring,0,0,0,라그로타,스프라이트
2023-03-25,0,3,Spring,1,0,1,라그로타,스프라이트
2023-03-26,0,3,Spring,1,0,1,라그로타,스프라이트
2023-03-27,0,3,Spring,0,0,0,라그로타,스프라이트
2023-03-28,0,3,Spring,0,0,0,라그로타,스프라이트
2023-03-29,0,3,Spring,0,0,0,라그로타,스프라이트
2023-03-30,0,3,Spring,0,0,0,라그로타,스프라이트
2023-03-31,0,3,Spring,0,0,0,라그로타,스프라이트
2023-04-01,1,4,Spring,1,0,1,라그로타,스프라이트
2023-04-02,1,4,Spring,1,0,1,라그로타,스프라이트
2023-04-03,0,4,Spring,0,0,0,라그로타,스프라이트
2023-04-04,0,4,Spring,0,0,0,라그로타,스프라이트
2023-04-05,0,4,Spring,0,0,0,라그로타,스프라이트
2023-04-06,0,4,Spring,0,0,0,라그로타,스프라이트
2023-04-07,0,4,Spring,0,0,0,라그로타,스프라이트
2023-04-08,0,4,Spring,1,0,1,라그로타,스프라이트
2023-04-09,0,4,Spring,1,0,1,라그로타,스프라이트
2023-04-10,0,4,Spring,0,0,0,라그로타,스프라이트
2023-04-11,0,4,Spring,0,0,0,라그로타,스프라이트
2023-04-12,0,4,Spring,0,0,0,라그로타,스프라이트
2023-04-13,0,4,Spring,0,0,0,라그로타,스프라이트
2023-04-14,2,4,Spring,0,0,0,라그로타,스프라이트
2023-04-15,1,4,Spring,1,0,1,라그로타,스프라이트
2023-04-16,0,4,Spring,1,0,1,라그로타,스프라이트
2023-04-17,0,4,Spring,0,0,0,라그로타,스프라이트
2023-04-18,0,4,Spring,0,0,0,라그로타,스프라이트
2023-04-19,0,4,Spring,0,0,0,라그로타,스프라이트
2023-04-20,0,4,Spring,0,0,0,라그로타,스프라이트
2023-04-21,0,4,Spring,0,0,0,라그로타,스프라이트
2023-04-22,0,4,Spring,1,0,1,라그로타,스프라이트
2023-04-23,0,4,Spring,1,0,1,라그로타,스프라이트
2023-04-24,0,4,Spring,0,0,0,라그로타,스프라이트
2023-04-25,0,4,Spring,0,0,0,라그로타,스프라이트
2023-04-26,0,4,Spring,0,0,0,라그로타,스프라이트
2023-04-27,0,4,Spring,0,0,0,라그로타,스프라이트
2023-04-28,1,4,Spring,0,0,0,라그로타,스프라이트
2023-04-29,1,4,Spring,1,0,1,라그로타,스프라이트
2023-04-30,2,4,Spring,1,0,1,라그로타,스프라이트
2023-05-01,0,5,Spring,0,0,0,라그로타,스프라이트
2023-05-02,0,5,Spring,0,0,0,라그로타,스프라이트
2023-05-03,0,5,Spring,0,0,0,라그로타,스프라이트
2023-05-04,0,5,Spring,0,0,0,라그로타,스프라이트
2023-05-05,0,5,Spring,0,1,1,라그로타,스프라이트
2023-05-06,1,5,Spring,1,0,1,라그로타,스프라이트
2023-05-07,1,5,Spring,1,0,1,라그로타,스프라이트
2023-05-08,0,5,Spring,0,0,0,라그로타,스프라이트
2023-05-09,1,5,Spring,0,0,0,라그로타,스프라이트
2023-05-10,0,5,Spring,0,0,0,라그로타,스프라이트
2023-05-11,0,5,Spring,0,0,0,라그로타,스프라이트
2023-05-12,3,5,Spring,0,0,0,라그로타,스프라이트
2023-05-13,0,5,Spring,1,0,1,라그로타,스프라이트
2023-05-14,0,5,Spring,1,0,1,라그로타,스프라이트
2023-05-15,0,5,Spring,0,0,0,라그로타,스프라이트
2023-05-16,0,5,Spring,0,0,0,라그로타,스프라이트
2023-05-17,0,5,Spring,0,0,0,라그로타,스프라이트
2023-05-18,0,5,Spring,0,0,0,라그로타,스프라이트
2023-05-19,0,5,Spring,0,0,0,라그로타,스프라이트
2023-05-20,4,5,Spring,1,0,1,라그로타,스프라이트
2023-05-21,0,5,Spring,1,0,1,라그로타,스프라이트
2023-05-22,0,5,Spring,0,0,0,라그로타,스프라이트
2023-05-23,0,5,Spring,0,0,0,라그로타,스프라이트
2023-05-24,0,5,Spring,0,0,0,라그로타,스프라이트
2023-05-25,0,5,Spring,0,0,0,라그로타,스프라이트
2023-05-26,0,5,Spring,0,0,0,라그로타,스프라이트
2023-05-27,2,5,Spring,1,1,1,라그로타,스프라이트
2023-05-28,0,5,Spring,1,0,1,라그로타,스프라이트
2023-05-29,0,5,Spring,0,1,1,라그로타,스프라이트
2023-05-30,1,5,Spring,0,0,0,라그로타,스프라이트
2023-05-31,0,5,Spring,0,0,0,라그로타,스프라이트
2023-06-01,2,6,Summer,0,0,0,라그로타,스프라이트
2023-06-02,0,6,Summer,0,0,0,라그로타,스프라이트
2023-06-03,0,6,Summer,1,0,1,라그로타,스프라이트
2023-06-04,1,6,Summer,1,0,1,라그로타,스프라이트
2023-06-05,1,6,Summer,0,0,0,라그로타,스프라이트
2023-06-06,0,6,Summer,0,1,1,라그로타,스프라이트
2023-06-07,0,6,Summer,0,0,0,라그로타,스프라이트
2023-06-08,0,6,Summer,0,0,0,라그로타,스프라이트
2023-06-09,0,6,Summer,0,0,0,라그로타,스프라이트
2023-06-10,1,6,Summer,1,0,1,라그로타,스프라이트
2023-06-11,0,6,Summer,1,0,1,라그로타,스프라이트
2023-06-12,0,6,Summer,0,0,0,라그로타,스프라이트
2023-06-13,0,6,Summer,0,0,0,라그로타,스프라이트
2023-06-14,0,6,Summer,0,0,0,라그로타,스프라이트
2023-06-15,1,6,Summer,0,0,0,라그로타,스프라이트
2023-06-16,1,6,Summer,0,0,0,라그로타,스프라이트
2023-06-17,0,6,Summer,1,0,1,라그로타,스프라이트
2023-06-18,2,6,Summer,1,0,1,라그로타,스프라이트
2023-06-19,0,6,Summer,0,0,0,라그로타,스프라이트
2023-06-20,0,6,Summer,0,0,0,라그로타,스프라이트
2023-06-21,0,6,Summer,0,0,0,라그로타,스프라이트
2023-06-22,2,6,Summer,0,0,0,라그로타,스프라이트
2023-06-23,0,6,Summer,0,0,0,라그로타,스프라이트
2023-06-24,0,6,Summer,1,0,1,라그로타,스프라이트
2023-06-25,0,6,Summer,1,0,1,라그로타,스프라이트
2023-06-26,0,6,Summer,0,0,0,라그로타,스프라이트
2023-06-27,0,6,Summer,0,0,0,라그로타,스프라이트
2023-06-28,0,6,Summer,0,0,0,라그로타,스프라이트
2023-06-29,0,6,Summer,0,0,0,라그로타,스프라이트
2023-06-30,2,6,Summer,0,0,0,라그로타,스프라이트
2023-07-01,0,7,Summer,1,0,1,라그로타,스프라이트
2023-07-02,1,7,Summer,1,0,1,라그로타,스프라이트
2023-07-03,0,7,Summer,0,0,0,라그로타,스프라이트
2023-07-04,0,7,Summer,0,0,0,라그로타,스프라이트
2023-07-05,0,7,Summer,0,0,0,라그로타,스프라이트
2023-07-06,3,7,Summer,0,0,0,라그로타,스프라이트
2023-07-07,1,7,Summer,0,0,0,라그로타,스프라이트
2023-07-08,1,7,Summer,1,0,1,라그로타,스프라이트
2023-07-09,0,7,Summer,1,0,1,라그로타,스프라이트
2023-07-10,0,7,Summer,0,0,0,라그로타,스프라이트
2023-07-11,0,7,Summer,0,0,0,라그로타,스프라이트
2023-07-12,0,7,Summer,0,0,0,라그로타,스프라이트
2023-07-13,0,7,Summer,0,0,0,라그로타,스프라이트
2023-07-14,0,7,Summer,0,0,0,라그로타,스프라이트
2023-07-15,2,7,Summer,1,0,1,라그로타,스프라이트
2023-07-16,0,7,Summer,1,0,1,라그로타,스프라이트
2023-07-17,0,7,Summer,0,0,0,라그로타,스프라이트
2023-07-18,2,7,Summer,0,0,0,라그로타,스프라이트
2023-07-19,0,7,Summer,0,0,0,라그로타,스프라이트
2023-07-20,1,7,Summer,0,0,0,라그로타,스프라이트
2023-07-21,0,7,Summer,0,0,0,라그로타,스프라이트
2023-07-22,7,7,Summer,1,0,1,라그로타,스프라이트
2023-07-23,0,7,Summer,1,0,1,라그로타,스프라이트
2023-07-24,0,7,Summer,0,0,0,라그로타,스프라이트
2023-07-25,0,7,Summer,0,0,0,라그로타,스프라이트
2023-07-26,0,7,Summer,0,0,0,라그로타,스프라이트
2023-07-27,0,7,Summer,0,0,0,라그로타,스프라이트
2023-07-28,0,7,Summer,0,0,0,라그로타,스프라이트
2023-07-29,1,7,Summer,1,0,1,라그로타,스프라이트
2023-07-30,1,7,Summer,1,0,1,라그로타,스프라이트
2023-07-31,0,7,Summer,0,0,0,라그로타,스프라이트
2023-08-01,2,8,Summer,0,0,0,라그로타,스프라이트
2023-08-02,1,8,Summer,0,0,0,라그로타,스프라이트
2023-08-03,1,8,Summer,0,0,0,라그로타,스프라이트
2023-08-04,0,8,Summer,0,0,0,라그로타,스프라이트
2023-08-05,0,8,Summer,1,0,1,라그로타,스프라이트
2023-08-06,1,8,Summer,1,0,1,라그로타,스프라이트
2023-08-07,0,8,Summer,0,0,0,라그로타,스프라이트
2023-08-08,3,8,Summer,0,0,0,라그로타,스프라이트
2023-08-09,2,8,Summer,0,0,0,라그로타,스프라이트
2023-08-10,0,8,Summer,0,0,0,라그로타,스프라이트
2023-08-11,2,8,Summer,0,0,0,라그로타,스프라이트
2023-08-12,0,8,Summer,1,0,1,라그로타,스프라이트
2023-08-13,0,8,Summer,1,0,1,라그로타,스프라이트
2023-08-14,2,8,Summer,0,0,0,라그로타,스프라이트
2023-08-15,2,8,Summer,0,1,1,라그로타,스프라이트
2023-08-16,3,8,Summer,0,0,0,라그로타,스프라이트
2023-08-17,0,8,Summer,0,0,0,라그로타,스프라이트
2023-08-18,0,8,Summer,0,0,0,라그로타,스프라이트
2023-08-19,0,8,Summer,1,0,1,라그로타,스프라이트
2023-08-20,0,8,Summer,1,0,1,라그로타,스프라이트
2023-08-21,0,8,Summer,0,0,0,라그로타,스프라이트
2023-08-22,0,8,Summer,0,0,0,라그로타,스프라이트
2023-08-23,0,8,Summer,0,0,0,라그로타,스프라이트
2023-08-24,1,8,Summer,0,0,0,라그로타,스프라이트
2023-08-25,0,8,Summer,0,0,0,라그로타,스프라이트
2023-08-26,1,8,Summer,1,0,1,라그로타,스프라이트
2023-08-27,0,8,Summer,1,0,1,라그로타,스프라이트
2023-08-28,0,8,Summer,0,0,0,라그로타,스프라이트
2023-08-29,0,8,Summer,0,0,0,라그로타,스프라이트
2023-08-30,0,8,Summer,0,0,0,라그로타,스프라이트
2023-08-31,0,8,Summer,0,0,0,라그로타,스프라이트
2023-09-01,0,9,Autumn,0,0,0,라그로타,스프라이트
2023-09-02,1,9,Autumn,1,0,1,라그로타,스프라이트
2023-09-03,0,9,Autumn,1,0,1,라그로타,스프라이트
2023-09-04,0,9,Autumn,0,0,0,라그로타,스프라이트
2023-09-05,0,9,Autumn,0,0,0,라그로타,스프라이트
2023-09-06,0,9,Autumn,0,0,0,라그로타,스프라이트
2023-09-07,0,9,Autumn,0,0,0,라그로타,스프라이트
2023-09-08,0,9,Autumn,0,0,0,라그로타,스프라이트
2023-09-09,0,9,Autumn,1,0,1,라그로타,스프라이트
2023-09-10,3,9,Autumn,1,0,1,라그로타,스프라이트
2023-09-11,0,9,Autumn,0,0,0,라그로타,스프라이트
2023-09-12,0,9,Autumn,0,0,0,라그로타,스프라이트
2023-09-13,0,9,Autumn,0,0,0,라그로타,스프라이트
2023-09-14,0,9,Autumn,0,0,0,라그로타,스프라이트
2023-09-15,0,9,Autumn,0,0,0,라그로타,스프라이트
2023-09-16,1,9,Autumn,1,0,1,라그로타,스프라이트
2023-09-17,0,9,Autumn,1,0,1,라그로타,스프라이트
2023-09-18,0,9,Autumn,0,0,0,라그로타,스프라이트
2023-09-19,0,9,Autumn,0,0,0,라그로타,스프라이트
2023-09-20,0,9,Autumn,0,0,0,라그로타,스프라이트
2023-09-21,0,9,Autumn,0,0,0,라그로타,스프라이트
2023-09-22,0,9,Autumn,0,0,0,라그로타,스프라이트
2023-09-23,0,9,Autumn,1,0,1,라그로타,스프라이트
2023-09-24,0,9,Autumn,1,0,1,라그로타,스프라이트
2023-09-25,0,9,Autumn,0,0,0,라그로타,스프라이트
2023-09-26,0,9,Autumn,0,0,0,라그로타,스프라이트
2023-09-27,0,9,Autumn,0,0,0,라그로타,스프라이트
2023-09-28,0,9,Autumn,0,1,1,라그로타,스프라이트
2023-09-29,1,9,Autumn,0,1,1,라그로타,스프라이트
2023-09-30,0,9,Autumn,1,1,1,라그로타,스프라이트
2023-10-01,0,10,Autumn,1,0,1,라그로타,스프라이트
2023-10-02,1,10,Autumn,0,1,1,라그로타,스프라이트
2023-10-03,0,10,Autumn,0,1,1,라그로타,스프라이트
2023-10-04,0,10,Autumn,0,0,0,라그로타,스프라이트
2023-10-05,1,10,Autumn,0,0,0,라그로타,스프라이트
2023-10-06,0,10,Autumn,0,0,0,라그로타,스프라이트
2023-10-07,1,10,Autumn,1,0,1,라그로타,스프라이트
2023-10-08,0,10,Autumn,1,0,1,라그로타,스프라이트
2023-10-09,1,10,Autumn,0,1,1,라그로타,스프라이트
2023-10-10,2,10,Autumn,0,0,0,라그로타,스프라이트
2023-10-11,0,10,Autumn,0,0,0,라그로타,스프라이트
2023-10-12,0,10,Autumn,0,0,0,라그로타,스프라이트
2023-10-13,0,10,Autumn,0,0,0,라그로타,스프라이트
2023-10-14,0,10,Autumn,1,0,1,라그로타,스프라이트
2023-10-15,2,10,Autumn,1,0,1,라그로타,스프라이트
2023-10-16,0,10,Autumn,0,0,0,라그로타,스프라이트
2023-10-17,0,10,Autumn,0,0,0,라그로타,스프라이트
2023-10-18,1,10,Autumn,0,0,0,라그로타,스프라이트
2023-10-19,1,10,Autumn,0,0,0,라그로타,스프라이트
2023-10-20,1,10,Autumn,0,0,0,라그로타,스프라이트
2023-10-21,1,10,Autumn,1,0,1,라그로타,스프라이트
2023-10-22,0,10,Autumn,1,0,1,라그로타,스프라이트
2023-10-23,0,10,Autumn,0,0,0,라그로타,스프라이트
2023-10-24,1,10,Autumn,0,0,0,라그로타,스프라이트
2023-10-25,0,10,Autumn,0,0,0,라그로타,스프라이트
2023-10-26,0,10,Autumn,0,0,0,라그로타,스프라이트
2023-10-27,0,10,Autumn,0,0,0,라그로타,스프라이트
2023-10-28,1,10,Autumn,1,0,1,라그로타,스프라이트
2023-10-29,2,10,Autumn,1,0,1,라그로타,스프라이트
2023-10-30,0,10,Autumn,0,0,0,라그로타,스프라이트
2023-10-31,0,10,Autumn,0,0,0,라그로타,스프라이트
2023-11-01,0,11,Autumn,0,0,0,라그로타,스프라이트
2023-11-02,2,11,Autumn,0,0,0,라그로타,스프라이트
2023-11-03,2,11,Autumn,0,0,0,라그로타,스프라이트
2023-11-04,0,11,Autumn,1,0,1,라그로타,스프라이트
2023-11-05,2,11,Autumn,1,0,1,라그로타,스프라이트
2023-11-06,0,11,Autumn,0,0,0,라그로타,스프라이트
2023-11-07,1,11,Autumn,0,0,0,라그로타,스프라이트
2023-11-08,1,11,Autumn,0,0,0,라그로타,스프라이트
2023-11-09,1,11,Autumn,0,0,0,라그로타,스프라이트
2023-11-10,0,11,Autumn,0,0,0,라그로타,스프라이트
2023-11-11,0,11,Autumn,1,0,1,라그로타,스프라이트
2023-11-12,0,11,Autumn,1,0,1,라그로타,스프라이트
2023-11-13,0,11,Autumn,0,0,0,라그로타,스프라이트
2023-11-14,0,11,Autumn,0,0,0,라그로타,스프라이트
2023-11-15,0,11,Autumn,0,0,0,라그로타,스프라이트
2023-11-16,1,11,Autumn,0,0,0,라그로타,스프라이트
2023-11-17,0,11,Autumn,0,0,0,라그로타,스프라이트
2023-11-18,2,11,Autumn,1,0,1,라그로타,스프라이트
2023-11-19,1,11,Autumn,1,0,1,라그로타,스프라이트
2023-11-20,0,11,Autumn,0,0,0,라그로타,스프라이트
2023-11-21,0,11,Autumn,0,0,0,라그로타,스프라이트
2023-11-22,1,11,Autumn,0,0,0,라그로타,스프라이트
2023-11-23,0,11,Autumn,0,0,0,라그로타,스프라이트
2023-11-24,2,11,Autumn,0,0,0,라그로타,스프라이트
2023-11-25,0,11,Autumn,1,0,1,라그로타,스프라이트
2023-11-26,1,11,Autumn,1,0,1,라그로타,스프라이트
2023-11-27,0,11,Autumn,0,0,0,라그로타,스프라이트
2023-11-28,1,11,Autumn,0,0,0,라그로타,스프라이트
2023-11-29,0,11,Autumn,0,0,0,라그로타,스프라이트
2023-11-30,0,11,Autumn,0,0,0,라그로타,스프라이트
2023-12-01,0,12,Winter,0,0,0,라그로타,스프라이트
2023-12-02,1,12,Winter,1,0,1,라그로타,스프라이트
2023-12-03,0,12,Winter,1,0,1,라그로타,스프라이트
2023-12-04,2,12,Winter,0,0,0,라그로타,스프라이트
2023-12-05,0,12,Winter,0,0,0,라그로타,스프라이트
2023-12-06,0,12,Winter,0,0,0,라그로타,스프라이트
2023-12-07,2,12,Winter,0,0,0,라그로타,스프라이트
2023-12-08,0,12,Winter,0,0,0,라그로타,스프라이트
2023-12-09,0,12,Winter,1,0,1,라그로타,스프라이트
2023-12-10,3,12,Winter,1,0,1,라그로타,스프라이트
2023-12-11,0,12,Winter,0,0,0,라그로타,스프라이트
2023-12-12,0,12,Winter,0,0,0,라그로타,스프라이트
2023-12-13,0,12,Winter,0,0,0,라그로타,스프라이트
2023-12-14,1,12,Winter,0,0,0,라그로타,스프라이트
2023-12-15,0,12,Winter,0,0,0,라그로타,스프라이트
2023-12-16,5,12,Winter,1,0,1,라그로타,스프라이트
2023-12-17,0,12,Winter,1,0,1,라그로타,스프라이트
2023-12-18,0,12,Winter,0,0,0,라그로타,스프라이트
2023-12-19,0,12,Winter,0,0,0,라그로타,스프라이트
2023-12-20,0,12,Winter,0,0,0,라그로타,스프라이트
2023-12-21,0,12,Winter,0,0,0,라그로타,스프라이트
2023-12-22,0,12,Winter,0,0,0,라그로타,스프라이트
2023-12-23,3,12,Winter,1,0,1,라그로타,스프라이트
2023-12-24,8,12,Winter,1,0,1,라그로타,스프라이트
2023-12-25,1,12,Winter,0,1,1,라그로타,스프라이트
2023-12-26,0,12,Winter,0,0,0,라그로타,스프라이트
2023-12-27,0,12,Winter,0,0,0,라그로타,스프라이트
2023-12-28,0,12,Winter,0,0,0,라그로타,스프라이트
2023-12-29,3,12,Winter,0,0,0,라그로타,스프라이트
2023-12-30,0,12,Winter,1,0,1,라그로타,스프라이트
2023-12-31,4,12,Winter,1,0,1,라그로타,스프라이트
2024-01-01,0,1,Winter,0,1,1,라그로타,스프라이트
2024-01-02,0,1,Winter,0,0,0,라그로타,스프라이트
2024-01-03,1,1,Winter,0,0,0,라그로타,스프라이트
2024-01-04,1,1,Winter,0,0,0,라그로타,스프라이트
2024-01-05,0,1,Winter,0,0,0,라그로타,스프라이트
2024-01-06,1,1,Winter,1,0,1,라그로타,스프라이트
2024-01-07,0,1,Winter,1,0,1,라그로타,스프라이트
2024-01-08,1,1,Winter,0,0,0,라그로타,스프라이트
2024-01-09,0,1,Winter,0,0,0,라그로타,스프라이트
2024-01-10,1,1,Winter,0,0,0,라그로타,스프라이트
2024-01-11,0,1,Winter,0,0,0,라그로타,스프라이트
2024-01-12,2,1,Winter,0,0,0,라그로타,스프라이트
2024-01-13,1,1,Winter,1,0,1,라그로타,스프라이트
2024-01-14,0,1,Winter,1,0,1,라그로타,스프라이트
2024-01-15,2,1,Winter,0,0,0,라그로타,스프라이트
2024-01-16,0,1,Winter,0,0,0,라그로타,스프라이트
2024-01-17,0,1,Winter,0,0,0,라그로타,스프라이트
2024-01-18,2,1,Winter,0,0,0,라그로타,스프라이트
2024-01-19,5,1,Winter,0,0,0,라그로타,스프라이트
2024-01-20,3,1,Winter,1,0,1,라그로타,스프라이트
2024-01-21,1,1,Winter,1,0,1,라그로타,스프라이트
2024-01-22,0,1,Winter,0,0,0,라그로타,스프라이트
2024-01-23,1,1,Winter,0,0,0,라그로타,스프라이트
2024-01-24,1,1,Winter,0,0,0,라그로타,스프라이트
2024-01-25,0,1,Winter,0,0,0,라그로타,스프라이트
2024-01-26,0,1,Winter,0,0,0,라그로타,스프라이트
2024-01-27,2,1,Winter,1,0,1,라그로타,스프라이트
2024-01-28,1,1,Winter,1,0,1,라그로타,스프라이트
2024-01-29,0,1,Winter,0,0,0,라그로타,스프라이트
2024-01-30,2,1,Winter,0,0,0,라그로타,스프라이트
2024-01-31,0,1,Winter,0,0,0,라그로타,스프라이트
2024-02-01,0,2,Winter,0,0,0,라그로타,스프라이트
2024-02-02,2,2,Winter,0,0,0,라그로타,스프라이트
2024-02-03,0,2,Winter,1,0,1,라그로타,스프라이트
2024-02-04,2,2,Winter,1,0,1,라그로타,스프라이트
2024-02-05,1,2,Winter,0,0,0,라그로타,스프라이트
2024-02-06,1,2,Winter,0,0,0,라그로타,스프라이트
2024-02-07,1,2,Winter,0,0,0,라그로타,스프라이트
2024-02-08,0,2,Winter,0,0,0,라그로타,스프라이트
2024-02-09,0,2,Winter,0,1,1,라그로타,스프라이트
2024-02-10,2,2,Winter,1,1,1,라그로타,스프라이트
2024-02-11,0,2,Winter,1,1,1,라그로타,스프라이트
2024-02-12,2,2,Winter,0,1,1,라그로타,스프라이트
2024-02-13,1,2,Winter,0,0,0,라그로타,스프라이트
2024-02-14,0,2,Winter,0,0,0,라그로타,스프라이트
2024-02-15,2,2,Winter,0,0,0,라그로타,스프라이트
2024-02-16,3,2,Winter,0,0,0,라그로타,스프라이트
2024-02-17,2,2,Winter,1,0,1,라그로타,스프라이트
2024-02-18,1,2,Winter,1,0,1,라그로타,스프라이트
2024-02-19,0,2,Winter,0,0,0,라그로타,스프라이트
2024-02-20,0,2,Winter,0,0,0,라그로타,스프라이트
2024-02-21,1,2,Winter,0,0,0,라그로타,스프라이트
2024-02-22,0,2,Winter,0,0,0,라그로타,스프라이트
2024-02-23,0,2,Winter,0,0,0,라그로타,스프라이트
2024-02-24,1,2,Winter,1,0,1,라그로타,스프라이트
2024-02-25,1,2,Winter,1,0,1,라그로타,스프라이트
2024-02-26,0,2,Winter,0,0,0,라그로타,스프라이트
2024-02-27,0,2,Winter,0,0,0,라그로타,스프라이트
2024-02-28,1,2,Winter,0,0,0,라그로타,스프라이트
2024-02-29,1,2,Winter,0,0,0,라그로타,스프라이트
2024-03-01,0,3,Spring,0,1,1,라그로타,스프라이트
2024-03-02,2,3,Spring,1,0,1,라그로타,스프라이트
2024-03-03,0,3,Spring,1,0,1,라그로타,스프라이트
2024-03-04,0,3,Spring,0,0,0,라그로타,스프라이트
2024-03-05,0,3,Spring,0,0,0,라그로타,스프라이트
2024-03-06,0,3,Spring,0,0,0,라그로타,스프라이트
2024-03-07,0,3,Spring,0,0,0,라그로타,스프라이트
2024-03-08,0,3,Spring,0,0,0,라그로타,스프라이트
2024-03-09,0,3,Spring,1,0,1,라그로타,스프라이트
2024-03-10,0,3,Spring,1,0,1,라그로타,스프라이트
2024-03-11,0,3,Spring,0,0,0,라그로타,스프라이트
2024-03-12,0,3,Spring,0,0,0,라그로타,스프라이트
2024-03-13,0,3,Spring,0,0,0,라그로타,스프라이트
2024-03-14,0,3,Spring,0,0,0,라그로타,스프라이트
2024-03-15,0,3,Spring,0,0,0,라그로타,스프라이트
2024-03-16,1,3,Spring,1,0,1,라그로타,스프라이트
2024-03-17,0,3,Spring,1,0,1,라그로타,스프라이트
2024-03-18,0,3,Spring,0,0,0,라그로타,스프라이트
2024-03-19,0,3,Spring,0,0,0,라그로타,스프라이트
2024-03-20,0,3,Spring,0,0,0,라그로타,스프라이트
2024-03-21,2,3,Spring,0,0,0,라그로타,스프라이트
2024-03-22,0,3,Spring,0,0,0,라그로타,스프라이트
2024-03-23,0,3,Spring,1,0,1,라그로타,스프라이트
2024-03-24,0,3,Spring,1,0,1,라그로타,스프라이트
2024-03-25,0,3,Spring,0,0,0,라그로타,스프라이트
2024-03-26,0,3,Spring,0,0,0,라그로타,스프라이트
2024-03-27,0,3,Spring,0,0,0,라그로타,스프라이트
2024-03-28,0,3,Spring,0,0,0,라그로타,스프라이트
2024-03-29,0,3,Spring,0,0,0,라그로타,스프라이트
2024-03-30,1,3,Spring,1,0,1,라그로타,스프라이트
2024-03-31,0,3,Spring,1,0,1,라그로타,스프라이트
2024-04-01,0,4,Spring,0,0,0,라그로타,스프라이트
2024-04-02,0,4,Spring,0,0,0,라그로타,스프라이트
2024-04-03,0,4,Spring,0,0,0,라그로타,스프라이트
2024-04-04,0,4,Spring,0,0,0,라그로타,스프라이트
2024-04-05,1,4,Spring,0,0,0,라그로타,스프라이트
2024-04-06,0,4,Spring,1,0,1,라그로타,스프라이트
2024-04-07,0,4,Spring,1,0,1,라그로타,스프라이트
2024-04-08,0,4,Spring,0,0,0,라그로타,스프라이트
2024-04-09,0,4,Spring,0,0,0,라그로타,스프라이트
2024-04-10,1,4,Spring,0,1,1,라그로타,스프라이트
2024-04-11,3,4,Spring,0,0,0,라그로타,스프라이트
2024-04-12,1,4,Spring,0,0,0,라그로타,스프라이트
2024-04-13,0,4,Spring,1,0,1,라그로타,스프라이트
2024-04-14,2,4,Spring,1,0,1,라그로타,스프라이트
2024-04-15,0,4,Spring,0,0,0,라그로타,스프라이트
2024-04-16,1,4,Spring,0,0,0,라그로타,스프라이트
2024-04-17,0,4,Spring,0,0,0,라그로타,스프라이트
2024-04-18,0,4,Spring,0,0,0,라그로타,스프라이트
2024-04-19,0,4,Spring,0,0,0,라그로타,스프라이트
2024-04-20,2,4,Spring,1,0,1,라그로타,스프라이트
2024-04-21,0,4,Spring,1,0,1,라그로타,스프라이트
2024-04-22,0,4,Spring,0,0,0,라그로타,스프라이트
2024-04-23,0,4,Spring,0,0,0,라그로타,스프라이트
2024-04-24,1,4,Spring,0,0,0,라그로타,스프라이트
2024-04-25,0,4,Spring,0,0,0,라그로타,스프라이트
2024-04-26,2,4,Spring,0,0,0,라그로타,스프라이트
2024-04-27,0,4,Spring,1,0,1,라그로타,스프라이트
2024-04-28,1,4,Spring,1,0,1,라그로타,스프라이트
2024-04-29,0,4,Spring,0,0,0,라그로타,스프라이트
2024-04-30,0,4,Spring,0,0,0,라그로타,스프라이트
2024-05-01,0,5,Spring,0,0,0,라그로타,스프라이트
2024-05-02,0,5,Spring,0,0,0,라그로타,스프라이트
2024-05-03,0,5,Spring,0,0,0,라그로타,스프라이트
2024-05-04,0,5,Spring,1,0,1,라그로타,스프라이트
2024-05-05,2,5,Spring,1,1,1,라그로타,스프라이트
2024-05-06,1,5,Spring,0,1,1,라그로타,스프라이트
2024-05-07,0,5,Spring,0,0,0,라그로타,스프라이트
2024-05-08,0,5,Spring,0,0,0,라그로타,스프라이트
2024-05-09,0,5,Spring,0,0,0,라그로타,스프라이트
2024-05-10,0,5,Spring,0,0,0,라그로타,스프라이트
2024-05-11,2,5,Spring,1,0,1,라그로타,스프라이트
2024-05-12,0,5,Spring,1,0,1,라그로타,스프라이트
2024-05-13,0,5,Spring,0,0,0,라그로타,스프라이트
2024-05-14,0,5,Spring,0,0,0,라그로타,스프라이트
2024-05-15,0,5,Spring,0,1,1,라그로타,스프라이트
2024-05-16,0,5,Spring,0,0,0,라그로타,스프라이트
2024-05-17,2,5,Spring,0,0,0,라그로타,스프라이트
2024-05-18,1,5,Spring,1,0,1,라그로타,스프라이트
2024-05-19,1,5,Spring,1,0,1,라그로타,스프라이트
2024-05-20,0,5,Spring,0,0,0,라그로타,스프라이트
2024-05-21,0,5,Spring,0,0,0,라그로타,스프라이트
2024-05-22,1,5,Spring,0,0,0,라그로타,스프라이트
2024-05-23,0,5,Spring,0,0,0,라그로타,스프라이트
2024-05-24,1,5,Spring,0,0,0,라그로타,스프라이트
2024-05-25,0,5,Spring,1,0,1,라그로타,스프라이트
2024-05-26,0,5,Spring,1,0,1,라그로타,스프라이트
2024-05-27,0,5,Spring,0,0,0,라그로타,스프라이트
2024-05-28,1,5,Spring,0,0,0,라그로타,스프라이트
2024-05-29,0,5,Spring,0,0,0,라그로타,스프라이트
2024-05-30,2,5,Spring,0,0,0,라그로타,스프라이트
2024-05-31,0,5,Spring,0,0,0,라그로타,스프라이트
2024-06-01,0,6,Summer,1,0,1,라그로타,스프라이트
2024-06-02,0,6,Summer,1,0,1,라그로타,스프라이트
2024-06-03,0,6,Summer,0,0,0,라그로타,스프라이트
2024-06-04,0,6,Summer,0,0,0,라그로타,스프라이트
2024-06-05,0,6,Summer,0,0,0,라그로타,스프라이트
2024-06-06,0,6,Summer,0,1,1,라그로타,스프라이트
2024-06-07,0,6,Summer,0,0,0,라그로타,스프라이트
2024-06-08,1,6,Summer,1,0,1,라그로타,스프라이트
2024-06-09,0,6,Summer,1,0,1,라그로타,스프라이트
2024-06-10,0,6,Summer,0,0,0,라그로타,스프라이트
2024-06-11,0,6,Summer,0,0,0,라그로타,스프라이트
2024-06-12,1,6,Summer,0,0,0,라그로타,스프라이트
2024-06-13,0,6,Summer,0,0,0,라그로타,스프라이트
2024-06-14,0,6,Summer,0,0,0,라그로타,스프라이트
2024-06-15,0,6,Summer,1,0,1,라그로타,스프라이트
2023-01-01,0,1,Winter,1,1,1,라그로타,시저 샐러드 
2023-01-02,0,1,Winter,0,0,0,라그로타,시저 샐러드 
2023-01-03,0,1,Winter,0,0,0,라그로타,시저 샐러드 
2023-01-04,0,1,Winter,0,0,0,라그로타,시저 샐러드 
2023-01-05,0,1,Winter,0,0,0,라그로타,시저 샐러드 
2023-01-06,0,1,Winter,0,0,0,라그로타,시저 샐러드 
2023-01-07,0,1,Winter,1,0,1,라그로타,시저 샐러드 
2023-01-08,0,1,Winter,1,0,1,라그로타,시저 샐러드 
2023-01-09,0,1,Winter,0,0,0,라그로타,시저 샐러드 
2023-01-10,0,1,Winter,0,0,0,라그로타,시저 샐러드 
2023-01-11,0,1,Winter,0,0,0,라그로타,시저 샐러드 
2023-01-12,0,1,Winter,0,0,0,라그로타,시저 샐러드 
2023-01-13,0,1,Winter,0,0,0,라그로타,시저 샐러드 
2023-01-14,0,1,Winter,1,0,1,라그로타,시저 샐러드 
2023-01-15,0,1,Winter,1,0,1,라그로타,시저 샐러드 
2023-01-16,0,1,Winter,0,0,0,라그로타,시저 샐러드 
2023-01-17,0,1,Winter,0,0,0,라그로타,시저 샐러드 
2023-01-18,0,1,Winter,0,0,0,라그로타,시저 샐러드 
2023-01-19,0,1,Winter,0,0,0,라그로타,시저 샐러드 
2023-01-20,0,1,Winter,0,0,0,라그로타,시저 샐러드 
2023-01-21,0,1,Winter,1,1,1,라그로타,시저 샐러드 
2023-01-22,0,1,Winter,1,1,1,라그로타,시저 샐러드 
2023-01-23,0,1,Winter,0,1,1,라그로타,시저 샐러드 
2023-01-24,0,1,Winter,0,1,1,라그로타,시저 샐러드 
2023-01-25,0,1,Winter,0,0,0,라그로타,시저 샐러드 
2023-01-26,0,1,Winter,0,0,0,라그로타,시저 샐러드 
2023-01-27,0,1,Winter,0,0,0,라그로타,시저 샐러드 
2023-01-28,0,1,Winter,1,0,1,라그로타,시저 샐러드 
2023-01-29,0,1,Winter,1,0,1,라그로타,시저 샐러드 
2023-01-30,0,1,Winter,0,0,0,라그로타,시저 샐러드 
2023-01-31,0,1,Winter,0,0,0,라그로타,시저 샐러드 
2023-02-01,0,2,Winter,0,0,0,라그로타,시저 샐러드 
2023-02-02,0,2,Winter,0,0,0,라그로타,시저 샐러드 
2023-02-03,0,2,Winter,0,0,0,라그로타,시저 샐러드 
2023-02-04,0,2,Winter,1,0,1,라그로타,시저 샐러드 
2023-02-05,0,2,Winter,1,0,1,라그로타,시저 샐러드 
2023-02-06,0,2,Winter,0,0,0,라그로타,시저 샐러드 
2023-02-07,0,2,Winter,0,0,0,라그로타,시저 샐러드 
2023-02-08,0,2,Winter,0,0,0,라그로타,시저 샐러드 
2023-02-09,0,2,Winter,0,0,0,라그로타,시저 샐러드 
2023-02-10,0,2,Winter,0,0,0,라그로타,시저 샐러드 
2023-02-11,0,2,Winter,1,0,1,라그로타,시저 샐러드 
2023-02-12,0,2,Winter,1,0,1,라그로타,시저 샐러드 
2023-02-13,0,2,Winter,0,0,0,라그로타,시저 샐러드 
2023-02-14,0,2,Winter,0,0,0,라그로타,시저 샐러드 
2023-02-15,0,2,Winter,0,0,0,라그로타,시저 샐러드 
2023-02-16,0,2,Winter,0,0,0,라그로타,시저 샐러드 
2023-02-17,0,2,Winter,0,0,0,라그로타,시저 샐러드 
2023-02-18,0,2,Winter,1,0,1,라그로타,시저 샐러드 
2023-02-19,0,2,Winter,1,0,1,라그로타,시저 샐러드 
2023-02-20,0,2,Winter,0,0,0,라그로타,시저 샐러드 
2023-02-21,0,2,Winter,0,0,0,라그로타,시저 샐러드 
2023-02-22,0,2,Winter,0,0,0,라그로타,시저 샐러드 
2023-02-23,0,2,Winter,0,0,0,라그로타,시저 샐러드 
2023-02-24,0,2,Winter,0,0,0,라그로타,시저 샐러드 
2023-02-25,0,2,Winter,1,0,1,라그로타,시저 샐러드 
2023-02-26,0,2,Winter,1,0,1,라그로타,시저 샐러드 
2023-02-27,0,2,Winter,0,0,0,라그로타,시저 샐러드 
2023-02-28,0,2,Winter,0,0,0,라그로타,시저 샐러드 
2023-03-01,0,3,Spring,0,1,1,라그로타,시저 샐러드 
2023-03-02,0,3,Spring,0,0,0,라그로타,시저 샐러드 
2023-03-03,0,3,Spring,0,0,0,라그로타,시저 샐러드 
2023-03-04,0,3,Spring,1,0,1,라그로타,시저 샐러드 
2023-03-05,0,3,Spring,1,0,1,라그로타,시저 샐러드 
2023-03-06,0,3,Spring,0,0,0,라그로타,시저 샐러드 
2023-03-07,0,3,Spring,0,0,0,라그로타,시저 샐러드 
2023-03-08,0,3,Spring,0,0,0,라그로타,시저 샐러드 
2023-03-09,0,3,Spring,0,0,0,라그로타,시저 샐러드 
2023-03-10,0,3,Spring,0,0,0,라그로타,시저 샐러드 
2023-03-11,0,3,Spring,1,0,1,라그로타,시저 샐러드 
2023-03-12,0,3,Spring,1,0,1,라그로타,시저 샐러드 
2023-03-13,0,3,Spring,0,0,0,라그로타,시저 샐러드 
2023-03-14,0,3,Spring,0,0,0,라그로타,시저 샐러드 
2023-03-15,0,3,Spring,0,0,0,라그로타,시저 샐러드 
2023-03-16,0,3,Spring,0,0,0,라그로타,시저 샐러드 
2023-03-17,0,3,Spring,0,0,0,라그로타,시저 샐러드 
2023-03-18,0,3,Spring,1,0,1,라그로타,시저 샐러드 
2023-03-19,0,3,Spring,1,0,1,라그로타,시저 샐러드 
2023-03-20,0,3,Spring,0,0,0,라그로타,시저 샐러드 
2023-03-21,0,3,Spring,0,0,0,라그로타,시저 샐러드 
2023-03-22,0,3,Spring,0,0,0,라그로타,시저 샐러드 
2023-03-23,0,3,Spring,0,0,0,라그로타,시저 샐러드 
2023-03-24,0,3,Spring,0,0,0,라그로타,시저 샐러드 
2023-03-25,0,3,Spring,1,0,1,라그로타,시저 샐러드 
2023-03-26,0,3,Spring,1,0,1,라그로타,시저 샐러드 
2023-03-27,0,3,Spring,0,0,0,라그로타,시저 샐러드 
2023-03-28,0,3,Spring,0,0,0,라그로타,시저 샐러드 
2023-03-29,0,3,Spring,0,0,0,라그로타,시저 샐러드 
2023-03-30,0,3,Spring,0,0,0,라그로타,시저 샐러드 
2023-03-31,0,3,Spring,0,0,0,라그로타,시저 샐러드 
2023-04-01,0,4,Spring,1,0,1,라그로타,시저 샐러드 
2023-04-02,0,4,Spring,1,0,1,라그로타,시저 샐러드 
2023-04-03,0,4,Spring,0,0,0,라그로타,시저 샐러드 
2023-04-04,0,4,Spring,0,0,0,라그로타,시저 샐러드 
2023-04-05,0,4,Spring,0,0,0,라그로타,시저 샐러드 
2023-04-06,0,4,Spring,0,0,0,라그로타,시저 샐러드 
2023-04-07,0,4,Spring,0,0,0,라그로타,시저 샐러드 
2023-04-08,0,4,Spring,1,0,1,라그로타,시저 샐러드 
2023-04-09,0,4,Spring,1,0,1,라그로타,시저 샐러드 
2023-04-10,0,4,Spring,0,0,0,라그로타,시저 샐러드 
2023-04-11,0,4,Spring,0,0,0,라그로타,시저 샐러드 
2023-04-12,0,4,Spring,0,0,0,라그로타,시저 샐러드 
2023-04-13,0,4,Spring,0,0,0,라그로타,시저 샐러드 
2023-04-14,0,4,Spring,0,0,0,라그로타,시저 샐러드 
2023-04-15,0,4,Spring,1,0,1,라그로타,시저 샐러드 
2023-04-16,0,4,Spring,1,0,1,라그로타,시저 샐러드 
2023-04-17,0,4,Spring,0,0,0,라그로타,시저 샐러드 
2023-04-18,0,4,Spring,0,0,0,라그로타,시저 샐러드 
2023-04-19,0,4,Spring,0,0,0,라그로타,시저 샐러드 
2023-04-20,0,4,Spring,0,0,0,라그로타,시저 샐러드 
2023-04-21,0,4,Spring,0,0,0,라그로타,시저 샐러드 
2023-04-22,0,4,Spring,1,0,1,라그로타,시저 샐러드 
2023-04-23,0,4,Spring,1,0,1,라그로타,시저 샐러드 
2023-04-24,0,4,Spring,0,0,0,라그로타,시저 샐러드 
2023-04-25,0,4,Spring,0,0,0,라그로타,시저 샐러드 
2023-04-26,0,4,Spring,0,0,0,라그로타,시저 샐러드 
2023-04-27,0,4,Spring,0,0,0,라그로타,시저 샐러드 
2023-04-28,0,4,Spring,0,0,0,라그로타,시저 샐러드 
2023-04-29,0,4,Spring,1,0,1,라그로타,시저 샐러드 
2023-04-30,0,4,Spring,1,0,1,라그로타,시저 샐러드 
2023-05-01,0,5,Spring,0,0,0,라그로타,시저 샐러드 
2023-05-02,0,5,Spring,0,0,0,라그로타,시저 샐러드 
2023-05-03,0,5,Spring,0,0,0,라그로타,시저 샐러드 
2023-05-04,0,5,Spring,0,0,0,라그로타,시저 샐러드 
2023-05-05,0,5,Spring,0,1,1,라그로타,시저 샐러드 
2023-05-06,0,5,Spring,1,0,1,라그로타,시저 샐러드 
2023-05-07,0,5,Spring,1,0,1,라그로타,시저 샐러드 
2023-05-08,0,5,Spring,0,0,0,라그로타,시저 샐러드 
2023-05-09,0,5,Spring,0,0,0,라그로타,시저 샐러드 
2023-05-10,0,5,Spring,0,0,0,라그로타,시저 샐러드 
2023-05-11,0,5,Spring,0,0,0,라그로타,시저 샐러드 
2023-05-12,0,5,Spring,0,0,0,라그로타,시저 샐러드 
2023-05-13,0,5,Spring,1,0,1,라그로타,시저 샐러드 
2023-05-14,0,5,Spring,1,0,1,라그로타,시저 샐러드 
2023-05-15,0,5,Spring,0,0,0,라그로타,시저 샐러드 
2023-05-16,0,5,Spring,0,0,0,라그로타,시저 샐러드 
2023-05-17,0,5,Spring,0,0,0,라그로타,시저 샐러드 
2023-05-18,0,5,Spring,0,0,0,라그로타,시저 샐러드 
2023-05-19,0,5,Spring,0,0,0,라그로타,시저 샐러드 
2023-05-20,0,5,Spring,1,0,1,라그로타,시저 샐러드 
2023-05-21,0,5,Spring,1,0,1,라그로타,시저 샐러드 
2023-05-22,0,5,Spring,0,0,0,라그로타,시저 샐러드 
2023-05-23,0,5,Spring,0,0,0,라그로타,시저 샐러드 
2023-05-24,0,5,Spring,0,0,0,라그로타,시저 샐러드 
2023-05-25,0,5,Spring,0,0,0,라그로타,시저 샐러드 
2023-05-26,0,5,Spring,0,0,0,라그로타,시저 샐러드 
2023-05-27,0,5,Spring,1,1,1,라그로타,시저 샐러드 
2023-05-28,0,5,Spring,1,0,1,라그로타,시저 샐러드 
2023-05-29,0,5,Spring,0,1,1,라그로타,시저 샐러드 
2023-05-30,0,5,Spring,0,0,0,라그로타,시저 샐러드 
2023-05-31,0,5,Spring,0,0,0,라그로타,시저 샐러드 
2023-06-01,0,6,Summer,0,0,0,라그로타,시저 샐러드 
2023-06-02,0,6,Summer,0,0,0,라그로타,시저 샐러드 
2023-06-03,0,6,Summer,1,0,1,라그로타,시저 샐러드 
2023-06-04,0,6,Summer,1,0,1,라그로타,시저 샐러드 
2023-06-05,0,6,Summer,0,0,0,라그로타,시저 샐러드 
2023-06-06,0,6,Summer,0,1,1,라그로타,시저 샐러드 
2023-06-07,0,6,Summer,0,0,0,라그로타,시저 샐러드 
2023-06-08,0,6,Summer,0,0,0,라그로타,시저 샐러드 
2023-06-09,0,6,Summer,0,0,0,라그로타,시저 샐러드 
2023-06-10,0,6,Summer,1,0,1,라그로타,시저 샐러드 
2023-06-11,0,6,Summer,1,0,1,라그로타,시저 샐러드 
2023-06-12,0,6,Summer,0,0,0,라그로타,시저 샐러드 
2023-06-13,0,6,Summer,0,0,0,라그로타,시저 샐러드 
2023-06-14,0,6,Summer,0,0,0,라그로타,시저 샐러드 
2023-06-15,0,6,Summer,0,0,0,라그로타,시저 샐러드 
2023-06-16,0,6,Summer,0,0,0,라그로타,시저 샐러드 
2023-06-17,0,6,Summer,1,0,1,라그로타,시저 샐러드 
2023-06-18,0,6,Summer,1,0,1,라그로타,시저 샐러드 
2023-06-19,0,6,Summer,0,0,0,라그로타,시저 샐러드 
2023-06-20,0,6,Summer,0,0,0,라그로타,시저 샐러드 
2023-06-21,0,6,Summer,0,0,0,라그로타,시저 샐러드 
2023-06-22,0,6,Summer,0,0,0,라그로타,시저 샐러드 
2023-06-23,0,6,Summer,0,0,0,라그로타,시저 샐러드 
2023-06-24,0,6,Summer,1,0,1,라그로타,시저 샐러드 
2023-06-25,0,6,Summer,1,0,1,라그로타,시저 샐러드 
2023-06-26,0,6,Summer,0,0,0,라그로타,시저 샐러드 
2023-06-27,0,6,Summer,0,0,0,라그로타,시저 샐러드 
2023-06-28,0,6,Summer,0,0,0,라그로타,시저 샐러드 
2023-06-29,0,6,Summer,0,0,0,라그로타,시저 샐러드 
2023-06-30,0,6,Summer,0,0,0,라그로타,시저 샐러드 
2023-07-01,0,7,Summer,1,0,1,라그로타,시저 샐러드 
2023-07-02,0,7,Summer,1,0,1,라그로타,시저 샐러드 
2023-07-03,0,7,Summer,0,0,0,라그로타,시저 샐러드 
2023-07-04,0,7,Summer,0,0,0,라그로타,시저 샐러드 
2023-07-05,0,7,Summer,0,0,0,라그로타,시저 샐러드 
2023-07-06,0,7,Summer,0,0,0,라그로타,시저 샐러드 
2023-07-07,0,7,Summer,0,0,0,라그로타,시저 샐러드 
2023-07-08,0,7,Summer,1,0,1,라그로타,시저 샐러드 
2023-07-09,0,7,Summer,1,0,1,라그로타,시저 샐러드 
2023-07-10,0,7,Summer,0,0,0,라그로타,시저 샐러드 
2023-07-11,0,7,Summer,0,0,0,라그로타,시저 샐러드 
2023-07-12,0,7,Summer,0,0,0,라그로타,시저 샐러드 
2023-07-13,0,7,Summer,0,0,0,라그로타,시저 샐러드 
2023-07-14,0,7,Summer,0,0,0,라그로타,시저 샐러드 
2023-07-15,0,7,Summer,1,0,1,라그로타,시저 샐러드 
2023-07-16,0,7,Summer,1,0,1,라그로타,시저 샐러드 
2023-07-17,0,7,Summer,0,0,0,라그로타,시저 샐러드 
2023-07-18,0,7,Summer,0,0,0,라그로타,시저 샐러드 
2023-07-19,0,7,Summer,0,0,0,라그로타,시저 샐러드 
2023-07-20,0,7,Summer,0,0,0,라그로타,시저 샐러드 
2023-07-21,0,7,Summer,0,0,0,라그로타,시저 샐러드 
2023-07-22,0,7,Summer,1,0,1,라그로타,시저 샐러드 
2023-07-23,0,7,Summer,1,0,1,라그로타,시저 샐러드 
2023-07-24,0,7,Summer,0,0,0,라그로타,시저 샐러드 
2023-07-25,0,7,Summer,0,0,0,라그로타,시저 샐러드 
2023-07-26,0,7,Summer,0,0,0,라그로타,시저 샐러드 
2023-07-27,0,7,Summer,0,0,0,라그로타,시저 샐러드 
2023-07-28,0,7,Summer,0,0,0,라그로타,시저 샐러드 
2023-07-29,0,7,Summer,1,0,1,라그로타,시저 샐러드 
2023-07-30,0,7,Summer,1,0,1,라그로타,시저 샐러드 
2023-07-31,0,7,Summer,0,0,0,라그로타,시저 샐러드 
2023-08-01,0,8,Summer,0,0,0,라그로타,시저 샐러드 
2023-08-02,0,8,Summer,0,0,0,라그로타,시저 샐러드 
2023-08-03,0,8,Summer,0,0,0,라그로타,시저 샐러드 
2023-08-04,0,8,Summer,0,0,0,라그로타,시저 샐러드 
2023-08-05,0,8,Summer,1,0,1,라그로타,시저 샐러드 
2023-08-06,0,8,Summer,1,0,1,라그로타,시저 샐러드 
2023-08-07,0,8,Summer,0,0,0,라그로타,시저 샐러드 
2023-08-08,0,8,Summer,0,0,0,라그로타,시저 샐러드 
2023-08-09,0,8,Summer,0,0,0,라그로타,시저 샐러드 
2023-08-10,0,8,Summer,0,0,0,라그로타,시저 샐러드 
2023-08-11,0,8,Summer,0,0,0,라그로타,시저 샐러드 
2023-08-12,0,8,Summer,1,0,1,라그로타,시저 샐러드 
2023-08-13,0,8,Summer,1,0,1,라그로타,시저 샐러드 
2023-08-14,0,8,Summer,0,0,0,라그로타,시저 샐러드 
2023-08-15,0,8,Summer,0,1,1,라그로타,시저 샐러드 
2023-08-16,0,8,Summer,0,0,0,라그로타,시저 샐러드 
2023-08-17,0,8,Summer,0,0,0,라그로타,시저 샐러드 
2023-08-18,0,8,Summer,0,0,0,라그로타,시저 샐러드 
2023-08-19,0,8,Summer,1,0,1,라그로타,시저 샐러드 
2023-08-20,0,8,Summer,1,0,1,라그로타,시저 샐러드 
2023-08-21,0,8,Summer,0,0,0,라그로타,시저 샐러드 
2023-08-22,0,8,Summer,0,0,0,라그로타,시저 샐러드 
2023-08-23,0,8,Summer,0,0,0,라그로타,시저 샐러드 
2023-08-24,0,8,Summer,0,0,0,라그로타,시저 샐러드 
2023-08-25,0,8,Summer,0,0,0,라그로타,시저 샐러드 
2023-08-26,0,8,Summer,1,0,1,라그로타,시저 샐러드 
2023-08-27,0,8,Summer,1,0,1,라그로타,시저 샐러드 
2023-08-28,0,8,Summer,0,0,0,라그로타,시저 샐러드 
2023-08-29,0,8,Summer,0,0,0,라그로타,시저 샐러드 
2023-08-30,0,8,Summer,0,0,0,라그로타,시저 샐러드 
2023-08-31,0,8,Summer,0,0,0,라그로타,시저 샐러드 
2023-09-01,0,9,Autumn,0,0,0,라그로타,시저 샐러드 
2023-09-02,0,9,Autumn,1,0,1,라그로타,시저 샐러드 
2023-09-03,0,9,Autumn,1,0,1,라그로타,시저 샐러드 
2023-09-04,0,9,Autumn,0,0,0,라그로타,시저 샐러드 
2023-09-05,0,9,Autumn,0,0,0,라그로타,시저 샐러드 
2023-09-06,0,9,Autumn,0,0,0,라그로타,시저 샐러드 
2023-09-07,0,9,Autumn,0,0,0,라그로타,시저 샐러드 
2023-09-08,1,9,Autumn,0,0,0,라그로타,시저 샐러드 
2023-09-09,1,9,Autumn,1,0,1,라그로타,시저 샐러드 
2023-09-10,1,9,Autumn,1,0,1,라그로타,시저 샐러드 
2023-09-11,0,9,Autumn,0,0,0,라그로타,시저 샐러드 
2023-09-12,2,9,Autumn,0,0,0,라그로타,시저 샐러드 
2023-09-13,0,9,Autumn,0,0,0,라그로타,시저 샐러드 
2023-09-14,0,9,Autumn,0,0,0,라그로타,시저 샐러드 
2023-09-15,3,9,Autumn,0,0,0,라그로타,시저 샐러드 
2023-09-16,6,9,Autumn,1,0,1,라그로타,시저 샐러드 
2023-09-17,3,9,Autumn,1,0,1,라그로타,시저 샐러드 
2023-09-18,0,9,Autumn,0,0,0,라그로타,시저 샐러드 
2023-09-19,0,9,Autumn,0,0,0,라그로타,시저 샐러드 
2023-09-20,1,9,Autumn,0,0,0,라그로타,시저 샐러드 
2023-09-21,0,9,Autumn,0,0,0,라그로타,시저 샐러드 
2023-09-22,4,9,Autumn,0,0,0,라그로타,시저 샐러드 
2023-09-23,0,9,Autumn,1,0,1,라그로타,시저 샐러드 
2023-09-24,2,9,Autumn,1,0,1,라그로타,시저 샐러드 
2023-09-25,0,9,Autumn,0,0,0,라그로타,시저 샐러드 
2023-09-26,1,9,Autumn,0,0,0,라그로타,시저 샐러드 
2023-09-27,4,9,Autumn,0,0,0,라그로타,시저 샐러드 
2023-09-28,2,9,Autumn,0,1,1,라그로타,시저 샐러드 
2023-09-29,2,9,Autumn,0,1,1,라그로타,시저 샐러드 
2023-09-30,2,9,Autumn,1,1,1,라그로타,시저 샐러드 
2023-10-01,2,10,Autumn,1,0,1,라그로타,시저 샐러드 
2023-10-02,2,10,Autumn,0,1,1,라그로타,시저 샐러드 
2023-10-03,3,10,Autumn,0,1,1,라그로타,시저 샐러드 
2023-10-04,3,10,Autumn,0,0,0,라그로타,시저 샐러드 
2023-10-05,0,10,Autumn,0,0,0,라그로타,시저 샐러드 
2023-10-06,1,10,Autumn,0,0,0,라그로타,시저 샐러드 
2023-10-07,2,10,Autumn,1,0,1,라그로타,시저 샐러드 
2023-10-08,4,10,Autumn,1,0,1,라그로타,시저 샐러드 
2023-10-09,0,10,Autumn,0,1,1,라그로타,시저 샐러드 
2023-10-10,0,10,Autumn,0,0,0,라그로타,시저 샐러드 
2023-10-11,3,10,Autumn,0,0,0,라그로타,시저 샐러드 
2023-10-12,4,10,Autumn,0,0,0,라그로타,시저 샐러드 
2023-10-13,1,10,Autumn,0,0,0,라그로타,시저 샐러드 
2023-10-14,0,10,Autumn,1,0,1,라그로타,시저 샐러드 
2023-10-15,1,10,Autumn,1,0,1,라그로타,시저 샐러드 
2023-10-16,4,10,Autumn,0,0,0,라그로타,시저 샐러드 
2023-10-17,2,10,Autumn,0,0,0,라그로타,시저 샐러드 
2023-10-18,1,10,Autumn,0,0,0,라그로타,시저 샐러드 
2023-10-19,1,10,Autumn,0,0,0,라그로타,시저 샐러드 
2023-10-20,2,10,Autumn,0,0,0,라그로타,시저 샐러드 
2023-10-21,4,10,Autumn,1,0,1,라그로타,시저 샐러드 
2023-10-22,4,10,Autumn,1,0,1,라그로타,시저 샐러드 
2023-10-23,0,10,Autumn,0,0,0,라그로타,시저 샐러드 
2023-10-24,1,10,Autumn,0,0,0,라그로타,시저 샐러드 
2023-10-25,4,10,Autumn,0,0,0,라그로타,시저 샐러드 
2023-10-26,4,10,Autumn,0,0,0,라그로타,시저 샐러드 
2023-10-27,3,10,Autumn,0,0,0,라그로타,시저 샐러드 
2023-10-28,3,10,Autumn,1,0,1,라그로타,시저 샐러드 
2023-10-29,3,10,Autumn,1,0,1,라그로타,시저 샐러드 
2023-10-30,0,10,Autumn,0,0,0,라그로타,시저 샐러드 
2023-10-31,12,10,Autumn,0,0,0,라그로타,시저 샐러드 
2023-11-01,4,11,Autumn,0,0,0,라그로타,시저 샐러드 
2023-11-02,3,11,Autumn,0,0,0,라그로타,시저 샐러드 
2023-11-03,0,11,Autumn,0,0,0,라그로타,시저 샐러드 
2023-11-04,5,11,Autumn,1,0,1,라그로타,시저 샐러드 
2023-11-05,1,11,Autumn,1,0,1,라그로타,시저 샐러드 
2023-11-06,0,11,Autumn,0,0,0,라그로타,시저 샐러드 
2023-11-07,4,11,Autumn,0,0,0,라그로타,시저 샐러드 
2023-11-08,1,11,Autumn,0,0,0,라그로타,시저 샐러드 
2023-11-09,1,11,Autumn,0,0,0,라그로타,시저 샐러드 
2023-11-10,2,11,Autumn,0,0,0,라그로타,시저 샐러드 
2023-11-11,0,11,Autumn,1,0,1,라그로타,시저 샐러드 
2023-11-12,4,11,Autumn,1,0,1,라그로타,시저 샐러드 
2023-11-13,0,11,Autumn,0,0,0,라그로타,시저 샐러드 
2023-11-14,0,11,Autumn,0,0,0,라그로타,시저 샐러드 
2023-11-15,0,11,Autumn,0,0,0,라그로타,시저 샐러드 
2023-11-16,2,11,Autumn,0,0,0,라그로타,시저 샐러드 
2023-11-17,3,11,Autumn,0,0,0,라그로타,시저 샐러드 
2023-11-18,4,11,Autumn,1,0,1,라그로타,시저 샐러드 
2023-11-19,1,11,Autumn,1,0,1,라그로타,시저 샐러드 
2023-11-20,0,11,Autumn,0,0,0,라그로타,시저 샐러드 
2023-11-21,0,11,Autumn,0,0,0,라그로타,시저 샐러드 
2023-11-22,0,11,Autumn,0,0,0,라그로타,시저 샐러드 
2023-11-23,2,11,Autumn,0,0,0,라그로타,시저 샐러드 
2023-11-24,1,11,Autumn,0,0,0,라그로타,시저 샐러드 
2023-11-25,3,11,Autumn,1,0,1,라그로타,시저 샐러드 
2023-11-26,2,11,Autumn,1,0,1,라그로타,시저 샐러드 
2023-11-27,0,11,Autumn,0,0,0,라그로타,시저 샐러드 
2023-11-28,0,11,Autumn,0,0,0,라그로타,시저 샐러드 
2023-11-29,2,11,Autumn,0,0,0,라그로타,시저 샐러드 
2023-11-30,0,11,Autumn,0,0,0,라그로타,시저 샐러드 
2023-12-01,2,12,Winter,0,0,0,라그로타,시저 샐러드 
2023-12-02,4,12,Winter,1,0,1,라그로타,시저 샐러드 
2023-12-03,1,12,Winter,1,0,1,라그로타,시저 샐러드 
2023-12-04,0,12,Winter,0,0,0,라그로타,시저 샐러드 
2023-12-05,0,12,Winter,0,0,0,라그로타,시저 샐러드 
2023-12-06,0,12,Winter,0,0,0,라그로타,시저 샐러드 
2023-12-07,1,12,Winter,0,0,0,라그로타,시저 샐러드 
2023-12-08,0,12,Winter,0,0,0,라그로타,시저 샐러드 
2023-12-09,0,12,Winter,1,0,1,라그로타,시저 샐러드 
2023-12-10,0,12,Winter,1,0,1,라그로타,시저 샐러드 
2023-12-11,0,12,Winter,0,0,0,라그로타,시저 샐러드 
2023-12-12,0,12,Winter,0,0,0,라그로타,시저 샐러드 
2023-12-13,1,12,Winter,0,0,0,라그로타,시저 샐러드 
2023-12-14,0,12,Winter,0,0,0,라그로타,시저 샐러드 
2023-12-15,3,12,Winter,0,0,0,라그로타,시저 샐러드 
2023-12-16,2,12,Winter,1,0,1,라그로타,시저 샐러드 
2023-12-17,5,12,Winter,1,0,1,라그로타,시저 샐러드 
2023-12-18,1,12,Winter,0,0,0,라그로타,시저 샐러드 
2023-12-19,4,12,Winter,0,0,0,라그로타,시저 샐러드 
2023-12-20,1,12,Winter,0,0,0,라그로타,시저 샐러드 
2023-12-21,0,12,Winter,0,0,0,라그로타,시저 샐러드 
2023-12-22,1,12,Winter,0,0,0,라그로타,시저 샐러드 
2023-12-23,1,12,Winter,1,0,1,라그로타,시저 샐러드 
2023-12-24,1,12,Winter,1,0,1,라그로타,시저 샐러드 
2023-12-25,2,12,Winter,0,1,1,라그로타,시저 샐러드 
2023-12-26,2,12,Winter,0,0,0,라그로타,시저 샐러드 
2023-12-27,1,12,Winter,0,0,0,라그로타,시저 샐러드 
2023-12-28,2,12,Winter,0,0,0,라그로타,시저 샐러드 
2023-12-29,4,12,Winter,0,0,0,라그로타,시저 샐러드 
2023-12-30,2,12,Winter,1,0,1,라그로타,시저 샐러드 
2023-12-31,2,12,Winter,1,0,1,라그로타,시저 샐러드 
2024-01-01,0,1,Winter,0,1,1,라그로타,시저 샐러드 
2024-01-02,1,1,Winter,0,0,0,라그로타,시저 샐러드 
2024-01-03,1,1,Winter,0,0,0,라그로타,시저 샐러드 
2024-01-04,1,1,Winter,0,0,0,라그로타,시저 샐러드 
2024-01-05,3,1,Winter,0,0,0,라그로타,시저 샐러드 
2024-01-06,2,1,Winter,1,0,1,라그로타,시저 샐러드 
2024-01-07,4,1,Winter,1,0,1,라그로타,시저 샐러드 
2024-01-08,2,1,Winter,0,0,0,라그로타,시저 샐러드 
2024-01-09,1,1,Winter,0,0,0,라그로타,시저 샐러드 
2024-01-10,0,1,Winter,0,0,0,라그로타,시저 샐러드 
2024-01-11,0,1,Winter,0,0,0,라그로타,시저 샐러드 
2024-01-12,1,1,Winter,0,0,0,라그로타,시저 샐러드 
2024-01-13,1,1,Winter,1,0,1,라그로타,시저 샐러드 
2024-01-14,3,1,Winter,1,0,1,라그로타,시저 샐러드 
2024-01-15,3,1,Winter,0,0,0,라그로타,시저 샐러드 
2024-01-16,1,1,Winter,0,0,0,라그로타,시저 샐러드 
2024-01-17,1,1,Winter,0,0,0,라그로타,시저 샐러드 
2024-01-18,1,1,Winter,0,0,0,라그로타,시저 샐러드 
2024-01-19,3,1,Winter,0,0,0,라그로타,시저 샐러드 
2024-01-20,2,1,Winter,1,0,1,라그로타,시저 샐러드 
2024-01-21,1,1,Winter,1,0,1,라그로타,시저 샐러드 
2024-01-22,1,1,Winter,0,0,0,라그로타,시저 샐러드 
2024-01-23,4,1,Winter,0,0,0,라그로타,시저 샐러드 
2024-01-24,1,1,Winter,0,0,0,라그로타,시저 샐러드 
2024-01-25,1,1,Winter,0,0,0,라그로타,시저 샐러드 
2024-01-26,0,1,Winter,0,0,0,라그로타,시저 샐러드 
2024-01-27,1,1,Winter,1,0,1,라그로타,시저 샐러드 
2024-01-28,4,1,Winter,1,0,1,라그로타,시저 샐러드 
2024-01-29,0,1,Winter,0,0,0,라그로타,시저 샐러드 
2024-01-30,4,1,Winter,0,0,0,라그로타,시저 샐러드 
2024-01-31,0,1,Winter,0,0,0,라그로타,시저 샐러드 
2024-02-01,1,2,Winter,0,0,0,라그로타,시저 샐러드 
2024-02-02,2,2,Winter,0,0,0,라그로타,시저 샐러드 
2024-02-03,0,2,Winter,1,0,1,라그로타,시저 샐러드 
2024-02-04,1,2,Winter,1,0,1,라그로타,시저 샐러드 
2024-02-05,0,2,Winter,0,0,0,라그로타,시저 샐러드 
2024-02-06,0,2,Winter,0,0,0,라그로타,시저 샐러드 
2024-02-07,3,2,Winter,0,0,0,라그로타,시저 샐러드 
2024-02-08,2,2,Winter,0,0,0,라그로타,시저 샐러드 
2024-02-09,2,2,Winter,0,1,1,라그로타,시저 샐러드 
2024-02-10,3,2,Winter,1,1,1,라그로타,시저 샐러드 
2024-02-11,6,2,Winter,1,1,1,라그로타,시저 샐러드 
2024-02-12,1,2,Winter,0,1,1,라그로타,시저 샐러드 
2024-02-13,2,2,Winter,0,0,0,라그로타,시저 샐러드 
2024-02-14,1,2,Winter,0,0,0,라그로타,시저 샐러드 
2024-02-15,1,2,Winter,0,0,0,라그로타,시저 샐러드 
2024-02-16,4,2,Winter,0,0,0,라그로타,시저 샐러드 
2024-02-17,1,2,Winter,1,0,1,라그로타,시저 샐러드 
2024-02-18,2,2,Winter,1,0,1,라그로타,시저 샐러드 
2024-02-19,0,2,Winter,0,0,0,라그로타,시저 샐러드 
2024-02-20,1,2,Winter,0,0,0,라그로타,시저 샐러드 
2024-02-21,1,2,Winter,0,0,0,라그로타,시저 샐러드 
2024-02-22,1,2,Winter,0,0,0,라그로타,시저 샐러드 
2024-02-23,0,2,Winter,0,0,0,라그로타,시저 샐러드 
2024-02-24,2,2,Winter,1,0,1,라그로타,시저 샐러드 
2024-02-25,3,2,Winter,1,0,1,라그로타,시저 샐러드 
2024-02-26,0,2,Winter,0,0,0,라그로타,시저 샐러드 
2024-02-27,0,2,Winter,0,0,0,라그로타,시저 샐러드 
2024-02-28,0,2,Winter,0,0,0,라그로타,시저 샐러드 
2024-02-29,0,2,Winter,0,0,0,라그로타,시저 샐러드 
2024-03-01,1,3,Spring,0,1,1,라그로타,시저 샐러드 
2024-03-02,0,3,Spring,1,0,1,라그로타,시저 샐러드 
2024-03-03,0,3,Spring,1,0,1,라그로타,시저 샐러드 
2024-03-04,0,3,Spring,0,0,0,라그로타,시저 샐러드 
2024-03-05,0,3,Spring,0,0,0,라그로타,시저 샐러드 
2024-03-06,0,3,Spring,0,0,0,라그로타,시저 샐러드 
2024-03-07,0,3,Spring,0,0,0,라그로타,시저 샐러드 
2024-03-08,0,3,Spring,0,0,0,라그로타,시저 샐러드 
2024-03-09,0,3,Spring,1,0,1,라그로타,시저 샐러드 
2024-03-10,0,3,Spring,1,0,1,라그로타,시저 샐러드 
2024-03-11,0,3,Spring,0,0,0,라그로타,시저 샐러드 
2024-03-12,0,3,Spring,0,0,0,라그로타,시저 샐러드 
2024-03-13,0,3,Spring,0,0,0,라그로타,시저 샐러드 
2024-03-14,0,3,Spring,0,0,0,라그로타,시저 샐러드 
2024-03-15,0,3,Spring,0,0,0,라그로타,시저 샐러드 
2024-03-16,0,3,Spring,1,0,1,라그로타,시저 샐러드 
2024-03-17,0,3,Spring,1,0,1,라그로타,시저 샐러드 
2024-03-18,0,3,Spring,0,0,0,라그로타,시저 샐러드 
2024-03-19,0,3,Spring,0,0,0,라그로타,시저 샐러드 
2024-03-20,0,3,Spring,0,0,0,라그로타,시저 샐러드 
2024-03-21,0,3,Spring,0,0,0,라그로타,시저 샐러드 
2024-03-22,1,3,Spring,0,0,0,라그로타,시저 샐러드 
2024-03-23,2,3,Spring,1,0,1,라그로타,시저 샐러드 
2024-03-24,0,3,Spring,1,0,1,라그로타,시저 샐러드 
2024-03-25,0,3,Spring,0,0,0,라그로타,시저 샐러드 
2024-03-26,1,3,Spring,0,0,0,라그로타,시저 샐러드 
2024-03-27,0,3,Spring,0,0,0,라그로타,시저 샐러드 
2024-03-28,0,3,Spring,0,0,0,라그로타,시저 샐러드 
2024-03-29,2,3,Spring,0,0,0,라그로타,시저 샐러드 
2024-03-30,5,3,Spring,1,0,1,라그로타,시저 샐러드 
2024-03-31,1,3,Spring,1,0,1,라그로타,시저 샐러드 
2024-04-01,0,4,Spring,0,0,0,라그로타,시저 샐러드 
2024-04-02,1,4,Spring,0,0,0,라그로타,시저 샐러드 
2024-04-03,1,4,Spring,0,0,0,라그로타,시저 샐러드 
2024-04-04,2,4,Spring,0,0,0,라그로타,시저 샐러드 
2024-04-05,4,4,Spring,0,0,0,라그로타,시저 샐러드 
2024-04-06,6,4,Spring,1,0,1,라그로타,시저 샐러드 
2024-04-07,2,4,Spring,1,0,1,라그로타,시저 샐러드 
2024-04-08,0,4,Spring,0,0,0,라그로타,시저 샐러드 
2024-04-09,2,4,Spring,0,0,0,라그로타,시저 샐러드 
2024-04-10,2,4,Spring,0,1,1,라그로타,시저 샐러드 
2024-04-11,2,4,Spring,0,0,0,라그로타,시저 샐러드 
2024-04-12,6,4,Spring,0,0,0,라그로타,시저 샐러드 
2024-04-13,4,4,Spring,1,0,1,라그로타,시저 샐러드 
2024-04-14,3,4,Spring,1,0,1,라그로타,시저 샐러드 
2024-04-15,0,4,Spring,0,0,0,라그로타,시저 샐러드 
2024-04-16,1,4,Spring,0,0,0,라그로타,시저 샐러드 
2024-04-17,3,4,Spring,0,0,0,라그로타,시저 샐러드 
2024-04-18,0,4,Spring,0,0,0,라그로타,시저 샐러드 
2024-04-19,2,4,Spring,0,0,0,라그로타,시저 샐러드 
2024-04-20,2,4,Spring,1,0,1,라그로타,시저 샐러드 
2024-04-21,2,4,Spring,1,0,1,라그로타,시저 샐러드 
2024-04-22,0,4,Spring,0,0,0,라그로타,시저 샐러드 
2024-04-23,2,4,Spring,0,0,0,라그로타,시저 샐러드 
2024-04-24,1,4,Spring,0,0,0,라그로타,시저 샐러드 
2024-04-25,4,4,Spring,0,0,0,라그로타,시저 샐러드 
2024-04-26,6,4,Spring,0,0,0,라그로타,시저 샐러드 
2024-04-27,8,4,Spring,1,0,1,라그로타,시저 샐러드 
2024-04-28,1,4,Spring,1,0,1,라그로타,시저 샐러드 
2024-04-29,0,4,Spring,0,0,0,라그로타,시저 샐러드 
2024-04-30,4,4,Spring,0,0,0,라그로타,시저 샐러드 
2024-05-01,2,5,Spring,0,0,0,라그로타,시저 샐러드 
2024-05-02,3,5,Spring,0,0,0,라그로타,시저 샐러드 
2024-05-03,1,5,Spring,0,0,0,라그로타,시저 샐러드 
2024-05-04,1,5,Spring,1,0,1,라그로타,시저 샐러드 
2024-05-05,2,5,Spring,1,1,1,라그로타,시저 샐러드 
2024-05-06,0,5,Spring,0,1,1,라그로타,시저 샐러드 
2024-05-07,1,5,Spring,0,0,0,라그로타,시저 샐러드 
2024-05-08,4,5,Spring,0,0,0,라그로타,시저 샐러드 
2024-05-09,0,5,Spring,0,0,0,라그로타,시저 샐러드 
2024-05-10,10,5,Spring,0,0,0,라그로타,시저 샐러드 
2024-05-11,4,5,Spring,1,0,1,라그로타,시저 샐러드 
2024-05-12,0,5,Spring,1,0,1,라그로타,시저 샐러드 
2024-05-13,0,5,Spring,0,0,0,라그로타,시저 샐러드 
2024-05-14,0,5,Spring,0,0,0,라그로타,시저 샐러드 
2024-05-15,3,5,Spring,0,1,1,라그로타,시저 샐러드 
2024-05-16,1,5,Spring,0,0,0,라그로타,시저 샐러드 
2024-05-17,3,5,Spring,0,0,0,라그로타,시저 샐러드 
2024-05-18,4,5,Spring,1,0,1,라그로타,시저 샐러드 
2024-05-19,3,5,Spring,1,0,1,라그로타,시저 샐러드 
2024-05-20,0,5,Spring,0,0,0,라그로타,시저 샐러드 
2024-05-21,5,5,Spring,0,0,0,라그로타,시저 샐러드 
2024-05-22,1,5,Spring,0,0,0,라그로타,시저 샐러드 
2024-05-23,2,5,Spring,0,0,0,라그로타,시저 샐러드 
2024-05-24,6,5,Spring,0,0,0,라그로타,시저 샐러드 
2024-05-25,3,5,Spring,1,0,1,라그로타,시저 샐러드 
2024-05-26,0,5,Spring,1,0,1,라그로타,시저 샐러드 
2024-05-27,0,5,Spring,0,0,0,라그로타,시저 샐러드 
2024-05-28,1,5,Spring,0,0,0,라그로타,시저 샐러드 
2024-05-29,0,5,Spring,0,0,0,라그로타,시저 샐러드 
2024-05-30,3,5,Spring,0,0,0,라그로타,시저 샐러드 
2024-05-31,5,5,Spring,0,0,0,라그로타,시저 샐러드 
2024-06-01,2,6,Summer,1,0,1,라그로타,시저 샐러드 
2024-06-02,2,6,Summer,1,0,1,라그로타,시저 샐러드 
2024-06-03,0,6,Summer,0,0,0,라그로타,시저 샐러드 
2024-06-04,0,6,Summer,0,0,0,라그로타,시저 샐러드 
2024-06-05,4,6,Summer,0,0,0,라그로타,시저 샐러드 
2024-06-06,1,6,Summer,0,1,1,라그로타,시저 샐러드 
2024-06-07,2,6,Summer,0,0,0,라그로타,시저 샐러드 
2024-06-08,5,6,Summer,1,0,1,라그로타,시저 샐러드 
2024-06-09,3,6,Summer,1,0,1,라그로타,시저 샐러드 
2024-06-10,0,6,Summer,0,0,0,라그로타,시저 샐러드 
2024-06-11,2,6,Summer,0,0,0,라그로타,시저 샐러드 
2024-06-12,1,6,Summer,0,0,0,라그로타,시저 샐러드 
2024-06-13,3,6,Summer,0,0,0,라그로타,시저 샐러드 
2024-06-14,2,6,Summer,0,0,0,라그로타,시저 샐러드 
2024-06-15,1,6,Summer,1,0,1,라그로타,시저 샐러드 
2023-01-01,3,1,Winter,1,1,1,라그로타,아메리카노
2023-01-02,3,1,Winter,0,0,0,라그로타,아메리카노
2023-01-03,2,1,Winter,0,0,0,라그로타,아메리카노
2023-01-04,1,1,Winter,0,0,0,라그로타,아메리카노
2023-01-05,0,1,Winter,0,0,0,라그로타,아메리카노
2023-01-06,0,1,Winter,0,0,0,라그로타,아메리카노
2023-01-07,1,1,Winter,1,0,1,라그로타,아메리카노
2023-01-08,1,1,Winter,1,0,1,라그로타,아메리카노
2023-01-09,0,1,Winter,0,0,0,라그로타,아메리카노
2023-01-10,0,1,Winter,0,0,0,라그로타,아메리카노
2023-01-11,0,1,Winter,0,0,0,라그로타,아메리카노
2023-01-12,0,1,Winter,0,0,0,라그로타,아메리카노
2023-01-13,2,1,Winter,0,0,0,라그로타,아메리카노
2023-01-14,1,1,Winter,1,0,1,라그로타,아메리카노
2023-01-15,2,1,Winter,1,0,1,라그로타,아메리카노
2023-01-16,1,1,Winter,0,0,0,라그로타,아메리카노
2023-01-17,2,1,Winter,0,0,0,라그로타,아메리카노
2023-01-18,1,1,Winter,0,0,0,라그로타,아메리카노
2023-01-19,1,1,Winter,0,0,0,라그로타,아메리카노
2023-01-20,1,1,Winter,0,0,0,라그로타,아메리카노
2023-01-21,0,1,Winter,1,1,1,라그로타,아메리카노
2023-01-22,0,1,Winter,1,1,1,라그로타,아메리카노
2023-01-23,1,1,Winter,0,1,1,라그로타,아메리카노
2023-01-24,1,1,Winter,0,1,1,라그로타,아메리카노
2023-01-25,2,1,Winter,0,0,0,라그로타,아메리카노
2023-01-26,0,1,Winter,0,0,0,라그로타,아메리카노
2023-01-27,0,1,Winter,0,0,0,라그로타,아메리카노
2023-01-28,1,1,Winter,1,0,1,라그로타,아메리카노
2023-01-29,0,1,Winter,1,0,1,라그로타,아메리카노
2023-01-30,0,1,Winter,0,0,0,라그로타,아메리카노
2023-01-31,0,1,Winter,0,0,0,라그로타,아메리카노
2023-02-01,2,2,Winter,0,0,0,라그로타,아메리카노
2023-02-02,1,2,Winter,0,0,0,라그로타,아메리카노
2023-02-03,1,2,Winter,0,0,0,라그로타,아메리카노
2023-02-04,3,2,Winter,1,0,1,라그로타,아메리카노
2023-02-05,1,2,Winter,1,0,1,라그로타,아메리카노
2023-02-06,0,2,Winter,0,0,0,라그로타,아메리카노
2023-02-07,0,2,Winter,0,0,0,라그로타,아메리카노
2023-02-08,5,2,Winter,0,0,0,라그로타,아메리카노
2023-02-09,0,2,Winter,0,0,0,라그로타,아메리카노
2023-02-10,0,2,Winter,0,0,0,라그로타,아메리카노
2023-02-11,0,2,Winter,1,0,1,라그로타,아메리카노
2023-02-12,3,2,Winter,1,0,1,라그로타,아메리카노
2023-02-13,0,2,Winter,0,0,0,라그로타,아메리카노
2023-02-14,0,2,Winter,0,0,0,라그로타,아메리카노
2023-02-15,0,2,Winter,0,0,0,라그로타,아메리카노
2023-02-16,1,2,Winter,0,0,0,라그로타,아메리카노
2023-02-17,1,2,Winter,0,0,0,라그로타,아메리카노
2023-02-18,1,2,Winter,1,0,1,라그로타,아메리카노
2023-02-19,1,2,Winter,1,0,1,라그로타,아메리카노
2023-02-20,0,2,Winter,0,0,0,라그로타,아메리카노
2023-02-21,0,2,Winter,0,0,0,라그로타,아메리카노
2023-02-22,0,2,Winter,0,0,0,라그로타,아메리카노
2023-02-23,3,2,Winter,0,0,0,라그로타,아메리카노
2023-02-24,0,2,Winter,0,0,0,라그로타,아메리카노
2023-02-25,9,2,Winter,1,0,1,라그로타,아메리카노
2023-02-26,0,2,Winter,1,0,1,라그로타,아메리카노
2023-02-27,0,2,Winter,0,0,0,라그로타,아메리카노
2023-02-28,2,2,Winter,0,0,0,라그로타,아메리카노
2023-03-01,0,3,Spring,0,1,1,라그로타,아메리카노
2023-03-02,0,3,Spring,0,0,0,라그로타,아메리카노
2023-03-03,0,3,Spring,0,0,0,라그로타,아메리카노
2023-03-04,0,3,Spring,1,0,1,라그로타,아메리카노
2023-03-05,0,3,Spring,1,0,1,라그로타,아메리카노
2023-03-06,0,3,Spring,0,0,0,라그로타,아메리카노
2023-03-07,0,3,Spring,0,0,0,라그로타,아메리카노
2023-03-08,0,3,Spring,0,0,0,라그로타,아메리카노
2023-03-09,0,3,Spring,0,0,0,라그로타,아메리카노
2023-03-10,0,3,Spring,0,0,0,라그로타,아메리카노
2023-03-11,1,3,Spring,1,0,1,라그로타,아메리카노
2023-03-12,0,3,Spring,1,0,1,라그로타,아메리카노
2023-03-13,0,3,Spring,0,0,0,라그로타,아메리카노
2023-03-14,0,3,Spring,0,0,0,라그로타,아메리카노
2023-03-15,0,3,Spring,0,0,0,라그로타,아메리카노
2023-03-16,0,3,Spring,0,0,0,라그로타,아메리카노
2023-03-17,0,3,Spring,0,0,0,라그로타,아메리카노
2023-03-18,1,3,Spring,1,0,1,라그로타,아메리카노
2023-03-19,1,3,Spring,1,0,1,라그로타,아메리카노
2023-03-20,0,3,Spring,0,0,0,라그로타,아메리카노
2023-03-21,0,3,Spring,0,0,0,라그로타,아메리카노
2023-03-22,1,3,Spring,0,0,0,라그로타,아메리카노
2023-03-23,0,3,Spring,0,0,0,라그로타,아메리카노
2023-03-24,0,3,Spring,0,0,0,라그로타,아메리카노
2023-03-25,0,3,Spring,1,0,1,라그로타,아메리카노
2023-03-26,3,3,Spring,1,0,1,라그로타,아메리카노
2023-03-27,0,3,Spring,0,0,0,라그로타,아메리카노
2023-03-28,0,3,Spring,0,0,0,라그로타,아메리카노
2023-03-29,0,3,Spring,0,0,0,라그로타,아메리카노
2023-03-30,0,3,Spring,0,0,0,라그로타,아메리카노
2023-03-31,0,3,Spring,0,0,0,라그로타,아메리카노
2023-04-01,0,4,Spring,1,0,1,라그로타,아메리카노
2023-04-02,1,4,Spring,1,0,1,라그로타,아메리카노
2023-04-03,0,4,Spring,0,0,0,라그로타,아메리카노
2023-04-04,4,4,Spring,0,0,0,라그로타,아메리카노
2023-04-05,1,4,Spring,0,0,0,라그로타,아메리카노
2023-04-06,0,4,Spring,0,0,0,라그로타,아메리카노
2023-04-07,2,4,Spring,0,0,0,라그로타,아메리카노
2023-04-08,1,4,Spring,1,0,1,라그로타,아메리카노
2023-04-09,0,4,Spring,1,0,1,라그로타,아메리카노
2023-04-10,0,4,Spring,0,0,0,라그로타,아메리카노
2023-04-11,5,4,Spring,0,0,0,라그로타,아메리카노
2023-04-12,28,4,Spring,0,0,0,라그로타,아메리카노
2023-04-13,1,4,Spring,0,0,0,라그로타,아메리카노
2023-04-14,1,4,Spring,0,0,0,라그로타,아메리카노
2023-04-15,0,4,Spring,1,0,1,라그로타,아메리카노
2023-04-16,2,4,Spring,1,0,1,라그로타,아메리카노
2023-04-17,0,4,Spring,0,0,0,라그로타,아메리카노
2023-04-18,0,4,Spring,0,0,0,라그로타,아메리카노
2023-04-19,4,4,Spring,0,0,0,라그로타,아메리카노
2023-04-20,12,4,Spring,0,0,0,라그로타,아메리카노
2023-04-21,0,4,Spring,0,0,0,라그로타,아메리카노
2023-04-22,2,4,Spring,1,0,1,라그로타,아메리카노
2023-04-23,2,4,Spring,1,0,1,라그로타,아메리카노
2023-04-24,0,4,Spring,0,0,0,라그로타,아메리카노
2023-04-25,2,4,Spring,0,0,0,라그로타,아메리카노
2023-04-26,1,4,Spring,0,0,0,라그로타,아메리카노
2023-04-27,1,4,Spring,0,0,0,라그로타,아메리카노
2023-04-28,0,4,Spring,0,0,0,라그로타,아메리카노
2023-04-29,3,4,Spring,1,0,1,라그로타,아메리카노
2023-04-30,1,4,Spring,1,0,1,라그로타,아메리카노
2023-05-01,0,5,Spring,0,0,0,라그로타,아메리카노
2023-05-02,1,5,Spring,0,0,0,라그로타,아메리카노
2023-05-03,1,5,Spring,0,0,0,라그로타,아메리카노
2023-05-04,0,5,Spring,0,0,0,라그로타,아메리카노
2023-05-05,0,5,Spring,0,1,1,라그로타,아메리카노
2023-05-06,1,5,Spring,1,0,1,라그로타,아메리카노
2023-05-07,1,5,Spring,1,0,1,라그로타,아메리카노
2023-05-08,0,5,Spring,0,0,0,라그로타,아메리카노
2023-05-09,1,5,Spring,0,0,0,라그로타,아메리카노
2023-05-10,0,5,Spring,0,0,0,라그로타,아메리카노
2023-05-11,0,5,Spring,0,0,0,라그로타,아메리카노
2023-05-12,0,5,Spring,0,0,0,라그로타,아메리카노
2023-05-13,0,5,Spring,1,0,1,라그로타,아메리카노
2023-05-14,0,5,Spring,1,0,1,라그로타,아메리카노
2023-05-15,0,5,Spring,0,0,0,라그로타,아메리카노
2023-05-16,3,5,Spring,0,0,0,라그로타,아메리카노
2023-05-17,2,5,Spring,0,0,0,라그로타,아메리카노
2023-05-18,0,5,Spring,0,0,0,라그로타,아메리카노
2023-05-19,0,5,Spring,0,0,0,라그로타,아메리카노
2023-05-20,2,5,Spring,1,0,1,라그로타,아메리카노
2023-05-21,4,5,Spring,1,0,1,라그로타,아메리카노
2023-05-22,0,5,Spring,0,0,0,라그로타,아메리카노
2023-05-23,2,5,Spring,0,0,0,라그로타,아메리카노
2023-05-24,0,5,Spring,0,0,0,라그로타,아메리카노
2023-05-25,2,5,Spring,0,0,0,라그로타,아메리카노
2023-05-26,0,5,Spring,0,0,0,라그로타,아메리카노
2023-05-27,11,5,Spring,1,1,1,라그로타,아메리카노
2023-05-28,2,5,Spring,1,0,1,라그로타,아메리카노
2023-05-29,0,5,Spring,0,1,1,라그로타,아메리카노
2023-05-30,6,5,Spring,0,0,0,라그로타,아메리카노
2023-05-31,2,5,Spring,0,0,0,라그로타,아메리카노
2023-06-01,0,6,Summer,0,0,0,라그로타,아메리카노
2023-06-02,0,6,Summer,0,0,0,라그로타,아메리카노
2023-06-03,1,6,Summer,1,0,1,라그로타,아메리카노
2023-06-04,2,6,Summer,1,0,1,라그로타,아메리카노
2023-06-05,0,6,Summer,0,0,0,라그로타,아메리카노
2023-06-06,0,6,Summer,0,1,1,라그로타,아메리카노
2023-06-07,0,6,Summer,0,0,0,라그로타,아메리카노
2023-06-08,0,6,Summer,0,0,0,라그로타,아메리카노
2023-06-09,0,6,Summer,0,0,0,라그로타,아메리카노
2023-06-10,2,6,Summer,1,0,1,라그로타,아메리카노
2023-06-11,0,6,Summer,1,0,1,라그로타,아메리카노
2023-06-12,0,6,Summer,0,0,0,라그로타,아메리카노
2023-06-13,0,6,Summer,0,0,0,라그로타,아메리카노
2023-06-14,4,6,Summer,0,0,0,라그로타,아메리카노
2023-06-15,0,6,Summer,0,0,0,라그로타,아메리카노
2023-06-16,0,6,Summer,0,0,0,라그로타,아메리카노
2023-06-17,0,6,Summer,1,0,1,라그로타,아메리카노
2023-06-18,1,6,Summer,1,0,1,라그로타,아메리카노
2023-06-19,0,6,Summer,0,0,0,라그로타,아메리카노
2023-06-20,3,6,Summer,0,0,0,라그로타,아메리카노
2023-06-21,0,6,Summer,0,0,0,라그로타,아메리카노
2023-06-22,2,6,Summer,0,0,0,라그로타,아메리카노
2023-06-23,2,6,Summer,0,0,0,라그로타,아메리카노
2023-06-24,3,6,Summer,1,0,1,라그로타,아메리카노
2023-06-25,2,6,Summer,1,0,1,라그로타,아메리카노
2023-06-26,0,6,Summer,0,0,0,라그로타,아메리카노
2023-06-27,0,6,Summer,0,0,0,라그로타,아메리카노
2023-06-28,0,6,Summer,0,0,0,라그로타,아메리카노
2023-06-29,0,6,Summer,0,0,0,라그로타,아메리카노
2023-06-30,0,6,Summer,0,0,0,라그로타,아메리카노
2023-07-01,1,7,Summer,1,0,1,라그로타,아메리카노
2023-07-02,0,7,Summer,1,0,1,라그로타,아메리카노
2023-07-03,0,7,Summer,0,0,0,라그로타,아메리카노
2023-07-04,0,7,Summer,0,0,0,라그로타,아메리카노
2023-07-05,0,7,Summer,0,0,0,라그로타,아메리카노
2023-07-06,0,7,Summer,0,0,0,라그로타,아메리카노
2023-07-07,5,7,Summer,0,0,0,라그로타,아메리카노
2023-07-08,1,7,Summer,1,0,1,라그로타,아메리카노
2023-07-09,5,7,Summer,1,0,1,라그로타,아메리카노
2023-07-10,0,7,Summer,0,0,0,라그로타,아메리카노
2023-07-11,0,7,Summer,0,0,0,라그로타,아메리카노
2023-07-12,0,7,Summer,0,0,0,라그로타,아메리카노
2023-07-13,3,7,Summer,0,0,0,라그로타,아메리카노
2023-07-14,1,7,Summer,0,0,0,라그로타,아메리카노
2023-07-15,3,7,Summer,1,0,1,라그로타,아메리카노
2023-07-16,0,7,Summer,1,0,1,라그로타,아메리카노
2023-07-17,0,7,Summer,0,0,0,라그로타,아메리카노
2023-07-18,1,7,Summer,0,0,0,라그로타,아메리카노
2023-07-19,0,7,Summer,0,0,0,라그로타,아메리카노
2023-07-20,7,7,Summer,0,0,0,라그로타,아메리카노
2023-07-21,1,7,Summer,0,0,0,라그로타,아메리카노
2023-07-22,3,7,Summer,1,0,1,라그로타,아메리카노
2023-07-23,2,7,Summer,1,0,1,라그로타,아메리카노
2023-07-24,0,7,Summer,0,0,0,라그로타,아메리카노
2023-07-25,0,7,Summer,0,0,0,라그로타,아메리카노
2023-07-26,0,7,Summer,0,0,0,라그로타,아메리카노
2023-07-27,0,7,Summer,0,0,0,라그로타,아메리카노
2023-07-28,0,7,Summer,0,0,0,라그로타,아메리카노
2023-07-29,0,7,Summer,1,0,1,라그로타,아메리카노
2023-07-30,0,7,Summer,1,0,1,라그로타,아메리카노
2023-07-31,0,7,Summer,0,0,0,라그로타,아메리카노
2023-08-01,0,8,Summer,0,0,0,라그로타,아메리카노
2023-08-02,0,8,Summer,0,0,0,라그로타,아메리카노
2023-08-03,0,8,Summer,0,0,0,라그로타,아메리카노
2023-08-04,0,8,Summer,0,0,0,라그로타,아메리카노
2023-08-05,0,8,Summer,1,0,1,라그로타,아메리카노
2023-08-06,0,8,Summer,1,0,1,라그로타,아메리카노
2023-08-07,0,8,Summer,0,0,0,라그로타,아메리카노
2023-08-08,3,8,Summer,0,0,0,라그로타,아메리카노
2023-08-09,0,8,Summer,0,0,0,라그로타,아메리카노
2023-08-10,0,8,Summer,0,0,0,라그로타,아메리카노
2023-08-11,0,8,Summer,0,0,0,라그로타,아메리카노
2023-08-12,1,8,Summer,1,0,1,라그로타,아메리카노
2023-08-13,3,8,Summer,1,0,1,라그로타,아메리카노
2023-08-14,0,8,Summer,0,0,0,라그로타,아메리카노
2023-08-15,2,8,Summer,0,1,1,라그로타,아메리카노
2023-08-16,1,8,Summer,0,0,0,라그로타,아메리카노
2023-08-17,2,8,Summer,0,0,0,라그로타,아메리카노
2023-08-18,0,8,Summer,0,0,0,라그로타,아메리카노
2023-08-19,0,8,Summer,1,0,1,라그로타,아메리카노
2023-08-20,0,8,Summer,1,0,1,라그로타,아메리카노
2023-08-21,0,8,Summer,0,0,0,라그로타,아메리카노
2023-08-22,1,8,Summer,0,0,0,라그로타,아메리카노
2023-08-23,0,8,Summer,0,0,0,라그로타,아메리카노
2023-08-24,3,8,Summer,0,0,0,라그로타,아메리카노
2023-08-25,1,8,Summer,0,0,0,라그로타,아메리카노
2023-08-26,0,8,Summer,1,0,1,라그로타,아메리카노
2023-08-27,0,8,Summer,1,0,1,라그로타,아메리카노
2023-08-28,0,8,Summer,0,0,0,라그로타,아메리카노
2023-08-29,0,8,Summer,0,0,0,라그로타,아메리카노
2023-08-30,0,8,Summer,0,0,0,라그로타,아메리카노
2023-08-31,0,8,Summer,0,0,0,라그로타,아메리카노
2023-09-01,0,9,Autumn,0,0,0,라그로타,아메리카노
2023-09-02,0,9,Autumn,1,0,1,라그로타,아메리카노
2023-09-03,1,9,Autumn,1,0,1,라그로타,아메리카노
2023-09-04,0,9,Autumn,0,0,0,라그로타,아메리카노
2023-09-05,0,9,Autumn,0,0,0,라그로타,아메리카노
2023-09-06,1,9,Autumn,0,0,0,라그로타,아메리카노
2023-09-07,0,9,Autumn,0,0,0,라그로타,아메리카노
2023-09-08,0,9,Autumn,0,0,0,라그로타,아메리카노
2023-09-09,0,9,Autumn,1,0,1,라그로타,아메리카노
2023-09-10,0,9,Autumn,1,0,1,라그로타,아메리카노
2023-09-11,0,9,Autumn,0,0,0,라그로타,아메리카노
2023-09-12,0,9,Autumn,0,0,0,라그로타,아메리카노
2023-09-13,0,9,Autumn,0,0,0,라그로타,아메리카노
2023-09-14,0,9,Autumn,0,0,0,라그로타,아메리카노
2023-09-15,4,9,Autumn,0,0,0,라그로타,아메리카노
2023-09-16,0,9,Autumn,1,0,1,라그로타,아메리카노
2023-09-17,1,9,Autumn,1,0,1,라그로타,아메리카노
2023-09-18,0,9,Autumn,0,0,0,라그로타,아메리카노
2023-09-19,2,9,Autumn,0,0,0,라그로타,아메리카노
2023-09-20,2,9,Autumn,0,0,0,라그로타,아메리카노
2023-09-21,1,9,Autumn,0,0,0,라그로타,아메리카노
2023-09-22,0,9,Autumn,0,0,0,라그로타,아메리카노
2023-09-23,1,9,Autumn,1,0,1,라그로타,아메리카노
2023-09-24,1,9,Autumn,1,0,1,라그로타,아메리카노
2023-09-25,0,9,Autumn,0,0,0,라그로타,아메리카노
2023-09-26,0,9,Autumn,0,0,0,라그로타,아메리카노
2023-09-27,0,9,Autumn,0,0,0,라그로타,아메리카노
2023-09-28,0,9,Autumn,0,1,1,라그로타,아메리카노
2023-09-29,2,9,Autumn,0,1,1,라그로타,아메리카노
2023-09-30,0,9,Autumn,1,1,1,라그로타,아메리카노
2023-10-01,0,10,Autumn,1,0,1,라그로타,아메리카노
2023-10-02,1,10,Autumn,0,1,1,라그로타,아메리카노
2023-10-03,0,10,Autumn,0,1,1,라그로타,아메리카노
2023-10-04,4,10,Autumn,0,0,0,라그로타,아메리카노
2023-10-05,0,10,Autumn,0,0,0,라그로타,아메리카노
2023-10-06,0,10,Autumn,0,0,0,라그로타,아메리카노
2023-10-07,2,10,Autumn,1,0,1,라그로타,아메리카노
2023-10-08,1,10,Autumn,1,0,1,라그로타,아메리카노
2023-10-09,0,10,Autumn,0,1,1,라그로타,아메리카노
2023-10-10,0,10,Autumn,0,0,0,라그로타,아메리카노
2023-10-11,6,10,Autumn,0,0,0,라그로타,아메리카노
2023-10-12,0,10,Autumn,0,0,0,라그로타,아메리카노
2023-10-13,5,10,Autumn,0,0,0,라그로타,아메리카노
2023-10-14,2,10,Autumn,1,0,1,라그로타,아메리카노
2023-10-15,2,10,Autumn,1,0,1,라그로타,아메리카노
2023-10-16,0,10,Autumn,0,0,0,라그로타,아메리카노
2023-10-17,3,10,Autumn,0,0,0,라그로타,아메리카노
2023-10-18,0,10,Autumn,0,0,0,라그로타,아메리카노
2023-10-19,1,10,Autumn,0,0,0,라그로타,아메리카노
2023-10-20,1,10,Autumn,0,0,0,라그로타,아메리카노
2023-10-21,0,10,Autumn,1,0,1,라그로타,아메리카노
2023-10-22,0,10,Autumn,1,0,1,라그로타,아메리카노
2023-10-23,0,10,Autumn,0,0,0,라그로타,아메리카노
2023-10-24,0,10,Autumn,0,0,0,라그로타,아메리카노
2023-10-25,2,10,Autumn,0,0,0,라그로타,아메리카노
2023-10-26,0,10,Autumn,0,0,0,라그로타,아메리카노
2023-10-27,3,10,Autumn,0,0,0,라그로타,아메리카노
2023-10-28,3,10,Autumn,1,0,1,라그로타,아메리카노
2023-10-29,6,10,Autumn,1,0,1,라그로타,아메리카노
2023-10-30,0,10,Autumn,0,0,0,라그로타,아메리카노
2023-10-31,19,10,Autumn,0,0,0,라그로타,아메리카노
2023-11-01,0,11,Autumn,0,0,0,라그로타,아메리카노
2023-11-02,10,11,Autumn,0,0,0,라그로타,아메리카노
2023-11-03,9,11,Autumn,0,0,0,라그로타,아메리카노
2023-11-04,0,11,Autumn,1,0,1,라그로타,아메리카노
2023-11-05,0,11,Autumn,1,0,1,라그로타,아메리카노
2023-11-06,0,11,Autumn,0,0,0,라그로타,아메리카노
2023-11-07,0,11,Autumn,0,0,0,라그로타,아메리카노
2023-11-08,5,11,Autumn,0,0,0,라그로타,아메리카노
2023-11-09,3,11,Autumn,0,0,0,라그로타,아메리카노
2023-11-10,4,11,Autumn,0,0,0,라그로타,아메리카노
2023-11-11,0,11,Autumn,1,0,1,라그로타,아메리카노
2023-11-12,2,11,Autumn,1,0,1,라그로타,아메리카노
2023-11-13,0,11,Autumn,0,0,0,라그로타,아메리카노
2023-11-14,0,11,Autumn,0,0,0,라그로타,아메리카노
2023-11-15,1,11,Autumn,0,0,0,라그로타,아메리카노
2023-11-16,0,11,Autumn,0,0,0,라그로타,아메리카노
2023-11-17,3,11,Autumn,0,0,0,라그로타,아메리카노
2023-11-18,3,11,Autumn,1,0,1,라그로타,아메리카노
2023-11-19,3,11,Autumn,1,0,1,라그로타,아메리카노
2023-11-20,0,11,Autumn,0,0,0,라그로타,아메리카노
2023-11-21,0,11,Autumn,0,0,0,라그로타,아메리카노
2023-11-22,1,11,Autumn,0,0,0,라그로타,아메리카노
2023-11-23,0,11,Autumn,0,0,0,라그로타,아메리카노
2023-11-24,0,11,Autumn,0,0,0,라그로타,아메리카노
2023-11-25,0,11,Autumn,1,0,1,라그로타,아메리카노
2023-11-26,0,11,Autumn,1,0,1,라그로타,아메리카노
2023-11-27,0,11,Autumn,0,0,0,라그로타,아메리카노
2023-11-28,0,11,Autumn,0,0,0,라그로타,아메리카노
2023-11-29,0,11,Autumn,0,0,0,라그로타,아메리카노
2023-11-30,0,11,Autumn,0,0,0,라그로타,아메리카노
2023-12-01,0,12,Winter,0,0,0,라그로타,아메리카노
2023-12-02,0,12,Winter,1,0,1,라그로타,아메리카노
2023-12-03,0,12,Winter,1,0,1,라그로타,아메리카노
2023-12-04,0,12,Winter,0,0,0,라그로타,아메리카노
2023-12-05,0,12,Winter,0,0,0,라그로타,아메리카노
2023-12-06,0,12,Winter,0,0,0,라그로타,아메리카노
2023-12-07,0,12,Winter,0,0,0,라그로타,아메리카노
2023-12-08,0,12,Winter,0,0,0,라그로타,아메리카노
2023-12-09,1,12,Winter,1,0,1,라그로타,아메리카노
2023-12-10,1,12,Winter,1,0,1,라그로타,아메리카노
2023-12-11,0,12,Winter,0,0,0,라그로타,아메리카노
2023-12-12,1,12,Winter,0,0,0,라그로타,아메리카노
2023-12-13,4,12,Winter,0,0,0,라그로타,아메리카노
2023-12-14,0,12,Winter,0,0,0,라그로타,아메리카노
2023-12-15,0,12,Winter,0,0,0,라그로타,아메리카노
2023-12-16,0,12,Winter,1,0,1,라그로타,아메리카노
2023-12-17,1,12,Winter,1,0,1,라그로타,아메리카노
2023-12-18,4,12,Winter,0,0,0,라그로타,아메리카노
2023-12-19,1,12,Winter,0,0,0,라그로타,아메리카노
2023-12-20,0,12,Winter,0,0,0,라그로타,아메리카노
2023-12-21,1,12,Winter,0,0,0,라그로타,아메리카노
2023-12-22,2,12,Winter,0,0,0,라그로타,아메리카노
2023-12-23,2,12,Winter,1,0,1,라그로타,아메리카노
2023-12-24,1,12,Winter,1,0,1,라그로타,아메리카노
2023-12-25,0,12,Winter,0,1,1,라그로타,아메리카노
2023-12-26,0,12,Winter,0,0,0,라그로타,아메리카노
2023-12-27,0,12,Winter,0,0,0,라그로타,아메리카노
2023-12-28,1,12,Winter,0,0,0,라그로타,아메리카노
2023-12-29,1,12,Winter,0,0,0,라그로타,아메리카노
2023-12-30,0,12,Winter,1,0,1,라그로타,아메리카노
2023-12-31,2,12,Winter,1,0,1,라그로타,아메리카노
2024-01-01,1,1,Winter,0,1,1,라그로타,아메리카노
2024-01-02,0,1,Winter,0,0,0,라그로타,아메리카노
2024-01-03,0,1,Winter,0,0,0,라그로타,아메리카노
2024-01-04,0,1,Winter,0,0,0,라그로타,아메리카노
2024-01-05,0,1,Winter,0,0,0,라그로타,아메리카노
2024-01-06,0,1,Winter,1,0,1,라그로타,아메리카노
2024-01-07,1,1,Winter,1,0,1,라그로타,아메리카노
2024-01-08,0,1,Winter,0,0,0,라그로타,아메리카노
2024-01-09,0,1,Winter,0,0,0,라그로타,아메리카노
2024-01-10,12,1,Winter,0,0,0,라그로타,아메리카노
2024-01-11,0,1,Winter,0,0,0,라그로타,아메리카노
2024-01-12,0,1,Winter,0,0,0,라그로타,아메리카노
2024-01-13,1,1,Winter,1,0,1,라그로타,아메리카노
2024-01-14,0,1,Winter,1,0,1,라그로타,아메리카노
2024-01-15,0,1,Winter,0,0,0,라그로타,아메리카노
2024-01-16,2,1,Winter,0,0,0,라그로타,아메리카노
2024-01-17,0,1,Winter,0,0,0,라그로타,아메리카노
2024-01-18,3,1,Winter,0,0,0,라그로타,아메리카노
2024-01-19,0,1,Winter,0,0,0,라그로타,아메리카노
2024-01-20,0,1,Winter,1,0,1,라그로타,아메리카노
2024-01-21,4,1,Winter,1,0,1,라그로타,아메리카노
2024-01-22,0,1,Winter,0,0,0,라그로타,아메리카노
2024-01-23,0,1,Winter,0,0,0,라그로타,아메리카노
2024-01-24,0,1,Winter,0,0,0,라그로타,아메리카노
2024-01-25,0,1,Winter,0,0,0,라그로타,아메리카노
2024-01-26,0,1,Winter,0,0,0,라그로타,아메리카노
2024-01-27,0,1,Winter,1,0,1,라그로타,아메리카노
2024-01-28,0,1,Winter,1,0,1,라그로타,아메리카노
2024-01-29,0,1,Winter,0,0,0,라그로타,아메리카노
2024-01-30,4,1,Winter,0,0,0,라그로타,아메리카노
2024-01-31,0,1,Winter,0,0,0,라그로타,아메리카노
2024-02-01,0,2,Winter,0,0,0,라그로타,아메리카노
2024-02-02,0,2,Winter,0,0,0,라그로타,아메리카노
2024-02-03,1,2,Winter,1,0,1,라그로타,아메리카노
2024-02-04,1,2,Winter,1,0,1,라그로타,아메리카노
2024-02-05,0,2,Winter,0,0,0,라그로타,아메리카노
2024-02-06,0,2,Winter,0,0,0,라그로타,아메리카노
2024-02-07,0,2,Winter,0,0,0,라그로타,아메리카노
2024-02-08,0,2,Winter,0,0,0,라그로타,아메리카노
2024-02-09,2,2,Winter,0,1,1,라그로타,아메리카노
2024-02-10,0,2,Winter,1,1,1,라그로타,아메리카노
2024-02-11,1,2,Winter,1,1,1,라그로타,아메리카노
2024-02-12,1,2,Winter,0,1,1,라그로타,아메리카노
2024-02-13,0,2,Winter,0,0,0,라그로타,아메리카노
2024-02-14,0,2,Winter,0,0,0,라그로타,아메리카노
2024-02-15,0,2,Winter,0,0,0,라그로타,아메리카노
2024-02-16,1,2,Winter,0,0,0,라그로타,아메리카노
2024-02-17,1,2,Winter,1,0,1,라그로타,아메리카노
2024-02-18,0,2,Winter,1,0,1,라그로타,아메리카노
2024-02-19,0,2,Winter,0,0,0,라그로타,아메리카노
2024-02-20,0,2,Winter,0,0,0,라그로타,아메리카노
2024-02-21,0,2,Winter,0,0,0,라그로타,아메리카노
2024-02-22,1,2,Winter,0,0,0,라그로타,아메리카노
2024-02-23,0,2,Winter,0,0,0,라그로타,아메리카노
2024-02-24,1,2,Winter,1,0,1,라그로타,아메리카노
2024-02-25,3,2,Winter,1,0,1,라그로타,아메리카노
2024-02-26,0,2,Winter,0,0,0,라그로타,아메리카노
2024-02-27,0,2,Winter,0,0,0,라그로타,아메리카노
2024-02-28,0,2,Winter,0,0,0,라그로타,아메리카노
2024-02-29,0,2,Winter,0,0,0,라그로타,아메리카노
2024-03-01,1,3,Spring,0,1,1,라그로타,아메리카노
2024-03-02,0,3,Spring,1,0,1,라그로타,아메리카노
2024-03-03,0,3,Spring,1,0,1,라그로타,아메리카노
2024-03-04,0,3,Spring,0,0,0,라그로타,아메리카노
2024-03-05,0,3,Spring,0,0,0,라그로타,아메리카노
2024-03-06,0,3,Spring,0,0,0,라그로타,아메리카노
2024-03-07,0,3,Spring,0,0,0,라그로타,아메리카노
2024-03-08,0,3,Spring,0,0,0,라그로타,아메리카노
2024-03-09,0,3,Spring,1,0,1,라그로타,아메리카노
2024-03-10,0,3,Spring,1,0,1,라그로타,아메리카노
2024-03-11,0,3,Spring,0,0,0,라그로타,아메리카노
2024-03-12,0,3,Spring,0,0,0,라그로타,아메리카노
2024-03-13,0,3,Spring,0,0,0,라그로타,아메리카노
2024-03-14,0,3,Spring,0,0,0,라그로타,아메리카노
2024-03-15,1,3,Spring,0,0,0,라그로타,아메리카노
2024-03-16,0,3,Spring,1,0,1,라그로타,아메리카노
2024-03-17,0,3,Spring,1,0,1,라그로타,아메리카노
2024-03-18,0,3,Spring,0,0,0,라그로타,아메리카노
2024-03-19,0,3,Spring,0,0,0,라그로타,아메리카노
2024-03-20,1,3,Spring,0,0,0,라그로타,아메리카노
2024-03-21,0,3,Spring,0,0,0,라그로타,아메리카노
2024-03-22,2,3,Spring,0,0,0,라그로타,아메리카노
2024-03-23,4,3,Spring,1,0,1,라그로타,아메리카노
2024-03-24,1,3,Spring,1,0,1,라그로타,아메리카노
2024-03-25,0,3,Spring,0,0,0,라그로타,아메리카노
2024-03-26,0,3,Spring,0,0,0,라그로타,아메리카노
2024-03-27,0,3,Spring,0,0,0,라그로타,아메리카노
2024-03-28,0,3,Spring,0,0,0,라그로타,아메리카노
2024-03-29,0,3,Spring,0,0,0,라그로타,아메리카노
2024-03-30,5,3,Spring,1,0,1,라그로타,아메리카노
2024-03-31,0,3,Spring,1,0,1,라그로타,아메리카노
2024-04-01,0,4,Spring,0,0,0,라그로타,아메리카노
2024-04-02,1,4,Spring,0,0,0,라그로타,아메리카노
2024-04-03,2,4,Spring,0,0,0,라그로타,아메리카노
2024-04-04,3,4,Spring,0,0,0,라그로타,아메리카노
2024-04-05,0,4,Spring,0,0,0,라그로타,아메리카노
2024-04-06,0,4,Spring,1,0,1,라그로타,아메리카노
2024-04-07,0,4,Spring,1,0,1,라그로타,아메리카노
2024-04-08,0,4,Spring,0,0,0,라그로타,아메리카노
2024-04-09,0,4,Spring,0,0,0,라그로타,아메리카노
2024-04-10,0,4,Spring,0,1,1,라그로타,아메리카노
2024-04-11,1,4,Spring,0,0,0,라그로타,아메리카노
2024-04-12,0,4,Spring,0,0,0,라그로타,아메리카노
2024-04-13,0,4,Spring,1,0,1,라그로타,아메리카노
2024-04-14,1,4,Spring,1,0,1,라그로타,아메리카노
2024-04-15,0,4,Spring,0,0,0,라그로타,아메리카노
2024-04-16,0,4,Spring,0,0,0,라그로타,아메리카노
2024-04-17,2,4,Spring,0,0,0,라그로타,아메리카노
2024-04-18,1,4,Spring,0,0,0,라그로타,아메리카노
2024-04-19,18,4,Spring,0,0,0,라그로타,아메리카노
2024-04-20,0,4,Spring,1,0,1,라그로타,아메리카노
2024-04-21,2,4,Spring,1,0,1,라그로타,아메리카노
2024-04-22,0,4,Spring,0,0,0,라그로타,아메리카노
2024-04-23,0,4,Spring,0,0,0,라그로타,아메리카노
2024-04-24,0,4,Spring,0,0,0,라그로타,아메리카노
2024-04-25,0,4,Spring,0,0,0,라그로타,아메리카노
2024-04-26,3,4,Spring,0,0,0,라그로타,아메리카노
2024-04-27,0,4,Spring,1,0,1,라그로타,아메리카노
2024-04-28,0,4,Spring,1,0,1,라그로타,아메리카노
2024-04-29,0,4,Spring,0,0,0,라그로타,아메리카노
2024-04-30,2,4,Spring,0,0,0,라그로타,아메리카노
2024-05-01,0,5,Spring,0,0,0,라그로타,아메리카노
2024-05-02,0,5,Spring,0,0,0,라그로타,아메리카노
2024-05-03,0,5,Spring,0,0,0,라그로타,아메리카노
2024-05-04,0,5,Spring,1,0,1,라그로타,아메리카노
2024-05-05,0,5,Spring,1,1,1,라그로타,아메리카노
2024-05-06,4,5,Spring,0,1,1,라그로타,아메리카노
2024-05-07,0,5,Spring,0,0,0,라그로타,아메리카노
2024-05-08,0,5,Spring,0,0,0,라그로타,아메리카노
2024-05-09,1,5,Spring,0,0,0,라그로타,아메리카노
2024-05-10,5,5,Spring,0,0,0,라그로타,아메리카노
2024-05-11,5,5,Spring,1,0,1,라그로타,아메리카노
2024-05-12,3,5,Spring,1,0,1,라그로타,아메리카노
2024-05-13,0,5,Spring,0,0,0,라그로타,아메리카노
2024-05-14,1,5,Spring,0,0,0,라그로타,아메리카노
2024-05-15,3,5,Spring,0,1,1,라그로타,아메리카노
2024-05-16,0,5,Spring,0,0,0,라그로타,아메리카노
2024-05-17,3,5,Spring,0,0,0,라그로타,아메리카노
2024-05-18,0,5,Spring,1,0,1,라그로타,아메리카노
2024-05-19,0,5,Spring,1,0,1,라그로타,아메리카노
2024-05-20,0,5,Spring,0,0,0,라그로타,아메리카노
2024-05-21,3,5,Spring,0,0,0,라그로타,아메리카노
2024-05-22,1,5,Spring,0,0,0,라그로타,아메리카노
2024-05-23,1,5,Spring,0,0,0,라그로타,아메리카노
2024-05-24,1,5,Spring,0,0,0,라그로타,아메리카노
2024-05-25,7,5,Spring,1,0,1,라그로타,아메리카노
2024-05-26,3,5,Spring,1,0,1,라그로타,아메리카노
2024-05-27,0,5,Spring,0,0,0,라그로타,아메리카노
2024-05-28,2,5,Spring,0,0,0,라그로타,아메리카노
2024-05-29,0,5,Spring,0,0,0,라그로타,아메리카노
2024-05-30,1,5,Spring,0,0,0,라그로타,아메리카노
2024-05-31,1,5,Spring,0,0,0,라그로타,아메리카노
2024-06-01,1,6,Summer,1,0,1,라그로타,아메리카노
2024-06-02,2,6,Summer,1,0,1,라그로타,아메리카노
2024-06-03,0,6,Summer,0,0,0,라그로타,아메리카노
2024-06-04,0,6,Summer,0,0,0,라그로타,아메리카노
2024-06-05,0,6,Summer,0,0,0,라그로타,아메리카노
2024-06-06,2,6,Summer,0,1,1,라그로타,아메리카노
2024-06-07,3,6,Summer,0,0,0,라그로타,아메리카노
2024-06-08,0,6,Summer,1,0,1,라그로타,아메리카노
2024-06-09,0,6,Summer,1,0,1,라그로타,아메리카노
2024-06-10,0,6,Summer,0,0,0,라그로타,아메리카노
2024-06-11,0,6,Summer,0,0,0,라그로타,아메리카노
2024-06-12,1,6,Summer,0,0,0,라그로타,아메리카노
2024-06-13,0,6,Summer,0,0,0,라그로타,아메리카노
2024-06-14,0,6,Summer,0,0,0,라그로타,아메리카노
2024-06-15,2,6,Summer,1,0,1,라그로타,아메리카노
2023-01-01,0,1,Winter,1,1,1,라그로타,알리오 에 올리오 
2023-01-02,0,1,Winter,0,0,0,라그로타,알리오 에 올리오 
2023-01-03,0,1,Winter,0,0,0,라그로타,알리오 에 올리오 
2023-01-04,0,1,Winter,0,0,0,라그로타,알리오 에 올리오 
2023-01-05,0,1,Winter,0,0,0,라그로타,알리오 에 올리오 
2023-01-06,0,1,Winter,0,0,0,라그로타,알리오 에 올리오 
2023-01-07,0,1,Winter,1,0,1,라그로타,알리오 에 올리오 
2023-01-08,0,1,Winter,1,0,1,라그로타,알리오 에 올리오 
2023-01-09,0,1,Winter,0,0,0,라그로타,알리오 에 올리오 
2023-01-10,0,1,Winter,0,0,0,라그로타,알리오 에 올리오 
2023-01-11,0,1,Winter,0,0,0,라그로타,알리오 에 올리오 
2023-01-12,0,1,Winter,0,0,0,라그로타,알리오 에 올리오 
2023-01-13,0,1,Winter,0,0,0,라그로타,알리오 에 올리오 
2023-01-14,0,1,Winter,1,0,1,라그로타,알리오 에 올리오 
2023-01-15,0,1,Winter,1,0,1,라그로타,알리오 에 올리오 
2023-01-16,0,1,Winter,0,0,0,라그로타,알리오 에 올리오 
2023-01-17,0,1,Winter,0,0,0,라그로타,알리오 에 올리오 
2023-01-18,0,1,Winter,0,0,0,라그로타,알리오 에 올리오 
2023-01-19,0,1,Winter,0,0,0,라그로타,알리오 에 올리오 
2023-01-20,0,1,Winter,0,0,0,라그로타,알리오 에 올리오 
2023-01-21,0,1,Winter,1,1,1,라그로타,알리오 에 올리오 
2023-01-22,0,1,Winter,1,1,1,라그로타,알리오 에 올리오 
2023-01-23,0,1,Winter,0,1,1,라그로타,알리오 에 올리오 
2023-01-24,0,1,Winter,0,1,1,라그로타,알리오 에 올리오 
2023-01-25,0,1,Winter,0,0,0,라그로타,알리오 에 올리오 
2023-01-26,0,1,Winter,0,0,0,라그로타,알리오 에 올리오 
2023-01-27,0,1,Winter,0,0,0,라그로타,알리오 에 올리오 
2023-01-28,0,1,Winter,1,0,1,라그로타,알리오 에 올리오 
2023-01-29,0,1,Winter,1,0,1,라그로타,알리오 에 올리오 
2023-01-30,0,1,Winter,0,0,0,라그로타,알리오 에 올리오 
2023-01-31,0,1,Winter,0,0,0,라그로타,알리오 에 올리오 
2023-02-01,0,2,Winter,0,0,0,라그로타,알리오 에 올리오 
2023-02-02,0,2,Winter,0,0,0,라그로타,알리오 에 올리오 
2023-02-03,0,2,Winter,0,0,0,라그로타,알리오 에 올리오 
2023-02-04,0,2,Winter,1,0,1,라그로타,알리오 에 올리오 
2023-02-05,0,2,Winter,1,0,1,라그로타,알리오 에 올리오 
2023-02-06,0,2,Winter,0,0,0,라그로타,알리오 에 올리오 
2023-02-07,0,2,Winter,0,0,0,라그로타,알리오 에 올리오 
2023-02-08,0,2,Winter,0,0,0,라그로타,알리오 에 올리오 
2023-02-09,0,2,Winter,0,0,0,라그로타,알리오 에 올리오 
2023-02-10,0,2,Winter,0,0,0,라그로타,알리오 에 올리오 
2023-02-11,0,2,Winter,1,0,1,라그로타,알리오 에 올리오 
2023-02-12,0,2,Winter,1,0,1,라그로타,알리오 에 올리오 
2023-02-13,0,2,Winter,0,0,0,라그로타,알리오 에 올리오 
2023-02-14,0,2,Winter,0,0,0,라그로타,알리오 에 올리오 
2023-02-15,0,2,Winter,0,0,0,라그로타,알리오 에 올리오 
2023-02-16,0,2,Winter,0,0,0,라그로타,알리오 에 올리오 
2023-02-17,0,2,Winter,0,0,0,라그로타,알리오 에 올리오 
2023-02-18,0,2,Winter,1,0,1,라그로타,알리오 에 올리오 
2023-02-19,0,2,Winter,1,0,1,라그로타,알리오 에 올리오 
2023-02-20,0,2,Winter,0,0,0,라그로타,알리오 에 올리오 
2023-02-21,0,2,Winter,0,0,0,라그로타,알리오 에 올리오 
2023-02-22,0,2,Winter,0,0,0,라그로타,알리오 에 올리오 
2023-02-23,0,2,Winter,0,0,0,라그로타,알리오 에 올리오 
2023-02-24,0,2,Winter,0,0,0,라그로타,알리오 에 올리오 
2023-02-25,0,2,Winter,1,0,1,라그로타,알리오 에 올리오 
2023-02-26,0,2,Winter,1,0,1,라그로타,알리오 에 올리오 
2023-02-27,0,2,Winter,0,0,0,라그로타,알리오 에 올리오 
2023-02-28,0,2,Winter,0,0,0,라그로타,알리오 에 올리오 
2023-03-01,0,3,Spring,0,1,1,라그로타,알리오 에 올리오 
2023-03-02,0,3,Spring,0,0,0,라그로타,알리오 에 올리오 
2023-03-03,0,3,Spring,0,0,0,라그로타,알리오 에 올리오 
2023-03-04,0,3,Spring,1,0,1,라그로타,알리오 에 올리오 
2023-03-05,0,3,Spring,1,0,1,라그로타,알리오 에 올리오 
2023-03-06,0,3,Spring,0,0,0,라그로타,알리오 에 올리오 
2023-03-07,0,3,Spring,0,0,0,라그로타,알리오 에 올리오 
2023-03-08,0,3,Spring,0,0,0,라그로타,알리오 에 올리오 
2023-03-09,0,3,Spring,0,0,0,라그로타,알리오 에 올리오 
2023-03-10,0,3,Spring,0,0,0,라그로타,알리오 에 올리오 
2023-03-11,0,3,Spring,1,0,1,라그로타,알리오 에 올리오 
2023-03-12,0,3,Spring,1,0,1,라그로타,알리오 에 올리오 
2023-03-13,0,3,Spring,0,0,0,라그로타,알리오 에 올리오 
2023-03-14,0,3,Spring,0,0,0,라그로타,알리오 에 올리오 
2023-03-15,0,3,Spring,0,0,0,라그로타,알리오 에 올리오 
2023-03-16,0,3,Spring,0,0,0,라그로타,알리오 에 올리오 
2023-03-17,0,3,Spring,0,0,0,라그로타,알리오 에 올리오 
2023-03-18,0,3,Spring,1,0,1,라그로타,알리오 에 올리오 
2023-03-19,0,3,Spring,1,0,1,라그로타,알리오 에 올리오 
2023-03-20,0,3,Spring,0,0,0,라그로타,알리오 에 올리오 
2023-03-21,0,3,Spring,0,0,0,라그로타,알리오 에 올리오 
2023-03-22,0,3,Spring,0,0,0,라그로타,알리오 에 올리오 
2023-03-23,0,3,Spring,0,0,0,라그로타,알리오 에 올리오 
2023-03-24,0,3,Spring,0,0,0,라그로타,알리오 에 올리오 
2023-03-25,0,3,Spring,1,0,1,라그로타,알리오 에 올리오 
2023-03-26,0,3,Spring,1,0,1,라그로타,알리오 에 올리오 
2023-03-27,0,3,Spring,0,0,0,라그로타,알리오 에 올리오 
2023-03-28,0,3,Spring,0,0,0,라그로타,알리오 에 올리오 
2023-03-29,0,3,Spring,0,0,0,라그로타,알리오 에 올리오 
2023-03-30,0,3,Spring,0,0,0,라그로타,알리오 에 올리오 
2023-03-31,0,3,Spring,0,0,0,라그로타,알리오 에 올리오 
2023-04-01,0,4,Spring,1,0,1,라그로타,알리오 에 올리오 
2023-04-02,0,4,Spring,1,0,1,라그로타,알리오 에 올리오 
2023-04-03,0,4,Spring,0,0,0,라그로타,알리오 에 올리오 
2023-04-04,0,4,Spring,0,0,0,라그로타,알리오 에 올리오 
2023-04-05,0,4,Spring,0,0,0,라그로타,알리오 에 올리오 
2023-04-06,0,4,Spring,0,0,0,라그로타,알리오 에 올리오 
2023-04-07,0,4,Spring,0,0,0,라그로타,알리오 에 올리오 
2023-04-08,0,4,Spring,1,0,1,라그로타,알리오 에 올리오 
2023-04-09,0,4,Spring,1,0,1,라그로타,알리오 에 올리오 
2023-04-10,0,4,Spring,0,0,0,라그로타,알리오 에 올리오 
2023-04-11,0,4,Spring,0,0,0,라그로타,알리오 에 올리오 
2023-04-12,0,4,Spring,0,0,0,라그로타,알리오 에 올리오 
2023-04-13,0,4,Spring,0,0,0,라그로타,알리오 에 올리오 
2023-04-14,0,4,Spring,0,0,0,라그로타,알리오 에 올리오 
2023-04-15,0,4,Spring,1,0,1,라그로타,알리오 에 올리오 
2023-04-16,0,4,Spring,1,0,1,라그로타,알리오 에 올리오 
2023-04-17,0,4,Spring,0,0,0,라그로타,알리오 에 올리오 
2023-04-18,0,4,Spring,0,0,0,라그로타,알리오 에 올리오 
2023-04-19,0,4,Spring,0,0,0,라그로타,알리오 에 올리오 
2023-04-20,0,4,Spring,0,0,0,라그로타,알리오 에 올리오 
2023-04-21,0,4,Spring,0,0,0,라그로타,알리오 에 올리오 
2023-04-22,0,4,Spring,1,0,1,라그로타,알리오 에 올리오 
2023-04-23,0,4,Spring,1,0,1,라그로타,알리오 에 올리오 
2023-04-24,0,4,Spring,0,0,0,라그로타,알리오 에 올리오 
2023-04-25,0,4,Spring,0,0,0,라그로타,알리오 에 올리오 
2023-04-26,0,4,Spring,0,0,0,라그로타,알리오 에 올리오 
2023-04-27,0,4,Spring,0,0,0,라그로타,알리오 에 올리오 
2023-04-28,0,4,Spring,0,0,0,라그로타,알리오 에 올리오 
2023-04-29,0,4,Spring,1,0,1,라그로타,알리오 에 올리오 
2023-04-30,0,4,Spring,1,0,1,라그로타,알리오 에 올리오 
2023-05-01,0,5,Spring,0,0,0,라그로타,알리오 에 올리오 
2023-05-02,0,5,Spring,0,0,0,라그로타,알리오 에 올리오 
2023-05-03,0,5,Spring,0,0,0,라그로타,알리오 에 올리오 
2023-05-04,0,5,Spring,0,0,0,라그로타,알리오 에 올리오 
2023-05-05,0,5,Spring,0,1,1,라그로타,알리오 에 올리오 
2023-05-06,0,5,Spring,1,0,1,라그로타,알리오 에 올리오 
2023-05-07,0,5,Spring,1,0,1,라그로타,알리오 에 올리오 
2023-05-08,0,5,Spring,0,0,0,라그로타,알리오 에 올리오 
2023-05-09,0,5,Spring,0,0,0,라그로타,알리오 에 올리오 
2023-05-10,0,5,Spring,0,0,0,라그로타,알리오 에 올리오 
2023-05-11,0,5,Spring,0,0,0,라그로타,알리오 에 올리오 
2023-05-12,0,5,Spring,0,0,0,라그로타,알리오 에 올리오 
2023-05-13,0,5,Spring,1,0,1,라그로타,알리오 에 올리오 
2023-05-14,0,5,Spring,1,0,1,라그로타,알리오 에 올리오 
2023-05-15,0,5,Spring,0,0,0,라그로타,알리오 에 올리오 
2023-05-16,0,5,Spring,0,0,0,라그로타,알리오 에 올리오 
2023-05-17,0,5,Spring,0,0,0,라그로타,알리오 에 올리오 
2023-05-18,0,5,Spring,0,0,0,라그로타,알리오 에 올리오 
2023-05-19,0,5,Spring,0,0,0,라그로타,알리오 에 올리오 
2023-05-20,0,5,Spring,1,0,1,라그로타,알리오 에 올리오 
2023-05-21,0,5,Spring,1,0,1,라그로타,알리오 에 올리오 
2023-05-22,0,5,Spring,0,0,0,라그로타,알리오 에 올리오 
2023-05-23,0,5,Spring,0,0,0,라그로타,알리오 에 올리오 
2023-05-24,0,5,Spring,0,0,0,라그로타,알리오 에 올리오 
2023-05-25,0,5,Spring,0,0,0,라그로타,알리오 에 올리오 
2023-05-26,0,5,Spring,0,0,0,라그로타,알리오 에 올리오 
2023-05-27,0,5,Spring,1,1,1,라그로타,알리오 에 올리오 
2023-05-28,0,5,Spring,1,0,1,라그로타,알리오 에 올리오 
2023-05-29,0,5,Spring,0,1,1,라그로타,알리오 에 올리오 
2023-05-30,0,5,Spring,0,0,0,라그로타,알리오 에 올리오 
2023-05-31,0,5,Spring,0,0,0,라그로타,알리오 에 올리오 
2023-06-01,0,6,Summer,0,0,0,라그로타,알리오 에 올리오 
2023-06-02,0,6,Summer,0,0,0,라그로타,알리오 에 올리오 
2023-06-03,0,6,Summer,1,0,1,라그로타,알리오 에 올리오 
2023-06-04,0,6,Summer,1,0,1,라그로타,알리오 에 올리오 
2023-06-05,0,6,Summer,0,0,0,라그로타,알리오 에 올리오 
2023-06-06,0,6,Summer,0,1,1,라그로타,알리오 에 올리오 
2023-06-07,0,6,Summer,0,0,0,라그로타,알리오 에 올리오 
2023-06-08,0,6,Summer,0,0,0,라그로타,알리오 에 올리오 
2023-06-09,0,6,Summer,0,0,0,라그로타,알리오 에 올리오 
2023-06-10,0,6,Summer,1,0,1,라그로타,알리오 에 올리오 
2023-06-11,0,6,Summer,1,0,1,라그로타,알리오 에 올리오 
2023-06-12,0,6,Summer,0,0,0,라그로타,알리오 에 올리오 
2023-06-13,0,6,Summer,0,0,0,라그로타,알리오 에 올리오 
2023-06-14,0,6,Summer,0,0,0,라그로타,알리오 에 올리오 
2023-06-15,0,6,Summer,0,0,0,라그로타,알리오 에 올리오 
2023-06-16,0,6,Summer,0,0,0,라그로타,알리오 에 올리오 
2023-06-17,0,6,Summer,1,0,1,라그로타,알리오 에 올리오 
2023-06-18,0,6,Summer,1,0,1,라그로타,알리오 에 올리오 
2023-06-19,0,6,Summer,0,0,0,라그로타,알리오 에 올리오 
2023-06-20,0,6,Summer,0,0,0,라그로타,알리오 에 올리오 
2023-06-21,0,6,Summer,0,0,0,라그로타,알리오 에 올리오 
2023-06-22,0,6,Summer,0,0,0,라그로타,알리오 에 올리오 
2023-06-23,0,6,Summer,0,0,0,라그로타,알리오 에 올리오 
2023-06-24,0,6,Summer,1,0,1,라그로타,알리오 에 올리오 
2023-06-25,0,6,Summer,1,0,1,라그로타,알리오 에 올리오 
2023-06-26,0,6,Summer,0,0,0,라그로타,알리오 에 올리오 
2023-06-27,0,6,Summer,0,0,0,라그로타,알리오 에 올리오 
2023-06-28,0,6,Summer,0,0,0,라그로타,알리오 에 올리오 
2023-06-29,0,6,Summer,0,0,0,라그로타,알리오 에 올리오 
2023-06-30,0,6,Summer,0,0,0,라그로타,알리오 에 올리오 
2023-07-01,0,7,Summer,1,0,1,라그로타,알리오 에 올리오 
2023-07-02,0,7,Summer,1,0,1,라그로타,알리오 에 올리오 
2023-07-03,0,7,Summer,0,0,0,라그로타,알리오 에 올리오 
2023-07-04,0,7,Summer,0,0,0,라그로타,알리오 에 올리오 
2023-07-05,0,7,Summer,0,0,0,라그로타,알리오 에 올리오 
2023-07-06,0,7,Summer,0,0,0,라그로타,알리오 에 올리오 
2023-07-07,0,7,Summer,0,0,0,라그로타,알리오 에 올리오 
2023-07-08,0,7,Summer,1,0,1,라그로타,알리오 에 올리오 
2023-07-09,0,7,Summer,1,0,1,라그로타,알리오 에 올리오 
2023-07-10,0,7,Summer,0,0,0,라그로타,알리오 에 올리오 
2023-07-11,0,7,Summer,0,0,0,라그로타,알리오 에 올리오 
2023-07-12,0,7,Summer,0,0,0,라그로타,알리오 에 올리오 
2023-07-13,0,7,Summer,0,0,0,라그로타,알리오 에 올리오 
2023-07-14,0,7,Summer,0,0,0,라그로타,알리오 에 올리오 
2023-07-15,0,7,Summer,1,0,1,라그로타,알리오 에 올리오 
2023-07-16,0,7,Summer,1,0,1,라그로타,알리오 에 올리오 
2023-07-17,0,7,Summer,0,0,0,라그로타,알리오 에 올리오 
2023-07-18,0,7,Summer,0,0,0,라그로타,알리오 에 올리오 
2023-07-19,0,7,Summer,0,0,0,라그로타,알리오 에 올리오 
2023-07-20,0,7,Summer,0,0,0,라그로타,알리오 에 올리오 
2023-07-21,0,7,Summer,0,0,0,라그로타,알리오 에 올리오 
2023-07-22,0,7,Summer,1,0,1,라그로타,알리오 에 올리오 
2023-07-23,0,7,Summer,1,0,1,라그로타,알리오 에 올리오 
2023-07-24,0,7,Summer,0,0,0,라그로타,알리오 에 올리오 
2023-07-25,0,7,Summer,0,0,0,라그로타,알리오 에 올리오 
2023-07-26,0,7,Summer,0,0,0,라그로타,알리오 에 올리오 
2023-07-27,0,7,Summer,0,0,0,라그로타,알리오 에 올리오 
2023-07-28,0,7,Summer,0,0,0,라그로타,알리오 에 올리오 
2023-07-29,0,7,Summer,1,0,1,라그로타,알리오 에 올리오 
2023-07-30,0,7,Summer,1,0,1,라그로타,알리오 에 올리오 
2023-07-31,0,7,Summer,0,0,0,라그로타,알리오 에 올리오 
2023-08-01,0,8,Summer,0,0,0,라그로타,알리오 에 올리오 
2023-08-02,0,8,Summer,0,0,0,라그로타,알리오 에 올리오 
2023-08-03,0,8,Summer,0,0,0,라그로타,알리오 에 올리오 
2023-08-04,0,8,Summer,0,0,0,라그로타,알리오 에 올리오 
2023-08-05,0,8,Summer,1,0,1,라그로타,알리오 에 올리오 
2023-08-06,0,8,Summer,1,0,1,라그로타,알리오 에 올리오 
2023-08-07,0,8,Summer,0,0,0,라그로타,알리오 에 올리오 
2023-08-08,0,8,Summer,0,0,0,라그로타,알리오 에 올리오 
2023-08-09,0,8,Summer,0,0,0,라그로타,알리오 에 올리오 
2023-08-10,0,8,Summer,0,0,0,라그로타,알리오 에 올리오 
2023-08-11,0,8,Summer,0,0,0,라그로타,알리오 에 올리오 
2023-08-12,0,8,Summer,1,0,1,라그로타,알리오 에 올리오 
2023-08-13,0,8,Summer,1,0,1,라그로타,알리오 에 올리오 
2023-08-14,0,8,Summer,0,0,0,라그로타,알리오 에 올리오 
2023-08-15,0,8,Summer,0,1,1,라그로타,알리오 에 올리오 
2023-08-16,0,8,Summer,0,0,0,라그로타,알리오 에 올리오 
2023-08-17,0,8,Summer,0,0,0,라그로타,알리오 에 올리오 
2023-08-18,0,8,Summer,0,0,0,라그로타,알리오 에 올리오 
2023-08-19,0,8,Summer,1,0,1,라그로타,알리오 에 올리오 
2023-08-20,0,8,Summer,1,0,1,라그로타,알리오 에 올리오 
2023-08-21,0,8,Summer,0,0,0,라그로타,알리오 에 올리오 
2023-08-22,0,8,Summer,0,0,0,라그로타,알리오 에 올리오 
2023-08-23,0,8,Summer,0,0,0,라그로타,알리오 에 올리오 
2023-08-24,0,8,Summer,0,0,0,라그로타,알리오 에 올리오 
2023-08-25,0,8,Summer,0,0,0,라그로타,알리오 에 올리오 
2023-08-26,0,8,Summer,1,0,1,라그로타,알리오 에 올리오 
2023-08-27,0,8,Summer,1,0,1,라그로타,알리오 에 올리오 
2023-08-28,0,8,Summer,0,0,0,라그로타,알리오 에 올리오 
2023-08-29,0,8,Summer,0,0,0,라그로타,알리오 에 올리오 
2023-08-30,0,8,Summer,0,0,0,라그로타,알리오 에 올리오 
2023-08-31,0,8,Summer,0,0,0,라그로타,알리오 에 올리오 
2023-09-01,0,9,Autumn,0,0,0,라그로타,알리오 에 올리오 
2023-09-02,0,9,Autumn,1,0,1,라그로타,알리오 에 올리오 
2023-09-03,0,9,Autumn,1,0,1,라그로타,알리오 에 올리오 
2023-09-04,0,9,Autumn,0,0,0,라그로타,알리오 에 올리오 
2023-09-05,0,9,Autumn,0,0,0,라그로타,알리오 에 올리오 
2023-09-06,0,9,Autumn,0,0,0,라그로타,알리오 에 올리오 
2023-09-07,0,9,Autumn,0,0,0,라그로타,알리오 에 올리오 
2023-09-08,2,9,Autumn,0,0,0,라그로타,알리오 에 올리오 
2023-09-09,3,9,Autumn,1,0,1,라그로타,알리오 에 올리오 
2023-09-10,1,9,Autumn,1,0,1,라그로타,알리오 에 올리오 
2023-09-11,0,9,Autumn,0,0,0,라그로타,알리오 에 올리오 
2023-09-12,3,9,Autumn,0,0,0,라그로타,알리오 에 올리오 
2023-09-13,1,9,Autumn,0,0,0,라그로타,알리오 에 올리오 
2023-09-14,1,9,Autumn,0,0,0,라그로타,알리오 에 올리오 
2023-09-15,2,9,Autumn,0,0,0,라그로타,알리오 에 올리오 
2023-09-16,2,9,Autumn,1,0,1,라그로타,알리오 에 올리오 
2023-09-17,3,9,Autumn,1,0,1,라그로타,알리오 에 올리오 
2023-09-18,0,9,Autumn,0,0,0,라그로타,알리오 에 올리오 
2023-09-19,0,9,Autumn,0,0,0,라그로타,알리오 에 올리오 
2023-09-20,1,9,Autumn,0,0,0,라그로타,알리오 에 올리오 
2023-09-21,1,9,Autumn,0,0,0,라그로타,알리오 에 올리오 
2023-09-22,2,9,Autumn,0,0,0,라그로타,알리오 에 올리오 
2023-09-23,7,9,Autumn,1,0,1,라그로타,알리오 에 올리오 
2023-09-24,2,9,Autumn,1,0,1,라그로타,알리오 에 올리오 
2023-09-25,0,9,Autumn,0,0,0,라그로타,알리오 에 올리오 
2023-09-26,3,9,Autumn,0,0,0,라그로타,알리오 에 올리오 
2023-09-27,3,9,Autumn,0,0,0,라그로타,알리오 에 올리오 
2023-09-28,2,9,Autumn,0,1,1,라그로타,알리오 에 올리오 
2023-09-29,8,9,Autumn,0,1,1,라그로타,알리오 에 올리오 
2023-09-30,3,9,Autumn,1,1,1,라그로타,알리오 에 올리오 
2023-10-01,1,10,Autumn,1,0,1,라그로타,알리오 에 올리오 
2023-10-02,6,10,Autumn,0,1,1,라그로타,알리오 에 올리오 
2023-10-03,4,10,Autumn,0,1,1,라그로타,알리오 에 올리오 
2023-10-04,0,10,Autumn,0,0,0,라그로타,알리오 에 올리오 
2023-10-05,0,10,Autumn,0,0,0,라그로타,알리오 에 올리오 
2023-10-06,1,10,Autumn,0,0,0,라그로타,알리오 에 올리오 
2023-10-07,5,10,Autumn,1,0,1,라그로타,알리오 에 올리오 
2023-10-08,3,10,Autumn,1,0,1,라그로타,알리오 에 올리오 
2023-10-09,1,10,Autumn,0,1,1,라그로타,알리오 에 올리오 
2023-10-10,0,10,Autumn,0,0,0,라그로타,알리오 에 올리오 
2023-10-11,1,10,Autumn,0,0,0,라그로타,알리오 에 올리오 
2023-10-12,0,10,Autumn,0,0,0,라그로타,알리오 에 올리오 
2023-10-13,5,10,Autumn,0,0,0,라그로타,알리오 에 올리오 
2023-10-14,1,10,Autumn,1,0,1,라그로타,알리오 에 올리오 
2023-10-15,2,10,Autumn,1,0,1,라그로타,알리오 에 올리오 
2023-10-16,0,10,Autumn,0,0,0,라그로타,알리오 에 올리오 
2023-10-17,1,10,Autumn,0,0,0,라그로타,알리오 에 올리오 
2023-10-18,3,10,Autumn,0,0,0,라그로타,알리오 에 올리오 
2023-10-19,6,10,Autumn,0,0,0,라그로타,알리오 에 올리오 
2023-10-20,5,10,Autumn,0,0,0,라그로타,알리오 에 올리오 
2023-10-21,4,10,Autumn,1,0,1,라그로타,알리오 에 올리오 
2023-10-22,3,10,Autumn,1,0,1,라그로타,알리오 에 올리오 
2023-10-23,0,10,Autumn,0,0,0,라그로타,알리오 에 올리오 
2023-10-24,3,10,Autumn,0,0,0,라그로타,알리오 에 올리오 
2023-10-25,2,10,Autumn,0,0,0,라그로타,알리오 에 올리오 
2023-10-26,7,10,Autumn,0,0,0,라그로타,알리오 에 올리오 
2023-10-27,5,10,Autumn,0,0,0,라그로타,알리오 에 올리오 
2023-10-28,9,10,Autumn,1,0,1,라그로타,알리오 에 올리오 
2023-10-29,6,10,Autumn,1,0,1,라그로타,알리오 에 올리오 
2023-10-30,0,10,Autumn,0,0,0,라그로타,알리오 에 올리오 
2023-10-31,2,10,Autumn,0,0,0,라그로타,알리오 에 올리오 
2023-11-01,2,11,Autumn,0,0,0,라그로타,알리오 에 올리오 
2023-11-02,8,11,Autumn,0,0,0,라그로타,알리오 에 올리오 
2023-11-03,0,11,Autumn,0,0,0,라그로타,알리오 에 올리오 
2023-11-04,6,11,Autumn,1,0,1,라그로타,알리오 에 올리오 
2023-11-05,6,11,Autumn,1,0,1,라그로타,알리오 에 올리오 
2023-11-06,0,11,Autumn,0,0,0,라그로타,알리오 에 올리오 
2023-11-07,2,11,Autumn,0,0,0,라그로타,알리오 에 올리오 
2023-11-08,8,11,Autumn,0,0,0,라그로타,알리오 에 올리오 
2023-11-09,1,11,Autumn,0,0,0,라그로타,알리오 에 올리오 
2023-11-10,4,11,Autumn,0,0,0,라그로타,알리오 에 올리오 
2023-11-11,6,11,Autumn,1,0,1,라그로타,알리오 에 올리오 
2023-11-12,3,11,Autumn,1,0,1,라그로타,알리오 에 올리오 
2023-11-13,0,11,Autumn,0,0,0,라그로타,알리오 에 올리오 
2023-11-14,0,11,Autumn,0,0,0,라그로타,알리오 에 올리오 
2023-11-15,4,11,Autumn,0,0,0,라그로타,알리오 에 올리오 
2023-11-16,4,11,Autumn,0,0,0,라그로타,알리오 에 올리오 
2023-11-17,8,11,Autumn,0,0,0,라그로타,알리오 에 올리오 
2023-11-18,12,11,Autumn,1,0,1,라그로타,알리오 에 올리오 
2023-11-19,4,11,Autumn,1,0,1,라그로타,알리오 에 올리오 
2023-11-20,0,11,Autumn,0,0,0,라그로타,알리오 에 올리오 
2023-11-21,9,11,Autumn,0,0,0,라그로타,알리오 에 올리오 
2023-11-22,1,11,Autumn,0,0,0,라그로타,알리오 에 올리오 
2023-11-23,0,11,Autumn,0,0,0,라그로타,알리오 에 올리오 
2023-11-24,4,11,Autumn,0,0,0,라그로타,알리오 에 올리오 
2023-11-25,4,11,Autumn,1,0,1,라그로타,알리오 에 올리오 
2023-11-26,5,11,Autumn,1,0,1,라그로타,알리오 에 올리오 
2023-11-27,0,11,Autumn,0,0,0,라그로타,알리오 에 올리오 
2023-11-28,1,11,Autumn,0,0,0,라그로타,알리오 에 올리오 
2023-11-29,2,11,Autumn,0,0,0,라그로타,알리오 에 올리오 
2023-11-30,0,11,Autumn,0,0,0,라그로타,알리오 에 올리오 
2023-12-01,2,12,Winter,0,0,0,라그로타,알리오 에 올리오 
2023-12-02,4,12,Winter,1,0,1,라그로타,알리오 에 올리오 
2023-12-03,2,12,Winter,1,0,1,라그로타,알리오 에 올리오 
2023-12-04,0,12,Winter,0,0,0,라그로타,알리오 에 올리오 
2023-12-05,0,12,Winter,0,0,0,라그로타,알리오 에 올리오 
2023-12-06,1,12,Winter,0,0,0,라그로타,알리오 에 올리오 
2023-12-07,1,12,Winter,0,0,0,라그로타,알리오 에 올리오 
2023-12-08,2,12,Winter,0,0,0,라그로타,알리오 에 올리오 
2023-12-09,3,12,Winter,1,0,1,라그로타,알리오 에 올리오 
2023-12-10,3,12,Winter,1,0,1,라그로타,알리오 에 올리오 
2023-12-11,0,12,Winter,0,0,0,라그로타,알리오 에 올리오 
2023-12-12,1,12,Winter,0,0,0,라그로타,알리오 에 올리오 
2023-12-13,2,12,Winter,0,0,0,라그로타,알리오 에 올리오 
2023-12-14,2,12,Winter,0,0,0,라그로타,알리오 에 올리오 
2023-12-15,4,12,Winter,0,0,0,라그로타,알리오 에 올리오 
2023-12-16,2,12,Winter,1,0,1,라그로타,알리오 에 올리오 
2023-12-17,5,12,Winter,1,0,1,라그로타,알리오 에 올리오 
2023-12-18,0,12,Winter,0,0,0,라그로타,알리오 에 올리오 
2023-12-19,5,12,Winter,0,0,0,라그로타,알리오 에 올리오 
2023-12-20,3,12,Winter,0,0,0,라그로타,알리오 에 올리오 
2023-12-21,5,12,Winter,0,0,0,라그로타,알리오 에 올리오 
2023-12-22,6,12,Winter,0,0,0,라그로타,알리오 에 올리오 
2023-12-23,4,12,Winter,1,0,1,라그로타,알리오 에 올리오 
2023-12-24,9,12,Winter,1,0,1,라그로타,알리오 에 올리오 
2023-12-25,5,12,Winter,0,1,1,라그로타,알리오 에 올리오 
2023-12-26,5,12,Winter,0,0,0,라그로타,알리오 에 올리오 
2023-12-27,5,12,Winter,0,0,0,라그로타,알리오 에 올리오 
2023-12-28,6,12,Winter,0,0,0,라그로타,알리오 에 올리오 
2023-12-29,5,12,Winter,0,0,0,라그로타,알리오 에 올리오 
2023-12-30,4,12,Winter,1,0,1,라그로타,알리오 에 올리오 
2023-12-31,6,12,Winter,1,0,1,라그로타,알리오 에 올리오 
2024-01-01,6,1,Winter,0,1,1,라그로타,알리오 에 올리오 
2024-01-02,5,1,Winter,0,0,0,라그로타,알리오 에 올리오 
2024-01-03,1,1,Winter,0,0,0,라그로타,알리오 에 올리오 
2024-01-04,8,1,Winter,0,0,0,라그로타,알리오 에 올리오 
2024-01-05,4,1,Winter,0,0,0,라그로타,알리오 에 올리오 
2024-01-06,8,1,Winter,1,0,1,라그로타,알리오 에 올리오 
2024-01-07,6,1,Winter,1,0,1,라그로타,알리오 에 올리오 
2024-01-08,4,1,Winter,0,0,0,라그로타,알리오 에 올리오 
2024-01-09,7,1,Winter,0,0,0,라그로타,알리오 에 올리오 
2024-01-10,2,1,Winter,0,0,0,라그로타,알리오 에 올리오 
2024-01-11,6,1,Winter,0,0,0,라그로타,알리오 에 올리오 
2024-01-12,2,1,Winter,0,0,0,라그로타,알리오 에 올리오 
2024-01-13,10,1,Winter,1,0,1,라그로타,알리오 에 올리오 
2024-01-14,4,1,Winter,1,0,1,라그로타,알리오 에 올리오 
2024-01-15,5,1,Winter,0,0,0,라그로타,알리오 에 올리오 
2024-01-16,2,1,Winter,0,0,0,라그로타,알리오 에 올리오 
2024-01-17,2,1,Winter,0,0,0,라그로타,알리오 에 올리오 
2024-01-18,2,1,Winter,0,0,0,라그로타,알리오 에 올리오 
2024-01-19,5,1,Winter,0,0,0,라그로타,알리오 에 올리오 
2024-01-20,12,1,Winter,1,0,1,라그로타,알리오 에 올리오 
2024-01-21,5,1,Winter,1,0,1,라그로타,알리오 에 올리오 
2024-01-22,3,1,Winter,0,0,0,라그로타,알리오 에 올리오 
2024-01-23,6,1,Winter,0,0,0,라그로타,알리오 에 올리오 
2024-01-24,4,1,Winter,0,0,0,라그로타,알리오 에 올리오 
2024-01-25,0,1,Winter,0,0,0,라그로타,알리오 에 올리오 
2024-01-26,7,1,Winter,0,0,0,라그로타,알리오 에 올리오 
2024-01-27,9,1,Winter,1,0,1,라그로타,알리오 에 올리오 
2024-01-28,5,1,Winter,1,0,1,라그로타,알리오 에 올리오 
2024-01-29,2,1,Winter,0,0,0,라그로타,알리오 에 올리오 
2024-01-30,8,1,Winter,0,0,0,라그로타,알리오 에 올리오 
2024-01-31,0,1,Winter,0,0,0,라그로타,알리오 에 올리오 
2024-02-01,2,2,Winter,0,0,0,라그로타,알리오 에 올리오 
2024-02-02,7,2,Winter,0,0,0,라그로타,알리오 에 올리오 
2024-02-03,5,2,Winter,1,0,1,라그로타,알리오 에 올리오 
2024-02-04,6,2,Winter,1,0,1,라그로타,알리오 에 올리오 
2024-02-05,0,2,Winter,0,0,0,라그로타,알리오 에 올리오 
2024-02-06,1,2,Winter,0,0,0,라그로타,알리오 에 올리오 
2024-02-07,3,2,Winter,0,0,0,라그로타,알리오 에 올리오 
2024-02-08,5,2,Winter,0,0,0,라그로타,알리오 에 올리오 
2024-02-09,8,2,Winter,0,1,1,라그로타,알리오 에 올리오 
2024-02-10,7,2,Winter,1,1,1,라그로타,알리오 에 올리오 
2024-02-11,12,2,Winter,1,1,1,라그로타,알리오 에 올리오 
2024-02-12,6,2,Winter,0,1,1,라그로타,알리오 에 올리오 
2024-02-13,3,2,Winter,0,0,0,라그로타,알리오 에 올리오 
2024-02-14,5,2,Winter,0,0,0,라그로타,알리오 에 올리오 
2024-02-15,6,2,Winter,0,0,0,라그로타,알리오 에 올리오 
2024-02-16,5,2,Winter,0,0,0,라그로타,알리오 에 올리오 
2024-02-17,6,2,Winter,1,0,1,라그로타,알리오 에 올리오 
2024-02-18,1,2,Winter,1,0,1,라그로타,알리오 에 올리오 
2024-02-19,0,2,Winter,0,0,0,라그로타,알리오 에 올리오 
2024-02-20,1,2,Winter,0,0,0,라그로타,알리오 에 올리오 
2024-02-21,2,2,Winter,0,0,0,라그로타,알리오 에 올리오 
2024-02-22,3,2,Winter,0,0,0,라그로타,알리오 에 올리오 
2024-02-23,4,2,Winter,0,0,0,라그로타,알리오 에 올리오 
2024-02-24,7,2,Winter,1,0,1,라그로타,알리오 에 올리오 
2024-02-25,6,2,Winter,1,0,1,라그로타,알리오 에 올리오 
2024-02-26,0,2,Winter,0,0,0,라그로타,알리오 에 올리오 
2024-02-27,2,2,Winter,0,0,0,라그로타,알리오 에 올리오 
2024-02-28,0,2,Winter,0,0,0,라그로타,알리오 에 올리오 
2024-02-29,3,2,Winter,0,0,0,라그로타,알리오 에 올리오 
2024-03-01,2,3,Spring,0,1,1,라그로타,알리오 에 올리오 
2024-03-02,2,3,Spring,1,0,1,라그로타,알리오 에 올리오 
2024-03-03,0,3,Spring,1,0,1,라그로타,알리오 에 올리오 
2024-03-04,0,3,Spring,0,0,0,라그로타,알리오 에 올리오 
2024-03-05,0,3,Spring,0,0,0,라그로타,알리오 에 올리오 
2024-03-06,0,3,Spring,0,0,0,라그로타,알리오 에 올리오 
2024-03-07,0,3,Spring,0,0,0,라그로타,알리오 에 올리오 
2024-03-08,0,3,Spring,0,0,0,라그로타,알리오 에 올리오 
2024-03-09,0,3,Spring,1,0,1,라그로타,알리오 에 올리오 
2024-03-10,0,3,Spring,1,0,1,라그로타,알리오 에 올리오 
2024-03-11,0,3,Spring,0,0,0,라그로타,알리오 에 올리오 
2024-03-12,0,3,Spring,0,0,0,라그로타,알리오 에 올리오 
2024-03-13,3,3,Spring,0,0,0,라그로타,알리오 에 올리오 
2024-03-14,0,3,Spring,0,0,0,라그로타,알리오 에 올리오 
2024-03-15,0,3,Spring,0,0,0,라그로타,알리오 에 올리오 
2024-03-16,2,3,Spring,1,0,1,라그로타,알리오 에 올리오 
2024-03-17,0,3,Spring,1,0,1,라그로타,알리오 에 올리오 
2024-03-18,0,3,Spring,0,0,0,라그로타,알리오 에 올리오 
2024-03-19,1,3,Spring,0,0,0,라그로타,알리오 에 올리오 
2024-03-20,0,3,Spring,0,0,0,라그로타,알리오 에 올리오 
2024-03-21,0,3,Spring,0,0,0,라그로타,알리오 에 올리오 
2024-03-22,0,3,Spring,0,0,0,라그로타,알리오 에 올리오 
2024-03-23,6,3,Spring,1,0,1,라그로타,알리오 에 올리오 
2024-03-24,1,3,Spring,1,0,1,라그로타,알리오 에 올리오 
2024-03-25,0,3,Spring,0,0,0,라그로타,알리오 에 올리오 
2024-03-26,3,3,Spring,0,0,0,라그로타,알리오 에 올리오 
2024-03-27,2,3,Spring,0,0,0,라그로타,알리오 에 올리오 
2024-03-28,0,3,Spring,0,0,0,라그로타,알리오 에 올리오 
2024-03-29,1,3,Spring,0,0,0,라그로타,알리오 에 올리오 
2024-03-30,5,3,Spring,1,0,1,라그로타,알리오 에 올리오 
2024-03-31,4,3,Spring,1,0,1,라그로타,알리오 에 올리오 
2024-04-01,0,4,Spring,0,0,0,라그로타,알리오 에 올리오 
2024-04-02,10,4,Spring,0,0,0,라그로타,알리오 에 올리오 
2024-04-03,4,4,Spring,0,0,0,라그로타,알리오 에 올리오 
2024-04-04,2,4,Spring,0,0,0,라그로타,알리오 에 올리오 
2024-04-05,10,4,Spring,0,0,0,라그로타,알리오 에 올리오 
2024-04-06,1,4,Spring,1,0,1,라그로타,알리오 에 올리오 
2024-04-07,9,4,Spring,1,0,1,라그로타,알리오 에 올리오 
2024-04-08,0,4,Spring,0,0,0,라그로타,알리오 에 올리오 
2024-04-09,0,4,Spring,0,0,0,라그로타,알리오 에 올리오 
2024-04-10,2,4,Spring,0,1,1,라그로타,알리오 에 올리오 
2024-04-11,4,4,Spring,0,0,0,라그로타,알리오 에 올리오 
2024-04-12,5,4,Spring,0,0,0,라그로타,알리오 에 올리오 
2024-04-13,8,4,Spring,1,0,1,라그로타,알리오 에 올리오 
2024-04-14,6,4,Spring,1,0,1,라그로타,알리오 에 올리오 
2024-04-15,0,4,Spring,0,0,0,라그로타,알리오 에 올리오 
2024-04-16,3,4,Spring,0,0,0,라그로타,알리오 에 올리오 
2024-04-17,4,4,Spring,0,0,0,라그로타,알리오 에 올리오 
2024-04-18,2,4,Spring,0,0,0,라그로타,알리오 에 올리오 
2024-04-19,3,4,Spring,0,0,0,라그로타,알리오 에 올리오 
2024-04-20,2,4,Spring,1,0,1,라그로타,알리오 에 올리오 
2024-04-21,3,4,Spring,1,0,1,라그로타,알리오 에 올리오 
2024-04-22,0,4,Spring,0,0,0,라그로타,알리오 에 올리오 
2024-04-23,3,4,Spring,0,0,0,라그로타,알리오 에 올리오 
2024-04-24,3,4,Spring,0,0,0,라그로타,알리오 에 올리오 
2024-04-25,1,4,Spring,0,0,0,라그로타,알리오 에 올리오 
2024-04-26,8,4,Spring,0,0,0,라그로타,알리오 에 올리오 
2024-04-27,4,4,Spring,1,0,1,라그로타,알리오 에 올리오 
2024-04-28,7,4,Spring,1,0,1,라그로타,알리오 에 올리오 
2024-04-29,0,4,Spring,0,0,0,라그로타,알리오 에 올리오 
2024-04-30,4,4,Spring,0,0,0,라그로타,알리오 에 올리오 
2024-05-01,4,5,Spring,0,0,0,라그로타,알리오 에 올리오 
2024-05-02,5,5,Spring,0,0,0,라그로타,알리오 에 올리오 
2024-05-03,5,5,Spring,0,0,0,라그로타,알리오 에 올리오 
2024-05-04,4,5,Spring,1,0,1,라그로타,알리오 에 올리오 
2024-05-05,6,5,Spring,1,1,1,라그로타,알리오 에 올리오 
2024-05-06,0,5,Spring,0,1,1,라그로타,알리오 에 올리오 
2024-05-07,1,5,Spring,0,0,0,라그로타,알리오 에 올리오 
2024-05-08,4,5,Spring,0,0,0,라그로타,알리오 에 올리오 
2024-05-09,3,5,Spring,0,0,0,라그로타,알리오 에 올리오 
2024-05-10,2,5,Spring,0,0,0,라그로타,알리오 에 올리오 
2024-05-11,4,5,Spring,1,0,1,라그로타,알리오 에 올리오 
2024-05-12,0,5,Spring,1,0,1,라그로타,알리오 에 올리오 
2024-05-13,0,5,Spring,0,0,0,라그로타,알리오 에 올리오 
2024-05-14,0,5,Spring,0,0,0,라그로타,알리오 에 올리오 
2024-05-15,5,5,Spring,0,1,1,라그로타,알리오 에 올리오 
2024-05-16,1,5,Spring,0,0,0,라그로타,알리오 에 올리오 
2024-05-17,3,5,Spring,0,0,0,라그로타,알리오 에 올리오 
2024-05-18,2,5,Spring,1,0,1,라그로타,알리오 에 올리오 
2024-05-19,5,5,Spring,1,0,1,라그로타,알리오 에 올리오 
2024-05-20,0,5,Spring,0,0,0,라그로타,알리오 에 올리오 
2024-05-21,3,5,Spring,0,0,0,라그로타,알리오 에 올리오 
2024-05-22,5,5,Spring,0,0,0,라그로타,알리오 에 올리오 
2024-05-23,2,5,Spring,0,0,0,라그로타,알리오 에 올리오 
2024-05-24,4,5,Spring,0,0,0,라그로타,알리오 에 올리오 
2024-05-25,1,5,Spring,1,0,1,라그로타,알리오 에 올리오 
2024-05-26,0,5,Spring,1,0,1,라그로타,알리오 에 올리오 
2024-05-27,0,5,Spring,0,0,0,라그로타,알리오 에 올리오 
2024-05-28,0,5,Spring,0,0,0,라그로타,알리오 에 올리오 
2024-05-29,1,5,Spring,0,0,0,라그로타,알리오 에 올리오 
2024-05-30,6,5,Spring,0,0,0,라그로타,알리오 에 올리오 
2024-05-31,3,5,Spring,0,0,0,라그로타,알리오 에 올리오 
2024-06-01,5,6,Summer,1,0,1,라그로타,알리오 에 올리오 
2024-06-02,0,6,Summer,1,0,1,라그로타,알리오 에 올리오 
2024-06-03,0,6,Summer,0,0,0,라그로타,알리오 에 올리오 
2024-06-04,0,6,Summer,0,0,0,라그로타,알리오 에 올리오 
2024-06-05,4,6,Summer,0,0,0,라그로타,알리오 에 올리오 
2024-06-06,8,6,Summer,0,1,1,라그로타,알리오 에 올리오 
2024-06-07,2,6,Summer,0,0,0,라그로타,알리오 에 올리오 
2024-06-08,5,6,Summer,1,0,1,라그로타,알리오 에 올리오 
2024-06-09,2,6,Summer,1,0,1,라그로타,알리오 에 올리오 
2024-06-10,0,6,Summer,0,0,0,라그로타,알리오 에 올리오 
2024-06-11,1,6,Summer,0,0,0,라그로타,알리오 에 올리오 
2024-06-12,12,6,Summer,0,0,0,라그로타,알리오 에 올리오 
2024-06-13,1,6,Summer,0,0,0,라그로타,알리오 에 올리오 
2024-06-14,0,6,Summer,0,0,0,라그로타,알리오 에 올리오 
2024-06-15,2,6,Summer,1,0,1,라그로타,알리오 에 올리오 
2023-01-01,0,1,Winter,1,1,1,라그로타,양갈비 (4ps)
2023-01-02,0,1,Winter,0,0,0,라그로타,양갈비 (4ps)
2023-01-03,0,1,Winter,0,0,0,라그로타,양갈비 (4ps)
2023-01-04,0,1,Winter,0,0,0,라그로타,양갈비 (4ps)
2023-01-05,0,1,Winter,0,0,0,라그로타,양갈비 (4ps)
2023-01-06,0,1,Winter,0,0,0,라그로타,양갈비 (4ps)
2023-01-07,0,1,Winter,1,0,1,라그로타,양갈비 (4ps)
2023-01-08,0,1,Winter,1,0,1,라그로타,양갈비 (4ps)
2023-01-09,0,1,Winter,0,0,0,라그로타,양갈비 (4ps)
2023-01-10,0,1,Winter,0,0,0,라그로타,양갈비 (4ps)
2023-01-11,0,1,Winter,0,0,0,라그로타,양갈비 (4ps)
2023-01-12,0,1,Winter,0,0,0,라그로타,양갈비 (4ps)
2023-01-13,0,1,Winter,0,0,0,라그로타,양갈비 (4ps)
2023-01-14,0,1,Winter,1,0,1,라그로타,양갈비 (4ps)
2023-01-15,0,1,Winter,1,0,1,라그로타,양갈비 (4ps)
2023-01-16,0,1,Winter,0,0,0,라그로타,양갈비 (4ps)
2023-01-17,0,1,Winter,0,0,0,라그로타,양갈비 (4ps)
2023-01-18,0,1,Winter,0,0,0,라그로타,양갈비 (4ps)
2023-01-19,0,1,Winter,0,0,0,라그로타,양갈비 (4ps)
2023-01-20,0,1,Winter,0,0,0,라그로타,양갈비 (4ps)
2023-01-21,0,1,Winter,1,1,1,라그로타,양갈비 (4ps)
2023-01-22,0,1,Winter,1,1,1,라그로타,양갈비 (4ps)
2023-01-23,0,1,Winter,0,1,1,라그로타,양갈비 (4ps)
2023-01-24,0,1,Winter,0,1,1,라그로타,양갈비 (4ps)
2023-01-25,0,1,Winter,0,0,0,라그로타,양갈비 (4ps)
2023-01-26,0,1,Winter,0,0,0,라그로타,양갈비 (4ps)
2023-01-27,0,1,Winter,0,0,0,라그로타,양갈비 (4ps)
2023-01-28,0,1,Winter,1,0,1,라그로타,양갈비 (4ps)
2023-01-29,0,1,Winter,1,0,1,라그로타,양갈비 (4ps)
2023-01-30,0,1,Winter,0,0,0,라그로타,양갈비 (4ps)
2023-01-31,0,1,Winter,0,0,0,라그로타,양갈비 (4ps)
2023-02-01,0,2,Winter,0,0,0,라그로타,양갈비 (4ps)
2023-02-02,0,2,Winter,0,0,0,라그로타,양갈비 (4ps)
2023-02-03,0,2,Winter,0,0,0,라그로타,양갈비 (4ps)
2023-02-04,0,2,Winter,1,0,1,라그로타,양갈비 (4ps)
2023-02-05,0,2,Winter,1,0,1,라그로타,양갈비 (4ps)
2023-02-06,0,2,Winter,0,0,0,라그로타,양갈비 (4ps)
2023-02-07,0,2,Winter,0,0,0,라그로타,양갈비 (4ps)
2023-02-08,0,2,Winter,0,0,0,라그로타,양갈비 (4ps)
2023-02-09,0,2,Winter,0,0,0,라그로타,양갈비 (4ps)
2023-02-10,0,2,Winter,0,0,0,라그로타,양갈비 (4ps)
2023-02-11,0,2,Winter,1,0,1,라그로타,양갈비 (4ps)
2023-02-12,0,2,Winter,1,0,1,라그로타,양갈비 (4ps)
2023-02-13,0,2,Winter,0,0,0,라그로타,양갈비 (4ps)
2023-02-14,0,2,Winter,0,0,0,라그로타,양갈비 (4ps)
2023-02-15,0,2,Winter,0,0,0,라그로타,양갈비 (4ps)
2023-02-16,0,2,Winter,0,0,0,라그로타,양갈비 (4ps)
2023-02-17,0,2,Winter,0,0,0,라그로타,양갈비 (4ps)
2023-02-18,0,2,Winter,1,0,1,라그로타,양갈비 (4ps)
2023-02-19,0,2,Winter,1,0,1,라그로타,양갈비 (4ps)
2023-02-20,0,2,Winter,0,0,0,라그로타,양갈비 (4ps)
2023-02-21,0,2,Winter,0,0,0,라그로타,양갈비 (4ps)
2023-02-22,0,2,Winter,0,0,0,라그로타,양갈비 (4ps)
2023-02-23,0,2,Winter,0,0,0,라그로타,양갈비 (4ps)
2023-02-24,0,2,Winter,0,0,0,라그로타,양갈비 (4ps)
2023-02-25,0,2,Winter,1,0,1,라그로타,양갈비 (4ps)
2023-02-26,0,2,Winter,1,0,1,라그로타,양갈비 (4ps)
2023-02-27,0,2,Winter,0,0,0,라그로타,양갈비 (4ps)
2023-02-28,0,2,Winter,0,0,0,라그로타,양갈비 (4ps)
2023-03-01,0,3,Spring,0,1,1,라그로타,양갈비 (4ps)
2023-03-02,0,3,Spring,0,0,0,라그로타,양갈비 (4ps)
2023-03-03,0,3,Spring,0,0,0,라그로타,양갈비 (4ps)
2023-03-04,0,3,Spring,1,0,1,라그로타,양갈비 (4ps)
2023-03-05,0,3,Spring,1,0,1,라그로타,양갈비 (4ps)
2023-03-06,0,3,Spring,0,0,0,라그로타,양갈비 (4ps)
2023-03-07,0,3,Spring,0,0,0,라그로타,양갈비 (4ps)
2023-03-08,0,3,Spring,0,0,0,라그로타,양갈비 (4ps)
2023-03-09,0,3,Spring,0,0,0,라그로타,양갈비 (4ps)
2023-03-10,0,3,Spring,0,0,0,라그로타,양갈비 (4ps)
2023-03-11,0,3,Spring,1,0,1,라그로타,양갈비 (4ps)
2023-03-12,0,3,Spring,1,0,1,라그로타,양갈비 (4ps)
2023-03-13,0,3,Spring,0,0,0,라그로타,양갈비 (4ps)
2023-03-14,0,3,Spring,0,0,0,라그로타,양갈비 (4ps)
2023-03-15,0,3,Spring,0,0,0,라그로타,양갈비 (4ps)
2023-03-16,0,3,Spring,0,0,0,라그로타,양갈비 (4ps)
2023-03-17,0,3,Spring,0,0,0,라그로타,양갈비 (4ps)
2023-03-18,0,3,Spring,1,0,1,라그로타,양갈비 (4ps)
2023-03-19,0,3,Spring,1,0,1,라그로타,양갈비 (4ps)
2023-03-20,0,3,Spring,0,0,0,라그로타,양갈비 (4ps)
2023-03-21,0,3,Spring,0,0,0,라그로타,양갈비 (4ps)
2023-03-22,0,3,Spring,0,0,0,라그로타,양갈비 (4ps)
2023-03-23,0,3,Spring,0,0,0,라그로타,양갈비 (4ps)
2023-03-24,0,3,Spring,0,0,0,라그로타,양갈비 (4ps)
2023-03-25,0,3,Spring,1,0,1,라그로타,양갈비 (4ps)
2023-03-26,0,3,Spring,1,0,1,라그로타,양갈비 (4ps)
2023-03-27,0,3,Spring,0,0,0,라그로타,양갈비 (4ps)
2023-03-28,0,3,Spring,0,0,0,라그로타,양갈비 (4ps)
2023-03-29,0,3,Spring,0,0,0,라그로타,양갈비 (4ps)
2023-03-30,0,3,Spring,0,0,0,라그로타,양갈비 (4ps)
2023-03-31,0,3,Spring,0,0,0,라그로타,양갈비 (4ps)
2023-04-01,0,4,Spring,1,0,1,라그로타,양갈비 (4ps)
2023-04-02,0,4,Spring,1,0,1,라그로타,양갈비 (4ps)
2023-04-03,0,4,Spring,0,0,0,라그로타,양갈비 (4ps)
2023-04-04,0,4,Spring,0,0,0,라그로타,양갈비 (4ps)
2023-04-05,0,4,Spring,0,0,0,라그로타,양갈비 (4ps)
2023-04-06,0,4,Spring,0,0,0,라그로타,양갈비 (4ps)
2023-04-07,0,4,Spring,0,0,0,라그로타,양갈비 (4ps)
2023-04-08,0,4,Spring,1,0,1,라그로타,양갈비 (4ps)
2023-04-09,0,4,Spring,1,0,1,라그로타,양갈비 (4ps)
2023-04-10,0,4,Spring,0,0,0,라그로타,양갈비 (4ps)
2023-04-11,0,4,Spring,0,0,0,라그로타,양갈비 (4ps)
2023-04-12,0,4,Spring,0,0,0,라그로타,양갈비 (4ps)
2023-04-13,0,4,Spring,0,0,0,라그로타,양갈비 (4ps)
2023-04-14,0,4,Spring,0,0,0,라그로타,양갈비 (4ps)
2023-04-15,0,4,Spring,1,0,1,라그로타,양갈비 (4ps)
2023-04-16,0,4,Spring,1,0,1,라그로타,양갈비 (4ps)
2023-04-17,0,4,Spring,0,0,0,라그로타,양갈비 (4ps)
2023-04-18,0,4,Spring,0,0,0,라그로타,양갈비 (4ps)
2023-04-19,0,4,Spring,0,0,0,라그로타,양갈비 (4ps)
2023-04-20,0,4,Spring,0,0,0,라그로타,양갈비 (4ps)
2023-04-21,0,4,Spring,0,0,0,라그로타,양갈비 (4ps)
2023-04-22,0,4,Spring,1,0,1,라그로타,양갈비 (4ps)
2023-04-23,0,4,Spring,1,0,1,라그로타,양갈비 (4ps)
2023-04-24,0,4,Spring,0,0,0,라그로타,양갈비 (4ps)
2023-04-25,0,4,Spring,0,0,0,라그로타,양갈비 (4ps)
2023-04-26,0,4,Spring,0,0,0,라그로타,양갈비 (4ps)
2023-04-27,0,4,Spring,0,0,0,라그로타,양갈비 (4ps)
2023-04-28,0,4,Spring,0,0,0,라그로타,양갈비 (4ps)
2023-04-29,0,4,Spring,1,0,1,라그로타,양갈비 (4ps)
2023-04-30,0,4,Spring,1,0,1,라그로타,양갈비 (4ps)
2023-05-01,0,5,Spring,0,0,0,라그로타,양갈비 (4ps)
2023-05-02,0,5,Spring,0,0,0,라그로타,양갈비 (4ps)
2023-05-03,0,5,Spring,0,0,0,라그로타,양갈비 (4ps)
2023-05-04,0,5,Spring,0,0,0,라그로타,양갈비 (4ps)
2023-05-05,0,5,Spring,0,1,1,라그로타,양갈비 (4ps)
2023-05-06,0,5,Spring,1,0,1,라그로타,양갈비 (4ps)
2023-05-07,0,5,Spring,1,0,1,라그로타,양갈비 (4ps)
2023-05-08,0,5,Spring,0,0,0,라그로타,양갈비 (4ps)
2023-05-09,0,5,Spring,0,0,0,라그로타,양갈비 (4ps)
2023-05-10,0,5,Spring,0,0,0,라그로타,양갈비 (4ps)
2023-05-11,0,5,Spring,0,0,0,라그로타,양갈비 (4ps)
2023-05-12,0,5,Spring,0,0,0,라그로타,양갈비 (4ps)
2023-05-13,0,5,Spring,1,0,1,라그로타,양갈비 (4ps)
2023-05-14,0,5,Spring,1,0,1,라그로타,양갈비 (4ps)
2023-05-15,0,5,Spring,0,0,0,라그로타,양갈비 (4ps)
2023-05-16,0,5,Spring,0,0,0,라그로타,양갈비 (4ps)
2023-05-17,0,5,Spring,0,0,0,라그로타,양갈비 (4ps)
2023-05-18,0,5,Spring,0,0,0,라그로타,양갈비 (4ps)
2023-05-19,0,5,Spring,0,0,0,라그로타,양갈비 (4ps)
2023-05-20,0,5,Spring,1,0,1,라그로타,양갈비 (4ps)
2023-05-21,0,5,Spring,1,0,1,라그로타,양갈비 (4ps)
2023-05-22,0,5,Spring,0,0,0,라그로타,양갈비 (4ps)
2023-05-23,0,5,Spring,0,0,0,라그로타,양갈비 (4ps)
2023-05-24,0,5,Spring,0,0,0,라그로타,양갈비 (4ps)
2023-05-25,0,5,Spring,0,0,0,라그로타,양갈비 (4ps)
2023-05-26,0,5,Spring,0,0,0,라그로타,양갈비 (4ps)
2023-05-27,0,5,Spring,1,1,1,라그로타,양갈비 (4ps)
2023-05-28,0,5,Spring,1,0,1,라그로타,양갈비 (4ps)
2023-05-29,0,5,Spring,0,1,1,라그로타,양갈비 (4ps)
2023-05-30,0,5,Spring,0,0,0,라그로타,양갈비 (4ps)
2023-05-31,0,5,Spring,0,0,0,라그로타,양갈비 (4ps)
2023-06-01,0,6,Summer,0,0,0,라그로타,양갈비 (4ps)
2023-06-02,0,6,Summer,0,0,0,라그로타,양갈비 (4ps)
2023-06-03,0,6,Summer,1,0,1,라그로타,양갈비 (4ps)
2023-06-04,0,6,Summer,1,0,1,라그로타,양갈비 (4ps)
2023-06-05,0,6,Summer,0,0,0,라그로타,양갈비 (4ps)
2023-06-06,0,6,Summer,0,1,1,라그로타,양갈비 (4ps)
2023-06-07,0,6,Summer,0,0,0,라그로타,양갈비 (4ps)
2023-06-08,0,6,Summer,0,0,0,라그로타,양갈비 (4ps)
2023-06-09,0,6,Summer,0,0,0,라그로타,양갈비 (4ps)
2023-06-10,0,6,Summer,1,0,1,라그로타,양갈비 (4ps)
2023-06-11,0,6,Summer,1,0,1,라그로타,양갈비 (4ps)
2023-06-12,0,6,Summer,0,0,0,라그로타,양갈비 (4ps)
2023-06-13,0,6,Summer,0,0,0,라그로타,양갈비 (4ps)
2023-06-14,0,6,Summer,0,0,0,라그로타,양갈비 (4ps)
2023-06-15,0,6,Summer,0,0,0,라그로타,양갈비 (4ps)
2023-06-16,0,6,Summer,0,0,0,라그로타,양갈비 (4ps)
2023-06-17,0,6,Summer,1,0,1,라그로타,양갈비 (4ps)
2023-06-18,0,6,Summer,1,0,1,라그로타,양갈비 (4ps)
2023-06-19,0,6,Summer,0,0,0,라그로타,양갈비 (4ps)
2023-06-20,0,6,Summer,0,0,0,라그로타,양갈비 (4ps)
2023-06-21,0,6,Summer,0,0,0,라그로타,양갈비 (4ps)
2023-06-22,0,6,Summer,0,0,0,라그로타,양갈비 (4ps)
2023-06-23,0,6,Summer,0,0,0,라그로타,양갈비 (4ps)
2023-06-24,0,6,Summer,1,0,1,라그로타,양갈비 (4ps)
2023-06-25,0,6,Summer,1,0,1,라그로타,양갈비 (4ps)
2023-06-26,0,6,Summer,0,0,0,라그로타,양갈비 (4ps)
2023-06-27,0,6,Summer,0,0,0,라그로타,양갈비 (4ps)
2023-06-28,0,6,Summer,0,0,0,라그로타,양갈비 (4ps)
2023-06-29,0,6,Summer,0,0,0,라그로타,양갈비 (4ps)
2023-06-30,0,6,Summer,0,0,0,라그로타,양갈비 (4ps)
2023-07-01,0,7,Summer,1,0,1,라그로타,양갈비 (4ps)
2023-07-02,0,7,Summer,1,0,1,라그로타,양갈비 (4ps)
2023-07-03,0,7,Summer,0,0,0,라그로타,양갈비 (4ps)
2023-07-04,0,7,Summer,0,0,0,라그로타,양갈비 (4ps)
2023-07-05,0,7,Summer,0,0,0,라그로타,양갈비 (4ps)
2023-07-06,0,7,Summer,0,0,0,라그로타,양갈비 (4ps)
2023-07-07,0,7,Summer,0,0,0,라그로타,양갈비 (4ps)
2023-07-08,0,7,Summer,1,0,1,라그로타,양갈비 (4ps)
2023-07-09,0,7,Summer,1,0,1,라그로타,양갈비 (4ps)
2023-07-10,0,7,Summer,0,0,0,라그로타,양갈비 (4ps)
2023-07-11,0,7,Summer,0,0,0,라그로타,양갈비 (4ps)
2023-07-12,0,7,Summer,0,0,0,라그로타,양갈비 (4ps)
2023-07-13,0,7,Summer,0,0,0,라그로타,양갈비 (4ps)
2023-07-14,0,7,Summer,0,0,0,라그로타,양갈비 (4ps)
2023-07-15,0,7,Summer,1,0,1,라그로타,양갈비 (4ps)
2023-07-16,0,7,Summer,1,0,1,라그로타,양갈비 (4ps)
2023-07-17,0,7,Summer,0,0,0,라그로타,양갈비 (4ps)
2023-07-18,0,7,Summer,0,0,0,라그로타,양갈비 (4ps)
2023-07-19,0,7,Summer,0,0,0,라그로타,양갈비 (4ps)
2023-07-20,0,7,Summer,0,0,0,라그로타,양갈비 (4ps)
2023-07-21,0,7,Summer,0,0,0,라그로타,양갈비 (4ps)
2023-07-22,0,7,Summer,1,0,1,라그로타,양갈비 (4ps)
2023-07-23,0,7,Summer,1,0,1,라그로타,양갈비 (4ps)
2023-07-24,0,7,Summer,0,0,0,라그로타,양갈비 (4ps)
2023-07-25,0,7,Summer,0,0,0,라그로타,양갈비 (4ps)
2023-07-26,0,7,Summer,0,0,0,라그로타,양갈비 (4ps)
2023-07-27,0,7,Summer,0,0,0,라그로타,양갈비 (4ps)
2023-07-28,0,7,Summer,0,0,0,라그로타,양갈비 (4ps)
2023-07-29,0,7,Summer,1,0,1,라그로타,양갈비 (4ps)
2023-07-30,0,7,Summer,1,0,1,라그로타,양갈비 (4ps)
2023-07-31,0,7,Summer,0,0,0,라그로타,양갈비 (4ps)
2023-08-01,0,8,Summer,0,0,0,라그로타,양갈비 (4ps)
2023-08-02,0,8,Summer,0,0,0,라그로타,양갈비 (4ps)
2023-08-03,0,8,Summer,0,0,0,라그로타,양갈비 (4ps)
2023-08-04,0,8,Summer,0,0,0,라그로타,양갈비 (4ps)
2023-08-05,0,8,Summer,1,0,1,라그로타,양갈비 (4ps)
2023-08-06,0,8,Summer,1,0,1,라그로타,양갈비 (4ps)
2023-08-07,0,8,Summer,0,0,0,라그로타,양갈비 (4ps)
2023-08-08,0,8,Summer,0,0,0,라그로타,양갈비 (4ps)
2023-08-09,0,8,Summer,0,0,0,라그로타,양갈비 (4ps)
2023-08-10,0,8,Summer,0,0,0,라그로타,양갈비 (4ps)
2023-08-11,0,8,Summer,0,0,0,라그로타,양갈비 (4ps)
2023-08-12,0,8,Summer,1,0,1,라그로타,양갈비 (4ps)
2023-08-13,0,8,Summer,1,0,1,라그로타,양갈비 (4ps)
2023-08-14,0,8,Summer,0,0,0,라그로타,양갈비 (4ps)
2023-08-15,0,8,Summer,0,1,1,라그로타,양갈비 (4ps)
2023-08-16,0,8,Summer,0,0,0,라그로타,양갈비 (4ps)
2023-08-17,0,8,Summer,0,0,0,라그로타,양갈비 (4ps)
2023-08-18,0,8,Summer,0,0,0,라그로타,양갈비 (4ps)
2023-08-19,0,8,Summer,1,0,1,라그로타,양갈비 (4ps)
2023-08-20,0,8,Summer,1,0,1,라그로타,양갈비 (4ps)
2023-08-21,0,8,Summer,0,0,0,라그로타,양갈비 (4ps)
2023-08-22,0,8,Summer,0,0,0,라그로타,양갈비 (4ps)
2023-08-23,0,8,Summer,0,0,0,라그로타,양갈비 (4ps)
2023-08-24,0,8,Summer,0,0,0,라그로타,양갈비 (4ps)
2023-08-25,0,8,Summer,0,0,0,라그로타,양갈비 (4ps)
2023-08-26,0,8,Summer,1,0,1,라그로타,양갈비 (4ps)
2023-08-27,0,8,Summer,1,0,1,라그로타,양갈비 (4ps)
2023-08-28,0,8,Summer,0,0,0,라그로타,양갈비 (4ps)
2023-08-29,0,8,Summer,0,0,0,라그로타,양갈비 (4ps)
2023-08-30,0,8,Summer,0,0,0,라그로타,양갈비 (4ps)
2023-08-31,0,8,Summer,0,0,0,라그로타,양갈비 (4ps)
2023-09-01,0,9,Autumn,0,0,0,라그로타,양갈비 (4ps)
2023-09-02,0,9,Autumn,1,0,1,라그로타,양갈비 (4ps)
2023-09-03,0,9,Autumn,1,0,1,라그로타,양갈비 (4ps)
2023-09-04,0,9,Autumn,0,0,0,라그로타,양갈비 (4ps)
2023-09-05,0,9,Autumn,0,0,0,라그로타,양갈비 (4ps)
2023-09-06,0,9,Autumn,0,0,0,라그로타,양갈비 (4ps)
2023-09-07,0,9,Autumn,0,0,0,라그로타,양갈비 (4ps)
2023-09-08,0,9,Autumn,0,0,0,라그로타,양갈비 (4ps)
2023-09-09,0,9,Autumn,1,0,1,라그로타,양갈비 (4ps)
2023-09-10,1,9,Autumn,1,0,1,라그로타,양갈비 (4ps)
2023-09-11,0,9,Autumn,0,0,0,라그로타,양갈비 (4ps)
2023-09-12,0,9,Autumn,0,0,0,라그로타,양갈비 (4ps)
2023-09-13,0,9,Autumn,0,0,0,라그로타,양갈비 (4ps)
2023-09-14,1,9,Autumn,0,0,0,라그로타,양갈비 (4ps)
2023-09-15,0,9,Autumn,0,0,0,라그로타,양갈비 (4ps)
2023-09-16,0,9,Autumn,1,0,1,라그로타,양갈비 (4ps)
2023-09-17,0,9,Autumn,1,0,1,라그로타,양갈비 (4ps)
2023-09-18,0,9,Autumn,0,0,0,라그로타,양갈비 (4ps)
2023-09-19,1,9,Autumn,0,0,0,라그로타,양갈비 (4ps)
2023-09-20,0,9,Autumn,0,0,0,라그로타,양갈비 (4ps)
2023-09-21,0,9,Autumn,0,0,0,라그로타,양갈비 (4ps)
2023-09-22,2,9,Autumn,0,0,0,라그로타,양갈비 (4ps)
2023-09-23,1,9,Autumn,1,0,1,라그로타,양갈비 (4ps)
2023-09-24,0,9,Autumn,1,0,1,라그로타,양갈비 (4ps)
2023-09-25,0,9,Autumn,0,0,0,라그로타,양갈비 (4ps)
2023-09-26,1,9,Autumn,0,0,0,라그로타,양갈비 (4ps)
2023-09-27,1,9,Autumn,0,0,0,라그로타,양갈비 (4ps)
2023-09-28,0,9,Autumn,0,1,1,라그로타,양갈비 (4ps)
2023-09-29,0,9,Autumn,0,1,1,라그로타,양갈비 (4ps)
2023-09-30,0,9,Autumn,1,1,1,라그로타,양갈비 (4ps)
2023-10-01,0,10,Autumn,1,0,1,라그로타,양갈비 (4ps)
2023-10-02,0,10,Autumn,0,1,1,라그로타,양갈비 (4ps)
2023-10-03,0,10,Autumn,0,1,1,라그로타,양갈비 (4ps)
2023-10-04,0,10,Autumn,0,0,0,라그로타,양갈비 (4ps)
2023-10-05,0,10,Autumn,0,0,0,라그로타,양갈비 (4ps)
2023-10-06,1,10,Autumn,0,0,0,라그로타,양갈비 (4ps)
2023-10-07,0,10,Autumn,1,0,1,라그로타,양갈비 (4ps)
2023-10-08,1,10,Autumn,1,0,1,라그로타,양갈비 (4ps)
2023-10-09,0,10,Autumn,0,1,1,라그로타,양갈비 (4ps)
2023-10-10,0,10,Autumn,0,0,0,라그로타,양갈비 (4ps)
2023-10-11,0,10,Autumn,0,0,0,라그로타,양갈비 (4ps)
2023-10-12,1,10,Autumn,0,0,0,라그로타,양갈비 (4ps)
2023-10-13,0,10,Autumn,0,0,0,라그로타,양갈비 (4ps)
2023-10-14,0,10,Autumn,1,0,1,라그로타,양갈비 (4ps)
2023-10-15,1,10,Autumn,1,0,1,라그로타,양갈비 (4ps)
2023-10-16,0,10,Autumn,0,0,0,라그로타,양갈비 (4ps)
2023-10-17,0,10,Autumn,0,0,0,라그로타,양갈비 (4ps)
2023-10-18,0,10,Autumn,0,0,0,라그로타,양갈비 (4ps)
2023-10-19,0,10,Autumn,0,0,0,라그로타,양갈비 (4ps)
2023-10-20,0,10,Autumn,0,0,0,라그로타,양갈비 (4ps)
2023-10-21,1,10,Autumn,1,0,1,라그로타,양갈비 (4ps)
2023-10-22,0,10,Autumn,1,0,1,라그로타,양갈비 (4ps)
2023-10-23,0,10,Autumn,0,0,0,라그로타,양갈비 (4ps)
2023-10-24,0,10,Autumn,0,0,0,라그로타,양갈비 (4ps)
2023-10-25,0,10,Autumn,0,0,0,라그로타,양갈비 (4ps)
2023-10-26,0,10,Autumn,0,0,0,라그로타,양갈비 (4ps)
2023-10-27,0,10,Autumn,0,0,0,라그로타,양갈비 (4ps)
2023-10-28,1,10,Autumn,1,0,1,라그로타,양갈비 (4ps)
2023-10-29,1,10,Autumn,1,0,1,라그로타,양갈비 (4ps)
2023-10-30,0,10,Autumn,0,0,0,라그로타,양갈비 (4ps)
2023-10-31,0,10,Autumn,0,0,0,라그로타,양갈비 (4ps)
2023-11-01,0,11,Autumn,0,0,0,라그로타,양갈비 (4ps)
2023-11-02,0,11,Autumn,0,0,0,라그로타,양갈비 (4ps)
2023-11-03,1,11,Autumn,0,0,0,라그로타,양갈비 (4ps)
2023-11-04,1,11,Autumn,1,0,1,라그로타,양갈비 (4ps)
2023-11-05,0,11,Autumn,1,0,1,라그로타,양갈비 (4ps)
2023-11-06,0,11,Autumn,0,0,0,라그로타,양갈비 (4ps)
2023-11-07,0,11,Autumn,0,0,0,라그로타,양갈비 (4ps)
2023-11-08,0,11,Autumn,0,0,0,라그로타,양갈비 (4ps)
2023-11-09,0,11,Autumn,0,0,0,라그로타,양갈비 (4ps)
2023-11-10,0,11,Autumn,0,0,0,라그로타,양갈비 (4ps)
2023-11-11,0,11,Autumn,1,0,1,라그로타,양갈비 (4ps)
2023-11-12,0,11,Autumn,1,0,1,라그로타,양갈비 (4ps)
2023-11-13,0,11,Autumn,0,0,0,라그로타,양갈비 (4ps)
2023-11-14,0,11,Autumn,0,0,0,라그로타,양갈비 (4ps)
2023-11-15,0,11,Autumn,0,0,0,라그로타,양갈비 (4ps)
2023-11-16,0,11,Autumn,0,0,0,라그로타,양갈비 (4ps)
2023-11-17,0,11,Autumn,0,0,0,라그로타,양갈비 (4ps)
2023-11-18,0,11,Autumn,1,0,1,라그로타,양갈비 (4ps)
2023-11-19,0,11,Autumn,1,0,1,라그로타,양갈비 (4ps)
2023-11-20,0,11,Autumn,0,0,0,라그로타,양갈비 (4ps)
2023-11-21,0,11,Autumn,0,0,0,라그로타,양갈비 (4ps)
2023-11-22,0,11,Autumn,0,0,0,라그로타,양갈비 (4ps)
2023-11-23,0,11,Autumn,0,0,0,라그로타,양갈비 (4ps)
2023-11-24,0,11,Autumn,0,0,0,라그로타,양갈비 (4ps)
2023-11-25,0,11,Autumn,1,0,1,라그로타,양갈비 (4ps)
2023-11-26,0,11,Autumn,1,0,1,라그로타,양갈비 (4ps)
2023-11-27,0,11,Autumn,0,0,0,라그로타,양갈비 (4ps)
2023-11-28,0,11,Autumn,0,0,0,라그로타,양갈비 (4ps)
2023-11-29,0,11,Autumn,0,0,0,라그로타,양갈비 (4ps)
2023-11-30,0,11,Autumn,0,0,0,라그로타,양갈비 (4ps)
2023-12-01,0,12,Winter,0,0,0,라그로타,양갈비 (4ps)
2023-12-02,0,12,Winter,1,0,1,라그로타,양갈비 (4ps)
2023-12-03,0,12,Winter,1,0,1,라그로타,양갈비 (4ps)
2023-12-04,0,12,Winter,0,0,0,라그로타,양갈비 (4ps)
2023-12-05,0,12,Winter,0,0,0,라그로타,양갈비 (4ps)
2023-12-06,0,12,Winter,0,0,0,라그로타,양갈비 (4ps)
2023-12-07,0,12,Winter,0,0,0,라그로타,양갈비 (4ps)
2023-12-08,0,12,Winter,0,0,0,라그로타,양갈비 (4ps)
2023-12-09,4,12,Winter,1,0,1,라그로타,양갈비 (4ps)
2023-12-10,0,12,Winter,1,0,1,라그로타,양갈비 (4ps)
2023-12-11,0,12,Winter,0,0,0,라그로타,양갈비 (4ps)
2023-12-12,3,12,Winter,0,0,0,라그로타,양갈비 (4ps)
2023-12-13,3,12,Winter,0,0,0,라그로타,양갈비 (4ps)
2023-12-14,3,12,Winter,0,0,0,라그로타,양갈비 (4ps)
2023-12-15,2,12,Winter,0,0,0,라그로타,양갈비 (4ps)
2023-12-16,0,12,Winter,1,0,1,라그로타,양갈비 (4ps)
2023-12-17,6,12,Winter,1,0,1,라그로타,양갈비 (4ps)
2023-12-18,1,12,Winter,0,0,0,라그로타,양갈비 (4ps)
2023-12-19,1,12,Winter,0,0,0,라그로타,양갈비 (4ps)
2023-12-20,1,12,Winter,0,0,0,라그로타,양갈비 (4ps)
2023-12-21,2,12,Winter,0,0,0,라그로타,양갈비 (4ps)
2023-12-22,1,12,Winter,0,0,0,라그로타,양갈비 (4ps)
2023-12-23,2,12,Winter,1,0,1,라그로타,양갈비 (4ps)
2023-12-24,7,12,Winter,1,0,1,라그로타,양갈비 (4ps)
2023-12-25,5,12,Winter,0,1,1,라그로타,양갈비 (4ps)
2023-12-26,3,12,Winter,0,0,0,라그로타,양갈비 (4ps)
2023-12-27,1,12,Winter,0,0,0,라그로타,양갈비 (4ps)
2023-12-28,1,12,Winter,0,0,0,라그로타,양갈비 (4ps)
2023-12-29,4,12,Winter,0,0,0,라그로타,양갈비 (4ps)
2023-12-30,1,12,Winter,1,0,1,라그로타,양갈비 (4ps)
2023-12-31,3,12,Winter,1,0,1,라그로타,양갈비 (4ps)
2024-01-01,2,1,Winter,0,1,1,라그로타,양갈비 (4ps)
2024-01-02,2,1,Winter,0,0,0,라그로타,양갈비 (4ps)
2024-01-03,0,1,Winter,0,0,0,라그로타,양갈비 (4ps)
2024-01-04,1,1,Winter,0,0,0,라그로타,양갈비 (4ps)
2024-01-05,4,1,Winter,0,0,0,라그로타,양갈비 (4ps)
2024-01-06,1,1,Winter,1,0,1,라그로타,양갈비 (4ps)
2024-01-07,0,1,Winter,1,0,1,라그로타,양갈비 (4ps)
2024-01-08,1,1,Winter,0,0,0,라그로타,양갈비 (4ps)
2024-01-09,4,1,Winter,0,0,0,라그로타,양갈비 (4ps)
2024-01-10,0,1,Winter,0,0,0,라그로타,양갈비 (4ps)
2024-01-11,2,1,Winter,0,0,0,라그로타,양갈비 (4ps)
2024-01-12,1,1,Winter,0,0,0,라그로타,양갈비 (4ps)
2024-01-13,0,1,Winter,1,0,1,라그로타,양갈비 (4ps)
2024-01-14,2,1,Winter,1,0,1,라그로타,양갈비 (4ps)
2024-01-15,1,1,Winter,0,0,0,라그로타,양갈비 (4ps)
2024-01-16,1,1,Winter,0,0,0,라그로타,양갈비 (4ps)
2024-01-17,1,1,Winter,0,0,0,라그로타,양갈비 (4ps)
2024-01-18,2,1,Winter,0,0,0,라그로타,양갈비 (4ps)
2024-01-19,1,1,Winter,0,0,0,라그로타,양갈비 (4ps)
2024-01-20,5,1,Winter,1,0,1,라그로타,양갈비 (4ps)
2024-01-21,0,1,Winter,1,0,1,라그로타,양갈비 (4ps)
2024-01-22,0,1,Winter,0,0,0,라그로타,양갈비 (4ps)
2024-01-23,1,1,Winter,0,0,0,라그로타,양갈비 (4ps)
2024-01-24,1,1,Winter,0,0,0,라그로타,양갈비 (4ps)
2024-01-25,1,1,Winter,0,0,0,라그로타,양갈비 (4ps)
2024-01-26,0,1,Winter,0,0,0,라그로타,양갈비 (4ps)
2024-01-27,6,1,Winter,1,0,1,라그로타,양갈비 (4ps)
2024-01-28,2,1,Winter,1,0,1,라그로타,양갈비 (4ps)
2024-01-29,0,1,Winter,0,0,0,라그로타,양갈비 (4ps)
2024-01-30,2,1,Winter,0,0,0,라그로타,양갈비 (4ps)
2024-01-31,2,1,Winter,0,0,0,라그로타,양갈비 (4ps)
2024-02-01,0,2,Winter,0,0,0,라그로타,양갈비 (4ps)
2024-02-02,2,2,Winter,0,0,0,라그로타,양갈비 (4ps)
2024-02-03,0,2,Winter,1,0,1,라그로타,양갈비 (4ps)
2024-02-04,2,2,Winter,1,0,1,라그로타,양갈비 (4ps)
2024-02-05,0,2,Winter,0,0,0,라그로타,양갈비 (4ps)
2024-02-06,1,2,Winter,0,0,0,라그로타,양갈비 (4ps)
2024-02-07,1,2,Winter,0,0,0,라그로타,양갈비 (4ps)
2024-02-08,3,2,Winter,0,0,0,라그로타,양갈비 (4ps)
2024-02-09,0,2,Winter,0,1,1,라그로타,양갈비 (4ps)
2024-02-10,3,2,Winter,1,1,1,라그로타,양갈비 (4ps)
2024-02-11,3,2,Winter,1,1,1,라그로타,양갈비 (4ps)
2024-02-12,1,2,Winter,0,1,1,라그로타,양갈비 (4ps)
2024-02-13,1,2,Winter,0,0,0,라그로타,양갈비 (4ps)
2024-02-14,0,2,Winter,0,0,0,라그로타,양갈비 (4ps)
2024-02-15,0,2,Winter,0,0,0,라그로타,양갈비 (4ps)
2024-02-16,1,2,Winter,0,0,0,라그로타,양갈비 (4ps)
2024-02-17,2,2,Winter,1,0,1,라그로타,양갈비 (4ps)
2024-02-18,0,2,Winter,1,0,1,라그로타,양갈비 (4ps)
2024-02-19,0,2,Winter,0,0,0,라그로타,양갈비 (4ps)
2024-02-20,0,2,Winter,0,0,0,라그로타,양갈비 (4ps)
2024-02-21,1,2,Winter,0,0,0,라그로타,양갈비 (4ps)
2024-02-22,0,2,Winter,0,0,0,라그로타,양갈비 (4ps)
2024-02-23,3,2,Winter,0,0,0,라그로타,양갈비 (4ps)
2024-02-24,2,2,Winter,1,0,1,라그로타,양갈비 (4ps)
2024-02-25,3,2,Winter,1,0,1,라그로타,양갈비 (4ps)
2024-02-26,0,2,Winter,0,0,0,라그로타,양갈비 (4ps)
2024-02-27,1,2,Winter,0,0,0,라그로타,양갈비 (4ps)
2024-02-28,2,2,Winter,0,0,0,라그로타,양갈비 (4ps)
2024-02-29,0,2,Winter,0,0,0,라그로타,양갈비 (4ps)
2024-03-01,1,3,Spring,0,1,1,라그로타,양갈비 (4ps)
2024-03-02,1,3,Spring,1,0,1,라그로타,양갈비 (4ps)
2024-03-03,1,3,Spring,1,0,1,라그로타,양갈비 (4ps)
2024-03-04,0,3,Spring,0,0,0,라그로타,양갈비 (4ps)
2024-03-05,0,3,Spring,0,0,0,라그로타,양갈비 (4ps)
2024-03-06,0,3,Spring,0,0,0,라그로타,양갈비 (4ps)
2024-03-07,0,3,Spring,0,0,0,라그로타,양갈비 (4ps)
2024-03-08,0,3,Spring,0,0,0,라그로타,양갈비 (4ps)
2024-03-09,0,3,Spring,1,0,1,라그로타,양갈비 (4ps)
2024-03-10,0,3,Spring,1,0,1,라그로타,양갈비 (4ps)
2024-03-11,0,3,Spring,0,0,0,라그로타,양갈비 (4ps)
2024-03-12,0,3,Spring,0,0,0,라그로타,양갈비 (4ps)
2024-03-13,0,3,Spring,0,0,0,라그로타,양갈비 (4ps)
2024-03-14,0,3,Spring,0,0,0,라그로타,양갈비 (4ps)
2024-03-15,1,3,Spring,0,0,0,라그로타,양갈비 (4ps)
2024-03-16,2,3,Spring,1,0,1,라그로타,양갈비 (4ps)
2024-03-17,0,3,Spring,1,0,1,라그로타,양갈비 (4ps)
2024-03-18,0,3,Spring,0,0,0,라그로타,양갈비 (4ps)
2024-03-19,0,3,Spring,0,0,0,라그로타,양갈비 (4ps)
2024-03-20,0,3,Spring,0,0,0,라그로타,양갈비 (4ps)
2024-03-21,0,3,Spring,0,0,0,라그로타,양갈비 (4ps)
2024-03-22,0,3,Spring,0,0,0,라그로타,양갈비 (4ps)
2024-03-23,0,3,Spring,1,0,1,라그로타,양갈비 (4ps)
2024-03-24,0,3,Spring,1,0,1,라그로타,양갈비 (4ps)
2024-03-25,0,3,Spring,0,0,0,라그로타,양갈비 (4ps)
2024-03-26,1,3,Spring,0,0,0,라그로타,양갈비 (4ps)
2024-03-27,0,3,Spring,0,0,0,라그로타,양갈비 (4ps)
2024-03-28,1,3,Spring,0,0,0,라그로타,양갈비 (4ps)
2024-03-29,1,3,Spring,0,0,0,라그로타,양갈비 (4ps)
2024-03-30,3,3,Spring,1,0,1,라그로타,양갈비 (4ps)
2024-03-31,4,3,Spring,1,0,1,라그로타,양갈비 (4ps)
2024-04-01,0,4,Spring,0,0,0,라그로타,양갈비 (4ps)
2024-04-02,2,4,Spring,0,0,0,라그로타,양갈비 (4ps)
2024-04-03,3,4,Spring,0,0,0,라그로타,양갈비 (4ps)
2024-04-04,1,4,Spring,0,0,0,라그로타,양갈비 (4ps)
2024-04-05,2,4,Spring,0,0,0,라그로타,양갈비 (4ps)
2024-04-06,4,4,Spring,1,0,1,라그로타,양갈비 (4ps)
2024-04-07,4,4,Spring,1,0,1,라그로타,양갈비 (4ps)
2024-04-08,0,4,Spring,0,0,0,라그로타,양갈비 (4ps)
2024-04-09,3,4,Spring,0,0,0,라그로타,양갈비 (4ps)
2024-04-10,0,4,Spring,0,1,1,라그로타,양갈비 (4ps)
2024-04-11,2,4,Spring,0,0,0,라그로타,양갈비 (4ps)
2024-04-12,7,4,Spring,0,0,0,라그로타,양갈비 (4ps)
2024-04-13,4,4,Spring,1,0,1,라그로타,양갈비 (4ps)
2024-04-14,6,4,Spring,1,0,1,라그로타,양갈비 (4ps)
2024-04-15,0,4,Spring,0,0,0,라그로타,양갈비 (4ps)
2024-04-16,1,4,Spring,0,0,0,라그로타,양갈비 (4ps)
2024-04-17,0,4,Spring,0,0,0,라그로타,양갈비 (4ps)
2024-04-18,2,4,Spring,0,0,0,라그로타,양갈비 (4ps)
2024-04-19,5,4,Spring,0,0,0,라그로타,양갈비 (4ps)
2024-04-20,0,4,Spring,1,0,1,라그로타,양갈비 (4ps)
2024-04-21,6,4,Spring,1,0,1,라그로타,양갈비 (4ps)
2024-04-22,0,4,Spring,0,0,0,라그로타,양갈비 (4ps)
2024-04-23,1,4,Spring,0,0,0,라그로타,양갈비 (4ps)
2024-04-24,0,4,Spring,0,0,0,라그로타,양갈비 (4ps)
2024-04-25,1,4,Spring,0,0,0,라그로타,양갈비 (4ps)
2024-04-26,2,4,Spring,0,0,0,라그로타,양갈비 (4ps)
2024-04-27,4,4,Spring,1,0,1,라그로타,양갈비 (4ps)
2024-04-28,2,4,Spring,1,0,1,라그로타,양갈비 (4ps)
2024-04-29,0,4,Spring,0,0,0,라그로타,양갈비 (4ps)
2024-04-30,2,4,Spring,0,0,0,라그로타,양갈비 (4ps)
2024-05-01,4,5,Spring,0,0,0,라그로타,양갈비 (4ps)
2024-05-02,0,5,Spring,0,0,0,라그로타,양갈비 (4ps)
2024-05-03,1,5,Spring,0,0,0,라그로타,양갈비 (4ps)
2024-05-04,3,5,Spring,1,0,1,라그로타,양갈비 (4ps)
2024-05-05,1,5,Spring,1,1,1,라그로타,양갈비 (4ps)
2024-05-06,0,5,Spring,0,1,1,라그로타,양갈비 (4ps)
2024-05-07,5,5,Spring,0,0,0,라그로타,양갈비 (4ps)
2024-05-08,1,5,Spring,0,0,0,라그로타,양갈비 (4ps)
2024-05-09,1,5,Spring,0,0,0,라그로타,양갈비 (4ps)
2024-05-10,4,5,Spring,0,0,0,라그로타,양갈비 (4ps)
2024-05-11,7,5,Spring,1,0,1,라그로타,양갈비 (4ps)
2024-05-12,0,5,Spring,1,0,1,라그로타,양갈비 (4ps)
2024-05-13,0,5,Spring,0,0,0,라그로타,양갈비 (4ps)
2024-05-14,1,5,Spring,0,0,0,라그로타,양갈비 (4ps)
2024-05-15,2,5,Spring,0,1,1,라그로타,양갈비 (4ps)
2024-05-16,0,5,Spring,0,0,0,라그로타,양갈비 (4ps)
2024-05-17,3,5,Spring,0,0,0,라그로타,양갈비 (4ps)
2024-05-18,1,5,Spring,1,0,1,라그로타,양갈비 (4ps)
2024-05-19,2,5,Spring,1,0,1,라그로타,양갈비 (4ps)
2024-05-20,0,5,Spring,0,0,0,라그로타,양갈비 (4ps)
2024-05-21,0,5,Spring,0,0,0,라그로타,양갈비 (4ps)
2024-05-22,4,5,Spring,0,0,0,라그로타,양갈비 (4ps)
2024-05-23,2,5,Spring,0,0,0,라그로타,양갈비 (4ps)
2024-05-24,5,5,Spring,0,0,0,라그로타,양갈비 (4ps)
2024-05-25,2,5,Spring,1,0,1,라그로타,양갈비 (4ps)
2024-05-26,2,5,Spring,1,0,1,라그로타,양갈비 (4ps)
2024-05-27,0,5,Spring,0,0,0,라그로타,양갈비 (4ps)
2024-05-28,2,5,Spring,0,0,0,라그로타,양갈비 (4ps)
2024-05-29,0,5,Spring,0,0,0,라그로타,양갈비 (4ps)
2024-05-30,2,5,Spring,0,0,0,라그로타,양갈비 (4ps)
2024-05-31,2,5,Spring,0,0,0,라그로타,양갈비 (4ps)
2024-06-01,3,6,Summer,1,0,1,라그로타,양갈비 (4ps)
2024-06-02,0,6,Summer,1,0,1,라그로타,양갈비 (4ps)
2024-06-03,0,6,Summer,0,0,0,라그로타,양갈비 (4ps)
2024-06-04,2,6,Summer,0,0,0,라그로타,양갈비 (4ps)
2024-06-05,0,6,Summer,0,0,0,라그로타,양갈비 (4ps)
2024-06-06,3,6,Summer,0,1,1,라그로타,양갈비 (4ps)
2024-06-07,4,6,Summer,0,0,0,라그로타,양갈비 (4ps)
2024-06-08,6,6,Summer,1,0,1,라그로타,양갈비 (4ps)
2024-06-09,4,6,Summer,1,0,1,라그로타,양갈비 (4ps)
2024-06-10,0,6,Summer,0,0,0,라그로타,양갈비 (4ps)
2024-06-11,3,6,Summer,0,0,0,라그로타,양갈비 (4ps)
2024-06-12,0,6,Summer,0,0,0,라그로타,양갈비 (4ps)
2024-06-13,0,6,Summer,0,0,0,라그로타,양갈비 (4ps)
2024-06-14,17,6,Summer,0,0,0,라그로타,양갈비 (4ps)
2024-06-15,4,6,Summer,1,0,1,라그로타,양갈비 (4ps)
2023-01-01,1,1,Winter,1,1,1,라그로타,자몽리치에이드
2023-01-02,2,1,Winter,0,0,0,라그로타,자몽리치에이드
2023-01-03,2,1,Winter,0,0,0,라그로타,자몽리치에이드
2023-01-04,1,1,Winter,0,0,0,라그로타,자몽리치에이드
2023-01-05,0,1,Winter,0,0,0,라그로타,자몽리치에이드
2023-01-06,0,1,Winter,0,0,0,라그로타,자몽리치에이드
2023-01-07,4,1,Winter,1,0,1,라그로타,자몽리치에이드
2023-01-08,1,1,Winter,1,0,1,라그로타,자몽리치에이드
2023-01-09,2,1,Winter,0,0,0,라그로타,자몽리치에이드
2023-01-10,2,1,Winter,0,0,0,라그로타,자몽리치에이드
2023-01-11,1,1,Winter,0,0,0,라그로타,자몽리치에이드
2023-01-12,0,1,Winter,0,0,0,라그로타,자몽리치에이드
2023-01-13,0,1,Winter,0,0,0,라그로타,자몽리치에이드
2023-01-14,6,1,Winter,1,0,1,라그로타,자몽리치에이드
2023-01-15,4,1,Winter,1,0,1,라그로타,자몽리치에이드
2023-01-16,0,1,Winter,0,0,0,라그로타,자몽리치에이드
2023-01-17,1,1,Winter,0,0,0,라그로타,자몽리치에이드
2023-01-18,1,1,Winter,0,0,0,라그로타,자몽리치에이드
2023-01-19,1,1,Winter,0,0,0,라그로타,자몽리치에이드
2023-01-20,0,1,Winter,0,0,0,라그로타,자몽리치에이드
2023-01-21,1,1,Winter,1,1,1,라그로타,자몽리치에이드
2023-01-22,6,1,Winter,1,1,1,라그로타,자몽리치에이드
2023-01-23,4,1,Winter,0,1,1,라그로타,자몽리치에이드
2023-01-24,1,1,Winter,0,1,1,라그로타,자몽리치에이드
2023-01-25,0,1,Winter,0,0,0,라그로타,자몽리치에이드
2023-01-26,0,1,Winter,0,0,0,라그로타,자몽리치에이드
2023-01-27,0,1,Winter,0,0,0,라그로타,자몽리치에이드
2023-01-28,4,1,Winter,1,0,1,라그로타,자몽리치에이드
2023-01-29,0,1,Winter,1,0,1,라그로타,자몽리치에이드
2023-01-30,0,1,Winter,0,0,0,라그로타,자몽리치에이드
2023-01-31,0,1,Winter,0,0,0,라그로타,자몽리치에이드
2023-02-01,2,2,Winter,0,0,0,라그로타,자몽리치에이드
2023-02-02,2,2,Winter,0,0,0,라그로타,자몽리치에이드
2023-02-03,0,2,Winter,0,0,0,라그로타,자몽리치에이드
2023-02-04,0,2,Winter,1,0,1,라그로타,자몽리치에이드
2023-02-05,2,2,Winter,1,0,1,라그로타,자몽리치에이드
2023-02-06,0,2,Winter,0,0,0,라그로타,자몽리치에이드
2023-02-07,1,2,Winter,0,0,0,라그로타,자몽리치에이드
2023-02-08,1,2,Winter,0,0,0,라그로타,자몽리치에이드
2023-02-09,0,2,Winter,0,0,0,라그로타,자몽리치에이드
2023-02-10,0,2,Winter,0,0,0,라그로타,자몽리치에이드
2023-02-11,5,2,Winter,1,0,1,라그로타,자몽리치에이드
2023-02-12,4,2,Winter,1,0,1,라그로타,자몽리치에이드
2023-02-13,0,2,Winter,0,0,0,라그로타,자몽리치에이드
2023-02-14,7,2,Winter,0,0,0,라그로타,자몽리치에이드
2023-02-15,2,2,Winter,0,0,0,라그로타,자몽리치에이드
2023-02-16,0,2,Winter,0,0,0,라그로타,자몽리치에이드
2023-02-17,1,2,Winter,0,0,0,라그로타,자몽리치에이드
2023-02-18,1,2,Winter,1,0,1,라그로타,자몽리치에이드
2023-02-19,0,2,Winter,1,0,1,라그로타,자몽리치에이드
2023-02-20,0,2,Winter,0,0,0,라그로타,자몽리치에이드
2023-02-21,1,2,Winter,0,0,0,라그로타,자몽리치에이드
2023-02-22,1,2,Winter,0,0,0,라그로타,자몽리치에이드
2023-02-23,0,2,Winter,0,0,0,라그로타,자몽리치에이드
2023-02-24,1,2,Winter,0,0,0,라그로타,자몽리치에이드
2023-02-25,1,2,Winter,1,0,1,라그로타,자몽리치에이드
2023-02-26,2,2,Winter,1,0,1,라그로타,자몽리치에이드
2023-02-27,0,2,Winter,0,0,0,라그로타,자몽리치에이드
2023-02-28,0,2,Winter,0,0,0,라그로타,자몽리치에이드
2023-03-01,0,3,Spring,0,1,1,라그로타,자몽리치에이드
2023-03-02,0,3,Spring,0,0,0,라그로타,자몽리치에이드
2023-03-03,0,3,Spring,0,0,0,라그로타,자몽리치에이드
2023-03-04,0,3,Spring,1,0,1,라그로타,자몽리치에이드
2023-03-05,0,3,Spring,1,0,1,라그로타,자몽리치에이드
2023-03-06,0,3,Spring,0,0,0,라그로타,자몽리치에이드
2023-03-07,0,3,Spring,0,0,0,라그로타,자몽리치에이드
2023-03-08,0,3,Spring,0,0,0,라그로타,자몽리치에이드
2023-03-09,0,3,Spring,0,0,0,라그로타,자몽리치에이드
2023-03-10,0,3,Spring,0,0,0,라그로타,자몽리치에이드
2023-03-11,1,3,Spring,1,0,1,라그로타,자몽리치에이드
2023-03-12,1,3,Spring,1,0,1,라그로타,자몽리치에이드
2023-03-13,0,3,Spring,0,0,0,라그로타,자몽리치에이드
2023-03-14,0,3,Spring,0,0,0,라그로타,자몽리치에이드
2023-03-15,1,3,Spring,0,0,0,라그로타,자몽리치에이드
2023-03-16,1,3,Spring,0,0,0,라그로타,자몽리치에이드
2023-03-17,0,3,Spring,0,0,0,라그로타,자몽리치에이드
2023-03-18,1,3,Spring,1,0,1,라그로타,자몽리치에이드
2023-03-19,0,3,Spring,1,0,1,라그로타,자몽리치에이드
2023-03-20,0,3,Spring,0,0,0,라그로타,자몽리치에이드
2023-03-21,0,3,Spring,0,0,0,라그로타,자몽리치에이드
2023-03-22,0,3,Spring,0,0,0,라그로타,자몽리치에이드
2023-03-23,0,3,Spring,0,0,0,라그로타,자몽리치에이드
2023-03-24,0,3,Spring,0,0,0,라그로타,자몽리치에이드
2023-03-25,1,3,Spring,1,0,1,라그로타,자몽리치에이드
2023-03-26,0,3,Spring,1,0,1,라그로타,자몽리치에이드
2023-03-27,0,3,Spring,0,0,0,라그로타,자몽리치에이드
2023-03-28,0,3,Spring,0,0,0,라그로타,자몽리치에이드
2023-03-29,0,3,Spring,0,0,0,라그로타,자몽리치에이드
2023-03-30,0,3,Spring,0,0,0,라그로타,자몽리치에이드
2023-03-31,2,3,Spring,0,0,0,라그로타,자몽리치에이드
2023-04-01,1,4,Spring,1,0,1,라그로타,자몽리치에이드
2023-04-02,2,4,Spring,1,0,1,라그로타,자몽리치에이드
2023-04-03,0,4,Spring,0,0,0,라그로타,자몽리치에이드
2023-04-04,2,4,Spring,0,0,0,라그로타,자몽리치에이드
2023-04-05,1,4,Spring,0,0,0,라그로타,자몽리치에이드
2023-04-06,1,4,Spring,0,0,0,라그로타,자몽리치에이드
2023-04-07,2,4,Spring,0,0,0,라그로타,자몽리치에이드
2023-04-08,0,4,Spring,1,0,1,라그로타,자몽리치에이드
2023-04-09,1,4,Spring,1,0,1,라그로타,자몽리치에이드
2023-04-10,0,4,Spring,0,0,0,라그로타,자몽리치에이드
2023-04-11,0,4,Spring,0,0,0,라그로타,자몽리치에이드
2023-04-12,0,4,Spring,0,0,0,라그로타,자몽리치에이드
2023-04-13,9,4,Spring,0,0,0,라그로타,자몽리치에이드
2023-04-14,2,4,Spring,0,0,0,라그로타,자몽리치에이드
2023-04-15,2,4,Spring,1,0,1,라그로타,자몽리치에이드
2023-04-16,0,4,Spring,1,0,1,라그로타,자몽리치에이드
2023-04-17,0,4,Spring,0,0,0,라그로타,자몽리치에이드
2023-04-18,1,4,Spring,0,0,0,라그로타,자몽리치에이드
2023-04-19,0,4,Spring,0,0,0,라그로타,자몽리치에이드
2023-04-20,1,4,Spring,0,0,0,라그로타,자몽리치에이드
2023-04-21,4,4,Spring,0,0,0,라그로타,자몽리치에이드
2023-04-22,2,4,Spring,1,0,1,라그로타,자몽리치에이드
2023-04-23,3,4,Spring,1,0,1,라그로타,자몽리치에이드
2023-04-24,0,4,Spring,0,0,0,라그로타,자몽리치에이드
2023-04-25,0,4,Spring,0,0,0,라그로타,자몽리치에이드
2023-04-26,0,4,Spring,0,0,0,라그로타,자몽리치에이드
2023-04-27,1,4,Spring,0,0,0,라그로타,자몽리치에이드
2023-04-28,3,4,Spring,0,0,0,라그로타,자몽리치에이드
2023-04-29,1,4,Spring,1,0,1,라그로타,자몽리치에이드
2023-04-30,2,4,Spring,1,0,1,라그로타,자몽리치에이드
2023-05-01,0,5,Spring,0,0,0,라그로타,자몽리치에이드
2023-05-02,1,5,Spring,0,0,0,라그로타,자몽리치에이드
2023-05-03,0,5,Spring,0,0,0,라그로타,자몽리치에이드
2023-05-04,0,5,Spring,0,0,0,라그로타,자몽리치에이드
2023-05-05,2,5,Spring,0,1,1,라그로타,자몽리치에이드
2023-05-06,1,5,Spring,1,0,1,라그로타,자몽리치에이드
2023-05-07,0,5,Spring,1,0,1,라그로타,자몽리치에이드
2023-05-08,0,5,Spring,0,0,0,라그로타,자몽리치에이드
2023-05-09,0,5,Spring,0,0,0,라그로타,자몽리치에이드
2023-05-10,1,5,Spring,0,0,0,라그로타,자몽리치에이드
2023-05-11,0,5,Spring,0,0,0,라그로타,자몽리치에이드
2023-05-12,0,5,Spring,0,0,0,라그로타,자몽리치에이드
2023-05-13,4,5,Spring,1,0,1,라그로타,자몽리치에이드
2023-05-14,1,5,Spring,1,0,1,라그로타,자몽리치에이드
2023-05-15,0,5,Spring,0,0,0,라그로타,자몽리치에이드
2023-05-16,0,5,Spring,0,0,0,라그로타,자몽리치에이드
2023-05-17,0,5,Spring,0,0,0,라그로타,자몽리치에이드
2023-05-18,0,5,Spring,0,0,0,라그로타,자몽리치에이드
2023-05-19,0,5,Spring,0,0,0,라그로타,자몽리치에이드
2023-05-20,3,5,Spring,1,0,1,라그로타,자몽리치에이드
2023-05-21,2,5,Spring,1,0,1,라그로타,자몽리치에이드
2023-05-22,0,5,Spring,0,0,0,라그로타,자몽리치에이드
2023-05-23,0,5,Spring,0,0,0,라그로타,자몽리치에이드
2023-05-24,0,5,Spring,0,0,0,라그로타,자몽리치에이드
2023-05-25,0,5,Spring,0,0,0,라그로타,자몽리치에이드
2023-05-26,0,5,Spring,0,0,0,라그로타,자몽리치에이드
2023-05-27,3,5,Spring,1,1,1,라그로타,자몽리치에이드
2023-05-28,0,5,Spring,1,0,1,라그로타,자몽리치에이드
2023-05-29,1,5,Spring,0,1,1,라그로타,자몽리치에이드
2023-05-30,0,5,Spring,0,0,0,라그로타,자몽리치에이드
2023-05-31,1,5,Spring,0,0,0,라그로타,자몽리치에이드
2023-06-01,0,6,Summer,0,0,0,라그로타,자몽리치에이드
2023-06-02,0,6,Summer,0,0,0,라그로타,자몽리치에이드
2023-06-03,0,6,Summer,1,0,1,라그로타,자몽리치에이드
2023-06-04,1,6,Summer,1,0,1,라그로타,자몽리치에이드
2023-06-05,0,6,Summer,0,0,0,라그로타,자몽리치에이드
2023-06-06,2,6,Summer,0,1,1,라그로타,자몽리치에이드
2023-06-07,3,6,Summer,0,0,0,라그로타,자몽리치에이드
2023-06-08,0,6,Summer,0,0,0,라그로타,자몽리치에이드
2023-06-09,1,6,Summer,0,0,0,라그로타,자몽리치에이드
2023-06-10,0,6,Summer,1,0,1,라그로타,자몽리치에이드
2023-06-11,0,6,Summer,1,0,1,라그로타,자몽리치에이드
2023-06-12,0,6,Summer,0,0,0,라그로타,자몽리치에이드
2023-06-13,0,6,Summer,0,0,0,라그로타,자몽리치에이드
2023-06-14,0,6,Summer,0,0,0,라그로타,자몽리치에이드
2023-06-15,0,6,Summer,0,0,0,라그로타,자몽리치에이드
2023-06-16,1,6,Summer,0,0,0,라그로타,자몽리치에이드
2023-06-17,5,6,Summer,1,0,1,라그로타,자몽리치에이드
2023-06-18,1,6,Summer,1,0,1,라그로타,자몽리치에이드
2023-06-19,0,6,Summer,0,0,0,라그로타,자몽리치에이드
2023-06-20,0,6,Summer,0,0,0,라그로타,자몽리치에이드
2023-06-21,0,6,Summer,0,0,0,라그로타,자몽리치에이드
2023-06-22,0,6,Summer,0,0,0,라그로타,자몽리치에이드
2023-06-23,1,6,Summer,0,0,0,라그로타,자몽리치에이드
2023-06-24,1,6,Summer,1,0,1,라그로타,자몽리치에이드
2023-06-25,0,6,Summer,1,0,1,라그로타,자몽리치에이드
2023-06-26,0,6,Summer,0,0,0,라그로타,자몽리치에이드
2023-06-27,0,6,Summer,0,0,0,라그로타,자몽리치에이드
2023-06-28,2,6,Summer,0,0,0,라그로타,자몽리치에이드
2023-06-29,0,6,Summer,0,0,0,라그로타,자몽리치에이드
2023-06-30,3,6,Summer,0,0,0,라그로타,자몽리치에이드
2023-07-01,3,7,Summer,1,0,1,라그로타,자몽리치에이드
2023-07-02,3,7,Summer,1,0,1,라그로타,자몽리치에이드
2023-07-03,0,7,Summer,0,0,0,라그로타,자몽리치에이드
2023-07-04,0,7,Summer,0,0,0,라그로타,자몽리치에이드
2023-07-05,0,7,Summer,0,0,0,라그로타,자몽리치에이드
2023-07-06,1,7,Summer,0,0,0,라그로타,자몽리치에이드
2023-07-07,0,7,Summer,0,0,0,라그로타,자몽리치에이드
2023-07-08,3,7,Summer,1,0,1,라그로타,자몽리치에이드
2023-07-09,0,7,Summer,1,0,1,라그로타,자몽리치에이드
2023-07-10,0,7,Summer,0,0,0,라그로타,자몽리치에이드
2023-07-11,1,7,Summer,0,0,0,라그로타,자몽리치에이드
2023-07-12,0,7,Summer,0,0,0,라그로타,자몽리치에이드
2023-07-13,0,7,Summer,0,0,0,라그로타,자몽리치에이드
2023-07-14,0,7,Summer,0,0,0,라그로타,자몽리치에이드
2023-07-15,2,7,Summer,1,0,1,라그로타,자몽리치에이드
2023-07-16,1,7,Summer,1,0,1,라그로타,자몽리치에이드
2023-07-17,0,7,Summer,0,0,0,라그로타,자몽리치에이드
2023-07-18,0,7,Summer,0,0,0,라그로타,자몽리치에이드
2023-07-19,0,7,Summer,0,0,0,라그로타,자몽리치에이드
2023-07-20,0,7,Summer,0,0,0,라그로타,자몽리치에이드
2023-07-21,3,7,Summer,0,0,0,라그로타,자몽리치에이드
2023-07-22,0,7,Summer,1,0,1,라그로타,자몽리치에이드
2023-07-23,1,7,Summer,1,0,1,라그로타,자몽리치에이드
2023-07-24,0,7,Summer,0,0,0,라그로타,자몽리치에이드
2023-07-25,0,7,Summer,0,0,0,라그로타,자몽리치에이드
2023-07-26,0,7,Summer,0,0,0,라그로타,자몽리치에이드
2023-07-27,2,7,Summer,0,0,0,라그로타,자몽리치에이드
2023-07-28,1,7,Summer,0,0,0,라그로타,자몽리치에이드
2023-07-29,1,7,Summer,1,0,1,라그로타,자몽리치에이드
2023-07-30,2,7,Summer,1,0,1,라그로타,자몽리치에이드
2023-07-31,0,7,Summer,0,0,0,라그로타,자몽리치에이드
2023-08-01,0,8,Summer,0,0,0,라그로타,자몽리치에이드
2023-08-02,0,8,Summer,0,0,0,라그로타,자몽리치에이드
2023-08-03,2,8,Summer,0,0,0,라그로타,자몽리치에이드
2023-08-04,1,8,Summer,0,0,0,라그로타,자몽리치에이드
2023-08-05,1,8,Summer,1,0,1,라그로타,자몽리치에이드
2023-08-06,0,8,Summer,1,0,1,라그로타,자몽리치에이드
2023-08-07,0,8,Summer,0,0,0,라그로타,자몽리치에이드
2023-08-08,0,8,Summer,0,0,0,라그로타,자몽리치에이드
2023-08-09,2,8,Summer,0,0,0,라그로타,자몽리치에이드
2023-08-10,1,8,Summer,0,0,0,라그로타,자몽리치에이드
2023-08-11,1,8,Summer,0,0,0,라그로타,자몽리치에이드
2023-08-12,1,8,Summer,1,0,1,라그로타,자몽리치에이드
2023-08-13,2,8,Summer,1,0,1,라그로타,자몽리치에이드
2023-08-14,0,8,Summer,0,0,0,라그로타,자몽리치에이드
2023-08-15,0,8,Summer,0,1,1,라그로타,자몽리치에이드
2023-08-16,1,8,Summer,0,0,0,라그로타,자몽리치에이드
2023-08-17,0,8,Summer,0,0,0,라그로타,자몽리치에이드
2023-08-18,0,8,Summer,0,0,0,라그로타,자몽리치에이드
2023-08-19,2,8,Summer,1,0,1,라그로타,자몽리치에이드
2023-08-20,1,8,Summer,1,0,1,라그로타,자몽리치에이드
2023-08-21,0,8,Summer,0,0,0,라그로타,자몽리치에이드
2023-08-22,0,8,Summer,0,0,0,라그로타,자몽리치에이드
2023-08-23,1,8,Summer,0,0,0,라그로타,자몽리치에이드
2023-08-24,2,8,Summer,0,0,0,라그로타,자몽리치에이드
2023-08-25,1,8,Summer,0,0,0,라그로타,자몽리치에이드
2023-08-26,2,8,Summer,1,0,1,라그로타,자몽리치에이드
2023-08-27,0,8,Summer,1,0,1,라그로타,자몽리치에이드
2023-08-28,0,8,Summer,0,0,0,라그로타,자몽리치에이드
2023-08-29,0,8,Summer,0,0,0,라그로타,자몽리치에이드
2023-08-30,0,8,Summer,0,0,0,라그로타,자몽리치에이드
2023-08-31,2,8,Summer,0,0,0,라그로타,자몽리치에이드
2023-09-01,0,9,Autumn,0,0,0,라그로타,자몽리치에이드
2023-09-02,0,9,Autumn,1,0,1,라그로타,자몽리치에이드
2023-09-03,1,9,Autumn,1,0,1,라그로타,자몽리치에이드
2023-09-04,0,9,Autumn,0,0,0,라그로타,자몽리치에이드
2023-09-05,0,9,Autumn,0,0,0,라그로타,자몽리치에이드
2023-09-06,1,9,Autumn,0,0,0,라그로타,자몽리치에이드
2023-09-07,0,9,Autumn,0,0,0,라그로타,자몽리치에이드
2023-09-08,1,9,Autumn,0,0,0,라그로타,자몽리치에이드
2023-09-09,0,9,Autumn,1,0,1,라그로타,자몽리치에이드
2023-09-10,1,9,Autumn,1,0,1,라그로타,자몽리치에이드
2023-09-11,0,9,Autumn,0,0,0,라그로타,자몽리치에이드
2023-09-12,0,9,Autumn,0,0,0,라그로타,자몽리치에이드
2023-09-13,0,9,Autumn,0,0,0,라그로타,자몽리치에이드
2023-09-14,2,9,Autumn,0,0,0,라그로타,자몽리치에이드
2023-09-15,0,9,Autumn,0,0,0,라그로타,자몽리치에이드
2023-09-16,0,9,Autumn,1,0,1,라그로타,자몽리치에이드
2023-09-17,2,9,Autumn,1,0,1,라그로타,자몽리치에이드
2023-09-18,0,9,Autumn,0,0,0,라그로타,자몽리치에이드
2023-09-19,2,9,Autumn,0,0,0,라그로타,자몽리치에이드
2023-09-20,0,9,Autumn,0,0,0,라그로타,자몽리치에이드
2023-09-21,3,9,Autumn,0,0,0,라그로타,자몽리치에이드
2023-09-22,2,9,Autumn,0,0,0,라그로타,자몽리치에이드
2023-09-23,1,9,Autumn,1,0,1,라그로타,자몽리치에이드
2023-09-24,1,9,Autumn,1,0,1,라그로타,자몽리치에이드
2023-09-25,0,9,Autumn,0,0,0,라그로타,자몽리치에이드
2023-09-26,0,9,Autumn,0,0,0,라그로타,자몽리치에이드
2023-09-27,0,9,Autumn,0,0,0,라그로타,자몽리치에이드
2023-09-28,0,9,Autumn,0,1,1,라그로타,자몽리치에이드
2023-09-29,0,9,Autumn,0,1,1,라그로타,자몽리치에이드
2023-09-30,0,9,Autumn,1,1,1,라그로타,자몽리치에이드
2023-10-01,2,10,Autumn,1,0,1,라그로타,자몽리치에이드
2023-10-02,4,10,Autumn,0,1,1,라그로타,자몽리치에이드
2023-10-03,0,10,Autumn,0,1,1,라그로타,자몽리치에이드
2023-10-04,0,10,Autumn,0,0,0,라그로타,자몽리치에이드
2023-10-05,1,10,Autumn,0,0,0,라그로타,자몽리치에이드
2023-10-06,1,10,Autumn,0,0,0,라그로타,자몽리치에이드
2023-10-07,1,10,Autumn,1,0,1,라그로타,자몽리치에이드
2023-10-08,1,10,Autumn,1,0,1,라그로타,자몽리치에이드
2023-10-09,0,10,Autumn,0,1,1,라그로타,자몽리치에이드
2023-10-10,0,10,Autumn,0,0,0,라그로타,자몽리치에이드
2023-10-11,0,10,Autumn,0,0,0,라그로타,자몽리치에이드
2023-10-12,2,10,Autumn,0,0,0,라그로타,자몽리치에이드
2023-10-13,2,10,Autumn,0,0,0,라그로타,자몽리치에이드
2023-10-14,1,10,Autumn,1,0,1,라그로타,자몽리치에이드
2023-10-15,0,10,Autumn,1,0,1,라그로타,자몽리치에이드
2023-10-16,0,10,Autumn,0,0,0,라그로타,자몽리치에이드
2023-10-17,1,10,Autumn,0,0,0,라그로타,자몽리치에이드
2023-10-18,0,10,Autumn,0,0,0,라그로타,자몽리치에이드
2023-10-19,0,10,Autumn,0,0,0,라그로타,자몽리치에이드
2023-10-20,0,10,Autumn,0,0,0,라그로타,자몽리치에이드
2023-10-21,2,10,Autumn,1,0,1,라그로타,자몽리치에이드
2023-10-22,0,10,Autumn,1,0,1,라그로타,자몽리치에이드
2023-10-23,0,10,Autumn,0,0,0,라그로타,자몽리치에이드
2023-10-24,0,10,Autumn,0,0,0,라그로타,자몽리치에이드
2023-10-25,0,10,Autumn,0,0,0,라그로타,자몽리치에이드
2023-10-26,3,10,Autumn,0,0,0,라그로타,자몽리치에이드
2023-10-27,2,10,Autumn,0,0,0,라그로타,자몽리치에이드
2023-10-28,1,10,Autumn,1,0,1,라그로타,자몽리치에이드
2023-10-29,2,10,Autumn,1,0,1,라그로타,자몽리치에이드
2023-10-30,0,10,Autumn,0,0,0,라그로타,자몽리치에이드
2023-10-31,0,10,Autumn,0,0,0,라그로타,자몽리치에이드
2023-11-01,4,11,Autumn,0,0,0,라그로타,자몽리치에이드
2023-11-02,5,11,Autumn,0,0,0,라그로타,자몽리치에이드
2023-11-03,2,11,Autumn,0,0,0,라그로타,자몽리치에이드
2023-11-04,1,11,Autumn,1,0,1,라그로타,자몽리치에이드
2023-11-05,1,11,Autumn,1,0,1,라그로타,자몽리치에이드
2023-11-06,0,11,Autumn,0,0,0,라그로타,자몽리치에이드
2023-11-07,4,11,Autumn,0,0,0,라그로타,자몽리치에이드
2023-11-08,0,11,Autumn,0,0,0,라그로타,자몽리치에이드
2023-11-09,2,11,Autumn,0,0,0,라그로타,자몽리치에이드
2023-11-10,0,11,Autumn,0,0,0,라그로타,자몽리치에이드
2023-11-11,5,11,Autumn,1,0,1,라그로타,자몽리치에이드
2023-11-12,0,11,Autumn,1,0,1,라그로타,자몽리치에이드
2023-11-13,0,11,Autumn,0,0,0,라그로타,자몽리치에이드
2023-11-14,0,11,Autumn,0,0,0,라그로타,자몽리치에이드
2023-11-15,0,11,Autumn,0,0,0,라그로타,자몽리치에이드
2023-11-16,0,11,Autumn,0,0,0,라그로타,자몽리치에이드
2023-11-17,2,11,Autumn,0,0,0,라그로타,자몽리치에이드
2023-11-18,1,11,Autumn,1,0,1,라그로타,자몽리치에이드
2023-11-19,1,11,Autumn,1,0,1,라그로타,자몽리치에이드
2023-11-20,0,11,Autumn,0,0,0,라그로타,자몽리치에이드
2023-11-21,0,11,Autumn,0,0,0,라그로타,자몽리치에이드
2023-11-22,3,11,Autumn,0,0,0,라그로타,자몽리치에이드
2023-11-23,1,11,Autumn,0,0,0,라그로타,자몽리치에이드
2023-11-24,1,11,Autumn,0,0,0,라그로타,자몽리치에이드
2023-11-25,3,11,Autumn,1,0,1,라그로타,자몽리치에이드
2023-11-26,2,11,Autumn,1,0,1,라그로타,자몽리치에이드
2023-11-27,0,11,Autumn,0,0,0,라그로타,자몽리치에이드
2023-11-28,4,11,Autumn,0,0,0,라그로타,자몽리치에이드
2023-11-29,1,11,Autumn,0,0,0,라그로타,자몽리치에이드
2023-11-30,0,11,Autumn,0,0,0,라그로타,자몽리치에이드
2023-12-01,0,12,Winter,0,0,0,라그로타,자몽리치에이드
2023-12-02,4,12,Winter,1,0,1,라그로타,자몽리치에이드
2023-12-03,0,12,Winter,1,0,1,라그로타,자몽리치에이드
2023-12-04,0,12,Winter,0,0,0,라그로타,자몽리치에이드
2023-12-05,0,12,Winter,0,0,0,라그로타,자몽리치에이드
2023-12-06,1,12,Winter,0,0,0,라그로타,자몽리치에이드
2023-12-07,0,12,Winter,0,0,0,라그로타,자몽리치에이드
2023-12-08,0,12,Winter,0,0,0,라그로타,자몽리치에이드
2023-12-09,2,12,Winter,1,0,1,라그로타,자몽리치에이드
2023-12-10,1,12,Winter,1,0,1,라그로타,자몽리치에이드
2023-12-11,0,12,Winter,0,0,0,라그로타,자몽리치에이드
2023-12-12,0,12,Winter,0,0,0,라그로타,자몽리치에이드
2023-12-13,1,12,Winter,0,0,0,라그로타,자몽리치에이드
2023-12-14,1,12,Winter,0,0,0,라그로타,자몽리치에이드
2023-12-15,1,12,Winter,0,0,0,라그로타,자몽리치에이드
2023-12-16,0,12,Winter,1,0,1,라그로타,자몽리치에이드
2023-12-17,0,12,Winter,1,0,1,라그로타,자몽리치에이드
2023-12-18,1,12,Winter,0,0,0,라그로타,자몽리치에이드
2023-12-19,0,12,Winter,0,0,0,라그로타,자몽리치에이드
2023-12-20,2,12,Winter,0,0,0,라그로타,자몽리치에이드
2023-12-21,2,12,Winter,0,0,0,라그로타,자몽리치에이드
2023-12-22,0,12,Winter,0,0,0,라그로타,자몽리치에이드
2023-12-23,3,12,Winter,1,0,1,라그로타,자몽리치에이드
2023-12-24,3,12,Winter,1,0,1,라그로타,자몽리치에이드
2023-12-25,0,12,Winter,0,1,1,라그로타,자몽리치에이드
2023-12-26,1,12,Winter,0,0,0,라그로타,자몽리치에이드
2023-12-27,4,12,Winter,0,0,0,라그로타,자몽리치에이드
2023-12-28,3,12,Winter,0,0,0,라그로타,자몽리치에이드
2023-12-29,2,12,Winter,0,0,0,라그로타,자몽리치에이드
2023-12-30,6,12,Winter,1,0,1,라그로타,자몽리치에이드
2023-12-31,1,12,Winter,1,0,1,라그로타,자몽리치에이드
2024-01-01,0,1,Winter,0,1,1,라그로타,자몽리치에이드
2024-01-02,0,1,Winter,0,0,0,라그로타,자몽리치에이드
2024-01-03,0,1,Winter,0,0,0,라그로타,자몽리치에이드
2024-01-04,5,1,Winter,0,0,0,라그로타,자몽리치에이드
2024-01-05,1,1,Winter,0,0,0,라그로타,자몽리치에이드
2024-01-06,1,1,Winter,1,0,1,라그로타,자몽리치에이드
2024-01-07,0,1,Winter,1,0,1,라그로타,자몽리치에이드
2024-01-08,1,1,Winter,0,0,0,라그로타,자몽리치에이드
2024-01-09,2,1,Winter,0,0,0,라그로타,자몽리치에이드
2024-01-10,3,1,Winter,0,0,0,라그로타,자몽리치에이드
2024-01-11,0,1,Winter,0,0,0,라그로타,자몽리치에이드
2024-01-12,3,1,Winter,0,0,0,라그로타,자몽리치에이드
2024-01-13,0,1,Winter,1,0,1,라그로타,자몽리치에이드
2024-01-14,2,1,Winter,1,0,1,라그로타,자몽리치에이드
2024-01-15,1,1,Winter,0,0,0,라그로타,자몽리치에이드
2024-01-16,2,1,Winter,0,0,0,라그로타,자몽리치에이드
2024-01-17,1,1,Winter,0,0,0,라그로타,자몽리치에이드
2024-01-18,1,1,Winter,0,0,0,라그로타,자몽리치에이드
2024-01-19,0,1,Winter,0,0,0,라그로타,자몽리치에이드
2024-01-20,5,1,Winter,1,0,1,라그로타,자몽리치에이드
2024-01-21,1,1,Winter,1,0,1,라그로타,자몽리치에이드
2024-01-22,1,1,Winter,0,0,0,라그로타,자몽리치에이드
2024-01-23,2,1,Winter,0,0,0,라그로타,자몽리치에이드
2024-01-24,1,1,Winter,0,0,0,라그로타,자몽리치에이드
2024-01-25,0,1,Winter,0,0,0,라그로타,자몽리치에이드
2024-01-26,0,1,Winter,0,0,0,라그로타,자몽리치에이드
2024-01-27,1,1,Winter,1,0,1,라그로타,자몽리치에이드
2024-01-28,3,1,Winter,1,0,1,라그로타,자몽리치에이드
2024-01-29,0,1,Winter,0,0,0,라그로타,자몽리치에이드
2024-01-30,3,1,Winter,0,0,0,라그로타,자몽리치에이드
2024-01-31,0,1,Winter,0,0,0,라그로타,자몽리치에이드
2024-02-01,0,2,Winter,0,0,0,라그로타,자몽리치에이드
2024-02-02,6,2,Winter,0,0,0,라그로타,자몽리치에이드
2024-02-03,2,2,Winter,1,0,1,라그로타,자몽리치에이드
2024-02-04,2,2,Winter,1,0,1,라그로타,자몽리치에이드
2024-02-05,0,2,Winter,0,0,0,라그로타,자몽리치에이드
2024-02-06,0,2,Winter,0,0,0,라그로타,자몽리치에이드
2024-02-07,3,2,Winter,0,0,0,라그로타,자몽리치에이드
2024-02-08,4,2,Winter,0,0,0,라그로타,자몽리치에이드
2024-02-09,1,2,Winter,0,1,1,라그로타,자몽리치에이드
2024-02-10,1,2,Winter,1,1,1,라그로타,자몽리치에이드
2024-02-11,2,2,Winter,1,1,1,라그로타,자몽리치에이드
2024-02-12,2,2,Winter,0,1,1,라그로타,자몽리치에이드
2024-02-13,0,2,Winter,0,0,0,라그로타,자몽리치에이드
2024-02-14,2,2,Winter,0,0,0,라그로타,자몽리치에이드
2024-02-15,0,2,Winter,0,0,0,라그로타,자몽리치에이드
2024-02-16,3,2,Winter,0,0,0,라그로타,자몽리치에이드
2024-02-17,2,2,Winter,1,0,1,라그로타,자몽리치에이드
2024-02-18,1,2,Winter,1,0,1,라그로타,자몽리치에이드
2024-02-19,0,2,Winter,0,0,0,라그로타,자몽리치에이드
2024-02-20,1,2,Winter,0,0,0,라그로타,자몽리치에이드
2024-02-21,1,2,Winter,0,0,0,라그로타,자몽리치에이드
2024-02-22,0,2,Winter,0,0,0,라그로타,자몽리치에이드
2024-02-23,2,2,Winter,0,0,0,라그로타,자몽리치에이드
2024-02-24,3,2,Winter,1,0,1,라그로타,자몽리치에이드
2024-02-25,4,2,Winter,1,0,1,라그로타,자몽리치에이드
2024-02-26,0,2,Winter,0,0,0,라그로타,자몽리치에이드
2024-02-27,0,2,Winter,0,0,0,라그로타,자몽리치에이드
2024-02-28,2,2,Winter,0,0,0,라그로타,자몽리치에이드
2024-02-29,0,2,Winter,0,0,0,라그로타,자몽리치에이드
2024-03-01,0,3,Spring,0,1,1,라그로타,자몽리치에이드
2024-03-02,0,3,Spring,1,0,1,라그로타,자몽리치에이드
2024-03-03,0,3,Spring,1,0,1,라그로타,자몽리치에이드
2024-03-04,0,3,Spring,0,0,0,라그로타,자몽리치에이드
2024-03-05,0,3,Spring,0,0,0,라그로타,자몽리치에이드
2024-03-06,0,3,Spring,0,0,0,라그로타,자몽리치에이드
2024-03-07,0,3,Spring,0,0,0,라그로타,자몽리치에이드
2024-03-08,0,3,Spring,0,0,0,라그로타,자몽리치에이드
2024-03-09,0,3,Spring,1,0,1,라그로타,자몽리치에이드
2024-03-10,0,3,Spring,1,0,1,라그로타,자몽리치에이드
2024-03-11,0,3,Spring,0,0,0,라그로타,자몽리치에이드
2024-03-12,0,3,Spring,0,0,0,라그로타,자몽리치에이드
2024-03-13,0,3,Spring,0,0,0,라그로타,자몽리치에이드
2024-03-14,0,3,Spring,0,0,0,라그로타,자몽리치에이드
2024-03-15,0,3,Spring,0,0,0,라그로타,자몽리치에이드
2024-03-16,1,3,Spring,1,0,1,라그로타,자몽리치에이드
2024-03-17,1,3,Spring,1,0,1,라그로타,자몽리치에이드
2024-03-18,0,3,Spring,0,0,0,라그로타,자몽리치에이드
2024-03-19,0,3,Spring,0,0,0,라그로타,자몽리치에이드
2024-03-20,0,3,Spring,0,0,0,라그로타,자몽리치에이드
2024-03-21,0,3,Spring,0,0,0,라그로타,자몽리치에이드
2024-03-22,0,3,Spring,0,0,0,라그로타,자몽리치에이드
2024-03-23,1,3,Spring,1,0,1,라그로타,자몽리치에이드
2024-03-24,0,3,Spring,1,0,1,라그로타,자몽리치에이드
2024-03-25,0,3,Spring,0,0,0,라그로타,자몽리치에이드
2024-03-26,0,3,Spring,0,0,0,라그로타,자몽리치에이드
2024-03-27,0,3,Spring,0,0,0,라그로타,자몽리치에이드
2024-03-28,0,3,Spring,0,0,0,라그로타,자몽리치에이드
2024-03-29,0,3,Spring,0,0,0,라그로타,자몽리치에이드
2024-03-30,2,3,Spring,1,0,1,라그로타,자몽리치에이드
2024-03-31,1,3,Spring,1,0,1,라그로타,자몽리치에이드
2024-04-01,0,4,Spring,0,0,0,라그로타,자몽리치에이드
2024-04-02,5,4,Spring,0,0,0,라그로타,자몽리치에이드
2024-04-03,2,4,Spring,0,0,0,라그로타,자몽리치에이드
2024-04-04,2,4,Spring,0,0,0,라그로타,자몽리치에이드
2024-04-05,4,4,Spring,0,0,0,라그로타,자몽리치에이드
2024-04-06,2,4,Spring,1,0,1,라그로타,자몽리치에이드
2024-04-07,2,4,Spring,1,0,1,라그로타,자몽리치에이드
2024-04-08,0,4,Spring,0,0,0,라그로타,자몽리치에이드
2024-04-09,3,4,Spring,0,0,0,라그로타,자몽리치에이드
2024-04-10,2,4,Spring,0,1,1,라그로타,자몽리치에이드
2024-04-11,3,4,Spring,0,0,0,라그로타,자몽리치에이드
2024-04-12,2,4,Spring,0,0,0,라그로타,자몽리치에이드
2024-04-13,2,4,Spring,1,0,1,라그로타,자몽리치에이드
2024-04-14,0,4,Spring,1,0,1,라그로타,자몽리치에이드
2024-04-15,0,4,Spring,0,0,0,라그로타,자몽리치에이드
2024-04-16,0,4,Spring,0,0,0,라그로타,자몽리치에이드
2024-04-17,0,4,Spring,0,0,0,라그로타,자몽리치에이드
2024-04-18,4,4,Spring,0,0,0,라그로타,자몽리치에이드
2024-04-19,3,4,Spring,0,0,0,라그로타,자몽리치에이드
2024-04-20,0,4,Spring,1,0,1,라그로타,자몽리치에이드
2024-04-21,0,4,Spring,1,0,1,라그로타,자몽리치에이드
2024-04-22,0,4,Spring,0,0,0,라그로타,자몽리치에이드
2024-04-23,0,4,Spring,0,0,0,라그로타,자몽리치에이드
2024-04-24,0,4,Spring,0,0,0,라그로타,자몽리치에이드
2024-04-25,0,4,Spring,0,0,0,라그로타,자몽리치에이드
2024-04-26,3,4,Spring,0,0,0,라그로타,자몽리치에이드
2024-04-27,0,4,Spring,1,0,1,라그로타,자몽리치에이드
2024-04-28,4,4,Spring,1,0,1,라그로타,자몽리치에이드
2024-04-29,0,4,Spring,0,0,0,라그로타,자몽리치에이드
2024-04-30,0,4,Spring,0,0,0,라그로타,자몽리치에이드
2024-05-01,5,5,Spring,0,0,0,라그로타,자몽리치에이드
2024-05-02,1,5,Spring,0,0,0,라그로타,자몽리치에이드
2024-05-03,1,5,Spring,0,0,0,라그로타,자몽리치에이드
2024-05-04,4,5,Spring,1,0,1,라그로타,자몽리치에이드
2024-05-05,1,5,Spring,1,1,1,라그로타,자몽리치에이드
2024-05-06,0,5,Spring,0,1,1,라그로타,자몽리치에이드
2024-05-07,0,5,Spring,0,0,0,라그로타,자몽리치에이드
2024-05-08,0,5,Spring,0,0,0,라그로타,자몽리치에이드
2024-05-09,0,5,Spring,0,0,0,라그로타,자몽리치에이드
2024-05-10,0,5,Spring,0,0,0,라그로타,자몽리치에이드
2024-05-11,1,5,Spring,1,0,1,라그로타,자몽리치에이드
2024-05-12,0,5,Spring,1,0,1,라그로타,자몽리치에이드
2024-05-13,0,5,Spring,0,0,0,라그로타,자몽리치에이드
2024-05-14,0,5,Spring,0,0,0,라그로타,자몽리치에이드
2024-05-15,2,5,Spring,0,1,1,라그로타,자몽리치에이드
2024-05-16,1,5,Spring,0,0,0,라그로타,자몽리치에이드
2024-05-17,1,5,Spring,0,0,0,라그로타,자몽리치에이드
2024-05-18,1,5,Spring,1,0,1,라그로타,자몽리치에이드
2024-05-19,0,5,Spring,1,0,1,라그로타,자몽리치에이드
2024-05-20,0,5,Spring,0,0,0,라그로타,자몽리치에이드
2024-05-21,0,5,Spring,0,0,0,라그로타,자몽리치에이드
2024-05-22,3,5,Spring,0,0,0,라그로타,자몽리치에이드
2024-05-23,0,5,Spring,0,0,0,라그로타,자몽리치에이드
2024-05-24,0,5,Spring,0,0,0,라그로타,자몽리치에이드
2024-05-25,1,5,Spring,1,0,1,라그로타,자몽리치에이드
2024-05-26,1,5,Spring,1,0,1,라그로타,자몽리치에이드
2024-05-27,0,5,Spring,0,0,0,라그로타,자몽리치에이드
2024-05-28,1,5,Spring,0,0,0,라그로타,자몽리치에이드
2024-05-29,0,5,Spring,0,0,0,라그로타,자몽리치에이드
2024-05-30,1,5,Spring,0,0,0,라그로타,자몽리치에이드
2024-05-31,0,5,Spring,0,0,0,라그로타,자몽리치에이드
2024-06-01,0,6,Summer,1,0,1,라그로타,자몽리치에이드
2024-06-02,1,6,Summer,1,0,1,라그로타,자몽리치에이드
2024-06-03,0,6,Summer,0,0,0,라그로타,자몽리치에이드
2024-06-04,0,6,Summer,0,0,0,라그로타,자몽리치에이드
2024-06-05,1,6,Summer,0,0,0,라그로타,자몽리치에이드
2024-06-06,1,6,Summer,0,1,1,라그로타,자몽리치에이드
2024-06-07,1,6,Summer,0,0,0,라그로타,자몽리치에이드
2024-06-08,2,6,Summer,1,0,1,라그로타,자몽리치에이드
2024-06-09,0,6,Summer,1,0,1,라그로타,자몽리치에이드
2024-06-10,0,6,Summer,0,0,0,라그로타,자몽리치에이드
2024-06-11,0,6,Summer,0,0,0,라그로타,자몽리치에이드
2024-06-12,1,6,Summer,0,0,0,라그로타,자몽리치에이드
2024-06-13,0,6,Summer,0,0,0,라그로타,자몽리치에이드
2024-06-14,2,6,Summer,0,0,0,라그로타,자몽리치에이드
2024-06-15,0,6,Summer,1,0,1,라그로타,자몽리치에이드
2023-01-01,1,1,Winter,1,1,1,라그로타,제로콜라
2023-01-02,0,1,Winter,0,0,0,라그로타,제로콜라
2023-01-03,2,1,Winter,0,0,0,라그로타,제로콜라
2023-01-04,0,1,Winter,0,0,0,라그로타,제로콜라
2023-01-05,1,1,Winter,0,0,0,라그로타,제로콜라
2023-01-06,1,1,Winter,0,0,0,라그로타,제로콜라
2023-01-07,2,1,Winter,1,0,1,라그로타,제로콜라
2023-01-08,0,1,Winter,1,0,1,라그로타,제로콜라
2023-01-09,0,1,Winter,0,0,0,라그로타,제로콜라
2023-01-10,0,1,Winter,0,0,0,라그로타,제로콜라
2023-01-11,3,1,Winter,0,0,0,라그로타,제로콜라
2023-01-12,10,1,Winter,0,0,0,라그로타,제로콜라
2023-01-13,1,1,Winter,0,0,0,라그로타,제로콜라
2023-01-14,2,1,Winter,1,0,1,라그로타,제로콜라
2023-01-15,2,1,Winter,1,0,1,라그로타,제로콜라
2023-01-16,0,1,Winter,0,0,0,라그로타,제로콜라
2023-01-17,1,1,Winter,0,0,0,라그로타,제로콜라
2023-01-18,1,1,Winter,0,0,0,라그로타,제로콜라
2023-01-19,2,1,Winter,0,0,0,라그로타,제로콜라
2023-01-20,0,1,Winter,0,0,0,라그로타,제로콜라
2023-01-21,0,1,Winter,1,1,1,라그로타,제로콜라
2023-01-22,0,1,Winter,1,1,1,라그로타,제로콜라
2023-01-23,1,1,Winter,0,1,1,라그로타,제로콜라
2023-01-24,0,1,Winter,0,1,1,라그로타,제로콜라
2023-01-25,1,1,Winter,0,0,0,라그로타,제로콜라
2023-01-26,0,1,Winter,0,0,0,라그로타,제로콜라
2023-01-27,2,1,Winter,0,0,0,라그로타,제로콜라
2023-01-28,0,1,Winter,1,0,1,라그로타,제로콜라
2023-01-29,0,1,Winter,1,0,1,라그로타,제로콜라
2023-01-30,0,1,Winter,0,0,0,라그로타,제로콜라
2023-01-31,1,1,Winter,0,0,0,라그로타,제로콜라
2023-02-01,0,2,Winter,0,0,0,라그로타,제로콜라
2023-02-02,3,2,Winter,0,0,0,라그로타,제로콜라
2023-02-03,0,2,Winter,0,0,0,라그로타,제로콜라
2023-02-04,4,2,Winter,1,0,1,라그로타,제로콜라
2023-02-05,3,2,Winter,1,0,1,라그로타,제로콜라
2023-02-06,0,2,Winter,0,0,0,라그로타,제로콜라
2023-02-07,1,2,Winter,0,0,0,라그로타,제로콜라
2023-02-08,5,2,Winter,0,0,0,라그로타,제로콜라
2023-02-09,1,2,Winter,0,0,0,라그로타,제로콜라
2023-02-10,1,2,Winter,0,0,0,라그로타,제로콜라
2023-02-11,0,2,Winter,1,0,1,라그로타,제로콜라
2023-02-12,1,2,Winter,1,0,1,라그로타,제로콜라
2023-02-13,0,2,Winter,0,0,0,라그로타,제로콜라
2023-02-14,1,2,Winter,0,0,0,라그로타,제로콜라
2023-02-15,1,2,Winter,0,0,0,라그로타,제로콜라
2023-02-16,2,2,Winter,0,0,0,라그로타,제로콜라
2023-02-17,0,2,Winter,0,0,0,라그로타,제로콜라
2023-02-18,2,2,Winter,1,0,1,라그로타,제로콜라
2023-02-19,0,2,Winter,1,0,1,라그로타,제로콜라
2023-02-20,0,2,Winter,0,0,0,라그로타,제로콜라
2023-02-21,1,2,Winter,0,0,0,라그로타,제로콜라
2023-02-22,0,2,Winter,0,0,0,라그로타,제로콜라
2023-02-23,1,2,Winter,0,0,0,라그로타,제로콜라
2023-02-24,2,2,Winter,0,0,0,라그로타,제로콜라
2023-02-25,2,2,Winter,1,0,1,라그로타,제로콜라
2023-02-26,8,2,Winter,1,0,1,라그로타,제로콜라
2023-02-27,0,2,Winter,0,0,0,라그로타,제로콜라
2023-02-28,5,2,Winter,0,0,0,라그로타,제로콜라
2023-03-01,0,3,Spring,0,1,1,라그로타,제로콜라
2023-03-02,0,3,Spring,0,0,0,라그로타,제로콜라
2023-03-03,0,3,Spring,0,0,0,라그로타,제로콜라
2023-03-04,0,3,Spring,1,0,1,라그로타,제로콜라
2023-03-05,0,3,Spring,1,0,1,라그로타,제로콜라
2023-03-06,0,3,Spring,0,0,0,라그로타,제로콜라
2023-03-07,0,3,Spring,0,0,0,라그로타,제로콜라
2023-03-08,0,3,Spring,0,0,0,라그로타,제로콜라
2023-03-09,0,3,Spring,0,0,0,라그로타,제로콜라
2023-03-10,0,3,Spring,0,0,0,라그로타,제로콜라
2023-03-11,1,3,Spring,1,0,1,라그로타,제로콜라
2023-03-12,1,3,Spring,1,0,1,라그로타,제로콜라
2023-03-13,0,3,Spring,0,0,0,라그로타,제로콜라
2023-03-14,0,3,Spring,0,0,0,라그로타,제로콜라
2023-03-15,0,3,Spring,0,0,0,라그로타,제로콜라
2023-03-16,0,3,Spring,0,0,0,라그로타,제로콜라
2023-03-17,1,3,Spring,0,0,0,라그로타,제로콜라
2023-03-18,0,3,Spring,1,0,1,라그로타,제로콜라
2023-03-19,5,3,Spring,1,0,1,라그로타,제로콜라
2023-03-20,0,3,Spring,0,0,0,라그로타,제로콜라
2023-03-21,0,3,Spring,0,0,0,라그로타,제로콜라
2023-03-22,5,3,Spring,0,0,0,라그로타,제로콜라
2023-03-23,0,3,Spring,0,0,0,라그로타,제로콜라
2023-03-24,0,3,Spring,0,0,0,라그로타,제로콜라
2023-03-25,2,3,Spring,1,0,1,라그로타,제로콜라
2023-03-26,1,3,Spring,1,0,1,라그로타,제로콜라
2023-03-27,0,3,Spring,0,0,0,라그로타,제로콜라
2023-03-28,0,3,Spring,0,0,0,라그로타,제로콜라
2023-03-29,0,3,Spring,0,0,0,라그로타,제로콜라
2023-03-30,1,3,Spring,0,0,0,라그로타,제로콜라
2023-03-31,2,3,Spring,0,0,0,라그로타,제로콜라
2023-04-01,3,4,Spring,1,0,1,라그로타,제로콜라
2023-04-02,1,4,Spring,1,0,1,라그로타,제로콜라
2023-04-03,0,4,Spring,0,0,0,라그로타,제로콜라
2023-04-04,0,4,Spring,0,0,0,라그로타,제로콜라
2023-04-05,0,4,Spring,0,0,0,라그로타,제로콜라
2023-04-06,0,4,Spring,0,0,0,라그로타,제로콜라
2023-04-07,0,4,Spring,0,0,0,라그로타,제로콜라
2023-04-08,0,4,Spring,1,0,1,라그로타,제로콜라
2023-04-09,2,4,Spring,1,0,1,라그로타,제로콜라
2023-04-10,0,4,Spring,0,0,0,라그로타,제로콜라
2023-04-11,0,4,Spring,0,0,0,라그로타,제로콜라
2023-04-12,1,4,Spring,0,0,0,라그로타,제로콜라
2023-04-13,3,4,Spring,0,0,0,라그로타,제로콜라
2023-04-14,5,4,Spring,0,0,0,라그로타,제로콜라
2023-04-15,2,4,Spring,1,0,1,라그로타,제로콜라
2023-04-16,1,4,Spring,1,0,1,라그로타,제로콜라
2023-04-17,0,4,Spring,0,0,0,라그로타,제로콜라
2023-04-18,0,4,Spring,0,0,0,라그로타,제로콜라
2023-04-19,4,4,Spring,0,0,0,라그로타,제로콜라
2023-04-20,0,4,Spring,0,0,0,라그로타,제로콜라
2023-04-21,2,4,Spring,0,0,0,라그로타,제로콜라
2023-04-22,0,4,Spring,1,0,1,라그로타,제로콜라
2023-04-23,1,4,Spring,1,0,1,라그로타,제로콜라
2023-04-24,0,4,Spring,0,0,0,라그로타,제로콜라
2023-04-25,0,4,Spring,0,0,0,라그로타,제로콜라
2023-04-26,0,4,Spring,0,0,0,라그로타,제로콜라
2023-04-27,0,4,Spring,0,0,0,라그로타,제로콜라
2023-04-28,1,4,Spring,0,0,0,라그로타,제로콜라
2023-04-29,0,4,Spring,1,0,1,라그로타,제로콜라
2023-04-30,1,4,Spring,1,0,1,라그로타,제로콜라
2023-05-01,0,5,Spring,0,0,0,라그로타,제로콜라
2023-05-02,0,5,Spring,0,0,0,라그로타,제로콜라
2023-05-03,0,5,Spring,0,0,0,라그로타,제로콜라
2023-05-04,0,5,Spring,0,0,0,라그로타,제로콜라
2023-05-05,1,5,Spring,0,1,1,라그로타,제로콜라
2023-05-06,4,5,Spring,1,0,1,라그로타,제로콜라
2023-05-07,2,5,Spring,1,0,1,라그로타,제로콜라
2023-05-08,0,5,Spring,0,0,0,라그로타,제로콜라
2023-05-09,3,5,Spring,0,0,0,라그로타,제로콜라
2023-05-10,0,5,Spring,0,0,0,라그로타,제로콜라
2023-05-11,0,5,Spring,0,0,0,라그로타,제로콜라
2023-05-12,1,5,Spring,0,0,0,라그로타,제로콜라
2023-05-13,0,5,Spring,1,0,1,라그로타,제로콜라
2023-05-14,0,5,Spring,1,0,1,라그로타,제로콜라
2023-05-15,0,5,Spring,0,0,0,라그로타,제로콜라
2023-05-16,0,5,Spring,0,0,0,라그로타,제로콜라
2023-05-17,0,5,Spring,0,0,0,라그로타,제로콜라
2023-05-18,0,5,Spring,0,0,0,라그로타,제로콜라
2023-05-19,0,5,Spring,0,0,0,라그로타,제로콜라
2023-05-20,2,5,Spring,1,0,1,라그로타,제로콜라
2023-05-21,0,5,Spring,1,0,1,라그로타,제로콜라
2023-05-22,0,5,Spring,0,0,0,라그로타,제로콜라
2023-05-23,0,5,Spring,0,0,0,라그로타,제로콜라
2023-05-24,0,5,Spring,0,0,0,라그로타,제로콜라
2023-05-25,1,5,Spring,0,0,0,라그로타,제로콜라
2023-05-26,3,5,Spring,0,0,0,라그로타,제로콜라
2023-05-27,0,5,Spring,1,1,1,라그로타,제로콜라
2023-05-28,0,5,Spring,1,0,1,라그로타,제로콜라
2023-05-29,0,5,Spring,0,1,1,라그로타,제로콜라
2023-05-30,0,5,Spring,0,0,0,라그로타,제로콜라
2023-05-31,0,5,Spring,0,0,0,라그로타,제로콜라
2023-06-01,0,6,Summer,0,0,0,라그로타,제로콜라
2023-06-02,0,6,Summer,0,0,0,라그로타,제로콜라
2023-06-03,1,6,Summer,1,0,1,라그로타,제로콜라
2023-06-04,0,6,Summer,1,0,1,라그로타,제로콜라
2023-06-05,0,6,Summer,0,0,0,라그로타,제로콜라
2023-06-06,0,6,Summer,0,1,1,라그로타,제로콜라
2023-06-07,0,6,Summer,0,0,0,라그로타,제로콜라
2023-06-08,0,6,Summer,0,0,0,라그로타,제로콜라
2023-06-09,0,6,Summer,0,0,0,라그로타,제로콜라
2023-06-10,2,6,Summer,1,0,1,라그로타,제로콜라
2023-06-11,2,6,Summer,1,0,1,라그로타,제로콜라
2023-06-12,0,6,Summer,0,0,0,라그로타,제로콜라
2023-06-13,0,6,Summer,0,0,0,라그로타,제로콜라
2023-06-14,1,6,Summer,0,0,0,라그로타,제로콜라
2023-06-15,0,6,Summer,0,0,0,라그로타,제로콜라
2023-06-16,1,6,Summer,0,0,0,라그로타,제로콜라
2023-06-17,1,6,Summer,1,0,1,라그로타,제로콜라
2023-06-18,1,6,Summer,1,0,1,라그로타,제로콜라
2023-06-19,0,6,Summer,0,0,0,라그로타,제로콜라
2023-06-20,0,6,Summer,0,0,0,라그로타,제로콜라
2023-06-21,0,6,Summer,0,0,0,라그로타,제로콜라
2023-06-22,0,6,Summer,0,0,0,라그로타,제로콜라
2023-06-23,0,6,Summer,0,0,0,라그로타,제로콜라
2023-06-24,1,6,Summer,1,0,1,라그로타,제로콜라
2023-06-25,0,6,Summer,1,0,1,라그로타,제로콜라
2023-06-26,0,6,Summer,0,0,0,라그로타,제로콜라
2023-06-27,0,6,Summer,0,0,0,라그로타,제로콜라
2023-06-28,0,6,Summer,0,0,0,라그로타,제로콜라
2023-06-29,1,6,Summer,0,0,0,라그로타,제로콜라
2023-06-30,2,6,Summer,0,0,0,라그로타,제로콜라
2023-07-01,3,7,Summer,1,0,1,라그로타,제로콜라
2023-07-02,0,7,Summer,1,0,1,라그로타,제로콜라
2023-07-03,0,7,Summer,0,0,0,라그로타,제로콜라
2023-07-04,0,7,Summer,0,0,0,라그로타,제로콜라
2023-07-05,0,7,Summer,0,0,0,라그로타,제로콜라
2023-07-06,0,7,Summer,0,0,0,라그로타,제로콜라
2023-07-07,0,7,Summer,0,0,0,라그로타,제로콜라
2023-07-08,0,7,Summer,1,0,1,라그로타,제로콜라
2023-07-09,0,7,Summer,1,0,1,라그로타,제로콜라
2023-07-10,0,7,Summer,0,0,0,라그로타,제로콜라
2023-07-11,0,7,Summer,0,0,0,라그로타,제로콜라
2023-07-12,0,7,Summer,0,0,0,라그로타,제로콜라
2023-07-13,0,7,Summer,0,0,0,라그로타,제로콜라
2023-07-14,0,7,Summer,0,0,0,라그로타,제로콜라
2023-07-15,0,7,Summer,1,0,1,라그로타,제로콜라
2023-07-16,0,7,Summer,1,0,1,라그로타,제로콜라
2023-07-17,0,7,Summer,0,0,0,라그로타,제로콜라
2023-07-18,2,7,Summer,0,0,0,라그로타,제로콜라
2023-07-19,0,7,Summer,0,0,0,라그로타,제로콜라
2023-07-20,0,7,Summer,0,0,0,라그로타,제로콜라
2023-07-21,0,7,Summer,0,0,0,라그로타,제로콜라
2023-07-22,1,7,Summer,1,0,1,라그로타,제로콜라
2023-07-23,0,7,Summer,1,0,1,라그로타,제로콜라
2023-07-24,0,7,Summer,0,0,0,라그로타,제로콜라
2023-07-25,0,7,Summer,0,0,0,라그로타,제로콜라
2023-07-26,0,7,Summer,0,0,0,라그로타,제로콜라
2023-07-27,0,7,Summer,0,0,0,라그로타,제로콜라
2023-07-28,5,7,Summer,0,0,0,라그로타,제로콜라
2023-07-29,1,7,Summer,1,0,1,라그로타,제로콜라
2023-07-30,2,7,Summer,1,0,1,라그로타,제로콜라
2023-07-31,0,7,Summer,0,0,0,라그로타,제로콜라
2023-08-01,1,8,Summer,0,0,0,라그로타,제로콜라
2023-08-02,0,8,Summer,0,0,0,라그로타,제로콜라
2023-08-03,0,8,Summer,0,0,0,라그로타,제로콜라
2023-08-04,0,8,Summer,0,0,0,라그로타,제로콜라
2023-08-05,5,8,Summer,1,0,1,라그로타,제로콜라
2023-08-06,2,8,Summer,1,0,1,라그로타,제로콜라
2023-08-07,0,8,Summer,0,0,0,라그로타,제로콜라
2023-08-08,1,8,Summer,0,0,0,라그로타,제로콜라
2023-08-09,1,8,Summer,0,0,0,라그로타,제로콜라
2023-08-10,0,8,Summer,0,0,0,라그로타,제로콜라
2023-08-11,0,8,Summer,0,0,0,라그로타,제로콜라
2023-08-12,0,8,Summer,1,0,1,라그로타,제로콜라
2023-08-13,5,8,Summer,1,0,1,라그로타,제로콜라
2023-08-14,0,8,Summer,0,0,0,라그로타,제로콜라
2023-08-15,0,8,Summer,0,1,1,라그로타,제로콜라
2023-08-16,0,8,Summer,0,0,0,라그로타,제로콜라
2023-08-17,0,8,Summer,0,0,0,라그로타,제로콜라
2023-08-18,0,8,Summer,0,0,0,라그로타,제로콜라
2023-08-19,0,8,Summer,1,0,1,라그로타,제로콜라
2023-08-20,0,8,Summer,1,0,1,라그로타,제로콜라
2023-08-21,0,8,Summer,0,0,0,라그로타,제로콜라
2023-08-22,0,8,Summer,0,0,0,라그로타,제로콜라
2023-08-23,1,8,Summer,0,0,0,라그로타,제로콜라
2023-08-24,2,8,Summer,0,0,0,라그로타,제로콜라
2023-08-25,0,8,Summer,0,0,0,라그로타,제로콜라
2023-08-26,0,8,Summer,1,0,1,라그로타,제로콜라
2023-08-27,0,8,Summer,1,0,1,라그로타,제로콜라
2023-08-28,0,8,Summer,0,0,0,라그로타,제로콜라
2023-08-29,0,8,Summer,0,0,0,라그로타,제로콜라
2023-08-30,0,8,Summer,0,0,0,라그로타,제로콜라
2023-08-31,0,8,Summer,0,0,0,라그로타,제로콜라
2023-09-01,0,9,Autumn,0,0,0,라그로타,제로콜라
2023-09-02,0,9,Autumn,1,0,1,라그로타,제로콜라
2023-09-03,2,9,Autumn,1,0,1,라그로타,제로콜라
2023-09-04,0,9,Autumn,0,0,0,라그로타,제로콜라
2023-09-05,0,9,Autumn,0,0,0,라그로타,제로콜라
2023-09-06,0,9,Autumn,0,0,0,라그로타,제로콜라
2023-09-07,0,9,Autumn,0,0,0,라그로타,제로콜라
2023-09-08,0,9,Autumn,0,0,0,라그로타,제로콜라
2023-09-09,0,9,Autumn,1,0,1,라그로타,제로콜라
2023-09-10,0,9,Autumn,1,0,1,라그로타,제로콜라
2023-09-11,0,9,Autumn,0,0,0,라그로타,제로콜라
2023-09-12,1,9,Autumn,0,0,0,라그로타,제로콜라
2023-09-13,0,9,Autumn,0,0,0,라그로타,제로콜라
2023-09-14,0,9,Autumn,0,0,0,라그로타,제로콜라
2023-09-15,0,9,Autumn,0,0,0,라그로타,제로콜라
2023-09-16,1,9,Autumn,1,0,1,라그로타,제로콜라
2023-09-17,0,9,Autumn,1,0,1,라그로타,제로콜라
2023-09-18,0,9,Autumn,0,0,0,라그로타,제로콜라
2023-09-19,0,9,Autumn,0,0,0,라그로타,제로콜라
2023-09-20,0,9,Autumn,0,0,0,라그로타,제로콜라
2023-09-21,0,9,Autumn,0,0,0,라그로타,제로콜라
2023-09-22,0,9,Autumn,0,0,0,라그로타,제로콜라
2023-09-23,1,9,Autumn,1,0,1,라그로타,제로콜라
2023-09-24,1,9,Autumn,1,0,1,라그로타,제로콜라
2023-09-25,0,9,Autumn,0,0,0,라그로타,제로콜라
2023-09-26,0,9,Autumn,0,0,0,라그로타,제로콜라
2023-09-27,1,9,Autumn,0,0,0,라그로타,제로콜라
2023-09-28,2,9,Autumn,0,1,1,라그로타,제로콜라
2023-09-29,0,9,Autumn,0,1,1,라그로타,제로콜라
2023-09-30,0,9,Autumn,1,1,1,라그로타,제로콜라
2023-10-01,2,10,Autumn,1,0,1,라그로타,제로콜라
2023-10-02,0,10,Autumn,0,1,1,라그로타,제로콜라
2023-10-03,1,10,Autumn,0,1,1,라그로타,제로콜라
2023-10-04,0,10,Autumn,0,0,0,라그로타,제로콜라
2023-10-05,2,10,Autumn,0,0,0,라그로타,제로콜라
2023-10-06,0,10,Autumn,0,0,0,라그로타,제로콜라
2023-10-07,0,10,Autumn,1,0,1,라그로타,제로콜라
2023-10-08,1,10,Autumn,1,0,1,라그로타,제로콜라
2023-10-09,0,10,Autumn,0,1,1,라그로타,제로콜라
2023-10-10,1,10,Autumn,0,0,0,라그로타,제로콜라
2023-10-11,0,10,Autumn,0,0,0,라그로타,제로콜라
2023-10-12,1,10,Autumn,0,0,0,라그로타,제로콜라
2023-10-13,4,10,Autumn,0,0,0,라그로타,제로콜라
2023-10-14,0,10,Autumn,1,0,1,라그로타,제로콜라
2023-10-15,0,10,Autumn,1,0,1,라그로타,제로콜라
2023-10-16,0,10,Autumn,0,0,0,라그로타,제로콜라
2023-10-17,0,10,Autumn,0,0,0,라그로타,제로콜라
2023-10-18,1,10,Autumn,0,0,0,라그로타,제로콜라
2023-10-19,0,10,Autumn,0,0,0,라그로타,제로콜라
2023-10-20,0,10,Autumn,0,0,0,라그로타,제로콜라
2023-10-21,3,10,Autumn,1,0,1,라그로타,제로콜라
2023-10-22,1,10,Autumn,1,0,1,라그로타,제로콜라
2023-10-23,0,10,Autumn,0,0,0,라그로타,제로콜라
2023-10-24,0,10,Autumn,0,0,0,라그로타,제로콜라
2023-10-25,0,10,Autumn,0,0,0,라그로타,제로콜라
2023-10-26,0,10,Autumn,0,0,0,라그로타,제로콜라
2023-10-27,0,10,Autumn,0,0,0,라그로타,제로콜라
2023-10-28,3,10,Autumn,1,0,1,라그로타,제로콜라
2023-10-29,0,10,Autumn,1,0,1,라그로타,제로콜라
2023-10-30,0,10,Autumn,0,0,0,라그로타,제로콜라
2023-10-31,0,10,Autumn,0,0,0,라그로타,제로콜라
2023-11-01,0,11,Autumn,0,0,0,라그로타,제로콜라
2023-11-02,3,11,Autumn,0,0,0,라그로타,제로콜라
2023-11-03,0,11,Autumn,0,0,0,라그로타,제로콜라
2023-11-04,1,11,Autumn,1,0,1,라그로타,제로콜라
2023-11-05,0,11,Autumn,1,0,1,라그로타,제로콜라
2023-11-06,0,11,Autumn,0,0,0,라그로타,제로콜라
2023-11-07,0,11,Autumn,0,0,0,라그로타,제로콜라
2023-11-08,4,11,Autumn,0,0,0,라그로타,제로콜라
2023-11-09,2,11,Autumn,0,0,0,라그로타,제로콜라
2023-11-10,0,11,Autumn,0,0,0,라그로타,제로콜라
2023-11-11,3,11,Autumn,1,0,1,라그로타,제로콜라
2023-11-12,0,11,Autumn,1,0,1,라그로타,제로콜라
2023-11-13,0,11,Autumn,0,0,0,라그로타,제로콜라
2023-11-14,2,11,Autumn,0,0,0,라그로타,제로콜라
2023-11-15,0,11,Autumn,0,0,0,라그로타,제로콜라
2023-11-16,0,11,Autumn,0,0,0,라그로타,제로콜라
2023-11-17,3,11,Autumn,0,0,0,라그로타,제로콜라
2023-11-18,0,11,Autumn,1,0,1,라그로타,제로콜라
2023-11-19,0,11,Autumn,1,0,1,라그로타,제로콜라
2023-11-20,0,11,Autumn,0,0,0,라그로타,제로콜라
2023-11-21,0,11,Autumn,0,0,0,라그로타,제로콜라
2023-11-22,4,11,Autumn,0,0,0,라그로타,제로콜라
2023-11-23,0,11,Autumn,0,0,0,라그로타,제로콜라
2023-11-24,4,11,Autumn,0,0,0,라그로타,제로콜라
2023-11-25,1,11,Autumn,1,0,1,라그로타,제로콜라
2023-11-26,1,11,Autumn,1,0,1,라그로타,제로콜라
2023-11-27,0,11,Autumn,0,0,0,라그로타,제로콜라
2023-11-28,0,11,Autumn,0,0,0,라그로타,제로콜라
2023-11-29,0,11,Autumn,0,0,0,라그로타,제로콜라
2023-11-30,2,11,Autumn,0,0,0,라그로타,제로콜라
2023-12-01,0,12,Winter,0,0,0,라그로타,제로콜라
2023-12-02,0,12,Winter,1,0,1,라그로타,제로콜라
2023-12-03,0,12,Winter,1,0,1,라그로타,제로콜라
2023-12-04,0,12,Winter,0,0,0,라그로타,제로콜라
2023-12-05,0,12,Winter,0,0,0,라그로타,제로콜라
2023-12-06,0,12,Winter,0,0,0,라그로타,제로콜라
2023-12-07,0,12,Winter,0,0,0,라그로타,제로콜라
2023-12-08,0,12,Winter,0,0,0,라그로타,제로콜라
2023-12-09,1,12,Winter,1,0,1,라그로타,제로콜라
2023-12-10,1,12,Winter,1,0,1,라그로타,제로콜라
2023-12-11,0,12,Winter,0,0,0,라그로타,제로콜라
2023-12-12,0,12,Winter,0,0,0,라그로타,제로콜라
2023-12-13,0,12,Winter,0,0,0,라그로타,제로콜라
2023-12-14,0,12,Winter,0,0,0,라그로타,제로콜라
2023-12-15,0,12,Winter,0,0,0,라그로타,제로콜라
2023-12-16,1,12,Winter,1,0,1,라그로타,제로콜라
2023-12-17,0,12,Winter,1,0,1,라그로타,제로콜라
2023-12-18,0,12,Winter,0,0,0,라그로타,제로콜라
2023-12-19,0,12,Winter,0,0,0,라그로타,제로콜라
2023-12-20,0,12,Winter,0,0,0,라그로타,제로콜라
2023-12-21,4,12,Winter,0,0,0,라그로타,제로콜라
2023-12-22,1,12,Winter,0,0,0,라그로타,제로콜라
2023-12-23,0,12,Winter,1,0,1,라그로타,제로콜라
2023-12-24,3,12,Winter,1,0,1,라그로타,제로콜라
2023-12-25,6,12,Winter,0,1,1,라그로타,제로콜라
2023-12-26,0,12,Winter,0,0,0,라그로타,제로콜라
2023-12-27,4,12,Winter,0,0,0,라그로타,제로콜라
2023-12-28,0,12,Winter,0,0,0,라그로타,제로콜라
2023-12-29,1,12,Winter,0,0,0,라그로타,제로콜라
2023-12-30,0,12,Winter,1,0,1,라그로타,제로콜라
2023-12-31,2,12,Winter,1,0,1,라그로타,제로콜라
2024-01-01,1,1,Winter,0,1,1,라그로타,제로콜라
2024-01-02,2,1,Winter,0,0,0,라그로타,제로콜라
2024-01-03,3,1,Winter,0,0,0,라그로타,제로콜라
2024-01-04,3,1,Winter,0,0,0,라그로타,제로콜라
2024-01-05,0,1,Winter,0,0,0,라그로타,제로콜라
2024-01-06,1,1,Winter,1,0,1,라그로타,제로콜라
2024-01-07,5,1,Winter,1,0,1,라그로타,제로콜라
2024-01-08,1,1,Winter,0,0,0,라그로타,제로콜라
2024-01-09,4,1,Winter,0,0,0,라그로타,제로콜라
2024-01-10,1,1,Winter,0,0,0,라그로타,제로콜라
2024-01-11,0,1,Winter,0,0,0,라그로타,제로콜라
2024-01-12,0,1,Winter,0,0,0,라그로타,제로콜라
2024-01-13,7,1,Winter,1,0,1,라그로타,제로콜라
2024-01-14,3,1,Winter,1,0,1,라그로타,제로콜라
2024-01-15,0,1,Winter,0,0,0,라그로타,제로콜라
2024-01-16,0,1,Winter,0,0,0,라그로타,제로콜라
2024-01-17,2,1,Winter,0,0,0,라그로타,제로콜라
2024-01-18,0,1,Winter,0,0,0,라그로타,제로콜라
2024-01-19,3,1,Winter,0,0,0,라그로타,제로콜라
2024-01-20,4,1,Winter,1,0,1,라그로타,제로콜라
2024-01-21,0,1,Winter,1,0,1,라그로타,제로콜라
2024-01-22,0,1,Winter,0,0,0,라그로타,제로콜라
2024-01-23,2,1,Winter,0,0,0,라그로타,제로콜라
2024-01-24,1,1,Winter,0,0,0,라그로타,제로콜라
2024-01-25,3,1,Winter,0,0,0,라그로타,제로콜라
2024-01-26,2,1,Winter,0,0,0,라그로타,제로콜라
2024-01-27,0,1,Winter,1,0,1,라그로타,제로콜라
2024-01-28,0,1,Winter,1,0,1,라그로타,제로콜라
2024-01-29,0,1,Winter,0,0,0,라그로타,제로콜라
2024-01-30,0,1,Winter,0,0,0,라그로타,제로콜라
2024-01-31,0,1,Winter,0,0,0,라그로타,제로콜라
2024-02-01,0,2,Winter,0,0,0,라그로타,제로콜라
2024-02-02,0,2,Winter,0,0,0,라그로타,제로콜라
2024-02-03,0,2,Winter,1,0,1,라그로타,제로콜라
2024-02-04,2,2,Winter,1,0,1,라그로타,제로콜라
2024-02-05,0,2,Winter,0,0,0,라그로타,제로콜라
2024-02-06,0,2,Winter,0,0,0,라그로타,제로콜라
2024-02-07,0,2,Winter,0,0,0,라그로타,제로콜라
2024-02-08,1,2,Winter,0,0,0,라그로타,제로콜라
2024-02-09,5,2,Winter,0,1,1,라그로타,제로콜라
2024-02-10,2,2,Winter,1,1,1,라그로타,제로콜라
2024-02-11,5,2,Winter,1,1,1,라그로타,제로콜라
2024-02-12,1,2,Winter,0,1,1,라그로타,제로콜라
2024-02-13,1,2,Winter,0,0,0,라그로타,제로콜라
2024-02-14,0,2,Winter,0,0,0,라그로타,제로콜라
2024-02-15,0,2,Winter,0,0,0,라그로타,제로콜라
2024-02-16,0,2,Winter,0,0,0,라그로타,제로콜라
2024-02-17,0,2,Winter,1,0,1,라그로타,제로콜라
2024-02-18,0,2,Winter,1,0,1,라그로타,제로콜라
2024-02-19,0,2,Winter,0,0,0,라그로타,제로콜라
2024-02-20,0,2,Winter,0,0,0,라그로타,제로콜라
2024-02-21,0,2,Winter,0,0,0,라그로타,제로콜라
2024-02-22,0,2,Winter,0,0,0,라그로타,제로콜라
2024-02-23,4,2,Winter,0,0,0,라그로타,제로콜라
2024-02-24,0,2,Winter,1,0,1,라그로타,제로콜라
2024-02-25,0,2,Winter,1,0,1,라그로타,제로콜라
2024-02-26,0,2,Winter,0,0,0,라그로타,제로콜라
2024-02-27,3,2,Winter,0,0,0,라그로타,제로콜라
2024-02-28,2,2,Winter,0,0,0,라그로타,제로콜라
2024-02-29,1,2,Winter,0,0,0,라그로타,제로콜라
2024-03-01,0,3,Spring,0,1,1,라그로타,제로콜라
2024-03-02,0,3,Spring,1,0,1,라그로타,제로콜라
2024-03-03,0,3,Spring,1,0,1,라그로타,제로콜라
2024-03-04,0,3,Spring,0,0,0,라그로타,제로콜라
2024-03-05,0,3,Spring,0,0,0,라그로타,제로콜라
2024-03-06,0,3,Spring,0,0,0,라그로타,제로콜라
2024-03-07,0,3,Spring,0,0,0,라그로타,제로콜라
2024-03-08,0,3,Spring,0,0,0,라그로타,제로콜라
2024-03-09,0,3,Spring,1,0,1,라그로타,제로콜라
2024-03-10,0,3,Spring,1,0,1,라그로타,제로콜라
2024-03-11,0,3,Spring,0,0,0,라그로타,제로콜라
2024-03-12,0,3,Spring,0,0,0,라그로타,제로콜라
2024-03-13,0,3,Spring,0,0,0,라그로타,제로콜라
2024-03-14,2,3,Spring,0,0,0,라그로타,제로콜라
2024-03-15,0,3,Spring,0,0,0,라그로타,제로콜라
2024-03-16,2,3,Spring,1,0,1,라그로타,제로콜라
2024-03-17,0,3,Spring,1,0,1,라그로타,제로콜라
2024-03-18,0,3,Spring,0,0,0,라그로타,제로콜라
2024-03-19,0,3,Spring,0,0,0,라그로타,제로콜라
2024-03-20,0,3,Spring,0,0,0,라그로타,제로콜라
2024-03-21,0,3,Spring,0,0,0,라그로타,제로콜라
2024-03-22,1,3,Spring,0,0,0,라그로타,제로콜라
2024-03-23,0,3,Spring,1,0,1,라그로타,제로콜라
2024-03-24,0,3,Spring,1,0,1,라그로타,제로콜라
2024-03-25,0,3,Spring,0,0,0,라그로타,제로콜라
2024-03-26,5,3,Spring,0,0,0,라그로타,제로콜라
2024-03-27,0,3,Spring,0,0,0,라그로타,제로콜라
2024-03-28,0,3,Spring,0,0,0,라그로타,제로콜라
2024-03-29,0,3,Spring,0,0,0,라그로타,제로콜라
2024-03-30,0,3,Spring,1,0,1,라그로타,제로콜라
2024-03-31,1,3,Spring,1,0,1,라그로타,제로콜라
2024-04-01,1,4,Spring,0,0,0,라그로타,제로콜라
2024-04-02,0,4,Spring,0,0,0,라그로타,제로콜라
2024-04-03,0,4,Spring,0,0,0,라그로타,제로콜라
2024-04-04,2,4,Spring,0,0,0,라그로타,제로콜라
2024-04-05,2,4,Spring,0,0,0,라그로타,제로콜라
2024-04-06,2,4,Spring,1,0,1,라그로타,제로콜라
2024-04-07,2,4,Spring,1,0,1,라그로타,제로콜라
2024-04-08,0,4,Spring,0,0,0,라그로타,제로콜라
2024-04-09,1,4,Spring,0,0,0,라그로타,제로콜라
2024-04-10,1,4,Spring,0,1,1,라그로타,제로콜라
2024-04-11,1,4,Spring,0,0,0,라그로타,제로콜라
2024-04-12,2,4,Spring,0,0,0,라그로타,제로콜라
2024-04-13,3,4,Spring,1,0,1,라그로타,제로콜라
2024-04-14,2,4,Spring,1,0,1,라그로타,제로콜라
2024-04-15,0,4,Spring,0,0,0,라그로타,제로콜라
2024-04-16,1,4,Spring,0,0,0,라그로타,제로콜라
2024-04-17,0,4,Spring,0,0,0,라그로타,제로콜라
2024-04-18,0,4,Spring,0,0,0,라그로타,제로콜라
2024-04-19,0,4,Spring,0,0,0,라그로타,제로콜라
2024-04-20,3,4,Spring,1,0,1,라그로타,제로콜라
2024-04-21,2,4,Spring,1,0,1,라그로타,제로콜라
2024-04-22,0,4,Spring,0,0,0,라그로타,제로콜라
2024-04-23,0,4,Spring,0,0,0,라그로타,제로콜라
2024-04-24,0,4,Spring,0,0,0,라그로타,제로콜라
2024-04-25,0,4,Spring,0,0,0,라그로타,제로콜라
2024-04-26,1,4,Spring,0,0,0,라그로타,제로콜라
2024-04-27,0,4,Spring,1,0,1,라그로타,제로콜라
2024-04-28,2,4,Spring,1,0,1,라그로타,제로콜라
2024-04-29,0,4,Spring,0,0,0,라그로타,제로콜라
2024-04-30,0,4,Spring,0,0,0,라그로타,제로콜라
2024-05-01,1,5,Spring,0,0,0,라그로타,제로콜라
2024-05-02,0,5,Spring,0,0,0,라그로타,제로콜라
2024-05-03,0,5,Spring,0,0,0,라그로타,제로콜라
2024-05-04,1,5,Spring,1,0,1,라그로타,제로콜라
2024-05-05,1,5,Spring,1,1,1,라그로타,제로콜라
2024-05-06,0,5,Spring,0,1,1,라그로타,제로콜라
2024-05-07,1,5,Spring,0,0,0,라그로타,제로콜라
2024-05-08,0,5,Spring,0,0,0,라그로타,제로콜라
2024-05-09,0,5,Spring,0,0,0,라그로타,제로콜라
2024-05-10,0,5,Spring,0,0,0,라그로타,제로콜라
2024-05-11,1,5,Spring,1,0,1,라그로타,제로콜라
2024-05-12,0,5,Spring,1,0,1,라그로타,제로콜라
2024-05-13,0,5,Spring,0,0,0,라그로타,제로콜라
2024-05-14,2,5,Spring,0,0,0,라그로타,제로콜라
2024-05-15,0,5,Spring,0,1,1,라그로타,제로콜라
2024-05-16,0,5,Spring,0,0,0,라그로타,제로콜라
2024-05-17,0,5,Spring,0,0,0,라그로타,제로콜라
2024-05-18,2,5,Spring,1,0,1,라그로타,제로콜라
2024-05-19,0,5,Spring,1,0,1,라그로타,제로콜라
2024-05-20,0,5,Spring,0,0,0,라그로타,제로콜라
2024-05-21,0,5,Spring,0,0,0,라그로타,제로콜라
2024-05-22,0,5,Spring,0,0,0,라그로타,제로콜라
2024-05-23,0,5,Spring,0,0,0,라그로타,제로콜라
2024-05-24,0,5,Spring,0,0,0,라그로타,제로콜라
2024-05-25,0,5,Spring,1,0,1,라그로타,제로콜라
2024-05-26,5,5,Spring,1,0,1,라그로타,제로콜라
2024-05-27,0,5,Spring,0,0,0,라그로타,제로콜라
2024-05-28,0,5,Spring,0,0,0,라그로타,제로콜라
2024-05-29,0,5,Spring,0,0,0,라그로타,제로콜라
2024-05-30,3,5,Spring,0,0,0,라그로타,제로콜라
2024-05-31,3,5,Spring,0,0,0,라그로타,제로콜라
2024-06-01,0,6,Summer,1,0,1,라그로타,제로콜라
2024-06-02,0,6,Summer,1,0,1,라그로타,제로콜라
2024-06-03,0,6,Summer,0,0,0,라그로타,제로콜라
2024-06-04,0,6,Summer,0,0,0,라그로타,제로콜라
2024-06-05,0,6,Summer,0,0,0,라그로타,제로콜라
2024-06-06,0,6,Summer,0,1,1,라그로타,제로콜라
2024-06-07,0,6,Summer,0,0,0,라그로타,제로콜라
2024-06-08,0,6,Summer,1,0,1,라그로타,제로콜라
2024-06-09,0,6,Summer,1,0,1,라그로타,제로콜라
2024-06-10,0,6,Summer,0,0,0,라그로타,제로콜라
2024-06-11,0,6,Summer,0,0,0,라그로타,제로콜라
2024-06-12,2,6,Summer,0,0,0,라그로타,제로콜라
2024-06-13,0,6,Summer,0,0,0,라그로타,제로콜라
2024-06-14,0,6,Summer,0,0,0,라그로타,제로콜라
2024-06-15,0,6,Summer,1,0,1,라그로타,제로콜라
2023-01-01,1,1,Winter,1,1,1,라그로타,카스
2023-01-02,0,1,Winter,0,0,0,라그로타,카스
2023-01-03,3,1,Winter,0,0,0,라그로타,카스
2023-01-04,8,1,Winter,0,0,0,라그로타,카스
2023-01-05,5,1,Winter,0,0,0,라그로타,카스
2023-01-06,4,1,Winter,0,0,0,라그로타,카스
2023-01-07,6,1,Winter,1,0,1,라그로타,카스
2023-01-08,0,1,Winter,1,0,1,라그로타,카스
2023-01-09,2,1,Winter,0,0,0,라그로타,카스
2023-01-10,0,1,Winter,0,0,0,라그로타,카스
2023-01-11,2,1,Winter,0,0,0,라그로타,카스
2023-01-12,1,1,Winter,0,0,0,라그로타,카스
2023-01-13,0,1,Winter,0,0,0,라그로타,카스
2023-01-14,1,1,Winter,1,0,1,라그로타,카스
2023-01-15,0,1,Winter,1,0,1,라그로타,카스
2023-01-16,0,1,Winter,0,0,0,라그로타,카스
2023-01-17,0,1,Winter,0,0,0,라그로타,카스
2023-01-18,0,1,Winter,0,0,0,라그로타,카스
2023-01-19,2,1,Winter,0,0,0,라그로타,카스
2023-01-20,2,1,Winter,0,0,0,라그로타,카스
2023-01-21,1,1,Winter,1,1,1,라그로타,카스
2023-01-22,0,1,Winter,1,1,1,라그로타,카스
2023-01-23,0,1,Winter,0,1,1,라그로타,카스
2023-01-24,0,1,Winter,0,1,1,라그로타,카스
2023-01-25,0,1,Winter,0,0,0,라그로타,카스
2023-01-26,0,1,Winter,0,0,0,라그로타,카스
2023-01-27,3,1,Winter,0,0,0,라그로타,카스
2023-01-28,0,1,Winter,1,0,1,라그로타,카스
2023-01-29,1,1,Winter,1,0,1,라그로타,카스
2023-01-30,0,1,Winter,0,0,0,라그로타,카스
2023-01-31,1,1,Winter,0,0,0,라그로타,카스
2023-02-01,0,2,Winter,0,0,0,라그로타,카스
2023-02-02,11,2,Winter,0,0,0,라그로타,카스
2023-02-03,0,2,Winter,0,0,0,라그로타,카스
2023-02-04,3,2,Winter,1,0,1,라그로타,카스
2023-02-05,0,2,Winter,1,0,1,라그로타,카스
2023-02-06,0,2,Winter,0,0,0,라그로타,카스
2023-02-07,0,2,Winter,0,0,0,라그로타,카스
2023-02-08,3,2,Winter,0,0,0,라그로타,카스
2023-02-09,0,2,Winter,0,0,0,라그로타,카스
2023-02-10,0,2,Winter,0,0,0,라그로타,카스
2023-02-11,0,2,Winter,1,0,1,라그로타,카스
2023-02-12,0,2,Winter,1,0,1,라그로타,카스
2023-02-13,0,2,Winter,0,0,0,라그로타,카스
2023-02-14,3,2,Winter,0,0,0,라그로타,카스
2023-02-15,1,2,Winter,0,0,0,라그로타,카스
2023-02-16,0,2,Winter,0,0,0,라그로타,카스
2023-02-17,0,2,Winter,0,0,0,라그로타,카스
2023-02-18,0,2,Winter,1,0,1,라그로타,카스
2023-02-19,0,2,Winter,1,0,1,라그로타,카스
2023-02-20,0,2,Winter,0,0,0,라그로타,카스
2023-02-21,1,2,Winter,0,0,0,라그로타,카스
2023-02-22,0,2,Winter,0,0,0,라그로타,카스
2023-02-23,0,2,Winter,0,0,0,라그로타,카스
2023-02-24,4,2,Winter,0,0,0,라그로타,카스
2023-02-25,2,2,Winter,1,0,1,라그로타,카스
2023-02-26,1,2,Winter,1,0,1,라그로타,카스
2023-02-27,0,2,Winter,0,0,0,라그로타,카스
2023-02-28,1,2,Winter,0,0,0,라그로타,카스
2023-03-01,0,3,Spring,0,1,1,라그로타,카스
2023-03-02,0,3,Spring,0,0,0,라그로타,카스
2023-03-03,0,3,Spring,0,0,0,라그로타,카스
2023-03-04,0,3,Spring,1,0,1,라그로타,카스
2023-03-05,0,3,Spring,1,0,1,라그로타,카스
2023-03-06,0,3,Spring,0,0,0,라그로타,카스
2023-03-07,0,3,Spring,0,0,0,라그로타,카스
2023-03-08,0,3,Spring,0,0,0,라그로타,카스
2023-03-09,0,3,Spring,0,0,0,라그로타,카스
2023-03-10,0,3,Spring,0,0,0,라그로타,카스
2023-03-11,5,3,Spring,1,0,1,라그로타,카스
2023-03-12,0,3,Spring,1,0,1,라그로타,카스
2023-03-13,0,3,Spring,0,0,0,라그로타,카스
2023-03-14,1,3,Spring,0,0,0,라그로타,카스
2023-03-15,0,3,Spring,0,0,0,라그로타,카스
2023-03-16,0,3,Spring,0,0,0,라그로타,카스
2023-03-17,2,3,Spring,0,0,0,라그로타,카스
2023-03-18,0,3,Spring,1,0,1,라그로타,카스
2023-03-19,1,3,Spring,1,0,1,라그로타,카스
2023-03-20,0,3,Spring,0,0,0,라그로타,카스
2023-03-21,0,3,Spring,0,0,0,라그로타,카스
2023-03-22,0,3,Spring,0,0,0,라그로타,카스
2023-03-23,0,3,Spring,0,0,0,라그로타,카스
2023-03-24,1,3,Spring,0,0,0,라그로타,카스
2023-03-25,3,3,Spring,1,0,1,라그로타,카스
2023-03-26,0,3,Spring,1,0,1,라그로타,카스
2023-03-27,0,3,Spring,0,0,0,라그로타,카스
2023-03-28,0,3,Spring,0,0,0,라그로타,카스
2023-03-29,0,3,Spring,0,0,0,라그로타,카스
2023-03-30,0,3,Spring,0,0,0,라그로타,카스
2023-03-31,0,3,Spring,0,0,0,라그로타,카스
2023-04-01,2,4,Spring,1,0,1,라그로타,카스
2023-04-02,0,4,Spring,1,0,1,라그로타,카스
2023-04-03,0,4,Spring,0,0,0,라그로타,카스
2023-04-04,6,4,Spring,0,0,0,라그로타,카스
2023-04-05,2,4,Spring,0,0,0,라그로타,카스
2023-04-06,0,4,Spring,0,0,0,라그로타,카스
2023-04-07,0,4,Spring,0,0,0,라그로타,카스
2023-04-08,1,4,Spring,1,0,1,라그로타,카스
2023-04-09,0,4,Spring,1,0,1,라그로타,카스
2023-04-10,0,4,Spring,0,0,0,라그로타,카스
2023-04-11,0,4,Spring,0,0,0,라그로타,카스
2023-04-12,0,4,Spring,0,0,0,라그로타,카스
2023-04-13,0,4,Spring,0,0,0,라그로타,카스
2023-04-14,4,4,Spring,0,0,0,라그로타,카스
2023-04-15,3,4,Spring,1,0,1,라그로타,카스
2023-04-16,3,4,Spring,1,0,1,라그로타,카스
2023-04-17,0,4,Spring,0,0,0,라그로타,카스
2023-04-18,0,4,Spring,0,0,0,라그로타,카스
2023-04-19,0,4,Spring,0,0,0,라그로타,카스
2023-04-20,15,4,Spring,0,0,0,라그로타,카스
2023-04-21,0,4,Spring,0,0,0,라그로타,카스
2023-04-22,2,4,Spring,1,0,1,라그로타,카스
2023-04-23,2,4,Spring,1,0,1,라그로타,카스
2023-04-24,0,4,Spring,0,0,0,라그로타,카스
2023-04-25,0,4,Spring,0,0,0,라그로타,카스
2023-04-26,0,4,Spring,0,0,0,라그로타,카스
2023-04-27,0,4,Spring,0,0,0,라그로타,카스
2023-04-28,0,4,Spring,0,0,0,라그로타,카스
2023-04-29,8,4,Spring,1,0,1,라그로타,카스
2023-04-30,4,4,Spring,1,0,1,라그로타,카스
2023-05-01,0,5,Spring,0,0,0,라그로타,카스
2023-05-02,2,5,Spring,0,0,0,라그로타,카스
2023-05-03,4,5,Spring,0,0,0,라그로타,카스
2023-05-04,0,5,Spring,0,0,0,라그로타,카스
2023-05-05,8,5,Spring,0,1,1,라그로타,카스
2023-05-06,2,5,Spring,1,0,1,라그로타,카스
2023-05-07,0,5,Spring,1,0,1,라그로타,카스
2023-05-08,0,5,Spring,0,0,0,라그로타,카스
2023-05-09,0,5,Spring,0,0,0,라그로타,카스
2023-05-10,0,5,Spring,0,0,0,라그로타,카스
2023-05-11,0,5,Spring,0,0,0,라그로타,카스
2023-05-12,0,5,Spring,0,0,0,라그로타,카스
2023-05-13,0,5,Spring,1,0,1,라그로타,카스
2023-05-14,0,5,Spring,1,0,1,라그로타,카스
2023-05-15,0,5,Spring,0,0,0,라그로타,카스
2023-05-16,0,5,Spring,0,0,0,라그로타,카스
2023-05-17,1,5,Spring,0,0,0,라그로타,카스
2023-05-18,0,5,Spring,0,0,0,라그로타,카스
2023-05-19,0,5,Spring,0,0,0,라그로타,카스
2023-05-20,6,5,Spring,1,0,1,라그로타,카스
2023-05-21,0,5,Spring,1,0,1,라그로타,카스
2023-05-22,0,5,Spring,0,0,0,라그로타,카스
2023-05-23,0,5,Spring,0,0,0,라그로타,카스
2023-05-24,0,5,Spring,0,0,0,라그로타,카스
2023-05-25,0,5,Spring,0,0,0,라그로타,카스
2023-05-26,2,5,Spring,0,0,0,라그로타,카스
2023-05-27,7,5,Spring,1,1,1,라그로타,카스
2023-05-28,0,5,Spring,1,0,1,라그로타,카스
2023-05-29,1,5,Spring,0,1,1,라그로타,카스
2023-05-30,6,5,Spring,0,0,0,라그로타,카스
2023-05-31,0,5,Spring,0,0,0,라그로타,카스
2023-06-01,1,6,Summer,0,0,0,라그로타,카스
2023-06-02,0,6,Summer,0,0,0,라그로타,카스
2023-06-03,2,6,Summer,1,0,1,라그로타,카스
2023-06-04,2,6,Summer,1,0,1,라그로타,카스
2023-06-05,2,6,Summer,0,0,0,라그로타,카스
2023-06-06,0,6,Summer,0,1,1,라그로타,카스
2023-06-07,0,6,Summer,0,0,0,라그로타,카스
2023-06-08,2,6,Summer,0,0,0,라그로타,카스
2023-06-09,0,6,Summer,0,0,0,라그로타,카스
2023-06-10,0,6,Summer,1,0,1,라그로타,카스
2023-06-11,0,6,Summer,1,0,1,라그로타,카스
2023-06-12,0,6,Summer,0,0,0,라그로타,카스
2023-06-13,0,6,Summer,0,0,0,라그로타,카스
2023-06-14,0,6,Summer,0,0,0,라그로타,카스
2023-06-15,0,6,Summer,0,0,0,라그로타,카스
2023-06-16,1,6,Summer,0,0,0,라그로타,카스
2023-06-17,4,6,Summer,1,0,1,라그로타,카스
2023-06-18,0,6,Summer,1,0,1,라그로타,카스
2023-06-19,0,6,Summer,0,0,0,라그로타,카스
2023-06-20,0,6,Summer,0,0,0,라그로타,카스
2023-06-21,0,6,Summer,0,0,0,라그로타,카스
2023-06-22,0,6,Summer,0,0,0,라그로타,카스
2023-06-23,0,6,Summer,0,0,0,라그로타,카스
2023-06-24,3,6,Summer,1,0,1,라그로타,카스
2023-06-25,0,6,Summer,1,0,1,라그로타,카스
2023-06-26,0,6,Summer,0,0,0,라그로타,카스
2023-06-27,2,6,Summer,0,0,0,라그로타,카스
2023-06-28,0,6,Summer,0,0,0,라그로타,카스
2023-06-29,0,6,Summer,0,0,0,라그로타,카스
2023-06-30,2,6,Summer,0,0,0,라그로타,카스
2023-07-01,6,7,Summer,1,0,1,라그로타,카스
2023-07-02,2,7,Summer,1,0,1,라그로타,카스
2023-07-03,0,7,Summer,0,0,0,라그로타,카스
2023-07-04,0,7,Summer,0,0,0,라그로타,카스
2023-07-05,0,7,Summer,0,0,0,라그로타,카스
2023-07-06,0,7,Summer,0,0,0,라그로타,카스
2023-07-07,2,7,Summer,0,0,0,라그로타,카스
2023-07-08,1,7,Summer,1,0,1,라그로타,카스
2023-07-09,0,7,Summer,1,0,1,라그로타,카스
2023-07-10,0,7,Summer,0,0,0,라그로타,카스
2023-07-11,0,7,Summer,0,0,0,라그로타,카스
2023-07-12,0,7,Summer,0,0,0,라그로타,카스
2023-07-13,0,7,Summer,0,0,0,라그로타,카스
2023-07-14,1,7,Summer,0,0,0,라그로타,카스
2023-07-15,0,7,Summer,1,0,1,라그로타,카스
2023-07-16,0,7,Summer,1,0,1,라그로타,카스
2023-07-17,0,7,Summer,0,0,0,라그로타,카스
2023-07-18,0,7,Summer,0,0,0,라그로타,카스
2023-07-19,0,7,Summer,0,0,0,라그로타,카스
2023-07-20,0,7,Summer,0,0,0,라그로타,카스
2023-07-21,4,7,Summer,0,0,0,라그로타,카스
2023-07-22,0,7,Summer,1,0,1,라그로타,카스
2023-07-23,0,7,Summer,1,0,1,라그로타,카스
2023-07-24,0,7,Summer,0,0,0,라그로타,카스
2023-07-25,0,7,Summer,0,0,0,라그로타,카스
2023-07-26,0,7,Summer,0,0,0,라그로타,카스
2023-07-27,0,7,Summer,0,0,0,라그로타,카스
2023-07-28,1,7,Summer,0,0,0,라그로타,카스
2023-07-29,2,7,Summer,1,0,1,라그로타,카스
2023-07-30,1,7,Summer,1,0,1,라그로타,카스
2023-07-31,0,7,Summer,0,0,0,라그로타,카스
2023-08-01,6,8,Summer,0,0,0,라그로타,카스
2023-08-02,4,8,Summer,0,0,0,라그로타,카스
2023-08-03,0,8,Summer,0,0,0,라그로타,카스
2023-08-04,0,8,Summer,0,0,0,라그로타,카스
2023-08-05,3,8,Summer,1,0,1,라그로타,카스
2023-08-06,0,8,Summer,1,0,1,라그로타,카스
2023-08-07,0,8,Summer,0,0,0,라그로타,카스
2023-08-08,2,8,Summer,0,0,0,라그로타,카스
2023-08-09,1,8,Summer,0,0,0,라그로타,카스
2023-08-10,0,8,Summer,0,0,0,라그로타,카스
2023-08-11,0,8,Summer,0,0,0,라그로타,카스
2023-08-12,1,8,Summer,1,0,1,라그로타,카스
2023-08-13,5,8,Summer,1,0,1,라그로타,카스
2023-08-14,0,8,Summer,0,0,0,라그로타,카스
2023-08-15,0,8,Summer,0,1,1,라그로타,카스
2023-08-16,2,8,Summer,0,0,0,라그로타,카스
2023-08-17,0,8,Summer,0,0,0,라그로타,카스
2023-08-18,0,8,Summer,0,0,0,라그로타,카스
2023-08-19,1,8,Summer,1,0,1,라그로타,카스
2023-08-20,0,8,Summer,1,0,1,라그로타,카스
2023-08-21,0,8,Summer,0,0,0,라그로타,카스
2023-08-22,0,8,Summer,0,0,0,라그로타,카스
2023-08-23,0,8,Summer,0,0,0,라그로타,카스
2023-08-24,1,8,Summer,0,0,0,라그로타,카스
2023-08-25,0,8,Summer,0,0,0,라그로타,카스
2023-08-26,3,8,Summer,1,0,1,라그로타,카스
2023-08-27,0,8,Summer,1,0,1,라그로타,카스
2023-08-28,0,8,Summer,0,0,0,라그로타,카스
2023-08-29,1,8,Summer,0,0,0,라그로타,카스
2023-08-30,1,8,Summer,0,0,0,라그로타,카스
2023-08-31,0,8,Summer,0,0,0,라그로타,카스
2023-09-01,4,9,Autumn,0,0,0,라그로타,카스
2023-09-02,0,9,Autumn,1,0,1,라그로타,카스
2023-09-03,4,9,Autumn,1,0,1,라그로타,카스
2023-09-04,0,9,Autumn,0,0,0,라그로타,카스
2023-09-05,0,9,Autumn,0,0,0,라그로타,카스
2023-09-06,0,9,Autumn,0,0,0,라그로타,카스
2023-09-07,0,9,Autumn,0,0,0,라그로타,카스
2023-09-08,0,9,Autumn,0,0,0,라그로타,카스
2023-09-09,12,9,Autumn,1,0,1,라그로타,카스
2023-09-10,0,9,Autumn,1,0,1,라그로타,카스
2023-09-11,0,9,Autumn,0,0,0,라그로타,카스
2023-09-12,0,9,Autumn,0,0,0,라그로타,카스
2023-09-13,0,9,Autumn,0,0,0,라그로타,카스
2023-09-14,0,9,Autumn,0,0,0,라그로타,카스
2023-09-15,0,9,Autumn,0,0,0,라그로타,카스
2023-09-16,3,9,Autumn,1,0,1,라그로타,카스
2023-09-17,3,9,Autumn,1,0,1,라그로타,카스
2023-09-18,0,9,Autumn,0,0,0,라그로타,카스
2023-09-19,0,9,Autumn,0,0,0,라그로타,카스
2023-09-20,0,9,Autumn,0,0,0,라그로타,카스
2023-09-21,0,9,Autumn,0,0,0,라그로타,카스
2023-09-22,0,9,Autumn,0,0,0,라그로타,카스
2023-09-23,0,9,Autumn,1,0,1,라그로타,카스
2023-09-24,0,9,Autumn,1,0,1,라그로타,카스
2023-09-25,0,9,Autumn,0,0,0,라그로타,카스
2023-09-26,0,9,Autumn,0,0,0,라그로타,카스
2023-09-27,4,9,Autumn,0,0,0,라그로타,카스
2023-09-28,0,9,Autumn,0,1,1,라그로타,카스
2023-09-29,0,9,Autumn,0,1,1,라그로타,카스
2023-09-30,0,9,Autumn,1,1,1,라그로타,카스
2023-10-01,0,10,Autumn,1,0,1,라그로타,카스
2023-10-02,2,10,Autumn,0,1,1,라그로타,카스
2023-10-03,0,10,Autumn,0,1,1,라그로타,카스
2023-10-04,0,10,Autumn,0,0,0,라그로타,카스
2023-10-05,0,10,Autumn,0,0,0,라그로타,카스
2023-10-06,0,10,Autumn,0,0,0,라그로타,카스
2023-10-07,0,10,Autumn,1,0,1,라그로타,카스
2023-10-08,2,10,Autumn,1,0,1,라그로타,카스
2023-10-09,1,10,Autumn,0,1,1,라그로타,카스
2023-10-10,0,10,Autumn,0,0,0,라그로타,카스
2023-10-11,0,10,Autumn,0,0,0,라그로타,카스
2023-10-12,0,10,Autumn,0,0,0,라그로타,카스
2023-10-13,2,10,Autumn,0,0,0,라그로타,카스
2023-10-14,1,10,Autumn,1,0,1,라그로타,카스
2023-10-15,0,10,Autumn,1,0,1,라그로타,카스
2023-10-16,0,10,Autumn,0,0,0,라그로타,카스
2023-10-17,2,10,Autumn,0,0,0,라그로타,카스
2023-10-18,0,10,Autumn,0,0,0,라그로타,카스
2023-10-19,3,10,Autumn,0,0,0,라그로타,카스
2023-10-20,0,10,Autumn,0,0,0,라그로타,카스
2023-10-21,1,10,Autumn,1,0,1,라그로타,카스
2023-10-22,1,10,Autumn,1,0,1,라그로타,카스
2023-10-23,0,10,Autumn,0,0,0,라그로타,카스
2023-10-24,1,10,Autumn,0,0,0,라그로타,카스
2023-10-25,0,10,Autumn,0,0,0,라그로타,카스
2023-10-26,1,10,Autumn,0,0,0,라그로타,카스
2023-10-27,1,10,Autumn,0,0,0,라그로타,카스
2023-10-28,1,10,Autumn,1,0,1,라그로타,카스
2023-10-29,3,10,Autumn,1,0,1,라그로타,카스
2023-10-30,0,10,Autumn,0,0,0,라그로타,카스
2023-10-31,3,10,Autumn,0,0,0,라그로타,카스
2023-11-01,0,11,Autumn,0,0,0,라그로타,카스
2023-11-02,3,11,Autumn,0,0,0,라그로타,카스
2023-11-03,0,11,Autumn,0,0,0,라그로타,카스
2023-11-04,0,11,Autumn,1,0,1,라그로타,카스
2023-11-05,0,11,Autumn,1,0,1,라그로타,카스
2023-11-06,0,11,Autumn,0,0,0,라그로타,카스
2023-11-07,5,11,Autumn,0,0,0,라그로타,카스
2023-11-08,0,11,Autumn,0,0,0,라그로타,카스
2023-11-09,1,11,Autumn,0,0,0,라그로타,카스
2023-11-10,0,11,Autumn,0,0,0,라그로타,카스
2023-11-11,1,11,Autumn,1,0,1,라그로타,카스
2023-11-12,0,11,Autumn,1,0,1,라그로타,카스
2023-11-13,0,11,Autumn,0,0,0,라그로타,카스
2023-11-14,1,11,Autumn,0,0,0,라그로타,카스
2023-11-15,0,11,Autumn,0,0,0,라그로타,카스
2023-11-16,0,11,Autumn,0,0,0,라그로타,카스
2023-11-17,4,11,Autumn,0,0,0,라그로타,카스
2023-11-18,3,11,Autumn,1,0,1,라그로타,카스
2023-11-19,2,11,Autumn,1,0,1,라그로타,카스
2023-11-20,0,11,Autumn,0,0,0,라그로타,카스
2023-11-21,0,11,Autumn,0,0,0,라그로타,카스
2023-11-22,0,11,Autumn,0,0,0,라그로타,카스
2023-11-23,2,11,Autumn,0,0,0,라그로타,카스
2023-11-24,1,11,Autumn,0,0,0,라그로타,카스
2023-11-25,0,11,Autumn,1,0,1,라그로타,카스
2023-11-26,2,11,Autumn,1,0,1,라그로타,카스
2023-11-27,0,11,Autumn,0,0,0,라그로타,카스
2023-11-28,0,11,Autumn,0,0,0,라그로타,카스
2023-11-29,0,11,Autumn,0,0,0,라그로타,카스
2023-11-30,0,11,Autumn,0,0,0,라그로타,카스
2023-12-01,0,12,Winter,0,0,0,라그로타,카스
2023-12-02,3,12,Winter,1,0,1,라그로타,카스
2023-12-03,1,12,Winter,1,0,1,라그로타,카스
2023-12-04,0,12,Winter,0,0,0,라그로타,카스
2023-12-05,0,12,Winter,0,0,0,라그로타,카스
2023-12-06,0,12,Winter,0,0,0,라그로타,카스
2023-12-07,0,12,Winter,0,0,0,라그로타,카스
2023-12-08,0,12,Winter,0,0,0,라그로타,카스
2023-12-09,2,12,Winter,1,0,1,라그로타,카스
2023-12-10,3,12,Winter,1,0,1,라그로타,카스
2023-12-11,0,12,Winter,0,0,0,라그로타,카스
2023-12-12,0,12,Winter,0,0,0,라그로타,카스
2023-12-13,0,12,Winter,0,0,0,라그로타,카스
2023-12-14,2,12,Winter,0,0,0,라그로타,카스
2023-12-15,0,12,Winter,0,0,0,라그로타,카스
2023-12-16,0,12,Winter,1,0,1,라그로타,카스
2023-12-17,0,12,Winter,1,0,1,라그로타,카스
2023-12-18,0,12,Winter,0,0,0,라그로타,카스
2023-12-19,0,12,Winter,0,0,0,라그로타,카스
2023-12-20,0,12,Winter,0,0,0,라그로타,카스
2023-12-21,2,12,Winter,0,0,0,라그로타,카스
2023-12-22,0,12,Winter,0,0,0,라그로타,카스
2023-12-23,2,12,Winter,1,0,1,라그로타,카스
2023-12-24,1,12,Winter,1,0,1,라그로타,카스
2023-12-25,0,12,Winter,0,1,1,라그로타,카스
2023-12-26,2,12,Winter,0,0,0,라그로타,카스
2023-12-27,0,12,Winter,0,0,0,라그로타,카스
2023-12-28,1,12,Winter,0,0,0,라그로타,카스
2023-12-29,0,12,Winter,0,0,0,라그로타,카스
2023-12-30,2,12,Winter,1,0,1,라그로타,카스
2023-12-31,4,12,Winter,1,0,1,라그로타,카스
2024-01-01,2,1,Winter,0,1,1,라그로타,카스
2024-01-02,1,1,Winter,0,0,0,라그로타,카스
2024-01-03,1,1,Winter,0,0,0,라그로타,카스
2024-01-04,0,1,Winter,0,0,0,라그로타,카스
2024-01-05,0,1,Winter,0,0,0,라그로타,카스
2024-01-06,1,1,Winter,1,0,1,라그로타,카스
2024-01-07,0,1,Winter,1,0,1,라그로타,카스
2024-01-08,0,1,Winter,0,0,0,라그로타,카스
2024-01-09,2,1,Winter,0,0,0,라그로타,카스
2024-01-10,0,1,Winter,0,0,0,라그로타,카스
2024-01-11,0,1,Winter,0,0,0,라그로타,카스
2024-01-12,0,1,Winter,0,0,0,라그로타,카스
2024-01-13,0,1,Winter,1,0,1,라그로타,카스
2024-01-14,0,1,Winter,1,0,1,라그로타,카스
2024-01-15,5,1,Winter,0,0,0,라그로타,카스
2024-01-16,4,1,Winter,0,0,0,라그로타,카스
2024-01-17,0,1,Winter,0,0,0,라그로타,카스
2024-01-18,0,1,Winter,0,0,0,라그로타,카스
2024-01-19,0,1,Winter,0,0,0,라그로타,카스
2024-01-20,0,1,Winter,1,0,1,라그로타,카스
2024-01-21,2,1,Winter,1,0,1,라그로타,카스
2024-01-22,8,1,Winter,0,0,0,라그로타,카스
2024-01-23,3,1,Winter,0,0,0,라그로타,카스
2024-01-24,0,1,Winter,0,0,0,라그로타,카스
2024-01-25,0,1,Winter,0,0,0,라그로타,카스
2024-01-26,0,1,Winter,0,0,0,라그로타,카스
2024-01-27,0,1,Winter,1,0,1,라그로타,카스
2024-01-28,1,1,Winter,1,0,1,라그로타,카스
2024-01-29,0,1,Winter,0,0,0,라그로타,카스
2024-01-30,0,1,Winter,0,0,0,라그로타,카스
2024-01-31,0,1,Winter,0,0,0,라그로타,카스
2024-02-01,0,2,Winter,0,0,0,라그로타,카스
2024-02-02,1,2,Winter,0,0,0,라그로타,카스
2024-02-03,0,2,Winter,1,0,1,라그로타,카스
2024-02-04,0,2,Winter,1,0,1,라그로타,카스
2024-02-05,1,2,Winter,0,0,0,라그로타,카스
2024-02-06,1,2,Winter,0,0,0,라그로타,카스
2024-02-07,0,2,Winter,0,0,0,라그로타,카스
2024-02-08,0,2,Winter,0,0,0,라그로타,카스
2024-02-09,6,2,Winter,0,1,1,라그로타,카스
2024-02-10,2,2,Winter,1,1,1,라그로타,카스
2024-02-11,0,2,Winter,1,1,1,라그로타,카스
2024-02-12,6,2,Winter,0,1,1,라그로타,카스
2024-02-13,1,2,Winter,0,0,0,라그로타,카스
2024-02-14,0,2,Winter,0,0,0,라그로타,카스
2024-02-15,1,2,Winter,0,0,0,라그로타,카스
2024-02-16,3,2,Winter,0,0,0,라그로타,카스
2024-02-17,4,2,Winter,1,0,1,라그로타,카스
2024-02-18,0,2,Winter,1,0,1,라그로타,카스
2024-02-19,0,2,Winter,0,0,0,라그로타,카스
2024-02-20,0,2,Winter,0,0,0,라그로타,카스
2024-02-21,0,2,Winter,0,0,0,라그로타,카스
2024-02-22,0,2,Winter,0,0,0,라그로타,카스
2024-02-23,1,2,Winter,0,0,0,라그로타,카스
2024-02-24,0,2,Winter,1,0,1,라그로타,카스
2024-02-25,2,2,Winter,1,0,1,라그로타,카스
2024-02-26,0,2,Winter,0,0,0,라그로타,카스
2024-02-27,1,2,Winter,0,0,0,라그로타,카스
2024-02-28,1,2,Winter,0,0,0,라그로타,카스
2024-02-29,1,2,Winter,0,0,0,라그로타,카스
2024-03-01,0,3,Spring,0,1,1,라그로타,카스
2024-03-02,2,3,Spring,1,0,1,라그로타,카스
2024-03-03,2,3,Spring,1,0,1,라그로타,카스
2024-03-04,0,3,Spring,0,0,0,라그로타,카스
2024-03-05,0,3,Spring,0,0,0,라그로타,카스
2024-03-06,0,3,Spring,0,0,0,라그로타,카스
2024-03-07,0,3,Spring,0,0,0,라그로타,카스
2024-03-08,0,3,Spring,0,0,0,라그로타,카스
2024-03-09,0,3,Spring,1,0,1,라그로타,카스
2024-03-10,0,3,Spring,1,0,1,라그로타,카스
2024-03-11,0,3,Spring,0,0,0,라그로타,카스
2024-03-12,0,3,Spring,0,0,0,라그로타,카스
2024-03-13,0,3,Spring,0,0,0,라그로타,카스
2024-03-14,1,3,Spring,0,0,0,라그로타,카스
2024-03-15,0,3,Spring,0,0,0,라그로타,카스
2024-03-16,1,3,Spring,1,0,1,라그로타,카스
2024-03-17,0,3,Spring,1,0,1,라그로타,카스
2024-03-18,0,3,Spring,0,0,0,라그로타,카스
2024-03-19,0,3,Spring,0,0,0,라그로타,카스
2024-03-20,0,3,Spring,0,0,0,라그로타,카스
2024-03-21,0,3,Spring,0,0,0,라그로타,카스
2024-03-22,0,3,Spring,0,0,0,라그로타,카스
2024-03-23,7,3,Spring,1,0,1,라그로타,카스
2024-03-24,0,3,Spring,1,0,1,라그로타,카스
2024-03-25,0,3,Spring,0,0,0,라그로타,카스
2024-03-26,0,3,Spring,0,0,0,라그로타,카스
2024-03-27,0,3,Spring,0,0,0,라그로타,카스
2024-03-28,0,3,Spring,0,0,0,라그로타,카스
2024-03-29,0,3,Spring,0,0,0,라그로타,카스
2024-03-30,0,3,Spring,1,0,1,라그로타,카스
2024-03-31,3,3,Spring,1,0,1,라그로타,카스
2024-04-01,0,4,Spring,0,0,0,라그로타,카스
2024-04-02,5,4,Spring,0,0,0,라그로타,카스
2024-04-03,1,4,Spring,0,0,0,라그로타,카스
2024-04-04,0,4,Spring,0,0,0,라그로타,카스
2024-04-05,4,4,Spring,0,0,0,라그로타,카스
2024-04-06,0,4,Spring,1,0,1,라그로타,카스
2024-04-07,2,4,Spring,1,0,1,라그로타,카스
2024-04-08,0,4,Spring,0,0,0,라그로타,카스
2024-04-09,0,4,Spring,0,0,0,라그로타,카스
2024-04-10,0,4,Spring,0,1,1,라그로타,카스
2024-04-11,0,4,Spring,0,0,0,라그로타,카스
2024-04-12,0,4,Spring,0,0,0,라그로타,카스
2024-04-13,5,4,Spring,1,0,1,라그로타,카스
2024-04-14,1,4,Spring,1,0,1,라그로타,카스
2024-04-15,0,4,Spring,0,0,0,라그로타,카스
2024-04-16,0,4,Spring,0,0,0,라그로타,카스
2024-04-17,3,4,Spring,0,0,0,라그로타,카스
2024-04-18,0,4,Spring,0,0,0,라그로타,카스
2024-04-19,3,4,Spring,0,0,0,라그로타,카스
2024-04-20,1,4,Spring,1,0,1,라그로타,카스
2024-04-21,1,4,Spring,1,0,1,라그로타,카스
2024-04-22,0,4,Spring,0,0,0,라그로타,카스
2024-04-23,0,4,Spring,0,0,0,라그로타,카스
2024-04-24,0,4,Spring,0,0,0,라그로타,카스
2024-04-25,2,4,Spring,0,0,0,라그로타,카스
2024-04-26,2,4,Spring,0,0,0,라그로타,카스
2024-04-27,0,4,Spring,1,0,1,라그로타,카스
2024-04-28,2,4,Spring,1,0,1,라그로타,카스
2024-04-29,0,4,Spring,0,0,0,라그로타,카스
2024-04-30,3,4,Spring,0,0,0,라그로타,카스
2024-05-01,2,5,Spring,0,0,0,라그로타,카스
2024-05-02,0,5,Spring,0,0,0,라그로타,카스
2024-05-03,3,5,Spring,0,0,0,라그로타,카스
2024-05-04,1,5,Spring,1,0,1,라그로타,카스
2024-05-05,2,5,Spring,1,1,1,라그로타,카스
2024-05-06,0,5,Spring,0,1,1,라그로타,카스
2024-05-07,0,5,Spring,0,0,0,라그로타,카스
2024-05-08,2,5,Spring,0,0,0,라그로타,카스
2024-05-09,0,5,Spring,0,0,0,라그로타,카스
2024-05-10,8,5,Spring,0,0,0,라그로타,카스
2024-05-11,1,5,Spring,1,0,1,라그로타,카스
2024-05-12,0,5,Spring,1,0,1,라그로타,카스
2024-05-13,0,5,Spring,0,0,0,라그로타,카스
2024-05-14,0,5,Spring,0,0,0,라그로타,카스
2024-05-15,0,5,Spring,0,1,1,라그로타,카스
2024-05-16,1,5,Spring,0,0,0,라그로타,카스
2024-05-17,0,5,Spring,0,0,0,라그로타,카스
2024-05-18,4,5,Spring,1,0,1,라그로타,카스
2024-05-19,2,5,Spring,1,0,1,라그로타,카스
2024-05-20,0,5,Spring,0,0,0,라그로타,카스
2024-05-21,0,5,Spring,0,0,0,라그로타,카스
2024-05-22,1,5,Spring,0,0,0,라그로타,카스
2024-05-23,0,5,Spring,0,0,0,라그로타,카스
2024-05-24,0,5,Spring,0,0,0,라그로타,카스
2024-05-25,0,5,Spring,1,0,1,라그로타,카스
2024-05-26,0,5,Spring,1,0,1,라그로타,카스
2024-05-27,0,5,Spring,0,0,0,라그로타,카스
2024-05-28,2,5,Spring,0,0,0,라그로타,카스
2024-05-29,4,5,Spring,0,0,0,라그로타,카스
2024-05-30,9,5,Spring,0,0,0,라그로타,카스
2024-05-31,3,5,Spring,0,0,0,라그로타,카스
2024-06-01,0,6,Summer,1,0,1,라그로타,카스
2024-06-02,0,6,Summer,1,0,1,라그로타,카스
2024-06-03,0,6,Summer,0,0,0,라그로타,카스
2024-06-04,0,6,Summer,0,0,0,라그로타,카스
2024-06-05,1,6,Summer,0,0,0,라그로타,카스
2024-06-06,0,6,Summer,0,1,1,라그로타,카스
2024-06-07,2,6,Summer,0,0,0,라그로타,카스
2024-06-08,3,6,Summer,1,0,1,라그로타,카스
2024-06-09,4,6,Summer,1,0,1,라그로타,카스
2024-06-10,0,6,Summer,0,0,0,라그로타,카스
2024-06-11,4,6,Summer,0,0,0,라그로타,카스
2024-06-12,1,6,Summer,0,0,0,라그로타,카스
2024-06-13,1,6,Summer,0,0,0,라그로타,카스
2024-06-14,2,6,Summer,0,0,0,라그로타,카스
2024-06-15,3,6,Summer,1,0,1,라그로타,카스
2023-01-01,4,1,Winter,1,1,1,라그로타,콜라
2023-01-02,4,1,Winter,0,0,0,라그로타,콜라
2023-01-03,1,1,Winter,0,0,0,라그로타,콜라
2023-01-04,1,1,Winter,0,0,0,라그로타,콜라
2023-01-05,7,1,Winter,0,0,0,라그로타,콜라
2023-01-06,1,1,Winter,0,0,0,라그로타,콜라
2023-01-07,2,1,Winter,1,0,1,라그로타,콜라
2023-01-08,5,1,Winter,1,0,1,라그로타,콜라
2023-01-09,2,1,Winter,0,0,0,라그로타,콜라
2023-01-10,1,1,Winter,0,0,0,라그로타,콜라
2023-01-11,1,1,Winter,0,0,0,라그로타,콜라
2023-01-12,24,1,Winter,0,0,0,라그로타,콜라
2023-01-13,1,1,Winter,0,0,0,라그로타,콜라
2023-01-14,2,1,Winter,1,0,1,라그로타,콜라
2023-01-15,1,1,Winter,1,0,1,라그로타,콜라
2023-01-16,0,1,Winter,0,0,0,라그로타,콜라
2023-01-17,5,1,Winter,0,0,0,라그로타,콜라
2023-01-18,0,1,Winter,0,0,0,라그로타,콜라
2023-01-19,2,1,Winter,0,0,0,라그로타,콜라
2023-01-20,1,1,Winter,0,0,0,라그로타,콜라
2023-01-21,0,1,Winter,1,1,1,라그로타,콜라
2023-01-22,6,1,Winter,1,1,1,라그로타,콜라
2023-01-23,3,1,Winter,0,1,1,라그로타,콜라
2023-01-24,1,1,Winter,0,1,1,라그로타,콜라
2023-01-25,1,1,Winter,0,0,0,라그로타,콜라
2023-01-26,3,1,Winter,0,0,0,라그로타,콜라
2023-01-27,3,1,Winter,0,0,0,라그로타,콜라
2023-01-28,2,1,Winter,1,0,1,라그로타,콜라
2023-01-29,4,1,Winter,1,0,1,라그로타,콜라
2023-01-30,0,1,Winter,0,0,0,라그로타,콜라
2023-01-31,0,1,Winter,0,0,0,라그로타,콜라
2023-02-01,3,2,Winter,0,0,0,라그로타,콜라
2023-02-02,3,2,Winter,0,0,0,라그로타,콜라
2023-02-03,2,2,Winter,0,0,0,라그로타,콜라
2023-02-04,0,2,Winter,1,0,1,라그로타,콜라
2023-02-05,5,2,Winter,1,0,1,라그로타,콜라
2023-02-06,0,2,Winter,0,0,0,라그로타,콜라
2023-02-07,6,2,Winter,0,0,0,라그로타,콜라
2023-02-08,0,2,Winter,0,0,0,라그로타,콜라
2023-02-09,2,2,Winter,0,0,0,라그로타,콜라
2023-02-10,0,2,Winter,0,0,0,라그로타,콜라
2023-02-11,2,2,Winter,1,0,1,라그로타,콜라
2023-02-12,7,2,Winter,1,0,1,라그로타,콜라
2023-02-13,0,2,Winter,0,0,0,라그로타,콜라
2023-02-14,0,2,Winter,0,0,0,라그로타,콜라
2023-02-15,0,2,Winter,0,0,0,라그로타,콜라
2023-02-16,7,2,Winter,0,0,0,라그로타,콜라
2023-02-17,3,2,Winter,0,0,0,라그로타,콜라
2023-02-18,0,2,Winter,1,0,1,라그로타,콜라
2023-02-19,1,2,Winter,1,0,1,라그로타,콜라
2023-02-20,0,2,Winter,0,0,0,라그로타,콜라
2023-02-21,1,2,Winter,0,0,0,라그로타,콜라
2023-02-22,1,2,Winter,0,0,0,라그로타,콜라
2023-02-23,3,2,Winter,0,0,0,라그로타,콜라
2023-02-24,0,2,Winter,0,0,0,라그로타,콜라
2023-02-25,5,2,Winter,1,0,1,라그로타,콜라
2023-02-26,4,2,Winter,1,0,1,라그로타,콜라
2023-02-27,0,2,Winter,0,0,0,라그로타,콜라
2023-02-28,1,2,Winter,0,0,0,라그로타,콜라
2023-03-01,1,3,Spring,0,1,1,라그로타,콜라
2023-03-02,0,3,Spring,0,0,0,라그로타,콜라
2023-03-03,0,3,Spring,0,0,0,라그로타,콜라
2023-03-04,0,3,Spring,1,0,1,라그로타,콜라
2023-03-05,0,3,Spring,1,0,1,라그로타,콜라
2023-03-06,0,3,Spring,0,0,0,라그로타,콜라
2023-03-07,0,3,Spring,0,0,0,라그로타,콜라
2023-03-08,0,3,Spring,0,0,0,라그로타,콜라
2023-03-09,0,3,Spring,0,0,0,라그로타,콜라
2023-03-10,1,3,Spring,0,0,0,라그로타,콜라
2023-03-11,4,3,Spring,1,0,1,라그로타,콜라
2023-03-12,0,3,Spring,1,0,1,라그로타,콜라
2023-03-13,0,3,Spring,0,0,0,라그로타,콜라
2023-03-14,0,3,Spring,0,0,0,라그로타,콜라
2023-03-15,5,3,Spring,0,0,0,라그로타,콜라
2023-03-16,0,3,Spring,0,0,0,라그로타,콜라
2023-03-17,1,3,Spring,0,0,0,라그로타,콜라
2023-03-18,8,3,Spring,1,0,1,라그로타,콜라
2023-03-19,0,3,Spring,1,0,1,라그로타,콜라
2023-03-20,0,3,Spring,0,0,0,라그로타,콜라
2023-03-21,0,3,Spring,0,0,0,라그로타,콜라
2023-03-22,0,3,Spring,0,0,0,라그로타,콜라
2023-03-23,2,3,Spring,0,0,0,라그로타,콜라
2023-03-24,1,3,Spring,0,0,0,라그로타,콜라
2023-03-25,1,3,Spring,1,0,1,라그로타,콜라
2023-03-26,0,3,Spring,1,0,1,라그로타,콜라
2023-03-27,0,3,Spring,0,0,0,라그로타,콜라
2023-03-28,0,3,Spring,0,0,0,라그로타,콜라
2023-03-29,0,3,Spring,0,0,0,라그로타,콜라
2023-03-30,0,3,Spring,0,0,0,라그로타,콜라
2023-03-31,5,3,Spring,0,0,0,라그로타,콜라
2023-04-01,0,4,Spring,1,0,1,라그로타,콜라
2023-04-02,0,4,Spring,1,0,1,라그로타,콜라
2023-04-03,0,4,Spring,0,0,0,라그로타,콜라
2023-04-04,1,4,Spring,0,0,0,라그로타,콜라
2023-04-05,0,4,Spring,0,0,0,라그로타,콜라
2023-04-06,0,4,Spring,0,0,0,라그로타,콜라
2023-04-07,2,4,Spring,0,0,0,라그로타,콜라
2023-04-08,0,4,Spring,1,0,1,라그로타,콜라
2023-04-09,2,4,Spring,1,0,1,라그로타,콜라
2023-04-10,0,4,Spring,0,0,0,라그로타,콜라
2023-04-11,0,4,Spring,0,0,0,라그로타,콜라
2023-04-12,0,4,Spring,0,0,0,라그로타,콜라
2023-04-13,2,4,Spring,0,0,0,라그로타,콜라
2023-04-14,1,4,Spring,0,0,0,라그로타,콜라
2023-04-15,0,4,Spring,1,0,1,라그로타,콜라
2023-04-16,4,4,Spring,1,0,1,라그로타,콜라
2023-04-17,0,4,Spring,0,0,0,라그로타,콜라
2023-04-18,0,4,Spring,0,0,0,라그로타,콜라
2023-04-19,1,4,Spring,0,0,0,라그로타,콜라
2023-04-20,3,4,Spring,0,0,0,라그로타,콜라
2023-04-21,1,4,Spring,0,0,0,라그로타,콜라
2023-04-22,3,4,Spring,1,0,1,라그로타,콜라
2023-04-23,5,4,Spring,1,0,1,라그로타,콜라
2023-04-24,0,4,Spring,0,0,0,라그로타,콜라
2023-04-25,0,4,Spring,0,0,0,라그로타,콜라
2023-04-26,0,4,Spring,0,0,0,라그로타,콜라
2023-04-27,0,4,Spring,0,0,0,라그로타,콜라
2023-04-28,2,4,Spring,0,0,0,라그로타,콜라
2023-04-29,4,4,Spring,1,0,1,라그로타,콜라
2023-04-30,6,4,Spring,1,0,1,라그로타,콜라
2023-05-01,0,5,Spring,0,0,0,라그로타,콜라
2023-05-02,10,5,Spring,0,0,0,라그로타,콜라
2023-05-03,0,5,Spring,0,0,0,라그로타,콜라
2023-05-04,1,5,Spring,0,0,0,라그로타,콜라
2023-05-05,1,5,Spring,0,1,1,라그로타,콜라
2023-05-06,3,5,Spring,1,0,1,라그로타,콜라
2023-05-07,3,5,Spring,1,0,1,라그로타,콜라
2023-05-08,0,5,Spring,0,0,0,라그로타,콜라
2023-05-09,1,5,Spring,0,0,0,라그로타,콜라
2023-05-10,1,5,Spring,0,0,0,라그로타,콜라
2023-05-11,0,5,Spring,0,0,0,라그로타,콜라
2023-05-12,2,5,Spring,0,0,0,라그로타,콜라
2023-05-13,2,5,Spring,1,0,1,라그로타,콜라
2023-05-14,1,5,Spring,1,0,1,라그로타,콜라
2023-05-15,0,5,Spring,0,0,0,라그로타,콜라
2023-05-16,0,5,Spring,0,0,0,라그로타,콜라
2023-05-17,0,5,Spring,0,0,0,라그로타,콜라
2023-05-18,0,5,Spring,0,0,0,라그로타,콜라
2023-05-19,0,5,Spring,0,0,0,라그로타,콜라
2023-05-20,1,5,Spring,1,0,1,라그로타,콜라
2023-05-21,3,5,Spring,1,0,1,라그로타,콜라
2023-05-22,0,5,Spring,0,0,0,라그로타,콜라
2023-05-23,1,5,Spring,0,0,0,라그로타,콜라
2023-05-24,0,5,Spring,0,0,0,라그로타,콜라
2023-05-25,0,5,Spring,0,0,0,라그로타,콜라
2023-05-26,3,5,Spring,0,0,0,라그로타,콜라
2023-05-27,5,5,Spring,1,1,1,라그로타,콜라
2023-05-28,1,5,Spring,1,0,1,라그로타,콜라
2023-05-29,0,5,Spring,0,1,1,라그로타,콜라
2023-05-30,1,5,Spring,0,0,0,라그로타,콜라
2023-05-31,1,5,Spring,0,0,0,라그로타,콜라
2023-06-01,1,6,Summer,0,0,0,라그로타,콜라
2023-06-02,0,6,Summer,0,0,0,라그로타,콜라
2023-06-03,0,6,Summer,1,0,1,라그로타,콜라
2023-06-04,1,6,Summer,1,0,1,라그로타,콜라
2023-06-05,2,6,Summer,0,0,0,라그로타,콜라
2023-06-06,1,6,Summer,0,1,1,라그로타,콜라
2023-06-07,1,6,Summer,0,0,0,라그로타,콜라
2023-06-08,0,6,Summer,0,0,0,라그로타,콜라
2023-06-09,1,6,Summer,0,0,0,라그로타,콜라
2023-06-10,1,6,Summer,1,0,1,라그로타,콜라
2023-06-11,0,6,Summer,1,0,1,라그로타,콜라
2023-06-12,0,6,Summer,0,0,0,라그로타,콜라
2023-06-13,0,6,Summer,0,0,0,라그로타,콜라
2023-06-14,0,6,Summer,0,0,0,라그로타,콜라
2023-06-15,2,6,Summer,0,0,0,라그로타,콜라
2023-06-16,0,6,Summer,0,0,0,라그로타,콜라
2023-06-17,1,6,Summer,1,0,1,라그로타,콜라
2023-06-18,0,6,Summer,1,0,1,라그로타,콜라
2023-06-19,0,6,Summer,0,0,0,라그로타,콜라
2023-06-20,0,6,Summer,0,0,0,라그로타,콜라
2023-06-21,0,6,Summer,0,0,0,라그로타,콜라
2023-06-22,1,6,Summer,0,0,0,라그로타,콜라
2023-06-23,0,6,Summer,0,0,0,라그로타,콜라
2023-06-24,3,6,Summer,1,0,1,라그로타,콜라
2023-06-25,2,6,Summer,1,0,1,라그로타,콜라
2023-06-26,0,6,Summer,0,0,0,라그로타,콜라
2023-06-27,0,6,Summer,0,0,0,라그로타,콜라
2023-06-28,0,6,Summer,0,0,0,라그로타,콜라
2023-06-29,0,6,Summer,0,0,0,라그로타,콜라
2023-06-30,0,6,Summer,0,0,0,라그로타,콜라
2023-07-01,3,7,Summer,1,0,1,라그로타,콜라
2023-07-02,2,7,Summer,1,0,1,라그로타,콜라
2023-07-03,0,7,Summer,0,0,0,라그로타,콜라
2023-07-04,0,7,Summer,0,0,0,라그로타,콜라
2023-07-05,0,7,Summer,0,0,0,라그로타,콜라
2023-07-06,4,7,Summer,0,0,0,라그로타,콜라
2023-07-07,1,7,Summer,0,0,0,라그로타,콜라
2023-07-08,3,7,Summer,1,0,1,라그로타,콜라
2023-07-09,0,7,Summer,1,0,1,라그로타,콜라
2023-07-10,0,7,Summer,0,0,0,라그로타,콜라
2023-07-11,0,7,Summer,0,0,0,라그로타,콜라
2023-07-12,1,7,Summer,0,0,0,라그로타,콜라
2023-07-13,0,7,Summer,0,0,0,라그로타,콜라
2023-07-14,1,7,Summer,0,0,0,라그로타,콜라
2023-07-15,1,7,Summer,1,0,1,라그로타,콜라
2023-07-16,1,7,Summer,1,0,1,라그로타,콜라
2023-07-17,0,7,Summer,0,0,0,라그로타,콜라
2023-07-18,3,7,Summer,0,0,0,라그로타,콜라
2023-07-19,1,7,Summer,0,0,0,라그로타,콜라
2023-07-20,0,7,Summer,0,0,0,라그로타,콜라
2023-07-21,0,7,Summer,0,0,0,라그로타,콜라
2023-07-22,3,7,Summer,1,0,1,라그로타,콜라
2023-07-23,0,7,Summer,1,0,1,라그로타,콜라
2023-07-24,0,7,Summer,0,0,0,라그로타,콜라
2023-07-25,8,7,Summer,0,0,0,라그로타,콜라
2023-07-26,3,7,Summer,0,0,0,라그로타,콜라
2023-07-27,0,7,Summer,0,0,0,라그로타,콜라
2023-07-28,5,7,Summer,0,0,0,라그로타,콜라
2023-07-29,2,7,Summer,1,0,1,라그로타,콜라
2023-07-30,1,7,Summer,1,0,1,라그로타,콜라
2023-07-31,0,7,Summer,0,0,0,라그로타,콜라
2023-08-01,1,8,Summer,0,0,0,라그로타,콜라
2023-08-02,2,8,Summer,0,0,0,라그로타,콜라
2023-08-03,0,8,Summer,0,0,0,라그로타,콜라
2023-08-04,1,8,Summer,0,0,0,라그로타,콜라
2023-08-05,4,8,Summer,1,0,1,라그로타,콜라
2023-08-06,2,8,Summer,1,0,1,라그로타,콜라
2023-08-07,0,8,Summer,0,0,0,라그로타,콜라
2023-08-08,1,8,Summer,0,0,0,라그로타,콜라
2023-08-09,1,8,Summer,0,0,0,라그로타,콜라
2023-08-10,0,8,Summer,0,0,0,라그로타,콜라
2023-08-11,2,8,Summer,0,0,0,라그로타,콜라
2023-08-12,3,8,Summer,1,0,1,라그로타,콜라
2023-08-13,4,8,Summer,1,0,1,라그로타,콜라
2023-08-14,3,8,Summer,0,0,0,라그로타,콜라
2023-08-15,5,8,Summer,0,1,1,라그로타,콜라
2023-08-16,3,8,Summer,0,0,0,라그로타,콜라
2023-08-17,0,8,Summer,0,0,0,라그로타,콜라
2023-08-18,0,8,Summer,0,0,0,라그로타,콜라
2023-08-19,3,8,Summer,1,0,1,라그로타,콜라
2023-08-20,0,8,Summer,1,0,1,라그로타,콜라
2023-08-21,0,8,Summer,0,0,0,라그로타,콜라
2023-08-22,0,8,Summer,0,0,0,라그로타,콜라
2023-08-23,0,8,Summer,0,0,0,라그로타,콜라
2023-08-24,0,8,Summer,0,0,0,라그로타,콜라
2023-08-25,0,8,Summer,0,0,0,라그로타,콜라
2023-08-26,1,8,Summer,1,0,1,라그로타,콜라
2023-08-27,0,8,Summer,1,0,1,라그로타,콜라
2023-08-28,0,8,Summer,0,0,0,라그로타,콜라
2023-08-29,0,8,Summer,0,0,0,라그로타,콜라
2023-08-30,3,8,Summer,0,0,0,라그로타,콜라
2023-08-31,0,8,Summer,0,0,0,라그로타,콜라
2023-09-01,2,9,Autumn,0,0,0,라그로타,콜라
2023-09-02,3,9,Autumn,1,0,1,라그로타,콜라
2023-09-03,2,9,Autumn,1,0,1,라그로타,콜라
2023-09-04,0,9,Autumn,0,0,0,라그로타,콜라
2023-09-05,0,9,Autumn,0,0,0,라그로타,콜라
2023-09-06,0,9,Autumn,0,0,0,라그로타,콜라
2023-09-07,0,9,Autumn,0,0,0,라그로타,콜라
2023-09-08,0,9,Autumn,0,0,0,라그로타,콜라
2023-09-09,0,9,Autumn,1,0,1,라그로타,콜라
2023-09-10,0,9,Autumn,1,0,1,라그로타,콜라
2023-09-11,0,9,Autumn,0,0,0,라그로타,콜라
2023-09-12,0,9,Autumn,0,0,0,라그로타,콜라
2023-09-13,0,9,Autumn,0,0,0,라그로타,콜라
2023-09-14,1,9,Autumn,0,0,0,라그로타,콜라
2023-09-15,0,9,Autumn,0,0,0,라그로타,콜라
2023-09-16,1,9,Autumn,1,0,1,라그로타,콜라
2023-09-17,0,9,Autumn,1,0,1,라그로타,콜라
2023-09-18,0,9,Autumn,0,0,0,라그로타,콜라
2023-09-19,1,9,Autumn,0,0,0,라그로타,콜라
2023-09-20,0,9,Autumn,0,0,0,라그로타,콜라
2023-09-21,0,9,Autumn,0,0,0,라그로타,콜라
2023-09-22,0,9,Autumn,0,0,0,라그로타,콜라
2023-09-23,0,9,Autumn,1,0,1,라그로타,콜라
2023-09-24,0,9,Autumn,1,0,1,라그로타,콜라
2023-09-25,0,9,Autumn,0,0,0,라그로타,콜라
2023-09-26,0,9,Autumn,0,0,0,라그로타,콜라
2023-09-27,0,9,Autumn,0,0,0,라그로타,콜라
2023-09-28,1,9,Autumn,0,1,1,라그로타,콜라
2023-09-29,4,9,Autumn,0,1,1,라그로타,콜라
2023-09-30,2,9,Autumn,1,1,1,라그로타,콜라
2023-10-01,0,10,Autumn,1,0,1,라그로타,콜라
2023-10-02,1,10,Autumn,0,1,1,라그로타,콜라
2023-10-03,1,10,Autumn,0,1,1,라그로타,콜라
2023-10-04,0,10,Autumn,0,0,0,라그로타,콜라
2023-10-05,1,10,Autumn,0,0,0,라그로타,콜라
2023-10-06,0,10,Autumn,0,0,0,라그로타,콜라
2023-10-07,3,10,Autumn,1,0,1,라그로타,콜라
2023-10-08,1,10,Autumn,1,0,1,라그로타,콜라
2023-10-09,1,10,Autumn,0,1,1,라그로타,콜라
2023-10-10,2,10,Autumn,0,0,0,라그로타,콜라
2023-10-11,0,10,Autumn,0,0,0,라그로타,콜라
2023-10-12,1,10,Autumn,0,0,0,라그로타,콜라
2023-10-13,1,10,Autumn,0,0,0,라그로타,콜라
2023-10-14,2,10,Autumn,1,0,1,라그로타,콜라
2023-10-15,2,10,Autumn,1,0,1,라그로타,콜라
2023-10-16,0,10,Autumn,0,0,0,라그로타,콜라
2023-10-17,2,10,Autumn,0,0,0,라그로타,콜라
2023-10-18,4,10,Autumn,0,0,0,라그로타,콜라
2023-10-19,1,10,Autumn,0,0,0,라그로타,콜라
2023-10-20,4,10,Autumn,0,0,0,라그로타,콜라
2023-10-21,4,10,Autumn,1,0,1,라그로타,콜라
2023-10-22,4,10,Autumn,1,0,1,라그로타,콜라
2023-10-23,0,10,Autumn,0,0,0,라그로타,콜라
2023-10-24,1,10,Autumn,0,0,0,라그로타,콜라
2023-10-25,0,10,Autumn,0,0,0,라그로타,콜라
2023-10-26,1,10,Autumn,0,0,0,라그로타,콜라
2023-10-27,6,10,Autumn,0,0,0,라그로타,콜라
2023-10-28,3,10,Autumn,1,0,1,라그로타,콜라
2023-10-29,0,10,Autumn,1,0,1,라그로타,콜라
2023-10-30,0,10,Autumn,0,0,0,라그로타,콜라
2023-10-31,0,10,Autumn,0,0,0,라그로타,콜라
2023-11-01,0,11,Autumn,0,0,0,라그로타,콜라
2023-11-02,3,11,Autumn,0,0,0,라그로타,콜라
2023-11-03,0,11,Autumn,0,0,0,라그로타,콜라
2023-11-04,1,11,Autumn,1,0,1,라그로타,콜라
2023-11-05,1,11,Autumn,1,0,1,라그로타,콜라
2023-11-06,0,11,Autumn,0,0,0,라그로타,콜라
2023-11-07,0,11,Autumn,0,0,0,라그로타,콜라
2023-11-08,2,11,Autumn,0,0,0,라그로타,콜라
2023-11-09,1,11,Autumn,0,0,0,라그로타,콜라
2023-11-10,1,11,Autumn,0,0,0,라그로타,콜라
2023-11-11,0,11,Autumn,1,0,1,라그로타,콜라
2023-11-12,3,11,Autumn,1,0,1,라그로타,콜라
2023-11-13,0,11,Autumn,0,0,0,라그로타,콜라
2023-11-14,1,11,Autumn,0,0,0,라그로타,콜라
2023-11-15,0,11,Autumn,0,0,0,라그로타,콜라
2023-11-16,1,11,Autumn,0,0,0,라그로타,콜라
2023-11-17,4,11,Autumn,0,0,0,라그로타,콜라
2023-11-18,0,11,Autumn,1,0,1,라그로타,콜라
2023-11-19,1,11,Autumn,1,0,1,라그로타,콜라
2023-11-20,0,11,Autumn,0,0,0,라그로타,콜라
2023-11-21,0,11,Autumn,0,0,0,라그로타,콜라
2023-11-22,2,11,Autumn,0,0,0,라그로타,콜라
2023-11-23,1,11,Autumn,0,0,0,라그로타,콜라
2023-11-24,1,11,Autumn,0,0,0,라그로타,콜라
2023-11-25,2,11,Autumn,1,0,1,라그로타,콜라
2023-11-26,2,11,Autumn,1,0,1,라그로타,콜라
2023-11-27,0,11,Autumn,0,0,0,라그로타,콜라
2023-11-28,0,11,Autumn,0,0,0,라그로타,콜라
2023-11-29,0,11,Autumn,0,0,0,라그로타,콜라
2023-11-30,0,11,Autumn,0,0,0,라그로타,콜라
2023-12-01,0,12,Winter,0,0,0,라그로타,콜라
2023-12-02,0,12,Winter,1,0,1,라그로타,콜라
2023-12-03,1,12,Winter,1,0,1,라그로타,콜라
2023-12-04,5,12,Winter,0,0,0,라그로타,콜라
2023-12-05,0,12,Winter,0,0,0,라그로타,콜라
2023-12-06,0,12,Winter,0,0,0,라그로타,콜라
2023-12-07,2,12,Winter,0,0,0,라그로타,콜라
2023-12-08,1,12,Winter,0,0,0,라그로타,콜라
2023-12-09,2,12,Winter,1,0,1,라그로타,콜라
2023-12-10,3,12,Winter,1,0,1,라그로타,콜라
2023-12-11,0,12,Winter,0,0,0,라그로타,콜라
2023-12-12,0,12,Winter,0,0,0,라그로타,콜라
2023-12-13,0,12,Winter,0,0,0,라그로타,콜라
2023-12-14,0,12,Winter,0,0,0,라그로타,콜라
2023-12-15,0,12,Winter,0,0,0,라그로타,콜라
2023-12-16,5,12,Winter,1,0,1,라그로타,콜라
2023-12-17,0,12,Winter,1,0,1,라그로타,콜라
2023-12-18,0,12,Winter,0,0,0,라그로타,콜라
2023-12-19,2,12,Winter,0,0,0,라그로타,콜라
2023-12-20,2,12,Winter,0,0,0,라그로타,콜라
2023-12-21,3,12,Winter,0,0,0,라그로타,콜라
2023-12-22,4,12,Winter,0,0,0,라그로타,콜라
2023-12-23,1,12,Winter,1,0,1,라그로타,콜라
2023-12-24,4,12,Winter,1,0,1,라그로타,콜라
2023-12-25,1,12,Winter,0,1,1,라그로타,콜라
2023-12-26,14,12,Winter,0,0,0,라그로타,콜라
2023-12-27,0,12,Winter,0,0,0,라그로타,콜라
2023-12-28,4,12,Winter,0,0,0,라그로타,콜라
2023-12-29,1,12,Winter,0,0,0,라그로타,콜라
2023-12-30,11,12,Winter,1,0,1,라그로타,콜라
2023-12-31,4,12,Winter,1,0,1,라그로타,콜라
2024-01-01,3,1,Winter,0,1,1,라그로타,콜라
2024-01-02,3,1,Winter,0,0,0,라그로타,콜라
2024-01-03,0,1,Winter,0,0,0,라그로타,콜라
2024-01-04,1,1,Winter,0,0,0,라그로타,콜라
2024-01-05,0,1,Winter,0,0,0,라그로타,콜라
2024-01-06,8,1,Winter,1,0,1,라그로타,콜라
2024-01-07,2,1,Winter,1,0,1,라그로타,콜라
2024-01-08,4,1,Winter,0,0,0,라그로타,콜라
2024-01-09,5,1,Winter,0,0,0,라그로타,콜라
2024-01-10,0,1,Winter,0,0,0,라그로타,콜라
2024-01-11,2,1,Winter,0,0,0,라그로타,콜라
2024-01-12,4,1,Winter,0,0,0,라그로타,콜라
2024-01-13,10,1,Winter,1,0,1,라그로타,콜라
2024-01-14,5,1,Winter,1,0,1,라그로타,콜라
2024-01-15,0,1,Winter,0,0,0,라그로타,콜라
2024-01-16,2,1,Winter,0,0,0,라그로타,콜라
2024-01-17,5,1,Winter,0,0,0,라그로타,콜라
2024-01-18,5,1,Winter,0,0,0,라그로타,콜라
2024-01-19,9,1,Winter,0,0,0,라그로타,콜라
2024-01-20,4,1,Winter,1,0,1,라그로타,콜라
2024-01-21,3,1,Winter,1,0,1,라그로타,콜라
2024-01-22,3,1,Winter,0,0,0,라그로타,콜라
2024-01-23,4,1,Winter,0,0,0,라그로타,콜라
2024-01-24,4,1,Winter,0,0,0,라그로타,콜라
2024-01-25,9,1,Winter,0,0,0,라그로타,콜라
2024-01-26,1,1,Winter,0,0,0,라그로타,콜라
2024-01-27,2,1,Winter,1,0,1,라그로타,콜라
2024-01-28,4,1,Winter,1,0,1,라그로타,콜라
2024-01-29,0,1,Winter,0,0,0,라그로타,콜라
2024-01-30,0,1,Winter,0,0,0,라그로타,콜라
2024-01-31,0,1,Winter,0,0,0,라그로타,콜라
2024-02-01,0,2,Winter,0,0,0,라그로타,콜라
2024-02-02,2,2,Winter,0,0,0,라그로타,콜라
2024-02-03,2,2,Winter,1,0,1,라그로타,콜라
2024-02-04,4,2,Winter,1,0,1,라그로타,콜라
2024-02-05,3,2,Winter,0,0,0,라그로타,콜라
2024-02-06,2,2,Winter,0,0,0,라그로타,콜라
2024-02-07,1,2,Winter,0,0,0,라그로타,콜라
2024-02-08,5,2,Winter,0,0,0,라그로타,콜라
2024-02-09,3,2,Winter,0,1,1,라그로타,콜라
2024-02-10,3,2,Winter,1,1,1,라그로타,콜라
2024-02-11,1,2,Winter,1,1,1,라그로타,콜라
2024-02-12,2,2,Winter,0,1,1,라그로타,콜라
2024-02-13,0,2,Winter,0,0,0,라그로타,콜라
2024-02-14,4,2,Winter,0,0,0,라그로타,콜라
2024-02-15,0,2,Winter,0,0,0,라그로타,콜라
2024-02-16,8,2,Winter,0,0,0,라그로타,콜라
2024-02-17,7,2,Winter,1,0,1,라그로타,콜라
2024-02-18,2,2,Winter,1,0,1,라그로타,콜라
2024-02-19,0,2,Winter,0,0,0,라그로타,콜라
2024-02-20,1,2,Winter,0,0,0,라그로타,콜라
2024-02-21,2,2,Winter,0,0,0,라그로타,콜라
2024-02-22,1,2,Winter,0,0,0,라그로타,콜라
2024-02-23,0,2,Winter,0,0,0,라그로타,콜라
2024-02-24,2,2,Winter,1,0,1,라그로타,콜라
2024-02-25,1,2,Winter,1,0,1,라그로타,콜라
2024-02-26,0,2,Winter,0,0,0,라그로타,콜라
2024-02-27,4,2,Winter,0,0,0,라그로타,콜라
2024-02-28,1,2,Winter,0,0,0,라그로타,콜라
2024-02-29,4,2,Winter,0,0,0,라그로타,콜라
2024-03-01,1,3,Spring,0,1,1,라그로타,콜라
2024-03-02,3,3,Spring,1,0,1,라그로타,콜라
2024-03-03,0,3,Spring,1,0,1,라그로타,콜라
2024-03-04,0,3,Spring,0,0,0,라그로타,콜라
2024-03-05,0,3,Spring,0,0,0,라그로타,콜라
2024-03-06,0,3,Spring,0,0,0,라그로타,콜라
2024-03-07,0,3,Spring,0,0,0,라그로타,콜라
2024-03-08,0,3,Spring,0,0,0,라그로타,콜라
2024-03-09,0,3,Spring,1,0,1,라그로타,콜라
2024-03-10,0,3,Spring,1,0,1,라그로타,콜라
2024-03-11,0,3,Spring,0,0,0,라그로타,콜라
2024-03-12,0,3,Spring,0,0,0,라그로타,콜라
2024-03-13,0,3,Spring,0,0,0,라그로타,콜라
2024-03-14,0,3,Spring,0,0,0,라그로타,콜라
2024-03-15,0,3,Spring,0,0,0,라그로타,콜라
2024-03-16,1,3,Spring,1,0,1,라그로타,콜라
2024-03-17,1,3,Spring,1,0,1,라그로타,콜라
2024-03-18,0,3,Spring,0,0,0,라그로타,콜라
2024-03-19,0,3,Spring,0,0,0,라그로타,콜라
2024-03-20,0,3,Spring,0,0,0,라그로타,콜라
2024-03-21,1,3,Spring,0,0,0,라그로타,콜라
2024-03-22,0,3,Spring,0,0,0,라그로타,콜라
2024-03-23,5,3,Spring,1,0,1,라그로타,콜라
2024-03-24,0,3,Spring,1,0,1,라그로타,콜라
2024-03-25,0,3,Spring,0,0,0,라그로타,콜라
2024-03-26,1,3,Spring,0,0,0,라그로타,콜라
2024-03-27,0,3,Spring,0,0,0,라그로타,콜라
2024-03-28,0,3,Spring,0,0,0,라그로타,콜라
2024-03-29,0,3,Spring,0,0,0,라그로타,콜라
2024-03-30,6,3,Spring,1,0,1,라그로타,콜라
2024-03-31,1,3,Spring,1,0,1,라그로타,콜라
2024-04-01,1,4,Spring,0,0,0,라그로타,콜라
2024-04-02,2,4,Spring,0,0,0,라그로타,콜라
2024-04-03,1,4,Spring,0,0,0,라그로타,콜라
2024-04-04,1,4,Spring,0,0,0,라그로타,콜라
2024-04-05,2,4,Spring,0,0,0,라그로타,콜라
2024-04-06,1,4,Spring,1,0,1,라그로타,콜라
2024-04-07,3,4,Spring,1,0,1,라그로타,콜라
2024-04-08,0,4,Spring,0,0,0,라그로타,콜라
2024-04-09,0,4,Spring,0,0,0,라그로타,콜라
2024-04-10,0,4,Spring,0,1,1,라그로타,콜라
2024-04-11,2,4,Spring,0,0,0,라그로타,콜라
2024-04-12,2,4,Spring,0,0,0,라그로타,콜라
2024-04-13,1,4,Spring,1,0,1,라그로타,콜라
2024-04-14,0,4,Spring,1,0,1,라그로타,콜라
2024-04-15,0,4,Spring,0,0,0,라그로타,콜라
2024-04-16,1,4,Spring,0,0,0,라그로타,콜라
2024-04-17,2,4,Spring,0,0,0,라그로타,콜라
2024-04-18,0,4,Spring,0,0,0,라그로타,콜라
2024-04-19,0,4,Spring,0,0,0,라그로타,콜라
2024-04-20,4,4,Spring,1,0,1,라그로타,콜라
2024-04-21,2,4,Spring,1,0,1,라그로타,콜라
2024-04-22,0,4,Spring,0,0,0,라그로타,콜라
2024-04-23,1,4,Spring,0,0,0,라그로타,콜라
2024-04-24,0,4,Spring,0,0,0,라그로타,콜라
2024-04-25,1,4,Spring,0,0,0,라그로타,콜라
2024-04-26,1,4,Spring,0,0,0,라그로타,콜라
2024-04-27,1,4,Spring,1,0,1,라그로타,콜라
2024-04-28,0,4,Spring,1,0,1,라그로타,콜라
2024-04-29,0,4,Spring,0,0,0,라그로타,콜라
2024-04-30,0,4,Spring,0,0,0,라그로타,콜라
2024-05-01,0,5,Spring,0,0,0,라그로타,콜라
2024-05-02,0,5,Spring,0,0,0,라그로타,콜라
2024-05-03,3,5,Spring,0,0,0,라그로타,콜라
2024-05-04,3,5,Spring,1,0,1,라그로타,콜라
2024-05-05,4,5,Spring,1,1,1,라그로타,콜라
2024-05-06,0,5,Spring,0,1,1,라그로타,콜라
2024-05-07,1,5,Spring,0,0,0,라그로타,콜라
2024-05-08,1,5,Spring,0,0,0,라그로타,콜라
2024-05-09,0,5,Spring,0,0,0,라그로타,콜라
2024-05-10,2,5,Spring,0,0,0,라그로타,콜라
2024-05-11,2,5,Spring,1,0,1,라그로타,콜라
2024-05-12,1,5,Spring,1,0,1,라그로타,콜라
2024-05-13,0,5,Spring,0,0,0,라그로타,콜라
2024-05-14,0,5,Spring,0,0,0,라그로타,콜라
2024-05-15,1,5,Spring,0,1,1,라그로타,콜라
2024-05-16,0,5,Spring,0,0,0,라그로타,콜라
2024-05-17,0,5,Spring,0,0,0,라그로타,콜라
2024-05-18,2,5,Spring,1,0,1,라그로타,콜라
2024-05-19,1,5,Spring,1,0,1,라그로타,콜라
2024-05-20,0,5,Spring,0,0,0,라그로타,콜라
2024-05-21,1,5,Spring,0,0,0,라그로타,콜라
2024-05-22,0,5,Spring,0,0,0,라그로타,콜라
2024-05-23,5,5,Spring,0,0,0,라그로타,콜라
2024-05-24,2,5,Spring,0,0,0,라그로타,콜라
2024-05-25,4,5,Spring,1,0,1,라그로타,콜라
2024-05-26,3,5,Spring,1,0,1,라그로타,콜라
2024-05-27,0,5,Spring,0,0,0,라그로타,콜라
2024-05-28,2,5,Spring,0,0,0,라그로타,콜라
2024-05-29,0,5,Spring,0,0,0,라그로타,콜라
2024-05-30,0,5,Spring,0,0,0,라그로타,콜라
2024-05-31,1,5,Spring,0,0,0,라그로타,콜라
2024-06-01,2,6,Summer,1,0,1,라그로타,콜라
2024-06-02,0,6,Summer,1,0,1,라그로타,콜라
2024-06-03,0,6,Summer,0,0,0,라그로타,콜라
2024-06-04,0,6,Summer,0,0,0,라그로타,콜라
2024-06-05,1,6,Summer,0,0,0,라그로타,콜라
2024-06-06,1,6,Summer,0,1,1,라그로타,콜라
2024-06-07,0,6,Summer,0,0,0,라그로타,콜라
2024-06-08,3,6,Summer,1,0,1,라그로타,콜라
2024-06-09,2,6,Summer,1,0,1,라그로타,콜라
2024-06-10,0,6,Summer,0,0,0,라그로타,콜라
2024-06-11,0,6,Summer,0,0,0,라그로타,콜라
2024-06-12,3,6,Summer,0,0,0,라그로타,콜라
2024-06-13,0,6,Summer,0,0,0,라그로타,콜라
2024-06-14,6,6,Summer,0,0,0,라그로타,콜라
2024-06-15,0,6,Summer,1,0,1,라그로타,콜라
2023-01-01,3,1,Winter,1,1,1,라그로타,하이네켄(생)
2023-01-02,2,1,Winter,0,0,0,라그로타,하이네켄(생)
2023-01-03,0,1,Winter,0,0,0,라그로타,하이네켄(생)
2023-01-04,2,1,Winter,0,0,0,라그로타,하이네켄(생)
2023-01-05,1,1,Winter,0,0,0,라그로타,하이네켄(생)
2023-01-06,3,1,Winter,0,0,0,라그로타,하이네켄(생)
2023-01-07,0,1,Winter,1,0,1,라그로타,하이네켄(생)
2023-01-08,6,1,Winter,1,0,1,라그로타,하이네켄(생)
2023-01-09,2,1,Winter,0,0,0,라그로타,하이네켄(생)
2023-01-10,4,1,Winter,0,0,0,라그로타,하이네켄(생)
2023-01-11,5,1,Winter,0,0,0,라그로타,하이네켄(생)
2023-01-12,0,1,Winter,0,0,0,라그로타,하이네켄(생)
2023-01-13,0,1,Winter,0,0,0,라그로타,하이네켄(생)
2023-01-14,0,1,Winter,1,0,1,라그로타,하이네켄(생)
2023-01-15,10,1,Winter,1,0,1,라그로타,하이네켄(생)
2023-01-16,0,1,Winter,0,0,0,라그로타,하이네켄(생)
2023-01-17,2,1,Winter,0,0,0,라그로타,하이네켄(생)
2023-01-18,2,1,Winter,0,0,0,라그로타,하이네켄(생)
2023-01-19,0,1,Winter,0,0,0,라그로타,하이네켄(생)
2023-01-20,0,1,Winter,0,0,0,라그로타,하이네켄(생)
2023-01-21,14,1,Winter,1,1,1,라그로타,하이네켄(생)
2023-01-22,10,1,Winter,1,1,1,라그로타,하이네켄(생)
2023-01-23,3,1,Winter,0,1,1,라그로타,하이네켄(생)
2023-01-24,6,1,Winter,0,1,1,라그로타,하이네켄(생)
2023-01-25,3,1,Winter,0,0,0,라그로타,하이네켄(생)
2023-01-26,0,1,Winter,0,0,0,라그로타,하이네켄(생)
2023-01-27,4,1,Winter,0,0,0,라그로타,하이네켄(생)
2023-01-28,0,1,Winter,1,0,1,라그로타,하이네켄(생)
2023-01-29,3,1,Winter,1,0,1,라그로타,하이네켄(생)
2023-01-30,0,1,Winter,0,0,0,라그로타,하이네켄(생)
2023-01-31,1,1,Winter,0,0,0,라그로타,하이네켄(생)
2023-02-01,0,2,Winter,0,0,0,라그로타,하이네켄(생)
2023-02-02,2,2,Winter,0,0,0,라그로타,하이네켄(생)
2023-02-03,0,2,Winter,0,0,0,라그로타,하이네켄(생)
2023-02-04,6,2,Winter,1,0,1,라그로타,하이네켄(생)
2023-02-05,3,2,Winter,1,0,1,라그로타,하이네켄(생)
2023-02-06,0,2,Winter,0,0,0,라그로타,하이네켄(생)
2023-02-07,1,2,Winter,0,0,0,라그로타,하이네켄(생)
2023-02-08,0,2,Winter,0,0,0,라그로타,하이네켄(생)
2023-02-09,0,2,Winter,0,0,0,라그로타,하이네켄(생)
2023-02-10,4,2,Winter,0,0,0,라그로타,하이네켄(생)
2023-02-11,13,2,Winter,1,0,1,라그로타,하이네켄(생)
2023-02-12,0,2,Winter,1,0,1,라그로타,하이네켄(생)
2023-02-13,0,2,Winter,0,0,0,라그로타,하이네켄(생)
2023-02-14,7,2,Winter,0,0,0,라그로타,하이네켄(생)
2023-02-15,1,2,Winter,0,0,0,라그로타,하이네켄(생)
2023-02-16,2,2,Winter,0,0,0,라그로타,하이네켄(생)
2023-02-17,0,2,Winter,0,0,0,라그로타,하이네켄(생)
2023-02-18,8,2,Winter,1,0,1,라그로타,하이네켄(생)
2023-02-19,5,2,Winter,1,0,1,라그로타,하이네켄(생)
2023-02-20,0,2,Winter,0,0,0,라그로타,하이네켄(생)
2023-02-21,1,2,Winter,0,0,0,라그로타,하이네켄(생)
2023-02-22,0,2,Winter,0,0,0,라그로타,하이네켄(생)
2023-02-23,4,2,Winter,0,0,0,라그로타,하이네켄(생)
2023-02-24,4,2,Winter,0,0,0,라그로타,하이네켄(생)
2023-02-25,9,2,Winter,1,0,1,라그로타,하이네켄(생)
2023-02-26,4,2,Winter,1,0,1,라그로타,하이네켄(생)
2023-02-27,0,2,Winter,0,0,0,라그로타,하이네켄(생)
2023-02-28,1,2,Winter,0,0,0,라그로타,하이네켄(생)
2023-03-01,2,3,Spring,0,1,1,라그로타,하이네켄(생)
2023-03-02,0,3,Spring,0,0,0,라그로타,하이네켄(생)
2023-03-03,0,3,Spring,0,0,0,라그로타,하이네켄(생)
2023-03-04,0,3,Spring,1,0,1,라그로타,하이네켄(생)
2023-03-05,0,3,Spring,1,0,1,라그로타,하이네켄(생)
2023-03-06,0,3,Spring,0,0,0,라그로타,하이네켄(생)
2023-03-07,0,3,Spring,0,0,0,라그로타,하이네켄(생)
2023-03-08,0,3,Spring,0,0,0,라그로타,하이네켄(생)
2023-03-09,0,3,Spring,0,0,0,라그로타,하이네켄(생)
2023-03-10,0,3,Spring,0,0,0,라그로타,하이네켄(생)
2023-03-11,0,3,Spring,1,0,1,라그로타,하이네켄(생)
2023-03-12,0,3,Spring,1,0,1,라그로타,하이네켄(생)
2023-03-13,0,3,Spring,0,0,0,라그로타,하이네켄(생)
2023-03-14,0,3,Spring,0,0,0,라그로타,하이네켄(생)
2023-03-15,0,3,Spring,0,0,0,라그로타,하이네켄(생)
2023-03-16,1,3,Spring,0,0,0,라그로타,하이네켄(생)
2023-03-17,2,3,Spring,0,0,0,라그로타,하이네켄(생)
2023-03-18,5,3,Spring,1,0,1,라그로타,하이네켄(생)
2023-03-19,1,3,Spring,1,0,1,라그로타,하이네켄(생)
2023-03-20,0,3,Spring,0,0,0,라그로타,하이네켄(생)
2023-03-21,0,3,Spring,0,0,0,라그로타,하이네켄(생)
2023-03-22,1,3,Spring,0,0,0,라그로타,하이네켄(생)
2023-03-23,0,3,Spring,0,0,0,라그로타,하이네켄(생)
2023-03-24,0,3,Spring,0,0,0,라그로타,하이네켄(생)
2023-03-25,2,3,Spring,1,0,1,라그로타,하이네켄(생)
2023-03-26,0,3,Spring,1,0,1,라그로타,하이네켄(생)
2023-03-27,0,3,Spring,0,0,0,라그로타,하이네켄(생)
2023-03-28,0,3,Spring,0,0,0,라그로타,하이네켄(생)
2023-03-29,1,3,Spring,0,0,0,라그로타,하이네켄(생)
2023-03-30,4,3,Spring,0,0,0,라그로타,하이네켄(생)
2023-03-31,3,3,Spring,0,0,0,라그로타,하이네켄(생)
2023-04-01,1,4,Spring,1,0,1,라그로타,하이네켄(생)
2023-04-02,0,4,Spring,1,0,1,라그로타,하이네켄(생)
2023-04-03,0,4,Spring,0,0,0,라그로타,하이네켄(생)
2023-04-04,0,4,Spring,0,0,0,라그로타,하이네켄(생)
2023-04-05,11,4,Spring,0,0,0,라그로타,하이네켄(생)
2023-04-06,2,4,Spring,0,0,0,라그로타,하이네켄(생)
2023-04-07,0,4,Spring,0,0,0,라그로타,하이네켄(생)
2023-04-08,5,4,Spring,1,0,1,라그로타,하이네켄(생)
2023-04-09,3,4,Spring,1,0,1,라그로타,하이네켄(생)
2023-04-10,0,4,Spring,0,0,0,라그로타,하이네켄(생)
2023-04-11,2,4,Spring,0,0,0,라그로타,하이네켄(생)
2023-04-12,0,4,Spring,0,0,0,라그로타,하이네켄(생)
2023-04-13,6,4,Spring,0,0,0,라그로타,하이네켄(생)
2023-04-14,1,4,Spring,0,0,0,라그로타,하이네켄(생)
2023-04-15,16,4,Spring,1,0,1,라그로타,하이네켄(생)
2023-04-16,2,4,Spring,1,0,1,라그로타,하이네켄(생)
2023-04-17,0,4,Spring,0,0,0,라그로타,하이네켄(생)
2023-04-18,0,4,Spring,0,0,0,라그로타,하이네켄(생)
2023-04-19,6,4,Spring,0,0,0,라그로타,하이네켄(생)
2023-04-20,0,4,Spring,0,0,0,라그로타,하이네켄(생)
2023-04-21,6,4,Spring,0,0,0,라그로타,하이네켄(생)
2023-04-22,6,4,Spring,1,0,1,라그로타,하이네켄(생)
2023-04-23,1,4,Spring,1,0,1,라그로타,하이네켄(생)
2023-04-24,0,4,Spring,0,0,0,라그로타,하이네켄(생)
2023-04-25,0,4,Spring,0,0,0,라그로타,하이네켄(생)
2023-04-26,18,4,Spring,0,0,0,라그로타,하이네켄(생)
2023-04-27,0,4,Spring,0,0,0,라그로타,하이네켄(생)
2023-04-28,0,4,Spring,0,0,0,라그로타,하이네켄(생)
2023-04-29,5,4,Spring,1,0,1,라그로타,하이네켄(생)
2023-04-30,2,4,Spring,1,0,1,라그로타,하이네켄(생)
2023-05-01,0,5,Spring,0,0,0,라그로타,하이네켄(생)
2023-05-02,0,5,Spring,0,0,0,라그로타,하이네켄(생)
2023-05-03,0,5,Spring,0,0,0,라그로타,하이네켄(생)
2023-05-04,1,5,Spring,0,0,0,라그로타,하이네켄(생)
2023-05-05,3,5,Spring,0,1,1,라그로타,하이네켄(생)
2023-05-06,0,5,Spring,1,0,1,라그로타,하이네켄(생)
2023-05-07,2,5,Spring,1,0,1,라그로타,하이네켄(생)
2023-05-08,0,5,Spring,0,0,0,라그로타,하이네켄(생)
2023-05-09,0,5,Spring,0,0,0,라그로타,하이네켄(생)
2023-05-10,0,5,Spring,0,0,0,라그로타,하이네켄(생)
2023-05-11,0,5,Spring,0,0,0,라그로타,하이네켄(생)
2023-05-12,1,5,Spring,0,0,0,라그로타,하이네켄(생)
2023-05-13,3,5,Spring,1,0,1,라그로타,하이네켄(생)
2023-05-14,1,5,Spring,1,0,1,라그로타,하이네켄(생)
2023-05-15,0,5,Spring,0,0,0,라그로타,하이네켄(생)
2023-05-16,0,5,Spring,0,0,0,라그로타,하이네켄(생)
2023-05-17,2,5,Spring,0,0,0,라그로타,하이네켄(생)
2023-05-18,2,5,Spring,0,0,0,라그로타,하이네켄(생)
2023-05-19,1,5,Spring,0,0,0,라그로타,하이네켄(생)
2023-05-20,0,5,Spring,1,0,1,라그로타,하이네켄(생)
2023-05-21,0,5,Spring,1,0,1,라그로타,하이네켄(생)
2023-05-22,0,5,Spring,0,0,0,라그로타,하이네켄(생)
2023-05-23,2,5,Spring,0,0,0,라그로타,하이네켄(생)
2023-05-24,0,5,Spring,0,0,0,라그로타,하이네켄(생)
2023-05-25,0,5,Spring,0,0,0,라그로타,하이네켄(생)
2023-05-26,16,5,Spring,0,0,0,라그로타,하이네켄(생)
2023-05-27,2,5,Spring,1,1,1,라그로타,하이네켄(생)
2023-05-28,0,5,Spring,1,0,1,라그로타,하이네켄(생)
2023-05-29,0,5,Spring,0,1,1,라그로타,하이네켄(생)
2023-05-30,2,5,Spring,0,0,0,라그로타,하이네켄(생)
2023-05-31,0,5,Spring,0,0,0,라그로타,하이네켄(생)
2023-06-01,0,6,Summer,0,0,0,라그로타,하이네켄(생)
2023-06-02,1,6,Summer,0,0,0,라그로타,하이네켄(생)
2023-06-03,1,6,Summer,1,0,1,라그로타,하이네켄(생)
2023-06-04,1,6,Summer,1,0,1,라그로타,하이네켄(생)
2023-06-05,3,6,Summer,0,0,0,라그로타,하이네켄(생)
2023-06-06,4,6,Summer,0,1,1,라그로타,하이네켄(생)
2023-06-07,1,6,Summer,0,0,0,라그로타,하이네켄(생)
2023-06-08,0,6,Summer,0,0,0,라그로타,하이네켄(생)
2023-06-09,1,6,Summer,0,0,0,라그로타,하이네켄(생)
2023-06-10,4,6,Summer,1,0,1,라그로타,하이네켄(생)
2023-06-11,1,6,Summer,1,0,1,라그로타,하이네켄(생)
2023-06-12,0,6,Summer,0,0,0,라그로타,하이네켄(생)
2023-06-13,1,6,Summer,0,0,0,라그로타,하이네켄(생)
2023-06-14,0,6,Summer,0,0,0,라그로타,하이네켄(생)
2023-06-15,0,6,Summer,0,0,0,라그로타,하이네켄(생)
2023-06-16,1,6,Summer,0,0,0,라그로타,하이네켄(생)
2023-06-17,4,6,Summer,1,0,1,라그로타,하이네켄(생)
2023-06-18,3,6,Summer,1,0,1,라그로타,하이네켄(생)
2023-06-19,0,6,Summer,0,0,0,라그로타,하이네켄(생)
2023-06-20,0,6,Summer,0,0,0,라그로타,하이네켄(생)
2023-06-21,0,6,Summer,0,0,0,라그로타,하이네켄(생)
2023-06-22,0,6,Summer,0,0,0,라그로타,하이네켄(생)
2023-06-23,0,6,Summer,0,0,0,라그로타,하이네켄(생)
2023-06-24,0,6,Summer,1,0,1,라그로타,하이네켄(생)
2023-06-25,7,6,Summer,1,0,1,라그로타,하이네켄(생)
2023-06-26,0,6,Summer,0,0,0,라그로타,하이네켄(생)
2023-06-27,1,6,Summer,0,0,0,라그로타,하이네켄(생)
2023-06-28,3,6,Summer,0,0,0,라그로타,하이네켄(생)
2023-06-29,0,6,Summer,0,0,0,라그로타,하이네켄(생)
2023-06-30,2,6,Summer,0,0,0,라그로타,하이네켄(생)
2023-07-01,0,7,Summer,1,0,1,라그로타,하이네켄(생)
2023-07-02,0,7,Summer,1,0,1,라그로타,하이네켄(생)
2023-07-03,0,7,Summer,0,0,0,라그로타,하이네켄(생)
2023-07-04,0,7,Summer,0,0,0,라그로타,하이네켄(생)
2023-07-05,0,7,Summer,0,0,0,라그로타,하이네켄(생)
2023-07-06,5,7,Summer,0,0,0,라그로타,하이네켄(생)
2023-07-07,6,7,Summer,0,0,0,라그로타,하이네켄(생)
2023-07-08,7,7,Summer,1,0,1,라그로타,하이네켄(생)
2023-07-09,2,7,Summer,1,0,1,라그로타,하이네켄(생)
2023-07-10,0,7,Summer,0,0,0,라그로타,하이네켄(생)
2023-07-11,3,7,Summer,0,0,0,라그로타,하이네켄(생)
2023-07-12,0,7,Summer,0,0,0,라그로타,하이네켄(생)
2023-07-13,0,7,Summer,0,0,0,라그로타,하이네켄(생)
2023-07-14,3,7,Summer,0,0,0,라그로타,하이네켄(생)
2023-07-15,1,7,Summer,1,0,1,라그로타,하이네켄(생)
2023-07-16,1,7,Summer,1,0,1,라그로타,하이네켄(생)
2023-07-17,0,7,Summer,0,0,0,라그로타,하이네켄(생)
2023-07-18,0,7,Summer,0,0,0,라그로타,하이네켄(생)
2023-07-19,0,7,Summer,0,0,0,라그로타,하이네켄(생)
2023-07-20,1,7,Summer,0,0,0,라그로타,하이네켄(생)
2023-07-21,0,7,Summer,0,0,0,라그로타,하이네켄(생)
2023-07-22,8,7,Summer,1,0,1,라그로타,하이네켄(생)
2023-07-23,0,7,Summer,1,0,1,라그로타,하이네켄(생)
2023-07-24,0,7,Summer,0,0,0,라그로타,하이네켄(생)
2023-07-25,4,7,Summer,0,0,0,라그로타,하이네켄(생)
2023-07-26,1,7,Summer,0,0,0,라그로타,하이네켄(생)
2023-07-27,0,7,Summer,0,0,0,라그로타,하이네켄(생)
2023-07-28,2,7,Summer,0,0,0,라그로타,하이네켄(생)
2023-07-29,1,7,Summer,1,0,1,라그로타,하이네켄(생)
2023-07-30,1,7,Summer,1,0,1,라그로타,하이네켄(생)
2023-07-31,0,7,Summer,0,0,0,라그로타,하이네켄(생)
2023-08-01,4,8,Summer,0,0,0,라그로타,하이네켄(생)
2023-08-02,2,8,Summer,0,0,0,라그로타,하이네켄(생)
2023-08-03,7,8,Summer,0,0,0,라그로타,하이네켄(생)
2023-08-04,5,8,Summer,0,0,0,라그로타,하이네켄(생)
2023-08-05,5,8,Summer,1,0,1,라그로타,하이네켄(생)
2023-08-06,0,8,Summer,1,0,1,라그로타,하이네켄(생)
2023-08-07,0,8,Summer,0,0,0,라그로타,하이네켄(생)
2023-08-08,2,8,Summer,0,0,0,라그로타,하이네켄(생)
2023-08-09,1,8,Summer,0,0,0,라그로타,하이네켄(생)
2023-08-10,0,8,Summer,0,0,0,라그로타,하이네켄(생)
2023-08-11,0,8,Summer,0,0,0,라그로타,하이네켄(생)
2023-08-12,0,8,Summer,1,0,1,라그로타,하이네켄(생)
2023-08-13,2,8,Summer,1,0,1,라그로타,하이네켄(생)
2023-08-14,0,8,Summer,0,0,0,라그로타,하이네켄(생)
2023-08-15,0,8,Summer,0,1,1,라그로타,하이네켄(생)
2023-08-16,0,8,Summer,0,0,0,라그로타,하이네켄(생)
2023-08-17,0,8,Summer,0,0,0,라그로타,하이네켄(생)
2023-08-18,1,8,Summer,0,0,0,라그로타,하이네켄(생)
2023-08-19,3,8,Summer,1,0,1,라그로타,하이네켄(생)
2023-08-20,3,8,Summer,1,0,1,라그로타,하이네켄(생)
2023-08-21,0,8,Summer,0,0,0,라그로타,하이네켄(생)
2023-08-22,2,8,Summer,0,0,0,라그로타,하이네켄(생)
2023-08-23,0,8,Summer,0,0,0,라그로타,하이네켄(생)
2023-08-24,1,8,Summer,0,0,0,라그로타,하이네켄(생)
2023-08-25,2,8,Summer,0,0,0,라그로타,하이네켄(생)
2023-08-26,14,8,Summer,1,0,1,라그로타,하이네켄(생)
2023-08-27,2,8,Summer,1,0,1,라그로타,하이네켄(생)
2023-08-28,0,8,Summer,0,0,0,라그로타,하이네켄(생)
2023-08-29,1,8,Summer,0,0,0,라그로타,하이네켄(생)
2023-08-30,1,8,Summer,0,0,0,라그로타,하이네켄(생)
2023-08-31,7,8,Summer,0,0,0,라그로타,하이네켄(생)
2023-09-01,2,9,Autumn,0,0,0,라그로타,하이네켄(생)
2023-09-02,4,9,Autumn,1,0,1,라그로타,하이네켄(생)
2023-09-03,0,9,Autumn,1,0,1,라그로타,하이네켄(생)
2023-09-04,0,9,Autumn,0,0,0,라그로타,하이네켄(생)
2023-09-05,1,9,Autumn,0,0,0,라그로타,하이네켄(생)
2023-09-06,0,9,Autumn,0,0,0,라그로타,하이네켄(생)
2023-09-07,2,9,Autumn,0,0,0,라그로타,하이네켄(생)
2023-09-08,2,9,Autumn,0,0,0,라그로타,하이네켄(생)
2023-09-09,6,9,Autumn,1,0,1,라그로타,하이네켄(생)
2023-09-10,0,9,Autumn,1,0,1,라그로타,하이네켄(생)
2023-09-11,0,9,Autumn,0,0,0,라그로타,하이네켄(생)
2023-09-12,0,9,Autumn,0,0,0,라그로타,하이네켄(생)
2023-09-13,0,9,Autumn,0,0,0,라그로타,하이네켄(생)
2023-09-14,0,9,Autumn,0,0,0,라그로타,하이네켄(생)
2023-09-15,0,9,Autumn,0,0,0,라그로타,하이네켄(생)
2023-09-16,1,9,Autumn,1,0,1,라그로타,하이네켄(생)
2023-09-17,2,9,Autumn,1,0,1,라그로타,하이네켄(생)
2023-09-18,0,9,Autumn,0,0,0,라그로타,하이네켄(생)
2023-09-19,0,9,Autumn,0,0,0,라그로타,하이네켄(생)
2023-09-20,0,9,Autumn,0,0,0,라그로타,하이네켄(생)
2023-09-21,2,9,Autumn,0,0,0,라그로타,하이네켄(생)
2023-09-22,3,9,Autumn,0,0,0,라그로타,하이네켄(생)
2023-09-23,0,9,Autumn,1,0,1,라그로타,하이네켄(생)
2023-09-24,1,9,Autumn,1,0,1,라그로타,하이네켄(생)
2023-09-25,0,9,Autumn,0,0,0,라그로타,하이네켄(생)
2023-09-26,0,9,Autumn,0,0,0,라그로타,하이네켄(생)
2023-09-27,0,9,Autumn,0,0,0,라그로타,하이네켄(생)
2023-09-28,15,9,Autumn,0,1,1,라그로타,하이네켄(생)
2023-09-29,0,9,Autumn,0,1,1,라그로타,하이네켄(생)
2023-09-30,7,9,Autumn,1,1,1,라그로타,하이네켄(생)
2023-10-01,3,10,Autumn,1,0,1,라그로타,하이네켄(생)
2023-10-02,2,10,Autumn,0,1,1,라그로타,하이네켄(생)
2023-10-03,0,10,Autumn,0,1,1,라그로타,하이네켄(생)
2023-10-04,2,10,Autumn,0,0,0,라그로타,하이네켄(생)
2023-10-05,3,10,Autumn,0,0,0,라그로타,하이네켄(생)
2023-10-06,3,10,Autumn,0,0,0,라그로타,하이네켄(생)
2023-10-07,4,10,Autumn,1,0,1,라그로타,하이네켄(생)
2023-10-08,1,10,Autumn,1,0,1,라그로타,하이네켄(생)
2023-10-09,3,10,Autumn,0,1,1,라그로타,하이네켄(생)
2023-10-10,0,10,Autumn,0,0,0,라그로타,하이네켄(생)
2023-10-11,0,10,Autumn,0,0,0,라그로타,하이네켄(생)
2023-10-12,5,10,Autumn,0,0,0,라그로타,하이네켄(생)
2023-10-13,1,10,Autumn,0,0,0,라그로타,하이네켄(생)
2023-10-14,3,10,Autumn,1,0,1,라그로타,하이네켄(생)
2023-10-15,3,10,Autumn,1,0,1,라그로타,하이네켄(생)
2023-10-16,0,10,Autumn,0,0,0,라그로타,하이네켄(생)
2023-10-17,0,10,Autumn,0,0,0,라그로타,하이네켄(생)
2023-10-18,0,10,Autumn,0,0,0,라그로타,하이네켄(생)
2023-10-19,0,10,Autumn,0,0,0,라그로타,하이네켄(생)
2023-10-20,1,10,Autumn,0,0,0,라그로타,하이네켄(생)
2023-10-21,1,10,Autumn,1,0,1,라그로타,하이네켄(생)
2023-10-22,0,10,Autumn,1,0,1,라그로타,하이네켄(생)
2023-10-23,0,10,Autumn,0,0,0,라그로타,하이네켄(생)
2023-10-24,0,10,Autumn,0,0,0,라그로타,하이네켄(생)
2023-10-25,0,10,Autumn,0,0,0,라그로타,하이네켄(생)
2023-10-26,0,10,Autumn,0,0,0,라그로타,하이네켄(생)
2023-10-27,0,10,Autumn,0,0,0,라그로타,하이네켄(생)
2023-10-28,4,10,Autumn,1,0,1,라그로타,하이네켄(생)
2023-10-29,1,10,Autumn,1,0,1,라그로타,하이네켄(생)
2023-10-30,0,10,Autumn,0,0,0,라그로타,하이네켄(생)
2023-10-31,0,10,Autumn,0,0,0,라그로타,하이네켄(생)
2023-11-01,0,11,Autumn,0,0,0,라그로타,하이네켄(생)
2023-11-02,2,11,Autumn,0,0,0,라그로타,하이네켄(생)
2023-11-03,12,11,Autumn,0,0,0,라그로타,하이네켄(생)
2023-11-04,0,11,Autumn,1,0,1,라그로타,하이네켄(생)
2023-11-05,1,11,Autumn,1,0,1,라그로타,하이네켄(생)
2023-11-06,0,11,Autumn,0,0,0,라그로타,하이네켄(생)
2023-11-07,0,11,Autumn,0,0,0,라그로타,하이네켄(생)
2023-11-08,2,11,Autumn,0,0,0,라그로타,하이네켄(생)
2023-11-09,0,11,Autumn,0,0,0,라그로타,하이네켄(생)
2023-11-10,0,11,Autumn,0,0,0,라그로타,하이네켄(생)
2023-11-11,4,11,Autumn,1,0,1,라그로타,하이네켄(생)
2023-11-12,0,11,Autumn,1,0,1,라그로타,하이네켄(생)
2023-11-13,0,11,Autumn,0,0,0,라그로타,하이네켄(생)
2023-11-14,0,11,Autumn,0,0,0,라그로타,하이네켄(생)
2023-11-15,0,11,Autumn,0,0,0,라그로타,하이네켄(생)
2023-11-16,0,11,Autumn,0,0,0,라그로타,하이네켄(생)
2023-11-17,1,11,Autumn,0,0,0,라그로타,하이네켄(생)
2023-11-18,4,11,Autumn,1,0,1,라그로타,하이네켄(생)
2023-11-19,0,11,Autumn,1,0,1,라그로타,하이네켄(생)
2023-11-20,0,11,Autumn,0,0,0,라그로타,하이네켄(생)
2023-11-21,5,11,Autumn,0,0,0,라그로타,하이네켄(생)
2023-11-22,1,11,Autumn,0,0,0,라그로타,하이네켄(생)
2023-11-23,7,11,Autumn,0,0,0,라그로타,하이네켄(생)
2023-11-24,0,11,Autumn,0,0,0,라그로타,하이네켄(생)
2023-11-25,0,11,Autumn,1,0,1,라그로타,하이네켄(생)
2023-11-26,4,11,Autumn,1,0,1,라그로타,하이네켄(생)
2023-11-27,0,11,Autumn,0,0,0,라그로타,하이네켄(생)
2023-11-28,0,11,Autumn,0,0,0,라그로타,하이네켄(생)
2023-11-29,0,11,Autumn,0,0,0,라그로타,하이네켄(생)
2023-11-30,10,11,Autumn,0,0,0,라그로타,하이네켄(생)
2023-12-01,0,12,Winter,0,0,0,라그로타,하이네켄(생)
2023-12-02,5,12,Winter,1,0,1,라그로타,하이네켄(생)
2023-12-03,0,12,Winter,1,0,1,라그로타,하이네켄(생)
2023-12-04,0,12,Winter,0,0,0,라그로타,하이네켄(생)
2023-12-05,0,12,Winter,0,0,0,라그로타,하이네켄(생)
2023-12-06,0,12,Winter,0,0,0,라그로타,하이네켄(생)
2023-12-07,1,12,Winter,0,0,0,라그로타,하이네켄(생)
2023-12-08,4,12,Winter,0,0,0,라그로타,하이네켄(생)
2023-12-09,1,12,Winter,1,0,1,라그로타,하이네켄(생)
2023-12-10,3,12,Winter,1,0,1,라그로타,하이네켄(생)
2023-12-11,0,12,Winter,0,0,0,라그로타,하이네켄(생)
2023-12-12,1,12,Winter,0,0,0,라그로타,하이네켄(생)
2023-12-13,3,12,Winter,0,0,0,라그로타,하이네켄(생)
2023-12-14,1,12,Winter,0,0,0,라그로타,하이네켄(생)
2023-12-15,1,12,Winter,0,0,0,라그로타,하이네켄(생)
2023-12-16,1,12,Winter,1,0,1,라그로타,하이네켄(생)
2023-12-17,0,12,Winter,1,0,1,라그로타,하이네켄(생)
2023-12-18,1,12,Winter,0,0,0,라그로타,하이네켄(생)
2023-12-19,4,12,Winter,0,0,0,라그로타,하이네켄(생)
2023-12-20,0,12,Winter,0,0,0,라그로타,하이네켄(생)
2023-12-21,0,12,Winter,0,0,0,라그로타,하이네켄(생)
2023-12-22,4,12,Winter,0,0,0,라그로타,하이네켄(생)
2023-12-23,5,12,Winter,1,0,1,라그로타,하이네켄(생)
2023-12-24,2,12,Winter,1,0,1,라그로타,하이네켄(생)
2023-12-25,4,12,Winter,0,1,1,라그로타,하이네켄(생)
2023-12-26,2,12,Winter,0,0,0,라그로타,하이네켄(생)
2023-12-27,0,12,Winter,0,0,0,라그로타,하이네켄(생)
2023-12-28,2,12,Winter,0,0,0,라그로타,하이네켄(생)
2023-12-29,2,12,Winter,0,0,0,라그로타,하이네켄(생)
2023-12-30,0,12,Winter,1,0,1,라그로타,하이네켄(생)
2023-12-31,8,12,Winter,1,0,1,라그로타,하이네켄(생)
2024-01-01,1,1,Winter,0,1,1,라그로타,하이네켄(생)
2024-01-02,1,1,Winter,0,0,0,라그로타,하이네켄(생)
2024-01-03,0,1,Winter,0,0,0,라그로타,하이네켄(생)
2024-01-04,1,1,Winter,0,0,0,라그로타,하이네켄(생)
2024-01-05,1,1,Winter,0,0,0,라그로타,하이네켄(생)
2024-01-06,0,1,Winter,1,0,1,라그로타,하이네켄(생)
2024-01-07,1,1,Winter,1,0,1,라그로타,하이네켄(생)
2024-01-08,4,1,Winter,0,0,0,라그로타,하이네켄(생)
2024-01-09,0,1,Winter,0,0,0,라그로타,하이네켄(생)
2024-01-10,4,1,Winter,0,0,0,라그로타,하이네켄(생)
2024-01-11,2,1,Winter,0,0,0,라그로타,하이네켄(생)
2024-01-12,0,1,Winter,0,0,0,라그로타,하이네켄(생)
2024-01-13,9,1,Winter,1,0,1,라그로타,하이네켄(생)
2024-01-14,1,1,Winter,1,0,1,라그로타,하이네켄(생)
2024-01-15,0,1,Winter,0,0,0,라그로타,하이네켄(생)
2024-01-16,2,1,Winter,0,0,0,라그로타,하이네켄(생)
2024-01-17,1,1,Winter,0,0,0,라그로타,하이네켄(생)
2024-01-18,13,1,Winter,0,0,0,라그로타,하이네켄(생)
2024-01-19,5,1,Winter,0,0,0,라그로타,하이네켄(생)
2024-01-20,0,1,Winter,1,0,1,라그로타,하이네켄(생)
2024-01-21,2,1,Winter,1,0,1,라그로타,하이네켄(생)
2024-01-22,3,1,Winter,0,0,0,라그로타,하이네켄(생)
2024-01-23,6,1,Winter,0,0,0,라그로타,하이네켄(생)
2024-01-24,3,1,Winter,0,0,0,라그로타,하이네켄(생)
2024-01-25,19,1,Winter,0,0,0,라그로타,하이네켄(생)
2024-01-26,13,1,Winter,0,0,0,라그로타,하이네켄(생)
2024-01-27,6,1,Winter,1,0,1,라그로타,하이네켄(생)
2024-01-28,0,1,Winter,1,0,1,라그로타,하이네켄(생)
2024-01-29,0,1,Winter,0,0,0,라그로타,하이네켄(생)
2024-01-30,1,1,Winter,0,0,0,라그로타,하이네켄(생)
2024-01-31,0,1,Winter,0,0,0,라그로타,하이네켄(생)
2024-02-01,1,2,Winter,0,0,0,라그로타,하이네켄(생)
2024-02-02,3,2,Winter,0,0,0,라그로타,하이네켄(생)
2024-02-03,3,2,Winter,1,0,1,라그로타,하이네켄(생)
2024-02-04,2,2,Winter,1,0,1,라그로타,하이네켄(생)
2024-02-05,1,2,Winter,0,0,0,라그로타,하이네켄(생)
2024-02-06,3,2,Winter,0,0,0,라그로타,하이네켄(생)
2024-02-07,5,2,Winter,0,0,0,라그로타,하이네켄(생)
2024-02-08,1,2,Winter,0,0,0,라그로타,하이네켄(생)
2024-02-09,1,2,Winter,0,1,1,라그로타,하이네켄(생)
2024-02-10,3,2,Winter,1,1,1,라그로타,하이네켄(생)
2024-02-11,6,2,Winter,1,1,1,라그로타,하이네켄(생)
2024-02-12,4,2,Winter,0,1,1,라그로타,하이네켄(생)
2024-02-13,1,2,Winter,0,0,0,라그로타,하이네켄(생)
2024-02-14,0,2,Winter,0,0,0,라그로타,하이네켄(생)
2024-02-15,0,2,Winter,0,0,0,라그로타,하이네켄(생)
2024-02-16,2,2,Winter,0,0,0,라그로타,하이네켄(생)
2024-02-17,2,2,Winter,1,0,1,라그로타,하이네켄(생)
2024-02-18,3,2,Winter,1,0,1,라그로타,하이네켄(생)
2024-02-19,0,2,Winter,0,0,0,라그로타,하이네켄(생)
2024-02-20,0,2,Winter,0,0,0,라그로타,하이네켄(생)
2024-02-21,2,2,Winter,0,0,0,라그로타,하이네켄(생)
2024-02-22,0,2,Winter,0,0,0,라그로타,하이네켄(생)
2024-02-23,0,2,Winter,0,0,0,라그로타,하이네켄(생)
2024-02-24,6,2,Winter,1,0,1,라그로타,하이네켄(생)
2024-02-25,0,2,Winter,1,0,1,라그로타,하이네켄(생)
2024-02-26,0,2,Winter,0,0,0,라그로타,하이네켄(생)
2024-02-27,0,2,Winter,0,0,0,라그로타,하이네켄(생)
2024-02-28,0,2,Winter,0,0,0,라그로타,하이네켄(생)
2024-02-29,2,2,Winter,0,0,0,라그로타,하이네켄(생)
2024-03-01,0,3,Spring,0,1,1,라그로타,하이네켄(생)
2024-03-02,0,3,Spring,1,0,1,라그로타,하이네켄(생)
2024-03-03,0,3,Spring,1,0,1,라그로타,하이네켄(생)
2024-03-04,0,3,Spring,0,0,0,라그로타,하이네켄(생)
2024-03-05,0,3,Spring,0,0,0,라그로타,하이네켄(생)
2024-03-06,0,3,Spring,0,0,0,라그로타,하이네켄(생)
2024-03-07,0,3,Spring,0,0,0,라그로타,하이네켄(생)
2024-03-08,0,3,Spring,0,0,0,라그로타,하이네켄(생)
2024-03-09,0,3,Spring,1,0,1,라그로타,하이네켄(생)
2024-03-10,0,3,Spring,1,0,1,라그로타,하이네켄(생)
2024-03-11,0,3,Spring,0,0,0,라그로타,하이네켄(생)
2024-03-12,0,3,Spring,0,0,0,라그로타,하이네켄(생)
2024-03-13,0,3,Spring,0,0,0,라그로타,하이네켄(생)
2024-03-14,0,3,Spring,0,0,0,라그로타,하이네켄(생)
2024-03-15,3,3,Spring,0,0,0,라그로타,하이네켄(생)
2024-03-16,2,3,Spring,1,0,1,라그로타,하이네켄(생)
2024-03-17,0,3,Spring,1,0,1,라그로타,하이네켄(생)
2024-03-18,0,3,Spring,0,0,0,라그로타,하이네켄(생)
2024-03-19,0,3,Spring,0,0,0,라그로타,하이네켄(생)
2024-03-20,0,3,Spring,0,0,0,라그로타,하이네켄(생)
2024-03-21,0,3,Spring,0,0,0,라그로타,하이네켄(생)
2024-03-22,0,3,Spring,0,0,0,라그로타,하이네켄(생)
2024-03-23,8,3,Spring,1,0,1,라그로타,하이네켄(생)
2024-03-24,0,3,Spring,1,0,1,라그로타,하이네켄(생)
2024-03-25,0,3,Spring,0,0,0,라그로타,하이네켄(생)
2024-03-26,0,3,Spring,0,0,0,라그로타,하이네켄(생)
2024-03-27,0,3,Spring,0,0,0,라그로타,하이네켄(생)
2024-03-28,4,3,Spring,0,0,0,라그로타,하이네켄(생)
2024-03-29,0,3,Spring,0,0,0,라그로타,하이네켄(생)
2024-03-30,5,3,Spring,1,0,1,라그로타,하이네켄(생)
2024-03-31,2,3,Spring,1,0,1,라그로타,하이네켄(생)
2024-04-01,0,4,Spring,0,0,0,라그로타,하이네켄(생)
2024-04-02,1,4,Spring,0,0,0,라그로타,하이네켄(생)
2024-04-03,5,4,Spring,0,0,0,라그로타,하이네켄(생)
2024-04-04,3,4,Spring,0,0,0,라그로타,하이네켄(생)
2024-04-05,2,4,Spring,0,0,0,라그로타,하이네켄(생)
2024-04-06,10,4,Spring,1,0,1,라그로타,하이네켄(생)
2024-04-07,0,4,Spring,1,0,1,라그로타,하이네켄(생)
2024-04-08,0,4,Spring,0,0,0,라그로타,하이네켄(생)
2024-04-09,3,4,Spring,0,0,0,라그로타,하이네켄(생)
2024-04-10,2,4,Spring,0,1,1,라그로타,하이네켄(생)
2024-04-11,0,4,Spring,0,0,0,라그로타,하이네켄(생)
2024-04-12,0,4,Spring,0,0,0,라그로타,하이네켄(생)
2024-04-13,8,4,Spring,1,0,1,라그로타,하이네켄(생)
2024-04-14,4,4,Spring,1,0,1,라그로타,하이네켄(생)
2024-04-15,0,4,Spring,0,0,0,라그로타,하이네켄(생)
2024-04-16,6,4,Spring,0,0,0,라그로타,하이네켄(생)
2024-04-17,0,4,Spring,0,0,0,라그로타,하이네켄(생)
2024-04-18,0,4,Spring,0,0,0,라그로타,하이네켄(생)
2024-04-19,8,4,Spring,0,0,0,라그로타,하이네켄(생)
2024-04-20,1,4,Spring,1,0,1,라그로타,하이네켄(생)
2024-04-21,7,4,Spring,1,0,1,라그로타,하이네켄(생)
2024-04-22,0,4,Spring,0,0,0,라그로타,하이네켄(생)
2024-04-23,0,4,Spring,0,0,0,라그로타,하이네켄(생)
2024-04-24,2,4,Spring,0,0,0,라그로타,하이네켄(생)
2024-04-25,1,4,Spring,0,0,0,라그로타,하이네켄(생)
2024-04-26,8,4,Spring,0,0,0,라그로타,하이네켄(생)
2024-04-27,1,4,Spring,1,0,1,라그로타,하이네켄(생)
2024-04-28,3,4,Spring,1,0,1,라그로타,하이네켄(생)
2024-04-29,0,4,Spring,0,0,0,라그로타,하이네켄(생)
2024-04-30,4,4,Spring,0,0,0,라그로타,하이네켄(생)
2024-05-01,1,5,Spring,0,0,0,라그로타,하이네켄(생)
2024-05-02,0,5,Spring,0,0,0,라그로타,하이네켄(생)
2024-05-03,4,5,Spring,0,0,0,라그로타,하이네켄(생)
2024-05-04,3,5,Spring,1,0,1,라그로타,하이네켄(생)
2024-05-05,9,5,Spring,1,1,1,라그로타,하이네켄(생)
2024-05-06,0,5,Spring,0,1,1,라그로타,하이네켄(생)
2024-05-07,1,5,Spring,0,0,0,라그로타,하이네켄(생)
2024-05-08,4,5,Spring,0,0,0,라그로타,하이네켄(생)
2024-05-09,0,5,Spring,0,0,0,라그로타,하이네켄(생)
2024-05-10,3,5,Spring,0,0,0,라그로타,하이네켄(생)
2024-05-11,11,5,Spring,1,0,1,라그로타,하이네켄(생)
2024-05-12,3,5,Spring,1,0,1,라그로타,하이네켄(생)
2024-05-13,0,5,Spring,0,0,0,라그로타,하이네켄(생)
2024-05-14,4,5,Spring,0,0,0,라그로타,하이네켄(생)
2024-05-15,6,5,Spring,0,1,1,라그로타,하이네켄(생)
2024-05-16,0,5,Spring,0,0,0,라그로타,하이네켄(생)
2024-05-17,0,5,Spring,0,0,0,라그로타,하이네켄(생)
2024-05-18,0,5,Spring,1,0,1,라그로타,하이네켄(생)
2024-05-19,4,5,Spring,1,0,1,라그로타,하이네켄(생)
2024-05-20,0,5,Spring,0,0,0,라그로타,하이네켄(생)
2024-05-21,2,5,Spring,0,0,0,라그로타,하이네켄(생)
2024-05-22,4,5,Spring,0,0,0,라그로타,하이네켄(생)
2024-05-23,0,5,Spring,0,0,0,라그로타,하이네켄(생)
2024-05-24,4,5,Spring,0,0,0,라그로타,하이네켄(생)
2024-05-25,0,5,Spring,1,0,1,라그로타,하이네켄(생)
2024-05-26,0,5,Spring,1,0,1,라그로타,하이네켄(생)
2024-05-27,0,5,Spring,0,0,0,라그로타,하이네켄(생)
2024-05-28,1,5,Spring,0,0,0,라그로타,하이네켄(생)
2024-05-29,0,5,Spring,0,0,0,라그로타,하이네켄(생)
2024-05-30,0,5,Spring,0,0,0,라그로타,하이네켄(생)
2024-05-31,5,5,Spring,0,0,0,라그로타,하이네켄(생)
2024-06-01,1,6,Summer,1,0,1,라그로타,하이네켄(생)
2024-06-02,2,6,Summer,1,0,1,라그로타,하이네켄(생)
2024-06-03,0,6,Summer,0,0,0,라그로타,하이네켄(생)
2024-06-04,1,6,Summer,0,0,0,라그로타,하이네켄(생)
2024-06-05,0,6,Summer,0,0,0,라그로타,하이네켄(생)
2024-06-06,2,6,Summer,0,1,1,라그로타,하이네켄(생)
2024-06-07,2,6,Summer,0,0,0,라그로타,하이네켄(생)
2024-06-08,4,6,Summer,1,0,1,라그로타,하이네켄(생)
2024-06-09,5,6,Summer,1,0,1,라그로타,하이네켄(생)
2024-06-10,0,6,Summer,0,0,0,라그로타,하이네켄(생)
2024-06-11,3,6,Summer,0,0,0,라그로타,하이네켄(생)
2024-06-12,10,6,Summer,0,0,0,라그로타,하이네켄(생)
2024-06-13,3,6,Summer,0,0,0,라그로타,하이네켄(생)
2024-06-14,1,6,Summer,0,0,0,라그로타,하이네켄(생)
2024-06-15,4,6,Summer,1,0,1,라그로타,하이네켄(생)
2023-01-01,0,1,Winter,1,1,1,라그로타,한우 (200g)
2023-01-02,0,1,Winter,0,0,0,라그로타,한우 (200g)
2023-01-03,0,1,Winter,0,0,0,라그로타,한우 (200g)
2023-01-04,0,1,Winter,0,0,0,라그로타,한우 (200g)
2023-01-05,0,1,Winter,0,0,0,라그로타,한우 (200g)
2023-01-06,0,1,Winter,0,0,0,라그로타,한우 (200g)
2023-01-07,0,1,Winter,1,0,1,라그로타,한우 (200g)
2023-01-08,0,1,Winter,1,0,1,라그로타,한우 (200g)
2023-01-09,0,1,Winter,0,0,0,라그로타,한우 (200g)
2023-01-10,0,1,Winter,0,0,0,라그로타,한우 (200g)
2023-01-11,0,1,Winter,0,0,0,라그로타,한우 (200g)
2023-01-12,0,1,Winter,0,0,0,라그로타,한우 (200g)
2023-01-13,0,1,Winter,0,0,0,라그로타,한우 (200g)
2023-01-14,0,1,Winter,1,0,1,라그로타,한우 (200g)
2023-01-15,0,1,Winter,1,0,1,라그로타,한우 (200g)
2023-01-16,0,1,Winter,0,0,0,라그로타,한우 (200g)
2023-01-17,0,1,Winter,0,0,0,라그로타,한우 (200g)
2023-01-18,0,1,Winter,0,0,0,라그로타,한우 (200g)
2023-01-19,0,1,Winter,0,0,0,라그로타,한우 (200g)
2023-01-20,0,1,Winter,0,0,0,라그로타,한우 (200g)
2023-01-21,0,1,Winter,1,1,1,라그로타,한우 (200g)
2023-01-22,0,1,Winter,1,1,1,라그로타,한우 (200g)
2023-01-23,0,1,Winter,0,1,1,라그로타,한우 (200g)
2023-01-24,0,1,Winter,0,1,1,라그로타,한우 (200g)
2023-01-25,0,1,Winter,0,0,0,라그로타,한우 (200g)
2023-01-26,0,1,Winter,0,0,0,라그로타,한우 (200g)
2023-01-27,0,1,Winter,0,0,0,라그로타,한우 (200g)
2023-01-28,0,1,Winter,1,0,1,라그로타,한우 (200g)
2023-01-29,0,1,Winter,1,0,1,라그로타,한우 (200g)
2023-01-30,0,1,Winter,0,0,0,라그로타,한우 (200g)
2023-01-31,0,1,Winter,0,0,0,라그로타,한우 (200g)
2023-02-01,0,2,Winter,0,0,0,라그로타,한우 (200g)
2023-02-02,0,2,Winter,0,0,0,라그로타,한우 (200g)
2023-02-03,0,2,Winter,0,0,0,라그로타,한우 (200g)
2023-02-04,0,2,Winter,1,0,1,라그로타,한우 (200g)
2023-02-05,0,2,Winter,1,0,1,라그로타,한우 (200g)
2023-02-06,0,2,Winter,0,0,0,라그로타,한우 (200g)
2023-02-07,0,2,Winter,0,0,0,라그로타,한우 (200g)
2023-02-08,0,2,Winter,0,0,0,라그로타,한우 (200g)
2023-02-09,0,2,Winter,0,0,0,라그로타,한우 (200g)
2023-02-10,0,2,Winter,0,0,0,라그로타,한우 (200g)
2023-02-11,0,2,Winter,1,0,1,라그로타,한우 (200g)
2023-02-12,0,2,Winter,1,0,1,라그로타,한우 (200g)
2023-02-13,0,2,Winter,0,0,0,라그로타,한우 (200g)
2023-02-14,0,2,Winter,0,0,0,라그로타,한우 (200g)
2023-02-15,0,2,Winter,0,0,0,라그로타,한우 (200g)
2023-02-16,0,2,Winter,0,0,0,라그로타,한우 (200g)
2023-02-17,0,2,Winter,0,0,0,라그로타,한우 (200g)
2023-02-18,0,2,Winter,1,0,1,라그로타,한우 (200g)
2023-02-19,0,2,Winter,1,0,1,라그로타,한우 (200g)
2023-02-20,0,2,Winter,0,0,0,라그로타,한우 (200g)
2023-02-21,0,2,Winter,0,0,0,라그로타,한우 (200g)
2023-02-22,0,2,Winter,0,0,0,라그로타,한우 (200g)
2023-02-23,0,2,Winter,0,0,0,라그로타,한우 (200g)
2023-02-24,0,2,Winter,0,0,0,라그로타,한우 (200g)
2023-02-25,0,2,Winter,1,0,1,라그로타,한우 (200g)
2023-02-26,0,2,Winter,1,0,1,라그로타,한우 (200g)
2023-02-27,0,2,Winter,0,0,0,라그로타,한우 (200g)
2023-02-28,0,2,Winter,0,0,0,라그로타,한우 (200g)
2023-03-01,0,3,Spring,0,1,1,라그로타,한우 (200g)
2023-03-02,0,3,Spring,0,0,0,라그로타,한우 (200g)
2023-03-03,0,3,Spring,0,0,0,라그로타,한우 (200g)
2023-03-04,0,3,Spring,1,0,1,라그로타,한우 (200g)
2023-03-05,0,3,Spring,1,0,1,라그로타,한우 (200g)
2023-03-06,0,3,Spring,0,0,0,라그로타,한우 (200g)
2023-03-07,0,3,Spring,0,0,0,라그로타,한우 (200g)
2023-03-08,0,3,Spring,0,0,0,라그로타,한우 (200g)
2023-03-09,0,3,Spring,0,0,0,라그로타,한우 (200g)
2023-03-10,0,3,Spring,0,0,0,라그로타,한우 (200g)
2023-03-11,0,3,Spring,1,0,1,라그로타,한우 (200g)
2023-03-12,0,3,Spring,1,0,1,라그로타,한우 (200g)
2023-03-13,0,3,Spring,0,0,0,라그로타,한우 (200g)
2023-03-14,0,3,Spring,0,0,0,라그로타,한우 (200g)
2023-03-15,0,3,Spring,0,0,0,라그로타,한우 (200g)
2023-03-16,0,3,Spring,0,0,0,라그로타,한우 (200g)
2023-03-17,0,3,Spring,0,0,0,라그로타,한우 (200g)
2023-03-18,0,3,Spring,1,0,1,라그로타,한우 (200g)
2023-03-19,0,3,Spring,1,0,1,라그로타,한우 (200g)
2023-03-20,0,3,Spring,0,0,0,라그로타,한우 (200g)
2023-03-21,0,3,Spring,0,0,0,라그로타,한우 (200g)
2023-03-22,0,3,Spring,0,0,0,라그로타,한우 (200g)
2023-03-23,0,3,Spring,0,0,0,라그로타,한우 (200g)
2023-03-24,0,3,Spring,0,0,0,라그로타,한우 (200g)
2023-03-25,0,3,Spring,1,0,1,라그로타,한우 (200g)
2023-03-26,0,3,Spring,1,0,1,라그로타,한우 (200g)
2023-03-27,0,3,Spring,0,0,0,라그로타,한우 (200g)
2023-03-28,0,3,Spring,0,0,0,라그로타,한우 (200g)
2023-03-29,0,3,Spring,0,0,0,라그로타,한우 (200g)
2023-03-30,0,3,Spring,0,0,0,라그로타,한우 (200g)
2023-03-31,0,3,Spring,0,0,0,라그로타,한우 (200g)
2023-04-01,0,4,Spring,1,0,1,라그로타,한우 (200g)
2023-04-02,0,4,Spring,1,0,1,라그로타,한우 (200g)
2023-04-03,0,4,Spring,0,0,0,라그로타,한우 (200g)
2023-04-04,0,4,Spring,0,0,0,라그로타,한우 (200g)
2023-04-05,0,4,Spring,0,0,0,라그로타,한우 (200g)
2023-04-06,0,4,Spring,0,0,0,라그로타,한우 (200g)
2023-04-07,0,4,Spring,0,0,0,라그로타,한우 (200g)
2023-04-08,0,4,Spring,1,0,1,라그로타,한우 (200g)
2023-04-09,0,4,Spring,1,0,1,라그로타,한우 (200g)
2023-04-10,0,4,Spring,0,0,0,라그로타,한우 (200g)
2023-04-11,0,4,Spring,0,0,0,라그로타,한우 (200g)
2023-04-12,0,4,Spring,0,0,0,라그로타,한우 (200g)
2023-04-13,0,4,Spring,0,0,0,라그로타,한우 (200g)
2023-04-14,0,4,Spring,0,0,0,라그로타,한우 (200g)
2023-04-15,0,4,Spring,1,0,1,라그로타,한우 (200g)
2023-04-16,0,4,Spring,1,0,1,라그로타,한우 (200g)
2023-04-17,0,4,Spring,0,0,0,라그로타,한우 (200g)
2023-04-18,0,4,Spring,0,0,0,라그로타,한우 (200g)
2023-04-19,0,4,Spring,0,0,0,라그로타,한우 (200g)
2023-04-20,0,4,Spring,0,0,0,라그로타,한우 (200g)
2023-04-21,0,4,Spring,0,0,0,라그로타,한우 (200g)
2023-04-22,0,4,Spring,1,0,1,라그로타,한우 (200g)
2023-04-23,0,4,Spring,1,0,1,라그로타,한우 (200g)
2023-04-24,0,4,Spring,0,0,0,라그로타,한우 (200g)
2023-04-25,0,4,Spring,0,0,0,라그로타,한우 (200g)
2023-04-26,0,4,Spring,0,0,0,라그로타,한우 (200g)
2023-04-27,0,4,Spring,0,0,0,라그로타,한우 (200g)
2023-04-28,0,4,Spring,0,0,0,라그로타,한우 (200g)
2023-04-29,0,4,Spring,1,0,1,라그로타,한우 (200g)
2023-04-30,0,4,Spring,1,0,1,라그로타,한우 (200g)
2023-05-01,0,5,Spring,0,0,0,라그로타,한우 (200g)
2023-05-02,0,5,Spring,0,0,0,라그로타,한우 (200g)
2023-05-03,0,5,Spring,0,0,0,라그로타,한우 (200g)
2023-05-04,0,5,Spring,0,0,0,라그로타,한우 (200g)
2023-05-05,0,5,Spring,0,1,1,라그로타,한우 (200g)
2023-05-06,0,5,Spring,1,0,1,라그로타,한우 (200g)
2023-05-07,0,5,Spring,1,0,1,라그로타,한우 (200g)
2023-05-08,0,5,Spring,0,0,0,라그로타,한우 (200g)
2023-05-09,0,5,Spring,0,0,0,라그로타,한우 (200g)
2023-05-10,0,5,Spring,0,0,0,라그로타,한우 (200g)
2023-05-11,0,5,Spring,0,0,0,라그로타,한우 (200g)
2023-05-12,0,5,Spring,0,0,0,라그로타,한우 (200g)
2023-05-13,0,5,Spring,1,0,1,라그로타,한우 (200g)
2023-05-14,0,5,Spring,1,0,1,라그로타,한우 (200g)
2023-05-15,0,5,Spring,0,0,0,라그로타,한우 (200g)
2023-05-16,0,5,Spring,0,0,0,라그로타,한우 (200g)
2023-05-17,0,5,Spring,0,0,0,라그로타,한우 (200g)
2023-05-18,0,5,Spring,0,0,0,라그로타,한우 (200g)
2023-05-19,0,5,Spring,0,0,0,라그로타,한우 (200g)
2023-05-20,0,5,Spring,1,0,1,라그로타,한우 (200g)
2023-05-21,0,5,Spring,1,0,1,라그로타,한우 (200g)
2023-05-22,0,5,Spring,0,0,0,라그로타,한우 (200g)
2023-05-23,0,5,Spring,0,0,0,라그로타,한우 (200g)
2023-05-24,0,5,Spring,0,0,0,라그로타,한우 (200g)
2023-05-25,0,5,Spring,0,0,0,라그로타,한우 (200g)
2023-05-26,0,5,Spring,0,0,0,라그로타,한우 (200g)
2023-05-27,0,5,Spring,1,1,1,라그로타,한우 (200g)
2023-05-28,0,5,Spring,1,0,1,라그로타,한우 (200g)
2023-05-29,0,5,Spring,0,1,1,라그로타,한우 (200g)
2023-05-30,0,5,Spring,0,0,0,라그로타,한우 (200g)
2023-05-31,0,5,Spring,0,0,0,라그로타,한우 (200g)
2023-06-01,0,6,Summer,0,0,0,라그로타,한우 (200g)
2023-06-02,0,6,Summer,0,0,0,라그로타,한우 (200g)
2023-06-03,0,6,Summer,1,0,1,라그로타,한우 (200g)
2023-06-04,0,6,Summer,1,0,1,라그로타,한우 (200g)
2023-06-05,0,6,Summer,0,0,0,라그로타,한우 (200g)
2023-06-06,0,6,Summer,0,1,1,라그로타,한우 (200g)
2023-06-07,0,6,Summer,0,0,0,라그로타,한우 (200g)
2023-06-08,0,6,Summer,0,0,0,라그로타,한우 (200g)
2023-06-09,0,6,Summer,0,0,0,라그로타,한우 (200g)
2023-06-10,0,6,Summer,1,0,1,라그로타,한우 (200g)
2023-06-11,0,6,Summer,1,0,1,라그로타,한우 (200g)
2023-06-12,0,6,Summer,0,0,0,라그로타,한우 (200g)
2023-06-13,0,6,Summer,0,0,0,라그로타,한우 (200g)
2023-06-14,0,6,Summer,0,0,0,라그로타,한우 (200g)
2023-06-15,0,6,Summer,0,0,0,라그로타,한우 (200g)
2023-06-16,0,6,Summer,0,0,0,라그로타,한우 (200g)
2023-06-17,0,6,Summer,1,0,1,라그로타,한우 (200g)
2023-06-18,0,6,Summer,1,0,1,라그로타,한우 (200g)
2023-06-19,0,6,Summer,0,0,0,라그로타,한우 (200g)
2023-06-20,0,6,Summer,0,0,0,라그로타,한우 (200g)
2023-06-21,0,6,Summer,0,0,0,라그로타,한우 (200g)
2023-06-22,0,6,Summer,0,0,0,라그로타,한우 (200g)
2023-06-23,0,6,Summer,0,0,0,라그로타,한우 (200g)
2023-06-24,0,6,Summer,1,0,1,라그로타,한우 (200g)
2023-06-25,0,6,Summer,1,0,1,라그로타,한우 (200g)
2023-06-26,0,6,Summer,0,0,0,라그로타,한우 (200g)
2023-06-27,0,6,Summer,0,0,0,라그로타,한우 (200g)
2023-06-28,0,6,Summer,0,0,0,라그로타,한우 (200g)
2023-06-29,0,6,Summer,0,0,0,라그로타,한우 (200g)
2023-06-30,0,6,Summer,0,0,0,라그로타,한우 (200g)
2023-07-01,0,7,Summer,1,0,1,라그로타,한우 (200g)
2023-07-02,0,7,Summer,1,0,1,라그로타,한우 (200g)
2023-07-03,0,7,Summer,0,0,0,라그로타,한우 (200g)
2023-07-04,0,7,Summer,0,0,0,라그로타,한우 (200g)
2023-07-05,0,7,Summer,0,0,0,라그로타,한우 (200g)
2023-07-06,0,7,Summer,0,0,0,라그로타,한우 (200g)
2023-07-07,0,7,Summer,0,0,0,라그로타,한우 (200g)
2023-07-08,0,7,Summer,1,0,1,라그로타,한우 (200g)
2023-07-09,0,7,Summer,1,0,1,라그로타,한우 (200g)
2023-07-10,0,7,Summer,0,0,0,라그로타,한우 (200g)
2023-07-11,0,7,Summer,0,0,0,라그로타,한우 (200g)
2023-07-12,0,7,Summer,0,0,0,라그로타,한우 (200g)
2023-07-13,0,7,Summer,0,0,0,라그로타,한우 (200g)
2023-07-14,0,7,Summer,0,0,0,라그로타,한우 (200g)
2023-07-15,0,7,Summer,1,0,1,라그로타,한우 (200g)
2023-07-16,0,7,Summer,1,0,1,라그로타,한우 (200g)
2023-07-17,0,7,Summer,0,0,0,라그로타,한우 (200g)
2023-07-18,0,7,Summer,0,0,0,라그로타,한우 (200g)
2023-07-19,0,7,Summer,0,0,0,라그로타,한우 (200g)
2023-07-20,0,7,Summer,0,0,0,라그로타,한우 (200g)
2023-07-21,0,7,Summer,0,0,0,라그로타,한우 (200g)
2023-07-22,0,7,Summer,1,0,1,라그로타,한우 (200g)
2023-07-23,0,7,Summer,1,0,1,라그로타,한우 (200g)
2023-07-24,0,7,Summer,0,0,0,라그로타,한우 (200g)
2023-07-25,0,7,Summer,0,0,0,라그로타,한우 (200g)
2023-07-26,0,7,Summer,0,0,0,라그로타,한우 (200g)
2023-07-27,0,7,Summer,0,0,0,라그로타,한우 (200g)
2023-07-28,0,7,Summer,0,0,0,라그로타,한우 (200g)
2023-07-29,0,7,Summer,1,0,1,라그로타,한우 (200g)
2023-07-30,0,7,Summer,1,0,1,라그로타,한우 (200g)
2023-07-31,0,7,Summer,0,0,0,라그로타,한우 (200g)
2023-08-01,0,8,Summer,0,0,0,라그로타,한우 (200g)
2023-08-02,0,8,Summer,0,0,0,라그로타,한우 (200g)
2023-08-03,0,8,Summer,0,0,0,라그로타,한우 (200g)
2023-08-04,0,8,Summer,0,0,0,라그로타,한우 (200g)
2023-08-05,0,8,Summer,1,0,1,라그로타,한우 (200g)
2023-08-06,0,8,Summer,1,0,1,라그로타,한우 (200g)
2023-08-07,0,8,Summer,0,0,0,라그로타,한우 (200g)
2023-08-08,0,8,Summer,0,0,0,라그로타,한우 (200g)
2023-08-09,0,8,Summer,0,0,0,라그로타,한우 (200g)
2023-08-10,0,8,Summer,0,0,0,라그로타,한우 (200g)
2023-08-11,0,8,Summer,0,0,0,라그로타,한우 (200g)
2023-08-12,0,8,Summer,1,0,1,라그로타,한우 (200g)
2023-08-13,0,8,Summer,1,0,1,라그로타,한우 (200g)
2023-08-14,0,8,Summer,0,0,0,라그로타,한우 (200g)
2023-08-15,0,8,Summer,0,1,1,라그로타,한우 (200g)
2023-08-16,0,8,Summer,0,0,0,라그로타,한우 (200g)
2023-08-17,0,8,Summer,0,0,0,라그로타,한우 (200g)
2023-08-18,0,8,Summer,0,0,0,라그로타,한우 (200g)
2023-08-19,0,8,Summer,1,0,1,라그로타,한우 (200g)
2023-08-20,0,8,Summer,1,0,1,라그로타,한우 (200g)
2023-08-21,0,8,Summer,0,0,0,라그로타,한우 (200g)
2023-08-22,0,8,Summer,0,0,0,라그로타,한우 (200g)
2023-08-23,0,8,Summer,0,0,0,라그로타,한우 (200g)
2023-08-24,0,8,Summer,0,0,0,라그로타,한우 (200g)
2023-08-25,0,8,Summer,0,0,0,라그로타,한우 (200g)
2023-08-26,0,8,Summer,1,0,1,라그로타,한우 (200g)
2023-08-27,0,8,Summer,1,0,1,라그로타,한우 (200g)
2023-08-28,0,8,Summer,0,0,0,라그로타,한우 (200g)
2023-08-29,0,8,Summer,0,0,0,라그로타,한우 (200g)
2023-08-30,0,8,Summer,0,0,0,라그로타,한우 (200g)
2023-08-31,0,8,Summer,0,0,0,라그로타,한우 (200g)
2023-09-01,0,9,Autumn,0,0,0,라그로타,한우 (200g)
2023-09-02,0,9,Autumn,1,0,1,라그로타,한우 (200g)
2023-09-03,0,9,Autumn,1,0,1,라그로타,한우 (200g)
2023-09-04,0,9,Autumn,0,0,0,라그로타,한우 (200g)
2023-09-05,0,9,Autumn,0,0,0,라그로타,한우 (200g)
2023-09-06,0,9,Autumn,0,0,0,라그로타,한우 (200g)
2023-09-07,0,9,Autumn,0,0,0,라그로타,한우 (200g)
2023-09-08,0,9,Autumn,0,0,0,라그로타,한우 (200g)
2023-09-09,0,9,Autumn,1,0,1,라그로타,한우 (200g)
2023-09-10,0,9,Autumn,1,0,1,라그로타,한우 (200g)
2023-09-11,0,9,Autumn,0,0,0,라그로타,한우 (200g)
2023-09-12,0,9,Autumn,0,0,0,라그로타,한우 (200g)
2023-09-13,0,9,Autumn,0,0,0,라그로타,한우 (200g)
2023-09-14,0,9,Autumn,0,0,0,라그로타,한우 (200g)
2023-09-15,0,9,Autumn,0,0,0,라그로타,한우 (200g)
2023-09-16,0,9,Autumn,1,0,1,라그로타,한우 (200g)
2023-09-17,0,9,Autumn,1,0,1,라그로타,한우 (200g)
2023-09-18,0,9,Autumn,0,0,0,라그로타,한우 (200g)
2023-09-19,0,9,Autumn,0,0,0,라그로타,한우 (200g)
2023-09-20,0,9,Autumn,0,0,0,라그로타,한우 (200g)
2023-09-21,0,9,Autumn,0,0,0,라그로타,한우 (200g)
2023-09-22,0,9,Autumn,0,0,0,라그로타,한우 (200g)
2023-09-23,0,9,Autumn,1,0,1,라그로타,한우 (200g)
2023-09-24,0,9,Autumn,1,0,1,라그로타,한우 (200g)
2023-09-25,0,9,Autumn,0,0,0,라그로타,한우 (200g)
2023-09-26,0,9,Autumn,0,0,0,라그로타,한우 (200g)
2023-09-27,0,9,Autumn,0,0,0,라그로타,한우 (200g)
2023-09-28,0,9,Autumn,0,1,1,라그로타,한우 (200g)
2023-09-29,0,9,Autumn,0,1,1,라그로타,한우 (200g)
2023-09-30,0,9,Autumn,1,1,1,라그로타,한우 (200g)
2023-10-01,0,10,Autumn,1,0,1,라그로타,한우 (200g)
2023-10-02,0,10,Autumn,0,1,1,라그로타,한우 (200g)
2023-10-03,0,10,Autumn,0,1,1,라그로타,한우 (200g)
2023-10-04,0,10,Autumn,0,0,0,라그로타,한우 (200g)
2023-10-05,0,10,Autumn,0,0,0,라그로타,한우 (200g)
2023-10-06,0,10,Autumn,0,0,0,라그로타,한우 (200g)
2023-10-07,0,10,Autumn,1,0,1,라그로타,한우 (200g)
2023-10-08,0,10,Autumn,1,0,1,라그로타,한우 (200g)
2023-10-09,0,10,Autumn,0,1,1,라그로타,한우 (200g)
2023-10-10,0,10,Autumn,0,0,0,라그로타,한우 (200g)
2023-10-11,0,10,Autumn,0,0,0,라그로타,한우 (200g)
2023-10-12,0,10,Autumn,0,0,0,라그로타,한우 (200g)
2023-10-13,0,10,Autumn,0,0,0,라그로타,한우 (200g)
2023-10-14,0,10,Autumn,1,0,1,라그로타,한우 (200g)
2023-10-15,0,10,Autumn,1,0,1,라그로타,한우 (200g)
2023-10-16,0,10,Autumn,0,0,0,라그로타,한우 (200g)
2023-10-17,0,10,Autumn,0,0,0,라그로타,한우 (200g)
2023-10-18,0,10,Autumn,0,0,0,라그로타,한우 (200g)
2023-10-19,0,10,Autumn,0,0,0,라그로타,한우 (200g)
2023-10-20,0,10,Autumn,0,0,0,라그로타,한우 (200g)
2023-10-21,0,10,Autumn,1,0,1,라그로타,한우 (200g)
2023-10-22,0,10,Autumn,1,0,1,라그로타,한우 (200g)
2023-10-23,0,10,Autumn,0,0,0,라그로타,한우 (200g)
2023-10-24,0,10,Autumn,0,0,0,라그로타,한우 (200g)
2023-10-25,0,10,Autumn,0,0,0,라그로타,한우 (200g)
2023-10-26,0,10,Autumn,0,0,0,라그로타,한우 (200g)
2023-10-27,0,10,Autumn,0,0,0,라그로타,한우 (200g)
2023-10-28,0,10,Autumn,1,0,1,라그로타,한우 (200g)
2023-10-29,0,10,Autumn,1,0,1,라그로타,한우 (200g)
2023-10-30,0,10,Autumn,0,0,0,라그로타,한우 (200g)
2023-10-31,0,10,Autumn,0,0,0,라그로타,한우 (200g)
2023-11-01,0,11,Autumn,0,0,0,라그로타,한우 (200g)
2023-11-02,0,11,Autumn,0,0,0,라그로타,한우 (200g)
2023-11-03,0,11,Autumn,0,0,0,라그로타,한우 (200g)
2023-11-04,0,11,Autumn,1,0,1,라그로타,한우 (200g)
2023-11-05,0,11,Autumn,1,0,1,라그로타,한우 (200g)
2023-11-06,0,11,Autumn,0,0,0,라그로타,한우 (200g)
2023-11-07,0,11,Autumn,0,0,0,라그로타,한우 (200g)
2023-11-08,0,11,Autumn,0,0,0,라그로타,한우 (200g)
2023-11-09,0,11,Autumn,0,0,0,라그로타,한우 (200g)
2023-11-10,0,11,Autumn,0,0,0,라그로타,한우 (200g)
2023-11-11,0,11,Autumn,1,0,1,라그로타,한우 (200g)
2023-11-12,0,11,Autumn,1,0,1,라그로타,한우 (200g)
2023-11-13,0,11,Autumn,0,0,0,라그로타,한우 (200g)
2023-11-14,0,11,Autumn,0,0,0,라그로타,한우 (200g)
2023-11-15,0,11,Autumn,0,0,0,라그로타,한우 (200g)
2023-11-16,0,11,Autumn,0,0,0,라그로타,한우 (200g)
2023-11-17,0,11,Autumn,0,0,0,라그로타,한우 (200g)
2023-11-18,0,11,Autumn,1,0,1,라그로타,한우 (200g)
2023-11-19,0,11,Autumn,1,0,1,라그로타,한우 (200g)
2023-11-20,0,11,Autumn,0,0,0,라그로타,한우 (200g)
2023-11-21,0,11,Autumn,0,0,0,라그로타,한우 (200g)
2023-11-22,0,11,Autumn,0,0,0,라그로타,한우 (200g)
2023-11-23,0,11,Autumn,0,0,0,라그로타,한우 (200g)
2023-11-24,0,11,Autumn,0,0,0,라그로타,한우 (200g)
2023-11-25,0,11,Autumn,1,0,1,라그로타,한우 (200g)
2023-11-26,0,11,Autumn,1,0,1,라그로타,한우 (200g)
2023-11-27,0,11,Autumn,0,0,0,라그로타,한우 (200g)
2023-11-28,0,11,Autumn,0,0,0,라그로타,한우 (200g)
2023-11-29,0,11,Autumn,0,0,0,라그로타,한우 (200g)
2023-11-30,0,11,Autumn,0,0,0,라그로타,한우 (200g)
2023-12-01,0,12,Winter,0,0,0,라그로타,한우 (200g)
2023-12-02,0,12,Winter,1,0,1,라그로타,한우 (200g)
2023-12-03,0,12,Winter,1,0,1,라그로타,한우 (200g)
2023-12-04,0,12,Winter,0,0,0,라그로타,한우 (200g)
2023-12-05,0,12,Winter,0,0,0,라그로타,한우 (200g)
2023-12-06,0,12,Winter,0,0,0,라그로타,한우 (200g)
2023-12-07,0,12,Winter,0,0,0,라그로타,한우 (200g)
2023-12-08,0,12,Winter,0,0,0,라그로타,한우 (200g)
2023-12-09,1,12,Winter,1,0,1,라그로타,한우 (200g)
2023-12-10,1,12,Winter,1,0,1,라그로타,한우 (200g)
2023-12-11,0,12,Winter,0,0,0,라그로타,한우 (200g)
2023-12-12,0,12,Winter,0,0,0,라그로타,한우 (200g)
2023-12-13,1,12,Winter,0,0,0,라그로타,한우 (200g)
2023-12-14,0,12,Winter,0,0,0,라그로타,한우 (200g)
2023-12-15,0,12,Winter,0,0,0,라그로타,한우 (200g)
2023-12-16,1,12,Winter,1,0,1,라그로타,한우 (200g)
2023-12-17,1,12,Winter,1,0,1,라그로타,한우 (200g)
2023-12-18,0,12,Winter,0,0,0,라그로타,한우 (200g)
2023-12-19,3,12,Winter,0,0,0,라그로타,한우 (200g)
2023-12-20,1,12,Winter,0,0,0,라그로타,한우 (200g)
2023-12-21,4,12,Winter,0,0,0,라그로타,한우 (200g)
2023-12-22,3,12,Winter,0,0,0,라그로타,한우 (200g)
2023-12-23,3,12,Winter,1,0,1,라그로타,한우 (200g)
2023-12-24,3,12,Winter,1,0,1,라그로타,한우 (200g)
2023-12-25,4,12,Winter,0,1,1,라그로타,한우 (200g)
2023-12-26,1,12,Winter,0,0,0,라그로타,한우 (200g)
2023-12-27,5,12,Winter,0,0,0,라그로타,한우 (200g)
2023-12-28,6,12,Winter,0,0,0,라그로타,한우 (200g)
2023-12-29,0,12,Winter,0,0,0,라그로타,한우 (200g)
2023-12-30,7,12,Winter,1,0,1,라그로타,한우 (200g)
2023-12-31,3,12,Winter,1,0,1,라그로타,한우 (200g)
2024-01-01,2,1,Winter,0,1,1,라그로타,한우 (200g)
2024-01-02,7,1,Winter,0,0,0,라그로타,한우 (200g)
2024-01-03,3,1,Winter,0,0,0,라그로타,한우 (200g)
2024-01-04,3,1,Winter,0,0,0,라그로타,한우 (200g)
2024-01-05,1,1,Winter,0,0,0,라그로타,한우 (200g)
2024-01-06,3,1,Winter,1,0,1,라그로타,한우 (200g)
2024-01-07,2,1,Winter,1,0,1,라그로타,한우 (200g)
2024-01-08,1,1,Winter,0,0,0,라그로타,한우 (200g)
2024-01-09,2,1,Winter,0,0,0,라그로타,한우 (200g)
2024-01-10,1,1,Winter,0,0,0,라그로타,한우 (200g)
2024-01-11,3,1,Winter,0,0,0,라그로타,한우 (200g)
2024-01-12,3,1,Winter,0,0,0,라그로타,한우 (200g)
2024-01-13,3,1,Winter,1,0,1,라그로타,한우 (200g)
2024-01-14,2,1,Winter,1,0,1,라그로타,한우 (200g)
2024-01-15,5,1,Winter,0,0,0,라그로타,한우 (200g)
2024-01-16,3,1,Winter,0,0,0,라그로타,한우 (200g)
2024-01-17,5,1,Winter,0,0,0,라그로타,한우 (200g)
2024-01-18,1,1,Winter,0,0,0,라그로타,한우 (200g)
2024-01-19,3,1,Winter,0,0,0,라그로타,한우 (200g)
2024-01-20,1,1,Winter,1,0,1,라그로타,한우 (200g)
2024-01-21,0,1,Winter,1,0,1,라그로타,한우 (200g)
2024-01-22,0,1,Winter,0,0,0,라그로타,한우 (200g)
2024-01-23,3,1,Winter,0,0,0,라그로타,한우 (200g)
2024-01-24,0,1,Winter,0,0,0,라그로타,한우 (200g)
2024-01-25,1,1,Winter,0,0,0,라그로타,한우 (200g)
2024-01-26,0,1,Winter,0,0,0,라그로타,한우 (200g)
2024-01-27,3,1,Winter,1,0,1,라그로타,한우 (200g)
2024-01-28,5,1,Winter,1,0,1,라그로타,한우 (200g)
2024-01-29,0,1,Winter,0,0,0,라그로타,한우 (200g)
2024-01-30,3,1,Winter,0,0,0,라그로타,한우 (200g)
2024-01-31,1,1,Winter,0,0,0,라그로타,한우 (200g)
2024-02-01,3,2,Winter,0,0,0,라그로타,한우 (200g)
2024-02-02,1,2,Winter,0,0,0,라그로타,한우 (200g)
2024-02-03,2,2,Winter,1,0,1,라그로타,한우 (200g)
2024-02-04,2,2,Winter,1,0,1,라그로타,한우 (200g)
2024-02-05,1,2,Winter,0,0,0,라그로타,한우 (200g)
2024-02-06,1,2,Winter,0,0,0,라그로타,한우 (200g)
2024-02-07,4,2,Winter,0,0,0,라그로타,한우 (200g)
2024-02-08,1,2,Winter,0,0,0,라그로타,한우 (200g)
2024-02-09,2,2,Winter,0,1,1,라그로타,한우 (200g)
2024-02-10,4,2,Winter,1,1,1,라그로타,한우 (200g)
2024-02-11,3,2,Winter,1,1,1,라그로타,한우 (200g)
2024-02-12,1,2,Winter,0,1,1,라그로타,한우 (200g)
2024-02-13,0,2,Winter,0,0,0,라그로타,한우 (200g)
2024-02-14,4,2,Winter,0,0,0,라그로타,한우 (200g)
2024-02-15,1,2,Winter,0,0,0,라그로타,한우 (200g)
2024-02-16,2,2,Winter,0,0,0,라그로타,한우 (200g)
2024-02-17,3,2,Winter,1,0,1,라그로타,한우 (200g)
2024-02-18,0,2,Winter,1,0,1,라그로타,한우 (200g)
2024-02-19,0,2,Winter,0,0,0,라그로타,한우 (200g)
2024-02-20,0,2,Winter,0,0,0,라그로타,한우 (200g)
2024-02-21,0,2,Winter,0,0,0,라그로타,한우 (200g)
2024-02-22,2,2,Winter,0,0,0,라그로타,한우 (200g)
2024-02-23,1,2,Winter,0,0,0,라그로타,한우 (200g)
2024-02-24,2,2,Winter,1,0,1,라그로타,한우 (200g)
2024-02-25,3,2,Winter,1,0,1,라그로타,한우 (200g)
2024-02-26,0,2,Winter,0,0,0,라그로타,한우 (200g)
2024-02-27,2,2,Winter,0,0,0,라그로타,한우 (200g)
2024-02-28,1,2,Winter,0,0,0,라그로타,한우 (200g)
2024-02-29,3,2,Winter,0,0,0,라그로타,한우 (200g)
2024-03-01,1,3,Spring,0,1,1,라그로타,한우 (200g)
2024-03-02,1,3,Spring,1,0,1,라그로타,한우 (200g)
2024-03-03,0,3,Spring,1,0,1,라그로타,한우 (200g)
2024-03-04,0,3,Spring,0,0,0,라그로타,한우 (200g)
2024-03-05,0,3,Spring,0,0,0,라그로타,한우 (200g)
2024-03-06,0,3,Spring,0,0,0,라그로타,한우 (200g)
2024-03-07,0,3,Spring,0,0,0,라그로타,한우 (200g)
2024-03-08,0,3,Spring,0,0,0,라그로타,한우 (200g)
2024-03-09,0,3,Spring,1,0,1,라그로타,한우 (200g)
2024-03-10,0,3,Spring,1,0,1,라그로타,한우 (200g)
2024-03-11,0,3,Spring,0,0,0,라그로타,한우 (200g)
2024-03-12,0,3,Spring,0,0,0,라그로타,한우 (200g)
2024-03-13,0,3,Spring,0,0,0,라그로타,한우 (200g)
2024-03-14,0,3,Spring,0,0,0,라그로타,한우 (200g)
2024-03-15,0,3,Spring,0,0,0,라그로타,한우 (200g)
2024-03-16,3,3,Spring,1,0,1,라그로타,한우 (200g)
2024-03-17,0,3,Spring,1,0,1,라그로타,한우 (200g)
2024-03-18,0,3,Spring,0,0,0,라그로타,한우 (200g)
2024-03-19,0,3,Spring,0,0,0,라그로타,한우 (200g)
2024-03-20,0,3,Spring,0,0,0,라그로타,한우 (200g)
2024-03-21,0,3,Spring,0,0,0,라그로타,한우 (200g)
2024-03-22,0,3,Spring,0,0,0,라그로타,한우 (200g)
2024-03-23,2,3,Spring,1,0,1,라그로타,한우 (200g)
2024-03-24,0,3,Spring,1,0,1,라그로타,한우 (200g)
2024-03-25,0,3,Spring,0,0,0,라그로타,한우 (200g)
2024-03-26,0,3,Spring,0,0,0,라그로타,한우 (200g)
2024-03-27,0,3,Spring,0,0,0,라그로타,한우 (200g)
2024-03-28,0,3,Spring,0,0,0,라그로타,한우 (200g)
2024-03-29,1,3,Spring,0,0,0,라그로타,한우 (200g)
2024-03-30,3,3,Spring,1,0,1,라그로타,한우 (200g)
2024-03-31,1,3,Spring,1,0,1,라그로타,한우 (200g)
2024-04-01,0,4,Spring,0,0,0,라그로타,한우 (200g)
2024-04-02,3,4,Spring,0,0,0,라그로타,한우 (200g)
2024-04-03,2,4,Spring,0,0,0,라그로타,한우 (200g)
2024-04-04,0,4,Spring,0,0,0,라그로타,한우 (200g)
2024-04-05,3,4,Spring,0,0,0,라그로타,한우 (200g)
2024-04-06,2,4,Spring,1,0,1,라그로타,한우 (200g)
2024-04-07,0,4,Spring,1,0,1,라그로타,한우 (200g)
2024-04-08,0,4,Spring,0,0,0,라그로타,한우 (200g)
2024-04-09,0,4,Spring,0,0,0,라그로타,한우 (200g)
2024-04-10,3,4,Spring,0,1,1,라그로타,한우 (200g)
2024-04-11,1,4,Spring,0,0,0,라그로타,한우 (200g)
2024-04-12,1,4,Spring,0,0,0,라그로타,한우 (200g)
2024-04-13,4,4,Spring,1,0,1,라그로타,한우 (200g)
2024-04-14,5,4,Spring,1,0,1,라그로타,한우 (200g)
2024-04-15,0,4,Spring,0,0,0,라그로타,한우 (200g)
2024-04-16,2,4,Spring,0,0,0,라그로타,한우 (200g)
2024-04-17,0,4,Spring,0,0,0,라그로타,한우 (200g)
2024-04-18,0,4,Spring,0,0,0,라그로타,한우 (200g)
2024-04-19,3,4,Spring,0,0,0,라그로타,한우 (200g)
2024-04-20,2,4,Spring,1,0,1,라그로타,한우 (200g)
2024-04-21,1,4,Spring,1,0,1,라그로타,한우 (200g)
2024-04-22,0,4,Spring,0,0,0,라그로타,한우 (200g)
2024-04-23,0,4,Spring,0,0,0,라그로타,한우 (200g)
2024-04-24,4,4,Spring,0,0,0,라그로타,한우 (200g)
2024-04-25,2,4,Spring,0,0,0,라그로타,한우 (200g)
2024-04-26,5,4,Spring,0,0,0,라그로타,한우 (200g)
2024-04-27,0,4,Spring,1,0,1,라그로타,한우 (200g)
2024-04-28,2,4,Spring,1,0,1,라그로타,한우 (200g)
2024-04-29,0,4,Spring,0,0,0,라그로타,한우 (200g)
2024-04-30,0,4,Spring,0,0,0,라그로타,한우 (200g)
2024-05-01,0,5,Spring,0,0,0,라그로타,한우 (200g)
2024-05-02,0,5,Spring,0,0,0,라그로타,한우 (200g)
2024-05-03,1,5,Spring,0,0,0,라그로타,한우 (200g)
2024-05-04,3,5,Spring,1,0,1,라그로타,한우 (200g)
2024-05-05,11,5,Spring,1,1,1,라그로타,한우 (200g)
2024-05-06,6,5,Spring,0,1,1,라그로타,한우 (200g)
2024-05-07,0,5,Spring,0,0,0,라그로타,한우 (200g)
2024-05-08,1,5,Spring,0,0,0,라그로타,한우 (200g)
2024-05-09,2,5,Spring,0,0,0,라그로타,한우 (200g)
2024-05-10,3,5,Spring,0,0,0,라그로타,한우 (200g)
2024-05-11,8,5,Spring,1,0,1,라그로타,한우 (200g)
2024-05-12,0,5,Spring,1,0,1,라그로타,한우 (200g)
2024-05-13,0,5,Spring,0,0,0,라그로타,한우 (200g)
2024-05-14,2,5,Spring,0,0,0,라그로타,한우 (200g)
2024-05-15,0,5,Spring,0,1,1,라그로타,한우 (200g)
2024-05-16,0,5,Spring,0,0,0,라그로타,한우 (200g)
2024-05-17,1,5,Spring,0,0,0,라그로타,한우 (200g)
2024-05-18,0,5,Spring,1,0,1,라그로타,한우 (200g)
2024-05-19,1,5,Spring,1,0,1,라그로타,한우 (200g)
2024-05-20,0,5,Spring,0,0,0,라그로타,한우 (200g)
2024-05-21,0,5,Spring,0,0,0,라그로타,한우 (200g)
2024-05-22,0,5,Spring,0,0,0,라그로타,한우 (200g)
2024-05-23,3,5,Spring,0,0,0,라그로타,한우 (200g)
2024-05-24,3,5,Spring,0,0,0,라그로타,한우 (200g)
2024-05-25,1,5,Spring,1,0,1,라그로타,한우 (200g)
2024-05-26,1,5,Spring,1,0,1,라그로타,한우 (200g)
2024-05-27,0,5,Spring,0,0,0,라그로타,한우 (200g)
2024-05-28,1,5,Spring,0,0,0,라그로타,한우 (200g)
2024-05-29,0,5,Spring,0,0,0,라그로타,한우 (200g)
2024-05-30,0,5,Spring,0,0,0,라그로타,한우 (200g)
2024-05-31,0,5,Spring,0,0,0,라그로타,한우 (200g)
2024-06-01,4,6,Summer,1,0,1,라그로타,한우 (200g)
2024-06-02,0,6,Summer,1,0,1,라그로타,한우 (200g)
2024-06-03,0,6,Summer,0,0,0,라그로타,한우 (200g)
2024-06-04,1,6,Summer,0,0,0,라그로타,한우 (200g)
2024-06-05,2,6,Summer,0,0,0,라그로타,한우 (200g)
2024-06-06,1,6,Summer,0,1,1,라그로타,한우 (200g)
2024-06-07,0,6,Summer,0,0,0,라그로타,한우 (200g)
2024-06-08,2,6,Summer,1,0,1,라그로타,한우 (200g)
2024-06-09,4,6,Summer,1,0,1,라그로타,한우 (200g)
2024-06-10,0,6,Summer,0,0,0,라그로타,한우 (200g)
2024-06-11,1,6,Summer,0,0,0,라그로타,한우 (200g)
2024-06-12,0,6,Summer,0,0,0,라그로타,한우 (200g)
2024-06-13,1,6,Summer,0,0,0,라그로타,한우 (200g)
2024-06-14,2,6,Summer,0,0,0,라그로타,한우 (200g)
2024-06-15,0,6,Summer,1,0,1,라그로타,한우 (200g)
2023-01-01,2,1,Winter,1,1,1,라그로타,해산물 토마토 리조또
2023-01-02,1,1,Winter,0,0,0,라그로타,해산물 토마토 리조또
2023-01-03,2,1,Winter,0,0,0,라그로타,해산물 토마토 리조또
2023-01-04,2,1,Winter,0,0,0,라그로타,해산물 토마토 리조또
2023-01-05,0,1,Winter,0,0,0,라그로타,해산물 토마토 리조또
2023-01-06,7,1,Winter,0,0,0,라그로타,해산물 토마토 리조또
2023-01-07,9,1,Winter,1,0,1,라그로타,해산물 토마토 리조또
2023-01-08,1,1,Winter,1,0,1,라그로타,해산물 토마토 리조또
2023-01-09,2,1,Winter,0,0,0,라그로타,해산물 토마토 리조또
2023-01-10,1,1,Winter,0,0,0,라그로타,해산물 토마토 리조또
2023-01-11,2,1,Winter,0,0,0,라그로타,해산물 토마토 리조또
2023-01-12,0,1,Winter,0,0,0,라그로타,해산물 토마토 리조또
2023-01-13,1,1,Winter,0,0,0,라그로타,해산물 토마토 리조또
2023-01-14,5,1,Winter,1,0,1,라그로타,해산물 토마토 리조또
2023-01-15,2,1,Winter,1,0,1,라그로타,해산물 토마토 리조또
2023-01-16,1,1,Winter,0,0,0,라그로타,해산물 토마토 리조또
2023-01-17,1,1,Winter,0,0,0,라그로타,해산물 토마토 리조또
2023-01-18,1,1,Winter,0,0,0,라그로타,해산물 토마토 리조또
2023-01-19,0,1,Winter,0,0,0,라그로타,해산물 토마토 리조또
2023-01-20,3,1,Winter,0,0,0,라그로타,해산물 토마토 리조또
2023-01-21,3,1,Winter,1,1,1,라그로타,해산물 토마토 리조또
2023-01-22,2,1,Winter,1,1,1,라그로타,해산물 토마토 리조또
2023-01-23,2,1,Winter,0,1,1,라그로타,해산물 토마토 리조또
2023-01-24,0,1,Winter,0,1,1,라그로타,해산물 토마토 리조또
2023-01-25,1,1,Winter,0,0,0,라그로타,해산물 토마토 리조또
2023-01-26,3,1,Winter,0,0,0,라그로타,해산물 토마토 리조또
2023-01-27,2,1,Winter,0,0,0,라그로타,해산물 토마토 리조또
2023-01-28,2,1,Winter,1,0,1,라그로타,해산물 토마토 리조또
2023-01-29,1,1,Winter,1,0,1,라그로타,해산물 토마토 리조또
2023-01-30,0,1,Winter,0,0,0,라그로타,해산물 토마토 리조또
2023-01-31,1,1,Winter,0,0,0,라그로타,해산물 토마토 리조또
2023-02-01,1,2,Winter,0,0,0,라그로타,해산물 토마토 리조또
2023-02-02,1,2,Winter,0,0,0,라그로타,해산물 토마토 리조또
2023-02-03,3,2,Winter,0,0,0,라그로타,해산물 토마토 리조또
2023-02-04,2,2,Winter,1,0,1,라그로타,해산물 토마토 리조또
2023-02-05,3,2,Winter,1,0,1,라그로타,해산물 토마토 리조또
2023-02-06,0,2,Winter,0,0,0,라그로타,해산물 토마토 리조또
2023-02-07,1,2,Winter,0,0,0,라그로타,해산물 토마토 리조또
2023-02-08,2,2,Winter,0,0,0,라그로타,해산물 토마토 리조또
2023-02-09,0,2,Winter,0,0,0,라그로타,해산물 토마토 리조또
2023-02-10,1,2,Winter,0,0,0,라그로타,해산물 토마토 리조또
2023-02-11,4,2,Winter,1,0,1,라그로타,해산물 토마토 리조또
2023-02-12,7,2,Winter,1,0,1,라그로타,해산물 토마토 리조또
2023-02-13,0,2,Winter,0,0,0,라그로타,해산물 토마토 리조또
2023-02-14,9,2,Winter,0,0,0,라그로타,해산물 토마토 리조또
2023-02-15,1,2,Winter,0,0,0,라그로타,해산물 토마토 리조또
2023-02-16,2,2,Winter,0,0,0,라그로타,해산물 토마토 리조또
2023-02-17,2,2,Winter,0,0,0,라그로타,해산물 토마토 리조또
2023-02-18,6,2,Winter,1,0,1,라그로타,해산물 토마토 리조또
2023-02-19,6,2,Winter,1,0,1,라그로타,해산물 토마토 리조또
2023-02-20,0,2,Winter,0,0,0,라그로타,해산물 토마토 리조또
2023-02-21,1,2,Winter,0,0,0,라그로타,해산물 토마토 리조또
2023-02-22,3,2,Winter,0,0,0,라그로타,해산물 토마토 리조또
2023-02-23,0,2,Winter,0,0,0,라그로타,해산물 토마토 리조또
2023-02-24,5,2,Winter,0,0,0,라그로타,해산물 토마토 리조또
2023-02-25,5,2,Winter,1,0,1,라그로타,해산물 토마토 리조또
2023-02-26,3,2,Winter,1,0,1,라그로타,해산물 토마토 리조또
2023-02-27,0,2,Winter,0,0,0,라그로타,해산물 토마토 리조또
2023-02-28,1,2,Winter,0,0,0,라그로타,해산물 토마토 리조또
2023-03-01,0,3,Spring,0,1,1,라그로타,해산물 토마토 리조또
2023-03-02,0,3,Spring,0,0,0,라그로타,해산물 토마토 리조또
2023-03-03,0,3,Spring,0,0,0,라그로타,해산물 토마토 리조또
2023-03-04,0,3,Spring,1,0,1,라그로타,해산물 토마토 리조또
2023-03-05,0,3,Spring,1,0,1,라그로타,해산물 토마토 리조또
2023-03-06,0,3,Spring,0,0,0,라그로타,해산물 토마토 리조또
2023-03-07,0,3,Spring,0,0,0,라그로타,해산물 토마토 리조또
2023-03-08,0,3,Spring,0,0,0,라그로타,해산물 토마토 리조또
2023-03-09,0,3,Spring,0,0,0,라그로타,해산물 토마토 리조또
2023-03-10,1,3,Spring,0,0,0,라그로타,해산물 토마토 리조또
2023-03-11,4,3,Spring,1,0,1,라그로타,해산물 토마토 리조또
2023-03-12,1,3,Spring,1,0,1,라그로타,해산물 토마토 리조또
2023-03-13,0,3,Spring,0,0,0,라그로타,해산물 토마토 리조또
2023-03-14,1,3,Spring,0,0,0,라그로타,해산물 토마토 리조또
2023-03-15,1,3,Spring,0,0,0,라그로타,해산물 토마토 리조또
2023-03-16,1,3,Spring,0,0,0,라그로타,해산물 토마토 리조또
2023-03-17,1,3,Spring,0,0,0,라그로타,해산물 토마토 리조또
2023-03-18,5,3,Spring,1,0,1,라그로타,해산물 토마토 리조또
2023-03-19,2,3,Spring,1,0,1,라그로타,해산물 토마토 리조또
2023-03-20,0,3,Spring,0,0,0,라그로타,해산물 토마토 리조또
2023-03-21,0,3,Spring,0,0,0,라그로타,해산물 토마토 리조또
2023-03-22,1,3,Spring,0,0,0,라그로타,해산물 토마토 리조또
2023-03-23,0,3,Spring,0,0,0,라그로타,해산물 토마토 리조또
2023-03-24,0,3,Spring,0,0,0,라그로타,해산물 토마토 리조또
2023-03-25,4,3,Spring,1,0,1,라그로타,해산물 토마토 리조또
2023-03-26,1,3,Spring,1,0,1,라그로타,해산물 토마토 리조또
2023-03-27,0,3,Spring,0,0,0,라그로타,해산물 토마토 리조또
2023-03-28,0,3,Spring,0,0,0,라그로타,해산물 토마토 리조또
2023-03-29,0,3,Spring,0,0,0,라그로타,해산물 토마토 리조또
2023-03-30,2,3,Spring,0,0,0,라그로타,해산물 토마토 리조또
2023-03-31,8,3,Spring,0,0,0,라그로타,해산물 토마토 리조또
2023-04-01,5,4,Spring,1,0,1,라그로타,해산물 토마토 리조또
2023-04-02,6,4,Spring,1,0,1,라그로타,해산물 토마토 리조또
2023-04-03,0,4,Spring,0,0,0,라그로타,해산물 토마토 리조또
2023-04-04,1,4,Spring,0,0,0,라그로타,해산물 토마토 리조또
2023-04-05,4,4,Spring,0,0,0,라그로타,해산물 토마토 리조또
2023-04-06,1,4,Spring,0,0,0,라그로타,해산물 토마토 리조또
2023-04-07,2,4,Spring,0,0,0,라그로타,해산물 토마토 리조또
2023-04-08,6,4,Spring,1,0,1,라그로타,해산물 토마토 리조또
2023-04-09,2,4,Spring,1,0,1,라그로타,해산물 토마토 리조또
2023-04-10,0,4,Spring,0,0,0,라그로타,해산물 토마토 리조또
2023-04-11,2,4,Spring,0,0,0,라그로타,해산물 토마토 리조또
2023-04-12,4,4,Spring,0,0,0,라그로타,해산물 토마토 리조또
2023-04-13,8,4,Spring,0,0,0,라그로타,해산물 토마토 리조또
2023-04-14,5,4,Spring,0,0,0,라그로타,해산물 토마토 리조또
2023-04-15,5,4,Spring,1,0,1,라그로타,해산물 토마토 리조또
2023-04-16,5,4,Spring,1,0,1,라그로타,해산물 토마토 리조또
2023-04-17,0,4,Spring,0,0,0,라그로타,해산물 토마토 리조또
2023-04-18,3,4,Spring,0,0,0,라그로타,해산물 토마토 리조또
2023-04-19,5,4,Spring,0,0,0,라그로타,해산물 토마토 리조또
2023-04-20,6,4,Spring,0,0,0,라그로타,해산물 토마토 리조또
2023-04-21,4,4,Spring,0,0,0,라그로타,해산물 토마토 리조또
2023-04-22,5,4,Spring,1,0,1,라그로타,해산물 토마토 리조또
2023-04-23,6,4,Spring,1,0,1,라그로타,해산물 토마토 리조또
2023-04-24,0,4,Spring,0,0,0,라그로타,해산물 토마토 리조또
2023-04-25,3,4,Spring,0,0,0,라그로타,해산물 토마토 리조또
2023-04-26,1,4,Spring,0,0,0,라그로타,해산물 토마토 리조또
2023-04-27,4,4,Spring,0,0,0,라그로타,해산물 토마토 리조또
2023-04-28,4,4,Spring,0,0,0,라그로타,해산물 토마토 리조또
2023-04-29,12,4,Spring,1,0,1,라그로타,해산물 토마토 리조또
2023-04-30,9,4,Spring,1,0,1,라그로타,해산물 토마토 리조또
2023-05-01,0,5,Spring,0,0,0,라그로타,해산물 토마토 리조또
2023-05-02,6,5,Spring,0,0,0,라그로타,해산물 토마토 리조또
2023-05-03,3,5,Spring,0,0,0,라그로타,해산물 토마토 리조또
2023-05-04,1,5,Spring,0,0,0,라그로타,해산물 토마토 리조또
2023-05-05,5,5,Spring,0,1,1,라그로타,해산물 토마토 리조또
2023-05-06,4,5,Spring,1,0,1,라그로타,해산물 토마토 리조또
2023-05-07,7,5,Spring,1,0,1,라그로타,해산물 토마토 리조또
2023-05-08,0,5,Spring,0,0,0,라그로타,해산물 토마토 리조또
2023-05-09,1,5,Spring,0,0,0,라그로타,해산물 토마토 리조또
2023-05-10,2,5,Spring,0,0,0,라그로타,해산물 토마토 리조또
2023-05-11,4,5,Spring,0,0,0,라그로타,해산물 토마토 리조또
2023-05-12,9,5,Spring,0,0,0,라그로타,해산물 토마토 리조또
2023-05-13,2,5,Spring,1,0,1,라그로타,해산물 토마토 리조또
2023-05-14,1,5,Spring,1,0,1,라그로타,해산물 토마토 리조또
2023-05-15,0,5,Spring,0,0,0,라그로타,해산물 토마토 리조또
2023-05-16,2,5,Spring,0,0,0,라그로타,해산물 토마토 리조또
2023-05-17,1,5,Spring,0,0,0,라그로타,해산물 토마토 리조또
2023-05-18,1,5,Spring,0,0,0,라그로타,해산물 토마토 리조또
2023-05-19,0,5,Spring,0,0,0,라그로타,해산물 토마토 리조또
2023-05-20,10,5,Spring,1,0,1,라그로타,해산물 토마토 리조또
2023-05-21,0,5,Spring,1,0,1,라그로타,해산물 토마토 리조또
2023-05-22,0,5,Spring,0,0,0,라그로타,해산물 토마토 리조또
2023-05-23,4,5,Spring,0,0,0,라그로타,해산물 토마토 리조또
2023-05-24,0,5,Spring,0,0,0,라그로타,해산물 토마토 리조또
2023-05-25,3,5,Spring,0,0,0,라그로타,해산물 토마토 리조또
2023-05-26,2,5,Spring,0,0,0,라그로타,해산물 토마토 리조또
2023-05-27,4,5,Spring,1,1,1,라그로타,해산물 토마토 리조또
2023-05-28,2,5,Spring,1,0,1,라그로타,해산물 토마토 리조또
2023-05-29,2,5,Spring,0,1,1,라그로타,해산물 토마토 리조또
2023-05-30,2,5,Spring,0,0,0,라그로타,해산물 토마토 리조또
2023-05-31,0,5,Spring,0,0,0,라그로타,해산물 토마토 리조또
2023-06-01,2,6,Summer,0,0,0,라그로타,해산물 토마토 리조또
2023-06-02,2,6,Summer,0,0,0,라그로타,해산물 토마토 리조또
2023-06-03,6,6,Summer,1,0,1,라그로타,해산물 토마토 리조또
2023-06-04,5,6,Summer,1,0,1,라그로타,해산물 토마토 리조또
2023-06-05,3,6,Summer,0,0,0,라그로타,해산물 토마토 리조또
2023-06-06,2,6,Summer,0,1,1,라그로타,해산물 토마토 리조또
2023-06-07,2,6,Summer,0,0,0,라그로타,해산물 토마토 리조또
2023-06-08,1,6,Summer,0,0,0,라그로타,해산물 토마토 리조또
2023-06-09,2,6,Summer,0,0,0,라그로타,해산물 토마토 리조또
2023-06-10,3,6,Summer,1,0,1,라그로타,해산물 토마토 리조또
2023-06-11,1,6,Summer,1,0,1,라그로타,해산물 토마토 리조또
2023-06-12,0,6,Summer,0,0,0,라그로타,해산물 토마토 리조또
2023-06-13,1,6,Summer,0,0,0,라그로타,해산물 토마토 리조또
2023-06-14,1,6,Summer,0,0,0,라그로타,해산물 토마토 리조또
2023-06-15,3,6,Summer,0,0,0,라그로타,해산물 토마토 리조또
2023-06-16,3,6,Summer,0,0,0,라그로타,해산물 토마토 리조또
2023-06-17,5,6,Summer,1,0,1,라그로타,해산물 토마토 리조또
2023-06-18,1,6,Summer,1,0,1,라그로타,해산물 토마토 리조또
2023-06-19,0,6,Summer,0,0,0,라그로타,해산물 토마토 리조또
2023-06-20,2,6,Summer,0,0,0,라그로타,해산물 토마토 리조또
2023-06-21,0,6,Summer,0,0,0,라그로타,해산물 토마토 리조또
2023-06-22,2,6,Summer,0,0,0,라그로타,해산물 토마토 리조또
2023-06-23,5,6,Summer,0,0,0,라그로타,해산물 토마토 리조또
2023-06-24,1,6,Summer,1,0,1,라그로타,해산물 토마토 리조또
2023-06-25,4,6,Summer,1,0,1,라그로타,해산물 토마토 리조또
2023-06-26,0,6,Summer,0,0,0,라그로타,해산물 토마토 리조또
2023-06-27,1,6,Summer,0,0,0,라그로타,해산물 토마토 리조또
2023-06-28,0,6,Summer,0,0,0,라그로타,해산물 토마토 리조또
2023-06-29,1,6,Summer,0,0,0,라그로타,해산물 토마토 리조또
2023-06-30,0,6,Summer,0,0,0,라그로타,해산물 토마토 리조또
2023-07-01,4,7,Summer,1,0,1,라그로타,해산물 토마토 리조또
2023-07-02,1,7,Summer,1,0,1,라그로타,해산물 토마토 리조또
2023-07-03,0,7,Summer,0,0,0,라그로타,해산물 토마토 리조또
2023-07-04,3,7,Summer,0,0,0,라그로타,해산물 토마토 리조또
2023-07-05,1,7,Summer,0,0,0,라그로타,해산물 토마토 리조또
2023-07-06,2,7,Summer,0,0,0,라그로타,해산물 토마토 리조또
2023-07-07,1,7,Summer,0,0,0,라그로타,해산물 토마토 리조또
2023-07-08,4,7,Summer,1,0,1,라그로타,해산물 토마토 리조또
2023-07-09,3,7,Summer,1,0,1,라그로타,해산물 토마토 리조또
2023-07-10,0,7,Summer,0,0,0,라그로타,해산물 토마토 리조또
2023-07-11,1,7,Summer,0,0,0,라그로타,해산물 토마토 리조또
2023-07-12,0,7,Summer,0,0,0,라그로타,해산물 토마토 리조또
2023-07-13,0,7,Summer,0,0,0,라그로타,해산물 토마토 리조또
2023-07-14,2,7,Summer,0,0,0,라그로타,해산물 토마토 리조또
2023-07-15,2,7,Summer,1,0,1,라그로타,해산물 토마토 리조또
2023-07-16,0,7,Summer,1,0,1,라그로타,해산물 토마토 리조또
2023-07-17,0,7,Summer,0,0,0,라그로타,해산물 토마토 리조또
2023-07-18,1,7,Summer,0,0,0,라그로타,해산물 토마토 리조또
2023-07-19,0,7,Summer,0,0,0,라그로타,해산물 토마토 리조또
2023-07-20,2,7,Summer,0,0,0,라그로타,해산물 토마토 리조또
2023-07-21,4,7,Summer,0,0,0,라그로타,해산물 토마토 리조또
2023-07-22,3,7,Summer,1,0,1,라그로타,해산물 토마토 리조또
2023-07-23,2,7,Summer,1,0,1,라그로타,해산물 토마토 리조또
2023-07-24,0,7,Summer,0,0,0,라그로타,해산물 토마토 리조또
2023-07-25,2,7,Summer,0,0,0,라그로타,해산물 토마토 리조또
2023-07-26,1,7,Summer,0,0,0,라그로타,해산물 토마토 리조또
2023-07-27,1,7,Summer,0,0,0,라그로타,해산물 토마토 리조또
2023-07-28,2,7,Summer,0,0,0,라그로타,해산물 토마토 리조또
2023-07-29,1,7,Summer,1,0,1,라그로타,해산물 토마토 리조또
2023-07-30,2,7,Summer,1,0,1,라그로타,해산물 토마토 리조또
2023-07-31,0,7,Summer,0,0,0,라그로타,해산물 토마토 리조또
2023-08-01,3,8,Summer,0,0,0,라그로타,해산물 토마토 리조또
2023-08-02,1,8,Summer,0,0,0,라그로타,해산물 토마토 리조또
2023-08-03,1,8,Summer,0,0,0,라그로타,해산물 토마토 리조또
2023-08-04,1,8,Summer,0,0,0,라그로타,해산물 토마토 리조또
2023-08-05,2,8,Summer,1,0,1,라그로타,해산물 토마토 리조또
2023-08-06,2,8,Summer,1,0,1,라그로타,해산물 토마토 리조또
2023-08-07,0,8,Summer,0,0,0,라그로타,해산물 토마토 리조또
2023-08-08,2,8,Summer,0,0,0,라그로타,해산물 토마토 리조또
2023-08-09,4,8,Summer,0,0,0,라그로타,해산물 토마토 리조또
2023-08-10,0,8,Summer,0,0,0,라그로타,해산물 토마토 리조또
2023-08-11,2,8,Summer,0,0,0,라그로타,해산물 토마토 리조또
2023-08-12,2,8,Summer,1,0,1,라그로타,해산물 토마토 리조또
2023-08-13,1,8,Summer,1,0,1,라그로타,해산물 토마토 리조또
2023-08-14,1,8,Summer,0,0,0,라그로타,해산물 토마토 리조또
2023-08-15,5,8,Summer,0,1,1,라그로타,해산물 토마토 리조또
2023-08-16,1,8,Summer,0,0,0,라그로타,해산물 토마토 리조또
2023-08-17,1,8,Summer,0,0,0,라그로타,해산물 토마토 리조또
2023-08-18,1,8,Summer,0,0,0,라그로타,해산물 토마토 리조또
2023-08-19,5,8,Summer,1,0,1,라그로타,해산물 토마토 리조또
2023-08-20,1,8,Summer,1,0,1,라그로타,해산물 토마토 리조또
2023-08-21,0,8,Summer,0,0,0,라그로타,해산물 토마토 리조또
2023-08-22,3,8,Summer,0,0,0,라그로타,해산물 토마토 리조또
2023-08-23,0,8,Summer,0,0,0,라그로타,해산물 토마토 리조또
2023-08-24,2,8,Summer,0,0,0,라그로타,해산물 토마토 리조또
2023-08-25,1,8,Summer,0,0,0,라그로타,해산물 토마토 리조또
2023-08-26,2,8,Summer,1,0,1,라그로타,해산물 토마토 리조또
2023-08-27,2,8,Summer,1,0,1,라그로타,해산물 토마토 리조또
2023-08-28,0,8,Summer,0,0,0,라그로타,해산물 토마토 리조또
2023-08-29,0,8,Summer,0,0,0,라그로타,해산물 토마토 리조또
2023-08-30,2,8,Summer,0,0,0,라그로타,해산물 토마토 리조또
2023-08-31,2,8,Summer,0,0,0,라그로타,해산물 토마토 리조또
2023-09-01,5,9,Autumn,0,0,0,라그로타,해산물 토마토 리조또
2023-09-02,5,9,Autumn,1,0,1,라그로타,해산물 토마토 리조또
2023-09-03,2,9,Autumn,1,0,1,라그로타,해산물 토마토 리조또
2023-09-04,0,9,Autumn,0,0,0,라그로타,해산물 토마토 리조또
2023-09-05,2,9,Autumn,0,0,0,라그로타,해산물 토마토 리조또
2023-09-06,0,9,Autumn,0,0,0,라그로타,해산물 토마토 리조또
2023-09-07,2,9,Autumn,0,0,0,라그로타,해산물 토마토 리조또
2023-09-08,0,9,Autumn,0,0,0,라그로타,해산물 토마토 리조또
2023-09-09,1,9,Autumn,1,0,1,라그로타,해산물 토마토 리조또
2023-09-10,0,9,Autumn,1,0,1,라그로타,해산물 토마토 리조또
2023-09-11,0,9,Autumn,0,0,0,라그로타,해산물 토마토 리조또
2023-09-12,1,9,Autumn,0,0,0,라그로타,해산물 토마토 리조또
2023-09-13,0,9,Autumn,0,0,0,라그로타,해산물 토마토 리조또
2023-09-14,2,9,Autumn,0,0,0,라그로타,해산물 토마토 리조또
2023-09-15,4,9,Autumn,0,0,0,라그로타,해산물 토마토 리조또
2023-09-16,8,9,Autumn,1,0,1,라그로타,해산물 토마토 리조또
2023-09-17,0,9,Autumn,1,0,1,라그로타,해산물 토마토 리조또
2023-09-18,0,9,Autumn,0,0,0,라그로타,해산물 토마토 리조또
2023-09-19,1,9,Autumn,0,0,0,라그로타,해산물 토마토 리조또
2023-09-20,1,9,Autumn,0,0,0,라그로타,해산물 토마토 리조또
2023-09-21,1,9,Autumn,0,0,0,라그로타,해산물 토마토 리조또
2023-09-22,0,9,Autumn,0,0,0,라그로타,해산물 토마토 리조또
2023-09-23,1,9,Autumn,1,0,1,라그로타,해산물 토마토 리조또
2023-09-24,1,9,Autumn,1,0,1,라그로타,해산물 토마토 리조또
2023-09-25,0,9,Autumn,0,0,0,라그로타,해산물 토마토 리조또
2023-09-26,0,9,Autumn,0,0,0,라그로타,해산물 토마토 리조또
2023-09-27,3,9,Autumn,0,0,0,라그로타,해산물 토마토 리조또
2023-09-28,0,9,Autumn,0,1,1,라그로타,해산물 토마토 리조또
2023-09-29,9,9,Autumn,0,1,1,라그로타,해산물 토마토 리조또
2023-09-30,6,9,Autumn,1,1,1,라그로타,해산물 토마토 리조또
2023-10-01,1,10,Autumn,1,0,1,라그로타,해산물 토마토 리조또
2023-10-02,1,10,Autumn,0,1,1,라그로타,해산물 토마토 리조또
2023-10-03,2,10,Autumn,0,1,1,라그로타,해산물 토마토 리조또
2023-10-04,0,10,Autumn,0,0,0,라그로타,해산물 토마토 리조또
2023-10-05,1,10,Autumn,0,0,0,라그로타,해산물 토마토 리조또
2023-10-06,1,10,Autumn,0,0,0,라그로타,해산물 토마토 리조또
2023-10-07,4,10,Autumn,1,0,1,라그로타,해산물 토마토 리조또
2023-10-08,6,10,Autumn,1,0,1,라그로타,해산물 토마토 리조또
2023-10-09,2,10,Autumn,0,1,1,라그로타,해산물 토마토 리조또
2023-10-10,2,10,Autumn,0,0,0,라그로타,해산물 토마토 리조또
2023-10-11,4,10,Autumn,0,0,0,라그로타,해산물 토마토 리조또
2023-10-12,2,10,Autumn,0,0,0,라그로타,해산물 토마토 리조또
2023-10-13,5,10,Autumn,0,0,0,라그로타,해산물 토마토 리조또
2023-10-14,4,10,Autumn,1,0,1,라그로타,해산물 토마토 리조또
2023-10-15,3,10,Autumn,1,0,1,라그로타,해산물 토마토 리조또
2023-10-16,0,10,Autumn,0,0,0,라그로타,해산물 토마토 리조또
2023-10-17,3,10,Autumn,0,0,0,라그로타,해산물 토마토 리조또
2023-10-18,4,10,Autumn,0,0,0,라그로타,해산물 토마토 리조또
2023-10-19,0,10,Autumn,0,0,0,라그로타,해산물 토마토 리조또
2023-10-20,10,10,Autumn,0,0,0,라그로타,해산물 토마토 리조또
2023-10-21,5,10,Autumn,1,0,1,라그로타,해산물 토마토 리조또
2023-10-22,2,10,Autumn,1,0,1,라그로타,해산물 토마토 리조또
2023-10-23,0,10,Autumn,0,0,0,라그로타,해산물 토마토 리조또
2023-10-24,1,10,Autumn,0,0,0,라그로타,해산물 토마토 리조또
2023-10-25,6,10,Autumn,0,0,0,라그로타,해산물 토마토 리조또
2023-10-26,7,10,Autumn,0,0,0,라그로타,해산물 토마토 리조또
2023-10-27,4,10,Autumn,0,0,0,라그로타,해산물 토마토 리조또
2023-10-28,5,10,Autumn,1,0,1,라그로타,해산물 토마토 리조또
2023-10-29,5,10,Autumn,1,0,1,라그로타,해산물 토마토 리조또
2023-10-30,0,10,Autumn,0,0,0,라그로타,해산물 토마토 리조또
2023-10-31,8,10,Autumn,0,0,0,라그로타,해산물 토마토 리조또
2023-11-01,5,11,Autumn,0,0,0,라그로타,해산물 토마토 리조또
2023-11-02,4,11,Autumn,0,0,0,라그로타,해산물 토마토 리조또
2023-11-03,0,11,Autumn,0,0,0,라그로타,해산물 토마토 리조또
2023-11-04,2,11,Autumn,1,0,1,라그로타,해산물 토마토 리조또
2023-11-05,4,11,Autumn,1,0,1,라그로타,해산물 토마토 리조또
2023-11-06,0,11,Autumn,0,0,0,라그로타,해산물 토마토 리조또
2023-11-07,3,11,Autumn,0,0,0,라그로타,해산물 토마토 리조또
2023-11-08,7,11,Autumn,0,0,0,라그로타,해산물 토마토 리조또
2023-11-09,9,11,Autumn,0,0,0,라그로타,해산물 토마토 리조또
2023-11-10,3,11,Autumn,0,0,0,라그로타,해산물 토마토 리조또
2023-11-11,7,11,Autumn,1,0,1,라그로타,해산물 토마토 리조또
2023-11-12,3,11,Autumn,1,0,1,라그로타,해산물 토마토 리조또
2023-11-13,0,11,Autumn,0,0,0,라그로타,해산물 토마토 리조또
2023-11-14,2,11,Autumn,0,0,0,라그로타,해산물 토마토 리조또
2023-11-15,1,11,Autumn,0,0,0,라그로타,해산물 토마토 리조또
2023-11-16,4,11,Autumn,0,0,0,라그로타,해산물 토마토 리조또
2023-11-17,8,11,Autumn,0,0,0,라그로타,해산물 토마토 리조또
2023-11-18,8,11,Autumn,1,0,1,라그로타,해산물 토마토 리조또
2023-11-19,2,11,Autumn,1,0,1,라그로타,해산물 토마토 리조또
2023-11-20,0,11,Autumn,0,0,0,라그로타,해산물 토마토 리조또
2023-11-21,2,11,Autumn,0,0,0,라그로타,해산물 토마토 리조또
2023-11-22,2,11,Autumn,0,0,0,라그로타,해산물 토마토 리조또
2023-11-23,3,11,Autumn,0,0,0,라그로타,해산물 토마토 리조또
2023-11-24,4,11,Autumn,0,0,0,라그로타,해산물 토마토 리조또
2023-11-25,3,11,Autumn,1,0,1,라그로타,해산물 토마토 리조또
2023-11-26,5,11,Autumn,1,0,1,라그로타,해산물 토마토 리조또
2023-11-27,0,11,Autumn,0,0,0,라그로타,해산물 토마토 리조또
2023-11-28,1,11,Autumn,0,0,0,라그로타,해산물 토마토 리조또
2023-11-29,2,11,Autumn,0,0,0,라그로타,해산물 토마토 리조또
2023-11-30,0,11,Autumn,0,0,0,라그로타,해산물 토마토 리조또
2023-12-01,2,12,Winter,0,0,0,라그로타,해산물 토마토 리조또
2023-12-02,1,12,Winter,1,0,1,라그로타,해산물 토마토 리조또
2023-12-03,2,12,Winter,1,0,1,라그로타,해산물 토마토 리조또
2023-12-04,0,12,Winter,0,0,0,라그로타,해산물 토마토 리조또
2023-12-05,0,12,Winter,0,0,0,라그로타,해산물 토마토 리조또
2023-12-06,0,12,Winter,0,0,0,라그로타,해산물 토마토 리조또
2023-12-07,4,12,Winter,0,0,0,라그로타,해산물 토마토 리조또
2023-12-08,1,12,Winter,0,0,0,라그로타,해산물 토마토 리조또
2023-12-09,2,12,Winter,1,0,1,라그로타,해산물 토마토 리조또
2023-12-10,2,12,Winter,1,0,1,라그로타,해산물 토마토 리조또
2023-12-11,0,12,Winter,0,0,0,라그로타,해산물 토마토 리조또
2023-12-12,4,12,Winter,0,0,0,라그로타,해산물 토마토 리조또
2023-12-13,0,12,Winter,0,0,0,라그로타,해산물 토마토 리조또
2023-12-14,2,12,Winter,0,0,0,라그로타,해산물 토마토 리조또
2023-12-15,3,12,Winter,0,0,0,라그로타,해산물 토마토 리조또
2023-12-16,0,12,Winter,1,0,1,라그로타,해산물 토마토 리조또
2023-12-17,2,12,Winter,1,0,1,라그로타,해산물 토마토 리조또
2023-12-18,1,12,Winter,0,0,0,라그로타,해산물 토마토 리조또
2023-12-19,2,12,Winter,0,0,0,라그로타,해산물 토마토 리조또
2023-12-20,2,12,Winter,0,0,0,라그로타,해산물 토마토 리조또
2023-12-21,3,12,Winter,0,0,0,라그로타,해산물 토마토 리조또
2023-12-22,1,12,Winter,0,0,0,라그로타,해산물 토마토 리조또
2023-12-23,4,12,Winter,1,0,1,라그로타,해산물 토마토 리조또
2023-12-24,3,12,Winter,1,0,1,라그로타,해산물 토마토 리조또
2023-12-25,1,12,Winter,0,1,1,라그로타,해산물 토마토 리조또
2023-12-26,0,12,Winter,0,0,0,라그로타,해산물 토마토 리조또
2023-12-27,2,12,Winter,0,0,0,라그로타,해산물 토마토 리조또
2023-12-28,3,12,Winter,0,0,0,라그로타,해산물 토마토 리조또
2023-12-29,2,12,Winter,0,0,0,라그로타,해산물 토마토 리조또
2023-12-30,2,12,Winter,1,0,1,라그로타,해산물 토마토 리조또
2023-12-31,0,12,Winter,1,0,1,라그로타,해산물 토마토 리조또
2024-01-01,1,1,Winter,0,1,1,라그로타,해산물 토마토 리조또
2024-01-02,2,1,Winter,0,0,0,라그로타,해산물 토마토 리조또
2024-01-03,0,1,Winter,0,0,0,라그로타,해산물 토마토 리조또
2024-01-04,4,1,Winter,0,0,0,라그로타,해산물 토마토 리조또
2024-01-05,2,1,Winter,0,0,0,라그로타,해산물 토마토 리조또
2024-01-06,0,1,Winter,1,0,1,라그로타,해산물 토마토 리조또
2024-01-07,2,1,Winter,1,0,1,라그로타,해산물 토마토 리조또
2024-01-08,0,1,Winter,0,0,0,라그로타,해산물 토마토 리조또
2024-01-09,0,1,Winter,0,0,0,라그로타,해산물 토마토 리조또
2024-01-10,0,1,Winter,0,0,0,라그로타,해산물 토마토 리조또
2024-01-11,1,1,Winter,0,0,0,라그로타,해산물 토마토 리조또
2024-01-12,1,1,Winter,0,0,0,라그로타,해산물 토마토 리조또
2024-01-13,1,1,Winter,1,0,1,라그로타,해산물 토마토 리조또
2024-01-14,4,1,Winter,1,0,1,라그로타,해산물 토마토 리조또
2024-01-15,1,1,Winter,0,0,0,라그로타,해산물 토마토 리조또
2024-01-16,0,1,Winter,0,0,0,라그로타,해산물 토마토 리조또
2024-01-17,4,1,Winter,0,0,0,라그로타,해산물 토마토 리조또
2024-01-18,0,1,Winter,0,0,0,라그로타,해산물 토마토 리조또
2024-01-19,1,1,Winter,0,0,0,라그로타,해산물 토마토 리조또
2024-01-20,1,1,Winter,1,0,1,라그로타,해산물 토마토 리조또
2024-01-21,2,1,Winter,1,0,1,라그로타,해산물 토마토 리조또
2024-01-22,1,1,Winter,0,0,0,라그로타,해산물 토마토 리조또
2024-01-23,1,1,Winter,0,0,0,라그로타,해산물 토마토 리조또
2024-01-24,1,1,Winter,0,0,0,라그로타,해산물 토마토 리조또
2024-01-25,0,1,Winter,0,0,0,라그로타,해산물 토마토 리조또
2024-01-26,2,1,Winter,0,0,0,라그로타,해산물 토마토 리조또
2024-01-27,3,1,Winter,1,0,1,라그로타,해산물 토마토 리조또
2024-01-28,5,1,Winter,1,0,1,라그로타,해산물 토마토 리조또
2024-01-29,0,1,Winter,0,0,0,라그로타,해산물 토마토 리조또
2024-01-30,1,1,Winter,0,0,0,라그로타,해산물 토마토 리조또
2024-01-31,0,1,Winter,0,0,0,라그로타,해산물 토마토 리조또
2024-02-01,0,2,Winter,0,0,0,라그로타,해산물 토마토 리조또
2024-02-02,1,2,Winter,0,0,0,라그로타,해산물 토마토 리조또
2024-02-03,0,2,Winter,1,0,1,라그로타,해산물 토마토 리조또
2024-02-04,1,2,Winter,1,0,1,라그로타,해산물 토마토 리조또
2024-02-05,3,2,Winter,0,0,0,라그로타,해산물 토마토 리조또
2024-02-06,0,2,Winter,0,0,0,라그로타,해산물 토마토 리조또
2024-02-07,0,2,Winter,0,0,0,라그로타,해산물 토마토 리조또
2024-02-08,2,2,Winter,0,0,0,라그로타,해산물 토마토 리조또
2024-02-09,3,2,Winter,0,1,1,라그로타,해산물 토마토 리조또
2024-02-10,2,2,Winter,1,1,1,라그로타,해산물 토마토 리조또
2024-02-11,3,2,Winter,1,1,1,라그로타,해산물 토마토 리조또
2024-02-12,2,2,Winter,0,1,1,라그로타,해산물 토마토 리조또
2024-02-13,0,2,Winter,0,0,0,라그로타,해산물 토마토 리조또
2024-02-14,1,2,Winter,0,0,0,라그로타,해산물 토마토 리조또
2024-02-15,1,2,Winter,0,0,0,라그로타,해산물 토마토 리조또
2024-02-16,2,2,Winter,0,0,0,라그로타,해산물 토마토 리조또
2024-02-17,5,2,Winter,1,0,1,라그로타,해산물 토마토 리조또
2024-02-18,4,2,Winter,1,0,1,라그로타,해산물 토마토 리조또
2024-02-19,0,2,Winter,0,0,0,라그로타,해산물 토마토 리조또
2024-02-20,1,2,Winter,0,0,0,라그로타,해산물 토마토 리조또
2024-02-21,0,2,Winter,0,0,0,라그로타,해산물 토마토 리조또
2024-02-22,1,2,Winter,0,0,0,라그로타,해산물 토마토 리조또
2024-02-23,1,2,Winter,0,0,0,라그로타,해산물 토마토 리조또
2024-02-24,1,2,Winter,1,0,1,라그로타,해산물 토마토 리조또
2024-02-25,1,2,Winter,1,0,1,라그로타,해산물 토마토 리조또
2024-02-26,0,2,Winter,0,0,0,라그로타,해산물 토마토 리조또
2024-02-27,1,2,Winter,0,0,0,라그로타,해산물 토마토 리조또
2024-02-28,1,2,Winter,0,0,0,라그로타,해산물 토마토 리조또
2024-02-29,0,2,Winter,0,0,0,라그로타,해산물 토마토 리조또
2024-03-01,2,3,Spring,0,1,1,라그로타,해산물 토마토 리조또
2024-03-02,0,3,Spring,1,0,1,라그로타,해산물 토마토 리조또
2024-03-03,0,3,Spring,1,0,1,라그로타,해산물 토마토 리조또
2024-03-04,0,3,Spring,0,0,0,라그로타,해산물 토마토 리조또
2024-03-05,0,3,Spring,0,0,0,라그로타,해산물 토마토 리조또
2024-03-06,0,3,Spring,0,0,0,라그로타,해산물 토마토 리조또
2024-03-07,0,3,Spring,0,0,0,라그로타,해산물 토마토 리조또
2024-03-08,0,3,Spring,0,0,0,라그로타,해산물 토마토 리조또
2024-03-09,0,3,Spring,1,0,1,라그로타,해산물 토마토 리조또
2024-03-10,0,3,Spring,1,0,1,라그로타,해산물 토마토 리조또
2024-03-11,0,3,Spring,0,0,0,라그로타,해산물 토마토 리조또
2024-03-12,0,3,Spring,0,0,0,라그로타,해산물 토마토 리조또
2024-03-13,0,3,Spring,0,0,0,라그로타,해산물 토마토 리조또
2024-03-14,0,3,Spring,0,0,0,라그로타,해산물 토마토 리조또
2024-03-15,0,3,Spring,0,0,0,라그로타,해산물 토마토 리조또
2024-03-16,1,3,Spring,1,0,1,라그로타,해산물 토마토 리조또
2024-03-17,0,3,Spring,1,0,1,라그로타,해산물 토마토 리조또
2024-03-18,0,3,Spring,0,0,0,라그로타,해산물 토마토 리조또
2024-03-19,0,3,Spring,0,0,0,라그로타,해산물 토마토 리조또
2024-03-20,0,3,Spring,0,0,0,라그로타,해산물 토마토 리조또
2024-03-21,0,3,Spring,0,0,0,라그로타,해산물 토마토 리조또
2024-03-22,0,3,Spring,0,0,0,라그로타,해산물 토마토 리조또
2024-03-23,0,3,Spring,1,0,1,라그로타,해산물 토마토 리조또
2024-03-24,1,3,Spring,1,0,1,라그로타,해산물 토마토 리조또
2024-03-25,0,3,Spring,0,0,0,라그로타,해산물 토마토 리조또
2024-03-26,3,3,Spring,0,0,0,라그로타,해산물 토마토 리조또
2024-03-27,0,3,Spring,0,0,0,라그로타,해산물 토마토 리조또
2024-03-28,1,3,Spring,0,0,0,라그로타,해산물 토마토 리조또
2024-03-29,0,3,Spring,0,0,0,라그로타,해산물 토마토 리조또
2024-03-30,0,3,Spring,1,0,1,라그로타,해산물 토마토 리조또
2024-03-31,0,3,Spring,1,0,1,라그로타,해산물 토마토 리조또
2024-04-01,0,4,Spring,0,0,0,라그로타,해산물 토마토 리조또
2024-04-02,0,4,Spring,0,0,0,라그로타,해산물 토마토 리조또
2024-04-03,0,4,Spring,0,0,0,라그로타,해산물 토마토 리조또
2024-04-04,0,4,Spring,0,0,0,라그로타,해산물 토마토 리조또
2024-04-05,0,4,Spring,0,0,0,라그로타,해산물 토마토 리조또
2024-04-06,0,4,Spring,1,0,1,라그로타,해산물 토마토 리조또
2024-04-07,0,4,Spring,1,0,1,라그로타,해산물 토마토 리조또
2024-04-08,0,4,Spring,0,0,0,라그로타,해산물 토마토 리조또
2024-04-09,0,4,Spring,0,0,0,라그로타,해산물 토마토 리조또
2024-04-10,0,4,Spring,0,1,1,라그로타,해산물 토마토 리조또
2024-04-11,0,4,Spring,0,0,0,라그로타,해산물 토마토 리조또
2024-04-12,0,4,Spring,0,0,0,라그로타,해산물 토마토 리조또
2024-04-13,0,4,Spring,1,0,1,라그로타,해산물 토마토 리조또
2024-04-14,0,4,Spring,1,0,1,라그로타,해산물 토마토 리조또
2024-04-15,0,4,Spring,0,0,0,라그로타,해산물 토마토 리조또
2024-04-16,0,4,Spring,0,0,0,라그로타,해산물 토마토 리조또
2024-04-17,0,4,Spring,0,0,0,라그로타,해산물 토마토 리조또
2024-04-18,0,4,Spring,0,0,0,라그로타,해산물 토마토 리조또
2024-04-19,0,4,Spring,0,0,0,라그로타,해산물 토마토 리조또
2024-04-20,0,4,Spring,1,0,1,라그로타,해산물 토마토 리조또
2024-04-21,0,4,Spring,1,0,1,라그로타,해산물 토마토 리조또
2024-04-22,0,4,Spring,0,0,0,라그로타,해산물 토마토 리조또
2024-04-23,0,4,Spring,0,0,0,라그로타,해산물 토마토 리조또
2024-04-24,0,4,Spring,0,0,0,라그로타,해산물 토마토 리조또
2024-04-25,0,4,Spring,0,0,0,라그로타,해산물 토마토 리조또
2024-04-26,0,4,Spring,0,0,0,라그로타,해산물 토마토 리조또
2024-04-27,0,4,Spring,1,0,1,라그로타,해산물 토마토 리조또
2024-04-28,0,4,Spring,1,0,1,라그로타,해산물 토마토 리조또
2024-04-29,0,4,Spring,0,0,0,라그로타,해산물 토마토 리조또
2024-04-30,0,4,Spring,0,0,0,라그로타,해산물 토마토 리조또
2024-05-01,0,5,Spring,0,0,0,라그로타,해산물 토마토 리조또
2024-05-02,0,5,Spring,0,0,0,라그로타,해산물 토마토 리조또
2024-05-03,0,5,Spring,0,0,0,라그로타,해산물 토마토 리조또
2024-05-04,0,5,Spring,1,0,1,라그로타,해산물 토마토 리조또
2024-05-05,0,5,Spring,1,1,1,라그로타,해산물 토마토 리조또
2024-05-06,0,5,Spring,0,1,1,라그로타,해산물 토마토 리조또
2024-05-07,0,5,Spring,0,0,0,라그로타,해산물 토마토 리조또
2024-05-08,0,5,Spring,0,0,0,라그로타,해산물 토마토 리조또
2024-05-09,0,5,Spring,0,0,0,라그로타,해산물 토마토 리조또
2024-05-10,0,5,Spring,0,0,0,라그로타,해산물 토마토 리조또
2024-05-11,0,5,Spring,1,0,1,라그로타,해산물 토마토 리조또
2024-05-12,0,5,Spring,1,0,1,라그로타,해산물 토마토 리조또
2024-05-13,0,5,Spring,0,0,0,라그로타,해산물 토마토 리조또
2024-05-14,0,5,Spring,0,0,0,라그로타,해산물 토마토 리조또
2024-05-15,0,5,Spring,0,1,1,라그로타,해산물 토마토 리조또
2024-05-16,0,5,Spring,0,0,0,라그로타,해산물 토마토 리조또
2024-05-17,0,5,Spring,0,0,0,라그로타,해산물 토마토 리조또
2024-05-18,0,5,Spring,1,0,1,라그로타,해산물 토마토 리조또
2024-05-19,0,5,Spring,1,0,1,라그로타,해산물 토마토 리조또
2024-05-20,0,5,Spring,0,0,0,라그로타,해산물 토마토 리조또
2024-05-21,0,5,Spring,0,0,0,라그로타,해산물 토마토 리조또
2024-05-22,0,5,Spring,0,0,0,라그로타,해산물 토마토 리조또
2024-05-23,0,5,Spring,0,0,0,라그로타,해산물 토마토 리조또
2024-05-24,0,5,Spring,0,0,0,라그로타,해산물 토마토 리조또
2024-05-25,0,5,Spring,1,0,1,라그로타,해산물 토마토 리조또
2024-05-26,0,5,Spring,1,0,1,라그로타,해산물 토마토 리조또
2024-05-27,0,5,Spring,0,0,0,라그로타,해산물 토마토 리조또
2024-05-28,0,5,Spring,0,0,0,라그로타,해산물 토마토 리조또
2024-05-29,0,5,Spring,0,0,0,라그로타,해산물 토마토 리조또
2024-05-30,0,5,Spring,0,0,0,라그로타,해산물 토마토 리조또
2024-05-31,0,5,Spring,0,0,0,라그로타,해산물 토마토 리조또
2024-06-01,0,6,Summer,1,0,1,라그로타,해산물 토마토 리조또
2024-06-02,0,6,Summer,1,0,1,라그로타,해산물 토마토 리조또
2024-06-03,0,6,Summer,0,0,0,라그로타,해산물 토마토 리조또
2024-06-04,0,6,Summer,0,0,0,라그로타,해산물 토마토 리조또
2024-06-05,0,6,Summer,0,0,0,라그로타,해산물 토마토 리조또
2024-06-06,0,6,Summer,0,1,1,라그로타,해산물 토마토 리조또
2024-06-07,0,6,Summer,0,0,0,라그로타,해산물 토마토 리조또
2024-06-08,0,6,Summer,1,0,1,라그로타,해산물 토마토 리조또
2024-06-09,0,6,Summer,1,0,1,라그로타,해산물 토마토 리조또
2024-06-10,0,6,Summer,0,0,0,라그로타,해산물 토마토 리조또
2024-06-11,0,6,Summer,0,0,0,라그로타,해산물 토마토 리조또
2024-06-12,0,6,Summer,0,0,0,라그로타,해산물 토마토 리조또
2024-06-13,0,6,Summer,0,0,0,라그로타,해산물 토마토 리조또
2024-06-14,0,6,Summer,0,0,0,라그로타,해산물 토마토 리조또
2024-06-15,1,6,Summer,1,0,1,라그로타,해산물 토마토 리조또
2023-01-01,0,1,Winter,1,1,1,라그로타,해산물 토마토 스튜 파스타
2023-01-02,0,1,Winter,0,0,0,라그로타,해산물 토마토 스튜 파스타
2023-01-03,0,1,Winter,0,0,0,라그로타,해산물 토마토 스튜 파스타
2023-01-04,0,1,Winter,0,0,0,라그로타,해산물 토마토 스튜 파스타
2023-01-05,0,1,Winter,0,0,0,라그로타,해산물 토마토 스튜 파스타
2023-01-06,0,1,Winter,0,0,0,라그로타,해산물 토마토 스튜 파스타
2023-01-07,0,1,Winter,1,0,1,라그로타,해산물 토마토 스튜 파스타
2023-01-08,0,1,Winter,1,0,1,라그로타,해산물 토마토 스튜 파스타
2023-01-09,0,1,Winter,0,0,0,라그로타,해산물 토마토 스튜 파스타
2023-01-10,0,1,Winter,0,0,0,라그로타,해산물 토마토 스튜 파스타
2023-01-11,0,1,Winter,0,0,0,라그로타,해산물 토마토 스튜 파스타
2023-01-12,0,1,Winter,0,0,0,라그로타,해산물 토마토 스튜 파스타
2023-01-13,0,1,Winter,0,0,0,라그로타,해산물 토마토 스튜 파스타
2023-01-14,0,1,Winter,1,0,1,라그로타,해산물 토마토 스튜 파스타
2023-01-15,0,1,Winter,1,0,1,라그로타,해산물 토마토 스튜 파스타
2023-01-16,0,1,Winter,0,0,0,라그로타,해산물 토마토 스튜 파스타
2023-01-17,0,1,Winter,0,0,0,라그로타,해산물 토마토 스튜 파스타
2023-01-18,0,1,Winter,0,0,0,라그로타,해산물 토마토 스튜 파스타
2023-01-19,0,1,Winter,0,0,0,라그로타,해산물 토마토 스튜 파스타
2023-01-20,0,1,Winter,0,0,0,라그로타,해산물 토마토 스튜 파스타
2023-01-21,0,1,Winter,1,1,1,라그로타,해산물 토마토 스튜 파스타
2023-01-22,0,1,Winter,1,1,1,라그로타,해산물 토마토 스튜 파스타
2023-01-23,0,1,Winter,0,1,1,라그로타,해산물 토마토 스튜 파스타
2023-01-24,0,1,Winter,0,1,1,라그로타,해산물 토마토 스튜 파스타
2023-01-25,0,1,Winter,0,0,0,라그로타,해산물 토마토 스튜 파스타
2023-01-26,0,1,Winter,0,0,0,라그로타,해산물 토마토 스튜 파스타
2023-01-27,0,1,Winter,0,0,0,라그로타,해산물 토마토 스튜 파스타
2023-01-28,0,1,Winter,1,0,1,라그로타,해산물 토마토 스튜 파스타
2023-01-29,0,1,Winter,1,0,1,라그로타,해산물 토마토 스튜 파스타
2023-01-30,0,1,Winter,0,0,0,라그로타,해산물 토마토 스튜 파스타
2023-01-31,0,1,Winter,0,0,0,라그로타,해산물 토마토 스튜 파스타
2023-02-01,0,2,Winter,0,0,0,라그로타,해산물 토마토 스튜 파스타
2023-02-02,0,2,Winter,0,0,0,라그로타,해산물 토마토 스튜 파스타
2023-02-03,0,2,Winter,0,0,0,라그로타,해산물 토마토 스튜 파스타
2023-02-04,0,2,Winter,1,0,1,라그로타,해산물 토마토 스튜 파스타
2023-02-05,0,2,Winter,1,0,1,라그로타,해산물 토마토 스튜 파스타
2023-02-06,0,2,Winter,0,0,0,라그로타,해산물 토마토 스튜 파스타
2023-02-07,0,2,Winter,0,0,0,라그로타,해산물 토마토 스튜 파스타
2023-02-08,0,2,Winter,0,0,0,라그로타,해산물 토마토 스튜 파스타
2023-02-09,0,2,Winter,0,0,0,라그로타,해산물 토마토 스튜 파스타
2023-02-10,0,2,Winter,0,0,0,라그로타,해산물 토마토 스튜 파스타
2023-02-11,0,2,Winter,1,0,1,라그로타,해산물 토마토 스튜 파스타
2023-02-12,0,2,Winter,1,0,1,라그로타,해산물 토마토 스튜 파스타
2023-02-13,0,2,Winter,0,0,0,라그로타,해산물 토마토 스튜 파스타
2023-02-14,0,2,Winter,0,0,0,라그로타,해산물 토마토 스튜 파스타
2023-02-15,0,2,Winter,0,0,0,라그로타,해산물 토마토 스튜 파스타
2023-02-16,0,2,Winter,0,0,0,라그로타,해산물 토마토 스튜 파스타
2023-02-17,0,2,Winter,0,0,0,라그로타,해산물 토마토 스튜 파스타
2023-02-18,0,2,Winter,1,0,1,라그로타,해산물 토마토 스튜 파스타
2023-02-19,0,2,Winter,1,0,1,라그로타,해산물 토마토 스튜 파스타
2023-02-20,0,2,Winter,0,0,0,라그로타,해산물 토마토 스튜 파스타
2023-02-21,0,2,Winter,0,0,0,라그로타,해산물 토마토 스튜 파스타
2023-02-22,0,2,Winter,0,0,0,라그로타,해산물 토마토 스튜 파스타
2023-02-23,0,2,Winter,0,0,0,라그로타,해산물 토마토 스튜 파스타
2023-02-24,0,2,Winter,0,0,0,라그로타,해산물 토마토 스튜 파스타
2023-02-25,0,2,Winter,1,0,1,라그로타,해산물 토마토 스튜 파스타
2023-02-26,0,2,Winter,1,0,1,라그로타,해산물 토마토 스튜 파스타
2023-02-27,0,2,Winter,0,0,0,라그로타,해산물 토마토 스튜 파스타
2023-02-28,0,2,Winter,0,0,0,라그로타,해산물 토마토 스튜 파스타
2023-03-01,0,3,Spring,0,1,1,라그로타,해산물 토마토 스튜 파스타
2023-03-02,0,3,Spring,0,0,0,라그로타,해산물 토마토 스튜 파스타
2023-03-03,0,3,Spring,0,0,0,라그로타,해산물 토마토 스튜 파스타
2023-03-04,0,3,Spring,1,0,1,라그로타,해산물 토마토 스튜 파스타
2023-03-05,0,3,Spring,1,0,1,라그로타,해산물 토마토 스튜 파스타
2023-03-06,0,3,Spring,0,0,0,라그로타,해산물 토마토 스튜 파스타
2023-03-07,0,3,Spring,0,0,0,라그로타,해산물 토마토 스튜 파스타
2023-03-08,0,3,Spring,0,0,0,라그로타,해산물 토마토 스튜 파스타
2023-03-09,0,3,Spring,0,0,0,라그로타,해산물 토마토 스튜 파스타
2023-03-10,0,3,Spring,0,0,0,라그로타,해산물 토마토 스튜 파스타
2023-03-11,0,3,Spring,1,0,1,라그로타,해산물 토마토 스튜 파스타
2023-03-12,0,3,Spring,1,0,1,라그로타,해산물 토마토 스튜 파스타
2023-03-13,0,3,Spring,0,0,0,라그로타,해산물 토마토 스튜 파스타
2023-03-14,0,3,Spring,0,0,0,라그로타,해산물 토마토 스튜 파스타
2023-03-15,0,3,Spring,0,0,0,라그로타,해산물 토마토 스튜 파스타
2023-03-16,0,3,Spring,0,0,0,라그로타,해산물 토마토 스튜 파스타
2023-03-17,0,3,Spring,0,0,0,라그로타,해산물 토마토 스튜 파스타
2023-03-18,0,3,Spring,1,0,1,라그로타,해산물 토마토 스튜 파스타
2023-03-19,0,3,Spring,1,0,1,라그로타,해산물 토마토 스튜 파스타
2023-03-20,0,3,Spring,0,0,0,라그로타,해산물 토마토 스튜 파스타
2023-03-21,0,3,Spring,0,0,0,라그로타,해산물 토마토 스튜 파스타
2023-03-22,0,3,Spring,0,0,0,라그로타,해산물 토마토 스튜 파스타
2023-03-23,0,3,Spring,0,0,0,라그로타,해산물 토마토 스튜 파스타
2023-03-24,0,3,Spring,0,0,0,라그로타,해산물 토마토 스튜 파스타
2023-03-25,0,3,Spring,1,0,1,라그로타,해산물 토마토 스튜 파스타
2023-03-26,0,3,Spring,1,0,1,라그로타,해산물 토마토 스튜 파스타
2023-03-27,0,3,Spring,0,0,0,라그로타,해산물 토마토 스튜 파스타
2023-03-28,0,3,Spring,0,0,0,라그로타,해산물 토마토 스튜 파스타
2023-03-29,0,3,Spring,0,0,0,라그로타,해산물 토마토 스튜 파스타
2023-03-30,0,3,Spring,0,0,0,라그로타,해산물 토마토 스튜 파스타
2023-03-31,0,3,Spring,0,0,0,라그로타,해산물 토마토 스튜 파스타
2023-04-01,0,4,Spring,1,0,1,라그로타,해산물 토마토 스튜 파스타
2023-04-02,0,4,Spring,1,0,1,라그로타,해산물 토마토 스튜 파스타
2023-04-03,0,4,Spring,0,0,0,라그로타,해산물 토마토 스튜 파스타
2023-04-04,0,4,Spring,0,0,0,라그로타,해산물 토마토 스튜 파스타
2023-04-05,0,4,Spring,0,0,0,라그로타,해산물 토마토 스튜 파스타
2023-04-06,0,4,Spring,0,0,0,라그로타,해산물 토마토 스튜 파스타
2023-04-07,0,4,Spring,0,0,0,라그로타,해산물 토마토 스튜 파스타
2023-04-08,0,4,Spring,1,0,1,라그로타,해산물 토마토 스튜 파스타
2023-04-09,0,4,Spring,1,0,1,라그로타,해산물 토마토 스튜 파스타
2023-04-10,0,4,Spring,0,0,0,라그로타,해산물 토마토 스튜 파스타
2023-04-11,0,4,Spring,0,0,0,라그로타,해산물 토마토 스튜 파스타
2023-04-12,0,4,Spring,0,0,0,라그로타,해산물 토마토 스튜 파스타
2023-04-13,0,4,Spring,0,0,0,라그로타,해산물 토마토 스튜 파스타
2023-04-14,0,4,Spring,0,0,0,라그로타,해산물 토마토 스튜 파스타
2023-04-15,0,4,Spring,1,0,1,라그로타,해산물 토마토 스튜 파스타
2023-04-16,0,4,Spring,1,0,1,라그로타,해산물 토마토 스튜 파스타
2023-04-17,0,4,Spring,0,0,0,라그로타,해산물 토마토 스튜 파스타
2023-04-18,0,4,Spring,0,0,0,라그로타,해산물 토마토 스튜 파스타
2023-04-19,0,4,Spring,0,0,0,라그로타,해산물 토마토 스튜 파스타
2023-04-20,0,4,Spring,0,0,0,라그로타,해산물 토마토 스튜 파스타
2023-04-21,0,4,Spring,0,0,0,라그로타,해산물 토마토 스튜 파스타
2023-04-22,0,4,Spring,1,0,1,라그로타,해산물 토마토 스튜 파스타
2023-04-23,0,4,Spring,1,0,1,라그로타,해산물 토마토 스튜 파스타
2023-04-24,0,4,Spring,0,0,0,라그로타,해산물 토마토 스튜 파스타
2023-04-25,0,4,Spring,0,0,0,라그로타,해산물 토마토 스튜 파스타
2023-04-26,0,4,Spring,0,0,0,라그로타,해산물 토마토 스튜 파스타
2023-04-27,0,4,Spring,0,0,0,라그로타,해산물 토마토 스튜 파스타
2023-04-28,0,4,Spring,0,0,0,라그로타,해산물 토마토 스튜 파스타
2023-04-29,0,4,Spring,1,0,1,라그로타,해산물 토마토 스튜 파스타
2023-04-30,0,4,Spring,1,0,1,라그로타,해산물 토마토 스튜 파스타
2023-05-01,0,5,Spring,0,0,0,라그로타,해산물 토마토 스튜 파스타
2023-05-02,0,5,Spring,0,0,0,라그로타,해산물 토마토 스튜 파스타
2023-05-03,0,5,Spring,0,0,0,라그로타,해산물 토마토 스튜 파스타
2023-05-04,0,5,Spring,0,0,0,라그로타,해산물 토마토 스튜 파스타
2023-05-05,0,5,Spring,0,1,1,라그로타,해산물 토마토 스튜 파스타
2023-05-06,0,5,Spring,1,0,1,라그로타,해산물 토마토 스튜 파스타
2023-05-07,0,5,Spring,1,0,1,라그로타,해산물 토마토 스튜 파스타
2023-05-08,0,5,Spring,0,0,0,라그로타,해산물 토마토 스튜 파스타
2023-05-09,0,5,Spring,0,0,0,라그로타,해산물 토마토 스튜 파스타
2023-05-10,0,5,Spring,0,0,0,라그로타,해산물 토마토 스튜 파스타
2023-05-11,0,5,Spring,0,0,0,라그로타,해산물 토마토 스튜 파스타
2023-05-12,0,5,Spring,0,0,0,라그로타,해산물 토마토 스튜 파스타
2023-05-13,0,5,Spring,1,0,1,라그로타,해산물 토마토 스튜 파스타
2023-05-14,0,5,Spring,1,0,1,라그로타,해산물 토마토 스튜 파스타
2023-05-15,0,5,Spring,0,0,0,라그로타,해산물 토마토 스튜 파스타
2023-05-16,0,5,Spring,0,0,0,라그로타,해산물 토마토 스튜 파스타
2023-05-17,0,5,Spring,0,0,0,라그로타,해산물 토마토 스튜 파스타
2023-05-18,0,5,Spring,0,0,0,라그로타,해산물 토마토 스튜 파스타
2023-05-19,0,5,Spring,0,0,0,라그로타,해산물 토마토 스튜 파스타
2023-05-20,0,5,Spring,1,0,1,라그로타,해산물 토마토 스튜 파스타
2023-05-21,0,5,Spring,1,0,1,라그로타,해산물 토마토 스튜 파스타
2023-05-22,0,5,Spring,0,0,0,라그로타,해산물 토마토 스튜 파스타
2023-05-23,0,5,Spring,0,0,0,라그로타,해산물 토마토 스튜 파스타
2023-05-24,0,5,Spring,0,0,0,라그로타,해산물 토마토 스튜 파스타
2023-05-25,0,5,Spring,0,0,0,라그로타,해산물 토마토 스튜 파스타
2023-05-26,0,5,Spring,0,0,0,라그로타,해산물 토마토 스튜 파스타
2023-05-27,0,5,Spring,1,1,1,라그로타,해산물 토마토 스튜 파스타
2023-05-28,0,5,Spring,1,0,1,라그로타,해산물 토마토 스튜 파스타
2023-05-29,0,5,Spring,0,1,1,라그로타,해산물 토마토 스튜 파스타
2023-05-30,0,5,Spring,0,0,0,라그로타,해산물 토마토 스튜 파스타
2023-05-31,0,5,Spring,0,0,0,라그로타,해산물 토마토 스튜 파스타
2023-06-01,0,6,Summer,0,0,0,라그로타,해산물 토마토 스튜 파스타
2023-06-02,0,6,Summer,0,0,0,라그로타,해산물 토마토 스튜 파스타
2023-06-03,0,6,Summer,1,0,1,라그로타,해산물 토마토 스튜 파스타
2023-06-04,0,6,Summer,1,0,1,라그로타,해산물 토마토 스튜 파스타
2023-06-05,0,6,Summer,0,0,0,라그로타,해산물 토마토 스튜 파스타
2023-06-06,0,6,Summer,0,1,1,라그로타,해산물 토마토 스튜 파스타
2023-06-07,0,6,Summer,0,0,0,라그로타,해산물 토마토 스튜 파스타
2023-06-08,0,6,Summer,0,0,0,라그로타,해산물 토마토 스튜 파스타
2023-06-09,0,6,Summer,0,0,0,라그로타,해산물 토마토 스튜 파스타
2023-06-10,0,6,Summer,1,0,1,라그로타,해산물 토마토 스튜 파스타
2023-06-11,0,6,Summer,1,0,1,라그로타,해산물 토마토 스튜 파스타
2023-06-12,0,6,Summer,0,0,0,라그로타,해산물 토마토 스튜 파스타
2023-06-13,0,6,Summer,0,0,0,라그로타,해산물 토마토 스튜 파스타
2023-06-14,0,6,Summer,0,0,0,라그로타,해산물 토마토 스튜 파스타
2023-06-15,0,6,Summer,0,0,0,라그로타,해산물 토마토 스튜 파스타
2023-06-16,0,6,Summer,0,0,0,라그로타,해산물 토마토 스튜 파스타
2023-06-17,0,6,Summer,1,0,1,라그로타,해산물 토마토 스튜 파스타
2023-06-18,0,6,Summer,1,0,1,라그로타,해산물 토마토 스튜 파스타
2023-06-19,0,6,Summer,0,0,0,라그로타,해산물 토마토 스튜 파스타
2023-06-20,0,6,Summer,0,0,0,라그로타,해산물 토마토 스튜 파스타
2023-06-21,0,6,Summer,0,0,0,라그로타,해산물 토마토 스튜 파스타
2023-06-22,0,6,Summer,0,0,0,라그로타,해산물 토마토 스튜 파스타
2023-06-23,0,6,Summer,0,0,0,라그로타,해산물 토마토 스튜 파스타
2023-06-24,0,6,Summer,1,0,1,라그로타,해산물 토마토 스튜 파스타
2023-06-25,0,6,Summer,1,0,1,라그로타,해산물 토마토 스튜 파스타
2023-06-26,0,6,Summer,0,0,0,라그로타,해산물 토마토 스튜 파스타
2023-06-27,0,6,Summer,0,0,0,라그로타,해산물 토마토 스튜 파스타
2023-06-28,0,6,Summer,0,0,0,라그로타,해산물 토마토 스튜 파스타
2023-06-29,0,6,Summer,0,0,0,라그로타,해산물 토마토 스튜 파스타
2023-06-30,0,6,Summer,0,0,0,라그로타,해산물 토마토 스튜 파스타
2023-07-01,0,7,Summer,1,0,1,라그로타,해산물 토마토 스튜 파스타
2023-07-02,0,7,Summer,1,0,1,라그로타,해산물 토마토 스튜 파스타
2023-07-03,0,7,Summer,0,0,0,라그로타,해산물 토마토 스튜 파스타
2023-07-04,0,7,Summer,0,0,0,라그로타,해산물 토마토 스튜 파스타
2023-07-05,0,7,Summer,0,0,0,라그로타,해산물 토마토 스튜 파스타
2023-07-06,0,7,Summer,0,0,0,라그로타,해산물 토마토 스튜 파스타
2023-07-07,0,7,Summer,0,0,0,라그로타,해산물 토마토 스튜 파스타
2023-07-08,0,7,Summer,1,0,1,라그로타,해산물 토마토 스튜 파스타
2023-07-09,0,7,Summer,1,0,1,라그로타,해산물 토마토 스튜 파스타
2023-07-10,0,7,Summer,0,0,0,라그로타,해산물 토마토 스튜 파스타
2023-07-11,0,7,Summer,0,0,0,라그로타,해산물 토마토 스튜 파스타
2023-07-12,0,7,Summer,0,0,0,라그로타,해산물 토마토 스튜 파스타
2023-07-13,0,7,Summer,0,0,0,라그로타,해산물 토마토 스튜 파스타
2023-07-14,0,7,Summer,0,0,0,라그로타,해산물 토마토 스튜 파스타
2023-07-15,0,7,Summer,1,0,1,라그로타,해산물 토마토 스튜 파스타
2023-07-16,0,7,Summer,1,0,1,라그로타,해산물 토마토 스튜 파스타
2023-07-17,0,7,Summer,0,0,0,라그로타,해산물 토마토 스튜 파스타
2023-07-18,0,7,Summer,0,0,0,라그로타,해산물 토마토 스튜 파스타
2023-07-19,0,7,Summer,0,0,0,라그로타,해산물 토마토 스튜 파스타
2023-07-20,0,7,Summer,0,0,0,라그로타,해산물 토마토 스튜 파스타
2023-07-21,0,7,Summer,0,0,0,라그로타,해산물 토마토 스튜 파스타
2023-07-22,0,7,Summer,1,0,1,라그로타,해산물 토마토 스튜 파스타
2023-07-23,0,7,Summer,1,0,1,라그로타,해산물 토마토 스튜 파스타
2023-07-24,0,7,Summer,0,0,0,라그로타,해산물 토마토 스튜 파스타
2023-07-25,0,7,Summer,0,0,0,라그로타,해산물 토마토 스튜 파스타
2023-07-26,0,7,Summer,0,0,0,라그로타,해산물 토마토 스튜 파스타
2023-07-27,0,7,Summer,0,0,0,라그로타,해산물 토마토 스튜 파스타
2023-07-28,0,7,Summer,0,0,0,라그로타,해산물 토마토 스튜 파스타
2023-07-29,0,7,Summer,1,0,1,라그로타,해산물 토마토 스튜 파스타
2023-07-30,0,7,Summer,1,0,1,라그로타,해산물 토마토 스튜 파스타
2023-07-31,0,7,Summer,0,0,0,라그로타,해산물 토마토 스튜 파스타
2023-08-01,0,8,Summer,0,0,0,라그로타,해산물 토마토 스튜 파스타
2023-08-02,0,8,Summer,0,0,0,라그로타,해산물 토마토 스튜 파스타
2023-08-03,0,8,Summer,0,0,0,라그로타,해산물 토마토 스튜 파스타
2023-08-04,0,8,Summer,0,0,0,라그로타,해산물 토마토 스튜 파스타
2023-08-05,0,8,Summer,1,0,1,라그로타,해산물 토마토 스튜 파스타
2023-08-06,0,8,Summer,1,0,1,라그로타,해산물 토마토 스튜 파스타
2023-08-07,0,8,Summer,0,0,0,라그로타,해산물 토마토 스튜 파스타
2023-08-08,0,8,Summer,0,0,0,라그로타,해산물 토마토 스튜 파스타
2023-08-09,0,8,Summer,0,0,0,라그로타,해산물 토마토 스튜 파스타
2023-08-10,0,8,Summer,0,0,0,라그로타,해산물 토마토 스튜 파스타
2023-08-11,0,8,Summer,0,0,0,라그로타,해산물 토마토 스튜 파스타
2023-08-12,0,8,Summer,1,0,1,라그로타,해산물 토마토 스튜 파스타
2023-08-13,0,8,Summer,1,0,1,라그로타,해산물 토마토 스튜 파스타
2023-08-14,0,8,Summer,0,0,0,라그로타,해산물 토마토 스튜 파스타
2023-08-15,0,8,Summer,0,1,1,라그로타,해산물 토마토 스튜 파스타
2023-08-16,0,8,Summer,0,0,0,라그로타,해산물 토마토 스튜 파스타
2023-08-17,0,8,Summer,0,0,0,라그로타,해산물 토마토 스튜 파스타
2023-08-18,0,8,Summer,0,0,0,라그로타,해산물 토마토 스튜 파스타
2023-08-19,0,8,Summer,1,0,1,라그로타,해산물 토마토 스튜 파스타
2023-08-20,0,8,Summer,1,0,1,라그로타,해산물 토마토 스튜 파스타
2023-08-21,0,8,Summer,0,0,0,라그로타,해산물 토마토 스튜 파스타
2023-08-22,0,8,Summer,0,0,0,라그로타,해산물 토마토 스튜 파스타
2023-08-23,0,8,Summer,0,0,0,라그로타,해산물 토마토 스튜 파스타
2023-08-24,0,8,Summer,0,0,0,라그로타,해산물 토마토 스튜 파스타
2023-08-25,0,8,Summer,0,0,0,라그로타,해산물 토마토 스튜 파스타
2023-08-26,0,8,Summer,1,0,1,라그로타,해산물 토마토 스튜 파스타
2023-08-27,0,8,Summer,1,0,1,라그로타,해산물 토마토 스튜 파스타
2023-08-28,0,8,Summer,0,0,0,라그로타,해산물 토마토 스튜 파스타
2023-08-29,0,8,Summer,0,0,0,라그로타,해산물 토마토 스튜 파스타
2023-08-30,0,8,Summer,0,0,0,라그로타,해산물 토마토 스튜 파스타
2023-08-31,0,8,Summer,0,0,0,라그로타,해산물 토마토 스튜 파스타
2023-09-01,0,9,Autumn,0,0,0,라그로타,해산물 토마토 스튜 파스타
2023-09-02,0,9,Autumn,1,0,1,라그로타,해산물 토마토 스튜 파스타
2023-09-03,0,9,Autumn,1,0,1,라그로타,해산물 토마토 스튜 파스타
2023-09-04,0,9,Autumn,0,0,0,라그로타,해산물 토마토 스튜 파스타
2023-09-05,0,9,Autumn,0,0,0,라그로타,해산물 토마토 스튜 파스타
2023-09-06,0,9,Autumn,0,0,0,라그로타,해산물 토마토 스튜 파스타
2023-09-07,0,9,Autumn,0,0,0,라그로타,해산물 토마토 스튜 파스타
2023-09-08,0,9,Autumn,0,0,0,라그로타,해산물 토마토 스튜 파스타
2023-09-09,0,9,Autumn,1,0,1,라그로타,해산물 토마토 스튜 파스타
2023-09-10,0,9,Autumn,1,0,1,라그로타,해산물 토마토 스튜 파스타
2023-09-11,0,9,Autumn,0,0,0,라그로타,해산물 토마토 스튜 파스타
2023-09-12,0,9,Autumn,0,0,0,라그로타,해산물 토마토 스튜 파스타
2023-09-13,0,9,Autumn,0,0,0,라그로타,해산물 토마토 스튜 파스타
2023-09-14,0,9,Autumn,0,0,0,라그로타,해산물 토마토 스튜 파스타
2023-09-15,0,9,Autumn,0,0,0,라그로타,해산물 토마토 스튜 파스타
2023-09-16,0,9,Autumn,1,0,1,라그로타,해산물 토마토 스튜 파스타
2023-09-17,0,9,Autumn,1,0,1,라그로타,해산물 토마토 스튜 파스타
2023-09-18,0,9,Autumn,0,0,0,라그로타,해산물 토마토 스튜 파스타
2023-09-19,0,9,Autumn,0,0,0,라그로타,해산물 토마토 스튜 파스타
2023-09-20,0,9,Autumn,0,0,0,라그로타,해산물 토마토 스튜 파스타
2023-09-21,0,9,Autumn,0,0,0,라그로타,해산물 토마토 스튜 파스타
2023-09-22,0,9,Autumn,0,0,0,라그로타,해산물 토마토 스튜 파스타
2023-09-23,0,9,Autumn,1,0,1,라그로타,해산물 토마토 스튜 파스타
2023-09-24,0,9,Autumn,1,0,1,라그로타,해산물 토마토 스튜 파스타
2023-09-25,0,9,Autumn,0,0,0,라그로타,해산물 토마토 스튜 파스타
2023-09-26,0,9,Autumn,0,0,0,라그로타,해산물 토마토 스튜 파스타
2023-09-27,0,9,Autumn,0,0,0,라그로타,해산물 토마토 스튜 파스타
2023-09-28,0,9,Autumn,0,1,1,라그로타,해산물 토마토 스튜 파스타
2023-09-29,0,9,Autumn,0,1,1,라그로타,해산물 토마토 스튜 파스타
2023-09-30,0,9,Autumn,1,1,1,라그로타,해산물 토마토 스튜 파스타
2023-10-01,0,10,Autumn,1,0,1,라그로타,해산물 토마토 스튜 파스타
2023-10-02,0,10,Autumn,0,1,1,라그로타,해산물 토마토 스튜 파스타
2023-10-03,0,10,Autumn,0,1,1,라그로타,해산물 토마토 스튜 파스타
2023-10-04,0,10,Autumn,0,0,0,라그로타,해산물 토마토 스튜 파스타
2023-10-05,0,10,Autumn,0,0,0,라그로타,해산물 토마토 스튜 파스타
2023-10-06,0,10,Autumn,0,0,0,라그로타,해산물 토마토 스튜 파스타
2023-10-07,0,10,Autumn,1,0,1,라그로타,해산물 토마토 스튜 파스타
2023-10-08,0,10,Autumn,1,0,1,라그로타,해산물 토마토 스튜 파스타
2023-10-09,0,10,Autumn,0,1,1,라그로타,해산물 토마토 스튜 파스타
2023-10-10,0,10,Autumn,0,0,0,라그로타,해산물 토마토 스튜 파스타
2023-10-11,0,10,Autumn,0,0,0,라그로타,해산물 토마토 스튜 파스타
2023-10-12,0,10,Autumn,0,0,0,라그로타,해산물 토마토 스튜 파스타
2023-10-13,0,10,Autumn,0,0,0,라그로타,해산물 토마토 스튜 파스타
2023-10-14,0,10,Autumn,1,0,1,라그로타,해산물 토마토 스튜 파스타
2023-10-15,0,10,Autumn,1,0,1,라그로타,해산물 토마토 스튜 파스타
2023-10-16,0,10,Autumn,0,0,0,라그로타,해산물 토마토 스튜 파스타
2023-10-17,0,10,Autumn,0,0,0,라그로타,해산물 토마토 스튜 파스타
2023-10-18,0,10,Autumn,0,0,0,라그로타,해산물 토마토 스튜 파스타
2023-10-19,0,10,Autumn,0,0,0,라그로타,해산물 토마토 스튜 파스타
2023-10-20,0,10,Autumn,0,0,0,라그로타,해산물 토마토 스튜 파스타
2023-10-21,0,10,Autumn,1,0,1,라그로타,해산물 토마토 스튜 파스타
2023-10-22,0,10,Autumn,1,0,1,라그로타,해산물 토마토 스튜 파스타
2023-10-23,0,10,Autumn,0,0,0,라그로타,해산물 토마토 스튜 파스타
2023-10-24,0,10,Autumn,0,0,0,라그로타,해산물 토마토 스튜 파스타
2023-10-25,0,10,Autumn,0,0,0,라그로타,해산물 토마토 스튜 파스타
2023-10-26,0,10,Autumn,0,0,0,라그로타,해산물 토마토 스튜 파스타
2023-10-27,0,10,Autumn,0,0,0,라그로타,해산물 토마토 스튜 파스타
2023-10-28,0,10,Autumn,1,0,1,라그로타,해산물 토마토 스튜 파스타
2023-10-29,0,10,Autumn,1,0,1,라그로타,해산물 토마토 스튜 파스타
2023-10-30,0,10,Autumn,0,0,0,라그로타,해산물 토마토 스튜 파스타
2023-10-31,0,10,Autumn,0,0,0,라그로타,해산물 토마토 스튜 파스타
2023-11-01,0,11,Autumn,0,0,0,라그로타,해산물 토마토 스튜 파스타
2023-11-02,0,11,Autumn,0,0,0,라그로타,해산물 토마토 스튜 파스타
2023-11-03,0,11,Autumn,0,0,0,라그로타,해산물 토마토 스튜 파스타
2023-11-04,0,11,Autumn,1,0,1,라그로타,해산물 토마토 스튜 파스타
2023-11-05,0,11,Autumn,1,0,1,라그로타,해산물 토마토 스튜 파스타
2023-11-06,0,11,Autumn,0,0,0,라그로타,해산물 토마토 스튜 파스타
2023-11-07,0,11,Autumn,0,0,0,라그로타,해산물 토마토 스튜 파스타
2023-11-08,0,11,Autumn,0,0,0,라그로타,해산물 토마토 스튜 파스타
2023-11-09,0,11,Autumn,0,0,0,라그로타,해산물 토마토 스튜 파스타
2023-11-10,0,11,Autumn,0,0,0,라그로타,해산물 토마토 스튜 파스타
2023-11-11,0,11,Autumn,1,0,1,라그로타,해산물 토마토 스튜 파스타
2023-11-12,0,11,Autumn,1,0,1,라그로타,해산물 토마토 스튜 파스타
2023-11-13,0,11,Autumn,0,0,0,라그로타,해산물 토마토 스튜 파스타
2023-11-14,0,11,Autumn,0,0,0,라그로타,해산물 토마토 스튜 파스타
2023-11-15,0,11,Autumn,0,0,0,라그로타,해산물 토마토 스튜 파스타
2023-11-16,0,11,Autumn,0,0,0,라그로타,해산물 토마토 스튜 파스타
2023-11-17,0,11,Autumn,0,0,0,라그로타,해산물 토마토 스튜 파스타
2023-11-18,0,11,Autumn,1,0,1,라그로타,해산물 토마토 스튜 파스타
2023-11-19,0,11,Autumn,1,0,1,라그로타,해산물 토마토 스튜 파스타
2023-11-20,0,11,Autumn,0,0,0,라그로타,해산물 토마토 스튜 파스타
2023-11-21,0,11,Autumn,0,0,0,라그로타,해산물 토마토 스튜 파스타
2023-11-22,0,11,Autumn,0,0,0,라그로타,해산물 토마토 스튜 파스타
2023-11-23,0,11,Autumn,0,0,0,라그로타,해산물 토마토 스튜 파스타
2023-11-24,0,11,Autumn,0,0,0,라그로타,해산물 토마토 스튜 파스타
2023-11-25,0,11,Autumn,1,0,1,라그로타,해산물 토마토 스튜 파스타
2023-11-26,0,11,Autumn,1,0,1,라그로타,해산물 토마토 스튜 파스타
2023-11-27,0,11,Autumn,0,0,0,라그로타,해산물 토마토 스튜 파스타
2023-11-28,0,11,Autumn,0,0,0,라그로타,해산물 토마토 스튜 파스타
2023-11-29,0,11,Autumn,0,0,0,라그로타,해산물 토마토 스튜 파스타
2023-11-30,0,11,Autumn,0,0,0,라그로타,해산물 토마토 스튜 파스타
2023-12-01,0,12,Winter,0,0,0,라그로타,해산물 토마토 스튜 파스타
2023-12-02,0,12,Winter,1,0,1,라그로타,해산물 토마토 스튜 파스타
2023-12-03,0,12,Winter,1,0,1,라그로타,해산물 토마토 스튜 파스타
2023-12-04,0,12,Winter,0,0,0,라그로타,해산물 토마토 스튜 파스타
2023-12-05,0,12,Winter,0,0,0,라그로타,해산물 토마토 스튜 파스타
2023-12-06,0,12,Winter,0,0,0,라그로타,해산물 토마토 스튜 파스타
2023-12-07,0,12,Winter,0,0,0,라그로타,해산물 토마토 스튜 파스타
2023-12-08,6,12,Winter,0,0,0,라그로타,해산물 토마토 스튜 파스타
2023-12-09,2,12,Winter,1,0,1,라그로타,해산물 토마토 스튜 파스타
2023-12-10,4,12,Winter,1,0,1,라그로타,해산물 토마토 스튜 파스타
2023-12-11,0,12,Winter,0,0,0,라그로타,해산물 토마토 스튜 파스타
2023-12-12,0,12,Winter,0,0,0,라그로타,해산물 토마토 스튜 파스타
2023-12-13,2,12,Winter,0,0,0,라그로타,해산물 토마토 스튜 파스타
2023-12-14,5,12,Winter,0,0,0,라그로타,해산물 토마토 스튜 파스타
2023-12-15,3,12,Winter,0,0,0,라그로타,해산물 토마토 스튜 파스타
2023-12-16,2,12,Winter,1,0,1,라그로타,해산물 토마토 스튜 파스타
2023-12-17,5,12,Winter,1,0,1,라그로타,해산물 토마토 스튜 파스타
2023-12-18,0,12,Winter,0,0,0,라그로타,해산물 토마토 스튜 파스타
2023-12-19,1,12,Winter,0,0,0,라그로타,해산물 토마토 스튜 파스타
2023-12-20,4,12,Winter,0,0,0,라그로타,해산물 토마토 스튜 파스타
2023-12-21,2,12,Winter,0,0,0,라그로타,해산물 토마토 스튜 파스타
2023-12-22,2,12,Winter,0,0,0,라그로타,해산물 토마토 스튜 파스타
2023-12-23,4,12,Winter,1,0,1,라그로타,해산물 토마토 스튜 파스타
2023-12-24,1,12,Winter,1,0,1,라그로타,해산물 토마토 스튜 파스타
2023-12-25,2,12,Winter,0,1,1,라그로타,해산물 토마토 스튜 파스타
2023-12-26,0,12,Winter,0,0,0,라그로타,해산물 토마토 스튜 파스타
2023-12-27,4,12,Winter,0,0,0,라그로타,해산물 토마토 스튜 파스타
2023-12-28,2,12,Winter,0,0,0,라그로타,해산물 토마토 스튜 파스타
2023-12-29,5,12,Winter,0,0,0,라그로타,해산물 토마토 스튜 파스타
2023-12-30,2,12,Winter,1,0,1,라그로타,해산물 토마토 스튜 파스타
2023-12-31,1,12,Winter,1,0,1,라그로타,해산물 토마토 스튜 파스타
2024-01-01,4,1,Winter,0,1,1,라그로타,해산물 토마토 스튜 파스타
2024-01-02,6,1,Winter,0,0,0,라그로타,해산물 토마토 스튜 파스타
2024-01-03,7,1,Winter,0,0,0,라그로타,해산물 토마토 스튜 파스타
2024-01-04,6,1,Winter,0,0,0,라그로타,해산물 토마토 스튜 파스타
2024-01-05,5,1,Winter,0,0,0,라그로타,해산물 토마토 스튜 파스타
2024-01-06,2,1,Winter,1,0,1,라그로타,해산물 토마토 스튜 파스타
2024-01-07,6,1,Winter,1,0,1,라그로타,해산물 토마토 스튜 파스타
2024-01-08,3,1,Winter,0,0,0,라그로타,해산물 토마토 스튜 파스타
2024-01-09,1,1,Winter,0,0,0,라그로타,해산물 토마토 스튜 파스타
2024-01-10,5,1,Winter,0,0,0,라그로타,해산물 토마토 스튜 파스타
2024-01-11,1,1,Winter,0,0,0,라그로타,해산물 토마토 스튜 파스타
2024-01-12,5,1,Winter,0,0,0,라그로타,해산물 토마토 스튜 파스타
2024-01-13,6,1,Winter,1,0,1,라그로타,해산물 토마토 스튜 파스타
2024-01-14,4,1,Winter,1,0,1,라그로타,해산물 토마토 스튜 파스타
2024-01-15,2,1,Winter,0,0,0,라그로타,해산물 토마토 스튜 파스타
2024-01-16,1,1,Winter,0,0,0,라그로타,해산물 토마토 스튜 파스타
2024-01-17,3,1,Winter,0,0,0,라그로타,해산물 토마토 스튜 파스타
2024-01-18,0,1,Winter,0,0,0,라그로타,해산물 토마토 스튜 파스타
2024-01-19,0,1,Winter,0,0,0,라그로타,해산물 토마토 스튜 파스타
2024-01-20,7,1,Winter,1,0,1,라그로타,해산물 토마토 스튜 파스타
2024-01-21,3,1,Winter,1,0,1,라그로타,해산물 토마토 스튜 파스타
2024-01-22,2,1,Winter,0,0,0,라그로타,해산물 토마토 스튜 파스타
2024-01-23,3,1,Winter,0,0,0,라그로타,해산물 토마토 스튜 파스타
2024-01-24,2,1,Winter,0,0,0,라그로타,해산물 토마토 스튜 파스타
2024-01-25,0,1,Winter,0,0,0,라그로타,해산물 토마토 스튜 파스타
2024-01-26,3,1,Winter,0,0,0,라그로타,해산물 토마토 스튜 파스타
2024-01-27,2,1,Winter,1,0,1,라그로타,해산물 토마토 스튜 파스타
2024-01-28,4,1,Winter,1,0,1,라그로타,해산물 토마토 스튜 파스타
2024-01-29,2,1,Winter,0,0,0,라그로타,해산물 토마토 스튜 파스타
2024-01-30,4,1,Winter,0,0,0,라그로타,해산물 토마토 스튜 파스타
2024-01-31,0,1,Winter,0,0,0,라그로타,해산물 토마토 스튜 파스타
2024-02-01,0,2,Winter,0,0,0,라그로타,해산물 토마토 스튜 파스타
2024-02-02,6,2,Winter,0,0,0,라그로타,해산물 토마토 스튜 파스타
2024-02-03,2,2,Winter,1,0,1,라그로타,해산물 토마토 스튜 파스타
2024-02-04,1,2,Winter,1,0,1,라그로타,해산물 토마토 스튜 파스타
2024-02-05,0,2,Winter,0,0,0,라그로타,해산물 토마토 스튜 파스타
2024-02-06,6,2,Winter,0,0,0,라그로타,해산물 토마토 스튜 파스타
2024-02-07,5,2,Winter,0,0,0,라그로타,해산물 토마토 스튜 파스타
2024-02-08,1,2,Winter,0,0,0,라그로타,해산물 토마토 스튜 파스타
2024-02-09,8,2,Winter,0,1,1,라그로타,해산물 토마토 스튜 파스타
2024-02-10,7,2,Winter,1,1,1,라그로타,해산물 토마토 스튜 파스타
2024-02-11,4,2,Winter,1,1,1,라그로타,해산물 토마토 스튜 파스타
2024-02-12,4,2,Winter,0,1,1,라그로타,해산물 토마토 스튜 파스타
2024-02-13,3,2,Winter,0,0,0,라그로타,해산물 토마토 스튜 파스타
2024-02-14,1,2,Winter,0,0,0,라그로타,해산물 토마토 스튜 파스타
2024-02-15,2,2,Winter,0,0,0,라그로타,해산물 토마토 스튜 파스타
2024-02-16,0,2,Winter,0,0,0,라그로타,해산물 토마토 스튜 파스타
2024-02-17,5,2,Winter,1,0,1,라그로타,해산물 토마토 스튜 파스타
2024-02-18,3,2,Winter,1,0,1,라그로타,해산물 토마토 스튜 파스타
2024-02-19,0,2,Winter,0,0,0,라그로타,해산물 토마토 스튜 파스타
2024-02-20,1,2,Winter,0,0,0,라그로타,해산물 토마토 스튜 파스타
2024-02-21,2,2,Winter,0,0,0,라그로타,해산물 토마토 스튜 파스타
2024-02-22,1,2,Winter,0,0,0,라그로타,해산물 토마토 스튜 파스타
2024-02-23,2,2,Winter,0,0,0,라그로타,해산물 토마토 스튜 파스타
2024-02-24,3,2,Winter,1,0,1,라그로타,해산물 토마토 스튜 파스타
2024-02-25,4,2,Winter,1,0,1,라그로타,해산물 토마토 스튜 파스타
2024-02-26,0,2,Winter,0,0,0,라그로타,해산물 토마토 스튜 파스타
2024-02-27,0,2,Winter,0,0,0,라그로타,해산물 토마토 스튜 파스타
2024-02-28,0,2,Winter,0,0,0,라그로타,해산물 토마토 스튜 파스타
2024-02-29,3,2,Winter,0,0,0,라그로타,해산물 토마토 스튜 파스타
2024-03-01,2,3,Spring,0,1,1,라그로타,해산물 토마토 스튜 파스타
2024-03-02,1,3,Spring,1,0,1,라그로타,해산물 토마토 스튜 파스타
2024-03-03,0,3,Spring,1,0,1,라그로타,해산물 토마토 스튜 파스타
2024-03-04,0,3,Spring,0,0,0,라그로타,해산물 토마토 스튜 파스타
2024-03-05,0,3,Spring,0,0,0,라그로타,해산물 토마토 스튜 파스타
2024-03-06,0,3,Spring,0,0,0,라그로타,해산물 토마토 스튜 파스타
2024-03-07,0,3,Spring,0,0,0,라그로타,해산물 토마토 스튜 파스타
2024-03-08,0,3,Spring,0,0,0,라그로타,해산물 토마토 스튜 파스타
2024-03-09,0,3,Spring,1,0,1,라그로타,해산물 토마토 스튜 파스타
2024-03-10,0,3,Spring,1,0,1,라그로타,해산물 토마토 스튜 파스타
2024-03-11,0,3,Spring,0,0,0,라그로타,해산물 토마토 스튜 파스타
2024-03-12,0,3,Spring,0,0,0,라그로타,해산물 토마토 스튜 파스타
2024-03-13,1,3,Spring,0,0,0,라그로타,해산물 토마토 스튜 파스타
2024-03-14,0,3,Spring,0,0,0,라그로타,해산물 토마토 스튜 파스타
2024-03-15,1,3,Spring,0,0,0,라그로타,해산물 토마토 스튜 파스타
2024-03-16,4,3,Spring,1,0,1,라그로타,해산물 토마토 스튜 파스타
2024-03-17,0,3,Spring,1,0,1,라그로타,해산물 토마토 스튜 파스타
2024-03-18,0,3,Spring,0,0,0,라그로타,해산물 토마토 스튜 파스타
2024-03-19,0,3,Spring,0,0,0,라그로타,해산물 토마토 스튜 파스타
2024-03-20,1,3,Spring,0,0,0,라그로타,해산물 토마토 스튜 파스타
2024-03-21,0,3,Spring,0,0,0,라그로타,해산물 토마토 스튜 파스타
2024-03-22,5,3,Spring,0,0,0,라그로타,해산물 토마토 스튜 파스타
2024-03-23,2,3,Spring,1,0,1,라그로타,해산물 토마토 스튜 파스타
2024-03-24,1,3,Spring,1,0,1,라그로타,해산물 토마토 스튜 파스타
2024-03-25,0,3,Spring,0,0,0,라그로타,해산물 토마토 스튜 파스타
2024-03-26,2,3,Spring,0,0,0,라그로타,해산물 토마토 스튜 파스타
2024-03-27,0,3,Spring,0,0,0,라그로타,해산물 토마토 스튜 파스타
2024-03-28,0,3,Spring,0,0,0,라그로타,해산물 토마토 스튜 파스타
2024-03-29,5,3,Spring,0,0,0,라그로타,해산물 토마토 스튜 파스타
2024-03-30,2,3,Spring,1,0,1,라그로타,해산물 토마토 스튜 파스타
2024-03-31,2,3,Spring,1,0,1,라그로타,해산물 토마토 스튜 파스타
2024-04-01,0,4,Spring,0,0,0,라그로타,해산물 토마토 스튜 파스타
2024-04-02,3,4,Spring,0,0,0,라그로타,해산물 토마토 스튜 파스타
2024-04-03,5,4,Spring,0,0,0,라그로타,해산물 토마토 스튜 파스타
2024-04-04,2,4,Spring,0,0,0,라그로타,해산물 토마토 스튜 파스타
2024-04-05,4,4,Spring,0,0,0,라그로타,해산물 토마토 스튜 파스타
2024-04-06,8,4,Spring,1,0,1,라그로타,해산물 토마토 스튜 파스타
2024-04-07,3,4,Spring,1,0,1,라그로타,해산물 토마토 스튜 파스타
2024-04-08,0,4,Spring,0,0,0,라그로타,해산물 토마토 스튜 파스타
2024-04-09,2,4,Spring,0,0,0,라그로타,해산물 토마토 스튜 파스타
2024-04-10,6,4,Spring,0,1,1,라그로타,해산물 토마토 스튜 파스타
2024-04-11,5,4,Spring,0,0,0,라그로타,해산물 토마토 스튜 파스타
2024-04-12,2,4,Spring,0,0,0,라그로타,해산물 토마토 스튜 파스타
2024-04-13,4,4,Spring,1,0,1,라그로타,해산물 토마토 스튜 파스타
2024-04-14,4,4,Spring,1,0,1,라그로타,해산물 토마토 스튜 파스타
2024-04-15,0,4,Spring,0,0,0,라그로타,해산물 토마토 스튜 파스타
2024-04-16,1,4,Spring,0,0,0,라그로타,해산물 토마토 스튜 파스타
2024-04-17,3,4,Spring,0,0,0,라그로타,해산물 토마토 스튜 파스타
2024-04-18,1,4,Spring,0,0,0,라그로타,해산물 토마토 스튜 파스타
2024-04-19,3,4,Spring,0,0,0,라그로타,해산물 토마토 스튜 파스타
2024-04-20,3,4,Spring,1,0,1,라그로타,해산물 토마토 스튜 파스타
2024-04-21,5,4,Spring,1,0,1,라그로타,해산물 토마토 스튜 파스타
2024-04-22,0,4,Spring,0,0,0,라그로타,해산물 토마토 스튜 파스타
2024-04-23,4,4,Spring,0,0,0,라그로타,해산물 토마토 스튜 파스타
2024-04-24,0,4,Spring,0,0,0,라그로타,해산물 토마토 스튜 파스타
2024-04-25,1,4,Spring,0,0,0,라그로타,해산물 토마토 스튜 파스타
2024-04-26,4,4,Spring,0,0,0,라그로타,해산물 토마토 스튜 파스타
2024-04-27,2,4,Spring,1,0,1,라그로타,해산물 토마토 스튜 파스타
2024-04-28,5,4,Spring,1,0,1,라그로타,해산물 토마토 스튜 파스타
2024-04-29,0,4,Spring,0,0,0,라그로타,해산물 토마토 스튜 파스타
2024-04-30,0,4,Spring,0,0,0,라그로타,해산물 토마토 스튜 파스타
2024-05-01,4,5,Spring,0,0,0,라그로타,해산물 토마토 스튜 파스타
2024-05-02,2,5,Spring,0,0,0,라그로타,해산물 토마토 스튜 파스타
2024-05-03,1,5,Spring,0,0,0,라그로타,해산물 토마토 스튜 파스타
2024-05-04,2,5,Spring,1,0,1,라그로타,해산물 토마토 스튜 파스타
2024-05-05,4,5,Spring,1,1,1,라그로타,해산물 토마토 스튜 파스타
2024-05-06,0,5,Spring,0,1,1,라그로타,해산물 토마토 스튜 파스타
2024-05-07,1,5,Spring,0,0,0,라그로타,해산물 토마토 스튜 파스타
2024-05-08,4,5,Spring,0,0,0,라그로타,해산물 토마토 스튜 파스타
2024-05-09,1,5,Spring,0,0,0,라그로타,해산물 토마토 스튜 파스타
2024-05-10,2,5,Spring,0,0,0,라그로타,해산물 토마토 스튜 파스타
2024-05-11,2,5,Spring,1,0,1,라그로타,해산물 토마토 스튜 파스타
2024-05-12,0,5,Spring,1,0,1,라그로타,해산물 토마토 스튜 파스타
2024-05-13,0,5,Spring,0,0,0,라그로타,해산물 토마토 스튜 파스타
2024-05-14,0,5,Spring,0,0,0,라그로타,해산물 토마토 스튜 파스타
2024-05-15,1,5,Spring,0,1,1,라그로타,해산물 토마토 스튜 파스타
2024-05-16,0,5,Spring,0,0,0,라그로타,해산물 토마토 스튜 파스타
2024-05-17,2,5,Spring,0,0,0,라그로타,해산물 토마토 스튜 파스타
2024-05-18,4,5,Spring,1,0,1,라그로타,해산물 토마토 스튜 파스타
2024-05-19,5,5,Spring,1,0,1,라그로타,해산물 토마토 스튜 파스타
2024-05-20,0,5,Spring,0,0,0,라그로타,해산물 토마토 스튜 파스타
2024-05-21,3,5,Spring,0,0,0,라그로타,해산물 토마토 스튜 파스타
2024-05-22,3,5,Spring,0,0,0,라그로타,해산물 토마토 스튜 파스타
2024-05-23,3,5,Spring,0,0,0,라그로타,해산물 토마토 스튜 파스타
2024-05-24,1,5,Spring,0,0,0,라그로타,해산물 토마토 스튜 파스타
2024-05-25,2,5,Spring,1,0,1,라그로타,해산물 토마토 스튜 파스타
2024-05-26,1,5,Spring,1,0,1,라그로타,해산물 토마토 스튜 파스타
2024-05-27,0,5,Spring,0,0,0,라그로타,해산물 토마토 스튜 파스타
2024-05-28,3,5,Spring,0,0,0,라그로타,해산물 토마토 스튜 파스타
2024-05-29,1,5,Spring,0,0,0,라그로타,해산물 토마토 스튜 파스타
2024-05-30,3,5,Spring,0,0,0,라그로타,해산물 토마토 스튜 파스타
2024-05-31,3,5,Spring,0,0,0,라그로타,해산물 토마토 스튜 파스타
2024-06-01,5,6,Summer,1,0,1,라그로타,해산물 토마토 스튜 파스타
2024-06-02,0,6,Summer,1,0,1,라그로타,해산물 토마토 스튜 파스타
2024-06-03,0,6,Summer,0,0,0,라그로타,해산물 토마토 스튜 파스타
2024-06-04,2,6,Summer,0,0,0,라그로타,해산물 토마토 스튜 파스타
2024-06-05,0,6,Summer,0,0,0,라그로타,해산물 토마토 스튜 파스타
2024-06-06,11,6,Summer,0,1,1,라그로타,해산물 토마토 스튜 파스타
2024-06-07,2,6,Summer,0,0,0,라그로타,해산물 토마토 스튜 파스타
2024-06-08,6,6,Summer,1,0,1,라그로타,해산물 토마토 스튜 파스타
2024-06-09,4,6,Summer,1,0,1,라그로타,해산물 토마토 스튜 파스타
2024-06-10,0,6,Summer,0,0,0,라그로타,해산물 토마토 스튜 파스타
2024-06-11,5,6,Summer,0,0,0,라그로타,해산물 토마토 스튜 파스타
2024-06-12,1,6,Summer,0,0,0,라그로타,해산물 토마토 스튜 파스타
2024-06-13,1,6,Summer,0,0,0,라그로타,해산물 토마토 스튜 파스타
2024-06-14,2,6,Summer,0,0,0,라그로타,해산물 토마토 스튜 파스타
2024-06-15,10,6,Summer,1,0,1,라그로타,해산물 토마토 스튜 파스타
2023-01-01,3,1,Winter,1,1,1,라그로타,해산물 토마토 스파게티
2023-01-02,6,1,Winter,0,0,0,라그로타,해산물 토마토 스파게티
2023-01-03,4,1,Winter,0,0,0,라그로타,해산물 토마토 스파게티
2023-01-04,3,1,Winter,0,0,0,라그로타,해산물 토마토 스파게티
2023-01-05,4,1,Winter,0,0,0,라그로타,해산물 토마토 스파게티
2023-01-06,4,1,Winter,0,0,0,라그로타,해산물 토마토 스파게티
2023-01-07,5,1,Winter,1,0,1,라그로타,해산물 토마토 스파게티
2023-01-08,5,1,Winter,1,0,1,라그로타,해산물 토마토 스파게티
2023-01-09,2,1,Winter,0,0,0,라그로타,해산물 토마토 스파게티
2023-01-10,3,1,Winter,0,0,0,라그로타,해산물 토마토 스파게티
2023-01-11,3,1,Winter,0,0,0,라그로타,해산물 토마토 스파게티
2023-01-12,7,1,Winter,0,0,0,라그로타,해산물 토마토 스파게티
2023-01-13,7,1,Winter,0,0,0,라그로타,해산물 토마토 스파게티
2023-01-14,8,1,Winter,1,0,1,라그로타,해산물 토마토 스파게티
2023-01-15,3,1,Winter,1,0,1,라그로타,해산물 토마토 스파게티
2023-01-16,4,1,Winter,0,0,0,라그로타,해산물 토마토 스파게티
2023-01-17,3,1,Winter,0,0,0,라그로타,해산물 토마토 스파게티
2023-01-18,5,1,Winter,0,0,0,라그로타,해산물 토마토 스파게티
2023-01-19,7,1,Winter,0,0,0,라그로타,해산물 토마토 스파게티
2023-01-20,4,1,Winter,0,0,0,라그로타,해산물 토마토 스파게티
2023-01-21,8,1,Winter,1,1,1,라그로타,해산물 토마토 스파게티
2023-01-22,11,1,Winter,1,1,1,라그로타,해산물 토마토 스파게티
2023-01-23,5,1,Winter,0,1,1,라그로타,해산물 토마토 스파게티
2023-01-24,2,1,Winter,0,1,1,라그로타,해산물 토마토 스파게티
2023-01-25,7,1,Winter,0,0,0,라그로타,해산물 토마토 스파게티
2023-01-26,3,1,Winter,0,0,0,라그로타,해산물 토마토 스파게티
2023-01-27,5,1,Winter,0,0,0,라그로타,해산물 토마토 스파게티
2023-01-28,5,1,Winter,1,0,1,라그로타,해산물 토마토 스파게티
2023-01-29,7,1,Winter,1,0,1,라그로타,해산물 토마토 스파게티
2023-01-30,0,1,Winter,0,0,0,라그로타,해산물 토마토 스파게티
2023-01-31,6,1,Winter,0,0,0,라그로타,해산물 토마토 스파게티
2023-02-01,6,2,Winter,0,0,0,라그로타,해산물 토마토 스파게티
2023-02-02,5,2,Winter,0,0,0,라그로타,해산물 토마토 스파게티
2023-02-03,6,2,Winter,0,0,0,라그로타,해산물 토마토 스파게티
2023-02-04,15,2,Winter,1,0,1,라그로타,해산물 토마토 스파게티
2023-02-05,5,2,Winter,1,0,1,라그로타,해산물 토마토 스파게티
2023-02-06,0,2,Winter,0,0,0,라그로타,해산물 토마토 스파게티
2023-02-07,7,2,Winter,0,0,0,라그로타,해산물 토마토 스파게티
2023-02-08,3,2,Winter,0,0,0,라그로타,해산물 토마토 스파게티
2023-02-09,2,2,Winter,0,0,0,라그로타,해산물 토마토 스파게티
2023-02-10,3,2,Winter,0,0,0,라그로타,해산물 토마토 스파게티
2023-02-11,5,2,Winter,1,0,1,라그로타,해산물 토마토 스파게티
2023-02-12,14,2,Winter,1,0,1,라그로타,해산물 토마토 스파게티
2023-02-13,0,2,Winter,0,0,0,라그로타,해산물 토마토 스파게티
2023-02-14,6,2,Winter,0,0,0,라그로타,해산물 토마토 스파게티
2023-02-15,6,2,Winter,0,0,0,라그로타,해산물 토마토 스파게티
2023-02-16,6,2,Winter,0,0,0,라그로타,해산물 토마토 스파게티
2023-02-17,9,2,Winter,0,0,0,라그로타,해산물 토마토 스파게티
2023-02-18,6,2,Winter,1,0,1,라그로타,해산물 토마토 스파게티
2023-02-19,12,2,Winter,1,0,1,라그로타,해산물 토마토 스파게티
2023-02-20,0,2,Winter,0,0,0,라그로타,해산물 토마토 스파게티
2023-02-21,3,2,Winter,0,0,0,라그로타,해산물 토마토 스파게티
2023-02-22,7,2,Winter,0,0,0,라그로타,해산물 토마토 스파게티
2023-02-23,8,2,Winter,0,0,0,라그로타,해산물 토마토 스파게티
2023-02-24,5,2,Winter,0,0,0,라그로타,해산물 토마토 스파게티
2023-02-25,8,2,Winter,1,0,1,라그로타,해산물 토마토 스파게티
2023-02-26,8,2,Winter,1,0,1,라그로타,해산물 토마토 스파게티
2023-02-27,0,2,Winter,0,0,0,라그로타,해산물 토마토 스파게티
2023-02-28,6,2,Winter,0,0,0,라그로타,해산물 토마토 스파게티
2023-03-01,3,3,Spring,0,1,1,라그로타,해산물 토마토 스파게티
2023-03-02,0,3,Spring,0,0,0,라그로타,해산물 토마토 스파게티
2023-03-03,0,3,Spring,0,0,0,라그로타,해산물 토마토 스파게티
2023-03-04,0,3,Spring,1,0,1,라그로타,해산물 토마토 스파게티
2023-03-05,0,3,Spring,1,0,1,라그로타,해산물 토마토 스파게티
2023-03-06,0,3,Spring,0,0,0,라그로타,해산물 토마토 스파게티
2023-03-07,0,3,Spring,0,0,0,라그로타,해산물 토마토 스파게티
2023-03-08,0,3,Spring,0,0,0,라그로타,해산물 토마토 스파게티
2023-03-09,0,3,Spring,0,0,0,라그로타,해산물 토마토 스파게티
2023-03-10,0,3,Spring,0,0,0,라그로타,해산물 토마토 스파게티
2023-03-11,8,3,Spring,1,0,1,라그로타,해산물 토마토 스파게티
2023-03-12,3,3,Spring,1,0,1,라그로타,해산물 토마토 스파게티
2023-03-13,0,3,Spring,0,0,0,라그로타,해산물 토마토 스파게티
2023-03-14,2,3,Spring,0,0,0,라그로타,해산물 토마토 스파게티
2023-03-15,3,3,Spring,0,0,0,라그로타,해산물 토마토 스파게티
2023-03-16,1,3,Spring,0,0,0,라그로타,해산물 토마토 스파게티
2023-03-17,4,3,Spring,0,0,0,라그로타,해산물 토마토 스파게티
2023-03-18,11,3,Spring,1,0,1,라그로타,해산물 토마토 스파게티
2023-03-19,7,3,Spring,1,0,1,라그로타,해산물 토마토 스파게티
2023-03-20,0,3,Spring,0,0,0,라그로타,해산물 토마토 스파게티
2023-03-21,1,3,Spring,0,0,0,라그로타,해산물 토마토 스파게티
2023-03-22,2,3,Spring,0,0,0,라그로타,해산물 토마토 스파게티
2023-03-23,1,3,Spring,0,0,0,라그로타,해산물 토마토 스파게티
2023-03-24,7,3,Spring,0,0,0,라그로타,해산물 토마토 스파게티
2023-03-25,6,3,Spring,1,0,1,라그로타,해산물 토마토 스파게티
2023-03-26,2,3,Spring,1,0,1,라그로타,해산물 토마토 스파게티
2023-03-27,0,3,Spring,0,0,0,라그로타,해산물 토마토 스파게티
2023-03-28,0,3,Spring,0,0,0,라그로타,해산물 토마토 스파게티
2023-03-29,3,3,Spring,0,0,0,라그로타,해산물 토마토 스파게티
2023-03-30,1,3,Spring,0,0,0,라그로타,해산물 토마토 스파게티
2023-03-31,12,3,Spring,0,0,0,라그로타,해산물 토마토 스파게티
2023-04-01,6,4,Spring,1,0,1,라그로타,해산물 토마토 스파게티
2023-04-02,1,4,Spring,1,0,1,라그로타,해산물 토마토 스파게티
2023-04-03,0,4,Spring,0,0,0,라그로타,해산물 토마토 스파게티
2023-04-04,5,4,Spring,0,0,0,라그로타,해산물 토마토 스파게티
2023-04-05,17,4,Spring,0,0,0,라그로타,해산물 토마토 스파게티
2023-04-06,5,4,Spring,0,0,0,라그로타,해산물 토마토 스파게티
2023-04-07,5,4,Spring,0,0,0,라그로타,해산물 토마토 스파게티
2023-04-08,10,4,Spring,1,0,1,라그로타,해산물 토마토 스파게티
2023-04-09,9,4,Spring,1,0,1,라그로타,해산물 토마토 스파게티
2023-04-10,0,4,Spring,0,0,0,라그로타,해산물 토마토 스파게티
2023-04-11,4,4,Spring,0,0,0,라그로타,해산물 토마토 스파게티
2023-04-12,7,4,Spring,0,0,0,라그로타,해산물 토마토 스파게티
2023-04-13,14,4,Spring,0,0,0,라그로타,해산물 토마토 스파게티
2023-04-14,10,4,Spring,0,0,0,라그로타,해산물 토마토 스파게티
2023-04-15,10,4,Spring,1,0,1,라그로타,해산물 토마토 스파게티
2023-04-16,6,4,Spring,1,0,1,라그로타,해산물 토마토 스파게티
2023-04-17,0,4,Spring,0,0,0,라그로타,해산물 토마토 스파게티
2023-04-18,3,4,Spring,0,0,0,라그로타,해산물 토마토 스파게티
2023-04-19,11,4,Spring,0,0,0,라그로타,해산물 토마토 스파게티
2023-04-20,9,4,Spring,0,0,0,라그로타,해산물 토마토 스파게티
2023-04-21,9,4,Spring,0,0,0,라그로타,해산물 토마토 스파게티
2023-04-22,10,4,Spring,1,0,1,라그로타,해산물 토마토 스파게티
2023-04-23,5,4,Spring,1,0,1,라그로타,해산물 토마토 스파게티
2023-04-24,0,4,Spring,0,0,0,라그로타,해산물 토마토 스파게티
2023-04-25,5,4,Spring,0,0,0,라그로타,해산물 토마토 스파게티
2023-04-26,8,4,Spring,0,0,0,라그로타,해산물 토마토 스파게티
2023-04-27,2,4,Spring,0,0,0,라그로타,해산물 토마토 스파게티
2023-04-28,7,4,Spring,0,0,0,라그로타,해산물 토마토 스파게티
2023-04-29,13,4,Spring,1,0,1,라그로타,해산물 토마토 스파게티
2023-04-30,8,4,Spring,1,0,1,라그로타,해산물 토마토 스파게티
2023-05-01,0,5,Spring,0,0,0,라그로타,해산물 토마토 스파게티
2023-05-02,18,5,Spring,0,0,0,라그로타,해산물 토마토 스파게티
2023-05-03,6,5,Spring,0,0,0,라그로타,해산물 토마토 스파게티
2023-05-04,3,5,Spring,0,0,0,라그로타,해산물 토마토 스파게티
2023-05-05,9,5,Spring,0,1,1,라그로타,해산물 토마토 스파게티
2023-05-06,10,5,Spring,1,0,1,라그로타,해산물 토마토 스파게티
2023-05-07,16,5,Spring,1,0,1,라그로타,해산물 토마토 스파게티
2023-05-08,0,5,Spring,0,0,0,라그로타,해산물 토마토 스파게티
2023-05-09,3,5,Spring,0,0,0,라그로타,해산물 토마토 스파게티
2023-05-10,4,5,Spring,0,0,0,라그로타,해산물 토마토 스파게티
2023-05-11,15,5,Spring,0,0,0,라그로타,해산물 토마토 스파게티
2023-05-12,9,5,Spring,0,0,0,라그로타,해산물 토마토 스파게티
2023-05-13,17,5,Spring,1,0,1,라그로타,해산물 토마토 스파게티
2023-05-14,3,5,Spring,1,0,1,라그로타,해산물 토마토 스파게티
2023-05-15,0,5,Spring,0,0,0,라그로타,해산물 토마토 스파게티
2023-05-16,2,5,Spring,0,0,0,라그로타,해산물 토마토 스파게티
2023-05-17,2,5,Spring,0,0,0,라그로타,해산물 토마토 스파게티
2023-05-18,4,5,Spring,0,0,0,라그로타,해산물 토마토 스파게티
2023-05-19,5,5,Spring,0,0,0,라그로타,해산물 토마토 스파게티
2023-05-20,8,5,Spring,1,0,1,라그로타,해산물 토마토 스파게티
2023-05-21,6,5,Spring,1,0,1,라그로타,해산물 토마토 스파게티
2023-05-22,0,5,Spring,0,0,0,라그로타,해산물 토마토 스파게티
2023-05-23,6,5,Spring,0,0,0,라그로타,해산물 토마토 스파게티
2023-05-24,1,5,Spring,0,0,0,라그로타,해산물 토마토 스파게티
2023-05-25,8,5,Spring,0,0,0,라그로타,해산물 토마토 스파게티
2023-05-26,6,5,Spring,0,0,0,라그로타,해산물 토마토 스파게티
2023-05-27,13,5,Spring,1,1,1,라그로타,해산물 토마토 스파게티
2023-05-28,2,5,Spring,1,0,1,라그로타,해산물 토마토 스파게티
2023-05-29,2,5,Spring,0,1,1,라그로타,해산물 토마토 스파게티
2023-05-30,4,5,Spring,0,0,0,라그로타,해산물 토마토 스파게티
2023-05-31,5,5,Spring,0,0,0,라그로타,해산물 토마토 스파게티
2023-06-01,7,6,Summer,0,0,0,라그로타,해산물 토마토 스파게티
2023-06-02,7,6,Summer,0,0,0,라그로타,해산물 토마토 스파게티
2023-06-03,16,6,Summer,1,0,1,라그로타,해산물 토마토 스파게티
2023-06-04,12,6,Summer,1,0,1,라그로타,해산물 토마토 스파게티
2023-06-05,11,6,Summer,0,0,0,라그로타,해산물 토마토 스파게티
2023-06-06,9,6,Summer,0,1,1,라그로타,해산물 토마토 스파게티
2023-06-07,7,6,Summer,0,0,0,라그로타,해산물 토마토 스파게티
2023-06-08,2,6,Summer,0,0,0,라그로타,해산물 토마토 스파게티
2023-06-09,6,6,Summer,0,0,0,라그로타,해산물 토마토 스파게티
2023-06-10,9,6,Summer,1,0,1,라그로타,해산물 토마토 스파게티
2023-06-11,7,6,Summer,1,0,1,라그로타,해산물 토마토 스파게티
2023-06-12,0,6,Summer,0,0,0,라그로타,해산물 토마토 스파게티
2023-06-13,8,6,Summer,0,0,0,라그로타,해산물 토마토 스파게티
2023-06-14,0,6,Summer,0,0,0,라그로타,해산물 토마토 스파게티
2023-06-15,6,6,Summer,0,0,0,라그로타,해산물 토마토 스파게티
2023-06-16,10,6,Summer,0,0,0,라그로타,해산물 토마토 스파게티
2023-06-17,15,6,Summer,1,0,1,라그로타,해산물 토마토 스파게티
2023-06-18,12,6,Summer,1,0,1,라그로타,해산물 토마토 스파게티
2023-06-19,0,6,Summer,0,0,0,라그로타,해산물 토마토 스파게티
2023-06-20,8,6,Summer,0,0,0,라그로타,해산물 토마토 스파게티
2023-06-21,1,6,Summer,0,0,0,라그로타,해산물 토마토 스파게티
2023-06-22,5,6,Summer,0,0,0,라그로타,해산물 토마토 스파게티
2023-06-23,7,6,Summer,0,0,0,라그로타,해산물 토마토 스파게티
2023-06-24,16,6,Summer,1,0,1,라그로타,해산물 토마토 스파게티
2023-06-25,10,6,Summer,1,0,1,라그로타,해산물 토마토 스파게티
2023-06-26,0,6,Summer,0,0,0,라그로타,해산물 토마토 스파게티
2023-06-27,7,6,Summer,0,0,0,라그로타,해산물 토마토 스파게티
2023-06-28,4,6,Summer,0,0,0,라그로타,해산물 토마토 스파게티
2023-06-29,19,6,Summer,0,0,0,라그로타,해산물 토마토 스파게티
2023-06-30,15,6,Summer,0,0,0,라그로타,해산물 토마토 스파게티
2023-07-01,12,7,Summer,1,0,1,라그로타,해산물 토마토 스파게티
2023-07-02,3,7,Summer,1,0,1,라그로타,해산물 토마토 스파게티
2023-07-03,0,7,Summer,0,0,0,라그로타,해산물 토마토 스파게티
2023-07-04,1,7,Summer,0,0,0,라그로타,해산물 토마토 스파게티
2023-07-05,3,7,Summer,0,0,0,라그로타,해산물 토마토 스파게티
2023-07-06,0,7,Summer,0,0,0,라그로타,해산물 토마토 스파게티
2023-07-07,13,7,Summer,0,0,0,라그로타,해산물 토마토 스파게티
2023-07-08,12,7,Summer,1,0,1,라그로타,해산물 토마토 스파게티
2023-07-09,7,7,Summer,1,0,1,라그로타,해산물 토마토 스파게티
2023-07-10,0,7,Summer,0,0,0,라그로타,해산물 토마토 스파게티
2023-07-11,0,7,Summer,0,0,0,라그로타,해산물 토마토 스파게티
2023-07-12,7,7,Summer,0,0,0,라그로타,해산물 토마토 스파게티
2023-07-13,3,7,Summer,0,0,0,라그로타,해산물 토마토 스파게티
2023-07-14,10,7,Summer,0,0,0,라그로타,해산물 토마토 스파게티
2023-07-15,8,7,Summer,1,0,1,라그로타,해산물 토마토 스파게티
2023-07-16,7,7,Summer,1,0,1,라그로타,해산물 토마토 스파게티
2023-07-17,0,7,Summer,0,0,0,라그로타,해산물 토마토 스파게티
2023-07-18,5,7,Summer,0,0,0,라그로타,해산물 토마토 스파게티
2023-07-19,2,7,Summer,0,0,0,라그로타,해산물 토마토 스파게티
2023-07-20,10,7,Summer,0,0,0,라그로타,해산물 토마토 스파게티
2023-07-21,4,7,Summer,0,0,0,라그로타,해산물 토마토 스파게티
2023-07-22,11,7,Summer,1,0,1,라그로타,해산물 토마토 스파게티
2023-07-23,8,7,Summer,1,0,1,라그로타,해산물 토마토 스파게티
2023-07-24,0,7,Summer,0,0,0,라그로타,해산물 토마토 스파게티
2023-07-25,7,7,Summer,0,0,0,라그로타,해산물 토마토 스파게티
2023-07-26,7,7,Summer,0,0,0,라그로타,해산물 토마토 스파게티
2023-07-27,5,7,Summer,0,0,0,라그로타,해산물 토마토 스파게티
2023-07-28,8,7,Summer,0,0,0,라그로타,해산물 토마토 스파게티
2023-07-29,11,7,Summer,1,0,1,라그로타,해산물 토마토 스파게티
2023-07-30,12,7,Summer,1,0,1,라그로타,해산물 토마토 스파게티
2023-07-31,0,7,Summer,0,0,0,라그로타,해산물 토마토 스파게티
2023-08-01,7,8,Summer,0,0,0,라그로타,해산물 토마토 스파게티
2023-08-02,12,8,Summer,0,0,0,라그로타,해산물 토마토 스파게티
2023-08-03,8,8,Summer,0,0,0,라그로타,해산물 토마토 스파게티
2023-08-04,7,8,Summer,0,0,0,라그로타,해산물 토마토 스파게티
2023-08-05,17,8,Summer,1,0,1,라그로타,해산물 토마토 스파게티
2023-08-06,11,8,Summer,1,0,1,라그로타,해산물 토마토 스파게티
2023-08-07,0,8,Summer,0,0,0,라그로타,해산물 토마토 스파게티
2023-08-08,6,8,Summer,0,0,0,라그로타,해산물 토마토 스파게티
2023-08-09,10,8,Summer,0,0,0,라그로타,해산물 토마토 스파게티
2023-08-10,3,8,Summer,0,0,0,라그로타,해산물 토마토 스파게티
2023-08-11,6,8,Summer,0,0,0,라그로타,해산물 토마토 스파게티
2023-08-12,9,8,Summer,1,0,1,라그로타,해산물 토마토 스파게티
2023-08-13,18,8,Summer,1,0,1,라그로타,해산물 토마토 스파게티
2023-08-14,7,8,Summer,0,0,0,라그로타,해산물 토마토 스파게티
2023-08-15,11,8,Summer,0,1,1,라그로타,해산물 토마토 스파게티
2023-08-16,6,8,Summer,0,0,0,라그로타,해산물 토마토 스파게티
2023-08-17,4,8,Summer,0,0,0,라그로타,해산물 토마토 스파게티
2023-08-18,6,8,Summer,0,0,0,라그로타,해산물 토마토 스파게티
2023-08-19,6,8,Summer,1,0,1,라그로타,해산물 토마토 스파게티
2023-08-20,6,8,Summer,1,0,1,라그로타,해산물 토마토 스파게티
2023-08-21,0,8,Summer,0,0,0,라그로타,해산물 토마토 스파게티
2023-08-22,1,8,Summer,0,0,0,라그로타,해산물 토마토 스파게티
2023-08-23,3,8,Summer,0,0,0,라그로타,해산물 토마토 스파게티
2023-08-24,4,8,Summer,0,0,0,라그로타,해산물 토마토 스파게티
2023-08-25,2,8,Summer,0,0,0,라그로타,해산물 토마토 스파게티
2023-08-26,10,8,Summer,1,0,1,라그로타,해산물 토마토 스파게티
2023-08-27,6,8,Summer,1,0,1,라그로타,해산물 토마토 스파게티
2023-08-28,0,8,Summer,0,0,0,라그로타,해산물 토마토 스파게티
2023-08-29,6,8,Summer,0,0,0,라그로타,해산물 토마토 스파게티
2023-08-30,3,8,Summer,0,0,0,라그로타,해산물 토마토 스파게티
2023-08-31,4,8,Summer,0,0,0,라그로타,해산물 토마토 스파게티
2023-09-01,4,9,Autumn,0,0,0,라그로타,해산물 토마토 스파게티
2023-09-02,6,9,Autumn,1,0,1,라그로타,해산물 토마토 스파게티
2023-09-03,11,9,Autumn,1,0,1,라그로타,해산물 토마토 스파게티
2023-09-04,0,9,Autumn,0,0,0,라그로타,해산물 토마토 스파게티
2023-09-05,4,9,Autumn,0,0,0,라그로타,해산물 토마토 스파게티
2023-09-06,2,9,Autumn,0,0,0,라그로타,해산물 토마토 스파게티
2023-09-07,1,9,Autumn,0,0,0,라그로타,해산물 토마토 스파게티
2023-09-08,2,9,Autumn,0,0,0,라그로타,해산물 토마토 스파게티
2023-09-09,7,9,Autumn,1,0,1,라그로타,해산물 토마토 스파게티
2023-09-10,5,9,Autumn,1,0,1,라그로타,해산물 토마토 스파게티
2023-09-11,0,9,Autumn,0,0,0,라그로타,해산물 토마토 스파게티
2023-09-12,1,9,Autumn,0,0,0,라그로타,해산물 토마토 스파게티
2023-09-13,0,9,Autumn,0,0,0,라그로타,해산물 토마토 스파게티
2023-09-14,5,9,Autumn,0,0,0,라그로타,해산물 토마토 스파게티
2023-09-15,5,9,Autumn,0,0,0,라그로타,해산물 토마토 스파게티
2023-09-16,12,9,Autumn,1,0,1,라그로타,해산물 토마토 스파게티
2023-09-17,5,9,Autumn,1,0,1,라그로타,해산물 토마토 스파게티
2023-09-18,0,9,Autumn,0,0,0,라그로타,해산물 토마토 스파게티
2023-09-19,1,9,Autumn,0,0,0,라그로타,해산물 토마토 스파게티
2023-09-20,2,9,Autumn,0,0,0,라그로타,해산물 토마토 스파게티
2023-09-21,2,9,Autumn,0,0,0,라그로타,해산물 토마토 스파게티
2023-09-22,6,9,Autumn,0,0,0,라그로타,해산물 토마토 스파게티
2023-09-23,6,9,Autumn,1,0,1,라그로타,해산물 토마토 스파게티
2023-09-24,6,9,Autumn,1,0,1,라그로타,해산물 토마토 스파게티
2023-09-25,0,9,Autumn,0,0,0,라그로타,해산물 토마토 스파게티
2023-09-26,2,9,Autumn,0,0,0,라그로타,해산물 토마토 스파게티
2023-09-27,5,9,Autumn,0,0,0,라그로타,해산물 토마토 스파게티
2023-09-28,3,9,Autumn,0,1,1,라그로타,해산물 토마토 스파게티
2023-09-29,5,9,Autumn,0,1,1,라그로타,해산물 토마토 스파게티
2023-09-30,9,9,Autumn,1,1,1,라그로타,해산물 토마토 스파게티
2023-10-01,14,10,Autumn,1,0,1,라그로타,해산물 토마토 스파게티
2023-10-02,9,10,Autumn,0,1,1,라그로타,해산물 토마토 스파게티
2023-10-03,4,10,Autumn,0,1,1,라그로타,해산물 토마토 스파게티
2023-10-04,2,10,Autumn,0,0,0,라그로타,해산물 토마토 스파게티
2023-10-05,2,10,Autumn,0,0,0,라그로타,해산물 토마토 스파게티
2023-10-06,1,10,Autumn,0,0,0,라그로타,해산물 토마토 스파게티
2023-10-07,6,10,Autumn,1,0,1,라그로타,해산물 토마토 스파게티
2023-10-08,6,10,Autumn,1,0,1,라그로타,해산물 토마토 스파게티
2023-10-09,4,10,Autumn,0,1,1,라그로타,해산물 토마토 스파게티
2023-10-10,1,10,Autumn,0,0,0,라그로타,해산물 토마토 스파게티
2023-10-11,0,10,Autumn,0,0,0,라그로타,해산물 토마토 스파게티
2023-10-12,8,10,Autumn,0,0,0,라그로타,해산물 토마토 스파게티
2023-10-13,10,10,Autumn,0,0,0,라그로타,해산물 토마토 스파게티
2023-10-14,9,10,Autumn,1,0,1,라그로타,해산물 토마토 스파게티
2023-10-15,2,10,Autumn,1,0,1,라그로타,해산물 토마토 스파게티
2023-10-16,0,10,Autumn,0,0,0,라그로타,해산물 토마토 스파게티
2023-10-17,7,10,Autumn,0,0,0,라그로타,해산물 토마토 스파게티
2023-10-18,9,10,Autumn,0,0,0,라그로타,해산물 토마토 스파게티
2023-10-19,8,10,Autumn,0,0,0,라그로타,해산물 토마토 스파게티
2023-10-20,9,10,Autumn,0,0,0,라그로타,해산물 토마토 스파게티
2023-10-21,10,10,Autumn,1,0,1,라그로타,해산물 토마토 스파게티
2023-10-22,7,10,Autumn,1,0,1,라그로타,해산물 토마토 스파게티
2023-10-23,0,10,Autumn,0,0,0,라그로타,해산물 토마토 스파게티
2023-10-24,11,10,Autumn,0,0,0,라그로타,해산물 토마토 스파게티
2023-10-25,13,10,Autumn,0,0,0,라그로타,해산물 토마토 스파게티
2023-10-26,13,10,Autumn,0,0,0,라그로타,해산물 토마토 스파게티
2023-10-27,11,10,Autumn,0,0,0,라그로타,해산물 토마토 스파게티
2023-10-28,13,10,Autumn,1,0,1,라그로타,해산물 토마토 스파게티
2023-10-29,10,10,Autumn,1,0,1,라그로타,해산물 토마토 스파게티
2023-10-30,0,10,Autumn,0,0,0,라그로타,해산물 토마토 스파게티
2023-10-31,14,10,Autumn,0,0,0,라그로타,해산물 토마토 스파게티
2023-11-01,13,11,Autumn,0,0,0,라그로타,해산물 토마토 스파게티
2023-11-02,13,11,Autumn,0,0,0,라그로타,해산물 토마토 스파게티
2023-11-03,2,11,Autumn,0,0,0,라그로타,해산물 토마토 스파게티
2023-11-04,12,11,Autumn,1,0,1,라그로타,해산물 토마토 스파게티
2023-11-05,9,11,Autumn,1,0,1,라그로타,해산물 토마토 스파게티
2023-11-06,0,11,Autumn,0,0,0,라그로타,해산물 토마토 스파게티
2023-11-07,6,11,Autumn,0,0,0,라그로타,해산물 토마토 스파게티
2023-11-08,16,11,Autumn,0,0,0,라그로타,해산물 토마토 스파게티
2023-11-09,4,11,Autumn,0,0,0,라그로타,해산물 토마토 스파게티
2023-11-10,7,11,Autumn,0,0,0,라그로타,해산물 토마토 스파게티
2023-11-11,6,11,Autumn,1,0,1,라그로타,해산물 토마토 스파게티
2023-11-12,3,11,Autumn,1,0,1,라그로타,해산물 토마토 스파게티
2023-11-13,0,11,Autumn,0,0,0,라그로타,해산물 토마토 스파게티
2023-11-14,8,11,Autumn,0,0,0,라그로타,해산물 토마토 스파게티
2023-11-15,7,11,Autumn,0,0,0,라그로타,해산물 토마토 스파게티
2023-11-16,6,11,Autumn,0,0,0,라그로타,해산물 토마토 스파게티
2023-11-17,11,11,Autumn,0,0,0,라그로타,해산물 토마토 스파게티
2023-11-18,9,11,Autumn,1,0,1,라그로타,해산물 토마토 스파게티
2023-11-19,6,11,Autumn,1,0,1,라그로타,해산물 토마토 스파게티
2023-11-20,0,11,Autumn,0,0,0,라그로타,해산물 토마토 스파게티
2023-11-21,5,11,Autumn,0,0,0,라그로타,해산물 토마토 스파게티
2023-11-22,1,11,Autumn,0,0,0,라그로타,해산물 토마토 스파게티
2023-11-23,4,11,Autumn,0,0,0,라그로타,해산물 토마토 스파게티
2023-11-24,8,11,Autumn,0,0,0,라그로타,해산물 토마토 스파게티
2023-11-25,6,11,Autumn,1,0,1,라그로타,해산물 토마토 스파게티
2023-11-26,6,11,Autumn,1,0,1,라그로타,해산물 토마토 스파게티
2023-11-27,0,11,Autumn,0,0,0,라그로타,해산물 토마토 스파게티
2023-11-28,2,11,Autumn,0,0,0,라그로타,해산물 토마토 스파게티
2023-11-29,8,11,Autumn,0,0,0,라그로타,해산물 토마토 스파게티
2023-11-30,4,11,Autumn,0,0,0,라그로타,해산물 토마토 스파게티
2023-12-01,3,12,Winter,0,0,0,라그로타,해산물 토마토 스파게티
2023-12-02,6,12,Winter,1,0,1,라그로타,해산물 토마토 스파게티
2023-12-03,2,12,Winter,1,0,1,라그로타,해산물 토마토 스파게티
2023-12-04,0,12,Winter,0,0,0,라그로타,해산물 토마토 스파게티
2023-12-05,0,12,Winter,0,0,0,라그로타,해산물 토마토 스파게티
2023-12-06,2,12,Winter,0,0,0,라그로타,해산물 토마토 스파게티
2023-12-07,4,12,Winter,0,0,0,라그로타,해산물 토마토 스파게티
2023-12-08,3,12,Winter,0,0,0,라그로타,해산물 토마토 스파게티
2023-12-09,6,12,Winter,1,0,1,라그로타,해산물 토마토 스파게티
2023-12-10,0,12,Winter,1,0,1,라그로타,해산물 토마토 스파게티
2023-12-11,0,12,Winter,0,0,0,라그로타,해산물 토마토 스파게티
2023-12-12,2,12,Winter,0,0,0,라그로타,해산물 토마토 스파게티
2023-12-13,5,12,Winter,0,0,0,라그로타,해산물 토마토 스파게티
2023-12-14,1,12,Winter,0,0,0,라그로타,해산물 토마토 스파게티
2023-12-15,2,12,Winter,0,0,0,라그로타,해산물 토마토 스파게티
2023-12-16,4,12,Winter,1,0,1,라그로타,해산물 토마토 스파게티
2023-12-17,4,12,Winter,1,0,1,라그로타,해산물 토마토 스파게티
2023-12-18,7,12,Winter,0,0,0,라그로타,해산물 토마토 스파게티
2023-12-19,8,12,Winter,0,0,0,라그로타,해산물 토마토 스파게티
2023-12-20,5,12,Winter,0,0,0,라그로타,해산물 토마토 스파게티
2023-12-21,3,12,Winter,0,0,0,라그로타,해산물 토마토 스파게티
2023-12-22,2,12,Winter,0,0,0,라그로타,해산물 토마토 스파게티
2023-12-23,6,12,Winter,1,0,1,라그로타,해산물 토마토 스파게티
2023-12-24,17,12,Winter,1,0,1,라그로타,해산물 토마토 스파게티
2023-12-25,8,12,Winter,0,1,1,라그로타,해산물 토마토 스파게티
2023-12-26,7,12,Winter,0,0,0,라그로타,해산물 토마토 스파게티
2023-12-27,4,12,Winter,0,0,0,라그로타,해산물 토마토 스파게티
2023-12-28,8,12,Winter,0,0,0,라그로타,해산물 토마토 스파게티
2023-12-29,7,12,Winter,0,0,0,라그로타,해산물 토마토 스파게티
2023-12-30,7,12,Winter,1,0,1,라그로타,해산물 토마토 스파게티
2023-12-31,5,12,Winter,1,0,1,라그로타,해산물 토마토 스파게티
2024-01-01,6,1,Winter,0,1,1,라그로타,해산물 토마토 스파게티
2024-01-02,4,1,Winter,0,0,0,라그로타,해산물 토마토 스파게티
2024-01-03,1,1,Winter,0,0,0,라그로타,해산물 토마토 스파게티
2024-01-04,6,1,Winter,0,0,0,라그로타,해산물 토마토 스파게티
2024-01-05,6,1,Winter,0,0,0,라그로타,해산물 토마토 스파게티
2024-01-06,3,1,Winter,1,0,1,라그로타,해산물 토마토 스파게티
2024-01-07,7,1,Winter,1,0,1,라그로타,해산물 토마토 스파게티
2024-01-08,3,1,Winter,0,0,0,라그로타,해산물 토마토 스파게티
2024-01-09,3,1,Winter,0,0,0,라그로타,해산물 토마토 스파게티
2024-01-10,8,1,Winter,0,0,0,라그로타,해산물 토마토 스파게티
2024-01-11,6,1,Winter,0,0,0,라그로타,해산물 토마토 스파게티
2024-01-12,6,1,Winter,0,0,0,라그로타,해산물 토마토 스파게티
2024-01-13,6,1,Winter,1,0,1,라그로타,해산물 토마토 스파게티
2024-01-14,7,1,Winter,1,0,1,라그로타,해산물 토마토 스파게티
2024-01-15,4,1,Winter,0,0,0,라그로타,해산물 토마토 스파게티
2024-01-16,4,1,Winter,0,0,0,라그로타,해산물 토마토 스파게티
2024-01-17,3,1,Winter,0,0,0,라그로타,해산물 토마토 스파게티
2024-01-18,2,1,Winter,0,0,0,라그로타,해산물 토마토 스파게티
2024-01-19,6,1,Winter,0,0,0,라그로타,해산물 토마토 스파게티
2024-01-20,11,1,Winter,1,0,1,라그로타,해산물 토마토 스파게티
2024-01-21,1,1,Winter,1,0,1,라그로타,해산물 토마토 스파게티
2024-01-22,3,1,Winter,0,0,0,라그로타,해산물 토마토 스파게티
2024-01-23,5,1,Winter,0,0,0,라그로타,해산물 토마토 스파게티
2024-01-24,6,1,Winter,0,0,0,라그로타,해산물 토마토 스파게티
2024-01-25,3,1,Winter,0,0,0,라그로타,해산물 토마토 스파게티
2024-01-26,2,1,Winter,0,0,0,라그로타,해산물 토마토 스파게티
2024-01-27,8,1,Winter,1,0,1,라그로타,해산물 토마토 스파게티
2024-01-28,2,1,Winter,1,0,1,라그로타,해산물 토마토 스파게티
2024-01-29,0,1,Winter,0,0,0,라그로타,해산물 토마토 스파게티
2024-01-30,3,1,Winter,0,0,0,라그로타,해산물 토마토 스파게티
2024-01-31,2,1,Winter,0,0,0,라그로타,해산물 토마토 스파게티
2024-02-01,2,2,Winter,0,0,0,라그로타,해산물 토마토 스파게티
2024-02-02,4,2,Winter,0,0,0,라그로타,해산물 토마토 스파게티
2024-02-03,1,2,Winter,1,0,1,라그로타,해산물 토마토 스파게티
2024-02-04,7,2,Winter,1,0,1,라그로타,해산물 토마토 스파게티
2024-02-05,0,2,Winter,0,0,0,라그로타,해산물 토마토 스파게티
2024-02-06,1,2,Winter,0,0,0,라그로타,해산물 토마토 스파게티
2024-02-07,2,2,Winter,0,0,0,라그로타,해산물 토마토 스파게티
2024-02-08,5,2,Winter,0,0,0,라그로타,해산물 토마토 스파게티
2024-02-09,10,2,Winter,0,1,1,라그로타,해산물 토마토 스파게티
2024-02-10,13,2,Winter,1,1,1,라그로타,해산물 토마토 스파게티
2024-02-11,7,2,Winter,1,1,1,라그로타,해산물 토마토 스파게티
2024-02-12,4,2,Winter,0,1,1,라그로타,해산물 토마토 스파게티
2024-02-13,2,2,Winter,0,0,0,라그로타,해산물 토마토 스파게티
2024-02-14,2,2,Winter,0,0,0,라그로타,해산물 토마토 스파게티
2024-02-15,3,2,Winter,0,0,0,라그로타,해산물 토마토 스파게티
2024-02-16,2,2,Winter,0,0,0,라그로타,해산물 토마토 스파게티
2024-02-17,6,2,Winter,1,0,1,라그로타,해산물 토마토 스파게티
2024-02-18,0,2,Winter,1,0,1,라그로타,해산물 토마토 스파게티
2024-02-19,0,2,Winter,0,0,0,라그로타,해산물 토마토 스파게티
2024-02-20,1,2,Winter,0,0,0,라그로타,해산물 토마토 스파게티
2024-02-21,0,2,Winter,0,0,0,라그로타,해산물 토마토 스파게티
2024-02-22,2,2,Winter,0,0,0,라그로타,해산물 토마토 스파게티
2024-02-23,2,2,Winter,0,0,0,라그로타,해산물 토마토 스파게티
2024-02-24,2,2,Winter,1,0,1,라그로타,해산물 토마토 스파게티
2024-02-25,8,2,Winter,1,0,1,라그로타,해산물 토마토 스파게티
2024-02-26,0,2,Winter,0,0,0,라그로타,해산물 토마토 스파게티
2024-02-27,2,2,Winter,0,0,0,라그로타,해산물 토마토 스파게티
2024-02-28,2,2,Winter,0,0,0,라그로타,해산물 토마토 스파게티
2024-02-29,2,2,Winter,0,0,0,라그로타,해산물 토마토 스파게티
2024-03-01,6,3,Spring,0,1,1,라그로타,해산물 토마토 스파게티
2024-03-02,1,3,Spring,1,0,1,라그로타,해산물 토마토 스파게티
2024-03-03,0,3,Spring,1,0,1,라그로타,해산물 토마토 스파게티
2024-03-04,0,3,Spring,0,0,0,라그로타,해산물 토마토 스파게티
2024-03-05,0,3,Spring,0,0,0,라그로타,해산물 토마토 스파게티
2024-03-06,0,3,Spring,0,0,0,라그로타,해산물 토마토 스파게티
2024-03-07,0,3,Spring,0,0,0,라그로타,해산물 토마토 스파게티
2024-03-08,0,3,Spring,0,0,0,라그로타,해산물 토마토 스파게티
2024-03-09,0,3,Spring,1,0,1,라그로타,해산물 토마토 스파게티
2024-03-10,0,3,Spring,1,0,1,라그로타,해산물 토마토 스파게티
2024-03-11,0,3,Spring,0,0,0,라그로타,해산물 토마토 스파게티
2024-03-12,0,3,Spring,0,0,0,라그로타,해산물 토마토 스파게티
2024-03-13,1,3,Spring,0,0,0,라그로타,해산물 토마토 스파게티
2024-03-14,1,3,Spring,0,0,0,라그로타,해산물 토마토 스파게티
2024-03-15,1,3,Spring,0,0,0,라그로타,해산물 토마토 스파게티
2024-03-16,7,3,Spring,1,0,1,라그로타,해산물 토마토 스파게티
2024-03-17,2,3,Spring,1,0,1,라그로타,해산물 토마토 스파게티
2024-03-18,0,3,Spring,0,0,0,라그로타,해산물 토마토 스파게티
2024-03-19,0,3,Spring,0,0,0,라그로타,해산물 토마토 스파게티
2024-03-20,0,3,Spring,0,0,0,라그로타,해산물 토마토 스파게티
2024-03-21,0,3,Spring,0,0,0,라그로타,해산물 토마토 스파게티
2024-03-22,2,3,Spring,0,0,0,라그로타,해산물 토마토 스파게티
2024-03-23,5,3,Spring,1,0,1,라그로타,해산물 토마토 스파게티
2024-03-24,4,3,Spring,1,0,1,라그로타,해산물 토마토 스파게티
2024-03-25,0,3,Spring,0,0,0,라그로타,해산물 토마토 스파게티
2024-03-26,3,3,Spring,0,0,0,라그로타,해산물 토마토 스파게티
2024-03-27,0,3,Spring,0,0,0,라그로타,해산물 토마토 스파게티
2024-03-28,0,3,Spring,0,0,0,라그로타,해산물 토마토 스파게티
2024-03-29,3,3,Spring,0,0,0,라그로타,해산물 토마토 스파게티
2024-03-30,9,3,Spring,1,0,1,라그로타,해산물 토마토 스파게티
2024-03-31,0,3,Spring,1,0,1,라그로타,해산물 토마토 스파게티
2024-04-01,0,4,Spring,0,0,0,라그로타,해산물 토마토 스파게티
2024-04-02,4,4,Spring,0,0,0,라그로타,해산물 토마토 스파게티
2024-04-03,6,4,Spring,0,0,0,라그로타,해산물 토마토 스파게티
2024-04-04,3,4,Spring,0,0,0,라그로타,해산물 토마토 스파게티
2024-04-05,8,4,Spring,0,0,0,라그로타,해산물 토마토 스파게티
2024-04-06,7,4,Spring,1,0,1,라그로타,해산물 토마토 스파게티
2024-04-07,6,4,Spring,1,0,1,라그로타,해산물 토마토 스파게티
2024-04-08,0,4,Spring,0,0,0,라그로타,해산물 토마토 스파게티
2024-04-09,3,4,Spring,0,0,0,라그로타,해산물 토마토 스파게티
2024-04-10,5,4,Spring,0,1,1,라그로타,해산물 토마토 스파게티
2024-04-11,9,4,Spring,0,0,0,라그로타,해산물 토마토 스파게티
2024-04-12,5,4,Spring,0,0,0,라그로타,해산물 토마토 스파게티
2024-04-13,14,4,Spring,1,0,1,라그로타,해산물 토마토 스파게티
2024-04-14,4,4,Spring,1,0,1,라그로타,해산물 토마토 스파게티
2024-04-15,0,4,Spring,0,0,0,라그로타,해산물 토마토 스파게티
2024-04-16,5,4,Spring,0,0,0,라그로타,해산물 토마토 스파게티
2024-04-17,6,4,Spring,0,0,0,라그로타,해산물 토마토 스파게티
2024-04-18,0,4,Spring,0,0,0,라그로타,해산물 토마토 스파게티
2024-04-19,8,4,Spring,0,0,0,라그로타,해산물 토마토 스파게티
2024-04-20,9,4,Spring,1,0,1,라그로타,해산물 토마토 스파게티
2024-04-21,10,4,Spring,1,0,1,라그로타,해산물 토마토 스파게티
2024-04-22,0,4,Spring,0,0,0,라그로타,해산물 토마토 스파게티
2024-04-23,3,4,Spring,0,0,0,라그로타,해산물 토마토 스파게티
2024-04-24,4,4,Spring,0,0,0,라그로타,해산물 토마토 스파게티
2024-04-25,7,4,Spring,0,0,0,라그로타,해산물 토마토 스파게티
2024-04-26,2,4,Spring,0,0,0,라그로타,해산물 토마토 스파게티
2024-04-27,8,4,Spring,1,0,1,라그로타,해산물 토마토 스파게티
2024-04-28,11,4,Spring,1,0,1,라그로타,해산물 토마토 스파게티
2024-04-29,0,4,Spring,0,0,0,라그로타,해산물 토마토 스파게티
2024-04-30,7,4,Spring,0,0,0,라그로타,해산물 토마토 스파게티
2024-05-01,9,5,Spring,0,0,0,라그로타,해산물 토마토 스파게티
2024-05-02,4,5,Spring,0,0,0,라그로타,해산물 토마토 스파게티
2024-05-03,2,5,Spring,0,0,0,라그로타,해산물 토마토 스파게티
2024-05-04,9,5,Spring,1,0,1,라그로타,해산물 토마토 스파게티
2024-05-05,11,5,Spring,1,1,1,라그로타,해산물 토마토 스파게티
2024-05-06,1,5,Spring,0,1,1,라그로타,해산물 토마토 스파게티
2024-05-07,1,5,Spring,0,0,0,라그로타,해산물 토마토 스파게티
2024-05-08,6,5,Spring,0,0,0,라그로타,해산물 토마토 스파게티
2024-05-09,1,5,Spring,0,0,0,라그로타,해산물 토마토 스파게티
2024-05-10,5,5,Spring,0,0,0,라그로타,해산물 토마토 스파게티
2024-05-11,10,5,Spring,1,0,1,라그로타,해산물 토마토 스파게티
2024-05-12,1,5,Spring,1,0,1,라그로타,해산물 토마토 스파게티
2024-05-13,0,5,Spring,0,0,0,라그로타,해산물 토마토 스파게티
2024-05-14,3,5,Spring,0,0,0,라그로타,해산물 토마토 스파게티
2024-05-15,4,5,Spring,0,1,1,라그로타,해산물 토마토 스파게티
2024-05-16,2,5,Spring,0,0,0,라그로타,해산물 토마토 스파게티
2024-05-17,3,5,Spring,0,0,0,라그로타,해산물 토마토 스파게티
2024-05-18,3,5,Spring,1,0,1,라그로타,해산물 토마토 스파게티
2024-05-19,5,5,Spring,1,0,1,라그로타,해산물 토마토 스파게티
2024-05-20,0,5,Spring,0,0,0,라그로타,해산물 토마토 스파게티
2024-05-21,4,5,Spring,0,0,0,라그로타,해산물 토마토 스파게티
2024-05-22,6,5,Spring,0,0,0,라그로타,해산물 토마토 스파게티
2024-05-23,3,5,Spring,0,0,0,라그로타,해산물 토마토 스파게티
2024-05-24,6,5,Spring,0,0,0,라그로타,해산물 토마토 스파게티
2024-05-25,8,5,Spring,1,0,1,라그로타,해산물 토마토 스파게티
2024-05-26,0,5,Spring,1,0,1,라그로타,해산물 토마토 스파게티
2024-05-27,0,5,Spring,0,0,0,라그로타,해산물 토마토 스파게티
2024-05-28,0,5,Spring,0,0,0,라그로타,해산물 토마토 스파게티
2024-05-29,1,5,Spring,0,0,0,라그로타,해산물 토마토 스파게티
2024-05-30,26,5,Spring,0,0,0,라그로타,해산물 토마토 스파게티
2024-05-31,3,5,Spring,0,0,0,라그로타,해산물 토마토 스파게티
2024-06-01,7,6,Summer,1,0,1,라그로타,해산물 토마토 스파게티
2024-06-02,2,6,Summer,1,0,1,라그로타,해산물 토마토 스파게티
2024-06-03,0,6,Summer,0,0,0,라그로타,해산물 토마토 스파게티
2024-06-04,4,6,Summer,0,0,0,라그로타,해산물 토마토 스파게티
2024-06-05,2,6,Summer,0,0,0,라그로타,해산물 토마토 스파게티
2024-06-06,5,6,Summer,0,1,1,라그로타,해산물 토마토 스파게티
2024-06-07,6,6,Summer,0,0,0,라그로타,해산물 토마토 스파게티
2024-06-08,8,6,Summer,1,0,1,라그로타,해산물 토마토 스파게티
2024-06-09,5,6,Summer,1,0,1,라그로타,해산물 토마토 스파게티
2024-06-10,0,6,Summer,0,0,0,라그로타,해산물 토마토 스파게티
2024-06-11,6,6,Summer,0,0,0,라그로타,해산물 토마토 스파게티
2024-06-12,13,6,Summer,0,0,0,라그로타,해산물 토마토 스파게티
2024-06-13,1,6,Summer,0,0,0,라그로타,해산물 토마토 스파게티
2024-06-14,3,6,Summer,0,0,0,라그로타,해산물 토마토 스파게티
2024-06-15,4,6,Summer,1,0,1,라그로타,해산물 토마토 스파게티
