영업일자,매출수량,month,season,is_weekend,is_holiday,is_day_off,영업장명,메뉴명
2023-01-01,0,1,Winter,1,1,1,미라시아,"(단체)브런치주중 36,000"
2023-01-02,0,1,Winter,0,0,0,미라시아,"(단체)브런치주중 36,000"
2023-01-03,5,1,Winter,0,0,0,미라시아,"(단체)브런치주중 36,000"
2023-01-04,39,1,Winter,0,0,0,미라시아,"(단체)브런치주중 36,000"
2023-01-05,0,1,Winter,0,0,0,미라시아,"(단체)브런치주중 36,000"
2023-01-06,0,1,Winter,0,0,0,미라시아,"(단체)브런치주중 36,000"
2023-01-07,0,1,Winter,1,0,1,미라시아,"(단체)브런치주중 36,000"
2023-01-08,0,1,Winter,1,0,1,미라시아,"(단체)브런치주중 36,000"
2023-01-09,0,1,Winter,0,0,0,미라시아,"(단체)브런치주중 36,000"
2023-01-10,31,1,Winter,0,0,0,미라시아,"(단체)브런치주중 36,000"
2023-01-11,0,1,Winter,0,0,0,미라시아,"(단체)브런치주중 36,000"
2023-01-12,0,1,Winter,0,0,0,미라시아,"(단체)브런치주중 36,000"
2023-01-13,16,1,Winter,0,0,0,미라시아,"(단체)브런치주중 36,000"
2023-01-14,0,1,Winter,1,0,1,미라시아,"(단체)브런치주중 36,000"
2023-01-15,0,1,Winter,1,0,1,미라시아,"(단체)브런치주중 36,000"
2023-01-16,37,1,Winter,0,0,0,미라시아,"(단체)브런치주중 36,000"
2023-01-17,75,1,Winter,0,0,0,미라시아,"(단체)브런치주중 36,000"
2023-01-18,39,1,Winter,0,0,0,미라시아,"(단체)브런치주중 36,000"
2023-01-19,14,1,Winter,0,0,0,미라시아,"(단체)브런치주중 36,000"
2023-01-20,0,1,Winter,0,0,0,미라시아,"(단체)브런치주중 36,000"
2023-01-21,0,1,Winter,1,1,1,미라시아,"(단체)브런치주중 36,000"
2023-01-22,0,1,Winter,1,1,1,미라시아,"(단체)브런치주중 36,000"
2023-01-23,0,1,Winter,0,1,1,미라시아,"(단체)브런치주중 36,000"
2023-01-24,0,1,Winter,0,1,1,미라시아,"(단체)브런치주중 36,000"
2023-01-25,0,1,Winter,0,0,0,미라시아,"(단체)브런치주중 36,000"
2023-01-26,11,1,Winter,0,0,0,미라시아,"(단체)브런치주중 36,000"
2023-01-27,0,1,Winter,0,0,0,미라시아,"(단체)브런치주중 36,000"
2023-01-28,0,1,Winter,1,0,1,미라시아,"(단체)브런치주중 36,000"
2023-01-29,0,1,Winter,1,0,1,미라시아,"(단체)브런치주중 36,000"
2023-01-30,0,1,Winter,0,0,0,미라시아,"(단체)브런치주중 36,000"
2023-01-31,8,1,Winter,0,0,0,미라시아,"(단체)브런치주중 36,000"
2023-02-01,0,2,Winter,0,0,0,미라시아,"(단체)브런치주중 36,000"
2023-02-02,24,2,Winter,0,0,0,미라시아,"(단체)브런치주중 36,000"
2023-02-03,20,2,Winter,0,0,0,미라시아,"(단체)브런치주중 36,000"
2023-02-04,0,2,Winter,1,0,1,미라시아,"(단체)브런치주중 36,000"
2023-02-05,0,2,Winter,1,0,1,미라시아,"(단체)브런치주중 36,000"
2023-02-06,0,2,Winter,0,0,0,미라시아,"(단체)브런치주중 36,000"
2023-02-07,22,2,Winter,0,0,0,미라시아,"(단체)브런치주중 36,000"
2023-02-08,29,2,Winter,0,0,0,미라시아,"(단체)브런치주중 36,000"
2023-02-09,67,2,Winter,0,0,0,미라시아,"(단체)브런치주중 36,000"
2023-02-10,0,2,Winter,0,0,0,미라시아,"(단체)브런치주중 36,000"
2023-02-11,0,2,Winter,1,0,1,미라시아,"(단체)브런치주중 36,000"
2023-02-12,0,2,Winter,1,0,1,미라시아,"(단체)브런치주중 36,000"
2023-02-13,0,2,Winter,0,0,0,미라시아,"(단체)브런치주중 36,000"
2023-02-14,0,2,Winter,0,0,0,미라시아,"(단체)브런치주중 36,000"
2023-02-15,3,2,Winter,0,0,0,미라시아,"(단체)브런치주중 36,000"
2023-02-16,25,2,Winter,0,0,0,미라시아,"(단체)브런치주중 36,000"
2023-02-17,60,2,Winter,0,0,0,미라시아,"(단체)브런치주중 36,000"
2023-02-18,0,2,Winter,1,0,1,미라시아,"(단체)브런치주중 36,000"
2023-02-19,0,2,Winter,1,0,1,미라시아,"(단체)브런치주중 36,000"
2023-02-20,42,2,Winter,0,0,0,미라시아,"(단체)브런치주중 36,000"
2023-02-21,22,2,Winter,0,0,0,미라시아,"(단체)브런치주중 36,000"
2023-02-22,31,2,Winter,0,0,0,미라시아,"(단체)브런치주중 36,000"
2023-02-23,0,2,Winter,0,0,0,미라시아,"(단체)브런치주중 36,000"
2023-02-24,50,2,Winter,0,0,0,미라시아,"(단체)브런치주중 36,000"
2023-02-25,0,2,Winter,1,0,1,미라시아,"(단체)브런치주중 36,000"
2023-02-26,0,2,Winter,1,0,1,미라시아,"(단체)브런치주중 36,000"
2023-02-27,22,2,Winter,0,0,0,미라시아,"(단체)브런치주중 36,000"
2023-02-28,0,2,Winter,0,0,0,미라시아,"(단체)브런치주중 36,000"
2023-03-01,0,3,Spring,0,1,1,미라시아,"(단체)브런치주중 36,000"
2023-03-02,0,3,Spring,0,0,0,미라시아,"(단체)브런치주중 36,000"
2023-03-03,0,3,Spring,0,0,0,미라시아,"(단체)브런치주중 36,000"
2023-03-04,0,3,Spring,1,0,1,미라시아,"(단체)브런치주중 36,000"
2023-03-05,0,3,Spring,1,0,1,미라시아,"(단체)브런치주중 36,000"
2023-03-06,0,3,Spring,0,0,0,미라시아,"(단체)브런치주중 36,000"
2023-03-07,0,3,Spring,0,0,0,미라시아,"(단체)브런치주중 36,000"
2023-03-08,0,3,Spring,0,0,0,미라시아,"(단체)브런치주중 36,000"
2023-03-09,0,3,Spring,0,0,0,미라시아,"(단체)브런치주중 36,000"
2023-03-10,0,3,Spring,0,0,0,미라시아,"(단체)브런치주중 36,000"
2023-03-11,0,3,Spring,1,0,1,미라시아,"(단체)브런치주중 36,000"
2023-03-12,0,3,Spring,1,0,1,미라시아,"(단체)브런치주중 36,000"
2023-03-13,6,3,Spring,0,0,0,미라시아,"(단체)브런치주중 36,000"
2023-03-14,58,3,Spring,0,0,0,미라시아,"(단체)브런치주중 36,000"
2023-03-15,0,3,Spring,0,0,0,미라시아,"(단체)브런치주중 36,000"
2023-03-16,52,3,Spring,0,0,0,미라시아,"(단체)브런치주중 36,000"
2023-03-17,35,3,Spring,0,0,0,미라시아,"(단체)브런치주중 36,000"
2023-03-18,0,3,Spring,1,0,1,미라시아,"(단체)브런치주중 36,000"
2023-03-19,0,3,Spring,1,0,1,미라시아,"(단체)브런치주중 36,000"
2023-03-20,58,3,Spring,0,0,0,미라시아,"(단체)브런치주중 36,000"
2023-03-21,0,3,Spring,0,0,0,미라시아,"(단체)브런치주중 36,000"
2023-03-22,0,3,Spring,0,0,0,미라시아,"(단체)브런치주중 36,000"
2023-03-23,19,3,Spring,0,0,0,미라시아,"(단체)브런치주중 36,000"
2023-03-24,60,3,Spring,0,0,0,미라시아,"(단체)브런치주중 36,000"
2023-03-25,0,3,Spring,1,0,1,미라시아,"(단체)브런치주중 36,000"
2023-03-26,0,3,Spring,1,0,1,미라시아,"(단체)브런치주중 36,000"
2023-03-27,0,3,Spring,0,0,0,미라시아,"(단체)브런치주중 36,000"
2023-03-28,0,3,Spring,0,0,0,미라시아,"(단체)브런치주중 36,000"
2023-03-29,0,3,Spring,0,0,0,미라시아,"(단체)브런치주중 36,000"
2023-03-30,69,3,Spring,0,0,0,미라시아,"(단체)브런치주중 36,000"
2023-03-31,56,3,Spring,0,0,0,미라시아,"(단체)브런치주중 36,000"
2023-04-01,0,4,Spring,1,0,1,미라시아,"(단체)브런치주중 36,000"
2023-04-02,0,4,Spring,1,0,1,미라시아,"(단체)브런치주중 36,000"
2023-04-03,0,4,Spring,0,0,0,미라시아,"(단체)브런치주중 36,000"
2023-04-04,8,4,Spring,0,0,0,미라시아,"(단체)브런치주중 36,000"
2023-04-05,2,4,Spring,0,0,0,미라시아,"(단체)브런치주중 36,000"
2023-04-06,43,4,Spring,0,0,0,미라시아,"(단체)브런치주중 36,000"
2023-04-07,82,4,Spring,0,0,0,미라시아,"(단체)브런치주중 36,000"
2023-04-08,0,4,Spring,1,0,1,미라시아,"(단체)브런치주중 36,000"
2023-04-09,0,4,Spring,1,0,1,미라시아,"(단체)브런치주중 36,000"
2023-04-10,0,4,Spring,0,0,0,미라시아,"(단체)브런치주중 36,000"
2023-04-11,148,4,Spring,0,0,0,미라시아,"(단체)브런치주중 36,000"
2023-04-12,108,4,Spring,0,0,0,미라시아,"(단체)브런치주중 36,000"
2023-04-13,29,4,Spring,0,0,0,미라시아,"(단체)브런치주중 36,000"
2023-04-14,75,4,Spring,0,0,0,미라시아,"(단체)브런치주중 36,000"
2023-04-15,0,4,Spring,1,0,1,미라시아,"(단체)브런치주중 36,000"
2023-04-16,0,4,Spring,1,0,1,미라시아,"(단체)브런치주중 36,000"
2023-04-17,0,4,Spring,0,0,0,미라시아,"(단체)브런치주중 36,000"
2023-04-18,14,4,Spring,0,0,0,미라시아,"(단체)브런치주중 36,000"
2023-04-19,0,4,Spring,0,0,0,미라시아,"(단체)브런치주중 36,000"
2023-04-20,56,4,Spring,0,0,0,미라시아,"(단체)브런치주중 36,000"
2023-04-21,123,4,Spring,0,0,0,미라시아,"(단체)브런치주중 36,000"
2023-04-22,0,4,Spring,1,0,1,미라시아,"(단체)브런치주중 36,000"
2023-04-23,0,4,Spring,1,0,1,미라시아,"(단체)브런치주중 36,000"
2023-04-24,12,4,Spring,0,0,0,미라시아,"(단체)브런치주중 36,000"
2023-04-25,149,4,Spring,0,0,0,미라시아,"(단체)브런치주중 36,000"
2023-04-26,38,4,Spring,0,0,0,미라시아,"(단체)브런치주중 36,000"
2023-04-27,118,4,Spring,0,0,0,미라시아,"(단체)브런치주중 36,000"
2023-04-28,120,4,Spring,0,0,0,미라시아,"(단체)브런치주중 36,000"
2023-04-29,0,4,Spring,1,0,1,미라시아,"(단체)브런치주중 36,000"
2023-04-30,0,4,Spring,1,0,1,미라시아,"(단체)브런치주중 36,000"
2023-05-01,0,5,Spring,0,0,0,미라시아,"(단체)브런치주중 36,000"
2023-05-02,0,5,Spring,0,0,0,미라시아,"(단체)브런치주중 36,000"
2023-05-03,82,5,Spring,0,0,0,미라시아,"(단체)브런치주중 36,000"
2023-05-04,0,5,Spring,0,0,0,미라시아,"(단체)브런치주중 36,000"
2023-05-05,23,5,Spring,0,1,1,미라시아,"(단체)브런치주중 36,000"
2023-05-06,0,5,Spring,1,0,1,미라시아,"(단체)브런치주중 36,000"
2023-05-07,0,5,Spring,1,0,1,미라시아,"(단체)브런치주중 36,000"
2023-05-08,0,5,Spring,0,0,0,미라시아,"(단체)브런치주중 36,000"
2023-05-09,63,5,Spring,0,0,0,미라시아,"(단체)브런치주중 36,000"
2023-05-10,36,5,Spring,0,0,0,미라시아,"(단체)브런치주중 36,000"
2023-05-11,110,5,Spring,0,0,0,미라시아,"(단체)브런치주중 36,000"
2023-05-12,127,5,Spring,0,0,0,미라시아,"(단체)브런치주중 36,000"
2023-05-13,0,5,Spring,1,0,1,미라시아,"(단체)브런치주중 36,000"
2023-05-14,0,5,Spring,1,0,1,미라시아,"(단체)브런치주중 36,000"
2023-05-15,5,5,Spring,0,0,0,미라시아,"(단체)브런치주중 36,000"
2023-05-16,81,5,Spring,0,0,0,미라시아,"(단체)브런치주중 36,000"
2023-05-17,46,5,Spring,0,0,0,미라시아,"(단체)브런치주중 36,000"
2023-05-18,140,5,Spring,0,0,0,미라시아,"(단체)브런치주중 36,000"
2023-05-19,93,5,Spring,0,0,0,미라시아,"(단체)브런치주중 36,000"
2023-05-20,0,5,Spring,1,0,1,미라시아,"(단체)브런치주중 36,000"
2023-05-21,0,5,Spring,1,0,1,미라시아,"(단체)브런치주중 36,000"
2023-05-22,84,5,Spring,0,0,0,미라시아,"(단체)브런치주중 36,000"
2023-05-23,97,5,Spring,0,0,0,미라시아,"(단체)브런치주중 36,000"
2023-05-24,28,5,Spring,0,0,0,미라시아,"(단체)브런치주중 36,000"
2023-05-25,162,5,Spring,0,0,0,미라시아,"(단체)브런치주중 36,000"
2023-05-26,22,5,Spring,0,0,0,미라시아,"(단체)브런치주중 36,000"
2023-05-27,0,5,Spring,1,1,1,미라시아,"(단체)브런치주중 36,000"
2023-05-28,0,5,Spring,1,0,1,미라시아,"(단체)브런치주중 36,000"
2023-05-29,0,5,Spring,0,1,1,미라시아,"(단체)브런치주중 36,000"
2023-05-30,1,5,Spring,0,0,0,미라시아,"(단체)브런치주중 36,000"
2023-05-31,41,5,Spring,0,0,0,미라시아,"(단체)브런치주중 36,000"
2023-06-01,176,6,Summer,0,0,0,미라시아,"(단체)브런치주중 36,000"
2023-06-02,70,6,Summer,0,0,0,미라시아,"(단체)브런치주중 36,000"
2023-06-03,0,6,Summer,1,0,1,미라시아,"(단체)브런치주중 36,000"
2023-06-04,0,6,Summer,1,0,1,미라시아,"(단체)브런치주중 36,000"
2023-06-05,0,6,Summer,0,0,0,미라시아,"(단체)브런치주중 36,000"
2023-06-06,0,6,Summer,0,1,1,미라시아,"(단체)브런치주중 36,000"
2023-06-07,97,6,Summer,0,0,0,미라시아,"(단체)브런치주중 36,000"
2023-06-08,1,6,Summer,0,0,0,미라시아,"(단체)브런치주중 36,000"
2023-06-09,154,6,Summer,0,0,0,미라시아,"(단체)브런치주중 36,000"
2023-06-10,0,6,Summer,1,0,1,미라시아,"(단체)브런치주중 36,000"
2023-06-11,0,6,Summer,1,0,1,미라시아,"(단체)브런치주중 36,000"
2023-06-12,107,6,Summer,0,0,0,미라시아,"(단체)브런치주중 36,000"
2023-06-13,122,6,Summer,0,0,0,미라시아,"(단체)브런치주중 36,000"
2023-06-14,4,6,Summer,0,0,0,미라시아,"(단체)브런치주중 36,000"
2023-06-15,106,6,Summer,0,0,0,미라시아,"(단체)브런치주중 36,000"
2023-06-16,64,6,Summer,0,0,0,미라시아,"(단체)브런치주중 36,000"
2023-06-17,0,6,Summer,1,0,1,미라시아,"(단체)브런치주중 36,000"
2023-06-18,0,6,Summer,1,0,1,미라시아,"(단체)브런치주중 36,000"
2023-06-19,50,6,Summer,0,0,0,미라시아,"(단체)브런치주중 36,000"
2023-06-20,68,6,Summer,0,0,0,미라시아,"(단체)브런치주중 36,000"
2023-06-21,166,6,Summer,0,0,0,미라시아,"(단체)브런치주중 36,000"
2023-06-22,63,6,Summer,0,0,0,미라시아,"(단체)브런치주중 36,000"
2023-06-23,0,6,Summer,0,0,0,미라시아,"(단체)브런치주중 36,000"
2023-06-24,0,6,Summer,1,0,1,미라시아,"(단체)브런치주중 36,000"
2023-06-25,0,6,Summer,1,0,1,미라시아,"(단체)브런치주중 36,000"
2023-06-26,0,6,Summer,0,0,0,미라시아,"(단체)브런치주중 36,000"
2023-06-27,156,6,Summer,0,0,0,미라시아,"(단체)브런치주중 36,000"
2023-06-28,18,6,Summer,0,0,0,미라시아,"(단체)브런치주중 36,000"
2023-06-29,109,6,Summer,0,0,0,미라시아,"(단체)브런치주중 36,000"
2023-06-30,1,6,Summer,0,0,0,미라시아,"(단체)브런치주중 36,000"
2023-07-01,0,7,Summer,1,0,1,미라시아,"(단체)브런치주중 36,000"
2023-07-02,0,7,Summer,1,0,1,미라시아,"(단체)브런치주중 36,000"
2023-07-03,0,7,Summer,0,0,0,미라시아,"(단체)브런치주중 36,000"
2023-07-04,217,7,Summer,0,0,0,미라시아,"(단체)브런치주중 36,000"
2023-07-05,4,7,Summer,0,0,0,미라시아,"(단체)브런치주중 36,000"
2023-07-06,51,7,Summer,0,0,0,미라시아,"(단체)브런치주중 36,000"
2023-07-07,1,7,Summer,0,0,0,미라시아,"(단체)브런치주중 36,000"
2023-07-08,0,7,Summer,1,0,1,미라시아,"(단체)브런치주중 36,000"
2023-07-09,0,7,Summer,1,0,1,미라시아,"(단체)브런치주중 36,000"
2023-07-10,40,7,Summer,0,0,0,미라시아,"(단체)브런치주중 36,000"
2023-07-11,14,7,Summer,0,0,0,미라시아,"(단체)브런치주중 36,000"
2023-07-12,18,7,Summer,0,0,0,미라시아,"(단체)브런치주중 36,000"
2023-07-13,100,7,Summer,0,0,0,미라시아,"(단체)브런치주중 36,000"
2023-07-14,76,7,Summer,0,0,0,미라시아,"(단체)브런치주중 36,000"
2023-07-15,0,7,Summer,1,0,1,미라시아,"(단체)브런치주중 36,000"
2023-07-16,0,7,Summer,1,0,1,미라시아,"(단체)브런치주중 36,000"
2023-07-17,0,7,Summer,0,0,0,미라시아,"(단체)브런치주중 36,000"
2023-07-18,131,7,Summer,0,0,0,미라시아,"(단체)브런치주중 36,000"
2023-07-19,5,7,Summer,0,0,0,미라시아,"(단체)브런치주중 36,000"
2023-07-20,40,7,Summer,0,0,0,미라시아,"(단체)브런치주중 36,000"
2023-07-21,54,7,Summer,0,0,0,미라시아,"(단체)브런치주중 36,000"
2023-07-22,0,7,Summer,1,0,1,미라시아,"(단체)브런치주중 36,000"
2023-07-23,0,7,Summer,1,0,1,미라시아,"(단체)브런치주중 36,000"
2023-07-24,32,7,Summer,0,0,0,미라시아,"(단체)브런치주중 36,000"
2023-07-25,97,7,Summer,0,0,0,미라시아,"(단체)브런치주중 36,000"
2023-07-26,3,7,Summer,0,0,0,미라시아,"(단체)브런치주중 36,000"
2023-07-27,21,7,Summer,0,0,0,미라시아,"(단체)브런치주중 36,000"
2023-07-28,0,7,Summer,0,0,0,미라시아,"(단체)브런치주중 36,000"
2023-07-29,0,7,Summer,1,0,1,미라시아,"(단체)브런치주중 36,000"
2023-07-30,0,7,Summer,1,0,1,미라시아,"(단체)브런치주중 36,000"
2023-07-31,2,7,Summer,0,0,0,미라시아,"(단체)브런치주중 36,000"
2023-08-01,4,8,Summer,0,0,0,미라시아,"(단체)브런치주중 36,000"
2023-08-02,2,8,Summer,0,0,0,미라시아,"(단체)브런치주중 36,000"
2023-08-03,0,8,Summer,0,0,0,미라시아,"(단체)브런치주중 36,000"
2023-08-04,0,8,Summer,0,0,0,미라시아,"(단체)브런치주중 36,000"
2023-08-05,0,8,Summer,1,0,1,미라시아,"(단체)브런치주중 36,000"
2023-08-06,0,8,Summer,1,0,1,미라시아,"(단체)브런치주중 36,000"
2023-08-07,0,8,Summer,0,0,0,미라시아,"(단체)브런치주중 36,000"
2023-08-08,9,8,Summer,0,0,0,미라시아,"(단체)브런치주중 36,000"
2023-08-09,4,8,Summer,0,0,0,미라시아,"(단체)브런치주중 36,000"
2023-08-10,0,8,Summer,0,0,0,미라시아,"(단체)브런치주중 36,000"
2023-08-11,0,8,Summer,0,0,0,미라시아,"(단체)브런치주중 36,000"
2023-08-12,0,8,Summer,1,0,1,미라시아,"(단체)브런치주중 36,000"
2023-08-13,0,8,Summer,1,0,1,미라시아,"(단체)브런치주중 36,000"
2023-08-14,0,8,Summer,0,0,0,미라시아,"(단체)브런치주중 36,000"
2023-08-15,0,8,Summer,0,1,1,미라시아,"(단체)브런치주중 36,000"
2023-08-16,0,8,Summer,0,0,0,미라시아,"(단체)브런치주중 36,000"
2023-08-17,0,8,Summer,0,0,0,미라시아,"(단체)브런치주중 36,000"
2023-08-18,8,8,Summer,0,0,0,미라시아,"(단체)브런치주중 36,000"
2023-08-19,0,8,Summer,1,0,1,미라시아,"(단체)브런치주중 36,000"
2023-08-20,0,8,Summer,1,0,1,미라시아,"(단체)브런치주중 36,000"
2023-08-21,0,8,Summer,0,0,0,미라시아,"(단체)브런치주중 36,000"
2023-08-22,52,8,Summer,0,0,0,미라시아,"(단체)브런치주중 36,000"
2023-08-23,4,8,Summer,0,0,0,미라시아,"(단체)브런치주중 36,000"
2023-08-24,9,8,Summer,0,0,0,미라시아,"(단체)브런치주중 36,000"
2023-08-25,45,8,Summer,0,0,0,미라시아,"(단체)브런치주중 36,000"
2023-08-26,0,8,Summer,1,0,1,미라시아,"(단체)브런치주중 36,000"
2023-08-27,0,8,Summer,1,0,1,미라시아,"(단체)브런치주중 36,000"
2023-08-28,33,8,Summer,0,0,0,미라시아,"(단체)브런치주중 36,000"
2023-08-29,34,8,Summer,0,0,0,미라시아,"(단체)브런치주중 36,000"
2023-08-30,42,8,Summer,0,0,0,미라시아,"(단체)브런치주중 36,000"
2023-08-31,55,8,Summer,0,0,0,미라시아,"(단체)브런치주중 36,000"
2023-09-01,87,9,Autumn,0,0,0,미라시아,"(단체)브런치주중 36,000"
2023-09-02,0,9,Autumn,1,0,1,미라시아,"(단체)브런치주중 36,000"
2023-09-03,0,9,Autumn,1,0,1,미라시아,"(단체)브런치주중 36,000"
2023-09-04,0,9,Autumn,0,0,0,미라시아,"(단체)브런치주중 36,000"
2023-09-05,0,9,Autumn,0,0,0,미라시아,"(단체)브런치주중 36,000"
2023-09-06,29,9,Autumn,0,0,0,미라시아,"(단체)브런치주중 36,000"
2023-09-07,81,9,Autumn,0,0,0,미라시아,"(단체)브런치주중 36,000"
2023-09-08,37,9,Autumn,0,0,0,미라시아,"(단체)브런치주중 36,000"
2023-09-09,0,9,Autumn,1,0,1,미라시아,"(단체)브런치주중 36,000"
2023-09-10,0,9,Autumn,1,0,1,미라시아,"(단체)브런치주중 36,000"
2023-09-11,0,9,Autumn,0,0,0,미라시아,"(단체)브런치주중 36,000"
2023-09-12,41,9,Autumn,0,0,0,미라시아,"(단체)브런치주중 36,000"
2023-09-13,8,9,Autumn,0,0,0,미라시아,"(단체)브런치주중 36,000"
2023-09-14,95,9,Autumn,0,0,0,미라시아,"(단체)브런치주중 36,000"
2023-09-15,140,9,Autumn,0,0,0,미라시아,"(단체)브런치주중 36,000"
2023-09-16,0,9,Autumn,1,0,1,미라시아,"(단체)브런치주중 36,000"
2023-09-17,0,9,Autumn,1,0,1,미라시아,"(단체)브런치주중 36,000"
2023-09-18,3,9,Autumn,0,0,0,미라시아,"(단체)브런치주중 36,000"
2023-09-19,24,9,Autumn,0,0,0,미라시아,"(단체)브런치주중 36,000"
2023-09-20,113,9,Autumn,0,0,0,미라시아,"(단체)브런치주중 36,000"
2023-09-21,179,9,Autumn,0,0,0,미라시아,"(단체)브런치주중 36,000"
2023-09-22,63,9,Autumn,0,0,0,미라시아,"(단체)브런치주중 36,000"
2023-09-23,0,9,Autumn,1,0,1,미라시아,"(단체)브런치주중 36,000"
2023-09-24,0,9,Autumn,1,0,1,미라시아,"(단체)브런치주중 36,000"
2023-09-25,68,9,Autumn,0,0,0,미라시아,"(단체)브런치주중 36,000"
2023-09-26,52,9,Autumn,0,0,0,미라시아,"(단체)브런치주중 36,000"
2023-09-27,0,9,Autumn,0,0,0,미라시아,"(단체)브런치주중 36,000"
2023-09-28,0,9,Autumn,0,1,1,미라시아,"(단체)브런치주중 36,000"
2023-09-29,0,9,Autumn,0,1,1,미라시아,"(단체)브런치주중 36,000"
2023-09-30,4,9,Autumn,1,1,1,미라시아,"(단체)브런치주중 36,000"
2023-10-01,0,10,Autumn,1,0,1,미라시아,"(단체)브런치주중 36,000"
2023-10-02,0,10,Autumn,0,1,1,미라시아,"(단체)브런치주중 36,000"
2023-10-03,0,10,Autumn,0,1,1,미라시아,"(단체)브런치주중 36,000"
2023-10-04,0,10,Autumn,0,0,0,미라시아,"(단체)브런치주중 36,000"
2023-10-05,30,10,Autumn,0,0,0,미라시아,"(단체)브런치주중 36,000"
2023-10-06,69,10,Autumn,0,0,0,미라시아,"(단체)브런치주중 36,000"
2023-10-07,0,10,Autumn,1,0,1,미라시아,"(단체)브런치주중 36,000"
2023-10-08,0,10,Autumn,1,0,1,미라시아,"(단체)브런치주중 36,000"
2023-10-09,0,10,Autumn,0,1,1,미라시아,"(단체)브런치주중 36,000"
2023-10-10,46,10,Autumn,0,0,0,미라시아,"(단체)브런치주중 36,000"
2023-10-11,74,10,Autumn,0,0,0,미라시아,"(단체)브런치주중 36,000"
2023-10-12,128,10,Autumn,0,0,0,미라시아,"(단체)브런치주중 36,000"
2023-10-13,76,10,Autumn,0,0,0,미라시아,"(단체)브런치주중 36,000"
2023-10-14,0,10,Autumn,1,0,1,미라시아,"(단체)브런치주중 36,000"
2023-10-15,4,10,Autumn,1,0,1,미라시아,"(단체)브런치주중 36,000"
2023-10-16,0,10,Autumn,0,0,0,미라시아,"(단체)브런치주중 36,000"
2023-10-17,11,10,Autumn,0,0,0,미라시아,"(단체)브런치주중 36,000"
2023-10-18,85,10,Autumn,0,0,0,미라시아,"(단체)브런치주중 36,000"
2023-10-19,42,10,Autumn,0,0,0,미라시아,"(단체)브런치주중 36,000"
2023-10-20,54,10,Autumn,0,0,0,미라시아,"(단체)브런치주중 36,000"
2023-10-21,0,10,Autumn,1,0,1,미라시아,"(단체)브런치주중 36,000"
2023-10-22,0,10,Autumn,1,0,1,미라시아,"(단체)브런치주중 36,000"
2023-10-23,64,10,Autumn,0,0,0,미라시아,"(단체)브런치주중 36,000"
2023-10-24,89,10,Autumn,0,0,0,미라시아,"(단체)브런치주중 36,000"
2023-10-25,31,10,Autumn,0,0,0,미라시아,"(단체)브런치주중 36,000"
2023-10-26,24,10,Autumn,0,0,0,미라시아,"(단체)브런치주중 36,000"
2023-10-27,30,10,Autumn,0,0,0,미라시아,"(단체)브런치주중 36,000"
2023-10-28,0,10,Autumn,1,0,1,미라시아,"(단체)브런치주중 36,000"
2023-10-29,0,10,Autumn,1,0,1,미라시아,"(단체)브런치주중 36,000"
2023-10-30,46,10,Autumn,0,0,0,미라시아,"(단체)브런치주중 36,000"
2023-10-31,128,10,Autumn,0,0,0,미라시아,"(단체)브런치주중 36,000"
2023-11-01,60,11,Autumn,0,0,0,미라시아,"(단체)브런치주중 36,000"
2023-11-02,67,11,Autumn,0,0,0,미라시아,"(단체)브런치주중 36,000"
2023-11-03,58,11,Autumn,0,0,0,미라시아,"(단체)브런치주중 36,000"
2023-11-04,0,11,Autumn,1,0,1,미라시아,"(단체)브런치주중 36,000"
2023-11-05,0,11,Autumn,1,0,1,미라시아,"(단체)브런치주중 36,000"
2023-11-06,142,11,Autumn,0,0,0,미라시아,"(단체)브런치주중 36,000"
2023-11-07,102,11,Autumn,0,0,0,미라시아,"(단체)브런치주중 36,000"
2023-11-08,89,11,Autumn,0,0,0,미라시아,"(단체)브런치주중 36,000"
2023-11-09,141,11,Autumn,0,0,0,미라시아,"(단체)브런치주중 36,000"
2023-11-10,105,11,Autumn,0,0,0,미라시아,"(단체)브런치주중 36,000"
2023-11-11,0,11,Autumn,1,0,1,미라시아,"(단체)브런치주중 36,000"
2023-11-12,0,11,Autumn,1,0,1,미라시아,"(단체)브런치주중 36,000"
2023-11-13,7,11,Autumn,0,0,0,미라시아,"(단체)브런치주중 36,000"
2023-11-14,0,11,Autumn,0,0,0,미라시아,"(단체)브런치주중 36,000"
2023-11-15,60,11,Autumn,0,0,0,미라시아,"(단체)브런치주중 36,000"
2023-11-16,121,11,Autumn,0,0,0,미라시아,"(단체)브런치주중 36,000"
2023-11-17,8,11,Autumn,0,0,0,미라시아,"(단체)브런치주중 36,000"
2023-11-18,0,11,Autumn,1,0,1,미라시아,"(단체)브런치주중 36,000"
2023-11-19,0,11,Autumn,1,0,1,미라시아,"(단체)브런치주중 36,000"
2023-11-20,0,11,Autumn,0,0,0,미라시아,"(단체)브런치주중 36,000"
2023-11-21,55,11,Autumn,0,0,0,미라시아,"(단체)브런치주중 36,000"
2023-11-22,115,11,Autumn,0,0,0,미라시아,"(단체)브런치주중 36,000"
2023-11-23,135,11,Autumn,0,0,0,미라시아,"(단체)브런치주중 36,000"
2023-11-24,109,11,Autumn,0,0,0,미라시아,"(단체)브런치주중 36,000"
2023-11-25,0,11,Autumn,1,0,1,미라시아,"(단체)브런치주중 36,000"
2023-11-26,0,11,Autumn,1,0,1,미라시아,"(단체)브런치주중 36,000"
2023-11-27,0,11,Autumn,0,0,0,미라시아,"(단체)브런치주중 36,000"
2023-11-28,13,11,Autumn,0,0,0,미라시아,"(단체)브런치주중 36,000"
2023-11-29,83,11,Autumn,0,0,0,미라시아,"(단체)브런치주중 36,000"
2023-11-30,4,11,Autumn,0,0,0,미라시아,"(단체)브런치주중 36,000"
2023-12-01,75,12,Winter,0,0,0,미라시아,"(단체)브런치주중 36,000"
2023-12-02,0,12,Winter,1,0,1,미라시아,"(단체)브런치주중 36,000"
2023-12-03,0,12,Winter,1,0,1,미라시아,"(단체)브런치주중 36,000"
2023-12-04,0,12,Winter,0,0,0,미라시아,"(단체)브런치주중 36,000"
2023-12-05,64,12,Winter,0,0,0,미라시아,"(단체)브런치주중 36,000"
2023-12-06,0,12,Winter,0,0,0,미라시아,"(단체)브런치주중 36,000"
2023-12-07,9,12,Winter,0,0,0,미라시아,"(단체)브런치주중 36,000"
2023-12-08,16,12,Winter,0,0,0,미라시아,"(단체)브런치주중 36,000"
2023-12-09,0,12,Winter,1,0,1,미라시아,"(단체)브런치주중 36,000"
2023-12-10,0,12,Winter,1,0,1,미라시아,"(단체)브런치주중 36,000"
2023-12-11,0,12,Winter,0,0,0,미라시아,"(단체)브런치주중 36,000"
2023-12-12,169,12,Winter,0,0,0,미라시아,"(단체)브런치주중 36,000"
2023-12-13,0,12,Winter,0,0,0,미라시아,"(단체)브런치주중 36,000"
2023-12-14,1,12,Winter,0,0,0,미라시아,"(단체)브런치주중 36,000"
2023-12-15,50,12,Winter,0,0,0,미라시아,"(단체)브런치주중 36,000"
2023-12-16,0,12,Winter,1,0,1,미라시아,"(단체)브런치주중 36,000"
2023-12-17,0,12,Winter,1,0,1,미라시아,"(단체)브런치주중 36,000"
2023-12-18,0,12,Winter,0,0,0,미라시아,"(단체)브런치주중 36,000"
2023-12-19,21,12,Winter,0,0,0,미라시아,"(단체)브런치주중 36,000"
2023-12-20,28,12,Winter,0,0,0,미라시아,"(단체)브런치주중 36,000"
2023-12-21,0,12,Winter,0,0,0,미라시아,"(단체)브런치주중 36,000"
2023-12-22,117,12,Winter,0,0,0,미라시아,"(단체)브런치주중 36,000"
2023-12-23,0,12,Winter,1,0,1,미라시아,"(단체)브런치주중 36,000"
2023-12-24,0,12,Winter,1,0,1,미라시아,"(단체)브런치주중 36,000"
2023-12-25,0,12,Winter,0,1,1,미라시아,"(단체)브런치주중 36,000"
2023-12-26,0,12,Winter,0,0,0,미라시아,"(단체)브런치주중 36,000"
2023-12-27,0,12,Winter,0,0,0,미라시아,"(단체)브런치주중 36,000"
2023-12-28,5,12,Winter,0,0,0,미라시아,"(단체)브런치주중 36,000"
2023-12-29,11,12,Winter,0,0,0,미라시아,"(단체)브런치주중 36,000"
2023-12-30,0,12,Winter,1,0,1,미라시아,"(단체)브런치주중 36,000"
2023-12-31,0,12,Winter,1,0,1,미라시아,"(단체)브런치주중 36,000"
2024-01-01,0,1,Winter,0,1,1,미라시아,"(단체)브런치주중 36,000"
2024-01-02,4,1,Winter,0,0,0,미라시아,"(단체)브런치주중 36,000"
2024-01-03,4,1,Winter,0,0,0,미라시아,"(단체)브런치주중 36,000"
2024-01-04,6,1,Winter,0,0,0,미라시아,"(단체)브런치주중 36,000"
2024-01-05,0,1,Winter,0,0,0,미라시아,"(단체)브런치주중 36,000"
2024-01-06,0,1,Winter,1,0,1,미라시아,"(단체)브런치주중 36,000"
2024-01-07,0,1,Winter,1,0,1,미라시아,"(단체)브런치주중 36,000"
2024-01-08,0,1,Winter,0,0,0,미라시아,"(단체)브런치주중 36,000"
2024-01-09,16,1,Winter,0,0,0,미라시아,"(단체)브런치주중 36,000"
2024-01-10,14,1,Winter,0,0,0,미라시아,"(단체)브런치주중 36,000"
2024-01-11,18,1,Winter,0,0,0,미라시아,"(단체)브런치주중 36,000"
2024-01-12,28,1,Winter,0,0,0,미라시아,"(단체)브런치주중 36,000"
2024-01-13,0,1,Winter,1,0,1,미라시아,"(단체)브런치주중 36,000"
2024-01-14,0,1,Winter,1,0,1,미라시아,"(단체)브런치주중 36,000"
2024-01-15,0,1,Winter,0,0,0,미라시아,"(단체)브런치주중 36,000"
2024-01-16,0,1,Winter,0,0,0,미라시아,"(단체)브런치주중 36,000"
2024-01-17,0,1,Winter,0,0,0,미라시아,"(단체)브런치주중 36,000"
2024-01-18,135,1,Winter,0,0,0,미라시아,"(단체)브런치주중 36,000"
2024-01-19,39,1,Winter,0,0,0,미라시아,"(단체)브런치주중 36,000"
2024-01-20,0,1,Winter,1,0,1,미라시아,"(단체)브런치주중 36,000"
2024-01-21,0,1,Winter,1,0,1,미라시아,"(단체)브런치주중 36,000"
2024-01-22,28,1,Winter,0,0,0,미라시아,"(단체)브런치주중 36,000"
2024-01-23,32,1,Winter,0,0,0,미라시아,"(단체)브런치주중 36,000"
2024-01-24,10,1,Winter,0,0,0,미라시아,"(단체)브런치주중 36,000"
2024-01-25,93,1,Winter,0,0,0,미라시아,"(단체)브런치주중 36,000"
2024-01-26,71,1,Winter,0,0,0,미라시아,"(단체)브런치주중 36,000"
2024-01-27,0,1,Winter,1,0,1,미라시아,"(단체)브런치주중 36,000"
2024-01-28,0,1,Winter,1,0,1,미라시아,"(단체)브런치주중 36,000"
2024-01-29,65,1,Winter,0,0,0,미라시아,"(단체)브런치주중 36,000"
2024-01-30,7,1,Winter,0,0,0,미라시아,"(단체)브런치주중 36,000"
2024-01-31,0,1,Winter,0,0,0,미라시아,"(단체)브런치주중 36,000"
2024-02-01,0,2,Winter,0,0,0,미라시아,"(단체)브런치주중 36,000"
2024-02-02,0,2,Winter,0,0,0,미라시아,"(단체)브런치주중 36,000"
2024-02-03,0,2,Winter,1,0,1,미라시아,"(단체)브런치주중 36,000"
2024-02-04,0,2,Winter,1,0,1,미라시아,"(단체)브런치주중 36,000"
2024-02-05,0,2,Winter,0,0,0,미라시아,"(단체)브런치주중 36,000"
2024-02-06,50,2,Winter,0,0,0,미라시아,"(단체)브런치주중 36,000"
2024-02-07,0,2,Winter,0,0,0,미라시아,"(단체)브런치주중 36,000"
2024-02-08,0,2,Winter,0,0,0,미라시아,"(단체)브런치주중 36,000"
2024-02-09,0,2,Winter,0,1,1,미라시아,"(단체)브런치주중 36,000"
2024-02-10,0,2,Winter,1,1,1,미라시아,"(단체)브런치주중 36,000"
2024-02-11,0,2,Winter,1,1,1,미라시아,"(단체)브런치주중 36,000"
2024-02-12,0,2,Winter,0,1,1,미라시아,"(단체)브런치주중 36,000"
2024-02-13,0,2,Winter,0,0,0,미라시아,"(단체)브런치주중 36,000"
2024-02-14,0,2,Winter,0,0,0,미라시아,"(단체)브런치주중 36,000"
2024-02-15,53,2,Winter,0,0,0,미라시아,"(단체)브런치주중 36,000"
2024-02-16,41,2,Winter,0,0,0,미라시아,"(단체)브런치주중 36,000"
2024-02-17,0,2,Winter,1,0,1,미라시아,"(단체)브런치주중 36,000"
2024-02-18,0,2,Winter,1,0,1,미라시아,"(단체)브런치주중 36,000"
2024-02-19,0,2,Winter,0,0,0,미라시아,"(단체)브런치주중 36,000"
2024-02-20,23,2,Winter,0,0,0,미라시아,"(단체)브런치주중 36,000"
2024-02-21,0,2,Winter,0,0,0,미라시아,"(단체)브런치주중 36,000"
2024-02-22,25,2,Winter,0,0,0,미라시아,"(단체)브런치주중 36,000"
2024-02-23,20,2,Winter,0,0,0,미라시아,"(단체)브런치주중 36,000"
2024-02-24,0,2,Winter,1,0,1,미라시아,"(단체)브런치주중 36,000"
2024-02-25,0,2,Winter,1,0,1,미라시아,"(단체)브런치주중 36,000"
2024-02-26,0,2,Winter,0,0,0,미라시아,"(단체)브런치주중 36,000"
2024-02-27,18,2,Winter,0,0,0,미라시아,"(단체)브런치주중 36,000"
2024-02-28,19,2,Winter,0,0,0,미라시아,"(단체)브런치주중 36,000"
2024-02-29,0,2,Winter,0,0,0,미라시아,"(단체)브런치주중 36,000"
2024-03-01,0,3,Spring,0,1,1,미라시아,"(단체)브런치주중 36,000"
2024-03-02,0,3,Spring,1,0,1,미라시아,"(단체)브런치주중 36,000"
2024-03-03,0,3,Spring,1,0,1,미라시아,"(단체)브런치주중 36,000"
2024-03-04,0,3,Spring,0,0,0,미라시아,"(단체)브런치주중 36,000"
2024-03-05,0,3,Spring,0,0,0,미라시아,"(단체)브런치주중 36,000"
2024-03-06,0,3,Spring,0,0,0,미라시아,"(단체)브런치주중 36,000"
2024-03-07,0,3,Spring,0,0,0,미라시아,"(단체)브런치주중 36,000"
2024-03-08,0,3,Spring,0,0,0,미라시아,"(단체)브런치주중 36,000"
2024-03-09,0,3,Spring,1,0,1,미라시아,"(단체)브런치주중 36,000"
2024-03-10,0,3,Spring,1,0,1,미라시아,"(단체)브런치주중 36,000"
2024-03-11,0,3,Spring,0,0,0,미라시아,"(단체)브런치주중 36,000"
2024-03-12,0,3,Spring,0,0,0,미라시아,"(단체)브런치주중 36,000"
2024-03-13,0,3,Spring,0,0,0,미라시아,"(단체)브런치주중 36,000"
2024-03-14,12,3,Spring,0,0,0,미라시아,"(단체)브런치주중 36,000"
2024-03-15,0,3,Spring,0,0,0,미라시아,"(단체)브런치주중 36,000"
2024-03-16,0,3,Spring,1,0,1,미라시아,"(단체)브런치주중 36,000"
2024-03-17,0,3,Spring,1,0,1,미라시아,"(단체)브런치주중 36,000"
2024-03-18,0,3,Spring,0,0,0,미라시아,"(단체)브런치주중 36,000"
2024-03-19,0,3,Spring,0,0,0,미라시아,"(단체)브런치주중 36,000"
2024-03-20,0,3,Spring,0,0,0,미라시아,"(단체)브런치주중 36,000"
2024-03-21,28,3,Spring,0,0,0,미라시아,"(단체)브런치주중 36,000"
2024-03-22,0,3,Spring,0,0,0,미라시아,"(단체)브런치주중 36,000"
2024-03-23,0,3,Spring,1,0,1,미라시아,"(단체)브런치주중 36,000"
2024-03-24,0,3,Spring,1,0,1,미라시아,"(단체)브런치주중 36,000"
2024-03-25,0,3,Spring,0,0,0,미라시아,"(단체)브런치주중 36,000"
2024-03-26,0,3,Spring,0,0,0,미라시아,"(단체)브런치주중 36,000"
2024-03-27,0,3,Spring,0,0,0,미라시아,"(단체)브런치주중 36,000"
2024-03-28,13,3,Spring,0,0,0,미라시아,"(단체)브런치주중 36,000"
2024-03-29,57,3,Spring,0,0,0,미라시아,"(단체)브런치주중 36,000"
2024-03-30,0,3,Spring,1,0,1,미라시아,"(단체)브런치주중 36,000"
2024-03-31,0,3,Spring,1,0,1,미라시아,"(단체)브런치주중 36,000"
2024-04-01,47,4,Spring,0,0,0,미라시아,"(단체)브런치주중 36,000"
2024-04-02,117,4,Spring,0,0,0,미라시아,"(단체)브런치주중 36,000"
2024-04-03,35,4,Spring,0,0,0,미라시아,"(단체)브런치주중 36,000"
2024-04-04,36,4,Spring,0,0,0,미라시아,"(단체)브런치주중 36,000"
2024-04-05,0,4,Spring,0,0,0,미라시아,"(단체)브런치주중 36,000"
2024-04-06,0,4,Spring,1,0,1,미라시아,"(단체)브런치주중 36,000"
2024-04-07,0,4,Spring,1,0,1,미라시아,"(단체)브런치주중 36,000"
2024-04-08,37,4,Spring,0,0,0,미라시아,"(단체)브런치주중 36,000"
2024-04-09,35,4,Spring,0,0,0,미라시아,"(단체)브런치주중 36,000"
2024-04-10,0,4,Spring,0,1,1,미라시아,"(단체)브런치주중 36,000"
2024-04-11,0,4,Spring,0,0,0,미라시아,"(단체)브런치주중 36,000"
2024-04-12,45,4,Spring,0,0,0,미라시아,"(단체)브런치주중 36,000"
2024-04-13,0,4,Spring,1,0,1,미라시아,"(단체)브런치주중 36,000"
2024-04-14,0,4,Spring,1,0,1,미라시아,"(단체)브런치주중 36,000"
2024-04-15,0,4,Spring,0,0,0,미라시아,"(단체)브런치주중 36,000"
2024-04-16,0,4,Spring,0,0,0,미라시아,"(단체)브런치주중 36,000"
2024-04-17,57,4,Spring,0,0,0,미라시아,"(단체)브런치주중 36,000"
2024-04-18,0,4,Spring,0,0,0,미라시아,"(단체)브런치주중 36,000"
2024-04-19,0,4,Spring,0,0,0,미라시아,"(단체)브런치주중 36,000"
2024-04-20,0,4,Spring,1,0,1,미라시아,"(단체)브런치주중 36,000"
2024-04-21,0,4,Spring,1,0,1,미라시아,"(단체)브런치주중 36,000"
2024-04-22,0,4,Spring,0,0,0,미라시아,"(단체)브런치주중 36,000"
2024-04-23,158,4,Spring,0,0,0,미라시아,"(단체)브런치주중 36,000"
2024-04-24,0,4,Spring,0,0,0,미라시아,"(단체)브런치주중 36,000"
2024-04-25,168,4,Spring,0,0,0,미라시아,"(단체)브런치주중 36,000"
2024-04-26,183,4,Spring,0,0,0,미라시아,"(단체)브런치주중 36,000"
2024-04-27,0,4,Spring,1,0,1,미라시아,"(단체)브런치주중 36,000"
2024-04-28,0,4,Spring,1,0,1,미라시아,"(단체)브런치주중 36,000"
2024-04-29,0,4,Spring,0,0,0,미라시아,"(단체)브런치주중 36,000"
2024-04-30,42,4,Spring,0,0,0,미라시아,"(단체)브런치주중 36,000"
2024-05-01,75,5,Spring,0,0,0,미라시아,"(단체)브런치주중 36,000"
2024-05-02,0,5,Spring,0,0,0,미라시아,"(단체)브런치주중 36,000"
2024-05-03,4,5,Spring,0,0,0,미라시아,"(단체)브런치주중 36,000"
2024-05-04,4,5,Spring,1,0,1,미라시아,"(단체)브런치주중 36,000"
2024-05-05,10,5,Spring,1,1,1,미라시아,"(단체)브런치주중 36,000"
2024-05-06,0,5,Spring,0,1,1,미라시아,"(단체)브런치주중 36,000"
2024-05-07,81,5,Spring,0,0,0,미라시아,"(단체)브런치주중 36,000"
2024-05-08,51,5,Spring,0,0,0,미라시아,"(단체)브런치주중 36,000"
2024-05-09,0,5,Spring,0,0,0,미라시아,"(단체)브런치주중 36,000"
2024-05-10,3,5,Spring,0,0,0,미라시아,"(단체)브런치주중 36,000"
2024-05-11,0,5,Spring,1,0,1,미라시아,"(단체)브런치주중 36,000"
2024-05-12,0,5,Spring,1,0,1,미라시아,"(단체)브런치주중 36,000"
2024-05-13,0,5,Spring,0,0,0,미라시아,"(단체)브런치주중 36,000"
2024-05-14,0,5,Spring,0,0,0,미라시아,"(단체)브런치주중 36,000"
2024-05-15,0,5,Spring,0,1,1,미라시아,"(단체)브런치주중 36,000"
2024-05-16,0,5,Spring,0,0,0,미라시아,"(단체)브런치주중 36,000"
2024-05-17,60,5,Spring,0,0,0,미라시아,"(단체)브런치주중 36,000"
2024-05-18,0,5,Spring,1,0,1,미라시아,"(단체)브런치주중 36,000"
2024-05-19,0,5,Spring,1,0,1,미라시아,"(단체)브런치주중 36,000"
2024-05-20,0,5,Spring,0,0,0,미라시아,"(단체)브런치주중 36,000"
2024-05-21,0,5,Spring,0,0,0,미라시아,"(단체)브런치주중 36,000"
2024-05-22,0,5,Spring,0,0,0,미라시아,"(단체)브런치주중 36,000"
2024-05-23,25,5,Spring,0,0,0,미라시아,"(단체)브런치주중 36,000"
2024-05-24,45,5,Spring,0,0,0,미라시아,"(단체)브런치주중 36,000"
2024-05-25,0,5,Spring,1,0,1,미라시아,"(단체)브런치주중 36,000"
2024-05-26,0,5,Spring,1,0,1,미라시아,"(단체)브런치주중 36,000"
2024-05-27,3,5,Spring,0,0,0,미라시아,"(단체)브런치주중 36,000"
2024-05-28,95,5,Spring,0,0,0,미라시아,"(단체)브런치주중 36,000"
2024-05-29,139,5,Spring,0,0,0,미라시아,"(단체)브런치주중 36,000"
2024-05-30,164,5,Spring,0,0,0,미라시아,"(단체)브런치주중 36,000"
2024-05-31,101,5,Spring,0,0,0,미라시아,"(단체)브런치주중 36,000"
2024-06-01,0,6,Summer,1,0,1,미라시아,"(단체)브런치주중 36,000"
2024-06-02,0,6,Summer,1,0,1,미라시아,"(단체)브런치주중 36,000"
2024-06-03,0,6,Summer,0,0,0,미라시아,"(단체)브런치주중 36,000"
2024-06-04,97,6,Summer,0,0,0,미라시아,"(단체)브런치주중 36,000"
2024-06-05,0,6,Summer,0,0,0,미라시아,"(단체)브런치주중 36,000"
2024-06-06,0,6,Summer,0,1,1,미라시아,"(단체)브런치주중 36,000"
2024-06-07,72,6,Summer,0,0,0,미라시아,"(단체)브런치주중 36,000"
2024-06-08,0,6,Summer,1,0,1,미라시아,"(단체)브런치주중 36,000"
2024-06-09,0,6,Summer,1,0,1,미라시아,"(단체)브런치주중 36,000"
2024-06-10,15,6,Summer,0,0,0,미라시아,"(단체)브런치주중 36,000"
2024-06-11,24,6,Summer,0,0,0,미라시아,"(단체)브런치주중 36,000"
2024-06-12,65,6,Summer,0,0,0,미라시아,"(단체)브런치주중 36,000"
2024-06-13,17,6,Summer,0,0,0,미라시아,"(단체)브런치주중 36,000"
2024-06-14,32,6,Summer,0,0,0,미라시아,"(단체)브런치주중 36,000"
2024-06-15,0,6,Summer,1,0,1,미라시아,"(단체)브런치주중 36,000"
2023-01-01,0,1,Winter,1,1,1,미라시아,(오븐) 하와이안 쉬림프 피자
2023-01-02,0,1,Winter,0,0,0,미라시아,(오븐) 하와이안 쉬림프 피자
2023-01-03,0,1,Winter,0,0,0,미라시아,(오븐) 하와이안 쉬림프 피자
2023-01-04,0,1,Winter,0,0,0,미라시아,(오븐) 하와이안 쉬림프 피자
2023-01-05,0,1,Winter,0,0,0,미라시아,(오븐) 하와이안 쉬림프 피자
2023-01-06,0,1,Winter,0,0,0,미라시아,(오븐) 하와이안 쉬림프 피자
2023-01-07,0,1,Winter,1,0,1,미라시아,(오븐) 하와이안 쉬림프 피자
2023-01-08,0,1,Winter,1,0,1,미라시아,(오븐) 하와이안 쉬림프 피자
2023-01-09,0,1,Winter,0,0,0,미라시아,(오븐) 하와이안 쉬림프 피자
2023-01-10,0,1,Winter,0,0,0,미라시아,(오븐) 하와이안 쉬림프 피자
2023-01-11,0,1,Winter,0,0,0,미라시아,(오븐) 하와이안 쉬림프 피자
2023-01-12,0,1,Winter,0,0,0,미라시아,(오븐) 하와이안 쉬림프 피자
2023-01-13,0,1,Winter,0,0,0,미라시아,(오븐) 하와이안 쉬림프 피자
2023-01-14,0,1,Winter,1,0,1,미라시아,(오븐) 하와이안 쉬림프 피자
2023-01-15,0,1,Winter,1,0,1,미라시아,(오븐) 하와이안 쉬림프 피자
2023-01-16,0,1,Winter,0,0,0,미라시아,(오븐) 하와이안 쉬림프 피자
2023-01-17,0,1,Winter,0,0,0,미라시아,(오븐) 하와이안 쉬림프 피자
2023-01-18,0,1,Winter,0,0,0,미라시아,(오븐) 하와이안 쉬림프 피자
2023-01-19,0,1,Winter,0,0,0,미라시아,(오븐) 하와이안 쉬림프 피자
2023-01-20,0,1,Winter,0,0,0,미라시아,(오븐) 하와이안 쉬림프 피자
2023-01-21,0,1,Winter,1,1,1,미라시아,(오븐) 하와이안 쉬림프 피자
2023-01-22,0,1,Winter,1,1,1,미라시아,(오븐) 하와이안 쉬림프 피자
2023-01-23,0,1,Winter,0,1,1,미라시아,(오븐) 하와이안 쉬림프 피자
2023-01-24,0,1,Winter,0,1,1,미라시아,(오븐) 하와이안 쉬림프 피자
2023-01-25,0,1,Winter,0,0,0,미라시아,(오븐) 하와이안 쉬림프 피자
2023-01-26,0,1,Winter,0,0,0,미라시아,(오븐) 하와이안 쉬림프 피자
2023-01-27,0,1,Winter,0,0,0,미라시아,(오븐) 하와이안 쉬림프 피자
2023-01-28,0,1,Winter,1,0,1,미라시아,(오븐) 하와이안 쉬림프 피자
2023-01-29,0,1,Winter,1,0,1,미라시아,(오븐) 하와이안 쉬림프 피자
2023-01-30,0,1,Winter,0,0,0,미라시아,(오븐) 하와이안 쉬림프 피자
2023-01-31,0,1,Winter,0,0,0,미라시아,(오븐) 하와이안 쉬림프 피자
2023-02-01,0,2,Winter,0,0,0,미라시아,(오븐) 하와이안 쉬림프 피자
2023-02-02,0,2,Winter,0,0,0,미라시아,(오븐) 하와이안 쉬림프 피자
2023-02-03,0,2,Winter,0,0,0,미라시아,(오븐) 하와이안 쉬림프 피자
2023-02-04,0,2,Winter,1,0,1,미라시아,(오븐) 하와이안 쉬림프 피자
2023-02-05,0,2,Winter,1,0,1,미라시아,(오븐) 하와이안 쉬림프 피자
2023-02-06,0,2,Winter,0,0,0,미라시아,(오븐) 하와이안 쉬림프 피자
2023-02-07,0,2,Winter,0,0,0,미라시아,(오븐) 하와이안 쉬림프 피자
2023-02-08,0,2,Winter,0,0,0,미라시아,(오븐) 하와이안 쉬림프 피자
2023-02-09,0,2,Winter,0,0,0,미라시아,(오븐) 하와이안 쉬림프 피자
2023-02-10,0,2,Winter,0,0,0,미라시아,(오븐) 하와이안 쉬림프 피자
2023-02-11,0,2,Winter,1,0,1,미라시아,(오븐) 하와이안 쉬림프 피자
2023-02-12,0,2,Winter,1,0,1,미라시아,(오븐) 하와이안 쉬림프 피자
2023-02-13,0,2,Winter,0,0,0,미라시아,(오븐) 하와이안 쉬림프 피자
2023-02-14,0,2,Winter,0,0,0,미라시아,(오븐) 하와이안 쉬림프 피자
2023-02-15,0,2,Winter,0,0,0,미라시아,(오븐) 하와이안 쉬림프 피자
2023-02-16,0,2,Winter,0,0,0,미라시아,(오븐) 하와이안 쉬림프 피자
2023-02-17,0,2,Winter,0,0,0,미라시아,(오븐) 하와이안 쉬림프 피자
2023-02-18,0,2,Winter,1,0,1,미라시아,(오븐) 하와이안 쉬림프 피자
2023-02-19,0,2,Winter,1,0,1,미라시아,(오븐) 하와이안 쉬림프 피자
2023-02-20,0,2,Winter,0,0,0,미라시아,(오븐) 하와이안 쉬림프 피자
2023-02-21,0,2,Winter,0,0,0,미라시아,(오븐) 하와이안 쉬림프 피자
2023-02-22,0,2,Winter,0,0,0,미라시아,(오븐) 하와이안 쉬림프 피자
2023-02-23,0,2,Winter,0,0,0,미라시아,(오븐) 하와이안 쉬림프 피자
2023-02-24,0,2,Winter,0,0,0,미라시아,(오븐) 하와이안 쉬림프 피자
2023-02-25,0,2,Winter,1,0,1,미라시아,(오븐) 하와이안 쉬림프 피자
2023-02-26,0,2,Winter,1,0,1,미라시아,(오븐) 하와이안 쉬림프 피자
2023-02-27,0,2,Winter,0,0,0,미라시아,(오븐) 하와이안 쉬림프 피자
2023-02-28,0,2,Winter,0,0,0,미라시아,(오븐) 하와이안 쉬림프 피자
2023-03-01,0,3,Spring,0,1,1,미라시아,(오븐) 하와이안 쉬림프 피자
2023-03-02,0,3,Spring,0,0,0,미라시아,(오븐) 하와이안 쉬림프 피자
2023-03-03,0,3,Spring,0,0,0,미라시아,(오븐) 하와이안 쉬림프 피자
2023-03-04,0,3,Spring,1,0,1,미라시아,(오븐) 하와이안 쉬림프 피자
2023-03-05,0,3,Spring,1,0,1,미라시아,(오븐) 하와이안 쉬림프 피자
2023-03-06,0,3,Spring,0,0,0,미라시아,(오븐) 하와이안 쉬림프 피자
2023-03-07,0,3,Spring,0,0,0,미라시아,(오븐) 하와이안 쉬림프 피자
2023-03-08,0,3,Spring,0,0,0,미라시아,(오븐) 하와이안 쉬림프 피자
2023-03-09,0,3,Spring,0,0,0,미라시아,(오븐) 하와이안 쉬림프 피자
2023-03-10,0,3,Spring,0,0,0,미라시아,(오븐) 하와이안 쉬림프 피자
2023-03-11,0,3,Spring,1,0,1,미라시아,(오븐) 하와이안 쉬림프 피자
2023-03-12,0,3,Spring,1,0,1,미라시아,(오븐) 하와이안 쉬림프 피자
2023-03-13,0,3,Spring,0,0,0,미라시아,(오븐) 하와이안 쉬림프 피자
2023-03-14,0,3,Spring,0,0,0,미라시아,(오븐) 하와이안 쉬림프 피자
2023-03-15,0,3,Spring,0,0,0,미라시아,(오븐) 하와이안 쉬림프 피자
2023-03-16,0,3,Spring,0,0,0,미라시아,(오븐) 하와이안 쉬림프 피자
2023-03-17,0,3,Spring,0,0,0,미라시아,(오븐) 하와이안 쉬림프 피자
2023-03-18,0,3,Spring,1,0,1,미라시아,(오븐) 하와이안 쉬림프 피자
2023-03-19,0,3,Spring,1,0,1,미라시아,(오븐) 하와이안 쉬림프 피자
2023-03-20,0,3,Spring,0,0,0,미라시아,(오븐) 하와이안 쉬림프 피자
2023-03-21,0,3,Spring,0,0,0,미라시아,(오븐) 하와이안 쉬림프 피자
2023-03-22,0,3,Spring,0,0,0,미라시아,(오븐) 하와이안 쉬림프 피자
2023-03-23,0,3,Spring,0,0,0,미라시아,(오븐) 하와이안 쉬림프 피자
2023-03-24,0,3,Spring,0,0,0,미라시아,(오븐) 하와이안 쉬림프 피자
2023-03-25,0,3,Spring,1,0,1,미라시아,(오븐) 하와이안 쉬림프 피자
2023-03-26,0,3,Spring,1,0,1,미라시아,(오븐) 하와이안 쉬림프 피자
2023-03-27,0,3,Spring,0,0,0,미라시아,(오븐) 하와이안 쉬림프 피자
2023-03-28,0,3,Spring,0,0,0,미라시아,(오븐) 하와이안 쉬림프 피자
2023-03-29,0,3,Spring,0,0,0,미라시아,(오븐) 하와이안 쉬림프 피자
2023-03-30,0,3,Spring,0,0,0,미라시아,(오븐) 하와이안 쉬림프 피자
2023-03-31,0,3,Spring,0,0,0,미라시아,(오븐) 하와이안 쉬림프 피자
2023-04-01,0,4,Spring,1,0,1,미라시아,(오븐) 하와이안 쉬림프 피자
2023-04-02,0,4,Spring,1,0,1,미라시아,(오븐) 하와이안 쉬림프 피자
2023-04-03,0,4,Spring,0,0,0,미라시아,(오븐) 하와이안 쉬림프 피자
2023-04-04,0,4,Spring,0,0,0,미라시아,(오븐) 하와이안 쉬림프 피자
2023-04-05,0,4,Spring,0,0,0,미라시아,(오븐) 하와이안 쉬림프 피자
2023-04-06,0,4,Spring,0,0,0,미라시아,(오븐) 하와이안 쉬림프 피자
2023-04-07,0,4,Spring,0,0,0,미라시아,(오븐) 하와이안 쉬림프 피자
2023-04-08,0,4,Spring,1,0,1,미라시아,(오븐) 하와이안 쉬림프 피자
2023-04-09,0,4,Spring,1,0,1,미라시아,(오븐) 하와이안 쉬림프 피자
2023-04-10,0,4,Spring,0,0,0,미라시아,(오븐) 하와이안 쉬림프 피자
2023-04-11,0,4,Spring,0,0,0,미라시아,(오븐) 하와이안 쉬림프 피자
2023-04-12,0,4,Spring,0,0,0,미라시아,(오븐) 하와이안 쉬림프 피자
2023-04-13,0,4,Spring,0,0,0,미라시아,(오븐) 하와이안 쉬림프 피자
2023-04-14,0,4,Spring,0,0,0,미라시아,(오븐) 하와이안 쉬림프 피자
2023-04-15,0,4,Spring,1,0,1,미라시아,(오븐) 하와이안 쉬림프 피자
2023-04-16,0,4,Spring,1,0,1,미라시아,(오븐) 하와이안 쉬림프 피자
2023-04-17,0,4,Spring,0,0,0,미라시아,(오븐) 하와이안 쉬림프 피자
2023-04-18,0,4,Spring,0,0,0,미라시아,(오븐) 하와이안 쉬림프 피자
2023-04-19,0,4,Spring,0,0,0,미라시아,(오븐) 하와이안 쉬림프 피자
2023-04-20,0,4,Spring,0,0,0,미라시아,(오븐) 하와이안 쉬림프 피자
2023-04-21,0,4,Spring,0,0,0,미라시아,(오븐) 하와이안 쉬림프 피자
2023-04-22,0,4,Spring,1,0,1,미라시아,(오븐) 하와이안 쉬림프 피자
2023-04-23,0,4,Spring,1,0,1,미라시아,(오븐) 하와이안 쉬림프 피자
2023-04-24,0,4,Spring,0,0,0,미라시아,(오븐) 하와이안 쉬림프 피자
2023-04-25,0,4,Spring,0,0,0,미라시아,(오븐) 하와이안 쉬림프 피자
2023-04-26,0,4,Spring,0,0,0,미라시아,(오븐) 하와이안 쉬림프 피자
2023-04-27,0,4,Spring,0,0,0,미라시아,(오븐) 하와이안 쉬림프 피자
2023-04-28,0,4,Spring,0,0,0,미라시아,(오븐) 하와이안 쉬림프 피자
2023-04-29,0,4,Spring,1,0,1,미라시아,(오븐) 하와이안 쉬림프 피자
2023-04-30,0,4,Spring,1,0,1,미라시아,(오븐) 하와이안 쉬림프 피자
2023-05-01,0,5,Spring,0,0,0,미라시아,(오븐) 하와이안 쉬림프 피자
2023-05-02,0,5,Spring,0,0,0,미라시아,(오븐) 하와이안 쉬림프 피자
2023-05-03,0,5,Spring,0,0,0,미라시아,(오븐) 하와이안 쉬림프 피자
2023-05-04,0,5,Spring,0,0,0,미라시아,(오븐) 하와이안 쉬림프 피자
2023-05-05,0,5,Spring,0,1,1,미라시아,(오븐) 하와이안 쉬림프 피자
2023-05-06,0,5,Spring,1,0,1,미라시아,(오븐) 하와이안 쉬림프 피자
2023-05-07,0,5,Spring,1,0,1,미라시아,(오븐) 하와이안 쉬림프 피자
2023-05-08,0,5,Spring,0,0,0,미라시아,(오븐) 하와이안 쉬림프 피자
2023-05-09,0,5,Spring,0,0,0,미라시아,(오븐) 하와이안 쉬림프 피자
2023-05-10,0,5,Spring,0,0,0,미라시아,(오븐) 하와이안 쉬림프 피자
2023-05-11,0,5,Spring,0,0,0,미라시아,(오븐) 하와이안 쉬림프 피자
2023-05-12,0,5,Spring,0,0,0,미라시아,(오븐) 하와이안 쉬림프 피자
2023-05-13,0,5,Spring,1,0,1,미라시아,(오븐) 하와이안 쉬림프 피자
2023-05-14,0,5,Spring,1,0,1,미라시아,(오븐) 하와이안 쉬림프 피자
2023-05-15,0,5,Spring,0,0,0,미라시아,(오븐) 하와이안 쉬림프 피자
2023-05-16,0,5,Spring,0,0,0,미라시아,(오븐) 하와이안 쉬림프 피자
2023-05-17,0,5,Spring,0,0,0,미라시아,(오븐) 하와이안 쉬림프 피자
2023-05-18,0,5,Spring,0,0,0,미라시아,(오븐) 하와이안 쉬림프 피자
2023-05-19,0,5,Spring,0,0,0,미라시아,(오븐) 하와이안 쉬림프 피자
2023-05-20,0,5,Spring,1,0,1,미라시아,(오븐) 하와이안 쉬림프 피자
2023-05-21,0,5,Spring,1,0,1,미라시아,(오븐) 하와이안 쉬림프 피자
2023-05-22,0,5,Spring,0,0,0,미라시아,(오븐) 하와이안 쉬림프 피자
2023-05-23,0,5,Spring,0,0,0,미라시아,(오븐) 하와이안 쉬림프 피자
2023-05-24,0,5,Spring,0,0,0,미라시아,(오븐) 하와이안 쉬림프 피자
2023-05-25,0,5,Spring,0,0,0,미라시아,(오븐) 하와이안 쉬림프 피자
2023-05-26,0,5,Spring,0,0,0,미라시아,(오븐) 하와이안 쉬림프 피자
2023-05-27,0,5,Spring,1,1,1,미라시아,(오븐) 하와이안 쉬림프 피자
2023-05-28,0,5,Spring,1,0,1,미라시아,(오븐) 하와이안 쉬림프 피자
2023-05-29,0,5,Spring,0,1,1,미라시아,(오븐) 하와이안 쉬림프 피자
2023-05-30,0,5,Spring,0,0,0,미라시아,(오븐) 하와이안 쉬림프 피자
2023-05-31,0,5,Spring,0,0,0,미라시아,(오븐) 하와이안 쉬림프 피자
2023-06-01,0,6,Summer,0,0,0,미라시아,(오븐) 하와이안 쉬림프 피자
2023-06-02,0,6,Summer,0,0,0,미라시아,(오븐) 하와이안 쉬림프 피자
2023-06-03,0,6,Summer,1,0,1,미라시아,(오븐) 하와이안 쉬림프 피자
2023-06-04,0,6,Summer,1,0,1,미라시아,(오븐) 하와이안 쉬림프 피자
2023-06-05,0,6,Summer,0,0,0,미라시아,(오븐) 하와이안 쉬림프 피자
2023-06-06,0,6,Summer,0,1,1,미라시아,(오븐) 하와이안 쉬림프 피자
2023-06-07,0,6,Summer,0,0,0,미라시아,(오븐) 하와이안 쉬림프 피자
2023-06-08,0,6,Summer,0,0,0,미라시아,(오븐) 하와이안 쉬림프 피자
2023-06-09,0,6,Summer,0,0,0,미라시아,(오븐) 하와이안 쉬림프 피자
2023-06-10,0,6,Summer,1,0,1,미라시아,(오븐) 하와이안 쉬림프 피자
2023-06-11,0,6,Summer,1,0,1,미라시아,(오븐) 하와이안 쉬림프 피자
2023-06-12,0,6,Summer,0,0,0,미라시아,(오븐) 하와이안 쉬림프 피자
2023-06-13,0,6,Summer,0,0,0,미라시아,(오븐) 하와이안 쉬림프 피자
2023-06-14,0,6,Summer,0,0,0,미라시아,(오븐) 하와이안 쉬림프 피자
2023-06-15,0,6,Summer,0,0,0,미라시아,(오븐) 하와이안 쉬림프 피자
2023-06-16,0,6,Summer,0,0,0,미라시아,(오븐) 하와이안 쉬림프 피자
2023-06-17,0,6,Summer,1,0,1,미라시아,(오븐) 하와이안 쉬림프 피자
2023-06-18,0,6,Summer,1,0,1,미라시아,(오븐) 하와이안 쉬림프 피자
2023-06-19,0,6,Summer,0,0,0,미라시아,(오븐) 하와이안 쉬림프 피자
2023-06-20,0,6,Summer,0,0,0,미라시아,(오븐) 하와이안 쉬림프 피자
2023-06-21,0,6,Summer,0,0,0,미라시아,(오븐) 하와이안 쉬림프 피자
2023-06-22,0,6,Summer,0,0,0,미라시아,(오븐) 하와이안 쉬림프 피자
2023-06-23,0,6,Summer,0,0,0,미라시아,(오븐) 하와이안 쉬림프 피자
2023-06-24,0,6,Summer,1,0,1,미라시아,(오븐) 하와이안 쉬림프 피자
2023-06-25,0,6,Summer,1,0,1,미라시아,(오븐) 하와이안 쉬림프 피자
2023-06-26,0,6,Summer,0,0,0,미라시아,(오븐) 하와이안 쉬림프 피자
2023-06-27,0,6,Summer,0,0,0,미라시아,(오븐) 하와이안 쉬림프 피자
2023-06-28,0,6,Summer,0,0,0,미라시아,(오븐) 하와이안 쉬림프 피자
2023-06-29,0,6,Summer,0,0,0,미라시아,(오븐) 하와이안 쉬림프 피자
2023-06-30,0,6,Summer,0,0,0,미라시아,(오븐) 하와이안 쉬림프 피자
2023-07-01,0,7,Summer,1,0,1,미라시아,(오븐) 하와이안 쉬림프 피자
2023-07-02,0,7,Summer,1,0,1,미라시아,(오븐) 하와이안 쉬림프 피자
2023-07-03,0,7,Summer,0,0,0,미라시아,(오븐) 하와이안 쉬림프 피자
2023-07-04,0,7,Summer,0,0,0,미라시아,(오븐) 하와이안 쉬림프 피자
2023-07-05,0,7,Summer,0,0,0,미라시아,(오븐) 하와이안 쉬림프 피자
2023-07-06,0,7,Summer,0,0,0,미라시아,(오븐) 하와이안 쉬림프 피자
2023-07-07,0,7,Summer,0,0,0,미라시아,(오븐) 하와이안 쉬림프 피자
2023-07-08,0,7,Summer,1,0,1,미라시아,(오븐) 하와이안 쉬림프 피자
2023-07-09,0,7,Summer,1,0,1,미라시아,(오븐) 하와이안 쉬림프 피자
2023-07-10,0,7,Summer,0,0,0,미라시아,(오븐) 하와이안 쉬림프 피자
2023-07-11,0,7,Summer,0,0,0,미라시아,(오븐) 하와이안 쉬림프 피자
2023-07-12,0,7,Summer,0,0,0,미라시아,(오븐) 하와이안 쉬림프 피자
2023-07-13,0,7,Summer,0,0,0,미라시아,(오븐) 하와이안 쉬림프 피자
2023-07-14,0,7,Summer,0,0,0,미라시아,(오븐) 하와이안 쉬림프 피자
2023-07-15,0,7,Summer,1,0,1,미라시아,(오븐) 하와이안 쉬림프 피자
2023-07-16,0,7,Summer,1,0,1,미라시아,(오븐) 하와이안 쉬림프 피자
2023-07-17,0,7,Summer,0,0,0,미라시아,(오븐) 하와이안 쉬림프 피자
2023-07-18,0,7,Summer,0,0,0,미라시아,(오븐) 하와이안 쉬림프 피자
2023-07-19,0,7,Summer,0,0,0,미라시아,(오븐) 하와이안 쉬림프 피자
2023-07-20,0,7,Summer,0,0,0,미라시아,(오븐) 하와이안 쉬림프 피자
2023-07-21,0,7,Summer,0,0,0,미라시아,(오븐) 하와이안 쉬림프 피자
2023-07-22,0,7,Summer,1,0,1,미라시아,(오븐) 하와이안 쉬림프 피자
2023-07-23,0,7,Summer,1,0,1,미라시아,(오븐) 하와이안 쉬림프 피자
2023-07-24,0,7,Summer,0,0,0,미라시아,(오븐) 하와이안 쉬림프 피자
2023-07-25,0,7,Summer,0,0,0,미라시아,(오븐) 하와이안 쉬림프 피자
2023-07-26,0,7,Summer,0,0,0,미라시아,(오븐) 하와이안 쉬림프 피자
2023-07-27,0,7,Summer,0,0,0,미라시아,(오븐) 하와이안 쉬림프 피자
2023-07-28,0,7,Summer,0,0,0,미라시아,(오븐) 하와이안 쉬림프 피자
2023-07-29,0,7,Summer,1,0,1,미라시아,(오븐) 하와이안 쉬림프 피자
2023-07-30,0,7,Summer,1,0,1,미라시아,(오븐) 하와이안 쉬림프 피자
2023-07-31,0,7,Summer,0,0,0,미라시아,(오븐) 하와이안 쉬림프 피자
2023-08-01,0,8,Summer,0,0,0,미라시아,(오븐) 하와이안 쉬림프 피자
2023-08-02,0,8,Summer,0,0,0,미라시아,(오븐) 하와이안 쉬림프 피자
2023-08-03,0,8,Summer,0,0,0,미라시아,(오븐) 하와이안 쉬림프 피자
2023-08-04,0,8,Summer,0,0,0,미라시아,(오븐) 하와이안 쉬림프 피자
2023-08-05,0,8,Summer,1,0,1,미라시아,(오븐) 하와이안 쉬림프 피자
2023-08-06,0,8,Summer,1,0,1,미라시아,(오븐) 하와이안 쉬림프 피자
2023-08-07,0,8,Summer,0,0,0,미라시아,(오븐) 하와이안 쉬림프 피자
2023-08-08,0,8,Summer,0,0,0,미라시아,(오븐) 하와이안 쉬림프 피자
2023-08-09,0,8,Summer,0,0,0,미라시아,(오븐) 하와이안 쉬림프 피자
2023-08-10,0,8,Summer,0,0,0,미라시아,(오븐) 하와이안 쉬림프 피자
2023-08-11,0,8,Summer,0,0,0,미라시아,(오븐) 하와이안 쉬림프 피자
2023-08-12,0,8,Summer,1,0,1,미라시아,(오븐) 하와이안 쉬림프 피자
2023-08-13,0,8,Summer,1,0,1,미라시아,(오븐) 하와이안 쉬림프 피자
2023-08-14,0,8,Summer,0,0,0,미라시아,(오븐) 하와이안 쉬림프 피자
2023-08-15,0,8,Summer,0,1,1,미라시아,(오븐) 하와이안 쉬림프 피자
2023-08-16,0,8,Summer,0,0,0,미라시아,(오븐) 하와이안 쉬림프 피자
2023-08-17,0,8,Summer,0,0,0,미라시아,(오븐) 하와이안 쉬림프 피자
2023-08-18,0,8,Summer,0,0,0,미라시아,(오븐) 하와이안 쉬림프 피자
2023-08-19,0,8,Summer,1,0,1,미라시아,(오븐) 하와이안 쉬림프 피자
2023-08-20,0,8,Summer,1,0,1,미라시아,(오븐) 하와이안 쉬림프 피자
2023-08-21,0,8,Summer,0,0,0,미라시아,(오븐) 하와이안 쉬림프 피자
2023-08-22,0,8,Summer,0,0,0,미라시아,(오븐) 하와이안 쉬림프 피자
2023-08-23,0,8,Summer,0,0,0,미라시아,(오븐) 하와이안 쉬림프 피자
2023-08-24,0,8,Summer,0,0,0,미라시아,(오븐) 하와이안 쉬림프 피자
2023-08-25,0,8,Summer,0,0,0,미라시아,(오븐) 하와이안 쉬림프 피자
2023-08-26,0,8,Summer,1,0,1,미라시아,(오븐) 하와이안 쉬림프 피자
2023-08-27,0,8,Summer,1,0,1,미라시아,(오븐) 하와이안 쉬림프 피자
2023-08-28,0,8,Summer,0,0,0,미라시아,(오븐) 하와이안 쉬림프 피자
2023-08-29,0,8,Summer,0,0,0,미라시아,(오븐) 하와이안 쉬림프 피자
2023-08-30,0,8,Summer,0,0,0,미라시아,(오븐) 하와이안 쉬림프 피자
2023-08-31,0,8,Summer,0,0,0,미라시아,(오븐) 하와이안 쉬림프 피자
2023-09-01,0,9,Autumn,0,0,0,미라시아,(오븐) 하와이안 쉬림프 피자
2023-09-02,0,9,Autumn,1,0,1,미라시아,(오븐) 하와이안 쉬림프 피자
2023-09-03,0,9,Autumn,1,0,1,미라시아,(오븐) 하와이안 쉬림프 피자
2023-09-04,0,9,Autumn,0,0,0,미라시아,(오븐) 하와이안 쉬림프 피자
2023-09-05,0,9,Autumn,0,0,0,미라시아,(오븐) 하와이안 쉬림프 피자
2023-09-06,0,9,Autumn,0,0,0,미라시아,(오븐) 하와이안 쉬림프 피자
2023-09-07,0,9,Autumn,0,0,0,미라시아,(오븐) 하와이안 쉬림프 피자
2023-09-08,0,9,Autumn,0,0,0,미라시아,(오븐) 하와이안 쉬림프 피자
2023-09-09,3,9,Autumn,1,0,1,미라시아,(오븐) 하와이안 쉬림프 피자
2023-09-10,0,9,Autumn,1,0,1,미라시아,(오븐) 하와이안 쉬림프 피자
2023-09-11,0,9,Autumn,0,0,0,미라시아,(오븐) 하와이안 쉬림프 피자
2023-09-12,0,9,Autumn,0,0,0,미라시아,(오븐) 하와이안 쉬림프 피자
2023-09-13,2,9,Autumn,0,0,0,미라시아,(오븐) 하와이안 쉬림프 피자
2023-09-14,2,9,Autumn,0,0,0,미라시아,(오븐) 하와이안 쉬림프 피자
2023-09-15,4,9,Autumn,0,0,0,미라시아,(오븐) 하와이안 쉬림프 피자
2023-09-16,2,9,Autumn,1,0,1,미라시아,(오븐) 하와이안 쉬림프 피자
2023-09-17,0,9,Autumn,1,0,1,미라시아,(오븐) 하와이안 쉬림프 피자
2023-09-18,0,9,Autumn,0,0,0,미라시아,(오븐) 하와이안 쉬림프 피자
2023-09-19,2,9,Autumn,0,0,0,미라시아,(오븐) 하와이안 쉬림프 피자
2023-09-20,2,9,Autumn,0,0,0,미라시아,(오븐) 하와이안 쉬림프 피자
2023-09-21,3,9,Autumn,0,0,0,미라시아,(오븐) 하와이안 쉬림프 피자
2023-09-22,1,9,Autumn,0,0,0,미라시아,(오븐) 하와이안 쉬림프 피자
2023-09-23,2,9,Autumn,1,0,1,미라시아,(오븐) 하와이안 쉬림프 피자
2023-09-24,1,9,Autumn,1,0,1,미라시아,(오븐) 하와이안 쉬림프 피자
2023-09-25,0,9,Autumn,0,0,0,미라시아,(오븐) 하와이안 쉬림프 피자
2023-09-26,0,9,Autumn,0,0,0,미라시아,(오븐) 하와이안 쉬림프 피자
2023-09-27,1,9,Autumn,0,0,0,미라시아,(오븐) 하와이안 쉬림프 피자
2023-09-28,5,9,Autumn,0,1,1,미라시아,(오븐) 하와이안 쉬림프 피자
2023-09-29,3,9,Autumn,0,1,1,미라시아,(오븐) 하와이안 쉬림프 피자
2023-09-30,3,9,Autumn,1,1,1,미라시아,(오븐) 하와이안 쉬림프 피자
2023-10-01,1,10,Autumn,1,0,1,미라시아,(오븐) 하와이안 쉬림프 피자
2023-10-02,3,10,Autumn,0,1,1,미라시아,(오븐) 하와이안 쉬림프 피자
2023-10-03,1,10,Autumn,0,1,1,미라시아,(오븐) 하와이안 쉬림프 피자
2023-10-04,0,10,Autumn,0,0,0,미라시아,(오븐) 하와이안 쉬림프 피자
2023-10-05,0,10,Autumn,0,0,0,미라시아,(오븐) 하와이안 쉬림프 피자
2023-10-06,0,10,Autumn,0,0,0,미라시아,(오븐) 하와이안 쉬림프 피자
2023-10-07,2,10,Autumn,1,0,1,미라시아,(오븐) 하와이안 쉬림프 피자
2023-10-08,3,10,Autumn,1,0,1,미라시아,(오븐) 하와이안 쉬림프 피자
2023-10-09,2,10,Autumn,0,1,1,미라시아,(오븐) 하와이안 쉬림프 피자
2023-10-10,3,10,Autumn,0,0,0,미라시아,(오븐) 하와이안 쉬림프 피자
2023-10-11,2,10,Autumn,0,0,0,미라시아,(오븐) 하와이안 쉬림프 피자
2023-10-12,0,10,Autumn,0,0,0,미라시아,(오븐) 하와이안 쉬림프 피자
2023-10-13,2,10,Autumn,0,0,0,미라시아,(오븐) 하와이안 쉬림프 피자
2023-10-14,2,10,Autumn,1,0,1,미라시아,(오븐) 하와이안 쉬림프 피자
2023-10-15,1,10,Autumn,1,0,1,미라시아,(오븐) 하와이안 쉬림프 피자
2023-10-16,2,10,Autumn,0,0,0,미라시아,(오븐) 하와이안 쉬림프 피자
2023-10-17,1,10,Autumn,0,0,0,미라시아,(오븐) 하와이안 쉬림프 피자
2023-10-18,0,10,Autumn,0,0,0,미라시아,(오븐) 하와이안 쉬림프 피자
2023-10-19,0,10,Autumn,0,0,0,미라시아,(오븐) 하와이안 쉬림프 피자
2023-10-20,0,10,Autumn,0,0,0,미라시아,(오븐) 하와이안 쉬림프 피자
2023-10-21,1,10,Autumn,1,0,1,미라시아,(오븐) 하와이안 쉬림프 피자
2023-10-22,3,10,Autumn,1,0,1,미라시아,(오븐) 하와이안 쉬림프 피자
2023-10-23,0,10,Autumn,0,0,0,미라시아,(오븐) 하와이안 쉬림프 피자
2023-10-24,1,10,Autumn,0,0,0,미라시아,(오븐) 하와이안 쉬림프 피자
2023-10-25,0,10,Autumn,0,0,0,미라시아,(오븐) 하와이안 쉬림프 피자
2023-10-26,1,10,Autumn,0,0,0,미라시아,(오븐) 하와이안 쉬림프 피자
2023-10-27,2,10,Autumn,0,0,0,미라시아,(오븐) 하와이안 쉬림프 피자
2023-10-28,2,10,Autumn,1,0,1,미라시아,(오븐) 하와이안 쉬림프 피자
2023-10-29,0,10,Autumn,1,0,1,미라시아,(오븐) 하와이안 쉬림프 피자
2023-10-30,3,10,Autumn,0,0,0,미라시아,(오븐) 하와이안 쉬림프 피자
2023-10-31,11,10,Autumn,0,0,0,미라시아,(오븐) 하와이안 쉬림프 피자
2023-11-01,1,11,Autumn,0,0,0,미라시아,(오븐) 하와이안 쉬림프 피자
2023-11-02,1,11,Autumn,0,0,0,미라시아,(오븐) 하와이안 쉬림프 피자
2023-11-03,2,11,Autumn,0,0,0,미라시아,(오븐) 하와이안 쉬림프 피자
2023-11-04,1,11,Autumn,1,0,1,미라시아,(오븐) 하와이안 쉬림프 피자
2023-11-05,1,11,Autumn,1,0,1,미라시아,(오븐) 하와이안 쉬림프 피자
2023-11-06,4,11,Autumn,0,0,0,미라시아,(오븐) 하와이안 쉬림프 피자
2023-11-07,1,11,Autumn,0,0,0,미라시아,(오븐) 하와이안 쉬림프 피자
2023-11-08,0,11,Autumn,0,0,0,미라시아,(오븐) 하와이안 쉬림프 피자
2023-11-09,1,11,Autumn,0,0,0,미라시아,(오븐) 하와이안 쉬림프 피자
2023-11-10,1,11,Autumn,0,0,0,미라시아,(오븐) 하와이안 쉬림프 피자
2023-11-11,4,11,Autumn,1,0,1,미라시아,(오븐) 하와이안 쉬림프 피자
2023-11-12,3,11,Autumn,1,0,1,미라시아,(오븐) 하와이안 쉬림프 피자
2023-11-13,0,11,Autumn,0,0,0,미라시아,(오븐) 하와이안 쉬림프 피자
2023-11-14,1,11,Autumn,0,0,0,미라시아,(오븐) 하와이안 쉬림프 피자
2023-11-15,2,11,Autumn,0,0,0,미라시아,(오븐) 하와이안 쉬림프 피자
2023-11-16,4,11,Autumn,0,0,0,미라시아,(오븐) 하와이안 쉬림프 피자
2023-11-17,3,11,Autumn,0,0,0,미라시아,(오븐) 하와이안 쉬림프 피자
2023-11-18,1,11,Autumn,1,0,1,미라시아,(오븐) 하와이안 쉬림프 피자
2023-11-19,1,11,Autumn,1,0,1,미라시아,(오븐) 하와이안 쉬림프 피자
2023-11-20,1,11,Autumn,0,0,0,미라시아,(오븐) 하와이안 쉬림프 피자
2023-11-21,0,11,Autumn,0,0,0,미라시아,(오븐) 하와이안 쉬림프 피자
2023-11-22,0,11,Autumn,0,0,0,미라시아,(오븐) 하와이안 쉬림프 피자
2023-11-23,1,11,Autumn,0,0,0,미라시아,(오븐) 하와이안 쉬림프 피자
2023-11-24,1,11,Autumn,0,0,0,미라시아,(오븐) 하와이안 쉬림프 피자
2023-11-25,4,11,Autumn,1,0,1,미라시아,(오븐) 하와이안 쉬림프 피자
2023-11-26,1,11,Autumn,1,0,1,미라시아,(오븐) 하와이안 쉬림프 피자
2023-11-27,0,11,Autumn,0,0,0,미라시아,(오븐) 하와이안 쉬림프 피자
2023-11-28,0,11,Autumn,0,0,0,미라시아,(오븐) 하와이안 쉬림프 피자
2023-11-29,0,11,Autumn,0,0,0,미라시아,(오븐) 하와이안 쉬림프 피자
2023-11-30,2,11,Autumn,0,0,0,미라시아,(오븐) 하와이안 쉬림프 피자
2023-12-01,1,12,Winter,0,0,0,미라시아,(오븐) 하와이안 쉬림프 피자
2023-12-02,1,12,Winter,1,0,1,미라시아,(오븐) 하와이안 쉬림프 피자
2023-12-03,0,12,Winter,1,0,1,미라시아,(오븐) 하와이안 쉬림프 피자
2023-12-04,0,12,Winter,0,0,0,미라시아,(오븐) 하와이안 쉬림프 피자
2023-12-05,2,12,Winter,0,0,0,미라시아,(오븐) 하와이안 쉬림프 피자
2023-12-06,1,12,Winter,0,0,0,미라시아,(오븐) 하와이안 쉬림프 피자
2023-12-07,0,12,Winter,0,0,0,미라시아,(오븐) 하와이안 쉬림프 피자
2023-12-08,0,12,Winter,0,0,0,미라시아,(오븐) 하와이안 쉬림프 피자
2023-12-09,4,12,Winter,1,0,1,미라시아,(오븐) 하와이안 쉬림프 피자
2023-12-10,2,12,Winter,1,0,1,미라시아,(오븐) 하와이안 쉬림프 피자
2023-12-11,10,12,Winter,0,0,0,미라시아,(오븐) 하와이안 쉬림프 피자
2023-12-12,1,12,Winter,0,0,0,미라시아,(오븐) 하와이안 쉬림프 피자
2023-12-13,0,12,Winter,0,0,0,미라시아,(오븐) 하와이안 쉬림프 피자
2023-12-14,1,12,Winter,0,0,0,미라시아,(오븐) 하와이안 쉬림프 피자
2023-12-15,0,12,Winter,0,0,0,미라시아,(오븐) 하와이안 쉬림프 피자
2023-12-16,2,12,Winter,1,0,1,미라시아,(오븐) 하와이안 쉬림프 피자
2023-12-17,1,12,Winter,1,0,1,미라시아,(오븐) 하와이안 쉬림프 피자
2023-12-18,1,12,Winter,0,0,0,미라시아,(오븐) 하와이안 쉬림프 피자
2023-12-19,0,12,Winter,0,0,0,미라시아,(오븐) 하와이안 쉬림프 피자
2023-12-20,1,12,Winter,0,0,0,미라시아,(오븐) 하와이안 쉬림프 피자
2023-12-21,0,12,Winter,0,0,0,미라시아,(오븐) 하와이안 쉬림프 피자
2023-12-22,1,12,Winter,0,0,0,미라시아,(오븐) 하와이안 쉬림프 피자
2023-12-23,5,12,Winter,1,0,1,미라시아,(오븐) 하와이안 쉬림프 피자
2023-12-24,1,12,Winter,1,0,1,미라시아,(오븐) 하와이안 쉬림프 피자
2023-12-25,3,12,Winter,0,1,1,미라시아,(오븐) 하와이안 쉬림프 피자
2023-12-26,2,12,Winter,0,0,0,미라시아,(오븐) 하와이안 쉬림프 피자
2023-12-27,1,12,Winter,0,0,0,미라시아,(오븐) 하와이안 쉬림프 피자
2023-12-28,2,12,Winter,0,0,0,미라시아,(오븐) 하와이안 쉬림프 피자
2023-12-29,3,12,Winter,0,0,0,미라시아,(오븐) 하와이안 쉬림프 피자
2023-12-30,3,12,Winter,1,0,1,미라시아,(오븐) 하와이안 쉬림프 피자
2023-12-31,4,12,Winter,1,0,1,미라시아,(오븐) 하와이안 쉬림프 피자
2024-01-01,2,1,Winter,0,1,1,미라시아,(오븐) 하와이안 쉬림프 피자
2024-01-02,2,1,Winter,0,0,0,미라시아,(오븐) 하와이안 쉬림프 피자
2024-01-03,3,1,Winter,0,0,0,미라시아,(오븐) 하와이안 쉬림프 피자
2024-01-04,3,1,Winter,0,0,0,미라시아,(오븐) 하와이안 쉬림프 피자
2024-01-05,0,1,Winter,0,0,0,미라시아,(오븐) 하와이안 쉬림프 피자
2024-01-06,1,1,Winter,1,0,1,미라시아,(오븐) 하와이안 쉬림프 피자
2024-01-07,1,1,Winter,1,0,1,미라시아,(오븐) 하와이안 쉬림프 피자
2024-01-08,1,1,Winter,0,0,0,미라시아,(오븐) 하와이안 쉬림프 피자
2024-01-09,3,1,Winter,0,0,0,미라시아,(오븐) 하와이안 쉬림프 피자
2024-01-10,0,1,Winter,0,0,0,미라시아,(오븐) 하와이안 쉬림프 피자
2024-01-11,1,1,Winter,0,0,0,미라시아,(오븐) 하와이안 쉬림프 피자
2024-01-12,1,1,Winter,0,0,0,미라시아,(오븐) 하와이안 쉬림프 피자
2024-01-13,5,1,Winter,1,0,1,미라시아,(오븐) 하와이안 쉬림프 피자
2024-01-14,2,1,Winter,1,0,1,미라시아,(오븐) 하와이안 쉬림프 피자
2024-01-15,1,1,Winter,0,0,0,미라시아,(오븐) 하와이안 쉬림프 피자
2024-01-16,4,1,Winter,0,0,0,미라시아,(오븐) 하와이안 쉬림프 피자
2024-01-17,0,1,Winter,0,0,0,미라시아,(오븐) 하와이안 쉬림프 피자
2024-01-18,3,1,Winter,0,0,0,미라시아,(오븐) 하와이안 쉬림프 피자
2024-01-19,1,1,Winter,0,0,0,미라시아,(오븐) 하와이안 쉬림프 피자
2024-01-20,2,1,Winter,1,0,1,미라시아,(오븐) 하와이안 쉬림프 피자
2024-01-21,2,1,Winter,1,0,1,미라시아,(오븐) 하와이안 쉬림프 피자
2024-01-22,2,1,Winter,0,0,0,미라시아,(오븐) 하와이안 쉬림프 피자
2024-01-23,2,1,Winter,0,0,0,미라시아,(오븐) 하와이안 쉬림프 피자
2024-01-24,2,1,Winter,0,0,0,미라시아,(오븐) 하와이안 쉬림프 피자
2024-01-25,0,1,Winter,0,0,0,미라시아,(오븐) 하와이안 쉬림프 피자
2024-01-26,1,1,Winter,0,0,0,미라시아,(오븐) 하와이안 쉬림프 피자
2024-01-27,2,1,Winter,1,0,1,미라시아,(오븐) 하와이안 쉬림프 피자
2024-01-28,1,1,Winter,1,0,1,미라시아,(오븐) 하와이안 쉬림프 피자
2024-01-29,1,1,Winter,0,0,0,미라시아,(오븐) 하와이안 쉬림프 피자
2024-01-30,0,1,Winter,0,0,0,미라시아,(오븐) 하와이안 쉬림프 피자
2024-01-31,0,1,Winter,0,0,0,미라시아,(오븐) 하와이안 쉬림프 피자
2024-02-01,1,2,Winter,0,0,0,미라시아,(오븐) 하와이안 쉬림프 피자
2024-02-02,0,2,Winter,0,0,0,미라시아,(오븐) 하와이안 쉬림프 피자
2024-02-03,0,2,Winter,1,0,1,미라시아,(오븐) 하와이안 쉬림프 피자
2024-02-04,6,2,Winter,1,0,1,미라시아,(오븐) 하와이안 쉬림프 피자
2024-02-05,0,2,Winter,0,0,0,미라시아,(오븐) 하와이안 쉬림프 피자
2024-02-06,2,2,Winter,0,0,0,미라시아,(오븐) 하와이안 쉬림프 피자
2024-02-07,1,2,Winter,0,0,0,미라시아,(오븐) 하와이안 쉬림프 피자
2024-02-08,2,2,Winter,0,0,0,미라시아,(오븐) 하와이안 쉬림프 피자
2024-02-09,1,2,Winter,0,1,1,미라시아,(오븐) 하와이안 쉬림프 피자
2024-02-10,1,2,Winter,1,1,1,미라시아,(오븐) 하와이안 쉬림프 피자
2024-02-11,5,2,Winter,1,1,1,미라시아,(오븐) 하와이안 쉬림프 피자
2024-02-12,1,2,Winter,0,1,1,미라시아,(오븐) 하와이안 쉬림프 피자
2024-02-13,0,2,Winter,0,0,0,미라시아,(오븐) 하와이안 쉬림프 피자
2024-02-14,0,2,Winter,0,0,0,미라시아,(오븐) 하와이안 쉬림프 피자
2024-02-15,0,2,Winter,0,0,0,미라시아,(오븐) 하와이안 쉬림프 피자
2024-02-16,6,2,Winter,0,0,0,미라시아,(오븐) 하와이안 쉬림프 피자
2024-02-17,0,2,Winter,1,0,1,미라시아,(오븐) 하와이안 쉬림프 피자
2024-02-18,3,2,Winter,1,0,1,미라시아,(오븐) 하와이안 쉬림프 피자
2024-02-19,3,2,Winter,0,0,0,미라시아,(오븐) 하와이안 쉬림프 피자
2024-02-20,0,2,Winter,0,0,0,미라시아,(오븐) 하와이안 쉬림프 피자
2024-02-21,2,2,Winter,0,0,0,미라시아,(오븐) 하와이안 쉬림프 피자
2024-02-22,0,2,Winter,0,0,0,미라시아,(오븐) 하와이안 쉬림프 피자
2024-02-23,0,2,Winter,0,0,0,미라시아,(오븐) 하와이안 쉬림프 피자
2024-02-24,1,2,Winter,1,0,1,미라시아,(오븐) 하와이안 쉬림프 피자
2024-02-25,1,2,Winter,1,0,1,미라시아,(오븐) 하와이안 쉬림프 피자
2024-02-26,1,2,Winter,0,0,0,미라시아,(오븐) 하와이안 쉬림프 피자
2024-02-27,1,2,Winter,0,0,0,미라시아,(오븐) 하와이안 쉬림프 피자
2024-02-28,0,2,Winter,0,0,0,미라시아,(오븐) 하와이안 쉬림프 피자
2024-02-29,3,2,Winter,0,0,0,미라시아,(오븐) 하와이안 쉬림프 피자
2024-03-01,2,3,Spring,0,1,1,미라시아,(오븐) 하와이안 쉬림프 피자
2024-03-02,2,3,Spring,1,0,1,미라시아,(오븐) 하와이안 쉬림프 피자
2024-03-03,0,3,Spring,1,0,1,미라시아,(오븐) 하와이안 쉬림프 피자
2024-03-04,0,3,Spring,0,0,0,미라시아,(오븐) 하와이안 쉬림프 피자
2024-03-05,0,3,Spring,0,0,0,미라시아,(오븐) 하와이안 쉬림프 피자
2024-03-06,0,3,Spring,0,0,0,미라시아,(오븐) 하와이안 쉬림프 피자
2024-03-07,0,3,Spring,0,0,0,미라시아,(오븐) 하와이안 쉬림프 피자
2024-03-08,0,3,Spring,0,0,0,미라시아,(오븐) 하와이안 쉬림프 피자
2024-03-09,0,3,Spring,1,0,1,미라시아,(오븐) 하와이안 쉬림프 피자
2024-03-10,0,3,Spring,1,0,1,미라시아,(오븐) 하와이안 쉬림프 피자
2024-03-11,0,3,Spring,0,0,0,미라시아,(오븐) 하와이안 쉬림프 피자
2024-03-12,0,3,Spring,0,0,0,미라시아,(오븐) 하와이안 쉬림프 피자
2024-03-13,0,3,Spring,0,0,0,미라시아,(오븐) 하와이안 쉬림프 피자
2024-03-14,0,3,Spring,0,0,0,미라시아,(오븐) 하와이안 쉬림프 피자
2024-03-15,0,3,Spring,0,0,0,미라시아,(오븐) 하와이안 쉬림프 피자
2024-03-16,2,3,Spring,1,0,1,미라시아,(오븐) 하와이안 쉬림프 피자
2024-03-17,0,3,Spring,1,0,1,미라시아,(오븐) 하와이안 쉬림프 피자
2024-03-18,0,3,Spring,0,0,0,미라시아,(오븐) 하와이안 쉬림프 피자
2024-03-19,0,3,Spring,0,0,0,미라시아,(오븐) 하와이안 쉬림프 피자
2024-03-20,0,3,Spring,0,0,0,미라시아,(오븐) 하와이안 쉬림프 피자
2024-03-21,0,3,Spring,0,0,0,미라시아,(오븐) 하와이안 쉬림프 피자
2024-03-22,2,3,Spring,0,0,0,미라시아,(오븐) 하와이안 쉬림프 피자
2024-03-23,1,3,Spring,1,0,1,미라시아,(오븐) 하와이안 쉬림프 피자
2024-03-24,0,3,Spring,1,0,1,미라시아,(오븐) 하와이안 쉬림프 피자
2024-03-25,0,3,Spring,0,0,0,미라시아,(오븐) 하와이안 쉬림프 피자
2024-03-26,0,3,Spring,0,0,0,미라시아,(오븐) 하와이안 쉬림프 피자
2024-03-27,0,3,Spring,0,0,0,미라시아,(오븐) 하와이안 쉬림프 피자
2024-03-28,1,3,Spring,0,0,0,미라시아,(오븐) 하와이안 쉬림프 피자
2024-03-29,1,3,Spring,0,0,0,미라시아,(오븐) 하와이안 쉬림프 피자
2024-03-30,0,3,Spring,1,0,1,미라시아,(오븐) 하와이안 쉬림프 피자
2024-03-31,0,3,Spring,1,0,1,미라시아,(오븐) 하와이안 쉬림프 피자
2024-04-01,0,4,Spring,0,0,0,미라시아,(오븐) 하와이안 쉬림프 피자
2024-04-02,1,4,Spring,0,0,0,미라시아,(오븐) 하와이안 쉬림프 피자
2024-04-03,0,4,Spring,0,0,0,미라시아,(오븐) 하와이안 쉬림프 피자
2024-04-04,1,4,Spring,0,0,0,미라시아,(오븐) 하와이안 쉬림프 피자
2024-04-05,2,4,Spring,0,0,0,미라시아,(오븐) 하와이안 쉬림프 피자
2024-04-06,3,4,Spring,1,0,1,미라시아,(오븐) 하와이안 쉬림프 피자
2024-04-07,0,4,Spring,1,0,1,미라시아,(오븐) 하와이안 쉬림프 피자
2024-04-08,0,4,Spring,0,0,0,미라시아,(오븐) 하와이안 쉬림프 피자
2024-04-09,0,4,Spring,0,0,0,미라시아,(오븐) 하와이안 쉬림프 피자
2024-04-10,1,4,Spring,0,1,1,미라시아,(오븐) 하와이안 쉬림프 피자
2024-04-11,2,4,Spring,0,0,0,미라시아,(오븐) 하와이안 쉬림프 피자
2024-04-12,2,4,Spring,0,0,0,미라시아,(오븐) 하와이안 쉬림프 피자
2024-04-13,1,4,Spring,1,0,1,미라시아,(오븐) 하와이안 쉬림프 피자
2024-04-14,0,4,Spring,1,0,1,미라시아,(오븐) 하와이안 쉬림프 피자
2024-04-15,2,4,Spring,0,0,0,미라시아,(오븐) 하와이안 쉬림프 피자
2024-04-16,1,4,Spring,0,0,0,미라시아,(오븐) 하와이안 쉬림프 피자
2024-04-17,1,4,Spring,0,0,0,미라시아,(오븐) 하와이안 쉬림프 피자
2024-04-18,0,4,Spring,0,0,0,미라시아,(오븐) 하와이안 쉬림프 피자
2024-04-19,1,4,Spring,0,0,0,미라시아,(오븐) 하와이안 쉬림프 피자
2024-04-20,4,4,Spring,1,0,1,미라시아,(오븐) 하와이안 쉬림프 피자
2024-04-21,1,4,Spring,1,0,1,미라시아,(오븐) 하와이안 쉬림프 피자
2024-04-22,0,4,Spring,0,0,0,미라시아,(오븐) 하와이안 쉬림프 피자
2024-04-23,0,4,Spring,0,0,0,미라시아,(오븐) 하와이안 쉬림프 피자
2024-04-24,1,4,Spring,0,0,0,미라시아,(오븐) 하와이안 쉬림프 피자
2024-04-25,0,4,Spring,0,0,0,미라시아,(오븐) 하와이안 쉬림프 피자
2024-04-26,0,4,Spring,0,0,0,미라시아,(오븐) 하와이안 쉬림프 피자
2024-04-27,1,4,Spring,1,0,1,미라시아,(오븐) 하와이안 쉬림프 피자
2024-04-28,3,4,Spring,1,0,1,미라시아,(오븐) 하와이안 쉬림프 피자
2024-04-29,0,4,Spring,0,0,0,미라시아,(오븐) 하와이안 쉬림프 피자
2024-04-30,0,4,Spring,0,0,0,미라시아,(오븐) 하와이안 쉬림프 피자
2024-05-01,0,5,Spring,0,0,0,미라시아,(오븐) 하와이안 쉬림프 피자
2024-05-02,2,5,Spring,0,0,0,미라시아,(오븐) 하와이안 쉬림프 피자
2024-05-03,2,5,Spring,0,0,0,미라시아,(오븐) 하와이안 쉬림프 피자
2024-05-04,1,5,Spring,1,0,1,미라시아,(오븐) 하와이안 쉬림프 피자
2024-05-05,5,5,Spring,1,1,1,미라시아,(오븐) 하와이안 쉬림프 피자
2024-05-06,0,5,Spring,0,1,1,미라시아,(오븐) 하와이안 쉬림프 피자
2024-05-07,0,5,Spring,0,0,0,미라시아,(오븐) 하와이안 쉬림프 피자
2024-05-08,1,5,Spring,0,0,0,미라시아,(오븐) 하와이안 쉬림프 피자
2024-05-09,0,5,Spring,0,0,0,미라시아,(오븐) 하와이안 쉬림프 피자
2024-05-10,2,5,Spring,0,0,0,미라시아,(오븐) 하와이안 쉬림프 피자
2024-05-11,1,5,Spring,1,0,1,미라시아,(오븐) 하와이안 쉬림프 피자
2024-05-12,0,5,Spring,1,0,1,미라시아,(오븐) 하와이안 쉬림프 피자
2024-05-13,0,5,Spring,0,0,0,미라시아,(오븐) 하와이안 쉬림프 피자
2024-05-14,1,5,Spring,0,0,0,미라시아,(오븐) 하와이안 쉬림프 피자
2024-05-15,0,5,Spring,0,1,1,미라시아,(오븐) 하와이안 쉬림프 피자
2024-05-16,0,5,Spring,0,0,0,미라시아,(오븐) 하와이안 쉬림프 피자
2024-05-17,1,5,Spring,0,0,0,미라시아,(오븐) 하와이안 쉬림프 피자
2024-05-18,1,5,Spring,1,0,1,미라시아,(오븐) 하와이안 쉬림프 피자
2024-05-19,0,5,Spring,1,0,1,미라시아,(오븐) 하와이안 쉬림프 피자
2024-05-20,0,5,Spring,0,0,0,미라시아,(오븐) 하와이안 쉬림프 피자
2024-05-21,0,5,Spring,0,0,0,미라시아,(오븐) 하와이안 쉬림프 피자
2024-05-22,2,5,Spring,0,0,0,미라시아,(오븐) 하와이안 쉬림프 피자
2024-05-23,0,5,Spring,0,0,0,미라시아,(오븐) 하와이안 쉬림프 피자
2024-05-24,1,5,Spring,0,0,0,미라시아,(오븐) 하와이안 쉬림프 피자
2024-05-25,0,5,Spring,1,0,1,미라시아,(오븐) 하와이안 쉬림프 피자
2024-05-26,0,5,Spring,1,0,1,미라시아,(오븐) 하와이안 쉬림프 피자
2024-05-27,0,5,Spring,0,0,0,미라시아,(오븐) 하와이안 쉬림프 피자
2024-05-28,1,5,Spring,0,0,0,미라시아,(오븐) 하와이안 쉬림프 피자
2024-05-29,0,5,Spring,0,0,0,미라시아,(오븐) 하와이안 쉬림프 피자
2024-05-30,1,5,Spring,0,0,0,미라시아,(오븐) 하와이안 쉬림프 피자
2024-05-31,0,5,Spring,0,0,0,미라시아,(오븐) 하와이안 쉬림프 피자
2024-06-01,4,6,Summer,1,0,1,미라시아,(오븐) 하와이안 쉬림프 피자
2024-06-02,0,6,Summer,1,0,1,미라시아,(오븐) 하와이안 쉬림프 피자
2024-06-03,0,6,Summer,0,0,0,미라시아,(오븐) 하와이안 쉬림프 피자
2024-06-04,0,6,Summer,0,0,0,미라시아,(오븐) 하와이안 쉬림프 피자
2024-06-05,2,6,Summer,0,0,0,미라시아,(오븐) 하와이안 쉬림프 피자
2024-06-06,4,6,Summer,0,1,1,미라시아,(오븐) 하와이안 쉬림프 피자
2024-06-07,0,6,Summer,0,0,0,미라시아,(오븐) 하와이안 쉬림프 피자
2024-06-08,1,6,Summer,1,0,1,미라시아,(오븐) 하와이안 쉬림프 피자
2024-06-09,0,6,Summer,1,0,1,미라시아,(오븐) 하와이안 쉬림프 피자
2024-06-10,0,6,Summer,0,0,0,미라시아,(오븐) 하와이안 쉬림프 피자
2024-06-11,0,6,Summer,0,0,0,미라시아,(오븐) 하와이안 쉬림프 피자
2024-06-12,0,6,Summer,0,0,0,미라시아,(오븐) 하와이안 쉬림프 피자
2024-06-13,0,6,Summer,0,0,0,미라시아,(오븐) 하와이안 쉬림프 피자
2024-06-14,0,6,Summer,0,0,0,미라시아,(오븐) 하와이안 쉬림프 피자
2024-06-15,1,6,Summer,1,0,1,미라시아,(오븐) 하와이안 쉬림프 피자
2023-01-01,4,1,Winter,1,1,1,미라시아,(화덕) 불고기 페퍼로니 반반피자
2023-01-02,5,1,Winter,0,0,0,미라시아,(화덕) 불고기 페퍼로니 반반피자
2023-01-03,5,1,Winter,0,0,0,미라시아,(화덕) 불고기 페퍼로니 반반피자
2023-01-04,6,1,Winter,0,0,0,미라시아,(화덕) 불고기 페퍼로니 반반피자
2023-01-05,0,1,Winter,0,0,0,미라시아,(화덕) 불고기 페퍼로니 반반피자
2023-01-06,1,1,Winter,0,0,0,미라시아,(화덕) 불고기 페퍼로니 반반피자
2023-01-07,2,1,Winter,1,0,1,미라시아,(화덕) 불고기 페퍼로니 반반피자
2023-01-08,2,1,Winter,1,0,1,미라시아,(화덕) 불고기 페퍼로니 반반피자
2023-01-09,2,1,Winter,0,0,0,미라시아,(화덕) 불고기 페퍼로니 반반피자
2023-01-10,6,1,Winter,0,0,0,미라시아,(화덕) 불고기 페퍼로니 반반피자
2023-01-11,2,1,Winter,0,0,0,미라시아,(화덕) 불고기 페퍼로니 반반피자
2023-01-12,1,1,Winter,0,0,0,미라시아,(화덕) 불고기 페퍼로니 반반피자
2023-01-13,1,1,Winter,0,0,0,미라시아,(화덕) 불고기 페퍼로니 반반피자
2023-01-14,2,1,Winter,1,0,1,미라시아,(화덕) 불고기 페퍼로니 반반피자
2023-01-15,1,1,Winter,1,0,1,미라시아,(화덕) 불고기 페퍼로니 반반피자
2023-01-16,2,1,Winter,0,0,0,미라시아,(화덕) 불고기 페퍼로니 반반피자
2023-01-17,3,1,Winter,0,0,0,미라시아,(화덕) 불고기 페퍼로니 반반피자
2023-01-18,3,1,Winter,0,0,0,미라시아,(화덕) 불고기 페퍼로니 반반피자
2023-01-19,2,1,Winter,0,0,0,미라시아,(화덕) 불고기 페퍼로니 반반피자
2023-01-20,5,1,Winter,0,0,0,미라시아,(화덕) 불고기 페퍼로니 반반피자
2023-01-21,7,1,Winter,1,1,1,미라시아,(화덕) 불고기 페퍼로니 반반피자
2023-01-22,12,1,Winter,1,1,1,미라시아,(화덕) 불고기 페퍼로니 반반피자
2023-01-23,8,1,Winter,0,1,1,미라시아,(화덕) 불고기 페퍼로니 반반피자
2023-01-24,2,1,Winter,0,1,1,미라시아,(화덕) 불고기 페퍼로니 반반피자
2023-01-25,5,1,Winter,0,0,0,미라시아,(화덕) 불고기 페퍼로니 반반피자
2023-01-26,3,1,Winter,0,0,0,미라시아,(화덕) 불고기 페퍼로니 반반피자
2023-01-27,4,1,Winter,0,0,0,미라시아,(화덕) 불고기 페퍼로니 반반피자
2023-01-28,4,1,Winter,1,0,1,미라시아,(화덕) 불고기 페퍼로니 반반피자
2023-01-29,2,1,Winter,1,0,1,미라시아,(화덕) 불고기 페퍼로니 반반피자
2023-01-30,4,1,Winter,0,0,0,미라시아,(화덕) 불고기 페퍼로니 반반피자
2023-01-31,0,1,Winter,0,0,0,미라시아,(화덕) 불고기 페퍼로니 반반피자
2023-02-01,1,2,Winter,0,0,0,미라시아,(화덕) 불고기 페퍼로니 반반피자
2023-02-02,6,2,Winter,0,0,0,미라시아,(화덕) 불고기 페퍼로니 반반피자
2023-02-03,2,2,Winter,0,0,0,미라시아,(화덕) 불고기 페퍼로니 반반피자
2023-02-04,7,2,Winter,1,0,1,미라시아,(화덕) 불고기 페퍼로니 반반피자
2023-02-05,2,2,Winter,1,0,1,미라시아,(화덕) 불고기 페퍼로니 반반피자
2023-02-06,1,2,Winter,0,0,0,미라시아,(화덕) 불고기 페퍼로니 반반피자
2023-02-07,1,2,Winter,0,0,0,미라시아,(화덕) 불고기 페퍼로니 반반피자
2023-02-08,3,2,Winter,0,0,0,미라시아,(화덕) 불고기 페퍼로니 반반피자
2023-02-09,3,2,Winter,0,0,0,미라시아,(화덕) 불고기 페퍼로니 반반피자
2023-02-10,2,2,Winter,0,0,0,미라시아,(화덕) 불고기 페퍼로니 반반피자
2023-02-11,8,2,Winter,1,0,1,미라시아,(화덕) 불고기 페퍼로니 반반피자
2023-02-12,5,2,Winter,1,0,1,미라시아,(화덕) 불고기 페퍼로니 반반피자
2023-02-13,3,2,Winter,0,0,0,미라시아,(화덕) 불고기 페퍼로니 반반피자
2023-02-14,0,2,Winter,0,0,0,미라시아,(화덕) 불고기 페퍼로니 반반피자
2023-02-15,0,2,Winter,0,0,0,미라시아,(화덕) 불고기 페퍼로니 반반피자
2023-02-16,2,2,Winter,0,0,0,미라시아,(화덕) 불고기 페퍼로니 반반피자
2023-02-17,5,2,Winter,0,0,0,미라시아,(화덕) 불고기 페퍼로니 반반피자
2023-02-18,9,2,Winter,1,0,1,미라시아,(화덕) 불고기 페퍼로니 반반피자
2023-02-19,8,2,Winter,1,0,1,미라시아,(화덕) 불고기 페퍼로니 반반피자
2023-02-20,2,2,Winter,0,0,0,미라시아,(화덕) 불고기 페퍼로니 반반피자
2023-02-21,0,2,Winter,0,0,0,미라시아,(화덕) 불고기 페퍼로니 반반피자
2023-02-22,0,2,Winter,0,0,0,미라시아,(화덕) 불고기 페퍼로니 반반피자
2023-02-23,5,2,Winter,0,0,0,미라시아,(화덕) 불고기 페퍼로니 반반피자
2023-02-24,1,2,Winter,0,0,0,미라시아,(화덕) 불고기 페퍼로니 반반피자
2023-02-25,7,2,Winter,1,0,1,미라시아,(화덕) 불고기 페퍼로니 반반피자
2023-02-26,5,2,Winter,1,0,1,미라시아,(화덕) 불고기 페퍼로니 반반피자
2023-02-27,2,2,Winter,0,0,0,미라시아,(화덕) 불고기 페퍼로니 반반피자
2023-02-28,1,2,Winter,0,0,0,미라시아,(화덕) 불고기 페퍼로니 반반피자
2023-03-01,0,3,Spring,0,1,1,미라시아,(화덕) 불고기 페퍼로니 반반피자
2023-03-02,0,3,Spring,0,0,0,미라시아,(화덕) 불고기 페퍼로니 반반피자
2023-03-03,0,3,Spring,0,0,0,미라시아,(화덕) 불고기 페퍼로니 반반피자
2023-03-04,0,3,Spring,1,0,1,미라시아,(화덕) 불고기 페퍼로니 반반피자
2023-03-05,0,3,Spring,1,0,1,미라시아,(화덕) 불고기 페퍼로니 반반피자
2023-03-06,0,3,Spring,0,0,0,미라시아,(화덕) 불고기 페퍼로니 반반피자
2023-03-07,0,3,Spring,0,0,0,미라시아,(화덕) 불고기 페퍼로니 반반피자
2023-03-08,0,3,Spring,0,0,0,미라시아,(화덕) 불고기 페퍼로니 반반피자
2023-03-09,0,3,Spring,0,0,0,미라시아,(화덕) 불고기 페퍼로니 반반피자
2023-03-10,1,3,Spring,0,0,0,미라시아,(화덕) 불고기 페퍼로니 반반피자
2023-03-11,9,3,Spring,1,0,1,미라시아,(화덕) 불고기 페퍼로니 반반피자
2023-03-12,2,3,Spring,1,0,1,미라시아,(화덕) 불고기 페퍼로니 반반피자
2023-03-13,2,3,Spring,0,0,0,미라시아,(화덕) 불고기 페퍼로니 반반피자
2023-03-14,0,3,Spring,0,0,0,미라시아,(화덕) 불고기 페퍼로니 반반피자
2023-03-15,0,3,Spring,0,0,0,미라시아,(화덕) 불고기 페퍼로니 반반피자
2023-03-16,0,3,Spring,0,0,0,미라시아,(화덕) 불고기 페퍼로니 반반피자
2023-03-17,0,3,Spring,0,0,0,미라시아,(화덕) 불고기 페퍼로니 반반피자
2023-03-18,4,3,Spring,1,0,1,미라시아,(화덕) 불고기 페퍼로니 반반피자
2023-03-19,2,3,Spring,1,0,1,미라시아,(화덕) 불고기 페퍼로니 반반피자
2023-03-20,1,3,Spring,0,0,0,미라시아,(화덕) 불고기 페퍼로니 반반피자
2023-03-21,0,3,Spring,0,0,0,미라시아,(화덕) 불고기 페퍼로니 반반피자
2023-03-22,0,3,Spring,0,0,0,미라시아,(화덕) 불고기 페퍼로니 반반피자
2023-03-23,0,3,Spring,0,0,0,미라시아,(화덕) 불고기 페퍼로니 반반피자
2023-03-24,2,3,Spring,0,0,0,미라시아,(화덕) 불고기 페퍼로니 반반피자
2023-03-25,7,3,Spring,1,0,1,미라시아,(화덕) 불고기 페퍼로니 반반피자
2023-03-26,2,3,Spring,1,0,1,미라시아,(화덕) 불고기 페퍼로니 반반피자
2023-03-27,0,3,Spring,0,0,0,미라시아,(화덕) 불고기 페퍼로니 반반피자
2023-03-28,0,3,Spring,0,0,0,미라시아,(화덕) 불고기 페퍼로니 반반피자
2023-03-29,0,3,Spring,0,0,0,미라시아,(화덕) 불고기 페퍼로니 반반피자
2023-03-30,1,3,Spring,0,0,0,미라시아,(화덕) 불고기 페퍼로니 반반피자
2023-03-31,3,3,Spring,0,0,0,미라시아,(화덕) 불고기 페퍼로니 반반피자
2023-04-01,5,4,Spring,1,0,1,미라시아,(화덕) 불고기 페퍼로니 반반피자
2023-04-02,3,4,Spring,1,0,1,미라시아,(화덕) 불고기 페퍼로니 반반피자
2023-04-03,1,4,Spring,0,0,0,미라시아,(화덕) 불고기 페퍼로니 반반피자
2023-04-04,0,4,Spring,0,0,0,미라시아,(화덕) 불고기 페퍼로니 반반피자
2023-04-05,0,4,Spring,0,0,0,미라시아,(화덕) 불고기 페퍼로니 반반피자
2023-04-06,0,4,Spring,0,0,0,미라시아,(화덕) 불고기 페퍼로니 반반피자
2023-04-07,4,4,Spring,0,0,0,미라시아,(화덕) 불고기 페퍼로니 반반피자
2023-04-08,5,4,Spring,1,0,1,미라시아,(화덕) 불고기 페퍼로니 반반피자
2023-04-09,3,4,Spring,1,0,1,미라시아,(화덕) 불고기 페퍼로니 반반피자
2023-04-10,2,4,Spring,0,0,0,미라시아,(화덕) 불고기 페퍼로니 반반피자
2023-04-11,2,4,Spring,0,0,0,미라시아,(화덕) 불고기 페퍼로니 반반피자
2023-04-12,1,4,Spring,0,0,0,미라시아,(화덕) 불고기 페퍼로니 반반피자
2023-04-13,2,4,Spring,0,0,0,미라시아,(화덕) 불고기 페퍼로니 반반피자
2023-04-14,4,4,Spring,0,0,0,미라시아,(화덕) 불고기 페퍼로니 반반피자
2023-04-15,3,4,Spring,1,0,1,미라시아,(화덕) 불고기 페퍼로니 반반피자
2023-04-16,3,4,Spring,1,0,1,미라시아,(화덕) 불고기 페퍼로니 반반피자
2023-04-17,0,4,Spring,0,0,0,미라시아,(화덕) 불고기 페퍼로니 반반피자
2023-04-18,0,4,Spring,0,0,0,미라시아,(화덕) 불고기 페퍼로니 반반피자
2023-04-19,0,4,Spring,0,0,0,미라시아,(화덕) 불고기 페퍼로니 반반피자
2023-04-20,1,4,Spring,0,0,0,미라시아,(화덕) 불고기 페퍼로니 반반피자
2023-04-21,3,4,Spring,0,0,0,미라시아,(화덕) 불고기 페퍼로니 반반피자
2023-04-22,2,4,Spring,1,0,1,미라시아,(화덕) 불고기 페퍼로니 반반피자
2023-04-23,0,4,Spring,1,0,1,미라시아,(화덕) 불고기 페퍼로니 반반피자
2023-04-24,5,4,Spring,0,0,0,미라시아,(화덕) 불고기 페퍼로니 반반피자
2023-04-25,0,4,Spring,0,0,0,미라시아,(화덕) 불고기 페퍼로니 반반피자
2023-04-26,0,4,Spring,0,0,0,미라시아,(화덕) 불고기 페퍼로니 반반피자
2023-04-27,0,4,Spring,0,0,0,미라시아,(화덕) 불고기 페퍼로니 반반피자
2023-04-28,1,4,Spring,0,0,0,미라시아,(화덕) 불고기 페퍼로니 반반피자
2023-04-29,5,4,Spring,1,0,1,미라시아,(화덕) 불고기 페퍼로니 반반피자
2023-04-30,5,4,Spring,1,0,1,미라시아,(화덕) 불고기 페퍼로니 반반피자
2023-05-01,0,5,Spring,0,0,0,미라시아,(화덕) 불고기 페퍼로니 반반피자
2023-05-02,6,5,Spring,0,0,0,미라시아,(화덕) 불고기 페퍼로니 반반피자
2023-05-03,0,5,Spring,0,0,0,미라시아,(화덕) 불고기 페퍼로니 반반피자
2023-05-04,0,5,Spring,0,0,0,미라시아,(화덕) 불고기 페퍼로니 반반피자
2023-05-05,0,5,Spring,0,1,1,미라시아,(화덕) 불고기 페퍼로니 반반피자
2023-05-06,0,5,Spring,1,0,1,미라시아,(화덕) 불고기 페퍼로니 반반피자
2023-05-07,0,5,Spring,1,0,1,미라시아,(화덕) 불고기 페퍼로니 반반피자
2023-05-08,0,5,Spring,0,0,0,미라시아,(화덕) 불고기 페퍼로니 반반피자
2023-05-09,1,5,Spring,0,0,0,미라시아,(화덕) 불고기 페퍼로니 반반피자
2023-05-10,0,5,Spring,0,0,0,미라시아,(화덕) 불고기 페퍼로니 반반피자
2023-05-11,1,5,Spring,0,0,0,미라시아,(화덕) 불고기 페퍼로니 반반피자
2023-05-12,0,5,Spring,0,0,0,미라시아,(화덕) 불고기 페퍼로니 반반피자
2023-05-13,0,5,Spring,1,0,1,미라시아,(화덕) 불고기 페퍼로니 반반피자
2023-05-14,0,5,Spring,1,0,1,미라시아,(화덕) 불고기 페퍼로니 반반피자
2023-05-15,4,5,Spring,0,0,0,미라시아,(화덕) 불고기 페퍼로니 반반피자
2023-05-16,0,5,Spring,0,0,0,미라시아,(화덕) 불고기 페퍼로니 반반피자
2023-05-17,0,5,Spring,0,0,0,미라시아,(화덕) 불고기 페퍼로니 반반피자
2023-05-18,1,5,Spring,0,0,0,미라시아,(화덕) 불고기 페퍼로니 반반피자
2023-05-19,0,5,Spring,0,0,0,미라시아,(화덕) 불고기 페퍼로니 반반피자
2023-05-20,0,5,Spring,1,0,1,미라시아,(화덕) 불고기 페퍼로니 반반피자
2023-05-21,4,5,Spring,1,0,1,미라시아,(화덕) 불고기 페퍼로니 반반피자
2023-05-22,0,5,Spring,0,0,0,미라시아,(화덕) 불고기 페퍼로니 반반피자
2023-05-23,0,5,Spring,0,0,0,미라시아,(화덕) 불고기 페퍼로니 반반피자
2023-05-24,0,5,Spring,0,0,0,미라시아,(화덕) 불고기 페퍼로니 반반피자
2023-05-25,1,5,Spring,0,0,0,미라시아,(화덕) 불고기 페퍼로니 반반피자
2023-05-26,0,5,Spring,0,0,0,미라시아,(화덕) 불고기 페퍼로니 반반피자
2023-05-27,0,5,Spring,1,1,1,미라시아,(화덕) 불고기 페퍼로니 반반피자
2023-05-28,0,5,Spring,1,0,1,미라시아,(화덕) 불고기 페퍼로니 반반피자
2023-05-29,2,5,Spring,0,1,1,미라시아,(화덕) 불고기 페퍼로니 반반피자
2023-05-30,0,5,Spring,0,0,0,미라시아,(화덕) 불고기 페퍼로니 반반피자
2023-05-31,0,5,Spring,0,0,0,미라시아,(화덕) 불고기 페퍼로니 반반피자
2023-06-01,3,6,Summer,0,0,0,미라시아,(화덕) 불고기 페퍼로니 반반피자
2023-06-02,1,6,Summer,0,0,0,미라시아,(화덕) 불고기 페퍼로니 반반피자
2023-06-03,5,6,Summer,1,0,1,미라시아,(화덕) 불고기 페퍼로니 반반피자
2023-06-04,5,6,Summer,1,0,1,미라시아,(화덕) 불고기 페퍼로니 반반피자
2023-06-05,4,6,Summer,0,0,0,미라시아,(화덕) 불고기 페퍼로니 반반피자
2023-06-06,1,6,Summer,0,1,1,미라시아,(화덕) 불고기 페퍼로니 반반피자
2023-06-07,2,6,Summer,0,0,0,미라시아,(화덕) 불고기 페퍼로니 반반피자
2023-06-08,1,6,Summer,0,0,0,미라시아,(화덕) 불고기 페퍼로니 반반피자
2023-06-09,0,6,Summer,0,0,0,미라시아,(화덕) 불고기 페퍼로니 반반피자
2023-06-10,4,6,Summer,1,0,1,미라시아,(화덕) 불고기 페퍼로니 반반피자
2023-06-11,1,6,Summer,1,0,1,미라시아,(화덕) 불고기 페퍼로니 반반피자
2023-06-12,0,6,Summer,0,0,0,미라시아,(화덕) 불고기 페퍼로니 반반피자
2023-06-13,1,6,Summer,0,0,0,미라시아,(화덕) 불고기 페퍼로니 반반피자
2023-06-14,2,6,Summer,0,0,0,미라시아,(화덕) 불고기 페퍼로니 반반피자
2023-06-15,2,6,Summer,0,0,0,미라시아,(화덕) 불고기 페퍼로니 반반피자
2023-06-16,2,6,Summer,0,0,0,미라시아,(화덕) 불고기 페퍼로니 반반피자
2023-06-17,3,6,Summer,1,0,1,미라시아,(화덕) 불고기 페퍼로니 반반피자
2023-06-18,3,6,Summer,1,0,1,미라시아,(화덕) 불고기 페퍼로니 반반피자
2023-06-19,1,6,Summer,0,0,0,미라시아,(화덕) 불고기 페퍼로니 반반피자
2023-06-20,0,6,Summer,0,0,0,미라시아,(화덕) 불고기 페퍼로니 반반피자
2023-06-21,0,6,Summer,0,0,0,미라시아,(화덕) 불고기 페퍼로니 반반피자
2023-06-22,2,6,Summer,0,0,0,미라시아,(화덕) 불고기 페퍼로니 반반피자
2023-06-23,2,6,Summer,0,0,0,미라시아,(화덕) 불고기 페퍼로니 반반피자
2023-06-24,3,6,Summer,1,0,1,미라시아,(화덕) 불고기 페퍼로니 반반피자
2023-06-25,2,6,Summer,1,0,1,미라시아,(화덕) 불고기 페퍼로니 반반피자
2023-06-26,2,6,Summer,0,0,0,미라시아,(화덕) 불고기 페퍼로니 반반피자
2023-06-27,3,6,Summer,0,0,0,미라시아,(화덕) 불고기 페퍼로니 반반피자
2023-06-28,1,6,Summer,0,0,0,미라시아,(화덕) 불고기 페퍼로니 반반피자
2023-06-29,2,6,Summer,0,0,0,미라시아,(화덕) 불고기 페퍼로니 반반피자
2023-06-30,6,6,Summer,0,0,0,미라시아,(화덕) 불고기 페퍼로니 반반피자
2023-07-01,3,7,Summer,1,0,1,미라시아,(화덕) 불고기 페퍼로니 반반피자
2023-07-02,2,7,Summer,1,0,1,미라시아,(화덕) 불고기 페퍼로니 반반피자
2023-07-03,1,7,Summer,0,0,0,미라시아,(화덕) 불고기 페퍼로니 반반피자
2023-07-04,1,7,Summer,0,0,0,미라시아,(화덕) 불고기 페퍼로니 반반피자
2023-07-05,1,7,Summer,0,0,0,미라시아,(화덕) 불고기 페퍼로니 반반피자
2023-07-06,2,7,Summer,0,0,0,미라시아,(화덕) 불고기 페퍼로니 반반피자
2023-07-07,1,7,Summer,0,0,0,미라시아,(화덕) 불고기 페퍼로니 반반피자
2023-07-08,5,7,Summer,1,0,1,미라시아,(화덕) 불고기 페퍼로니 반반피자
2023-07-09,1,7,Summer,1,0,1,미라시아,(화덕) 불고기 페퍼로니 반반피자
2023-07-10,1,7,Summer,0,0,0,미라시아,(화덕) 불고기 페퍼로니 반반피자
2023-07-11,0,7,Summer,0,0,0,미라시아,(화덕) 불고기 페퍼로니 반반피자
2023-07-12,0,7,Summer,0,0,0,미라시아,(화덕) 불고기 페퍼로니 반반피자
2023-07-13,3,7,Summer,0,0,0,미라시아,(화덕) 불고기 페퍼로니 반반피자
2023-07-14,3,7,Summer,0,0,0,미라시아,(화덕) 불고기 페퍼로니 반반피자
2023-07-15,13,7,Summer,1,0,1,미라시아,(화덕) 불고기 페퍼로니 반반피자
2023-07-16,2,7,Summer,1,0,1,미라시아,(화덕) 불고기 페퍼로니 반반피자
2023-07-17,4,7,Summer,0,0,0,미라시아,(화덕) 불고기 페퍼로니 반반피자
2023-07-18,0,7,Summer,0,0,0,미라시아,(화덕) 불고기 페퍼로니 반반피자
2023-07-19,0,7,Summer,0,0,0,미라시아,(화덕) 불고기 페퍼로니 반반피자
2023-07-20,2,7,Summer,0,0,0,미라시아,(화덕) 불고기 페퍼로니 반반피자
2023-07-21,1,7,Summer,0,0,0,미라시아,(화덕) 불고기 페퍼로니 반반피자
2023-07-22,6,7,Summer,1,0,1,미라시아,(화덕) 불고기 페퍼로니 반반피자
2023-07-23,6,7,Summer,1,0,1,미라시아,(화덕) 불고기 페퍼로니 반반피자
2023-07-24,1,7,Summer,0,0,0,미라시아,(화덕) 불고기 페퍼로니 반반피자
2023-07-25,2,7,Summer,0,0,0,미라시아,(화덕) 불고기 페퍼로니 반반피자
2023-07-26,4,7,Summer,0,0,0,미라시아,(화덕) 불고기 페퍼로니 반반피자
2023-07-27,6,7,Summer,0,0,0,미라시아,(화덕) 불고기 페퍼로니 반반피자
2023-07-28,3,7,Summer,0,0,0,미라시아,(화덕) 불고기 페퍼로니 반반피자
2023-07-29,6,7,Summer,1,0,1,미라시아,(화덕) 불고기 페퍼로니 반반피자
2023-07-30,1,7,Summer,1,0,1,미라시아,(화덕) 불고기 페퍼로니 반반피자
2023-07-31,6,7,Summer,0,0,0,미라시아,(화덕) 불고기 페퍼로니 반반피자
2023-08-01,7,8,Summer,0,0,0,미라시아,(화덕) 불고기 페퍼로니 반반피자
2023-08-02,3,8,Summer,0,0,0,미라시아,(화덕) 불고기 페퍼로니 반반피자
2023-08-03,6,8,Summer,0,0,0,미라시아,(화덕) 불고기 페퍼로니 반반피자
2023-08-04,9,8,Summer,0,0,0,미라시아,(화덕) 불고기 페퍼로니 반반피자
2023-08-05,6,8,Summer,1,0,1,미라시아,(화덕) 불고기 페퍼로니 반반피자
2023-08-06,7,8,Summer,1,0,1,미라시아,(화덕) 불고기 페퍼로니 반반피자
2023-08-07,6,8,Summer,0,0,0,미라시아,(화덕) 불고기 페퍼로니 반반피자
2023-08-08,4,8,Summer,0,0,0,미라시아,(화덕) 불고기 페퍼로니 반반피자
2023-08-09,3,8,Summer,0,0,0,미라시아,(화덕) 불고기 페퍼로니 반반피자
2023-08-10,8,8,Summer,0,0,0,미라시아,(화덕) 불고기 페퍼로니 반반피자
2023-08-11,1,8,Summer,0,0,0,미라시아,(화덕) 불고기 페퍼로니 반반피자
2023-08-12,6,8,Summer,1,0,1,미라시아,(화덕) 불고기 페퍼로니 반반피자
2023-08-13,9,8,Summer,1,0,1,미라시아,(화덕) 불고기 페퍼로니 반반피자
2023-08-14,3,8,Summer,0,0,0,미라시아,(화덕) 불고기 페퍼로니 반반피자
2023-08-15,2,8,Summer,0,1,1,미라시아,(화덕) 불고기 페퍼로니 반반피자
2023-08-16,2,8,Summer,0,0,0,미라시아,(화덕) 불고기 페퍼로니 반반피자
2023-08-17,0,8,Summer,0,0,0,미라시아,(화덕) 불고기 페퍼로니 반반피자
2023-08-18,5,8,Summer,0,0,0,미라시아,(화덕) 불고기 페퍼로니 반반피자
2023-08-19,6,8,Summer,1,0,1,미라시아,(화덕) 불고기 페퍼로니 반반피자
2023-08-20,2,8,Summer,1,0,1,미라시아,(화덕) 불고기 페퍼로니 반반피자
2023-08-21,3,8,Summer,0,0,0,미라시아,(화덕) 불고기 페퍼로니 반반피자
2023-08-22,1,8,Summer,0,0,0,미라시아,(화덕) 불고기 페퍼로니 반반피자
2023-08-23,0,8,Summer,0,0,0,미라시아,(화덕) 불고기 페퍼로니 반반피자
2023-08-24,0,8,Summer,0,0,0,미라시아,(화덕) 불고기 페퍼로니 반반피자
2023-08-25,0,8,Summer,0,0,0,미라시아,(화덕) 불고기 페퍼로니 반반피자
2023-08-26,10,8,Summer,1,0,1,미라시아,(화덕) 불고기 페퍼로니 반반피자
2023-08-27,1,8,Summer,1,0,1,미라시아,(화덕) 불고기 페퍼로니 반반피자
2023-08-28,0,8,Summer,0,0,0,미라시아,(화덕) 불고기 페퍼로니 반반피자
2023-08-29,4,8,Summer,0,0,0,미라시아,(화덕) 불고기 페퍼로니 반반피자
2023-08-30,1,8,Summer,0,0,0,미라시아,(화덕) 불고기 페퍼로니 반반피자
2023-08-31,0,8,Summer,0,0,0,미라시아,(화덕) 불고기 페퍼로니 반반피자
2023-09-01,3,9,Autumn,0,0,0,미라시아,(화덕) 불고기 페퍼로니 반반피자
2023-09-02,4,9,Autumn,1,0,1,미라시아,(화덕) 불고기 페퍼로니 반반피자
2023-09-03,1,9,Autumn,1,0,1,미라시아,(화덕) 불고기 페퍼로니 반반피자
2023-09-04,4,9,Autumn,0,0,0,미라시아,(화덕) 불고기 페퍼로니 반반피자
2023-09-05,4,9,Autumn,0,0,0,미라시아,(화덕) 불고기 페퍼로니 반반피자
2023-09-06,0,9,Autumn,0,0,0,미라시아,(화덕) 불고기 페퍼로니 반반피자
2023-09-07,1,9,Autumn,0,0,0,미라시아,(화덕) 불고기 페퍼로니 반반피자
2023-09-08,1,9,Autumn,0,0,0,미라시아,(화덕) 불고기 페퍼로니 반반피자
2023-09-09,9,9,Autumn,1,0,1,미라시아,(화덕) 불고기 페퍼로니 반반피자
2023-09-10,2,9,Autumn,1,0,1,미라시아,(화덕) 불고기 페퍼로니 반반피자
2023-09-11,0,9,Autumn,0,0,0,미라시아,(화덕) 불고기 페퍼로니 반반피자
2023-09-12,3,9,Autumn,0,0,0,미라시아,(화덕) 불고기 페퍼로니 반반피자
2023-09-13,0,9,Autumn,0,0,0,미라시아,(화덕) 불고기 페퍼로니 반반피자
2023-09-14,0,9,Autumn,0,0,0,미라시아,(화덕) 불고기 페퍼로니 반반피자
2023-09-15,10,9,Autumn,0,0,0,미라시아,(화덕) 불고기 페퍼로니 반반피자
2023-09-16,6,9,Autumn,1,0,1,미라시아,(화덕) 불고기 페퍼로니 반반피자
2023-09-17,2,9,Autumn,1,0,1,미라시아,(화덕) 불고기 페퍼로니 반반피자
2023-09-18,3,9,Autumn,0,0,0,미라시아,(화덕) 불고기 페퍼로니 반반피자
2023-09-19,1,9,Autumn,0,0,0,미라시아,(화덕) 불고기 페퍼로니 반반피자
2023-09-20,3,9,Autumn,0,0,0,미라시아,(화덕) 불고기 페퍼로니 반반피자
2023-09-21,0,9,Autumn,0,0,0,미라시아,(화덕) 불고기 페퍼로니 반반피자
2023-09-22,4,9,Autumn,0,0,0,미라시아,(화덕) 불고기 페퍼로니 반반피자
2023-09-23,3,9,Autumn,1,0,1,미라시아,(화덕) 불고기 페퍼로니 반반피자
2023-09-24,1,9,Autumn,1,0,1,미라시아,(화덕) 불고기 페퍼로니 반반피자
2023-09-25,0,9,Autumn,0,0,0,미라시아,(화덕) 불고기 페퍼로니 반반피자
2023-09-26,1,9,Autumn,0,0,0,미라시아,(화덕) 불고기 페퍼로니 반반피자
2023-09-27,7,9,Autumn,0,0,0,미라시아,(화덕) 불고기 페퍼로니 반반피자
2023-09-28,6,9,Autumn,0,1,1,미라시아,(화덕) 불고기 페퍼로니 반반피자
2023-09-29,4,9,Autumn,0,1,1,미라시아,(화덕) 불고기 페퍼로니 반반피자
2023-09-30,4,9,Autumn,1,1,1,미라시아,(화덕) 불고기 페퍼로니 반반피자
2023-10-01,8,10,Autumn,1,0,1,미라시아,(화덕) 불고기 페퍼로니 반반피자
2023-10-02,4,10,Autumn,0,1,1,미라시아,(화덕) 불고기 페퍼로니 반반피자
2023-10-03,3,10,Autumn,0,1,1,미라시아,(화덕) 불고기 페퍼로니 반반피자
2023-10-04,2,10,Autumn,0,0,0,미라시아,(화덕) 불고기 페퍼로니 반반피자
2023-10-05,1,10,Autumn,0,0,0,미라시아,(화덕) 불고기 페퍼로니 반반피자
2023-10-06,2,10,Autumn,0,0,0,미라시아,(화덕) 불고기 페퍼로니 반반피자
2023-10-07,8,10,Autumn,1,0,1,미라시아,(화덕) 불고기 페퍼로니 반반피자
2023-10-08,12,10,Autumn,1,0,1,미라시아,(화덕) 불고기 페퍼로니 반반피자
2023-10-09,4,10,Autumn,0,1,1,미라시아,(화덕) 불고기 페퍼로니 반반피자
2023-10-10,3,10,Autumn,0,0,0,미라시아,(화덕) 불고기 페퍼로니 반반피자
2023-10-11,3,10,Autumn,0,0,0,미라시아,(화덕) 불고기 페퍼로니 반반피자
2023-10-12,3,10,Autumn,0,0,0,미라시아,(화덕) 불고기 페퍼로니 반반피자
2023-10-13,5,10,Autumn,0,0,0,미라시아,(화덕) 불고기 페퍼로니 반반피자
2023-10-14,9,10,Autumn,1,0,1,미라시아,(화덕) 불고기 페퍼로니 반반피자
2023-10-15,5,10,Autumn,1,0,1,미라시아,(화덕) 불고기 페퍼로니 반반피자
2023-10-16,0,10,Autumn,0,0,0,미라시아,(화덕) 불고기 페퍼로니 반반피자
2023-10-17,3,10,Autumn,0,0,0,미라시아,(화덕) 불고기 페퍼로니 반반피자
2023-10-18,0,10,Autumn,0,0,0,미라시아,(화덕) 불고기 페퍼로니 반반피자
2023-10-19,0,10,Autumn,0,0,0,미라시아,(화덕) 불고기 페퍼로니 반반피자
2023-10-20,5,10,Autumn,0,0,0,미라시아,(화덕) 불고기 페퍼로니 반반피자
2023-10-21,7,10,Autumn,1,0,1,미라시아,(화덕) 불고기 페퍼로니 반반피자
2023-10-22,4,10,Autumn,1,0,1,미라시아,(화덕) 불고기 페퍼로니 반반피자
2023-10-23,2,10,Autumn,0,0,0,미라시아,(화덕) 불고기 페퍼로니 반반피자
2023-10-24,2,10,Autumn,0,0,0,미라시아,(화덕) 불고기 페퍼로니 반반피자
2023-10-25,2,10,Autumn,0,0,0,미라시아,(화덕) 불고기 페퍼로니 반반피자
2023-10-26,2,10,Autumn,0,0,0,미라시아,(화덕) 불고기 페퍼로니 반반피자
2023-10-27,3,10,Autumn,0,0,0,미라시아,(화덕) 불고기 페퍼로니 반반피자
2023-10-28,10,10,Autumn,1,0,1,미라시아,(화덕) 불고기 페퍼로니 반반피자
2023-10-29,8,10,Autumn,1,0,1,미라시아,(화덕) 불고기 페퍼로니 반반피자
2023-10-30,5,10,Autumn,0,0,0,미라시아,(화덕) 불고기 페퍼로니 반반피자
2023-10-31,3,10,Autumn,0,0,0,미라시아,(화덕) 불고기 페퍼로니 반반피자
2023-11-01,2,11,Autumn,0,0,0,미라시아,(화덕) 불고기 페퍼로니 반반피자
2023-11-02,0,11,Autumn,0,0,0,미라시아,(화덕) 불고기 페퍼로니 반반피자
2023-11-03,2,11,Autumn,0,0,0,미라시아,(화덕) 불고기 페퍼로니 반반피자
2023-11-04,4,11,Autumn,1,0,1,미라시아,(화덕) 불고기 페퍼로니 반반피자
2023-11-05,4,11,Autumn,1,0,1,미라시아,(화덕) 불고기 페퍼로니 반반피자
2023-11-06,1,11,Autumn,0,0,0,미라시아,(화덕) 불고기 페퍼로니 반반피자
2023-11-07,2,11,Autumn,0,0,0,미라시아,(화덕) 불고기 페퍼로니 반반피자
2023-11-08,0,11,Autumn,0,0,0,미라시아,(화덕) 불고기 페퍼로니 반반피자
2023-11-09,2,11,Autumn,0,0,0,미라시아,(화덕) 불고기 페퍼로니 반반피자
2023-11-10,2,11,Autumn,0,0,0,미라시아,(화덕) 불고기 페퍼로니 반반피자
2023-11-11,5,11,Autumn,1,0,1,미라시아,(화덕) 불고기 페퍼로니 반반피자
2023-11-12,4,11,Autumn,1,0,1,미라시아,(화덕) 불고기 페퍼로니 반반피자
2023-11-13,2,11,Autumn,0,0,0,미라시아,(화덕) 불고기 페퍼로니 반반피자
2023-11-14,1,11,Autumn,0,0,0,미라시아,(화덕) 불고기 페퍼로니 반반피자
2023-11-15,2,11,Autumn,0,0,0,미라시아,(화덕) 불고기 페퍼로니 반반피자
2023-11-16,2,11,Autumn,0,0,0,미라시아,(화덕) 불고기 페퍼로니 반반피자
2023-11-17,3,11,Autumn,0,0,0,미라시아,(화덕) 불고기 페퍼로니 반반피자
2023-11-18,10,11,Autumn,1,0,1,미라시아,(화덕) 불고기 페퍼로니 반반피자
2023-11-19,2,11,Autumn,1,0,1,미라시아,(화덕) 불고기 페퍼로니 반반피자
2023-11-20,0,11,Autumn,0,0,0,미라시아,(화덕) 불고기 페퍼로니 반반피자
2023-11-21,1,11,Autumn,0,0,0,미라시아,(화덕) 불고기 페퍼로니 반반피자
2023-11-22,1,11,Autumn,0,0,0,미라시아,(화덕) 불고기 페퍼로니 반반피자
2023-11-23,3,11,Autumn,0,0,0,미라시아,(화덕) 불고기 페퍼로니 반반피자
2023-11-24,5,11,Autumn,0,0,0,미라시아,(화덕) 불고기 페퍼로니 반반피자
2023-11-25,5,11,Autumn,1,0,1,미라시아,(화덕) 불고기 페퍼로니 반반피자
2023-11-26,3,11,Autumn,1,0,1,미라시아,(화덕) 불고기 페퍼로니 반반피자
2023-11-27,2,11,Autumn,0,0,0,미라시아,(화덕) 불고기 페퍼로니 반반피자
2023-11-28,0,11,Autumn,0,0,0,미라시아,(화덕) 불고기 페퍼로니 반반피자
2023-11-29,0,11,Autumn,0,0,0,미라시아,(화덕) 불고기 페퍼로니 반반피자
2023-11-30,0,11,Autumn,0,0,0,미라시아,(화덕) 불고기 페퍼로니 반반피자
2023-12-01,1,12,Winter,0,0,0,미라시아,(화덕) 불고기 페퍼로니 반반피자
2023-12-02,8,12,Winter,1,0,1,미라시아,(화덕) 불고기 페퍼로니 반반피자
2023-12-03,1,12,Winter,1,0,1,미라시아,(화덕) 불고기 페퍼로니 반반피자
2023-12-04,1,12,Winter,0,0,0,미라시아,(화덕) 불고기 페퍼로니 반반피자
2023-12-05,0,12,Winter,0,0,0,미라시아,(화덕) 불고기 페퍼로니 반반피자
2023-12-06,0,12,Winter,0,0,0,미라시아,(화덕) 불고기 페퍼로니 반반피자
2023-12-07,1,12,Winter,0,0,0,미라시아,(화덕) 불고기 페퍼로니 반반피자
2023-12-08,2,12,Winter,0,0,0,미라시아,(화덕) 불고기 페퍼로니 반반피자
2023-12-09,6,12,Winter,1,0,1,미라시아,(화덕) 불고기 페퍼로니 반반피자
2023-12-10,0,12,Winter,1,0,1,미라시아,(화덕) 불고기 페퍼로니 반반피자
2023-12-11,3,12,Winter,0,0,0,미라시아,(화덕) 불고기 페퍼로니 반반피자
2023-12-12,2,12,Winter,0,0,0,미라시아,(화덕) 불고기 페퍼로니 반반피자
2023-12-13,0,12,Winter,0,0,0,미라시아,(화덕) 불고기 페퍼로니 반반피자
2023-12-14,1,12,Winter,0,0,0,미라시아,(화덕) 불고기 페퍼로니 반반피자
2023-12-15,5,12,Winter,0,0,0,미라시아,(화덕) 불고기 페퍼로니 반반피자
2023-12-16,11,12,Winter,1,0,1,미라시아,(화덕) 불고기 페퍼로니 반반피자
2023-12-17,5,12,Winter,1,0,1,미라시아,(화덕) 불고기 페퍼로니 반반피자
2023-12-18,5,12,Winter,0,0,0,미라시아,(화덕) 불고기 페퍼로니 반반피자
2023-12-19,1,12,Winter,0,0,0,미라시아,(화덕) 불고기 페퍼로니 반반피자
2023-12-20,5,12,Winter,0,0,0,미라시아,(화덕) 불고기 페퍼로니 반반피자
2023-12-21,2,12,Winter,0,0,0,미라시아,(화덕) 불고기 페퍼로니 반반피자
2023-12-22,5,12,Winter,0,0,0,미라시아,(화덕) 불고기 페퍼로니 반반피자
2023-12-23,10,12,Winter,1,0,1,미라시아,(화덕) 불고기 페퍼로니 반반피자
2023-12-24,8,12,Winter,1,0,1,미라시아,(화덕) 불고기 페퍼로니 반반피자
2023-12-25,10,12,Winter,0,1,1,미라시아,(화덕) 불고기 페퍼로니 반반피자
2023-12-26,7,12,Winter,0,0,0,미라시아,(화덕) 불고기 페퍼로니 반반피자
2023-12-27,5,12,Winter,0,0,0,미라시아,(화덕) 불고기 페퍼로니 반반피자
2023-12-28,4,12,Winter,0,0,0,미라시아,(화덕) 불고기 페퍼로니 반반피자
2023-12-29,1,12,Winter,0,0,0,미라시아,(화덕) 불고기 페퍼로니 반반피자
2023-12-30,5,12,Winter,1,0,1,미라시아,(화덕) 불고기 페퍼로니 반반피자
2023-12-31,6,12,Winter,1,0,1,미라시아,(화덕) 불고기 페퍼로니 반반피자
2024-01-01,8,1,Winter,0,1,1,미라시아,(화덕) 불고기 페퍼로니 반반피자
2024-01-02,3,1,Winter,0,0,0,미라시아,(화덕) 불고기 페퍼로니 반반피자
2024-01-03,0,1,Winter,0,0,0,미라시아,(화덕) 불고기 페퍼로니 반반피자
2024-01-04,4,1,Winter,0,0,0,미라시아,(화덕) 불고기 페퍼로니 반반피자
2024-01-05,4,1,Winter,0,0,0,미라시아,(화덕) 불고기 페퍼로니 반반피자
2024-01-06,7,1,Winter,1,0,1,미라시아,(화덕) 불고기 페퍼로니 반반피자
2024-01-07,0,1,Winter,1,0,1,미라시아,(화덕) 불고기 페퍼로니 반반피자
2024-01-08,1,1,Winter,0,0,0,미라시아,(화덕) 불고기 페퍼로니 반반피자
2024-01-09,0,1,Winter,0,0,0,미라시아,(화덕) 불고기 페퍼로니 반반피자
2024-01-10,2,1,Winter,0,0,0,미라시아,(화덕) 불고기 페퍼로니 반반피자
2024-01-11,1,1,Winter,0,0,0,미라시아,(화덕) 불고기 페퍼로니 반반피자
2024-01-12,2,1,Winter,0,0,0,미라시아,(화덕) 불고기 페퍼로니 반반피자
2024-01-13,10,1,Winter,1,0,1,미라시아,(화덕) 불고기 페퍼로니 반반피자
2024-01-14,1,1,Winter,1,0,1,미라시아,(화덕) 불고기 페퍼로니 반반피자
2024-01-15,1,1,Winter,0,0,0,미라시아,(화덕) 불고기 페퍼로니 반반피자
2024-01-16,6,1,Winter,0,0,0,미라시아,(화덕) 불고기 페퍼로니 반반피자
2024-01-17,5,1,Winter,0,0,0,미라시아,(화덕) 불고기 페퍼로니 반반피자
2024-01-18,2,1,Winter,0,0,0,미라시아,(화덕) 불고기 페퍼로니 반반피자
2024-01-19,1,1,Winter,0,0,0,미라시아,(화덕) 불고기 페퍼로니 반반피자
2024-01-20,6,1,Winter,1,0,1,미라시아,(화덕) 불고기 페퍼로니 반반피자
2024-01-21,4,1,Winter,1,0,1,미라시아,(화덕) 불고기 페퍼로니 반반피자
2024-01-22,2,1,Winter,0,0,0,미라시아,(화덕) 불고기 페퍼로니 반반피자
2024-01-23,3,1,Winter,0,0,0,미라시아,(화덕) 불고기 페퍼로니 반반피자
2024-01-24,1,1,Winter,0,0,0,미라시아,(화덕) 불고기 페퍼로니 반반피자
2024-01-25,2,1,Winter,0,0,0,미라시아,(화덕) 불고기 페퍼로니 반반피자
2024-01-26,3,1,Winter,0,0,0,미라시아,(화덕) 불고기 페퍼로니 반반피자
2024-01-27,2,1,Winter,1,0,1,미라시아,(화덕) 불고기 페퍼로니 반반피자
2024-01-28,5,1,Winter,1,0,1,미라시아,(화덕) 불고기 페퍼로니 반반피자
2024-01-29,3,1,Winter,0,0,0,미라시아,(화덕) 불고기 페퍼로니 반반피자
2024-01-30,5,1,Winter,0,0,0,미라시아,(화덕) 불고기 페퍼로니 반반피자
2024-01-31,4,1,Winter,0,0,0,미라시아,(화덕) 불고기 페퍼로니 반반피자
2024-02-01,0,2,Winter,0,0,0,미라시아,(화덕) 불고기 페퍼로니 반반피자
2024-02-02,1,2,Winter,0,0,0,미라시아,(화덕) 불고기 페퍼로니 반반피자
2024-02-03,3,2,Winter,1,0,1,미라시아,(화덕) 불고기 페퍼로니 반반피자
2024-02-04,2,2,Winter,1,0,1,미라시아,(화덕) 불고기 페퍼로니 반반피자
2024-02-05,1,2,Winter,0,0,0,미라시아,(화덕) 불고기 페퍼로니 반반피자
2024-02-06,0,2,Winter,0,0,0,미라시아,(화덕) 불고기 페퍼로니 반반피자
2024-02-07,0,2,Winter,0,0,0,미라시아,(화덕) 불고기 페퍼로니 반반피자
2024-02-08,0,2,Winter,0,0,0,미라시아,(화덕) 불고기 페퍼로니 반반피자
2024-02-09,3,2,Winter,0,1,1,미라시아,(화덕) 불고기 페퍼로니 반반피자
2024-02-10,5,2,Winter,1,1,1,미라시아,(화덕) 불고기 페퍼로니 반반피자
2024-02-11,6,2,Winter,1,1,1,미라시아,(화덕) 불고기 페퍼로니 반반피자
2024-02-12,4,2,Winter,0,1,1,미라시아,(화덕) 불고기 페퍼로니 반반피자
2024-02-13,1,2,Winter,0,0,0,미라시아,(화덕) 불고기 페퍼로니 반반피자
2024-02-14,1,2,Winter,0,0,0,미라시아,(화덕) 불고기 페퍼로니 반반피자
2024-02-15,2,2,Winter,0,0,0,미라시아,(화덕) 불고기 페퍼로니 반반피자
2024-02-16,3,2,Winter,0,0,0,미라시아,(화덕) 불고기 페퍼로니 반반피자
2024-02-17,4,2,Winter,1,0,1,미라시아,(화덕) 불고기 페퍼로니 반반피자
2024-02-18,9,2,Winter,1,0,1,미라시아,(화덕) 불고기 페퍼로니 반반피자
2024-02-19,0,2,Winter,0,0,0,미라시아,(화덕) 불고기 페퍼로니 반반피자
2024-02-20,0,2,Winter,0,0,0,미라시아,(화덕) 불고기 페퍼로니 반반피자
2024-02-21,0,2,Winter,0,0,0,미라시아,(화덕) 불고기 페퍼로니 반반피자
2024-02-22,6,2,Winter,0,0,0,미라시아,(화덕) 불고기 페퍼로니 반반피자
2024-02-23,3,2,Winter,0,0,0,미라시아,(화덕) 불고기 페퍼로니 반반피자
2024-02-24,2,2,Winter,1,0,1,미라시아,(화덕) 불고기 페퍼로니 반반피자
2024-02-25,4,2,Winter,1,0,1,미라시아,(화덕) 불고기 페퍼로니 반반피자
2024-02-26,1,2,Winter,0,0,0,미라시아,(화덕) 불고기 페퍼로니 반반피자
2024-02-27,1,2,Winter,0,0,0,미라시아,(화덕) 불고기 페퍼로니 반반피자
2024-02-28,1,2,Winter,0,0,0,미라시아,(화덕) 불고기 페퍼로니 반반피자
2024-02-29,4,2,Winter,0,0,0,미라시아,(화덕) 불고기 페퍼로니 반반피자
2024-03-01,7,3,Spring,0,1,1,미라시아,(화덕) 불고기 페퍼로니 반반피자
2024-03-02,5,3,Spring,1,0,1,미라시아,(화덕) 불고기 페퍼로니 반반피자
2024-03-03,0,3,Spring,1,0,1,미라시아,(화덕) 불고기 페퍼로니 반반피자
2024-03-04,0,3,Spring,0,0,0,미라시아,(화덕) 불고기 페퍼로니 반반피자
2024-03-05,0,3,Spring,0,0,0,미라시아,(화덕) 불고기 페퍼로니 반반피자
2024-03-06,0,3,Spring,0,0,0,미라시아,(화덕) 불고기 페퍼로니 반반피자
2024-03-07,0,3,Spring,0,0,0,미라시아,(화덕) 불고기 페퍼로니 반반피자
2024-03-08,0,3,Spring,0,0,0,미라시아,(화덕) 불고기 페퍼로니 반반피자
2024-03-09,0,3,Spring,1,0,1,미라시아,(화덕) 불고기 페퍼로니 반반피자
2024-03-10,0,3,Spring,1,0,1,미라시아,(화덕) 불고기 페퍼로니 반반피자
2024-03-11,0,3,Spring,0,0,0,미라시아,(화덕) 불고기 페퍼로니 반반피자
2024-03-12,0,3,Spring,0,0,0,미라시아,(화덕) 불고기 페퍼로니 반반피자
2024-03-13,0,3,Spring,0,0,0,미라시아,(화덕) 불고기 페퍼로니 반반피자
2024-03-14,0,3,Spring,0,0,0,미라시아,(화덕) 불고기 페퍼로니 반반피자
2024-03-15,1,3,Spring,0,0,0,미라시아,(화덕) 불고기 페퍼로니 반반피자
2024-03-16,6,3,Spring,1,0,1,미라시아,(화덕) 불고기 페퍼로니 반반피자
2024-03-17,1,3,Spring,1,0,1,미라시아,(화덕) 불고기 페퍼로니 반반피자
2024-03-18,1,3,Spring,0,0,0,미라시아,(화덕) 불고기 페퍼로니 반반피자
2024-03-19,1,3,Spring,0,0,0,미라시아,(화덕) 불고기 페퍼로니 반반피자
2024-03-20,1,3,Spring,0,0,0,미라시아,(화덕) 불고기 페퍼로니 반반피자
2024-03-21,0,3,Spring,0,0,0,미라시아,(화덕) 불고기 페퍼로니 반반피자
2024-03-22,1,3,Spring,0,0,0,미라시아,(화덕) 불고기 페퍼로니 반반피자
2024-03-23,4,3,Spring,1,0,1,미라시아,(화덕) 불고기 페퍼로니 반반피자
2024-03-24,0,3,Spring,1,0,1,미라시아,(화덕) 불고기 페퍼로니 반반피자
2024-03-25,0,3,Spring,0,0,0,미라시아,(화덕) 불고기 페퍼로니 반반피자
2024-03-26,0,3,Spring,0,0,0,미라시아,(화덕) 불고기 페퍼로니 반반피자
2024-03-27,1,3,Spring,0,0,0,미라시아,(화덕) 불고기 페퍼로니 반반피자
2024-03-28,0,3,Spring,0,0,0,미라시아,(화덕) 불고기 페퍼로니 반반피자
2024-03-29,0,3,Spring,0,0,0,미라시아,(화덕) 불고기 페퍼로니 반반피자
2024-03-30,3,3,Spring,1,0,1,미라시아,(화덕) 불고기 페퍼로니 반반피자
2024-03-31,2,3,Spring,1,0,1,미라시아,(화덕) 불고기 페퍼로니 반반피자
2024-04-01,0,4,Spring,0,0,0,미라시아,(화덕) 불고기 페퍼로니 반반피자
2024-04-02,0,4,Spring,0,0,0,미라시아,(화덕) 불고기 페퍼로니 반반피자
2024-04-03,0,4,Spring,0,0,0,미라시아,(화덕) 불고기 페퍼로니 반반피자
2024-04-04,0,4,Spring,0,0,0,미라시아,(화덕) 불고기 페퍼로니 반반피자
2024-04-05,7,4,Spring,0,0,0,미라시아,(화덕) 불고기 페퍼로니 반반피자
2024-04-06,16,4,Spring,1,0,1,미라시아,(화덕) 불고기 페퍼로니 반반피자
2024-04-07,1,4,Spring,1,0,1,미라시아,(화덕) 불고기 페퍼로니 반반피자
2024-04-08,2,4,Spring,0,0,0,미라시아,(화덕) 불고기 페퍼로니 반반피자
2024-04-09,2,4,Spring,0,0,0,미라시아,(화덕) 불고기 페퍼로니 반반피자
2024-04-10,6,4,Spring,0,1,1,미라시아,(화덕) 불고기 페퍼로니 반반피자
2024-04-11,3,4,Spring,0,0,0,미라시아,(화덕) 불고기 페퍼로니 반반피자
2024-04-12,1,4,Spring,0,0,0,미라시아,(화덕) 불고기 페퍼로니 반반피자
2024-04-13,4,4,Spring,1,0,1,미라시아,(화덕) 불고기 페퍼로니 반반피자
2024-04-14,4,4,Spring,1,0,1,미라시아,(화덕) 불고기 페퍼로니 반반피자
2024-04-15,2,4,Spring,0,0,0,미라시아,(화덕) 불고기 페퍼로니 반반피자
2024-04-16,0,4,Spring,0,0,0,미라시아,(화덕) 불고기 페퍼로니 반반피자
2024-04-17,0,4,Spring,0,0,0,미라시아,(화덕) 불고기 페퍼로니 반반피자
2024-04-18,1,4,Spring,0,0,0,미라시아,(화덕) 불고기 페퍼로니 반반피자
2024-04-19,4,4,Spring,0,0,0,미라시아,(화덕) 불고기 페퍼로니 반반피자
2024-04-20,3,4,Spring,1,0,1,미라시아,(화덕) 불고기 페퍼로니 반반피자
2024-04-21,2,4,Spring,1,0,1,미라시아,(화덕) 불고기 페퍼로니 반반피자
2024-04-22,0,4,Spring,0,0,0,미라시아,(화덕) 불고기 페퍼로니 반반피자
2024-04-23,0,4,Spring,0,0,0,미라시아,(화덕) 불고기 페퍼로니 반반피자
2024-04-24,0,4,Spring,0,0,0,미라시아,(화덕) 불고기 페퍼로니 반반피자
2024-04-25,2,4,Spring,0,0,0,미라시아,(화덕) 불고기 페퍼로니 반반피자
2024-04-26,2,4,Spring,0,0,0,미라시아,(화덕) 불고기 페퍼로니 반반피자
2024-04-27,11,4,Spring,1,0,1,미라시아,(화덕) 불고기 페퍼로니 반반피자
2024-04-28,5,4,Spring,1,0,1,미라시아,(화덕) 불고기 페퍼로니 반반피자
2024-04-29,0,4,Spring,0,0,0,미라시아,(화덕) 불고기 페퍼로니 반반피자
2024-04-30,2,4,Spring,0,0,0,미라시아,(화덕) 불고기 페퍼로니 반반피자
2024-05-01,1,5,Spring,0,0,0,미라시아,(화덕) 불고기 페퍼로니 반반피자
2024-05-02,2,5,Spring,0,0,0,미라시아,(화덕) 불고기 페퍼로니 반반피자
2024-05-03,2,5,Spring,0,0,0,미라시아,(화덕) 불고기 페퍼로니 반반피자
2024-05-04,5,5,Spring,1,0,1,미라시아,(화덕) 불고기 페퍼로니 반반피자
2024-05-05,8,5,Spring,1,1,1,미라시아,(화덕) 불고기 페퍼로니 반반피자
2024-05-06,2,5,Spring,0,1,1,미라시아,(화덕) 불고기 페퍼로니 반반피자
2024-05-07,3,5,Spring,0,0,0,미라시아,(화덕) 불고기 페퍼로니 반반피자
2024-05-08,1,5,Spring,0,0,0,미라시아,(화덕) 불고기 페퍼로니 반반피자
2024-05-09,2,5,Spring,0,0,0,미라시아,(화덕) 불고기 페퍼로니 반반피자
2024-05-10,5,5,Spring,0,0,0,미라시아,(화덕) 불고기 페퍼로니 반반피자
2024-05-11,7,5,Spring,1,0,1,미라시아,(화덕) 불고기 페퍼로니 반반피자
2024-05-12,0,5,Spring,1,0,1,미라시아,(화덕) 불고기 페퍼로니 반반피자
2024-05-13,0,5,Spring,0,0,0,미라시아,(화덕) 불고기 페퍼로니 반반피자
2024-05-14,4,5,Spring,0,0,0,미라시아,(화덕) 불고기 페퍼로니 반반피자
2024-05-15,1,5,Spring,0,1,1,미라시아,(화덕) 불고기 페퍼로니 반반피자
2024-05-16,0,5,Spring,0,0,0,미라시아,(화덕) 불고기 페퍼로니 반반피자
2024-05-17,2,5,Spring,0,0,0,미라시아,(화덕) 불고기 페퍼로니 반반피자
2024-05-18,10,5,Spring,1,0,1,미라시아,(화덕) 불고기 페퍼로니 반반피자
2024-05-19,2,5,Spring,1,0,1,미라시아,(화덕) 불고기 페퍼로니 반반피자
2024-05-20,2,5,Spring,0,0,0,미라시아,(화덕) 불고기 페퍼로니 반반피자
2024-05-21,1,5,Spring,0,0,0,미라시아,(화덕) 불고기 페퍼로니 반반피자
2024-05-22,0,5,Spring,0,0,0,미라시아,(화덕) 불고기 페퍼로니 반반피자
2024-05-23,0,5,Spring,0,0,0,미라시아,(화덕) 불고기 페퍼로니 반반피자
2024-05-24,3,5,Spring,0,0,0,미라시아,(화덕) 불고기 페퍼로니 반반피자
2024-05-25,6,5,Spring,1,0,1,미라시아,(화덕) 불고기 페퍼로니 반반피자
2024-05-26,0,5,Spring,1,0,1,미라시아,(화덕) 불고기 페퍼로니 반반피자
2024-05-27,0,5,Spring,0,0,0,미라시아,(화덕) 불고기 페퍼로니 반반피자
2024-05-28,2,5,Spring,0,0,0,미라시아,(화덕) 불고기 페퍼로니 반반피자
2024-05-29,0,5,Spring,0,0,0,미라시아,(화덕) 불고기 페퍼로니 반반피자
2024-05-30,4,5,Spring,0,0,0,미라시아,(화덕) 불고기 페퍼로니 반반피자
2024-05-31,2,5,Spring,0,0,0,미라시아,(화덕) 불고기 페퍼로니 반반피자
2024-06-01,7,6,Summer,1,0,1,미라시아,(화덕) 불고기 페퍼로니 반반피자
2024-06-02,1,6,Summer,1,0,1,미라시아,(화덕) 불고기 페퍼로니 반반피자
2024-06-03,1,6,Summer,0,0,0,미라시아,(화덕) 불고기 페퍼로니 반반피자
2024-06-04,1,6,Summer,0,0,0,미라시아,(화덕) 불고기 페퍼로니 반반피자
2024-06-05,3,6,Summer,0,0,0,미라시아,(화덕) 불고기 페퍼로니 반반피자
2024-06-06,6,6,Summer,0,1,1,미라시아,(화덕) 불고기 페퍼로니 반반피자
2024-06-07,2,6,Summer,0,0,0,미라시아,(화덕) 불고기 페퍼로니 반반피자
2024-06-08,5,6,Summer,1,0,1,미라시아,(화덕) 불고기 페퍼로니 반반피자
2024-06-09,0,6,Summer,1,0,1,미라시아,(화덕) 불고기 페퍼로니 반반피자
2024-06-10,1,6,Summer,0,0,0,미라시아,(화덕) 불고기 페퍼로니 반반피자
2024-06-11,0,6,Summer,0,0,0,미라시아,(화덕) 불고기 페퍼로니 반반피자
2024-06-12,0,6,Summer,0,0,0,미라시아,(화덕) 불고기 페퍼로니 반반피자
2024-06-13,1,6,Summer,0,0,0,미라시아,(화덕) 불고기 페퍼로니 반반피자
2024-06-14,0,6,Summer,0,0,0,미라시아,(화덕) 불고기 페퍼로니 반반피자
2024-06-15,5,6,Summer,1,0,1,미라시아,(화덕) 불고기 페퍼로니 반반피자
2023-01-01,15,1,Winter,1,1,1,미라시아,BBQ Platter
2023-01-02,14,1,Winter,0,0,0,미라시아,BBQ Platter
2023-01-03,9,1,Winter,0,0,0,미라시아,BBQ Platter
2023-01-04,5,1,Winter,0,0,0,미라시아,BBQ Platter
2023-01-05,4,1,Winter,0,0,0,미라시아,BBQ Platter
2023-01-06,6,1,Winter,0,0,0,미라시아,BBQ Platter
2023-01-07,18,1,Winter,1,0,1,미라시아,BBQ Platter
2023-01-08,10,1,Winter,1,0,1,미라시아,BBQ Platter
2023-01-09,6,1,Winter,0,0,0,미라시아,BBQ Platter
2023-01-10,16,1,Winter,0,0,0,미라시아,BBQ Platter
2023-01-11,8,1,Winter,0,0,0,미라시아,BBQ Platter
2023-01-12,8,1,Winter,0,0,0,미라시아,BBQ Platter
2023-01-13,9,1,Winter,0,0,0,미라시아,BBQ Platter
2023-01-14,14,1,Winter,1,0,1,미라시아,BBQ Platter
2023-01-15,8,1,Winter,1,0,1,미라시아,BBQ Platter
2023-01-16,13,1,Winter,0,0,0,미라시아,BBQ Platter
2023-01-17,9,1,Winter,0,0,0,미라시아,BBQ Platter
2023-01-18,13,1,Winter,0,0,0,미라시아,BBQ Platter
2023-01-19,10,1,Winter,0,0,0,미라시아,BBQ Platter
2023-01-20,15,1,Winter,0,0,0,미라시아,BBQ Platter
2023-01-21,22,1,Winter,1,1,1,미라시아,BBQ Platter
2023-01-22,28,1,Winter,1,1,1,미라시아,BBQ Platter
2023-01-23,29,1,Winter,0,1,1,미라시아,BBQ Platter
2023-01-24,14,1,Winter,0,1,1,미라시아,BBQ Platter
2023-01-25,8,1,Winter,0,0,0,미라시아,BBQ Platter
2023-01-26,10,1,Winter,0,0,0,미라시아,BBQ Platter
2023-01-27,7,1,Winter,0,0,0,미라시아,BBQ Platter
2023-01-28,19,1,Winter,1,0,1,미라시아,BBQ Platter
2023-01-29,12,1,Winter,1,0,1,미라시아,BBQ Platter
2023-01-30,12,1,Winter,0,0,0,미라시아,BBQ Platter
2023-01-31,8,1,Winter,0,0,0,미라시아,BBQ Platter
2023-02-01,6,2,Winter,0,0,0,미라시아,BBQ Platter
2023-02-02,21,2,Winter,0,0,0,미라시아,BBQ Platter
2023-02-03,14,2,Winter,0,0,0,미라시아,BBQ Platter
2023-02-04,21,2,Winter,1,0,1,미라시아,BBQ Platter
2023-02-05,11,2,Winter,1,0,1,미라시아,BBQ Platter
2023-02-06,6,2,Winter,0,0,0,미라시아,BBQ Platter
2023-02-07,6,2,Winter,0,0,0,미라시아,BBQ Platter
2023-02-08,9,2,Winter,0,0,0,미라시아,BBQ Platter
2023-02-09,10,2,Winter,0,0,0,미라시아,BBQ Platter
2023-02-10,9,2,Winter,0,0,0,미라시아,BBQ Platter
2023-02-11,22,2,Winter,1,0,1,미라시아,BBQ Platter
2023-02-12,16,2,Winter,1,0,1,미라시아,BBQ Platter
2023-02-13,12,2,Winter,0,0,0,미라시아,BBQ Platter
2023-02-14,2,2,Winter,0,0,0,미라시아,BBQ Platter
2023-02-15,6,2,Winter,0,0,0,미라시아,BBQ Platter
2023-02-16,5,2,Winter,0,0,0,미라시아,BBQ Platter
2023-02-17,8,2,Winter,0,0,0,미라시아,BBQ Platter
2023-02-18,17,2,Winter,1,0,1,미라시아,BBQ Platter
2023-02-19,13,2,Winter,1,0,1,미라시아,BBQ Platter
2023-02-20,7,2,Winter,0,0,0,미라시아,BBQ Platter
2023-02-21,5,2,Winter,0,0,0,미라시아,BBQ Platter
2023-02-22,8,2,Winter,0,0,0,미라시아,BBQ Platter
2023-02-23,15,2,Winter,0,0,0,미라시아,BBQ Platter
2023-02-24,16,2,Winter,0,0,0,미라시아,BBQ Platter
2023-02-25,24,2,Winter,1,0,1,미라시아,BBQ Platter
2023-02-26,22,2,Winter,1,0,1,미라시아,BBQ Platter
2023-02-27,6,2,Winter,0,0,0,미라시아,BBQ Platter
2023-02-28,10,2,Winter,0,0,0,미라시아,BBQ Platter
2023-03-01,0,3,Spring,0,1,1,미라시아,BBQ Platter
2023-03-02,0,3,Spring,0,0,0,미라시아,BBQ Platter
2023-03-03,0,3,Spring,0,0,0,미라시아,BBQ Platter
2023-03-04,0,3,Spring,1,0,1,미라시아,BBQ Platter
2023-03-05,0,3,Spring,1,0,1,미라시아,BBQ Platter
2023-03-06,0,3,Spring,0,0,0,미라시아,BBQ Platter
2023-03-07,0,3,Spring,0,0,0,미라시아,BBQ Platter
2023-03-08,0,3,Spring,0,0,0,미라시아,BBQ Platter
2023-03-09,0,3,Spring,0,0,0,미라시아,BBQ Platter
2023-03-10,4,3,Spring,0,0,0,미라시아,BBQ Platter
2023-03-11,23,3,Spring,1,0,1,미라시아,BBQ Platter
2023-03-12,3,3,Spring,1,0,1,미라시아,BBQ Platter
2023-03-13,1,3,Spring,0,0,0,미라시아,BBQ Platter
2023-03-14,1,3,Spring,0,0,0,미라시아,BBQ Platter
2023-03-15,1,3,Spring,0,0,0,미라시아,BBQ Platter
2023-03-16,1,3,Spring,0,0,0,미라시아,BBQ Platter
2023-03-17,5,3,Spring,0,0,0,미라시아,BBQ Platter
2023-03-18,13,3,Spring,1,0,1,미라시아,BBQ Platter
2023-03-19,2,3,Spring,1,0,1,미라시아,BBQ Platter
2023-03-20,1,3,Spring,0,0,0,미라시아,BBQ Platter
2023-03-21,1,3,Spring,0,0,0,미라시아,BBQ Platter
2023-03-22,2,3,Spring,0,0,0,미라시아,BBQ Platter
2023-03-23,0,3,Spring,0,0,0,미라시아,BBQ Platter
2023-03-24,8,3,Spring,0,0,0,미라시아,BBQ Platter
2023-03-25,13,3,Spring,1,0,1,미라시아,BBQ Platter
2023-03-26,3,3,Spring,1,0,1,미라시아,BBQ Platter
2023-03-27,0,3,Spring,0,0,0,미라시아,BBQ Platter
2023-03-28,1,3,Spring,0,0,0,미라시아,BBQ Platter
2023-03-29,0,3,Spring,0,0,0,미라시아,BBQ Platter
2023-03-30,3,3,Spring,0,0,0,미라시아,BBQ Platter
2023-03-31,10,3,Spring,0,0,0,미라시아,BBQ Platter
2023-04-01,11,4,Spring,1,0,1,미라시아,BBQ Platter
2023-04-02,5,4,Spring,1,0,1,미라시아,BBQ Platter
2023-04-03,2,4,Spring,0,0,0,미라시아,BBQ Platter
2023-04-04,1,4,Spring,0,0,0,미라시아,BBQ Platter
2023-04-05,2,4,Spring,0,0,0,미라시아,BBQ Platter
2023-04-06,2,4,Spring,0,0,0,미라시아,BBQ Platter
2023-04-07,7,4,Spring,0,0,0,미라시아,BBQ Platter
2023-04-08,20,4,Spring,1,0,1,미라시아,BBQ Platter
2023-04-09,5,4,Spring,1,0,1,미라시아,BBQ Platter
2023-04-10,5,4,Spring,0,0,0,미라시아,BBQ Platter
2023-04-11,5,4,Spring,0,0,0,미라시아,BBQ Platter
2023-04-12,1,4,Spring,0,0,0,미라시아,BBQ Platter
2023-04-13,1,4,Spring,0,0,0,미라시아,BBQ Platter
2023-04-14,6,4,Spring,0,0,0,미라시아,BBQ Platter
2023-04-15,18,4,Spring,1,0,1,미라시아,BBQ Platter
2023-04-16,6,4,Spring,1,0,1,미라시아,BBQ Platter
2023-04-17,3,4,Spring,0,0,0,미라시아,BBQ Platter
2023-04-18,3,4,Spring,0,0,0,미라시아,BBQ Platter
2023-04-19,2,4,Spring,0,0,0,미라시아,BBQ Platter
2023-04-20,2,4,Spring,0,0,0,미라시아,BBQ Platter
2023-04-21,12,4,Spring,0,0,0,미라시아,BBQ Platter
2023-04-22,15,4,Spring,1,0,1,미라시아,BBQ Platter
2023-04-23,2,4,Spring,1,0,1,미라시아,BBQ Platter
2023-04-24,2,4,Spring,0,0,0,미라시아,BBQ Platter
2023-04-25,2,4,Spring,0,0,0,미라시아,BBQ Platter
2023-04-26,1,4,Spring,0,0,0,미라시아,BBQ Platter
2023-04-27,3,4,Spring,0,0,0,미라시아,BBQ Platter
2023-04-28,6,4,Spring,0,0,0,미라시아,BBQ Platter
2023-04-29,16,4,Spring,1,0,1,미라시아,BBQ Platter
2023-04-30,20,4,Spring,1,0,1,미라시아,BBQ Platter
2023-05-01,4,5,Spring,0,0,0,미라시아,BBQ Platter
2023-05-02,3,5,Spring,0,0,0,미라시아,BBQ Platter
2023-05-03,4,5,Spring,0,0,0,미라시아,BBQ Platter
2023-05-04,0,5,Spring,0,0,0,미라시아,BBQ Platter
2023-05-05,0,5,Spring,0,1,1,미라시아,BBQ Platter
2023-05-06,0,5,Spring,1,0,1,미라시아,BBQ Platter
2023-05-07,8,5,Spring,1,0,1,미라시아,BBQ Platter
2023-05-08,0,5,Spring,0,0,0,미라시아,BBQ Platter
2023-05-09,3,5,Spring,0,0,0,미라시아,BBQ Platter
2023-05-10,2,5,Spring,0,0,0,미라시아,BBQ Platter
2023-05-11,1,5,Spring,0,0,0,미라시아,BBQ Platter
2023-05-12,0,5,Spring,0,0,0,미라시아,BBQ Platter
2023-05-13,0,5,Spring,1,0,1,미라시아,BBQ Platter
2023-05-14,0,5,Spring,1,0,1,미라시아,BBQ Platter
2023-05-15,2,5,Spring,0,0,0,미라시아,BBQ Platter
2023-05-16,5,5,Spring,0,0,0,미라시아,BBQ Platter
2023-05-17,0,5,Spring,0,0,0,미라시아,BBQ Platter
2023-05-18,3,5,Spring,0,0,0,미라시아,BBQ Platter
2023-05-19,0,5,Spring,0,0,0,미라시아,BBQ Platter
2023-05-20,0,5,Spring,1,0,1,미라시아,BBQ Platter
2023-05-21,9,5,Spring,1,0,1,미라시아,BBQ Platter
2023-05-22,3,5,Spring,0,0,0,미라시아,BBQ Platter
2023-05-23,1,5,Spring,0,0,0,미라시아,BBQ Platter
2023-05-24,3,5,Spring,0,0,0,미라시아,BBQ Platter
2023-05-25,2,5,Spring,0,0,0,미라시아,BBQ Platter
2023-05-26,0,5,Spring,0,0,0,미라시아,BBQ Platter
2023-05-27,0,5,Spring,1,1,1,미라시아,BBQ Platter
2023-05-28,0,5,Spring,1,0,1,미라시아,BBQ Platter
2023-05-29,4,5,Spring,0,1,1,미라시아,BBQ Platter
2023-05-30,1,5,Spring,0,0,0,미라시아,BBQ Platter
2023-05-31,0,5,Spring,0,0,0,미라시아,BBQ Platter
2023-06-01,5,6,Summer,0,0,0,미라시아,BBQ Platter
2023-06-02,2,6,Summer,0,0,0,미라시아,BBQ Platter
2023-06-03,24,6,Summer,1,0,1,미라시아,BBQ Platter
2023-06-04,27,6,Summer,1,0,1,미라시아,BBQ Platter
2023-06-05,17,6,Summer,0,0,0,미라시아,BBQ Platter
2023-06-06,6,6,Summer,0,1,1,미라시아,BBQ Platter
2023-06-07,4,6,Summer,0,0,0,미라시아,BBQ Platter
2023-06-08,0,6,Summer,0,0,0,미라시아,BBQ Platter
2023-06-09,8,6,Summer,0,0,0,미라시아,BBQ Platter
2023-06-10,7,6,Summer,1,0,1,미라시아,BBQ Platter
2023-06-11,2,6,Summer,1,0,1,미라시아,BBQ Platter
2023-06-12,3,6,Summer,0,0,0,미라시아,BBQ Platter
2023-06-13,2,6,Summer,0,0,0,미라시아,BBQ Platter
2023-06-14,7,6,Summer,0,0,0,미라시아,BBQ Platter
2023-06-15,1,6,Summer,0,0,0,미라시아,BBQ Platter
2023-06-16,11,6,Summer,0,0,0,미라시아,BBQ Platter
2023-06-17,16,6,Summer,1,0,1,미라시아,BBQ Platter
2023-06-18,5,6,Summer,1,0,1,미라시아,BBQ Platter
2023-06-19,1,6,Summer,0,0,0,미라시아,BBQ Platter
2023-06-20,0,6,Summer,0,0,0,미라시아,BBQ Platter
2023-06-21,4,6,Summer,0,0,0,미라시아,BBQ Platter
2023-06-22,2,6,Summer,0,0,0,미라시아,BBQ Platter
2023-06-23,8,6,Summer,0,0,0,미라시아,BBQ Platter
2023-06-24,15,6,Summer,1,0,1,미라시아,BBQ Platter
2023-06-25,8,6,Summer,1,0,1,미라시아,BBQ Platter
2023-06-26,3,6,Summer,0,0,0,미라시아,BBQ Platter
2023-06-27,2,6,Summer,0,0,0,미라시아,BBQ Platter
2023-06-28,2,6,Summer,0,0,0,미라시아,BBQ Platter
2023-06-29,2,6,Summer,0,0,0,미라시아,BBQ Platter
2023-06-30,7,6,Summer,0,0,0,미라시아,BBQ Platter
2023-07-01,21,7,Summer,1,0,1,미라시아,BBQ Platter
2023-07-02,5,7,Summer,1,0,1,미라시아,BBQ Platter
2023-07-03,8,7,Summer,0,0,0,미라시아,BBQ Platter
2023-07-04,1,7,Summer,0,0,0,미라시아,BBQ Platter
2023-07-05,1,7,Summer,0,0,0,미라시아,BBQ Platter
2023-07-06,4,7,Summer,0,0,0,미라시아,BBQ Platter
2023-07-07,3,7,Summer,0,0,0,미라시아,BBQ Platter
2023-07-08,13,7,Summer,1,0,1,미라시아,BBQ Platter
2023-07-09,3,7,Summer,1,0,1,미라시아,BBQ Platter
2023-07-10,1,7,Summer,0,0,0,미라시아,BBQ Platter
2023-07-11,1,7,Summer,0,0,0,미라시아,BBQ Platter
2023-07-12,1,7,Summer,0,0,0,미라시아,BBQ Platter
2023-07-13,1,7,Summer,0,0,0,미라시아,BBQ Platter
2023-07-14,13,7,Summer,0,0,0,미라시아,BBQ Platter
2023-07-15,29,7,Summer,1,0,1,미라시아,BBQ Platter
2023-07-16,3,7,Summer,1,0,1,미라시아,BBQ Platter
2023-07-17,4,7,Summer,0,0,0,미라시아,BBQ Platter
2023-07-18,2,7,Summer,0,0,0,미라시아,BBQ Platter
2023-07-19,4,7,Summer,0,0,0,미라시아,BBQ Platter
2023-07-20,6,7,Summer,0,0,0,미라시아,BBQ Platter
2023-07-21,17,7,Summer,0,0,0,미라시아,BBQ Platter
2023-07-22,13,7,Summer,1,0,1,미라시아,BBQ Platter
2023-07-23,10,7,Summer,1,0,1,미라시아,BBQ Platter
2023-07-24,14,7,Summer,0,0,0,미라시아,BBQ Platter
2023-07-25,9,7,Summer,0,0,0,미라시아,BBQ Platter
2023-07-26,8,7,Summer,0,0,0,미라시아,BBQ Platter
2023-07-27,18,7,Summer,0,0,0,미라시아,BBQ Platter
2023-07-28,12,7,Summer,0,0,0,미라시아,BBQ Platter
2023-07-29,20,7,Summer,1,0,1,미라시아,BBQ Platter
2023-07-30,20,7,Summer,1,0,1,미라시아,BBQ Platter
2023-07-31,17,7,Summer,0,0,0,미라시아,BBQ Platter
2023-08-01,23,8,Summer,0,0,0,미라시아,BBQ Platter
2023-08-02,11,8,Summer,0,0,0,미라시아,BBQ Platter
2023-08-03,15,8,Summer,0,0,0,미라시아,BBQ Platter
2023-08-04,22,8,Summer,0,0,0,미라시아,BBQ Platter
2023-08-05,18,8,Summer,1,0,1,미라시아,BBQ Platter
2023-08-06,16,8,Summer,1,0,1,미라시아,BBQ Platter
2023-08-07,20,8,Summer,0,0,0,미라시아,BBQ Platter
2023-08-08,16,8,Summer,0,0,0,미라시아,BBQ Platter
2023-08-09,10,8,Summer,0,0,0,미라시아,BBQ Platter
2023-08-10,18,8,Summer,0,0,0,미라시아,BBQ Platter
2023-08-11,15,8,Summer,0,0,0,미라시아,BBQ Platter
2023-08-12,16,8,Summer,1,0,1,미라시아,BBQ Platter
2023-08-13,15,8,Summer,1,0,1,미라시아,BBQ Platter
2023-08-14,8,8,Summer,0,0,0,미라시아,BBQ Platter
2023-08-15,13,8,Summer,0,1,1,미라시아,BBQ Platter
2023-08-16,3,8,Summer,0,0,0,미라시아,BBQ Platter
2023-08-17,4,8,Summer,0,0,0,미라시아,BBQ Platter
2023-08-18,4,8,Summer,0,0,0,미라시아,BBQ Platter
2023-08-19,16,8,Summer,1,0,1,미라시아,BBQ Platter
2023-08-20,5,8,Summer,1,0,1,미라시아,BBQ Platter
2023-08-21,8,8,Summer,0,0,0,미라시아,BBQ Platter
2023-08-22,6,8,Summer,0,0,0,미라시아,BBQ Platter
2023-08-23,4,8,Summer,0,0,0,미라시아,BBQ Platter
2023-08-24,3,8,Summer,0,0,0,미라시아,BBQ Platter
2023-08-25,7,8,Summer,0,0,0,미라시아,BBQ Platter
2023-08-26,21,8,Summer,1,0,1,미라시아,BBQ Platter
2023-08-27,12,8,Summer,1,0,1,미라시아,BBQ Platter
2023-08-28,4,8,Summer,0,0,0,미라시아,BBQ Platter
2023-08-29,6,8,Summer,0,0,0,미라시아,BBQ Platter
2023-08-30,2,8,Summer,0,0,0,미라시아,BBQ Platter
2023-08-31,4,8,Summer,0,0,0,미라시아,BBQ Platter
2023-09-01,5,9,Autumn,0,0,0,미라시아,BBQ Platter
2023-09-02,19,9,Autumn,1,0,1,미라시아,BBQ Platter
2023-09-03,6,9,Autumn,1,0,1,미라시아,BBQ Platter
2023-09-04,6,9,Autumn,0,0,0,미라시아,BBQ Platter
2023-09-05,6,9,Autumn,0,0,0,미라시아,BBQ Platter
2023-09-06,0,9,Autumn,0,0,0,미라시아,BBQ Platter
2023-09-07,5,9,Autumn,0,0,0,미라시아,BBQ Platter
2023-09-08,10,9,Autumn,0,0,0,미라시아,BBQ Platter
2023-09-09,18,9,Autumn,1,0,1,미라시아,BBQ Platter
2023-09-10,14,9,Autumn,1,0,1,미라시아,BBQ Platter
2023-09-11,3,9,Autumn,0,0,0,미라시아,BBQ Platter
2023-09-12,5,9,Autumn,0,0,0,미라시아,BBQ Platter
2023-09-13,2,9,Autumn,0,0,0,미라시아,BBQ Platter
2023-09-14,2,9,Autumn,0,0,0,미라시아,BBQ Platter
2023-09-15,23,9,Autumn,0,0,0,미라시아,BBQ Platter
2023-09-16,16,9,Autumn,1,0,1,미라시아,BBQ Platter
2023-09-17,6,9,Autumn,1,0,1,미라시아,BBQ Platter
2023-09-18,1,9,Autumn,0,0,0,미라시아,BBQ Platter
2023-09-19,1,9,Autumn,0,0,0,미라시아,BBQ Platter
2023-09-20,3,9,Autumn,0,0,0,미라시아,BBQ Platter
2023-09-21,0,9,Autumn,0,0,0,미라시아,BBQ Platter
2023-09-22,6,9,Autumn,0,0,0,미라시아,BBQ Platter
2023-09-23,9,9,Autumn,1,0,1,미라시아,BBQ Platter
2023-09-24,4,9,Autumn,1,0,1,미라시아,BBQ Platter
2023-09-25,1,9,Autumn,0,0,0,미라시아,BBQ Platter
2023-09-26,0,9,Autumn,0,0,0,미라시아,BBQ Platter
2023-09-27,8,9,Autumn,0,0,0,미라시아,BBQ Platter
2023-09-28,28,9,Autumn,0,1,1,미라시아,BBQ Platter
2023-09-29,20,9,Autumn,0,1,1,미라시아,BBQ Platter
2023-09-30,17,9,Autumn,1,1,1,미라시아,BBQ Platter
2023-10-01,18,10,Autumn,1,0,1,미라시아,BBQ Platter
2023-10-02,15,10,Autumn,0,1,1,미라시아,BBQ Platter
2023-10-03,5,10,Autumn,0,1,1,미라시아,BBQ Platter
2023-10-04,3,10,Autumn,0,0,0,미라시아,BBQ Platter
2023-10-05,2,10,Autumn,0,0,0,미라시아,BBQ Platter
2023-10-06,4,10,Autumn,0,0,0,미라시아,BBQ Platter
2023-10-07,15,10,Autumn,1,0,1,미라시아,BBQ Platter
2023-10-08,16,10,Autumn,1,0,1,미라시아,BBQ Platter
2023-10-09,6,10,Autumn,0,1,1,미라시아,BBQ Platter
2023-10-10,6,10,Autumn,0,0,0,미라시아,BBQ Platter
2023-10-11,3,10,Autumn,0,0,0,미라시아,BBQ Platter
2023-10-12,5,10,Autumn,0,0,0,미라시아,BBQ Platter
2023-10-13,10,10,Autumn,0,0,0,미라시아,BBQ Platter
2023-10-14,17,10,Autumn,1,0,1,미라시아,BBQ Platter
2023-10-15,9,10,Autumn,1,0,1,미라시아,BBQ Platter
2023-10-16,5,10,Autumn,0,0,0,미라시아,BBQ Platter
2023-10-17,12,10,Autumn,0,0,0,미라시아,BBQ Platter
2023-10-18,5,10,Autumn,0,0,0,미라시아,BBQ Platter
2023-10-19,3,10,Autumn,0,0,0,미라시아,BBQ Platter
2023-10-20,9,10,Autumn,0,0,0,미라시아,BBQ Platter
2023-10-21,15,10,Autumn,1,0,1,미라시아,BBQ Platter
2023-10-22,12,10,Autumn,1,0,1,미라시아,BBQ Platter
2023-10-23,8,10,Autumn,0,0,0,미라시아,BBQ Platter
2023-10-24,6,10,Autumn,0,0,0,미라시아,BBQ Platter
2023-10-25,8,10,Autumn,0,0,0,미라시아,BBQ Platter
2023-10-26,8,10,Autumn,0,0,0,미라시아,BBQ Platter
2023-10-27,9,10,Autumn,0,0,0,미라시아,BBQ Platter
2023-10-28,14,10,Autumn,1,0,1,미라시아,BBQ Platter
2023-10-29,16,10,Autumn,1,0,1,미라시아,BBQ Platter
2023-10-30,7,10,Autumn,0,0,0,미라시아,BBQ Platter
2023-10-31,24,10,Autumn,0,0,0,미라시아,BBQ Platter
2023-11-01,6,11,Autumn,0,0,0,미라시아,BBQ Platter
2023-11-02,2,11,Autumn,0,0,0,미라시아,BBQ Platter
2023-11-03,17,11,Autumn,0,0,0,미라시아,BBQ Platter
2023-11-04,16,11,Autumn,1,0,1,미라시아,BBQ Platter
2023-11-05,10,11,Autumn,1,0,1,미라시아,BBQ Platter
2023-11-06,7,11,Autumn,0,0,0,미라시아,BBQ Platter
2023-11-07,3,11,Autumn,0,0,0,미라시아,BBQ Platter
2023-11-08,5,11,Autumn,0,0,0,미라시아,BBQ Platter
2023-11-09,4,11,Autumn,0,0,0,미라시아,BBQ Platter
2023-11-10,8,11,Autumn,0,0,0,미라시아,BBQ Platter
2023-11-11,13,11,Autumn,1,0,1,미라시아,BBQ Platter
2023-11-12,10,11,Autumn,1,0,1,미라시아,BBQ Platter
2023-11-13,11,11,Autumn,0,0,0,미라시아,BBQ Platter
2023-11-14,11,11,Autumn,0,0,0,미라시아,BBQ Platter
2023-11-15,35,11,Autumn,0,0,0,미라시아,BBQ Platter
2023-11-16,4,11,Autumn,0,0,0,미라시아,BBQ Platter
2023-11-17,2,11,Autumn,0,0,0,미라시아,BBQ Platter
2023-11-18,7,11,Autumn,1,0,1,미라시아,BBQ Platter
2023-11-19,3,11,Autumn,1,0,1,미라시아,BBQ Platter
2023-11-20,0,11,Autumn,0,0,0,미라시아,BBQ Platter
2023-11-21,0,11,Autumn,0,0,0,미라시아,BBQ Platter
2023-11-22,0,11,Autumn,0,0,0,미라시아,BBQ Platter
2023-11-23,2,11,Autumn,0,0,0,미라시아,BBQ Platter
2023-11-24,6,11,Autumn,0,0,0,미라시아,BBQ Platter
2023-11-25,4,11,Autumn,1,0,1,미라시아,BBQ Platter
2023-11-26,0,11,Autumn,1,0,1,미라시아,BBQ Platter
2023-11-27,0,11,Autumn,0,0,0,미라시아,BBQ Platter
2023-11-28,0,11,Autumn,0,0,0,미라시아,BBQ Platter
2023-11-29,2,11,Autumn,0,0,0,미라시아,BBQ Platter
2023-11-30,7,11,Autumn,0,0,0,미라시아,BBQ Platter
2023-12-01,9,12,Winter,0,0,0,미라시아,BBQ Platter
2023-12-02,19,12,Winter,1,0,1,미라시아,BBQ Platter
2023-12-03,1,12,Winter,1,0,1,미라시아,BBQ Platter
2023-12-04,1,12,Winter,0,0,0,미라시아,BBQ Platter
2023-12-05,2,12,Winter,0,0,0,미라시아,BBQ Platter
2023-12-06,4,12,Winter,0,0,0,미라시아,BBQ Platter
2023-12-07,0,12,Winter,0,0,0,미라시아,BBQ Platter
2023-12-08,15,12,Winter,0,0,0,미라시아,BBQ Platter
2023-12-09,14,12,Winter,1,0,1,미라시아,BBQ Platter
2023-12-10,12,12,Winter,1,0,1,미라시아,BBQ Platter
2023-12-11,5,12,Winter,0,0,0,미라시아,BBQ Platter
2023-12-12,8,12,Winter,0,0,0,미라시아,BBQ Platter
2023-12-13,1,12,Winter,0,0,0,미라시아,BBQ Platter
2023-12-14,5,12,Winter,0,0,0,미라시아,BBQ Platter
2023-12-15,14,12,Winter,0,0,0,미라시아,BBQ Platter
2023-12-16,17,12,Winter,1,0,1,미라시아,BBQ Platter
2023-12-17,9,12,Winter,1,0,1,미라시아,BBQ Platter
2023-12-18,6,12,Winter,0,0,0,미라시아,BBQ Platter
2023-12-19,6,12,Winter,0,0,0,미라시아,BBQ Platter
2023-12-20,10,12,Winter,0,0,0,미라시아,BBQ Platter
2023-12-21,7,12,Winter,0,0,0,미라시아,BBQ Platter
2023-12-22,15,12,Winter,0,0,0,미라시아,BBQ Platter
2023-12-23,22,12,Winter,1,0,1,미라시아,BBQ Platter
2023-12-24,22,12,Winter,1,0,1,미라시아,BBQ Platter
2023-12-25,19,12,Winter,0,1,1,미라시아,BBQ Platter
2023-12-26,9,12,Winter,0,0,0,미라시아,BBQ Platter
2023-12-27,8,12,Winter,0,0,0,미라시아,BBQ Platter
2023-12-28,15,12,Winter,0,0,0,미라시아,BBQ Platter
2023-12-29,10,12,Winter,0,0,0,미라시아,BBQ Platter
2023-12-30,19,12,Winter,1,0,1,미라시아,BBQ Platter
2023-12-31,26,12,Winter,1,0,1,미라시아,BBQ Platter
2024-01-01,21,1,Winter,0,1,1,미라시아,BBQ Platter
2024-01-02,16,1,Winter,0,0,0,미라시아,BBQ Platter
2024-01-03,7,1,Winter,0,0,0,미라시아,BBQ Platter
2024-01-04,13,1,Winter,0,0,0,미라시아,BBQ Platter
2024-01-05,8,1,Winter,0,0,0,미라시아,BBQ Platter
2024-01-06,17,1,Winter,1,0,1,미라시아,BBQ Platter
2024-01-07,9,1,Winter,1,0,1,미라시아,BBQ Platter
2024-01-08,9,1,Winter,0,0,0,미라시아,BBQ Platter
2024-01-09,4,1,Winter,0,0,0,미라시아,BBQ Platter
2024-01-10,9,1,Winter,0,0,0,미라시아,BBQ Platter
2024-01-11,6,1,Winter,0,0,0,미라시아,BBQ Platter
2024-01-12,10,1,Winter,0,0,0,미라시아,BBQ Platter
2024-01-13,19,1,Winter,1,0,1,미라시아,BBQ Platter
2024-01-14,12,1,Winter,1,0,1,미라시아,BBQ Platter
2024-01-15,8,1,Winter,0,0,0,미라시아,BBQ Platter
2024-01-16,20,1,Winter,0,0,0,미라시아,BBQ Platter
2024-01-17,10,1,Winter,0,0,0,미라시아,BBQ Platter
2024-01-18,12,1,Winter,0,0,0,미라시아,BBQ Platter
2024-01-19,11,1,Winter,0,0,0,미라시아,BBQ Platter
2024-01-20,10,1,Winter,1,0,1,미라시아,BBQ Platter
2024-01-21,15,1,Winter,1,0,1,미라시아,BBQ Platter
2024-01-22,4,1,Winter,0,0,0,미라시아,BBQ Platter
2024-01-23,6,1,Winter,0,0,0,미라시아,BBQ Platter
2024-01-24,7,1,Winter,0,0,0,미라시아,BBQ Platter
2024-01-25,8,1,Winter,0,0,0,미라시아,BBQ Platter
2024-01-26,11,1,Winter,0,0,0,미라시아,BBQ Platter
2024-01-27,12,1,Winter,1,0,1,미라시아,BBQ Platter
2024-01-28,12,1,Winter,1,0,1,미라시아,BBQ Platter
2024-01-29,2,1,Winter,0,0,0,미라시아,BBQ Platter
2024-01-30,6,1,Winter,0,0,0,미라시아,BBQ Platter
2024-01-31,8,1,Winter,0,0,0,미라시아,BBQ Platter
2024-02-01,4,2,Winter,0,0,0,미라시아,BBQ Platter
2024-02-02,1,2,Winter,0,0,0,미라시아,BBQ Platter
2024-02-03,11,2,Winter,1,0,1,미라시아,BBQ Platter
2024-02-04,13,2,Winter,1,0,1,미라시아,BBQ Platter
2024-02-05,5,2,Winter,0,0,0,미라시아,BBQ Platter
2024-02-06,6,2,Winter,0,0,0,미라시아,BBQ Platter
2024-02-07,1,2,Winter,0,0,0,미라시아,BBQ Platter
2024-02-08,10,2,Winter,0,0,0,미라시아,BBQ Platter
2024-02-09,12,2,Winter,0,1,1,미라시아,BBQ Platter
2024-02-10,22,2,Winter,1,1,1,미라시아,BBQ Platter
2024-02-11,17,2,Winter,1,1,1,미라시아,BBQ Platter
2024-02-12,14,2,Winter,0,1,1,미라시아,BBQ Platter
2024-02-13,2,2,Winter,0,0,0,미라시아,BBQ Platter
2024-02-14,4,2,Winter,0,0,0,미라시아,BBQ Platter
2024-02-15,3,2,Winter,0,0,0,미라시아,BBQ Platter
2024-02-16,21,2,Winter,0,0,0,미라시아,BBQ Platter
2024-02-17,13,2,Winter,1,0,1,미라시아,BBQ Platter
2024-02-18,14,2,Winter,1,0,1,미라시아,BBQ Platter
2024-02-19,7,2,Winter,0,0,0,미라시아,BBQ Platter
2024-02-20,6,2,Winter,0,0,0,미라시아,BBQ Platter
2024-02-21,3,2,Winter,0,0,0,미라시아,BBQ Platter
2024-02-22,6,2,Winter,0,0,0,미라시아,BBQ Platter
2024-02-23,4,2,Winter,0,0,0,미라시아,BBQ Platter
2024-02-24,12,2,Winter,1,0,1,미라시아,BBQ Platter
2024-02-25,9,2,Winter,1,0,1,미라시아,BBQ Platter
2024-02-26,9,2,Winter,0,0,0,미라시아,BBQ Platter
2024-02-27,3,2,Winter,0,0,0,미라시아,BBQ Platter
2024-02-28,3,2,Winter,0,0,0,미라시아,BBQ Platter
2024-02-29,12,2,Winter,0,0,0,미라시아,BBQ Platter
2024-03-01,12,3,Spring,0,1,1,미라시아,BBQ Platter
2024-03-02,20,3,Spring,1,0,1,미라시아,BBQ Platter
2024-03-03,0,3,Spring,1,0,1,미라시아,BBQ Platter
2024-03-04,0,3,Spring,0,0,0,미라시아,BBQ Platter
2024-03-05,0,3,Spring,0,0,0,미라시아,BBQ Platter
2024-03-06,0,3,Spring,0,0,0,미라시아,BBQ Platter
2024-03-07,0,3,Spring,0,0,0,미라시아,BBQ Platter
2024-03-08,0,3,Spring,0,0,0,미라시아,BBQ Platter
2024-03-09,0,3,Spring,1,0,1,미라시아,BBQ Platter
2024-03-10,0,3,Spring,1,0,1,미라시아,BBQ Platter
2024-03-11,0,3,Spring,0,0,0,미라시아,BBQ Platter
2024-03-12,0,3,Spring,0,0,0,미라시아,BBQ Platter
2024-03-13,1,3,Spring,0,0,0,미라시아,BBQ Platter
2024-03-14,1,3,Spring,0,0,0,미라시아,BBQ Platter
2024-03-15,2,3,Spring,0,0,0,미라시아,BBQ Platter
2024-03-16,13,3,Spring,1,0,1,미라시아,BBQ Platter
2024-03-17,1,3,Spring,1,0,1,미라시아,BBQ Platter
2024-03-18,0,3,Spring,0,0,0,미라시아,BBQ Platter
2024-03-19,0,3,Spring,0,0,0,미라시아,BBQ Platter
2024-03-20,0,3,Spring,0,0,0,미라시아,BBQ Platter
2024-03-21,0,3,Spring,0,0,0,미라시아,BBQ Platter
2024-03-22,4,3,Spring,0,0,0,미라시아,BBQ Platter
2024-03-23,16,3,Spring,1,0,1,미라시아,BBQ Platter
2024-03-24,1,3,Spring,1,0,1,미라시아,BBQ Platter
2024-03-25,1,3,Spring,0,0,0,미라시아,BBQ Platter
2024-03-26,2,3,Spring,0,0,0,미라시아,BBQ Platter
2024-03-27,1,3,Spring,0,0,0,미라시아,BBQ Platter
2024-03-28,2,3,Spring,0,0,0,미라시아,BBQ Platter
2024-03-29,2,3,Spring,0,0,0,미라시아,BBQ Platter
2024-03-30,5,3,Spring,1,0,1,미라시아,BBQ Platter
2024-03-31,3,3,Spring,1,0,1,미라시아,BBQ Platter
2024-04-01,1,4,Spring,0,0,0,미라시아,BBQ Platter
2024-04-02,1,4,Spring,0,0,0,미라시아,BBQ Platter
2024-04-03,0,4,Spring,0,0,0,미라시아,BBQ Platter
2024-04-04,4,4,Spring,0,0,0,미라시아,BBQ Platter
2024-04-05,12,4,Spring,0,0,0,미라시아,BBQ Platter
2024-04-06,17,4,Spring,1,0,1,미라시아,BBQ Platter
2024-04-07,6,4,Spring,1,0,1,미라시아,BBQ Platter
2024-04-08,2,4,Spring,0,0,0,미라시아,BBQ Platter
2024-04-09,7,4,Spring,0,0,0,미라시아,BBQ Platter
2024-04-10,9,4,Spring,0,1,1,미라시아,BBQ Platter
2024-04-11,9,4,Spring,0,0,0,미라시아,BBQ Platter
2024-04-12,9,4,Spring,0,0,0,미라시아,BBQ Platter
2024-04-13,21,4,Spring,1,0,1,미라시아,BBQ Platter
2024-04-14,3,4,Spring,1,0,1,미라시아,BBQ Platter
2024-04-15,0,4,Spring,0,0,0,미라시아,BBQ Platter
2024-04-16,4,4,Spring,0,0,0,미라시아,BBQ Platter
2024-04-17,5,4,Spring,0,0,0,미라시아,BBQ Platter
2024-04-18,0,4,Spring,0,0,0,미라시아,BBQ Platter
2024-04-19,5,4,Spring,0,0,0,미라시아,BBQ Platter
2024-04-20,12,4,Spring,1,0,1,미라시아,BBQ Platter
2024-04-21,5,4,Spring,1,0,1,미라시아,BBQ Platter
2024-04-22,1,4,Spring,0,0,0,미라시아,BBQ Platter
2024-04-23,2,4,Spring,0,0,0,미라시아,BBQ Platter
2024-04-24,2,4,Spring,0,0,0,미라시아,BBQ Platter
2024-04-25,5,4,Spring,0,0,0,미라시아,BBQ Platter
2024-04-26,10,4,Spring,0,0,0,미라시아,BBQ Platter
2024-04-27,10,4,Spring,1,0,1,미라시아,BBQ Platter
2024-04-28,6,4,Spring,1,0,1,미라시아,BBQ Platter
2024-04-29,5,4,Spring,0,0,0,미라시아,BBQ Platter
2024-04-30,4,4,Spring,0,0,0,미라시아,BBQ Platter
2024-05-01,5,5,Spring,0,0,0,미라시아,BBQ Platter
2024-05-02,3,5,Spring,0,0,0,미라시아,BBQ Platter
2024-05-03,3,5,Spring,0,0,0,미라시아,BBQ Platter
2024-05-04,15,5,Spring,1,0,1,미라시아,BBQ Platter
2024-05-05,21,5,Spring,1,1,1,미라시아,BBQ Platter
2024-05-06,2,5,Spring,0,1,1,미라시아,BBQ Platter
2024-05-07,3,5,Spring,0,0,0,미라시아,BBQ Platter
2024-05-08,2,5,Spring,0,0,0,미라시아,BBQ Platter
2024-05-09,1,5,Spring,0,0,0,미라시아,BBQ Platter
2024-05-10,3,5,Spring,0,0,0,미라시아,BBQ Platter
2024-05-11,5,5,Spring,1,0,1,미라시아,BBQ Platter
2024-05-12,3,5,Spring,1,0,1,미라시아,BBQ Platter
2024-05-13,2,5,Spring,0,0,0,미라시아,BBQ Platter
2024-05-14,5,5,Spring,0,0,0,미라시아,BBQ Platter
2024-05-15,6,5,Spring,0,1,1,미라시아,BBQ Platter
2024-05-16,3,5,Spring,0,0,0,미라시아,BBQ Platter
2024-05-17,3,5,Spring,0,0,0,미라시아,BBQ Platter
2024-05-18,21,5,Spring,1,0,1,미라시아,BBQ Platter
2024-05-19,3,5,Spring,1,0,1,미라시아,BBQ Platter
2024-05-20,1,5,Spring,0,0,0,미라시아,BBQ Platter
2024-05-21,2,5,Spring,0,0,0,미라시아,BBQ Platter
2024-05-22,1,5,Spring,0,0,0,미라시아,BBQ Platter
2024-05-23,1,5,Spring,0,0,0,미라시아,BBQ Platter
2024-05-24,8,5,Spring,0,0,0,미라시아,BBQ Platter
2024-05-25,19,5,Spring,1,0,1,미라시아,BBQ Platter
2024-05-26,4,5,Spring,1,0,1,미라시아,BBQ Platter
2024-05-27,0,5,Spring,0,0,0,미라시아,BBQ Platter
2024-05-28,0,5,Spring,0,0,0,미라시아,BBQ Platter
2024-05-29,3,5,Spring,0,0,0,미라시아,BBQ Platter
2024-05-30,4,5,Spring,0,0,0,미라시아,BBQ Platter
2024-05-31,2,5,Spring,0,0,0,미라시아,BBQ Platter
2024-06-01,17,6,Summer,1,0,1,미라시아,BBQ Platter
2024-06-02,1,6,Summer,1,0,1,미라시아,BBQ Platter
2024-06-03,2,6,Summer,0,0,0,미라시아,BBQ Platter
2024-06-04,2,6,Summer,0,0,0,미라시아,BBQ Platter
2024-06-05,6,6,Summer,0,0,0,미라시아,BBQ Platter
2024-06-06,12,6,Summer,0,1,1,미라시아,BBQ Platter
2024-06-07,8,6,Summer,0,0,0,미라시아,BBQ Platter
2024-06-08,11,6,Summer,1,0,1,미라시아,BBQ Platter
2024-06-09,2,6,Summer,1,0,1,미라시아,BBQ Platter
2024-06-10,3,6,Summer,0,0,0,미라시아,BBQ Platter
2024-06-11,2,6,Summer,0,0,0,미라시아,BBQ Platter
2024-06-12,1,6,Summer,0,0,0,미라시아,BBQ Platter
2024-06-13,0,6,Summer,0,0,0,미라시아,BBQ Platter
2024-06-14,0,6,Summer,0,0,0,미라시아,BBQ Platter
2024-06-15,13,6,Summer,1,0,1,미라시아,BBQ Platter
2023-01-01,0,1,Winter,1,1,1,미라시아,BBQ 고기추가
2023-01-02,0,1,Winter,0,0,0,미라시아,BBQ 고기추가
2023-01-03,0,1,Winter,0,0,0,미라시아,BBQ 고기추가
2023-01-04,0,1,Winter,0,0,0,미라시아,BBQ 고기추가
2023-01-05,1,1,Winter,0,0,0,미라시아,BBQ 고기추가
2023-01-06,0,1,Winter,0,0,0,미라시아,BBQ 고기추가
2023-01-07,2,1,Winter,1,0,1,미라시아,BBQ 고기추가
2023-01-08,1,1,Winter,1,0,1,미라시아,BBQ 고기추가
2023-01-09,0,1,Winter,0,0,0,미라시아,BBQ 고기추가
2023-01-10,1,1,Winter,0,0,0,미라시아,BBQ 고기추가
2023-01-11,0,1,Winter,0,0,0,미라시아,BBQ 고기추가
2023-01-12,0,1,Winter,0,0,0,미라시아,BBQ 고기추가
2023-01-13,1,1,Winter,0,0,0,미라시아,BBQ 고기추가
2023-01-14,1,1,Winter,1,0,1,미라시아,BBQ 고기추가
2023-01-15,0,1,Winter,1,0,1,미라시아,BBQ 고기추가
2023-01-16,1,1,Winter,0,0,0,미라시아,BBQ 고기추가
2023-01-17,0,1,Winter,0,0,0,미라시아,BBQ 고기추가
2023-01-18,0,1,Winter,0,0,0,미라시아,BBQ 고기추가
2023-01-19,0,1,Winter,0,0,0,미라시아,BBQ 고기추가
2023-01-20,3,1,Winter,0,0,0,미라시아,BBQ 고기추가
2023-01-21,0,1,Winter,1,1,1,미라시아,BBQ 고기추가
2023-01-22,4,1,Winter,1,1,1,미라시아,BBQ 고기추가
2023-01-23,8,1,Winter,0,1,1,미라시아,BBQ 고기추가
2023-01-24,2,1,Winter,0,1,1,미라시아,BBQ 고기추가
2023-01-25,1,1,Winter,0,0,0,미라시아,BBQ 고기추가
2023-01-26,1,1,Winter,0,0,0,미라시아,BBQ 고기추가
2023-01-27,1,1,Winter,0,0,0,미라시아,BBQ 고기추가
2023-01-28,4,1,Winter,1,0,1,미라시아,BBQ 고기추가
2023-01-29,2,1,Winter,1,0,1,미라시아,BBQ 고기추가
2023-01-30,2,1,Winter,0,0,0,미라시아,BBQ 고기추가
2023-01-31,0,1,Winter,0,0,0,미라시아,BBQ 고기추가
2023-02-01,0,2,Winter,0,0,0,미라시아,BBQ 고기추가
2023-02-02,0,2,Winter,0,0,0,미라시아,BBQ 고기추가
2023-02-03,1,2,Winter,0,0,0,미라시아,BBQ 고기추가
2023-02-04,2,2,Winter,1,0,1,미라시아,BBQ 고기추가
2023-02-05,1,2,Winter,1,0,1,미라시아,BBQ 고기추가
2023-02-06,0,2,Winter,0,0,0,미라시아,BBQ 고기추가
2023-02-07,0,2,Winter,0,0,0,미라시아,BBQ 고기추가
2023-02-08,2,2,Winter,0,0,0,미라시아,BBQ 고기추가
2023-02-09,0,2,Winter,0,0,0,미라시아,BBQ 고기추가
2023-02-10,1,2,Winter,0,0,0,미라시아,BBQ 고기추가
2023-02-11,4,2,Winter,1,0,1,미라시아,BBQ 고기추가
2023-02-12,1,2,Winter,1,0,1,미라시아,BBQ 고기추가
2023-02-13,1,2,Winter,0,0,0,미라시아,BBQ 고기추가
2023-02-14,0,2,Winter,0,0,0,미라시아,BBQ 고기추가
2023-02-15,0,2,Winter,0,0,0,미라시아,BBQ 고기추가
2023-02-16,1,2,Winter,0,0,0,미라시아,BBQ 고기추가
2023-02-17,0,2,Winter,0,0,0,미라시아,BBQ 고기추가
2023-02-18,2,2,Winter,1,0,1,미라시아,BBQ 고기추가
2023-02-19,0,2,Winter,1,0,1,미라시아,BBQ 고기추가
2023-02-20,3,2,Winter,0,0,0,미라시아,BBQ 고기추가
2023-02-21,0,2,Winter,0,0,0,미라시아,BBQ 고기추가
2023-02-22,3,2,Winter,0,0,0,미라시아,BBQ 고기추가
2023-02-23,1,2,Winter,0,0,0,미라시아,BBQ 고기추가
2023-02-24,1,2,Winter,0,0,0,미라시아,BBQ 고기추가
2023-02-25,6,2,Winter,1,0,1,미라시아,BBQ 고기추가
2023-02-26,2,2,Winter,1,0,1,미라시아,BBQ 고기추가
2023-02-27,0,2,Winter,0,0,0,미라시아,BBQ 고기추가
2023-02-28,0,2,Winter,0,0,0,미라시아,BBQ 고기추가
2023-03-01,0,3,Spring,0,1,1,미라시아,BBQ 고기추가
2023-03-02,0,3,Spring,0,0,0,미라시아,BBQ 고기추가
2023-03-03,0,3,Spring,0,0,0,미라시아,BBQ 고기추가
2023-03-04,0,3,Spring,1,0,1,미라시아,BBQ 고기추가
2023-03-05,0,3,Spring,1,0,1,미라시아,BBQ 고기추가
2023-03-06,0,3,Spring,0,0,0,미라시아,BBQ 고기추가
2023-03-07,0,3,Spring,0,0,0,미라시아,BBQ 고기추가
2023-03-08,0,3,Spring,0,0,0,미라시아,BBQ 고기추가
2023-03-09,0,3,Spring,0,0,0,미라시아,BBQ 고기추가
2023-03-10,0,3,Spring,0,0,0,미라시아,BBQ 고기추가
2023-03-11,1,3,Spring,1,0,1,미라시아,BBQ 고기추가
2023-03-12,0,3,Spring,1,0,1,미라시아,BBQ 고기추가
2023-03-13,0,3,Spring,0,0,0,미라시아,BBQ 고기추가
2023-03-14,0,3,Spring,0,0,0,미라시아,BBQ 고기추가
2023-03-15,0,3,Spring,0,0,0,미라시아,BBQ 고기추가
2023-03-16,0,3,Spring,0,0,0,미라시아,BBQ 고기추가
2023-03-17,0,3,Spring,0,0,0,미라시아,BBQ 고기추가
2023-03-18,1,3,Spring,1,0,1,미라시아,BBQ 고기추가
2023-03-19,1,3,Spring,1,0,1,미라시아,BBQ 고기추가
2023-03-20,0,3,Spring,0,0,0,미라시아,BBQ 고기추가
2023-03-21,0,3,Spring,0,0,0,미라시아,BBQ 고기추가
2023-03-22,0,3,Spring,0,0,0,미라시아,BBQ 고기추가
2023-03-23,0,3,Spring,0,0,0,미라시아,BBQ 고기추가
2023-03-24,1,3,Spring,0,0,0,미라시아,BBQ 고기추가
2023-03-25,1,3,Spring,1,0,1,미라시아,BBQ 고기추가
2023-03-26,0,3,Spring,1,0,1,미라시아,BBQ 고기추가
2023-03-27,0,3,Spring,0,0,0,미라시아,BBQ 고기추가
2023-03-28,0,3,Spring,0,0,0,미라시아,BBQ 고기추가
2023-03-29,0,3,Spring,0,0,0,미라시아,BBQ 고기추가
2023-03-30,2,3,Spring,0,0,0,미라시아,BBQ 고기추가
2023-03-31,2,3,Spring,0,0,0,미라시아,BBQ 고기추가
2023-04-01,1,4,Spring,1,0,1,미라시아,BBQ 고기추가
2023-04-02,1,4,Spring,1,0,1,미라시아,BBQ 고기추가
2023-04-03,0,4,Spring,0,0,0,미라시아,BBQ 고기추가
2023-04-04,0,4,Spring,0,0,0,미라시아,BBQ 고기추가
2023-04-05,1,4,Spring,0,0,0,미라시아,BBQ 고기추가
2023-04-06,0,4,Spring,0,0,0,미라시아,BBQ 고기추가
2023-04-07,0,4,Spring,0,0,0,미라시아,BBQ 고기추가
2023-04-08,1,4,Spring,1,0,1,미라시아,BBQ 고기추가
2023-04-09,0,4,Spring,1,0,1,미라시아,BBQ 고기추가
2023-04-10,0,4,Spring,0,0,0,미라시아,BBQ 고기추가
2023-04-11,0,4,Spring,0,0,0,미라시아,BBQ 고기추가
2023-04-12,0,4,Spring,0,0,0,미라시아,BBQ 고기추가
2023-04-13,0,4,Spring,0,0,0,미라시아,BBQ 고기추가
2023-04-14,0,4,Spring,0,0,0,미라시아,BBQ 고기추가
2023-04-15,3,4,Spring,1,0,1,미라시아,BBQ 고기추가
2023-04-16,0,4,Spring,1,0,1,미라시아,BBQ 고기추가
2023-04-17,0,4,Spring,0,0,0,미라시아,BBQ 고기추가
2023-04-18,0,4,Spring,0,0,0,미라시아,BBQ 고기추가
2023-04-19,0,4,Spring,0,0,0,미라시아,BBQ 고기추가
2023-04-20,0,4,Spring,0,0,0,미라시아,BBQ 고기추가
2023-04-21,2,4,Spring,0,0,0,미라시아,BBQ 고기추가
2023-04-22,0,4,Spring,1,0,1,미라시아,BBQ 고기추가
2023-04-23,0,4,Spring,1,0,1,미라시아,BBQ 고기추가
2023-04-24,1,4,Spring,0,0,0,미라시아,BBQ 고기추가
2023-04-25,0,4,Spring,0,0,0,미라시아,BBQ 고기추가
2023-04-26,0,4,Spring,0,0,0,미라시아,BBQ 고기추가
2023-04-27,0,4,Spring,0,0,0,미라시아,BBQ 고기추가
2023-04-28,1,4,Spring,0,0,0,미라시아,BBQ 고기추가
2023-04-29,1,4,Spring,1,0,1,미라시아,BBQ 고기추가
2023-04-30,3,4,Spring,1,0,1,미라시아,BBQ 고기추가
2023-05-01,0,5,Spring,0,0,0,미라시아,BBQ 고기추가
2023-05-02,0,5,Spring,0,0,0,미라시아,BBQ 고기추가
2023-05-03,0,5,Spring,0,0,0,미라시아,BBQ 고기추가
2023-05-04,0,5,Spring,0,0,0,미라시아,BBQ 고기추가
2023-05-05,0,5,Spring,0,1,1,미라시아,BBQ 고기추가
2023-05-06,0,5,Spring,1,0,1,미라시아,BBQ 고기추가
2023-05-07,1,5,Spring,1,0,1,미라시아,BBQ 고기추가
2023-05-08,0,5,Spring,0,0,0,미라시아,BBQ 고기추가
2023-05-09,0,5,Spring,0,0,0,미라시아,BBQ 고기추가
2023-05-10,0,5,Spring,0,0,0,미라시아,BBQ 고기추가
2023-05-11,0,5,Spring,0,0,0,미라시아,BBQ 고기추가
2023-05-12,0,5,Spring,0,0,0,미라시아,BBQ 고기추가
2023-05-13,0,5,Spring,1,0,1,미라시아,BBQ 고기추가
2023-05-14,0,5,Spring,1,0,1,미라시아,BBQ 고기추가
2023-05-15,0,5,Spring,0,0,0,미라시아,BBQ 고기추가
2023-05-16,0,5,Spring,0,0,0,미라시아,BBQ 고기추가
2023-05-17,0,5,Spring,0,0,0,미라시아,BBQ 고기추가
2023-05-18,0,5,Spring,0,0,0,미라시아,BBQ 고기추가
2023-05-19,0,5,Spring,0,0,0,미라시아,BBQ 고기추가
2023-05-20,0,5,Spring,1,0,1,미라시아,BBQ 고기추가
2023-05-21,2,5,Spring,1,0,1,미라시아,BBQ 고기추가
2023-05-22,1,5,Spring,0,0,0,미라시아,BBQ 고기추가
2023-05-23,0,5,Spring,0,0,0,미라시아,BBQ 고기추가
2023-05-24,0,5,Spring,0,0,0,미라시아,BBQ 고기추가
2023-05-25,1,5,Spring,0,0,0,미라시아,BBQ 고기추가
2023-05-26,0,5,Spring,0,0,0,미라시아,BBQ 고기추가
2023-05-27,0,5,Spring,1,1,1,미라시아,BBQ 고기추가
2023-05-28,0,5,Spring,1,0,1,미라시아,BBQ 고기추가
2023-05-29,1,5,Spring,0,1,1,미라시아,BBQ 고기추가
2023-05-30,0,5,Spring,0,0,0,미라시아,BBQ 고기추가
2023-05-31,0,5,Spring,0,0,0,미라시아,BBQ 고기추가
2023-06-01,0,6,Summer,0,0,0,미라시아,BBQ 고기추가
2023-06-02,1,6,Summer,0,0,0,미라시아,BBQ 고기추가
2023-06-03,6,6,Summer,1,0,1,미라시아,BBQ 고기추가
2023-06-04,2,6,Summer,1,0,1,미라시아,BBQ 고기추가
2023-06-05,0,6,Summer,0,0,0,미라시아,BBQ 고기추가
2023-06-06,0,6,Summer,0,1,1,미라시아,BBQ 고기추가
2023-06-07,0,6,Summer,0,0,0,미라시아,BBQ 고기추가
2023-06-08,0,6,Summer,0,0,0,미라시아,BBQ 고기추가
2023-06-09,1,6,Summer,0,0,0,미라시아,BBQ 고기추가
2023-06-10,0,6,Summer,1,0,1,미라시아,BBQ 고기추가
2023-06-11,0,6,Summer,1,0,1,미라시아,BBQ 고기추가
2023-06-12,0,6,Summer,0,0,0,미라시아,BBQ 고기추가
2023-06-13,0,6,Summer,0,0,0,미라시아,BBQ 고기추가
2023-06-14,0,6,Summer,0,0,0,미라시아,BBQ 고기추가
2023-06-15,1,6,Summer,0,0,0,미라시아,BBQ 고기추가
2023-06-16,6,6,Summer,0,0,0,미라시아,BBQ 고기추가
2023-06-17,2,6,Summer,1,0,1,미라시아,BBQ 고기추가
2023-06-18,1,6,Summer,1,0,1,미라시아,BBQ 고기추가
2023-06-19,0,6,Summer,0,0,0,미라시아,BBQ 고기추가
2023-06-20,0,6,Summer,0,0,0,미라시아,BBQ 고기추가
2023-06-21,0,6,Summer,0,0,0,미라시아,BBQ 고기추가
2023-06-22,0,6,Summer,0,0,0,미라시아,BBQ 고기추가
2023-06-23,0,6,Summer,0,0,0,미라시아,BBQ 고기추가
2023-06-24,0,6,Summer,1,0,1,미라시아,BBQ 고기추가
2023-06-25,0,6,Summer,1,0,1,미라시아,BBQ 고기추가
2023-06-26,0,6,Summer,0,0,0,미라시아,BBQ 고기추가
2023-06-27,0,6,Summer,0,0,0,미라시아,BBQ 고기추가
2023-06-28,0,6,Summer,0,0,0,미라시아,BBQ 고기추가
2023-06-29,0,6,Summer,0,0,0,미라시아,BBQ 고기추가
2023-06-30,2,6,Summer,0,0,0,미라시아,BBQ 고기추가
2023-07-01,0,7,Summer,1,0,1,미라시아,BBQ 고기추가
2023-07-02,0,7,Summer,1,0,1,미라시아,BBQ 고기추가
2023-07-03,0,7,Summer,0,0,0,미라시아,BBQ 고기추가
2023-07-04,0,7,Summer,0,0,0,미라시아,BBQ 고기추가
2023-07-05,0,7,Summer,0,0,0,미라시아,BBQ 고기추가
2023-07-06,0,7,Summer,0,0,0,미라시아,BBQ 고기추가
2023-07-07,1,7,Summer,0,0,0,미라시아,BBQ 고기추가
2023-07-08,0,7,Summer,1,0,1,미라시아,BBQ 고기추가
2023-07-09,1,7,Summer,1,0,1,미라시아,BBQ 고기추가
2023-07-10,0,7,Summer,0,0,0,미라시아,BBQ 고기추가
2023-07-11,0,7,Summer,0,0,0,미라시아,BBQ 고기추가
2023-07-12,0,7,Summer,0,0,0,미라시아,BBQ 고기추가
2023-07-13,0,7,Summer,0,0,0,미라시아,BBQ 고기추가
2023-07-14,2,7,Summer,0,0,0,미라시아,BBQ 고기추가
2023-07-15,4,7,Summer,1,0,1,미라시아,BBQ 고기추가
2023-07-16,1,7,Summer,1,0,1,미라시아,BBQ 고기추가
2023-07-17,0,7,Summer,0,0,0,미라시아,BBQ 고기추가
2023-07-18,0,7,Summer,0,0,0,미라시아,BBQ 고기추가
2023-07-19,0,7,Summer,0,0,0,미라시아,BBQ 고기추가
2023-07-20,0,7,Summer,0,0,0,미라시아,BBQ 고기추가
2023-07-21,1,7,Summer,0,0,0,미라시아,BBQ 고기추가
2023-07-22,1,7,Summer,1,0,1,미라시아,BBQ 고기추가
2023-07-23,0,7,Summer,1,0,1,미라시아,BBQ 고기추가
2023-07-24,1,7,Summer,0,0,0,미라시아,BBQ 고기추가
2023-07-25,0,7,Summer,0,0,0,미라시아,BBQ 고기추가
2023-07-26,0,7,Summer,0,0,0,미라시아,BBQ 고기추가
2023-07-27,0,7,Summer,0,0,0,미라시아,BBQ 고기추가
2023-07-28,2,7,Summer,0,0,0,미라시아,BBQ 고기추가
2023-07-29,2,7,Summer,1,0,1,미라시아,BBQ 고기추가
2023-07-30,1,7,Summer,1,0,1,미라시아,BBQ 고기추가
2023-07-31,0,7,Summer,0,0,0,미라시아,BBQ 고기추가
2023-08-01,0,8,Summer,0,0,0,미라시아,BBQ 고기추가
2023-08-02,0,8,Summer,0,0,0,미라시아,BBQ 고기추가
2023-08-03,2,8,Summer,0,0,0,미라시아,BBQ 고기추가
2023-08-04,0,8,Summer,0,0,0,미라시아,BBQ 고기추가
2023-08-05,3,8,Summer,1,0,1,미라시아,BBQ 고기추가
2023-08-06,5,8,Summer,1,0,1,미라시아,BBQ 고기추가
2023-08-07,3,8,Summer,0,0,0,미라시아,BBQ 고기추가
2023-08-08,2,8,Summer,0,0,0,미라시아,BBQ 고기추가
2023-08-09,1,8,Summer,0,0,0,미라시아,BBQ 고기추가
2023-08-10,1,8,Summer,0,0,0,미라시아,BBQ 고기추가
2023-08-11,1,8,Summer,0,0,0,미라시아,BBQ 고기추가
2023-08-12,1,8,Summer,1,0,1,미라시아,BBQ 고기추가
2023-08-13,0,8,Summer,1,0,1,미라시아,BBQ 고기추가
2023-08-14,1,8,Summer,0,0,0,미라시아,BBQ 고기추가
2023-08-15,2,8,Summer,0,1,1,미라시아,BBQ 고기추가
2023-08-16,0,8,Summer,0,0,0,미라시아,BBQ 고기추가
2023-08-17,0,8,Summer,0,0,0,미라시아,BBQ 고기추가
2023-08-18,0,8,Summer,0,0,0,미라시아,BBQ 고기추가
2023-08-19,0,8,Summer,1,0,1,미라시아,BBQ 고기추가
2023-08-20,0,8,Summer,1,0,1,미라시아,BBQ 고기추가
2023-08-21,0,8,Summer,0,0,0,미라시아,BBQ 고기추가
2023-08-22,0,8,Summer,0,0,0,미라시아,BBQ 고기추가
2023-08-23,0,8,Summer,0,0,0,미라시아,BBQ 고기추가
2023-08-24,0,8,Summer,0,0,0,미라시아,BBQ 고기추가
2023-08-25,0,8,Summer,0,0,0,미라시아,BBQ 고기추가
2023-08-26,3,8,Summer,1,0,1,미라시아,BBQ 고기추가
2023-08-27,0,8,Summer,1,0,1,미라시아,BBQ 고기추가
2023-08-28,1,8,Summer,0,0,0,미라시아,BBQ 고기추가
2023-08-29,3,8,Summer,0,0,0,미라시아,BBQ 고기추가
2023-08-30,0,8,Summer,0,0,0,미라시아,BBQ 고기추가
2023-08-31,0,8,Summer,0,0,0,미라시아,BBQ 고기추가
2023-09-01,1,9,Autumn,0,0,0,미라시아,BBQ 고기추가
2023-09-02,1,9,Autumn,1,0,1,미라시아,BBQ 고기추가
2023-09-03,3,9,Autumn,1,0,1,미라시아,BBQ 고기추가
2023-09-04,2,9,Autumn,0,0,0,미라시아,BBQ 고기추가
2023-09-05,1,9,Autumn,0,0,0,미라시아,BBQ 고기추가
2023-09-06,0,9,Autumn,0,0,0,미라시아,BBQ 고기추가
2023-09-07,0,9,Autumn,0,0,0,미라시아,BBQ 고기추가
2023-09-08,1,9,Autumn,0,0,0,미라시아,BBQ 고기추가
2023-09-09,3,9,Autumn,1,0,1,미라시아,BBQ 고기추가
2023-09-10,1,9,Autumn,1,0,1,미라시아,BBQ 고기추가
2023-09-11,16,9,Autumn,0,0,0,미라시아,BBQ 고기추가
2023-09-12,0,9,Autumn,0,0,0,미라시아,BBQ 고기추가
2023-09-13,0,9,Autumn,0,0,0,미라시아,BBQ 고기추가
2023-09-14,0,9,Autumn,0,0,0,미라시아,BBQ 고기추가
2023-09-15,1,9,Autumn,0,0,0,미라시아,BBQ 고기추가
2023-09-16,2,9,Autumn,1,0,1,미라시아,BBQ 고기추가
2023-09-17,0,9,Autumn,1,0,1,미라시아,BBQ 고기추가
2023-09-18,0,9,Autumn,0,0,0,미라시아,BBQ 고기추가
2023-09-19,0,9,Autumn,0,0,0,미라시아,BBQ 고기추가
2023-09-20,0,9,Autumn,0,0,0,미라시아,BBQ 고기추가
2023-09-21,0,9,Autumn,0,0,0,미라시아,BBQ 고기추가
2023-09-22,1,9,Autumn,0,0,0,미라시아,BBQ 고기추가
2023-09-23,1,9,Autumn,1,0,1,미라시아,BBQ 고기추가
2023-09-24,0,9,Autumn,1,0,1,미라시아,BBQ 고기추가
2023-09-25,0,9,Autumn,0,0,0,미라시아,BBQ 고기추가
2023-09-26,0,9,Autumn,0,0,0,미라시아,BBQ 고기추가
2023-09-27,0,9,Autumn,0,0,0,미라시아,BBQ 고기추가
2023-09-28,1,9,Autumn,0,1,1,미라시아,BBQ 고기추가
2023-09-29,5,9,Autumn,0,1,1,미라시아,BBQ 고기추가
2023-09-30,3,9,Autumn,1,1,1,미라시아,BBQ 고기추가
2023-10-01,2,10,Autumn,1,0,1,미라시아,BBQ 고기추가
2023-10-02,3,10,Autumn,0,1,1,미라시아,BBQ 고기추가
2023-10-03,0,10,Autumn,0,1,1,미라시아,BBQ 고기추가
2023-10-04,0,10,Autumn,0,0,0,미라시아,BBQ 고기추가
2023-10-05,0,10,Autumn,0,0,0,미라시아,BBQ 고기추가
2023-10-06,0,10,Autumn,0,0,0,미라시아,BBQ 고기추가
2023-10-07,1,10,Autumn,1,0,1,미라시아,BBQ 고기추가
2023-10-08,1,10,Autumn,1,0,1,미라시아,BBQ 고기추가
2023-10-09,0,10,Autumn,0,1,1,미라시아,BBQ 고기추가
2023-10-10,1,10,Autumn,0,0,0,미라시아,BBQ 고기추가
2023-10-11,2,10,Autumn,0,0,0,미라시아,BBQ 고기추가
2023-10-12,0,10,Autumn,0,0,0,미라시아,BBQ 고기추가
2023-10-13,38,10,Autumn,0,0,0,미라시아,BBQ 고기추가
2023-10-14,0,10,Autumn,1,0,1,미라시아,BBQ 고기추가
2023-10-15,1,10,Autumn,1,0,1,미라시아,BBQ 고기추가
2023-10-16,1,10,Autumn,0,0,0,미라시아,BBQ 고기추가
2023-10-17,0,10,Autumn,0,0,0,미라시아,BBQ 고기추가
2023-10-18,0,10,Autumn,0,0,0,미라시아,BBQ 고기추가
2023-10-19,0,10,Autumn,0,0,0,미라시아,BBQ 고기추가
2023-10-20,0,10,Autumn,0,0,0,미라시아,BBQ 고기추가
2023-10-21,2,10,Autumn,1,0,1,미라시아,BBQ 고기추가
2023-10-22,3,10,Autumn,1,0,1,미라시아,BBQ 고기추가
2023-10-23,0,10,Autumn,0,0,0,미라시아,BBQ 고기추가
2023-10-24,0,10,Autumn,0,0,0,미라시아,BBQ 고기추가
2023-10-25,0,10,Autumn,0,0,0,미라시아,BBQ 고기추가
2023-10-26,1,10,Autumn,0,0,0,미라시아,BBQ 고기추가
2023-10-27,3,10,Autumn,0,0,0,미라시아,BBQ 고기추가
2023-10-28,0,10,Autumn,1,0,1,미라시아,BBQ 고기추가
2023-10-29,0,10,Autumn,1,0,1,미라시아,BBQ 고기추가
2023-10-30,0,10,Autumn,0,0,0,미라시아,BBQ 고기추가
2023-10-31,9,10,Autumn,0,0,0,미라시아,BBQ 고기추가
2023-11-01,0,11,Autumn,0,0,0,미라시아,BBQ 고기추가
2023-11-02,0,11,Autumn,0,0,0,미라시아,BBQ 고기추가
2023-11-03,1,11,Autumn,0,0,0,미라시아,BBQ 고기추가
2023-11-04,0,11,Autumn,1,0,1,미라시아,BBQ 고기추가
2023-11-05,0,11,Autumn,1,0,1,미라시아,BBQ 고기추가
2023-11-06,0,11,Autumn,0,0,0,미라시아,BBQ 고기추가
2023-11-07,0,11,Autumn,0,0,0,미라시아,BBQ 고기추가
2023-11-08,0,11,Autumn,0,0,0,미라시아,BBQ 고기추가
2023-11-09,1,11,Autumn,0,0,0,미라시아,BBQ 고기추가
2023-11-10,0,11,Autumn,0,0,0,미라시아,BBQ 고기추가
2023-11-11,1,11,Autumn,1,0,1,미라시아,BBQ 고기추가
2023-11-12,1,11,Autumn,1,0,1,미라시아,BBQ 고기추가
2023-11-13,0,11,Autumn,0,0,0,미라시아,BBQ 고기추가
2023-11-14,0,11,Autumn,0,0,0,미라시아,BBQ 고기추가
2023-11-15,0,11,Autumn,0,0,0,미라시아,BBQ 고기추가
2023-11-16,0,11,Autumn,0,0,0,미라시아,BBQ 고기추가
2023-11-17,1,11,Autumn,0,0,0,미라시아,BBQ 고기추가
2023-11-18,0,11,Autumn,1,0,1,미라시아,BBQ 고기추가
2023-11-19,2,11,Autumn,1,0,1,미라시아,BBQ 고기추가
2023-11-20,0,11,Autumn,0,0,0,미라시아,BBQ 고기추가
2023-11-21,0,11,Autumn,0,0,0,미라시아,BBQ 고기추가
2023-11-22,0,11,Autumn,0,0,0,미라시아,BBQ 고기추가
2023-11-23,1,11,Autumn,0,0,0,미라시아,BBQ 고기추가
2023-11-24,0,11,Autumn,0,0,0,미라시아,BBQ 고기추가
2023-11-25,1,11,Autumn,1,0,1,미라시아,BBQ 고기추가
2023-11-26,0,11,Autumn,1,0,1,미라시아,BBQ 고기추가
2023-11-27,0,11,Autumn,0,0,0,미라시아,BBQ 고기추가
2023-11-28,0,11,Autumn,0,0,0,미라시아,BBQ 고기추가
2023-11-29,0,11,Autumn,0,0,0,미라시아,BBQ 고기추가
2023-11-30,1,11,Autumn,0,0,0,미라시아,BBQ 고기추가
2023-12-01,0,12,Winter,0,0,0,미라시아,BBQ 고기추가
2023-12-02,1,12,Winter,1,0,1,미라시아,BBQ 고기추가
2023-12-03,0,12,Winter,1,0,1,미라시아,BBQ 고기추가
2023-12-04,0,12,Winter,0,0,0,미라시아,BBQ 고기추가
2023-12-05,0,12,Winter,0,0,0,미라시아,BBQ 고기추가
2023-12-06,0,12,Winter,0,0,0,미라시아,BBQ 고기추가
2023-12-07,0,12,Winter,0,0,0,미라시아,BBQ 고기추가
2023-12-08,1,12,Winter,0,0,0,미라시아,BBQ 고기추가
2023-12-09,3,12,Winter,1,0,1,미라시아,BBQ 고기추가
2023-12-10,0,12,Winter,1,0,1,미라시아,BBQ 고기추가
2023-12-11,0,12,Winter,0,0,0,미라시아,BBQ 고기추가
2023-12-12,0,12,Winter,0,0,0,미라시아,BBQ 고기추가
2023-12-13,0,12,Winter,0,0,0,미라시아,BBQ 고기추가
2023-12-14,2,12,Winter,0,0,0,미라시아,BBQ 고기추가
2023-12-15,1,12,Winter,0,0,0,미라시아,BBQ 고기추가
2023-12-16,1,12,Winter,1,0,1,미라시아,BBQ 고기추가
2023-12-17,1,12,Winter,1,0,1,미라시아,BBQ 고기추가
2023-12-18,0,12,Winter,0,0,0,미라시아,BBQ 고기추가
2023-12-19,0,12,Winter,0,0,0,미라시아,BBQ 고기추가
2023-12-20,0,12,Winter,0,0,0,미라시아,BBQ 고기추가
2023-12-21,0,12,Winter,0,0,0,미라시아,BBQ 고기추가
2023-12-22,0,12,Winter,0,0,0,미라시아,BBQ 고기추가
2023-12-23,3,12,Winter,1,0,1,미라시아,BBQ 고기추가
2023-12-24,1,12,Winter,1,0,1,미라시아,BBQ 고기추가
2023-12-25,2,12,Winter,0,1,1,미라시아,BBQ 고기추가
2023-12-26,1,12,Winter,0,0,0,미라시아,BBQ 고기추가
2023-12-27,1,12,Winter,0,0,0,미라시아,BBQ 고기추가
2023-12-28,1,12,Winter,0,0,0,미라시아,BBQ 고기추가
2023-12-29,0,12,Winter,0,0,0,미라시아,BBQ 고기추가
2023-12-30,3,12,Winter,1,0,1,미라시아,BBQ 고기추가
2023-12-31,3,12,Winter,1,0,1,미라시아,BBQ 고기추가
2024-01-01,2,1,Winter,0,1,1,미라시아,BBQ 고기추가
2024-01-02,0,1,Winter,0,0,0,미라시아,BBQ 고기추가
2024-01-03,0,1,Winter,0,0,0,미라시아,BBQ 고기추가
2024-01-04,0,1,Winter,0,0,0,미라시아,BBQ 고기추가
2024-01-05,0,1,Winter,0,0,0,미라시아,BBQ 고기추가
2024-01-06,2,1,Winter,1,0,1,미라시아,BBQ 고기추가
2024-01-07,0,1,Winter,1,0,1,미라시아,BBQ 고기추가
2024-01-08,0,1,Winter,0,0,0,미라시아,BBQ 고기추가
2024-01-09,1,1,Winter,0,0,0,미라시아,BBQ 고기추가
2024-01-10,0,1,Winter,0,0,0,미라시아,BBQ 고기추가
2024-01-11,1,1,Winter,0,0,0,미라시아,BBQ 고기추가
2024-01-12,1,1,Winter,0,0,0,미라시아,BBQ 고기추가
2024-01-13,2,1,Winter,1,0,1,미라시아,BBQ 고기추가
2024-01-14,1,1,Winter,1,0,1,미라시아,BBQ 고기추가
2024-01-15,0,1,Winter,0,0,0,미라시아,BBQ 고기추가
2024-01-16,6,1,Winter,0,0,0,미라시아,BBQ 고기추가
2024-01-17,0,1,Winter,0,0,0,미라시아,BBQ 고기추가
2024-01-18,2,1,Winter,0,0,0,미라시아,BBQ 고기추가
2024-01-19,2,1,Winter,0,0,0,미라시아,BBQ 고기추가
2024-01-20,1,1,Winter,1,0,1,미라시아,BBQ 고기추가
2024-01-21,1,1,Winter,1,0,1,미라시아,BBQ 고기추가
2024-01-22,0,1,Winter,0,0,0,미라시아,BBQ 고기추가
2024-01-23,0,1,Winter,0,0,0,미라시아,BBQ 고기추가
2024-01-24,0,1,Winter,0,0,0,미라시아,BBQ 고기추가
2024-01-25,0,1,Winter,0,0,0,미라시아,BBQ 고기추가
2024-01-26,0,1,Winter,0,0,0,미라시아,BBQ 고기추가
2024-01-27,1,1,Winter,1,0,1,미라시아,BBQ 고기추가
2024-01-28,2,1,Winter,1,0,1,미라시아,BBQ 고기추가
2024-01-29,0,1,Winter,0,0,0,미라시아,BBQ 고기추가
2024-01-30,0,1,Winter,0,0,0,미라시아,BBQ 고기추가
2024-01-31,0,1,Winter,0,0,0,미라시아,BBQ 고기추가
2024-02-01,0,2,Winter,0,0,0,미라시아,BBQ 고기추가
2024-02-02,0,2,Winter,0,0,0,미라시아,BBQ 고기추가
2024-02-03,1,2,Winter,1,0,1,미라시아,BBQ 고기추가
2024-02-04,0,2,Winter,1,0,1,미라시아,BBQ 고기추가
2024-02-05,1,2,Winter,0,0,0,미라시아,BBQ 고기추가
2024-02-06,0,2,Winter,0,0,0,미라시아,BBQ 고기추가
2024-02-07,0,2,Winter,0,0,0,미라시아,BBQ 고기추가
2024-02-08,2,2,Winter,0,0,0,미라시아,BBQ 고기추가
2024-02-09,0,2,Winter,0,1,1,미라시아,BBQ 고기추가
2024-02-10,11,2,Winter,1,1,1,미라시아,BBQ 고기추가
2024-02-11,2,2,Winter,1,1,1,미라시아,BBQ 고기추가
2024-02-12,1,2,Winter,0,1,1,미라시아,BBQ 고기추가
2024-02-13,0,2,Winter,0,0,0,미라시아,BBQ 고기추가
2024-02-14,0,2,Winter,0,0,0,미라시아,BBQ 고기추가
2024-02-15,1,2,Winter,0,0,0,미라시아,BBQ 고기추가
2024-02-16,1,2,Winter,0,0,0,미라시아,BBQ 고기추가
2024-02-17,2,2,Winter,1,0,1,미라시아,BBQ 고기추가
2024-02-18,1,2,Winter,1,0,1,미라시아,BBQ 고기추가
2024-02-19,0,2,Winter,0,0,0,미라시아,BBQ 고기추가
2024-02-20,0,2,Winter,0,0,0,미라시아,BBQ 고기추가
2024-02-21,0,2,Winter,0,0,0,미라시아,BBQ 고기추가
2024-02-22,13,2,Winter,0,0,0,미라시아,BBQ 고기추가
2024-02-23,0,2,Winter,0,0,0,미라시아,BBQ 고기추가
2024-02-24,5,2,Winter,1,0,1,미라시아,BBQ 고기추가
2024-02-25,4,2,Winter,1,0,1,미라시아,BBQ 고기추가
2024-02-26,0,2,Winter,0,0,0,미라시아,BBQ 고기추가
2024-02-27,0,2,Winter,0,0,0,미라시아,BBQ 고기추가
2024-02-28,0,2,Winter,0,0,0,미라시아,BBQ 고기추가
2024-02-29,1,2,Winter,0,0,0,미라시아,BBQ 고기추가
2024-03-01,1,3,Spring,0,1,1,미라시아,BBQ 고기추가
2024-03-02,0,3,Spring,1,0,1,미라시아,BBQ 고기추가
2024-03-03,0,3,Spring,1,0,1,미라시아,BBQ 고기추가
2024-03-04,0,3,Spring,0,0,0,미라시아,BBQ 고기추가
2024-03-05,0,3,Spring,0,0,0,미라시아,BBQ 고기추가
2024-03-06,0,3,Spring,0,0,0,미라시아,BBQ 고기추가
2024-03-07,0,3,Spring,0,0,0,미라시아,BBQ 고기추가
2024-03-08,0,3,Spring,0,0,0,미라시아,BBQ 고기추가
2024-03-09,0,3,Spring,1,0,1,미라시아,BBQ 고기추가
2024-03-10,0,3,Spring,1,0,1,미라시아,BBQ 고기추가
2024-03-11,0,3,Spring,0,0,0,미라시아,BBQ 고기추가
2024-03-12,0,3,Spring,0,0,0,미라시아,BBQ 고기추가
2024-03-13,0,3,Spring,0,0,0,미라시아,BBQ 고기추가
2024-03-14,0,3,Spring,0,0,0,미라시아,BBQ 고기추가
2024-03-15,0,3,Spring,0,0,0,미라시아,BBQ 고기추가
2024-03-16,2,3,Spring,1,0,1,미라시아,BBQ 고기추가
2024-03-17,0,3,Spring,1,0,1,미라시아,BBQ 고기추가
2024-03-18,0,3,Spring,0,0,0,미라시아,BBQ 고기추가
2024-03-19,0,3,Spring,0,0,0,미라시아,BBQ 고기추가
2024-03-20,0,3,Spring,0,0,0,미라시아,BBQ 고기추가
2024-03-21,0,3,Spring,0,0,0,미라시아,BBQ 고기추가
2024-03-22,0,3,Spring,0,0,0,미라시아,BBQ 고기추가
2024-03-23,3,3,Spring,1,0,1,미라시아,BBQ 고기추가
2024-03-24,0,3,Spring,1,0,1,미라시아,BBQ 고기추가
2024-03-25,0,3,Spring,0,0,0,미라시아,BBQ 고기추가
2024-03-26,0,3,Spring,0,0,0,미라시아,BBQ 고기추가
2024-03-27,0,3,Spring,0,0,0,미라시아,BBQ 고기추가
2024-03-28,0,3,Spring,0,0,0,미라시아,BBQ 고기추가
2024-03-29,2,3,Spring,0,0,0,미라시아,BBQ 고기추가
2024-03-30,0,3,Spring,1,0,1,미라시아,BBQ 고기추가
2024-03-31,0,3,Spring,1,0,1,미라시아,BBQ 고기추가
2024-04-01,0,4,Spring,0,0,0,미라시아,BBQ 고기추가
2024-04-02,0,4,Spring,0,0,0,미라시아,BBQ 고기추가
2024-04-03,0,4,Spring,0,0,0,미라시아,BBQ 고기추가
2024-04-04,1,4,Spring,0,0,0,미라시아,BBQ 고기추가
2024-04-05,1,4,Spring,0,0,0,미라시아,BBQ 고기추가
2024-04-06,3,4,Spring,1,0,1,미라시아,BBQ 고기추가
2024-04-07,0,4,Spring,1,0,1,미라시아,BBQ 고기추가
2024-04-08,0,4,Spring,0,0,0,미라시아,BBQ 고기추가
2024-04-09,0,4,Spring,0,0,0,미라시아,BBQ 고기추가
2024-04-10,0,4,Spring,0,1,1,미라시아,BBQ 고기추가
2024-04-11,0,4,Spring,0,0,0,미라시아,BBQ 고기추가
2024-04-12,1,4,Spring,0,0,0,미라시아,BBQ 고기추가
2024-04-13,2,4,Spring,1,0,1,미라시아,BBQ 고기추가
2024-04-14,1,4,Spring,1,0,1,미라시아,BBQ 고기추가
2024-04-15,0,4,Spring,0,0,0,미라시아,BBQ 고기추가
2024-04-16,1,4,Spring,0,0,0,미라시아,BBQ 고기추가
2024-04-17,0,4,Spring,0,0,0,미라시아,BBQ 고기추가
2024-04-18,0,4,Spring,0,0,0,미라시아,BBQ 고기추가
2024-04-19,1,4,Spring,0,0,0,미라시아,BBQ 고기추가
2024-04-20,1,4,Spring,1,0,1,미라시아,BBQ 고기추가
2024-04-21,1,4,Spring,1,0,1,미라시아,BBQ 고기추가
2024-04-22,0,4,Spring,0,0,0,미라시아,BBQ 고기추가
2024-04-23,0,4,Spring,0,0,0,미라시아,BBQ 고기추가
2024-04-24,0,4,Spring,0,0,0,미라시아,BBQ 고기추가
2024-04-25,0,4,Spring,0,0,0,미라시아,BBQ 고기추가
2024-04-26,0,4,Spring,0,0,0,미라시아,BBQ 고기추가
2024-04-27,2,4,Spring,1,0,1,미라시아,BBQ 고기추가
2024-04-28,0,4,Spring,1,0,1,미라시아,BBQ 고기추가
2024-04-29,0,4,Spring,0,0,0,미라시아,BBQ 고기추가
2024-04-30,0,4,Spring,0,0,0,미라시아,BBQ 고기추가
2024-05-01,0,5,Spring,0,0,0,미라시아,BBQ 고기추가
2024-05-02,0,5,Spring,0,0,0,미라시아,BBQ 고기추가
2024-05-03,0,5,Spring,0,0,0,미라시아,BBQ 고기추가
2024-05-04,2,5,Spring,1,0,1,미라시아,BBQ 고기추가
2024-05-05,3,5,Spring,1,1,1,미라시아,BBQ 고기추가
2024-05-06,0,5,Spring,0,1,1,미라시아,BBQ 고기추가
2024-05-07,0,5,Spring,0,0,0,미라시아,BBQ 고기추가
2024-05-08,0,5,Spring,0,0,0,미라시아,BBQ 고기추가
2024-05-09,0,5,Spring,0,0,0,미라시아,BBQ 고기추가
2024-05-10,0,5,Spring,0,0,0,미라시아,BBQ 고기추가
2024-05-11,2,5,Spring,1,0,1,미라시아,BBQ 고기추가
2024-05-12,1,5,Spring,1,0,1,미라시아,BBQ 고기추가
2024-05-13,0,5,Spring,0,0,0,미라시아,BBQ 고기추가
2024-05-14,0,5,Spring,0,0,0,미라시아,BBQ 고기추가
2024-05-15,0,5,Spring,0,1,1,미라시아,BBQ 고기추가
2024-05-16,0,5,Spring,0,0,0,미라시아,BBQ 고기추가
2024-05-17,0,5,Spring,0,0,0,미라시아,BBQ 고기추가
2024-05-18,5,5,Spring,1,0,1,미라시아,BBQ 고기추가
2024-05-19,0,5,Spring,1,0,1,미라시아,BBQ 고기추가
2024-05-20,0,5,Spring,0,0,0,미라시아,BBQ 고기추가
2024-05-21,0,5,Spring,0,0,0,미라시아,BBQ 고기추가
2024-05-22,0,5,Spring,0,0,0,미라시아,BBQ 고기추가
2024-05-23,0,5,Spring,0,0,0,미라시아,BBQ 고기추가
2024-05-24,1,5,Spring,0,0,0,미라시아,BBQ 고기추가
2024-05-25,4,5,Spring,1,0,1,미라시아,BBQ 고기추가
2024-05-26,0,5,Spring,1,0,1,미라시아,BBQ 고기추가
2024-05-27,0,5,Spring,0,0,0,미라시아,BBQ 고기추가
2024-05-28,0,5,Spring,0,0,0,미라시아,BBQ 고기추가
2024-05-29,1,5,Spring,0,0,0,미라시아,BBQ 고기추가
2024-05-30,0,5,Spring,0,0,0,미라시아,BBQ 고기추가
2024-05-31,0,5,Spring,0,0,0,미라시아,BBQ 고기추가
2024-06-01,3,6,Summer,1,0,1,미라시아,BBQ 고기추가
2024-06-02,0,6,Summer,1,0,1,미라시아,BBQ 고기추가
2024-06-03,0,6,Summer,0,0,0,미라시아,BBQ 고기추가
2024-06-04,0,6,Summer,0,0,0,미라시아,BBQ 고기추가
2024-06-05,0,6,Summer,0,0,0,미라시아,BBQ 고기추가
2024-06-06,3,6,Summer,0,1,1,미라시아,BBQ 고기추가
2024-06-07,0,6,Summer,0,0,0,미라시아,BBQ 고기추가
2024-06-08,1,6,Summer,1,0,1,미라시아,BBQ 고기추가
2024-06-09,0,6,Summer,1,0,1,미라시아,BBQ 고기추가
2024-06-10,0,6,Summer,0,0,0,미라시아,BBQ 고기추가
2024-06-11,0,6,Summer,0,0,0,미라시아,BBQ 고기추가
2024-06-12,0,6,Summer,0,0,0,미라시아,BBQ 고기추가
2024-06-13,0,6,Summer,0,0,0,미라시아,BBQ 고기추가
2024-06-14,0,6,Summer,0,0,0,미라시아,BBQ 고기추가
2024-06-15,4,6,Summer,1,0,1,미라시아,BBQ 고기추가
2023-01-01,5,1,Winter,1,1,1,미라시아,공깃밥
2023-01-02,1,1,Winter,0,0,0,미라시아,공깃밥
2023-01-03,1,1,Winter,0,0,0,미라시아,공깃밥
2023-01-04,0,1,Winter,0,0,0,미라시아,공깃밥
2023-01-05,0,1,Winter,0,0,0,미라시아,공깃밥
2023-01-06,1,1,Winter,0,0,0,미라시아,공깃밥
2023-01-07,7,1,Winter,1,0,1,미라시아,공깃밥
2023-01-08,1,1,Winter,1,0,1,미라시아,공깃밥
2023-01-09,2,1,Winter,0,0,0,미라시아,공깃밥
2023-01-10,3,1,Winter,0,0,0,미라시아,공깃밥
2023-01-11,0,1,Winter,0,0,0,미라시아,공깃밥
2023-01-12,1,1,Winter,0,0,0,미라시아,공깃밥
2023-01-13,1,1,Winter,0,0,0,미라시아,공깃밥
2023-01-14,4,1,Winter,1,0,1,미라시아,공깃밥
2023-01-15,3,1,Winter,1,0,1,미라시아,공깃밥
2023-01-16,2,1,Winter,0,0,0,미라시아,공깃밥
2023-01-17,0,1,Winter,0,0,0,미라시아,공깃밥
2023-01-18,4,1,Winter,0,0,0,미라시아,공깃밥
2023-01-19,3,1,Winter,0,0,0,미라시아,공깃밥
2023-01-20,3,1,Winter,0,0,0,미라시아,공깃밥
2023-01-21,4,1,Winter,1,1,1,미라시아,공깃밥
2023-01-22,2,1,Winter,1,1,1,미라시아,공깃밥
2023-01-23,8,1,Winter,0,1,1,미라시아,공깃밥
2023-01-24,2,1,Winter,0,1,1,미라시아,공깃밥
2023-01-25,3,1,Winter,0,0,0,미라시아,공깃밥
2023-01-26,3,1,Winter,0,0,0,미라시아,공깃밥
2023-01-27,2,1,Winter,0,0,0,미라시아,공깃밥
2023-01-28,5,1,Winter,1,0,1,미라시아,공깃밥
2023-01-29,3,1,Winter,1,0,1,미라시아,공깃밥
2023-01-30,3,1,Winter,0,0,0,미라시아,공깃밥
2023-01-31,1,1,Winter,0,0,0,미라시아,공깃밥
2023-02-01,0,2,Winter,0,0,0,미라시아,공깃밥
2023-02-02,3,2,Winter,0,0,0,미라시아,공깃밥
2023-02-03,3,2,Winter,0,0,0,미라시아,공깃밥
2023-02-04,10,2,Winter,1,0,1,미라시아,공깃밥
2023-02-05,1,2,Winter,1,0,1,미라시아,공깃밥
2023-02-06,0,2,Winter,0,0,0,미라시아,공깃밥
2023-02-07,0,2,Winter,0,0,0,미라시아,공깃밥
2023-02-08,4,2,Winter,0,0,0,미라시아,공깃밥
2023-02-09,5,2,Winter,0,0,0,미라시아,공깃밥
2023-02-10,2,2,Winter,0,0,0,미라시아,공깃밥
2023-02-11,4,2,Winter,1,0,1,미라시아,공깃밥
2023-02-12,6,2,Winter,1,0,1,미라시아,공깃밥
2023-02-13,2,2,Winter,0,0,0,미라시아,공깃밥
2023-02-14,0,2,Winter,0,0,0,미라시아,공깃밥
2023-02-15,5,2,Winter,0,0,0,미라시아,공깃밥
2023-02-16,2,2,Winter,0,0,0,미라시아,공깃밥
2023-02-17,3,2,Winter,0,0,0,미라시아,공깃밥
2023-02-18,2,2,Winter,1,0,1,미라시아,공깃밥
2023-02-19,2,2,Winter,1,0,1,미라시아,공깃밥
2023-02-20,0,2,Winter,0,0,0,미라시아,공깃밥
2023-02-21,0,2,Winter,0,0,0,미라시아,공깃밥
2023-02-22,0,2,Winter,0,0,0,미라시아,공깃밥
2023-02-23,1,2,Winter,0,0,0,미라시아,공깃밥
2023-02-24,1,2,Winter,0,0,0,미라시아,공깃밥
2023-02-25,3,2,Winter,1,0,1,미라시아,공깃밥
2023-02-26,1,2,Winter,1,0,1,미라시아,공깃밥
2023-02-27,2,2,Winter,0,0,0,미라시아,공깃밥
2023-02-28,4,2,Winter,0,0,0,미라시아,공깃밥
2023-03-01,0,3,Spring,0,1,1,미라시아,공깃밥
2023-03-02,0,3,Spring,0,0,0,미라시아,공깃밥
2023-03-03,0,3,Spring,0,0,0,미라시아,공깃밥
2023-03-04,0,3,Spring,1,0,1,미라시아,공깃밥
2023-03-05,0,3,Spring,1,0,1,미라시아,공깃밥
2023-03-06,0,3,Spring,0,0,0,미라시아,공깃밥
2023-03-07,0,3,Spring,0,0,0,미라시아,공깃밥
2023-03-08,0,3,Spring,0,0,0,미라시아,공깃밥
2023-03-09,0,3,Spring,0,0,0,미라시아,공깃밥
2023-03-10,0,3,Spring,0,0,0,미라시아,공깃밥
2023-03-11,10,3,Spring,1,0,1,미라시아,공깃밥
2023-03-12,0,3,Spring,1,0,1,미라시아,공깃밥
2023-03-13,0,3,Spring,0,0,0,미라시아,공깃밥
2023-03-14,0,3,Spring,0,0,0,미라시아,공깃밥
2023-03-15,0,3,Spring,0,0,0,미라시아,공깃밥
2023-03-16,1,3,Spring,0,0,0,미라시아,공깃밥
2023-03-17,4,3,Spring,0,0,0,미라시아,공깃밥
2023-03-18,4,3,Spring,1,0,1,미라시아,공깃밥
2023-03-19,0,3,Spring,1,0,1,미라시아,공깃밥
2023-03-20,0,3,Spring,0,0,0,미라시아,공깃밥
2023-03-21,0,3,Spring,0,0,0,미라시아,공깃밥
2023-03-22,0,3,Spring,0,0,0,미라시아,공깃밥
2023-03-23,0,3,Spring,0,0,0,미라시아,공깃밥
2023-03-24,0,3,Spring,0,0,0,미라시아,공깃밥
2023-03-25,0,3,Spring,1,0,1,미라시아,공깃밥
2023-03-26,0,3,Spring,1,0,1,미라시아,공깃밥
2023-03-27,0,3,Spring,0,0,0,미라시아,공깃밥
2023-03-28,0,3,Spring,0,0,0,미라시아,공깃밥
2023-03-29,0,3,Spring,0,0,0,미라시아,공깃밥
2023-03-30,0,3,Spring,0,0,0,미라시아,공깃밥
2023-03-31,0,3,Spring,0,0,0,미라시아,공깃밥
2023-04-01,0,4,Spring,1,0,1,미라시아,공깃밥
2023-04-02,0,4,Spring,1,0,1,미라시아,공깃밥
2023-04-03,0,4,Spring,0,0,0,미라시아,공깃밥
2023-04-04,0,4,Spring,0,0,0,미라시아,공깃밥
2023-04-05,0,4,Spring,0,0,0,미라시아,공깃밥
2023-04-06,0,4,Spring,0,0,0,미라시아,공깃밥
2023-04-07,0,4,Spring,0,0,0,미라시아,공깃밥
2023-04-08,0,4,Spring,1,0,1,미라시아,공깃밥
2023-04-09,0,4,Spring,1,0,1,미라시아,공깃밥
2023-04-10,0,4,Spring,0,0,0,미라시아,공깃밥
2023-04-11,0,4,Spring,0,0,0,미라시아,공깃밥
2023-04-12,0,4,Spring,0,0,0,미라시아,공깃밥
2023-04-13,0,4,Spring,0,0,0,미라시아,공깃밥
2023-04-14,0,4,Spring,0,0,0,미라시아,공깃밥
2023-04-15,0,4,Spring,1,0,1,미라시아,공깃밥
2023-04-16,0,4,Spring,1,0,1,미라시아,공깃밥
2023-04-17,0,4,Spring,0,0,0,미라시아,공깃밥
2023-04-18,0,4,Spring,0,0,0,미라시아,공깃밥
2023-04-19,0,4,Spring,0,0,0,미라시아,공깃밥
2023-04-20,0,4,Spring,0,0,0,미라시아,공깃밥
2023-04-21,0,4,Spring,0,0,0,미라시아,공깃밥
2023-04-22,0,4,Spring,1,0,1,미라시아,공깃밥
2023-04-23,0,4,Spring,1,0,1,미라시아,공깃밥
2023-04-24,0,4,Spring,0,0,0,미라시아,공깃밥
2023-04-25,0,4,Spring,0,0,0,미라시아,공깃밥
2023-04-26,0,4,Spring,0,0,0,미라시아,공깃밥
2023-04-27,0,4,Spring,0,0,0,미라시아,공깃밥
2023-04-28,0,4,Spring,0,0,0,미라시아,공깃밥
2023-04-29,0,4,Spring,1,0,1,미라시아,공깃밥
2023-04-30,0,4,Spring,1,0,1,미라시아,공깃밥
2023-05-01,0,5,Spring,0,0,0,미라시아,공깃밥
2023-05-02,0,5,Spring,0,0,0,미라시아,공깃밥
2023-05-03,0,5,Spring,0,0,0,미라시아,공깃밥
2023-05-04,0,5,Spring,0,0,0,미라시아,공깃밥
2023-05-05,0,5,Spring,0,1,1,미라시아,공깃밥
2023-05-06,0,5,Spring,1,0,1,미라시아,공깃밥
2023-05-07,0,5,Spring,1,0,1,미라시아,공깃밥
2023-05-08,0,5,Spring,0,0,0,미라시아,공깃밥
2023-05-09,0,5,Spring,0,0,0,미라시아,공깃밥
2023-05-10,0,5,Spring,0,0,0,미라시아,공깃밥
2023-05-11,0,5,Spring,0,0,0,미라시아,공깃밥
2023-05-12,0,5,Spring,0,0,0,미라시아,공깃밥
2023-05-13,0,5,Spring,1,0,1,미라시아,공깃밥
2023-05-14,0,5,Spring,1,0,1,미라시아,공깃밥
2023-05-15,0,5,Spring,0,0,0,미라시아,공깃밥
2023-05-16,0,5,Spring,0,0,0,미라시아,공깃밥
2023-05-17,0,5,Spring,0,0,0,미라시아,공깃밥
2023-05-18,0,5,Spring,0,0,0,미라시아,공깃밥
2023-05-19,0,5,Spring,0,0,0,미라시아,공깃밥
2023-05-20,0,5,Spring,1,0,1,미라시아,공깃밥
2023-05-21,0,5,Spring,1,0,1,미라시아,공깃밥
2023-05-22,0,5,Spring,0,0,0,미라시아,공깃밥
2023-05-23,0,5,Spring,0,0,0,미라시아,공깃밥
2023-05-24,0,5,Spring,0,0,0,미라시아,공깃밥
2023-05-25,0,5,Spring,0,0,0,미라시아,공깃밥
2023-05-26,0,5,Spring,0,0,0,미라시아,공깃밥
2023-05-27,0,5,Spring,1,1,1,미라시아,공깃밥
2023-05-28,0,5,Spring,1,0,1,미라시아,공깃밥
2023-05-29,0,5,Spring,0,1,1,미라시아,공깃밥
2023-05-30,0,5,Spring,0,0,0,미라시아,공깃밥
2023-05-31,0,5,Spring,0,0,0,미라시아,공깃밥
2023-06-01,0,6,Summer,0,0,0,미라시아,공깃밥
2023-06-02,0,6,Summer,0,0,0,미라시아,공깃밥
2023-06-03,0,6,Summer,1,0,1,미라시아,공깃밥
2023-06-04,0,6,Summer,1,0,1,미라시아,공깃밥
2023-06-05,0,6,Summer,0,0,0,미라시아,공깃밥
2023-06-06,0,6,Summer,0,1,1,미라시아,공깃밥
2023-06-07,0,6,Summer,0,0,0,미라시아,공깃밥
2023-06-08,0,6,Summer,0,0,0,미라시아,공깃밥
2023-06-09,0,6,Summer,0,0,0,미라시아,공깃밥
2023-06-10,0,6,Summer,1,0,1,미라시아,공깃밥
2023-06-11,0,6,Summer,1,0,1,미라시아,공깃밥
2023-06-12,0,6,Summer,0,0,0,미라시아,공깃밥
2023-06-13,0,6,Summer,0,0,0,미라시아,공깃밥
2023-06-14,0,6,Summer,0,0,0,미라시아,공깃밥
2023-06-15,0,6,Summer,0,0,0,미라시아,공깃밥
2023-06-16,0,6,Summer,0,0,0,미라시아,공깃밥
2023-06-17,0,6,Summer,1,0,1,미라시아,공깃밥
2023-06-18,0,6,Summer,1,0,1,미라시아,공깃밥
2023-06-19,0,6,Summer,0,0,0,미라시아,공깃밥
2023-06-20,0,6,Summer,0,0,0,미라시아,공깃밥
2023-06-21,0,6,Summer,0,0,0,미라시아,공깃밥
2023-06-22,0,6,Summer,0,0,0,미라시아,공깃밥
2023-06-23,0,6,Summer,0,0,0,미라시아,공깃밥
2023-06-24,0,6,Summer,1,0,1,미라시아,공깃밥
2023-06-25,0,6,Summer,1,0,1,미라시아,공깃밥
2023-06-26,0,6,Summer,0,0,0,미라시아,공깃밥
2023-06-27,0,6,Summer,0,0,0,미라시아,공깃밥
2023-06-28,0,6,Summer,0,0,0,미라시아,공깃밥
2023-06-29,0,6,Summer,0,0,0,미라시아,공깃밥
2023-06-30,0,6,Summer,0,0,0,미라시아,공깃밥
2023-07-01,0,7,Summer,1,0,1,미라시아,공깃밥
2023-07-02,0,7,Summer,1,0,1,미라시아,공깃밥
2023-07-03,0,7,Summer,0,0,0,미라시아,공깃밥
2023-07-04,0,7,Summer,0,0,0,미라시아,공깃밥
2023-07-05,0,7,Summer,0,0,0,미라시아,공깃밥
2023-07-06,0,7,Summer,0,0,0,미라시아,공깃밥
2023-07-07,0,7,Summer,0,0,0,미라시아,공깃밥
2023-07-08,0,7,Summer,1,0,1,미라시아,공깃밥
2023-07-09,0,7,Summer,1,0,1,미라시아,공깃밥
2023-07-10,0,7,Summer,0,0,0,미라시아,공깃밥
2023-07-11,0,7,Summer,0,0,0,미라시아,공깃밥
2023-07-12,0,7,Summer,0,0,0,미라시아,공깃밥
2023-07-13,0,7,Summer,0,0,0,미라시아,공깃밥
2023-07-14,0,7,Summer,0,0,0,미라시아,공깃밥
2023-07-15,0,7,Summer,1,0,1,미라시아,공깃밥
2023-07-16,0,7,Summer,1,0,1,미라시아,공깃밥
2023-07-17,0,7,Summer,0,0,0,미라시아,공깃밥
2023-07-18,0,7,Summer,0,0,0,미라시아,공깃밥
2023-07-19,0,7,Summer,0,0,0,미라시아,공깃밥
2023-07-20,0,7,Summer,0,0,0,미라시아,공깃밥
2023-07-21,0,7,Summer,0,0,0,미라시아,공깃밥
2023-07-22,0,7,Summer,1,0,1,미라시아,공깃밥
2023-07-23,0,7,Summer,1,0,1,미라시아,공깃밥
2023-07-24,0,7,Summer,0,0,0,미라시아,공깃밥
2023-07-25,0,7,Summer,0,0,0,미라시아,공깃밥
2023-07-26,0,7,Summer,0,0,0,미라시아,공깃밥
2023-07-27,0,7,Summer,0,0,0,미라시아,공깃밥
2023-07-28,0,7,Summer,0,0,0,미라시아,공깃밥
2023-07-29,0,7,Summer,1,0,1,미라시아,공깃밥
2023-07-30,0,7,Summer,1,0,1,미라시아,공깃밥
2023-07-31,0,7,Summer,0,0,0,미라시아,공깃밥
2023-08-01,0,8,Summer,0,0,0,미라시아,공깃밥
2023-08-02,0,8,Summer,0,0,0,미라시아,공깃밥
2023-08-03,0,8,Summer,0,0,0,미라시아,공깃밥
2023-08-04,0,8,Summer,0,0,0,미라시아,공깃밥
2023-08-05,0,8,Summer,1,0,1,미라시아,공깃밥
2023-08-06,0,8,Summer,1,0,1,미라시아,공깃밥
2023-08-07,0,8,Summer,0,0,0,미라시아,공깃밥
2023-08-08,0,8,Summer,0,0,0,미라시아,공깃밥
2023-08-09,0,8,Summer,0,0,0,미라시아,공깃밥
2023-08-10,0,8,Summer,0,0,0,미라시아,공깃밥
2023-08-11,0,8,Summer,0,0,0,미라시아,공깃밥
2023-08-12,0,8,Summer,1,0,1,미라시아,공깃밥
2023-08-13,0,8,Summer,1,0,1,미라시아,공깃밥
2023-08-14,0,8,Summer,0,0,0,미라시아,공깃밥
2023-08-15,0,8,Summer,0,1,1,미라시아,공깃밥
2023-08-16,0,8,Summer,0,0,0,미라시아,공깃밥
2023-08-17,0,8,Summer,0,0,0,미라시아,공깃밥
2023-08-18,0,8,Summer,0,0,0,미라시아,공깃밥
2023-08-19,0,8,Summer,1,0,1,미라시아,공깃밥
2023-08-20,0,8,Summer,1,0,1,미라시아,공깃밥
2023-08-21,0,8,Summer,0,0,0,미라시아,공깃밥
2023-08-22,0,8,Summer,0,0,0,미라시아,공깃밥
2023-08-23,0,8,Summer,0,0,0,미라시아,공깃밥
2023-08-24,0,8,Summer,0,0,0,미라시아,공깃밥
2023-08-25,0,8,Summer,0,0,0,미라시아,공깃밥
2023-08-26,0,8,Summer,1,0,1,미라시아,공깃밥
2023-08-27,0,8,Summer,1,0,1,미라시아,공깃밥
2023-08-28,0,8,Summer,0,0,0,미라시아,공깃밥
2023-08-29,0,8,Summer,0,0,0,미라시아,공깃밥
2023-08-30,0,8,Summer,0,0,0,미라시아,공깃밥
2023-08-31,0,8,Summer,0,0,0,미라시아,공깃밥
2023-09-01,0,9,Autumn,0,0,0,미라시아,공깃밥
2023-09-02,0,9,Autumn,1,0,1,미라시아,공깃밥
2023-09-03,0,9,Autumn,1,0,1,미라시아,공깃밥
2023-09-04,0,9,Autumn,0,0,0,미라시아,공깃밥
2023-09-05,0,9,Autumn,0,0,0,미라시아,공깃밥
2023-09-06,0,9,Autumn,0,0,0,미라시아,공깃밥
2023-09-07,0,9,Autumn,0,0,0,미라시아,공깃밥
2023-09-08,0,9,Autumn,0,0,0,미라시아,공깃밥
2023-09-09,0,9,Autumn,1,0,1,미라시아,공깃밥
2023-09-10,0,9,Autumn,1,0,1,미라시아,공깃밥
2023-09-11,0,9,Autumn,0,0,0,미라시아,공깃밥
2023-09-12,0,9,Autumn,0,0,0,미라시아,공깃밥
2023-09-13,0,9,Autumn,0,0,0,미라시아,공깃밥
2023-09-14,0,9,Autumn,0,0,0,미라시아,공깃밥
2023-09-15,0,9,Autumn,0,0,0,미라시아,공깃밥
2023-09-16,0,9,Autumn,1,0,1,미라시아,공깃밥
2023-09-17,0,9,Autumn,1,0,1,미라시아,공깃밥
2023-09-18,0,9,Autumn,0,0,0,미라시아,공깃밥
2023-09-19,0,9,Autumn,0,0,0,미라시아,공깃밥
2023-09-20,0,9,Autumn,0,0,0,미라시아,공깃밥
2023-09-21,0,9,Autumn,0,0,0,미라시아,공깃밥
2023-09-22,0,9,Autumn,0,0,0,미라시아,공깃밥
2023-09-23,0,9,Autumn,1,0,1,미라시아,공깃밥
2023-09-24,0,9,Autumn,1,0,1,미라시아,공깃밥
2023-09-25,0,9,Autumn,0,0,0,미라시아,공깃밥
2023-09-26,0,9,Autumn,0,0,0,미라시아,공깃밥
2023-09-27,0,9,Autumn,0,0,0,미라시아,공깃밥
2023-09-28,0,9,Autumn,0,1,1,미라시아,공깃밥
2023-09-29,0,9,Autumn,0,1,1,미라시아,공깃밥
2023-09-30,0,9,Autumn,1,1,1,미라시아,공깃밥
2023-10-01,0,10,Autumn,1,0,1,미라시아,공깃밥
2023-10-02,0,10,Autumn,0,1,1,미라시아,공깃밥
2023-10-03,0,10,Autumn,0,1,1,미라시아,공깃밥
2023-10-04,0,10,Autumn,0,0,0,미라시아,공깃밥
2023-10-05,0,10,Autumn,0,0,0,미라시아,공깃밥
2023-10-06,0,10,Autumn,0,0,0,미라시아,공깃밥
2023-10-07,0,10,Autumn,1,0,1,미라시아,공깃밥
2023-10-08,0,10,Autumn,1,0,1,미라시아,공깃밥
2023-10-09,0,10,Autumn,0,1,1,미라시아,공깃밥
2023-10-10,0,10,Autumn,0,0,0,미라시아,공깃밥
2023-10-11,0,10,Autumn,0,0,0,미라시아,공깃밥
2023-10-12,0,10,Autumn,0,0,0,미라시아,공깃밥
2023-10-13,0,10,Autumn,0,0,0,미라시아,공깃밥
2023-10-14,0,10,Autumn,1,0,1,미라시아,공깃밥
2023-10-15,0,10,Autumn,1,0,1,미라시아,공깃밥
2023-10-16,0,10,Autumn,0,0,0,미라시아,공깃밥
2023-10-17,0,10,Autumn,0,0,0,미라시아,공깃밥
2023-10-18,0,10,Autumn,0,0,0,미라시아,공깃밥
2023-10-19,0,10,Autumn,0,0,0,미라시아,공깃밥
2023-10-20,0,10,Autumn,0,0,0,미라시아,공깃밥
2023-10-21,0,10,Autumn,1,0,1,미라시아,공깃밥
2023-10-22,0,10,Autumn,1,0,1,미라시아,공깃밥
2023-10-23,0,10,Autumn,0,0,0,미라시아,공깃밥
2023-10-24,0,10,Autumn,0,0,0,미라시아,공깃밥
2023-10-25,0,10,Autumn,0,0,0,미라시아,공깃밥
2023-10-26,0,10,Autumn,0,0,0,미라시아,공깃밥
2023-10-27,0,10,Autumn,0,0,0,미라시아,공깃밥
2023-10-28,0,10,Autumn,1,0,1,미라시아,공깃밥
2023-10-29,0,10,Autumn,1,0,1,미라시아,공깃밥
2023-10-30,0,10,Autumn,0,0,0,미라시아,공깃밥
2023-10-31,0,10,Autumn,0,0,0,미라시아,공깃밥
2023-11-01,0,11,Autumn,0,0,0,미라시아,공깃밥
2023-11-02,0,11,Autumn,0,0,0,미라시아,공깃밥
2023-11-03,0,11,Autumn,0,0,0,미라시아,공깃밥
2023-11-04,0,11,Autumn,1,0,1,미라시아,공깃밥
2023-11-05,0,11,Autumn,1,0,1,미라시아,공깃밥
2023-11-06,0,11,Autumn,0,0,0,미라시아,공깃밥
2023-11-07,0,11,Autumn,0,0,0,미라시아,공깃밥
2023-11-08,0,11,Autumn,0,0,0,미라시아,공깃밥
2023-11-09,0,11,Autumn,0,0,0,미라시아,공깃밥
2023-11-10,0,11,Autumn,0,0,0,미라시아,공깃밥
2023-11-11,0,11,Autumn,1,0,1,미라시아,공깃밥
2023-11-12,0,11,Autumn,1,0,1,미라시아,공깃밥
2023-11-13,0,11,Autumn,0,0,0,미라시아,공깃밥
2023-11-14,0,11,Autumn,0,0,0,미라시아,공깃밥
2023-11-15,0,11,Autumn,0,0,0,미라시아,공깃밥
2023-11-16,0,11,Autumn,0,0,0,미라시아,공깃밥
2023-11-17,0,11,Autumn,0,0,0,미라시아,공깃밥
2023-11-18,0,11,Autumn,1,0,1,미라시아,공깃밥
2023-11-19,0,11,Autumn,1,0,1,미라시아,공깃밥
2023-11-20,0,11,Autumn,0,0,0,미라시아,공깃밥
2023-11-21,0,11,Autumn,0,0,0,미라시아,공깃밥
2023-11-22,0,11,Autumn,0,0,0,미라시아,공깃밥
2023-11-23,0,11,Autumn,0,0,0,미라시아,공깃밥
2023-11-24,0,11,Autumn,0,0,0,미라시아,공깃밥
2023-11-25,0,11,Autumn,1,0,1,미라시아,공깃밥
2023-11-26,0,11,Autumn,1,0,1,미라시아,공깃밥
2023-11-27,0,11,Autumn,0,0,0,미라시아,공깃밥
2023-11-28,0,11,Autumn,0,0,0,미라시아,공깃밥
2023-11-29,0,11,Autumn,0,0,0,미라시아,공깃밥
2023-11-30,0,11,Autumn,0,0,0,미라시아,공깃밥
2023-12-01,0,12,Winter,0,0,0,미라시아,공깃밥
2023-12-02,0,12,Winter,1,0,1,미라시아,공깃밥
2023-12-03,0,12,Winter,1,0,1,미라시아,공깃밥
2023-12-04,0,12,Winter,0,0,0,미라시아,공깃밥
2023-12-05,0,12,Winter,0,0,0,미라시아,공깃밥
2023-12-06,0,12,Winter,0,0,0,미라시아,공깃밥
2023-12-07,0,12,Winter,0,0,0,미라시아,공깃밥
2023-12-08,0,12,Winter,0,0,0,미라시아,공깃밥
2023-12-09,0,12,Winter,1,0,1,미라시아,공깃밥
2023-12-10,0,12,Winter,1,0,1,미라시아,공깃밥
2023-12-11,0,12,Winter,0,0,0,미라시아,공깃밥
2023-12-12,0,12,Winter,0,0,0,미라시아,공깃밥
2023-12-13,0,12,Winter,0,0,0,미라시아,공깃밥
2023-12-14,0,12,Winter,0,0,0,미라시아,공깃밥
2023-12-15,0,12,Winter,0,0,0,미라시아,공깃밥
2023-12-16,0,12,Winter,1,0,1,미라시아,공깃밥
2023-12-17,0,12,Winter,1,0,1,미라시아,공깃밥
2023-12-18,0,12,Winter,0,0,0,미라시아,공깃밥
2023-12-19,0,12,Winter,0,0,0,미라시아,공깃밥
2023-12-20,0,12,Winter,0,0,0,미라시아,공깃밥
2023-12-21,0,12,Winter,0,0,0,미라시아,공깃밥
2023-12-22,0,12,Winter,0,0,0,미라시아,공깃밥
2023-12-23,0,12,Winter,1,0,1,미라시아,공깃밥
2023-12-24,0,12,Winter,1,0,1,미라시아,공깃밥
2023-12-25,0,12,Winter,0,1,1,미라시아,공깃밥
2023-12-26,0,12,Winter,0,0,0,미라시아,공깃밥
2023-12-27,0,12,Winter,0,0,0,미라시아,공깃밥
2023-12-28,0,12,Winter,0,0,0,미라시아,공깃밥
2023-12-29,0,12,Winter,0,0,0,미라시아,공깃밥
2023-12-30,0,12,Winter,1,0,1,미라시아,공깃밥
2023-12-31,0,12,Winter,1,0,1,미라시아,공깃밥
2024-01-01,0,1,Winter,0,1,1,미라시아,공깃밥
2024-01-02,0,1,Winter,0,0,0,미라시아,공깃밥
2024-01-03,0,1,Winter,0,0,0,미라시아,공깃밥
2024-01-04,0,1,Winter,0,0,0,미라시아,공깃밥
2024-01-05,0,1,Winter,0,0,0,미라시아,공깃밥
2024-01-06,0,1,Winter,1,0,1,미라시아,공깃밥
2024-01-07,0,1,Winter,1,0,1,미라시아,공깃밥
2024-01-08,0,1,Winter,0,0,0,미라시아,공깃밥
2024-01-09,0,1,Winter,0,0,0,미라시아,공깃밥
2024-01-10,0,1,Winter,0,0,0,미라시아,공깃밥
2024-01-11,0,1,Winter,0,0,0,미라시아,공깃밥
2024-01-12,0,1,Winter,0,0,0,미라시아,공깃밥
2024-01-13,0,1,Winter,1,0,1,미라시아,공깃밥
2024-01-14,0,1,Winter,1,0,1,미라시아,공깃밥
2024-01-15,0,1,Winter,0,0,0,미라시아,공깃밥
2024-01-16,0,1,Winter,0,0,0,미라시아,공깃밥
2024-01-17,0,1,Winter,0,0,0,미라시아,공깃밥
2024-01-18,0,1,Winter,0,0,0,미라시아,공깃밥
2024-01-19,0,1,Winter,0,0,0,미라시아,공깃밥
2024-01-20,0,1,Winter,1,0,1,미라시아,공깃밥
2024-01-21,0,1,Winter,1,0,1,미라시아,공깃밥
2024-01-22,0,1,Winter,0,0,0,미라시아,공깃밥
2024-01-23,0,1,Winter,0,0,0,미라시아,공깃밥
2024-01-24,0,1,Winter,0,0,0,미라시아,공깃밥
2024-01-25,2,1,Winter,0,0,0,미라시아,공깃밥
2024-01-26,0,1,Winter,0,0,0,미라시아,공깃밥
2024-01-27,0,1,Winter,1,0,1,미라시아,공깃밥
2024-01-28,0,1,Winter,1,0,1,미라시아,공깃밥
2024-01-29,0,1,Winter,0,0,0,미라시아,공깃밥
2024-01-30,1,1,Winter,0,0,0,미라시아,공깃밥
2024-01-31,0,1,Winter,0,0,0,미라시아,공깃밥
2024-02-01,0,2,Winter,0,0,0,미라시아,공깃밥
2024-02-02,0,2,Winter,0,0,0,미라시아,공깃밥
2024-02-03,0,2,Winter,1,0,1,미라시아,공깃밥
2024-02-04,3,2,Winter,1,0,1,미라시아,공깃밥
2024-02-05,0,2,Winter,0,0,0,미라시아,공깃밥
2024-02-06,0,2,Winter,0,0,0,미라시아,공깃밥
2024-02-07,0,2,Winter,0,0,0,미라시아,공깃밥
2024-02-08,0,2,Winter,0,0,0,미라시아,공깃밥
2024-02-09,0,2,Winter,0,1,1,미라시아,공깃밥
2024-02-10,0,2,Winter,1,1,1,미라시아,공깃밥
2024-02-11,1,2,Winter,1,1,1,미라시아,공깃밥
2024-02-12,0,2,Winter,0,1,1,미라시아,공깃밥
2024-02-13,0,2,Winter,0,0,0,미라시아,공깃밥
2024-02-14,0,2,Winter,0,0,0,미라시아,공깃밥
2024-02-15,0,2,Winter,0,0,0,미라시아,공깃밥
2024-02-16,0,2,Winter,0,0,0,미라시아,공깃밥
2024-02-17,0,2,Winter,1,0,1,미라시아,공깃밥
2024-02-18,0,2,Winter,1,0,1,미라시아,공깃밥
2024-02-19,0,2,Winter,0,0,0,미라시아,공깃밥
2024-02-20,0,2,Winter,0,0,0,미라시아,공깃밥
2024-02-21,0,2,Winter,0,0,0,미라시아,공깃밥
2024-02-22,0,2,Winter,0,0,0,미라시아,공깃밥
2024-02-23,0,2,Winter,0,0,0,미라시아,공깃밥
2024-02-24,0,2,Winter,1,0,1,미라시아,공깃밥
2024-02-25,6,2,Winter,1,0,1,미라시아,공깃밥
2024-02-26,0,2,Winter,0,0,0,미라시아,공깃밥
2024-02-27,0,2,Winter,0,0,0,미라시아,공깃밥
2024-02-28,0,2,Winter,0,0,0,미라시아,공깃밥
2024-02-29,3,2,Winter,0,0,0,미라시아,공깃밥
2024-03-01,0,3,Spring,0,1,1,미라시아,공깃밥
2024-03-02,5,3,Spring,1,0,1,미라시아,공깃밥
2024-03-03,0,3,Spring,1,0,1,미라시아,공깃밥
2024-03-04,0,3,Spring,0,0,0,미라시아,공깃밥
2024-03-05,0,3,Spring,0,0,0,미라시아,공깃밥
2024-03-06,0,3,Spring,0,0,0,미라시아,공깃밥
2024-03-07,0,3,Spring,0,0,0,미라시아,공깃밥
2024-03-08,0,3,Spring,0,0,0,미라시아,공깃밥
2024-03-09,0,3,Spring,1,0,1,미라시아,공깃밥
2024-03-10,0,3,Spring,1,0,1,미라시아,공깃밥
2024-03-11,0,3,Spring,0,0,0,미라시아,공깃밥
2024-03-12,0,3,Spring,0,0,0,미라시아,공깃밥
2024-03-13,0,3,Spring,0,0,0,미라시아,공깃밥
2024-03-14,0,3,Spring,0,0,0,미라시아,공깃밥
2024-03-15,1,3,Spring,0,0,0,미라시아,공깃밥
2024-03-16,2,3,Spring,1,0,1,미라시아,공깃밥
2024-03-17,0,3,Spring,1,0,1,미라시아,공깃밥
2024-03-18,0,3,Spring,0,0,0,미라시아,공깃밥
2024-03-19,0,3,Spring,0,0,0,미라시아,공깃밥
2024-03-20,0,3,Spring,0,0,0,미라시아,공깃밥
2024-03-21,0,3,Spring,0,0,0,미라시아,공깃밥
2024-03-22,0,3,Spring,0,0,0,미라시아,공깃밥
2024-03-23,4,3,Spring,1,0,1,미라시아,공깃밥
2024-03-24,0,3,Spring,1,0,1,미라시아,공깃밥
2024-03-25,0,3,Spring,0,0,0,미라시아,공깃밥
2024-03-26,1,3,Spring,0,0,0,미라시아,공깃밥
2024-03-27,0,3,Spring,0,0,0,미라시아,공깃밥
2024-03-28,0,3,Spring,0,0,0,미라시아,공깃밥
2024-03-29,0,3,Spring,0,0,0,미라시아,공깃밥
2024-03-30,0,3,Spring,1,0,1,미라시아,공깃밥
2024-03-31,0,3,Spring,1,0,1,미라시아,공깃밥
2024-04-01,0,4,Spring,0,0,0,미라시아,공깃밥
2024-04-02,0,4,Spring,0,0,0,미라시아,공깃밥
2024-04-03,0,4,Spring,0,0,0,미라시아,공깃밥
2024-04-04,1,4,Spring,0,0,0,미라시아,공깃밥
2024-04-05,0,4,Spring,0,0,0,미라시아,공깃밥
2024-04-06,2,4,Spring,1,0,1,미라시아,공깃밥
2024-04-07,0,4,Spring,1,0,1,미라시아,공깃밥
2024-04-08,0,4,Spring,0,0,0,미라시아,공깃밥
2024-04-09,1,4,Spring,0,0,0,미라시아,공깃밥
2024-04-10,0,4,Spring,0,1,1,미라시아,공깃밥
2024-04-11,1,4,Spring,0,0,0,미라시아,공깃밥
2024-04-12,0,4,Spring,0,0,0,미라시아,공깃밥
2024-04-13,3,4,Spring,1,0,1,미라시아,공깃밥
2024-04-14,0,4,Spring,1,0,1,미라시아,공깃밥
2024-04-15,0,4,Spring,0,0,0,미라시아,공깃밥
2024-04-16,0,4,Spring,0,0,0,미라시아,공깃밥
2024-04-17,2,4,Spring,0,0,0,미라시아,공깃밥
2024-04-18,0,4,Spring,0,0,0,미라시아,공깃밥
2024-04-19,2,4,Spring,0,0,0,미라시아,공깃밥
2024-04-20,5,4,Spring,1,0,1,미라시아,공깃밥
2024-04-21,0,4,Spring,1,0,1,미라시아,공깃밥
2024-04-22,0,4,Spring,0,0,0,미라시아,공깃밥
2024-04-23,0,4,Spring,0,0,0,미라시아,공깃밥
2024-04-24,0,4,Spring,0,0,0,미라시아,공깃밥
2024-04-25,0,4,Spring,0,0,0,미라시아,공깃밥
2024-04-26,0,4,Spring,0,0,0,미라시아,공깃밥
2024-04-27,2,4,Spring,1,0,1,미라시아,공깃밥
2024-04-28,0,4,Spring,1,0,1,미라시아,공깃밥
2024-04-29,0,4,Spring,0,0,0,미라시아,공깃밥
2024-04-30,0,4,Spring,0,0,0,미라시아,공깃밥
2024-05-01,0,5,Spring,0,0,0,미라시아,공깃밥
2024-05-02,0,5,Spring,0,0,0,미라시아,공깃밥
2024-05-03,0,5,Spring,0,0,0,미라시아,공깃밥
2024-05-04,0,5,Spring,1,0,1,미라시아,공깃밥
2024-05-05,1,5,Spring,1,1,1,미라시아,공깃밥
2024-05-06,0,5,Spring,0,1,1,미라시아,공깃밥
2024-05-07,0,5,Spring,0,0,0,미라시아,공깃밥
2024-05-08,1,5,Spring,0,0,0,미라시아,공깃밥
2024-05-09,0,5,Spring,0,0,0,미라시아,공깃밥
2024-05-10,0,5,Spring,0,0,0,미라시아,공깃밥
2024-05-11,0,5,Spring,1,0,1,미라시아,공깃밥
2024-05-12,1,5,Spring,1,0,1,미라시아,공깃밥
2024-05-13,0,5,Spring,0,0,0,미라시아,공깃밥
2024-05-14,3,5,Spring,0,0,0,미라시아,공깃밥
2024-05-15,0,5,Spring,0,1,1,미라시아,공깃밥
2024-05-16,0,5,Spring,0,0,0,미라시아,공깃밥
2024-05-17,0,5,Spring,0,0,0,미라시아,공깃밥
2024-05-18,1,5,Spring,1,0,1,미라시아,공깃밥
2024-05-19,1,5,Spring,1,0,1,미라시아,공깃밥
2024-05-20,0,5,Spring,0,0,0,미라시아,공깃밥
2024-05-21,0,5,Spring,0,0,0,미라시아,공깃밥
2024-05-22,0,5,Spring,0,0,0,미라시아,공깃밥
2024-05-23,0,5,Spring,0,0,0,미라시아,공깃밥
2024-05-24,3,5,Spring,0,0,0,미라시아,공깃밥
2024-05-25,3,5,Spring,1,0,1,미라시아,공깃밥
2024-05-26,3,5,Spring,1,0,1,미라시아,공깃밥
2024-05-27,0,5,Spring,0,0,0,미라시아,공깃밥
2024-05-28,0,5,Spring,0,0,0,미라시아,공깃밥
2024-05-29,0,5,Spring,0,0,0,미라시아,공깃밥
2024-05-30,0,5,Spring,0,0,0,미라시아,공깃밥
2024-05-31,0,5,Spring,0,0,0,미라시아,공깃밥
2024-06-01,2,6,Summer,1,0,1,미라시아,공깃밥
2024-06-02,0,6,Summer,1,0,1,미라시아,공깃밥
2024-06-03,0,6,Summer,0,0,0,미라시아,공깃밥
2024-06-04,0,6,Summer,0,0,0,미라시아,공깃밥
2024-06-05,4,6,Summer,0,0,0,미라시아,공깃밥
2024-06-06,1,6,Summer,0,1,1,미라시아,공깃밥
2024-06-07,0,6,Summer,0,0,0,미라시아,공깃밥
2024-06-08,2,6,Summer,1,0,1,미라시아,공깃밥
2024-06-09,0,6,Summer,1,0,1,미라시아,공깃밥
2024-06-10,0,6,Summer,0,0,0,미라시아,공깃밥
2024-06-11,2,6,Summer,0,0,0,미라시아,공깃밥
2024-06-12,0,6,Summer,0,0,0,미라시아,공깃밥
2024-06-13,0,6,Summer,0,0,0,미라시아,공깃밥
2024-06-14,0,6,Summer,0,0,0,미라시아,공깃밥
2024-06-15,3,6,Summer,1,0,1,미라시아,공깃밥
2023-01-01,0,1,Winter,1,1,1,미라시아,글라스와인 (레드)
2023-01-02,2,1,Winter,0,0,0,미라시아,글라스와인 (레드)
2023-01-03,0,1,Winter,0,0,0,미라시아,글라스와인 (레드)
2023-01-04,0,1,Winter,0,0,0,미라시아,글라스와인 (레드)
2023-01-05,0,1,Winter,0,0,0,미라시아,글라스와인 (레드)
2023-01-06,0,1,Winter,0,0,0,미라시아,글라스와인 (레드)
2023-01-07,0,1,Winter,1,0,1,미라시아,글라스와인 (레드)
2023-01-08,1,1,Winter,1,0,1,미라시아,글라스와인 (레드)
2023-01-09,0,1,Winter,0,0,0,미라시아,글라스와인 (레드)
2023-01-10,2,1,Winter,0,0,0,미라시아,글라스와인 (레드)
2023-01-11,4,1,Winter,0,0,0,미라시아,글라스와인 (레드)
2023-01-12,1,1,Winter,0,0,0,미라시아,글라스와인 (레드)
2023-01-13,0,1,Winter,0,0,0,미라시아,글라스와인 (레드)
2023-01-14,0,1,Winter,1,0,1,미라시아,글라스와인 (레드)
2023-01-15,0,1,Winter,1,0,1,미라시아,글라스와인 (레드)
2023-01-16,1,1,Winter,0,0,0,미라시아,글라스와인 (레드)
2023-01-17,0,1,Winter,0,0,0,미라시아,글라스와인 (레드)
2023-01-18,1,1,Winter,0,0,0,미라시아,글라스와인 (레드)
2023-01-19,0,1,Winter,0,0,0,미라시아,글라스와인 (레드)
2023-01-20,3,1,Winter,0,0,0,미라시아,글라스와인 (레드)
2023-01-21,0,1,Winter,1,1,1,미라시아,글라스와인 (레드)
2023-01-22,7,1,Winter,1,1,1,미라시아,글라스와인 (레드)
2023-01-23,3,1,Winter,0,1,1,미라시아,글라스와인 (레드)
2023-01-24,0,1,Winter,0,1,1,미라시아,글라스와인 (레드)
2023-01-25,0,1,Winter,0,0,0,미라시아,글라스와인 (레드)
2023-01-26,3,1,Winter,0,0,0,미라시아,글라스와인 (레드)
2023-01-27,1,1,Winter,0,0,0,미라시아,글라스와인 (레드)
2023-01-28,2,1,Winter,1,0,1,미라시아,글라스와인 (레드)
2023-01-29,0,1,Winter,1,0,1,미라시아,글라스와인 (레드)
2023-01-30,0,1,Winter,0,0,0,미라시아,글라스와인 (레드)
2023-01-31,0,1,Winter,0,0,0,미라시아,글라스와인 (레드)
2023-02-01,0,2,Winter,0,0,0,미라시아,글라스와인 (레드)
2023-02-02,3,2,Winter,0,0,0,미라시아,글라스와인 (레드)
2023-02-03,1,2,Winter,0,0,0,미라시아,글라스와인 (레드)
2023-02-04,0,2,Winter,1,0,1,미라시아,글라스와인 (레드)
2023-02-05,2,2,Winter,1,0,1,미라시아,글라스와인 (레드)
2023-02-06,0,2,Winter,0,0,0,미라시아,글라스와인 (레드)
2023-02-07,0,2,Winter,0,0,0,미라시아,글라스와인 (레드)
2023-02-08,0,2,Winter,0,0,0,미라시아,글라스와인 (레드)
2023-02-09,3,2,Winter,0,0,0,미라시아,글라스와인 (레드)
2023-02-10,0,2,Winter,0,0,0,미라시아,글라스와인 (레드)
2023-02-11,0,2,Winter,1,0,1,미라시아,글라스와인 (레드)
2023-02-12,1,2,Winter,1,0,1,미라시아,글라스와인 (레드)
2023-02-13,3,2,Winter,0,0,0,미라시아,글라스와인 (레드)
2023-02-14,1,2,Winter,0,0,0,미라시아,글라스와인 (레드)
2023-02-15,0,2,Winter,0,0,0,미라시아,글라스와인 (레드)
2023-02-16,0,2,Winter,0,0,0,미라시아,글라스와인 (레드)
2023-02-17,0,2,Winter,0,0,0,미라시아,글라스와인 (레드)
2023-02-18,1,2,Winter,1,0,1,미라시아,글라스와인 (레드)
2023-02-19,0,2,Winter,1,0,1,미라시아,글라스와인 (레드)
2023-02-20,0,2,Winter,0,0,0,미라시아,글라스와인 (레드)
2023-02-21,0,2,Winter,0,0,0,미라시아,글라스와인 (레드)
2023-02-22,0,2,Winter,0,0,0,미라시아,글라스와인 (레드)
2023-02-23,0,2,Winter,0,0,0,미라시아,글라스와인 (레드)
2023-02-24,0,2,Winter,0,0,0,미라시아,글라스와인 (레드)
2023-02-25,6,2,Winter,1,0,1,미라시아,글라스와인 (레드)
2023-02-26,1,2,Winter,1,0,1,미라시아,글라스와인 (레드)
2023-02-27,0,2,Winter,0,0,0,미라시아,글라스와인 (레드)
2023-02-28,0,2,Winter,0,0,0,미라시아,글라스와인 (레드)
2023-03-01,0,3,Spring,0,1,1,미라시아,글라스와인 (레드)
2023-03-02,0,3,Spring,0,0,0,미라시아,글라스와인 (레드)
2023-03-03,0,3,Spring,0,0,0,미라시아,글라스와인 (레드)
2023-03-04,0,3,Spring,1,0,1,미라시아,글라스와인 (레드)
2023-03-05,0,3,Spring,1,0,1,미라시아,글라스와인 (레드)
2023-03-06,0,3,Spring,0,0,0,미라시아,글라스와인 (레드)
2023-03-07,0,3,Spring,0,0,0,미라시아,글라스와인 (레드)
2023-03-08,0,3,Spring,0,0,0,미라시아,글라스와인 (레드)
2023-03-09,0,3,Spring,0,0,0,미라시아,글라스와인 (레드)
2023-03-10,0,3,Spring,0,0,0,미라시아,글라스와인 (레드)
2023-03-11,1,3,Spring,1,0,1,미라시아,글라스와인 (레드)
2023-03-12,1,3,Spring,1,0,1,미라시아,글라스와인 (레드)
2023-03-13,0,3,Spring,0,0,0,미라시아,글라스와인 (레드)
2023-03-14,0,3,Spring,0,0,0,미라시아,글라스와인 (레드)
2023-03-15,0,3,Spring,0,0,0,미라시아,글라스와인 (레드)
2023-03-16,1,3,Spring,0,0,0,미라시아,글라스와인 (레드)
2023-03-17,0,3,Spring,0,0,0,미라시아,글라스와인 (레드)
2023-03-18,2,3,Spring,1,0,1,미라시아,글라스와인 (레드)
2023-03-19,0,3,Spring,1,0,1,미라시아,글라스와인 (레드)
2023-03-20,0,3,Spring,0,0,0,미라시아,글라스와인 (레드)
2023-03-21,0,3,Spring,0,0,0,미라시아,글라스와인 (레드)
2023-03-22,0,3,Spring,0,0,0,미라시아,글라스와인 (레드)
2023-03-23,0,3,Spring,0,0,0,미라시아,글라스와인 (레드)
2023-03-24,0,3,Spring,0,0,0,미라시아,글라스와인 (레드)
2023-03-25,1,3,Spring,1,0,1,미라시아,글라스와인 (레드)
2023-03-26,0,3,Spring,1,0,1,미라시아,글라스와인 (레드)
2023-03-27,0,3,Spring,0,0,0,미라시아,글라스와인 (레드)
2023-03-28,0,3,Spring,0,0,0,미라시아,글라스와인 (레드)
2023-03-29,0,3,Spring,0,0,0,미라시아,글라스와인 (레드)
2023-03-30,0,3,Spring,0,0,0,미라시아,글라스와인 (레드)
2023-03-31,0,3,Spring,0,0,0,미라시아,글라스와인 (레드)
2023-04-01,0,4,Spring,1,0,1,미라시아,글라스와인 (레드)
2023-04-02,0,4,Spring,1,0,1,미라시아,글라스와인 (레드)
2023-04-03,1,4,Spring,0,0,0,미라시아,글라스와인 (레드)
2023-04-04,0,4,Spring,0,0,0,미라시아,글라스와인 (레드)
2023-04-05,0,4,Spring,0,0,0,미라시아,글라스와인 (레드)
2023-04-06,0,4,Spring,0,0,0,미라시아,글라스와인 (레드)
2023-04-07,0,4,Spring,0,0,0,미라시아,글라스와인 (레드)
2023-04-08,0,4,Spring,1,0,1,미라시아,글라스와인 (레드)
2023-04-09,0,4,Spring,1,0,1,미라시아,글라스와인 (레드)
2023-04-10,0,4,Spring,0,0,0,미라시아,글라스와인 (레드)
2023-04-11,0,4,Spring,0,0,0,미라시아,글라스와인 (레드)
2023-04-12,0,4,Spring,0,0,0,미라시아,글라스와인 (레드)
2023-04-13,0,4,Spring,0,0,0,미라시아,글라스와인 (레드)
2023-04-14,0,4,Spring,0,0,0,미라시아,글라스와인 (레드)
2023-04-15,2,4,Spring,1,0,1,미라시아,글라스와인 (레드)
2023-04-16,2,4,Spring,1,0,1,미라시아,글라스와인 (레드)
2023-04-17,0,4,Spring,0,0,0,미라시아,글라스와인 (레드)
2023-04-18,0,4,Spring,0,0,0,미라시아,글라스와인 (레드)
2023-04-19,0,4,Spring,0,0,0,미라시아,글라스와인 (레드)
2023-04-20,0,4,Spring,0,0,0,미라시아,글라스와인 (레드)
2023-04-21,0,4,Spring,0,0,0,미라시아,글라스와인 (레드)
2023-04-22,0,4,Spring,1,0,1,미라시아,글라스와인 (레드)
2023-04-23,0,4,Spring,1,0,1,미라시아,글라스와인 (레드)
2023-04-24,0,4,Spring,0,0,0,미라시아,글라스와인 (레드)
2023-04-25,0,4,Spring,0,0,0,미라시아,글라스와인 (레드)
2023-04-26,0,4,Spring,0,0,0,미라시아,글라스와인 (레드)
2023-04-27,0,4,Spring,0,0,0,미라시아,글라스와인 (레드)
2023-04-28,1,4,Spring,0,0,0,미라시아,글라스와인 (레드)
2023-04-29,0,4,Spring,1,0,1,미라시아,글라스와인 (레드)
2023-04-30,0,4,Spring,1,0,1,미라시아,글라스와인 (레드)
2023-05-01,0,5,Spring,0,0,0,미라시아,글라스와인 (레드)
2023-05-02,0,5,Spring,0,0,0,미라시아,글라스와인 (레드)
2023-05-03,0,5,Spring,0,0,0,미라시아,글라스와인 (레드)
2023-05-04,0,5,Spring,0,0,0,미라시아,글라스와인 (레드)
2023-05-05,0,5,Spring,0,1,1,미라시아,글라스와인 (레드)
2023-05-06,0,5,Spring,1,0,1,미라시아,글라스와인 (레드)
2023-05-07,0,5,Spring,1,0,1,미라시아,글라스와인 (레드)
2023-05-08,0,5,Spring,0,0,0,미라시아,글라스와인 (레드)
2023-05-09,0,5,Spring,0,0,0,미라시아,글라스와인 (레드)
2023-05-10,0,5,Spring,0,0,0,미라시아,글라스와인 (레드)
2023-05-11,0,5,Spring,0,0,0,미라시아,글라스와인 (레드)
2023-05-12,0,5,Spring,0,0,0,미라시아,글라스와인 (레드)
2023-05-13,0,5,Spring,1,0,1,미라시아,글라스와인 (레드)
2023-05-14,0,5,Spring,1,0,1,미라시아,글라스와인 (레드)
2023-05-15,0,5,Spring,0,0,0,미라시아,글라스와인 (레드)
2023-05-16,0,5,Spring,0,0,0,미라시아,글라스와인 (레드)
2023-05-17,0,5,Spring,0,0,0,미라시아,글라스와인 (레드)
2023-05-18,0,5,Spring,0,0,0,미라시아,글라스와인 (레드)
2023-05-19,0,5,Spring,0,0,0,미라시아,글라스와인 (레드)
2023-05-20,0,5,Spring,1,0,1,미라시아,글라스와인 (레드)
2023-05-21,0,5,Spring,1,0,1,미라시아,글라스와인 (레드)
2023-05-22,0,5,Spring,0,0,0,미라시아,글라스와인 (레드)
2023-05-23,0,5,Spring,0,0,0,미라시아,글라스와인 (레드)
2023-05-24,0,5,Spring,0,0,0,미라시아,글라스와인 (레드)
2023-05-25,0,5,Spring,0,0,0,미라시아,글라스와인 (레드)
2023-05-26,0,5,Spring,0,0,0,미라시아,글라스와인 (레드)
2023-05-27,0,5,Spring,1,1,1,미라시아,글라스와인 (레드)
2023-05-28,0,5,Spring,1,0,1,미라시아,글라스와인 (레드)
2023-05-29,0,5,Spring,0,1,1,미라시아,글라스와인 (레드)
2023-05-30,0,5,Spring,0,0,0,미라시아,글라스와인 (레드)
2023-05-31,0,5,Spring,0,0,0,미라시아,글라스와인 (레드)
2023-06-01,0,6,Summer,0,0,0,미라시아,글라스와인 (레드)
2023-06-02,0,6,Summer,0,0,0,미라시아,글라스와인 (레드)
2023-06-03,0,6,Summer,1,0,1,미라시아,글라스와인 (레드)
2023-06-04,0,6,Summer,1,0,1,미라시아,글라스와인 (레드)
2023-06-05,0,6,Summer,0,0,0,미라시아,글라스와인 (레드)
2023-06-06,0,6,Summer,0,1,1,미라시아,글라스와인 (레드)
2023-06-07,0,6,Summer,0,0,0,미라시아,글라스와인 (레드)
2023-06-08,0,6,Summer,0,0,0,미라시아,글라스와인 (레드)
2023-06-09,1,6,Summer,0,0,0,미라시아,글라스와인 (레드)
2023-06-10,0,6,Summer,1,0,1,미라시아,글라스와인 (레드)
2023-06-11,0,6,Summer,1,0,1,미라시아,글라스와인 (레드)
2023-06-12,0,6,Summer,0,0,0,미라시아,글라스와인 (레드)
2023-06-13,0,6,Summer,0,0,0,미라시아,글라스와인 (레드)
2023-06-14,0,6,Summer,0,0,0,미라시아,글라스와인 (레드)
2023-06-15,0,6,Summer,0,0,0,미라시아,글라스와인 (레드)
2023-06-16,1,6,Summer,0,0,0,미라시아,글라스와인 (레드)
2023-06-17,0,6,Summer,1,0,1,미라시아,글라스와인 (레드)
2023-06-18,0,6,Summer,1,0,1,미라시아,글라스와인 (레드)
2023-06-19,0,6,Summer,0,0,0,미라시아,글라스와인 (레드)
2023-06-20,0,6,Summer,0,0,0,미라시아,글라스와인 (레드)
2023-06-21,0,6,Summer,0,0,0,미라시아,글라스와인 (레드)
2023-06-22,0,6,Summer,0,0,0,미라시아,글라스와인 (레드)
2023-06-23,2,6,Summer,0,0,0,미라시아,글라스와인 (레드)
2023-06-24,0,6,Summer,1,0,1,미라시아,글라스와인 (레드)
2023-06-25,0,6,Summer,1,0,1,미라시아,글라스와인 (레드)
2023-06-26,4,6,Summer,0,0,0,미라시아,글라스와인 (레드)
2023-06-27,0,6,Summer,0,0,0,미라시아,글라스와인 (레드)
2023-06-28,0,6,Summer,0,0,0,미라시아,글라스와인 (레드)
2023-06-29,1,6,Summer,0,0,0,미라시아,글라스와인 (레드)
2023-06-30,3,6,Summer,0,0,0,미라시아,글라스와인 (레드)
2023-07-01,2,7,Summer,1,0,1,미라시아,글라스와인 (레드)
2023-07-02,1,7,Summer,1,0,1,미라시아,글라스와인 (레드)
2023-07-03,0,7,Summer,0,0,0,미라시아,글라스와인 (레드)
2023-07-04,0,7,Summer,0,0,0,미라시아,글라스와인 (레드)
2023-07-05,0,7,Summer,0,0,0,미라시아,글라스와인 (레드)
2023-07-06,0,7,Summer,0,0,0,미라시아,글라스와인 (레드)
2023-07-07,0,7,Summer,0,0,0,미라시아,글라스와인 (레드)
2023-07-08,2,7,Summer,1,0,1,미라시아,글라스와인 (레드)
2023-07-09,0,7,Summer,1,0,1,미라시아,글라스와인 (레드)
2023-07-10,0,7,Summer,0,0,0,미라시아,글라스와인 (레드)
2023-07-11,0,7,Summer,0,0,0,미라시아,글라스와인 (레드)
2023-07-12,1,7,Summer,0,0,0,미라시아,글라스와인 (레드)
2023-07-13,0,7,Summer,0,0,0,미라시아,글라스와인 (레드)
2023-07-14,0,7,Summer,0,0,0,미라시아,글라스와인 (레드)
2023-07-15,1,7,Summer,1,0,1,미라시아,글라스와인 (레드)
2023-07-16,0,7,Summer,1,0,1,미라시아,글라스와인 (레드)
2023-07-17,2,7,Summer,0,0,0,미라시아,글라스와인 (레드)
2023-07-18,3,7,Summer,0,0,0,미라시아,글라스와인 (레드)
2023-07-19,0,7,Summer,0,0,0,미라시아,글라스와인 (레드)
2023-07-20,3,7,Summer,0,0,0,미라시아,글라스와인 (레드)
2023-07-21,2,7,Summer,0,0,0,미라시아,글라스와인 (레드)
2023-07-22,0,7,Summer,1,0,1,미라시아,글라스와인 (레드)
2023-07-23,1,7,Summer,1,0,1,미라시아,글라스와인 (레드)
2023-07-24,0,7,Summer,0,0,0,미라시아,글라스와인 (레드)
2023-07-25,0,7,Summer,0,0,0,미라시아,글라스와인 (레드)
2023-07-26,0,7,Summer,0,0,0,미라시아,글라스와인 (레드)
2023-07-27,0,7,Summer,0,0,0,미라시아,글라스와인 (레드)
2023-07-28,0,7,Summer,0,0,0,미라시아,글라스와인 (레드)
2023-07-29,0,7,Summer,1,0,1,미라시아,글라스와인 (레드)
2023-07-30,0,7,Summer,1,0,1,미라시아,글라스와인 (레드)
2023-07-31,4,7,Summer,0,0,0,미라시아,글라스와인 (레드)
2023-08-01,1,8,Summer,0,0,0,미라시아,글라스와인 (레드)
2023-08-02,0,8,Summer,0,0,0,미라시아,글라스와인 (레드)
2023-08-03,0,8,Summer,0,0,0,미라시아,글라스와인 (레드)
2023-08-04,0,8,Summer,0,0,0,미라시아,글라스와인 (레드)
2023-08-05,1,8,Summer,1,0,1,미라시아,글라스와인 (레드)
2023-08-06,1,8,Summer,1,0,1,미라시아,글라스와인 (레드)
2023-08-07,3,8,Summer,0,0,0,미라시아,글라스와인 (레드)
2023-08-08,0,8,Summer,0,0,0,미라시아,글라스와인 (레드)
2023-08-09,0,8,Summer,0,0,0,미라시아,글라스와인 (레드)
2023-08-10,0,8,Summer,0,0,0,미라시아,글라스와인 (레드)
2023-08-11,0,8,Summer,0,0,0,미라시아,글라스와인 (레드)
2023-08-12,1,8,Summer,1,0,1,미라시아,글라스와인 (레드)
2023-08-13,1,8,Summer,1,0,1,미라시아,글라스와인 (레드)
2023-08-14,0,8,Summer,0,0,0,미라시아,글라스와인 (레드)
2023-08-15,0,8,Summer,0,1,1,미라시아,글라스와인 (레드)
2023-08-16,0,8,Summer,0,0,0,미라시아,글라스와인 (레드)
2023-08-17,0,8,Summer,0,0,0,미라시아,글라스와인 (레드)
2023-08-18,0,8,Summer,0,0,0,미라시아,글라스와인 (레드)
2023-08-19,0,8,Summer,1,0,1,미라시아,글라스와인 (레드)
2023-08-20,0,8,Summer,1,0,1,미라시아,글라스와인 (레드)
2023-08-21,2,8,Summer,0,0,0,미라시아,글라스와인 (레드)
2023-08-22,0,8,Summer,0,0,0,미라시아,글라스와인 (레드)
2023-08-23,0,8,Summer,0,0,0,미라시아,글라스와인 (레드)
2023-08-24,0,8,Summer,0,0,0,미라시아,글라스와인 (레드)
2023-08-25,0,8,Summer,0,0,0,미라시아,글라스와인 (레드)
2023-08-26,0,8,Summer,1,0,1,미라시아,글라스와인 (레드)
2023-08-27,0,8,Summer,1,0,1,미라시아,글라스와인 (레드)
2023-08-28,0,8,Summer,0,0,0,미라시아,글라스와인 (레드)
2023-08-29,0,8,Summer,0,0,0,미라시아,글라스와인 (레드)
2023-08-30,0,8,Summer,0,0,0,미라시아,글라스와인 (레드)
2023-08-31,2,8,Summer,0,0,0,미라시아,글라스와인 (레드)
2023-09-01,0,9,Autumn,0,0,0,미라시아,글라스와인 (레드)
2023-09-02,2,9,Autumn,1,0,1,미라시아,글라스와인 (레드)
2023-09-03,0,9,Autumn,1,0,1,미라시아,글라스와인 (레드)
2023-09-04,0,9,Autumn,0,0,0,미라시아,글라스와인 (레드)
2023-09-05,0,9,Autumn,0,0,0,미라시아,글라스와인 (레드)
2023-09-06,0,9,Autumn,0,0,0,미라시아,글라스와인 (레드)
2023-09-07,0,9,Autumn,0,0,0,미라시아,글라스와인 (레드)
2023-09-08,0,9,Autumn,0,0,0,미라시아,글라스와인 (레드)
2023-09-09,0,9,Autumn,1,0,1,미라시아,글라스와인 (레드)
2023-09-10,0,9,Autumn,1,0,1,미라시아,글라스와인 (레드)
2023-09-11,0,9,Autumn,0,0,0,미라시아,글라스와인 (레드)
2023-09-12,2,9,Autumn,0,0,0,미라시아,글라스와인 (레드)
2023-09-13,0,9,Autumn,0,0,0,미라시아,글라스와인 (레드)
2023-09-14,0,9,Autumn,0,0,0,미라시아,글라스와인 (레드)
2023-09-15,7,9,Autumn,0,0,0,미라시아,글라스와인 (레드)
2023-09-16,2,9,Autumn,1,0,1,미라시아,글라스와인 (레드)
2023-09-17,0,9,Autumn,1,0,1,미라시아,글라스와인 (레드)
2023-09-18,0,9,Autumn,0,0,0,미라시아,글라스와인 (레드)
2023-09-19,0,9,Autumn,0,0,0,미라시아,글라스와인 (레드)
2023-09-20,0,9,Autumn,0,0,0,미라시아,글라스와인 (레드)
2023-09-21,0,9,Autumn,0,0,0,미라시아,글라스와인 (레드)
2023-09-22,0,9,Autumn,0,0,0,미라시아,글라스와인 (레드)
2023-09-23,1,9,Autumn,1,0,1,미라시아,글라스와인 (레드)
2023-09-24,1,9,Autumn,1,0,1,미라시아,글라스와인 (레드)
2023-09-25,0,9,Autumn,0,0,0,미라시아,글라스와인 (레드)
2023-09-26,0,9,Autumn,0,0,0,미라시아,글라스와인 (레드)
2023-09-27,1,9,Autumn,0,0,0,미라시아,글라스와인 (레드)
2023-09-28,0,9,Autumn,0,1,1,미라시아,글라스와인 (레드)
2023-09-29,1,9,Autumn,0,1,1,미라시아,글라스와인 (레드)
2023-09-30,0,9,Autumn,1,1,1,미라시아,글라스와인 (레드)
2023-10-01,0,10,Autumn,1,0,1,미라시아,글라스와인 (레드)
2023-10-02,2,10,Autumn,0,1,1,미라시아,글라스와인 (레드)
2023-10-03,0,10,Autumn,0,1,1,미라시아,글라스와인 (레드)
2023-10-04,3,10,Autumn,0,0,0,미라시아,글라스와인 (레드)
2023-10-05,0,10,Autumn,0,0,0,미라시아,글라스와인 (레드)
2023-10-06,0,10,Autumn,0,0,0,미라시아,글라스와인 (레드)
2023-10-07,0,10,Autumn,1,0,1,미라시아,글라스와인 (레드)
2023-10-08,2,10,Autumn,1,0,1,미라시아,글라스와인 (레드)
2023-10-09,0,10,Autumn,0,1,1,미라시아,글라스와인 (레드)
2023-10-10,0,10,Autumn,0,0,0,미라시아,글라스와인 (레드)
2023-10-11,0,10,Autumn,0,0,0,미라시아,글라스와인 (레드)
2023-10-12,0,10,Autumn,0,0,0,미라시아,글라스와인 (레드)
2023-10-13,2,10,Autumn,0,0,0,미라시아,글라스와인 (레드)
2023-10-14,5,10,Autumn,1,0,1,미라시아,글라스와인 (레드)
2023-10-15,2,10,Autumn,1,0,1,미라시아,글라스와인 (레드)
2023-10-16,2,10,Autumn,0,0,0,미라시아,글라스와인 (레드)
2023-10-17,0,10,Autumn,0,0,0,미라시아,글라스와인 (레드)
2023-10-18,0,10,Autumn,0,0,0,미라시아,글라스와인 (레드)
2023-10-19,0,10,Autumn,0,0,0,미라시아,글라스와인 (레드)
2023-10-20,0,10,Autumn,0,0,0,미라시아,글라스와인 (레드)
2023-10-21,1,10,Autumn,1,0,1,미라시아,글라스와인 (레드)
2023-10-22,1,10,Autumn,1,0,1,미라시아,글라스와인 (레드)
2023-10-23,1,10,Autumn,0,0,0,미라시아,글라스와인 (레드)
2023-10-24,2,10,Autumn,0,0,0,미라시아,글라스와인 (레드)
2023-10-25,0,10,Autumn,0,0,0,미라시아,글라스와인 (레드)
2023-10-26,1,10,Autumn,0,0,0,미라시아,글라스와인 (레드)
2023-10-27,2,10,Autumn,0,0,0,미라시아,글라스와인 (레드)
2023-10-28,0,10,Autumn,1,0,1,미라시아,글라스와인 (레드)
2023-10-29,2,10,Autumn,1,0,1,미라시아,글라스와인 (레드)
2023-10-30,0,10,Autumn,0,0,0,미라시아,글라스와인 (레드)
2023-10-31,1,10,Autumn,0,0,0,미라시아,글라스와인 (레드)
2023-11-01,1,11,Autumn,0,0,0,미라시아,글라스와인 (레드)
2023-11-02,0,11,Autumn,0,0,0,미라시아,글라스와인 (레드)
2023-11-03,0,11,Autumn,0,0,0,미라시아,글라스와인 (레드)
2023-11-04,0,11,Autumn,1,0,1,미라시아,글라스와인 (레드)
2023-11-05,0,11,Autumn,1,0,1,미라시아,글라스와인 (레드)
2023-11-06,0,11,Autumn,0,0,0,미라시아,글라스와인 (레드)
2023-11-07,0,11,Autumn,0,0,0,미라시아,글라스와인 (레드)
2023-11-08,0,11,Autumn,0,0,0,미라시아,글라스와인 (레드)
2023-11-09,0,11,Autumn,0,0,0,미라시아,글라스와인 (레드)
2023-11-10,0,11,Autumn,0,0,0,미라시아,글라스와인 (레드)
2023-11-11,2,11,Autumn,1,0,1,미라시아,글라스와인 (레드)
2023-11-12,0,11,Autumn,1,0,1,미라시아,글라스와인 (레드)
2023-11-13,0,11,Autumn,0,0,0,미라시아,글라스와인 (레드)
2023-11-14,0,11,Autumn,0,0,0,미라시아,글라스와인 (레드)
2023-11-15,0,11,Autumn,0,0,0,미라시아,글라스와인 (레드)
2023-11-16,0,11,Autumn,0,0,0,미라시아,글라스와인 (레드)
2023-11-17,0,11,Autumn,0,0,0,미라시아,글라스와인 (레드)
2023-11-18,1,11,Autumn,1,0,1,미라시아,글라스와인 (레드)
2023-11-19,2,11,Autumn,1,0,1,미라시아,글라스와인 (레드)
2023-11-20,0,11,Autumn,0,0,0,미라시아,글라스와인 (레드)
2023-11-21,0,11,Autumn,0,0,0,미라시아,글라스와인 (레드)
2023-11-22,1,11,Autumn,0,0,0,미라시아,글라스와인 (레드)
2023-11-23,3,11,Autumn,0,0,0,미라시아,글라스와인 (레드)
2023-11-24,0,11,Autumn,0,0,0,미라시아,글라스와인 (레드)
2023-11-25,1,11,Autumn,1,0,1,미라시아,글라스와인 (레드)
2023-11-26,0,11,Autumn,1,0,1,미라시아,글라스와인 (레드)
2023-11-27,0,11,Autumn,0,0,0,미라시아,글라스와인 (레드)
2023-11-28,0,11,Autumn,0,0,0,미라시아,글라스와인 (레드)
2023-11-29,0,11,Autumn,0,0,0,미라시아,글라스와인 (레드)
2023-11-30,0,11,Autumn,0,0,0,미라시아,글라스와인 (레드)
2023-12-01,0,12,Winter,0,0,0,미라시아,글라스와인 (레드)
2023-12-02,8,12,Winter,1,0,1,미라시아,글라스와인 (레드)
2023-12-03,0,12,Winter,1,0,1,미라시아,글라스와인 (레드)
2023-12-04,0,12,Winter,0,0,0,미라시아,글라스와인 (레드)
2023-12-05,0,12,Winter,0,0,0,미라시아,글라스와인 (레드)
2023-12-06,0,12,Winter,0,0,0,미라시아,글라스와인 (레드)
2023-12-07,0,12,Winter,0,0,0,미라시아,글라스와인 (레드)
2023-12-08,1,12,Winter,0,0,0,미라시아,글라스와인 (레드)
2023-12-09,0,12,Winter,1,0,1,미라시아,글라스와인 (레드)
2023-12-10,0,12,Winter,1,0,1,미라시아,글라스와인 (레드)
2023-12-11,0,12,Winter,0,0,0,미라시아,글라스와인 (레드)
2023-12-12,0,12,Winter,0,0,0,미라시아,글라스와인 (레드)
2023-12-13,0,12,Winter,0,0,0,미라시아,글라스와인 (레드)
2023-12-14,0,12,Winter,0,0,0,미라시아,글라스와인 (레드)
2023-12-15,3,12,Winter,0,0,0,미라시아,글라스와인 (레드)
2023-12-16,4,12,Winter,1,0,1,미라시아,글라스와인 (레드)
2023-12-17,0,12,Winter,1,0,1,미라시아,글라스와인 (레드)
2023-12-18,0,12,Winter,0,0,0,미라시아,글라스와인 (레드)
2023-12-19,0,12,Winter,0,0,0,미라시아,글라스와인 (레드)
2023-12-20,0,12,Winter,0,0,0,미라시아,글라스와인 (레드)
2023-12-21,0,12,Winter,0,0,0,미라시아,글라스와인 (레드)
2023-12-22,0,12,Winter,0,0,0,미라시아,글라스와인 (레드)
2023-12-23,0,12,Winter,1,0,1,미라시아,글라스와인 (레드)
2023-12-24,0,12,Winter,1,0,1,미라시아,글라스와인 (레드)
2023-12-25,1,12,Winter,0,1,1,미라시아,글라스와인 (레드)
2023-12-26,1,12,Winter,0,0,0,미라시아,글라스와인 (레드)
2023-12-27,0,12,Winter,0,0,0,미라시아,글라스와인 (레드)
2023-12-28,1,12,Winter,0,0,0,미라시아,글라스와인 (레드)
2023-12-29,1,12,Winter,0,0,0,미라시아,글라스와인 (레드)
2023-12-30,0,12,Winter,1,0,1,미라시아,글라스와인 (레드)
2023-12-31,0,12,Winter,1,0,1,미라시아,글라스와인 (레드)
2024-01-01,0,1,Winter,0,1,1,미라시아,글라스와인 (레드)
2024-01-02,0,1,Winter,0,0,0,미라시아,글라스와인 (레드)
2024-01-03,0,1,Winter,0,0,0,미라시아,글라스와인 (레드)
2024-01-04,0,1,Winter,0,0,0,미라시아,글라스와인 (레드)
2024-01-05,0,1,Winter,0,0,0,미라시아,글라스와인 (레드)
2024-01-06,1,1,Winter,1,0,1,미라시아,글라스와인 (레드)
2024-01-07,0,1,Winter,1,0,1,미라시아,글라스와인 (레드)
2024-01-08,0,1,Winter,0,0,0,미라시아,글라스와인 (레드)
2024-01-09,3,1,Winter,0,0,0,미라시아,글라스와인 (레드)
2024-01-10,0,1,Winter,0,0,0,미라시아,글라스와인 (레드)
2024-01-11,0,1,Winter,0,0,0,미라시아,글라스와인 (레드)
2024-01-12,0,1,Winter,0,0,0,미라시아,글라스와인 (레드)
2024-01-13,0,1,Winter,1,0,1,미라시아,글라스와인 (레드)
2024-01-14,0,1,Winter,1,0,1,미라시아,글라스와인 (레드)
2024-01-15,0,1,Winter,0,0,0,미라시아,글라스와인 (레드)
2024-01-16,0,1,Winter,0,0,0,미라시아,글라스와인 (레드)
2024-01-17,0,1,Winter,0,0,0,미라시아,글라스와인 (레드)
2024-01-18,0,1,Winter,0,0,0,미라시아,글라스와인 (레드)
2024-01-19,0,1,Winter,0,0,0,미라시아,글라스와인 (레드)
2024-01-20,0,1,Winter,1,0,1,미라시아,글라스와인 (레드)
2024-01-21,1,1,Winter,1,0,1,미라시아,글라스와인 (레드)
2024-01-22,3,1,Winter,0,0,0,미라시아,글라스와인 (레드)
2024-01-23,0,1,Winter,0,0,0,미라시아,글라스와인 (레드)
2024-01-24,0,1,Winter,0,0,0,미라시아,글라스와인 (레드)
2024-01-25,0,1,Winter,0,0,0,미라시아,글라스와인 (레드)
2024-01-26,0,1,Winter,0,0,0,미라시아,글라스와인 (레드)
2024-01-27,0,1,Winter,1,0,1,미라시아,글라스와인 (레드)
2024-01-28,0,1,Winter,1,0,1,미라시아,글라스와인 (레드)
2024-01-29,0,1,Winter,0,0,0,미라시아,글라스와인 (레드)
2024-01-30,0,1,Winter,0,0,0,미라시아,글라스와인 (레드)
2024-01-31,0,1,Winter,0,0,0,미라시아,글라스와인 (레드)
2024-02-01,0,2,Winter,0,0,0,미라시아,글라스와인 (레드)
2024-02-02,0,2,Winter,0,0,0,미라시아,글라스와인 (레드)
2024-02-03,0,2,Winter,1,0,1,미라시아,글라스와인 (레드)
2024-02-04,0,2,Winter,1,0,1,미라시아,글라스와인 (레드)
2024-02-05,0,2,Winter,0,0,0,미라시아,글라스와인 (레드)
2024-02-06,0,2,Winter,0,0,0,미라시아,글라스와인 (레드)
2024-02-07,0,2,Winter,0,0,0,미라시아,글라스와인 (레드)
2024-02-08,1,2,Winter,0,0,0,미라시아,글라스와인 (레드)
2024-02-09,1,2,Winter,0,1,1,미라시아,글라스와인 (레드)
2024-02-10,4,2,Winter,1,1,1,미라시아,글라스와인 (레드)
2024-02-11,1,2,Winter,1,1,1,미라시아,글라스와인 (레드)
2024-02-12,0,2,Winter,0,1,1,미라시아,글라스와인 (레드)
2024-02-13,1,2,Winter,0,0,0,미라시아,글라스와인 (레드)
2024-02-14,0,2,Winter,0,0,0,미라시아,글라스와인 (레드)
2024-02-15,0,2,Winter,0,0,0,미라시아,글라스와인 (레드)
2024-02-16,1,2,Winter,0,0,0,미라시아,글라스와인 (레드)
2024-02-17,0,2,Winter,1,0,1,미라시아,글라스와인 (레드)
2024-02-18,1,2,Winter,1,0,1,미라시아,글라스와인 (레드)
2024-02-19,0,2,Winter,0,0,0,미라시아,글라스와인 (레드)
2024-02-20,0,2,Winter,0,0,0,미라시아,글라스와인 (레드)
2024-02-21,0,2,Winter,0,0,0,미라시아,글라스와인 (레드)
2024-02-22,0,2,Winter,0,0,0,미라시아,글라스와인 (레드)
2024-02-23,0,2,Winter,0,0,0,미라시아,글라스와인 (레드)
2024-02-24,0,2,Winter,1,0,1,미라시아,글라스와인 (레드)
2024-02-25,4,2,Winter,1,0,1,미라시아,글라스와인 (레드)
2024-02-26,0,2,Winter,0,0,0,미라시아,글라스와인 (레드)
2024-02-27,0,2,Winter,0,0,0,미라시아,글라스와인 (레드)
2024-02-28,0,2,Winter,0,0,0,미라시아,글라스와인 (레드)
2024-02-29,2,2,Winter,0,0,0,미라시아,글라스와인 (레드)
2024-03-01,1,3,Spring,0,1,1,미라시아,글라스와인 (레드)
2024-03-02,1,3,Spring,1,0,1,미라시아,글라스와인 (레드)
2024-03-03,0,3,Spring,1,0,1,미라시아,글라스와인 (레드)
2024-03-04,0,3,Spring,0,0,0,미라시아,글라스와인 (레드)
2024-03-05,0,3,Spring,0,0,0,미라시아,글라스와인 (레드)
2024-03-06,0,3,Spring,0,0,0,미라시아,글라스와인 (레드)
2024-03-07,0,3,Spring,0,0,0,미라시아,글라스와인 (레드)
2024-03-08,0,3,Spring,0,0,0,미라시아,글라스와인 (레드)
2024-03-09,0,3,Spring,1,0,1,미라시아,글라스와인 (레드)
2024-03-10,0,3,Spring,1,0,1,미라시아,글라스와인 (레드)
2024-03-11,0,3,Spring,0,0,0,미라시아,글라스와인 (레드)
2024-03-12,0,3,Spring,0,0,0,미라시아,글라스와인 (레드)
2024-03-13,0,3,Spring,0,0,0,미라시아,글라스와인 (레드)
2024-03-14,0,3,Spring,0,0,0,미라시아,글라스와인 (레드)
2024-03-15,0,3,Spring,0,0,0,미라시아,글라스와인 (레드)
2024-03-16,0,3,Spring,1,0,1,미라시아,글라스와인 (레드)
2024-03-17,0,3,Spring,1,0,1,미라시아,글라스와인 (레드)
2024-03-18,0,3,Spring,0,0,0,미라시아,글라스와인 (레드)
2024-03-19,0,3,Spring,0,0,0,미라시아,글라스와인 (레드)
2024-03-20,0,3,Spring,0,0,0,미라시아,글라스와인 (레드)
2024-03-21,0,3,Spring,0,0,0,미라시아,글라스와인 (레드)
2024-03-22,0,3,Spring,0,0,0,미라시아,글라스와인 (레드)
2024-03-23,4,3,Spring,1,0,1,미라시아,글라스와인 (레드)
2024-03-24,0,3,Spring,1,0,1,미라시아,글라스와인 (레드)
2024-03-25,0,3,Spring,0,0,0,미라시아,글라스와인 (레드)
2024-03-26,0,3,Spring,0,0,0,미라시아,글라스와인 (레드)
2024-03-27,0,3,Spring,0,0,0,미라시아,글라스와인 (레드)
2024-03-28,0,3,Spring,0,0,0,미라시아,글라스와인 (레드)
2024-03-29,0,3,Spring,0,0,0,미라시아,글라스와인 (레드)
2024-03-30,0,3,Spring,1,0,1,미라시아,글라스와인 (레드)
2024-03-31,0,3,Spring,1,0,1,미라시아,글라스와인 (레드)
2024-04-01,0,4,Spring,0,0,0,미라시아,글라스와인 (레드)
2024-04-02,0,4,Spring,0,0,0,미라시아,글라스와인 (레드)
2024-04-03,0,4,Spring,0,0,0,미라시아,글라스와인 (레드)
2024-04-04,0,4,Spring,0,0,0,미라시아,글라스와인 (레드)
2024-04-05,0,4,Spring,0,0,0,미라시아,글라스와인 (레드)
2024-04-06,1,4,Spring,1,0,1,미라시아,글라스와인 (레드)
2024-04-07,0,4,Spring,1,0,1,미라시아,글라스와인 (레드)
2024-04-08,0,4,Spring,0,0,0,미라시아,글라스와인 (레드)
2024-04-09,0,4,Spring,0,0,0,미라시아,글라스와인 (레드)
2024-04-10,0,4,Spring,0,1,1,미라시아,글라스와인 (레드)
2024-04-11,0,4,Spring,0,0,0,미라시아,글라스와인 (레드)
2024-04-12,0,4,Spring,0,0,0,미라시아,글라스와인 (레드)
2024-04-13,0,4,Spring,1,0,1,미라시아,글라스와인 (레드)
2024-04-14,0,4,Spring,1,0,1,미라시아,글라스와인 (레드)
2024-04-15,0,4,Spring,0,0,0,미라시아,글라스와인 (레드)
2024-04-16,1,4,Spring,0,0,0,미라시아,글라스와인 (레드)
2024-04-17,0,4,Spring,0,0,0,미라시아,글라스와인 (레드)
2024-04-18,1,4,Spring,0,0,0,미라시아,글라스와인 (레드)
2024-04-19,0,4,Spring,0,0,0,미라시아,글라스와인 (레드)
2024-04-20,1,4,Spring,1,0,1,미라시아,글라스와인 (레드)
2024-04-21,0,4,Spring,1,0,1,미라시아,글라스와인 (레드)
2024-04-22,0,4,Spring,0,0,0,미라시아,글라스와인 (레드)
2024-04-23,0,4,Spring,0,0,0,미라시아,글라스와인 (레드)
2024-04-24,0,4,Spring,0,0,0,미라시아,글라스와인 (레드)
2024-04-25,0,4,Spring,0,0,0,미라시아,글라스와인 (레드)
2024-04-26,0,4,Spring,0,0,0,미라시아,글라스와인 (레드)
2024-04-27,0,4,Spring,1,0,1,미라시아,글라스와인 (레드)
2024-04-28,2,4,Spring,1,0,1,미라시아,글라스와인 (레드)
2024-04-29,0,4,Spring,0,0,0,미라시아,글라스와인 (레드)
2024-04-30,2,4,Spring,0,0,0,미라시아,글라스와인 (레드)
2024-05-01,0,5,Spring,0,0,0,미라시아,글라스와인 (레드)
2024-05-02,0,5,Spring,0,0,0,미라시아,글라스와인 (레드)
2024-05-03,1,5,Spring,0,0,0,미라시아,글라스와인 (레드)
2024-05-04,0,5,Spring,1,0,1,미라시아,글라스와인 (레드)
2024-05-05,0,5,Spring,1,1,1,미라시아,글라스와인 (레드)
2024-05-06,0,5,Spring,0,1,1,미라시아,글라스와인 (레드)
2024-05-07,0,5,Spring,0,0,0,미라시아,글라스와인 (레드)
2024-05-08,0,5,Spring,0,0,0,미라시아,글라스와인 (레드)
2024-05-09,0,5,Spring,0,0,0,미라시아,글라스와인 (레드)
2024-05-10,0,5,Spring,0,0,0,미라시아,글라스와인 (레드)
2024-05-11,0,5,Spring,1,0,1,미라시아,글라스와인 (레드)
2024-05-12,0,5,Spring,1,0,1,미라시아,글라스와인 (레드)
2024-05-13,0,5,Spring,0,0,0,미라시아,글라스와인 (레드)
2024-05-14,0,5,Spring,0,0,0,미라시아,글라스와인 (레드)
2024-05-15,0,5,Spring,0,1,1,미라시아,글라스와인 (레드)
2024-05-16,0,5,Spring,0,0,0,미라시아,글라스와인 (레드)
2024-05-17,0,5,Spring,0,0,0,미라시아,글라스와인 (레드)
2024-05-18,0,5,Spring,1,0,1,미라시아,글라스와인 (레드)
2024-05-19,0,5,Spring,1,0,1,미라시아,글라스와인 (레드)
2024-05-20,0,5,Spring,0,0,0,미라시아,글라스와인 (레드)
2024-05-21,0,5,Spring,0,0,0,미라시아,글라스와인 (레드)
2024-05-22,0,5,Spring,0,0,0,미라시아,글라스와인 (레드)
2024-05-23,0,5,Spring,0,0,0,미라시아,글라스와인 (레드)
2024-05-24,2,5,Spring,0,0,0,미라시아,글라스와인 (레드)
2024-05-25,0,5,Spring,1,0,1,미라시아,글라스와인 (레드)
2024-05-26,0,5,Spring,1,0,1,미라시아,글라스와인 (레드)
2024-05-27,0,5,Spring,0,0,0,미라시아,글라스와인 (레드)
2024-05-28,0,5,Spring,0,0,0,미라시아,글라스와인 (레드)
2024-05-29,4,5,Spring,0,0,0,미라시아,글라스와인 (레드)
2024-05-30,0,5,Spring,0,0,0,미라시아,글라스와인 (레드)
2024-05-31,0,5,Spring,0,0,0,미라시아,글라스와인 (레드)
2024-06-01,2,6,Summer,1,0,1,미라시아,글라스와인 (레드)
2024-06-02,0,6,Summer,1,0,1,미라시아,글라스와인 (레드)
2024-06-03,0,6,Summer,0,0,0,미라시아,글라스와인 (레드)
2024-06-04,0,6,Summer,0,0,0,미라시아,글라스와인 (레드)
2024-06-05,2,6,Summer,0,0,0,미라시아,글라스와인 (레드)
2024-06-06,0,6,Summer,0,1,1,미라시아,글라스와인 (레드)
2024-06-07,0,6,Summer,0,0,0,미라시아,글라스와인 (레드)
2024-06-08,0,6,Summer,1,0,1,미라시아,글라스와인 (레드)
2024-06-09,0,6,Summer,1,0,1,미라시아,글라스와인 (레드)
2024-06-10,0,6,Summer,0,0,0,미라시아,글라스와인 (레드)
2024-06-11,0,6,Summer,0,0,0,미라시아,글라스와인 (레드)
2024-06-12,0,6,Summer,0,0,0,미라시아,글라스와인 (레드)
2024-06-13,0,6,Summer,0,0,0,미라시아,글라스와인 (레드)
2024-06-14,0,6,Summer,0,0,0,미라시아,글라스와인 (레드)
2024-06-15,1,6,Summer,1,0,1,미라시아,글라스와인 (레드)
2023-01-01,0,1,Winter,1,1,1,미라시아,레인보우칵테일(알코올)
2023-01-02,1,1,Winter,0,0,0,미라시아,레인보우칵테일(알코올)
2023-01-03,1,1,Winter,0,0,0,미라시아,레인보우칵테일(알코올)
2023-01-04,0,1,Winter,0,0,0,미라시아,레인보우칵테일(알코올)
2023-01-05,0,1,Winter,0,0,0,미라시아,레인보우칵테일(알코올)
2023-01-06,0,1,Winter,0,0,0,미라시아,레인보우칵테일(알코올)
2023-01-07,1,1,Winter,1,0,1,미라시아,레인보우칵테일(알코올)
2023-01-08,0,1,Winter,1,0,1,미라시아,레인보우칵테일(알코올)
2023-01-09,0,1,Winter,0,0,0,미라시아,레인보우칵테일(알코올)
2023-01-10,1,1,Winter,0,0,0,미라시아,레인보우칵테일(알코올)
2023-01-11,1,1,Winter,0,0,0,미라시아,레인보우칵테일(알코올)
2023-01-12,0,1,Winter,0,0,0,미라시아,레인보우칵테일(알코올)
2023-01-13,0,1,Winter,0,0,0,미라시아,레인보우칵테일(알코올)
2023-01-14,1,1,Winter,1,0,1,미라시아,레인보우칵테일(알코올)
2023-01-15,0,1,Winter,1,0,1,미라시아,레인보우칵테일(알코올)
2023-01-16,1,1,Winter,0,0,0,미라시아,레인보우칵테일(알코올)
2023-01-17,2,1,Winter,0,0,0,미라시아,레인보우칵테일(알코올)
2023-01-18,2,1,Winter,0,0,0,미라시아,레인보우칵테일(알코올)
2023-01-19,0,1,Winter,0,0,0,미라시아,레인보우칵테일(알코올)
2023-01-20,0,1,Winter,0,0,0,미라시아,레인보우칵테일(알코올)
2023-01-21,3,1,Winter,1,1,1,미라시아,레인보우칵테일(알코올)
2023-01-22,2,1,Winter,1,1,1,미라시아,레인보우칵테일(알코올)
2023-01-23,0,1,Winter,0,1,1,미라시아,레인보우칵테일(알코올)
2023-01-24,0,1,Winter,0,1,1,미라시아,레인보우칵테일(알코올)
2023-01-25,0,1,Winter,0,0,0,미라시아,레인보우칵테일(알코올)
2023-01-26,0,1,Winter,0,0,0,미라시아,레인보우칵테일(알코올)
2023-01-27,0,1,Winter,0,0,0,미라시아,레인보우칵테일(알코올)
2023-01-28,2,1,Winter,1,0,1,미라시아,레인보우칵테일(알코올)
2023-01-29,0,1,Winter,1,0,1,미라시아,레인보우칵테일(알코올)
2023-01-30,0,1,Winter,0,0,0,미라시아,레인보우칵테일(알코올)
2023-01-31,0,1,Winter,0,0,0,미라시아,레인보우칵테일(알코올)
2023-02-01,0,2,Winter,0,0,0,미라시아,레인보우칵테일(알코올)
2023-02-02,5,2,Winter,0,0,0,미라시아,레인보우칵테일(알코올)
2023-02-03,0,2,Winter,0,0,0,미라시아,레인보우칵테일(알코올)
2023-02-04,3,2,Winter,1,0,1,미라시아,레인보우칵테일(알코올)
2023-02-05,0,2,Winter,1,0,1,미라시아,레인보우칵테일(알코올)
2023-02-06,1,2,Winter,0,0,0,미라시아,레인보우칵테일(알코올)
2023-02-07,0,2,Winter,0,0,0,미라시아,레인보우칵테일(알코올)
2023-02-08,1,2,Winter,0,0,0,미라시아,레인보우칵테일(알코올)
2023-02-09,1,2,Winter,0,0,0,미라시아,레인보우칵테일(알코올)
2023-02-10,0,2,Winter,0,0,0,미라시아,레인보우칵테일(알코올)
2023-02-11,1,2,Winter,1,0,1,미라시아,레인보우칵테일(알코올)
2023-02-12,0,2,Winter,1,0,1,미라시아,레인보우칵테일(알코올)
2023-02-13,3,2,Winter,0,0,0,미라시아,레인보우칵테일(알코올)
2023-02-14,0,2,Winter,0,0,0,미라시아,레인보우칵테일(알코올)
2023-02-15,0,2,Winter,0,0,0,미라시아,레인보우칵테일(알코올)
2023-02-16,0,2,Winter,0,0,0,미라시아,레인보우칵테일(알코올)
2023-02-17,0,2,Winter,0,0,0,미라시아,레인보우칵테일(알코올)
2023-02-18,2,2,Winter,1,0,1,미라시아,레인보우칵테일(알코올)
2023-02-19,1,2,Winter,1,0,1,미라시아,레인보우칵테일(알코올)
2023-02-20,0,2,Winter,0,0,0,미라시아,레인보우칵테일(알코올)
2023-02-21,1,2,Winter,0,0,0,미라시아,레인보우칵테일(알코올)
2023-02-22,0,2,Winter,0,0,0,미라시아,레인보우칵테일(알코올)
2023-02-23,2,2,Winter,0,0,0,미라시아,레인보우칵테일(알코올)
2023-02-24,2,2,Winter,0,0,0,미라시아,레인보우칵테일(알코올)
2023-02-25,0,2,Winter,1,0,1,미라시아,레인보우칵테일(알코올)
2023-02-26,0,2,Winter,1,0,1,미라시아,레인보우칵테일(알코올)
2023-02-27,2,2,Winter,0,0,0,미라시아,레인보우칵테일(알코올)
2023-02-28,1,2,Winter,0,0,0,미라시아,레인보우칵테일(알코올)
2023-03-01,0,3,Spring,0,1,1,미라시아,레인보우칵테일(알코올)
2023-03-02,0,3,Spring,0,0,0,미라시아,레인보우칵테일(알코올)
2023-03-03,0,3,Spring,0,0,0,미라시아,레인보우칵테일(알코올)
2023-03-04,0,3,Spring,1,0,1,미라시아,레인보우칵테일(알코올)
2023-03-05,0,3,Spring,1,0,1,미라시아,레인보우칵테일(알코올)
2023-03-06,0,3,Spring,0,0,0,미라시아,레인보우칵테일(알코올)
2023-03-07,0,3,Spring,0,0,0,미라시아,레인보우칵테일(알코올)
2023-03-08,0,3,Spring,0,0,0,미라시아,레인보우칵테일(알코올)
2023-03-09,0,3,Spring,0,0,0,미라시아,레인보우칵테일(알코올)
2023-03-10,1,3,Spring,0,0,0,미라시아,레인보우칵테일(알코올)
2023-03-11,0,3,Spring,1,0,1,미라시아,레인보우칵테일(알코올)
2023-03-12,0,3,Spring,1,0,1,미라시아,레인보우칵테일(알코올)
2023-03-13,1,3,Spring,0,0,0,미라시아,레인보우칵테일(알코올)
2023-03-14,0,3,Spring,0,0,0,미라시아,레인보우칵테일(알코올)
2023-03-15,0,3,Spring,0,0,0,미라시아,레인보우칵테일(알코올)
2023-03-16,0,3,Spring,0,0,0,미라시아,레인보우칵테일(알코올)
2023-03-17,0,3,Spring,0,0,0,미라시아,레인보우칵테일(알코올)
2023-03-18,1,3,Spring,1,0,1,미라시아,레인보우칵테일(알코올)
2023-03-19,0,3,Spring,1,0,1,미라시아,레인보우칵테일(알코올)
2023-03-20,0,3,Spring,0,0,0,미라시아,레인보우칵테일(알코올)
2023-03-21,0,3,Spring,0,0,0,미라시아,레인보우칵테일(알코올)
2023-03-22,4,3,Spring,0,0,0,미라시아,레인보우칵테일(알코올)
2023-03-23,0,3,Spring,0,0,0,미라시아,레인보우칵테일(알코올)
2023-03-24,0,3,Spring,0,0,0,미라시아,레인보우칵테일(알코올)
2023-03-25,0,3,Spring,1,0,1,미라시아,레인보우칵테일(알코올)
2023-03-26,1,3,Spring,1,0,1,미라시아,레인보우칵테일(알코올)
2023-03-27,0,3,Spring,0,0,0,미라시아,레인보우칵테일(알코올)
2023-03-28,1,3,Spring,0,0,0,미라시아,레인보우칵테일(알코올)
2023-03-29,0,3,Spring,0,0,0,미라시아,레인보우칵테일(알코올)
2023-03-30,3,3,Spring,0,0,0,미라시아,레인보우칵테일(알코올)
2023-03-31,0,3,Spring,0,0,0,미라시아,레인보우칵테일(알코올)
2023-04-01,1,4,Spring,1,0,1,미라시아,레인보우칵테일(알코올)
2023-04-02,1,4,Spring,1,0,1,미라시아,레인보우칵테일(알코올)
2023-04-03,1,4,Spring,0,0,0,미라시아,레인보우칵테일(알코올)
2023-04-04,0,4,Spring,0,0,0,미라시아,레인보우칵테일(알코올)
2023-04-05,0,4,Spring,0,0,0,미라시아,레인보우칵테일(알코올)
2023-04-06,0,4,Spring,0,0,0,미라시아,레인보우칵테일(알코올)
2023-04-07,0,4,Spring,0,0,0,미라시아,레인보우칵테일(알코올)
2023-04-08,1,4,Spring,1,0,1,미라시아,레인보우칵테일(알코올)
2023-04-09,0,4,Spring,1,0,1,미라시아,레인보우칵테일(알코올)
2023-04-10,0,4,Spring,0,0,0,미라시아,레인보우칵테일(알코올)
2023-04-11,3,4,Spring,0,0,0,미라시아,레인보우칵테일(알코올)
2023-04-12,0,4,Spring,0,0,0,미라시아,레인보우칵테일(알코올)
2023-04-13,1,4,Spring,0,0,0,미라시아,레인보우칵테일(알코올)
2023-04-14,0,4,Spring,0,0,0,미라시아,레인보우칵테일(알코올)
2023-04-15,1,4,Spring,1,0,1,미라시아,레인보우칵테일(알코올)
2023-04-16,0,4,Spring,1,0,1,미라시아,레인보우칵테일(알코올)
2023-04-17,0,4,Spring,0,0,0,미라시아,레인보우칵테일(알코올)
2023-04-18,0,4,Spring,0,0,0,미라시아,레인보우칵테일(알코올)
2023-04-19,0,4,Spring,0,0,0,미라시아,레인보우칵테일(알코올)
2023-04-20,0,4,Spring,0,0,0,미라시아,레인보우칵테일(알코올)
2023-04-21,0,4,Spring,0,0,0,미라시아,레인보우칵테일(알코올)
2023-04-22,1,4,Spring,1,0,1,미라시아,레인보우칵테일(알코올)
2023-04-23,0,4,Spring,1,0,1,미라시아,레인보우칵테일(알코올)
2023-04-24,1,4,Spring,0,0,0,미라시아,레인보우칵테일(알코올)
2023-04-25,0,4,Spring,0,0,0,미라시아,레인보우칵테일(알코올)
2023-04-26,0,4,Spring,0,0,0,미라시아,레인보우칵테일(알코올)
2023-04-27,0,4,Spring,0,0,0,미라시아,레인보우칵테일(알코올)
2023-04-28,0,4,Spring,0,0,0,미라시아,레인보우칵테일(알코올)
2023-04-29,0,4,Spring,1,0,1,미라시아,레인보우칵테일(알코올)
2023-04-30,5,4,Spring,1,0,1,미라시아,레인보우칵테일(알코올)
2023-05-01,4,5,Spring,0,0,0,미라시아,레인보우칵테일(알코올)
2023-05-02,1,5,Spring,0,0,0,미라시아,레인보우칵테일(알코올)
2023-05-03,0,5,Spring,0,0,0,미라시아,레인보우칵테일(알코올)
2023-05-04,0,5,Spring,0,0,0,미라시아,레인보우칵테일(알코올)
2023-05-05,0,5,Spring,0,1,1,미라시아,레인보우칵테일(알코올)
2023-05-06,0,5,Spring,1,0,1,미라시아,레인보우칵테일(알코올)
2023-05-07,0,5,Spring,1,0,1,미라시아,레인보우칵테일(알코올)
2023-05-08,1,5,Spring,0,0,0,미라시아,레인보우칵테일(알코올)
2023-05-09,1,5,Spring,0,0,0,미라시아,레인보우칵테일(알코올)
2023-05-10,0,5,Spring,0,0,0,미라시아,레인보우칵테일(알코올)
2023-05-11,0,5,Spring,0,0,0,미라시아,레인보우칵테일(알코올)
2023-05-12,0,5,Spring,0,0,0,미라시아,레인보우칵테일(알코올)
2023-05-13,0,5,Spring,1,0,1,미라시아,레인보우칵테일(알코올)
2023-05-14,0,5,Spring,1,0,1,미라시아,레인보우칵테일(알코올)
2023-05-15,0,5,Spring,0,0,0,미라시아,레인보우칵테일(알코올)
2023-05-16,0,5,Spring,0,0,0,미라시아,레인보우칵테일(알코올)
2023-05-17,1,5,Spring,0,0,0,미라시아,레인보우칵테일(알코올)
2023-05-18,0,5,Spring,0,0,0,미라시아,레인보우칵테일(알코올)
2023-05-19,0,5,Spring,0,0,0,미라시아,레인보우칵테일(알코올)
2023-05-20,0,5,Spring,1,0,1,미라시아,레인보우칵테일(알코올)
2023-05-21,1,5,Spring,1,0,1,미라시아,레인보우칵테일(알코올)
2023-05-22,0,5,Spring,0,0,0,미라시아,레인보우칵테일(알코올)
2023-05-23,1,5,Spring,0,0,0,미라시아,레인보우칵테일(알코올)
2023-05-24,0,5,Spring,0,0,0,미라시아,레인보우칵테일(알코올)
2023-05-25,0,5,Spring,0,0,0,미라시아,레인보우칵테일(알코올)
2023-05-26,0,5,Spring,0,0,0,미라시아,레인보우칵테일(알코올)
2023-05-27,0,5,Spring,1,1,1,미라시아,레인보우칵테일(알코올)
2023-05-28,0,5,Spring,1,0,1,미라시아,레인보우칵테일(알코올)
2023-05-29,0,5,Spring,0,1,1,미라시아,레인보우칵테일(알코올)
2023-05-30,0,5,Spring,0,0,0,미라시아,레인보우칵테일(알코올)
2023-05-31,0,5,Spring,0,0,0,미라시아,레인보우칵테일(알코올)
2023-06-01,0,6,Summer,0,0,0,미라시아,레인보우칵테일(알코올)
2023-06-02,0,6,Summer,0,0,0,미라시아,레인보우칵테일(알코올)
2023-06-03,0,6,Summer,1,0,1,미라시아,레인보우칵테일(알코올)
2023-06-04,1,6,Summer,1,0,1,미라시아,레인보우칵테일(알코올)
2023-06-05,0,6,Summer,0,0,0,미라시아,레인보우칵테일(알코올)
2023-06-06,0,6,Summer,0,1,1,미라시아,레인보우칵테일(알코올)
2023-06-07,0,6,Summer,0,0,0,미라시아,레인보우칵테일(알코올)
2023-06-08,0,6,Summer,0,0,0,미라시아,레인보우칵테일(알코올)
2023-06-09,0,6,Summer,0,0,0,미라시아,레인보우칵테일(알코올)
2023-06-10,1,6,Summer,1,0,1,미라시아,레인보우칵테일(알코올)
2023-06-11,1,6,Summer,1,0,1,미라시아,레인보우칵테일(알코올)
2023-06-12,0,6,Summer,0,0,0,미라시아,레인보우칵테일(알코올)
2023-06-13,0,6,Summer,0,0,0,미라시아,레인보우칵테일(알코올)
2023-06-14,0,6,Summer,0,0,0,미라시아,레인보우칵테일(알코올)
2023-06-15,0,6,Summer,0,0,0,미라시아,레인보우칵테일(알코올)
2023-06-16,0,6,Summer,0,0,0,미라시아,레인보우칵테일(알코올)
2023-06-17,3,6,Summer,1,0,1,미라시아,레인보우칵테일(알코올)
2023-06-18,0,6,Summer,1,0,1,미라시아,레인보우칵테일(알코올)
2023-06-19,0,6,Summer,0,0,0,미라시아,레인보우칵테일(알코올)
2023-06-20,0,6,Summer,0,0,0,미라시아,레인보우칵테일(알코올)
2023-06-21,0,6,Summer,0,0,0,미라시아,레인보우칵테일(알코올)
2023-06-22,0,6,Summer,0,0,0,미라시아,레인보우칵테일(알코올)
2023-06-23,1,6,Summer,0,0,0,미라시아,레인보우칵테일(알코올)
2023-06-24,1,6,Summer,1,0,1,미라시아,레인보우칵테일(알코올)
2023-06-25,0,6,Summer,1,0,1,미라시아,레인보우칵테일(알코올)
2023-06-26,0,6,Summer,0,0,0,미라시아,레인보우칵테일(알코올)
2023-06-27,0,6,Summer,0,0,0,미라시아,레인보우칵테일(알코올)
2023-06-28,0,6,Summer,0,0,0,미라시아,레인보우칵테일(알코올)
2023-06-29,0,6,Summer,0,0,0,미라시아,레인보우칵테일(알코올)
2023-06-30,0,6,Summer,0,0,0,미라시아,레인보우칵테일(알코올)
2023-07-01,2,7,Summer,1,0,1,미라시아,레인보우칵테일(알코올)
2023-07-02,1,7,Summer,1,0,1,미라시아,레인보우칵테일(알코올)
2023-07-03,3,7,Summer,0,0,0,미라시아,레인보우칵테일(알코올)
2023-07-04,0,7,Summer,0,0,0,미라시아,레인보우칵테일(알코올)
2023-07-05,0,7,Summer,0,0,0,미라시아,레인보우칵테일(알코올)
2023-07-06,0,7,Summer,0,0,0,미라시아,레인보우칵테일(알코올)
2023-07-07,0,7,Summer,0,0,0,미라시아,레인보우칵테일(알코올)
2023-07-08,1,7,Summer,1,0,1,미라시아,레인보우칵테일(알코올)
2023-07-09,0,7,Summer,1,0,1,미라시아,레인보우칵테일(알코올)
2023-07-10,0,7,Summer,0,0,0,미라시아,레인보우칵테일(알코올)
2023-07-11,0,7,Summer,0,0,0,미라시아,레인보우칵테일(알코올)
2023-07-12,0,7,Summer,0,0,0,미라시아,레인보우칵테일(알코올)
2023-07-13,0,7,Summer,0,0,0,미라시아,레인보우칵테일(알코올)
2023-07-14,1,7,Summer,0,0,0,미라시아,레인보우칵테일(알코올)
2023-07-15,2,7,Summer,1,0,1,미라시아,레인보우칵테일(알코올)
2023-07-16,0,7,Summer,1,0,1,미라시아,레인보우칵테일(알코올)
2023-07-17,1,7,Summer,0,0,0,미라시아,레인보우칵테일(알코올)
2023-07-18,0,7,Summer,0,0,0,미라시아,레인보우칵테일(알코올)
2023-07-19,0,7,Summer,0,0,0,미라시아,레인보우칵테일(알코올)
2023-07-20,0,7,Summer,0,0,0,미라시아,레인보우칵테일(알코올)
2023-07-21,0,7,Summer,0,0,0,미라시아,레인보우칵테일(알코올)
2023-07-22,1,7,Summer,1,0,1,미라시아,레인보우칵테일(알코올)
2023-07-23,0,7,Summer,1,0,1,미라시아,레인보우칵테일(알코올)
2023-07-24,1,7,Summer,0,0,0,미라시아,레인보우칵테일(알코올)
2023-07-25,2,7,Summer,0,0,0,미라시아,레인보우칵테일(알코올)
2023-07-26,0,7,Summer,0,0,0,미라시아,레인보우칵테일(알코올)
2023-07-27,2,7,Summer,0,0,0,미라시아,레인보우칵테일(알코올)
2023-07-28,2,7,Summer,0,0,0,미라시아,레인보우칵테일(알코올)
2023-07-29,2,7,Summer,1,0,1,미라시아,레인보우칵테일(알코올)
2023-07-30,4,7,Summer,1,0,1,미라시아,레인보우칵테일(알코올)
2023-07-31,2,7,Summer,0,0,0,미라시아,레인보우칵테일(알코올)
2023-08-01,1,8,Summer,0,0,0,미라시아,레인보우칵테일(알코올)
2023-08-02,1,8,Summer,0,0,0,미라시아,레인보우칵테일(알코올)
2023-08-03,0,8,Summer,0,0,0,미라시아,레인보우칵테일(알코올)
2023-08-04,3,8,Summer,0,0,0,미라시아,레인보우칵테일(알코올)
2023-08-05,1,8,Summer,1,0,1,미라시아,레인보우칵테일(알코올)
2023-08-06,1,8,Summer,1,0,1,미라시아,레인보우칵테일(알코올)
2023-08-07,1,8,Summer,0,0,0,미라시아,레인보우칵테일(알코올)
2023-08-08,1,8,Summer,0,0,0,미라시아,레인보우칵테일(알코올)
2023-08-09,0,8,Summer,0,0,0,미라시아,레인보우칵테일(알코올)
2023-08-10,1,8,Summer,0,0,0,미라시아,레인보우칵테일(알코올)
2023-08-11,1,8,Summer,0,0,0,미라시아,레인보우칵테일(알코올)
2023-08-12,3,8,Summer,1,0,1,미라시아,레인보우칵테일(알코올)
2023-08-13,1,8,Summer,1,0,1,미라시아,레인보우칵테일(알코올)
2023-08-14,0,8,Summer,0,0,0,미라시아,레인보우칵테일(알코올)
2023-08-15,0,8,Summer,0,1,1,미라시아,레인보우칵테일(알코올)
2023-08-16,0,8,Summer,0,0,0,미라시아,레인보우칵테일(알코올)
2023-08-17,0,8,Summer,0,0,0,미라시아,레인보우칵테일(알코올)
2023-08-18,0,8,Summer,0,0,0,미라시아,레인보우칵테일(알코올)
2023-08-19,0,8,Summer,1,0,1,미라시아,레인보우칵테일(알코올)
2023-08-20,1,8,Summer,1,0,1,미라시아,레인보우칵테일(알코올)
2023-08-21,0,8,Summer,0,0,0,미라시아,레인보우칵테일(알코올)
2023-08-22,1,8,Summer,0,0,0,미라시아,레인보우칵테일(알코올)
2023-08-23,0,8,Summer,0,0,0,미라시아,레인보우칵테일(알코올)
2023-08-24,0,8,Summer,0,0,0,미라시아,레인보우칵테일(알코올)
2023-08-25,0,8,Summer,0,0,0,미라시아,레인보우칵테일(알코올)
2023-08-26,2,8,Summer,1,0,1,미라시아,레인보우칵테일(알코올)
2023-08-27,4,8,Summer,1,0,1,미라시아,레인보우칵테일(알코올)
2023-08-28,0,8,Summer,0,0,0,미라시아,레인보우칵테일(알코올)
2023-08-29,0,8,Summer,0,0,0,미라시아,레인보우칵테일(알코올)
2023-08-30,1,8,Summer,0,0,0,미라시아,레인보우칵테일(알코올)
2023-08-31,0,8,Summer,0,0,0,미라시아,레인보우칵테일(알코올)
2023-09-01,0,9,Autumn,0,0,0,미라시아,레인보우칵테일(알코올)
2023-09-02,1,9,Autumn,1,0,1,미라시아,레인보우칵테일(알코올)
2023-09-03,0,9,Autumn,1,0,1,미라시아,레인보우칵테일(알코올)
2023-09-04,0,9,Autumn,0,0,0,미라시아,레인보우칵테일(알코올)
2023-09-05,0,9,Autumn,0,0,0,미라시아,레인보우칵테일(알코올)
2023-09-06,0,9,Autumn,0,0,0,미라시아,레인보우칵테일(알코올)
2023-09-07,0,9,Autumn,0,0,0,미라시아,레인보우칵테일(알코올)
2023-09-08,0,9,Autumn,0,0,0,미라시아,레인보우칵테일(알코올)
2023-09-09,1,9,Autumn,1,0,1,미라시아,레인보우칵테일(알코올)
2023-09-10,2,9,Autumn,1,0,1,미라시아,레인보우칵테일(알코올)
2023-09-11,0,9,Autumn,0,0,0,미라시아,레인보우칵테일(알코올)
2023-09-12,0,9,Autumn,0,0,0,미라시아,레인보우칵테일(알코올)
2023-09-13,0,9,Autumn,0,0,0,미라시아,레인보우칵테일(알코올)
2023-09-14,0,9,Autumn,0,0,0,미라시아,레인보우칵테일(알코올)
2023-09-15,2,9,Autumn,0,0,0,미라시아,레인보우칵테일(알코올)
2023-09-16,0,9,Autumn,1,0,1,미라시아,레인보우칵테일(알코올)
2023-09-17,1,9,Autumn,1,0,1,미라시아,레인보우칵테일(알코올)
2023-09-18,0,9,Autumn,0,0,0,미라시아,레인보우칵테일(알코올)
2023-09-19,0,9,Autumn,0,0,0,미라시아,레인보우칵테일(알코올)
2023-09-20,0,9,Autumn,0,0,0,미라시아,레인보우칵테일(알코올)
2023-09-21,0,9,Autumn,0,0,0,미라시아,레인보우칵테일(알코올)
2023-09-22,0,9,Autumn,0,0,0,미라시아,레인보우칵테일(알코올)
2023-09-23,1,9,Autumn,1,0,1,미라시아,레인보우칵테일(알코올)
2023-09-24,1,9,Autumn,1,0,1,미라시아,레인보우칵테일(알코올)
2023-09-25,0,9,Autumn,0,0,0,미라시아,레인보우칵테일(알코올)
2023-09-26,1,9,Autumn,0,0,0,미라시아,레인보우칵테일(알코올)
2023-09-27,0,9,Autumn,0,0,0,미라시아,레인보우칵테일(알코올)
2023-09-28,1,9,Autumn,0,1,1,미라시아,레인보우칵테일(알코올)
2023-09-29,0,9,Autumn,0,1,1,미라시아,레인보우칵테일(알코올)
2023-09-30,1,9,Autumn,1,1,1,미라시아,레인보우칵테일(알코올)
2023-10-01,2,10,Autumn,1,0,1,미라시아,레인보우칵테일(알코올)
2023-10-02,0,10,Autumn,0,1,1,미라시아,레인보우칵테일(알코올)
2023-10-03,0,10,Autumn,0,1,1,미라시아,레인보우칵테일(알코올)
2023-10-04,0,10,Autumn,0,0,0,미라시아,레인보우칵테일(알코올)
2023-10-05,0,10,Autumn,0,0,0,미라시아,레인보우칵테일(알코올)
2023-10-06,0,10,Autumn,0,0,0,미라시아,레인보우칵테일(알코올)
2023-10-07,1,10,Autumn,1,0,1,미라시아,레인보우칵테일(알코올)
2023-10-08,2,10,Autumn,1,0,1,미라시아,레인보우칵테일(알코올)
2023-10-09,2,10,Autumn,0,1,1,미라시아,레인보우칵테일(알코올)
2023-10-10,0,10,Autumn,0,0,0,미라시아,레인보우칵테일(알코올)
2023-10-11,0,10,Autumn,0,0,0,미라시아,레인보우칵테일(알코올)
2023-10-12,1,10,Autumn,0,0,0,미라시아,레인보우칵테일(알코올)
2023-10-13,2,10,Autumn,0,0,0,미라시아,레인보우칵테일(알코올)
2023-10-14,1,10,Autumn,1,0,1,미라시아,레인보우칵테일(알코올)
2023-10-15,0,10,Autumn,1,0,1,미라시아,레인보우칵테일(알코올)
2023-10-16,0,10,Autumn,0,0,0,미라시아,레인보우칵테일(알코올)
2023-10-17,0,10,Autumn,0,0,0,미라시아,레인보우칵테일(알코올)
2023-10-18,0,10,Autumn,0,0,0,미라시아,레인보우칵테일(알코올)
2023-10-19,1,10,Autumn,0,0,0,미라시아,레인보우칵테일(알코올)
2023-10-20,0,10,Autumn,0,0,0,미라시아,레인보우칵테일(알코올)
2023-10-21,0,10,Autumn,1,0,1,미라시아,레인보우칵테일(알코올)
2023-10-22,2,10,Autumn,1,0,1,미라시아,레인보우칵테일(알코올)
2023-10-23,0,10,Autumn,0,0,0,미라시아,레인보우칵테일(알코올)
2023-10-24,2,10,Autumn,0,0,0,미라시아,레인보우칵테일(알코올)
2023-10-25,2,10,Autumn,0,0,0,미라시아,레인보우칵테일(알코올)
2023-10-26,1,10,Autumn,0,0,0,미라시아,레인보우칵테일(알코올)
2023-10-27,1,10,Autumn,0,0,0,미라시아,레인보우칵테일(알코올)
2023-10-28,3,10,Autumn,1,0,1,미라시아,레인보우칵테일(알코올)
2023-10-29,2,10,Autumn,1,0,1,미라시아,레인보우칵테일(알코올)
2023-10-30,1,10,Autumn,0,0,0,미라시아,레인보우칵테일(알코올)
2023-10-31,0,10,Autumn,0,0,0,미라시아,레인보우칵테일(알코올)
2023-11-01,0,11,Autumn,0,0,0,미라시아,레인보우칵테일(알코올)
2023-11-02,0,11,Autumn,0,0,0,미라시아,레인보우칵테일(알코올)
2023-11-03,1,11,Autumn,0,0,0,미라시아,레인보우칵테일(알코올)
2023-11-04,0,11,Autumn,1,0,1,미라시아,레인보우칵테일(알코올)
2023-11-05,1,11,Autumn,1,0,1,미라시아,레인보우칵테일(알코올)
2023-11-06,3,11,Autumn,0,0,0,미라시아,레인보우칵테일(알코올)
2023-11-07,0,11,Autumn,0,0,0,미라시아,레인보우칵테일(알코올)
2023-11-08,0,11,Autumn,0,0,0,미라시아,레인보우칵테일(알코올)
2023-11-09,0,11,Autumn,0,0,0,미라시아,레인보우칵테일(알코올)
2023-11-10,0,11,Autumn,0,0,0,미라시아,레인보우칵테일(알코올)
2023-11-11,0,11,Autumn,1,0,1,미라시아,레인보우칵테일(알코올)
2023-11-12,0,11,Autumn,1,0,1,미라시아,레인보우칵테일(알코올)
2023-11-13,2,11,Autumn,0,0,0,미라시아,레인보우칵테일(알코올)
2023-11-14,0,11,Autumn,0,0,0,미라시아,레인보우칵테일(알코올)
2023-11-15,0,11,Autumn,0,0,0,미라시아,레인보우칵테일(알코올)
2023-11-16,0,11,Autumn,0,0,0,미라시아,레인보우칵테일(알코올)
2023-11-17,0,11,Autumn,0,0,0,미라시아,레인보우칵테일(알코올)
2023-11-18,0,11,Autumn,1,0,1,미라시아,레인보우칵테일(알코올)
2023-11-19,2,11,Autumn,1,0,1,미라시아,레인보우칵테일(알코올)
2023-11-20,0,11,Autumn,0,0,0,미라시아,레인보우칵테일(알코올)
2023-11-21,0,11,Autumn,0,0,0,미라시아,레인보우칵테일(알코올)
2023-11-22,0,11,Autumn,0,0,0,미라시아,레인보우칵테일(알코올)
2023-11-23,0,11,Autumn,0,0,0,미라시아,레인보우칵테일(알코올)
2023-11-24,2,11,Autumn,0,0,0,미라시아,레인보우칵테일(알코올)
2023-11-25,1,11,Autumn,1,0,1,미라시아,레인보우칵테일(알코올)
2023-11-26,0,11,Autumn,1,0,1,미라시아,레인보우칵테일(알코올)
2023-11-27,1,11,Autumn,0,0,0,미라시아,레인보우칵테일(알코올)
2023-11-28,0,11,Autumn,0,0,0,미라시아,레인보우칵테일(알코올)
2023-11-29,0,11,Autumn,0,0,0,미라시아,레인보우칵테일(알코올)
2023-11-30,0,11,Autumn,0,0,0,미라시아,레인보우칵테일(알코올)
2023-12-01,0,12,Winter,0,0,0,미라시아,레인보우칵테일(알코올)
2023-12-02,0,12,Winter,1,0,1,미라시아,레인보우칵테일(알코올)
2023-12-03,1,12,Winter,1,0,1,미라시아,레인보우칵테일(알코올)
2023-12-04,2,12,Winter,0,0,0,미라시아,레인보우칵테일(알코올)
2023-12-05,0,12,Winter,0,0,0,미라시아,레인보우칵테일(알코올)
2023-12-06,0,12,Winter,0,0,0,미라시아,레인보우칵테일(알코올)
2023-12-07,0,12,Winter,0,0,0,미라시아,레인보우칵테일(알코올)
2023-12-08,1,12,Winter,0,0,0,미라시아,레인보우칵테일(알코올)
2023-12-09,2,12,Winter,1,0,1,미라시아,레인보우칵테일(알코올)
2023-12-10,0,12,Winter,1,0,1,미라시아,레인보우칵테일(알코올)
2023-12-11,0,12,Winter,0,0,0,미라시아,레인보우칵테일(알코올)
2023-12-12,1,12,Winter,0,0,0,미라시아,레인보우칵테일(알코올)
2023-12-13,0,12,Winter,0,0,0,미라시아,레인보우칵테일(알코올)
2023-12-14,0,12,Winter,0,0,0,미라시아,레인보우칵테일(알코올)
2023-12-15,1,12,Winter,0,0,0,미라시아,레인보우칵테일(알코올)
2023-12-16,1,12,Winter,1,0,1,미라시아,레인보우칵테일(알코올)
2023-12-17,3,12,Winter,1,0,1,미라시아,레인보우칵테일(알코올)
2023-12-18,0,12,Winter,0,0,0,미라시아,레인보우칵테일(알코올)
2023-12-19,0,12,Winter,0,0,0,미라시아,레인보우칵테일(알코올)
2023-12-20,0,12,Winter,0,0,0,미라시아,레인보우칵테일(알코올)
2023-12-21,1,12,Winter,0,0,0,미라시아,레인보우칵테일(알코올)
2023-12-22,1,12,Winter,0,0,0,미라시아,레인보우칵테일(알코올)
2023-12-23,2,12,Winter,1,0,1,미라시아,레인보우칵테일(알코올)
2023-12-24,1,12,Winter,1,0,1,미라시아,레인보우칵테일(알코올)
2023-12-25,2,12,Winter,0,1,1,미라시아,레인보우칵테일(알코올)
2023-12-26,1,12,Winter,0,0,0,미라시아,레인보우칵테일(알코올)
2023-12-27,0,12,Winter,0,0,0,미라시아,레인보우칵테일(알코올)
2023-12-28,1,12,Winter,0,0,0,미라시아,레인보우칵테일(알코올)
2023-12-29,3,12,Winter,0,0,0,미라시아,레인보우칵테일(알코올)
2023-12-30,1,12,Winter,1,0,1,미라시아,레인보우칵테일(알코올)
2023-12-31,3,12,Winter,1,0,1,미라시아,레인보우칵테일(알코올)
2024-01-01,0,1,Winter,0,1,1,미라시아,레인보우칵테일(알코올)
2024-01-02,1,1,Winter,0,0,0,미라시아,레인보우칵테일(알코올)
2024-01-03,0,1,Winter,0,0,0,미라시아,레인보우칵테일(알코올)
2024-01-04,1,1,Winter,0,0,0,미라시아,레인보우칵테일(알코올)
2024-01-05,2,1,Winter,0,0,0,미라시아,레인보우칵테일(알코올)
2024-01-06,2,1,Winter,1,0,1,미라시아,레인보우칵테일(알코올)
2024-01-07,0,1,Winter,1,0,1,미라시아,레인보우칵테일(알코올)
2024-01-08,0,1,Winter,0,0,0,미라시아,레인보우칵테일(알코올)
2024-01-09,3,1,Winter,0,0,0,미라시아,레인보우칵테일(알코올)
2024-01-10,0,1,Winter,0,0,0,미라시아,레인보우칵테일(알코올)
2024-01-11,0,1,Winter,0,0,0,미라시아,레인보우칵테일(알코올)
2024-01-12,1,1,Winter,0,0,0,미라시아,레인보우칵테일(알코올)
2024-01-13,1,1,Winter,1,0,1,미라시아,레인보우칵테일(알코올)
2024-01-14,1,1,Winter,1,0,1,미라시아,레인보우칵테일(알코올)
2024-01-15,2,1,Winter,0,0,0,미라시아,레인보우칵테일(알코올)
2024-01-16,1,1,Winter,0,0,0,미라시아,레인보우칵테일(알코올)
2024-01-17,2,1,Winter,0,0,0,미라시아,레인보우칵테일(알코올)
2024-01-18,4,1,Winter,0,0,0,미라시아,레인보우칵테일(알코올)
2024-01-19,0,1,Winter,0,0,0,미라시아,레인보우칵테일(알코올)
2024-01-20,4,1,Winter,1,0,1,미라시아,레인보우칵테일(알코올)
2024-01-21,2,1,Winter,1,0,1,미라시아,레인보우칵테일(알코올)
2024-01-22,0,1,Winter,0,0,0,미라시아,레인보우칵테일(알코올)
2024-01-23,1,1,Winter,0,0,0,미라시아,레인보우칵테일(알코올)
2024-01-24,1,1,Winter,0,0,0,미라시아,레인보우칵테일(알코올)
2024-01-25,1,1,Winter,0,0,0,미라시아,레인보우칵테일(알코올)
2024-01-26,1,1,Winter,0,0,0,미라시아,레인보우칵테일(알코올)
2024-01-27,2,1,Winter,1,0,1,미라시아,레인보우칵테일(알코올)
2024-01-28,0,1,Winter,1,0,1,미라시아,레인보우칵테일(알코올)
2024-01-29,0,1,Winter,0,0,0,미라시아,레인보우칵테일(알코올)
2024-01-30,2,1,Winter,0,0,0,미라시아,레인보우칵테일(알코올)
2024-01-31,1,1,Winter,0,0,0,미라시아,레인보우칵테일(알코올)
2024-02-01,0,2,Winter,0,0,0,미라시아,레인보우칵테일(알코올)
2024-02-02,0,2,Winter,0,0,0,미라시아,레인보우칵테일(알코올)
2024-02-03,0,2,Winter,1,0,1,미라시아,레인보우칵테일(알코올)
2024-02-04,1,2,Winter,1,0,1,미라시아,레인보우칵테일(알코올)
2024-02-05,0,2,Winter,0,0,0,미라시아,레인보우칵테일(알코올)
2024-02-06,0,2,Winter,0,0,0,미라시아,레인보우칵테일(알코올)
2024-02-07,0,2,Winter,0,0,0,미라시아,레인보우칵테일(알코올)
2024-02-08,0,2,Winter,0,0,0,미라시아,레인보우칵테일(알코올)
2024-02-09,1,2,Winter,0,1,1,미라시아,레인보우칵테일(알코올)
2024-02-10,0,2,Winter,1,1,1,미라시아,레인보우칵테일(알코올)
2024-02-11,2,2,Winter,1,1,1,미라시아,레인보우칵테일(알코올)
2024-02-12,0,2,Winter,0,1,1,미라시아,레인보우칵테일(알코올)
2024-02-13,0,2,Winter,0,0,0,미라시아,레인보우칵테일(알코올)
2024-02-14,0,2,Winter,0,0,0,미라시아,레인보우칵테일(알코올)
2024-02-15,0,2,Winter,0,0,0,미라시아,레인보우칵테일(알코올)
2024-02-16,2,2,Winter,0,0,0,미라시아,레인보우칵테일(알코올)
2024-02-17,0,2,Winter,1,0,1,미라시아,레인보우칵테일(알코올)
2024-02-18,5,2,Winter,1,0,1,미라시아,레인보우칵테일(알코올)
2024-02-19,0,2,Winter,0,0,0,미라시아,레인보우칵테일(알코올)
2024-02-20,0,2,Winter,0,0,0,미라시아,레인보우칵테일(알코올)
2024-02-21,0,2,Winter,0,0,0,미라시아,레인보우칵테일(알코올)
2024-02-22,8,2,Winter,0,0,0,미라시아,레인보우칵테일(알코올)
2024-02-23,0,2,Winter,0,0,0,미라시아,레인보우칵테일(알코올)
2024-02-24,1,2,Winter,1,0,1,미라시아,레인보우칵테일(알코올)
2024-02-25,1,2,Winter,1,0,1,미라시아,레인보우칵테일(알코올)
2024-02-26,0,2,Winter,0,0,0,미라시아,레인보우칵테일(알코올)
2024-02-27,0,2,Winter,0,0,0,미라시아,레인보우칵테일(알코올)
2024-02-28,0,2,Winter,0,0,0,미라시아,레인보우칵테일(알코올)
2024-02-29,0,2,Winter,0,0,0,미라시아,레인보우칵테일(알코올)
2024-03-01,2,3,Spring,0,1,1,미라시아,레인보우칵테일(알코올)
2024-03-02,1,3,Spring,1,0,1,미라시아,레인보우칵테일(알코올)
2024-03-03,0,3,Spring,1,0,1,미라시아,레인보우칵테일(알코올)
2024-03-04,0,3,Spring,0,0,0,미라시아,레인보우칵테일(알코올)
2024-03-05,0,3,Spring,0,0,0,미라시아,레인보우칵테일(알코올)
2024-03-06,0,3,Spring,0,0,0,미라시아,레인보우칵테일(알코올)
2024-03-07,0,3,Spring,0,0,0,미라시아,레인보우칵테일(알코올)
2024-03-08,0,3,Spring,0,0,0,미라시아,레인보우칵테일(알코올)
2024-03-09,0,3,Spring,1,0,1,미라시아,레인보우칵테일(알코올)
2024-03-10,0,3,Spring,1,0,1,미라시아,레인보우칵테일(알코올)
2024-03-11,0,3,Spring,0,0,0,미라시아,레인보우칵테일(알코올)
2024-03-12,0,3,Spring,0,0,0,미라시아,레인보우칵테일(알코올)
2024-03-13,0,3,Spring,0,0,0,미라시아,레인보우칵테일(알코올)
2024-03-14,0,3,Spring,0,0,0,미라시아,레인보우칵테일(알코올)
2024-03-15,1,3,Spring,0,0,0,미라시아,레인보우칵테일(알코올)
2024-03-16,2,3,Spring,1,0,1,미라시아,레인보우칵테일(알코올)
2024-03-17,1,3,Spring,1,0,1,미라시아,레인보우칵테일(알코올)
2024-03-18,0,3,Spring,0,0,0,미라시아,레인보우칵테일(알코올)
2024-03-19,0,3,Spring,0,0,0,미라시아,레인보우칵테일(알코올)
2024-03-20,0,3,Spring,0,0,0,미라시아,레인보우칵테일(알코올)
2024-03-21,0,3,Spring,0,0,0,미라시아,레인보우칵테일(알코올)
2024-03-22,0,3,Spring,0,0,0,미라시아,레인보우칵테일(알코올)
2024-03-23,0,3,Spring,1,0,1,미라시아,레인보우칵테일(알코올)
2024-03-24,3,3,Spring,1,0,1,미라시아,레인보우칵테일(알코올)
2024-03-25,0,3,Spring,0,0,0,미라시아,레인보우칵테일(알코올)
2024-03-26,0,3,Spring,0,0,0,미라시아,레인보우칵테일(알코올)
2024-03-27,0,3,Spring,0,0,0,미라시아,레인보우칵테일(알코올)
2024-03-28,0,3,Spring,0,0,0,미라시아,레인보우칵테일(알코올)
2024-03-29,0,3,Spring,0,0,0,미라시아,레인보우칵테일(알코올)
2024-03-30,1,3,Spring,1,0,1,미라시아,레인보우칵테일(알코올)
2024-03-31,0,3,Spring,1,0,1,미라시아,레인보우칵테일(알코올)
2024-04-01,0,4,Spring,0,0,0,미라시아,레인보우칵테일(알코올)
2024-04-02,0,4,Spring,0,0,0,미라시아,레인보우칵테일(알코올)
2024-04-03,0,4,Spring,0,0,0,미라시아,레인보우칵테일(알코올)
2024-04-04,0,4,Spring,0,0,0,미라시아,레인보우칵테일(알코올)
2024-04-05,1,4,Spring,0,0,0,미라시아,레인보우칵테일(알코올)
2024-04-06,0,4,Spring,1,0,1,미라시아,레인보우칵테일(알코올)
2024-04-07,0,4,Spring,1,0,1,미라시아,레인보우칵테일(알코올)
2024-04-08,1,4,Spring,0,0,0,미라시아,레인보우칵테일(알코올)
2024-04-09,2,4,Spring,0,0,0,미라시아,레인보우칵테일(알코올)
2024-04-10,1,4,Spring,0,1,1,미라시아,레인보우칵테일(알코올)
2024-04-11,3,4,Spring,0,0,0,미라시아,레인보우칵테일(알코올)
2024-04-12,0,4,Spring,0,0,0,미라시아,레인보우칵테일(알코올)
2024-04-13,0,4,Spring,1,0,1,미라시아,레인보우칵테일(알코올)
2024-04-14,0,4,Spring,1,0,1,미라시아,레인보우칵테일(알코올)
2024-04-15,0,4,Spring,0,0,0,미라시아,레인보우칵테일(알코올)
2024-04-16,0,4,Spring,0,0,0,미라시아,레인보우칵테일(알코올)
2024-04-17,0,4,Spring,0,0,0,미라시아,레인보우칵테일(알코올)
2024-04-18,0,4,Spring,0,0,0,미라시아,레인보우칵테일(알코올)
2024-04-19,0,4,Spring,0,0,0,미라시아,레인보우칵테일(알코올)
2024-04-20,2,4,Spring,1,0,1,미라시아,레인보우칵테일(알코올)
2024-04-21,0,4,Spring,1,0,1,미라시아,레인보우칵테일(알코올)
2024-04-22,0,4,Spring,0,0,0,미라시아,레인보우칵테일(알코올)
2024-04-23,0,4,Spring,0,0,0,미라시아,레인보우칵테일(알코올)
2024-04-24,0,4,Spring,0,0,0,미라시아,레인보우칵테일(알코올)
2024-04-25,2,4,Spring,0,0,0,미라시아,레인보우칵테일(알코올)
2024-04-26,0,4,Spring,0,0,0,미라시아,레인보우칵테일(알코올)
2024-04-27,1,4,Spring,1,0,1,미라시아,레인보우칵테일(알코올)
2024-04-28,0,4,Spring,1,0,1,미라시아,레인보우칵테일(알코올)
2024-04-29,0,4,Spring,0,0,0,미라시아,레인보우칵테일(알코올)
2024-04-30,1,4,Spring,0,0,0,미라시아,레인보우칵테일(알코올)
2024-05-01,0,5,Spring,0,0,0,미라시아,레인보우칵테일(알코올)
2024-05-02,0,5,Spring,0,0,0,미라시아,레인보우칵테일(알코올)
2024-05-03,0,5,Spring,0,0,0,미라시아,레인보우칵테일(알코올)
2024-05-04,1,5,Spring,1,0,1,미라시아,레인보우칵테일(알코올)
2024-05-05,1,5,Spring,1,1,1,미라시아,레인보우칵테일(알코올)
2024-05-06,0,5,Spring,0,1,1,미라시아,레인보우칵테일(알코올)
2024-05-07,0,5,Spring,0,0,0,미라시아,레인보우칵테일(알코올)
2024-05-08,0,5,Spring,0,0,0,미라시아,레인보우칵테일(알코올)
2024-05-09,0,5,Spring,0,0,0,미라시아,레인보우칵테일(알코올)
2024-05-10,1,5,Spring,0,0,0,미라시아,레인보우칵테일(알코올)
2024-05-11,1,5,Spring,1,0,1,미라시아,레인보우칵테일(알코올)
2024-05-12,1,5,Spring,1,0,1,미라시아,레인보우칵테일(알코올)
2024-05-13,0,5,Spring,0,0,0,미라시아,레인보우칵테일(알코올)
2024-05-14,1,5,Spring,0,0,0,미라시아,레인보우칵테일(알코올)
2024-05-15,0,5,Spring,0,1,1,미라시아,레인보우칵테일(알코올)
2024-05-16,1,5,Spring,0,0,0,미라시아,레인보우칵테일(알코올)
2024-05-17,0,5,Spring,0,0,0,미라시아,레인보우칵테일(알코올)
2024-05-18,1,5,Spring,1,0,1,미라시아,레인보우칵테일(알코올)
2024-05-19,0,5,Spring,1,0,1,미라시아,레인보우칵테일(알코올)
2024-05-20,0,5,Spring,0,0,0,미라시아,레인보우칵테일(알코올)
2024-05-21,0,5,Spring,0,0,0,미라시아,레인보우칵테일(알코올)
2024-05-22,0,5,Spring,0,0,0,미라시아,레인보우칵테일(알코올)
2024-05-23,0,5,Spring,0,0,0,미라시아,레인보우칵테일(알코올)
2024-05-24,2,5,Spring,0,0,0,미라시아,레인보우칵테일(알코올)
2024-05-25,2,5,Spring,1,0,1,미라시아,레인보우칵테일(알코올)
2024-05-26,0,5,Spring,1,0,1,미라시아,레인보우칵테일(알코올)
2024-05-27,0,5,Spring,0,0,0,미라시아,레인보우칵테일(알코올)
2024-05-28,1,5,Spring,0,0,0,미라시아,레인보우칵테일(알코올)
2024-05-29,0,5,Spring,0,0,0,미라시아,레인보우칵테일(알코올)
2024-05-30,0,5,Spring,0,0,0,미라시아,레인보우칵테일(알코올)
2024-05-31,0,5,Spring,0,0,0,미라시아,레인보우칵테일(알코올)
2024-06-01,0,6,Summer,1,0,1,미라시아,레인보우칵테일(알코올)
2024-06-02,0,6,Summer,1,0,1,미라시아,레인보우칵테일(알코올)
2024-06-03,0,6,Summer,0,0,0,미라시아,레인보우칵테일(알코올)
2024-06-04,0,6,Summer,0,0,0,미라시아,레인보우칵테일(알코올)
2024-06-05,1,6,Summer,0,0,0,미라시아,레인보우칵테일(알코올)
2024-06-06,0,6,Summer,0,1,1,미라시아,레인보우칵테일(알코올)
2024-06-07,1,6,Summer,0,0,0,미라시아,레인보우칵테일(알코올)
2024-06-08,0,6,Summer,1,0,1,미라시아,레인보우칵테일(알코올)
2024-06-09,0,6,Summer,1,0,1,미라시아,레인보우칵테일(알코올)
2024-06-10,1,6,Summer,0,0,0,미라시아,레인보우칵테일(알코올)
2024-06-11,0,6,Summer,0,0,0,미라시아,레인보우칵테일(알코올)
2024-06-12,3,6,Summer,0,0,0,미라시아,레인보우칵테일(알코올)
2024-06-13,0,6,Summer,0,0,0,미라시아,레인보우칵테일(알코올)
2024-06-14,0,6,Summer,0,0,0,미라시아,레인보우칵테일(알코올)
2024-06-15,3,6,Summer,1,0,1,미라시아,레인보우칵테일(알코올)
2023-01-01,100,1,Winter,1,1,1,미라시아,미라시아 브런치 (패키지)
2023-01-02,68,1,Winter,0,0,0,미라시아,미라시아 브런치 (패키지)
2023-01-03,40,1,Winter,0,0,0,미라시아,미라시아 브런치 (패키지)
2023-01-04,32,1,Winter,0,0,0,미라시아,미라시아 브런치 (패키지)
2023-01-05,58,1,Winter,0,0,0,미라시아,미라시아 브런치 (패키지)
2023-01-06,68,1,Winter,0,0,0,미라시아,미라시아 브런치 (패키지)
2023-01-07,6,1,Winter,1,0,1,미라시아,미라시아 브런치 (패키지)
2023-01-08,40,1,Winter,1,0,1,미라시아,미라시아 브런치 (패키지)
2023-01-09,54,1,Winter,0,0,0,미라시아,미라시아 브런치 (패키지)
2023-01-10,26,1,Winter,0,0,0,미라시아,미라시아 브런치 (패키지)
2023-01-11,20,1,Winter,0,0,0,미라시아,미라시아 브런치 (패키지)
2023-01-12,18,1,Winter,0,0,0,미라시아,미라시아 브런치 (패키지)
2023-01-13,74,1,Winter,0,0,0,미라시아,미라시아 브런치 (패키지)
2023-01-14,16,1,Winter,1,0,1,미라시아,미라시아 브런치 (패키지)
2023-01-15,70,1,Winter,1,0,1,미라시아,미라시아 브런치 (패키지)
2023-01-16,36,1,Winter,0,0,0,미라시아,미라시아 브런치 (패키지)
2023-01-17,14,1,Winter,0,0,0,미라시아,미라시아 브런치 (패키지)
2023-01-18,32,1,Winter,0,0,0,미라시아,미라시아 브런치 (패키지)
2023-01-19,48,1,Winter,0,0,0,미라시아,미라시아 브런치 (패키지)
2023-01-20,100,1,Winter,0,0,0,미라시아,미라시아 브런치 (패키지)
2023-01-21,26,1,Winter,1,1,1,미라시아,미라시아 브런치 (패키지)
2023-01-22,16,1,Winter,1,1,1,미라시아,미라시아 브런치 (패키지)
2023-01-23,12,1,Winter,0,1,1,미라시아,미라시아 브런치 (패키지)
2023-01-24,86,1,Winter,0,1,1,미라시아,미라시아 브런치 (패키지)
2023-01-25,44,1,Winter,0,0,0,미라시아,미라시아 브런치 (패키지)
2023-01-26,40,1,Winter,0,0,0,미라시아,미라시아 브런치 (패키지)
2023-01-27,94,1,Winter,0,0,0,미라시아,미라시아 브런치 (패키지)
2023-01-28,12,1,Winter,1,0,1,미라시아,미라시아 브런치 (패키지)
2023-01-29,80,1,Winter,1,0,1,미라시아,미라시아 브런치 (패키지)
2023-01-30,38,1,Winter,0,0,0,미라시아,미라시아 브런치 (패키지)
2023-01-31,20,1,Winter,0,0,0,미라시아,미라시아 브런치 (패키지)
2023-02-01,28,2,Winter,0,0,0,미라시아,미라시아 브런치 (패키지)
2023-02-02,20,2,Winter,0,0,0,미라시아,미라시아 브런치 (패키지)
2023-02-03,114,2,Winter,0,0,0,미라시아,미라시아 브런치 (패키지)
2023-02-04,14,2,Winter,1,0,1,미라시아,미라시아 브런치 (패키지)
2023-02-05,74,2,Winter,1,0,1,미라시아,미라시아 브런치 (패키지)
2023-02-06,28,2,Winter,0,0,0,미라시아,미라시아 브런치 (패키지)
2023-02-07,12,2,Winter,0,0,0,미라시아,미라시아 브런치 (패키지)
2023-02-08,28,2,Winter,0,0,0,미라시아,미라시아 브런치 (패키지)
2023-02-09,26,2,Winter,0,0,0,미라시아,미라시아 브런치 (패키지)
2023-02-10,90,2,Winter,0,0,0,미라시아,미라시아 브런치 (패키지)
2023-02-11,18,2,Winter,1,0,1,미라시아,미라시아 브런치 (패키지)
2023-02-12,80,2,Winter,1,0,1,미라시아,미라시아 브런치 (패키지)
2023-02-13,34,2,Winter,0,0,0,미라시아,미라시아 브런치 (패키지)
2023-02-14,18,2,Winter,0,0,0,미라시아,미라시아 브런치 (패키지)
2023-02-15,18,2,Winter,0,0,0,미라시아,미라시아 브런치 (패키지)
2023-02-16,16,2,Winter,0,0,0,미라시아,미라시아 브런치 (패키지)
2023-02-17,64,2,Winter,0,0,0,미라시아,미라시아 브런치 (패키지)
2023-02-18,6,2,Winter,1,0,1,미라시아,미라시아 브런치 (패키지)
2023-02-19,82,2,Winter,1,0,1,미라시아,미라시아 브런치 (패키지)
2023-02-20,26,2,Winter,0,0,0,미라시아,미라시아 브런치 (패키지)
2023-02-21,36,2,Winter,0,0,0,미라시아,미라시아 브런치 (패키지)
2023-02-22,22,2,Winter,0,0,0,미라시아,미라시아 브런치 (패키지)
2023-02-23,36,2,Winter,0,0,0,미라시아,미라시아 브런치 (패키지)
2023-02-24,114,2,Winter,0,0,0,미라시아,미라시아 브런치 (패키지)
2023-02-25,26,2,Winter,1,0,1,미라시아,미라시아 브런치 (패키지)
2023-02-26,128,2,Winter,1,0,1,미라시아,미라시아 브런치 (패키지)
2023-02-27,46,2,Winter,0,0,0,미라시아,미라시아 브런치 (패키지)
2023-02-28,112,2,Winter,0,0,0,미라시아,미라시아 브런치 (패키지)
2023-03-01,0,3,Spring,0,1,1,미라시아,미라시아 브런치 (패키지)
2023-03-02,0,3,Spring,0,0,0,미라시아,미라시아 브런치 (패키지)
2023-03-03,0,3,Spring,0,0,0,미라시아,미라시아 브런치 (패키지)
2023-03-04,0,3,Spring,1,0,1,미라시아,미라시아 브런치 (패키지)
2023-03-05,0,3,Spring,1,0,1,미라시아,미라시아 브런치 (패키지)
2023-03-06,0,3,Spring,0,0,0,미라시아,미라시아 브런치 (패키지)
2023-03-07,0,3,Spring,0,0,0,미라시아,미라시아 브런치 (패키지)
2023-03-08,0,3,Spring,0,0,0,미라시아,미라시아 브런치 (패키지)
2023-03-09,0,3,Spring,0,0,0,미라시아,미라시아 브런치 (패키지)
2023-03-10,0,3,Spring,0,0,0,미라시아,미라시아 브런치 (패키지)
2023-03-11,2,3,Spring,1,0,1,미라시아,미라시아 브런치 (패키지)
2023-03-12,2,3,Spring,1,0,1,미라시아,미라시아 브런치 (패키지)
2023-03-13,0,3,Spring,0,0,0,미라시아,미라시아 브런치 (패키지)
2023-03-14,0,3,Spring,0,0,0,미라시아,미라시아 브런치 (패키지)
2023-03-15,2,3,Spring,0,0,0,미라시아,미라시아 브런치 (패키지)
2023-03-16,4,3,Spring,0,0,0,미라시아,미라시아 브런치 (패키지)
2023-03-17,6,3,Spring,0,0,0,미라시아,미라시아 브런치 (패키지)
2023-03-18,10,3,Spring,1,0,1,미라시아,미라시아 브런치 (패키지)
2023-03-19,6,3,Spring,1,0,1,미라시아,미라시아 브런치 (패키지)
2023-03-20,0,3,Spring,0,0,0,미라시아,미라시아 브런치 (패키지)
2023-03-21,0,3,Spring,0,0,0,미라시아,미라시아 브런치 (패키지)
2023-03-22,0,3,Spring,0,0,0,미라시아,미라시아 브런치 (패키지)
2023-03-23,2,3,Spring,0,0,0,미라시아,미라시아 브런치 (패키지)
2023-03-24,2,3,Spring,0,0,0,미라시아,미라시아 브런치 (패키지)
2023-03-25,18,3,Spring,1,0,1,미라시아,미라시아 브런치 (패키지)
2023-03-26,2,3,Spring,1,0,1,미라시아,미라시아 브런치 (패키지)
2023-03-27,6,3,Spring,0,0,0,미라시아,미라시아 브런치 (패키지)
2023-03-28,0,3,Spring,0,0,0,미라시아,미라시아 브런치 (패키지)
2023-03-29,0,3,Spring,0,0,0,미라시아,미라시아 브런치 (패키지)
2023-03-30,8,3,Spring,0,0,0,미라시아,미라시아 브런치 (패키지)
2023-03-31,22,3,Spring,0,0,0,미라시아,미라시아 브런치 (패키지)
2023-04-01,8,4,Spring,1,0,1,미라시아,미라시아 브런치 (패키지)
2023-04-02,6,4,Spring,1,0,1,미라시아,미라시아 브런치 (패키지)
2023-04-03,6,4,Spring,0,0,0,미라시아,미라시아 브런치 (패키지)
2023-04-04,10,4,Spring,0,0,0,미라시아,미라시아 브런치 (패키지)
2023-04-05,8,4,Spring,0,0,0,미라시아,미라시아 브런치 (패키지)
2023-04-06,4,4,Spring,0,0,0,미라시아,미라시아 브런치 (패키지)
2023-04-07,30,4,Spring,0,0,0,미라시아,미라시아 브런치 (패키지)
2023-04-08,2,4,Spring,1,0,1,미라시아,미라시아 브런치 (패키지)
2023-04-09,14,4,Spring,1,0,1,미라시아,미라시아 브런치 (패키지)
2023-04-10,6,4,Spring,0,0,0,미라시아,미라시아 브런치 (패키지)
2023-04-11,22,4,Spring,0,0,0,미라시아,미라시아 브런치 (패키지)
2023-04-12,10,4,Spring,0,0,0,미라시아,미라시아 브런치 (패키지)
2023-04-13,24,4,Spring,0,0,0,미라시아,미라시아 브런치 (패키지)
2023-04-14,50,4,Spring,0,0,0,미라시아,미라시아 브런치 (패키지)
2023-04-15,6,4,Spring,1,0,1,미라시아,미라시아 브런치 (패키지)
2023-04-16,24,4,Spring,1,0,1,미라시아,미라시아 브런치 (패키지)
2023-04-17,6,4,Spring,0,0,0,미라시아,미라시아 브런치 (패키지)
2023-04-18,12,4,Spring,0,0,0,미라시아,미라시아 브런치 (패키지)
2023-04-19,8,4,Spring,0,0,0,미라시아,미라시아 브런치 (패키지)
2023-04-20,4,4,Spring,0,0,0,미라시아,미라시아 브런치 (패키지)
2023-04-21,62,4,Spring,0,0,0,미라시아,미라시아 브런치 (패키지)
2023-04-22,8,4,Spring,1,0,1,미라시아,미라시아 브런치 (패키지)
2023-04-23,28,4,Spring,1,0,1,미라시아,미라시아 브런치 (패키지)
2023-04-24,6,4,Spring,0,0,0,미라시아,미라시아 브런치 (패키지)
2023-04-25,10,4,Spring,0,0,0,미라시아,미라시아 브런치 (패키지)
2023-04-26,10,4,Spring,0,0,0,미라시아,미라시아 브런치 (패키지)
2023-04-27,14,4,Spring,0,0,0,미라시아,미라시아 브런치 (패키지)
2023-04-28,46,4,Spring,0,0,0,미라시아,미라시아 브런치 (패키지)
2023-04-29,6,4,Spring,1,0,1,미라시아,미라시아 브런치 (패키지)
2023-04-30,50,4,Spring,1,0,1,미라시아,미라시아 브런치 (패키지)
2023-05-01,24,5,Spring,0,0,0,미라시아,미라시아 브런치 (패키지)
2023-05-02,6,5,Spring,0,0,0,미라시아,미라시아 브런치 (패키지)
2023-05-03,18,5,Spring,0,0,0,미라시아,미라시아 브런치 (패키지)
2023-05-04,72,5,Spring,0,0,0,미라시아,미라시아 브런치 (패키지)
2023-05-05,8,5,Spring,0,1,1,미라시아,미라시아 브런치 (패키지)
2023-05-06,4,5,Spring,1,0,1,미라시아,미라시아 브런치 (패키지)
2023-05-07,30,5,Spring,1,0,1,미라시아,미라시아 브런치 (패키지)
2023-05-08,12,5,Spring,0,0,0,미라시아,미라시아 브런치 (패키지)
2023-05-09,10,5,Spring,0,0,0,미라시아,미라시아 브런치 (패키지)
2023-05-10,16,5,Spring,0,0,0,미라시아,미라시아 브런치 (패키지)
2023-05-11,4,5,Spring,0,0,0,미라시아,미라시아 브런치 (패키지)
2023-05-12,44,5,Spring,0,0,0,미라시아,미라시아 브런치 (패키지)
2023-05-13,6,5,Spring,1,0,1,미라시아,미라시아 브런치 (패키지)
2023-05-14,14,5,Spring,1,0,1,미라시아,미라시아 브런치 (패키지)
2023-05-15,8,5,Spring,0,0,0,미라시아,미라시아 브런치 (패키지)
2023-05-16,6,5,Spring,0,0,0,미라시아,미라시아 브런치 (패키지)
2023-05-17,2,5,Spring,0,0,0,미라시아,미라시아 브런치 (패키지)
2023-05-18,8,5,Spring,0,0,0,미라시아,미라시아 브런치 (패키지)
2023-05-19,48,5,Spring,0,0,0,미라시아,미라시아 브런치 (패키지)
2023-05-20,6,5,Spring,1,0,1,미라시아,미라시아 브런치 (패키지)
2023-05-21,14,5,Spring,1,0,1,미라시아,미라시아 브런치 (패키지)
2023-05-22,4,5,Spring,0,0,0,미라시아,미라시아 브런치 (패키지)
2023-05-23,12,5,Spring,0,0,0,미라시아,미라시아 브런치 (패키지)
2023-05-24,6,5,Spring,0,0,0,미라시아,미라시아 브런치 (패키지)
2023-05-25,12,5,Spring,0,0,0,미라시아,미라시아 브런치 (패키지)
2023-05-26,56,5,Spring,0,0,0,미라시아,미라시아 브런치 (패키지)
2023-05-27,8,5,Spring,1,1,1,미라시아,미라시아 브런치 (패키지)
2023-05-28,52,5,Spring,1,0,1,미라시아,미라시아 브런치 (패키지)
2023-05-29,6,5,Spring,0,1,1,미라시아,미라시아 브런치 (패키지)
2023-05-30,2,5,Spring,0,0,0,미라시아,미라시아 브런치 (패키지)
2023-05-31,2,5,Spring,0,0,0,미라시아,미라시아 브런치 (패키지)
2023-06-01,10,6,Summer,0,0,0,미라시아,미라시아 브런치 (패키지)
2023-06-02,32,6,Summer,0,0,0,미라시아,미라시아 브런치 (패키지)
2023-06-03,6,6,Summer,1,0,1,미라시아,미라시아 브런치 (패키지)
2023-06-04,32,6,Summer,1,0,1,미라시아,미라시아 브런치 (패키지)
2023-06-05,42,6,Summer,0,0,0,미라시아,미라시아 브런치 (패키지)
2023-06-06,18,6,Summer,0,1,1,미라시아,미라시아 브런치 (패키지)
2023-06-07,16,6,Summer,0,0,0,미라시아,미라시아 브런치 (패키지)
2023-06-08,8,6,Summer,0,0,0,미라시아,미라시아 브런치 (패키지)
2023-06-09,36,6,Summer,0,0,0,미라시아,미라시아 브런치 (패키지)
2023-06-10,0,6,Summer,1,0,1,미라시아,미라시아 브런치 (패키지)
2023-06-11,18,6,Summer,1,0,1,미라시아,미라시아 브런치 (패키지)
2023-06-12,6,6,Summer,0,0,0,미라시아,미라시아 브런치 (패키지)
2023-06-13,8,6,Summer,0,0,0,미라시아,미라시아 브런치 (패키지)
2023-06-14,8,6,Summer,0,0,0,미라시아,미라시아 브런치 (패키지)
2023-06-15,24,6,Summer,0,0,0,미라시아,미라시아 브런치 (패키지)
2023-06-16,28,6,Summer,0,0,0,미라시아,미라시아 브런치 (패키지)
2023-06-17,16,6,Summer,1,0,1,미라시아,미라시아 브런치 (패키지)
2023-06-18,26,6,Summer,1,0,1,미라시아,미라시아 브런치 (패키지)
2023-06-19,4,6,Summer,0,0,0,미라시아,미라시아 브런치 (패키지)
2023-06-20,8,6,Summer,0,0,0,미라시아,미라시아 브런치 (패키지)
2023-06-21,14,6,Summer,0,0,0,미라시아,미라시아 브런치 (패키지)
2023-06-22,14,6,Summer,0,0,0,미라시아,미라시아 브런치 (패키지)
2023-06-23,40,6,Summer,0,0,0,미라시아,미라시아 브런치 (패키지)
2023-06-24,14,6,Summer,1,0,1,미라시아,미라시아 브런치 (패키지)
2023-06-25,16,6,Summer,1,0,1,미라시아,미라시아 브런치 (패키지)
2023-06-26,8,6,Summer,0,0,0,미라시아,미라시아 브런치 (패키지)
2023-06-27,10,6,Summer,0,0,0,미라시아,미라시아 브런치 (패키지)
2023-06-28,16,6,Summer,0,0,0,미라시아,미라시아 브런치 (패키지)
2023-06-29,14,6,Summer,0,0,0,미라시아,미라시아 브런치 (패키지)
2023-06-30,42,6,Summer,0,0,0,미라시아,미라시아 브런치 (패키지)
2023-07-01,2,7,Summer,1,0,1,미라시아,미라시아 브런치 (패키지)
2023-07-02,22,7,Summer,1,0,1,미라시아,미라시아 브런치 (패키지)
2023-07-03,10,7,Summer,0,0,0,미라시아,미라시아 브런치 (패키지)
2023-07-04,8,7,Summer,0,0,0,미라시아,미라시아 브런치 (패키지)
2023-07-05,4,7,Summer,0,0,0,미라시아,미라시아 브런치 (패키지)
2023-07-06,16,7,Summer,0,0,0,미라시아,미라시아 브런치 (패키지)
2023-07-07,28,7,Summer,0,0,0,미라시아,미라시아 브런치 (패키지)
2023-07-08,0,7,Summer,1,0,1,미라시아,미라시아 브런치 (패키지)
2023-07-09,14,7,Summer,1,0,1,미라시아,미라시아 브런치 (패키지)
2023-07-10,8,7,Summer,0,0,0,미라시아,미라시아 브런치 (패키지)
2023-07-11,8,7,Summer,0,0,0,미라시아,미라시아 브런치 (패키지)
2023-07-12,6,7,Summer,0,0,0,미라시아,미라시아 브런치 (패키지)
2023-07-13,12,7,Summer,0,0,0,미라시아,미라시아 브런치 (패키지)
2023-07-14,58,7,Summer,0,0,0,미라시아,미라시아 브런치 (패키지)
2023-07-15,12,7,Summer,1,0,1,미라시아,미라시아 브런치 (패키지)
2023-07-16,20,7,Summer,1,0,1,미라시아,미라시아 브런치 (패키지)
2023-07-17,6,7,Summer,0,0,0,미라시아,미라시아 브런치 (패키지)
2023-07-18,10,7,Summer,0,0,0,미라시아,미라시아 브런치 (패키지)
2023-07-19,12,7,Summer,0,0,0,미라시아,미라시아 브런치 (패키지)
2023-07-20,22,7,Summer,0,0,0,미라시아,미라시아 브런치 (패키지)
2023-07-21,30,7,Summer,0,0,0,미라시아,미라시아 브런치 (패키지)
2023-07-22,8,7,Summer,1,0,1,미라시아,미라시아 브런치 (패키지)
2023-07-23,38,7,Summer,1,0,1,미라시아,미라시아 브런치 (패키지)
2023-07-24,34,7,Summer,0,0,0,미라시아,미라시아 브런치 (패키지)
2023-07-25,24,7,Summer,0,0,0,미라시아,미라시아 브런치 (패키지)
2023-07-26,48,7,Summer,0,0,0,미라시아,미라시아 브런치 (패키지)
2023-07-27,48,7,Summer,0,0,0,미라시아,미라시아 브런치 (패키지)
2023-07-28,44,7,Summer,0,0,0,미라시아,미라시아 브런치 (패키지)
2023-07-29,4,7,Summer,1,0,1,미라시아,미라시아 브런치 (패키지)
2023-07-30,66,7,Summer,1,0,1,미라시아,미라시아 브런치 (패키지)
2023-07-31,68,7,Summer,0,0,0,미라시아,미라시아 브런치 (패키지)
2023-08-01,42,8,Summer,0,0,0,미라시아,미라시아 브런치 (패키지)
2023-08-02,56,8,Summer,0,0,0,미라시아,미라시아 브런치 (패키지)
2023-08-03,56,8,Summer,0,0,0,미라시아,미라시아 브런치 (패키지)
2023-08-04,54,8,Summer,0,0,0,미라시아,미라시아 브런치 (패키지)
2023-08-05,6,8,Summer,1,0,1,미라시아,미라시아 브런치 (패키지)
2023-08-06,60,8,Summer,1,0,1,미라시아,미라시아 브런치 (패키지)
2023-08-07,62,8,Summer,0,0,0,미라시아,미라시아 브런치 (패키지)
2023-08-08,86,8,Summer,0,0,0,미라시아,미라시아 브런치 (패키지)
2023-08-09,46,8,Summer,0,0,0,미라시아,미라시아 브런치 (패키지)
2023-08-10,42,8,Summer,0,0,0,미라시아,미라시아 브런치 (패키지)
2023-08-11,36,8,Summer,0,0,0,미라시아,미라시아 브런치 (패키지)
2023-08-12,10,8,Summer,1,0,1,미라시아,미라시아 브런치 (패키지)
2023-08-13,70,8,Summer,1,0,1,미라시아,미라시아 브런치 (패키지)
2023-08-14,50,8,Summer,0,0,0,미라시아,미라시아 브런치 (패키지)
2023-08-15,62,8,Summer,0,1,1,미라시아,미라시아 브런치 (패키지)
2023-08-16,24,8,Summer,0,0,0,미라시아,미라시아 브런치 (패키지)
2023-08-17,28,8,Summer,0,0,0,미라시아,미라시아 브런치 (패키지)
2023-08-18,10,8,Summer,0,0,0,미라시아,미라시아 브런치 (패키지)
2023-08-19,24,8,Summer,1,0,1,미라시아,미라시아 브런치 (패키지)
2023-08-20,32,8,Summer,1,0,1,미라시아,미라시아 브런치 (패키지)
2023-08-21,12,8,Summer,0,0,0,미라시아,미라시아 브런치 (패키지)
2023-08-22,4,8,Summer,0,0,0,미라시아,미라시아 브런치 (패키지)
2023-08-23,4,8,Summer,0,0,0,미라시아,미라시아 브런치 (패키지)
2023-08-24,28,8,Summer,0,0,0,미라시아,미라시아 브런치 (패키지)
2023-08-25,64,8,Summer,0,0,0,미라시아,미라시아 브런치 (패키지)
2023-08-26,12,8,Summer,1,0,1,미라시아,미라시아 브런치 (패키지)
2023-08-27,36,8,Summer,1,0,1,미라시아,미라시아 브런치 (패키지)
2023-08-28,26,8,Summer,0,0,0,미라시아,미라시아 브런치 (패키지)
2023-08-29,16,8,Summer,0,0,0,미라시아,미라시아 브런치 (패키지)
2023-08-30,20,8,Summer,0,0,0,미라시아,미라시아 브런치 (패키지)
2023-08-31,6,8,Summer,0,0,0,미라시아,미라시아 브런치 (패키지)
2023-09-01,26,9,Autumn,0,0,0,미라시아,미라시아 브런치 (패키지)
2023-09-02,14,9,Autumn,1,0,1,미라시아,미라시아 브런치 (패키지)
2023-09-03,30,9,Autumn,1,0,1,미라시아,미라시아 브런치 (패키지)
2023-09-04,18,9,Autumn,0,0,0,미라시아,미라시아 브런치 (패키지)
2023-09-05,10,9,Autumn,0,0,0,미라시아,미라시아 브런치 (패키지)
2023-09-06,18,9,Autumn,0,0,0,미라시아,미라시아 브런치 (패키지)
2023-09-07,14,9,Autumn,0,0,0,미라시아,미라시아 브런치 (패키지)
2023-09-08,26,9,Autumn,0,0,0,미라시아,미라시아 브런치 (패키지)
2023-09-09,6,9,Autumn,1,0,1,미라시아,미라시아 브런치 (패키지)
2023-09-10,34,9,Autumn,1,0,1,미라시아,미라시아 브런치 (패키지)
2023-09-11,10,9,Autumn,0,0,0,미라시아,미라시아 브런치 (패키지)
2023-09-12,18,9,Autumn,0,0,0,미라시아,미라시아 브런치 (패키지)
2023-09-13,10,9,Autumn,0,0,0,미라시아,미라시아 브런치 (패키지)
2023-09-14,10,9,Autumn,0,0,0,미라시아,미라시아 브런치 (패키지)
2023-09-15,34,9,Autumn,0,0,0,미라시아,미라시아 브런치 (패키지)
2023-09-16,24,9,Autumn,1,0,1,미라시아,미라시아 브런치 (패키지)
2023-09-17,30,9,Autumn,1,0,1,미라시아,미라시아 브런치 (패키지)
2023-09-18,18,9,Autumn,0,0,0,미라시아,미라시아 브런치 (패키지)
2023-09-19,18,9,Autumn,0,0,0,미라시아,미라시아 브런치 (패키지)
2023-09-20,18,9,Autumn,0,0,0,미라시아,미라시아 브런치 (패키지)
2023-09-21,24,9,Autumn,0,0,0,미라시아,미라시아 브런치 (패키지)
2023-09-22,44,9,Autumn,0,0,0,미라시아,미라시아 브런치 (패키지)
2023-09-23,34,9,Autumn,1,0,1,미라시아,미라시아 브런치 (패키지)
2023-09-24,16,9,Autumn,1,0,1,미라시아,미라시아 브런치 (패키지)
2023-09-25,12,9,Autumn,0,0,0,미라시아,미라시아 브런치 (패키지)
2023-09-26,6,9,Autumn,0,0,0,미라시아,미라시아 브런치 (패키지)
2023-09-27,78,9,Autumn,0,0,0,미라시아,미라시아 브런치 (패키지)
2023-09-28,28,9,Autumn,0,1,1,미라시아,미라시아 브런치 (패키지)
2023-09-29,36,9,Autumn,0,1,1,미라시아,미라시아 브런치 (패키지)
2023-09-30,26,9,Autumn,1,1,1,미라시아,미라시아 브런치 (패키지)
2023-10-01,94,10,Autumn,1,0,1,미라시아,미라시아 브런치 (패키지)
2023-10-02,92,10,Autumn,0,1,1,미라시아,미라시아 브런치 (패키지)
2023-10-03,38,10,Autumn,0,1,1,미라시아,미라시아 브런치 (패키지)
2023-10-04,24,10,Autumn,0,0,0,미라시아,미라시아 브런치 (패키지)
2023-10-05,8,10,Autumn,0,0,0,미라시아,미라시아 브런치 (패키지)
2023-10-06,72,10,Autumn,0,0,0,미라시아,미라시아 브런치 (패키지)
2023-10-07,18,10,Autumn,1,0,1,미라시아,미라시아 브런치 (패키지)
2023-10-08,34,10,Autumn,1,0,1,미라시아,미라시아 브런치 (패키지)
2023-10-09,64,10,Autumn,0,1,1,미라시아,미라시아 브런치 (패키지)
2023-10-10,28,10,Autumn,0,0,0,미라시아,미라시아 브런치 (패키지)
2023-10-11,26,10,Autumn,0,0,0,미라시아,미라시아 브런치 (패키지)
2023-10-12,28,10,Autumn,0,0,0,미라시아,미라시아 브런치 (패키지)
2023-10-13,44,10,Autumn,0,0,0,미라시아,미라시아 브런치 (패키지)
2023-10-14,8,10,Autumn,1,0,1,미라시아,미라시아 브런치 (패키지)
2023-10-15,70,10,Autumn,1,0,1,미라시아,미라시아 브런치 (패키지)
2023-10-16,36,10,Autumn,0,0,0,미라시아,미라시아 브런치 (패키지)
2023-10-17,42,10,Autumn,0,0,0,미라시아,미라시아 브런치 (패키지)
2023-10-18,50,10,Autumn,0,0,0,미라시아,미라시아 브런치 (패키지)
2023-10-19,44,10,Autumn,0,0,0,미라시아,미라시아 브런치 (패키지)
2023-10-20,52,10,Autumn,0,0,0,미라시아,미라시아 브런치 (패키지)
2023-10-21,18,10,Autumn,1,0,1,미라시아,미라시아 브런치 (패키지)
2023-10-22,90,10,Autumn,1,0,1,미라시아,미라시아 브런치 (패키지)
2023-10-23,36,10,Autumn,0,0,0,미라시아,미라시아 브런치 (패키지)
2023-10-24,68,10,Autumn,0,0,0,미라시아,미라시아 브런치 (패키지)
2023-10-25,48,10,Autumn,0,0,0,미라시아,미라시아 브런치 (패키지)
2023-10-26,66,10,Autumn,0,0,0,미라시아,미라시아 브런치 (패키지)
2023-10-27,86,10,Autumn,0,0,0,미라시아,미라시아 브런치 (패키지)
2023-10-28,12,10,Autumn,1,0,1,미라시아,미라시아 브런치 (패키지)
2023-10-29,86,10,Autumn,1,0,1,미라시아,미라시아 브런치 (패키지)
2023-10-30,62,10,Autumn,0,0,0,미라시아,미라시아 브런치 (패키지)
2023-10-31,38,10,Autumn,0,0,0,미라시아,미라시아 브런치 (패키지)
2023-11-01,44,11,Autumn,0,0,0,미라시아,미라시아 브런치 (패키지)
2023-11-02,34,11,Autumn,0,0,0,미라시아,미라시아 브런치 (패키지)
2023-11-03,40,11,Autumn,0,0,0,미라시아,미라시아 브런치 (패키지)
2023-11-04,18,11,Autumn,1,0,1,미라시아,미라시아 브런치 (패키지)
2023-11-05,80,11,Autumn,1,0,1,미라시아,미라시아 브런치 (패키지)
2023-11-06,52,11,Autumn,0,0,0,미라시아,미라시아 브런치 (패키지)
2023-11-07,52,11,Autumn,0,0,0,미라시아,미라시아 브런치 (패키지)
2023-11-08,40,11,Autumn,0,0,0,미라시아,미라시아 브런치 (패키지)
2023-11-09,14,11,Autumn,0,0,0,미라시아,미라시아 브런치 (패키지)
2023-11-10,40,11,Autumn,0,0,0,미라시아,미라시아 브런치 (패키지)
2023-11-11,22,11,Autumn,1,0,1,미라시아,미라시아 브런치 (패키지)
2023-11-12,88,11,Autumn,1,0,1,미라시아,미라시아 브런치 (패키지)
2023-11-13,40,11,Autumn,0,0,0,미라시아,미라시아 브런치 (패키지)
2023-11-14,40,11,Autumn,0,0,0,미라시아,미라시아 브런치 (패키지)
2023-11-15,22,11,Autumn,0,0,0,미라시아,미라시아 브런치 (패키지)
2023-11-16,24,11,Autumn,0,0,0,미라시아,미라시아 브런치 (패키지)
2023-11-17,60,11,Autumn,0,0,0,미라시아,미라시아 브런치 (패키지)
2023-11-18,30,11,Autumn,1,0,1,미라시아,미라시아 브런치 (패키지)
2023-11-19,44,11,Autumn,1,0,1,미라시아,미라시아 브런치 (패키지)
2023-11-20,22,11,Autumn,0,0,0,미라시아,미라시아 브런치 (패키지)
2023-11-21,10,11,Autumn,0,0,0,미라시아,미라시아 브런치 (패키지)
2023-11-22,12,11,Autumn,0,0,0,미라시아,미라시아 브런치 (패키지)
2023-11-23,28,11,Autumn,0,0,0,미라시아,미라시아 브런치 (패키지)
2023-11-24,52,11,Autumn,0,0,0,미라시아,미라시아 브런치 (패키지)
2023-11-25,26,11,Autumn,1,0,1,미라시아,미라시아 브런치 (패키지)
2023-11-26,30,11,Autumn,1,0,1,미라시아,미라시아 브런치 (패키지)
2023-11-27,10,11,Autumn,0,0,0,미라시아,미라시아 브런치 (패키지)
2023-11-28,12,11,Autumn,0,0,0,미라시아,미라시아 브런치 (패키지)
2023-11-29,8,11,Autumn,0,0,0,미라시아,미라시아 브런치 (패키지)
2023-11-30,14,11,Autumn,0,0,0,미라시아,미라시아 브런치 (패키지)
2023-12-01,24,12,Winter,0,0,0,미라시아,미라시아 브런치 (패키지)
2023-12-02,18,12,Winter,1,0,1,미라시아,미라시아 브런치 (패키지)
2023-12-03,16,12,Winter,1,0,1,미라시아,미라시아 브런치 (패키지)
2023-12-04,8,12,Winter,0,0,0,미라시아,미라시아 브런치 (패키지)
2023-12-05,2,12,Winter,0,0,0,미라시아,미라시아 브런치 (패키지)
2023-12-06,0,12,Winter,0,0,0,미라시아,미라시아 브런치 (패키지)
2023-12-07,10,12,Winter,0,0,0,미라시아,미라시아 브런치 (패키지)
2023-12-08,24,12,Winter,0,0,0,미라시아,미라시아 브런치 (패키지)
2023-12-09,6,12,Winter,1,0,1,미라시아,미라시아 브런치 (패키지)
2023-12-10,26,12,Winter,1,0,1,미라시아,미라시아 브런치 (패키지)
2023-12-11,2,12,Winter,0,0,0,미라시아,미라시아 브런치 (패키지)
2023-12-12,4,12,Winter,0,0,0,미라시아,미라시아 브런치 (패키지)
2023-12-13,2,12,Winter,0,0,0,미라시아,미라시아 브런치 (패키지)
2023-12-14,10,12,Winter,0,0,0,미라시아,미라시아 브런치 (패키지)
2023-12-15,4,12,Winter,0,0,0,미라시아,미라시아 브런치 (패키지)
2023-12-16,6,12,Winter,1,0,1,미라시아,미라시아 브런치 (패키지)
2023-12-17,8,12,Winter,1,0,1,미라시아,미라시아 브런치 (패키지)
2023-12-18,10,12,Winter,0,0,0,미라시아,미라시아 브런치 (패키지)
2023-12-19,10,12,Winter,0,0,0,미라시아,미라시아 브런치 (패키지)
2023-12-20,6,12,Winter,0,0,0,미라시아,미라시아 브런치 (패키지)
2023-12-21,10,12,Winter,0,0,0,미라시아,미라시아 브런치 (패키지)
2023-12-22,4,12,Winter,0,0,0,미라시아,미라시아 브런치 (패키지)
2023-12-23,2,12,Winter,1,0,1,미라시아,미라시아 브런치 (패키지)
2023-12-24,2,12,Winter,1,0,1,미라시아,미라시아 브런치 (패키지)
2023-12-25,16,12,Winter,0,1,1,미라시아,미라시아 브런치 (패키지)
2023-12-26,14,12,Winter,0,0,0,미라시아,미라시아 브런치 (패키지)
2023-12-27,12,12,Winter,0,0,0,미라시아,미라시아 브런치 (패키지)
2023-12-28,16,12,Winter,0,0,0,미라시아,미라시아 브런치 (패키지)
2023-12-29,10,12,Winter,0,0,0,미라시아,미라시아 브런치 (패키지)
2023-12-30,4,12,Winter,1,0,1,미라시아,미라시아 브런치 (패키지)
2023-12-31,2,12,Winter,1,0,1,미라시아,미라시아 브런치 (패키지)
2024-01-01,28,1,Winter,0,1,1,미라시아,미라시아 브런치 (패키지)
2024-01-02,10,1,Winter,0,0,0,미라시아,미라시아 브런치 (패키지)
2024-01-03,20,1,Winter,0,0,0,미라시아,미라시아 브런치 (패키지)
2024-01-04,28,1,Winter,0,0,0,미라시아,미라시아 브런치 (패키지)
2024-01-05,16,1,Winter,0,0,0,미라시아,미라시아 브런치 (패키지)
2024-01-06,0,1,Winter,1,0,1,미라시아,미라시아 브런치 (패키지)
2024-01-07,20,1,Winter,1,0,1,미라시아,미라시아 브런치 (패키지)
2024-01-08,6,1,Winter,0,0,0,미라시아,미라시아 브런치 (패키지)
2024-01-09,14,1,Winter,0,0,0,미라시아,미라시아 브런치 (패키지)
2024-01-10,10,1,Winter,0,0,0,미라시아,미라시아 브런치 (패키지)
2024-01-11,8,1,Winter,0,0,0,미라시아,미라시아 브런치 (패키지)
2024-01-12,4,1,Winter,0,0,0,미라시아,미라시아 브런치 (패키지)
2024-01-13,4,1,Winter,1,0,1,미라시아,미라시아 브런치 (패키지)
2024-01-14,30,1,Winter,1,0,1,미라시아,미라시아 브런치 (패키지)
2024-01-15,24,1,Winter,0,0,0,미라시아,미라시아 브런치 (패키지)
2024-01-16,16,1,Winter,0,0,0,미라시아,미라시아 브런치 (패키지)
2024-01-17,12,1,Winter,0,0,0,미라시아,미라시아 브런치 (패키지)
2024-01-18,10,1,Winter,0,0,0,미라시아,미라시아 브런치 (패키지)
2024-01-19,12,1,Winter,0,0,0,미라시아,미라시아 브런치 (패키지)
2024-01-20,2,1,Winter,1,0,1,미라시아,미라시아 브런치 (패키지)
2024-01-21,24,1,Winter,1,0,1,미라시아,미라시아 브런치 (패키지)
2024-01-22,26,1,Winter,0,0,0,미라시아,미라시아 브런치 (패키지)
2024-01-23,10,1,Winter,0,0,0,미라시아,미라시아 브런치 (패키지)
2024-01-24,6,1,Winter,0,0,0,미라시아,미라시아 브런치 (패키지)
2024-01-25,12,1,Winter,0,0,0,미라시아,미라시아 브런치 (패키지)
2024-01-26,14,1,Winter,0,0,0,미라시아,미라시아 브런치 (패키지)
2024-01-27,4,1,Winter,1,0,1,미라시아,미라시아 브런치 (패키지)
2024-01-28,40,1,Winter,1,0,1,미라시아,미라시아 브런치 (패키지)
2024-01-29,20,1,Winter,0,0,0,미라시아,미라시아 브런치 (패키지)
2024-01-30,18,1,Winter,0,0,0,미라시아,미라시아 브런치 (패키지)
2024-01-31,6,1,Winter,0,0,0,미라시아,미라시아 브런치 (패키지)
2024-02-01,14,2,Winter,0,0,0,미라시아,미라시아 브런치 (패키지)
2024-02-02,36,2,Winter,0,0,0,미라시아,미라시아 브런치 (패키지)
2024-02-03,4,2,Winter,1,0,1,미라시아,미라시아 브런치 (패키지)
2024-02-04,24,2,Winter,1,0,1,미라시아,미라시아 브런치 (패키지)
2024-02-05,12,2,Winter,0,0,0,미라시아,미라시아 브런치 (패키지)
2024-02-06,10,2,Winter,0,0,0,미라시아,미라시아 브런치 (패키지)
2024-02-07,18,2,Winter,0,0,0,미라시아,미라시아 브런치 (패키지)
2024-02-08,42,2,Winter,0,0,0,미라시아,미라시아 브런치 (패키지)
2024-02-09,10,2,Winter,0,1,1,미라시아,미라시아 브런치 (패키지)
2024-02-10,12,2,Winter,1,1,1,미라시아,미라시아 브런치 (패키지)
2024-02-11,0,2,Winter,1,1,1,미라시아,미라시아 브런치 (패키지)
2024-02-12,32,2,Winter,0,1,1,미라시아,미라시아 브런치 (패키지)
2024-02-13,6,2,Winter,0,0,0,미라시아,미라시아 브런치 (패키지)
2024-02-14,10,2,Winter,0,0,0,미라시아,미라시아 브런치 (패키지)
2024-02-15,6,2,Winter,0,0,0,미라시아,미라시아 브런치 (패키지)
2024-02-16,20,2,Winter,0,0,0,미라시아,미라시아 브런치 (패키지)
2024-02-17,0,2,Winter,1,0,1,미라시아,미라시아 브런치 (패키지)
2024-02-18,36,2,Winter,1,0,1,미라시아,미라시아 브런치 (패키지)
2024-02-19,10,2,Winter,0,0,0,미라시아,미라시아 브런치 (패키지)
2024-02-20,4,2,Winter,0,0,0,미라시아,미라시아 브런치 (패키지)
2024-02-21,6,2,Winter,0,0,0,미라시아,미라시아 브런치 (패키지)
2024-02-22,10,2,Winter,0,0,0,미라시아,미라시아 브런치 (패키지)
2024-02-23,20,2,Winter,0,0,0,미라시아,미라시아 브런치 (패키지)
2024-02-24,2,2,Winter,1,0,1,미라시아,미라시아 브런치 (패키지)
2024-02-25,48,2,Winter,1,0,1,미라시아,미라시아 브런치 (패키지)
2024-02-26,16,2,Winter,0,0,0,미라시아,미라시아 브런치 (패키지)
2024-02-27,12,2,Winter,0,0,0,미라시아,미라시아 브런치 (패키지)
2024-02-28,28,2,Winter,0,0,0,미라시아,미라시아 브런치 (패키지)
2024-02-29,54,2,Winter,0,0,0,미라시아,미라시아 브런치 (패키지)
2024-03-01,0,3,Spring,0,1,1,미라시아,미라시아 브런치 (패키지)
2024-03-02,0,3,Spring,1,0,1,미라시아,미라시아 브런치 (패키지)
2024-03-03,0,3,Spring,1,0,1,미라시아,미라시아 브런치 (패키지)
2024-03-04,0,3,Spring,0,0,0,미라시아,미라시아 브런치 (패키지)
2024-03-05,0,3,Spring,0,0,0,미라시아,미라시아 브런치 (패키지)
2024-03-06,0,3,Spring,0,0,0,미라시아,미라시아 브런치 (패키지)
2024-03-07,0,3,Spring,0,0,0,미라시아,미라시아 브런치 (패키지)
2024-03-08,0,3,Spring,0,0,0,미라시아,미라시아 브런치 (패키지)
2024-03-09,0,3,Spring,1,0,1,미라시아,미라시아 브런치 (패키지)
2024-03-10,0,3,Spring,1,0,1,미라시아,미라시아 브런치 (패키지)
2024-03-11,0,3,Spring,0,0,0,미라시아,미라시아 브런치 (패키지)
2024-03-12,0,3,Spring,0,0,0,미라시아,미라시아 브런치 (패키지)
2024-03-13,4,3,Spring,0,0,0,미라시아,미라시아 브런치 (패키지)
2024-03-14,6,3,Spring,0,0,0,미라시아,미라시아 브런치 (패키지)
2024-03-15,12,3,Spring,0,0,0,미라시아,미라시아 브런치 (패키지)
2024-03-16,8,3,Spring,1,0,1,미라시아,미라시아 브런치 (패키지)
2024-03-17,18,3,Spring,1,0,1,미라시아,미라시아 브런치 (패키지)
2024-03-18,4,3,Spring,0,0,0,미라시아,미라시아 브런치 (패키지)
2024-03-19,4,3,Spring,0,0,0,미라시아,미라시아 브런치 (패키지)
2024-03-20,6,3,Spring,0,0,0,미라시아,미라시아 브런치 (패키지)
2024-03-21,6,3,Spring,0,0,0,미라시아,미라시아 브런치 (패키지)
2024-03-22,22,3,Spring,0,0,0,미라시아,미라시아 브런치 (패키지)
2024-03-23,14,3,Spring,1,0,1,미라시아,미라시아 브런치 (패키지)
2024-03-24,10,3,Spring,1,0,1,미라시아,미라시아 브런치 (패키지)
2024-03-25,2,3,Spring,0,0,0,미라시아,미라시아 브런치 (패키지)
2024-03-26,6,3,Spring,0,0,0,미라시아,미라시아 브런치 (패키지)
2024-03-27,10,3,Spring,0,0,0,미라시아,미라시아 브런치 (패키지)
2024-03-28,10,3,Spring,0,0,0,미라시아,미라시아 브런치 (패키지)
2024-03-29,8,3,Spring,0,0,0,미라시아,미라시아 브런치 (패키지)
2024-03-30,0,3,Spring,1,0,1,미라시아,미라시아 브런치 (패키지)
2024-03-31,12,3,Spring,1,0,1,미라시아,미라시아 브런치 (패키지)
2024-04-01,6,4,Spring,0,0,0,미라시아,미라시아 브런치 (패키지)
2024-04-02,8,4,Spring,0,0,0,미라시아,미라시아 브런치 (패키지)
2024-04-03,0,4,Spring,0,0,0,미라시아,미라시아 브런치 (패키지)
2024-04-04,4,4,Spring,0,0,0,미라시아,미라시아 브런치 (패키지)
2024-04-05,14,4,Spring,0,0,0,미라시아,미라시아 브런치 (패키지)
2024-04-06,6,4,Spring,1,0,1,미라시아,미라시아 브런치 (패키지)
2024-04-07,0,4,Spring,1,0,1,미라시아,미라시아 브런치 (패키지)
2024-04-08,6,4,Spring,0,0,0,미라시아,미라시아 브런치 (패키지)
2024-04-09,24,4,Spring,0,0,0,미라시아,미라시아 브런치 (패키지)
2024-04-10,52,4,Spring,0,1,1,미라시아,미라시아 브런치 (패키지)
2024-04-11,62,4,Spring,0,0,0,미라시아,미라시아 브런치 (패키지)
2024-04-12,38,4,Spring,0,0,0,미라시아,미라시아 브런치 (패키지)
2024-04-13,2,4,Spring,1,0,1,미라시아,미라시아 브런치 (패키지)
2024-04-14,4,4,Spring,1,0,1,미라시아,미라시아 브런치 (패키지)
2024-04-15,6,4,Spring,0,0,0,미라시아,미라시아 브런치 (패키지)
2024-04-16,18,4,Spring,0,0,0,미라시아,미라시아 브런치 (패키지)
2024-04-17,6,4,Spring,0,0,0,미라시아,미라시아 브런치 (패키지)
2024-04-18,8,4,Spring,0,0,0,미라시아,미라시아 브런치 (패키지)
2024-04-19,18,4,Spring,0,0,0,미라시아,미라시아 브런치 (패키지)
2024-04-20,8,4,Spring,1,0,1,미라시아,미라시아 브런치 (패키지)
2024-04-21,8,4,Spring,1,0,1,미라시아,미라시아 브런치 (패키지)
2024-04-22,6,4,Spring,0,0,0,미라시아,미라시아 브런치 (패키지)
2024-04-23,10,4,Spring,0,0,0,미라시아,미라시아 브런치 (패키지)
2024-04-24,8,4,Spring,0,0,0,미라시아,미라시아 브런치 (패키지)
2024-04-25,18,4,Spring,0,0,0,미라시아,미라시아 브런치 (패키지)
2024-04-26,26,4,Spring,0,0,0,미라시아,미라시아 브런치 (패키지)
2024-04-27,2,4,Spring,1,0,1,미라시아,미라시아 브런치 (패키지)
2024-04-28,10,4,Spring,1,0,1,미라시아,미라시아 브런치 (패키지)
2024-04-29,10,4,Spring,0,0,0,미라시아,미라시아 브런치 (패키지)
2024-04-30,26,4,Spring,0,0,0,미라시아,미라시아 브런치 (패키지)
2024-05-01,24,5,Spring,0,0,0,미라시아,미라시아 브런치 (패키지)
2024-05-02,18,5,Spring,0,0,0,미라시아,미라시아 브런치 (패키지)
2024-05-03,52,5,Spring,0,0,0,미라시아,미라시아 브런치 (패키지)
2024-05-04,4,5,Spring,1,0,1,미라시아,미라시아 브런치 (패키지)
2024-05-05,12,5,Spring,1,1,1,미라시아,미라시아 브런치 (패키지)
2024-05-06,26,5,Spring,0,1,1,미라시아,미라시아 브런치 (패키지)
2024-05-07,12,5,Spring,0,0,0,미라시아,미라시아 브런치 (패키지)
2024-05-08,20,5,Spring,0,0,0,미라시아,미라시아 브런치 (패키지)
2024-05-09,12,5,Spring,0,0,0,미라시아,미라시아 브런치 (패키지)
2024-05-10,22,5,Spring,0,0,0,미라시아,미라시아 브런치 (패키지)
2024-05-11,8,5,Spring,1,0,1,미라시아,미라시아 브런치 (패키지)
2024-05-12,10,5,Spring,1,0,1,미라시아,미라시아 브런치 (패키지)
2024-05-13,0,5,Spring,0,0,0,미라시아,미라시아 브런치 (패키지)
2024-05-14,32,5,Spring,0,0,0,미라시아,미라시아 브런치 (패키지)
2024-05-15,38,5,Spring,0,1,1,미라시아,미라시아 브런치 (패키지)
2024-05-16,16,5,Spring,0,0,0,미라시아,미라시아 브런치 (패키지)
2024-05-17,24,5,Spring,0,0,0,미라시아,미라시아 브런치 (패키지)
2024-05-18,12,5,Spring,1,0,1,미라시아,미라시아 브런치 (패키지)
2024-05-19,14,5,Spring,1,0,1,미라시아,미라시아 브런치 (패키지)
2024-05-20,8,5,Spring,0,0,0,미라시아,미라시아 브런치 (패키지)
2024-05-21,8,5,Spring,0,0,0,미라시아,미라시아 브런치 (패키지)
2024-05-22,4,5,Spring,0,0,0,미라시아,미라시아 브런치 (패키지)
2024-05-23,6,5,Spring,0,0,0,미라시아,미라시아 브런치 (패키지)
2024-05-24,24,5,Spring,0,0,0,미라시아,미라시아 브런치 (패키지)
2024-05-25,20,5,Spring,1,0,1,미라시아,미라시아 브런치 (패키지)
2024-05-26,20,5,Spring,1,0,1,미라시아,미라시아 브런치 (패키지)
2024-05-27,4,5,Spring,0,0,0,미라시아,미라시아 브런치 (패키지)
2024-05-28,14,5,Spring,0,0,0,미라시아,미라시아 브런치 (패키지)
2024-05-29,10,5,Spring,0,0,0,미라시아,미라시아 브런치 (패키지)
2024-05-30,8,5,Spring,0,0,0,미라시아,미라시아 브런치 (패키지)
2024-05-31,24,5,Spring,0,0,0,미라시아,미라시아 브런치 (패키지)
2024-06-01,8,6,Summer,1,0,1,미라시아,미라시아 브런치 (패키지)
2024-06-02,18,6,Summer,1,0,1,미라시아,미라시아 브런치 (패키지)
2024-06-03,2,6,Summer,0,0,0,미라시아,미라시아 브런치 (패키지)
2024-06-04,6,6,Summer,0,0,0,미라시아,미라시아 브런치 (패키지)
2024-06-05,44,6,Summer,0,0,0,미라시아,미라시아 브런치 (패키지)
2024-06-06,70,6,Summer,0,1,1,미라시아,미라시아 브런치 (패키지)
2024-06-07,66,6,Summer,0,0,0,미라시아,미라시아 브런치 (패키지)
2024-06-08,10,6,Summer,1,0,1,미라시아,미라시아 브런치 (패키지)
2024-06-09,6,6,Summer,1,0,1,미라시아,미라시아 브런치 (패키지)
2024-06-10,12,6,Summer,0,0,0,미라시아,미라시아 브런치 (패키지)
2024-06-11,10,6,Summer,0,0,0,미라시아,미라시아 브런치 (패키지)
2024-06-12,12,6,Summer,0,0,0,미라시아,미라시아 브런치 (패키지)
2024-06-13,8,6,Summer,0,0,0,미라시아,미라시아 브런치 (패키지)
2024-06-14,22,6,Summer,0,0,0,미라시아,미라시아 브런치 (패키지)
2024-06-15,16,6,Summer,1,0,1,미라시아,미라시아 브런치 (패키지)
2023-01-01,0,1,Winter,1,1,1,미라시아,버드와이저(무제한)
2023-01-02,0,1,Winter,0,0,0,미라시아,버드와이저(무제한)
2023-01-03,0,1,Winter,0,0,0,미라시아,버드와이저(무제한)
2023-01-04,0,1,Winter,0,0,0,미라시아,버드와이저(무제한)
2023-01-05,0,1,Winter,0,0,0,미라시아,버드와이저(무제한)
2023-01-06,0,1,Winter,0,0,0,미라시아,버드와이저(무제한)
2023-01-07,0,1,Winter,1,0,1,미라시아,버드와이저(무제한)
2023-01-08,0,1,Winter,1,0,1,미라시아,버드와이저(무제한)
2023-01-09,0,1,Winter,0,0,0,미라시아,버드와이저(무제한)
2023-01-10,0,1,Winter,0,0,0,미라시아,버드와이저(무제한)
2023-01-11,0,1,Winter,0,0,0,미라시아,버드와이저(무제한)
2023-01-12,0,1,Winter,0,0,0,미라시아,버드와이저(무제한)
2023-01-13,0,1,Winter,0,0,0,미라시아,버드와이저(무제한)
2023-01-14,0,1,Winter,1,0,1,미라시아,버드와이저(무제한)
2023-01-15,0,1,Winter,1,0,1,미라시아,버드와이저(무제한)
2023-01-16,0,1,Winter,0,0,0,미라시아,버드와이저(무제한)
2023-01-17,0,1,Winter,0,0,0,미라시아,버드와이저(무제한)
2023-01-18,0,1,Winter,0,0,0,미라시아,버드와이저(무제한)
2023-01-19,0,1,Winter,0,0,0,미라시아,버드와이저(무제한)
2023-01-20,0,1,Winter,0,0,0,미라시아,버드와이저(무제한)
2023-01-21,0,1,Winter,1,1,1,미라시아,버드와이저(무제한)
2023-01-22,0,1,Winter,1,1,1,미라시아,버드와이저(무제한)
2023-01-23,0,1,Winter,0,1,1,미라시아,버드와이저(무제한)
2023-01-24,0,1,Winter,0,1,1,미라시아,버드와이저(무제한)
2023-01-25,0,1,Winter,0,0,0,미라시아,버드와이저(무제한)
2023-01-26,0,1,Winter,0,0,0,미라시아,버드와이저(무제한)
2023-01-27,0,1,Winter,0,0,0,미라시아,버드와이저(무제한)
2023-01-28,0,1,Winter,1,0,1,미라시아,버드와이저(무제한)
2023-01-29,0,1,Winter,1,0,1,미라시아,버드와이저(무제한)
2023-01-30,0,1,Winter,0,0,0,미라시아,버드와이저(무제한)
2023-01-31,0,1,Winter,0,0,0,미라시아,버드와이저(무제한)
2023-02-01,0,2,Winter,0,0,0,미라시아,버드와이저(무제한)
2023-02-02,0,2,Winter,0,0,0,미라시아,버드와이저(무제한)
2023-02-03,0,2,Winter,0,0,0,미라시아,버드와이저(무제한)
2023-02-04,0,2,Winter,1,0,1,미라시아,버드와이저(무제한)
2023-02-05,0,2,Winter,1,0,1,미라시아,버드와이저(무제한)
2023-02-06,0,2,Winter,0,0,0,미라시아,버드와이저(무제한)
2023-02-07,0,2,Winter,0,0,0,미라시아,버드와이저(무제한)
2023-02-08,0,2,Winter,0,0,0,미라시아,버드와이저(무제한)
2023-02-09,0,2,Winter,0,0,0,미라시아,버드와이저(무제한)
2023-02-10,0,2,Winter,0,0,0,미라시아,버드와이저(무제한)
2023-02-11,0,2,Winter,1,0,1,미라시아,버드와이저(무제한)
2023-02-12,0,2,Winter,1,0,1,미라시아,버드와이저(무제한)
2023-02-13,0,2,Winter,0,0,0,미라시아,버드와이저(무제한)
2023-02-14,0,2,Winter,0,0,0,미라시아,버드와이저(무제한)
2023-02-15,0,2,Winter,0,0,0,미라시아,버드와이저(무제한)
2023-02-16,0,2,Winter,0,0,0,미라시아,버드와이저(무제한)
2023-02-17,0,2,Winter,0,0,0,미라시아,버드와이저(무제한)
2023-02-18,0,2,Winter,1,0,1,미라시아,버드와이저(무제한)
2023-02-19,0,2,Winter,1,0,1,미라시아,버드와이저(무제한)
2023-02-20,0,2,Winter,0,0,0,미라시아,버드와이저(무제한)
2023-02-21,0,2,Winter,0,0,0,미라시아,버드와이저(무제한)
2023-02-22,0,2,Winter,0,0,0,미라시아,버드와이저(무제한)
2023-02-23,0,2,Winter,0,0,0,미라시아,버드와이저(무제한)
2023-02-24,0,2,Winter,0,0,0,미라시아,버드와이저(무제한)
2023-02-25,0,2,Winter,1,0,1,미라시아,버드와이저(무제한)
2023-02-26,0,2,Winter,1,0,1,미라시아,버드와이저(무제한)
2023-02-27,0,2,Winter,0,0,0,미라시아,버드와이저(무제한)
2023-02-28,0,2,Winter,0,0,0,미라시아,버드와이저(무제한)
2023-03-01,0,3,Spring,0,1,1,미라시아,버드와이저(무제한)
2023-03-02,0,3,Spring,0,0,0,미라시아,버드와이저(무제한)
2023-03-03,0,3,Spring,0,0,0,미라시아,버드와이저(무제한)
2023-03-04,0,3,Spring,1,0,1,미라시아,버드와이저(무제한)
2023-03-05,0,3,Spring,1,0,1,미라시아,버드와이저(무제한)
2023-03-06,0,3,Spring,0,0,0,미라시아,버드와이저(무제한)
2023-03-07,0,3,Spring,0,0,0,미라시아,버드와이저(무제한)
2023-03-08,0,3,Spring,0,0,0,미라시아,버드와이저(무제한)
2023-03-09,0,3,Spring,0,0,0,미라시아,버드와이저(무제한)
2023-03-10,0,3,Spring,0,0,0,미라시아,버드와이저(무제한)
2023-03-11,0,3,Spring,1,0,1,미라시아,버드와이저(무제한)
2023-03-12,0,3,Spring,1,0,1,미라시아,버드와이저(무제한)
2023-03-13,0,3,Spring,0,0,0,미라시아,버드와이저(무제한)
2023-03-14,0,3,Spring,0,0,0,미라시아,버드와이저(무제한)
2023-03-15,0,3,Spring,0,0,0,미라시아,버드와이저(무제한)
2023-03-16,0,3,Spring,0,0,0,미라시아,버드와이저(무제한)
2023-03-17,0,3,Spring,0,0,0,미라시아,버드와이저(무제한)
2023-03-18,0,3,Spring,1,0,1,미라시아,버드와이저(무제한)
2023-03-19,0,3,Spring,1,0,1,미라시아,버드와이저(무제한)
2023-03-20,0,3,Spring,0,0,0,미라시아,버드와이저(무제한)
2023-03-21,0,3,Spring,0,0,0,미라시아,버드와이저(무제한)
2023-03-22,0,3,Spring,0,0,0,미라시아,버드와이저(무제한)
2023-03-23,0,3,Spring,0,0,0,미라시아,버드와이저(무제한)
2023-03-24,0,3,Spring,0,0,0,미라시아,버드와이저(무제한)
2023-03-25,0,3,Spring,1,0,1,미라시아,버드와이저(무제한)
2023-03-26,0,3,Spring,1,0,1,미라시아,버드와이저(무제한)
2023-03-27,0,3,Spring,0,0,0,미라시아,버드와이저(무제한)
2023-03-28,0,3,Spring,0,0,0,미라시아,버드와이저(무제한)
2023-03-29,0,3,Spring,0,0,0,미라시아,버드와이저(무제한)
2023-03-30,0,3,Spring,0,0,0,미라시아,버드와이저(무제한)
2023-03-31,0,3,Spring,0,0,0,미라시아,버드와이저(무제한)
2023-04-01,0,4,Spring,1,0,1,미라시아,버드와이저(무제한)
2023-04-02,0,4,Spring,1,0,1,미라시아,버드와이저(무제한)
2023-04-03,0,4,Spring,0,0,0,미라시아,버드와이저(무제한)
2023-04-04,0,4,Spring,0,0,0,미라시아,버드와이저(무제한)
2023-04-05,0,4,Spring,0,0,0,미라시아,버드와이저(무제한)
2023-04-06,0,4,Spring,0,0,0,미라시아,버드와이저(무제한)
2023-04-07,0,4,Spring,0,0,0,미라시아,버드와이저(무제한)
2023-04-08,0,4,Spring,1,0,1,미라시아,버드와이저(무제한)
2023-04-09,0,4,Spring,1,0,1,미라시아,버드와이저(무제한)
2023-04-10,0,4,Spring,0,0,0,미라시아,버드와이저(무제한)
2023-04-11,0,4,Spring,0,0,0,미라시아,버드와이저(무제한)
2023-04-12,0,4,Spring,0,0,0,미라시아,버드와이저(무제한)
2023-04-13,0,4,Spring,0,0,0,미라시아,버드와이저(무제한)
2023-04-14,0,4,Spring,0,0,0,미라시아,버드와이저(무제한)
2023-04-15,0,4,Spring,1,0,1,미라시아,버드와이저(무제한)
2023-04-16,0,4,Spring,1,0,1,미라시아,버드와이저(무제한)
2023-04-17,0,4,Spring,0,0,0,미라시아,버드와이저(무제한)
2023-04-18,0,4,Spring,0,0,0,미라시아,버드와이저(무제한)
2023-04-19,0,4,Spring,0,0,0,미라시아,버드와이저(무제한)
2023-04-20,0,4,Spring,0,0,0,미라시아,버드와이저(무제한)
2023-04-21,2,4,Spring,0,0,0,미라시아,버드와이저(무제한)
2023-04-22,3,4,Spring,1,0,1,미라시아,버드와이저(무제한)
2023-04-23,1,4,Spring,1,0,1,미라시아,버드와이저(무제한)
2023-04-24,7,4,Spring,0,0,0,미라시아,버드와이저(무제한)
2023-04-25,0,4,Spring,0,0,0,미라시아,버드와이저(무제한)
2023-04-26,0,4,Spring,0,0,0,미라시아,버드와이저(무제한)
2023-04-27,0,4,Spring,0,0,0,미라시아,버드와이저(무제한)
2023-04-28,2,4,Spring,0,0,0,미라시아,버드와이저(무제한)
2023-04-29,11,4,Spring,1,0,1,미라시아,버드와이저(무제한)
2023-04-30,9,4,Spring,1,0,1,미라시아,버드와이저(무제한)
2023-05-01,3,5,Spring,0,0,0,미라시아,버드와이저(무제한)
2023-05-02,34,5,Spring,0,0,0,미라시아,버드와이저(무제한)
2023-05-03,2,5,Spring,0,0,0,미라시아,버드와이저(무제한)
2023-05-04,0,5,Spring,0,0,0,미라시아,버드와이저(무제한)
2023-05-05,0,5,Spring,0,1,1,미라시아,버드와이저(무제한)
2023-05-06,0,5,Spring,1,0,1,미라시아,버드와이저(무제한)
2023-05-07,6,5,Spring,1,0,1,미라시아,버드와이저(무제한)
2023-05-08,0,5,Spring,0,0,0,미라시아,버드와이저(무제한)
2023-05-09,0,5,Spring,0,0,0,미라시아,버드와이저(무제한)
2023-05-10,1,5,Spring,0,0,0,미라시아,버드와이저(무제한)
2023-05-11,0,5,Spring,0,0,0,미라시아,버드와이저(무제한)
2023-05-12,0,5,Spring,0,0,0,미라시아,버드와이저(무제한)
2023-05-13,0,5,Spring,1,0,1,미라시아,버드와이저(무제한)
2023-05-14,0,5,Spring,1,0,1,미라시아,버드와이저(무제한)
2023-05-15,3,5,Spring,0,0,0,미라시아,버드와이저(무제한)
2023-05-16,2,5,Spring,0,0,0,미라시아,버드와이저(무제한)
2023-05-17,0,5,Spring,0,0,0,미라시아,버드와이저(무제한)
2023-05-18,0,5,Spring,0,0,0,미라시아,버드와이저(무제한)
2023-05-19,0,5,Spring,0,0,0,미라시아,버드와이저(무제한)
2023-05-20,0,5,Spring,1,0,1,미라시아,버드와이저(무제한)
2023-05-21,2,5,Spring,1,0,1,미라시아,버드와이저(무제한)
2023-05-22,0,5,Spring,0,0,0,미라시아,버드와이저(무제한)
2023-05-23,1,5,Spring,0,0,0,미라시아,버드와이저(무제한)
2023-05-24,0,5,Spring,0,0,0,미라시아,버드와이저(무제한)
2023-05-25,0,5,Spring,0,0,0,미라시아,버드와이저(무제한)
2023-05-26,0,5,Spring,0,0,0,미라시아,버드와이저(무제한)
2023-05-27,0,5,Spring,1,1,1,미라시아,버드와이저(무제한)
2023-05-28,0,5,Spring,1,0,1,미라시아,버드와이저(무제한)
2023-05-29,2,5,Spring,0,1,1,미라시아,버드와이저(무제한)
2023-05-30,2,5,Spring,0,0,0,미라시아,버드와이저(무제한)
2023-05-31,0,5,Spring,0,0,0,미라시아,버드와이저(무제한)
2023-06-01,5,6,Summer,0,0,0,미라시아,버드와이저(무제한)
2023-06-02,0,6,Summer,0,0,0,미라시아,버드와이저(무제한)
2023-06-03,7,6,Summer,1,0,1,미라시아,버드와이저(무제한)
2023-06-04,17,6,Summer,1,0,1,미라시아,버드와이저(무제한)
2023-06-05,7,6,Summer,0,0,0,미라시아,버드와이저(무제한)
2023-06-06,1,6,Summer,0,1,1,미라시아,버드와이저(무제한)
2023-06-07,6,6,Summer,0,0,0,미라시아,버드와이저(무제한)
2023-06-08,0,6,Summer,0,0,0,미라시아,버드와이저(무제한)
2023-06-09,4,6,Summer,0,0,0,미라시아,버드와이저(무제한)
2023-06-10,8,6,Summer,1,0,1,미라시아,버드와이저(무제한)
2023-06-11,4,6,Summer,1,0,1,미라시아,버드와이저(무제한)
2023-06-12,2,6,Summer,0,0,0,미라시아,버드와이저(무제한)
2023-06-13,0,6,Summer,0,0,0,미라시아,버드와이저(무제한)
2023-06-14,4,6,Summer,0,0,0,미라시아,버드와이저(무제한)
2023-06-15,3,6,Summer,0,0,0,미라시아,버드와이저(무제한)
2023-06-16,23,6,Summer,0,0,0,미라시아,버드와이저(무제한)
2023-06-17,13,6,Summer,1,0,1,미라시아,버드와이저(무제한)
2023-06-18,2,6,Summer,1,0,1,미라시아,버드와이저(무제한)
2023-06-19,6,6,Summer,0,0,0,미라시아,버드와이저(무제한)
2023-06-20,0,6,Summer,0,0,0,미라시아,버드와이저(무제한)
2023-06-21,1,6,Summer,0,0,0,미라시아,버드와이저(무제한)
2023-06-22,0,6,Summer,0,0,0,미라시아,버드와이저(무제한)
2023-06-23,3,6,Summer,0,0,0,미라시아,버드와이저(무제한)
2023-06-24,7,6,Summer,1,0,1,미라시아,버드와이저(무제한)
2023-06-25,4,6,Summer,1,0,1,미라시아,버드와이저(무제한)
2023-06-26,2,6,Summer,0,0,0,미라시아,버드와이저(무제한)
2023-06-27,0,6,Summer,0,0,0,미라시아,버드와이저(무제한)
2023-06-28,0,6,Summer,0,0,0,미라시아,버드와이저(무제한)
2023-06-29,1,6,Summer,0,0,0,미라시아,버드와이저(무제한)
2023-06-30,11,6,Summer,0,0,0,미라시아,버드와이저(무제한)
2023-07-01,20,7,Summer,1,0,1,미라시아,버드와이저(무제한)
2023-07-02,5,7,Summer,1,0,1,미라시아,버드와이저(무제한)
2023-07-03,6,7,Summer,0,0,0,미라시아,버드와이저(무제한)
2023-07-04,0,7,Summer,0,0,0,미라시아,버드와이저(무제한)
2023-07-05,5,7,Summer,0,0,0,미라시아,버드와이저(무제한)
2023-07-06,14,7,Summer,0,0,0,미라시아,버드와이저(무제한)
2023-07-07,1,7,Summer,0,0,0,미라시아,버드와이저(무제한)
2023-07-08,7,7,Summer,1,0,1,미라시아,버드와이저(무제한)
2023-07-09,2,7,Summer,1,0,1,미라시아,버드와이저(무제한)
2023-07-10,0,7,Summer,0,0,0,미라시아,버드와이저(무제한)
2023-07-11,0,7,Summer,0,0,0,미라시아,버드와이저(무제한)
2023-07-12,0,7,Summer,0,0,0,미라시아,버드와이저(무제한)
2023-07-13,0,7,Summer,0,0,0,미라시아,버드와이저(무제한)
2023-07-14,8,7,Summer,0,0,0,미라시아,버드와이저(무제한)
2023-07-15,30,7,Summer,1,0,1,미라시아,버드와이저(무제한)
2023-07-16,7,7,Summer,1,0,1,미라시아,버드와이저(무제한)
2023-07-17,5,7,Summer,0,0,0,미라시아,버드와이저(무제한)
2023-07-18,0,7,Summer,0,0,0,미라시아,버드와이저(무제한)
2023-07-19,1,7,Summer,0,0,0,미라시아,버드와이저(무제한)
2023-07-20,3,7,Summer,0,0,0,미라시아,버드와이저(무제한)
2023-07-21,10,7,Summer,0,0,0,미라시아,버드와이저(무제한)
2023-07-22,15,7,Summer,1,0,1,미라시아,버드와이저(무제한)
2023-07-23,8,7,Summer,1,0,1,미라시아,버드와이저(무제한)
2023-07-24,7,7,Summer,0,0,0,미라시아,버드와이저(무제한)
2023-07-25,5,7,Summer,0,0,0,미라시아,버드와이저(무제한)
2023-07-26,8,7,Summer,0,0,0,미라시아,버드와이저(무제한)
2023-07-27,9,7,Summer,0,0,0,미라시아,버드와이저(무제한)
2023-07-28,10,7,Summer,0,0,0,미라시아,버드와이저(무제한)
2023-07-29,23,7,Summer,1,0,1,미라시아,버드와이저(무제한)
2023-07-30,6,7,Summer,1,0,1,미라시아,버드와이저(무제한)
2023-07-31,13,7,Summer,0,0,0,미라시아,버드와이저(무제한)
2023-08-01,14,8,Summer,0,0,0,미라시아,버드와이저(무제한)
2023-08-02,5,8,Summer,0,0,0,미라시아,버드와이저(무제한)
2023-08-03,10,8,Summer,0,0,0,미라시아,버드와이저(무제한)
2023-08-04,32,8,Summer,0,0,0,미라시아,버드와이저(무제한)
2023-08-05,13,8,Summer,1,0,1,미라시아,버드와이저(무제한)
2023-08-06,18,8,Summer,1,0,1,미라시아,버드와이저(무제한)
2023-08-07,17,8,Summer,0,0,0,미라시아,버드와이저(무제한)
2023-08-08,15,8,Summer,0,0,0,미라시아,버드와이저(무제한)
2023-08-09,7,8,Summer,0,0,0,미라시아,버드와이저(무제한)
2023-08-10,23,8,Summer,0,0,0,미라시아,버드와이저(무제한)
2023-08-11,12,8,Summer,0,0,0,미라시아,버드와이저(무제한)
2023-08-12,14,8,Summer,1,0,1,미라시아,버드와이저(무제한)
2023-08-13,17,8,Summer,1,0,1,미라시아,버드와이저(무제한)
2023-08-14,11,8,Summer,0,0,0,미라시아,버드와이저(무제한)
2023-08-15,9,8,Summer,0,1,1,미라시아,버드와이저(무제한)
2023-08-16,2,8,Summer,0,0,0,미라시아,버드와이저(무제한)
2023-08-17,2,8,Summer,0,0,0,미라시아,버드와이저(무제한)
2023-08-18,6,8,Summer,0,0,0,미라시아,버드와이저(무제한)
2023-08-19,17,8,Summer,1,0,1,미라시아,버드와이저(무제한)
2023-08-20,1,8,Summer,1,0,1,미라시아,버드와이저(무제한)
2023-08-21,11,8,Summer,0,0,0,미라시아,버드와이저(무제한)
2023-08-22,4,8,Summer,0,0,0,미라시아,버드와이저(무제한)
2023-08-23,5,8,Summer,0,0,0,미라시아,버드와이저(무제한)
2023-08-24,0,8,Summer,0,0,0,미라시아,버드와이저(무제한)
2023-08-25,8,8,Summer,0,0,0,미라시아,버드와이저(무제한)
2023-08-26,19,8,Summer,1,0,1,미라시아,버드와이저(무제한)
2023-08-27,6,8,Summer,1,0,1,미라시아,버드와이저(무제한)
2023-08-28,4,8,Summer,0,0,0,미라시아,버드와이저(무제한)
2023-08-29,0,8,Summer,0,0,0,미라시아,버드와이저(무제한)
2023-08-30,4,8,Summer,0,0,0,미라시아,버드와이저(무제한)
2023-08-31,1,8,Summer,0,0,0,미라시아,버드와이저(무제한)
2023-09-01,5,9,Autumn,0,0,0,미라시아,버드와이저(무제한)
2023-09-02,20,9,Autumn,1,0,1,미라시아,버드와이저(무제한)
2023-09-03,6,9,Autumn,1,0,1,미라시아,버드와이저(무제한)
2023-09-04,5,9,Autumn,0,0,0,미라시아,버드와이저(무제한)
2023-09-05,6,9,Autumn,0,0,0,미라시아,버드와이저(무제한)
2023-09-06,0,9,Autumn,0,0,0,미라시아,버드와이저(무제한)
2023-09-07,14,9,Autumn,0,0,0,미라시아,버드와이저(무제한)
2023-09-08,15,9,Autumn,0,0,0,미라시아,버드와이저(무제한)
2023-09-09,11,9,Autumn,1,0,1,미라시아,버드와이저(무제한)
2023-09-10,16,9,Autumn,1,0,1,미라시아,버드와이저(무제한)
2023-09-11,0,9,Autumn,0,0,0,미라시아,버드와이저(무제한)
2023-09-12,8,9,Autumn,0,0,0,미라시아,버드와이저(무제한)
2023-09-13,6,9,Autumn,0,0,0,미라시아,버드와이저(무제한)
2023-09-14,2,9,Autumn,0,0,0,미라시아,버드와이저(무제한)
2023-09-15,15,9,Autumn,0,0,0,미라시아,버드와이저(무제한)
2023-09-16,14,9,Autumn,1,0,1,미라시아,버드와이저(무제한)
2023-09-17,11,9,Autumn,1,0,1,미라시아,버드와이저(무제한)
2023-09-18,7,9,Autumn,0,0,0,미라시아,버드와이저(무제한)
2023-09-19,0,9,Autumn,0,0,0,미라시아,버드와이저(무제한)
2023-09-20,0,9,Autumn,0,0,0,미라시아,버드와이저(무제한)
2023-09-21,0,9,Autumn,0,0,0,미라시아,버드와이저(무제한)
2023-09-22,9,9,Autumn,0,0,0,미라시아,버드와이저(무제한)
2023-09-23,7,9,Autumn,1,0,1,미라시아,버드와이저(무제한)
2023-09-24,3,9,Autumn,1,0,1,미라시아,버드와이저(무제한)
2023-09-25,5,9,Autumn,0,0,0,미라시아,버드와이저(무제한)
2023-09-26,0,9,Autumn,0,0,0,미라시아,버드와이저(무제한)
2023-09-27,5,9,Autumn,0,0,0,미라시아,버드와이저(무제한)
2023-09-28,27,9,Autumn,0,1,1,미라시아,버드와이저(무제한)
2023-09-29,14,9,Autumn,0,1,1,미라시아,버드와이저(무제한)
2023-09-30,8,9,Autumn,1,1,1,미라시아,버드와이저(무제한)
2023-10-01,10,10,Autumn,1,0,1,미라시아,버드와이저(무제한)
2023-10-02,12,10,Autumn,0,1,1,미라시아,버드와이저(무제한)
2023-10-03,9,10,Autumn,0,1,1,미라시아,버드와이저(무제한)
2023-10-04,0,10,Autumn,0,0,0,미라시아,버드와이저(무제한)
2023-10-05,2,10,Autumn,0,0,0,미라시아,버드와이저(무제한)
2023-10-06,2,10,Autumn,0,0,0,미라시아,버드와이저(무제한)
2023-10-07,16,10,Autumn,1,0,1,미라시아,버드와이저(무제한)
2023-10-08,22,10,Autumn,1,0,1,미라시아,버드와이저(무제한)
2023-10-09,6,10,Autumn,0,1,1,미라시아,버드와이저(무제한)
2023-10-10,4,10,Autumn,0,0,0,미라시아,버드와이저(무제한)
2023-10-11,5,10,Autumn,0,0,0,미라시아,버드와이저(무제한)
2023-10-12,6,10,Autumn,0,0,0,미라시아,버드와이저(무제한)
2023-10-13,9,10,Autumn,0,0,0,미라시아,버드와이저(무제한)
2023-10-14,17,10,Autumn,1,0,1,미라시아,버드와이저(무제한)
2023-10-15,28,10,Autumn,1,0,1,미라시아,버드와이저(무제한)
2023-10-16,7,10,Autumn,0,0,0,미라시아,버드와이저(무제한)
2023-10-17,6,10,Autumn,0,0,0,미라시아,버드와이저(무제한)
2023-10-18,1,10,Autumn,0,0,0,미라시아,버드와이저(무제한)
2023-10-19,2,10,Autumn,0,0,0,미라시아,버드와이저(무제한)
2023-10-20,7,10,Autumn,0,0,0,미라시아,버드와이저(무제한)
2023-10-21,18,10,Autumn,1,0,1,미라시아,버드와이저(무제한)
2023-10-22,9,10,Autumn,1,0,1,미라시아,버드와이저(무제한)
2023-10-23,4,10,Autumn,0,0,0,미라시아,버드와이저(무제한)
2023-10-24,5,10,Autumn,0,0,0,미라시아,버드와이저(무제한)
2023-10-25,6,10,Autumn,0,0,0,미라시아,버드와이저(무제한)
2023-10-26,11,10,Autumn,0,0,0,미라시아,버드와이저(무제한)
2023-10-27,7,10,Autumn,0,0,0,미라시아,버드와이저(무제한)
2023-10-28,15,10,Autumn,1,0,1,미라시아,버드와이저(무제한)
2023-10-29,5,10,Autumn,1,0,1,미라시아,버드와이저(무제한)
2023-10-30,4,10,Autumn,0,0,0,미라시아,버드와이저(무제한)
2023-10-31,7,10,Autumn,0,0,0,미라시아,버드와이저(무제한)
2023-11-01,2,11,Autumn,0,0,0,미라시아,버드와이저(무제한)
2023-11-02,0,11,Autumn,0,0,0,미라시아,버드와이저(무제한)
2023-11-03,20,11,Autumn,0,0,0,미라시아,버드와이저(무제한)
2023-11-04,13,11,Autumn,1,0,1,미라시아,버드와이저(무제한)
2023-11-05,3,11,Autumn,1,0,1,미라시아,버드와이저(무제한)
2023-11-06,9,11,Autumn,0,0,0,미라시아,버드와이저(무제한)
2023-11-07,4,11,Autumn,0,0,0,미라시아,버드와이저(무제한)
2023-11-08,5,11,Autumn,0,0,0,미라시아,버드와이저(무제한)
2023-11-09,5,11,Autumn,0,0,0,미라시아,버드와이저(무제한)
2023-11-10,12,11,Autumn,0,0,0,미라시아,버드와이저(무제한)
2023-11-11,16,11,Autumn,1,0,1,미라시아,버드와이저(무제한)
2023-11-12,7,11,Autumn,1,0,1,미라시아,버드와이저(무제한)
2023-11-13,12,11,Autumn,0,0,0,미라시아,버드와이저(무제한)
2023-11-14,7,11,Autumn,0,0,0,미라시아,버드와이저(무제한)
2023-11-15,6,11,Autumn,0,0,0,미라시아,버드와이저(무제한)
2023-11-16,3,11,Autumn,0,0,0,미라시아,버드와이저(무제한)
2023-11-17,4,11,Autumn,0,0,0,미라시아,버드와이저(무제한)
2023-11-18,17,11,Autumn,1,0,1,미라시아,버드와이저(무제한)
2023-11-19,11,11,Autumn,1,0,1,미라시아,버드와이저(무제한)
2023-11-20,2,11,Autumn,0,0,0,미라시아,버드와이저(무제한)
2023-11-21,7,11,Autumn,0,0,0,미라시아,버드와이저(무제한)
2023-11-22,4,11,Autumn,0,0,0,미라시아,버드와이저(무제한)
2023-11-23,2,11,Autumn,0,0,0,미라시아,버드와이저(무제한)
2023-11-24,21,11,Autumn,0,0,0,미라시아,버드와이저(무제한)
2023-11-25,11,11,Autumn,1,0,1,미라시아,버드와이저(무제한)
2023-11-26,6,11,Autumn,1,0,1,미라시아,버드와이저(무제한)
2023-11-27,3,11,Autumn,0,0,0,미라시아,버드와이저(무제한)
2023-11-28,0,11,Autumn,0,0,0,미라시아,버드와이저(무제한)
2023-11-29,1,11,Autumn,0,0,0,미라시아,버드와이저(무제한)
2023-11-30,5,11,Autumn,0,0,0,미라시아,버드와이저(무제한)
2023-12-01,11,12,Winter,0,0,0,미라시아,버드와이저(무제한)
2023-12-02,14,12,Winter,1,0,1,미라시아,버드와이저(무제한)
2023-12-03,0,12,Winter,1,0,1,미라시아,버드와이저(무제한)
2023-12-04,4,12,Winter,0,0,0,미라시아,버드와이저(무제한)
2023-12-05,5,12,Winter,0,0,0,미라시아,버드와이저(무제한)
2023-12-06,0,12,Winter,0,0,0,미라시아,버드와이저(무제한)
2023-12-07,0,12,Winter,0,0,0,미라시아,버드와이저(무제한)
2023-12-08,21,12,Winter,0,0,0,미라시아,버드와이저(무제한)
2023-12-09,12,12,Winter,1,0,1,미라시아,버드와이저(무제한)
2023-12-10,7,12,Winter,1,0,1,미라시아,버드와이저(무제한)
2023-12-11,3,12,Winter,0,0,0,미라시아,버드와이저(무제한)
2023-12-12,0,12,Winter,0,0,0,미라시아,버드와이저(무제한)
2023-12-13,1,12,Winter,0,0,0,미라시아,버드와이저(무제한)
2023-12-14,4,12,Winter,0,0,0,미라시아,버드와이저(무제한)
2023-12-15,1,12,Winter,0,0,0,미라시아,버드와이저(무제한)
2023-12-16,9,12,Winter,1,0,1,미라시아,버드와이저(무제한)
2023-12-17,13,12,Winter,1,0,1,미라시아,버드와이저(무제한)
2023-12-18,0,12,Winter,0,0,0,미라시아,버드와이저(무제한)
2023-12-19,3,12,Winter,0,0,0,미라시아,버드와이저(무제한)
2023-12-20,1,12,Winter,0,0,0,미라시아,버드와이저(무제한)
2023-12-21,3,12,Winter,0,0,0,미라시아,버드와이저(무제한)
2023-12-22,5,12,Winter,0,0,0,미라시아,버드와이저(무제한)
2023-12-23,18,12,Winter,1,0,1,미라시아,버드와이저(무제한)
2023-12-24,11,12,Winter,1,0,1,미라시아,버드와이저(무제한)
2023-12-25,14,12,Winter,0,1,1,미라시아,버드와이저(무제한)
2023-12-26,7,12,Winter,0,0,0,미라시아,버드와이저(무제한)
2023-12-27,8,12,Winter,0,0,0,미라시아,버드와이저(무제한)
2023-12-28,4,12,Winter,0,0,0,미라시아,버드와이저(무제한)
2023-12-29,8,12,Winter,0,0,0,미라시아,버드와이저(무제한)
2023-12-30,14,12,Winter,1,0,1,미라시아,버드와이저(무제한)
2023-12-31,10,12,Winter,1,0,1,미라시아,버드와이저(무제한)
2024-01-01,10,1,Winter,0,1,1,미라시아,버드와이저(무제한)
2024-01-02,9,1,Winter,0,0,0,미라시아,버드와이저(무제한)
2024-01-03,3,1,Winter,0,0,0,미라시아,버드와이저(무제한)
2024-01-04,10,1,Winter,0,0,0,미라시아,버드와이저(무제한)
2024-01-05,9,1,Winter,0,0,0,미라시아,버드와이저(무제한)
2024-01-06,9,1,Winter,1,0,1,미라시아,버드와이저(무제한)
2024-01-07,1,1,Winter,1,0,1,미라시아,버드와이저(무제한)
2024-01-08,2,1,Winter,0,0,0,미라시아,버드와이저(무제한)
2024-01-09,3,1,Winter,0,0,0,미라시아,버드와이저(무제한)
2024-01-10,9,1,Winter,0,0,0,미라시아,버드와이저(무제한)
2024-01-11,2,1,Winter,0,0,0,미라시아,버드와이저(무제한)
2024-01-12,4,1,Winter,0,0,0,미라시아,버드와이저(무제한)
2024-01-13,11,1,Winter,1,0,1,미라시아,버드와이저(무제한)
2024-01-14,4,1,Winter,1,0,1,미라시아,버드와이저(무제한)
2024-01-15,6,1,Winter,0,0,0,미라시아,버드와이저(무제한)
2024-01-16,6,1,Winter,0,0,0,미라시아,버드와이저(무제한)
2024-01-17,14,1,Winter,0,0,0,미라시아,버드와이저(무제한)
2024-01-18,2,1,Winter,0,0,0,미라시아,버드와이저(무제한)
2024-01-19,1,1,Winter,0,0,0,미라시아,버드와이저(무제한)
2024-01-20,10,1,Winter,1,0,1,미라시아,버드와이저(무제한)
2024-01-21,7,1,Winter,1,0,1,미라시아,버드와이저(무제한)
2024-01-22,1,1,Winter,0,0,0,미라시아,버드와이저(무제한)
2024-01-23,6,1,Winter,0,0,0,미라시아,버드와이저(무제한)
2024-01-24,4,1,Winter,0,0,0,미라시아,버드와이저(무제한)
2024-01-25,7,1,Winter,0,0,0,미라시아,버드와이저(무제한)
2024-01-26,6,1,Winter,0,0,0,미라시아,버드와이저(무제한)
2024-01-27,6,1,Winter,1,0,1,미라시아,버드와이저(무제한)
2024-01-28,4,1,Winter,1,0,1,미라시아,버드와이저(무제한)
2024-01-29,3,1,Winter,0,0,0,미라시아,버드와이저(무제한)
2024-01-30,6,1,Winter,0,0,0,미라시아,버드와이저(무제한)
2024-01-31,5,1,Winter,0,0,0,미라시아,버드와이저(무제한)
2024-02-01,1,2,Winter,0,0,0,미라시아,버드와이저(무제한)
2024-02-02,0,2,Winter,0,0,0,미라시아,버드와이저(무제한)
2024-02-03,6,2,Winter,1,0,1,미라시아,버드와이저(무제한)
2024-02-04,10,2,Winter,1,0,1,미라시아,버드와이저(무제한)
2024-02-05,6,2,Winter,0,0,0,미라시아,버드와이저(무제한)
2024-02-06,6,2,Winter,0,0,0,미라시아,버드와이저(무제한)
2024-02-07,0,2,Winter,0,0,0,미라시아,버드와이저(무제한)
2024-02-08,12,2,Winter,0,0,0,미라시아,버드와이저(무제한)
2024-02-09,9,2,Winter,0,1,1,미라시아,버드와이저(무제한)
2024-02-10,10,2,Winter,1,1,1,미라시아,버드와이저(무제한)
2024-02-11,12,2,Winter,1,1,1,미라시아,버드와이저(무제한)
2024-02-12,4,2,Winter,0,1,1,미라시아,버드와이저(무제한)
2024-02-13,1,2,Winter,0,0,0,미라시아,버드와이저(무제한)
2024-02-14,1,2,Winter,0,0,0,미라시아,버드와이저(무제한)
2024-02-15,2,2,Winter,0,0,0,미라시아,버드와이저(무제한)
2024-02-16,3,2,Winter,0,0,0,미라시아,버드와이저(무제한)
2024-02-17,10,2,Winter,1,0,1,미라시아,버드와이저(무제한)
2024-02-18,6,2,Winter,1,0,1,미라시아,버드와이저(무제한)
2024-02-19,2,2,Winter,0,0,0,미라시아,버드와이저(무제한)
2024-02-20,2,2,Winter,0,0,0,미라시아,버드와이저(무제한)
2024-02-21,0,2,Winter,0,0,0,미라시아,버드와이저(무제한)
2024-02-22,2,2,Winter,0,0,0,미라시아,버드와이저(무제한)
2024-02-23,3,2,Winter,0,0,0,미라시아,버드와이저(무제한)
2024-02-24,8,2,Winter,1,0,1,미라시아,버드와이저(무제한)
2024-02-25,11,2,Winter,1,0,1,미라시아,버드와이저(무제한)
2024-02-26,9,2,Winter,0,0,0,미라시아,버드와이저(무제한)
2024-02-27,0,2,Winter,0,0,0,미라시아,버드와이저(무제한)
2024-02-28,1,2,Winter,0,0,0,미라시아,버드와이저(무제한)
2024-02-29,9,2,Winter,0,0,0,미라시아,버드와이저(무제한)
2024-03-01,9,3,Spring,0,1,1,미라시아,버드와이저(무제한)
2024-03-02,24,3,Spring,1,0,1,미라시아,버드와이저(무제한)
2024-03-03,0,3,Spring,1,0,1,미라시아,버드와이저(무제한)
2024-03-04,0,3,Spring,0,0,0,미라시아,버드와이저(무제한)
2024-03-05,0,3,Spring,0,0,0,미라시아,버드와이저(무제한)
2024-03-06,0,3,Spring,0,0,0,미라시아,버드와이저(무제한)
2024-03-07,0,3,Spring,0,0,0,미라시아,버드와이저(무제한)
2024-03-08,0,3,Spring,0,0,0,미라시아,버드와이저(무제한)
2024-03-09,0,3,Spring,1,0,1,미라시아,버드와이저(무제한)
2024-03-10,0,3,Spring,1,0,1,미라시아,버드와이저(무제한)
2024-03-11,0,3,Spring,0,0,0,미라시아,버드와이저(무제한)
2024-03-12,0,3,Spring,0,0,0,미라시아,버드와이저(무제한)
2024-03-13,0,3,Spring,0,0,0,미라시아,버드와이저(무제한)
2024-03-14,1,3,Spring,0,0,0,미라시아,버드와이저(무제한)
2024-03-15,3,3,Spring,0,0,0,미라시아,버드와이저(무제한)
2024-03-16,9,3,Spring,1,0,1,미라시아,버드와이저(무제한)
2024-03-17,0,3,Spring,1,0,1,미라시아,버드와이저(무제한)
2024-03-18,0,3,Spring,0,0,0,미라시아,버드와이저(무제한)
2024-03-19,0,3,Spring,0,0,0,미라시아,버드와이저(무제한)
2024-03-20,0,3,Spring,0,0,0,미라시아,버드와이저(무제한)
2024-03-21,0,3,Spring,0,0,0,미라시아,버드와이저(무제한)
2024-03-22,3,3,Spring,0,0,0,미라시아,버드와이저(무제한)
2024-03-23,11,3,Spring,1,0,1,미라시아,버드와이저(무제한)
2024-03-24,2,3,Spring,1,0,1,미라시아,버드와이저(무제한)
2024-03-25,2,3,Spring,0,0,0,미라시아,버드와이저(무제한)
2024-03-26,0,3,Spring,0,0,0,미라시아,버드와이저(무제한)
2024-03-27,2,3,Spring,0,0,0,미라시아,버드와이저(무제한)
2024-03-28,4,3,Spring,0,0,0,미라시아,버드와이저(무제한)
2024-03-29,2,3,Spring,0,0,0,미라시아,버드와이저(무제한)
2024-03-30,6,3,Spring,1,0,1,미라시아,버드와이저(무제한)
2024-03-31,5,3,Spring,1,0,1,미라시아,버드와이저(무제한)
2024-04-01,0,4,Spring,0,0,0,미라시아,버드와이저(무제한)
2024-04-02,0,4,Spring,0,0,0,미라시아,버드와이저(무제한)
2024-04-03,3,4,Spring,0,0,0,미라시아,버드와이저(무제한)
2024-04-04,0,4,Spring,0,0,0,미라시아,버드와이저(무제한)
2024-04-05,19,4,Spring,0,0,0,미라시아,버드와이저(무제한)
2024-04-06,19,4,Spring,1,0,1,미라시아,버드와이저(무제한)
2024-04-07,5,4,Spring,1,0,1,미라시아,버드와이저(무제한)
2024-04-08,0,4,Spring,0,0,0,미라시아,버드와이저(무제한)
2024-04-09,4,4,Spring,0,0,0,미라시아,버드와이저(무제한)
2024-04-10,8,4,Spring,0,1,1,미라시아,버드와이저(무제한)
2024-04-11,7,4,Spring,0,0,0,미라시아,버드와이저(무제한)
2024-04-12,7,4,Spring,0,0,0,미라시아,버드와이저(무제한)
2024-04-13,24,4,Spring,1,0,1,미라시아,버드와이저(무제한)
2024-04-14,6,4,Spring,1,0,1,미라시아,버드와이저(무제한)
2024-04-15,9,4,Spring,0,0,0,미라시아,버드와이저(무제한)
2024-04-16,5,4,Spring,0,0,0,미라시아,버드와이저(무제한)
2024-04-17,6,4,Spring,0,0,0,미라시아,버드와이저(무제한)
2024-04-18,2,4,Spring,0,0,0,미라시아,버드와이저(무제한)
2024-04-19,10,4,Spring,0,0,0,미라시아,버드와이저(무제한)
2024-04-20,5,4,Spring,1,0,1,미라시아,버드와이저(무제한)
2024-04-21,1,4,Spring,1,0,1,미라시아,버드와이저(무제한)
2024-04-22,0,4,Spring,0,0,0,미라시아,버드와이저(무제한)
2024-04-23,0,4,Spring,0,0,0,미라시아,버드와이저(무제한)
2024-04-24,0,4,Spring,0,0,0,미라시아,버드와이저(무제한)
2024-04-25,1,4,Spring,0,0,0,미라시아,버드와이저(무제한)
2024-04-26,8,4,Spring,0,0,0,미라시아,버드와이저(무제한)
2024-04-27,8,4,Spring,1,0,1,미라시아,버드와이저(무제한)
2024-04-28,4,4,Spring,1,0,1,미라시아,버드와이저(무제한)
2024-04-29,4,4,Spring,0,0,0,미라시아,버드와이저(무제한)
2024-04-30,6,4,Spring,0,0,0,미라시아,버드와이저(무제한)
2024-05-01,2,5,Spring,0,0,0,미라시아,버드와이저(무제한)
2024-05-02,2,5,Spring,0,0,0,미라시아,버드와이저(무제한)
2024-05-03,3,5,Spring,0,0,0,미라시아,버드와이저(무제한)
2024-05-04,4,5,Spring,1,0,1,미라시아,버드와이저(무제한)
2024-05-05,14,5,Spring,1,1,1,미라시아,버드와이저(무제한)
2024-05-06,2,5,Spring,0,1,1,미라시아,버드와이저(무제한)
2024-05-07,7,5,Spring,0,0,0,미라시아,버드와이저(무제한)
2024-05-08,4,5,Spring,0,0,0,미라시아,버드와이저(무제한)
2024-05-09,1,5,Spring,0,0,0,미라시아,버드와이저(무제한)
2024-05-10,1,5,Spring,0,0,0,미라시아,버드와이저(무제한)
2024-05-11,8,5,Spring,1,0,1,미라시아,버드와이저(무제한)
2024-05-12,5,5,Spring,1,0,1,미라시아,버드와이저(무제한)
2024-05-13,0,5,Spring,0,0,0,미라시아,버드와이저(무제한)
2024-05-14,7,5,Spring,0,0,0,미라시아,버드와이저(무제한)
2024-05-15,1,5,Spring,0,1,1,미라시아,버드와이저(무제한)
2024-05-16,2,5,Spring,0,0,0,미라시아,버드와이저(무제한)
2024-05-17,1,5,Spring,0,0,0,미라시아,버드와이저(무제한)
2024-05-18,25,5,Spring,1,0,1,미라시아,버드와이저(무제한)
2024-05-19,3,5,Spring,1,0,1,미라시아,버드와이저(무제한)
2024-05-20,3,5,Spring,0,0,0,미라시아,버드와이저(무제한)
2024-05-21,1,5,Spring,0,0,0,미라시아,버드와이저(무제한)
2024-05-22,0,5,Spring,0,0,0,미라시아,버드와이저(무제한)
2024-05-23,2,5,Spring,0,0,0,미라시아,버드와이저(무제한)
2024-05-24,5,5,Spring,0,0,0,미라시아,버드와이저(무제한)
2024-05-25,15,5,Spring,1,0,1,미라시아,버드와이저(무제한)
2024-05-26,2,5,Spring,1,0,1,미라시아,버드와이저(무제한)
2024-05-27,0,5,Spring,0,0,0,미라시아,버드와이저(무제한)
2024-05-28,2,5,Spring,0,0,0,미라시아,버드와이저(무제한)
2024-05-29,0,5,Spring,0,0,0,미라시아,버드와이저(무제한)
2024-05-30,0,5,Spring,0,0,0,미라시아,버드와이저(무제한)
2024-05-31,0,5,Spring,0,0,0,미라시아,버드와이저(무제한)
2024-06-01,20,6,Summer,1,0,1,미라시아,버드와이저(무제한)
2024-06-02,3,6,Summer,1,0,1,미라시아,버드와이저(무제한)
2024-06-03,1,6,Summer,0,0,0,미라시아,버드와이저(무제한)
2024-06-04,3,6,Summer,0,0,0,미라시아,버드와이저(무제한)
2024-06-05,3,6,Summer,0,0,0,미라시아,버드와이저(무제한)
2024-06-06,7,6,Summer,0,1,1,미라시아,버드와이저(무제한)
2024-06-07,3,6,Summer,0,0,0,미라시아,버드와이저(무제한)
2024-06-08,11,6,Summer,1,0,1,미라시아,버드와이저(무제한)
2024-06-09,1,6,Summer,1,0,1,미라시아,버드와이저(무제한)
2024-06-10,2,6,Summer,0,0,0,미라시아,버드와이저(무제한)
2024-06-11,2,6,Summer,0,0,0,미라시아,버드와이저(무제한)
2024-06-12,4,6,Summer,0,0,0,미라시아,버드와이저(무제한)
2024-06-13,0,6,Summer,0,0,0,미라시아,버드와이저(무제한)
2024-06-14,0,6,Summer,0,0,0,미라시아,버드와이저(무제한)
2024-06-15,7,6,Summer,1,0,1,미라시아,버드와이저(무제한)
2023-01-01,0,1,Winter,1,1,1,미라시아,보일링 랍스타 플래터
2023-01-02,0,1,Winter,0,0,0,미라시아,보일링 랍스타 플래터
2023-01-03,0,1,Winter,0,0,0,미라시아,보일링 랍스타 플래터
2023-01-04,0,1,Winter,0,0,0,미라시아,보일링 랍스타 플래터
2023-01-05,0,1,Winter,0,0,0,미라시아,보일링 랍스타 플래터
2023-01-06,0,1,Winter,0,0,0,미라시아,보일링 랍스타 플래터
2023-01-07,0,1,Winter,1,0,1,미라시아,보일링 랍스타 플래터
2023-01-08,0,1,Winter,1,0,1,미라시아,보일링 랍스타 플래터
2023-01-09,0,1,Winter,0,0,0,미라시아,보일링 랍스타 플래터
2023-01-10,0,1,Winter,0,0,0,미라시아,보일링 랍스타 플래터
2023-01-11,0,1,Winter,0,0,0,미라시아,보일링 랍스타 플래터
2023-01-12,0,1,Winter,0,0,0,미라시아,보일링 랍스타 플래터
2023-01-13,0,1,Winter,0,0,0,미라시아,보일링 랍스타 플래터
2023-01-14,0,1,Winter,1,0,1,미라시아,보일링 랍스타 플래터
2023-01-15,0,1,Winter,1,0,1,미라시아,보일링 랍스타 플래터
2023-01-16,0,1,Winter,0,0,0,미라시아,보일링 랍스타 플래터
2023-01-17,0,1,Winter,0,0,0,미라시아,보일링 랍스타 플래터
2023-01-18,0,1,Winter,0,0,0,미라시아,보일링 랍스타 플래터
2023-01-19,0,1,Winter,0,0,0,미라시아,보일링 랍스타 플래터
2023-01-20,0,1,Winter,0,0,0,미라시아,보일링 랍스타 플래터
2023-01-21,0,1,Winter,1,1,1,미라시아,보일링 랍스타 플래터
2023-01-22,0,1,Winter,1,1,1,미라시아,보일링 랍스타 플래터
2023-01-23,0,1,Winter,0,1,1,미라시아,보일링 랍스타 플래터
2023-01-24,0,1,Winter,0,1,1,미라시아,보일링 랍스타 플래터
2023-01-25,0,1,Winter,0,0,0,미라시아,보일링 랍스타 플래터
2023-01-26,0,1,Winter,0,0,0,미라시아,보일링 랍스타 플래터
2023-01-27,0,1,Winter,0,0,0,미라시아,보일링 랍스타 플래터
2023-01-28,0,1,Winter,1,0,1,미라시아,보일링 랍스타 플래터
2023-01-29,0,1,Winter,1,0,1,미라시아,보일링 랍스타 플래터
2023-01-30,0,1,Winter,0,0,0,미라시아,보일링 랍스타 플래터
2023-01-31,0,1,Winter,0,0,0,미라시아,보일링 랍스타 플래터
2023-02-01,0,2,Winter,0,0,0,미라시아,보일링 랍스타 플래터
2023-02-02,0,2,Winter,0,0,0,미라시아,보일링 랍스타 플래터
2023-02-03,0,2,Winter,0,0,0,미라시아,보일링 랍스타 플래터
2023-02-04,0,2,Winter,1,0,1,미라시아,보일링 랍스타 플래터
2023-02-05,0,2,Winter,1,0,1,미라시아,보일링 랍스타 플래터
2023-02-06,0,2,Winter,0,0,0,미라시아,보일링 랍스타 플래터
2023-02-07,0,2,Winter,0,0,0,미라시아,보일링 랍스타 플래터
2023-02-08,0,2,Winter,0,0,0,미라시아,보일링 랍스타 플래터
2023-02-09,0,2,Winter,0,0,0,미라시아,보일링 랍스타 플래터
2023-02-10,0,2,Winter,0,0,0,미라시아,보일링 랍스타 플래터
2023-02-11,0,2,Winter,1,0,1,미라시아,보일링 랍스타 플래터
2023-02-12,0,2,Winter,1,0,1,미라시아,보일링 랍스타 플래터
2023-02-13,0,2,Winter,0,0,0,미라시아,보일링 랍스타 플래터
2023-02-14,0,2,Winter,0,0,0,미라시아,보일링 랍스타 플래터
2023-02-15,0,2,Winter,0,0,0,미라시아,보일링 랍스타 플래터
2023-02-16,0,2,Winter,0,0,0,미라시아,보일링 랍스타 플래터
2023-02-17,0,2,Winter,0,0,0,미라시아,보일링 랍스타 플래터
2023-02-18,0,2,Winter,1,0,1,미라시아,보일링 랍스타 플래터
2023-02-19,0,2,Winter,1,0,1,미라시아,보일링 랍스타 플래터
2023-02-20,0,2,Winter,0,0,0,미라시아,보일링 랍스타 플래터
2023-02-21,0,2,Winter,0,0,0,미라시아,보일링 랍스타 플래터
2023-02-22,0,2,Winter,0,0,0,미라시아,보일링 랍스타 플래터
2023-02-23,0,2,Winter,0,0,0,미라시아,보일링 랍스타 플래터
2023-02-24,0,2,Winter,0,0,0,미라시아,보일링 랍스타 플래터
2023-02-25,0,2,Winter,1,0,1,미라시아,보일링 랍스타 플래터
2023-02-26,0,2,Winter,1,0,1,미라시아,보일링 랍스타 플래터
2023-02-27,0,2,Winter,0,0,0,미라시아,보일링 랍스타 플래터
2023-02-28,0,2,Winter,0,0,0,미라시아,보일링 랍스타 플래터
2023-03-01,0,3,Spring,0,1,1,미라시아,보일링 랍스타 플래터
2023-03-02,0,3,Spring,0,0,0,미라시아,보일링 랍스타 플래터
2023-03-03,0,3,Spring,0,0,0,미라시아,보일링 랍스타 플래터
2023-03-04,0,3,Spring,1,0,1,미라시아,보일링 랍스타 플래터
2023-03-05,0,3,Spring,1,0,1,미라시아,보일링 랍스타 플래터
2023-03-06,0,3,Spring,0,0,0,미라시아,보일링 랍스타 플래터
2023-03-07,0,3,Spring,0,0,0,미라시아,보일링 랍스타 플래터
2023-03-08,0,3,Spring,0,0,0,미라시아,보일링 랍스타 플래터
2023-03-09,0,3,Spring,0,0,0,미라시아,보일링 랍스타 플래터
2023-03-10,0,3,Spring,0,0,0,미라시아,보일링 랍스타 플래터
2023-03-11,0,3,Spring,1,0,1,미라시아,보일링 랍스타 플래터
2023-03-12,0,3,Spring,1,0,1,미라시아,보일링 랍스타 플래터
2023-03-13,0,3,Spring,0,0,0,미라시아,보일링 랍스타 플래터
2023-03-14,0,3,Spring,0,0,0,미라시아,보일링 랍스타 플래터
2023-03-15,0,3,Spring,0,0,0,미라시아,보일링 랍스타 플래터
2023-03-16,0,3,Spring,0,0,0,미라시아,보일링 랍스타 플래터
2023-03-17,0,3,Spring,0,0,0,미라시아,보일링 랍스타 플래터
2023-03-18,0,3,Spring,1,0,1,미라시아,보일링 랍스타 플래터
2023-03-19,0,3,Spring,1,0,1,미라시아,보일링 랍스타 플래터
2023-03-20,0,3,Spring,0,0,0,미라시아,보일링 랍스타 플래터
2023-03-21,0,3,Spring,0,0,0,미라시아,보일링 랍스타 플래터
2023-03-22,0,3,Spring,0,0,0,미라시아,보일링 랍스타 플래터
2023-03-23,0,3,Spring,0,0,0,미라시아,보일링 랍스타 플래터
2023-03-24,0,3,Spring,0,0,0,미라시아,보일링 랍스타 플래터
2023-03-25,0,3,Spring,1,0,1,미라시아,보일링 랍스타 플래터
2023-03-26,0,3,Spring,1,0,1,미라시아,보일링 랍스타 플래터
2023-03-27,0,3,Spring,0,0,0,미라시아,보일링 랍스타 플래터
2023-03-28,0,3,Spring,0,0,0,미라시아,보일링 랍스타 플래터
2023-03-29,0,3,Spring,0,0,0,미라시아,보일링 랍스타 플래터
2023-03-30,0,3,Spring,0,0,0,미라시아,보일링 랍스타 플래터
2023-03-31,0,3,Spring,0,0,0,미라시아,보일링 랍스타 플래터
2023-04-01,0,4,Spring,1,0,1,미라시아,보일링 랍스타 플래터
2023-04-02,0,4,Spring,1,0,1,미라시아,보일링 랍스타 플래터
2023-04-03,0,4,Spring,0,0,0,미라시아,보일링 랍스타 플래터
2023-04-04,0,4,Spring,0,0,0,미라시아,보일링 랍스타 플래터
2023-04-05,0,4,Spring,0,0,0,미라시아,보일링 랍스타 플래터
2023-04-06,0,4,Spring,0,0,0,미라시아,보일링 랍스타 플래터
2023-04-07,0,4,Spring,0,0,0,미라시아,보일링 랍스타 플래터
2023-04-08,0,4,Spring,1,0,1,미라시아,보일링 랍스타 플래터
2023-04-09,0,4,Spring,1,0,1,미라시아,보일링 랍스타 플래터
2023-04-10,0,4,Spring,0,0,0,미라시아,보일링 랍스타 플래터
2023-04-11,0,4,Spring,0,0,0,미라시아,보일링 랍스타 플래터
2023-04-12,0,4,Spring,0,0,0,미라시아,보일링 랍스타 플래터
2023-04-13,0,4,Spring,0,0,0,미라시아,보일링 랍스타 플래터
2023-04-14,0,4,Spring,0,0,0,미라시아,보일링 랍스타 플래터
2023-04-15,0,4,Spring,1,0,1,미라시아,보일링 랍스타 플래터
2023-04-16,0,4,Spring,1,0,1,미라시아,보일링 랍스타 플래터
2023-04-17,0,4,Spring,0,0,0,미라시아,보일링 랍스타 플래터
2023-04-18,0,4,Spring,0,0,0,미라시아,보일링 랍스타 플래터
2023-04-19,0,4,Spring,0,0,0,미라시아,보일링 랍스타 플래터
2023-04-20,0,4,Spring,0,0,0,미라시아,보일링 랍스타 플래터
2023-04-21,0,4,Spring,0,0,0,미라시아,보일링 랍스타 플래터
2023-04-22,0,4,Spring,1,0,1,미라시아,보일링 랍스타 플래터
2023-04-23,0,4,Spring,1,0,1,미라시아,보일링 랍스타 플래터
2023-04-24,0,4,Spring,0,0,0,미라시아,보일링 랍스타 플래터
2023-04-25,0,4,Spring,0,0,0,미라시아,보일링 랍스타 플래터
2023-04-26,0,4,Spring,0,0,0,미라시아,보일링 랍스타 플래터
2023-04-27,0,4,Spring,0,0,0,미라시아,보일링 랍스타 플래터
2023-04-28,0,4,Spring,0,0,0,미라시아,보일링 랍스타 플래터
2023-04-29,0,4,Spring,1,0,1,미라시아,보일링 랍스타 플래터
2023-04-30,0,4,Spring,1,0,1,미라시아,보일링 랍스타 플래터
2023-05-01,0,5,Spring,0,0,0,미라시아,보일링 랍스타 플래터
2023-05-02,0,5,Spring,0,0,0,미라시아,보일링 랍스타 플래터
2023-05-03,0,5,Spring,0,0,0,미라시아,보일링 랍스타 플래터
2023-05-04,0,5,Spring,0,0,0,미라시아,보일링 랍스타 플래터
2023-05-05,0,5,Spring,0,1,1,미라시아,보일링 랍스타 플래터
2023-05-06,0,5,Spring,1,0,1,미라시아,보일링 랍스타 플래터
2023-05-07,0,5,Spring,1,0,1,미라시아,보일링 랍스타 플래터
2023-05-08,0,5,Spring,0,0,0,미라시아,보일링 랍스타 플래터
2023-05-09,0,5,Spring,0,0,0,미라시아,보일링 랍스타 플래터
2023-05-10,0,5,Spring,0,0,0,미라시아,보일링 랍스타 플래터
2023-05-11,0,5,Spring,0,0,0,미라시아,보일링 랍스타 플래터
2023-05-12,0,5,Spring,0,0,0,미라시아,보일링 랍스타 플래터
2023-05-13,0,5,Spring,1,0,1,미라시아,보일링 랍스타 플래터
2023-05-14,0,5,Spring,1,0,1,미라시아,보일링 랍스타 플래터
2023-05-15,0,5,Spring,0,0,0,미라시아,보일링 랍스타 플래터
2023-05-16,0,5,Spring,0,0,0,미라시아,보일링 랍스타 플래터
2023-05-17,0,5,Spring,0,0,0,미라시아,보일링 랍스타 플래터
2023-05-18,0,5,Spring,0,0,0,미라시아,보일링 랍스타 플래터
2023-05-19,0,5,Spring,0,0,0,미라시아,보일링 랍스타 플래터
2023-05-20,0,5,Spring,1,0,1,미라시아,보일링 랍스타 플래터
2023-05-21,0,5,Spring,1,0,1,미라시아,보일링 랍스타 플래터
2023-05-22,0,5,Spring,0,0,0,미라시아,보일링 랍스타 플래터
2023-05-23,0,5,Spring,0,0,0,미라시아,보일링 랍스타 플래터
2023-05-24,0,5,Spring,0,0,0,미라시아,보일링 랍스타 플래터
2023-05-25,0,5,Spring,0,0,0,미라시아,보일링 랍스타 플래터
2023-05-26,0,5,Spring,0,0,0,미라시아,보일링 랍스타 플래터
2023-05-27,0,5,Spring,1,1,1,미라시아,보일링 랍스타 플래터
2023-05-28,0,5,Spring,1,0,1,미라시아,보일링 랍스타 플래터
2023-05-29,0,5,Spring,0,1,1,미라시아,보일링 랍스타 플래터
2023-05-30,0,5,Spring,0,0,0,미라시아,보일링 랍스타 플래터
2023-05-31,0,5,Spring,0,0,0,미라시아,보일링 랍스타 플래터
2023-06-01,0,6,Summer,0,0,0,미라시아,보일링 랍스타 플래터
2023-06-02,0,6,Summer,0,0,0,미라시아,보일링 랍스타 플래터
2023-06-03,0,6,Summer,1,0,1,미라시아,보일링 랍스타 플래터
2023-06-04,0,6,Summer,1,0,1,미라시아,보일링 랍스타 플래터
2023-06-05,1,6,Summer,0,0,0,미라시아,보일링 랍스타 플래터
2023-06-06,1,6,Summer,0,1,1,미라시아,보일링 랍스타 플래터
2023-06-07,0,6,Summer,0,0,0,미라시아,보일링 랍스타 플래터
2023-06-08,0,6,Summer,0,0,0,미라시아,보일링 랍스타 플래터
2023-06-09,0,6,Summer,0,0,0,미라시아,보일링 랍스타 플래터
2023-06-10,0,6,Summer,1,0,1,미라시아,보일링 랍스타 플래터
2023-06-11,0,6,Summer,1,0,1,미라시아,보일링 랍스타 플래터
2023-06-12,0,6,Summer,0,0,0,미라시아,보일링 랍스타 플래터
2023-06-13,0,6,Summer,0,0,0,미라시아,보일링 랍스타 플래터
2023-06-14,0,6,Summer,0,0,0,미라시아,보일링 랍스타 플래터
2023-06-15,1,6,Summer,0,0,0,미라시아,보일링 랍스타 플래터
2023-06-16,2,6,Summer,0,0,0,미라시아,보일링 랍스타 플래터
2023-06-17,0,6,Summer,1,0,1,미라시아,보일링 랍스타 플래터
2023-06-18,0,6,Summer,1,0,1,미라시아,보일링 랍스타 플래터
2023-06-19,1,6,Summer,0,0,0,미라시아,보일링 랍스타 플래터
2023-06-20,0,6,Summer,0,0,0,미라시아,보일링 랍스타 플래터
2023-06-21,0,6,Summer,0,0,0,미라시아,보일링 랍스타 플래터
2023-06-22,0,6,Summer,0,0,0,미라시아,보일링 랍스타 플래터
2023-06-23,0,6,Summer,0,0,0,미라시아,보일링 랍스타 플래터
2023-06-24,1,6,Summer,1,0,1,미라시아,보일링 랍스타 플래터
2023-06-25,3,6,Summer,1,0,1,미라시아,보일링 랍스타 플래터
2023-06-26,0,6,Summer,0,0,0,미라시아,보일링 랍스타 플래터
2023-06-27,1,6,Summer,0,0,0,미라시아,보일링 랍스타 플래터
2023-06-28,0,6,Summer,0,0,0,미라시아,보일링 랍스타 플래터
2023-06-29,0,6,Summer,0,0,0,미라시아,보일링 랍스타 플래터
2023-06-30,0,6,Summer,0,0,0,미라시아,보일링 랍스타 플래터
2023-07-01,4,7,Summer,1,0,1,미라시아,보일링 랍스타 플래터
2023-07-02,0,7,Summer,1,0,1,미라시아,보일링 랍스타 플래터
2023-07-03,1,7,Summer,0,0,0,미라시아,보일링 랍스타 플래터
2023-07-04,0,7,Summer,0,0,0,미라시아,보일링 랍스타 플래터
2023-07-05,0,7,Summer,0,0,0,미라시아,보일링 랍스타 플래터
2023-07-06,0,7,Summer,0,0,0,미라시아,보일링 랍스타 플래터
2023-07-07,2,7,Summer,0,0,0,미라시아,보일링 랍스타 플래터
2023-07-08,2,7,Summer,1,0,1,미라시아,보일링 랍스타 플래터
2023-07-09,0,7,Summer,1,0,1,미라시아,보일링 랍스타 플래터
2023-07-10,0,7,Summer,0,0,0,미라시아,보일링 랍스타 플래터
2023-07-11,0,7,Summer,0,0,0,미라시아,보일링 랍스타 플래터
2023-07-12,0,7,Summer,0,0,0,미라시아,보일링 랍스타 플래터
2023-07-13,0,7,Summer,0,0,0,미라시아,보일링 랍스타 플래터
2023-07-14,1,7,Summer,0,0,0,미라시아,보일링 랍스타 플래터
2023-07-15,1,7,Summer,1,0,1,미라시아,보일링 랍스타 플래터
2023-07-16,2,7,Summer,1,0,1,미라시아,보일링 랍스타 플래터
2023-07-17,1,7,Summer,0,0,0,미라시아,보일링 랍스타 플래터
2023-07-18,0,7,Summer,0,0,0,미라시아,보일링 랍스타 플래터
2023-07-19,2,7,Summer,0,0,0,미라시아,보일링 랍스타 플래터
2023-07-20,0,7,Summer,0,0,0,미라시아,보일링 랍스타 플래터
2023-07-21,0,7,Summer,0,0,0,미라시아,보일링 랍스타 플래터
2023-07-22,1,7,Summer,1,0,1,미라시아,보일링 랍스타 플래터
2023-07-23,1,7,Summer,1,0,1,미라시아,보일링 랍스타 플래터
2023-07-24,1,7,Summer,0,0,0,미라시아,보일링 랍스타 플래터
2023-07-25,1,7,Summer,0,0,0,미라시아,보일링 랍스타 플래터
2023-07-26,4,7,Summer,0,0,0,미라시아,보일링 랍스타 플래터
2023-07-27,1,7,Summer,0,0,0,미라시아,보일링 랍스타 플래터
2023-07-28,4,7,Summer,0,0,0,미라시아,보일링 랍스타 플래터
2023-07-29,5,7,Summer,1,0,1,미라시아,보일링 랍스타 플래터
2023-07-30,4,7,Summer,1,0,1,미라시아,보일링 랍스타 플래터
2023-07-31,2,7,Summer,0,0,0,미라시아,보일링 랍스타 플래터
2023-08-01,1,8,Summer,0,0,0,미라시아,보일링 랍스타 플래터
2023-08-02,3,8,Summer,0,0,0,미라시아,보일링 랍스타 플래터
2023-08-03,2,8,Summer,0,0,0,미라시아,보일링 랍스타 플래터
2023-08-04,4,8,Summer,0,0,0,미라시아,보일링 랍스타 플래터
2023-08-05,3,8,Summer,1,0,1,미라시아,보일링 랍스타 플래터
2023-08-06,2,8,Summer,1,0,1,미라시아,보일링 랍스타 플래터
2023-08-07,3,8,Summer,0,0,0,미라시아,보일링 랍스타 플래터
2023-08-08,1,8,Summer,0,0,0,미라시아,보일링 랍스타 플래터
2023-08-09,1,8,Summer,0,0,0,미라시아,보일링 랍스타 플래터
2023-08-10,0,8,Summer,0,0,0,미라시아,보일링 랍스타 플래터
2023-08-11,3,8,Summer,0,0,0,미라시아,보일링 랍스타 플래터
2023-08-12,2,8,Summer,1,0,1,미라시아,보일링 랍스타 플래터
2023-08-13,3,8,Summer,1,0,1,미라시아,보일링 랍스타 플래터
2023-08-14,3,8,Summer,0,0,0,미라시아,보일링 랍스타 플래터
2023-08-15,0,8,Summer,0,1,1,미라시아,보일링 랍스타 플래터
2023-08-16,0,8,Summer,0,0,0,미라시아,보일링 랍스타 플래터
2023-08-17,3,8,Summer,0,0,0,미라시아,보일링 랍스타 플래터
2023-08-18,0,8,Summer,0,0,0,미라시아,보일링 랍스타 플래터
2023-08-19,4,8,Summer,1,0,1,미라시아,보일링 랍스타 플래터
2023-08-20,0,8,Summer,1,0,1,미라시아,보일링 랍스타 플래터
2023-08-21,2,8,Summer,0,0,0,미라시아,보일링 랍스타 플래터
2023-08-22,3,8,Summer,0,0,0,미라시아,보일링 랍스타 플래터
2023-08-23,1,8,Summer,0,0,0,미라시아,보일링 랍스타 플래터
2023-08-24,0,8,Summer,0,0,0,미라시아,보일링 랍스타 플래터
2023-08-25,1,8,Summer,0,0,0,미라시아,보일링 랍스타 플래터
2023-08-26,0,8,Summer,1,0,1,미라시아,보일링 랍스타 플래터
2023-08-27,2,8,Summer,1,0,1,미라시아,보일링 랍스타 플래터
2023-08-28,0,8,Summer,0,0,0,미라시아,보일링 랍스타 플래터
2023-08-29,2,8,Summer,0,0,0,미라시아,보일링 랍스타 플래터
2023-08-30,0,8,Summer,0,0,0,미라시아,보일링 랍스타 플래터
2023-08-31,1,8,Summer,0,0,0,미라시아,보일링 랍스타 플래터
2023-09-01,1,9,Autumn,0,0,0,미라시아,보일링 랍스타 플래터
2023-09-02,3,9,Autumn,1,0,1,미라시아,보일링 랍스타 플래터
2023-09-03,0,9,Autumn,1,0,1,미라시아,보일링 랍스타 플래터
2023-09-04,1,9,Autumn,0,0,0,미라시아,보일링 랍스타 플래터
2023-09-05,3,9,Autumn,0,0,0,미라시아,보일링 랍스타 플래터
2023-09-06,0,9,Autumn,0,0,0,미라시아,보일링 랍스타 플래터
2023-09-07,2,9,Autumn,0,0,0,미라시아,보일링 랍스타 플래터
2023-09-08,2,9,Autumn,0,0,0,미라시아,보일링 랍스타 플래터
2023-09-09,4,9,Autumn,1,0,1,미라시아,보일링 랍스타 플래터
2023-09-10,0,9,Autumn,1,0,1,미라시아,보일링 랍스타 플래터
2023-09-11,0,9,Autumn,0,0,0,미라시아,보일링 랍스타 플래터
2023-09-12,0,9,Autumn,0,0,0,미라시아,보일링 랍스타 플래터
2023-09-13,3,9,Autumn,0,0,0,미라시아,보일링 랍스타 플래터
2023-09-14,1,9,Autumn,0,0,0,미라시아,보일링 랍스타 플래터
2023-09-15,6,9,Autumn,0,0,0,미라시아,보일링 랍스타 플래터
2023-09-16,2,9,Autumn,1,0,1,미라시아,보일링 랍스타 플래터
2023-09-17,2,9,Autumn,1,0,1,미라시아,보일링 랍스타 플래터
2023-09-18,0,9,Autumn,0,0,0,미라시아,보일링 랍스타 플래터
2023-09-19,0,9,Autumn,0,0,0,미라시아,보일링 랍스타 플래터
2023-09-20,0,9,Autumn,0,0,0,미라시아,보일링 랍스타 플래터
2023-09-21,2,9,Autumn,0,0,0,미라시아,보일링 랍스타 플래터
2023-09-22,0,9,Autumn,0,0,0,미라시아,보일링 랍스타 플래터
2023-09-23,3,9,Autumn,1,0,1,미라시아,보일링 랍스타 플래터
2023-09-24,0,9,Autumn,1,0,1,미라시아,보일링 랍스타 플래터
2023-09-25,0,9,Autumn,0,0,0,미라시아,보일링 랍스타 플래터
2023-09-26,1,9,Autumn,0,0,0,미라시아,보일링 랍스타 플래터
2023-09-27,3,9,Autumn,0,0,0,미라시아,보일링 랍스타 플래터
2023-09-28,2,9,Autumn,0,1,1,미라시아,보일링 랍스타 플래터
2023-09-29,5,9,Autumn,0,1,1,미라시아,보일링 랍스타 플래터
2023-09-30,2,9,Autumn,1,1,1,미라시아,보일링 랍스타 플래터
2023-10-01,1,10,Autumn,1,0,1,미라시아,보일링 랍스타 플래터
2023-10-02,3,10,Autumn,0,1,1,미라시아,보일링 랍스타 플래터
2023-10-03,0,10,Autumn,0,1,1,미라시아,보일링 랍스타 플래터
2023-10-04,1,10,Autumn,0,0,0,미라시아,보일링 랍스타 플래터
2023-10-05,0,10,Autumn,0,0,0,미라시아,보일링 랍스타 플래터
2023-10-06,2,10,Autumn,0,0,0,미라시아,보일링 랍스타 플래터
2023-10-07,1,10,Autumn,1,0,1,미라시아,보일링 랍스타 플래터
2023-10-08,2,10,Autumn,1,0,1,미라시아,보일링 랍스타 플래터
2023-10-09,0,10,Autumn,0,1,1,미라시아,보일링 랍스타 플래터
2023-10-10,0,10,Autumn,0,0,0,미라시아,보일링 랍스타 플래터
2023-10-11,2,10,Autumn,0,0,0,미라시아,보일링 랍스타 플래터
2023-10-12,0,10,Autumn,0,0,0,미라시아,보일링 랍스타 플래터
2023-10-13,2,10,Autumn,0,0,0,미라시아,보일링 랍스타 플래터
2023-10-14,1,10,Autumn,1,0,1,미라시아,보일링 랍스타 플래터
2023-10-15,2,10,Autumn,1,0,1,미라시아,보일링 랍스타 플래터
2023-10-16,1,10,Autumn,0,0,0,미라시아,보일링 랍스타 플래터
2023-10-17,0,10,Autumn,0,0,0,미라시아,보일링 랍스타 플래터
2023-10-18,0,10,Autumn,0,0,0,미라시아,보일링 랍스타 플래터
2023-10-19,2,10,Autumn,0,0,0,미라시아,보일링 랍스타 플래터
2023-10-20,1,10,Autumn,0,0,0,미라시아,보일링 랍스타 플래터
2023-10-21,2,10,Autumn,1,0,1,미라시아,보일링 랍스타 플래터
2023-10-22,3,10,Autumn,1,0,1,미라시아,보일링 랍스타 플래터
2023-10-23,1,10,Autumn,0,0,0,미라시아,보일링 랍스타 플래터
2023-10-24,4,10,Autumn,0,0,0,미라시아,보일링 랍스타 플래터
2023-10-25,3,10,Autumn,0,0,0,미라시아,보일링 랍스타 플래터
2023-10-26,2,10,Autumn,0,0,0,미라시아,보일링 랍스타 플래터
2023-10-27,1,10,Autumn,0,0,0,미라시아,보일링 랍스타 플래터
2023-10-28,5,10,Autumn,1,0,1,미라시아,보일링 랍스타 플래터
2023-10-29,1,10,Autumn,1,0,1,미라시아,보일링 랍스타 플래터
2023-10-30,4,10,Autumn,0,0,0,미라시아,보일링 랍스타 플래터
2023-10-31,0,10,Autumn,0,0,0,미라시아,보일링 랍스타 플래터
2023-11-01,1,11,Autumn,0,0,0,미라시아,보일링 랍스타 플래터
2023-11-02,0,11,Autumn,0,0,0,미라시아,보일링 랍스타 플래터
2023-11-03,1,11,Autumn,0,0,0,미라시아,보일링 랍스타 플래터
2023-11-04,0,11,Autumn,1,0,1,미라시아,보일링 랍스타 플래터
2023-11-05,2,11,Autumn,1,0,1,미라시아,보일링 랍스타 플래터
2023-11-06,2,11,Autumn,0,0,0,미라시아,보일링 랍스타 플래터
2023-11-07,1,11,Autumn,0,0,0,미라시아,보일링 랍스타 플래터
2023-11-08,2,11,Autumn,0,0,0,미라시아,보일링 랍스타 플래터
2023-11-09,2,11,Autumn,0,0,0,미라시아,보일링 랍스타 플래터
2023-11-10,1,11,Autumn,0,0,0,미라시아,보일링 랍스타 플래터
2023-11-11,1,11,Autumn,1,0,1,미라시아,보일링 랍스타 플래터
2023-11-12,2,11,Autumn,1,0,1,미라시아,보일링 랍스타 플래터
2023-11-13,1,11,Autumn,0,0,0,미라시아,보일링 랍스타 플래터
2023-11-14,4,11,Autumn,0,0,0,미라시아,보일링 랍스타 플래터
2023-11-15,0,11,Autumn,0,0,0,미라시아,보일링 랍스타 플래터
2023-11-16,0,11,Autumn,0,0,0,미라시아,보일링 랍스타 플래터
2023-11-17,2,11,Autumn,0,0,0,미라시아,보일링 랍스타 플래터
2023-11-18,2,11,Autumn,1,0,1,미라시아,보일링 랍스타 플래터
2023-11-19,0,11,Autumn,1,0,1,미라시아,보일링 랍스타 플래터
2023-11-20,1,11,Autumn,0,0,0,미라시아,보일링 랍스타 플래터
2023-11-21,0,11,Autumn,0,0,0,미라시아,보일링 랍스타 플래터
2023-11-22,0,11,Autumn,0,0,0,미라시아,보일링 랍스타 플래터
2023-11-23,4,11,Autumn,0,0,0,미라시아,보일링 랍스타 플래터
2023-11-24,3,11,Autumn,0,0,0,미라시아,보일링 랍스타 플래터
2023-11-25,2,11,Autumn,1,0,1,미라시아,보일링 랍스타 플래터
2023-11-26,2,11,Autumn,1,0,1,미라시아,보일링 랍스타 플래터
2023-11-27,0,11,Autumn,0,0,0,미라시아,보일링 랍스타 플래터
2023-11-28,0,11,Autumn,0,0,0,미라시아,보일링 랍스타 플래터
2023-11-29,0,11,Autumn,0,0,0,미라시아,보일링 랍스타 플래터
2023-11-30,0,11,Autumn,0,0,0,미라시아,보일링 랍스타 플래터
2023-12-01,3,12,Winter,0,0,0,미라시아,보일링 랍스타 플래터
2023-12-02,1,12,Winter,1,0,1,미라시아,보일링 랍스타 플래터
2023-12-03,0,12,Winter,1,0,1,미라시아,보일링 랍스타 플래터
2023-12-04,2,12,Winter,0,0,0,미라시아,보일링 랍스타 플래터
2023-12-05,0,12,Winter,0,0,0,미라시아,보일링 랍스타 플래터
2023-12-06,0,12,Winter,0,0,0,미라시아,보일링 랍스타 플래터
2023-12-07,0,12,Winter,0,0,0,미라시아,보일링 랍스타 플래터
2023-12-08,0,12,Winter,0,0,0,미라시아,보일링 랍스타 플래터
2023-12-09,4,12,Winter,1,0,1,미라시아,보일링 랍스타 플래터
2023-12-10,0,12,Winter,1,0,1,미라시아,보일링 랍스타 플래터
2023-12-11,1,12,Winter,0,0,0,미라시아,보일링 랍스타 플래터
2023-12-12,0,12,Winter,0,0,0,미라시아,보일링 랍스타 플래터
2023-12-13,0,12,Winter,0,0,0,미라시아,보일링 랍스타 플래터
2023-12-14,1,12,Winter,0,0,0,미라시아,보일링 랍스타 플래터
2023-12-15,2,12,Winter,0,0,0,미라시아,보일링 랍스타 플래터
2023-12-16,0,12,Winter,1,0,1,미라시아,보일링 랍스타 플래터
2023-12-17,3,12,Winter,1,0,1,미라시아,보일링 랍스타 플래터
2023-12-18,2,12,Winter,0,0,0,미라시아,보일링 랍스타 플래터
2023-12-19,0,12,Winter,0,0,0,미라시아,보일링 랍스타 플래터
2023-12-20,2,12,Winter,0,0,0,미라시아,보일링 랍스타 플래터
2023-12-21,0,12,Winter,0,0,0,미라시아,보일링 랍스타 플래터
2023-12-22,3,12,Winter,0,0,0,미라시아,보일링 랍스타 플래터
2023-12-23,2,12,Winter,1,0,1,미라시아,보일링 랍스타 플래터
2023-12-24,2,12,Winter,1,0,1,미라시아,보일링 랍스타 플래터
2023-12-25,1,12,Winter,0,1,1,미라시아,보일링 랍스타 플래터
2023-12-26,0,12,Winter,0,0,0,미라시아,보일링 랍스타 플래터
2023-12-27,0,12,Winter,0,0,0,미라시아,보일링 랍스타 플래터
2023-12-28,3,12,Winter,0,0,0,미라시아,보일링 랍스타 플래터
2023-12-29,1,12,Winter,0,0,0,미라시아,보일링 랍스타 플래터
2023-12-30,3,12,Winter,1,0,1,미라시아,보일링 랍스타 플래터
2023-12-31,2,12,Winter,1,0,1,미라시아,보일링 랍스타 플래터
2024-01-01,2,1,Winter,0,1,1,미라시아,보일링 랍스타 플래터
2024-01-02,0,1,Winter,0,0,0,미라시아,보일링 랍스타 플래터
2024-01-03,1,1,Winter,0,0,0,미라시아,보일링 랍스타 플래터
2024-01-04,2,1,Winter,0,0,0,미라시아,보일링 랍스타 플래터
2024-01-05,2,1,Winter,0,0,0,미라시아,보일링 랍스타 플래터
2024-01-06,0,1,Winter,1,0,1,미라시아,보일링 랍스타 플래터
2024-01-07,0,1,Winter,1,0,1,미라시아,보일링 랍스타 플래터
2024-01-08,0,1,Winter,0,0,0,미라시아,보일링 랍스타 플래터
2024-01-09,0,1,Winter,0,0,0,미라시아,보일링 랍스타 플래터
2024-01-10,2,1,Winter,0,0,0,미라시아,보일링 랍스타 플래터
2024-01-11,0,1,Winter,0,0,0,미라시아,보일링 랍스타 플래터
2024-01-12,2,1,Winter,0,0,0,미라시아,보일링 랍스타 플래터
2024-01-13,4,1,Winter,1,0,1,미라시아,보일링 랍스타 플래터
2024-01-14,0,1,Winter,1,0,1,미라시아,보일링 랍스타 플래터
2024-01-15,0,1,Winter,0,0,0,미라시아,보일링 랍스타 플래터
2024-01-16,5,1,Winter,0,0,0,미라시아,보일링 랍스타 플래터
2024-01-17,2,1,Winter,0,0,0,미라시아,보일링 랍스타 플래터
2024-01-18,1,1,Winter,0,0,0,미라시아,보일링 랍스타 플래터
2024-01-19,0,1,Winter,0,0,0,미라시아,보일링 랍스타 플래터
2024-01-20,4,1,Winter,1,0,1,미라시아,보일링 랍스타 플래터
2024-01-21,1,1,Winter,1,0,1,미라시아,보일링 랍스타 플래터
2024-01-22,1,1,Winter,0,0,0,미라시아,보일링 랍스타 플래터
2024-01-23,1,1,Winter,0,0,0,미라시아,보일링 랍스타 플래터
2024-01-24,1,1,Winter,0,0,0,미라시아,보일링 랍스타 플래터
2024-01-25,0,1,Winter,0,0,0,미라시아,보일링 랍스타 플래터
2024-01-26,3,1,Winter,0,0,0,미라시아,보일링 랍스타 플래터
2024-01-27,3,1,Winter,1,0,1,미라시아,보일링 랍스타 플래터
2024-01-28,3,1,Winter,1,0,1,미라시아,보일링 랍스타 플래터
2024-01-29,0,1,Winter,0,0,0,미라시아,보일링 랍스타 플래터
2024-01-30,1,1,Winter,0,0,0,미라시아,보일링 랍스타 플래터
2024-01-31,0,1,Winter,0,0,0,미라시아,보일링 랍스타 플래터
2024-02-01,0,2,Winter,0,0,0,미라시아,보일링 랍스타 플래터
2024-02-02,1,2,Winter,0,0,0,미라시아,보일링 랍스타 플래터
2024-02-03,0,2,Winter,1,0,1,미라시아,보일링 랍스타 플래터
2024-02-04,3,2,Winter,1,0,1,미라시아,보일링 랍스타 플래터
2024-02-05,1,2,Winter,0,0,0,미라시아,보일링 랍스타 플래터
2024-02-06,1,2,Winter,0,0,0,미라시아,보일링 랍스타 플래터
2024-02-07,0,2,Winter,0,0,0,미라시아,보일링 랍스타 플래터
2024-02-08,1,2,Winter,0,0,0,미라시아,보일링 랍스타 플래터
2024-02-09,4,2,Winter,0,1,1,미라시아,보일링 랍스타 플래터
2024-02-10,2,2,Winter,1,1,1,미라시아,보일링 랍스타 플래터
2024-02-11,0,2,Winter,1,1,1,미라시아,보일링 랍스타 플래터
2024-02-12,1,2,Winter,0,1,1,미라시아,보일링 랍스타 플래터
2024-02-13,0,2,Winter,0,0,0,미라시아,보일링 랍스타 플래터
2024-02-14,0,2,Winter,0,0,0,미라시아,보일링 랍스타 플래터
2024-02-15,0,2,Winter,0,0,0,미라시아,보일링 랍스타 플래터
2024-02-16,7,2,Winter,0,0,0,미라시아,보일링 랍스타 플래터
2024-02-17,0,2,Winter,1,0,1,미라시아,보일링 랍스타 플래터
2024-02-18,2,2,Winter,1,0,1,미라시아,보일링 랍스타 플래터
2024-02-19,1,2,Winter,0,0,0,미라시아,보일링 랍스타 플래터
2024-02-20,2,2,Winter,0,0,0,미라시아,보일링 랍스타 플래터
2024-02-21,0,2,Winter,0,0,0,미라시아,보일링 랍스타 플래터
2024-02-22,4,2,Winter,0,0,0,미라시아,보일링 랍스타 플래터
2024-02-23,0,2,Winter,0,0,0,미라시아,보일링 랍스타 플래터
2024-02-24,0,2,Winter,1,0,1,미라시아,보일링 랍스타 플래터
2024-02-25,1,2,Winter,1,0,1,미라시아,보일링 랍스타 플래터
2024-02-26,0,2,Winter,0,0,0,미라시아,보일링 랍스타 플래터
2024-02-27,1,2,Winter,0,0,0,미라시아,보일링 랍스타 플래터
2024-02-28,0,2,Winter,0,0,0,미라시아,보일링 랍스타 플래터
2024-02-29,3,2,Winter,0,0,0,미라시아,보일링 랍스타 플래터
2024-03-01,3,3,Spring,0,1,1,미라시아,보일링 랍스타 플래터
2024-03-02,0,3,Spring,1,0,1,미라시아,보일링 랍스타 플래터
2024-03-03,0,3,Spring,1,0,1,미라시아,보일링 랍스타 플래터
2024-03-04,0,3,Spring,0,0,0,미라시아,보일링 랍스타 플래터
2024-03-05,0,3,Spring,0,0,0,미라시아,보일링 랍스타 플래터
2024-03-06,0,3,Spring,0,0,0,미라시아,보일링 랍스타 플래터
2024-03-07,0,3,Spring,0,0,0,미라시아,보일링 랍스타 플래터
2024-03-08,0,3,Spring,0,0,0,미라시아,보일링 랍스타 플래터
2024-03-09,0,3,Spring,1,0,1,미라시아,보일링 랍스타 플래터
2024-03-10,0,3,Spring,1,0,1,미라시아,보일링 랍스타 플래터
2024-03-11,0,3,Spring,0,0,0,미라시아,보일링 랍스타 플래터
2024-03-12,0,3,Spring,0,0,0,미라시아,보일링 랍스타 플래터
2024-03-13,0,3,Spring,0,0,0,미라시아,보일링 랍스타 플래터
2024-03-14,0,3,Spring,0,0,0,미라시아,보일링 랍스타 플래터
2024-03-15,0,3,Spring,0,0,0,미라시아,보일링 랍스타 플래터
2024-03-16,3,3,Spring,1,0,1,미라시아,보일링 랍스타 플래터
2024-03-17,0,3,Spring,1,0,1,미라시아,보일링 랍스타 플래터
2024-03-18,0,3,Spring,0,0,0,미라시아,보일링 랍스타 플래터
2024-03-19,0,3,Spring,0,0,0,미라시아,보일링 랍스타 플래터
2024-03-20,0,3,Spring,0,0,0,미라시아,보일링 랍스타 플래터
2024-03-21,0,3,Spring,0,0,0,미라시아,보일링 랍스타 플래터
2024-03-22,0,3,Spring,0,0,0,미라시아,보일링 랍스타 플래터
2024-03-23,3,3,Spring,1,0,1,미라시아,보일링 랍스타 플래터
2024-03-24,1,3,Spring,1,0,1,미라시아,보일링 랍스타 플래터
2024-03-25,0,3,Spring,0,0,0,미라시아,보일링 랍스타 플래터
2024-03-26,1,3,Spring,0,0,0,미라시아,보일링 랍스타 플래터
2024-03-27,0,3,Spring,0,0,0,미라시아,보일링 랍스타 플래터
2024-03-28,4,3,Spring,0,0,0,미라시아,보일링 랍스타 플래터
2024-03-29,1,3,Spring,0,0,0,미라시아,보일링 랍스타 플래터
2024-03-30,1,3,Spring,1,0,1,미라시아,보일링 랍스타 플래터
2024-03-31,0,3,Spring,1,0,1,미라시아,보일링 랍스타 플래터
2024-04-01,0,4,Spring,0,0,0,미라시아,보일링 랍스타 플래터
2024-04-02,0,4,Spring,0,0,0,미라시아,보일링 랍스타 플래터
2024-04-03,1,4,Spring,0,0,0,미라시아,보일링 랍스타 플래터
2024-04-04,2,4,Spring,0,0,0,미라시아,보일링 랍스타 플래터
2024-04-05,3,4,Spring,0,0,0,미라시아,보일링 랍스타 플래터
2024-04-06,3,4,Spring,1,0,1,미라시아,보일링 랍스타 플래터
2024-04-07,0,4,Spring,1,0,1,미라시아,보일링 랍스타 플래터
2024-04-08,0,4,Spring,0,0,0,미라시아,보일링 랍스타 플래터
2024-04-09,1,4,Spring,0,0,0,미라시아,보일링 랍스타 플래터
2024-04-10,1,4,Spring,0,1,1,미라시아,보일링 랍스타 플래터
2024-04-11,0,4,Spring,0,0,0,미라시아,보일링 랍스타 플래터
2024-04-12,0,4,Spring,0,0,0,미라시아,보일링 랍스타 플래터
2024-04-13,4,4,Spring,1,0,1,미라시아,보일링 랍스타 플래터
2024-04-14,1,4,Spring,1,0,1,미라시아,보일링 랍스타 플래터
2024-04-15,0,4,Spring,0,0,0,미라시아,보일링 랍스타 플래터
2024-04-16,1,4,Spring,0,0,0,미라시아,보일링 랍스타 플래터
2024-04-17,0,4,Spring,0,0,0,미라시아,보일링 랍스타 플래터
2024-04-18,3,4,Spring,0,0,0,미라시아,보일링 랍스타 플래터
2024-04-19,1,4,Spring,0,0,0,미라시아,보일링 랍스타 플래터
2024-04-20,2,4,Spring,1,0,1,미라시아,보일링 랍스타 플래터
2024-04-21,1,4,Spring,1,0,1,미라시아,보일링 랍스타 플래터
2024-04-22,0,4,Spring,0,0,0,미라시아,보일링 랍스타 플래터
2024-04-23,0,4,Spring,0,0,0,미라시아,보일링 랍스타 플래터
2024-04-24,1,4,Spring,0,0,0,미라시아,보일링 랍스타 플래터
2024-04-25,0,4,Spring,0,0,0,미라시아,보일링 랍스타 플래터
2024-04-26,1,4,Spring,0,0,0,미라시아,보일링 랍스타 플래터
2024-04-27,9,4,Spring,1,0,1,미라시아,보일링 랍스타 플래터
2024-04-28,1,4,Spring,1,0,1,미라시아,보일링 랍스타 플래터
2024-04-29,1,4,Spring,0,0,0,미라시아,보일링 랍스타 플래터
2024-04-30,0,4,Spring,0,0,0,미라시아,보일링 랍스타 플래터
2024-05-01,0,5,Spring,0,0,0,미라시아,보일링 랍스타 플래터
2024-05-02,1,5,Spring,0,0,0,미라시아,보일링 랍스타 플래터
2024-05-03,3,5,Spring,0,0,0,미라시아,보일링 랍스타 플래터
2024-05-04,2,5,Spring,1,0,1,미라시아,보일링 랍스타 플래터
2024-05-05,3,5,Spring,1,1,1,미라시아,보일링 랍스타 플래터
2024-05-06,0,5,Spring,0,1,1,미라시아,보일링 랍스타 플래터
2024-05-07,0,5,Spring,0,0,0,미라시아,보일링 랍스타 플래터
2024-05-08,0,5,Spring,0,0,0,미라시아,보일링 랍스타 플래터
2024-05-09,0,5,Spring,0,0,0,미라시아,보일링 랍스타 플래터
2024-05-10,1,5,Spring,0,0,0,미라시아,보일링 랍스타 플래터
2024-05-11,1,5,Spring,1,0,1,미라시아,보일링 랍스타 플래터
2024-05-12,0,5,Spring,1,0,1,미라시아,보일링 랍스타 플래터
2024-05-13,0,5,Spring,0,0,0,미라시아,보일링 랍스타 플래터
2024-05-14,1,5,Spring,0,0,0,미라시아,보일링 랍스타 플래터
2024-05-15,0,5,Spring,0,1,1,미라시아,보일링 랍스타 플래터
2024-05-16,0,5,Spring,0,0,0,미라시아,보일링 랍스타 플래터
2024-05-17,0,5,Spring,0,0,0,미라시아,보일링 랍스타 플래터
2024-05-18,0,5,Spring,1,0,1,미라시아,보일링 랍스타 플래터
2024-05-19,1,5,Spring,1,0,1,미라시아,보일링 랍스타 플래터
2024-05-20,0,5,Spring,0,0,0,미라시아,보일링 랍스타 플래터
2024-05-21,1,5,Spring,0,0,0,미라시아,보일링 랍스타 플래터
2024-05-22,1,5,Spring,0,0,0,미라시아,보일링 랍스타 플래터
2024-05-23,0,5,Spring,0,0,0,미라시아,보일링 랍스타 플래터
2024-05-24,3,5,Spring,0,0,0,미라시아,보일링 랍스타 플래터
2024-05-25,1,5,Spring,1,0,1,미라시아,보일링 랍스타 플래터
2024-05-26,0,5,Spring,1,0,1,미라시아,보일링 랍스타 플래터
2024-05-27,0,5,Spring,0,0,0,미라시아,보일링 랍스타 플래터
2024-05-28,0,5,Spring,0,0,0,미라시아,보일링 랍스타 플래터
2024-05-29,1,5,Spring,0,0,0,미라시아,보일링 랍스타 플래터
2024-05-30,0,5,Spring,0,0,0,미라시아,보일링 랍스타 플래터
2024-05-31,1,5,Spring,0,0,0,미라시아,보일링 랍스타 플래터
2024-06-01,4,6,Summer,1,0,1,미라시아,보일링 랍스타 플래터
2024-06-02,0,6,Summer,1,0,1,미라시아,보일링 랍스타 플래터
2024-06-03,0,6,Summer,0,0,0,미라시아,보일링 랍스타 플래터
2024-06-04,0,6,Summer,0,0,0,미라시아,보일링 랍스타 플래터
2024-06-05,2,6,Summer,0,0,0,미라시아,보일링 랍스타 플래터
2024-06-06,0,6,Summer,0,1,1,미라시아,보일링 랍스타 플래터
2024-06-07,0,6,Summer,0,0,0,미라시아,보일링 랍스타 플래터
2024-06-08,1,6,Summer,1,0,1,미라시아,보일링 랍스타 플래터
2024-06-09,0,6,Summer,1,0,1,미라시아,보일링 랍스타 플래터
2024-06-10,1,6,Summer,0,0,0,미라시아,보일링 랍스타 플래터
2024-06-11,1,6,Summer,0,0,0,미라시아,보일링 랍스타 플래터
2024-06-12,0,6,Summer,0,0,0,미라시아,보일링 랍스타 플래터
2024-06-13,0,6,Summer,0,0,0,미라시아,보일링 랍스타 플래터
2024-06-14,0,6,Summer,0,0,0,미라시아,보일링 랍스타 플래터
2024-06-15,3,6,Summer,1,0,1,미라시아,보일링 랍스타 플래터
2023-01-01,0,1,Winter,1,1,1,미라시아,보일링 랍스타 플래터(덜매운맛)
2023-01-02,0,1,Winter,0,0,0,미라시아,보일링 랍스타 플래터(덜매운맛)
2023-01-03,0,1,Winter,0,0,0,미라시아,보일링 랍스타 플래터(덜매운맛)
2023-01-04,0,1,Winter,0,0,0,미라시아,보일링 랍스타 플래터(덜매운맛)
2023-01-05,0,1,Winter,0,0,0,미라시아,보일링 랍스타 플래터(덜매운맛)
2023-01-06,0,1,Winter,0,0,0,미라시아,보일링 랍스타 플래터(덜매운맛)
2023-01-07,0,1,Winter,1,0,1,미라시아,보일링 랍스타 플래터(덜매운맛)
2023-01-08,0,1,Winter,1,0,1,미라시아,보일링 랍스타 플래터(덜매운맛)
2023-01-09,0,1,Winter,0,0,0,미라시아,보일링 랍스타 플래터(덜매운맛)
2023-01-10,0,1,Winter,0,0,0,미라시아,보일링 랍스타 플래터(덜매운맛)
2023-01-11,0,1,Winter,0,0,0,미라시아,보일링 랍스타 플래터(덜매운맛)
2023-01-12,0,1,Winter,0,0,0,미라시아,보일링 랍스타 플래터(덜매운맛)
2023-01-13,0,1,Winter,0,0,0,미라시아,보일링 랍스타 플래터(덜매운맛)
2023-01-14,0,1,Winter,1,0,1,미라시아,보일링 랍스타 플래터(덜매운맛)
2023-01-15,0,1,Winter,1,0,1,미라시아,보일링 랍스타 플래터(덜매운맛)
2023-01-16,0,1,Winter,0,0,0,미라시아,보일링 랍스타 플래터(덜매운맛)
2023-01-17,0,1,Winter,0,0,0,미라시아,보일링 랍스타 플래터(덜매운맛)
2023-01-18,0,1,Winter,0,0,0,미라시아,보일링 랍스타 플래터(덜매운맛)
2023-01-19,0,1,Winter,0,0,0,미라시아,보일링 랍스타 플래터(덜매운맛)
2023-01-20,0,1,Winter,0,0,0,미라시아,보일링 랍스타 플래터(덜매운맛)
2023-01-21,0,1,Winter,1,1,1,미라시아,보일링 랍스타 플래터(덜매운맛)
2023-01-22,0,1,Winter,1,1,1,미라시아,보일링 랍스타 플래터(덜매운맛)
2023-01-23,0,1,Winter,0,1,1,미라시아,보일링 랍스타 플래터(덜매운맛)
2023-01-24,0,1,Winter,0,1,1,미라시아,보일링 랍스타 플래터(덜매운맛)
2023-01-25,0,1,Winter,0,0,0,미라시아,보일링 랍스타 플래터(덜매운맛)
2023-01-26,0,1,Winter,0,0,0,미라시아,보일링 랍스타 플래터(덜매운맛)
2023-01-27,0,1,Winter,0,0,0,미라시아,보일링 랍스타 플래터(덜매운맛)
2023-01-28,0,1,Winter,1,0,1,미라시아,보일링 랍스타 플래터(덜매운맛)
2023-01-29,0,1,Winter,1,0,1,미라시아,보일링 랍스타 플래터(덜매운맛)
2023-01-30,0,1,Winter,0,0,0,미라시아,보일링 랍스타 플래터(덜매운맛)
2023-01-31,0,1,Winter,0,0,0,미라시아,보일링 랍스타 플래터(덜매운맛)
2023-02-01,0,2,Winter,0,0,0,미라시아,보일링 랍스타 플래터(덜매운맛)
2023-02-02,0,2,Winter,0,0,0,미라시아,보일링 랍스타 플래터(덜매운맛)
2023-02-03,0,2,Winter,0,0,0,미라시아,보일링 랍스타 플래터(덜매운맛)
2023-02-04,0,2,Winter,1,0,1,미라시아,보일링 랍스타 플래터(덜매운맛)
2023-02-05,0,2,Winter,1,0,1,미라시아,보일링 랍스타 플래터(덜매운맛)
2023-02-06,0,2,Winter,0,0,0,미라시아,보일링 랍스타 플래터(덜매운맛)
2023-02-07,0,2,Winter,0,0,0,미라시아,보일링 랍스타 플래터(덜매운맛)
2023-02-08,0,2,Winter,0,0,0,미라시아,보일링 랍스타 플래터(덜매운맛)
2023-02-09,0,2,Winter,0,0,0,미라시아,보일링 랍스타 플래터(덜매운맛)
2023-02-10,0,2,Winter,0,0,0,미라시아,보일링 랍스타 플래터(덜매운맛)
2023-02-11,0,2,Winter,1,0,1,미라시아,보일링 랍스타 플래터(덜매운맛)
2023-02-12,0,2,Winter,1,0,1,미라시아,보일링 랍스타 플래터(덜매운맛)
2023-02-13,0,2,Winter,0,0,0,미라시아,보일링 랍스타 플래터(덜매운맛)
2023-02-14,0,2,Winter,0,0,0,미라시아,보일링 랍스타 플래터(덜매운맛)
2023-02-15,0,2,Winter,0,0,0,미라시아,보일링 랍스타 플래터(덜매운맛)
2023-02-16,0,2,Winter,0,0,0,미라시아,보일링 랍스타 플래터(덜매운맛)
2023-02-17,0,2,Winter,0,0,0,미라시아,보일링 랍스타 플래터(덜매운맛)
2023-02-18,0,2,Winter,1,0,1,미라시아,보일링 랍스타 플래터(덜매운맛)
2023-02-19,0,2,Winter,1,0,1,미라시아,보일링 랍스타 플래터(덜매운맛)
2023-02-20,0,2,Winter,0,0,0,미라시아,보일링 랍스타 플래터(덜매운맛)
2023-02-21,0,2,Winter,0,0,0,미라시아,보일링 랍스타 플래터(덜매운맛)
2023-02-22,0,2,Winter,0,0,0,미라시아,보일링 랍스타 플래터(덜매운맛)
2023-02-23,0,2,Winter,0,0,0,미라시아,보일링 랍스타 플래터(덜매운맛)
2023-02-24,0,2,Winter,0,0,0,미라시아,보일링 랍스타 플래터(덜매운맛)
2023-02-25,0,2,Winter,1,0,1,미라시아,보일링 랍스타 플래터(덜매운맛)
2023-02-26,0,2,Winter,1,0,1,미라시아,보일링 랍스타 플래터(덜매운맛)
2023-02-27,0,2,Winter,0,0,0,미라시아,보일링 랍스타 플래터(덜매운맛)
2023-02-28,0,2,Winter,0,0,0,미라시아,보일링 랍스타 플래터(덜매운맛)
2023-03-01,0,3,Spring,0,1,1,미라시아,보일링 랍스타 플래터(덜매운맛)
2023-03-02,0,3,Spring,0,0,0,미라시아,보일링 랍스타 플래터(덜매운맛)
2023-03-03,0,3,Spring,0,0,0,미라시아,보일링 랍스타 플래터(덜매운맛)
2023-03-04,0,3,Spring,1,0,1,미라시아,보일링 랍스타 플래터(덜매운맛)
2023-03-05,0,3,Spring,1,0,1,미라시아,보일링 랍스타 플래터(덜매운맛)
2023-03-06,0,3,Spring,0,0,0,미라시아,보일링 랍스타 플래터(덜매운맛)
2023-03-07,0,3,Spring,0,0,0,미라시아,보일링 랍스타 플래터(덜매운맛)
2023-03-08,0,3,Spring,0,0,0,미라시아,보일링 랍스타 플래터(덜매운맛)
2023-03-09,0,3,Spring,0,0,0,미라시아,보일링 랍스타 플래터(덜매운맛)
2023-03-10,0,3,Spring,0,0,0,미라시아,보일링 랍스타 플래터(덜매운맛)
2023-03-11,0,3,Spring,1,0,1,미라시아,보일링 랍스타 플래터(덜매운맛)
2023-03-12,0,3,Spring,1,0,1,미라시아,보일링 랍스타 플래터(덜매운맛)
2023-03-13,0,3,Spring,0,0,0,미라시아,보일링 랍스타 플래터(덜매운맛)
2023-03-14,0,3,Spring,0,0,0,미라시아,보일링 랍스타 플래터(덜매운맛)
2023-03-15,0,3,Spring,0,0,0,미라시아,보일링 랍스타 플래터(덜매운맛)
2023-03-16,0,3,Spring,0,0,0,미라시아,보일링 랍스타 플래터(덜매운맛)
2023-03-17,0,3,Spring,0,0,0,미라시아,보일링 랍스타 플래터(덜매운맛)
2023-03-18,0,3,Spring,1,0,1,미라시아,보일링 랍스타 플래터(덜매운맛)
2023-03-19,0,3,Spring,1,0,1,미라시아,보일링 랍스타 플래터(덜매운맛)
2023-03-20,0,3,Spring,0,0,0,미라시아,보일링 랍스타 플래터(덜매운맛)
2023-03-21,0,3,Spring,0,0,0,미라시아,보일링 랍스타 플래터(덜매운맛)
2023-03-22,0,3,Spring,0,0,0,미라시아,보일링 랍스타 플래터(덜매운맛)
2023-03-23,0,3,Spring,0,0,0,미라시아,보일링 랍스타 플래터(덜매운맛)
2023-03-24,0,3,Spring,0,0,0,미라시아,보일링 랍스타 플래터(덜매운맛)
2023-03-25,0,3,Spring,1,0,1,미라시아,보일링 랍스타 플래터(덜매운맛)
2023-03-26,0,3,Spring,1,0,1,미라시아,보일링 랍스타 플래터(덜매운맛)
2023-03-27,0,3,Spring,0,0,0,미라시아,보일링 랍스타 플래터(덜매운맛)
2023-03-28,0,3,Spring,0,0,0,미라시아,보일링 랍스타 플래터(덜매운맛)
2023-03-29,0,3,Spring,0,0,0,미라시아,보일링 랍스타 플래터(덜매운맛)
2023-03-30,0,3,Spring,0,0,0,미라시아,보일링 랍스타 플래터(덜매운맛)
2023-03-31,0,3,Spring,0,0,0,미라시아,보일링 랍스타 플래터(덜매운맛)
2023-04-01,0,4,Spring,1,0,1,미라시아,보일링 랍스타 플래터(덜매운맛)
2023-04-02,0,4,Spring,1,0,1,미라시아,보일링 랍스타 플래터(덜매운맛)
2023-04-03,0,4,Spring,0,0,0,미라시아,보일링 랍스타 플래터(덜매운맛)
2023-04-04,0,4,Spring,0,0,0,미라시아,보일링 랍스타 플래터(덜매운맛)
2023-04-05,0,4,Spring,0,0,0,미라시아,보일링 랍스타 플래터(덜매운맛)
2023-04-06,0,4,Spring,0,0,0,미라시아,보일링 랍스타 플래터(덜매운맛)
2023-04-07,0,4,Spring,0,0,0,미라시아,보일링 랍스타 플래터(덜매운맛)
2023-04-08,0,4,Spring,1,0,1,미라시아,보일링 랍스타 플래터(덜매운맛)
2023-04-09,0,4,Spring,1,0,1,미라시아,보일링 랍스타 플래터(덜매운맛)
2023-04-10,0,4,Spring,0,0,0,미라시아,보일링 랍스타 플래터(덜매운맛)
2023-04-11,0,4,Spring,0,0,0,미라시아,보일링 랍스타 플래터(덜매운맛)
2023-04-12,0,4,Spring,0,0,0,미라시아,보일링 랍스타 플래터(덜매운맛)
2023-04-13,0,4,Spring,0,0,0,미라시아,보일링 랍스타 플래터(덜매운맛)
2023-04-14,0,4,Spring,0,0,0,미라시아,보일링 랍스타 플래터(덜매운맛)
2023-04-15,0,4,Spring,1,0,1,미라시아,보일링 랍스타 플래터(덜매운맛)
2023-04-16,0,4,Spring,1,0,1,미라시아,보일링 랍스타 플래터(덜매운맛)
2023-04-17,0,4,Spring,0,0,0,미라시아,보일링 랍스타 플래터(덜매운맛)
2023-04-18,0,4,Spring,0,0,0,미라시아,보일링 랍스타 플래터(덜매운맛)
2023-04-19,0,4,Spring,0,0,0,미라시아,보일링 랍스타 플래터(덜매운맛)
2023-04-20,0,4,Spring,0,0,0,미라시아,보일링 랍스타 플래터(덜매운맛)
2023-04-21,0,4,Spring,0,0,0,미라시아,보일링 랍스타 플래터(덜매운맛)
2023-04-22,0,4,Spring,1,0,1,미라시아,보일링 랍스타 플래터(덜매운맛)
2023-04-23,0,4,Spring,1,0,1,미라시아,보일링 랍스타 플래터(덜매운맛)
2023-04-24,0,4,Spring,0,0,0,미라시아,보일링 랍스타 플래터(덜매운맛)
2023-04-25,0,4,Spring,0,0,0,미라시아,보일링 랍스타 플래터(덜매운맛)
2023-04-26,0,4,Spring,0,0,0,미라시아,보일링 랍스타 플래터(덜매운맛)
2023-04-27,0,4,Spring,0,0,0,미라시아,보일링 랍스타 플래터(덜매운맛)
2023-04-28,0,4,Spring,0,0,0,미라시아,보일링 랍스타 플래터(덜매운맛)
2023-04-29,0,4,Spring,1,0,1,미라시아,보일링 랍스타 플래터(덜매운맛)
2023-04-30,0,4,Spring,1,0,1,미라시아,보일링 랍스타 플래터(덜매운맛)
2023-05-01,0,5,Spring,0,0,0,미라시아,보일링 랍스타 플래터(덜매운맛)
2023-05-02,0,5,Spring,0,0,0,미라시아,보일링 랍스타 플래터(덜매운맛)
2023-05-03,0,5,Spring,0,0,0,미라시아,보일링 랍스타 플래터(덜매운맛)
2023-05-04,0,5,Spring,0,0,0,미라시아,보일링 랍스타 플래터(덜매운맛)
2023-05-05,0,5,Spring,0,1,1,미라시아,보일링 랍스타 플래터(덜매운맛)
2023-05-06,0,5,Spring,1,0,1,미라시아,보일링 랍스타 플래터(덜매운맛)
2023-05-07,0,5,Spring,1,0,1,미라시아,보일링 랍스타 플래터(덜매운맛)
2023-05-08,0,5,Spring,0,0,0,미라시아,보일링 랍스타 플래터(덜매운맛)
2023-05-09,0,5,Spring,0,0,0,미라시아,보일링 랍스타 플래터(덜매운맛)
2023-05-10,0,5,Spring,0,0,0,미라시아,보일링 랍스타 플래터(덜매운맛)
2023-05-11,0,5,Spring,0,0,0,미라시아,보일링 랍스타 플래터(덜매운맛)
2023-05-12,0,5,Spring,0,0,0,미라시아,보일링 랍스타 플래터(덜매운맛)
2023-05-13,0,5,Spring,1,0,1,미라시아,보일링 랍스타 플래터(덜매운맛)
2023-05-14,0,5,Spring,1,0,1,미라시아,보일링 랍스타 플래터(덜매운맛)
2023-05-15,0,5,Spring,0,0,0,미라시아,보일링 랍스타 플래터(덜매운맛)
2023-05-16,0,5,Spring,0,0,0,미라시아,보일링 랍스타 플래터(덜매운맛)
2023-05-17,0,5,Spring,0,0,0,미라시아,보일링 랍스타 플래터(덜매운맛)
2023-05-18,0,5,Spring,0,0,0,미라시아,보일링 랍스타 플래터(덜매운맛)
2023-05-19,0,5,Spring,0,0,0,미라시아,보일링 랍스타 플래터(덜매운맛)
2023-05-20,0,5,Spring,1,0,1,미라시아,보일링 랍스타 플래터(덜매운맛)
2023-05-21,0,5,Spring,1,0,1,미라시아,보일링 랍스타 플래터(덜매운맛)
2023-05-22,0,5,Spring,0,0,0,미라시아,보일링 랍스타 플래터(덜매운맛)
2023-05-23,0,5,Spring,0,0,0,미라시아,보일링 랍스타 플래터(덜매운맛)
2023-05-24,0,5,Spring,0,0,0,미라시아,보일링 랍스타 플래터(덜매운맛)
2023-05-25,0,5,Spring,0,0,0,미라시아,보일링 랍스타 플래터(덜매운맛)
2023-05-26,0,5,Spring,0,0,0,미라시아,보일링 랍스타 플래터(덜매운맛)
2023-05-27,0,5,Spring,1,1,1,미라시아,보일링 랍스타 플래터(덜매운맛)
2023-05-28,0,5,Spring,1,0,1,미라시아,보일링 랍스타 플래터(덜매운맛)
2023-05-29,0,5,Spring,0,1,1,미라시아,보일링 랍스타 플래터(덜매운맛)
2023-05-30,0,5,Spring,0,0,0,미라시아,보일링 랍스타 플래터(덜매운맛)
2023-05-31,0,5,Spring,0,0,0,미라시아,보일링 랍스타 플래터(덜매운맛)
2023-06-01,0,6,Summer,0,0,0,미라시아,보일링 랍스타 플래터(덜매운맛)
2023-06-02,0,6,Summer,0,0,0,미라시아,보일링 랍스타 플래터(덜매운맛)
2023-06-03,1,6,Summer,1,0,1,미라시아,보일링 랍스타 플래터(덜매운맛)
2023-06-04,3,6,Summer,1,0,1,미라시아,보일링 랍스타 플래터(덜매운맛)
2023-06-05,0,6,Summer,0,0,0,미라시아,보일링 랍스타 플래터(덜매운맛)
2023-06-06,2,6,Summer,0,1,1,미라시아,보일링 랍스타 플래터(덜매운맛)
2023-06-07,2,6,Summer,0,0,0,미라시아,보일링 랍스타 플래터(덜매운맛)
2023-06-08,0,6,Summer,0,0,0,미라시아,보일링 랍스타 플래터(덜매운맛)
2023-06-09,0,6,Summer,0,0,0,미라시아,보일링 랍스타 플래터(덜매운맛)
2023-06-10,3,6,Summer,1,0,1,미라시아,보일링 랍스타 플래터(덜매운맛)
2023-06-11,0,6,Summer,1,0,1,미라시아,보일링 랍스타 플래터(덜매운맛)
2023-06-12,0,6,Summer,0,0,0,미라시아,보일링 랍스타 플래터(덜매운맛)
2023-06-13,0,6,Summer,0,0,0,미라시아,보일링 랍스타 플래터(덜매운맛)
2023-06-14,1,6,Summer,0,0,0,미라시아,보일링 랍스타 플래터(덜매운맛)
2023-06-15,1,6,Summer,0,0,0,미라시아,보일링 랍스타 플래터(덜매운맛)
2023-06-16,1,6,Summer,0,0,0,미라시아,보일링 랍스타 플래터(덜매운맛)
2023-06-17,3,6,Summer,1,0,1,미라시아,보일링 랍스타 플래터(덜매운맛)
2023-06-18,1,6,Summer,1,0,1,미라시아,보일링 랍스타 플래터(덜매운맛)
2023-06-19,0,6,Summer,0,0,0,미라시아,보일링 랍스타 플래터(덜매운맛)
2023-06-20,1,6,Summer,0,0,0,미라시아,보일링 랍스타 플래터(덜매운맛)
2023-06-21,1,6,Summer,0,0,0,미라시아,보일링 랍스타 플래터(덜매운맛)
2023-06-22,0,6,Summer,0,0,0,미라시아,보일링 랍스타 플래터(덜매운맛)
2023-06-23,4,6,Summer,0,0,0,미라시아,보일링 랍스타 플래터(덜매운맛)
2023-06-24,3,6,Summer,1,0,1,미라시아,보일링 랍스타 플래터(덜매운맛)
2023-06-25,1,6,Summer,1,0,1,미라시아,보일링 랍스타 플래터(덜매운맛)
2023-06-26,1,6,Summer,0,0,0,미라시아,보일링 랍스타 플래터(덜매운맛)
2023-06-27,0,6,Summer,0,0,0,미라시아,보일링 랍스타 플래터(덜매운맛)
2023-06-28,0,6,Summer,0,0,0,미라시아,보일링 랍스타 플래터(덜매운맛)
2023-06-29,0,6,Summer,0,0,0,미라시아,보일링 랍스타 플래터(덜매운맛)
2023-06-30,0,6,Summer,0,0,0,미라시아,보일링 랍스타 플래터(덜매운맛)
2023-07-01,0,7,Summer,1,0,1,미라시아,보일링 랍스타 플래터(덜매운맛)
2023-07-02,1,7,Summer,1,0,1,미라시아,보일링 랍스타 플래터(덜매운맛)
2023-07-03,0,7,Summer,0,0,0,미라시아,보일링 랍스타 플래터(덜매운맛)
2023-07-04,0,7,Summer,0,0,0,미라시아,보일링 랍스타 플래터(덜매운맛)
2023-07-05,0,7,Summer,0,0,0,미라시아,보일링 랍스타 플래터(덜매운맛)
2023-07-06,0,7,Summer,0,0,0,미라시아,보일링 랍스타 플래터(덜매운맛)
2023-07-07,2,7,Summer,0,0,0,미라시아,보일링 랍스타 플래터(덜매운맛)
2023-07-08,1,7,Summer,1,0,1,미라시아,보일링 랍스타 플래터(덜매운맛)
2023-07-09,0,7,Summer,1,0,1,미라시아,보일링 랍스타 플래터(덜매운맛)
2023-07-10,0,7,Summer,0,0,0,미라시아,보일링 랍스타 플래터(덜매운맛)
2023-07-11,0,7,Summer,0,0,0,미라시아,보일링 랍스타 플래터(덜매운맛)
2023-07-12,0,7,Summer,0,0,0,미라시아,보일링 랍스타 플래터(덜매운맛)
2023-07-13,1,7,Summer,0,0,0,미라시아,보일링 랍스타 플래터(덜매운맛)
2023-07-14,1,7,Summer,0,0,0,미라시아,보일링 랍스타 플래터(덜매운맛)
2023-07-15,1,7,Summer,1,0,1,미라시아,보일링 랍스타 플래터(덜매운맛)
2023-07-16,0,7,Summer,1,0,1,미라시아,보일링 랍스타 플래터(덜매운맛)
2023-07-17,1,7,Summer,0,0,0,미라시아,보일링 랍스타 플래터(덜매운맛)
2023-07-18,0,7,Summer,0,0,0,미라시아,보일링 랍스타 플래터(덜매운맛)
2023-07-19,2,7,Summer,0,0,0,미라시아,보일링 랍스타 플래터(덜매운맛)
2023-07-20,0,7,Summer,0,0,0,미라시아,보일링 랍스타 플래터(덜매운맛)
2023-07-21,1,7,Summer,0,0,0,미라시아,보일링 랍스타 플래터(덜매운맛)
2023-07-22,2,7,Summer,1,0,1,미라시아,보일링 랍스타 플래터(덜매운맛)
2023-07-23,2,7,Summer,1,0,1,미라시아,보일링 랍스타 플래터(덜매운맛)
2023-07-24,0,7,Summer,0,0,0,미라시아,보일링 랍스타 플래터(덜매운맛)
2023-07-25,1,7,Summer,0,0,0,미라시아,보일링 랍스타 플래터(덜매운맛)
2023-07-26,0,7,Summer,0,0,0,미라시아,보일링 랍스타 플래터(덜매운맛)
2023-07-27,1,7,Summer,0,0,0,미라시아,보일링 랍스타 플래터(덜매운맛)
2023-07-28,0,7,Summer,0,0,0,미라시아,보일링 랍스타 플래터(덜매운맛)
2023-07-29,1,7,Summer,1,0,1,미라시아,보일링 랍스타 플래터(덜매운맛)
2023-07-30,1,7,Summer,1,0,1,미라시아,보일링 랍스타 플래터(덜매운맛)
2023-07-31,3,7,Summer,0,0,0,미라시아,보일링 랍스타 플래터(덜매운맛)
2023-08-01,1,8,Summer,0,0,0,미라시아,보일링 랍스타 플래터(덜매운맛)
2023-08-02,2,8,Summer,0,0,0,미라시아,보일링 랍스타 플래터(덜매운맛)
2023-08-03,0,8,Summer,0,0,0,미라시아,보일링 랍스타 플래터(덜매운맛)
2023-08-04,3,8,Summer,0,0,0,미라시아,보일링 랍스타 플래터(덜매운맛)
2023-08-05,2,8,Summer,1,0,1,미라시아,보일링 랍스타 플래터(덜매운맛)
2023-08-06,0,8,Summer,1,0,1,미라시아,보일링 랍스타 플래터(덜매운맛)
2023-08-07,1,8,Summer,0,0,0,미라시아,보일링 랍스타 플래터(덜매운맛)
2023-08-08,0,8,Summer,0,0,0,미라시아,보일링 랍스타 플래터(덜매운맛)
2023-08-09,0,8,Summer,0,0,0,미라시아,보일링 랍스타 플래터(덜매운맛)
2023-08-10,1,8,Summer,0,0,0,미라시아,보일링 랍스타 플래터(덜매운맛)
2023-08-11,0,8,Summer,0,0,0,미라시아,보일링 랍스타 플래터(덜매운맛)
2023-08-12,2,8,Summer,1,0,1,미라시아,보일링 랍스타 플래터(덜매운맛)
2023-08-13,3,8,Summer,1,0,1,미라시아,보일링 랍스타 플래터(덜매운맛)
2023-08-14,3,8,Summer,0,0,0,미라시아,보일링 랍스타 플래터(덜매운맛)
2023-08-15,2,8,Summer,0,1,1,미라시아,보일링 랍스타 플래터(덜매운맛)
2023-08-16,1,8,Summer,0,0,0,미라시아,보일링 랍스타 플래터(덜매운맛)
2023-08-17,0,8,Summer,0,0,0,미라시아,보일링 랍스타 플래터(덜매운맛)
2023-08-18,1,8,Summer,0,0,0,미라시아,보일링 랍스타 플래터(덜매운맛)
2023-08-19,1,8,Summer,1,0,1,미라시아,보일링 랍스타 플래터(덜매운맛)
2023-08-20,0,8,Summer,1,0,1,미라시아,보일링 랍스타 플래터(덜매운맛)
2023-08-21,0,8,Summer,0,0,0,미라시아,보일링 랍스타 플래터(덜매운맛)
2023-08-22,0,8,Summer,0,0,0,미라시아,보일링 랍스타 플래터(덜매운맛)
2023-08-23,0,8,Summer,0,0,0,미라시아,보일링 랍스타 플래터(덜매운맛)
2023-08-24,1,8,Summer,0,0,0,미라시아,보일링 랍스타 플래터(덜매운맛)
2023-08-25,2,8,Summer,0,0,0,미라시아,보일링 랍스타 플래터(덜매운맛)
2023-08-26,0,8,Summer,1,0,1,미라시아,보일링 랍스타 플래터(덜매운맛)
2023-08-27,0,8,Summer,1,0,1,미라시아,보일링 랍스타 플래터(덜매운맛)
2023-08-28,0,8,Summer,0,0,0,미라시아,보일링 랍스타 플래터(덜매운맛)
2023-08-29,0,8,Summer,0,0,0,미라시아,보일링 랍스타 플래터(덜매운맛)
2023-08-30,1,8,Summer,0,0,0,미라시아,보일링 랍스타 플래터(덜매운맛)
2023-08-31,0,8,Summer,0,0,0,미라시아,보일링 랍스타 플래터(덜매운맛)
2023-09-01,0,9,Autumn,0,0,0,미라시아,보일링 랍스타 플래터(덜매운맛)
2023-09-02,1,9,Autumn,1,0,1,미라시아,보일링 랍스타 플래터(덜매운맛)
2023-09-03,0,9,Autumn,1,0,1,미라시아,보일링 랍스타 플래터(덜매운맛)
2023-09-04,0,9,Autumn,0,0,0,미라시아,보일링 랍스타 플래터(덜매운맛)
2023-09-05,0,9,Autumn,0,0,0,미라시아,보일링 랍스타 플래터(덜매운맛)
2023-09-06,0,9,Autumn,0,0,0,미라시아,보일링 랍스타 플래터(덜매운맛)
2023-09-07,1,9,Autumn,0,0,0,미라시아,보일링 랍스타 플래터(덜매운맛)
2023-09-08,0,9,Autumn,0,0,0,미라시아,보일링 랍스타 플래터(덜매운맛)
2023-09-09,3,9,Autumn,1,0,1,미라시아,보일링 랍스타 플래터(덜매운맛)
2023-09-10,0,9,Autumn,1,0,1,미라시아,보일링 랍스타 플래터(덜매운맛)
2023-09-11,0,9,Autumn,0,0,0,미라시아,보일링 랍스타 플래터(덜매운맛)
2023-09-12,0,9,Autumn,0,0,0,미라시아,보일링 랍스타 플래터(덜매운맛)
2023-09-13,0,9,Autumn,0,0,0,미라시아,보일링 랍스타 플래터(덜매운맛)
2023-09-14,0,9,Autumn,0,0,0,미라시아,보일링 랍스타 플래터(덜매운맛)
2023-09-15,0,9,Autumn,0,0,0,미라시아,보일링 랍스타 플래터(덜매운맛)
2023-09-16,2,9,Autumn,1,0,1,미라시아,보일링 랍스타 플래터(덜매운맛)
2023-09-17,0,9,Autumn,1,0,1,미라시아,보일링 랍스타 플래터(덜매운맛)
2023-09-18,0,9,Autumn,0,0,0,미라시아,보일링 랍스타 플래터(덜매운맛)
2023-09-19,0,9,Autumn,0,0,0,미라시아,보일링 랍스타 플래터(덜매운맛)
2023-09-20,0,9,Autumn,0,0,0,미라시아,보일링 랍스타 플래터(덜매운맛)
2023-09-21,0,9,Autumn,0,0,0,미라시아,보일링 랍스타 플래터(덜매운맛)
2023-09-22,1,9,Autumn,0,0,0,미라시아,보일링 랍스타 플래터(덜매운맛)
2023-09-23,1,9,Autumn,1,0,1,미라시아,보일링 랍스타 플래터(덜매운맛)
2023-09-24,0,9,Autumn,1,0,1,미라시아,보일링 랍스타 플래터(덜매운맛)
2023-09-25,0,9,Autumn,0,0,0,미라시아,보일링 랍스타 플래터(덜매운맛)
2023-09-26,0,9,Autumn,0,0,0,미라시아,보일링 랍스타 플래터(덜매운맛)
2023-09-27,5,9,Autumn,0,0,0,미라시아,보일링 랍스타 플래터(덜매운맛)
2023-09-28,2,9,Autumn,0,1,1,미라시아,보일링 랍스타 플래터(덜매운맛)
2023-09-29,7,9,Autumn,0,1,1,미라시아,보일링 랍스타 플래터(덜매운맛)
2023-09-30,1,9,Autumn,1,1,1,미라시아,보일링 랍스타 플래터(덜매운맛)
2023-10-01,0,10,Autumn,1,0,1,미라시아,보일링 랍스타 플래터(덜매운맛)
2023-10-02,1,10,Autumn,0,1,1,미라시아,보일링 랍스타 플래터(덜매운맛)
2023-10-03,0,10,Autumn,0,1,1,미라시아,보일링 랍스타 플래터(덜매운맛)
2023-10-04,0,10,Autumn,0,0,0,미라시아,보일링 랍스타 플래터(덜매운맛)
2023-10-05,0,10,Autumn,0,0,0,미라시아,보일링 랍스타 플래터(덜매운맛)
2023-10-06,0,10,Autumn,0,0,0,미라시아,보일링 랍스타 플래터(덜매운맛)
2023-10-07,0,10,Autumn,1,0,1,미라시아,보일링 랍스타 플래터(덜매운맛)
2023-10-08,3,10,Autumn,1,0,1,미라시아,보일링 랍스타 플래터(덜매운맛)
2023-10-09,1,10,Autumn,0,1,1,미라시아,보일링 랍스타 플래터(덜매운맛)
2023-10-10,0,10,Autumn,0,0,0,미라시아,보일링 랍스타 플래터(덜매운맛)
2023-10-11,1,10,Autumn,0,0,0,미라시아,보일링 랍스타 플래터(덜매운맛)
2023-10-12,0,10,Autumn,0,0,0,미라시아,보일링 랍스타 플래터(덜매운맛)
2023-10-13,0,10,Autumn,0,0,0,미라시아,보일링 랍스타 플래터(덜매운맛)
2023-10-14,2,10,Autumn,1,0,1,미라시아,보일링 랍스타 플래터(덜매운맛)
2023-10-15,0,10,Autumn,1,0,1,미라시아,보일링 랍스타 플래터(덜매운맛)
2023-10-16,1,10,Autumn,0,0,0,미라시아,보일링 랍스타 플래터(덜매운맛)
2023-10-17,0,10,Autumn,0,0,0,미라시아,보일링 랍스타 플래터(덜매운맛)
2023-10-18,0,10,Autumn,0,0,0,미라시아,보일링 랍스타 플래터(덜매운맛)
2023-10-19,1,10,Autumn,0,0,0,미라시아,보일링 랍스타 플래터(덜매운맛)
2023-10-20,0,10,Autumn,0,0,0,미라시아,보일링 랍스타 플래터(덜매운맛)
2023-10-21,1,10,Autumn,1,0,1,미라시아,보일링 랍스타 플래터(덜매운맛)
2023-10-22,2,10,Autumn,1,0,1,미라시아,보일링 랍스타 플래터(덜매운맛)
2023-10-23,1,10,Autumn,0,0,0,미라시아,보일링 랍스타 플래터(덜매운맛)
2023-10-24,0,10,Autumn,0,0,0,미라시아,보일링 랍스타 플래터(덜매운맛)
2023-10-25,0,10,Autumn,0,0,0,미라시아,보일링 랍스타 플래터(덜매운맛)
2023-10-26,3,10,Autumn,0,0,0,미라시아,보일링 랍스타 플래터(덜매운맛)
2023-10-27,1,10,Autumn,0,0,0,미라시아,보일링 랍스타 플래터(덜매운맛)
2023-10-28,1,10,Autumn,1,0,1,미라시아,보일링 랍스타 플래터(덜매운맛)
2023-10-29,0,10,Autumn,1,0,1,미라시아,보일링 랍스타 플래터(덜매운맛)
2023-10-30,0,10,Autumn,0,0,0,미라시아,보일링 랍스타 플래터(덜매운맛)
2023-10-31,1,10,Autumn,0,0,0,미라시아,보일링 랍스타 플래터(덜매운맛)
2023-11-01,1,11,Autumn,0,0,0,미라시아,보일링 랍스타 플래터(덜매운맛)
2023-11-02,0,11,Autumn,0,0,0,미라시아,보일링 랍스타 플래터(덜매운맛)
2023-11-03,2,11,Autumn,0,0,0,미라시아,보일링 랍스타 플래터(덜매운맛)
2023-11-04,1,11,Autumn,1,0,1,미라시아,보일링 랍스타 플래터(덜매운맛)
2023-11-05,0,11,Autumn,1,0,1,미라시아,보일링 랍스타 플래터(덜매운맛)
2023-11-06,2,11,Autumn,0,0,0,미라시아,보일링 랍스타 플래터(덜매운맛)
2023-11-07,0,11,Autumn,0,0,0,미라시아,보일링 랍스타 플래터(덜매운맛)
2023-11-08,0,11,Autumn,0,0,0,미라시아,보일링 랍스타 플래터(덜매운맛)
2023-11-09,0,11,Autumn,0,0,0,미라시아,보일링 랍스타 플래터(덜매운맛)
2023-11-10,0,11,Autumn,0,0,0,미라시아,보일링 랍스타 플래터(덜매운맛)
2023-11-11,0,11,Autumn,1,0,1,미라시아,보일링 랍스타 플래터(덜매운맛)
2023-11-12,1,11,Autumn,1,0,1,미라시아,보일링 랍스타 플래터(덜매운맛)
2023-11-13,1,11,Autumn,0,0,0,미라시아,보일링 랍스타 플래터(덜매운맛)
2023-11-14,1,11,Autumn,0,0,0,미라시아,보일링 랍스타 플래터(덜매운맛)
2023-11-15,1,11,Autumn,0,0,0,미라시아,보일링 랍스타 플래터(덜매운맛)
2023-11-16,1,11,Autumn,0,0,0,미라시아,보일링 랍스타 플래터(덜매운맛)
2023-11-17,0,11,Autumn,0,0,0,미라시아,보일링 랍스타 플래터(덜매운맛)
2023-11-18,0,11,Autumn,1,0,1,미라시아,보일링 랍스타 플래터(덜매운맛)
2023-11-19,0,11,Autumn,1,0,1,미라시아,보일링 랍스타 플래터(덜매운맛)
2023-11-20,0,11,Autumn,0,0,0,미라시아,보일링 랍스타 플래터(덜매운맛)
2023-11-21,0,11,Autumn,0,0,0,미라시아,보일링 랍스타 플래터(덜매운맛)
2023-11-22,0,11,Autumn,0,0,0,미라시아,보일링 랍스타 플래터(덜매운맛)
2023-11-23,0,11,Autumn,0,0,0,미라시아,보일링 랍스타 플래터(덜매운맛)
2023-11-24,0,11,Autumn,0,0,0,미라시아,보일링 랍스타 플래터(덜매운맛)
2023-11-25,0,11,Autumn,1,0,1,미라시아,보일링 랍스타 플래터(덜매운맛)
2023-11-26,0,11,Autumn,1,0,1,미라시아,보일링 랍스타 플래터(덜매운맛)
2023-11-27,0,11,Autumn,0,0,0,미라시아,보일링 랍스타 플래터(덜매운맛)
2023-11-28,0,11,Autumn,0,0,0,미라시아,보일링 랍스타 플래터(덜매운맛)
2023-11-29,1,11,Autumn,0,0,0,미라시아,보일링 랍스타 플래터(덜매운맛)
2023-11-30,0,11,Autumn,0,0,0,미라시아,보일링 랍스타 플래터(덜매운맛)
2023-12-01,0,12,Winter,0,0,0,미라시아,보일링 랍스타 플래터(덜매운맛)
2023-12-02,1,12,Winter,1,0,1,미라시아,보일링 랍스타 플래터(덜매운맛)
2023-12-03,0,12,Winter,1,0,1,미라시아,보일링 랍스타 플래터(덜매운맛)
2023-12-04,0,12,Winter,0,0,0,미라시아,보일링 랍스타 플래터(덜매운맛)
2023-12-05,0,12,Winter,0,0,0,미라시아,보일링 랍스타 플래터(덜매운맛)
2023-12-06,0,12,Winter,0,0,0,미라시아,보일링 랍스타 플래터(덜매운맛)
2023-12-07,0,12,Winter,0,0,0,미라시아,보일링 랍스타 플래터(덜매운맛)
2023-12-08,1,12,Winter,0,0,0,미라시아,보일링 랍스타 플래터(덜매운맛)
2023-12-09,0,12,Winter,1,0,1,미라시아,보일링 랍스타 플래터(덜매운맛)
2023-12-10,0,12,Winter,1,0,1,미라시아,보일링 랍스타 플래터(덜매운맛)
2023-12-11,0,12,Winter,0,0,0,미라시아,보일링 랍스타 플래터(덜매운맛)
2023-12-12,0,12,Winter,0,0,0,미라시아,보일링 랍스타 플래터(덜매운맛)
2023-12-13,0,12,Winter,0,0,0,미라시아,보일링 랍스타 플래터(덜매운맛)
2023-12-14,0,12,Winter,0,0,0,미라시아,보일링 랍스타 플래터(덜매운맛)
2023-12-15,1,12,Winter,0,0,0,미라시아,보일링 랍스타 플래터(덜매운맛)
2023-12-16,1,12,Winter,1,0,1,미라시아,보일링 랍스타 플래터(덜매운맛)
2023-12-17,0,12,Winter,1,0,1,미라시아,보일링 랍스타 플래터(덜매운맛)
2023-12-18,0,12,Winter,0,0,0,미라시아,보일링 랍스타 플래터(덜매운맛)
2023-12-19,0,12,Winter,0,0,0,미라시아,보일링 랍스타 플래터(덜매운맛)
2023-12-20,1,12,Winter,0,0,0,미라시아,보일링 랍스타 플래터(덜매운맛)
2023-12-21,0,12,Winter,0,0,0,미라시아,보일링 랍스타 플래터(덜매운맛)
2023-12-22,1,12,Winter,0,0,0,미라시아,보일링 랍스타 플래터(덜매운맛)
2023-12-23,5,12,Winter,1,0,1,미라시아,보일링 랍스타 플래터(덜매운맛)
2023-12-24,4,12,Winter,1,0,1,미라시아,보일링 랍스타 플래터(덜매운맛)
2023-12-25,3,12,Winter,0,1,1,미라시아,보일링 랍스타 플래터(덜매운맛)
2023-12-26,0,12,Winter,0,0,0,미라시아,보일링 랍스타 플래터(덜매운맛)
2023-12-27,3,12,Winter,0,0,0,미라시아,보일링 랍스타 플래터(덜매운맛)
2023-12-28,1,12,Winter,0,0,0,미라시아,보일링 랍스타 플래터(덜매운맛)
2023-12-29,1,12,Winter,0,0,0,미라시아,보일링 랍스타 플래터(덜매운맛)
2023-12-30,0,12,Winter,1,0,1,미라시아,보일링 랍스타 플래터(덜매운맛)
2023-12-31,5,12,Winter,1,0,1,미라시아,보일링 랍스타 플래터(덜매운맛)
2024-01-01,2,1,Winter,0,1,1,미라시아,보일링 랍스타 플래터(덜매운맛)
2024-01-02,0,1,Winter,0,0,0,미라시아,보일링 랍스타 플래터(덜매운맛)
2024-01-03,0,1,Winter,0,0,0,미라시아,보일링 랍스타 플래터(덜매운맛)
2024-01-04,1,1,Winter,0,0,0,미라시아,보일링 랍스타 플래터(덜매운맛)
2024-01-05,0,1,Winter,0,0,0,미라시아,보일링 랍스타 플래터(덜매운맛)
2024-01-06,1,1,Winter,1,0,1,미라시아,보일링 랍스타 플래터(덜매운맛)
2024-01-07,0,1,Winter,1,0,1,미라시아,보일링 랍스타 플래터(덜매운맛)
2024-01-08,0,1,Winter,0,0,0,미라시아,보일링 랍스타 플래터(덜매운맛)
2024-01-09,1,1,Winter,0,0,0,미라시아,보일링 랍스타 플래터(덜매운맛)
2024-01-10,0,1,Winter,0,0,0,미라시아,보일링 랍스타 플래터(덜매운맛)
2024-01-11,0,1,Winter,0,0,0,미라시아,보일링 랍스타 플래터(덜매운맛)
2024-01-12,1,1,Winter,0,0,0,미라시아,보일링 랍스타 플래터(덜매운맛)
2024-01-13,2,1,Winter,1,0,1,미라시아,보일링 랍스타 플래터(덜매운맛)
2024-01-14,0,1,Winter,1,0,1,미라시아,보일링 랍스타 플래터(덜매운맛)
2024-01-15,1,1,Winter,0,0,0,미라시아,보일링 랍스타 플래터(덜매운맛)
2024-01-16,0,1,Winter,0,0,0,미라시아,보일링 랍스타 플래터(덜매운맛)
2024-01-17,1,1,Winter,0,0,0,미라시아,보일링 랍스타 플래터(덜매운맛)
2024-01-18,0,1,Winter,0,0,0,미라시아,보일링 랍스타 플래터(덜매운맛)
2024-01-19,1,1,Winter,0,0,0,미라시아,보일링 랍스타 플래터(덜매운맛)
2024-01-20,1,1,Winter,1,0,1,미라시아,보일링 랍스타 플래터(덜매운맛)
2024-01-21,1,1,Winter,1,0,1,미라시아,보일링 랍스타 플래터(덜매운맛)
2024-01-22,0,1,Winter,0,0,0,미라시아,보일링 랍스타 플래터(덜매운맛)
2024-01-23,1,1,Winter,0,0,0,미라시아,보일링 랍스타 플래터(덜매운맛)
2024-01-24,0,1,Winter,0,0,0,미라시아,보일링 랍스타 플래터(덜매운맛)
2024-01-25,0,1,Winter,0,0,0,미라시아,보일링 랍스타 플래터(덜매운맛)
2024-01-26,0,1,Winter,0,0,0,미라시아,보일링 랍스타 플래터(덜매운맛)
2024-01-27,1,1,Winter,1,0,1,미라시아,보일링 랍스타 플래터(덜매운맛)
2024-01-28,0,1,Winter,1,0,1,미라시아,보일링 랍스타 플래터(덜매운맛)
2024-01-29,0,1,Winter,0,0,0,미라시아,보일링 랍스타 플래터(덜매운맛)
2024-01-30,0,1,Winter,0,0,0,미라시아,보일링 랍스타 플래터(덜매운맛)
2024-01-31,0,1,Winter,0,0,0,미라시아,보일링 랍스타 플래터(덜매운맛)
2024-02-01,1,2,Winter,0,0,0,미라시아,보일링 랍스타 플래터(덜매운맛)
2024-02-02,0,2,Winter,0,0,0,미라시아,보일링 랍스타 플래터(덜매운맛)
2024-02-03,0,2,Winter,1,0,1,미라시아,보일링 랍스타 플래터(덜매운맛)
2024-02-04,0,2,Winter,1,0,1,미라시아,보일링 랍스타 플래터(덜매운맛)
2024-02-05,0,2,Winter,0,0,0,미라시아,보일링 랍스타 플래터(덜매운맛)
2024-02-06,2,2,Winter,0,0,0,미라시아,보일링 랍스타 플래터(덜매운맛)
2024-02-07,1,2,Winter,0,0,0,미라시아,보일링 랍스타 플래터(덜매운맛)
2024-02-08,1,2,Winter,0,0,0,미라시아,보일링 랍스타 플래터(덜매운맛)
2024-02-09,2,2,Winter,0,1,1,미라시아,보일링 랍스타 플래터(덜매운맛)
2024-02-10,3,2,Winter,1,1,1,미라시아,보일링 랍스타 플래터(덜매운맛)
2024-02-11,0,2,Winter,1,1,1,미라시아,보일링 랍스타 플래터(덜매운맛)
2024-02-12,0,2,Winter,0,1,1,미라시아,보일링 랍스타 플래터(덜매운맛)
2024-02-13,0,2,Winter,0,0,0,미라시아,보일링 랍스타 플래터(덜매운맛)
2024-02-14,2,2,Winter,0,0,0,미라시아,보일링 랍스타 플래터(덜매운맛)
2024-02-15,1,2,Winter,0,0,0,미라시아,보일링 랍스타 플래터(덜매운맛)
2024-02-16,3,2,Winter,0,0,0,미라시아,보일링 랍스타 플래터(덜매운맛)
2024-02-17,0,2,Winter,1,0,1,미라시아,보일링 랍스타 플래터(덜매운맛)
2024-02-18,0,2,Winter,1,0,1,미라시아,보일링 랍스타 플래터(덜매운맛)
2024-02-19,0,2,Winter,0,0,0,미라시아,보일링 랍스타 플래터(덜매운맛)
2024-02-20,0,2,Winter,0,0,0,미라시아,보일링 랍스타 플래터(덜매운맛)
2024-02-21,0,2,Winter,0,0,0,미라시아,보일링 랍스타 플래터(덜매운맛)
2024-02-22,0,2,Winter,0,0,0,미라시아,보일링 랍스타 플래터(덜매운맛)
2024-02-23,0,2,Winter,0,0,0,미라시아,보일링 랍스타 플래터(덜매운맛)
2024-02-24,2,2,Winter,1,0,1,미라시아,보일링 랍스타 플래터(덜매운맛)
2024-02-25,1,2,Winter,1,0,1,미라시아,보일링 랍스타 플래터(덜매운맛)
2024-02-26,0,2,Winter,0,0,0,미라시아,보일링 랍스타 플래터(덜매운맛)
2024-02-27,0,2,Winter,0,0,0,미라시아,보일링 랍스타 플래터(덜매운맛)
2024-02-28,0,2,Winter,0,0,0,미라시아,보일링 랍스타 플래터(덜매운맛)
2024-02-29,2,2,Winter,0,0,0,미라시아,보일링 랍스타 플래터(덜매운맛)
2024-03-01,0,3,Spring,0,1,1,미라시아,보일링 랍스타 플래터(덜매운맛)
2024-03-02,1,3,Spring,1,0,1,미라시아,보일링 랍스타 플래터(덜매운맛)
2024-03-03,0,3,Spring,1,0,1,미라시아,보일링 랍스타 플래터(덜매운맛)
2024-03-04,0,3,Spring,0,0,0,미라시아,보일링 랍스타 플래터(덜매운맛)
2024-03-05,0,3,Spring,0,0,0,미라시아,보일링 랍스타 플래터(덜매운맛)
2024-03-06,0,3,Spring,0,0,0,미라시아,보일링 랍스타 플래터(덜매운맛)
2024-03-07,0,3,Spring,0,0,0,미라시아,보일링 랍스타 플래터(덜매운맛)
2024-03-08,0,3,Spring,0,0,0,미라시아,보일링 랍스타 플래터(덜매운맛)
2024-03-09,0,3,Spring,1,0,1,미라시아,보일링 랍스타 플래터(덜매운맛)
2024-03-10,0,3,Spring,1,0,1,미라시아,보일링 랍스타 플래터(덜매운맛)
2024-03-11,0,3,Spring,0,0,0,미라시아,보일링 랍스타 플래터(덜매운맛)
2024-03-12,0,3,Spring,0,0,0,미라시아,보일링 랍스타 플래터(덜매운맛)
2024-03-13,1,3,Spring,0,0,0,미라시아,보일링 랍스타 플래터(덜매운맛)
2024-03-14,0,3,Spring,0,0,0,미라시아,보일링 랍스타 플래터(덜매운맛)
2024-03-15,0,3,Spring,0,0,0,미라시아,보일링 랍스타 플래터(덜매운맛)
2024-03-16,3,3,Spring,1,0,1,미라시아,보일링 랍스타 플래터(덜매운맛)
2024-03-17,1,3,Spring,1,0,1,미라시아,보일링 랍스타 플래터(덜매운맛)
2024-03-18,0,3,Spring,0,0,0,미라시아,보일링 랍스타 플래터(덜매운맛)
2024-03-19,0,3,Spring,0,0,0,미라시아,보일링 랍스타 플래터(덜매운맛)
2024-03-20,0,3,Spring,0,0,0,미라시아,보일링 랍스타 플래터(덜매운맛)
2024-03-21,0,3,Spring,0,0,0,미라시아,보일링 랍스타 플래터(덜매운맛)
2024-03-22,2,3,Spring,0,0,0,미라시아,보일링 랍스타 플래터(덜매운맛)
2024-03-23,2,3,Spring,1,0,1,미라시아,보일링 랍스타 플래터(덜매운맛)
2024-03-24,0,3,Spring,1,0,1,미라시아,보일링 랍스타 플래터(덜매운맛)
2024-03-25,0,3,Spring,0,0,0,미라시아,보일링 랍스타 플래터(덜매운맛)
2024-03-26,0,3,Spring,0,0,0,미라시아,보일링 랍스타 플래터(덜매운맛)
2024-03-27,0,3,Spring,0,0,0,미라시아,보일링 랍스타 플래터(덜매운맛)
2024-03-28,0,3,Spring,0,0,0,미라시아,보일링 랍스타 플래터(덜매운맛)
2024-03-29,0,3,Spring,0,0,0,미라시아,보일링 랍스타 플래터(덜매운맛)
2024-03-30,2,3,Spring,1,0,1,미라시아,보일링 랍스타 플래터(덜매운맛)
2024-03-31,0,3,Spring,1,0,1,미라시아,보일링 랍스타 플래터(덜매운맛)
2024-04-01,0,4,Spring,0,0,0,미라시아,보일링 랍스타 플래터(덜매운맛)
2024-04-02,0,4,Spring,0,0,0,미라시아,보일링 랍스타 플래터(덜매운맛)
2024-04-03,0,4,Spring,0,0,0,미라시아,보일링 랍스타 플래터(덜매운맛)
2024-04-04,0,4,Spring,0,0,0,미라시아,보일링 랍스타 플래터(덜매운맛)
2024-04-05,1,4,Spring,0,0,0,미라시아,보일링 랍스타 플래터(덜매운맛)
2024-04-06,2,4,Spring,1,0,1,미라시아,보일링 랍스타 플래터(덜매운맛)
2024-04-07,0,4,Spring,1,0,1,미라시아,보일링 랍스타 플래터(덜매운맛)
2024-04-08,0,4,Spring,0,0,0,미라시아,보일링 랍스타 플래터(덜매운맛)
2024-04-09,3,4,Spring,0,0,0,미라시아,보일링 랍스타 플래터(덜매운맛)
2024-04-10,1,4,Spring,0,1,1,미라시아,보일링 랍스타 플래터(덜매운맛)
2024-04-11,3,4,Spring,0,0,0,미라시아,보일링 랍스타 플래터(덜매운맛)
2024-04-12,1,4,Spring,0,0,0,미라시아,보일링 랍스타 플래터(덜매운맛)
2024-04-13,1,4,Spring,1,0,1,미라시아,보일링 랍스타 플래터(덜매운맛)
2024-04-14,2,4,Spring,1,0,1,미라시아,보일링 랍스타 플래터(덜매운맛)
2024-04-15,1,4,Spring,0,0,0,미라시아,보일링 랍스타 플래터(덜매운맛)
2024-04-16,1,4,Spring,0,0,0,미라시아,보일링 랍스타 플래터(덜매운맛)
2024-04-17,3,4,Spring,0,0,0,미라시아,보일링 랍스타 플래터(덜매운맛)
2024-04-18,0,4,Spring,0,0,0,미라시아,보일링 랍스타 플래터(덜매운맛)
2024-04-19,1,4,Spring,0,0,0,미라시아,보일링 랍스타 플래터(덜매운맛)
2024-04-20,2,4,Spring,1,0,1,미라시아,보일링 랍스타 플래터(덜매운맛)
2024-04-21,1,4,Spring,1,0,1,미라시아,보일링 랍스타 플래터(덜매운맛)
2024-04-22,0,4,Spring,0,0,0,미라시아,보일링 랍스타 플래터(덜매운맛)
2024-04-23,0,4,Spring,0,0,0,미라시아,보일링 랍스타 플래터(덜매운맛)
2024-04-24,1,4,Spring,0,0,0,미라시아,보일링 랍스타 플래터(덜매운맛)
2024-04-25,0,4,Spring,0,0,0,미라시아,보일링 랍스타 플래터(덜매운맛)
2024-04-26,2,4,Spring,0,0,0,미라시아,보일링 랍스타 플래터(덜매운맛)
2024-04-27,3,4,Spring,1,0,1,미라시아,보일링 랍스타 플래터(덜매운맛)
2024-04-28,1,4,Spring,1,0,1,미라시아,보일링 랍스타 플래터(덜매운맛)
2024-04-29,2,4,Spring,0,0,0,미라시아,보일링 랍스타 플래터(덜매운맛)
2024-04-30,0,4,Spring,0,0,0,미라시아,보일링 랍스타 플래터(덜매운맛)
2024-05-01,1,5,Spring,0,0,0,미라시아,보일링 랍스타 플래터(덜매운맛)
2024-05-02,0,5,Spring,0,0,0,미라시아,보일링 랍스타 플래터(덜매운맛)
2024-05-03,0,5,Spring,0,0,0,미라시아,보일링 랍스타 플래터(덜매운맛)
2024-05-04,4,5,Spring,1,0,1,미라시아,보일링 랍스타 플래터(덜매운맛)
2024-05-05,3,5,Spring,1,1,1,미라시아,보일링 랍스타 플래터(덜매운맛)
2024-05-06,0,5,Spring,0,1,1,미라시아,보일링 랍스타 플래터(덜매운맛)
2024-05-07,1,5,Spring,0,0,0,미라시아,보일링 랍스타 플래터(덜매운맛)
2024-05-08,0,5,Spring,0,0,0,미라시아,보일링 랍스타 플래터(덜매운맛)
2024-05-09,0,5,Spring,0,0,0,미라시아,보일링 랍스타 플래터(덜매운맛)
2024-05-10,0,5,Spring,0,0,0,미라시아,보일링 랍스타 플래터(덜매운맛)
2024-05-11,1,5,Spring,1,0,1,미라시아,보일링 랍스타 플래터(덜매운맛)
2024-05-12,1,5,Spring,1,0,1,미라시아,보일링 랍스타 플래터(덜매운맛)
2024-05-13,0,5,Spring,0,0,0,미라시아,보일링 랍스타 플래터(덜매운맛)
2024-05-14,1,5,Spring,0,0,0,미라시아,보일링 랍스타 플래터(덜매운맛)
2024-05-15,0,5,Spring,0,1,1,미라시아,보일링 랍스타 플래터(덜매운맛)
2024-05-16,0,5,Spring,0,0,0,미라시아,보일링 랍스타 플래터(덜매운맛)
2024-05-17,0,5,Spring,0,0,0,미라시아,보일링 랍스타 플래터(덜매운맛)
2024-05-18,1,5,Spring,1,0,1,미라시아,보일링 랍스타 플래터(덜매운맛)
2024-05-19,0,5,Spring,1,0,1,미라시아,보일링 랍스타 플래터(덜매운맛)
2024-05-20,0,5,Spring,0,0,0,미라시아,보일링 랍스타 플래터(덜매운맛)
2024-05-21,0,5,Spring,0,0,0,미라시아,보일링 랍스타 플래터(덜매운맛)
2024-05-22,0,5,Spring,0,0,0,미라시아,보일링 랍스타 플래터(덜매운맛)
2024-05-23,0,5,Spring,0,0,0,미라시아,보일링 랍스타 플래터(덜매운맛)
2024-05-24,0,5,Spring,0,0,0,미라시아,보일링 랍스타 플래터(덜매운맛)
2024-05-25,2,5,Spring,1,0,1,미라시아,보일링 랍스타 플래터(덜매운맛)
2024-05-26,1,5,Spring,1,0,1,미라시아,보일링 랍스타 플래터(덜매운맛)
2024-05-27,0,5,Spring,0,0,0,미라시아,보일링 랍스타 플래터(덜매운맛)
2024-05-28,0,5,Spring,0,0,0,미라시아,보일링 랍스타 플래터(덜매운맛)
2024-05-29,0,5,Spring,0,0,0,미라시아,보일링 랍스타 플래터(덜매운맛)
2024-05-30,0,5,Spring,0,0,0,미라시아,보일링 랍스타 플래터(덜매운맛)
2024-05-31,0,5,Spring,0,0,0,미라시아,보일링 랍스타 플래터(덜매운맛)
2024-06-01,1,6,Summer,1,0,1,미라시아,보일링 랍스타 플래터(덜매운맛)
2024-06-02,0,6,Summer,1,0,1,미라시아,보일링 랍스타 플래터(덜매운맛)
2024-06-03,0,6,Summer,0,0,0,미라시아,보일링 랍스타 플래터(덜매운맛)
2024-06-04,0,6,Summer,0,0,0,미라시아,보일링 랍스타 플래터(덜매운맛)
2024-06-05,2,6,Summer,0,0,0,미라시아,보일링 랍스타 플래터(덜매운맛)
2024-06-06,0,6,Summer,0,1,1,미라시아,보일링 랍스타 플래터(덜매운맛)
2024-06-07,0,6,Summer,0,0,0,미라시아,보일링 랍스타 플래터(덜매운맛)
2024-06-08,1,6,Summer,1,0,1,미라시아,보일링 랍스타 플래터(덜매운맛)
2024-06-09,0,6,Summer,1,0,1,미라시아,보일링 랍스타 플래터(덜매운맛)
2024-06-10,0,6,Summer,0,0,0,미라시아,보일링 랍스타 플래터(덜매운맛)
2024-06-11,0,6,Summer,0,0,0,미라시아,보일링 랍스타 플래터(덜매운맛)
2024-06-12,1,6,Summer,0,0,0,미라시아,보일링 랍스타 플래터(덜매운맛)
2024-06-13,0,6,Summer,0,0,0,미라시아,보일링 랍스타 플래터(덜매운맛)
2024-06-14,0,6,Summer,0,0,0,미라시아,보일링 랍스타 플래터(덜매운맛)
2024-06-15,3,6,Summer,1,0,1,미라시아,보일링 랍스타 플래터(덜매운맛)
2023-01-01,3,1,Winter,1,1,1,미라시아,브런치 2인 패키지 
2023-01-02,29,1,Winter,0,0,0,미라시아,브런치 2인 패키지 
2023-01-03,15,1,Winter,0,0,0,미라시아,브런치 2인 패키지 
2023-01-04,14,1,Winter,0,0,0,미라시아,브런치 2인 패키지 
2023-01-05,9,1,Winter,0,0,0,미라시아,브런치 2인 패키지 
2023-01-06,26,1,Winter,0,0,0,미라시아,브런치 2인 패키지 
2023-01-07,18,1,Winter,1,0,1,미라시아,브런치 2인 패키지 
2023-01-08,1,1,Winter,1,0,1,미라시아,브런치 2인 패키지 
2023-01-09,15,1,Winter,0,0,0,미라시아,브런치 2인 패키지 
2023-01-10,15,1,Winter,0,0,0,미라시아,브런치 2인 패키지 
2023-01-11,7,1,Winter,0,0,0,미라시아,브런치 2인 패키지 
2023-01-12,3,1,Winter,0,0,0,미라시아,브런치 2인 패키지 
2023-01-13,6,1,Winter,0,0,0,미라시아,브런치 2인 패키지 
2023-01-14,355,1,Winter,1,0,1,미라시아,브런치 2인 패키지 
2023-01-15,4,1,Winter,1,0,1,미라시아,브런치 2인 패키지 
2023-01-16,16,1,Winter,0,0,0,미라시아,브런치 2인 패키지 
2023-01-17,9,1,Winter,0,0,0,미라시아,브런치 2인 패키지 
2023-01-18,4,1,Winter,0,0,0,미라시아,브런치 2인 패키지 
2023-01-19,8,1,Winter,0,0,0,미라시아,브런치 2인 패키지 
2023-01-20,11,1,Winter,0,0,0,미라시아,브런치 2인 패키지 
2023-01-21,30,1,Winter,1,1,1,미라시아,브런치 2인 패키지 
2023-01-22,6,1,Winter,1,1,1,미라시아,브런치 2인 패키지 
2023-01-23,4,1,Winter,0,1,1,미라시아,브런치 2인 패키지 
2023-01-24,7,1,Winter,0,1,1,미라시아,브런치 2인 패키지 
2023-01-25,25,1,Winter,0,0,0,미라시아,브런치 2인 패키지 
2023-01-26,12,1,Winter,0,0,0,미라시아,브런치 2인 패키지 
2023-01-27,9,1,Winter,0,0,0,미라시아,브런치 2인 패키지 
2023-01-28,23,1,Winter,1,0,1,미라시아,브런치 2인 패키지 
2023-01-29,8,1,Winter,1,0,1,미라시아,브런치 2인 패키지 
2023-01-30,22,1,Winter,0,0,0,미라시아,브런치 2인 패키지 
2023-01-31,8,1,Winter,0,0,0,미라시아,브런치 2인 패키지 
2023-02-01,6,2,Winter,0,0,0,미라시아,브런치 2인 패키지 
2023-02-02,6,2,Winter,0,0,0,미라시아,브런치 2인 패키지 
2023-02-03,2,2,Winter,0,0,0,미라시아,브런치 2인 패키지 
2023-02-04,35,2,Winter,1,0,1,미라시아,브런치 2인 패키지 
2023-02-05,7,2,Winter,1,0,1,미라시아,브런치 2인 패키지 
2023-02-06,25,2,Winter,0,0,0,미라시아,브런치 2인 패키지 
2023-02-07,11,2,Winter,0,0,0,미라시아,브런치 2인 패키지 
2023-02-08,5,2,Winter,0,0,0,미라시아,브런치 2인 패키지 
2023-02-09,9,2,Winter,0,0,0,미라시아,브런치 2인 패키지 
2023-02-10,6,2,Winter,0,0,0,미라시아,브런치 2인 패키지 
2023-02-11,36,2,Winter,1,0,1,미라시아,브런치 2인 패키지 
2023-02-12,5,2,Winter,1,0,1,미라시아,브런치 2인 패키지 
2023-02-13,20,2,Winter,0,0,0,미라시아,브런치 2인 패키지 
2023-02-14,4,2,Winter,0,0,0,미라시아,브런치 2인 패키지 
2023-02-15,2,2,Winter,0,0,0,미라시아,브런치 2인 패키지 
2023-02-16,6,2,Winter,0,0,0,미라시아,브런치 2인 패키지 
2023-02-17,8,2,Winter,0,0,0,미라시아,브런치 2인 패키지 
2023-02-18,21,2,Winter,1,0,1,미라시아,브런치 2인 패키지 
2023-02-19,5,2,Winter,1,0,1,미라시아,브런치 2인 패키지 
2023-02-20,27,2,Winter,0,0,0,미라시아,브런치 2인 패키지 
2023-02-21,7,2,Winter,0,0,0,미라시아,브런치 2인 패키지 
2023-02-22,8,2,Winter,0,0,0,미라시아,브런치 2인 패키지 
2023-02-23,4,2,Winter,0,0,0,미라시아,브런치 2인 패키지 
2023-02-24,10,2,Winter,0,0,0,미라시아,브런치 2인 패키지 
2023-02-25,33,2,Winter,1,0,1,미라시아,브런치 2인 패키지 
2023-02-26,10,2,Winter,1,0,1,미라시아,브런치 2인 패키지 
2023-02-27,40,2,Winter,0,0,0,미라시아,브런치 2인 패키지 
2023-02-28,14,2,Winter,0,0,0,미라시아,브런치 2인 패키지 
2023-03-01,30,3,Spring,0,1,1,미라시아,브런치 2인 패키지 
2023-03-02,0,3,Spring,0,0,0,미라시아,브런치 2인 패키지 
2023-03-03,0,3,Spring,0,0,0,미라시아,브런치 2인 패키지 
2023-03-04,0,3,Spring,1,0,1,미라시아,브런치 2인 패키지 
2023-03-05,0,3,Spring,1,0,1,미라시아,브런치 2인 패키지 
2023-03-06,0,3,Spring,0,0,0,미라시아,브런치 2인 패키지 
2023-03-07,0,3,Spring,0,0,0,미라시아,브런치 2인 패키지 
2023-03-08,0,3,Spring,0,0,0,미라시아,브런치 2인 패키지 
2023-03-09,0,3,Spring,0,0,0,미라시아,브런치 2인 패키지 
2023-03-10,0,3,Spring,0,0,0,미라시아,브런치 2인 패키지 
2023-03-11,0,3,Spring,1,0,1,미라시아,브런치 2인 패키지 
2023-03-12,0,3,Spring,1,0,1,미라시아,브런치 2인 패키지 
2023-03-13,1,3,Spring,0,0,0,미라시아,브런치 2인 패키지 
2023-03-14,0,3,Spring,0,0,0,미라시아,브런치 2인 패키지 
2023-03-15,0,3,Spring,0,0,0,미라시아,브런치 2인 패키지 
2023-03-16,0,3,Spring,0,0,0,미라시아,브런치 2인 패키지 
2023-03-17,0,3,Spring,0,0,0,미라시아,브런치 2인 패키지 
2023-03-18,0,3,Spring,1,0,1,미라시아,브런치 2인 패키지 
2023-03-19,5,3,Spring,1,0,1,미라시아,브런치 2인 패키지 
2023-03-20,3,3,Spring,0,0,0,미라시아,브런치 2인 패키지 
2023-03-21,0,3,Spring,0,0,0,미라시아,브런치 2인 패키지 
2023-03-22,0,3,Spring,0,0,0,미라시아,브런치 2인 패키지 
2023-03-23,0,3,Spring,0,0,0,미라시아,브런치 2인 패키지 
2023-03-24,0,3,Spring,0,0,0,미라시아,브런치 2인 패키지 
2023-03-25,0,3,Spring,1,0,1,미라시아,브런치 2인 패키지 
2023-03-26,5,3,Spring,1,0,1,미라시아,브런치 2인 패키지 
2023-03-27,0,3,Spring,0,0,0,미라시아,브런치 2인 패키지 
2023-03-28,1,3,Spring,0,0,0,미라시아,브런치 2인 패키지 
2023-03-29,0,3,Spring,0,0,0,미라시아,브런치 2인 패키지 
2023-03-30,0,3,Spring,0,0,0,미라시아,브런치 2인 패키지 
2023-03-31,1,3,Spring,0,0,0,미라시아,브런치 2인 패키지 
2023-04-01,6,4,Spring,1,0,1,미라시아,브런치 2인 패키지 
2023-04-02,2,4,Spring,1,0,1,미라시아,브런치 2인 패키지 
2023-04-03,1,4,Spring,0,0,0,미라시아,브런치 2인 패키지 
2023-04-04,1,4,Spring,0,0,0,미라시아,브런치 2인 패키지 
2023-04-05,1,4,Spring,0,0,0,미라시아,브런치 2인 패키지 
2023-04-06,0,4,Spring,0,0,0,미라시아,브런치 2인 패키지 
2023-04-07,1,4,Spring,0,0,0,미라시아,브런치 2인 패키지 
2023-04-08,8,4,Spring,1,0,1,미라시아,브런치 2인 패키지 
2023-04-09,0,4,Spring,1,0,1,미라시아,브런치 2인 패키지 
2023-04-10,3,4,Spring,0,0,0,미라시아,브런치 2인 패키지 
2023-04-11,1,4,Spring,0,0,0,미라시아,브런치 2인 패키지 
2023-04-12,7,4,Spring,0,0,0,미라시아,브런치 2인 패키지 
2023-04-13,2,4,Spring,0,0,0,미라시아,브런치 2인 패키지 
2023-04-14,5,4,Spring,0,0,0,미라시아,브런치 2인 패키지 
2023-04-15,13,4,Spring,1,0,1,미라시아,브런치 2인 패키지 
2023-04-16,1,4,Spring,1,0,1,미라시아,브런치 2인 패키지 
2023-04-17,3,4,Spring,0,0,0,미라시아,브런치 2인 패키지 
2023-04-18,2,4,Spring,0,0,0,미라시아,브런치 2인 패키지 
2023-04-19,3,4,Spring,0,0,0,미라시아,브런치 2인 패키지 
2023-04-20,2,4,Spring,0,0,0,미라시아,브런치 2인 패키지 
2023-04-21,1,4,Spring,0,0,0,미라시아,브런치 2인 패키지 
2023-04-22,16,4,Spring,1,0,1,미라시아,브런치 2인 패키지 
2023-04-23,3,4,Spring,1,0,1,미라시아,브런치 2인 패키지 
2023-04-24,8,4,Spring,0,0,0,미라시아,브런치 2인 패키지 
2023-04-25,3,4,Spring,0,0,0,미라시아,브런치 2인 패키지 
2023-04-26,2,4,Spring,0,0,0,미라시아,브런치 2인 패키지 
2023-04-27,4,4,Spring,0,0,0,미라시아,브런치 2인 패키지 
2023-04-28,2,4,Spring,0,0,0,미라시아,브런치 2인 패키지 
2023-04-29,16,4,Spring,1,0,1,미라시아,브런치 2인 패키지 
2023-04-30,3,4,Spring,1,0,1,미라시아,브런치 2인 패키지 
2023-05-01,19,5,Spring,0,0,0,미라시아,브런치 2인 패키지 
2023-05-02,4,5,Spring,0,0,0,미라시아,브런치 2인 패키지 
2023-05-03,2,5,Spring,0,0,0,미라시아,브런치 2인 패키지 
2023-05-04,3,5,Spring,0,0,0,미라시아,브런치 2인 패키지 
2023-05-05,23,5,Spring,0,1,1,미라시아,브런치 2인 패키지 
2023-05-06,4,5,Spring,1,0,1,미라시아,브런치 2인 패키지 
2023-05-07,2,5,Spring,1,0,1,미라시아,브런치 2인 패키지 
2023-05-08,7,5,Spring,0,0,0,미라시아,브런치 2인 패키지 
2023-05-09,2,5,Spring,0,0,0,미라시아,브런치 2인 패키지 
2023-05-10,3,5,Spring,0,0,0,미라시아,브런치 2인 패키지 
2023-05-11,1,5,Spring,0,0,0,미라시아,브런치 2인 패키지 
2023-05-12,1,5,Spring,0,0,0,미라시아,브런치 2인 패키지 
2023-05-13,10,5,Spring,1,0,1,미라시아,브런치 2인 패키지 
2023-05-14,3,5,Spring,1,0,1,미라시아,브런치 2인 패키지 
2023-05-15,4,5,Spring,0,0,0,미라시아,브런치 2인 패키지 
2023-05-16,0,5,Spring,0,0,0,미라시아,브런치 2인 패키지 
2023-05-17,2,5,Spring,0,0,0,미라시아,브런치 2인 패키지 
2023-05-18,0,5,Spring,0,0,0,미라시아,브런치 2인 패키지 
2023-05-19,1,5,Spring,0,0,0,미라시아,브런치 2인 패키지 
2023-05-20,10,5,Spring,1,0,1,미라시아,브런치 2인 패키지 
2023-05-21,4,5,Spring,1,0,1,미라시아,브런치 2인 패키지 
2023-05-22,4,5,Spring,0,0,0,미라시아,브런치 2인 패키지 
2023-05-23,1,5,Spring,0,0,0,미라시아,브런치 2인 패키지 
2023-05-24,2,5,Spring,0,0,0,미라시아,브런치 2인 패키지 
2023-05-25,1,5,Spring,0,0,0,미라시아,브런치 2인 패키지 
2023-05-26,3,5,Spring,0,0,0,미라시아,브런치 2인 패키지 
2023-05-27,13,5,Spring,1,1,1,미라시아,브런치 2인 패키지 
2023-05-28,6,5,Spring,1,0,1,미라시아,브런치 2인 패키지 
2023-05-29,16,5,Spring,0,1,1,미라시아,브런치 2인 패키지 
2023-05-30,1,5,Spring,0,0,0,미라시아,브런치 2인 패키지 
2023-05-31,1,5,Spring,0,0,0,미라시아,브런치 2인 패키지 
2023-06-01,0,6,Summer,0,0,0,미라시아,브런치 2인 패키지 
2023-06-02,2,6,Summer,0,0,0,미라시아,브런치 2인 패키지 
2023-06-03,14,6,Summer,1,0,1,미라시아,브런치 2인 패키지 
2023-06-04,7,6,Summer,1,0,1,미라시아,브런치 2인 패키지 
2023-06-05,11,6,Summer,0,0,0,미라시아,브런치 2인 패키지 
2023-06-06,17,6,Summer,0,1,1,미라시아,브런치 2인 패키지 
2023-06-07,7,6,Summer,0,0,0,미라시아,브런치 2인 패키지 
2023-06-08,4,6,Summer,0,0,0,미라시아,브런치 2인 패키지 
2023-06-09,2,6,Summer,0,0,0,미라시아,브런치 2인 패키지 
2023-06-10,13,6,Summer,1,0,1,미라시아,브런치 2인 패키지 
2023-06-11,1,6,Summer,1,0,1,미라시아,브런치 2인 패키지 
2023-06-12,4,6,Summer,0,0,0,미라시아,브런치 2인 패키지 
2023-06-13,1,6,Summer,0,0,0,미라시아,브런치 2인 패키지 
2023-06-14,2,6,Summer,0,0,0,미라시아,브런치 2인 패키지 
2023-06-15,1,6,Summer,0,0,0,미라시아,브런치 2인 패키지 
2023-06-16,3,6,Summer,0,0,0,미라시아,브런치 2인 패키지 
2023-06-17,7,6,Summer,1,0,1,미라시아,브런치 2인 패키지 
2023-06-18,7,6,Summer,1,0,1,미라시아,브런치 2인 패키지 
2023-06-19,7,6,Summer,0,0,0,미라시아,브런치 2인 패키지 
2023-06-20,1,6,Summer,0,0,0,미라시아,브런치 2인 패키지 
2023-06-21,1,6,Summer,0,0,0,미라시아,브런치 2인 패키지 
2023-06-22,4,6,Summer,0,0,0,미라시아,브런치 2인 패키지 
2023-06-23,2,6,Summer,0,0,0,미라시아,브런치 2인 패키지 
2023-06-24,13,6,Summer,1,0,1,미라시아,브런치 2인 패키지 
2023-06-25,6,6,Summer,1,0,1,미라시아,브런치 2인 패키지 
2023-06-26,5,6,Summer,0,0,0,미라시아,브런치 2인 패키지 
2023-06-27,0,6,Summer,0,0,0,미라시아,브런치 2인 패키지 
2023-06-28,3,6,Summer,0,0,0,미라시아,브런치 2인 패키지 
2023-06-29,6,6,Summer,0,0,0,미라시아,브런치 2인 패키지 
2023-06-30,4,6,Summer,0,0,0,미라시아,브런치 2인 패키지 
2023-07-01,10,7,Summer,1,0,1,미라시아,브런치 2인 패키지 
2023-07-02,2,7,Summer,1,0,1,미라시아,브런치 2인 패키지 
2023-07-03,7,7,Summer,0,0,0,미라시아,브런치 2인 패키지 
2023-07-04,1,7,Summer,0,0,0,미라시아,브런치 2인 패키지 
2023-07-05,2,7,Summer,0,0,0,미라시아,브런치 2인 패키지 
2023-07-06,2,7,Summer,0,0,0,미라시아,브런치 2인 패키지 
2023-07-07,3,7,Summer,0,0,0,미라시아,브런치 2인 패키지 
2023-07-08,7,7,Summer,1,0,1,미라시아,브런치 2인 패키지 
2023-07-09,1,7,Summer,1,0,1,미라시아,브런치 2인 패키지 
2023-07-10,2,7,Summer,0,0,0,미라시아,브런치 2인 패키지 
2023-07-11,1,7,Summer,0,0,0,미라시아,브런치 2인 패키지 
2023-07-12,0,7,Summer,0,0,0,미라시아,브런치 2인 패키지 
2023-07-13,1,7,Summer,0,0,0,미라시아,브런치 2인 패키지 
2023-07-14,4,7,Summer,0,0,0,미라시아,브런치 2인 패키지 
2023-07-15,12,7,Summer,1,0,1,미라시아,브런치 2인 패키지 
2023-07-16,5,7,Summer,1,0,1,미라시아,브런치 2인 패키지 
2023-07-17,3,7,Summer,0,0,0,미라시아,브런치 2인 패키지 
2023-07-18,0,7,Summer,0,0,0,미라시아,브런치 2인 패키지 
2023-07-19,2,7,Summer,0,0,0,미라시아,브런치 2인 패키지 
2023-07-20,3,7,Summer,0,0,0,미라시아,브런치 2인 패키지 
2023-07-21,7,7,Summer,0,0,0,미라시아,브런치 2인 패키지 
2023-07-22,10,7,Summer,1,0,1,미라시아,브런치 2인 패키지 
2023-07-23,5,7,Summer,1,0,1,미라시아,브런치 2인 패키지 
2023-07-24,14,7,Summer,0,0,0,미라시아,브런치 2인 패키지 
2023-07-25,16,7,Summer,0,0,0,미라시아,브런치 2인 패키지 
2023-07-26,9,7,Summer,0,0,0,미라시아,브런치 2인 패키지 
2023-07-27,16,7,Summer,0,0,0,미라시아,브런치 2인 패키지 
2023-07-28,19,7,Summer,0,0,0,미라시아,브런치 2인 패키지 
2023-07-29,16,7,Summer,1,0,1,미라시아,브런치 2인 패키지 
2023-07-30,4,7,Summer,1,0,1,미라시아,브런치 2인 패키지 
2023-07-31,28,7,Summer,0,0,0,미라시아,브런치 2인 패키지 
2023-08-01,28,8,Summer,0,0,0,미라시아,브런치 2인 패키지 
2023-08-02,12,8,Summer,0,0,0,미라시아,브런치 2인 패키지 
2023-08-03,19,8,Summer,0,0,0,미라시아,브런치 2인 패키지 
2023-08-04,14,8,Summer,0,0,0,미라시아,브런치 2인 패키지 
2023-08-05,16,8,Summer,1,0,1,미라시아,브런치 2인 패키지 
2023-08-06,10,8,Summer,1,0,1,미라시아,브런치 2인 패키지 
2023-08-07,17,8,Summer,0,0,0,미라시아,브런치 2인 패키지 
2023-08-08,20,8,Summer,0,0,0,미라시아,브런치 2인 패키지 
2023-08-09,23,8,Summer,0,0,0,미라시아,브런치 2인 패키지 
2023-08-10,18,8,Summer,0,0,0,미라시아,브런치 2인 패키지 
2023-08-11,14,8,Summer,0,0,0,미라시아,브런치 2인 패키지 
2023-08-12,13,8,Summer,1,0,1,미라시아,브런치 2인 패키지 
2023-08-13,6,8,Summer,1,0,1,미라시아,브런치 2인 패키지 
2023-08-14,26,8,Summer,0,0,0,미라시아,브런치 2인 패키지 
2023-08-15,13,8,Summer,0,1,1,미라시아,브런치 2인 패키지 
2023-08-16,15,8,Summer,0,0,0,미라시아,브런치 2인 패키지 
2023-08-17,9,8,Summer,0,0,0,미라시아,브런치 2인 패키지 
2023-08-18,6,8,Summer,0,0,0,미라시아,브런치 2인 패키지 
2023-08-19,2,8,Summer,1,0,1,미라시아,브런치 2인 패키지 
2023-08-20,4,8,Summer,1,0,1,미라시아,브런치 2인 패키지 
2023-08-21,7,8,Summer,0,0,0,미라시아,브런치 2인 패키지 
2023-08-22,3,8,Summer,0,0,0,미라시아,브런치 2인 패키지 
2023-08-23,1,8,Summer,0,0,0,미라시아,브런치 2인 패키지 
2023-08-24,1,8,Summer,0,0,0,미라시아,브런치 2인 패키지 
2023-08-25,10,8,Summer,0,0,0,미라시아,브런치 2인 패키지 
2023-08-26,20,8,Summer,1,0,1,미라시아,브런치 2인 패키지 
2023-08-27,4,8,Summer,1,0,1,미라시아,브런치 2인 패키지 
2023-08-28,12,8,Summer,0,0,0,미라시아,브런치 2인 패키지 
2023-08-29,3,8,Summer,0,0,0,미라시아,브런치 2인 패키지 
2023-08-30,1,8,Summer,0,0,0,미라시아,브런치 2인 패키지 
2023-08-31,4,8,Summer,0,0,0,미라시아,브런치 2인 패키지 
2023-09-01,2,9,Autumn,0,0,0,미라시아,브런치 2인 패키지 
2023-09-02,4,9,Autumn,1,0,1,미라시아,브런치 2인 패키지 
2023-09-03,4,9,Autumn,1,0,1,미라시아,브런치 2인 패키지 
2023-09-04,11,9,Autumn,0,0,0,미라시아,브런치 2인 패키지 
2023-09-05,5,9,Autumn,0,0,0,미라시아,브런치 2인 패키지 
2023-09-06,3,9,Autumn,0,0,0,미라시아,브런치 2인 패키지 
2023-09-07,5,9,Autumn,0,0,0,미라시아,브런치 2인 패키지 
2023-09-08,5,9,Autumn,0,0,0,미라시아,브런치 2인 패키지 
2023-09-09,5,9,Autumn,1,0,1,미라시아,브런치 2인 패키지 
2023-09-10,5,9,Autumn,1,0,1,미라시아,브런치 2인 패키지 
2023-09-11,9,9,Autumn,0,0,0,미라시아,브런치 2인 패키지 
2023-09-12,1,9,Autumn,0,0,0,미라시아,브런치 2인 패키지 
2023-09-13,2,9,Autumn,0,0,0,미라시아,브런치 2인 패키지 
2023-09-14,2,9,Autumn,0,0,0,미라시아,브런치 2인 패키지 
2023-09-15,3,9,Autumn,0,0,0,미라시아,브런치 2인 패키지 
2023-09-16,9,9,Autumn,1,0,1,미라시아,브런치 2인 패키지 
2023-09-17,4,9,Autumn,1,0,1,미라시아,브런치 2인 패키지 
2023-09-18,11,9,Autumn,0,0,0,미라시아,브런치 2인 패키지 
2023-09-19,1,9,Autumn,0,0,0,미라시아,브런치 2인 패키지 
2023-09-20,3,9,Autumn,0,0,0,미라시아,브런치 2인 패키지 
2023-09-21,3,9,Autumn,0,0,0,미라시아,브런치 2인 패키지 
2023-09-22,4,9,Autumn,0,0,0,미라시아,브런치 2인 패키지 
2023-09-23,13,9,Autumn,1,0,1,미라시아,브런치 2인 패키지 
2023-09-24,11,9,Autumn,1,0,1,미라시아,브런치 2인 패키지 
2023-09-25,3,9,Autumn,0,0,0,미라시아,브런치 2인 패키지 
2023-09-26,4,9,Autumn,0,0,0,미라시아,브런치 2인 패키지 
2023-09-27,1,9,Autumn,0,0,0,미라시아,브런치 2인 패키지 
2023-09-28,31,9,Autumn,0,1,1,미라시아,브런치 2인 패키지 
2023-09-29,5,9,Autumn,0,1,1,미라시아,브런치 2인 패키지 
2023-09-30,10,9,Autumn,1,1,1,미라시아,브런치 2인 패키지 
2023-10-01,9,10,Autumn,1,0,1,미라시아,브런치 2인 패키지 
2023-10-02,20,10,Autumn,0,1,1,미라시아,브런치 2인 패키지 
2023-10-03,31,10,Autumn,0,1,1,미라시아,브런치 2인 패키지 
2023-10-04,13,10,Autumn,0,0,0,미라시아,브런치 2인 패키지 
2023-10-05,4,10,Autumn,0,0,0,미라시아,브런치 2인 패키지 
2023-10-06,3,10,Autumn,0,0,0,미라시아,브런치 2인 패키지 
2023-10-07,17,10,Autumn,1,0,1,미라시아,브런치 2인 패키지 
2023-10-08,5,10,Autumn,1,0,1,미라시아,브런치 2인 패키지 
2023-10-09,9,10,Autumn,0,1,1,미라시아,브런치 2인 패키지 
2023-10-10,16,10,Autumn,0,0,0,미라시아,브런치 2인 패키지 
2023-10-11,3,10,Autumn,0,0,0,미라시아,브런치 2인 패키지 
2023-10-12,6,10,Autumn,0,0,0,미라시아,브런치 2인 패키지 
2023-10-13,10,10,Autumn,0,0,0,미라시아,브런치 2인 패키지 
2023-10-14,16,10,Autumn,1,0,1,미라시아,브런치 2인 패키지 
2023-10-15,3,10,Autumn,1,0,1,미라시아,브런치 2인 패키지 
2023-10-16,21,10,Autumn,0,0,0,미라시아,브런치 2인 패키지 
2023-10-17,9,10,Autumn,0,0,0,미라시아,브런치 2인 패키지 
2023-10-18,16,10,Autumn,0,0,0,미라시아,브런치 2인 패키지 
2023-10-19,13,10,Autumn,0,0,0,미라시아,브런치 2인 패키지 
2023-10-20,10,10,Autumn,0,0,0,미라시아,브런치 2인 패키지 
2023-10-21,13,10,Autumn,1,0,1,미라시아,브런치 2인 패키지 
2023-10-22,9,10,Autumn,1,0,1,미라시아,브런치 2인 패키지 
2023-10-23,23,10,Autumn,0,0,0,미라시아,브런치 2인 패키지 
2023-10-24,9,10,Autumn,0,0,0,미라시아,브런치 2인 패키지 
2023-10-25,13,10,Autumn,0,0,0,미라시아,브런치 2인 패키지 
2023-10-26,14,10,Autumn,0,0,0,미라시아,브런치 2인 패키지 
2023-10-27,16,10,Autumn,0,0,0,미라시아,브런치 2인 패키지 
2023-10-28,22,10,Autumn,1,0,1,미라시아,브런치 2인 패키지 
2023-10-29,8,10,Autumn,1,0,1,미라시아,브런치 2인 패키지 
2023-10-30,22,10,Autumn,0,0,0,미라시아,브런치 2인 패키지 
2023-10-31,15,10,Autumn,0,0,0,미라시아,브런치 2인 패키지 
2023-11-01,12,11,Autumn,0,0,0,미라시아,브런치 2인 패키지 
2023-11-02,11,11,Autumn,0,0,0,미라시아,브런치 2인 패키지 
2023-11-03,12,11,Autumn,0,0,0,미라시아,브런치 2인 패키지 
2023-11-04,12,11,Autumn,1,0,1,미라시아,브런치 2인 패키지 
2023-11-05,5,11,Autumn,1,0,1,미라시아,브런치 2인 패키지 
2023-11-06,17,11,Autumn,0,0,0,미라시아,브런치 2인 패키지 
2023-11-07,8,11,Autumn,0,0,0,미라시아,브런치 2인 패키지 
2023-11-08,10,11,Autumn,0,0,0,미라시아,브런치 2인 패키지 
2023-11-09,8,11,Autumn,0,0,0,미라시아,브런치 2인 패키지 
2023-11-10,3,11,Autumn,0,0,0,미라시아,브런치 2인 패키지 
2023-11-11,14,11,Autumn,1,0,1,미라시아,브런치 2인 패키지 
2023-11-12,11,11,Autumn,1,0,1,미라시아,브런치 2인 패키지 
2023-11-13,23,11,Autumn,0,0,0,미라시아,브런치 2인 패키지 
2023-11-14,10,11,Autumn,0,0,0,미라시아,브런치 2인 패키지 
2023-11-15,11,11,Autumn,0,0,0,미라시아,브런치 2인 패키지 
2023-11-16,6,11,Autumn,0,0,0,미라시아,브런치 2인 패키지 
2023-11-17,7,11,Autumn,0,0,0,미라시아,브런치 2인 패키지 
2023-11-18,19,11,Autumn,1,0,1,미라시아,브런치 2인 패키지 
2023-11-19,11,11,Autumn,1,0,1,미라시아,브런치 2인 패키지 
2023-11-20,17,11,Autumn,0,0,0,미라시아,브런치 2인 패키지 
2023-11-21,6,11,Autumn,0,0,0,미라시아,브런치 2인 패키지 
2023-11-22,2,11,Autumn,0,0,0,미라시아,브런치 2인 패키지 
2023-11-23,3,11,Autumn,0,0,0,미라시아,브런치 2인 패키지 
2023-11-24,7,11,Autumn,0,0,0,미라시아,브런치 2인 패키지 
2023-11-25,13,11,Autumn,1,0,1,미라시아,브런치 2인 패키지 
2023-11-26,10,11,Autumn,1,0,1,미라시아,브런치 2인 패키지 
2023-11-27,12,11,Autumn,0,0,0,미라시아,브런치 2인 패키지 
2023-11-28,2,11,Autumn,0,0,0,미라시아,브런치 2인 패키지 
2023-11-29,1,11,Autumn,0,0,0,미라시아,브런치 2인 패키지 
2023-11-30,2,11,Autumn,0,0,0,미라시아,브런치 2인 패키지 
2023-12-01,3,12,Winter,0,0,0,미라시아,브런치 2인 패키지 
2023-12-02,10,12,Winter,1,0,1,미라시아,브런치 2인 패키지 
2023-12-03,6,12,Winter,1,0,1,미라시아,브런치 2인 패키지 
2023-12-04,4,12,Winter,0,0,0,미라시아,브런치 2인 패키지 
2023-12-05,3,12,Winter,0,0,0,미라시아,브런치 2인 패키지 
2023-12-06,0,12,Winter,0,0,0,미라시아,브런치 2인 패키지 
2023-12-07,0,12,Winter,0,0,0,미라시아,브런치 2인 패키지 
2023-12-08,3,12,Winter,0,0,0,미라시아,브런치 2인 패키지 
2023-12-09,8,12,Winter,1,0,1,미라시아,브런치 2인 패키지 
2023-12-10,4,12,Winter,1,0,1,미라시아,브런치 2인 패키지 
2023-12-11,10,12,Winter,0,0,0,미라시아,브런치 2인 패키지 
2023-12-12,0,12,Winter,0,0,0,미라시아,브런치 2인 패키지 
2023-12-13,1,12,Winter,0,0,0,미라시아,브런치 2인 패키지 
2023-12-14,0,12,Winter,0,0,0,미라시아,브런치 2인 패키지 
2023-12-15,3,12,Winter,0,0,0,미라시아,브런치 2인 패키지 
2023-12-16,2,12,Winter,1,0,1,미라시아,브런치 2인 패키지 
2023-12-17,0,12,Winter,1,0,1,미라시아,브런치 2인 패키지 
2023-12-18,1,12,Winter,0,0,0,미라시아,브런치 2인 패키지 
2023-12-19,3,12,Winter,0,0,0,미라시아,브런치 2인 패키지 
2023-12-20,3,12,Winter,0,0,0,미라시아,브런치 2인 패키지 
2023-12-21,4,12,Winter,0,0,0,미라시아,브런치 2인 패키지 
2023-12-22,1,12,Winter,0,0,0,미라시아,브런치 2인 패키지 
2023-12-23,3,12,Winter,1,0,1,미라시아,브런치 2인 패키지 
2023-12-24,1,12,Winter,1,0,1,미라시아,브런치 2인 패키지 
2023-12-25,0,12,Winter,0,1,1,미라시아,브런치 2인 패키지 
2023-12-26,4,12,Winter,0,0,0,미라시아,브런치 2인 패키지 
2023-12-27,4,12,Winter,0,0,0,미라시아,브런치 2인 패키지 
2023-12-28,3,12,Winter,0,0,0,미라시아,브런치 2인 패키지 
2023-12-29,6,12,Winter,0,0,0,미라시아,브런치 2인 패키지 
2023-12-30,3,12,Winter,1,0,1,미라시아,브런치 2인 패키지 
2023-12-31,2,12,Winter,1,0,1,미라시아,브런치 2인 패키지 
2024-01-01,1,1,Winter,0,1,1,미라시아,브런치 2인 패키지 
2024-01-02,7,1,Winter,0,0,0,미라시아,브런치 2인 패키지 
2024-01-03,3,1,Winter,0,0,0,미라시아,브런치 2인 패키지 
2024-01-04,6,1,Winter,0,0,0,미라시아,브런치 2인 패키지 
2024-01-05,7,1,Winter,0,0,0,미라시아,브런치 2인 패키지 
2024-01-06,5,1,Winter,1,0,1,미라시아,브런치 2인 패키지 
2024-01-07,1,1,Winter,1,0,1,미라시아,브런치 2인 패키지 
2024-01-08,8,1,Winter,0,0,0,미라시아,브런치 2인 패키지 
2024-01-09,1,1,Winter,0,0,0,미라시아,브런치 2인 패키지 
2024-01-10,3,1,Winter,0,0,0,미라시아,브런치 2인 패키지 
2024-01-11,1,1,Winter,0,0,0,미라시아,브런치 2인 패키지 
2024-01-12,2,1,Winter,0,0,0,미라시아,브런치 2인 패키지 
2024-01-13,3,1,Winter,1,0,1,미라시아,브런치 2인 패키지 
2024-01-14,0,1,Winter,1,0,1,미라시아,브런치 2인 패키지 
2024-01-15,13,1,Winter,0,0,0,미라시아,브런치 2인 패키지 
2024-01-16,8,1,Winter,0,0,0,미라시아,브런치 2인 패키지 
2024-01-17,5,1,Winter,0,0,0,미라시아,브런치 2인 패키지 
2024-01-18,4,1,Winter,0,0,0,미라시아,브런치 2인 패키지 
2024-01-19,3,1,Winter,0,0,0,미라시아,브런치 2인 패키지 
2024-01-20,6,1,Winter,1,0,1,미라시아,브런치 2인 패키지 
2024-01-21,1,1,Winter,1,0,1,미라시아,브런치 2인 패키지 
2024-01-22,8,1,Winter,0,0,0,미라시아,브런치 2인 패키지 
2024-01-23,6,1,Winter,0,0,0,미라시아,브런치 2인 패키지 
2024-01-24,1,1,Winter,0,0,0,미라시아,브런치 2인 패키지 
2024-01-25,3,1,Winter,0,0,0,미라시아,브런치 2인 패키지 
2024-01-26,3,1,Winter,0,0,0,미라시아,브런치 2인 패키지 
2024-01-27,5,1,Winter,1,0,1,미라시아,브런치 2인 패키지 
2024-01-28,1,1,Winter,1,0,1,미라시아,브런치 2인 패키지 
2024-01-29,15,1,Winter,0,0,0,미라시아,브런치 2인 패키지 
2024-01-30,6,1,Winter,0,0,0,미라시아,브런치 2인 패키지 
2024-01-31,5,1,Winter,0,0,0,미라시아,브런치 2인 패키지 
2024-02-01,3,2,Winter,0,0,0,미라시아,브런치 2인 패키지 
2024-02-02,5,2,Winter,0,0,0,미라시아,브런치 2인 패키지 
2024-02-03,17,2,Winter,1,0,1,미라시아,브런치 2인 패키지 
2024-02-04,2,2,Winter,1,0,1,미라시아,브런치 2인 패키지 
2024-02-05,8,2,Winter,0,0,0,미라시아,브런치 2인 패키지 
2024-02-06,2,2,Winter,0,0,0,미라시아,브런치 2인 패키지 
2024-02-07,0,2,Winter,0,0,0,미라시아,브런치 2인 패키지 
2024-02-08,1,2,Winter,0,0,0,미라시아,브런치 2인 패키지 
2024-02-09,17,2,Winter,0,1,1,미라시아,브런치 2인 패키지 
2024-02-10,3,2,Winter,1,1,1,미라시아,브런치 2인 패키지 
2024-02-11,3,2,Winter,1,1,1,미라시아,브런치 2인 패키지 
2024-02-12,0,2,Winter,0,1,1,미라시아,브런치 2인 패키지 
2024-02-13,11,2,Winter,0,0,0,미라시아,브런치 2인 패키지 
2024-02-14,1,2,Winter,0,0,0,미라시아,브런치 2인 패키지 
2024-02-15,1,2,Winter,0,0,0,미라시아,브런치 2인 패키지 
2024-02-16,3,2,Winter,0,0,0,미라시아,브런치 2인 패키지 
2024-02-17,5,2,Winter,1,0,1,미라시아,브런치 2인 패키지 
2024-02-18,0,2,Winter,1,0,1,미라시아,브런치 2인 패키지 
2024-02-19,14,2,Winter,0,0,0,미라시아,브런치 2인 패키지 
2024-02-20,1,2,Winter,0,0,0,미라시아,브런치 2인 패키지 
2024-02-21,2,2,Winter,0,0,0,미라시아,브런치 2인 패키지 
2024-02-22,2,2,Winter,0,0,0,미라시아,브런치 2인 패키지 
2024-02-23,3,2,Winter,0,0,0,미라시아,브런치 2인 패키지 
2024-02-24,5,2,Winter,1,0,1,미라시아,브런치 2인 패키지 
2024-02-25,0,2,Winter,1,0,1,미라시아,브런치 2인 패키지 
2024-02-26,17,2,Winter,0,0,0,미라시아,브런치 2인 패키지 
2024-02-27,5,2,Winter,0,0,0,미라시아,브런치 2인 패키지 
2024-02-28,5,2,Winter,0,0,0,미라시아,브런치 2인 패키지 
2024-02-29,11,2,Winter,0,0,0,미라시아,브런치 2인 패키지 
2024-03-01,15,3,Spring,0,1,1,미라시아,브런치 2인 패키지 
2024-03-02,0,3,Spring,1,0,1,미라시아,브런치 2인 패키지 
2024-03-03,1,3,Spring,1,0,1,미라시아,브런치 2인 패키지 
2024-03-04,0,3,Spring,0,0,0,미라시아,브런치 2인 패키지 
2024-03-05,0,3,Spring,0,0,0,미라시아,브런치 2인 패키지 
2024-03-06,0,3,Spring,0,0,0,미라시아,브런치 2인 패키지 
2024-03-07,0,3,Spring,0,0,0,미라시아,브런치 2인 패키지 
2024-03-08,0,3,Spring,0,0,0,미라시아,브런치 2인 패키지 
2024-03-09,0,3,Spring,1,0,1,미라시아,브런치 2인 패키지 
2024-03-10,0,3,Spring,1,0,1,미라시아,브런치 2인 패키지 
2024-03-11,0,3,Spring,0,0,0,미라시아,브런치 2인 패키지 
2024-03-12,0,3,Spring,0,0,0,미라시아,브런치 2인 패키지 
2024-03-13,0,3,Spring,0,0,0,미라시아,브런치 2인 패키지 
2024-03-14,2,3,Spring,0,0,0,미라시아,브런치 2인 패키지 
2024-03-15,4,3,Spring,0,0,0,미라시아,브런치 2인 패키지 
2024-03-16,6,3,Spring,1,0,1,미라시아,브런치 2인 패키지 
2024-03-17,3,3,Spring,1,0,1,미라시아,브런치 2인 패키지 
2024-03-18,3,3,Spring,0,0,0,미라시아,브런치 2인 패키지 
2024-03-19,1,3,Spring,0,0,0,미라시아,브런치 2인 패키지 
2024-03-20,0,3,Spring,0,0,0,미라시아,브런치 2인 패키지 
2024-03-21,1,3,Spring,0,0,0,미라시아,브런치 2인 패키지 
2024-03-22,0,3,Spring,0,0,0,미라시아,브런치 2인 패키지 
2024-03-23,7,3,Spring,1,0,1,미라시아,브런치 2인 패키지 
2024-03-24,3,3,Spring,1,0,1,미라시아,브런치 2인 패키지 
2024-03-25,2,3,Spring,0,0,0,미라시아,브런치 2인 패키지 
2024-03-26,0,3,Spring,0,0,0,미라시아,브런치 2인 패키지 
2024-03-27,0,3,Spring,0,0,0,미라시아,브런치 2인 패키지 
2024-03-28,2,3,Spring,0,0,0,미라시아,브런치 2인 패키지 
2024-03-29,2,3,Spring,0,0,0,미라시아,브런치 2인 패키지 
2024-03-30,4,3,Spring,1,0,1,미라시아,브런치 2인 패키지 
2024-03-31,0,3,Spring,1,0,1,미라시아,브런치 2인 패키지 
2024-04-01,3,4,Spring,0,0,0,미라시아,브런치 2인 패키지 
2024-04-02,2,4,Spring,0,0,0,미라시아,브런치 2인 패키지 
2024-04-03,1,4,Spring,0,0,0,미라시아,브런치 2인 패키지 
2024-04-04,1,4,Spring,0,0,0,미라시아,브런치 2인 패키지 
2024-04-05,0,4,Spring,0,0,0,미라시아,브런치 2인 패키지 
2024-04-06,3,4,Spring,1,0,1,미라시아,브런치 2인 패키지 
2024-04-07,3,4,Spring,1,0,1,미라시아,브런치 2인 패키지 
2024-04-08,0,4,Spring,0,0,0,미라시아,브런치 2인 패키지 
2024-04-09,2,4,Spring,0,0,0,미라시아,브런치 2인 패키지 
2024-04-10,8,4,Spring,0,1,1,미라시아,브런치 2인 패키지 
2024-04-11,11,4,Spring,0,0,0,미라시아,브런치 2인 패키지 
2024-04-12,13,4,Spring,0,0,0,미라시아,브런치 2인 패키지 
2024-04-13,13,4,Spring,1,0,1,미라시아,브런치 2인 패키지 
2024-04-14,1,4,Spring,1,0,1,미라시아,브런치 2인 패키지 
2024-04-15,1,4,Spring,0,0,0,미라시아,브런치 2인 패키지 
2024-04-16,2,4,Spring,0,0,0,미라시아,브런치 2인 패키지 
2024-04-17,2,4,Spring,0,0,0,미라시아,브런치 2인 패키지 
2024-04-18,0,4,Spring,0,0,0,미라시아,브런치 2인 패키지 
2024-04-19,0,4,Spring,0,0,0,미라시아,브런치 2인 패키지 
2024-04-20,5,4,Spring,1,0,1,미라시아,브런치 2인 패키지 
2024-04-21,1,4,Spring,1,0,1,미라시아,브런치 2인 패키지 
2024-04-22,1,4,Spring,0,0,0,미라시아,브런치 2인 패키지 
2024-04-23,1,4,Spring,0,0,0,미라시아,브런치 2인 패키지 
2024-04-24,1,4,Spring,0,0,0,미라시아,브런치 2인 패키지 
2024-04-25,1,4,Spring,0,0,0,미라시아,브런치 2인 패키지 
2024-04-26,3,4,Spring,0,0,0,미라시아,브런치 2인 패키지 
2024-04-27,8,4,Spring,1,0,1,미라시아,브런치 2인 패키지 
2024-04-28,1,4,Spring,1,0,1,미라시아,브런치 2인 패키지 
2024-04-29,4,4,Spring,0,0,0,미라시아,브런치 2인 패키지 
2024-04-30,2,4,Spring,0,0,0,미라시아,브런치 2인 패키지 
2024-05-01,8,5,Spring,0,0,0,미라시아,브런치 2인 패키지 
2024-05-02,8,5,Spring,0,0,0,미라시아,브런치 2인 패키지 
2024-05-03,5,5,Spring,0,0,0,미라시아,브런치 2인 패키지 
2024-05-04,16,5,Spring,1,0,1,미라시아,브런치 2인 패키지 
2024-05-05,3,5,Spring,1,1,1,미라시아,브런치 2인 패키지 
2024-05-06,5,5,Spring,0,1,1,미라시아,브런치 2인 패키지 
2024-05-07,6,5,Spring,0,0,0,미라시아,브런치 2인 패키지 
2024-05-08,1,5,Spring,0,0,0,미라시아,브런치 2인 패키지 
2024-05-09,6,5,Spring,0,0,0,미라시아,브런치 2인 패키지 
2024-05-10,2,5,Spring,0,0,0,미라시아,브런치 2인 패키지 
2024-05-11,9,5,Spring,1,0,1,미라시아,브런치 2인 패키지 
2024-05-12,6,5,Spring,1,0,1,미라시아,브런치 2인 패키지 
2024-05-13,2,5,Spring,0,0,0,미라시아,브런치 2인 패키지 
2024-05-14,0,5,Spring,0,0,0,미라시아,브런치 2인 패키지 
2024-05-15,10,5,Spring,0,1,1,미라시아,브런치 2인 패키지 
2024-05-16,7,5,Spring,0,0,0,미라시아,브런치 2인 패키지 
2024-05-17,3,5,Spring,0,0,0,미라시아,브런치 2인 패키지 
2024-05-18,8,5,Spring,1,0,1,미라시아,브런치 2인 패키지 
2024-05-19,7,5,Spring,1,0,1,미라시아,브런치 2인 패키지 
2024-05-20,5,5,Spring,0,0,0,미라시아,브런치 2인 패키지 
2024-05-21,1,5,Spring,0,0,0,미라시아,브런치 2인 패키지 
2024-05-22,1,5,Spring,0,0,0,미라시아,브런치 2인 패키지 
2024-05-23,1,5,Spring,0,0,0,미라시아,브런치 2인 패키지 
2024-05-24,2,5,Spring,0,0,0,미라시아,브런치 2인 패키지 
2024-05-25,8,5,Spring,1,0,1,미라시아,브런치 2인 패키지 
2024-05-26,8,5,Spring,1,0,1,미라시아,브런치 2인 패키지 
2024-05-27,2,5,Spring,0,0,0,미라시아,브런치 2인 패키지 
2024-05-28,2,5,Spring,0,0,0,미라시아,브런치 2인 패키지 
2024-05-29,1,5,Spring,0,0,0,미라시아,브런치 2인 패키지 
2024-05-30,2,5,Spring,0,0,0,미라시아,브런치 2인 패키지 
2024-05-31,1,5,Spring,0,0,0,미라시아,브런치 2인 패키지 
2024-06-01,5,6,Summer,1,0,1,미라시아,브런치 2인 패키지 
2024-06-02,6,6,Summer,1,0,1,미라시아,브런치 2인 패키지 
2024-06-03,5,6,Summer,0,0,0,미라시아,브런치 2인 패키지 
2024-06-04,0,6,Summer,0,0,0,미라시아,브런치 2인 패키지 
2024-06-05,1,6,Summer,0,0,0,미라시아,브런치 2인 패키지 
2024-06-06,17,6,Summer,0,1,1,미라시아,브런치 2인 패키지 
2024-06-07,23,6,Summer,0,0,0,미라시아,브런치 2인 패키지 
2024-06-08,17,6,Summer,1,0,1,미라시아,브런치 2인 패키지 
2024-06-09,5,6,Summer,1,0,1,미라시아,브런치 2인 패키지 
2024-06-10,2,6,Summer,0,0,0,미라시아,브런치 2인 패키지 
2024-06-11,2,6,Summer,0,0,0,미라시아,브런치 2인 패키지 
2024-06-12,2,6,Summer,0,0,0,미라시아,브런치 2인 패키지 
2024-06-13,4,6,Summer,0,0,0,미라시아,브런치 2인 패키지 
2024-06-14,0,6,Summer,0,0,0,미라시아,브런치 2인 패키지 
2024-06-15,5,6,Summer,1,0,1,미라시아,브런치 2인 패키지 
2023-01-01,1,1,Winter,1,1,1,미라시아,브런치 4인 패키지 
2023-01-02,2,1,Winter,0,0,0,미라시아,브런치 4인 패키지 
2023-01-03,4,1,Winter,0,0,0,미라시아,브런치 4인 패키지 
2023-01-04,1,1,Winter,0,0,0,미라시아,브런치 4인 패키지 
2023-01-05,1,1,Winter,0,0,0,미라시아,브런치 4인 패키지 
2023-01-06,0,1,Winter,0,0,0,미라시아,브런치 4인 패키지 
2023-01-07,2,1,Winter,1,0,1,미라시아,브런치 4인 패키지 
2023-01-08,0,1,Winter,1,0,1,미라시아,브런치 4인 패키지 
2023-01-09,0,1,Winter,0,0,0,미라시아,브런치 4인 패키지 
2023-01-10,1,1,Winter,0,0,0,미라시아,브런치 4인 패키지 
2023-01-11,0,1,Winter,0,0,0,미라시아,브런치 4인 패키지 
2023-01-12,2,1,Winter,0,0,0,미라시아,브런치 4인 패키지 
2023-01-13,0,1,Winter,0,0,0,미라시아,브런치 4인 패키지 
2023-01-14,0,1,Winter,1,0,1,미라시아,브런치 4인 패키지 
2023-01-15,2,1,Winter,1,0,1,미라시아,브런치 4인 패키지 
2023-01-16,3,1,Winter,0,0,0,미라시아,브런치 4인 패키지 
2023-01-17,1,1,Winter,0,0,0,미라시아,브런치 4인 패키지 
2023-01-18,0,1,Winter,0,0,0,미라시아,브런치 4인 패키지 
2023-01-19,0,1,Winter,0,0,0,미라시아,브런치 4인 패키지 
2023-01-20,1,1,Winter,0,0,0,미라시아,브런치 4인 패키지 
2023-01-21,2,1,Winter,1,1,1,미라시아,브런치 4인 패키지 
2023-01-22,2,1,Winter,1,1,1,미라시아,브런치 4인 패키지 
2023-01-23,0,1,Winter,0,1,1,미라시아,브런치 4인 패키지 
2023-01-24,0,1,Winter,0,1,1,미라시아,브런치 4인 패키지 
2023-01-25,1,1,Winter,0,0,0,미라시아,브런치 4인 패키지 
2023-01-26,0,1,Winter,0,0,0,미라시아,브런치 4인 패키지 
2023-01-27,1,1,Winter,0,0,0,미라시아,브런치 4인 패키지 
2023-01-28,1,1,Winter,1,0,1,미라시아,브런치 4인 패키지 
2023-01-29,0,1,Winter,1,0,1,미라시아,브런치 4인 패키지 
2023-01-30,2,1,Winter,0,0,0,미라시아,브런치 4인 패키지 
2023-01-31,1,1,Winter,0,0,0,미라시아,브런치 4인 패키지 
2023-02-01,0,2,Winter,0,0,0,미라시아,브런치 4인 패키지 
2023-02-02,1,2,Winter,0,0,0,미라시아,브런치 4인 패키지 
2023-02-03,0,2,Winter,0,0,0,미라시아,브런치 4인 패키지 
2023-02-04,2,2,Winter,1,0,1,미라시아,브런치 4인 패키지 
2023-02-05,0,2,Winter,1,0,1,미라시아,브런치 4인 패키지 
2023-02-06,2,2,Winter,0,0,0,미라시아,브런치 4인 패키지 
2023-02-07,0,2,Winter,0,0,0,미라시아,브런치 4인 패키지 
2023-02-08,0,2,Winter,0,0,0,미라시아,브런치 4인 패키지 
2023-02-09,1,2,Winter,0,0,0,미라시아,브런치 4인 패키지 
2023-02-10,1,2,Winter,0,0,0,미라시아,브런치 4인 패키지 
2023-02-11,0,2,Winter,1,0,1,미라시아,브런치 4인 패키지 
2023-02-12,2,2,Winter,1,0,1,미라시아,브런치 4인 패키지 
2023-02-13,4,2,Winter,0,0,0,미라시아,브런치 4인 패키지 
2023-02-14,1,2,Winter,0,0,0,미라시아,브런치 4인 패키지 
2023-02-15,1,2,Winter,0,0,0,미라시아,브런치 4인 패키지 
2023-02-16,0,2,Winter,0,0,0,미라시아,브런치 4인 패키지 
2023-02-17,2,2,Winter,0,0,0,미라시아,브런치 4인 패키지 
2023-02-18,0,2,Winter,1,0,1,미라시아,브런치 4인 패키지 
2023-02-19,0,2,Winter,1,0,1,미라시아,브런치 4인 패키지 
2023-02-20,3,2,Winter,0,0,0,미라시아,브런치 4인 패키지 
2023-02-21,1,2,Winter,0,0,0,미라시아,브런치 4인 패키지 
2023-02-22,1,2,Winter,0,0,0,미라시아,브런치 4인 패키지 
2023-02-23,2,2,Winter,0,0,0,미라시아,브런치 4인 패키지 
2023-02-24,1,2,Winter,0,0,0,미라시아,브런치 4인 패키지 
2023-02-25,2,2,Winter,1,0,1,미라시아,브런치 4인 패키지 
2023-02-26,1,2,Winter,1,0,1,미라시아,브런치 4인 패키지 
2023-02-27,2,2,Winter,0,0,0,미라시아,브런치 4인 패키지 
2023-02-28,2,2,Winter,0,0,0,미라시아,브런치 4인 패키지 
2023-03-01,1,3,Spring,0,1,1,미라시아,브런치 4인 패키지 
2023-03-02,0,3,Spring,0,0,0,미라시아,브런치 4인 패키지 
2023-03-03,0,3,Spring,0,0,0,미라시아,브런치 4인 패키지 
2023-03-04,0,3,Spring,1,0,1,미라시아,브런치 4인 패키지 
2023-03-05,0,3,Spring,1,0,1,미라시아,브런치 4인 패키지 
2023-03-06,0,3,Spring,0,0,0,미라시아,브런치 4인 패키지 
2023-03-07,0,3,Spring,0,0,0,미라시아,브런치 4인 패키지 
2023-03-08,0,3,Spring,0,0,0,미라시아,브런치 4인 패키지 
2023-03-09,0,3,Spring,0,0,0,미라시아,브런치 4인 패키지 
2023-03-10,0,3,Spring,0,0,0,미라시아,브런치 4인 패키지 
2023-03-11,0,3,Spring,1,0,1,미라시아,브런치 4인 패키지 
2023-03-12,0,3,Spring,1,0,1,미라시아,브런치 4인 패키지 
2023-03-13,0,3,Spring,0,0,0,미라시아,브런치 4인 패키지 
2023-03-14,0,3,Spring,0,0,0,미라시아,브런치 4인 패키지 
2023-03-15,0,3,Spring,0,0,0,미라시아,브런치 4인 패키지 
2023-03-16,0,3,Spring,0,0,0,미라시아,브런치 4인 패키지 
2023-03-17,0,3,Spring,0,0,0,미라시아,브런치 4인 패키지 
2023-03-18,0,3,Spring,1,0,1,미라시아,브런치 4인 패키지 
2023-03-19,0,3,Spring,1,0,1,미라시아,브런치 4인 패키지 
2023-03-20,0,3,Spring,0,0,0,미라시아,브런치 4인 패키지 
2023-03-21,0,3,Spring,0,0,0,미라시아,브런치 4인 패키지 
2023-03-22,0,3,Spring,0,0,0,미라시아,브런치 4인 패키지 
2023-03-23,0,3,Spring,0,0,0,미라시아,브런치 4인 패키지 
2023-03-24,0,3,Spring,0,0,0,미라시아,브런치 4인 패키지 
2023-03-25,0,3,Spring,1,0,1,미라시아,브런치 4인 패키지 
2023-03-26,0,3,Spring,1,0,1,미라시아,브런치 4인 패키지 
2023-03-27,1,3,Spring,0,0,0,미라시아,브런치 4인 패키지 
2023-03-28,0,3,Spring,0,0,0,미라시아,브런치 4인 패키지 
2023-03-29,0,3,Spring,0,0,0,미라시아,브런치 4인 패키지 
2023-03-30,0,3,Spring,0,0,0,미라시아,브런치 4인 패키지 
2023-03-31,0,3,Spring,0,0,0,미라시아,브런치 4인 패키지 
2023-04-01,0,4,Spring,1,0,1,미라시아,브런치 4인 패키지 
2023-04-02,0,4,Spring,1,0,1,미라시아,브런치 4인 패키지 
2023-04-03,0,4,Spring,0,0,0,미라시아,브런치 4인 패키지 
2023-04-04,0,4,Spring,0,0,0,미라시아,브런치 4인 패키지 
2023-04-05,0,4,Spring,0,0,0,미라시아,브런치 4인 패키지 
2023-04-06,1,4,Spring,0,0,0,미라시아,브런치 4인 패키지 
2023-04-07,0,4,Spring,0,0,0,미라시아,브런치 4인 패키지 
2023-04-08,0,4,Spring,1,0,1,미라시아,브런치 4인 패키지 
2023-04-09,0,4,Spring,1,0,1,미라시아,브런치 4인 패키지 
2023-04-10,0,4,Spring,0,0,0,미라시아,브런치 4인 패키지 
2023-04-11,0,4,Spring,0,0,0,미라시아,브런치 4인 패키지 
2023-04-12,0,4,Spring,0,0,0,미라시아,브런치 4인 패키지 
2023-04-13,0,4,Spring,0,0,0,미라시아,브런치 4인 패키지 
2023-04-14,0,4,Spring,0,0,0,미라시아,브런치 4인 패키지 
2023-04-15,0,4,Spring,1,0,1,미라시아,브런치 4인 패키지 
2023-04-16,0,4,Spring,1,0,1,미라시아,브런치 4인 패키지 
2023-04-17,1,4,Spring,0,0,0,미라시아,브런치 4인 패키지 
2023-04-18,0,4,Spring,0,0,0,미라시아,브런치 4인 패키지 
2023-04-19,0,4,Spring,0,0,0,미라시아,브런치 4인 패키지 
2023-04-20,1,4,Spring,0,0,0,미라시아,브런치 4인 패키지 
2023-04-21,0,4,Spring,0,0,0,미라시아,브런치 4인 패키지 
2023-04-22,0,4,Spring,1,0,1,미라시아,브런치 4인 패키지 
2023-04-23,0,4,Spring,1,0,1,미라시아,브런치 4인 패키지 
2023-04-24,0,4,Spring,0,0,0,미라시아,브런치 4인 패키지 
2023-04-25,0,4,Spring,0,0,0,미라시아,브런치 4인 패키지 
2023-04-26,0,4,Spring,0,0,0,미라시아,브런치 4인 패키지 
2023-04-27,0,4,Spring,0,0,0,미라시아,브런치 4인 패키지 
2023-04-28,1,4,Spring,0,0,0,미라시아,브런치 4인 패키지 
2023-04-29,0,4,Spring,1,0,1,미라시아,브런치 4인 패키지 
2023-04-30,0,4,Spring,1,0,1,미라시아,브런치 4인 패키지 
2023-05-01,0,5,Spring,0,0,0,미라시아,브런치 4인 패키지 
2023-05-02,0,5,Spring,0,0,0,미라시아,브런치 4인 패키지 
2023-05-03,0,5,Spring,0,0,0,미라시아,브런치 4인 패키지 
2023-05-04,0,5,Spring,0,0,0,미라시아,브런치 4인 패키지 
2023-05-05,0,5,Spring,0,1,1,미라시아,브런치 4인 패키지 
2023-05-06,0,5,Spring,1,0,1,미라시아,브런치 4인 패키지 
2023-05-07,0,5,Spring,1,0,1,미라시아,브런치 4인 패키지 
2023-05-08,1,5,Spring,0,0,0,미라시아,브런치 4인 패키지 
2023-05-09,0,5,Spring,0,0,0,미라시아,브런치 4인 패키지 
2023-05-10,0,5,Spring,0,0,0,미라시아,브런치 4인 패키지 
2023-05-11,2,5,Spring,0,0,0,미라시아,브런치 4인 패키지 
2023-05-12,0,5,Spring,0,0,0,미라시아,브런치 4인 패키지 
2023-05-13,0,5,Spring,1,0,1,미라시아,브런치 4인 패키지 
2023-05-14,0,5,Spring,1,0,1,미라시아,브런치 4인 패키지 
2023-05-15,0,5,Spring,0,0,0,미라시아,브런치 4인 패키지 
2023-05-16,0,5,Spring,0,0,0,미라시아,브런치 4인 패키지 
2023-05-17,0,5,Spring,0,0,0,미라시아,브런치 4인 패키지 
2023-05-18,0,5,Spring,0,0,0,미라시아,브런치 4인 패키지 
2023-05-19,0,5,Spring,0,0,0,미라시아,브런치 4인 패키지 
2023-05-20,0,5,Spring,1,0,1,미라시아,브런치 4인 패키지 
2023-05-21,0,5,Spring,1,0,1,미라시아,브런치 4인 패키지 
2023-05-22,0,5,Spring,0,0,0,미라시아,브런치 4인 패키지 
2023-05-23,0,5,Spring,0,0,0,미라시아,브런치 4인 패키지 
2023-05-24,1,5,Spring,0,0,0,미라시아,브런치 4인 패키지 
2023-05-25,1,5,Spring,0,0,0,미라시아,브런치 4인 패키지 
2023-05-26,0,5,Spring,0,0,0,미라시아,브런치 4인 패키지 
2023-05-27,0,5,Spring,1,1,1,미라시아,브런치 4인 패키지 
2023-05-28,0,5,Spring,1,0,1,미라시아,브런치 4인 패키지 
2023-05-29,2,5,Spring,0,1,1,미라시아,브런치 4인 패키지 
2023-05-30,0,5,Spring,0,0,0,미라시아,브런치 4인 패키지 
2023-05-31,0,5,Spring,0,0,0,미라시아,브런치 4인 패키지 
2023-06-01,0,6,Summer,0,0,0,미라시아,브런치 4인 패키지 
2023-06-02,1,6,Summer,0,0,0,미라시아,브런치 4인 패키지 
2023-06-03,0,6,Summer,1,0,1,미라시아,브런치 4인 패키지 
2023-06-04,1,6,Summer,1,0,1,미라시아,브런치 4인 패키지 
2023-06-05,2,6,Summer,0,0,0,미라시아,브런치 4인 패키지 
2023-06-06,0,6,Summer,0,1,1,미라시아,브런치 4인 패키지 
2023-06-07,0,6,Summer,0,0,0,미라시아,브런치 4인 패키지 
2023-06-08,0,6,Summer,0,0,0,미라시아,브런치 4인 패키지 
2023-06-09,0,6,Summer,0,0,0,미라시아,브런치 4인 패키지 
2023-06-10,0,6,Summer,1,0,1,미라시아,브런치 4인 패키지 
2023-06-11,0,6,Summer,1,0,1,미라시아,브런치 4인 패키지 
2023-06-12,0,6,Summer,0,0,0,미라시아,브런치 4인 패키지 
2023-06-13,0,6,Summer,0,0,0,미라시아,브런치 4인 패키지 
2023-06-14,0,6,Summer,0,0,0,미라시아,브런치 4인 패키지 
2023-06-15,1,6,Summer,0,0,0,미라시아,브런치 4인 패키지 
2023-06-16,3,6,Summer,0,0,0,미라시아,브런치 4인 패키지 
2023-06-17,2,6,Summer,1,0,1,미라시아,브런치 4인 패키지 
2023-06-18,0,6,Summer,1,0,1,미라시아,브런치 4인 패키지 
2023-06-19,0,6,Summer,0,0,0,미라시아,브런치 4인 패키지 
2023-06-20,0,6,Summer,0,0,0,미라시아,브런치 4인 패키지 
2023-06-21,0,6,Summer,0,0,0,미라시아,브런치 4인 패키지 
2023-06-22,0,6,Summer,0,0,0,미라시아,브런치 4인 패키지 
2023-06-23,0,6,Summer,0,0,0,미라시아,브런치 4인 패키지 
2023-06-24,2,6,Summer,1,0,1,미라시아,브런치 4인 패키지 
2023-06-25,0,6,Summer,1,0,1,미라시아,브런치 4인 패키지 
2023-06-26,0,6,Summer,0,0,0,미라시아,브런치 4인 패키지 
2023-06-27,0,6,Summer,0,0,0,미라시아,브런치 4인 패키지 
2023-06-28,0,6,Summer,0,0,0,미라시아,브런치 4인 패키지 
2023-06-29,0,6,Summer,0,0,0,미라시아,브런치 4인 패키지 
2023-06-30,1,6,Summer,0,0,0,미라시아,브런치 4인 패키지 
2023-07-01,1,7,Summer,1,0,1,미라시아,브런치 4인 패키지 
2023-07-02,0,7,Summer,1,0,1,미라시아,브런치 4인 패키지 
2023-07-03,0,7,Summer,0,0,0,미라시아,브런치 4인 패키지 
2023-07-04,0,7,Summer,0,0,0,미라시아,브런치 4인 패키지 
2023-07-05,1,7,Summer,0,0,0,미라시아,브런치 4인 패키지 
2023-07-06,0,7,Summer,0,0,0,미라시아,브런치 4인 패키지 
2023-07-07,0,7,Summer,0,0,0,미라시아,브런치 4인 패키지 
2023-07-08,1,7,Summer,1,0,1,미라시아,브런치 4인 패키지 
2023-07-09,0,7,Summer,1,0,1,미라시아,브런치 4인 패키지 
2023-07-10,0,7,Summer,0,0,0,미라시아,브런치 4인 패키지 
2023-07-11,0,7,Summer,0,0,0,미라시아,브런치 4인 패키지 
2023-07-12,0,7,Summer,0,0,0,미라시아,브런치 4인 패키지 
2023-07-13,0,7,Summer,0,0,0,미라시아,브런치 4인 패키지 
2023-07-14,0,7,Summer,0,0,0,미라시아,브런치 4인 패키지 
2023-07-15,2,7,Summer,1,0,1,미라시아,브런치 4인 패키지 
2023-07-16,0,7,Summer,1,0,1,미라시아,브런치 4인 패키지 
2023-07-17,0,7,Summer,0,0,0,미라시아,브런치 4인 패키지 
2023-07-18,0,7,Summer,0,0,0,미라시아,브런치 4인 패키지 
2023-07-19,0,7,Summer,0,0,0,미라시아,브런치 4인 패키지 
2023-07-20,0,7,Summer,0,0,0,미라시아,브런치 4인 패키지 
2023-07-21,0,7,Summer,0,0,0,미라시아,브런치 4인 패키지 
2023-07-22,0,7,Summer,1,0,1,미라시아,브런치 4인 패키지 
2023-07-23,0,7,Summer,1,0,1,미라시아,브런치 4인 패키지 
2023-07-24,1,7,Summer,0,0,0,미라시아,브런치 4인 패키지 
2023-07-25,0,7,Summer,0,0,0,미라시아,브런치 4인 패키지 
2023-07-26,0,7,Summer,0,0,0,미라시아,브런치 4인 패키지 
2023-07-27,2,7,Summer,0,0,0,미라시아,브런치 4인 패키지 
2023-07-28,0,7,Summer,0,0,0,미라시아,브런치 4인 패키지 
2023-07-29,0,7,Summer,1,0,1,미라시아,브런치 4인 패키지 
2023-07-30,0,7,Summer,1,0,1,미라시아,브런치 4인 패키지 
2023-07-31,0,7,Summer,0,0,0,미라시아,브런치 4인 패키지 
2023-08-01,2,8,Summer,0,0,0,미라시아,브런치 4인 패키지 
2023-08-02,0,8,Summer,0,0,0,미라시아,브런치 4인 패키지 
2023-08-03,2,8,Summer,0,0,0,미라시아,브런치 4인 패키지 
2023-08-04,0,8,Summer,0,0,0,미라시아,브런치 4인 패키지 
2023-08-05,2,8,Summer,1,0,1,미라시아,브런치 4인 패키지 
2023-08-06,0,8,Summer,1,0,1,미라시아,브런치 4인 패키지 
2023-08-07,2,8,Summer,0,0,0,미라시아,브런치 4인 패키지 
2023-08-08,2,8,Summer,0,0,0,미라시아,브런치 4인 패키지 
2023-08-09,1,8,Summer,0,0,0,미라시아,브런치 4인 패키지 
2023-08-10,1,8,Summer,0,0,0,미라시아,브런치 4인 패키지 
2023-08-11,2,8,Summer,0,0,0,미라시아,브런치 4인 패키지 
2023-08-12,2,8,Summer,1,0,1,미라시아,브런치 4인 패키지 
2023-08-13,0,8,Summer,1,0,1,미라시아,브런치 4인 패키지 
2023-08-14,0,8,Summer,0,0,0,미라시아,브런치 4인 패키지 
2023-08-15,1,8,Summer,0,1,1,미라시아,브런치 4인 패키지 
2023-08-16,3,8,Summer,0,0,0,미라시아,브런치 4인 패키지 
2023-08-17,0,8,Summer,0,0,0,미라시아,브런치 4인 패키지 
2023-08-18,0,8,Summer,0,0,0,미라시아,브런치 4인 패키지 
2023-08-19,0,8,Summer,1,0,1,미라시아,브런치 4인 패키지 
2023-08-20,4,8,Summer,1,0,1,미라시아,브런치 4인 패키지 
2023-08-21,0,8,Summer,0,0,0,미라시아,브런치 4인 패키지 
2023-08-22,1,8,Summer,0,0,0,미라시아,브런치 4인 패키지 
2023-08-23,0,8,Summer,0,0,0,미라시아,브런치 4인 패키지 
2023-08-24,0,8,Summer,0,0,0,미라시아,브런치 4인 패키지 
2023-08-25,0,8,Summer,0,0,0,미라시아,브런치 4인 패키지 
2023-08-26,1,8,Summer,1,0,1,미라시아,브런치 4인 패키지 
2023-08-27,0,8,Summer,1,0,1,미라시아,브런치 4인 패키지 
2023-08-28,0,8,Summer,0,0,0,미라시아,브런치 4인 패키지 
2023-08-29,0,8,Summer,0,0,0,미라시아,브런치 4인 패키지 
2023-08-30,0,8,Summer,0,0,0,미라시아,브런치 4인 패키지 
2023-08-31,1,8,Summer,0,0,0,미라시아,브런치 4인 패키지 
2023-09-01,0,9,Autumn,0,0,0,미라시아,브런치 4인 패키지 
2023-09-02,2,9,Autumn,1,0,1,미라시아,브런치 4인 패키지 
2023-09-03,0,9,Autumn,1,0,1,미라시아,브런치 4인 패키지 
2023-09-04,1,9,Autumn,0,0,0,미라시아,브런치 4인 패키지 
2023-09-05,0,9,Autumn,0,0,0,미라시아,브런치 4인 패키지 
2023-09-06,0,9,Autumn,0,0,0,미라시아,브런치 4인 패키지 
2023-09-07,0,9,Autumn,0,0,0,미라시아,브런치 4인 패키지 
2023-09-08,0,9,Autumn,0,0,0,미라시아,브런치 4인 패키지 
2023-09-09,0,9,Autumn,1,0,1,미라시아,브런치 4인 패키지 
2023-09-10,0,9,Autumn,1,0,1,미라시아,브런치 4인 패키지 
2023-09-11,0,9,Autumn,0,0,0,미라시아,브런치 4인 패키지 
2023-09-12,0,9,Autumn,0,0,0,미라시아,브런치 4인 패키지 
2023-09-13,0,9,Autumn,0,0,0,미라시아,브런치 4인 패키지 
2023-09-14,0,9,Autumn,0,0,0,미라시아,브런치 4인 패키지 
2023-09-15,0,9,Autumn,0,0,0,미라시아,브런치 4인 패키지 
2023-09-16,0,9,Autumn,1,0,1,미라시아,브런치 4인 패키지 
2023-09-17,0,9,Autumn,1,0,1,미라시아,브런치 4인 패키지 
2023-09-18,0,9,Autumn,0,0,0,미라시아,브런치 4인 패키지 
2023-09-19,0,9,Autumn,0,0,0,미라시아,브런치 4인 패키지 
2023-09-20,1,9,Autumn,0,0,0,미라시아,브런치 4인 패키지 
2023-09-21,0,9,Autumn,0,0,0,미라시아,브런치 4인 패키지 
2023-09-22,1,9,Autumn,0,0,0,미라시아,브런치 4인 패키지 
2023-09-23,0,9,Autumn,1,0,1,미라시아,브런치 4인 패키지 
2023-09-24,3,9,Autumn,1,0,1,미라시아,브런치 4인 패키지 
2023-09-25,0,9,Autumn,0,0,0,미라시아,브런치 4인 패키지 
2023-09-26,0,9,Autumn,0,0,0,미라시아,브런치 4인 패키지 
2023-09-27,0,9,Autumn,0,0,0,미라시아,브런치 4인 패키지 
2023-09-28,0,9,Autumn,0,1,1,미라시아,브런치 4인 패키지 
2023-09-29,4,9,Autumn,0,1,1,미라시아,브런치 4인 패키지 
2023-09-30,-1,9,Autumn,1,1,1,미라시아,브런치 4인 패키지 
2023-10-01,2,10,Autumn,1,0,1,미라시아,브런치 4인 패키지 
2023-10-02,4,10,Autumn,0,1,1,미라시아,브런치 4인 패키지 
2023-10-03,1,10,Autumn,0,1,1,미라시아,브런치 4인 패키지 
2023-10-04,0,10,Autumn,0,0,0,미라시아,브런치 4인 패키지 
2023-10-05,0,10,Autumn,0,0,0,미라시아,브런치 4인 패키지 
2023-10-06,0,10,Autumn,0,0,0,미라시아,브런치 4인 패키지 
2023-10-07,2,10,Autumn,1,0,1,미라시아,브런치 4인 패키지 
2023-10-08,1,10,Autumn,1,0,1,미라시아,브런치 4인 패키지 
2023-10-09,0,10,Autumn,0,1,1,미라시아,브런치 4인 패키지 
2023-10-10,0,10,Autumn,0,0,0,미라시아,브런치 4인 패키지 
2023-10-11,1,10,Autumn,0,0,0,미라시아,브런치 4인 패키지 
2023-10-12,0,10,Autumn,0,0,0,미라시아,브런치 4인 패키지 
2023-10-13,0,10,Autumn,0,0,0,미라시아,브런치 4인 패키지 
2023-10-14,1,10,Autumn,1,0,1,미라시아,브런치 4인 패키지 
2023-10-15,0,10,Autumn,1,0,1,미라시아,브런치 4인 패키지 
2023-10-16,1,10,Autumn,0,0,0,미라시아,브런치 4인 패키지 
2023-10-17,0,10,Autumn,0,0,0,미라시아,브런치 4인 패키지 
2023-10-18,0,10,Autumn,0,0,0,미라시아,브런치 4인 패키지 
2023-10-19,0,10,Autumn,0,0,0,미라시아,브런치 4인 패키지 
2023-10-20,0,10,Autumn,0,0,0,미라시아,브런치 4인 패키지 
2023-10-21,1,10,Autumn,1,0,1,미라시아,브런치 4인 패키지 
2023-10-22,0,10,Autumn,1,0,1,미라시아,브런치 4인 패키지 
2023-10-23,2,10,Autumn,0,0,0,미라시아,브런치 4인 패키지 
2023-10-24,3,10,Autumn,0,0,0,미라시아,브런치 4인 패키지 
2023-10-25,1,10,Autumn,0,0,0,미라시아,브런치 4인 패키지 
2023-10-26,0,10,Autumn,0,0,0,미라시아,브런치 4인 패키지 
2023-10-27,1,10,Autumn,0,0,0,미라시아,브런치 4인 패키지 
2023-10-28,1,10,Autumn,1,0,1,미라시아,브런치 4인 패키지 
2023-10-29,0,10,Autumn,1,0,1,미라시아,브런치 4인 패키지 
2023-10-30,1,10,Autumn,0,0,0,미라시아,브런치 4인 패키지 
2023-10-31,0,10,Autumn,0,0,0,미라시아,브런치 4인 패키지 
2023-11-01,0,11,Autumn,0,0,0,미라시아,브런치 4인 패키지 
2023-11-02,0,11,Autumn,0,0,0,미라시아,브런치 4인 패키지 
2023-11-03,0,11,Autumn,0,0,0,미라시아,브런치 4인 패키지 
2023-11-04,0,11,Autumn,1,0,1,미라시아,브런치 4인 패키지 
2023-11-05,0,11,Autumn,1,0,1,미라시아,브런치 4인 패키지 
2023-11-06,1,11,Autumn,0,0,0,미라시아,브런치 4인 패키지 
2023-11-07,1,11,Autumn,0,0,0,미라시아,브런치 4인 패키지 
2023-11-08,0,11,Autumn,0,0,0,미라시아,브런치 4인 패키지 
2023-11-09,0,11,Autumn,0,0,0,미라시아,브런치 4인 패키지 
2023-11-10,0,11,Autumn,0,0,0,미라시아,브런치 4인 패키지 
2023-11-11,0,11,Autumn,1,0,1,미라시아,브런치 4인 패키지 
2023-11-12,0,11,Autumn,1,0,1,미라시아,브런치 4인 패키지 
2023-11-13,0,11,Autumn,0,0,0,미라시아,브런치 4인 패키지 
2023-11-14,0,11,Autumn,0,0,0,미라시아,브런치 4인 패키지 
2023-11-15,1,11,Autumn,0,0,0,미라시아,브런치 4인 패키지 
2023-11-16,0,11,Autumn,0,0,0,미라시아,브런치 4인 패키지 
2023-11-17,1,11,Autumn,0,0,0,미라시아,브런치 4인 패키지 
2023-11-18,0,11,Autumn,1,0,1,미라시아,브런치 4인 패키지 
2023-11-19,0,11,Autumn,1,0,1,미라시아,브런치 4인 패키지 
2023-11-20,2,11,Autumn,0,0,0,미라시아,브런치 4인 패키지 
2023-11-21,0,11,Autumn,0,0,0,미라시아,브런치 4인 패키지 
2023-11-22,1,11,Autumn,0,0,0,미라시아,브런치 4인 패키지 
2023-11-23,0,11,Autumn,0,0,0,미라시아,브런치 4인 패키지 
2023-11-24,0,11,Autumn,0,0,0,미라시아,브런치 4인 패키지 
2023-11-25,0,11,Autumn,1,0,1,미라시아,브런치 4인 패키지 
2023-11-26,0,11,Autumn,1,0,1,미라시아,브런치 4인 패키지 
2023-11-27,0,11,Autumn,0,0,0,미라시아,브런치 4인 패키지 
2023-11-28,0,11,Autumn,0,0,0,미라시아,브런치 4인 패키지 
2023-11-29,1,11,Autumn,0,0,0,미라시아,브런치 4인 패키지 
2023-11-30,0,11,Autumn,0,0,0,미라시아,브런치 4인 패키지 
2023-12-01,0,12,Winter,0,0,0,미라시아,브런치 4인 패키지 
2023-12-02,0,12,Winter,1,0,1,미라시아,브런치 4인 패키지 
2023-12-03,0,12,Winter,1,0,1,미라시아,브런치 4인 패키지 
2023-12-04,0,12,Winter,0,0,0,미라시아,브런치 4인 패키지 
2023-12-05,0,12,Winter,0,0,0,미라시아,브런치 4인 패키지 
2023-12-06,0,12,Winter,0,0,0,미라시아,브런치 4인 패키지 
2023-12-07,0,12,Winter,0,0,0,미라시아,브런치 4인 패키지 
2023-12-08,0,12,Winter,0,0,0,미라시아,브런치 4인 패키지 
2023-12-09,0,12,Winter,1,0,1,미라시아,브런치 4인 패키지 
2023-12-10,0,12,Winter,1,0,1,미라시아,브런치 4인 패키지 
2023-12-11,0,12,Winter,0,0,0,미라시아,브런치 4인 패키지 
2023-12-12,0,12,Winter,0,0,0,미라시아,브런치 4인 패키지 
2023-12-13,0,12,Winter,0,0,0,미라시아,브런치 4인 패키지 
2023-12-14,0,12,Winter,0,0,0,미라시아,브런치 4인 패키지 
2023-12-15,0,12,Winter,0,0,0,미라시아,브런치 4인 패키지 
2023-12-16,0,12,Winter,1,0,1,미라시아,브런치 4인 패키지 
2023-12-17,0,12,Winter,1,0,1,미라시아,브런치 4인 패키지 
2023-12-18,1,12,Winter,0,0,0,미라시아,브런치 4인 패키지 
2023-12-19,0,12,Winter,0,0,0,미라시아,브런치 4인 패키지 
2023-12-20,0,12,Winter,0,0,0,미라시아,브런치 4인 패키지 
2023-12-21,0,12,Winter,0,0,0,미라시아,브런치 4인 패키지 
2023-12-22,0,12,Winter,0,0,0,미라시아,브런치 4인 패키지 
2023-12-23,0,12,Winter,1,0,1,미라시아,브런치 4인 패키지 
2023-12-24,1,12,Winter,1,0,1,미라시아,브런치 4인 패키지 
2023-12-25,0,12,Winter,0,1,1,미라시아,브런치 4인 패키지 
2023-12-26,0,12,Winter,0,0,0,미라시아,브런치 4인 패키지 
2023-12-27,0,12,Winter,0,0,0,미라시아,브런치 4인 패키지 
2023-12-28,0,12,Winter,0,0,0,미라시아,브런치 4인 패키지 
2023-12-29,0,12,Winter,0,0,0,미라시아,브런치 4인 패키지 
2023-12-30,0,12,Winter,1,0,1,미라시아,브런치 4인 패키지 
2023-12-31,0,12,Winter,1,0,1,미라시아,브런치 4인 패키지 
2024-01-01,1,1,Winter,0,1,1,미라시아,브런치 4인 패키지 
2024-01-02,0,1,Winter,0,0,0,미라시아,브런치 4인 패키지 
2024-01-03,0,1,Winter,0,0,0,미라시아,브런치 4인 패키지 
2024-01-04,1,1,Winter,0,0,0,미라시아,브런치 4인 패키지 
2024-01-05,1,1,Winter,0,0,0,미라시아,브런치 4인 패키지 
2024-01-06,0,1,Winter,1,0,1,미라시아,브런치 4인 패키지 
2024-01-07,0,1,Winter,1,0,1,미라시아,브런치 4인 패키지 
2024-01-08,0,1,Winter,0,0,0,미라시아,브런치 4인 패키지 
2024-01-09,0,1,Winter,0,0,0,미라시아,브런치 4인 패키지 
2024-01-10,0,1,Winter,0,0,0,미라시아,브런치 4인 패키지 
2024-01-11,0,1,Winter,0,0,0,미라시아,브런치 4인 패키지 
2024-01-12,0,1,Winter,0,0,0,미라시아,브런치 4인 패키지 
2024-01-13,0,1,Winter,1,0,1,미라시아,브런치 4인 패키지 
2024-01-14,1,1,Winter,1,0,1,미라시아,브런치 4인 패키지 
2024-01-15,1,1,Winter,0,0,0,미라시아,브런치 4인 패키지 
2024-01-16,0,1,Winter,0,0,0,미라시아,브런치 4인 패키지 
2024-01-17,0,1,Winter,0,0,0,미라시아,브런치 4인 패키지 
2024-01-18,0,1,Winter,0,0,0,미라시아,브런치 4인 패키지 
2024-01-19,0,1,Winter,0,0,0,미라시아,브런치 4인 패키지 
2024-01-20,0,1,Winter,1,0,1,미라시아,브런치 4인 패키지 
2024-01-21,0,1,Winter,1,0,1,미라시아,브런치 4인 패키지 
2024-01-22,0,1,Winter,0,0,0,미라시아,브런치 4인 패키지 
2024-01-23,5,1,Winter,0,0,0,미라시아,브런치 4인 패키지 
2024-01-24,0,1,Winter,0,0,0,미라시아,브런치 4인 패키지 
2024-01-25,0,1,Winter,0,0,0,미라시아,브런치 4인 패키지 
2024-01-26,1,1,Winter,0,0,0,미라시아,브런치 4인 패키지 
2024-01-27,0,1,Winter,1,0,1,미라시아,브런치 4인 패키지 
2024-01-28,0,1,Winter,1,0,1,미라시아,브런치 4인 패키지 
2024-01-29,0,1,Winter,0,0,0,미라시아,브런치 4인 패키지 
2024-01-30,0,1,Winter,0,0,0,미라시아,브런치 4인 패키지 
2024-01-31,0,1,Winter,0,0,0,미라시아,브런치 4인 패키지 
2024-02-01,0,2,Winter,0,0,0,미라시아,브런치 4인 패키지 
2024-02-02,0,2,Winter,0,0,0,미라시아,브런치 4인 패키지 
2024-02-03,0,2,Winter,1,0,1,미라시아,브런치 4인 패키지 
2024-02-04,0,2,Winter,1,0,1,미라시아,브런치 4인 패키지 
2024-02-05,1,2,Winter,0,0,0,미라시아,브런치 4인 패키지 
2024-02-06,0,2,Winter,0,0,0,미라시아,브런치 4인 패키지 
2024-02-07,0,2,Winter,0,0,0,미라시아,브런치 4인 패키지 
2024-02-08,0,2,Winter,0,0,0,미라시아,브런치 4인 패키지 
2024-02-09,2,2,Winter,0,1,1,미라시아,브런치 4인 패키지 
2024-02-10,1,2,Winter,1,1,1,미라시아,브런치 4인 패키지 
2024-02-11,2,2,Winter,1,1,1,미라시아,브런치 4인 패키지 
2024-02-12,0,2,Winter,0,1,1,미라시아,브런치 4인 패키지 
2024-02-13,1,2,Winter,0,0,0,미라시아,브런치 4인 패키지 
2024-02-14,0,2,Winter,0,0,0,미라시아,브런치 4인 패키지 
2024-02-15,1,2,Winter,0,0,0,미라시아,브런치 4인 패키지 
2024-02-16,0,2,Winter,0,0,0,미라시아,브런치 4인 패키지 
2024-02-17,1,2,Winter,1,0,1,미라시아,브런치 4인 패키지 
2024-02-18,0,2,Winter,1,0,1,미라시아,브런치 4인 패키지 
2024-02-19,0,2,Winter,0,0,0,미라시아,브런치 4인 패키지 
2024-02-20,0,2,Winter,0,0,0,미라시아,브런치 4인 패키지 
2024-02-21,0,2,Winter,0,0,0,미라시아,브런치 4인 패키지 
2024-02-22,0,2,Winter,0,0,0,미라시아,브런치 4인 패키지 
2024-02-23,1,2,Winter,0,0,0,미라시아,브런치 4인 패키지 
2024-02-24,0,2,Winter,1,0,1,미라시아,브런치 4인 패키지 
2024-02-25,0,2,Winter,1,0,1,미라시아,브런치 4인 패키지 
2024-02-26,0,2,Winter,0,0,0,미라시아,브런치 4인 패키지 
2024-02-27,0,2,Winter,0,0,0,미라시아,브런치 4인 패키지 
2024-02-28,0,2,Winter,0,0,0,미라시아,브런치 4인 패키지 
2024-02-29,0,2,Winter,0,0,0,미라시아,브런치 4인 패키지 
2024-03-01,0,3,Spring,0,1,1,미라시아,브런치 4인 패키지 
2024-03-02,0,3,Spring,1,0,1,미라시아,브런치 4인 패키지 
2024-03-03,0,3,Spring,1,0,1,미라시아,브런치 4인 패키지 
2024-03-04,0,3,Spring,0,0,0,미라시아,브런치 4인 패키지 
2024-03-05,0,3,Spring,0,0,0,미라시아,브런치 4인 패키지 
2024-03-06,0,3,Spring,0,0,0,미라시아,브런치 4인 패키지 
2024-03-07,0,3,Spring,0,0,0,미라시아,브런치 4인 패키지 
2024-03-08,0,3,Spring,0,0,0,미라시아,브런치 4인 패키지 
2024-03-09,0,3,Spring,1,0,1,미라시아,브런치 4인 패키지 
2024-03-10,0,3,Spring,1,0,1,미라시아,브런치 4인 패키지 
2024-03-11,0,3,Spring,0,0,0,미라시아,브런치 4인 패키지 
2024-03-12,0,3,Spring,0,0,0,미라시아,브런치 4인 패키지 
2024-03-13,0,3,Spring,0,0,0,미라시아,브런치 4인 패키지 
2024-03-14,0,3,Spring,0,0,0,미라시아,브런치 4인 패키지 
2024-03-15,0,3,Spring,0,0,0,미라시아,브런치 4인 패키지 
2024-03-16,0,3,Spring,1,0,1,미라시아,브런치 4인 패키지 
2024-03-17,0,3,Spring,1,0,1,미라시아,브런치 4인 패키지 
2024-03-18,0,3,Spring,0,0,0,미라시아,브런치 4인 패키지 
2024-03-19,0,3,Spring,0,0,0,미라시아,브런치 4인 패키지 
2024-03-20,0,3,Spring,0,0,0,미라시아,브런치 4인 패키지 
2024-03-21,0,3,Spring,0,0,0,미라시아,브런치 4인 패키지 
2024-03-22,0,3,Spring,0,0,0,미라시아,브런치 4인 패키지 
2024-03-23,0,3,Spring,1,0,1,미라시아,브런치 4인 패키지 
2024-03-24,0,3,Spring,1,0,1,미라시아,브런치 4인 패키지 
2024-03-25,0,3,Spring,0,0,0,미라시아,브런치 4인 패키지 
2024-03-26,0,3,Spring,0,0,0,미라시아,브런치 4인 패키지 
2024-03-27,0,3,Spring,0,0,0,미라시아,브런치 4인 패키지 
2024-03-28,0,3,Spring,0,0,0,미라시아,브런치 4인 패키지 
2024-03-29,0,3,Spring,0,0,0,미라시아,브런치 4인 패키지 
2024-03-30,0,3,Spring,1,0,1,미라시아,브런치 4인 패키지 
2024-03-31,0,3,Spring,1,0,1,미라시아,브런치 4인 패키지 
2024-04-01,0,4,Spring,0,0,0,미라시아,브런치 4인 패키지 
2024-04-02,0,4,Spring,0,0,0,미라시아,브런치 4인 패키지 
2024-04-03,0,4,Spring,0,0,0,미라시아,브런치 4인 패키지 
2024-04-04,0,4,Spring,0,0,0,미라시아,브런치 4인 패키지 
2024-04-05,0,4,Spring,0,0,0,미라시아,브런치 4인 패키지 
2024-04-06,0,4,Spring,1,0,1,미라시아,브런치 4인 패키지 
2024-04-07,0,4,Spring,1,0,1,미라시아,브런치 4인 패키지 
2024-04-08,0,4,Spring,0,0,0,미라시아,브런치 4인 패키지 
2024-04-09,0,4,Spring,0,0,0,미라시아,브런치 4인 패키지 
2024-04-10,0,4,Spring,0,1,1,미라시아,브런치 4인 패키지 
2024-04-11,1,4,Spring,0,0,0,미라시아,브런치 4인 패키지 
2024-04-12,0,4,Spring,0,0,0,미라시아,브런치 4인 패키지 
2024-04-13,1,4,Spring,1,0,1,미라시아,브런치 4인 패키지 
2024-04-14,0,4,Spring,1,0,1,미라시아,브런치 4인 패키지 
2024-04-15,0,4,Spring,0,0,0,미라시아,브런치 4인 패키지 
2024-04-16,0,4,Spring,0,0,0,미라시아,브런치 4인 패키지 
2024-04-17,0,4,Spring,0,0,0,미라시아,브런치 4인 패키지 
2024-04-18,0,4,Spring,0,0,0,미라시아,브런치 4인 패키지 
2024-04-19,0,4,Spring,0,0,0,미라시아,브런치 4인 패키지 
2024-04-20,0,4,Spring,1,0,1,미라시아,브런치 4인 패키지 
2024-04-21,0,4,Spring,1,0,1,미라시아,브런치 4인 패키지 
2024-04-22,0,4,Spring,0,0,0,미라시아,브런치 4인 패키지 
2024-04-23,0,4,Spring,0,0,0,미라시아,브런치 4인 패키지 
2024-04-24,0,4,Spring,0,0,0,미라시아,브런치 4인 패키지 
2024-04-25,0,4,Spring,0,0,0,미라시아,브런치 4인 패키지 
2024-04-26,1,4,Spring,0,0,0,미라시아,브런치 4인 패키지 
2024-04-27,0,4,Spring,1,0,1,미라시아,브런치 4인 패키지 
2024-04-28,0,4,Spring,1,0,1,미라시아,브런치 4인 패키지 
2024-04-29,0,4,Spring,0,0,0,미라시아,브런치 4인 패키지 
2024-04-30,1,4,Spring,0,0,0,미라시아,브런치 4인 패키지 
2024-05-01,0,5,Spring,0,0,0,미라시아,브런치 4인 패키지 
2024-05-02,0,5,Spring,0,0,0,미라시아,브런치 4인 패키지 
2024-05-03,0,5,Spring,0,0,0,미라시아,브런치 4인 패키지 
2024-05-04,1,5,Spring,1,0,1,미라시아,브런치 4인 패키지 
2024-05-05,0,5,Spring,1,1,1,미라시아,브런치 4인 패키지 
2024-05-06,1,5,Spring,0,1,1,미라시아,브런치 4인 패키지 
2024-05-07,0,5,Spring,0,0,0,미라시아,브런치 4인 패키지 
2024-05-08,0,5,Spring,0,0,0,미라시아,브런치 4인 패키지 
2024-05-09,1,5,Spring,0,0,0,미라시아,브런치 4인 패키지 
2024-05-10,0,5,Spring,0,0,0,미라시아,브런치 4인 패키지 
2024-05-11,0,5,Spring,1,0,1,미라시아,브런치 4인 패키지 
2024-05-12,0,5,Spring,1,0,1,미라시아,브런치 4인 패키지 
2024-05-13,0,5,Spring,0,0,0,미라시아,브런치 4인 패키지 
2024-05-14,0,5,Spring,0,0,0,미라시아,브런치 4인 패키지 
2024-05-15,1,5,Spring,0,1,1,미라시아,브런치 4인 패키지 
2024-05-16,1,5,Spring,0,0,0,미라시아,브런치 4인 패키지 
2024-05-17,0,5,Spring,0,0,0,미라시아,브런치 4인 패키지 
2024-05-18,0,5,Spring,1,0,1,미라시아,브런치 4인 패키지 
2024-05-19,0,5,Spring,1,0,1,미라시아,브런치 4인 패키지 
2024-05-20,0,5,Spring,0,0,0,미라시아,브런치 4인 패키지 
2024-05-21,0,5,Spring,0,0,0,미라시아,브런치 4인 패키지 
2024-05-22,0,5,Spring,0,0,0,미라시아,브런치 4인 패키지 
2024-05-23,0,5,Spring,0,0,0,미라시아,브런치 4인 패키지 
2024-05-24,0,5,Spring,0,0,0,미라시아,브런치 4인 패키지 
2024-05-25,0,5,Spring,1,0,1,미라시아,브런치 4인 패키지 
2024-05-26,0,5,Spring,1,0,1,미라시아,브런치 4인 패키지 
2024-05-27,1,5,Spring,0,0,0,미라시아,브런치 4인 패키지 
2024-05-28,0,5,Spring,0,0,0,미라시아,브런치 4인 패키지 
2024-05-29,2,5,Spring,0,0,0,미라시아,브런치 4인 패키지 
2024-05-30,0,5,Spring,0,0,0,미라시아,브런치 4인 패키지 
2024-05-31,0,5,Spring,0,0,0,미라시아,브런치 4인 패키지 
2024-06-01,1,6,Summer,1,0,1,미라시아,브런치 4인 패키지 
2024-06-02,0,6,Summer,1,0,1,미라시아,브런치 4인 패키지 
2024-06-03,0,6,Summer,0,0,0,미라시아,브런치 4인 패키지 
2024-06-04,0,6,Summer,0,0,0,미라시아,브런치 4인 패키지 
2024-06-05,0,6,Summer,0,0,0,미라시아,브런치 4인 패키지 
2024-06-06,1,6,Summer,0,1,1,미라시아,브런치 4인 패키지 
2024-06-07,2,6,Summer,0,0,0,미라시아,브런치 4인 패키지 
2024-06-08,0,6,Summer,1,0,1,미라시아,브런치 4인 패키지 
2024-06-09,0,6,Summer,1,0,1,미라시아,브런치 4인 패키지 
2024-06-10,0,6,Summer,0,0,0,미라시아,브런치 4인 패키지 
2024-06-11,0,6,Summer,0,0,0,미라시아,브런치 4인 패키지 
2024-06-12,0,6,Summer,0,0,0,미라시아,브런치 4인 패키지 
2024-06-13,0,6,Summer,0,0,0,미라시아,브런치 4인 패키지 
2024-06-14,0,6,Summer,0,0,0,미라시아,브런치 4인 패키지 
2024-06-15,0,6,Summer,1,0,1,미라시아,브런치 4인 패키지 
2023-01-01,71,1,Winter,1,1,1,미라시아,브런치(대인) 주말
2023-01-02,0,1,Winter,0,0,0,미라시아,브런치(대인) 주말
2023-01-03,0,1,Winter,0,0,0,미라시아,브런치(대인) 주말
2023-01-04,0,1,Winter,0,0,0,미라시아,브런치(대인) 주말
2023-01-05,0,1,Winter,0,0,0,미라시아,브런치(대인) 주말
2023-01-06,0,1,Winter,0,0,0,미라시아,브런치(대인) 주말
2023-01-07,33,1,Winter,1,0,1,미라시아,브런치(대인) 주말
2023-01-08,63,1,Winter,1,0,1,미라시아,브런치(대인) 주말
2023-01-09,0,1,Winter,0,0,0,미라시아,브런치(대인) 주말
2023-01-10,0,1,Winter,0,0,0,미라시아,브런치(대인) 주말
2023-01-11,0,1,Winter,0,0,0,미라시아,브런치(대인) 주말
2023-01-12,0,1,Winter,0,0,0,미라시아,브런치(대인) 주말
2023-01-13,0,1,Winter,0,0,0,미라시아,브런치(대인) 주말
2023-01-14,20,1,Winter,1,0,1,미라시아,브런치(대인) 주말
2023-01-15,56,1,Winter,1,0,1,미라시아,브런치(대인) 주말
2023-01-16,0,1,Winter,0,0,0,미라시아,브런치(대인) 주말
2023-01-17,0,1,Winter,0,0,0,미라시아,브런치(대인) 주말
2023-01-18,0,1,Winter,0,0,0,미라시아,브런치(대인) 주말
2023-01-19,0,1,Winter,0,0,0,미라시아,브런치(대인) 주말
2023-01-20,0,1,Winter,0,0,0,미라시아,브런치(대인) 주말
2023-01-21,37,1,Winter,1,1,1,미라시아,브런치(대인) 주말
2023-01-22,101,1,Winter,1,1,1,미라시아,브런치(대인) 주말
2023-01-23,75,1,Winter,0,1,1,미라시아,브런치(대인) 주말
2023-01-24,80,1,Winter,0,1,1,미라시아,브런치(대인) 주말
2023-01-25,0,1,Winter,0,0,0,미라시아,브런치(대인) 주말
2023-01-26,0,1,Winter,0,0,0,미라시아,브런치(대인) 주말
2023-01-27,0,1,Winter,0,0,0,미라시아,브런치(대인) 주말
2023-01-28,38,1,Winter,1,0,1,미라시아,브런치(대인) 주말
2023-01-29,51,1,Winter,1,0,1,미라시아,브런치(대인) 주말
2023-01-30,0,1,Winter,0,0,0,미라시아,브런치(대인) 주말
2023-01-31,0,1,Winter,0,0,0,미라시아,브런치(대인) 주말
2023-02-01,0,2,Winter,0,0,0,미라시아,브런치(대인) 주말
2023-02-02,0,2,Winter,0,0,0,미라시아,브런치(대인) 주말
2023-02-03,0,2,Winter,0,0,0,미라시아,브런치(대인) 주말
2023-02-04,29,2,Winter,1,0,1,미라시아,브런치(대인) 주말
2023-02-05,58,2,Winter,1,0,1,미라시아,브런치(대인) 주말
2023-02-06,0,2,Winter,0,0,0,미라시아,브런치(대인) 주말
2023-02-07,0,2,Winter,0,0,0,미라시아,브런치(대인) 주말
2023-02-08,0,2,Winter,0,0,0,미라시아,브런치(대인) 주말
2023-02-09,0,2,Winter,0,0,0,미라시아,브런치(대인) 주말
2023-02-10,0,2,Winter,0,0,0,미라시아,브런치(대인) 주말
2023-02-11,2,2,Winter,1,0,1,미라시아,브런치(대인) 주말
2023-02-12,4,2,Winter,1,0,1,미라시아,브런치(대인) 주말
2023-02-13,0,2,Winter,0,0,0,미라시아,브런치(대인) 주말
2023-02-14,0,2,Winter,0,0,0,미라시아,브런치(대인) 주말
2023-02-15,0,2,Winter,0,0,0,미라시아,브런치(대인) 주말
2023-02-16,0,2,Winter,0,0,0,미라시아,브런치(대인) 주말
2023-02-17,0,2,Winter,0,0,0,미라시아,브런치(대인) 주말
2023-02-18,0,2,Winter,1,0,1,미라시아,브런치(대인) 주말
2023-02-19,12,2,Winter,1,0,1,미라시아,브런치(대인) 주말
2023-02-20,0,2,Winter,0,0,0,미라시아,브런치(대인) 주말
2023-02-21,0,2,Winter,0,0,0,미라시아,브런치(대인) 주말
2023-02-22,0,2,Winter,0,0,0,미라시아,브런치(대인) 주말
2023-02-23,0,2,Winter,0,0,0,미라시아,브런치(대인) 주말
2023-02-24,0,2,Winter,0,0,0,미라시아,브런치(대인) 주말
2023-02-25,39,2,Winter,1,0,1,미라시아,브런치(대인) 주말
2023-02-26,92,2,Winter,1,0,1,미라시아,브런치(대인) 주말
2023-02-27,0,2,Winter,0,0,0,미라시아,브런치(대인) 주말
2023-02-28,0,2,Winter,0,0,0,미라시아,브런치(대인) 주말
2023-03-01,0,3,Spring,0,1,1,미라시아,브런치(대인) 주말
2023-03-02,0,3,Spring,0,0,0,미라시아,브런치(대인) 주말
2023-03-03,0,3,Spring,0,0,0,미라시아,브런치(대인) 주말
2023-03-04,0,3,Spring,1,0,1,미라시아,브런치(대인) 주말
2023-03-05,0,3,Spring,1,0,1,미라시아,브런치(대인) 주말
2023-03-06,0,3,Spring,0,0,0,미라시아,브런치(대인) 주말
2023-03-07,0,3,Spring,0,0,0,미라시아,브런치(대인) 주말
2023-03-08,0,3,Spring,0,0,0,미라시아,브런치(대인) 주말
2023-03-09,0,3,Spring,0,0,0,미라시아,브런치(대인) 주말
2023-03-10,0,3,Spring,0,0,0,미라시아,브런치(대인) 주말
2023-03-11,18,3,Spring,1,0,1,미라시아,브런치(대인) 주말
2023-03-12,73,3,Spring,1,0,1,미라시아,브런치(대인) 주말
2023-03-13,0,3,Spring,0,0,0,미라시아,브런치(대인) 주말
2023-03-14,0,3,Spring,0,0,0,미라시아,브런치(대인) 주말
2023-03-15,2,3,Spring,0,0,0,미라시아,브런치(대인) 주말
2023-03-16,0,3,Spring,0,0,0,미라시아,브런치(대인) 주말
2023-03-17,0,3,Spring,0,0,0,미라시아,브런치(대인) 주말
2023-03-18,34,3,Spring,1,0,1,미라시아,브런치(대인) 주말
2023-03-19,74,3,Spring,1,0,1,미라시아,브런치(대인) 주말
2023-03-20,0,3,Spring,0,0,0,미라시아,브런치(대인) 주말
2023-03-21,0,3,Spring,0,0,0,미라시아,브런치(대인) 주말
2023-03-22,0,3,Spring,0,0,0,미라시아,브런치(대인) 주말
2023-03-23,0,3,Spring,0,0,0,미라시아,브런치(대인) 주말
2023-03-24,0,3,Spring,0,0,0,미라시아,브런치(대인) 주말
2023-03-25,38,3,Spring,1,0,1,미라시아,브런치(대인) 주말
2023-03-26,43,3,Spring,1,0,1,미라시아,브런치(대인) 주말
2023-03-27,0,3,Spring,0,0,0,미라시아,브런치(대인) 주말
2023-03-28,0,3,Spring,0,0,0,미라시아,브런치(대인) 주말
2023-03-29,0,3,Spring,0,0,0,미라시아,브런치(대인) 주말
2023-03-30,0,3,Spring,0,0,0,미라시아,브런치(대인) 주말
2023-03-31,0,3,Spring,0,0,0,미라시아,브런치(대인) 주말
2023-04-01,61,4,Spring,1,0,1,미라시아,브런치(대인) 주말
2023-04-02,79,4,Spring,1,0,1,미라시아,브런치(대인) 주말
2023-04-03,0,4,Spring,0,0,0,미라시아,브런치(대인) 주말
2023-04-04,0,4,Spring,0,0,0,미라시아,브런치(대인) 주말
2023-04-05,0,4,Spring,0,0,0,미라시아,브런치(대인) 주말
2023-04-06,0,4,Spring,0,0,0,미라시아,브런치(대인) 주말
2023-04-07,0,4,Spring,0,0,0,미라시아,브런치(대인) 주말
2023-04-08,64,4,Spring,1,0,1,미라시아,브런치(대인) 주말
2023-04-09,93,4,Spring,1,0,1,미라시아,브런치(대인) 주말
2023-04-10,0,4,Spring,0,0,0,미라시아,브런치(대인) 주말
2023-04-11,0,4,Spring,0,0,0,미라시아,브런치(대인) 주말
2023-04-12,0,4,Spring,0,0,0,미라시아,브런치(대인) 주말
2023-04-13,0,4,Spring,0,0,0,미라시아,브런치(대인) 주말
2023-04-14,0,4,Spring,0,0,0,미라시아,브런치(대인) 주말
2023-04-15,57,4,Spring,1,0,1,미라시아,브런치(대인) 주말
2023-04-16,54,4,Spring,1,0,1,미라시아,브런치(대인) 주말
2023-04-17,0,4,Spring,0,0,0,미라시아,브런치(대인) 주말
2023-04-18,0,4,Spring,0,0,0,미라시아,브런치(대인) 주말
2023-04-19,0,4,Spring,0,0,0,미라시아,브런치(대인) 주말
2023-04-20,0,4,Spring,0,0,0,미라시아,브런치(대인) 주말
2023-04-21,0,4,Spring,0,0,0,미라시아,브런치(대인) 주말
2023-04-22,43,4,Spring,1,0,1,미라시아,브런치(대인) 주말
2023-04-23,55,4,Spring,1,0,1,미라시아,브런치(대인) 주말
2023-04-24,0,4,Spring,0,0,0,미라시아,브런치(대인) 주말
2023-04-25,4,4,Spring,0,0,0,미라시아,브런치(대인) 주말
2023-04-26,0,4,Spring,0,0,0,미라시아,브런치(대인) 주말
2023-04-27,0,4,Spring,0,0,0,미라시아,브런치(대인) 주말
2023-04-28,0,4,Spring,0,0,0,미라시아,브런치(대인) 주말
2023-04-29,43,4,Spring,1,0,1,미라시아,브런치(대인) 주말
2023-04-30,53,4,Spring,1,0,1,미라시아,브런치(대인) 주말
2023-05-01,0,5,Spring,0,0,0,미라시아,브런치(대인) 주말
2023-05-02,0,5,Spring,0,0,0,미라시아,브런치(대인) 주말
2023-05-03,0,5,Spring,0,0,0,미라시아,브런치(대인) 주말
2023-05-04,0,5,Spring,0,0,0,미라시아,브런치(대인) 주말
2023-05-05,93,5,Spring,0,1,1,미라시아,브런치(대인) 주말
2023-05-06,67,5,Spring,1,0,1,미라시아,브런치(대인) 주말
2023-05-07,80,5,Spring,1,0,1,미라시아,브런치(대인) 주말
2023-05-08,0,5,Spring,0,0,0,미라시아,브런치(대인) 주말
2023-05-09,0,5,Spring,0,0,0,미라시아,브런치(대인) 주말
2023-05-10,0,5,Spring,0,0,0,미라시아,브런치(대인) 주말
2023-05-11,0,5,Spring,0,0,0,미라시아,브런치(대인) 주말
2023-05-12,2,5,Spring,0,0,0,미라시아,브런치(대인) 주말
2023-05-13,69,5,Spring,1,0,1,미라시아,브런치(대인) 주말
2023-05-14,74,5,Spring,1,0,1,미라시아,브런치(대인) 주말
2023-05-15,0,5,Spring,0,0,0,미라시아,브런치(대인) 주말
2023-05-16,0,5,Spring,0,0,0,미라시아,브런치(대인) 주말
2023-05-17,0,5,Spring,0,0,0,미라시아,브런치(대인) 주말
2023-05-18,0,5,Spring,0,0,0,미라시아,브런치(대인) 주말
2023-05-19,0,5,Spring,0,0,0,미라시아,브런치(대인) 주말
2023-05-20,29,5,Spring,1,0,1,미라시아,브런치(대인) 주말
2023-05-21,54,5,Spring,1,0,1,미라시아,브런치(대인) 주말
2023-05-22,0,5,Spring,0,0,0,미라시아,브런치(대인) 주말
2023-05-23,0,5,Spring,0,0,0,미라시아,브런치(대인) 주말
2023-05-24,0,5,Spring,0,0,0,미라시아,브런치(대인) 주말
2023-05-25,4,5,Spring,0,0,0,미라시아,브런치(대인) 주말
2023-05-26,0,5,Spring,0,0,0,미라시아,브런치(대인) 주말
2023-05-27,49,5,Spring,1,1,1,미라시아,브런치(대인) 주말
2023-05-28,56,5,Spring,1,0,1,미라시아,브런치(대인) 주말
2023-05-29,69,5,Spring,0,1,1,미라시아,브런치(대인) 주말
2023-05-30,0,5,Spring,0,0,0,미라시아,브런치(대인) 주말
2023-05-31,0,5,Spring,0,0,0,미라시아,브런치(대인) 주말
2023-06-01,0,6,Summer,0,0,0,미라시아,브런치(대인) 주말
2023-06-02,0,6,Summer,0,0,0,미라시아,브런치(대인) 주말
2023-06-03,79,6,Summer,1,0,1,미라시아,브런치(대인) 주말
2023-06-04,67,6,Summer,1,0,1,미라시아,브런치(대인) 주말
2023-06-05,0,6,Summer,0,0,0,미라시아,브런치(대인) 주말
2023-06-06,88,6,Summer,0,1,1,미라시아,브런치(대인) 주말
2023-06-07,0,6,Summer,0,0,0,미라시아,브런치(대인) 주말
2023-06-08,0,6,Summer,0,0,0,미라시아,브런치(대인) 주말
2023-06-09,0,6,Summer,0,0,0,미라시아,브런치(대인) 주말
2023-06-10,36,6,Summer,1,0,1,미라시아,브런치(대인) 주말
2023-06-11,42,6,Summer,1,0,1,미라시아,브런치(대인) 주말
2023-06-12,0,6,Summer,0,0,0,미라시아,브런치(대인) 주말
2023-06-13,0,6,Summer,0,0,0,미라시아,브런치(대인) 주말
2023-06-14,0,6,Summer,0,0,0,미라시아,브런치(대인) 주말
2023-06-15,0,6,Summer,0,0,0,미라시아,브런치(대인) 주말
2023-06-16,0,6,Summer,0,0,0,미라시아,브런치(대인) 주말
2023-06-17,90,6,Summer,1,0,1,미라시아,브런치(대인) 주말
2023-06-18,88,6,Summer,1,0,1,미라시아,브런치(대인) 주말
2023-06-19,0,6,Summer,0,0,0,미라시아,브런치(대인) 주말
2023-06-20,0,6,Summer,0,0,0,미라시아,브런치(대인) 주말
2023-06-21,0,6,Summer,0,0,0,미라시아,브런치(대인) 주말
2023-06-22,0,6,Summer,0,0,0,미라시아,브런치(대인) 주말
2023-06-23,0,6,Summer,0,0,0,미라시아,브런치(대인) 주말
2023-06-24,52,6,Summer,1,0,1,미라시아,브런치(대인) 주말
2023-06-25,43,6,Summer,1,0,1,미라시아,브런치(대인) 주말
2023-06-26,0,6,Summer,0,0,0,미라시아,브런치(대인) 주말
2023-06-27,0,6,Summer,0,0,0,미라시아,브런치(대인) 주말
2023-06-28,0,6,Summer,0,0,0,미라시아,브런치(대인) 주말
2023-06-29,0,6,Summer,0,0,0,미라시아,브런치(대인) 주말
2023-06-30,0,6,Summer,0,0,0,미라시아,브런치(대인) 주말
2023-07-01,61,7,Summer,1,0,1,미라시아,브런치(대인) 주말
2023-07-02,84,7,Summer,1,0,1,미라시아,브런치(대인) 주말
2023-07-03,0,7,Summer,0,0,0,미라시아,브런치(대인) 주말
2023-07-04,0,7,Summer,0,0,0,미라시아,브런치(대인) 주말
2023-07-05,0,7,Summer,0,0,0,미라시아,브런치(대인) 주말
2023-07-06,0,7,Summer,0,0,0,미라시아,브런치(대인) 주말
2023-07-07,0,7,Summer,0,0,0,미라시아,브런치(대인) 주말
2023-07-08,75,7,Summer,1,0,1,미라시아,브런치(대인) 주말
2023-07-09,74,7,Summer,1,0,1,미라시아,브런치(대인) 주말
2023-07-10,0,7,Summer,0,0,0,미라시아,브런치(대인) 주말
2023-07-11,0,7,Summer,0,0,0,미라시아,브런치(대인) 주말
2023-07-12,0,7,Summer,0,0,0,미라시아,브런치(대인) 주말
2023-07-13,0,7,Summer,0,0,0,미라시아,브런치(대인) 주말
2023-07-14,0,7,Summer,0,0,0,미라시아,브런치(대인) 주말
2023-07-15,45,7,Summer,1,0,1,미라시아,브런치(대인) 주말
2023-07-16,62,7,Summer,1,0,1,미라시아,브런치(대인) 주말
2023-07-17,0,7,Summer,0,0,0,미라시아,브런치(대인) 주말
2023-07-18,0,7,Summer,0,0,0,미라시아,브런치(대인) 주말
2023-07-19,0,7,Summer,0,0,0,미라시아,브런치(대인) 주말
2023-07-20,0,7,Summer,0,0,0,미라시아,브런치(대인) 주말
2023-07-21,0,7,Summer,0,0,0,미라시아,브런치(대인) 주말
2023-07-22,70,7,Summer,1,0,1,미라시아,브런치(대인) 주말
2023-07-23,81,7,Summer,1,0,1,미라시아,브런치(대인) 주말
2023-07-24,0,7,Summer,0,0,0,미라시아,브런치(대인) 주말
2023-07-25,0,7,Summer,0,0,0,미라시아,브런치(대인) 주말
2023-07-26,0,7,Summer,0,0,0,미라시아,브런치(대인) 주말
2023-07-27,0,7,Summer,0,0,0,미라시아,브런치(대인) 주말
2023-07-28,0,7,Summer,0,0,0,미라시아,브런치(대인) 주말
2023-07-29,76,7,Summer,1,0,1,미라시아,브런치(대인) 주말
2023-07-30,76,7,Summer,1,0,1,미라시아,브런치(대인) 주말
2023-07-31,0,7,Summer,0,0,0,미라시아,브런치(대인) 주말
2023-08-01,0,8,Summer,0,0,0,미라시아,브런치(대인) 주말
2023-08-02,0,8,Summer,0,0,0,미라시아,브런치(대인) 주말
2023-08-03,0,8,Summer,0,0,0,미라시아,브런치(대인) 주말
2023-08-04,0,8,Summer,0,0,0,미라시아,브런치(대인) 주말
2023-08-05,47,8,Summer,1,0,1,미라시아,브런치(대인) 주말
2023-08-06,72,8,Summer,1,0,1,미라시아,브런치(대인) 주말
2023-08-07,0,8,Summer,0,0,0,미라시아,브런치(대인) 주말
2023-08-08,0,8,Summer,0,0,0,미라시아,브런치(대인) 주말
2023-08-09,0,8,Summer,0,0,0,미라시아,브런치(대인) 주말
2023-08-10,0,8,Summer,0,0,0,미라시아,브런치(대인) 주말
2023-08-11,0,8,Summer,0,0,0,미라시아,브런치(대인) 주말
2023-08-12,85,8,Summer,1,0,1,미라시아,브런치(대인) 주말
2023-08-13,88,8,Summer,1,0,1,미라시아,브런치(대인) 주말
2023-08-14,0,8,Summer,0,0,0,미라시아,브런치(대인) 주말
2023-08-15,66,8,Summer,0,1,1,미라시아,브런치(대인) 주말
2023-08-16,0,8,Summer,0,0,0,미라시아,브런치(대인) 주말
2023-08-17,0,8,Summer,0,0,0,미라시아,브런치(대인) 주말
2023-08-18,0,8,Summer,0,0,0,미라시아,브런치(대인) 주말
2023-08-19,65,8,Summer,1,0,1,미라시아,브런치(대인) 주말
2023-08-20,76,8,Summer,1,0,1,미라시아,브런치(대인) 주말
2023-08-21,0,8,Summer,0,0,0,미라시아,브런치(대인) 주말
2023-08-22,0,8,Summer,0,0,0,미라시아,브런치(대인) 주말
2023-08-23,0,8,Summer,0,0,0,미라시아,브런치(대인) 주말
2023-08-24,0,8,Summer,0,0,0,미라시아,브런치(대인) 주말
2023-08-25,0,8,Summer,0,0,0,미라시아,브런치(대인) 주말
2023-08-26,40,8,Summer,1,0,1,미라시아,브런치(대인) 주말
2023-08-27,73,8,Summer,1,0,1,미라시아,브런치(대인) 주말
2023-08-28,0,8,Summer,0,0,0,미라시아,브런치(대인) 주말
2023-08-29,0,8,Summer,0,0,0,미라시아,브런치(대인) 주말
2023-08-30,0,8,Summer,0,0,0,미라시아,브런치(대인) 주말
2023-08-31,0,8,Summer,0,0,0,미라시아,브런치(대인) 주말
2023-09-01,0,9,Autumn,0,0,0,미라시아,브런치(대인) 주말
2023-09-02,98,9,Autumn,1,0,1,미라시아,브런치(대인) 주말
2023-09-03,199,9,Autumn,1,0,1,미라시아,브런치(대인) 주말
2023-09-04,0,9,Autumn,0,0,0,미라시아,브런치(대인) 주말
2023-09-05,0,9,Autumn,0,0,0,미라시아,브런치(대인) 주말
2023-09-06,0,9,Autumn,0,0,0,미라시아,브런치(대인) 주말
2023-09-07,0,9,Autumn,0,0,0,미라시아,브런치(대인) 주말
2023-09-08,0,9,Autumn,0,0,0,미라시아,브런치(대인) 주말
2023-09-09,137,9,Autumn,1,0,1,미라시아,브런치(대인) 주말
2023-09-10,255,9,Autumn,1,0,1,미라시아,브런치(대인) 주말
2023-09-11,0,9,Autumn,0,0,0,미라시아,브런치(대인) 주말
2023-09-12,0,9,Autumn,0,0,0,미라시아,브런치(대인) 주말
2023-09-13,2,9,Autumn,0,0,0,미라시아,브런치(대인) 주말
2023-09-14,0,9,Autumn,0,0,0,미라시아,브런치(대인) 주말
2023-09-15,0,9,Autumn,0,0,0,미라시아,브런치(대인) 주말
2023-09-16,108,9,Autumn,1,0,1,미라시아,브런치(대인) 주말
2023-09-17,219,9,Autumn,1,0,1,미라시아,브런치(대인) 주말
2023-09-18,0,9,Autumn,0,0,0,미라시아,브런치(대인) 주말
2023-09-19,0,9,Autumn,0,0,0,미라시아,브런치(대인) 주말
2023-09-20,0,9,Autumn,0,0,0,미라시아,브런치(대인) 주말
2023-09-21,0,9,Autumn,0,0,0,미라시아,브런치(대인) 주말
2023-09-22,0,9,Autumn,0,0,0,미라시아,브런치(대인) 주말
2023-09-23,139,9,Autumn,1,0,1,미라시아,브런치(대인) 주말
2023-09-24,208,9,Autumn,1,0,1,미라시아,브런치(대인) 주말
2023-09-25,0,9,Autumn,0,0,0,미라시아,브런치(대인) 주말
2023-09-26,0,9,Autumn,0,0,0,미라시아,브런치(대인) 주말
2023-09-27,0,9,Autumn,0,0,0,미라시아,브런치(대인) 주말
2023-09-28,217,9,Autumn,0,1,1,미라시아,브런치(대인) 주말
2023-09-29,297,9,Autumn,0,1,1,미라시아,브런치(대인) 주말
2023-09-30,286,9,Autumn,1,1,1,미라시아,브런치(대인) 주말
2023-10-01,250,10,Autumn,1,0,1,미라시아,브런치(대인) 주말
2023-10-02,199,10,Autumn,0,1,1,미라시아,브런치(대인) 주말
2023-10-03,200,10,Autumn,0,1,1,미라시아,브런치(대인) 주말
2023-10-04,0,10,Autumn,0,0,0,미라시아,브런치(대인) 주말
2023-10-05,1,10,Autumn,0,0,0,미라시아,브런치(대인) 주말
2023-10-06,5,10,Autumn,0,0,0,미라시아,브런치(대인) 주말
2023-10-07,114,10,Autumn,1,0,1,미라시아,브런치(대인) 주말
2023-10-08,249,10,Autumn,1,0,1,미라시아,브런치(대인) 주말
2023-10-09,227,10,Autumn,0,1,1,미라시아,브런치(대인) 주말
2023-10-10,0,10,Autumn,0,0,0,미라시아,브런치(대인) 주말
2023-10-11,0,10,Autumn,0,0,0,미라시아,브런치(대인) 주말
2023-10-12,0,10,Autumn,0,0,0,미라시아,브런치(대인) 주말
2023-10-13,0,10,Autumn,0,0,0,미라시아,브런치(대인) 주말
2023-10-14,195,10,Autumn,1,0,1,미라시아,브런치(대인) 주말
2023-10-15,358,10,Autumn,1,0,1,미라시아,브런치(대인) 주말
2023-10-16,0,10,Autumn,0,0,0,미라시아,브런치(대인) 주말
2023-10-17,0,10,Autumn,0,0,0,미라시아,브런치(대인) 주말
2023-10-18,0,10,Autumn,0,0,0,미라시아,브런치(대인) 주말
2023-10-19,0,10,Autumn,0,0,0,미라시아,브런치(대인) 주말
2023-10-20,2,10,Autumn,0,0,0,미라시아,브런치(대인) 주말
2023-10-21,169,10,Autumn,1,0,1,미라시아,브런치(대인) 주말
2023-10-22,243,10,Autumn,1,0,1,미라시아,브런치(대인) 주말
2023-10-23,0,10,Autumn,0,0,0,미라시아,브런치(대인) 주말
2023-10-24,0,10,Autumn,0,0,0,미라시아,브런치(대인) 주말
2023-10-25,0,10,Autumn,0,0,0,미라시아,브런치(대인) 주말
2023-10-26,4,10,Autumn,0,0,0,미라시아,브런치(대인) 주말
2023-10-27,0,10,Autumn,0,0,0,미라시아,브런치(대인) 주말
2023-10-28,172,10,Autumn,1,0,1,미라시아,브런치(대인) 주말
2023-10-29,237,10,Autumn,1,0,1,미라시아,브런치(대인) 주말
2023-10-30,0,10,Autumn,0,0,0,미라시아,브런치(대인) 주말
2023-10-31,0,10,Autumn,0,0,0,미라시아,브런치(대인) 주말
2023-11-01,0,11,Autumn,0,0,0,미라시아,브런치(대인) 주말
2023-11-02,4,11,Autumn,0,0,0,미라시아,브런치(대인) 주말
2023-11-03,4,11,Autumn,0,0,0,미라시아,브런치(대인) 주말
2023-11-04,194,11,Autumn,1,0,1,미라시아,브런치(대인) 주말
2023-11-05,230,11,Autumn,1,0,1,미라시아,브런치(대인) 주말
2023-11-06,0,11,Autumn,0,0,0,미라시아,브런치(대인) 주말
2023-11-07,0,11,Autumn,0,0,0,미라시아,브런치(대인) 주말
2023-11-08,0,11,Autumn,0,0,0,미라시아,브런치(대인) 주말
2023-11-09,0,11,Autumn,0,0,0,미라시아,브런치(대인) 주말
2023-11-10,0,11,Autumn,0,0,0,미라시아,브런치(대인) 주말
2023-11-11,215,11,Autumn,1,0,1,미라시아,브런치(대인) 주말
2023-11-12,198,11,Autumn,1,0,1,미라시아,브런치(대인) 주말
2023-11-13,0,11,Autumn,0,0,0,미라시아,브런치(대인) 주말
2023-11-14,0,11,Autumn,0,0,0,미라시아,브런치(대인) 주말
2023-11-15,0,11,Autumn,0,0,0,미라시아,브런치(대인) 주말
2023-11-16,0,11,Autumn,0,0,0,미라시아,브런치(대인) 주말
2023-11-17,0,11,Autumn,0,0,0,미라시아,브런치(대인) 주말
2023-11-18,179,11,Autumn,1,0,1,미라시아,브런치(대인) 주말
2023-11-19,222,11,Autumn,1,0,1,미라시아,브런치(대인) 주말
2023-11-20,4,11,Autumn,0,0,0,미라시아,브런치(대인) 주말
2023-11-21,4,11,Autumn,0,0,0,미라시아,브런치(대인) 주말
2023-11-22,0,11,Autumn,0,0,0,미라시아,브런치(대인) 주말
2023-11-23,0,11,Autumn,0,0,0,미라시아,브런치(대인) 주말
2023-11-24,2,11,Autumn,0,0,0,미라시아,브런치(대인) 주말
2023-11-25,152,11,Autumn,1,0,1,미라시아,브런치(대인) 주말
2023-11-26,228,11,Autumn,1,0,1,미라시아,브런치(대인) 주말
2023-11-27,0,11,Autumn,0,0,0,미라시아,브런치(대인) 주말
2023-11-28,0,11,Autumn,0,0,0,미라시아,브런치(대인) 주말
2023-11-29,0,11,Autumn,0,0,0,미라시아,브런치(대인) 주말
2023-11-30,0,11,Autumn,0,0,0,미라시아,브런치(대인) 주말
2023-12-01,0,12,Winter,0,0,0,미라시아,브런치(대인) 주말
2023-12-02,144,12,Winter,1,0,1,미라시아,브런치(대인) 주말
2023-12-03,181,12,Winter,1,0,1,미라시아,브런치(대인) 주말
2023-12-04,0,12,Winter,0,0,0,미라시아,브런치(대인) 주말
2023-12-05,0,12,Winter,0,0,0,미라시아,브런치(대인) 주말
2023-12-06,0,12,Winter,0,0,0,미라시아,브런치(대인) 주말
2023-12-07,0,12,Winter,0,0,0,미라시아,브런치(대인) 주말
2023-12-08,0,12,Winter,0,0,0,미라시아,브런치(대인) 주말
2023-12-09,120,12,Winter,1,0,1,미라시아,브런치(대인) 주말
2023-12-10,182,12,Winter,1,0,1,미라시아,브런치(대인) 주말
2023-12-11,0,12,Winter,0,0,0,미라시아,브런치(대인) 주말
2023-12-12,0,12,Winter,0,0,0,미라시아,브런치(대인) 주말
2023-12-13,0,12,Winter,0,0,0,미라시아,브런치(대인) 주말
2023-12-14,0,12,Winter,0,0,0,미라시아,브런치(대인) 주말
2023-12-15,10,12,Winter,0,0,0,미라시아,브런치(대인) 주말
2023-12-16,122,12,Winter,1,0,1,미라시아,브런치(대인) 주말
2023-12-17,131,12,Winter,1,0,1,미라시아,브런치(대인) 주말
2023-12-18,0,12,Winter,0,0,0,미라시아,브런치(대인) 주말
2023-12-19,0,12,Winter,0,0,0,미라시아,브런치(대인) 주말
2023-12-20,0,12,Winter,0,0,0,미라시아,브런치(대인) 주말
2023-12-21,0,12,Winter,0,0,0,미라시아,브런치(대인) 주말
2023-12-22,0,12,Winter,0,0,0,미라시아,브런치(대인) 주말
2023-12-23,163,12,Winter,1,0,1,미라시아,브런치(대인) 주말
2023-12-24,197,12,Winter,1,0,1,미라시아,브런치(대인) 주말
2023-12-25,201,12,Winter,0,1,1,미라시아,브런치(대인) 주말
2023-12-26,0,12,Winter,0,0,0,미라시아,브런치(대인) 주말
2023-12-27,0,12,Winter,0,0,0,미라시아,브런치(대인) 주말
2023-12-28,0,12,Winter,0,0,0,미라시아,브런치(대인) 주말
2023-12-29,0,12,Winter,0,0,0,미라시아,브런치(대인) 주말
2023-12-30,241,12,Winter,1,0,1,미라시아,브런치(대인) 주말
2023-12-31,194,12,Winter,1,0,1,미라시아,브런치(대인) 주말
2024-01-01,174,1,Winter,0,1,1,미라시아,브런치(대인) 주말
2024-01-02,0,1,Winter,0,0,0,미라시아,브런치(대인) 주말
2024-01-03,0,1,Winter,0,0,0,미라시아,브런치(대인) 주말
2024-01-04,0,1,Winter,0,0,0,미라시아,브런치(대인) 주말
2024-01-05,4,1,Winter,0,0,0,미라시아,브런치(대인) 주말
2024-01-06,88,1,Winter,1,0,1,미라시아,브런치(대인) 주말
2024-01-07,151,1,Winter,1,0,1,미라시아,브런치(대인) 주말
2024-01-08,0,1,Winter,0,0,0,미라시아,브런치(대인) 주말
2024-01-09,0,1,Winter,0,0,0,미라시아,브런치(대인) 주말
2024-01-10,0,1,Winter,0,0,0,미라시아,브런치(대인) 주말
2024-01-11,0,1,Winter,0,0,0,미라시아,브런치(대인) 주말
2024-01-12,2,1,Winter,0,0,0,미라시아,브런치(대인) 주말
2024-01-13,88,1,Winter,1,0,1,미라시아,브런치(대인) 주말
2024-01-14,71,1,Winter,1,0,1,미라시아,브런치(대인) 주말
2024-01-15,0,1,Winter,0,0,0,미라시아,브런치(대인) 주말
2024-01-16,0,1,Winter,0,0,0,미라시아,브런치(대인) 주말
2024-01-17,0,1,Winter,0,0,0,미라시아,브런치(대인) 주말
2024-01-18,0,1,Winter,0,0,0,미라시아,브런치(대인) 주말
2024-01-19,4,1,Winter,0,0,0,미라시아,브런치(대인) 주말
2024-01-20,51,1,Winter,1,0,1,미라시아,브런치(대인) 주말
2024-01-21,59,1,Winter,1,0,1,미라시아,브런치(대인) 주말
2024-01-22,0,1,Winter,0,0,0,미라시아,브런치(대인) 주말
2024-01-23,0,1,Winter,0,0,0,미라시아,브런치(대인) 주말
2024-01-24,0,1,Winter,0,0,0,미라시아,브런치(대인) 주말
2024-01-25,0,1,Winter,0,0,0,미라시아,브런치(대인) 주말
2024-01-26,4,1,Winter,0,0,0,미라시아,브런치(대인) 주말
2024-01-27,43,1,Winter,1,0,1,미라시아,브런치(대인) 주말
2024-01-28,75,1,Winter,1,0,1,미라시아,브런치(대인) 주말
2024-01-29,0,1,Winter,0,0,0,미라시아,브런치(대인) 주말
2024-01-30,0,1,Winter,0,0,0,미라시아,브런치(대인) 주말
2024-01-31,0,1,Winter,0,0,0,미라시아,브런치(대인) 주말
2024-02-01,0,2,Winter,0,0,0,미라시아,브런치(대인) 주말
2024-02-02,0,2,Winter,0,0,0,미라시아,브런치(대인) 주말
2024-02-03,72,2,Winter,1,0,1,미라시아,브런치(대인) 주말
2024-02-04,72,2,Winter,1,0,1,미라시아,브런치(대인) 주말
2024-02-05,0,2,Winter,0,0,0,미라시아,브런치(대인) 주말
2024-02-06,0,2,Winter,0,0,0,미라시아,브런치(대인) 주말
2024-02-07,0,2,Winter,0,0,0,미라시아,브런치(대인) 주말
2024-02-08,0,2,Winter,0,0,0,미라시아,브런치(대인) 주말
2024-02-09,95,2,Winter,0,1,1,미라시아,브런치(대인) 주말
2024-02-10,189,2,Winter,1,1,1,미라시아,브런치(대인) 주말
2024-02-11,148,2,Winter,1,1,1,미라시아,브런치(대인) 주말
2024-02-12,126,2,Winter,0,1,1,미라시아,브런치(대인) 주말
2024-02-13,0,2,Winter,0,0,0,미라시아,브런치(대인) 주말
2024-02-14,0,2,Winter,0,0,0,미라시아,브런치(대인) 주말
2024-02-15,0,2,Winter,0,0,0,미라시아,브런치(대인) 주말
2024-02-16,0,2,Winter,0,0,0,미라시아,브런치(대인) 주말
2024-02-17,87,2,Winter,1,0,1,미라시아,브런치(대인) 주말
2024-02-18,120,2,Winter,1,0,1,미라시아,브런치(대인) 주말
2024-02-19,0,2,Winter,0,0,0,미라시아,브런치(대인) 주말
2024-02-20,2,2,Winter,0,0,0,미라시아,브런치(대인) 주말
2024-02-21,2,2,Winter,0,0,0,미라시아,브런치(대인) 주말
2024-02-22,0,2,Winter,0,0,0,미라시아,브런치(대인) 주말
2024-02-23,4,2,Winter,0,0,0,미라시아,브런치(대인) 주말
2024-02-24,105,2,Winter,1,0,1,미라시아,브런치(대인) 주말
2024-02-25,118,2,Winter,1,0,1,미라시아,브런치(대인) 주말
2024-02-26,0,2,Winter,0,0,0,미라시아,브런치(대인) 주말
2024-02-27,4,2,Winter,0,0,0,미라시아,브런치(대인) 주말
2024-02-28,0,2,Winter,0,0,0,미라시아,브런치(대인) 주말
2024-02-29,2,2,Winter,0,0,0,미라시아,브런치(대인) 주말
2024-03-01,143,3,Spring,0,1,1,미라시아,브런치(대인) 주말
2024-03-02,186,3,Spring,1,0,1,미라시아,브런치(대인) 주말
2024-03-03,169,3,Spring,1,0,1,미라시아,브런치(대인) 주말
2024-03-04,0,3,Spring,0,0,0,미라시아,브런치(대인) 주말
2024-03-05,0,3,Spring,0,0,0,미라시아,브런치(대인) 주말
2024-03-06,0,3,Spring,0,0,0,미라시아,브런치(대인) 주말
2024-03-07,0,3,Spring,0,0,0,미라시아,브런치(대인) 주말
2024-03-08,0,3,Spring,0,0,0,미라시아,브런치(대인) 주말
2024-03-09,0,3,Spring,1,0,1,미라시아,브런치(대인) 주말
2024-03-10,0,3,Spring,1,0,1,미라시아,브런치(대인) 주말
2024-03-11,0,3,Spring,0,0,0,미라시아,브런치(대인) 주말
2024-03-12,0,3,Spring,0,0,0,미라시아,브런치(대인) 주말
2024-03-13,0,3,Spring,0,0,0,미라시아,브런치(대인) 주말
2024-03-14,0,3,Spring,0,0,0,미라시아,브런치(대인) 주말
2024-03-15,2,3,Spring,0,0,0,미라시아,브런치(대인) 주말
2024-03-16,81,3,Spring,1,0,1,미라시아,브런치(대인) 주말
2024-03-17,162,3,Spring,1,0,1,미라시아,브런치(대인) 주말
2024-03-18,0,3,Spring,0,0,0,미라시아,브런치(대인) 주말
2024-03-19,0,3,Spring,0,0,0,미라시아,브런치(대인) 주말
2024-03-20,0,3,Spring,0,0,0,미라시아,브런치(대인) 주말
2024-03-21,0,3,Spring,0,0,0,미라시아,브런치(대인) 주말
2024-03-22,0,3,Spring,0,0,0,미라시아,브런치(대인) 주말
2024-03-23,50,3,Spring,1,0,1,미라시아,브런치(대인) 주말
2024-03-24,153,3,Spring,1,0,1,미라시아,브런치(대인) 주말
2024-03-25,0,3,Spring,0,0,0,미라시아,브런치(대인) 주말
2024-03-26,0,3,Spring,0,0,0,미라시아,브런치(대인) 주말
2024-03-27,0,3,Spring,0,0,0,미라시아,브런치(대인) 주말
2024-03-28,0,3,Spring,0,0,0,미라시아,브런치(대인) 주말
2024-03-29,0,3,Spring,0,0,0,미라시아,브런치(대인) 주말
2024-03-30,146,3,Spring,1,0,1,미라시아,브런치(대인) 주말
2024-03-31,203,3,Spring,1,0,1,미라시아,브런치(대인) 주말
2024-04-01,1,4,Spring,0,0,0,미라시아,브런치(대인) 주말
2024-04-02,0,4,Spring,0,0,0,미라시아,브런치(대인) 주말
2024-04-03,0,4,Spring,0,0,0,미라시아,브런치(대인) 주말
2024-04-04,0,4,Spring,0,0,0,미라시아,브런치(대인) 주말
2024-04-05,0,4,Spring,0,0,0,미라시아,브런치(대인) 주말
2024-04-06,137,4,Spring,1,0,1,미라시아,브런치(대인) 주말
2024-04-07,219,4,Spring,1,0,1,미라시아,브런치(대인) 주말
2024-04-08,0,4,Spring,0,0,0,미라시아,브런치(대인) 주말
2024-04-09,0,4,Spring,0,0,0,미라시아,브런치(대인) 주말
2024-04-10,174,4,Spring,0,1,1,미라시아,브런치(대인) 주말
2024-04-11,0,4,Spring,0,0,0,미라시아,브런치(대인) 주말
2024-04-12,2,4,Spring,0,0,0,미라시아,브런치(대인) 주말
2024-04-13,146,4,Spring,1,0,1,미라시아,브런치(대인) 주말
2024-04-14,231,4,Spring,1,0,1,미라시아,브런치(대인) 주말
2024-04-15,0,4,Spring,0,0,0,미라시아,브런치(대인) 주말
2024-04-16,0,4,Spring,0,0,0,미라시아,브런치(대인) 주말
2024-04-17,0,4,Spring,0,0,0,미라시아,브런치(대인) 주말
2024-04-18,0,4,Spring,0,0,0,미라시아,브런치(대인) 주말
2024-04-19,0,4,Spring,0,0,0,미라시아,브런치(대인) 주말
2024-04-20,212,4,Spring,1,0,1,미라시아,브런치(대인) 주말
2024-04-21,193,4,Spring,1,0,1,미라시아,브런치(대인) 주말
2024-04-22,0,4,Spring,0,0,0,미라시아,브런치(대인) 주말
2024-04-23,0,4,Spring,0,0,0,미라시아,브런치(대인) 주말
2024-04-24,0,4,Spring,0,0,0,미라시아,브런치(대인) 주말
2024-04-25,0,4,Spring,0,0,0,미라시아,브런치(대인) 주말
2024-04-26,3,4,Spring,0,0,0,미라시아,브런치(대인) 주말
2024-04-27,213,4,Spring,1,0,1,미라시아,브런치(대인) 주말
2024-04-28,233,4,Spring,1,0,1,미라시아,브런치(대인) 주말
2024-04-29,0,4,Spring,0,0,0,미라시아,브런치(대인) 주말
2024-04-30,0,4,Spring,0,0,0,미라시아,브런치(대인) 주말
2024-05-01,0,5,Spring,0,0,0,미라시아,브런치(대인) 주말
2024-05-02,2,5,Spring,0,0,0,미라시아,브런치(대인) 주말
2024-05-03,0,5,Spring,0,0,0,미라시아,브런치(대인) 주말
2024-05-04,188,5,Spring,1,0,1,미라시아,브런치(대인) 주말
2024-05-05,234,5,Spring,1,1,1,미라시아,브런치(대인) 주말
2024-05-06,190,5,Spring,0,1,1,미라시아,브런치(대인) 주말
2024-05-07,0,5,Spring,0,0,0,미라시아,브런치(대인) 주말
2024-05-08,6,5,Spring,0,0,0,미라시아,브런치(대인) 주말
2024-05-09,0,5,Spring,0,0,0,미라시아,브런치(대인) 주말
2024-05-10,0,5,Spring,0,0,0,미라시아,브런치(대인) 주말
2024-05-11,94,5,Spring,1,0,1,미라시아,브런치(대인) 주말
2024-05-12,226,5,Spring,1,0,1,미라시아,브런치(대인) 주말
2024-05-13,0,5,Spring,0,0,0,미라시아,브런치(대인) 주말
2024-05-14,2,5,Spring,0,0,0,미라시아,브런치(대인) 주말
2024-05-15,177,5,Spring,0,1,1,미라시아,브런치(대인) 주말
2024-05-16,13,5,Spring,0,0,0,미라시아,브런치(대인) 주말
2024-05-17,0,5,Spring,0,0,0,미라시아,브런치(대인) 주말
2024-05-18,116,5,Spring,1,0,1,미라시아,브런치(대인) 주말
2024-05-19,232,5,Spring,1,0,1,미라시아,브런치(대인) 주말
2024-05-20,0,5,Spring,0,0,0,미라시아,브런치(대인) 주말
2024-05-21,0,5,Spring,0,0,0,미라시아,브런치(대인) 주말
2024-05-22,0,5,Spring,0,0,0,미라시아,브런치(대인) 주말
2024-05-23,0,5,Spring,0,0,0,미라시아,브런치(대인) 주말
2024-05-24,2,5,Spring,0,0,0,미라시아,브런치(대인) 주말
2024-05-25,134,5,Spring,1,0,1,미라시아,브런치(대인) 주말
2024-05-26,240,5,Spring,1,0,1,미라시아,브런치(대인) 주말
2024-05-27,0,5,Spring,0,0,0,미라시아,브런치(대인) 주말
2024-05-28,0,5,Spring,0,0,0,미라시아,브런치(대인) 주말
2024-05-29,0,5,Spring,0,0,0,미라시아,브런치(대인) 주말
2024-05-30,0,5,Spring,0,0,0,미라시아,브런치(대인) 주말
2024-05-31,0,5,Spring,0,0,0,미라시아,브런치(대인) 주말
2024-06-01,158,6,Summer,1,0,1,미라시아,브런치(대인) 주말
2024-06-02,184,6,Summer,1,0,1,미라시아,브런치(대인) 주말
2024-06-03,0,6,Summer,0,0,0,미라시아,브런치(대인) 주말
2024-06-04,0,6,Summer,0,0,0,미라시아,브런치(대인) 주말
2024-06-05,0,6,Summer,0,0,0,미라시아,브런치(대인) 주말
2024-06-06,142,6,Summer,0,1,1,미라시아,브런치(대인) 주말
2024-06-07,1,6,Summer,0,0,0,미라시아,브런치(대인) 주말
2024-06-08,163,6,Summer,1,0,1,미라시아,브런치(대인) 주말
2024-06-09,188,6,Summer,1,0,1,미라시아,브런치(대인) 주말
2024-06-10,0,6,Summer,0,0,0,미라시아,브런치(대인) 주말
2024-06-11,0,6,Summer,0,0,0,미라시아,브런치(대인) 주말
2024-06-12,0,6,Summer,0,0,0,미라시아,브런치(대인) 주말
2024-06-13,0,6,Summer,0,0,0,미라시아,브런치(대인) 주말
2024-06-14,0,6,Summer,0,0,0,미라시아,브런치(대인) 주말
2024-06-15,107,6,Summer,1,0,1,미라시아,브런치(대인) 주말
2023-01-01,0,1,Winter,1,1,1,미라시아,브런치(대인) 주중
2023-01-02,31,1,Winter,0,0,0,미라시아,브런치(대인) 주중
2023-01-03,33,1,Winter,0,0,0,미라시아,브런치(대인) 주중
2023-01-04,20,1,Winter,0,0,0,미라시아,브런치(대인) 주중
2023-01-05,48,1,Winter,0,0,0,미라시아,브런치(대인) 주중
2023-01-06,38,1,Winter,0,0,0,미라시아,브런치(대인) 주중
2023-01-07,0,1,Winter,1,0,1,미라시아,브런치(대인) 주중
2023-01-08,0,1,Winter,1,0,1,미라시아,브런치(대인) 주중
2023-01-09,33,1,Winter,0,0,0,미라시아,브런치(대인) 주중
2023-01-10,34,1,Winter,0,0,0,미라시아,브런치(대인) 주중
2023-01-11,34,1,Winter,0,0,0,미라시아,브런치(대인) 주중
2023-01-12,42,1,Winter,0,0,0,미라시아,브런치(대인) 주중
2023-01-13,8,1,Winter,0,0,0,미라시아,브런치(대인) 주중
2023-01-14,0,1,Winter,1,0,1,미라시아,브런치(대인) 주중
2023-01-15,0,1,Winter,1,0,1,미라시아,브런치(대인) 주중
2023-01-16,37,1,Winter,0,0,0,미라시아,브런치(대인) 주중
2023-01-17,27,1,Winter,0,0,0,미라시아,브런치(대인) 주중
2023-01-18,43,1,Winter,0,0,0,미라시아,브런치(대인) 주중
2023-01-19,31,1,Winter,0,0,0,미라시아,브런치(대인) 주중
2023-01-20,25,1,Winter,0,0,0,미라시아,브런치(대인) 주중
2023-01-21,0,1,Winter,1,1,1,미라시아,브런치(대인) 주중
2023-01-22,0,1,Winter,1,1,1,미라시아,브런치(대인) 주중
2023-01-23,0,1,Winter,0,1,1,미라시아,브런치(대인) 주중
2023-01-24,0,1,Winter,0,1,1,미라시아,브런치(대인) 주중
2023-01-25,44,1,Winter,0,0,0,미라시아,브런치(대인) 주중
2023-01-26,39,1,Winter,0,0,0,미라시아,브런치(대인) 주중
2023-01-27,27,1,Winter,0,0,0,미라시아,브런치(대인) 주중
2023-01-28,0,1,Winter,1,0,1,미라시아,브런치(대인) 주중
2023-01-29,0,1,Winter,1,0,1,미라시아,브런치(대인) 주중
2023-01-30,63,1,Winter,0,0,0,미라시아,브런치(대인) 주중
2023-01-31,38,1,Winter,0,0,0,미라시아,브런치(대인) 주중
2023-02-01,17,2,Winter,0,0,0,미라시아,브런치(대인) 주중
2023-02-02,18,2,Winter,0,0,0,미라시아,브런치(대인) 주중
2023-02-03,48,2,Winter,0,0,0,미라시아,브런치(대인) 주중
2023-02-04,0,2,Winter,1,0,1,미라시아,브런치(대인) 주중
2023-02-05,0,2,Winter,1,0,1,미라시아,브런치(대인) 주중
2023-02-06,49,2,Winter,0,0,0,미라시아,브런치(대인) 주중
2023-02-07,24,2,Winter,0,0,0,미라시아,브런치(대인) 주중
2023-02-08,15,2,Winter,0,0,0,미라시아,브런치(대인) 주중
2023-02-09,14,2,Winter,0,0,0,미라시아,브런치(대인) 주중
2023-02-10,2,2,Winter,0,0,0,미라시아,브런치(대인) 주중
2023-02-11,0,2,Winter,1,0,1,미라시아,브런치(대인) 주중
2023-02-12,0,2,Winter,1,0,1,미라시아,브런치(대인) 주중
2023-02-13,0,2,Winter,0,0,0,미라시아,브런치(대인) 주중
2023-02-14,11,2,Winter,0,0,0,미라시아,브런치(대인) 주중
2023-02-15,5,2,Winter,0,0,0,미라시아,브런치(대인) 주중
2023-02-16,0,2,Winter,0,0,0,미라시아,브런치(대인) 주중
2023-02-17,0,2,Winter,0,0,0,미라시아,브런치(대인) 주중
2023-02-18,0,2,Winter,1,0,1,미라시아,브런치(대인) 주중
2023-02-19,0,2,Winter,1,0,1,미라시아,브런치(대인) 주중
2023-02-20,38,2,Winter,0,0,0,미라시아,브런치(대인) 주중
2023-02-21,60,2,Winter,0,0,0,미라시아,브런치(대인) 주중
2023-02-22,20,2,Winter,0,0,0,미라시아,브런치(대인) 주중
2023-02-23,23,2,Winter,0,0,0,미라시아,브런치(대인) 주중
2023-02-24,38,2,Winter,0,0,0,미라시아,브런치(대인) 주중
2023-02-25,0,2,Winter,1,0,1,미라시아,브런치(대인) 주중
2023-02-26,0,2,Winter,1,0,1,미라시아,브런치(대인) 주중
2023-02-27,32,2,Winter,0,0,0,미라시아,브런치(대인) 주중
2023-02-28,51,2,Winter,0,0,0,미라시아,브런치(대인) 주중
2023-03-01,37,3,Spring,0,1,1,미라시아,브런치(대인) 주중
2023-03-02,0,3,Spring,0,0,0,미라시아,브런치(대인) 주중
2023-03-03,0,3,Spring,0,0,0,미라시아,브런치(대인) 주중
2023-03-04,0,3,Spring,1,0,1,미라시아,브런치(대인) 주중
2023-03-05,0,3,Spring,1,0,1,미라시아,브런치(대인) 주중
2023-03-06,0,3,Spring,0,0,0,미라시아,브런치(대인) 주중
2023-03-07,0,3,Spring,0,0,0,미라시아,브런치(대인) 주중
2023-03-08,0,3,Spring,0,0,0,미라시아,브런치(대인) 주중
2023-03-09,0,3,Spring,0,0,0,미라시아,브런치(대인) 주중
2023-03-10,0,3,Spring,0,0,0,미라시아,브런치(대인) 주중
2023-03-11,0,3,Spring,1,0,1,미라시아,브런치(대인) 주중
2023-03-12,0,3,Spring,1,0,1,미라시아,브런치(대인) 주중
2023-03-13,0,3,Spring,0,0,0,미라시아,브런치(대인) 주중
2023-03-14,0,3,Spring,0,0,0,미라시아,브런치(대인) 주중
2023-03-15,0,3,Spring,0,0,0,미라시아,브런치(대인) 주중
2023-03-16,11,3,Spring,0,0,0,미라시아,브런치(대인) 주중
2023-03-17,7,3,Spring,0,0,0,미라시아,브런치(대인) 주중
2023-03-18,0,3,Spring,1,0,1,미라시아,브런치(대인) 주중
2023-03-19,0,3,Spring,1,0,1,미라시아,브런치(대인) 주중
2023-03-20,13,3,Spring,0,0,0,미라시아,브런치(대인) 주중
2023-03-21,0,3,Spring,0,0,0,미라시아,브런치(대인) 주중
2023-03-22,7,3,Spring,0,0,0,미라시아,브런치(대인) 주중
2023-03-23,22,3,Spring,0,0,0,미라시아,브런치(대인) 주중
2023-03-24,5,3,Spring,0,0,0,미라시아,브런치(대인) 주중
2023-03-25,5,3,Spring,1,0,1,미라시아,브런치(대인) 주중
2023-03-26,0,3,Spring,1,0,1,미라시아,브런치(대인) 주중
2023-03-27,13,3,Spring,0,0,0,미라시아,브런치(대인) 주중
2023-03-28,2,3,Spring,0,0,0,미라시아,브런치(대인) 주중
2023-03-29,4,3,Spring,0,0,0,미라시아,브런치(대인) 주중
2023-03-30,21,3,Spring,0,0,0,미라시아,브런치(대인) 주중
2023-03-31,34,3,Spring,0,0,0,미라시아,브런치(대인) 주중
2023-04-01,0,4,Spring,1,0,1,미라시아,브런치(대인) 주중
2023-04-02,0,4,Spring,1,0,1,미라시아,브런치(대인) 주중
2023-04-03,16,4,Spring,0,0,0,미라시아,브런치(대인) 주중
2023-04-04,7,4,Spring,0,0,0,미라시아,브런치(대인) 주중
2023-04-05,153,4,Spring,0,0,0,미라시아,브런치(대인) 주중
2023-04-06,19,4,Spring,0,0,0,미라시아,브런치(대인) 주중
2023-04-07,42,4,Spring,0,0,0,미라시아,브런치(대인) 주중
2023-04-08,0,4,Spring,1,0,1,미라시아,브런치(대인) 주중
2023-04-09,0,4,Spring,1,0,1,미라시아,브런치(대인) 주중
2023-04-10,5,4,Spring,0,0,0,미라시아,브런치(대인) 주중
2023-04-11,7,4,Spring,0,0,0,미라시아,브런치(대인) 주중
2023-04-12,31,4,Spring,0,0,0,미라시아,브런치(대인) 주중
2023-04-13,52,4,Spring,0,0,0,미라시아,브런치(대인) 주중
2023-04-14,54,4,Spring,0,0,0,미라시아,브런치(대인) 주중
2023-04-15,0,4,Spring,1,0,1,미라시아,브런치(대인) 주중
2023-04-16,0,4,Spring,1,0,1,미라시아,브런치(대인) 주중
2023-04-17,27,4,Spring,0,0,0,미라시아,브런치(대인) 주중
2023-04-18,14,4,Spring,0,0,0,미라시아,브런치(대인) 주중
2023-04-19,22,4,Spring,0,0,0,미라시아,브런치(대인) 주중
2023-04-20,41,4,Spring,0,0,0,미라시아,브런치(대인) 주중
2023-04-21,34,4,Spring,0,0,0,미라시아,브런치(대인) 주중
2023-04-22,0,4,Spring,1,0,1,미라시아,브런치(대인) 주중
2023-04-23,0,4,Spring,1,0,1,미라시아,브런치(대인) 주중
2023-04-24,51,4,Spring,0,0,0,미라시아,브런치(대인) 주중
2023-04-25,2,4,Spring,0,0,0,미라시아,브런치(대인) 주중
2023-04-26,19,4,Spring,0,0,0,미라시아,브런치(대인) 주중
2023-04-27,13,4,Spring,0,0,0,미라시아,브런치(대인) 주중
2023-04-28,9,4,Spring,0,0,0,미라시아,브런치(대인) 주중
2023-04-29,5,4,Spring,1,0,1,미라시아,브런치(대인) 주중
2023-04-30,0,4,Spring,1,0,1,미라시아,브런치(대인) 주중
2023-05-01,71,5,Spring,0,0,0,미라시아,브런치(대인) 주중
2023-05-02,6,5,Spring,0,0,0,미라시아,브런치(대인) 주중
2023-05-03,22,5,Spring,0,0,0,미라시아,브런치(대인) 주중
2023-05-04,20,5,Spring,0,0,0,미라시아,브런치(대인) 주중
2023-05-05,0,5,Spring,0,1,1,미라시아,브런치(대인) 주중
2023-05-06,0,5,Spring,1,0,1,미라시아,브런치(대인) 주중
2023-05-07,0,5,Spring,1,0,1,미라시아,브런치(대인) 주중
2023-05-08,23,5,Spring,0,0,0,미라시아,브런치(대인) 주중
2023-05-09,20,5,Spring,0,0,0,미라시아,브런치(대인) 주중
2023-05-10,7,5,Spring,0,0,0,미라시아,브런치(대인) 주중
2023-05-11,19,5,Spring,0,0,0,미라시아,브런치(대인) 주중
2023-05-12,12,5,Spring,0,0,0,미라시아,브런치(대인) 주중
2023-05-13,0,5,Spring,1,0,1,미라시아,브런치(대인) 주중
2023-05-14,0,5,Spring,1,0,1,미라시아,브런치(대인) 주중
2023-05-15,27,5,Spring,0,0,0,미라시아,브런치(대인) 주중
2023-05-16,8,5,Spring,0,0,0,미라시아,브런치(대인) 주중
2023-05-17,0,5,Spring,0,0,0,미라시아,브런치(대인) 주중
2023-05-18,6,5,Spring,0,0,0,미라시아,브런치(대인) 주중
2023-05-19,25,5,Spring,0,0,0,미라시아,브런치(대인) 주중
2023-05-20,0,5,Spring,1,0,1,미라시아,브런치(대인) 주중
2023-05-21,0,5,Spring,1,0,1,미라시아,브런치(대인) 주중
2023-05-22,12,5,Spring,0,0,0,미라시아,브런치(대인) 주중
2023-05-23,10,5,Spring,0,0,0,미라시아,브런치(대인) 주중
2023-05-24,21,5,Spring,0,0,0,미라시아,브런치(대인) 주중
2023-05-25,11,5,Spring,0,0,0,미라시아,브런치(대인) 주중
2023-05-26,26,5,Spring,0,0,0,미라시아,브런치(대인) 주중
2023-05-27,0,5,Spring,1,1,1,미라시아,브런치(대인) 주중
2023-05-28,0,5,Spring,1,0,1,미라시아,브런치(대인) 주중
2023-05-29,0,5,Spring,0,1,1,미라시아,브런치(대인) 주중
2023-05-30,19,5,Spring,0,0,0,미라시아,브런치(대인) 주중
2023-05-31,25,5,Spring,0,0,0,미라시아,브런치(대인) 주중
2023-06-01,6,6,Summer,0,0,0,미라시아,브런치(대인) 주중
2023-06-02,48,6,Summer,0,0,0,미라시아,브런치(대인) 주중
2023-06-03,0,6,Summer,1,0,1,미라시아,브런치(대인) 주중
2023-06-04,0,6,Summer,1,0,1,미라시아,브런치(대인) 주중
2023-06-05,57,6,Summer,0,0,0,미라시아,브런치(대인) 주중
2023-06-06,0,6,Summer,0,1,1,미라시아,브런치(대인) 주중
2023-06-07,25,6,Summer,0,0,0,미라시아,브런치(대인) 주중
2023-06-08,20,6,Summer,0,0,0,미라시아,브런치(대인) 주중
2023-06-09,15,6,Summer,0,0,0,미라시아,브런치(대인) 주중
2023-06-10,0,6,Summer,1,0,1,미라시아,브런치(대인) 주중
2023-06-11,0,6,Summer,1,0,1,미라시아,브런치(대인) 주중
2023-06-12,19,6,Summer,0,0,0,미라시아,브런치(대인) 주중
2023-06-13,7,6,Summer,0,0,0,미라시아,브런치(대인) 주중
2023-06-14,22,6,Summer,0,0,0,미라시아,브런치(대인) 주중
2023-06-15,23,6,Summer,0,0,0,미라시아,브런치(대인) 주중
2023-06-16,45,6,Summer,0,0,0,미라시아,브런치(대인) 주중
2023-06-17,0,6,Summer,1,0,1,미라시아,브런치(대인) 주중
2023-06-18,0,6,Summer,1,0,1,미라시아,브런치(대인) 주중
2023-06-19,41,6,Summer,0,0,0,미라시아,브런치(대인) 주중
2023-06-20,15,6,Summer,0,0,0,미라시아,브런치(대인) 주중
2023-06-21,12,6,Summer,0,0,0,미라시아,브런치(대인) 주중
2023-06-22,8,6,Summer,0,0,0,미라시아,브런치(대인) 주중
2023-06-23,8,6,Summer,0,0,0,미라시아,브런치(대인) 주중
2023-06-24,0,6,Summer,1,0,1,미라시아,브런치(대인) 주중
2023-06-25,0,6,Summer,1,0,1,미라시아,브런치(대인) 주중
2023-06-26,35,6,Summer,0,0,0,미라시아,브런치(대인) 주중
2023-06-27,11,6,Summer,0,0,0,미라시아,브런치(대인) 주중
2023-06-28,53,6,Summer,0,0,0,미라시아,브런치(대인) 주중
2023-06-29,19,6,Summer,0,0,0,미라시아,브런치(대인) 주중
2023-06-30,21,6,Summer,0,0,0,미라시아,브런치(대인) 주중
2023-07-01,0,7,Summer,1,0,1,미라시아,브런치(대인) 주중
2023-07-02,0,7,Summer,1,0,1,미라시아,브런치(대인) 주중
2023-07-03,25,7,Summer,0,0,0,미라시아,브런치(대인) 주중
2023-07-04,16,7,Summer,0,0,0,미라시아,브런치(대인) 주중
2023-07-05,4,7,Summer,0,0,0,미라시아,브런치(대인) 주중
2023-07-06,11,7,Summer,0,0,0,미라시아,브런치(대인) 주중
2023-07-07,29,7,Summer,0,0,0,미라시아,브런치(대인) 주중
2023-07-08,0,7,Summer,1,0,1,미라시아,브런치(대인) 주중
2023-07-09,0,7,Summer,1,0,1,미라시아,브런치(대인) 주중
2023-07-10,22,7,Summer,0,0,0,미라시아,브런치(대인) 주중
2023-07-11,4,7,Summer,0,0,0,미라시아,브런치(대인) 주중
2023-07-12,17,7,Summer,0,0,0,미라시아,브런치(대인) 주중
2023-07-13,6,7,Summer,0,0,0,미라시아,브런치(대인) 주중
2023-07-14,14,7,Summer,0,0,0,미라시아,브런치(대인) 주중
2023-07-15,0,7,Summer,1,0,1,미라시아,브런치(대인) 주중
2023-07-16,0,7,Summer,1,0,1,미라시아,브런치(대인) 주중
2023-07-17,22,7,Summer,0,0,0,미라시아,브런치(대인) 주중
2023-07-18,15,7,Summer,0,0,0,미라시아,브런치(대인) 주중
2023-07-19,25,7,Summer,0,0,0,미라시아,브런치(대인) 주중
2023-07-20,34,7,Summer,0,0,0,미라시아,브런치(대인) 주중
2023-07-21,33,7,Summer,0,0,0,미라시아,브런치(대인) 주중
2023-07-22,0,7,Summer,1,0,1,미라시아,브런치(대인) 주중
2023-07-23,0,7,Summer,1,0,1,미라시아,브런치(대인) 주중
2023-07-24,49,7,Summer,0,0,0,미라시아,브런치(대인) 주중
2023-07-25,8,7,Summer,0,0,0,미라시아,브런치(대인) 주중
2023-07-26,64,7,Summer,0,0,0,미라시아,브런치(대인) 주중
2023-07-27,83,7,Summer,0,0,0,미라시아,브런치(대인) 주중
2023-07-28,85,7,Summer,0,0,0,미라시아,브런치(대인) 주중
2023-07-29,0,7,Summer,1,0,1,미라시아,브런치(대인) 주중
2023-07-30,0,7,Summer,1,0,1,미라시아,브런치(대인) 주중
2023-07-31,56,7,Summer,0,0,0,미라시아,브런치(대인) 주중
2023-08-01,60,8,Summer,0,0,0,미라시아,브런치(대인) 주중
2023-08-02,45,8,Summer,0,0,0,미라시아,브런치(대인) 주중
2023-08-03,79,8,Summer,0,0,0,미라시아,브런치(대인) 주중
2023-08-04,76,8,Summer,0,0,0,미라시아,브런치(대인) 주중
2023-08-05,0,8,Summer,1,0,1,미라시아,브런치(대인) 주중
2023-08-06,0,8,Summer,1,0,1,미라시아,브런치(대인) 주중
2023-08-07,85,8,Summer,0,0,0,미라시아,브런치(대인) 주중
2023-08-08,68,8,Summer,0,0,0,미라시아,브런치(대인) 주중
2023-08-09,54,8,Summer,0,0,0,미라시아,브런치(대인) 주중
2023-08-10,40,8,Summer,0,0,0,미라시아,브런치(대인) 주중
2023-08-11,47,8,Summer,0,0,0,미라시아,브런치(대인) 주중
2023-08-12,0,8,Summer,1,0,1,미라시아,브런치(대인) 주중
2023-08-13,2,8,Summer,1,0,1,미라시아,브런치(대인) 주중
2023-08-14,72,8,Summer,0,0,0,미라시아,브런치(대인) 주중
2023-08-15,0,8,Summer,0,1,1,미라시아,브런치(대인) 주중
2023-08-16,52,8,Summer,0,0,0,미라시아,브런치(대인) 주중
2023-08-17,45,8,Summer,0,0,0,미라시아,브런치(대인) 주중
2023-08-18,44,8,Summer,0,0,0,미라시아,브런치(대인) 주중
2023-08-19,0,8,Summer,1,0,1,미라시아,브런치(대인) 주중
2023-08-20,0,8,Summer,1,0,1,미라시아,브런치(대인) 주중
2023-08-21,20,8,Summer,0,0,0,미라시아,브런치(대인) 주중
2023-08-22,17,8,Summer,0,0,0,미라시아,브런치(대인) 주중
2023-08-23,15,8,Summer,0,0,0,미라시아,브런치(대인) 주중
2023-08-24,13,8,Summer,0,0,0,미라시아,브런치(대인) 주중
2023-08-25,31,8,Summer,0,0,0,미라시아,브런치(대인) 주중
2023-08-26,11,8,Summer,1,0,1,미라시아,브런치(대인) 주중
2023-08-27,0,8,Summer,1,0,1,미라시아,브런치(대인) 주중
2023-08-28,49,8,Summer,0,0,0,미라시아,브런치(대인) 주중
2023-08-29,10,8,Summer,0,0,0,미라시아,브런치(대인) 주중
2023-08-30,38,8,Summer,0,0,0,미라시아,브런치(대인) 주중
2023-08-31,16,8,Summer,0,0,0,미라시아,브런치(대인) 주중
2023-09-01,41,9,Autumn,0,0,0,미라시아,브런치(대인) 주중
2023-09-02,53,9,Autumn,1,0,1,미라시아,브런치(대인) 주중
2023-09-03,0,9,Autumn,1,0,1,미라시아,브런치(대인) 주중
2023-09-04,102,9,Autumn,0,0,0,미라시아,브런치(대인) 주중
2023-09-05,25,9,Autumn,0,0,0,미라시아,브런치(대인) 주중
2023-09-06,38,9,Autumn,0,0,0,미라시아,브런치(대인) 주중
2023-09-07,36,9,Autumn,0,0,0,미라시아,브런치(대인) 주중
2023-09-08,72,9,Autumn,0,0,0,미라시아,브런치(대인) 주중
2023-09-09,0,9,Autumn,1,0,1,미라시아,브런치(대인) 주중
2023-09-10,0,9,Autumn,1,0,1,미라시아,브런치(대인) 주중
2023-09-11,87,9,Autumn,0,0,0,미라시아,브런치(대인) 주중
2023-09-12,38,9,Autumn,0,0,0,미라시아,브런치(대인) 주중
2023-09-13,42,9,Autumn,0,0,0,미라시아,브런치(대인) 주중
2023-09-14,41,9,Autumn,0,0,0,미라시아,브런치(대인) 주중
2023-09-15,74,9,Autumn,0,0,0,미라시아,브런치(대인) 주중
2023-09-16,0,9,Autumn,1,0,1,미라시아,브런치(대인) 주중
2023-09-17,0,9,Autumn,1,0,1,미라시아,브런치(대인) 주중
2023-09-18,75,9,Autumn,0,0,0,미라시아,브런치(대인) 주중
2023-09-19,65,9,Autumn,0,0,0,미라시아,브런치(대인) 주중
2023-09-20,39,9,Autumn,0,0,0,미라시아,브런치(대인) 주중
2023-09-21,32,9,Autumn,0,0,0,미라시아,브런치(대인) 주중
2023-09-22,71,9,Autumn,0,0,0,미라시아,브런치(대인) 주중
2023-09-23,0,9,Autumn,1,0,1,미라시아,브런치(대인) 주중
2023-09-24,0,9,Autumn,1,0,1,미라시아,브런치(대인) 주중
2023-09-25,77,9,Autumn,0,0,0,미라시아,브런치(대인) 주중
2023-09-26,40,9,Autumn,0,0,0,미라시아,브런치(대인) 주중
2023-09-27,31,9,Autumn,0,0,0,미라시아,브런치(대인) 주중
2023-09-28,0,9,Autumn,0,1,1,미라시아,브런치(대인) 주중
2023-09-29,0,9,Autumn,0,1,1,미라시아,브런치(대인) 주중
2023-09-30,0,9,Autumn,1,1,1,미라시아,브런치(대인) 주중
2023-10-01,0,10,Autumn,1,0,1,미라시아,브런치(대인) 주중
2023-10-02,-5,10,Autumn,0,1,1,미라시아,브런치(대인) 주중
2023-10-03,0,10,Autumn,0,1,1,미라시아,브런치(대인) 주중
2023-10-04,95,10,Autumn,0,0,0,미라시아,브런치(대인) 주중
2023-10-05,106,10,Autumn,0,0,0,미라시아,브런치(대인) 주중
2023-10-06,38,10,Autumn,0,0,0,미라시아,브런치(대인) 주중
2023-10-07,3,10,Autumn,1,0,1,미라시아,브런치(대인) 주중
2023-10-08,0,10,Autumn,1,0,1,미라시아,브런치(대인) 주중
2023-10-09,0,10,Autumn,0,1,1,미라시아,브런치(대인) 주중
2023-10-10,110,10,Autumn,0,0,0,미라시아,브런치(대인) 주중
2023-10-11,139,10,Autumn,0,0,0,미라시아,브런치(대인) 주중
2023-10-12,52,10,Autumn,0,0,0,미라시아,브런치(대인) 주중
2023-10-13,153,10,Autumn,0,0,0,미라시아,브런치(대인) 주중
2023-10-14,0,10,Autumn,1,0,1,미라시아,브런치(대인) 주중
2023-10-15,1,10,Autumn,1,0,1,미라시아,브런치(대인) 주중
2023-10-16,157,10,Autumn,0,0,0,미라시아,브런치(대인) 주중
2023-10-17,150,10,Autumn,0,0,0,미라시아,브런치(대인) 주중
2023-10-18,117,10,Autumn,0,0,0,미라시아,브런치(대인) 주중
2023-10-19,116,10,Autumn,0,0,0,미라시아,브런치(대인) 주중
2023-10-20,105,10,Autumn,0,0,0,미라시아,브런치(대인) 주중
2023-10-21,0,10,Autumn,1,0,1,미라시아,브런치(대인) 주중
2023-10-22,0,10,Autumn,1,0,1,미라시아,브런치(대인) 주중
2023-10-23,160,10,Autumn,0,0,0,미라시아,브런치(대인) 주중
2023-10-24,180,10,Autumn,0,0,0,미라시아,브런치(대인) 주중
2023-10-25,134,10,Autumn,0,0,0,미라시아,브런치(대인) 주중
2023-10-26,167,10,Autumn,0,0,0,미라시아,브런치(대인) 주중
2023-10-27,148,10,Autumn,0,0,0,미라시아,브런치(대인) 주중
2023-10-28,0,10,Autumn,1,0,1,미라시아,브런치(대인) 주중
2023-10-29,0,10,Autumn,1,0,1,미라시아,브런치(대인) 주중
2023-10-30,189,10,Autumn,0,0,0,미라시아,브런치(대인) 주중
2023-10-31,127,10,Autumn,0,0,0,미라시아,브런치(대인) 주중
2023-11-01,152,11,Autumn,0,0,0,미라시아,브런치(대인) 주중
2023-11-02,152,11,Autumn,0,0,0,미라시아,브런치(대인) 주중
2023-11-03,141,11,Autumn,0,0,0,미라시아,브런치(대인) 주중
2023-11-04,0,11,Autumn,1,0,1,미라시아,브런치(대인) 주중
2023-11-05,0,11,Autumn,1,0,1,미라시아,브런치(대인) 주중
2023-11-06,95,11,Autumn,0,0,0,미라시아,브런치(대인) 주중
2023-11-07,156,11,Autumn,0,0,0,미라시아,브런치(대인) 주중
2023-11-08,146,11,Autumn,0,0,0,미라시아,브런치(대인) 주중
2023-11-09,125,11,Autumn,0,0,0,미라시아,브런치(대인) 주중
2023-11-10,102,11,Autumn,0,0,0,미라시아,브런치(대인) 주중
2023-11-11,0,11,Autumn,1,0,1,미라시아,브런치(대인) 주중
2023-11-12,4,11,Autumn,1,0,1,미라시아,브런치(대인) 주중
2023-11-13,162,11,Autumn,0,0,0,미라시아,브런치(대인) 주중
2023-11-14,117,11,Autumn,0,0,0,미라시아,브런치(대인) 주중
2023-11-15,76,11,Autumn,0,0,0,미라시아,브런치(대인) 주중
2023-11-16,85,11,Autumn,0,0,0,미라시아,브런치(대인) 주중
2023-11-17,111,11,Autumn,0,0,0,미라시아,브런치(대인) 주중
2023-11-18,0,11,Autumn,1,0,1,미라시아,브런치(대인) 주중
2023-11-19,0,11,Autumn,1,0,1,미라시아,브런치(대인) 주중
2023-11-20,143,11,Autumn,0,0,0,미라시아,브런치(대인) 주중
2023-11-21,90,11,Autumn,0,0,0,미라시아,브런치(대인) 주중
2023-11-22,53,11,Autumn,0,0,0,미라시아,브런치(대인) 주중
2023-11-23,66,11,Autumn,0,0,0,미라시아,브런치(대인) 주중
2023-11-24,86,11,Autumn,0,0,0,미라시아,브런치(대인) 주중
2023-11-25,0,11,Autumn,1,0,1,미라시아,브런치(대인) 주중
2023-11-26,0,11,Autumn,1,0,1,미라시아,브런치(대인) 주중
2023-11-27,125,11,Autumn,0,0,0,미라시아,브런치(대인) 주중
2023-11-28,60,11,Autumn,0,0,0,미라시아,브런치(대인) 주중
2023-11-29,34,11,Autumn,0,0,0,미라시아,브런치(대인) 주중
2023-11-30,28,11,Autumn,0,0,0,미라시아,브런치(대인) 주중
2023-12-01,149,12,Winter,0,0,0,미라시아,브런치(대인) 주중
2023-12-02,0,12,Winter,1,0,1,미라시아,브런치(대인) 주중
2023-12-03,2,12,Winter,1,0,1,미라시아,브런치(대인) 주중
2023-12-04,79,12,Winter,0,0,0,미라시아,브런치(대인) 주중
2023-12-05,24,12,Winter,0,0,0,미라시아,브런치(대인) 주중
2023-12-06,51,12,Winter,0,0,0,미라시아,브런치(대인) 주중
2023-12-07,82,12,Winter,0,0,0,미라시아,브런치(대인) 주중
2023-12-08,32,12,Winter,0,0,0,미라시아,브런치(대인) 주중
2023-12-09,0,12,Winter,1,0,1,미라시아,브런치(대인) 주중
2023-12-10,0,12,Winter,1,0,1,미라시아,브런치(대인) 주중
2023-12-11,132,12,Winter,0,0,0,미라시아,브런치(대인) 주중
2023-12-12,28,12,Winter,0,0,0,미라시아,브런치(대인) 주중
2023-12-13,164,12,Winter,0,0,0,미라시아,브런치(대인) 주중
2023-12-14,26,12,Winter,0,0,0,미라시아,브런치(대인) 주중
2023-12-15,94,12,Winter,0,0,0,미라시아,브런치(대인) 주중
2023-12-16,0,12,Winter,1,0,1,미라시아,브런치(대인) 주중
2023-12-17,0,12,Winter,1,0,1,미라시아,브런치(대인) 주중
2023-12-18,112,12,Winter,0,0,0,미라시아,브런치(대인) 주중
2023-12-19,49,12,Winter,0,0,0,미라시아,브런치(대인) 주중
2023-12-20,91,12,Winter,0,0,0,미라시아,브런치(대인) 주중
2023-12-21,84,12,Winter,0,0,0,미라시아,브런치(대인) 주중
2023-12-22,87,12,Winter,0,0,0,미라시아,브런치(대인) 주중
2023-12-23,0,12,Winter,1,0,1,미라시아,브런치(대인) 주중
2023-12-24,0,12,Winter,1,0,1,미라시아,브런치(대인) 주중
2023-12-25,0,12,Winter,0,1,1,미라시아,브런치(대인) 주중
2023-12-26,166,12,Winter,0,0,0,미라시아,브런치(대인) 주중
2023-12-27,118,12,Winter,0,0,0,미라시아,브런치(대인) 주중
2023-12-28,112,12,Winter,0,0,0,미라시아,브런치(대인) 주중
2023-12-29,156,12,Winter,0,0,0,미라시아,브런치(대인) 주중
2023-12-30,0,12,Winter,1,0,1,미라시아,브런치(대인) 주중
2023-12-31,0,12,Winter,1,0,1,미라시아,브런치(대인) 주중
2024-01-01,0,1,Winter,0,1,1,미라시아,브런치(대인) 주중
2024-01-02,120,1,Winter,0,0,0,미라시아,브런치(대인) 주중
2024-01-03,93,1,Winter,0,0,0,미라시아,브런치(대인) 주중
2024-01-04,96,1,Winter,0,0,0,미라시아,브런치(대인) 주중
2024-01-05,135,1,Winter,0,0,0,미라시아,브런치(대인) 주중
2024-01-06,0,1,Winter,1,0,1,미라시아,브런치(대인) 주중
2024-01-07,0,1,Winter,1,0,1,미라시아,브런치(대인) 주중
2024-01-08,109,1,Winter,0,0,0,미라시아,브런치(대인) 주중
2024-01-09,96,1,Winter,0,0,0,미라시아,브런치(대인) 주중
2024-01-10,104,1,Winter,0,0,0,미라시아,브런치(대인) 주중
2024-01-11,105,1,Winter,0,0,0,미라시아,브런치(대인) 주중
2024-01-12,59,1,Winter,0,0,0,미라시아,브런치(대인) 주중
2024-01-13,0,1,Winter,1,0,1,미라시아,브런치(대인) 주중
2024-01-14,0,1,Winter,1,0,1,미라시아,브런치(대인) 주중
2024-01-15,112,1,Winter,0,0,0,미라시아,브런치(대인) 주중
2024-01-16,167,1,Winter,0,0,0,미라시아,브런치(대인) 주중
2024-01-17,103,1,Winter,0,0,0,미라시아,브런치(대인) 주중
2024-01-18,108,1,Winter,0,0,0,미라시아,브런치(대인) 주중
2024-01-19,63,1,Winter,0,0,0,미라시아,브런치(대인) 주중
2024-01-20,0,1,Winter,1,0,1,미라시아,브런치(대인) 주중
2024-01-21,0,1,Winter,1,0,1,미라시아,브런치(대인) 주중
2024-01-22,123,1,Winter,0,0,0,미라시아,브런치(대인) 주중
2024-01-23,82,1,Winter,0,0,0,미라시아,브런치(대인) 주중
2024-01-24,63,1,Winter,0,0,0,미라시아,브런치(대인) 주중
2024-01-25,106,1,Winter,0,0,0,미라시아,브런치(대인) 주중
2024-01-26,37,1,Winter,0,0,0,미라시아,브런치(대인) 주중
2024-01-27,0,1,Winter,1,0,1,미라시아,브런치(대인) 주중
2024-01-28,0,1,Winter,1,0,1,미라시아,브런치(대인) 주중
2024-01-29,106,1,Winter,0,0,0,미라시아,브런치(대인) 주중
2024-01-30,93,1,Winter,0,0,0,미라시아,브런치(대인) 주중
2024-01-31,80,1,Winter,0,0,0,미라시아,브런치(대인) 주중
2024-02-01,78,2,Winter,0,0,0,미라시아,브런치(대인) 주중
2024-02-02,34,2,Winter,0,0,0,미라시아,브런치(대인) 주중
2024-02-03,0,2,Winter,1,0,1,미라시아,브런치(대인) 주중
2024-02-04,0,2,Winter,1,0,1,미라시아,브런치(대인) 주중
2024-02-05,98,2,Winter,0,0,0,미라시아,브런치(대인) 주중
2024-02-06,53,2,Winter,0,0,0,미라시아,브런치(대인) 주중
2024-02-07,26,2,Winter,0,0,0,미라시아,브런치(대인) 주중
2024-02-08,92,2,Winter,0,0,0,미라시아,브런치(대인) 주중
2024-02-09,0,2,Winter,0,1,1,미라시아,브런치(대인) 주중
2024-02-10,0,2,Winter,1,1,1,미라시아,브런치(대인) 주중
2024-02-11,0,2,Winter,1,1,1,미라시아,브런치(대인) 주중
2024-02-12,0,2,Winter,0,1,1,미라시아,브런치(대인) 주중
2024-02-13,92,2,Winter,0,0,0,미라시아,브런치(대인) 주중
2024-02-14,47,2,Winter,0,0,0,미라시아,브런치(대인) 주중
2024-02-15,101,2,Winter,0,0,0,미라시아,브런치(대인) 주중
2024-02-16,42,2,Winter,0,0,0,미라시아,브런치(대인) 주중
2024-02-17,0,2,Winter,1,0,1,미라시아,브런치(대인) 주중
2024-02-18,6,2,Winter,1,0,1,미라시아,브런치(대인) 주중
2024-02-19,134,2,Winter,0,0,0,미라시아,브런치(대인) 주중
2024-02-20,32,2,Winter,0,0,0,미라시아,브런치(대인) 주중
2024-02-21,32,2,Winter,0,0,0,미라시아,브런치(대인) 주중
2024-02-22,20,2,Winter,0,0,0,미라시아,브런치(대인) 주중
2024-02-23,86,2,Winter,0,0,0,미라시아,브런치(대인) 주중
2024-02-24,0,2,Winter,1,0,1,미라시아,브런치(대인) 주중
2024-02-25,2,2,Winter,1,0,1,미라시아,브런치(대인) 주중
2024-02-26,110,2,Winter,0,0,0,미라시아,브런치(대인) 주중
2024-02-27,106,2,Winter,0,0,0,미라시아,브런치(대인) 주중
2024-02-28,54,2,Winter,0,0,0,미라시아,브런치(대인) 주중
2024-02-29,69,2,Winter,0,0,0,미라시아,브런치(대인) 주중
2024-03-01,0,3,Spring,0,1,1,미라시아,브런치(대인) 주중
2024-03-02,0,3,Spring,1,0,1,미라시아,브런치(대인) 주중
2024-03-03,0,3,Spring,1,0,1,미라시아,브런치(대인) 주중
2024-03-04,0,3,Spring,0,0,0,미라시아,브런치(대인) 주중
2024-03-05,0,3,Spring,0,0,0,미라시아,브런치(대인) 주중
2024-03-06,0,3,Spring,0,0,0,미라시아,브런치(대인) 주중
2024-03-07,0,3,Spring,0,0,0,미라시아,브런치(대인) 주중
2024-03-08,0,3,Spring,0,0,0,미라시아,브런치(대인) 주중
2024-03-09,0,3,Spring,1,0,1,미라시아,브런치(대인) 주중
2024-03-10,0,3,Spring,1,0,1,미라시아,브런치(대인) 주중
2024-03-11,0,3,Spring,0,0,0,미라시아,브런치(대인) 주중
2024-03-12,0,3,Spring,0,0,0,미라시아,브런치(대인) 주중
2024-03-13,0,3,Spring,0,0,0,미라시아,브런치(대인) 주중
2024-03-14,24,3,Spring,0,0,0,미라시아,브런치(대인) 주중
2024-03-15,23,3,Spring,0,0,0,미라시아,브런치(대인) 주중
2024-03-16,0,3,Spring,1,0,1,미라시아,브런치(대인) 주중
2024-03-17,0,3,Spring,1,0,1,미라시아,브런치(대인) 주중
2024-03-18,45,3,Spring,0,0,0,미라시아,브런치(대인) 주중
2024-03-19,14,3,Spring,0,0,0,미라시아,브런치(대인) 주중
2024-03-20,41,3,Spring,0,0,0,미라시아,브런치(대인) 주중
2024-03-21,37,3,Spring,0,0,0,미라시아,브런치(대인) 주중
2024-03-22,4,3,Spring,0,0,0,미라시아,브런치(대인) 주중
2024-03-23,0,3,Spring,1,0,1,미라시아,브런치(대인) 주중
2024-03-24,0,3,Spring,1,0,1,미라시아,브런치(대인) 주중
2024-03-25,34,3,Spring,0,0,0,미라시아,브런치(대인) 주중
2024-03-26,15,3,Spring,0,0,0,미라시아,브런치(대인) 주중
2024-03-27,18,3,Spring,0,0,0,미라시아,브런치(대인) 주중
2024-03-28,12,3,Spring,0,0,0,미라시아,브런치(대인) 주중
2024-03-29,49,3,Spring,0,0,0,미라시아,브런치(대인) 주중
2024-03-30,0,3,Spring,1,0,1,미라시아,브런치(대인) 주중
2024-03-31,0,3,Spring,1,0,1,미라시아,브런치(대인) 주중
2024-04-01,45,4,Spring,0,0,0,미라시아,브런치(대인) 주중
2024-04-02,35,4,Spring,0,0,0,미라시아,브런치(대인) 주중
2024-04-03,71,4,Spring,0,0,0,미라시아,브런치(대인) 주중
2024-04-04,79,4,Spring,0,0,0,미라시아,브런치(대인) 주중
2024-04-05,93,4,Spring,0,0,0,미라시아,브런치(대인) 주중
2024-04-06,0,4,Spring,1,0,1,미라시아,브런치(대인) 주중
2024-04-07,3,4,Spring,1,0,1,미라시아,브런치(대인) 주중
2024-04-08,76,4,Spring,0,0,0,미라시아,브런치(대인) 주중
2024-04-09,79,4,Spring,0,0,0,미라시아,브런치(대인) 주중
2024-04-10,0,4,Spring,0,1,1,미라시아,브런치(대인) 주중
2024-04-11,201,4,Spring,0,0,0,미라시아,브런치(대인) 주중
2024-04-12,221,4,Spring,0,0,0,미라시아,브런치(대인) 주중
2024-04-13,0,4,Spring,1,0,1,미라시아,브런치(대인) 주중
2024-04-14,0,4,Spring,1,0,1,미라시아,브런치(대인) 주중
2024-04-15,84,4,Spring,0,0,0,미라시아,브런치(대인) 주중
2024-04-16,57,4,Spring,0,0,0,미라시아,브런치(대인) 주중
2024-04-17,78,4,Spring,0,0,0,미라시아,브런치(대인) 주중
2024-04-18,33,4,Spring,0,0,0,미라시아,브런치(대인) 주중
2024-04-19,153,4,Spring,0,0,0,미라시아,브런치(대인) 주중
2024-04-20,0,4,Spring,1,0,1,미라시아,브런치(대인) 주중
2024-04-21,0,4,Spring,1,0,1,미라시아,브런치(대인) 주중
2024-04-22,81,4,Spring,0,0,0,미라시아,브런치(대인) 주중
2024-04-23,54,4,Spring,0,0,0,미라시아,브런치(대인) 주중
2024-04-24,76,4,Spring,0,0,0,미라시아,브런치(대인) 주중
2024-04-25,51,4,Spring,0,0,0,미라시아,브런치(대인) 주중
2024-04-26,55,4,Spring,0,0,0,미라시아,브런치(대인) 주중
2024-04-27,0,4,Spring,1,0,1,미라시아,브런치(대인) 주중
2024-04-28,0,4,Spring,1,0,1,미라시아,브런치(대인) 주중
2024-04-29,57,4,Spring,0,0,0,미라시아,브런치(대인) 주중
2024-04-30,74,4,Spring,0,0,0,미라시아,브런치(대인) 주중
2024-05-01,146,5,Spring,0,0,0,미라시아,브런치(대인) 주중
2024-05-02,86,5,Spring,0,0,0,미라시아,브런치(대인) 주중
2024-05-03,120,5,Spring,0,0,0,미라시아,브런치(대인) 주중
2024-05-04,0,5,Spring,1,0,1,미라시아,브런치(대인) 주중
2024-05-05,0,5,Spring,1,1,1,미라시아,브런치(대인) 주중
2024-05-06,2,5,Spring,0,1,1,미라시아,브런치(대인) 주중
2024-05-07,79,5,Spring,0,0,0,미라시아,브런치(대인) 주중
2024-05-08,68,5,Spring,0,0,0,미라시아,브런치(대인) 주중
2024-05-09,52,5,Spring,0,0,0,미라시아,브런치(대인) 주중
2024-05-10,63,5,Spring,0,0,0,미라시아,브런치(대인) 주중
2024-05-11,2,5,Spring,1,0,1,미라시아,브런치(대인) 주중
2024-05-12,0,5,Spring,1,0,1,미라시아,브런치(대인) 주중
2024-05-13,98,5,Spring,0,0,0,미라시아,브런치(대인) 주중
2024-05-14,50,5,Spring,0,0,0,미라시아,브런치(대인) 주중
2024-05-15,10,5,Spring,0,1,1,미라시아,브런치(대인) 주중
2024-05-16,87,5,Spring,0,0,0,미라시아,브런치(대인) 주중
2024-05-17,83,5,Spring,0,0,0,미라시아,브런치(대인) 주중
2024-05-18,0,5,Spring,1,0,1,미라시아,브런치(대인) 주중
2024-05-19,0,5,Spring,1,0,1,미라시아,브런치(대인) 주중
2024-05-20,101,5,Spring,0,0,0,미라시아,브런치(대인) 주중
2024-05-21,71,5,Spring,0,0,0,미라시아,브런치(대인) 주중
2024-05-22,133,5,Spring,0,0,0,미라시아,브런치(대인) 주중
2024-05-23,36,5,Spring,0,0,0,미라시아,브런치(대인) 주중
2024-05-24,39,5,Spring,0,0,0,미라시아,브런치(대인) 주중
2024-05-25,10,5,Spring,1,0,1,미라시아,브런치(대인) 주중
2024-05-26,2,5,Spring,1,0,1,미라시아,브런치(대인) 주중
2024-05-27,89,5,Spring,0,0,0,미라시아,브런치(대인) 주중
2024-05-28,47,5,Spring,0,0,0,미라시아,브런치(대인) 주중
2024-05-29,45,5,Spring,0,0,0,미라시아,브런치(대인) 주중
2024-05-30,31,5,Spring,0,0,0,미라시아,브런치(대인) 주중
2024-05-31,136,5,Spring,0,0,0,미라시아,브런치(대인) 주중
2024-06-01,2,6,Summer,1,0,1,미라시아,브런치(대인) 주중
2024-06-02,0,6,Summer,1,0,1,미라시아,브런치(대인) 주중
2024-06-03,33,6,Summer,0,0,0,미라시아,브런치(대인) 주중
2024-06-04,37,6,Summer,0,0,0,미라시아,브런치(대인) 주중
2024-06-05,18,6,Summer,0,0,0,미라시아,브런치(대인) 주중
2024-06-06,0,6,Summer,0,1,1,미라시아,브런치(대인) 주중
2024-06-07,130,6,Summer,0,0,0,미라시아,브런치(대인) 주중
2024-06-08,0,6,Summer,1,0,1,미라시아,브런치(대인) 주중
2024-06-09,0,6,Summer,1,0,1,미라시아,브런치(대인) 주중
2024-06-10,74,6,Summer,0,0,0,미라시아,브런치(대인) 주중
2024-06-11,44,6,Summer,0,0,0,미라시아,브런치(대인) 주중
2024-06-12,30,6,Summer,0,0,0,미라시아,브런치(대인) 주중
2024-06-13,30,6,Summer,0,0,0,미라시아,브런치(대인) 주중
2024-06-14,50,6,Summer,0,0,0,미라시아,브런치(대인) 주중
2024-06-15,0,6,Summer,1,0,1,미라시아,브런치(대인) 주중
2023-01-01,20,1,Winter,1,1,1,미라시아,브런치(어린이)
2023-01-02,8,1,Winter,0,0,0,미라시아,브런치(어린이)
2023-01-03,22,1,Winter,0,0,0,미라시아,브런치(어린이)
2023-01-04,1,1,Winter,0,0,0,미라시아,브런치(어린이)
2023-01-05,22,1,Winter,0,0,0,미라시아,브런치(어린이)
2023-01-06,21,1,Winter,0,0,0,미라시아,브런치(어린이)
2023-01-07,10,1,Winter,1,0,1,미라시아,브런치(어린이)
2023-01-08,21,1,Winter,1,0,1,미라시아,브런치(어린이)
2023-01-09,17,1,Winter,0,0,0,미라시아,브런치(어린이)
2023-01-10,8,1,Winter,0,0,0,미라시아,브런치(어린이)
2023-01-11,6,1,Winter,0,0,0,미라시아,브런치(어린이)
2023-01-12,22,1,Winter,0,0,0,미라시아,브런치(어린이)
2023-01-13,3,1,Winter,0,0,0,미라시아,브런치(어린이)
2023-01-14,2,1,Winter,1,0,1,미라시아,브런치(어린이)
2023-01-15,22,1,Winter,1,0,1,미라시아,브런치(어린이)
2023-01-16,15,1,Winter,0,0,0,미라시아,브런치(어린이)
2023-01-17,11,1,Winter,0,0,0,미라시아,브런치(어린이)
2023-01-18,8,1,Winter,0,0,0,미라시아,브런치(어린이)
2023-01-19,7,1,Winter,0,0,0,미라시아,브런치(어린이)
2023-01-20,5,1,Winter,0,0,0,미라시아,브런치(어린이)
2023-01-21,13,1,Winter,1,1,1,미라시아,브런치(어린이)
2023-01-22,19,1,Winter,1,1,1,미라시아,브런치(어린이)
2023-01-23,26,1,Winter,0,1,1,미라시아,브런치(어린이)
2023-01-24,17,1,Winter,0,1,1,미라시아,브런치(어린이)
2023-01-25,22,1,Winter,0,0,0,미라시아,브런치(어린이)
2023-01-26,11,1,Winter,0,0,0,미라시아,브런치(어린이)
2023-01-27,9,1,Winter,0,0,0,미라시아,브런치(어린이)
2023-01-28,5,1,Winter,1,0,1,미라시아,브런치(어린이)
2023-01-29,26,1,Winter,1,0,1,미라시아,브런치(어린이)
2023-01-30,13,1,Winter,0,0,0,미라시아,브런치(어린이)
2023-01-31,6,1,Winter,0,0,0,미라시아,브런치(어린이)
2023-02-01,9,2,Winter,0,0,0,미라시아,브런치(어린이)
2023-02-02,8,2,Winter,0,0,0,미라시아,브런치(어린이)
2023-02-03,6,2,Winter,0,0,0,미라시아,브런치(어린이)
2023-02-04,3,2,Winter,1,0,1,미라시아,브런치(어린이)
2023-02-05,16,2,Winter,1,0,1,미라시아,브런치(어린이)
2023-02-06,11,2,Winter,0,0,0,미라시아,브런치(어린이)
2023-02-07,8,2,Winter,0,0,0,미라시아,브런치(어린이)
2023-02-08,3,2,Winter,0,0,0,미라시아,브런치(어린이)
2023-02-09,4,2,Winter,0,0,0,미라시아,브런치(어린이)
2023-02-10,0,2,Winter,0,0,0,미라시아,브런치(어린이)
2023-02-11,0,2,Winter,1,0,1,미라시아,브런치(어린이)
2023-02-12,2,2,Winter,1,0,1,미라시아,브런치(어린이)
2023-02-13,0,2,Winter,0,0,0,미라시아,브런치(어린이)
2023-02-14,2,2,Winter,0,0,0,미라시아,브런치(어린이)
2023-02-15,0,2,Winter,0,0,0,미라시아,브런치(어린이)
2023-02-16,0,2,Winter,0,0,0,미라시아,브런치(어린이)
2023-02-17,0,2,Winter,0,0,0,미라시아,브런치(어린이)
2023-02-18,0,2,Winter,1,0,1,미라시아,브런치(어린이)
2023-02-19,2,2,Winter,1,0,1,미라시아,브런치(어린이)
2023-02-20,17,2,Winter,0,0,0,미라시아,브런치(어린이)
2023-02-21,12,2,Winter,0,0,0,미라시아,브런치(어린이)
2023-02-22,5,2,Winter,0,0,0,미라시아,브런치(어린이)
2023-02-23,8,2,Winter,0,0,0,미라시아,브런치(어린이)
2023-02-24,10,2,Winter,0,0,0,미라시아,브런치(어린이)
2023-02-25,9,2,Winter,1,0,1,미라시아,브런치(어린이)
2023-02-26,19,2,Winter,1,0,1,미라시아,브런치(어린이)
2023-02-27,18,2,Winter,0,0,0,미라시아,브런치(어린이)
2023-02-28,17,2,Winter,0,0,0,미라시아,브런치(어린이)
2023-03-01,17,3,Spring,0,1,1,미라시아,브런치(어린이)
2023-03-02,0,3,Spring,0,0,0,미라시아,브런치(어린이)
2023-03-03,0,3,Spring,0,0,0,미라시아,브런치(어린이)
2023-03-04,0,3,Spring,1,0,1,미라시아,브런치(어린이)
2023-03-05,0,3,Spring,1,0,1,미라시아,브런치(어린이)
2023-03-06,0,3,Spring,0,0,0,미라시아,브런치(어린이)
2023-03-07,0,3,Spring,0,0,0,미라시아,브런치(어린이)
2023-03-08,0,3,Spring,0,0,0,미라시아,브런치(어린이)
2023-03-09,0,3,Spring,0,0,0,미라시아,브런치(어린이)
2023-03-10,0,3,Spring,0,0,0,미라시아,브런치(어린이)
2023-03-11,5,3,Spring,1,0,1,미라시아,브런치(어린이)
2023-03-12,17,3,Spring,1,0,1,미라시아,브런치(어린이)
2023-03-13,0,3,Spring,0,0,0,미라시아,브런치(어린이)
2023-03-14,0,3,Spring,0,0,0,미라시아,브런치(어린이)
2023-03-15,2,3,Spring,0,0,0,미라시아,브런치(어린이)
2023-03-16,0,3,Spring,0,0,0,미라시아,브런치(어린이)
2023-03-17,0,3,Spring,0,0,0,미라시아,브런치(어린이)
2023-03-18,5,3,Spring,1,0,1,미라시아,브런치(어린이)
2023-03-19,19,3,Spring,1,0,1,미라시아,브런치(어린이)
2023-03-20,1,3,Spring,0,0,0,미라시아,브런치(어린이)
2023-03-21,0,3,Spring,0,0,0,미라시아,브런치(어린이)
2023-03-22,0,3,Spring,0,0,0,미라시아,브런치(어린이)
2023-03-23,0,3,Spring,0,0,0,미라시아,브런치(어린이)
2023-03-24,0,3,Spring,0,0,0,미라시아,브런치(어린이)
2023-03-25,8,3,Spring,1,0,1,미라시아,브런치(어린이)
2023-03-26,5,3,Spring,1,0,1,미라시아,브런치(어린이)
2023-03-27,6,3,Spring,0,0,0,미라시아,브런치(어린이)
2023-03-28,0,3,Spring,0,0,0,미라시아,브런치(어린이)
2023-03-29,0,3,Spring,0,0,0,미라시아,브런치(어린이)
2023-03-30,0,3,Spring,0,0,0,미라시아,브런치(어린이)
2023-03-31,4,3,Spring,0,0,0,미라시아,브런치(어린이)
2023-04-01,13,4,Spring,1,0,1,미라시아,브런치(어린이)
2023-04-02,21,4,Spring,1,0,1,미라시아,브런치(어린이)
2023-04-03,0,4,Spring,0,0,0,미라시아,브런치(어린이)
2023-04-04,1,4,Spring,0,0,0,미라시아,브런치(어린이)
2023-04-05,0,4,Spring,0,0,0,미라시아,브런치(어린이)
2023-04-06,5,4,Spring,0,0,0,미라시아,브런치(어린이)
2023-04-07,3,4,Spring,0,0,0,미라시아,브런치(어린이)
2023-04-08,9,4,Spring,1,0,1,미라시아,브런치(어린이)
2023-04-09,21,4,Spring,1,0,1,미라시아,브런치(어린이)
2023-04-10,2,4,Spring,0,0,0,미라시아,브런치(어린이)
2023-04-11,0,4,Spring,0,0,0,미라시아,브런치(어린이)
2023-04-12,2,4,Spring,0,0,0,미라시아,브런치(어린이)
2023-04-13,3,4,Spring,0,0,0,미라시아,브런치(어린이)
2023-04-14,2,4,Spring,0,0,0,미라시아,브런치(어린이)
2023-04-15,8,4,Spring,1,0,1,미라시아,브런치(어린이)
2023-04-16,15,4,Spring,1,0,1,미라시아,브런치(어린이)
2023-04-17,1,4,Spring,0,0,0,미라시아,브런치(어린이)
2023-04-18,2,4,Spring,0,0,0,미라시아,브런치(어린이)
2023-04-19,2,4,Spring,0,0,0,미라시아,브런치(어린이)
2023-04-20,0,4,Spring,0,0,0,미라시아,브런치(어린이)
2023-04-21,0,4,Spring,0,0,0,미라시아,브런치(어린이)
2023-04-22,8,4,Spring,1,0,1,미라시아,브런치(어린이)
2023-04-23,16,4,Spring,1,0,1,미라시아,브런치(어린이)
2023-04-24,6,4,Spring,0,0,0,미라시아,브런치(어린이)
2023-04-25,0,4,Spring,0,0,0,미라시아,브런치(어린이)
2023-04-26,3,4,Spring,0,0,0,미라시아,브런치(어린이)
2023-04-27,0,4,Spring,0,0,0,미라시아,브런치(어린이)
2023-04-28,3,4,Spring,0,0,0,미라시아,브런치(어린이)
2023-04-29,5,4,Spring,1,0,1,미라시아,브런치(어린이)
2023-04-30,13,4,Spring,1,0,1,미라시아,브런치(어린이)
2023-05-01,13,5,Spring,0,0,0,미라시아,브런치(어린이)
2023-05-02,2,5,Spring,0,0,0,미라시아,브런치(어린이)
2023-05-03,5,5,Spring,0,0,0,미라시아,브런치(어린이)
2023-05-04,3,5,Spring,0,0,0,미라시아,브런치(어린이)
2023-05-05,25,5,Spring,0,1,1,미라시아,브런치(어린이)
2023-05-06,16,5,Spring,1,0,1,미라시아,브런치(어린이)
2023-05-07,13,5,Spring,1,0,1,미라시아,브런치(어린이)
2023-05-08,3,5,Spring,0,0,0,미라시아,브런치(어린이)
2023-05-09,0,5,Spring,0,0,0,미라시아,브런치(어린이)
2023-05-10,0,5,Spring,0,0,0,미라시아,브런치(어린이)
2023-05-11,2,5,Spring,0,0,0,미라시아,브런치(어린이)
2023-05-12,2,5,Spring,0,0,0,미라시아,브런치(어린이)
2023-05-13,23,5,Spring,1,0,1,미라시아,브런치(어린이)
2023-05-14,14,5,Spring,1,0,1,미라시아,브런치(어린이)
2023-05-15,3,5,Spring,0,0,0,미라시아,브런치(어린이)
2023-05-16,0,5,Spring,0,0,0,미라시아,브런치(어린이)
2023-05-17,0,5,Spring,0,0,0,미라시아,브런치(어린이)
2023-05-18,0,5,Spring,0,0,0,미라시아,브런치(어린이)
2023-05-19,2,5,Spring,0,0,0,미라시아,브런치(어린이)
2023-05-20,5,5,Spring,1,0,1,미라시아,브런치(어린이)
2023-05-21,6,5,Spring,1,0,1,미라시아,브런치(어린이)
2023-05-22,0,5,Spring,0,0,0,미라시아,브런치(어린이)
2023-05-23,1,5,Spring,0,0,0,미라시아,브런치(어린이)
2023-05-24,1,5,Spring,0,0,0,미라시아,브런치(어린이)
2023-05-25,0,5,Spring,0,0,0,미라시아,브런치(어린이)
2023-05-26,6,5,Spring,0,0,0,미라시아,브런치(어린이)
2023-05-27,12,5,Spring,1,1,1,미라시아,브런치(어린이)
2023-05-28,11,5,Spring,1,0,1,미라시아,브런치(어린이)
2023-05-29,17,5,Spring,0,1,1,미라시아,브런치(어린이)
2023-05-30,6,5,Spring,0,0,0,미라시아,브런치(어린이)
2023-05-31,0,5,Spring,0,0,0,미라시아,브런치(어린이)
2023-06-01,0,6,Summer,0,0,0,미라시아,브런치(어린이)
2023-06-02,2,6,Summer,0,0,0,미라시아,브런치(어린이)
2023-06-03,9,6,Summer,1,0,1,미라시아,브런치(어린이)
2023-06-04,21,6,Summer,1,0,1,미라시아,브런치(어린이)
2023-06-05,17,6,Summer,0,0,0,미라시아,브런치(어린이)
2023-06-06,31,6,Summer,0,1,1,미라시아,브런치(어린이)
2023-06-07,6,6,Summer,0,0,0,미라시아,브런치(어린이)
2023-06-08,1,6,Summer,0,0,0,미라시아,브런치(어린이)
2023-06-09,0,6,Summer,0,0,0,미라시아,브런치(어린이)
2023-06-10,8,6,Summer,1,0,1,미라시아,브런치(어린이)
2023-06-11,11,6,Summer,1,0,1,미라시아,브런치(어린이)
2023-06-12,4,6,Summer,0,0,0,미라시아,브런치(어린이)
2023-06-13,1,6,Summer,0,0,0,미라시아,브런치(어린이)
2023-06-14,3,6,Summer,0,0,0,미라시아,브런치(어린이)
2023-06-15,0,6,Summer,0,0,0,미라시아,브런치(어린이)
2023-06-16,4,6,Summer,0,0,0,미라시아,브런치(어린이)
2023-06-17,11,6,Summer,1,0,1,미라시아,브런치(어린이)
2023-06-18,17,6,Summer,1,0,1,미라시아,브런치(어린이)
2023-06-19,2,6,Summer,0,0,0,미라시아,브런치(어린이)
2023-06-20,0,6,Summer,0,0,0,미라시아,브런치(어린이)
2023-06-21,2,6,Summer,0,0,0,미라시아,브런치(어린이)
2023-06-22,0,6,Summer,0,0,0,미라시아,브런치(어린이)
2023-06-23,4,6,Summer,0,0,0,미라시아,브런치(어린이)
2023-06-24,16,6,Summer,1,0,1,미라시아,브런치(어린이)
2023-06-25,5,6,Summer,1,0,1,미라시아,브런치(어린이)
2023-06-26,7,6,Summer,0,0,0,미라시아,브런치(어린이)
2023-06-27,1,6,Summer,0,0,0,미라시아,브런치(어린이)
2023-06-28,2,6,Summer,0,0,0,미라시아,브런치(어린이)
2023-06-29,1,6,Summer,0,0,0,미라시아,브런치(어린이)
2023-06-30,1,6,Summer,0,0,0,미라시아,브런치(어린이)
2023-07-01,8,7,Summer,1,0,1,미라시아,브런치(어린이)
2023-07-02,15,7,Summer,1,0,1,미라시아,브런치(어린이)
2023-07-03,9,7,Summer,0,0,0,미라시아,브런치(어린이)
2023-07-04,1,7,Summer,0,0,0,미라시아,브런치(어린이)
2023-07-05,0,7,Summer,0,0,0,미라시아,브런치(어린이)
2023-07-06,1,7,Summer,0,0,0,미라시아,브런치(어린이)
2023-07-07,4,7,Summer,0,0,0,미라시아,브런치(어린이)
2023-07-08,8,7,Summer,1,0,1,미라시아,브런치(어린이)
2023-07-09,14,7,Summer,1,0,1,미라시아,브런치(어린이)
2023-07-10,7,7,Summer,0,0,0,미라시아,브런치(어린이)
2023-07-11,2,7,Summer,0,0,0,미라시아,브런치(어린이)
2023-07-12,2,7,Summer,0,0,0,미라시아,브런치(어린이)
2023-07-13,2,7,Summer,0,0,0,미라시아,브런치(어린이)
2023-07-14,0,7,Summer,0,0,0,미라시아,브런치(어린이)
2023-07-15,12,7,Summer,1,0,1,미라시아,브런치(어린이)
2023-07-16,13,7,Summer,1,0,1,미라시아,브런치(어린이)
2023-07-17,1,7,Summer,0,0,0,미라시아,브런치(어린이)
2023-07-18,0,7,Summer,0,0,0,미라시아,브런치(어린이)
2023-07-19,2,7,Summer,0,0,0,미라시아,브런치(어린이)
2023-07-20,4,7,Summer,0,0,0,미라시아,브런치(어린이)
2023-07-21,11,7,Summer,0,0,0,미라시아,브런치(어린이)
2023-07-22,7,7,Summer,1,0,1,미라시아,브런치(어린이)
2023-07-23,22,7,Summer,1,0,1,미라시아,브런치(어린이)
2023-07-24,15,7,Summer,0,0,0,미라시아,브런치(어린이)
2023-07-25,3,7,Summer,0,0,0,미라시아,브런치(어린이)
2023-07-26,12,7,Summer,0,0,0,미라시아,브런치(어린이)
2023-07-27,17,7,Summer,0,0,0,미라시아,브런치(어린이)
2023-07-28,20,7,Summer,0,0,0,미라시아,브런치(어린이)
2023-07-29,26,7,Summer,1,0,1,미라시아,브런치(어린이)
2023-07-30,22,7,Summer,1,0,1,미라시아,브런치(어린이)
2023-07-31,22,7,Summer,0,0,0,미라시아,브런치(어린이)
2023-08-01,18,8,Summer,0,0,0,미라시아,브런치(어린이)
2023-08-02,18,8,Summer,0,0,0,미라시아,브런치(어린이)
2023-08-03,15,8,Summer,0,0,0,미라시아,브런치(어린이)
2023-08-04,17,8,Summer,0,0,0,미라시아,브런치(어린이)
2023-08-05,10,8,Summer,1,0,1,미라시아,브런치(어린이)
2023-08-06,14,8,Summer,1,0,1,미라시아,브런치(어린이)
2023-08-07,28,8,Summer,0,0,0,미라시아,브런치(어린이)
2023-08-08,22,8,Summer,0,0,0,미라시아,브런치(어린이)
2023-08-09,13,8,Summer,0,0,0,미라시아,브런치(어린이)
2023-08-10,12,8,Summer,0,0,0,미라시아,브런치(어린이)
2023-08-11,16,8,Summer,0,0,0,미라시아,브런치(어린이)
2023-08-12,14,8,Summer,1,0,1,미라시아,브런치(어린이)
2023-08-13,21,8,Summer,1,0,1,미라시아,브런치(어린이)
2023-08-14,26,8,Summer,0,0,0,미라시아,브런치(어린이)
2023-08-15,8,8,Summer,0,1,1,미라시아,브런치(어린이)
2023-08-16,11,8,Summer,0,0,0,미라시아,브런치(어린이)
2023-08-17,8,8,Summer,0,0,0,미라시아,브런치(어린이)
2023-08-18,15,8,Summer,0,0,0,미라시아,브런치(어린이)
2023-08-19,10,8,Summer,1,0,1,미라시아,브런치(어린이)
2023-08-20,23,8,Summer,1,0,1,미라시아,브런치(어린이)
2023-08-21,2,8,Summer,0,0,0,미라시아,브런치(어린이)
2023-08-22,3,8,Summer,0,0,0,미라시아,브런치(어린이)
2023-08-23,2,8,Summer,0,0,0,미라시아,브런치(어린이)
2023-08-24,1,8,Summer,0,0,0,미라시아,브런치(어린이)
2023-08-25,1,8,Summer,0,0,0,미라시아,브런치(어린이)
2023-08-26,14,8,Summer,1,0,1,미라시아,브런치(어린이)
2023-08-27,10,8,Summer,1,0,1,미라시아,브런치(어린이)
2023-08-28,6,8,Summer,0,0,0,미라시아,브런치(어린이)
2023-08-29,1,8,Summer,0,0,0,미라시아,브런치(어린이)
2023-08-30,7,8,Summer,0,0,0,미라시아,브런치(어린이)
2023-08-31,4,8,Summer,0,0,0,미라시아,브런치(어린이)
2023-09-01,3,9,Autumn,0,0,0,미라시아,브런치(어린이)
2023-09-02,22,9,Autumn,1,0,1,미라시아,브런치(어린이)
2023-09-03,40,9,Autumn,1,0,1,미라시아,브런치(어린이)
2023-09-04,20,9,Autumn,0,0,0,미라시아,브런치(어린이)
2023-09-05,7,9,Autumn,0,0,0,미라시아,브런치(어린이)
2023-09-06,5,9,Autumn,0,0,0,미라시아,브런치(어린이)
2023-09-07,15,9,Autumn,0,0,0,미라시아,브런치(어린이)
2023-09-08,13,9,Autumn,0,0,0,미라시아,브런치(어린이)
2023-09-09,20,9,Autumn,1,0,1,미라시아,브런치(어린이)
2023-09-10,58,9,Autumn,1,0,1,미라시아,브런치(어린이)
2023-09-11,20,9,Autumn,0,0,0,미라시아,브런치(어린이)
2023-09-12,4,9,Autumn,0,0,0,미라시아,브런치(어린이)
2023-09-13,1,9,Autumn,0,0,0,미라시아,브런치(어린이)
2023-09-14,4,9,Autumn,0,0,0,미라시아,브런치(어린이)
2023-09-15,11,9,Autumn,0,0,0,미라시아,브런치(어린이)
2023-09-16,17,9,Autumn,1,0,1,미라시아,브런치(어린이)
2023-09-17,38,9,Autumn,1,0,1,미라시아,브런치(어린이)
2023-09-18,20,9,Autumn,0,0,0,미라시아,브런치(어린이)
2023-09-19,3,9,Autumn,0,0,0,미라시아,브런치(어린이)
2023-09-20,2,9,Autumn,0,0,0,미라시아,브런치(어린이)
2023-09-21,4,9,Autumn,0,0,0,미라시아,브런치(어린이)
2023-09-22,14,9,Autumn,0,0,0,미라시아,브런치(어린이)
2023-09-23,19,9,Autumn,1,0,1,미라시아,브런치(어린이)
2023-09-24,66,9,Autumn,1,0,1,미라시아,브런치(어린이)
2023-09-25,6,9,Autumn,0,0,0,미라시아,브런치(어린이)
2023-09-26,2,9,Autumn,0,0,0,미라시아,브런치(어린이)
2023-09-27,7,9,Autumn,0,0,0,미라시아,브런치(어린이)
2023-09-28,51,9,Autumn,0,1,1,미라시아,브런치(어린이)
2023-09-29,50,9,Autumn,0,1,1,미라시아,브런치(어린이)
2023-09-30,57,9,Autumn,1,1,1,미라시아,브런치(어린이)
2023-10-01,57,10,Autumn,1,0,1,미라시아,브런치(어린이)
2023-10-02,59,10,Autumn,0,1,1,미라시아,브런치(어린이)
2023-10-03,64,10,Autumn,0,1,1,미라시아,브런치(어린이)
2023-10-04,22,10,Autumn,0,0,0,미라시아,브런치(어린이)
2023-10-05,19,10,Autumn,0,0,0,미라시아,브런치(어린이)
2023-10-06,5,10,Autumn,0,0,0,미라시아,브런치(어린이)
2023-10-07,36,10,Autumn,1,0,1,미라시아,브런치(어린이)
2023-10-08,69,10,Autumn,1,0,1,미라시아,브런치(어린이)
2023-10-09,63,10,Autumn,0,1,1,미라시아,브런치(어린이)
2023-10-10,24,10,Autumn,0,0,0,미라시아,브런치(어린이)
2023-10-11,11,10,Autumn,0,0,0,미라시아,브런치(어린이)
2023-10-12,2,10,Autumn,0,0,0,미라시아,브런치(어린이)
2023-10-13,6,10,Autumn,0,0,0,미라시아,브런치(어린이)
2023-10-14,32,10,Autumn,1,0,1,미라시아,브런치(어린이)
2023-10-15,39,10,Autumn,1,0,1,미라시아,브런치(어린이)
2023-10-16,37,10,Autumn,0,0,0,미라시아,브런치(어린이)
2023-10-17,18,10,Autumn,0,0,0,미라시아,브런치(어린이)
2023-10-18,12,10,Autumn,0,0,0,미라시아,브런치(어린이)
2023-10-19,9,10,Autumn,0,0,0,미라시아,브런치(어린이)
2023-10-20,12,10,Autumn,0,0,0,미라시아,브런치(어린이)
2023-10-21,35,10,Autumn,1,0,1,미라시아,브런치(어린이)
2023-10-22,62,10,Autumn,1,0,1,미라시아,브런치(어린이)
2023-10-23,35,10,Autumn,0,0,0,미라시아,브런치(어린이)
2023-10-24,16,10,Autumn,0,0,0,미라시아,브런치(어린이)
2023-10-25,22,10,Autumn,0,0,0,미라시아,브런치(어린이)
2023-10-26,17,10,Autumn,0,0,0,미라시아,브런치(어린이)
2023-10-27,21,10,Autumn,0,0,0,미라시아,브런치(어린이)
2023-10-28,21,10,Autumn,1,0,1,미라시아,브런치(어린이)
2023-10-29,42,10,Autumn,1,0,1,미라시아,브런치(어린이)
2023-10-30,28,10,Autumn,0,0,0,미라시아,브런치(어린이)
2023-10-31,12,10,Autumn,0,0,0,미라시아,브런치(어린이)
2023-11-01,17,11,Autumn,0,0,0,미라시아,브런치(어린이)
2023-11-02,7,11,Autumn,0,0,0,미라시아,브런치(어린이)
2023-11-03,23,11,Autumn,0,0,0,미라시아,브런치(어린이)
2023-11-04,34,11,Autumn,1,0,1,미라시아,브런치(어린이)
2023-11-05,42,11,Autumn,1,0,1,미라시아,브런치(어린이)
2023-11-06,26,11,Autumn,0,0,0,미라시아,브런치(어린이)
2023-11-07,23,11,Autumn,0,0,0,미라시아,브런치(어린이)
2023-11-08,19,11,Autumn,0,0,0,미라시아,브런치(어린이)
2023-11-09,14,11,Autumn,0,0,0,미라시아,브런치(어린이)
2023-11-10,9,11,Autumn,0,0,0,미라시아,브런치(어린이)
2023-11-11,34,11,Autumn,1,0,1,미라시아,브런치(어린이)
2023-11-12,53,11,Autumn,1,0,1,미라시아,브런치(어린이)
2023-11-13,28,11,Autumn,0,0,0,미라시아,브런치(어린이)
2023-11-14,14,11,Autumn,0,0,0,미라시아,브런치(어린이)
2023-11-15,13,11,Autumn,0,0,0,미라시아,브런치(어린이)
2023-11-16,12,11,Autumn,0,0,0,미라시아,브런치(어린이)
2023-11-17,12,11,Autumn,0,0,0,미라시아,브런치(어린이)
2023-11-18,40,11,Autumn,1,0,1,미라시아,브런치(어린이)
2023-11-19,52,11,Autumn,1,0,1,미라시아,브런치(어린이)
2023-11-20,44,11,Autumn,0,0,0,미라시아,브런치(어린이)
2023-11-21,16,11,Autumn,0,0,0,미라시아,브런치(어린이)
2023-11-22,7,11,Autumn,0,0,0,미라시아,브런치(어린이)
2023-11-23,19,11,Autumn,0,0,0,미라시아,브런치(어린이)
2023-11-24,22,11,Autumn,0,0,0,미라시아,브런치(어린이)
2023-11-25,30,11,Autumn,1,0,1,미라시아,브런치(어린이)
2023-11-26,58,11,Autumn,1,0,1,미라시아,브런치(어린이)
2023-11-27,21,11,Autumn,0,0,0,미라시아,브런치(어린이)
2023-11-28,4,11,Autumn,0,0,0,미라시아,브런치(어린이)
2023-11-29,4,11,Autumn,0,0,0,미라시아,브런치(어린이)
2023-11-30,2,11,Autumn,0,0,0,미라시아,브런치(어린이)
2023-12-01,6,12,Winter,0,0,0,미라시아,브런치(어린이)
2023-12-02,19,12,Winter,1,0,1,미라시아,브런치(어린이)
2023-12-03,46,12,Winter,1,0,1,미라시아,브런치(어린이)
2023-12-04,19,12,Winter,0,0,0,미라시아,브런치(어린이)
2023-12-05,5,12,Winter,0,0,0,미라시아,브런치(어린이)
2023-12-06,5,12,Winter,0,0,0,미라시아,브런치(어린이)
2023-12-07,5,12,Winter,0,0,0,미라시아,브런치(어린이)
2023-12-08,6,12,Winter,0,0,0,미라시아,브런치(어린이)
2023-12-09,18,12,Winter,1,0,1,미라시아,브런치(어린이)
2023-12-10,49,12,Winter,1,0,1,미라시아,브런치(어린이)
2023-12-11,52,12,Winter,0,0,0,미라시아,브런치(어린이)
2023-12-12,4,12,Winter,0,0,0,미라시아,브런치(어린이)
2023-12-13,4,12,Winter,0,0,0,미라시아,브런치(어린이)
2023-12-14,2,12,Winter,0,0,0,미라시아,브런치(어린이)
2023-12-15,6,12,Winter,0,0,0,미라시아,브런치(어린이)
2023-12-16,28,12,Winter,1,0,1,미라시아,브런치(어린이)
2023-12-17,41,12,Winter,1,0,1,미라시아,브런치(어린이)
2023-12-18,20,12,Winter,0,0,0,미라시아,브런치(어린이)
2023-12-19,14,12,Winter,0,0,0,미라시아,브런치(어린이)
2023-12-20,24,12,Winter,0,0,0,미라시아,브런치(어린이)
2023-12-21,19,12,Winter,0,0,0,미라시아,브런치(어린이)
2023-12-22,24,12,Winter,0,0,0,미라시아,브런치(어린이)
2023-12-23,42,12,Winter,1,0,1,미라시아,브런치(어린이)
2023-12-24,47,12,Winter,1,0,1,미라시아,브런치(어린이)
2023-12-25,60,12,Winter,0,1,1,미라시아,브런치(어린이)
2023-12-26,55,12,Winter,0,0,0,미라시아,브런치(어린이)
2023-12-27,53,12,Winter,0,0,0,미라시아,브런치(어린이)
2023-12-28,41,12,Winter,0,0,0,미라시아,브런치(어린이)
2023-12-29,74,12,Winter,0,0,0,미라시아,브런치(어린이)
2023-12-30,77,12,Winter,1,0,1,미라시아,브런치(어린이)
2023-12-31,45,12,Winter,1,0,1,미라시아,브런치(어린이)
2024-01-01,49,1,Winter,0,1,1,미라시아,브런치(어린이)
2024-01-02,55,1,Winter,0,0,0,미라시아,브런치(어린이)
2024-01-03,36,1,Winter,0,0,0,미라시아,브런치(어린이)
2024-01-04,28,1,Winter,0,0,0,미라시아,브런치(어린이)
2024-01-05,50,1,Winter,0,0,0,미라시아,브런치(어린이)
2024-01-06,28,1,Winter,1,0,1,미라시아,브런치(어린이)
2024-01-07,49,1,Winter,1,0,1,미라시아,브런치(어린이)
2024-01-08,42,1,Winter,0,0,0,미라시아,브런치(어린이)
2024-01-09,25,1,Winter,0,0,0,미라시아,브런치(어린이)
2024-01-10,30,1,Winter,0,0,0,미라시아,브런치(어린이)
2024-01-11,43,1,Winter,0,0,0,미라시아,브런치(어린이)
2024-01-12,18,1,Winter,0,0,0,미라시아,브런치(어린이)
2024-01-13,25,1,Winter,1,0,1,미라시아,브런치(어린이)
2024-01-14,22,1,Winter,1,0,1,미라시아,브런치(어린이)
2024-01-15,78,1,Winter,0,0,0,미라시아,브런치(어린이)
2024-01-16,64,1,Winter,0,0,0,미라시아,브런치(어린이)
2024-01-17,31,1,Winter,0,0,0,미라시아,브런치(어린이)
2024-01-18,53,1,Winter,0,0,0,미라시아,브런치(어린이)
2024-01-19,26,1,Winter,0,0,0,미라시아,브런치(어린이)
2024-01-20,21,1,Winter,1,0,1,미라시아,브런치(어린이)
2024-01-21,17,1,Winter,1,0,1,미라시아,브런치(어린이)
2024-01-22,60,1,Winter,0,0,0,미라시아,브런치(어린이)
2024-01-23,31,1,Winter,0,0,0,미라시아,브런치(어린이)
2024-01-24,21,1,Winter,0,0,0,미라시아,브런치(어린이)
2024-01-25,33,1,Winter,0,0,0,미라시아,브런치(어린이)
2024-01-26,15,1,Winter,0,0,0,미라시아,브런치(어린이)
2024-01-27,24,1,Winter,1,0,1,미라시아,브런치(어린이)
2024-01-28,20,1,Winter,1,0,1,미라시아,브런치(어린이)
2024-01-29,63,1,Winter,0,0,0,미라시아,브런치(어린이)
2024-01-30,32,1,Winter,0,0,0,미라시아,브런치(어린이)
2024-01-31,32,1,Winter,0,0,0,미라시아,브런치(어린이)
2024-02-01,33,2,Winter,0,0,0,미라시아,브런치(어린이)
2024-02-02,25,2,Winter,0,0,0,미라시아,브런치(어린이)
2024-02-03,37,2,Winter,1,0,1,미라시아,브런치(어린이)
2024-02-04,28,2,Winter,1,0,1,미라시아,브런치(어린이)
2024-02-05,54,2,Winter,0,0,0,미라시아,브런치(어린이)
2024-02-06,14,2,Winter,0,0,0,미라시아,브런치(어린이)
2024-02-07,12,2,Winter,0,0,0,미라시아,브런치(어린이)
2024-02-08,21,2,Winter,0,0,0,미라시아,브런치(어린이)
2024-02-09,33,2,Winter,0,1,1,미라시아,브런치(어린이)
2024-02-10,41,2,Winter,1,1,1,미라시아,브런치(어린이)
2024-02-11,37,2,Winter,1,1,1,미라시아,브런치(어린이)
2024-02-12,45,2,Winter,0,1,1,미라시아,브런치(어린이)
2024-02-13,41,2,Winter,0,0,0,미라시아,브런치(어린이)
2024-02-14,17,2,Winter,0,0,0,미라시아,브런치(어린이)
2024-02-15,35,2,Winter,0,0,0,미라시아,브런치(어린이)
2024-02-16,12,2,Winter,0,0,0,미라시아,브런치(어린이)
2024-02-17,36,2,Winter,1,0,1,미라시아,브런치(어린이)
2024-02-18,48,2,Winter,1,0,1,미라시아,브런치(어린이)
2024-02-19,57,2,Winter,0,0,0,미라시아,브런치(어린이)
2024-02-20,21,2,Winter,0,0,0,미라시아,브런치(어린이)
2024-02-21,18,2,Winter,0,0,0,미라시아,브런치(어린이)
2024-02-22,12,2,Winter,0,0,0,미라시아,브런치(어린이)
2024-02-23,25,2,Winter,0,0,0,미라시아,브런치(어린이)
2024-02-24,41,2,Winter,1,0,1,미라시아,브런치(어린이)
2024-02-25,38,2,Winter,1,0,1,미라시아,브런치(어린이)
2024-02-26,77,2,Winter,0,0,0,미라시아,브런치(어린이)
2024-02-27,52,2,Winter,0,0,0,미라시아,브런치(어린이)
2024-02-28,23,2,Winter,0,0,0,미라시아,브런치(어린이)
2024-02-29,38,2,Winter,0,0,0,미라시아,브런치(어린이)
2024-03-01,72,3,Spring,0,1,1,미라시아,브런치(어린이)
2024-03-02,48,3,Spring,1,0,1,미라시아,브런치(어린이)
2024-03-03,51,3,Spring,1,0,1,미라시아,브런치(어린이)
2024-03-04,0,3,Spring,0,0,0,미라시아,브런치(어린이)
2024-03-05,0,3,Spring,0,0,0,미라시아,브런치(어린이)
2024-03-06,0,3,Spring,0,0,0,미라시아,브런치(어린이)
2024-03-07,0,3,Spring,0,0,0,미라시아,브런치(어린이)
2024-03-08,0,3,Spring,0,0,0,미라시아,브런치(어린이)
2024-03-09,0,3,Spring,1,0,1,미라시아,브런치(어린이)
2024-03-10,0,3,Spring,1,0,1,미라시아,브런치(어린이)
2024-03-11,0,3,Spring,0,0,0,미라시아,브런치(어린이)
2024-03-12,0,3,Spring,0,0,0,미라시아,브런치(어린이)
2024-03-13,0,3,Spring,0,0,0,미라시아,브런치(어린이)
2024-03-14,1,3,Spring,0,0,0,미라시아,브런치(어린이)
2024-03-15,4,3,Spring,0,0,0,미라시아,브런치(어린이)
2024-03-16,20,3,Spring,1,0,1,미라시아,브런치(어린이)
2024-03-17,35,3,Spring,1,0,1,미라시아,브런치(어린이)
2024-03-18,4,3,Spring,0,0,0,미라시아,브런치(어린이)
2024-03-19,2,3,Spring,0,0,0,미라시아,브런치(어린이)
2024-03-20,0,3,Spring,0,0,0,미라시아,브런치(어린이)
2024-03-21,0,3,Spring,0,0,0,미라시아,브런치(어린이)
2024-03-22,2,3,Spring,0,0,0,미라시아,브런치(어린이)
2024-03-23,11,3,Spring,1,0,1,미라시아,브런치(어린이)
2024-03-24,38,3,Spring,1,0,1,미라시아,브런치(어린이)
2024-03-25,4,3,Spring,0,0,0,미라시아,브런치(어린이)
2024-03-26,1,3,Spring,0,0,0,미라시아,브런치(어린이)
2024-03-27,0,3,Spring,0,0,0,미라시아,브런치(어린이)
2024-03-28,2,3,Spring,0,0,0,미라시아,브런치(어린이)
2024-03-29,4,3,Spring,0,0,0,미라시아,브런치(어린이)
2024-03-30,15,3,Spring,1,0,1,미라시아,브런치(어린이)
2024-03-31,43,3,Spring,1,0,1,미라시아,브런치(어린이)
2024-04-01,12,4,Spring,0,0,0,미라시아,브런치(어린이)
2024-04-02,1,4,Spring,0,0,0,미라시아,브런치(어린이)
2024-04-03,2,4,Spring,0,0,0,미라시아,브런치(어린이)
2024-04-04,6,4,Spring,0,0,0,미라시아,브런치(어린이)
2024-04-05,5,4,Spring,0,0,0,미라시아,브런치(어린이)
2024-04-06,15,4,Spring,1,0,1,미라시아,브런치(어린이)
2024-04-07,39,4,Spring,1,0,1,미라시아,브런치(어린이)
2024-04-08,12,4,Spring,0,0,0,미라시아,브런치(어린이)
2024-04-09,2,4,Spring,0,0,0,미라시아,브런치(어린이)
2024-04-10,60,4,Spring,0,1,1,미라시아,브런치(어린이)
2024-04-11,38,4,Spring,0,0,0,미라시아,브런치(어린이)
2024-04-12,33,4,Spring,0,0,0,미라시아,브런치(어린이)
2024-04-13,28,4,Spring,1,0,1,미라시아,브런치(어린이)
2024-04-14,50,4,Spring,1,0,1,미라시아,브런치(어린이)
2024-04-15,11,4,Spring,0,0,0,미라시아,브런치(어린이)
2024-04-16,5,4,Spring,0,0,0,미라시아,브런치(어린이)
2024-04-17,4,4,Spring,0,0,0,미라시아,브런치(어린이)
2024-04-18,2,4,Spring,0,0,0,미라시아,브런치(어린이)
2024-04-19,8,4,Spring,0,0,0,미라시아,브런치(어린이)
2024-04-20,36,4,Spring,1,0,1,미라시아,브런치(어린이)
2024-04-21,41,4,Spring,1,0,1,미라시아,브런치(어린이)
2024-04-22,6,4,Spring,0,0,0,미라시아,브런치(어린이)
2024-04-23,0,4,Spring,0,0,0,미라시아,브런치(어린이)
2024-04-24,5,4,Spring,0,0,0,미라시아,브런치(어린이)
2024-04-25,1,4,Spring,0,0,0,미라시아,브런치(어린이)
2024-04-26,1,4,Spring,0,0,0,미라시아,브런치(어린이)
2024-04-27,29,4,Spring,1,0,1,미라시아,브런치(어린이)
2024-04-28,48,4,Spring,1,0,1,미라시아,브런치(어린이)
2024-04-29,10,4,Spring,0,0,0,미라시아,브런치(어린이)
2024-04-30,5,4,Spring,0,0,0,미라시아,브런치(어린이)
2024-05-01,38,5,Spring,0,0,0,미라시아,브런치(어린이)
2024-05-02,21,5,Spring,0,0,0,미라시아,브런치(어린이)
2024-05-03,12,5,Spring,0,0,0,미라시아,브런치(어린이)
2024-05-04,44,5,Spring,1,0,1,미라시아,브런치(어린이)
2024-05-05,65,5,Spring,1,1,1,미라시아,브런치(어린이)
2024-05-06,56,5,Spring,0,1,1,미라시아,브런치(어린이)
2024-05-07,16,5,Spring,0,0,0,미라시아,브런치(어린이)
2024-05-08,4,5,Spring,0,0,0,미라시아,브런치(어린이)
2024-05-09,2,5,Spring,0,0,0,미라시아,브런치(어린이)
2024-05-10,0,5,Spring,0,0,0,미라시아,브런치(어린이)
2024-05-11,22,5,Spring,1,0,1,미라시아,브런치(어린이)
2024-05-12,45,5,Spring,1,0,1,미라시아,브런치(어린이)
2024-05-13,8,5,Spring,0,0,0,미라시아,브런치(어린이)
2024-05-14,1,5,Spring,0,0,0,미라시아,브런치(어린이)
2024-05-15,55,5,Spring,0,1,1,미라시아,브런치(어린이)
2024-05-16,25,5,Spring,0,0,0,미라시아,브런치(어린이)
2024-05-17,12,5,Spring,0,0,0,미라시아,브런치(어린이)
2024-05-18,20,5,Spring,1,0,1,미라시아,브런치(어린이)
2024-05-19,49,5,Spring,1,0,1,미라시아,브런치(어린이)
2024-05-20,16,5,Spring,0,0,0,미라시아,브런치(어린이)
2024-05-21,10,5,Spring,0,0,0,미라시아,브런치(어린이)
2024-05-22,0,5,Spring,0,0,0,미라시아,브런치(어린이)
2024-05-23,5,5,Spring,0,0,0,미라시아,브런치(어린이)
2024-05-24,3,5,Spring,0,0,0,미라시아,브런치(어린이)
2024-05-25,21,5,Spring,1,0,1,미라시아,브런치(어린이)
2024-05-26,54,5,Spring,1,0,1,미라시아,브런치(어린이)
2024-05-27,12,5,Spring,0,0,0,미라시아,브런치(어린이)
2024-05-28,4,5,Spring,0,0,0,미라시아,브런치(어린이)
2024-05-29,4,5,Spring,0,0,0,미라시아,브런치(어린이)
2024-05-30,3,5,Spring,0,0,0,미라시아,브런치(어린이)
2024-05-31,7,5,Spring,0,0,0,미라시아,브런치(어린이)
2024-06-01,37,6,Summer,1,0,1,미라시아,브런치(어린이)
2024-06-02,43,6,Summer,1,0,1,미라시아,브런치(어린이)
2024-06-03,6,6,Summer,0,0,0,미라시아,브런치(어린이)
2024-06-04,2,6,Summer,0,0,0,미라시아,브런치(어린이)
2024-06-05,3,6,Summer,0,0,0,미라시아,브런치(어린이)
2024-06-06,52,6,Summer,0,1,1,미라시아,브런치(어린이)
2024-06-07,61,6,Summer,0,0,0,미라시아,브런치(어린이)
2024-06-08,63,6,Summer,1,0,1,미라시아,브런치(어린이)
2024-06-09,58,6,Summer,1,0,1,미라시아,브런치(어린이)
2024-06-10,14,6,Summer,0,0,0,미라시아,브런치(어린이)
2024-06-11,6,6,Summer,0,0,0,미라시아,브런치(어린이)
2024-06-12,5,6,Summer,0,0,0,미라시아,브런치(어린이)
2024-06-13,6,6,Summer,0,0,0,미라시아,브런치(어린이)
2024-06-14,5,6,Summer,0,0,0,미라시아,브런치(어린이)
2024-06-15,14,6,Summer,1,0,1,미라시아,브런치(어린이)
2023-01-01,0,1,Winter,1,1,1,미라시아,쉬림프 투움바 파스타
2023-01-02,0,1,Winter,0,0,0,미라시아,쉬림프 투움바 파스타
2023-01-03,0,1,Winter,0,0,0,미라시아,쉬림프 투움바 파스타
2023-01-04,0,1,Winter,0,0,0,미라시아,쉬림프 투움바 파스타
2023-01-05,0,1,Winter,0,0,0,미라시아,쉬림프 투움바 파스타
2023-01-06,0,1,Winter,0,0,0,미라시아,쉬림프 투움바 파스타
2023-01-07,0,1,Winter,1,0,1,미라시아,쉬림프 투움바 파스타
2023-01-08,0,1,Winter,1,0,1,미라시아,쉬림프 투움바 파스타
2023-01-09,0,1,Winter,0,0,0,미라시아,쉬림프 투움바 파스타
2023-01-10,0,1,Winter,0,0,0,미라시아,쉬림프 투움바 파스타
2023-01-11,0,1,Winter,0,0,0,미라시아,쉬림프 투움바 파스타
2023-01-12,0,1,Winter,0,0,0,미라시아,쉬림프 투움바 파스타
2023-01-13,0,1,Winter,0,0,0,미라시아,쉬림프 투움바 파스타
2023-01-14,0,1,Winter,1,0,1,미라시아,쉬림프 투움바 파스타
2023-01-15,0,1,Winter,1,0,1,미라시아,쉬림프 투움바 파스타
2023-01-16,0,1,Winter,0,0,0,미라시아,쉬림프 투움바 파스타
2023-01-17,0,1,Winter,0,0,0,미라시아,쉬림프 투움바 파스타
2023-01-18,0,1,Winter,0,0,0,미라시아,쉬림프 투움바 파스타
2023-01-19,0,1,Winter,0,0,0,미라시아,쉬림프 투움바 파스타
2023-01-20,0,1,Winter,0,0,0,미라시아,쉬림프 투움바 파스타
2023-01-21,0,1,Winter,1,1,1,미라시아,쉬림프 투움바 파스타
2023-01-22,0,1,Winter,1,1,1,미라시아,쉬림프 투움바 파스타
2023-01-23,0,1,Winter,0,1,1,미라시아,쉬림프 투움바 파스타
2023-01-24,0,1,Winter,0,1,1,미라시아,쉬림프 투움바 파스타
2023-01-25,0,1,Winter,0,0,0,미라시아,쉬림프 투움바 파스타
2023-01-26,0,1,Winter,0,0,0,미라시아,쉬림프 투움바 파스타
2023-01-27,0,1,Winter,0,0,0,미라시아,쉬림프 투움바 파스타
2023-01-28,0,1,Winter,1,0,1,미라시아,쉬림프 투움바 파스타
2023-01-29,0,1,Winter,1,0,1,미라시아,쉬림프 투움바 파스타
2023-01-30,0,1,Winter,0,0,0,미라시아,쉬림프 투움바 파스타
2023-01-31,0,1,Winter,0,0,0,미라시아,쉬림프 투움바 파스타
2023-02-01,0,2,Winter,0,0,0,미라시아,쉬림프 투움바 파스타
2023-02-02,0,2,Winter,0,0,0,미라시아,쉬림프 투움바 파스타
2023-02-03,0,2,Winter,0,0,0,미라시아,쉬림프 투움바 파스타
2023-02-04,0,2,Winter,1,0,1,미라시아,쉬림프 투움바 파스타
2023-02-05,0,2,Winter,1,0,1,미라시아,쉬림프 투움바 파스타
2023-02-06,0,2,Winter,0,0,0,미라시아,쉬림프 투움바 파스타
2023-02-07,0,2,Winter,0,0,0,미라시아,쉬림프 투움바 파스타
2023-02-08,0,2,Winter,0,0,0,미라시아,쉬림프 투움바 파스타
2023-02-09,0,2,Winter,0,0,0,미라시아,쉬림프 투움바 파스타
2023-02-10,0,2,Winter,0,0,0,미라시아,쉬림프 투움바 파스타
2023-02-11,0,2,Winter,1,0,1,미라시아,쉬림프 투움바 파스타
2023-02-12,0,2,Winter,1,0,1,미라시아,쉬림프 투움바 파스타
2023-02-13,0,2,Winter,0,0,0,미라시아,쉬림프 투움바 파스타
2023-02-14,0,2,Winter,0,0,0,미라시아,쉬림프 투움바 파스타
2023-02-15,0,2,Winter,0,0,0,미라시아,쉬림프 투움바 파스타
2023-02-16,0,2,Winter,0,0,0,미라시아,쉬림프 투움바 파스타
2023-02-17,0,2,Winter,0,0,0,미라시아,쉬림프 투움바 파스타
2023-02-18,0,2,Winter,1,0,1,미라시아,쉬림프 투움바 파스타
2023-02-19,0,2,Winter,1,0,1,미라시아,쉬림프 투움바 파스타
2023-02-20,0,2,Winter,0,0,0,미라시아,쉬림프 투움바 파스타
2023-02-21,0,2,Winter,0,0,0,미라시아,쉬림프 투움바 파스타
2023-02-22,0,2,Winter,0,0,0,미라시아,쉬림프 투움바 파스타
2023-02-23,0,2,Winter,0,0,0,미라시아,쉬림프 투움바 파스타
2023-02-24,0,2,Winter,0,0,0,미라시아,쉬림프 투움바 파스타
2023-02-25,0,2,Winter,1,0,1,미라시아,쉬림프 투움바 파스타
2023-02-26,0,2,Winter,1,0,1,미라시아,쉬림프 투움바 파스타
2023-02-27,0,2,Winter,0,0,0,미라시아,쉬림프 투움바 파스타
2023-02-28,0,2,Winter,0,0,0,미라시아,쉬림프 투움바 파스타
2023-03-01,0,3,Spring,0,1,1,미라시아,쉬림프 투움바 파스타
2023-03-02,0,3,Spring,0,0,0,미라시아,쉬림프 투움바 파스타
2023-03-03,0,3,Spring,0,0,0,미라시아,쉬림프 투움바 파스타
2023-03-04,0,3,Spring,1,0,1,미라시아,쉬림프 투움바 파스타
2023-03-05,0,3,Spring,1,0,1,미라시아,쉬림프 투움바 파스타
2023-03-06,0,3,Spring,0,0,0,미라시아,쉬림프 투움바 파스타
2023-03-07,0,3,Spring,0,0,0,미라시아,쉬림프 투움바 파스타
2023-03-08,0,3,Spring,0,0,0,미라시아,쉬림프 투움바 파스타
2023-03-09,0,3,Spring,0,0,0,미라시아,쉬림프 투움바 파스타
2023-03-10,0,3,Spring,0,0,0,미라시아,쉬림프 투움바 파스타
2023-03-11,0,3,Spring,1,0,1,미라시아,쉬림프 투움바 파스타
2023-03-12,0,3,Spring,1,0,1,미라시아,쉬림프 투움바 파스타
2023-03-13,0,3,Spring,0,0,0,미라시아,쉬림프 투움바 파스타
2023-03-14,0,3,Spring,0,0,0,미라시아,쉬림프 투움바 파스타
2023-03-15,0,3,Spring,0,0,0,미라시아,쉬림프 투움바 파스타
2023-03-16,0,3,Spring,0,0,0,미라시아,쉬림프 투움바 파스타
2023-03-17,0,3,Spring,0,0,0,미라시아,쉬림프 투움바 파스타
2023-03-18,0,3,Spring,1,0,1,미라시아,쉬림프 투움바 파스타
2023-03-19,0,3,Spring,1,0,1,미라시아,쉬림프 투움바 파스타
2023-03-20,0,3,Spring,0,0,0,미라시아,쉬림프 투움바 파스타
2023-03-21,0,3,Spring,0,0,0,미라시아,쉬림프 투움바 파스타
2023-03-22,0,3,Spring,0,0,0,미라시아,쉬림프 투움바 파스타
2023-03-23,0,3,Spring,0,0,0,미라시아,쉬림프 투움바 파스타
2023-03-24,0,3,Spring,0,0,0,미라시아,쉬림프 투움바 파스타
2023-03-25,0,3,Spring,1,0,1,미라시아,쉬림프 투움바 파스타
2023-03-26,0,3,Spring,1,0,1,미라시아,쉬림프 투움바 파스타
2023-03-27,0,3,Spring,0,0,0,미라시아,쉬림프 투움바 파스타
2023-03-28,0,3,Spring,0,0,0,미라시아,쉬림프 투움바 파스타
2023-03-29,0,3,Spring,0,0,0,미라시아,쉬림프 투움바 파스타
2023-03-30,0,3,Spring,0,0,0,미라시아,쉬림프 투움바 파스타
2023-03-31,0,3,Spring,0,0,0,미라시아,쉬림프 투움바 파스타
2023-04-01,0,4,Spring,1,0,1,미라시아,쉬림프 투움바 파스타
2023-04-02,0,4,Spring,1,0,1,미라시아,쉬림프 투움바 파스타
2023-04-03,0,4,Spring,0,0,0,미라시아,쉬림프 투움바 파스타
2023-04-04,0,4,Spring,0,0,0,미라시아,쉬림프 투움바 파스타
2023-04-05,0,4,Spring,0,0,0,미라시아,쉬림프 투움바 파스타
2023-04-06,0,4,Spring,0,0,0,미라시아,쉬림프 투움바 파스타
2023-04-07,0,4,Spring,0,0,0,미라시아,쉬림프 투움바 파스타
2023-04-08,0,4,Spring,1,0,1,미라시아,쉬림프 투움바 파스타
2023-04-09,0,4,Spring,1,0,1,미라시아,쉬림프 투움바 파스타
2023-04-10,0,4,Spring,0,0,0,미라시아,쉬림프 투움바 파스타
2023-04-11,0,4,Spring,0,0,0,미라시아,쉬림프 투움바 파스타
2023-04-12,0,4,Spring,0,0,0,미라시아,쉬림프 투움바 파스타
2023-04-13,0,4,Spring,0,0,0,미라시아,쉬림프 투움바 파스타
2023-04-14,0,4,Spring,0,0,0,미라시아,쉬림프 투움바 파스타
2023-04-15,0,4,Spring,1,0,1,미라시아,쉬림프 투움바 파스타
2023-04-16,0,4,Spring,1,0,1,미라시아,쉬림프 투움바 파스타
2023-04-17,0,4,Spring,0,0,0,미라시아,쉬림프 투움바 파스타
2023-04-18,0,4,Spring,0,0,0,미라시아,쉬림프 투움바 파스타
2023-04-19,0,4,Spring,0,0,0,미라시아,쉬림프 투움바 파스타
2023-04-20,0,4,Spring,0,0,0,미라시아,쉬림프 투움바 파스타
2023-04-21,0,4,Spring,0,0,0,미라시아,쉬림프 투움바 파스타
2023-04-22,0,4,Spring,1,0,1,미라시아,쉬림프 투움바 파스타
2023-04-23,0,4,Spring,1,0,1,미라시아,쉬림프 투움바 파스타
2023-04-24,0,4,Spring,0,0,0,미라시아,쉬림프 투움바 파스타
2023-04-25,0,4,Spring,0,0,0,미라시아,쉬림프 투움바 파스타
2023-04-26,0,4,Spring,0,0,0,미라시아,쉬림프 투움바 파스타
2023-04-27,0,4,Spring,0,0,0,미라시아,쉬림프 투움바 파스타
2023-04-28,0,4,Spring,0,0,0,미라시아,쉬림프 투움바 파스타
2023-04-29,0,4,Spring,1,0,1,미라시아,쉬림프 투움바 파스타
2023-04-30,0,4,Spring,1,0,1,미라시아,쉬림프 투움바 파스타
2023-05-01,0,5,Spring,0,0,0,미라시아,쉬림프 투움바 파스타
2023-05-02,0,5,Spring,0,0,0,미라시아,쉬림프 투움바 파스타
2023-05-03,0,5,Spring,0,0,0,미라시아,쉬림프 투움바 파스타
2023-05-04,0,5,Spring,0,0,0,미라시아,쉬림프 투움바 파스타
2023-05-05,0,5,Spring,0,1,1,미라시아,쉬림프 투움바 파스타
2023-05-06,0,5,Spring,1,0,1,미라시아,쉬림프 투움바 파스타
2023-05-07,0,5,Spring,1,0,1,미라시아,쉬림프 투움바 파스타
2023-05-08,0,5,Spring,0,0,0,미라시아,쉬림프 투움바 파스타
2023-05-09,0,5,Spring,0,0,0,미라시아,쉬림프 투움바 파스타
2023-05-10,0,5,Spring,0,0,0,미라시아,쉬림프 투움바 파스타
2023-05-11,0,5,Spring,0,0,0,미라시아,쉬림프 투움바 파스타
2023-05-12,0,5,Spring,0,0,0,미라시아,쉬림프 투움바 파스타
2023-05-13,0,5,Spring,1,0,1,미라시아,쉬림프 투움바 파스타
2023-05-14,0,5,Spring,1,0,1,미라시아,쉬림프 투움바 파스타
2023-05-15,0,5,Spring,0,0,0,미라시아,쉬림프 투움바 파스타
2023-05-16,0,5,Spring,0,0,0,미라시아,쉬림프 투움바 파스타
2023-05-17,0,5,Spring,0,0,0,미라시아,쉬림프 투움바 파스타
2023-05-18,0,5,Spring,0,0,0,미라시아,쉬림프 투움바 파스타
2023-05-19,0,5,Spring,0,0,0,미라시아,쉬림프 투움바 파스타
2023-05-20,0,5,Spring,1,0,1,미라시아,쉬림프 투움바 파스타
2023-05-21,0,5,Spring,1,0,1,미라시아,쉬림프 투움바 파스타
2023-05-22,0,5,Spring,0,0,0,미라시아,쉬림프 투움바 파스타
2023-05-23,0,5,Spring,0,0,0,미라시아,쉬림프 투움바 파스타
2023-05-24,0,5,Spring,0,0,0,미라시아,쉬림프 투움바 파스타
2023-05-25,0,5,Spring,0,0,0,미라시아,쉬림프 투움바 파스타
2023-05-26,0,5,Spring,0,0,0,미라시아,쉬림프 투움바 파스타
2023-05-27,0,5,Spring,1,1,1,미라시아,쉬림프 투움바 파스타
2023-05-28,0,5,Spring,1,0,1,미라시아,쉬림프 투움바 파스타
2023-05-29,0,5,Spring,0,1,1,미라시아,쉬림프 투움바 파스타
2023-05-30,0,5,Spring,0,0,0,미라시아,쉬림프 투움바 파스타
2023-05-31,0,5,Spring,0,0,0,미라시아,쉬림프 투움바 파스타
2023-06-01,0,6,Summer,0,0,0,미라시아,쉬림프 투움바 파스타
2023-06-02,0,6,Summer,0,0,0,미라시아,쉬림프 투움바 파스타
2023-06-03,7,6,Summer,1,0,1,미라시아,쉬림프 투움바 파스타
2023-06-04,8,6,Summer,1,0,1,미라시아,쉬림프 투움바 파스타
2023-06-05,10,6,Summer,0,0,0,미라시아,쉬림프 투움바 파스타
2023-06-06,3,6,Summer,0,1,1,미라시아,쉬림프 투움바 파스타
2023-06-07,1,6,Summer,0,0,0,미라시아,쉬림프 투움바 파스타
2023-06-08,0,6,Summer,0,0,0,미라시아,쉬림프 투움바 파스타
2023-06-09,3,6,Summer,0,0,0,미라시아,쉬림프 투움바 파스타
2023-06-10,5,6,Summer,1,0,1,미라시아,쉬림프 투움바 파스타
2023-06-11,1,6,Summer,1,0,1,미라시아,쉬림프 투움바 파스타
2023-06-12,0,6,Summer,0,0,0,미라시아,쉬림프 투움바 파스타
2023-06-13,1,6,Summer,0,0,0,미라시아,쉬림프 투움바 파스타
2023-06-14,3,6,Summer,0,0,0,미라시아,쉬림프 투움바 파스타
2023-06-15,5,6,Summer,0,0,0,미라시아,쉬림프 투움바 파스타
2023-06-16,3,6,Summer,0,0,0,미라시아,쉬림프 투움바 파스타
2023-06-17,8,6,Summer,1,0,1,미라시아,쉬림프 투움바 파스타
2023-06-18,2,6,Summer,1,0,1,미라시아,쉬림프 투움바 파스타
2023-06-19,2,6,Summer,0,0,0,미라시아,쉬림프 투움바 파스타
2023-06-20,2,6,Summer,0,0,0,미라시아,쉬림프 투움바 파스타
2023-06-21,2,6,Summer,0,0,0,미라시아,쉬림프 투움바 파스타
2023-06-22,2,6,Summer,0,0,0,미라시아,쉬림프 투움바 파스타
2023-06-23,5,6,Summer,0,0,0,미라시아,쉬림프 투움바 파스타
2023-06-24,5,6,Summer,1,0,1,미라시아,쉬림프 투움바 파스타
2023-06-25,4,6,Summer,1,0,1,미라시아,쉬림프 투움바 파스타
2023-06-26,1,6,Summer,0,0,0,미라시아,쉬림프 투움바 파스타
2023-06-27,0,6,Summer,0,0,0,미라시아,쉬림프 투움바 파스타
2023-06-28,0,6,Summer,0,0,0,미라시아,쉬림프 투움바 파스타
2023-06-29,0,6,Summer,0,0,0,미라시아,쉬림프 투움바 파스타
2023-06-30,6,6,Summer,0,0,0,미라시아,쉬림프 투움바 파스타
2023-07-01,13,7,Summer,1,0,1,미라시아,쉬림프 투움바 파스타
2023-07-02,2,7,Summer,1,0,1,미라시아,쉬림프 투움바 파스타
2023-07-03,7,7,Summer,0,0,0,미라시아,쉬림프 투움바 파스타
2023-07-04,0,7,Summer,0,0,0,미라시아,쉬림프 투움바 파스타
2023-07-05,0,7,Summer,0,0,0,미라시아,쉬림프 투움바 파스타
2023-07-06,4,7,Summer,0,0,0,미라시아,쉬림프 투움바 파스타
2023-07-07,3,7,Summer,0,0,0,미라시아,쉬림프 투움바 파스타
2023-07-08,7,7,Summer,1,0,1,미라시아,쉬림프 투움바 파스타
2023-07-09,1,7,Summer,1,0,1,미라시아,쉬림프 투움바 파스타
2023-07-10,2,7,Summer,0,0,0,미라시아,쉬림프 투움바 파스타
2023-07-11,3,7,Summer,0,0,0,미라시아,쉬림프 투움바 파스타
2023-07-12,0,7,Summer,0,0,0,미라시아,쉬림프 투움바 파스타
2023-07-13,1,7,Summer,0,0,0,미라시아,쉬림프 투움바 파스타
2023-07-14,3,7,Summer,0,0,0,미라시아,쉬림프 투움바 파스타
2023-07-15,8,7,Summer,1,0,1,미라시아,쉬림프 투움바 파스타
2023-07-16,1,7,Summer,1,0,1,미라시아,쉬림프 투움바 파스타
2023-07-17,1,7,Summer,0,0,0,미라시아,쉬림프 투움바 파스타
2023-07-18,3,7,Summer,0,0,0,미라시아,쉬림프 투움바 파스타
2023-07-19,9,7,Summer,0,0,0,미라시아,쉬림프 투움바 파스타
2023-07-20,3,7,Summer,0,0,0,미라시아,쉬림프 투움바 파스타
2023-07-21,7,7,Summer,0,0,0,미라시아,쉬림프 투움바 파스타
2023-07-22,5,7,Summer,1,0,1,미라시아,쉬림프 투움바 파스타
2023-07-23,5,7,Summer,1,0,1,미라시아,쉬림프 투움바 파스타
2023-07-24,3,7,Summer,0,0,0,미라시아,쉬림프 투움바 파스타
2023-07-25,5,7,Summer,0,0,0,미라시아,쉬림프 투움바 파스타
2023-07-26,1,7,Summer,0,0,0,미라시아,쉬림프 투움바 파스타
2023-07-27,7,7,Summer,0,0,0,미라시아,쉬림프 투움바 파스타
2023-07-28,6,7,Summer,0,0,0,미라시아,쉬림프 투움바 파스타
2023-07-29,8,7,Summer,1,0,1,미라시아,쉬림프 투움바 파스타
2023-07-30,8,7,Summer,1,0,1,미라시아,쉬림프 투움바 파스타
2023-07-31,8,7,Summer,0,0,0,미라시아,쉬림프 투움바 파스타
2023-08-01,12,8,Summer,0,0,0,미라시아,쉬림프 투움바 파스타
2023-08-02,5,8,Summer,0,0,0,미라시아,쉬림프 투움바 파스타
2023-08-03,3,8,Summer,0,0,0,미라시아,쉬림프 투움바 파스타
2023-08-04,9,8,Summer,0,0,0,미라시아,쉬림프 투움바 파스타
2023-08-05,10,8,Summer,1,0,1,미라시아,쉬림프 투움바 파스타
2023-08-06,10,8,Summer,1,0,1,미라시아,쉬림프 투움바 파스타
2023-08-07,8,8,Summer,0,0,0,미라시아,쉬림프 투움바 파스타
2023-08-08,7,8,Summer,0,0,0,미라시아,쉬림프 투움바 파스타
2023-08-09,4,8,Summer,0,0,0,미라시아,쉬림프 투움바 파스타
2023-08-10,8,8,Summer,0,0,0,미라시아,쉬림프 투움바 파스타
2023-08-11,9,8,Summer,0,0,0,미라시아,쉬림프 투움바 파스타
2023-08-12,2,8,Summer,1,0,1,미라시아,쉬림프 투움바 파스타
2023-08-13,10,8,Summer,1,0,1,미라시아,쉬림프 투움바 파스타
2023-08-14,1,8,Summer,0,0,0,미라시아,쉬림프 투움바 파스타
2023-08-15,5,8,Summer,0,1,1,미라시아,쉬림프 투움바 파스타
2023-08-16,2,8,Summer,0,0,0,미라시아,쉬림프 투움바 파스타
2023-08-17,3,8,Summer,0,0,0,미라시아,쉬림프 투움바 파스타
2023-08-18,3,8,Summer,0,0,0,미라시아,쉬림프 투움바 파스타
2023-08-19,11,8,Summer,1,0,1,미라시아,쉬림프 투움바 파스타
2023-08-20,1,8,Summer,1,0,1,미라시아,쉬림프 투움바 파스타
2023-08-21,5,8,Summer,0,0,0,미라시아,쉬림프 투움바 파스타
2023-08-22,2,8,Summer,0,0,0,미라시아,쉬림프 투움바 파스타
2023-08-23,1,8,Summer,0,0,0,미라시아,쉬림프 투움바 파스타
2023-08-24,3,8,Summer,0,0,0,미라시아,쉬림프 투움바 파스타
2023-08-25,1,8,Summer,0,0,0,미라시아,쉬림프 투움바 파스타
2023-08-26,10,8,Summer,1,0,1,미라시아,쉬림프 투움바 파스타
2023-08-27,5,8,Summer,1,0,1,미라시아,쉬림프 투움바 파스타
2023-08-28,2,8,Summer,0,0,0,미라시아,쉬림프 투움바 파스타
2023-08-29,5,8,Summer,0,0,0,미라시아,쉬림프 투움바 파스타
2023-08-30,1,8,Summer,0,0,0,미라시아,쉬림프 투움바 파스타
2023-08-31,2,8,Summer,0,0,0,미라시아,쉬림프 투움바 파스타
2023-09-01,6,9,Autumn,0,0,0,미라시아,쉬림프 투움바 파스타
2023-09-02,11,9,Autumn,1,0,1,미라시아,쉬림프 투움바 파스타
2023-09-03,2,9,Autumn,1,0,1,미라시아,쉬림프 투움바 파스타
2023-09-04,1,9,Autumn,0,0,0,미라시아,쉬림프 투움바 파스타
2023-09-05,1,9,Autumn,0,0,0,미라시아,쉬림프 투움바 파스타
2023-09-06,0,9,Autumn,0,0,0,미라시아,쉬림프 투움바 파스타
2023-09-07,3,9,Autumn,0,0,0,미라시아,쉬림프 투움바 파스타
2023-09-08,4,9,Autumn,0,0,0,미라시아,쉬림프 투움바 파스타
2023-09-09,7,9,Autumn,1,0,1,미라시아,쉬림프 투움바 파스타
2023-09-10,2,9,Autumn,1,0,1,미라시아,쉬림프 투움바 파스타
2023-09-11,2,9,Autumn,0,0,0,미라시아,쉬림프 투움바 파스타
2023-09-12,0,9,Autumn,0,0,0,미라시아,쉬림프 투움바 파스타
2023-09-13,2,9,Autumn,0,0,0,미라시아,쉬림프 투움바 파스타
2023-09-14,1,9,Autumn,0,0,0,미라시아,쉬림프 투움바 파스타
2023-09-15,13,9,Autumn,0,0,0,미라시아,쉬림프 투움바 파스타
2023-09-16,5,9,Autumn,1,0,1,미라시아,쉬림프 투움바 파스타
2023-09-17,5,9,Autumn,1,0,1,미라시아,쉬림프 투움바 파스타
2023-09-18,3,9,Autumn,0,0,0,미라시아,쉬림프 투움바 파스타
2023-09-19,1,9,Autumn,0,0,0,미라시아,쉬림프 투움바 파스타
2023-09-20,1,9,Autumn,0,0,0,미라시아,쉬림프 투움바 파스타
2023-09-21,0,9,Autumn,0,0,0,미라시아,쉬림프 투움바 파스타
2023-09-22,3,9,Autumn,0,0,0,미라시아,쉬림프 투움바 파스타
2023-09-23,4,9,Autumn,1,0,1,미라시아,쉬림프 투움바 파스타
2023-09-24,3,9,Autumn,1,0,1,미라시아,쉬림프 투움바 파스타
2023-09-25,0,9,Autumn,0,0,0,미라시아,쉬림프 투움바 파스타
2023-09-26,0,9,Autumn,0,0,0,미라시아,쉬림프 투움바 파스타
2023-09-27,3,9,Autumn,0,0,0,미라시아,쉬림프 투움바 파스타
2023-09-28,11,9,Autumn,0,1,1,미라시아,쉬림프 투움바 파스타
2023-09-29,13,9,Autumn,0,1,1,미라시아,쉬림프 투움바 파스타
2023-09-30,11,9,Autumn,1,1,1,미라시아,쉬림프 투움바 파스타
2023-10-01,2,10,Autumn,1,0,1,미라시아,쉬림프 투움바 파스타
2023-10-02,6,10,Autumn,0,1,1,미라시아,쉬림프 투움바 파스타
2023-10-03,2,10,Autumn,0,1,1,미라시아,쉬림프 투움바 파스타
2023-10-04,1,10,Autumn,0,0,0,미라시아,쉬림프 투움바 파스타
2023-10-05,1,10,Autumn,0,0,0,미라시아,쉬림프 투움바 파스타
2023-10-06,0,10,Autumn,0,0,0,미라시아,쉬림프 투움바 파스타
2023-10-07,6,10,Autumn,1,0,1,미라시아,쉬림프 투움바 파스타
2023-10-08,7,10,Autumn,1,0,1,미라시아,쉬림프 투움바 파스타
2023-10-09,6,10,Autumn,0,1,1,미라시아,쉬림프 투움바 파스타
2023-10-10,6,10,Autumn,0,0,0,미라시아,쉬림프 투움바 파스타
2023-10-11,2,10,Autumn,0,0,0,미라시아,쉬림프 투움바 파스타
2023-10-12,2,10,Autumn,0,0,0,미라시아,쉬림프 투움바 파스타
2023-10-13,5,10,Autumn,0,0,0,미라시아,쉬림프 투움바 파스타
2023-10-14,5,10,Autumn,1,0,1,미라시아,쉬림프 투움바 파스타
2023-10-15,4,10,Autumn,1,0,1,미라시아,쉬림프 투움바 파스타
2023-10-16,0,10,Autumn,0,0,0,미라시아,쉬림프 투움바 파스타
2023-10-17,5,10,Autumn,0,0,0,미라시아,쉬림프 투움바 파스타
2023-10-18,3,10,Autumn,0,0,0,미라시아,쉬림프 투움바 파스타
2023-10-19,2,10,Autumn,0,0,0,미라시아,쉬림프 투움바 파스타
2023-10-20,5,10,Autumn,0,0,0,미라시아,쉬림프 투움바 파스타
2023-10-21,8,10,Autumn,1,0,1,미라시아,쉬림프 투움바 파스타
2023-10-22,5,10,Autumn,1,0,1,미라시아,쉬림프 투움바 파스타
2023-10-23,2,10,Autumn,0,0,0,미라시아,쉬림프 투움바 파스타
2023-10-24,6,10,Autumn,0,0,0,미라시아,쉬림프 투움바 파스타
2023-10-25,3,10,Autumn,0,0,0,미라시아,쉬림프 투움바 파스타
2023-10-26,3,10,Autumn,0,0,0,미라시아,쉬림프 투움바 파스타
2023-10-27,2,10,Autumn,0,0,0,미라시아,쉬림프 투움바 파스타
2023-10-28,14,10,Autumn,1,0,1,미라시아,쉬림프 투움바 파스타
2023-10-29,6,10,Autumn,1,0,1,미라시아,쉬림프 투움바 파스타
2023-10-30,4,10,Autumn,0,0,0,미라시아,쉬림프 투움바 파스타
2023-10-31,3,10,Autumn,0,0,0,미라시아,쉬림프 투움바 파스타
2023-11-01,2,11,Autumn,0,0,0,미라시아,쉬림프 투움바 파스타
2023-11-02,5,11,Autumn,0,0,0,미라시아,쉬림프 투움바 파스타
2023-11-03,12,11,Autumn,0,0,0,미라시아,쉬림프 투움바 파스타
2023-11-04,5,11,Autumn,1,0,1,미라시아,쉬림프 투움바 파스타
2023-11-05,6,11,Autumn,1,0,1,미라시아,쉬림프 투움바 파스타
2023-11-06,5,11,Autumn,0,0,0,미라시아,쉬림프 투움바 파스타
2023-11-07,6,11,Autumn,0,0,0,미라시아,쉬림프 투움바 파스타
2023-11-08,1,11,Autumn,0,0,0,미라시아,쉬림프 투움바 파스타
2023-11-09,2,11,Autumn,0,0,0,미라시아,쉬림프 투움바 파스타
2023-11-10,3,11,Autumn,0,0,0,미라시아,쉬림프 투움바 파스타
2023-11-11,6,11,Autumn,1,0,1,미라시아,쉬림프 투움바 파스타
2023-11-12,5,11,Autumn,1,0,1,미라시아,쉬림프 투움바 파스타
2023-11-13,2,11,Autumn,0,0,0,미라시아,쉬림프 투움바 파스타
2023-11-14,7,11,Autumn,0,0,0,미라시아,쉬림프 투움바 파스타
2023-11-15,3,11,Autumn,0,0,0,미라시아,쉬림프 투움바 파스타
2023-11-16,4,11,Autumn,0,0,0,미라시아,쉬림프 투움바 파스타
2023-11-17,0,11,Autumn,0,0,0,미라시아,쉬림프 투움바 파스타
2023-11-18,0,11,Autumn,1,0,1,미라시아,쉬림프 투움바 파스타
2023-11-19,0,11,Autumn,1,0,1,미라시아,쉬림프 투움바 파스타
2023-11-20,0,11,Autumn,0,0,0,미라시아,쉬림프 투움바 파스타
2023-11-21,0,11,Autumn,0,0,0,미라시아,쉬림프 투움바 파스타
2023-11-22,0,11,Autumn,0,0,0,미라시아,쉬림프 투움바 파스타
2023-11-23,0,11,Autumn,0,0,0,미라시아,쉬림프 투움바 파스타
2023-11-24,0,11,Autumn,0,0,0,미라시아,쉬림프 투움바 파스타
2023-11-25,0,11,Autumn,1,0,1,미라시아,쉬림프 투움바 파스타
2023-11-26,0,11,Autumn,1,0,1,미라시아,쉬림프 투움바 파스타
2023-11-27,3,11,Autumn,0,0,0,미라시아,쉬림프 투움바 파스타
2023-11-28,0,11,Autumn,0,0,0,미라시아,쉬림프 투움바 파스타
2023-11-29,1,11,Autumn,0,0,0,미라시아,쉬림프 투움바 파스타
2023-11-30,1,11,Autumn,0,0,0,미라시아,쉬림프 투움바 파스타
2023-12-01,2,12,Winter,0,0,0,미라시아,쉬림프 투움바 파스타
2023-12-02,8,12,Winter,1,0,1,미라시아,쉬림프 투움바 파스타
2023-12-03,0,12,Winter,1,0,1,미라시아,쉬림프 투움바 파스타
2023-12-04,2,12,Winter,0,0,0,미라시아,쉬림프 투움바 파스타
2023-12-05,0,12,Winter,0,0,0,미라시아,쉬림프 투움바 파스타
2023-12-06,1,12,Winter,0,0,0,미라시아,쉬림프 투움바 파스타
2023-12-07,1,12,Winter,0,0,0,미라시아,쉬림프 투움바 파스타
2023-12-08,0,12,Winter,0,0,0,미라시아,쉬림프 투움바 파스타
2023-12-09,11,12,Winter,1,0,1,미라시아,쉬림프 투움바 파스타
2023-12-10,2,12,Winter,1,0,1,미라시아,쉬림프 투움바 파스타
2023-12-11,4,12,Winter,0,0,0,미라시아,쉬림프 투움바 파스타
2023-12-12,5,12,Winter,0,0,0,미라시아,쉬림프 투움바 파스타
2023-12-13,1,12,Winter,0,0,0,미라시아,쉬림프 투움바 파스타
2023-12-14,3,12,Winter,0,0,0,미라시아,쉬림프 투움바 파스타
2023-12-15,4,12,Winter,0,0,0,미라시아,쉬림프 투움바 파스타
2023-12-16,3,12,Winter,1,0,1,미라시아,쉬림프 투움바 파스타
2023-12-17,7,12,Winter,1,0,1,미라시아,쉬림프 투움바 파스타
2023-12-18,8,12,Winter,0,0,0,미라시아,쉬림프 투움바 파스타
2023-12-19,1,12,Winter,0,0,0,미라시아,쉬림프 투움바 파스타
2023-12-20,5,12,Winter,0,0,0,미라시아,쉬림프 투움바 파스타
2023-12-21,4,12,Winter,0,0,0,미라시아,쉬림프 투움바 파스타
2023-12-22,8,12,Winter,0,0,0,미라시아,쉬림프 투움바 파스타
2023-12-23,7,12,Winter,1,0,1,미라시아,쉬림프 투움바 파스타
2023-12-24,5,12,Winter,1,0,1,미라시아,쉬림프 투움바 파스타
2023-12-25,16,12,Winter,0,1,1,미라시아,쉬림프 투움바 파스타
2023-12-26,9,12,Winter,0,0,0,미라시아,쉬림프 투움바 파스타
2023-12-27,1,12,Winter,0,0,0,미라시아,쉬림프 투움바 파스타
2023-12-28,6,12,Winter,0,0,0,미라시아,쉬림프 투움바 파스타
2023-12-29,4,12,Winter,0,0,0,미라시아,쉬림프 투움바 파스타
2023-12-30,11,12,Winter,1,0,1,미라시아,쉬림프 투움바 파스타
2023-12-31,14,12,Winter,1,0,1,미라시아,쉬림프 투움바 파스타
2024-01-01,10,1,Winter,0,1,1,미라시아,쉬림프 투움바 파스타
2024-01-02,6,1,Winter,0,0,0,미라시아,쉬림프 투움바 파스타
2024-01-03,2,1,Winter,0,0,0,미라시아,쉬림프 투움바 파스타
2024-01-04,1,1,Winter,0,0,0,미라시아,쉬림프 투움바 파스타
2024-01-05,8,1,Winter,0,0,0,미라시아,쉬림프 투움바 파스타
2024-01-06,11,1,Winter,1,0,1,미라시아,쉬림프 투움바 파스타
2024-01-07,3,1,Winter,1,0,1,미라시아,쉬림프 투움바 파스타
2024-01-08,3,1,Winter,0,0,0,미라시아,쉬림프 투움바 파스타
2024-01-09,2,1,Winter,0,0,0,미라시아,쉬림프 투움바 파스타
2024-01-10,2,1,Winter,0,0,0,미라시아,쉬림프 투움바 파스타
2024-01-11,2,1,Winter,0,0,0,미라시아,쉬림프 투움바 파스타
2024-01-12,11,1,Winter,0,0,0,미라시아,쉬림프 투움바 파스타
2024-01-13,11,1,Winter,1,0,1,미라시아,쉬림프 투움바 파스타
2024-01-14,3,1,Winter,1,0,1,미라시아,쉬림프 투움바 파스타
2024-01-15,5,1,Winter,0,0,0,미라시아,쉬림프 투움바 파스타
2024-01-16,3,1,Winter,0,0,0,미라시아,쉬림프 투움바 파스타
2024-01-17,7,1,Winter,0,0,0,미라시아,쉬림프 투움바 파스타
2024-01-18,9,1,Winter,0,0,0,미라시아,쉬림프 투움바 파스타
2024-01-19,3,1,Winter,0,0,0,미라시아,쉬림프 투움바 파스타
2024-01-20,8,1,Winter,1,0,1,미라시아,쉬림프 투움바 파스타
2024-01-21,4,1,Winter,1,0,1,미라시아,쉬림프 투움바 파스타
2024-01-22,4,1,Winter,0,0,0,미라시아,쉬림프 투움바 파스타
2024-01-23,4,1,Winter,0,0,0,미라시아,쉬림프 투움바 파스타
2024-01-24,3,1,Winter,0,0,0,미라시아,쉬림프 투움바 파스타
2024-01-25,4,1,Winter,0,0,0,미라시아,쉬림프 투움바 파스타
2024-01-26,1,1,Winter,0,0,0,미라시아,쉬림프 투움바 파스타
2024-01-27,9,1,Winter,1,0,1,미라시아,쉬림프 투움바 파스타
2024-01-28,4,1,Winter,1,0,1,미라시아,쉬림프 투움바 파스타
2024-01-29,2,1,Winter,0,0,0,미라시아,쉬림프 투움바 파스타
2024-01-30,3,1,Winter,0,0,0,미라시아,쉬림프 투움바 파스타
2024-01-31,2,1,Winter,0,0,0,미라시아,쉬림프 투움바 파스타
2024-02-01,0,2,Winter,0,0,0,미라시아,쉬림프 투움바 파스타
2024-02-02,2,2,Winter,0,0,0,미라시아,쉬림프 투움바 파스타
2024-02-03,2,2,Winter,1,0,1,미라시아,쉬림프 투움바 파스타
2024-02-04,9,2,Winter,1,0,1,미라시아,쉬림프 투움바 파스타
2024-02-05,3,2,Winter,0,0,0,미라시아,쉬림프 투움바 파스타
2024-02-06,3,2,Winter,0,0,0,미라시아,쉬림프 투움바 파스타
2024-02-07,3,2,Winter,0,0,0,미라시아,쉬림프 투움바 파스타
2024-02-08,5,2,Winter,0,0,0,미라시아,쉬림프 투움바 파스타
2024-02-09,4,2,Winter,0,1,1,미라시아,쉬림프 투움바 파스타
2024-02-10,10,2,Winter,1,1,1,미라시아,쉬림프 투움바 파스타
2024-02-11,9,2,Winter,1,1,1,미라시아,쉬림프 투움바 파스타
2024-02-12,3,2,Winter,0,1,1,미라시아,쉬림프 투움바 파스타
2024-02-13,1,2,Winter,0,0,0,미라시아,쉬림프 투움바 파스타
2024-02-14,1,2,Winter,0,0,0,미라시아,쉬림프 투움바 파스타
2024-02-15,1,2,Winter,0,0,0,미라시아,쉬림프 투움바 파스타
2024-02-16,3,2,Winter,0,0,0,미라시아,쉬림프 투움바 파스타
2024-02-17,3,2,Winter,1,0,1,미라시아,쉬림프 투움바 파스타
2024-02-18,9,2,Winter,1,0,1,미라시아,쉬림프 투움바 파스타
2024-02-19,5,2,Winter,0,0,0,미라시아,쉬림프 투움바 파스타
2024-02-20,1,2,Winter,0,0,0,미라시아,쉬림프 투움바 파스타
2024-02-21,1,2,Winter,0,0,0,미라시아,쉬림프 투움바 파스타
2024-02-22,6,2,Winter,0,0,0,미라시아,쉬림프 투움바 파스타
2024-02-23,3,2,Winter,0,0,0,미라시아,쉬림프 투움바 파스타
2024-02-24,2,2,Winter,1,0,1,미라시아,쉬림프 투움바 파스타
2024-02-25,7,2,Winter,1,0,1,미라시아,쉬림프 투움바 파스타
2024-02-26,3,2,Winter,0,0,0,미라시아,쉬림프 투움바 파스타
2024-02-27,4,2,Winter,0,0,0,미라시아,쉬림프 투움바 파스타
2024-02-28,2,2,Winter,0,0,0,미라시아,쉬림프 투움바 파스타
2024-02-29,3,2,Winter,0,0,0,미라시아,쉬림프 투움바 파스타
2024-03-01,10,3,Spring,0,1,1,미라시아,쉬림프 투움바 파스타
2024-03-02,7,3,Spring,1,0,1,미라시아,쉬림프 투움바 파스타
2024-03-03,0,3,Spring,1,0,1,미라시아,쉬림프 투움바 파스타
2024-03-04,0,3,Spring,0,0,0,미라시아,쉬림프 투움바 파스타
2024-03-05,0,3,Spring,0,0,0,미라시아,쉬림프 투움바 파스타
2024-03-06,0,3,Spring,0,0,0,미라시아,쉬림프 투움바 파스타
2024-03-07,0,3,Spring,0,0,0,미라시아,쉬림프 투움바 파스타
2024-03-08,0,3,Spring,0,0,0,미라시아,쉬림프 투움바 파스타
2024-03-09,0,3,Spring,1,0,1,미라시아,쉬림프 투움바 파스타
2024-03-10,0,3,Spring,1,0,1,미라시아,쉬림프 투움바 파스타
2024-03-11,0,3,Spring,0,0,0,미라시아,쉬림프 투움바 파스타
2024-03-12,0,3,Spring,0,0,0,미라시아,쉬림프 투움바 파스타
2024-03-13,0,3,Spring,0,0,0,미라시아,쉬림프 투움바 파스타
2024-03-14,0,3,Spring,0,0,0,미라시아,쉬림프 투움바 파스타
2024-03-15,0,3,Spring,0,0,0,미라시아,쉬림프 투움바 파스타
2024-03-16,5,3,Spring,1,0,1,미라시아,쉬림프 투움바 파스타
2024-03-17,0,3,Spring,1,0,1,미라시아,쉬림프 투움바 파스타
2024-03-18,1,3,Spring,0,0,0,미라시아,쉬림프 투움바 파스타
2024-03-19,0,3,Spring,0,0,0,미라시아,쉬림프 투움바 파스타
2024-03-20,1,3,Spring,0,0,0,미라시아,쉬림프 투움바 파스타
2024-03-21,0,3,Spring,0,0,0,미라시아,쉬림프 투움바 파스타
2024-03-22,2,3,Spring,0,0,0,미라시아,쉬림프 투움바 파스타
2024-03-23,7,3,Spring,1,0,1,미라시아,쉬림프 투움바 파스타
2024-03-24,0,3,Spring,1,0,1,미라시아,쉬림프 투움바 파스타
2024-03-25,0,3,Spring,0,0,0,미라시아,쉬림프 투움바 파스타
2024-03-26,0,3,Spring,0,0,0,미라시아,쉬림프 투움바 파스타
2024-03-27,1,3,Spring,0,0,0,미라시아,쉬림프 투움바 파스타
2024-03-28,2,3,Spring,0,0,0,미라시아,쉬림프 투움바 파스타
2024-03-29,4,3,Spring,0,0,0,미라시아,쉬림프 투움바 파스타
2024-03-30,5,3,Spring,1,0,1,미라시아,쉬림프 투움바 파스타
2024-03-31,0,3,Spring,1,0,1,미라시아,쉬림프 투움바 파스타
2024-04-01,0,4,Spring,0,0,0,미라시아,쉬림프 투움바 파스타
2024-04-02,1,4,Spring,0,0,0,미라시아,쉬림프 투움바 파스타
2024-04-03,1,4,Spring,0,0,0,미라시아,쉬림프 투움바 파스타
2024-04-04,3,4,Spring,0,0,0,미라시아,쉬림프 투움바 파스타
2024-04-05,5,4,Spring,0,0,0,미라시아,쉬림프 투움바 파스타
2024-04-06,11,4,Spring,1,0,1,미라시아,쉬림프 투움바 파스타
2024-04-07,0,4,Spring,1,0,1,미라시아,쉬림프 투움바 파스타
2024-04-08,1,4,Spring,0,0,0,미라시아,쉬림프 투움바 파스타
2024-04-09,5,4,Spring,0,0,0,미라시아,쉬림프 투움바 파스타
2024-04-10,9,4,Spring,0,1,1,미라시아,쉬림프 투움바 파스타
2024-04-11,5,4,Spring,0,0,0,미라시아,쉬림프 투움바 파스타
2024-04-12,2,4,Spring,0,0,0,미라시아,쉬림프 투움바 파스타
2024-04-13,3,4,Spring,1,0,1,미라시아,쉬림프 투움바 파스타
2024-04-14,3,4,Spring,1,0,1,미라시아,쉬림프 투움바 파스타
2024-04-15,4,4,Spring,0,0,0,미라시아,쉬림프 투움바 파스타
2024-04-16,1,4,Spring,0,0,0,미라시아,쉬림프 투움바 파스타
2024-04-17,1,4,Spring,0,0,0,미라시아,쉬림프 투움바 파스타
2024-04-18,1,4,Spring,0,0,0,미라시아,쉬림프 투움바 파스타
2024-04-19,3,4,Spring,0,0,0,미라시아,쉬림프 투움바 파스타
2024-04-20,7,4,Spring,1,0,1,미라시아,쉬림프 투움바 파스타
2024-04-21,4,4,Spring,1,0,1,미라시아,쉬림프 투움바 파스타
2024-04-22,2,4,Spring,0,0,0,미라시아,쉬림프 투움바 파스타
2024-04-23,0,4,Spring,0,0,0,미라시아,쉬림프 투움바 파스타
2024-04-24,0,4,Spring,0,0,0,미라시아,쉬림프 투움바 파스타
2024-04-25,1,4,Spring,0,0,0,미라시아,쉬림프 투움바 파스타
2024-04-26,5,4,Spring,0,0,0,미라시아,쉬림프 투움바 파스타
2024-04-27,5,4,Spring,1,0,1,미라시아,쉬림프 투움바 파스타
2024-04-28,4,4,Spring,1,0,1,미라시아,쉬림프 투움바 파스타
2024-04-29,0,4,Spring,0,0,0,미라시아,쉬림프 투움바 파스타
2024-04-30,2,4,Spring,0,0,0,미라시아,쉬림프 투움바 파스타
2024-05-01,2,5,Spring,0,0,0,미라시아,쉬림프 투움바 파스타
2024-05-02,2,5,Spring,0,0,0,미라시아,쉬림프 투움바 파스타
2024-05-03,1,5,Spring,0,0,0,미라시아,쉬림프 투움바 파스타
2024-05-04,7,5,Spring,1,0,1,미라시아,쉬림프 투움바 파스타
2024-05-05,7,5,Spring,1,1,1,미라시아,쉬림프 투움바 파스타
2024-05-06,2,5,Spring,0,1,1,미라시아,쉬림프 투움바 파스타
2024-05-07,2,5,Spring,0,0,0,미라시아,쉬림프 투움바 파스타
2024-05-08,2,5,Spring,0,0,0,미라시아,쉬림프 투움바 파스타
2024-05-09,2,5,Spring,0,0,0,미라시아,쉬림프 투움바 파스타
2024-05-10,3,5,Spring,0,0,0,미라시아,쉬림프 투움바 파스타
2024-05-11,7,5,Spring,1,0,1,미라시아,쉬림프 투움바 파스타
2024-05-12,1,5,Spring,1,0,1,미라시아,쉬림프 투움바 파스타
2024-05-13,3,5,Spring,0,0,0,미라시아,쉬림프 투움바 파스타
2024-05-14,4,5,Spring,0,0,0,미라시아,쉬림프 투움바 파스타
2024-05-15,0,5,Spring,0,1,1,미라시아,쉬림프 투움바 파스타
2024-05-16,0,5,Spring,0,0,0,미라시아,쉬림프 투움바 파스타
2024-05-17,1,5,Spring,0,0,0,미라시아,쉬림프 투움바 파스타
2024-05-18,9,5,Spring,1,0,1,미라시아,쉬림프 투움바 파스타
2024-05-19,0,5,Spring,1,0,1,미라시아,쉬림프 투움바 파스타
2024-05-20,0,5,Spring,0,0,0,미라시아,쉬림프 투움바 파스타
2024-05-21,0,5,Spring,0,0,0,미라시아,쉬림프 투움바 파스타
2024-05-22,3,5,Spring,0,0,0,미라시아,쉬림프 투움바 파스타
2024-05-23,0,5,Spring,0,0,0,미라시아,쉬림프 투움바 파스타
2024-05-24,6,5,Spring,0,0,0,미라시아,쉬림프 투움바 파스타
2024-05-25,4,5,Spring,1,0,1,미라시아,쉬림프 투움바 파스타
2024-05-26,1,5,Spring,1,0,1,미라시아,쉬림프 투움바 파스타
2024-05-27,0,5,Spring,0,0,0,미라시아,쉬림프 투움바 파스타
2024-05-28,0,5,Spring,0,0,0,미라시아,쉬림프 투움바 파스타
2024-05-29,3,5,Spring,0,0,0,미라시아,쉬림프 투움바 파스타
2024-05-30,2,5,Spring,0,0,0,미라시아,쉬림프 투움바 파스타
2024-05-31,0,5,Spring,0,0,0,미라시아,쉬림프 투움바 파스타
2024-06-01,9,6,Summer,1,0,1,미라시아,쉬림프 투움바 파스타
2024-06-02,1,6,Summer,1,0,1,미라시아,쉬림프 투움바 파스타
2024-06-03,1,6,Summer,0,0,0,미라시아,쉬림프 투움바 파스타
2024-06-04,2,6,Summer,0,0,0,미라시아,쉬림프 투움바 파스타
2024-06-05,8,6,Summer,0,0,0,미라시아,쉬림프 투움바 파스타
2024-06-06,11,6,Summer,0,1,1,미라시아,쉬림프 투움바 파스타
2024-06-07,0,6,Summer,0,0,0,미라시아,쉬림프 투움바 파스타
2024-06-08,5,6,Summer,1,0,1,미라시아,쉬림프 투움바 파스타
2024-06-09,2,6,Summer,1,0,1,미라시아,쉬림프 투움바 파스타
2024-06-10,3,6,Summer,0,0,0,미라시아,쉬림프 투움바 파스타
2024-06-11,2,6,Summer,0,0,0,미라시아,쉬림프 투움바 파스타
2024-06-12,0,6,Summer,0,0,0,미라시아,쉬림프 투움바 파스타
2024-06-13,0,6,Summer,0,0,0,미라시아,쉬림프 투움바 파스타
2024-06-14,1,6,Summer,0,0,0,미라시아,쉬림프 투움바 파스타
2024-06-15,2,6,Summer,1,0,1,미라시아,쉬림프 투움바 파스타
2023-01-01,0,1,Winter,1,1,1,미라시아,스텔라(무제한)
2023-01-02,0,1,Winter,0,0,0,미라시아,스텔라(무제한)
2023-01-03,0,1,Winter,0,0,0,미라시아,스텔라(무제한)
2023-01-04,0,1,Winter,0,0,0,미라시아,스텔라(무제한)
2023-01-05,0,1,Winter,0,0,0,미라시아,스텔라(무제한)
2023-01-06,0,1,Winter,0,0,0,미라시아,스텔라(무제한)
2023-01-07,0,1,Winter,1,0,1,미라시아,스텔라(무제한)
2023-01-08,0,1,Winter,1,0,1,미라시아,스텔라(무제한)
2023-01-09,0,1,Winter,0,0,0,미라시아,스텔라(무제한)
2023-01-10,0,1,Winter,0,0,0,미라시아,스텔라(무제한)
2023-01-11,0,1,Winter,0,0,0,미라시아,스텔라(무제한)
2023-01-12,0,1,Winter,0,0,0,미라시아,스텔라(무제한)
2023-01-13,0,1,Winter,0,0,0,미라시아,스텔라(무제한)
2023-01-14,0,1,Winter,1,0,1,미라시아,스텔라(무제한)
2023-01-15,0,1,Winter,1,0,1,미라시아,스텔라(무제한)
2023-01-16,0,1,Winter,0,0,0,미라시아,스텔라(무제한)
2023-01-17,0,1,Winter,0,0,0,미라시아,스텔라(무제한)
2023-01-18,0,1,Winter,0,0,0,미라시아,스텔라(무제한)
2023-01-19,0,1,Winter,0,0,0,미라시아,스텔라(무제한)
2023-01-20,0,1,Winter,0,0,0,미라시아,스텔라(무제한)
2023-01-21,0,1,Winter,1,1,1,미라시아,스텔라(무제한)
2023-01-22,0,1,Winter,1,1,1,미라시아,스텔라(무제한)
2023-01-23,0,1,Winter,0,1,1,미라시아,스텔라(무제한)
2023-01-24,0,1,Winter,0,1,1,미라시아,스텔라(무제한)
2023-01-25,0,1,Winter,0,0,0,미라시아,스텔라(무제한)
2023-01-26,0,1,Winter,0,0,0,미라시아,스텔라(무제한)
2023-01-27,0,1,Winter,0,0,0,미라시아,스텔라(무제한)
2023-01-28,0,1,Winter,1,0,1,미라시아,스텔라(무제한)
2023-01-29,0,1,Winter,1,0,1,미라시아,스텔라(무제한)
2023-01-30,0,1,Winter,0,0,0,미라시아,스텔라(무제한)
2023-01-31,0,1,Winter,0,0,0,미라시아,스텔라(무제한)
2023-02-01,0,2,Winter,0,0,0,미라시아,스텔라(무제한)
2023-02-02,0,2,Winter,0,0,0,미라시아,스텔라(무제한)
2023-02-03,0,2,Winter,0,0,0,미라시아,스텔라(무제한)
2023-02-04,0,2,Winter,1,0,1,미라시아,스텔라(무제한)
2023-02-05,0,2,Winter,1,0,1,미라시아,스텔라(무제한)
2023-02-06,0,2,Winter,0,0,0,미라시아,스텔라(무제한)
2023-02-07,0,2,Winter,0,0,0,미라시아,스텔라(무제한)
2023-02-08,0,2,Winter,0,0,0,미라시아,스텔라(무제한)
2023-02-09,0,2,Winter,0,0,0,미라시아,스텔라(무제한)
2023-02-10,0,2,Winter,0,0,0,미라시아,스텔라(무제한)
2023-02-11,0,2,Winter,1,0,1,미라시아,스텔라(무제한)
2023-02-12,0,2,Winter,1,0,1,미라시아,스텔라(무제한)
2023-02-13,0,2,Winter,0,0,0,미라시아,스텔라(무제한)
2023-02-14,0,2,Winter,0,0,0,미라시아,스텔라(무제한)
2023-02-15,0,2,Winter,0,0,0,미라시아,스텔라(무제한)
2023-02-16,0,2,Winter,0,0,0,미라시아,스텔라(무제한)
2023-02-17,0,2,Winter,0,0,0,미라시아,스텔라(무제한)
2023-02-18,0,2,Winter,1,0,1,미라시아,스텔라(무제한)
2023-02-19,0,2,Winter,1,0,1,미라시아,스텔라(무제한)
2023-02-20,0,2,Winter,0,0,0,미라시아,스텔라(무제한)
2023-02-21,0,2,Winter,0,0,0,미라시아,스텔라(무제한)
2023-02-22,0,2,Winter,0,0,0,미라시아,스텔라(무제한)
2023-02-23,0,2,Winter,0,0,0,미라시아,스텔라(무제한)
2023-02-24,0,2,Winter,0,0,0,미라시아,스텔라(무제한)
2023-02-25,0,2,Winter,1,0,1,미라시아,스텔라(무제한)
2023-02-26,0,2,Winter,1,0,1,미라시아,스텔라(무제한)
2023-02-27,0,2,Winter,0,0,0,미라시아,스텔라(무제한)
2023-02-28,0,2,Winter,0,0,0,미라시아,스텔라(무제한)
2023-03-01,0,3,Spring,0,1,1,미라시아,스텔라(무제한)
2023-03-02,0,3,Spring,0,0,0,미라시아,스텔라(무제한)
2023-03-03,0,3,Spring,0,0,0,미라시아,스텔라(무제한)
2023-03-04,0,3,Spring,1,0,1,미라시아,스텔라(무제한)
2023-03-05,0,3,Spring,1,0,1,미라시아,스텔라(무제한)
2023-03-06,0,3,Spring,0,0,0,미라시아,스텔라(무제한)
2023-03-07,0,3,Spring,0,0,0,미라시아,스텔라(무제한)
2023-03-08,0,3,Spring,0,0,0,미라시아,스텔라(무제한)
2023-03-09,0,3,Spring,0,0,0,미라시아,스텔라(무제한)
2023-03-10,0,3,Spring,0,0,0,미라시아,스텔라(무제한)
2023-03-11,0,3,Spring,1,0,1,미라시아,스텔라(무제한)
2023-03-12,0,3,Spring,1,0,1,미라시아,스텔라(무제한)
2023-03-13,0,3,Spring,0,0,0,미라시아,스텔라(무제한)
2023-03-14,0,3,Spring,0,0,0,미라시아,스텔라(무제한)
2023-03-15,0,3,Spring,0,0,0,미라시아,스텔라(무제한)
2023-03-16,0,3,Spring,0,0,0,미라시아,스텔라(무제한)
2023-03-17,0,3,Spring,0,0,0,미라시아,스텔라(무제한)
2023-03-18,0,3,Spring,1,0,1,미라시아,스텔라(무제한)
2023-03-19,0,3,Spring,1,0,1,미라시아,스텔라(무제한)
2023-03-20,0,3,Spring,0,0,0,미라시아,스텔라(무제한)
2023-03-21,0,3,Spring,0,0,0,미라시아,스텔라(무제한)
2023-03-22,0,3,Spring,0,0,0,미라시아,스텔라(무제한)
2023-03-23,0,3,Spring,0,0,0,미라시아,스텔라(무제한)
2023-03-24,0,3,Spring,0,0,0,미라시아,스텔라(무제한)
2023-03-25,0,3,Spring,1,0,1,미라시아,스텔라(무제한)
2023-03-26,0,3,Spring,1,0,1,미라시아,스텔라(무제한)
2023-03-27,0,3,Spring,0,0,0,미라시아,스텔라(무제한)
2023-03-28,0,3,Spring,0,0,0,미라시아,스텔라(무제한)
2023-03-29,0,3,Spring,0,0,0,미라시아,스텔라(무제한)
2023-03-30,0,3,Spring,0,0,0,미라시아,스텔라(무제한)
2023-03-31,0,3,Spring,0,0,0,미라시아,스텔라(무제한)
2023-04-01,0,4,Spring,1,0,1,미라시아,스텔라(무제한)
2023-04-02,0,4,Spring,1,0,1,미라시아,스텔라(무제한)
2023-04-03,0,4,Spring,0,0,0,미라시아,스텔라(무제한)
2023-04-04,0,4,Spring,0,0,0,미라시아,스텔라(무제한)
2023-04-05,0,4,Spring,0,0,0,미라시아,스텔라(무제한)
2023-04-06,0,4,Spring,0,0,0,미라시아,스텔라(무제한)
2023-04-07,0,4,Spring,0,0,0,미라시아,스텔라(무제한)
2023-04-08,0,4,Spring,1,0,1,미라시아,스텔라(무제한)
2023-04-09,0,4,Spring,1,0,1,미라시아,스텔라(무제한)
2023-04-10,0,4,Spring,0,0,0,미라시아,스텔라(무제한)
2023-04-11,0,4,Spring,0,0,0,미라시아,스텔라(무제한)
2023-04-12,0,4,Spring,0,0,0,미라시아,스텔라(무제한)
2023-04-13,0,4,Spring,0,0,0,미라시아,스텔라(무제한)
2023-04-14,0,4,Spring,0,0,0,미라시아,스텔라(무제한)
2023-04-15,0,4,Spring,1,0,1,미라시아,스텔라(무제한)
2023-04-16,0,4,Spring,1,0,1,미라시아,스텔라(무제한)
2023-04-17,0,4,Spring,0,0,0,미라시아,스텔라(무제한)
2023-04-18,0,4,Spring,0,0,0,미라시아,스텔라(무제한)
2023-04-19,0,4,Spring,0,0,0,미라시아,스텔라(무제한)
2023-04-20,0,4,Spring,0,0,0,미라시아,스텔라(무제한)
2023-04-21,4,4,Spring,0,0,0,미라시아,스텔라(무제한)
2023-04-22,2,4,Spring,1,0,1,미라시아,스텔라(무제한)
2023-04-23,2,4,Spring,1,0,1,미라시아,스텔라(무제한)
2023-04-24,6,4,Spring,0,0,0,미라시아,스텔라(무제한)
2023-04-25,0,4,Spring,0,0,0,미라시아,스텔라(무제한)
2023-04-26,0,4,Spring,0,0,0,미라시아,스텔라(무제한)
2023-04-27,0,4,Spring,0,0,0,미라시아,스텔라(무제한)
2023-04-28,4,4,Spring,0,0,0,미라시아,스텔라(무제한)
2023-04-29,6,4,Spring,1,0,1,미라시아,스텔라(무제한)
2023-04-30,4,4,Spring,1,0,1,미라시아,스텔라(무제한)
2023-05-01,1,5,Spring,0,0,0,미라시아,스텔라(무제한)
2023-05-02,6,5,Spring,0,0,0,미라시아,스텔라(무제한)
2023-05-03,1,5,Spring,0,0,0,미라시아,스텔라(무제한)
2023-05-04,0,5,Spring,0,0,0,미라시아,스텔라(무제한)
2023-05-05,0,5,Spring,0,1,1,미라시아,스텔라(무제한)
2023-05-06,0,5,Spring,1,0,1,미라시아,스텔라(무제한)
2023-05-07,3,5,Spring,1,0,1,미라시아,스텔라(무제한)
2023-05-08,0,5,Spring,0,0,0,미라시아,스텔라(무제한)
2023-05-09,1,5,Spring,0,0,0,미라시아,스텔라(무제한)
2023-05-10,0,5,Spring,0,0,0,미라시아,스텔라(무제한)
2023-05-11,0,5,Spring,0,0,0,미라시아,스텔라(무제한)
2023-05-12,0,5,Spring,0,0,0,미라시아,스텔라(무제한)
2023-05-13,0,5,Spring,1,0,1,미라시아,스텔라(무제한)
2023-05-14,0,5,Spring,1,0,1,미라시아,스텔라(무제한)
2023-05-15,0,5,Spring,0,0,0,미라시아,스텔라(무제한)
2023-05-16,3,5,Spring,0,0,0,미라시아,스텔라(무제한)
2023-05-17,0,5,Spring,0,0,0,미라시아,스텔라(무제한)
2023-05-18,0,5,Spring,0,0,0,미라시아,스텔라(무제한)
2023-05-19,0,5,Spring,0,0,0,미라시아,스텔라(무제한)
2023-05-20,0,5,Spring,1,0,1,미라시아,스텔라(무제한)
2023-05-21,4,5,Spring,1,0,1,미라시아,스텔라(무제한)
2023-05-22,0,5,Spring,0,0,0,미라시아,스텔라(무제한)
2023-05-23,0,5,Spring,0,0,0,미라시아,스텔라(무제한)
2023-05-24,0,5,Spring,0,0,0,미라시아,스텔라(무제한)
2023-05-25,0,5,Spring,0,0,0,미라시아,스텔라(무제한)
2023-05-26,0,5,Spring,0,0,0,미라시아,스텔라(무제한)
2023-05-27,0,5,Spring,1,1,1,미라시아,스텔라(무제한)
2023-05-28,0,5,Spring,1,0,1,미라시아,스텔라(무제한)
2023-05-29,1,5,Spring,0,1,1,미라시아,스텔라(무제한)
2023-05-30,0,5,Spring,0,0,0,미라시아,스텔라(무제한)
2023-05-31,0,5,Spring,0,0,0,미라시아,스텔라(무제한)
2023-06-01,0,6,Summer,0,0,0,미라시아,스텔라(무제한)
2023-06-02,0,6,Summer,0,0,0,미라시아,스텔라(무제한)
2023-06-03,6,6,Summer,1,0,1,미라시아,스텔라(무제한)
2023-06-04,2,6,Summer,1,0,1,미라시아,스텔라(무제한)
2023-06-05,8,6,Summer,0,0,0,미라시아,스텔라(무제한)
2023-06-06,3,6,Summer,0,1,1,미라시아,스텔라(무제한)
2023-06-07,0,6,Summer,0,0,0,미라시아,스텔라(무제한)
2023-06-08,0,6,Summer,0,0,0,미라시아,스텔라(무제한)
2023-06-09,10,6,Summer,0,0,0,미라시아,스텔라(무제한)
2023-06-10,7,6,Summer,1,0,1,미라시아,스텔라(무제한)
2023-06-11,1,6,Summer,1,0,1,미라시아,스텔라(무제한)
2023-06-12,0,6,Summer,0,0,0,미라시아,스텔라(무제한)
2023-06-13,1,6,Summer,0,0,0,미라시아,스텔라(무제한)
2023-06-14,3,6,Summer,0,0,0,미라시아,스텔라(무제한)
2023-06-15,9,6,Summer,0,0,0,미라시아,스텔라(무제한)
2023-06-16,3,6,Summer,0,0,0,미라시아,스텔라(무제한)
2023-06-17,2,6,Summer,1,0,1,미라시아,스텔라(무제한)
2023-06-18,1,6,Summer,1,0,1,미라시아,스텔라(무제한)
2023-06-19,0,6,Summer,0,0,0,미라시아,스텔라(무제한)
2023-06-20,0,6,Summer,0,0,0,미라시아,스텔라(무제한)
2023-06-21,0,6,Summer,0,0,0,미라시아,스텔라(무제한)
2023-06-22,0,6,Summer,0,0,0,미라시아,스텔라(무제한)
2023-06-23,4,6,Summer,0,0,0,미라시아,스텔라(무제한)
2023-06-24,3,6,Summer,1,0,1,미라시아,스텔라(무제한)
2023-06-25,8,6,Summer,1,0,1,미라시아,스텔라(무제한)
2023-06-26,0,6,Summer,0,0,0,미라시아,스텔라(무제한)
2023-06-27,7,6,Summer,0,0,0,미라시아,스텔라(무제한)
2023-06-28,2,6,Summer,0,0,0,미라시아,스텔라(무제한)
2023-06-29,7,6,Summer,0,0,0,미라시아,스텔라(무제한)
2023-06-30,2,6,Summer,0,0,0,미라시아,스텔라(무제한)
2023-07-01,2,7,Summer,1,0,1,미라시아,스텔라(무제한)
2023-07-02,0,7,Summer,1,0,1,미라시아,스텔라(무제한)
2023-07-03,3,7,Summer,0,0,0,미라시아,스텔라(무제한)
2023-07-04,3,7,Summer,0,0,0,미라시아,스텔라(무제한)
2023-07-05,0,7,Summer,0,0,0,미라시아,스텔라(무제한)
2023-07-06,0,7,Summer,0,0,0,미라시아,스텔라(무제한)
2023-07-07,1,7,Summer,0,0,0,미라시아,스텔라(무제한)
2023-07-08,3,7,Summer,1,0,1,미라시아,스텔라(무제한)
2023-07-09,6,7,Summer,1,0,1,미라시아,스텔라(무제한)
2023-07-10,1,7,Summer,0,0,0,미라시아,스텔라(무제한)
2023-07-11,5,7,Summer,0,0,0,미라시아,스텔라(무제한)
2023-07-12,0,7,Summer,0,0,0,미라시아,스텔라(무제한)
2023-07-13,0,7,Summer,0,0,0,미라시아,스텔라(무제한)
2023-07-14,3,7,Summer,0,0,0,미라시아,스텔라(무제한)
2023-07-15,9,7,Summer,1,0,1,미라시아,스텔라(무제한)
2023-07-16,1,7,Summer,1,0,1,미라시아,스텔라(무제한)
2023-07-17,4,7,Summer,0,0,0,미라시아,스텔라(무제한)
2023-07-18,0,7,Summer,0,0,0,미라시아,스텔라(무제한)
2023-07-19,4,7,Summer,0,0,0,미라시아,스텔라(무제한)
2023-07-20,1,7,Summer,0,0,0,미라시아,스텔라(무제한)
2023-07-21,11,7,Summer,0,0,0,미라시아,스텔라(무제한)
2023-07-22,2,7,Summer,1,0,1,미라시아,스텔라(무제한)
2023-07-23,12,7,Summer,1,0,1,미라시아,스텔라(무제한)
2023-07-24,6,7,Summer,0,0,0,미라시아,스텔라(무제한)
2023-07-25,14,7,Summer,0,0,0,미라시아,스텔라(무제한)
2023-07-26,17,7,Summer,0,0,0,미라시아,스텔라(무제한)
2023-07-27,2,7,Summer,0,0,0,미라시아,스텔라(무제한)
2023-07-28,5,7,Summer,0,0,0,미라시아,스텔라(무제한)
2023-07-29,8,7,Summer,1,0,1,미라시아,스텔라(무제한)
2023-07-30,14,7,Summer,1,0,1,미라시아,스텔라(무제한)
2023-07-31,10,7,Summer,0,0,0,미라시아,스텔라(무제한)
2023-08-01,5,8,Summer,0,0,0,미라시아,스텔라(무제한)
2023-08-02,5,8,Summer,0,0,0,미라시아,스텔라(무제한)
2023-08-03,14,8,Summer,0,0,0,미라시아,스텔라(무제한)
2023-08-04,12,8,Summer,0,0,0,미라시아,스텔라(무제한)
2023-08-05,4,8,Summer,1,0,1,미라시아,스텔라(무제한)
2023-08-06,4,8,Summer,1,0,1,미라시아,스텔라(무제한)
2023-08-07,9,8,Summer,0,0,0,미라시아,스텔라(무제한)
2023-08-08,7,8,Summer,0,0,0,미라시아,스텔라(무제한)
2023-08-09,3,8,Summer,0,0,0,미라시아,스텔라(무제한)
2023-08-10,3,8,Summer,0,0,0,미라시아,스텔라(무제한)
2023-08-11,5,8,Summer,0,0,0,미라시아,스텔라(무제한)
2023-08-12,2,8,Summer,1,0,1,미라시아,스텔라(무제한)
2023-08-13,13,8,Summer,1,0,1,미라시아,스텔라(무제한)
2023-08-14,8,8,Summer,0,0,0,미라시아,스텔라(무제한)
2023-08-15,2,8,Summer,0,1,1,미라시아,스텔라(무제한)
2023-08-16,1,8,Summer,0,0,0,미라시아,스텔라(무제한)
2023-08-17,0,8,Summer,0,0,0,미라시아,스텔라(무제한)
2023-08-18,1,8,Summer,0,0,0,미라시아,스텔라(무제한)
2023-08-19,15,8,Summer,1,0,1,미라시아,스텔라(무제한)
2023-08-20,0,8,Summer,1,0,1,미라시아,스텔라(무제한)
2023-08-21,2,8,Summer,0,0,0,미라시아,스텔라(무제한)
2023-08-22,1,8,Summer,0,0,0,미라시아,스텔라(무제한)
2023-08-23,0,8,Summer,0,0,0,미라시아,스텔라(무제한)
2023-08-24,3,8,Summer,0,0,0,미라시아,스텔라(무제한)
2023-08-25,0,8,Summer,0,0,0,미라시아,스텔라(무제한)
2023-08-26,9,8,Summer,1,0,1,미라시아,스텔라(무제한)
2023-08-27,6,8,Summer,1,0,1,미라시아,스텔라(무제한)
2023-08-28,0,8,Summer,0,0,0,미라시아,스텔라(무제한)
2023-08-29,3,8,Summer,0,0,0,미라시아,스텔라(무제한)
2023-08-30,2,8,Summer,0,0,0,미라시아,스텔라(무제한)
2023-08-31,0,8,Summer,0,0,0,미라시아,스텔라(무제한)
2023-09-01,4,9,Autumn,0,0,0,미라시아,스텔라(무제한)
2023-09-02,3,9,Autumn,1,0,1,미라시아,스텔라(무제한)
2023-09-03,4,9,Autumn,1,0,1,미라시아,스텔라(무제한)
2023-09-04,26,9,Autumn,0,0,0,미라시아,스텔라(무제한)
2023-09-05,19,9,Autumn,0,0,0,미라시아,스텔라(무제한)
2023-09-06,0,9,Autumn,0,0,0,미라시아,스텔라(무제한)
2023-09-07,0,9,Autumn,0,0,0,미라시아,스텔라(무제한)
2023-09-08,2,9,Autumn,0,0,0,미라시아,스텔라(무제한)
2023-09-09,4,9,Autumn,1,0,1,미라시아,스텔라(무제한)
2023-09-10,3,9,Autumn,1,0,1,미라시아,스텔라(무제한)
2023-09-11,2,9,Autumn,0,0,0,미라시아,스텔라(무제한)
2023-09-12,0,9,Autumn,0,0,0,미라시아,스텔라(무제한)
2023-09-13,1,9,Autumn,0,0,0,미라시아,스텔라(무제한)
2023-09-14,0,9,Autumn,0,0,0,미라시아,스텔라(무제한)
2023-09-15,6,9,Autumn,0,0,0,미라시아,스텔라(무제한)
2023-09-16,3,9,Autumn,1,0,1,미라시아,스텔라(무제한)
2023-09-17,2,9,Autumn,1,0,1,미라시아,스텔라(무제한)
2023-09-18,4,9,Autumn,0,0,0,미라시아,스텔라(무제한)
2023-09-19,0,9,Autumn,0,0,0,미라시아,스텔라(무제한)
2023-09-20,2,9,Autumn,0,0,0,미라시아,스텔라(무제한)
2023-09-21,1,9,Autumn,0,0,0,미라시아,스텔라(무제한)
2023-09-22,2,9,Autumn,0,0,0,미라시아,스텔라(무제한)
2023-09-23,3,9,Autumn,1,0,1,미라시아,스텔라(무제한)
2023-09-24,0,9,Autumn,1,0,1,미라시아,스텔라(무제한)
2023-09-25,0,9,Autumn,0,0,0,미라시아,스텔라(무제한)
2023-09-26,0,9,Autumn,0,0,0,미라시아,스텔라(무제한)
2023-09-27,3,9,Autumn,0,0,0,미라시아,스텔라(무제한)
2023-09-28,5,9,Autumn,0,1,1,미라시아,스텔라(무제한)
2023-09-29,6,9,Autumn,0,1,1,미라시아,스텔라(무제한)
2023-09-30,0,9,Autumn,1,1,1,미라시아,스텔라(무제한)
2023-10-01,6,10,Autumn,1,0,1,미라시아,스텔라(무제한)
2023-10-02,1,10,Autumn,0,1,1,미라시아,스텔라(무제한)
2023-10-03,1,10,Autumn,0,1,1,미라시아,스텔라(무제한)
2023-10-04,1,10,Autumn,0,0,0,미라시아,스텔라(무제한)
2023-10-05,0,10,Autumn,0,0,0,미라시아,스텔라(무제한)
2023-10-06,2,10,Autumn,0,0,0,미라시아,스텔라(무제한)
2023-10-07,4,10,Autumn,1,0,1,미라시아,스텔라(무제한)
2023-10-08,6,10,Autumn,1,0,1,미라시아,스텔라(무제한)
2023-10-09,2,10,Autumn,0,1,1,미라시아,스텔라(무제한)
2023-10-10,4,10,Autumn,0,0,0,미라시아,스텔라(무제한)
2023-10-11,6,10,Autumn,0,0,0,미라시아,스텔라(무제한)
2023-10-12,4,10,Autumn,0,0,0,미라시아,스텔라(무제한)
2023-10-13,3,10,Autumn,0,0,0,미라시아,스텔라(무제한)
2023-10-14,5,10,Autumn,1,0,1,미라시아,스텔라(무제한)
2023-10-15,3,10,Autumn,1,0,1,미라시아,스텔라(무제한)
2023-10-16,1,10,Autumn,0,0,0,미라시아,스텔라(무제한)
2023-10-17,0,10,Autumn,0,0,0,미라시아,스텔라(무제한)
2023-10-18,0,10,Autumn,0,0,0,미라시아,스텔라(무제한)
2023-10-19,1,10,Autumn,0,0,0,미라시아,스텔라(무제한)
2023-10-20,7,10,Autumn,0,0,0,미라시아,스텔라(무제한)
2023-10-21,3,10,Autumn,1,0,1,미라시아,스텔라(무제한)
2023-10-22,0,10,Autumn,1,0,1,미라시아,스텔라(무제한)
2023-10-23,3,10,Autumn,0,0,0,미라시아,스텔라(무제한)
2023-10-24,3,10,Autumn,0,0,0,미라시아,스텔라(무제한)
2023-10-25,0,10,Autumn,0,0,0,미라시아,스텔라(무제한)
2023-10-26,4,10,Autumn,0,0,0,미라시아,스텔라(무제한)
2023-10-27,4,10,Autumn,0,0,0,미라시아,스텔라(무제한)
2023-10-28,10,10,Autumn,1,0,1,미라시아,스텔라(무제한)
2023-10-29,7,10,Autumn,1,0,1,미라시아,스텔라(무제한)
2023-10-30,2,10,Autumn,0,0,0,미라시아,스텔라(무제한)
2023-10-31,7,10,Autumn,0,0,0,미라시아,스텔라(무제한)
2023-11-01,5,11,Autumn,0,0,0,미라시아,스텔라(무제한)
2023-11-02,0,11,Autumn,0,0,0,미라시아,스텔라(무제한)
2023-11-03,6,11,Autumn,0,0,0,미라시아,스텔라(무제한)
2023-11-04,11,11,Autumn,1,0,1,미라시아,스텔라(무제한)
2023-11-05,5,11,Autumn,1,0,1,미라시아,스텔라(무제한)
2023-11-06,5,11,Autumn,0,0,0,미라시아,스텔라(무제한)
2023-11-07,4,11,Autumn,0,0,0,미라시아,스텔라(무제한)
2023-11-08,6,11,Autumn,0,0,0,미라시아,스텔라(무제한)
2023-11-09,1,11,Autumn,0,0,0,미라시아,스텔라(무제한)
2023-11-10,4,11,Autumn,0,0,0,미라시아,스텔라(무제한)
2023-11-11,8,11,Autumn,1,0,1,미라시아,스텔라(무제한)
2023-11-12,6,11,Autumn,1,0,1,미라시아,스텔라(무제한)
2023-11-13,2,11,Autumn,0,0,0,미라시아,스텔라(무제한)
2023-11-14,6,11,Autumn,0,0,0,미라시아,스텔라(무제한)
2023-11-15,2,11,Autumn,0,0,0,미라시아,스텔라(무제한)
2023-11-16,1,11,Autumn,0,0,0,미라시아,스텔라(무제한)
2023-11-17,4,11,Autumn,0,0,0,미라시아,스텔라(무제한)
2023-11-18,9,11,Autumn,1,0,1,미라시아,스텔라(무제한)
2023-11-19,3,11,Autumn,1,0,1,미라시아,스텔라(무제한)
2023-11-20,0,11,Autumn,0,0,0,미라시아,스텔라(무제한)
2023-11-21,3,11,Autumn,0,0,0,미라시아,스텔라(무제한)
2023-11-22,0,11,Autumn,0,0,0,미라시아,스텔라(무제한)
2023-11-23,0,11,Autumn,0,0,0,미라시아,스텔라(무제한)
2023-11-24,2,11,Autumn,0,0,0,미라시아,스텔라(무제한)
2023-11-25,7,11,Autumn,1,0,1,미라시아,스텔라(무제한)
2023-11-26,0,11,Autumn,1,0,1,미라시아,스텔라(무제한)
2023-11-27,0,11,Autumn,0,0,0,미라시아,스텔라(무제한)
2023-11-28,0,11,Autumn,0,0,0,미라시아,스텔라(무제한)
2023-11-29,0,11,Autumn,0,0,0,미라시아,스텔라(무제한)
2023-11-30,3,11,Autumn,0,0,0,미라시아,스텔라(무제한)
2023-12-01,5,12,Winter,0,0,0,미라시아,스텔라(무제한)
2023-12-02,7,12,Winter,1,0,1,미라시아,스텔라(무제한)
2023-12-03,0,12,Winter,1,0,1,미라시아,스텔라(무제한)
2023-12-04,3,12,Winter,0,0,0,미라시아,스텔라(무제한)
2023-12-05,4,12,Winter,0,0,0,미라시아,스텔라(무제한)
2023-12-06,0,12,Winter,0,0,0,미라시아,스텔라(무제한)
2023-12-07,0,12,Winter,0,0,0,미라시아,스텔라(무제한)
2023-12-08,6,12,Winter,0,0,0,미라시아,스텔라(무제한)
2023-12-09,6,12,Winter,1,0,1,미라시아,스텔라(무제한)
2023-12-10,3,12,Winter,1,0,1,미라시아,스텔라(무제한)
2023-12-11,6,12,Winter,0,0,0,미라시아,스텔라(무제한)
2023-12-12,1,12,Winter,0,0,0,미라시아,스텔라(무제한)
2023-12-13,0,12,Winter,0,0,0,미라시아,스텔라(무제한)
2023-12-14,0,12,Winter,0,0,0,미라시아,스텔라(무제한)
2023-12-15,1,12,Winter,0,0,0,미라시아,스텔라(무제한)
2023-12-16,2,12,Winter,1,0,1,미라시아,스텔라(무제한)
2023-12-17,2,12,Winter,1,0,1,미라시아,스텔라(무제한)
2023-12-18,3,12,Winter,0,0,0,미라시아,스텔라(무제한)
2023-12-19,2,12,Winter,0,0,0,미라시아,스텔라(무제한)
2023-12-20,2,12,Winter,0,0,0,미라시아,스텔라(무제한)
2023-12-21,1,12,Winter,0,0,0,미라시아,스텔라(무제한)
2023-12-22,10,12,Winter,0,0,0,미라시아,스텔라(무제한)
2023-12-23,1,12,Winter,1,0,1,미라시아,스텔라(무제한)
2023-12-24,4,12,Winter,1,0,1,미라시아,스텔라(무제한)
2023-12-25,7,12,Winter,0,1,1,미라시아,스텔라(무제한)
2023-12-26,5,12,Winter,0,0,0,미라시아,스텔라(무제한)
2023-12-27,2,12,Winter,0,0,0,미라시아,스텔라(무제한)
2023-12-28,11,12,Winter,0,0,0,미라시아,스텔라(무제한)
2023-12-29,5,12,Winter,0,0,0,미라시아,스텔라(무제한)
2023-12-30,9,12,Winter,1,0,1,미라시아,스텔라(무제한)
2023-12-31,8,12,Winter,1,0,1,미라시아,스텔라(무제한)
2024-01-01,16,1,Winter,0,1,1,미라시아,스텔라(무제한)
2024-01-02,2,1,Winter,0,0,0,미라시아,스텔라(무제한)
2024-01-03,3,1,Winter,0,0,0,미라시아,스텔라(무제한)
2024-01-04,4,1,Winter,0,0,0,미라시아,스텔라(무제한)
2024-01-05,2,1,Winter,0,0,0,미라시아,스텔라(무제한)
2024-01-06,8,1,Winter,1,0,1,미라시아,스텔라(무제한)
2024-01-07,0,1,Winter,1,0,1,미라시아,스텔라(무제한)
2024-01-08,3,1,Winter,0,0,0,미라시아,스텔라(무제한)
2024-01-09,0,1,Winter,0,0,0,미라시아,스텔라(무제한)
2024-01-10,3,1,Winter,0,0,0,미라시아,스텔라(무제한)
2024-01-11,3,1,Winter,0,0,0,미라시아,스텔라(무제한)
2024-01-12,2,1,Winter,0,0,0,미라시아,스텔라(무제한)
2024-01-13,5,1,Winter,1,0,1,미라시아,스텔라(무제한)
2024-01-14,6,1,Winter,1,0,1,미라시아,스텔라(무제한)
2024-01-15,4,1,Winter,0,0,0,미라시아,스텔라(무제한)
2024-01-16,13,1,Winter,0,0,0,미라시아,스텔라(무제한)
2024-01-17,1,1,Winter,0,0,0,미라시아,스텔라(무제한)
2024-01-18,3,1,Winter,0,0,0,미라시아,스텔라(무제한)
2024-01-19,1,1,Winter,0,0,0,미라시아,스텔라(무제한)
2024-01-20,10,1,Winter,1,0,1,미라시아,스텔라(무제한)
2024-01-21,5,1,Winter,1,0,1,미라시아,스텔라(무제한)
2024-01-22,2,1,Winter,0,0,0,미라시아,스텔라(무제한)
2024-01-23,0,1,Winter,0,0,0,미라시아,스텔라(무제한)
2024-01-24,6,1,Winter,0,0,0,미라시아,스텔라(무제한)
2024-01-25,3,1,Winter,0,0,0,미라시아,스텔라(무제한)
2024-01-26,5,1,Winter,0,0,0,미라시아,스텔라(무제한)
2024-01-27,7,1,Winter,1,0,1,미라시아,스텔라(무제한)
2024-01-28,10,1,Winter,1,0,1,미라시아,스텔라(무제한)
2024-01-29,2,1,Winter,0,0,0,미라시아,스텔라(무제한)
2024-01-30,3,1,Winter,0,0,0,미라시아,스텔라(무제한)
2024-01-31,1,1,Winter,0,0,0,미라시아,스텔라(무제한)
2024-02-01,2,2,Winter,0,0,0,미라시아,스텔라(무제한)
2024-02-02,3,2,Winter,0,0,0,미라시아,스텔라(무제한)
2024-02-03,1,2,Winter,1,0,1,미라시아,스텔라(무제한)
2024-02-04,1,2,Winter,1,0,1,미라시아,스텔라(무제한)
2024-02-05,3,2,Winter,0,0,0,미라시아,스텔라(무제한)
2024-02-06,2,2,Winter,0,0,0,미라시아,스텔라(무제한)
2024-02-07,0,2,Winter,0,0,0,미라시아,스텔라(무제한)
2024-02-08,4,2,Winter,0,0,0,미라시아,스텔라(무제한)
2024-02-09,4,2,Winter,0,1,1,미라시아,스텔라(무제한)
2024-02-10,17,2,Winter,1,1,1,미라시아,스텔라(무제한)
2024-02-11,10,2,Winter,1,1,1,미라시아,스텔라(무제한)
2024-02-12,3,2,Winter,0,1,1,미라시아,스텔라(무제한)
2024-02-13,0,2,Winter,0,0,0,미라시아,스텔라(무제한)
2024-02-14,1,2,Winter,0,0,0,미라시아,스텔라(무제한)
2024-02-15,4,2,Winter,0,0,0,미라시아,스텔라(무제한)
2024-02-16,7,2,Winter,0,0,0,미라시아,스텔라(무제한)
2024-02-17,1,2,Winter,1,0,1,미라시아,스텔라(무제한)
2024-02-18,8,2,Winter,1,0,1,미라시아,스텔라(무제한)
2024-02-19,0,2,Winter,0,0,0,미라시아,스텔라(무제한)
2024-02-20,5,2,Winter,0,0,0,미라시아,스텔라(무제한)
2024-02-21,1,2,Winter,0,0,0,미라시아,스텔라(무제한)
2024-02-22,0,2,Winter,0,0,0,미라시아,스텔라(무제한)
2024-02-23,5,2,Winter,0,0,0,미라시아,스텔라(무제한)
2024-02-24,2,2,Winter,1,0,1,미라시아,스텔라(무제한)
2024-02-25,2,2,Winter,1,0,1,미라시아,스텔라(무제한)
2024-02-26,4,2,Winter,0,0,0,미라시아,스텔라(무제한)
2024-02-27,1,2,Winter,0,0,0,미라시아,스텔라(무제한)
2024-02-28,2,2,Winter,0,0,0,미라시아,스텔라(무제한)
2024-02-29,5,2,Winter,0,0,0,미라시아,스텔라(무제한)
2024-03-01,17,3,Spring,0,1,1,미라시아,스텔라(무제한)
2024-03-02,3,3,Spring,1,0,1,미라시아,스텔라(무제한)
2024-03-03,0,3,Spring,1,0,1,미라시아,스텔라(무제한)
2024-03-04,0,3,Spring,0,0,0,미라시아,스텔라(무제한)
2024-03-05,0,3,Spring,0,0,0,미라시아,스텔라(무제한)
2024-03-06,0,3,Spring,0,0,0,미라시아,스텔라(무제한)
2024-03-07,0,3,Spring,0,0,0,미라시아,스텔라(무제한)
2024-03-08,0,3,Spring,0,0,0,미라시아,스텔라(무제한)
2024-03-09,0,3,Spring,1,0,1,미라시아,스텔라(무제한)
2024-03-10,0,3,Spring,1,0,1,미라시아,스텔라(무제한)
2024-03-11,0,3,Spring,0,0,0,미라시아,스텔라(무제한)
2024-03-12,0,3,Spring,0,0,0,미라시아,스텔라(무제한)
2024-03-13,0,3,Spring,0,0,0,미라시아,스텔라(무제한)
2024-03-14,0,3,Spring,0,0,0,미라시아,스텔라(무제한)
2024-03-15,0,3,Spring,0,0,0,미라시아,스텔라(무제한)
2024-03-16,9,3,Spring,1,0,1,미라시아,스텔라(무제한)
2024-03-17,5,3,Spring,1,0,1,미라시아,스텔라(무제한)
2024-03-18,0,3,Spring,0,0,0,미라시아,스텔라(무제한)
2024-03-19,0,3,Spring,0,0,0,미라시아,스텔라(무제한)
2024-03-20,0,3,Spring,0,0,0,미라시아,스텔라(무제한)
2024-03-21,0,3,Spring,0,0,0,미라시아,스텔라(무제한)
2024-03-22,3,3,Spring,0,0,0,미라시아,스텔라(무제한)
2024-03-23,8,3,Spring,1,0,1,미라시아,스텔라(무제한)
2024-03-24,0,3,Spring,1,0,1,미라시아,스텔라(무제한)
2024-03-25,1,3,Spring,0,0,0,미라시아,스텔라(무제한)
2024-03-26,1,3,Spring,0,0,0,미라시아,스텔라(무제한)
2024-03-27,0,3,Spring,0,0,0,미라시아,스텔라(무제한)
2024-03-28,2,3,Spring,0,0,0,미라시아,스텔라(무제한)
2024-03-29,1,3,Spring,0,0,0,미라시아,스텔라(무제한)
2024-03-30,1,3,Spring,1,0,1,미라시아,스텔라(무제한)
2024-03-31,3,3,Spring,1,0,1,미라시아,스텔라(무제한)
2024-04-01,0,4,Spring,0,0,0,미라시아,스텔라(무제한)
2024-04-02,0,4,Spring,0,0,0,미라시아,스텔라(무제한)
2024-04-03,1,4,Spring,0,0,0,미라시아,스텔라(무제한)
2024-04-04,6,4,Spring,0,0,0,미라시아,스텔라(무제한)
2024-04-05,8,4,Spring,0,0,0,미라시아,스텔라(무제한)
2024-04-06,6,4,Spring,1,0,1,미라시아,스텔라(무제한)
2024-04-07,3,4,Spring,1,0,1,미라시아,스텔라(무제한)
2024-04-08,2,4,Spring,0,0,0,미라시아,스텔라(무제한)
2024-04-09,2,4,Spring,0,0,0,미라시아,스텔라(무제한)
2024-04-10,2,4,Spring,0,1,1,미라시아,스텔라(무제한)
2024-04-11,2,4,Spring,0,0,0,미라시아,스텔라(무제한)
2024-04-12,1,4,Spring,0,0,0,미라시아,스텔라(무제한)
2024-04-13,10,4,Spring,1,0,1,미라시아,스텔라(무제한)
2024-04-14,0,4,Spring,1,0,1,미라시아,스텔라(무제한)
2024-04-15,1,4,Spring,0,0,0,미라시아,스텔라(무제한)
2024-04-16,2,4,Spring,0,0,0,미라시아,스텔라(무제한)
2024-04-17,5,4,Spring,0,0,0,미라시아,스텔라(무제한)
2024-04-18,4,4,Spring,0,0,0,미라시아,스텔라(무제한)
2024-04-19,2,4,Spring,0,0,0,미라시아,스텔라(무제한)
2024-04-20,7,4,Spring,1,0,1,미라시아,스텔라(무제한)
2024-04-21,1,4,Spring,1,0,1,미라시아,스텔라(무제한)
2024-04-22,0,4,Spring,0,0,0,미라시아,스텔라(무제한)
2024-04-23,0,4,Spring,0,0,0,미라시아,스텔라(무제한)
2024-04-24,3,4,Spring,0,0,0,미라시아,스텔라(무제한)
2024-04-25,4,4,Spring,0,0,0,미라시아,스텔라(무제한)
2024-04-26,7,4,Spring,0,0,0,미라시아,스텔라(무제한)
2024-04-27,12,4,Spring,1,0,1,미라시아,스텔라(무제한)
2024-04-28,5,4,Spring,1,0,1,미라시아,스텔라(무제한)
2024-04-29,5,4,Spring,0,0,0,미라시아,스텔라(무제한)
2024-04-30,4,4,Spring,0,0,0,미라시아,스텔라(무제한)
2024-05-01,2,5,Spring,0,0,0,미라시아,스텔라(무제한)
2024-05-02,3,5,Spring,0,0,0,미라시아,스텔라(무제한)
2024-05-03,2,5,Spring,0,0,0,미라시아,스텔라(무제한)
2024-05-04,12,5,Spring,1,0,1,미라시아,스텔라(무제한)
2024-05-05,4,5,Spring,1,1,1,미라시아,스텔라(무제한)
2024-05-06,1,5,Spring,0,1,1,미라시아,스텔라(무제한)
2024-05-07,0,5,Spring,0,0,0,미라시아,스텔라(무제한)
2024-05-08,8,5,Spring,0,0,0,미라시아,스텔라(무제한)
2024-05-09,1,5,Spring,0,0,0,미라시아,스텔라(무제한)
2024-05-10,19,5,Spring,0,0,0,미라시아,스텔라(무제한)
2024-05-11,4,5,Spring,1,0,1,미라시아,스텔라(무제한)
2024-05-12,2,5,Spring,1,0,1,미라시아,스텔라(무제한)
2024-05-13,0,5,Spring,0,0,0,미라시아,스텔라(무제한)
2024-05-14,5,5,Spring,0,0,0,미라시아,스텔라(무제한)
2024-05-15,4,5,Spring,0,1,1,미라시아,스텔라(무제한)
2024-05-16,1,5,Spring,0,0,0,미라시아,스텔라(무제한)
2024-05-17,1,5,Spring,0,0,0,미라시아,스텔라(무제한)
2024-05-18,10,5,Spring,1,0,1,미라시아,스텔라(무제한)
2024-05-19,0,5,Spring,1,0,1,미라시아,스텔라(무제한)
2024-05-20,3,5,Spring,0,0,0,미라시아,스텔라(무제한)
2024-05-21,4,5,Spring,0,0,0,미라시아,스텔라(무제한)
2024-05-22,1,5,Spring,0,0,0,미라시아,스텔라(무제한)
2024-05-23,0,5,Spring,0,0,0,미라시아,스텔라(무제한)
2024-05-24,7,5,Spring,0,0,0,미라시아,스텔라(무제한)
2024-05-25,4,5,Spring,1,0,1,미라시아,스텔라(무제한)
2024-05-26,2,5,Spring,1,0,1,미라시아,스텔라(무제한)
2024-05-27,0,5,Spring,0,0,0,미라시아,스텔라(무제한)
2024-05-28,1,5,Spring,0,0,0,미라시아,스텔라(무제한)
2024-05-29,0,5,Spring,0,0,0,미라시아,스텔라(무제한)
2024-05-30,0,5,Spring,0,0,0,미라시아,스텔라(무제한)
2024-05-31,3,5,Spring,0,0,0,미라시아,스텔라(무제한)
2024-06-01,15,6,Summer,1,0,1,미라시아,스텔라(무제한)
2024-06-02,0,6,Summer,1,0,1,미라시아,스텔라(무제한)
2024-06-03,0,6,Summer,0,0,0,미라시아,스텔라(무제한)
2024-06-04,0,6,Summer,0,0,0,미라시아,스텔라(무제한)
2024-06-05,2,6,Summer,0,0,0,미라시아,스텔라(무제한)
2024-06-06,10,6,Summer,0,1,1,미라시아,스텔라(무제한)
2024-06-07,3,6,Summer,0,0,0,미라시아,스텔라(무제한)
2024-06-08,6,6,Summer,1,0,1,미라시아,스텔라(무제한)
2024-06-09,1,6,Summer,1,0,1,미라시아,스텔라(무제한)
2024-06-10,2,6,Summer,0,0,0,미라시아,스텔라(무제한)
2024-06-11,2,6,Summer,0,0,0,미라시아,스텔라(무제한)
2024-06-12,0,6,Summer,0,0,0,미라시아,스텔라(무제한)
2024-06-13,1,6,Summer,0,0,0,미라시아,스텔라(무제한)
2024-06-14,0,6,Summer,0,0,0,미라시아,스텔라(무제한)
2024-06-15,9,6,Summer,1,0,1,미라시아,스텔라(무제한)
2023-01-01,0,1,Winter,1,1,1,미라시아,스프라이트
2023-01-02,0,1,Winter,0,0,0,미라시아,스프라이트
2023-01-03,0,1,Winter,0,0,0,미라시아,스프라이트
2023-01-04,0,1,Winter,0,0,0,미라시아,스프라이트
2023-01-05,0,1,Winter,0,0,0,미라시아,스프라이트
2023-01-06,0,1,Winter,0,0,0,미라시아,스프라이트
2023-01-07,0,1,Winter,1,0,1,미라시아,스프라이트
2023-01-08,0,1,Winter,1,0,1,미라시아,스프라이트
2023-01-09,0,1,Winter,0,0,0,미라시아,스프라이트
2023-01-10,0,1,Winter,0,0,0,미라시아,스프라이트
2023-01-11,0,1,Winter,0,0,0,미라시아,스프라이트
2023-01-12,0,1,Winter,0,0,0,미라시아,스프라이트
2023-01-13,0,1,Winter,0,0,0,미라시아,스프라이트
2023-01-14,0,1,Winter,1,0,1,미라시아,스프라이트
2023-01-15,0,1,Winter,1,0,1,미라시아,스프라이트
2023-01-16,0,1,Winter,0,0,0,미라시아,스프라이트
2023-01-17,0,1,Winter,0,0,0,미라시아,스프라이트
2023-01-18,0,1,Winter,0,0,0,미라시아,스프라이트
2023-01-19,0,1,Winter,0,0,0,미라시아,스프라이트
2023-01-20,0,1,Winter,0,0,0,미라시아,스프라이트
2023-01-21,0,1,Winter,1,1,1,미라시아,스프라이트
2023-01-22,0,1,Winter,1,1,1,미라시아,스프라이트
2023-01-23,0,1,Winter,0,1,1,미라시아,스프라이트
2023-01-24,0,1,Winter,0,1,1,미라시아,스프라이트
2023-01-25,0,1,Winter,0,0,0,미라시아,스프라이트
2023-01-26,0,1,Winter,0,0,0,미라시아,스프라이트
2023-01-27,0,1,Winter,0,0,0,미라시아,스프라이트
2023-01-28,0,1,Winter,1,0,1,미라시아,스프라이트
2023-01-29,0,1,Winter,1,0,1,미라시아,스프라이트
2023-01-30,0,1,Winter,0,0,0,미라시아,스프라이트
2023-01-31,0,1,Winter,0,0,0,미라시아,스프라이트
2023-02-01,0,2,Winter,0,0,0,미라시아,스프라이트
2023-02-02,0,2,Winter,0,0,0,미라시아,스프라이트
2023-02-03,0,2,Winter,0,0,0,미라시아,스프라이트
2023-02-04,0,2,Winter,1,0,1,미라시아,스프라이트
2023-02-05,0,2,Winter,1,0,1,미라시아,스프라이트
2023-02-06,0,2,Winter,0,0,0,미라시아,스프라이트
2023-02-07,0,2,Winter,0,0,0,미라시아,스프라이트
2023-02-08,0,2,Winter,0,0,0,미라시아,스프라이트
2023-02-09,0,2,Winter,0,0,0,미라시아,스프라이트
2023-02-10,0,2,Winter,0,0,0,미라시아,스프라이트
2023-02-11,0,2,Winter,1,0,1,미라시아,스프라이트
2023-02-12,0,2,Winter,1,0,1,미라시아,스프라이트
2023-02-13,0,2,Winter,0,0,0,미라시아,스프라이트
2023-02-14,0,2,Winter,0,0,0,미라시아,스프라이트
2023-02-15,0,2,Winter,0,0,0,미라시아,스프라이트
2023-02-16,0,2,Winter,0,0,0,미라시아,스프라이트
2023-02-17,0,2,Winter,0,0,0,미라시아,스프라이트
2023-02-18,0,2,Winter,1,0,1,미라시아,스프라이트
2023-02-19,0,2,Winter,1,0,1,미라시아,스프라이트
2023-02-20,0,2,Winter,0,0,0,미라시아,스프라이트
2023-02-21,0,2,Winter,0,0,0,미라시아,스프라이트
2023-02-22,0,2,Winter,0,0,0,미라시아,스프라이트
2023-02-23,0,2,Winter,0,0,0,미라시아,스프라이트
2023-02-24,0,2,Winter,0,0,0,미라시아,스프라이트
2023-02-25,0,2,Winter,1,0,1,미라시아,스프라이트
2023-02-26,0,2,Winter,1,0,1,미라시아,스프라이트
2023-02-27,0,2,Winter,0,0,0,미라시아,스프라이트
2023-02-28,0,2,Winter,0,0,0,미라시아,스프라이트
2023-03-01,0,3,Spring,0,1,1,미라시아,스프라이트
2023-03-02,0,3,Spring,0,0,0,미라시아,스프라이트
2023-03-03,0,3,Spring,0,0,0,미라시아,스프라이트
2023-03-04,0,3,Spring,1,0,1,미라시아,스프라이트
2023-03-05,0,3,Spring,1,0,1,미라시아,스프라이트
2023-03-06,0,3,Spring,0,0,0,미라시아,스프라이트
2023-03-07,0,3,Spring,0,0,0,미라시아,스프라이트
2023-03-08,0,3,Spring,0,0,0,미라시아,스프라이트
2023-03-09,0,3,Spring,0,0,0,미라시아,스프라이트
2023-03-10,0,3,Spring,0,0,0,미라시아,스프라이트
2023-03-11,0,3,Spring,1,0,1,미라시아,스프라이트
2023-03-12,0,3,Spring,1,0,1,미라시아,스프라이트
2023-03-13,0,3,Spring,0,0,0,미라시아,스프라이트
2023-03-14,0,3,Spring,0,0,0,미라시아,스프라이트
2023-03-15,0,3,Spring,0,0,0,미라시아,스프라이트
2023-03-16,0,3,Spring,0,0,0,미라시아,스프라이트
2023-03-17,0,3,Spring,0,0,0,미라시아,스프라이트
2023-03-18,0,3,Spring,1,0,1,미라시아,스프라이트
2023-03-19,0,3,Spring,1,0,1,미라시아,스프라이트
2023-03-20,0,3,Spring,0,0,0,미라시아,스프라이트
2023-03-21,0,3,Spring,0,0,0,미라시아,스프라이트
2023-03-22,0,3,Spring,0,0,0,미라시아,스프라이트
2023-03-23,0,3,Spring,0,0,0,미라시아,스프라이트
2023-03-24,0,3,Spring,0,0,0,미라시아,스프라이트
2023-03-25,0,3,Spring,1,0,1,미라시아,스프라이트
2023-03-26,0,3,Spring,1,0,1,미라시아,스프라이트
2023-03-27,0,3,Spring,0,0,0,미라시아,스프라이트
2023-03-28,0,3,Spring,0,0,0,미라시아,스프라이트
2023-03-29,0,3,Spring,0,0,0,미라시아,스프라이트
2023-03-30,0,3,Spring,0,0,0,미라시아,스프라이트
2023-03-31,0,3,Spring,0,0,0,미라시아,스프라이트
2023-04-01,0,4,Spring,1,0,1,미라시아,스프라이트
2023-04-02,0,4,Spring,1,0,1,미라시아,스프라이트
2023-04-03,0,4,Spring,0,0,0,미라시아,스프라이트
2023-04-04,0,4,Spring,0,0,0,미라시아,스프라이트
2023-04-05,0,4,Spring,0,0,0,미라시아,스프라이트
2023-04-06,0,4,Spring,0,0,0,미라시아,스프라이트
2023-04-07,0,4,Spring,0,0,0,미라시아,스프라이트
2023-04-08,0,4,Spring,1,0,1,미라시아,스프라이트
2023-04-09,0,4,Spring,1,0,1,미라시아,스프라이트
2023-04-10,0,4,Spring,0,0,0,미라시아,스프라이트
2023-04-11,0,4,Spring,0,0,0,미라시아,스프라이트
2023-04-12,0,4,Spring,0,0,0,미라시아,스프라이트
2023-04-13,0,4,Spring,0,0,0,미라시아,스프라이트
2023-04-14,0,4,Spring,0,0,0,미라시아,스프라이트
2023-04-15,0,4,Spring,1,0,1,미라시아,스프라이트
2023-04-16,0,4,Spring,1,0,1,미라시아,스프라이트
2023-04-17,0,4,Spring,0,0,0,미라시아,스프라이트
2023-04-18,0,4,Spring,0,0,0,미라시아,스프라이트
2023-04-19,0,4,Spring,0,0,0,미라시아,스프라이트
2023-04-20,0,4,Spring,0,0,0,미라시아,스프라이트
2023-04-21,0,4,Spring,0,0,0,미라시아,스프라이트
2023-04-22,0,4,Spring,1,0,1,미라시아,스프라이트
2023-04-23,0,4,Spring,1,0,1,미라시아,스프라이트
2023-04-24,0,4,Spring,0,0,0,미라시아,스프라이트
2023-04-25,0,4,Spring,0,0,0,미라시아,스프라이트
2023-04-26,0,4,Spring,0,0,0,미라시아,스프라이트
2023-04-27,0,4,Spring,0,0,0,미라시아,스프라이트
2023-04-28,0,4,Spring,0,0,0,미라시아,스프라이트
2023-04-29,0,4,Spring,1,0,1,미라시아,스프라이트
2023-04-30,0,4,Spring,1,0,1,미라시아,스프라이트
2023-05-01,0,5,Spring,0,0,0,미라시아,스프라이트
2023-05-02,0,5,Spring,0,0,0,미라시아,스프라이트
2023-05-03,0,5,Spring,0,0,0,미라시아,스프라이트
2023-05-04,0,5,Spring,0,0,0,미라시아,스프라이트
2023-05-05,0,5,Spring,0,1,1,미라시아,스프라이트
2023-05-06,0,5,Spring,1,0,1,미라시아,스프라이트
2023-05-07,0,5,Spring,1,0,1,미라시아,스프라이트
2023-05-08,0,5,Spring,0,0,0,미라시아,스프라이트
2023-05-09,0,5,Spring,0,0,0,미라시아,스프라이트
2023-05-10,0,5,Spring,0,0,0,미라시아,스프라이트
2023-05-11,0,5,Spring,0,0,0,미라시아,스프라이트
2023-05-12,0,5,Spring,0,0,0,미라시아,스프라이트
2023-05-13,0,5,Spring,1,0,1,미라시아,스프라이트
2023-05-14,0,5,Spring,1,0,1,미라시아,스프라이트
2023-05-15,0,5,Spring,0,0,0,미라시아,스프라이트
2023-05-16,0,5,Spring,0,0,0,미라시아,스프라이트
2023-05-17,0,5,Spring,0,0,0,미라시아,스프라이트
2023-05-18,0,5,Spring,0,0,0,미라시아,스프라이트
2023-05-19,0,5,Spring,0,0,0,미라시아,스프라이트
2023-05-20,0,5,Spring,1,0,1,미라시아,스프라이트
2023-05-21,0,5,Spring,1,0,1,미라시아,스프라이트
2023-05-22,0,5,Spring,0,0,0,미라시아,스프라이트
2023-05-23,0,5,Spring,0,0,0,미라시아,스프라이트
2023-05-24,0,5,Spring,0,0,0,미라시아,스프라이트
2023-05-25,0,5,Spring,0,0,0,미라시아,스프라이트
2023-05-26,0,5,Spring,0,0,0,미라시아,스프라이트
2023-05-27,0,5,Spring,1,1,1,미라시아,스프라이트
2023-05-28,0,5,Spring,1,0,1,미라시아,스프라이트
2023-05-29,0,5,Spring,0,1,1,미라시아,스프라이트
2023-05-30,0,5,Spring,0,0,0,미라시아,스프라이트
2023-05-31,0,5,Spring,0,0,0,미라시아,스프라이트
2023-06-01,0,6,Summer,0,0,0,미라시아,스프라이트
2023-06-02,1,6,Summer,0,0,0,미라시아,스프라이트
2023-06-03,2,6,Summer,1,0,1,미라시아,스프라이트
2023-06-04,4,6,Summer,1,0,1,미라시아,스프라이트
2023-06-05,1,6,Summer,0,0,0,미라시아,스프라이트
2023-06-06,2,6,Summer,0,1,1,미라시아,스프라이트
2023-06-07,0,6,Summer,0,0,0,미라시아,스프라이트
2023-06-08,0,6,Summer,0,0,0,미라시아,스프라이트
2023-06-09,0,6,Summer,0,0,0,미라시아,스프라이트
2023-06-10,2,6,Summer,1,0,1,미라시아,스프라이트
2023-06-11,0,6,Summer,1,0,1,미라시아,스프라이트
2023-06-12,0,6,Summer,0,0,0,미라시아,스프라이트
2023-06-13,1,6,Summer,0,0,0,미라시아,스프라이트
2023-06-14,0,6,Summer,0,0,0,미라시아,스프라이트
2023-06-15,0,6,Summer,0,0,0,미라시아,스프라이트
2023-06-16,1,6,Summer,0,0,0,미라시아,스프라이트
2023-06-17,3,6,Summer,1,0,1,미라시아,스프라이트
2023-06-18,0,6,Summer,1,0,1,미라시아,스프라이트
2023-06-19,0,6,Summer,0,0,0,미라시아,스프라이트
2023-06-20,0,6,Summer,0,0,0,미라시아,스프라이트
2023-06-21,0,6,Summer,0,0,0,미라시아,스프라이트
2023-06-22,0,6,Summer,0,0,0,미라시아,스프라이트
2023-06-23,4,6,Summer,0,0,0,미라시아,스프라이트
2023-06-24,4,6,Summer,1,0,1,미라시아,스프라이트
2023-06-25,1,6,Summer,1,0,1,미라시아,스프라이트
2023-06-26,0,6,Summer,0,0,0,미라시아,스프라이트
2023-06-27,0,6,Summer,0,0,0,미라시아,스프라이트
2023-06-28,3,6,Summer,0,0,0,미라시아,스프라이트
2023-06-29,0,6,Summer,0,0,0,미라시아,스프라이트
2023-06-30,2,6,Summer,0,0,0,미라시아,스프라이트
2023-07-01,5,7,Summer,1,0,1,미라시아,스프라이트
2023-07-02,1,7,Summer,1,0,1,미라시아,스프라이트
2023-07-03,1,7,Summer,0,0,0,미라시아,스프라이트
2023-07-04,0,7,Summer,0,0,0,미라시아,스프라이트
2023-07-05,0,7,Summer,0,0,0,미라시아,스프라이트
2023-07-06,6,7,Summer,0,0,0,미라시아,스프라이트
2023-07-07,0,7,Summer,0,0,0,미라시아,스프라이트
2023-07-08,5,7,Summer,1,0,1,미라시아,스프라이트
2023-07-09,0,7,Summer,1,0,1,미라시아,스프라이트
2023-07-10,0,7,Summer,0,0,0,미라시아,스프라이트
2023-07-11,0,7,Summer,0,0,0,미라시아,스프라이트
2023-07-12,0,7,Summer,0,0,0,미라시아,스프라이트
2023-07-13,0,7,Summer,0,0,0,미라시아,스프라이트
2023-07-14,0,7,Summer,0,0,0,미라시아,스프라이트
2023-07-15,3,7,Summer,1,0,1,미라시아,스프라이트
2023-07-16,3,7,Summer,1,0,1,미라시아,스프라이트
2023-07-17,0,7,Summer,0,0,0,미라시아,스프라이트
2023-07-18,2,7,Summer,0,0,0,미라시아,스프라이트
2023-07-19,0,7,Summer,0,0,0,미라시아,스프라이트
2023-07-20,0,7,Summer,0,0,0,미라시아,스프라이트
2023-07-21,0,7,Summer,0,0,0,미라시아,스프라이트
2023-07-22,4,7,Summer,1,0,1,미라시아,스프라이트
2023-07-23,0,7,Summer,1,0,1,미라시아,스프라이트
2023-07-24,2,7,Summer,0,0,0,미라시아,스프라이트
2023-07-25,0,7,Summer,0,0,0,미라시아,스프라이트
2023-07-26,6,7,Summer,0,0,0,미라시아,스프라이트
2023-07-27,2,7,Summer,0,0,0,미라시아,스프라이트
2023-07-28,0,7,Summer,0,0,0,미라시아,스프라이트
2023-07-29,2,7,Summer,1,0,1,미라시아,스프라이트
2023-07-30,1,7,Summer,1,0,1,미라시아,스프라이트
2023-07-31,5,7,Summer,0,0,0,미라시아,스프라이트
2023-08-01,2,8,Summer,0,0,0,미라시아,스프라이트
2023-08-02,0,8,Summer,0,0,0,미라시아,스프라이트
2023-08-03,0,8,Summer,0,0,0,미라시아,스프라이트
2023-08-04,2,8,Summer,0,0,0,미라시아,스프라이트
2023-08-05,4,8,Summer,1,0,1,미라시아,스프라이트
2023-08-06,1,8,Summer,1,0,1,미라시아,스프라이트
2023-08-07,5,8,Summer,0,0,0,미라시아,스프라이트
2023-08-08,1,8,Summer,0,0,0,미라시아,스프라이트
2023-08-09,0,8,Summer,0,0,0,미라시아,스프라이트
2023-08-10,3,8,Summer,0,0,0,미라시아,스프라이트
2023-08-11,0,8,Summer,0,0,0,미라시아,스프라이트
2023-08-12,0,8,Summer,1,0,1,미라시아,스프라이트
2023-08-13,0,8,Summer,1,0,1,미라시아,스프라이트
2023-08-14,0,8,Summer,0,0,0,미라시아,스프라이트
2023-08-15,1,8,Summer,0,1,1,미라시아,스프라이트
2023-08-16,1,8,Summer,0,0,0,미라시아,스프라이트
2023-08-17,1,8,Summer,0,0,0,미라시아,스프라이트
2023-08-18,0,8,Summer,0,0,0,미라시아,스프라이트
2023-08-19,4,8,Summer,1,0,1,미라시아,스프라이트
2023-08-20,0,8,Summer,1,0,1,미라시아,스프라이트
2023-08-21,1,8,Summer,0,0,0,미라시아,스프라이트
2023-08-22,3,8,Summer,0,0,0,미라시아,스프라이트
2023-08-23,1,8,Summer,0,0,0,미라시아,스프라이트
2023-08-24,0,8,Summer,0,0,0,미라시아,스프라이트
2023-08-25,1,8,Summer,0,0,0,미라시아,스프라이트
2023-08-26,8,8,Summer,1,0,1,미라시아,스프라이트
2023-08-27,1,8,Summer,1,0,1,미라시아,스프라이트
2023-08-28,1,8,Summer,0,0,0,미라시아,스프라이트
2023-08-29,3,8,Summer,0,0,0,미라시아,스프라이트
2023-08-30,0,8,Summer,0,0,0,미라시아,스프라이트
2023-08-31,0,8,Summer,0,0,0,미라시아,스프라이트
2023-09-01,4,9,Autumn,0,0,0,미라시아,스프라이트
2023-09-02,2,9,Autumn,1,0,1,미라시아,스프라이트
2023-09-03,1,9,Autumn,1,0,1,미라시아,스프라이트
2023-09-04,0,9,Autumn,0,0,0,미라시아,스프라이트
2023-09-05,1,9,Autumn,0,0,0,미라시아,스프라이트
2023-09-06,0,9,Autumn,0,0,0,미라시아,스프라이트
2023-09-07,0,9,Autumn,0,0,0,미라시아,스프라이트
2023-09-08,4,9,Autumn,0,0,0,미라시아,스프라이트
2023-09-09,2,9,Autumn,1,0,1,미라시아,스프라이트
2023-09-10,1,9,Autumn,1,0,1,미라시아,스프라이트
2023-09-11,0,9,Autumn,0,0,0,미라시아,스프라이트
2023-09-12,0,9,Autumn,0,0,0,미라시아,스프라이트
2023-09-13,1,9,Autumn,0,0,0,미라시아,스프라이트
2023-09-14,1,9,Autumn,0,0,0,미라시아,스프라이트
2023-09-15,5,9,Autumn,0,0,0,미라시아,스프라이트
2023-09-16,0,9,Autumn,1,0,1,미라시아,스프라이트
2023-09-17,0,9,Autumn,1,0,1,미라시아,스프라이트
2023-09-18,0,9,Autumn,0,0,0,미라시아,스프라이트
2023-09-19,0,9,Autumn,0,0,0,미라시아,스프라이트
2023-09-20,1,9,Autumn,0,0,0,미라시아,스프라이트
2023-09-21,0,9,Autumn,0,0,0,미라시아,스프라이트
2023-09-22,0,9,Autumn,0,0,0,미라시아,스프라이트
2023-09-23,0,9,Autumn,1,0,1,미라시아,스프라이트
2023-09-24,1,9,Autumn,1,0,1,미라시아,스프라이트
2023-09-25,0,9,Autumn,0,0,0,미라시아,스프라이트
2023-09-26,0,9,Autumn,0,0,0,미라시아,스프라이트
2023-09-27,0,9,Autumn,0,0,0,미라시아,스프라이트
2023-09-28,6,9,Autumn,0,1,1,미라시아,스프라이트
2023-09-29,3,9,Autumn,0,1,1,미라시아,스프라이트
2023-09-30,1,9,Autumn,1,1,1,미라시아,스프라이트
2023-10-01,3,10,Autumn,1,0,1,미라시아,스프라이트
2023-10-02,1,10,Autumn,0,1,1,미라시아,스프라이트
2023-10-03,2,10,Autumn,0,1,1,미라시아,스프라이트
2023-10-04,0,10,Autumn,0,0,0,미라시아,스프라이트
2023-10-05,0,10,Autumn,0,0,0,미라시아,스프라이트
2023-10-06,0,10,Autumn,0,0,0,미라시아,스프라이트
2023-10-07,1,10,Autumn,1,0,1,미라시아,스프라이트
2023-10-08,3,10,Autumn,1,0,1,미라시아,스프라이트
2023-10-09,1,10,Autumn,0,1,1,미라시아,스프라이트
2023-10-10,2,10,Autumn,0,0,0,미라시아,스프라이트
2023-10-11,0,10,Autumn,0,0,0,미라시아,스프라이트
2023-10-12,0,10,Autumn,0,0,0,미라시아,스프라이트
2023-10-13,2,10,Autumn,0,0,0,미라시아,스프라이트
2023-10-14,3,10,Autumn,1,0,1,미라시아,스프라이트
2023-10-15,0,10,Autumn,1,0,1,미라시아,스프라이트
2023-10-16,0,10,Autumn,0,0,0,미라시아,스프라이트
2023-10-17,1,10,Autumn,0,0,0,미라시아,스프라이트
2023-10-18,0,10,Autumn,0,0,0,미라시아,스프라이트
2023-10-19,0,10,Autumn,0,0,0,미라시아,스프라이트
2023-10-20,2,10,Autumn,0,0,0,미라시아,스프라이트
2023-10-21,5,10,Autumn,1,0,1,미라시아,스프라이트
2023-10-22,2,10,Autumn,1,0,1,미라시아,스프라이트
2023-10-23,0,10,Autumn,0,0,0,미라시아,스프라이트
2023-10-24,1,10,Autumn,0,0,0,미라시아,스프라이트
2023-10-25,0,10,Autumn,0,0,0,미라시아,스프라이트
2023-10-26,0,10,Autumn,0,0,0,미라시아,스프라이트
2023-10-27,2,10,Autumn,0,0,0,미라시아,스프라이트
2023-10-28,4,10,Autumn,1,0,1,미라시아,스프라이트
2023-10-29,0,10,Autumn,1,0,1,미라시아,스프라이트
2023-10-30,2,10,Autumn,0,0,0,미라시아,스프라이트
2023-10-31,1,10,Autumn,0,0,0,미라시아,스프라이트
2023-11-01,0,11,Autumn,0,0,0,미라시아,스프라이트
2023-11-02,0,11,Autumn,0,0,0,미라시아,스프라이트
2023-11-03,1,11,Autumn,0,0,0,미라시아,스프라이트
2023-11-04,0,11,Autumn,1,0,1,미라시아,스프라이트
2023-11-05,3,11,Autumn,1,0,1,미라시아,스프라이트
2023-11-06,1,11,Autumn,0,0,0,미라시아,스프라이트
2023-11-07,1,11,Autumn,0,0,0,미라시아,스프라이트
2023-11-08,2,11,Autumn,0,0,0,미라시아,스프라이트
2023-11-09,0,11,Autumn,0,0,0,미라시아,스프라이트
2023-11-10,2,11,Autumn,0,0,0,미라시아,스프라이트
2023-11-11,1,11,Autumn,1,0,1,미라시아,스프라이트
2023-11-12,1,11,Autumn,1,0,1,미라시아,스프라이트
2023-11-13,0,11,Autumn,0,0,0,미라시아,스프라이트
2023-11-14,0,11,Autumn,0,0,0,미라시아,스프라이트
2023-11-15,0,11,Autumn,0,0,0,미라시아,스프라이트
2023-11-16,1,11,Autumn,0,0,0,미라시아,스프라이트
2023-11-17,3,11,Autumn,0,0,0,미라시아,스프라이트
2023-11-18,3,11,Autumn,1,0,1,미라시아,스프라이트
2023-11-19,2,11,Autumn,1,0,1,미라시아,스프라이트
2023-11-20,1,11,Autumn,0,0,0,미라시아,스프라이트
2023-11-21,0,11,Autumn,0,0,0,미라시아,스프라이트
2023-11-22,1,11,Autumn,0,0,0,미라시아,스프라이트
2023-11-23,1,11,Autumn,0,0,0,미라시아,스프라이트
2023-11-24,1,11,Autumn,0,0,0,미라시아,스프라이트
2023-11-25,4,11,Autumn,1,0,1,미라시아,스프라이트
2023-11-26,4,11,Autumn,1,0,1,미라시아,스프라이트
2023-11-27,0,11,Autumn,0,0,0,미라시아,스프라이트
2023-11-28,0,11,Autumn,0,0,0,미라시아,스프라이트
2023-11-29,0,11,Autumn,0,0,0,미라시아,스프라이트
2023-11-30,2,11,Autumn,0,0,0,미라시아,스프라이트
2023-12-01,2,12,Winter,0,0,0,미라시아,스프라이트
2023-12-02,0,12,Winter,1,0,1,미라시아,스프라이트
2023-12-03,0,12,Winter,1,0,1,미라시아,스프라이트
2023-12-04,0,12,Winter,0,0,0,미라시아,스프라이트
2023-12-05,0,12,Winter,0,0,0,미라시아,스프라이트
2023-12-06,0,12,Winter,0,0,0,미라시아,스프라이트
2023-12-07,0,12,Winter,0,0,0,미라시아,스프라이트
2023-12-08,0,12,Winter,0,0,0,미라시아,스프라이트
2023-12-09,3,12,Winter,1,0,1,미라시아,스프라이트
2023-12-10,0,12,Winter,1,0,1,미라시아,스프라이트
2023-12-11,1,12,Winter,0,0,0,미라시아,스프라이트
2023-12-12,0,12,Winter,0,0,0,미라시아,스프라이트
2023-12-13,0,12,Winter,0,0,0,미라시아,스프라이트
2023-12-14,2,12,Winter,0,0,0,미라시아,스프라이트
2023-12-15,5,12,Winter,0,0,0,미라시아,스프라이트
2023-12-16,0,12,Winter,1,0,1,미라시아,스프라이트
2023-12-17,0,12,Winter,1,0,1,미라시아,스프라이트
2023-12-18,1,12,Winter,0,0,0,미라시아,스프라이트
2023-12-19,0,12,Winter,0,0,0,미라시아,스프라이트
2023-12-20,1,12,Winter,0,0,0,미라시아,스프라이트
2023-12-21,1,12,Winter,0,0,0,미라시아,스프라이트
2023-12-22,1,12,Winter,0,0,0,미라시아,스프라이트
2023-12-23,5,12,Winter,1,0,1,미라시아,스프라이트
2023-12-24,6,12,Winter,1,0,1,미라시아,스프라이트
2023-12-25,5,12,Winter,0,1,1,미라시아,스프라이트
2023-12-26,1,12,Winter,0,0,0,미라시아,스프라이트
2023-12-27,1,12,Winter,0,0,0,미라시아,스프라이트
2023-12-28,0,12,Winter,0,0,0,미라시아,스프라이트
2023-12-29,1,12,Winter,0,0,0,미라시아,스프라이트
2023-12-30,8,12,Winter,1,0,1,미라시아,스프라이트
2023-12-31,6,12,Winter,1,0,1,미라시아,스프라이트
2024-01-01,3,1,Winter,0,1,1,미라시아,스프라이트
2024-01-02,2,1,Winter,0,0,0,미라시아,스프라이트
2024-01-03,2,1,Winter,0,0,0,미라시아,스프라이트
2024-01-04,0,1,Winter,0,0,0,미라시아,스프라이트
2024-01-05,0,1,Winter,0,0,0,미라시아,스프라이트
2024-01-06,2,1,Winter,1,0,1,미라시아,스프라이트
2024-01-07,0,1,Winter,1,0,1,미라시아,스프라이트
2024-01-08,3,1,Winter,0,0,0,미라시아,스프라이트
2024-01-09,0,1,Winter,0,0,0,미라시아,스프라이트
2024-01-10,1,1,Winter,0,0,0,미라시아,스프라이트
2024-01-11,1,1,Winter,0,0,0,미라시아,스프라이트
2024-01-12,2,1,Winter,0,0,0,미라시아,스프라이트
2024-01-13,4,1,Winter,1,0,1,미라시아,스프라이트
2024-01-14,0,1,Winter,1,0,1,미라시아,스프라이트
2024-01-15,0,1,Winter,0,0,0,미라시아,스프라이트
2024-01-16,2,1,Winter,0,0,0,미라시아,스프라이트
2024-01-17,2,1,Winter,0,0,0,미라시아,스프라이트
2024-01-18,1,1,Winter,0,0,0,미라시아,스프라이트
2024-01-19,1,1,Winter,0,0,0,미라시아,스프라이트
2024-01-20,1,1,Winter,1,0,1,미라시아,스프라이트
2024-01-21,1,1,Winter,1,0,1,미라시아,스프라이트
2024-01-22,1,1,Winter,0,0,0,미라시아,스프라이트
2024-01-23,1,1,Winter,0,0,0,미라시아,스프라이트
2024-01-24,1,1,Winter,0,0,0,미라시아,스프라이트
2024-01-25,11,1,Winter,0,0,0,미라시아,스프라이트
2024-01-26,0,1,Winter,0,0,0,미라시아,스프라이트
2024-01-27,2,1,Winter,1,0,1,미라시아,스프라이트
2024-01-28,5,1,Winter,1,0,1,미라시아,스프라이트
2024-01-29,0,1,Winter,0,0,0,미라시아,스프라이트
2024-01-30,0,1,Winter,0,0,0,미라시아,스프라이트
2024-01-31,3,1,Winter,0,0,0,미라시아,스프라이트
2024-02-01,0,2,Winter,0,0,0,미라시아,스프라이트
2024-02-02,0,2,Winter,0,0,0,미라시아,스프라이트
2024-02-03,1,2,Winter,1,0,1,미라시아,스프라이트
2024-02-04,1,2,Winter,1,0,1,미라시아,스프라이트
2024-02-05,2,2,Winter,0,0,0,미라시아,스프라이트
2024-02-06,0,2,Winter,0,0,0,미라시아,스프라이트
2024-02-07,2,2,Winter,0,0,0,미라시아,스프라이트
2024-02-08,2,2,Winter,0,0,0,미라시아,스프라이트
2024-02-09,2,2,Winter,0,1,1,미라시아,스프라이트
2024-02-10,1,2,Winter,1,1,1,미라시아,스프라이트
2024-02-11,2,2,Winter,1,1,1,미라시아,스프라이트
2024-02-12,2,2,Winter,0,1,1,미라시아,스프라이트
2024-02-13,0,2,Winter,0,0,0,미라시아,스프라이트
2024-02-14,1,2,Winter,0,0,0,미라시아,스프라이트
2024-02-15,1,2,Winter,0,0,0,미라시아,스프라이트
2024-02-16,1,2,Winter,0,0,0,미라시아,스프라이트
2024-02-17,0,2,Winter,1,0,1,미라시아,스프라이트
2024-02-18,2,2,Winter,1,0,1,미라시아,스프라이트
2024-02-19,0,2,Winter,0,0,0,미라시아,스프라이트
2024-02-20,0,2,Winter,0,0,0,미라시아,스프라이트
2024-02-21,0,2,Winter,0,0,0,미라시아,스프라이트
2024-02-22,0,2,Winter,0,0,0,미라시아,스프라이트
2024-02-23,1,2,Winter,0,0,0,미라시아,스프라이트
2024-02-24,1,2,Winter,1,0,1,미라시아,스프라이트
2024-02-25,1,2,Winter,1,0,1,미라시아,스프라이트
2024-02-26,0,2,Winter,0,0,0,미라시아,스프라이트
2024-02-27,0,2,Winter,0,0,0,미라시아,스프라이트
2024-02-28,4,2,Winter,0,0,0,미라시아,스프라이트
2024-02-29,0,2,Winter,0,0,0,미라시아,스프라이트
2024-03-01,4,3,Spring,0,1,1,미라시아,스프라이트
2024-03-02,4,3,Spring,1,0,1,미라시아,스프라이트
2024-03-03,0,3,Spring,1,0,1,미라시아,스프라이트
2024-03-04,0,3,Spring,0,0,0,미라시아,스프라이트
2024-03-05,0,3,Spring,0,0,0,미라시아,스프라이트
2024-03-06,0,3,Spring,0,0,0,미라시아,스프라이트
2024-03-07,0,3,Spring,0,0,0,미라시아,스프라이트
2024-03-08,0,3,Spring,0,0,0,미라시아,스프라이트
2024-03-09,0,3,Spring,1,0,1,미라시아,스프라이트
2024-03-10,0,3,Spring,1,0,1,미라시아,스프라이트
2024-03-11,0,3,Spring,0,0,0,미라시아,스프라이트
2024-03-12,0,3,Spring,0,0,0,미라시아,스프라이트
2024-03-13,0,3,Spring,0,0,0,미라시아,스프라이트
2024-03-14,0,3,Spring,0,0,0,미라시아,스프라이트
2024-03-15,0,3,Spring,0,0,0,미라시아,스프라이트
2024-03-16,1,3,Spring,1,0,1,미라시아,스프라이트
2024-03-17,0,3,Spring,1,0,1,미라시아,스프라이트
2024-03-18,0,3,Spring,0,0,0,미라시아,스프라이트
2024-03-19,0,3,Spring,0,0,0,미라시아,스프라이트
2024-03-20,0,3,Spring,0,0,0,미라시아,스프라이트
2024-03-21,0,3,Spring,0,0,0,미라시아,스프라이트
2024-03-22,0,3,Spring,0,0,0,미라시아,스프라이트
2024-03-23,1,3,Spring,1,0,1,미라시아,스프라이트
2024-03-24,0,3,Spring,1,0,1,미라시아,스프라이트
2024-03-25,0,3,Spring,0,0,0,미라시아,스프라이트
2024-03-26,0,3,Spring,0,0,0,미라시아,스프라이트
2024-03-27,0,3,Spring,0,0,0,미라시아,스프라이트
2024-03-28,1,3,Spring,0,0,0,미라시아,스프라이트
2024-03-29,0,3,Spring,0,0,0,미라시아,스프라이트
2024-03-30,1,3,Spring,1,0,1,미라시아,스프라이트
2024-03-31,0,3,Spring,1,0,1,미라시아,스프라이트
2024-04-01,0,4,Spring,0,0,0,미라시아,스프라이트
2024-04-02,0,4,Spring,0,0,0,미라시아,스프라이트
2024-04-03,0,4,Spring,0,0,0,미라시아,스프라이트
2024-04-04,0,4,Spring,0,0,0,미라시아,스프라이트
2024-04-05,0,4,Spring,0,0,0,미라시아,스프라이트
2024-04-06,6,4,Spring,1,0,1,미라시아,스프라이트
2024-04-07,1,4,Spring,1,0,1,미라시아,스프라이트
2024-04-08,1,4,Spring,0,0,0,미라시아,스프라이트
2024-04-09,4,4,Spring,0,0,0,미라시아,스프라이트
2024-04-10,0,4,Spring,0,1,1,미라시아,스프라이트
2024-04-11,2,4,Spring,0,0,0,미라시아,스프라이트
2024-04-12,0,4,Spring,0,0,0,미라시아,스프라이트
2024-04-13,0,4,Spring,1,0,1,미라시아,스프라이트
2024-04-14,1,4,Spring,1,0,1,미라시아,스프라이트
2024-04-15,0,4,Spring,0,0,0,미라시아,스프라이트
2024-04-16,0,4,Spring,0,0,0,미라시아,스프라이트
2024-04-17,1,4,Spring,0,0,0,미라시아,스프라이트
2024-04-18,0,4,Spring,0,0,0,미라시아,스프라이트
2024-04-19,0,4,Spring,0,0,0,미라시아,스프라이트
2024-04-20,2,4,Spring,1,0,1,미라시아,스프라이트
2024-04-21,0,4,Spring,1,0,1,미라시아,스프라이트
2024-04-22,1,4,Spring,0,0,0,미라시아,스프라이트
2024-04-23,0,4,Spring,0,0,0,미라시아,스프라이트
2024-04-24,0,4,Spring,0,0,0,미라시아,스프라이트
2024-04-25,0,4,Spring,0,0,0,미라시아,스프라이트
2024-04-26,1,4,Spring,0,0,0,미라시아,스프라이트
2024-04-27,4,4,Spring,1,0,1,미라시아,스프라이트
2024-04-28,2,4,Spring,1,0,1,미라시아,스프라이트
2024-04-29,0,4,Spring,0,0,0,미라시아,스프라이트
2024-04-30,0,4,Spring,0,0,0,미라시아,스프라이트
2024-05-01,1,5,Spring,0,0,0,미라시아,스프라이트
2024-05-02,3,5,Spring,0,0,0,미라시아,스프라이트
2024-05-03,4,5,Spring,0,0,0,미라시아,스프라이트
2024-05-04,3,5,Spring,1,0,1,미라시아,스프라이트
2024-05-05,0,5,Spring,1,1,1,미라시아,스프라이트
2024-05-06,0,5,Spring,0,1,1,미라시아,스프라이트
2024-05-07,0,5,Spring,0,0,0,미라시아,스프라이트
2024-05-08,0,5,Spring,0,0,0,미라시아,스프라이트
2024-05-09,0,5,Spring,0,0,0,미라시아,스프라이트
2024-05-10,0,5,Spring,0,0,0,미라시아,스프라이트
2024-05-11,1,5,Spring,1,0,1,미라시아,스프라이트
2024-05-12,1,5,Spring,1,0,1,미라시아,스프라이트
2024-05-13,0,5,Spring,0,0,0,미라시아,스프라이트
2024-05-14,0,5,Spring,0,0,0,미라시아,스프라이트
2024-05-15,0,5,Spring,0,1,1,미라시아,스프라이트
2024-05-16,0,5,Spring,0,0,0,미라시아,스프라이트
2024-05-17,0,5,Spring,0,0,0,미라시아,스프라이트
2024-05-18,4,5,Spring,1,0,1,미라시아,스프라이트
2024-05-19,0,5,Spring,1,0,1,미라시아,스프라이트
2024-05-20,0,5,Spring,0,0,0,미라시아,스프라이트
2024-05-21,0,5,Spring,0,0,0,미라시아,스프라이트
2024-05-22,0,5,Spring,0,0,0,미라시아,스프라이트
2024-05-23,0,5,Spring,0,0,0,미라시아,스프라이트
2024-05-24,1,5,Spring,0,0,0,미라시아,스프라이트
2024-05-25,0,5,Spring,1,0,1,미라시아,스프라이트
2024-05-26,0,5,Spring,1,0,1,미라시아,스프라이트
2024-05-27,0,5,Spring,0,0,0,미라시아,스프라이트
2024-05-28,0,5,Spring,0,0,0,미라시아,스프라이트
2024-05-29,0,5,Spring,0,0,0,미라시아,스프라이트
2024-05-30,3,5,Spring,0,0,0,미라시아,스프라이트
2024-05-31,1,5,Spring,0,0,0,미라시아,스프라이트
2024-06-01,3,6,Summer,1,0,1,미라시아,스프라이트
2024-06-02,0,6,Summer,1,0,1,미라시아,스프라이트
2024-06-03,0,6,Summer,0,0,0,미라시아,스프라이트
2024-06-04,0,6,Summer,0,0,0,미라시아,스프라이트
2024-06-05,0,6,Summer,0,0,0,미라시아,스프라이트
2024-06-06,0,6,Summer,0,1,1,미라시아,스프라이트
2024-06-07,0,6,Summer,0,0,0,미라시아,스프라이트
2024-06-08,2,6,Summer,1,0,1,미라시아,스프라이트
2024-06-09,0,6,Summer,1,0,1,미라시아,스프라이트
2024-06-10,2,6,Summer,0,0,0,미라시아,스프라이트
2024-06-11,0,6,Summer,0,0,0,미라시아,스프라이트
2024-06-12,0,6,Summer,0,0,0,미라시아,스프라이트
2024-06-13,0,6,Summer,0,0,0,미라시아,스프라이트
2024-06-14,0,6,Summer,0,0,0,미라시아,스프라이트
2024-06-15,4,6,Summer,1,0,1,미라시아,스프라이트
2023-01-01,5,1,Winter,1,1,1,미라시아,애플망고 에이드
2023-01-02,5,1,Winter,0,0,0,미라시아,애플망고 에이드
2023-01-03,2,1,Winter,0,0,0,미라시아,애플망고 에이드
2023-01-04,4,1,Winter,0,0,0,미라시아,애플망고 에이드
2023-01-05,0,1,Winter,0,0,0,미라시아,애플망고 에이드
2023-01-06,0,1,Winter,0,0,0,미라시아,애플망고 에이드
2023-01-07,5,1,Winter,1,0,1,미라시아,애플망고 에이드
2023-01-08,2,1,Winter,1,0,1,미라시아,애플망고 에이드
2023-01-09,1,1,Winter,0,0,0,미라시아,애플망고 에이드
2023-01-10,4,1,Winter,0,0,0,미라시아,애플망고 에이드
2023-01-11,4,1,Winter,0,0,0,미라시아,애플망고 에이드
2023-01-12,5,1,Winter,0,0,0,미라시아,애플망고 에이드
2023-01-13,5,1,Winter,0,0,0,미라시아,애플망고 에이드
2023-01-14,4,1,Winter,1,0,1,미라시아,애플망고 에이드
2023-01-15,0,1,Winter,1,0,1,미라시아,애플망고 에이드
2023-01-16,3,1,Winter,0,0,0,미라시아,애플망고 에이드
2023-01-17,3,1,Winter,0,0,0,미라시아,애플망고 에이드
2023-01-18,5,1,Winter,0,0,0,미라시아,애플망고 에이드
2023-01-19,6,1,Winter,0,0,0,미라시아,애플망고 에이드
2023-01-20,10,1,Winter,0,0,0,미라시아,애플망고 에이드
2023-01-21,11,1,Winter,1,1,1,미라시아,애플망고 에이드
2023-01-22,11,1,Winter,1,1,1,미라시아,애플망고 에이드
2023-01-23,3,1,Winter,0,1,1,미라시아,애플망고 에이드
2023-01-24,2,1,Winter,0,1,1,미라시아,애플망고 에이드
2023-01-25,4,1,Winter,0,0,0,미라시아,애플망고 에이드
2023-01-26,3,1,Winter,0,0,0,미라시아,애플망고 에이드
2023-01-27,3,1,Winter,0,0,0,미라시아,애플망고 에이드
2023-01-28,6,1,Winter,1,0,1,미라시아,애플망고 에이드
2023-01-29,4,1,Winter,1,0,1,미라시아,애플망고 에이드
2023-01-30,3,1,Winter,0,0,0,미라시아,애플망고 에이드
2023-01-31,2,1,Winter,0,0,0,미라시아,애플망고 에이드
2023-02-01,2,2,Winter,0,0,0,미라시아,애플망고 에이드
2023-02-02,4,2,Winter,0,0,0,미라시아,애플망고 에이드
2023-02-03,3,2,Winter,0,0,0,미라시아,애플망고 에이드
2023-02-04,6,2,Winter,1,0,1,미라시아,애플망고 에이드
2023-02-05,6,2,Winter,1,0,1,미라시아,애플망고 에이드
2023-02-06,4,2,Winter,0,0,0,미라시아,애플망고 에이드
2023-02-07,3,2,Winter,0,0,0,미라시아,애플망고 에이드
2023-02-08,0,2,Winter,0,0,0,미라시아,애플망고 에이드
2023-02-09,4,2,Winter,0,0,0,미라시아,애플망고 에이드
2023-02-10,4,2,Winter,0,0,0,미라시아,애플망고 에이드
2023-02-11,12,2,Winter,1,0,1,미라시아,애플망고 에이드
2023-02-12,5,2,Winter,1,0,1,미라시아,애플망고 에이드
2023-02-13,6,2,Winter,0,0,0,미라시아,애플망고 에이드
2023-02-14,0,2,Winter,0,0,0,미라시아,애플망고 에이드
2023-02-15,4,2,Winter,0,0,0,미라시아,애플망고 에이드
2023-02-16,3,2,Winter,0,0,0,미라시아,애플망고 에이드
2023-02-17,0,2,Winter,0,0,0,미라시아,애플망고 에이드
2023-02-18,8,2,Winter,1,0,1,미라시아,애플망고 에이드
2023-02-19,0,2,Winter,1,0,1,미라시아,애플망고 에이드
2023-02-20,1,2,Winter,0,0,0,미라시아,애플망고 에이드
2023-02-21,2,2,Winter,0,0,0,미라시아,애플망고 에이드
2023-02-22,2,2,Winter,0,0,0,미라시아,애플망고 에이드
2023-02-23,13,2,Winter,0,0,0,미라시아,애플망고 에이드
2023-02-24,6,2,Winter,0,0,0,미라시아,애플망고 에이드
2023-02-25,8,2,Winter,1,0,1,미라시아,애플망고 에이드
2023-02-26,11,2,Winter,1,0,1,미라시아,애플망고 에이드
2023-02-27,2,2,Winter,0,0,0,미라시아,애플망고 에이드
2023-02-28,6,2,Winter,0,0,0,미라시아,애플망고 에이드
2023-03-01,0,3,Spring,0,1,1,미라시아,애플망고 에이드
2023-03-02,0,3,Spring,0,0,0,미라시아,애플망고 에이드
2023-03-03,0,3,Spring,0,0,0,미라시아,애플망고 에이드
2023-03-04,0,3,Spring,1,0,1,미라시아,애플망고 에이드
2023-03-05,0,3,Spring,1,0,1,미라시아,애플망고 에이드
2023-03-06,0,3,Spring,0,0,0,미라시아,애플망고 에이드
2023-03-07,0,3,Spring,0,0,0,미라시아,애플망고 에이드
2023-03-08,0,3,Spring,0,0,0,미라시아,애플망고 에이드
2023-03-09,0,3,Spring,0,0,0,미라시아,애플망고 에이드
2023-03-10,1,3,Spring,0,0,0,미라시아,애플망고 에이드
2023-03-11,8,3,Spring,1,0,1,미라시아,애플망고 에이드
2023-03-12,0,3,Spring,1,0,1,미라시아,애플망고 에이드
2023-03-13,1,3,Spring,0,0,0,미라시아,애플망고 에이드
2023-03-14,0,3,Spring,0,0,0,미라시아,애플망고 에이드
2023-03-15,0,3,Spring,0,0,0,미라시아,애플망고 에이드
2023-03-16,0,3,Spring,0,0,0,미라시아,애플망고 에이드
2023-03-17,1,3,Spring,0,0,0,미라시아,애플망고 에이드
2023-03-18,3,3,Spring,1,0,1,미라시아,애플망고 에이드
2023-03-19,1,3,Spring,1,0,1,미라시아,애플망고 에이드
2023-03-20,1,3,Spring,0,0,0,미라시아,애플망고 에이드
2023-03-21,0,3,Spring,0,0,0,미라시아,애플망고 에이드
2023-03-22,0,3,Spring,0,0,0,미라시아,애플망고 에이드
2023-03-23,0,3,Spring,0,0,0,미라시아,애플망고 에이드
2023-03-24,1,3,Spring,0,0,0,미라시아,애플망고 에이드
2023-03-25,7,3,Spring,1,0,1,미라시아,애플망고 에이드
2023-03-26,1,3,Spring,1,0,1,미라시아,애플망고 에이드
2023-03-27,0,3,Spring,0,0,0,미라시아,애플망고 에이드
2023-03-28,0,3,Spring,0,0,0,미라시아,애플망고 에이드
2023-03-29,0,3,Spring,0,0,0,미라시아,애플망고 에이드
2023-03-30,1,3,Spring,0,0,0,미라시아,애플망고 에이드
2023-03-31,1,3,Spring,0,0,0,미라시아,애플망고 에이드
2023-04-01,2,4,Spring,1,0,1,미라시아,애플망고 에이드
2023-04-02,1,4,Spring,1,0,1,미라시아,애플망고 에이드
2023-04-03,0,4,Spring,0,0,0,미라시아,애플망고 에이드
2023-04-04,0,4,Spring,0,0,0,미라시아,애플망고 에이드
2023-04-05,0,4,Spring,0,0,0,미라시아,애플망고 에이드
2023-04-06,0,4,Spring,0,0,0,미라시아,애플망고 에이드
2023-04-07,1,4,Spring,0,0,0,미라시아,애플망고 에이드
2023-04-08,0,4,Spring,1,0,1,미라시아,애플망고 에이드
2023-04-09,0,4,Spring,1,0,1,미라시아,애플망고 에이드
2023-04-10,5,4,Spring,0,0,0,미라시아,애플망고 에이드
2023-04-11,9,4,Spring,0,0,0,미라시아,애플망고 에이드
2023-04-12,1,4,Spring,0,0,0,미라시아,애플망고 에이드
2023-04-13,1,4,Spring,0,0,0,미라시아,애플망고 에이드
2023-04-14,1,4,Spring,0,0,0,미라시아,애플망고 에이드
2023-04-15,3,4,Spring,1,0,1,미라시아,애플망고 에이드
2023-04-16,2,4,Spring,1,0,1,미라시아,애플망고 에이드
2023-04-17,1,4,Spring,0,0,0,미라시아,애플망고 에이드
2023-04-18,2,4,Spring,0,0,0,미라시아,애플망고 에이드
2023-04-19,0,4,Spring,0,0,0,미라시아,애플망고 에이드
2023-04-20,0,4,Spring,0,0,0,미라시아,애플망고 에이드
2023-04-21,2,4,Spring,0,0,0,미라시아,애플망고 에이드
2023-04-22,4,4,Spring,1,0,1,미라시아,애플망고 에이드
2023-04-23,1,4,Spring,1,0,1,미라시아,애플망고 에이드
2023-04-24,1,4,Spring,0,0,0,미라시아,애플망고 에이드
2023-04-25,0,4,Spring,0,0,0,미라시아,애플망고 에이드
2023-04-26,0,4,Spring,0,0,0,미라시아,애플망고 에이드
2023-04-27,0,4,Spring,0,0,0,미라시아,애플망고 에이드
2023-04-28,1,4,Spring,0,0,0,미라시아,애플망고 에이드
2023-04-29,1,4,Spring,1,0,1,미라시아,애플망고 에이드
2023-04-30,4,4,Spring,1,0,1,미라시아,애플망고 에이드
2023-05-01,1,5,Spring,0,0,0,미라시아,애플망고 에이드
2023-05-02,1,5,Spring,0,0,0,미라시아,애플망고 에이드
2023-05-03,1,5,Spring,0,0,0,미라시아,애플망고 에이드
2023-05-04,0,5,Spring,0,0,0,미라시아,애플망고 에이드
2023-05-05,0,5,Spring,0,1,1,미라시아,애플망고 에이드
2023-05-06,0,5,Spring,1,0,1,미라시아,애플망고 에이드
2023-05-07,0,5,Spring,1,0,1,미라시아,애플망고 에이드
2023-05-08,1,5,Spring,0,0,0,미라시아,애플망고 에이드
2023-05-09,1,5,Spring,0,0,0,미라시아,애플망고 에이드
2023-05-10,3,5,Spring,0,0,0,미라시아,애플망고 에이드
2023-05-11,0,5,Spring,0,0,0,미라시아,애플망고 에이드
2023-05-12,0,5,Spring,0,0,0,미라시아,애플망고 에이드
2023-05-13,0,5,Spring,1,0,1,미라시아,애플망고 에이드
2023-05-14,0,5,Spring,1,0,1,미라시아,애플망고 에이드
2023-05-15,0,5,Spring,0,0,0,미라시아,애플망고 에이드
2023-05-16,1,5,Spring,0,0,0,미라시아,애플망고 에이드
2023-05-17,2,5,Spring,0,0,0,미라시아,애플망고 에이드
2023-05-18,1,5,Spring,0,0,0,미라시아,애플망고 에이드
2023-05-19,0,5,Spring,0,0,0,미라시아,애플망고 에이드
2023-05-20,0,5,Spring,1,0,1,미라시아,애플망고 에이드
2023-05-21,0,5,Spring,1,0,1,미라시아,애플망고 에이드
2023-05-22,0,5,Spring,0,0,0,미라시아,애플망고 에이드
2023-05-23,0,5,Spring,0,0,0,미라시아,애플망고 에이드
2023-05-24,0,5,Spring,0,0,0,미라시아,애플망고 에이드
2023-05-25,1,5,Spring,0,0,0,미라시아,애플망고 에이드
2023-05-26,0,5,Spring,0,0,0,미라시아,애플망고 에이드
2023-05-27,0,5,Spring,1,1,1,미라시아,애플망고 에이드
2023-05-28,0,5,Spring,1,0,1,미라시아,애플망고 에이드
2023-05-29,2,5,Spring,0,1,1,미라시아,애플망고 에이드
2023-05-30,0,5,Spring,0,0,0,미라시아,애플망고 에이드
2023-05-31,0,5,Spring,0,0,0,미라시아,애플망고 에이드
2023-06-01,0,6,Summer,0,0,0,미라시아,애플망고 에이드
2023-06-02,0,6,Summer,0,0,0,미라시아,애플망고 에이드
2023-06-03,5,6,Summer,1,0,1,미라시아,애플망고 에이드
2023-06-04,8,6,Summer,1,0,1,미라시아,애플망고 에이드
2023-06-05,4,6,Summer,0,0,0,미라시아,애플망고 에이드
2023-06-06,2,6,Summer,0,1,1,미라시아,애플망고 에이드
2023-06-07,0,6,Summer,0,0,0,미라시아,애플망고 에이드
2023-06-08,0,6,Summer,0,0,0,미라시아,애플망고 에이드
2023-06-09,4,6,Summer,0,0,0,미라시아,애플망고 에이드
2023-06-10,3,6,Summer,1,0,1,미라시아,애플망고 에이드
2023-06-11,1,6,Summer,1,0,1,미라시아,애플망고 에이드
2023-06-12,0,6,Summer,0,0,0,미라시아,애플망고 에이드
2023-06-13,0,6,Summer,0,0,0,미라시아,애플망고 에이드
2023-06-14,0,6,Summer,0,0,0,미라시아,애플망고 에이드
2023-06-15,1,6,Summer,0,0,0,미라시아,애플망고 에이드
2023-06-16,1,6,Summer,0,0,0,미라시아,애플망고 에이드
2023-06-17,5,6,Summer,1,0,1,미라시아,애플망고 에이드
2023-06-18,1,6,Summer,1,0,1,미라시아,애플망고 에이드
2023-06-19,0,6,Summer,0,0,0,미라시아,애플망고 에이드
2023-06-20,0,6,Summer,0,0,0,미라시아,애플망고 에이드
2023-06-21,1,6,Summer,0,0,0,미라시아,애플망고 에이드
2023-06-22,0,6,Summer,0,0,0,미라시아,애플망고 에이드
2023-06-23,5,6,Summer,0,0,0,미라시아,애플망고 에이드
2023-06-24,3,6,Summer,1,0,1,미라시아,애플망고 에이드
2023-06-25,2,6,Summer,1,0,1,미라시아,애플망고 에이드
2023-06-26,0,6,Summer,0,0,0,미라시아,애플망고 에이드
2023-06-27,0,6,Summer,0,0,0,미라시아,애플망고 에이드
2023-06-28,0,6,Summer,0,0,0,미라시아,애플망고 에이드
2023-06-29,1,6,Summer,0,0,0,미라시아,애플망고 에이드
2023-06-30,3,6,Summer,0,0,0,미라시아,애플망고 에이드
2023-07-01,8,7,Summer,1,0,1,미라시아,애플망고 에이드
2023-07-02,1,7,Summer,1,0,1,미라시아,애플망고 에이드
2023-07-03,3,7,Summer,0,0,0,미라시아,애플망고 에이드
2023-07-04,0,7,Summer,0,0,0,미라시아,애플망고 에이드
2023-07-05,0,7,Summer,0,0,0,미라시아,애플망고 에이드
2023-07-06,3,7,Summer,0,0,0,미라시아,애플망고 에이드
2023-07-07,4,7,Summer,0,0,0,미라시아,애플망고 에이드
2023-07-08,9,7,Summer,1,0,1,미라시아,애플망고 에이드
2023-07-09,2,7,Summer,1,0,1,미라시아,애플망고 에이드
2023-07-10,0,7,Summer,0,0,0,미라시아,애플망고 에이드
2023-07-11,0,7,Summer,0,0,0,미라시아,애플망고 에이드
2023-07-12,0,7,Summer,0,0,0,미라시아,애플망고 에이드
2023-07-13,0,7,Summer,0,0,0,미라시아,애플망고 에이드
2023-07-14,8,7,Summer,0,0,0,미라시아,애플망고 에이드
2023-07-15,12,7,Summer,1,0,1,미라시아,애플망고 에이드
2023-07-16,0,7,Summer,1,0,1,미라시아,애플망고 에이드
2023-07-17,1,7,Summer,0,0,0,미라시아,애플망고 에이드
2023-07-18,1,7,Summer,0,0,0,미라시아,애플망고 에이드
2023-07-19,4,7,Summer,0,0,0,미라시아,애플망고 에이드
2023-07-20,2,7,Summer,0,0,0,미라시아,애플망고 에이드
2023-07-21,5,7,Summer,0,0,0,미라시아,애플망고 에이드
2023-07-22,3,7,Summer,1,0,1,미라시아,애플망고 에이드
2023-07-23,2,7,Summer,1,0,1,미라시아,애플망고 에이드
2023-07-24,4,7,Summer,0,0,0,미라시아,애플망고 에이드
2023-07-25,3,7,Summer,0,0,0,미라시아,애플망고 에이드
2023-07-26,3,7,Summer,0,0,0,미라시아,애플망고 에이드
2023-07-27,2,7,Summer,0,0,0,미라시아,애플망고 에이드
2023-07-28,1,7,Summer,0,0,0,미라시아,애플망고 에이드
2023-07-29,7,7,Summer,1,0,1,미라시아,애플망고 에이드
2023-07-30,7,7,Summer,1,0,1,미라시아,애플망고 에이드
2023-07-31,5,7,Summer,0,0,0,미라시아,애플망고 에이드
2023-08-01,8,8,Summer,0,0,0,미라시아,애플망고 에이드
2023-08-02,2,8,Summer,0,0,0,미라시아,애플망고 에이드
2023-08-03,2,8,Summer,0,0,0,미라시아,애플망고 에이드
2023-08-04,2,8,Summer,0,0,0,미라시아,애플망고 에이드
2023-08-05,2,8,Summer,1,0,1,미라시아,애플망고 에이드
2023-08-06,6,8,Summer,1,0,1,미라시아,애플망고 에이드
2023-08-07,5,8,Summer,0,0,0,미라시아,애플망고 에이드
2023-08-08,2,8,Summer,0,0,0,미라시아,애플망고 에이드
2023-08-09,3,8,Summer,0,0,0,미라시아,애플망고 에이드
2023-08-10,6,8,Summer,0,0,0,미라시아,애플망고 에이드
2023-08-11,5,8,Summer,0,0,0,미라시아,애플망고 에이드
2023-08-12,3,8,Summer,1,0,1,미라시아,애플망고 에이드
2023-08-13,5,8,Summer,1,0,1,미라시아,애플망고 에이드
2023-08-14,1,8,Summer,0,0,0,미라시아,애플망고 에이드
2023-08-15,1,8,Summer,0,1,1,미라시아,애플망고 에이드
2023-08-16,0,8,Summer,0,0,0,미라시아,애플망고 에이드
2023-08-17,0,8,Summer,0,0,0,미라시아,애플망고 에이드
2023-08-18,2,8,Summer,0,0,0,미라시아,애플망고 에이드
2023-08-19,4,8,Summer,1,0,1,미라시아,애플망고 에이드
2023-08-20,0,8,Summer,1,0,1,미라시아,애플망고 에이드
2023-08-21,1,8,Summer,0,0,0,미라시아,애플망고 에이드
2023-08-22,1,8,Summer,0,0,0,미라시아,애플망고 에이드
2023-08-23,1,8,Summer,0,0,0,미라시아,애플망고 에이드
2023-08-24,1,8,Summer,0,0,0,미라시아,애플망고 에이드
2023-08-25,1,8,Summer,0,0,0,미라시아,애플망고 에이드
2023-08-26,6,8,Summer,1,0,1,미라시아,애플망고 에이드
2023-08-27,3,8,Summer,1,0,1,미라시아,애플망고 에이드
2023-08-28,1,8,Summer,0,0,0,미라시아,애플망고 에이드
2023-08-29,1,8,Summer,0,0,0,미라시아,애플망고 에이드
2023-08-30,1,8,Summer,0,0,0,미라시아,애플망고 에이드
2023-08-31,0,8,Summer,0,0,0,미라시아,애플망고 에이드
2023-09-01,1,9,Autumn,0,0,0,미라시아,애플망고 에이드
2023-09-02,4,9,Autumn,1,0,1,미라시아,애플망고 에이드
2023-09-03,1,9,Autumn,1,0,1,미라시아,애플망고 에이드
2023-09-04,1,9,Autumn,0,0,0,미라시아,애플망고 에이드
2023-09-05,7,9,Autumn,0,0,0,미라시아,애플망고 에이드
2023-09-06,0,9,Autumn,0,0,0,미라시아,애플망고 에이드
2023-09-07,1,9,Autumn,0,0,0,미라시아,애플망고 에이드
2023-09-08,0,9,Autumn,0,0,0,미라시아,애플망고 에이드
2023-09-09,2,9,Autumn,1,0,1,미라시아,애플망고 에이드
2023-09-10,3,9,Autumn,1,0,1,미라시아,애플망고 에이드
2023-09-11,3,9,Autumn,0,0,0,미라시아,애플망고 에이드
2023-09-12,2,9,Autumn,0,0,0,미라시아,애플망고 에이드
2023-09-13,0,9,Autumn,0,0,0,미라시아,애플망고 에이드
2023-09-14,0,9,Autumn,0,0,0,미라시아,애플망고 에이드
2023-09-15,6,9,Autumn,0,0,0,미라시아,애플망고 에이드
2023-09-16,4,9,Autumn,1,0,1,미라시아,애플망고 에이드
2023-09-17,0,9,Autumn,1,0,1,미라시아,애플망고 에이드
2023-09-18,0,9,Autumn,0,0,0,미라시아,애플망고 에이드
2023-09-19,0,9,Autumn,0,0,0,미라시아,애플망고 에이드
2023-09-20,3,9,Autumn,0,0,0,미라시아,애플망고 에이드
2023-09-21,0,9,Autumn,0,0,0,미라시아,애플망고 에이드
2023-09-22,1,9,Autumn,0,0,0,미라시아,애플망고 에이드
2023-09-23,2,9,Autumn,1,0,1,미라시아,애플망고 에이드
2023-09-24,0,9,Autumn,1,0,1,미라시아,애플망고 에이드
2023-09-25,0,9,Autumn,0,0,0,미라시아,애플망고 에이드
2023-09-26,0,9,Autumn,0,0,0,미라시아,애플망고 에이드
2023-09-27,1,9,Autumn,0,0,0,미라시아,애플망고 에이드
2023-09-28,8,9,Autumn,0,1,1,미라시아,애플망고 에이드
2023-09-29,5,9,Autumn,0,1,1,미라시아,애플망고 에이드
2023-09-30,4,9,Autumn,1,1,1,미라시아,애플망고 에이드
2023-10-01,3,10,Autumn,1,0,1,미라시아,애플망고 에이드
2023-10-02,3,10,Autumn,0,1,1,미라시아,애플망고 에이드
2023-10-03,1,10,Autumn,0,1,1,미라시아,애플망고 에이드
2023-10-04,1,10,Autumn,0,0,0,미라시아,애플망고 에이드
2023-10-05,0,10,Autumn,0,0,0,미라시아,애플망고 에이드
2023-10-06,3,10,Autumn,0,0,0,미라시아,애플망고 에이드
2023-10-07,7,10,Autumn,1,0,1,미라시아,애플망고 에이드
2023-10-08,4,10,Autumn,1,0,1,미라시아,애플망고 에이드
2023-10-09,2,10,Autumn,0,1,1,미라시아,애플망고 에이드
2023-10-10,3,10,Autumn,0,0,0,미라시아,애플망고 에이드
2023-10-11,3,10,Autumn,0,0,0,미라시아,애플망고 에이드
2023-10-12,1,10,Autumn,0,0,0,미라시아,애플망고 에이드
2023-10-13,3,10,Autumn,0,0,0,미라시아,애플망고 에이드
2023-10-14,5,10,Autumn,1,0,1,미라시아,애플망고 에이드
2023-10-15,1,10,Autumn,1,0,1,미라시아,애플망고 에이드
2023-10-16,2,10,Autumn,0,0,0,미라시아,애플망고 에이드
2023-10-17,3,10,Autumn,0,0,0,미라시아,애플망고 에이드
2023-10-18,0,10,Autumn,0,0,0,미라시아,애플망고 에이드
2023-10-19,0,10,Autumn,0,0,0,미라시아,애플망고 에이드
2023-10-20,1,10,Autumn,0,0,0,미라시아,애플망고 에이드
2023-10-21,4,10,Autumn,1,0,1,미라시아,애플망고 에이드
2023-10-22,6,10,Autumn,1,0,1,미라시아,애플망고 에이드
2023-10-23,1,10,Autumn,0,0,0,미라시아,애플망고 에이드
2023-10-24,10,10,Autumn,0,0,0,미라시아,애플망고 에이드
2023-10-25,3,10,Autumn,0,0,0,미라시아,애플망고 에이드
2023-10-26,4,10,Autumn,0,0,0,미라시아,애플망고 에이드
2023-10-27,0,10,Autumn,0,0,0,미라시아,애플망고 에이드
2023-10-28,5,10,Autumn,1,0,1,미라시아,애플망고 에이드
2023-10-29,4,10,Autumn,1,0,1,미라시아,애플망고 에이드
2023-10-30,5,10,Autumn,0,0,0,미라시아,애플망고 에이드
2023-10-31,2,10,Autumn,0,0,0,미라시아,애플망고 에이드
2023-11-01,1,11,Autumn,0,0,0,미라시아,애플망고 에이드
2023-11-02,0,11,Autumn,0,0,0,미라시아,애플망고 에이드
2023-11-03,4,11,Autumn,0,0,0,미라시아,애플망고 에이드
2023-11-04,2,11,Autumn,1,0,1,미라시아,애플망고 에이드
2023-11-05,5,11,Autumn,1,0,1,미라시아,애플망고 에이드
2023-11-06,0,11,Autumn,0,0,0,미라시아,애플망고 에이드
2023-11-07,4,11,Autumn,0,0,0,미라시아,애플망고 에이드
2023-11-08,0,11,Autumn,0,0,0,미라시아,애플망고 에이드
2023-11-09,0,11,Autumn,0,0,0,미라시아,애플망고 에이드
2023-11-10,0,11,Autumn,0,0,0,미라시아,애플망고 에이드
2023-11-11,3,11,Autumn,1,0,1,미라시아,애플망고 에이드
2023-11-12,0,11,Autumn,1,0,1,미라시아,애플망고 에이드
2023-11-13,1,11,Autumn,0,0,0,미라시아,애플망고 에이드
2023-11-14,5,11,Autumn,0,0,0,미라시아,애플망고 에이드
2023-11-15,1,11,Autumn,0,0,0,미라시아,애플망고 에이드
2023-11-16,1,11,Autumn,0,0,0,미라시아,애플망고 에이드
2023-11-17,3,11,Autumn,0,0,0,미라시아,애플망고 에이드
2023-11-18,2,11,Autumn,1,0,1,미라시아,애플망고 에이드
2023-11-19,1,11,Autumn,1,0,1,미라시아,애플망고 에이드
2023-11-20,0,11,Autumn,0,0,0,미라시아,애플망고 에이드
2023-11-21,1,11,Autumn,0,0,0,미라시아,애플망고 에이드
2023-11-22,1,11,Autumn,0,0,0,미라시아,애플망고 에이드
2023-11-23,1,11,Autumn,0,0,0,미라시아,애플망고 에이드
2023-11-24,3,11,Autumn,0,0,0,미라시아,애플망고 에이드
2023-11-25,2,11,Autumn,1,0,1,미라시아,애플망고 에이드
2023-11-26,2,11,Autumn,1,0,1,미라시아,애플망고 에이드
2023-11-27,1,11,Autumn,0,0,0,미라시아,애플망고 에이드
2023-11-28,0,11,Autumn,0,0,0,미라시아,애플망고 에이드
2023-11-29,1,11,Autumn,0,0,0,미라시아,애플망고 에이드
2023-11-30,2,11,Autumn,0,0,0,미라시아,애플망고 에이드
2023-12-01,0,12,Winter,0,0,0,미라시아,애플망고 에이드
2023-12-02,13,12,Winter,1,0,1,미라시아,애플망고 에이드
2023-12-03,0,12,Winter,1,0,1,미라시아,애플망고 에이드
2023-12-04,0,12,Winter,0,0,0,미라시아,애플망고 에이드
2023-12-05,0,12,Winter,0,0,0,미라시아,애플망고 에이드
2023-12-06,0,12,Winter,0,0,0,미라시아,애플망고 에이드
2023-12-07,0,12,Winter,0,0,0,미라시아,애플망고 에이드
2023-12-08,2,12,Winter,0,0,0,미라시아,애플망고 에이드
2023-12-09,9,12,Winter,1,0,1,미라시아,애플망고 에이드
2023-12-10,4,12,Winter,1,0,1,미라시아,애플망고 에이드
2023-12-11,5,12,Winter,0,0,0,미라시아,애플망고 에이드
2023-12-12,3,12,Winter,0,0,0,미라시아,애플망고 에이드
2023-12-13,1,12,Winter,0,0,0,미라시아,애플망고 에이드
2023-12-14,1,12,Winter,0,0,0,미라시아,애플망고 에이드
2023-12-15,10,12,Winter,0,0,0,미라시아,애플망고 에이드
2023-12-16,5,12,Winter,1,0,1,미라시아,애플망고 에이드
2023-12-17,10,12,Winter,1,0,1,미라시아,애플망고 에이드
2023-12-18,2,12,Winter,0,0,0,미라시아,애플망고 에이드
2023-12-19,1,12,Winter,0,0,0,미라시아,애플망고 에이드
2023-12-20,11,12,Winter,0,0,0,미라시아,애플망고 에이드
2023-12-21,2,12,Winter,0,0,0,미라시아,애플망고 에이드
2023-12-22,7,12,Winter,0,0,0,미라시아,애플망고 에이드
2023-12-23,14,12,Winter,1,0,1,미라시아,애플망고 에이드
2023-12-24,10,12,Winter,1,0,1,미라시아,애플망고 에이드
2023-12-25,11,12,Winter,0,1,1,미라시아,애플망고 에이드
2023-12-26,6,12,Winter,0,0,0,미라시아,애플망고 에이드
2023-12-27,1,12,Winter,0,0,0,미라시아,애플망고 에이드
2023-12-28,12,12,Winter,0,0,0,미라시아,애플망고 에이드
2023-12-29,6,12,Winter,0,0,0,미라시아,애플망고 에이드
2023-12-30,7,12,Winter,1,0,1,미라시아,애플망고 에이드
2023-12-31,12,12,Winter,1,0,1,미라시아,애플망고 에이드
2024-01-01,9,1,Winter,0,1,1,미라시아,애플망고 에이드
2024-01-02,7,1,Winter,0,0,0,미라시아,애플망고 에이드
2024-01-03,3,1,Winter,0,0,0,미라시아,애플망고 에이드
2024-01-04,3,1,Winter,0,0,0,미라시아,애플망고 에이드
2024-01-05,8,1,Winter,0,0,0,미라시아,애플망고 에이드
2024-01-06,9,1,Winter,1,0,1,미라시아,애플망고 에이드
2024-01-07,5,1,Winter,1,0,1,미라시아,애플망고 에이드
2024-01-08,3,1,Winter,0,0,0,미라시아,애플망고 에이드
2024-01-09,1,1,Winter,0,0,0,미라시아,애플망고 에이드
2024-01-10,3,1,Winter,0,0,0,미라시아,애플망고 에이드
2024-01-11,3,1,Winter,0,0,0,미라시아,애플망고 에이드
2024-01-12,9,1,Winter,0,0,0,미라시아,애플망고 에이드
2024-01-13,16,1,Winter,1,0,1,미라시아,애플망고 에이드
2024-01-14,6,1,Winter,1,0,1,미라시아,애플망고 에이드
2024-01-15,5,1,Winter,0,0,0,미라시아,애플망고 에이드
2024-01-16,13,1,Winter,0,0,0,미라시아,애플망고 에이드
2024-01-17,7,1,Winter,0,0,0,미라시아,애플망고 에이드
2024-01-18,8,1,Winter,0,0,0,미라시아,애플망고 에이드
2024-01-19,6,1,Winter,0,0,0,미라시아,애플망고 에이드
2024-01-20,8,1,Winter,1,0,1,미라시아,애플망고 에이드
2024-01-21,6,1,Winter,1,0,1,미라시아,애플망고 에이드
2024-01-22,4,1,Winter,0,0,0,미라시아,애플망고 에이드
2024-01-23,6,1,Winter,0,0,0,미라시아,애플망고 에이드
2024-01-24,4,1,Winter,0,0,0,미라시아,애플망고 에이드
2024-01-25,3,1,Winter,0,0,0,미라시아,애플망고 에이드
2024-01-26,11,1,Winter,0,0,0,미라시아,애플망고 에이드
2024-01-27,7,1,Winter,1,0,1,미라시아,애플망고 에이드
2024-01-28,2,1,Winter,1,0,1,미라시아,애플망고 에이드
2024-01-29,5,1,Winter,0,0,0,미라시아,애플망고 에이드
2024-01-30,7,1,Winter,0,0,0,미라시아,애플망고 에이드
2024-01-31,1,1,Winter,0,0,0,미라시아,애플망고 에이드
2024-02-01,2,2,Winter,0,0,0,미라시아,애플망고 에이드
2024-02-02,1,2,Winter,0,0,0,미라시아,애플망고 에이드
2024-02-03,6,2,Winter,1,0,1,미라시아,애플망고 에이드
2024-02-04,5,2,Winter,1,0,1,미라시아,애플망고 에이드
2024-02-05,0,2,Winter,0,0,0,미라시아,애플망고 에이드
2024-02-06,9,2,Winter,0,0,0,미라시아,애플망고 에이드
2024-02-07,3,2,Winter,0,0,0,미라시아,애플망고 에이드
2024-02-08,6,2,Winter,0,0,0,미라시아,애플망고 에이드
2024-02-09,4,2,Winter,0,1,1,미라시아,애플망고 에이드
2024-02-10,12,2,Winter,1,1,1,미라시아,애플망고 에이드
2024-02-11,8,2,Winter,1,1,1,미라시아,애플망고 에이드
2024-02-12,5,2,Winter,0,1,1,미라시아,애플망고 에이드
2024-02-13,1,2,Winter,0,0,0,미라시아,애플망고 에이드
2024-02-14,2,2,Winter,0,0,0,미라시아,애플망고 에이드
2024-02-15,2,2,Winter,0,0,0,미라시아,애플망고 에이드
2024-02-16,25,2,Winter,0,0,0,미라시아,애플망고 에이드
2024-02-17,6,2,Winter,1,0,1,미라시아,애플망고 에이드
2024-02-18,10,2,Winter,1,0,1,미라시아,애플망고 에이드
2024-02-19,3,2,Winter,0,0,0,미라시아,애플망고 에이드
2024-02-20,4,2,Winter,0,0,0,미라시아,애플망고 에이드
2024-02-21,3,2,Winter,0,0,0,미라시아,애플망고 에이드
2024-02-22,9,2,Winter,0,0,0,미라시아,애플망고 에이드
2024-02-23,1,2,Winter,0,0,0,미라시아,애플망고 에이드
2024-02-24,12,2,Winter,1,0,1,미라시아,애플망고 에이드
2024-02-25,2,2,Winter,1,0,1,미라시아,애플망고 에이드
2024-02-26,2,2,Winter,0,0,0,미라시아,애플망고 에이드
2024-02-27,4,2,Winter,0,0,0,미라시아,애플망고 에이드
2024-02-28,1,2,Winter,0,0,0,미라시아,애플망고 에이드
2024-02-29,7,2,Winter,0,0,0,미라시아,애플망고 에이드
2024-03-01,13,3,Spring,0,1,1,미라시아,애플망고 에이드
2024-03-02,4,3,Spring,1,0,1,미라시아,애플망고 에이드
2024-03-03,0,3,Spring,1,0,1,미라시아,애플망고 에이드
2024-03-04,0,3,Spring,0,0,0,미라시아,애플망고 에이드
2024-03-05,0,3,Spring,0,0,0,미라시아,애플망고 에이드
2024-03-06,0,3,Spring,0,0,0,미라시아,애플망고 에이드
2024-03-07,0,3,Spring,0,0,0,미라시아,애플망고 에이드
2024-03-08,0,3,Spring,0,0,0,미라시아,애플망고 에이드
2024-03-09,0,3,Spring,1,0,1,미라시아,애플망고 에이드
2024-03-10,0,3,Spring,1,0,1,미라시아,애플망고 에이드
2024-03-11,0,3,Spring,0,0,0,미라시아,애플망고 에이드
2024-03-12,0,3,Spring,0,0,0,미라시아,애플망고 에이드
2024-03-13,0,3,Spring,0,0,0,미라시아,애플망고 에이드
2024-03-14,0,3,Spring,0,0,0,미라시아,애플망고 에이드
2024-03-15,1,3,Spring,0,0,0,미라시아,애플망고 에이드
2024-03-16,5,3,Spring,1,0,1,미라시아,애플망고 에이드
2024-03-17,0,3,Spring,1,0,1,미라시아,애플망고 에이드
2024-03-18,1,3,Spring,0,0,0,미라시아,애플망고 에이드
2024-03-19,1,3,Spring,0,0,0,미라시아,애플망고 에이드
2024-03-20,0,3,Spring,0,0,0,미라시아,애플망고 에이드
2024-03-21,0,3,Spring,0,0,0,미라시아,애플망고 에이드
2024-03-22,2,3,Spring,0,0,0,미라시아,애플망고 에이드
2024-03-23,6,3,Spring,1,0,1,미라시아,애플망고 에이드
2024-03-24,1,3,Spring,1,0,1,미라시아,애플망고 에이드
2024-03-25,0,3,Spring,0,0,0,미라시아,애플망고 에이드
2024-03-26,1,3,Spring,0,0,0,미라시아,애플망고 에이드
2024-03-27,0,3,Spring,0,0,0,미라시아,애플망고 에이드
2024-03-28,1,3,Spring,0,0,0,미라시아,애플망고 에이드
2024-03-29,4,3,Spring,0,0,0,미라시아,애플망고 에이드
2024-03-30,0,3,Spring,1,0,1,미라시아,애플망고 에이드
2024-03-31,0,3,Spring,1,0,1,미라시아,애플망고 에이드
2024-04-01,0,4,Spring,0,0,0,미라시아,애플망고 에이드
2024-04-02,0,4,Spring,0,0,0,미라시아,애플망고 에이드
2024-04-03,0,4,Spring,0,0,0,미라시아,애플망고 에이드
2024-04-04,1,4,Spring,0,0,0,미라시아,애플망고 에이드
2024-04-05,5,4,Spring,0,0,0,미라시아,애플망고 에이드
2024-04-06,9,4,Spring,1,0,1,미라시아,애플망고 에이드
2024-04-07,3,4,Spring,1,0,1,미라시아,애플망고 에이드
2024-04-08,0,4,Spring,0,0,0,미라시아,애플망고 에이드
2024-04-09,2,4,Spring,0,0,0,미라시아,애플망고 에이드
2024-04-10,5,4,Spring,0,1,1,미라시아,애플망고 에이드
2024-04-11,3,4,Spring,0,0,0,미라시아,애플망고 에이드
2024-04-12,2,4,Spring,0,0,0,미라시아,애플망고 에이드
2024-04-13,4,4,Spring,1,0,1,미라시아,애플망고 에이드
2024-04-14,1,4,Spring,1,0,1,미라시아,애플망고 에이드
2024-04-15,1,4,Spring,0,0,0,미라시아,애플망고 에이드
2024-04-16,2,4,Spring,0,0,0,미라시아,애플망고 에이드
2024-04-17,4,4,Spring,0,0,0,미라시아,애플망고 에이드
2024-04-18,1,4,Spring,0,0,0,미라시아,애플망고 에이드
2024-04-19,2,4,Spring,0,0,0,미라시아,애플망고 에이드
2024-04-20,4,4,Spring,1,0,1,미라시아,애플망고 에이드
2024-04-21,5,4,Spring,1,0,1,미라시아,애플망고 에이드
2024-04-22,2,4,Spring,0,0,0,미라시아,애플망고 에이드
2024-04-23,2,4,Spring,0,0,0,미라시아,애플망고 에이드
2024-04-24,0,4,Spring,0,0,0,미라시아,애플망고 에이드
2024-04-25,3,4,Spring,0,0,0,미라시아,애플망고 에이드
2024-04-26,2,4,Spring,0,0,0,미라시아,애플망고 에이드
2024-04-27,11,4,Spring,1,0,1,미라시아,애플망고 에이드
2024-04-28,9,4,Spring,1,0,1,미라시아,애플망고 에이드
2024-04-29,0,4,Spring,0,0,0,미라시아,애플망고 에이드
2024-04-30,3,4,Spring,0,0,0,미라시아,애플망고 에이드
2024-05-01,5,5,Spring,0,0,0,미라시아,애플망고 에이드
2024-05-02,1,5,Spring,0,0,0,미라시아,애플망고 에이드
2024-05-03,2,5,Spring,0,0,0,미라시아,애플망고 에이드
2024-05-04,5,5,Spring,1,0,1,미라시아,애플망고 에이드
2024-05-05,13,5,Spring,1,1,1,미라시아,애플망고 에이드
2024-05-06,2,5,Spring,0,1,1,미라시아,애플망고 에이드
2024-05-07,2,5,Spring,0,0,0,미라시아,애플망고 에이드
2024-05-08,0,5,Spring,0,0,0,미라시아,애플망고 에이드
2024-05-09,0,5,Spring,0,0,0,미라시아,애플망고 에이드
2024-05-10,1,5,Spring,0,0,0,미라시아,애플망고 에이드
2024-05-11,2,5,Spring,1,0,1,미라시아,애플망고 에이드
2024-05-12,1,5,Spring,1,0,1,미라시아,애플망고 에이드
2024-05-13,0,5,Spring,0,0,0,미라시아,애플망고 에이드
2024-05-14,2,5,Spring,0,0,0,미라시아,애플망고 에이드
2024-05-15,2,5,Spring,0,1,1,미라시아,애플망고 에이드
2024-05-16,0,5,Spring,0,0,0,미라시아,애플망고 에이드
2024-05-17,2,5,Spring,0,0,0,미라시아,애플망고 에이드
2024-05-18,8,5,Spring,1,0,1,미라시아,애플망고 에이드
2024-05-19,2,5,Spring,1,0,1,미라시아,애플망고 에이드
2024-05-20,0,5,Spring,0,0,0,미라시아,애플망고 에이드
2024-05-21,0,5,Spring,0,0,0,미라시아,애플망고 에이드
2024-05-22,2,5,Spring,0,0,0,미라시아,애플망고 에이드
2024-05-23,1,5,Spring,0,0,0,미라시아,애플망고 에이드
2024-05-24,4,5,Spring,0,0,0,미라시아,애플망고 에이드
2024-05-25,8,5,Spring,1,0,1,미라시아,애플망고 에이드
2024-05-26,0,5,Spring,1,0,1,미라시아,애플망고 에이드
2024-05-27,0,5,Spring,0,0,0,미라시아,애플망고 에이드
2024-05-28,1,5,Spring,0,0,0,미라시아,애플망고 에이드
2024-05-29,1,5,Spring,0,0,0,미라시아,애플망고 에이드
2024-05-30,0,5,Spring,0,0,0,미라시아,애플망고 에이드
2024-05-31,0,5,Spring,0,0,0,미라시아,애플망고 에이드
2024-06-01,5,6,Summer,1,0,1,미라시아,애플망고 에이드
2024-06-02,3,6,Summer,1,0,1,미라시아,애플망고 에이드
2024-06-03,2,6,Summer,0,0,0,미라시아,애플망고 에이드
2024-06-04,2,6,Summer,0,0,0,미라시아,애플망고 에이드
2024-06-05,6,6,Summer,0,0,0,미라시아,애플망고 에이드
2024-06-06,6,6,Summer,0,1,1,미라시아,애플망고 에이드
2024-06-07,4,6,Summer,0,0,0,미라시아,애플망고 에이드
2024-06-08,4,6,Summer,1,0,1,미라시아,애플망고 에이드
2024-06-09,3,6,Summer,1,0,1,미라시아,애플망고 에이드
2024-06-10,0,6,Summer,0,0,0,미라시아,애플망고 에이드
2024-06-11,0,6,Summer,0,0,0,미라시아,애플망고 에이드
2024-06-12,1,6,Summer,0,0,0,미라시아,애플망고 에이드
2024-06-13,0,6,Summer,0,0,0,미라시아,애플망고 에이드
2024-06-14,0,6,Summer,0,0,0,미라시아,애플망고 에이드
2024-06-15,3,6,Summer,1,0,1,미라시아,애플망고 에이드
2023-01-01,0,1,Winter,1,1,1,미라시아,얼그레이 하이볼
2023-01-02,3,1,Winter,0,0,0,미라시아,얼그레이 하이볼
2023-01-03,4,1,Winter,0,0,0,미라시아,얼그레이 하이볼
2023-01-04,2,1,Winter,0,0,0,미라시아,얼그레이 하이볼
2023-01-05,0,1,Winter,0,0,0,미라시아,얼그레이 하이볼
2023-01-06,0,1,Winter,0,0,0,미라시아,얼그레이 하이볼
2023-01-07,0,1,Winter,1,0,1,미라시아,얼그레이 하이볼
2023-01-08,3,1,Winter,1,0,1,미라시아,얼그레이 하이볼
2023-01-09,0,1,Winter,0,0,0,미라시아,얼그레이 하이볼
2023-01-10,2,1,Winter,0,0,0,미라시아,얼그레이 하이볼
2023-01-11,0,1,Winter,0,0,0,미라시아,얼그레이 하이볼
2023-01-12,0,1,Winter,0,0,0,미라시아,얼그레이 하이볼
2023-01-13,4,1,Winter,0,0,0,미라시아,얼그레이 하이볼
2023-01-14,1,1,Winter,1,0,1,미라시아,얼그레이 하이볼
2023-01-15,2,1,Winter,1,0,1,미라시아,얼그레이 하이볼
2023-01-16,1,1,Winter,0,0,0,미라시아,얼그레이 하이볼
2023-01-17,3,1,Winter,0,0,0,미라시아,얼그레이 하이볼
2023-01-18,1,1,Winter,0,0,0,미라시아,얼그레이 하이볼
2023-01-19,0,1,Winter,0,0,0,미라시아,얼그레이 하이볼
2023-01-20,5,1,Winter,0,0,0,미라시아,얼그레이 하이볼
2023-01-21,6,1,Winter,1,1,1,미라시아,얼그레이 하이볼
2023-01-22,7,1,Winter,1,1,1,미라시아,얼그레이 하이볼
2023-01-23,3,1,Winter,0,1,1,미라시아,얼그레이 하이볼
2023-01-24,1,1,Winter,0,1,1,미라시아,얼그레이 하이볼
2023-01-25,2,1,Winter,0,0,0,미라시아,얼그레이 하이볼
2023-01-26,2,1,Winter,0,0,0,미라시아,얼그레이 하이볼
2023-01-27,0,1,Winter,0,0,0,미라시아,얼그레이 하이볼
2023-01-28,3,1,Winter,1,0,1,미라시아,얼그레이 하이볼
2023-01-29,2,1,Winter,1,0,1,미라시아,얼그레이 하이볼
2023-01-30,1,1,Winter,0,0,0,미라시아,얼그레이 하이볼
2023-01-31,3,1,Winter,0,0,0,미라시아,얼그레이 하이볼
2023-02-01,0,2,Winter,0,0,0,미라시아,얼그레이 하이볼
2023-02-02,3,2,Winter,0,0,0,미라시아,얼그레이 하이볼
2023-02-03,3,2,Winter,0,0,0,미라시아,얼그레이 하이볼
2023-02-04,3,2,Winter,1,0,1,미라시아,얼그레이 하이볼
2023-02-05,0,2,Winter,1,0,1,미라시아,얼그레이 하이볼
2023-02-06,1,2,Winter,0,0,0,미라시아,얼그레이 하이볼
2023-02-07,3,2,Winter,0,0,0,미라시아,얼그레이 하이볼
2023-02-08,0,2,Winter,0,0,0,미라시아,얼그레이 하이볼
2023-02-09,4,2,Winter,0,0,0,미라시아,얼그레이 하이볼
2023-02-10,0,2,Winter,0,0,0,미라시아,얼그레이 하이볼
2023-02-11,2,2,Winter,1,0,1,미라시아,얼그레이 하이볼
2023-02-12,0,2,Winter,1,0,1,미라시아,얼그레이 하이볼
2023-02-13,1,2,Winter,0,0,0,미라시아,얼그레이 하이볼
2023-02-14,0,2,Winter,0,0,0,미라시아,얼그레이 하이볼
2023-02-15,1,2,Winter,0,0,0,미라시아,얼그레이 하이볼
2023-02-16,5,2,Winter,0,0,0,미라시아,얼그레이 하이볼
2023-02-17,1,2,Winter,0,0,0,미라시아,얼그레이 하이볼
2023-02-18,6,2,Winter,1,0,1,미라시아,얼그레이 하이볼
2023-02-19,2,2,Winter,1,0,1,미라시아,얼그레이 하이볼
2023-02-20,0,2,Winter,0,0,0,미라시아,얼그레이 하이볼
2023-02-21,0,2,Winter,0,0,0,미라시아,얼그레이 하이볼
2023-02-22,0,2,Winter,0,0,0,미라시아,얼그레이 하이볼
2023-02-23,1,2,Winter,0,0,0,미라시아,얼그레이 하이볼
2023-02-24,1,2,Winter,0,0,0,미라시아,얼그레이 하이볼
2023-02-25,0,2,Winter,1,0,1,미라시아,얼그레이 하이볼
2023-02-26,5,2,Winter,1,0,1,미라시아,얼그레이 하이볼
2023-02-27,1,2,Winter,0,0,0,미라시아,얼그레이 하이볼
2023-02-28,0,2,Winter,0,0,0,미라시아,얼그레이 하이볼
2023-03-01,0,3,Spring,0,1,1,미라시아,얼그레이 하이볼
2023-03-02,0,3,Spring,0,0,0,미라시아,얼그레이 하이볼
2023-03-03,0,3,Spring,0,0,0,미라시아,얼그레이 하이볼
2023-03-04,0,3,Spring,1,0,1,미라시아,얼그레이 하이볼
2023-03-05,0,3,Spring,1,0,1,미라시아,얼그레이 하이볼
2023-03-06,0,3,Spring,0,0,0,미라시아,얼그레이 하이볼
2023-03-07,0,3,Spring,0,0,0,미라시아,얼그레이 하이볼
2023-03-08,0,3,Spring,0,0,0,미라시아,얼그레이 하이볼
2023-03-09,0,3,Spring,0,0,0,미라시아,얼그레이 하이볼
2023-03-10,1,3,Spring,0,0,0,미라시아,얼그레이 하이볼
2023-03-11,5,3,Spring,1,0,1,미라시아,얼그레이 하이볼
2023-03-12,0,3,Spring,1,0,1,미라시아,얼그레이 하이볼
2023-03-13,0,3,Spring,0,0,0,미라시아,얼그레이 하이볼
2023-03-14,0,3,Spring,0,0,0,미라시아,얼그레이 하이볼
2023-03-15,0,3,Spring,0,0,0,미라시아,얼그레이 하이볼
2023-03-16,0,3,Spring,0,0,0,미라시아,얼그레이 하이볼
2023-03-17,1,3,Spring,0,0,0,미라시아,얼그레이 하이볼
2023-03-18,3,3,Spring,1,0,1,미라시아,얼그레이 하이볼
2023-03-19,0,3,Spring,1,0,1,미라시아,얼그레이 하이볼
2023-03-20,0,3,Spring,0,0,0,미라시아,얼그레이 하이볼
2023-03-21,0,3,Spring,0,0,0,미라시아,얼그레이 하이볼
2023-03-22,0,3,Spring,0,0,0,미라시아,얼그레이 하이볼
2023-03-23,0,3,Spring,0,0,0,미라시아,얼그레이 하이볼
2023-03-24,0,3,Spring,0,0,0,미라시아,얼그레이 하이볼
2023-03-25,5,3,Spring,1,0,1,미라시아,얼그레이 하이볼
2023-03-26,2,3,Spring,1,0,1,미라시아,얼그레이 하이볼
2023-03-27,0,3,Spring,0,0,0,미라시아,얼그레이 하이볼
2023-03-28,1,3,Spring,0,0,0,미라시아,얼그레이 하이볼
2023-03-29,0,3,Spring,0,0,0,미라시아,얼그레이 하이볼
2023-03-30,1,3,Spring,0,0,0,미라시아,얼그레이 하이볼
2023-03-31,2,3,Spring,0,0,0,미라시아,얼그레이 하이볼
2023-04-01,1,4,Spring,1,0,1,미라시아,얼그레이 하이볼
2023-04-02,0,4,Spring,1,0,1,미라시아,얼그레이 하이볼
2023-04-03,0,4,Spring,0,0,0,미라시아,얼그레이 하이볼
2023-04-04,0,4,Spring,0,0,0,미라시아,얼그레이 하이볼
2023-04-05,0,4,Spring,0,0,0,미라시아,얼그레이 하이볼
2023-04-06,0,4,Spring,0,0,0,미라시아,얼그레이 하이볼
2023-04-07,0,4,Spring,0,0,0,미라시아,얼그레이 하이볼
2023-04-08,4,4,Spring,1,0,1,미라시아,얼그레이 하이볼
2023-04-09,0,4,Spring,1,0,1,미라시아,얼그레이 하이볼
2023-04-10,2,4,Spring,0,0,0,미라시아,얼그레이 하이볼
2023-04-11,1,4,Spring,0,0,0,미라시아,얼그레이 하이볼
2023-04-12,1,4,Spring,0,0,0,미라시아,얼그레이 하이볼
2023-04-13,3,4,Spring,0,0,0,미라시아,얼그레이 하이볼
2023-04-14,1,4,Spring,0,0,0,미라시아,얼그레이 하이볼
2023-04-15,4,4,Spring,1,0,1,미라시아,얼그레이 하이볼
2023-04-16,0,4,Spring,1,0,1,미라시아,얼그레이 하이볼
2023-04-17,0,4,Spring,0,0,0,미라시아,얼그레이 하이볼
2023-04-18,0,4,Spring,0,0,0,미라시아,얼그레이 하이볼
2023-04-19,0,4,Spring,0,0,0,미라시아,얼그레이 하이볼
2023-04-20,0,4,Spring,0,0,0,미라시아,얼그레이 하이볼
2023-04-21,3,4,Spring,0,0,0,미라시아,얼그레이 하이볼
2023-04-22,2,4,Spring,1,0,1,미라시아,얼그레이 하이볼
2023-04-23,0,4,Spring,1,0,1,미라시아,얼그레이 하이볼
2023-04-24,1,4,Spring,0,0,0,미라시아,얼그레이 하이볼
2023-04-25,1,4,Spring,0,0,0,미라시아,얼그레이 하이볼
2023-04-26,0,4,Spring,0,0,0,미라시아,얼그레이 하이볼
2023-04-27,0,4,Spring,0,0,0,미라시아,얼그레이 하이볼
2023-04-28,1,4,Spring,0,0,0,미라시아,얼그레이 하이볼
2023-04-29,6,4,Spring,1,0,1,미라시아,얼그레이 하이볼
2023-04-30,6,4,Spring,1,0,1,미라시아,얼그레이 하이볼
2023-05-01,2,5,Spring,0,0,0,미라시아,얼그레이 하이볼
2023-05-02,2,5,Spring,0,0,0,미라시아,얼그레이 하이볼
2023-05-03,1,5,Spring,0,0,0,미라시아,얼그레이 하이볼
2023-05-04,0,5,Spring,0,0,0,미라시아,얼그레이 하이볼
2023-05-05,0,5,Spring,0,1,1,미라시아,얼그레이 하이볼
2023-05-06,0,5,Spring,1,0,1,미라시아,얼그레이 하이볼
2023-05-07,0,5,Spring,1,0,1,미라시아,얼그레이 하이볼
2023-05-08,0,5,Spring,0,0,0,미라시아,얼그레이 하이볼
2023-05-09,2,5,Spring,0,0,0,미라시아,얼그레이 하이볼
2023-05-10,1,5,Spring,0,0,0,미라시아,얼그레이 하이볼
2023-05-11,0,5,Spring,0,0,0,미라시아,얼그레이 하이볼
2023-05-12,0,5,Spring,0,0,0,미라시아,얼그레이 하이볼
2023-05-13,0,5,Spring,1,0,1,미라시아,얼그레이 하이볼
2023-05-14,0,5,Spring,1,0,1,미라시아,얼그레이 하이볼
2023-05-15,0,5,Spring,0,0,0,미라시아,얼그레이 하이볼
2023-05-16,1,5,Spring,0,0,0,미라시아,얼그레이 하이볼
2023-05-17,0,5,Spring,0,0,0,미라시아,얼그레이 하이볼
2023-05-18,1,5,Spring,0,0,0,미라시아,얼그레이 하이볼
2023-05-19,0,5,Spring,0,0,0,미라시아,얼그레이 하이볼
2023-05-20,0,5,Spring,1,0,1,미라시아,얼그레이 하이볼
2023-05-21,1,5,Spring,1,0,1,미라시아,얼그레이 하이볼
2023-05-22,2,5,Spring,0,0,0,미라시아,얼그레이 하이볼
2023-05-23,0,5,Spring,0,0,0,미라시아,얼그레이 하이볼
2023-05-24,0,5,Spring,0,0,0,미라시아,얼그레이 하이볼
2023-05-25,1,5,Spring,0,0,0,미라시아,얼그레이 하이볼
2023-05-26,0,5,Spring,0,0,0,미라시아,얼그레이 하이볼
2023-05-27,0,5,Spring,1,1,1,미라시아,얼그레이 하이볼
2023-05-28,0,5,Spring,1,0,1,미라시아,얼그레이 하이볼
2023-05-29,0,5,Spring,0,1,1,미라시아,얼그레이 하이볼
2023-05-30,0,5,Spring,0,0,0,미라시아,얼그레이 하이볼
2023-05-31,0,5,Spring,0,0,0,미라시아,얼그레이 하이볼
2023-06-01,0,6,Summer,0,0,0,미라시아,얼그레이 하이볼
2023-06-02,0,6,Summer,0,0,0,미라시아,얼그레이 하이볼
2023-06-03,1,6,Summer,1,0,1,미라시아,얼그레이 하이볼
2023-06-04,5,6,Summer,1,0,1,미라시아,얼그레이 하이볼
2023-06-05,1,6,Summer,0,0,0,미라시아,얼그레이 하이볼
2023-06-06,2,6,Summer,0,1,1,미라시아,얼그레이 하이볼
2023-06-07,0,6,Summer,0,0,0,미라시아,얼그레이 하이볼
2023-06-08,0,6,Summer,0,0,0,미라시아,얼그레이 하이볼
2023-06-09,3,6,Summer,0,0,0,미라시아,얼그레이 하이볼
2023-06-10,3,6,Summer,1,0,1,미라시아,얼그레이 하이볼
2023-06-11,1,6,Summer,1,0,1,미라시아,얼그레이 하이볼
2023-06-12,0,6,Summer,0,0,0,미라시아,얼그레이 하이볼
2023-06-13,0,6,Summer,0,0,0,미라시아,얼그레이 하이볼
2023-06-14,8,6,Summer,0,0,0,미라시아,얼그레이 하이볼
2023-06-15,0,6,Summer,0,0,0,미라시아,얼그레이 하이볼
2023-06-16,0,6,Summer,0,0,0,미라시아,얼그레이 하이볼
2023-06-17,1,6,Summer,1,0,1,미라시아,얼그레이 하이볼
2023-06-18,0,6,Summer,1,0,1,미라시아,얼그레이 하이볼
2023-06-19,0,6,Summer,0,0,0,미라시아,얼그레이 하이볼
2023-06-20,0,6,Summer,0,0,0,미라시아,얼그레이 하이볼
2023-06-21,0,6,Summer,0,0,0,미라시아,얼그레이 하이볼
2023-06-22,1,6,Summer,0,0,0,미라시아,얼그레이 하이볼
2023-06-23,2,6,Summer,0,0,0,미라시아,얼그레이 하이볼
2023-06-24,5,6,Summer,1,0,1,미라시아,얼그레이 하이볼
2023-06-25,0,6,Summer,1,0,1,미라시아,얼그레이 하이볼
2023-06-26,0,6,Summer,0,0,0,미라시아,얼그레이 하이볼
2023-06-27,0,6,Summer,0,0,0,미라시아,얼그레이 하이볼
2023-06-28,0,6,Summer,0,0,0,미라시아,얼그레이 하이볼
2023-06-29,0,6,Summer,0,0,0,미라시아,얼그레이 하이볼
2023-06-30,3,6,Summer,0,0,0,미라시아,얼그레이 하이볼
2023-07-01,2,7,Summer,1,0,1,미라시아,얼그레이 하이볼
2023-07-02,1,7,Summer,1,0,1,미라시아,얼그레이 하이볼
2023-07-03,1,7,Summer,0,0,0,미라시아,얼그레이 하이볼
2023-07-04,0,7,Summer,0,0,0,미라시아,얼그레이 하이볼
2023-07-05,1,7,Summer,0,0,0,미라시아,얼그레이 하이볼
2023-07-06,0,7,Summer,0,0,0,미라시아,얼그레이 하이볼
2023-07-07,1,7,Summer,0,0,0,미라시아,얼그레이 하이볼
2023-07-08,2,7,Summer,1,0,1,미라시아,얼그레이 하이볼
2023-07-09,1,7,Summer,1,0,1,미라시아,얼그레이 하이볼
2023-07-10,0,7,Summer,0,0,0,미라시아,얼그레이 하이볼
2023-07-11,1,7,Summer,0,0,0,미라시아,얼그레이 하이볼
2023-07-12,1,7,Summer,0,0,0,미라시아,얼그레이 하이볼
2023-07-13,2,7,Summer,0,0,0,미라시아,얼그레이 하이볼
2023-07-14,1,7,Summer,0,0,0,미라시아,얼그레이 하이볼
2023-07-15,4,7,Summer,1,0,1,미라시아,얼그레이 하이볼
2023-07-16,1,7,Summer,1,0,1,미라시아,얼그레이 하이볼
2023-07-17,3,7,Summer,0,0,0,미라시아,얼그레이 하이볼
2023-07-18,0,7,Summer,0,0,0,미라시아,얼그레이 하이볼
2023-07-19,1,7,Summer,0,0,0,미라시아,얼그레이 하이볼
2023-07-20,0,7,Summer,0,0,0,미라시아,얼그레이 하이볼
2023-07-21,2,7,Summer,0,0,0,미라시아,얼그레이 하이볼
2023-07-22,3,7,Summer,1,0,1,미라시아,얼그레이 하이볼
2023-07-23,0,7,Summer,1,0,1,미라시아,얼그레이 하이볼
2023-07-24,3,7,Summer,0,0,0,미라시아,얼그레이 하이볼
2023-07-25,2,7,Summer,0,0,0,미라시아,얼그레이 하이볼
2023-07-26,0,7,Summer,0,0,0,미라시아,얼그레이 하이볼
2023-07-27,0,7,Summer,0,0,0,미라시아,얼그레이 하이볼
2023-07-28,3,7,Summer,0,0,0,미라시아,얼그레이 하이볼
2023-07-29,1,7,Summer,1,0,1,미라시아,얼그레이 하이볼
2023-07-30,1,7,Summer,1,0,1,미라시아,얼그레이 하이볼
2023-07-31,8,7,Summer,0,0,0,미라시아,얼그레이 하이볼
2023-08-01,4,8,Summer,0,0,0,미라시아,얼그레이 하이볼
2023-08-02,0,8,Summer,0,0,0,미라시아,얼그레이 하이볼
2023-08-03,3,8,Summer,0,0,0,미라시아,얼그레이 하이볼
2023-08-04,4,8,Summer,0,0,0,미라시아,얼그레이 하이볼
2023-08-05,2,8,Summer,1,0,1,미라시아,얼그레이 하이볼
2023-08-06,5,8,Summer,1,0,1,미라시아,얼그레이 하이볼
2023-08-07,1,8,Summer,0,0,0,미라시아,얼그레이 하이볼
2023-08-08,0,8,Summer,0,0,0,미라시아,얼그레이 하이볼
2023-08-09,3,8,Summer,0,0,0,미라시아,얼그레이 하이볼
2023-08-10,1,8,Summer,0,0,0,미라시아,얼그레이 하이볼
2023-08-11,1,8,Summer,0,0,0,미라시아,얼그레이 하이볼
2023-08-12,1,8,Summer,1,0,1,미라시아,얼그레이 하이볼
2023-08-13,5,8,Summer,1,0,1,미라시아,얼그레이 하이볼
2023-08-14,2,8,Summer,0,0,0,미라시아,얼그레이 하이볼
2023-08-15,2,8,Summer,0,1,1,미라시아,얼그레이 하이볼
2023-08-16,2,8,Summer,0,0,0,미라시아,얼그레이 하이볼
2023-08-17,0,8,Summer,0,0,0,미라시아,얼그레이 하이볼
2023-08-18,0,8,Summer,0,0,0,미라시아,얼그레이 하이볼
2023-08-19,1,8,Summer,1,0,1,미라시아,얼그레이 하이볼
2023-08-20,0,8,Summer,1,0,1,미라시아,얼그레이 하이볼
2023-08-21,0,8,Summer,0,0,0,미라시아,얼그레이 하이볼
2023-08-22,1,8,Summer,0,0,0,미라시아,얼그레이 하이볼
2023-08-23,1,8,Summer,0,0,0,미라시아,얼그레이 하이볼
2023-08-24,1,8,Summer,0,0,0,미라시아,얼그레이 하이볼
2023-08-25,1,8,Summer,0,0,0,미라시아,얼그레이 하이볼
2023-08-26,4,8,Summer,1,0,1,미라시아,얼그레이 하이볼
2023-08-27,1,8,Summer,1,0,1,미라시아,얼그레이 하이볼
2023-08-28,0,8,Summer,0,0,0,미라시아,얼그레이 하이볼
2023-08-29,0,8,Summer,0,0,0,미라시아,얼그레이 하이볼
2023-08-30,0,8,Summer,0,0,0,미라시아,얼그레이 하이볼
2023-08-31,0,8,Summer,0,0,0,미라시아,얼그레이 하이볼
2023-09-01,0,9,Autumn,0,0,0,미라시아,얼그레이 하이볼
2023-09-02,5,9,Autumn,1,0,1,미라시아,얼그레이 하이볼
2023-09-03,0,9,Autumn,1,0,1,미라시아,얼그레이 하이볼
2023-09-04,1,9,Autumn,0,0,0,미라시아,얼그레이 하이볼
2023-09-05,0,9,Autumn,0,0,0,미라시아,얼그레이 하이볼
2023-09-06,0,9,Autumn,0,0,0,미라시아,얼그레이 하이볼
2023-09-07,0,9,Autumn,0,0,0,미라시아,얼그레이 하이볼
2023-09-08,1,9,Autumn,0,0,0,미라시아,얼그레이 하이볼
2023-09-09,6,9,Autumn,1,0,1,미라시아,얼그레이 하이볼
2023-09-10,1,9,Autumn,1,0,1,미라시아,얼그레이 하이볼
2023-09-11,2,9,Autumn,0,0,0,미라시아,얼그레이 하이볼
2023-09-12,3,9,Autumn,0,0,0,미라시아,얼그레이 하이볼
2023-09-13,0,9,Autumn,0,0,0,미라시아,얼그레이 하이볼
2023-09-14,6,9,Autumn,0,0,0,미라시아,얼그레이 하이볼
2023-09-15,2,9,Autumn,0,0,0,미라시아,얼그레이 하이볼
2023-09-16,3,9,Autumn,1,0,1,미라시아,얼그레이 하이볼
2023-09-17,0,9,Autumn,1,0,1,미라시아,얼그레이 하이볼
2023-09-18,0,9,Autumn,0,0,0,미라시아,얼그레이 하이볼
2023-09-19,0,9,Autumn,0,0,0,미라시아,얼그레이 하이볼
2023-09-20,0,9,Autumn,0,0,0,미라시아,얼그레이 하이볼
2023-09-21,0,9,Autumn,0,0,0,미라시아,얼그레이 하이볼
2023-09-22,0,9,Autumn,0,0,0,미라시아,얼그레이 하이볼
2023-09-23,1,9,Autumn,1,0,1,미라시아,얼그레이 하이볼
2023-09-24,0,9,Autumn,1,0,1,미라시아,얼그레이 하이볼
2023-09-25,0,9,Autumn,0,0,0,미라시아,얼그레이 하이볼
2023-09-26,1,9,Autumn,0,0,0,미라시아,얼그레이 하이볼
2023-09-27,3,9,Autumn,0,0,0,미라시아,얼그레이 하이볼
2023-09-28,2,9,Autumn,0,1,1,미라시아,얼그레이 하이볼
2023-09-29,1,9,Autumn,0,1,1,미라시아,얼그레이 하이볼
2023-09-30,1,9,Autumn,1,1,1,미라시아,얼그레이 하이볼
2023-10-01,0,10,Autumn,1,0,1,미라시아,얼그레이 하이볼
2023-10-02,0,10,Autumn,0,1,1,미라시아,얼그레이 하이볼
2023-10-03,0,10,Autumn,0,1,1,미라시아,얼그레이 하이볼
2023-10-04,0,10,Autumn,0,0,0,미라시아,얼그레이 하이볼
2023-10-05,0,10,Autumn,0,0,0,미라시아,얼그레이 하이볼
2023-10-06,0,10,Autumn,0,0,0,미라시아,얼그레이 하이볼
2023-10-07,4,10,Autumn,1,0,1,미라시아,얼그레이 하이볼
2023-10-08,1,10,Autumn,1,0,1,미라시아,얼그레이 하이볼
2023-10-09,2,10,Autumn,0,1,1,미라시아,얼그레이 하이볼
2023-10-10,0,10,Autumn,0,0,0,미라시아,얼그레이 하이볼
2023-10-11,0,10,Autumn,0,0,0,미라시아,얼그레이 하이볼
2023-10-12,2,10,Autumn,0,0,0,미라시아,얼그레이 하이볼
2023-10-13,1,10,Autumn,0,0,0,미라시아,얼그레이 하이볼
2023-10-14,5,10,Autumn,1,0,1,미라시아,얼그레이 하이볼
2023-10-15,0,10,Autumn,1,0,1,미라시아,얼그레이 하이볼
2023-10-16,2,10,Autumn,0,0,0,미라시아,얼그레이 하이볼
2023-10-17,4,10,Autumn,0,0,0,미라시아,얼그레이 하이볼
2023-10-18,0,10,Autumn,0,0,0,미라시아,얼그레이 하이볼
2023-10-19,1,10,Autumn,0,0,0,미라시아,얼그레이 하이볼
2023-10-20,1,10,Autumn,0,0,0,미라시아,얼그레이 하이볼
2023-10-21,2,10,Autumn,1,0,1,미라시아,얼그레이 하이볼
2023-10-22,3,10,Autumn,1,0,1,미라시아,얼그레이 하이볼
2023-10-23,0,10,Autumn,0,0,0,미라시아,얼그레이 하이볼
2023-10-24,0,10,Autumn,0,0,0,미라시아,얼그레이 하이볼
2023-10-25,1,10,Autumn,0,0,0,미라시아,얼그레이 하이볼
2023-10-26,1,10,Autumn,0,0,0,미라시아,얼그레이 하이볼
2023-10-27,2,10,Autumn,0,0,0,미라시아,얼그레이 하이볼
2023-10-28,3,10,Autumn,1,0,1,미라시아,얼그레이 하이볼
2023-10-29,1,10,Autumn,1,0,1,미라시아,얼그레이 하이볼
2023-10-30,1,10,Autumn,0,0,0,미라시아,얼그레이 하이볼
2023-10-31,1,10,Autumn,0,0,0,미라시아,얼그레이 하이볼
2023-11-01,1,11,Autumn,0,0,0,미라시아,얼그레이 하이볼
2023-11-02,0,11,Autumn,0,0,0,미라시아,얼그레이 하이볼
2023-11-03,2,11,Autumn,0,0,0,미라시아,얼그레이 하이볼
2023-11-04,0,11,Autumn,1,0,1,미라시아,얼그레이 하이볼
2023-11-05,0,11,Autumn,1,0,1,미라시아,얼그레이 하이볼
2023-11-06,0,11,Autumn,0,0,0,미라시아,얼그레이 하이볼
2023-11-07,1,11,Autumn,0,0,0,미라시아,얼그레이 하이볼
2023-11-08,0,11,Autumn,0,0,0,미라시아,얼그레이 하이볼
2023-11-09,0,11,Autumn,0,0,0,미라시아,얼그레이 하이볼
2023-11-10,0,11,Autumn,0,0,0,미라시아,얼그레이 하이볼
2023-11-11,1,11,Autumn,1,0,1,미라시아,얼그레이 하이볼
2023-11-12,0,11,Autumn,1,0,1,미라시아,얼그레이 하이볼
2023-11-13,4,11,Autumn,0,0,0,미라시아,얼그레이 하이볼
2023-11-14,3,11,Autumn,0,0,0,미라시아,얼그레이 하이볼
2023-11-15,0,11,Autumn,0,0,0,미라시아,얼그레이 하이볼
2023-11-16,0,11,Autumn,0,0,0,미라시아,얼그레이 하이볼
2023-11-17,0,11,Autumn,0,0,0,미라시아,얼그레이 하이볼
2023-11-18,2,11,Autumn,1,0,1,미라시아,얼그레이 하이볼
2023-11-19,0,11,Autumn,1,0,1,미라시아,얼그레이 하이볼
2023-11-20,1,11,Autumn,0,0,0,미라시아,얼그레이 하이볼
2023-11-21,0,11,Autumn,0,0,0,미라시아,얼그레이 하이볼
2023-11-22,1,11,Autumn,0,0,0,미라시아,얼그레이 하이볼
2023-11-23,0,11,Autumn,0,0,0,미라시아,얼그레이 하이볼
2023-11-24,0,11,Autumn,0,0,0,미라시아,얼그레이 하이볼
2023-11-25,1,11,Autumn,1,0,1,미라시아,얼그레이 하이볼
2023-11-26,1,11,Autumn,1,0,1,미라시아,얼그레이 하이볼
2023-11-27,1,11,Autumn,0,0,0,미라시아,얼그레이 하이볼
2023-11-28,0,11,Autumn,0,0,0,미라시아,얼그레이 하이볼
2023-11-29,0,11,Autumn,0,0,0,미라시아,얼그레이 하이볼
2023-11-30,0,11,Autumn,0,0,0,미라시아,얼그레이 하이볼
2023-12-01,0,12,Winter,0,0,0,미라시아,얼그레이 하이볼
2023-12-02,4,12,Winter,1,0,1,미라시아,얼그레이 하이볼
2023-12-03,0,12,Winter,1,0,1,미라시아,얼그레이 하이볼
2023-12-04,3,12,Winter,0,0,0,미라시아,얼그레이 하이볼
2023-12-05,0,12,Winter,0,0,0,미라시아,얼그레이 하이볼
2023-12-06,0,12,Winter,0,0,0,미라시아,얼그레이 하이볼
2023-12-07,0,12,Winter,0,0,0,미라시아,얼그레이 하이볼
2023-12-08,1,12,Winter,0,0,0,미라시아,얼그레이 하이볼
2023-12-09,2,12,Winter,1,0,1,미라시아,얼그레이 하이볼
2023-12-10,2,12,Winter,1,0,1,미라시아,얼그레이 하이볼
2023-12-11,1,12,Winter,0,0,0,미라시아,얼그레이 하이볼
2023-12-12,0,12,Winter,0,0,0,미라시아,얼그레이 하이볼
2023-12-13,0,12,Winter,0,0,0,미라시아,얼그레이 하이볼
2023-12-14,1,12,Winter,0,0,0,미라시아,얼그레이 하이볼
2023-12-15,4,12,Winter,0,0,0,미라시아,얼그레이 하이볼
2023-12-16,3,12,Winter,1,0,1,미라시아,얼그레이 하이볼
2023-12-17,2,12,Winter,1,0,1,미라시아,얼그레이 하이볼
2023-12-18,0,12,Winter,0,0,0,미라시아,얼그레이 하이볼
2023-12-19,2,12,Winter,0,0,0,미라시아,얼그레이 하이볼
2023-12-20,1,12,Winter,0,0,0,미라시아,얼그레이 하이볼
2023-12-21,1,12,Winter,0,0,0,미라시아,얼그레이 하이볼
2023-12-22,3,12,Winter,0,0,0,미라시아,얼그레이 하이볼
2023-12-23,10,12,Winter,1,0,1,미라시아,얼그레이 하이볼
2023-12-24,7,12,Winter,1,0,1,미라시아,얼그레이 하이볼
2023-12-25,1,12,Winter,0,1,1,미라시아,얼그레이 하이볼
2023-12-26,3,12,Winter,0,0,0,미라시아,얼그레이 하이볼
2023-12-27,1,12,Winter,0,0,0,미라시아,얼그레이 하이볼
2023-12-28,3,12,Winter,0,0,0,미라시아,얼그레이 하이볼
2023-12-29,3,12,Winter,0,0,0,미라시아,얼그레이 하이볼
2023-12-30,2,12,Winter,1,0,1,미라시아,얼그레이 하이볼
2023-12-31,6,12,Winter,1,0,1,미라시아,얼그레이 하이볼
2024-01-01,2,1,Winter,0,1,1,미라시아,얼그레이 하이볼
2024-01-02,0,1,Winter,0,0,0,미라시아,얼그레이 하이볼
2024-01-03,2,1,Winter,0,0,0,미라시아,얼그레이 하이볼
2024-01-04,1,1,Winter,0,0,0,미라시아,얼그레이 하이볼
2024-01-05,0,1,Winter,0,0,0,미라시아,얼그레이 하이볼
2024-01-06,1,1,Winter,1,0,1,미라시아,얼그레이 하이볼
2024-01-07,1,1,Winter,1,0,1,미라시아,얼그레이 하이볼
2024-01-08,1,1,Winter,0,0,0,미라시아,얼그레이 하이볼
2024-01-09,0,1,Winter,0,0,0,미라시아,얼그레이 하이볼
2024-01-10,1,1,Winter,0,0,0,미라시아,얼그레이 하이볼
2024-01-11,0,1,Winter,0,0,0,미라시아,얼그레이 하이볼
2024-01-12,3,1,Winter,0,0,0,미라시아,얼그레이 하이볼
2024-01-13,2,1,Winter,1,0,1,미라시아,얼그레이 하이볼
2024-01-14,2,1,Winter,1,0,1,미라시아,얼그레이 하이볼
2024-01-15,0,1,Winter,0,0,0,미라시아,얼그레이 하이볼
2024-01-16,2,1,Winter,0,0,0,미라시아,얼그레이 하이볼
2024-01-17,0,1,Winter,0,0,0,미라시아,얼그레이 하이볼
2024-01-18,3,1,Winter,0,0,0,미라시아,얼그레이 하이볼
2024-01-19,0,1,Winter,0,0,0,미라시아,얼그레이 하이볼
2024-01-20,4,1,Winter,1,0,1,미라시아,얼그레이 하이볼
2024-01-21,3,1,Winter,1,0,1,미라시아,얼그레이 하이볼
2024-01-22,1,1,Winter,0,0,0,미라시아,얼그레이 하이볼
2024-01-23,1,1,Winter,0,0,0,미라시아,얼그레이 하이볼
2024-01-24,1,1,Winter,0,0,0,미라시아,얼그레이 하이볼
2024-01-25,3,1,Winter,0,0,0,미라시아,얼그레이 하이볼
2024-01-26,2,1,Winter,0,0,0,미라시아,얼그레이 하이볼
2024-01-27,0,1,Winter,1,0,1,미라시아,얼그레이 하이볼
2024-01-28,1,1,Winter,1,0,1,미라시아,얼그레이 하이볼
2024-01-29,1,1,Winter,0,0,0,미라시아,얼그레이 하이볼
2024-01-30,1,1,Winter,0,0,0,미라시아,얼그레이 하이볼
2024-01-31,1,1,Winter,0,0,0,미라시아,얼그레이 하이볼
2024-02-01,0,2,Winter,0,0,0,미라시아,얼그레이 하이볼
2024-02-02,0,2,Winter,0,0,0,미라시아,얼그레이 하이볼
2024-02-03,1,2,Winter,1,0,1,미라시아,얼그레이 하이볼
2024-02-04,0,2,Winter,1,0,1,미라시아,얼그레이 하이볼
2024-02-05,0,2,Winter,0,0,0,미라시아,얼그레이 하이볼
2024-02-06,0,2,Winter,0,0,0,미라시아,얼그레이 하이볼
2024-02-07,1,2,Winter,0,0,0,미라시아,얼그레이 하이볼
2024-02-08,1,2,Winter,0,0,0,미라시아,얼그레이 하이볼
2024-02-09,3,2,Winter,0,1,1,미라시아,얼그레이 하이볼
2024-02-10,3,2,Winter,1,1,1,미라시아,얼그레이 하이볼
2024-02-11,2,2,Winter,1,1,1,미라시아,얼그레이 하이볼
2024-02-12,1,2,Winter,0,1,1,미라시아,얼그레이 하이볼
2024-02-13,0,2,Winter,0,0,0,미라시아,얼그레이 하이볼
2024-02-14,1,2,Winter,0,0,0,미라시아,얼그레이 하이볼
2024-02-15,0,2,Winter,0,0,0,미라시아,얼그레이 하이볼
2024-02-16,1,2,Winter,0,0,0,미라시아,얼그레이 하이볼
2024-02-17,1,2,Winter,1,0,1,미라시아,얼그레이 하이볼
2024-02-18,0,2,Winter,1,0,1,미라시아,얼그레이 하이볼
2024-02-19,0,2,Winter,0,0,0,미라시아,얼그레이 하이볼
2024-02-20,0,2,Winter,0,0,0,미라시아,얼그레이 하이볼
2024-02-21,0,2,Winter,0,0,0,미라시아,얼그레이 하이볼
2024-02-22,4,2,Winter,0,0,0,미라시아,얼그레이 하이볼
2024-02-23,0,2,Winter,0,0,0,미라시아,얼그레이 하이볼
2024-02-24,0,2,Winter,1,0,1,미라시아,얼그레이 하이볼
2024-02-25,1,2,Winter,1,0,1,미라시아,얼그레이 하이볼
2024-02-26,1,2,Winter,0,0,0,미라시아,얼그레이 하이볼
2024-02-27,1,2,Winter,0,0,0,미라시아,얼그레이 하이볼
2024-02-28,0,2,Winter,0,0,0,미라시아,얼그레이 하이볼
2024-02-29,0,2,Winter,0,0,0,미라시아,얼그레이 하이볼
2024-03-01,2,3,Spring,0,1,1,미라시아,얼그레이 하이볼
2024-03-02,3,3,Spring,1,0,1,미라시아,얼그레이 하이볼
2024-03-03,0,3,Spring,1,0,1,미라시아,얼그레이 하이볼
2024-03-04,0,3,Spring,0,0,0,미라시아,얼그레이 하이볼
2024-03-05,0,3,Spring,0,0,0,미라시아,얼그레이 하이볼
2024-03-06,0,3,Spring,0,0,0,미라시아,얼그레이 하이볼
2024-03-07,0,3,Spring,0,0,0,미라시아,얼그레이 하이볼
2024-03-08,0,3,Spring,0,0,0,미라시아,얼그레이 하이볼
2024-03-09,0,3,Spring,1,0,1,미라시아,얼그레이 하이볼
2024-03-10,0,3,Spring,1,0,1,미라시아,얼그레이 하이볼
2024-03-11,0,3,Spring,0,0,0,미라시아,얼그레이 하이볼
2024-03-12,0,3,Spring,0,0,0,미라시아,얼그레이 하이볼
2024-03-13,0,3,Spring,0,0,0,미라시아,얼그레이 하이볼
2024-03-14,0,3,Spring,0,0,0,미라시아,얼그레이 하이볼
2024-03-15,0,3,Spring,0,0,0,미라시아,얼그레이 하이볼
2024-03-16,2,3,Spring,1,0,1,미라시아,얼그레이 하이볼
2024-03-17,0,3,Spring,1,0,1,미라시아,얼그레이 하이볼
2024-03-18,0,3,Spring,0,0,0,미라시아,얼그레이 하이볼
2024-03-19,0,3,Spring,0,0,0,미라시아,얼그레이 하이볼
2024-03-20,0,3,Spring,0,0,0,미라시아,얼그레이 하이볼
2024-03-21,0,3,Spring,0,0,0,미라시아,얼그레이 하이볼
2024-03-22,0,3,Spring,0,0,0,미라시아,얼그레이 하이볼
2024-03-23,2,3,Spring,1,0,1,미라시아,얼그레이 하이볼
2024-03-24,0,3,Spring,1,0,1,미라시아,얼그레이 하이볼
2024-03-25,0,3,Spring,0,0,0,미라시아,얼그레이 하이볼
2024-03-26,0,3,Spring,0,0,0,미라시아,얼그레이 하이볼
2024-03-27,1,3,Spring,0,0,0,미라시아,얼그레이 하이볼
2024-03-28,0,3,Spring,0,0,0,미라시아,얼그레이 하이볼
2024-03-29,2,3,Spring,0,0,0,미라시아,얼그레이 하이볼
2024-03-30,3,3,Spring,1,0,1,미라시아,얼그레이 하이볼
2024-03-31,0,3,Spring,1,0,1,미라시아,얼그레이 하이볼
2024-04-01,0,4,Spring,0,0,0,미라시아,얼그레이 하이볼
2024-04-02,0,4,Spring,0,0,0,미라시아,얼그레이 하이볼
2024-04-03,0,4,Spring,0,0,0,미라시아,얼그레이 하이볼
2024-04-04,0,4,Spring,0,0,0,미라시아,얼그레이 하이볼
2024-04-05,1,4,Spring,0,0,0,미라시아,얼그레이 하이볼
2024-04-06,0,4,Spring,1,0,1,미라시아,얼그레이 하이볼
2024-04-07,1,4,Spring,1,0,1,미라시아,얼그레이 하이볼
2024-04-08,1,4,Spring,0,0,0,미라시아,얼그레이 하이볼
2024-04-09,3,4,Spring,0,0,0,미라시아,얼그레이 하이볼
2024-04-10,1,4,Spring,0,1,1,미라시아,얼그레이 하이볼
2024-04-11,0,4,Spring,0,0,0,미라시아,얼그레이 하이볼
2024-04-12,0,4,Spring,0,0,0,미라시아,얼그레이 하이볼
2024-04-13,1,4,Spring,1,0,1,미라시아,얼그레이 하이볼
2024-04-14,1,4,Spring,1,0,1,미라시아,얼그레이 하이볼
2024-04-15,3,4,Spring,0,0,0,미라시아,얼그레이 하이볼
2024-04-16,3,4,Spring,0,0,0,미라시아,얼그레이 하이볼
2024-04-17,0,4,Spring,0,0,0,미라시아,얼그레이 하이볼
2024-04-18,0,4,Spring,0,0,0,미라시아,얼그레이 하이볼
2024-04-19,0,4,Spring,0,0,0,미라시아,얼그레이 하이볼
2024-04-20,2,4,Spring,1,0,1,미라시아,얼그레이 하이볼
2024-04-21,2,4,Spring,1,0,1,미라시아,얼그레이 하이볼
2024-04-22,0,4,Spring,0,0,0,미라시아,얼그레이 하이볼
2024-04-23,0,4,Spring,0,0,0,미라시아,얼그레이 하이볼
2024-04-24,0,4,Spring,0,0,0,미라시아,얼그레이 하이볼
2024-04-25,1,4,Spring,0,0,0,미라시아,얼그레이 하이볼
2024-04-26,0,4,Spring,0,0,0,미라시아,얼그레이 하이볼
2024-04-27,0,4,Spring,1,0,1,미라시아,얼그레이 하이볼
2024-04-28,0,4,Spring,1,0,1,미라시아,얼그레이 하이볼
2024-04-29,0,4,Spring,0,0,0,미라시아,얼그레이 하이볼
2024-04-30,0,4,Spring,0,0,0,미라시아,얼그레이 하이볼
2024-05-01,0,5,Spring,0,0,0,미라시아,얼그레이 하이볼
2024-05-02,0,5,Spring,0,0,0,미라시아,얼그레이 하이볼
2024-05-03,0,5,Spring,0,0,0,미라시아,얼그레이 하이볼
2024-05-04,2,5,Spring,1,0,1,미라시아,얼그레이 하이볼
2024-05-05,1,5,Spring,1,1,1,미라시아,얼그레이 하이볼
2024-05-06,1,5,Spring,0,1,1,미라시아,얼그레이 하이볼
2024-05-07,1,5,Spring,0,0,0,미라시아,얼그레이 하이볼
2024-05-08,0,5,Spring,0,0,0,미라시아,얼그레이 하이볼
2024-05-09,0,5,Spring,0,0,0,미라시아,얼그레이 하이볼
2024-05-10,2,5,Spring,0,0,0,미라시아,얼그레이 하이볼
2024-05-11,2,5,Spring,1,0,1,미라시아,얼그레이 하이볼
2024-05-12,0,5,Spring,1,0,1,미라시아,얼그레이 하이볼
2024-05-13,0,5,Spring,0,0,0,미라시아,얼그레이 하이볼
2024-05-14,0,5,Spring,0,0,0,미라시아,얼그레이 하이볼
2024-05-15,0,5,Spring,0,1,1,미라시아,얼그레이 하이볼
2024-05-16,1,5,Spring,0,0,0,미라시아,얼그레이 하이볼
2024-05-17,0,5,Spring,0,0,0,미라시아,얼그레이 하이볼
2024-05-18,1,5,Spring,1,0,1,미라시아,얼그레이 하이볼
2024-05-19,0,5,Spring,1,0,1,미라시아,얼그레이 하이볼
2024-05-20,0,5,Spring,0,0,0,미라시아,얼그레이 하이볼
2024-05-21,0,5,Spring,0,0,0,미라시아,얼그레이 하이볼
2024-05-22,1,5,Spring,0,0,0,미라시아,얼그레이 하이볼
2024-05-23,0,5,Spring,0,0,0,미라시아,얼그레이 하이볼
2024-05-24,1,5,Spring,0,0,0,미라시아,얼그레이 하이볼
2024-05-25,2,5,Spring,1,0,1,미라시아,얼그레이 하이볼
2024-05-26,2,5,Spring,1,0,1,미라시아,얼그레이 하이볼
2024-05-27,0,5,Spring,0,0,0,미라시아,얼그레이 하이볼
2024-05-28,1,5,Spring,0,0,0,미라시아,얼그레이 하이볼
2024-05-29,1,5,Spring,0,0,0,미라시아,얼그레이 하이볼
2024-05-30,0,5,Spring,0,0,0,미라시아,얼그레이 하이볼
2024-05-31,0,5,Spring,0,0,0,미라시아,얼그레이 하이볼
2024-06-01,0,6,Summer,1,0,1,미라시아,얼그레이 하이볼
2024-06-02,0,6,Summer,1,0,1,미라시아,얼그레이 하이볼
2024-06-03,0,6,Summer,0,0,0,미라시아,얼그레이 하이볼
2024-06-04,0,6,Summer,0,0,0,미라시아,얼그레이 하이볼
2024-06-05,0,6,Summer,0,0,0,미라시아,얼그레이 하이볼
2024-06-06,0,6,Summer,0,1,1,미라시아,얼그레이 하이볼
2024-06-07,2,6,Summer,0,0,0,미라시아,얼그레이 하이볼
2024-06-08,0,6,Summer,1,0,1,미라시아,얼그레이 하이볼
2024-06-09,0,6,Summer,1,0,1,미라시아,얼그레이 하이볼
2024-06-10,2,6,Summer,0,0,0,미라시아,얼그레이 하이볼
2024-06-11,0,6,Summer,0,0,0,미라시아,얼그레이 하이볼
2024-06-12,0,6,Summer,0,0,0,미라시아,얼그레이 하이볼
2024-06-13,0,6,Summer,0,0,0,미라시아,얼그레이 하이볼
2024-06-14,0,6,Summer,0,0,0,미라시아,얼그레이 하이볼
2024-06-15,1,6,Summer,1,0,1,미라시아,얼그레이 하이볼
2023-01-01,1,1,Winter,1,1,1,미라시아,오븐구이 윙과 킬바사소세지
2023-01-02,0,1,Winter,0,0,0,미라시아,오븐구이 윙과 킬바사소세지
2023-01-03,1,1,Winter,0,0,0,미라시아,오븐구이 윙과 킬바사소세지
2023-01-04,1,1,Winter,0,0,0,미라시아,오븐구이 윙과 킬바사소세지
2023-01-05,0,1,Winter,0,0,0,미라시아,오븐구이 윙과 킬바사소세지
2023-01-06,0,1,Winter,0,0,0,미라시아,오븐구이 윙과 킬바사소세지
2023-01-07,0,1,Winter,1,0,1,미라시아,오븐구이 윙과 킬바사소세지
2023-01-08,0,1,Winter,1,0,1,미라시아,오븐구이 윙과 킬바사소세지
2023-01-09,1,1,Winter,0,0,0,미라시아,오븐구이 윙과 킬바사소세지
2023-01-10,3,1,Winter,0,0,0,미라시아,오븐구이 윙과 킬바사소세지
2023-01-11,2,1,Winter,0,0,0,미라시아,오븐구이 윙과 킬바사소세지
2023-01-12,0,1,Winter,0,0,0,미라시아,오븐구이 윙과 킬바사소세지
2023-01-13,0,1,Winter,0,0,0,미라시아,오븐구이 윙과 킬바사소세지
2023-01-14,0,1,Winter,1,0,1,미라시아,오븐구이 윙과 킬바사소세지
2023-01-15,0,1,Winter,1,0,1,미라시아,오븐구이 윙과 킬바사소세지
2023-01-16,1,1,Winter,0,0,0,미라시아,오븐구이 윙과 킬바사소세지
2023-01-17,2,1,Winter,0,0,0,미라시아,오븐구이 윙과 킬바사소세지
2023-01-18,5,1,Winter,0,0,0,미라시아,오븐구이 윙과 킬바사소세지
2023-01-19,0,1,Winter,0,0,0,미라시아,오븐구이 윙과 킬바사소세지
2023-01-20,1,1,Winter,0,0,0,미라시아,오븐구이 윙과 킬바사소세지
2023-01-21,2,1,Winter,1,1,1,미라시아,오븐구이 윙과 킬바사소세지
2023-01-22,7,1,Winter,1,1,1,미라시아,오븐구이 윙과 킬바사소세지
2023-01-23,5,1,Winter,0,1,1,미라시아,오븐구이 윙과 킬바사소세지
2023-01-24,2,1,Winter,0,1,1,미라시아,오븐구이 윙과 킬바사소세지
2023-01-25,0,1,Winter,0,0,0,미라시아,오븐구이 윙과 킬바사소세지
2023-01-26,3,1,Winter,0,0,0,미라시아,오븐구이 윙과 킬바사소세지
2023-01-27,2,1,Winter,0,0,0,미라시아,오븐구이 윙과 킬바사소세지
2023-01-28,3,1,Winter,1,0,1,미라시아,오븐구이 윙과 킬바사소세지
2023-01-29,0,1,Winter,1,0,1,미라시아,오븐구이 윙과 킬바사소세지
2023-01-30,3,1,Winter,0,0,0,미라시아,오븐구이 윙과 킬바사소세지
2023-01-31,0,1,Winter,0,0,0,미라시아,오븐구이 윙과 킬바사소세지
2023-02-01,0,2,Winter,0,0,0,미라시아,오븐구이 윙과 킬바사소세지
2023-02-02,2,2,Winter,0,0,0,미라시아,오븐구이 윙과 킬바사소세지
2023-02-03,2,2,Winter,0,0,0,미라시아,오븐구이 윙과 킬바사소세지
2023-02-04,2,2,Winter,1,0,1,미라시아,오븐구이 윙과 킬바사소세지
2023-02-05,1,2,Winter,1,0,1,미라시아,오븐구이 윙과 킬바사소세지
2023-02-06,1,2,Winter,0,0,0,미라시아,오븐구이 윙과 킬바사소세지
2023-02-07,0,2,Winter,0,0,0,미라시아,오븐구이 윙과 킬바사소세지
2023-02-08,0,2,Winter,0,0,0,미라시아,오븐구이 윙과 킬바사소세지
2023-02-09,1,2,Winter,0,0,0,미라시아,오븐구이 윙과 킬바사소세지
2023-02-10,0,2,Winter,0,0,0,미라시아,오븐구이 윙과 킬바사소세지
2023-02-11,0,2,Winter,1,0,1,미라시아,오븐구이 윙과 킬바사소세지
2023-02-12,2,2,Winter,1,0,1,미라시아,오븐구이 윙과 킬바사소세지
2023-02-13,0,2,Winter,0,0,0,미라시아,오븐구이 윙과 킬바사소세지
2023-02-14,0,2,Winter,0,0,0,미라시아,오븐구이 윙과 킬바사소세지
2023-02-15,0,2,Winter,0,0,0,미라시아,오븐구이 윙과 킬바사소세지
2023-02-16,2,2,Winter,0,0,0,미라시아,오븐구이 윙과 킬바사소세지
2023-02-17,0,2,Winter,0,0,0,미라시아,오븐구이 윙과 킬바사소세지
2023-02-18,1,2,Winter,1,0,1,미라시아,오븐구이 윙과 킬바사소세지
2023-02-19,3,2,Winter,1,0,1,미라시아,오븐구이 윙과 킬바사소세지
2023-02-20,0,2,Winter,0,0,0,미라시아,오븐구이 윙과 킬바사소세지
2023-02-21,0,2,Winter,0,0,0,미라시아,오븐구이 윙과 킬바사소세지
2023-02-22,1,2,Winter,0,0,0,미라시아,오븐구이 윙과 킬바사소세지
2023-02-23,3,2,Winter,0,0,0,미라시아,오븐구이 윙과 킬바사소세지
2023-02-24,2,2,Winter,0,0,0,미라시아,오븐구이 윙과 킬바사소세지
2023-02-25,2,2,Winter,1,0,1,미라시아,오븐구이 윙과 킬바사소세지
2023-02-26,1,2,Winter,1,0,1,미라시아,오븐구이 윙과 킬바사소세지
2023-02-27,2,2,Winter,0,0,0,미라시아,오븐구이 윙과 킬바사소세지
2023-02-28,3,2,Winter,0,0,0,미라시아,오븐구이 윙과 킬바사소세지
2023-03-01,0,3,Spring,0,1,1,미라시아,오븐구이 윙과 킬바사소세지
2023-03-02,0,3,Spring,0,0,0,미라시아,오븐구이 윙과 킬바사소세지
2023-03-03,0,3,Spring,0,0,0,미라시아,오븐구이 윙과 킬바사소세지
2023-03-04,0,3,Spring,1,0,1,미라시아,오븐구이 윙과 킬바사소세지
2023-03-05,0,3,Spring,1,0,1,미라시아,오븐구이 윙과 킬바사소세지
2023-03-06,0,3,Spring,0,0,0,미라시아,오븐구이 윙과 킬바사소세지
2023-03-07,0,3,Spring,0,0,0,미라시아,오븐구이 윙과 킬바사소세지
2023-03-08,0,3,Spring,0,0,0,미라시아,오븐구이 윙과 킬바사소세지
2023-03-09,0,3,Spring,0,0,0,미라시아,오븐구이 윙과 킬바사소세지
2023-03-10,1,3,Spring,0,0,0,미라시아,오븐구이 윙과 킬바사소세지
2023-03-11,2,3,Spring,1,0,1,미라시아,오븐구이 윙과 킬바사소세지
2023-03-12,0,3,Spring,1,0,1,미라시아,오븐구이 윙과 킬바사소세지
2023-03-13,0,3,Spring,0,0,0,미라시아,오븐구이 윙과 킬바사소세지
2023-03-14,0,3,Spring,0,0,0,미라시아,오븐구이 윙과 킬바사소세지
2023-03-15,0,3,Spring,0,0,0,미라시아,오븐구이 윙과 킬바사소세지
2023-03-16,0,3,Spring,0,0,0,미라시아,오븐구이 윙과 킬바사소세지
2023-03-17,0,3,Spring,0,0,0,미라시아,오븐구이 윙과 킬바사소세지
2023-03-18,0,3,Spring,1,0,1,미라시아,오븐구이 윙과 킬바사소세지
2023-03-19,0,3,Spring,1,0,1,미라시아,오븐구이 윙과 킬바사소세지
2023-03-20,0,3,Spring,0,0,0,미라시아,오븐구이 윙과 킬바사소세지
2023-03-21,0,3,Spring,0,0,0,미라시아,오븐구이 윙과 킬바사소세지
2023-03-22,0,3,Spring,0,0,0,미라시아,오븐구이 윙과 킬바사소세지
2023-03-23,0,3,Spring,0,0,0,미라시아,오븐구이 윙과 킬바사소세지
2023-03-24,0,3,Spring,0,0,0,미라시아,오븐구이 윙과 킬바사소세지
2023-03-25,0,3,Spring,1,0,1,미라시아,오븐구이 윙과 킬바사소세지
2023-03-26,0,3,Spring,1,0,1,미라시아,오븐구이 윙과 킬바사소세지
2023-03-27,0,3,Spring,0,0,0,미라시아,오븐구이 윙과 킬바사소세지
2023-03-28,0,3,Spring,0,0,0,미라시아,오븐구이 윙과 킬바사소세지
2023-03-29,0,3,Spring,0,0,0,미라시아,오븐구이 윙과 킬바사소세지
2023-03-30,0,3,Spring,0,0,0,미라시아,오븐구이 윙과 킬바사소세지
2023-03-31,0,3,Spring,0,0,0,미라시아,오븐구이 윙과 킬바사소세지
2023-04-01,2,4,Spring,1,0,1,미라시아,오븐구이 윙과 킬바사소세지
2023-04-02,0,4,Spring,1,0,1,미라시아,오븐구이 윙과 킬바사소세지
2023-04-03,1,4,Spring,0,0,0,미라시아,오븐구이 윙과 킬바사소세지
2023-04-04,0,4,Spring,0,0,0,미라시아,오븐구이 윙과 킬바사소세지
2023-04-05,0,4,Spring,0,0,0,미라시아,오븐구이 윙과 킬바사소세지
2023-04-06,0,4,Spring,0,0,0,미라시아,오븐구이 윙과 킬바사소세지
2023-04-07,0,4,Spring,0,0,0,미라시아,오븐구이 윙과 킬바사소세지
2023-04-08,0,4,Spring,1,0,1,미라시아,오븐구이 윙과 킬바사소세지
2023-04-09,1,4,Spring,1,0,1,미라시아,오븐구이 윙과 킬바사소세지
2023-04-10,5,4,Spring,0,0,0,미라시아,오븐구이 윙과 킬바사소세지
2023-04-11,0,4,Spring,0,0,0,미라시아,오븐구이 윙과 킬바사소세지
2023-04-12,0,4,Spring,0,0,0,미라시아,오븐구이 윙과 킬바사소세지
2023-04-13,1,4,Spring,0,0,0,미라시아,오븐구이 윙과 킬바사소세지
2023-04-14,0,4,Spring,0,0,0,미라시아,오븐구이 윙과 킬바사소세지
2023-04-15,2,4,Spring,1,0,1,미라시아,오븐구이 윙과 킬바사소세지
2023-04-16,0,4,Spring,1,0,1,미라시아,오븐구이 윙과 킬바사소세지
2023-04-17,9,4,Spring,0,0,0,미라시아,오븐구이 윙과 킬바사소세지
2023-04-18,0,4,Spring,0,0,0,미라시아,오븐구이 윙과 킬바사소세지
2023-04-19,0,4,Spring,0,0,0,미라시아,오븐구이 윙과 킬바사소세지
2023-04-20,0,4,Spring,0,0,0,미라시아,오븐구이 윙과 킬바사소세지
2023-04-21,0,4,Spring,0,0,0,미라시아,오븐구이 윙과 킬바사소세지
2023-04-22,2,4,Spring,1,0,1,미라시아,오븐구이 윙과 킬바사소세지
2023-04-23,0,4,Spring,1,0,1,미라시아,오븐구이 윙과 킬바사소세지
2023-04-24,4,4,Spring,0,0,0,미라시아,오븐구이 윙과 킬바사소세지
2023-04-25,0,4,Spring,0,0,0,미라시아,오븐구이 윙과 킬바사소세지
2023-04-26,0,4,Spring,0,0,0,미라시아,오븐구이 윙과 킬바사소세지
2023-04-27,0,4,Spring,0,0,0,미라시아,오븐구이 윙과 킬바사소세지
2023-04-28,0,4,Spring,0,0,0,미라시아,오븐구이 윙과 킬바사소세지
2023-04-29,3,4,Spring,1,0,1,미라시아,오븐구이 윙과 킬바사소세지
2023-04-30,1,4,Spring,1,0,1,미라시아,오븐구이 윙과 킬바사소세지
2023-05-01,2,5,Spring,0,0,0,미라시아,오븐구이 윙과 킬바사소세지
2023-05-02,5,5,Spring,0,0,0,미라시아,오븐구이 윙과 킬바사소세지
2023-05-03,0,5,Spring,0,0,0,미라시아,오븐구이 윙과 킬바사소세지
2023-05-04,0,5,Spring,0,0,0,미라시아,오븐구이 윙과 킬바사소세지
2023-05-05,0,5,Spring,0,1,1,미라시아,오븐구이 윙과 킬바사소세지
2023-05-06,0,5,Spring,1,0,1,미라시아,오븐구이 윙과 킬바사소세지
2023-05-07,2,5,Spring,1,0,1,미라시아,오븐구이 윙과 킬바사소세지
2023-05-08,0,5,Spring,0,0,0,미라시아,오븐구이 윙과 킬바사소세지
2023-05-09,0,5,Spring,0,0,0,미라시아,오븐구이 윙과 킬바사소세지
2023-05-10,2,5,Spring,0,0,0,미라시아,오븐구이 윙과 킬바사소세지
2023-05-11,0,5,Spring,0,0,0,미라시아,오븐구이 윙과 킬바사소세지
2023-05-12,0,5,Spring,0,0,0,미라시아,오븐구이 윙과 킬바사소세지
2023-05-13,0,5,Spring,1,0,1,미라시아,오븐구이 윙과 킬바사소세지
2023-05-14,0,5,Spring,1,0,1,미라시아,오븐구이 윙과 킬바사소세지
2023-05-15,2,5,Spring,0,0,0,미라시아,오븐구이 윙과 킬바사소세지
2023-05-16,1,5,Spring,0,0,0,미라시아,오븐구이 윙과 킬바사소세지
2023-05-17,1,5,Spring,0,0,0,미라시아,오븐구이 윙과 킬바사소세지
2023-05-18,0,5,Spring,0,0,0,미라시아,오븐구이 윙과 킬바사소세지
2023-05-19,0,5,Spring,0,0,0,미라시아,오븐구이 윙과 킬바사소세지
2023-05-20,0,5,Spring,1,0,1,미라시아,오븐구이 윙과 킬바사소세지
2023-05-21,1,5,Spring,1,0,1,미라시아,오븐구이 윙과 킬바사소세지
2023-05-22,0,5,Spring,0,0,0,미라시아,오븐구이 윙과 킬바사소세지
2023-05-23,0,5,Spring,0,0,0,미라시아,오븐구이 윙과 킬바사소세지
2023-05-24,0,5,Spring,0,0,0,미라시아,오븐구이 윙과 킬바사소세지
2023-05-25,1,5,Spring,0,0,0,미라시아,오븐구이 윙과 킬바사소세지
2023-05-26,0,5,Spring,0,0,0,미라시아,오븐구이 윙과 킬바사소세지
2023-05-27,0,5,Spring,1,1,1,미라시아,오븐구이 윙과 킬바사소세지
2023-05-28,0,5,Spring,1,0,1,미라시아,오븐구이 윙과 킬바사소세지
2023-05-29,0,5,Spring,0,1,1,미라시아,오븐구이 윙과 킬바사소세지
2023-05-30,1,5,Spring,0,0,0,미라시아,오븐구이 윙과 킬바사소세지
2023-05-31,1,5,Spring,0,0,0,미라시아,오븐구이 윙과 킬바사소세지
2023-06-01,1,6,Summer,0,0,0,미라시아,오븐구이 윙과 킬바사소세지
2023-06-02,0,6,Summer,0,0,0,미라시아,오븐구이 윙과 킬바사소세지
2023-06-03,3,6,Summer,1,0,1,미라시아,오븐구이 윙과 킬바사소세지
2023-06-04,2,6,Summer,1,0,1,미라시아,오븐구이 윙과 킬바사소세지
2023-06-05,0,6,Summer,0,0,0,미라시아,오븐구이 윙과 킬바사소세지
2023-06-06,0,6,Summer,0,1,1,미라시아,오븐구이 윙과 킬바사소세지
2023-06-07,0,6,Summer,0,0,0,미라시아,오븐구이 윙과 킬바사소세지
2023-06-08,0,6,Summer,0,0,0,미라시아,오븐구이 윙과 킬바사소세지
2023-06-09,1,6,Summer,0,0,0,미라시아,오븐구이 윙과 킬바사소세지
2023-06-10,3,6,Summer,1,0,1,미라시아,오븐구이 윙과 킬바사소세지
2023-06-11,0,6,Summer,1,0,1,미라시아,오븐구이 윙과 킬바사소세지
2023-06-12,1,6,Summer,0,0,0,미라시아,오븐구이 윙과 킬바사소세지
2023-06-13,0,6,Summer,0,0,0,미라시아,오븐구이 윙과 킬바사소세지
2023-06-14,2,6,Summer,0,0,0,미라시아,오븐구이 윙과 킬바사소세지
2023-06-15,1,6,Summer,0,0,0,미라시아,오븐구이 윙과 킬바사소세지
2023-06-16,1,6,Summer,0,0,0,미라시아,오븐구이 윙과 킬바사소세지
2023-06-17,1,6,Summer,1,0,1,미라시아,오븐구이 윙과 킬바사소세지
2023-06-18,0,6,Summer,1,0,1,미라시아,오븐구이 윙과 킬바사소세지
2023-06-19,1,6,Summer,0,0,0,미라시아,오븐구이 윙과 킬바사소세지
2023-06-20,1,6,Summer,0,0,0,미라시아,오븐구이 윙과 킬바사소세지
2023-06-21,0,6,Summer,0,0,0,미라시아,오븐구이 윙과 킬바사소세지
2023-06-22,0,6,Summer,0,0,0,미라시아,오븐구이 윙과 킬바사소세지
2023-06-23,3,6,Summer,0,0,0,미라시아,오븐구이 윙과 킬바사소세지
2023-06-24,1,6,Summer,1,0,1,미라시아,오븐구이 윙과 킬바사소세지
2023-06-25,2,6,Summer,1,0,1,미라시아,오븐구이 윙과 킬바사소세지
2023-06-26,1,6,Summer,0,0,0,미라시아,오븐구이 윙과 킬바사소세지
2023-06-27,0,6,Summer,0,0,0,미라시아,오븐구이 윙과 킬바사소세지
2023-06-28,0,6,Summer,0,0,0,미라시아,오븐구이 윙과 킬바사소세지
2023-06-29,0,6,Summer,0,0,0,미라시아,오븐구이 윙과 킬바사소세지
2023-06-30,5,6,Summer,0,0,0,미라시아,오븐구이 윙과 킬바사소세지
2023-07-01,5,7,Summer,1,0,1,미라시아,오븐구이 윙과 킬바사소세지
2023-07-02,0,7,Summer,1,0,1,미라시아,오븐구이 윙과 킬바사소세지
2023-07-03,2,7,Summer,0,0,0,미라시아,오븐구이 윙과 킬바사소세지
2023-07-04,1,7,Summer,0,0,0,미라시아,오븐구이 윙과 킬바사소세지
2023-07-05,1,7,Summer,0,0,0,미라시아,오븐구이 윙과 킬바사소세지
2023-07-06,5,7,Summer,0,0,0,미라시아,오븐구이 윙과 킬바사소세지
2023-07-07,1,7,Summer,0,0,0,미라시아,오븐구이 윙과 킬바사소세지
2023-07-08,3,7,Summer,1,0,1,미라시아,오븐구이 윙과 킬바사소세지
2023-07-09,0,7,Summer,1,0,1,미라시아,오븐구이 윙과 킬바사소세지
2023-07-10,1,7,Summer,0,0,0,미라시아,오븐구이 윙과 킬바사소세지
2023-07-11,0,7,Summer,0,0,0,미라시아,오븐구이 윙과 킬바사소세지
2023-07-12,0,7,Summer,0,0,0,미라시아,오븐구이 윙과 킬바사소세지
2023-07-13,1,7,Summer,0,0,0,미라시아,오븐구이 윙과 킬바사소세지
2023-07-14,3,7,Summer,0,0,0,미라시아,오븐구이 윙과 킬바사소세지
2023-07-15,4,7,Summer,1,0,1,미라시아,오븐구이 윙과 킬바사소세지
2023-07-16,0,7,Summer,1,0,1,미라시아,오븐구이 윙과 킬바사소세지
2023-07-17,0,7,Summer,0,0,0,미라시아,오븐구이 윙과 킬바사소세지
2023-07-18,1,7,Summer,0,0,0,미라시아,오븐구이 윙과 킬바사소세지
2023-07-19,0,7,Summer,0,0,0,미라시아,오븐구이 윙과 킬바사소세지
2023-07-20,1,7,Summer,0,0,0,미라시아,오븐구이 윙과 킬바사소세지
2023-07-21,3,7,Summer,0,0,0,미라시아,오븐구이 윙과 킬바사소세지
2023-07-22,4,7,Summer,1,0,1,미라시아,오븐구이 윙과 킬바사소세지
2023-07-23,1,7,Summer,1,0,1,미라시아,오븐구이 윙과 킬바사소세지
2023-07-24,5,7,Summer,0,0,0,미라시아,오븐구이 윙과 킬바사소세지
2023-07-25,1,7,Summer,0,0,0,미라시아,오븐구이 윙과 킬바사소세지
2023-07-26,3,7,Summer,0,0,0,미라시아,오븐구이 윙과 킬바사소세지
2023-07-27,2,7,Summer,0,0,0,미라시아,오븐구이 윙과 킬바사소세지
2023-07-28,3,7,Summer,0,0,0,미라시아,오븐구이 윙과 킬바사소세지
2023-07-29,1,7,Summer,1,0,1,미라시아,오븐구이 윙과 킬바사소세지
2023-07-30,1,7,Summer,1,0,1,미라시아,오븐구이 윙과 킬바사소세지
2023-07-31,6,7,Summer,0,0,0,미라시아,오븐구이 윙과 킬바사소세지
2023-08-01,4,8,Summer,0,0,0,미라시아,오븐구이 윙과 킬바사소세지
2023-08-02,0,8,Summer,0,0,0,미라시아,오븐구이 윙과 킬바사소세지
2023-08-03,2,8,Summer,0,0,0,미라시아,오븐구이 윙과 킬바사소세지
2023-08-04,3,8,Summer,0,0,0,미라시아,오븐구이 윙과 킬바사소세지
2023-08-05,2,8,Summer,1,0,1,미라시아,오븐구이 윙과 킬바사소세지
2023-08-06,4,8,Summer,1,0,1,미라시아,오븐구이 윙과 킬바사소세지
2023-08-07,2,8,Summer,0,0,0,미라시아,오븐구이 윙과 킬바사소세지
2023-08-08,2,8,Summer,0,0,0,미라시아,오븐구이 윙과 킬바사소세지
2023-08-09,3,8,Summer,0,0,0,미라시아,오븐구이 윙과 킬바사소세지
2023-08-10,1,8,Summer,0,0,0,미라시아,오븐구이 윙과 킬바사소세지
2023-08-11,2,8,Summer,0,0,0,미라시아,오븐구이 윙과 킬바사소세지
2023-08-12,3,8,Summer,1,0,1,미라시아,오븐구이 윙과 킬바사소세지
2023-08-13,4,8,Summer,1,0,1,미라시아,오븐구이 윙과 킬바사소세지
2023-08-14,4,8,Summer,0,0,0,미라시아,오븐구이 윙과 킬바사소세지
2023-08-15,0,8,Summer,0,1,1,미라시아,오븐구이 윙과 킬바사소세지
2023-08-16,0,8,Summer,0,0,0,미라시아,오븐구이 윙과 킬바사소세지
2023-08-17,2,8,Summer,0,0,0,미라시아,오븐구이 윙과 킬바사소세지
2023-08-18,1,8,Summer,0,0,0,미라시아,오븐구이 윙과 킬바사소세지
2023-08-19,5,8,Summer,1,0,1,미라시아,오븐구이 윙과 킬바사소세지
2023-08-20,1,8,Summer,1,0,1,미라시아,오븐구이 윙과 킬바사소세지
2023-08-21,0,8,Summer,0,0,0,미라시아,오븐구이 윙과 킬바사소세지
2023-08-22,0,8,Summer,0,0,0,미라시아,오븐구이 윙과 킬바사소세지
2023-08-23,2,8,Summer,0,0,0,미라시아,오븐구이 윙과 킬바사소세지
2023-08-24,1,8,Summer,0,0,0,미라시아,오븐구이 윙과 킬바사소세지
2023-08-25,0,8,Summer,0,0,0,미라시아,오븐구이 윙과 킬바사소세지
2023-08-26,1,8,Summer,1,0,1,미라시아,오븐구이 윙과 킬바사소세지
2023-08-27,0,8,Summer,1,0,1,미라시아,오븐구이 윙과 킬바사소세지
2023-08-28,1,8,Summer,0,0,0,미라시아,오븐구이 윙과 킬바사소세지
2023-08-29,1,8,Summer,0,0,0,미라시아,오븐구이 윙과 킬바사소세지
2023-08-30,1,8,Summer,0,0,0,미라시아,오븐구이 윙과 킬바사소세지
2023-08-31,0,8,Summer,0,0,0,미라시아,오븐구이 윙과 킬바사소세지
2023-09-01,0,9,Autumn,0,0,0,미라시아,오븐구이 윙과 킬바사소세지
2023-09-02,3,9,Autumn,1,0,1,미라시아,오븐구이 윙과 킬바사소세지
2023-09-03,2,9,Autumn,1,0,1,미라시아,오븐구이 윙과 킬바사소세지
2023-09-04,6,9,Autumn,0,0,0,미라시아,오븐구이 윙과 킬바사소세지
2023-09-05,2,9,Autumn,0,0,0,미라시아,오븐구이 윙과 킬바사소세지
2023-09-06,0,9,Autumn,0,0,0,미라시아,오븐구이 윙과 킬바사소세지
2023-09-07,1,9,Autumn,0,0,0,미라시아,오븐구이 윙과 킬바사소세지
2023-09-08,5,9,Autumn,0,0,0,미라시아,오븐구이 윙과 킬바사소세지
2023-09-09,1,9,Autumn,1,0,1,미라시아,오븐구이 윙과 킬바사소세지
2023-09-10,2,9,Autumn,1,0,1,미라시아,오븐구이 윙과 킬바사소세지
2023-09-11,0,9,Autumn,0,0,0,미라시아,오븐구이 윙과 킬바사소세지
2023-09-12,0,9,Autumn,0,0,0,미라시아,오븐구이 윙과 킬바사소세지
2023-09-13,3,9,Autumn,0,0,0,미라시아,오븐구이 윙과 킬바사소세지
2023-09-14,1,9,Autumn,0,0,0,미라시아,오븐구이 윙과 킬바사소세지
2023-09-15,2,9,Autumn,0,0,0,미라시아,오븐구이 윙과 킬바사소세지
2023-09-16,1,9,Autumn,1,0,1,미라시아,오븐구이 윙과 킬바사소세지
2023-09-17,0,9,Autumn,1,0,1,미라시아,오븐구이 윙과 킬바사소세지
2023-09-18,1,9,Autumn,0,0,0,미라시아,오븐구이 윙과 킬바사소세지
2023-09-19,0,9,Autumn,0,0,0,미라시아,오븐구이 윙과 킬바사소세지
2023-09-20,1,9,Autumn,0,0,0,미라시아,오븐구이 윙과 킬바사소세지
2023-09-21,0,9,Autumn,0,0,0,미라시아,오븐구이 윙과 킬바사소세지
2023-09-22,2,9,Autumn,0,0,0,미라시아,오븐구이 윙과 킬바사소세지
2023-09-23,0,9,Autumn,1,0,1,미라시아,오븐구이 윙과 킬바사소세지
2023-09-24,0,9,Autumn,1,0,1,미라시아,오븐구이 윙과 킬바사소세지
2023-09-25,0,9,Autumn,0,0,0,미라시아,오븐구이 윙과 킬바사소세지
2023-09-26,0,9,Autumn,0,0,0,미라시아,오븐구이 윙과 킬바사소세지
2023-09-27,2,9,Autumn,0,0,0,미라시아,오븐구이 윙과 킬바사소세지
2023-09-28,2,9,Autumn,0,1,1,미라시아,오븐구이 윙과 킬바사소세지
2023-09-29,0,9,Autumn,0,1,1,미라시아,오븐구이 윙과 킬바사소세지
2023-09-30,0,9,Autumn,1,1,1,미라시아,오븐구이 윙과 킬바사소세지
2023-10-01,3,10,Autumn,1,0,1,미라시아,오븐구이 윙과 킬바사소세지
2023-10-02,3,10,Autumn,0,1,1,미라시아,오븐구이 윙과 킬바사소세지
2023-10-03,0,10,Autumn,0,1,1,미라시아,오븐구이 윙과 킬바사소세지
2023-10-04,1,10,Autumn,0,0,0,미라시아,오븐구이 윙과 킬바사소세지
2023-10-05,0,10,Autumn,0,0,0,미라시아,오븐구이 윙과 킬바사소세지
2023-10-06,3,10,Autumn,0,0,0,미라시아,오븐구이 윙과 킬바사소세지
2023-10-07,3,10,Autumn,1,0,1,미라시아,오븐구이 윙과 킬바사소세지
2023-10-08,3,10,Autumn,1,0,1,미라시아,오븐구이 윙과 킬바사소세지
2023-10-09,2,10,Autumn,0,1,1,미라시아,오븐구이 윙과 킬바사소세지
2023-10-10,3,10,Autumn,0,0,0,미라시아,오븐구이 윙과 킬바사소세지
2023-10-11,0,10,Autumn,0,0,0,미라시아,오븐구이 윙과 킬바사소세지
2023-10-12,1,10,Autumn,0,0,0,미라시아,오븐구이 윙과 킬바사소세지
2023-10-13,2,10,Autumn,0,0,0,미라시아,오븐구이 윙과 킬바사소세지
2023-10-14,3,10,Autumn,1,0,1,미라시아,오븐구이 윙과 킬바사소세지
2023-10-15,4,10,Autumn,1,0,1,미라시아,오븐구이 윙과 킬바사소세지
2023-10-16,1,10,Autumn,0,0,0,미라시아,오븐구이 윙과 킬바사소세지
2023-10-17,2,10,Autumn,0,0,0,미라시아,오븐구이 윙과 킬바사소세지
2023-10-18,0,10,Autumn,0,0,0,미라시아,오븐구이 윙과 킬바사소세지
2023-10-19,0,10,Autumn,0,0,0,미라시아,오븐구이 윙과 킬바사소세지
2023-10-20,2,10,Autumn,0,0,0,미라시아,오븐구이 윙과 킬바사소세지
2023-10-21,3,10,Autumn,1,0,1,미라시아,오븐구이 윙과 킬바사소세지
2023-10-22,5,10,Autumn,1,0,1,미라시아,오븐구이 윙과 킬바사소세지
2023-10-23,0,10,Autumn,0,0,0,미라시아,오븐구이 윙과 킬바사소세지
2023-10-24,2,10,Autumn,0,0,0,미라시아,오븐구이 윙과 킬바사소세지
2023-10-25,0,10,Autumn,0,0,0,미라시아,오븐구이 윙과 킬바사소세지
2023-10-26,1,10,Autumn,0,0,0,미라시아,오븐구이 윙과 킬바사소세지
2023-10-27,1,10,Autumn,0,0,0,미라시아,오븐구이 윙과 킬바사소세지
2023-10-28,1,10,Autumn,1,0,1,미라시아,오븐구이 윙과 킬바사소세지
2023-10-29,0,10,Autumn,1,0,1,미라시아,오븐구이 윙과 킬바사소세지
2023-10-30,2,10,Autumn,0,0,0,미라시아,오븐구이 윙과 킬바사소세지
2023-10-31,12,10,Autumn,0,0,0,미라시아,오븐구이 윙과 킬바사소세지
2023-11-01,2,11,Autumn,0,0,0,미라시아,오븐구이 윙과 킬바사소세지
2023-11-02,1,11,Autumn,0,0,0,미라시아,오븐구이 윙과 킬바사소세지
2023-11-03,5,11,Autumn,0,0,0,미라시아,오븐구이 윙과 킬바사소세지
2023-11-04,2,11,Autumn,1,0,1,미라시아,오븐구이 윙과 킬바사소세지
2023-11-05,1,11,Autumn,1,0,1,미라시아,오븐구이 윙과 킬바사소세지
2023-11-06,0,11,Autumn,0,0,0,미라시아,오븐구이 윙과 킬바사소세지
2023-11-07,2,11,Autumn,0,0,0,미라시아,오븐구이 윙과 킬바사소세지
2023-11-08,2,11,Autumn,0,0,0,미라시아,오븐구이 윙과 킬바사소세지
2023-11-09,1,11,Autumn,0,0,0,미라시아,오븐구이 윙과 킬바사소세지
2023-11-10,0,11,Autumn,0,0,0,미라시아,오븐구이 윙과 킬바사소세지
2023-11-11,4,11,Autumn,1,0,1,미라시아,오븐구이 윙과 킬바사소세지
2023-11-12,2,11,Autumn,1,0,1,미라시아,오븐구이 윙과 킬바사소세지
2023-11-13,6,11,Autumn,0,0,0,미라시아,오븐구이 윙과 킬바사소세지
2023-11-14,0,11,Autumn,0,0,0,미라시아,오븐구이 윙과 킬바사소세지
2023-11-15,3,11,Autumn,0,0,0,미라시아,오븐구이 윙과 킬바사소세지
2023-11-16,3,11,Autumn,0,0,0,미라시아,오븐구이 윙과 킬바사소세지
2023-11-17,4,11,Autumn,0,0,0,미라시아,오븐구이 윙과 킬바사소세지
2023-11-18,1,11,Autumn,1,0,1,미라시아,오븐구이 윙과 킬바사소세지
2023-11-19,1,11,Autumn,1,0,1,미라시아,오븐구이 윙과 킬바사소세지
2023-11-20,1,11,Autumn,0,0,0,미라시아,오븐구이 윙과 킬바사소세지
2023-11-21,0,11,Autumn,0,0,0,미라시아,오븐구이 윙과 킬바사소세지
2023-11-22,0,11,Autumn,0,0,0,미라시아,오븐구이 윙과 킬바사소세지
2023-11-23,1,11,Autumn,0,0,0,미라시아,오븐구이 윙과 킬바사소세지
2023-11-24,1,11,Autumn,0,0,0,미라시아,오븐구이 윙과 킬바사소세지
2023-11-25,3,11,Autumn,1,0,1,미라시아,오븐구이 윙과 킬바사소세지
2023-11-26,0,11,Autumn,1,0,1,미라시아,오븐구이 윙과 킬바사소세지
2023-11-27,0,11,Autumn,0,0,0,미라시아,오븐구이 윙과 킬바사소세지
2023-11-28,0,11,Autumn,0,0,0,미라시아,오븐구이 윙과 킬바사소세지
2023-11-29,0,11,Autumn,0,0,0,미라시아,오븐구이 윙과 킬바사소세지
2023-11-30,0,11,Autumn,0,0,0,미라시아,오븐구이 윙과 킬바사소세지
2023-12-01,1,12,Winter,0,0,0,미라시아,오븐구이 윙과 킬바사소세지
2023-12-02,4,12,Winter,1,0,1,미라시아,오븐구이 윙과 킬바사소세지
2023-12-03,0,12,Winter,1,0,1,미라시아,오븐구이 윙과 킬바사소세지
2023-12-04,3,12,Winter,0,0,0,미라시아,오븐구이 윙과 킬바사소세지
2023-12-05,2,12,Winter,0,0,0,미라시아,오븐구이 윙과 킬바사소세지
2023-12-06,0,12,Winter,0,0,0,미라시아,오븐구이 윙과 킬바사소세지
2023-12-07,1,12,Winter,0,0,0,미라시아,오븐구이 윙과 킬바사소세지
2023-12-08,1,12,Winter,0,0,0,미라시아,오븐구이 윙과 킬바사소세지
2023-12-09,3,12,Winter,1,0,1,미라시아,오븐구이 윙과 킬바사소세지
2023-12-10,3,12,Winter,1,0,1,미라시아,오븐구이 윙과 킬바사소세지
2023-12-11,2,12,Winter,0,0,0,미라시아,오븐구이 윙과 킬바사소세지
2023-12-12,0,12,Winter,0,0,0,미라시아,오븐구이 윙과 킬바사소세지
2023-12-13,0,12,Winter,0,0,0,미라시아,오븐구이 윙과 킬바사소세지
2023-12-14,0,12,Winter,0,0,0,미라시아,오븐구이 윙과 킬바사소세지
2023-12-15,1,12,Winter,0,0,0,미라시아,오븐구이 윙과 킬바사소세지
2023-12-16,2,12,Winter,1,0,1,미라시아,오븐구이 윙과 킬바사소세지
2023-12-17,2,12,Winter,1,0,1,미라시아,오븐구이 윙과 킬바사소세지
2023-12-18,0,12,Winter,0,0,0,미라시아,오븐구이 윙과 킬바사소세지
2023-12-19,0,12,Winter,0,0,0,미라시아,오븐구이 윙과 킬바사소세지
2023-12-20,2,12,Winter,0,0,0,미라시아,오븐구이 윙과 킬바사소세지
2023-12-21,1,12,Winter,0,0,0,미라시아,오븐구이 윙과 킬바사소세지
2023-12-22,1,12,Winter,0,0,0,미라시아,오븐구이 윙과 킬바사소세지
2023-12-23,1,12,Winter,1,0,1,미라시아,오븐구이 윙과 킬바사소세지
2023-12-24,3,12,Winter,1,0,1,미라시아,오븐구이 윙과 킬바사소세지
2023-12-25,1,12,Winter,0,1,1,미라시아,오븐구이 윙과 킬바사소세지
2023-12-26,4,12,Winter,0,0,0,미라시아,오븐구이 윙과 킬바사소세지
2023-12-27,0,12,Winter,0,0,0,미라시아,오븐구이 윙과 킬바사소세지
2023-12-28,2,12,Winter,0,0,0,미라시아,오븐구이 윙과 킬바사소세지
2023-12-29,2,12,Winter,0,0,0,미라시아,오븐구이 윙과 킬바사소세지
2023-12-30,1,12,Winter,1,0,1,미라시아,오븐구이 윙과 킬바사소세지
2023-12-31,1,12,Winter,1,0,1,미라시아,오븐구이 윙과 킬바사소세지
2024-01-01,3,1,Winter,0,1,1,미라시아,오븐구이 윙과 킬바사소세지
2024-01-02,2,1,Winter,0,0,0,미라시아,오븐구이 윙과 킬바사소세지
2024-01-03,1,1,Winter,0,0,0,미라시아,오븐구이 윙과 킬바사소세지
2024-01-04,0,1,Winter,0,0,0,미라시아,오븐구이 윙과 킬바사소세지
2024-01-05,0,1,Winter,0,0,0,미라시아,오븐구이 윙과 킬바사소세지
2024-01-06,2,1,Winter,1,0,1,미라시아,오븐구이 윙과 킬바사소세지
2024-01-07,0,1,Winter,1,0,1,미라시아,오븐구이 윙과 킬바사소세지
2024-01-08,1,1,Winter,0,0,0,미라시아,오븐구이 윙과 킬바사소세지
2024-01-09,0,1,Winter,0,0,0,미라시아,오븐구이 윙과 킬바사소세지
2024-01-10,0,1,Winter,0,0,0,미라시아,오븐구이 윙과 킬바사소세지
2024-01-11,2,1,Winter,0,0,0,미라시아,오븐구이 윙과 킬바사소세지
2024-01-12,0,1,Winter,0,0,0,미라시아,오븐구이 윙과 킬바사소세지
2024-01-13,3,1,Winter,1,0,1,미라시아,오븐구이 윙과 킬바사소세지
2024-01-14,0,1,Winter,1,0,1,미라시아,오븐구이 윙과 킬바사소세지
2024-01-15,0,1,Winter,0,0,0,미라시아,오븐구이 윙과 킬바사소세지
2024-01-16,4,1,Winter,0,0,0,미라시아,오븐구이 윙과 킬바사소세지
2024-01-17,1,1,Winter,0,0,0,미라시아,오븐구이 윙과 킬바사소세지
2024-01-18,4,1,Winter,0,0,0,미라시아,오븐구이 윙과 킬바사소세지
2024-01-19,4,1,Winter,0,0,0,미라시아,오븐구이 윙과 킬바사소세지
2024-01-20,4,1,Winter,1,0,1,미라시아,오븐구이 윙과 킬바사소세지
2024-01-21,0,1,Winter,1,0,1,미라시아,오븐구이 윙과 킬바사소세지
2024-01-22,1,1,Winter,0,0,0,미라시아,오븐구이 윙과 킬바사소세지
2024-01-23,1,1,Winter,0,0,0,미라시아,오븐구이 윙과 킬바사소세지
2024-01-24,1,1,Winter,0,0,0,미라시아,오븐구이 윙과 킬바사소세지
2024-01-25,1,1,Winter,0,0,0,미라시아,오븐구이 윙과 킬바사소세지
2024-01-26,2,1,Winter,0,0,0,미라시아,오븐구이 윙과 킬바사소세지
2024-01-27,3,1,Winter,1,0,1,미라시아,오븐구이 윙과 킬바사소세지
2024-01-28,2,1,Winter,1,0,1,미라시아,오븐구이 윙과 킬바사소세지
2024-01-29,3,1,Winter,0,0,0,미라시아,오븐구이 윙과 킬바사소세지
2024-01-30,0,1,Winter,0,0,0,미라시아,오븐구이 윙과 킬바사소세지
2024-01-31,1,1,Winter,0,0,0,미라시아,오븐구이 윙과 킬바사소세지
2024-02-01,0,2,Winter,0,0,0,미라시아,오븐구이 윙과 킬바사소세지
2024-02-02,0,2,Winter,0,0,0,미라시아,오븐구이 윙과 킬바사소세지
2024-02-03,0,2,Winter,1,0,1,미라시아,오븐구이 윙과 킬바사소세지
2024-02-04,3,2,Winter,1,0,1,미라시아,오븐구이 윙과 킬바사소세지
2024-02-05,0,2,Winter,0,0,0,미라시아,오븐구이 윙과 킬바사소세지
2024-02-06,8,2,Winter,0,0,0,미라시아,오븐구이 윙과 킬바사소세지
2024-02-07,2,2,Winter,0,0,0,미라시아,오븐구이 윙과 킬바사소세지
2024-02-08,2,2,Winter,0,0,0,미라시아,오븐구이 윙과 킬바사소세지
2024-02-09,2,2,Winter,0,1,1,미라시아,오븐구이 윙과 킬바사소세지
2024-02-10,2,2,Winter,1,1,1,미라시아,오븐구이 윙과 킬바사소세지
2024-02-11,6,2,Winter,1,1,1,미라시아,오븐구이 윙과 킬바사소세지
2024-02-12,0,2,Winter,0,1,1,미라시아,오븐구이 윙과 킬바사소세지
2024-02-13,0,2,Winter,0,0,0,미라시아,오븐구이 윙과 킬바사소세지
2024-02-14,0,2,Winter,0,0,0,미라시아,오븐구이 윙과 킬바사소세지
2024-02-15,0,2,Winter,0,0,0,미라시아,오븐구이 윙과 킬바사소세지
2024-02-16,9,2,Winter,0,0,0,미라시아,오븐구이 윙과 킬바사소세지
2024-02-17,0,2,Winter,1,0,1,미라시아,오븐구이 윙과 킬바사소세지
2024-02-18,5,2,Winter,1,0,1,미라시아,오븐구이 윙과 킬바사소세지
2024-02-19,0,2,Winter,0,0,0,미라시아,오븐구이 윙과 킬바사소세지
2024-02-20,1,2,Winter,0,0,0,미라시아,오븐구이 윙과 킬바사소세지
2024-02-21,0,2,Winter,0,0,0,미라시아,오븐구이 윙과 킬바사소세지
2024-02-22,1,2,Winter,0,0,0,미라시아,오븐구이 윙과 킬바사소세지
2024-02-23,1,2,Winter,0,0,0,미라시아,오븐구이 윙과 킬바사소세지
2024-02-24,1,2,Winter,1,0,1,미라시아,오븐구이 윙과 킬바사소세지
2024-02-25,1,2,Winter,1,0,1,미라시아,오븐구이 윙과 킬바사소세지
2024-02-26,1,2,Winter,0,0,0,미라시아,오븐구이 윙과 킬바사소세지
2024-02-27,0,2,Winter,0,0,0,미라시아,오븐구이 윙과 킬바사소세지
2024-02-28,0,2,Winter,0,0,0,미라시아,오븐구이 윙과 킬바사소세지
2024-02-29,2,2,Winter,0,0,0,미라시아,오븐구이 윙과 킬바사소세지
2024-03-01,4,3,Spring,0,1,1,미라시아,오븐구이 윙과 킬바사소세지
2024-03-02,3,3,Spring,1,0,1,미라시아,오븐구이 윙과 킬바사소세지
2024-03-03,0,3,Spring,1,0,1,미라시아,오븐구이 윙과 킬바사소세지
2024-03-04,0,3,Spring,0,0,0,미라시아,오븐구이 윙과 킬바사소세지
2024-03-05,0,3,Spring,0,0,0,미라시아,오븐구이 윙과 킬바사소세지
2024-03-06,0,3,Spring,0,0,0,미라시아,오븐구이 윙과 킬바사소세지
2024-03-07,0,3,Spring,0,0,0,미라시아,오븐구이 윙과 킬바사소세지
2024-03-08,0,3,Spring,0,0,0,미라시아,오븐구이 윙과 킬바사소세지
2024-03-09,0,3,Spring,1,0,1,미라시아,오븐구이 윙과 킬바사소세지
2024-03-10,0,3,Spring,1,0,1,미라시아,오븐구이 윙과 킬바사소세지
2024-03-11,0,3,Spring,0,0,0,미라시아,오븐구이 윙과 킬바사소세지
2024-03-12,0,3,Spring,0,0,0,미라시아,오븐구이 윙과 킬바사소세지
2024-03-13,0,3,Spring,0,0,0,미라시아,오븐구이 윙과 킬바사소세지
2024-03-14,0,3,Spring,0,0,0,미라시아,오븐구이 윙과 킬바사소세지
2024-03-15,0,3,Spring,0,0,0,미라시아,오븐구이 윙과 킬바사소세지
2024-03-16,2,3,Spring,1,0,1,미라시아,오븐구이 윙과 킬바사소세지
2024-03-17,0,3,Spring,1,0,1,미라시아,오븐구이 윙과 킬바사소세지
2024-03-18,0,3,Spring,0,0,0,미라시아,오븐구이 윙과 킬바사소세지
2024-03-19,0,3,Spring,0,0,0,미라시아,오븐구이 윙과 킬바사소세지
2024-03-20,0,3,Spring,0,0,0,미라시아,오븐구이 윙과 킬바사소세지
2024-03-21,0,3,Spring,0,0,0,미라시아,오븐구이 윙과 킬바사소세지
2024-03-22,1,3,Spring,0,0,0,미라시아,오븐구이 윙과 킬바사소세지
2024-03-23,1,3,Spring,1,0,1,미라시아,오븐구이 윙과 킬바사소세지
2024-03-24,0,3,Spring,1,0,1,미라시아,오븐구이 윙과 킬바사소세지
2024-03-25,1,3,Spring,0,0,0,미라시아,오븐구이 윙과 킬바사소세지
2024-03-26,1,3,Spring,0,0,0,미라시아,오븐구이 윙과 킬바사소세지
2024-03-27,0,3,Spring,0,0,0,미라시아,오븐구이 윙과 킬바사소세지
2024-03-28,1,3,Spring,0,0,0,미라시아,오븐구이 윙과 킬바사소세지
2024-03-29,2,3,Spring,0,0,0,미라시아,오븐구이 윙과 킬바사소세지
2024-03-30,1,3,Spring,1,0,1,미라시아,오븐구이 윙과 킬바사소세지
2024-03-31,2,3,Spring,1,0,1,미라시아,오븐구이 윙과 킬바사소세지
2024-04-01,0,4,Spring,0,0,0,미라시아,오븐구이 윙과 킬바사소세지
2024-04-02,0,4,Spring,0,0,0,미라시아,오븐구이 윙과 킬바사소세지
2024-04-03,0,4,Spring,0,0,0,미라시아,오븐구이 윙과 킬바사소세지
2024-04-04,2,4,Spring,0,0,0,미라시아,오븐구이 윙과 킬바사소세지
2024-04-05,3,4,Spring,0,0,0,미라시아,오븐구이 윙과 킬바사소세지
2024-04-06,3,4,Spring,1,0,1,미라시아,오븐구이 윙과 킬바사소세지
2024-04-07,0,4,Spring,1,0,1,미라시아,오븐구이 윙과 킬바사소세지
2024-04-08,1,4,Spring,0,0,0,미라시아,오븐구이 윙과 킬바사소세지
2024-04-09,0,4,Spring,0,0,0,미라시아,오븐구이 윙과 킬바사소세지
2024-04-10,2,4,Spring,0,1,1,미라시아,오븐구이 윙과 킬바사소세지
2024-04-11,1,4,Spring,0,0,0,미라시아,오븐구이 윙과 킬바사소세지
2024-04-12,2,4,Spring,0,0,0,미라시아,오븐구이 윙과 킬바사소세지
2024-04-13,0,4,Spring,1,0,1,미라시아,오븐구이 윙과 킬바사소세지
2024-04-14,0,4,Spring,1,0,1,미라시아,오븐구이 윙과 킬바사소세지
2024-04-15,2,4,Spring,0,0,0,미라시아,오븐구이 윙과 킬바사소세지
2024-04-16,2,4,Spring,0,0,0,미라시아,오븐구이 윙과 킬바사소세지
2024-04-17,1,4,Spring,0,0,0,미라시아,오븐구이 윙과 킬바사소세지
2024-04-18,1,4,Spring,0,0,0,미라시아,오븐구이 윙과 킬바사소세지
2024-04-19,3,4,Spring,0,0,0,미라시아,오븐구이 윙과 킬바사소세지
2024-04-20,5,4,Spring,1,0,1,미라시아,오븐구이 윙과 킬바사소세지
2024-04-21,2,4,Spring,1,0,1,미라시아,오븐구이 윙과 킬바사소세지
2024-04-22,2,4,Spring,0,0,0,미라시아,오븐구이 윙과 킬바사소세지
2024-04-23,1,4,Spring,0,0,0,미라시아,오븐구이 윙과 킬바사소세지
2024-04-24,0,4,Spring,0,0,0,미라시아,오븐구이 윙과 킬바사소세지
2024-04-25,2,4,Spring,0,0,0,미라시아,오븐구이 윙과 킬바사소세지
2024-04-26,3,4,Spring,0,0,0,미라시아,오븐구이 윙과 킬바사소세지
2024-04-27,6,4,Spring,1,0,1,미라시아,오븐구이 윙과 킬바사소세지
2024-04-28,1,4,Spring,1,0,1,미라시아,오븐구이 윙과 킬바사소세지
2024-04-29,3,4,Spring,0,0,0,미라시아,오븐구이 윙과 킬바사소세지
2024-04-30,1,4,Spring,0,0,0,미라시아,오븐구이 윙과 킬바사소세지
2024-05-01,2,5,Spring,0,0,0,미라시아,오븐구이 윙과 킬바사소세지
2024-05-02,1,5,Spring,0,0,0,미라시아,오븐구이 윙과 킬바사소세지
2024-05-03,1,5,Spring,0,0,0,미라시아,오븐구이 윙과 킬바사소세지
2024-05-04,3,5,Spring,1,0,1,미라시아,오븐구이 윙과 킬바사소세지
2024-05-05,0,5,Spring,1,1,1,미라시아,오븐구이 윙과 킬바사소세지
2024-05-06,2,5,Spring,0,1,1,미라시아,오븐구이 윙과 킬바사소세지
2024-05-07,1,5,Spring,0,0,0,미라시아,오븐구이 윙과 킬바사소세지
2024-05-08,0,5,Spring,0,0,0,미라시아,오븐구이 윙과 킬바사소세지
2024-05-09,0,5,Spring,0,0,0,미라시아,오븐구이 윙과 킬바사소세지
2024-05-10,3,5,Spring,0,0,0,미라시아,오븐구이 윙과 킬바사소세지
2024-05-11,2,5,Spring,1,0,1,미라시아,오븐구이 윙과 킬바사소세지
2024-05-12,0,5,Spring,1,0,1,미라시아,오븐구이 윙과 킬바사소세지
2024-05-13,2,5,Spring,0,0,0,미라시아,오븐구이 윙과 킬바사소세지
2024-05-14,3,5,Spring,0,0,0,미라시아,오븐구이 윙과 킬바사소세지
2024-05-15,1,5,Spring,0,1,1,미라시아,오븐구이 윙과 킬바사소세지
2024-05-16,0,5,Spring,0,0,0,미라시아,오븐구이 윙과 킬바사소세지
2024-05-17,0,5,Spring,0,0,0,미라시아,오븐구이 윙과 킬바사소세지
2024-05-18,8,5,Spring,1,0,1,미라시아,오븐구이 윙과 킬바사소세지
2024-05-19,1,5,Spring,1,0,1,미라시아,오븐구이 윙과 킬바사소세지
2024-05-20,1,5,Spring,0,0,0,미라시아,오븐구이 윙과 킬바사소세지
2024-05-21,1,5,Spring,0,0,0,미라시아,오븐구이 윙과 킬바사소세지
2024-05-22,0,5,Spring,0,0,0,미라시아,오븐구이 윙과 킬바사소세지
2024-05-23,0,5,Spring,0,0,0,미라시아,오븐구이 윙과 킬바사소세지
2024-05-24,1,5,Spring,0,0,0,미라시아,오븐구이 윙과 킬바사소세지
2024-05-25,3,5,Spring,1,0,1,미라시아,오븐구이 윙과 킬바사소세지
2024-05-26,0,5,Spring,1,0,1,미라시아,오븐구이 윙과 킬바사소세지
2024-05-27,0,5,Spring,0,0,0,미라시아,오븐구이 윙과 킬바사소세지
2024-05-28,0,5,Spring,0,0,0,미라시아,오븐구이 윙과 킬바사소세지
2024-05-29,0,5,Spring,0,0,0,미라시아,오븐구이 윙과 킬바사소세지
2024-05-30,0,5,Spring,0,0,0,미라시아,오븐구이 윙과 킬바사소세지
2024-05-31,1,5,Spring,0,0,0,미라시아,오븐구이 윙과 킬바사소세지
2024-06-01,2,6,Summer,1,0,1,미라시아,오븐구이 윙과 킬바사소세지
2024-06-02,2,6,Summer,1,0,1,미라시아,오븐구이 윙과 킬바사소세지
2024-06-03,0,6,Summer,0,0,0,미라시아,오븐구이 윙과 킬바사소세지
2024-06-04,0,6,Summer,0,0,0,미라시아,오븐구이 윙과 킬바사소세지
2024-06-05,1,6,Summer,0,0,0,미라시아,오븐구이 윙과 킬바사소세지
2024-06-06,2,6,Summer,0,1,1,미라시아,오븐구이 윙과 킬바사소세지
2024-06-07,1,6,Summer,0,0,0,미라시아,오븐구이 윙과 킬바사소세지
2024-06-08,3,6,Summer,1,0,1,미라시아,오븐구이 윙과 킬바사소세지
2024-06-09,0,6,Summer,1,0,1,미라시아,오븐구이 윙과 킬바사소세지
2024-06-10,1,6,Summer,0,0,0,미라시아,오븐구이 윙과 킬바사소세지
2024-06-11,0,6,Summer,0,0,0,미라시아,오븐구이 윙과 킬바사소세지
2024-06-12,2,6,Summer,0,0,0,미라시아,오븐구이 윙과 킬바사소세지
2024-06-13,1,6,Summer,0,0,0,미라시아,오븐구이 윙과 킬바사소세지
2024-06-14,0,6,Summer,0,0,0,미라시아,오븐구이 윙과 킬바사소세지
2024-06-15,1,6,Summer,1,0,1,미라시아,오븐구이 윙과 킬바사소세지
2023-01-01,0,1,Winter,1,1,1,미라시아,유자 하이볼
2023-01-02,0,1,Winter,0,0,0,미라시아,유자 하이볼
2023-01-03,0,1,Winter,0,0,0,미라시아,유자 하이볼
2023-01-04,0,1,Winter,0,0,0,미라시아,유자 하이볼
2023-01-05,0,1,Winter,0,0,0,미라시아,유자 하이볼
2023-01-06,0,1,Winter,0,0,0,미라시아,유자 하이볼
2023-01-07,0,1,Winter,1,0,1,미라시아,유자 하이볼
2023-01-08,0,1,Winter,1,0,1,미라시아,유자 하이볼
2023-01-09,0,1,Winter,0,0,0,미라시아,유자 하이볼
2023-01-10,0,1,Winter,0,0,0,미라시아,유자 하이볼
2023-01-11,0,1,Winter,0,0,0,미라시아,유자 하이볼
2023-01-12,0,1,Winter,0,0,0,미라시아,유자 하이볼
2023-01-13,0,1,Winter,0,0,0,미라시아,유자 하이볼
2023-01-14,0,1,Winter,1,0,1,미라시아,유자 하이볼
2023-01-15,0,1,Winter,1,0,1,미라시아,유자 하이볼
2023-01-16,0,1,Winter,0,0,0,미라시아,유자 하이볼
2023-01-17,0,1,Winter,0,0,0,미라시아,유자 하이볼
2023-01-18,0,1,Winter,0,0,0,미라시아,유자 하이볼
2023-01-19,0,1,Winter,0,0,0,미라시아,유자 하이볼
2023-01-20,0,1,Winter,0,0,0,미라시아,유자 하이볼
2023-01-21,0,1,Winter,1,1,1,미라시아,유자 하이볼
2023-01-22,0,1,Winter,1,1,1,미라시아,유자 하이볼
2023-01-23,0,1,Winter,0,1,1,미라시아,유자 하이볼
2023-01-24,0,1,Winter,0,1,1,미라시아,유자 하이볼
2023-01-25,0,1,Winter,0,0,0,미라시아,유자 하이볼
2023-01-26,0,1,Winter,0,0,0,미라시아,유자 하이볼
2023-01-27,0,1,Winter,0,0,0,미라시아,유자 하이볼
2023-01-28,0,1,Winter,1,0,1,미라시아,유자 하이볼
2023-01-29,0,1,Winter,1,0,1,미라시아,유자 하이볼
2023-01-30,0,1,Winter,0,0,0,미라시아,유자 하이볼
2023-01-31,0,1,Winter,0,0,0,미라시아,유자 하이볼
2023-02-01,0,2,Winter,0,0,0,미라시아,유자 하이볼
2023-02-02,0,2,Winter,0,0,0,미라시아,유자 하이볼
2023-02-03,0,2,Winter,0,0,0,미라시아,유자 하이볼
2023-02-04,0,2,Winter,1,0,1,미라시아,유자 하이볼
2023-02-05,0,2,Winter,1,0,1,미라시아,유자 하이볼
2023-02-06,0,2,Winter,0,0,0,미라시아,유자 하이볼
2023-02-07,0,2,Winter,0,0,0,미라시아,유자 하이볼
2023-02-08,0,2,Winter,0,0,0,미라시아,유자 하이볼
2023-02-09,0,2,Winter,0,0,0,미라시아,유자 하이볼
2023-02-10,0,2,Winter,0,0,0,미라시아,유자 하이볼
2023-02-11,0,2,Winter,1,0,1,미라시아,유자 하이볼
2023-02-12,0,2,Winter,1,0,1,미라시아,유자 하이볼
2023-02-13,0,2,Winter,0,0,0,미라시아,유자 하이볼
2023-02-14,0,2,Winter,0,0,0,미라시아,유자 하이볼
2023-02-15,0,2,Winter,0,0,0,미라시아,유자 하이볼
2023-02-16,0,2,Winter,0,0,0,미라시아,유자 하이볼
2023-02-17,0,2,Winter,0,0,0,미라시아,유자 하이볼
2023-02-18,0,2,Winter,1,0,1,미라시아,유자 하이볼
2023-02-19,0,2,Winter,1,0,1,미라시아,유자 하이볼
2023-02-20,0,2,Winter,0,0,0,미라시아,유자 하이볼
2023-02-21,0,2,Winter,0,0,0,미라시아,유자 하이볼
2023-02-22,0,2,Winter,0,0,0,미라시아,유자 하이볼
2023-02-23,0,2,Winter,0,0,0,미라시아,유자 하이볼
2023-02-24,0,2,Winter,0,0,0,미라시아,유자 하이볼
2023-02-25,0,2,Winter,1,0,1,미라시아,유자 하이볼
2023-02-26,0,2,Winter,1,0,1,미라시아,유자 하이볼
2023-02-27,0,2,Winter,0,0,0,미라시아,유자 하이볼
2023-02-28,0,2,Winter,0,0,0,미라시아,유자 하이볼
2023-03-01,0,3,Spring,0,1,1,미라시아,유자 하이볼
2023-03-02,0,3,Spring,0,0,0,미라시아,유자 하이볼
2023-03-03,0,3,Spring,0,0,0,미라시아,유자 하이볼
2023-03-04,0,3,Spring,1,0,1,미라시아,유자 하이볼
2023-03-05,0,3,Spring,1,0,1,미라시아,유자 하이볼
2023-03-06,0,3,Spring,0,0,0,미라시아,유자 하이볼
2023-03-07,0,3,Spring,0,0,0,미라시아,유자 하이볼
2023-03-08,0,3,Spring,0,0,0,미라시아,유자 하이볼
2023-03-09,0,3,Spring,0,0,0,미라시아,유자 하이볼
2023-03-10,0,3,Spring,0,0,0,미라시아,유자 하이볼
2023-03-11,0,3,Spring,1,0,1,미라시아,유자 하이볼
2023-03-12,0,3,Spring,1,0,1,미라시아,유자 하이볼
2023-03-13,0,3,Spring,0,0,0,미라시아,유자 하이볼
2023-03-14,0,3,Spring,0,0,0,미라시아,유자 하이볼
2023-03-15,0,3,Spring,0,0,0,미라시아,유자 하이볼
2023-03-16,0,3,Spring,0,0,0,미라시아,유자 하이볼
2023-03-17,2,3,Spring,0,0,0,미라시아,유자 하이볼
2023-03-18,0,3,Spring,1,0,1,미라시아,유자 하이볼
2023-03-19,1,3,Spring,1,0,1,미라시아,유자 하이볼
2023-03-20,0,3,Spring,0,0,0,미라시아,유자 하이볼
2023-03-21,0,3,Spring,0,0,0,미라시아,유자 하이볼
2023-03-22,0,3,Spring,0,0,0,미라시아,유자 하이볼
2023-03-23,0,3,Spring,0,0,0,미라시아,유자 하이볼
2023-03-24,0,3,Spring,0,0,0,미라시아,유자 하이볼
2023-03-25,2,3,Spring,1,0,1,미라시아,유자 하이볼
2023-03-26,2,3,Spring,1,0,1,미라시아,유자 하이볼
2023-03-27,0,3,Spring,0,0,0,미라시아,유자 하이볼
2023-03-28,1,3,Spring,0,0,0,미라시아,유자 하이볼
2023-03-29,0,3,Spring,0,0,0,미라시아,유자 하이볼
2023-03-30,4,3,Spring,0,0,0,미라시아,유자 하이볼
2023-03-31,1,3,Spring,0,0,0,미라시아,유자 하이볼
2023-04-01,3,4,Spring,1,0,1,미라시아,유자 하이볼
2023-04-02,1,4,Spring,1,0,1,미라시아,유자 하이볼
2023-04-03,0,4,Spring,0,0,0,미라시아,유자 하이볼
2023-04-04,0,4,Spring,0,0,0,미라시아,유자 하이볼
2023-04-05,0,4,Spring,0,0,0,미라시아,유자 하이볼
2023-04-06,0,4,Spring,0,0,0,미라시아,유자 하이볼
2023-04-07,0,4,Spring,0,0,0,미라시아,유자 하이볼
2023-04-08,2,4,Spring,1,0,1,미라시아,유자 하이볼
2023-04-09,1,4,Spring,1,0,1,미라시아,유자 하이볼
2023-04-10,1,4,Spring,0,0,0,미라시아,유자 하이볼
2023-04-11,1,4,Spring,0,0,0,미라시아,유자 하이볼
2023-04-12,1,4,Spring,0,0,0,미라시아,유자 하이볼
2023-04-13,0,4,Spring,0,0,0,미라시아,유자 하이볼
2023-04-14,1,4,Spring,0,0,0,미라시아,유자 하이볼
2023-04-15,4,4,Spring,1,0,1,미라시아,유자 하이볼
2023-04-16,0,4,Spring,1,0,1,미라시아,유자 하이볼
2023-04-17,2,4,Spring,0,0,0,미라시아,유자 하이볼
2023-04-18,0,4,Spring,0,0,0,미라시아,유자 하이볼
2023-04-19,0,4,Spring,0,0,0,미라시아,유자 하이볼
2023-04-20,0,4,Spring,0,0,0,미라시아,유자 하이볼
2023-04-21,5,4,Spring,0,0,0,미라시아,유자 하이볼
2023-04-22,7,4,Spring,1,0,1,미라시아,유자 하이볼
2023-04-23,0,4,Spring,1,0,1,미라시아,유자 하이볼
2023-04-24,0,4,Spring,0,0,0,미라시아,유자 하이볼
2023-04-25,4,4,Spring,0,0,0,미라시아,유자 하이볼
2023-04-26,0,4,Spring,0,0,0,미라시아,유자 하이볼
2023-04-27,0,4,Spring,0,0,0,미라시아,유자 하이볼
2023-04-28,1,4,Spring,0,0,0,미라시아,유자 하이볼
2023-04-29,3,4,Spring,1,0,1,미라시아,유자 하이볼
2023-04-30,3,4,Spring,1,0,1,미라시아,유자 하이볼
2023-05-01,4,5,Spring,0,0,0,미라시아,유자 하이볼
2023-05-02,3,5,Spring,0,0,0,미라시아,유자 하이볼
2023-05-03,0,5,Spring,0,0,0,미라시아,유자 하이볼
2023-05-04,0,5,Spring,0,0,0,미라시아,유자 하이볼
2023-05-05,0,5,Spring,0,1,1,미라시아,유자 하이볼
2023-05-06,0,5,Spring,1,0,1,미라시아,유자 하이볼
2023-05-07,0,5,Spring,1,0,1,미라시아,유자 하이볼
2023-05-08,0,5,Spring,0,0,0,미라시아,유자 하이볼
2023-05-09,1,5,Spring,0,0,0,미라시아,유자 하이볼
2023-05-10,4,5,Spring,0,0,0,미라시아,유자 하이볼
2023-05-11,0,5,Spring,0,0,0,미라시아,유자 하이볼
2023-05-12,0,5,Spring,0,0,0,미라시아,유자 하이볼
2023-05-13,0,5,Spring,1,0,1,미라시아,유자 하이볼
2023-05-14,0,5,Spring,1,0,1,미라시아,유자 하이볼
2023-05-15,0,5,Spring,0,0,0,미라시아,유자 하이볼
2023-05-16,0,5,Spring,0,0,0,미라시아,유자 하이볼
2023-05-17,0,5,Spring,0,0,0,미라시아,유자 하이볼
2023-05-18,1,5,Spring,0,0,0,미라시아,유자 하이볼
2023-05-19,0,5,Spring,0,0,0,미라시아,유자 하이볼
2023-05-20,0,5,Spring,1,0,1,미라시아,유자 하이볼
2023-05-21,2,5,Spring,1,0,1,미라시아,유자 하이볼
2023-05-22,0,5,Spring,0,0,0,미라시아,유자 하이볼
2023-05-23,0,5,Spring,0,0,0,미라시아,유자 하이볼
2023-05-24,0,5,Spring,0,0,0,미라시아,유자 하이볼
2023-05-25,1,5,Spring,0,0,0,미라시아,유자 하이볼
2023-05-26,0,5,Spring,0,0,0,미라시아,유자 하이볼
2023-05-27,0,5,Spring,1,1,1,미라시아,유자 하이볼
2023-05-28,0,5,Spring,1,0,1,미라시아,유자 하이볼
2023-05-29,1,5,Spring,0,1,1,미라시아,유자 하이볼
2023-05-30,2,5,Spring,0,0,0,미라시아,유자 하이볼
2023-05-31,2,5,Spring,0,0,0,미라시아,유자 하이볼
2023-06-01,0,6,Summer,0,0,0,미라시아,유자 하이볼
2023-06-02,0,6,Summer,0,0,0,미라시아,유자 하이볼
2023-06-03,3,6,Summer,1,0,1,미라시아,유자 하이볼
2023-06-04,2,6,Summer,1,0,1,미라시아,유자 하이볼
2023-06-05,3,6,Summer,0,0,0,미라시아,유자 하이볼
2023-06-06,2,6,Summer,0,1,1,미라시아,유자 하이볼
2023-06-07,0,6,Summer,0,0,0,미라시아,유자 하이볼
2023-06-08,0,6,Summer,0,0,0,미라시아,유자 하이볼
2023-06-09,0,6,Summer,0,0,0,미라시아,유자 하이볼
2023-06-10,2,6,Summer,1,0,1,미라시아,유자 하이볼
2023-06-11,0,6,Summer,1,0,1,미라시아,유자 하이볼
2023-06-12,0,6,Summer,0,0,0,미라시아,유자 하이볼
2023-06-13,0,6,Summer,0,0,0,미라시아,유자 하이볼
2023-06-14,1,6,Summer,0,0,0,미라시아,유자 하이볼
2023-06-15,0,6,Summer,0,0,0,미라시아,유자 하이볼
2023-06-16,3,6,Summer,0,0,0,미라시아,유자 하이볼
2023-06-17,6,6,Summer,1,0,1,미라시아,유자 하이볼
2023-06-18,0,6,Summer,1,0,1,미라시아,유자 하이볼
2023-06-19,0,6,Summer,0,0,0,미라시아,유자 하이볼
2023-06-20,0,6,Summer,0,0,0,미라시아,유자 하이볼
2023-06-21,0,6,Summer,0,0,0,미라시아,유자 하이볼
2023-06-22,0,6,Summer,0,0,0,미라시아,유자 하이볼
2023-06-23,0,6,Summer,0,0,0,미라시아,유자 하이볼
2023-06-24,0,6,Summer,1,0,1,미라시아,유자 하이볼
2023-06-25,0,6,Summer,1,0,1,미라시아,유자 하이볼
2023-06-26,0,6,Summer,0,0,0,미라시아,유자 하이볼
2023-06-27,0,6,Summer,0,0,0,미라시아,유자 하이볼
2023-06-28,0,6,Summer,0,0,0,미라시아,유자 하이볼
2023-06-29,1,6,Summer,0,0,0,미라시아,유자 하이볼
2023-06-30,4,6,Summer,0,0,0,미라시아,유자 하이볼
2023-07-01,1,7,Summer,1,0,1,미라시아,유자 하이볼
2023-07-02,1,7,Summer,1,0,1,미라시아,유자 하이볼
2023-07-03,2,7,Summer,0,0,0,미라시아,유자 하이볼
2023-07-04,0,7,Summer,0,0,0,미라시아,유자 하이볼
2023-07-05,0,7,Summer,0,0,0,미라시아,유자 하이볼
2023-07-06,0,7,Summer,0,0,0,미라시아,유자 하이볼
2023-07-07,1,7,Summer,0,0,0,미라시아,유자 하이볼
2023-07-08,2,7,Summer,1,0,1,미라시아,유자 하이볼
2023-07-09,1,7,Summer,1,0,1,미라시아,유자 하이볼
2023-07-10,0,7,Summer,0,0,0,미라시아,유자 하이볼
2023-07-11,0,7,Summer,0,0,0,미라시아,유자 하이볼
2023-07-12,0,7,Summer,0,0,0,미라시아,유자 하이볼
2023-07-13,6,7,Summer,0,0,0,미라시아,유자 하이볼
2023-07-14,1,7,Summer,0,0,0,미라시아,유자 하이볼
2023-07-15,4,7,Summer,1,0,1,미라시아,유자 하이볼
2023-07-16,0,7,Summer,1,0,1,미라시아,유자 하이볼
2023-07-17,0,7,Summer,0,0,0,미라시아,유자 하이볼
2023-07-18,0,7,Summer,0,0,0,미라시아,유자 하이볼
2023-07-19,0,7,Summer,0,0,0,미라시아,유자 하이볼
2023-07-20,0,7,Summer,0,0,0,미라시아,유자 하이볼
2023-07-21,1,7,Summer,0,0,0,미라시아,유자 하이볼
2023-07-22,0,7,Summer,1,0,1,미라시아,유자 하이볼
2023-07-23,0,7,Summer,1,0,1,미라시아,유자 하이볼
2023-07-24,4,7,Summer,0,0,0,미라시아,유자 하이볼
2023-07-25,4,7,Summer,0,0,0,미라시아,유자 하이볼
2023-07-26,2,7,Summer,0,0,0,미라시아,유자 하이볼
2023-07-27,2,7,Summer,0,0,0,미라시아,유자 하이볼
2023-07-28,1,7,Summer,0,0,0,미라시아,유자 하이볼
2023-07-29,2,7,Summer,1,0,1,미라시아,유자 하이볼
2023-07-30,2,7,Summer,1,0,1,미라시아,유자 하이볼
2023-07-31,3,7,Summer,0,0,0,미라시아,유자 하이볼
2023-08-01,1,8,Summer,0,0,0,미라시아,유자 하이볼
2023-08-02,0,8,Summer,0,0,0,미라시아,유자 하이볼
2023-08-03,0,8,Summer,0,0,0,미라시아,유자 하이볼
2023-08-04,3,8,Summer,0,0,0,미라시아,유자 하이볼
2023-08-05,3,8,Summer,1,0,1,미라시아,유자 하이볼
2023-08-06,3,8,Summer,1,0,1,미라시아,유자 하이볼
2023-08-07,2,8,Summer,0,0,0,미라시아,유자 하이볼
2023-08-08,1,8,Summer,0,0,0,미라시아,유자 하이볼
2023-08-09,2,8,Summer,0,0,0,미라시아,유자 하이볼
2023-08-10,0,8,Summer,0,0,0,미라시아,유자 하이볼
2023-08-11,3,8,Summer,0,0,0,미라시아,유자 하이볼
2023-08-12,2,8,Summer,1,0,1,미라시아,유자 하이볼
2023-08-13,2,8,Summer,1,0,1,미라시아,유자 하이볼
2023-08-14,0,8,Summer,0,0,0,미라시아,유자 하이볼
2023-08-15,0,8,Summer,0,1,1,미라시아,유자 하이볼
2023-08-16,2,8,Summer,0,0,0,미라시아,유자 하이볼
2023-08-17,1,8,Summer,0,0,0,미라시아,유자 하이볼
2023-08-18,1,8,Summer,0,0,0,미라시아,유자 하이볼
2023-08-19,6,8,Summer,1,0,1,미라시아,유자 하이볼
2023-08-20,1,8,Summer,1,0,1,미라시아,유자 하이볼
2023-08-21,0,8,Summer,0,0,0,미라시아,유자 하이볼
2023-08-22,1,8,Summer,0,0,0,미라시아,유자 하이볼
2023-08-23,3,8,Summer,0,0,0,미라시아,유자 하이볼
2023-08-24,1,8,Summer,0,0,0,미라시아,유자 하이볼
2023-08-25,1,8,Summer,0,0,0,미라시아,유자 하이볼
2023-08-26,0,8,Summer,1,0,1,미라시아,유자 하이볼
2023-08-27,0,8,Summer,1,0,1,미라시아,유자 하이볼
2023-08-28,0,8,Summer,0,0,0,미라시아,유자 하이볼
2023-08-29,0,8,Summer,0,0,0,미라시아,유자 하이볼
2023-08-30,0,8,Summer,0,0,0,미라시아,유자 하이볼
2023-08-31,1,8,Summer,0,0,0,미라시아,유자 하이볼
2023-09-01,0,9,Autumn,0,0,0,미라시아,유자 하이볼
2023-09-02,6,9,Autumn,1,0,1,미라시아,유자 하이볼
2023-09-03,1,9,Autumn,1,0,1,미라시아,유자 하이볼
2023-09-04,0,9,Autumn,0,0,0,미라시아,유자 하이볼
2023-09-05,0,9,Autumn,0,0,0,미라시아,유자 하이볼
2023-09-06,0,9,Autumn,0,0,0,미라시아,유자 하이볼
2023-09-07,0,9,Autumn,0,0,0,미라시아,유자 하이볼
2023-09-08,1,9,Autumn,0,0,0,미라시아,유자 하이볼
2023-09-09,3,9,Autumn,1,0,1,미라시아,유자 하이볼
2023-09-10,0,9,Autumn,1,0,1,미라시아,유자 하이볼
2023-09-11,0,9,Autumn,0,0,0,미라시아,유자 하이볼
2023-09-12,3,9,Autumn,0,0,0,미라시아,유자 하이볼
2023-09-13,0,9,Autumn,0,0,0,미라시아,유자 하이볼
2023-09-14,8,9,Autumn,0,0,0,미라시아,유자 하이볼
2023-09-15,1,9,Autumn,0,0,0,미라시아,유자 하이볼
2023-09-16,2,9,Autumn,1,0,1,미라시아,유자 하이볼
2023-09-17,3,9,Autumn,1,0,1,미라시아,유자 하이볼
2023-09-18,0,9,Autumn,0,0,0,미라시아,유자 하이볼
2023-09-19,0,9,Autumn,0,0,0,미라시아,유자 하이볼
2023-09-20,0,9,Autumn,0,0,0,미라시아,유자 하이볼
2023-09-21,0,9,Autumn,0,0,0,미라시아,유자 하이볼
2023-09-22,0,9,Autumn,0,0,0,미라시아,유자 하이볼
2023-09-23,1,9,Autumn,1,0,1,미라시아,유자 하이볼
2023-09-24,0,9,Autumn,1,0,1,미라시아,유자 하이볼
2023-09-25,0,9,Autumn,0,0,0,미라시아,유자 하이볼
2023-09-26,0,9,Autumn,0,0,0,미라시아,유자 하이볼
2023-09-27,5,9,Autumn,0,0,0,미라시아,유자 하이볼
2023-09-28,1,9,Autumn,0,1,1,미라시아,유자 하이볼
2023-09-29,5,9,Autumn,0,1,1,미라시아,유자 하이볼
2023-09-30,3,9,Autumn,1,1,1,미라시아,유자 하이볼
2023-10-01,2,10,Autumn,1,0,1,미라시아,유자 하이볼
2023-10-02,0,10,Autumn,0,1,1,미라시아,유자 하이볼
2023-10-03,0,10,Autumn,0,1,1,미라시아,유자 하이볼
2023-10-04,0,10,Autumn,0,0,0,미라시아,유자 하이볼
2023-10-05,0,10,Autumn,0,0,0,미라시아,유자 하이볼
2023-10-06,0,10,Autumn,0,0,0,미라시아,유자 하이볼
2023-10-07,0,10,Autumn,1,0,1,미라시아,유자 하이볼
2023-10-08,2,10,Autumn,1,0,1,미라시아,유자 하이볼
2023-10-09,0,10,Autumn,0,1,1,미라시아,유자 하이볼
2023-10-10,2,10,Autumn,0,0,0,미라시아,유자 하이볼
2023-10-11,1,10,Autumn,0,0,0,미라시아,유자 하이볼
2023-10-12,0,10,Autumn,0,0,0,미라시아,유자 하이볼
2023-10-13,0,10,Autumn,0,0,0,미라시아,유자 하이볼
2023-10-14,2,10,Autumn,1,0,1,미라시아,유자 하이볼
2023-10-15,0,10,Autumn,1,0,1,미라시아,유자 하이볼
2023-10-16,0,10,Autumn,0,0,0,미라시아,유자 하이볼
2023-10-17,0,10,Autumn,0,0,0,미라시아,유자 하이볼
2023-10-18,0,10,Autumn,0,0,0,미라시아,유자 하이볼
2023-10-19,1,10,Autumn,0,0,0,미라시아,유자 하이볼
2023-10-20,2,10,Autumn,0,0,0,미라시아,유자 하이볼
2023-10-21,1,10,Autumn,1,0,1,미라시아,유자 하이볼
2023-10-22,3,10,Autumn,1,0,1,미라시아,유자 하이볼
2023-10-23,2,10,Autumn,0,0,0,미라시아,유자 하이볼
2023-10-24,2,10,Autumn,0,0,0,미라시아,유자 하이볼
2023-10-25,1,10,Autumn,0,0,0,미라시아,유자 하이볼
2023-10-26,1,10,Autumn,0,0,0,미라시아,유자 하이볼
2023-10-27,1,10,Autumn,0,0,0,미라시아,유자 하이볼
2023-10-28,4,10,Autumn,1,0,1,미라시아,유자 하이볼
2023-10-29,3,10,Autumn,1,0,1,미라시아,유자 하이볼
2023-10-30,0,10,Autumn,0,0,0,미라시아,유자 하이볼
2023-10-31,1,10,Autumn,0,0,0,미라시아,유자 하이볼
2023-11-01,2,11,Autumn,0,0,0,미라시아,유자 하이볼
2023-11-02,2,11,Autumn,0,0,0,미라시아,유자 하이볼
2023-11-03,2,11,Autumn,0,0,0,미라시아,유자 하이볼
2023-11-04,0,11,Autumn,1,0,1,미라시아,유자 하이볼
2023-11-05,2,11,Autumn,1,0,1,미라시아,유자 하이볼
2023-11-06,0,11,Autumn,0,0,0,미라시아,유자 하이볼
2023-11-07,0,11,Autumn,0,0,0,미라시아,유자 하이볼
2023-11-08,1,11,Autumn,0,0,0,미라시아,유자 하이볼
2023-11-09,1,11,Autumn,0,0,0,미라시아,유자 하이볼
2023-11-10,0,11,Autumn,0,0,0,미라시아,유자 하이볼
2023-11-11,0,11,Autumn,1,0,1,미라시아,유자 하이볼
2023-11-12,0,11,Autumn,1,0,1,미라시아,유자 하이볼
2023-11-13,4,11,Autumn,0,0,0,미라시아,유자 하이볼
2023-11-14,4,11,Autumn,0,0,0,미라시아,유자 하이볼
2023-11-15,0,11,Autumn,0,0,0,미라시아,유자 하이볼
2023-11-16,3,11,Autumn,0,0,0,미라시아,유자 하이볼
2023-11-17,1,11,Autumn,0,0,0,미라시아,유자 하이볼
2023-11-18,3,11,Autumn,1,0,1,미라시아,유자 하이볼
2023-11-19,0,11,Autumn,1,0,1,미라시아,유자 하이볼
2023-11-20,0,11,Autumn,0,0,0,미라시아,유자 하이볼
2023-11-21,0,11,Autumn,0,0,0,미라시아,유자 하이볼
2023-11-22,0,11,Autumn,0,0,0,미라시아,유자 하이볼
2023-11-23,0,11,Autumn,0,0,0,미라시아,유자 하이볼
2023-11-24,2,11,Autumn,0,0,0,미라시아,유자 하이볼
2023-11-25,0,11,Autumn,1,0,1,미라시아,유자 하이볼
2023-11-26,2,11,Autumn,1,0,1,미라시아,유자 하이볼
2023-11-27,1,11,Autumn,0,0,0,미라시아,유자 하이볼
2023-11-28,0,11,Autumn,0,0,0,미라시아,유자 하이볼
2023-11-29,0,11,Autumn,0,0,0,미라시아,유자 하이볼
2023-11-30,0,11,Autumn,0,0,0,미라시아,유자 하이볼
2023-12-01,1,12,Winter,0,0,0,미라시아,유자 하이볼
2023-12-02,0,12,Winter,1,0,1,미라시아,유자 하이볼
2023-12-03,0,12,Winter,1,0,1,미라시아,유자 하이볼
2023-12-04,0,12,Winter,0,0,0,미라시아,유자 하이볼
2023-12-05,0,12,Winter,0,0,0,미라시아,유자 하이볼
2023-12-06,1,12,Winter,0,0,0,미라시아,유자 하이볼
2023-12-07,0,12,Winter,0,0,0,미라시아,유자 하이볼
2023-12-08,1,12,Winter,0,0,0,미라시아,유자 하이볼
2023-12-09,2,12,Winter,1,0,1,미라시아,유자 하이볼
2023-12-10,2,12,Winter,1,0,1,미라시아,유자 하이볼
2023-12-11,1,12,Winter,0,0,0,미라시아,유자 하이볼
2023-12-12,1,12,Winter,0,0,0,미라시아,유자 하이볼
2023-12-13,0,12,Winter,0,0,0,미라시아,유자 하이볼
2023-12-14,0,12,Winter,0,0,0,미라시아,유자 하이볼
2023-12-15,1,12,Winter,0,0,0,미라시아,유자 하이볼
2023-12-16,0,12,Winter,1,0,1,미라시아,유자 하이볼
2023-12-17,1,12,Winter,1,0,1,미라시아,유자 하이볼
2023-12-18,0,12,Winter,0,0,0,미라시아,유자 하이볼
2023-12-19,0,12,Winter,0,0,0,미라시아,유자 하이볼
2023-12-20,1,12,Winter,0,0,0,미라시아,유자 하이볼
2023-12-21,1,12,Winter,0,0,0,미라시아,유자 하이볼
2023-12-22,2,12,Winter,0,0,0,미라시아,유자 하이볼
2023-12-23,0,12,Winter,1,0,1,미라시아,유자 하이볼
2023-12-24,2,12,Winter,1,0,1,미라시아,유자 하이볼
2023-12-25,3,12,Winter,0,1,1,미라시아,유자 하이볼
2023-12-26,1,12,Winter,0,0,0,미라시아,유자 하이볼
2023-12-27,2,12,Winter,0,0,0,미라시아,유자 하이볼
2023-12-28,0,12,Winter,0,0,0,미라시아,유자 하이볼
2023-12-29,0,12,Winter,0,0,0,미라시아,유자 하이볼
2023-12-30,0,12,Winter,1,0,1,미라시아,유자 하이볼
2023-12-31,0,12,Winter,1,0,1,미라시아,유자 하이볼
2024-01-01,1,1,Winter,0,1,1,미라시아,유자 하이볼
2024-01-02,1,1,Winter,0,0,0,미라시아,유자 하이볼
2024-01-03,0,1,Winter,0,0,0,미라시아,유자 하이볼
2024-01-04,0,1,Winter,0,0,0,미라시아,유자 하이볼
2024-01-05,2,1,Winter,0,0,0,미라시아,유자 하이볼
2024-01-06,1,1,Winter,1,0,1,미라시아,유자 하이볼
2024-01-07,1,1,Winter,1,0,1,미라시아,유자 하이볼
2024-01-08,0,1,Winter,0,0,0,미라시아,유자 하이볼
2024-01-09,2,1,Winter,0,0,0,미라시아,유자 하이볼
2024-01-10,1,1,Winter,0,0,0,미라시아,유자 하이볼
2024-01-11,1,1,Winter,0,0,0,미라시아,유자 하이볼
2024-01-12,3,1,Winter,0,0,0,미라시아,유자 하이볼
2024-01-13,1,1,Winter,1,0,1,미라시아,유자 하이볼
2024-01-14,0,1,Winter,1,0,1,미라시아,유자 하이볼
2024-01-15,0,1,Winter,0,0,0,미라시아,유자 하이볼
2024-01-16,8,1,Winter,0,0,0,미라시아,유자 하이볼
2024-01-17,2,1,Winter,0,0,0,미라시아,유자 하이볼
2024-01-18,2,1,Winter,0,0,0,미라시아,유자 하이볼
2024-01-19,0,1,Winter,0,0,0,미라시아,유자 하이볼
2024-01-20,2,1,Winter,1,0,1,미라시아,유자 하이볼
2024-01-21,0,1,Winter,1,0,1,미라시아,유자 하이볼
2024-01-22,0,1,Winter,0,0,0,미라시아,유자 하이볼
2024-01-23,0,1,Winter,0,0,0,미라시아,유자 하이볼
2024-01-24,2,1,Winter,0,0,0,미라시아,유자 하이볼
2024-01-25,0,1,Winter,0,0,0,미라시아,유자 하이볼
2024-01-26,1,1,Winter,0,0,0,미라시아,유자 하이볼
2024-01-27,0,1,Winter,1,0,1,미라시아,유자 하이볼
2024-01-28,1,1,Winter,1,0,1,미라시아,유자 하이볼
2024-01-29,0,1,Winter,0,0,0,미라시아,유자 하이볼
2024-01-30,1,1,Winter,0,0,0,미라시아,유자 하이볼
2024-01-31,0,1,Winter,0,0,0,미라시아,유자 하이볼
2024-02-01,0,2,Winter,0,0,0,미라시아,유자 하이볼
2024-02-02,0,2,Winter,0,0,0,미라시아,유자 하이볼
2024-02-03,0,2,Winter,1,0,1,미라시아,유자 하이볼
2024-02-04,1,2,Winter,1,0,1,미라시아,유자 하이볼
2024-02-05,1,2,Winter,0,0,0,미라시아,유자 하이볼
2024-02-06,0,2,Winter,0,0,0,미라시아,유자 하이볼
2024-02-07,0,2,Winter,0,0,0,미라시아,유자 하이볼
2024-02-08,1,2,Winter,0,0,0,미라시아,유자 하이볼
2024-02-09,2,2,Winter,0,1,1,미라시아,유자 하이볼
2024-02-10,1,2,Winter,1,1,1,미라시아,유자 하이볼
2024-02-11,2,2,Winter,1,1,1,미라시아,유자 하이볼
2024-02-12,0,2,Winter,0,1,1,미라시아,유자 하이볼
2024-02-13,1,2,Winter,0,0,0,미라시아,유자 하이볼
2024-02-14,0,2,Winter,0,0,0,미라시아,유자 하이볼
2024-02-15,0,2,Winter,0,0,0,미라시아,유자 하이볼
2024-02-16,3,2,Winter,0,0,0,미라시아,유자 하이볼
2024-02-17,0,2,Winter,1,0,1,미라시아,유자 하이볼
2024-02-18,0,2,Winter,1,0,1,미라시아,유자 하이볼
2024-02-19,0,2,Winter,0,0,0,미라시아,유자 하이볼
2024-02-20,0,2,Winter,0,0,0,미라시아,유자 하이볼
2024-02-21,0,2,Winter,0,0,0,미라시아,유자 하이볼
2024-02-22,3,2,Winter,0,0,0,미라시아,유자 하이볼
2024-02-23,0,2,Winter,0,0,0,미라시아,유자 하이볼
2024-02-24,2,2,Winter,1,0,1,미라시아,유자 하이볼
2024-02-25,0,2,Winter,1,0,1,미라시아,유자 하이볼
2024-02-26,1,2,Winter,0,0,0,미라시아,유자 하이볼
2024-02-27,0,2,Winter,0,0,0,미라시아,유자 하이볼
2024-02-28,0,2,Winter,0,0,0,미라시아,유자 하이볼
2024-02-29,1,2,Winter,0,0,0,미라시아,유자 하이볼
2024-03-01,0,3,Spring,0,1,1,미라시아,유자 하이볼
2024-03-02,0,3,Spring,1,0,1,미라시아,유자 하이볼
2024-03-03,0,3,Spring,1,0,1,미라시아,유자 하이볼
2024-03-04,0,3,Spring,0,0,0,미라시아,유자 하이볼
2024-03-05,0,3,Spring,0,0,0,미라시아,유자 하이볼
2024-03-06,0,3,Spring,0,0,0,미라시아,유자 하이볼
2024-03-07,0,3,Spring,0,0,0,미라시아,유자 하이볼
2024-03-08,0,3,Spring,0,0,0,미라시아,유자 하이볼
2024-03-09,0,3,Spring,1,0,1,미라시아,유자 하이볼
2024-03-10,0,3,Spring,1,0,1,미라시아,유자 하이볼
2024-03-11,0,3,Spring,0,0,0,미라시아,유자 하이볼
2024-03-12,0,3,Spring,0,0,0,미라시아,유자 하이볼
2024-03-13,0,3,Spring,0,0,0,미라시아,유자 하이볼
2024-03-14,0,3,Spring,0,0,0,미라시아,유자 하이볼
2024-03-15,0,3,Spring,0,0,0,미라시아,유자 하이볼
2024-03-16,5,3,Spring,1,0,1,미라시아,유자 하이볼
2024-03-17,0,3,Spring,1,0,1,미라시아,유자 하이볼
2024-03-18,0,3,Spring,0,0,0,미라시아,유자 하이볼
2024-03-19,0,3,Spring,0,0,0,미라시아,유자 하이볼
2024-03-20,0,3,Spring,0,0,0,미라시아,유자 하이볼
2024-03-21,0,3,Spring,0,0,0,미라시아,유자 하이볼
2024-03-22,0,3,Spring,0,0,0,미라시아,유자 하이볼
2024-03-23,2,3,Spring,1,0,1,미라시아,유자 하이볼
2024-03-24,0,3,Spring,1,0,1,미라시아,유자 하이볼
2024-03-25,0,3,Spring,0,0,0,미라시아,유자 하이볼
2024-03-26,0,3,Spring,0,0,0,미라시아,유자 하이볼
2024-03-27,1,3,Spring,0,0,0,미라시아,유자 하이볼
2024-03-28,0,3,Spring,0,0,0,미라시아,유자 하이볼
2024-03-29,1,3,Spring,0,0,0,미라시아,유자 하이볼
2024-03-30,4,3,Spring,1,0,1,미라시아,유자 하이볼
2024-03-31,0,3,Spring,1,0,1,미라시아,유자 하이볼
2024-04-01,0,4,Spring,0,0,0,미라시아,유자 하이볼
2024-04-02,0,4,Spring,0,0,0,미라시아,유자 하이볼
2024-04-03,0,4,Spring,0,0,0,미라시아,유자 하이볼
2024-04-04,0,4,Spring,0,0,0,미라시아,유자 하이볼
2024-04-05,3,4,Spring,0,0,0,미라시아,유자 하이볼
2024-04-06,1,4,Spring,1,0,1,미라시아,유자 하이볼
2024-04-07,0,4,Spring,1,0,1,미라시아,유자 하이볼
2024-04-08,0,4,Spring,0,0,0,미라시아,유자 하이볼
2024-04-09,0,4,Spring,0,0,0,미라시아,유자 하이볼
2024-04-10,1,4,Spring,0,1,1,미라시아,유자 하이볼
2024-04-11,2,4,Spring,0,0,0,미라시아,유자 하이볼
2024-04-12,2,4,Spring,0,0,0,미라시아,유자 하이볼
2024-04-13,2,4,Spring,1,0,1,미라시아,유자 하이볼
2024-04-14,0,4,Spring,1,0,1,미라시아,유자 하이볼
2024-04-15,1,4,Spring,0,0,0,미라시아,유자 하이볼
2024-04-16,0,4,Spring,0,0,0,미라시아,유자 하이볼
2024-04-17,0,4,Spring,0,0,0,미라시아,유자 하이볼
2024-04-18,0,4,Spring,0,0,0,미라시아,유자 하이볼
2024-04-19,3,4,Spring,0,0,0,미라시아,유자 하이볼
2024-04-20,1,4,Spring,1,0,1,미라시아,유자 하이볼
2024-04-21,0,4,Spring,1,0,1,미라시아,유자 하이볼
2024-04-22,0,4,Spring,0,0,0,미라시아,유자 하이볼
2024-04-23,1,4,Spring,0,0,0,미라시아,유자 하이볼
2024-04-24,0,4,Spring,0,0,0,미라시아,유자 하이볼
2024-04-25,2,4,Spring,0,0,0,미라시아,유자 하이볼
2024-04-26,0,4,Spring,0,0,0,미라시아,유자 하이볼
2024-04-27,0,4,Spring,1,0,1,미라시아,유자 하이볼
2024-04-28,0,4,Spring,1,0,1,미라시아,유자 하이볼
2024-04-29,0,4,Spring,0,0,0,미라시아,유자 하이볼
2024-04-30,0,4,Spring,0,0,0,미라시아,유자 하이볼
2024-05-01,3,5,Spring,0,0,0,미라시아,유자 하이볼
2024-05-02,0,5,Spring,0,0,0,미라시아,유자 하이볼
2024-05-03,1,5,Spring,0,0,0,미라시아,유자 하이볼
2024-05-04,0,5,Spring,1,0,1,미라시아,유자 하이볼
2024-05-05,3,5,Spring,1,1,1,미라시아,유자 하이볼
2024-05-06,0,5,Spring,0,1,1,미라시아,유자 하이볼
2024-05-07,1,5,Spring,0,0,0,미라시아,유자 하이볼
2024-05-08,0,5,Spring,0,0,0,미라시아,유자 하이볼
2024-05-09,1,5,Spring,0,0,0,미라시아,유자 하이볼
2024-05-10,0,5,Spring,0,0,0,미라시아,유자 하이볼
2024-05-11,1,5,Spring,1,0,1,미라시아,유자 하이볼
2024-05-12,0,5,Spring,1,0,1,미라시아,유자 하이볼
2024-05-13,0,5,Spring,0,0,0,미라시아,유자 하이볼
2024-05-14,0,5,Spring,0,0,0,미라시아,유자 하이볼
2024-05-15,0,5,Spring,0,1,1,미라시아,유자 하이볼
2024-05-16,0,5,Spring,0,0,0,미라시아,유자 하이볼
2024-05-17,1,5,Spring,0,0,0,미라시아,유자 하이볼
2024-05-18,4,5,Spring,1,0,1,미라시아,유자 하이볼
2024-05-19,0,5,Spring,1,0,1,미라시아,유자 하이볼
2024-05-20,0,5,Spring,0,0,0,미라시아,유자 하이볼
2024-05-21,1,5,Spring,0,0,0,미라시아,유자 하이볼
2024-05-22,0,5,Spring,0,0,0,미라시아,유자 하이볼
2024-05-23,0,5,Spring,0,0,0,미라시아,유자 하이볼
2024-05-24,0,5,Spring,0,0,0,미라시아,유자 하이볼
2024-05-25,5,5,Spring,1,0,1,미라시아,유자 하이볼
2024-05-26,1,5,Spring,1,0,1,미라시아,유자 하이볼
2024-05-27,0,5,Spring,0,0,0,미라시아,유자 하이볼
2024-05-28,0,5,Spring,0,0,0,미라시아,유자 하이볼
2024-05-29,0,5,Spring,0,0,0,미라시아,유자 하이볼
2024-05-30,0,5,Spring,0,0,0,미라시아,유자 하이볼
2024-05-31,2,5,Spring,0,0,0,미라시아,유자 하이볼
2024-06-01,1,6,Summer,1,0,1,미라시아,유자 하이볼
2024-06-02,0,6,Summer,1,0,1,미라시아,유자 하이볼
2024-06-03,0,6,Summer,0,0,0,미라시아,유자 하이볼
2024-06-04,0,6,Summer,0,0,0,미라시아,유자 하이볼
2024-06-05,2,6,Summer,0,0,0,미라시아,유자 하이볼
2024-06-06,0,6,Summer,0,1,1,미라시아,유자 하이볼
2024-06-07,2,6,Summer,0,0,0,미라시아,유자 하이볼
2024-06-08,0,6,Summer,1,0,1,미라시아,유자 하이볼
2024-06-09,0,6,Summer,1,0,1,미라시아,유자 하이볼
2024-06-10,2,6,Summer,0,0,0,미라시아,유자 하이볼
2024-06-11,0,6,Summer,0,0,0,미라시아,유자 하이볼
2024-06-12,0,6,Summer,0,0,0,미라시아,유자 하이볼
2024-06-13,0,6,Summer,0,0,0,미라시아,유자 하이볼
2024-06-14,0,6,Summer,0,0,0,미라시아,유자 하이볼
2024-06-15,0,6,Summer,1,0,1,미라시아,유자 하이볼
2023-01-01,0,1,Winter,1,1,1,미라시아,잭 애플 토닉
2023-01-02,0,1,Winter,0,0,0,미라시아,잭 애플 토닉
2023-01-03,0,1,Winter,0,0,0,미라시아,잭 애플 토닉
2023-01-04,0,1,Winter,0,0,0,미라시아,잭 애플 토닉
2023-01-05,0,1,Winter,0,0,0,미라시아,잭 애플 토닉
2023-01-06,0,1,Winter,0,0,0,미라시아,잭 애플 토닉
2023-01-07,0,1,Winter,1,0,1,미라시아,잭 애플 토닉
2023-01-08,0,1,Winter,1,0,1,미라시아,잭 애플 토닉
2023-01-09,0,1,Winter,0,0,0,미라시아,잭 애플 토닉
2023-01-10,0,1,Winter,0,0,0,미라시아,잭 애플 토닉
2023-01-11,0,1,Winter,0,0,0,미라시아,잭 애플 토닉
2023-01-12,0,1,Winter,0,0,0,미라시아,잭 애플 토닉
2023-01-13,0,1,Winter,0,0,0,미라시아,잭 애플 토닉
2023-01-14,0,1,Winter,1,0,1,미라시아,잭 애플 토닉
2023-01-15,0,1,Winter,1,0,1,미라시아,잭 애플 토닉
2023-01-16,0,1,Winter,0,0,0,미라시아,잭 애플 토닉
2023-01-17,0,1,Winter,0,0,0,미라시아,잭 애플 토닉
2023-01-18,0,1,Winter,0,0,0,미라시아,잭 애플 토닉
2023-01-19,0,1,Winter,0,0,0,미라시아,잭 애플 토닉
2023-01-20,0,1,Winter,0,0,0,미라시아,잭 애플 토닉
2023-01-21,0,1,Winter,1,1,1,미라시아,잭 애플 토닉
2023-01-22,0,1,Winter,1,1,1,미라시아,잭 애플 토닉
2023-01-23,0,1,Winter,0,1,1,미라시아,잭 애플 토닉
2023-01-24,0,1,Winter,0,1,1,미라시아,잭 애플 토닉
2023-01-25,0,1,Winter,0,0,0,미라시아,잭 애플 토닉
2023-01-26,0,1,Winter,0,0,0,미라시아,잭 애플 토닉
2023-01-27,0,1,Winter,0,0,0,미라시아,잭 애플 토닉
2023-01-28,0,1,Winter,1,0,1,미라시아,잭 애플 토닉
2023-01-29,0,1,Winter,1,0,1,미라시아,잭 애플 토닉
2023-01-30,0,1,Winter,0,0,0,미라시아,잭 애플 토닉
2023-01-31,0,1,Winter,0,0,0,미라시아,잭 애플 토닉
2023-02-01,0,2,Winter,0,0,0,미라시아,잭 애플 토닉
2023-02-02,0,2,Winter,0,0,0,미라시아,잭 애플 토닉
2023-02-03,0,2,Winter,0,0,0,미라시아,잭 애플 토닉
2023-02-04,0,2,Winter,1,0,1,미라시아,잭 애플 토닉
2023-02-05,0,2,Winter,1,0,1,미라시아,잭 애플 토닉
2023-02-06,0,2,Winter,0,0,0,미라시아,잭 애플 토닉
2023-02-07,0,2,Winter,0,0,0,미라시아,잭 애플 토닉
2023-02-08,0,2,Winter,0,0,0,미라시아,잭 애플 토닉
2023-02-09,0,2,Winter,0,0,0,미라시아,잭 애플 토닉
2023-02-10,0,2,Winter,0,0,0,미라시아,잭 애플 토닉
2023-02-11,0,2,Winter,1,0,1,미라시아,잭 애플 토닉
2023-02-12,0,2,Winter,1,0,1,미라시아,잭 애플 토닉
2023-02-13,0,2,Winter,0,0,0,미라시아,잭 애플 토닉
2023-02-14,0,2,Winter,0,0,0,미라시아,잭 애플 토닉
2023-02-15,0,2,Winter,0,0,0,미라시아,잭 애플 토닉
2023-02-16,0,2,Winter,0,0,0,미라시아,잭 애플 토닉
2023-02-17,0,2,Winter,0,0,0,미라시아,잭 애플 토닉
2023-02-18,0,2,Winter,1,0,1,미라시아,잭 애플 토닉
2023-02-19,0,2,Winter,1,0,1,미라시아,잭 애플 토닉
2023-02-20,0,2,Winter,0,0,0,미라시아,잭 애플 토닉
2023-02-21,0,2,Winter,0,0,0,미라시아,잭 애플 토닉
2023-02-22,0,2,Winter,0,0,0,미라시아,잭 애플 토닉
2023-02-23,0,2,Winter,0,0,0,미라시아,잭 애플 토닉
2023-02-24,0,2,Winter,0,0,0,미라시아,잭 애플 토닉
2023-02-25,0,2,Winter,1,0,1,미라시아,잭 애플 토닉
2023-02-26,0,2,Winter,1,0,1,미라시아,잭 애플 토닉
2023-02-27,0,2,Winter,0,0,0,미라시아,잭 애플 토닉
2023-02-28,0,2,Winter,0,0,0,미라시아,잭 애플 토닉
2023-03-01,0,3,Spring,0,1,1,미라시아,잭 애플 토닉
2023-03-02,0,3,Spring,0,0,0,미라시아,잭 애플 토닉
2023-03-03,0,3,Spring,0,0,0,미라시아,잭 애플 토닉
2023-03-04,0,3,Spring,1,0,1,미라시아,잭 애플 토닉
2023-03-05,0,3,Spring,1,0,1,미라시아,잭 애플 토닉
2023-03-06,0,3,Spring,0,0,0,미라시아,잭 애플 토닉
2023-03-07,0,3,Spring,0,0,0,미라시아,잭 애플 토닉
2023-03-08,0,3,Spring,0,0,0,미라시아,잭 애플 토닉
2023-03-09,0,3,Spring,0,0,0,미라시아,잭 애플 토닉
2023-03-10,0,3,Spring,0,0,0,미라시아,잭 애플 토닉
2023-03-11,0,3,Spring,1,0,1,미라시아,잭 애플 토닉
2023-03-12,0,3,Spring,1,0,1,미라시아,잭 애플 토닉
2023-03-13,0,3,Spring,0,0,0,미라시아,잭 애플 토닉
2023-03-14,0,3,Spring,0,0,0,미라시아,잭 애플 토닉
2023-03-15,0,3,Spring,0,0,0,미라시아,잭 애플 토닉
2023-03-16,0,3,Spring,0,0,0,미라시아,잭 애플 토닉
2023-03-17,0,3,Spring,0,0,0,미라시아,잭 애플 토닉
2023-03-18,0,3,Spring,1,0,1,미라시아,잭 애플 토닉
2023-03-19,0,3,Spring,1,0,1,미라시아,잭 애플 토닉
2023-03-20,0,3,Spring,0,0,0,미라시아,잭 애플 토닉
2023-03-21,0,3,Spring,0,0,0,미라시아,잭 애플 토닉
2023-03-22,0,3,Spring,0,0,0,미라시아,잭 애플 토닉
2023-03-23,0,3,Spring,0,0,0,미라시아,잭 애플 토닉
2023-03-24,0,3,Spring,0,0,0,미라시아,잭 애플 토닉
2023-03-25,0,3,Spring,1,0,1,미라시아,잭 애플 토닉
2023-03-26,0,3,Spring,1,0,1,미라시아,잭 애플 토닉
2023-03-27,0,3,Spring,0,0,0,미라시아,잭 애플 토닉
2023-03-28,0,3,Spring,0,0,0,미라시아,잭 애플 토닉
2023-03-29,0,3,Spring,0,0,0,미라시아,잭 애플 토닉
2023-03-30,0,3,Spring,0,0,0,미라시아,잭 애플 토닉
2023-03-31,0,3,Spring,0,0,0,미라시아,잭 애플 토닉
2023-04-01,0,4,Spring,1,0,1,미라시아,잭 애플 토닉
2023-04-02,0,4,Spring,1,0,1,미라시아,잭 애플 토닉
2023-04-03,0,4,Spring,0,0,0,미라시아,잭 애플 토닉
2023-04-04,0,4,Spring,0,0,0,미라시아,잭 애플 토닉
2023-04-05,0,4,Spring,0,0,0,미라시아,잭 애플 토닉
2023-04-06,0,4,Spring,0,0,0,미라시아,잭 애플 토닉
2023-04-07,0,4,Spring,0,0,0,미라시아,잭 애플 토닉
2023-04-08,0,4,Spring,1,0,1,미라시아,잭 애플 토닉
2023-04-09,0,4,Spring,1,0,1,미라시아,잭 애플 토닉
2023-04-10,0,4,Spring,0,0,0,미라시아,잭 애플 토닉
2023-04-11,0,4,Spring,0,0,0,미라시아,잭 애플 토닉
2023-04-12,0,4,Spring,0,0,0,미라시아,잭 애플 토닉
2023-04-13,0,4,Spring,0,0,0,미라시아,잭 애플 토닉
2023-04-14,0,4,Spring,0,0,0,미라시아,잭 애플 토닉
2023-04-15,0,4,Spring,1,0,1,미라시아,잭 애플 토닉
2023-04-16,0,4,Spring,1,0,1,미라시아,잭 애플 토닉
2023-04-17,0,4,Spring,0,0,0,미라시아,잭 애플 토닉
2023-04-18,0,4,Spring,0,0,0,미라시아,잭 애플 토닉
2023-04-19,0,4,Spring,0,0,0,미라시아,잭 애플 토닉
2023-04-20,0,4,Spring,0,0,0,미라시아,잭 애플 토닉
2023-04-21,0,4,Spring,0,0,0,미라시아,잭 애플 토닉
2023-04-22,0,4,Spring,1,0,1,미라시아,잭 애플 토닉
2023-04-23,0,4,Spring,1,0,1,미라시아,잭 애플 토닉
2023-04-24,0,4,Spring,0,0,0,미라시아,잭 애플 토닉
2023-04-25,0,4,Spring,0,0,0,미라시아,잭 애플 토닉
2023-04-26,0,4,Spring,0,0,0,미라시아,잭 애플 토닉
2023-04-27,0,4,Spring,0,0,0,미라시아,잭 애플 토닉
2023-04-28,0,4,Spring,0,0,0,미라시아,잭 애플 토닉
2023-04-29,0,4,Spring,1,0,1,미라시아,잭 애플 토닉
2023-04-30,0,4,Spring,1,0,1,미라시아,잭 애플 토닉
2023-05-01,0,5,Spring,0,0,0,미라시아,잭 애플 토닉
2023-05-02,0,5,Spring,0,0,0,미라시아,잭 애플 토닉
2023-05-03,0,5,Spring,0,0,0,미라시아,잭 애플 토닉
2023-05-04,0,5,Spring,0,0,0,미라시아,잭 애플 토닉
2023-05-05,0,5,Spring,0,1,1,미라시아,잭 애플 토닉
2023-05-06,0,5,Spring,1,0,1,미라시아,잭 애플 토닉
2023-05-07,0,5,Spring,1,0,1,미라시아,잭 애플 토닉
2023-05-08,0,5,Spring,0,0,0,미라시아,잭 애플 토닉
2023-05-09,0,5,Spring,0,0,0,미라시아,잭 애플 토닉
2023-05-10,0,5,Spring,0,0,0,미라시아,잭 애플 토닉
2023-05-11,0,5,Spring,0,0,0,미라시아,잭 애플 토닉
2023-05-12,0,5,Spring,0,0,0,미라시아,잭 애플 토닉
2023-05-13,0,5,Spring,1,0,1,미라시아,잭 애플 토닉
2023-05-14,0,5,Spring,1,0,1,미라시아,잭 애플 토닉
2023-05-15,0,5,Spring,0,0,0,미라시아,잭 애플 토닉
2023-05-16,0,5,Spring,0,0,0,미라시아,잭 애플 토닉
2023-05-17,0,5,Spring,0,0,0,미라시아,잭 애플 토닉
2023-05-18,0,5,Spring,0,0,0,미라시아,잭 애플 토닉
2023-05-19,0,5,Spring,0,0,0,미라시아,잭 애플 토닉
2023-05-20,0,5,Spring,1,0,1,미라시아,잭 애플 토닉
2023-05-21,0,5,Spring,1,0,1,미라시아,잭 애플 토닉
2023-05-22,0,5,Spring,0,0,0,미라시아,잭 애플 토닉
2023-05-23,0,5,Spring,0,0,0,미라시아,잭 애플 토닉
2023-05-24,0,5,Spring,0,0,0,미라시아,잭 애플 토닉
2023-05-25,0,5,Spring,0,0,0,미라시아,잭 애플 토닉
2023-05-26,0,5,Spring,0,0,0,미라시아,잭 애플 토닉
2023-05-27,0,5,Spring,1,1,1,미라시아,잭 애플 토닉
2023-05-28,0,5,Spring,1,0,1,미라시아,잭 애플 토닉
2023-05-29,0,5,Spring,0,1,1,미라시아,잭 애플 토닉
2023-05-30,0,5,Spring,0,0,0,미라시아,잭 애플 토닉
2023-05-31,0,5,Spring,0,0,0,미라시아,잭 애플 토닉
2023-06-01,0,6,Summer,0,0,0,미라시아,잭 애플 토닉
2023-06-02,0,6,Summer,0,0,0,미라시아,잭 애플 토닉
2023-06-03,0,6,Summer,1,0,1,미라시아,잭 애플 토닉
2023-06-04,0,6,Summer,1,0,1,미라시아,잭 애플 토닉
2023-06-05,0,6,Summer,0,0,0,미라시아,잭 애플 토닉
2023-06-06,0,6,Summer,0,1,1,미라시아,잭 애플 토닉
2023-06-07,0,6,Summer,0,0,0,미라시아,잭 애플 토닉
2023-06-08,0,6,Summer,0,0,0,미라시아,잭 애플 토닉
2023-06-09,0,6,Summer,0,0,0,미라시아,잭 애플 토닉
2023-06-10,0,6,Summer,1,0,1,미라시아,잭 애플 토닉
2023-06-11,0,6,Summer,1,0,1,미라시아,잭 애플 토닉
2023-06-12,0,6,Summer,0,0,0,미라시아,잭 애플 토닉
2023-06-13,0,6,Summer,0,0,0,미라시아,잭 애플 토닉
2023-06-14,0,6,Summer,0,0,0,미라시아,잭 애플 토닉
2023-06-15,0,6,Summer,0,0,0,미라시아,잭 애플 토닉
2023-06-16,0,6,Summer,0,0,0,미라시아,잭 애플 토닉
2023-06-17,0,6,Summer,1,0,1,미라시아,잭 애플 토닉
2023-06-18,0,6,Summer,1,0,1,미라시아,잭 애플 토닉
2023-06-19,0,6,Summer,0,0,0,미라시아,잭 애플 토닉
2023-06-20,0,6,Summer,0,0,0,미라시아,잭 애플 토닉
2023-06-21,0,6,Summer,0,0,0,미라시아,잭 애플 토닉
2023-06-22,0,6,Summer,0,0,0,미라시아,잭 애플 토닉
2023-06-23,0,6,Summer,0,0,0,미라시아,잭 애플 토닉
2023-06-24,0,6,Summer,1,0,1,미라시아,잭 애플 토닉
2023-06-25,0,6,Summer,1,0,1,미라시아,잭 애플 토닉
2023-06-26,0,6,Summer,0,0,0,미라시아,잭 애플 토닉
2023-06-27,0,6,Summer,0,0,0,미라시아,잭 애플 토닉
2023-06-28,0,6,Summer,0,0,0,미라시아,잭 애플 토닉
2023-06-29,0,6,Summer,0,0,0,미라시아,잭 애플 토닉
2023-06-30,0,6,Summer,0,0,0,미라시아,잭 애플 토닉
2023-07-01,0,7,Summer,1,0,1,미라시아,잭 애플 토닉
2023-07-02,0,7,Summer,1,0,1,미라시아,잭 애플 토닉
2023-07-03,0,7,Summer,0,0,0,미라시아,잭 애플 토닉
2023-07-04,0,7,Summer,0,0,0,미라시아,잭 애플 토닉
2023-07-05,0,7,Summer,0,0,0,미라시아,잭 애플 토닉
2023-07-06,0,7,Summer,0,0,0,미라시아,잭 애플 토닉
2023-07-07,0,7,Summer,0,0,0,미라시아,잭 애플 토닉
2023-07-08,0,7,Summer,1,0,1,미라시아,잭 애플 토닉
2023-07-09,0,7,Summer,1,0,1,미라시아,잭 애플 토닉
2023-07-10,0,7,Summer,0,0,0,미라시아,잭 애플 토닉
2023-07-11,0,7,Summer,0,0,0,미라시아,잭 애플 토닉
2023-07-12,0,7,Summer,0,0,0,미라시아,잭 애플 토닉
2023-07-13,0,7,Summer,0,0,0,미라시아,잭 애플 토닉
2023-07-14,0,7,Summer,0,0,0,미라시아,잭 애플 토닉
2023-07-15,0,7,Summer,1,0,1,미라시아,잭 애플 토닉
2023-07-16,0,7,Summer,1,0,1,미라시아,잭 애플 토닉
2023-07-17,0,7,Summer,0,0,0,미라시아,잭 애플 토닉
2023-07-18,0,7,Summer,0,0,0,미라시아,잭 애플 토닉
2023-07-19,0,7,Summer,0,0,0,미라시아,잭 애플 토닉
2023-07-20,0,7,Summer,0,0,0,미라시아,잭 애플 토닉
2023-07-21,0,7,Summer,0,0,0,미라시아,잭 애플 토닉
2023-07-22,0,7,Summer,1,0,1,미라시아,잭 애플 토닉
2023-07-23,0,7,Summer,1,0,1,미라시아,잭 애플 토닉
2023-07-24,0,7,Summer,0,0,0,미라시아,잭 애플 토닉
2023-07-25,0,7,Summer,0,0,0,미라시아,잭 애플 토닉
2023-07-26,0,7,Summer,0,0,0,미라시아,잭 애플 토닉
2023-07-27,0,7,Summer,0,0,0,미라시아,잭 애플 토닉
2023-07-28,0,7,Summer,0,0,0,미라시아,잭 애플 토닉
2023-07-29,0,7,Summer,1,0,1,미라시아,잭 애플 토닉
2023-07-30,0,7,Summer,1,0,1,미라시아,잭 애플 토닉
2023-07-31,0,7,Summer,0,0,0,미라시아,잭 애플 토닉
2023-08-01,0,8,Summer,0,0,0,미라시아,잭 애플 토닉
2023-08-02,0,8,Summer,0,0,0,미라시아,잭 애플 토닉
2023-08-03,0,8,Summer,0,0,0,미라시아,잭 애플 토닉
2023-08-04,0,8,Summer,0,0,0,미라시아,잭 애플 토닉
2023-08-05,0,8,Summer,1,0,1,미라시아,잭 애플 토닉
2023-08-06,0,8,Summer,1,0,1,미라시아,잭 애플 토닉
2023-08-07,0,8,Summer,0,0,0,미라시아,잭 애플 토닉
2023-08-08,0,8,Summer,0,0,0,미라시아,잭 애플 토닉
2023-08-09,0,8,Summer,0,0,0,미라시아,잭 애플 토닉
2023-08-10,0,8,Summer,0,0,0,미라시아,잭 애플 토닉
2023-08-11,0,8,Summer,0,0,0,미라시아,잭 애플 토닉
2023-08-12,0,8,Summer,1,0,1,미라시아,잭 애플 토닉
2023-08-13,0,8,Summer,1,0,1,미라시아,잭 애플 토닉
2023-08-14,0,8,Summer,0,0,0,미라시아,잭 애플 토닉
2023-08-15,0,8,Summer,0,1,1,미라시아,잭 애플 토닉
2023-08-16,0,8,Summer,0,0,0,미라시아,잭 애플 토닉
2023-08-17,0,8,Summer,0,0,0,미라시아,잭 애플 토닉
2023-08-18,0,8,Summer,0,0,0,미라시아,잭 애플 토닉
2023-08-19,0,8,Summer,1,0,1,미라시아,잭 애플 토닉
2023-08-20,0,8,Summer,1,0,1,미라시아,잭 애플 토닉
2023-08-21,0,8,Summer,0,0,0,미라시아,잭 애플 토닉
2023-08-22,0,8,Summer,0,0,0,미라시아,잭 애플 토닉
2023-08-23,0,8,Summer,0,0,0,미라시아,잭 애플 토닉
2023-08-24,0,8,Summer,0,0,0,미라시아,잭 애플 토닉
2023-08-25,0,8,Summer,0,0,0,미라시아,잭 애플 토닉
2023-08-26,0,8,Summer,1,0,1,미라시아,잭 애플 토닉
2023-08-27,0,8,Summer,1,0,1,미라시아,잭 애플 토닉
2023-08-28,0,8,Summer,0,0,0,미라시아,잭 애플 토닉
2023-08-29,0,8,Summer,0,0,0,미라시아,잭 애플 토닉
2023-08-30,0,8,Summer,0,0,0,미라시아,잭 애플 토닉
2023-08-31,0,8,Summer,0,0,0,미라시아,잭 애플 토닉
2023-09-01,0,9,Autumn,0,0,0,미라시아,잭 애플 토닉
2023-09-02,0,9,Autumn,1,0,1,미라시아,잭 애플 토닉
2023-09-03,0,9,Autumn,1,0,1,미라시아,잭 애플 토닉
2023-09-04,0,9,Autumn,0,0,0,미라시아,잭 애플 토닉
2023-09-05,0,9,Autumn,0,0,0,미라시아,잭 애플 토닉
2023-09-06,0,9,Autumn,0,0,0,미라시아,잭 애플 토닉
2023-09-07,0,9,Autumn,0,0,0,미라시아,잭 애플 토닉
2023-09-08,0,9,Autumn,0,0,0,미라시아,잭 애플 토닉
2023-09-09,1,9,Autumn,1,0,1,미라시아,잭 애플 토닉
2023-09-10,1,9,Autumn,1,0,1,미라시아,잭 애플 토닉
2023-09-11,2,9,Autumn,0,0,0,미라시아,잭 애플 토닉
2023-09-12,0,9,Autumn,0,0,0,미라시아,잭 애플 토닉
2023-09-13,0,9,Autumn,0,0,0,미라시아,잭 애플 토닉
2023-09-14,0,9,Autumn,0,0,0,미라시아,잭 애플 토닉
2023-09-15,1,9,Autumn,0,0,0,미라시아,잭 애플 토닉
2023-09-16,3,9,Autumn,1,0,1,미라시아,잭 애플 토닉
2023-09-17,1,9,Autumn,1,0,1,미라시아,잭 애플 토닉
2023-09-18,0,9,Autumn,0,0,0,미라시아,잭 애플 토닉
2023-09-19,0,9,Autumn,0,0,0,미라시아,잭 애플 토닉
2023-09-20,3,9,Autumn,0,0,0,미라시아,잭 애플 토닉
2023-09-21,0,9,Autumn,0,0,0,미라시아,잭 애플 토닉
2023-09-22,0,9,Autumn,0,0,0,미라시아,잭 애플 토닉
2023-09-23,0,9,Autumn,1,0,1,미라시아,잭 애플 토닉
2023-09-24,0,9,Autumn,1,0,1,미라시아,잭 애플 토닉
2023-09-25,0,9,Autumn,0,0,0,미라시아,잭 애플 토닉
2023-09-26,2,9,Autumn,0,0,0,미라시아,잭 애플 토닉
2023-09-27,1,9,Autumn,0,0,0,미라시아,잭 애플 토닉
2023-09-28,2,9,Autumn,0,1,1,미라시아,잭 애플 토닉
2023-09-29,2,9,Autumn,0,1,1,미라시아,잭 애플 토닉
2023-09-30,2,9,Autumn,1,1,1,미라시아,잭 애플 토닉
2023-10-01,0,10,Autumn,1,0,1,미라시아,잭 애플 토닉
2023-10-02,0,10,Autumn,0,1,1,미라시아,잭 애플 토닉
2023-10-03,0,10,Autumn,0,1,1,미라시아,잭 애플 토닉
2023-10-04,1,10,Autumn,0,0,0,미라시아,잭 애플 토닉
2023-10-05,0,10,Autumn,0,0,0,미라시아,잭 애플 토닉
2023-10-06,1,10,Autumn,0,0,0,미라시아,잭 애플 토닉
2023-10-07,3,10,Autumn,1,0,1,미라시아,잭 애플 토닉
2023-10-08,0,10,Autumn,1,0,1,미라시아,잭 애플 토닉
2023-10-09,0,10,Autumn,0,1,1,미라시아,잭 애플 토닉
2023-10-10,1,10,Autumn,0,0,0,미라시아,잭 애플 토닉
2023-10-11,1,10,Autumn,0,0,0,미라시아,잭 애플 토닉
2023-10-12,0,10,Autumn,0,0,0,미라시아,잭 애플 토닉
2023-10-13,2,10,Autumn,0,0,0,미라시아,잭 애플 토닉
2023-10-14,2,10,Autumn,1,0,1,미라시아,잭 애플 토닉
2023-10-15,0,10,Autumn,1,0,1,미라시아,잭 애플 토닉
2023-10-16,0,10,Autumn,0,0,0,미라시아,잭 애플 토닉
2023-10-17,1,10,Autumn,0,0,0,미라시아,잭 애플 토닉
2023-10-18,6,10,Autumn,0,0,0,미라시아,잭 애플 토닉
2023-10-19,0,10,Autumn,0,0,0,미라시아,잭 애플 토닉
2023-10-20,1,10,Autumn,0,0,0,미라시아,잭 애플 토닉
2023-10-21,0,10,Autumn,1,0,1,미라시아,잭 애플 토닉
2023-10-22,0,10,Autumn,1,0,1,미라시아,잭 애플 토닉
2023-10-23,1,10,Autumn,0,0,0,미라시아,잭 애플 토닉
2023-10-24,0,10,Autumn,0,0,0,미라시아,잭 애플 토닉
2023-10-25,1,10,Autumn,0,0,0,미라시아,잭 애플 토닉
2023-10-26,1,10,Autumn,0,0,0,미라시아,잭 애플 토닉
2023-10-27,0,10,Autumn,0,0,0,미라시아,잭 애플 토닉
2023-10-28,1,10,Autumn,1,0,1,미라시아,잭 애플 토닉
2023-10-29,3,10,Autumn,1,0,1,미라시아,잭 애플 토닉
2023-10-30,2,10,Autumn,0,0,0,미라시아,잭 애플 토닉
2023-10-31,0,10,Autumn,0,0,0,미라시아,잭 애플 토닉
2023-11-01,0,11,Autumn,0,0,0,미라시아,잭 애플 토닉
2023-11-02,0,11,Autumn,0,0,0,미라시아,잭 애플 토닉
2023-11-03,0,11,Autumn,0,0,0,미라시아,잭 애플 토닉
2023-11-04,2,11,Autumn,1,0,1,미라시아,잭 애플 토닉
2023-11-05,1,11,Autumn,1,0,1,미라시아,잭 애플 토닉
2023-11-06,3,11,Autumn,0,0,0,미라시아,잭 애플 토닉
2023-11-07,0,11,Autumn,0,0,0,미라시아,잭 애플 토닉
2023-11-08,0,11,Autumn,0,0,0,미라시아,잭 애플 토닉
2023-11-09,0,11,Autumn,0,0,0,미라시아,잭 애플 토닉
2023-11-10,0,11,Autumn,0,0,0,미라시아,잭 애플 토닉
2023-11-11,0,11,Autumn,1,0,1,미라시아,잭 애플 토닉
2023-11-12,0,11,Autumn,1,0,1,미라시아,잭 애플 토닉
2023-11-13,2,11,Autumn,0,0,0,미라시아,잭 애플 토닉
2023-11-14,0,11,Autumn,0,0,0,미라시아,잭 애플 토닉
2023-11-15,0,11,Autumn,0,0,0,미라시아,잭 애플 토닉
2023-11-16,6,11,Autumn,0,0,0,미라시아,잭 애플 토닉
2023-11-17,0,11,Autumn,0,0,0,미라시아,잭 애플 토닉
2023-11-18,4,11,Autumn,1,0,1,미라시아,잭 애플 토닉
2023-11-19,0,11,Autumn,1,0,1,미라시아,잭 애플 토닉
2023-11-20,0,11,Autumn,0,0,0,미라시아,잭 애플 토닉
2023-11-21,0,11,Autumn,0,0,0,미라시아,잭 애플 토닉
2023-11-22,0,11,Autumn,0,0,0,미라시아,잭 애플 토닉
2023-11-23,1,11,Autumn,0,0,0,미라시아,잭 애플 토닉
2023-11-24,0,11,Autumn,0,0,0,미라시아,잭 애플 토닉
2023-11-25,3,11,Autumn,1,0,1,미라시아,잭 애플 토닉
2023-11-26,0,11,Autumn,1,0,1,미라시아,잭 애플 토닉
2023-11-27,0,11,Autumn,0,0,0,미라시아,잭 애플 토닉
2023-11-28,0,11,Autumn,0,0,0,미라시아,잭 애플 토닉
2023-11-29,0,11,Autumn,0,0,0,미라시아,잭 애플 토닉
2023-11-30,0,11,Autumn,0,0,0,미라시아,잭 애플 토닉
2023-12-01,0,12,Winter,0,0,0,미라시아,잭 애플 토닉
2023-12-02,1,12,Winter,1,0,1,미라시아,잭 애플 토닉
2023-12-03,0,12,Winter,1,0,1,미라시아,잭 애플 토닉
2023-12-04,0,12,Winter,0,0,0,미라시아,잭 애플 토닉
2023-12-05,0,12,Winter,0,0,0,미라시아,잭 애플 토닉
2023-12-06,0,12,Winter,0,0,0,미라시아,잭 애플 토닉
2023-12-07,0,12,Winter,0,0,0,미라시아,잭 애플 토닉
2023-12-08,1,12,Winter,0,0,0,미라시아,잭 애플 토닉
2023-12-09,0,12,Winter,1,0,1,미라시아,잭 애플 토닉
2023-12-10,1,12,Winter,1,0,1,미라시아,잭 애플 토닉
2023-12-11,0,12,Winter,0,0,0,미라시아,잭 애플 토닉
2023-12-12,0,12,Winter,0,0,0,미라시아,잭 애플 토닉
2023-12-13,0,12,Winter,0,0,0,미라시아,잭 애플 토닉
2023-12-14,3,12,Winter,0,0,0,미라시아,잭 애플 토닉
2023-12-15,1,12,Winter,0,0,0,미라시아,잭 애플 토닉
2023-12-16,0,12,Winter,1,0,1,미라시아,잭 애플 토닉
2023-12-17,1,12,Winter,1,0,1,미라시아,잭 애플 토닉
2023-12-18,1,12,Winter,0,0,0,미라시아,잭 애플 토닉
2023-12-19,1,12,Winter,0,0,0,미라시아,잭 애플 토닉
2023-12-20,0,12,Winter,0,0,0,미라시아,잭 애플 토닉
2023-12-21,0,12,Winter,0,0,0,미라시아,잭 애플 토닉
2023-12-22,2,12,Winter,0,0,0,미라시아,잭 애플 토닉
2023-12-23,0,12,Winter,1,0,1,미라시아,잭 애플 토닉
2023-12-24,1,12,Winter,1,0,1,미라시아,잭 애플 토닉
2023-12-25,1,12,Winter,0,1,1,미라시아,잭 애플 토닉
2023-12-26,0,12,Winter,0,0,0,미라시아,잭 애플 토닉
2023-12-27,0,12,Winter,0,0,0,미라시아,잭 애플 토닉
2023-12-28,0,12,Winter,0,0,0,미라시아,잭 애플 토닉
2023-12-29,0,12,Winter,0,0,0,미라시아,잭 애플 토닉
2023-12-30,0,12,Winter,1,0,1,미라시아,잭 애플 토닉
2023-12-31,1,12,Winter,1,0,1,미라시아,잭 애플 토닉
2024-01-01,1,1,Winter,0,1,1,미라시아,잭 애플 토닉
2024-01-02,0,1,Winter,0,0,0,미라시아,잭 애플 토닉
2024-01-03,0,1,Winter,0,0,0,미라시아,잭 애플 토닉
2024-01-04,0,1,Winter,0,0,0,미라시아,잭 애플 토닉
2024-01-05,0,1,Winter,0,0,0,미라시아,잭 애플 토닉
2024-01-06,0,1,Winter,1,0,1,미라시아,잭 애플 토닉
2024-01-07,2,1,Winter,1,0,1,미라시아,잭 애플 토닉
2024-01-08,0,1,Winter,0,0,0,미라시아,잭 애플 토닉
2024-01-09,1,1,Winter,0,0,0,미라시아,잭 애플 토닉
2024-01-10,1,1,Winter,0,0,0,미라시아,잭 애플 토닉
2024-01-11,0,1,Winter,0,0,0,미라시아,잭 애플 토닉
2024-01-12,1,1,Winter,0,0,0,미라시아,잭 애플 토닉
2024-01-13,0,1,Winter,1,0,1,미라시아,잭 애플 토닉
2024-01-14,0,1,Winter,1,0,1,미라시아,잭 애플 토닉
2024-01-15,0,1,Winter,0,0,0,미라시아,잭 애플 토닉
2024-01-16,0,1,Winter,0,0,0,미라시아,잭 애플 토닉
2024-01-17,1,1,Winter,0,0,0,미라시아,잭 애플 토닉
2024-01-18,3,1,Winter,0,0,0,미라시아,잭 애플 토닉
2024-01-19,4,1,Winter,0,0,0,미라시아,잭 애플 토닉
2024-01-20,2,1,Winter,1,0,1,미라시아,잭 애플 토닉
2024-01-21,2,1,Winter,1,0,1,미라시아,잭 애플 토닉
2024-01-22,0,1,Winter,0,0,0,미라시아,잭 애플 토닉
2024-01-23,1,1,Winter,0,0,0,미라시아,잭 애플 토닉
2024-01-24,0,1,Winter,0,0,0,미라시아,잭 애플 토닉
2024-01-25,0,1,Winter,0,0,0,미라시아,잭 애플 토닉
2024-01-26,2,1,Winter,0,0,0,미라시아,잭 애플 토닉
2024-01-27,0,1,Winter,1,0,1,미라시아,잭 애플 토닉
2024-01-28,0,1,Winter,1,0,1,미라시아,잭 애플 토닉
2024-01-29,0,1,Winter,0,0,0,미라시아,잭 애플 토닉
2024-01-30,0,1,Winter,0,0,0,미라시아,잭 애플 토닉
2024-01-31,0,1,Winter,0,0,0,미라시아,잭 애플 토닉
2024-02-01,1,2,Winter,0,0,0,미라시아,잭 애플 토닉
2024-02-02,0,2,Winter,0,0,0,미라시아,잭 애플 토닉
2024-02-03,1,2,Winter,1,0,1,미라시아,잭 애플 토닉
2024-02-04,0,2,Winter,1,0,1,미라시아,잭 애플 토닉
2024-02-05,0,2,Winter,0,0,0,미라시아,잭 애플 토닉
2024-02-06,0,2,Winter,0,0,0,미라시아,잭 애플 토닉
2024-02-07,0,2,Winter,0,0,0,미라시아,잭 애플 토닉
2024-02-08,0,2,Winter,0,0,0,미라시아,잭 애플 토닉
2024-02-09,0,2,Winter,0,1,1,미라시아,잭 애플 토닉
2024-02-10,0,2,Winter,1,1,1,미라시아,잭 애플 토닉
2024-02-11,2,2,Winter,1,1,1,미라시아,잭 애플 토닉
2024-02-12,0,2,Winter,0,1,1,미라시아,잭 애플 토닉
2024-02-13,0,2,Winter,0,0,0,미라시아,잭 애플 토닉
2024-02-14,0,2,Winter,0,0,0,미라시아,잭 애플 토닉
2024-02-15,0,2,Winter,0,0,0,미라시아,잭 애플 토닉
2024-02-16,1,2,Winter,0,0,0,미라시아,잭 애플 토닉
2024-02-17,1,2,Winter,1,0,1,미라시아,잭 애플 토닉
2024-02-18,5,2,Winter,1,0,1,미라시아,잭 애플 토닉
2024-02-19,0,2,Winter,0,0,0,미라시아,잭 애플 토닉
2024-02-20,0,2,Winter,0,0,0,미라시아,잭 애플 토닉
2024-02-21,0,2,Winter,0,0,0,미라시아,잭 애플 토닉
2024-02-22,0,2,Winter,0,0,0,미라시아,잭 애플 토닉
2024-02-23,0,2,Winter,0,0,0,미라시아,잭 애플 토닉
2024-02-24,2,2,Winter,1,0,1,미라시아,잭 애플 토닉
2024-02-25,1,2,Winter,1,0,1,미라시아,잭 애플 토닉
2024-02-26,1,2,Winter,0,0,0,미라시아,잭 애플 토닉
2024-02-27,0,2,Winter,0,0,0,미라시아,잭 애플 토닉
2024-02-28,0,2,Winter,0,0,0,미라시아,잭 애플 토닉
2024-02-29,0,2,Winter,0,0,0,미라시아,잭 애플 토닉
2024-03-01,1,3,Spring,0,1,1,미라시아,잭 애플 토닉
2024-03-02,3,3,Spring,1,0,1,미라시아,잭 애플 토닉
2024-03-03,0,3,Spring,1,0,1,미라시아,잭 애플 토닉
2024-03-04,0,3,Spring,0,0,0,미라시아,잭 애플 토닉
2024-03-05,0,3,Spring,0,0,0,미라시아,잭 애플 토닉
2024-03-06,0,3,Spring,0,0,0,미라시아,잭 애플 토닉
2024-03-07,0,3,Spring,0,0,0,미라시아,잭 애플 토닉
2024-03-08,0,3,Spring,0,0,0,미라시아,잭 애플 토닉
2024-03-09,0,3,Spring,1,0,1,미라시아,잭 애플 토닉
2024-03-10,0,3,Spring,1,0,1,미라시아,잭 애플 토닉
2024-03-11,0,3,Spring,0,0,0,미라시아,잭 애플 토닉
2024-03-12,0,3,Spring,0,0,0,미라시아,잭 애플 토닉
2024-03-13,0,3,Spring,0,0,0,미라시아,잭 애플 토닉
2024-03-14,0,3,Spring,0,0,0,미라시아,잭 애플 토닉
2024-03-15,0,3,Spring,0,0,0,미라시아,잭 애플 토닉
2024-03-16,0,3,Spring,1,0,1,미라시아,잭 애플 토닉
2024-03-17,0,3,Spring,1,0,1,미라시아,잭 애플 토닉
2024-03-18,0,3,Spring,0,0,0,미라시아,잭 애플 토닉
2024-03-19,0,3,Spring,0,0,0,미라시아,잭 애플 토닉
2024-03-20,0,3,Spring,0,0,0,미라시아,잭 애플 토닉
2024-03-21,0,3,Spring,0,0,0,미라시아,잭 애플 토닉
2024-03-22,0,3,Spring,0,0,0,미라시아,잭 애플 토닉
2024-03-23,1,3,Spring,1,0,1,미라시아,잭 애플 토닉
2024-03-24,0,3,Spring,1,0,1,미라시아,잭 애플 토닉
2024-03-25,0,3,Spring,0,0,0,미라시아,잭 애플 토닉
2024-03-26,1,3,Spring,0,0,0,미라시아,잭 애플 토닉
2024-03-27,0,3,Spring,0,0,0,미라시아,잭 애플 토닉
2024-03-28,0,3,Spring,0,0,0,미라시아,잭 애플 토닉
2024-03-29,0,3,Spring,0,0,0,미라시아,잭 애플 토닉
2024-03-30,0,3,Spring,1,0,1,미라시아,잭 애플 토닉
2024-03-31,0,3,Spring,1,0,1,미라시아,잭 애플 토닉
2024-04-01,0,4,Spring,0,0,0,미라시아,잭 애플 토닉
2024-04-02,0,4,Spring,0,0,0,미라시아,잭 애플 토닉
2024-04-03,0,4,Spring,0,0,0,미라시아,잭 애플 토닉
2024-04-04,0,4,Spring,0,0,0,미라시아,잭 애플 토닉
2024-04-05,1,4,Spring,0,0,0,미라시아,잭 애플 토닉
2024-04-06,6,4,Spring,1,0,1,미라시아,잭 애플 토닉
2024-04-07,0,4,Spring,1,0,1,미라시아,잭 애플 토닉
2024-04-08,0,4,Spring,0,0,0,미라시아,잭 애플 토닉
2024-04-09,1,4,Spring,0,0,0,미라시아,잭 애플 토닉
2024-04-10,0,4,Spring,0,1,1,미라시아,잭 애플 토닉
2024-04-11,0,4,Spring,0,0,0,미라시아,잭 애플 토닉
2024-04-12,0,4,Spring,0,0,0,미라시아,잭 애플 토닉
2024-04-13,1,4,Spring,1,0,1,미라시아,잭 애플 토닉
2024-04-14,0,4,Spring,1,0,1,미라시아,잭 애플 토닉
2024-04-15,1,4,Spring,0,0,0,미라시아,잭 애플 토닉
2024-04-16,0,4,Spring,0,0,0,미라시아,잭 애플 토닉
2024-04-17,1,4,Spring,0,0,0,미라시아,잭 애플 토닉
2024-04-18,0,4,Spring,0,0,0,미라시아,잭 애플 토닉
2024-04-19,0,4,Spring,0,0,0,미라시아,잭 애플 토닉
2024-04-20,1,4,Spring,1,0,1,미라시아,잭 애플 토닉
2024-04-21,0,4,Spring,1,0,1,미라시아,잭 애플 토닉
2024-04-22,0,4,Spring,0,0,0,미라시아,잭 애플 토닉
2024-04-23,0,4,Spring,0,0,0,미라시아,잭 애플 토닉
2024-04-24,0,4,Spring,0,0,0,미라시아,잭 애플 토닉
2024-04-25,1,4,Spring,0,0,0,미라시아,잭 애플 토닉
2024-04-26,0,4,Spring,0,0,0,미라시아,잭 애플 토닉
2024-04-27,1,4,Spring,1,0,1,미라시아,잭 애플 토닉
2024-04-28,0,4,Spring,1,0,1,미라시아,잭 애플 토닉
2024-04-29,0,4,Spring,0,0,0,미라시아,잭 애플 토닉
2024-04-30,1,4,Spring,0,0,0,미라시아,잭 애플 토닉
2024-05-01,0,5,Spring,0,0,0,미라시아,잭 애플 토닉
2024-05-02,0,5,Spring,0,0,0,미라시아,잭 애플 토닉
2024-05-03,0,5,Spring,0,0,0,미라시아,잭 애플 토닉
2024-05-04,2,5,Spring,1,0,1,미라시아,잭 애플 토닉
2024-05-05,4,5,Spring,1,1,1,미라시아,잭 애플 토닉
2024-05-06,0,5,Spring,0,1,1,미라시아,잭 애플 토닉
2024-05-07,1,5,Spring,0,0,0,미라시아,잭 애플 토닉
2024-05-08,0,5,Spring,0,0,0,미라시아,잭 애플 토닉
2024-05-09,1,5,Spring,0,0,0,미라시아,잭 애플 토닉
2024-05-10,0,5,Spring,0,0,0,미라시아,잭 애플 토닉
2024-05-11,0,5,Spring,1,0,1,미라시아,잭 애플 토닉
2024-05-12,0,5,Spring,1,0,1,미라시아,잭 애플 토닉
2024-05-13,0,5,Spring,0,0,0,미라시아,잭 애플 토닉
2024-05-14,2,5,Spring,0,0,0,미라시아,잭 애플 토닉
2024-05-15,1,5,Spring,0,1,1,미라시아,잭 애플 토닉
2024-05-16,0,5,Spring,0,0,0,미라시아,잭 애플 토닉
2024-05-17,0,5,Spring,0,0,0,미라시아,잭 애플 토닉
2024-05-18,1,5,Spring,1,0,1,미라시아,잭 애플 토닉
2024-05-19,0,5,Spring,1,0,1,미라시아,잭 애플 토닉
2024-05-20,0,5,Spring,0,0,0,미라시아,잭 애플 토닉
2024-05-21,0,5,Spring,0,0,0,미라시아,잭 애플 토닉
2024-05-22,2,5,Spring,0,0,0,미라시아,잭 애플 토닉
2024-05-23,0,5,Spring,0,0,0,미라시아,잭 애플 토닉
2024-05-24,2,5,Spring,0,0,0,미라시아,잭 애플 토닉
2024-05-25,4,5,Spring,1,0,1,미라시아,잭 애플 토닉
2024-05-26,2,5,Spring,1,0,1,미라시아,잭 애플 토닉
2024-05-27,0,5,Spring,0,0,0,미라시아,잭 애플 토닉
2024-05-28,1,5,Spring,0,0,0,미라시아,잭 애플 토닉
2024-05-29,1,5,Spring,0,0,0,미라시아,잭 애플 토닉
2024-05-30,0,5,Spring,0,0,0,미라시아,잭 애플 토닉
2024-05-31,0,5,Spring,0,0,0,미라시아,잭 애플 토닉
2024-06-01,1,6,Summer,1,0,1,미라시아,잭 애플 토닉
2024-06-02,0,6,Summer,1,0,1,미라시아,잭 애플 토닉
2024-06-03,0,6,Summer,0,0,0,미라시아,잭 애플 토닉
2024-06-04,0,6,Summer,0,0,0,미라시아,잭 애플 토닉
2024-06-05,1,6,Summer,0,0,0,미라시아,잭 애플 토닉
2024-06-06,0,6,Summer,0,1,1,미라시아,잭 애플 토닉
2024-06-07,0,6,Summer,0,0,0,미라시아,잭 애플 토닉
2024-06-08,0,6,Summer,1,0,1,미라시아,잭 애플 토닉
2024-06-09,0,6,Summer,1,0,1,미라시아,잭 애플 토닉
2024-06-10,1,6,Summer,0,0,0,미라시아,잭 애플 토닉
2024-06-11,0,6,Summer,0,0,0,미라시아,잭 애플 토닉
2024-06-12,0,6,Summer,0,0,0,미라시아,잭 애플 토닉
2024-06-13,0,6,Summer,0,0,0,미라시아,잭 애플 토닉
2024-06-14,0,6,Summer,0,0,0,미라시아,잭 애플 토닉
2024-06-15,0,6,Summer,1,0,1,미라시아,잭 애플 토닉
2023-01-01,0,1,Winter,1,1,1,미라시아,칠리 치즈 프라이
2023-01-02,0,1,Winter,0,0,0,미라시아,칠리 치즈 프라이
2023-01-03,0,1,Winter,0,0,0,미라시아,칠리 치즈 프라이
2023-01-04,0,1,Winter,0,0,0,미라시아,칠리 치즈 프라이
2023-01-05,0,1,Winter,0,0,0,미라시아,칠리 치즈 프라이
2023-01-06,0,1,Winter,0,0,0,미라시아,칠리 치즈 프라이
2023-01-07,0,1,Winter,1,0,1,미라시아,칠리 치즈 프라이
2023-01-08,0,1,Winter,1,0,1,미라시아,칠리 치즈 프라이
2023-01-09,0,1,Winter,0,0,0,미라시아,칠리 치즈 프라이
2023-01-10,0,1,Winter,0,0,0,미라시아,칠리 치즈 프라이
2023-01-11,0,1,Winter,0,0,0,미라시아,칠리 치즈 프라이
2023-01-12,0,1,Winter,0,0,0,미라시아,칠리 치즈 프라이
2023-01-13,0,1,Winter,0,0,0,미라시아,칠리 치즈 프라이
2023-01-14,0,1,Winter,1,0,1,미라시아,칠리 치즈 프라이
2023-01-15,0,1,Winter,1,0,1,미라시아,칠리 치즈 프라이
2023-01-16,0,1,Winter,0,0,0,미라시아,칠리 치즈 프라이
2023-01-17,0,1,Winter,0,0,0,미라시아,칠리 치즈 프라이
2023-01-18,0,1,Winter,0,0,0,미라시아,칠리 치즈 프라이
2023-01-19,0,1,Winter,0,0,0,미라시아,칠리 치즈 프라이
2023-01-20,0,1,Winter,0,0,0,미라시아,칠리 치즈 프라이
2023-01-21,0,1,Winter,1,1,1,미라시아,칠리 치즈 프라이
2023-01-22,0,1,Winter,1,1,1,미라시아,칠리 치즈 프라이
2023-01-23,0,1,Winter,0,1,1,미라시아,칠리 치즈 프라이
2023-01-24,0,1,Winter,0,1,1,미라시아,칠리 치즈 프라이
2023-01-25,0,1,Winter,0,0,0,미라시아,칠리 치즈 프라이
2023-01-26,0,1,Winter,0,0,0,미라시아,칠리 치즈 프라이
2023-01-27,0,1,Winter,0,0,0,미라시아,칠리 치즈 프라이
2023-01-28,0,1,Winter,1,0,1,미라시아,칠리 치즈 프라이
2023-01-29,0,1,Winter,1,0,1,미라시아,칠리 치즈 프라이
2023-01-30,0,1,Winter,0,0,0,미라시아,칠리 치즈 프라이
2023-01-31,0,1,Winter,0,0,0,미라시아,칠리 치즈 프라이
2023-02-01,0,2,Winter,0,0,0,미라시아,칠리 치즈 프라이
2023-02-02,0,2,Winter,0,0,0,미라시아,칠리 치즈 프라이
2023-02-03,0,2,Winter,0,0,0,미라시아,칠리 치즈 프라이
2023-02-04,0,2,Winter,1,0,1,미라시아,칠리 치즈 프라이
2023-02-05,0,2,Winter,1,0,1,미라시아,칠리 치즈 프라이
2023-02-06,0,2,Winter,0,0,0,미라시아,칠리 치즈 프라이
2023-02-07,0,2,Winter,0,0,0,미라시아,칠리 치즈 프라이
2023-02-08,0,2,Winter,0,0,0,미라시아,칠리 치즈 프라이
2023-02-09,0,2,Winter,0,0,0,미라시아,칠리 치즈 프라이
2023-02-10,0,2,Winter,0,0,0,미라시아,칠리 치즈 프라이
2023-02-11,0,2,Winter,1,0,1,미라시아,칠리 치즈 프라이
2023-02-12,0,2,Winter,1,0,1,미라시아,칠리 치즈 프라이
2023-02-13,0,2,Winter,0,0,0,미라시아,칠리 치즈 프라이
2023-02-14,0,2,Winter,0,0,0,미라시아,칠리 치즈 프라이
2023-02-15,0,2,Winter,0,0,0,미라시아,칠리 치즈 프라이
2023-02-16,0,2,Winter,0,0,0,미라시아,칠리 치즈 프라이
2023-02-17,0,2,Winter,0,0,0,미라시아,칠리 치즈 프라이
2023-02-18,0,2,Winter,1,0,1,미라시아,칠리 치즈 프라이
2023-02-19,0,2,Winter,1,0,1,미라시아,칠리 치즈 프라이
2023-02-20,0,2,Winter,0,0,0,미라시아,칠리 치즈 프라이
2023-02-21,0,2,Winter,0,0,0,미라시아,칠리 치즈 프라이
2023-02-22,0,2,Winter,0,0,0,미라시아,칠리 치즈 프라이
2023-02-23,0,2,Winter,0,0,0,미라시아,칠리 치즈 프라이
2023-02-24,0,2,Winter,0,0,0,미라시아,칠리 치즈 프라이
2023-02-25,0,2,Winter,1,0,1,미라시아,칠리 치즈 프라이
2023-02-26,0,2,Winter,1,0,1,미라시아,칠리 치즈 프라이
2023-02-27,0,2,Winter,0,0,0,미라시아,칠리 치즈 프라이
2023-02-28,0,2,Winter,0,0,0,미라시아,칠리 치즈 프라이
2023-03-01,0,3,Spring,0,1,1,미라시아,칠리 치즈 프라이
2023-03-02,0,3,Spring,0,0,0,미라시아,칠리 치즈 프라이
2023-03-03,0,3,Spring,0,0,0,미라시아,칠리 치즈 프라이
2023-03-04,0,3,Spring,1,0,1,미라시아,칠리 치즈 프라이
2023-03-05,0,3,Spring,1,0,1,미라시아,칠리 치즈 프라이
2023-03-06,0,3,Spring,0,0,0,미라시아,칠리 치즈 프라이
2023-03-07,0,3,Spring,0,0,0,미라시아,칠리 치즈 프라이
2023-03-08,0,3,Spring,0,0,0,미라시아,칠리 치즈 프라이
2023-03-09,0,3,Spring,0,0,0,미라시아,칠리 치즈 프라이
2023-03-10,0,3,Spring,0,0,0,미라시아,칠리 치즈 프라이
2023-03-11,0,3,Spring,1,0,1,미라시아,칠리 치즈 프라이
2023-03-12,0,3,Spring,1,0,1,미라시아,칠리 치즈 프라이
2023-03-13,0,3,Spring,0,0,0,미라시아,칠리 치즈 프라이
2023-03-14,0,3,Spring,0,0,0,미라시아,칠리 치즈 프라이
2023-03-15,0,3,Spring,0,0,0,미라시아,칠리 치즈 프라이
2023-03-16,0,3,Spring,0,0,0,미라시아,칠리 치즈 프라이
2023-03-17,0,3,Spring,0,0,0,미라시아,칠리 치즈 프라이
2023-03-18,0,3,Spring,1,0,1,미라시아,칠리 치즈 프라이
2023-03-19,0,3,Spring,1,0,1,미라시아,칠리 치즈 프라이
2023-03-20,0,3,Spring,0,0,0,미라시아,칠리 치즈 프라이
2023-03-21,0,3,Spring,0,0,0,미라시아,칠리 치즈 프라이
2023-03-22,0,3,Spring,0,0,0,미라시아,칠리 치즈 프라이
2023-03-23,0,3,Spring,0,0,0,미라시아,칠리 치즈 프라이
2023-03-24,0,3,Spring,0,0,0,미라시아,칠리 치즈 프라이
2023-03-25,0,3,Spring,1,0,1,미라시아,칠리 치즈 프라이
2023-03-26,0,3,Spring,1,0,1,미라시아,칠리 치즈 프라이
2023-03-27,0,3,Spring,0,0,0,미라시아,칠리 치즈 프라이
2023-03-28,0,3,Spring,0,0,0,미라시아,칠리 치즈 프라이
2023-03-29,0,3,Spring,0,0,0,미라시아,칠리 치즈 프라이
2023-03-30,0,3,Spring,0,0,0,미라시아,칠리 치즈 프라이
2023-03-31,0,3,Spring,0,0,0,미라시아,칠리 치즈 프라이
2023-04-01,0,4,Spring,1,0,1,미라시아,칠리 치즈 프라이
2023-04-02,0,4,Spring,1,0,1,미라시아,칠리 치즈 프라이
2023-04-03,0,4,Spring,0,0,0,미라시아,칠리 치즈 프라이
2023-04-04,0,4,Spring,0,0,0,미라시아,칠리 치즈 프라이
2023-04-05,0,4,Spring,0,0,0,미라시아,칠리 치즈 프라이
2023-04-06,0,4,Spring,0,0,0,미라시아,칠리 치즈 프라이
2023-04-07,0,4,Spring,0,0,0,미라시아,칠리 치즈 프라이
2023-04-08,0,4,Spring,1,0,1,미라시아,칠리 치즈 프라이
2023-04-09,0,4,Spring,1,0,1,미라시아,칠리 치즈 프라이
2023-04-10,0,4,Spring,0,0,0,미라시아,칠리 치즈 프라이
2023-04-11,0,4,Spring,0,0,0,미라시아,칠리 치즈 프라이
2023-04-12,0,4,Spring,0,0,0,미라시아,칠리 치즈 프라이
2023-04-13,0,4,Spring,0,0,0,미라시아,칠리 치즈 프라이
2023-04-14,0,4,Spring,0,0,0,미라시아,칠리 치즈 프라이
2023-04-15,0,4,Spring,1,0,1,미라시아,칠리 치즈 프라이
2023-04-16,0,4,Spring,1,0,1,미라시아,칠리 치즈 프라이
2023-04-17,0,4,Spring,0,0,0,미라시아,칠리 치즈 프라이
2023-04-18,0,4,Spring,0,0,0,미라시아,칠리 치즈 프라이
2023-04-19,0,4,Spring,0,0,0,미라시아,칠리 치즈 프라이
2023-04-20,0,4,Spring,0,0,0,미라시아,칠리 치즈 프라이
2023-04-21,0,4,Spring,0,0,0,미라시아,칠리 치즈 프라이
2023-04-22,0,4,Spring,1,0,1,미라시아,칠리 치즈 프라이
2023-04-23,0,4,Spring,1,0,1,미라시아,칠리 치즈 프라이
2023-04-24,0,4,Spring,0,0,0,미라시아,칠리 치즈 프라이
2023-04-25,0,4,Spring,0,0,0,미라시아,칠리 치즈 프라이
2023-04-26,0,4,Spring,0,0,0,미라시아,칠리 치즈 프라이
2023-04-27,0,4,Spring,0,0,0,미라시아,칠리 치즈 프라이
2023-04-28,0,4,Spring,0,0,0,미라시아,칠리 치즈 프라이
2023-04-29,0,4,Spring,1,0,1,미라시아,칠리 치즈 프라이
2023-04-30,0,4,Spring,1,0,1,미라시아,칠리 치즈 프라이
2023-05-01,0,5,Spring,0,0,0,미라시아,칠리 치즈 프라이
2023-05-02,0,5,Spring,0,0,0,미라시아,칠리 치즈 프라이
2023-05-03,0,5,Spring,0,0,0,미라시아,칠리 치즈 프라이
2023-05-04,0,5,Spring,0,0,0,미라시아,칠리 치즈 프라이
2023-05-05,0,5,Spring,0,1,1,미라시아,칠리 치즈 프라이
2023-05-06,0,5,Spring,1,0,1,미라시아,칠리 치즈 프라이
2023-05-07,0,5,Spring,1,0,1,미라시아,칠리 치즈 프라이
2023-05-08,0,5,Spring,0,0,0,미라시아,칠리 치즈 프라이
2023-05-09,0,5,Spring,0,0,0,미라시아,칠리 치즈 프라이
2023-05-10,0,5,Spring,0,0,0,미라시아,칠리 치즈 프라이
2023-05-11,0,5,Spring,0,0,0,미라시아,칠리 치즈 프라이
2023-05-12,0,5,Spring,0,0,0,미라시아,칠리 치즈 프라이
2023-05-13,0,5,Spring,1,0,1,미라시아,칠리 치즈 프라이
2023-05-14,0,5,Spring,1,0,1,미라시아,칠리 치즈 프라이
2023-05-15,0,5,Spring,0,0,0,미라시아,칠리 치즈 프라이
2023-05-16,0,5,Spring,0,0,0,미라시아,칠리 치즈 프라이
2023-05-17,0,5,Spring,0,0,0,미라시아,칠리 치즈 프라이
2023-05-18,0,5,Spring,0,0,0,미라시아,칠리 치즈 프라이
2023-05-19,0,5,Spring,0,0,0,미라시아,칠리 치즈 프라이
2023-05-20,0,5,Spring,1,0,1,미라시아,칠리 치즈 프라이
2023-05-21,0,5,Spring,1,0,1,미라시아,칠리 치즈 프라이
2023-05-22,0,5,Spring,0,0,0,미라시아,칠리 치즈 프라이
2023-05-23,0,5,Spring,0,0,0,미라시아,칠리 치즈 프라이
2023-05-24,0,5,Spring,0,0,0,미라시아,칠리 치즈 프라이
2023-05-25,0,5,Spring,0,0,0,미라시아,칠리 치즈 프라이
2023-05-26,0,5,Spring,0,0,0,미라시아,칠리 치즈 프라이
2023-05-27,0,5,Spring,1,1,1,미라시아,칠리 치즈 프라이
2023-05-28,0,5,Spring,1,0,1,미라시아,칠리 치즈 프라이
2023-05-29,0,5,Spring,0,1,1,미라시아,칠리 치즈 프라이
2023-05-30,0,5,Spring,0,0,0,미라시아,칠리 치즈 프라이
2023-05-31,0,5,Spring,0,0,0,미라시아,칠리 치즈 프라이
2023-06-01,0,6,Summer,0,0,0,미라시아,칠리 치즈 프라이
2023-06-02,0,6,Summer,0,0,0,미라시아,칠리 치즈 프라이
2023-06-03,1,6,Summer,1,0,1,미라시아,칠리 치즈 프라이
2023-06-04,2,6,Summer,1,0,1,미라시아,칠리 치즈 프라이
2023-06-05,0,6,Summer,0,0,0,미라시아,칠리 치즈 프라이
2023-06-06,1,6,Summer,0,1,1,미라시아,칠리 치즈 프라이
2023-06-07,0,6,Summer,0,0,0,미라시아,칠리 치즈 프라이
2023-06-08,0,6,Summer,0,0,0,미라시아,칠리 치즈 프라이
2023-06-09,0,6,Summer,0,0,0,미라시아,칠리 치즈 프라이
2023-06-10,2,6,Summer,1,0,1,미라시아,칠리 치즈 프라이
2023-06-11,0,6,Summer,1,0,1,미라시아,칠리 치즈 프라이
2023-06-12,0,6,Summer,0,0,0,미라시아,칠리 치즈 프라이
2023-06-13,1,6,Summer,0,0,0,미라시아,칠리 치즈 프라이
2023-06-14,0,6,Summer,0,0,0,미라시아,칠리 치즈 프라이
2023-06-15,0,6,Summer,0,0,0,미라시아,칠리 치즈 프라이
2023-06-16,1,6,Summer,0,0,0,미라시아,칠리 치즈 프라이
2023-06-17,1,6,Summer,1,0,1,미라시아,칠리 치즈 프라이
2023-06-18,0,6,Summer,1,0,1,미라시아,칠리 치즈 프라이
2023-06-19,1,6,Summer,0,0,0,미라시아,칠리 치즈 프라이
2023-06-20,0,6,Summer,0,0,0,미라시아,칠리 치즈 프라이
2023-06-21,0,6,Summer,0,0,0,미라시아,칠리 치즈 프라이
2023-06-22,1,6,Summer,0,0,0,미라시아,칠리 치즈 프라이
2023-06-23,3,6,Summer,0,0,0,미라시아,칠리 치즈 프라이
2023-06-24,1,6,Summer,1,0,1,미라시아,칠리 치즈 프라이
2023-06-25,1,6,Summer,1,0,1,미라시아,칠리 치즈 프라이
2023-06-26,0,6,Summer,0,0,0,미라시아,칠리 치즈 프라이
2023-06-27,1,6,Summer,0,0,0,미라시아,칠리 치즈 프라이
2023-06-28,0,6,Summer,0,0,0,미라시아,칠리 치즈 프라이
2023-06-29,1,6,Summer,0,0,0,미라시아,칠리 치즈 프라이
2023-06-30,2,6,Summer,0,0,0,미라시아,칠리 치즈 프라이
2023-07-01,2,7,Summer,1,0,1,미라시아,칠리 치즈 프라이
2023-07-02,0,7,Summer,1,0,1,미라시아,칠리 치즈 프라이
2023-07-03,1,7,Summer,0,0,0,미라시아,칠리 치즈 프라이
2023-07-04,1,7,Summer,0,0,0,미라시아,칠리 치즈 프라이
2023-07-05,0,7,Summer,0,0,0,미라시아,칠리 치즈 프라이
2023-07-06,2,7,Summer,0,0,0,미라시아,칠리 치즈 프라이
2023-07-07,0,7,Summer,0,0,0,미라시아,칠리 치즈 프라이
2023-07-08,0,7,Summer,1,0,1,미라시아,칠리 치즈 프라이
2023-07-09,0,7,Summer,1,0,1,미라시아,칠리 치즈 프라이
2023-07-10,1,7,Summer,0,0,0,미라시아,칠리 치즈 프라이
2023-07-11,2,7,Summer,0,0,0,미라시아,칠리 치즈 프라이
2023-07-12,0,7,Summer,0,0,0,미라시아,칠리 치즈 프라이
2023-07-13,0,7,Summer,0,0,0,미라시아,칠리 치즈 프라이
2023-07-14,2,7,Summer,0,0,0,미라시아,칠리 치즈 프라이
2023-07-15,3,7,Summer,1,0,1,미라시아,칠리 치즈 프라이
2023-07-16,0,7,Summer,1,0,1,미라시아,칠리 치즈 프라이
2023-07-17,2,7,Summer,0,0,0,미라시아,칠리 치즈 프라이
2023-07-18,1,7,Summer,0,0,0,미라시아,칠리 치즈 프라이
2023-07-19,1,7,Summer,0,0,0,미라시아,칠리 치즈 프라이
2023-07-20,1,7,Summer,0,0,0,미라시아,칠리 치즈 프라이
2023-07-21,1,7,Summer,0,0,0,미라시아,칠리 치즈 프라이
2023-07-22,1,7,Summer,1,0,1,미라시아,칠리 치즈 프라이
2023-07-23,1,7,Summer,1,0,1,미라시아,칠리 치즈 프라이
2023-07-24,1,7,Summer,0,0,0,미라시아,칠리 치즈 프라이
2023-07-25,1,7,Summer,0,0,0,미라시아,칠리 치즈 프라이
2023-07-26,2,7,Summer,0,0,0,미라시아,칠리 치즈 프라이
2023-07-27,0,7,Summer,0,0,0,미라시아,칠리 치즈 프라이
2023-07-28,1,7,Summer,0,0,0,미라시아,칠리 치즈 프라이
2023-07-29,2,7,Summer,1,0,1,미라시아,칠리 치즈 프라이
2023-07-30,0,7,Summer,1,0,1,미라시아,칠리 치즈 프라이
2023-07-31,0,7,Summer,0,0,0,미라시아,칠리 치즈 프라이
2023-08-01,3,8,Summer,0,0,0,미라시아,칠리 치즈 프라이
2023-08-02,2,8,Summer,0,0,0,미라시아,칠리 치즈 프라이
2023-08-03,2,8,Summer,0,0,0,미라시아,칠리 치즈 프라이
2023-08-04,5,8,Summer,0,0,0,미라시아,칠리 치즈 프라이
2023-08-05,2,8,Summer,1,0,1,미라시아,칠리 치즈 프라이
2023-08-06,1,8,Summer,1,0,1,미라시아,칠리 치즈 프라이
2023-08-07,0,8,Summer,0,0,0,미라시아,칠리 치즈 프라이
2023-08-08,1,8,Summer,0,0,0,미라시아,칠리 치즈 프라이
2023-08-09,0,8,Summer,0,0,0,미라시아,칠리 치즈 프라이
2023-08-10,1,8,Summer,0,0,0,미라시아,칠리 치즈 프라이
2023-08-11,5,8,Summer,0,0,0,미라시아,칠리 치즈 프라이
2023-08-12,1,8,Summer,1,0,1,미라시아,칠리 치즈 프라이
2023-08-13,2,8,Summer,1,0,1,미라시아,칠리 치즈 프라이
2023-08-14,1,8,Summer,0,0,0,미라시아,칠리 치즈 프라이
2023-08-15,0,8,Summer,0,1,1,미라시아,칠리 치즈 프라이
2023-08-16,0,8,Summer,0,0,0,미라시아,칠리 치즈 프라이
2023-08-17,0,8,Summer,0,0,0,미라시아,칠리 치즈 프라이
2023-08-18,0,8,Summer,0,0,0,미라시아,칠리 치즈 프라이
2023-08-19,2,8,Summer,1,0,1,미라시아,칠리 치즈 프라이
2023-08-20,0,8,Summer,1,0,1,미라시아,칠리 치즈 프라이
2023-08-21,1,8,Summer,0,0,0,미라시아,칠리 치즈 프라이
2023-08-22,0,8,Summer,0,0,0,미라시아,칠리 치즈 프라이
2023-08-23,0,8,Summer,0,0,0,미라시아,칠리 치즈 프라이
2023-08-24,1,8,Summer,0,0,0,미라시아,칠리 치즈 프라이
2023-08-25,0,8,Summer,0,0,0,미라시아,칠리 치즈 프라이
2023-08-26,5,8,Summer,1,0,1,미라시아,칠리 치즈 프라이
2023-08-27,1,8,Summer,1,0,1,미라시아,칠리 치즈 프라이
2023-08-28,0,8,Summer,0,0,0,미라시아,칠리 치즈 프라이
2023-08-29,1,8,Summer,0,0,0,미라시아,칠리 치즈 프라이
2023-08-30,1,8,Summer,0,0,0,미라시아,칠리 치즈 프라이
2023-08-31,0,8,Summer,0,0,0,미라시아,칠리 치즈 프라이
2023-09-01,1,9,Autumn,0,0,0,미라시아,칠리 치즈 프라이
2023-09-02,1,9,Autumn,1,0,1,미라시아,칠리 치즈 프라이
2023-09-03,0,9,Autumn,1,0,1,미라시아,칠리 치즈 프라이
2023-09-04,3,9,Autumn,0,0,0,미라시아,칠리 치즈 프라이
2023-09-05,3,9,Autumn,0,0,0,미라시아,칠리 치즈 프라이
2023-09-06,0,9,Autumn,0,0,0,미라시아,칠리 치즈 프라이
2023-09-07,0,9,Autumn,0,0,0,미라시아,칠리 치즈 프라이
2023-09-08,0,9,Autumn,0,0,0,미라시아,칠리 치즈 프라이
2023-09-09,2,9,Autumn,1,0,1,미라시아,칠리 치즈 프라이
2023-09-10,1,9,Autumn,1,0,1,미라시아,칠리 치즈 프라이
2023-09-11,0,9,Autumn,0,0,0,미라시아,칠리 치즈 프라이
2023-09-12,1,9,Autumn,0,0,0,미라시아,칠리 치즈 프라이
2023-09-13,1,9,Autumn,0,0,0,미라시아,칠리 치즈 프라이
2023-09-14,2,9,Autumn,0,0,0,미라시아,칠리 치즈 프라이
2023-09-15,5,9,Autumn,0,0,0,미라시아,칠리 치즈 프라이
2023-09-16,4,9,Autumn,1,0,1,미라시아,칠리 치즈 프라이
2023-09-17,2,9,Autumn,1,0,1,미라시아,칠리 치즈 프라이
2023-09-18,1,9,Autumn,0,0,0,미라시아,칠리 치즈 프라이
2023-09-19,0,9,Autumn,0,0,0,미라시아,칠리 치즈 프라이
2023-09-20,2,9,Autumn,0,0,0,미라시아,칠리 치즈 프라이
2023-09-21,0,9,Autumn,0,0,0,미라시아,칠리 치즈 프라이
2023-09-22,0,9,Autumn,0,0,0,미라시아,칠리 치즈 프라이
2023-09-23,2,9,Autumn,1,0,1,미라시아,칠리 치즈 프라이
2023-09-24,0,9,Autumn,1,0,1,미라시아,칠리 치즈 프라이
2023-09-25,0,9,Autumn,0,0,0,미라시아,칠리 치즈 프라이
2023-09-26,0,9,Autumn,0,0,0,미라시아,칠리 치즈 프라이
2023-09-27,1,9,Autumn,0,0,0,미라시아,칠리 치즈 프라이
2023-09-28,1,9,Autumn,0,1,1,미라시아,칠리 치즈 프라이
2023-09-29,4,9,Autumn,0,1,1,미라시아,칠리 치즈 프라이
2023-09-30,1,9,Autumn,1,1,1,미라시아,칠리 치즈 프라이
2023-10-01,2,10,Autumn,1,0,1,미라시아,칠리 치즈 프라이
2023-10-02,2,10,Autumn,0,1,1,미라시아,칠리 치즈 프라이
2023-10-03,0,10,Autumn,0,1,1,미라시아,칠리 치즈 프라이
2023-10-04,1,10,Autumn,0,0,0,미라시아,칠리 치즈 프라이
2023-10-05,0,10,Autumn,0,0,0,미라시아,칠리 치즈 프라이
2023-10-06,0,10,Autumn,0,0,0,미라시아,칠리 치즈 프라이
2023-10-07,0,10,Autumn,1,0,1,미라시아,칠리 치즈 프라이
2023-10-08,1,10,Autumn,1,0,1,미라시아,칠리 치즈 프라이
2023-10-09,1,10,Autumn,0,1,1,미라시아,칠리 치즈 프라이
2023-10-10,0,10,Autumn,0,0,0,미라시아,칠리 치즈 프라이
2023-10-11,2,10,Autumn,0,0,0,미라시아,칠리 치즈 프라이
2023-10-12,3,10,Autumn,0,0,0,미라시아,칠리 치즈 프라이
2023-10-13,1,10,Autumn,0,0,0,미라시아,칠리 치즈 프라이
2023-10-14,2,10,Autumn,1,0,1,미라시아,칠리 치즈 프라이
2023-10-15,1,10,Autumn,1,0,1,미라시아,칠리 치즈 프라이
2023-10-16,1,10,Autumn,0,0,0,미라시아,칠리 치즈 프라이
2023-10-17,1,10,Autumn,0,0,0,미라시아,칠리 치즈 프라이
2023-10-18,0,10,Autumn,0,0,0,미라시아,칠리 치즈 프라이
2023-10-19,0,10,Autumn,0,0,0,미라시아,칠리 치즈 프라이
2023-10-20,1,10,Autumn,0,0,0,미라시아,칠리 치즈 프라이
2023-10-21,0,10,Autumn,1,0,1,미라시아,칠리 치즈 프라이
2023-10-22,1,10,Autumn,1,0,1,미라시아,칠리 치즈 프라이
2023-10-23,0,10,Autumn,0,0,0,미라시아,칠리 치즈 프라이
2023-10-24,6,10,Autumn,0,0,0,미라시아,칠리 치즈 프라이
2023-10-25,1,10,Autumn,0,0,0,미라시아,칠리 치즈 프라이
2023-10-26,1,10,Autumn,0,0,0,미라시아,칠리 치즈 프라이
2023-10-27,0,10,Autumn,0,0,0,미라시아,칠리 치즈 프라이
2023-10-28,4,10,Autumn,1,0,1,미라시아,칠리 치즈 프라이
2023-10-29,1,10,Autumn,1,0,1,미라시아,칠리 치즈 프라이
2023-10-30,2,10,Autumn,0,0,0,미라시아,칠리 치즈 프라이
2023-10-31,3,10,Autumn,0,0,0,미라시아,칠리 치즈 프라이
2023-11-01,4,11,Autumn,0,0,0,미라시아,칠리 치즈 프라이
2023-11-02,0,11,Autumn,0,0,0,미라시아,칠리 치즈 프라이
2023-11-03,1,11,Autumn,0,0,0,미라시아,칠리 치즈 프라이
2023-11-04,0,11,Autumn,1,0,1,미라시아,칠리 치즈 프라이
2023-11-05,1,11,Autumn,1,0,1,미라시아,칠리 치즈 프라이
2023-11-06,3,11,Autumn,0,0,0,미라시아,칠리 치즈 프라이
2023-11-07,0,11,Autumn,0,0,0,미라시아,칠리 치즈 프라이
2023-11-08,0,11,Autumn,0,0,0,미라시아,칠리 치즈 프라이
2023-11-09,0,11,Autumn,0,0,0,미라시아,칠리 치즈 프라이
2023-11-10,1,11,Autumn,0,0,0,미라시아,칠리 치즈 프라이
2023-11-11,2,11,Autumn,1,0,1,미라시아,칠리 치즈 프라이
2023-11-12,1,11,Autumn,1,0,1,미라시아,칠리 치즈 프라이
2023-11-13,2,11,Autumn,0,0,0,미라시아,칠리 치즈 프라이
2023-11-14,1,11,Autumn,0,0,0,미라시아,칠리 치즈 프라이
2023-11-15,2,11,Autumn,0,0,0,미라시아,칠리 치즈 프라이
2023-11-16,1,11,Autumn,0,0,0,미라시아,칠리 치즈 프라이
2023-11-17,0,11,Autumn,0,0,0,미라시아,칠리 치즈 프라이
2023-11-18,2,11,Autumn,1,0,1,미라시아,칠리 치즈 프라이
2023-11-19,0,11,Autumn,1,0,1,미라시아,칠리 치즈 프라이
2023-11-20,0,11,Autumn,0,0,0,미라시아,칠리 치즈 프라이
2023-11-21,1,11,Autumn,0,0,0,미라시아,칠리 치즈 프라이
2023-11-22,1,11,Autumn,0,0,0,미라시아,칠리 치즈 프라이
2023-11-23,0,11,Autumn,0,0,0,미라시아,칠리 치즈 프라이
2023-11-24,1,11,Autumn,0,0,0,미라시아,칠리 치즈 프라이
2023-11-25,2,11,Autumn,1,0,1,미라시아,칠리 치즈 프라이
2023-11-26,0,11,Autumn,1,0,1,미라시아,칠리 치즈 프라이
2023-11-27,1,11,Autumn,0,0,0,미라시아,칠리 치즈 프라이
2023-11-28,0,11,Autumn,0,0,0,미라시아,칠리 치즈 프라이
2023-11-29,0,11,Autumn,0,0,0,미라시아,칠리 치즈 프라이
2023-11-30,1,11,Autumn,0,0,0,미라시아,칠리 치즈 프라이
2023-12-01,0,12,Winter,0,0,0,미라시아,칠리 치즈 프라이
2023-12-02,1,12,Winter,1,0,1,미라시아,칠리 치즈 프라이
2023-12-03,0,12,Winter,1,0,1,미라시아,칠리 치즈 프라이
2023-12-04,2,12,Winter,0,0,0,미라시아,칠리 치즈 프라이
2023-12-05,1,12,Winter,0,0,0,미라시아,칠리 치즈 프라이
2023-12-06,0,12,Winter,0,0,0,미라시아,칠리 치즈 프라이
2023-12-07,0,12,Winter,0,0,0,미라시아,칠리 치즈 프라이
2023-12-08,0,12,Winter,0,0,0,미라시아,칠리 치즈 프라이
2023-12-09,4,12,Winter,1,0,1,미라시아,칠리 치즈 프라이
2023-12-10,1,12,Winter,1,0,1,미라시아,칠리 치즈 프라이
2023-12-11,1,12,Winter,0,0,0,미라시아,칠리 치즈 프라이
2023-12-12,1,12,Winter,0,0,0,미라시아,칠리 치즈 프라이
2023-12-13,0,12,Winter,0,0,0,미라시아,칠리 치즈 프라이
2023-12-14,0,12,Winter,0,0,0,미라시아,칠리 치즈 프라이
2023-12-15,1,12,Winter,0,0,0,미라시아,칠리 치즈 프라이
2023-12-16,2,12,Winter,1,0,1,미라시아,칠리 치즈 프라이
2023-12-17,0,12,Winter,1,0,1,미라시아,칠리 치즈 프라이
2023-12-18,1,12,Winter,0,0,0,미라시아,칠리 치즈 프라이
2023-12-19,1,12,Winter,0,0,0,미라시아,칠리 치즈 프라이
2023-12-20,0,12,Winter,0,0,0,미라시아,칠리 치즈 프라이
2023-12-21,0,12,Winter,0,0,0,미라시아,칠리 치즈 프라이
2023-12-22,2,12,Winter,0,0,0,미라시아,칠리 치즈 프라이
2023-12-23,5,12,Winter,1,0,1,미라시아,칠리 치즈 프라이
2023-12-24,5,12,Winter,1,0,1,미라시아,칠리 치즈 프라이
2023-12-25,3,12,Winter,0,1,1,미라시아,칠리 치즈 프라이
2023-12-26,3,12,Winter,0,0,0,미라시아,칠리 치즈 프라이
2023-12-27,1,12,Winter,0,0,0,미라시아,칠리 치즈 프라이
2023-12-28,3,12,Winter,0,0,0,미라시아,칠리 치즈 프라이
2023-12-29,2,12,Winter,0,0,0,미라시아,칠리 치즈 프라이
2023-12-30,2,12,Winter,1,0,1,미라시아,칠리 치즈 프라이
2023-12-31,2,12,Winter,1,0,1,미라시아,칠리 치즈 프라이
2024-01-01,4,1,Winter,0,1,1,미라시아,칠리 치즈 프라이
2024-01-02,3,1,Winter,0,0,0,미라시아,칠리 치즈 프라이
2024-01-03,0,1,Winter,0,0,0,미라시아,칠리 치즈 프라이
2024-01-04,0,1,Winter,0,0,0,미라시아,칠리 치즈 프라이
2024-01-05,0,1,Winter,0,0,0,미라시아,칠리 치즈 프라이
2024-01-06,2,1,Winter,1,0,1,미라시아,칠리 치즈 프라이
2024-01-07,1,1,Winter,1,0,1,미라시아,칠리 치즈 프라이
2024-01-08,0,1,Winter,0,0,0,미라시아,칠리 치즈 프라이
2024-01-09,1,1,Winter,0,0,0,미라시아,칠리 치즈 프라이
2024-01-10,1,1,Winter,0,0,0,미라시아,칠리 치즈 프라이
2024-01-11,0,1,Winter,0,0,0,미라시아,칠리 치즈 프라이
2024-01-12,1,1,Winter,0,0,0,미라시아,칠리 치즈 프라이
2024-01-13,2,1,Winter,1,0,1,미라시아,칠리 치즈 프라이
2024-01-14,0,1,Winter,1,0,1,미라시아,칠리 치즈 프라이
2024-01-15,2,1,Winter,0,0,0,미라시아,칠리 치즈 프라이
2024-01-16,1,1,Winter,0,0,0,미라시아,칠리 치즈 프라이
2024-01-17,2,1,Winter,0,0,0,미라시아,칠리 치즈 프라이
2024-01-18,0,1,Winter,0,0,0,미라시아,칠리 치즈 프라이
2024-01-19,0,1,Winter,0,0,0,미라시아,칠리 치즈 프라이
2024-01-20,3,1,Winter,1,0,1,미라시아,칠리 치즈 프라이
2024-01-21,0,1,Winter,1,0,1,미라시아,칠리 치즈 프라이
2024-01-22,2,1,Winter,0,0,0,미라시아,칠리 치즈 프라이
2024-01-23,1,1,Winter,0,0,0,미라시아,칠리 치즈 프라이
2024-01-24,1,1,Winter,0,0,0,미라시아,칠리 치즈 프라이
2024-01-25,1,1,Winter,0,0,0,미라시아,칠리 치즈 프라이
2024-01-26,0,1,Winter,0,0,0,미라시아,칠리 치즈 프라이
2024-01-27,0,1,Winter,1,0,1,미라시아,칠리 치즈 프라이
2024-01-28,0,1,Winter,1,0,1,미라시아,칠리 치즈 프라이
2024-01-29,0,1,Winter,0,0,0,미라시아,칠리 치즈 프라이
2024-01-30,1,1,Winter,0,0,0,미라시아,칠리 치즈 프라이
2024-01-31,0,1,Winter,0,0,0,미라시아,칠리 치즈 프라이
2024-02-01,0,2,Winter,0,0,0,미라시아,칠리 치즈 프라이
2024-02-02,1,2,Winter,0,0,0,미라시아,칠리 치즈 프라이
2024-02-03,1,2,Winter,1,0,1,미라시아,칠리 치즈 프라이
2024-02-04,0,2,Winter,1,0,1,미라시아,칠리 치즈 프라이
2024-02-05,0,2,Winter,0,0,0,미라시아,칠리 치즈 프라이
2024-02-06,0,2,Winter,0,0,0,미라시아,칠리 치즈 프라이
2024-02-07,0,2,Winter,0,0,0,미라시아,칠리 치즈 프라이
2024-02-08,0,2,Winter,0,0,0,미라시아,칠리 치즈 프라이
2024-02-09,0,2,Winter,0,1,1,미라시아,칠리 치즈 프라이
2024-02-10,2,2,Winter,1,1,1,미라시아,칠리 치즈 프라이
2024-02-11,4,2,Winter,1,1,1,미라시아,칠리 치즈 프라이
2024-02-12,1,2,Winter,0,1,1,미라시아,칠리 치즈 프라이
2024-02-13,0,2,Winter,0,0,0,미라시아,칠리 치즈 프라이
2024-02-14,1,2,Winter,0,0,0,미라시아,칠리 치즈 프라이
2024-02-15,0,2,Winter,0,0,0,미라시아,칠리 치즈 프라이
2024-02-16,2,2,Winter,0,0,0,미라시아,칠리 치즈 프라이
2024-02-17,1,2,Winter,1,0,1,미라시아,칠리 치즈 프라이
2024-02-18,3,2,Winter,1,0,1,미라시아,칠리 치즈 프라이
2024-02-19,0,2,Winter,0,0,0,미라시아,칠리 치즈 프라이
2024-02-20,1,2,Winter,0,0,0,미라시아,칠리 치즈 프라이
2024-02-21,0,2,Winter,0,0,0,미라시아,칠리 치즈 프라이
2024-02-22,0,2,Winter,0,0,0,미라시아,칠리 치즈 프라이
2024-02-23,1,2,Winter,0,0,0,미라시아,칠리 치즈 프라이
2024-02-24,0,2,Winter,1,0,1,미라시아,칠리 치즈 프라이
2024-02-25,0,2,Winter,1,0,1,미라시아,칠리 치즈 프라이
2024-02-26,1,2,Winter,0,0,0,미라시아,칠리 치즈 프라이
2024-02-27,0,2,Winter,0,0,0,미라시아,칠리 치즈 프라이
2024-02-28,0,2,Winter,0,0,0,미라시아,칠리 치즈 프라이
2024-02-29,0,2,Winter,0,0,0,미라시아,칠리 치즈 프라이
2024-03-01,4,3,Spring,0,1,1,미라시아,칠리 치즈 프라이
2024-03-02,4,3,Spring,1,0,1,미라시아,칠리 치즈 프라이
2024-03-03,0,3,Spring,1,0,1,미라시아,칠리 치즈 프라이
2024-03-04,0,3,Spring,0,0,0,미라시아,칠리 치즈 프라이
2024-03-05,0,3,Spring,0,0,0,미라시아,칠리 치즈 프라이
2024-03-06,0,3,Spring,0,0,0,미라시아,칠리 치즈 프라이
2024-03-07,0,3,Spring,0,0,0,미라시아,칠리 치즈 프라이
2024-03-08,0,3,Spring,0,0,0,미라시아,칠리 치즈 프라이
2024-03-09,0,3,Spring,1,0,1,미라시아,칠리 치즈 프라이
2024-03-10,0,3,Spring,1,0,1,미라시아,칠리 치즈 프라이
2024-03-11,0,3,Spring,0,0,0,미라시아,칠리 치즈 프라이
2024-03-12,0,3,Spring,0,0,0,미라시아,칠리 치즈 프라이
2024-03-13,0,3,Spring,0,0,0,미라시아,칠리 치즈 프라이
2024-03-14,0,3,Spring,0,0,0,미라시아,칠리 치즈 프라이
2024-03-15,0,3,Spring,0,0,0,미라시아,칠리 치즈 프라이
2024-03-16,3,3,Spring,1,0,1,미라시아,칠리 치즈 프라이
2024-03-17,0,3,Spring,1,0,1,미라시아,칠리 치즈 프라이
2024-03-18,0,3,Spring,0,0,0,미라시아,칠리 치즈 프라이
2024-03-19,0,3,Spring,0,0,0,미라시아,칠리 치즈 프라이
2024-03-20,0,3,Spring,0,0,0,미라시아,칠리 치즈 프라이
2024-03-21,0,3,Spring,0,0,0,미라시아,칠리 치즈 프라이
2024-03-22,0,3,Spring,0,0,0,미라시아,칠리 치즈 프라이
2024-03-23,0,3,Spring,1,0,1,미라시아,칠리 치즈 프라이
2024-03-24,0,3,Spring,1,0,1,미라시아,칠리 치즈 프라이
2024-03-25,1,3,Spring,0,0,0,미라시아,칠리 치즈 프라이
2024-03-26,0,3,Spring,0,0,0,미라시아,칠리 치즈 프라이
2024-03-27,1,3,Spring,0,0,0,미라시아,칠리 치즈 프라이
2024-03-28,1,3,Spring,0,0,0,미라시아,칠리 치즈 프라이
2024-03-29,1,3,Spring,0,0,0,미라시아,칠리 치즈 프라이
2024-03-30,1,3,Spring,1,0,1,미라시아,칠리 치즈 프라이
2024-03-31,0,3,Spring,1,0,1,미라시아,칠리 치즈 프라이
2024-04-01,0,4,Spring,0,0,0,미라시아,칠리 치즈 프라이
2024-04-02,0,4,Spring,0,0,0,미라시아,칠리 치즈 프라이
2024-04-03,0,4,Spring,0,0,0,미라시아,칠리 치즈 프라이
2024-04-04,0,4,Spring,0,0,0,미라시아,칠리 치즈 프라이
2024-04-05,2,4,Spring,0,0,0,미라시아,칠리 치즈 프라이
2024-04-06,1,4,Spring,1,0,1,미라시아,칠리 치즈 프라이
2024-04-07,0,4,Spring,1,0,1,미라시아,칠리 치즈 프라이
2024-04-08,0,4,Spring,0,0,0,미라시아,칠리 치즈 프라이
2024-04-09,1,4,Spring,0,0,0,미라시아,칠리 치즈 프라이
2024-04-10,2,4,Spring,0,1,1,미라시아,칠리 치즈 프라이
2024-04-11,2,4,Spring,0,0,0,미라시아,칠리 치즈 프라이
2024-04-12,0,4,Spring,0,0,0,미라시아,칠리 치즈 프라이
2024-04-13,1,4,Spring,1,0,1,미라시아,칠리 치즈 프라이
2024-04-14,3,4,Spring,1,0,1,미라시아,칠리 치즈 프라이
2024-04-15,0,4,Spring,0,0,0,미라시아,칠리 치즈 프라이
2024-04-16,1,4,Spring,0,0,0,미라시아,칠리 치즈 프라이
2024-04-17,0,4,Spring,0,0,0,미라시아,칠리 치즈 프라이
2024-04-18,1,4,Spring,0,0,0,미라시아,칠리 치즈 프라이
2024-04-19,2,4,Spring,0,0,0,미라시아,칠리 치즈 프라이
2024-04-20,2,4,Spring,1,0,1,미라시아,칠리 치즈 프라이
2024-04-21,0,4,Spring,1,0,1,미라시아,칠리 치즈 프라이
2024-04-22,0,4,Spring,0,0,0,미라시아,칠리 치즈 프라이
2024-04-23,0,4,Spring,0,0,0,미라시아,칠리 치즈 프라이
2024-04-24,0,4,Spring,0,0,0,미라시아,칠리 치즈 프라이
2024-04-25,1,4,Spring,0,0,0,미라시아,칠리 치즈 프라이
2024-04-26,1,4,Spring,0,0,0,미라시아,칠리 치즈 프라이
2024-04-27,3,4,Spring,1,0,1,미라시아,칠리 치즈 프라이
2024-04-28,1,4,Spring,1,0,1,미라시아,칠리 치즈 프라이
2024-04-29,0,4,Spring,0,0,0,미라시아,칠리 치즈 프라이
2024-04-30,2,4,Spring,0,0,0,미라시아,칠리 치즈 프라이
2024-05-01,0,5,Spring,0,0,0,미라시아,칠리 치즈 프라이
2024-05-02,0,5,Spring,0,0,0,미라시아,칠리 치즈 프라이
2024-05-03,1,5,Spring,0,0,0,미라시아,칠리 치즈 프라이
2024-05-04,5,5,Spring,1,0,1,미라시아,칠리 치즈 프라이
2024-05-05,3,5,Spring,1,1,1,미라시아,칠리 치즈 프라이
2024-05-06,0,5,Spring,0,1,1,미라시아,칠리 치즈 프라이
2024-05-07,1,5,Spring,0,0,0,미라시아,칠리 치즈 프라이
2024-05-08,0,5,Spring,0,0,0,미라시아,칠리 치즈 프라이
2024-05-09,0,5,Spring,0,0,0,미라시아,칠리 치즈 프라이
2024-05-10,1,5,Spring,0,0,0,미라시아,칠리 치즈 프라이
2024-05-11,3,5,Spring,1,0,1,미라시아,칠리 치즈 프라이
2024-05-12,0,5,Spring,1,0,1,미라시아,칠리 치즈 프라이
2024-05-13,0,5,Spring,0,0,0,미라시아,칠리 치즈 프라이
2024-05-14,2,5,Spring,0,0,0,미라시아,칠리 치즈 프라이
2024-05-15,0,5,Spring,0,1,1,미라시아,칠리 치즈 프라이
2024-05-16,0,5,Spring,0,0,0,미라시아,칠리 치즈 프라이
2024-05-17,1,5,Spring,0,0,0,미라시아,칠리 치즈 프라이
2024-05-18,2,5,Spring,1,0,1,미라시아,칠리 치즈 프라이
2024-05-19,1,5,Spring,1,0,1,미라시아,칠리 치즈 프라이
2024-05-20,0,5,Spring,0,0,0,미라시아,칠리 치즈 프라이
2024-05-21,0,5,Spring,0,0,0,미라시아,칠리 치즈 프라이
2024-05-22,0,5,Spring,0,0,0,미라시아,칠리 치즈 프라이
2024-05-23,0,5,Spring,0,0,0,미라시아,칠리 치즈 프라이
2024-05-24,1,5,Spring,0,0,0,미라시아,칠리 치즈 프라이
2024-05-25,2,5,Spring,1,0,1,미라시아,칠리 치즈 프라이
2024-05-26,0,5,Spring,1,0,1,미라시아,칠리 치즈 프라이
2024-05-27,0,5,Spring,0,0,0,미라시아,칠리 치즈 프라이
2024-05-28,1,5,Spring,0,0,0,미라시아,칠리 치즈 프라이
2024-05-29,0,5,Spring,0,0,0,미라시아,칠리 치즈 프라이
2024-05-30,0,5,Spring,0,0,0,미라시아,칠리 치즈 프라이
2024-05-31,1,5,Spring,0,0,0,미라시아,칠리 치즈 프라이
2024-06-01,1,6,Summer,1,0,1,미라시아,칠리 치즈 프라이
2024-06-02,0,6,Summer,1,0,1,미라시아,칠리 치즈 프라이
2024-06-03,1,6,Summer,0,0,0,미라시아,칠리 치즈 프라이
2024-06-04,0,6,Summer,0,0,0,미라시아,칠리 치즈 프라이
2024-06-05,1,6,Summer,0,0,0,미라시아,칠리 치즈 프라이
2024-06-06,1,6,Summer,0,1,1,미라시아,칠리 치즈 프라이
2024-06-07,1,6,Summer,0,0,0,미라시아,칠리 치즈 프라이
2024-06-08,1,6,Summer,1,0,1,미라시아,칠리 치즈 프라이
2024-06-09,0,6,Summer,1,0,1,미라시아,칠리 치즈 프라이
2024-06-10,0,6,Summer,0,0,0,미라시아,칠리 치즈 프라이
2024-06-11,0,6,Summer,0,0,0,미라시아,칠리 치즈 프라이
2024-06-12,0,6,Summer,0,0,0,미라시아,칠리 치즈 프라이
2024-06-13,0,6,Summer,0,0,0,미라시아,칠리 치즈 프라이
2024-06-14,0,6,Summer,0,0,0,미라시아,칠리 치즈 프라이
2024-06-15,0,6,Summer,1,0,1,미라시아,칠리 치즈 프라이
2023-01-01,0,1,Winter,1,1,1,미라시아,코카콜라
2023-01-02,0,1,Winter,0,0,0,미라시아,코카콜라
2023-01-03,0,1,Winter,0,0,0,미라시아,코카콜라
2023-01-04,0,1,Winter,0,0,0,미라시아,코카콜라
2023-01-05,0,1,Winter,0,0,0,미라시아,코카콜라
2023-01-06,0,1,Winter,0,0,0,미라시아,코카콜라
2023-01-07,0,1,Winter,1,0,1,미라시아,코카콜라
2023-01-08,0,1,Winter,1,0,1,미라시아,코카콜라
2023-01-09,0,1,Winter,0,0,0,미라시아,코카콜라
2023-01-10,0,1,Winter,0,0,0,미라시아,코카콜라
2023-01-11,0,1,Winter,0,0,0,미라시아,코카콜라
2023-01-12,0,1,Winter,0,0,0,미라시아,코카콜라
2023-01-13,0,1,Winter,0,0,0,미라시아,코카콜라
2023-01-14,0,1,Winter,1,0,1,미라시아,코카콜라
2023-01-15,0,1,Winter,1,0,1,미라시아,코카콜라
2023-01-16,0,1,Winter,0,0,0,미라시아,코카콜라
2023-01-17,0,1,Winter,0,0,0,미라시아,코카콜라
2023-01-18,0,1,Winter,0,0,0,미라시아,코카콜라
2023-01-19,0,1,Winter,0,0,0,미라시아,코카콜라
2023-01-20,0,1,Winter,0,0,0,미라시아,코카콜라
2023-01-21,0,1,Winter,1,1,1,미라시아,코카콜라
2023-01-22,0,1,Winter,1,1,1,미라시아,코카콜라
2023-01-23,0,1,Winter,0,1,1,미라시아,코카콜라
2023-01-24,0,1,Winter,0,1,1,미라시아,코카콜라
2023-01-25,0,1,Winter,0,0,0,미라시아,코카콜라
2023-01-26,0,1,Winter,0,0,0,미라시아,코카콜라
2023-01-27,0,1,Winter,0,0,0,미라시아,코카콜라
2023-01-28,0,1,Winter,1,0,1,미라시아,코카콜라
2023-01-29,0,1,Winter,1,0,1,미라시아,코카콜라
2023-01-30,0,1,Winter,0,0,0,미라시아,코카콜라
2023-01-31,0,1,Winter,0,0,0,미라시아,코카콜라
2023-02-01,0,2,Winter,0,0,0,미라시아,코카콜라
2023-02-02,0,2,Winter,0,0,0,미라시아,코카콜라
2023-02-03,0,2,Winter,0,0,0,미라시아,코카콜라
2023-02-04,0,2,Winter,1,0,1,미라시아,코카콜라
2023-02-05,0,2,Winter,1,0,1,미라시아,코카콜라
2023-02-06,0,2,Winter,0,0,0,미라시아,코카콜라
2023-02-07,0,2,Winter,0,0,0,미라시아,코카콜라
2023-02-08,0,2,Winter,0,0,0,미라시아,코카콜라
2023-02-09,0,2,Winter,0,0,0,미라시아,코카콜라
2023-02-10,0,2,Winter,0,0,0,미라시아,코카콜라
2023-02-11,0,2,Winter,1,0,1,미라시아,코카콜라
2023-02-12,0,2,Winter,1,0,1,미라시아,코카콜라
2023-02-13,0,2,Winter,0,0,0,미라시아,코카콜라
2023-02-14,0,2,Winter,0,0,0,미라시아,코카콜라
2023-02-15,0,2,Winter,0,0,0,미라시아,코카콜라
2023-02-16,0,2,Winter,0,0,0,미라시아,코카콜라
2023-02-17,0,2,Winter,0,0,0,미라시아,코카콜라
2023-02-18,0,2,Winter,1,0,1,미라시아,코카콜라
2023-02-19,0,2,Winter,1,0,1,미라시아,코카콜라
2023-02-20,0,2,Winter,0,0,0,미라시아,코카콜라
2023-02-21,0,2,Winter,0,0,0,미라시아,코카콜라
2023-02-22,0,2,Winter,0,0,0,미라시아,코카콜라
2023-02-23,0,2,Winter,0,0,0,미라시아,코카콜라
2023-02-24,0,2,Winter,0,0,0,미라시아,코카콜라
2023-02-25,0,2,Winter,1,0,1,미라시아,코카콜라
2023-02-26,0,2,Winter,1,0,1,미라시아,코카콜라
2023-02-27,0,2,Winter,0,0,0,미라시아,코카콜라
2023-02-28,0,2,Winter,0,0,0,미라시아,코카콜라
2023-03-01,0,3,Spring,0,1,1,미라시아,코카콜라
2023-03-02,0,3,Spring,0,0,0,미라시아,코카콜라
2023-03-03,0,3,Spring,0,0,0,미라시아,코카콜라
2023-03-04,0,3,Spring,1,0,1,미라시아,코카콜라
2023-03-05,0,3,Spring,1,0,1,미라시아,코카콜라
2023-03-06,0,3,Spring,0,0,0,미라시아,코카콜라
2023-03-07,0,3,Spring,0,0,0,미라시아,코카콜라
2023-03-08,0,3,Spring,0,0,0,미라시아,코카콜라
2023-03-09,0,3,Spring,0,0,0,미라시아,코카콜라
2023-03-10,0,3,Spring,0,0,0,미라시아,코카콜라
2023-03-11,0,3,Spring,1,0,1,미라시아,코카콜라
2023-03-12,0,3,Spring,1,0,1,미라시아,코카콜라
2023-03-13,0,3,Spring,0,0,0,미라시아,코카콜라
2023-03-14,0,3,Spring,0,0,0,미라시아,코카콜라
2023-03-15,0,3,Spring,0,0,0,미라시아,코카콜라
2023-03-16,0,3,Spring,0,0,0,미라시아,코카콜라
2023-03-17,0,3,Spring,0,0,0,미라시아,코카콜라
2023-03-18,0,3,Spring,1,0,1,미라시아,코카콜라
2023-03-19,0,3,Spring,1,0,1,미라시아,코카콜라
2023-03-20,0,3,Spring,0,0,0,미라시아,코카콜라
2023-03-21,0,3,Spring,0,0,0,미라시아,코카콜라
2023-03-22,0,3,Spring,0,0,0,미라시아,코카콜라
2023-03-23,0,3,Spring,0,0,0,미라시아,코카콜라
2023-03-24,0,3,Spring,0,0,0,미라시아,코카콜라
2023-03-25,0,3,Spring,1,0,1,미라시아,코카콜라
2023-03-26,0,3,Spring,1,0,1,미라시아,코카콜라
2023-03-27,0,3,Spring,0,0,0,미라시아,코카콜라
2023-03-28,0,3,Spring,0,0,0,미라시아,코카콜라
2023-03-29,0,3,Spring,0,0,0,미라시아,코카콜라
2023-03-30,0,3,Spring,0,0,0,미라시아,코카콜라
2023-03-31,0,3,Spring,0,0,0,미라시아,코카콜라
2023-04-01,0,4,Spring,1,0,1,미라시아,코카콜라
2023-04-02,0,4,Spring,1,0,1,미라시아,코카콜라
2023-04-03,0,4,Spring,0,0,0,미라시아,코카콜라
2023-04-04,0,4,Spring,0,0,0,미라시아,코카콜라
2023-04-05,0,4,Spring,0,0,0,미라시아,코카콜라
2023-04-06,0,4,Spring,0,0,0,미라시아,코카콜라
2023-04-07,0,4,Spring,0,0,0,미라시아,코카콜라
2023-04-08,0,4,Spring,1,0,1,미라시아,코카콜라
2023-04-09,0,4,Spring,1,0,1,미라시아,코카콜라
2023-04-10,0,4,Spring,0,0,0,미라시아,코카콜라
2023-04-11,0,4,Spring,0,0,0,미라시아,코카콜라
2023-04-12,0,4,Spring,0,0,0,미라시아,코카콜라
2023-04-13,0,4,Spring,0,0,0,미라시아,코카콜라
2023-04-14,0,4,Spring,0,0,0,미라시아,코카콜라
2023-04-15,0,4,Spring,1,0,1,미라시아,코카콜라
2023-04-16,0,4,Spring,1,0,1,미라시아,코카콜라
2023-04-17,0,4,Spring,0,0,0,미라시아,코카콜라
2023-04-18,0,4,Spring,0,0,0,미라시아,코카콜라
2023-04-19,0,4,Spring,0,0,0,미라시아,코카콜라
2023-04-20,0,4,Spring,0,0,0,미라시아,코카콜라
2023-04-21,0,4,Spring,0,0,0,미라시아,코카콜라
2023-04-22,0,4,Spring,1,0,1,미라시아,코카콜라
2023-04-23,0,4,Spring,1,0,1,미라시아,코카콜라
2023-04-24,0,4,Spring,0,0,0,미라시아,코카콜라
2023-04-25,0,4,Spring,0,0,0,미라시아,코카콜라
2023-04-26,0,4,Spring,0,0,0,미라시아,코카콜라
2023-04-27,0,4,Spring,0,0,0,미라시아,코카콜라
2023-04-28,0,4,Spring,0,0,0,미라시아,코카콜라
2023-04-29,0,4,Spring,1,0,1,미라시아,코카콜라
2023-04-30,0,4,Spring,1,0,1,미라시아,코카콜라
2023-05-01,0,5,Spring,0,0,0,미라시아,코카콜라
2023-05-02,0,5,Spring,0,0,0,미라시아,코카콜라
2023-05-03,0,5,Spring,0,0,0,미라시아,코카콜라
2023-05-04,0,5,Spring,0,0,0,미라시아,코카콜라
2023-05-05,0,5,Spring,0,1,1,미라시아,코카콜라
2023-05-06,0,5,Spring,1,0,1,미라시아,코카콜라
2023-05-07,0,5,Spring,1,0,1,미라시아,코카콜라
2023-05-08,0,5,Spring,0,0,0,미라시아,코카콜라
2023-05-09,0,5,Spring,0,0,0,미라시아,코카콜라
2023-05-10,0,5,Spring,0,0,0,미라시아,코카콜라
2023-05-11,0,5,Spring,0,0,0,미라시아,코카콜라
2023-05-12,0,5,Spring,0,0,0,미라시아,코카콜라
2023-05-13,0,5,Spring,1,0,1,미라시아,코카콜라
2023-05-14,0,5,Spring,1,0,1,미라시아,코카콜라
2023-05-15,0,5,Spring,0,0,0,미라시아,코카콜라
2023-05-16,0,5,Spring,0,0,0,미라시아,코카콜라
2023-05-17,0,5,Spring,0,0,0,미라시아,코카콜라
2023-05-18,0,5,Spring,0,0,0,미라시아,코카콜라
2023-05-19,0,5,Spring,0,0,0,미라시아,코카콜라
2023-05-20,0,5,Spring,1,0,1,미라시아,코카콜라
2023-05-21,0,5,Spring,1,0,1,미라시아,코카콜라
2023-05-22,0,5,Spring,0,0,0,미라시아,코카콜라
2023-05-23,0,5,Spring,0,0,0,미라시아,코카콜라
2023-05-24,0,5,Spring,0,0,0,미라시아,코카콜라
2023-05-25,0,5,Spring,0,0,0,미라시아,코카콜라
2023-05-26,0,5,Spring,0,0,0,미라시아,코카콜라
2023-05-27,0,5,Spring,1,1,1,미라시아,코카콜라
2023-05-28,0,5,Spring,1,0,1,미라시아,코카콜라
2023-05-29,0,5,Spring,0,1,1,미라시아,코카콜라
2023-05-30,0,5,Spring,0,0,0,미라시아,코카콜라
2023-05-31,0,5,Spring,0,0,0,미라시아,코카콜라
2023-06-01,0,6,Summer,0,0,0,미라시아,코카콜라
2023-06-02,2,6,Summer,0,0,0,미라시아,코카콜라
2023-06-03,7,6,Summer,1,0,1,미라시아,코카콜라
2023-06-04,3,6,Summer,1,0,1,미라시아,코카콜라
2023-06-05,1,6,Summer,0,0,0,미라시아,코카콜라
2023-06-06,6,6,Summer,0,1,1,미라시아,코카콜라
2023-06-07,0,6,Summer,0,0,0,미라시아,코카콜라
2023-06-08,0,6,Summer,0,0,0,미라시아,코카콜라
2023-06-09,1,6,Summer,0,0,0,미라시아,코카콜라
2023-06-10,3,6,Summer,1,0,1,미라시아,코카콜라
2023-06-11,0,6,Summer,1,0,1,미라시아,코카콜라
2023-06-12,0,6,Summer,0,0,0,미라시아,코카콜라
2023-06-13,0,6,Summer,0,0,0,미라시아,코카콜라
2023-06-14,1,6,Summer,0,0,0,미라시아,코카콜라
2023-06-15,0,6,Summer,0,0,0,미라시아,코카콜라
2023-06-16,9,6,Summer,0,0,0,미라시아,코카콜라
2023-06-17,6,6,Summer,1,0,1,미라시아,코카콜라
2023-06-18,4,6,Summer,1,0,1,미라시아,코카콜라
2023-06-19,0,6,Summer,0,0,0,미라시아,코카콜라
2023-06-20,0,6,Summer,0,0,0,미라시아,코카콜라
2023-06-21,1,6,Summer,0,0,0,미라시아,코카콜라
2023-06-22,1,6,Summer,0,0,0,미라시아,코카콜라
2023-06-23,1,6,Summer,0,0,0,미라시아,코카콜라
2023-06-24,6,6,Summer,1,0,1,미라시아,코카콜라
2023-06-25,0,6,Summer,1,0,1,미라시아,코카콜라
2023-06-26,3,6,Summer,0,0,0,미라시아,코카콜라
2023-06-27,0,6,Summer,0,0,0,미라시아,코카콜라
2023-06-28,0,6,Summer,0,0,0,미라시아,코카콜라
2023-06-29,0,6,Summer,0,0,0,미라시아,코카콜라
2023-06-30,2,6,Summer,0,0,0,미라시아,코카콜라
2023-07-01,3,7,Summer,1,0,1,미라시아,코카콜라
2023-07-02,1,7,Summer,1,0,1,미라시아,코카콜라
2023-07-03,2,7,Summer,0,0,0,미라시아,코카콜라
2023-07-04,0,7,Summer,0,0,0,미라시아,코카콜라
2023-07-05,1,7,Summer,0,0,0,미라시아,코카콜라
2023-07-06,0,7,Summer,0,0,0,미라시아,코카콜라
2023-07-07,2,7,Summer,0,0,0,미라시아,코카콜라
2023-07-08,6,7,Summer,1,0,1,미라시아,코카콜라
2023-07-09,0,7,Summer,1,0,1,미라시아,코카콜라
2023-07-10,0,7,Summer,0,0,0,미라시아,코카콜라
2023-07-11,0,7,Summer,0,0,0,미라시아,코카콜라
2023-07-12,0,7,Summer,0,0,0,미라시아,코카콜라
2023-07-13,0,7,Summer,0,0,0,미라시아,코카콜라
2023-07-14,0,7,Summer,0,0,0,미라시아,코카콜라
2023-07-15,4,7,Summer,1,0,1,미라시아,코카콜라
2023-07-16,0,7,Summer,1,0,1,미라시아,코카콜라
2023-07-17,0,7,Summer,0,0,0,미라시아,코카콜라
2023-07-18,1,7,Summer,0,0,0,미라시아,코카콜라
2023-07-19,0,7,Summer,0,0,0,미라시아,코카콜라
2023-07-20,0,7,Summer,0,0,0,미라시아,코카콜라
2023-07-21,5,7,Summer,0,0,0,미라시아,코카콜라
2023-07-22,3,7,Summer,1,0,1,미라시아,코카콜라
2023-07-23,4,7,Summer,1,0,1,미라시아,코카콜라
2023-07-24,3,7,Summer,0,0,0,미라시아,코카콜라
2023-07-25,3,7,Summer,0,0,0,미라시아,코카콜라
2023-07-26,3,7,Summer,0,0,0,미라시아,코카콜라
2023-07-27,0,7,Summer,0,0,0,미라시아,코카콜라
2023-07-28,8,7,Summer,0,0,0,미라시아,코카콜라
2023-07-29,2,7,Summer,1,0,1,미라시아,코카콜라
2023-07-30,4,7,Summer,1,0,1,미라시아,코카콜라
2023-07-31,7,7,Summer,0,0,0,미라시아,코카콜라
2023-08-01,4,8,Summer,0,0,0,미라시아,코카콜라
2023-08-02,5,8,Summer,0,0,0,미라시아,코카콜라
2023-08-03,4,8,Summer,0,0,0,미라시아,코카콜라
2023-08-04,5,8,Summer,0,0,0,미라시아,코카콜라
2023-08-05,3,8,Summer,1,0,1,미라시아,코카콜라
2023-08-06,4,8,Summer,1,0,1,미라시아,코카콜라
2023-08-07,7,8,Summer,0,0,0,미라시아,코카콜라
2023-08-08,2,8,Summer,0,0,0,미라시아,코카콜라
2023-08-09,0,8,Summer,0,0,0,미라시아,코카콜라
2023-08-10,7,8,Summer,0,0,0,미라시아,코카콜라
2023-08-11,4,8,Summer,0,0,0,미라시아,코카콜라
2023-08-12,5,8,Summer,1,0,1,미라시아,코카콜라
2023-08-13,4,8,Summer,1,0,1,미라시아,코카콜라
2023-08-14,3,8,Summer,0,0,0,미라시아,코카콜라
2023-08-15,3,8,Summer,0,1,1,미라시아,코카콜라
2023-08-16,2,8,Summer,0,0,0,미라시아,코카콜라
2023-08-17,1,8,Summer,0,0,0,미라시아,코카콜라
2023-08-18,0,8,Summer,0,0,0,미라시아,코카콜라
2023-08-19,13,8,Summer,1,0,1,미라시아,코카콜라
2023-08-20,2,8,Summer,1,0,1,미라시아,코카콜라
2023-08-21,0,8,Summer,0,0,0,미라시아,코카콜라
2023-08-22,2,8,Summer,0,0,0,미라시아,코카콜라
2023-08-23,0,8,Summer,0,0,0,미라시아,코카콜라
2023-08-24,0,8,Summer,0,0,0,미라시아,코카콜라
2023-08-25,0,8,Summer,0,0,0,미라시아,코카콜라
2023-08-26,3,8,Summer,1,0,1,미라시아,코카콜라
2023-08-27,5,8,Summer,1,0,1,미라시아,코카콜라
2023-08-28,0,8,Summer,0,0,0,미라시아,코카콜라
2023-08-29,1,8,Summer,0,0,0,미라시아,코카콜라
2023-08-30,0,8,Summer,0,0,0,미라시아,코카콜라
2023-08-31,0,8,Summer,0,0,0,미라시아,코카콜라
2023-09-01,4,9,Autumn,0,0,0,미라시아,코카콜라
2023-09-02,3,9,Autumn,1,0,1,미라시아,코카콜라
2023-09-03,0,9,Autumn,1,0,1,미라시아,코카콜라
2023-09-04,1,9,Autumn,0,0,0,미라시아,코카콜라
2023-09-05,0,9,Autumn,0,0,0,미라시아,코카콜라
2023-09-06,0,9,Autumn,0,0,0,미라시아,코카콜라
2023-09-07,0,9,Autumn,0,0,0,미라시아,코카콜라
2023-09-08,0,9,Autumn,0,0,0,미라시아,코카콜라
2023-09-09,3,9,Autumn,1,0,1,미라시아,코카콜라
2023-09-10,4,9,Autumn,1,0,1,미라시아,코카콜라
2023-09-11,1,9,Autumn,0,0,0,미라시아,코카콜라
2023-09-12,1,9,Autumn,0,0,0,미라시아,코카콜라
2023-09-13,0,9,Autumn,0,0,0,미라시아,코카콜라
2023-09-14,4,9,Autumn,0,0,0,미라시아,코카콜라
2023-09-15,3,9,Autumn,0,0,0,미라시아,코카콜라
2023-09-16,6,9,Autumn,1,0,1,미라시아,코카콜라
2023-09-17,0,9,Autumn,1,0,1,미라시아,코카콜라
2023-09-18,0,9,Autumn,0,0,0,미라시아,코카콜라
2023-09-19,0,9,Autumn,0,0,0,미라시아,코카콜라
2023-09-20,2,9,Autumn,0,0,0,미라시아,코카콜라
2023-09-21,0,9,Autumn,0,0,0,미라시아,코카콜라
2023-09-22,0,9,Autumn,0,0,0,미라시아,코카콜라
2023-09-23,1,9,Autumn,1,0,1,미라시아,코카콜라
2023-09-24,1,9,Autumn,1,0,1,미라시아,코카콜라
2023-09-25,0,9,Autumn,0,0,0,미라시아,코카콜라
2023-09-26,0,9,Autumn,0,0,0,미라시아,코카콜라
2023-09-27,1,9,Autumn,0,0,0,미라시아,코카콜라
2023-09-28,5,9,Autumn,0,1,1,미라시아,코카콜라
2023-09-29,9,9,Autumn,0,1,1,미라시아,코카콜라
2023-09-30,3,9,Autumn,1,1,1,미라시아,코카콜라
2023-10-01,6,10,Autumn,1,0,1,미라시아,코카콜라
2023-10-02,3,10,Autumn,0,1,1,미라시아,코카콜라
2023-10-03,0,10,Autumn,0,1,1,미라시아,코카콜라
2023-10-04,0,10,Autumn,0,0,0,미라시아,코카콜라
2023-10-05,1,10,Autumn,0,0,0,미라시아,코카콜라
2023-10-06,2,10,Autumn,0,0,0,미라시아,코카콜라
2023-10-07,6,10,Autumn,1,0,1,미라시아,코카콜라
2023-10-08,1,10,Autumn,1,0,1,미라시아,코카콜라
2023-10-09,2,10,Autumn,0,1,1,미라시아,코카콜라
2023-10-10,1,10,Autumn,0,0,0,미라시아,코카콜라
2023-10-11,2,10,Autumn,0,0,0,미라시아,코카콜라
2023-10-12,0,10,Autumn,0,0,0,미라시아,코카콜라
2023-10-13,3,10,Autumn,0,0,0,미라시아,코카콜라
2023-10-14,1,10,Autumn,1,0,1,미라시아,코카콜라
2023-10-15,2,10,Autumn,1,0,1,미라시아,코카콜라
2023-10-16,0,10,Autumn,0,0,0,미라시아,코카콜라
2023-10-17,6,10,Autumn,0,0,0,미라시아,코카콜라
2023-10-18,0,10,Autumn,0,0,0,미라시아,코카콜라
2023-10-19,0,10,Autumn,0,0,0,미라시아,코카콜라
2023-10-20,1,10,Autumn,0,0,0,미라시아,코카콜라
2023-10-21,3,10,Autumn,1,0,1,미라시아,코카콜라
2023-10-22,0,10,Autumn,1,0,1,미라시아,코카콜라
2023-10-23,1,10,Autumn,0,0,0,미라시아,코카콜라
2023-10-24,0,10,Autumn,0,0,0,미라시아,코카콜라
2023-10-25,0,10,Autumn,0,0,0,미라시아,코카콜라
2023-10-26,5,10,Autumn,0,0,0,미라시아,코카콜라
2023-10-27,0,10,Autumn,0,0,0,미라시아,코카콜라
2023-10-28,3,10,Autumn,1,0,1,미라시아,코카콜라
2023-10-29,3,10,Autumn,1,0,1,미라시아,코카콜라
2023-10-30,2,10,Autumn,0,0,0,미라시아,코카콜라
2023-10-31,3,10,Autumn,0,0,0,미라시아,코카콜라
2023-11-01,2,11,Autumn,0,0,0,미라시아,코카콜라
2023-11-02,5,11,Autumn,0,0,0,미라시아,코카콜라
2023-11-03,4,11,Autumn,0,0,0,미라시아,코카콜라
2023-11-04,1,11,Autumn,1,0,1,미라시아,코카콜라
2023-11-05,3,11,Autumn,1,0,1,미라시아,코카콜라
2023-11-06,2,11,Autumn,0,0,0,미라시아,코카콜라
2023-11-07,1,11,Autumn,0,0,0,미라시아,코카콜라
2023-11-08,0,11,Autumn,0,0,0,미라시아,코카콜라
2023-11-09,0,11,Autumn,0,0,0,미라시아,코카콜라
2023-11-10,2,11,Autumn,0,0,0,미라시아,코카콜라
2023-11-11,0,11,Autumn,1,0,1,미라시아,코카콜라
2023-11-12,7,11,Autumn,1,0,1,미라시아,코카콜라
2023-11-13,3,11,Autumn,0,0,0,미라시아,코카콜라
2023-11-14,1,11,Autumn,0,0,0,미라시아,코카콜라
2023-11-15,2,11,Autumn,0,0,0,미라시아,코카콜라
2023-11-16,0,11,Autumn,0,0,0,미라시아,코카콜라
2023-11-17,3,11,Autumn,0,0,0,미라시아,코카콜라
2023-11-18,2,11,Autumn,1,0,1,미라시아,코카콜라
2023-11-19,6,11,Autumn,1,0,1,미라시아,코카콜라
2023-11-20,2,11,Autumn,0,0,0,미라시아,코카콜라
2023-11-21,0,11,Autumn,0,0,0,미라시아,코카콜라
2023-11-22,0,11,Autumn,0,0,0,미라시아,코카콜라
2023-11-23,2,11,Autumn,0,0,0,미라시아,코카콜라
2023-11-24,3,11,Autumn,0,0,0,미라시아,코카콜라
2023-11-25,5,11,Autumn,1,0,1,미라시아,코카콜라
2023-11-26,2,11,Autumn,1,0,1,미라시아,코카콜라
2023-11-27,0,11,Autumn,0,0,0,미라시아,코카콜라
2023-11-28,0,11,Autumn,0,0,0,미라시아,코카콜라
2023-11-29,0,11,Autumn,0,0,0,미라시아,코카콜라
2023-11-30,1,11,Autumn,0,0,0,미라시아,코카콜라
2023-12-01,1,12,Winter,0,0,0,미라시아,코카콜라
2023-12-02,4,12,Winter,1,0,1,미라시아,코카콜라
2023-12-03,0,12,Winter,1,0,1,미라시아,코카콜라
2023-12-04,2,12,Winter,0,0,0,미라시아,코카콜라
2023-12-05,0,12,Winter,0,0,0,미라시아,코카콜라
2023-12-06,0,12,Winter,0,0,0,미라시아,코카콜라
2023-12-07,0,12,Winter,0,0,0,미라시아,코카콜라
2023-12-08,0,12,Winter,0,0,0,미라시아,코카콜라
2023-12-09,6,12,Winter,1,0,1,미라시아,코카콜라
2023-12-10,1,12,Winter,1,0,1,미라시아,코카콜라
2023-12-11,2,12,Winter,0,0,0,미라시아,코카콜라
2023-12-12,2,12,Winter,0,0,0,미라시아,코카콜라
2023-12-13,0,12,Winter,0,0,0,미라시아,코카콜라
2023-12-14,0,12,Winter,0,0,0,미라시아,코카콜라
2023-12-15,8,12,Winter,0,0,0,미라시아,코카콜라
2023-12-16,5,12,Winter,1,0,1,미라시아,코카콜라
2023-12-17,1,12,Winter,1,0,1,미라시아,코카콜라
2023-12-18,18,12,Winter,0,0,0,미라시아,코카콜라
2023-12-19,0,12,Winter,0,0,0,미라시아,코카콜라
2023-12-20,6,12,Winter,0,0,0,미라시아,코카콜라
2023-12-21,0,12,Winter,0,0,0,미라시아,코카콜라
2023-12-22,6,12,Winter,0,0,0,미라시아,코카콜라
2023-12-23,17,12,Winter,1,0,1,미라시아,코카콜라
2023-12-24,8,12,Winter,1,0,1,미라시아,코카콜라
2023-12-25,3,12,Winter,0,1,1,미라시아,코카콜라
2023-12-26,0,12,Winter,0,0,0,미라시아,코카콜라
2023-12-27,1,12,Winter,0,0,0,미라시아,코카콜라
2023-12-28,5,12,Winter,0,0,0,미라시아,코카콜라
2023-12-29,1,12,Winter,0,0,0,미라시아,코카콜라
2023-12-30,6,12,Winter,1,0,1,미라시아,코카콜라
2023-12-31,6,12,Winter,1,0,1,미라시아,코카콜라
2024-01-01,4,1,Winter,0,1,1,미라시아,코카콜라
2024-01-02,7,1,Winter,0,0,0,미라시아,코카콜라
2024-01-03,7,1,Winter,0,0,0,미라시아,코카콜라
2024-01-04,8,1,Winter,0,0,0,미라시아,코카콜라
2024-01-05,0,1,Winter,0,0,0,미라시아,코카콜라
2024-01-06,4,1,Winter,1,0,1,미라시아,코카콜라
2024-01-07,5,1,Winter,1,0,1,미라시아,코카콜라
2024-01-08,3,1,Winter,0,0,0,미라시아,코카콜라
2024-01-09,2,1,Winter,0,0,0,미라시아,코카콜라
2024-01-10,0,1,Winter,0,0,0,미라시아,코카콜라
2024-01-11,0,1,Winter,0,0,0,미라시아,코카콜라
2024-01-12,0,1,Winter,0,0,0,미라시아,코카콜라
2024-01-13,4,1,Winter,1,0,1,미라시아,코카콜라
2024-01-14,6,1,Winter,1,0,1,미라시아,코카콜라
2024-01-15,2,1,Winter,0,0,0,미라시아,코카콜라
2024-01-16,4,1,Winter,0,0,0,미라시아,코카콜라
2024-01-17,2,1,Winter,0,0,0,미라시아,코카콜라
2024-01-18,5,1,Winter,0,0,0,미라시아,코카콜라
2024-01-19,1,1,Winter,0,0,0,미라시아,코카콜라
2024-01-20,3,1,Winter,1,0,1,미라시아,코카콜라
2024-01-21,1,1,Winter,1,0,1,미라시아,코카콜라
2024-01-22,0,1,Winter,0,0,0,미라시아,코카콜라
2024-01-23,8,1,Winter,0,0,0,미라시아,코카콜라
2024-01-24,3,1,Winter,0,0,0,미라시아,코카콜라
2024-01-25,13,1,Winter,0,0,0,미라시아,코카콜라
2024-01-26,1,1,Winter,0,0,0,미라시아,코카콜라
2024-01-27,2,1,Winter,1,0,1,미라시아,코카콜라
2024-01-28,9,1,Winter,1,0,1,미라시아,코카콜라
2024-01-29,2,1,Winter,0,0,0,미라시아,코카콜라
2024-01-30,1,1,Winter,0,0,0,미라시아,코카콜라
2024-01-31,3,1,Winter,0,0,0,미라시아,코카콜라
2024-02-01,2,2,Winter,0,0,0,미라시아,코카콜라
2024-02-02,0,2,Winter,0,0,0,미라시아,코카콜라
2024-02-03,5,2,Winter,1,0,1,미라시아,코카콜라
2024-02-04,6,2,Winter,1,0,1,미라시아,코카콜라
2024-02-05,7,2,Winter,0,0,0,미라시아,코카콜라
2024-02-06,1,2,Winter,0,0,0,미라시아,코카콜라
2024-02-07,2,2,Winter,0,0,0,미라시아,코카콜라
2024-02-08,1,2,Winter,0,0,0,미라시아,코카콜라
2024-02-09,1,2,Winter,0,1,1,미라시아,코카콜라
2024-02-10,8,2,Winter,1,1,1,미라시아,코카콜라
2024-02-11,13,2,Winter,1,1,1,미라시아,코카콜라
2024-02-12,1,2,Winter,0,1,1,미라시아,코카콜라
2024-02-13,0,2,Winter,0,0,0,미라시아,코카콜라
2024-02-14,2,2,Winter,0,0,0,미라시아,코카콜라
2024-02-15,1,2,Winter,0,0,0,미라시아,코카콜라
2024-02-16,3,2,Winter,0,0,0,미라시아,코카콜라
2024-02-17,6,2,Winter,1,0,1,미라시아,코카콜라
2024-02-18,4,2,Winter,1,0,1,미라시아,코카콜라
2024-02-19,3,2,Winter,0,0,0,미라시아,코카콜라
2024-02-20,1,2,Winter,0,0,0,미라시아,코카콜라
2024-02-21,1,2,Winter,0,0,0,미라시아,코카콜라
2024-02-22,4,2,Winter,0,0,0,미라시아,코카콜라
2024-02-23,3,2,Winter,0,0,0,미라시아,코카콜라
2024-02-24,2,2,Winter,1,0,1,미라시아,코카콜라
2024-02-25,4,2,Winter,1,0,1,미라시아,코카콜라
2024-02-26,1,2,Winter,0,0,0,미라시아,코카콜라
2024-02-27,1,2,Winter,0,0,0,미라시아,코카콜라
2024-02-28,1,2,Winter,0,0,0,미라시아,코카콜라
2024-02-29,4,2,Winter,0,0,0,미라시아,코카콜라
2024-03-01,1,3,Spring,0,1,1,미라시아,코카콜라
2024-03-02,6,3,Spring,1,0,1,미라시아,코카콜라
2024-03-03,0,3,Spring,1,0,1,미라시아,코카콜라
2024-03-04,0,3,Spring,0,0,0,미라시아,코카콜라
2024-03-05,0,3,Spring,0,0,0,미라시아,코카콜라
2024-03-06,0,3,Spring,0,0,0,미라시아,코카콜라
2024-03-07,0,3,Spring,0,0,0,미라시아,코카콜라
2024-03-08,0,3,Spring,0,0,0,미라시아,코카콜라
2024-03-09,0,3,Spring,1,0,1,미라시아,코카콜라
2024-03-10,0,3,Spring,1,0,1,미라시아,코카콜라
2024-03-11,0,3,Spring,0,0,0,미라시아,코카콜라
2024-03-12,0,3,Spring,0,0,0,미라시아,코카콜라
2024-03-13,0,3,Spring,0,0,0,미라시아,코카콜라
2024-03-14,0,3,Spring,0,0,0,미라시아,코카콜라
2024-03-15,0,3,Spring,0,0,0,미라시아,코카콜라
2024-03-16,3,3,Spring,1,0,1,미라시아,코카콜라
2024-03-17,0,3,Spring,1,0,1,미라시아,코카콜라
2024-03-18,0,3,Spring,0,0,0,미라시아,코카콜라
2024-03-19,1,3,Spring,0,0,0,미라시아,코카콜라
2024-03-20,0,3,Spring,0,0,0,미라시아,코카콜라
2024-03-21,0,3,Spring,0,0,0,미라시아,코카콜라
2024-03-22,0,3,Spring,0,0,0,미라시아,코카콜라
2024-03-23,3,3,Spring,1,0,1,미라시아,코카콜라
2024-03-24,0,3,Spring,1,0,1,미라시아,코카콜라
2024-03-25,0,3,Spring,0,0,0,미라시아,코카콜라
2024-03-26,0,3,Spring,0,0,0,미라시아,코카콜라
2024-03-27,0,3,Spring,0,0,0,미라시아,코카콜라
2024-03-28,0,3,Spring,0,0,0,미라시아,코카콜라
2024-03-29,0,3,Spring,0,0,0,미라시아,코카콜라
2024-03-30,1,3,Spring,1,0,1,미라시아,코카콜라
2024-03-31,2,3,Spring,1,0,1,미라시아,코카콜라
2024-04-01,0,4,Spring,0,0,0,미라시아,코카콜라
2024-04-02,0,4,Spring,0,0,0,미라시아,코카콜라
2024-04-03,0,4,Spring,0,0,0,미라시아,코카콜라
2024-04-04,1,4,Spring,0,0,0,미라시아,코카콜라
2024-04-05,2,4,Spring,0,0,0,미라시아,코카콜라
2024-04-06,6,4,Spring,1,0,1,미라시아,코카콜라
2024-04-07,0,4,Spring,1,0,1,미라시아,코카콜라
2024-04-08,0,4,Spring,0,0,0,미라시아,코카콜라
2024-04-09,3,4,Spring,0,0,0,미라시아,코카콜라
2024-04-10,1,4,Spring,0,1,1,미라시아,코카콜라
2024-04-11,2,4,Spring,0,0,0,미라시아,코카콜라
2024-04-12,0,4,Spring,0,0,0,미라시아,코카콜라
2024-04-13,1,4,Spring,1,0,1,미라시아,코카콜라
2024-04-14,0,4,Spring,1,0,1,미라시아,코카콜라
2024-04-15,0,4,Spring,0,0,0,미라시아,코카콜라
2024-04-16,0,4,Spring,0,0,0,미라시아,코카콜라
2024-04-17,0,4,Spring,0,0,0,미라시아,코카콜라
2024-04-18,0,4,Spring,0,0,0,미라시아,코카콜라
2024-04-19,3,4,Spring,0,0,0,미라시아,코카콜라
2024-04-20,0,4,Spring,1,0,1,미라시아,코카콜라
2024-04-21,3,4,Spring,1,0,1,미라시아,코카콜라
2024-04-22,0,4,Spring,0,0,0,미라시아,코카콜라
2024-04-23,0,4,Spring,0,0,0,미라시아,코카콜라
2024-04-24,1,4,Spring,0,0,0,미라시아,코카콜라
2024-04-25,1,4,Spring,0,0,0,미라시아,코카콜라
2024-04-26,3,4,Spring,0,0,0,미라시아,코카콜라
2024-04-27,4,4,Spring,1,0,1,미라시아,코카콜라
2024-04-28,3,4,Spring,1,0,1,미라시아,코카콜라
2024-04-29,1,4,Spring,0,0,0,미라시아,코카콜라
2024-04-30,1,4,Spring,0,0,0,미라시아,코카콜라
2024-05-01,0,5,Spring,0,0,0,미라시아,코카콜라
2024-05-02,0,5,Spring,0,0,0,미라시아,코카콜라
2024-05-03,2,5,Spring,0,0,0,미라시아,코카콜라
2024-05-04,3,5,Spring,1,0,1,미라시아,코카콜라
2024-05-05,5,5,Spring,1,1,1,미라시아,코카콜라
2024-05-06,0,5,Spring,0,1,1,미라시아,코카콜라
2024-05-07,0,5,Spring,0,0,0,미라시아,코카콜라
2024-05-08,0,5,Spring,0,0,0,미라시아,코카콜라
2024-05-09,0,5,Spring,0,0,0,미라시아,코카콜라
2024-05-10,0,5,Spring,0,0,0,미라시아,코카콜라
2024-05-11,1,5,Spring,1,0,1,미라시아,코카콜라
2024-05-12,1,5,Spring,1,0,1,미라시아,코카콜라
2024-05-13,2,5,Spring,0,0,0,미라시아,코카콜라
2024-05-14,0,5,Spring,0,0,0,미라시아,코카콜라
2024-05-15,2,5,Spring,0,1,1,미라시아,코카콜라
2024-05-16,1,5,Spring,0,0,0,미라시아,코카콜라
2024-05-17,0,5,Spring,0,0,0,미라시아,코카콜라
2024-05-18,2,5,Spring,1,0,1,미라시아,코카콜라
2024-05-19,1,5,Spring,1,0,1,미라시아,코카콜라
2024-05-20,1,5,Spring,0,0,0,미라시아,코카콜라
2024-05-21,0,5,Spring,0,0,0,미라시아,코카콜라
2024-05-22,3,5,Spring,0,0,0,미라시아,코카콜라
2024-05-23,0,5,Spring,0,0,0,미라시아,코카콜라
2024-05-24,3,5,Spring,0,0,0,미라시아,코카콜라
2024-05-25,3,5,Spring,1,0,1,미라시아,코카콜라
2024-05-26,0,5,Spring,1,0,1,미라시아,코카콜라
2024-05-27,0,5,Spring,0,0,0,미라시아,코카콜라
2024-05-28,0,5,Spring,0,0,0,미라시아,코카콜라
2024-05-29,0,5,Spring,0,0,0,미라시아,코카콜라
2024-05-30,2,5,Spring,0,0,0,미라시아,코카콜라
2024-05-31,0,5,Spring,0,0,0,미라시아,코카콜라
2024-06-01,2,6,Summer,1,0,1,미라시아,코카콜라
2024-06-02,0,6,Summer,1,0,1,미라시아,코카콜라
2024-06-03,0,6,Summer,0,0,0,미라시아,코카콜라
2024-06-04,0,6,Summer,0,0,0,미라시아,코카콜라
2024-06-05,1,6,Summer,0,0,0,미라시아,코카콜라
2024-06-06,7,6,Summer,0,1,1,미라시아,코카콜라
2024-06-07,1,6,Summer,0,0,0,미라시아,코카콜라
2024-06-08,1,6,Summer,1,0,1,미라시아,코카콜라
2024-06-09,0,6,Summer,1,0,1,미라시아,코카콜라
2024-06-10,2,6,Summer,0,0,0,미라시아,코카콜라
2024-06-11,1,6,Summer,0,0,0,미라시아,코카콜라
2024-06-12,1,6,Summer,0,0,0,미라시아,코카콜라
2024-06-13,0,6,Summer,0,0,0,미라시아,코카콜라
2024-06-14,0,6,Summer,0,0,0,미라시아,코카콜라
2024-06-15,4,6,Summer,1,0,1,미라시아,코카콜라
2023-01-01,0,1,Winter,1,1,1,미라시아,코카콜라(제로)
2023-01-02,0,1,Winter,0,0,0,미라시아,코카콜라(제로)
2023-01-03,0,1,Winter,0,0,0,미라시아,코카콜라(제로)
2023-01-04,0,1,Winter,0,0,0,미라시아,코카콜라(제로)
2023-01-05,0,1,Winter,0,0,0,미라시아,코카콜라(제로)
2023-01-06,0,1,Winter,0,0,0,미라시아,코카콜라(제로)
2023-01-07,0,1,Winter,1,0,1,미라시아,코카콜라(제로)
2023-01-08,0,1,Winter,1,0,1,미라시아,코카콜라(제로)
2023-01-09,0,1,Winter,0,0,0,미라시아,코카콜라(제로)
2023-01-10,0,1,Winter,0,0,0,미라시아,코카콜라(제로)
2023-01-11,0,1,Winter,0,0,0,미라시아,코카콜라(제로)
2023-01-12,0,1,Winter,0,0,0,미라시아,코카콜라(제로)
2023-01-13,0,1,Winter,0,0,0,미라시아,코카콜라(제로)
2023-01-14,0,1,Winter,1,0,1,미라시아,코카콜라(제로)
2023-01-15,0,1,Winter,1,0,1,미라시아,코카콜라(제로)
2023-01-16,0,1,Winter,0,0,0,미라시아,코카콜라(제로)
2023-01-17,0,1,Winter,0,0,0,미라시아,코카콜라(제로)
2023-01-18,0,1,Winter,0,0,0,미라시아,코카콜라(제로)
2023-01-19,0,1,Winter,0,0,0,미라시아,코카콜라(제로)
2023-01-20,0,1,Winter,0,0,0,미라시아,코카콜라(제로)
2023-01-21,0,1,Winter,1,1,1,미라시아,코카콜라(제로)
2023-01-22,0,1,Winter,1,1,1,미라시아,코카콜라(제로)
2023-01-23,0,1,Winter,0,1,1,미라시아,코카콜라(제로)
2023-01-24,0,1,Winter,0,1,1,미라시아,코카콜라(제로)
2023-01-25,0,1,Winter,0,0,0,미라시아,코카콜라(제로)
2023-01-26,0,1,Winter,0,0,0,미라시아,코카콜라(제로)
2023-01-27,0,1,Winter,0,0,0,미라시아,코카콜라(제로)
2023-01-28,0,1,Winter,1,0,1,미라시아,코카콜라(제로)
2023-01-29,0,1,Winter,1,0,1,미라시아,코카콜라(제로)
2023-01-30,0,1,Winter,0,0,0,미라시아,코카콜라(제로)
2023-01-31,0,1,Winter,0,0,0,미라시아,코카콜라(제로)
2023-02-01,0,2,Winter,0,0,0,미라시아,코카콜라(제로)
2023-02-02,0,2,Winter,0,0,0,미라시아,코카콜라(제로)
2023-02-03,0,2,Winter,0,0,0,미라시아,코카콜라(제로)
2023-02-04,0,2,Winter,1,0,1,미라시아,코카콜라(제로)
2023-02-05,0,2,Winter,1,0,1,미라시아,코카콜라(제로)
2023-02-06,0,2,Winter,0,0,0,미라시아,코카콜라(제로)
2023-02-07,0,2,Winter,0,0,0,미라시아,코카콜라(제로)
2023-02-08,0,2,Winter,0,0,0,미라시아,코카콜라(제로)
2023-02-09,0,2,Winter,0,0,0,미라시아,코카콜라(제로)
2023-02-10,0,2,Winter,0,0,0,미라시아,코카콜라(제로)
2023-02-11,0,2,Winter,1,0,1,미라시아,코카콜라(제로)
2023-02-12,0,2,Winter,1,0,1,미라시아,코카콜라(제로)
2023-02-13,0,2,Winter,0,0,0,미라시아,코카콜라(제로)
2023-02-14,0,2,Winter,0,0,0,미라시아,코카콜라(제로)
2023-02-15,0,2,Winter,0,0,0,미라시아,코카콜라(제로)
2023-02-16,0,2,Winter,0,0,0,미라시아,코카콜라(제로)
2023-02-17,0,2,Winter,0,0,0,미라시아,코카콜라(제로)
2023-02-18,0,2,Winter,1,0,1,미라시아,코카콜라(제로)
2023-02-19,0,2,Winter,1,0,1,미라시아,코카콜라(제로)
2023-02-20,0,2,Winter,0,0,0,미라시아,코카콜라(제로)
2023-02-21,0,2,Winter,0,0,0,미라시아,코카콜라(제로)
2023-02-22,0,2,Winter,0,0,0,미라시아,코카콜라(제로)
2023-02-23,0,2,Winter,0,0,0,미라시아,코카콜라(제로)
2023-02-24,0,2,Winter,0,0,0,미라시아,코카콜라(제로)
2023-02-25,0,2,Winter,1,0,1,미라시아,코카콜라(제로)
2023-02-26,0,2,Winter,1,0,1,미라시아,코카콜라(제로)
2023-02-27,0,2,Winter,0,0,0,미라시아,코카콜라(제로)
2023-02-28,0,2,Winter,0,0,0,미라시아,코카콜라(제로)
2023-03-01,0,3,Spring,0,1,1,미라시아,코카콜라(제로)
2023-03-02,0,3,Spring,0,0,0,미라시아,코카콜라(제로)
2023-03-03,0,3,Spring,0,0,0,미라시아,코카콜라(제로)
2023-03-04,0,3,Spring,1,0,1,미라시아,코카콜라(제로)
2023-03-05,0,3,Spring,1,0,1,미라시아,코카콜라(제로)
2023-03-06,0,3,Spring,0,0,0,미라시아,코카콜라(제로)
2023-03-07,0,3,Spring,0,0,0,미라시아,코카콜라(제로)
2023-03-08,0,3,Spring,0,0,0,미라시아,코카콜라(제로)
2023-03-09,0,3,Spring,0,0,0,미라시아,코카콜라(제로)
2023-03-10,0,3,Spring,0,0,0,미라시아,코카콜라(제로)
2023-03-11,0,3,Spring,1,0,1,미라시아,코카콜라(제로)
2023-03-12,0,3,Spring,1,0,1,미라시아,코카콜라(제로)
2023-03-13,0,3,Spring,0,0,0,미라시아,코카콜라(제로)
2023-03-14,0,3,Spring,0,0,0,미라시아,코카콜라(제로)
2023-03-15,0,3,Spring,0,0,0,미라시아,코카콜라(제로)
2023-03-16,0,3,Spring,0,0,0,미라시아,코카콜라(제로)
2023-03-17,0,3,Spring,0,0,0,미라시아,코카콜라(제로)
2023-03-18,0,3,Spring,1,0,1,미라시아,코카콜라(제로)
2023-03-19,0,3,Spring,1,0,1,미라시아,코카콜라(제로)
2023-03-20,0,3,Spring,0,0,0,미라시아,코카콜라(제로)
2023-03-21,0,3,Spring,0,0,0,미라시아,코카콜라(제로)
2023-03-22,0,3,Spring,0,0,0,미라시아,코카콜라(제로)
2023-03-23,0,3,Spring,0,0,0,미라시아,코카콜라(제로)
2023-03-24,0,3,Spring,0,0,0,미라시아,코카콜라(제로)
2023-03-25,0,3,Spring,1,0,1,미라시아,코카콜라(제로)
2023-03-26,0,3,Spring,1,0,1,미라시아,코카콜라(제로)
2023-03-27,0,3,Spring,0,0,0,미라시아,코카콜라(제로)
2023-03-28,0,3,Spring,0,0,0,미라시아,코카콜라(제로)
2023-03-29,0,3,Spring,0,0,0,미라시아,코카콜라(제로)
2023-03-30,0,3,Spring,0,0,0,미라시아,코카콜라(제로)
2023-03-31,0,3,Spring,0,0,0,미라시아,코카콜라(제로)
2023-04-01,0,4,Spring,1,0,1,미라시아,코카콜라(제로)
2023-04-02,0,4,Spring,1,0,1,미라시아,코카콜라(제로)
2023-04-03,0,4,Spring,0,0,0,미라시아,코카콜라(제로)
2023-04-04,0,4,Spring,0,0,0,미라시아,코카콜라(제로)
2023-04-05,0,4,Spring,0,0,0,미라시아,코카콜라(제로)
2023-04-06,0,4,Spring,0,0,0,미라시아,코카콜라(제로)
2023-04-07,0,4,Spring,0,0,0,미라시아,코카콜라(제로)
2023-04-08,0,4,Spring,1,0,1,미라시아,코카콜라(제로)
2023-04-09,0,4,Spring,1,0,1,미라시아,코카콜라(제로)
2023-04-10,0,4,Spring,0,0,0,미라시아,코카콜라(제로)
2023-04-11,0,4,Spring,0,0,0,미라시아,코카콜라(제로)
2023-04-12,0,4,Spring,0,0,0,미라시아,코카콜라(제로)
2023-04-13,0,4,Spring,0,0,0,미라시아,코카콜라(제로)
2023-04-14,0,4,Spring,0,0,0,미라시아,코카콜라(제로)
2023-04-15,0,4,Spring,1,0,1,미라시아,코카콜라(제로)
2023-04-16,0,4,Spring,1,0,1,미라시아,코카콜라(제로)
2023-04-17,0,4,Spring,0,0,0,미라시아,코카콜라(제로)
2023-04-18,0,4,Spring,0,0,0,미라시아,코카콜라(제로)
2023-04-19,0,4,Spring,0,0,0,미라시아,코카콜라(제로)
2023-04-20,0,4,Spring,0,0,0,미라시아,코카콜라(제로)
2023-04-21,0,4,Spring,0,0,0,미라시아,코카콜라(제로)
2023-04-22,0,4,Spring,1,0,1,미라시아,코카콜라(제로)
2023-04-23,0,4,Spring,1,0,1,미라시아,코카콜라(제로)
2023-04-24,0,4,Spring,0,0,0,미라시아,코카콜라(제로)
2023-04-25,0,4,Spring,0,0,0,미라시아,코카콜라(제로)
2023-04-26,0,4,Spring,0,0,0,미라시아,코카콜라(제로)
2023-04-27,0,4,Spring,0,0,0,미라시아,코카콜라(제로)
2023-04-28,0,4,Spring,0,0,0,미라시아,코카콜라(제로)
2023-04-29,0,4,Spring,1,0,1,미라시아,코카콜라(제로)
2023-04-30,0,4,Spring,1,0,1,미라시아,코카콜라(제로)
2023-05-01,0,5,Spring,0,0,0,미라시아,코카콜라(제로)
2023-05-02,0,5,Spring,0,0,0,미라시아,코카콜라(제로)
2023-05-03,0,5,Spring,0,0,0,미라시아,코카콜라(제로)
2023-05-04,0,5,Spring,0,0,0,미라시아,코카콜라(제로)
2023-05-05,0,5,Spring,0,1,1,미라시아,코카콜라(제로)
2023-05-06,0,5,Spring,1,0,1,미라시아,코카콜라(제로)
2023-05-07,0,5,Spring,1,0,1,미라시아,코카콜라(제로)
2023-05-08,0,5,Spring,0,0,0,미라시아,코카콜라(제로)
2023-05-09,0,5,Spring,0,0,0,미라시아,코카콜라(제로)
2023-05-10,0,5,Spring,0,0,0,미라시아,코카콜라(제로)
2023-05-11,0,5,Spring,0,0,0,미라시아,코카콜라(제로)
2023-05-12,0,5,Spring,0,0,0,미라시아,코카콜라(제로)
2023-05-13,0,5,Spring,1,0,1,미라시아,코카콜라(제로)
2023-05-14,0,5,Spring,1,0,1,미라시아,코카콜라(제로)
2023-05-15,0,5,Spring,0,0,0,미라시아,코카콜라(제로)
2023-05-16,0,5,Spring,0,0,0,미라시아,코카콜라(제로)
2023-05-17,0,5,Spring,0,0,0,미라시아,코카콜라(제로)
2023-05-18,0,5,Spring,0,0,0,미라시아,코카콜라(제로)
2023-05-19,0,5,Spring,0,0,0,미라시아,코카콜라(제로)
2023-05-20,0,5,Spring,1,0,1,미라시아,코카콜라(제로)
2023-05-21,0,5,Spring,1,0,1,미라시아,코카콜라(제로)
2023-05-22,0,5,Spring,0,0,0,미라시아,코카콜라(제로)
2023-05-23,0,5,Spring,0,0,0,미라시아,코카콜라(제로)
2023-05-24,0,5,Spring,0,0,0,미라시아,코카콜라(제로)
2023-05-25,0,5,Spring,0,0,0,미라시아,코카콜라(제로)
2023-05-26,0,5,Spring,0,0,0,미라시아,코카콜라(제로)
2023-05-27,0,5,Spring,1,1,1,미라시아,코카콜라(제로)
2023-05-28,0,5,Spring,1,0,1,미라시아,코카콜라(제로)
2023-05-29,0,5,Spring,0,1,1,미라시아,코카콜라(제로)
2023-05-30,0,5,Spring,0,0,0,미라시아,코카콜라(제로)
2023-05-31,0,5,Spring,0,0,0,미라시아,코카콜라(제로)
2023-06-01,0,6,Summer,0,0,0,미라시아,코카콜라(제로)
2023-06-02,0,6,Summer,0,0,0,미라시아,코카콜라(제로)
2023-06-03,0,6,Summer,1,0,1,미라시아,코카콜라(제로)
2023-06-04,0,6,Summer,1,0,1,미라시아,코카콜라(제로)
2023-06-05,0,6,Summer,0,0,0,미라시아,코카콜라(제로)
2023-06-06,0,6,Summer,0,1,1,미라시아,코카콜라(제로)
2023-06-07,0,6,Summer,0,0,0,미라시아,코카콜라(제로)
2023-06-08,0,6,Summer,0,0,0,미라시아,코카콜라(제로)
2023-06-09,0,6,Summer,0,0,0,미라시아,코카콜라(제로)
2023-06-10,0,6,Summer,1,0,1,미라시아,코카콜라(제로)
2023-06-11,0,6,Summer,1,0,1,미라시아,코카콜라(제로)
2023-06-12,1,6,Summer,0,0,0,미라시아,코카콜라(제로)
2023-06-13,0,6,Summer,0,0,0,미라시아,코카콜라(제로)
2023-06-14,0,6,Summer,0,0,0,미라시아,코카콜라(제로)
2023-06-15,0,6,Summer,0,0,0,미라시아,코카콜라(제로)
2023-06-16,2,6,Summer,0,0,0,미라시아,코카콜라(제로)
2023-06-17,2,6,Summer,1,0,1,미라시아,코카콜라(제로)
2023-06-18,0,6,Summer,1,0,1,미라시아,코카콜라(제로)
2023-06-19,0,6,Summer,0,0,0,미라시아,코카콜라(제로)
2023-06-20,0,6,Summer,0,0,0,미라시아,코카콜라(제로)
2023-06-21,3,6,Summer,0,0,0,미라시아,코카콜라(제로)
2023-06-22,0,6,Summer,0,0,0,미라시아,코카콜라(제로)
2023-06-23,1,6,Summer,0,0,0,미라시아,코카콜라(제로)
2023-06-24,1,6,Summer,1,0,1,미라시아,코카콜라(제로)
2023-06-25,0,6,Summer,1,0,1,미라시아,코카콜라(제로)
2023-06-26,0,6,Summer,0,0,0,미라시아,코카콜라(제로)
2023-06-27,0,6,Summer,0,0,0,미라시아,코카콜라(제로)
2023-06-28,1,6,Summer,0,0,0,미라시아,코카콜라(제로)
2023-06-29,0,6,Summer,0,0,0,미라시아,코카콜라(제로)
2023-06-30,1,6,Summer,0,0,0,미라시아,코카콜라(제로)
2023-07-01,4,7,Summer,1,0,1,미라시아,코카콜라(제로)
2023-07-02,0,7,Summer,1,0,1,미라시아,코카콜라(제로)
2023-07-03,0,7,Summer,0,0,0,미라시아,코카콜라(제로)
2023-07-04,0,7,Summer,0,0,0,미라시아,코카콜라(제로)
2023-07-05,0,7,Summer,0,0,0,미라시아,코카콜라(제로)
2023-07-06,0,7,Summer,0,0,0,미라시아,코카콜라(제로)
2023-07-07,1,7,Summer,0,0,0,미라시아,코카콜라(제로)
2023-07-08,1,7,Summer,1,0,1,미라시아,코카콜라(제로)
2023-07-09,0,7,Summer,1,0,1,미라시아,코카콜라(제로)
2023-07-10,0,7,Summer,0,0,0,미라시아,코카콜라(제로)
2023-07-11,1,7,Summer,0,0,0,미라시아,코카콜라(제로)
2023-07-12,0,7,Summer,0,0,0,미라시아,코카콜라(제로)
2023-07-13,0,7,Summer,0,0,0,미라시아,코카콜라(제로)
2023-07-14,1,7,Summer,0,0,0,미라시아,코카콜라(제로)
2023-07-15,3,7,Summer,1,0,1,미라시아,코카콜라(제로)
2023-07-16,0,7,Summer,1,0,1,미라시아,코카콜라(제로)
2023-07-17,2,7,Summer,0,0,0,미라시아,코카콜라(제로)
2023-07-18,0,7,Summer,0,0,0,미라시아,코카콜라(제로)
2023-07-19,3,7,Summer,0,0,0,미라시아,코카콜라(제로)
2023-07-20,0,7,Summer,0,0,0,미라시아,코카콜라(제로)
2023-07-21,0,7,Summer,0,0,0,미라시아,코카콜라(제로)
2023-07-22,4,7,Summer,1,0,1,미라시아,코카콜라(제로)
2023-07-23,0,7,Summer,1,0,1,미라시아,코카콜라(제로)
2023-07-24,2,7,Summer,0,0,0,미라시아,코카콜라(제로)
2023-07-25,0,7,Summer,0,0,0,미라시아,코카콜라(제로)
2023-07-26,2,7,Summer,0,0,0,미라시아,코카콜라(제로)
2023-07-27,4,7,Summer,0,0,0,미라시아,코카콜라(제로)
2023-07-28,2,7,Summer,0,0,0,미라시아,코카콜라(제로)
2023-07-29,2,7,Summer,1,0,1,미라시아,코카콜라(제로)
2023-07-30,0,7,Summer,1,0,1,미라시아,코카콜라(제로)
2023-07-31,0,7,Summer,0,0,0,미라시아,코카콜라(제로)
2023-08-01,3,8,Summer,0,0,0,미라시아,코카콜라(제로)
2023-08-02,3,8,Summer,0,0,0,미라시아,코카콜라(제로)
2023-08-03,1,8,Summer,0,0,0,미라시아,코카콜라(제로)
2023-08-04,0,8,Summer,0,0,0,미라시아,코카콜라(제로)
2023-08-05,4,8,Summer,1,0,1,미라시아,코카콜라(제로)
2023-08-06,2,8,Summer,1,0,1,미라시아,코카콜라(제로)
2023-08-07,2,8,Summer,0,0,0,미라시아,코카콜라(제로)
2023-08-08,4,8,Summer,0,0,0,미라시아,코카콜라(제로)
2023-08-09,0,8,Summer,0,0,0,미라시아,코카콜라(제로)
2023-08-10,2,8,Summer,0,0,0,미라시아,코카콜라(제로)
2023-08-11,0,8,Summer,0,0,0,미라시아,코카콜라(제로)
2023-08-12,0,8,Summer,1,0,1,미라시아,코카콜라(제로)
2023-08-13,4,8,Summer,1,0,1,미라시아,코카콜라(제로)
2023-08-14,1,8,Summer,0,0,0,미라시아,코카콜라(제로)
2023-08-15,3,8,Summer,0,1,1,미라시아,코카콜라(제로)
2023-08-16,0,8,Summer,0,0,0,미라시아,코카콜라(제로)
2023-08-17,0,8,Summer,0,0,0,미라시아,코카콜라(제로)
2023-08-18,1,8,Summer,0,0,0,미라시아,코카콜라(제로)
2023-08-19,3,8,Summer,1,0,1,미라시아,코카콜라(제로)
2023-08-20,3,8,Summer,1,0,1,미라시아,코카콜라(제로)
2023-08-21,4,8,Summer,0,0,0,미라시아,코카콜라(제로)
2023-08-22,0,8,Summer,0,0,0,미라시아,코카콜라(제로)
2023-08-23,0,8,Summer,0,0,0,미라시아,코카콜라(제로)
2023-08-24,0,8,Summer,0,0,0,미라시아,코카콜라(제로)
2023-08-25,1,8,Summer,0,0,0,미라시아,코카콜라(제로)
2023-08-26,0,8,Summer,1,0,1,미라시아,코카콜라(제로)
2023-08-27,2,8,Summer,1,0,1,미라시아,코카콜라(제로)
2023-08-28,1,8,Summer,0,0,0,미라시아,코카콜라(제로)
2023-08-29,1,8,Summer,0,0,0,미라시아,코카콜라(제로)
2023-08-30,0,8,Summer,0,0,0,미라시아,코카콜라(제로)
2023-08-31,1,8,Summer,0,0,0,미라시아,코카콜라(제로)
2023-09-01,0,9,Autumn,0,0,0,미라시아,코카콜라(제로)
2023-09-02,0,9,Autumn,1,0,1,미라시아,코카콜라(제로)
2023-09-03,0,9,Autumn,1,0,1,미라시아,코카콜라(제로)
2023-09-04,1,9,Autumn,0,0,0,미라시아,코카콜라(제로)
2023-09-05,0,9,Autumn,0,0,0,미라시아,코카콜라(제로)
2023-09-06,0,9,Autumn,0,0,0,미라시아,코카콜라(제로)
2023-09-07,0,9,Autumn,0,0,0,미라시아,코카콜라(제로)
2023-09-08,10,9,Autumn,0,0,0,미라시아,코카콜라(제로)
2023-09-09,3,9,Autumn,1,0,1,미라시아,코카콜라(제로)
2023-09-10,1,9,Autumn,1,0,1,미라시아,코카콜라(제로)
2023-09-11,1,9,Autumn,0,0,0,미라시아,코카콜라(제로)
2023-09-12,0,9,Autumn,0,0,0,미라시아,코카콜라(제로)
2023-09-13,0,9,Autumn,0,0,0,미라시아,코카콜라(제로)
2023-09-14,1,9,Autumn,0,0,0,미라시아,코카콜라(제로)
2023-09-15,4,9,Autumn,0,0,0,미라시아,코카콜라(제로)
2023-09-16,1,9,Autumn,1,0,1,미라시아,코카콜라(제로)
2023-09-17,1,9,Autumn,1,0,1,미라시아,코카콜라(제로)
2023-09-18,0,9,Autumn,0,0,0,미라시아,코카콜라(제로)
2023-09-19,0,9,Autumn,0,0,0,미라시아,코카콜라(제로)
2023-09-20,0,9,Autumn,0,0,0,미라시아,코카콜라(제로)
2023-09-21,3,9,Autumn,0,0,0,미라시아,코카콜라(제로)
2023-09-22,0,9,Autumn,0,0,0,미라시아,코카콜라(제로)
2023-09-23,3,9,Autumn,1,0,1,미라시아,코카콜라(제로)
2023-09-24,1,9,Autumn,1,0,1,미라시아,코카콜라(제로)
2023-09-25,0,9,Autumn,0,0,0,미라시아,코카콜라(제로)
2023-09-26,0,9,Autumn,0,0,0,미라시아,코카콜라(제로)
2023-09-27,1,9,Autumn,0,0,0,미라시아,코카콜라(제로)
2023-09-28,3,9,Autumn,0,1,1,미라시아,코카콜라(제로)
2023-09-29,3,9,Autumn,0,1,1,미라시아,코카콜라(제로)
2023-09-30,3,9,Autumn,1,1,1,미라시아,코카콜라(제로)
2023-10-01,4,10,Autumn,1,0,1,미라시아,코카콜라(제로)
2023-10-02,5,10,Autumn,0,1,1,미라시아,코카콜라(제로)
2023-10-03,2,10,Autumn,0,1,1,미라시아,코카콜라(제로)
2023-10-04,1,10,Autumn,0,0,0,미라시아,코카콜라(제로)
2023-10-05,0,10,Autumn,0,0,0,미라시아,코카콜라(제로)
2023-10-06,3,10,Autumn,0,0,0,미라시아,코카콜라(제로)
2023-10-07,0,10,Autumn,1,0,1,미라시아,코카콜라(제로)
2023-10-08,2,10,Autumn,1,0,1,미라시아,코카콜라(제로)
2023-10-09,0,10,Autumn,0,1,1,미라시아,코카콜라(제로)
2023-10-10,0,10,Autumn,0,0,0,미라시아,코카콜라(제로)
2023-10-11,0,10,Autumn,0,0,0,미라시아,코카콜라(제로)
2023-10-12,0,10,Autumn,0,0,0,미라시아,코카콜라(제로)
2023-10-13,1,10,Autumn,0,0,0,미라시아,코카콜라(제로)
2023-10-14,1,10,Autumn,1,0,1,미라시아,코카콜라(제로)
2023-10-15,1,10,Autumn,1,0,1,미라시아,코카콜라(제로)
2023-10-16,1,10,Autumn,0,0,0,미라시아,코카콜라(제로)
2023-10-17,13,10,Autumn,0,0,0,미라시아,코카콜라(제로)
2023-10-18,0,10,Autumn,0,0,0,미라시아,코카콜라(제로)
2023-10-19,1,10,Autumn,0,0,0,미라시아,코카콜라(제로)
2023-10-20,2,10,Autumn,0,0,0,미라시아,코카콜라(제로)
2023-10-21,2,10,Autumn,1,0,1,미라시아,코카콜라(제로)
2023-10-22,2,10,Autumn,1,0,1,미라시아,코카콜라(제로)
2023-10-23,0,10,Autumn,0,0,0,미라시아,코카콜라(제로)
2023-10-24,0,10,Autumn,0,0,0,미라시아,코카콜라(제로)
2023-10-25,2,10,Autumn,0,0,0,미라시아,코카콜라(제로)
2023-10-26,4,10,Autumn,0,0,0,미라시아,코카콜라(제로)
2023-10-27,1,10,Autumn,0,0,0,미라시아,코카콜라(제로)
2023-10-28,3,10,Autumn,1,0,1,미라시아,코카콜라(제로)
2023-10-29,4,10,Autumn,1,0,1,미라시아,코카콜라(제로)
2023-10-30,2,10,Autumn,0,0,0,미라시아,코카콜라(제로)
2023-10-31,1,10,Autumn,0,0,0,미라시아,코카콜라(제로)
2023-11-01,0,11,Autumn,0,0,0,미라시아,코카콜라(제로)
2023-11-02,0,11,Autumn,0,0,0,미라시아,코카콜라(제로)
2023-11-03,10,11,Autumn,0,0,0,미라시아,코카콜라(제로)
2023-11-04,0,11,Autumn,1,0,1,미라시아,코카콜라(제로)
2023-11-05,4,11,Autumn,1,0,1,미라시아,코카콜라(제로)
2023-11-06,0,11,Autumn,0,0,0,미라시아,코카콜라(제로)
2023-11-07,0,11,Autumn,0,0,0,미라시아,코카콜라(제로)
2023-11-08,0,11,Autumn,0,0,0,미라시아,코카콜라(제로)
2023-11-09,0,11,Autumn,0,0,0,미라시아,코카콜라(제로)
2023-11-10,0,11,Autumn,0,0,0,미라시아,코카콜라(제로)
2023-11-11,3,11,Autumn,1,0,1,미라시아,코카콜라(제로)
2023-11-12,0,11,Autumn,1,0,1,미라시아,코카콜라(제로)
2023-11-13,0,11,Autumn,0,0,0,미라시아,코카콜라(제로)
2023-11-14,1,11,Autumn,0,0,0,미라시아,코카콜라(제로)
2023-11-15,0,11,Autumn,0,0,0,미라시아,코카콜라(제로)
2023-11-16,0,11,Autumn,0,0,0,미라시아,코카콜라(제로)
2023-11-17,3,11,Autumn,0,0,0,미라시아,코카콜라(제로)
2023-11-18,3,11,Autumn,1,0,1,미라시아,코카콜라(제로)
2023-11-19,0,11,Autumn,1,0,1,미라시아,코카콜라(제로)
2023-11-20,0,11,Autumn,0,0,0,미라시아,코카콜라(제로)
2023-11-21,0,11,Autumn,0,0,0,미라시아,코카콜라(제로)
2023-11-22,0,11,Autumn,0,0,0,미라시아,코카콜라(제로)
2023-11-23,7,11,Autumn,0,0,0,미라시아,코카콜라(제로)
2023-11-24,1,11,Autumn,0,0,0,미라시아,코카콜라(제로)
2023-11-25,2,11,Autumn,1,0,1,미라시아,코카콜라(제로)
2023-11-26,2,11,Autumn,1,0,1,미라시아,코카콜라(제로)
2023-11-27,0,11,Autumn,0,0,0,미라시아,코카콜라(제로)
2023-11-28,0,11,Autumn,0,0,0,미라시아,코카콜라(제로)
2023-11-29,2,11,Autumn,0,0,0,미라시아,코카콜라(제로)
2023-11-30,1,11,Autumn,0,0,0,미라시아,코카콜라(제로)
2023-12-01,0,12,Winter,0,0,0,미라시아,코카콜라(제로)
2023-12-02,2,12,Winter,1,0,1,미라시아,코카콜라(제로)
2023-12-03,0,12,Winter,1,0,1,미라시아,코카콜라(제로)
2023-12-04,0,12,Winter,0,0,0,미라시아,코카콜라(제로)
2023-12-05,0,12,Winter,0,0,0,미라시아,코카콜라(제로)
2023-12-06,0,12,Winter,0,0,0,미라시아,코카콜라(제로)
2023-12-07,0,12,Winter,0,0,0,미라시아,코카콜라(제로)
2023-12-08,1,12,Winter,0,0,0,미라시아,코카콜라(제로)
2023-12-09,0,12,Winter,1,0,1,미라시아,코카콜라(제로)
2023-12-10,0,12,Winter,1,0,1,미라시아,코카콜라(제로)
2023-12-11,0,12,Winter,0,0,0,미라시아,코카콜라(제로)
2023-12-12,0,12,Winter,0,0,0,미라시아,코카콜라(제로)
2023-12-13,0,12,Winter,0,0,0,미라시아,코카콜라(제로)
2023-12-14,9,12,Winter,0,0,0,미라시아,코카콜라(제로)
2023-12-15,1,12,Winter,0,0,0,미라시아,코카콜라(제로)
2023-12-16,3,12,Winter,1,0,1,미라시아,코카콜라(제로)
2023-12-17,0,12,Winter,1,0,1,미라시아,코카콜라(제로)
2023-12-18,2,12,Winter,0,0,0,미라시아,코카콜라(제로)
2023-12-19,0,12,Winter,0,0,0,미라시아,코카콜라(제로)
2023-12-20,3,12,Winter,0,0,0,미라시아,코카콜라(제로)
2023-12-21,2,12,Winter,0,0,0,미라시아,코카콜라(제로)
2023-12-22,4,12,Winter,0,0,0,미라시아,코카콜라(제로)
2023-12-23,2,12,Winter,1,0,1,미라시아,코카콜라(제로)
2023-12-24,5,12,Winter,1,0,1,미라시아,코카콜라(제로)
2023-12-25,3,12,Winter,0,1,1,미라시아,코카콜라(제로)
2023-12-26,0,12,Winter,0,0,0,미라시아,코카콜라(제로)
2023-12-27,0,12,Winter,0,0,0,미라시아,코카콜라(제로)
2023-12-28,1,12,Winter,0,0,0,미라시아,코카콜라(제로)
2023-12-29,2,12,Winter,0,0,0,미라시아,코카콜라(제로)
2023-12-30,0,12,Winter,1,0,1,미라시아,코카콜라(제로)
2023-12-31,4,12,Winter,1,0,1,미라시아,코카콜라(제로)
2024-01-01,4,1,Winter,0,1,1,미라시아,코카콜라(제로)
2024-01-02,5,1,Winter,0,0,0,미라시아,코카콜라(제로)
2024-01-03,2,1,Winter,0,0,0,미라시아,코카콜라(제로)
2024-01-04,2,1,Winter,0,0,0,미라시아,코카콜라(제로)
2024-01-05,0,1,Winter,0,0,0,미라시아,코카콜라(제로)
2024-01-06,0,1,Winter,1,0,1,미라시아,코카콜라(제로)
2024-01-07,1,1,Winter,1,0,1,미라시아,코카콜라(제로)
2024-01-08,1,1,Winter,0,0,0,미라시아,코카콜라(제로)
2024-01-09,0,1,Winter,0,0,0,미라시아,코카콜라(제로)
2024-01-10,1,1,Winter,0,0,0,미라시아,코카콜라(제로)
2024-01-11,0,1,Winter,0,0,0,미라시아,코카콜라(제로)
2024-01-12,0,1,Winter,0,0,0,미라시아,코카콜라(제로)
2024-01-13,3,1,Winter,1,0,1,미라시아,코카콜라(제로)
2024-01-14,4,1,Winter,1,0,1,미라시아,코카콜라(제로)
2024-01-15,3,1,Winter,0,0,0,미라시아,코카콜라(제로)
2024-01-16,2,1,Winter,0,0,0,미라시아,코카콜라(제로)
2024-01-17,1,1,Winter,0,0,0,미라시아,코카콜라(제로)
2024-01-18,0,1,Winter,0,0,0,미라시아,코카콜라(제로)
2024-01-19,1,1,Winter,0,0,0,미라시아,코카콜라(제로)
2024-01-20,3,1,Winter,1,0,1,미라시아,코카콜라(제로)
2024-01-21,2,1,Winter,1,0,1,미라시아,코카콜라(제로)
2024-01-22,0,1,Winter,0,0,0,미라시아,코카콜라(제로)
2024-01-23,0,1,Winter,0,0,0,미라시아,코카콜라(제로)
2024-01-24,1,1,Winter,0,0,0,미라시아,코카콜라(제로)
2024-01-25,0,1,Winter,0,0,0,미라시아,코카콜라(제로)
2024-01-26,0,1,Winter,0,0,0,미라시아,코카콜라(제로)
2024-01-27,0,1,Winter,1,0,1,미라시아,코카콜라(제로)
2024-01-28,0,1,Winter,1,0,1,미라시아,코카콜라(제로)
2024-01-29,0,1,Winter,0,0,0,미라시아,코카콜라(제로)
2024-01-30,2,1,Winter,0,0,0,미라시아,코카콜라(제로)
2024-01-31,1,1,Winter,0,0,0,미라시아,코카콜라(제로)
2024-02-01,0,2,Winter,0,0,0,미라시아,코카콜라(제로)
2024-02-02,1,2,Winter,0,0,0,미라시아,코카콜라(제로)
2024-02-03,1,2,Winter,1,0,1,미라시아,코카콜라(제로)
2024-02-04,5,2,Winter,1,0,1,미라시아,코카콜라(제로)
2024-02-05,0,2,Winter,0,0,0,미라시아,코카콜라(제로)
2024-02-06,1,2,Winter,0,0,0,미라시아,코카콜라(제로)
2024-02-07,0,2,Winter,0,0,0,미라시아,코카콜라(제로)
2024-02-08,4,2,Winter,0,0,0,미라시아,코카콜라(제로)
2024-02-09,3,2,Winter,0,1,1,미라시아,코카콜라(제로)
2024-02-10,2,2,Winter,1,1,1,미라시아,코카콜라(제로)
2024-02-11,2,2,Winter,1,1,1,미라시아,코카콜라(제로)
2024-02-12,0,2,Winter,0,1,1,미라시아,코카콜라(제로)
2024-02-13,0,2,Winter,0,0,0,미라시아,코카콜라(제로)
2024-02-14,1,2,Winter,0,0,0,미라시아,코카콜라(제로)
2024-02-15,0,2,Winter,0,0,0,미라시아,코카콜라(제로)
2024-02-16,2,2,Winter,0,0,0,미라시아,코카콜라(제로)
2024-02-17,4,2,Winter,1,0,1,미라시아,코카콜라(제로)
2024-02-18,6,2,Winter,1,0,1,미라시아,코카콜라(제로)
2024-02-19,0,2,Winter,0,0,0,미라시아,코카콜라(제로)
2024-02-20,0,2,Winter,0,0,0,미라시아,코카콜라(제로)
2024-02-21,0,2,Winter,0,0,0,미라시아,코카콜라(제로)
2024-02-22,0,2,Winter,0,0,0,미라시아,코카콜라(제로)
2024-02-23,1,2,Winter,0,0,0,미라시아,코카콜라(제로)
2024-02-24,2,2,Winter,1,0,1,미라시아,코카콜라(제로)
2024-02-25,4,2,Winter,1,0,1,미라시아,코카콜라(제로)
2024-02-26,2,2,Winter,0,0,0,미라시아,코카콜라(제로)
2024-02-27,0,2,Winter,0,0,0,미라시아,코카콜라(제로)
2024-02-28,7,2,Winter,0,0,0,미라시아,코카콜라(제로)
2024-02-29,1,2,Winter,0,0,0,미라시아,코카콜라(제로)
2024-03-01,5,3,Spring,0,1,1,미라시아,코카콜라(제로)
2024-03-02,2,3,Spring,1,0,1,미라시아,코카콜라(제로)
2024-03-03,0,3,Spring,1,0,1,미라시아,코카콜라(제로)
2024-03-04,0,3,Spring,0,0,0,미라시아,코카콜라(제로)
2024-03-05,0,3,Spring,0,0,0,미라시아,코카콜라(제로)
2024-03-06,0,3,Spring,0,0,0,미라시아,코카콜라(제로)
2024-03-07,0,3,Spring,0,0,0,미라시아,코카콜라(제로)
2024-03-08,0,3,Spring,0,0,0,미라시아,코카콜라(제로)
2024-03-09,0,3,Spring,1,0,1,미라시아,코카콜라(제로)
2024-03-10,0,3,Spring,1,0,1,미라시아,코카콜라(제로)
2024-03-11,0,3,Spring,0,0,0,미라시아,코카콜라(제로)
2024-03-12,0,3,Spring,0,0,0,미라시아,코카콜라(제로)
2024-03-13,0,3,Spring,0,0,0,미라시아,코카콜라(제로)
2024-03-14,0,3,Spring,0,0,0,미라시아,코카콜라(제로)
2024-03-15,0,3,Spring,0,0,0,미라시아,코카콜라(제로)
2024-03-16,1,3,Spring,1,0,1,미라시아,코카콜라(제로)
2024-03-17,0,3,Spring,1,0,1,미라시아,코카콜라(제로)
2024-03-18,0,3,Spring,0,0,0,미라시아,코카콜라(제로)
2024-03-19,0,3,Spring,0,0,0,미라시아,코카콜라(제로)
2024-03-20,0,3,Spring,0,0,0,미라시아,코카콜라(제로)
2024-03-21,0,3,Spring,0,0,0,미라시아,코카콜라(제로)
2024-03-22,2,3,Spring,0,0,0,미라시아,코카콜라(제로)
2024-03-23,2,3,Spring,1,0,1,미라시아,코카콜라(제로)
2024-03-24,0,3,Spring,1,0,1,미라시아,코카콜라(제로)
2024-03-25,0,3,Spring,0,0,0,미라시아,코카콜라(제로)
2024-03-26,0,3,Spring,0,0,0,미라시아,코카콜라(제로)
2024-03-27,0,3,Spring,0,0,0,미라시아,코카콜라(제로)
2024-03-28,0,3,Spring,0,0,0,미라시아,코카콜라(제로)
2024-03-29,0,3,Spring,0,0,0,미라시아,코카콜라(제로)
2024-03-30,0,3,Spring,1,0,1,미라시아,코카콜라(제로)
2024-03-31,0,3,Spring,1,0,1,미라시아,코카콜라(제로)
2024-04-01,0,4,Spring,0,0,0,미라시아,코카콜라(제로)
2024-04-02,1,4,Spring,0,0,0,미라시아,코카콜라(제로)
2024-04-03,0,4,Spring,0,0,0,미라시아,코카콜라(제로)
2024-04-04,0,4,Spring,0,0,0,미라시아,코카콜라(제로)
2024-04-05,3,4,Spring,0,0,0,미라시아,코카콜라(제로)
2024-04-06,2,4,Spring,1,0,1,미라시아,코카콜라(제로)
2024-04-07,0,4,Spring,1,0,1,미라시아,코카콜라(제로)
2024-04-08,0,4,Spring,0,0,0,미라시아,코카콜라(제로)
2024-04-09,3,4,Spring,0,0,0,미라시아,코카콜라(제로)
2024-04-10,6,4,Spring,0,1,1,미라시아,코카콜라(제로)
2024-04-11,3,4,Spring,0,0,0,미라시아,코카콜라(제로)
2024-04-12,0,4,Spring,0,0,0,미라시아,코카콜라(제로)
2024-04-13,1,4,Spring,1,0,1,미라시아,코카콜라(제로)
2024-04-14,1,4,Spring,1,0,1,미라시아,코카콜라(제로)
2024-04-15,1,4,Spring,0,0,0,미라시아,코카콜라(제로)
2024-04-16,0,4,Spring,0,0,0,미라시아,코카콜라(제로)
2024-04-17,0,4,Spring,0,0,0,미라시아,코카콜라(제로)
2024-04-18,0,4,Spring,0,0,0,미라시아,코카콜라(제로)
2024-04-19,0,4,Spring,0,0,0,미라시아,코카콜라(제로)
2024-04-20,1,4,Spring,1,0,1,미라시아,코카콜라(제로)
2024-04-21,0,4,Spring,1,0,1,미라시아,코카콜라(제로)
2024-04-22,0,4,Spring,0,0,0,미라시아,코카콜라(제로)
2024-04-23,0,4,Spring,0,0,0,미라시아,코카콜라(제로)
2024-04-24,0,4,Spring,0,0,0,미라시아,코카콜라(제로)
2024-04-25,0,4,Spring,0,0,0,미라시아,코카콜라(제로)
2024-04-26,0,4,Spring,0,0,0,미라시아,코카콜라(제로)
2024-04-27,2,4,Spring,1,0,1,미라시아,코카콜라(제로)
2024-04-28,0,4,Spring,1,0,1,미라시아,코카콜라(제로)
2024-04-29,0,4,Spring,0,0,0,미라시아,코카콜라(제로)
2024-04-30,0,4,Spring,0,0,0,미라시아,코카콜라(제로)
2024-05-01,2,5,Spring,0,0,0,미라시아,코카콜라(제로)
2024-05-02,1,5,Spring,0,0,0,미라시아,코카콜라(제로)
2024-05-03,0,5,Spring,0,0,0,미라시아,코카콜라(제로)
2024-05-04,2,5,Spring,1,0,1,미라시아,코카콜라(제로)
2024-05-05,1,5,Spring,1,1,1,미라시아,코카콜라(제로)
2024-05-06,2,5,Spring,0,1,1,미라시아,코카콜라(제로)
2024-05-07,0,5,Spring,0,0,0,미라시아,코카콜라(제로)
2024-05-08,0,5,Spring,0,0,0,미라시아,코카콜라(제로)
2024-05-09,0,5,Spring,0,0,0,미라시아,코카콜라(제로)
2024-05-10,1,5,Spring,0,0,0,미라시아,코카콜라(제로)
2024-05-11,1,5,Spring,1,0,1,미라시아,코카콜라(제로)
2024-05-12,1,5,Spring,1,0,1,미라시아,코카콜라(제로)
2024-05-13,0,5,Spring,0,0,0,미라시아,코카콜라(제로)
2024-05-14,0,5,Spring,0,0,0,미라시아,코카콜라(제로)
2024-05-15,0,5,Spring,0,1,1,미라시아,코카콜라(제로)
2024-05-16,0,5,Spring,0,0,0,미라시아,코카콜라(제로)
2024-05-17,0,5,Spring,0,0,0,미라시아,코카콜라(제로)
2024-05-18,3,5,Spring,1,0,1,미라시아,코카콜라(제로)
2024-05-19,0,5,Spring,1,0,1,미라시아,코카콜라(제로)
2024-05-20,0,5,Spring,0,0,0,미라시아,코카콜라(제로)
2024-05-21,0,5,Spring,0,0,0,미라시아,코카콜라(제로)
2024-05-22,0,5,Spring,0,0,0,미라시아,코카콜라(제로)
2024-05-23,0,5,Spring,0,0,0,미라시아,코카콜라(제로)
2024-05-24,1,5,Spring,0,0,0,미라시아,코카콜라(제로)
2024-05-25,0,5,Spring,1,0,1,미라시아,코카콜라(제로)
2024-05-26,1,5,Spring,1,0,1,미라시아,코카콜라(제로)
2024-05-27,0,5,Spring,0,0,0,미라시아,코카콜라(제로)
2024-05-28,0,5,Spring,0,0,0,미라시아,코카콜라(제로)
2024-05-29,0,5,Spring,0,0,0,미라시아,코카콜라(제로)
2024-05-30,3,5,Spring,0,0,0,미라시아,코카콜라(제로)
2024-05-31,0,5,Spring,0,0,0,미라시아,코카콜라(제로)
2024-06-01,0,6,Summer,1,0,1,미라시아,코카콜라(제로)
2024-06-02,0,6,Summer,1,0,1,미라시아,코카콜라(제로)
2024-06-03,0,6,Summer,0,0,0,미라시아,코카콜라(제로)
2024-06-04,0,6,Summer,0,0,0,미라시아,코카콜라(제로)
2024-06-05,1,6,Summer,0,0,0,미라시아,코카콜라(제로)
2024-06-06,2,6,Summer,0,1,1,미라시아,코카콜라(제로)
2024-06-07,0,6,Summer,0,0,0,미라시아,코카콜라(제로)
2024-06-08,2,6,Summer,1,0,1,미라시아,코카콜라(제로)
2024-06-09,0,6,Summer,1,0,1,미라시아,코카콜라(제로)
2024-06-10,0,6,Summer,0,0,0,미라시아,코카콜라(제로)
2024-06-11,0,6,Summer,0,0,0,미라시아,코카콜라(제로)
2024-06-12,0,6,Summer,0,0,0,미라시아,코카콜라(제로)
2024-06-13,0,6,Summer,0,0,0,미라시아,코카콜라(제로)
2024-06-14,0,6,Summer,0,0,0,미라시아,코카콜라(제로)
2024-06-15,4,6,Summer,1,0,1,미라시아,코카콜라(제로)
2023-01-01,0,1,Winter,1,1,1,미라시아,콥 샐러드
2023-01-02,0,1,Winter,0,0,0,미라시아,콥 샐러드
2023-01-03,0,1,Winter,0,0,0,미라시아,콥 샐러드
2023-01-04,0,1,Winter,0,0,0,미라시아,콥 샐러드
2023-01-05,0,1,Winter,0,0,0,미라시아,콥 샐러드
2023-01-06,0,1,Winter,0,0,0,미라시아,콥 샐러드
2023-01-07,0,1,Winter,1,0,1,미라시아,콥 샐러드
2023-01-08,0,1,Winter,1,0,1,미라시아,콥 샐러드
2023-01-09,0,1,Winter,0,0,0,미라시아,콥 샐러드
2023-01-10,0,1,Winter,0,0,0,미라시아,콥 샐러드
2023-01-11,0,1,Winter,0,0,0,미라시아,콥 샐러드
2023-01-12,0,1,Winter,0,0,0,미라시아,콥 샐러드
2023-01-13,0,1,Winter,0,0,0,미라시아,콥 샐러드
2023-01-14,0,1,Winter,1,0,1,미라시아,콥 샐러드
2023-01-15,0,1,Winter,1,0,1,미라시아,콥 샐러드
2023-01-16,0,1,Winter,0,0,0,미라시아,콥 샐러드
2023-01-17,0,1,Winter,0,0,0,미라시아,콥 샐러드
2023-01-18,0,1,Winter,0,0,0,미라시아,콥 샐러드
2023-01-19,0,1,Winter,0,0,0,미라시아,콥 샐러드
2023-01-20,0,1,Winter,0,0,0,미라시아,콥 샐러드
2023-01-21,0,1,Winter,1,1,1,미라시아,콥 샐러드
2023-01-22,0,1,Winter,1,1,1,미라시아,콥 샐러드
2023-01-23,0,1,Winter,0,1,1,미라시아,콥 샐러드
2023-01-24,0,1,Winter,0,1,1,미라시아,콥 샐러드
2023-01-25,0,1,Winter,0,0,0,미라시아,콥 샐러드
2023-01-26,0,1,Winter,0,0,0,미라시아,콥 샐러드
2023-01-27,0,1,Winter,0,0,0,미라시아,콥 샐러드
2023-01-28,0,1,Winter,1,0,1,미라시아,콥 샐러드
2023-01-29,0,1,Winter,1,0,1,미라시아,콥 샐러드
2023-01-30,0,1,Winter,0,0,0,미라시아,콥 샐러드
2023-01-31,0,1,Winter,0,0,0,미라시아,콥 샐러드
2023-02-01,0,2,Winter,0,0,0,미라시아,콥 샐러드
2023-02-02,0,2,Winter,0,0,0,미라시아,콥 샐러드
2023-02-03,0,2,Winter,0,0,0,미라시아,콥 샐러드
2023-02-04,0,2,Winter,1,0,1,미라시아,콥 샐러드
2023-02-05,0,2,Winter,1,0,1,미라시아,콥 샐러드
2023-02-06,0,2,Winter,0,0,0,미라시아,콥 샐러드
2023-02-07,0,2,Winter,0,0,0,미라시아,콥 샐러드
2023-02-08,0,2,Winter,0,0,0,미라시아,콥 샐러드
2023-02-09,0,2,Winter,0,0,0,미라시아,콥 샐러드
2023-02-10,0,2,Winter,0,0,0,미라시아,콥 샐러드
2023-02-11,0,2,Winter,1,0,1,미라시아,콥 샐러드
2023-02-12,0,2,Winter,1,0,1,미라시아,콥 샐러드
2023-02-13,0,2,Winter,0,0,0,미라시아,콥 샐러드
2023-02-14,0,2,Winter,0,0,0,미라시아,콥 샐러드
2023-02-15,0,2,Winter,0,0,0,미라시아,콥 샐러드
2023-02-16,0,2,Winter,0,0,0,미라시아,콥 샐러드
2023-02-17,0,2,Winter,0,0,0,미라시아,콥 샐러드
2023-02-18,0,2,Winter,1,0,1,미라시아,콥 샐러드
2023-02-19,0,2,Winter,1,0,1,미라시아,콥 샐러드
2023-02-20,0,2,Winter,0,0,0,미라시아,콥 샐러드
2023-02-21,0,2,Winter,0,0,0,미라시아,콥 샐러드
2023-02-22,0,2,Winter,0,0,0,미라시아,콥 샐러드
2023-02-23,0,2,Winter,0,0,0,미라시아,콥 샐러드
2023-02-24,0,2,Winter,0,0,0,미라시아,콥 샐러드
2023-02-25,0,2,Winter,1,0,1,미라시아,콥 샐러드
2023-02-26,0,2,Winter,1,0,1,미라시아,콥 샐러드
2023-02-27,0,2,Winter,0,0,0,미라시아,콥 샐러드
2023-02-28,0,2,Winter,0,0,0,미라시아,콥 샐러드
2023-03-01,0,3,Spring,0,1,1,미라시아,콥 샐러드
2023-03-02,0,3,Spring,0,0,0,미라시아,콥 샐러드
2023-03-03,0,3,Spring,0,0,0,미라시아,콥 샐러드
2023-03-04,0,3,Spring,1,0,1,미라시아,콥 샐러드
2023-03-05,0,3,Spring,1,0,1,미라시아,콥 샐러드
2023-03-06,0,3,Spring,0,0,0,미라시아,콥 샐러드
2023-03-07,0,3,Spring,0,0,0,미라시아,콥 샐러드
2023-03-08,0,3,Spring,0,0,0,미라시아,콥 샐러드
2023-03-09,0,3,Spring,0,0,0,미라시아,콥 샐러드
2023-03-10,0,3,Spring,0,0,0,미라시아,콥 샐러드
2023-03-11,0,3,Spring,1,0,1,미라시아,콥 샐러드
2023-03-12,0,3,Spring,1,0,1,미라시아,콥 샐러드
2023-03-13,0,3,Spring,0,0,0,미라시아,콥 샐러드
2023-03-14,0,3,Spring,0,0,0,미라시아,콥 샐러드
2023-03-15,0,3,Spring,0,0,0,미라시아,콥 샐러드
2023-03-16,0,3,Spring,0,0,0,미라시아,콥 샐러드
2023-03-17,0,3,Spring,0,0,0,미라시아,콥 샐러드
2023-03-18,0,3,Spring,1,0,1,미라시아,콥 샐러드
2023-03-19,0,3,Spring,1,0,1,미라시아,콥 샐러드
2023-03-20,0,3,Spring,0,0,0,미라시아,콥 샐러드
2023-03-21,0,3,Spring,0,0,0,미라시아,콥 샐러드
2023-03-22,0,3,Spring,0,0,0,미라시아,콥 샐러드
2023-03-23,0,3,Spring,0,0,0,미라시아,콥 샐러드
2023-03-24,0,3,Spring,0,0,0,미라시아,콥 샐러드
2023-03-25,0,3,Spring,1,0,1,미라시아,콥 샐러드
2023-03-26,0,3,Spring,1,0,1,미라시아,콥 샐러드
2023-03-27,0,3,Spring,0,0,0,미라시아,콥 샐러드
2023-03-28,0,3,Spring,0,0,0,미라시아,콥 샐러드
2023-03-29,0,3,Spring,0,0,0,미라시아,콥 샐러드
2023-03-30,0,3,Spring,0,0,0,미라시아,콥 샐러드
2023-03-31,0,3,Spring,0,0,0,미라시아,콥 샐러드
2023-04-01,0,4,Spring,1,0,1,미라시아,콥 샐러드
2023-04-02,0,4,Spring,1,0,1,미라시아,콥 샐러드
2023-04-03,0,4,Spring,0,0,0,미라시아,콥 샐러드
2023-04-04,0,4,Spring,0,0,0,미라시아,콥 샐러드
2023-04-05,0,4,Spring,0,0,0,미라시아,콥 샐러드
2023-04-06,0,4,Spring,0,0,0,미라시아,콥 샐러드
2023-04-07,0,4,Spring,0,0,0,미라시아,콥 샐러드
2023-04-08,0,4,Spring,1,0,1,미라시아,콥 샐러드
2023-04-09,0,4,Spring,1,0,1,미라시아,콥 샐러드
2023-04-10,0,4,Spring,0,0,0,미라시아,콥 샐러드
2023-04-11,0,4,Spring,0,0,0,미라시아,콥 샐러드
2023-04-12,0,4,Spring,0,0,0,미라시아,콥 샐러드
2023-04-13,0,4,Spring,0,0,0,미라시아,콥 샐러드
2023-04-14,0,4,Spring,0,0,0,미라시아,콥 샐러드
2023-04-15,0,4,Spring,1,0,1,미라시아,콥 샐러드
2023-04-16,0,4,Spring,1,0,1,미라시아,콥 샐러드
2023-04-17,0,4,Spring,0,0,0,미라시아,콥 샐러드
2023-04-18,0,4,Spring,0,0,0,미라시아,콥 샐러드
2023-04-19,0,4,Spring,0,0,0,미라시아,콥 샐러드
2023-04-20,0,4,Spring,0,0,0,미라시아,콥 샐러드
2023-04-21,0,4,Spring,0,0,0,미라시아,콥 샐러드
2023-04-22,0,4,Spring,1,0,1,미라시아,콥 샐러드
2023-04-23,0,4,Spring,1,0,1,미라시아,콥 샐러드
2023-04-24,0,4,Spring,0,0,0,미라시아,콥 샐러드
2023-04-25,0,4,Spring,0,0,0,미라시아,콥 샐러드
2023-04-26,0,4,Spring,0,0,0,미라시아,콥 샐러드
2023-04-27,0,4,Spring,0,0,0,미라시아,콥 샐러드
2023-04-28,0,4,Spring,0,0,0,미라시아,콥 샐러드
2023-04-29,0,4,Spring,1,0,1,미라시아,콥 샐러드
2023-04-30,0,4,Spring,1,0,1,미라시아,콥 샐러드
2023-05-01,0,5,Spring,0,0,0,미라시아,콥 샐러드
2023-05-02,0,5,Spring,0,0,0,미라시아,콥 샐러드
2023-05-03,0,5,Spring,0,0,0,미라시아,콥 샐러드
2023-05-04,0,5,Spring,0,0,0,미라시아,콥 샐러드
2023-05-05,0,5,Spring,0,1,1,미라시아,콥 샐러드
2023-05-06,0,5,Spring,1,0,1,미라시아,콥 샐러드
2023-05-07,0,5,Spring,1,0,1,미라시아,콥 샐러드
2023-05-08,0,5,Spring,0,0,0,미라시아,콥 샐러드
2023-05-09,0,5,Spring,0,0,0,미라시아,콥 샐러드
2023-05-10,0,5,Spring,0,0,0,미라시아,콥 샐러드
2023-05-11,0,5,Spring,0,0,0,미라시아,콥 샐러드
2023-05-12,0,5,Spring,0,0,0,미라시아,콥 샐러드
2023-05-13,0,5,Spring,1,0,1,미라시아,콥 샐러드
2023-05-14,0,5,Spring,1,0,1,미라시아,콥 샐러드
2023-05-15,0,5,Spring,0,0,0,미라시아,콥 샐러드
2023-05-16,0,5,Spring,0,0,0,미라시아,콥 샐러드
2023-05-17,0,5,Spring,0,0,0,미라시아,콥 샐러드
2023-05-18,0,5,Spring,0,0,0,미라시아,콥 샐러드
2023-05-19,0,5,Spring,0,0,0,미라시아,콥 샐러드
2023-05-20,0,5,Spring,1,0,1,미라시아,콥 샐러드
2023-05-21,0,5,Spring,1,0,1,미라시아,콥 샐러드
2023-05-22,0,5,Spring,0,0,0,미라시아,콥 샐러드
2023-05-23,0,5,Spring,0,0,0,미라시아,콥 샐러드
2023-05-24,0,5,Spring,0,0,0,미라시아,콥 샐러드
2023-05-25,0,5,Spring,0,0,0,미라시아,콥 샐러드
2023-05-26,0,5,Spring,0,0,0,미라시아,콥 샐러드
2023-05-27,0,5,Spring,1,1,1,미라시아,콥 샐러드
2023-05-28,0,5,Spring,1,0,1,미라시아,콥 샐러드
2023-05-29,0,5,Spring,0,1,1,미라시아,콥 샐러드
2023-05-30,0,5,Spring,0,0,0,미라시아,콥 샐러드
2023-05-31,0,5,Spring,0,0,0,미라시아,콥 샐러드
2023-06-01,0,6,Summer,0,0,0,미라시아,콥 샐러드
2023-06-02,0,6,Summer,0,0,0,미라시아,콥 샐러드
2023-06-03,0,6,Summer,1,0,1,미라시아,콥 샐러드
2023-06-04,0,6,Summer,1,0,1,미라시아,콥 샐러드
2023-06-05,0,6,Summer,0,0,0,미라시아,콥 샐러드
2023-06-06,0,6,Summer,0,1,1,미라시아,콥 샐러드
2023-06-07,0,6,Summer,0,0,0,미라시아,콥 샐러드
2023-06-08,0,6,Summer,0,0,0,미라시아,콥 샐러드
2023-06-09,0,6,Summer,0,0,0,미라시아,콥 샐러드
2023-06-10,0,6,Summer,1,0,1,미라시아,콥 샐러드
2023-06-11,0,6,Summer,1,0,1,미라시아,콥 샐러드
2023-06-12,0,6,Summer,0,0,0,미라시아,콥 샐러드
2023-06-13,0,6,Summer,0,0,0,미라시아,콥 샐러드
2023-06-14,0,6,Summer,0,0,0,미라시아,콥 샐러드
2023-06-15,0,6,Summer,0,0,0,미라시아,콥 샐러드
2023-06-16,0,6,Summer,0,0,0,미라시아,콥 샐러드
2023-06-17,0,6,Summer,1,0,1,미라시아,콥 샐러드
2023-06-18,0,6,Summer,1,0,1,미라시아,콥 샐러드
2023-06-19,0,6,Summer,0,0,0,미라시아,콥 샐러드
2023-06-20,0,6,Summer,0,0,0,미라시아,콥 샐러드
2023-06-21,0,6,Summer,0,0,0,미라시아,콥 샐러드
2023-06-22,0,6,Summer,0,0,0,미라시아,콥 샐러드
2023-06-23,0,6,Summer,0,0,0,미라시아,콥 샐러드
2023-06-24,0,6,Summer,1,0,1,미라시아,콥 샐러드
2023-06-25,0,6,Summer,1,0,1,미라시아,콥 샐러드
2023-06-26,0,6,Summer,0,0,0,미라시아,콥 샐러드
2023-06-27,0,6,Summer,0,0,0,미라시아,콥 샐러드
2023-06-28,0,6,Summer,0,0,0,미라시아,콥 샐러드
2023-06-29,0,6,Summer,0,0,0,미라시아,콥 샐러드
2023-06-30,0,6,Summer,0,0,0,미라시아,콥 샐러드
2023-07-01,0,7,Summer,1,0,1,미라시아,콥 샐러드
2023-07-02,0,7,Summer,1,0,1,미라시아,콥 샐러드
2023-07-03,0,7,Summer,0,0,0,미라시아,콥 샐러드
2023-07-04,0,7,Summer,0,0,0,미라시아,콥 샐러드
2023-07-05,0,7,Summer,0,0,0,미라시아,콥 샐러드
2023-07-06,0,7,Summer,0,0,0,미라시아,콥 샐러드
2023-07-07,0,7,Summer,0,0,0,미라시아,콥 샐러드
2023-07-08,0,7,Summer,1,0,1,미라시아,콥 샐러드
2023-07-09,0,7,Summer,1,0,1,미라시아,콥 샐러드
2023-07-10,0,7,Summer,0,0,0,미라시아,콥 샐러드
2023-07-11,0,7,Summer,0,0,0,미라시아,콥 샐러드
2023-07-12,0,7,Summer,0,0,0,미라시아,콥 샐러드
2023-07-13,0,7,Summer,0,0,0,미라시아,콥 샐러드
2023-07-14,0,7,Summer,0,0,0,미라시아,콥 샐러드
2023-07-15,0,7,Summer,1,0,1,미라시아,콥 샐러드
2023-07-16,0,7,Summer,1,0,1,미라시아,콥 샐러드
2023-07-17,0,7,Summer,0,0,0,미라시아,콥 샐러드
2023-07-18,0,7,Summer,0,0,0,미라시아,콥 샐러드
2023-07-19,0,7,Summer,0,0,0,미라시아,콥 샐러드
2023-07-20,0,7,Summer,0,0,0,미라시아,콥 샐러드
2023-07-21,0,7,Summer,0,0,0,미라시아,콥 샐러드
2023-07-22,0,7,Summer,1,0,1,미라시아,콥 샐러드
2023-07-23,0,7,Summer,1,0,1,미라시아,콥 샐러드
2023-07-24,0,7,Summer,0,0,0,미라시아,콥 샐러드
2023-07-25,0,7,Summer,0,0,0,미라시아,콥 샐러드
2023-07-26,0,7,Summer,0,0,0,미라시아,콥 샐러드
2023-07-27,0,7,Summer,0,0,0,미라시아,콥 샐러드
2023-07-28,0,7,Summer,0,0,0,미라시아,콥 샐러드
2023-07-29,0,7,Summer,1,0,1,미라시아,콥 샐러드
2023-07-30,0,7,Summer,1,0,1,미라시아,콥 샐러드
2023-07-31,0,7,Summer,0,0,0,미라시아,콥 샐러드
2023-08-01,0,8,Summer,0,0,0,미라시아,콥 샐러드
2023-08-02,0,8,Summer,0,0,0,미라시아,콥 샐러드
2023-08-03,0,8,Summer,0,0,0,미라시아,콥 샐러드
2023-08-04,0,8,Summer,0,0,0,미라시아,콥 샐러드
2023-08-05,0,8,Summer,1,0,1,미라시아,콥 샐러드
2023-08-06,0,8,Summer,1,0,1,미라시아,콥 샐러드
2023-08-07,0,8,Summer,0,0,0,미라시아,콥 샐러드
2023-08-08,0,8,Summer,0,0,0,미라시아,콥 샐러드
2023-08-09,0,8,Summer,0,0,0,미라시아,콥 샐러드
2023-08-10,0,8,Summer,0,0,0,미라시아,콥 샐러드
2023-08-11,0,8,Summer,0,0,0,미라시아,콥 샐러드
2023-08-12,0,8,Summer,1,0,1,미라시아,콥 샐러드
2023-08-13,0,8,Summer,1,0,1,미라시아,콥 샐러드
2023-08-14,0,8,Summer,0,0,0,미라시아,콥 샐러드
2023-08-15,0,8,Summer,0,1,1,미라시아,콥 샐러드
2023-08-16,0,8,Summer,0,0,0,미라시아,콥 샐러드
2023-08-17,0,8,Summer,0,0,0,미라시아,콥 샐러드
2023-08-18,0,8,Summer,0,0,0,미라시아,콥 샐러드
2023-08-19,0,8,Summer,1,0,1,미라시아,콥 샐러드
2023-08-20,0,8,Summer,1,0,1,미라시아,콥 샐러드
2023-08-21,0,8,Summer,0,0,0,미라시아,콥 샐러드
2023-08-22,0,8,Summer,0,0,0,미라시아,콥 샐러드
2023-08-23,0,8,Summer,0,0,0,미라시아,콥 샐러드
2023-08-24,0,8,Summer,0,0,0,미라시아,콥 샐러드
2023-08-25,0,8,Summer,0,0,0,미라시아,콥 샐러드
2023-08-26,0,8,Summer,1,0,1,미라시아,콥 샐러드
2023-08-27,0,8,Summer,1,0,1,미라시아,콥 샐러드
2023-08-28,0,8,Summer,0,0,0,미라시아,콥 샐러드
2023-08-29,0,8,Summer,0,0,0,미라시아,콥 샐러드
2023-08-30,0,8,Summer,0,0,0,미라시아,콥 샐러드
2023-08-31,0,8,Summer,0,0,0,미라시아,콥 샐러드
2023-09-01,0,9,Autumn,0,0,0,미라시아,콥 샐러드
2023-09-02,0,9,Autumn,1,0,1,미라시아,콥 샐러드
2023-09-03,0,9,Autumn,1,0,1,미라시아,콥 샐러드
2023-09-04,0,9,Autumn,0,0,0,미라시아,콥 샐러드
2023-09-05,0,9,Autumn,0,0,0,미라시아,콥 샐러드
2023-09-06,0,9,Autumn,0,0,0,미라시아,콥 샐러드
2023-09-07,0,9,Autumn,0,0,0,미라시아,콥 샐러드
2023-09-08,0,9,Autumn,0,0,0,미라시아,콥 샐러드
2023-09-09,0,9,Autumn,1,0,1,미라시아,콥 샐러드
2023-09-10,0,9,Autumn,1,0,1,미라시아,콥 샐러드
2023-09-11,0,9,Autumn,0,0,0,미라시아,콥 샐러드
2023-09-12,0,9,Autumn,0,0,0,미라시아,콥 샐러드
2023-09-13,0,9,Autumn,0,0,0,미라시아,콥 샐러드
2023-09-14,0,9,Autumn,0,0,0,미라시아,콥 샐러드
2023-09-15,0,9,Autumn,0,0,0,미라시아,콥 샐러드
2023-09-16,0,9,Autumn,1,0,1,미라시아,콥 샐러드
2023-09-17,0,9,Autumn,1,0,1,미라시아,콥 샐러드
2023-09-18,0,9,Autumn,0,0,0,미라시아,콥 샐러드
2023-09-19,0,9,Autumn,0,0,0,미라시아,콥 샐러드
2023-09-20,0,9,Autumn,0,0,0,미라시아,콥 샐러드
2023-09-21,0,9,Autumn,0,0,0,미라시아,콥 샐러드
2023-09-22,0,9,Autumn,0,0,0,미라시아,콥 샐러드
2023-09-23,0,9,Autumn,1,0,1,미라시아,콥 샐러드
2023-09-24,0,9,Autumn,1,0,1,미라시아,콥 샐러드
2023-09-25,0,9,Autumn,0,0,0,미라시아,콥 샐러드
2023-09-26,0,9,Autumn,0,0,0,미라시아,콥 샐러드
2023-09-27,0,9,Autumn,0,0,0,미라시아,콥 샐러드
2023-09-28,0,9,Autumn,0,1,1,미라시아,콥 샐러드
2023-09-29,0,9,Autumn,0,1,1,미라시아,콥 샐러드
2023-09-30,0,9,Autumn,1,1,1,미라시아,콥 샐러드
2023-10-01,0,10,Autumn,1,0,1,미라시아,콥 샐러드
2023-10-02,0,10,Autumn,0,1,1,미라시아,콥 샐러드
2023-10-03,0,10,Autumn,0,1,1,미라시아,콥 샐러드
2023-10-04,0,10,Autumn,0,0,0,미라시아,콥 샐러드
2023-10-05,0,10,Autumn,0,0,0,미라시아,콥 샐러드
2023-10-06,0,10,Autumn,0,0,0,미라시아,콥 샐러드
2023-10-07,0,10,Autumn,1,0,1,미라시아,콥 샐러드
2023-10-08,0,10,Autumn,1,0,1,미라시아,콥 샐러드
2023-10-09,0,10,Autumn,0,1,1,미라시아,콥 샐러드
2023-10-10,0,10,Autumn,0,0,0,미라시아,콥 샐러드
2023-10-11,0,10,Autumn,0,0,0,미라시아,콥 샐러드
2023-10-12,0,10,Autumn,0,0,0,미라시아,콥 샐러드
2023-10-13,0,10,Autumn,0,0,0,미라시아,콥 샐러드
2023-10-14,0,10,Autumn,1,0,1,미라시아,콥 샐러드
2023-10-15,0,10,Autumn,1,0,1,미라시아,콥 샐러드
2023-10-16,0,10,Autumn,0,0,0,미라시아,콥 샐러드
2023-10-17,0,10,Autumn,0,0,0,미라시아,콥 샐러드
2023-10-18,0,10,Autumn,0,0,0,미라시아,콥 샐러드
2023-10-19,0,10,Autumn,0,0,0,미라시아,콥 샐러드
2023-10-20,0,10,Autumn,0,0,0,미라시아,콥 샐러드
2023-10-21,0,10,Autumn,1,0,1,미라시아,콥 샐러드
2023-10-22,0,10,Autumn,1,0,1,미라시아,콥 샐러드
2023-10-23,0,10,Autumn,0,0,0,미라시아,콥 샐러드
2023-10-24,0,10,Autumn,0,0,0,미라시아,콥 샐러드
2023-10-25,0,10,Autumn,0,0,0,미라시아,콥 샐러드
2023-10-26,0,10,Autumn,0,0,0,미라시아,콥 샐러드
2023-10-27,0,10,Autumn,0,0,0,미라시아,콥 샐러드
2023-10-28,0,10,Autumn,1,0,1,미라시아,콥 샐러드
2023-10-29,0,10,Autumn,1,0,1,미라시아,콥 샐러드
2023-10-30,0,10,Autumn,0,0,0,미라시아,콥 샐러드
2023-10-31,0,10,Autumn,0,0,0,미라시아,콥 샐러드
2023-11-01,0,11,Autumn,0,0,0,미라시아,콥 샐러드
2023-11-02,0,11,Autumn,0,0,0,미라시아,콥 샐러드
2023-11-03,0,11,Autumn,0,0,0,미라시아,콥 샐러드
2023-11-04,0,11,Autumn,1,0,1,미라시아,콥 샐러드
2023-11-05,0,11,Autumn,1,0,1,미라시아,콥 샐러드
2023-11-06,0,11,Autumn,0,0,0,미라시아,콥 샐러드
2023-11-07,0,11,Autumn,0,0,0,미라시아,콥 샐러드
2023-11-08,0,11,Autumn,0,0,0,미라시아,콥 샐러드
2023-11-09,0,11,Autumn,0,0,0,미라시아,콥 샐러드
2023-11-10,0,11,Autumn,0,0,0,미라시아,콥 샐러드
2023-11-11,0,11,Autumn,1,0,1,미라시아,콥 샐러드
2023-11-12,0,11,Autumn,1,0,1,미라시아,콥 샐러드
2023-11-13,0,11,Autumn,0,0,0,미라시아,콥 샐러드
2023-11-14,0,11,Autumn,0,0,0,미라시아,콥 샐러드
2023-11-15,0,11,Autumn,0,0,0,미라시아,콥 샐러드
2023-11-16,0,11,Autumn,0,0,0,미라시아,콥 샐러드
2023-11-17,0,11,Autumn,0,0,0,미라시아,콥 샐러드
2023-11-18,0,11,Autumn,1,0,1,미라시아,콥 샐러드
2023-11-19,0,11,Autumn,1,0,1,미라시아,콥 샐러드
2023-11-20,0,11,Autumn,0,0,0,미라시아,콥 샐러드
2023-11-21,0,11,Autumn,0,0,0,미라시아,콥 샐러드
2023-11-22,0,11,Autumn,0,0,0,미라시아,콥 샐러드
2023-11-23,0,11,Autumn,0,0,0,미라시아,콥 샐러드
2023-11-24,0,11,Autumn,0,0,0,미라시아,콥 샐러드
2023-11-25,0,11,Autumn,1,0,1,미라시아,콥 샐러드
2023-11-26,0,11,Autumn,1,0,1,미라시아,콥 샐러드
2023-11-27,0,11,Autumn,0,0,0,미라시아,콥 샐러드
2023-11-28,0,11,Autumn,0,0,0,미라시아,콥 샐러드
2023-11-29,0,11,Autumn,0,0,0,미라시아,콥 샐러드
2023-11-30,0,11,Autumn,0,0,0,미라시아,콥 샐러드
2023-12-01,0,12,Winter,0,0,0,미라시아,콥 샐러드
2023-12-02,0,12,Winter,1,0,1,미라시아,콥 샐러드
2023-12-03,0,12,Winter,1,0,1,미라시아,콥 샐러드
2023-12-04,0,12,Winter,0,0,0,미라시아,콥 샐러드
2023-12-05,0,12,Winter,0,0,0,미라시아,콥 샐러드
2023-12-06,0,12,Winter,0,0,0,미라시아,콥 샐러드
2023-12-07,0,12,Winter,0,0,0,미라시아,콥 샐러드
2023-12-08,1,12,Winter,0,0,0,미라시아,콥 샐러드
2023-12-09,0,12,Winter,1,0,1,미라시아,콥 샐러드
2023-12-10,0,12,Winter,1,0,1,미라시아,콥 샐러드
2023-12-11,0,12,Winter,0,0,0,미라시아,콥 샐러드
2023-12-12,2,12,Winter,0,0,0,미라시아,콥 샐러드
2023-12-13,0,12,Winter,0,0,0,미라시아,콥 샐러드
2023-12-14,0,12,Winter,0,0,0,미라시아,콥 샐러드
2023-12-15,1,12,Winter,0,0,0,미라시아,콥 샐러드
2023-12-16,0,12,Winter,1,0,1,미라시아,콥 샐러드
2023-12-17,0,12,Winter,1,0,1,미라시아,콥 샐러드
2023-12-18,2,12,Winter,0,0,0,미라시아,콥 샐러드
2023-12-19,1,12,Winter,0,0,0,미라시아,콥 샐러드
2023-12-20,4,12,Winter,0,0,0,미라시아,콥 샐러드
2023-12-21,0,12,Winter,0,0,0,미라시아,콥 샐러드
2023-12-22,3,12,Winter,0,0,0,미라시아,콥 샐러드
2023-12-23,6,12,Winter,1,0,1,미라시아,콥 샐러드
2023-12-24,5,12,Winter,1,0,1,미라시아,콥 샐러드
2023-12-25,2,12,Winter,0,1,1,미라시아,콥 샐러드
2023-12-26,2,12,Winter,0,0,0,미라시아,콥 샐러드
2023-12-27,0,12,Winter,0,0,0,미라시아,콥 샐러드
2023-12-28,4,12,Winter,0,0,0,미라시아,콥 샐러드
2023-12-29,2,12,Winter,0,0,0,미라시아,콥 샐러드
2023-12-30,5,12,Winter,1,0,1,미라시아,콥 샐러드
2023-12-31,9,12,Winter,1,0,1,미라시아,콥 샐러드
2024-01-01,4,1,Winter,0,1,1,미라시아,콥 샐러드
2024-01-02,2,1,Winter,0,0,0,미라시아,콥 샐러드
2024-01-03,4,1,Winter,0,0,0,미라시아,콥 샐러드
2024-01-04,3,1,Winter,0,0,0,미라시아,콥 샐러드
2024-01-05,0,1,Winter,0,0,0,미라시아,콥 샐러드
2024-01-06,2,1,Winter,1,0,1,미라시아,콥 샐러드
2024-01-07,1,1,Winter,1,0,1,미라시아,콥 샐러드
2024-01-08,0,1,Winter,0,0,0,미라시아,콥 샐러드
2024-01-09,2,1,Winter,0,0,0,미라시아,콥 샐러드
2024-01-10,1,1,Winter,0,0,0,미라시아,콥 샐러드
2024-01-11,1,1,Winter,0,0,0,미라시아,콥 샐러드
2024-01-12,3,1,Winter,0,0,0,미라시아,콥 샐러드
2024-01-13,3,1,Winter,1,0,1,미라시아,콥 샐러드
2024-01-14,0,1,Winter,1,0,1,미라시아,콥 샐러드
2024-01-15,4,1,Winter,0,0,0,미라시아,콥 샐러드
2024-01-16,2,1,Winter,0,0,0,미라시아,콥 샐러드
2024-01-17,2,1,Winter,0,0,0,미라시아,콥 샐러드
2024-01-18,3,1,Winter,0,0,0,미라시아,콥 샐러드
2024-01-19,2,1,Winter,0,0,0,미라시아,콥 샐러드
2024-01-20,6,1,Winter,1,0,1,미라시아,콥 샐러드
2024-01-21,1,1,Winter,1,0,1,미라시아,콥 샐러드
2024-01-22,4,1,Winter,0,0,0,미라시아,콥 샐러드
2024-01-23,2,1,Winter,0,0,0,미라시아,콥 샐러드
2024-01-24,2,1,Winter,0,0,0,미라시아,콥 샐러드
2024-01-25,2,1,Winter,0,0,0,미라시아,콥 샐러드
2024-01-26,2,1,Winter,0,0,0,미라시아,콥 샐러드
2024-01-27,4,1,Winter,1,0,1,미라시아,콥 샐러드
2024-01-28,4,1,Winter,1,0,1,미라시아,콥 샐러드
2024-01-29,2,1,Winter,0,0,0,미라시아,콥 샐러드
2024-01-30,2,1,Winter,0,0,0,미라시아,콥 샐러드
2024-01-31,1,1,Winter,0,0,0,미라시아,콥 샐러드
2024-02-01,0,2,Winter,0,0,0,미라시아,콥 샐러드
2024-02-02,0,2,Winter,0,0,0,미라시아,콥 샐러드
2024-02-03,2,2,Winter,1,0,1,미라시아,콥 샐러드
2024-02-04,0,2,Winter,1,0,1,미라시아,콥 샐러드
2024-02-05,1,2,Winter,0,0,0,미라시아,콥 샐러드
2024-02-06,2,2,Winter,0,0,0,미라시아,콥 샐러드
2024-02-07,0,2,Winter,0,0,0,미라시아,콥 샐러드
2024-02-08,3,2,Winter,0,0,0,미라시아,콥 샐러드
2024-02-09,1,2,Winter,0,1,1,미라시아,콥 샐러드
2024-02-10,7,2,Winter,1,1,1,미라시아,콥 샐러드
2024-02-11,11,2,Winter,1,1,1,미라시아,콥 샐러드
2024-02-12,7,2,Winter,0,1,1,미라시아,콥 샐러드
2024-02-13,0,2,Winter,0,0,0,미라시아,콥 샐러드
2024-02-14,0,2,Winter,0,0,0,미라시아,콥 샐러드
2024-02-15,0,2,Winter,0,0,0,미라시아,콥 샐러드
2024-02-16,2,2,Winter,0,0,0,미라시아,콥 샐러드
2024-02-17,3,2,Winter,1,0,1,미라시아,콥 샐러드
2024-02-18,5,2,Winter,1,0,1,미라시아,콥 샐러드
2024-02-19,2,2,Winter,0,0,0,미라시아,콥 샐러드
2024-02-20,1,2,Winter,0,0,0,미라시아,콥 샐러드
2024-02-21,1,2,Winter,0,0,0,미라시아,콥 샐러드
2024-02-22,3,2,Winter,0,0,0,미라시아,콥 샐러드
2024-02-23,1,2,Winter,0,0,0,미라시아,콥 샐러드
2024-02-24,4,2,Winter,1,0,1,미라시아,콥 샐러드
2024-02-25,2,2,Winter,1,0,1,미라시아,콥 샐러드
2024-02-26,0,2,Winter,0,0,0,미라시아,콥 샐러드
2024-02-27,2,2,Winter,0,0,0,미라시아,콥 샐러드
2024-02-28,0,2,Winter,0,0,0,미라시아,콥 샐러드
2024-02-29,5,2,Winter,0,0,0,미라시아,콥 샐러드
2024-03-01,7,3,Spring,0,1,1,미라시아,콥 샐러드
2024-03-02,4,3,Spring,1,0,1,미라시아,콥 샐러드
2024-03-03,0,3,Spring,1,0,1,미라시아,콥 샐러드
2024-03-04,0,3,Spring,0,0,0,미라시아,콥 샐러드
2024-03-05,0,3,Spring,0,0,0,미라시아,콥 샐러드
2024-03-06,0,3,Spring,0,0,0,미라시아,콥 샐러드
2024-03-07,0,3,Spring,0,0,0,미라시아,콥 샐러드
2024-03-08,0,3,Spring,0,0,0,미라시아,콥 샐러드
2024-03-09,0,3,Spring,1,0,1,미라시아,콥 샐러드
2024-03-10,0,3,Spring,1,0,1,미라시아,콥 샐러드
2024-03-11,0,3,Spring,0,0,0,미라시아,콥 샐러드
2024-03-12,0,3,Spring,0,0,0,미라시아,콥 샐러드
2024-03-13,1,3,Spring,0,0,0,미라시아,콥 샐러드
2024-03-14,0,3,Spring,0,0,0,미라시아,콥 샐러드
2024-03-15,0,3,Spring,0,0,0,미라시아,콥 샐러드
2024-03-16,8,3,Spring,1,0,1,미라시아,콥 샐러드
2024-03-17,0,3,Spring,1,0,1,미라시아,콥 샐러드
2024-03-18,0,3,Spring,0,0,0,미라시아,콥 샐러드
2024-03-19,0,3,Spring,0,0,0,미라시아,콥 샐러드
2024-03-20,0,3,Spring,0,0,0,미라시아,콥 샐러드
2024-03-21,0,3,Spring,0,0,0,미라시아,콥 샐러드
2024-03-22,2,3,Spring,0,0,0,미라시아,콥 샐러드
2024-03-23,3,3,Spring,1,0,1,미라시아,콥 샐러드
2024-03-24,0,3,Spring,1,0,1,미라시아,콥 샐러드
2024-03-25,0,3,Spring,0,0,0,미라시아,콥 샐러드
2024-03-26,0,3,Spring,0,0,0,미라시아,콥 샐러드
2024-03-27,0,3,Spring,0,0,0,미라시아,콥 샐러드
2024-03-28,1,3,Spring,0,0,0,미라시아,콥 샐러드
2024-03-29,1,3,Spring,0,0,0,미라시아,콥 샐러드
2024-03-30,2,3,Spring,1,0,1,미라시아,콥 샐러드
2024-03-31,0,3,Spring,1,0,1,미라시아,콥 샐러드
2024-04-01,0,4,Spring,0,0,0,미라시아,콥 샐러드
2024-04-02,1,4,Spring,0,0,0,미라시아,콥 샐러드
2024-04-03,3,4,Spring,0,0,0,미라시아,콥 샐러드
2024-04-04,1,4,Spring,0,0,0,미라시아,콥 샐러드
2024-04-05,5,4,Spring,0,0,0,미라시아,콥 샐러드
2024-04-06,5,4,Spring,1,0,1,미라시아,콥 샐러드
2024-04-07,1,4,Spring,1,0,1,미라시아,콥 샐러드
2024-04-08,1,4,Spring,0,0,0,미라시아,콥 샐러드
2024-04-09,1,4,Spring,0,0,0,미라시아,콥 샐러드
2024-04-10,3,4,Spring,0,1,1,미라시아,콥 샐러드
2024-04-11,6,4,Spring,0,0,0,미라시아,콥 샐러드
2024-04-12,1,4,Spring,0,0,0,미라시아,콥 샐러드
2024-04-13,13,4,Spring,1,0,1,미라시아,콥 샐러드
2024-04-14,2,4,Spring,1,0,1,미라시아,콥 샐러드
2024-04-15,3,4,Spring,0,0,0,미라시아,콥 샐러드
2024-04-16,0,4,Spring,0,0,0,미라시아,콥 샐러드
2024-04-17,0,4,Spring,0,0,0,미라시아,콥 샐러드
2024-04-18,4,4,Spring,0,0,0,미라시아,콥 샐러드
2024-04-19,4,4,Spring,0,0,0,미라시아,콥 샐러드
2024-04-20,4,4,Spring,1,0,1,미라시아,콥 샐러드
2024-04-21,3,4,Spring,1,0,1,미라시아,콥 샐러드
2024-04-22,3,4,Spring,0,0,0,미라시아,콥 샐러드
2024-04-23,2,4,Spring,0,0,0,미라시아,콥 샐러드
2024-04-24,0,4,Spring,0,0,0,미라시아,콥 샐러드
2024-04-25,3,4,Spring,0,0,0,미라시아,콥 샐러드
2024-04-26,2,4,Spring,0,0,0,미라시아,콥 샐러드
2024-04-27,3,4,Spring,1,0,1,미라시아,콥 샐러드
2024-04-28,2,4,Spring,1,0,1,미라시아,콥 샐러드
2024-04-29,0,4,Spring,0,0,0,미라시아,콥 샐러드
2024-04-30,0,4,Spring,0,0,0,미라시아,콥 샐러드
2024-05-01,0,5,Spring,0,0,0,미라시아,콥 샐러드
2024-05-02,1,5,Spring,0,0,0,미라시아,콥 샐러드
2024-05-03,3,5,Spring,0,0,0,미라시아,콥 샐러드
2024-05-04,3,5,Spring,1,0,1,미라시아,콥 샐러드
2024-05-05,7,5,Spring,1,1,1,미라시아,콥 샐러드
2024-05-06,0,5,Spring,0,1,1,미라시아,콥 샐러드
2024-05-07,0,5,Spring,0,0,0,미라시아,콥 샐러드
2024-05-08,1,5,Spring,0,0,0,미라시아,콥 샐러드
2024-05-09,0,5,Spring,0,0,0,미라시아,콥 샐러드
2024-05-10,3,5,Spring,0,0,0,미라시아,콥 샐러드
2024-05-11,4,5,Spring,1,0,1,미라시아,콥 샐러드
2024-05-12,1,5,Spring,1,0,1,미라시아,콥 샐러드
2024-05-13,1,5,Spring,0,0,0,미라시아,콥 샐러드
2024-05-14,3,5,Spring,0,0,0,미라시아,콥 샐러드
2024-05-15,0,5,Spring,0,1,1,미라시아,콥 샐러드
2024-05-16,0,5,Spring,0,0,0,미라시아,콥 샐러드
2024-05-17,2,5,Spring,0,0,0,미라시아,콥 샐러드
2024-05-18,7,5,Spring,1,0,1,미라시아,콥 샐러드
2024-05-19,0,5,Spring,1,0,1,미라시아,콥 샐러드
2024-05-20,1,5,Spring,0,0,0,미라시아,콥 샐러드
2024-05-21,1,5,Spring,0,0,0,미라시아,콥 샐러드
2024-05-22,3,5,Spring,0,0,0,미라시아,콥 샐러드
2024-05-23,1,5,Spring,0,0,0,미라시아,콥 샐러드
2024-05-24,3,5,Spring,0,0,0,미라시아,콥 샐러드
2024-05-25,5,5,Spring,1,0,1,미라시아,콥 샐러드
2024-05-26,2,5,Spring,1,0,1,미라시아,콥 샐러드
2024-05-27,0,5,Spring,0,0,0,미라시아,콥 샐러드
2024-05-28,0,5,Spring,0,0,0,미라시아,콥 샐러드
2024-05-29,1,5,Spring,0,0,0,미라시아,콥 샐러드
2024-05-30,6,5,Spring,0,0,0,미라시아,콥 샐러드
2024-05-31,1,5,Spring,0,0,0,미라시아,콥 샐러드
2024-06-01,7,6,Summer,1,0,1,미라시아,콥 샐러드
2024-06-02,0,6,Summer,1,0,1,미라시아,콥 샐러드
2024-06-03,0,6,Summer,0,0,0,미라시아,콥 샐러드
2024-06-04,0,6,Summer,0,0,0,미라시아,콥 샐러드
2024-06-05,4,6,Summer,0,0,0,미라시아,콥 샐러드
2024-06-06,3,6,Summer,0,1,1,미라시아,콥 샐러드
2024-06-07,1,6,Summer,0,0,0,미라시아,콥 샐러드
2024-06-08,3,6,Summer,1,0,1,미라시아,콥 샐러드
2024-06-09,1,6,Summer,1,0,1,미라시아,콥 샐러드
2024-06-10,2,6,Summer,0,0,0,미라시아,콥 샐러드
2024-06-11,1,6,Summer,0,0,0,미라시아,콥 샐러드
2024-06-12,0,6,Summer,0,0,0,미라시아,콥 샐러드
2024-06-13,0,6,Summer,0,0,0,미라시아,콥 샐러드
2024-06-14,0,6,Summer,0,0,0,미라시아,콥 샐러드
2024-06-15,1,6,Summer,1,0,1,미라시아,콥 샐러드
2023-01-01,0,1,Winter,1,1,1,미라시아,파스타면 추가(150g)
2023-01-02,0,1,Winter,0,0,0,미라시아,파스타면 추가(150g)
2023-01-03,0,1,Winter,0,0,0,미라시아,파스타면 추가(150g)
2023-01-04,0,1,Winter,0,0,0,미라시아,파스타면 추가(150g)
2023-01-05,0,1,Winter,0,0,0,미라시아,파스타면 추가(150g)
2023-01-06,0,1,Winter,0,0,0,미라시아,파스타면 추가(150g)
2023-01-07,0,1,Winter,1,0,1,미라시아,파스타면 추가(150g)
2023-01-08,0,1,Winter,1,0,1,미라시아,파스타면 추가(150g)
2023-01-09,0,1,Winter,0,0,0,미라시아,파스타면 추가(150g)
2023-01-10,0,1,Winter,0,0,0,미라시아,파스타면 추가(150g)
2023-01-11,0,1,Winter,0,0,0,미라시아,파스타면 추가(150g)
2023-01-12,0,1,Winter,0,0,0,미라시아,파스타면 추가(150g)
2023-01-13,0,1,Winter,0,0,0,미라시아,파스타면 추가(150g)
2023-01-14,0,1,Winter,1,0,1,미라시아,파스타면 추가(150g)
2023-01-15,0,1,Winter,1,0,1,미라시아,파스타면 추가(150g)
2023-01-16,0,1,Winter,0,0,0,미라시아,파스타면 추가(150g)
2023-01-17,0,1,Winter,0,0,0,미라시아,파스타면 추가(150g)
2023-01-18,0,1,Winter,0,0,0,미라시아,파스타면 추가(150g)
2023-01-19,0,1,Winter,0,0,0,미라시아,파스타면 추가(150g)
2023-01-20,0,1,Winter,0,0,0,미라시아,파스타면 추가(150g)
2023-01-21,0,1,Winter,1,1,1,미라시아,파스타면 추가(150g)
2023-01-22,0,1,Winter,1,1,1,미라시아,파스타면 추가(150g)
2023-01-23,0,1,Winter,0,1,1,미라시아,파스타면 추가(150g)
2023-01-24,0,1,Winter,0,1,1,미라시아,파스타면 추가(150g)
2023-01-25,0,1,Winter,0,0,0,미라시아,파스타면 추가(150g)
2023-01-26,0,1,Winter,0,0,0,미라시아,파스타면 추가(150g)
2023-01-27,0,1,Winter,0,0,0,미라시아,파스타면 추가(150g)
2023-01-28,0,1,Winter,1,0,1,미라시아,파스타면 추가(150g)
2023-01-29,0,1,Winter,1,0,1,미라시아,파스타면 추가(150g)
2023-01-30,0,1,Winter,0,0,0,미라시아,파스타면 추가(150g)
2023-01-31,0,1,Winter,0,0,0,미라시아,파스타면 추가(150g)
2023-02-01,0,2,Winter,0,0,0,미라시아,파스타면 추가(150g)
2023-02-02,0,2,Winter,0,0,0,미라시아,파스타면 추가(150g)
2023-02-03,0,2,Winter,0,0,0,미라시아,파스타면 추가(150g)
2023-02-04,0,2,Winter,1,0,1,미라시아,파스타면 추가(150g)
2023-02-05,0,2,Winter,1,0,1,미라시아,파스타면 추가(150g)
2023-02-06,0,2,Winter,0,0,0,미라시아,파스타면 추가(150g)
2023-02-07,0,2,Winter,0,0,0,미라시아,파스타면 추가(150g)
2023-02-08,0,2,Winter,0,0,0,미라시아,파스타면 추가(150g)
2023-02-09,0,2,Winter,0,0,0,미라시아,파스타면 추가(150g)
2023-02-10,0,2,Winter,0,0,0,미라시아,파스타면 추가(150g)
2023-02-11,0,2,Winter,1,0,1,미라시아,파스타면 추가(150g)
2023-02-12,0,2,Winter,1,0,1,미라시아,파스타면 추가(150g)
2023-02-13,0,2,Winter,0,0,0,미라시아,파스타면 추가(150g)
2023-02-14,0,2,Winter,0,0,0,미라시아,파스타면 추가(150g)
2023-02-15,0,2,Winter,0,0,0,미라시아,파스타면 추가(150g)
2023-02-16,0,2,Winter,0,0,0,미라시아,파스타면 추가(150g)
2023-02-17,0,2,Winter,0,0,0,미라시아,파스타면 추가(150g)
2023-02-18,0,2,Winter,1,0,1,미라시아,파스타면 추가(150g)
2023-02-19,0,2,Winter,1,0,1,미라시아,파스타면 추가(150g)
2023-02-20,0,2,Winter,0,0,0,미라시아,파스타면 추가(150g)
2023-02-21,0,2,Winter,0,0,0,미라시아,파스타면 추가(150g)
2023-02-22,0,2,Winter,0,0,0,미라시아,파스타면 추가(150g)
2023-02-23,0,2,Winter,0,0,0,미라시아,파스타면 추가(150g)
2023-02-24,0,2,Winter,0,0,0,미라시아,파스타면 추가(150g)
2023-02-25,0,2,Winter,1,0,1,미라시아,파스타면 추가(150g)
2023-02-26,0,2,Winter,1,0,1,미라시아,파스타면 추가(150g)
2023-02-27,0,2,Winter,0,0,0,미라시아,파스타면 추가(150g)
2023-02-28,0,2,Winter,0,0,0,미라시아,파스타면 추가(150g)
2023-03-01,0,3,Spring,0,1,1,미라시아,파스타면 추가(150g)
2023-03-02,0,3,Spring,0,0,0,미라시아,파스타면 추가(150g)
2023-03-03,0,3,Spring,0,0,0,미라시아,파스타면 추가(150g)
2023-03-04,0,3,Spring,1,0,1,미라시아,파스타면 추가(150g)
2023-03-05,0,3,Spring,1,0,1,미라시아,파스타면 추가(150g)
2023-03-06,0,3,Spring,0,0,0,미라시아,파스타면 추가(150g)
2023-03-07,0,3,Spring,0,0,0,미라시아,파스타면 추가(150g)
2023-03-08,0,3,Spring,0,0,0,미라시아,파스타면 추가(150g)
2023-03-09,0,3,Spring,0,0,0,미라시아,파스타면 추가(150g)
2023-03-10,0,3,Spring,0,0,0,미라시아,파스타면 추가(150g)
2023-03-11,0,3,Spring,1,0,1,미라시아,파스타면 추가(150g)
2023-03-12,0,3,Spring,1,0,1,미라시아,파스타면 추가(150g)
2023-03-13,0,3,Spring,0,0,0,미라시아,파스타면 추가(150g)
2023-03-14,0,3,Spring,0,0,0,미라시아,파스타면 추가(150g)
2023-03-15,0,3,Spring,0,0,0,미라시아,파스타면 추가(150g)
2023-03-16,0,3,Spring,0,0,0,미라시아,파스타면 추가(150g)
2023-03-17,0,3,Spring,0,0,0,미라시아,파스타면 추가(150g)
2023-03-18,0,3,Spring,1,0,1,미라시아,파스타면 추가(150g)
2023-03-19,0,3,Spring,1,0,1,미라시아,파스타면 추가(150g)
2023-03-20,0,3,Spring,0,0,0,미라시아,파스타면 추가(150g)
2023-03-21,0,3,Spring,0,0,0,미라시아,파스타면 추가(150g)
2023-03-22,0,3,Spring,0,0,0,미라시아,파스타면 추가(150g)
2023-03-23,0,3,Spring,0,0,0,미라시아,파스타면 추가(150g)
2023-03-24,0,3,Spring,0,0,0,미라시아,파스타면 추가(150g)
2023-03-25,0,3,Spring,1,0,1,미라시아,파스타면 추가(150g)
2023-03-26,0,3,Spring,1,0,1,미라시아,파스타면 추가(150g)
2023-03-27,0,3,Spring,0,0,0,미라시아,파스타면 추가(150g)
2023-03-28,0,3,Spring,0,0,0,미라시아,파스타면 추가(150g)
2023-03-29,0,3,Spring,0,0,0,미라시아,파스타면 추가(150g)
2023-03-30,0,3,Spring,0,0,0,미라시아,파스타면 추가(150g)
2023-03-31,0,3,Spring,0,0,0,미라시아,파스타면 추가(150g)
2023-04-01,0,4,Spring,1,0,1,미라시아,파스타면 추가(150g)
2023-04-02,0,4,Spring,1,0,1,미라시아,파스타면 추가(150g)
2023-04-03,0,4,Spring,0,0,0,미라시아,파스타면 추가(150g)
2023-04-04,0,4,Spring,0,0,0,미라시아,파스타면 추가(150g)
2023-04-05,0,4,Spring,0,0,0,미라시아,파스타면 추가(150g)
2023-04-06,0,4,Spring,0,0,0,미라시아,파스타면 추가(150g)
2023-04-07,0,4,Spring,0,0,0,미라시아,파스타면 추가(150g)
2023-04-08,0,4,Spring,1,0,1,미라시아,파스타면 추가(150g)
2023-04-09,0,4,Spring,1,0,1,미라시아,파스타면 추가(150g)
2023-04-10,0,4,Spring,0,0,0,미라시아,파스타면 추가(150g)
2023-04-11,0,4,Spring,0,0,0,미라시아,파스타면 추가(150g)
2023-04-12,0,4,Spring,0,0,0,미라시아,파스타면 추가(150g)
2023-04-13,0,4,Spring,0,0,0,미라시아,파스타면 추가(150g)
2023-04-14,0,4,Spring,0,0,0,미라시아,파스타면 추가(150g)
2023-04-15,0,4,Spring,1,0,1,미라시아,파스타면 추가(150g)
2023-04-16,0,4,Spring,1,0,1,미라시아,파스타면 추가(150g)
2023-04-17,0,4,Spring,0,0,0,미라시아,파스타면 추가(150g)
2023-04-18,0,4,Spring,0,0,0,미라시아,파스타면 추가(150g)
2023-04-19,0,4,Spring,0,0,0,미라시아,파스타면 추가(150g)
2023-04-20,0,4,Spring,0,0,0,미라시아,파스타면 추가(150g)
2023-04-21,0,4,Spring,0,0,0,미라시아,파스타면 추가(150g)
2023-04-22,0,4,Spring,1,0,1,미라시아,파스타면 추가(150g)
2023-04-23,0,4,Spring,1,0,1,미라시아,파스타면 추가(150g)
2023-04-24,0,4,Spring,0,0,0,미라시아,파스타면 추가(150g)
2023-04-25,0,4,Spring,0,0,0,미라시아,파스타면 추가(150g)
2023-04-26,0,4,Spring,0,0,0,미라시아,파스타면 추가(150g)
2023-04-27,0,4,Spring,0,0,0,미라시아,파스타면 추가(150g)
2023-04-28,0,4,Spring,0,0,0,미라시아,파스타면 추가(150g)
2023-04-29,0,4,Spring,1,0,1,미라시아,파스타면 추가(150g)
2023-04-30,0,4,Spring,1,0,1,미라시아,파스타면 추가(150g)
2023-05-01,0,5,Spring,0,0,0,미라시아,파스타면 추가(150g)
2023-05-02,0,5,Spring,0,0,0,미라시아,파스타면 추가(150g)
2023-05-03,0,5,Spring,0,0,0,미라시아,파스타면 추가(150g)
2023-05-04,0,5,Spring,0,0,0,미라시아,파스타면 추가(150g)
2023-05-05,0,5,Spring,0,1,1,미라시아,파스타면 추가(150g)
2023-05-06,0,5,Spring,1,0,1,미라시아,파스타면 추가(150g)
2023-05-07,0,5,Spring,1,0,1,미라시아,파스타면 추가(150g)
2023-05-08,0,5,Spring,0,0,0,미라시아,파스타면 추가(150g)
2023-05-09,0,5,Spring,0,0,0,미라시아,파스타면 추가(150g)
2023-05-10,0,5,Spring,0,0,0,미라시아,파스타면 추가(150g)
2023-05-11,0,5,Spring,0,0,0,미라시아,파스타면 추가(150g)
2023-05-12,0,5,Spring,0,0,0,미라시아,파스타면 추가(150g)
2023-05-13,0,5,Spring,1,0,1,미라시아,파스타면 추가(150g)
2023-05-14,0,5,Spring,1,0,1,미라시아,파스타면 추가(150g)
2023-05-15,0,5,Spring,0,0,0,미라시아,파스타면 추가(150g)
2023-05-16,0,5,Spring,0,0,0,미라시아,파스타면 추가(150g)
2023-05-17,0,5,Spring,0,0,0,미라시아,파스타면 추가(150g)
2023-05-18,0,5,Spring,0,0,0,미라시아,파스타면 추가(150g)
2023-05-19,0,5,Spring,0,0,0,미라시아,파스타면 추가(150g)
2023-05-20,0,5,Spring,1,0,1,미라시아,파스타면 추가(150g)
2023-05-21,0,5,Spring,1,0,1,미라시아,파스타면 추가(150g)
2023-05-22,0,5,Spring,0,0,0,미라시아,파스타면 추가(150g)
2023-05-23,0,5,Spring,0,0,0,미라시아,파스타면 추가(150g)
2023-05-24,0,5,Spring,0,0,0,미라시아,파스타면 추가(150g)
2023-05-25,0,5,Spring,0,0,0,미라시아,파스타면 추가(150g)
2023-05-26,0,5,Spring,0,0,0,미라시아,파스타면 추가(150g)
2023-05-27,0,5,Spring,1,1,1,미라시아,파스타면 추가(150g)
2023-05-28,0,5,Spring,1,0,1,미라시아,파스타면 추가(150g)
2023-05-29,0,5,Spring,0,1,1,미라시아,파스타면 추가(150g)
2023-05-30,0,5,Spring,0,0,0,미라시아,파스타면 추가(150g)
2023-05-31,0,5,Spring,0,0,0,미라시아,파스타면 추가(150g)
2023-06-01,0,6,Summer,0,0,0,미라시아,파스타면 추가(150g)
2023-06-02,0,6,Summer,0,0,0,미라시아,파스타면 추가(150g)
2023-06-03,1,6,Summer,1,0,1,미라시아,파스타면 추가(150g)
2023-06-04,0,6,Summer,1,0,1,미라시아,파스타면 추가(150g)
2023-06-05,0,6,Summer,0,0,0,미라시아,파스타면 추가(150g)
2023-06-06,1,6,Summer,0,1,1,미라시아,파스타면 추가(150g)
2023-06-07,1,6,Summer,0,0,0,미라시아,파스타면 추가(150g)
2023-06-08,0,6,Summer,0,0,0,미라시아,파스타면 추가(150g)
2023-06-09,0,6,Summer,0,0,0,미라시아,파스타면 추가(150g)
2023-06-10,2,6,Summer,1,0,1,미라시아,파스타면 추가(150g)
2023-06-11,0,6,Summer,1,0,1,미라시아,파스타면 추가(150g)
2023-06-12,0,6,Summer,0,0,0,미라시아,파스타면 추가(150g)
2023-06-13,0,6,Summer,0,0,0,미라시아,파스타면 추가(150g)
2023-06-14,0,6,Summer,0,0,0,미라시아,파스타면 추가(150g)
2023-06-15,0,6,Summer,0,0,0,미라시아,파스타면 추가(150g)
2023-06-16,0,6,Summer,0,0,0,미라시아,파스타면 추가(150g)
2023-06-17,5,6,Summer,1,0,1,미라시아,파스타면 추가(150g)
2023-06-18,1,6,Summer,1,0,1,미라시아,파스타면 추가(150g)
2023-06-19,0,6,Summer,0,0,0,미라시아,파스타면 추가(150g)
2023-06-20,0,6,Summer,0,0,0,미라시아,파스타면 추가(150g)
2023-06-21,0,6,Summer,0,0,0,미라시아,파스타면 추가(150g)
2023-06-22,0,6,Summer,0,0,0,미라시아,파스타면 추가(150g)
2023-06-23,1,6,Summer,0,0,0,미라시아,파스타면 추가(150g)
2023-06-24,7,6,Summer,1,0,1,미라시아,파스타면 추가(150g)
2023-06-25,1,6,Summer,1,0,1,미라시아,파스타면 추가(150g)
2023-06-26,0,6,Summer,0,0,0,미라시아,파스타면 추가(150g)
2023-06-27,0,6,Summer,0,0,0,미라시아,파스타면 추가(150g)
2023-06-28,0,6,Summer,0,0,0,미라시아,파스타면 추가(150g)
2023-06-29,0,6,Summer,0,0,0,미라시아,파스타면 추가(150g)
2023-06-30,1,6,Summer,0,0,0,미라시아,파스타면 추가(150g)
2023-07-01,3,7,Summer,1,0,1,미라시아,파스타면 추가(150g)
2023-07-02,0,7,Summer,1,0,1,미라시아,파스타면 추가(150g)
2023-07-03,0,7,Summer,0,0,0,미라시아,파스타면 추가(150g)
2023-07-04,0,7,Summer,0,0,0,미라시아,파스타면 추가(150g)
2023-07-05,1,7,Summer,0,0,0,미라시아,파스타면 추가(150g)
2023-07-06,0,7,Summer,0,0,0,미라시아,파스타면 추가(150g)
2023-07-07,1,7,Summer,0,0,0,미라시아,파스타면 추가(150g)
2023-07-08,0,7,Summer,1,0,1,미라시아,파스타면 추가(150g)
2023-07-09,0,7,Summer,1,0,1,미라시아,파스타면 추가(150g)
2023-07-10,0,7,Summer,0,0,0,미라시아,파스타면 추가(150g)
2023-07-11,0,7,Summer,0,0,0,미라시아,파스타면 추가(150g)
2023-07-12,0,7,Summer,0,0,0,미라시아,파스타면 추가(150g)
2023-07-13,1,7,Summer,0,0,0,미라시아,파스타면 추가(150g)
2023-07-14,4,7,Summer,0,0,0,미라시아,파스타면 추가(150g)
2023-07-15,1,7,Summer,1,0,1,미라시아,파스타면 추가(150g)
2023-07-16,1,7,Summer,1,0,1,미라시아,파스타면 추가(150g)
2023-07-17,1,7,Summer,0,0,0,미라시아,파스타면 추가(150g)
2023-07-18,0,7,Summer,0,0,0,미라시아,파스타면 추가(150g)
2023-07-19,3,7,Summer,0,0,0,미라시아,파스타면 추가(150g)
2023-07-20,0,7,Summer,0,0,0,미라시아,파스타면 추가(150g)
2023-07-21,1,7,Summer,0,0,0,미라시아,파스타면 추가(150g)
2023-07-22,0,7,Summer,1,0,1,미라시아,파스타면 추가(150g)
2023-07-23,3,7,Summer,1,0,1,미라시아,파스타면 추가(150g)
2023-07-24,1,7,Summer,0,0,0,미라시아,파스타면 추가(150g)
2023-07-25,4,7,Summer,0,0,0,미라시아,파스타면 추가(150g)
2023-07-26,1,7,Summer,0,0,0,미라시아,파스타면 추가(150g)
2023-07-27,0,7,Summer,0,0,0,미라시아,파스타면 추가(150g)
2023-07-28,3,7,Summer,0,0,0,미라시아,파스타면 추가(150g)
2023-07-29,1,7,Summer,1,0,1,미라시아,파스타면 추가(150g)
2023-07-30,3,7,Summer,1,0,1,미라시아,파스타면 추가(150g)
2023-07-31,0,7,Summer,0,0,0,미라시아,파스타면 추가(150g)
2023-08-01,1,8,Summer,0,0,0,미라시아,파스타면 추가(150g)
2023-08-02,1,8,Summer,0,0,0,미라시아,파스타면 추가(150g)
2023-08-03,1,8,Summer,0,0,0,미라시아,파스타면 추가(150g)
2023-08-04,2,8,Summer,0,0,0,미라시아,파스타면 추가(150g)
2023-08-05,4,8,Summer,1,0,1,미라시아,파스타면 추가(150g)
2023-08-06,0,8,Summer,1,0,1,미라시아,파스타면 추가(150g)
2023-08-07,2,8,Summer,0,0,0,미라시아,파스타면 추가(150g)
2023-08-08,1,8,Summer,0,0,0,미라시아,파스타면 추가(150g)
2023-08-09,2,8,Summer,0,0,0,미라시아,파스타면 추가(150g)
2023-08-10,0,8,Summer,0,0,0,미라시아,파스타면 추가(150g)
2023-08-11,1,8,Summer,0,0,0,미라시아,파스타면 추가(150g)
2023-08-12,2,8,Summer,1,0,1,미라시아,파스타면 추가(150g)
2023-08-13,2,8,Summer,1,0,1,미라시아,파스타면 추가(150g)
2023-08-14,3,8,Summer,0,0,0,미라시아,파스타면 추가(150g)
2023-08-15,1,8,Summer,0,1,1,미라시아,파스타면 추가(150g)
2023-08-16,2,8,Summer,0,0,0,미라시아,파스타면 추가(150g)
2023-08-17,3,8,Summer,0,0,0,미라시아,파스타면 추가(150g)
2023-08-18,0,8,Summer,0,0,0,미라시아,파스타면 추가(150g)
2023-08-19,3,8,Summer,1,0,1,미라시아,파스타면 추가(150g)
2023-08-20,0,8,Summer,1,0,1,미라시아,파스타면 추가(150g)
2023-08-21,0,8,Summer,0,0,0,미라시아,파스타면 추가(150g)
2023-08-22,1,8,Summer,0,0,0,미라시아,파스타면 추가(150g)
2023-08-23,0,8,Summer,0,0,0,미라시아,파스타면 추가(150g)
2023-08-24,1,8,Summer,0,0,0,미라시아,파스타면 추가(150g)
2023-08-25,0,8,Summer,0,0,0,미라시아,파스타면 추가(150g)
2023-08-26,0,8,Summer,1,0,1,미라시아,파스타면 추가(150g)
2023-08-27,2,8,Summer,1,0,1,미라시아,파스타면 추가(150g)
2023-08-28,0,8,Summer,0,0,0,미라시아,파스타면 추가(150g)
2023-08-29,0,8,Summer,0,0,0,미라시아,파스타면 추가(150g)
2023-08-30,0,8,Summer,0,0,0,미라시아,파스타면 추가(150g)
2023-08-31,0,8,Summer,0,0,0,미라시아,파스타면 추가(150g)
2023-09-01,0,9,Autumn,0,0,0,미라시아,파스타면 추가(150g)
2023-09-02,0,9,Autumn,1,0,1,미라시아,파스타면 추가(150g)
2023-09-03,0,9,Autumn,1,0,1,미라시아,파스타면 추가(150g)
2023-09-04,0,9,Autumn,0,0,0,미라시아,파스타면 추가(150g)
2023-09-05,1,9,Autumn,0,0,0,미라시아,파스타면 추가(150g)
2023-09-06,0,9,Autumn,0,0,0,미라시아,파스타면 추가(150g)
2023-09-07,0,9,Autumn,0,0,0,미라시아,파스타면 추가(150g)
2023-09-08,0,9,Autumn,0,0,0,미라시아,파스타면 추가(150g)
2023-09-09,2,9,Autumn,1,0,1,미라시아,파스타면 추가(150g)
2023-09-10,0,9,Autumn,1,0,1,미라시아,파스타면 추가(150g)
2023-09-11,0,9,Autumn,0,0,0,미라시아,파스타면 추가(150g)
2023-09-12,0,9,Autumn,0,0,0,미라시아,파스타면 추가(150g)
2023-09-13,2,9,Autumn,0,0,0,미라시아,파스타면 추가(150g)
2023-09-14,0,9,Autumn,0,0,0,미라시아,파스타면 추가(150g)
2023-09-15,6,9,Autumn,0,0,0,미라시아,파스타면 추가(150g)
2023-09-16,2,9,Autumn,1,0,1,미라시아,파스타면 추가(150g)
2023-09-17,0,9,Autumn,1,0,1,미라시아,파스타면 추가(150g)
2023-09-18,0,9,Autumn,0,0,0,미라시아,파스타면 추가(150g)
2023-09-19,0,9,Autumn,0,0,0,미라시아,파스타면 추가(150g)
2023-09-20,0,9,Autumn,0,0,0,미라시아,파스타면 추가(150g)
2023-09-21,1,9,Autumn,0,0,0,미라시아,파스타면 추가(150g)
2023-09-22,0,9,Autumn,0,0,0,미라시아,파스타면 추가(150g)
2023-09-23,1,9,Autumn,1,0,1,미라시아,파스타면 추가(150g)
2023-09-24,0,9,Autumn,1,0,1,미라시아,파스타면 추가(150g)
2023-09-25,0,9,Autumn,0,0,0,미라시아,파스타면 추가(150g)
2023-09-26,1,9,Autumn,0,0,0,미라시아,파스타면 추가(150g)
2023-09-27,4,9,Autumn,0,0,0,미라시아,파스타면 추가(150g)
2023-09-28,3,9,Autumn,0,1,1,미라시아,파스타면 추가(150g)
2023-09-29,4,9,Autumn,0,1,1,미라시아,파스타면 추가(150g)
2023-09-30,3,9,Autumn,1,1,1,미라시아,파스타면 추가(150g)
2023-10-01,0,10,Autumn,1,0,1,미라시아,파스타면 추가(150g)
2023-10-02,2,10,Autumn,0,1,1,미라시아,파스타면 추가(150g)
2023-10-03,0,10,Autumn,0,1,1,미라시아,파스타면 추가(150g)
2023-10-04,2,10,Autumn,0,0,0,미라시아,파스타면 추가(150g)
2023-10-05,0,10,Autumn,0,0,0,미라시아,파스타면 추가(150g)
2023-10-06,1,10,Autumn,0,0,0,미라시아,파스타면 추가(150g)
2023-10-07,3,10,Autumn,1,0,1,미라시아,파스타면 추가(150g)
2023-10-08,2,10,Autumn,1,0,1,미라시아,파스타면 추가(150g)
2023-10-09,1,10,Autumn,0,1,1,미라시아,파스타면 추가(150g)
2023-10-10,0,10,Autumn,0,0,0,미라시아,파스타면 추가(150g)
2023-10-11,0,10,Autumn,0,0,0,미라시아,파스타면 추가(150g)
2023-10-12,0,10,Autumn,0,0,0,미라시아,파스타면 추가(150g)
2023-10-13,3,10,Autumn,0,0,0,미라시아,파스타면 추가(150g)
2023-10-14,2,10,Autumn,1,0,1,미라시아,파스타면 추가(150g)
2023-10-15,2,10,Autumn,1,0,1,미라시아,파스타면 추가(150g)
2023-10-16,1,10,Autumn,0,0,0,미라시아,파스타면 추가(150g)
2023-10-17,1,10,Autumn,0,0,0,미라시아,파스타면 추가(150g)
2023-10-18,2,10,Autumn,0,0,0,미라시아,파스타면 추가(150g)
2023-10-19,0,10,Autumn,0,0,0,미라시아,파스타면 추가(150g)
2023-10-20,0,10,Autumn,0,0,0,미라시아,파스타면 추가(150g)
2023-10-21,2,10,Autumn,1,0,1,미라시아,파스타면 추가(150g)
2023-10-22,6,10,Autumn,1,0,1,미라시아,파스타면 추가(150g)
2023-10-23,0,10,Autumn,0,0,0,미라시아,파스타면 추가(150g)
2023-10-24,1,10,Autumn,0,0,0,미라시아,파스타면 추가(150g)
2023-10-25,1,10,Autumn,0,0,0,미라시아,파스타면 추가(150g)
2023-10-26,0,10,Autumn,0,0,0,미라시아,파스타면 추가(150g)
2023-10-27,0,10,Autumn,0,0,0,미라시아,파스타면 추가(150g)
2023-10-28,4,10,Autumn,1,0,1,미라시아,파스타면 추가(150g)
2023-10-29,0,10,Autumn,1,0,1,미라시아,파스타면 추가(150g)
2023-10-30,1,10,Autumn,0,0,0,미라시아,파스타면 추가(150g)
2023-10-31,0,10,Autumn,0,0,0,미라시아,파스타면 추가(150g)
2023-11-01,1,11,Autumn,0,0,0,미라시아,파스타면 추가(150g)
2023-11-02,0,11,Autumn,0,0,0,미라시아,파스타면 추가(150g)
2023-11-03,0,11,Autumn,0,0,0,미라시아,파스타면 추가(150g)
2023-11-04,1,11,Autumn,1,0,1,미라시아,파스타면 추가(150g)
2023-11-05,1,11,Autumn,1,0,1,미라시아,파스타면 추가(150g)
2023-11-06,1,11,Autumn,0,0,0,미라시아,파스타면 추가(150g)
2023-11-07,0,11,Autumn,0,0,0,미라시아,파스타면 추가(150g)
2023-11-08,0,11,Autumn,0,0,0,미라시아,파스타면 추가(150g)
2023-11-09,0,11,Autumn,0,0,0,미라시아,파스타면 추가(150g)
2023-11-10,0,11,Autumn,0,0,0,미라시아,파스타면 추가(150g)
2023-11-11,2,11,Autumn,1,0,1,미라시아,파스타면 추가(150g)
2023-11-12,1,11,Autumn,1,0,1,미라시아,파스타면 추가(150g)
2023-11-13,0,11,Autumn,0,0,0,미라시아,파스타면 추가(150g)
2023-11-14,3,11,Autumn,0,0,0,미라시아,파스타면 추가(150g)
2023-11-15,1,11,Autumn,0,0,0,미라시아,파스타면 추가(150g)
2023-11-16,0,11,Autumn,0,0,0,미라시아,파스타면 추가(150g)
2023-11-17,0,11,Autumn,0,0,0,미라시아,파스타면 추가(150g)
2023-11-18,2,11,Autumn,1,0,1,미라시아,파스타면 추가(150g)
2023-11-19,0,11,Autumn,1,0,1,미라시아,파스타면 추가(150g)
2023-11-20,0,11,Autumn,0,0,0,미라시아,파스타면 추가(150g)
2023-11-21,0,11,Autumn,0,0,0,미라시아,파스타면 추가(150g)
2023-11-22,0,11,Autumn,0,0,0,미라시아,파스타면 추가(150g)
2023-11-23,1,11,Autumn,0,0,0,미라시아,파스타면 추가(150g)
2023-11-24,0,11,Autumn,0,0,0,미라시아,파스타면 추가(150g)
2023-11-25,2,11,Autumn,1,0,1,미라시아,파스타면 추가(150g)
2023-11-26,0,11,Autumn,1,0,1,미라시아,파스타면 추가(150g)
2023-11-27,0,11,Autumn,0,0,0,미라시아,파스타면 추가(150g)
2023-11-28,0,11,Autumn,0,0,0,미라시아,파스타면 추가(150g)
2023-11-29,1,11,Autumn,0,0,0,미라시아,파스타면 추가(150g)
2023-11-30,0,11,Autumn,0,0,0,미라시아,파스타면 추가(150g)
2023-12-01,0,12,Winter,0,0,0,미라시아,파스타면 추가(150g)
2023-12-02,1,12,Winter,1,0,1,미라시아,파스타면 추가(150g)
2023-12-03,0,12,Winter,1,0,1,미라시아,파스타면 추가(150g)
2023-12-04,0,12,Winter,0,0,0,미라시아,파스타면 추가(150g)
2023-12-05,0,12,Winter,0,0,0,미라시아,파스타면 추가(150g)
2023-12-06,0,12,Winter,0,0,0,미라시아,파스타면 추가(150g)
2023-12-07,0,12,Winter,0,0,0,미라시아,파스타면 추가(150g)
2023-12-08,0,12,Winter,0,0,0,미라시아,파스타면 추가(150g)
2023-12-09,0,12,Winter,1,0,1,미라시아,파스타면 추가(150g)
2023-12-10,0,12,Winter,1,0,1,미라시아,파스타면 추가(150g)
2023-12-11,0,12,Winter,0,0,0,미라시아,파스타면 추가(150g)
2023-12-12,0,12,Winter,0,0,0,미라시아,파스타면 추가(150g)
2023-12-13,0,12,Winter,0,0,0,미라시아,파스타면 추가(150g)
2023-12-14,2,12,Winter,0,0,0,미라시아,파스타면 추가(150g)
2023-12-15,0,12,Winter,0,0,0,미라시아,파스타면 추가(150g)
2023-12-16,1,12,Winter,1,0,1,미라시아,파스타면 추가(150g)
2023-12-17,1,12,Winter,1,0,1,미라시아,파스타면 추가(150g)
2023-12-18,0,12,Winter,0,0,0,미라시아,파스타면 추가(150g)
2023-12-19,0,12,Winter,0,0,0,미라시아,파스타면 추가(150g)
2023-12-20,3,12,Winter,0,0,0,미라시아,파스타면 추가(150g)
2023-12-21,0,12,Winter,0,0,0,미라시아,파스타면 추가(150g)
2023-12-22,1,12,Winter,0,0,0,미라시아,파스타면 추가(150g)
2023-12-23,5,12,Winter,1,0,1,미라시아,파스타면 추가(150g)
2023-12-24,8,12,Winter,1,0,1,미라시아,파스타면 추가(150g)
2023-12-25,1,12,Winter,0,1,1,미라시아,파스타면 추가(150g)
2023-12-26,0,12,Winter,0,0,0,미라시아,파스타면 추가(150g)
2023-12-27,1,12,Winter,0,0,0,미라시아,파스타면 추가(150g)
2023-12-28,3,12,Winter,0,0,0,미라시아,파스타면 추가(150g)
2023-12-29,1,12,Winter,0,0,0,미라시아,파스타면 추가(150g)
2023-12-30,3,12,Winter,1,0,1,미라시아,파스타면 추가(150g)
2023-12-31,7,12,Winter,1,0,1,미라시아,파스타면 추가(150g)
2024-01-01,1,1,Winter,0,1,1,미라시아,파스타면 추가(150g)
2024-01-02,0,1,Winter,0,0,0,미라시아,파스타면 추가(150g)
2024-01-03,0,1,Winter,0,0,0,미라시아,파스타면 추가(150g)
2024-01-04,2,1,Winter,0,0,0,미라시아,파스타면 추가(150g)
2024-01-05,0,1,Winter,0,0,0,미라시아,파스타면 추가(150g)
2024-01-06,3,1,Winter,1,0,1,미라시아,파스타면 추가(150g)
2024-01-07,1,1,Winter,1,0,1,미라시아,파스타면 추가(150g)
2024-01-08,0,1,Winter,0,0,0,미라시아,파스타면 추가(150g)
2024-01-09,0,1,Winter,0,0,0,미라시아,파스타면 추가(150g)
2024-01-10,1,1,Winter,0,0,0,미라시아,파스타면 추가(150g)
2024-01-11,0,1,Winter,0,0,0,미라시아,파스타면 추가(150g)
2024-01-12,1,1,Winter,0,0,0,미라시아,파스타면 추가(150g)
2024-01-13,2,1,Winter,1,0,1,미라시아,파스타면 추가(150g)
2024-01-14,0,1,Winter,1,0,1,미라시아,파스타면 추가(150g)
2024-01-15,0,1,Winter,0,0,0,미라시아,파스타면 추가(150g)
2024-01-16,0,1,Winter,0,0,0,미라시아,파스타면 추가(150g)
2024-01-17,0,1,Winter,0,0,0,미라시아,파스타면 추가(150g)
2024-01-18,0,1,Winter,0,0,0,미라시아,파스타면 추가(150g)
2024-01-19,0,1,Winter,0,0,0,미라시아,파스타면 추가(150g)
2024-01-20,3,1,Winter,1,0,1,미라시아,파스타면 추가(150g)
2024-01-21,2,1,Winter,1,0,1,미라시아,파스타면 추가(150g)
2024-01-22,1,1,Winter,0,0,0,미라시아,파스타면 추가(150g)
2024-01-23,0,1,Winter,0,0,0,미라시아,파스타면 추가(150g)
2024-01-24,3,1,Winter,0,0,0,미라시아,파스타면 추가(150g)
2024-01-25,0,1,Winter,0,0,0,미라시아,파스타면 추가(150g)
2024-01-26,2,1,Winter,0,0,0,미라시아,파스타면 추가(150g)
2024-01-27,4,1,Winter,1,0,1,미라시아,파스타면 추가(150g)
2024-01-28,0,1,Winter,1,0,1,미라시아,파스타면 추가(150g)
2024-01-29,1,1,Winter,0,0,0,미라시아,파스타면 추가(150g)
2024-01-30,0,1,Winter,0,0,0,미라시아,파스타면 추가(150g)
2024-01-31,0,1,Winter,0,0,0,미라시아,파스타면 추가(150g)
2024-02-01,0,2,Winter,0,0,0,미라시아,파스타면 추가(150g)
2024-02-02,0,2,Winter,0,0,0,미라시아,파스타면 추가(150g)
2024-02-03,1,2,Winter,1,0,1,미라시아,파스타면 추가(150g)
2024-02-04,1,2,Winter,1,0,1,미라시아,파스타면 추가(150g)
2024-02-05,0,2,Winter,0,0,0,미라시아,파스타면 추가(150g)
2024-02-06,0,2,Winter,0,0,0,미라시아,파스타면 추가(150g)
2024-02-07,1,2,Winter,0,0,0,미라시아,파스타면 추가(150g)
2024-02-08,0,2,Winter,0,0,0,미라시아,파스타면 추가(150g)
2024-02-09,3,2,Winter,0,1,1,미라시아,파스타면 추가(150g)
2024-02-10,5,2,Winter,1,1,1,미라시아,파스타면 추가(150g)
2024-02-11,2,2,Winter,1,1,1,미라시아,파스타면 추가(150g)
2024-02-12,1,2,Winter,0,1,1,미라시아,파스타면 추가(150g)
2024-02-13,0,2,Winter,0,0,0,미라시아,파스타면 추가(150g)
2024-02-14,1,2,Winter,0,0,0,미라시아,파스타면 추가(150g)
2024-02-15,2,2,Winter,0,0,0,미라시아,파스타면 추가(150g)
2024-02-16,1,2,Winter,0,0,0,미라시아,파스타면 추가(150g)
2024-02-17,0,2,Winter,1,0,1,미라시아,파스타면 추가(150g)
2024-02-18,0,2,Winter,1,0,1,미라시아,파스타면 추가(150g)
2024-02-19,0,2,Winter,0,0,0,미라시아,파스타면 추가(150g)
2024-02-20,0,2,Winter,0,0,0,미라시아,파스타면 추가(150g)
2024-02-21,0,2,Winter,0,0,0,미라시아,파스타면 추가(150g)
2024-02-22,0,2,Winter,0,0,0,미라시아,파스타면 추가(150g)
2024-02-23,0,2,Winter,0,0,0,미라시아,파스타면 추가(150g)
2024-02-24,0,2,Winter,1,0,1,미라시아,파스타면 추가(150g)
2024-02-25,2,2,Winter,1,0,1,미라시아,파스타면 추가(150g)
2024-02-26,0,2,Winter,0,0,0,미라시아,파스타면 추가(150g)
2024-02-27,0,2,Winter,0,0,0,미라시아,파스타면 추가(150g)
2024-02-28,1,2,Winter,0,0,0,미라시아,파스타면 추가(150g)
2024-02-29,2,2,Winter,0,0,0,미라시아,파스타면 추가(150g)
2024-03-01,1,3,Spring,0,1,1,미라시아,파스타면 추가(150g)
2024-03-02,0,3,Spring,1,0,1,미라시아,파스타면 추가(150g)
2024-03-03,0,3,Spring,1,0,1,미라시아,파스타면 추가(150g)
2024-03-04,0,3,Spring,0,0,0,미라시아,파스타면 추가(150g)
2024-03-05,0,3,Spring,0,0,0,미라시아,파스타면 추가(150g)
2024-03-06,0,3,Spring,0,0,0,미라시아,파스타면 추가(150g)
2024-03-07,0,3,Spring,0,0,0,미라시아,파스타면 추가(150g)
2024-03-08,0,3,Spring,0,0,0,미라시아,파스타면 추가(150g)
2024-03-09,0,3,Spring,1,0,1,미라시아,파스타면 추가(150g)
2024-03-10,0,3,Spring,1,0,1,미라시아,파스타면 추가(150g)
2024-03-11,0,3,Spring,0,0,0,미라시아,파스타면 추가(150g)
2024-03-12,0,3,Spring,0,0,0,미라시아,파스타면 추가(150g)
2024-03-13,0,3,Spring,0,0,0,미라시아,파스타면 추가(150g)
2024-03-14,0,3,Spring,0,0,0,미라시아,파스타면 추가(150g)
2024-03-15,0,3,Spring,0,0,0,미라시아,파스타면 추가(150g)
2024-03-16,1,3,Spring,1,0,1,미라시아,파스타면 추가(150g)
2024-03-17,2,3,Spring,1,0,1,미라시아,파스타면 추가(150g)
2024-03-18,0,3,Spring,0,0,0,미라시아,파스타면 추가(150g)
2024-03-19,0,3,Spring,0,0,0,미라시아,파스타면 추가(150g)
2024-03-20,0,3,Spring,0,0,0,미라시아,파스타면 추가(150g)
2024-03-21,0,3,Spring,0,0,0,미라시아,파스타면 추가(150g)
2024-03-22,0,3,Spring,0,0,0,미라시아,파스타면 추가(150g)
2024-03-23,2,3,Spring,1,0,1,미라시아,파스타면 추가(150g)
2024-03-24,0,3,Spring,1,0,1,미라시아,파스타면 추가(150g)
2024-03-25,0,3,Spring,0,0,0,미라시아,파스타면 추가(150g)
2024-03-26,1,3,Spring,0,0,0,미라시아,파스타면 추가(150g)
2024-03-27,0,3,Spring,0,0,0,미라시아,파스타면 추가(150g)
2024-03-28,1,3,Spring,0,0,0,미라시아,파스타면 추가(150g)
2024-03-29,0,3,Spring,0,0,0,미라시아,파스타면 추가(150g)
2024-03-30,1,3,Spring,1,0,1,미라시아,파스타면 추가(150g)
2024-03-31,0,3,Spring,1,0,1,미라시아,파스타면 추가(150g)
2024-04-01,0,4,Spring,0,0,0,미라시아,파스타면 추가(150g)
2024-04-02,0,4,Spring,0,0,0,미라시아,파스타면 추가(150g)
2024-04-03,0,4,Spring,0,0,0,미라시아,파스타면 추가(150g)
2024-04-04,1,4,Spring,0,0,0,미라시아,파스타면 추가(150g)
2024-04-05,0,4,Spring,0,0,0,미라시아,파스타면 추가(150g)
2024-04-06,3,4,Spring,1,0,1,미라시아,파스타면 추가(150g)
2024-04-07,0,4,Spring,1,0,1,미라시아,파스타면 추가(150g)
2024-04-08,0,4,Spring,0,0,0,미라시아,파스타면 추가(150g)
2024-04-09,2,4,Spring,0,0,0,미라시아,파스타면 추가(150g)
2024-04-10,1,4,Spring,0,1,1,미라시아,파스타면 추가(150g)
2024-04-11,2,4,Spring,0,0,0,미라시아,파스타면 추가(150g)
2024-04-12,1,4,Spring,0,0,0,미라시아,파스타면 추가(150g)
2024-04-13,6,4,Spring,1,0,1,미라시아,파스타면 추가(150g)
2024-04-14,1,4,Spring,1,0,1,미라시아,파스타면 추가(150g)
2024-04-15,0,4,Spring,0,0,0,미라시아,파스타면 추가(150g)
2024-04-16,0,4,Spring,0,0,0,미라시아,파스타면 추가(150g)
2024-04-17,1,4,Spring,0,0,0,미라시아,파스타면 추가(150g)
2024-04-18,0,4,Spring,0,0,0,미라시아,파스타면 추가(150g)
2024-04-19,1,4,Spring,0,0,0,미라시아,파스타면 추가(150g)
2024-04-20,1,4,Spring,1,0,1,미라시아,파스타면 추가(150g)
2024-04-21,1,4,Spring,1,0,1,미라시아,파스타면 추가(150g)
2024-04-22,0,4,Spring,0,0,0,미라시아,파스타면 추가(150g)
2024-04-23,0,4,Spring,0,0,0,미라시아,파스타면 추가(150g)
2024-04-24,0,4,Spring,0,0,0,미라시아,파스타면 추가(150g)
2024-04-25,0,4,Spring,0,0,0,미라시아,파스타면 추가(150g)
2024-04-26,1,4,Spring,0,0,0,미라시아,파스타면 추가(150g)
2024-04-27,2,4,Spring,1,0,1,미라시아,파스타면 추가(150g)
2024-04-28,1,4,Spring,1,0,1,미라시아,파스타면 추가(150g)
2024-04-29,1,4,Spring,0,0,0,미라시아,파스타면 추가(150g)
2024-04-30,0,4,Spring,0,0,0,미라시아,파스타면 추가(150g)
2024-05-01,0,5,Spring,0,0,0,미라시아,파스타면 추가(150g)
2024-05-02,0,5,Spring,0,0,0,미라시아,파스타면 추가(150g)
2024-05-03,2,5,Spring,0,0,0,미라시아,파스타면 추가(150g)
2024-05-04,1,5,Spring,1,0,1,미라시아,파스타면 추가(150g)
2024-05-05,5,5,Spring,1,1,1,미라시아,파스타면 추가(150g)
2024-05-06,0,5,Spring,0,1,1,미라시아,파스타면 추가(150g)
2024-05-07,0,5,Spring,0,0,0,미라시아,파스타면 추가(150g)
2024-05-08,0,5,Spring,0,0,0,미라시아,파스타면 추가(150g)
2024-05-09,0,5,Spring,0,0,0,미라시아,파스타면 추가(150g)
2024-05-10,0,5,Spring,0,0,0,미라시아,파스타면 추가(150g)
2024-05-11,1,5,Spring,1,0,1,미라시아,파스타면 추가(150g)
2024-05-12,0,5,Spring,1,0,1,미라시아,파스타면 추가(150g)
2024-05-13,0,5,Spring,0,0,0,미라시아,파스타면 추가(150g)
2024-05-14,1,5,Spring,0,0,0,미라시아,파스타면 추가(150g)
2024-05-15,0,5,Spring,0,1,1,미라시아,파스타면 추가(150g)
2024-05-16,0,5,Spring,0,0,0,미라시아,파스타면 추가(150g)
2024-05-17,0,5,Spring,0,0,0,미라시아,파스타면 추가(150g)
2024-05-18,0,5,Spring,1,0,1,미라시아,파스타면 추가(150g)
2024-05-19,0,5,Spring,1,0,1,미라시아,파스타면 추가(150g)
2024-05-20,0,5,Spring,0,0,0,미라시아,파스타면 추가(150g)
2024-05-21,0,5,Spring,0,0,0,미라시아,파스타면 추가(150g)
2024-05-22,1,5,Spring,0,0,0,미라시아,파스타면 추가(150g)
2024-05-23,0,5,Spring,0,0,0,미라시아,파스타면 추가(150g)
2024-05-24,0,5,Spring,0,0,0,미라시아,파스타면 추가(150g)
2024-05-25,1,5,Spring,1,0,1,미라시아,파스타면 추가(150g)
2024-05-26,0,5,Spring,1,0,1,미라시아,파스타면 추가(150g)
2024-05-27,0,5,Spring,0,0,0,미라시아,파스타면 추가(150g)
2024-05-28,0,5,Spring,0,0,0,미라시아,파스타면 추가(150g)
2024-05-29,0,5,Spring,0,0,0,미라시아,파스타면 추가(150g)
2024-05-30,0,5,Spring,0,0,0,미라시아,파스타면 추가(150g)
2024-05-31,0,5,Spring,0,0,0,미라시아,파스타면 추가(150g)
2024-06-01,5,6,Summer,1,0,1,미라시아,파스타면 추가(150g)
2024-06-02,0,6,Summer,1,0,1,미라시아,파스타면 추가(150g)
2024-06-03,0,6,Summer,0,0,0,미라시아,파스타면 추가(150g)
2024-06-04,0,6,Summer,0,0,0,미라시아,파스타면 추가(150g)
2024-06-05,2,6,Summer,0,0,0,미라시아,파스타면 추가(150g)
2024-06-06,0,6,Summer,0,1,1,미라시아,파스타면 추가(150g)
2024-06-07,0,6,Summer,0,0,0,미라시아,파스타면 추가(150g)
2024-06-08,1,6,Summer,1,0,1,미라시아,파스타면 추가(150g)
2024-06-09,0,6,Summer,1,0,1,미라시아,파스타면 추가(150g)
2024-06-10,1,6,Summer,0,0,0,미라시아,파스타면 추가(150g)
2024-06-11,0,6,Summer,0,0,0,미라시아,파스타면 추가(150g)
2024-06-12,0,6,Summer,0,0,0,미라시아,파스타면 추가(150g)
2024-06-13,0,6,Summer,0,0,0,미라시아,파스타면 추가(150g)
2024-06-14,0,6,Summer,0,0,0,미라시아,파스타면 추가(150g)
2024-06-15,4,6,Summer,1,0,1,미라시아,파스타면 추가(150g)
2023-01-01,0,1,Winter,1,1,1,미라시아,핑크레몬에이드
2023-01-02,0,1,Winter,0,0,0,미라시아,핑크레몬에이드
2023-01-03,0,1,Winter,0,0,0,미라시아,핑크레몬에이드
2023-01-04,0,1,Winter,0,0,0,미라시아,핑크레몬에이드
2023-01-05,0,1,Winter,0,0,0,미라시아,핑크레몬에이드
2023-01-06,0,1,Winter,0,0,0,미라시아,핑크레몬에이드
2023-01-07,0,1,Winter,1,0,1,미라시아,핑크레몬에이드
2023-01-08,0,1,Winter,1,0,1,미라시아,핑크레몬에이드
2023-01-09,0,1,Winter,0,0,0,미라시아,핑크레몬에이드
2023-01-10,0,1,Winter,0,0,0,미라시아,핑크레몬에이드
2023-01-11,0,1,Winter,0,0,0,미라시아,핑크레몬에이드
2023-01-12,0,1,Winter,0,0,0,미라시아,핑크레몬에이드
2023-01-13,0,1,Winter,0,0,0,미라시아,핑크레몬에이드
2023-01-14,0,1,Winter,1,0,1,미라시아,핑크레몬에이드
2023-01-15,0,1,Winter,1,0,1,미라시아,핑크레몬에이드
2023-01-16,0,1,Winter,0,0,0,미라시아,핑크레몬에이드
2023-01-17,0,1,Winter,0,0,0,미라시아,핑크레몬에이드
2023-01-18,0,1,Winter,0,0,0,미라시아,핑크레몬에이드
2023-01-19,0,1,Winter,0,0,0,미라시아,핑크레몬에이드
2023-01-20,0,1,Winter,0,0,0,미라시아,핑크레몬에이드
2023-01-21,0,1,Winter,1,1,1,미라시아,핑크레몬에이드
2023-01-22,0,1,Winter,1,1,1,미라시아,핑크레몬에이드
2023-01-23,0,1,Winter,0,1,1,미라시아,핑크레몬에이드
2023-01-24,0,1,Winter,0,1,1,미라시아,핑크레몬에이드
2023-01-25,0,1,Winter,0,0,0,미라시아,핑크레몬에이드
2023-01-26,0,1,Winter,0,0,0,미라시아,핑크레몬에이드
2023-01-27,0,1,Winter,0,0,0,미라시아,핑크레몬에이드
2023-01-28,0,1,Winter,1,0,1,미라시아,핑크레몬에이드
2023-01-29,0,1,Winter,1,0,1,미라시아,핑크레몬에이드
2023-01-30,0,1,Winter,0,0,0,미라시아,핑크레몬에이드
2023-01-31,0,1,Winter,0,0,0,미라시아,핑크레몬에이드
2023-02-01,0,2,Winter,0,0,0,미라시아,핑크레몬에이드
2023-02-02,0,2,Winter,0,0,0,미라시아,핑크레몬에이드
2023-02-03,0,2,Winter,0,0,0,미라시아,핑크레몬에이드
2023-02-04,0,2,Winter,1,0,1,미라시아,핑크레몬에이드
2023-02-05,0,2,Winter,1,0,1,미라시아,핑크레몬에이드
2023-02-06,0,2,Winter,0,0,0,미라시아,핑크레몬에이드
2023-02-07,0,2,Winter,0,0,0,미라시아,핑크레몬에이드
2023-02-08,0,2,Winter,0,0,0,미라시아,핑크레몬에이드
2023-02-09,0,2,Winter,0,0,0,미라시아,핑크레몬에이드
2023-02-10,0,2,Winter,0,0,0,미라시아,핑크레몬에이드
2023-02-11,0,2,Winter,1,0,1,미라시아,핑크레몬에이드
2023-02-12,0,2,Winter,1,0,1,미라시아,핑크레몬에이드
2023-02-13,0,2,Winter,0,0,0,미라시아,핑크레몬에이드
2023-02-14,0,2,Winter,0,0,0,미라시아,핑크레몬에이드
2023-02-15,0,2,Winter,0,0,0,미라시아,핑크레몬에이드
2023-02-16,0,2,Winter,0,0,0,미라시아,핑크레몬에이드
2023-02-17,0,2,Winter,0,0,0,미라시아,핑크레몬에이드
2023-02-18,0,2,Winter,1,0,1,미라시아,핑크레몬에이드
2023-02-19,0,2,Winter,1,0,1,미라시아,핑크레몬에이드
2023-02-20,0,2,Winter,0,0,0,미라시아,핑크레몬에이드
2023-02-21,0,2,Winter,0,0,0,미라시아,핑크레몬에이드
2023-02-22,0,2,Winter,0,0,0,미라시아,핑크레몬에이드
2023-02-23,0,2,Winter,0,0,0,미라시아,핑크레몬에이드
2023-02-24,0,2,Winter,0,0,0,미라시아,핑크레몬에이드
2023-02-25,0,2,Winter,1,0,1,미라시아,핑크레몬에이드
2023-02-26,0,2,Winter,1,0,1,미라시아,핑크레몬에이드
2023-02-27,0,2,Winter,0,0,0,미라시아,핑크레몬에이드
2023-02-28,0,2,Winter,0,0,0,미라시아,핑크레몬에이드
2023-03-01,0,3,Spring,0,1,1,미라시아,핑크레몬에이드
2023-03-02,0,3,Spring,0,0,0,미라시아,핑크레몬에이드
2023-03-03,0,3,Spring,0,0,0,미라시아,핑크레몬에이드
2023-03-04,0,3,Spring,1,0,1,미라시아,핑크레몬에이드
2023-03-05,0,3,Spring,1,0,1,미라시아,핑크레몬에이드
2023-03-06,0,3,Spring,0,0,0,미라시아,핑크레몬에이드
2023-03-07,0,3,Spring,0,0,0,미라시아,핑크레몬에이드
2023-03-08,0,3,Spring,0,0,0,미라시아,핑크레몬에이드
2023-03-09,0,3,Spring,0,0,0,미라시아,핑크레몬에이드
2023-03-10,0,3,Spring,0,0,0,미라시아,핑크레몬에이드
2023-03-11,0,3,Spring,1,0,1,미라시아,핑크레몬에이드
2023-03-12,0,3,Spring,1,0,1,미라시아,핑크레몬에이드
2023-03-13,0,3,Spring,0,0,0,미라시아,핑크레몬에이드
2023-03-14,0,3,Spring,0,0,0,미라시아,핑크레몬에이드
2023-03-15,0,3,Spring,0,0,0,미라시아,핑크레몬에이드
2023-03-16,0,3,Spring,0,0,0,미라시아,핑크레몬에이드
2023-03-17,1,3,Spring,0,0,0,미라시아,핑크레몬에이드
2023-03-18,0,3,Spring,1,0,1,미라시아,핑크레몬에이드
2023-03-19,1,3,Spring,1,0,1,미라시아,핑크레몬에이드
2023-03-20,1,3,Spring,0,0,0,미라시아,핑크레몬에이드
2023-03-21,0,3,Spring,0,0,0,미라시아,핑크레몬에이드
2023-03-22,0,3,Spring,0,0,0,미라시아,핑크레몬에이드
2023-03-23,0,3,Spring,0,0,0,미라시아,핑크레몬에이드
2023-03-24,0,3,Spring,0,0,0,미라시아,핑크레몬에이드
2023-03-25,1,3,Spring,1,0,1,미라시아,핑크레몬에이드
2023-03-26,1,3,Spring,1,0,1,미라시아,핑크레몬에이드
2023-03-27,0,3,Spring,0,0,0,미라시아,핑크레몬에이드
2023-03-28,0,3,Spring,0,0,0,미라시아,핑크레몬에이드
2023-03-29,0,3,Spring,0,0,0,미라시아,핑크레몬에이드
2023-03-30,0,3,Spring,0,0,0,미라시아,핑크레몬에이드
2023-03-31,1,3,Spring,0,0,0,미라시아,핑크레몬에이드
2023-04-01,0,4,Spring,1,0,1,미라시아,핑크레몬에이드
2023-04-02,0,4,Spring,1,0,1,미라시아,핑크레몬에이드
2023-04-03,1,4,Spring,0,0,0,미라시아,핑크레몬에이드
2023-04-04,0,4,Spring,0,0,0,미라시아,핑크레몬에이드
2023-04-05,0,4,Spring,0,0,0,미라시아,핑크레몬에이드
2023-04-06,0,4,Spring,0,0,0,미라시아,핑크레몬에이드
2023-04-07,0,4,Spring,0,0,0,미라시아,핑크레몬에이드
2023-04-08,0,4,Spring,1,0,1,미라시아,핑크레몬에이드
2023-04-09,0,4,Spring,1,0,1,미라시아,핑크레몬에이드
2023-04-10,0,4,Spring,0,0,0,미라시아,핑크레몬에이드
2023-04-11,1,4,Spring,0,0,0,미라시아,핑크레몬에이드
2023-04-12,0,4,Spring,0,0,0,미라시아,핑크레몬에이드
2023-04-13,0,4,Spring,0,0,0,미라시아,핑크레몬에이드
2023-04-14,0,4,Spring,0,0,0,미라시아,핑크레몬에이드
2023-04-15,5,4,Spring,1,0,1,미라시아,핑크레몬에이드
2023-04-16,0,4,Spring,1,0,1,미라시아,핑크레몬에이드
2023-04-17,1,4,Spring,0,0,0,미라시아,핑크레몬에이드
2023-04-18,0,4,Spring,0,0,0,미라시아,핑크레몬에이드
2023-04-19,0,4,Spring,0,0,0,미라시아,핑크레몬에이드
2023-04-20,0,4,Spring,0,0,0,미라시아,핑크레몬에이드
2023-04-21,2,4,Spring,0,0,0,미라시아,핑크레몬에이드
2023-04-22,2,4,Spring,1,0,1,미라시아,핑크레몬에이드
2023-04-23,0,4,Spring,1,0,1,미라시아,핑크레몬에이드
2023-04-24,1,4,Spring,0,0,0,미라시아,핑크레몬에이드
2023-04-25,0,4,Spring,0,0,0,미라시아,핑크레몬에이드
2023-04-26,0,4,Spring,0,0,0,미라시아,핑크레몬에이드
2023-04-27,0,4,Spring,0,0,0,미라시아,핑크레몬에이드
2023-04-28,0,4,Spring,0,0,0,미라시아,핑크레몬에이드
2023-04-29,1,4,Spring,1,0,1,미라시아,핑크레몬에이드
2023-04-30,1,4,Spring,1,0,1,미라시아,핑크레몬에이드
2023-05-01,2,5,Spring,0,0,0,미라시아,핑크레몬에이드
2023-05-02,0,5,Spring,0,0,0,미라시아,핑크레몬에이드
2023-05-03,0,5,Spring,0,0,0,미라시아,핑크레몬에이드
2023-05-04,0,5,Spring,0,0,0,미라시아,핑크레몬에이드
2023-05-05,0,5,Spring,0,1,1,미라시아,핑크레몬에이드
2023-05-06,0,5,Spring,1,0,1,미라시아,핑크레몬에이드
2023-05-07,0,5,Spring,1,0,1,미라시아,핑크레몬에이드
2023-05-08,0,5,Spring,0,0,0,미라시아,핑크레몬에이드
2023-05-09,0,5,Spring,0,0,0,미라시아,핑크레몬에이드
2023-05-10,0,5,Spring,0,0,0,미라시아,핑크레몬에이드
2023-05-11,1,5,Spring,0,0,0,미라시아,핑크레몬에이드
2023-05-12,0,5,Spring,0,0,0,미라시아,핑크레몬에이드
2023-05-13,0,5,Spring,1,0,1,미라시아,핑크레몬에이드
2023-05-14,0,5,Spring,1,0,1,미라시아,핑크레몬에이드
2023-05-15,0,5,Spring,0,0,0,미라시아,핑크레몬에이드
2023-05-16,2,5,Spring,0,0,0,미라시아,핑크레몬에이드
2023-05-17,1,5,Spring,0,0,0,미라시아,핑크레몬에이드
2023-05-18,0,5,Spring,0,0,0,미라시아,핑크레몬에이드
2023-05-19,0,5,Spring,0,0,0,미라시아,핑크레몬에이드
2023-05-20,0,5,Spring,1,0,1,미라시아,핑크레몬에이드
2023-05-21,3,5,Spring,1,0,1,미라시아,핑크레몬에이드
2023-05-22,0,5,Spring,0,0,0,미라시아,핑크레몬에이드
2023-05-23,0,5,Spring,0,0,0,미라시아,핑크레몬에이드
2023-05-24,0,5,Spring,0,0,0,미라시아,핑크레몬에이드
2023-05-25,0,5,Spring,0,0,0,미라시아,핑크레몬에이드
2023-05-26,0,5,Spring,0,0,0,미라시아,핑크레몬에이드
2023-05-27,0,5,Spring,1,1,1,미라시아,핑크레몬에이드
2023-05-28,0,5,Spring,1,0,1,미라시아,핑크레몬에이드
2023-05-29,2,5,Spring,0,1,1,미라시아,핑크레몬에이드
2023-05-30,0,5,Spring,0,0,0,미라시아,핑크레몬에이드
2023-05-31,0,5,Spring,0,0,0,미라시아,핑크레몬에이드
2023-06-01,0,6,Summer,0,0,0,미라시아,핑크레몬에이드
2023-06-02,0,6,Summer,0,0,0,미라시아,핑크레몬에이드
2023-06-03,1,6,Summer,1,0,1,미라시아,핑크레몬에이드
2023-06-04,4,6,Summer,1,0,1,미라시아,핑크레몬에이드
2023-06-05,4,6,Summer,0,0,0,미라시아,핑크레몬에이드
2023-06-06,0,6,Summer,0,1,1,미라시아,핑크레몬에이드
2023-06-07,0,6,Summer,0,0,0,미라시아,핑크레몬에이드
2023-06-08,0,6,Summer,0,0,0,미라시아,핑크레몬에이드
2023-06-09,1,6,Summer,0,0,0,미라시아,핑크레몬에이드
2023-06-10,0,6,Summer,1,0,1,미라시아,핑크레몬에이드
2023-06-11,0,6,Summer,1,0,1,미라시아,핑크레몬에이드
2023-06-12,1,6,Summer,0,0,0,미라시아,핑크레몬에이드
2023-06-13,0,6,Summer,0,0,0,미라시아,핑크레몬에이드
2023-06-14,3,6,Summer,0,0,0,미라시아,핑크레몬에이드
2023-06-15,0,6,Summer,0,0,0,미라시아,핑크레몬에이드
2023-06-16,1,6,Summer,0,0,0,미라시아,핑크레몬에이드
2023-06-17,4,6,Summer,1,0,1,미라시아,핑크레몬에이드
2023-06-18,1,6,Summer,1,0,1,미라시아,핑크레몬에이드
2023-06-19,0,6,Summer,0,0,0,미라시아,핑크레몬에이드
2023-06-20,0,6,Summer,0,0,0,미라시아,핑크레몬에이드
2023-06-21,0,6,Summer,0,0,0,미라시아,핑크레몬에이드
2023-06-22,0,6,Summer,0,0,0,미라시아,핑크레몬에이드
2023-06-23,2,6,Summer,0,0,0,미라시아,핑크레몬에이드
2023-06-24,2,6,Summer,1,0,1,미라시아,핑크레몬에이드
2023-06-25,0,6,Summer,1,0,1,미라시아,핑크레몬에이드
2023-06-26,0,6,Summer,0,0,0,미라시아,핑크레몬에이드
2023-06-27,0,6,Summer,0,0,0,미라시아,핑크레몬에이드
2023-06-28,0,6,Summer,0,0,0,미라시아,핑크레몬에이드
2023-06-29,0,6,Summer,0,0,0,미라시아,핑크레몬에이드
2023-06-30,7,6,Summer,0,0,0,미라시아,핑크레몬에이드
2023-07-01,2,7,Summer,1,0,1,미라시아,핑크레몬에이드
2023-07-02,0,7,Summer,1,0,1,미라시아,핑크레몬에이드
2023-07-03,1,7,Summer,0,0,0,미라시아,핑크레몬에이드
2023-07-04,0,7,Summer,0,0,0,미라시아,핑크레몬에이드
2023-07-05,0,7,Summer,0,0,0,미라시아,핑크레몬에이드
2023-07-06,3,7,Summer,0,0,0,미라시아,핑크레몬에이드
2023-07-07,1,7,Summer,0,0,0,미라시아,핑크레몬에이드
2023-07-08,2,7,Summer,1,0,1,미라시아,핑크레몬에이드
2023-07-09,0,7,Summer,1,0,1,미라시아,핑크레몬에이드
2023-07-10,0,7,Summer,0,0,0,미라시아,핑크레몬에이드
2023-07-11,1,7,Summer,0,0,0,미라시아,핑크레몬에이드
2023-07-12,0,7,Summer,0,0,0,미라시아,핑크레몬에이드
2023-07-13,5,7,Summer,0,0,0,미라시아,핑크레몬에이드
2023-07-14,3,7,Summer,0,0,0,미라시아,핑크레몬에이드
2023-07-15,3,7,Summer,1,0,1,미라시아,핑크레몬에이드
2023-07-16,0,7,Summer,1,0,1,미라시아,핑크레몬에이드
2023-07-17,0,7,Summer,0,0,0,미라시아,핑크레몬에이드
2023-07-18,0,7,Summer,0,0,0,미라시아,핑크레몬에이드
2023-07-19,1,7,Summer,0,0,0,미라시아,핑크레몬에이드
2023-07-20,1,7,Summer,0,0,0,미라시아,핑크레몬에이드
2023-07-21,1,7,Summer,0,0,0,미라시아,핑크레몬에이드
2023-07-22,5,7,Summer,1,0,1,미라시아,핑크레몬에이드
2023-07-23,2,7,Summer,1,0,1,미라시아,핑크레몬에이드
2023-07-24,4,7,Summer,0,0,0,미라시아,핑크레몬에이드
2023-07-25,4,7,Summer,0,0,0,미라시아,핑크레몬에이드
2023-07-26,3,7,Summer,0,0,0,미라시아,핑크레몬에이드
2023-07-27,2,7,Summer,0,0,0,미라시아,핑크레몬에이드
2023-07-28,0,7,Summer,0,0,0,미라시아,핑크레몬에이드
2023-07-29,6,7,Summer,1,0,1,미라시아,핑크레몬에이드
2023-07-30,3,7,Summer,1,0,1,미라시아,핑크레몬에이드
2023-07-31,5,7,Summer,0,0,0,미라시아,핑크레몬에이드
2023-08-01,3,8,Summer,0,0,0,미라시아,핑크레몬에이드
2023-08-02,3,8,Summer,0,0,0,미라시아,핑크레몬에이드
2023-08-03,2,8,Summer,0,0,0,미라시아,핑크레몬에이드
2023-08-04,2,8,Summer,0,0,0,미라시아,핑크레몬에이드
2023-08-05,4,8,Summer,1,0,1,미라시아,핑크레몬에이드
2023-08-06,5,8,Summer,1,0,1,미라시아,핑크레몬에이드
2023-08-07,5,8,Summer,0,0,0,미라시아,핑크레몬에이드
2023-08-08,3,8,Summer,0,0,0,미라시아,핑크레몬에이드
2023-08-09,3,8,Summer,0,0,0,미라시아,핑크레몬에이드
2023-08-10,6,8,Summer,0,0,0,미라시아,핑크레몬에이드
2023-08-11,3,8,Summer,0,0,0,미라시아,핑크레몬에이드
2023-08-12,3,8,Summer,1,0,1,미라시아,핑크레몬에이드
2023-08-13,5,8,Summer,1,0,1,미라시아,핑크레몬에이드
2023-08-14,3,8,Summer,0,0,0,미라시아,핑크레몬에이드
2023-08-15,4,8,Summer,0,1,1,미라시아,핑크레몬에이드
2023-08-16,0,8,Summer,0,0,0,미라시아,핑크레몬에이드
2023-08-17,1,8,Summer,0,0,0,미라시아,핑크레몬에이드
2023-08-18,1,8,Summer,0,0,0,미라시아,핑크레몬에이드
2023-08-19,2,8,Summer,1,0,1,미라시아,핑크레몬에이드
2023-08-20,0,8,Summer,1,0,1,미라시아,핑크레몬에이드
2023-08-21,0,8,Summer,0,0,0,미라시아,핑크레몬에이드
2023-08-22,1,8,Summer,0,0,0,미라시아,핑크레몬에이드
2023-08-23,0,8,Summer,0,0,0,미라시아,핑크레몬에이드
2023-08-24,2,8,Summer,0,0,0,미라시아,핑크레몬에이드
2023-08-25,0,8,Summer,0,0,0,미라시아,핑크레몬에이드
2023-08-26,0,8,Summer,1,0,1,미라시아,핑크레몬에이드
2023-08-27,0,8,Summer,1,0,1,미라시아,핑크레몬에이드
2023-08-28,0,8,Summer,0,0,0,미라시아,핑크레몬에이드
2023-08-29,1,8,Summer,0,0,0,미라시아,핑크레몬에이드
2023-08-30,0,8,Summer,0,0,0,미라시아,핑크레몬에이드
2023-08-31,1,8,Summer,0,0,0,미라시아,핑크레몬에이드
2023-09-01,0,9,Autumn,0,0,0,미라시아,핑크레몬에이드
2023-09-02,2,9,Autumn,1,0,1,미라시아,핑크레몬에이드
2023-09-03,1,9,Autumn,1,0,1,미라시아,핑크레몬에이드
2023-09-04,1,9,Autumn,0,0,0,미라시아,핑크레몬에이드
2023-09-05,2,9,Autumn,0,0,0,미라시아,핑크레몬에이드
2023-09-06,0,9,Autumn,0,0,0,미라시아,핑크레몬에이드
2023-09-07,0,9,Autumn,0,0,0,미라시아,핑크레몬에이드
2023-09-08,1,9,Autumn,0,0,0,미라시아,핑크레몬에이드
2023-09-09,1,9,Autumn,1,0,1,미라시아,핑크레몬에이드
2023-09-10,0,9,Autumn,1,0,1,미라시아,핑크레몬에이드
2023-09-11,1,9,Autumn,0,0,0,미라시아,핑크레몬에이드
2023-09-12,5,9,Autumn,0,0,0,미라시아,핑크레몬에이드
2023-09-13,0,9,Autumn,0,0,0,미라시아,핑크레몬에이드
2023-09-14,1,9,Autumn,0,0,0,미라시아,핑크레몬에이드
2023-09-15,14,9,Autumn,0,0,0,미라시아,핑크레몬에이드
2023-09-16,3,9,Autumn,1,0,1,미라시아,핑크레몬에이드
2023-09-17,0,9,Autumn,1,0,1,미라시아,핑크레몬에이드
2023-09-18,0,9,Autumn,0,0,0,미라시아,핑크레몬에이드
2023-09-19,0,9,Autumn,0,0,0,미라시아,핑크레몬에이드
2023-09-20,0,9,Autumn,0,0,0,미라시아,핑크레몬에이드
2023-09-21,0,9,Autumn,0,0,0,미라시아,핑크레몬에이드
2023-09-22,3,9,Autumn,0,0,0,미라시아,핑크레몬에이드
2023-09-23,3,9,Autumn,1,0,1,미라시아,핑크레몬에이드
2023-09-24,1,9,Autumn,1,0,1,미라시아,핑크레몬에이드
2023-09-25,0,9,Autumn,0,0,0,미라시아,핑크레몬에이드
2023-09-26,0,9,Autumn,0,0,0,미라시아,핑크레몬에이드
2023-09-27,1,9,Autumn,0,0,0,미라시아,핑크레몬에이드
2023-09-28,5,9,Autumn,0,1,1,미라시아,핑크레몬에이드
2023-09-29,10,9,Autumn,0,1,1,미라시아,핑크레몬에이드
2023-09-30,3,9,Autumn,1,1,1,미라시아,핑크레몬에이드
2023-10-01,4,10,Autumn,1,0,1,미라시아,핑크레몬에이드
2023-10-02,3,10,Autumn,0,1,1,미라시아,핑크레몬에이드
2023-10-03,0,10,Autumn,0,1,1,미라시아,핑크레몬에이드
2023-10-04,0,10,Autumn,0,0,0,미라시아,핑크레몬에이드
2023-10-05,0,10,Autumn,0,0,0,미라시아,핑크레몬에이드
2023-10-06,1,10,Autumn,0,0,0,미라시아,핑크레몬에이드
2023-10-07,4,10,Autumn,1,0,1,미라시아,핑크레몬에이드
2023-10-08,1,10,Autumn,1,0,1,미라시아,핑크레몬에이드
2023-10-09,2,10,Autumn,0,1,1,미라시아,핑크레몬에이드
2023-10-10,0,10,Autumn,0,0,0,미라시아,핑크레몬에이드
2023-10-11,1,10,Autumn,0,0,0,미라시아,핑크레몬에이드
2023-10-12,0,10,Autumn,0,0,0,미라시아,핑크레몬에이드
2023-10-13,4,10,Autumn,0,0,0,미라시아,핑크레몬에이드
2023-10-14,2,10,Autumn,1,0,1,미라시아,핑크레몬에이드
2023-10-15,1,10,Autumn,1,0,1,미라시아,핑크레몬에이드
2023-10-16,3,10,Autumn,0,0,0,미라시아,핑크레몬에이드
2023-10-17,9,10,Autumn,0,0,0,미라시아,핑크레몬에이드
2023-10-18,0,10,Autumn,0,0,0,미라시아,핑크레몬에이드
2023-10-19,3,10,Autumn,0,0,0,미라시아,핑크레몬에이드
2023-10-20,0,10,Autumn,0,0,0,미라시아,핑크레몬에이드
2023-10-21,3,10,Autumn,1,0,1,미라시아,핑크레몬에이드
2023-10-22,3,10,Autumn,1,0,1,미라시아,핑크레몬에이드
2023-10-23,1,10,Autumn,0,0,0,미라시아,핑크레몬에이드
2023-10-24,0,10,Autumn,0,0,0,미라시아,핑크레몬에이드
2023-10-25,3,10,Autumn,0,0,0,미라시아,핑크레몬에이드
2023-10-26,1,10,Autumn,0,0,0,미라시아,핑크레몬에이드
2023-10-27,1,10,Autumn,0,0,0,미라시아,핑크레몬에이드
2023-10-28,3,10,Autumn,1,0,1,미라시아,핑크레몬에이드
2023-10-29,3,10,Autumn,1,0,1,미라시아,핑크레몬에이드
2023-10-30,0,10,Autumn,0,0,0,미라시아,핑크레몬에이드
2023-10-31,2,10,Autumn,0,0,0,미라시아,핑크레몬에이드
2023-11-01,0,11,Autumn,0,0,0,미라시아,핑크레몬에이드
2023-11-02,0,11,Autumn,0,0,0,미라시아,핑크레몬에이드
2023-11-03,3,11,Autumn,0,0,0,미라시아,핑크레몬에이드
2023-11-04,4,11,Autumn,1,0,1,미라시아,핑크레몬에이드
2023-11-05,5,11,Autumn,1,0,1,미라시아,핑크레몬에이드
2023-11-06,1,11,Autumn,0,0,0,미라시아,핑크레몬에이드
2023-11-07,0,11,Autumn,0,0,0,미라시아,핑크레몬에이드
2023-11-08,2,11,Autumn,0,0,0,미라시아,핑크레몬에이드
2023-11-09,2,11,Autumn,0,0,0,미라시아,핑크레몬에이드
2023-11-10,0,11,Autumn,0,0,0,미라시아,핑크레몬에이드
2023-11-11,3,11,Autumn,1,0,1,미라시아,핑크레몬에이드
2023-11-12,0,11,Autumn,1,0,1,미라시아,핑크레몬에이드
2023-11-13,1,11,Autumn,0,0,0,미라시아,핑크레몬에이드
2023-11-14,1,11,Autumn,0,0,0,미라시아,핑크레몬에이드
2023-11-15,2,11,Autumn,0,0,0,미라시아,핑크레몬에이드
2023-11-16,4,11,Autumn,0,0,0,미라시아,핑크레몬에이드
2023-11-17,2,11,Autumn,0,0,0,미라시아,핑크레몬에이드
2023-11-18,3,11,Autumn,1,0,1,미라시아,핑크레몬에이드
2023-11-19,2,11,Autumn,1,0,1,미라시아,핑크레몬에이드
2023-11-20,1,11,Autumn,0,0,0,미라시아,핑크레몬에이드
2023-11-21,0,11,Autumn,0,0,0,미라시아,핑크레몬에이드
2023-11-22,0,11,Autumn,0,0,0,미라시아,핑크레몬에이드
2023-11-23,1,11,Autumn,0,0,0,미라시아,핑크레몬에이드
2023-11-24,3,11,Autumn,0,0,0,미라시아,핑크레몬에이드
2023-11-25,8,11,Autumn,1,0,1,미라시아,핑크레몬에이드
2023-11-26,2,11,Autumn,1,0,1,미라시아,핑크레몬에이드
2023-11-27,0,11,Autumn,0,0,0,미라시아,핑크레몬에이드
2023-11-28,0,11,Autumn,0,0,0,미라시아,핑크레몬에이드
2023-11-29,0,11,Autumn,0,0,0,미라시아,핑크레몬에이드
2023-11-30,0,11,Autumn,0,0,0,미라시아,핑크레몬에이드
2023-12-01,0,12,Winter,0,0,0,미라시아,핑크레몬에이드
2023-12-02,3,12,Winter,1,0,1,미라시아,핑크레몬에이드
2023-12-03,0,12,Winter,1,0,1,미라시아,핑크레몬에이드
2023-12-04,1,12,Winter,0,0,0,미라시아,핑크레몬에이드
2023-12-05,0,12,Winter,0,0,0,미라시아,핑크레몬에이드
2023-12-06,2,12,Winter,0,0,0,미라시아,핑크레몬에이드
2023-12-07,0,12,Winter,0,0,0,미라시아,핑크레몬에이드
2023-12-08,1,12,Winter,0,0,0,미라시아,핑크레몬에이드
2023-12-09,5,12,Winter,1,0,1,미라시아,핑크레몬에이드
2023-12-10,2,12,Winter,1,0,1,미라시아,핑크레몬에이드
2023-12-11,0,12,Winter,0,0,0,미라시아,핑크레몬에이드
2023-12-12,2,12,Winter,0,0,0,미라시아,핑크레몬에이드
2023-12-13,0,12,Winter,0,0,0,미라시아,핑크레몬에이드
2023-12-14,1,12,Winter,0,0,0,미라시아,핑크레몬에이드
2023-12-15,3,12,Winter,0,0,0,미라시아,핑크레몬에이드
2023-12-16,6,12,Winter,1,0,1,미라시아,핑크레몬에이드
2023-12-17,3,12,Winter,1,0,1,미라시아,핑크레몬에이드
2023-12-18,3,12,Winter,0,0,0,미라시아,핑크레몬에이드
2023-12-19,0,12,Winter,0,0,0,미라시아,핑크레몬에이드
2023-12-20,2,12,Winter,0,0,0,미라시아,핑크레몬에이드
2023-12-21,0,12,Winter,0,0,0,미라시아,핑크레몬에이드
2023-12-22,1,12,Winter,0,0,0,미라시아,핑크레몬에이드
2023-12-23,6,12,Winter,1,0,1,미라시아,핑크레몬에이드
2023-12-24,5,12,Winter,1,0,1,미라시아,핑크레몬에이드
2023-12-25,5,12,Winter,0,1,1,미라시아,핑크레몬에이드
2023-12-26,3,12,Winter,0,0,0,미라시아,핑크레몬에이드
2023-12-27,2,12,Winter,0,0,0,미라시아,핑크레몬에이드
2023-12-28,4,12,Winter,0,0,0,미라시아,핑크레몬에이드
2023-12-29,1,12,Winter,0,0,0,미라시아,핑크레몬에이드
2023-12-30,3,12,Winter,1,0,1,미라시아,핑크레몬에이드
2023-12-31,7,12,Winter,1,0,1,미라시아,핑크레몬에이드
2024-01-01,8,1,Winter,0,1,1,미라시아,핑크레몬에이드
2024-01-02,4,1,Winter,0,0,0,미라시아,핑크레몬에이드
2024-01-03,4,1,Winter,0,0,0,미라시아,핑크레몬에이드
2024-01-04,1,1,Winter,0,0,0,미라시아,핑크레몬에이드
2024-01-05,0,1,Winter,0,0,0,미라시아,핑크레몬에이드
2024-01-06,5,1,Winter,1,0,1,미라시아,핑크레몬에이드
2024-01-07,2,1,Winter,1,0,1,미라시아,핑크레몬에이드
2024-01-08,2,1,Winter,0,0,0,미라시아,핑크레몬에이드
2024-01-09,3,1,Winter,0,0,0,미라시아,핑크레몬에이드
2024-01-10,1,1,Winter,0,0,0,미라시아,핑크레몬에이드
2024-01-11,1,1,Winter,0,0,0,미라시아,핑크레몬에이드
2024-01-12,7,1,Winter,0,0,0,미라시아,핑크레몬에이드
2024-01-13,3,1,Winter,1,0,1,미라시아,핑크레몬에이드
2024-01-14,0,1,Winter,1,0,1,미라시아,핑크레몬에이드
2024-01-15,3,1,Winter,0,0,0,미라시아,핑크레몬에이드
2024-01-16,3,1,Winter,0,0,0,미라시아,핑크레몬에이드
2024-01-17,1,1,Winter,0,0,0,미라시아,핑크레몬에이드
2024-01-18,4,1,Winter,0,0,0,미라시아,핑크레몬에이드
2024-01-19,2,1,Winter,0,0,0,미라시아,핑크레몬에이드
2024-01-20,3,1,Winter,1,0,1,미라시아,핑크레몬에이드
2024-01-21,4,1,Winter,1,0,1,미라시아,핑크레몬에이드
2024-01-22,3,1,Winter,0,0,0,미라시아,핑크레몬에이드
2024-01-23,2,1,Winter,0,0,0,미라시아,핑크레몬에이드
2024-01-24,2,1,Winter,0,0,0,미라시아,핑크레몬에이드
2024-01-25,1,1,Winter,0,0,0,미라시아,핑크레몬에이드
2024-01-26,1,1,Winter,0,0,0,미라시아,핑크레몬에이드
2024-01-27,3,1,Winter,1,0,1,미라시아,핑크레몬에이드
2024-01-28,4,1,Winter,1,0,1,미라시아,핑크레몬에이드
2024-01-29,5,1,Winter,0,0,0,미라시아,핑크레몬에이드
2024-01-30,0,1,Winter,0,0,0,미라시아,핑크레몬에이드
2024-01-31,0,1,Winter,0,0,0,미라시아,핑크레몬에이드
2024-02-01,0,2,Winter,0,0,0,미라시아,핑크레몬에이드
2024-02-02,0,2,Winter,0,0,0,미라시아,핑크레몬에이드
2024-02-03,1,2,Winter,1,0,1,미라시아,핑크레몬에이드
2024-02-04,1,2,Winter,1,0,1,미라시아,핑크레몬에이드
2024-02-05,1,2,Winter,0,0,0,미라시아,핑크레몬에이드
2024-02-06,0,2,Winter,0,0,0,미라시아,핑크레몬에이드
2024-02-07,0,2,Winter,0,0,0,미라시아,핑크레몬에이드
2024-02-08,0,2,Winter,0,0,0,미라시아,핑크레몬에이드
2024-02-09,4,2,Winter,0,1,1,미라시아,핑크레몬에이드
2024-02-10,4,2,Winter,1,1,1,미라시아,핑크레몬에이드
2024-02-11,2,2,Winter,1,1,1,미라시아,핑크레몬에이드
2024-02-12,5,2,Winter,0,1,1,미라시아,핑크레몬에이드
2024-02-13,1,2,Winter,0,0,0,미라시아,핑크레몬에이드
2024-02-14,3,2,Winter,0,0,0,미라시아,핑크레몬에이드
2024-02-15,0,2,Winter,0,0,0,미라시아,핑크레몬에이드
2024-02-16,9,2,Winter,0,0,0,미라시아,핑크레몬에이드
2024-02-17,1,2,Winter,1,0,1,미라시아,핑크레몬에이드
2024-02-18,7,2,Winter,1,0,1,미라시아,핑크레몬에이드
2024-02-19,0,2,Winter,0,0,0,미라시아,핑크레몬에이드
2024-02-20,1,2,Winter,0,0,0,미라시아,핑크레몬에이드
2024-02-21,0,2,Winter,0,0,0,미라시아,핑크레몬에이드
2024-02-22,8,2,Winter,0,0,0,미라시아,핑크레몬에이드
2024-02-23,0,2,Winter,0,0,0,미라시아,핑크레몬에이드
2024-02-24,6,2,Winter,1,0,1,미라시아,핑크레몬에이드
2024-02-25,3,2,Winter,1,0,1,미라시아,핑크레몬에이드
2024-02-26,1,2,Winter,0,0,0,미라시아,핑크레몬에이드
2024-02-27,1,2,Winter,0,0,0,미라시아,핑크레몬에이드
2024-02-28,1,2,Winter,0,0,0,미라시아,핑크레몬에이드
2024-02-29,7,2,Winter,0,0,0,미라시아,핑크레몬에이드
2024-03-01,1,3,Spring,0,1,1,미라시아,핑크레몬에이드
2024-03-02,3,3,Spring,1,0,1,미라시아,핑크레몬에이드
2024-03-03,0,3,Spring,1,0,1,미라시아,핑크레몬에이드
2024-03-04,0,3,Spring,0,0,0,미라시아,핑크레몬에이드
2024-03-05,0,3,Spring,0,0,0,미라시아,핑크레몬에이드
2024-03-06,0,3,Spring,0,0,0,미라시아,핑크레몬에이드
2024-03-07,0,3,Spring,0,0,0,미라시아,핑크레몬에이드
2024-03-08,0,3,Spring,0,0,0,미라시아,핑크레몬에이드
2024-03-09,0,3,Spring,1,0,1,미라시아,핑크레몬에이드
2024-03-10,0,3,Spring,1,0,1,미라시아,핑크레몬에이드
2024-03-11,0,3,Spring,0,0,0,미라시아,핑크레몬에이드
2024-03-12,0,3,Spring,0,0,0,미라시아,핑크레몬에이드
2024-03-13,0,3,Spring,0,0,0,미라시아,핑크레몬에이드
2024-03-14,0,3,Spring,0,0,0,미라시아,핑크레몬에이드
2024-03-15,1,3,Spring,0,0,0,미라시아,핑크레몬에이드
2024-03-16,1,3,Spring,1,0,1,미라시아,핑크레몬에이드
2024-03-17,0,3,Spring,1,0,1,미라시아,핑크레몬에이드
2024-03-18,1,3,Spring,0,0,0,미라시아,핑크레몬에이드
2024-03-19,0,3,Spring,0,0,0,미라시아,핑크레몬에이드
2024-03-20,0,3,Spring,0,0,0,미라시아,핑크레몬에이드
2024-03-21,0,3,Spring,0,0,0,미라시아,핑크레몬에이드
2024-03-22,3,3,Spring,0,0,0,미라시아,핑크레몬에이드
2024-03-23,0,3,Spring,1,0,1,미라시아,핑크레몬에이드
2024-03-24,0,3,Spring,1,0,1,미라시아,핑크레몬에이드
2024-03-25,1,3,Spring,0,0,0,미라시아,핑크레몬에이드
2024-03-26,0,3,Spring,0,0,0,미라시아,핑크레몬에이드
2024-03-27,0,3,Spring,0,0,0,미라시아,핑크레몬에이드
2024-03-28,1,3,Spring,0,0,0,미라시아,핑크레몬에이드
2024-03-29,0,3,Spring,0,0,0,미라시아,핑크레몬에이드
2024-03-30,0,3,Spring,1,0,1,미라시아,핑크레몬에이드
2024-03-31,0,3,Spring,1,0,1,미라시아,핑크레몬에이드
2024-04-01,0,4,Spring,0,0,0,미라시아,핑크레몬에이드
2024-04-02,0,4,Spring,0,0,0,미라시아,핑크레몬에이드
2024-04-03,0,4,Spring,0,0,0,미라시아,핑크레몬에이드
2024-04-04,1,4,Spring,0,0,0,미라시아,핑크레몬에이드
2024-04-05,0,4,Spring,0,0,0,미라시아,핑크레몬에이드
2024-04-06,0,4,Spring,1,0,1,미라시아,핑크레몬에이드
2024-04-07,0,4,Spring,1,0,1,미라시아,핑크레몬에이드
2024-04-08,0,4,Spring,0,0,0,미라시아,핑크레몬에이드
2024-04-09,0,4,Spring,0,0,0,미라시아,핑크레몬에이드
2024-04-10,1,4,Spring,0,1,1,미라시아,핑크레몬에이드
2024-04-11,4,4,Spring,0,0,0,미라시아,핑크레몬에이드
2024-04-12,0,4,Spring,0,0,0,미라시아,핑크레몬에이드
2024-04-13,2,4,Spring,1,0,1,미라시아,핑크레몬에이드
2024-04-14,0,4,Spring,1,0,1,미라시아,핑크레몬에이드
2024-04-15,0,4,Spring,0,0,0,미라시아,핑크레몬에이드
2024-04-16,0,4,Spring,0,0,0,미라시아,핑크레몬에이드
2024-04-17,5,4,Spring,0,0,0,미라시아,핑크레몬에이드
2024-04-18,0,4,Spring,0,0,0,미라시아,핑크레몬에이드
2024-04-19,0,4,Spring,0,0,0,미라시아,핑크레몬에이드
2024-04-20,1,4,Spring,1,0,1,미라시아,핑크레몬에이드
2024-04-21,1,4,Spring,1,0,1,미라시아,핑크레몬에이드
2024-04-22,0,4,Spring,0,0,0,미라시아,핑크레몬에이드
2024-04-23,0,4,Spring,0,0,0,미라시아,핑크레몬에이드
2024-04-24,0,4,Spring,0,0,0,미라시아,핑크레몬에이드
2024-04-25,1,4,Spring,0,0,0,미라시아,핑크레몬에이드
2024-04-26,1,4,Spring,0,0,0,미라시아,핑크레몬에이드
2024-04-27,2,4,Spring,1,0,1,미라시아,핑크레몬에이드
2024-04-28,0,4,Spring,1,0,1,미라시아,핑크레몬에이드
2024-04-29,0,4,Spring,0,0,0,미라시아,핑크레몬에이드
2024-04-30,2,4,Spring,0,0,0,미라시아,핑크레몬에이드
2024-05-01,0,5,Spring,0,0,0,미라시아,핑크레몬에이드
2024-05-02,0,5,Spring,0,0,0,미라시아,핑크레몬에이드
2024-05-03,0,5,Spring,0,0,0,미라시아,핑크레몬에이드
2024-05-04,2,5,Spring,1,0,1,미라시아,핑크레몬에이드
2024-05-05,3,5,Spring,1,1,1,미라시아,핑크레몬에이드
2024-05-06,1,5,Spring,0,1,1,미라시아,핑크레몬에이드
2024-05-07,0,5,Spring,0,0,0,미라시아,핑크레몬에이드
2024-05-08,0,5,Spring,0,0,0,미라시아,핑크레몬에이드
2024-05-09,0,5,Spring,0,0,0,미라시아,핑크레몬에이드
2024-05-10,0,5,Spring,0,0,0,미라시아,핑크레몬에이드
2024-05-11,0,5,Spring,1,0,1,미라시아,핑크레몬에이드
2024-05-12,1,5,Spring,1,0,1,미라시아,핑크레몬에이드
2024-05-13,0,5,Spring,0,0,0,미라시아,핑크레몬에이드
2024-05-14,1,5,Spring,0,0,0,미라시아,핑크레몬에이드
2024-05-15,0,5,Spring,0,1,1,미라시아,핑크레몬에이드
2024-05-16,0,5,Spring,0,0,0,미라시아,핑크레몬에이드
2024-05-17,2,5,Spring,0,0,0,미라시아,핑크레몬에이드
2024-05-18,2,5,Spring,1,0,1,미라시아,핑크레몬에이드
2024-05-19,0,5,Spring,1,0,1,미라시아,핑크레몬에이드
2024-05-20,0,5,Spring,0,0,0,미라시아,핑크레몬에이드
2024-05-21,0,5,Spring,0,0,0,미라시아,핑크레몬에이드
2024-05-22,0,5,Spring,0,0,0,미라시아,핑크레몬에이드
2024-05-23,0,5,Spring,0,0,0,미라시아,핑크레몬에이드
2024-05-24,1,5,Spring,0,0,0,미라시아,핑크레몬에이드
2024-05-25,0,5,Spring,1,0,1,미라시아,핑크레몬에이드
2024-05-26,0,5,Spring,1,0,1,미라시아,핑크레몬에이드
2024-05-27,0,5,Spring,0,0,0,미라시아,핑크레몬에이드
2024-05-28,0,5,Spring,0,0,0,미라시아,핑크레몬에이드
2024-05-29,0,5,Spring,0,0,0,미라시아,핑크레몬에이드
2024-05-30,0,5,Spring,0,0,0,미라시아,핑크레몬에이드
2024-05-31,0,5,Spring,0,0,0,미라시아,핑크레몬에이드
2024-06-01,1,6,Summer,1,0,1,미라시아,핑크레몬에이드
2024-06-02,0,6,Summer,1,0,1,미라시아,핑크레몬에이드
2024-06-03,0,6,Summer,0,0,0,미라시아,핑크레몬에이드
2024-06-04,0,6,Summer,0,0,0,미라시아,핑크레몬에이드
2024-06-05,0,6,Summer,0,0,0,미라시아,핑크레몬에이드
2024-06-06,1,6,Summer,0,1,1,미라시아,핑크레몬에이드
2024-06-07,1,6,Summer,0,0,0,미라시아,핑크레몬에이드
2024-06-08,2,6,Summer,1,0,1,미라시아,핑크레몬에이드
2024-06-09,0,6,Summer,1,0,1,미라시아,핑크레몬에이드
2024-06-10,1,6,Summer,0,0,0,미라시아,핑크레몬에이드
2024-06-11,0,6,Summer,0,0,0,미라시아,핑크레몬에이드
2024-06-12,0,6,Summer,0,0,0,미라시아,핑크레몬에이드
2024-06-13,0,6,Summer,0,0,0,미라시아,핑크레몬에이드
2024-06-14,0,6,Summer,0,0,0,미라시아,핑크레몬에이드
2024-06-15,0,6,Summer,1,0,1,미라시아,핑크레몬에이드
