영업일자,매출수량,month,season,is_weekend,is_holiday,is_day_off,영업장명,메뉴명
2023-01-01,78,1,Winter,1,1,1,카페테리아,공깃밥(추가)
2023-01-02,56,1,Winter,0,0,0,카페테리아,공깃밥(추가)
2023-01-03,67,1,Winter,0,0,0,카페테리아,공깃밥(추가)
2023-01-04,45,1,Winter,0,0,0,카페테리아,공깃밥(추가)
2023-01-05,63,1,Winter,0,0,0,카페테리아,공깃밥(추가)
2023-01-06,70,1,Winter,0,0,0,카페테리아,공깃밥(추가)
2023-01-07,72,1,Winter,1,0,1,카페테리아,공깃밥(추가)
2023-01-08,74,1,Winter,1,0,1,카페테리아,공깃밥(추가)
2023-01-09,62,1,Winter,0,0,0,카페테리아,공깃밥(추가)
2023-01-10,38,1,Winter,0,0,0,카페테리아,공깃밥(추가)
2023-01-11,62,1,Winter,0,0,0,카페테리아,공깃밥(추가)
2023-01-12,57,1,Winter,0,0,0,카페테리아,공깃밥(추가)
2023-01-13,22,1,Winter,0,0,0,카페테리아,공깃밥(추가)
2023-01-14,53,1,Winter,1,0,1,카페테리아,공깃밥(추가)
2023-01-15,106,1,Winter,1,0,1,카페테리아,공깃밥(추가)
2023-01-16,64,1,Winter,0,0,0,카페테리아,공깃밥(추가)
2023-01-17,36,1,Winter,0,0,0,카페테리아,공깃밥(추가)
2023-01-18,51,1,Winter,0,0,0,카페테리아,공깃밥(추가)
2023-01-19,59,1,Winter,0,0,0,카페테리아,공깃밥(추가)
2023-01-20,75,1,Winter,0,0,0,카페테리아,공깃밥(추가)
2023-01-21,72,1,Winter,1,1,1,카페테리아,공깃밥(추가)
2023-01-22,61,1,Winter,1,1,1,카페테리아,공깃밥(추가)
2023-01-23,113,1,Winter,0,1,1,카페테리아,공깃밥(추가)
2023-01-24,63,1,Winter,0,1,1,카페테리아,공깃밥(추가)
2023-01-25,54,1,Winter,0,0,0,카페테리아,공깃밥(추가)
2023-01-26,54,1,Winter,0,0,0,카페테리아,공깃밥(추가)
2023-01-27,68,1,Winter,0,0,0,카페테리아,공깃밥(추가)
2023-01-28,120,1,Winter,1,0,1,카페테리아,공깃밥(추가)
2023-01-29,76,1,Winter,1,0,1,카페테리아,공깃밥(추가)
2023-01-30,46,1,Winter,0,0,0,카페테리아,공깃밥(추가)
2023-01-31,71,1,Winter,0,0,0,카페테리아,공깃밥(추가)
2023-02-01,54,2,Winter,0,0,0,카페테리아,공깃밥(추가)
2023-02-02,54,2,Winter,0,0,0,카페테리아,공깃밥(추가)
2023-02-03,52,2,Winter,0,0,0,카페테리아,공깃밥(추가)
2023-02-04,106,2,Winter,1,0,1,카페테리아,공깃밥(추가)
2023-02-05,96,2,Winter,1,0,1,카페테리아,공깃밥(추가)
2023-02-06,48,2,Winter,0,0,0,카페테리아,공깃밥(추가)
2023-02-07,44,2,Winter,0,0,0,카페테리아,공깃밥(추가)
2023-02-08,43,2,Winter,0,0,0,카페테리아,공깃밥(추가)
2023-02-09,42,2,Winter,0,0,0,카페테리아,공깃밥(추가)
2023-02-10,35,2,Winter,0,0,0,카페테리아,공깃밥(추가)
2023-02-11,94,2,Winter,1,0,1,카페테리아,공깃밥(추가)
2023-02-12,109,2,Winter,1,0,1,카페테리아,공깃밥(추가)
2023-02-13,65,2,Winter,0,0,0,카페테리아,공깃밥(추가)
2023-02-14,45,2,Winter,0,0,0,카페테리아,공깃밥(추가)
2023-02-15,39,2,Winter,0,0,0,카페테리아,공깃밥(추가)
2023-02-16,59,2,Winter,0,0,0,카페테리아,공깃밥(추가)
2023-02-17,33,2,Winter,0,0,0,카페테리아,공깃밥(추가)
2023-02-18,65,2,Winter,1,0,1,카페테리아,공깃밥(추가)
2023-02-19,61,2,Winter,1,0,1,카페테리아,공깃밥(추가)
2023-02-20,64,2,Winter,0,0,0,카페테리아,공깃밥(추가)
2023-02-21,52,2,Winter,0,0,0,카페테리아,공깃밥(추가)
2023-02-22,28,2,Winter,0,0,0,카페테리아,공깃밥(추가)
2023-02-23,34,2,Winter,0,0,0,카페테리아,공깃밥(추가)
2023-02-24,37,2,Winter,0,0,0,카페테리아,공깃밥(추가)
2023-02-25,51,2,Winter,1,0,1,카페테리아,공깃밥(추가)
2023-02-26,55,2,Winter,1,0,1,카페테리아,공깃밥(추가)
2023-02-27,34,2,Winter,0,0,0,카페테리아,공깃밥(추가)
2023-02-28,28,2,Winter,0,0,0,카페테리아,공깃밥(추가)
2023-03-01,11,3,Spring,0,1,1,카페테리아,공깃밥(추가)
2023-03-02,0,3,Spring,0,0,0,카페테리아,공깃밥(추가)
2023-03-03,0,3,Spring,0,0,0,카페테리아,공깃밥(추가)
2023-03-04,0,3,Spring,1,0,1,카페테리아,공깃밥(추가)
2023-03-05,0,3,Spring,1,0,1,카페테리아,공깃밥(추가)
2023-03-06,0,3,Spring,0,0,0,카페테리아,공깃밥(추가)
2023-03-07,0,3,Spring,0,0,0,카페테리아,공깃밥(추가)
2023-03-08,0,3,Spring,0,0,0,카페테리아,공깃밥(추가)
2023-03-09,0,3,Spring,0,0,0,카페테리아,공깃밥(추가)
2023-03-10,1,3,Spring,0,0,0,카페테리아,공깃밥(추가)
2023-03-11,3,3,Spring,1,0,1,카페테리아,공깃밥(추가)
2023-03-12,3,3,Spring,1,0,1,카페테리아,공깃밥(추가)
2023-03-13,2,3,Spring,0,0,0,카페테리아,공깃밥(추가)
2023-03-14,0,3,Spring,0,0,0,카페테리아,공깃밥(추가)
2023-03-15,1,3,Spring,0,0,0,카페테리아,공깃밥(추가)
2023-03-16,1,3,Spring,0,0,0,카페테리아,공깃밥(추가)
2023-03-17,5,3,Spring,0,0,0,카페테리아,공깃밥(추가)
2023-03-18,6,3,Spring,1,0,1,카페테리아,공깃밥(추가)
2023-03-19,0,3,Spring,1,0,1,카페테리아,공깃밥(추가)
2023-03-20,1,3,Spring,0,0,0,카페테리아,공깃밥(추가)
2023-03-21,0,3,Spring,0,0,0,카페테리아,공깃밥(추가)
2023-03-22,1,3,Spring,0,0,0,카페테리아,공깃밥(추가)
2023-03-23,1,3,Spring,0,0,0,카페테리아,공깃밥(추가)
2023-03-24,0,3,Spring,0,0,0,카페테리아,공깃밥(추가)
2023-03-25,11,3,Spring,1,0,1,카페테리아,공깃밥(추가)
2023-03-26,4,3,Spring,1,0,1,카페테리아,공깃밥(추가)
2023-03-27,1,3,Spring,0,0,0,카페테리아,공깃밥(추가)
2023-03-28,0,3,Spring,0,0,0,카페테리아,공깃밥(추가)
2023-03-29,1,3,Spring,0,0,0,카페테리아,공깃밥(추가)
2023-03-30,0,3,Spring,0,0,0,카페테리아,공깃밥(추가)
2023-03-31,2,3,Spring,0,0,0,카페테리아,공깃밥(추가)
2023-04-01,10,4,Spring,1,0,1,카페테리아,공깃밥(추가)
2023-04-02,7,4,Spring,1,0,1,카페테리아,공깃밥(추가)
2023-04-03,2,4,Spring,0,0,0,카페테리아,공깃밥(추가)
2023-04-04,0,4,Spring,0,0,0,카페테리아,공깃밥(추가)
2023-04-05,2,4,Spring,0,0,0,카페테리아,공깃밥(추가)
2023-04-06,2,4,Spring,0,0,0,카페테리아,공깃밥(추가)
2023-04-07,2,4,Spring,0,0,0,카페테리아,공깃밥(추가)
2023-04-08,10,4,Spring,1,0,1,카페테리아,공깃밥(추가)
2023-04-09,9,4,Spring,1,0,1,카페테리아,공깃밥(추가)
2023-04-10,2,4,Spring,0,0,0,카페테리아,공깃밥(추가)
2023-04-11,1,4,Spring,0,0,0,카페테리아,공깃밥(추가)
2023-04-12,2,4,Spring,0,0,0,카페테리아,공깃밥(추가)
2023-04-13,1,4,Spring,0,0,0,카페테리아,공깃밥(추가)
2023-04-14,8,4,Spring,0,0,0,카페테리아,공깃밥(추가)
2023-04-15,6,4,Spring,1,0,1,카페테리아,공깃밥(추가)
2023-04-16,4,4,Spring,1,0,1,카페테리아,공깃밥(추가)
2023-04-17,1,4,Spring,0,0,0,카페테리아,공깃밥(추가)
2023-04-18,3,4,Spring,0,0,0,카페테리아,공깃밥(추가)
2023-04-19,4,4,Spring,0,0,0,카페테리아,공깃밥(추가)
2023-04-20,1,4,Spring,0,0,0,카페테리아,공깃밥(추가)
2023-04-21,1,4,Spring,0,0,0,카페테리아,공깃밥(추가)
2023-04-22,11,4,Spring,1,0,1,카페테리아,공깃밥(추가)
2023-04-23,6,4,Spring,1,0,1,카페테리아,공깃밥(추가)
2023-04-24,5,4,Spring,0,0,0,카페테리아,공깃밥(추가)
2023-04-25,0,4,Spring,0,0,0,카페테리아,공깃밥(추가)
2023-04-26,2,4,Spring,0,0,0,카페테리아,공깃밥(추가)
2023-04-27,2,4,Spring,0,0,0,카페테리아,공깃밥(추가)
2023-04-28,3,4,Spring,0,0,0,카페테리아,공깃밥(추가)
2023-04-29,183,4,Spring,1,0,1,카페테리아,공깃밥(추가)
2023-04-30,14,4,Spring,1,0,1,카페테리아,공깃밥(추가)
2023-05-01,7,5,Spring,0,0,0,카페테리아,공깃밥(추가)
2023-05-02,2,5,Spring,0,0,0,카페테리아,공깃밥(추가)
2023-05-03,0,5,Spring,0,0,0,카페테리아,공깃밥(추가)
2023-05-04,4,5,Spring,0,0,0,카페테리아,공깃밥(추가)
2023-05-05,5,5,Spring,0,1,1,카페테리아,공깃밥(추가)
2023-05-06,10,5,Spring,1,0,1,카페테리아,공깃밥(추가)
2023-05-07,16,5,Spring,1,0,1,카페테리아,공깃밥(추가)
2023-05-08,1,5,Spring,0,0,0,카페테리아,공깃밥(추가)
2023-05-09,3,5,Spring,0,0,0,카페테리아,공깃밥(추가)
2023-05-10,2,5,Spring,0,0,0,카페테리아,공깃밥(추가)
2023-05-11,1,5,Spring,0,0,0,카페테리아,공깃밥(추가)
2023-05-12,0,5,Spring,0,0,0,카페테리아,공깃밥(추가)
2023-05-13,11,5,Spring,1,0,1,카페테리아,공깃밥(추가)
2023-05-14,9,5,Spring,1,0,1,카페테리아,공깃밥(추가)
2023-05-15,0,5,Spring,0,0,0,카페테리아,공깃밥(추가)
2023-05-16,4,5,Spring,0,0,0,카페테리아,공깃밥(추가)
2023-05-17,2,5,Spring,0,0,0,카페테리아,공깃밥(추가)
2023-05-18,1,5,Spring,0,0,0,카페테리아,공깃밥(추가)
2023-05-19,7,5,Spring,0,0,0,카페테리아,공깃밥(추가)
2023-05-20,7,5,Spring,1,0,1,카페테리아,공깃밥(추가)
2023-05-21,9,5,Spring,1,0,1,카페테리아,공깃밥(추가)
2023-05-22,2,5,Spring,0,0,0,카페테리아,공깃밥(추가)
2023-05-23,7,5,Spring,0,0,0,카페테리아,공깃밥(추가)
2023-05-24,0,5,Spring,0,0,0,카페테리아,공깃밥(추가)
2023-05-25,3,5,Spring,0,0,0,카페테리아,공깃밥(추가)
2023-05-26,5,5,Spring,0,0,0,카페테리아,공깃밥(추가)
2023-05-27,7,5,Spring,1,1,1,카페테리아,공깃밥(추가)
2023-05-28,6,5,Spring,1,0,1,카페테리아,공깃밥(추가)
2023-05-29,10,5,Spring,0,1,1,카페테리아,공깃밥(추가)
2023-05-30,2,5,Spring,0,0,0,카페테리아,공깃밥(추가)
2023-05-31,0,5,Spring,0,0,0,카페테리아,공깃밥(추가)
2023-06-01,10,6,Summer,0,0,0,카페테리아,공깃밥(추가)
2023-06-02,1,6,Summer,0,0,0,카페테리아,공깃밥(추가)
2023-06-03,12,6,Summer,1,0,1,카페테리아,공깃밥(추가)
2023-06-04,16,6,Summer,1,0,1,카페테리아,공깃밥(추가)
2023-06-05,20,6,Summer,0,0,0,카페테리아,공깃밥(추가)
2023-06-06,15,6,Summer,0,1,1,카페테리아,공깃밥(추가)
2023-06-07,1,6,Summer,0,0,0,카페테리아,공깃밥(추가)
2023-06-08,0,6,Summer,0,0,0,카페테리아,공깃밥(추가)
2023-06-09,4,6,Summer,0,0,0,카페테리아,공깃밥(추가)
2023-06-10,7,6,Summer,1,0,1,카페테리아,공깃밥(추가)
2023-06-11,35,6,Summer,1,0,1,카페테리아,공깃밥(추가)
2023-06-12,36,6,Summer,0,0,0,카페테리아,공깃밥(추가)
2023-06-13,7,6,Summer,0,0,0,카페테리아,공깃밥(추가)
2023-06-14,26,6,Summer,0,0,0,카페테리아,공깃밥(추가)
2023-06-15,10,6,Summer,0,0,0,카페테리아,공깃밥(추가)
2023-06-16,6,6,Summer,0,0,0,카페테리아,공깃밥(추가)
2023-06-17,9,6,Summer,1,0,1,카페테리아,공깃밥(추가)
2023-06-18,9,6,Summer,1,0,1,카페테리아,공깃밥(추가)
2023-06-19,3,6,Summer,0,0,0,카페테리아,공깃밥(추가)
2023-06-20,4,6,Summer,0,0,0,카페테리아,공깃밥(추가)
2023-06-21,8,6,Summer,0,0,0,카페테리아,공깃밥(추가)
2023-06-22,12,6,Summer,0,0,0,카페테리아,공깃밥(추가)
2023-06-23,6,6,Summer,0,0,0,카페테리아,공깃밥(추가)
2023-06-24,9,6,Summer,1,0,1,카페테리아,공깃밥(추가)
2023-06-25,3,6,Summer,1,0,1,카페테리아,공깃밥(추가)
2023-06-26,1,6,Summer,0,0,0,카페테리아,공깃밥(추가)
2023-06-27,1,6,Summer,0,0,0,카페테리아,공깃밥(추가)
2023-06-28,0,6,Summer,0,0,0,카페테리아,공깃밥(추가)
2023-06-29,2,6,Summer,0,0,0,카페테리아,공깃밥(추가)
2023-06-30,4,6,Summer,0,0,0,카페테리아,공깃밥(추가)
2023-07-01,9,7,Summer,1,0,1,카페테리아,공깃밥(추가)
2023-07-02,2,7,Summer,1,0,1,카페테리아,공깃밥(추가)
2023-07-03,2,7,Summer,0,0,0,카페테리아,공깃밥(추가)
2023-07-04,4,7,Summer,0,0,0,카페테리아,공깃밥(추가)
2023-07-05,1,7,Summer,0,0,0,카페테리아,공깃밥(추가)
2023-07-06,5,7,Summer,0,0,0,카페테리아,공깃밥(추가)
2023-07-07,2,7,Summer,0,0,0,카페테리아,공깃밥(추가)
2023-07-08,10,7,Summer,1,0,1,카페테리아,공깃밥(추가)
2023-07-09,1,7,Summer,1,0,1,카페테리아,공깃밥(추가)
2023-07-10,6,7,Summer,0,0,0,카페테리아,공깃밥(추가)
2023-07-11,0,7,Summer,0,0,0,카페테리아,공깃밥(추가)
2023-07-12,0,7,Summer,0,0,0,카페테리아,공깃밥(추가)
2023-07-13,2,7,Summer,0,0,0,카페테리아,공깃밥(추가)
2023-07-14,1,7,Summer,0,0,0,카페테리아,공깃밥(추가)
2023-07-15,2,7,Summer,1,0,1,카페테리아,공깃밥(추가)
2023-07-16,2,7,Summer,1,0,1,카페테리아,공깃밥(추가)
2023-07-17,2,7,Summer,0,0,0,카페테리아,공깃밥(추가)
2023-07-18,2,7,Summer,0,0,0,카페테리아,공깃밥(추가)
2023-07-19,3,7,Summer,0,0,0,카페테리아,공깃밥(추가)
2023-07-20,0,7,Summer,0,0,0,카페테리아,공깃밥(추가)
2023-07-21,2,7,Summer,0,0,0,카페테리아,공깃밥(추가)
2023-07-22,11,7,Summer,1,0,1,카페테리아,공깃밥(추가)
2023-07-23,5,7,Summer,1,0,1,카페테리아,공깃밥(추가)
2023-07-24,15,7,Summer,0,0,0,카페테리아,공깃밥(추가)
2023-07-25,9,7,Summer,0,0,0,카페테리아,공깃밥(추가)
2023-07-26,7,7,Summer,0,0,0,카페테리아,공깃밥(추가)
2023-07-27,14,7,Summer,0,0,0,카페테리아,공깃밥(추가)
2023-07-28,11,7,Summer,0,0,0,카페테리아,공깃밥(추가)
2023-07-29,9,7,Summer,1,0,1,카페테리아,공깃밥(추가)
2023-07-30,9,7,Summer,1,0,1,카페테리아,공깃밥(추가)
2023-07-31,15,7,Summer,0,0,0,카페테리아,공깃밥(추가)
2023-08-01,11,8,Summer,0,0,0,카페테리아,공깃밥(추가)
2023-08-02,9,8,Summer,0,0,0,카페테리아,공깃밥(추가)
2023-08-03,7,8,Summer,0,0,0,카페테리아,공깃밥(추가)
2023-08-04,12,8,Summer,0,0,0,카페테리아,공깃밥(추가)
2023-08-05,10,8,Summer,1,0,1,카페테리아,공깃밥(추가)
2023-08-06,6,8,Summer,1,0,1,카페테리아,공깃밥(추가)
2023-08-07,8,8,Summer,0,0,0,카페테리아,공깃밥(추가)
2023-08-08,13,8,Summer,0,0,0,카페테리아,공깃밥(추가)
2023-08-09,6,8,Summer,0,0,0,카페테리아,공깃밥(추가)
2023-08-10,2,8,Summer,0,0,0,카페테리아,공깃밥(추가)
2023-08-11,8,8,Summer,0,0,0,카페테리아,공깃밥(추가)
2023-08-12,16,8,Summer,1,0,1,카페테리아,공깃밥(추가)
2023-08-13,13,8,Summer,1,0,1,카페테리아,공깃밥(추가)
2023-08-14,18,8,Summer,0,0,0,카페테리아,공깃밥(추가)
2023-08-15,7,8,Summer,0,1,1,카페테리아,공깃밥(추가)
2023-08-16,8,8,Summer,0,0,0,카페테리아,공깃밥(추가)
2023-08-17,1,8,Summer,0,0,0,카페테리아,공깃밥(추가)
2023-08-18,3,8,Summer,0,0,0,카페테리아,공깃밥(추가)
2023-08-19,5,8,Summer,1,0,1,카페테리아,공깃밥(추가)
2023-08-20,6,8,Summer,1,0,1,카페테리아,공깃밥(추가)
2023-08-21,16,8,Summer,0,0,0,카페테리아,공깃밥(추가)
2023-08-22,1,8,Summer,0,0,0,카페테리아,공깃밥(추가)
2023-08-23,3,8,Summer,0,0,0,카페테리아,공깃밥(추가)
2023-08-24,4,8,Summer,0,0,0,카페테리아,공깃밥(추가)
2023-08-25,8,8,Summer,0,0,0,카페테리아,공깃밥(추가)
2023-08-26,4,8,Summer,1,0,1,카페테리아,공깃밥(추가)
2023-08-27,10,8,Summer,1,0,1,카페테리아,공깃밥(추가)
2023-08-28,2,8,Summer,0,0,0,카페테리아,공깃밥(추가)
2023-08-29,1,8,Summer,0,0,0,카페테리아,공깃밥(추가)
2023-08-30,0,8,Summer,0,0,0,카페테리아,공깃밥(추가)
2023-08-31,2,8,Summer,0,0,0,카페테리아,공깃밥(추가)
2023-09-01,3,9,Autumn,0,0,0,카페테리아,공깃밥(추가)
2023-09-02,10,9,Autumn,1,0,1,카페테리아,공깃밥(추가)
2023-09-03,15,9,Autumn,1,0,1,카페테리아,공깃밥(추가)
2023-09-04,6,9,Autumn,0,0,0,카페테리아,공깃밥(추가)
2023-09-05,0,9,Autumn,0,0,0,카페테리아,공깃밥(추가)
2023-09-06,0,9,Autumn,0,0,0,카페테리아,공깃밥(추가)
2023-09-07,0,9,Autumn,0,0,0,카페테리아,공깃밥(추가)
2023-09-08,7,9,Autumn,0,0,0,카페테리아,공깃밥(추가)
2023-09-09,14,9,Autumn,1,0,1,카페테리아,공깃밥(추가)
2023-09-10,7,9,Autumn,1,0,1,카페테리아,공깃밥(추가)
2023-09-11,9,9,Autumn,0,0,0,카페테리아,공깃밥(추가)
2023-09-12,13,9,Autumn,0,0,0,카페테리아,공깃밥(추가)
2023-09-13,5,9,Autumn,0,0,0,카페테리아,공깃밥(추가)
2023-09-14,5,9,Autumn,0,0,0,카페테리아,공깃밥(추가)
2023-09-15,4,9,Autumn,0,0,0,카페테리아,공깃밥(추가)
2023-09-16,9,9,Autumn,1,0,1,카페테리아,공깃밥(추가)
2023-09-17,11,9,Autumn,1,0,1,카페테리아,공깃밥(추가)
2023-09-18,4,9,Autumn,0,0,0,카페테리아,공깃밥(추가)
2023-09-19,1,9,Autumn,0,0,0,카페테리아,공깃밥(추가)
2023-09-20,2,9,Autumn,0,0,0,카페테리아,공깃밥(추가)
2023-09-21,3,9,Autumn,0,0,0,카페테리아,공깃밥(추가)
2023-09-22,8,9,Autumn,0,0,0,카페테리아,공깃밥(추가)
2023-09-23,10,9,Autumn,1,0,1,카페테리아,공깃밥(추가)
2023-09-24,12,9,Autumn,1,0,1,카페테리아,공깃밥(추가)
2023-09-25,4,9,Autumn,0,0,0,카페테리아,공깃밥(추가)
2023-09-26,4,9,Autumn,0,0,0,카페테리아,공깃밥(추가)
2023-09-27,3,9,Autumn,0,0,0,카페테리아,공깃밥(추가)
2023-09-28,9,9,Autumn,0,1,1,카페테리아,공깃밥(추가)
2023-09-29,22,9,Autumn,0,1,1,카페테리아,공깃밥(추가)
2023-09-30,16,9,Autumn,1,1,1,카페테리아,공깃밥(추가)
2023-10-01,26,10,Autumn,1,0,1,카페테리아,공깃밥(추가)
2023-10-02,28,10,Autumn,0,1,1,카페테리아,공깃밥(추가)
2023-10-03,17,10,Autumn,0,1,1,카페테리아,공깃밥(추가)
2023-10-04,1,10,Autumn,0,0,0,카페테리아,공깃밥(추가)
2023-10-05,4,10,Autumn,0,0,0,카페테리아,공깃밥(추가)
2023-10-06,5,10,Autumn,0,0,0,카페테리아,공깃밥(추가)
2023-10-07,19,10,Autumn,1,0,1,카페테리아,공깃밥(추가)
2023-10-08,32,10,Autumn,1,0,1,카페테리아,공깃밥(추가)
2023-10-09,20,10,Autumn,0,1,1,카페테리아,공깃밥(추가)
2023-10-10,8,10,Autumn,0,0,0,카페테리아,공깃밥(추가)
2023-10-11,3,10,Autumn,0,0,0,카페테리아,공깃밥(추가)
2023-10-12,7,10,Autumn,0,0,0,카페테리아,공깃밥(추가)
2023-10-13,11,10,Autumn,0,0,0,카페테리아,공깃밥(추가)
2023-10-14,5,10,Autumn,1,0,1,카페테리아,공깃밥(추가)
2023-10-15,29,10,Autumn,1,0,1,카페테리아,공깃밥(추가)
2023-10-16,1,10,Autumn,0,0,0,카페테리아,공깃밥(추가)
2023-10-17,15,10,Autumn,0,0,0,카페테리아,공깃밥(추가)
2023-10-18,9,10,Autumn,0,0,0,카페테리아,공깃밥(추가)
2023-10-19,16,10,Autumn,0,0,0,카페테리아,공깃밥(추가)
2023-10-20,12,10,Autumn,0,0,0,카페테리아,공깃밥(추가)
2023-10-21,26,10,Autumn,1,0,1,카페테리아,공깃밥(추가)
2023-10-22,25,10,Autumn,1,0,1,카페테리아,공깃밥(추가)
2023-10-23,16,10,Autumn,0,0,0,카페테리아,공깃밥(추가)
2023-10-24,16,10,Autumn,0,0,0,카페테리아,공깃밥(추가)
2023-10-25,9,10,Autumn,0,0,0,카페테리아,공깃밥(추가)
2023-10-26,7,10,Autumn,0,0,0,카페테리아,공깃밥(추가)
2023-10-27,12,10,Autumn,0,0,0,카페테리아,공깃밥(추가)
2023-10-28,19,10,Autumn,1,0,1,카페테리아,공깃밥(추가)
2023-10-29,11,10,Autumn,1,0,1,카페테리아,공깃밥(추가)
2023-10-30,6,10,Autumn,0,0,0,카페테리아,공깃밥(추가)
2023-10-31,4,10,Autumn,0,0,0,카페테리아,공깃밥(추가)
2023-11-01,9,11,Autumn,0,0,0,카페테리아,공깃밥(추가)
2023-11-02,11,11,Autumn,0,0,0,카페테리아,공깃밥(추가)
2023-11-03,14,11,Autumn,0,0,0,카페테리아,공깃밥(추가)
2023-11-04,14,11,Autumn,1,0,1,카페테리아,공깃밥(추가)
2023-11-05,3,11,Autumn,1,0,1,카페테리아,공깃밥(추가)
2023-11-06,10,11,Autumn,0,0,0,카페테리아,공깃밥(추가)
2023-11-07,17,11,Autumn,0,0,0,카페테리아,공깃밥(추가)
2023-11-08,7,11,Autumn,0,0,0,카페테리아,공깃밥(추가)
2023-11-09,4,11,Autumn,0,0,0,카페테리아,공깃밥(추가)
2023-11-10,8,11,Autumn,0,0,0,카페테리아,공깃밥(추가)
2023-11-11,8,11,Autumn,1,0,1,카페테리아,공깃밥(추가)
2023-11-12,10,11,Autumn,1,0,1,카페테리아,공깃밥(추가)
2023-11-13,6,11,Autumn,0,0,0,카페테리아,공깃밥(추가)
2023-11-14,2,11,Autumn,0,0,0,카페테리아,공깃밥(추가)
2023-11-15,6,11,Autumn,0,0,0,카페테리아,공깃밥(추가)
2023-11-16,2,11,Autumn,0,0,0,카페테리아,공깃밥(추가)
2023-11-17,10,11,Autumn,0,0,0,카페테리아,공깃밥(추가)
2023-11-18,7,11,Autumn,1,0,1,카페테리아,공깃밥(추가)
2023-11-19,2,11,Autumn,1,0,1,카페테리아,공깃밥(추가)
2023-11-20,1,11,Autumn,0,0,0,카페테리아,공깃밥(추가)
2023-11-21,0,11,Autumn,0,0,0,카페테리아,공깃밥(추가)
2023-11-22,1,11,Autumn,0,0,0,카페테리아,공깃밥(추가)
2023-11-23,5,11,Autumn,0,0,0,카페테리아,공깃밥(추가)
2023-11-24,3,11,Autumn,0,0,0,카페테리아,공깃밥(추가)
2023-11-25,7,11,Autumn,1,0,1,카페테리아,공깃밥(추가)
2023-11-26,6,11,Autumn,1,0,1,카페테리아,공깃밥(추가)
2023-11-27,2,11,Autumn,0,0,0,카페테리아,공깃밥(추가)
2023-11-28,6,11,Autumn,0,0,0,카페테리아,공깃밥(추가)
2023-11-29,1,11,Autumn,0,0,0,카페테리아,공깃밥(추가)
2023-11-30,4,11,Autumn,0,0,0,카페테리아,공깃밥(추가)
2023-12-01,1,12,Winter,0,0,0,카페테리아,공깃밥(추가)
2023-12-02,8,12,Winter,1,0,1,카페테리아,공깃밥(추가)
2023-12-03,5,12,Winter,1,0,1,카페테리아,공깃밥(추가)
2023-12-04,3,12,Winter,0,0,0,카페테리아,공깃밥(추가)
2023-12-05,1,12,Winter,0,0,0,카페테리아,공깃밥(추가)
2023-12-06,4,12,Winter,0,0,0,카페테리아,공깃밥(추가)
2023-12-07,7,12,Winter,0,0,0,카페테리아,공깃밥(추가)
2023-12-08,21,12,Winter,0,0,0,카페테리아,공깃밥(추가)
2023-12-09,32,12,Winter,1,0,1,카페테리아,공깃밥(추가)
2023-12-10,47,12,Winter,1,0,1,카페테리아,공깃밥(추가)
2023-12-11,13,12,Winter,0,0,0,카페테리아,공깃밥(추가)
2023-12-12,16,12,Winter,0,0,0,카페테리아,공깃밥(추가)
2023-12-13,14,12,Winter,0,0,0,카페테리아,공깃밥(추가)
2023-12-14,7,12,Winter,0,0,0,카페테리아,공깃밥(추가)
2023-12-15,5,12,Winter,0,0,0,카페테리아,공깃밥(추가)
2023-12-16,47,12,Winter,1,0,1,카페테리아,공깃밥(추가)
2023-12-17,32,12,Winter,1,0,1,카페테리아,공깃밥(추가)
2023-12-18,61,12,Winter,0,0,0,카페테리아,공깃밥(추가)
2023-12-19,35,12,Winter,0,0,0,카페테리아,공깃밥(추가)
2023-12-20,63,12,Winter,0,0,0,카페테리아,공깃밥(추가)
2023-12-21,56,12,Winter,0,0,0,카페테리아,공깃밥(추가)
2023-12-22,52,12,Winter,0,0,0,카페테리아,공깃밥(추가)
2023-12-23,97,12,Winter,1,0,1,카페테리아,공깃밥(추가)
2023-12-24,89,12,Winter,1,0,1,카페테리아,공깃밥(추가)
2023-12-25,60,12,Winter,0,1,1,카페테리아,공깃밥(추가)
2023-12-26,59,12,Winter,0,0,0,카페테리아,공깃밥(추가)
2023-12-27,59,12,Winter,0,0,0,카페테리아,공깃밥(추가)
2023-12-28,75,12,Winter,0,0,0,카페테리아,공깃밥(추가)
2023-12-29,61,12,Winter,0,0,0,카페테리아,공깃밥(추가)
2023-12-30,96,12,Winter,1,0,1,카페테리아,공깃밥(추가)
2023-12-31,82,12,Winter,1,0,1,카페테리아,공깃밥(추가)
2024-01-01,98,1,Winter,0,1,1,카페테리아,공깃밥(추가)
2024-01-02,51,1,Winter,0,0,0,카페테리아,공깃밥(추가)
2024-01-03,46,1,Winter,0,0,0,카페테리아,공깃밥(추가)
2024-01-04,50,1,Winter,0,0,0,카페테리아,공깃밥(추가)
2024-01-05,45,1,Winter,0,0,0,카페테리아,공깃밥(추가)
2024-01-06,75,1,Winter,1,0,1,카페테리아,공깃밥(추가)
2024-01-07,84,1,Winter,1,0,1,카페테리아,공깃밥(추가)
2024-01-08,52,1,Winter,0,0,0,카페테리아,공깃밥(추가)
2024-01-09,52,1,Winter,0,0,0,카페테리아,공깃밥(추가)
2024-01-10,66,1,Winter,0,0,0,카페테리아,공깃밥(추가)
2024-01-11,58,1,Winter,0,0,0,카페테리아,공깃밥(추가)
2024-01-12,59,1,Winter,0,0,0,카페테리아,공깃밥(추가)
2024-01-13,97,1,Winter,1,0,1,카페테리아,공깃밥(추가)
2024-01-14,80,1,Winter,1,0,1,카페테리아,공깃밥(추가)
2024-01-15,71,1,Winter,0,0,0,카페테리아,공깃밥(추가)
2024-01-16,55,1,Winter,0,0,0,카페테리아,공깃밥(추가)
2024-01-17,59,1,Winter,0,0,0,카페테리아,공깃밥(추가)
2024-01-18,41,1,Winter,0,0,0,카페테리아,공깃밥(추가)
2024-01-19,45,1,Winter,0,0,0,카페테리아,공깃밥(추가)
2024-01-20,92,1,Winter,1,0,1,카페테리아,공깃밥(추가)
2024-01-21,74,1,Winter,1,0,1,카페테리아,공깃밥(추가)
2024-01-22,85,1,Winter,0,0,0,카페테리아,공깃밥(추가)
2024-01-23,59,1,Winter,0,0,0,카페테리아,공깃밥(추가)
2024-01-24,51,1,Winter,0,0,0,카페테리아,공깃밥(추가)
2024-01-25,49,1,Winter,0,0,0,카페테리아,공깃밥(추가)
2024-01-26,44,1,Winter,0,0,0,카페테리아,공깃밥(추가)
2024-01-27,79,1,Winter,1,0,1,카페테리아,공깃밥(추가)
2024-01-28,96,1,Winter,1,0,1,카페테리아,공깃밥(추가)
2024-01-29,56,1,Winter,0,0,0,카페테리아,공깃밥(추가)
2024-01-30,38,1,Winter,0,0,0,카페테리아,공깃밥(추가)
2024-01-31,44,1,Winter,0,0,0,카페테리아,공깃밥(추가)
2024-02-01,49,2,Winter,0,0,0,카페테리아,공깃밥(추가)
2024-02-02,53,2,Winter,0,0,0,카페테리아,공깃밥(추가)
2024-02-03,73,2,Winter,1,0,1,카페테리아,공깃밥(추가)
2024-02-04,58,2,Winter,1,0,1,카페테리아,공깃밥(추가)
2024-02-05,37,2,Winter,0,0,0,카페테리아,공깃밥(추가)
2024-02-06,51,2,Winter,0,0,0,카페테리아,공깃밥(추가)
2024-02-07,34,2,Winter,0,0,0,카페테리아,공깃밥(추가)
2024-02-08,37,2,Winter,0,0,0,카페테리아,공깃밥(추가)
2024-02-09,60,2,Winter,0,1,1,카페테리아,공깃밥(추가)
2024-02-10,104,2,Winter,1,1,1,카페테리아,공깃밥(추가)
2024-02-11,83,2,Winter,1,1,1,카페테리아,공깃밥(추가)
2024-02-12,64,2,Winter,0,1,1,카페테리아,공깃밥(추가)
2024-02-13,43,2,Winter,0,0,0,카페테리아,공깃밥(추가)
2024-02-14,14,2,Winter,0,0,0,카페테리아,공깃밥(추가)
2024-02-15,14,2,Winter,0,0,0,카페테리아,공깃밥(추가)
2024-02-16,44,2,Winter,0,0,0,카페테리아,공깃밥(추가)
2024-02-17,55,2,Winter,1,0,1,카페테리아,공깃밥(추가)
2024-02-18,35,2,Winter,1,0,1,카페테리아,공깃밥(추가)
2024-02-19,10,2,Winter,0,0,0,카페테리아,공깃밥(추가)
2024-02-20,26,2,Winter,0,0,0,카페테리아,공깃밥(추가)
2024-02-21,12,2,Winter,0,0,0,카페테리아,공깃밥(추가)
2024-02-22,42,2,Winter,0,0,0,카페테리아,공깃밥(추가)
2024-02-23,28,2,Winter,0,0,0,카페테리아,공깃밥(추가)
2024-02-24,60,2,Winter,1,0,1,카페테리아,공깃밥(추가)
2024-02-25,58,2,Winter,1,0,1,카페테리아,공깃밥(추가)
2024-02-26,27,2,Winter,0,0,0,카페테리아,공깃밥(추가)
2024-02-27,24,2,Winter,0,0,0,카페테리아,공깃밥(추가)
2024-02-28,33,2,Winter,0,0,0,카페테리아,공깃밥(추가)
2024-02-29,28,2,Winter,0,0,0,카페테리아,공깃밥(추가)
2024-03-01,59,3,Spring,0,1,1,카페테리아,공깃밥(추가)
2024-03-02,30,3,Spring,1,0,1,카페테리아,공깃밥(추가)
2024-03-03,6,3,Spring,1,0,1,카페테리아,공깃밥(추가)
2024-03-04,0,3,Spring,0,0,0,카페테리아,공깃밥(추가)
2024-03-05,0,3,Spring,0,0,0,카페테리아,공깃밥(추가)
2024-03-06,0,3,Spring,0,0,0,카페테리아,공깃밥(추가)
2024-03-07,0,3,Spring,0,0,0,카페테리아,공깃밥(추가)
2024-03-08,0,3,Spring,0,0,0,카페테리아,공깃밥(추가)
2024-03-09,0,3,Spring,1,0,1,카페테리아,공깃밥(추가)
2024-03-10,0,3,Spring,1,0,1,카페테리아,공깃밥(추가)
2024-03-11,0,3,Spring,0,0,0,카페테리아,공깃밥(추가)
2024-03-12,0,3,Spring,0,0,0,카페테리아,공깃밥(추가)
2024-03-13,0,3,Spring,0,0,0,카페테리아,공깃밥(추가)
2024-03-14,0,3,Spring,0,0,0,카페테리아,공깃밥(추가)
2024-03-15,45,3,Spring,0,0,0,카페테리아,공깃밥(추가)
2024-03-16,4,3,Spring,1,0,1,카페테리아,공깃밥(추가)
2024-03-17,1,3,Spring,1,0,1,카페테리아,공깃밥(추가)
2024-03-18,0,3,Spring,0,0,0,카페테리아,공깃밥(추가)
2024-03-19,0,3,Spring,0,0,0,카페테리아,공깃밥(추가)
2024-03-20,0,3,Spring,0,0,0,카페테리아,공깃밥(추가)
2024-03-21,0,3,Spring,0,0,0,카페테리아,공깃밥(추가)
2024-03-22,1,3,Spring,0,0,0,카페테리아,공깃밥(추가)
2024-03-23,3,3,Spring,1,0,1,카페테리아,공깃밥(추가)
2024-03-24,0,3,Spring,1,0,1,카페테리아,공깃밥(추가)
2024-03-25,0,3,Spring,0,0,0,카페테리아,공깃밥(추가)
2024-03-26,0,3,Spring,0,0,0,카페테리아,공깃밥(추가)
2024-03-27,2,3,Spring,0,0,0,카페테리아,공깃밥(추가)
2024-03-28,0,3,Spring,0,0,0,카페테리아,공깃밥(추가)
2024-03-29,3,3,Spring,0,0,0,카페테리아,공깃밥(추가)
2024-03-30,7,3,Spring,1,0,1,카페테리아,공깃밥(추가)
2024-03-31,5,3,Spring,1,0,1,카페테리아,공깃밥(추가)
2024-04-01,0,4,Spring,0,0,0,카페테리아,공깃밥(추가)
2024-04-02,1,4,Spring,0,0,0,카페테리아,공깃밥(추가)
2024-04-03,0,4,Spring,0,0,0,카페테리아,공깃밥(추가)
2024-04-04,1,4,Spring,0,0,0,카페테리아,공깃밥(추가)
2024-04-05,2,4,Spring,0,0,0,카페테리아,공깃밥(추가)
2024-04-06,4,4,Spring,1,0,1,카페테리아,공깃밥(추가)
2024-04-07,10,4,Spring,1,0,1,카페테리아,공깃밥(추가)
2024-04-08,1,4,Spring,0,0,0,카페테리아,공깃밥(추가)
2024-04-09,3,4,Spring,0,0,0,카페테리아,공깃밥(추가)
2024-04-10,11,4,Spring,0,1,1,카페테리아,공깃밥(추가)
2024-04-11,10,4,Spring,0,0,0,카페테리아,공깃밥(추가)
2024-04-12,15,4,Spring,0,0,0,카페테리아,공깃밥(추가)
2024-04-13,6,4,Spring,1,0,1,카페테리아,공깃밥(추가)
2024-04-14,3,4,Spring,1,0,1,카페테리아,공깃밥(추가)
2024-04-15,0,4,Spring,0,0,0,카페테리아,공깃밥(추가)
2024-04-16,0,4,Spring,0,0,0,카페테리아,공깃밥(추가)
2024-04-17,3,4,Spring,0,0,0,카페테리아,공깃밥(추가)
2024-04-18,2,4,Spring,0,0,0,카페테리아,공깃밥(추가)
2024-04-19,3,4,Spring,0,0,0,카페테리아,공깃밥(추가)
2024-04-20,3,4,Spring,1,0,1,카페테리아,공깃밥(추가)
2024-04-21,8,4,Spring,1,0,1,카페테리아,공깃밥(추가)
2024-04-22,1,4,Spring,0,0,0,카페테리아,공깃밥(추가)
2024-04-23,1,4,Spring,0,0,0,카페테리아,공깃밥(추가)
2024-04-24,6,4,Spring,0,0,0,카페테리아,공깃밥(추가)
2024-04-25,3,4,Spring,0,0,0,카페테리아,공깃밥(추가)
2024-04-26,1,4,Spring,0,0,0,카페테리아,공깃밥(추가)
2024-04-27,14,4,Spring,1,0,1,카페테리아,공깃밥(추가)
2024-04-28,17,4,Spring,1,0,1,카페테리아,공깃밥(추가)
2024-04-29,3,4,Spring,0,0,0,카페테리아,공깃밥(추가)
2024-04-30,14,4,Spring,0,0,0,카페테리아,공깃밥(추가)
2024-05-01,3,5,Spring,0,0,0,카페테리아,공깃밥(추가)
2024-05-02,1,5,Spring,0,0,0,카페테리아,공깃밥(추가)
2024-05-03,11,5,Spring,0,0,0,카페테리아,공깃밥(추가)
2024-05-04,12,5,Spring,1,0,1,카페테리아,공깃밥(추가)
2024-05-05,1,5,Spring,1,1,1,카페테리아,공깃밥(추가)
2024-05-06,7,5,Spring,0,1,1,카페테리아,공깃밥(추가)
2024-05-07,3,5,Spring,0,0,0,카페테리아,공깃밥(추가)
2024-05-08,0,5,Spring,0,0,0,카페테리아,공깃밥(추가)
2024-05-09,1,5,Spring,0,0,0,카페테리아,공깃밥(추가)
2024-05-10,3,5,Spring,0,0,0,카페테리아,공깃밥(추가)
2024-05-11,3,5,Spring,1,0,1,카페테리아,공깃밥(추가)
2024-05-12,9,5,Spring,1,0,1,카페테리아,공깃밥(추가)
2024-05-13,0,5,Spring,0,0,0,카페테리아,공깃밥(추가)
2024-05-14,1,5,Spring,0,0,0,카페테리아,공깃밥(추가)
2024-05-15,6,5,Spring,0,1,1,카페테리아,공깃밥(추가)
2024-05-16,1,5,Spring,0,0,0,카페테리아,공깃밥(추가)
2024-05-17,0,5,Spring,0,0,0,카페테리아,공깃밥(추가)
2024-05-18,5,5,Spring,1,0,1,카페테리아,공깃밥(추가)
2024-05-19,3,5,Spring,1,0,1,카페테리아,공깃밥(추가)
2024-05-20,5,5,Spring,0,0,0,카페테리아,공깃밥(추가)
2024-05-21,1,5,Spring,0,0,0,카페테리아,공깃밥(추가)
2024-05-22,4,5,Spring,0,0,0,카페테리아,공깃밥(추가)
2024-05-23,3,5,Spring,0,0,0,카페테리아,공깃밥(추가)
2024-05-24,3,5,Spring,0,0,0,카페테리아,공깃밥(추가)
2024-05-25,12,5,Spring,1,0,1,카페테리아,공깃밥(추가)
2024-05-26,7,5,Spring,1,0,1,카페테리아,공깃밥(추가)
2024-05-27,0,5,Spring,0,0,0,카페테리아,공깃밥(추가)
2024-05-28,0,5,Spring,0,0,0,카페테리아,공깃밥(추가)
2024-05-29,0,5,Spring,0,0,0,카페테리아,공깃밥(추가)
2024-05-30,3,5,Spring,0,0,0,카페테리아,공깃밥(추가)
2024-05-31,8,5,Spring,0,0,0,카페테리아,공깃밥(추가)
2024-06-01,10,6,Summer,1,0,1,카페테리아,공깃밥(추가)
2024-06-02,1,6,Summer,1,0,1,카페테리아,공깃밥(추가)
2024-06-03,0,6,Summer,0,0,0,카페테리아,공깃밥(추가)
2024-06-04,0,6,Summer,0,0,0,카페테리아,공깃밥(추가)
2024-06-05,2,6,Summer,0,0,0,카페테리아,공깃밥(추가)
2024-06-06,20,6,Summer,0,1,1,카페테리아,공깃밥(추가)
2024-06-07,16,6,Summer,0,0,0,카페테리아,공깃밥(추가)
2024-06-08,9,6,Summer,1,0,1,카페테리아,공깃밥(추가)
2024-06-09,4,6,Summer,1,0,1,카페테리아,공깃밥(추가)
2024-06-10,0,6,Summer,0,0,0,카페테리아,공깃밥(추가)
2024-06-11,2,6,Summer,0,0,0,카페테리아,공깃밥(추가)
2024-06-12,1,6,Summer,0,0,0,카페테리아,공깃밥(추가)
2024-06-13,1,6,Summer,0,0,0,카페테리아,공깃밥(추가)
2024-06-14,0,6,Summer,0,0,0,카페테리아,공깃밥(추가)
2024-06-15,8,6,Summer,1,0,1,카페테리아,공깃밥(추가)
2023-01-01,73,1,Winter,1,1,1,카페테리아,구슬아이스크림
2023-01-02,68,1,Winter,0,0,0,카페테리아,구슬아이스크림
2023-01-03,40,1,Winter,0,0,0,카페테리아,구슬아이스크림
2023-01-04,75,1,Winter,0,0,0,카페테리아,구슬아이스크림
2023-01-05,90,1,Winter,0,0,0,카페테리아,구슬아이스크림
2023-01-06,74,1,Winter,0,0,0,카페테리아,구슬아이스크림
2023-01-07,102,1,Winter,1,0,1,카페테리아,구슬아이스크림
2023-01-08,108,1,Winter,1,0,1,카페테리아,구슬아이스크림
2023-01-09,78,1,Winter,0,0,0,카페테리아,구슬아이스크림
2023-01-10,91,1,Winter,0,0,0,카페테리아,구슬아이스크림
2023-01-11,60,1,Winter,0,0,0,카페테리아,구슬아이스크림
2023-01-12,54,1,Winter,0,0,0,카페테리아,구슬아이스크림
2023-01-13,28,1,Winter,0,0,0,카페테리아,구슬아이스크림
2023-01-14,58,1,Winter,1,0,1,카페테리아,구슬아이스크림
2023-01-15,68,1,Winter,1,0,1,카페테리아,구슬아이스크림
2023-01-16,70,1,Winter,0,0,0,카페테리아,구슬아이스크림
2023-01-17,53,1,Winter,0,0,0,카페테리아,구슬아이스크림
2023-01-18,101,1,Winter,0,0,0,카페테리아,구슬아이스크림
2023-01-19,78,1,Winter,0,0,0,카페테리아,구슬아이스크림
2023-01-20,61,1,Winter,0,0,0,카페테리아,구슬아이스크림
2023-01-21,68,1,Winter,1,1,1,카페테리아,구슬아이스크림
2023-01-22,71,1,Winter,1,1,1,카페테리아,구슬아이스크림
2023-01-23,121,1,Winter,0,1,1,카페테리아,구슬아이스크림
2023-01-24,30,1,Winter,0,1,1,카페테리아,구슬아이스크림
2023-01-25,40,1,Winter,0,0,0,카페테리아,구슬아이스크림
2023-01-26,54,1,Winter,0,0,0,카페테리아,구슬아이스크림
2023-01-27,57,1,Winter,0,0,0,카페테리아,구슬아이스크림
2023-01-28,77,1,Winter,1,0,1,카페테리아,구슬아이스크림
2023-01-29,113,1,Winter,1,0,1,카페테리아,구슬아이스크림
2023-01-30,56,1,Winter,0,0,0,카페테리아,구슬아이스크림
2023-01-31,43,1,Winter,0,0,0,카페테리아,구슬아이스크림
2023-02-01,71,2,Winter,0,0,0,카페테리아,구슬아이스크림
2023-02-02,49,2,Winter,0,0,0,카페테리아,구슬아이스크림
2023-02-03,63,2,Winter,0,0,0,카페테리아,구슬아이스크림
2023-02-04,142,2,Winter,1,0,1,카페테리아,구슬아이스크림
2023-02-05,109,2,Winter,1,0,1,카페테리아,구슬아이스크림
2023-02-06,50,2,Winter,0,0,0,카페테리아,구슬아이스크림
2023-02-07,59,2,Winter,0,0,0,카페테리아,구슬아이스크림
2023-02-08,60,2,Winter,0,0,0,카페테리아,구슬아이스크림
2023-02-09,53,2,Winter,0,0,0,카페테리아,구슬아이스크림
2023-02-10,61,2,Winter,0,0,0,카페테리아,구슬아이스크림
2023-02-11,105,2,Winter,1,0,1,카페테리아,구슬아이스크림
2023-02-12,112,2,Winter,1,0,1,카페테리아,구슬아이스크림
2023-02-13,55,2,Winter,0,0,0,카페테리아,구슬아이스크림
2023-02-14,40,2,Winter,0,0,0,카페테리아,구슬아이스크림
2023-02-15,57,2,Winter,0,0,0,카페테리아,구슬아이스크림
2023-02-16,43,2,Winter,0,0,0,카페테리아,구슬아이스크림
2023-02-17,63,2,Winter,0,0,0,카페테리아,구슬아이스크림
2023-02-18,105,2,Winter,1,0,1,카페테리아,구슬아이스크림
2023-02-19,93,2,Winter,1,0,1,카페테리아,구슬아이스크림
2023-02-20,45,2,Winter,0,0,0,카페테리아,구슬아이스크림
2023-02-21,57,2,Winter,0,0,0,카페테리아,구슬아이스크림
2023-02-22,27,2,Winter,0,0,0,카페테리아,구슬아이스크림
2023-02-23,39,2,Winter,0,0,0,카페테리아,구슬아이스크림
2023-02-24,59,2,Winter,0,0,0,카페테리아,구슬아이스크림
2023-02-25,89,2,Winter,1,0,1,카페테리아,구슬아이스크림
2023-02-26,62,2,Winter,1,0,1,카페테리아,구슬아이스크림
2023-02-27,43,2,Winter,0,0,0,카페테리아,구슬아이스크림
2023-02-28,36,2,Winter,0,0,0,카페테리아,구슬아이스크림
2023-03-01,13,3,Spring,0,1,1,카페테리아,구슬아이스크림
2023-03-02,0,3,Spring,0,0,0,카페테리아,구슬아이스크림
2023-03-03,0,3,Spring,0,0,0,카페테리아,구슬아이스크림
2023-03-04,0,3,Spring,1,0,1,카페테리아,구슬아이스크림
2023-03-05,0,3,Spring,1,0,1,카페테리아,구슬아이스크림
2023-03-06,0,3,Spring,0,0,0,카페테리아,구슬아이스크림
2023-03-07,0,3,Spring,0,0,0,카페테리아,구슬아이스크림
2023-03-08,0,3,Spring,0,0,0,카페테리아,구슬아이스크림
2023-03-09,0,3,Spring,0,0,0,카페테리아,구슬아이스크림
2023-03-10,0,3,Spring,0,0,0,카페테리아,구슬아이스크림
2023-03-11,0,3,Spring,1,0,1,카페테리아,구슬아이스크림
2023-03-12,0,3,Spring,1,0,1,카페테리아,구슬아이스크림
2023-03-13,0,3,Spring,0,0,0,카페테리아,구슬아이스크림
2023-03-14,0,3,Spring,0,0,0,카페테리아,구슬아이스크림
2023-03-15,0,3,Spring,0,0,0,카페테리아,구슬아이스크림
2023-03-16,0,3,Spring,0,0,0,카페테리아,구슬아이스크림
2023-03-17,2,3,Spring,0,0,0,카페테리아,구슬아이스크림
2023-03-18,3,3,Spring,1,0,1,카페테리아,구슬아이스크림
2023-03-19,0,3,Spring,1,0,1,카페테리아,구슬아이스크림
2023-03-20,0,3,Spring,0,0,0,카페테리아,구슬아이스크림
2023-03-21,0,3,Spring,0,0,0,카페테리아,구슬아이스크림
2023-03-22,0,3,Spring,0,0,0,카페테리아,구슬아이스크림
2023-03-23,0,3,Spring,0,0,0,카페테리아,구슬아이스크림
2023-03-24,0,3,Spring,0,0,0,카페테리아,구슬아이스크림
2023-03-25,0,3,Spring,1,0,1,카페테리아,구슬아이스크림
2023-03-26,0,3,Spring,1,0,1,카페테리아,구슬아이스크림
2023-03-27,0,3,Spring,0,0,0,카페테리아,구슬아이스크림
2023-03-28,2,3,Spring,0,0,0,카페테리아,구슬아이스크림
2023-03-29,0,3,Spring,0,0,0,카페테리아,구슬아이스크림
2023-03-30,0,3,Spring,0,0,0,카페테리아,구슬아이스크림
2023-03-31,2,3,Spring,0,0,0,카페테리아,구슬아이스크림
2023-04-01,0,4,Spring,1,0,1,카페테리아,구슬아이스크림
2023-04-02,0,4,Spring,1,0,1,카페테리아,구슬아이스크림
2023-04-03,0,4,Spring,0,0,0,카페테리아,구슬아이스크림
2023-04-04,1,4,Spring,0,0,0,카페테리아,구슬아이스크림
2023-04-05,1,4,Spring,0,0,0,카페테리아,구슬아이스크림
2023-04-06,0,4,Spring,0,0,0,카페테리아,구슬아이스크림
2023-04-07,0,4,Spring,0,0,0,카페테리아,구슬아이스크림
2023-04-08,0,4,Spring,1,0,1,카페테리아,구슬아이스크림
2023-04-09,0,4,Spring,1,0,1,카페테리아,구슬아이스크림
2023-04-10,1,4,Spring,0,0,0,카페테리아,구슬아이스크림
2023-04-11,0,4,Spring,0,0,0,카페테리아,구슬아이스크림
2023-04-12,0,4,Spring,0,0,0,카페테리아,구슬아이스크림
2023-04-13,2,4,Spring,0,0,0,카페테리아,구슬아이스크림
2023-04-14,0,4,Spring,0,0,0,카페테리아,구슬아이스크림
2023-04-15,0,4,Spring,1,0,1,카페테리아,구슬아이스크림
2023-04-16,0,4,Spring,1,0,1,카페테리아,구슬아이스크림
2023-04-17,0,4,Spring,0,0,0,카페테리아,구슬아이스크림
2023-04-18,0,4,Spring,0,0,0,카페테리아,구슬아이스크림
2023-04-19,4,4,Spring,0,0,0,카페테리아,구슬아이스크림
2023-04-20,0,4,Spring,0,0,0,카페테리아,구슬아이스크림
2023-04-21,0,4,Spring,0,0,0,카페테리아,구슬아이스크림
2023-04-22,0,4,Spring,1,0,1,카페테리아,구슬아이스크림
2023-04-23,0,4,Spring,1,0,1,카페테리아,구슬아이스크림
2023-04-24,3,4,Spring,0,0,0,카페테리아,구슬아이스크림
2023-04-25,0,4,Spring,0,0,0,카페테리아,구슬아이스크림
2023-04-26,0,4,Spring,0,0,0,카페테리아,구슬아이스크림
2023-04-27,0,4,Spring,0,0,0,카페테리아,구슬아이스크림
2023-04-28,0,4,Spring,0,0,0,카페테리아,구슬아이스크림
2023-04-29,0,4,Spring,1,0,1,카페테리아,구슬아이스크림
2023-04-30,0,4,Spring,1,0,1,카페테리아,구슬아이스크림
2023-05-01,0,5,Spring,0,0,0,카페테리아,구슬아이스크림
2023-05-02,0,5,Spring,0,0,0,카페테리아,구슬아이스크림
2023-05-03,0,5,Spring,0,0,0,카페테리아,구슬아이스크림
2023-05-04,0,5,Spring,0,0,0,카페테리아,구슬아이스크림
2023-05-05,0,5,Spring,0,1,1,카페테리아,구슬아이스크림
2023-05-06,0,5,Spring,1,0,1,카페테리아,구슬아이스크림
2023-05-07,0,5,Spring,1,0,1,카페테리아,구슬아이스크림
2023-05-08,0,5,Spring,0,0,0,카페테리아,구슬아이스크림
2023-05-09,0,5,Spring,0,0,0,카페테리아,구슬아이스크림
2023-05-10,0,5,Spring,0,0,0,카페테리아,구슬아이스크림
2023-05-11,0,5,Spring,0,0,0,카페테리아,구슬아이스크림
2023-05-12,0,5,Spring,0,0,0,카페테리아,구슬아이스크림
2023-05-13,0,5,Spring,1,0,1,카페테리아,구슬아이스크림
2023-05-14,0,5,Spring,1,0,1,카페테리아,구슬아이스크림
2023-05-15,0,5,Spring,0,0,0,카페테리아,구슬아이스크림
2023-05-16,0,5,Spring,0,0,0,카페테리아,구슬아이스크림
2023-05-17,0,5,Spring,0,0,0,카페테리아,구슬아이스크림
2023-05-18,0,5,Spring,0,0,0,카페테리아,구슬아이스크림
2023-05-19,0,5,Spring,0,0,0,카페테리아,구슬아이스크림
2023-05-20,0,5,Spring,1,0,1,카페테리아,구슬아이스크림
2023-05-21,0,5,Spring,1,0,1,카페테리아,구슬아이스크림
2023-05-22,0,5,Spring,0,0,0,카페테리아,구슬아이스크림
2023-05-23,0,5,Spring,0,0,0,카페테리아,구슬아이스크림
2023-05-24,0,5,Spring,0,0,0,카페테리아,구슬아이스크림
2023-05-25,0,5,Spring,0,0,0,카페테리아,구슬아이스크림
2023-05-26,0,5,Spring,0,0,0,카페테리아,구슬아이스크림
2023-05-27,0,5,Spring,1,1,1,카페테리아,구슬아이스크림
2023-05-28,0,5,Spring,1,0,1,카페테리아,구슬아이스크림
2023-05-29,0,5,Spring,0,1,1,카페테리아,구슬아이스크림
2023-05-30,0,5,Spring,0,0,0,카페테리아,구슬아이스크림
2023-05-31,0,5,Spring,0,0,0,카페테리아,구슬아이스크림
2023-06-01,0,6,Summer,0,0,0,카페테리아,구슬아이스크림
2023-06-02,0,6,Summer,0,0,0,카페테리아,구슬아이스크림
2023-06-03,0,6,Summer,1,0,1,카페테리아,구슬아이스크림
2023-06-04,0,6,Summer,1,0,1,카페테리아,구슬아이스크림
2023-06-05,0,6,Summer,0,0,0,카페테리아,구슬아이스크림
2023-06-06,0,6,Summer,0,1,1,카페테리아,구슬아이스크림
2023-06-07,0,6,Summer,0,0,0,카페테리아,구슬아이스크림
2023-06-08,0,6,Summer,0,0,0,카페테리아,구슬아이스크림
2023-06-09,0,6,Summer,0,0,0,카페테리아,구슬아이스크림
2023-06-10,0,6,Summer,1,0,1,카페테리아,구슬아이스크림
2023-06-11,0,6,Summer,1,0,1,카페테리아,구슬아이스크림
2023-06-12,0,6,Summer,0,0,0,카페테리아,구슬아이스크림
2023-06-13,0,6,Summer,0,0,0,카페테리아,구슬아이스크림
2023-06-14,0,6,Summer,0,0,0,카페테리아,구슬아이스크림
2023-06-15,0,6,Summer,0,0,0,카페테리아,구슬아이스크림
2023-06-16,0,6,Summer,0,0,0,카페테리아,구슬아이스크림
2023-06-17,0,6,Summer,1,0,1,카페테리아,구슬아이스크림
2023-06-18,0,6,Summer,1,0,1,카페테리아,구슬아이스크림
2023-06-19,0,6,Summer,0,0,0,카페테리아,구슬아이스크림
2023-06-20,0,6,Summer,0,0,0,카페테리아,구슬아이스크림
2023-06-21,0,6,Summer,0,0,0,카페테리아,구슬아이스크림
2023-06-22,0,6,Summer,0,0,0,카페테리아,구슬아이스크림
2023-06-23,0,6,Summer,0,0,0,카페테리아,구슬아이스크림
2023-06-24,0,6,Summer,1,0,1,카페테리아,구슬아이스크림
2023-06-25,0,6,Summer,1,0,1,카페테리아,구슬아이스크림
2023-06-26,0,6,Summer,0,0,0,카페테리아,구슬아이스크림
2023-06-27,0,6,Summer,0,0,0,카페테리아,구슬아이스크림
2023-06-28,0,6,Summer,0,0,0,카페테리아,구슬아이스크림
2023-06-29,0,6,Summer,0,0,0,카페테리아,구슬아이스크림
2023-06-30,0,6,Summer,0,0,0,카페테리아,구슬아이스크림
2023-07-01,0,7,Summer,1,0,1,카페테리아,구슬아이스크림
2023-07-02,0,7,Summer,1,0,1,카페테리아,구슬아이스크림
2023-07-03,0,7,Summer,0,0,0,카페테리아,구슬아이스크림
2023-07-04,0,7,Summer,0,0,0,카페테리아,구슬아이스크림
2023-07-05,0,7,Summer,0,0,0,카페테리아,구슬아이스크림
2023-07-06,0,7,Summer,0,0,0,카페테리아,구슬아이스크림
2023-07-07,0,7,Summer,0,0,0,카페테리아,구슬아이스크림
2023-07-08,0,7,Summer,1,0,1,카페테리아,구슬아이스크림
2023-07-09,0,7,Summer,1,0,1,카페테리아,구슬아이스크림
2023-07-10,0,7,Summer,0,0,0,카페테리아,구슬아이스크림
2023-07-11,0,7,Summer,0,0,0,카페테리아,구슬아이스크림
2023-07-12,0,7,Summer,0,0,0,카페테리아,구슬아이스크림
2023-07-13,0,7,Summer,0,0,0,카페테리아,구슬아이스크림
2023-07-14,0,7,Summer,0,0,0,카페테리아,구슬아이스크림
2023-07-15,0,7,Summer,1,0,1,카페테리아,구슬아이스크림
2023-07-16,0,7,Summer,1,0,1,카페테리아,구슬아이스크림
2023-07-17,0,7,Summer,0,0,0,카페테리아,구슬아이스크림
2023-07-18,0,7,Summer,0,0,0,카페테리아,구슬아이스크림
2023-07-19,0,7,Summer,0,0,0,카페테리아,구슬아이스크림
2023-07-20,0,7,Summer,0,0,0,카페테리아,구슬아이스크림
2023-07-21,0,7,Summer,0,0,0,카페테리아,구슬아이스크림
2023-07-22,0,7,Summer,1,0,1,카페테리아,구슬아이스크림
2023-07-23,0,7,Summer,1,0,1,카페테리아,구슬아이스크림
2023-07-24,0,7,Summer,0,0,0,카페테리아,구슬아이스크림
2023-07-25,0,7,Summer,0,0,0,카페테리아,구슬아이스크림
2023-07-26,0,7,Summer,0,0,0,카페테리아,구슬아이스크림
2023-07-27,0,7,Summer,0,0,0,카페테리아,구슬아이스크림
2023-07-28,0,7,Summer,0,0,0,카페테리아,구슬아이스크림
2023-07-29,0,7,Summer,1,0,1,카페테리아,구슬아이스크림
2023-07-30,0,7,Summer,1,0,1,카페테리아,구슬아이스크림
2023-07-31,0,7,Summer,0,0,0,카페테리아,구슬아이스크림
2023-08-01,0,8,Summer,0,0,0,카페테리아,구슬아이스크림
2023-08-02,0,8,Summer,0,0,0,카페테리아,구슬아이스크림
2023-08-03,0,8,Summer,0,0,0,카페테리아,구슬아이스크림
2023-08-04,0,8,Summer,0,0,0,카페테리아,구슬아이스크림
2023-08-05,0,8,Summer,1,0,1,카페테리아,구슬아이스크림
2023-08-06,0,8,Summer,1,0,1,카페테리아,구슬아이스크림
2023-08-07,0,8,Summer,0,0,0,카페테리아,구슬아이스크림
2023-08-08,0,8,Summer,0,0,0,카페테리아,구슬아이스크림
2023-08-09,0,8,Summer,0,0,0,카페테리아,구슬아이스크림
2023-08-10,0,8,Summer,0,0,0,카페테리아,구슬아이스크림
2023-08-11,0,8,Summer,0,0,0,카페테리아,구슬아이스크림
2023-08-12,0,8,Summer,1,0,1,카페테리아,구슬아이스크림
2023-08-13,0,8,Summer,1,0,1,카페테리아,구슬아이스크림
2023-08-14,0,8,Summer,0,0,0,카페테리아,구슬아이스크림
2023-08-15,0,8,Summer,0,1,1,카페테리아,구슬아이스크림
2023-08-16,0,8,Summer,0,0,0,카페테리아,구슬아이스크림
2023-08-17,0,8,Summer,0,0,0,카페테리아,구슬아이스크림
2023-08-18,0,8,Summer,0,0,0,카페테리아,구슬아이스크림
2023-08-19,0,8,Summer,1,0,1,카페테리아,구슬아이스크림
2023-08-20,0,8,Summer,1,0,1,카페테리아,구슬아이스크림
2023-08-21,0,8,Summer,0,0,0,카페테리아,구슬아이스크림
2023-08-22,0,8,Summer,0,0,0,카페테리아,구슬아이스크림
2023-08-23,0,8,Summer,0,0,0,카페테리아,구슬아이스크림
2023-08-24,0,8,Summer,0,0,0,카페테리아,구슬아이스크림
2023-08-25,0,8,Summer,0,0,0,카페테리아,구슬아이스크림
2023-08-26,0,8,Summer,1,0,1,카페테리아,구슬아이스크림
2023-08-27,0,8,Summer,1,0,1,카페테리아,구슬아이스크림
2023-08-28,0,8,Summer,0,0,0,카페테리아,구슬아이스크림
2023-08-29,0,8,Summer,0,0,0,카페테리아,구슬아이스크림
2023-08-30,0,8,Summer,0,0,0,카페테리아,구슬아이스크림
2023-08-31,0,8,Summer,0,0,0,카페테리아,구슬아이스크림
2023-09-01,0,9,Autumn,0,0,0,카페테리아,구슬아이스크림
2023-09-02,0,9,Autumn,1,0,1,카페테리아,구슬아이스크림
2023-09-03,0,9,Autumn,1,0,1,카페테리아,구슬아이스크림
2023-09-04,0,9,Autumn,0,0,0,카페테리아,구슬아이스크림
2023-09-05,0,9,Autumn,0,0,0,카페테리아,구슬아이스크림
2023-09-06,0,9,Autumn,0,0,0,카페테리아,구슬아이스크림
2023-09-07,0,9,Autumn,0,0,0,카페테리아,구슬아이스크림
2023-09-08,0,9,Autumn,0,0,0,카페테리아,구슬아이스크림
2023-09-09,0,9,Autumn,1,0,1,카페테리아,구슬아이스크림
2023-09-10,0,9,Autumn,1,0,1,카페테리아,구슬아이스크림
2023-09-11,0,9,Autumn,0,0,0,카페테리아,구슬아이스크림
2023-09-12,0,9,Autumn,0,0,0,카페테리아,구슬아이스크림
2023-09-13,0,9,Autumn,0,0,0,카페테리아,구슬아이스크림
2023-09-14,0,9,Autumn,0,0,0,카페테리아,구슬아이스크림
2023-09-15,0,9,Autumn,0,0,0,카페테리아,구슬아이스크림
2023-09-16,0,9,Autumn,1,0,1,카페테리아,구슬아이스크림
2023-09-17,0,9,Autumn,1,0,1,카페테리아,구슬아이스크림
2023-09-18,0,9,Autumn,0,0,0,카페테리아,구슬아이스크림
2023-09-19,0,9,Autumn,0,0,0,카페테리아,구슬아이스크림
2023-09-20,0,9,Autumn,0,0,0,카페테리아,구슬아이스크림
2023-09-21,0,9,Autumn,0,0,0,카페테리아,구슬아이스크림
2023-09-22,0,9,Autumn,0,0,0,카페테리아,구슬아이스크림
2023-09-23,0,9,Autumn,1,0,1,카페테리아,구슬아이스크림
2023-09-24,0,9,Autumn,1,0,1,카페테리아,구슬아이스크림
2023-09-25,0,9,Autumn,0,0,0,카페테리아,구슬아이스크림
2023-09-26,0,9,Autumn,0,0,0,카페테리아,구슬아이스크림
2023-09-27,0,9,Autumn,0,0,0,카페테리아,구슬아이스크림
2023-09-28,0,9,Autumn,0,1,1,카페테리아,구슬아이스크림
2023-09-29,0,9,Autumn,0,1,1,카페테리아,구슬아이스크림
2023-09-30,0,9,Autumn,1,1,1,카페테리아,구슬아이스크림
2023-10-01,0,10,Autumn,1,0,1,카페테리아,구슬아이스크림
2023-10-02,0,10,Autumn,0,1,1,카페테리아,구슬아이스크림
2023-10-03,0,10,Autumn,0,1,1,카페테리아,구슬아이스크림
2023-10-04,0,10,Autumn,0,0,0,카페테리아,구슬아이스크림
2023-10-05,0,10,Autumn,0,0,0,카페테리아,구슬아이스크림
2023-10-06,0,10,Autumn,0,0,0,카페테리아,구슬아이스크림
2023-10-07,0,10,Autumn,1,0,1,카페테리아,구슬아이스크림
2023-10-08,0,10,Autumn,1,0,1,카페테리아,구슬아이스크림
2023-10-09,0,10,Autumn,0,1,1,카페테리아,구슬아이스크림
2023-10-10,0,10,Autumn,0,0,0,카페테리아,구슬아이스크림
2023-10-11,0,10,Autumn,0,0,0,카페테리아,구슬아이스크림
2023-10-12,0,10,Autumn,0,0,0,카페테리아,구슬아이스크림
2023-10-13,0,10,Autumn,0,0,0,카페테리아,구슬아이스크림
2023-10-14,0,10,Autumn,1,0,1,카페테리아,구슬아이스크림
2023-10-15,0,10,Autumn,1,0,1,카페테리아,구슬아이스크림
2023-10-16,0,10,Autumn,0,0,0,카페테리아,구슬아이스크림
2023-10-17,0,10,Autumn,0,0,0,카페테리아,구슬아이스크림
2023-10-18,0,10,Autumn,0,0,0,카페테리아,구슬아이스크림
2023-10-19,0,10,Autumn,0,0,0,카페테리아,구슬아이스크림
2023-10-20,0,10,Autumn,0,0,0,카페테리아,구슬아이스크림
2023-10-21,0,10,Autumn,1,0,1,카페테리아,구슬아이스크림
2023-10-22,0,10,Autumn,1,0,1,카페테리아,구슬아이스크림
2023-10-23,0,10,Autumn,0,0,0,카페테리아,구슬아이스크림
2023-10-24,0,10,Autumn,0,0,0,카페테리아,구슬아이스크림
2023-10-25,0,10,Autumn,0,0,0,카페테리아,구슬아이스크림
2023-10-26,0,10,Autumn,0,0,0,카페테리아,구슬아이스크림
2023-10-27,0,10,Autumn,0,0,0,카페테리아,구슬아이스크림
2023-10-28,0,10,Autumn,1,0,1,카페테리아,구슬아이스크림
2023-10-29,0,10,Autumn,1,0,1,카페테리아,구슬아이스크림
2023-10-30,0,10,Autumn,0,0,0,카페테리아,구슬아이스크림
2023-10-31,0,10,Autumn,0,0,0,카페테리아,구슬아이스크림
2023-11-01,0,11,Autumn,0,0,0,카페테리아,구슬아이스크림
2023-11-02,0,11,Autumn,0,0,0,카페테리아,구슬아이스크림
2023-11-03,0,11,Autumn,0,0,0,카페테리아,구슬아이스크림
2023-11-04,0,11,Autumn,1,0,1,카페테리아,구슬아이스크림
2023-11-05,0,11,Autumn,1,0,1,카페테리아,구슬아이스크림
2023-11-06,0,11,Autumn,0,0,0,카페테리아,구슬아이스크림
2023-11-07,0,11,Autumn,0,0,0,카페테리아,구슬아이스크림
2023-11-08,0,11,Autumn,0,0,0,카페테리아,구슬아이스크림
2023-11-09,0,11,Autumn,0,0,0,카페테리아,구슬아이스크림
2023-11-10,0,11,Autumn,0,0,0,카페테리아,구슬아이스크림
2023-11-11,0,11,Autumn,1,0,1,카페테리아,구슬아이스크림
2023-11-12,0,11,Autumn,1,0,1,카페테리아,구슬아이스크림
2023-11-13,0,11,Autumn,0,0,0,카페테리아,구슬아이스크림
2023-11-14,0,11,Autumn,0,0,0,카페테리아,구슬아이스크림
2023-11-15,0,11,Autumn,0,0,0,카페테리아,구슬아이스크림
2023-11-16,0,11,Autumn,0,0,0,카페테리아,구슬아이스크림
2023-11-17,0,11,Autumn,0,0,0,카페테리아,구슬아이스크림
2023-11-18,0,11,Autumn,1,0,1,카페테리아,구슬아이스크림
2023-11-19,0,11,Autumn,1,0,1,카페테리아,구슬아이스크림
2023-11-20,0,11,Autumn,0,0,0,카페테리아,구슬아이스크림
2023-11-21,0,11,Autumn,0,0,0,카페테리아,구슬아이스크림
2023-11-22,0,11,Autumn,0,0,0,카페테리아,구슬아이스크림
2023-11-23,0,11,Autumn,0,0,0,카페테리아,구슬아이스크림
2023-11-24,0,11,Autumn,0,0,0,카페테리아,구슬아이스크림
2023-11-25,0,11,Autumn,1,0,1,카페테리아,구슬아이스크림
2023-11-26,0,11,Autumn,1,0,1,카페테리아,구슬아이스크림
2023-11-27,0,11,Autumn,0,0,0,카페테리아,구슬아이스크림
2023-11-28,0,11,Autumn,0,0,0,카페테리아,구슬아이스크림
2023-11-29,0,11,Autumn,0,0,0,카페테리아,구슬아이스크림
2023-11-30,0,11,Autumn,0,0,0,카페테리아,구슬아이스크림
2023-12-01,0,12,Winter,0,0,0,카페테리아,구슬아이스크림
2023-12-02,0,12,Winter,1,0,1,카페테리아,구슬아이스크림
2023-12-03,0,12,Winter,1,0,1,카페테리아,구슬아이스크림
2023-12-04,0,12,Winter,0,0,0,카페테리아,구슬아이스크림
2023-12-05,0,12,Winter,0,0,0,카페테리아,구슬아이스크림
2023-12-06,1,12,Winter,0,0,0,카페테리아,구슬아이스크림
2023-12-07,15,12,Winter,0,0,0,카페테리아,구슬아이스크림
2023-12-08,2,12,Winter,0,0,0,카페테리아,구슬아이스크림
2023-12-09,37,12,Winter,1,0,1,카페테리아,구슬아이스크림
2023-12-10,52,12,Winter,1,0,1,카페테리아,구슬아이스크림
2023-12-11,12,12,Winter,0,0,0,카페테리아,구슬아이스크림
2023-12-12,14,12,Winter,0,0,0,카페테리아,구슬아이스크림
2023-12-13,9,12,Winter,0,0,0,카페테리아,구슬아이스크림
2023-12-14,12,12,Winter,0,0,0,카페테리아,구슬아이스크림
2023-12-15,2,12,Winter,0,0,0,카페테리아,구슬아이스크림
2023-12-16,27,12,Winter,1,0,1,카페테리아,구슬아이스크림
2023-12-17,14,12,Winter,1,0,1,카페테리아,구슬아이스크림
2023-12-18,31,12,Winter,0,0,0,카페테리아,구슬아이스크림
2023-12-19,53,12,Winter,0,0,0,카페테리아,구슬아이스크림
2023-12-20,49,12,Winter,0,0,0,카페테리아,구슬아이스크림
2023-12-21,33,12,Winter,0,0,0,카페테리아,구슬아이스크림
2023-12-22,56,12,Winter,0,0,0,카페테리아,구슬아이스크림
2023-12-23,75,12,Winter,1,0,1,카페테리아,구슬아이스크림
2023-12-24,104,12,Winter,1,0,1,카페테리아,구슬아이스크림
2023-12-25,97,12,Winter,0,1,1,카페테리아,구슬아이스크림
2023-12-26,69,12,Winter,0,0,0,카페테리아,구슬아이스크림
2023-12-27,63,12,Winter,0,0,0,카페테리아,구슬아이스크림
2023-12-28,68,12,Winter,0,0,0,카페테리아,구슬아이스크림
2023-12-29,105,12,Winter,0,0,0,카페테리아,구슬아이스크림
2023-12-30,99,12,Winter,1,0,1,카페테리아,구슬아이스크림
2023-12-31,129,12,Winter,1,0,1,카페테리아,구슬아이스크림
2024-01-01,112,1,Winter,0,1,1,카페테리아,구슬아이스크림
2024-01-02,74,1,Winter,0,0,0,카페테리아,구슬아이스크림
2024-01-03,72,1,Winter,0,0,0,카페테리아,구슬아이스크림
2024-01-04,75,1,Winter,0,0,0,카페테리아,구슬아이스크림
2024-01-05,69,1,Winter,0,0,0,카페테리아,구슬아이스크림
2024-01-06,107,1,Winter,1,0,1,카페테리아,구슬아이스크림
2024-01-07,108,1,Winter,1,0,1,카페테리아,구슬아이스크림
2024-01-08,57,1,Winter,0,0,0,카페테리아,구슬아이스크림
2024-01-09,42,1,Winter,0,0,0,카페테리아,구슬아이스크림
2024-01-10,48,1,Winter,0,0,0,카페테리아,구슬아이스크림
2024-01-11,54,1,Winter,0,0,0,카페테리아,구슬아이스크림
2024-01-12,80,1,Winter,0,0,0,카페테리아,구슬아이스크림
2024-01-13,150,1,Winter,1,0,1,카페테리아,구슬아이스크림
2024-01-14,76,1,Winter,1,0,1,카페테리아,구슬아이스크림
2024-01-15,64,1,Winter,0,0,0,카페테리아,구슬아이스크림
2024-01-16,41,1,Winter,0,0,0,카페테리아,구슬아이스크림
2024-01-17,44,1,Winter,0,0,0,카페테리아,구슬아이스크림
2024-01-18,52,1,Winter,0,0,0,카페테리아,구슬아이스크림
2024-01-19,43,1,Winter,0,0,0,카페테리아,구슬아이스크림
2024-01-20,107,1,Winter,1,0,1,카페테리아,구슬아이스크림
2024-01-21,99,1,Winter,1,0,1,카페테리아,구슬아이스크림
2024-01-22,34,1,Winter,0,0,0,카페테리아,구슬아이스크림
2024-01-23,45,1,Winter,0,0,0,카페테리아,구슬아이스크림
2024-01-24,39,1,Winter,0,0,0,카페테리아,구슬아이스크림
2024-01-25,49,1,Winter,0,0,0,카페테리아,구슬아이스크림
2024-01-26,48,1,Winter,0,0,0,카페테리아,구슬아이스크림
2024-01-27,166,1,Winter,1,0,1,카페테리아,구슬아이스크림
2024-01-28,85,1,Winter,1,0,1,카페테리아,구슬아이스크림
2024-01-29,38,1,Winter,0,0,0,카페테리아,구슬아이스크림
2024-01-30,36,1,Winter,0,0,0,카페테리아,구슬아이스크림
2024-01-31,67,1,Winter,0,0,0,카페테리아,구슬아이스크림
2024-02-01,35,2,Winter,0,0,0,카페테리아,구슬아이스크림
2024-02-02,41,2,Winter,0,0,0,카페테리아,구슬아이스크림
2024-02-03,81,2,Winter,1,0,1,카페테리아,구슬아이스크림
2024-02-04,85,2,Winter,1,0,1,카페테리아,구슬아이스크림
2024-02-05,26,2,Winter,0,0,0,카페테리아,구슬아이스크림
2024-02-06,32,2,Winter,0,0,0,카페테리아,구슬아이스크림
2024-02-07,37,2,Winter,0,0,0,카페테리아,구슬아이스크림
2024-02-08,61,2,Winter,0,0,0,카페테리아,구슬아이스크림
2024-02-09,61,2,Winter,0,1,1,카페테리아,구슬아이스크림
2024-02-10,64,2,Winter,1,1,1,카페테리아,구슬아이스크림
2024-02-11,115,2,Winter,1,1,1,카페테리아,구슬아이스크림
2024-02-12,90,2,Winter,0,1,1,카페테리아,구슬아이스크림
2024-02-13,29,2,Winter,0,0,0,카페테리아,구슬아이스크림
2024-02-14,34,2,Winter,0,0,0,카페테리아,구슬아이스크림
2024-02-15,13,2,Winter,0,0,0,카페테리아,구슬아이스크림
2024-02-16,49,2,Winter,0,0,0,카페테리아,구슬아이스크림
2024-02-17,97,2,Winter,1,0,1,카페테리아,구슬아이스크림
2024-02-18,53,2,Winter,1,0,1,카페테리아,구슬아이스크림
2024-02-19,9,2,Winter,0,0,0,카페테리아,구슬아이스크림
2024-02-20,14,2,Winter,0,0,0,카페테리아,구슬아이스크림
2024-02-21,5,2,Winter,0,0,0,카페테리아,구슬아이스크림
2024-02-22,22,2,Winter,0,0,0,카페테리아,구슬아이스크림
2024-02-23,27,2,Winter,0,0,0,카페테리아,구슬아이스크림
2024-02-24,61,2,Winter,1,0,1,카페테리아,구슬아이스크림
2024-02-25,58,2,Winter,1,0,1,카페테리아,구슬아이스크림
2024-02-26,21,2,Winter,0,0,0,카페테리아,구슬아이스크림
2024-02-27,11,2,Winter,0,0,0,카페테리아,구슬아이스크림
2024-02-28,23,2,Winter,0,0,0,카페테리아,구슬아이스크림
2024-02-29,9,2,Winter,0,0,0,카페테리아,구슬아이스크림
2024-03-01,54,3,Spring,0,1,1,카페테리아,구슬아이스크림
2024-03-02,16,3,Spring,1,0,1,카페테리아,구슬아이스크림
2024-03-03,13,3,Spring,1,0,1,카페테리아,구슬아이스크림
2024-03-04,0,3,Spring,0,0,0,카페테리아,구슬아이스크림
2024-03-05,0,3,Spring,0,0,0,카페테리아,구슬아이스크림
2024-03-06,0,3,Spring,0,0,0,카페테리아,구슬아이스크림
2024-03-07,0,3,Spring,0,0,0,카페테리아,구슬아이스크림
2024-03-08,0,3,Spring,0,0,0,카페테리아,구슬아이스크림
2024-03-09,0,3,Spring,1,0,1,카페테리아,구슬아이스크림
2024-03-10,0,3,Spring,1,0,1,카페테리아,구슬아이스크림
2024-03-11,0,3,Spring,0,0,0,카페테리아,구슬아이스크림
2024-03-12,0,3,Spring,0,0,0,카페테리아,구슬아이스크림
2024-03-13,0,3,Spring,0,0,0,카페테리아,구슬아이스크림
2024-03-14,0,3,Spring,0,0,0,카페테리아,구슬아이스크림
2024-03-15,0,3,Spring,0,0,0,카페테리아,구슬아이스크림
2024-03-16,0,3,Spring,1,0,1,카페테리아,구슬아이스크림
2024-03-17,0,3,Spring,1,0,1,카페테리아,구슬아이스크림
2024-03-18,0,3,Spring,0,0,0,카페테리아,구슬아이스크림
2024-03-19,0,3,Spring,0,0,0,카페테리아,구슬아이스크림
2024-03-20,0,3,Spring,0,0,0,카페테리아,구슬아이스크림
2024-03-21,0,3,Spring,0,0,0,카페테리아,구슬아이스크림
2024-03-22,0,3,Spring,0,0,0,카페테리아,구슬아이스크림
2024-03-23,0,3,Spring,1,0,1,카페테리아,구슬아이스크림
2024-03-24,0,3,Spring,1,0,1,카페테리아,구슬아이스크림
2024-03-25,0,3,Spring,0,0,0,카페테리아,구슬아이스크림
2024-03-26,0,3,Spring,0,0,0,카페테리아,구슬아이스크림
2024-03-27,0,3,Spring,0,0,0,카페테리아,구슬아이스크림
2024-03-28,0,3,Spring,0,0,0,카페테리아,구슬아이스크림
2024-03-29,0,3,Spring,0,0,0,카페테리아,구슬아이스크림
2024-03-30,0,3,Spring,1,0,1,카페테리아,구슬아이스크림
2024-03-31,0,3,Spring,1,0,1,카페테리아,구슬아이스크림
2024-04-01,0,4,Spring,0,0,0,카페테리아,구슬아이스크림
2024-04-02,0,4,Spring,0,0,0,카페테리아,구슬아이스크림
2024-04-03,0,4,Spring,0,0,0,카페테리아,구슬아이스크림
2024-04-04,0,4,Spring,0,0,0,카페테리아,구슬아이스크림
2024-04-05,0,4,Spring,0,0,0,카페테리아,구슬아이스크림
2024-04-06,0,4,Spring,1,0,1,카페테리아,구슬아이스크림
2024-04-07,0,4,Spring,1,0,1,카페테리아,구슬아이스크림
2024-04-08,0,4,Spring,0,0,0,카페테리아,구슬아이스크림
2024-04-09,0,4,Spring,0,0,0,카페테리아,구슬아이스크림
2024-04-10,0,4,Spring,0,1,1,카페테리아,구슬아이스크림
2024-04-11,0,4,Spring,0,0,0,카페테리아,구슬아이스크림
2024-04-12,0,4,Spring,0,0,0,카페테리아,구슬아이스크림
2024-04-13,0,4,Spring,1,0,1,카페테리아,구슬아이스크림
2024-04-14,0,4,Spring,1,0,1,카페테리아,구슬아이스크림
2024-04-15,0,4,Spring,0,0,0,카페테리아,구슬아이스크림
2024-04-16,0,4,Spring,0,0,0,카페테리아,구슬아이스크림
2024-04-17,0,4,Spring,0,0,0,카페테리아,구슬아이스크림
2024-04-18,0,4,Spring,0,0,0,카페테리아,구슬아이스크림
2024-04-19,0,4,Spring,0,0,0,카페테리아,구슬아이스크림
2024-04-20,0,4,Spring,1,0,1,카페테리아,구슬아이스크림
2024-04-21,0,4,Spring,1,0,1,카페테리아,구슬아이스크림
2024-04-22,0,4,Spring,0,0,0,카페테리아,구슬아이스크림
2024-04-23,0,4,Spring,0,0,0,카페테리아,구슬아이스크림
2024-04-24,0,4,Spring,0,0,0,카페테리아,구슬아이스크림
2024-04-25,0,4,Spring,0,0,0,카페테리아,구슬아이스크림
2024-04-26,0,4,Spring,0,0,0,카페테리아,구슬아이스크림
2024-04-27,0,4,Spring,1,0,1,카페테리아,구슬아이스크림
2024-04-28,0,4,Spring,1,0,1,카페테리아,구슬아이스크림
2024-04-29,0,4,Spring,0,0,0,카페테리아,구슬아이스크림
2024-04-30,0,4,Spring,0,0,0,카페테리아,구슬아이스크림
2024-05-01,0,5,Spring,0,0,0,카페테리아,구슬아이스크림
2024-05-02,0,5,Spring,0,0,0,카페테리아,구슬아이스크림
2024-05-03,0,5,Spring,0,0,0,카페테리아,구슬아이스크림
2024-05-04,0,5,Spring,1,0,1,카페테리아,구슬아이스크림
2024-05-05,0,5,Spring,1,1,1,카페테리아,구슬아이스크림
2024-05-06,0,5,Spring,0,1,1,카페테리아,구슬아이스크림
2024-05-07,0,5,Spring,0,0,0,카페테리아,구슬아이스크림
2024-05-08,0,5,Spring,0,0,0,카페테리아,구슬아이스크림
2024-05-09,0,5,Spring,0,0,0,카페테리아,구슬아이스크림
2024-05-10,0,5,Spring,0,0,0,카페테리아,구슬아이스크림
2024-05-11,0,5,Spring,1,0,1,카페테리아,구슬아이스크림
2024-05-12,0,5,Spring,1,0,1,카페테리아,구슬아이스크림
2024-05-13,0,5,Spring,0,0,0,카페테리아,구슬아이스크림
2024-05-14,0,5,Spring,0,0,0,카페테리아,구슬아이스크림
2024-05-15,0,5,Spring,0,1,1,카페테리아,구슬아이스크림
2024-05-16,0,5,Spring,0,0,0,카페테리아,구슬아이스크림
2024-05-17,0,5,Spring,0,0,0,카페테리아,구슬아이스크림
2024-05-18,0,5,Spring,1,0,1,카페테리아,구슬아이스크림
2024-05-19,0,5,Spring,1,0,1,카페테리아,구슬아이스크림
2024-05-20,0,5,Spring,0,0,0,카페테리아,구슬아이스크림
2024-05-21,0,5,Spring,0,0,0,카페테리아,구슬아이스크림
2024-05-22,0,5,Spring,0,0,0,카페테리아,구슬아이스크림
2024-05-23,0,5,Spring,0,0,0,카페테리아,구슬아이스크림
2024-05-24,0,5,Spring,0,0,0,카페테리아,구슬아이스크림
2024-05-25,0,5,Spring,1,0,1,카페테리아,구슬아이스크림
2024-05-26,0,5,Spring,1,0,1,카페테리아,구슬아이스크림
2024-05-27,0,5,Spring,0,0,0,카페테리아,구슬아이스크림
2024-05-28,0,5,Spring,0,0,0,카페테리아,구슬아이스크림
2024-05-29,0,5,Spring,0,0,0,카페테리아,구슬아이스크림
2024-05-30,0,5,Spring,0,0,0,카페테리아,구슬아이스크림
2024-05-31,0,5,Spring,0,0,0,카페테리아,구슬아이스크림
2024-06-01,0,6,Summer,1,0,1,카페테리아,구슬아이스크림
2024-06-02,0,6,Summer,1,0,1,카페테리아,구슬아이스크림
2024-06-03,0,6,Summer,0,0,0,카페테리아,구슬아이스크림
2024-06-04,0,6,Summer,0,0,0,카페테리아,구슬아이스크림
2024-06-05,0,6,Summer,0,0,0,카페테리아,구슬아이스크림
2024-06-06,0,6,Summer,0,1,1,카페테리아,구슬아이스크림
2024-06-07,0,6,Summer,0,0,0,카페테리아,구슬아이스크림
2024-06-08,0,6,Summer,1,0,1,카페테리아,구슬아이스크림
2024-06-09,0,6,Summer,1,0,1,카페테리아,구슬아이스크림
2024-06-10,0,6,Summer,0,0,0,카페테리아,구슬아이스크림
2024-06-11,0,6,Summer,0,0,0,카페테리아,구슬아이스크림
2024-06-12,0,6,Summer,0,0,0,카페테리아,구슬아이스크림
2024-06-13,0,6,Summer,0,0,0,카페테리아,구슬아이스크림
2024-06-14,0,6,Summer,0,0,0,카페테리아,구슬아이스크림
2024-06-15,0,6,Summer,1,0,1,카페테리아,구슬아이스크림
2023-01-01,0,1,Winter,1,1,1,카페테리아,단체식 13000(신)
2023-01-02,0,1,Winter,0,0,0,카페테리아,단체식 13000(신)
2023-01-03,0,1,Winter,0,0,0,카페테리아,단체식 13000(신)
2023-01-04,0,1,Winter,0,0,0,카페테리아,단체식 13000(신)
2023-01-05,0,1,Winter,0,0,0,카페테리아,단체식 13000(신)
2023-01-06,0,1,Winter,0,0,0,카페테리아,단체식 13000(신)
2023-01-07,0,1,Winter,1,0,1,카페테리아,단체식 13000(신)
2023-01-08,0,1,Winter,1,0,1,카페테리아,단체식 13000(신)
2023-01-09,0,1,Winter,0,0,0,카페테리아,단체식 13000(신)
2023-01-10,0,1,Winter,0,0,0,카페테리아,단체식 13000(신)
2023-01-11,0,1,Winter,0,0,0,카페테리아,단체식 13000(신)
2023-01-12,0,1,Winter,0,0,0,카페테리아,단체식 13000(신)
2023-01-13,0,1,Winter,0,0,0,카페테리아,단체식 13000(신)
2023-01-14,0,1,Winter,1,0,1,카페테리아,단체식 13000(신)
2023-01-15,0,1,Winter,1,0,1,카페테리아,단체식 13000(신)
2023-01-16,0,1,Winter,0,0,0,카페테리아,단체식 13000(신)
2023-01-17,0,1,Winter,0,0,0,카페테리아,단체식 13000(신)
2023-01-18,0,1,Winter,0,0,0,카페테리아,단체식 13000(신)
2023-01-19,0,1,Winter,0,0,0,카페테리아,단체식 13000(신)
2023-01-20,0,1,Winter,0,0,0,카페테리아,단체식 13000(신)
2023-01-21,0,1,Winter,1,1,1,카페테리아,단체식 13000(신)
2023-01-22,0,1,Winter,1,1,1,카페테리아,단체식 13000(신)
2023-01-23,0,1,Winter,0,1,1,카페테리아,단체식 13000(신)
2023-01-24,0,1,Winter,0,1,1,카페테리아,단체식 13000(신)
2023-01-25,0,1,Winter,0,0,0,카페테리아,단체식 13000(신)
2023-01-26,0,1,Winter,0,0,0,카페테리아,단체식 13000(신)
2023-01-27,0,1,Winter,0,0,0,카페테리아,단체식 13000(신)
2023-01-28,0,1,Winter,1,0,1,카페테리아,단체식 13000(신)
2023-01-29,0,1,Winter,1,0,1,카페테리아,단체식 13000(신)
2023-01-30,0,1,Winter,0,0,0,카페테리아,단체식 13000(신)
2023-01-31,0,1,Winter,0,0,0,카페테리아,단체식 13000(신)
2023-02-01,0,2,Winter,0,0,0,카페테리아,단체식 13000(신)
2023-02-02,0,2,Winter,0,0,0,카페테리아,단체식 13000(신)
2023-02-03,0,2,Winter,0,0,0,카페테리아,단체식 13000(신)
2023-02-04,0,2,Winter,1,0,1,카페테리아,단체식 13000(신)
2023-02-05,0,2,Winter,1,0,1,카페테리아,단체식 13000(신)
2023-02-06,0,2,Winter,0,0,0,카페테리아,단체식 13000(신)
2023-02-07,0,2,Winter,0,0,0,카페테리아,단체식 13000(신)
2023-02-08,0,2,Winter,0,0,0,카페테리아,단체식 13000(신)
2023-02-09,0,2,Winter,0,0,0,카페테리아,단체식 13000(신)
2023-02-10,0,2,Winter,0,0,0,카페테리아,단체식 13000(신)
2023-02-11,0,2,Winter,1,0,1,카페테리아,단체식 13000(신)
2023-02-12,0,2,Winter,1,0,1,카페테리아,단체식 13000(신)
2023-02-13,0,2,Winter,0,0,0,카페테리아,단체식 13000(신)
2023-02-14,0,2,Winter,0,0,0,카페테리아,단체식 13000(신)
2023-02-15,0,2,Winter,0,0,0,카페테리아,단체식 13000(신)
2023-02-16,0,2,Winter,0,0,0,카페테리아,단체식 13000(신)
2023-02-17,0,2,Winter,0,0,0,카페테리아,단체식 13000(신)
2023-02-18,0,2,Winter,1,0,1,카페테리아,단체식 13000(신)
2023-02-19,0,2,Winter,1,0,1,카페테리아,단체식 13000(신)
2023-02-20,0,2,Winter,0,0,0,카페테리아,단체식 13000(신)
2023-02-21,0,2,Winter,0,0,0,카페테리아,단체식 13000(신)
2023-02-22,0,2,Winter,0,0,0,카페테리아,단체식 13000(신)
2023-02-23,0,2,Winter,0,0,0,카페테리아,단체식 13000(신)
2023-02-24,0,2,Winter,0,0,0,카페테리아,단체식 13000(신)
2023-02-25,0,2,Winter,1,0,1,카페테리아,단체식 13000(신)
2023-02-26,0,2,Winter,1,0,1,카페테리아,단체식 13000(신)
2023-02-27,0,2,Winter,0,0,0,카페테리아,단체식 13000(신)
2023-02-28,0,2,Winter,0,0,0,카페테리아,단체식 13000(신)
2023-03-01,0,3,Spring,0,1,1,카페테리아,단체식 13000(신)
2023-03-02,0,3,Spring,0,0,0,카페테리아,단체식 13000(신)
2023-03-03,0,3,Spring,0,0,0,카페테리아,단체식 13000(신)
2023-03-04,0,3,Spring,1,0,1,카페테리아,단체식 13000(신)
2023-03-05,0,3,Spring,1,0,1,카페테리아,단체식 13000(신)
2023-03-06,0,3,Spring,0,0,0,카페테리아,단체식 13000(신)
2023-03-07,0,3,Spring,0,0,0,카페테리아,단체식 13000(신)
2023-03-08,0,3,Spring,0,0,0,카페테리아,단체식 13000(신)
2023-03-09,0,3,Spring,0,0,0,카페테리아,단체식 13000(신)
2023-03-10,0,3,Spring,0,0,0,카페테리아,단체식 13000(신)
2023-03-11,0,3,Spring,1,0,1,카페테리아,단체식 13000(신)
2023-03-12,0,3,Spring,1,0,1,카페테리아,단체식 13000(신)
2023-03-13,0,3,Spring,0,0,0,카페테리아,단체식 13000(신)
2023-03-14,0,3,Spring,0,0,0,카페테리아,단체식 13000(신)
2023-03-15,0,3,Spring,0,0,0,카페테리아,단체식 13000(신)
2023-03-16,0,3,Spring,0,0,0,카페테리아,단체식 13000(신)
2023-03-17,0,3,Spring,0,0,0,카페테리아,단체식 13000(신)
2023-03-18,0,3,Spring,1,0,1,카페테리아,단체식 13000(신)
2023-03-19,0,3,Spring,1,0,1,카페테리아,단체식 13000(신)
2023-03-20,0,3,Spring,0,0,0,카페테리아,단체식 13000(신)
2023-03-21,0,3,Spring,0,0,0,카페테리아,단체식 13000(신)
2023-03-22,0,3,Spring,0,0,0,카페테리아,단체식 13000(신)
2023-03-23,0,3,Spring,0,0,0,카페테리아,단체식 13000(신)
2023-03-24,0,3,Spring,0,0,0,카페테리아,단체식 13000(신)
2023-03-25,0,3,Spring,1,0,1,카페테리아,단체식 13000(신)
2023-03-26,0,3,Spring,1,0,1,카페테리아,단체식 13000(신)
2023-03-27,0,3,Spring,0,0,0,카페테리아,단체식 13000(신)
2023-03-28,0,3,Spring,0,0,0,카페테리아,단체식 13000(신)
2023-03-29,0,3,Spring,0,0,0,카페테리아,단체식 13000(신)
2023-03-30,0,3,Spring,0,0,0,카페테리아,단체식 13000(신)
2023-03-31,0,3,Spring,0,0,0,카페테리아,단체식 13000(신)
2023-04-01,0,4,Spring,1,0,1,카페테리아,단체식 13000(신)
2023-04-02,0,4,Spring,1,0,1,카페테리아,단체식 13000(신)
2023-04-03,0,4,Spring,0,0,0,카페테리아,단체식 13000(신)
2023-04-04,0,4,Spring,0,0,0,카페테리아,단체식 13000(신)
2023-04-05,0,4,Spring,0,0,0,카페테리아,단체식 13000(신)
2023-04-06,0,4,Spring,0,0,0,카페테리아,단체식 13000(신)
2023-04-07,0,4,Spring,0,0,0,카페테리아,단체식 13000(신)
2023-04-08,0,4,Spring,1,0,1,카페테리아,단체식 13000(신)
2023-04-09,0,4,Spring,1,0,1,카페테리아,단체식 13000(신)
2023-04-10,0,4,Spring,0,0,0,카페테리아,단체식 13000(신)
2023-04-11,0,4,Spring,0,0,0,카페테리아,단체식 13000(신)
2023-04-12,0,4,Spring,0,0,0,카페테리아,단체식 13000(신)
2023-04-13,0,4,Spring,0,0,0,카페테리아,단체식 13000(신)
2023-04-14,0,4,Spring,0,0,0,카페테리아,단체식 13000(신)
2023-04-15,0,4,Spring,1,0,1,카페테리아,단체식 13000(신)
2023-04-16,0,4,Spring,1,0,1,카페테리아,단체식 13000(신)
2023-04-17,0,4,Spring,0,0,0,카페테리아,단체식 13000(신)
2023-04-18,99,4,Spring,0,0,0,카페테리아,단체식 13000(신)
2023-04-19,0,4,Spring,0,0,0,카페테리아,단체식 13000(신)
2023-04-20,60,4,Spring,0,0,0,카페테리아,단체식 13000(신)
2023-04-21,84,4,Spring,0,0,0,카페테리아,단체식 13000(신)
2023-04-22,0,4,Spring,1,0,1,카페테리아,단체식 13000(신)
2023-04-23,0,4,Spring,1,0,1,카페테리아,단체식 13000(신)
2023-04-24,0,4,Spring,0,0,0,카페테리아,단체식 13000(신)
2023-04-25,0,4,Spring,0,0,0,카페테리아,단체식 13000(신)
2023-04-26,0,4,Spring,0,0,0,카페테리아,단체식 13000(신)
2023-04-27,0,4,Spring,0,0,0,카페테리아,단체식 13000(신)
2023-04-28,23,4,Spring,0,0,0,카페테리아,단체식 13000(신)
2023-04-29,0,4,Spring,1,0,1,카페테리아,단체식 13000(신)
2023-04-30,0,4,Spring,1,0,1,카페테리아,단체식 13000(신)
2023-05-01,0,5,Spring,0,0,0,카페테리아,단체식 13000(신)
2023-05-02,0,5,Spring,0,0,0,카페테리아,단체식 13000(신)
2023-05-03,0,5,Spring,0,0,0,카페테리아,단체식 13000(신)
2023-05-04,0,5,Spring,0,0,0,카페테리아,단체식 13000(신)
2023-05-05,0,5,Spring,0,1,1,카페테리아,단체식 13000(신)
2023-05-06,0,5,Spring,1,0,1,카페테리아,단체식 13000(신)
2023-05-07,0,5,Spring,1,0,1,카페테리아,단체식 13000(신)
2023-05-08,0,5,Spring,0,0,0,카페테리아,단체식 13000(신)
2023-05-09,0,5,Spring,0,0,0,카페테리아,단체식 13000(신)
2023-05-10,260,5,Spring,0,0,0,카페테리아,단체식 13000(신)
2023-05-11,36,5,Spring,0,0,0,카페테리아,단체식 13000(신)
2023-05-12,0,5,Spring,0,0,0,카페테리아,단체식 13000(신)
2023-05-13,47,5,Spring,1,0,1,카페테리아,단체식 13000(신)
2023-05-14,0,5,Spring,1,0,1,카페테리아,단체식 13000(신)
2023-05-15,0,5,Spring,0,0,0,카페테리아,단체식 13000(신)
2023-05-16,30,5,Spring,0,0,0,카페테리아,단체식 13000(신)
2023-05-17,30,5,Spring,0,0,0,카페테리아,단체식 13000(신)
2023-05-18,31,5,Spring,0,0,0,카페테리아,단체식 13000(신)
2023-05-19,390,5,Spring,0,0,0,카페테리아,단체식 13000(신)
2023-05-20,32,5,Spring,1,0,1,카페테리아,단체식 13000(신)
2023-05-21,0,5,Spring,1,0,1,카페테리아,단체식 13000(신)
2023-05-22,0,5,Spring,0,0,0,카페테리아,단체식 13000(신)
2023-05-23,0,5,Spring,0,0,0,카페테리아,단체식 13000(신)
2023-05-24,90,5,Spring,0,0,0,카페테리아,단체식 13000(신)
2023-05-25,106,5,Spring,0,0,0,카페테리아,단체식 13000(신)
2023-05-26,172,5,Spring,0,0,0,카페테리아,단체식 13000(신)
2023-05-27,0,5,Spring,1,1,1,카페테리아,단체식 13000(신)
2023-05-28,0,5,Spring,1,0,1,카페테리아,단체식 13000(신)
2023-05-29,0,5,Spring,0,1,1,카페테리아,단체식 13000(신)
2023-05-30,41,5,Spring,0,0,0,카페테리아,단체식 13000(신)
2023-05-31,64,5,Spring,0,0,0,카페테리아,단체식 13000(신)
2023-06-01,19,6,Summer,0,0,0,카페테리아,단체식 13000(신)
2023-06-02,102,6,Summer,0,0,0,카페테리아,단체식 13000(신)
2023-06-03,74,6,Summer,1,0,1,카페테리아,단체식 13000(신)
2023-06-04,0,6,Summer,1,0,1,카페테리아,단체식 13000(신)
2023-06-05,0,6,Summer,0,0,0,카페테리아,단체식 13000(신)
2023-06-06,0,6,Summer,0,1,1,카페테리아,단체식 13000(신)
2023-06-07,0,6,Summer,0,0,0,카페테리아,단체식 13000(신)
2023-06-08,30,6,Summer,0,0,0,카페테리아,단체식 13000(신)
2023-06-09,24,6,Summer,0,0,0,카페테리아,단체식 13000(신)
2023-06-10,50,6,Summer,1,0,1,카페테리아,단체식 13000(신)
2023-06-11,0,6,Summer,1,0,1,카페테리아,단체식 13000(신)
2023-06-12,31,6,Summer,0,0,0,카페테리아,단체식 13000(신)
2023-06-13,239,6,Summer,0,0,0,카페테리아,단체식 13000(신)
2023-06-14,108,6,Summer,0,0,0,카페테리아,단체식 13000(신)
2023-06-15,324,6,Summer,0,0,0,카페테리아,단체식 13000(신)
2023-06-16,423,6,Summer,0,0,0,카페테리아,단체식 13000(신)
2023-06-17,261,6,Summer,1,0,1,카페테리아,단체식 13000(신)
2023-06-18,29,6,Summer,1,0,1,카페테리아,단체식 13000(신)
2023-06-19,31,6,Summer,0,0,0,카페테리아,단체식 13000(신)
2023-06-20,366,6,Summer,0,0,0,카페테리아,단체식 13000(신)
2023-06-21,135,6,Summer,0,0,0,카페테리아,단체식 13000(신)
2023-06-22,386,6,Summer,0,0,0,카페테리아,단체식 13000(신)
2023-06-23,255,6,Summer,0,0,0,카페테리아,단체식 13000(신)
2023-06-24,30,6,Summer,1,0,1,카페테리아,단체식 13000(신)
2023-06-25,30,6,Summer,1,0,1,카페테리아,단체식 13000(신)
2023-06-26,30,6,Summer,0,0,0,카페테리아,단체식 13000(신)
2023-06-27,69,6,Summer,0,0,0,카페테리아,단체식 13000(신)
2023-06-28,84,6,Summer,0,0,0,카페테리아,단체식 13000(신)
2023-06-29,90,6,Summer,0,0,0,카페테리아,단체식 13000(신)
2023-06-30,279,6,Summer,0,0,0,카페테리아,단체식 13000(신)
2023-07-01,29,7,Summer,1,0,1,카페테리아,단체식 13000(신)
2023-07-02,29,7,Summer,1,0,1,카페테리아,단체식 13000(신)
2023-07-03,29,7,Summer,0,0,0,카페테리아,단체식 13000(신)
2023-07-04,29,7,Summer,0,0,0,카페테리아,단체식 13000(신)
2023-07-05,58,7,Summer,0,0,0,카페테리아,단체식 13000(신)
2023-07-06,116,7,Summer,0,0,0,카페테리아,단체식 13000(신)
2023-07-07,312,7,Summer,0,0,0,카페테리아,단체식 13000(신)
2023-07-08,29,7,Summer,1,0,1,카페테리아,단체식 13000(신)
2023-07-09,29,7,Summer,1,0,1,카페테리아,단체식 13000(신)
2023-07-10,29,7,Summer,0,0,0,카페테리아,단체식 13000(신)
2023-07-11,168,7,Summer,0,0,0,카페테리아,단체식 13000(신)
2023-07-12,29,7,Summer,0,0,0,카페테리아,단체식 13000(신)
2023-07-13,74,7,Summer,0,0,0,카페테리아,단체식 13000(신)
2023-07-14,210,7,Summer,0,0,0,카페테리아,단체식 13000(신)
2023-07-15,30,7,Summer,1,0,1,카페테리아,단체식 13000(신)
2023-07-16,0,7,Summer,1,0,1,카페테리아,단체식 13000(신)
2023-07-17,390,7,Summer,0,0,0,카페테리아,단체식 13000(신)
2023-07-18,280,7,Summer,0,0,0,카페테리아,단체식 13000(신)
2023-07-19,214,7,Summer,0,0,0,카페테리아,단체식 13000(신)
2023-07-20,303,7,Summer,0,0,0,카페테리아,단체식 13000(신)
2023-07-21,286,7,Summer,0,0,0,카페테리아,단체식 13000(신)
2023-07-22,0,7,Summer,1,0,1,카페테리아,단체식 13000(신)
2023-07-23,0,7,Summer,1,0,1,카페테리아,단체식 13000(신)
2023-07-24,0,7,Summer,0,0,0,카페테리아,단체식 13000(신)
2023-07-25,60,7,Summer,0,0,0,카페테리아,단체식 13000(신)
2023-07-26,23,7,Summer,0,0,0,카페테리아,단체식 13000(신)
2023-07-27,0,7,Summer,0,0,0,카페테리아,단체식 13000(신)
2023-07-28,0,7,Summer,0,0,0,카페테리아,단체식 13000(신)
2023-07-29,0,7,Summer,1,0,1,카페테리아,단체식 13000(신)
2023-07-30,0,7,Summer,1,0,1,카페테리아,단체식 13000(신)
2023-07-31,0,7,Summer,0,0,0,카페테리아,단체식 13000(신)
2023-08-01,0,8,Summer,0,0,0,카페테리아,단체식 13000(신)
2023-08-02,0,8,Summer,0,0,0,카페테리아,단체식 13000(신)
2023-08-03,0,8,Summer,0,0,0,카페테리아,단체식 13000(신)
2023-08-04,0,8,Summer,0,0,0,카페테리아,단체식 13000(신)
2023-08-05,0,8,Summer,1,0,1,카페테리아,단체식 13000(신)
2023-08-06,0,8,Summer,1,0,1,카페테리아,단체식 13000(신)
2023-08-07,0,8,Summer,0,0,0,카페테리아,단체식 13000(신)
2023-08-08,0,8,Summer,0,0,0,카페테리아,단체식 13000(신)
2023-08-09,0,8,Summer,0,0,0,카페테리아,단체식 13000(신)
2023-08-10,0,8,Summer,0,0,0,카페테리아,단체식 13000(신)
2023-08-11,197,8,Summer,0,0,0,카페테리아,단체식 13000(신)
2023-08-12,0,8,Summer,1,0,1,카페테리아,단체식 13000(신)
2023-08-13,0,8,Summer,1,0,1,카페테리아,단체식 13000(신)
2023-08-14,0,8,Summer,0,0,0,카페테리아,단체식 13000(신)
2023-08-15,0,8,Summer,0,1,1,카페테리아,단체식 13000(신)
2023-08-16,0,8,Summer,0,0,0,카페테리아,단체식 13000(신)
2023-08-17,120,8,Summer,0,0,0,카페테리아,단체식 13000(신)
2023-08-18,67,8,Summer,0,0,0,카페테리아,단체식 13000(신)
2023-08-19,60,8,Summer,1,0,1,카페테리아,단체식 13000(신)
2023-08-20,0,8,Summer,1,0,1,카페테리아,단체식 13000(신)
2023-08-21,0,8,Summer,0,0,0,카페테리아,단체식 13000(신)
2023-08-22,215,8,Summer,0,0,0,카페테리아,단체식 13000(신)
2023-08-23,0,8,Summer,0,0,0,카페테리아,단체식 13000(신)
2023-08-24,90,8,Summer,0,0,0,카페테리아,단체식 13000(신)
2023-08-25,252,8,Summer,0,0,0,카페테리아,단체식 13000(신)
2023-08-26,42,8,Summer,1,0,1,카페테리아,단체식 13000(신)
2023-08-27,42,8,Summer,1,0,1,카페테리아,단체식 13000(신)
2023-08-28,42,8,Summer,0,0,0,카페테리아,단체식 13000(신)
2023-08-29,274,8,Summer,0,0,0,카페테리아,단체식 13000(신)
2023-08-30,24,8,Summer,0,0,0,카페테리아,단체식 13000(신)
2023-08-31,24,8,Summer,0,0,0,카페테리아,단체식 13000(신)
2023-09-01,254,9,Autumn,0,0,0,카페테리아,단체식 13000(신)
2023-09-02,13,9,Autumn,1,0,1,카페테리아,단체식 13000(신)
2023-09-03,0,9,Autumn,1,0,1,카페테리아,단체식 13000(신)
2023-09-04,0,9,Autumn,0,0,0,카페테리아,단체식 13000(신)
2023-09-05,420,9,Autumn,0,0,0,카페테리아,단체식 13000(신)
2023-09-06,400,9,Autumn,0,0,0,카페테리아,단체식 13000(신)
2023-09-07,0,9,Autumn,0,0,0,카페테리아,단체식 13000(신)
2023-09-08,77,9,Autumn,0,0,0,카페테리아,단체식 13000(신)
2023-09-09,0,9,Autumn,1,0,1,카페테리아,단체식 13000(신)
2023-09-10,0,9,Autumn,1,0,1,카페테리아,단체식 13000(신)
2023-09-11,45,9,Autumn,0,0,0,카페테리아,단체식 13000(신)
2023-09-12,70,9,Autumn,0,0,0,카페테리아,단체식 13000(신)
2023-09-13,257,9,Autumn,0,0,0,카페테리아,단체식 13000(신)
2023-09-14,50,9,Autumn,0,0,0,카페테리아,단체식 13000(신)
2023-09-15,283,9,Autumn,0,0,0,카페테리아,단체식 13000(신)
2023-09-16,145,9,Autumn,1,0,1,카페테리아,단체식 13000(신)
2023-09-17,0,9,Autumn,1,0,1,카페테리아,단체식 13000(신)
2023-09-18,0,9,Autumn,0,0,0,카페테리아,단체식 13000(신)
2023-09-19,0,9,Autumn,0,0,0,카페테리아,단체식 13000(신)
2023-09-20,52,9,Autumn,0,0,0,카페테리아,단체식 13000(신)
2023-09-21,0,9,Autumn,0,0,0,카페테리아,단체식 13000(신)
2023-09-22,130,9,Autumn,0,0,0,카페테리아,단체식 13000(신)
2023-09-23,86,9,Autumn,1,0,1,카페테리아,단체식 13000(신)
2023-09-24,0,9,Autumn,1,0,1,카페테리아,단체식 13000(신)
2023-09-25,0,9,Autumn,0,0,0,카페테리아,단체식 13000(신)
2023-09-26,105,9,Autumn,0,0,0,카페테리아,단체식 13000(신)
2023-09-27,0,9,Autumn,0,0,0,카페테리아,단체식 13000(신)
2023-09-28,0,9,Autumn,0,1,1,카페테리아,단체식 13000(신)
2023-09-29,0,9,Autumn,0,1,1,카페테리아,단체식 13000(신)
2023-09-30,0,9,Autumn,1,1,1,카페테리아,단체식 13000(신)
2023-10-01,0,10,Autumn,1,0,1,카페테리아,단체식 13000(신)
2023-10-02,0,10,Autumn,0,1,1,카페테리아,단체식 13000(신)
2023-10-03,0,10,Autumn,0,1,1,카페테리아,단체식 13000(신)
2023-10-04,0,10,Autumn,0,0,0,카페테리아,단체식 13000(신)
2023-10-05,0,10,Autumn,0,0,0,카페테리아,단체식 13000(신)
2023-10-06,104,10,Autumn,0,0,0,카페테리아,단체식 13000(신)
2023-10-07,0,10,Autumn,1,0,1,카페테리아,단체식 13000(신)
2023-10-08,0,10,Autumn,1,0,1,카페테리아,단체식 13000(신)
2023-10-09,0,10,Autumn,0,1,1,카페테리아,단체식 13000(신)
2023-10-10,0,10,Autumn,0,0,0,카페테리아,단체식 13000(신)
2023-10-11,160,10,Autumn,0,0,0,카페테리아,단체식 13000(신)
2023-10-12,157,10,Autumn,0,0,0,카페테리아,단체식 13000(신)
2023-10-13,419,10,Autumn,0,0,0,카페테리아,단체식 13000(신)
2023-10-14,42,10,Autumn,1,0,1,카페테리아,단체식 13000(신)
2023-10-15,0,10,Autumn,1,0,1,카페테리아,단체식 13000(신)
2023-10-16,0,10,Autumn,0,0,0,카페테리아,단체식 13000(신)
2023-10-17,70,10,Autumn,0,0,0,카페테리아,단체식 13000(신)
2023-10-18,182,10,Autumn,0,0,0,카페테리아,단체식 13000(신)
2023-10-19,0,10,Autumn,0,0,0,카페테리아,단체식 13000(신)
2023-10-20,152,10,Autumn,0,0,0,카페테리아,단체식 13000(신)
2023-10-21,0,10,Autumn,1,0,1,카페테리아,단체식 13000(신)
2023-10-22,0,10,Autumn,1,0,1,카페테리아,단체식 13000(신)
2023-10-23,0,10,Autumn,0,0,0,카페테리아,단체식 13000(신)
2023-10-24,155,10,Autumn,0,0,0,카페테리아,단체식 13000(신)
2023-10-25,126,10,Autumn,0,0,0,카페테리아,단체식 13000(신)
2023-10-26,52,10,Autumn,0,0,0,카페테리아,단체식 13000(신)
2023-10-27,77,10,Autumn,0,0,0,카페테리아,단체식 13000(신)
2023-10-28,0,10,Autumn,1,0,1,카페테리아,단체식 13000(신)
2023-10-29,0,10,Autumn,1,0,1,카페테리아,단체식 13000(신)
2023-10-30,100,10,Autumn,0,0,0,카페테리아,단체식 13000(신)
2023-10-31,114,10,Autumn,0,0,0,카페테리아,단체식 13000(신)
2023-11-01,38,11,Autumn,0,0,0,카페테리아,단체식 13000(신)
2023-11-02,49,11,Autumn,0,0,0,카페테리아,단체식 13000(신)
2023-11-03,209,11,Autumn,0,0,0,카페테리아,단체식 13000(신)
2023-11-04,0,11,Autumn,1,0,1,카페테리아,단체식 13000(신)
2023-11-05,0,11,Autumn,1,0,1,카페테리아,단체식 13000(신)
2023-11-06,0,11,Autumn,0,0,0,카페테리아,단체식 13000(신)
2023-11-07,61,11,Autumn,0,0,0,카페테리아,단체식 13000(신)
2023-11-08,61,11,Autumn,0,0,0,카페테리아,단체식 13000(신)
2023-11-09,120,11,Autumn,0,0,0,카페테리아,단체식 13000(신)
2023-11-10,213,11,Autumn,0,0,0,카페테리아,단체식 13000(신)
2023-11-11,167,11,Autumn,1,0,1,카페테리아,단체식 13000(신)
2023-11-12,0,11,Autumn,1,0,1,카페테리아,단체식 13000(신)
2023-11-13,0,11,Autumn,0,0,0,카페테리아,단체식 13000(신)
2023-11-14,30,11,Autumn,0,0,0,카페테리아,단체식 13000(신)
2023-11-15,0,11,Autumn,0,0,0,카페테리아,단체식 13000(신)
2023-11-16,50,11,Autumn,0,0,0,카페테리아,단체식 13000(신)
2023-11-17,105,11,Autumn,0,0,0,카페테리아,단체식 13000(신)
2023-11-18,44,11,Autumn,1,0,1,카페테리아,단체식 13000(신)
2023-11-19,0,11,Autumn,1,0,1,카페테리아,단체식 13000(신)
2023-11-20,0,11,Autumn,0,0,0,카페테리아,단체식 13000(신)
2023-11-21,0,11,Autumn,0,0,0,카페테리아,단체식 13000(신)
2023-11-22,31,11,Autumn,0,0,0,카페테리아,단체식 13000(신)
2023-11-23,0,11,Autumn,0,0,0,카페테리아,단체식 13000(신)
2023-11-24,277,11,Autumn,0,0,0,카페테리아,단체식 13000(신)
2023-11-25,77,11,Autumn,1,0,1,카페테리아,단체식 13000(신)
2023-11-26,0,11,Autumn,1,0,1,카페테리아,단체식 13000(신)
2023-11-27,0,11,Autumn,0,0,0,카페테리아,단체식 13000(신)
2023-11-28,70,11,Autumn,0,0,0,카페테리아,단체식 13000(신)
2023-11-29,0,11,Autumn,0,0,0,카페테리아,단체식 13000(신)
2023-11-30,0,11,Autumn,0,0,0,카페테리아,단체식 13000(신)
2023-12-01,131,12,Winter,0,0,0,카페테리아,단체식 13000(신)
2023-12-02,38,12,Winter,1,0,1,카페테리아,단체식 13000(신)
2023-12-03,0,12,Winter,1,0,1,카페테리아,단체식 13000(신)
2023-12-04,0,12,Winter,0,0,0,카페테리아,단체식 13000(신)
2023-12-05,50,12,Winter,0,0,0,카페테리아,단체식 13000(신)
2023-12-06,24,12,Winter,0,0,0,카페테리아,단체식 13000(신)
2023-12-07,76,12,Winter,0,0,0,카페테리아,단체식 13000(신)
2023-12-08,199,12,Winter,0,0,0,카페테리아,단체식 13000(신)
2023-12-09,70,12,Winter,1,0,1,카페테리아,단체식 13000(신)
2023-12-10,0,12,Winter,1,0,1,카페테리아,단체식 13000(신)
2023-12-11,0,12,Winter,0,0,0,카페테리아,단체식 13000(신)
2023-12-12,75,12,Winter,0,0,0,카페테리아,단체식 13000(신)
2023-12-13,0,12,Winter,0,0,0,카페테리아,단체식 13000(신)
2023-12-14,0,12,Winter,0,0,0,카페테리아,단체식 13000(신)
2023-12-15,40,12,Winter,0,0,0,카페테리아,단체식 13000(신)
2023-12-16,0,12,Winter,1,0,1,카페테리아,단체식 13000(신)
2023-12-17,0,12,Winter,1,0,1,카페테리아,단체식 13000(신)
2023-12-18,0,12,Winter,0,0,0,카페테리아,단체식 13000(신)
2023-12-19,40,12,Winter,0,0,0,카페테리아,단체식 13000(신)
2023-12-20,33,12,Winter,0,0,0,카페테리아,단체식 13000(신)
2023-12-21,0,12,Winter,0,0,0,카페테리아,단체식 13000(신)
2023-12-22,0,12,Winter,0,0,0,카페테리아,단체식 13000(신)
2023-12-23,0,12,Winter,1,0,1,카페테리아,단체식 13000(신)
2023-12-24,0,12,Winter,1,0,1,카페테리아,단체식 13000(신)
2023-12-25,0,12,Winter,0,1,1,카페테리아,단체식 13000(신)
2023-12-26,0,12,Winter,0,0,0,카페테리아,단체식 13000(신)
2023-12-27,0,12,Winter,0,0,0,카페테리아,단체식 13000(신)
2023-12-28,0,12,Winter,0,0,0,카페테리아,단체식 13000(신)
2023-12-29,0,12,Winter,0,0,0,카페테리아,단체식 13000(신)
2023-12-30,0,12,Winter,1,0,1,카페테리아,단체식 13000(신)
2023-12-31,0,12,Winter,1,0,1,카페테리아,단체식 13000(신)
2024-01-01,0,1,Winter,0,1,1,카페테리아,단체식 13000(신)
2024-01-02,0,1,Winter,0,0,0,카페테리아,단체식 13000(신)
2024-01-03,0,1,Winter,0,0,0,카페테리아,단체식 13000(신)
2024-01-04,0,1,Winter,0,0,0,카페테리아,단체식 13000(신)
2024-01-05,0,1,Winter,0,0,0,카페테리아,단체식 13000(신)
2024-01-06,170,1,Winter,1,0,1,카페테리아,단체식 13000(신)
2024-01-07,0,1,Winter,1,0,1,카페테리아,단체식 13000(신)
2024-01-08,80,1,Winter,0,0,0,카페테리아,단체식 13000(신)
2024-01-09,55,1,Winter,0,0,0,카페테리아,단체식 13000(신)
2024-01-10,15,1,Winter,0,0,0,카페테리아,단체식 13000(신)
2024-01-11,0,1,Winter,0,0,0,카페테리아,단체식 13000(신)
2024-01-12,0,1,Winter,0,0,0,카페테리아,단체식 13000(신)
2024-01-13,0,1,Winter,1,0,1,카페테리아,단체식 13000(신)
2024-01-14,0,1,Winter,1,0,1,카페테리아,단체식 13000(신)
2024-01-15,0,1,Winter,0,0,0,카페테리아,단체식 13000(신)
2024-01-16,0,1,Winter,0,0,0,카페테리아,단체식 13000(신)
2024-01-17,0,1,Winter,0,0,0,카페테리아,단체식 13000(신)
2024-01-18,0,1,Winter,0,0,0,카페테리아,단체식 13000(신)
2024-01-19,56,1,Winter,0,0,0,카페테리아,단체식 13000(신)
2024-01-20,0,1,Winter,1,0,1,카페테리아,단체식 13000(신)
2024-01-21,0,1,Winter,1,0,1,카페테리아,단체식 13000(신)
2024-01-22,0,1,Winter,0,0,0,카페테리아,단체식 13000(신)
2024-01-23,0,1,Winter,0,0,0,카페테리아,단체식 13000(신)
2024-01-24,64,1,Winter,0,0,0,카페테리아,단체식 13000(신)
2024-01-25,0,1,Winter,0,0,0,카페테리아,단체식 13000(신)
2024-01-26,0,1,Winter,0,0,0,카페테리아,단체식 13000(신)
2024-01-27,0,1,Winter,1,0,1,카페테리아,단체식 13000(신)
2024-01-28,0,1,Winter,1,0,1,카페테리아,단체식 13000(신)
2024-01-29,0,1,Winter,0,0,0,카페테리아,단체식 13000(신)
2024-01-30,17,1,Winter,0,0,0,카페테리아,단체식 13000(신)
2024-01-31,0,1,Winter,0,0,0,카페테리아,단체식 13000(신)
2024-02-01,0,2,Winter,0,0,0,카페테리아,단체식 13000(신)
2024-02-02,60,2,Winter,0,0,0,카페테리아,단체식 13000(신)
2024-02-03,0,2,Winter,1,0,1,카페테리아,단체식 13000(신)
2024-02-04,0,2,Winter,1,0,1,카페테리아,단체식 13000(신)
2024-02-05,0,2,Winter,0,0,0,카페테리아,단체식 13000(신)
2024-02-06,30,2,Winter,0,0,0,카페테리아,단체식 13000(신)
2024-02-07,0,2,Winter,0,0,0,카페테리아,단체식 13000(신)
2024-02-08,0,2,Winter,0,0,0,카페테리아,단체식 13000(신)
2024-02-09,0,2,Winter,0,1,1,카페테리아,단체식 13000(신)
2024-02-10,0,2,Winter,1,1,1,카페테리아,단체식 13000(신)
2024-02-11,0,2,Winter,1,1,1,카페테리아,단체식 13000(신)
2024-02-12,0,2,Winter,0,1,1,카페테리아,단체식 13000(신)
2024-02-13,0,2,Winter,0,0,0,카페테리아,단체식 13000(신)
2024-02-14,0,2,Winter,0,0,0,카페테리아,단체식 13000(신)
2024-02-15,0,2,Winter,0,0,0,카페테리아,단체식 13000(신)
2024-02-16,175,2,Winter,0,0,0,카페테리아,단체식 13000(신)
2024-02-17,0,2,Winter,1,0,1,카페테리아,단체식 13000(신)
2024-02-18,0,2,Winter,1,0,1,카페테리아,단체식 13000(신)
2024-02-19,0,2,Winter,0,0,0,카페테리아,단체식 13000(신)
2024-02-20,34,2,Winter,0,0,0,카페테리아,단체식 13000(신)
2024-02-21,34,2,Winter,0,0,0,카페테리아,단체식 13000(신)
2024-02-22,34,2,Winter,0,0,0,카페테리아,단체식 13000(신)
2024-02-23,188,2,Winter,0,0,0,카페테리아,단체식 13000(신)
2024-02-24,0,2,Winter,1,0,1,카페테리아,단체식 13000(신)
2024-02-25,0,2,Winter,1,0,1,카페테리아,단체식 13000(신)
2024-02-26,0,2,Winter,0,0,0,카페테리아,단체식 13000(신)
2024-02-27,0,2,Winter,0,0,0,카페테리아,단체식 13000(신)
2024-02-28,0,2,Winter,0,0,0,카페테리아,단체식 13000(신)
2024-02-29,150,2,Winter,0,0,0,카페테리아,단체식 13000(신)
2024-03-01,0,3,Spring,0,1,1,카페테리아,단체식 13000(신)
2024-03-02,0,3,Spring,1,0,1,카페테리아,단체식 13000(신)
2024-03-03,0,3,Spring,1,0,1,카페테리아,단체식 13000(신)
2024-03-04,0,3,Spring,0,0,0,카페테리아,단체식 13000(신)
2024-03-05,0,3,Spring,0,0,0,카페테리아,단체식 13000(신)
2024-03-06,0,3,Spring,0,0,0,카페테리아,단체식 13000(신)
2024-03-07,0,3,Spring,0,0,0,카페테리아,단체식 13000(신)
2024-03-08,0,3,Spring,0,0,0,카페테리아,단체식 13000(신)
2024-03-09,0,3,Spring,1,0,1,카페테리아,단체식 13000(신)
2024-03-10,0,3,Spring,1,0,1,카페테리아,단체식 13000(신)
2024-03-11,0,3,Spring,0,0,0,카페테리아,단체식 13000(신)
2024-03-12,0,3,Spring,0,0,0,카페테리아,단체식 13000(신)
2024-03-13,0,3,Spring,0,0,0,카페테리아,단체식 13000(신)
2024-03-14,0,3,Spring,0,0,0,카페테리아,단체식 13000(신)
2024-03-15,0,3,Spring,0,0,0,카페테리아,단체식 13000(신)
2024-03-16,553,3,Spring,1,0,1,카페테리아,단체식 13000(신)
2024-03-17,0,3,Spring,1,0,1,카페테리아,단체식 13000(신)
2024-03-18,0,3,Spring,0,0,0,카페테리아,단체식 13000(신)
2024-03-19,0,3,Spring,0,0,0,카페테리아,단체식 13000(신)
2024-03-20,0,3,Spring,0,0,0,카페테리아,단체식 13000(신)
2024-03-21,0,3,Spring,0,0,0,카페테리아,단체식 13000(신)
2024-03-22,60,3,Spring,0,0,0,카페테리아,단체식 13000(신)
2024-03-23,0,3,Spring,1,0,1,카페테리아,단체식 13000(신)
2024-03-24,0,3,Spring,1,0,1,카페테리아,단체식 13000(신)
2024-03-25,0,3,Spring,0,0,0,카페테리아,단체식 13000(신)
2024-03-26,0,3,Spring,0,0,0,카페테리아,단체식 13000(신)
2024-03-27,0,3,Spring,0,0,0,카페테리아,단체식 13000(신)
2024-03-28,0,3,Spring,0,0,0,카페테리아,단체식 13000(신)
2024-03-29,26,3,Spring,0,0,0,카페테리아,단체식 13000(신)
2024-03-30,50,3,Spring,1,0,1,카페테리아,단체식 13000(신)
2024-03-31,90,3,Spring,1,0,1,카페테리아,단체식 13000(신)
2024-04-01,0,4,Spring,0,0,0,카페테리아,단체식 13000(신)
2024-04-02,0,4,Spring,0,0,0,카페테리아,단체식 13000(신)
2024-04-03,0,4,Spring,0,0,0,카페테리아,단체식 13000(신)
2024-04-04,0,4,Spring,0,0,0,카페테리아,단체식 13000(신)
2024-04-05,100,4,Spring,0,0,0,카페테리아,단체식 13000(신)
2024-04-06,0,4,Spring,1,0,1,카페테리아,단체식 13000(신)
2024-04-07,0,4,Spring,1,0,1,카페테리아,단체식 13000(신)
2024-04-08,0,4,Spring,0,0,0,카페테리아,단체식 13000(신)
2024-04-09,0,4,Spring,0,0,0,카페테리아,단체식 13000(신)
2024-04-10,0,4,Spring,0,1,1,카페테리아,단체식 13000(신)
2024-04-11,0,4,Spring,0,0,0,카페테리아,단체식 13000(신)
2024-04-12,0,4,Spring,0,0,0,카페테리아,단체식 13000(신)
2024-04-13,0,4,Spring,1,0,1,카페테리아,단체식 13000(신)
2024-04-14,0,4,Spring,1,0,1,카페테리아,단체식 13000(신)
2024-04-15,0,4,Spring,0,0,0,카페테리아,단체식 13000(신)
2024-04-16,55,4,Spring,0,0,0,카페테리아,단체식 13000(신)
2024-04-17,105,4,Spring,0,0,0,카페테리아,단체식 13000(신)
2024-04-18,20,4,Spring,0,0,0,카페테리아,단체식 13000(신)
2024-04-19,175,4,Spring,0,0,0,카페테리아,단체식 13000(신)
2024-04-20,0,4,Spring,1,0,1,카페테리아,단체식 13000(신)
2024-04-21,0,4,Spring,1,0,1,카페테리아,단체식 13000(신)
2024-04-22,0,4,Spring,0,0,0,카페테리아,단체식 13000(신)
2024-04-23,75,4,Spring,0,0,0,카페테리아,단체식 13000(신)
2024-04-24,420,4,Spring,0,0,0,카페테리아,단체식 13000(신)
2024-04-25,44,4,Spring,0,0,0,카페테리아,단체식 13000(신)
2024-04-26,134,4,Spring,0,0,0,카페테리아,단체식 13000(신)
2024-04-27,59,4,Spring,1,0,1,카페테리아,단체식 13000(신)
2024-04-28,0,4,Spring,1,0,1,카페테리아,단체식 13000(신)
2024-04-29,0,4,Spring,0,0,0,카페테리아,단체식 13000(신)
2024-04-30,103,4,Spring,0,0,0,카페테리아,단체식 13000(신)
2024-05-01,0,5,Spring,0,0,0,카페테리아,단체식 13000(신)
2024-05-02,0,5,Spring,0,0,0,카페테리아,단체식 13000(신)
2024-05-03,41,5,Spring,0,0,0,카페테리아,단체식 13000(신)
2024-05-04,0,5,Spring,1,0,1,카페테리아,단체식 13000(신)
2024-05-05,0,5,Spring,1,1,1,카페테리아,단체식 13000(신)
2024-05-06,0,5,Spring,0,1,1,카페테리아,단체식 13000(신)
2024-05-07,0,5,Spring,0,0,0,카페테리아,단체식 13000(신)
2024-05-08,0,5,Spring,0,0,0,카페테리아,단체식 13000(신)
2024-05-09,0,5,Spring,0,0,0,카페테리아,단체식 13000(신)
2024-05-10,148,5,Spring,0,0,0,카페테리아,단체식 13000(신)
2024-05-11,51,5,Spring,1,0,1,카페테리아,단체식 13000(신)
2024-05-12,0,5,Spring,1,0,1,카페테리아,단체식 13000(신)
2024-05-13,0,5,Spring,0,0,0,카페테리아,단체식 13000(신)
2024-05-14,0,5,Spring,0,0,0,카페테리아,단체식 13000(신)
2024-05-15,0,5,Spring,0,1,1,카페테리아,단체식 13000(신)
2024-05-16,0,5,Spring,0,0,0,카페테리아,단체식 13000(신)
2024-05-17,43,5,Spring,0,0,0,카페테리아,단체식 13000(신)
2024-05-18,0,5,Spring,1,0,1,카페테리아,단체식 13000(신)
2024-05-19,0,5,Spring,1,0,1,카페테리아,단체식 13000(신)
2024-05-20,0,5,Spring,0,0,0,카페테리아,단체식 13000(신)
2024-05-21,0,5,Spring,0,0,0,카페테리아,단체식 13000(신)
2024-05-22,18,5,Spring,0,0,0,카페테리아,단체식 13000(신)
2024-05-23,59,5,Spring,0,0,0,카페테리아,단체식 13000(신)
2024-05-24,166,5,Spring,0,0,0,카페테리아,단체식 13000(신)
2024-05-25,19,5,Spring,1,0,1,카페테리아,단체식 13000(신)
2024-05-26,0,5,Spring,1,0,1,카페테리아,단체식 13000(신)
2024-05-27,0,5,Spring,0,0,0,카페테리아,단체식 13000(신)
2024-05-28,91,5,Spring,0,0,0,카페테리아,단체식 13000(신)
2024-05-29,0,5,Spring,0,0,0,카페테리아,단체식 13000(신)
2024-05-30,80,5,Spring,0,0,0,카페테리아,단체식 13000(신)
2024-05-31,184,5,Spring,0,0,0,카페테리아,단체식 13000(신)
2024-06-01,0,6,Summer,1,0,1,카페테리아,단체식 13000(신)
2024-06-02,0,6,Summer,1,0,1,카페테리아,단체식 13000(신)
2024-06-03,0,6,Summer,0,0,0,카페테리아,단체식 13000(신)
2024-06-04,22,6,Summer,0,0,0,카페테리아,단체식 13000(신)
2024-06-05,203,6,Summer,0,0,0,카페테리아,단체식 13000(신)
2024-06-06,0,6,Summer,0,1,1,카페테리아,단체식 13000(신)
2024-06-07,0,6,Summer,0,0,0,카페테리아,단체식 13000(신)
2024-06-08,0,6,Summer,1,0,1,카페테리아,단체식 13000(신)
2024-06-09,0,6,Summer,1,0,1,카페테리아,단체식 13000(신)
2024-06-10,0,6,Summer,0,0,0,카페테리아,단체식 13000(신)
2024-06-11,80,6,Summer,0,0,0,카페테리아,단체식 13000(신)
2024-06-12,0,6,Summer,0,0,0,카페테리아,단체식 13000(신)
2024-06-13,89,6,Summer,0,0,0,카페테리아,단체식 13000(신)
2024-06-14,153,6,Summer,0,0,0,카페테리아,단체식 13000(신)
2024-06-15,132,6,Summer,1,0,1,카페테리아,단체식 13000(신)
2023-01-01,0,1,Winter,1,1,1,카페테리아,단체식 18000(신)
2023-01-02,0,1,Winter,0,0,0,카페테리아,단체식 18000(신)
2023-01-03,0,1,Winter,0,0,0,카페테리아,단체식 18000(신)
2023-01-04,0,1,Winter,0,0,0,카페테리아,단체식 18000(신)
2023-01-05,0,1,Winter,0,0,0,카페테리아,단체식 18000(신)
2023-01-06,0,1,Winter,0,0,0,카페테리아,단체식 18000(신)
2023-01-07,0,1,Winter,1,0,1,카페테리아,단체식 18000(신)
2023-01-08,0,1,Winter,1,0,1,카페테리아,단체식 18000(신)
2023-01-09,0,1,Winter,0,0,0,카페테리아,단체식 18000(신)
2023-01-10,0,1,Winter,0,0,0,카페테리아,단체식 18000(신)
2023-01-11,0,1,Winter,0,0,0,카페테리아,단체식 18000(신)
2023-01-12,0,1,Winter,0,0,0,카페테리아,단체식 18000(신)
2023-01-13,0,1,Winter,0,0,0,카페테리아,단체식 18000(신)
2023-01-14,0,1,Winter,1,0,1,카페테리아,단체식 18000(신)
2023-01-15,0,1,Winter,1,0,1,카페테리아,단체식 18000(신)
2023-01-16,0,1,Winter,0,0,0,카페테리아,단체식 18000(신)
2023-01-17,0,1,Winter,0,0,0,카페테리아,단체식 18000(신)
2023-01-18,0,1,Winter,0,0,0,카페테리아,단체식 18000(신)
2023-01-19,0,1,Winter,0,0,0,카페테리아,단체식 18000(신)
2023-01-20,0,1,Winter,0,0,0,카페테리아,단체식 18000(신)
2023-01-21,0,1,Winter,1,1,1,카페테리아,단체식 18000(신)
2023-01-22,0,1,Winter,1,1,1,카페테리아,단체식 18000(신)
2023-01-23,0,1,Winter,0,1,1,카페테리아,단체식 18000(신)
2023-01-24,0,1,Winter,0,1,1,카페테리아,단체식 18000(신)
2023-01-25,0,1,Winter,0,0,0,카페테리아,단체식 18000(신)
2023-01-26,0,1,Winter,0,0,0,카페테리아,단체식 18000(신)
2023-01-27,0,1,Winter,0,0,0,카페테리아,단체식 18000(신)
2023-01-28,0,1,Winter,1,0,1,카페테리아,단체식 18000(신)
2023-01-29,0,1,Winter,1,0,1,카페테리아,단체식 18000(신)
2023-01-30,0,1,Winter,0,0,0,카페테리아,단체식 18000(신)
2023-01-31,0,1,Winter,0,0,0,카페테리아,단체식 18000(신)
2023-02-01,0,2,Winter,0,0,0,카페테리아,단체식 18000(신)
2023-02-02,0,2,Winter,0,0,0,카페테리아,단체식 18000(신)
2023-02-03,0,2,Winter,0,0,0,카페테리아,단체식 18000(신)
2023-02-04,0,2,Winter,1,0,1,카페테리아,단체식 18000(신)
2023-02-05,0,2,Winter,1,0,1,카페테리아,단체식 18000(신)
2023-02-06,0,2,Winter,0,0,0,카페테리아,단체식 18000(신)
2023-02-07,0,2,Winter,0,0,0,카페테리아,단체식 18000(신)
2023-02-08,0,2,Winter,0,0,0,카페테리아,단체식 18000(신)
2023-02-09,0,2,Winter,0,0,0,카페테리아,단체식 18000(신)
2023-02-10,0,2,Winter,0,0,0,카페테리아,단체식 18000(신)
2023-02-11,0,2,Winter,1,0,1,카페테리아,단체식 18000(신)
2023-02-12,0,2,Winter,1,0,1,카페테리아,단체식 18000(신)
2023-02-13,0,2,Winter,0,0,0,카페테리아,단체식 18000(신)
2023-02-14,0,2,Winter,0,0,0,카페테리아,단체식 18000(신)
2023-02-15,0,2,Winter,0,0,0,카페테리아,단체식 18000(신)
2023-02-16,0,2,Winter,0,0,0,카페테리아,단체식 18000(신)
2023-02-17,0,2,Winter,0,0,0,카페테리아,단체식 18000(신)
2023-02-18,0,2,Winter,1,0,1,카페테리아,단체식 18000(신)
2023-02-19,0,2,Winter,1,0,1,카페테리아,단체식 18000(신)
2023-02-20,0,2,Winter,0,0,0,카페테리아,단체식 18000(신)
2023-02-21,0,2,Winter,0,0,0,카페테리아,단체식 18000(신)
2023-02-22,0,2,Winter,0,0,0,카페테리아,단체식 18000(신)
2023-02-23,0,2,Winter,0,0,0,카페테리아,단체식 18000(신)
2023-02-24,0,2,Winter,0,0,0,카페테리아,단체식 18000(신)
2023-02-25,0,2,Winter,1,0,1,카페테리아,단체식 18000(신)
2023-02-26,0,2,Winter,1,0,1,카페테리아,단체식 18000(신)
2023-02-27,0,2,Winter,0,0,0,카페테리아,단체식 18000(신)
2023-02-28,0,2,Winter,0,0,0,카페테리아,단체식 18000(신)
2023-03-01,0,3,Spring,0,1,1,카페테리아,단체식 18000(신)
2023-03-02,0,3,Spring,0,0,0,카페테리아,단체식 18000(신)
2023-03-03,0,3,Spring,0,0,0,카페테리아,단체식 18000(신)
2023-03-04,0,3,Spring,1,0,1,카페테리아,단체식 18000(신)
2023-03-05,0,3,Spring,1,0,1,카페테리아,단체식 18000(신)
2023-03-06,0,3,Spring,0,0,0,카페테리아,단체식 18000(신)
2023-03-07,0,3,Spring,0,0,0,카페테리아,단체식 18000(신)
2023-03-08,0,3,Spring,0,0,0,카페테리아,단체식 18000(신)
2023-03-09,0,3,Spring,0,0,0,카페테리아,단체식 18000(신)
2023-03-10,0,3,Spring,0,0,0,카페테리아,단체식 18000(신)
2023-03-11,0,3,Spring,1,0,1,카페테리아,단체식 18000(신)
2023-03-12,0,3,Spring,1,0,1,카페테리아,단체식 18000(신)
2023-03-13,0,3,Spring,0,0,0,카페테리아,단체식 18000(신)
2023-03-14,0,3,Spring,0,0,0,카페테리아,단체식 18000(신)
2023-03-15,0,3,Spring,0,0,0,카페테리아,단체식 18000(신)
2023-03-16,0,3,Spring,0,0,0,카페테리아,단체식 18000(신)
2023-03-17,0,3,Spring,0,0,0,카페테리아,단체식 18000(신)
2023-03-18,0,3,Spring,1,0,1,카페테리아,단체식 18000(신)
2023-03-19,0,3,Spring,1,0,1,카페테리아,단체식 18000(신)
2023-03-20,0,3,Spring,0,0,0,카페테리아,단체식 18000(신)
2023-03-21,0,3,Spring,0,0,0,카페테리아,단체식 18000(신)
2023-03-22,0,3,Spring,0,0,0,카페테리아,단체식 18000(신)
2023-03-23,0,3,Spring,0,0,0,카페테리아,단체식 18000(신)
2023-03-24,0,3,Spring,0,0,0,카페테리아,단체식 18000(신)
2023-03-25,0,3,Spring,1,0,1,카페테리아,단체식 18000(신)
2023-03-26,0,3,Spring,1,0,1,카페테리아,단체식 18000(신)
2023-03-27,0,3,Spring,0,0,0,카페테리아,단체식 18000(신)
2023-03-28,0,3,Spring,0,0,0,카페테리아,단체식 18000(신)
2023-03-29,0,3,Spring,0,0,0,카페테리아,단체식 18000(신)
2023-03-30,0,3,Spring,0,0,0,카페테리아,단체식 18000(신)
2023-03-31,0,3,Spring,0,0,0,카페테리아,단체식 18000(신)
2023-04-01,0,4,Spring,1,0,1,카페테리아,단체식 18000(신)
2023-04-02,0,4,Spring,1,0,1,카페테리아,단체식 18000(신)
2023-04-03,0,4,Spring,0,0,0,카페테리아,단체식 18000(신)
2023-04-04,0,4,Spring,0,0,0,카페테리아,단체식 18000(신)
2023-04-05,104,4,Spring,0,0,0,카페테리아,단체식 18000(신)
2023-04-06,0,4,Spring,0,0,0,카페테리아,단체식 18000(신)
2023-04-07,0,4,Spring,0,0,0,카페테리아,단체식 18000(신)
2023-04-08,0,4,Spring,1,0,1,카페테리아,단체식 18000(신)
2023-04-09,0,4,Spring,1,0,1,카페테리아,단체식 18000(신)
2023-04-10,0,4,Spring,0,0,0,카페테리아,단체식 18000(신)
2023-04-11,0,4,Spring,0,0,0,카페테리아,단체식 18000(신)
2023-04-12,40,4,Spring,0,0,0,카페테리아,단체식 18000(신)
2023-04-13,0,4,Spring,0,0,0,카페테리아,단체식 18000(신)
2023-04-14,0,4,Spring,0,0,0,카페테리아,단체식 18000(신)
2023-04-15,0,4,Spring,1,0,1,카페테리아,단체식 18000(신)
2023-04-16,0,4,Spring,1,0,1,카페테리아,단체식 18000(신)
2023-04-17,109,4,Spring,0,0,0,카페테리아,단체식 18000(신)
2023-04-18,104,4,Spring,0,0,0,카페테리아,단체식 18000(신)
2023-04-19,117,4,Spring,0,0,0,카페테리아,단체식 18000(신)
2023-04-20,0,4,Spring,0,0,0,카페테리아,단체식 18000(신)
2023-04-21,0,4,Spring,0,0,0,카페테리아,단체식 18000(신)
2023-04-22,0,4,Spring,1,0,1,카페테리아,단체식 18000(신)
2023-04-23,0,4,Spring,1,0,1,카페테리아,단체식 18000(신)
2023-04-24,0,4,Spring,0,0,0,카페테리아,단체식 18000(신)
2023-04-25,0,4,Spring,0,0,0,카페테리아,단체식 18000(신)
2023-04-26,83,4,Spring,0,0,0,카페테리아,단체식 18000(신)
2023-04-27,38,4,Spring,0,0,0,카페테리아,단체식 18000(신)
2023-04-28,0,4,Spring,0,0,0,카페테리아,단체식 18000(신)
2023-04-29,0,4,Spring,1,0,1,카페테리아,단체식 18000(신)
2023-04-30,0,4,Spring,1,0,1,카페테리아,단체식 18000(신)
2023-05-01,0,5,Spring,0,0,0,카페테리아,단체식 18000(신)
2023-05-02,0,5,Spring,0,0,0,카페테리아,단체식 18000(신)
2023-05-03,0,5,Spring,0,0,0,카페테리아,단체식 18000(신)
2023-05-04,0,5,Spring,0,0,0,카페테리아,단체식 18000(신)
2023-05-05,0,5,Spring,0,1,1,카페테리아,단체식 18000(신)
2023-05-06,0,5,Spring,1,0,1,카페테리아,단체식 18000(신)
2023-05-07,0,5,Spring,1,0,1,카페테리아,단체식 18000(신)
2023-05-08,0,5,Spring,0,0,0,카페테리아,단체식 18000(신)
2023-05-09,260,5,Spring,0,0,0,카페테리아,단체식 18000(신)
2023-05-10,0,5,Spring,0,0,0,카페테리아,단체식 18000(신)
2023-05-11,0,5,Spring,0,0,0,카페테리아,단체식 18000(신)
2023-05-12,0,5,Spring,0,0,0,카페테리아,단체식 18000(신)
2023-05-13,0,5,Spring,1,0,1,카페테리아,단체식 18000(신)
2023-05-14,0,5,Spring,1,0,1,카페테리아,단체식 18000(신)
2023-05-15,0,5,Spring,0,0,0,카페테리아,단체식 18000(신)
2023-05-16,30,5,Spring,0,0,0,카페테리아,단체식 18000(신)
2023-05-17,31,5,Spring,0,0,0,카페테리아,단체식 18000(신)
2023-05-18,166,5,Spring,0,0,0,카페테리아,단체식 18000(신)
2023-05-19,234,5,Spring,0,0,0,카페테리아,단체식 18000(신)
2023-05-20,0,5,Spring,1,0,1,카페테리아,단체식 18000(신)
2023-05-21,0,5,Spring,1,0,1,카페테리아,단체식 18000(신)
2023-05-22,0,5,Spring,0,0,0,카페테리아,단체식 18000(신)
2023-05-23,105,5,Spring,0,0,0,카페테리아,단체식 18000(신)
2023-05-24,272,5,Spring,0,0,0,카페테리아,단체식 18000(신)
2023-05-25,135,5,Spring,0,0,0,카페테리아,단체식 18000(신)
2023-05-26,0,5,Spring,0,0,0,카페테리아,단체식 18000(신)
2023-05-27,0,5,Spring,1,1,1,카페테리아,단체식 18000(신)
2023-05-28,0,5,Spring,1,0,1,카페테리아,단체식 18000(신)
2023-05-29,26,5,Spring,0,1,1,카페테리아,단체식 18000(신)
2023-05-30,65,5,Spring,0,0,0,카페테리아,단체식 18000(신)
2023-05-31,53,5,Spring,0,0,0,카페테리아,단체식 18000(신)
2023-06-01,49,6,Summer,0,0,0,카페테리아,단체식 18000(신)
2023-06-02,30,6,Summer,0,0,0,카페테리아,단체식 18000(신)
2023-06-03,0,6,Summer,1,0,1,카페테리아,단체식 18000(신)
2023-06-04,0,6,Summer,1,0,1,카페테리아,단체식 18000(신)
2023-06-05,0,6,Summer,0,0,0,카페테리아,단체식 18000(신)
2023-06-06,0,6,Summer,0,1,1,카페테리아,단체식 18000(신)
2023-06-07,0,6,Summer,0,0,0,카페테리아,단체식 18000(신)
2023-06-08,81,6,Summer,0,0,0,카페테리아,단체식 18000(신)
2023-06-09,144,6,Summer,0,0,0,카페테리아,단체식 18000(신)
2023-06-10,0,6,Summer,1,0,1,카페테리아,단체식 18000(신)
2023-06-11,0,6,Summer,1,0,1,카페테리아,단체식 18000(신)
2023-06-12,0,6,Summer,0,0,0,카페테리아,단체식 18000(신)
2023-06-13,131,6,Summer,0,0,0,카페테리아,단체식 18000(신)
2023-06-14,404,6,Summer,0,0,0,카페테리아,단체식 18000(신)
2023-06-15,490,6,Summer,0,0,0,카페테리아,단체식 18000(신)
2023-06-16,403,6,Summer,0,0,0,카페테리아,단체식 18000(신)
2023-06-17,0,6,Summer,1,0,1,카페테리아,단체식 18000(신)
2023-06-18,24,6,Summer,1,0,1,카페테리아,단체식 18000(신)
2023-06-19,123,6,Summer,0,0,0,카페테리아,단체식 18000(신)
2023-06-20,271,6,Summer,0,0,0,카페테리아,단체식 18000(신)
2023-06-21,170,6,Summer,0,0,0,카페테리아,단체식 18000(신)
2023-06-22,199,6,Summer,0,0,0,카페테리아,단체식 18000(신)
2023-06-23,0,6,Summer,0,0,0,카페테리아,단체식 18000(신)
2023-06-24,0,6,Summer,1,0,1,카페테리아,단체식 18000(신)
2023-06-25,0,6,Summer,1,0,1,카페테리아,단체식 18000(신)
2023-06-26,91,6,Summer,0,0,0,카페테리아,단체식 18000(신)
2023-06-27,30,6,Summer,0,0,0,카페테리아,단체식 18000(신)
2023-06-28,67,6,Summer,0,0,0,카페테리아,단체식 18000(신)
2023-06-29,226,6,Summer,0,0,0,카페테리아,단체식 18000(신)
2023-06-30,163,6,Summer,0,0,0,카페테리아,단체식 18000(신)
2023-07-01,29,7,Summer,1,0,1,카페테리아,단체식 18000(신)
2023-07-02,0,7,Summer,1,0,1,카페테리아,단체식 18000(신)
2023-07-03,107,7,Summer,0,0,0,카페테리아,단체식 18000(신)
2023-07-04,67,7,Summer,0,0,0,카페테리아,단체식 18000(신)
2023-07-05,0,7,Summer,0,0,0,카페테리아,단체식 18000(신)
2023-07-06,206,7,Summer,0,0,0,카페테리아,단체식 18000(신)
2023-07-07,146,7,Summer,0,0,0,카페테리아,단체식 18000(신)
2023-07-08,0,7,Summer,1,0,1,카페테리아,단체식 18000(신)
2023-07-09,29,7,Summer,1,0,1,카페테리아,단체식 18000(신)
2023-07-10,144,7,Summer,0,0,0,카페테리아,단체식 18000(신)
2023-07-11,95,7,Summer,0,0,0,카페테리아,단체식 18000(신)
2023-07-12,60,7,Summer,0,0,0,카페테리아,단체식 18000(신)
2023-07-13,125,7,Summer,0,0,0,카페테리아,단체식 18000(신)
2023-07-14,95,7,Summer,0,0,0,카페테리아,단체식 18000(신)
2023-07-15,80,7,Summer,1,0,1,카페테리아,단체식 18000(신)
2023-07-16,80,7,Summer,1,0,1,카페테리아,단체식 18000(신)
2023-07-17,-80,7,Summer,0,0,0,카페테리아,단체식 18000(신)
2023-07-18,0,7,Summer,0,0,0,카페테리아,단체식 18000(신)
2023-07-19,265,7,Summer,0,0,0,카페테리아,단체식 18000(신)
2023-07-20,90,7,Summer,0,0,0,카페테리아,단체식 18000(신)
2023-07-21,220,7,Summer,0,0,0,카페테리아,단체식 18000(신)
2023-07-22,0,7,Summer,1,0,1,카페테리아,단체식 18000(신)
2023-07-23,0,7,Summer,1,0,1,카페테리아,단체식 18000(신)
2023-07-24,40,7,Summer,0,0,0,카페테리아,단체식 18000(신)
2023-07-25,0,7,Summer,0,0,0,카페테리아,단체식 18000(신)
2023-07-26,0,7,Summer,0,0,0,카페테리아,단체식 18000(신)
2023-07-27,0,7,Summer,0,0,0,카페테리아,단체식 18000(신)
2023-07-28,0,7,Summer,0,0,0,카페테리아,단체식 18000(신)
2023-07-29,0,7,Summer,1,0,1,카페테리아,단체식 18000(신)
2023-07-30,0,7,Summer,1,0,1,카페테리아,단체식 18000(신)
2023-07-31,0,7,Summer,0,0,0,카페테리아,단체식 18000(신)
2023-08-01,0,8,Summer,0,0,0,카페테리아,단체식 18000(신)
2023-08-02,0,8,Summer,0,0,0,카페테리아,단체식 18000(신)
2023-08-03,0,8,Summer,0,0,0,카페테리아,단체식 18000(신)
2023-08-04,0,8,Summer,0,0,0,카페테리아,단체식 18000(신)
2023-08-05,0,8,Summer,1,0,1,카페테리아,단체식 18000(신)
2023-08-06,0,8,Summer,1,0,1,카페테리아,단체식 18000(신)
2023-08-07,0,8,Summer,0,0,0,카페테리아,단체식 18000(신)
2023-08-08,0,8,Summer,0,0,0,카페테리아,단체식 18000(신)
2023-08-09,0,8,Summer,0,0,0,카페테리아,단체식 18000(신)
2023-08-10,150,8,Summer,0,0,0,카페테리아,단체식 18000(신)
2023-08-11,221,8,Summer,0,0,0,카페테리아,단체식 18000(신)
2023-08-12,0,8,Summer,1,0,1,카페테리아,단체식 18000(신)
2023-08-13,0,8,Summer,1,0,1,카페테리아,단체식 18000(신)
2023-08-14,0,8,Summer,0,0,0,카페테리아,단체식 18000(신)
2023-08-15,0,8,Summer,0,1,1,카페테리아,단체식 18000(신)
2023-08-16,120,8,Summer,0,0,0,카페테리아,단체식 18000(신)
2023-08-17,127,8,Summer,0,0,0,카페테리아,단체식 18000(신)
2023-08-18,0,8,Summer,0,0,0,카페테리아,단체식 18000(신)
2023-08-19,0,8,Summer,1,0,1,카페테리아,단체식 18000(신)
2023-08-20,0,8,Summer,1,0,1,카페테리아,단체식 18000(신)
2023-08-21,0,8,Summer,0,0,0,카페테리아,단체식 18000(신)
2023-08-22,0,8,Summer,0,0,0,카페테리아,단체식 18000(신)
2023-08-23,0,8,Summer,0,0,0,카페테리아,단체식 18000(신)
2023-08-24,327,8,Summer,0,0,0,카페테리아,단체식 18000(신)
2023-08-25,100,8,Summer,0,0,0,카페테리아,단체식 18000(신)
2023-08-26,0,8,Summer,1,0,1,카페테리아,단체식 18000(신)
2023-08-27,0,8,Summer,1,0,1,카페테리아,단체식 18000(신)
2023-08-28,26,8,Summer,0,0,0,카페테리아,단체식 18000(신)
2023-08-29,25,8,Summer,0,0,0,카페테리아,단체식 18000(신)
2023-08-30,25,8,Summer,0,0,0,카페테리아,단체식 18000(신)
2023-08-31,186,8,Summer,0,0,0,카페테리아,단체식 18000(신)
2023-09-01,24,9,Autumn,0,0,0,카페테리아,단체식 18000(신)
2023-09-02,0,9,Autumn,1,0,1,카페테리아,단체식 18000(신)
2023-09-03,0,9,Autumn,1,0,1,카페테리아,단체식 18000(신)
2023-09-04,0,9,Autumn,0,0,0,카페테리아,단체식 18000(신)
2023-09-05,450,9,Autumn,0,0,0,카페테리아,단체식 18000(신)
2023-09-06,0,9,Autumn,0,0,0,카페테리아,단체식 18000(신)
2023-09-07,0,9,Autumn,0,0,0,카페테리아,단체식 18000(신)
2023-09-08,136,9,Autumn,0,0,0,카페테리아,단체식 18000(신)
2023-09-09,0,9,Autumn,1,0,1,카페테리아,단체식 18000(신)
2023-09-10,0,9,Autumn,1,0,1,카페테리아,단체식 18000(신)
2023-09-11,138,9,Autumn,0,0,0,카페테리아,단체식 18000(신)
2023-09-12,274,9,Autumn,0,0,0,카페테리아,단체식 18000(신)
2023-09-13,133,9,Autumn,0,0,0,카페테리아,단체식 18000(신)
2023-09-14,234,9,Autumn,0,0,0,카페테리아,단체식 18000(신)
2023-09-15,230,9,Autumn,0,0,0,카페테리아,단체식 18000(신)
2023-09-16,185,9,Autumn,1,0,1,카페테리아,단체식 18000(신)
2023-09-17,0,9,Autumn,1,0,1,카페테리아,단체식 18000(신)
2023-09-18,390,9,Autumn,0,0,0,카페테리아,단체식 18000(신)
2023-09-19,444,9,Autumn,0,0,0,카페테리아,단체식 18000(신)
2023-09-20,442,9,Autumn,0,0,0,카페테리아,단체식 18000(신)
2023-09-21,141,9,Autumn,0,0,0,카페테리아,단체식 18000(신)
2023-09-22,222,9,Autumn,0,0,0,카페테리아,단체식 18000(신)
2023-09-23,0,9,Autumn,1,0,1,카페테리아,단체식 18000(신)
2023-09-24,0,9,Autumn,1,0,1,카페테리아,단체식 18000(신)
2023-09-25,108,9,Autumn,0,0,0,카페테리아,단체식 18000(신)
2023-09-26,60,9,Autumn,0,0,0,카페테리아,단체식 18000(신)
2023-09-27,0,9,Autumn,0,0,0,카페테리아,단체식 18000(신)
2023-09-28,0,9,Autumn,0,1,1,카페테리아,단체식 18000(신)
2023-09-29,0,9,Autumn,0,1,1,카페테리아,단체식 18000(신)
2023-09-30,0,9,Autumn,1,1,1,카페테리아,단체식 18000(신)
2023-10-01,0,10,Autumn,1,0,1,카페테리아,단체식 18000(신)
2023-10-02,0,10,Autumn,0,1,1,카페테리아,단체식 18000(신)
2023-10-03,0,10,Autumn,0,1,1,카페테리아,단체식 18000(신)
2023-10-04,104,10,Autumn,0,0,0,카페테리아,단체식 18000(신)
2023-10-05,184,10,Autumn,0,0,0,카페테리아,단체식 18000(신)
2023-10-06,96,10,Autumn,0,0,0,카페테리아,단체식 18000(신)
2023-10-07,0,10,Autumn,1,0,1,카페테리아,단체식 18000(신)
2023-10-08,0,10,Autumn,1,0,1,카페테리아,단체식 18000(신)
2023-10-09,0,10,Autumn,0,1,1,카페테리아,단체식 18000(신)
2023-10-10,150,10,Autumn,0,0,0,카페테리아,단체식 18000(신)
2023-10-11,165,10,Autumn,0,0,0,카페테리아,단체식 18000(신)
2023-10-12,318,10,Autumn,0,0,0,카페테리아,단체식 18000(신)
2023-10-13,358,10,Autumn,0,0,0,카페테리아,단체식 18000(신)
2023-10-14,0,10,Autumn,1,0,1,카페테리아,단체식 18000(신)
2023-10-15,0,10,Autumn,1,0,1,카페테리아,단체식 18000(신)
2023-10-16,0,10,Autumn,0,0,0,카페테리아,단체식 18000(신)
2023-10-17,114,10,Autumn,0,0,0,카페테리아,단체식 18000(신)
2023-10-18,385,10,Autumn,0,0,0,카페테리아,단체식 18000(신)
2023-10-19,63,10,Autumn,0,0,0,카페테리아,단체식 18000(신)
2023-10-20,0,10,Autumn,0,0,0,카페테리아,단체식 18000(신)
2023-10-21,0,10,Autumn,1,0,1,카페테리아,단체식 18000(신)
2023-10-22,0,10,Autumn,1,0,1,카페테리아,단체식 18000(신)
2023-10-23,227,10,Autumn,0,0,0,카페테리아,단체식 18000(신)
2023-10-24,129,10,Autumn,0,0,0,카페테리아,단체식 18000(신)
2023-10-25,280,10,Autumn,0,0,0,카페테리아,단체식 18000(신)
2023-10-26,132,10,Autumn,0,0,0,카페테리아,단체식 18000(신)
2023-10-27,77,10,Autumn,0,0,0,카페테리아,단체식 18000(신)
2023-10-28,0,10,Autumn,1,0,1,카페테리아,단체식 18000(신)
2023-10-29,0,10,Autumn,1,0,1,카페테리아,단체식 18000(신)
2023-10-30,78,10,Autumn,0,0,0,카페테리아,단체식 18000(신)
2023-10-31,0,10,Autumn,0,0,0,카페테리아,단체식 18000(신)
2023-11-01,58,11,Autumn,0,0,0,카페테리아,단체식 18000(신)
2023-11-02,135,11,Autumn,0,0,0,카페테리아,단체식 18000(신)
2023-11-03,67,11,Autumn,0,0,0,카페테리아,단체식 18000(신)
2023-11-04,0,11,Autumn,1,0,1,카페테리아,단체식 18000(신)
2023-11-05,0,11,Autumn,1,0,1,카페테리아,단체식 18000(신)
2023-11-06,71,11,Autumn,0,0,0,카페테리아,단체식 18000(신)
2023-11-07,483,11,Autumn,0,0,0,카페테리아,단체식 18000(신)
2023-11-08,107,11,Autumn,0,0,0,카페테리아,단체식 18000(신)
2023-11-09,88,11,Autumn,0,0,0,카페테리아,단체식 18000(신)
2023-11-10,39,11,Autumn,0,0,0,카페테리아,단체식 18000(신)
2023-11-11,0,11,Autumn,1,0,1,카페테리아,단체식 18000(신)
2023-11-12,0,11,Autumn,1,0,1,카페테리아,단체식 18000(신)
2023-11-13,0,11,Autumn,0,0,0,카페테리아,단체식 18000(신)
2023-11-14,0,11,Autumn,0,0,0,카페테리아,단체식 18000(신)
2023-11-15,0,11,Autumn,0,0,0,카페테리아,단체식 18000(신)
2023-11-16,22,11,Autumn,0,0,0,카페테리아,단체식 18000(신)
2023-11-17,107,11,Autumn,0,0,0,카페테리아,단체식 18000(신)
2023-11-18,0,11,Autumn,1,0,1,카페테리아,단체식 18000(신)
2023-11-19,0,11,Autumn,1,0,1,카페테리아,단체식 18000(신)
2023-11-20,0,11,Autumn,0,0,0,카페테리아,단체식 18000(신)
2023-11-21,35,11,Autumn,0,0,0,카페테리아,단체식 18000(신)
2023-11-22,0,11,Autumn,0,0,0,카페테리아,단체식 18000(신)
2023-11-23,54,11,Autumn,0,0,0,카페테리아,단체식 18000(신)
2023-11-24,132,11,Autumn,0,0,0,카페테리아,단체식 18000(신)
2023-11-25,0,11,Autumn,1,0,1,카페테리아,단체식 18000(신)
2023-11-26,0,11,Autumn,1,0,1,카페테리아,단체식 18000(신)
2023-11-27,113,11,Autumn,0,0,0,카페테리아,단체식 18000(신)
2023-11-28,113,11,Autumn,0,0,0,카페테리아,단체식 18000(신)
2023-11-29,0,11,Autumn,0,0,0,카페테리아,단체식 18000(신)
2023-11-30,92,11,Autumn,0,0,0,카페테리아,단체식 18000(신)
2023-12-01,0,12,Winter,0,0,0,카페테리아,단체식 18000(신)
2023-12-02,120,12,Winter,1,0,1,카페테리아,단체식 18000(신)
2023-12-03,0,12,Winter,1,0,1,카페테리아,단체식 18000(신)
2023-12-04,250,12,Winter,0,0,0,카페테리아,단체식 18000(신)
2023-12-05,250,12,Winter,0,0,0,카페테리아,단체식 18000(신)
2023-12-06,81,12,Winter,0,0,0,카페테리아,단체식 18000(신)
2023-12-07,91,12,Winter,0,0,0,카페테리아,단체식 18000(신)
2023-12-08,147,12,Winter,0,0,0,카페테리아,단체식 18000(신)
2023-12-09,0,12,Winter,1,0,1,카페테리아,단체식 18000(신)
2023-12-10,0,12,Winter,1,0,1,카페테리아,단체식 18000(신)
2023-12-11,76,12,Winter,0,0,0,카페테리아,단체식 18000(신)
2023-12-12,76,12,Winter,0,0,0,카페테리아,단체식 18000(신)
2023-12-13,0,12,Winter,0,0,0,카페테리아,단체식 18000(신)
2023-12-14,0,12,Winter,0,0,0,카페테리아,단체식 18000(신)
2023-12-15,38,12,Winter,0,0,0,카페테리아,단체식 18000(신)
2023-12-16,0,12,Winter,1,0,1,카페테리아,단체식 18000(신)
2023-12-17,0,12,Winter,1,0,1,카페테리아,단체식 18000(신)
2023-12-18,25,12,Winter,0,0,0,카페테리아,단체식 18000(신)
2023-12-19,0,12,Winter,0,0,0,카페테리아,단체식 18000(신)
2023-12-20,25,12,Winter,0,0,0,카페테리아,단체식 18000(신)
2023-12-21,0,12,Winter,0,0,0,카페테리아,단체식 18000(신)
2023-12-22,120,12,Winter,0,0,0,카페테리아,단체식 18000(신)
2023-12-23,0,12,Winter,1,0,1,카페테리아,단체식 18000(신)
2023-12-24,0,12,Winter,1,0,1,카페테리아,단체식 18000(신)
2023-12-25,0,12,Winter,0,1,1,카페테리아,단체식 18000(신)
2023-12-26,0,12,Winter,0,0,0,카페테리아,단체식 18000(신)
2023-12-27,0,12,Winter,0,0,0,카페테리아,단체식 18000(신)
2023-12-28,0,12,Winter,0,0,0,카페테리아,단체식 18000(신)
2023-12-29,0,12,Winter,0,0,0,카페테리아,단체식 18000(신)
2023-12-30,0,12,Winter,1,0,1,카페테리아,단체식 18000(신)
2023-12-31,0,12,Winter,1,0,1,카페테리아,단체식 18000(신)
2024-01-01,0,1,Winter,0,1,1,카페테리아,단체식 18000(신)
2024-01-02,0,1,Winter,0,0,0,카페테리아,단체식 18000(신)
2024-01-03,0,1,Winter,0,0,0,카페테리아,단체식 18000(신)
2024-01-04,0,1,Winter,0,0,0,카페테리아,단체식 18000(신)
2024-01-05,170,1,Winter,0,0,0,카페테리아,단체식 18000(신)
2024-01-06,0,1,Winter,1,0,1,카페테리아,단체식 18000(신)
2024-01-07,0,1,Winter,1,0,1,카페테리아,단체식 18000(신)
2024-01-08,0,1,Winter,0,0,0,카페테리아,단체식 18000(신)
2024-01-09,27,1,Winter,0,0,0,카페테리아,단체식 18000(신)
2024-01-10,0,1,Winter,0,0,0,카페테리아,단체식 18000(신)
2024-01-11,0,1,Winter,0,0,0,카페테리아,단체식 18000(신)
2024-01-12,0,1,Winter,0,0,0,카페테리아,단체식 18000(신)
2024-01-13,0,1,Winter,1,0,1,카페테리아,단체식 18000(신)
2024-01-14,0,1,Winter,1,0,1,카페테리아,단체식 18000(신)
2024-01-15,0,1,Winter,0,0,0,카페테리아,단체식 18000(신)
2024-01-16,0,1,Winter,0,0,0,카페테리아,단체식 18000(신)
2024-01-17,30,1,Winter,0,0,0,카페테리아,단체식 18000(신)
2024-01-18,30,1,Winter,0,0,0,카페테리아,단체식 18000(신)
2024-01-19,30,1,Winter,0,0,0,카페테리아,단체식 18000(신)
2024-01-20,0,1,Winter,1,0,1,카페테리아,단체식 18000(신)
2024-01-21,0,1,Winter,1,0,1,카페테리아,단체식 18000(신)
2024-01-22,0,1,Winter,0,0,0,카페테리아,단체식 18000(신)
2024-01-23,64,1,Winter,0,0,0,카페테리아,단체식 18000(신)
2024-01-24,64,1,Winter,0,0,0,카페테리아,단체식 18000(신)
2024-01-25,0,1,Winter,0,0,0,카페테리아,단체식 18000(신)
2024-01-26,0,1,Winter,0,0,0,카페테리아,단체식 18000(신)
2024-01-27,0,1,Winter,1,0,1,카페테리아,단체식 18000(신)
2024-01-28,0,1,Winter,1,0,1,카페테리아,단체식 18000(신)
2024-01-29,200,1,Winter,0,0,0,카페테리아,단체식 18000(신)
2024-01-30,112,1,Winter,0,0,0,카페테리아,단체식 18000(신)
2024-01-31,0,1,Winter,0,0,0,카페테리아,단체식 18000(신)
2024-02-01,0,2,Winter,0,0,0,카페테리아,단체식 18000(신)
2024-02-02,63,2,Winter,0,0,0,카페테리아,단체식 18000(신)
2024-02-03,0,2,Winter,1,0,1,카페테리아,단체식 18000(신)
2024-02-04,0,2,Winter,1,0,1,카페테리아,단체식 18000(신)
2024-02-05,0,2,Winter,0,0,0,카페테리아,단체식 18000(신)
2024-02-06,0,2,Winter,0,0,0,카페테리아,단체식 18000(신)
2024-02-07,0,2,Winter,0,0,0,카페테리아,단체식 18000(신)
2024-02-08,0,2,Winter,0,0,0,카페테리아,단체식 18000(신)
2024-02-09,0,2,Winter,0,1,1,카페테리아,단체식 18000(신)
2024-02-10,0,2,Winter,1,1,1,카페테리아,단체식 18000(신)
2024-02-11,0,2,Winter,1,1,1,카페테리아,단체식 18000(신)
2024-02-12,0,2,Winter,0,1,1,카페테리아,단체식 18000(신)
2024-02-13,0,2,Winter,0,0,0,카페테리아,단체식 18000(신)
2024-02-14,0,2,Winter,0,0,0,카페테리아,단체식 18000(신)
2024-02-15,0,2,Winter,0,0,0,카페테리아,단체식 18000(신)
2024-02-16,0,2,Winter,0,0,0,카페테리아,단체식 18000(신)
2024-02-17,0,2,Winter,1,0,1,카페테리아,단체식 18000(신)
2024-02-18,0,2,Winter,1,0,1,카페테리아,단체식 18000(신)
2024-02-19,35,2,Winter,0,0,0,카페테리아,단체식 18000(신)
2024-02-20,34,2,Winter,0,0,0,카페테리아,단체식 18000(신)
2024-02-21,60,2,Winter,0,0,0,카페테리아,단체식 18000(신)
2024-02-22,284,2,Winter,0,0,0,카페테리아,단체식 18000(신)
2024-02-23,34,2,Winter,0,0,0,카페테리아,단체식 18000(신)
2024-02-24,0,2,Winter,1,0,1,카페테리아,단체식 18000(신)
2024-02-25,0,2,Winter,1,0,1,카페테리아,단체식 18000(신)
2024-02-26,0,2,Winter,0,0,0,카페테리아,단체식 18000(신)
2024-02-27,0,2,Winter,0,0,0,카페테리아,단체식 18000(신)
2024-02-28,330,2,Winter,0,0,0,카페테리아,단체식 18000(신)
2024-02-29,290,2,Winter,0,0,0,카페테리아,단체식 18000(신)
2024-03-01,0,3,Spring,0,1,1,카페테리아,단체식 18000(신)
2024-03-02,0,3,Spring,1,0,1,카페테리아,단체식 18000(신)
2024-03-03,0,3,Spring,1,0,1,카페테리아,단체식 18000(신)
2024-03-04,0,3,Spring,0,0,0,카페테리아,단체식 18000(신)
2024-03-05,0,3,Spring,0,0,0,카페테리아,단체식 18000(신)
2024-03-06,0,3,Spring,0,0,0,카페테리아,단체식 18000(신)
2024-03-07,0,3,Spring,0,0,0,카페테리아,단체식 18000(신)
2024-03-08,0,3,Spring,0,0,0,카페테리아,단체식 18000(신)
2024-03-09,0,3,Spring,1,0,1,카페테리아,단체식 18000(신)
2024-03-10,0,3,Spring,1,0,1,카페테리아,단체식 18000(신)
2024-03-11,0,3,Spring,0,0,0,카페테리아,단체식 18000(신)
2024-03-12,0,3,Spring,0,0,0,카페테리아,단체식 18000(신)
2024-03-13,0,3,Spring,0,0,0,카페테리아,단체식 18000(신)
2024-03-14,0,3,Spring,0,0,0,카페테리아,단체식 18000(신)
2024-03-15,570,3,Spring,0,0,0,카페테리아,단체식 18000(신)
2024-03-16,541,3,Spring,1,0,1,카페테리아,단체식 18000(신)
2024-03-17,0,3,Spring,1,0,1,카페테리아,단체식 18000(신)
2024-03-18,0,3,Spring,0,0,0,카페테리아,단체식 18000(신)
2024-03-19,0,3,Spring,0,0,0,카페테리아,단체식 18000(신)
2024-03-20,0,3,Spring,0,0,0,카페테리아,단체식 18000(신)
2024-03-21,0,3,Spring,0,0,0,카페테리아,단체식 18000(신)
2024-03-22,0,3,Spring,0,0,0,카페테리아,단체식 18000(신)
2024-03-23,0,3,Spring,1,0,1,카페테리아,단체식 18000(신)
2024-03-24,0,3,Spring,1,0,1,카페테리아,단체식 18000(신)
2024-03-25,0,3,Spring,0,0,0,카페테리아,단체식 18000(신)
2024-03-26,22,3,Spring,0,0,0,카페테리아,단체식 18000(신)
2024-03-27,22,3,Spring,0,0,0,카페테리아,단체식 18000(신)
2024-03-28,0,3,Spring,0,0,0,카페테리아,단체식 18000(신)
2024-03-29,0,3,Spring,0,0,0,카페테리아,단체식 18000(신)
2024-03-30,0,3,Spring,1,0,1,카페테리아,단체식 18000(신)
2024-03-31,50,3,Spring,1,0,1,카페테리아,단체식 18000(신)
2024-04-01,41,4,Spring,0,0,0,카페테리아,단체식 18000(신)
2024-04-02,43,4,Spring,0,0,0,카페테리아,단체식 18000(신)
2024-04-03,69,4,Spring,0,0,0,카페테리아,단체식 18000(신)
2024-04-04,183,4,Spring,0,0,0,카페테리아,단체식 18000(신)
2024-04-05,43,4,Spring,0,0,0,카페테리아,단체식 18000(신)
2024-04-06,38,4,Spring,1,0,1,카페테리아,단체식 18000(신)
2024-04-07,38,4,Spring,1,0,1,카페테리아,단체식 18000(신)
2024-04-08,38,4,Spring,0,0,0,카페테리아,단체식 18000(신)
2024-04-09,200,4,Spring,0,0,0,카페테리아,단체식 18000(신)
2024-04-10,0,4,Spring,0,1,1,카페테리아,단체식 18000(신)
2024-04-11,23,4,Spring,0,0,0,카페테리아,단체식 18000(신)
2024-04-12,73,4,Spring,0,0,0,카페테리아,단체식 18000(신)
2024-04-13,0,4,Spring,1,0,1,카페테리아,단체식 18000(신)
2024-04-14,0,4,Spring,1,0,1,카페테리아,단체식 18000(신)
2024-04-15,20,4,Spring,0,0,0,카페테리아,단체식 18000(신)
2024-04-16,105,4,Spring,0,0,0,카페테리아,단체식 18000(신)
2024-04-17,225,4,Spring,0,0,0,카페테리아,단체식 18000(신)
2024-04-18,125,4,Spring,0,0,0,카페테리아,단체식 18000(신)
2024-04-19,56,4,Spring,0,0,0,카페테리아,단체식 18000(신)
2024-04-20,0,4,Spring,1,0,1,카페테리아,단체식 18000(신)
2024-04-21,0,4,Spring,1,0,1,카페테리아,단체식 18000(신)
2024-04-22,0,4,Spring,0,0,0,카페테리아,단체식 18000(신)
2024-04-23,285,4,Spring,0,0,0,카페테리아,단체식 18000(신)
2024-04-24,303,4,Spring,0,0,0,카페테리아,단체식 18000(신)
2024-04-25,171,4,Spring,0,0,0,카페테리아,단체식 18000(신)
2024-04-26,160,4,Spring,0,0,0,카페테리아,단체식 18000(신)
2024-04-27,0,4,Spring,1,0,1,카페테리아,단체식 18000(신)
2024-04-28,0,4,Spring,1,0,1,카페테리아,단체식 18000(신)
2024-04-29,0,4,Spring,0,0,0,카페테리아,단체식 18000(신)
2024-04-30,400,4,Spring,0,0,0,카페테리아,단체식 18000(신)
2024-05-01,64,5,Spring,0,0,0,카페테리아,단체식 18000(신)
2024-05-02,0,5,Spring,0,0,0,카페테리아,단체식 18000(신)
2024-05-03,150,5,Spring,0,0,0,카페테리아,단체식 18000(신)
2024-05-04,0,5,Spring,1,0,1,카페테리아,단체식 18000(신)
2024-05-05,0,5,Spring,1,1,1,카페테리아,단체식 18000(신)
2024-05-06,0,5,Spring,0,1,1,카페테리아,단체식 18000(신)
2024-05-07,0,5,Spring,0,0,0,카페테리아,단체식 18000(신)
2024-05-08,27,5,Spring,0,0,0,카페테리아,단체식 18000(신)
2024-05-09,145,5,Spring,0,0,0,카페테리아,단체식 18000(신)
2024-05-10,181,5,Spring,0,0,0,카페테리아,단체식 18000(신)
2024-05-11,0,5,Spring,1,0,1,카페테리아,단체식 18000(신)
2024-05-12,0,5,Spring,1,0,1,카페테리아,단체식 18000(신)
2024-05-13,0,5,Spring,0,0,0,카페테리아,단체식 18000(신)
2024-05-14,0,5,Spring,0,0,0,카페테리아,단체식 18000(신)
2024-05-15,0,5,Spring,0,1,1,카페테리아,단체식 18000(신)
2024-05-16,18,5,Spring,0,0,0,카페테리아,단체식 18000(신)
2024-05-17,72,5,Spring,0,0,0,카페테리아,단체식 18000(신)
2024-05-18,0,5,Spring,1,0,1,카페테리아,단체식 18000(신)
2024-05-19,0,5,Spring,1,0,1,카페테리아,단체식 18000(신)
2024-05-20,150,5,Spring,0,0,0,카페테리아,단체식 18000(신)
2024-05-21,27,5,Spring,0,0,0,카페테리아,단체식 18000(신)
2024-05-22,88,5,Spring,0,0,0,카페테리아,단체식 18000(신)
2024-05-23,285,5,Spring,0,0,0,카페테리아,단체식 18000(신)
2024-05-24,140,5,Spring,0,0,0,카페테리아,단체식 18000(신)
2024-05-25,51,5,Spring,1,0,1,카페테리아,단체식 18000(신)
2024-05-26,0,5,Spring,1,0,1,카페테리아,단체식 18000(신)
2024-05-27,96,5,Spring,0,0,0,카페테리아,단체식 18000(신)
2024-05-28,124,5,Spring,0,0,0,카페테리아,단체식 18000(신)
2024-05-29,26,5,Spring,0,0,0,카페테리아,단체식 18000(신)
2024-05-30,236,5,Spring,0,0,0,카페테리아,단체식 18000(신)
2024-05-31,344,5,Spring,0,0,0,카페테리아,단체식 18000(신)
2024-06-01,0,6,Summer,1,0,1,카페테리아,단체식 18000(신)
2024-06-02,0,6,Summer,1,0,1,카페테리아,단체식 18000(신)
2024-06-03,32,6,Summer,0,0,0,카페테리아,단체식 18000(신)
2024-06-04,207,6,Summer,0,0,0,카페테리아,단체식 18000(신)
2024-06-05,0,6,Summer,0,0,0,카페테리아,단체식 18000(신)
2024-06-06,0,6,Summer,0,1,1,카페테리아,단체식 18000(신)
2024-06-07,0,6,Summer,0,0,0,카페테리아,단체식 18000(신)
2024-06-08,0,6,Summer,1,0,1,카페테리아,단체식 18000(신)
2024-06-09,0,6,Summer,1,0,1,카페테리아,단체식 18000(신)
2024-06-10,320,6,Summer,0,0,0,카페테리아,단체식 18000(신)
2024-06-11,132,6,Summer,0,0,0,카페테리아,단체식 18000(신)
2024-06-12,34,6,Summer,0,0,0,카페테리아,단체식 18000(신)
2024-06-13,190,6,Summer,0,0,0,카페테리아,단체식 18000(신)
2024-06-14,72,6,Summer,0,0,0,카페테리아,단체식 18000(신)
2024-06-15,0,6,Summer,1,0,1,카페테리아,단체식 18000(신)
2023-01-01,80,1,Winter,1,1,1,카페테리아,돼지고기 김치찌개
2023-01-02,75,1,Winter,0,0,0,카페테리아,돼지고기 김치찌개
2023-01-03,55,1,Winter,0,0,0,카페테리아,돼지고기 김치찌개
2023-01-04,57,1,Winter,0,0,0,카페테리아,돼지고기 김치찌개
2023-01-05,80,1,Winter,0,0,0,카페테리아,돼지고기 김치찌개
2023-01-06,84,1,Winter,0,0,0,카페테리아,돼지고기 김치찌개
2023-01-07,147,1,Winter,1,0,1,카페테리아,돼지고기 김치찌개
2023-01-08,90,1,Winter,1,0,1,카페테리아,돼지고기 김치찌개
2023-01-09,65,1,Winter,0,0,0,카페테리아,돼지고기 김치찌개
2023-01-10,63,1,Winter,0,0,0,카페테리아,돼지고기 김치찌개
2023-01-11,74,1,Winter,0,0,0,카페테리아,돼지고기 김치찌개
2023-01-12,78,1,Winter,0,0,0,카페테리아,돼지고기 김치찌개
2023-01-13,26,1,Winter,0,0,0,카페테리아,돼지고기 김치찌개
2023-01-14,69,1,Winter,1,0,1,카페테리아,돼지고기 김치찌개
2023-01-15,104,1,Winter,1,0,1,카페테리아,돼지고기 김치찌개
2023-01-16,103,1,Winter,0,0,0,카페테리아,돼지고기 김치찌개
2023-01-17,81,1,Winter,0,0,0,카페테리아,돼지고기 김치찌개
2023-01-18,82,1,Winter,0,0,0,카페테리아,돼지고기 김치찌개
2023-01-19,82,1,Winter,0,0,0,카페테리아,돼지고기 김치찌개
2023-01-20,100,1,Winter,0,0,0,카페테리아,돼지고기 김치찌개
2023-01-21,84,1,Winter,1,1,1,카페테리아,돼지고기 김치찌개
2023-01-22,90,1,Winter,1,1,1,카페테리아,돼지고기 김치찌개
2023-01-23,150,1,Winter,0,1,1,카페테리아,돼지고기 김치찌개
2023-01-24,75,1,Winter,0,1,1,카페테리아,돼지고기 김치찌개
2023-01-25,67,1,Winter,0,0,0,카페테리아,돼지고기 김치찌개
2023-01-26,82,1,Winter,0,0,0,카페테리아,돼지고기 김치찌개
2023-01-27,108,1,Winter,0,0,0,카페테리아,돼지고기 김치찌개
2023-01-28,161,1,Winter,1,0,1,카페테리아,돼지고기 김치찌개
2023-01-29,121,1,Winter,1,0,1,카페테리아,돼지고기 김치찌개
2023-01-30,74,1,Winter,0,0,0,카페테리아,돼지고기 김치찌개
2023-01-31,78,1,Winter,0,0,0,카페테리아,돼지고기 김치찌개
2023-02-01,67,2,Winter,0,0,0,카페테리아,돼지고기 김치찌개
2023-02-02,73,2,Winter,0,0,0,카페테리아,돼지고기 김치찌개
2023-02-03,59,2,Winter,0,0,0,카페테리아,돼지고기 김치찌개
2023-02-04,154,2,Winter,1,0,1,카페테리아,돼지고기 김치찌개
2023-02-05,122,2,Winter,1,0,1,카페테리아,돼지고기 김치찌개
2023-02-06,58,2,Winter,0,0,0,카페테리아,돼지고기 김치찌개
2023-02-07,50,2,Winter,0,0,0,카페테리아,돼지고기 김치찌개
2023-02-08,69,2,Winter,0,0,0,카페테리아,돼지고기 김치찌개
2023-02-09,55,2,Winter,0,0,0,카페테리아,돼지고기 김치찌개
2023-02-10,71,2,Winter,0,0,0,카페테리아,돼지고기 김치찌개
2023-02-11,127,2,Winter,1,0,1,카페테리아,돼지고기 김치찌개
2023-02-12,112,2,Winter,1,0,1,카페테리아,돼지고기 김치찌개
2023-02-13,89,2,Winter,0,0,0,카페테리아,돼지고기 김치찌개
2023-02-14,63,2,Winter,0,0,0,카페테리아,돼지고기 김치찌개
2023-02-15,59,2,Winter,0,0,0,카페테리아,돼지고기 김치찌개
2023-02-16,47,2,Winter,0,0,0,카페테리아,돼지고기 김치찌개
2023-02-17,63,2,Winter,0,0,0,카페테리아,돼지고기 김치찌개
2023-02-18,77,2,Winter,1,0,1,카페테리아,돼지고기 김치찌개
2023-02-19,78,2,Winter,1,0,1,카페테리아,돼지고기 김치찌개
2023-02-20,57,2,Winter,0,0,0,카페테리아,돼지고기 김치찌개
2023-02-21,50,2,Winter,0,0,0,카페테리아,돼지고기 김치찌개
2023-02-22,41,2,Winter,0,0,0,카페테리아,돼지고기 김치찌개
2023-02-23,51,2,Winter,0,0,0,카페테리아,돼지고기 김치찌개
2023-02-24,36,2,Winter,0,0,0,카페테리아,돼지고기 김치찌개
2023-02-25,66,2,Winter,1,0,1,카페테리아,돼지고기 김치찌개
2023-02-26,65,2,Winter,1,0,1,카페테리아,돼지고기 김치찌개
2023-02-27,60,2,Winter,0,0,0,카페테리아,돼지고기 김치찌개
2023-02-28,20,2,Winter,0,0,0,카페테리아,돼지고기 김치찌개
2023-03-01,13,3,Spring,0,1,1,카페테리아,돼지고기 김치찌개
2023-03-02,0,3,Spring,0,0,0,카페테리아,돼지고기 김치찌개
2023-03-03,0,3,Spring,0,0,0,카페테리아,돼지고기 김치찌개
2023-03-04,0,3,Spring,1,0,1,카페테리아,돼지고기 김치찌개
2023-03-05,0,3,Spring,1,0,1,카페테리아,돼지고기 김치찌개
2023-03-06,0,3,Spring,0,0,0,카페테리아,돼지고기 김치찌개
2023-03-07,0,3,Spring,0,0,0,카페테리아,돼지고기 김치찌개
2023-03-08,0,3,Spring,0,0,0,카페테리아,돼지고기 김치찌개
2023-03-09,0,3,Spring,0,0,0,카페테리아,돼지고기 김치찌개
2023-03-10,0,3,Spring,0,0,0,카페테리아,돼지고기 김치찌개
2023-03-11,6,3,Spring,1,0,1,카페테리아,돼지고기 김치찌개
2023-03-12,2,3,Spring,1,0,1,카페테리아,돼지고기 김치찌개
2023-03-13,1,3,Spring,0,0,0,카페테리아,돼지고기 김치찌개
2023-03-14,3,3,Spring,0,0,0,카페테리아,돼지고기 김치찌개
2023-03-15,5,3,Spring,0,0,0,카페테리아,돼지고기 김치찌개
2023-03-16,4,3,Spring,0,0,0,카페테리아,돼지고기 김치찌개
2023-03-17,7,3,Spring,0,0,0,카페테리아,돼지고기 김치찌개
2023-03-18,2,3,Spring,1,0,1,카페테리아,돼지고기 김치찌개
2023-03-19,1,3,Spring,1,0,1,카페테리아,돼지고기 김치찌개
2023-03-20,2,3,Spring,0,0,0,카페테리아,돼지고기 김치찌개
2023-03-21,0,3,Spring,0,0,0,카페테리아,돼지고기 김치찌개
2023-03-22,3,3,Spring,0,0,0,카페테리아,돼지고기 김치찌개
2023-03-23,3,3,Spring,0,0,0,카페테리아,돼지고기 김치찌개
2023-03-24,8,3,Spring,0,0,0,카페테리아,돼지고기 김치찌개
2023-03-25,4,3,Spring,1,0,1,카페테리아,돼지고기 김치찌개
2023-03-26,6,3,Spring,1,0,1,카페테리아,돼지고기 김치찌개
2023-03-27,1,3,Spring,0,0,0,카페테리아,돼지고기 김치찌개
2023-03-28,2,3,Spring,0,0,0,카페테리아,돼지고기 김치찌개
2023-03-29,0,3,Spring,0,0,0,카페테리아,돼지고기 김치찌개
2023-03-30,0,3,Spring,0,0,0,카페테리아,돼지고기 김치찌개
2023-03-31,6,3,Spring,0,0,0,카페테리아,돼지고기 김치찌개
2023-04-01,6,4,Spring,1,0,1,카페테리아,돼지고기 김치찌개
2023-04-02,3,4,Spring,1,0,1,카페테리아,돼지고기 김치찌개
2023-04-03,3,4,Spring,0,0,0,카페테리아,돼지고기 김치찌개
2023-04-04,3,4,Spring,0,0,0,카페테리아,돼지고기 김치찌개
2023-04-05,3,4,Spring,0,0,0,카페테리아,돼지고기 김치찌개
2023-04-06,4,4,Spring,0,0,0,카페테리아,돼지고기 김치찌개
2023-04-07,1,4,Spring,0,0,0,카페테리아,돼지고기 김치찌개
2023-04-08,13,4,Spring,1,0,1,카페테리아,돼지고기 김치찌개
2023-04-09,12,4,Spring,1,0,1,카페테리아,돼지고기 김치찌개
2023-04-10,3,4,Spring,0,0,0,카페테리아,돼지고기 김치찌개
2023-04-11,6,4,Spring,0,0,0,카페테리아,돼지고기 김치찌개
2023-04-12,9,4,Spring,0,0,0,카페테리아,돼지고기 김치찌개
2023-04-13,3,4,Spring,0,0,0,카페테리아,돼지고기 김치찌개
2023-04-14,6,4,Spring,0,0,0,카페테리아,돼지고기 김치찌개
2023-04-15,7,4,Spring,1,0,1,카페테리아,돼지고기 김치찌개
2023-04-16,7,4,Spring,1,0,1,카페테리아,돼지고기 김치찌개
2023-04-17,2,4,Spring,0,0,0,카페테리아,돼지고기 김치찌개
2023-04-18,1,4,Spring,0,0,0,카페테리아,돼지고기 김치찌개
2023-04-19,5,4,Spring,0,0,0,카페테리아,돼지고기 김치찌개
2023-04-20,6,4,Spring,0,0,0,카페테리아,돼지고기 김치찌개
2023-04-21,2,4,Spring,0,0,0,카페테리아,돼지고기 김치찌개
2023-04-22,17,4,Spring,1,0,1,카페테리아,돼지고기 김치찌개
2023-04-23,10,4,Spring,1,0,1,카페테리아,돼지고기 김치찌개
2023-04-24,8,4,Spring,0,0,0,카페테리아,돼지고기 김치찌개
2023-04-25,5,4,Spring,0,0,0,카페테리아,돼지고기 김치찌개
2023-04-26,6,4,Spring,0,0,0,카페테리아,돼지고기 김치찌개
2023-04-27,5,4,Spring,0,0,0,카페테리아,돼지고기 김치찌개
2023-04-28,5,4,Spring,0,0,0,카페테리아,돼지고기 김치찌개
2023-04-29,11,4,Spring,1,0,1,카페테리아,돼지고기 김치찌개
2023-04-30,11,4,Spring,1,0,1,카페테리아,돼지고기 김치찌개
2023-05-01,14,5,Spring,0,0,0,카페테리아,돼지고기 김치찌개
2023-05-02,9,5,Spring,0,0,0,카페테리아,돼지고기 김치찌개
2023-05-03,3,5,Spring,0,0,0,카페테리아,돼지고기 김치찌개
2023-05-04,13,5,Spring,0,0,0,카페테리아,돼지고기 김치찌개
2023-05-05,11,5,Spring,0,1,1,카페테리아,돼지고기 김치찌개
2023-05-06,9,5,Spring,1,0,1,카페테리아,돼지고기 김치찌개
2023-05-07,20,5,Spring,1,0,1,카페테리아,돼지고기 김치찌개
2023-05-08,0,5,Spring,0,0,0,카페테리아,돼지고기 김치찌개
2023-05-09,1,5,Spring,0,0,0,카페테리아,돼지고기 김치찌개
2023-05-10,9,5,Spring,0,0,0,카페테리아,돼지고기 김치찌개
2023-05-11,4,5,Spring,0,0,0,카페테리아,돼지고기 김치찌개
2023-05-12,4,5,Spring,0,0,0,카페테리아,돼지고기 김치찌개
2023-05-13,15,5,Spring,1,0,1,카페테리아,돼지고기 김치찌개
2023-05-14,11,5,Spring,1,0,1,카페테리아,돼지고기 김치찌개
2023-05-15,2,5,Spring,0,0,0,카페테리아,돼지고기 김치찌개
2023-05-16,8,5,Spring,0,0,0,카페테리아,돼지고기 김치찌개
2023-05-17,7,5,Spring,0,0,0,카페테리아,돼지고기 김치찌개
2023-05-18,4,5,Spring,0,0,0,카페테리아,돼지고기 김치찌개
2023-05-19,8,5,Spring,0,0,0,카페테리아,돼지고기 김치찌개
2023-05-20,11,5,Spring,1,0,1,카페테리아,돼지고기 김치찌개
2023-05-21,14,5,Spring,1,0,1,카페테리아,돼지고기 김치찌개
2023-05-22,6,5,Spring,0,0,0,카페테리아,돼지고기 김치찌개
2023-05-23,2,5,Spring,0,0,0,카페테리아,돼지고기 김치찌개
2023-05-24,0,5,Spring,0,0,0,카페테리아,돼지고기 김치찌개
2023-05-25,9,5,Spring,0,0,0,카페테리아,돼지고기 김치찌개
2023-05-26,11,5,Spring,0,0,0,카페테리아,돼지고기 김치찌개
2023-05-27,14,5,Spring,1,1,1,카페테리아,돼지고기 김치찌개
2023-05-28,19,5,Spring,1,0,1,카페테리아,돼지고기 김치찌개
2023-05-29,11,5,Spring,0,1,1,카페테리아,돼지고기 김치찌개
2023-05-30,9,5,Spring,0,0,0,카페테리아,돼지고기 김치찌개
2023-05-31,13,5,Spring,0,0,0,카페테리아,돼지고기 김치찌개
2023-06-01,1,6,Summer,0,0,0,카페테리아,돼지고기 김치찌개
2023-06-02,2,6,Summer,0,0,0,카페테리아,돼지고기 김치찌개
2023-06-03,9,6,Summer,1,0,1,카페테리아,돼지고기 김치찌개
2023-06-04,10,6,Summer,1,0,1,카페테리아,돼지고기 김치찌개
2023-06-05,22,6,Summer,0,0,0,카페테리아,돼지고기 김치찌개
2023-06-06,21,6,Summer,0,1,1,카페테리아,돼지고기 김치찌개
2023-06-07,2,6,Summer,0,0,0,카페테리아,돼지고기 김치찌개
2023-06-08,2,6,Summer,0,0,0,카페테리아,돼지고기 김치찌개
2023-06-09,5,6,Summer,0,0,0,카페테리아,돼지고기 김치찌개
2023-06-10,10,6,Summer,1,0,1,카페테리아,돼지고기 김치찌개
2023-06-11,14,6,Summer,1,0,1,카페테리아,돼지고기 김치찌개
2023-06-12,3,6,Summer,0,0,0,카페테리아,돼지고기 김치찌개
2023-06-13,2,6,Summer,0,0,0,카페테리아,돼지고기 김치찌개
2023-06-14,0,6,Summer,0,0,0,카페테리아,돼지고기 김치찌개
2023-06-15,3,6,Summer,0,0,0,카페테리아,돼지고기 김치찌개
2023-06-16,7,6,Summer,0,0,0,카페테리아,돼지고기 김치찌개
2023-06-17,9,6,Summer,1,0,1,카페테리아,돼지고기 김치찌개
2023-06-18,8,6,Summer,1,0,1,카페테리아,돼지고기 김치찌개
2023-06-19,2,6,Summer,0,0,0,카페테리아,돼지고기 김치찌개
2023-06-20,11,6,Summer,0,0,0,카페테리아,돼지고기 김치찌개
2023-06-21,9,6,Summer,0,0,0,카페테리아,돼지고기 김치찌개
2023-06-22,5,6,Summer,0,0,0,카페테리아,돼지고기 김치찌개
2023-06-23,6,6,Summer,0,0,0,카페테리아,돼지고기 김치찌개
2023-06-24,13,6,Summer,1,0,1,카페테리아,돼지고기 김치찌개
2023-06-25,10,6,Summer,1,0,1,카페테리아,돼지고기 김치찌개
2023-06-26,4,6,Summer,0,0,0,카페테리아,돼지고기 김치찌개
2023-06-27,2,6,Summer,0,0,0,카페테리아,돼지고기 김치찌개
2023-06-28,1,6,Summer,0,0,0,카페테리아,돼지고기 김치찌개
2023-06-29,5,6,Summer,0,0,0,카페테리아,돼지고기 김치찌개
2023-06-30,3,6,Summer,0,0,0,카페테리아,돼지고기 김치찌개
2023-07-01,6,7,Summer,1,0,1,카페테리아,돼지고기 김치찌개
2023-07-02,5,7,Summer,1,0,1,카페테리아,돼지고기 김치찌개
2023-07-03,6,7,Summer,0,0,0,카페테리아,돼지고기 김치찌개
2023-07-04,3,7,Summer,0,0,0,카페테리아,돼지고기 김치찌개
2023-07-05,3,7,Summer,0,0,0,카페테리아,돼지고기 김치찌개
2023-07-06,0,7,Summer,0,0,0,카페테리아,돼지고기 김치찌개
2023-07-07,6,7,Summer,0,0,0,카페테리아,돼지고기 김치찌개
2023-07-08,10,7,Summer,1,0,1,카페테리아,돼지고기 김치찌개
2023-07-09,4,7,Summer,1,0,1,카페테리아,돼지고기 김치찌개
2023-07-10,3,7,Summer,0,0,0,카페테리아,돼지고기 김치찌개
2023-07-11,2,7,Summer,0,0,0,카페테리아,돼지고기 김치찌개
2023-07-12,4,7,Summer,0,0,0,카페테리아,돼지고기 김치찌개
2023-07-13,0,7,Summer,0,0,0,카페테리아,돼지고기 김치찌개
2023-07-14,7,7,Summer,0,0,0,카페테리아,돼지고기 김치찌개
2023-07-15,5,7,Summer,1,0,1,카페테리아,돼지고기 김치찌개
2023-07-16,6,7,Summer,1,0,1,카페테리아,돼지고기 김치찌개
2023-07-17,5,7,Summer,0,0,0,카페테리아,돼지고기 김치찌개
2023-07-18,5,7,Summer,0,0,0,카페테리아,돼지고기 김치찌개
2023-07-19,5,7,Summer,0,0,0,카페테리아,돼지고기 김치찌개
2023-07-20,2,7,Summer,0,0,0,카페테리아,돼지고기 김치찌개
2023-07-21,6,7,Summer,0,0,0,카페테리아,돼지고기 김치찌개
2023-07-22,13,7,Summer,1,0,1,카페테리아,돼지고기 김치찌개
2023-07-23,6,7,Summer,1,0,1,카페테리아,돼지고기 김치찌개
2023-07-24,51,7,Summer,0,0,0,카페테리아,돼지고기 김치찌개
2023-07-25,20,7,Summer,0,0,0,카페테리아,돼지고기 김치찌개
2023-07-26,16,7,Summer,0,0,0,카페테리아,돼지고기 김치찌개
2023-07-27,12,7,Summer,0,0,0,카페테리아,돼지고기 김치찌개
2023-07-28,19,7,Summer,0,0,0,카페테리아,돼지고기 김치찌개
2023-07-29,14,7,Summer,1,0,1,카페테리아,돼지고기 김치찌개
2023-07-30,8,7,Summer,1,0,1,카페테리아,돼지고기 김치찌개
2023-07-31,23,7,Summer,0,0,0,카페테리아,돼지고기 김치찌개
2023-08-01,27,8,Summer,0,0,0,카페테리아,돼지고기 김치찌개
2023-08-02,15,8,Summer,0,0,0,카페테리아,돼지고기 김치찌개
2023-08-03,12,8,Summer,0,0,0,카페테리아,돼지고기 김치찌개
2023-08-04,21,8,Summer,0,0,0,카페테리아,돼지고기 김치찌개
2023-08-05,13,8,Summer,1,0,1,카페테리아,돼지고기 김치찌개
2023-08-06,8,8,Summer,1,0,1,카페테리아,돼지고기 김치찌개
2023-08-07,10,8,Summer,0,0,0,카페테리아,돼지고기 김치찌개
2023-08-08,15,8,Summer,0,0,0,카페테리아,돼지고기 김치찌개
2023-08-09,17,8,Summer,0,0,0,카페테리아,돼지고기 김치찌개
2023-08-10,4,8,Summer,0,0,0,카페테리아,돼지고기 김치찌개
2023-08-11,7,8,Summer,0,0,0,카페테리아,돼지고기 김치찌개
2023-08-12,9,8,Summer,1,0,1,카페테리아,돼지고기 김치찌개
2023-08-13,20,8,Summer,1,0,1,카페테리아,돼지고기 김치찌개
2023-08-14,27,8,Summer,0,0,0,카페테리아,돼지고기 김치찌개
2023-08-15,14,8,Summer,0,1,1,카페테리아,돼지고기 김치찌개
2023-08-16,8,8,Summer,0,0,0,카페테리아,돼지고기 김치찌개
2023-08-17,4,8,Summer,0,0,0,카페테리아,돼지고기 김치찌개
2023-08-18,6,8,Summer,0,0,0,카페테리아,돼지고기 김치찌개
2023-08-19,9,8,Summer,1,0,1,카페테리아,돼지고기 김치찌개
2023-08-20,12,8,Summer,1,0,1,카페테리아,돼지고기 김치찌개
2023-08-21,12,8,Summer,0,0,0,카페테리아,돼지고기 김치찌개
2023-08-22,0,8,Summer,0,0,0,카페테리아,돼지고기 김치찌개
2023-08-23,1,8,Summer,0,0,0,카페테리아,돼지고기 김치찌개
2023-08-24,3,8,Summer,0,0,0,카페테리아,돼지고기 김치찌개
2023-08-25,6,8,Summer,0,0,0,카페테리아,돼지고기 김치찌개
2023-08-26,6,8,Summer,1,0,1,카페테리아,돼지고기 김치찌개
2023-08-27,14,8,Summer,1,0,1,카페테리아,돼지고기 김치찌개
2023-08-28,9,8,Summer,0,0,0,카페테리아,돼지고기 김치찌개
2023-08-29,5,8,Summer,0,0,0,카페테리아,돼지고기 김치찌개
2023-08-30,3,8,Summer,0,0,0,카페테리아,돼지고기 김치찌개
2023-08-31,10,8,Summer,0,0,0,카페테리아,돼지고기 김치찌개
2023-09-01,10,9,Autumn,0,0,0,카페테리아,돼지고기 김치찌개
2023-09-02,15,9,Autumn,1,0,1,카페테리아,돼지고기 김치찌개
2023-09-03,19,9,Autumn,1,0,1,카페테리아,돼지고기 김치찌개
2023-09-04,3,9,Autumn,0,0,0,카페테리아,돼지고기 김치찌개
2023-09-05,2,9,Autumn,0,0,0,카페테리아,돼지고기 김치찌개
2023-09-06,2,9,Autumn,0,0,0,카페테리아,돼지고기 김치찌개
2023-09-07,2,9,Autumn,0,0,0,카페테리아,돼지고기 김치찌개
2023-09-08,1,9,Autumn,0,0,0,카페테리아,돼지고기 김치찌개
2023-09-09,14,9,Autumn,1,0,1,카페테리아,돼지고기 김치찌개
2023-09-10,11,9,Autumn,1,0,1,카페테리아,돼지고기 김치찌개
2023-09-11,2,9,Autumn,0,0,0,카페테리아,돼지고기 김치찌개
2023-09-12,5,9,Autumn,0,0,0,카페테리아,돼지고기 김치찌개
2023-09-13,3,9,Autumn,0,0,0,카페테리아,돼지고기 김치찌개
2023-09-14,15,9,Autumn,0,0,0,카페테리아,돼지고기 김치찌개
2023-09-15,5,9,Autumn,0,0,0,카페테리아,돼지고기 김치찌개
2023-09-16,9,9,Autumn,1,0,1,카페테리아,돼지고기 김치찌개
2023-09-17,12,9,Autumn,1,0,1,카페테리아,돼지고기 김치찌개
2023-09-18,7,9,Autumn,0,0,0,카페테리아,돼지고기 김치찌개
2023-09-19,4,9,Autumn,0,0,0,카페테리아,돼지고기 김치찌개
2023-09-20,7,9,Autumn,0,0,0,카페테리아,돼지고기 김치찌개
2023-09-21,4,9,Autumn,0,0,0,카페테리아,돼지고기 김치찌개
2023-09-22,6,9,Autumn,0,0,0,카페테리아,돼지고기 김치찌개
2023-09-23,21,9,Autumn,1,0,1,카페테리아,돼지고기 김치찌개
2023-09-24,6,9,Autumn,1,0,1,카페테리아,돼지고기 김치찌개
2023-09-25,5,9,Autumn,0,0,0,카페테리아,돼지고기 김치찌개
2023-09-26,6,9,Autumn,0,0,0,카페테리아,돼지고기 김치찌개
2023-09-27,3,9,Autumn,0,0,0,카페테리아,돼지고기 김치찌개
2023-09-28,16,9,Autumn,0,1,1,카페테리아,돼지고기 김치찌개
2023-09-29,31,9,Autumn,0,1,1,카페테리아,돼지고기 김치찌개
2023-09-30,26,9,Autumn,1,1,1,카페테리아,돼지고기 김치찌개
2023-10-01,23,10,Autumn,1,0,1,카페테리아,돼지고기 김치찌개
2023-10-02,47,10,Autumn,0,1,1,카페테리아,돼지고기 김치찌개
2023-10-03,26,10,Autumn,0,1,1,카페테리아,돼지고기 김치찌개
2023-10-04,12,10,Autumn,0,0,0,카페테리아,돼지고기 김치찌개
2023-10-05,6,10,Autumn,0,0,0,카페테리아,돼지고기 김치찌개
2023-10-06,7,10,Autumn,0,0,0,카페테리아,돼지고기 김치찌개
2023-10-07,26,10,Autumn,1,0,1,카페테리아,돼지고기 김치찌개
2023-10-08,32,10,Autumn,1,0,1,카페테리아,돼지고기 김치찌개
2023-10-09,27,10,Autumn,0,1,1,카페테리아,돼지고기 김치찌개
2023-10-10,10,10,Autumn,0,0,0,카페테리아,돼지고기 김치찌개
2023-10-11,10,10,Autumn,0,0,0,카페테리아,돼지고기 김치찌개
2023-10-12,6,10,Autumn,0,0,0,카페테리아,돼지고기 김치찌개
2023-10-13,10,10,Autumn,0,0,0,카페테리아,돼지고기 김치찌개
2023-10-14,16,10,Autumn,1,0,1,카페테리아,돼지고기 김치찌개
2023-10-15,31,10,Autumn,1,0,1,카페테리아,돼지고기 김치찌개
2023-10-16,10,10,Autumn,0,0,0,카페테리아,돼지고기 김치찌개
2023-10-17,12,10,Autumn,0,0,0,카페테리아,돼지고기 김치찌개
2023-10-18,8,10,Autumn,0,0,0,카페테리아,돼지고기 김치찌개
2023-10-19,13,10,Autumn,0,0,0,카페테리아,돼지고기 김치찌개
2023-10-20,14,10,Autumn,0,0,0,카페테리아,돼지고기 김치찌개
2023-10-21,25,10,Autumn,1,0,1,카페테리아,돼지고기 김치찌개
2023-10-22,20,10,Autumn,1,0,1,카페테리아,돼지고기 김치찌개
2023-10-23,22,10,Autumn,0,0,0,카페테리아,돼지고기 김치찌개
2023-10-24,19,10,Autumn,0,0,0,카페테리아,돼지고기 김치찌개
2023-10-25,14,10,Autumn,0,0,0,카페테리아,돼지고기 김치찌개
2023-10-26,9,10,Autumn,0,0,0,카페테리아,돼지고기 김치찌개
2023-10-27,21,10,Autumn,0,0,0,카페테리아,돼지고기 김치찌개
2023-10-28,16,10,Autumn,1,0,1,카페테리아,돼지고기 김치찌개
2023-10-29,16,10,Autumn,1,0,1,카페테리아,돼지고기 김치찌개
2023-10-30,15,10,Autumn,0,0,0,카페테리아,돼지고기 김치찌개
2023-10-31,2,10,Autumn,0,0,0,카페테리아,돼지고기 김치찌개
2023-11-01,15,11,Autumn,0,0,0,카페테리아,돼지고기 김치찌개
2023-11-02,17,11,Autumn,0,0,0,카페테리아,돼지고기 김치찌개
2023-11-03,9,11,Autumn,0,0,0,카페테리아,돼지고기 김치찌개
2023-11-04,17,11,Autumn,1,0,1,카페테리아,돼지고기 김치찌개
2023-11-05,17,11,Autumn,1,0,1,카페테리아,돼지고기 김치찌개
2023-11-06,13,11,Autumn,0,0,0,카페테리아,돼지고기 김치찌개
2023-11-07,9,11,Autumn,0,0,0,카페테리아,돼지고기 김치찌개
2023-11-08,6,11,Autumn,0,0,0,카페테리아,돼지고기 김치찌개
2023-11-09,10,11,Autumn,0,0,0,카페테리아,돼지고기 김치찌개
2023-11-10,10,11,Autumn,0,0,0,카페테리아,돼지고기 김치찌개
2023-11-11,12,11,Autumn,1,0,1,카페테리아,돼지고기 김치찌개
2023-11-12,13,11,Autumn,1,0,1,카페테리아,돼지고기 김치찌개
2023-11-13,14,11,Autumn,0,0,0,카페테리아,돼지고기 김치찌개
2023-11-14,7,11,Autumn,0,0,0,카페테리아,돼지고기 김치찌개
2023-11-15,10,11,Autumn,0,0,0,카페테리아,돼지고기 김치찌개
2023-11-16,11,11,Autumn,0,0,0,카페테리아,돼지고기 김치찌개
2023-11-17,11,11,Autumn,0,0,0,카페테리아,돼지고기 김치찌개
2023-11-18,8,11,Autumn,1,0,1,카페테리아,돼지고기 김치찌개
2023-11-19,9,11,Autumn,1,0,1,카페테리아,돼지고기 김치찌개
2023-11-20,14,11,Autumn,0,0,0,카페테리아,돼지고기 김치찌개
2023-11-21,5,11,Autumn,0,0,0,카페테리아,돼지고기 김치찌개
2023-11-22,1,11,Autumn,0,0,0,카페테리아,돼지고기 김치찌개
2023-11-23,7,11,Autumn,0,0,0,카페테리아,돼지고기 김치찌개
2023-11-24,16,11,Autumn,0,0,0,카페테리아,돼지고기 김치찌개
2023-11-25,8,11,Autumn,1,0,1,카페테리아,돼지고기 김치찌개
2023-11-26,9,11,Autumn,1,0,1,카페테리아,돼지고기 김치찌개
2023-11-27,2,11,Autumn,0,0,0,카페테리아,돼지고기 김치찌개
2023-11-28,4,11,Autumn,0,0,0,카페테리아,돼지고기 김치찌개
2023-11-29,6,11,Autumn,0,0,0,카페테리아,돼지고기 김치찌개
2023-11-30,11,11,Autumn,0,0,0,카페테리아,돼지고기 김치찌개
2023-12-01,2,12,Winter,0,0,0,카페테리아,돼지고기 김치찌개
2023-12-02,5,12,Winter,1,0,1,카페테리아,돼지고기 김치찌개
2023-12-03,3,12,Winter,1,0,1,카페테리아,돼지고기 김치찌개
2023-12-04,8,12,Winter,0,0,0,카페테리아,돼지고기 김치찌개
2023-12-05,1,12,Winter,0,0,0,카페테리아,돼지고기 김치찌개
2023-12-06,10,12,Winter,0,0,0,카페테리아,돼지고기 김치찌개
2023-12-07,8,12,Winter,0,0,0,카페테리아,돼지고기 김치찌개
2023-12-08,44,12,Winter,0,0,0,카페테리아,돼지고기 김치찌개
2023-12-09,75,12,Winter,1,0,1,카페테리아,돼지고기 김치찌개
2023-12-10,77,12,Winter,1,0,1,카페테리아,돼지고기 김치찌개
2023-12-11,23,12,Winter,0,0,0,카페테리아,돼지고기 김치찌개
2023-12-12,28,12,Winter,0,0,0,카페테리아,돼지고기 김치찌개
2023-12-13,38,12,Winter,0,0,0,카페테리아,돼지고기 김치찌개
2023-12-14,14,12,Winter,0,0,0,카페테리아,돼지고기 김치찌개
2023-12-15,11,12,Winter,0,0,0,카페테리아,돼지고기 김치찌개
2023-12-16,52,12,Winter,1,0,1,카페테리아,돼지고기 김치찌개
2023-12-17,47,12,Winter,1,0,1,카페테리아,돼지고기 김치찌개
2023-12-18,96,12,Winter,0,0,0,카페테리아,돼지고기 김치찌개
2023-12-19,79,12,Winter,0,0,0,카페테리아,돼지고기 김치찌개
2023-12-20,93,12,Winter,0,0,0,카페테리아,돼지고기 김치찌개
2023-12-21,90,12,Winter,0,0,0,카페테리아,돼지고기 김치찌개
2023-12-22,116,12,Winter,0,0,0,카페테리아,돼지고기 김치찌개
2023-12-23,132,12,Winter,1,0,1,카페테리아,돼지고기 김치찌개
2023-12-24,174,12,Winter,1,0,1,카페테리아,돼지고기 김치찌개
2023-12-25,118,12,Winter,0,1,1,카페테리아,돼지고기 김치찌개
2023-12-26,117,12,Winter,0,0,0,카페테리아,돼지고기 김치찌개
2023-12-27,107,12,Winter,0,0,0,카페테리아,돼지고기 김치찌개
2023-12-28,106,12,Winter,0,0,0,카페테리아,돼지고기 김치찌개
2023-12-29,117,12,Winter,0,0,0,카페테리아,돼지고기 김치찌개
2023-12-30,153,12,Winter,1,0,1,카페테리아,돼지고기 김치찌개
2023-12-31,116,12,Winter,1,0,1,카페테리아,돼지고기 김치찌개
2024-01-01,134,1,Winter,0,1,1,카페테리아,돼지고기 김치찌개
2024-01-02,102,1,Winter,0,0,0,카페테리아,돼지고기 김치찌개
2024-01-03,88,1,Winter,0,0,0,카페테리아,돼지고기 김치찌개
2024-01-04,88,1,Winter,0,0,0,카페테리아,돼지고기 김치찌개
2024-01-05,78,1,Winter,0,0,0,카페테리아,돼지고기 김치찌개
2024-01-06,110,1,Winter,1,0,1,카페테리아,돼지고기 김치찌개
2024-01-07,80,1,Winter,1,0,1,카페테리아,돼지고기 김치찌개
2024-01-08,72,1,Winter,0,0,0,카페테리아,돼지고기 김치찌개
2024-01-09,87,1,Winter,0,0,0,카페테리아,돼지고기 김치찌개
2024-01-10,91,1,Winter,0,0,0,카페테리아,돼지고기 김치찌개
2024-01-11,80,1,Winter,0,0,0,카페테리아,돼지고기 김치찌개
2024-01-12,74,1,Winter,0,0,0,카페테리아,돼지고기 김치찌개
2024-01-13,172,1,Winter,1,0,1,카페테리아,돼지고기 김치찌개
2024-01-14,93,1,Winter,1,0,1,카페테리아,돼지고기 김치찌개
2024-01-15,81,1,Winter,0,0,0,카페테리아,돼지고기 김치찌개
2024-01-16,84,1,Winter,0,0,0,카페테리아,돼지고기 김치찌개
2024-01-17,81,1,Winter,0,0,0,카페테리아,돼지고기 김치찌개
2024-01-18,85,1,Winter,0,0,0,카페테리아,돼지고기 김치찌개
2024-01-19,77,1,Winter,0,0,0,카페테리아,돼지고기 김치찌개
2024-01-20,105,1,Winter,1,0,1,카페테리아,돼지고기 김치찌개
2024-01-21,113,1,Winter,1,0,1,카페테리아,돼지고기 김치찌개
2024-01-22,109,1,Winter,0,0,0,카페테리아,돼지고기 김치찌개
2024-01-23,73,1,Winter,0,0,0,카페테리아,돼지고기 김치찌개
2024-01-24,51,1,Winter,0,0,0,카페테리아,돼지고기 김치찌개
2024-01-25,63,1,Winter,0,0,0,카페테리아,돼지고기 김치찌개
2024-01-26,80,1,Winter,0,0,0,카페테리아,돼지고기 김치찌개
2024-01-27,122,1,Winter,1,0,1,카페테리아,돼지고기 김치찌개
2024-01-28,84,1,Winter,1,0,1,카페테리아,돼지고기 김치찌개
2024-01-29,70,1,Winter,0,0,0,카페테리아,돼지고기 김치찌개
2024-01-30,66,1,Winter,0,0,0,카페테리아,돼지고기 김치찌개
2024-01-31,68,1,Winter,0,0,0,카페테리아,돼지고기 김치찌개
2024-02-01,58,2,Winter,0,0,0,카페테리아,돼지고기 김치찌개
2024-02-02,58,2,Winter,0,0,0,카페테리아,돼지고기 김치찌개
2024-02-03,98,2,Winter,1,0,1,카페테리아,돼지고기 김치찌개
2024-02-04,60,2,Winter,1,0,1,카페테리아,돼지고기 김치찌개
2024-02-05,53,2,Winter,0,0,0,카페테리아,돼지고기 김치찌개
2024-02-06,72,2,Winter,0,0,0,카페테리아,돼지고기 김치찌개
2024-02-07,61,2,Winter,0,0,0,카페테리아,돼지고기 김치찌개
2024-02-08,71,2,Winter,0,0,0,카페테리아,돼지고기 김치찌개
2024-02-09,67,2,Winter,0,1,1,카페테리아,돼지고기 김치찌개
2024-02-10,72,2,Winter,1,1,1,카페테리아,돼지고기 김치찌개
2024-02-11,96,2,Winter,1,1,1,카페테리아,돼지고기 김치찌개
2024-02-12,96,2,Winter,0,1,1,카페테리아,돼지고기 김치찌개
2024-02-13,51,2,Winter,0,0,0,카페테리아,돼지고기 김치찌개
2024-02-14,32,2,Winter,0,0,0,카페테리아,돼지고기 김치찌개
2024-02-15,20,2,Winter,0,0,0,카페테리아,돼지고기 김치찌개
2024-02-16,65,2,Winter,0,0,0,카페테리아,돼지고기 김치찌개
2024-02-17,88,2,Winter,1,0,1,카페테리아,돼지고기 김치찌개
2024-02-18,56,2,Winter,1,0,1,카페테리아,돼지고기 김치찌개
2024-02-19,27,2,Winter,0,0,0,카페테리아,돼지고기 김치찌개
2024-02-20,31,2,Winter,0,0,0,카페테리아,돼지고기 김치찌개
2024-02-21,20,2,Winter,0,0,0,카페테리아,돼지고기 김치찌개
2024-02-22,61,2,Winter,0,0,0,카페테리아,돼지고기 김치찌개
2024-02-23,49,2,Winter,0,0,0,카페테리아,돼지고기 김치찌개
2024-02-24,84,2,Winter,1,0,1,카페테리아,돼지고기 김치찌개
2024-02-25,57,2,Winter,1,0,1,카페테리아,돼지고기 김치찌개
2024-02-26,51,2,Winter,0,0,0,카페테리아,돼지고기 김치찌개
2024-02-27,44,2,Winter,0,0,0,카페테리아,돼지고기 김치찌개
2024-02-28,21,2,Winter,0,0,0,카페테리아,돼지고기 김치찌개
2024-02-29,42,2,Winter,0,0,0,카페테리아,돼지고기 김치찌개
2024-03-01,69,3,Spring,0,1,1,카페테리아,돼지고기 김치찌개
2024-03-02,38,3,Spring,1,0,1,카페테리아,돼지고기 김치찌개
2024-03-03,18,3,Spring,1,0,1,카페테리아,돼지고기 김치찌개
2024-03-04,0,3,Spring,0,0,0,카페테리아,돼지고기 김치찌개
2024-03-05,0,3,Spring,0,0,0,카페테리아,돼지고기 김치찌개
2024-03-06,0,3,Spring,0,0,0,카페테리아,돼지고기 김치찌개
2024-03-07,0,3,Spring,0,0,0,카페테리아,돼지고기 김치찌개
2024-03-08,0,3,Spring,0,0,0,카페테리아,돼지고기 김치찌개
2024-03-09,0,3,Spring,1,0,1,카페테리아,돼지고기 김치찌개
2024-03-10,0,3,Spring,1,0,1,카페테리아,돼지고기 김치찌개
2024-03-11,0,3,Spring,0,0,0,카페테리아,돼지고기 김치찌개
2024-03-12,0,3,Spring,0,0,0,카페테리아,돼지고기 김치찌개
2024-03-13,0,3,Spring,0,0,0,카페테리아,돼지고기 김치찌개
2024-03-14,2,3,Spring,0,0,0,카페테리아,돼지고기 김치찌개
2024-03-15,4,3,Spring,0,0,0,카페테리아,돼지고기 김치찌개
2024-03-16,12,3,Spring,1,0,1,카페테리아,돼지고기 김치찌개
2024-03-17,5,3,Spring,1,0,1,카페테리아,돼지고기 김치찌개
2024-03-18,0,3,Spring,0,0,0,카페테리아,돼지고기 김치찌개
2024-03-19,0,3,Spring,0,0,0,카페테리아,돼지고기 김치찌개
2024-03-20,4,3,Spring,0,0,0,카페테리아,돼지고기 김치찌개
2024-03-21,3,3,Spring,0,0,0,카페테리아,돼지고기 김치찌개
2024-03-22,2,3,Spring,0,0,0,카페테리아,돼지고기 김치찌개
2024-03-23,7,3,Spring,1,0,1,카페테리아,돼지고기 김치찌개
2024-03-24,4,3,Spring,1,0,1,카페테리아,돼지고기 김치찌개
2024-03-25,4,3,Spring,0,0,0,카페테리아,돼지고기 김치찌개
2024-03-26,0,3,Spring,0,0,0,카페테리아,돼지고기 김치찌개
2024-03-27,3,3,Spring,0,0,0,카페테리아,돼지고기 김치찌개
2024-03-28,0,3,Spring,0,0,0,카페테리아,돼지고기 김치찌개
2024-03-29,5,3,Spring,0,0,0,카페테리아,돼지고기 김치찌개
2024-03-30,13,3,Spring,1,0,1,카페테리아,돼지고기 김치찌개
2024-03-31,6,3,Spring,1,0,1,카페테리아,돼지고기 김치찌개
2024-04-01,1,4,Spring,0,0,0,카페테리아,돼지고기 김치찌개
2024-04-02,5,4,Spring,0,0,0,카페테리아,돼지고기 김치찌개
2024-04-03,3,4,Spring,0,0,0,카페테리아,돼지고기 김치찌개
2024-04-04,8,4,Spring,0,0,0,카페테리아,돼지고기 김치찌개
2024-04-05,5,4,Spring,0,0,0,카페테리아,돼지고기 김치찌개
2024-04-06,14,4,Spring,1,0,1,카페테리아,돼지고기 김치찌개
2024-04-07,12,4,Spring,1,0,1,카페테리아,돼지고기 김치찌개
2024-04-08,3,4,Spring,0,0,0,카페테리아,돼지고기 김치찌개
2024-04-09,9,4,Spring,0,0,0,카페테리아,돼지고기 김치찌개
2024-04-10,10,4,Spring,0,1,1,카페테리아,돼지고기 김치찌개
2024-04-11,16,4,Spring,0,0,0,카페테리아,돼지고기 김치찌개
2024-04-12,10,4,Spring,0,0,0,카페테리아,돼지고기 김치찌개
2024-04-13,10,4,Spring,1,0,1,카페테리아,돼지고기 김치찌개
2024-04-14,13,4,Spring,1,0,1,카페테리아,돼지고기 김치찌개
2024-04-15,13,4,Spring,0,0,0,카페테리아,돼지고기 김치찌개
2024-04-16,2,4,Spring,0,0,0,카페테리아,돼지고기 김치찌개
2024-04-17,10,4,Spring,0,0,0,카페테리아,돼지고기 김치찌개
2024-04-18,7,4,Spring,0,0,0,카페테리아,돼지고기 김치찌개
2024-04-19,14,4,Spring,0,0,0,카페테리아,돼지고기 김치찌개
2024-04-20,12,4,Spring,1,0,1,카페테리아,돼지고기 김치찌개
2024-04-21,11,4,Spring,1,0,1,카페테리아,돼지고기 김치찌개
2024-04-22,0,4,Spring,0,0,0,카페테리아,돼지고기 김치찌개
2024-04-23,1,4,Spring,0,0,0,카페테리아,돼지고기 김치찌개
2024-04-24,6,4,Spring,0,0,0,카페테리아,돼지고기 김치찌개
2024-04-25,3,4,Spring,0,0,0,카페테리아,돼지고기 김치찌개
2024-04-26,9,4,Spring,0,0,0,카페테리아,돼지고기 김치찌개
2024-04-27,13,4,Spring,1,0,1,카페테리아,돼지고기 김치찌개
2024-04-28,26,4,Spring,1,0,1,카페테리아,돼지고기 김치찌개
2024-04-29,9,4,Spring,0,0,0,카페테리아,돼지고기 김치찌개
2024-04-30,17,4,Spring,0,0,0,카페테리아,돼지고기 김치찌개
2024-05-01,14,5,Spring,0,0,0,카페테리아,돼지고기 김치찌개
2024-05-02,3,5,Spring,0,0,0,카페테리아,돼지고기 김치찌개
2024-05-03,14,5,Spring,0,0,0,카페테리아,돼지고기 김치찌개
2024-05-04,29,5,Spring,1,0,1,카페테리아,돼지고기 김치찌개
2024-05-05,4,5,Spring,1,1,1,카페테리아,돼지고기 김치찌개
2024-05-06,10,5,Spring,0,1,1,카페테리아,돼지고기 김치찌개
2024-05-07,1,5,Spring,0,0,0,카페테리아,돼지고기 김치찌개
2024-05-08,1,5,Spring,0,0,0,카페테리아,돼지고기 김치찌개
2024-05-09,2,5,Spring,0,0,0,카페테리아,돼지고기 김치찌개
2024-05-10,1,5,Spring,0,0,0,카페테리아,돼지고기 김치찌개
2024-05-11,6,5,Spring,1,0,1,카페테리아,돼지고기 김치찌개
2024-05-12,15,5,Spring,1,0,1,카페테리아,돼지고기 김치찌개
2024-05-13,2,5,Spring,0,0,0,카페테리아,돼지고기 김치찌개
2024-05-14,4,5,Spring,0,0,0,카페테리아,돼지고기 김치찌개
2024-05-15,9,5,Spring,0,1,1,카페테리아,돼지고기 김치찌개
2024-05-16,2,5,Spring,0,0,0,카페테리아,돼지고기 김치찌개
2024-05-17,7,5,Spring,0,0,0,카페테리아,돼지고기 김치찌개
2024-05-18,5,5,Spring,1,0,1,카페테리아,돼지고기 김치찌개
2024-05-19,17,5,Spring,1,0,1,카페테리아,돼지고기 김치찌개
2024-05-20,9,5,Spring,0,0,0,카페테리아,돼지고기 김치찌개
2024-05-21,2,5,Spring,0,0,0,카페테리아,돼지고기 김치찌개
2024-05-22,7,5,Spring,0,0,0,카페테리아,돼지고기 김치찌개
2024-05-23,2,5,Spring,0,0,0,카페테리아,돼지고기 김치찌개
2024-05-24,6,5,Spring,0,0,0,카페테리아,돼지고기 김치찌개
2024-05-25,23,5,Spring,1,0,1,카페테리아,돼지고기 김치찌개
2024-05-26,13,5,Spring,1,0,1,카페테리아,돼지고기 김치찌개
2024-05-27,2,5,Spring,0,0,0,카페테리아,돼지고기 김치찌개
2024-05-28,4,5,Spring,0,0,0,카페테리아,돼지고기 김치찌개
2024-05-29,1,5,Spring,0,0,0,카페테리아,돼지고기 김치찌개
2024-05-30,1,5,Spring,0,0,0,카페테리아,돼지고기 김치찌개
2024-05-31,8,5,Spring,0,0,0,카페테리아,돼지고기 김치찌개
2024-06-01,14,6,Summer,1,0,1,카페테리아,돼지고기 김치찌개
2024-06-02,9,6,Summer,1,0,1,카페테리아,돼지고기 김치찌개
2024-06-03,2,6,Summer,0,0,0,카페테리아,돼지고기 김치찌개
2024-06-04,3,6,Summer,0,0,0,카페테리아,돼지고기 김치찌개
2024-06-05,3,6,Summer,0,0,0,카페테리아,돼지고기 김치찌개
2024-06-06,23,6,Summer,0,1,1,카페테리아,돼지고기 김치찌개
2024-06-07,40,6,Summer,0,0,0,카페테리아,돼지고기 김치찌개
2024-06-08,8,6,Summer,1,0,1,카페테리아,돼지고기 김치찌개
2024-06-09,7,6,Summer,1,0,1,카페테리아,돼지고기 김치찌개
2024-06-10,0,6,Summer,0,0,0,카페테리아,돼지고기 김치찌개
2024-06-11,1,6,Summer,0,0,0,카페테리아,돼지고기 김치찌개
2024-06-12,0,6,Summer,0,0,0,카페테리아,돼지고기 김치찌개
2024-06-13,1,6,Summer,0,0,0,카페테리아,돼지고기 김치찌개
2024-06-14,1,6,Summer,0,0,0,카페테리아,돼지고기 김치찌개
2024-06-15,11,6,Summer,1,0,1,카페테리아,돼지고기 김치찌개
2023-01-01,46,1,Winter,1,1,1,카페테리아,복숭아 아이스티
2023-01-02,50,1,Winter,0,0,0,카페테리아,복숭아 아이스티
2023-01-03,34,1,Winter,0,0,0,카페테리아,복숭아 아이스티
2023-01-04,52,1,Winter,0,0,0,카페테리아,복숭아 아이스티
2023-01-05,37,1,Winter,0,0,0,카페테리아,복숭아 아이스티
2023-01-06,57,1,Winter,0,0,0,카페테리아,복숭아 아이스티
2023-01-07,111,1,Winter,1,0,1,카페테리아,복숭아 아이스티
2023-01-08,65,1,Winter,1,0,1,카페테리아,복숭아 아이스티
2023-01-09,69,1,Winter,0,0,0,카페테리아,복숭아 아이스티
2023-01-10,45,1,Winter,0,0,0,카페테리아,복숭아 아이스티
2023-01-11,68,1,Winter,0,0,0,카페테리아,복숭아 아이스티
2023-01-12,69,1,Winter,0,0,0,카페테리아,복숭아 아이스티
2023-01-13,16,1,Winter,0,0,0,카페테리아,복숭아 아이스티
2023-01-14,58,1,Winter,1,0,1,카페테리아,복숭아 아이스티
2023-01-15,67,1,Winter,1,0,1,카페테리아,복숭아 아이스티
2023-01-16,44,1,Winter,0,0,0,카페테리아,복숭아 아이스티
2023-01-17,55,1,Winter,0,0,0,카페테리아,복숭아 아이스티
2023-01-18,63,1,Winter,0,0,0,카페테리아,복숭아 아이스티
2023-01-19,58,1,Winter,0,0,0,카페테리아,복숭아 아이스티
2023-01-20,57,1,Winter,0,0,0,카페테리아,복숭아 아이스티
2023-01-21,62,1,Winter,1,1,1,카페테리아,복숭아 아이스티
2023-01-22,68,1,Winter,1,1,1,카페테리아,복숭아 아이스티
2023-01-23,147,1,Winter,0,1,1,카페테리아,복숭아 아이스티
2023-01-24,49,1,Winter,0,1,1,카페테리아,복숭아 아이스티
2023-01-25,46,1,Winter,0,0,0,카페테리아,복숭아 아이스티
2023-01-26,60,1,Winter,0,0,0,카페테리아,복숭아 아이스티
2023-01-27,47,1,Winter,0,0,0,카페테리아,복숭아 아이스티
2023-01-28,121,1,Winter,1,0,1,카페테리아,복숭아 아이스티
2023-01-29,77,1,Winter,1,0,1,카페테리아,복숭아 아이스티
2023-01-30,65,1,Winter,0,0,0,카페테리아,복숭아 아이스티
2023-01-31,43,1,Winter,0,0,0,카페테리아,복숭아 아이스티
2023-02-01,75,2,Winter,0,0,0,카페테리아,복숭아 아이스티
2023-02-02,46,2,Winter,0,0,0,카페테리아,복숭아 아이스티
2023-02-03,74,2,Winter,0,0,0,카페테리아,복숭아 아이스티
2023-02-04,171,2,Winter,1,0,1,카페테리아,복숭아 아이스티
2023-02-05,80,2,Winter,1,0,1,카페테리아,복숭아 아이스티
2023-02-06,36,2,Winter,0,0,0,카페테리아,복숭아 아이스티
2023-02-07,38,2,Winter,0,0,0,카페테리아,복숭아 아이스티
2023-02-08,51,2,Winter,0,0,0,카페테리아,복숭아 아이스티
2023-02-09,67,2,Winter,0,0,0,카페테리아,복숭아 아이스티
2023-02-10,41,2,Winter,0,0,0,카페테리아,복숭아 아이스티
2023-02-11,171,2,Winter,1,0,1,카페테리아,복숭아 아이스티
2023-02-12,58,2,Winter,1,0,1,카페테리아,복숭아 아이스티
2023-02-13,37,2,Winter,0,0,0,카페테리아,복숭아 아이스티
2023-02-14,42,2,Winter,0,0,0,카페테리아,복숭아 아이스티
2023-02-15,37,2,Winter,0,0,0,카페테리아,복숭아 아이스티
2023-02-16,35,2,Winter,0,0,0,카페테리아,복숭아 아이스티
2023-02-17,58,2,Winter,0,0,0,카페테리아,복숭아 아이스티
2023-02-18,85,2,Winter,1,0,1,카페테리아,복숭아 아이스티
2023-02-19,58,2,Winter,1,0,1,카페테리아,복숭아 아이스티
2023-02-20,28,2,Winter,0,0,0,카페테리아,복숭아 아이스티
2023-02-21,29,2,Winter,0,0,0,카페테리아,복숭아 아이스티
2023-02-22,24,2,Winter,0,0,0,카페테리아,복숭아 아이스티
2023-02-23,18,2,Winter,0,0,0,카페테리아,복숭아 아이스티
2023-02-24,26,2,Winter,0,0,0,카페테리아,복숭아 아이스티
2023-02-25,83,2,Winter,1,0,1,카페테리아,복숭아 아이스티
2023-02-26,47,2,Winter,1,0,1,카페테리아,복숭아 아이스티
2023-02-27,19,2,Winter,0,0,0,카페테리아,복숭아 아이스티
2023-02-28,9,2,Winter,0,0,0,카페테리아,복숭아 아이스티
2023-03-01,10,3,Spring,0,1,1,카페테리아,복숭아 아이스티
2023-03-02,0,3,Spring,0,0,0,카페테리아,복숭아 아이스티
2023-03-03,0,3,Spring,0,0,0,카페테리아,복숭아 아이스티
2023-03-04,0,3,Spring,1,0,1,카페테리아,복숭아 아이스티
2023-03-05,0,3,Spring,1,0,1,카페테리아,복숭아 아이스티
2023-03-06,0,3,Spring,0,0,0,카페테리아,복숭아 아이스티
2023-03-07,0,3,Spring,0,0,0,카페테리아,복숭아 아이스티
2023-03-08,0,3,Spring,0,0,0,카페테리아,복숭아 아이스티
2023-03-09,0,3,Spring,0,0,0,카페테리아,복숭아 아이스티
2023-03-10,0,3,Spring,0,0,0,카페테리아,복숭아 아이스티
2023-03-11,0,3,Spring,1,0,1,카페테리아,복숭아 아이스티
2023-03-12,0,3,Spring,1,0,1,카페테리아,복숭아 아이스티
2023-03-13,0,3,Spring,0,0,0,카페테리아,복숭아 아이스티
2023-03-14,0,3,Spring,0,0,0,카페테리아,복숭아 아이스티
2023-03-15,0,3,Spring,0,0,0,카페테리아,복숭아 아이스티
2023-03-16,0,3,Spring,0,0,0,카페테리아,복숭아 아이스티
2023-03-17,0,3,Spring,0,0,0,카페테리아,복숭아 아이스티
2023-03-18,0,3,Spring,1,0,1,카페테리아,복숭아 아이스티
2023-03-19,0,3,Spring,1,0,1,카페테리아,복숭아 아이스티
2023-03-20,0,3,Spring,0,0,0,카페테리아,복숭아 아이스티
2023-03-21,0,3,Spring,0,0,0,카페테리아,복숭아 아이스티
2023-03-22,0,3,Spring,0,0,0,카페테리아,복숭아 아이스티
2023-03-23,0,3,Spring,0,0,0,카페테리아,복숭아 아이스티
2023-03-24,0,3,Spring,0,0,0,카페테리아,복숭아 아이스티
2023-03-25,0,3,Spring,1,0,1,카페테리아,복숭아 아이스티
2023-03-26,0,3,Spring,1,0,1,카페테리아,복숭아 아이스티
2023-03-27,0,3,Spring,0,0,0,카페테리아,복숭아 아이스티
2023-03-28,0,3,Spring,0,0,0,카페테리아,복숭아 아이스티
2023-03-29,0,3,Spring,0,0,0,카페테리아,복숭아 아이스티
2023-03-30,0,3,Spring,0,0,0,카페테리아,복숭아 아이스티
2023-03-31,0,3,Spring,0,0,0,카페테리아,복숭아 아이스티
2023-04-01,0,4,Spring,1,0,1,카페테리아,복숭아 아이스티
2023-04-02,0,4,Spring,1,0,1,카페테리아,복숭아 아이스티
2023-04-03,0,4,Spring,0,0,0,카페테리아,복숭아 아이스티
2023-04-04,0,4,Spring,0,0,0,카페테리아,복숭아 아이스티
2023-04-05,0,4,Spring,0,0,0,카페테리아,복숭아 아이스티
2023-04-06,0,4,Spring,0,0,0,카페테리아,복숭아 아이스티
2023-04-07,0,4,Spring,0,0,0,카페테리아,복숭아 아이스티
2023-04-08,0,4,Spring,1,0,1,카페테리아,복숭아 아이스티
2023-04-09,0,4,Spring,1,0,1,카페테리아,복숭아 아이스티
2023-04-10,0,4,Spring,0,0,0,카페테리아,복숭아 아이스티
2023-04-11,0,4,Spring,0,0,0,카페테리아,복숭아 아이스티
2023-04-12,0,4,Spring,0,0,0,카페테리아,복숭아 아이스티
2023-04-13,0,4,Spring,0,0,0,카페테리아,복숭아 아이스티
2023-04-14,0,4,Spring,0,0,0,카페테리아,복숭아 아이스티
2023-04-15,0,4,Spring,1,0,1,카페테리아,복숭아 아이스티
2023-04-16,0,4,Spring,1,0,1,카페테리아,복숭아 아이스티
2023-04-17,0,4,Spring,0,0,0,카페테리아,복숭아 아이스티
2023-04-18,0,4,Spring,0,0,0,카페테리아,복숭아 아이스티
2023-04-19,0,4,Spring,0,0,0,카페테리아,복숭아 아이스티
2023-04-20,0,4,Spring,0,0,0,카페테리아,복숭아 아이스티
2023-04-21,0,4,Spring,0,0,0,카페테리아,복숭아 아이스티
2023-04-22,0,4,Spring,1,0,1,카페테리아,복숭아 아이스티
2023-04-23,0,4,Spring,1,0,1,카페테리아,복숭아 아이스티
2023-04-24,0,4,Spring,0,0,0,카페테리아,복숭아 아이스티
2023-04-25,0,4,Spring,0,0,0,카페테리아,복숭아 아이스티
2023-04-26,0,4,Spring,0,0,0,카페테리아,복숭아 아이스티
2023-04-27,0,4,Spring,0,0,0,카페테리아,복숭아 아이스티
2023-04-28,0,4,Spring,0,0,0,카페테리아,복숭아 아이스티
2023-04-29,0,4,Spring,1,0,1,카페테리아,복숭아 아이스티
2023-04-30,0,4,Spring,1,0,1,카페테리아,복숭아 아이스티
2023-05-01,0,5,Spring,0,0,0,카페테리아,복숭아 아이스티
2023-05-02,0,5,Spring,0,0,0,카페테리아,복숭아 아이스티
2023-05-03,0,5,Spring,0,0,0,카페테리아,복숭아 아이스티
2023-05-04,0,5,Spring,0,0,0,카페테리아,복숭아 아이스티
2023-05-05,0,5,Spring,0,1,1,카페테리아,복숭아 아이스티
2023-05-06,0,5,Spring,1,0,1,카페테리아,복숭아 아이스티
2023-05-07,0,5,Spring,1,0,1,카페테리아,복숭아 아이스티
2023-05-08,0,5,Spring,0,0,0,카페테리아,복숭아 아이스티
2023-05-09,0,5,Spring,0,0,0,카페테리아,복숭아 아이스티
2023-05-10,0,5,Spring,0,0,0,카페테리아,복숭아 아이스티
2023-05-11,0,5,Spring,0,0,0,카페테리아,복숭아 아이스티
2023-05-12,0,5,Spring,0,0,0,카페테리아,복숭아 아이스티
2023-05-13,0,5,Spring,1,0,1,카페테리아,복숭아 아이스티
2023-05-14,0,5,Spring,1,0,1,카페테리아,복숭아 아이스티
2023-05-15,0,5,Spring,0,0,0,카페테리아,복숭아 아이스티
2023-05-16,0,5,Spring,0,0,0,카페테리아,복숭아 아이스티
2023-05-17,0,5,Spring,0,0,0,카페테리아,복숭아 아이스티
2023-05-18,0,5,Spring,0,0,0,카페테리아,복숭아 아이스티
2023-05-19,0,5,Spring,0,0,0,카페테리아,복숭아 아이스티
2023-05-20,0,5,Spring,1,0,1,카페테리아,복숭아 아이스티
2023-05-21,0,5,Spring,1,0,1,카페테리아,복숭아 아이스티
2023-05-22,0,5,Spring,0,0,0,카페테리아,복숭아 아이스티
2023-05-23,0,5,Spring,0,0,0,카페테리아,복숭아 아이스티
2023-05-24,0,5,Spring,0,0,0,카페테리아,복숭아 아이스티
2023-05-25,0,5,Spring,0,0,0,카페테리아,복숭아 아이스티
2023-05-26,0,5,Spring,0,0,0,카페테리아,복숭아 아이스티
2023-05-27,0,5,Spring,1,1,1,카페테리아,복숭아 아이스티
2023-05-28,0,5,Spring,1,0,1,카페테리아,복숭아 아이스티
2023-05-29,0,5,Spring,0,1,1,카페테리아,복숭아 아이스티
2023-05-30,0,5,Spring,0,0,0,카페테리아,복숭아 아이스티
2023-05-31,0,5,Spring,0,0,0,카페테리아,복숭아 아이스티
2023-06-01,0,6,Summer,0,0,0,카페테리아,복숭아 아이스티
2023-06-02,0,6,Summer,0,0,0,카페테리아,복숭아 아이스티
2023-06-03,0,6,Summer,1,0,1,카페테리아,복숭아 아이스티
2023-06-04,0,6,Summer,1,0,1,카페테리아,복숭아 아이스티
2023-06-05,0,6,Summer,0,0,0,카페테리아,복숭아 아이스티
2023-06-06,0,6,Summer,0,1,1,카페테리아,복숭아 아이스티
2023-06-07,0,6,Summer,0,0,0,카페테리아,복숭아 아이스티
2023-06-08,0,6,Summer,0,0,0,카페테리아,복숭아 아이스티
2023-06-09,0,6,Summer,0,0,0,카페테리아,복숭아 아이스티
2023-06-10,0,6,Summer,1,0,1,카페테리아,복숭아 아이스티
2023-06-11,0,6,Summer,1,0,1,카페테리아,복숭아 아이스티
2023-06-12,0,6,Summer,0,0,0,카페테리아,복숭아 아이스티
2023-06-13,0,6,Summer,0,0,0,카페테리아,복숭아 아이스티
2023-06-14,0,6,Summer,0,0,0,카페테리아,복숭아 아이스티
2023-06-15,0,6,Summer,0,0,0,카페테리아,복숭아 아이스티
2023-06-16,0,6,Summer,0,0,0,카페테리아,복숭아 아이스티
2023-06-17,0,6,Summer,1,0,1,카페테리아,복숭아 아이스티
2023-06-18,0,6,Summer,1,0,1,카페테리아,복숭아 아이스티
2023-06-19,0,6,Summer,0,0,0,카페테리아,복숭아 아이스티
2023-06-20,0,6,Summer,0,0,0,카페테리아,복숭아 아이스티
2023-06-21,0,6,Summer,0,0,0,카페테리아,복숭아 아이스티
2023-06-22,0,6,Summer,0,0,0,카페테리아,복숭아 아이스티
2023-06-23,0,6,Summer,0,0,0,카페테리아,복숭아 아이스티
2023-06-24,0,6,Summer,1,0,1,카페테리아,복숭아 아이스티
2023-06-25,0,6,Summer,1,0,1,카페테리아,복숭아 아이스티
2023-06-26,0,6,Summer,0,0,0,카페테리아,복숭아 아이스티
2023-06-27,0,6,Summer,0,0,0,카페테리아,복숭아 아이스티
2023-06-28,0,6,Summer,0,0,0,카페테리아,복숭아 아이스티
2023-06-29,0,6,Summer,0,0,0,카페테리아,복숭아 아이스티
2023-06-30,0,6,Summer,0,0,0,카페테리아,복숭아 아이스티
2023-07-01,0,7,Summer,1,0,1,카페테리아,복숭아 아이스티
2023-07-02,0,7,Summer,1,0,1,카페테리아,복숭아 아이스티
2023-07-03,0,7,Summer,0,0,0,카페테리아,복숭아 아이스티
2023-07-04,0,7,Summer,0,0,0,카페테리아,복숭아 아이스티
2023-07-05,0,7,Summer,0,0,0,카페테리아,복숭아 아이스티
2023-07-06,0,7,Summer,0,0,0,카페테리아,복숭아 아이스티
2023-07-07,0,7,Summer,0,0,0,카페테리아,복숭아 아이스티
2023-07-08,0,7,Summer,1,0,1,카페테리아,복숭아 아이스티
2023-07-09,0,7,Summer,1,0,1,카페테리아,복숭아 아이스티
2023-07-10,0,7,Summer,0,0,0,카페테리아,복숭아 아이스티
2023-07-11,0,7,Summer,0,0,0,카페테리아,복숭아 아이스티
2023-07-12,0,7,Summer,0,0,0,카페테리아,복숭아 아이스티
2023-07-13,0,7,Summer,0,0,0,카페테리아,복숭아 아이스티
2023-07-14,0,7,Summer,0,0,0,카페테리아,복숭아 아이스티
2023-07-15,0,7,Summer,1,0,1,카페테리아,복숭아 아이스티
2023-07-16,0,7,Summer,1,0,1,카페테리아,복숭아 아이스티
2023-07-17,0,7,Summer,0,0,0,카페테리아,복숭아 아이스티
2023-07-18,0,7,Summer,0,0,0,카페테리아,복숭아 아이스티
2023-07-19,0,7,Summer,0,0,0,카페테리아,복숭아 아이스티
2023-07-20,0,7,Summer,0,0,0,카페테리아,복숭아 아이스티
2023-07-21,0,7,Summer,0,0,0,카페테리아,복숭아 아이스티
2023-07-22,0,7,Summer,1,0,1,카페테리아,복숭아 아이스티
2023-07-23,0,7,Summer,1,0,1,카페테리아,복숭아 아이스티
2023-07-24,0,7,Summer,0,0,0,카페테리아,복숭아 아이스티
2023-07-25,0,7,Summer,0,0,0,카페테리아,복숭아 아이스티
2023-07-26,0,7,Summer,0,0,0,카페테리아,복숭아 아이스티
2023-07-27,0,7,Summer,0,0,0,카페테리아,복숭아 아이스티
2023-07-28,0,7,Summer,0,0,0,카페테리아,복숭아 아이스티
2023-07-29,0,7,Summer,1,0,1,카페테리아,복숭아 아이스티
2023-07-30,0,7,Summer,1,0,1,카페테리아,복숭아 아이스티
2023-07-31,0,7,Summer,0,0,0,카페테리아,복숭아 아이스티
2023-08-01,0,8,Summer,0,0,0,카페테리아,복숭아 아이스티
2023-08-02,0,8,Summer,0,0,0,카페테리아,복숭아 아이스티
2023-08-03,0,8,Summer,0,0,0,카페테리아,복숭아 아이스티
2023-08-04,0,8,Summer,0,0,0,카페테리아,복숭아 아이스티
2023-08-05,0,8,Summer,1,0,1,카페테리아,복숭아 아이스티
2023-08-06,0,8,Summer,1,0,1,카페테리아,복숭아 아이스티
2023-08-07,0,8,Summer,0,0,0,카페테리아,복숭아 아이스티
2023-08-08,0,8,Summer,0,0,0,카페테리아,복숭아 아이스티
2023-08-09,0,8,Summer,0,0,0,카페테리아,복숭아 아이스티
2023-08-10,0,8,Summer,0,0,0,카페테리아,복숭아 아이스티
2023-08-11,0,8,Summer,0,0,0,카페테리아,복숭아 아이스티
2023-08-12,0,8,Summer,1,0,1,카페테리아,복숭아 아이스티
2023-08-13,0,8,Summer,1,0,1,카페테리아,복숭아 아이스티
2023-08-14,0,8,Summer,0,0,0,카페테리아,복숭아 아이스티
2023-08-15,0,8,Summer,0,1,1,카페테리아,복숭아 아이스티
2023-08-16,0,8,Summer,0,0,0,카페테리아,복숭아 아이스티
2023-08-17,0,8,Summer,0,0,0,카페테리아,복숭아 아이스티
2023-08-18,0,8,Summer,0,0,0,카페테리아,복숭아 아이스티
2023-08-19,0,8,Summer,1,0,1,카페테리아,복숭아 아이스티
2023-08-20,0,8,Summer,1,0,1,카페테리아,복숭아 아이스티
2023-08-21,0,8,Summer,0,0,0,카페테리아,복숭아 아이스티
2023-08-22,0,8,Summer,0,0,0,카페테리아,복숭아 아이스티
2023-08-23,0,8,Summer,0,0,0,카페테리아,복숭아 아이스티
2023-08-24,0,8,Summer,0,0,0,카페테리아,복숭아 아이스티
2023-08-25,0,8,Summer,0,0,0,카페테리아,복숭아 아이스티
2023-08-26,0,8,Summer,1,0,1,카페테리아,복숭아 아이스티
2023-08-27,0,8,Summer,1,0,1,카페테리아,복숭아 아이스티
2023-08-28,0,8,Summer,0,0,0,카페테리아,복숭아 아이스티
2023-08-29,0,8,Summer,0,0,0,카페테리아,복숭아 아이스티
2023-08-30,0,8,Summer,0,0,0,카페테리아,복숭아 아이스티
2023-08-31,0,8,Summer,0,0,0,카페테리아,복숭아 아이스티
2023-09-01,0,9,Autumn,0,0,0,카페테리아,복숭아 아이스티
2023-09-02,0,9,Autumn,1,0,1,카페테리아,복숭아 아이스티
2023-09-03,0,9,Autumn,1,0,1,카페테리아,복숭아 아이스티
2023-09-04,0,9,Autumn,0,0,0,카페테리아,복숭아 아이스티
2023-09-05,0,9,Autumn,0,0,0,카페테리아,복숭아 아이스티
2023-09-06,0,9,Autumn,0,0,0,카페테리아,복숭아 아이스티
2023-09-07,0,9,Autumn,0,0,0,카페테리아,복숭아 아이스티
2023-09-08,0,9,Autumn,0,0,0,카페테리아,복숭아 아이스티
2023-09-09,0,9,Autumn,1,0,1,카페테리아,복숭아 아이스티
2023-09-10,0,9,Autumn,1,0,1,카페테리아,복숭아 아이스티
2023-09-11,0,9,Autumn,0,0,0,카페테리아,복숭아 아이스티
2023-09-12,0,9,Autumn,0,0,0,카페테리아,복숭아 아이스티
2023-09-13,0,9,Autumn,0,0,0,카페테리아,복숭아 아이스티
2023-09-14,0,9,Autumn,0,0,0,카페테리아,복숭아 아이스티
2023-09-15,0,9,Autumn,0,0,0,카페테리아,복숭아 아이스티
2023-09-16,0,9,Autumn,1,0,1,카페테리아,복숭아 아이스티
2023-09-17,0,9,Autumn,1,0,1,카페테리아,복숭아 아이스티
2023-09-18,0,9,Autumn,0,0,0,카페테리아,복숭아 아이스티
2023-09-19,0,9,Autumn,0,0,0,카페테리아,복숭아 아이스티
2023-09-20,0,9,Autumn,0,0,0,카페테리아,복숭아 아이스티
2023-09-21,0,9,Autumn,0,0,0,카페테리아,복숭아 아이스티
2023-09-22,0,9,Autumn,0,0,0,카페테리아,복숭아 아이스티
2023-09-23,0,9,Autumn,1,0,1,카페테리아,복숭아 아이스티
2023-09-24,0,9,Autumn,1,0,1,카페테리아,복숭아 아이스티
2023-09-25,0,9,Autumn,0,0,0,카페테리아,복숭아 아이스티
2023-09-26,0,9,Autumn,0,0,0,카페테리아,복숭아 아이스티
2023-09-27,0,9,Autumn,0,0,0,카페테리아,복숭아 아이스티
2023-09-28,0,9,Autumn,0,1,1,카페테리아,복숭아 아이스티
2023-09-29,0,9,Autumn,0,1,1,카페테리아,복숭아 아이스티
2023-09-30,0,9,Autumn,1,1,1,카페테리아,복숭아 아이스티
2023-10-01,0,10,Autumn,1,0,1,카페테리아,복숭아 아이스티
2023-10-02,0,10,Autumn,0,1,1,카페테리아,복숭아 아이스티
2023-10-03,0,10,Autumn,0,1,1,카페테리아,복숭아 아이스티
2023-10-04,0,10,Autumn,0,0,0,카페테리아,복숭아 아이스티
2023-10-05,0,10,Autumn,0,0,0,카페테리아,복숭아 아이스티
2023-10-06,0,10,Autumn,0,0,0,카페테리아,복숭아 아이스티
2023-10-07,0,10,Autumn,1,0,1,카페테리아,복숭아 아이스티
2023-10-08,0,10,Autumn,1,0,1,카페테리아,복숭아 아이스티
2023-10-09,0,10,Autumn,0,1,1,카페테리아,복숭아 아이스티
2023-10-10,0,10,Autumn,0,0,0,카페테리아,복숭아 아이스티
2023-10-11,0,10,Autumn,0,0,0,카페테리아,복숭아 아이스티
2023-10-12,0,10,Autumn,0,0,0,카페테리아,복숭아 아이스티
2023-10-13,0,10,Autumn,0,0,0,카페테리아,복숭아 아이스티
2023-10-14,0,10,Autumn,1,0,1,카페테리아,복숭아 아이스티
2023-10-15,0,10,Autumn,1,0,1,카페테리아,복숭아 아이스티
2023-10-16,0,10,Autumn,0,0,0,카페테리아,복숭아 아이스티
2023-10-17,0,10,Autumn,0,0,0,카페테리아,복숭아 아이스티
2023-10-18,0,10,Autumn,0,0,0,카페테리아,복숭아 아이스티
2023-10-19,0,10,Autumn,0,0,0,카페테리아,복숭아 아이스티
2023-10-20,0,10,Autumn,0,0,0,카페테리아,복숭아 아이스티
2023-10-21,0,10,Autumn,1,0,1,카페테리아,복숭아 아이스티
2023-10-22,0,10,Autumn,1,0,1,카페테리아,복숭아 아이스티
2023-10-23,0,10,Autumn,0,0,0,카페테리아,복숭아 아이스티
2023-10-24,0,10,Autumn,0,0,0,카페테리아,복숭아 아이스티
2023-10-25,0,10,Autumn,0,0,0,카페테리아,복숭아 아이스티
2023-10-26,0,10,Autumn,0,0,0,카페테리아,복숭아 아이스티
2023-10-27,0,10,Autumn,0,0,0,카페테리아,복숭아 아이스티
2023-10-28,0,10,Autumn,1,0,1,카페테리아,복숭아 아이스티
2023-10-29,0,10,Autumn,1,0,1,카페테리아,복숭아 아이스티
2023-10-30,0,10,Autumn,0,0,0,카페테리아,복숭아 아이스티
2023-10-31,0,10,Autumn,0,0,0,카페테리아,복숭아 아이스티
2023-11-01,0,11,Autumn,0,0,0,카페테리아,복숭아 아이스티
2023-11-02,0,11,Autumn,0,0,0,카페테리아,복숭아 아이스티
2023-11-03,0,11,Autumn,0,0,0,카페테리아,복숭아 아이스티
2023-11-04,0,11,Autumn,1,0,1,카페테리아,복숭아 아이스티
2023-11-05,0,11,Autumn,1,0,1,카페테리아,복숭아 아이스티
2023-11-06,0,11,Autumn,0,0,0,카페테리아,복숭아 아이스티
2023-11-07,0,11,Autumn,0,0,0,카페테리아,복숭아 아이스티
2023-11-08,0,11,Autumn,0,0,0,카페테리아,복숭아 아이스티
2023-11-09,0,11,Autumn,0,0,0,카페테리아,복숭아 아이스티
2023-11-10,0,11,Autumn,0,0,0,카페테리아,복숭아 아이스티
2023-11-11,0,11,Autumn,1,0,1,카페테리아,복숭아 아이스티
2023-11-12,0,11,Autumn,1,0,1,카페테리아,복숭아 아이스티
2023-11-13,0,11,Autumn,0,0,0,카페테리아,복숭아 아이스티
2023-11-14,0,11,Autumn,0,0,0,카페테리아,복숭아 아이스티
2023-11-15,0,11,Autumn,0,0,0,카페테리아,복숭아 아이스티
2023-11-16,0,11,Autumn,0,0,0,카페테리아,복숭아 아이스티
2023-11-17,0,11,Autumn,0,0,0,카페테리아,복숭아 아이스티
2023-11-18,0,11,Autumn,1,0,1,카페테리아,복숭아 아이스티
2023-11-19,0,11,Autumn,1,0,1,카페테리아,복숭아 아이스티
2023-11-20,0,11,Autumn,0,0,0,카페테리아,복숭아 아이스티
2023-11-21,0,11,Autumn,0,0,0,카페테리아,복숭아 아이스티
2023-11-22,0,11,Autumn,0,0,0,카페테리아,복숭아 아이스티
2023-11-23,0,11,Autumn,0,0,0,카페테리아,복숭아 아이스티
2023-11-24,0,11,Autumn,0,0,0,카페테리아,복숭아 아이스티
2023-11-25,0,11,Autumn,1,0,1,카페테리아,복숭아 아이스티
2023-11-26,0,11,Autumn,1,0,1,카페테리아,복숭아 아이스티
2023-11-27,0,11,Autumn,0,0,0,카페테리아,복숭아 아이스티
2023-11-28,0,11,Autumn,0,0,0,카페테리아,복숭아 아이스티
2023-11-29,0,11,Autumn,0,0,0,카페테리아,복숭아 아이스티
2023-11-30,0,11,Autumn,0,0,0,카페테리아,복숭아 아이스티
2023-12-01,0,12,Winter,0,0,0,카페테리아,복숭아 아이스티
2023-12-02,0,12,Winter,1,0,1,카페테리아,복숭아 아이스티
2023-12-03,0,12,Winter,1,0,1,카페테리아,복숭아 아이스티
2023-12-04,0,12,Winter,0,0,0,카페테리아,복숭아 아이스티
2023-12-05,0,12,Winter,0,0,0,카페테리아,복숭아 아이스티
2023-12-06,0,12,Winter,0,0,0,카페테리아,복숭아 아이스티
2023-12-07,2,12,Winter,0,0,0,카페테리아,복숭아 아이스티
2023-12-08,4,12,Winter,0,0,0,카페테리아,복숭아 아이스티
2023-12-09,13,12,Winter,1,0,1,카페테리아,복숭아 아이스티
2023-12-10,12,12,Winter,1,0,1,카페테리아,복숭아 아이스티
2023-12-11,1,12,Winter,0,0,0,카페테리아,복숭아 아이스티
2023-12-12,4,12,Winter,0,0,0,카페테리아,복숭아 아이스티
2023-12-13,8,12,Winter,0,0,0,카페테리아,복숭아 아이스티
2023-12-14,3,12,Winter,0,0,0,카페테리아,복숭아 아이스티
2023-12-15,1,12,Winter,0,0,0,카페테리아,복숭아 아이스티
2023-12-16,16,12,Winter,1,0,1,카페테리아,복숭아 아이스티
2023-12-17,12,12,Winter,1,0,1,카페테리아,복숭아 아이스티
2023-12-18,20,12,Winter,0,0,0,카페테리아,복숭아 아이스티
2023-12-19,24,12,Winter,0,0,0,카페테리아,복숭아 아이스티
2023-12-20,29,12,Winter,0,0,0,카페테리아,복숭아 아이스티
2023-12-21,27,12,Winter,0,0,0,카페테리아,복숭아 아이스티
2023-12-22,37,12,Winter,0,0,0,카페테리아,복숭아 아이스티
2023-12-23,50,12,Winter,1,0,1,카페테리아,복숭아 아이스티
2023-12-24,51,12,Winter,1,0,1,카페테리아,복숭아 아이스티
2023-12-25,34,12,Winter,0,1,1,카페테리아,복숭아 아이스티
2023-12-26,35,12,Winter,0,0,0,카페테리아,복숭아 아이스티
2023-12-27,38,12,Winter,0,0,0,카페테리아,복숭아 아이스티
2023-12-28,35,12,Winter,0,0,0,카페테리아,복숭아 아이스티
2023-12-29,42,12,Winter,0,0,0,카페테리아,복숭아 아이스티
2023-12-30,51,12,Winter,1,0,1,카페테리아,복숭아 아이스티
2023-12-31,71,12,Winter,1,0,1,카페테리아,복숭아 아이스티
2024-01-01,37,1,Winter,0,1,1,카페테리아,복숭아 아이스티
2024-01-02,29,1,Winter,0,0,0,카페테리아,복숭아 아이스티
2024-01-03,21,1,Winter,0,0,0,카페테리아,복숭아 아이스티
2024-01-04,30,1,Winter,0,0,0,카페테리아,복숭아 아이스티
2024-01-05,27,1,Winter,0,0,0,카페테리아,복숭아 아이스티
2024-01-06,101,1,Winter,1,0,1,카페테리아,복숭아 아이스티
2024-01-07,50,1,Winter,1,0,1,카페테리아,복숭아 아이스티
2024-01-08,38,1,Winter,0,0,0,카페테리아,복숭아 아이스티
2024-01-09,37,1,Winter,0,0,0,카페테리아,복숭아 아이스티
2024-01-10,31,1,Winter,0,0,0,카페테리아,복숭아 아이스티
2024-01-11,26,1,Winter,0,0,0,카페테리아,복숭아 아이스티
2024-01-12,46,1,Winter,0,0,0,카페테리아,복숭아 아이스티
2024-01-13,117,1,Winter,1,0,1,카페테리아,복숭아 아이스티
2024-01-14,42,1,Winter,1,0,1,카페테리아,복숭아 아이스티
2024-01-15,46,1,Winter,0,0,0,카페테리아,복숭아 아이스티
2024-01-16,31,1,Winter,0,0,0,카페테리아,복숭아 아이스티
2024-01-17,47,1,Winter,0,0,0,카페테리아,복숭아 아이스티
2024-01-18,42,1,Winter,0,0,0,카페테리아,복숭아 아이스티
2024-01-19,40,1,Winter,0,0,0,카페테리아,복숭아 아이스티
2024-01-20,71,1,Winter,1,0,1,카페테리아,복숭아 아이스티
2024-01-21,62,1,Winter,1,0,1,카페테리아,복숭아 아이스티
2024-01-22,35,1,Winter,0,0,0,카페테리아,복숭아 아이스티
2024-01-23,26,1,Winter,0,0,0,카페테리아,복숭아 아이스티
2024-01-24,36,1,Winter,0,0,0,카페테리아,복숭아 아이스티
2024-01-25,38,1,Winter,0,0,0,카페테리아,복숭아 아이스티
2024-01-26,34,1,Winter,0,0,0,카페테리아,복숭아 아이스티
2024-01-27,100,1,Winter,1,0,1,카페테리아,복숭아 아이스티
2024-01-28,66,1,Winter,1,0,1,카페테리아,복숭아 아이스티
2024-01-29,30,1,Winter,0,0,0,카페테리아,복숭아 아이스티
2024-01-30,25,1,Winter,0,0,0,카페테리아,복숭아 아이스티
2024-01-31,59,1,Winter,0,0,0,카페테리아,복숭아 아이스티
2024-02-01,30,2,Winter,0,0,0,카페테리아,복숭아 아이스티
2024-02-02,26,2,Winter,0,0,0,카페테리아,복숭아 아이스티
2024-02-03,63,2,Winter,1,0,1,카페테리아,복숭아 아이스티
2024-02-04,54,2,Winter,1,0,1,카페테리아,복숭아 아이스티
2024-02-05,15,2,Winter,0,0,0,카페테리아,복숭아 아이스티
2024-02-06,27,2,Winter,0,0,0,카페테리아,복숭아 아이스티
2024-02-07,23,2,Winter,0,0,0,카페테리아,복숭아 아이스티
2024-02-08,26,2,Winter,0,0,0,카페테리아,복숭아 아이스티
2024-02-09,36,2,Winter,0,1,1,카페테리아,복숭아 아이스티
2024-02-10,28,2,Winter,1,1,1,카페테리아,복숭아 아이스티
2024-02-11,50,2,Winter,1,1,1,카페테리아,복숭아 아이스티
2024-02-12,58,2,Winter,0,1,1,카페테리아,복숭아 아이스티
2024-02-13,19,2,Winter,0,0,0,카페테리아,복숭아 아이스티
2024-02-14,20,2,Winter,0,0,0,카페테리아,복숭아 아이스티
2024-02-15,7,2,Winter,0,0,0,카페테리아,복숭아 아이스티
2024-02-16,19,2,Winter,0,0,0,카페테리아,복숭아 아이스티
2024-02-17,62,2,Winter,1,0,1,카페테리아,복숭아 아이스티
2024-02-18,22,2,Winter,1,0,1,카페테리아,복숭아 아이스티
2024-02-19,6,2,Winter,0,0,0,카페테리아,복숭아 아이스티
2024-02-20,7,2,Winter,0,0,0,카페테리아,복숭아 아이스티
2024-02-21,3,2,Winter,0,0,0,카페테리아,복숭아 아이스티
2024-02-22,10,2,Winter,0,0,0,카페테리아,복숭아 아이스티
2024-02-23,37,2,Winter,0,0,0,카페테리아,복숭아 아이스티
2024-02-24,50,2,Winter,1,0,1,카페테리아,복숭아 아이스티
2024-02-25,29,2,Winter,1,0,1,카페테리아,복숭아 아이스티
2024-02-26,15,2,Winter,0,0,0,카페테리아,복숭아 아이스티
2024-02-27,3,2,Winter,0,0,0,카페테리아,복숭아 아이스티
2024-02-28,11,2,Winter,0,0,0,카페테리아,복숭아 아이스티
2024-02-29,11,2,Winter,0,0,0,카페테리아,복숭아 아이스티
2024-03-01,18,3,Spring,0,1,1,카페테리아,복숭아 아이스티
2024-03-02,15,3,Spring,1,0,1,카페테리아,복숭아 아이스티
2024-03-03,10,3,Spring,1,0,1,카페테리아,복숭아 아이스티
2024-03-04,0,3,Spring,0,0,0,카페테리아,복숭아 아이스티
2024-03-05,0,3,Spring,0,0,0,카페테리아,복숭아 아이스티
2024-03-06,0,3,Spring,0,0,0,카페테리아,복숭아 아이스티
2024-03-07,0,3,Spring,0,0,0,카페테리아,복숭아 아이스티
2024-03-08,0,3,Spring,0,0,0,카페테리아,복숭아 아이스티
2024-03-09,0,3,Spring,1,0,1,카페테리아,복숭아 아이스티
2024-03-10,0,3,Spring,1,0,1,카페테리아,복숭아 아이스티
2024-03-11,0,3,Spring,0,0,0,카페테리아,복숭아 아이스티
2024-03-12,0,3,Spring,0,0,0,카페테리아,복숭아 아이스티
2024-03-13,0,3,Spring,0,0,0,카페테리아,복숭아 아이스티
2024-03-14,0,3,Spring,0,0,0,카페테리아,복숭아 아이스티
2024-03-15,0,3,Spring,0,0,0,카페테리아,복숭아 아이스티
2024-03-16,0,3,Spring,1,0,1,카페테리아,복숭아 아이스티
2024-03-17,0,3,Spring,1,0,1,카페테리아,복숭아 아이스티
2024-03-18,0,3,Spring,0,0,0,카페테리아,복숭아 아이스티
2024-03-19,0,3,Spring,0,0,0,카페테리아,복숭아 아이스티
2024-03-20,0,3,Spring,0,0,0,카페테리아,복숭아 아이스티
2024-03-21,0,3,Spring,0,0,0,카페테리아,복숭아 아이스티
2024-03-22,0,3,Spring,0,0,0,카페테리아,복숭아 아이스티
2024-03-23,0,3,Spring,1,0,1,카페테리아,복숭아 아이스티
2024-03-24,0,3,Spring,1,0,1,카페테리아,복숭아 아이스티
2024-03-25,0,3,Spring,0,0,0,카페테리아,복숭아 아이스티
2024-03-26,0,3,Spring,0,0,0,카페테리아,복숭아 아이스티
2024-03-27,0,3,Spring,0,0,0,카페테리아,복숭아 아이스티
2024-03-28,0,3,Spring,0,0,0,카페테리아,복숭아 아이스티
2024-03-29,0,3,Spring,0,0,0,카페테리아,복숭아 아이스티
2024-03-30,0,3,Spring,1,0,1,카페테리아,복숭아 아이스티
2024-03-31,0,3,Spring,1,0,1,카페테리아,복숭아 아이스티
2024-04-01,0,4,Spring,0,0,0,카페테리아,복숭아 아이스티
2024-04-02,0,4,Spring,0,0,0,카페테리아,복숭아 아이스티
2024-04-03,0,4,Spring,0,0,0,카페테리아,복숭아 아이스티
2024-04-04,0,4,Spring,0,0,0,카페테리아,복숭아 아이스티
2024-04-05,0,4,Spring,0,0,0,카페테리아,복숭아 아이스티
2024-04-06,0,4,Spring,1,0,1,카페테리아,복숭아 아이스티
2024-04-07,0,4,Spring,1,0,1,카페테리아,복숭아 아이스티
2024-04-08,0,4,Spring,0,0,0,카페테리아,복숭아 아이스티
2024-04-09,0,4,Spring,0,0,0,카페테리아,복숭아 아이스티
2024-04-10,0,4,Spring,0,1,1,카페테리아,복숭아 아이스티
2024-04-11,0,4,Spring,0,0,0,카페테리아,복숭아 아이스티
2024-04-12,0,4,Spring,0,0,0,카페테리아,복숭아 아이스티
2024-04-13,0,4,Spring,1,0,1,카페테리아,복숭아 아이스티
2024-04-14,0,4,Spring,1,0,1,카페테리아,복숭아 아이스티
2024-04-15,0,4,Spring,0,0,0,카페테리아,복숭아 아이스티
2024-04-16,0,4,Spring,0,0,0,카페테리아,복숭아 아이스티
2024-04-17,0,4,Spring,0,0,0,카페테리아,복숭아 아이스티
2024-04-18,0,4,Spring,0,0,0,카페테리아,복숭아 아이스티
2024-04-19,0,4,Spring,0,0,0,카페테리아,복숭아 아이스티
2024-04-20,0,4,Spring,1,0,1,카페테리아,복숭아 아이스티
2024-04-21,0,4,Spring,1,0,1,카페테리아,복숭아 아이스티
2024-04-22,0,4,Spring,0,0,0,카페테리아,복숭아 아이스티
2024-04-23,0,4,Spring,0,0,0,카페테리아,복숭아 아이스티
2024-04-24,0,4,Spring,0,0,0,카페테리아,복숭아 아이스티
2024-04-25,0,4,Spring,0,0,0,카페테리아,복숭아 아이스티
2024-04-26,0,4,Spring,0,0,0,카페테리아,복숭아 아이스티
2024-04-27,0,4,Spring,1,0,1,카페테리아,복숭아 아이스티
2024-04-28,0,4,Spring,1,0,1,카페테리아,복숭아 아이스티
2024-04-29,0,4,Spring,0,0,0,카페테리아,복숭아 아이스티
2024-04-30,0,4,Spring,0,0,0,카페테리아,복숭아 아이스티
2024-05-01,0,5,Spring,0,0,0,카페테리아,복숭아 아이스티
2024-05-02,0,5,Spring,0,0,0,카페테리아,복숭아 아이스티
2024-05-03,0,5,Spring,0,0,0,카페테리아,복숭아 아이스티
2024-05-04,0,5,Spring,1,0,1,카페테리아,복숭아 아이스티
2024-05-05,0,5,Spring,1,1,1,카페테리아,복숭아 아이스티
2024-05-06,0,5,Spring,0,1,1,카페테리아,복숭아 아이스티
2024-05-07,0,5,Spring,0,0,0,카페테리아,복숭아 아이스티
2024-05-08,0,5,Spring,0,0,0,카페테리아,복숭아 아이스티
2024-05-09,0,5,Spring,0,0,0,카페테리아,복숭아 아이스티
2024-05-10,0,5,Spring,0,0,0,카페테리아,복숭아 아이스티
2024-05-11,0,5,Spring,1,0,1,카페테리아,복숭아 아이스티
2024-05-12,0,5,Spring,1,0,1,카페테리아,복숭아 아이스티
2024-05-13,0,5,Spring,0,0,0,카페테리아,복숭아 아이스티
2024-05-14,0,5,Spring,0,0,0,카페테리아,복숭아 아이스티
2024-05-15,0,5,Spring,0,1,1,카페테리아,복숭아 아이스티
2024-05-16,0,5,Spring,0,0,0,카페테리아,복숭아 아이스티
2024-05-17,0,5,Spring,0,0,0,카페테리아,복숭아 아이스티
2024-05-18,0,5,Spring,1,0,1,카페테리아,복숭아 아이스티
2024-05-19,0,5,Spring,1,0,1,카페테리아,복숭아 아이스티
2024-05-20,0,5,Spring,0,0,0,카페테리아,복숭아 아이스티
2024-05-21,0,5,Spring,0,0,0,카페테리아,복숭아 아이스티
2024-05-22,0,5,Spring,0,0,0,카페테리아,복숭아 아이스티
2024-05-23,0,5,Spring,0,0,0,카페테리아,복숭아 아이스티
2024-05-24,0,5,Spring,0,0,0,카페테리아,복숭아 아이스티
2024-05-25,0,5,Spring,1,0,1,카페테리아,복숭아 아이스티
2024-05-26,0,5,Spring,1,0,1,카페테리아,복숭아 아이스티
2024-05-27,0,5,Spring,0,0,0,카페테리아,복숭아 아이스티
2024-05-28,0,5,Spring,0,0,0,카페테리아,복숭아 아이스티
2024-05-29,0,5,Spring,0,0,0,카페테리아,복숭아 아이스티
2024-05-30,0,5,Spring,0,0,0,카페테리아,복숭아 아이스티
2024-05-31,0,5,Spring,0,0,0,카페테리아,복숭아 아이스티
2024-06-01,0,6,Summer,1,0,1,카페테리아,복숭아 아이스티
2024-06-02,0,6,Summer,1,0,1,카페테리아,복숭아 아이스티
2024-06-03,0,6,Summer,0,0,0,카페테리아,복숭아 아이스티
2024-06-04,0,6,Summer,0,0,0,카페테리아,복숭아 아이스티
2024-06-05,0,6,Summer,0,0,0,카페테리아,복숭아 아이스티
2024-06-06,0,6,Summer,0,1,1,카페테리아,복숭아 아이스티
2024-06-07,0,6,Summer,0,0,0,카페테리아,복숭아 아이스티
2024-06-08,0,6,Summer,1,0,1,카페테리아,복숭아 아이스티
2024-06-09,0,6,Summer,1,0,1,카페테리아,복숭아 아이스티
2024-06-10,0,6,Summer,0,0,0,카페테리아,복숭아 아이스티
2024-06-11,0,6,Summer,0,0,0,카페테리아,복숭아 아이스티
2024-06-12,0,6,Summer,0,0,0,카페테리아,복숭아 아이스티
2024-06-13,0,6,Summer,0,0,0,카페테리아,복숭아 아이스티
2024-06-14,0,6,Summer,0,0,0,카페테리아,복숭아 아이스티
2024-06-15,0,6,Summer,1,0,1,카페테리아,복숭아 아이스티
2023-01-01,50,1,Winter,1,1,1,카페테리아,새우 볶음밥
2023-01-02,45,1,Winter,0,0,0,카페테리아,새우 볶음밥
2023-01-03,47,1,Winter,0,0,0,카페테리아,새우 볶음밥
2023-01-04,62,1,Winter,0,0,0,카페테리아,새우 볶음밥
2023-01-05,58,1,Winter,0,0,0,카페테리아,새우 볶음밥
2023-01-06,60,1,Winter,0,0,0,카페테리아,새우 볶음밥
2023-01-07,18,1,Winter,1,0,1,카페테리아,새우 볶음밥
2023-01-08,38,1,Winter,1,0,1,카페테리아,새우 볶음밥
2023-01-09,28,1,Winter,0,0,0,카페테리아,새우 볶음밥
2023-01-10,48,1,Winter,0,0,0,카페테리아,새우 볶음밥
2023-01-11,65,1,Winter,0,0,0,카페테리아,새우 볶음밥
2023-01-12,48,1,Winter,0,0,0,카페테리아,새우 볶음밥
2023-01-13,20,1,Winter,0,0,0,카페테리아,새우 볶음밥
2023-01-14,33,1,Winter,1,0,1,카페테리아,새우 볶음밥
2023-01-15,27,1,Winter,1,0,1,카페테리아,새우 볶음밥
2023-01-16,46,1,Winter,0,0,0,카페테리아,새우 볶음밥
2023-01-17,42,1,Winter,0,0,0,카페테리아,새우 볶음밥
2023-01-18,46,1,Winter,0,0,0,카페테리아,새우 볶음밥
2023-01-19,38,1,Winter,0,0,0,카페테리아,새우 볶음밥
2023-01-20,49,1,Winter,0,0,0,카페테리아,새우 볶음밥
2023-01-21,11,1,Winter,1,1,1,카페테리아,새우 볶음밥
2023-01-22,89,1,Winter,1,1,1,카페테리아,새우 볶음밥
2023-01-23,29,1,Winter,0,1,1,카페테리아,새우 볶음밥
2023-01-24,33,1,Winter,0,1,1,카페테리아,새우 볶음밥
2023-01-25,59,1,Winter,0,0,0,카페테리아,새우 볶음밥
2023-01-26,37,1,Winter,0,0,0,카페테리아,새우 볶음밥
2023-01-27,53,1,Winter,0,0,0,카페테리아,새우 볶음밥
2023-01-28,42,1,Winter,1,0,1,카페테리아,새우 볶음밥
2023-01-29,24,1,Winter,1,0,1,카페테리아,새우 볶음밥
2023-01-30,29,1,Winter,0,0,0,카페테리아,새우 볶음밥
2023-01-31,51,1,Winter,0,0,0,카페테리아,새우 볶음밥
2023-02-01,58,2,Winter,0,0,0,카페테리아,새우 볶음밥
2023-02-02,48,2,Winter,0,0,0,카페테리아,새우 볶음밥
2023-02-03,53,2,Winter,0,0,0,카페테리아,새우 볶음밥
2023-02-04,44,2,Winter,1,0,1,카페테리아,새우 볶음밥
2023-02-05,47,2,Winter,1,0,1,카페테리아,새우 볶음밥
2023-02-06,49,2,Winter,0,0,0,카페테리아,새우 볶음밥
2023-02-07,37,2,Winter,0,0,0,카페테리아,새우 볶음밥
2023-02-08,28,2,Winter,0,0,0,카페테리아,새우 볶음밥
2023-02-09,43,2,Winter,0,0,0,카페테리아,새우 볶음밥
2023-02-10,41,2,Winter,0,0,0,카페테리아,새우 볶음밥
2023-02-11,34,2,Winter,1,0,1,카페테리아,새우 볶음밥
2023-02-12,0,2,Winter,1,0,1,카페테리아,새우 볶음밥
2023-02-13,7,2,Winter,0,0,0,카페테리아,새우 볶음밥
2023-02-14,52,2,Winter,0,0,0,카페테리아,새우 볶음밥
2023-02-15,50,2,Winter,0,0,0,카페테리아,새우 볶음밥
2023-02-16,45,2,Winter,0,0,0,카페테리아,새우 볶음밥
2023-02-17,37,2,Winter,0,0,0,카페테리아,새우 볶음밥
2023-02-18,38,2,Winter,1,0,1,카페테리아,새우 볶음밥
2023-02-19,29,2,Winter,1,0,1,카페테리아,새우 볶음밥
2023-02-20,28,2,Winter,0,0,0,카페테리아,새우 볶음밥
2023-02-21,33,2,Winter,0,0,0,카페테리아,새우 볶음밥
2023-02-22,37,2,Winter,0,0,0,카페테리아,새우 볶음밥
2023-02-23,27,2,Winter,0,0,0,카페테리아,새우 볶음밥
2023-02-24,39,2,Winter,0,0,0,카페테리아,새우 볶음밥
2023-02-25,31,2,Winter,1,0,1,카페테리아,새우 볶음밥
2023-02-26,42,2,Winter,1,0,1,카페테리아,새우 볶음밥
2023-02-27,21,2,Winter,0,0,0,카페테리아,새우 볶음밥
2023-02-28,25,2,Winter,0,0,0,카페테리아,새우 볶음밥
2023-03-01,19,3,Spring,0,1,1,카페테리아,새우 볶음밥
2023-03-02,0,3,Spring,0,0,0,카페테리아,새우 볶음밥
2023-03-03,0,3,Spring,0,0,0,카페테리아,새우 볶음밥
2023-03-04,0,3,Spring,1,0,1,카페테리아,새우 볶음밥
2023-03-05,0,3,Spring,1,0,1,카페테리아,새우 볶음밥
2023-03-06,0,3,Spring,0,0,0,카페테리아,새우 볶음밥
2023-03-07,0,3,Spring,0,0,0,카페테리아,새우 볶음밥
2023-03-08,0,3,Spring,0,0,0,카페테리아,새우 볶음밥
2023-03-09,0,3,Spring,0,0,0,카페테리아,새우 볶음밥
2023-03-10,0,3,Spring,0,0,0,카페테리아,새우 볶음밥
2023-03-11,5,3,Spring,1,0,1,카페테리아,새우 볶음밥
2023-03-12,1,3,Spring,1,0,1,카페테리아,새우 볶음밥
2023-03-13,3,3,Spring,0,0,0,카페테리아,새우 볶음밥
2023-03-14,1,3,Spring,0,0,0,카페테리아,새우 볶음밥
2023-03-15,2,3,Spring,0,0,0,카페테리아,새우 볶음밥
2023-03-16,6,3,Spring,0,0,0,카페테리아,새우 볶음밥
2023-03-17,3,3,Spring,0,0,0,카페테리아,새우 볶음밥
2023-03-18,5,3,Spring,1,0,1,카페테리아,새우 볶음밥
2023-03-19,0,3,Spring,1,0,1,카페테리아,새우 볶음밥
2023-03-20,0,3,Spring,0,0,0,카페테리아,새우 볶음밥
2023-03-21,0,3,Spring,0,0,0,카페테리아,새우 볶음밥
2023-03-22,3,3,Spring,0,0,0,카페테리아,새우 볶음밥
2023-03-23,0,3,Spring,0,0,0,카페테리아,새우 볶음밥
2023-03-24,1,3,Spring,0,0,0,카페테리아,새우 볶음밥
2023-03-25,3,3,Spring,1,0,1,카페테리아,새우 볶음밥
2023-03-26,3,3,Spring,1,0,1,카페테리아,새우 볶음밥
2023-03-27,1,3,Spring,0,0,0,카페테리아,새우 볶음밥
2023-03-28,0,3,Spring,0,0,0,카페테리아,새우 볶음밥
2023-03-29,3,3,Spring,0,0,0,카페테리아,새우 볶음밥
2023-03-30,0,3,Spring,0,0,0,카페테리아,새우 볶음밥
2023-03-31,6,3,Spring,0,0,0,카페테리아,새우 볶음밥
2023-04-01,10,4,Spring,1,0,1,카페테리아,새우 볶음밥
2023-04-02,8,4,Spring,1,0,1,카페테리아,새우 볶음밥
2023-04-03,1,4,Spring,0,0,0,카페테리아,새우 볶음밥
2023-04-04,2,4,Spring,0,0,0,카페테리아,새우 볶음밥
2023-04-05,0,4,Spring,0,0,0,카페테리아,새우 볶음밥
2023-04-06,2,4,Spring,0,0,0,카페테리아,새우 볶음밥
2023-04-07,3,4,Spring,0,0,0,카페테리아,새우 볶음밥
2023-04-08,9,4,Spring,1,0,1,카페테리아,새우 볶음밥
2023-04-09,2,4,Spring,1,0,1,카페테리아,새우 볶음밥
2023-04-10,2,4,Spring,0,0,0,카페테리아,새우 볶음밥
2023-04-11,4,4,Spring,0,0,0,카페테리아,새우 볶음밥
2023-04-12,1,4,Spring,0,0,0,카페테리아,새우 볶음밥
2023-04-13,3,4,Spring,0,0,0,카페테리아,새우 볶음밥
2023-04-14,13,4,Spring,0,0,0,카페테리아,새우 볶음밥
2023-04-15,6,4,Spring,1,0,1,카페테리아,새우 볶음밥
2023-04-16,3,4,Spring,1,0,1,카페테리아,새우 볶음밥
2023-04-17,0,4,Spring,0,0,0,카페테리아,새우 볶음밥
2023-04-18,0,4,Spring,0,0,0,카페테리아,새우 볶음밥
2023-04-19,1,4,Spring,0,0,0,카페테리아,새우 볶음밥
2023-04-20,1,4,Spring,0,0,0,카페테리아,새우 볶음밥
2023-04-21,1,4,Spring,0,0,0,카페테리아,새우 볶음밥
2023-04-22,9,4,Spring,1,0,1,카페테리아,새우 볶음밥
2023-04-23,8,4,Spring,1,0,1,카페테리아,새우 볶음밥
2023-04-24,2,4,Spring,0,0,0,카페테리아,새우 볶음밥
2023-04-25,0,4,Spring,0,0,0,카페테리아,새우 볶음밥
2023-04-26,2,4,Spring,0,0,0,카페테리아,새우 볶음밥
2023-04-27,1,4,Spring,0,0,0,카페테리아,새우 볶음밥
2023-04-28,6,4,Spring,0,0,0,카페테리아,새우 볶음밥
2023-04-29,3,4,Spring,1,0,1,카페테리아,새우 볶음밥
2023-04-30,14,4,Spring,1,0,1,카페테리아,새우 볶음밥
2023-05-01,15,5,Spring,0,0,0,카페테리아,새우 볶음밥
2023-05-02,5,5,Spring,0,0,0,카페테리아,새우 볶음밥
2023-05-03,5,5,Spring,0,0,0,카페테리아,새우 볶음밥
2023-05-04,10,5,Spring,0,0,0,카페테리아,새우 볶음밥
2023-05-05,7,5,Spring,0,1,1,카페테리아,새우 볶음밥
2023-05-06,0,5,Spring,1,0,1,카페테리아,새우 볶음밥
2023-05-07,11,5,Spring,1,0,1,카페테리아,새우 볶음밥
2023-05-08,6,5,Spring,0,0,0,카페테리아,새우 볶음밥
2023-05-09,0,5,Spring,0,0,0,카페테리아,새우 볶음밥
2023-05-10,2,5,Spring,0,0,0,카페테리아,새우 볶음밥
2023-05-11,2,5,Spring,0,0,0,카페테리아,새우 볶음밥
2023-05-12,4,5,Spring,0,0,0,카페테리아,새우 볶음밥
2023-05-13,10,5,Spring,1,0,1,카페테리아,새우 볶음밥
2023-05-14,11,5,Spring,1,0,1,카페테리아,새우 볶음밥
2023-05-15,1,5,Spring,0,0,0,카페테리아,새우 볶음밥
2023-05-16,3,5,Spring,0,0,0,카페테리아,새우 볶음밥
2023-05-17,1,5,Spring,0,0,0,카페테리아,새우 볶음밥
2023-05-18,2,5,Spring,0,0,0,카페테리아,새우 볶음밥
2023-05-19,9,5,Spring,0,0,0,카페테리아,새우 볶음밥
2023-05-20,11,5,Spring,1,0,1,카페테리아,새우 볶음밥
2023-05-21,9,5,Spring,1,0,1,카페테리아,새우 볶음밥
2023-05-22,1,5,Spring,0,0,0,카페테리아,새우 볶음밥
2023-05-23,1,5,Spring,0,0,0,카페테리아,새우 볶음밥
2023-05-24,0,5,Spring,0,0,0,카페테리아,새우 볶음밥
2023-05-25,2,5,Spring,0,0,0,카페테리아,새우 볶음밥
2023-05-26,4,5,Spring,0,0,0,카페테리아,새우 볶음밥
2023-05-27,12,5,Spring,1,1,1,카페테리아,새우 볶음밥
2023-05-28,6,5,Spring,1,0,1,카페테리아,새우 볶음밥
2023-05-29,16,5,Spring,0,1,1,카페테리아,새우 볶음밥
2023-05-30,3,5,Spring,0,0,0,카페테리아,새우 볶음밥
2023-05-31,7,5,Spring,0,0,0,카페테리아,새우 볶음밥
2023-06-01,1,6,Summer,0,0,0,카페테리아,새우 볶음밥
2023-06-02,2,6,Summer,0,0,0,카페테리아,새우 볶음밥
2023-06-03,8,6,Summer,1,0,1,카페테리아,새우 볶음밥
2023-06-04,27,6,Summer,1,0,1,카페테리아,새우 볶음밥
2023-06-05,15,6,Summer,0,0,0,카페테리아,새우 볶음밥
2023-06-06,17,6,Summer,0,1,1,카페테리아,새우 볶음밥
2023-06-07,8,6,Summer,0,0,0,카페테리아,새우 볶음밥
2023-06-08,0,6,Summer,0,0,0,카페테리아,새우 볶음밥
2023-06-09,2,6,Summer,0,0,0,카페테리아,새우 볶음밥
2023-06-10,7,6,Summer,1,0,1,카페테리아,새우 볶음밥
2023-06-11,5,6,Summer,1,0,1,카페테리아,새우 볶음밥
2023-06-12,3,6,Summer,0,0,0,카페테리아,새우 볶음밥
2023-06-13,0,6,Summer,0,0,0,카페테리아,새우 볶음밥
2023-06-14,2,6,Summer,0,0,0,카페테리아,새우 볶음밥
2023-06-15,5,6,Summer,0,0,0,카페테리아,새우 볶음밥
2023-06-16,10,6,Summer,0,0,0,카페테리아,새우 볶음밥
2023-06-17,4,6,Summer,1,0,1,카페테리아,새우 볶음밥
2023-06-18,14,6,Summer,1,0,1,카페테리아,새우 볶음밥
2023-06-19,3,6,Summer,0,0,0,카페테리아,새우 볶음밥
2023-06-20,4,6,Summer,0,0,0,카페테리아,새우 볶음밥
2023-06-21,3,6,Summer,0,0,0,카페테리아,새우 볶음밥
2023-06-22,0,6,Summer,0,0,0,카페테리아,새우 볶음밥
2023-06-23,6,6,Summer,0,0,0,카페테리아,새우 볶음밥
2023-06-24,11,6,Summer,1,0,1,카페테리아,새우 볶음밥
2023-06-25,10,6,Summer,1,0,1,카페테리아,새우 볶음밥
2023-06-26,0,6,Summer,0,0,0,카페테리아,새우 볶음밥
2023-06-27,4,6,Summer,0,0,0,카페테리아,새우 볶음밥
2023-06-28,2,6,Summer,0,0,0,카페테리아,새우 볶음밥
2023-06-29,1,6,Summer,0,0,0,카페테리아,새우 볶음밥
2023-06-30,3,6,Summer,0,0,0,카페테리아,새우 볶음밥
2023-07-01,13,7,Summer,1,0,1,카페테리아,새우 볶음밥
2023-07-02,7,7,Summer,1,0,1,카페테리아,새우 볶음밥
2023-07-03,1,7,Summer,0,0,0,카페테리아,새우 볶음밥
2023-07-04,3,7,Summer,0,0,0,카페테리아,새우 볶음밥
2023-07-05,0,7,Summer,0,0,0,카페테리아,새우 볶음밥
2023-07-06,2,7,Summer,0,0,0,카페테리아,새우 볶음밥
2023-07-07,3,7,Summer,0,0,0,카페테리아,새우 볶음밥
2023-07-08,6,7,Summer,1,0,1,카페테리아,새우 볶음밥
2023-07-09,2,7,Summer,1,0,1,카페테리아,새우 볶음밥
2023-07-10,1,7,Summer,0,0,0,카페테리아,새우 볶음밥
2023-07-11,1,7,Summer,0,0,0,카페테리아,새우 볶음밥
2023-07-12,3,7,Summer,0,0,0,카페테리아,새우 볶음밥
2023-07-13,0,7,Summer,0,0,0,카페테리아,새우 볶음밥
2023-07-14,4,7,Summer,0,0,0,카페테리아,새우 볶음밥
2023-07-15,4,7,Summer,1,0,1,카페테리아,새우 볶음밥
2023-07-16,4,7,Summer,1,0,1,카페테리아,새우 볶음밥
2023-07-17,1,7,Summer,0,0,0,카페테리아,새우 볶음밥
2023-07-18,0,7,Summer,0,0,0,카페테리아,새우 볶음밥
2023-07-19,2,7,Summer,0,0,0,카페테리아,새우 볶음밥
2023-07-20,5,7,Summer,0,0,0,카페테리아,새우 볶음밥
2023-07-21,7,7,Summer,0,0,0,카페테리아,새우 볶음밥
2023-07-22,14,7,Summer,1,0,1,카페테리아,새우 볶음밥
2023-07-23,6,7,Summer,1,0,1,카페테리아,새우 볶음밥
2023-07-24,21,7,Summer,0,0,0,카페테리아,새우 볶음밥
2023-07-25,11,7,Summer,0,0,0,카페테리아,새우 볶음밥
2023-07-26,6,7,Summer,0,0,0,카페테리아,새우 볶음밥
2023-07-27,18,7,Summer,0,0,0,카페테리아,새우 볶음밥
2023-07-28,15,7,Summer,0,0,0,카페테리아,새우 볶음밥
2023-07-29,14,7,Summer,1,0,1,카페테리아,새우 볶음밥
2023-07-30,10,7,Summer,1,0,1,카페테리아,새우 볶음밥
2023-07-31,20,7,Summer,0,0,0,카페테리아,새우 볶음밥
2023-08-01,13,8,Summer,0,0,0,카페테리아,새우 볶음밥
2023-08-02,19,8,Summer,0,0,0,카페테리아,새우 볶음밥
2023-08-03,9,8,Summer,0,0,0,카페테리아,새우 볶음밥
2023-08-04,9,8,Summer,0,0,0,카페테리아,새우 볶음밥
2023-08-05,9,8,Summer,1,0,1,카페테리아,새우 볶음밥
2023-08-06,6,8,Summer,1,0,1,카페테리아,새우 볶음밥
2023-08-07,9,8,Summer,0,0,0,카페테리아,새우 볶음밥
2023-08-08,8,8,Summer,0,0,0,카페테리아,새우 볶음밥
2023-08-09,12,8,Summer,0,0,0,카페테리아,새우 볶음밥
2023-08-10,8,8,Summer,0,0,0,카페테리아,새우 볶음밥
2023-08-11,7,8,Summer,0,0,0,카페테리아,새우 볶음밥
2023-08-12,10,8,Summer,1,0,1,카페테리아,새우 볶음밥
2023-08-13,17,8,Summer,1,0,1,카페테리아,새우 볶음밥
2023-08-14,12,8,Summer,0,0,0,카페테리아,새우 볶음밥
2023-08-15,11,8,Summer,0,1,1,카페테리아,새우 볶음밥
2023-08-16,5,8,Summer,0,0,0,카페테리아,새우 볶음밥
2023-08-17,2,8,Summer,0,0,0,카페테리아,새우 볶음밥
2023-08-18,9,8,Summer,0,0,0,카페테리아,새우 볶음밥
2023-08-19,13,8,Summer,1,0,1,카페테리아,새우 볶음밥
2023-08-20,3,8,Summer,1,0,1,카페테리아,새우 볶음밥
2023-08-21,5,8,Summer,0,0,0,카페테리아,새우 볶음밥
2023-08-22,1,8,Summer,0,0,0,카페테리아,새우 볶음밥
2023-08-23,6,8,Summer,0,0,0,카페테리아,새우 볶음밥
2023-08-24,2,8,Summer,0,0,0,카페테리아,새우 볶음밥
2023-08-25,3,8,Summer,0,0,0,카페테리아,새우 볶음밥
2023-08-26,9,8,Summer,1,0,1,카페테리아,새우 볶음밥
2023-08-27,8,8,Summer,1,0,1,카페테리아,새우 볶음밥
2023-08-28,4,8,Summer,0,0,0,카페테리아,새우 볶음밥
2023-08-29,5,8,Summer,0,0,0,카페테리아,새우 볶음밥
2023-08-30,2,8,Summer,0,0,0,카페테리아,새우 볶음밥
2023-08-31,0,8,Summer,0,0,0,카페테리아,새우 볶음밥
2023-09-01,3,9,Autumn,0,0,0,카페테리아,새우 볶음밥
2023-09-02,12,9,Autumn,1,0,1,카페테리아,새우 볶음밥
2023-09-03,6,9,Autumn,1,0,1,카페테리아,새우 볶음밥
2023-09-04,1,9,Autumn,0,0,0,카페테리아,새우 볶음밥
2023-09-05,3,9,Autumn,0,0,0,카페테리아,새우 볶음밥
2023-09-06,1,9,Autumn,0,0,0,카페테리아,새우 볶음밥
2023-09-07,2,9,Autumn,0,0,0,카페테리아,새우 볶음밥
2023-09-08,1,9,Autumn,0,0,0,카페테리아,새우 볶음밥
2023-09-09,13,9,Autumn,1,0,1,카페테리아,새우 볶음밥
2023-09-10,3,9,Autumn,1,0,1,카페테리아,새우 볶음밥
2023-09-11,2,9,Autumn,0,0,0,카페테리아,새우 볶음밥
2023-09-12,3,9,Autumn,0,0,0,카페테리아,새우 볶음밥
2023-09-13,0,9,Autumn,0,0,0,카페테리아,새우 볶음밥
2023-09-14,3,9,Autumn,0,0,0,카페테리아,새우 볶음밥
2023-09-15,1,9,Autumn,0,0,0,카페테리아,새우 볶음밥
2023-09-16,11,9,Autumn,1,0,1,카페테리아,새우 볶음밥
2023-09-17,5,9,Autumn,1,0,1,카페테리아,새우 볶음밥
2023-09-18,2,9,Autumn,0,0,0,카페테리아,새우 볶음밥
2023-09-19,0,9,Autumn,0,0,0,카페테리아,새우 볶음밥
2023-09-20,1,9,Autumn,0,0,0,카페테리아,새우 볶음밥
2023-09-21,6,9,Autumn,0,0,0,카페테리아,새우 볶음밥
2023-09-22,5,9,Autumn,0,0,0,카페테리아,새우 볶음밥
2023-09-23,14,9,Autumn,1,0,1,카페테리아,새우 볶음밥
2023-09-24,7,9,Autumn,1,0,1,카페테리아,새우 볶음밥
2023-09-25,4,9,Autumn,0,0,0,카페테리아,새우 볶음밥
2023-09-26,1,9,Autumn,0,0,0,카페테리아,새우 볶음밥
2023-09-27,5,9,Autumn,0,0,0,카페테리아,새우 볶음밥
2023-09-28,15,9,Autumn,0,1,1,카페테리아,새우 볶음밥
2023-09-29,7,9,Autumn,0,1,1,카페테리아,새우 볶음밥
2023-09-30,20,9,Autumn,1,1,1,카페테리아,새우 볶음밥
2023-10-01,26,10,Autumn,1,0,1,카페테리아,새우 볶음밥
2023-10-02,21,10,Autumn,0,1,1,카페테리아,새우 볶음밥
2023-10-03,12,10,Autumn,0,1,1,카페테리아,새우 볶음밥
2023-10-04,3,10,Autumn,0,0,0,카페테리아,새우 볶음밥
2023-10-05,5,10,Autumn,0,0,0,카페테리아,새우 볶음밥
2023-10-06,11,10,Autumn,0,0,0,카페테리아,새우 볶음밥
2023-10-07,19,10,Autumn,1,0,1,카페테리아,새우 볶음밥
2023-10-08,21,10,Autumn,1,0,1,카페테리아,새우 볶음밥
2023-10-09,24,10,Autumn,0,1,1,카페테리아,새우 볶음밥
2023-10-10,6,10,Autumn,0,0,0,카페테리아,새우 볶음밥
2023-10-11,8,10,Autumn,0,0,0,카페테리아,새우 볶음밥
2023-10-12,1,10,Autumn,0,0,0,카페테리아,새우 볶음밥
2023-10-13,5,10,Autumn,0,0,0,카페테리아,새우 볶음밥
2023-10-14,10,10,Autumn,1,0,1,카페테리아,새우 볶음밥
2023-10-15,23,10,Autumn,1,0,1,카페테리아,새우 볶음밥
2023-10-16,6,10,Autumn,0,0,0,카페테리아,새우 볶음밥
2023-10-17,7,10,Autumn,0,0,0,카페테리아,새우 볶음밥
2023-10-18,12,10,Autumn,0,0,0,카페테리아,새우 볶음밥
2023-10-19,8,10,Autumn,0,0,0,카페테리아,새우 볶음밥
2023-10-20,10,10,Autumn,0,0,0,카페테리아,새우 볶음밥
2023-10-21,11,10,Autumn,1,0,1,카페테리아,새우 볶음밥
2023-10-22,24,10,Autumn,1,0,1,카페테리아,새우 볶음밥
2023-10-23,8,10,Autumn,0,0,0,카페테리아,새우 볶음밥
2023-10-24,5,10,Autumn,0,0,0,카페테리아,새우 볶음밥
2023-10-25,9,10,Autumn,0,0,0,카페테리아,새우 볶음밥
2023-10-26,3,10,Autumn,0,0,0,카페테리아,새우 볶음밥
2023-10-27,5,10,Autumn,0,0,0,카페테리아,새우 볶음밥
2023-10-28,21,10,Autumn,1,0,1,카페테리아,새우 볶음밥
2023-10-29,15,10,Autumn,1,0,1,카페테리아,새우 볶음밥
2023-10-30,9,10,Autumn,0,0,0,카페테리아,새우 볶음밥
2023-10-31,10,10,Autumn,0,0,0,카페테리아,새우 볶음밥
2023-11-01,7,11,Autumn,0,0,0,카페테리아,새우 볶음밥
2023-11-02,12,11,Autumn,0,0,0,카페테리아,새우 볶음밥
2023-11-03,3,11,Autumn,0,0,0,카페테리아,새우 볶음밥
2023-11-04,10,11,Autumn,1,0,1,카페테리아,새우 볶음밥
2023-11-05,10,11,Autumn,1,0,1,카페테리아,새우 볶음밥
2023-11-06,8,11,Autumn,0,0,0,카페테리아,새우 볶음밥
2023-11-07,3,11,Autumn,0,0,0,카페테리아,새우 볶음밥
2023-11-08,8,11,Autumn,0,0,0,카페테리아,새우 볶음밥
2023-11-09,7,11,Autumn,0,0,0,카페테리아,새우 볶음밥
2023-11-10,4,11,Autumn,0,0,0,카페테리아,새우 볶음밥
2023-11-11,10,11,Autumn,1,0,1,카페테리아,새우 볶음밥
2023-11-12,11,11,Autumn,1,0,1,카페테리아,새우 볶음밥
2023-11-13,7,11,Autumn,0,0,0,카페테리아,새우 볶음밥
2023-11-14,5,11,Autumn,0,0,0,카페테리아,새우 볶음밥
2023-11-15,7,11,Autumn,0,0,0,카페테리아,새우 볶음밥
2023-11-16,1,11,Autumn,0,0,0,카페테리아,새우 볶음밥
2023-11-17,4,11,Autumn,0,0,0,카페테리아,새우 볶음밥
2023-11-18,6,11,Autumn,1,0,1,카페테리아,새우 볶음밥
2023-11-19,2,11,Autumn,1,0,1,카페테리아,새우 볶음밥
2023-11-20,1,11,Autumn,0,0,0,카페테리아,새우 볶음밥
2023-11-21,1,11,Autumn,0,0,0,카페테리아,새우 볶음밥
2023-11-22,1,11,Autumn,0,0,0,카페테리아,새우 볶음밥
2023-11-23,4,11,Autumn,0,0,0,카페테리아,새우 볶음밥
2023-11-24,3,11,Autumn,0,0,0,카페테리아,새우 볶음밥
2023-11-25,10,11,Autumn,1,0,1,카페테리아,새우 볶음밥
2023-11-26,5,11,Autumn,1,0,1,카페테리아,새우 볶음밥
2023-11-27,2,11,Autumn,0,0,0,카페테리아,새우 볶음밥
2023-11-28,4,11,Autumn,0,0,0,카페테리아,새우 볶음밥
2023-11-29,2,11,Autumn,0,0,0,카페테리아,새우 볶음밥
2023-11-30,0,11,Autumn,0,0,0,카페테리아,새우 볶음밥
2023-12-01,0,12,Winter,0,0,0,카페테리아,새우 볶음밥
2023-12-02,7,12,Winter,1,0,1,카페테리아,새우 볶음밥
2023-12-03,3,12,Winter,1,0,1,카페테리아,새우 볶음밥
2023-12-04,2,12,Winter,0,0,0,카페테리아,새우 볶음밥
2023-12-05,0,12,Winter,0,0,0,카페테리아,새우 볶음밥
2023-12-06,9,12,Winter,0,0,0,카페테리아,새우 볶음밥
2023-12-07,5,12,Winter,0,0,0,카페테리아,새우 볶음밥
2023-12-08,33,12,Winter,0,0,0,카페테리아,새우 볶음밥
2023-12-09,41,12,Winter,1,0,1,카페테리아,새우 볶음밥
2023-12-10,48,12,Winter,1,0,1,카페테리아,새우 볶음밥
2023-12-11,17,12,Winter,0,0,0,카페테리아,새우 볶음밥
2023-12-12,26,12,Winter,0,0,0,카페테리아,새우 볶음밥
2023-12-13,19,12,Winter,0,0,0,카페테리아,새우 볶음밥
2023-12-14,3,12,Winter,0,0,0,카페테리아,새우 볶음밥
2023-12-15,4,12,Winter,0,0,0,카페테리아,새우 볶음밥
2023-12-16,15,12,Winter,1,0,1,카페테리아,새우 볶음밥
2023-12-17,22,12,Winter,1,0,1,카페테리아,새우 볶음밥
2023-12-18,48,12,Winter,0,0,0,카페테리아,새우 볶음밥
2023-12-19,50,12,Winter,0,0,0,카페테리아,새우 볶음밥
2023-12-20,44,12,Winter,0,0,0,카페테리아,새우 볶음밥
2023-12-21,27,12,Winter,0,0,0,카페테리아,새우 볶음밥
2023-12-22,52,12,Winter,0,0,0,카페테리아,새우 볶음밥
2023-12-23,59,12,Winter,1,0,1,카페테리아,새우 볶음밥
2023-12-24,69,12,Winter,1,0,1,카페테리아,새우 볶음밥
2023-12-25,67,12,Winter,0,1,1,카페테리아,새우 볶음밥
2023-12-26,76,12,Winter,0,0,0,카페테리아,새우 볶음밥
2023-12-27,70,12,Winter,0,0,0,카페테리아,새우 볶음밥
2023-12-28,64,12,Winter,0,0,0,카페테리아,새우 볶음밥
2023-12-29,78,12,Winter,0,0,0,카페테리아,새우 볶음밥
2023-12-30,68,12,Winter,1,0,1,카페테리아,새우 볶음밥
2023-12-31,55,12,Winter,1,0,1,카페테리아,새우 볶음밥
2024-01-01,65,1,Winter,0,1,1,카페테리아,새우 볶음밥
2024-01-02,46,1,Winter,0,0,0,카페테리아,새우 볶음밥
2024-01-03,39,1,Winter,0,0,0,카페테리아,새우 볶음밥
2024-01-04,49,1,Winter,0,0,0,카페테리아,새우 볶음밥
2024-01-05,36,1,Winter,0,0,0,카페테리아,새우 볶음밥
2024-01-06,63,1,Winter,1,0,1,카페테리아,새우 볶음밥
2024-01-07,68,1,Winter,1,0,1,카페테리아,새우 볶음밥
2024-01-08,74,1,Winter,0,0,0,카페테리아,새우 볶음밥
2024-01-09,48,1,Winter,0,0,0,카페테리아,새우 볶음밥
2024-01-10,54,1,Winter,0,0,0,카페테리아,새우 볶음밥
2024-01-11,53,1,Winter,0,0,0,카페테리아,새우 볶음밥
2024-01-12,63,1,Winter,0,0,0,카페테리아,새우 볶음밥
2024-01-13,121,1,Winter,1,0,1,카페테리아,새우 볶음밥
2024-01-14,60,1,Winter,1,0,1,카페테리아,새우 볶음밥
2024-01-15,56,1,Winter,0,0,0,카페테리아,새우 볶음밥
2024-01-16,56,1,Winter,0,0,0,카페테리아,새우 볶음밥
2024-01-17,54,1,Winter,0,0,0,카페테리아,새우 볶음밥
2024-01-18,53,1,Winter,0,0,0,카페테리아,새우 볶음밥
2024-01-19,80,1,Winter,0,0,0,카페테리아,새우 볶음밥
2024-01-20,94,1,Winter,1,0,1,카페테리아,새우 볶음밥
2024-01-21,71,1,Winter,1,0,1,카페테리아,새우 볶음밥
2024-01-22,51,1,Winter,0,0,0,카페테리아,새우 볶음밥
2024-01-23,60,1,Winter,0,0,0,카페테리아,새우 볶음밥
2024-01-24,48,1,Winter,0,0,0,카페테리아,새우 볶음밥
2024-01-25,57,1,Winter,0,0,0,카페테리아,새우 볶음밥
2024-01-26,53,1,Winter,0,0,0,카페테리아,새우 볶음밥
2024-01-27,76,1,Winter,1,0,1,카페테리아,새우 볶음밥
2024-01-28,71,1,Winter,1,0,1,카페테리아,새우 볶음밥
2024-01-29,47,1,Winter,0,0,0,카페테리아,새우 볶음밥
2024-01-30,72,1,Winter,0,0,0,카페테리아,새우 볶음밥
2024-01-31,47,1,Winter,0,0,0,카페테리아,새우 볶음밥
2024-02-01,40,2,Winter,0,0,0,카페테리아,새우 볶음밥
2024-02-02,54,2,Winter,0,0,0,카페테리아,새우 볶음밥
2024-02-03,84,2,Winter,1,0,1,카페테리아,새우 볶음밥
2024-02-04,52,2,Winter,1,0,1,카페테리아,새우 볶음밥
2024-02-05,25,2,Winter,0,0,0,카페테리아,새우 볶음밥
2024-02-06,37,2,Winter,0,0,0,카페테리아,새우 볶음밥
2024-02-07,40,2,Winter,0,0,0,카페테리아,새우 볶음밥
2024-02-08,49,2,Winter,0,0,0,카페테리아,새우 볶음밥
2024-02-09,59,2,Winter,0,1,1,카페테리아,새우 볶음밥
2024-02-10,55,2,Winter,1,1,1,카페테리아,새우 볶음밥
2024-02-11,69,2,Winter,1,1,1,카페테리아,새우 볶음밥
2024-02-12,62,2,Winter,0,1,1,카페테리아,새우 볶음밥
2024-02-13,33,2,Winter,0,0,0,카페테리아,새우 볶음밥
2024-02-14,26,2,Winter,0,0,0,카페테리아,새우 볶음밥
2024-02-15,17,2,Winter,0,0,0,카페테리아,새우 볶음밥
2024-02-16,37,2,Winter,0,0,0,카페테리아,새우 볶음밥
2024-02-17,77,2,Winter,1,0,1,카페테리아,새우 볶음밥
2024-02-18,34,2,Winter,1,0,1,카페테리아,새우 볶음밥
2024-02-19,14,2,Winter,0,0,0,카페테리아,새우 볶음밥
2024-02-20,24,2,Winter,0,0,0,카페테리아,새우 볶음밥
2024-02-21,22,2,Winter,0,0,0,카페테리아,새우 볶음밥
2024-02-22,36,2,Winter,0,0,0,카페테리아,새우 볶음밥
2024-02-23,31,2,Winter,0,0,0,카페테리아,새우 볶음밥
2024-02-24,47,2,Winter,1,0,1,카페테리아,새우 볶음밥
2024-02-25,54,2,Winter,1,0,1,카페테리아,새우 볶음밥
2024-02-26,48,2,Winter,0,0,0,카페테리아,새우 볶음밥
2024-02-27,25,2,Winter,0,0,0,카페테리아,새우 볶음밥
2024-02-28,27,2,Winter,0,0,0,카페테리아,새우 볶음밥
2024-02-29,24,2,Winter,0,0,0,카페테리아,새우 볶음밥
2024-03-01,51,3,Spring,0,1,1,카페테리아,새우 볶음밥
2024-03-02,25,3,Spring,1,0,1,카페테리아,새우 볶음밥
2024-03-03,7,3,Spring,1,0,1,카페테리아,새우 볶음밥
2024-03-04,0,3,Spring,0,0,0,카페테리아,새우 볶음밥
2024-03-05,0,3,Spring,0,0,0,카페테리아,새우 볶음밥
2024-03-06,0,3,Spring,0,0,0,카페테리아,새우 볶음밥
2024-03-07,0,3,Spring,0,0,0,카페테리아,새우 볶음밥
2024-03-08,0,3,Spring,0,0,0,카페테리아,새우 볶음밥
2024-03-09,0,3,Spring,1,0,1,카페테리아,새우 볶음밥
2024-03-10,0,3,Spring,1,0,1,카페테리아,새우 볶음밥
2024-03-11,0,3,Spring,0,0,0,카페테리아,새우 볶음밥
2024-03-12,0,3,Spring,0,0,0,카페테리아,새우 볶음밥
2024-03-13,0,3,Spring,0,0,0,카페테리아,새우 볶음밥
2024-03-14,1,3,Spring,0,0,0,카페테리아,새우 볶음밥
2024-03-15,1,3,Spring,0,0,0,카페테리아,새우 볶음밥
2024-03-16,6,3,Spring,1,0,1,카페테리아,새우 볶음밥
2024-03-17,1,3,Spring,1,0,1,카페테리아,새우 볶음밥
2024-03-18,1,3,Spring,0,0,0,카페테리아,새우 볶음밥
2024-03-19,0,3,Spring,0,0,0,카페테리아,새우 볶음밥
2024-03-20,1,3,Spring,0,0,0,카페테리아,새우 볶음밥
2024-03-21,0,3,Spring,0,0,0,카페테리아,새우 볶음밥
2024-03-22,0,3,Spring,0,0,0,카페테리아,새우 볶음밥
2024-03-23,3,3,Spring,1,0,1,카페테리아,새우 볶음밥
2024-03-24,4,3,Spring,1,0,1,카페테리아,새우 볶음밥
2024-03-25,1,3,Spring,0,0,0,카페테리아,새우 볶음밥
2024-03-26,0,3,Spring,0,0,0,카페테리아,새우 볶음밥
2024-03-27,3,3,Spring,0,0,0,카페테리아,새우 볶음밥
2024-03-28,0,3,Spring,0,0,0,카페테리아,새우 볶음밥
2024-03-29,2,3,Spring,0,0,0,카페테리아,새우 볶음밥
2024-03-30,7,3,Spring,1,0,1,카페테리아,새우 볶음밥
2024-03-31,7,3,Spring,1,0,1,카페테리아,새우 볶음밥
2024-04-01,0,4,Spring,0,0,0,카페테리아,새우 볶음밥
2024-04-02,5,4,Spring,0,0,0,카페테리아,새우 볶음밥
2024-04-03,0,4,Spring,0,0,0,카페테리아,새우 볶음밥
2024-04-04,3,4,Spring,0,0,0,카페테리아,새우 볶음밥
2024-04-05,10,4,Spring,0,0,0,카페테리아,새우 볶음밥
2024-04-06,15,4,Spring,1,0,1,카페테리아,새우 볶음밥
2024-04-07,8,4,Spring,1,0,1,카페테리아,새우 볶음밥
2024-04-08,1,4,Spring,0,0,0,카페테리아,새우 볶음밥
2024-04-09,7,4,Spring,0,0,0,카페테리아,새우 볶음밥
2024-04-10,18,4,Spring,0,1,1,카페테리아,새우 볶음밥
2024-04-11,13,4,Spring,0,0,0,카페테리아,새우 볶음밥
2024-04-12,10,4,Spring,0,0,0,카페테리아,새우 볶음밥
2024-04-13,10,4,Spring,1,0,1,카페테리아,새우 볶음밥
2024-04-14,7,4,Spring,1,0,1,카페테리아,새우 볶음밥
2024-04-15,3,4,Spring,0,0,0,카페테리아,새우 볶음밥
2024-04-16,3,4,Spring,0,0,0,카페테리아,새우 볶음밥
2024-04-17,1,4,Spring,0,0,0,카페테리아,새우 볶음밥
2024-04-18,8,4,Spring,0,0,0,카페테리아,새우 볶음밥
2024-04-19,8,4,Spring,0,0,0,카페테리아,새우 볶음밥
2024-04-20,6,4,Spring,1,0,1,카페테리아,새우 볶음밥
2024-04-21,9,4,Spring,1,0,1,카페테리아,새우 볶음밥
2024-04-22,1,4,Spring,0,0,0,카페테리아,새우 볶음밥
2024-04-23,4,4,Spring,0,0,0,카페테리아,새우 볶음밥
2024-04-24,2,4,Spring,0,0,0,카페테리아,새우 볶음밥
2024-04-25,0,4,Spring,0,0,0,카페테리아,새우 볶음밥
2024-04-26,4,4,Spring,0,0,0,카페테리아,새우 볶음밥
2024-04-27,13,4,Spring,1,0,1,카페테리아,새우 볶음밥
2024-04-28,14,4,Spring,1,0,1,카페테리아,새우 볶음밥
2024-04-29,2,4,Spring,0,0,0,카페테리아,새우 볶음밥
2024-04-30,4,4,Spring,0,0,0,카페테리아,새우 볶음밥
2024-05-01,15,5,Spring,0,0,0,카페테리아,새우 볶음밥
2024-05-02,2,5,Spring,0,0,0,카페테리아,새우 볶음밥
2024-05-03,8,5,Spring,0,0,0,카페테리아,새우 볶음밥
2024-05-04,17,5,Spring,1,0,1,카페테리아,새우 볶음밥
2024-05-05,7,5,Spring,1,1,1,카페테리아,새우 볶음밥
2024-05-06,2,5,Spring,0,1,1,카페테리아,새우 볶음밥
2024-05-07,1,5,Spring,0,0,0,카페테리아,새우 볶음밥
2024-05-08,1,5,Spring,0,0,0,카페테리아,새우 볶음밥
2024-05-09,4,5,Spring,0,0,0,카페테리아,새우 볶음밥
2024-05-10,2,5,Spring,0,0,0,카페테리아,새우 볶음밥
2024-05-11,7,5,Spring,1,0,1,카페테리아,새우 볶음밥
2024-05-12,7,5,Spring,1,0,1,카페테리아,새우 볶음밥
2024-05-13,0,5,Spring,0,0,0,카페테리아,새우 볶음밥
2024-05-14,4,5,Spring,0,0,0,카페테리아,새우 볶음밥
2024-05-15,8,5,Spring,0,1,1,카페테리아,새우 볶음밥
2024-05-16,1,5,Spring,0,0,0,카페테리아,새우 볶음밥
2024-05-17,4,5,Spring,0,0,0,카페테리아,새우 볶음밥
2024-05-18,15,5,Spring,1,0,1,카페테리아,새우 볶음밥
2024-05-19,20,5,Spring,1,0,1,카페테리아,새우 볶음밥
2024-05-20,10,5,Spring,0,0,0,카페테리아,새우 볶음밥
2024-05-21,2,5,Spring,0,0,0,카페테리아,새우 볶음밥
2024-05-22,4,5,Spring,0,0,0,카페테리아,새우 볶음밥
2024-05-23,0,5,Spring,0,0,0,카페테리아,새우 볶음밥
2024-05-24,1,5,Spring,0,0,0,카페테리아,새우 볶음밥
2024-05-25,21,5,Spring,1,0,1,카페테리아,새우 볶음밥
2024-05-26,7,5,Spring,1,0,1,카페테리아,새우 볶음밥
2024-05-27,0,5,Spring,0,0,0,카페테리아,새우 볶음밥
2024-05-28,2,5,Spring,0,0,0,카페테리아,새우 볶음밥
2024-05-29,1,5,Spring,0,0,0,카페테리아,새우 볶음밥
2024-05-30,1,5,Spring,0,0,0,카페테리아,새우 볶음밥
2024-05-31,5,5,Spring,0,0,0,카페테리아,새우 볶음밥
2024-06-01,13,6,Summer,1,0,1,카페테리아,새우 볶음밥
2024-06-02,10,6,Summer,1,0,1,카페테리아,새우 볶음밥
2024-06-03,1,6,Summer,0,0,0,카페테리아,새우 볶음밥
2024-06-04,2,6,Summer,0,0,0,카페테리아,새우 볶음밥
2024-06-05,2,6,Summer,0,0,0,카페테리아,새우 볶음밥
2024-06-06,27,6,Summer,0,1,1,카페테리아,새우 볶음밥
2024-06-07,19,6,Summer,0,0,0,카페테리아,새우 볶음밥
2024-06-08,7,6,Summer,1,0,1,카페테리아,새우 볶음밥
2024-06-09,9,6,Summer,1,0,1,카페테리아,새우 볶음밥
2024-06-10,2,6,Summer,0,0,0,카페테리아,새우 볶음밥
2024-06-11,1,6,Summer,0,0,0,카페테리아,새우 볶음밥
2024-06-12,2,6,Summer,0,0,0,카페테리아,새우 볶음밥
2024-06-13,2,6,Summer,0,0,0,카페테리아,새우 볶음밥
2024-06-14,3,6,Summer,0,0,0,카페테리아,새우 볶음밥
2024-06-15,16,6,Summer,1,0,1,카페테리아,새우 볶음밥
2023-01-01,89,1,Winter,1,1,1,카페테리아,새우튀김 우동
2023-01-02,94,1,Winter,0,0,0,카페테리아,새우튀김 우동
2023-01-03,82,1,Winter,0,0,0,카페테리아,새우튀김 우동
2023-01-04,76,1,Winter,0,0,0,카페테리아,새우튀김 우동
2023-01-05,99,1,Winter,0,0,0,카페테리아,새우튀김 우동
2023-01-06,79,1,Winter,0,0,0,카페테리아,새우튀김 우동
2023-01-07,166,1,Winter,1,0,1,카페테리아,새우튀김 우동
2023-01-08,132,1,Winter,1,0,1,카페테리아,새우튀김 우동
2023-01-09,92,1,Winter,0,0,0,카페테리아,새우튀김 우동
2023-01-10,68,1,Winter,0,0,0,카페테리아,새우튀김 우동
2023-01-11,64,1,Winter,0,0,0,카페테리아,새우튀김 우동
2023-01-12,72,1,Winter,0,0,0,카페테리아,새우튀김 우동
2023-01-13,26,1,Winter,0,0,0,카페테리아,새우튀김 우동
2023-01-14,72,1,Winter,1,0,1,카페테리아,새우튀김 우동
2023-01-15,127,1,Winter,1,0,1,카페테리아,새우튀김 우동
2023-01-16,95,1,Winter,0,0,0,카페테리아,새우튀김 우동
2023-01-17,66,1,Winter,0,0,0,카페테리아,새우튀김 우동
2023-01-18,88,1,Winter,0,0,0,카페테리아,새우튀김 우동
2023-01-19,88,1,Winter,0,0,0,카페테리아,새우튀김 우동
2023-01-20,96,1,Winter,0,0,0,카페테리아,새우튀김 우동
2023-01-21,117,1,Winter,1,1,1,카페테리아,새우튀김 우동
2023-01-22,95,1,Winter,1,1,1,카페테리아,새우튀김 우동
2023-01-23,162,1,Winter,0,1,1,카페테리아,새우튀김 우동
2023-01-24,122,1,Winter,0,1,1,카페테리아,새우튀김 우동
2023-01-25,63,1,Winter,0,0,0,카페테리아,새우튀김 우동
2023-01-26,79,1,Winter,0,0,0,카페테리아,새우튀김 우동
2023-01-27,106,1,Winter,0,0,0,카페테리아,새우튀김 우동
2023-01-28,185,1,Winter,1,0,1,카페테리아,새우튀김 우동
2023-01-29,141,1,Winter,1,0,1,카페테리아,새우튀김 우동
2023-01-30,76,1,Winter,0,0,0,카페테리아,새우튀김 우동
2023-01-31,63,1,Winter,0,0,0,카페테리아,새우튀김 우동
2023-02-01,74,2,Winter,0,0,0,카페테리아,새우튀김 우동
2023-02-02,63,2,Winter,0,0,0,카페테리아,새우튀김 우동
2023-02-03,77,2,Winter,0,0,0,카페테리아,새우튀김 우동
2023-02-04,154,2,Winter,1,0,1,카페테리아,새우튀김 우동
2023-02-05,114,2,Winter,1,0,1,카페테리아,새우튀김 우동
2023-02-06,41,2,Winter,0,0,0,카페테리아,새우튀김 우동
2023-02-07,63,2,Winter,0,0,0,카페테리아,새우튀김 우동
2023-02-08,59,2,Winter,0,0,0,카페테리아,새우튀김 우동
2023-02-09,77,2,Winter,0,0,0,카페테리아,새우튀김 우동
2023-02-10,72,2,Winter,0,0,0,카페테리아,새우튀김 우동
2023-02-11,166,2,Winter,1,0,1,카페테리아,새우튀김 우동
2023-02-12,103,2,Winter,1,0,1,카페테리아,새우튀김 우동
2023-02-13,80,2,Winter,0,0,0,카페테리아,새우튀김 우동
2023-02-14,47,2,Winter,0,0,0,카페테리아,새우튀김 우동
2023-02-15,54,2,Winter,0,0,0,카페테리아,새우튀김 우동
2023-02-16,58,2,Winter,0,0,0,카페테리아,새우튀김 우동
2023-02-17,54,2,Winter,0,0,0,카페테리아,새우튀김 우동
2023-02-18,99,2,Winter,1,0,1,카페테리아,새우튀김 우동
2023-02-19,97,2,Winter,1,0,1,카페테리아,새우튀김 우동
2023-02-20,74,2,Winter,0,0,0,카페테리아,새우튀김 우동
2023-02-21,48,2,Winter,0,0,0,카페테리아,새우튀김 우동
2023-02-22,33,2,Winter,0,0,0,카페테리아,새우튀김 우동
2023-02-23,54,2,Winter,0,0,0,카페테리아,새우튀김 우동
2023-02-24,49,2,Winter,0,0,0,카페테리아,새우튀김 우동
2023-02-25,76,2,Winter,1,0,1,카페테리아,새우튀김 우동
2023-02-26,51,2,Winter,1,0,1,카페테리아,새우튀김 우동
2023-02-27,37,2,Winter,0,0,0,카페테리아,새우튀김 우동
2023-02-28,30,2,Winter,0,0,0,카페테리아,새우튀김 우동
2023-03-01,19,3,Spring,0,1,1,카페테리아,새우튀김 우동
2023-03-02,0,3,Spring,0,0,0,카페테리아,새우튀김 우동
2023-03-03,0,3,Spring,0,0,0,카페테리아,새우튀김 우동
2023-03-04,0,3,Spring,1,0,1,카페테리아,새우튀김 우동
2023-03-05,0,3,Spring,1,0,1,카페테리아,새우튀김 우동
2023-03-06,0,3,Spring,0,0,0,카페테리아,새우튀김 우동
2023-03-07,0,3,Spring,0,0,0,카페테리아,새우튀김 우동
2023-03-08,0,3,Spring,0,0,0,카페테리아,새우튀김 우동
2023-03-09,0,3,Spring,0,0,0,카페테리아,새우튀김 우동
2023-03-10,0,3,Spring,0,0,0,카페테리아,새우튀김 우동
2023-03-11,0,3,Spring,1,0,1,카페테리아,새우튀김 우동
2023-03-12,0,3,Spring,1,0,1,카페테리아,새우튀김 우동
2023-03-13,0,3,Spring,0,0,0,카페테리아,새우튀김 우동
2023-03-14,0,3,Spring,0,0,0,카페테리아,새우튀김 우동
2023-03-15,0,3,Spring,0,0,0,카페테리아,새우튀김 우동
2023-03-16,0,3,Spring,0,0,0,카페테리아,새우튀김 우동
2023-03-17,0,3,Spring,0,0,0,카페테리아,새우튀김 우동
2023-03-18,0,3,Spring,1,0,1,카페테리아,새우튀김 우동
2023-03-19,0,3,Spring,1,0,1,카페테리아,새우튀김 우동
2023-03-20,0,3,Spring,0,0,0,카페테리아,새우튀김 우동
2023-03-21,0,3,Spring,0,0,0,카페테리아,새우튀김 우동
2023-03-22,0,3,Spring,0,0,0,카페테리아,새우튀김 우동
2023-03-23,0,3,Spring,0,0,0,카페테리아,새우튀김 우동
2023-03-24,0,3,Spring,0,0,0,카페테리아,새우튀김 우동
2023-03-25,0,3,Spring,1,0,1,카페테리아,새우튀김 우동
2023-03-26,0,3,Spring,1,0,1,카페테리아,새우튀김 우동
2023-03-27,0,3,Spring,0,0,0,카페테리아,새우튀김 우동
2023-03-28,0,3,Spring,0,0,0,카페테리아,새우튀김 우동
2023-03-29,0,3,Spring,0,0,0,카페테리아,새우튀김 우동
2023-03-30,0,3,Spring,0,0,0,카페테리아,새우튀김 우동
2023-03-31,0,3,Spring,0,0,0,카페테리아,새우튀김 우동
2023-04-01,0,4,Spring,1,0,1,카페테리아,새우튀김 우동
2023-04-02,0,4,Spring,1,0,1,카페테리아,새우튀김 우동
2023-04-03,0,4,Spring,0,0,0,카페테리아,새우튀김 우동
2023-04-04,0,4,Spring,0,0,0,카페테리아,새우튀김 우동
2023-04-05,0,4,Spring,0,0,0,카페테리아,새우튀김 우동
2023-04-06,0,4,Spring,0,0,0,카페테리아,새우튀김 우동
2023-04-07,0,4,Spring,0,0,0,카페테리아,새우튀김 우동
2023-04-08,0,4,Spring,1,0,1,카페테리아,새우튀김 우동
2023-04-09,0,4,Spring,1,0,1,카페테리아,새우튀김 우동
2023-04-10,0,4,Spring,0,0,0,카페테리아,새우튀김 우동
2023-04-11,0,4,Spring,0,0,0,카페테리아,새우튀김 우동
2023-04-12,0,4,Spring,0,0,0,카페테리아,새우튀김 우동
2023-04-13,0,4,Spring,0,0,0,카페테리아,새우튀김 우동
2023-04-14,0,4,Spring,0,0,0,카페테리아,새우튀김 우동
2023-04-15,0,4,Spring,1,0,1,카페테리아,새우튀김 우동
2023-04-16,0,4,Spring,1,0,1,카페테리아,새우튀김 우동
2023-04-17,0,4,Spring,0,0,0,카페테리아,새우튀김 우동
2023-04-18,0,4,Spring,0,0,0,카페테리아,새우튀김 우동
2023-04-19,0,4,Spring,0,0,0,카페테리아,새우튀김 우동
2023-04-20,0,4,Spring,0,0,0,카페테리아,새우튀김 우동
2023-04-21,0,4,Spring,0,0,0,카페테리아,새우튀김 우동
2023-04-22,0,4,Spring,1,0,1,카페테리아,새우튀김 우동
2023-04-23,0,4,Spring,1,0,1,카페테리아,새우튀김 우동
2023-04-24,0,4,Spring,0,0,0,카페테리아,새우튀김 우동
2023-04-25,0,4,Spring,0,0,0,카페테리아,새우튀김 우동
2023-04-26,0,4,Spring,0,0,0,카페테리아,새우튀김 우동
2023-04-27,0,4,Spring,0,0,0,카페테리아,새우튀김 우동
2023-04-28,0,4,Spring,0,0,0,카페테리아,새우튀김 우동
2023-04-29,0,4,Spring,1,0,1,카페테리아,새우튀김 우동
2023-04-30,0,4,Spring,1,0,1,카페테리아,새우튀김 우동
2023-05-01,0,5,Spring,0,0,0,카페테리아,새우튀김 우동
2023-05-02,0,5,Spring,0,0,0,카페테리아,새우튀김 우동
2023-05-03,0,5,Spring,0,0,0,카페테리아,새우튀김 우동
2023-05-04,0,5,Spring,0,0,0,카페테리아,새우튀김 우동
2023-05-05,0,5,Spring,0,1,1,카페테리아,새우튀김 우동
2023-05-06,0,5,Spring,1,0,1,카페테리아,새우튀김 우동
2023-05-07,0,5,Spring,1,0,1,카페테리아,새우튀김 우동
2023-05-08,0,5,Spring,0,0,0,카페테리아,새우튀김 우동
2023-05-09,0,5,Spring,0,0,0,카페테리아,새우튀김 우동
2023-05-10,0,5,Spring,0,0,0,카페테리아,새우튀김 우동
2023-05-11,0,5,Spring,0,0,0,카페테리아,새우튀김 우동
2023-05-12,0,5,Spring,0,0,0,카페테리아,새우튀김 우동
2023-05-13,0,5,Spring,1,0,1,카페테리아,새우튀김 우동
2023-05-14,0,5,Spring,1,0,1,카페테리아,새우튀김 우동
2023-05-15,0,5,Spring,0,0,0,카페테리아,새우튀김 우동
2023-05-16,0,5,Spring,0,0,0,카페테리아,새우튀김 우동
2023-05-17,0,5,Spring,0,0,0,카페테리아,새우튀김 우동
2023-05-18,0,5,Spring,0,0,0,카페테리아,새우튀김 우동
2023-05-19,0,5,Spring,0,0,0,카페테리아,새우튀김 우동
2023-05-20,0,5,Spring,1,0,1,카페테리아,새우튀김 우동
2023-05-21,0,5,Spring,1,0,1,카페테리아,새우튀김 우동
2023-05-22,0,5,Spring,0,0,0,카페테리아,새우튀김 우동
2023-05-23,0,5,Spring,0,0,0,카페테리아,새우튀김 우동
2023-05-24,0,5,Spring,0,0,0,카페테리아,새우튀김 우동
2023-05-25,0,5,Spring,0,0,0,카페테리아,새우튀김 우동
2023-05-26,0,5,Spring,0,0,0,카페테리아,새우튀김 우동
2023-05-27,0,5,Spring,1,1,1,카페테리아,새우튀김 우동
2023-05-28,0,5,Spring,1,0,1,카페테리아,새우튀김 우동
2023-05-29,0,5,Spring,0,1,1,카페테리아,새우튀김 우동
2023-05-30,0,5,Spring,0,0,0,카페테리아,새우튀김 우동
2023-05-31,0,5,Spring,0,0,0,카페테리아,새우튀김 우동
2023-06-01,0,6,Summer,0,0,0,카페테리아,새우튀김 우동
2023-06-02,0,6,Summer,0,0,0,카페테리아,새우튀김 우동
2023-06-03,0,6,Summer,1,0,1,카페테리아,새우튀김 우동
2023-06-04,0,6,Summer,1,0,1,카페테리아,새우튀김 우동
2023-06-05,0,6,Summer,0,0,0,카페테리아,새우튀김 우동
2023-06-06,0,6,Summer,0,1,1,카페테리아,새우튀김 우동
2023-06-07,0,6,Summer,0,0,0,카페테리아,새우튀김 우동
2023-06-08,0,6,Summer,0,0,0,카페테리아,새우튀김 우동
2023-06-09,0,6,Summer,0,0,0,카페테리아,새우튀김 우동
2023-06-10,0,6,Summer,1,0,1,카페테리아,새우튀김 우동
2023-06-11,0,6,Summer,1,0,1,카페테리아,새우튀김 우동
2023-06-12,0,6,Summer,0,0,0,카페테리아,새우튀김 우동
2023-06-13,0,6,Summer,0,0,0,카페테리아,새우튀김 우동
2023-06-14,0,6,Summer,0,0,0,카페테리아,새우튀김 우동
2023-06-15,0,6,Summer,0,0,0,카페테리아,새우튀김 우동
2023-06-16,0,6,Summer,0,0,0,카페테리아,새우튀김 우동
2023-06-17,0,6,Summer,1,0,1,카페테리아,새우튀김 우동
2023-06-18,0,6,Summer,1,0,1,카페테리아,새우튀김 우동
2023-06-19,0,6,Summer,0,0,0,카페테리아,새우튀김 우동
2023-06-20,0,6,Summer,0,0,0,카페테리아,새우튀김 우동
2023-06-21,0,6,Summer,0,0,0,카페테리아,새우튀김 우동
2023-06-22,0,6,Summer,0,0,0,카페테리아,새우튀김 우동
2023-06-23,0,6,Summer,0,0,0,카페테리아,새우튀김 우동
2023-06-24,0,6,Summer,1,0,1,카페테리아,새우튀김 우동
2023-06-25,0,6,Summer,1,0,1,카페테리아,새우튀김 우동
2023-06-26,0,6,Summer,0,0,0,카페테리아,새우튀김 우동
2023-06-27,0,6,Summer,0,0,0,카페테리아,새우튀김 우동
2023-06-28,0,6,Summer,0,0,0,카페테리아,새우튀김 우동
2023-06-29,0,6,Summer,0,0,0,카페테리아,새우튀김 우동
2023-06-30,0,6,Summer,0,0,0,카페테리아,새우튀김 우동
2023-07-01,0,7,Summer,1,0,1,카페테리아,새우튀김 우동
2023-07-02,0,7,Summer,1,0,1,카페테리아,새우튀김 우동
2023-07-03,0,7,Summer,0,0,0,카페테리아,새우튀김 우동
2023-07-04,0,7,Summer,0,0,0,카페테리아,새우튀김 우동
2023-07-05,0,7,Summer,0,0,0,카페테리아,새우튀김 우동
2023-07-06,0,7,Summer,0,0,0,카페테리아,새우튀김 우동
2023-07-07,0,7,Summer,0,0,0,카페테리아,새우튀김 우동
2023-07-08,0,7,Summer,1,0,1,카페테리아,새우튀김 우동
2023-07-09,0,7,Summer,1,0,1,카페테리아,새우튀김 우동
2023-07-10,0,7,Summer,0,0,0,카페테리아,새우튀김 우동
2023-07-11,0,7,Summer,0,0,0,카페테리아,새우튀김 우동
2023-07-12,0,7,Summer,0,0,0,카페테리아,새우튀김 우동
2023-07-13,0,7,Summer,0,0,0,카페테리아,새우튀김 우동
2023-07-14,0,7,Summer,0,0,0,카페테리아,새우튀김 우동
2023-07-15,0,7,Summer,1,0,1,카페테리아,새우튀김 우동
2023-07-16,0,7,Summer,1,0,1,카페테리아,새우튀김 우동
2023-07-17,0,7,Summer,0,0,0,카페테리아,새우튀김 우동
2023-07-18,0,7,Summer,0,0,0,카페테리아,새우튀김 우동
2023-07-19,0,7,Summer,0,0,0,카페테리아,새우튀김 우동
2023-07-20,0,7,Summer,0,0,0,카페테리아,새우튀김 우동
2023-07-21,0,7,Summer,0,0,0,카페테리아,새우튀김 우동
2023-07-22,0,7,Summer,1,0,1,카페테리아,새우튀김 우동
2023-07-23,0,7,Summer,1,0,1,카페테리아,새우튀김 우동
2023-07-24,0,7,Summer,0,0,0,카페테리아,새우튀김 우동
2023-07-25,0,7,Summer,0,0,0,카페테리아,새우튀김 우동
2023-07-26,0,7,Summer,0,0,0,카페테리아,새우튀김 우동
2023-07-27,0,7,Summer,0,0,0,카페테리아,새우튀김 우동
2023-07-28,0,7,Summer,0,0,0,카페테리아,새우튀김 우동
2023-07-29,0,7,Summer,1,0,1,카페테리아,새우튀김 우동
2023-07-30,0,7,Summer,1,0,1,카페테리아,새우튀김 우동
2023-07-31,0,7,Summer,0,0,0,카페테리아,새우튀김 우동
2023-08-01,0,8,Summer,0,0,0,카페테리아,새우튀김 우동
2023-08-02,0,8,Summer,0,0,0,카페테리아,새우튀김 우동
2023-08-03,0,8,Summer,0,0,0,카페테리아,새우튀김 우동
2023-08-04,0,8,Summer,0,0,0,카페테리아,새우튀김 우동
2023-08-05,0,8,Summer,1,0,1,카페테리아,새우튀김 우동
2023-08-06,0,8,Summer,1,0,1,카페테리아,새우튀김 우동
2023-08-07,0,8,Summer,0,0,0,카페테리아,새우튀김 우동
2023-08-08,0,8,Summer,0,0,0,카페테리아,새우튀김 우동
2023-08-09,0,8,Summer,0,0,0,카페테리아,새우튀김 우동
2023-08-10,0,8,Summer,0,0,0,카페테리아,새우튀김 우동
2023-08-11,0,8,Summer,0,0,0,카페테리아,새우튀김 우동
2023-08-12,0,8,Summer,1,0,1,카페테리아,새우튀김 우동
2023-08-13,0,8,Summer,1,0,1,카페테리아,새우튀김 우동
2023-08-14,0,8,Summer,0,0,0,카페테리아,새우튀김 우동
2023-08-15,0,8,Summer,0,1,1,카페테리아,새우튀김 우동
2023-08-16,0,8,Summer,0,0,0,카페테리아,새우튀김 우동
2023-08-17,0,8,Summer,0,0,0,카페테리아,새우튀김 우동
2023-08-18,0,8,Summer,0,0,0,카페테리아,새우튀김 우동
2023-08-19,0,8,Summer,1,0,1,카페테리아,새우튀김 우동
2023-08-20,0,8,Summer,1,0,1,카페테리아,새우튀김 우동
2023-08-21,0,8,Summer,0,0,0,카페테리아,새우튀김 우동
2023-08-22,0,8,Summer,0,0,0,카페테리아,새우튀김 우동
2023-08-23,0,8,Summer,0,0,0,카페테리아,새우튀김 우동
2023-08-24,0,8,Summer,0,0,0,카페테리아,새우튀김 우동
2023-08-25,0,8,Summer,0,0,0,카페테리아,새우튀김 우동
2023-08-26,0,8,Summer,1,0,1,카페테리아,새우튀김 우동
2023-08-27,0,8,Summer,1,0,1,카페테리아,새우튀김 우동
2023-08-28,0,8,Summer,0,0,0,카페테리아,새우튀김 우동
2023-08-29,0,8,Summer,0,0,0,카페테리아,새우튀김 우동
2023-08-30,0,8,Summer,0,0,0,카페테리아,새우튀김 우동
2023-08-31,0,8,Summer,0,0,0,카페테리아,새우튀김 우동
2023-09-01,0,9,Autumn,0,0,0,카페테리아,새우튀김 우동
2023-09-02,0,9,Autumn,1,0,1,카페테리아,새우튀김 우동
2023-09-03,0,9,Autumn,1,0,1,카페테리아,새우튀김 우동
2023-09-04,0,9,Autumn,0,0,0,카페테리아,새우튀김 우동
2023-09-05,0,9,Autumn,0,0,0,카페테리아,새우튀김 우동
2023-09-06,0,9,Autumn,0,0,0,카페테리아,새우튀김 우동
2023-09-07,0,9,Autumn,0,0,0,카페테리아,새우튀김 우동
2023-09-08,0,9,Autumn,0,0,0,카페테리아,새우튀김 우동
2023-09-09,0,9,Autumn,1,0,1,카페테리아,새우튀김 우동
2023-09-10,0,9,Autumn,1,0,1,카페테리아,새우튀김 우동
2023-09-11,0,9,Autumn,0,0,0,카페테리아,새우튀김 우동
2023-09-12,0,9,Autumn,0,0,0,카페테리아,새우튀김 우동
2023-09-13,0,9,Autumn,0,0,0,카페테리아,새우튀김 우동
2023-09-14,0,9,Autumn,0,0,0,카페테리아,새우튀김 우동
2023-09-15,0,9,Autumn,0,0,0,카페테리아,새우튀김 우동
2023-09-16,0,9,Autumn,1,0,1,카페테리아,새우튀김 우동
2023-09-17,0,9,Autumn,1,0,1,카페테리아,새우튀김 우동
2023-09-18,0,9,Autumn,0,0,0,카페테리아,새우튀김 우동
2023-09-19,0,9,Autumn,0,0,0,카페테리아,새우튀김 우동
2023-09-20,0,9,Autumn,0,0,0,카페테리아,새우튀김 우동
2023-09-21,0,9,Autumn,0,0,0,카페테리아,새우튀김 우동
2023-09-22,0,9,Autumn,0,0,0,카페테리아,새우튀김 우동
2023-09-23,0,9,Autumn,1,0,1,카페테리아,새우튀김 우동
2023-09-24,0,9,Autumn,1,0,1,카페테리아,새우튀김 우동
2023-09-25,0,9,Autumn,0,0,0,카페테리아,새우튀김 우동
2023-09-26,0,9,Autumn,0,0,0,카페테리아,새우튀김 우동
2023-09-27,0,9,Autumn,0,0,0,카페테리아,새우튀김 우동
2023-09-28,0,9,Autumn,0,1,1,카페테리아,새우튀김 우동
2023-09-29,0,9,Autumn,0,1,1,카페테리아,새우튀김 우동
2023-09-30,0,9,Autumn,1,1,1,카페테리아,새우튀김 우동
2023-10-01,0,10,Autumn,1,0,1,카페테리아,새우튀김 우동
2023-10-02,0,10,Autumn,0,1,1,카페테리아,새우튀김 우동
2023-10-03,0,10,Autumn,0,1,1,카페테리아,새우튀김 우동
2023-10-04,0,10,Autumn,0,0,0,카페테리아,새우튀김 우동
2023-10-05,0,10,Autumn,0,0,0,카페테리아,새우튀김 우동
2023-10-06,0,10,Autumn,0,0,0,카페테리아,새우튀김 우동
2023-10-07,0,10,Autumn,1,0,1,카페테리아,새우튀김 우동
2023-10-08,0,10,Autumn,1,0,1,카페테리아,새우튀김 우동
2023-10-09,0,10,Autumn,0,1,1,카페테리아,새우튀김 우동
2023-10-10,0,10,Autumn,0,0,0,카페테리아,새우튀김 우동
2023-10-11,0,10,Autumn,0,0,0,카페테리아,새우튀김 우동
2023-10-12,0,10,Autumn,0,0,0,카페테리아,새우튀김 우동
2023-10-13,0,10,Autumn,0,0,0,카페테리아,새우튀김 우동
2023-10-14,0,10,Autumn,1,0,1,카페테리아,새우튀김 우동
2023-10-15,0,10,Autumn,1,0,1,카페테리아,새우튀김 우동
2023-10-16,0,10,Autumn,0,0,0,카페테리아,새우튀김 우동
2023-10-17,0,10,Autumn,0,0,0,카페테리아,새우튀김 우동
2023-10-18,0,10,Autumn,0,0,0,카페테리아,새우튀김 우동
2023-10-19,0,10,Autumn,0,0,0,카페테리아,새우튀김 우동
2023-10-20,0,10,Autumn,0,0,0,카페테리아,새우튀김 우동
2023-10-21,0,10,Autumn,1,0,1,카페테리아,새우튀김 우동
2023-10-22,0,10,Autumn,1,0,1,카페테리아,새우튀김 우동
2023-10-23,0,10,Autumn,0,0,0,카페테리아,새우튀김 우동
2023-10-24,0,10,Autumn,0,0,0,카페테리아,새우튀김 우동
2023-10-25,0,10,Autumn,0,0,0,카페테리아,새우튀김 우동
2023-10-26,0,10,Autumn,0,0,0,카페테리아,새우튀김 우동
2023-10-27,0,10,Autumn,0,0,0,카페테리아,새우튀김 우동
2023-10-28,0,10,Autumn,1,0,1,카페테리아,새우튀김 우동
2023-10-29,0,10,Autumn,1,0,1,카페테리아,새우튀김 우동
2023-10-30,0,10,Autumn,0,0,0,카페테리아,새우튀김 우동
2023-10-31,0,10,Autumn,0,0,0,카페테리아,새우튀김 우동
2023-11-01,0,11,Autumn,0,0,0,카페테리아,새우튀김 우동
2023-11-02,0,11,Autumn,0,0,0,카페테리아,새우튀김 우동
2023-11-03,0,11,Autumn,0,0,0,카페테리아,새우튀김 우동
2023-11-04,0,11,Autumn,1,0,1,카페테리아,새우튀김 우동
2023-11-05,0,11,Autumn,1,0,1,카페테리아,새우튀김 우동
2023-11-06,0,11,Autumn,0,0,0,카페테리아,새우튀김 우동
2023-11-07,0,11,Autumn,0,0,0,카페테리아,새우튀김 우동
2023-11-08,0,11,Autumn,0,0,0,카페테리아,새우튀김 우동
2023-11-09,0,11,Autumn,0,0,0,카페테리아,새우튀김 우동
2023-11-10,0,11,Autumn,0,0,0,카페테리아,새우튀김 우동
2023-11-11,0,11,Autumn,1,0,1,카페테리아,새우튀김 우동
2023-11-12,0,11,Autumn,1,0,1,카페테리아,새우튀김 우동
2023-11-13,0,11,Autumn,0,0,0,카페테리아,새우튀김 우동
2023-11-14,0,11,Autumn,0,0,0,카페테리아,새우튀김 우동
2023-11-15,0,11,Autumn,0,0,0,카페테리아,새우튀김 우동
2023-11-16,0,11,Autumn,0,0,0,카페테리아,새우튀김 우동
2023-11-17,0,11,Autumn,0,0,0,카페테리아,새우튀김 우동
2023-11-18,0,11,Autumn,1,0,1,카페테리아,새우튀김 우동
2023-11-19,0,11,Autumn,1,0,1,카페테리아,새우튀김 우동
2023-11-20,0,11,Autumn,0,0,0,카페테리아,새우튀김 우동
2023-11-21,0,11,Autumn,0,0,0,카페테리아,새우튀김 우동
2023-11-22,0,11,Autumn,0,0,0,카페테리아,새우튀김 우동
2023-11-23,0,11,Autumn,0,0,0,카페테리아,새우튀김 우동
2023-11-24,0,11,Autumn,0,0,0,카페테리아,새우튀김 우동
2023-11-25,0,11,Autumn,1,0,1,카페테리아,새우튀김 우동
2023-11-26,0,11,Autumn,1,0,1,카페테리아,새우튀김 우동
2023-11-27,0,11,Autumn,0,0,0,카페테리아,새우튀김 우동
2023-11-28,0,11,Autumn,0,0,0,카페테리아,새우튀김 우동
2023-11-29,0,11,Autumn,0,0,0,카페테리아,새우튀김 우동
2023-11-30,0,11,Autumn,0,0,0,카페테리아,새우튀김 우동
2023-12-01,0,12,Winter,0,0,0,카페테리아,새우튀김 우동
2023-12-02,0,12,Winter,1,0,1,카페테리아,새우튀김 우동
2023-12-03,0,12,Winter,1,0,1,카페테리아,새우튀김 우동
2023-12-04,0,12,Winter,0,0,0,카페테리아,새우튀김 우동
2023-12-05,0,12,Winter,0,0,0,카페테리아,새우튀김 우동
2023-12-06,0,12,Winter,0,0,0,카페테리아,새우튀김 우동
2023-12-07,2,12,Winter,0,0,0,카페테리아,새우튀김 우동
2023-12-08,23,12,Winter,0,0,0,카페테리아,새우튀김 우동
2023-12-09,32,12,Winter,1,0,1,카페테리아,새우튀김 우동
2023-12-10,29,12,Winter,1,0,1,카페테리아,새우튀김 우동
2023-12-11,10,12,Winter,0,0,0,카페테리아,새우튀김 우동
2023-12-12,15,12,Winter,0,0,0,카페테리아,새우튀김 우동
2023-12-13,10,12,Winter,0,0,0,카페테리아,새우튀김 우동
2023-12-14,1,12,Winter,0,0,0,카페테리아,새우튀김 우동
2023-12-15,3,12,Winter,0,0,0,카페테리아,새우튀김 우동
2023-12-16,39,12,Winter,1,0,1,카페테리아,새우튀김 우동
2023-12-17,27,12,Winter,1,0,1,카페테리아,새우튀김 우동
2023-12-18,54,12,Winter,0,0,0,카페테리아,새우튀김 우동
2023-12-19,53,12,Winter,0,0,0,카페테리아,새우튀김 우동
2023-12-20,53,12,Winter,0,0,0,카페테리아,새우튀김 우동
2023-12-21,58,12,Winter,0,0,0,카페테리아,새우튀김 우동
2023-12-22,45,12,Winter,0,0,0,카페테리아,새우튀김 우동
2023-12-23,91,12,Winter,1,0,1,카페테리아,새우튀김 우동
2023-12-24,95,12,Winter,1,0,1,카페테리아,새우튀김 우동
2023-12-25,70,12,Winter,0,1,1,카페테리아,새우튀김 우동
2023-12-26,70,12,Winter,0,0,0,카페테리아,새우튀김 우동
2023-12-27,57,12,Winter,0,0,0,카페테리아,새우튀김 우동
2023-12-28,60,12,Winter,0,0,0,카페테리아,새우튀김 우동
2023-12-29,57,12,Winter,0,0,0,카페테리아,새우튀김 우동
2023-12-30,95,12,Winter,1,0,1,카페테리아,새우튀김 우동
2023-12-31,82,12,Winter,1,0,1,카페테리아,새우튀김 우동
2024-01-01,77,1,Winter,0,1,1,카페테리아,새우튀김 우동
2024-01-02,55,1,Winter,0,0,0,카페테리아,새우튀김 우동
2024-01-03,44,1,Winter,0,0,0,카페테리아,새우튀김 우동
2024-01-04,47,1,Winter,0,0,0,카페테리아,새우튀김 우동
2024-01-05,29,1,Winter,0,0,0,카페테리아,새우튀김 우동
2024-01-06,75,1,Winter,1,0,1,카페테리아,새우튀김 우동
2024-01-07,97,1,Winter,1,0,1,카페테리아,새우튀김 우동
2024-01-08,48,1,Winter,0,0,0,카페테리아,새우튀김 우동
2024-01-09,52,1,Winter,0,0,0,카페테리아,새우튀김 우동
2024-01-10,52,1,Winter,0,0,0,카페테리아,새우튀김 우동
2024-01-11,69,1,Winter,0,0,0,카페테리아,새우튀김 우동
2024-01-12,50,1,Winter,0,0,0,카페테리아,새우튀김 우동
2024-01-13,163,1,Winter,1,0,1,카페테리아,새우튀김 우동
2024-01-14,72,1,Winter,1,0,1,카페테리아,새우튀김 우동
2024-01-15,55,1,Winter,0,0,0,카페테리아,새우튀김 우동
2024-01-16,53,1,Winter,0,0,0,카페테리아,새우튀김 우동
2024-01-17,50,1,Winter,0,0,0,카페테리아,새우튀김 우동
2024-01-18,40,1,Winter,0,0,0,카페테리아,새우튀김 우동
2024-01-19,54,1,Winter,0,0,0,카페테리아,새우튀김 우동
2024-01-20,103,1,Winter,1,0,1,카페테리아,새우튀김 우동
2024-01-21,97,1,Winter,1,0,1,카페테리아,새우튀김 우동
2024-01-22,54,1,Winter,0,0,0,카페테리아,새우튀김 우동
2024-01-23,40,1,Winter,0,0,0,카페테리아,새우튀김 우동
2024-01-24,45,1,Winter,0,0,0,카페테리아,새우튀김 우동
2024-01-25,51,1,Winter,0,0,0,카페테리아,새우튀김 우동
2024-01-26,60,1,Winter,0,0,0,카페테리아,새우튀김 우동
2024-01-27,71,1,Winter,1,0,1,카페테리아,새우튀김 우동
2024-01-28,76,1,Winter,1,0,1,카페테리아,새우튀김 우동
2024-01-29,45,1,Winter,0,0,0,카페테리아,새우튀김 우동
2024-01-30,47,1,Winter,0,0,0,카페테리아,새우튀김 우동
2024-01-31,60,1,Winter,0,0,0,카페테리아,새우튀김 우동
2024-02-01,35,2,Winter,0,0,0,카페테리아,새우튀김 우동
2024-02-02,52,2,Winter,0,0,0,카페테리아,새우튀김 우동
2024-02-03,83,2,Winter,1,0,1,카페테리아,새우튀김 우동
2024-02-04,62,2,Winter,1,0,1,카페테리아,새우튀김 우동
2024-02-05,25,2,Winter,0,0,0,카페테리아,새우튀김 우동
2024-02-06,45,2,Winter,0,0,0,카페테리아,새우튀김 우동
2024-02-07,28,2,Winter,0,0,0,카페테리아,새우튀김 우동
2024-02-08,54,2,Winter,0,0,0,카페테리아,새우튀김 우동
2024-02-09,38,2,Winter,0,1,1,카페테리아,새우튀김 우동
2024-02-10,34,2,Winter,1,1,1,카페테리아,새우튀김 우동
2024-02-11,85,2,Winter,1,1,1,카페테리아,새우튀김 우동
2024-02-12,61,2,Winter,0,1,1,카페테리아,새우튀김 우동
2024-02-13,36,2,Winter,0,0,0,카페테리아,새우튀김 우동
2024-02-14,12,2,Winter,0,0,0,카페테리아,새우튀김 우동
2024-02-15,8,2,Winter,0,0,0,카페테리아,새우튀김 우동
2024-02-16,44,2,Winter,0,0,0,카페테리아,새우튀김 우동
2024-02-17,67,2,Winter,1,0,1,카페테리아,새우튀김 우동
2024-02-18,44,2,Winter,1,0,1,카페테리아,새우튀김 우동
2024-02-19,7,2,Winter,0,0,0,카페테리아,새우튀김 우동
2024-02-20,26,2,Winter,0,0,0,카페테리아,새우튀김 우동
2024-02-21,12,2,Winter,0,0,0,카페테리아,새우튀김 우동
2024-02-22,41,2,Winter,0,0,0,카페테리아,새우튀김 우동
2024-02-23,36,2,Winter,0,0,0,카페테리아,새우튀김 우동
2024-02-24,49,2,Winter,1,0,1,카페테리아,새우튀김 우동
2024-02-25,52,2,Winter,1,0,1,카페테리아,새우튀김 우동
2024-02-26,39,2,Winter,0,0,0,카페테리아,새우튀김 우동
2024-02-27,18,2,Winter,0,0,0,카페테리아,새우튀김 우동
2024-02-28,27,2,Winter,0,0,0,카페테리아,새우튀김 우동
2024-02-29,11,2,Winter,0,0,0,카페테리아,새우튀김 우동
2024-03-01,42,3,Spring,0,1,1,카페테리아,새우튀김 우동
2024-03-02,24,3,Spring,1,0,1,카페테리아,새우튀김 우동
2024-03-03,14,3,Spring,1,0,1,카페테리아,새우튀김 우동
2024-03-04,0,3,Spring,0,0,0,카페테리아,새우튀김 우동
2024-03-05,0,3,Spring,0,0,0,카페테리아,새우튀김 우동
2024-03-06,0,3,Spring,0,0,0,카페테리아,새우튀김 우동
2024-03-07,0,3,Spring,0,0,0,카페테리아,새우튀김 우동
2024-03-08,0,3,Spring,0,0,0,카페테리아,새우튀김 우동
2024-03-09,0,3,Spring,1,0,1,카페테리아,새우튀김 우동
2024-03-10,0,3,Spring,1,0,1,카페테리아,새우튀김 우동
2024-03-11,0,3,Spring,0,0,0,카페테리아,새우튀김 우동
2024-03-12,0,3,Spring,0,0,0,카페테리아,새우튀김 우동
2024-03-13,0,3,Spring,0,0,0,카페테리아,새우튀김 우동
2024-03-14,0,3,Spring,0,0,0,카페테리아,새우튀김 우동
2024-03-15,0,3,Spring,0,0,0,카페테리아,새우튀김 우동
2024-03-16,0,3,Spring,1,0,1,카페테리아,새우튀김 우동
2024-03-17,0,3,Spring,1,0,1,카페테리아,새우튀김 우동
2024-03-18,0,3,Spring,0,0,0,카페테리아,새우튀김 우동
2024-03-19,0,3,Spring,0,0,0,카페테리아,새우튀김 우동
2024-03-20,0,3,Spring,0,0,0,카페테리아,새우튀김 우동
2024-03-21,0,3,Spring,0,0,0,카페테리아,새우튀김 우동
2024-03-22,0,3,Spring,0,0,0,카페테리아,새우튀김 우동
2024-03-23,0,3,Spring,1,0,1,카페테리아,새우튀김 우동
2024-03-24,0,3,Spring,1,0,1,카페테리아,새우튀김 우동
2024-03-25,0,3,Spring,0,0,0,카페테리아,새우튀김 우동
2024-03-26,0,3,Spring,0,0,0,카페테리아,새우튀김 우동
2024-03-27,0,3,Spring,0,0,0,카페테리아,새우튀김 우동
2024-03-28,0,3,Spring,0,0,0,카페테리아,새우튀김 우동
2024-03-29,0,3,Spring,0,0,0,카페테리아,새우튀김 우동
2024-03-30,0,3,Spring,1,0,1,카페테리아,새우튀김 우동
2024-03-31,0,3,Spring,1,0,1,카페테리아,새우튀김 우동
2024-04-01,0,4,Spring,0,0,0,카페테리아,새우튀김 우동
2024-04-02,0,4,Spring,0,0,0,카페테리아,새우튀김 우동
2024-04-03,0,4,Spring,0,0,0,카페테리아,새우튀김 우동
2024-04-04,0,4,Spring,0,0,0,카페테리아,새우튀김 우동
2024-04-05,0,4,Spring,0,0,0,카페테리아,새우튀김 우동
2024-04-06,0,4,Spring,1,0,1,카페테리아,새우튀김 우동
2024-04-07,0,4,Spring,1,0,1,카페테리아,새우튀김 우동
2024-04-08,0,4,Spring,0,0,0,카페테리아,새우튀김 우동
2024-04-09,0,4,Spring,0,0,0,카페테리아,새우튀김 우동
2024-04-10,0,4,Spring,0,1,1,카페테리아,새우튀김 우동
2024-04-11,0,4,Spring,0,0,0,카페테리아,새우튀김 우동
2024-04-12,0,4,Spring,0,0,0,카페테리아,새우튀김 우동
2024-04-13,0,4,Spring,1,0,1,카페테리아,새우튀김 우동
2024-04-14,0,4,Spring,1,0,1,카페테리아,새우튀김 우동
2024-04-15,0,4,Spring,0,0,0,카페테리아,새우튀김 우동
2024-04-16,0,4,Spring,0,0,0,카페테리아,새우튀김 우동
2024-04-17,0,4,Spring,0,0,0,카페테리아,새우튀김 우동
2024-04-18,0,4,Spring,0,0,0,카페테리아,새우튀김 우동
2024-04-19,0,4,Spring,0,0,0,카페테리아,새우튀김 우동
2024-04-20,0,4,Spring,1,0,1,카페테리아,새우튀김 우동
2024-04-21,0,4,Spring,1,0,1,카페테리아,새우튀김 우동
2024-04-22,0,4,Spring,0,0,0,카페테리아,새우튀김 우동
2024-04-23,0,4,Spring,0,0,0,카페테리아,새우튀김 우동
2024-04-24,0,4,Spring,0,0,0,카페테리아,새우튀김 우동
2024-04-25,0,4,Spring,0,0,0,카페테리아,새우튀김 우동
2024-04-26,0,4,Spring,0,0,0,카페테리아,새우튀김 우동
2024-04-27,0,4,Spring,1,0,1,카페테리아,새우튀김 우동
2024-04-28,0,4,Spring,1,0,1,카페테리아,새우튀김 우동
2024-04-29,0,4,Spring,0,0,0,카페테리아,새우튀김 우동
2024-04-30,0,4,Spring,0,0,0,카페테리아,새우튀김 우동
2024-05-01,0,5,Spring,0,0,0,카페테리아,새우튀김 우동
2024-05-02,0,5,Spring,0,0,0,카페테리아,새우튀김 우동
2024-05-03,0,5,Spring,0,0,0,카페테리아,새우튀김 우동
2024-05-04,0,5,Spring,1,0,1,카페테리아,새우튀김 우동
2024-05-05,0,5,Spring,1,1,1,카페테리아,새우튀김 우동
2024-05-06,0,5,Spring,0,1,1,카페테리아,새우튀김 우동
2024-05-07,0,5,Spring,0,0,0,카페테리아,새우튀김 우동
2024-05-08,0,5,Spring,0,0,0,카페테리아,새우튀김 우동
2024-05-09,0,5,Spring,0,0,0,카페테리아,새우튀김 우동
2024-05-10,0,5,Spring,0,0,0,카페테리아,새우튀김 우동
2024-05-11,0,5,Spring,1,0,1,카페테리아,새우튀김 우동
2024-05-12,0,5,Spring,1,0,1,카페테리아,새우튀김 우동
2024-05-13,0,5,Spring,0,0,0,카페테리아,새우튀김 우동
2024-05-14,0,5,Spring,0,0,0,카페테리아,새우튀김 우동
2024-05-15,0,5,Spring,0,1,1,카페테리아,새우튀김 우동
2024-05-16,0,5,Spring,0,0,0,카페테리아,새우튀김 우동
2024-05-17,0,5,Spring,0,0,0,카페테리아,새우튀김 우동
2024-05-18,0,5,Spring,1,0,1,카페테리아,새우튀김 우동
2024-05-19,0,5,Spring,1,0,1,카페테리아,새우튀김 우동
2024-05-20,0,5,Spring,0,0,0,카페테리아,새우튀김 우동
2024-05-21,0,5,Spring,0,0,0,카페테리아,새우튀김 우동
2024-05-22,0,5,Spring,0,0,0,카페테리아,새우튀김 우동
2024-05-23,0,5,Spring,0,0,0,카페테리아,새우튀김 우동
2024-05-24,0,5,Spring,0,0,0,카페테리아,새우튀김 우동
2024-05-25,0,5,Spring,1,0,1,카페테리아,새우튀김 우동
2024-05-26,0,5,Spring,1,0,1,카페테리아,새우튀김 우동
2024-05-27,0,5,Spring,0,0,0,카페테리아,새우튀김 우동
2024-05-28,0,5,Spring,0,0,0,카페테리아,새우튀김 우동
2024-05-29,0,5,Spring,0,0,0,카페테리아,새우튀김 우동
2024-05-30,0,5,Spring,0,0,0,카페테리아,새우튀김 우동
2024-05-31,0,5,Spring,0,0,0,카페테리아,새우튀김 우동
2024-06-01,0,6,Summer,1,0,1,카페테리아,새우튀김 우동
2024-06-02,0,6,Summer,1,0,1,카페테리아,새우튀김 우동
2024-06-03,0,6,Summer,0,0,0,카페테리아,새우튀김 우동
2024-06-04,0,6,Summer,0,0,0,카페테리아,새우튀김 우동
2024-06-05,0,6,Summer,0,0,0,카페테리아,새우튀김 우동
2024-06-06,0,6,Summer,0,1,1,카페테리아,새우튀김 우동
2024-06-07,0,6,Summer,0,0,0,카페테리아,새우튀김 우동
2024-06-08,0,6,Summer,1,0,1,카페테리아,새우튀김 우동
2024-06-09,0,6,Summer,1,0,1,카페테리아,새우튀김 우동
2024-06-10,0,6,Summer,0,0,0,카페테리아,새우튀김 우동
2024-06-11,0,6,Summer,0,0,0,카페테리아,새우튀김 우동
2024-06-12,0,6,Summer,0,0,0,카페테리아,새우튀김 우동
2024-06-13,0,6,Summer,0,0,0,카페테리아,새우튀김 우동
2024-06-14,0,6,Summer,0,0,0,카페테리아,새우튀김 우동
2024-06-15,0,6,Summer,1,0,1,카페테리아,새우튀김 우동
2023-01-01,5,1,Winter,1,1,1,카페테리아,샷 추가
2023-01-02,4,1,Winter,0,0,0,카페테리아,샷 추가
2023-01-03,3,1,Winter,0,0,0,카페테리아,샷 추가
2023-01-04,6,1,Winter,0,0,0,카페테리아,샷 추가
2023-01-05,4,1,Winter,0,0,0,카페테리아,샷 추가
2023-01-06,3,1,Winter,0,0,0,카페테리아,샷 추가
2023-01-07,9,1,Winter,1,0,1,카페테리아,샷 추가
2023-01-08,4,1,Winter,1,0,1,카페테리아,샷 추가
2023-01-09,10,1,Winter,0,0,0,카페테리아,샷 추가
2023-01-10,10,1,Winter,0,0,0,카페테리아,샷 추가
2023-01-11,9,1,Winter,0,0,0,카페테리아,샷 추가
2023-01-12,14,1,Winter,0,0,0,카페테리아,샷 추가
2023-01-13,0,1,Winter,0,0,0,카페테리아,샷 추가
2023-01-14,6,1,Winter,1,0,1,카페테리아,샷 추가
2023-01-15,4,1,Winter,1,0,1,카페테리아,샷 추가
2023-01-16,5,1,Winter,0,0,0,카페테리아,샷 추가
2023-01-17,5,1,Winter,0,0,0,카페테리아,샷 추가
2023-01-18,5,1,Winter,0,0,0,카페테리아,샷 추가
2023-01-19,6,1,Winter,0,0,0,카페테리아,샷 추가
2023-01-20,6,1,Winter,0,0,0,카페테리아,샷 추가
2023-01-21,14,1,Winter,1,1,1,카페테리아,샷 추가
2023-01-22,10,1,Winter,1,1,1,카페테리아,샷 추가
2023-01-23,7,1,Winter,0,1,1,카페테리아,샷 추가
2023-01-24,5,1,Winter,0,1,1,카페테리아,샷 추가
2023-01-25,3,1,Winter,0,0,0,카페테리아,샷 추가
2023-01-26,1,1,Winter,0,0,0,카페테리아,샷 추가
2023-01-27,4,1,Winter,0,0,0,카페테리아,샷 추가
2023-01-28,8,1,Winter,1,0,1,카페테리아,샷 추가
2023-01-29,11,1,Winter,1,0,1,카페테리아,샷 추가
2023-01-30,9,1,Winter,0,0,0,카페테리아,샷 추가
2023-01-31,8,1,Winter,0,0,0,카페테리아,샷 추가
2023-02-01,16,2,Winter,0,0,0,카페테리아,샷 추가
2023-02-02,4,2,Winter,0,0,0,카페테리아,샷 추가
2023-02-03,4,2,Winter,0,0,0,카페테리아,샷 추가
2023-02-04,18,2,Winter,1,0,1,카페테리아,샷 추가
2023-02-05,11,2,Winter,1,0,1,카페테리아,샷 추가
2023-02-06,5,2,Winter,0,0,0,카페테리아,샷 추가
2023-02-07,6,2,Winter,0,0,0,카페테리아,샷 추가
2023-02-08,16,2,Winter,0,0,0,카페테리아,샷 추가
2023-02-09,9,2,Winter,0,0,0,카페테리아,샷 추가
2023-02-10,1,2,Winter,0,0,0,카페테리아,샷 추가
2023-02-11,18,2,Winter,1,0,1,카페테리아,샷 추가
2023-02-12,5,2,Winter,1,0,1,카페테리아,샷 추가
2023-02-13,5,2,Winter,0,0,0,카페테리아,샷 추가
2023-02-14,6,2,Winter,0,0,0,카페테리아,샷 추가
2023-02-15,3,2,Winter,0,0,0,카페테리아,샷 추가
2023-02-16,5,2,Winter,0,0,0,카페테리아,샷 추가
2023-02-17,10,2,Winter,0,0,0,카페테리아,샷 추가
2023-02-18,7,2,Winter,1,0,1,카페테리아,샷 추가
2023-02-19,7,2,Winter,1,0,1,카페테리아,샷 추가
2023-02-20,6,2,Winter,0,0,0,카페테리아,샷 추가
2023-02-21,1,2,Winter,0,0,0,카페테리아,샷 추가
2023-02-22,3,2,Winter,0,0,0,카페테리아,샷 추가
2023-02-23,2,2,Winter,0,0,0,카페테리아,샷 추가
2023-02-24,3,2,Winter,0,0,0,카페테리아,샷 추가
2023-02-25,14,2,Winter,1,0,1,카페테리아,샷 추가
2023-02-26,10,2,Winter,1,0,1,카페테리아,샷 추가
2023-02-27,4,2,Winter,0,0,0,카페테리아,샷 추가
2023-02-28,1,2,Winter,0,0,0,카페테리아,샷 추가
2023-03-01,0,3,Spring,0,1,1,카페테리아,샷 추가
2023-03-02,0,3,Spring,0,0,0,카페테리아,샷 추가
2023-03-03,0,3,Spring,0,0,0,카페테리아,샷 추가
2023-03-04,0,3,Spring,1,0,1,카페테리아,샷 추가
2023-03-05,0,3,Spring,1,0,1,카페테리아,샷 추가
2023-03-06,0,3,Spring,0,0,0,카페테리아,샷 추가
2023-03-07,0,3,Spring,0,0,0,카페테리아,샷 추가
2023-03-08,0,3,Spring,0,0,0,카페테리아,샷 추가
2023-03-09,0,3,Spring,0,0,0,카페테리아,샷 추가
2023-03-10,0,3,Spring,0,0,0,카페테리아,샷 추가
2023-03-11,0,3,Spring,1,0,1,카페테리아,샷 추가
2023-03-12,0,3,Spring,1,0,1,카페테리아,샷 추가
2023-03-13,0,3,Spring,0,0,0,카페테리아,샷 추가
2023-03-14,0,3,Spring,0,0,0,카페테리아,샷 추가
2023-03-15,0,3,Spring,0,0,0,카페테리아,샷 추가
2023-03-16,0,3,Spring,0,0,0,카페테리아,샷 추가
2023-03-17,0,3,Spring,0,0,0,카페테리아,샷 추가
2023-03-18,0,3,Spring,1,0,1,카페테리아,샷 추가
2023-03-19,0,3,Spring,1,0,1,카페테리아,샷 추가
2023-03-20,0,3,Spring,0,0,0,카페테리아,샷 추가
2023-03-21,0,3,Spring,0,0,0,카페테리아,샷 추가
2023-03-22,0,3,Spring,0,0,0,카페테리아,샷 추가
2023-03-23,0,3,Spring,0,0,0,카페테리아,샷 추가
2023-03-24,0,3,Spring,0,0,0,카페테리아,샷 추가
2023-03-25,0,3,Spring,1,0,1,카페테리아,샷 추가
2023-03-26,0,3,Spring,1,0,1,카페테리아,샷 추가
2023-03-27,0,3,Spring,0,0,0,카페테리아,샷 추가
2023-03-28,0,3,Spring,0,0,0,카페테리아,샷 추가
2023-03-29,0,3,Spring,0,0,0,카페테리아,샷 추가
2023-03-30,0,3,Spring,0,0,0,카페테리아,샷 추가
2023-03-31,0,3,Spring,0,0,0,카페테리아,샷 추가
2023-04-01,0,4,Spring,1,0,1,카페테리아,샷 추가
2023-04-02,0,4,Spring,1,0,1,카페테리아,샷 추가
2023-04-03,0,4,Spring,0,0,0,카페테리아,샷 추가
2023-04-04,0,4,Spring,0,0,0,카페테리아,샷 추가
2023-04-05,0,4,Spring,0,0,0,카페테리아,샷 추가
2023-04-06,0,4,Spring,0,0,0,카페테리아,샷 추가
2023-04-07,0,4,Spring,0,0,0,카페테리아,샷 추가
2023-04-08,0,4,Spring,1,0,1,카페테리아,샷 추가
2023-04-09,0,4,Spring,1,0,1,카페테리아,샷 추가
2023-04-10,0,4,Spring,0,0,0,카페테리아,샷 추가
2023-04-11,0,4,Spring,0,0,0,카페테리아,샷 추가
2023-04-12,0,4,Spring,0,0,0,카페테리아,샷 추가
2023-04-13,0,4,Spring,0,0,0,카페테리아,샷 추가
2023-04-14,0,4,Spring,0,0,0,카페테리아,샷 추가
2023-04-15,0,4,Spring,1,0,1,카페테리아,샷 추가
2023-04-16,0,4,Spring,1,0,1,카페테리아,샷 추가
2023-04-17,0,4,Spring,0,0,0,카페테리아,샷 추가
2023-04-18,0,4,Spring,0,0,0,카페테리아,샷 추가
2023-04-19,0,4,Spring,0,0,0,카페테리아,샷 추가
2023-04-20,0,4,Spring,0,0,0,카페테리아,샷 추가
2023-04-21,0,4,Spring,0,0,0,카페테리아,샷 추가
2023-04-22,0,4,Spring,1,0,1,카페테리아,샷 추가
2023-04-23,0,4,Spring,1,0,1,카페테리아,샷 추가
2023-04-24,0,4,Spring,0,0,0,카페테리아,샷 추가
2023-04-25,0,4,Spring,0,0,0,카페테리아,샷 추가
2023-04-26,0,4,Spring,0,0,0,카페테리아,샷 추가
2023-04-27,0,4,Spring,0,0,0,카페테리아,샷 추가
2023-04-28,0,4,Spring,0,0,0,카페테리아,샷 추가
2023-04-29,0,4,Spring,1,0,1,카페테리아,샷 추가
2023-04-30,0,4,Spring,1,0,1,카페테리아,샷 추가
2023-05-01,0,5,Spring,0,0,0,카페테리아,샷 추가
2023-05-02,0,5,Spring,0,0,0,카페테리아,샷 추가
2023-05-03,0,5,Spring,0,0,0,카페테리아,샷 추가
2023-05-04,0,5,Spring,0,0,0,카페테리아,샷 추가
2023-05-05,0,5,Spring,0,1,1,카페테리아,샷 추가
2023-05-06,0,5,Spring,1,0,1,카페테리아,샷 추가
2023-05-07,0,5,Spring,1,0,1,카페테리아,샷 추가
2023-05-08,0,5,Spring,0,0,0,카페테리아,샷 추가
2023-05-09,0,5,Spring,0,0,0,카페테리아,샷 추가
2023-05-10,0,5,Spring,0,0,0,카페테리아,샷 추가
2023-05-11,0,5,Spring,0,0,0,카페테리아,샷 추가
2023-05-12,0,5,Spring,0,0,0,카페테리아,샷 추가
2023-05-13,0,5,Spring,1,0,1,카페테리아,샷 추가
2023-05-14,0,5,Spring,1,0,1,카페테리아,샷 추가
2023-05-15,0,5,Spring,0,0,0,카페테리아,샷 추가
2023-05-16,0,5,Spring,0,0,0,카페테리아,샷 추가
2023-05-17,0,5,Spring,0,0,0,카페테리아,샷 추가
2023-05-18,0,5,Spring,0,0,0,카페테리아,샷 추가
2023-05-19,0,5,Spring,0,0,0,카페테리아,샷 추가
2023-05-20,0,5,Spring,1,0,1,카페테리아,샷 추가
2023-05-21,0,5,Spring,1,0,1,카페테리아,샷 추가
2023-05-22,0,5,Spring,0,0,0,카페테리아,샷 추가
2023-05-23,0,5,Spring,0,0,0,카페테리아,샷 추가
2023-05-24,0,5,Spring,0,0,0,카페테리아,샷 추가
2023-05-25,0,5,Spring,0,0,0,카페테리아,샷 추가
2023-05-26,0,5,Spring,0,0,0,카페테리아,샷 추가
2023-05-27,0,5,Spring,1,1,1,카페테리아,샷 추가
2023-05-28,0,5,Spring,1,0,1,카페테리아,샷 추가
2023-05-29,0,5,Spring,0,1,1,카페테리아,샷 추가
2023-05-30,0,5,Spring,0,0,0,카페테리아,샷 추가
2023-05-31,0,5,Spring,0,0,0,카페테리아,샷 추가
2023-06-01,0,6,Summer,0,0,0,카페테리아,샷 추가
2023-06-02,0,6,Summer,0,0,0,카페테리아,샷 추가
2023-06-03,0,6,Summer,1,0,1,카페테리아,샷 추가
2023-06-04,0,6,Summer,1,0,1,카페테리아,샷 추가
2023-06-05,0,6,Summer,0,0,0,카페테리아,샷 추가
2023-06-06,0,6,Summer,0,1,1,카페테리아,샷 추가
2023-06-07,0,6,Summer,0,0,0,카페테리아,샷 추가
2023-06-08,0,6,Summer,0,0,0,카페테리아,샷 추가
2023-06-09,0,6,Summer,0,0,0,카페테리아,샷 추가
2023-06-10,0,6,Summer,1,0,1,카페테리아,샷 추가
2023-06-11,0,6,Summer,1,0,1,카페테리아,샷 추가
2023-06-12,0,6,Summer,0,0,0,카페테리아,샷 추가
2023-06-13,0,6,Summer,0,0,0,카페테리아,샷 추가
2023-06-14,0,6,Summer,0,0,0,카페테리아,샷 추가
2023-06-15,0,6,Summer,0,0,0,카페테리아,샷 추가
2023-06-16,0,6,Summer,0,0,0,카페테리아,샷 추가
2023-06-17,0,6,Summer,1,0,1,카페테리아,샷 추가
2023-06-18,0,6,Summer,1,0,1,카페테리아,샷 추가
2023-06-19,0,6,Summer,0,0,0,카페테리아,샷 추가
2023-06-20,0,6,Summer,0,0,0,카페테리아,샷 추가
2023-06-21,0,6,Summer,0,0,0,카페테리아,샷 추가
2023-06-22,0,6,Summer,0,0,0,카페테리아,샷 추가
2023-06-23,0,6,Summer,0,0,0,카페테리아,샷 추가
2023-06-24,0,6,Summer,1,0,1,카페테리아,샷 추가
2023-06-25,0,6,Summer,1,0,1,카페테리아,샷 추가
2023-06-26,0,6,Summer,0,0,0,카페테리아,샷 추가
2023-06-27,0,6,Summer,0,0,0,카페테리아,샷 추가
2023-06-28,0,6,Summer,0,0,0,카페테리아,샷 추가
2023-06-29,0,6,Summer,0,0,0,카페테리아,샷 추가
2023-06-30,0,6,Summer,0,0,0,카페테리아,샷 추가
2023-07-01,0,7,Summer,1,0,1,카페테리아,샷 추가
2023-07-02,0,7,Summer,1,0,1,카페테리아,샷 추가
2023-07-03,0,7,Summer,0,0,0,카페테리아,샷 추가
2023-07-04,0,7,Summer,0,0,0,카페테리아,샷 추가
2023-07-05,0,7,Summer,0,0,0,카페테리아,샷 추가
2023-07-06,0,7,Summer,0,0,0,카페테리아,샷 추가
2023-07-07,0,7,Summer,0,0,0,카페테리아,샷 추가
2023-07-08,0,7,Summer,1,0,1,카페테리아,샷 추가
2023-07-09,0,7,Summer,1,0,1,카페테리아,샷 추가
2023-07-10,0,7,Summer,0,0,0,카페테리아,샷 추가
2023-07-11,0,7,Summer,0,0,0,카페테리아,샷 추가
2023-07-12,0,7,Summer,0,0,0,카페테리아,샷 추가
2023-07-13,0,7,Summer,0,0,0,카페테리아,샷 추가
2023-07-14,0,7,Summer,0,0,0,카페테리아,샷 추가
2023-07-15,0,7,Summer,1,0,1,카페테리아,샷 추가
2023-07-16,0,7,Summer,1,0,1,카페테리아,샷 추가
2023-07-17,0,7,Summer,0,0,0,카페테리아,샷 추가
2023-07-18,0,7,Summer,0,0,0,카페테리아,샷 추가
2023-07-19,0,7,Summer,0,0,0,카페테리아,샷 추가
2023-07-20,0,7,Summer,0,0,0,카페테리아,샷 추가
2023-07-21,0,7,Summer,0,0,0,카페테리아,샷 추가
2023-07-22,0,7,Summer,1,0,1,카페테리아,샷 추가
2023-07-23,0,7,Summer,1,0,1,카페테리아,샷 추가
2023-07-24,0,7,Summer,0,0,0,카페테리아,샷 추가
2023-07-25,0,7,Summer,0,0,0,카페테리아,샷 추가
2023-07-26,0,7,Summer,0,0,0,카페테리아,샷 추가
2023-07-27,0,7,Summer,0,0,0,카페테리아,샷 추가
2023-07-28,0,7,Summer,0,0,0,카페테리아,샷 추가
2023-07-29,0,7,Summer,1,0,1,카페테리아,샷 추가
2023-07-30,0,7,Summer,1,0,1,카페테리아,샷 추가
2023-07-31,0,7,Summer,0,0,0,카페테리아,샷 추가
2023-08-01,0,8,Summer,0,0,0,카페테리아,샷 추가
2023-08-02,0,8,Summer,0,0,0,카페테리아,샷 추가
2023-08-03,0,8,Summer,0,0,0,카페테리아,샷 추가
2023-08-04,0,8,Summer,0,0,0,카페테리아,샷 추가
2023-08-05,0,8,Summer,1,0,1,카페테리아,샷 추가
2023-08-06,0,8,Summer,1,0,1,카페테리아,샷 추가
2023-08-07,0,8,Summer,0,0,0,카페테리아,샷 추가
2023-08-08,0,8,Summer,0,0,0,카페테리아,샷 추가
2023-08-09,0,8,Summer,0,0,0,카페테리아,샷 추가
2023-08-10,0,8,Summer,0,0,0,카페테리아,샷 추가
2023-08-11,0,8,Summer,0,0,0,카페테리아,샷 추가
2023-08-12,0,8,Summer,1,0,1,카페테리아,샷 추가
2023-08-13,0,8,Summer,1,0,1,카페테리아,샷 추가
2023-08-14,0,8,Summer,0,0,0,카페테리아,샷 추가
2023-08-15,0,8,Summer,0,1,1,카페테리아,샷 추가
2023-08-16,0,8,Summer,0,0,0,카페테리아,샷 추가
2023-08-17,0,8,Summer,0,0,0,카페테리아,샷 추가
2023-08-18,0,8,Summer,0,0,0,카페테리아,샷 추가
2023-08-19,0,8,Summer,1,0,1,카페테리아,샷 추가
2023-08-20,0,8,Summer,1,0,1,카페테리아,샷 추가
2023-08-21,0,8,Summer,0,0,0,카페테리아,샷 추가
2023-08-22,0,8,Summer,0,0,0,카페테리아,샷 추가
2023-08-23,0,8,Summer,0,0,0,카페테리아,샷 추가
2023-08-24,0,8,Summer,0,0,0,카페테리아,샷 추가
2023-08-25,0,8,Summer,0,0,0,카페테리아,샷 추가
2023-08-26,0,8,Summer,1,0,1,카페테리아,샷 추가
2023-08-27,0,8,Summer,1,0,1,카페테리아,샷 추가
2023-08-28,0,8,Summer,0,0,0,카페테리아,샷 추가
2023-08-29,0,8,Summer,0,0,0,카페테리아,샷 추가
2023-08-30,0,8,Summer,0,0,0,카페테리아,샷 추가
2023-08-31,0,8,Summer,0,0,0,카페테리아,샷 추가
2023-09-01,0,9,Autumn,0,0,0,카페테리아,샷 추가
2023-09-02,0,9,Autumn,1,0,1,카페테리아,샷 추가
2023-09-03,0,9,Autumn,1,0,1,카페테리아,샷 추가
2023-09-04,0,9,Autumn,0,0,0,카페테리아,샷 추가
2023-09-05,0,9,Autumn,0,0,0,카페테리아,샷 추가
2023-09-06,0,9,Autumn,0,0,0,카페테리아,샷 추가
2023-09-07,0,9,Autumn,0,0,0,카페테리아,샷 추가
2023-09-08,0,9,Autumn,0,0,0,카페테리아,샷 추가
2023-09-09,0,9,Autumn,1,0,1,카페테리아,샷 추가
2023-09-10,0,9,Autumn,1,0,1,카페테리아,샷 추가
2023-09-11,0,9,Autumn,0,0,0,카페테리아,샷 추가
2023-09-12,0,9,Autumn,0,0,0,카페테리아,샷 추가
2023-09-13,0,9,Autumn,0,0,0,카페테리아,샷 추가
2023-09-14,0,9,Autumn,0,0,0,카페테리아,샷 추가
2023-09-15,0,9,Autumn,0,0,0,카페테리아,샷 추가
2023-09-16,0,9,Autumn,1,0,1,카페테리아,샷 추가
2023-09-17,0,9,Autumn,1,0,1,카페테리아,샷 추가
2023-09-18,0,9,Autumn,0,0,0,카페테리아,샷 추가
2023-09-19,0,9,Autumn,0,0,0,카페테리아,샷 추가
2023-09-20,0,9,Autumn,0,0,0,카페테리아,샷 추가
2023-09-21,0,9,Autumn,0,0,0,카페테리아,샷 추가
2023-09-22,0,9,Autumn,0,0,0,카페테리아,샷 추가
2023-09-23,0,9,Autumn,1,0,1,카페테리아,샷 추가
2023-09-24,0,9,Autumn,1,0,1,카페테리아,샷 추가
2023-09-25,0,9,Autumn,0,0,0,카페테리아,샷 추가
2023-09-26,0,9,Autumn,0,0,0,카페테리아,샷 추가
2023-09-27,0,9,Autumn,0,0,0,카페테리아,샷 추가
2023-09-28,0,9,Autumn,0,1,1,카페테리아,샷 추가
2023-09-29,0,9,Autumn,0,1,1,카페테리아,샷 추가
2023-09-30,0,9,Autumn,1,1,1,카페테리아,샷 추가
2023-10-01,0,10,Autumn,1,0,1,카페테리아,샷 추가
2023-10-02,0,10,Autumn,0,1,1,카페테리아,샷 추가
2023-10-03,0,10,Autumn,0,1,1,카페테리아,샷 추가
2023-10-04,0,10,Autumn,0,0,0,카페테리아,샷 추가
2023-10-05,0,10,Autumn,0,0,0,카페테리아,샷 추가
2023-10-06,0,10,Autumn,0,0,0,카페테리아,샷 추가
2023-10-07,0,10,Autumn,1,0,1,카페테리아,샷 추가
2023-10-08,0,10,Autumn,1,0,1,카페테리아,샷 추가
2023-10-09,0,10,Autumn,0,1,1,카페테리아,샷 추가
2023-10-10,0,10,Autumn,0,0,0,카페테리아,샷 추가
2023-10-11,0,10,Autumn,0,0,0,카페테리아,샷 추가
2023-10-12,0,10,Autumn,0,0,0,카페테리아,샷 추가
2023-10-13,0,10,Autumn,0,0,0,카페테리아,샷 추가
2023-10-14,0,10,Autumn,1,0,1,카페테리아,샷 추가
2023-10-15,0,10,Autumn,1,0,1,카페테리아,샷 추가
2023-10-16,0,10,Autumn,0,0,0,카페테리아,샷 추가
2023-10-17,0,10,Autumn,0,0,0,카페테리아,샷 추가
2023-10-18,0,10,Autumn,0,0,0,카페테리아,샷 추가
2023-10-19,0,10,Autumn,0,0,0,카페테리아,샷 추가
2023-10-20,0,10,Autumn,0,0,0,카페테리아,샷 추가
2023-10-21,0,10,Autumn,1,0,1,카페테리아,샷 추가
2023-10-22,0,10,Autumn,1,0,1,카페테리아,샷 추가
2023-10-23,0,10,Autumn,0,0,0,카페테리아,샷 추가
2023-10-24,0,10,Autumn,0,0,0,카페테리아,샷 추가
2023-10-25,0,10,Autumn,0,0,0,카페테리아,샷 추가
2023-10-26,0,10,Autumn,0,0,0,카페테리아,샷 추가
2023-10-27,0,10,Autumn,0,0,0,카페테리아,샷 추가
2023-10-28,0,10,Autumn,1,0,1,카페테리아,샷 추가
2023-10-29,0,10,Autumn,1,0,1,카페테리아,샷 추가
2023-10-30,0,10,Autumn,0,0,0,카페테리아,샷 추가
2023-10-31,0,10,Autumn,0,0,0,카페테리아,샷 추가
2023-11-01,0,11,Autumn,0,0,0,카페테리아,샷 추가
2023-11-02,0,11,Autumn,0,0,0,카페테리아,샷 추가
2023-11-03,0,11,Autumn,0,0,0,카페테리아,샷 추가
2023-11-04,0,11,Autumn,1,0,1,카페테리아,샷 추가
2023-11-05,0,11,Autumn,1,0,1,카페테리아,샷 추가
2023-11-06,0,11,Autumn,0,0,0,카페테리아,샷 추가
2023-11-07,0,11,Autumn,0,0,0,카페테리아,샷 추가
2023-11-08,0,11,Autumn,0,0,0,카페테리아,샷 추가
2023-11-09,0,11,Autumn,0,0,0,카페테리아,샷 추가
2023-11-10,0,11,Autumn,0,0,0,카페테리아,샷 추가
2023-11-11,0,11,Autumn,1,0,1,카페테리아,샷 추가
2023-11-12,0,11,Autumn,1,0,1,카페테리아,샷 추가
2023-11-13,0,11,Autumn,0,0,0,카페테리아,샷 추가
2023-11-14,0,11,Autumn,0,0,0,카페테리아,샷 추가
2023-11-15,0,11,Autumn,0,0,0,카페테리아,샷 추가
2023-11-16,0,11,Autumn,0,0,0,카페테리아,샷 추가
2023-11-17,0,11,Autumn,0,0,0,카페테리아,샷 추가
2023-11-18,0,11,Autumn,1,0,1,카페테리아,샷 추가
2023-11-19,0,11,Autumn,1,0,1,카페테리아,샷 추가
2023-11-20,0,11,Autumn,0,0,0,카페테리아,샷 추가
2023-11-21,0,11,Autumn,0,0,0,카페테리아,샷 추가
2023-11-22,0,11,Autumn,0,0,0,카페테리아,샷 추가
2023-11-23,0,11,Autumn,0,0,0,카페테리아,샷 추가
2023-11-24,0,11,Autumn,0,0,0,카페테리아,샷 추가
2023-11-25,0,11,Autumn,1,0,1,카페테리아,샷 추가
2023-11-26,0,11,Autumn,1,0,1,카페테리아,샷 추가
2023-11-27,0,11,Autumn,0,0,0,카페테리아,샷 추가
2023-11-28,0,11,Autumn,0,0,0,카페테리아,샷 추가
2023-11-29,0,11,Autumn,0,0,0,카페테리아,샷 추가
2023-11-30,0,11,Autumn,0,0,0,카페테리아,샷 추가
2023-12-01,0,12,Winter,0,0,0,카페테리아,샷 추가
2023-12-02,0,12,Winter,1,0,1,카페테리아,샷 추가
2023-12-03,0,12,Winter,1,0,1,카페테리아,샷 추가
2023-12-04,0,12,Winter,0,0,0,카페테리아,샷 추가
2023-12-05,0,12,Winter,0,0,0,카페테리아,샷 추가
2023-12-06,0,12,Winter,0,0,0,카페테리아,샷 추가
2023-12-07,0,12,Winter,0,0,0,카페테리아,샷 추가
2023-12-08,0,12,Winter,0,0,0,카페테리아,샷 추가
2023-12-09,1,12,Winter,1,0,1,카페테리아,샷 추가
2023-12-10,0,12,Winter,1,0,1,카페테리아,샷 추가
2023-12-11,0,12,Winter,0,0,0,카페테리아,샷 추가
2023-12-12,1,12,Winter,0,0,0,카페테리아,샷 추가
2023-12-13,0,12,Winter,0,0,0,카페테리아,샷 추가
2023-12-14,1,12,Winter,0,0,0,카페테리아,샷 추가
2023-12-15,0,12,Winter,0,0,0,카페테리아,샷 추가
2023-12-16,0,12,Winter,1,0,1,카페테리아,샷 추가
2023-12-17,1,12,Winter,1,0,1,카페테리아,샷 추가
2023-12-18,3,12,Winter,0,0,0,카페테리아,샷 추가
2023-12-19,4,12,Winter,0,0,0,카페테리아,샷 추가
2023-12-20,1,12,Winter,0,0,0,카페테리아,샷 추가
2023-12-21,1,12,Winter,0,0,0,카페테리아,샷 추가
2023-12-22,0,12,Winter,0,0,0,카페테리아,샷 추가
2023-12-23,3,12,Winter,1,0,1,카페테리아,샷 추가
2023-12-24,6,12,Winter,1,0,1,카페테리아,샷 추가
2023-12-25,9,12,Winter,0,1,1,카페테리아,샷 추가
2023-12-26,5,12,Winter,0,0,0,카페테리아,샷 추가
2023-12-27,3,12,Winter,0,0,0,카페테리아,샷 추가
2023-12-28,5,12,Winter,0,0,0,카페테리아,샷 추가
2023-12-29,6,12,Winter,0,0,0,카페테리아,샷 추가
2023-12-30,3,12,Winter,1,0,1,카페테리아,샷 추가
2023-12-31,3,12,Winter,1,0,1,카페테리아,샷 추가
2024-01-01,4,1,Winter,0,1,1,카페테리아,샷 추가
2024-01-02,1,1,Winter,0,0,0,카페테리아,샷 추가
2024-01-03,3,1,Winter,0,0,0,카페테리아,샷 추가
2024-01-04,2,1,Winter,0,0,0,카페테리아,샷 추가
2024-01-05,1,1,Winter,0,0,0,카페테리아,샷 추가
2024-01-06,4,1,Winter,1,0,1,카페테리아,샷 추가
2024-01-07,2,1,Winter,1,0,1,카페테리아,샷 추가
2024-01-08,3,1,Winter,0,0,0,카페테리아,샷 추가
2024-01-09,1,1,Winter,0,0,0,카페테리아,샷 추가
2024-01-10,8,1,Winter,0,0,0,카페테리아,샷 추가
2024-01-11,3,1,Winter,0,0,0,카페테리아,샷 추가
2024-01-12,5,1,Winter,0,0,0,카페테리아,샷 추가
2024-01-13,3,1,Winter,1,0,1,카페테리아,샷 추가
2024-01-14,4,1,Winter,1,0,1,카페테리아,샷 추가
2024-01-15,8,1,Winter,0,0,0,카페테리아,샷 추가
2024-01-16,7,1,Winter,0,0,0,카페테리아,샷 추가
2024-01-17,2,1,Winter,0,0,0,카페테리아,샷 추가
2024-01-18,5,1,Winter,0,0,0,카페테리아,샷 추가
2024-01-19,1,1,Winter,0,0,0,카페테리아,샷 추가
2024-01-20,6,1,Winter,1,0,1,카페테리아,샷 추가
2024-01-21,1,1,Winter,1,0,1,카페테리아,샷 추가
2024-01-22,4,1,Winter,0,0,0,카페테리아,샷 추가
2024-01-23,2,1,Winter,0,0,0,카페테리아,샷 추가
2024-01-24,8,1,Winter,0,0,0,카페테리아,샷 추가
2024-01-25,7,1,Winter,0,0,0,카페테리아,샷 추가
2024-01-26,3,1,Winter,0,0,0,카페테리아,샷 추가
2024-01-27,7,1,Winter,1,0,1,카페테리아,샷 추가
2024-01-28,2,1,Winter,1,0,1,카페테리아,샷 추가
2024-01-29,8,1,Winter,0,0,0,카페테리아,샷 추가
2024-01-30,4,1,Winter,0,0,0,카페테리아,샷 추가
2024-01-31,9,1,Winter,0,0,0,카페테리아,샷 추가
2024-02-01,8,2,Winter,0,0,0,카페테리아,샷 추가
2024-02-02,4,2,Winter,0,0,0,카페테리아,샷 추가
2024-02-03,11,2,Winter,1,0,1,카페테리아,샷 추가
2024-02-04,7,2,Winter,1,0,1,카페테리아,샷 추가
2024-02-05,1,2,Winter,0,0,0,카페테리아,샷 추가
2024-02-06,12,2,Winter,0,0,0,카페테리아,샷 추가
2024-02-07,1,2,Winter,0,0,0,카페테리아,샷 추가
2024-02-08,7,2,Winter,0,0,0,카페테리아,샷 추가
2024-02-09,8,2,Winter,0,1,1,카페테리아,샷 추가
2024-02-10,2,2,Winter,1,1,1,카페테리아,샷 추가
2024-02-11,6,2,Winter,1,1,1,카페테리아,샷 추가
2024-02-12,9,2,Winter,0,1,1,카페테리아,샷 추가
2024-02-13,0,2,Winter,0,0,0,카페테리아,샷 추가
2024-02-14,1,2,Winter,0,0,0,카페테리아,샷 추가
2024-02-15,1,2,Winter,0,0,0,카페테리아,샷 추가
2024-02-16,0,2,Winter,0,0,0,카페테리아,샷 추가
2024-02-17,6,2,Winter,1,0,1,카페테리아,샷 추가
2024-02-18,1,2,Winter,1,0,1,카페테리아,샷 추가
2024-02-19,1,2,Winter,0,0,0,카페테리아,샷 추가
2024-02-20,1,2,Winter,0,0,0,카페테리아,샷 추가
2024-02-21,1,2,Winter,0,0,0,카페테리아,샷 추가
2024-02-22,1,2,Winter,0,0,0,카페테리아,샷 추가
2024-02-23,3,2,Winter,0,0,0,카페테리아,샷 추가
2024-02-24,3,2,Winter,1,0,1,카페테리아,샷 추가
2024-02-25,2,2,Winter,1,0,1,카페테리아,샷 추가
2024-02-26,1,2,Winter,0,0,0,카페테리아,샷 추가
2024-02-27,0,2,Winter,0,0,0,카페테리아,샷 추가
2024-02-28,2,2,Winter,0,0,0,카페테리아,샷 추가
2024-02-29,3,2,Winter,0,0,0,카페테리아,샷 추가
2024-03-01,1,3,Spring,0,1,1,카페테리아,샷 추가
2024-03-02,4,3,Spring,1,0,1,카페테리아,샷 추가
2024-03-03,0,3,Spring,1,0,1,카페테리아,샷 추가
2024-03-04,0,3,Spring,0,0,0,카페테리아,샷 추가
2024-03-05,0,3,Spring,0,0,0,카페테리아,샷 추가
2024-03-06,0,3,Spring,0,0,0,카페테리아,샷 추가
2024-03-07,0,3,Spring,0,0,0,카페테리아,샷 추가
2024-03-08,0,3,Spring,0,0,0,카페테리아,샷 추가
2024-03-09,0,3,Spring,1,0,1,카페테리아,샷 추가
2024-03-10,0,3,Spring,1,0,1,카페테리아,샷 추가
2024-03-11,0,3,Spring,0,0,0,카페테리아,샷 추가
2024-03-12,0,3,Spring,0,0,0,카페테리아,샷 추가
2024-03-13,0,3,Spring,0,0,0,카페테리아,샷 추가
2024-03-14,0,3,Spring,0,0,0,카페테리아,샷 추가
2024-03-15,0,3,Spring,0,0,0,카페테리아,샷 추가
2024-03-16,0,3,Spring,1,0,1,카페테리아,샷 추가
2024-03-17,0,3,Spring,1,0,1,카페테리아,샷 추가
2024-03-18,0,3,Spring,0,0,0,카페테리아,샷 추가
2024-03-19,0,3,Spring,0,0,0,카페테리아,샷 추가
2024-03-20,0,3,Spring,0,0,0,카페테리아,샷 추가
2024-03-21,0,3,Spring,0,0,0,카페테리아,샷 추가
2024-03-22,0,3,Spring,0,0,0,카페테리아,샷 추가
2024-03-23,0,3,Spring,1,0,1,카페테리아,샷 추가
2024-03-24,0,3,Spring,1,0,1,카페테리아,샷 추가
2024-03-25,0,3,Spring,0,0,0,카페테리아,샷 추가
2024-03-26,0,3,Spring,0,0,0,카페테리아,샷 추가
2024-03-27,0,3,Spring,0,0,0,카페테리아,샷 추가
2024-03-28,0,3,Spring,0,0,0,카페테리아,샷 추가
2024-03-29,0,3,Spring,0,0,0,카페테리아,샷 추가
2024-03-30,0,3,Spring,1,0,1,카페테리아,샷 추가
2024-03-31,0,3,Spring,1,0,1,카페테리아,샷 추가
2024-04-01,0,4,Spring,0,0,0,카페테리아,샷 추가
2024-04-02,0,4,Spring,0,0,0,카페테리아,샷 추가
2024-04-03,0,4,Spring,0,0,0,카페테리아,샷 추가
2024-04-04,0,4,Spring,0,0,0,카페테리아,샷 추가
2024-04-05,0,4,Spring,0,0,0,카페테리아,샷 추가
2024-04-06,0,4,Spring,1,0,1,카페테리아,샷 추가
2024-04-07,0,4,Spring,1,0,1,카페테리아,샷 추가
2024-04-08,0,4,Spring,0,0,0,카페테리아,샷 추가
2024-04-09,0,4,Spring,0,0,0,카페테리아,샷 추가
2024-04-10,0,4,Spring,0,1,1,카페테리아,샷 추가
2024-04-11,0,4,Spring,0,0,0,카페테리아,샷 추가
2024-04-12,0,4,Spring,0,0,0,카페테리아,샷 추가
2024-04-13,0,4,Spring,1,0,1,카페테리아,샷 추가
2024-04-14,0,4,Spring,1,0,1,카페테리아,샷 추가
2024-04-15,0,4,Spring,0,0,0,카페테리아,샷 추가
2024-04-16,0,4,Spring,0,0,0,카페테리아,샷 추가
2024-04-17,0,4,Spring,0,0,0,카페테리아,샷 추가
2024-04-18,0,4,Spring,0,0,0,카페테리아,샷 추가
2024-04-19,0,4,Spring,0,0,0,카페테리아,샷 추가
2024-04-20,0,4,Spring,1,0,1,카페테리아,샷 추가
2024-04-21,0,4,Spring,1,0,1,카페테리아,샷 추가
2024-04-22,0,4,Spring,0,0,0,카페테리아,샷 추가
2024-04-23,0,4,Spring,0,0,0,카페테리아,샷 추가
2024-04-24,0,4,Spring,0,0,0,카페테리아,샷 추가
2024-04-25,0,4,Spring,0,0,0,카페테리아,샷 추가
2024-04-26,0,4,Spring,0,0,0,카페테리아,샷 추가
2024-04-27,0,4,Spring,1,0,1,카페테리아,샷 추가
2024-04-28,0,4,Spring,1,0,1,카페테리아,샷 추가
2024-04-29,0,4,Spring,0,0,0,카페테리아,샷 추가
2024-04-30,0,4,Spring,0,0,0,카페테리아,샷 추가
2024-05-01,0,5,Spring,0,0,0,카페테리아,샷 추가
2024-05-02,0,5,Spring,0,0,0,카페테리아,샷 추가
2024-05-03,0,5,Spring,0,0,0,카페테리아,샷 추가
2024-05-04,0,5,Spring,1,0,1,카페테리아,샷 추가
2024-05-05,0,5,Spring,1,1,1,카페테리아,샷 추가
2024-05-06,0,5,Spring,0,1,1,카페테리아,샷 추가
2024-05-07,0,5,Spring,0,0,0,카페테리아,샷 추가
2024-05-08,0,5,Spring,0,0,0,카페테리아,샷 추가
2024-05-09,0,5,Spring,0,0,0,카페테리아,샷 추가
2024-05-10,0,5,Spring,0,0,0,카페테리아,샷 추가
2024-05-11,0,5,Spring,1,0,1,카페테리아,샷 추가
2024-05-12,0,5,Spring,1,0,1,카페테리아,샷 추가
2024-05-13,0,5,Spring,0,0,0,카페테리아,샷 추가
2024-05-14,0,5,Spring,0,0,0,카페테리아,샷 추가
2024-05-15,0,5,Spring,0,1,1,카페테리아,샷 추가
2024-05-16,0,5,Spring,0,0,0,카페테리아,샷 추가
2024-05-17,0,5,Spring,0,0,0,카페테리아,샷 추가
2024-05-18,0,5,Spring,1,0,1,카페테리아,샷 추가
2024-05-19,0,5,Spring,1,0,1,카페테리아,샷 추가
2024-05-20,0,5,Spring,0,0,0,카페테리아,샷 추가
2024-05-21,0,5,Spring,0,0,0,카페테리아,샷 추가
2024-05-22,0,5,Spring,0,0,0,카페테리아,샷 추가
2024-05-23,0,5,Spring,0,0,0,카페테리아,샷 추가
2024-05-24,0,5,Spring,0,0,0,카페테리아,샷 추가
2024-05-25,0,5,Spring,1,0,1,카페테리아,샷 추가
2024-05-26,0,5,Spring,1,0,1,카페테리아,샷 추가
2024-05-27,0,5,Spring,0,0,0,카페테리아,샷 추가
2024-05-28,0,5,Spring,0,0,0,카페테리아,샷 추가
2024-05-29,0,5,Spring,0,0,0,카페테리아,샷 추가
2024-05-30,0,5,Spring,0,0,0,카페테리아,샷 추가
2024-05-31,0,5,Spring,0,0,0,카페테리아,샷 추가
2024-06-01,0,6,Summer,1,0,1,카페테리아,샷 추가
2024-06-02,0,6,Summer,1,0,1,카페테리아,샷 추가
2024-06-03,0,6,Summer,0,0,0,카페테리아,샷 추가
2024-06-04,0,6,Summer,0,0,0,카페테리아,샷 추가
2024-06-05,0,6,Summer,0,0,0,카페테리아,샷 추가
2024-06-06,0,6,Summer,0,1,1,카페테리아,샷 추가
2024-06-07,0,6,Summer,0,0,0,카페테리아,샷 추가
2024-06-08,0,6,Summer,1,0,1,카페테리아,샷 추가
2024-06-09,0,6,Summer,1,0,1,카페테리아,샷 추가
2024-06-10,0,6,Summer,0,0,0,카페테리아,샷 추가
2024-06-11,0,6,Summer,0,0,0,카페테리아,샷 추가
2024-06-12,0,6,Summer,0,0,0,카페테리아,샷 추가
2024-06-13,0,6,Summer,0,0,0,카페테리아,샷 추가
2024-06-14,0,6,Summer,0,0,0,카페테리아,샷 추가
2024-06-15,0,6,Summer,1,0,1,카페테리아,샷 추가
2023-01-01,172,1,Winter,1,1,1,카페테리아,수제 등심 돈까스
2023-01-02,140,1,Winter,0,0,0,카페테리아,수제 등심 돈까스
2023-01-03,119,1,Winter,0,0,0,카페테리아,수제 등심 돈까스
2023-01-04,141,1,Winter,0,0,0,카페테리아,수제 등심 돈까스
2023-01-05,143,1,Winter,0,0,0,카페테리아,수제 등심 돈까스
2023-01-06,160,1,Winter,0,0,0,카페테리아,수제 등심 돈까스
2023-01-07,287,1,Winter,1,0,1,카페테리아,수제 등심 돈까스
2023-01-08,195,1,Winter,1,0,1,카페테리아,수제 등심 돈까스
2023-01-09,132,1,Winter,0,0,0,카페테리아,수제 등심 돈까스
2023-01-10,131,1,Winter,0,0,0,카페테리아,수제 등심 돈까스
2023-01-11,150,1,Winter,0,0,0,카페테리아,수제 등심 돈까스
2023-01-12,141,1,Winter,0,0,0,카페테리아,수제 등심 돈까스
2023-01-13,46,1,Winter,0,0,0,카페테리아,수제 등심 돈까스
2023-01-14,112,1,Winter,1,0,1,카페테리아,수제 등심 돈까스
2023-01-15,206,1,Winter,1,0,1,카페테리아,수제 등심 돈까스
2023-01-16,137,1,Winter,0,0,0,카페테리아,수제 등심 돈까스
2023-01-17,125,1,Winter,0,0,0,카페테리아,수제 등심 돈까스
2023-01-18,164,1,Winter,0,0,0,카페테리아,수제 등심 돈까스
2023-01-19,136,1,Winter,0,0,0,카페테리아,수제 등심 돈까스
2023-01-20,167,1,Winter,0,0,0,카페테리아,수제 등심 돈까스
2023-01-21,229,1,Winter,1,1,1,카페테리아,수제 등심 돈까스
2023-01-22,188,1,Winter,1,1,1,카페테리아,수제 등심 돈까스
2023-01-23,360,1,Winter,0,1,1,카페테리아,수제 등심 돈까스
2023-01-24,177,1,Winter,0,1,1,카페테리아,수제 등심 돈까스
2023-01-25,125,1,Winter,0,0,0,카페테리아,수제 등심 돈까스
2023-01-26,156,1,Winter,0,0,0,카페테리아,수제 등심 돈까스
2023-01-27,189,1,Winter,0,0,0,카페테리아,수제 등심 돈까스
2023-01-28,336,1,Winter,1,0,1,카페테리아,수제 등심 돈까스
2023-01-29,267,1,Winter,1,0,1,카페테리아,수제 등심 돈까스
2023-01-30,157,1,Winter,0,0,0,카페테리아,수제 등심 돈까스
2023-01-31,125,1,Winter,0,0,0,카페테리아,수제 등심 돈까스
2023-02-01,88,2,Winter,0,0,0,카페테리아,수제 등심 돈까스
2023-02-02,129,2,Winter,0,0,0,카페테리아,수제 등심 돈까스
2023-02-03,163,2,Winter,0,0,0,카페테리아,수제 등심 돈까스
2023-02-04,315,2,Winter,1,0,1,카페테리아,수제 등심 돈까스
2023-02-05,269,2,Winter,1,0,1,카페테리아,수제 등심 돈까스
2023-02-06,120,2,Winter,0,0,0,카페테리아,수제 등심 돈까스
2023-02-07,91,2,Winter,0,0,0,카페테리아,수제 등심 돈까스
2023-02-08,123,2,Winter,0,0,0,카페테리아,수제 등심 돈까스
2023-02-09,123,2,Winter,0,0,0,카페테리아,수제 등심 돈까스
2023-02-10,109,2,Winter,0,0,0,카페테리아,수제 등심 돈까스
2023-02-11,267,2,Winter,1,0,1,카페테리아,수제 등심 돈까스
2023-02-12,245,2,Winter,1,0,1,카페테리아,수제 등심 돈까스
2023-02-13,127,2,Winter,0,0,0,카페테리아,수제 등심 돈까스
2023-02-14,110,2,Winter,0,0,0,카페테리아,수제 등심 돈까스
2023-02-15,120,2,Winter,0,0,0,카페테리아,수제 등심 돈까스
2023-02-16,101,2,Winter,0,0,0,카페테리아,수제 등심 돈까스
2023-02-17,110,2,Winter,0,0,0,카페테리아,수제 등심 돈까스
2023-02-18,131,2,Winter,1,0,1,카페테리아,수제 등심 돈까스
2023-02-19,181,2,Winter,1,0,1,카페테리아,수제 등심 돈까스
2023-02-20,111,2,Winter,0,0,0,카페테리아,수제 등심 돈까스
2023-02-21,105,2,Winter,0,0,0,카페테리아,수제 등심 돈까스
2023-02-22,79,2,Winter,0,0,0,카페테리아,수제 등심 돈까스
2023-02-23,74,2,Winter,0,0,0,카페테리아,수제 등심 돈까스
2023-02-24,106,2,Winter,0,0,0,카페테리아,수제 등심 돈까스
2023-02-25,157,2,Winter,1,0,1,카페테리아,수제 등심 돈까스
2023-02-26,136,2,Winter,1,0,1,카페테리아,수제 등심 돈까스
2023-02-27,96,2,Winter,0,0,0,카페테리아,수제 등심 돈까스
2023-02-28,55,2,Winter,0,0,0,카페테리아,수제 등심 돈까스
2023-03-01,41,3,Spring,0,1,1,카페테리아,수제 등심 돈까스
2023-03-02,0,3,Spring,0,0,0,카페테리아,수제 등심 돈까스
2023-03-03,0,3,Spring,0,0,0,카페테리아,수제 등심 돈까스
2023-03-04,0,3,Spring,1,0,1,카페테리아,수제 등심 돈까스
2023-03-05,0,3,Spring,1,0,1,카페테리아,수제 등심 돈까스
2023-03-06,0,3,Spring,0,0,0,카페테리아,수제 등심 돈까스
2023-03-07,0,3,Spring,0,0,0,카페테리아,수제 등심 돈까스
2023-03-08,0,3,Spring,0,0,0,카페테리아,수제 등심 돈까스
2023-03-09,0,3,Spring,0,0,0,카페테리아,수제 등심 돈까스
2023-03-10,1,3,Spring,0,0,0,카페테리아,수제 등심 돈까스
2023-03-11,6,3,Spring,1,0,1,카페테리아,수제 등심 돈까스
2023-03-12,4,3,Spring,1,0,1,카페테리아,수제 등심 돈까스
2023-03-13,8,3,Spring,0,0,0,카페테리아,수제 등심 돈까스
2023-03-14,2,3,Spring,0,0,0,카페테리아,수제 등심 돈까스
2023-03-15,2,3,Spring,0,0,0,카페테리아,수제 등심 돈까스
2023-03-16,6,3,Spring,0,0,0,카페테리아,수제 등심 돈까스
2023-03-17,7,3,Spring,0,0,0,카페테리아,수제 등심 돈까스
2023-03-18,6,3,Spring,1,0,1,카페테리아,수제 등심 돈까스
2023-03-19,7,3,Spring,1,0,1,카페테리아,수제 등심 돈까스
2023-03-20,2,3,Spring,0,0,0,카페테리아,수제 등심 돈까스
2023-03-21,3,3,Spring,0,0,0,카페테리아,수제 등심 돈까스
2023-03-22,2,3,Spring,0,0,0,카페테리아,수제 등심 돈까스
2023-03-23,0,3,Spring,0,0,0,카페테리아,수제 등심 돈까스
2023-03-24,3,3,Spring,0,0,0,카페테리아,수제 등심 돈까스
2023-03-25,17,3,Spring,1,0,1,카페테리아,수제 등심 돈까스
2023-03-26,18,3,Spring,1,0,1,카페테리아,수제 등심 돈까스
2023-03-27,2,3,Spring,0,0,0,카페테리아,수제 등심 돈까스
2023-03-28,1,3,Spring,0,0,0,카페테리아,수제 등심 돈까스
2023-03-29,4,3,Spring,0,0,0,카페테리아,수제 등심 돈까스
2023-03-30,1,3,Spring,0,0,0,카페테리아,수제 등심 돈까스
2023-03-31,8,3,Spring,0,0,0,카페테리아,수제 등심 돈까스
2023-04-01,25,4,Spring,1,0,1,카페테리아,수제 등심 돈까스
2023-04-02,20,4,Spring,1,0,1,카페테리아,수제 등심 돈까스
2023-04-03,0,4,Spring,0,0,0,카페테리아,수제 등심 돈까스
2023-04-04,8,4,Spring,0,0,0,카페테리아,수제 등심 돈까스
2023-04-05,3,4,Spring,0,0,0,카페테리아,수제 등심 돈까스
2023-04-06,5,4,Spring,0,0,0,카페테리아,수제 등심 돈까스
2023-04-07,17,4,Spring,0,0,0,카페테리아,수제 등심 돈까스
2023-04-08,29,4,Spring,1,0,1,카페테리아,수제 등심 돈까스
2023-04-09,10,4,Spring,1,0,1,카페테리아,수제 등심 돈까스
2023-04-10,7,4,Spring,0,0,0,카페테리아,수제 등심 돈까스
2023-04-11,15,4,Spring,0,0,0,카페테리아,수제 등심 돈까스
2023-04-12,13,4,Spring,0,0,0,카페테리아,수제 등심 돈까스
2023-04-13,4,4,Spring,0,0,0,카페테리아,수제 등심 돈까스
2023-04-14,13,4,Spring,0,0,0,카페테리아,수제 등심 돈까스
2023-04-15,21,4,Spring,1,0,1,카페테리아,수제 등심 돈까스
2023-04-16,19,4,Spring,1,0,1,카페테리아,수제 등심 돈까스
2023-04-17,3,4,Spring,0,0,0,카페테리아,수제 등심 돈까스
2023-04-18,6,4,Spring,0,0,0,카페테리아,수제 등심 돈까스
2023-04-19,7,4,Spring,0,0,0,카페테리아,수제 등심 돈까스
2023-04-20,1,4,Spring,0,0,0,카페테리아,수제 등심 돈까스
2023-04-21,4,4,Spring,0,0,0,카페테리아,수제 등심 돈까스
2023-04-22,24,4,Spring,1,0,1,카페테리아,수제 등심 돈까스
2023-04-23,27,4,Spring,1,0,1,카페테리아,수제 등심 돈까스
2023-04-24,14,4,Spring,0,0,0,카페테리아,수제 등심 돈까스
2023-04-25,3,4,Spring,0,0,0,카페테리아,수제 등심 돈까스
2023-04-26,4,4,Spring,0,0,0,카페테리아,수제 등심 돈까스
2023-04-27,2,4,Spring,0,0,0,카페테리아,수제 등심 돈까스
2023-04-28,10,4,Spring,0,0,0,카페테리아,수제 등심 돈까스
2023-04-29,6,4,Spring,1,0,1,카페테리아,수제 등심 돈까스
2023-04-30,34,4,Spring,1,0,1,카페테리아,수제 등심 돈까스
2023-05-01,21,5,Spring,0,0,0,카페테리아,수제 등심 돈까스
2023-05-02,5,5,Spring,0,0,0,카페테리아,수제 등심 돈까스
2023-05-03,5,5,Spring,0,0,0,카페테리아,수제 등심 돈까스
2023-05-04,21,5,Spring,0,0,0,카페테리아,수제 등심 돈까스
2023-05-05,13,5,Spring,0,1,1,카페테리아,수제 등심 돈까스
2023-05-06,10,5,Spring,1,0,1,카페테리아,수제 등심 돈까스
2023-05-07,30,5,Spring,1,0,1,카페테리아,수제 등심 돈까스
2023-05-08,5,5,Spring,0,0,0,카페테리아,수제 등심 돈까스
2023-05-09,2,5,Spring,0,0,0,카페테리아,수제 등심 돈까스
2023-05-10,3,5,Spring,0,0,0,카페테리아,수제 등심 돈까스
2023-05-11,7,5,Spring,0,0,0,카페테리아,수제 등심 돈까스
2023-05-12,19,5,Spring,0,0,0,카페테리아,수제 등심 돈까스
2023-05-13,28,5,Spring,1,0,1,카페테리아,수제 등심 돈까스
2023-05-14,20,5,Spring,1,0,1,카페테리아,수제 등심 돈까스
2023-05-15,2,5,Spring,0,0,0,카페테리아,수제 등심 돈까스
2023-05-16,1,5,Spring,0,0,0,카페테리아,수제 등심 돈까스
2023-05-17,7,5,Spring,0,0,0,카페테리아,수제 등심 돈까스
2023-05-18,10,5,Spring,0,0,0,카페테리아,수제 등심 돈까스
2023-05-19,11,5,Spring,0,0,0,카페테리아,수제 등심 돈까스
2023-05-20,28,5,Spring,1,0,1,카페테리아,수제 등심 돈까스
2023-05-21,29,5,Spring,1,0,1,카페테리아,수제 등심 돈까스
2023-05-22,3,5,Spring,0,0,0,카페테리아,수제 등심 돈까스
2023-05-23,8,5,Spring,0,0,0,카페테리아,수제 등심 돈까스
2023-05-24,5,5,Spring,0,0,0,카페테리아,수제 등심 돈까스
2023-05-25,9,5,Spring,0,0,0,카페테리아,수제 등심 돈까스
2023-05-26,11,5,Spring,0,0,0,카페테리아,수제 등심 돈까스
2023-05-27,11,5,Spring,1,1,1,카페테리아,수제 등심 돈까스
2023-05-28,13,5,Spring,1,0,1,카페테리아,수제 등심 돈까스
2023-05-29,26,5,Spring,0,1,1,카페테리아,수제 등심 돈까스
2023-05-30,11,5,Spring,0,0,0,카페테리아,수제 등심 돈까스
2023-05-31,4,5,Spring,0,0,0,카페테리아,수제 등심 돈까스
2023-06-01,2,6,Summer,0,0,0,카페테리아,수제 등심 돈까스
2023-06-02,10,6,Summer,0,0,0,카페테리아,수제 등심 돈까스
2023-06-03,19,6,Summer,1,0,1,카페테리아,수제 등심 돈까스
2023-06-04,56,6,Summer,1,0,1,카페테리아,수제 등심 돈까스
2023-06-05,33,6,Summer,0,0,0,카페테리아,수제 등심 돈까스
2023-06-06,47,6,Summer,0,1,1,카페테리아,수제 등심 돈까스
2023-06-07,5,6,Summer,0,0,0,카페테리아,수제 등심 돈까스
2023-06-08,7,6,Summer,0,0,0,카페테리아,수제 등심 돈까스
2023-06-09,6,6,Summer,0,0,0,카페테리아,수제 등심 돈까스
2023-06-10,15,6,Summer,1,0,1,카페테리아,수제 등심 돈까스
2023-06-11,13,6,Summer,1,0,1,카페테리아,수제 등심 돈까스
2023-06-12,4,6,Summer,0,0,0,카페테리아,수제 등심 돈까스
2023-06-13,2,6,Summer,0,0,0,카페테리아,수제 등심 돈까스
2023-06-14,6,6,Summer,0,0,0,카페테리아,수제 등심 돈까스
2023-06-15,2,6,Summer,0,0,0,카페테리아,수제 등심 돈까스
2023-06-16,11,6,Summer,0,0,0,카페테리아,수제 등심 돈까스
2023-06-17,23,6,Summer,1,0,1,카페테리아,수제 등심 돈까스
2023-06-18,28,6,Summer,1,0,1,카페테리아,수제 등심 돈까스
2023-06-19,8,6,Summer,0,0,0,카페테리아,수제 등심 돈까스
2023-06-20,32,6,Summer,0,0,0,카페테리아,수제 등심 돈까스
2023-06-21,8,6,Summer,0,0,0,카페테리아,수제 등심 돈까스
2023-06-22,39,6,Summer,0,0,0,카페테리아,수제 등심 돈까스
2023-06-23,13,6,Summer,0,0,0,카페테리아,수제 등심 돈까스
2023-06-24,27,6,Summer,1,0,1,카페테리아,수제 등심 돈까스
2023-06-25,35,6,Summer,1,0,1,카페테리아,수제 등심 돈까스
2023-06-26,2,6,Summer,0,0,0,카페테리아,수제 등심 돈까스
2023-06-27,6,6,Summer,0,0,0,카페테리아,수제 등심 돈까스
2023-06-28,3,6,Summer,0,0,0,카페테리아,수제 등심 돈까스
2023-06-29,3,6,Summer,0,0,0,카페테리아,수제 등심 돈까스
2023-06-30,6,6,Summer,0,0,0,카페테리아,수제 등심 돈까스
2023-07-01,19,7,Summer,1,0,1,카페테리아,수제 등심 돈까스
2023-07-02,12,7,Summer,1,0,1,카페테리아,수제 등심 돈까스
2023-07-03,2,7,Summer,0,0,0,카페테리아,수제 등심 돈까스
2023-07-04,8,7,Summer,0,0,0,카페테리아,수제 등심 돈까스
2023-07-05,25,7,Summer,0,0,0,카페테리아,수제 등심 돈까스
2023-07-06,1,7,Summer,0,0,0,카페테리아,수제 등심 돈까스
2023-07-07,14,7,Summer,0,0,0,카페테리아,수제 등심 돈까스
2023-07-08,20,7,Summer,1,0,1,카페테리아,수제 등심 돈까스
2023-07-09,11,7,Summer,1,0,1,카페테리아,수제 등심 돈까스
2023-07-10,7,7,Summer,0,0,0,카페테리아,수제 등심 돈까스
2023-07-11,0,7,Summer,0,0,0,카페테리아,수제 등심 돈까스
2023-07-12,35,7,Summer,0,0,0,카페테리아,수제 등심 돈까스
2023-07-13,1,7,Summer,0,0,0,카페테리아,수제 등심 돈까스
2023-07-14,12,7,Summer,0,0,0,카페테리아,수제 등심 돈까스
2023-07-15,6,7,Summer,1,0,1,카페테리아,수제 등심 돈까스
2023-07-16,6,7,Summer,1,0,1,카페테리아,수제 등심 돈까스
2023-07-17,1,7,Summer,0,0,0,카페테리아,수제 등심 돈까스
2023-07-18,2,7,Summer,0,0,0,카페테리아,수제 등심 돈까스
2023-07-19,2,7,Summer,0,0,0,카페테리아,수제 등심 돈까스
2023-07-20,4,7,Summer,0,0,0,카페테리아,수제 등심 돈까스
2023-07-21,6,7,Summer,0,0,0,카페테리아,수제 등심 돈까스
2023-07-22,22,7,Summer,1,0,1,카페테리아,수제 등심 돈까스
2023-07-23,13,7,Summer,1,0,1,카페테리아,수제 등심 돈까스
2023-07-24,25,7,Summer,0,0,0,카페테리아,수제 등심 돈까스
2023-07-25,18,7,Summer,0,0,0,카페테리아,수제 등심 돈까스
2023-07-26,16,7,Summer,0,0,0,카페테리아,수제 등심 돈까스
2023-07-27,28,7,Summer,0,0,0,카페테리아,수제 등심 돈까스
2023-07-28,17,7,Summer,0,0,0,카페테리아,수제 등심 돈까스
2023-07-29,35,7,Summer,1,0,1,카페테리아,수제 등심 돈까스
2023-07-30,22,7,Summer,1,0,1,카페테리아,수제 등심 돈까스
2023-07-31,37,7,Summer,0,0,0,카페테리아,수제 등심 돈까스
2023-08-01,20,8,Summer,0,0,0,카페테리아,수제 등심 돈까스
2023-08-02,19,8,Summer,0,0,0,카페테리아,수제 등심 돈까스
2023-08-03,15,8,Summer,0,0,0,카페테리아,수제 등심 돈까스
2023-08-04,24,8,Summer,0,0,0,카페테리아,수제 등심 돈까스
2023-08-05,24,8,Summer,1,0,1,카페테리아,수제 등심 돈까스
2023-08-06,20,8,Summer,1,0,1,카페테리아,수제 등심 돈까스
2023-08-07,26,8,Summer,0,0,0,카페테리아,수제 등심 돈까스
2023-08-08,13,8,Summer,0,0,0,카페테리아,수제 등심 돈까스
2023-08-09,11,8,Summer,0,0,0,카페테리아,수제 등심 돈까스
2023-08-10,12,8,Summer,0,0,0,카페테리아,수제 등심 돈까스
2023-08-11,19,8,Summer,0,0,0,카페테리아,수제 등심 돈까스
2023-08-12,24,8,Summer,1,0,1,카페테리아,수제 등심 돈까스
2023-08-13,30,8,Summer,1,0,1,카페테리아,수제 등심 돈까스
2023-08-14,31,8,Summer,0,0,0,카페테리아,수제 등심 돈까스
2023-08-15,19,8,Summer,0,1,1,카페테리아,수제 등심 돈까스
2023-08-16,15,8,Summer,0,0,0,카페테리아,수제 등심 돈까스
2023-08-17,13,8,Summer,0,0,0,카페테리아,수제 등심 돈까스
2023-08-18,6,8,Summer,0,0,0,카페테리아,수제 등심 돈까스
2023-08-19,16,8,Summer,1,0,1,카페테리아,수제 등심 돈까스
2023-08-20,20,8,Summer,1,0,1,카페테리아,수제 등심 돈까스
2023-08-21,12,8,Summer,0,0,0,카페테리아,수제 등심 돈까스
2023-08-22,4,8,Summer,0,0,0,카페테리아,수제 등심 돈까스
2023-08-23,7,8,Summer,0,0,0,카페테리아,수제 등심 돈까스
2023-08-24,7,8,Summer,0,0,0,카페테리아,수제 등심 돈까스
2023-08-25,16,8,Summer,0,0,0,카페테리아,수제 등심 돈까스
2023-08-26,20,8,Summer,1,0,1,카페테리아,수제 등심 돈까스
2023-08-27,38,8,Summer,1,0,1,카페테리아,수제 등심 돈까스
2023-08-28,15,8,Summer,0,0,0,카페테리아,수제 등심 돈까스
2023-08-29,7,8,Summer,0,0,0,카페테리아,수제 등심 돈까스
2023-08-30,7,8,Summer,0,0,0,카페테리아,수제 등심 돈까스
2023-08-31,6,8,Summer,0,0,0,카페테리아,수제 등심 돈까스
2023-09-01,5,9,Autumn,0,0,0,카페테리아,수제 등심 돈까스
2023-09-02,23,9,Autumn,1,0,1,카페테리아,수제 등심 돈까스
2023-09-03,37,9,Autumn,1,0,1,카페테리아,수제 등심 돈까스
2023-09-04,4,9,Autumn,0,0,0,카페테리아,수제 등심 돈까스
2023-09-05,3,9,Autumn,0,0,0,카페테리아,수제 등심 돈까스
2023-09-06,0,9,Autumn,0,0,0,카페테리아,수제 등심 돈까스
2023-09-07,2,9,Autumn,0,0,0,카페테리아,수제 등심 돈까스
2023-09-08,6,9,Autumn,0,0,0,카페테리아,수제 등심 돈까스
2023-09-09,39,9,Autumn,1,0,1,카페테리아,수제 등심 돈까스
2023-09-10,14,9,Autumn,1,0,1,카페테리아,수제 등심 돈까스
2023-09-11,4,9,Autumn,0,0,0,카페테리아,수제 등심 돈까스
2023-09-12,5,9,Autumn,0,0,0,카페테리아,수제 등심 돈까스
2023-09-13,3,9,Autumn,0,0,0,카페테리아,수제 등심 돈까스
2023-09-14,3,9,Autumn,0,0,0,카페테리아,수제 등심 돈까스
2023-09-15,6,9,Autumn,0,0,0,카페테리아,수제 등심 돈까스
2023-09-16,12,9,Autumn,1,0,1,카페테리아,수제 등심 돈까스
2023-09-17,25,9,Autumn,1,0,1,카페테리아,수제 등심 돈까스
2023-09-18,2,9,Autumn,0,0,0,카페테리아,수제 등심 돈까스
2023-09-19,5,9,Autumn,0,0,0,카페테리아,수제 등심 돈까스
2023-09-20,4,9,Autumn,0,0,0,카페테리아,수제 등심 돈까스
2023-09-21,6,9,Autumn,0,0,0,카페테리아,수제 등심 돈까스
2023-09-22,9,9,Autumn,0,0,0,카페테리아,수제 등심 돈까스
2023-09-23,27,9,Autumn,1,0,1,카페테리아,수제 등심 돈까스
2023-09-24,17,9,Autumn,1,0,1,카페테리아,수제 등심 돈까스
2023-09-25,7,9,Autumn,0,0,0,카페테리아,수제 등심 돈까스
2023-09-26,6,9,Autumn,0,0,0,카페테리아,수제 등심 돈까스
2023-09-27,11,9,Autumn,0,0,0,카페테리아,수제 등심 돈까스
2023-09-28,42,9,Autumn,0,1,1,카페테리아,수제 등심 돈까스
2023-09-29,56,9,Autumn,0,1,1,카페테리아,수제 등심 돈까스
2023-09-30,32,9,Autumn,1,1,1,카페테리아,수제 등심 돈까스
2023-10-01,47,10,Autumn,1,0,1,카페테리아,수제 등심 돈까스
2023-10-02,70,10,Autumn,0,1,1,카페테리아,수제 등심 돈까스
2023-10-03,39,10,Autumn,0,1,1,카페테리아,수제 등심 돈까스
2023-10-04,11,10,Autumn,0,0,0,카페테리아,수제 등심 돈까스
2023-10-05,13,10,Autumn,0,0,0,카페테리아,수제 등심 돈까스
2023-10-06,26,10,Autumn,0,0,0,카페테리아,수제 등심 돈까스
2023-10-07,42,10,Autumn,1,0,1,카페테리아,수제 등심 돈까스
2023-10-08,65,10,Autumn,1,0,1,카페테리아,수제 등심 돈까스
2023-10-09,54,10,Autumn,0,1,1,카페테리아,수제 등심 돈까스
2023-10-10,7,10,Autumn,0,0,0,카페테리아,수제 등심 돈까스
2023-10-11,11,10,Autumn,0,0,0,카페테리아,수제 등심 돈까스
2023-10-12,12,10,Autumn,0,0,0,카페테리아,수제 등심 돈까스
2023-10-13,24,10,Autumn,0,0,0,카페테리아,수제 등심 돈까스
2023-10-14,23,10,Autumn,1,0,1,카페테리아,수제 등심 돈까스
2023-10-15,64,10,Autumn,1,0,1,카페테리아,수제 등심 돈까스
2023-10-16,17,10,Autumn,0,0,0,카페테리아,수제 등심 돈까스
2023-10-17,26,10,Autumn,0,0,0,카페테리아,수제 등심 돈까스
2023-10-18,18,10,Autumn,0,0,0,카페테리아,수제 등심 돈까스
2023-10-19,11,10,Autumn,0,0,0,카페테리아,수제 등심 돈까스
2023-10-20,29,10,Autumn,0,0,0,카페테리아,수제 등심 돈까스
2023-10-21,36,10,Autumn,1,0,1,카페테리아,수제 등심 돈까스
2023-10-22,69,10,Autumn,1,0,1,카페테리아,수제 등심 돈까스
2023-10-23,23,10,Autumn,0,0,0,카페테리아,수제 등심 돈까스
2023-10-24,48,10,Autumn,0,0,0,카페테리아,수제 등심 돈까스
2023-10-25,34,10,Autumn,0,0,0,카페테리아,수제 등심 돈까스
2023-10-26,14,10,Autumn,0,0,0,카페테리아,수제 등심 돈까스
2023-10-27,22,10,Autumn,0,0,0,카페테리아,수제 등심 돈까스
2023-10-28,46,10,Autumn,1,0,1,카페테리아,수제 등심 돈까스
2023-10-29,41,10,Autumn,1,0,1,카페테리아,수제 등심 돈까스
2023-10-30,20,10,Autumn,0,0,0,카페테리아,수제 등심 돈까스
2023-10-31,26,10,Autumn,0,0,0,카페테리아,수제 등심 돈까스
2023-11-01,27,11,Autumn,0,0,0,카페테리아,수제 등심 돈까스
2023-11-02,54,11,Autumn,0,0,0,카페테리아,수제 등심 돈까스
2023-11-03,23,11,Autumn,0,0,0,카페테리아,수제 등심 돈까스
2023-11-04,39,11,Autumn,1,0,1,카페테리아,수제 등심 돈까스
2023-11-05,23,11,Autumn,1,0,1,카페테리아,수제 등심 돈까스
2023-11-06,18,11,Autumn,0,0,0,카페테리아,수제 등심 돈까스
2023-11-07,22,11,Autumn,0,0,0,카페테리아,수제 등심 돈까스
2023-11-08,16,11,Autumn,0,0,0,카페테리아,수제 등심 돈까스
2023-11-09,20,11,Autumn,0,0,0,카페테리아,수제 등심 돈까스
2023-11-10,19,11,Autumn,0,0,0,카페테리아,수제 등심 돈까스
2023-11-11,22,11,Autumn,1,0,1,카페테리아,수제 등심 돈까스
2023-11-12,26,11,Autumn,1,0,1,카페테리아,수제 등심 돈까스
2023-11-13,14,11,Autumn,0,0,0,카페테리아,수제 등심 돈까스
2023-11-14,10,11,Autumn,0,0,0,카페테리아,수제 등심 돈까스
2023-11-15,12,11,Autumn,0,0,0,카페테리아,수제 등심 돈까스
2023-11-16,13,11,Autumn,0,0,0,카페테리아,수제 등심 돈까스
2023-11-17,11,11,Autumn,0,0,0,카페테리아,수제 등심 돈까스
2023-11-18,17,11,Autumn,1,0,1,카페테리아,수제 등심 돈까스
2023-11-19,10,11,Autumn,1,0,1,카페테리아,수제 등심 돈까스
2023-11-20,5,11,Autumn,0,0,0,카페테리아,수제 등심 돈까스
2023-11-21,8,11,Autumn,0,0,0,카페테리아,수제 등심 돈까스
2023-11-22,6,11,Autumn,0,0,0,카페테리아,수제 등심 돈까스
2023-11-23,17,11,Autumn,0,0,0,카페테리아,수제 등심 돈까스
2023-11-24,10,11,Autumn,0,0,0,카페테리아,수제 등심 돈까스
2023-11-25,24,11,Autumn,1,0,1,카페테리아,수제 등심 돈까스
2023-11-26,16,11,Autumn,1,0,1,카페테리아,수제 등심 돈까스
2023-11-27,6,11,Autumn,0,0,0,카페테리아,수제 등심 돈까스
2023-11-28,11,11,Autumn,0,0,0,카페테리아,수제 등심 돈까스
2023-11-29,5,11,Autumn,0,0,0,카페테리아,수제 등심 돈까스
2023-11-30,5,11,Autumn,0,0,0,카페테리아,수제 등심 돈까스
2023-12-01,7,12,Winter,0,0,0,카페테리아,수제 등심 돈까스
2023-12-02,18,12,Winter,1,0,1,카페테리아,수제 등심 돈까스
2023-12-03,9,12,Winter,1,0,1,카페테리아,수제 등심 돈까스
2023-12-04,10,12,Winter,0,0,0,카페테리아,수제 등심 돈까스
2023-12-05,1,12,Winter,0,0,0,카페테리아,수제 등심 돈까스
2023-12-06,14,12,Winter,0,0,0,카페테리아,수제 등심 돈까스
2023-12-07,15,12,Winter,0,0,0,카페테리아,수제 등심 돈까스
2023-12-08,70,12,Winter,0,0,0,카페테리아,수제 등심 돈까스
2023-12-09,111,12,Winter,1,0,1,카페테리아,수제 등심 돈까스
2023-12-10,115,12,Winter,1,0,1,카페테리아,수제 등심 돈까스
2023-12-11,24,12,Winter,0,0,0,카페테리아,수제 등심 돈까스
2023-12-12,37,12,Winter,0,0,0,카페테리아,수제 등심 돈까스
2023-12-13,29,12,Winter,0,0,0,카페테리아,수제 등심 돈까스
2023-12-14,16,12,Winter,0,0,0,카페테리아,수제 등심 돈까스
2023-12-15,9,12,Winter,0,0,0,카페테리아,수제 등심 돈까스
2023-12-16,86,12,Winter,1,0,1,카페테리아,수제 등심 돈까스
2023-12-17,74,12,Winter,1,0,1,카페테리아,수제 등심 돈까스
2023-12-18,156,12,Winter,0,0,0,카페테리아,수제 등심 돈까스
2023-12-19,114,12,Winter,0,0,0,카페테리아,수제 등심 돈까스
2023-12-20,132,12,Winter,0,0,0,카페테리아,수제 등심 돈까스
2023-12-21,132,12,Winter,0,0,0,카페테리아,수제 등심 돈까스
2023-12-22,177,12,Winter,0,0,0,카페테리아,수제 등심 돈까스
2023-12-23,236,12,Winter,1,0,1,카페테리아,수제 등심 돈까스
2023-12-24,275,12,Winter,1,0,1,카페테리아,수제 등심 돈까스
2023-12-25,202,12,Winter,0,1,1,카페테리아,수제 등심 돈까스
2023-12-26,212,12,Winter,0,0,0,카페테리아,수제 등심 돈까스
2023-12-27,175,12,Winter,0,0,0,카페테리아,수제 등심 돈까스
2023-12-28,225,12,Winter,0,0,0,카페테리아,수제 등심 돈까스
2023-12-29,230,12,Winter,0,0,0,카페테리아,수제 등심 돈까스
2023-12-30,249,12,Winter,1,0,1,카페테리아,수제 등심 돈까스
2023-12-31,225,12,Winter,1,0,1,카페테리아,수제 등심 돈까스
2024-01-01,191,1,Winter,0,1,1,카페테리아,수제 등심 돈까스
2024-01-02,149,1,Winter,0,0,0,카페테리아,수제 등심 돈까스
2024-01-03,125,1,Winter,0,0,0,카페테리아,수제 등심 돈까스
2024-01-04,153,1,Winter,0,0,0,카페테리아,수제 등심 돈까스
2024-01-05,137,1,Winter,0,0,0,카페테리아,수제 등심 돈까스
2024-01-06,279,1,Winter,1,0,1,카페테리아,수제 등심 돈까스
2024-01-07,254,1,Winter,1,0,1,카페테리아,수제 등심 돈까스
2024-01-08,140,1,Winter,0,0,0,카페테리아,수제 등심 돈까스
2024-01-09,131,1,Winter,0,0,0,카페테리아,수제 등심 돈까스
2024-01-10,166,1,Winter,0,0,0,카페테리아,수제 등심 돈까스
2024-01-11,172,1,Winter,0,0,0,카페테리아,수제 등심 돈까스
2024-01-12,204,1,Winter,0,0,0,카페테리아,수제 등심 돈까스
2024-01-13,448,1,Winter,1,0,1,카페테리아,수제 등심 돈까스
2024-01-14,209,1,Winter,1,0,1,카페테리아,수제 등심 돈까스
2024-01-15,172,1,Winter,0,0,0,카페테리아,수제 등심 돈까스
2024-01-16,132,1,Winter,0,0,0,카페테리아,수제 등심 돈까스
2024-01-17,134,1,Winter,0,0,0,카페테리아,수제 등심 돈까스
2024-01-18,141,1,Winter,0,0,0,카페테리아,수제 등심 돈까스
2024-01-19,184,1,Winter,0,0,0,카페테리아,수제 등심 돈까스
2024-01-20,274,1,Winter,1,0,1,카페테리아,수제 등심 돈까스
2024-01-21,278,1,Winter,1,0,1,카페테리아,수제 등심 돈까스
2024-01-22,156,1,Winter,0,0,0,카페테리아,수제 등심 돈까스
2024-01-23,144,1,Winter,0,0,0,카페테리아,수제 등심 돈까스
2024-01-24,130,1,Winter,0,0,0,카페테리아,수제 등심 돈까스
2024-01-25,135,1,Winter,0,0,0,카페테리아,수제 등심 돈까스
2024-01-26,178,1,Winter,0,0,0,카페테리아,수제 등심 돈까스
2024-01-27,289,1,Winter,1,0,1,카페테리아,수제 등심 돈까스
2024-01-28,262,1,Winter,1,0,1,카페테리아,수제 등심 돈까스
2024-01-29,169,1,Winter,0,0,0,카페테리아,수제 등심 돈까스
2024-01-30,136,1,Winter,0,0,0,카페테리아,수제 등심 돈까스
2024-01-31,109,1,Winter,0,0,0,카페테리아,수제 등심 돈까스
2024-02-01,125,2,Winter,0,0,0,카페테리아,수제 등심 돈까스
2024-02-02,150,2,Winter,0,0,0,카페테리아,수제 등심 돈까스
2024-02-03,272,2,Winter,1,0,1,카페테리아,수제 등심 돈까스
2024-02-04,170,2,Winter,1,0,1,카페테리아,수제 등심 돈까스
2024-02-05,73,2,Winter,0,0,0,카페테리아,수제 등심 돈까스
2024-02-06,109,2,Winter,0,0,0,카페테리아,수제 등심 돈까스
2024-02-07,92,2,Winter,0,0,0,카페테리아,수제 등심 돈까스
2024-02-08,124,2,Winter,0,0,0,카페테리아,수제 등심 돈까스
2024-02-09,189,2,Winter,0,1,1,카페테리아,수제 등심 돈까스
2024-02-10,134,2,Winter,1,1,1,카페테리아,수제 등심 돈까스
2024-02-11,241,2,Winter,1,1,1,카페테리아,수제 등심 돈까스
2024-02-12,188,2,Winter,0,1,1,카페테리아,수제 등심 돈까스
2024-02-13,102,2,Winter,0,0,0,카페테리아,수제 등심 돈까스
2024-02-14,71,2,Winter,0,0,0,카페테리아,수제 등심 돈까스
2024-02-15,29,2,Winter,0,0,0,카페테리아,수제 등심 돈까스
2024-02-16,86,2,Winter,0,0,0,카페테리아,수제 등심 돈까스
2024-02-17,216,2,Winter,1,0,1,카페테리아,수제 등심 돈까스
2024-02-18,129,2,Winter,1,0,1,카페테리아,수제 등심 돈까스
2024-02-19,36,2,Winter,0,0,0,카페테리아,수제 등심 돈까스
2024-02-20,42,2,Winter,0,0,0,카페테리아,수제 등심 돈까스
2024-02-21,22,2,Winter,0,0,0,카페테리아,수제 등심 돈까스
2024-02-22,128,2,Winter,0,0,0,카페테리아,수제 등심 돈까스
2024-02-23,119,2,Winter,0,0,0,카페테리아,수제 등심 돈까스
2024-02-24,172,2,Winter,1,0,1,카페테리아,수제 등심 돈까스
2024-02-25,128,2,Winter,1,0,1,카페테리아,수제 등심 돈까스
2024-02-26,67,2,Winter,0,0,0,카페테리아,수제 등심 돈까스
2024-02-27,42,2,Winter,0,0,0,카페테리아,수제 등심 돈까스
2024-02-28,50,2,Winter,0,0,0,카페테리아,수제 등심 돈까스
2024-02-29,56,2,Winter,0,0,0,카페테리아,수제 등심 돈까스
2024-03-01,124,3,Spring,0,1,1,카페테리아,수제 등심 돈까스
2024-03-02,57,3,Spring,1,0,1,카페테리아,수제 등심 돈까스
2024-03-03,23,3,Spring,1,0,1,카페테리아,수제 등심 돈까스
2024-03-04,0,3,Spring,0,0,0,카페테리아,수제 등심 돈까스
2024-03-05,0,3,Spring,0,0,0,카페테리아,수제 등심 돈까스
2024-03-06,0,3,Spring,0,0,0,카페테리아,수제 등심 돈까스
2024-03-07,0,3,Spring,0,0,0,카페테리아,수제 등심 돈까스
2024-03-08,0,3,Spring,0,0,0,카페테리아,수제 등심 돈까스
2024-03-09,0,3,Spring,1,0,1,카페테리아,수제 등심 돈까스
2024-03-10,0,3,Spring,1,0,1,카페테리아,수제 등심 돈까스
2024-03-11,0,3,Spring,0,0,0,카페테리아,수제 등심 돈까스
2024-03-12,0,3,Spring,0,0,0,카페테리아,수제 등심 돈까스
2024-03-13,0,3,Spring,0,0,0,카페테리아,수제 등심 돈까스
2024-03-14,2,3,Spring,0,0,0,카페테리아,수제 등심 돈까스
2024-03-15,4,3,Spring,0,0,0,카페테리아,수제 등심 돈까스
2024-03-16,14,3,Spring,1,0,1,카페테리아,수제 등심 돈까스
2024-03-17,6,3,Spring,1,0,1,카페테리아,수제 등심 돈까스
2024-03-18,0,3,Spring,0,0,0,카페테리아,수제 등심 돈까스
2024-03-19,0,3,Spring,0,0,0,카페테리아,수제 등심 돈까스
2024-03-20,1,3,Spring,0,0,0,카페테리아,수제 등심 돈까스
2024-03-21,1,3,Spring,0,0,0,카페테리아,수제 등심 돈까스
2024-03-22,3,3,Spring,0,0,0,카페테리아,수제 등심 돈까스
2024-03-23,10,3,Spring,1,0,1,카페테리아,수제 등심 돈까스
2024-03-24,10,3,Spring,1,0,1,카페테리아,수제 등심 돈까스
2024-03-25,2,3,Spring,0,0,0,카페테리아,수제 등심 돈까스
2024-03-26,0,3,Spring,0,0,0,카페테리아,수제 등심 돈까스
2024-03-27,1,3,Spring,0,0,0,카페테리아,수제 등심 돈까스
2024-03-28,1,3,Spring,0,0,0,카페테리아,수제 등심 돈까스
2024-03-29,8,3,Spring,0,0,0,카페테리아,수제 등심 돈까스
2024-03-30,21,3,Spring,1,0,1,카페테리아,수제 등심 돈까스
2024-03-31,10,3,Spring,1,0,1,카페테리아,수제 등심 돈까스
2024-04-01,3,4,Spring,0,0,0,카페테리아,수제 등심 돈까스
2024-04-02,8,4,Spring,0,0,0,카페테리아,수제 등심 돈까스
2024-04-03,2,4,Spring,0,0,0,카페테리아,수제 등심 돈까스
2024-04-04,10,4,Spring,0,0,0,카페테리아,수제 등심 돈까스
2024-04-05,19,4,Spring,0,0,0,카페테리아,수제 등심 돈까스
2024-04-06,42,4,Spring,1,0,1,카페테리아,수제 등심 돈까스
2024-04-07,20,4,Spring,1,0,1,카페테리아,수제 등심 돈까스
2024-04-08,8,4,Spring,0,0,0,카페테리아,수제 등심 돈까스
2024-04-09,21,4,Spring,0,0,0,카페테리아,수제 등심 돈까스
2024-04-10,34,4,Spring,0,1,1,카페테리아,수제 등심 돈까스
2024-04-11,27,4,Spring,0,0,0,카페테리아,수제 등심 돈까스
2024-04-12,21,4,Spring,0,0,0,카페테리아,수제 등심 돈까스
2024-04-13,26,4,Spring,1,0,1,카페테리아,수제 등심 돈까스
2024-04-14,21,4,Spring,1,0,1,카페테리아,수제 등심 돈까스
2024-04-15,1,4,Spring,0,0,0,카페테리아,수제 등심 돈까스
2024-04-16,9,4,Spring,0,0,0,카페테리아,수제 등심 돈까스
2024-04-17,5,4,Spring,0,0,0,카페테리아,수제 등심 돈까스
2024-04-18,14,4,Spring,0,0,0,카페테리아,수제 등심 돈까스
2024-04-19,27,4,Spring,0,0,0,카페테리아,수제 등심 돈까스
2024-04-20,24,4,Spring,1,0,1,카페테리아,수제 등심 돈까스
2024-04-21,26,4,Spring,1,0,1,카페테리아,수제 등심 돈까스
2024-04-22,4,4,Spring,0,0,0,카페테리아,수제 등심 돈까스
2024-04-23,23,4,Spring,0,0,0,카페테리아,수제 등심 돈까스
2024-04-24,5,4,Spring,0,0,0,카페테리아,수제 등심 돈까스
2024-04-25,10,4,Spring,0,0,0,카페테리아,수제 등심 돈까스
2024-04-26,16,4,Spring,0,0,0,카페테리아,수제 등심 돈까스
2024-04-27,49,4,Spring,1,0,1,카페테리아,수제 등심 돈까스
2024-04-28,33,4,Spring,1,0,1,카페테리아,수제 등심 돈까스
2024-04-29,3,4,Spring,0,0,0,카페테리아,수제 등심 돈까스
2024-04-30,10,4,Spring,0,0,0,카페테리아,수제 등심 돈까스
2024-05-01,37,5,Spring,0,0,0,카페테리아,수제 등심 돈까스
2024-05-02,5,5,Spring,0,0,0,카페테리아,수제 등심 돈까스
2024-05-03,17,5,Spring,0,0,0,카페테리아,수제 등심 돈까스
2024-05-04,46,5,Spring,1,0,1,카페테리아,수제 등심 돈까스
2024-05-05,10,5,Spring,1,1,1,카페테리아,수제 등심 돈까스
2024-05-06,8,5,Spring,0,1,1,카페테리아,수제 등심 돈까스
2024-05-07,2,5,Spring,0,0,0,카페테리아,수제 등심 돈까스
2024-05-08,3,5,Spring,0,0,0,카페테리아,수제 등심 돈까스
2024-05-09,11,5,Spring,0,0,0,카페테리아,수제 등심 돈까스
2024-05-10,8,5,Spring,0,0,0,카페테리아,수제 등심 돈까스
2024-05-11,11,5,Spring,1,0,1,카페테리아,수제 등심 돈까스
2024-05-12,15,5,Spring,1,0,1,카페테리아,수제 등심 돈까스
2024-05-13,1,5,Spring,0,0,0,카페테리아,수제 등심 돈까스
2024-05-14,8,5,Spring,0,0,0,카페테리아,수제 등심 돈까스
2024-05-15,17,5,Spring,0,1,1,카페테리아,수제 등심 돈까스
2024-05-16,6,5,Spring,0,0,0,카페테리아,수제 등심 돈까스
2024-05-17,3,5,Spring,0,0,0,카페테리아,수제 등심 돈까스
2024-05-18,30,5,Spring,1,0,1,카페테리아,수제 등심 돈까스
2024-05-19,32,5,Spring,1,0,1,카페테리아,수제 등심 돈까스
2024-05-20,11,5,Spring,0,0,0,카페테리아,수제 등심 돈까스
2024-05-21,4,5,Spring,0,0,0,카페테리아,수제 등심 돈까스
2024-05-22,9,5,Spring,0,0,0,카페테리아,수제 등심 돈까스
2024-05-23,2,5,Spring,0,0,0,카페테리아,수제 등심 돈까스
2024-05-24,6,5,Spring,0,0,0,카페테리아,수제 등심 돈까스
2024-05-25,33,5,Spring,1,0,1,카페테리아,수제 등심 돈까스
2024-05-26,16,5,Spring,1,0,1,카페테리아,수제 등심 돈까스
2024-05-27,4,5,Spring,0,0,0,카페테리아,수제 등심 돈까스
2024-05-28,3,5,Spring,0,0,0,카페테리아,수제 등심 돈까스
2024-05-29,2,5,Spring,0,0,0,카페테리아,수제 등심 돈까스
2024-05-30,1,5,Spring,0,0,0,카페테리아,수제 등심 돈까스
2024-05-31,11,5,Spring,0,0,0,카페테리아,수제 등심 돈까스
2024-06-01,25,6,Summer,1,0,1,카페테리아,수제 등심 돈까스
2024-06-02,22,6,Summer,1,0,1,카페테리아,수제 등심 돈까스
2024-06-03,2,6,Summer,0,0,0,카페테리아,수제 등심 돈까스
2024-06-04,5,6,Summer,0,0,0,카페테리아,수제 등심 돈까스
2024-06-05,12,6,Summer,0,0,0,카페테리아,수제 등심 돈까스
2024-06-06,63,6,Summer,0,1,1,카페테리아,수제 등심 돈까스
2024-06-07,30,6,Summer,0,0,0,카페테리아,수제 등심 돈까스
2024-06-08,16,6,Summer,1,0,1,카페테리아,수제 등심 돈까스
2024-06-09,19,6,Summer,1,0,1,카페테리아,수제 등심 돈까스
2024-06-10,2,6,Summer,0,0,0,카페테리아,수제 등심 돈까스
2024-06-11,2,6,Summer,0,0,0,카페테리아,수제 등심 돈까스
2024-06-12,2,6,Summer,0,0,0,카페테리아,수제 등심 돈까스
2024-06-13,20,6,Summer,0,0,0,카페테리아,수제 등심 돈까스
2024-06-14,6,6,Summer,0,0,0,카페테리아,수제 등심 돈까스
2024-06-15,28,6,Summer,1,0,1,카페테리아,수제 등심 돈까스
2023-01-01,140,1,Winter,1,1,1,카페테리아,아메리카노(HOT)
2023-01-02,108,1,Winter,0,0,0,카페테리아,아메리카노(HOT)
2023-01-03,102,1,Winter,0,0,0,카페테리아,아메리카노(HOT)
2023-01-04,86,1,Winter,0,0,0,카페테리아,아메리카노(HOT)
2023-01-05,117,1,Winter,0,0,0,카페테리아,아메리카노(HOT)
2023-01-06,87,1,Winter,0,0,0,카페테리아,아메리카노(HOT)
2023-01-07,167,1,Winter,1,0,1,카페테리아,아메리카노(HOT)
2023-01-08,137,1,Winter,1,0,1,카페테리아,아메리카노(HOT)
2023-01-09,48,1,Winter,0,0,0,카페테리아,아메리카노(HOT)
2023-01-10,59,1,Winter,0,0,0,카페테리아,아메리카노(HOT)
2023-01-11,87,1,Winter,0,0,0,카페테리아,아메리카노(HOT)
2023-01-12,47,1,Winter,0,0,0,카페테리아,아메리카노(HOT)
2023-01-13,22,1,Winter,0,0,0,카페테리아,아메리카노(HOT)
2023-01-14,72,1,Winter,1,0,1,카페테리아,아메리카노(HOT)
2023-01-15,174,1,Winter,1,0,1,카페테리아,아메리카노(HOT)
2023-01-16,84,1,Winter,0,0,0,카페테리아,아메리카노(HOT)
2023-01-17,71,1,Winter,0,0,0,카페테리아,아메리카노(HOT)
2023-01-18,88,1,Winter,0,0,0,카페테리아,아메리카노(HOT)
2023-01-19,63,1,Winter,0,0,0,카페테리아,아메리카노(HOT)
2023-01-20,166,1,Winter,0,0,0,카페테리아,아메리카노(HOT)
2023-01-21,142,1,Winter,1,1,1,카페테리아,아메리카노(HOT)
2023-01-22,111,1,Winter,1,1,1,카페테리아,아메리카노(HOT)
2023-01-23,220,1,Winter,0,1,1,카페테리아,아메리카노(HOT)
2023-01-24,215,1,Winter,0,1,1,카페테리아,아메리카노(HOT)
2023-01-25,116,1,Winter,0,0,0,카페테리아,아메리카노(HOT)
2023-01-26,108,1,Winter,0,0,0,카페테리아,아메리카노(HOT)
2023-01-27,149,1,Winter,0,0,0,카페테리아,아메리카노(HOT)
2023-01-28,225,1,Winter,1,0,1,카페테리아,아메리카노(HOT)
2023-01-29,183,1,Winter,1,0,1,카페테리아,아메리카노(HOT)
2023-01-30,54,1,Winter,0,0,0,카페테리아,아메리카노(HOT)
2023-01-31,45,1,Winter,0,0,0,카페테리아,아메리카노(HOT)
2023-02-01,81,2,Winter,0,0,0,카페테리아,아메리카노(HOT)
2023-02-02,65,2,Winter,0,0,0,카페테리아,아메리카노(HOT)
2023-02-03,93,2,Winter,0,0,0,카페테리아,아메리카노(HOT)
2023-02-04,168,2,Winter,1,0,1,카페테리아,아메리카노(HOT)
2023-02-05,153,2,Winter,1,0,1,카페테리아,아메리카노(HOT)
2023-02-06,39,2,Winter,0,0,0,카페테리아,아메리카노(HOT)
2023-02-07,35,2,Winter,0,0,0,카페테리아,아메리카노(HOT)
2023-02-08,68,2,Winter,0,0,0,카페테리아,아메리카노(HOT)
2023-02-09,43,2,Winter,0,0,0,카페테리아,아메리카노(HOT)
2023-02-10,54,2,Winter,0,0,0,카페테리아,아메리카노(HOT)
2023-02-11,125,2,Winter,1,0,1,카페테리아,아메리카노(HOT)
2023-02-12,127,2,Winter,1,0,1,카페테리아,아메리카노(HOT)
2023-02-13,43,2,Winter,0,0,0,카페테리아,아메리카노(HOT)
2023-02-14,70,2,Winter,0,0,0,카페테리아,아메리카노(HOT)
2023-02-15,37,2,Winter,0,0,0,카페테리아,아메리카노(HOT)
2023-02-16,53,2,Winter,0,0,0,카페테리아,아메리카노(HOT)
2023-02-17,42,2,Winter,0,0,0,카페테리아,아메리카노(HOT)
2023-02-18,78,2,Winter,1,0,1,카페테리아,아메리카노(HOT)
2023-02-19,76,2,Winter,1,0,1,카페테리아,아메리카노(HOT)
2023-02-20,51,2,Winter,0,0,0,카페테리아,아메리카노(HOT)
2023-02-21,60,2,Winter,0,0,0,카페테리아,아메리카노(HOT)
2023-02-22,34,2,Winter,0,0,0,카페테리아,아메리카노(HOT)
2023-02-23,35,2,Winter,0,0,0,카페테리아,아메리카노(HOT)
2023-02-24,42,2,Winter,0,0,0,카페테리아,아메리카노(HOT)
2023-02-25,52,2,Winter,1,0,1,카페테리아,아메리카노(HOT)
2023-02-26,59,2,Winter,1,0,1,카페테리아,아메리카노(HOT)
2023-02-27,16,2,Winter,0,0,0,카페테리아,아메리카노(HOT)
2023-02-28,15,2,Winter,0,0,0,카페테리아,아메리카노(HOT)
2023-03-01,33,3,Spring,0,1,1,카페테리아,아메리카노(HOT)
2023-03-02,0,3,Spring,0,0,0,카페테리아,아메리카노(HOT)
2023-03-03,0,3,Spring,0,0,0,카페테리아,아메리카노(HOT)
2023-03-04,0,3,Spring,1,0,1,카페테리아,아메리카노(HOT)
2023-03-05,0,3,Spring,1,0,1,카페테리아,아메리카노(HOT)
2023-03-06,0,3,Spring,0,0,0,카페테리아,아메리카노(HOT)
2023-03-07,0,3,Spring,0,0,0,카페테리아,아메리카노(HOT)
2023-03-08,0,3,Spring,0,0,0,카페테리아,아메리카노(HOT)
2023-03-09,0,3,Spring,0,0,0,카페테리아,아메리카노(HOT)
2023-03-10,0,3,Spring,0,0,0,카페테리아,아메리카노(HOT)
2023-03-11,0,3,Spring,1,0,1,카페테리아,아메리카노(HOT)
2023-03-12,0,3,Spring,1,0,1,카페테리아,아메리카노(HOT)
2023-03-13,0,3,Spring,0,0,0,카페테리아,아메리카노(HOT)
2023-03-14,0,3,Spring,0,0,0,카페테리아,아메리카노(HOT)
2023-03-15,0,3,Spring,0,0,0,카페테리아,아메리카노(HOT)
2023-03-16,0,3,Spring,0,0,0,카페테리아,아메리카노(HOT)
2023-03-17,0,3,Spring,0,0,0,카페테리아,아메리카노(HOT)
2023-03-18,0,3,Spring,1,0,1,카페테리아,아메리카노(HOT)
2023-03-19,0,3,Spring,1,0,1,카페테리아,아메리카노(HOT)
2023-03-20,0,3,Spring,0,0,0,카페테리아,아메리카노(HOT)
2023-03-21,0,3,Spring,0,0,0,카페테리아,아메리카노(HOT)
2023-03-22,0,3,Spring,0,0,0,카페테리아,아메리카노(HOT)
2023-03-23,0,3,Spring,0,0,0,카페테리아,아메리카노(HOT)
2023-03-24,0,3,Spring,0,0,0,카페테리아,아메리카노(HOT)
2023-03-25,0,3,Spring,1,0,1,카페테리아,아메리카노(HOT)
2023-03-26,0,3,Spring,1,0,1,카페테리아,아메리카노(HOT)
2023-03-27,0,3,Spring,0,0,0,카페테리아,아메리카노(HOT)
2023-03-28,0,3,Spring,0,0,0,카페테리아,아메리카노(HOT)
2023-03-29,0,3,Spring,0,0,0,카페테리아,아메리카노(HOT)
2023-03-30,0,3,Spring,0,0,0,카페테리아,아메리카노(HOT)
2023-03-31,0,3,Spring,0,0,0,카페테리아,아메리카노(HOT)
2023-04-01,0,4,Spring,1,0,1,카페테리아,아메리카노(HOT)
2023-04-02,0,4,Spring,1,0,1,카페테리아,아메리카노(HOT)
2023-04-03,0,4,Spring,0,0,0,카페테리아,아메리카노(HOT)
2023-04-04,0,4,Spring,0,0,0,카페테리아,아메리카노(HOT)
2023-04-05,0,4,Spring,0,0,0,카페테리아,아메리카노(HOT)
2023-04-06,0,4,Spring,0,0,0,카페테리아,아메리카노(HOT)
2023-04-07,0,4,Spring,0,0,0,카페테리아,아메리카노(HOT)
2023-04-08,0,4,Spring,1,0,1,카페테리아,아메리카노(HOT)
2023-04-09,0,4,Spring,1,0,1,카페테리아,아메리카노(HOT)
2023-04-10,0,4,Spring,0,0,0,카페테리아,아메리카노(HOT)
2023-04-11,0,4,Spring,0,0,0,카페테리아,아메리카노(HOT)
2023-04-12,0,4,Spring,0,0,0,카페테리아,아메리카노(HOT)
2023-04-13,0,4,Spring,0,0,0,카페테리아,아메리카노(HOT)
2023-04-14,0,4,Spring,0,0,0,카페테리아,아메리카노(HOT)
2023-04-15,0,4,Spring,1,0,1,카페테리아,아메리카노(HOT)
2023-04-16,0,4,Spring,1,0,1,카페테리아,아메리카노(HOT)
2023-04-17,0,4,Spring,0,0,0,카페테리아,아메리카노(HOT)
2023-04-18,0,4,Spring,0,0,0,카페테리아,아메리카노(HOT)
2023-04-19,0,4,Spring,0,0,0,카페테리아,아메리카노(HOT)
2023-04-20,0,4,Spring,0,0,0,카페테리아,아메리카노(HOT)
2023-04-21,0,4,Spring,0,0,0,카페테리아,아메리카노(HOT)
2023-04-22,0,4,Spring,1,0,1,카페테리아,아메리카노(HOT)
2023-04-23,0,4,Spring,1,0,1,카페테리아,아메리카노(HOT)
2023-04-24,0,4,Spring,0,0,0,카페테리아,아메리카노(HOT)
2023-04-25,0,4,Spring,0,0,0,카페테리아,아메리카노(HOT)
2023-04-26,0,4,Spring,0,0,0,카페테리아,아메리카노(HOT)
2023-04-27,0,4,Spring,0,0,0,카페테리아,아메리카노(HOT)
2023-04-28,0,4,Spring,0,0,0,카페테리아,아메리카노(HOT)
2023-04-29,0,4,Spring,1,0,1,카페테리아,아메리카노(HOT)
2023-04-30,0,4,Spring,1,0,1,카페테리아,아메리카노(HOT)
2023-05-01,0,5,Spring,0,0,0,카페테리아,아메리카노(HOT)
2023-05-02,0,5,Spring,0,0,0,카페테리아,아메리카노(HOT)
2023-05-03,0,5,Spring,0,0,0,카페테리아,아메리카노(HOT)
2023-05-04,0,5,Spring,0,0,0,카페테리아,아메리카노(HOT)
2023-05-05,0,5,Spring,0,1,1,카페테리아,아메리카노(HOT)
2023-05-06,0,5,Spring,1,0,1,카페테리아,아메리카노(HOT)
2023-05-07,0,5,Spring,1,0,1,카페테리아,아메리카노(HOT)
2023-05-08,0,5,Spring,0,0,0,카페테리아,아메리카노(HOT)
2023-05-09,0,5,Spring,0,0,0,카페테리아,아메리카노(HOT)
2023-05-10,0,5,Spring,0,0,0,카페테리아,아메리카노(HOT)
2023-05-11,0,5,Spring,0,0,0,카페테리아,아메리카노(HOT)
2023-05-12,0,5,Spring,0,0,0,카페테리아,아메리카노(HOT)
2023-05-13,0,5,Spring,1,0,1,카페테리아,아메리카노(HOT)
2023-05-14,0,5,Spring,1,0,1,카페테리아,아메리카노(HOT)
2023-05-15,0,5,Spring,0,0,0,카페테리아,아메리카노(HOT)
2023-05-16,0,5,Spring,0,0,0,카페테리아,아메리카노(HOT)
2023-05-17,0,5,Spring,0,0,0,카페테리아,아메리카노(HOT)
2023-05-18,0,5,Spring,0,0,0,카페테리아,아메리카노(HOT)
2023-05-19,0,5,Spring,0,0,0,카페테리아,아메리카노(HOT)
2023-05-20,0,5,Spring,1,0,1,카페테리아,아메리카노(HOT)
2023-05-21,0,5,Spring,1,0,1,카페테리아,아메리카노(HOT)
2023-05-22,0,5,Spring,0,0,0,카페테리아,아메리카노(HOT)
2023-05-23,0,5,Spring,0,0,0,카페테리아,아메리카노(HOT)
2023-05-24,0,5,Spring,0,0,0,카페테리아,아메리카노(HOT)
2023-05-25,0,5,Spring,0,0,0,카페테리아,아메리카노(HOT)
2023-05-26,0,5,Spring,0,0,0,카페테리아,아메리카노(HOT)
2023-05-27,0,5,Spring,1,1,1,카페테리아,아메리카노(HOT)
2023-05-28,0,5,Spring,1,0,1,카페테리아,아메리카노(HOT)
2023-05-29,0,5,Spring,0,1,1,카페테리아,아메리카노(HOT)
2023-05-30,0,5,Spring,0,0,0,카페테리아,아메리카노(HOT)
2023-05-31,0,5,Spring,0,0,0,카페테리아,아메리카노(HOT)
2023-06-01,0,6,Summer,0,0,0,카페테리아,아메리카노(HOT)
2023-06-02,0,6,Summer,0,0,0,카페테리아,아메리카노(HOT)
2023-06-03,0,6,Summer,1,0,1,카페테리아,아메리카노(HOT)
2023-06-04,0,6,Summer,1,0,1,카페테리아,아메리카노(HOT)
2023-06-05,0,6,Summer,0,0,0,카페테리아,아메리카노(HOT)
2023-06-06,0,6,Summer,0,1,1,카페테리아,아메리카노(HOT)
2023-06-07,0,6,Summer,0,0,0,카페테리아,아메리카노(HOT)
2023-06-08,0,6,Summer,0,0,0,카페테리아,아메리카노(HOT)
2023-06-09,0,6,Summer,0,0,0,카페테리아,아메리카노(HOT)
2023-06-10,0,6,Summer,1,0,1,카페테리아,아메리카노(HOT)
2023-06-11,0,6,Summer,1,0,1,카페테리아,아메리카노(HOT)
2023-06-12,0,6,Summer,0,0,0,카페테리아,아메리카노(HOT)
2023-06-13,0,6,Summer,0,0,0,카페테리아,아메리카노(HOT)
2023-06-14,0,6,Summer,0,0,0,카페테리아,아메리카노(HOT)
2023-06-15,0,6,Summer,0,0,0,카페테리아,아메리카노(HOT)
2023-06-16,0,6,Summer,0,0,0,카페테리아,아메리카노(HOT)
2023-06-17,0,6,Summer,1,0,1,카페테리아,아메리카노(HOT)
2023-06-18,0,6,Summer,1,0,1,카페테리아,아메리카노(HOT)
2023-06-19,0,6,Summer,0,0,0,카페테리아,아메리카노(HOT)
2023-06-20,0,6,Summer,0,0,0,카페테리아,아메리카노(HOT)
2023-06-21,0,6,Summer,0,0,0,카페테리아,아메리카노(HOT)
2023-06-22,0,6,Summer,0,0,0,카페테리아,아메리카노(HOT)
2023-06-23,0,6,Summer,0,0,0,카페테리아,아메리카노(HOT)
2023-06-24,0,6,Summer,1,0,1,카페테리아,아메리카노(HOT)
2023-06-25,0,6,Summer,1,0,1,카페테리아,아메리카노(HOT)
2023-06-26,0,6,Summer,0,0,0,카페테리아,아메리카노(HOT)
2023-06-27,0,6,Summer,0,0,0,카페테리아,아메리카노(HOT)
2023-06-28,0,6,Summer,0,0,0,카페테리아,아메리카노(HOT)
2023-06-29,0,6,Summer,0,0,0,카페테리아,아메리카노(HOT)
2023-06-30,0,6,Summer,0,0,0,카페테리아,아메리카노(HOT)
2023-07-01,0,7,Summer,1,0,1,카페테리아,아메리카노(HOT)
2023-07-02,0,7,Summer,1,0,1,카페테리아,아메리카노(HOT)
2023-07-03,0,7,Summer,0,0,0,카페테리아,아메리카노(HOT)
2023-07-04,0,7,Summer,0,0,0,카페테리아,아메리카노(HOT)
2023-07-05,0,7,Summer,0,0,0,카페테리아,아메리카노(HOT)
2023-07-06,0,7,Summer,0,0,0,카페테리아,아메리카노(HOT)
2023-07-07,0,7,Summer,0,0,0,카페테리아,아메리카노(HOT)
2023-07-08,0,7,Summer,1,0,1,카페테리아,아메리카노(HOT)
2023-07-09,0,7,Summer,1,0,1,카페테리아,아메리카노(HOT)
2023-07-10,0,7,Summer,0,0,0,카페테리아,아메리카노(HOT)
2023-07-11,0,7,Summer,0,0,0,카페테리아,아메리카노(HOT)
2023-07-12,0,7,Summer,0,0,0,카페테리아,아메리카노(HOT)
2023-07-13,0,7,Summer,0,0,0,카페테리아,아메리카노(HOT)
2023-07-14,0,7,Summer,0,0,0,카페테리아,아메리카노(HOT)
2023-07-15,0,7,Summer,1,0,1,카페테리아,아메리카노(HOT)
2023-07-16,0,7,Summer,1,0,1,카페테리아,아메리카노(HOT)
2023-07-17,0,7,Summer,0,0,0,카페테리아,아메리카노(HOT)
2023-07-18,0,7,Summer,0,0,0,카페테리아,아메리카노(HOT)
2023-07-19,0,7,Summer,0,0,0,카페테리아,아메리카노(HOT)
2023-07-20,0,7,Summer,0,0,0,카페테리아,아메리카노(HOT)
2023-07-21,0,7,Summer,0,0,0,카페테리아,아메리카노(HOT)
2023-07-22,0,7,Summer,1,0,1,카페테리아,아메리카노(HOT)
2023-07-23,0,7,Summer,1,0,1,카페테리아,아메리카노(HOT)
2023-07-24,0,7,Summer,0,0,0,카페테리아,아메리카노(HOT)
2023-07-25,0,7,Summer,0,0,0,카페테리아,아메리카노(HOT)
2023-07-26,0,7,Summer,0,0,0,카페테리아,아메리카노(HOT)
2023-07-27,0,7,Summer,0,0,0,카페테리아,아메리카노(HOT)
2023-07-28,0,7,Summer,0,0,0,카페테리아,아메리카노(HOT)
2023-07-29,0,7,Summer,1,0,1,카페테리아,아메리카노(HOT)
2023-07-30,0,7,Summer,1,0,1,카페테리아,아메리카노(HOT)
2023-07-31,0,7,Summer,0,0,0,카페테리아,아메리카노(HOT)
2023-08-01,0,8,Summer,0,0,0,카페테리아,아메리카노(HOT)
2023-08-02,0,8,Summer,0,0,0,카페테리아,아메리카노(HOT)
2023-08-03,0,8,Summer,0,0,0,카페테리아,아메리카노(HOT)
2023-08-04,0,8,Summer,0,0,0,카페테리아,아메리카노(HOT)
2023-08-05,0,8,Summer,1,0,1,카페테리아,아메리카노(HOT)
2023-08-06,0,8,Summer,1,0,1,카페테리아,아메리카노(HOT)
2023-08-07,0,8,Summer,0,0,0,카페테리아,아메리카노(HOT)
2023-08-08,0,8,Summer,0,0,0,카페테리아,아메리카노(HOT)
2023-08-09,0,8,Summer,0,0,0,카페테리아,아메리카노(HOT)
2023-08-10,0,8,Summer,0,0,0,카페테리아,아메리카노(HOT)
2023-08-11,0,8,Summer,0,0,0,카페테리아,아메리카노(HOT)
2023-08-12,0,8,Summer,1,0,1,카페테리아,아메리카노(HOT)
2023-08-13,0,8,Summer,1,0,1,카페테리아,아메리카노(HOT)
2023-08-14,0,8,Summer,0,0,0,카페테리아,아메리카노(HOT)
2023-08-15,0,8,Summer,0,1,1,카페테리아,아메리카노(HOT)
2023-08-16,0,8,Summer,0,0,0,카페테리아,아메리카노(HOT)
2023-08-17,0,8,Summer,0,0,0,카페테리아,아메리카노(HOT)
2023-08-18,0,8,Summer,0,0,0,카페테리아,아메리카노(HOT)
2023-08-19,0,8,Summer,1,0,1,카페테리아,아메리카노(HOT)
2023-08-20,0,8,Summer,1,0,1,카페테리아,아메리카노(HOT)
2023-08-21,0,8,Summer,0,0,0,카페테리아,아메리카노(HOT)
2023-08-22,0,8,Summer,0,0,0,카페테리아,아메리카노(HOT)
2023-08-23,0,8,Summer,0,0,0,카페테리아,아메리카노(HOT)
2023-08-24,0,8,Summer,0,0,0,카페테리아,아메리카노(HOT)
2023-08-25,0,8,Summer,0,0,0,카페테리아,아메리카노(HOT)
2023-08-26,0,8,Summer,1,0,1,카페테리아,아메리카노(HOT)
2023-08-27,0,8,Summer,1,0,1,카페테리아,아메리카노(HOT)
2023-08-28,0,8,Summer,0,0,0,카페테리아,아메리카노(HOT)
2023-08-29,0,8,Summer,0,0,0,카페테리아,아메리카노(HOT)
2023-08-30,0,8,Summer,0,0,0,카페테리아,아메리카노(HOT)
2023-08-31,0,8,Summer,0,0,0,카페테리아,아메리카노(HOT)
2023-09-01,0,9,Autumn,0,0,0,카페테리아,아메리카노(HOT)
2023-09-02,0,9,Autumn,1,0,1,카페테리아,아메리카노(HOT)
2023-09-03,0,9,Autumn,1,0,1,카페테리아,아메리카노(HOT)
2023-09-04,0,9,Autumn,0,0,0,카페테리아,아메리카노(HOT)
2023-09-05,0,9,Autumn,0,0,0,카페테리아,아메리카노(HOT)
2023-09-06,0,9,Autumn,0,0,0,카페테리아,아메리카노(HOT)
2023-09-07,0,9,Autumn,0,0,0,카페테리아,아메리카노(HOT)
2023-09-08,0,9,Autumn,0,0,0,카페테리아,아메리카노(HOT)
2023-09-09,0,9,Autumn,1,0,1,카페테리아,아메리카노(HOT)
2023-09-10,0,9,Autumn,1,0,1,카페테리아,아메리카노(HOT)
2023-09-11,0,9,Autumn,0,0,0,카페테리아,아메리카노(HOT)
2023-09-12,0,9,Autumn,0,0,0,카페테리아,아메리카노(HOT)
2023-09-13,0,9,Autumn,0,0,0,카페테리아,아메리카노(HOT)
2023-09-14,0,9,Autumn,0,0,0,카페테리아,아메리카노(HOT)
2023-09-15,0,9,Autumn,0,0,0,카페테리아,아메리카노(HOT)
2023-09-16,0,9,Autumn,1,0,1,카페테리아,아메리카노(HOT)
2023-09-17,0,9,Autumn,1,0,1,카페테리아,아메리카노(HOT)
2023-09-18,0,9,Autumn,0,0,0,카페테리아,아메리카노(HOT)
2023-09-19,0,9,Autumn,0,0,0,카페테리아,아메리카노(HOT)
2023-09-20,0,9,Autumn,0,0,0,카페테리아,아메리카노(HOT)
2023-09-21,0,9,Autumn,0,0,0,카페테리아,아메리카노(HOT)
2023-09-22,0,9,Autumn,0,0,0,카페테리아,아메리카노(HOT)
2023-09-23,0,9,Autumn,1,0,1,카페테리아,아메리카노(HOT)
2023-09-24,0,9,Autumn,1,0,1,카페테리아,아메리카노(HOT)
2023-09-25,0,9,Autumn,0,0,0,카페테리아,아메리카노(HOT)
2023-09-26,0,9,Autumn,0,0,0,카페테리아,아메리카노(HOT)
2023-09-27,0,9,Autumn,0,0,0,카페테리아,아메리카노(HOT)
2023-09-28,0,9,Autumn,0,1,1,카페테리아,아메리카노(HOT)
2023-09-29,0,9,Autumn,0,1,1,카페테리아,아메리카노(HOT)
2023-09-30,0,9,Autumn,1,1,1,카페테리아,아메리카노(HOT)
2023-10-01,0,10,Autumn,1,0,1,카페테리아,아메리카노(HOT)
2023-10-02,0,10,Autumn,0,1,1,카페테리아,아메리카노(HOT)
2023-10-03,0,10,Autumn,0,1,1,카페테리아,아메리카노(HOT)
2023-10-04,0,10,Autumn,0,0,0,카페테리아,아메리카노(HOT)
2023-10-05,0,10,Autumn,0,0,0,카페테리아,아메리카노(HOT)
2023-10-06,0,10,Autumn,0,0,0,카페테리아,아메리카노(HOT)
2023-10-07,0,10,Autumn,1,0,1,카페테리아,아메리카노(HOT)
2023-10-08,0,10,Autumn,1,0,1,카페테리아,아메리카노(HOT)
2023-10-09,0,10,Autumn,0,1,1,카페테리아,아메리카노(HOT)
2023-10-10,0,10,Autumn,0,0,0,카페테리아,아메리카노(HOT)
2023-10-11,0,10,Autumn,0,0,0,카페테리아,아메리카노(HOT)
2023-10-12,0,10,Autumn,0,0,0,카페테리아,아메리카노(HOT)
2023-10-13,0,10,Autumn,0,0,0,카페테리아,아메리카노(HOT)
2023-10-14,0,10,Autumn,1,0,1,카페테리아,아메리카노(HOT)
2023-10-15,0,10,Autumn,1,0,1,카페테리아,아메리카노(HOT)
2023-10-16,0,10,Autumn,0,0,0,카페테리아,아메리카노(HOT)
2023-10-17,0,10,Autumn,0,0,0,카페테리아,아메리카노(HOT)
2023-10-18,0,10,Autumn,0,0,0,카페테리아,아메리카노(HOT)
2023-10-19,0,10,Autumn,0,0,0,카페테리아,아메리카노(HOT)
2023-10-20,0,10,Autumn,0,0,0,카페테리아,아메리카노(HOT)
2023-10-21,0,10,Autumn,1,0,1,카페테리아,아메리카노(HOT)
2023-10-22,0,10,Autumn,1,0,1,카페테리아,아메리카노(HOT)
2023-10-23,0,10,Autumn,0,0,0,카페테리아,아메리카노(HOT)
2023-10-24,0,10,Autumn,0,0,0,카페테리아,아메리카노(HOT)
2023-10-25,0,10,Autumn,0,0,0,카페테리아,아메리카노(HOT)
2023-10-26,0,10,Autumn,0,0,0,카페테리아,아메리카노(HOT)
2023-10-27,0,10,Autumn,0,0,0,카페테리아,아메리카노(HOT)
2023-10-28,0,10,Autumn,1,0,1,카페테리아,아메리카노(HOT)
2023-10-29,0,10,Autumn,1,0,1,카페테리아,아메리카노(HOT)
2023-10-30,0,10,Autumn,0,0,0,카페테리아,아메리카노(HOT)
2023-10-31,0,10,Autumn,0,0,0,카페테리아,아메리카노(HOT)
2023-11-01,0,11,Autumn,0,0,0,카페테리아,아메리카노(HOT)
2023-11-02,0,11,Autumn,0,0,0,카페테리아,아메리카노(HOT)
2023-11-03,0,11,Autumn,0,0,0,카페테리아,아메리카노(HOT)
2023-11-04,0,11,Autumn,1,0,1,카페테리아,아메리카노(HOT)
2023-11-05,0,11,Autumn,1,0,1,카페테리아,아메리카노(HOT)
2023-11-06,0,11,Autumn,0,0,0,카페테리아,아메리카노(HOT)
2023-11-07,0,11,Autumn,0,0,0,카페테리아,아메리카노(HOT)
2023-11-08,0,11,Autumn,0,0,0,카페테리아,아메리카노(HOT)
2023-11-09,0,11,Autumn,0,0,0,카페테리아,아메리카노(HOT)
2023-11-10,0,11,Autumn,0,0,0,카페테리아,아메리카노(HOT)
2023-11-11,0,11,Autumn,1,0,1,카페테리아,아메리카노(HOT)
2023-11-12,0,11,Autumn,1,0,1,카페테리아,아메리카노(HOT)
2023-11-13,0,11,Autumn,0,0,0,카페테리아,아메리카노(HOT)
2023-11-14,0,11,Autumn,0,0,0,카페테리아,아메리카노(HOT)
2023-11-15,0,11,Autumn,0,0,0,카페테리아,아메리카노(HOT)
2023-11-16,0,11,Autumn,0,0,0,카페테리아,아메리카노(HOT)
2023-11-17,0,11,Autumn,0,0,0,카페테리아,아메리카노(HOT)
2023-11-18,0,11,Autumn,1,0,1,카페테리아,아메리카노(HOT)
2023-11-19,0,11,Autumn,1,0,1,카페테리아,아메리카노(HOT)
2023-11-20,0,11,Autumn,0,0,0,카페테리아,아메리카노(HOT)
2023-11-21,0,11,Autumn,0,0,0,카페테리아,아메리카노(HOT)
2023-11-22,0,11,Autumn,0,0,0,카페테리아,아메리카노(HOT)
2023-11-23,0,11,Autumn,0,0,0,카페테리아,아메리카노(HOT)
2023-11-24,0,11,Autumn,0,0,0,카페테리아,아메리카노(HOT)
2023-11-25,0,11,Autumn,1,0,1,카페테리아,아메리카노(HOT)
2023-11-26,0,11,Autumn,1,0,1,카페테리아,아메리카노(HOT)
2023-11-27,0,11,Autumn,0,0,0,카페테리아,아메리카노(HOT)
2023-11-28,0,11,Autumn,0,0,0,카페테리아,아메리카노(HOT)
2023-11-29,0,11,Autumn,0,0,0,카페테리아,아메리카노(HOT)
2023-11-30,0,11,Autumn,0,0,0,카페테리아,아메리카노(HOT)
2023-12-01,0,12,Winter,0,0,0,카페테리아,아메리카노(HOT)
2023-12-02,0,12,Winter,1,0,1,카페테리아,아메리카노(HOT)
2023-12-03,0,12,Winter,1,0,1,카페테리아,아메리카노(HOT)
2023-12-04,0,12,Winter,0,0,0,카페테리아,아메리카노(HOT)
2023-12-05,0,12,Winter,0,0,0,카페테리아,아메리카노(HOT)
2023-12-06,8,12,Winter,0,0,0,카페테리아,아메리카노(HOT)
2023-12-07,3,12,Winter,0,0,0,카페테리아,아메리카노(HOT)
2023-12-08,1,12,Winter,0,0,0,카페테리아,아메리카노(HOT)
2023-12-09,14,12,Winter,1,0,1,카페테리아,아메리카노(HOT)
2023-12-10,22,12,Winter,1,0,1,카페테리아,아메리카노(HOT)
2023-12-11,4,12,Winter,0,0,0,카페테리아,아메리카노(HOT)
2023-12-12,4,12,Winter,0,0,0,카페테리아,아메리카노(HOT)
2023-12-13,9,12,Winter,0,0,0,카페테리아,아메리카노(HOT)
2023-12-14,8,12,Winter,0,0,0,카페테리아,아메리카노(HOT)
2023-12-15,0,12,Winter,0,0,0,카페테리아,아메리카노(HOT)
2023-12-16,43,12,Winter,1,0,1,카페테리아,아메리카노(HOT)
2023-12-17,30,12,Winter,1,0,1,카페테리아,아메리카노(HOT)
2023-12-18,65,12,Winter,0,0,0,카페테리아,아메리카노(HOT)
2023-12-19,49,12,Winter,0,0,0,카페테리아,아메리카노(HOT)
2023-12-20,90,12,Winter,0,0,0,카페테리아,아메리카노(HOT)
2023-12-21,65,12,Winter,0,0,0,카페테리아,아메리카노(HOT)
2023-12-22,96,12,Winter,0,0,0,카페테리아,아메리카노(HOT)
2023-12-23,129,12,Winter,1,0,1,카페테리아,아메리카노(HOT)
2023-12-24,156,12,Winter,1,0,1,카페테리아,아메리카노(HOT)
2023-12-25,120,12,Winter,0,1,1,카페테리아,아메리카노(HOT)
2023-12-26,65,12,Winter,0,0,0,카페테리아,아메리카노(HOT)
2023-12-27,59,12,Winter,0,0,0,카페테리아,아메리카노(HOT)
2023-12-28,58,12,Winter,0,0,0,카페테리아,아메리카노(HOT)
2023-12-29,94,12,Winter,0,0,0,카페테리아,아메리카노(HOT)
2023-12-30,145,12,Winter,1,0,1,카페테리아,아메리카노(HOT)
2023-12-31,152,12,Winter,1,0,1,카페테리아,아메리카노(HOT)
2024-01-01,83,1,Winter,0,1,1,카페테리아,아메리카노(HOT)
2024-01-02,61,1,Winter,0,0,0,카페테리아,아메리카노(HOT)
2024-01-03,63,1,Winter,0,0,0,카페테리아,아메리카노(HOT)
2024-01-04,71,1,Winter,0,0,0,카페테리아,아메리카노(HOT)
2024-01-05,38,1,Winter,0,0,0,카페테리아,아메리카노(HOT)
2024-01-06,144,1,Winter,1,0,1,카페테리아,아메리카노(HOT)
2024-01-07,171,1,Winter,1,0,1,카페테리아,아메리카노(HOT)
2024-01-08,83,1,Winter,0,0,0,카페테리아,아메리카노(HOT)
2024-01-09,82,1,Winter,0,0,0,카페테리아,아메리카노(HOT)
2024-01-10,72,1,Winter,0,0,0,카페테리아,아메리카노(HOT)
2024-01-11,55,1,Winter,0,0,0,카페테리아,아메리카노(HOT)
2024-01-12,79,1,Winter,0,0,0,카페테리아,아메리카노(HOT)
2024-01-13,174,1,Winter,1,0,1,카페테리아,아메리카노(HOT)
2024-01-14,163,1,Winter,1,0,1,카페테리아,아메리카노(HOT)
2024-01-15,72,1,Winter,0,0,0,카페테리아,아메리카노(HOT)
2024-01-16,82,1,Winter,0,0,0,카페테리아,아메리카노(HOT)
2024-01-17,85,1,Winter,0,0,0,카페테리아,아메리카노(HOT)
2024-01-18,47,1,Winter,0,0,0,카페테리아,아메리카노(HOT)
2024-01-19,62,1,Winter,0,0,0,카페테리아,아메리카노(HOT)
2024-01-20,153,1,Winter,1,0,1,카페테리아,아메리카노(HOT)
2024-01-21,138,1,Winter,1,0,1,카페테리아,아메리카노(HOT)
2024-01-22,103,1,Winter,0,0,0,카페테리아,아메리카노(HOT)
2024-01-23,94,1,Winter,0,0,0,카페테리아,아메리카노(HOT)
2024-01-24,72,1,Winter,0,0,0,카페테리아,아메리카노(HOT)
2024-01-25,96,1,Winter,0,0,0,카페테리아,아메리카노(HOT)
2024-01-26,77,1,Winter,0,0,0,카페테리아,아메리카노(HOT)
2024-01-27,150,1,Winter,1,0,1,카페테리아,아메리카노(HOT)
2024-01-28,167,1,Winter,1,0,1,카페테리아,아메리카노(HOT)
2024-01-29,57,1,Winter,0,0,0,카페테리아,아메리카노(HOT)
2024-01-30,47,1,Winter,0,0,0,카페테리아,아메리카노(HOT)
2024-01-31,51,1,Winter,0,0,0,카페테리아,아메리카노(HOT)
2024-02-01,36,2,Winter,0,0,0,카페테리아,아메리카노(HOT)
2024-02-02,40,2,Winter,0,0,0,카페테리아,아메리카노(HOT)
2024-02-03,96,2,Winter,1,0,1,카페테리아,아메리카노(HOT)
2024-02-04,73,2,Winter,1,0,1,카페테리아,아메리카노(HOT)
2024-02-05,23,2,Winter,0,0,0,카페테리아,아메리카노(HOT)
2024-02-06,44,2,Winter,0,0,0,카페테리아,아메리카노(HOT)
2024-02-07,52,2,Winter,0,0,0,카페테리아,아메리카노(HOT)
2024-02-08,52,2,Winter,0,0,0,카페테리아,아메리카노(HOT)
2024-02-09,78,2,Winter,0,1,1,카페테리아,아메리카노(HOT)
2024-02-10,68,2,Winter,1,1,1,카페테리아,아메리카노(HOT)
2024-02-11,141,2,Winter,1,1,1,카페테리아,아메리카노(HOT)
2024-02-12,81,2,Winter,0,1,1,카페테리아,아메리카노(HOT)
2024-02-13,25,2,Winter,0,0,0,카페테리아,아메리카노(HOT)
2024-02-14,25,2,Winter,0,0,0,카페테리아,아메리카노(HOT)
2024-02-15,12,2,Winter,0,0,0,카페테리아,아메리카노(HOT)
2024-02-16,39,2,Winter,0,0,0,카페테리아,아메리카노(HOT)
2024-02-17,65,2,Winter,1,0,1,카페테리아,아메리카노(HOT)
2024-02-18,51,2,Winter,1,0,1,카페테리아,아메리카노(HOT)
2024-02-19,4,2,Winter,0,0,0,카페테리아,아메리카노(HOT)
2024-02-20,5,2,Winter,0,0,0,카페테리아,아메리카노(HOT)
2024-02-21,6,2,Winter,0,0,0,카페테리아,아메리카노(HOT)
2024-02-22,30,2,Winter,0,0,0,카페테리아,아메리카노(HOT)
2024-02-23,40,2,Winter,0,0,0,카페테리아,아메리카노(HOT)
2024-02-24,59,2,Winter,1,0,1,카페테리아,아메리카노(HOT)
2024-02-25,44,2,Winter,1,0,1,카페테리아,아메리카노(HOT)
2024-02-26,18,2,Winter,0,0,0,카페테리아,아메리카노(HOT)
2024-02-27,14,2,Winter,0,0,0,카페테리아,아메리카노(HOT)
2024-02-28,11,2,Winter,0,0,0,카페테리아,아메리카노(HOT)
2024-02-29,6,2,Winter,0,0,0,카페테리아,아메리카노(HOT)
2024-03-01,56,3,Spring,0,1,1,카페테리아,아메리카노(HOT)
2024-03-02,27,3,Spring,1,0,1,카페테리아,아메리카노(HOT)
2024-03-03,11,3,Spring,1,0,1,카페테리아,아메리카노(HOT)
2024-03-04,0,3,Spring,0,0,0,카페테리아,아메리카노(HOT)
2024-03-05,0,3,Spring,0,0,0,카페테리아,아메리카노(HOT)
2024-03-06,0,3,Spring,0,0,0,카페테리아,아메리카노(HOT)
2024-03-07,0,3,Spring,0,0,0,카페테리아,아메리카노(HOT)
2024-03-08,0,3,Spring,0,0,0,카페테리아,아메리카노(HOT)
2024-03-09,0,3,Spring,1,0,1,카페테리아,아메리카노(HOT)
2024-03-10,0,3,Spring,1,0,1,카페테리아,아메리카노(HOT)
2024-03-11,0,3,Spring,0,0,0,카페테리아,아메리카노(HOT)
2024-03-12,0,3,Spring,0,0,0,카페테리아,아메리카노(HOT)
2024-03-13,0,3,Spring,0,0,0,카페테리아,아메리카노(HOT)
2024-03-14,0,3,Spring,0,0,0,카페테리아,아메리카노(HOT)
2024-03-15,0,3,Spring,0,0,0,카페테리아,아메리카노(HOT)
2024-03-16,0,3,Spring,1,0,1,카페테리아,아메리카노(HOT)
2024-03-17,0,3,Spring,1,0,1,카페테리아,아메리카노(HOT)
2024-03-18,0,3,Spring,0,0,0,카페테리아,아메리카노(HOT)
2024-03-19,0,3,Spring,0,0,0,카페테리아,아메리카노(HOT)
2024-03-20,0,3,Spring,0,0,0,카페테리아,아메리카노(HOT)
2024-03-21,0,3,Spring,0,0,0,카페테리아,아메리카노(HOT)
2024-03-22,0,3,Spring,0,0,0,카페테리아,아메리카노(HOT)
2024-03-23,0,3,Spring,1,0,1,카페테리아,아메리카노(HOT)
2024-03-24,0,3,Spring,1,0,1,카페테리아,아메리카노(HOT)
2024-03-25,0,3,Spring,0,0,0,카페테리아,아메리카노(HOT)
2024-03-26,0,3,Spring,0,0,0,카페테리아,아메리카노(HOT)
2024-03-27,0,3,Spring,0,0,0,카페테리아,아메리카노(HOT)
2024-03-28,0,3,Spring,0,0,0,카페테리아,아메리카노(HOT)
2024-03-29,0,3,Spring,0,0,0,카페테리아,아메리카노(HOT)
2024-03-30,0,3,Spring,1,0,1,카페테리아,아메리카노(HOT)
2024-03-31,0,3,Spring,1,0,1,카페테리아,아메리카노(HOT)
2024-04-01,0,4,Spring,0,0,0,카페테리아,아메리카노(HOT)
2024-04-02,0,4,Spring,0,0,0,카페테리아,아메리카노(HOT)
2024-04-03,0,4,Spring,0,0,0,카페테리아,아메리카노(HOT)
2024-04-04,0,4,Spring,0,0,0,카페테리아,아메리카노(HOT)
2024-04-05,0,4,Spring,0,0,0,카페테리아,아메리카노(HOT)
2024-04-06,0,4,Spring,1,0,1,카페테리아,아메리카노(HOT)
2024-04-07,0,4,Spring,1,0,1,카페테리아,아메리카노(HOT)
2024-04-08,0,4,Spring,0,0,0,카페테리아,아메리카노(HOT)
2024-04-09,0,4,Spring,0,0,0,카페테리아,아메리카노(HOT)
2024-04-10,0,4,Spring,0,1,1,카페테리아,아메리카노(HOT)
2024-04-11,0,4,Spring,0,0,0,카페테리아,아메리카노(HOT)
2024-04-12,0,4,Spring,0,0,0,카페테리아,아메리카노(HOT)
2024-04-13,0,4,Spring,1,0,1,카페테리아,아메리카노(HOT)
2024-04-14,0,4,Spring,1,0,1,카페테리아,아메리카노(HOT)
2024-04-15,0,4,Spring,0,0,0,카페테리아,아메리카노(HOT)
2024-04-16,0,4,Spring,0,0,0,카페테리아,아메리카노(HOT)
2024-04-17,0,4,Spring,0,0,0,카페테리아,아메리카노(HOT)
2024-04-18,0,4,Spring,0,0,0,카페테리아,아메리카노(HOT)
2024-04-19,0,4,Spring,0,0,0,카페테리아,아메리카노(HOT)
2024-04-20,0,4,Spring,1,0,1,카페테리아,아메리카노(HOT)
2024-04-21,0,4,Spring,1,0,1,카페테리아,아메리카노(HOT)
2024-04-22,0,4,Spring,0,0,0,카페테리아,아메리카노(HOT)
2024-04-23,0,4,Spring,0,0,0,카페테리아,아메리카노(HOT)
2024-04-24,0,4,Spring,0,0,0,카페테리아,아메리카노(HOT)
2024-04-25,0,4,Spring,0,0,0,카페테리아,아메리카노(HOT)
2024-04-26,0,4,Spring,0,0,0,카페테리아,아메리카노(HOT)
2024-04-27,0,4,Spring,1,0,1,카페테리아,아메리카노(HOT)
2024-04-28,0,4,Spring,1,0,1,카페테리아,아메리카노(HOT)
2024-04-29,0,4,Spring,0,0,0,카페테리아,아메리카노(HOT)
2024-04-30,0,4,Spring,0,0,0,카페테리아,아메리카노(HOT)
2024-05-01,0,5,Spring,0,0,0,카페테리아,아메리카노(HOT)
2024-05-02,0,5,Spring,0,0,0,카페테리아,아메리카노(HOT)
2024-05-03,0,5,Spring,0,0,0,카페테리아,아메리카노(HOT)
2024-05-04,0,5,Spring,1,0,1,카페테리아,아메리카노(HOT)
2024-05-05,0,5,Spring,1,1,1,카페테리아,아메리카노(HOT)
2024-05-06,0,5,Spring,0,1,1,카페테리아,아메리카노(HOT)
2024-05-07,0,5,Spring,0,0,0,카페테리아,아메리카노(HOT)
2024-05-08,0,5,Spring,0,0,0,카페테리아,아메리카노(HOT)
2024-05-09,0,5,Spring,0,0,0,카페테리아,아메리카노(HOT)
2024-05-10,0,5,Spring,0,0,0,카페테리아,아메리카노(HOT)
2024-05-11,0,5,Spring,1,0,1,카페테리아,아메리카노(HOT)
2024-05-12,0,5,Spring,1,0,1,카페테리아,아메리카노(HOT)
2024-05-13,0,5,Spring,0,0,0,카페테리아,아메리카노(HOT)
2024-05-14,0,5,Spring,0,0,0,카페테리아,아메리카노(HOT)
2024-05-15,0,5,Spring,0,1,1,카페테리아,아메리카노(HOT)
2024-05-16,0,5,Spring,0,0,0,카페테리아,아메리카노(HOT)
2024-05-17,0,5,Spring,0,0,0,카페테리아,아메리카노(HOT)
2024-05-18,0,5,Spring,1,0,1,카페테리아,아메리카노(HOT)
2024-05-19,0,5,Spring,1,0,1,카페테리아,아메리카노(HOT)
2024-05-20,0,5,Spring,0,0,0,카페테리아,아메리카노(HOT)
2024-05-21,0,5,Spring,0,0,0,카페테리아,아메리카노(HOT)
2024-05-22,0,5,Spring,0,0,0,카페테리아,아메리카노(HOT)
2024-05-23,0,5,Spring,0,0,0,카페테리아,아메리카노(HOT)
2024-05-24,0,5,Spring,0,0,0,카페테리아,아메리카노(HOT)
2024-05-25,0,5,Spring,1,0,1,카페테리아,아메리카노(HOT)
2024-05-26,0,5,Spring,1,0,1,카페테리아,아메리카노(HOT)
2024-05-27,0,5,Spring,0,0,0,카페테리아,아메리카노(HOT)
2024-05-28,0,5,Spring,0,0,0,카페테리아,아메리카노(HOT)
2024-05-29,0,5,Spring,0,0,0,카페테리아,아메리카노(HOT)
2024-05-30,0,5,Spring,0,0,0,카페테리아,아메리카노(HOT)
2024-05-31,0,5,Spring,0,0,0,카페테리아,아메리카노(HOT)
2024-06-01,0,6,Summer,1,0,1,카페테리아,아메리카노(HOT)
2024-06-02,0,6,Summer,1,0,1,카페테리아,아메리카노(HOT)
2024-06-03,0,6,Summer,0,0,0,카페테리아,아메리카노(HOT)
2024-06-04,0,6,Summer,0,0,0,카페테리아,아메리카노(HOT)
2024-06-05,0,6,Summer,0,0,0,카페테리아,아메리카노(HOT)
2024-06-06,0,6,Summer,0,1,1,카페테리아,아메리카노(HOT)
2024-06-07,0,6,Summer,0,0,0,카페테리아,아메리카노(HOT)
2024-06-08,0,6,Summer,1,0,1,카페테리아,아메리카노(HOT)
2024-06-09,0,6,Summer,1,0,1,카페테리아,아메리카노(HOT)
2024-06-10,0,6,Summer,0,0,0,카페테리아,아메리카노(HOT)
2024-06-11,0,6,Summer,0,0,0,카페테리아,아메리카노(HOT)
2024-06-12,0,6,Summer,0,0,0,카페테리아,아메리카노(HOT)
2024-06-13,0,6,Summer,0,0,0,카페테리아,아메리카노(HOT)
2024-06-14,0,6,Summer,0,0,0,카페테리아,아메리카노(HOT)
2024-06-15,0,6,Summer,1,0,1,카페테리아,아메리카노(HOT)
2023-01-01,76,1,Winter,1,1,1,카페테리아,아메리카노(ICE)
2023-01-02,53,1,Winter,0,0,0,카페테리아,아메리카노(ICE)
2023-01-03,48,1,Winter,0,0,0,카페테리아,아메리카노(ICE)
2023-01-04,38,1,Winter,0,0,0,카페테리아,아메리카노(ICE)
2023-01-05,77,1,Winter,0,0,0,카페테리아,아메리카노(ICE)
2023-01-06,77,1,Winter,0,0,0,카페테리아,아메리카노(ICE)
2023-01-07,197,1,Winter,1,0,1,카페테리아,아메리카노(ICE)
2023-01-08,138,1,Winter,1,0,1,카페테리아,아메리카노(ICE)
2023-01-09,73,1,Winter,0,0,0,카페테리아,아메리카노(ICE)
2023-01-10,88,1,Winter,0,0,0,카페테리아,아메리카노(ICE)
2023-01-11,79,1,Winter,0,0,0,카페테리아,아메리카노(ICE)
2023-01-12,80,1,Winter,0,0,0,카페테리아,아메리카노(ICE)
2023-01-13,34,1,Winter,0,0,0,카페테리아,아메리카노(ICE)
2023-01-14,133,1,Winter,1,0,1,카페테리아,아메리카노(ICE)
2023-01-15,111,1,Winter,1,0,1,카페테리아,아메리카노(ICE)
2023-01-16,65,1,Winter,0,0,0,카페테리아,아메리카노(ICE)
2023-01-17,62,1,Winter,0,0,0,카페테리아,아메리카노(ICE)
2023-01-18,93,1,Winter,0,0,0,카페테리아,아메리카노(ICE)
2023-01-19,125,1,Winter,0,0,0,카페테리아,아메리카노(ICE)
2023-01-20,101,1,Winter,0,0,0,카페테리아,아메리카노(ICE)
2023-01-21,141,1,Winter,1,1,1,카페테리아,아메리카노(ICE)
2023-01-22,85,1,Winter,1,1,1,카페테리아,아메리카노(ICE)
2023-01-23,183,1,Winter,0,1,1,카페테리아,아메리카노(ICE)
2023-01-24,70,1,Winter,0,1,1,카페테리아,아메리카노(ICE)
2023-01-25,55,1,Winter,0,0,0,카페테리아,아메리카노(ICE)
2023-01-26,63,1,Winter,0,0,0,카페테리아,아메리카노(ICE)
2023-01-27,82,1,Winter,0,0,0,카페테리아,아메리카노(ICE)
2023-01-28,257,1,Winter,1,0,1,카페테리아,아메리카노(ICE)
2023-01-29,144,1,Winter,1,0,1,카페테리아,아메리카노(ICE)
2023-01-30,84,1,Winter,0,0,0,카페테리아,아메리카노(ICE)
2023-01-31,67,1,Winter,0,0,0,카페테리아,아메리카노(ICE)
2023-02-01,89,2,Winter,0,0,0,카페테리아,아메리카노(ICE)
2023-02-02,78,2,Winter,0,0,0,카페테리아,아메리카노(ICE)
2023-02-03,120,2,Winter,0,0,0,카페테리아,아메리카노(ICE)
2023-02-04,302,2,Winter,1,0,1,카페테리아,아메리카노(ICE)
2023-02-05,159,2,Winter,1,0,1,카페테리아,아메리카노(ICE)
2023-02-06,53,2,Winter,0,0,0,카페테리아,아메리카노(ICE)
2023-02-07,38,2,Winter,0,0,0,카페테리아,아메리카노(ICE)
2023-02-08,64,2,Winter,0,0,0,카페테리아,아메리카노(ICE)
2023-02-09,90,2,Winter,0,0,0,카페테리아,아메리카노(ICE)
2023-02-10,100,2,Winter,0,0,0,카페테리아,아메리카노(ICE)
2023-02-11,270,2,Winter,1,0,1,카페테리아,아메리카노(ICE)
2023-02-12,143,2,Winter,1,0,1,카페테리아,아메리카노(ICE)
2023-02-13,62,2,Winter,0,0,0,카페테리아,아메리카노(ICE)
2023-02-14,69,2,Winter,0,0,0,카페테리아,아메리카노(ICE)
2023-02-15,52,2,Winter,0,0,0,카페테리아,아메리카노(ICE)
2023-02-16,49,2,Winter,0,0,0,카페테리아,아메리카노(ICE)
2023-02-17,71,2,Winter,0,0,0,카페테리아,아메리카노(ICE)
2023-02-18,163,2,Winter,1,0,1,카페테리아,아메리카노(ICE)
2023-02-19,101,2,Winter,1,0,1,카페테리아,아메리카노(ICE)
2023-02-20,60,2,Winter,0,0,0,카페테리아,아메리카노(ICE)
2023-02-21,39,2,Winter,0,0,0,카페테리아,아메리카노(ICE)
2023-02-22,31,2,Winter,0,0,0,카페테리아,아메리카노(ICE)
2023-02-23,36,2,Winter,0,0,0,카페테리아,아메리카노(ICE)
2023-02-24,41,2,Winter,0,0,0,카페테리아,아메리카노(ICE)
2023-02-25,135,2,Winter,1,0,1,카페테리아,아메리카노(ICE)
2023-02-26,82,2,Winter,1,0,1,카페테리아,아메리카노(ICE)
2023-02-27,23,2,Winter,0,0,0,카페테리아,아메리카노(ICE)
2023-02-28,25,2,Winter,0,0,0,카페테리아,아메리카노(ICE)
2023-03-01,22,3,Spring,0,1,1,카페테리아,아메리카노(ICE)
2023-03-02,0,3,Spring,0,0,0,카페테리아,아메리카노(ICE)
2023-03-03,0,3,Spring,0,0,0,카페테리아,아메리카노(ICE)
2023-03-04,0,3,Spring,1,0,1,카페테리아,아메리카노(ICE)
2023-03-05,0,3,Spring,1,0,1,카페테리아,아메리카노(ICE)
2023-03-06,0,3,Spring,0,0,0,카페테리아,아메리카노(ICE)
2023-03-07,0,3,Spring,0,0,0,카페테리아,아메리카노(ICE)
2023-03-08,0,3,Spring,0,0,0,카페테리아,아메리카노(ICE)
2023-03-09,0,3,Spring,0,0,0,카페테리아,아메리카노(ICE)
2023-03-10,0,3,Spring,0,0,0,카페테리아,아메리카노(ICE)
2023-03-11,0,3,Spring,1,0,1,카페테리아,아메리카노(ICE)
2023-03-12,0,3,Spring,1,0,1,카페테리아,아메리카노(ICE)
2023-03-13,0,3,Spring,0,0,0,카페테리아,아메리카노(ICE)
2023-03-14,0,3,Spring,0,0,0,카페테리아,아메리카노(ICE)
2023-03-15,0,3,Spring,0,0,0,카페테리아,아메리카노(ICE)
2023-03-16,0,3,Spring,0,0,0,카페테리아,아메리카노(ICE)
2023-03-17,0,3,Spring,0,0,0,카페테리아,아메리카노(ICE)
2023-03-18,0,3,Spring,1,0,1,카페테리아,아메리카노(ICE)
2023-03-19,0,3,Spring,1,0,1,카페테리아,아메리카노(ICE)
2023-03-20,0,3,Spring,0,0,0,카페테리아,아메리카노(ICE)
2023-03-21,0,3,Spring,0,0,0,카페테리아,아메리카노(ICE)
2023-03-22,0,3,Spring,0,0,0,카페테리아,아메리카노(ICE)
2023-03-23,0,3,Spring,0,0,0,카페테리아,아메리카노(ICE)
2023-03-24,0,3,Spring,0,0,0,카페테리아,아메리카노(ICE)
2023-03-25,0,3,Spring,1,0,1,카페테리아,아메리카노(ICE)
2023-03-26,0,3,Spring,1,0,1,카페테리아,아메리카노(ICE)
2023-03-27,0,3,Spring,0,0,0,카페테리아,아메리카노(ICE)
2023-03-28,0,3,Spring,0,0,0,카페테리아,아메리카노(ICE)
2023-03-29,0,3,Spring,0,0,0,카페테리아,아메리카노(ICE)
2023-03-30,0,3,Spring,0,0,0,카페테리아,아메리카노(ICE)
2023-03-31,0,3,Spring,0,0,0,카페테리아,아메리카노(ICE)
2023-04-01,0,4,Spring,1,0,1,카페테리아,아메리카노(ICE)
2023-04-02,0,4,Spring,1,0,1,카페테리아,아메리카노(ICE)
2023-04-03,0,4,Spring,0,0,0,카페테리아,아메리카노(ICE)
2023-04-04,0,4,Spring,0,0,0,카페테리아,아메리카노(ICE)
2023-04-05,0,4,Spring,0,0,0,카페테리아,아메리카노(ICE)
2023-04-06,0,4,Spring,0,0,0,카페테리아,아메리카노(ICE)
2023-04-07,0,4,Spring,0,0,0,카페테리아,아메리카노(ICE)
2023-04-08,0,4,Spring,1,0,1,카페테리아,아메리카노(ICE)
2023-04-09,0,4,Spring,1,0,1,카페테리아,아메리카노(ICE)
2023-04-10,0,4,Spring,0,0,0,카페테리아,아메리카노(ICE)
2023-04-11,0,4,Spring,0,0,0,카페테리아,아메리카노(ICE)
2023-04-12,0,4,Spring,0,0,0,카페테리아,아메리카노(ICE)
2023-04-13,0,4,Spring,0,0,0,카페테리아,아메리카노(ICE)
2023-04-14,0,4,Spring,0,0,0,카페테리아,아메리카노(ICE)
2023-04-15,0,4,Spring,1,0,1,카페테리아,아메리카노(ICE)
2023-04-16,0,4,Spring,1,0,1,카페테리아,아메리카노(ICE)
2023-04-17,0,4,Spring,0,0,0,카페테리아,아메리카노(ICE)
2023-04-18,0,4,Spring,0,0,0,카페테리아,아메리카노(ICE)
2023-04-19,0,4,Spring,0,0,0,카페테리아,아메리카노(ICE)
2023-04-20,0,4,Spring,0,0,0,카페테리아,아메리카노(ICE)
2023-04-21,0,4,Spring,0,0,0,카페테리아,아메리카노(ICE)
2023-04-22,0,4,Spring,1,0,1,카페테리아,아메리카노(ICE)
2023-04-23,0,4,Spring,1,0,1,카페테리아,아메리카노(ICE)
2023-04-24,0,4,Spring,0,0,0,카페테리아,아메리카노(ICE)
2023-04-25,0,4,Spring,0,0,0,카페테리아,아메리카노(ICE)
2023-04-26,0,4,Spring,0,0,0,카페테리아,아메리카노(ICE)
2023-04-27,0,4,Spring,0,0,0,카페테리아,아메리카노(ICE)
2023-04-28,0,4,Spring,0,0,0,카페테리아,아메리카노(ICE)
2023-04-29,0,4,Spring,1,0,1,카페테리아,아메리카노(ICE)
2023-04-30,0,4,Spring,1,0,1,카페테리아,아메리카노(ICE)
2023-05-01,0,5,Spring,0,0,0,카페테리아,아메리카노(ICE)
2023-05-02,0,5,Spring,0,0,0,카페테리아,아메리카노(ICE)
2023-05-03,0,5,Spring,0,0,0,카페테리아,아메리카노(ICE)
2023-05-04,0,5,Spring,0,0,0,카페테리아,아메리카노(ICE)
2023-05-05,0,5,Spring,0,1,1,카페테리아,아메리카노(ICE)
2023-05-06,0,5,Spring,1,0,1,카페테리아,아메리카노(ICE)
2023-05-07,0,5,Spring,1,0,1,카페테리아,아메리카노(ICE)
2023-05-08,0,5,Spring,0,0,0,카페테리아,아메리카노(ICE)
2023-05-09,0,5,Spring,0,0,0,카페테리아,아메리카노(ICE)
2023-05-10,0,5,Spring,0,0,0,카페테리아,아메리카노(ICE)
2023-05-11,0,5,Spring,0,0,0,카페테리아,아메리카노(ICE)
2023-05-12,0,5,Spring,0,0,0,카페테리아,아메리카노(ICE)
2023-05-13,0,5,Spring,1,0,1,카페테리아,아메리카노(ICE)
2023-05-14,0,5,Spring,1,0,1,카페테리아,아메리카노(ICE)
2023-05-15,0,5,Spring,0,0,0,카페테리아,아메리카노(ICE)
2023-05-16,0,5,Spring,0,0,0,카페테리아,아메리카노(ICE)
2023-05-17,0,5,Spring,0,0,0,카페테리아,아메리카노(ICE)
2023-05-18,0,5,Spring,0,0,0,카페테리아,아메리카노(ICE)
2023-05-19,0,5,Spring,0,0,0,카페테리아,아메리카노(ICE)
2023-05-20,0,5,Spring,1,0,1,카페테리아,아메리카노(ICE)
2023-05-21,0,5,Spring,1,0,1,카페테리아,아메리카노(ICE)
2023-05-22,0,5,Spring,0,0,0,카페테리아,아메리카노(ICE)
2023-05-23,0,5,Spring,0,0,0,카페테리아,아메리카노(ICE)
2023-05-24,0,5,Spring,0,0,0,카페테리아,아메리카노(ICE)
2023-05-25,0,5,Spring,0,0,0,카페테리아,아메리카노(ICE)
2023-05-26,0,5,Spring,0,0,0,카페테리아,아메리카노(ICE)
2023-05-27,0,5,Spring,1,1,1,카페테리아,아메리카노(ICE)
2023-05-28,0,5,Spring,1,0,1,카페테리아,아메리카노(ICE)
2023-05-29,0,5,Spring,0,1,1,카페테리아,아메리카노(ICE)
2023-05-30,0,5,Spring,0,0,0,카페테리아,아메리카노(ICE)
2023-05-31,0,5,Spring,0,0,0,카페테리아,아메리카노(ICE)
2023-06-01,0,6,Summer,0,0,0,카페테리아,아메리카노(ICE)
2023-06-02,0,6,Summer,0,0,0,카페테리아,아메리카노(ICE)
2023-06-03,0,6,Summer,1,0,1,카페테리아,아메리카노(ICE)
2023-06-04,0,6,Summer,1,0,1,카페테리아,아메리카노(ICE)
2023-06-05,0,6,Summer,0,0,0,카페테리아,아메리카노(ICE)
2023-06-06,0,6,Summer,0,1,1,카페테리아,아메리카노(ICE)
2023-06-07,0,6,Summer,0,0,0,카페테리아,아메리카노(ICE)
2023-06-08,0,6,Summer,0,0,0,카페테리아,아메리카노(ICE)
2023-06-09,0,6,Summer,0,0,0,카페테리아,아메리카노(ICE)
2023-06-10,0,6,Summer,1,0,1,카페테리아,아메리카노(ICE)
2023-06-11,0,6,Summer,1,0,1,카페테리아,아메리카노(ICE)
2023-06-12,0,6,Summer,0,0,0,카페테리아,아메리카노(ICE)
2023-06-13,0,6,Summer,0,0,0,카페테리아,아메리카노(ICE)
2023-06-14,0,6,Summer,0,0,0,카페테리아,아메리카노(ICE)
2023-06-15,0,6,Summer,0,0,0,카페테리아,아메리카노(ICE)
2023-06-16,0,6,Summer,0,0,0,카페테리아,아메리카노(ICE)
2023-06-17,0,6,Summer,1,0,1,카페테리아,아메리카노(ICE)
2023-06-18,0,6,Summer,1,0,1,카페테리아,아메리카노(ICE)
2023-06-19,0,6,Summer,0,0,0,카페테리아,아메리카노(ICE)
2023-06-20,0,6,Summer,0,0,0,카페테리아,아메리카노(ICE)
2023-06-21,0,6,Summer,0,0,0,카페테리아,아메리카노(ICE)
2023-06-22,0,6,Summer,0,0,0,카페테리아,아메리카노(ICE)
2023-06-23,0,6,Summer,0,0,0,카페테리아,아메리카노(ICE)
2023-06-24,0,6,Summer,1,0,1,카페테리아,아메리카노(ICE)
2023-06-25,0,6,Summer,1,0,1,카페테리아,아메리카노(ICE)
2023-06-26,0,6,Summer,0,0,0,카페테리아,아메리카노(ICE)
2023-06-27,0,6,Summer,0,0,0,카페테리아,아메리카노(ICE)
2023-06-28,0,6,Summer,0,0,0,카페테리아,아메리카노(ICE)
2023-06-29,0,6,Summer,0,0,0,카페테리아,아메리카노(ICE)
2023-06-30,0,6,Summer,0,0,0,카페테리아,아메리카노(ICE)
2023-07-01,0,7,Summer,1,0,1,카페테리아,아메리카노(ICE)
2023-07-02,0,7,Summer,1,0,1,카페테리아,아메리카노(ICE)
2023-07-03,0,7,Summer,0,0,0,카페테리아,아메리카노(ICE)
2023-07-04,0,7,Summer,0,0,0,카페테리아,아메리카노(ICE)
2023-07-05,0,7,Summer,0,0,0,카페테리아,아메리카노(ICE)
2023-07-06,0,7,Summer,0,0,0,카페테리아,아메리카노(ICE)
2023-07-07,0,7,Summer,0,0,0,카페테리아,아메리카노(ICE)
2023-07-08,0,7,Summer,1,0,1,카페테리아,아메리카노(ICE)
2023-07-09,0,7,Summer,1,0,1,카페테리아,아메리카노(ICE)
2023-07-10,0,7,Summer,0,0,0,카페테리아,아메리카노(ICE)
2023-07-11,0,7,Summer,0,0,0,카페테리아,아메리카노(ICE)
2023-07-12,0,7,Summer,0,0,0,카페테리아,아메리카노(ICE)
2023-07-13,0,7,Summer,0,0,0,카페테리아,아메리카노(ICE)
2023-07-14,0,7,Summer,0,0,0,카페테리아,아메리카노(ICE)
2023-07-15,0,7,Summer,1,0,1,카페테리아,아메리카노(ICE)
2023-07-16,0,7,Summer,1,0,1,카페테리아,아메리카노(ICE)
2023-07-17,0,7,Summer,0,0,0,카페테리아,아메리카노(ICE)
2023-07-18,0,7,Summer,0,0,0,카페테리아,아메리카노(ICE)
2023-07-19,0,7,Summer,0,0,0,카페테리아,아메리카노(ICE)
2023-07-20,0,7,Summer,0,0,0,카페테리아,아메리카노(ICE)
2023-07-21,0,7,Summer,0,0,0,카페테리아,아메리카노(ICE)
2023-07-22,0,7,Summer,1,0,1,카페테리아,아메리카노(ICE)
2023-07-23,0,7,Summer,1,0,1,카페테리아,아메리카노(ICE)
2023-07-24,0,7,Summer,0,0,0,카페테리아,아메리카노(ICE)
2023-07-25,0,7,Summer,0,0,0,카페테리아,아메리카노(ICE)
2023-07-26,0,7,Summer,0,0,0,카페테리아,아메리카노(ICE)
2023-07-27,0,7,Summer,0,0,0,카페테리아,아메리카노(ICE)
2023-07-28,0,7,Summer,0,0,0,카페테리아,아메리카노(ICE)
2023-07-29,0,7,Summer,1,0,1,카페테리아,아메리카노(ICE)
2023-07-30,0,7,Summer,1,0,1,카페테리아,아메리카노(ICE)
2023-07-31,0,7,Summer,0,0,0,카페테리아,아메리카노(ICE)
2023-08-01,0,8,Summer,0,0,0,카페테리아,아메리카노(ICE)
2023-08-02,0,8,Summer,0,0,0,카페테리아,아메리카노(ICE)
2023-08-03,0,8,Summer,0,0,0,카페테리아,아메리카노(ICE)
2023-08-04,0,8,Summer,0,0,0,카페테리아,아메리카노(ICE)
2023-08-05,0,8,Summer,1,0,1,카페테리아,아메리카노(ICE)
2023-08-06,0,8,Summer,1,0,1,카페테리아,아메리카노(ICE)
2023-08-07,0,8,Summer,0,0,0,카페테리아,아메리카노(ICE)
2023-08-08,0,8,Summer,0,0,0,카페테리아,아메리카노(ICE)
2023-08-09,0,8,Summer,0,0,0,카페테리아,아메리카노(ICE)
2023-08-10,0,8,Summer,0,0,0,카페테리아,아메리카노(ICE)
2023-08-11,0,8,Summer,0,0,0,카페테리아,아메리카노(ICE)
2023-08-12,0,8,Summer,1,0,1,카페테리아,아메리카노(ICE)
2023-08-13,0,8,Summer,1,0,1,카페테리아,아메리카노(ICE)
2023-08-14,0,8,Summer,0,0,0,카페테리아,아메리카노(ICE)
2023-08-15,0,8,Summer,0,1,1,카페테리아,아메리카노(ICE)
2023-08-16,0,8,Summer,0,0,0,카페테리아,아메리카노(ICE)
2023-08-17,0,8,Summer,0,0,0,카페테리아,아메리카노(ICE)
2023-08-18,0,8,Summer,0,0,0,카페테리아,아메리카노(ICE)
2023-08-19,0,8,Summer,1,0,1,카페테리아,아메리카노(ICE)
2023-08-20,0,8,Summer,1,0,1,카페테리아,아메리카노(ICE)
2023-08-21,0,8,Summer,0,0,0,카페테리아,아메리카노(ICE)
2023-08-22,0,8,Summer,0,0,0,카페테리아,아메리카노(ICE)
2023-08-23,0,8,Summer,0,0,0,카페테리아,아메리카노(ICE)
2023-08-24,0,8,Summer,0,0,0,카페테리아,아메리카노(ICE)
2023-08-25,0,8,Summer,0,0,0,카페테리아,아메리카노(ICE)
2023-08-26,0,8,Summer,1,0,1,카페테리아,아메리카노(ICE)
2023-08-27,0,8,Summer,1,0,1,카페테리아,아메리카노(ICE)
2023-08-28,0,8,Summer,0,0,0,카페테리아,아메리카노(ICE)
2023-08-29,0,8,Summer,0,0,0,카페테리아,아메리카노(ICE)
2023-08-30,0,8,Summer,0,0,0,카페테리아,아메리카노(ICE)
2023-08-31,0,8,Summer,0,0,0,카페테리아,아메리카노(ICE)
2023-09-01,0,9,Autumn,0,0,0,카페테리아,아메리카노(ICE)
2023-09-02,0,9,Autumn,1,0,1,카페테리아,아메리카노(ICE)
2023-09-03,0,9,Autumn,1,0,1,카페테리아,아메리카노(ICE)
2023-09-04,0,9,Autumn,0,0,0,카페테리아,아메리카노(ICE)
2023-09-05,0,9,Autumn,0,0,0,카페테리아,아메리카노(ICE)
2023-09-06,0,9,Autumn,0,0,0,카페테리아,아메리카노(ICE)
2023-09-07,0,9,Autumn,0,0,0,카페테리아,아메리카노(ICE)
2023-09-08,0,9,Autumn,0,0,0,카페테리아,아메리카노(ICE)
2023-09-09,0,9,Autumn,1,0,1,카페테리아,아메리카노(ICE)
2023-09-10,0,9,Autumn,1,0,1,카페테리아,아메리카노(ICE)
2023-09-11,0,9,Autumn,0,0,0,카페테리아,아메리카노(ICE)
2023-09-12,0,9,Autumn,0,0,0,카페테리아,아메리카노(ICE)
2023-09-13,0,9,Autumn,0,0,0,카페테리아,아메리카노(ICE)
2023-09-14,0,9,Autumn,0,0,0,카페테리아,아메리카노(ICE)
2023-09-15,0,9,Autumn,0,0,0,카페테리아,아메리카노(ICE)
2023-09-16,0,9,Autumn,1,0,1,카페테리아,아메리카노(ICE)
2023-09-17,0,9,Autumn,1,0,1,카페테리아,아메리카노(ICE)
2023-09-18,0,9,Autumn,0,0,0,카페테리아,아메리카노(ICE)
2023-09-19,0,9,Autumn,0,0,0,카페테리아,아메리카노(ICE)
2023-09-20,0,9,Autumn,0,0,0,카페테리아,아메리카노(ICE)
2023-09-21,0,9,Autumn,0,0,0,카페테리아,아메리카노(ICE)
2023-09-22,0,9,Autumn,0,0,0,카페테리아,아메리카노(ICE)
2023-09-23,0,9,Autumn,1,0,1,카페테리아,아메리카노(ICE)
2023-09-24,0,9,Autumn,1,0,1,카페테리아,아메리카노(ICE)
2023-09-25,0,9,Autumn,0,0,0,카페테리아,아메리카노(ICE)
2023-09-26,0,9,Autumn,0,0,0,카페테리아,아메리카노(ICE)
2023-09-27,0,9,Autumn,0,0,0,카페테리아,아메리카노(ICE)
2023-09-28,0,9,Autumn,0,1,1,카페테리아,아메리카노(ICE)
2023-09-29,0,9,Autumn,0,1,1,카페테리아,아메리카노(ICE)
2023-09-30,0,9,Autumn,1,1,1,카페테리아,아메리카노(ICE)
2023-10-01,0,10,Autumn,1,0,1,카페테리아,아메리카노(ICE)
2023-10-02,0,10,Autumn,0,1,1,카페테리아,아메리카노(ICE)
2023-10-03,0,10,Autumn,0,1,1,카페테리아,아메리카노(ICE)
2023-10-04,0,10,Autumn,0,0,0,카페테리아,아메리카노(ICE)
2023-10-05,0,10,Autumn,0,0,0,카페테리아,아메리카노(ICE)
2023-10-06,0,10,Autumn,0,0,0,카페테리아,아메리카노(ICE)
2023-10-07,0,10,Autumn,1,0,1,카페테리아,아메리카노(ICE)
2023-10-08,0,10,Autumn,1,0,1,카페테리아,아메리카노(ICE)
2023-10-09,0,10,Autumn,0,1,1,카페테리아,아메리카노(ICE)
2023-10-10,0,10,Autumn,0,0,0,카페테리아,아메리카노(ICE)
2023-10-11,0,10,Autumn,0,0,0,카페테리아,아메리카노(ICE)
2023-10-12,0,10,Autumn,0,0,0,카페테리아,아메리카노(ICE)
2023-10-13,0,10,Autumn,0,0,0,카페테리아,아메리카노(ICE)
2023-10-14,0,10,Autumn,1,0,1,카페테리아,아메리카노(ICE)
2023-10-15,0,10,Autumn,1,0,1,카페테리아,아메리카노(ICE)
2023-10-16,0,10,Autumn,0,0,0,카페테리아,아메리카노(ICE)
2023-10-17,0,10,Autumn,0,0,0,카페테리아,아메리카노(ICE)
2023-10-18,0,10,Autumn,0,0,0,카페테리아,아메리카노(ICE)
2023-10-19,0,10,Autumn,0,0,0,카페테리아,아메리카노(ICE)
2023-10-20,0,10,Autumn,0,0,0,카페테리아,아메리카노(ICE)
2023-10-21,0,10,Autumn,1,0,1,카페테리아,아메리카노(ICE)
2023-10-22,0,10,Autumn,1,0,1,카페테리아,아메리카노(ICE)
2023-10-23,0,10,Autumn,0,0,0,카페테리아,아메리카노(ICE)
2023-10-24,0,10,Autumn,0,0,0,카페테리아,아메리카노(ICE)
2023-10-25,0,10,Autumn,0,0,0,카페테리아,아메리카노(ICE)
2023-10-26,0,10,Autumn,0,0,0,카페테리아,아메리카노(ICE)
2023-10-27,0,10,Autumn,0,0,0,카페테리아,아메리카노(ICE)
2023-10-28,0,10,Autumn,1,0,1,카페테리아,아메리카노(ICE)
2023-10-29,0,10,Autumn,1,0,1,카페테리아,아메리카노(ICE)
2023-10-30,0,10,Autumn,0,0,0,카페테리아,아메리카노(ICE)
2023-10-31,0,10,Autumn,0,0,0,카페테리아,아메리카노(ICE)
2023-11-01,0,11,Autumn,0,0,0,카페테리아,아메리카노(ICE)
2023-11-02,0,11,Autumn,0,0,0,카페테리아,아메리카노(ICE)
2023-11-03,0,11,Autumn,0,0,0,카페테리아,아메리카노(ICE)
2023-11-04,0,11,Autumn,1,0,1,카페테리아,아메리카노(ICE)
2023-11-05,0,11,Autumn,1,0,1,카페테리아,아메리카노(ICE)
2023-11-06,0,11,Autumn,0,0,0,카페테리아,아메리카노(ICE)
2023-11-07,0,11,Autumn,0,0,0,카페테리아,아메리카노(ICE)
2023-11-08,0,11,Autumn,0,0,0,카페테리아,아메리카노(ICE)
2023-11-09,0,11,Autumn,0,0,0,카페테리아,아메리카노(ICE)
2023-11-10,0,11,Autumn,0,0,0,카페테리아,아메리카노(ICE)
2023-11-11,0,11,Autumn,1,0,1,카페테리아,아메리카노(ICE)
2023-11-12,0,11,Autumn,1,0,1,카페테리아,아메리카노(ICE)
2023-11-13,0,11,Autumn,0,0,0,카페테리아,아메리카노(ICE)
2023-11-14,0,11,Autumn,0,0,0,카페테리아,아메리카노(ICE)
2023-11-15,0,11,Autumn,0,0,0,카페테리아,아메리카노(ICE)
2023-11-16,0,11,Autumn,0,0,0,카페테리아,아메리카노(ICE)
2023-11-17,0,11,Autumn,0,0,0,카페테리아,아메리카노(ICE)
2023-11-18,0,11,Autumn,1,0,1,카페테리아,아메리카노(ICE)
2023-11-19,0,11,Autumn,1,0,1,카페테리아,아메리카노(ICE)
2023-11-20,0,11,Autumn,0,0,0,카페테리아,아메리카노(ICE)
2023-11-21,0,11,Autumn,0,0,0,카페테리아,아메리카노(ICE)
2023-11-22,0,11,Autumn,0,0,0,카페테리아,아메리카노(ICE)
2023-11-23,0,11,Autumn,0,0,0,카페테리아,아메리카노(ICE)
2023-11-24,0,11,Autumn,0,0,0,카페테리아,아메리카노(ICE)
2023-11-25,0,11,Autumn,1,0,1,카페테리아,아메리카노(ICE)
2023-11-26,0,11,Autumn,1,0,1,카페테리아,아메리카노(ICE)
2023-11-27,0,11,Autumn,0,0,0,카페테리아,아메리카노(ICE)
2023-11-28,0,11,Autumn,0,0,0,카페테리아,아메리카노(ICE)
2023-11-29,0,11,Autumn,0,0,0,카페테리아,아메리카노(ICE)
2023-11-30,0,11,Autumn,0,0,0,카페테리아,아메리카노(ICE)
2023-12-01,0,12,Winter,0,0,0,카페테리아,아메리카노(ICE)
2023-12-02,0,12,Winter,1,0,1,카페테리아,아메리카노(ICE)
2023-12-03,0,12,Winter,1,0,1,카페테리아,아메리카노(ICE)
2023-12-04,0,12,Winter,0,0,0,카페테리아,아메리카노(ICE)
2023-12-05,0,12,Winter,0,0,0,카페테리아,아메리카노(ICE)
2023-12-06,13,12,Winter,0,0,0,카페테리아,아메리카노(ICE)
2023-12-07,12,12,Winter,0,0,0,카페테리아,아메리카노(ICE)
2023-12-08,16,12,Winter,0,0,0,카페테리아,아메리카노(ICE)
2023-12-09,63,12,Winter,1,0,1,카페테리아,아메리카노(ICE)
2023-12-10,58,12,Winter,1,0,1,카페테리아,아메리카노(ICE)
2023-12-11,13,12,Winter,0,0,0,카페테리아,아메리카노(ICE)
2023-12-12,11,12,Winter,0,0,0,카페테리아,아메리카노(ICE)
2023-12-13,22,12,Winter,0,0,0,카페테리아,아메리카노(ICE)
2023-12-14,18,12,Winter,0,0,0,카페테리아,아메리카노(ICE)
2023-12-15,0,12,Winter,0,0,0,카페테리아,아메리카노(ICE)
2023-12-16,37,12,Winter,1,0,1,카페테리아,아메리카노(ICE)
2023-12-17,16,12,Winter,1,0,1,카페테리아,아메리카노(ICE)
2023-12-18,39,12,Winter,0,0,0,카페테리아,아메리카노(ICE)
2023-12-19,51,12,Winter,0,0,0,카페테리아,아메리카노(ICE)
2023-12-20,49,12,Winter,0,0,0,카페테리아,아메리카노(ICE)
2023-12-21,50,12,Winter,0,0,0,카페테리아,아메리카노(ICE)
2023-12-22,49,12,Winter,0,0,0,카페테리아,아메리카노(ICE)
2023-12-23,100,12,Winter,1,0,1,카페테리아,아메리카노(ICE)
2023-12-24,88,12,Winter,1,0,1,카페테리아,아메리카노(ICE)
2023-12-25,75,12,Winter,0,1,1,카페테리아,아메리카노(ICE)
2023-12-26,77,12,Winter,0,0,0,카페테리아,아메리카노(ICE)
2023-12-27,67,12,Winter,0,0,0,카페테리아,아메리카노(ICE)
2023-12-28,76,12,Winter,0,0,0,카페테리아,아메리카노(ICE)
2023-12-29,99,12,Winter,0,0,0,카페테리아,아메리카노(ICE)
2023-12-30,135,12,Winter,1,0,1,카페테리아,아메리카노(ICE)
2023-12-31,124,12,Winter,1,0,1,카페테리아,아메리카노(ICE)
2024-01-01,88,1,Winter,0,1,1,카페테리아,아메리카노(ICE)
2024-01-02,61,1,Winter,0,0,0,카페테리아,아메리카노(ICE)
2024-01-03,53,1,Winter,0,0,0,카페테리아,아메리카노(ICE)
2024-01-04,49,1,Winter,0,0,0,카페테리아,아메리카노(ICE)
2024-01-05,46,1,Winter,0,0,0,카페테리아,아메리카노(ICE)
2024-01-06,208,1,Winter,1,0,1,카페테리아,아메리카노(ICE)
2024-01-07,111,1,Winter,1,0,1,카페테리아,아메리카노(ICE)
2024-01-08,77,1,Winter,0,0,0,카페테리아,아메리카노(ICE)
2024-01-09,59,1,Winter,0,0,0,카페테리아,아메리카노(ICE)
2024-01-10,59,1,Winter,0,0,0,카페테리아,아메리카노(ICE)
2024-01-11,48,1,Winter,0,0,0,카페테리아,아메리카노(ICE)
2024-01-12,109,1,Winter,0,0,0,카페테리아,아메리카노(ICE)
2024-01-13,231,1,Winter,1,0,1,카페테리아,아메리카노(ICE)
2024-01-14,90,1,Winter,1,0,1,카페테리아,아메리카노(ICE)
2024-01-15,56,1,Winter,0,0,0,카페테리아,아메리카노(ICE)
2024-01-16,44,1,Winter,0,0,0,카페테리아,아메리카노(ICE)
2024-01-17,69,1,Winter,0,0,0,카페테리아,아메리카노(ICE)
2024-01-18,72,1,Winter,0,0,0,카페테리아,아메리카노(ICE)
2024-01-19,88,1,Winter,0,0,0,카페테리아,아메리카노(ICE)
2024-01-20,204,1,Winter,1,0,1,카페테리아,아메리카노(ICE)
2024-01-21,136,1,Winter,1,0,1,카페테리아,아메리카노(ICE)
2024-01-22,48,1,Winter,0,0,0,카페테리아,아메리카노(ICE)
2024-01-23,42,1,Winter,0,0,0,카페테리아,아메리카노(ICE)
2024-01-24,82,1,Winter,0,0,0,카페테리아,아메리카노(ICE)
2024-01-25,59,1,Winter,0,0,0,카페테리아,아메리카노(ICE)
2024-01-26,92,1,Winter,0,0,0,카페테리아,아메리카노(ICE)
2024-01-27,192,1,Winter,1,0,1,카페테리아,아메리카노(ICE)
2024-01-28,141,1,Winter,1,0,1,카페테리아,아메리카노(ICE)
2024-01-29,49,1,Winter,0,0,0,카페테리아,아메리카노(ICE)
2024-01-30,57,1,Winter,0,0,0,카페테리아,아메리카노(ICE)
2024-01-31,62,1,Winter,0,0,0,카페테리아,아메리카노(ICE)
2024-02-01,69,2,Winter,0,0,0,카페테리아,아메리카노(ICE)
2024-02-02,76,2,Winter,0,0,0,카페테리아,아메리카노(ICE)
2024-02-03,167,2,Winter,1,0,1,카페테리아,아메리카노(ICE)
2024-02-04,118,2,Winter,1,0,1,카페테리아,아메리카노(ICE)
2024-02-05,26,2,Winter,0,0,0,카페테리아,아메리카노(ICE)
2024-02-06,42,2,Winter,0,0,0,카페테리아,아메리카노(ICE)
2024-02-07,45,2,Winter,0,0,0,카페테리아,아메리카노(ICE)
2024-02-08,65,2,Winter,0,0,0,카페테리아,아메리카노(ICE)
2024-02-09,88,2,Winter,0,1,1,카페테리아,아메리카노(ICE)
2024-02-10,41,2,Winter,1,1,1,카페테리아,아메리카노(ICE)
2024-02-11,129,2,Winter,1,1,1,카페테리아,아메리카노(ICE)
2024-02-12,105,2,Winter,0,1,1,카페테리아,아메리카노(ICE)
2024-02-13,46,2,Winter,0,0,0,카페테리아,아메리카노(ICE)
2024-02-14,38,2,Winter,0,0,0,카페테리아,아메리카노(ICE)
2024-02-15,11,2,Winter,0,0,0,카페테리아,아메리카노(ICE)
2024-02-16,72,2,Winter,0,0,0,카페테리아,아메리카노(ICE)
2024-02-17,133,2,Winter,1,0,1,카페테리아,아메리카노(ICE)
2024-02-18,51,2,Winter,1,0,1,카페테리아,아메리카노(ICE)
2024-02-19,8,2,Winter,0,0,0,카페테리아,아메리카노(ICE)
2024-02-20,11,2,Winter,0,0,0,카페테리아,아메리카노(ICE)
2024-02-21,6,2,Winter,0,0,0,카페테리아,아메리카노(ICE)
2024-02-22,29,2,Winter,0,0,0,카페테리아,아메리카노(ICE)
2024-02-23,44,2,Winter,0,0,0,카페테리아,아메리카노(ICE)
2024-02-24,84,2,Winter,1,0,1,카페테리아,아메리카노(ICE)
2024-02-25,53,2,Winter,1,0,1,카페테리아,아메리카노(ICE)
2024-02-26,25,2,Winter,0,0,0,카페테리아,아메리카노(ICE)
2024-02-27,15,2,Winter,0,0,0,카페테리아,아메리카노(ICE)
2024-02-28,11,2,Winter,0,0,0,카페테리아,아메리카노(ICE)
2024-02-29,6,2,Winter,0,0,0,카페테리아,아메리카노(ICE)
2024-03-01,50,3,Spring,0,1,1,카페테리아,아메리카노(ICE)
2024-03-02,25,3,Spring,1,0,1,카페테리아,아메리카노(ICE)
2024-03-03,11,3,Spring,1,0,1,카페테리아,아메리카노(ICE)
2024-03-04,0,3,Spring,0,0,0,카페테리아,아메리카노(ICE)
2024-03-05,0,3,Spring,0,0,0,카페테리아,아메리카노(ICE)
2024-03-06,0,3,Spring,0,0,0,카페테리아,아메리카노(ICE)
2024-03-07,0,3,Spring,0,0,0,카페테리아,아메리카노(ICE)
2024-03-08,0,3,Spring,0,0,0,카페테리아,아메리카노(ICE)
2024-03-09,0,3,Spring,1,0,1,카페테리아,아메리카노(ICE)
2024-03-10,0,3,Spring,1,0,1,카페테리아,아메리카노(ICE)
2024-03-11,0,3,Spring,0,0,0,카페테리아,아메리카노(ICE)
2024-03-12,0,3,Spring,0,0,0,카페테리아,아메리카노(ICE)
2024-03-13,0,3,Spring,0,0,0,카페테리아,아메리카노(ICE)
2024-03-14,0,3,Spring,0,0,0,카페테리아,아메리카노(ICE)
2024-03-15,0,3,Spring,0,0,0,카페테리아,아메리카노(ICE)
2024-03-16,0,3,Spring,1,0,1,카페테리아,아메리카노(ICE)
2024-03-17,0,3,Spring,1,0,1,카페테리아,아메리카노(ICE)
2024-03-18,0,3,Spring,0,0,0,카페테리아,아메리카노(ICE)
2024-03-19,0,3,Spring,0,0,0,카페테리아,아메리카노(ICE)
2024-03-20,0,3,Spring,0,0,0,카페테리아,아메리카노(ICE)
2024-03-21,0,3,Spring,0,0,0,카페테리아,아메리카노(ICE)
2024-03-22,0,3,Spring,0,0,0,카페테리아,아메리카노(ICE)
2024-03-23,0,3,Spring,1,0,1,카페테리아,아메리카노(ICE)
2024-03-24,0,3,Spring,1,0,1,카페테리아,아메리카노(ICE)
2024-03-25,0,3,Spring,0,0,0,카페테리아,아메리카노(ICE)
2024-03-26,0,3,Spring,0,0,0,카페테리아,아메리카노(ICE)
2024-03-27,0,3,Spring,0,0,0,카페테리아,아메리카노(ICE)
2024-03-28,0,3,Spring,0,0,0,카페테리아,아메리카노(ICE)
2024-03-29,0,3,Spring,0,0,0,카페테리아,아메리카노(ICE)
2024-03-30,0,3,Spring,1,0,1,카페테리아,아메리카노(ICE)
2024-03-31,0,3,Spring,1,0,1,카페테리아,아메리카노(ICE)
2024-04-01,0,4,Spring,0,0,0,카페테리아,아메리카노(ICE)
2024-04-02,0,4,Spring,0,0,0,카페테리아,아메리카노(ICE)
2024-04-03,0,4,Spring,0,0,0,카페테리아,아메리카노(ICE)
2024-04-04,0,4,Spring,0,0,0,카페테리아,아메리카노(ICE)
2024-04-05,0,4,Spring,0,0,0,카페테리아,아메리카노(ICE)
2024-04-06,0,4,Spring,1,0,1,카페테리아,아메리카노(ICE)
2024-04-07,0,4,Spring,1,0,1,카페테리아,아메리카노(ICE)
2024-04-08,0,4,Spring,0,0,0,카페테리아,아메리카노(ICE)
2024-04-09,0,4,Spring,0,0,0,카페테리아,아메리카노(ICE)
2024-04-10,0,4,Spring,0,1,1,카페테리아,아메리카노(ICE)
2024-04-11,0,4,Spring,0,0,0,카페테리아,아메리카노(ICE)
2024-04-12,0,4,Spring,0,0,0,카페테리아,아메리카노(ICE)
2024-04-13,0,4,Spring,1,0,1,카페테리아,아메리카노(ICE)
2024-04-14,0,4,Spring,1,0,1,카페테리아,아메리카노(ICE)
2024-04-15,0,4,Spring,0,0,0,카페테리아,아메리카노(ICE)
2024-04-16,0,4,Spring,0,0,0,카페테리아,아메리카노(ICE)
2024-04-17,0,4,Spring,0,0,0,카페테리아,아메리카노(ICE)
2024-04-18,0,4,Spring,0,0,0,카페테리아,아메리카노(ICE)
2024-04-19,0,4,Spring,0,0,0,카페테리아,아메리카노(ICE)
2024-04-20,0,4,Spring,1,0,1,카페테리아,아메리카노(ICE)
2024-04-21,0,4,Spring,1,0,1,카페테리아,아메리카노(ICE)
2024-04-22,0,4,Spring,0,0,0,카페테리아,아메리카노(ICE)
2024-04-23,0,4,Spring,0,0,0,카페테리아,아메리카노(ICE)
2024-04-24,0,4,Spring,0,0,0,카페테리아,아메리카노(ICE)
2024-04-25,0,4,Spring,0,0,0,카페테리아,아메리카노(ICE)
2024-04-26,0,4,Spring,0,0,0,카페테리아,아메리카노(ICE)
2024-04-27,0,4,Spring,1,0,1,카페테리아,아메리카노(ICE)
2024-04-28,0,4,Spring,1,0,1,카페테리아,아메리카노(ICE)
2024-04-29,0,4,Spring,0,0,0,카페테리아,아메리카노(ICE)
2024-04-30,0,4,Spring,0,0,0,카페테리아,아메리카노(ICE)
2024-05-01,0,5,Spring,0,0,0,카페테리아,아메리카노(ICE)
2024-05-02,0,5,Spring,0,0,0,카페테리아,아메리카노(ICE)
2024-05-03,0,5,Spring,0,0,0,카페테리아,아메리카노(ICE)
2024-05-04,0,5,Spring,1,0,1,카페테리아,아메리카노(ICE)
2024-05-05,0,5,Spring,1,1,1,카페테리아,아메리카노(ICE)
2024-05-06,0,5,Spring,0,1,1,카페테리아,아메리카노(ICE)
2024-05-07,0,5,Spring,0,0,0,카페테리아,아메리카노(ICE)
2024-05-08,0,5,Spring,0,0,0,카페테리아,아메리카노(ICE)
2024-05-09,0,5,Spring,0,0,0,카페테리아,아메리카노(ICE)
2024-05-10,0,5,Spring,0,0,0,카페테리아,아메리카노(ICE)
2024-05-11,0,5,Spring,1,0,1,카페테리아,아메리카노(ICE)
2024-05-12,0,5,Spring,1,0,1,카페테리아,아메리카노(ICE)
2024-05-13,0,5,Spring,0,0,0,카페테리아,아메리카노(ICE)
2024-05-14,0,5,Spring,0,0,0,카페테리아,아메리카노(ICE)
2024-05-15,0,5,Spring,0,1,1,카페테리아,아메리카노(ICE)
2024-05-16,0,5,Spring,0,0,0,카페테리아,아메리카노(ICE)
2024-05-17,0,5,Spring,0,0,0,카페테리아,아메리카노(ICE)
2024-05-18,0,5,Spring,1,0,1,카페테리아,아메리카노(ICE)
2024-05-19,0,5,Spring,1,0,1,카페테리아,아메리카노(ICE)
2024-05-20,0,5,Spring,0,0,0,카페테리아,아메리카노(ICE)
2024-05-21,0,5,Spring,0,0,0,카페테리아,아메리카노(ICE)
2024-05-22,0,5,Spring,0,0,0,카페테리아,아메리카노(ICE)
2024-05-23,0,5,Spring,0,0,0,카페테리아,아메리카노(ICE)
2024-05-24,0,5,Spring,0,0,0,카페테리아,아메리카노(ICE)
2024-05-25,0,5,Spring,1,0,1,카페테리아,아메리카노(ICE)
2024-05-26,0,5,Spring,1,0,1,카페테리아,아메리카노(ICE)
2024-05-27,0,5,Spring,0,0,0,카페테리아,아메리카노(ICE)
2024-05-28,0,5,Spring,0,0,0,카페테리아,아메리카노(ICE)
2024-05-29,0,5,Spring,0,0,0,카페테리아,아메리카노(ICE)
2024-05-30,0,5,Spring,0,0,0,카페테리아,아메리카노(ICE)
2024-05-31,0,5,Spring,0,0,0,카페테리아,아메리카노(ICE)
2024-06-01,0,6,Summer,1,0,1,카페테리아,아메리카노(ICE)
2024-06-02,0,6,Summer,1,0,1,카페테리아,아메리카노(ICE)
2024-06-03,0,6,Summer,0,0,0,카페테리아,아메리카노(ICE)
2024-06-04,0,6,Summer,0,0,0,카페테리아,아메리카노(ICE)
2024-06-05,0,6,Summer,0,0,0,카페테리아,아메리카노(ICE)
2024-06-06,0,6,Summer,0,1,1,카페테리아,아메리카노(ICE)
2024-06-07,0,6,Summer,0,0,0,카페테리아,아메리카노(ICE)
2024-06-08,0,6,Summer,1,0,1,카페테리아,아메리카노(ICE)
2024-06-09,0,6,Summer,1,0,1,카페테리아,아메리카노(ICE)
2024-06-10,0,6,Summer,0,0,0,카페테리아,아메리카노(ICE)
2024-06-11,0,6,Summer,0,0,0,카페테리아,아메리카노(ICE)
2024-06-12,0,6,Summer,0,0,0,카페테리아,아메리카노(ICE)
2024-06-13,0,6,Summer,0,0,0,카페테리아,아메리카노(ICE)
2024-06-14,0,6,Summer,0,0,0,카페테리아,아메리카노(ICE)
2024-06-15,0,6,Summer,1,0,1,카페테리아,아메리카노(ICE)
2023-01-01,67,1,Winter,1,1,1,카페테리아,약 고추장 돌솥비빔밥
2023-01-02,74,1,Winter,0,0,0,카페테리아,약 고추장 돌솥비빔밥
2023-01-03,65,1,Winter,0,0,0,카페테리아,약 고추장 돌솥비빔밥
2023-01-04,75,1,Winter,0,0,0,카페테리아,약 고추장 돌솥비빔밥
2023-01-05,67,1,Winter,0,0,0,카페테리아,약 고추장 돌솥비빔밥
2023-01-06,71,1,Winter,0,0,0,카페테리아,약 고추장 돌솥비빔밥
2023-01-07,131,1,Winter,1,0,1,카페테리아,약 고추장 돌솥비빔밥
2023-01-08,80,1,Winter,1,0,1,카페테리아,약 고추장 돌솥비빔밥
2023-01-09,62,1,Winter,0,0,0,카페테리아,약 고추장 돌솥비빔밥
2023-01-10,53,1,Winter,0,0,0,카페테리아,약 고추장 돌솥비빔밥
2023-01-11,71,1,Winter,0,0,0,카페테리아,약 고추장 돌솥비빔밥
2023-01-12,75,1,Winter,0,0,0,카페테리아,약 고추장 돌솥비빔밥
2023-01-13,29,1,Winter,0,0,0,카페테리아,약 고추장 돌솥비빔밥
2023-01-14,41,1,Winter,1,0,1,카페테리아,약 고추장 돌솥비빔밥
2023-01-15,112,1,Winter,1,0,1,카페테리아,약 고추장 돌솥비빔밥
2023-01-16,86,1,Winter,0,0,0,카페테리아,약 고추장 돌솥비빔밥
2023-01-17,58,1,Winter,0,0,0,카페테리아,약 고추장 돌솥비빔밥
2023-01-18,91,1,Winter,0,0,0,카페테리아,약 고추장 돌솥비빔밥
2023-01-19,15,1,Winter,0,0,0,카페테리아,약 고추장 돌솥비빔밥
2023-01-20,72,1,Winter,0,0,0,카페테리아,약 고추장 돌솥비빔밥
2023-01-21,91,1,Winter,1,1,1,카페테리아,약 고추장 돌솥비빔밥
2023-01-22,104,1,Winter,1,1,1,카페테리아,약 고추장 돌솥비빔밥
2023-01-23,123,1,Winter,0,1,1,카페테리아,약 고추장 돌솥비빔밥
2023-01-24,72,1,Winter,0,1,1,카페테리아,약 고추장 돌솥비빔밥
2023-01-25,62,1,Winter,0,0,0,카페테리아,약 고추장 돌솥비빔밥
2023-01-26,84,1,Winter,0,0,0,카페테리아,약 고추장 돌솥비빔밥
2023-01-27,76,1,Winter,0,0,0,카페테리아,약 고추장 돌솥비빔밥
2023-01-28,57,1,Winter,1,0,1,카페테리아,약 고추장 돌솥비빔밥
2023-01-29,87,1,Winter,1,0,1,카페테리아,약 고추장 돌솥비빔밥
2023-01-30,80,1,Winter,0,0,0,카페테리아,약 고추장 돌솥비빔밥
2023-01-31,58,1,Winter,0,0,0,카페테리아,약 고추장 돌솥비빔밥
2023-02-01,52,2,Winter,0,0,0,카페테리아,약 고추장 돌솥비빔밥
2023-02-02,81,2,Winter,0,0,0,카페테리아,약 고추장 돌솥비빔밥
2023-02-03,68,2,Winter,0,0,0,카페테리아,약 고추장 돌솥비빔밥
2023-02-04,113,2,Winter,1,0,1,카페테리아,약 고추장 돌솥비빔밥
2023-02-05,108,2,Winter,1,0,1,카페테리아,약 고추장 돌솥비빔밥
2023-02-06,65,2,Winter,0,0,0,카페테리아,약 고추장 돌솥비빔밥
2023-02-07,48,2,Winter,0,0,0,카페테리아,약 고추장 돌솥비빔밥
2023-02-08,46,2,Winter,0,0,0,카페테리아,약 고추장 돌솥비빔밥
2023-02-09,59,2,Winter,0,0,0,카페테리아,약 고추장 돌솥비빔밥
2023-02-10,48,2,Winter,0,0,0,카페테리아,약 고추장 돌솥비빔밥
2023-02-11,93,2,Winter,1,0,1,카페테리아,약 고추장 돌솥비빔밥
2023-02-12,114,2,Winter,1,0,1,카페테리아,약 고추장 돌솥비빔밥
2023-02-13,80,2,Winter,0,0,0,카페테리아,약 고추장 돌솥비빔밥
2023-02-14,64,2,Winter,0,0,0,카페테리아,약 고추장 돌솥비빔밥
2023-02-15,69,2,Winter,0,0,0,카페테리아,약 고추장 돌솥비빔밥
2023-02-16,16,2,Winter,0,0,0,카페테리아,약 고추장 돌솥비빔밥
2023-02-17,51,2,Winter,0,0,0,카페테리아,약 고추장 돌솥비빔밥
2023-02-18,69,2,Winter,1,0,1,카페테리아,약 고추장 돌솥비빔밥
2023-02-19,65,2,Winter,1,0,1,카페테리아,약 고추장 돌솥비빔밥
2023-02-20,62,2,Winter,0,0,0,카페테리아,약 고추장 돌솥비빔밥
2023-02-21,53,2,Winter,0,0,0,카페테리아,약 고추장 돌솥비빔밥
2023-02-22,52,2,Winter,0,0,0,카페테리아,약 고추장 돌솥비빔밥
2023-02-23,42,2,Winter,0,0,0,카페테리아,약 고추장 돌솥비빔밥
2023-02-24,63,2,Winter,0,0,0,카페테리아,약 고추장 돌솥비빔밥
2023-02-25,67,2,Winter,1,0,1,카페테리아,약 고추장 돌솥비빔밥
2023-02-26,33,2,Winter,1,0,1,카페테리아,약 고추장 돌솥비빔밥
2023-02-27,52,2,Winter,0,0,0,카페테리아,약 고추장 돌솥비빔밥
2023-02-28,33,2,Winter,0,0,0,카페테리아,약 고추장 돌솥비빔밥
2023-03-01,15,3,Spring,0,1,1,카페테리아,약 고추장 돌솥비빔밥
2023-03-02,0,3,Spring,0,0,0,카페테리아,약 고추장 돌솥비빔밥
2023-03-03,0,3,Spring,0,0,0,카페테리아,약 고추장 돌솥비빔밥
2023-03-04,0,3,Spring,1,0,1,카페테리아,약 고추장 돌솥비빔밥
2023-03-05,0,3,Spring,1,0,1,카페테리아,약 고추장 돌솥비빔밥
2023-03-06,0,3,Spring,0,0,0,카페테리아,약 고추장 돌솥비빔밥
2023-03-07,0,3,Spring,0,0,0,카페테리아,약 고추장 돌솥비빔밥
2023-03-08,0,3,Spring,0,0,0,카페테리아,약 고추장 돌솥비빔밥
2023-03-09,0,3,Spring,0,0,0,카페테리아,약 고추장 돌솥비빔밥
2023-03-10,2,3,Spring,0,0,0,카페테리아,약 고추장 돌솥비빔밥
2023-03-11,7,3,Spring,1,0,1,카페테리아,약 고추장 돌솥비빔밥
2023-03-12,5,3,Spring,1,0,1,카페테리아,약 고추장 돌솥비빔밥
2023-03-13,3,3,Spring,0,0,0,카페테리아,약 고추장 돌솥비빔밥
2023-03-14,3,3,Spring,0,0,0,카페테리아,약 고추장 돌솥비빔밥
2023-03-15,2,3,Spring,0,0,0,카페테리아,약 고추장 돌솥비빔밥
2023-03-16,6,3,Spring,0,0,0,카페테리아,약 고추장 돌솥비빔밥
2023-03-17,16,3,Spring,0,0,0,카페테리아,약 고추장 돌솥비빔밥
2023-03-18,10,3,Spring,1,0,1,카페테리아,약 고추장 돌솥비빔밥
2023-03-19,4,3,Spring,1,0,1,카페테리아,약 고추장 돌솥비빔밥
2023-03-20,2,3,Spring,0,0,0,카페테리아,약 고추장 돌솥비빔밥
2023-03-21,1,3,Spring,0,0,0,카페테리아,약 고추장 돌솥비빔밥
2023-03-22,4,3,Spring,0,0,0,카페테리아,약 고추장 돌솥비빔밥
2023-03-23,1,3,Spring,0,0,0,카페테리아,약 고추장 돌솥비빔밥
2023-03-24,4,3,Spring,0,0,0,카페테리아,약 고추장 돌솥비빔밥
2023-03-25,10,3,Spring,1,0,1,카페테리아,약 고추장 돌솥비빔밥
2023-03-26,9,3,Spring,1,0,1,카페테리아,약 고추장 돌솥비빔밥
2023-03-27,4,3,Spring,0,0,0,카페테리아,약 고추장 돌솥비빔밥
2023-03-28,0,3,Spring,0,0,0,카페테리아,약 고추장 돌솥비빔밥
2023-03-29,0,3,Spring,0,0,0,카페테리아,약 고추장 돌솥비빔밥
2023-03-30,6,3,Spring,0,0,0,카페테리아,약 고추장 돌솥비빔밥
2023-03-31,13,3,Spring,0,0,0,카페테리아,약 고추장 돌솥비빔밥
2023-04-01,20,4,Spring,1,0,1,카페테리아,약 고추장 돌솥비빔밥
2023-04-02,15,4,Spring,1,0,1,카페테리아,약 고추장 돌솥비빔밥
2023-04-03,1,4,Spring,0,0,0,카페테리아,약 고추장 돌솥비빔밥
2023-04-04,0,4,Spring,0,0,0,카페테리아,약 고추장 돌솥비빔밥
2023-04-05,2,4,Spring,0,0,0,카페테리아,약 고추장 돌솥비빔밥
2023-04-06,14,4,Spring,0,0,0,카페테리아,약 고추장 돌솥비빔밥
2023-04-07,18,4,Spring,0,0,0,카페테리아,약 고추장 돌솥비빔밥
2023-04-08,18,4,Spring,1,0,1,카페테리아,약 고추장 돌솥비빔밥
2023-04-09,8,4,Spring,1,0,1,카페테리아,약 고추장 돌솥비빔밥
2023-04-10,6,4,Spring,0,0,0,카페테리아,약 고추장 돌솥비빔밥
2023-04-11,9,4,Spring,0,0,0,카페테리아,약 고추장 돌솥비빔밥
2023-04-12,27,4,Spring,0,0,0,카페테리아,약 고추장 돌솥비빔밥
2023-04-13,9,4,Spring,0,0,0,카페테리아,약 고추장 돌솥비빔밥
2023-04-14,1,4,Spring,0,0,0,카페테리아,약 고추장 돌솥비빔밥
2023-04-15,12,4,Spring,1,0,1,카페테리아,약 고추장 돌솥비빔밥
2023-04-16,16,4,Spring,1,0,1,카페테리아,약 고추장 돌솥비빔밥
2023-04-17,10,4,Spring,0,0,0,카페테리아,약 고추장 돌솥비빔밥
2023-04-18,4,4,Spring,0,0,0,카페테리아,약 고추장 돌솥비빔밥
2023-04-19,25,4,Spring,0,0,0,카페테리아,약 고추장 돌솥비빔밥
2023-04-20,2,4,Spring,0,0,0,카페테리아,약 고추장 돌솥비빔밥
2023-04-21,17,4,Spring,0,0,0,카페테리아,약 고추장 돌솥비빔밥
2023-04-22,24,4,Spring,1,0,1,카페테리아,약 고추장 돌솥비빔밥
2023-04-23,14,4,Spring,1,0,1,카페테리아,약 고추장 돌솥비빔밥
2023-04-24,4,4,Spring,0,0,0,카페테리아,약 고추장 돌솥비빔밥
2023-04-25,5,4,Spring,0,0,0,카페테리아,약 고추장 돌솥비빔밥
2023-04-26,12,4,Spring,0,0,0,카페테리아,약 고추장 돌솥비빔밥
2023-04-27,10,4,Spring,0,0,0,카페테리아,약 고추장 돌솥비빔밥
2023-04-28,5,4,Spring,0,0,0,카페테리아,약 고추장 돌솥비빔밥
2023-04-29,13,4,Spring,1,0,1,카페테리아,약 고추장 돌솥비빔밥
2023-04-30,38,4,Spring,1,0,1,카페테리아,약 고추장 돌솥비빔밥
2023-05-01,38,5,Spring,0,0,0,카페테리아,약 고추장 돌솥비빔밥
2023-05-02,6,5,Spring,0,0,0,카페테리아,약 고추장 돌솥비빔밥
2023-05-03,16,5,Spring,0,0,0,카페테리아,약 고추장 돌솥비빔밥
2023-05-04,14,5,Spring,0,0,0,카페테리아,약 고추장 돌솥비빔밥
2023-05-05,29,5,Spring,0,1,1,카페테리아,약 고추장 돌솥비빔밥
2023-05-06,21,5,Spring,1,0,1,카페테리아,약 고추장 돌솥비빔밥
2023-05-07,26,5,Spring,1,0,1,카페테리아,약 고추장 돌솥비빔밥
2023-05-08,8,5,Spring,0,0,0,카페테리아,약 고추장 돌솥비빔밥
2023-05-09,5,5,Spring,0,0,0,카페테리아,약 고추장 돌솥비빔밥
2023-05-10,7,5,Spring,0,0,0,카페테리아,약 고추장 돌솥비빔밥
2023-05-11,11,5,Spring,0,0,0,카페테리아,약 고추장 돌솥비빔밥
2023-05-12,9,5,Spring,0,0,0,카페테리아,약 고추장 돌솥비빔밥
2023-05-13,34,5,Spring,1,0,1,카페테리아,약 고추장 돌솥비빔밥
2023-05-14,24,5,Spring,1,0,1,카페테리아,약 고추장 돌솥비빔밥
2023-05-15,2,5,Spring,0,0,0,카페테리아,약 고추장 돌솥비빔밥
2023-05-16,9,5,Spring,0,0,0,카페테리아,약 고추장 돌솥비빔밥
2023-05-17,11,5,Spring,0,0,0,카페테리아,약 고추장 돌솥비빔밥
2023-05-18,16,5,Spring,0,0,0,카페테리아,약 고추장 돌솥비빔밥
2023-05-19,5,5,Spring,0,0,0,카페테리아,약 고추장 돌솥비빔밥
2023-05-20,55,5,Spring,1,0,1,카페테리아,약 고추장 돌솥비빔밥
2023-05-21,26,5,Spring,1,0,1,카페테리아,약 고추장 돌솥비빔밥
2023-05-22,6,5,Spring,0,0,0,카페테리아,약 고추장 돌솥비빔밥
2023-05-23,3,5,Spring,0,0,0,카페테리아,약 고추장 돌솥비빔밥
2023-05-24,6,5,Spring,0,0,0,카페테리아,약 고추장 돌솥비빔밥
2023-05-25,8,5,Spring,0,0,0,카페테리아,약 고추장 돌솥비빔밥
2023-05-26,30,5,Spring,0,0,0,카페테리아,약 고추장 돌솥비빔밥
2023-05-27,20,5,Spring,1,1,1,카페테리아,약 고추장 돌솥비빔밥
2023-05-28,16,5,Spring,1,0,1,카페테리아,약 고추장 돌솥비빔밥
2023-05-29,25,5,Spring,0,1,1,카페테리아,약 고추장 돌솥비빔밥
2023-05-30,6,5,Spring,0,0,0,카페테리아,약 고추장 돌솥비빔밥
2023-05-31,3,5,Spring,0,0,0,카페테리아,약 고추장 돌솥비빔밥
2023-06-01,2,6,Summer,0,0,0,카페테리아,약 고추장 돌솥비빔밥
2023-06-02,8,6,Summer,0,0,0,카페테리아,약 고추장 돌솥비빔밥
2023-06-03,23,6,Summer,1,0,1,카페테리아,약 고추장 돌솥비빔밥
2023-06-04,51,6,Summer,1,0,1,카페테리아,약 고추장 돌솥비빔밥
2023-06-05,42,6,Summer,0,0,0,카페테리아,약 고추장 돌솥비빔밥
2023-06-06,42,6,Summer,0,1,1,카페테리아,약 고추장 돌솥비빔밥
2023-06-07,2,6,Summer,0,0,0,카페테리아,약 고추장 돌솥비빔밥
2023-06-08,21,6,Summer,0,0,0,카페테리아,약 고추장 돌솥비빔밥
2023-06-09,14,6,Summer,0,0,0,카페테리아,약 고추장 돌솥비빔밥
2023-06-10,15,6,Summer,1,0,1,카페테리아,약 고추장 돌솥비빔밥
2023-06-11,22,6,Summer,1,0,1,카페테리아,약 고추장 돌솥비빔밥
2023-06-12,10,6,Summer,0,0,0,카페테리아,약 고추장 돌솥비빔밥
2023-06-13,3,6,Summer,0,0,0,카페테리아,약 고추장 돌솥비빔밥
2023-06-14,0,6,Summer,0,0,0,카페테리아,약 고추장 돌솥비빔밥
2023-06-15,11,6,Summer,0,0,0,카페테리아,약 고추장 돌솥비빔밥
2023-06-16,8,6,Summer,0,0,0,카페테리아,약 고추장 돌솥비빔밥
2023-06-17,13,6,Summer,1,0,1,카페테리아,약 고추장 돌솥비빔밥
2023-06-18,34,6,Summer,1,0,1,카페테리아,약 고추장 돌솥비빔밥
2023-06-19,5,6,Summer,0,0,0,카페테리아,약 고추장 돌솥비빔밥
2023-06-20,16,6,Summer,0,0,0,카페테리아,약 고추장 돌솥비빔밥
2023-06-21,10,6,Summer,0,0,0,카페테리아,약 고추장 돌솥비빔밥
2023-06-22,10,6,Summer,0,0,0,카페테리아,약 고추장 돌솥비빔밥
2023-06-23,10,6,Summer,0,0,0,카페테리아,약 고추장 돌솥비빔밥
2023-06-24,17,6,Summer,1,0,1,카페테리아,약 고추장 돌솥비빔밥
2023-06-25,26,6,Summer,1,0,1,카페테리아,약 고추장 돌솥비빔밥
2023-06-26,4,6,Summer,0,0,0,카페테리아,약 고추장 돌솥비빔밥
2023-06-27,8,6,Summer,0,0,0,카페테리아,약 고추장 돌솥비빔밥
2023-06-28,7,6,Summer,0,0,0,카페테리아,약 고추장 돌솥비빔밥
2023-06-29,8,6,Summer,0,0,0,카페테리아,약 고추장 돌솥비빔밥
2023-06-30,1,6,Summer,0,0,0,카페테리아,약 고추장 돌솥비빔밥
2023-07-01,24,7,Summer,1,0,1,카페테리아,약 고추장 돌솥비빔밥
2023-07-02,14,7,Summer,1,0,1,카페테리아,약 고추장 돌솥비빔밥
2023-07-03,6,7,Summer,0,0,0,카페테리아,약 고추장 돌솥비빔밥
2023-07-04,8,7,Summer,0,0,0,카페테리아,약 고추장 돌솥비빔밥
2023-07-05,6,7,Summer,0,0,0,카페테리아,약 고추장 돌솥비빔밥
2023-07-06,3,7,Summer,0,0,0,카페테리아,약 고추장 돌솥비빔밥
2023-07-07,20,7,Summer,0,0,0,카페테리아,약 고추장 돌솥비빔밥
2023-07-08,12,7,Summer,1,0,1,카페테리아,약 고추장 돌솥비빔밥
2023-07-09,15,7,Summer,1,0,1,카페테리아,약 고추장 돌솥비빔밥
2023-07-10,4,7,Summer,0,0,0,카페테리아,약 고추장 돌솥비빔밥
2023-07-11,4,7,Summer,0,0,0,카페테리아,약 고추장 돌솥비빔밥
2023-07-12,5,7,Summer,0,0,0,카페테리아,약 고추장 돌솥비빔밥
2023-07-13,1,7,Summer,0,0,0,카페테리아,약 고추장 돌솥비빔밥
2023-07-14,4,7,Summer,0,0,0,카페테리아,약 고추장 돌솥비빔밥
2023-07-15,11,7,Summer,1,0,1,카페테리아,약 고추장 돌솥비빔밥
2023-07-16,7,7,Summer,1,0,1,카페테리아,약 고추장 돌솥비빔밥
2023-07-17,5,7,Summer,0,0,0,카페테리아,약 고추장 돌솥비빔밥
2023-07-18,5,7,Summer,0,0,0,카페테리아,약 고추장 돌솥비빔밥
2023-07-19,8,7,Summer,0,0,0,카페테리아,약 고추장 돌솥비빔밥
2023-07-20,7,7,Summer,0,0,0,카페테리아,약 고추장 돌솥비빔밥
2023-07-21,11,7,Summer,0,0,0,카페테리아,약 고추장 돌솥비빔밥
2023-07-22,20,7,Summer,1,0,1,카페테리아,약 고추장 돌솥비빔밥
2023-07-23,10,7,Summer,1,0,1,카페테리아,약 고추장 돌솥비빔밥
2023-07-24,39,7,Summer,0,0,0,카페테리아,약 고추장 돌솥비빔밥
2023-07-25,20,7,Summer,0,0,0,카페테리아,약 고추장 돌솥비빔밥
2023-07-26,7,7,Summer,0,0,0,카페테리아,약 고추장 돌솥비빔밥
2023-07-27,18,7,Summer,0,0,0,카페테리아,약 고추장 돌솥비빔밥
2023-07-28,12,7,Summer,0,0,0,카페테리아,약 고추장 돌솥비빔밥
2023-07-29,37,7,Summer,1,0,1,카페테리아,약 고추장 돌솥비빔밥
2023-07-30,16,7,Summer,1,0,1,카페테리아,약 고추장 돌솥비빔밥
2023-07-31,54,7,Summer,0,0,0,카페테리아,약 고추장 돌솥비빔밥
2023-08-01,14,8,Summer,0,0,0,카페테리아,약 고추장 돌솥비빔밥
2023-08-02,26,8,Summer,0,0,0,카페테리아,약 고추장 돌솥비빔밥
2023-08-03,15,8,Summer,0,0,0,카페테리아,약 고추장 돌솥비빔밥
2023-08-04,15,8,Summer,0,0,0,카페테리아,약 고추장 돌솥비빔밥
2023-08-05,24,8,Summer,1,0,1,카페테리아,약 고추장 돌솥비빔밥
2023-08-06,18,8,Summer,1,0,1,카페테리아,약 고추장 돌솥비빔밥
2023-08-07,15,8,Summer,0,0,0,카페테리아,약 고추장 돌솥비빔밥
2023-08-08,25,8,Summer,0,0,0,카페테리아,약 고추장 돌솥비빔밥
2023-08-09,10,8,Summer,0,0,0,카페테리아,약 고추장 돌솥비빔밥
2023-08-10,11,8,Summer,0,0,0,카페테리아,약 고추장 돌솥비빔밥
2023-08-11,11,8,Summer,0,0,0,카페테리아,약 고추장 돌솥비빔밥
2023-08-12,17,8,Summer,1,0,1,카페테리아,약 고추장 돌솥비빔밥
2023-08-13,18,8,Summer,1,0,1,카페테리아,약 고추장 돌솥비빔밥
2023-08-14,25,8,Summer,0,0,0,카페테리아,약 고추장 돌솥비빔밥
2023-08-15,20,8,Summer,0,1,1,카페테리아,약 고추장 돌솥비빔밥
2023-08-16,22,8,Summer,0,0,0,카페테리아,약 고추장 돌솥비빔밥
2023-08-17,13,8,Summer,0,0,0,카페테리아,약 고추장 돌솥비빔밥
2023-08-18,18,8,Summer,0,0,0,카페테리아,약 고추장 돌솥비빔밥
2023-08-19,16,8,Summer,1,0,1,카페테리아,약 고추장 돌솥비빔밥
2023-08-20,13,8,Summer,1,0,1,카페테리아,약 고추장 돌솥비빔밥
2023-08-21,6,8,Summer,0,0,0,카페테리아,약 고추장 돌솥비빔밥
2023-08-22,6,8,Summer,0,0,0,카페테리아,약 고추장 돌솥비빔밥
2023-08-23,15,8,Summer,0,0,0,카페테리아,약 고추장 돌솥비빔밥
2023-08-24,3,8,Summer,0,0,0,카페테리아,약 고추장 돌솥비빔밥
2023-08-25,13,8,Summer,0,0,0,카페테리아,약 고추장 돌솥비빔밥
2023-08-26,14,8,Summer,1,0,1,카페테리아,약 고추장 돌솥비빔밥
2023-08-27,24,8,Summer,1,0,1,카페테리아,약 고추장 돌솥비빔밥
2023-08-28,2,8,Summer,0,0,0,카페테리아,약 고추장 돌솥비빔밥
2023-08-29,9,8,Summer,0,0,0,카페테리아,약 고추장 돌솥비빔밥
2023-08-30,11,8,Summer,0,0,0,카페테리아,약 고추장 돌솥비빔밥
2023-08-31,10,8,Summer,0,0,0,카페테리아,약 고추장 돌솥비빔밥
2023-09-01,12,9,Autumn,0,0,0,카페테리아,약 고추장 돌솥비빔밥
2023-09-02,15,9,Autumn,1,0,1,카페테리아,약 고추장 돌솥비빔밥
2023-09-03,28,9,Autumn,1,0,1,카페테리아,약 고추장 돌솥비빔밥
2023-09-04,3,9,Autumn,0,0,0,카페테리아,약 고추장 돌솥비빔밥
2023-09-05,9,9,Autumn,0,0,0,카페테리아,약 고추장 돌솥비빔밥
2023-09-06,6,9,Autumn,0,0,0,카페테리아,약 고추장 돌솥비빔밥
2023-09-07,3,9,Autumn,0,0,0,카페테리아,약 고추장 돌솥비빔밥
2023-09-08,6,9,Autumn,0,0,0,카페테리아,약 고추장 돌솥비빔밥
2023-09-09,31,9,Autumn,1,0,1,카페테리아,약 고추장 돌솥비빔밥
2023-09-10,12,9,Autumn,1,0,1,카페테리아,약 고추장 돌솥비빔밥
2023-09-11,7,9,Autumn,0,0,0,카페테리아,약 고추장 돌솥비빔밥
2023-09-12,5,9,Autumn,0,0,0,카페테리아,약 고추장 돌솥비빔밥
2023-09-13,6,9,Autumn,0,0,0,카페테리아,약 고추장 돌솥비빔밥
2023-09-14,12,9,Autumn,0,0,0,카페테리아,약 고추장 돌솥비빔밥
2023-09-15,10,9,Autumn,0,0,0,카페테리아,약 고추장 돌솥비빔밥
2023-09-16,16,9,Autumn,1,0,1,카페테리아,약 고추장 돌솥비빔밥
2023-09-17,29,9,Autumn,1,0,1,카페테리아,약 고추장 돌솥비빔밥
2023-09-18,1,9,Autumn,0,0,0,카페테리아,약 고추장 돌솥비빔밥
2023-09-19,5,9,Autumn,0,0,0,카페테리아,약 고추장 돌솥비빔밥
2023-09-20,3,9,Autumn,0,0,0,카페테리아,약 고추장 돌솥비빔밥
2023-09-21,15,9,Autumn,0,0,0,카페테리아,약 고추장 돌솥비빔밥
2023-09-22,23,9,Autumn,0,0,0,카페테리아,약 고추장 돌솥비빔밥
2023-09-23,42,9,Autumn,1,0,1,카페테리아,약 고추장 돌솥비빔밥
2023-09-24,13,9,Autumn,1,0,1,카페테리아,약 고추장 돌솥비빔밥
2023-09-25,4,9,Autumn,0,0,0,카페테리아,약 고추장 돌솥비빔밥
2023-09-26,12,9,Autumn,0,0,0,카페테리아,약 고추장 돌솥비빔밥
2023-09-27,9,9,Autumn,0,0,0,카페테리아,약 고추장 돌솥비빔밥
2023-09-28,37,9,Autumn,0,1,1,카페테리아,약 고추장 돌솥비빔밥
2023-09-29,63,9,Autumn,0,1,1,카페테리아,약 고추장 돌솥비빔밥
2023-09-30,30,9,Autumn,1,1,1,카페테리아,약 고추장 돌솥비빔밥
2023-10-01,44,10,Autumn,1,0,1,카페테리아,약 고추장 돌솥비빔밥
2023-10-02,55,10,Autumn,0,1,1,카페테리아,약 고추장 돌솥비빔밥
2023-10-03,24,10,Autumn,0,1,1,카페테리아,약 고추장 돌솥비빔밥
2023-10-04,11,10,Autumn,0,0,0,카페테리아,약 고추장 돌솥비빔밥
2023-10-05,11,10,Autumn,0,0,0,카페테리아,약 고추장 돌솥비빔밥
2023-10-06,17,10,Autumn,0,0,0,카페테리아,약 고추장 돌솥비빔밥
2023-10-07,44,10,Autumn,1,0,1,카페테리아,약 고추장 돌솥비빔밥
2023-10-08,48,10,Autumn,1,0,1,카페테리아,약 고추장 돌솥비빔밥
2023-10-09,37,10,Autumn,0,1,1,카페테리아,약 고추장 돌솥비빔밥
2023-10-10,22,10,Autumn,0,0,0,카페테리아,약 고추장 돌솥비빔밥
2023-10-11,16,10,Autumn,0,0,0,카페테리아,약 고추장 돌솥비빔밥
2023-10-12,10,10,Autumn,0,0,0,카페테리아,약 고추장 돌솥비빔밥
2023-10-13,33,10,Autumn,0,0,0,카페테리아,약 고추장 돌솥비빔밥
2023-10-14,21,10,Autumn,1,0,1,카페테리아,약 고추장 돌솥비빔밥
2023-10-15,55,10,Autumn,1,0,1,카페테리아,약 고추장 돌솥비빔밥
2023-10-16,19,10,Autumn,0,0,0,카페테리아,약 고추장 돌솥비빔밥
2023-10-17,38,10,Autumn,0,0,0,카페테리아,약 고추장 돌솥비빔밥
2023-10-18,50,10,Autumn,0,0,0,카페테리아,약 고추장 돌솥비빔밥
2023-10-19,28,10,Autumn,0,0,0,카페테리아,약 고추장 돌솥비빔밥
2023-10-20,40,10,Autumn,0,0,0,카페테리아,약 고추장 돌솥비빔밥
2023-10-21,38,10,Autumn,1,0,1,카페테리아,약 고추장 돌솥비빔밥
2023-10-22,54,10,Autumn,1,0,1,카페테리아,약 고추장 돌솥비빔밥
2023-10-23,44,10,Autumn,0,0,0,카페테리아,약 고추장 돌솥비빔밥
2023-10-24,34,10,Autumn,0,0,0,카페테리아,약 고추장 돌솥비빔밥
2023-10-25,58,10,Autumn,0,0,0,카페테리아,약 고추장 돌솥비빔밥
2023-10-26,32,10,Autumn,0,0,0,카페테리아,약 고추장 돌솥비빔밥
2023-10-27,28,10,Autumn,0,0,0,카페테리아,약 고추장 돌솥비빔밥
2023-10-28,33,10,Autumn,1,0,1,카페테리아,약 고추장 돌솥비빔밥
2023-10-29,39,10,Autumn,1,0,1,카페테리아,약 고추장 돌솥비빔밥
2023-10-30,41,10,Autumn,0,0,0,카페테리아,약 고추장 돌솥비빔밥
2023-10-31,28,10,Autumn,0,0,0,카페테리아,약 고추장 돌솥비빔밥
2023-11-01,45,11,Autumn,0,0,0,카페테리아,약 고추장 돌솥비빔밥
2023-11-02,54,11,Autumn,0,0,0,카페테리아,약 고추장 돌솥비빔밥
2023-11-03,20,11,Autumn,0,0,0,카페테리아,약 고추장 돌솥비빔밥
2023-11-04,35,11,Autumn,1,0,1,카페테리아,약 고추장 돌솥비빔밥
2023-11-05,29,11,Autumn,1,0,1,카페테리아,약 고추장 돌솥비빔밥
2023-11-06,29,11,Autumn,0,0,0,카페테리아,약 고추장 돌솥비빔밥
2023-11-07,32,11,Autumn,0,0,0,카페테리아,약 고추장 돌솥비빔밥
2023-11-08,33,11,Autumn,0,0,0,카페테리아,약 고추장 돌솥비빔밥
2023-11-09,14,11,Autumn,0,0,0,카페테리아,약 고추장 돌솥비빔밥
2023-11-10,30,11,Autumn,0,0,0,카페테리아,약 고추장 돌솥비빔밥
2023-11-11,35,11,Autumn,1,0,1,카페테리아,약 고추장 돌솥비빔밥
2023-11-12,25,11,Autumn,1,0,1,카페테리아,약 고추장 돌솥비빔밥
2023-11-13,34,11,Autumn,0,0,0,카페테리아,약 고추장 돌솥비빔밥
2023-11-14,22,11,Autumn,0,0,0,카페테리아,약 고추장 돌솥비빔밥
2023-11-15,7,11,Autumn,0,0,0,카페테리아,약 고추장 돌솥비빔밥
2023-11-16,13,11,Autumn,0,0,0,카페테리아,약 고추장 돌솥비빔밥
2023-11-17,9,11,Autumn,0,0,0,카페테리아,약 고추장 돌솥비빔밥
2023-11-18,11,11,Autumn,1,0,1,카페테리아,약 고추장 돌솥비빔밥
2023-11-19,8,11,Autumn,1,0,1,카페테리아,약 고추장 돌솥비빔밥
2023-11-20,16,11,Autumn,0,0,0,카페테리아,약 고추장 돌솥비빔밥
2023-11-21,7,11,Autumn,0,0,0,카페테리아,약 고추장 돌솥비빔밥
2023-11-22,7,11,Autumn,0,0,0,카페테리아,약 고추장 돌솥비빔밥
2023-11-23,7,11,Autumn,0,0,0,카페테리아,약 고추장 돌솥비빔밥
2023-11-24,15,11,Autumn,0,0,0,카페테리아,약 고추장 돌솥비빔밥
2023-11-25,28,11,Autumn,1,0,1,카페테리아,약 고추장 돌솥비빔밥
2023-11-26,11,11,Autumn,1,0,1,카페테리아,약 고추장 돌솥비빔밥
2023-11-27,13,11,Autumn,0,0,0,카페테리아,약 고추장 돌솥비빔밥
2023-11-28,3,11,Autumn,0,0,0,카페테리아,약 고추장 돌솥비빔밥
2023-11-29,5,11,Autumn,0,0,0,카페테리아,약 고추장 돌솥비빔밥
2023-11-30,7,11,Autumn,0,0,0,카페테리아,약 고추장 돌솥비빔밥
2023-12-01,1,12,Winter,0,0,0,카페테리아,약 고추장 돌솥비빔밥
2023-12-02,6,12,Winter,1,0,1,카페테리아,약 고추장 돌솥비빔밥
2023-12-03,11,12,Winter,1,0,1,카페테리아,약 고추장 돌솥비빔밥
2023-12-04,7,12,Winter,0,0,0,카페테리아,약 고추장 돌솥비빔밥
2023-12-05,2,12,Winter,0,0,0,카페테리아,약 고추장 돌솥비빔밥
2023-12-06,8,12,Winter,0,0,0,카페테리아,약 고추장 돌솥비빔밥
2023-12-07,16,12,Winter,0,0,0,카페테리아,약 고추장 돌솥비빔밥
2023-12-08,33,12,Winter,0,0,0,카페테리아,약 고추장 돌솥비빔밥
2023-12-09,59,12,Winter,1,0,1,카페테리아,약 고추장 돌솥비빔밥
2023-12-10,57,12,Winter,1,0,1,카페테리아,약 고추장 돌솥비빔밥
2023-12-11,17,12,Winter,0,0,0,카페테리아,약 고추장 돌솥비빔밥
2023-12-12,11,12,Winter,0,0,0,카페테리아,약 고추장 돌솥비빔밥
2023-12-13,18,12,Winter,0,0,0,카페테리아,약 고추장 돌솥비빔밥
2023-12-14,7,12,Winter,0,0,0,카페테리아,약 고추장 돌솥비빔밥
2023-12-15,7,12,Winter,0,0,0,카페테리아,약 고추장 돌솥비빔밥
2023-12-16,28,12,Winter,1,0,1,카페테리아,약 고추장 돌솥비빔밥
2023-12-17,23,12,Winter,1,0,1,카페테리아,약 고추장 돌솥비빔밥
2023-12-18,56,12,Winter,0,0,0,카페테리아,약 고추장 돌솥비빔밥
2023-12-19,51,12,Winter,0,0,0,카페테리아,약 고추장 돌솥비빔밥
2023-12-20,54,12,Winter,0,0,0,카페테리아,약 고추장 돌솥비빔밥
2023-12-21,56,12,Winter,0,0,0,카페테리아,약 고추장 돌솥비빔밥
2023-12-22,59,12,Winter,0,0,0,카페테리아,약 고추장 돌솥비빔밥
2023-12-23,87,12,Winter,1,0,1,카페테리아,약 고추장 돌솥비빔밥
2023-12-24,92,12,Winter,1,0,1,카페테리아,약 고추장 돌솥비빔밥
2023-12-25,80,12,Winter,0,1,1,카페테리아,약 고추장 돌솥비빔밥
2023-12-26,101,12,Winter,0,0,0,카페테리아,약 고추장 돌솥비빔밥
2023-12-27,105,12,Winter,0,0,0,카페테리아,약 고추장 돌솥비빔밥
2023-12-28,86,12,Winter,0,0,0,카페테리아,약 고추장 돌솥비빔밥
2023-12-29,85,12,Winter,0,0,0,카페테리아,약 고추장 돌솥비빔밥
2023-12-30,105,12,Winter,1,0,1,카페테리아,약 고추장 돌솥비빔밥
2023-12-31,80,12,Winter,1,0,1,카페테리아,약 고추장 돌솥비빔밥
2024-01-01,87,1,Winter,0,1,1,카페테리아,약 고추장 돌솥비빔밥
2024-01-02,81,1,Winter,0,0,0,카페테리아,약 고추장 돌솥비빔밥
2024-01-03,46,1,Winter,0,0,0,카페테리아,약 고추장 돌솥비빔밥
2024-01-04,66,1,Winter,0,0,0,카페테리아,약 고추장 돌솥비빔밥
2024-01-05,54,1,Winter,0,0,0,카페테리아,약 고추장 돌솥비빔밥
2024-01-06,105,1,Winter,1,0,1,카페테리아,약 고추장 돌솥비빔밥
2024-01-07,79,1,Winter,1,0,1,카페테리아,약 고추장 돌솥비빔밥
2024-01-08,77,1,Winter,0,0,0,카페테리아,약 고추장 돌솥비빔밥
2024-01-09,74,1,Winter,0,0,0,카페테리아,약 고추장 돌솥비빔밥
2024-01-10,80,1,Winter,0,0,0,카페테리아,약 고추장 돌솥비빔밥
2024-01-11,71,1,Winter,0,0,0,카페테리아,약 고추장 돌솥비빔밥
2024-01-12,89,1,Winter,0,0,0,카페테리아,약 고추장 돌솥비빔밥
2024-01-13,154,1,Winter,1,0,1,카페테리아,약 고추장 돌솥비빔밥
2024-01-14,96,1,Winter,1,0,1,카페테리아,약 고추장 돌솥비빔밥
2024-01-15,88,1,Winter,0,0,0,카페테리아,약 고추장 돌솥비빔밥
2024-01-16,74,1,Winter,0,0,0,카페테리아,약 고추장 돌솥비빔밥
2024-01-17,90,1,Winter,0,0,0,카페테리아,약 고추장 돌솥비빔밥
2024-01-18,70,1,Winter,0,0,0,카페테리아,약 고추장 돌솥비빔밥
2024-01-19,83,1,Winter,0,0,0,카페테리아,약 고추장 돌솥비빔밥
2024-01-20,111,1,Winter,1,0,1,카페테리아,약 고추장 돌솥비빔밥
2024-01-21,100,1,Winter,1,0,1,카페테리아,약 고추장 돌솥비빔밥
2024-01-22,64,1,Winter,0,0,0,카페테리아,약 고추장 돌솥비빔밥
2024-01-23,56,1,Winter,0,0,0,카페테리아,약 고추장 돌솥비빔밥
2024-01-24,69,1,Winter,0,0,0,카페테리아,약 고추장 돌솥비빔밥
2024-01-25,71,1,Winter,0,0,0,카페테리아,약 고추장 돌솥비빔밥
2024-01-26,67,1,Winter,0,0,0,카페테리아,약 고추장 돌솥비빔밥
2024-01-27,114,1,Winter,1,0,1,카페테리아,약 고추장 돌솥비빔밥
2024-01-28,105,1,Winter,1,0,1,카페테리아,약 고추장 돌솥비빔밥
2024-01-29,90,1,Winter,0,0,0,카페테리아,약 고추장 돌솥비빔밥
2024-01-30,9,1,Winter,0,0,0,카페테리아,약 고추장 돌솥비빔밥
2024-01-31,64,1,Winter,0,0,0,카페테리아,약 고추장 돌솥비빔밥
2024-02-01,61,2,Winter,0,0,0,카페테리아,약 고추장 돌솥비빔밥
2024-02-02,80,2,Winter,0,0,0,카페테리아,약 고추장 돌솥비빔밥
2024-02-03,98,2,Winter,1,0,1,카페테리아,약 고추장 돌솥비빔밥
2024-02-04,84,2,Winter,1,0,1,카페테리아,약 고추장 돌솥비빔밥
2024-02-05,36,2,Winter,0,0,0,카페테리아,약 고추장 돌솥비빔밥
2024-02-06,62,2,Winter,0,0,0,카페테리아,약 고추장 돌솥비빔밥
2024-02-07,47,2,Winter,0,0,0,카페테리아,약 고추장 돌솥비빔밥
2024-02-08,73,2,Winter,0,0,0,카페테리아,약 고추장 돌솥비빔밥
2024-02-09,77,2,Winter,0,1,1,카페테리아,약 고추장 돌솥비빔밥
2024-02-10,75,2,Winter,1,1,1,카페테리아,약 고추장 돌솥비빔밥
2024-02-11,101,2,Winter,1,1,1,카페테리아,약 고추장 돌솥비빔밥
2024-02-12,74,2,Winter,0,1,1,카페테리아,약 고추장 돌솥비빔밥
2024-02-13,46,2,Winter,0,0,0,카페테리아,약 고추장 돌솥비빔밥
2024-02-14,32,2,Winter,0,0,0,카페테리아,약 고추장 돌솥비빔밥
2024-02-15,28,2,Winter,0,0,0,카페테리아,약 고추장 돌솥비빔밥
2024-02-16,53,2,Winter,0,0,0,카페테리아,약 고추장 돌솥비빔밥
2024-02-17,82,2,Winter,1,0,1,카페테리아,약 고추장 돌솥비빔밥
2024-02-18,49,2,Winter,1,0,1,카페테리아,약 고추장 돌솥비빔밥
2024-02-19,15,2,Winter,0,0,0,카페테리아,약 고추장 돌솥비빔밥
2024-02-20,24,2,Winter,0,0,0,카페테리아,약 고추장 돌솥비빔밥
2024-02-21,13,2,Winter,0,0,0,카페테리아,약 고추장 돌솥비빔밥
2024-02-22,47,2,Winter,0,0,0,카페테리아,약 고추장 돌솥비빔밥
2024-02-23,52,2,Winter,0,0,0,카페테리아,약 고추장 돌솥비빔밥
2024-02-24,64,2,Winter,1,0,1,카페테리아,약 고추장 돌솥비빔밥
2024-02-25,64,2,Winter,1,0,1,카페테리아,약 고추장 돌솥비빔밥
2024-02-26,36,2,Winter,0,0,0,카페테리아,약 고추장 돌솥비빔밥
2024-02-27,6,2,Winter,0,0,0,카페테리아,약 고추장 돌솥비빔밥
2024-02-28,26,2,Winter,0,0,0,카페테리아,약 고추장 돌솥비빔밥
2024-02-29,33,2,Winter,0,0,0,카페테리아,약 고추장 돌솥비빔밥
2024-03-01,41,3,Spring,0,1,1,카페테리아,약 고추장 돌솥비빔밥
2024-03-02,27,3,Spring,1,0,1,카페테리아,약 고추장 돌솥비빔밥
2024-03-03,12,3,Spring,1,0,1,카페테리아,약 고추장 돌솥비빔밥
2024-03-04,0,3,Spring,0,0,0,카페테리아,약 고추장 돌솥비빔밥
2024-03-05,0,3,Spring,0,0,0,카페테리아,약 고추장 돌솥비빔밥
2024-03-06,0,3,Spring,0,0,0,카페테리아,약 고추장 돌솥비빔밥
2024-03-07,0,3,Spring,0,0,0,카페테리아,약 고추장 돌솥비빔밥
2024-03-08,0,3,Spring,0,0,0,카페테리아,약 고추장 돌솥비빔밥
2024-03-09,0,3,Spring,1,0,1,카페테리아,약 고추장 돌솥비빔밥
2024-03-10,0,3,Spring,1,0,1,카페테리아,약 고추장 돌솥비빔밥
2024-03-11,0,3,Spring,0,0,0,카페테리아,약 고추장 돌솥비빔밥
2024-03-12,0,3,Spring,0,0,0,카페테리아,약 고추장 돌솥비빔밥
2024-03-13,0,3,Spring,0,0,0,카페테리아,약 고추장 돌솥비빔밥
2024-03-14,6,3,Spring,0,0,0,카페테리아,약 고추장 돌솥비빔밥
2024-03-15,3,3,Spring,0,0,0,카페테리아,약 고추장 돌솥비빔밥
2024-03-16,12,3,Spring,1,0,1,카페테리아,약 고추장 돌솥비빔밥
2024-03-17,6,3,Spring,1,0,1,카페테리아,약 고추장 돌솥비빔밥
2024-03-18,2,3,Spring,0,0,0,카페테리아,약 고추장 돌솥비빔밥
2024-03-19,2,3,Spring,0,0,0,카페테리아,약 고추장 돌솥비빔밥
2024-03-20,3,3,Spring,0,0,0,카페테리아,약 고추장 돌솥비빔밥
2024-03-21,4,3,Spring,0,0,0,카페테리아,약 고추장 돌솥비빔밥
2024-03-22,5,3,Spring,0,0,0,카페테리아,약 고추장 돌솥비빔밥
2024-03-23,13,3,Spring,1,0,1,카페테리아,약 고추장 돌솥비빔밥
2024-03-24,8,3,Spring,1,0,1,카페테리아,약 고추장 돌솥비빔밥
2024-03-25,2,3,Spring,0,0,0,카페테리아,약 고추장 돌솥비빔밥
2024-03-26,0,3,Spring,0,0,0,카페테리아,약 고추장 돌솥비빔밥
2024-03-27,3,3,Spring,0,0,0,카페테리아,약 고추장 돌솥비빔밥
2024-03-28,1,3,Spring,0,0,0,카페테리아,약 고추장 돌솥비빔밥
2024-03-29,12,3,Spring,0,0,0,카페테리아,약 고추장 돌솥비빔밥
2024-03-30,21,3,Spring,1,0,1,카페테리아,약 고추장 돌솥비빔밥
2024-03-31,15,3,Spring,1,0,1,카페테리아,약 고추장 돌솥비빔밥
2024-04-01,0,4,Spring,0,0,0,카페테리아,약 고추장 돌솥비빔밥
2024-04-02,18,4,Spring,0,0,0,카페테리아,약 고추장 돌솥비빔밥
2024-04-03,12,4,Spring,0,0,0,카페테리아,약 고추장 돌솥비빔밥
2024-04-04,26,4,Spring,0,0,0,카페테리아,약 고추장 돌솥비빔밥
2024-04-05,17,4,Spring,0,0,0,카페테리아,약 고추장 돌솥비빔밥
2024-04-06,41,4,Spring,1,0,1,카페테리아,약 고추장 돌솥비빔밥
2024-04-07,37,4,Spring,1,0,1,카페테리아,약 고추장 돌솥비빔밥
2024-04-08,4,4,Spring,0,0,0,카페테리아,약 고추장 돌솥비빔밥
2024-04-09,37,4,Spring,0,0,0,카페테리아,약 고추장 돌솥비빔밥
2024-04-10,34,4,Spring,0,1,1,카페테리아,약 고추장 돌솥비빔밥
2024-04-11,42,4,Spring,0,0,0,카페테리아,약 고추장 돌솥비빔밥
2024-04-12,33,4,Spring,0,0,0,카페테리아,약 고추장 돌솥비빔밥
2024-04-13,44,4,Spring,1,0,1,카페테리아,약 고추장 돌솥비빔밥
2024-04-14,20,4,Spring,1,0,1,카페테리아,약 고추장 돌솥비빔밥
2024-04-15,11,4,Spring,0,0,0,카페테리아,약 고추장 돌솥비빔밥
2024-04-16,26,4,Spring,0,0,0,카페테리아,약 고추장 돌솥비빔밥
2024-04-17,24,4,Spring,0,0,0,카페테리아,약 고추장 돌솥비빔밥
2024-04-18,33,4,Spring,0,0,0,카페테리아,약 고추장 돌솥비빔밥
2024-04-19,22,4,Spring,0,0,0,카페테리아,약 고추장 돌솥비빔밥
2024-04-20,31,4,Spring,1,0,1,카페테리아,약 고추장 돌솥비빔밥
2024-04-21,53,4,Spring,1,0,1,카페테리아,약 고추장 돌솥비빔밥
2024-04-22,15,4,Spring,0,0,0,카페테리아,약 고추장 돌솥비빔밥
2024-04-23,32,4,Spring,0,0,0,카페테리아,약 고추장 돌솥비빔밥
2024-04-24,10,4,Spring,0,0,0,카페테리아,약 고추장 돌솥비빔밥
2024-04-25,30,4,Spring,0,0,0,카페테리아,약 고추장 돌솥비빔밥
2024-04-26,26,4,Spring,0,0,0,카페테리아,약 고추장 돌솥비빔밥
2024-04-27,49,4,Spring,1,0,1,카페테리아,약 고추장 돌솥비빔밥
2024-04-28,57,4,Spring,1,0,1,카페테리아,약 고추장 돌솥비빔밥
2024-04-29,8,4,Spring,0,0,0,카페테리아,약 고추장 돌솥비빔밥
2024-04-30,12,4,Spring,0,0,0,카페테리아,약 고추장 돌솥비빔밥
2024-05-01,4,5,Spring,0,0,0,카페테리아,약 고추장 돌솥비빔밥
2024-05-02,5,5,Spring,0,0,0,카페테리아,약 고추장 돌솥비빔밥
2024-05-03,12,5,Spring,0,0,0,카페테리아,약 고추장 돌솥비빔밥
2024-05-04,49,5,Spring,1,0,1,카페테리아,약 고추장 돌솥비빔밥
2024-05-05,5,5,Spring,1,1,1,카페테리아,약 고추장 돌솥비빔밥
2024-05-06,6,5,Spring,0,1,1,카페테리아,약 고추장 돌솥비빔밥
2024-05-07,7,5,Spring,0,0,0,카페테리아,약 고추장 돌솥비빔밥
2024-05-08,3,5,Spring,0,0,0,카페테리아,약 고추장 돌솥비빔밥
2024-05-09,18,5,Spring,0,0,0,카페테리아,약 고추장 돌솥비빔밥
2024-05-10,10,5,Spring,0,0,0,카페테리아,약 고추장 돌솥비빔밥
2024-05-11,19,5,Spring,1,0,1,카페테리아,약 고추장 돌솥비빔밥
2024-05-12,26,5,Spring,1,0,1,카페테리아,약 고추장 돌솥비빔밥
2024-05-13,1,5,Spring,0,0,0,카페테리아,약 고추장 돌솥비빔밥
2024-05-14,24,5,Spring,0,0,0,카페테리아,약 고추장 돌솥비빔밥
2024-05-15,42,5,Spring,0,1,1,카페테리아,약 고추장 돌솥비빔밥
2024-05-16,17,5,Spring,0,0,0,카페테리아,약 고추장 돌솥비빔밥
2024-05-17,14,5,Spring,0,0,0,카페테리아,약 고추장 돌솥비빔밥
2024-05-18,29,5,Spring,1,0,1,카페테리아,약 고추장 돌솥비빔밥
2024-05-19,32,5,Spring,1,0,1,카페테리아,약 고추장 돌솥비빔밥
2024-05-20,19,5,Spring,0,0,0,카페테리아,약 고추장 돌솥비빔밥
2024-05-21,4,5,Spring,0,0,0,카페테리아,약 고추장 돌솥비빔밥
2024-05-22,7,5,Spring,0,0,0,카페테리아,약 고추장 돌솥비빔밥
2024-05-23,9,5,Spring,0,0,0,카페테리아,약 고추장 돌솥비빔밥
2024-05-24,10,5,Spring,0,0,0,카페테리아,약 고추장 돌솥비빔밥
2024-05-25,38,5,Spring,1,0,1,카페테리아,약 고추장 돌솥비빔밥
2024-05-26,13,5,Spring,1,0,1,카페테리아,약 고추장 돌솥비빔밥
2024-05-27,4,5,Spring,0,0,0,카페테리아,약 고추장 돌솥비빔밥
2024-05-28,6,5,Spring,0,0,0,카페테리아,약 고추장 돌솥비빔밥
2024-05-29,10,5,Spring,0,0,0,카페테리아,약 고추장 돌솥비빔밥
2024-05-30,3,5,Spring,0,0,0,카페테리아,약 고추장 돌솥비빔밥
2024-05-31,19,5,Spring,0,0,0,카페테리아,약 고추장 돌솥비빔밥
2024-06-01,26,6,Summer,1,0,1,카페테리아,약 고추장 돌솥비빔밥
2024-06-02,9,6,Summer,1,0,1,카페테리아,약 고추장 돌솥비빔밥
2024-06-03,9,6,Summer,0,0,0,카페테리아,약 고추장 돌솥비빔밥
2024-06-04,8,6,Summer,0,0,0,카페테리아,약 고추장 돌솥비빔밥
2024-06-05,18,6,Summer,0,0,0,카페테리아,약 고추장 돌솥비빔밥
2024-06-06,47,6,Summer,0,1,1,카페테리아,약 고추장 돌솥비빔밥
2024-06-07,42,6,Summer,0,0,0,카페테리아,약 고추장 돌솥비빔밥
2024-06-08,13,6,Summer,1,0,1,카페테리아,약 고추장 돌솥비빔밥
2024-06-09,16,6,Summer,1,0,1,카페테리아,약 고추장 돌솥비빔밥
2024-06-10,3,6,Summer,0,0,0,카페테리아,약 고추장 돌솥비빔밥
2024-06-11,4,6,Summer,0,0,0,카페테리아,약 고추장 돌솥비빔밥
2024-06-12,3,6,Summer,0,0,0,카페테리아,약 고추장 돌솥비빔밥
2024-06-13,9,6,Summer,0,0,0,카페테리아,약 고추장 돌솥비빔밥
2024-06-14,1,6,Summer,0,0,0,카페테리아,약 고추장 돌솥비빔밥
2024-06-15,27,6,Summer,1,0,1,카페테리아,약 고추장 돌솥비빔밥
2023-01-01,37,1,Winter,1,1,1,카페테리아,어린이 돈까스
2023-01-02,31,1,Winter,0,0,0,카페테리아,어린이 돈까스
2023-01-03,30,1,Winter,0,0,0,카페테리아,어린이 돈까스
2023-01-04,26,1,Winter,0,0,0,카페테리아,어린이 돈까스
2023-01-05,39,1,Winter,0,0,0,카페테리아,어린이 돈까스
2023-01-06,34,1,Winter,0,0,0,카페테리아,어린이 돈까스
2023-01-07,46,1,Winter,1,0,1,카페테리아,어린이 돈까스
2023-01-08,44,1,Winter,1,0,1,카페테리아,어린이 돈까스
2023-01-09,15,1,Winter,0,0,0,카페테리아,어린이 돈까스
2023-01-10,39,1,Winter,0,0,0,카페테리아,어린이 돈까스
2023-01-11,34,1,Winter,0,0,0,카페테리아,어린이 돈까스
2023-01-12,22,1,Winter,0,0,0,카페테리아,어린이 돈까스
2023-01-13,11,1,Winter,0,0,0,카페테리아,어린이 돈까스
2023-01-14,37,1,Winter,1,0,1,카페테리아,어린이 돈까스
2023-01-15,53,1,Winter,1,0,1,카페테리아,어린이 돈까스
2023-01-16,28,1,Winter,0,0,0,카페테리아,어린이 돈까스
2023-01-17,38,1,Winter,0,0,0,카페테리아,어린이 돈까스
2023-01-18,35,1,Winter,0,0,0,카페테리아,어린이 돈까스
2023-01-19,29,1,Winter,0,0,0,카페테리아,어린이 돈까스
2023-01-20,35,1,Winter,0,0,0,카페테리아,어린이 돈까스
2023-01-21,38,1,Winter,1,1,1,카페테리아,어린이 돈까스
2023-01-22,41,1,Winter,1,1,1,카페테리아,어린이 돈까스
2023-01-23,65,1,Winter,0,1,1,카페테리아,어린이 돈까스
2023-01-24,35,1,Winter,0,1,1,카페테리아,어린이 돈까스
2023-01-25,16,1,Winter,0,0,0,카페테리아,어린이 돈까스
2023-01-26,23,1,Winter,0,0,0,카페테리아,어린이 돈까스
2023-01-27,28,1,Winter,0,0,0,카페테리아,어린이 돈까스
2023-01-28,49,1,Winter,1,0,1,카페테리아,어린이 돈까스
2023-01-29,41,1,Winter,1,0,1,카페테리아,어린이 돈까스
2023-01-30,21,1,Winter,0,0,0,카페테리아,어린이 돈까스
2023-01-31,14,1,Winter,0,0,0,카페테리아,어린이 돈까스
2023-02-01,13,2,Winter,0,0,0,카페테리아,어린이 돈까스
2023-02-02,14,2,Winter,0,0,0,카페테리아,어린이 돈까스
2023-02-03,12,2,Winter,0,0,0,카페테리아,어린이 돈까스
2023-02-04,40,2,Winter,1,0,1,카페테리아,어린이 돈까스
2023-02-05,33,2,Winter,1,0,1,카페테리아,어린이 돈까스
2023-02-06,22,2,Winter,0,0,0,카페테리아,어린이 돈까스
2023-02-07,13,2,Winter,0,0,0,카페테리아,어린이 돈까스
2023-02-08,27,2,Winter,0,0,0,카페테리아,어린이 돈까스
2023-02-09,20,2,Winter,0,0,0,카페테리아,어린이 돈까스
2023-02-10,23,2,Winter,0,0,0,카페테리아,어린이 돈까스
2023-02-11,62,2,Winter,1,0,1,카페테리아,어린이 돈까스
2023-02-12,44,2,Winter,1,0,1,카페테리아,어린이 돈까스
2023-02-13,25,2,Winter,0,0,0,카페테리아,어린이 돈까스
2023-02-14,26,2,Winter,0,0,0,카페테리아,어린이 돈까스
2023-02-15,21,2,Winter,0,0,0,카페테리아,어린이 돈까스
2023-02-16,22,2,Winter,0,0,0,카페테리아,어린이 돈까스
2023-02-17,17,2,Winter,0,0,0,카페테리아,어린이 돈까스
2023-02-18,22,2,Winter,1,0,1,카페테리아,어린이 돈까스
2023-02-19,38,2,Winter,1,0,1,카페테리아,어린이 돈까스
2023-02-20,18,2,Winter,0,0,0,카페테리아,어린이 돈까스
2023-02-21,16,2,Winter,0,0,0,카페테리아,어린이 돈까스
2023-02-22,21,2,Winter,0,0,0,카페테리아,어린이 돈까스
2023-02-23,18,2,Winter,0,0,0,카페테리아,어린이 돈까스
2023-02-24,25,2,Winter,0,0,0,카페테리아,어린이 돈까스
2023-02-25,30,2,Winter,1,0,1,카페테리아,어린이 돈까스
2023-02-26,35,2,Winter,1,0,1,카페테리아,어린이 돈까스
2023-02-27,19,2,Winter,0,0,0,카페테리아,어린이 돈까스
2023-02-28,13,2,Winter,0,0,0,카페테리아,어린이 돈까스
2023-03-01,6,3,Spring,0,1,1,카페테리아,어린이 돈까스
2023-03-02,0,3,Spring,0,0,0,카페테리아,어린이 돈까스
2023-03-03,0,3,Spring,0,0,0,카페테리아,어린이 돈까스
2023-03-04,0,3,Spring,1,0,1,카페테리아,어린이 돈까스
2023-03-05,0,3,Spring,1,0,1,카페테리아,어린이 돈까스
2023-03-06,0,3,Spring,0,0,0,카페테리아,어린이 돈까스
2023-03-07,0,3,Spring,0,0,0,카페테리아,어린이 돈까스
2023-03-08,0,3,Spring,0,0,0,카페테리아,어린이 돈까스
2023-03-09,0,3,Spring,0,0,0,카페테리아,어린이 돈까스
2023-03-10,0,3,Spring,0,0,0,카페테리아,어린이 돈까스
2023-03-11,8,3,Spring,1,0,1,카페테리아,어린이 돈까스
2023-03-12,0,3,Spring,1,0,1,카페테리아,어린이 돈까스
2023-03-13,0,3,Spring,0,0,0,카페테리아,어린이 돈까스
2023-03-14,0,3,Spring,0,0,0,카페테리아,어린이 돈까스
2023-03-15,0,3,Spring,0,0,0,카페테리아,어린이 돈까스
2023-03-16,0,3,Spring,0,0,0,카페테리아,어린이 돈까스
2023-03-17,2,3,Spring,0,0,0,카페테리아,어린이 돈까스
2023-03-18,6,3,Spring,1,0,1,카페테리아,어린이 돈까스
2023-03-19,1,3,Spring,1,0,1,카페테리아,어린이 돈까스
2023-03-20,0,3,Spring,0,0,0,카페테리아,어린이 돈까스
2023-03-21,0,3,Spring,0,0,0,카페테리아,어린이 돈까스
2023-03-22,0,3,Spring,0,0,0,카페테리아,어린이 돈까스
2023-03-23,0,3,Spring,0,0,0,카페테리아,어린이 돈까스
2023-03-24,1,3,Spring,0,0,0,카페테리아,어린이 돈까스
2023-03-25,5,3,Spring,1,0,1,카페테리아,어린이 돈까스
2023-03-26,5,3,Spring,1,0,1,카페테리아,어린이 돈까스
2023-03-27,2,3,Spring,0,0,0,카페테리아,어린이 돈까스
2023-03-28,0,3,Spring,0,0,0,카페테리아,어린이 돈까스
2023-03-29,0,3,Spring,0,0,0,카페테리아,어린이 돈까스
2023-03-30,0,3,Spring,0,0,0,카페테리아,어린이 돈까스
2023-03-31,6,3,Spring,0,0,0,카페테리아,어린이 돈까스
2023-04-01,10,4,Spring,1,0,1,카페테리아,어린이 돈까스
2023-04-02,6,4,Spring,1,0,1,카페테리아,어린이 돈까스
2023-04-03,2,4,Spring,0,0,0,카페테리아,어린이 돈까스
2023-04-04,2,4,Spring,0,0,0,카페테리아,어린이 돈까스
2023-04-05,0,4,Spring,0,0,0,카페테리아,어린이 돈까스
2023-04-06,3,4,Spring,0,0,0,카페테리아,어린이 돈까스
2023-04-07,3,4,Spring,0,0,0,카페테리아,어린이 돈까스
2023-04-08,11,4,Spring,1,0,1,카페테리아,어린이 돈까스
2023-04-09,8,4,Spring,1,0,1,카페테리아,어린이 돈까스
2023-04-10,1,4,Spring,0,0,0,카페테리아,어린이 돈까스
2023-04-11,0,4,Spring,0,0,0,카페테리아,어린이 돈까스
2023-04-12,1,4,Spring,0,0,0,카페테리아,어린이 돈까스
2023-04-13,0,4,Spring,0,0,0,카페테리아,어린이 돈까스
2023-04-14,1,4,Spring,0,0,0,카페테리아,어린이 돈까스
2023-04-15,7,4,Spring,1,0,1,카페테리아,어린이 돈까스
2023-04-16,4,4,Spring,1,0,1,카페테리아,어린이 돈까스
2023-04-17,0,4,Spring,0,0,0,카페테리아,어린이 돈까스
2023-04-18,0,4,Spring,0,0,0,카페테리아,어린이 돈까스
2023-04-19,1,4,Spring,0,0,0,카페테리아,어린이 돈까스
2023-04-20,0,4,Spring,0,0,0,카페테리아,어린이 돈까스
2023-04-21,3,4,Spring,0,0,0,카페테리아,어린이 돈까스
2023-04-22,5,4,Spring,1,0,1,카페테리아,어린이 돈까스
2023-04-23,3,4,Spring,1,0,1,카페테리아,어린이 돈까스
2023-04-24,2,4,Spring,0,0,0,카페테리아,어린이 돈까스
2023-04-25,0,4,Spring,0,0,0,카페테리아,어린이 돈까스
2023-04-26,0,4,Spring,0,0,0,카페테리아,어린이 돈까스
2023-04-27,0,4,Spring,0,0,0,카페테리아,어린이 돈까스
2023-04-28,3,4,Spring,0,0,0,카페테리아,어린이 돈까스
2023-04-29,4,4,Spring,1,0,1,카페테리아,어린이 돈까스
2023-04-30,10,4,Spring,1,0,1,카페테리아,어린이 돈까스
2023-05-01,10,5,Spring,0,0,0,카페테리아,어린이 돈까스
2023-05-02,2,5,Spring,0,0,0,카페테리아,어린이 돈까스
2023-05-03,4,5,Spring,0,0,0,카페테리아,어린이 돈까스
2023-05-04,4,5,Spring,0,0,0,카페테리아,어린이 돈까스
2023-05-05,10,5,Spring,0,1,1,카페테리아,어린이 돈까스
2023-05-06,9,5,Spring,1,0,1,카페테리아,어린이 돈까스
2023-05-07,10,5,Spring,1,0,1,카페테리아,어린이 돈까스
2023-05-08,1,5,Spring,0,0,0,카페테리아,어린이 돈까스
2023-05-09,1,5,Spring,0,0,0,카페테리아,어린이 돈까스
2023-05-10,1,5,Spring,0,0,0,카페테리아,어린이 돈까스
2023-05-11,0,5,Spring,0,0,0,카페테리아,어린이 돈까스
2023-05-12,2,5,Spring,0,0,0,카페테리아,어린이 돈까스
2023-05-13,11,5,Spring,1,0,1,카페테리아,어린이 돈까스
2023-05-14,11,5,Spring,1,0,1,카페테리아,어린이 돈까스
2023-05-15,0,5,Spring,0,0,0,카페테리아,어린이 돈까스
2023-05-16,1,5,Spring,0,0,0,카페테리아,어린이 돈까스
2023-05-17,0,5,Spring,0,0,0,카페테리아,어린이 돈까스
2023-05-18,4,5,Spring,0,0,0,카페테리아,어린이 돈까스
2023-05-19,3,5,Spring,0,0,0,카페테리아,어린이 돈까스
2023-05-20,10,5,Spring,1,0,1,카페테리아,어린이 돈까스
2023-05-21,11,5,Spring,1,0,1,카페테리아,어린이 돈까스
2023-05-22,0,5,Spring,0,0,0,카페테리아,어린이 돈까스
2023-05-23,0,5,Spring,0,0,0,카페테리아,어린이 돈까스
2023-05-24,0,5,Spring,0,0,0,카페테리아,어린이 돈까스
2023-05-25,1,5,Spring,0,0,0,카페테리아,어린이 돈까스
2023-05-26,2,5,Spring,0,0,0,카페테리아,어린이 돈까스
2023-05-27,6,5,Spring,1,1,1,카페테리아,어린이 돈까스
2023-05-28,4,5,Spring,1,0,1,카페테리아,어린이 돈까스
2023-05-29,7,5,Spring,0,1,1,카페테리아,어린이 돈까스
2023-05-30,0,5,Spring,0,0,0,카페테리아,어린이 돈까스
2023-05-31,2,5,Spring,0,0,0,카페테리아,어린이 돈까스
2023-06-01,1,6,Summer,0,0,0,카페테리아,어린이 돈까스
2023-06-02,3,6,Summer,0,0,0,카페테리아,어린이 돈까스
2023-06-03,7,6,Summer,1,0,1,카페테리아,어린이 돈까스
2023-06-04,17,6,Summer,1,0,1,카페테리아,어린이 돈까스
2023-06-05,15,6,Summer,0,0,0,카페테리아,어린이 돈까스
2023-06-06,30,6,Summer,0,1,1,카페테리아,어린이 돈까스
2023-06-07,2,6,Summer,0,0,0,카페테리아,어린이 돈까스
2023-06-08,0,6,Summer,0,0,0,카페테리아,어린이 돈까스
2023-06-09,4,6,Summer,0,0,0,카페테리아,어린이 돈까스
2023-06-10,6,6,Summer,1,0,1,카페테리아,어린이 돈까스
2023-06-11,12,6,Summer,1,0,1,카페테리아,어린이 돈까스
2023-06-12,1,6,Summer,0,0,0,카페테리아,어린이 돈까스
2023-06-13,0,6,Summer,0,0,0,카페테리아,어린이 돈까스
2023-06-14,0,6,Summer,0,0,0,카페테리아,어린이 돈까스
2023-06-15,0,6,Summer,0,0,0,카페테리아,어린이 돈까스
2023-06-16,1,6,Summer,0,0,0,카페테리아,어린이 돈까스
2023-06-17,12,6,Summer,1,0,1,카페테리아,어린이 돈까스
2023-06-18,11,6,Summer,1,0,1,카페테리아,어린이 돈까스
2023-06-19,2,6,Summer,0,0,0,카페테리아,어린이 돈까스
2023-06-20,0,6,Summer,0,0,0,카페테리아,어린이 돈까스
2023-06-21,3,6,Summer,0,0,0,카페테리아,어린이 돈까스
2023-06-22,1,6,Summer,0,0,0,카페테리아,어린이 돈까스
2023-06-23,3,6,Summer,0,0,0,카페테리아,어린이 돈까스
2023-06-24,7,6,Summer,1,0,1,카페테리아,어린이 돈까스
2023-06-25,12,6,Summer,1,0,1,카페테리아,어린이 돈까스
2023-06-26,1,6,Summer,0,0,0,카페테리아,어린이 돈까스
2023-06-27,3,6,Summer,0,0,0,카페테리아,어린이 돈까스
2023-06-28,1,6,Summer,0,0,0,카페테리아,어린이 돈까스
2023-06-29,1,6,Summer,0,0,0,카페테리아,어린이 돈까스
2023-06-30,0,6,Summer,0,0,0,카페테리아,어린이 돈까스
2023-07-01,15,7,Summer,1,0,1,카페테리아,어린이 돈까스
2023-07-02,3,7,Summer,1,0,1,카페테리아,어린이 돈까스
2023-07-03,1,7,Summer,0,0,0,카페테리아,어린이 돈까스
2023-07-04,3,7,Summer,0,0,0,카페테리아,어린이 돈까스
2023-07-05,1,7,Summer,0,0,0,카페테리아,어린이 돈까스
2023-07-06,1,7,Summer,0,0,0,카페테리아,어린이 돈까스
2023-07-07,4,7,Summer,0,0,0,카페테리아,어린이 돈까스
2023-07-08,13,7,Summer,1,0,1,카페테리아,어린이 돈까스
2023-07-09,4,7,Summer,1,0,1,카페테리아,어린이 돈까스
2023-07-10,2,7,Summer,0,0,0,카페테리아,어린이 돈까스
2023-07-11,1,7,Summer,0,0,0,카페테리아,어린이 돈까스
2023-07-12,1,7,Summer,0,0,0,카페테리아,어린이 돈까스
2023-07-13,1,7,Summer,0,0,0,카페테리아,어린이 돈까스
2023-07-14,0,7,Summer,0,0,0,카페테리아,어린이 돈까스
2023-07-15,5,7,Summer,1,0,1,카페테리아,어린이 돈까스
2023-07-16,5,7,Summer,1,0,1,카페테리아,어린이 돈까스
2023-07-17,0,7,Summer,0,0,0,카페테리아,어린이 돈까스
2023-07-18,1,7,Summer,0,0,0,카페테리아,어린이 돈까스
2023-07-19,2,7,Summer,0,0,0,카페테리아,어린이 돈까스
2023-07-20,0,7,Summer,0,0,0,카페테리아,어린이 돈까스
2023-07-21,8,7,Summer,0,0,0,카페테리아,어린이 돈까스
2023-07-22,4,7,Summer,1,0,1,카페테리아,어린이 돈까스
2023-07-23,6,7,Summer,1,0,1,카페테리아,어린이 돈까스
2023-07-24,6,7,Summer,0,0,0,카페테리아,어린이 돈까스
2023-07-25,8,7,Summer,0,0,0,카페테리아,어린이 돈까스
2023-07-26,6,7,Summer,0,0,0,카페테리아,어린이 돈까스
2023-07-27,12,7,Summer,0,0,0,카페테리아,어린이 돈까스
2023-07-28,13,7,Summer,0,0,0,카페테리아,어린이 돈까스
2023-07-29,8,7,Summer,1,0,1,카페테리아,어린이 돈까스
2023-07-30,7,7,Summer,1,0,1,카페테리아,어린이 돈까스
2023-07-31,14,7,Summer,0,0,0,카페테리아,어린이 돈까스
2023-08-01,10,8,Summer,0,0,0,카페테리아,어린이 돈까스
2023-08-02,15,8,Summer,0,0,0,카페테리아,어린이 돈까스
2023-08-03,10,8,Summer,0,0,0,카페테리아,어린이 돈까스
2023-08-04,8,8,Summer,0,0,0,카페테리아,어린이 돈까스
2023-08-05,10,8,Summer,1,0,1,카페테리아,어린이 돈까스
2023-08-06,10,8,Summer,1,0,1,카페테리아,어린이 돈까스
2023-08-07,12,8,Summer,0,0,0,카페테리아,어린이 돈까스
2023-08-08,4,8,Summer,0,0,0,카페테리아,어린이 돈까스
2023-08-09,5,8,Summer,0,0,0,카페테리아,어린이 돈까스
2023-08-10,2,8,Summer,0,0,0,카페테리아,어린이 돈까스
2023-08-11,4,8,Summer,0,0,0,카페테리아,어린이 돈까스
2023-08-12,6,8,Summer,1,0,1,카페테리아,어린이 돈까스
2023-08-13,14,8,Summer,1,0,1,카페테리아,어린이 돈까스
2023-08-14,8,8,Summer,0,0,0,카페테리아,어린이 돈까스
2023-08-15,12,8,Summer,0,1,1,카페테리아,어린이 돈까스
2023-08-16,8,8,Summer,0,0,0,카페테리아,어린이 돈까스
2023-08-17,2,8,Summer,0,0,0,카페테리아,어린이 돈까스
2023-08-18,6,8,Summer,0,0,0,카페테리아,어린이 돈까스
2023-08-19,10,8,Summer,1,0,1,카페테리아,어린이 돈까스
2023-08-20,7,8,Summer,1,0,1,카페테리아,어린이 돈까스
2023-08-21,3,8,Summer,0,0,0,카페테리아,어린이 돈까스
2023-08-22,1,8,Summer,0,0,0,카페테리아,어린이 돈까스
2023-08-23,2,8,Summer,0,0,0,카페테리아,어린이 돈까스
2023-08-24,0,8,Summer,0,0,0,카페테리아,어린이 돈까스
2023-08-25,5,8,Summer,0,0,0,카페테리아,어린이 돈까스
2023-08-26,8,8,Summer,1,0,1,카페테리아,어린이 돈까스
2023-08-27,9,8,Summer,1,0,1,카페테리아,어린이 돈까스
2023-08-28,0,8,Summer,0,0,0,카페테리아,어린이 돈까스
2023-08-29,1,8,Summer,0,0,0,카페테리아,어린이 돈까스
2023-08-30,1,8,Summer,0,0,0,카페테리아,어린이 돈까스
2023-08-31,0,8,Summer,0,0,0,카페테리아,어린이 돈까스
2023-09-01,1,9,Autumn,0,0,0,카페테리아,어린이 돈까스
2023-09-02,9,9,Autumn,1,0,1,카페테리아,어린이 돈까스
2023-09-03,18,9,Autumn,1,0,1,카페테리아,어린이 돈까스
2023-09-04,1,9,Autumn,0,0,0,카페테리아,어린이 돈까스
2023-09-05,2,9,Autumn,0,0,0,카페테리아,어린이 돈까스
2023-09-06,1,9,Autumn,0,0,0,카페테리아,어린이 돈까스
2023-09-07,3,9,Autumn,0,0,0,카페테리아,어린이 돈까스
2023-09-08,1,9,Autumn,0,0,0,카페테리아,어린이 돈까스
2023-09-09,8,9,Autumn,1,0,1,카페테리아,어린이 돈까스
2023-09-10,7,9,Autumn,1,0,1,카페테리아,어린이 돈까스
2023-09-11,0,9,Autumn,0,0,0,카페테리아,어린이 돈까스
2023-09-12,6,9,Autumn,0,0,0,카페테리아,어린이 돈까스
2023-09-13,0,9,Autumn,0,0,0,카페테리아,어린이 돈까스
2023-09-14,1,9,Autumn,0,0,0,카페테리아,어린이 돈까스
2023-09-15,2,9,Autumn,0,0,0,카페테리아,어린이 돈까스
2023-09-16,4,9,Autumn,1,0,1,카페테리아,어린이 돈까스
2023-09-17,6,9,Autumn,1,0,1,카페테리아,어린이 돈까스
2023-09-18,0,9,Autumn,0,0,0,카페테리아,어린이 돈까스
2023-09-19,0,9,Autumn,0,0,0,카페테리아,어린이 돈까스
2023-09-20,1,9,Autumn,0,0,0,카페테리아,어린이 돈까스
2023-09-21,0,9,Autumn,0,0,0,카페테리아,어린이 돈까스
2023-09-22,1,9,Autumn,0,0,0,카페테리아,어린이 돈까스
2023-09-23,13,9,Autumn,1,0,1,카페테리아,어린이 돈까스
2023-09-24,11,9,Autumn,1,0,1,카페테리아,어린이 돈까스
2023-09-25,0,9,Autumn,0,0,0,카페테리아,어린이 돈까스
2023-09-26,1,9,Autumn,0,0,0,카페테리아,어린이 돈까스
2023-09-27,3,9,Autumn,0,0,0,카페테리아,어린이 돈까스
2023-09-28,13,9,Autumn,0,1,1,카페테리아,어린이 돈까스
2023-09-29,7,9,Autumn,0,1,1,카페테리아,어린이 돈까스
2023-09-30,16,9,Autumn,1,1,1,카페테리아,어린이 돈까스
2023-10-01,16,10,Autumn,1,0,1,카페테리아,어린이 돈까스
2023-10-02,22,10,Autumn,0,1,1,카페테리아,어린이 돈까스
2023-10-03,11,10,Autumn,0,1,1,카페테리아,어린이 돈까스
2023-10-04,3,10,Autumn,0,0,0,카페테리아,어린이 돈까스
2023-10-05,2,10,Autumn,0,0,0,카페테리아,어린이 돈까스
2023-10-06,3,10,Autumn,0,0,0,카페테리아,어린이 돈까스
2023-10-07,10,10,Autumn,1,0,1,카페테리아,어린이 돈까스
2023-10-08,30,10,Autumn,1,0,1,카페테리아,어린이 돈까스
2023-10-09,22,10,Autumn,0,1,1,카페테리아,어린이 돈까스
2023-10-10,5,10,Autumn,0,0,0,카페테리아,어린이 돈까스
2023-10-11,3,10,Autumn,0,0,0,카페테리아,어린이 돈까스
2023-10-12,2,10,Autumn,0,0,0,카페테리아,어린이 돈까스
2023-10-13,8,10,Autumn,0,0,0,카페테리아,어린이 돈까스
2023-10-14,8,10,Autumn,1,0,1,카페테리아,어린이 돈까스
2023-10-15,20,10,Autumn,1,0,1,카페테리아,어린이 돈까스
2023-10-16,4,10,Autumn,0,0,0,카페테리아,어린이 돈까스
2023-10-17,8,10,Autumn,0,0,0,카페테리아,어린이 돈까스
2023-10-18,8,10,Autumn,0,0,0,카페테리아,어린이 돈까스
2023-10-19,3,10,Autumn,0,0,0,카페테리아,어린이 돈까스
2023-10-20,9,10,Autumn,0,0,0,카페테리아,어린이 돈까스
2023-10-21,14,10,Autumn,1,0,1,카페테리아,어린이 돈까스
2023-10-22,16,10,Autumn,1,0,1,카페테리아,어린이 돈까스
2023-10-23,6,10,Autumn,0,0,0,카페테리아,어린이 돈까스
2023-10-24,7,10,Autumn,0,0,0,카페테리아,어린이 돈까스
2023-10-25,2,10,Autumn,0,0,0,카페테리아,어린이 돈까스
2023-10-26,5,10,Autumn,0,0,0,카페테리아,어린이 돈까스
2023-10-27,6,10,Autumn,0,0,0,카페테리아,어린이 돈까스
2023-10-28,13,10,Autumn,1,0,1,카페테리아,어린이 돈까스
2023-10-29,11,10,Autumn,1,0,1,카페테리아,어린이 돈까스
2023-10-30,4,10,Autumn,0,0,0,카페테리아,어린이 돈까스
2023-10-31,2,10,Autumn,0,0,0,카페테리아,어린이 돈까스
2023-11-01,2,11,Autumn,0,0,0,카페테리아,어린이 돈까스
2023-11-02,2,11,Autumn,0,0,0,카페테리아,어린이 돈까스
2023-11-03,4,11,Autumn,0,0,0,카페테리아,어린이 돈까스
2023-11-04,11,11,Autumn,1,0,1,카페테리아,어린이 돈까스
2023-11-05,9,11,Autumn,1,0,1,카페테리아,어린이 돈까스
2023-11-06,3,11,Autumn,0,0,0,카페테리아,어린이 돈까스
2023-11-07,2,11,Autumn,0,0,0,카페테리아,어린이 돈까스
2023-11-08,7,11,Autumn,0,0,0,카페테리아,어린이 돈까스
2023-11-09,1,11,Autumn,0,0,0,카페테리아,어린이 돈까스
2023-11-10,9,11,Autumn,0,0,0,카페테리아,어린이 돈까스
2023-11-11,3,11,Autumn,1,0,1,카페테리아,어린이 돈까스
2023-11-12,12,11,Autumn,1,0,1,카페테리아,어린이 돈까스
2023-11-13,3,11,Autumn,0,0,0,카페테리아,어린이 돈까스
2023-11-14,0,11,Autumn,0,0,0,카페테리아,어린이 돈까스
2023-11-15,1,11,Autumn,0,0,0,카페테리아,어린이 돈까스
2023-11-16,2,11,Autumn,0,0,0,카페테리아,어린이 돈까스
2023-11-17,2,11,Autumn,0,0,0,카페테리아,어린이 돈까스
2023-11-18,5,11,Autumn,1,0,1,카페테리아,어린이 돈까스
2023-11-19,2,11,Autumn,1,0,1,카페테리아,어린이 돈까스
2023-11-20,0,11,Autumn,0,0,0,카페테리아,어린이 돈까스
2023-11-21,1,11,Autumn,0,0,0,카페테리아,어린이 돈까스
2023-11-22,1,11,Autumn,0,0,0,카페테리아,어린이 돈까스
2023-11-23,1,11,Autumn,0,0,0,카페테리아,어린이 돈까스
2023-11-24,3,11,Autumn,0,0,0,카페테리아,어린이 돈까스
2023-11-25,9,11,Autumn,1,0,1,카페테리아,어린이 돈까스
2023-11-26,6,11,Autumn,1,0,1,카페테리아,어린이 돈까스
2023-11-27,0,11,Autumn,0,0,0,카페테리아,어린이 돈까스
2023-11-28,0,11,Autumn,0,0,0,카페테리아,어린이 돈까스
2023-11-29,0,11,Autumn,0,0,0,카페테리아,어린이 돈까스
2023-11-30,0,11,Autumn,0,0,0,카페테리아,어린이 돈까스
2023-12-01,0,12,Winter,0,0,0,카페테리아,어린이 돈까스
2023-12-02,7,12,Winter,1,0,1,카페테리아,어린이 돈까스
2023-12-03,4,12,Winter,1,0,1,카페테리아,어린이 돈까스
2023-12-04,2,12,Winter,0,0,0,카페테리아,어린이 돈까스
2023-12-05,0,12,Winter,0,0,0,카페테리아,어린이 돈까스
2023-12-06,0,12,Winter,0,0,0,카페테리아,어린이 돈까스
2023-12-07,1,12,Winter,0,0,0,카페테리아,어린이 돈까스
2023-12-08,14,12,Winter,0,0,0,카페테리아,어린이 돈까스
2023-12-09,28,12,Winter,1,0,1,카페테리아,어린이 돈까스
2023-12-10,14,12,Winter,1,0,1,카페테리아,어린이 돈까스
2023-12-11,5,12,Winter,0,0,0,카페테리아,어린이 돈까스
2023-12-12,13,12,Winter,0,0,0,카페테리아,어린이 돈까스
2023-12-13,9,12,Winter,0,0,0,카페테리아,어린이 돈까스
2023-12-14,1,12,Winter,0,0,0,카페테리아,어린이 돈까스
2023-12-15,0,12,Winter,0,0,0,카페테리아,어린이 돈까스
2023-12-16,16,12,Winter,1,0,1,카페테리아,어린이 돈까스
2023-12-17,9,12,Winter,1,0,1,카페테리아,어린이 돈까스
2023-12-18,21,12,Winter,0,0,0,카페테리아,어린이 돈까스
2023-12-19,17,12,Winter,0,0,0,카페테리아,어린이 돈까스
2023-12-20,22,12,Winter,0,0,0,카페테리아,어린이 돈까스
2023-12-21,21,12,Winter,0,0,0,카페테리아,어린이 돈까스
2023-12-22,24,12,Winter,0,0,0,카페테리아,어린이 돈까스
2023-12-23,30,12,Winter,1,0,1,카페테리아,어린이 돈까스
2023-12-24,49,12,Winter,1,0,1,카페테리아,어린이 돈까스
2023-12-25,25,12,Winter,0,1,1,카페테리아,어린이 돈까스
2023-12-26,34,12,Winter,0,0,0,카페테리아,어린이 돈까스
2023-12-27,34,12,Winter,0,0,0,카페테리아,어린이 돈까스
2023-12-28,41,12,Winter,0,0,0,카페테리아,어린이 돈까스
2023-12-29,53,12,Winter,0,0,0,카페테리아,어린이 돈까스
2023-12-30,38,12,Winter,1,0,1,카페테리아,어린이 돈까스
2023-12-31,33,12,Winter,1,0,1,카페테리아,어린이 돈까스
2024-01-01,26,1,Winter,0,1,1,카페테리아,어린이 돈까스
2024-01-02,41,1,Winter,0,0,0,카페테리아,어린이 돈까스
2024-01-03,42,1,Winter,0,0,0,카페테리아,어린이 돈까스
2024-01-04,33,1,Winter,0,0,0,카페테리아,어린이 돈까스
2024-01-05,44,1,Winter,0,0,0,카페테리아,어린이 돈까스
2024-01-06,28,1,Winter,1,0,1,카페테리아,어린이 돈까스
2024-01-07,49,1,Winter,1,0,1,카페테리아,어린이 돈까스
2024-01-08,33,1,Winter,0,0,0,카페테리아,어린이 돈까스
2024-01-09,21,1,Winter,0,0,0,카페테리아,어린이 돈까스
2024-01-10,33,1,Winter,0,0,0,카페테리아,어린이 돈까스
2024-01-11,36,1,Winter,0,0,0,카페테리아,어린이 돈까스
2024-01-12,35,1,Winter,0,0,0,카페테리아,어린이 돈까스
2024-01-13,46,1,Winter,1,0,1,카페테리아,어린이 돈까스
2024-01-14,40,1,Winter,1,0,1,카페테리아,어린이 돈까스
2024-01-15,30,1,Winter,0,0,0,카페테리아,어린이 돈까스
2024-01-16,34,1,Winter,0,0,0,카페테리아,어린이 돈까스
2024-01-17,21,1,Winter,0,0,0,카페테리아,어린이 돈까스
2024-01-18,30,1,Winter,0,0,0,카페테리아,어린이 돈까스
2024-01-19,46,1,Winter,0,0,0,카페테리아,어린이 돈까스
2024-01-20,38,1,Winter,1,0,1,카페테리아,어린이 돈까스
2024-01-21,51,1,Winter,1,0,1,카페테리아,어린이 돈까스
2024-01-22,31,1,Winter,0,0,0,카페테리아,어린이 돈까스
2024-01-23,19,1,Winter,0,0,0,카페테리아,어린이 돈까스
2024-01-24,24,1,Winter,0,0,0,카페테리아,어린이 돈까스
2024-01-25,36,1,Winter,0,0,0,카페테리아,어린이 돈까스
2024-01-26,32,1,Winter,0,0,0,카페테리아,어린이 돈까스
2024-01-27,35,1,Winter,1,0,1,카페테리아,어린이 돈까스
2024-01-28,43,1,Winter,1,0,1,카페테리아,어린이 돈까스
2024-01-29,30,1,Winter,0,0,0,카페테리아,어린이 돈까스
2024-01-30,36,1,Winter,0,0,0,카페테리아,어린이 돈까스
2024-01-31,19,1,Winter,0,0,0,카페테리아,어린이 돈까스
2024-02-01,30,2,Winter,0,0,0,카페테리아,어린이 돈까스
2024-02-02,22,2,Winter,0,0,0,카페테리아,어린이 돈까스
2024-02-03,26,2,Winter,1,0,1,카페테리아,어린이 돈까스
2024-02-04,25,2,Winter,1,0,1,카페테리아,어린이 돈까스
2024-02-05,15,2,Winter,0,0,0,카페테리아,어린이 돈까스
2024-02-06,24,2,Winter,0,0,0,카페테리아,어린이 돈까스
2024-02-07,18,2,Winter,0,0,0,카페테리아,어린이 돈까스
2024-02-08,31,2,Winter,0,0,0,카페테리아,어린이 돈까스
2024-02-09,32,2,Winter,0,1,1,카페테리아,어린이 돈까스
2024-02-10,28,2,Winter,1,1,1,카페테리아,어린이 돈까스
2024-02-11,40,2,Winter,1,1,1,카페테리아,어린이 돈까스
2024-02-12,49,2,Winter,0,1,1,카페테리아,어린이 돈까스
2024-02-13,15,2,Winter,0,0,0,카페테리아,어린이 돈까스
2024-02-14,10,2,Winter,0,0,0,카페테리아,어린이 돈까스
2024-02-15,8,2,Winter,0,0,0,카페테리아,어린이 돈까스
2024-02-16,22,2,Winter,0,0,0,카페테리아,어린이 돈까스
2024-02-17,48,2,Winter,1,0,1,카페테리아,어린이 돈까스
2024-02-18,31,2,Winter,1,0,1,카페테리아,어린이 돈까스
2024-02-19,2,2,Winter,0,0,0,카페테리아,어린이 돈까스
2024-02-20,17,2,Winter,0,0,0,카페테리아,어린이 돈까스
2024-02-21,8,2,Winter,0,0,0,카페테리아,어린이 돈까스
2024-02-22,25,2,Winter,0,0,0,카페테리아,어린이 돈까스
2024-02-23,20,2,Winter,0,0,0,카페테리아,어린이 돈까스
2024-02-24,29,2,Winter,1,0,1,카페테리아,어린이 돈까스
2024-02-25,36,2,Winter,1,0,1,카페테리아,어린이 돈까스
2024-02-26,20,2,Winter,0,0,0,카페테리아,어린이 돈까스
2024-02-27,13,2,Winter,0,0,0,카페테리아,어린이 돈까스
2024-02-28,11,2,Winter,0,0,0,카페테리아,어린이 돈까스
2024-02-29,15,2,Winter,0,0,0,카페테리아,어린이 돈까스
2024-03-01,27,3,Spring,0,1,1,카페테리아,어린이 돈까스
2024-03-02,19,3,Spring,1,0,1,카페테리아,어린이 돈까스
2024-03-03,4,3,Spring,1,0,1,카페테리아,어린이 돈까스
2024-03-04,0,3,Spring,0,0,0,카페테리아,어린이 돈까스
2024-03-05,0,3,Spring,0,0,0,카페테리아,어린이 돈까스
2024-03-06,0,3,Spring,0,0,0,카페테리아,어린이 돈까스
2024-03-07,0,3,Spring,0,0,0,카페테리아,어린이 돈까스
2024-03-08,0,3,Spring,0,0,0,카페테리아,어린이 돈까스
2024-03-09,0,3,Spring,1,0,1,카페테리아,어린이 돈까스
2024-03-10,0,3,Spring,1,0,1,카페테리아,어린이 돈까스
2024-03-11,0,3,Spring,0,0,0,카페테리아,어린이 돈까스
2024-03-12,0,3,Spring,0,0,0,카페테리아,어린이 돈까스
2024-03-13,0,3,Spring,0,0,0,카페테리아,어린이 돈까스
2024-03-14,1,3,Spring,0,0,0,카페테리아,어린이 돈까스
2024-03-15,0,3,Spring,0,0,0,카페테리아,어린이 돈까스
2024-03-16,3,3,Spring,1,0,1,카페테리아,어린이 돈까스
2024-03-17,4,3,Spring,1,0,1,카페테리아,어린이 돈까스
2024-03-18,0,3,Spring,0,0,0,카페테리아,어린이 돈까스
2024-03-19,0,3,Spring,0,0,0,카페테리아,어린이 돈까스
2024-03-20,0,3,Spring,0,0,0,카페테리아,어린이 돈까스
2024-03-21,0,3,Spring,0,0,0,카페테리아,어린이 돈까스
2024-03-22,1,3,Spring,0,0,0,카페테리아,어린이 돈까스
2024-03-23,9,3,Spring,1,0,1,카페테리아,어린이 돈까스
2024-03-24,5,3,Spring,1,0,1,카페테리아,어린이 돈까스
2024-03-25,0,3,Spring,0,0,0,카페테리아,어린이 돈까스
2024-03-26,0,3,Spring,0,0,0,카페테리아,어린이 돈까스
2024-03-27,0,3,Spring,0,0,0,카페테리아,어린이 돈까스
2024-03-28,0,3,Spring,0,0,0,카페테리아,어린이 돈까스
2024-03-29,2,3,Spring,0,0,0,카페테리아,어린이 돈까스
2024-03-30,6,3,Spring,1,0,1,카페테리아,어린이 돈까스
2024-03-31,8,3,Spring,1,0,1,카페테리아,어린이 돈까스
2024-04-01,0,4,Spring,0,0,0,카페테리아,어린이 돈까스
2024-04-02,0,4,Spring,0,0,0,카페테리아,어린이 돈까스
2024-04-03,1,4,Spring,0,0,0,카페테리아,어린이 돈까스
2024-04-04,3,4,Spring,0,0,0,카페테리아,어린이 돈까스
2024-04-05,5,4,Spring,0,0,0,카페테리아,어린이 돈까스
2024-04-06,12,4,Spring,1,0,1,카페테리아,어린이 돈까스
2024-04-07,16,4,Spring,1,0,1,카페테리아,어린이 돈까스
2024-04-08,1,4,Spring,0,0,0,카페테리아,어린이 돈까스
2024-04-09,2,4,Spring,0,0,0,카페테리아,어린이 돈까스
2024-04-10,11,4,Spring,0,1,1,카페테리아,어린이 돈까스
2024-04-11,10,4,Spring,0,0,0,카페테리아,어린이 돈까스
2024-04-12,9,4,Spring,0,0,0,카페테리아,어린이 돈까스
2024-04-13,13,4,Spring,1,0,1,카페테리아,어린이 돈까스
2024-04-14,9,4,Spring,1,0,1,카페테리아,어린이 돈까스
2024-04-15,0,4,Spring,0,0,0,카페테리아,어린이 돈까스
2024-04-16,0,4,Spring,0,0,0,카페테리아,어린이 돈까스
2024-04-17,2,4,Spring,0,0,0,카페테리아,어린이 돈까스
2024-04-18,1,4,Spring,0,0,0,카페테리아,어린이 돈까스
2024-04-19,2,4,Spring,0,0,0,카페테리아,어린이 돈까스
2024-04-20,4,4,Spring,1,0,1,카페테리아,어린이 돈까스
2024-04-21,5,4,Spring,1,0,1,카페테리아,어린이 돈까스
2024-04-22,1,4,Spring,0,0,0,카페테리아,어린이 돈까스
2024-04-23,0,4,Spring,0,0,0,카페테리아,어린이 돈까스
2024-04-24,1,4,Spring,0,0,0,카페테리아,어린이 돈까스
2024-04-25,4,4,Spring,0,0,0,카페테리아,어린이 돈까스
2024-04-26,4,4,Spring,0,0,0,카페테리아,어린이 돈까스
2024-04-27,6,4,Spring,1,0,1,카페테리아,어린이 돈까스
2024-04-28,20,4,Spring,1,0,1,카페테리아,어린이 돈까스
2024-04-29,0,4,Spring,0,0,0,카페테리아,어린이 돈까스
2024-04-30,2,4,Spring,0,0,0,카페테리아,어린이 돈까스
2024-05-01,11,5,Spring,0,0,0,카페테리아,어린이 돈까스
2024-05-02,2,5,Spring,0,0,0,카페테리아,어린이 돈까스
2024-05-03,3,5,Spring,0,0,0,카페테리아,어린이 돈까스
2024-05-04,18,5,Spring,1,0,1,카페테리아,어린이 돈까스
2024-05-05,6,5,Spring,1,1,1,카페테리아,어린이 돈까스
2024-05-06,1,5,Spring,0,1,1,카페테리아,어린이 돈까스
2024-05-07,2,5,Spring,0,0,0,카페테리아,어린이 돈까스
2024-05-08,0,5,Spring,0,0,0,카페테리아,어린이 돈까스
2024-05-09,4,5,Spring,0,0,0,카페테리아,어린이 돈까스
2024-05-10,1,5,Spring,0,0,0,카페테리아,어린이 돈까스
2024-05-11,10,5,Spring,1,0,1,카페테리아,어린이 돈까스
2024-05-12,15,5,Spring,1,0,1,카페테리아,어린이 돈까스
2024-05-13,0,5,Spring,0,0,0,카페테리아,어린이 돈까스
2024-05-14,2,5,Spring,0,0,0,카페테리아,어린이 돈까스
2024-05-15,8,5,Spring,0,1,1,카페테리아,어린이 돈까스
2024-05-16,1,5,Spring,0,0,0,카페테리아,어린이 돈까스
2024-05-17,2,5,Spring,0,0,0,카페테리아,어린이 돈까스
2024-05-18,8,5,Spring,1,0,1,카페테리아,어린이 돈까스
2024-05-19,12,5,Spring,1,0,1,카페테리아,어린이 돈까스
2024-05-20,2,5,Spring,0,0,0,카페테리아,어린이 돈까스
2024-05-21,0,5,Spring,0,0,0,카페테리아,어린이 돈까스
2024-05-22,3,5,Spring,0,0,0,카페테리아,어린이 돈까스
2024-05-23,0,5,Spring,0,0,0,카페테리아,어린이 돈까스
2024-05-24,4,5,Spring,0,0,0,카페테리아,어린이 돈까스
2024-05-25,17,5,Spring,1,0,1,카페테리아,어린이 돈까스
2024-05-26,16,5,Spring,1,0,1,카페테리아,어린이 돈까스
2024-05-27,0,5,Spring,0,0,0,카페테리아,어린이 돈까스
2024-05-28,0,5,Spring,0,0,0,카페테리아,어린이 돈까스
2024-05-29,2,5,Spring,0,0,0,카페테리아,어린이 돈까스
2024-05-30,0,5,Spring,0,0,0,카페테리아,어린이 돈까스
2024-05-31,3,5,Spring,0,0,0,카페테리아,어린이 돈까스
2024-06-01,10,6,Summer,1,0,1,카페테리아,어린이 돈까스
2024-06-02,8,6,Summer,1,0,1,카페테리아,어린이 돈까스
2024-06-03,2,6,Summer,0,0,0,카페테리아,어린이 돈까스
2024-06-04,2,6,Summer,0,0,0,카페테리아,어린이 돈까스
2024-06-05,3,6,Summer,0,0,0,카페테리아,어린이 돈까스
2024-06-06,20,6,Summer,0,1,1,카페테리아,어린이 돈까스
2024-06-07,18,6,Summer,0,0,0,카페테리아,어린이 돈까스
2024-06-08,5,6,Summer,1,0,1,카페테리아,어린이 돈까스
2024-06-09,7,6,Summer,1,0,1,카페테리아,어린이 돈까스
2024-06-10,0,6,Summer,0,0,0,카페테리아,어린이 돈까스
2024-06-11,0,6,Summer,0,0,0,카페테리아,어린이 돈까스
2024-06-12,0,6,Summer,0,0,0,카페테리아,어린이 돈까스
2024-06-13,1,6,Summer,0,0,0,카페테리아,어린이 돈까스
2024-06-14,3,6,Summer,0,0,0,카페테리아,어린이 돈까스
2024-06-15,17,6,Summer,1,0,1,카페테리아,어린이 돈까스
2023-01-01,4,1,Winter,1,1,1,카페테리아,오픈푸드
2023-01-02,0,1,Winter,0,0,0,카페테리아,오픈푸드
2023-01-03,158,1,Winter,0,0,0,카페테리아,오픈푸드
2023-01-04,79,1,Winter,0,0,0,카페테리아,오픈푸드
2023-01-05,79,1,Winter,0,0,0,카페테리아,오픈푸드
2023-01-06,0,1,Winter,0,0,0,카페테리아,오픈푸드
2023-01-07,1,1,Winter,1,0,1,카페테리아,오픈푸드
2023-01-08,0,1,Winter,1,0,1,카페테리아,오픈푸드
2023-01-09,0,1,Winter,0,0,0,카페테리아,오픈푸드
2023-01-10,1,1,Winter,0,0,0,카페테리아,오픈푸드
2023-01-11,0,1,Winter,0,0,0,카페테리아,오픈푸드
2023-01-12,0,1,Winter,0,0,0,카페테리아,오픈푸드
2023-01-13,0,1,Winter,0,0,0,카페테리아,오픈푸드
2023-01-14,0,1,Winter,1,0,1,카페테리아,오픈푸드
2023-01-15,0,1,Winter,1,0,1,카페테리아,오픈푸드
2023-01-16,1,1,Winter,0,0,0,카페테리아,오픈푸드
2023-01-17,1,1,Winter,0,0,0,카페테리아,오픈푸드
2023-01-18,0,1,Winter,0,0,0,카페테리아,오픈푸드
2023-01-19,2,1,Winter,0,0,0,카페테리아,오픈푸드
2023-01-20,1,1,Winter,0,0,0,카페테리아,오픈푸드
2023-01-21,1,1,Winter,1,1,1,카페테리아,오픈푸드
2023-01-22,0,1,Winter,1,1,1,카페테리아,오픈푸드
2023-01-23,3,1,Winter,0,1,1,카페테리아,오픈푸드
2023-01-24,2,1,Winter,0,1,1,카페테리아,오픈푸드
2023-01-25,0,1,Winter,0,0,0,카페테리아,오픈푸드
2023-01-26,0,1,Winter,0,0,0,카페테리아,오픈푸드
2023-01-27,2,1,Winter,0,0,0,카페테리아,오픈푸드
2023-01-28,2,1,Winter,1,0,1,카페테리아,오픈푸드
2023-01-29,3,1,Winter,1,0,1,카페테리아,오픈푸드
2023-01-30,1,1,Winter,0,0,0,카페테리아,오픈푸드
2023-01-31,0,1,Winter,0,0,0,카페테리아,오픈푸드
2023-02-01,2,2,Winter,0,0,0,카페테리아,오픈푸드
2023-02-02,1,2,Winter,0,0,0,카페테리아,오픈푸드
2023-02-03,0,2,Winter,0,0,0,카페테리아,오픈푸드
2023-02-04,1,2,Winter,1,0,1,카페테리아,오픈푸드
2023-02-05,0,2,Winter,1,0,1,카페테리아,오픈푸드
2023-02-06,2,2,Winter,0,0,0,카페테리아,오픈푸드
2023-02-07,0,2,Winter,0,0,0,카페테리아,오픈푸드
2023-02-08,2,2,Winter,0,0,0,카페테리아,오픈푸드
2023-02-09,2,2,Winter,0,0,0,카페테리아,오픈푸드
2023-02-10,1,2,Winter,0,0,0,카페테리아,오픈푸드
2023-02-11,0,2,Winter,1,0,1,카페테리아,오픈푸드
2023-02-12,1,2,Winter,1,0,1,카페테리아,오픈푸드
2023-02-13,1,2,Winter,0,0,0,카페테리아,오픈푸드
2023-02-14,3,2,Winter,0,0,0,카페테리아,오픈푸드
2023-02-15,0,2,Winter,0,0,0,카페테리아,오픈푸드
2023-02-16,1,2,Winter,0,0,0,카페테리아,오픈푸드
2023-02-17,1,2,Winter,0,0,0,카페테리아,오픈푸드
2023-02-18,3,2,Winter,1,0,1,카페테리아,오픈푸드
2023-02-19,0,2,Winter,1,0,1,카페테리아,오픈푸드
2023-02-20,1,2,Winter,0,0,0,카페테리아,오픈푸드
2023-02-21,3,2,Winter,0,0,0,카페테리아,오픈푸드
2023-02-22,0,2,Winter,0,0,0,카페테리아,오픈푸드
2023-02-23,1,2,Winter,0,0,0,카페테리아,오픈푸드
2023-02-24,0,2,Winter,0,0,0,카페테리아,오픈푸드
2023-02-25,2,2,Winter,1,0,1,카페테리아,오픈푸드
2023-02-26,1,2,Winter,1,0,1,카페테리아,오픈푸드
2023-02-27,0,2,Winter,0,0,0,카페테리아,오픈푸드
2023-02-28,1,2,Winter,0,0,0,카페테리아,오픈푸드
2023-03-01,1,3,Spring,0,1,1,카페테리아,오픈푸드
2023-03-02,0,3,Spring,0,0,0,카페테리아,오픈푸드
2023-03-03,0,3,Spring,0,0,0,카페테리아,오픈푸드
2023-03-04,0,3,Spring,1,0,1,카페테리아,오픈푸드
2023-03-05,0,3,Spring,1,0,1,카페테리아,오픈푸드
2023-03-06,0,3,Spring,0,0,0,카페테리아,오픈푸드
2023-03-07,0,3,Spring,0,0,0,카페테리아,오픈푸드
2023-03-08,0,3,Spring,0,0,0,카페테리아,오픈푸드
2023-03-09,0,3,Spring,0,0,0,카페테리아,오픈푸드
2023-03-10,0,3,Spring,0,0,0,카페테리아,오픈푸드
2023-03-11,0,3,Spring,1,0,1,카페테리아,오픈푸드
2023-03-12,0,3,Spring,1,0,1,카페테리아,오픈푸드
2023-03-13,0,3,Spring,0,0,0,카페테리아,오픈푸드
2023-03-14,0,3,Spring,0,0,0,카페테리아,오픈푸드
2023-03-15,0,3,Spring,0,0,0,카페테리아,오픈푸드
2023-03-16,0,3,Spring,0,0,0,카페테리아,오픈푸드
2023-03-17,0,3,Spring,0,0,0,카페테리아,오픈푸드
2023-03-18,0,3,Spring,1,0,1,카페테리아,오픈푸드
2023-03-19,0,3,Spring,1,0,1,카페테리아,오픈푸드
2023-03-20,0,3,Spring,0,0,0,카페테리아,오픈푸드
2023-03-21,0,3,Spring,0,0,0,카페테리아,오픈푸드
2023-03-22,0,3,Spring,0,0,0,카페테리아,오픈푸드
2023-03-23,0,3,Spring,0,0,0,카페테리아,오픈푸드
2023-03-24,0,3,Spring,0,0,0,카페테리아,오픈푸드
2023-03-25,0,3,Spring,1,0,1,카페테리아,오픈푸드
2023-03-26,0,3,Spring,1,0,1,카페테리아,오픈푸드
2023-03-27,0,3,Spring,0,0,0,카페테리아,오픈푸드
2023-03-28,0,3,Spring,0,0,0,카페테리아,오픈푸드
2023-03-29,0,3,Spring,0,0,0,카페테리아,오픈푸드
2023-03-30,0,3,Spring,0,0,0,카페테리아,오픈푸드
2023-03-31,0,3,Spring,0,0,0,카페테리아,오픈푸드
2023-04-01,0,4,Spring,1,0,1,카페테리아,오픈푸드
2023-04-02,0,4,Spring,1,0,1,카페테리아,오픈푸드
2023-04-03,0,4,Spring,0,0,0,카페테리아,오픈푸드
2023-04-04,0,4,Spring,0,0,0,카페테리아,오픈푸드
2023-04-05,0,4,Spring,0,0,0,카페테리아,오픈푸드
2023-04-06,0,4,Spring,0,0,0,카페테리아,오픈푸드
2023-04-07,0,4,Spring,0,0,0,카페테리아,오픈푸드
2023-04-08,0,4,Spring,1,0,1,카페테리아,오픈푸드
2023-04-09,0,4,Spring,1,0,1,카페테리아,오픈푸드
2023-04-10,0,4,Spring,0,0,0,카페테리아,오픈푸드
2023-04-11,0,4,Spring,0,0,0,카페테리아,오픈푸드
2023-04-12,0,4,Spring,0,0,0,카페테리아,오픈푸드
2023-04-13,0,4,Spring,0,0,0,카페테리아,오픈푸드
2023-04-14,0,4,Spring,0,0,0,카페테리아,오픈푸드
2023-04-15,0,4,Spring,1,0,1,카페테리아,오픈푸드
2023-04-16,0,4,Spring,1,0,1,카페테리아,오픈푸드
2023-04-17,0,4,Spring,0,0,0,카페테리아,오픈푸드
2023-04-18,0,4,Spring,0,0,0,카페테리아,오픈푸드
2023-04-19,0,4,Spring,0,0,0,카페테리아,오픈푸드
2023-04-20,0,4,Spring,0,0,0,카페테리아,오픈푸드
2023-04-21,0,4,Spring,0,0,0,카페테리아,오픈푸드
2023-04-22,0,4,Spring,1,0,1,카페테리아,오픈푸드
2023-04-23,0,4,Spring,1,0,1,카페테리아,오픈푸드
2023-04-24,0,4,Spring,0,0,0,카페테리아,오픈푸드
2023-04-25,0,4,Spring,0,0,0,카페테리아,오픈푸드
2023-04-26,0,4,Spring,0,0,0,카페테리아,오픈푸드
2023-04-27,0,4,Spring,0,0,0,카페테리아,오픈푸드
2023-04-28,220,4,Spring,0,0,0,카페테리아,오픈푸드
2023-04-29,0,4,Spring,1,0,1,카페테리아,오픈푸드
2023-04-30,0,4,Spring,1,0,1,카페테리아,오픈푸드
2023-05-01,0,5,Spring,0,0,0,카페테리아,오픈푸드
2023-05-02,0,5,Spring,0,0,0,카페테리아,오픈푸드
2023-05-03,0,5,Spring,0,0,0,카페테리아,오픈푸드
2023-05-04,0,5,Spring,0,0,0,카페테리아,오픈푸드
2023-05-05,0,5,Spring,0,1,1,카페테리아,오픈푸드
2023-05-06,0,5,Spring,1,0,1,카페테리아,오픈푸드
2023-05-07,0,5,Spring,1,0,1,카페테리아,오픈푸드
2023-05-08,0,5,Spring,0,0,0,카페테리아,오픈푸드
2023-05-09,0,5,Spring,0,0,0,카페테리아,오픈푸드
2023-05-10,0,5,Spring,0,0,0,카페테리아,오픈푸드
2023-05-11,0,5,Spring,0,0,0,카페테리아,오픈푸드
2023-05-12,0,5,Spring,0,0,0,카페테리아,오픈푸드
2023-05-13,0,5,Spring,1,0,1,카페테리아,오픈푸드
2023-05-14,0,5,Spring,1,0,1,카페테리아,오픈푸드
2023-05-15,0,5,Spring,0,0,0,카페테리아,오픈푸드
2023-05-16,0,5,Spring,0,0,0,카페테리아,오픈푸드
2023-05-17,0,5,Spring,0,0,0,카페테리아,오픈푸드
2023-05-18,0,5,Spring,0,0,0,카페테리아,오픈푸드
2023-05-19,0,5,Spring,0,0,0,카페테리아,오픈푸드
2023-05-20,0,5,Spring,1,0,1,카페테리아,오픈푸드
2023-05-21,0,5,Spring,1,0,1,카페테리아,오픈푸드
2023-05-22,0,5,Spring,0,0,0,카페테리아,오픈푸드
2023-05-23,0,5,Spring,0,0,0,카페테리아,오픈푸드
2023-05-24,0,5,Spring,0,0,0,카페테리아,오픈푸드
2023-05-25,0,5,Spring,0,0,0,카페테리아,오픈푸드
2023-05-26,0,5,Spring,0,0,0,카페테리아,오픈푸드
2023-05-27,0,5,Spring,1,1,1,카페테리아,오픈푸드
2023-05-28,0,5,Spring,1,0,1,카페테리아,오픈푸드
2023-05-29,0,5,Spring,0,1,1,카페테리아,오픈푸드
2023-05-30,0,5,Spring,0,0,0,카페테리아,오픈푸드
2023-05-31,0,5,Spring,0,0,0,카페테리아,오픈푸드
2023-06-01,0,6,Summer,0,0,0,카페테리아,오픈푸드
2023-06-02,0,6,Summer,0,0,0,카페테리아,오픈푸드
2023-06-03,0,6,Summer,1,0,1,카페테리아,오픈푸드
2023-06-04,0,6,Summer,1,0,1,카페테리아,오픈푸드
2023-06-05,0,6,Summer,0,0,0,카페테리아,오픈푸드
2023-06-06,0,6,Summer,0,1,1,카페테리아,오픈푸드
2023-06-07,0,6,Summer,0,0,0,카페테리아,오픈푸드
2023-06-08,0,6,Summer,0,0,0,카페테리아,오픈푸드
2023-06-09,0,6,Summer,0,0,0,카페테리아,오픈푸드
2023-06-10,0,6,Summer,1,0,1,카페테리아,오픈푸드
2023-06-11,31,6,Summer,1,0,1,카페테리아,오픈푸드
2023-06-12,62,6,Summer,0,0,0,카페테리아,오픈푸드
2023-06-13,56,6,Summer,0,0,0,카페테리아,오픈푸드
2023-06-14,56,6,Summer,0,0,0,카페테리아,오픈푸드
2023-06-15,31,6,Summer,0,0,0,카페테리아,오픈푸드
2023-06-16,62,6,Summer,0,0,0,카페테리아,오픈푸드
2023-06-17,31,6,Summer,1,0,1,카페테리아,오픈푸드
2023-06-18,81,6,Summer,1,0,1,카페테리아,오픈푸드
2023-06-19,62,6,Summer,0,0,0,카페테리아,오픈푸드
2023-06-20,31,6,Summer,0,0,0,카페테리아,오픈푸드
2023-06-21,62,6,Summer,0,0,0,카페테리아,오픈푸드
2023-06-22,61,6,Summer,0,0,0,카페테리아,오픈푸드
2023-06-23,60,6,Summer,0,0,0,카페테리아,오픈푸드
2023-06-24,30,6,Summer,1,0,1,카페테리아,오픈푸드
2023-06-25,90,6,Summer,1,0,1,카페테리아,오픈푸드
2023-06-26,80,6,Summer,0,0,0,카페테리아,오픈푸드
2023-06-27,59,6,Summer,0,0,0,카페테리아,오픈푸드
2023-06-28,59,6,Summer,0,0,0,카페테리아,오픈푸드
2023-06-29,29,6,Summer,0,0,0,카페테리아,오픈푸드
2023-06-30,59,6,Summer,0,0,0,카페테리아,오픈푸드
2023-07-01,88,7,Summer,1,0,1,카페테리아,오픈푸드
2023-07-02,29,7,Summer,1,0,1,카페테리아,오픈푸드
2023-07-03,29,7,Summer,0,0,0,카페테리아,오픈푸드
2023-07-04,59,7,Summer,0,0,0,카페테리아,오픈푸드
2023-07-05,59,7,Summer,0,0,0,카페테리아,오픈푸드
2023-07-06,29,7,Summer,0,0,0,카페테리아,오픈푸드
2023-07-07,59,7,Summer,0,0,0,카페테리아,오픈푸드
2023-07-08,29,7,Summer,1,0,1,카페테리아,오픈푸드
2023-07-09,88,7,Summer,1,0,1,카페테리아,오픈푸드
2023-07-10,29,7,Summer,0,0,0,카페테리아,오픈푸드
2023-07-11,29,7,Summer,0,0,0,카페테리아,오픈푸드
2023-07-12,59,7,Summer,0,0,0,카페테리아,오픈푸드
2023-07-13,29,7,Summer,0,0,0,카페테리아,오픈푸드
2023-07-14,0,7,Summer,0,0,0,카페테리아,오픈푸드
2023-07-15,0,7,Summer,1,0,1,카페테리아,오픈푸드
2023-07-16,0,7,Summer,1,0,1,카페테리아,오픈푸드
2023-07-17,0,7,Summer,0,0,0,카페테리아,오픈푸드
2023-07-18,0,7,Summer,0,0,0,카페테리아,오픈푸드
2023-07-19,0,7,Summer,0,0,0,카페테리아,오픈푸드
2023-07-20,0,7,Summer,0,0,0,카페테리아,오픈푸드
2023-07-21,55,7,Summer,0,0,0,카페테리아,오픈푸드
2023-07-22,0,7,Summer,1,0,1,카페테리아,오픈푸드
2023-07-23,0,7,Summer,1,0,1,카페테리아,오픈푸드
2023-07-24,0,7,Summer,0,0,0,카페테리아,오픈푸드
2023-07-25,0,7,Summer,0,0,0,카페테리아,오픈푸드
2023-07-26,0,7,Summer,0,0,0,카페테리아,오픈푸드
2023-07-27,0,7,Summer,0,0,0,카페테리아,오픈푸드
2023-07-28,0,7,Summer,0,0,0,카페테리아,오픈푸드
2023-07-29,0,7,Summer,1,0,1,카페테리아,오픈푸드
2023-07-30,0,7,Summer,1,0,1,카페테리아,오픈푸드
2023-07-31,0,7,Summer,0,0,0,카페테리아,오픈푸드
2023-08-01,0,8,Summer,0,0,0,카페테리아,오픈푸드
2023-08-02,0,8,Summer,0,0,0,카페테리아,오픈푸드
2023-08-03,0,8,Summer,0,0,0,카페테리아,오픈푸드
2023-08-04,0,8,Summer,0,0,0,카페테리아,오픈푸드
2023-08-05,0,8,Summer,1,0,1,카페테리아,오픈푸드
2023-08-06,0,8,Summer,1,0,1,카페테리아,오픈푸드
2023-08-07,0,8,Summer,0,0,0,카페테리아,오픈푸드
2023-08-08,0,8,Summer,0,0,0,카페테리아,오픈푸드
2023-08-09,0,8,Summer,0,0,0,카페테리아,오픈푸드
2023-08-10,0,8,Summer,0,0,0,카페테리아,오픈푸드
2023-08-11,0,8,Summer,0,0,0,카페테리아,오픈푸드
2023-08-12,0,8,Summer,1,0,1,카페테리아,오픈푸드
2023-08-13,0,8,Summer,1,0,1,카페테리아,오픈푸드
2023-08-14,0,8,Summer,0,0,0,카페테리아,오픈푸드
2023-08-15,0,8,Summer,0,1,1,카페테리아,오픈푸드
2023-08-16,0,8,Summer,0,0,0,카페테리아,오픈푸드
2023-08-17,0,8,Summer,0,0,0,카페테리아,오픈푸드
2023-08-18,0,8,Summer,0,0,0,카페테리아,오픈푸드
2023-08-19,0,8,Summer,1,0,1,카페테리아,오픈푸드
2023-08-20,0,8,Summer,1,0,1,카페테리아,오픈푸드
2023-08-21,0,8,Summer,0,0,0,카페테리아,오픈푸드
2023-08-22,0,8,Summer,0,0,0,카페테리아,오픈푸드
2023-08-23,0,8,Summer,0,0,0,카페테리아,오픈푸드
2023-08-24,0,8,Summer,0,0,0,카페테리아,오픈푸드
2023-08-25,0,8,Summer,0,0,0,카페테리아,오픈푸드
2023-08-26,0,8,Summer,1,0,1,카페테리아,오픈푸드
2023-08-27,0,8,Summer,1,0,1,카페테리아,오픈푸드
2023-08-28,0,8,Summer,0,0,0,카페테리아,오픈푸드
2023-08-29,0,8,Summer,0,0,0,카페테리아,오픈푸드
2023-08-30,0,8,Summer,0,0,0,카페테리아,오픈푸드
2023-08-31,0,8,Summer,0,0,0,카페테리아,오픈푸드
2023-09-01,0,9,Autumn,0,0,0,카페테리아,오픈푸드
2023-09-02,0,9,Autumn,1,0,1,카페테리아,오픈푸드
2023-09-03,0,9,Autumn,1,0,1,카페테리아,오픈푸드
2023-09-04,0,9,Autumn,0,0,0,카페테리아,오픈푸드
2023-09-05,0,9,Autumn,0,0,0,카페테리아,오픈푸드
2023-09-06,0,9,Autumn,0,0,0,카페테리아,오픈푸드
2023-09-07,0,9,Autumn,0,0,0,카페테리아,오픈푸드
2023-09-08,0,9,Autumn,0,0,0,카페테리아,오픈푸드
2023-09-09,0,9,Autumn,1,0,1,카페테리아,오픈푸드
2023-09-10,0,9,Autumn,1,0,1,카페테리아,오픈푸드
2023-09-11,0,9,Autumn,0,0,0,카페테리아,오픈푸드
2023-09-12,0,9,Autumn,0,0,0,카페테리아,오픈푸드
2023-09-13,0,9,Autumn,0,0,0,카페테리아,오픈푸드
2023-09-14,0,9,Autumn,0,0,0,카페테리아,오픈푸드
2023-09-15,0,9,Autumn,0,0,0,카페테리아,오픈푸드
2023-09-16,0,9,Autumn,1,0,1,카페테리아,오픈푸드
2023-09-17,0,9,Autumn,1,0,1,카페테리아,오픈푸드
2023-09-18,780,9,Autumn,0,0,0,카페테리아,오픈푸드
2023-09-19,590,9,Autumn,0,0,0,카페테리아,오픈푸드
2023-09-20,590,9,Autumn,0,0,0,카페테리아,오픈푸드
2023-09-21,0,9,Autumn,0,0,0,카페테리아,오픈푸드
2023-09-22,0,9,Autumn,0,0,0,카페테리아,오픈푸드
2023-09-23,0,9,Autumn,1,0,1,카페테리아,오픈푸드
2023-09-24,0,9,Autumn,1,0,1,카페테리아,오픈푸드
2023-09-25,0,9,Autumn,0,0,0,카페테리아,오픈푸드
2023-09-26,0,9,Autumn,0,0,0,카페테리아,오픈푸드
2023-09-27,0,9,Autumn,0,0,0,카페테리아,오픈푸드
2023-09-28,0,9,Autumn,0,1,1,카페테리아,오픈푸드
2023-09-29,0,9,Autumn,0,1,1,카페테리아,오픈푸드
2023-09-30,0,9,Autumn,1,1,1,카페테리아,오픈푸드
2023-10-01,0,10,Autumn,1,0,1,카페테리아,오픈푸드
2023-10-02,0,10,Autumn,0,1,1,카페테리아,오픈푸드
2023-10-03,0,10,Autumn,0,1,1,카페테리아,오픈푸드
2023-10-04,0,10,Autumn,0,0,0,카페테리아,오픈푸드
2023-10-05,0,10,Autumn,0,0,0,카페테리아,오픈푸드
2023-10-06,0,10,Autumn,0,0,0,카페테리아,오픈푸드
2023-10-07,0,10,Autumn,1,0,1,카페테리아,오픈푸드
2023-10-08,0,10,Autumn,1,0,1,카페테리아,오픈푸드
2023-10-09,0,10,Autumn,0,1,1,카페테리아,오픈푸드
2023-10-10,0,10,Autumn,0,0,0,카페테리아,오픈푸드
2023-10-11,0,10,Autumn,0,0,0,카페테리아,오픈푸드
2023-10-12,0,10,Autumn,0,0,0,카페테리아,오픈푸드
2023-10-13,0,10,Autumn,0,0,0,카페테리아,오픈푸드
2023-10-14,0,10,Autumn,1,0,1,카페테리아,오픈푸드
2023-10-15,0,10,Autumn,1,0,1,카페테리아,오픈푸드
2023-10-16,0,10,Autumn,0,0,0,카페테리아,오픈푸드
2023-10-17,6,10,Autumn,0,0,0,카페테리아,오픈푸드
2023-10-18,160,10,Autumn,0,0,0,카페테리아,오픈푸드
2023-10-19,0,10,Autumn,0,0,0,카페테리아,오픈푸드
2023-10-20,0,10,Autumn,0,0,0,카페테리아,오픈푸드
2023-10-21,0,10,Autumn,1,0,1,카페테리아,오픈푸드
2023-10-22,0,10,Autumn,1,0,1,카페테리아,오픈푸드
2023-10-23,0,10,Autumn,0,0,0,카페테리아,오픈푸드
2023-10-24,0,10,Autumn,0,0,0,카페테리아,오픈푸드
2023-10-25,0,10,Autumn,0,0,0,카페테리아,오픈푸드
2023-10-26,0,10,Autumn,0,0,0,카페테리아,오픈푸드
2023-10-27,1,10,Autumn,0,0,0,카페테리아,오픈푸드
2023-10-28,0,10,Autumn,1,0,1,카페테리아,오픈푸드
2023-10-29,0,10,Autumn,1,0,1,카페테리아,오픈푸드
2023-10-30,0,10,Autumn,0,0,0,카페테리아,오픈푸드
2023-10-31,0,10,Autumn,0,0,0,카페테리아,오픈푸드
2023-11-01,0,11,Autumn,0,0,0,카페테리아,오픈푸드
2023-11-02,0,11,Autumn,0,0,0,카페테리아,오픈푸드
2023-11-03,0,11,Autumn,0,0,0,카페테리아,오픈푸드
2023-11-04,0,11,Autumn,1,0,1,카페테리아,오픈푸드
2023-11-05,0,11,Autumn,1,0,1,카페테리아,오픈푸드
2023-11-06,0,11,Autumn,0,0,0,카페테리아,오픈푸드
2023-11-07,0,11,Autumn,0,0,0,카페테리아,오픈푸드
2023-11-08,0,11,Autumn,0,0,0,카페테리아,오픈푸드
2023-11-09,0,11,Autumn,0,0,0,카페테리아,오픈푸드
2023-11-10,0,11,Autumn,0,0,0,카페테리아,오픈푸드
2023-11-11,0,11,Autumn,1,0,1,카페테리아,오픈푸드
2023-11-12,0,11,Autumn,1,0,1,카페테리아,오픈푸드
2023-11-13,0,11,Autumn,0,0,0,카페테리아,오픈푸드
2023-11-14,0,11,Autumn,0,0,0,카페테리아,오픈푸드
2023-11-15,0,11,Autumn,0,0,0,카페테리아,오픈푸드
2023-11-16,0,11,Autumn,0,0,0,카페테리아,오픈푸드
2023-11-17,50,11,Autumn,0,0,0,카페테리아,오픈푸드
2023-11-18,0,11,Autumn,1,0,1,카페테리아,오픈푸드
2023-11-19,0,11,Autumn,1,0,1,카페테리아,오픈푸드
2023-11-20,0,11,Autumn,0,0,0,카페테리아,오픈푸드
2023-11-21,0,11,Autumn,0,0,0,카페테리아,오픈푸드
2023-11-22,0,11,Autumn,0,0,0,카페테리아,오픈푸드
2023-11-23,0,11,Autumn,0,0,0,카페테리아,오픈푸드
2023-11-24,0,11,Autumn,0,0,0,카페테리아,오픈푸드
2023-11-25,0,11,Autumn,1,0,1,카페테리아,오픈푸드
2023-11-26,0,11,Autumn,1,0,1,카페테리아,오픈푸드
2023-11-27,0,11,Autumn,0,0,0,카페테리아,오픈푸드
2023-11-28,0,11,Autumn,0,0,0,카페테리아,오픈푸드
2023-11-29,0,11,Autumn,0,0,0,카페테리아,오픈푸드
2023-11-30,0,11,Autumn,0,0,0,카페테리아,오픈푸드
2023-12-01,0,12,Winter,0,0,0,카페테리아,오픈푸드
2023-12-02,0,12,Winter,1,0,1,카페테리아,오픈푸드
2023-12-03,0,12,Winter,1,0,1,카페테리아,오픈푸드
2023-12-04,0,12,Winter,0,0,0,카페테리아,오픈푸드
2023-12-05,0,12,Winter,0,0,0,카페테리아,오픈푸드
2023-12-06,0,12,Winter,0,0,0,카페테리아,오픈푸드
2023-12-07,0,12,Winter,0,0,0,카페테리아,오픈푸드
2023-12-08,0,12,Winter,0,0,0,카페테리아,오픈푸드
2023-12-09,3,12,Winter,1,0,1,카페테리아,오픈푸드
2023-12-10,1,12,Winter,1,0,1,카페테리아,오픈푸드
2023-12-11,0,12,Winter,0,0,0,카페테리아,오픈푸드
2023-12-12,2,12,Winter,0,0,0,카페테리아,오픈푸드
2023-12-13,1,12,Winter,0,0,0,카페테리아,오픈푸드
2023-12-14,0,12,Winter,0,0,0,카페테리아,오픈푸드
2023-12-15,0,12,Winter,0,0,0,카페테리아,오픈푸드
2023-12-16,0,12,Winter,1,0,1,카페테리아,오픈푸드
2023-12-17,0,12,Winter,1,0,1,카페테리아,오픈푸드
2023-12-18,1,12,Winter,0,0,0,카페테리아,오픈푸드
2023-12-19,0,12,Winter,0,0,0,카페테리아,오픈푸드
2023-12-20,3,12,Winter,0,0,0,카페테리아,오픈푸드
2023-12-21,1,12,Winter,0,0,0,카페테리아,오픈푸드
2023-12-22,1,12,Winter,0,0,0,카페테리아,오픈푸드
2023-12-23,4,12,Winter,1,0,1,카페테리아,오픈푸드
2023-12-24,3,12,Winter,1,0,1,카페테리아,오픈푸드
2023-12-25,3,12,Winter,0,1,1,카페테리아,오픈푸드
2023-12-26,4,12,Winter,0,0,0,카페테리아,오픈푸드
2023-12-27,1,12,Winter,0,0,0,카페테리아,오픈푸드
2023-12-28,1,12,Winter,0,0,0,카페테리아,오픈푸드
2023-12-29,1,12,Winter,0,0,0,카페테리아,오픈푸드
2023-12-30,3,12,Winter,1,0,1,카페테리아,오픈푸드
2023-12-31,0,12,Winter,1,0,1,카페테리아,오픈푸드
2024-01-01,1,1,Winter,0,1,1,카페테리아,오픈푸드
2024-01-02,0,1,Winter,0,0,0,카페테리아,오픈푸드
2024-01-03,72,1,Winter,0,0,0,카페테리아,오픈푸드
2024-01-04,97,1,Winter,0,0,0,카페테리아,오픈푸드
2024-01-05,98,1,Winter,0,0,0,카페테리아,오픈푸드
2024-01-06,0,1,Winter,1,0,1,카페테리아,오픈푸드
2024-01-07,1,1,Winter,1,0,1,카페테리아,오픈푸드
2024-01-08,1,1,Winter,0,0,0,카페테리아,오픈푸드
2024-01-09,0,1,Winter,0,0,0,카페테리아,오픈푸드
2024-01-10,1,1,Winter,0,0,0,카페테리아,오픈푸드
2024-01-11,1,1,Winter,0,0,0,카페테리아,오픈푸드
2024-01-12,0,1,Winter,0,0,0,카페테리아,오픈푸드
2024-01-13,12,1,Winter,1,0,1,카페테리아,오픈푸드
2024-01-14,1,1,Winter,1,0,1,카페테리아,오픈푸드
2024-01-15,1,1,Winter,0,0,0,카페테리아,오픈푸드
2024-01-16,1,1,Winter,0,0,0,카페테리아,오픈푸드
2024-01-17,3,1,Winter,0,0,0,카페테리아,오픈푸드
2024-01-18,2,1,Winter,0,0,0,카페테리아,오픈푸드
2024-01-19,0,1,Winter,0,0,0,카페테리아,오픈푸드
2024-01-20,1,1,Winter,1,0,1,카페테리아,오픈푸드
2024-01-21,2,1,Winter,1,0,1,카페테리아,오픈푸드
2024-01-22,1,1,Winter,0,0,0,카페테리아,오픈푸드
2024-01-23,0,1,Winter,0,0,0,카페테리아,오픈푸드
2024-01-24,2,1,Winter,0,0,0,카페테리아,오픈푸드
2024-01-25,2,1,Winter,0,0,0,카페테리아,오픈푸드
2024-01-26,0,1,Winter,0,0,0,카페테리아,오픈푸드
2024-01-27,0,1,Winter,1,0,1,카페테리아,오픈푸드
2024-01-28,3,1,Winter,1,0,1,카페테리아,오픈푸드
2024-01-29,1,1,Winter,0,0,0,카페테리아,오픈푸드
2024-01-30,0,1,Winter,0,0,0,카페테리아,오픈푸드
2024-01-31,0,1,Winter,0,0,0,카페테리아,오픈푸드
2024-02-01,1,2,Winter,0,0,0,카페테리아,오픈푸드
2024-02-02,0,2,Winter,0,0,0,카페테리아,오픈푸드
2024-02-03,2,2,Winter,1,0,1,카페테리아,오픈푸드
2024-02-04,2,2,Winter,1,0,1,카페테리아,오픈푸드
2024-02-05,1,2,Winter,0,0,0,카페테리아,오픈푸드
2024-02-06,1,2,Winter,0,0,0,카페테리아,오픈푸드
2024-02-07,2,2,Winter,0,0,0,카페테리아,오픈푸드
2024-02-08,0,2,Winter,0,0,0,카페테리아,오픈푸드
2024-02-09,2,2,Winter,0,1,1,카페테리아,오픈푸드
2024-02-10,0,2,Winter,1,1,1,카페테리아,오픈푸드
2024-02-11,1,2,Winter,1,1,1,카페테리아,오픈푸드
2024-02-12,2,2,Winter,0,1,1,카페테리아,오픈푸드
2024-02-13,1,2,Winter,0,0,0,카페테리아,오픈푸드
2024-02-14,1,2,Winter,0,0,0,카페테리아,오픈푸드
2024-02-15,0,2,Winter,0,0,0,카페테리아,오픈푸드
2024-02-16,1,2,Winter,0,0,0,카페테리아,오픈푸드
2024-02-17,1,2,Winter,1,0,1,카페테리아,오픈푸드
2024-02-18,0,2,Winter,1,0,1,카페테리아,오픈푸드
2024-02-19,0,2,Winter,0,0,0,카페테리아,오픈푸드
2024-02-20,0,2,Winter,0,0,0,카페테리아,오픈푸드
2024-02-21,0,2,Winter,0,0,0,카페테리아,오픈푸드
2024-02-22,2,2,Winter,0,0,0,카페테리아,오픈푸드
2024-02-23,6,2,Winter,0,0,0,카페테리아,오픈푸드
2024-02-24,0,2,Winter,1,0,1,카페테리아,오픈푸드
2024-02-25,0,2,Winter,1,0,1,카페테리아,오픈푸드
2024-02-26,2,2,Winter,0,0,0,카페테리아,오픈푸드
2024-02-27,0,2,Winter,0,0,0,카페테리아,오픈푸드
2024-02-28,1,2,Winter,0,0,0,카페테리아,오픈푸드
2024-02-29,0,2,Winter,0,0,0,카페테리아,오픈푸드
2024-03-01,1,3,Spring,0,1,1,카페테리아,오픈푸드
2024-03-02,2,3,Spring,1,0,1,카페테리아,오픈푸드
2024-03-03,2,3,Spring,1,0,1,카페테리아,오픈푸드
2024-03-04,0,3,Spring,0,0,0,카페테리아,오픈푸드
2024-03-05,0,3,Spring,0,0,0,카페테리아,오픈푸드
2024-03-06,0,3,Spring,0,0,0,카페테리아,오픈푸드
2024-03-07,0,3,Spring,0,0,0,카페테리아,오픈푸드
2024-03-08,0,3,Spring,0,0,0,카페테리아,오픈푸드
2024-03-09,0,3,Spring,1,0,1,카페테리아,오픈푸드
2024-03-10,0,3,Spring,1,0,1,카페테리아,오픈푸드
2024-03-11,0,3,Spring,0,0,0,카페테리아,오픈푸드
2024-03-12,0,3,Spring,0,0,0,카페테리아,오픈푸드
2024-03-13,0,3,Spring,0,0,0,카페테리아,오픈푸드
2024-03-14,0,3,Spring,0,0,0,카페테리아,오픈푸드
2024-03-15,562,3,Spring,0,0,0,카페테리아,오픈푸드
2024-03-16,0,3,Spring,1,0,1,카페테리아,오픈푸드
2024-03-17,0,3,Spring,1,0,1,카페테리아,오픈푸드
2024-03-18,0,3,Spring,0,0,0,카페테리아,오픈푸드
2024-03-19,0,3,Spring,0,0,0,카페테리아,오픈푸드
2024-03-20,0,3,Spring,0,0,0,카페테리아,오픈푸드
2024-03-21,0,3,Spring,0,0,0,카페테리아,오픈푸드
2024-03-22,0,3,Spring,0,0,0,카페테리아,오픈푸드
2024-03-23,0,3,Spring,1,0,1,카페테리아,오픈푸드
2024-03-24,0,3,Spring,1,0,1,카페테리아,오픈푸드
2024-03-25,0,3,Spring,0,0,0,카페테리아,오픈푸드
2024-03-26,0,3,Spring,0,0,0,카페테리아,오픈푸드
2024-03-27,0,3,Spring,0,0,0,카페테리아,오픈푸드
2024-03-28,0,3,Spring,0,0,0,카페테리아,오픈푸드
2024-03-29,0,3,Spring,0,0,0,카페테리아,오픈푸드
2024-03-30,0,3,Spring,1,0,1,카페테리아,오픈푸드
2024-03-31,0,3,Spring,1,0,1,카페테리아,오픈푸드
2024-04-01,33,4,Spring,0,0,0,카페테리아,오픈푸드
2024-04-02,33,4,Spring,0,0,0,카페테리아,오픈푸드
2024-04-03,67,4,Spring,0,0,0,카페테리아,오픈푸드
2024-04-04,67,4,Spring,0,0,0,카페테리아,오픈푸드
2024-04-05,41,4,Spring,0,0,0,카페테리아,오픈푸드
2024-04-06,67,4,Spring,1,0,1,카페테리아,오픈푸드
2024-04-07,34,4,Spring,1,0,1,카페테리아,오픈푸드
2024-04-08,41,4,Spring,0,0,0,카페테리아,오픈푸드
2024-04-09,0,4,Spring,0,0,0,카페테리아,오픈푸드
2024-04-10,0,4,Spring,0,1,1,카페테리아,오픈푸드
2024-04-11,0,4,Spring,0,0,0,카페테리아,오픈푸드
2024-04-12,0,4,Spring,0,0,0,카페테리아,오픈푸드
2024-04-13,0,4,Spring,1,0,1,카페테리아,오픈푸드
2024-04-14,0,4,Spring,1,0,1,카페테리아,오픈푸드
2024-04-15,0,4,Spring,0,0,0,카페테리아,오픈푸드
2024-04-16,0,4,Spring,0,0,0,카페테리아,오픈푸드
2024-04-17,0,4,Spring,0,0,0,카페테리아,오픈푸드
2024-04-18,0,4,Spring,0,0,0,카페테리아,오픈푸드
2024-04-19,0,4,Spring,0,0,0,카페테리아,오픈푸드
2024-04-20,0,4,Spring,1,0,1,카페테리아,오픈푸드
2024-04-21,0,4,Spring,1,0,1,카페테리아,오픈푸드
2024-04-22,0,4,Spring,0,0,0,카페테리아,오픈푸드
2024-04-23,0,4,Spring,0,0,0,카페테리아,오픈푸드
2024-04-24,0,4,Spring,0,0,0,카페테리아,오픈푸드
2024-04-25,0,4,Spring,0,0,0,카페테리아,오픈푸드
2024-04-26,0,4,Spring,0,0,0,카페테리아,오픈푸드
2024-04-27,0,4,Spring,1,0,1,카페테리아,오픈푸드
2024-04-28,0,4,Spring,1,0,1,카페테리아,오픈푸드
2024-04-29,0,4,Spring,0,0,0,카페테리아,오픈푸드
2024-04-30,0,4,Spring,0,0,0,카페테리아,오픈푸드
2024-05-01,0,5,Spring,0,0,0,카페테리아,오픈푸드
2024-05-02,0,5,Spring,0,0,0,카페테리아,오픈푸드
2024-05-03,0,5,Spring,0,0,0,카페테리아,오픈푸드
2024-05-04,0,5,Spring,1,0,1,카페테리아,오픈푸드
2024-05-05,0,5,Spring,1,1,1,카페테리아,오픈푸드
2024-05-06,0,5,Spring,0,1,1,카페테리아,오픈푸드
2024-05-07,0,5,Spring,0,0,0,카페테리아,오픈푸드
2024-05-08,0,5,Spring,0,0,0,카페테리아,오픈푸드
2024-05-09,0,5,Spring,0,0,0,카페테리아,오픈푸드
2024-05-10,0,5,Spring,0,0,0,카페테리아,오픈푸드
2024-05-11,0,5,Spring,1,0,1,카페테리아,오픈푸드
2024-05-12,0,5,Spring,1,0,1,카페테리아,오픈푸드
2024-05-13,0,5,Spring,0,0,0,카페테리아,오픈푸드
2024-05-14,0,5,Spring,0,0,0,카페테리아,오픈푸드
2024-05-15,0,5,Spring,0,1,1,카페테리아,오픈푸드
2024-05-16,0,5,Spring,0,0,0,카페테리아,오픈푸드
2024-05-17,0,5,Spring,0,0,0,카페테리아,오픈푸드
2024-05-18,0,5,Spring,1,0,1,카페테리아,오픈푸드
2024-05-19,0,5,Spring,1,0,1,카페테리아,오픈푸드
2024-05-20,0,5,Spring,0,0,0,카페테리아,오픈푸드
2024-05-21,0,5,Spring,0,0,0,카페테리아,오픈푸드
2024-05-22,0,5,Spring,0,0,0,카페테리아,오픈푸드
2024-05-23,0,5,Spring,0,0,0,카페테리아,오픈푸드
2024-05-24,0,5,Spring,0,0,0,카페테리아,오픈푸드
2024-05-25,0,5,Spring,1,0,1,카페테리아,오픈푸드
2024-05-26,0,5,Spring,1,0,1,카페테리아,오픈푸드
2024-05-27,0,5,Spring,0,0,0,카페테리아,오픈푸드
2024-05-28,0,5,Spring,0,0,0,카페테리아,오픈푸드
2024-05-29,0,5,Spring,0,0,0,카페테리아,오픈푸드
2024-05-30,0,5,Spring,0,0,0,카페테리아,오픈푸드
2024-05-31,0,5,Spring,0,0,0,카페테리아,오픈푸드
2024-06-01,0,6,Summer,1,0,1,카페테리아,오픈푸드
2024-06-02,0,6,Summer,1,0,1,카페테리아,오픈푸드
2024-06-03,0,6,Summer,0,0,0,카페테리아,오픈푸드
2024-06-04,0,6,Summer,0,0,0,카페테리아,오픈푸드
2024-06-05,0,6,Summer,0,0,0,카페테리아,오픈푸드
2024-06-06,0,6,Summer,0,1,1,카페테리아,오픈푸드
2024-06-07,0,6,Summer,0,0,0,카페테리아,오픈푸드
2024-06-08,0,6,Summer,1,0,1,카페테리아,오픈푸드
2024-06-09,0,6,Summer,1,0,1,카페테리아,오픈푸드
2024-06-10,0,6,Summer,0,0,0,카페테리아,오픈푸드
2024-06-11,0,6,Summer,0,0,0,카페테리아,오픈푸드
2024-06-12,0,6,Summer,0,0,0,카페테리아,오픈푸드
2024-06-13,0,6,Summer,0,0,0,카페테리아,오픈푸드
2024-06-14,0,6,Summer,0,0,0,카페테리아,오픈푸드
2024-06-15,0,6,Summer,1,0,1,카페테리아,오픈푸드
2023-01-01,0,1,Winter,1,1,1,카페테리아,진사골 설렁탕
2023-01-02,0,1,Winter,0,0,0,카페테리아,진사골 설렁탕
2023-01-03,0,1,Winter,0,0,0,카페테리아,진사골 설렁탕
2023-01-04,0,1,Winter,0,0,0,카페테리아,진사골 설렁탕
2023-01-05,0,1,Winter,0,0,0,카페테리아,진사골 설렁탕
2023-01-06,0,1,Winter,0,0,0,카페테리아,진사골 설렁탕
2023-01-07,0,1,Winter,1,0,1,카페테리아,진사골 설렁탕
2023-01-08,0,1,Winter,1,0,1,카페테리아,진사골 설렁탕
2023-01-09,0,1,Winter,0,0,0,카페테리아,진사골 설렁탕
2023-01-10,0,1,Winter,0,0,0,카페테리아,진사골 설렁탕
2023-01-11,0,1,Winter,0,0,0,카페테리아,진사골 설렁탕
2023-01-12,0,1,Winter,0,0,0,카페테리아,진사골 설렁탕
2023-01-13,0,1,Winter,0,0,0,카페테리아,진사골 설렁탕
2023-01-14,0,1,Winter,1,0,1,카페테리아,진사골 설렁탕
2023-01-15,0,1,Winter,1,0,1,카페테리아,진사골 설렁탕
2023-01-16,0,1,Winter,0,0,0,카페테리아,진사골 설렁탕
2023-01-17,0,1,Winter,0,0,0,카페테리아,진사골 설렁탕
2023-01-18,0,1,Winter,0,0,0,카페테리아,진사골 설렁탕
2023-01-19,0,1,Winter,0,0,0,카페테리아,진사골 설렁탕
2023-01-20,0,1,Winter,0,0,0,카페테리아,진사골 설렁탕
2023-01-21,0,1,Winter,1,1,1,카페테리아,진사골 설렁탕
2023-01-22,0,1,Winter,1,1,1,카페테리아,진사골 설렁탕
2023-01-23,0,1,Winter,0,1,1,카페테리아,진사골 설렁탕
2023-01-24,0,1,Winter,0,1,1,카페테리아,진사골 설렁탕
2023-01-25,0,1,Winter,0,0,0,카페테리아,진사골 설렁탕
2023-01-26,0,1,Winter,0,0,0,카페테리아,진사골 설렁탕
2023-01-27,0,1,Winter,0,0,0,카페테리아,진사골 설렁탕
2023-01-28,0,1,Winter,1,0,1,카페테리아,진사골 설렁탕
2023-01-29,0,1,Winter,1,0,1,카페테리아,진사골 설렁탕
2023-01-30,0,1,Winter,0,0,0,카페테리아,진사골 설렁탕
2023-01-31,0,1,Winter,0,0,0,카페테리아,진사골 설렁탕
2023-02-01,0,2,Winter,0,0,0,카페테리아,진사골 설렁탕
2023-02-02,0,2,Winter,0,0,0,카페테리아,진사골 설렁탕
2023-02-03,0,2,Winter,0,0,0,카페테리아,진사골 설렁탕
2023-02-04,0,2,Winter,1,0,1,카페테리아,진사골 설렁탕
2023-02-05,0,2,Winter,1,0,1,카페테리아,진사골 설렁탕
2023-02-06,0,2,Winter,0,0,0,카페테리아,진사골 설렁탕
2023-02-07,0,2,Winter,0,0,0,카페테리아,진사골 설렁탕
2023-02-08,0,2,Winter,0,0,0,카페테리아,진사골 설렁탕
2023-02-09,0,2,Winter,0,0,0,카페테리아,진사골 설렁탕
2023-02-10,0,2,Winter,0,0,0,카페테리아,진사골 설렁탕
2023-02-11,0,2,Winter,1,0,1,카페테리아,진사골 설렁탕
2023-02-12,0,2,Winter,1,0,1,카페테리아,진사골 설렁탕
2023-02-13,0,2,Winter,0,0,0,카페테리아,진사골 설렁탕
2023-02-14,0,2,Winter,0,0,0,카페테리아,진사골 설렁탕
2023-02-15,0,2,Winter,0,0,0,카페테리아,진사골 설렁탕
2023-02-16,0,2,Winter,0,0,0,카페테리아,진사골 설렁탕
2023-02-17,0,2,Winter,0,0,0,카페테리아,진사골 설렁탕
2023-02-18,0,2,Winter,1,0,1,카페테리아,진사골 설렁탕
2023-02-19,0,2,Winter,1,0,1,카페테리아,진사골 설렁탕
2023-02-20,0,2,Winter,0,0,0,카페테리아,진사골 설렁탕
2023-02-21,0,2,Winter,0,0,0,카페테리아,진사골 설렁탕
2023-02-22,0,2,Winter,0,0,0,카페테리아,진사골 설렁탕
2023-02-23,0,2,Winter,0,0,0,카페테리아,진사골 설렁탕
2023-02-24,0,2,Winter,0,0,0,카페테리아,진사골 설렁탕
2023-02-25,0,2,Winter,1,0,1,카페테리아,진사골 설렁탕
2023-02-26,0,2,Winter,1,0,1,카페테리아,진사골 설렁탕
2023-02-27,0,2,Winter,0,0,0,카페테리아,진사골 설렁탕
2023-02-28,0,2,Winter,0,0,0,카페테리아,진사골 설렁탕
2023-03-01,0,3,Spring,0,1,1,카페테리아,진사골 설렁탕
2023-03-02,0,3,Spring,0,0,0,카페테리아,진사골 설렁탕
2023-03-03,0,3,Spring,0,0,0,카페테리아,진사골 설렁탕
2023-03-04,0,3,Spring,1,0,1,카페테리아,진사골 설렁탕
2023-03-05,0,3,Spring,1,0,1,카페테리아,진사골 설렁탕
2023-03-06,0,3,Spring,0,0,0,카페테리아,진사골 설렁탕
2023-03-07,0,3,Spring,0,0,0,카페테리아,진사골 설렁탕
2023-03-08,0,3,Spring,0,0,0,카페테리아,진사골 설렁탕
2023-03-09,0,3,Spring,0,0,0,카페테리아,진사골 설렁탕
2023-03-10,0,3,Spring,0,0,0,카페테리아,진사골 설렁탕
2023-03-11,0,3,Spring,1,0,1,카페테리아,진사골 설렁탕
2023-03-12,0,3,Spring,1,0,1,카페테리아,진사골 설렁탕
2023-03-13,0,3,Spring,0,0,0,카페테리아,진사골 설렁탕
2023-03-14,0,3,Spring,0,0,0,카페테리아,진사골 설렁탕
2023-03-15,0,3,Spring,0,0,0,카페테리아,진사골 설렁탕
2023-03-16,0,3,Spring,0,0,0,카페테리아,진사골 설렁탕
2023-03-17,0,3,Spring,0,0,0,카페테리아,진사골 설렁탕
2023-03-18,0,3,Spring,1,0,1,카페테리아,진사골 설렁탕
2023-03-19,0,3,Spring,1,0,1,카페테리아,진사골 설렁탕
2023-03-20,0,3,Spring,0,0,0,카페테리아,진사골 설렁탕
2023-03-21,0,3,Spring,0,0,0,카페테리아,진사골 설렁탕
2023-03-22,0,3,Spring,0,0,0,카페테리아,진사골 설렁탕
2023-03-23,0,3,Spring,0,0,0,카페테리아,진사골 설렁탕
2023-03-24,0,3,Spring,0,0,0,카페테리아,진사골 설렁탕
2023-03-25,0,3,Spring,1,0,1,카페테리아,진사골 설렁탕
2023-03-26,0,3,Spring,1,0,1,카페테리아,진사골 설렁탕
2023-03-27,0,3,Spring,0,0,0,카페테리아,진사골 설렁탕
2023-03-28,0,3,Spring,0,0,0,카페테리아,진사골 설렁탕
2023-03-29,0,3,Spring,0,0,0,카페테리아,진사골 설렁탕
2023-03-30,0,3,Spring,0,0,0,카페테리아,진사골 설렁탕
2023-03-31,0,3,Spring,0,0,0,카페테리아,진사골 설렁탕
2023-04-01,0,4,Spring,1,0,1,카페테리아,진사골 설렁탕
2023-04-02,0,4,Spring,1,0,1,카페테리아,진사골 설렁탕
2023-04-03,0,4,Spring,0,0,0,카페테리아,진사골 설렁탕
2023-04-04,0,4,Spring,0,0,0,카페테리아,진사골 설렁탕
2023-04-05,0,4,Spring,0,0,0,카페테리아,진사골 설렁탕
2023-04-06,0,4,Spring,0,0,0,카페테리아,진사골 설렁탕
2023-04-07,0,4,Spring,0,0,0,카페테리아,진사골 설렁탕
2023-04-08,0,4,Spring,1,0,1,카페테리아,진사골 설렁탕
2023-04-09,0,4,Spring,1,0,1,카페테리아,진사골 설렁탕
2023-04-10,0,4,Spring,0,0,0,카페테리아,진사골 설렁탕
2023-04-11,0,4,Spring,0,0,0,카페테리아,진사골 설렁탕
2023-04-12,0,4,Spring,0,0,0,카페테리아,진사골 설렁탕
2023-04-13,0,4,Spring,0,0,0,카페테리아,진사골 설렁탕
2023-04-14,0,4,Spring,0,0,0,카페테리아,진사골 설렁탕
2023-04-15,0,4,Spring,1,0,1,카페테리아,진사골 설렁탕
2023-04-16,0,4,Spring,1,0,1,카페테리아,진사골 설렁탕
2023-04-17,0,4,Spring,0,0,0,카페테리아,진사골 설렁탕
2023-04-18,0,4,Spring,0,0,0,카페테리아,진사골 설렁탕
2023-04-19,0,4,Spring,0,0,0,카페테리아,진사골 설렁탕
2023-04-20,0,4,Spring,0,0,0,카페테리아,진사골 설렁탕
2023-04-21,0,4,Spring,0,0,0,카페테리아,진사골 설렁탕
2023-04-22,0,4,Spring,1,0,1,카페테리아,진사골 설렁탕
2023-04-23,0,4,Spring,1,0,1,카페테리아,진사골 설렁탕
2023-04-24,0,4,Spring,0,0,0,카페테리아,진사골 설렁탕
2023-04-25,0,4,Spring,0,0,0,카페테리아,진사골 설렁탕
2023-04-26,0,4,Spring,0,0,0,카페테리아,진사골 설렁탕
2023-04-27,0,4,Spring,0,0,0,카페테리아,진사골 설렁탕
2023-04-28,0,4,Spring,0,0,0,카페테리아,진사골 설렁탕
2023-04-29,0,4,Spring,1,0,1,카페테리아,진사골 설렁탕
2023-04-30,0,4,Spring,1,0,1,카페테리아,진사골 설렁탕
2023-05-01,0,5,Spring,0,0,0,카페테리아,진사골 설렁탕
2023-05-02,0,5,Spring,0,0,0,카페테리아,진사골 설렁탕
2023-05-03,0,5,Spring,0,0,0,카페테리아,진사골 설렁탕
2023-05-04,0,5,Spring,0,0,0,카페테리아,진사골 설렁탕
2023-05-05,0,5,Spring,0,1,1,카페테리아,진사골 설렁탕
2023-05-06,0,5,Spring,1,0,1,카페테리아,진사골 설렁탕
2023-05-07,0,5,Spring,1,0,1,카페테리아,진사골 설렁탕
2023-05-08,0,5,Spring,0,0,0,카페테리아,진사골 설렁탕
2023-05-09,0,5,Spring,0,0,0,카페테리아,진사골 설렁탕
2023-05-10,0,5,Spring,0,0,0,카페테리아,진사골 설렁탕
2023-05-11,0,5,Spring,0,0,0,카페테리아,진사골 설렁탕
2023-05-12,0,5,Spring,0,0,0,카페테리아,진사골 설렁탕
2023-05-13,0,5,Spring,1,0,1,카페테리아,진사골 설렁탕
2023-05-14,0,5,Spring,1,0,1,카페테리아,진사골 설렁탕
2023-05-15,0,5,Spring,0,0,0,카페테리아,진사골 설렁탕
2023-05-16,0,5,Spring,0,0,0,카페테리아,진사골 설렁탕
2023-05-17,0,5,Spring,0,0,0,카페테리아,진사골 설렁탕
2023-05-18,0,5,Spring,0,0,0,카페테리아,진사골 설렁탕
2023-05-19,0,5,Spring,0,0,0,카페테리아,진사골 설렁탕
2023-05-20,0,5,Spring,1,0,1,카페테리아,진사골 설렁탕
2023-05-21,0,5,Spring,1,0,1,카페테리아,진사골 설렁탕
2023-05-22,0,5,Spring,0,0,0,카페테리아,진사골 설렁탕
2023-05-23,0,5,Spring,0,0,0,카페테리아,진사골 설렁탕
2023-05-24,0,5,Spring,0,0,0,카페테리아,진사골 설렁탕
2023-05-25,0,5,Spring,0,0,0,카페테리아,진사골 설렁탕
2023-05-26,0,5,Spring,0,0,0,카페테리아,진사골 설렁탕
2023-05-27,0,5,Spring,1,1,1,카페테리아,진사골 설렁탕
2023-05-28,0,5,Spring,1,0,1,카페테리아,진사골 설렁탕
2023-05-29,0,5,Spring,0,1,1,카페테리아,진사골 설렁탕
2023-05-30,0,5,Spring,0,0,0,카페테리아,진사골 설렁탕
2023-05-31,0,5,Spring,0,0,0,카페테리아,진사골 설렁탕
2023-06-01,0,6,Summer,0,0,0,카페테리아,진사골 설렁탕
2023-06-02,0,6,Summer,0,0,0,카페테리아,진사골 설렁탕
2023-06-03,0,6,Summer,1,0,1,카페테리아,진사골 설렁탕
2023-06-04,0,6,Summer,1,0,1,카페테리아,진사골 설렁탕
2023-06-05,0,6,Summer,0,0,0,카페테리아,진사골 설렁탕
2023-06-06,0,6,Summer,0,1,1,카페테리아,진사골 설렁탕
2023-06-07,0,6,Summer,0,0,0,카페테리아,진사골 설렁탕
2023-06-08,0,6,Summer,0,0,0,카페테리아,진사골 설렁탕
2023-06-09,0,6,Summer,0,0,0,카페테리아,진사골 설렁탕
2023-06-10,0,6,Summer,1,0,1,카페테리아,진사골 설렁탕
2023-06-11,0,6,Summer,1,0,1,카페테리아,진사골 설렁탕
2023-06-12,0,6,Summer,0,0,0,카페테리아,진사골 설렁탕
2023-06-13,0,6,Summer,0,0,0,카페테리아,진사골 설렁탕
2023-06-14,0,6,Summer,0,0,0,카페테리아,진사골 설렁탕
2023-06-15,0,6,Summer,0,0,0,카페테리아,진사골 설렁탕
2023-06-16,0,6,Summer,0,0,0,카페테리아,진사골 설렁탕
2023-06-17,0,6,Summer,1,0,1,카페테리아,진사골 설렁탕
2023-06-18,0,6,Summer,1,0,1,카페테리아,진사골 설렁탕
2023-06-19,0,6,Summer,0,0,0,카페테리아,진사골 설렁탕
2023-06-20,0,6,Summer,0,0,0,카페테리아,진사골 설렁탕
2023-06-21,0,6,Summer,0,0,0,카페테리아,진사골 설렁탕
2023-06-22,0,6,Summer,0,0,0,카페테리아,진사골 설렁탕
2023-06-23,0,6,Summer,0,0,0,카페테리아,진사골 설렁탕
2023-06-24,0,6,Summer,1,0,1,카페테리아,진사골 설렁탕
2023-06-25,0,6,Summer,1,0,1,카페테리아,진사골 설렁탕
2023-06-26,0,6,Summer,0,0,0,카페테리아,진사골 설렁탕
2023-06-27,0,6,Summer,0,0,0,카페테리아,진사골 설렁탕
2023-06-28,0,6,Summer,0,0,0,카페테리아,진사골 설렁탕
2023-06-29,0,6,Summer,0,0,0,카페테리아,진사골 설렁탕
2023-06-30,0,6,Summer,0,0,0,카페테리아,진사골 설렁탕
2023-07-01,0,7,Summer,1,0,1,카페테리아,진사골 설렁탕
2023-07-02,0,7,Summer,1,0,1,카페테리아,진사골 설렁탕
2023-07-03,0,7,Summer,0,0,0,카페테리아,진사골 설렁탕
2023-07-04,0,7,Summer,0,0,0,카페테리아,진사골 설렁탕
2023-07-05,0,7,Summer,0,0,0,카페테리아,진사골 설렁탕
2023-07-06,0,7,Summer,0,0,0,카페테리아,진사골 설렁탕
2023-07-07,0,7,Summer,0,0,0,카페테리아,진사골 설렁탕
2023-07-08,0,7,Summer,1,0,1,카페테리아,진사골 설렁탕
2023-07-09,0,7,Summer,1,0,1,카페테리아,진사골 설렁탕
2023-07-10,0,7,Summer,0,0,0,카페테리아,진사골 설렁탕
2023-07-11,0,7,Summer,0,0,0,카페테리아,진사골 설렁탕
2023-07-12,0,7,Summer,0,0,0,카페테리아,진사골 설렁탕
2023-07-13,0,7,Summer,0,0,0,카페테리아,진사골 설렁탕
2023-07-14,0,7,Summer,0,0,0,카페테리아,진사골 설렁탕
2023-07-15,0,7,Summer,1,0,1,카페테리아,진사골 설렁탕
2023-07-16,0,7,Summer,1,0,1,카페테리아,진사골 설렁탕
2023-07-17,0,7,Summer,0,0,0,카페테리아,진사골 설렁탕
2023-07-18,0,7,Summer,0,0,0,카페테리아,진사골 설렁탕
2023-07-19,0,7,Summer,0,0,0,카페테리아,진사골 설렁탕
2023-07-20,0,7,Summer,0,0,0,카페테리아,진사골 설렁탕
2023-07-21,0,7,Summer,0,0,0,카페테리아,진사골 설렁탕
2023-07-22,0,7,Summer,1,0,1,카페테리아,진사골 설렁탕
2023-07-23,0,7,Summer,1,0,1,카페테리아,진사골 설렁탕
2023-07-24,0,7,Summer,0,0,0,카페테리아,진사골 설렁탕
2023-07-25,0,7,Summer,0,0,0,카페테리아,진사골 설렁탕
2023-07-26,0,7,Summer,0,0,0,카페테리아,진사골 설렁탕
2023-07-27,0,7,Summer,0,0,0,카페테리아,진사골 설렁탕
2023-07-28,0,7,Summer,0,0,0,카페테리아,진사골 설렁탕
2023-07-29,0,7,Summer,1,0,1,카페테리아,진사골 설렁탕
2023-07-30,0,7,Summer,1,0,1,카페테리아,진사골 설렁탕
2023-07-31,0,7,Summer,0,0,0,카페테리아,진사골 설렁탕
2023-08-01,0,8,Summer,0,0,0,카페테리아,진사골 설렁탕
2023-08-02,0,8,Summer,0,0,0,카페테리아,진사골 설렁탕
2023-08-03,0,8,Summer,0,0,0,카페테리아,진사골 설렁탕
2023-08-04,0,8,Summer,0,0,0,카페테리아,진사골 설렁탕
2023-08-05,0,8,Summer,1,0,1,카페테리아,진사골 설렁탕
2023-08-06,0,8,Summer,1,0,1,카페테리아,진사골 설렁탕
2023-08-07,0,8,Summer,0,0,0,카페테리아,진사골 설렁탕
2023-08-08,0,8,Summer,0,0,0,카페테리아,진사골 설렁탕
2023-08-09,0,8,Summer,0,0,0,카페테리아,진사골 설렁탕
2023-08-10,0,8,Summer,0,0,0,카페테리아,진사골 설렁탕
2023-08-11,0,8,Summer,0,0,0,카페테리아,진사골 설렁탕
2023-08-12,0,8,Summer,1,0,1,카페테리아,진사골 설렁탕
2023-08-13,0,8,Summer,1,0,1,카페테리아,진사골 설렁탕
2023-08-14,0,8,Summer,0,0,0,카페테리아,진사골 설렁탕
2023-08-15,0,8,Summer,0,1,1,카페테리아,진사골 설렁탕
2023-08-16,0,8,Summer,0,0,0,카페테리아,진사골 설렁탕
2023-08-17,0,8,Summer,0,0,0,카페테리아,진사골 설렁탕
2023-08-18,0,8,Summer,0,0,0,카페테리아,진사골 설렁탕
2023-08-19,0,8,Summer,1,0,1,카페테리아,진사골 설렁탕
2023-08-20,0,8,Summer,1,0,1,카페테리아,진사골 설렁탕
2023-08-21,0,8,Summer,0,0,0,카페테리아,진사골 설렁탕
2023-08-22,0,8,Summer,0,0,0,카페테리아,진사골 설렁탕
2023-08-23,0,8,Summer,0,0,0,카페테리아,진사골 설렁탕
2023-08-24,0,8,Summer,0,0,0,카페테리아,진사골 설렁탕
2023-08-25,0,8,Summer,0,0,0,카페테리아,진사골 설렁탕
2023-08-26,0,8,Summer,1,0,1,카페테리아,진사골 설렁탕
2023-08-27,0,8,Summer,1,0,1,카페테리아,진사골 설렁탕
2023-08-28,0,8,Summer,0,0,0,카페테리아,진사골 설렁탕
2023-08-29,0,8,Summer,0,0,0,카페테리아,진사골 설렁탕
2023-08-30,0,8,Summer,0,0,0,카페테리아,진사골 설렁탕
2023-08-31,0,8,Summer,0,0,0,카페테리아,진사골 설렁탕
2023-09-01,0,9,Autumn,0,0,0,카페테리아,진사골 설렁탕
2023-09-02,0,9,Autumn,1,0,1,카페테리아,진사골 설렁탕
2023-09-03,0,9,Autumn,1,0,1,카페테리아,진사골 설렁탕
2023-09-04,0,9,Autumn,0,0,0,카페테리아,진사골 설렁탕
2023-09-05,0,9,Autumn,0,0,0,카페테리아,진사골 설렁탕
2023-09-06,0,9,Autumn,0,0,0,카페테리아,진사골 설렁탕
2023-09-07,0,9,Autumn,0,0,0,카페테리아,진사골 설렁탕
2023-09-08,0,9,Autumn,0,0,0,카페테리아,진사골 설렁탕
2023-09-09,0,9,Autumn,1,0,1,카페테리아,진사골 설렁탕
2023-09-10,0,9,Autumn,1,0,1,카페테리아,진사골 설렁탕
2023-09-11,0,9,Autumn,0,0,0,카페테리아,진사골 설렁탕
2023-09-12,0,9,Autumn,0,0,0,카페테리아,진사골 설렁탕
2023-09-13,0,9,Autumn,0,0,0,카페테리아,진사골 설렁탕
2023-09-14,0,9,Autumn,0,0,0,카페테리아,진사골 설렁탕
2023-09-15,0,9,Autumn,0,0,0,카페테리아,진사골 설렁탕
2023-09-16,0,9,Autumn,1,0,1,카페테리아,진사골 설렁탕
2023-09-17,0,9,Autumn,1,0,1,카페테리아,진사골 설렁탕
2023-09-18,0,9,Autumn,0,0,0,카페테리아,진사골 설렁탕
2023-09-19,0,9,Autumn,0,0,0,카페테리아,진사골 설렁탕
2023-09-20,0,9,Autumn,0,0,0,카페테리아,진사골 설렁탕
2023-09-21,0,9,Autumn,0,0,0,카페테리아,진사골 설렁탕
2023-09-22,0,9,Autumn,0,0,0,카페테리아,진사골 설렁탕
2023-09-23,0,9,Autumn,1,0,1,카페테리아,진사골 설렁탕
2023-09-24,0,9,Autumn,1,0,1,카페테리아,진사골 설렁탕
2023-09-25,0,9,Autumn,0,0,0,카페테리아,진사골 설렁탕
2023-09-26,0,9,Autumn,0,0,0,카페테리아,진사골 설렁탕
2023-09-27,0,9,Autumn,0,0,0,카페테리아,진사골 설렁탕
2023-09-28,0,9,Autumn,0,1,1,카페테리아,진사골 설렁탕
2023-09-29,0,9,Autumn,0,1,1,카페테리아,진사골 설렁탕
2023-09-30,0,9,Autumn,1,1,1,카페테리아,진사골 설렁탕
2023-10-01,0,10,Autumn,1,0,1,카페테리아,진사골 설렁탕
2023-10-02,0,10,Autumn,0,1,1,카페테리아,진사골 설렁탕
2023-10-03,0,10,Autumn,0,1,1,카페테리아,진사골 설렁탕
2023-10-04,0,10,Autumn,0,0,0,카페테리아,진사골 설렁탕
2023-10-05,0,10,Autumn,0,0,0,카페테리아,진사골 설렁탕
2023-10-06,0,10,Autumn,0,0,0,카페테리아,진사골 설렁탕
2023-10-07,0,10,Autumn,1,0,1,카페테리아,진사골 설렁탕
2023-10-08,0,10,Autumn,1,0,1,카페테리아,진사골 설렁탕
2023-10-09,0,10,Autumn,0,1,1,카페테리아,진사골 설렁탕
2023-10-10,0,10,Autumn,0,0,0,카페테리아,진사골 설렁탕
2023-10-11,0,10,Autumn,0,0,0,카페테리아,진사골 설렁탕
2023-10-12,0,10,Autumn,0,0,0,카페테리아,진사골 설렁탕
2023-10-13,0,10,Autumn,0,0,0,카페테리아,진사골 설렁탕
2023-10-14,0,10,Autumn,1,0,1,카페테리아,진사골 설렁탕
2023-10-15,0,10,Autumn,1,0,1,카페테리아,진사골 설렁탕
2023-10-16,0,10,Autumn,0,0,0,카페테리아,진사골 설렁탕
2023-10-17,0,10,Autumn,0,0,0,카페테리아,진사골 설렁탕
2023-10-18,0,10,Autumn,0,0,0,카페테리아,진사골 설렁탕
2023-10-19,0,10,Autumn,0,0,0,카페테리아,진사골 설렁탕
2023-10-20,0,10,Autumn,0,0,0,카페테리아,진사골 설렁탕
2023-10-21,0,10,Autumn,1,0,1,카페테리아,진사골 설렁탕
2023-10-22,0,10,Autumn,1,0,1,카페테리아,진사골 설렁탕
2023-10-23,0,10,Autumn,0,0,0,카페테리아,진사골 설렁탕
2023-10-24,0,10,Autumn,0,0,0,카페테리아,진사골 설렁탕
2023-10-25,0,10,Autumn,0,0,0,카페테리아,진사골 설렁탕
2023-10-26,0,10,Autumn,0,0,0,카페테리아,진사골 설렁탕
2023-10-27,0,10,Autumn,0,0,0,카페테리아,진사골 설렁탕
2023-10-28,0,10,Autumn,1,0,1,카페테리아,진사골 설렁탕
2023-10-29,0,10,Autumn,1,0,1,카페테리아,진사골 설렁탕
2023-10-30,0,10,Autumn,0,0,0,카페테리아,진사골 설렁탕
2023-10-31,0,10,Autumn,0,0,0,카페테리아,진사골 설렁탕
2023-11-01,0,11,Autumn,0,0,0,카페테리아,진사골 설렁탕
2023-11-02,0,11,Autumn,0,0,0,카페테리아,진사골 설렁탕
2023-11-03,0,11,Autumn,0,0,0,카페테리아,진사골 설렁탕
2023-11-04,0,11,Autumn,1,0,1,카페테리아,진사골 설렁탕
2023-11-05,0,11,Autumn,1,0,1,카페테리아,진사골 설렁탕
2023-11-06,0,11,Autumn,0,0,0,카페테리아,진사골 설렁탕
2023-11-07,0,11,Autumn,0,0,0,카페테리아,진사골 설렁탕
2023-11-08,0,11,Autumn,0,0,0,카페테리아,진사골 설렁탕
2023-11-09,0,11,Autumn,0,0,0,카페테리아,진사골 설렁탕
2023-11-10,0,11,Autumn,0,0,0,카페테리아,진사골 설렁탕
2023-11-11,0,11,Autumn,1,0,1,카페테리아,진사골 설렁탕
2023-11-12,0,11,Autumn,1,0,1,카페테리아,진사골 설렁탕
2023-11-13,0,11,Autumn,0,0,0,카페테리아,진사골 설렁탕
2023-11-14,0,11,Autumn,0,0,0,카페테리아,진사골 설렁탕
2023-11-15,0,11,Autumn,0,0,0,카페테리아,진사골 설렁탕
2023-11-16,0,11,Autumn,0,0,0,카페테리아,진사골 설렁탕
2023-11-17,0,11,Autumn,0,0,0,카페테리아,진사골 설렁탕
2023-11-18,0,11,Autumn,1,0,1,카페테리아,진사골 설렁탕
2023-11-19,0,11,Autumn,1,0,1,카페테리아,진사골 설렁탕
2023-11-20,0,11,Autumn,0,0,0,카페테리아,진사골 설렁탕
2023-11-21,0,11,Autumn,0,0,0,카페테리아,진사골 설렁탕
2023-11-22,0,11,Autumn,0,0,0,카페테리아,진사골 설렁탕
2023-11-23,0,11,Autumn,0,0,0,카페테리아,진사골 설렁탕
2023-11-24,0,11,Autumn,0,0,0,카페테리아,진사골 설렁탕
2023-11-25,0,11,Autumn,1,0,1,카페테리아,진사골 설렁탕
2023-11-26,0,11,Autumn,1,0,1,카페테리아,진사골 설렁탕
2023-11-27,0,11,Autumn,0,0,0,카페테리아,진사골 설렁탕
2023-11-28,0,11,Autumn,0,0,0,카페테리아,진사골 설렁탕
2023-11-29,0,11,Autumn,0,0,0,카페테리아,진사골 설렁탕
2023-11-30,0,11,Autumn,0,0,0,카페테리아,진사골 설렁탕
2023-12-01,0,12,Winter,0,0,0,카페테리아,진사골 설렁탕
2023-12-02,0,12,Winter,1,0,1,카페테리아,진사골 설렁탕
2023-12-03,0,12,Winter,1,0,1,카페테리아,진사골 설렁탕
2023-12-04,0,12,Winter,0,0,0,카페테리아,진사골 설렁탕
2023-12-05,0,12,Winter,0,0,0,카페테리아,진사골 설렁탕
2023-12-06,4,12,Winter,0,0,0,카페테리아,진사골 설렁탕
2023-12-07,7,12,Winter,0,0,0,카페테리아,진사골 설렁탕
2023-12-08,28,12,Winter,0,0,0,카페테리아,진사골 설렁탕
2023-12-09,65,12,Winter,1,0,1,카페테리아,진사골 설렁탕
2023-12-10,45,12,Winter,1,0,1,카페테리아,진사골 설렁탕
2023-12-11,7,12,Winter,0,0,0,카페테리아,진사골 설렁탕
2023-12-12,18,12,Winter,0,0,0,카페테리아,진사골 설렁탕
2023-12-13,16,12,Winter,0,0,0,카페테리아,진사골 설렁탕
2023-12-14,14,12,Winter,0,0,0,카페테리아,진사골 설렁탕
2023-12-15,9,12,Winter,0,0,0,카페테리아,진사골 설렁탕
2023-12-16,49,12,Winter,1,0,1,카페테리아,진사골 설렁탕
2023-12-17,29,12,Winter,1,0,1,카페테리아,진사골 설렁탕
2023-12-18,61,12,Winter,0,0,0,카페테리아,진사골 설렁탕
2023-12-19,75,12,Winter,0,0,0,카페테리아,진사골 설렁탕
2023-12-20,84,12,Winter,0,0,0,카페테리아,진사골 설렁탕
2023-12-21,60,12,Winter,0,0,0,카페테리아,진사골 설렁탕
2023-12-22,91,12,Winter,0,0,0,카페테리아,진사골 설렁탕
2023-12-23,91,12,Winter,1,0,1,카페테리아,진사골 설렁탕
2023-12-24,121,12,Winter,1,0,1,카페테리아,진사골 설렁탕
2023-12-25,92,12,Winter,0,1,1,카페테리아,진사골 설렁탕
2023-12-26,94,12,Winter,0,0,0,카페테리아,진사골 설렁탕
2023-12-27,98,12,Winter,0,0,0,카페테리아,진사골 설렁탕
2023-12-28,94,12,Winter,0,0,0,카페테리아,진사골 설렁탕
2023-12-29,95,12,Winter,0,0,0,카페테리아,진사골 설렁탕
2023-12-30,138,12,Winter,1,0,1,카페테리아,진사골 설렁탕
2023-12-31,101,12,Winter,1,0,1,카페테리아,진사골 설렁탕
2024-01-01,112,1,Winter,0,1,1,카페테리아,진사골 설렁탕
2024-01-02,81,1,Winter,0,0,0,카페테리아,진사골 설렁탕
2024-01-03,62,1,Winter,0,0,0,카페테리아,진사골 설렁탕
2024-01-04,55,1,Winter,0,0,0,카페테리아,진사골 설렁탕
2024-01-05,52,1,Winter,0,0,0,카페테리아,진사골 설렁탕
2024-01-06,83,1,Winter,1,0,1,카페테리아,진사골 설렁탕
2024-01-07,69,1,Winter,1,0,1,카페테리아,진사골 설렁탕
2024-01-08,58,1,Winter,0,0,0,카페테리아,진사골 설렁탕
2024-01-09,64,1,Winter,0,0,0,카페테리아,진사골 설렁탕
2024-01-10,51,1,Winter,0,0,0,카페테리아,진사골 설렁탕
2024-01-11,50,1,Winter,0,0,0,카페테리아,진사골 설렁탕
2024-01-12,74,1,Winter,0,0,0,카페테리아,진사골 설렁탕
2024-01-13,137,1,Winter,1,0,1,카페테리아,진사골 설렁탕
2024-01-14,78,1,Winter,1,0,1,카페테리아,진사골 설렁탕
2024-01-15,66,1,Winter,0,0,0,카페테리아,진사골 설렁탕
2024-01-16,62,1,Winter,0,0,0,카페테리아,진사골 설렁탕
2024-01-17,50,1,Winter,0,0,0,카페테리아,진사골 설렁탕
2024-01-18,52,1,Winter,0,0,0,카페테리아,진사골 설렁탕
2024-01-19,62,1,Winter,0,0,0,카페테리아,진사골 설렁탕
2024-01-20,103,1,Winter,1,0,1,카페테리아,진사골 설렁탕
2024-01-21,60,1,Winter,1,0,1,카페테리아,진사골 설렁탕
2024-01-22,64,1,Winter,0,0,0,카페테리아,진사골 설렁탕
2024-01-23,43,1,Winter,0,0,0,카페테리아,진사골 설렁탕
2024-01-24,47,1,Winter,0,0,0,카페테리아,진사골 설렁탕
2024-01-25,40,1,Winter,0,0,0,카페테리아,진사골 설렁탕
2024-01-26,40,1,Winter,0,0,0,카페테리아,진사골 설렁탕
2024-01-27,68,1,Winter,1,0,1,카페테리아,진사골 설렁탕
2024-01-28,57,1,Winter,1,0,1,카페테리아,진사골 설렁탕
2024-01-29,56,1,Winter,0,0,0,카페테리아,진사골 설렁탕
2024-01-30,51,1,Winter,0,0,0,카페테리아,진사골 설렁탕
2024-01-31,48,1,Winter,0,0,0,카페테리아,진사골 설렁탕
2024-02-01,35,2,Winter,0,0,0,카페테리아,진사골 설렁탕
2024-02-02,50,2,Winter,0,0,0,카페테리아,진사골 설렁탕
2024-02-03,67,2,Winter,1,0,1,카페테리아,진사골 설렁탕
2024-02-04,47,2,Winter,1,0,1,카페테리아,진사골 설렁탕
2024-02-05,40,2,Winter,0,0,0,카페테리아,진사골 설렁탕
2024-02-06,54,2,Winter,0,0,0,카페테리아,진사골 설렁탕
2024-02-07,41,2,Winter,0,0,0,카페테리아,진사골 설렁탕
2024-02-08,60,2,Winter,0,0,0,카페테리아,진사골 설렁탕
2024-02-09,47,2,Winter,0,1,1,카페테리아,진사골 설렁탕
2024-02-10,40,2,Winter,1,1,1,카페테리아,진사골 설렁탕
2024-02-11,66,2,Winter,1,1,1,카페테리아,진사골 설렁탕
2024-02-12,57,2,Winter,0,1,1,카페테리아,진사골 설렁탕
2024-02-13,37,2,Winter,0,0,0,카페테리아,진사골 설렁탕
2024-02-14,30,2,Winter,0,0,0,카페테리아,진사골 설렁탕
2024-02-15,15,2,Winter,0,0,0,카페테리아,진사골 설렁탕
2024-02-16,41,2,Winter,0,0,0,카페테리아,진사골 설렁탕
2024-02-17,43,2,Winter,1,0,1,카페테리아,진사골 설렁탕
2024-02-18,33,2,Winter,1,0,1,카페테리아,진사골 설렁탕
2024-02-19,9,2,Winter,0,0,0,카페테리아,진사골 설렁탕
2024-02-20,26,2,Winter,0,0,0,카페테리아,진사골 설렁탕
2024-02-21,9,2,Winter,0,0,0,카페테리아,진사골 설렁탕
2024-02-22,39,2,Winter,0,0,0,카페테리아,진사골 설렁탕
2024-02-23,37,2,Winter,0,0,0,카페테리아,진사골 설렁탕
2024-02-24,46,2,Winter,1,0,1,카페테리아,진사골 설렁탕
2024-02-25,45,2,Winter,1,0,1,카페테리아,진사골 설렁탕
2024-02-26,32,2,Winter,0,0,0,카페테리아,진사골 설렁탕
2024-02-27,21,2,Winter,0,0,0,카페테리아,진사골 설렁탕
2024-02-28,23,2,Winter,0,0,0,카페테리아,진사골 설렁탕
2024-02-29,25,2,Winter,0,0,0,카페테리아,진사골 설렁탕
2024-03-01,43,3,Spring,0,1,1,카페테리아,진사골 설렁탕
2024-03-02,20,3,Spring,1,0,1,카페테리아,진사골 설렁탕
2024-03-03,10,3,Spring,1,0,1,카페테리아,진사골 설렁탕
2024-03-04,0,3,Spring,0,0,0,카페테리아,진사골 설렁탕
2024-03-05,0,3,Spring,0,0,0,카페테리아,진사골 설렁탕
2024-03-06,0,3,Spring,0,0,0,카페테리아,진사골 설렁탕
2024-03-07,0,3,Spring,0,0,0,카페테리아,진사골 설렁탕
2024-03-08,0,3,Spring,0,0,0,카페테리아,진사골 설렁탕
2024-03-09,0,3,Spring,1,0,1,카페테리아,진사골 설렁탕
2024-03-10,0,3,Spring,1,0,1,카페테리아,진사골 설렁탕
2024-03-11,0,3,Spring,0,0,0,카페테리아,진사골 설렁탕
2024-03-12,0,3,Spring,0,0,0,카페테리아,진사골 설렁탕
2024-03-13,0,3,Spring,0,0,0,카페테리아,진사골 설렁탕
2024-03-14,0,3,Spring,0,0,0,카페테리아,진사골 설렁탕
2024-03-15,0,3,Spring,0,0,0,카페테리아,진사골 설렁탕
2024-03-16,0,3,Spring,1,0,1,카페테리아,진사골 설렁탕
2024-03-17,0,3,Spring,1,0,1,카페테리아,진사골 설렁탕
2024-03-18,0,3,Spring,0,0,0,카페테리아,진사골 설렁탕
2024-03-19,0,3,Spring,0,0,0,카페테리아,진사골 설렁탕
2024-03-20,0,3,Spring,0,0,0,카페테리아,진사골 설렁탕
2024-03-21,0,3,Spring,0,0,0,카페테리아,진사골 설렁탕
2024-03-22,0,3,Spring,0,0,0,카페테리아,진사골 설렁탕
2024-03-23,0,3,Spring,1,0,1,카페테리아,진사골 설렁탕
2024-03-24,0,3,Spring,1,0,1,카페테리아,진사골 설렁탕
2024-03-25,0,3,Spring,0,0,0,카페테리아,진사골 설렁탕
2024-03-26,0,3,Spring,0,0,0,카페테리아,진사골 설렁탕
2024-03-27,0,3,Spring,0,0,0,카페테리아,진사골 설렁탕
2024-03-28,0,3,Spring,0,0,0,카페테리아,진사골 설렁탕
2024-03-29,0,3,Spring,0,0,0,카페테리아,진사골 설렁탕
2024-03-30,0,3,Spring,1,0,1,카페테리아,진사골 설렁탕
2024-03-31,0,3,Spring,1,0,1,카페테리아,진사골 설렁탕
2024-04-01,0,4,Spring,0,0,0,카페테리아,진사골 설렁탕
2024-04-02,0,4,Spring,0,0,0,카페테리아,진사골 설렁탕
2024-04-03,0,4,Spring,0,0,0,카페테리아,진사골 설렁탕
2024-04-04,0,4,Spring,0,0,0,카페테리아,진사골 설렁탕
2024-04-05,0,4,Spring,0,0,0,카페테리아,진사골 설렁탕
2024-04-06,0,4,Spring,1,0,1,카페테리아,진사골 설렁탕
2024-04-07,0,4,Spring,1,0,1,카페테리아,진사골 설렁탕
2024-04-08,0,4,Spring,0,0,0,카페테리아,진사골 설렁탕
2024-04-09,0,4,Spring,0,0,0,카페테리아,진사골 설렁탕
2024-04-10,0,4,Spring,0,1,1,카페테리아,진사골 설렁탕
2024-04-11,0,4,Spring,0,0,0,카페테리아,진사골 설렁탕
2024-04-12,0,4,Spring,0,0,0,카페테리아,진사골 설렁탕
2024-04-13,0,4,Spring,1,0,1,카페테리아,진사골 설렁탕
2024-04-14,0,4,Spring,1,0,1,카페테리아,진사골 설렁탕
2024-04-15,0,4,Spring,0,0,0,카페테리아,진사골 설렁탕
2024-04-16,0,4,Spring,0,0,0,카페테리아,진사골 설렁탕
2024-04-17,0,4,Spring,0,0,0,카페테리아,진사골 설렁탕
2024-04-18,0,4,Spring,0,0,0,카페테리아,진사골 설렁탕
2024-04-19,0,4,Spring,0,0,0,카페테리아,진사골 설렁탕
2024-04-20,0,4,Spring,1,0,1,카페테리아,진사골 설렁탕
2024-04-21,0,4,Spring,1,0,1,카페테리아,진사골 설렁탕
2024-04-22,0,4,Spring,0,0,0,카페테리아,진사골 설렁탕
2024-04-23,0,4,Spring,0,0,0,카페테리아,진사골 설렁탕
2024-04-24,0,4,Spring,0,0,0,카페테리아,진사골 설렁탕
2024-04-25,0,4,Spring,0,0,0,카페테리아,진사골 설렁탕
2024-04-26,0,4,Spring,0,0,0,카페테리아,진사골 설렁탕
2024-04-27,0,4,Spring,1,0,1,카페테리아,진사골 설렁탕
2024-04-28,0,4,Spring,1,0,1,카페테리아,진사골 설렁탕
2024-04-29,0,4,Spring,0,0,0,카페테리아,진사골 설렁탕
2024-04-30,0,4,Spring,0,0,0,카페테리아,진사골 설렁탕
2024-05-01,0,5,Spring,0,0,0,카페테리아,진사골 설렁탕
2024-05-02,0,5,Spring,0,0,0,카페테리아,진사골 설렁탕
2024-05-03,0,5,Spring,0,0,0,카페테리아,진사골 설렁탕
2024-05-04,0,5,Spring,1,0,1,카페테리아,진사골 설렁탕
2024-05-05,0,5,Spring,1,1,1,카페테리아,진사골 설렁탕
2024-05-06,0,5,Spring,0,1,1,카페테리아,진사골 설렁탕
2024-05-07,0,5,Spring,0,0,0,카페테리아,진사골 설렁탕
2024-05-08,0,5,Spring,0,0,0,카페테리아,진사골 설렁탕
2024-05-09,0,5,Spring,0,0,0,카페테리아,진사골 설렁탕
2024-05-10,0,5,Spring,0,0,0,카페테리아,진사골 설렁탕
2024-05-11,0,5,Spring,1,0,1,카페테리아,진사골 설렁탕
2024-05-12,0,5,Spring,1,0,1,카페테리아,진사골 설렁탕
2024-05-13,0,5,Spring,0,0,0,카페테리아,진사골 설렁탕
2024-05-14,0,5,Spring,0,0,0,카페테리아,진사골 설렁탕
2024-05-15,0,5,Spring,0,1,1,카페테리아,진사골 설렁탕
2024-05-16,0,5,Spring,0,0,0,카페테리아,진사골 설렁탕
2024-05-17,0,5,Spring,0,0,0,카페테리아,진사골 설렁탕
2024-05-18,0,5,Spring,1,0,1,카페테리아,진사골 설렁탕
2024-05-19,0,5,Spring,1,0,1,카페테리아,진사골 설렁탕
2024-05-20,0,5,Spring,0,0,0,카페테리아,진사골 설렁탕
2024-05-21,0,5,Spring,0,0,0,카페테리아,진사골 설렁탕
2024-05-22,0,5,Spring,0,0,0,카페테리아,진사골 설렁탕
2024-05-23,0,5,Spring,0,0,0,카페테리아,진사골 설렁탕
2024-05-24,0,5,Spring,0,0,0,카페테리아,진사골 설렁탕
2024-05-25,0,5,Spring,1,0,1,카페테리아,진사골 설렁탕
2024-05-26,0,5,Spring,1,0,1,카페테리아,진사골 설렁탕
2024-05-27,0,5,Spring,0,0,0,카페테리아,진사골 설렁탕
2024-05-28,0,5,Spring,0,0,0,카페테리아,진사골 설렁탕
2024-05-29,0,5,Spring,0,0,0,카페테리아,진사골 설렁탕
2024-05-30,0,5,Spring,0,0,0,카페테리아,진사골 설렁탕
2024-05-31,0,5,Spring,0,0,0,카페테리아,진사골 설렁탕
2024-06-01,0,6,Summer,1,0,1,카페테리아,진사골 설렁탕
2024-06-02,0,6,Summer,1,0,1,카페테리아,진사골 설렁탕
2024-06-03,0,6,Summer,0,0,0,카페테리아,진사골 설렁탕
2024-06-04,0,6,Summer,0,0,0,카페테리아,진사골 설렁탕
2024-06-05,0,6,Summer,0,0,0,카페테리아,진사골 설렁탕
2024-06-06,0,6,Summer,0,1,1,카페테리아,진사골 설렁탕
2024-06-07,0,6,Summer,0,0,0,카페테리아,진사골 설렁탕
2024-06-08,0,6,Summer,1,0,1,카페테리아,진사골 설렁탕
2024-06-09,0,6,Summer,1,0,1,카페테리아,진사골 설렁탕
2024-06-10,0,6,Summer,0,0,0,카페테리아,진사골 설렁탕
2024-06-11,0,6,Summer,0,0,0,카페테리아,진사골 설렁탕
2024-06-12,0,6,Summer,0,0,0,카페테리아,진사골 설렁탕
2024-06-13,0,6,Summer,0,0,0,카페테리아,진사골 설렁탕
2024-06-14,0,6,Summer,0,0,0,카페테리아,진사골 설렁탕
2024-06-15,0,6,Summer,1,0,1,카페테리아,진사골 설렁탕
2023-01-01,77,1,Winter,1,1,1,카페테리아,짜장면
2023-01-02,76,1,Winter,0,0,0,카페테리아,짜장면
2023-01-03,69,1,Winter,0,0,0,카페테리아,짜장면
2023-01-04,51,1,Winter,0,0,0,카페테리아,짜장면
2023-01-05,89,1,Winter,0,0,0,카페테리아,짜장면
2023-01-06,74,1,Winter,0,0,0,카페테리아,짜장면
2023-01-07,90,1,Winter,1,0,1,카페테리아,짜장면
2023-01-08,105,1,Winter,1,0,1,카페테리아,짜장면
2023-01-09,82,1,Winter,0,0,0,카페테리아,짜장면
2023-01-10,69,1,Winter,0,0,0,카페테리아,짜장면
2023-01-11,77,1,Winter,0,0,0,카페테리아,짜장면
2023-01-12,79,1,Winter,0,0,0,카페테리아,짜장면
2023-01-13,23,1,Winter,0,0,0,카페테리아,짜장면
2023-01-14,49,1,Winter,1,0,1,카페테리아,짜장면
2023-01-15,105,1,Winter,1,0,1,카페테리아,짜장면
2023-01-16,70,1,Winter,0,0,0,카페테리아,짜장면
2023-01-17,57,1,Winter,0,0,0,카페테리아,짜장면
2023-01-18,69,1,Winter,0,0,0,카페테리아,짜장면
2023-01-19,58,1,Winter,0,0,0,카페테리아,짜장면
2023-01-20,70,1,Winter,0,0,0,카페테리아,짜장면
2023-01-21,132,1,Winter,1,1,1,카페테리아,짜장면
2023-01-22,100,1,Winter,1,1,1,카페테리아,짜장면
2023-01-23,185,1,Winter,0,1,1,카페테리아,짜장면
2023-01-24,92,1,Winter,0,1,1,카페테리아,짜장면
2023-01-25,62,1,Winter,0,0,0,카페테리아,짜장면
2023-01-26,64,1,Winter,0,0,0,카페테리아,짜장면
2023-01-27,60,1,Winter,0,0,0,카페테리아,짜장면
2023-01-28,135,1,Winter,1,0,1,카페테리아,짜장면
2023-01-29,120,1,Winter,1,0,1,카페테리아,짜장면
2023-01-30,75,1,Winter,0,0,0,카페테리아,짜장면
2023-01-31,47,1,Winter,0,0,0,카페테리아,짜장면
2023-02-01,64,2,Winter,0,0,0,카페테리아,짜장면
2023-02-02,46,2,Winter,0,0,0,카페테리아,짜장면
2023-02-03,57,2,Winter,0,0,0,카페테리아,짜장면
2023-02-04,126,2,Winter,1,0,1,카페테리아,짜장면
2023-02-05,125,2,Winter,1,0,1,카페테리아,짜장면
2023-02-06,39,2,Winter,0,0,0,카페테리아,짜장면
2023-02-07,46,2,Winter,0,0,0,카페테리아,짜장면
2023-02-08,58,2,Winter,0,0,0,카페테리아,짜장면
2023-02-09,71,2,Winter,0,0,0,카페테리아,짜장면
2023-02-10,63,2,Winter,0,0,0,카페테리아,짜장면
2023-02-11,98,2,Winter,1,0,1,카페테리아,짜장면
2023-02-12,106,2,Winter,1,0,1,카페테리아,짜장면
2023-02-13,77,2,Winter,0,0,0,카페테리아,짜장면
2023-02-14,40,2,Winter,0,0,0,카페테리아,짜장면
2023-02-15,57,2,Winter,0,0,0,카페테리아,짜장면
2023-02-16,57,2,Winter,0,0,0,카페테리아,짜장면
2023-02-17,49,2,Winter,0,0,0,카페테리아,짜장면
2023-02-18,85,2,Winter,1,0,1,카페테리아,짜장면
2023-02-19,77,2,Winter,1,0,1,카페테리아,짜장면
2023-02-20,67,2,Winter,0,0,0,카페테리아,짜장면
2023-02-21,63,2,Winter,0,0,0,카페테리아,짜장면
2023-02-22,45,2,Winter,0,0,0,카페테리아,짜장면
2023-02-23,28,2,Winter,0,0,0,카페테리아,짜장면
2023-02-24,47,2,Winter,0,0,0,카페테리아,짜장면
2023-02-25,55,2,Winter,1,0,1,카페테리아,짜장면
2023-02-26,56,2,Winter,1,0,1,카페테리아,짜장면
2023-02-27,55,2,Winter,0,0,0,카페테리아,짜장면
2023-02-28,29,2,Winter,0,0,0,카페테리아,짜장면
2023-03-01,19,3,Spring,0,1,1,카페테리아,짜장면
2023-03-02,0,3,Spring,0,0,0,카페테리아,짜장면
2023-03-03,0,3,Spring,0,0,0,카페테리아,짜장면
2023-03-04,0,3,Spring,1,0,1,카페테리아,짜장면
2023-03-05,0,3,Spring,1,0,1,카페테리아,짜장면
2023-03-06,0,3,Spring,0,0,0,카페테리아,짜장면
2023-03-07,0,3,Spring,0,0,0,카페테리아,짜장면
2023-03-08,0,3,Spring,0,0,0,카페테리아,짜장면
2023-03-09,0,3,Spring,0,0,0,카페테리아,짜장면
2023-03-10,0,3,Spring,0,0,0,카페테리아,짜장면
2023-03-11,2,3,Spring,1,0,1,카페테리아,짜장면
2023-03-12,3,3,Spring,1,0,1,카페테리아,짜장면
2023-03-13,0,3,Spring,0,0,0,카페테리아,짜장면
2023-03-14,0,3,Spring,0,0,0,카페테리아,짜장면
2023-03-15,0,3,Spring,0,0,0,카페테리아,짜장면
2023-03-16,1,3,Spring,0,0,0,카페테리아,짜장면
2023-03-17,3,3,Spring,0,0,0,카페테리아,짜장면
2023-03-18,6,3,Spring,1,0,1,카페테리아,짜장면
2023-03-19,2,3,Spring,1,0,1,카페테리아,짜장면
2023-03-20,0,3,Spring,0,0,0,카페테리아,짜장면
2023-03-21,0,3,Spring,0,0,0,카페테리아,짜장면
2023-03-22,0,3,Spring,0,0,0,카페테리아,짜장면
2023-03-23,0,3,Spring,0,0,0,카페테리아,짜장면
2023-03-24,1,3,Spring,0,0,0,카페테리아,짜장면
2023-03-25,3,3,Spring,1,0,1,카페테리아,짜장면
2023-03-26,3,3,Spring,1,0,1,카페테리아,짜장면
2023-03-27,1,3,Spring,0,0,0,카페테리아,짜장면
2023-03-28,1,3,Spring,0,0,0,카페테리아,짜장면
2023-03-29,0,3,Spring,0,0,0,카페테리아,짜장면
2023-03-30,0,3,Spring,0,0,0,카페테리아,짜장면
2023-03-31,2,3,Spring,0,0,0,카페테리아,짜장면
2023-04-01,14,4,Spring,1,0,1,카페테리아,짜장면
2023-04-02,9,4,Spring,1,0,1,카페테리아,짜장면
2023-04-03,1,4,Spring,0,0,0,카페테리아,짜장면
2023-04-04,3,4,Spring,0,0,0,카페테리아,짜장면
2023-04-05,2,4,Spring,0,0,0,카페테리아,짜장면
2023-04-06,3,4,Spring,0,0,0,카페테리아,짜장면
2023-04-07,1,4,Spring,0,0,0,카페테리아,짜장면
2023-04-08,13,4,Spring,1,0,1,카페테리아,짜장면
2023-04-09,10,4,Spring,1,0,1,카페테리아,짜장면
2023-04-10,1,4,Spring,0,0,0,카페테리아,짜장면
2023-04-11,0,4,Spring,0,0,0,카페테리아,짜장면
2023-04-12,2,4,Spring,0,0,0,카페테리아,짜장면
2023-04-13,1,4,Spring,0,0,0,카페테리아,짜장면
2023-04-14,10,4,Spring,0,0,0,카페테리아,짜장면
2023-04-15,8,4,Spring,1,0,1,카페테리아,짜장면
2023-04-16,3,4,Spring,1,0,1,카페테리아,짜장면
2023-04-17,2,4,Spring,0,0,0,카페테리아,짜장면
2023-04-18,3,4,Spring,0,0,0,카페테리아,짜장면
2023-04-19,4,4,Spring,0,0,0,카페테리아,짜장면
2023-04-20,2,4,Spring,0,0,0,카페테리아,짜장면
2023-04-21,4,4,Spring,0,0,0,카페테리아,짜장면
2023-04-22,11,4,Spring,1,0,1,카페테리아,짜장면
2023-04-23,11,4,Spring,1,0,1,카페테리아,짜장면
2023-04-24,4,4,Spring,0,0,0,카페테리아,짜장면
2023-04-25,1,4,Spring,0,0,0,카페테리아,짜장면
2023-04-26,2,4,Spring,0,0,0,카페테리아,짜장면
2023-04-27,0,4,Spring,0,0,0,카페테리아,짜장면
2023-04-28,2,4,Spring,0,0,0,카페테리아,짜장면
2023-04-29,6,4,Spring,1,0,1,카페테리아,짜장면
2023-04-30,24,4,Spring,1,0,1,카페테리아,짜장면
2023-05-01,5,5,Spring,0,0,0,카페테리아,짜장면
2023-05-02,4,5,Spring,0,0,0,카페테리아,짜장면
2023-05-03,1,5,Spring,0,0,0,카페테리아,짜장면
2023-05-04,10,5,Spring,0,0,0,카페테리아,짜장면
2023-05-05,7,5,Spring,0,1,1,카페테리아,짜장면
2023-05-06,9,5,Spring,1,0,1,카페테리아,짜장면
2023-05-07,18,5,Spring,1,0,1,카페테리아,짜장면
2023-05-08,3,5,Spring,0,0,0,카페테리아,짜장면
2023-05-09,2,5,Spring,0,0,0,카페테리아,짜장면
2023-05-10,0,5,Spring,0,0,0,카페테리아,짜장면
2023-05-11,1,5,Spring,0,0,0,카페테리아,짜장면
2023-05-12,3,5,Spring,0,0,0,카페테리아,짜장면
2023-05-13,20,5,Spring,1,0,1,카페테리아,짜장면
2023-05-14,16,5,Spring,1,0,1,카페테리아,짜장면
2023-05-15,1,5,Spring,0,0,0,카페테리아,짜장면
2023-05-16,0,5,Spring,0,0,0,카페테리아,짜장면
2023-05-17,1,5,Spring,0,0,0,카페테리아,짜장면
2023-05-18,4,5,Spring,0,0,0,카페테리아,짜장면
2023-05-19,4,5,Spring,0,0,0,카페테리아,짜장면
2023-05-20,13,5,Spring,1,0,1,카페테리아,짜장면
2023-05-21,17,5,Spring,1,0,1,카페테리아,짜장면
2023-05-22,0,5,Spring,0,0,0,카페테리아,짜장면
2023-05-23,1,5,Spring,0,0,0,카페테리아,짜장면
2023-05-24,0,5,Spring,0,0,0,카페테리아,짜장면
2023-05-25,1,5,Spring,0,0,0,카페테리아,짜장면
2023-05-26,7,5,Spring,0,0,0,카페테리아,짜장면
2023-05-27,8,5,Spring,1,1,1,카페테리아,짜장면
2023-05-28,7,5,Spring,1,0,1,카페테리아,짜장면
2023-05-29,21,5,Spring,0,1,1,카페테리아,짜장면
2023-05-30,2,5,Spring,0,0,0,카페테리아,짜장면
2023-05-31,4,5,Spring,0,0,0,카페테리아,짜장면
2023-06-01,1,6,Summer,0,0,0,카페테리아,짜장면
2023-06-02,5,6,Summer,0,0,0,카페테리아,짜장면
2023-06-03,14,6,Summer,1,0,1,카페테리아,짜장면
2023-06-04,40,6,Summer,1,0,1,카페테리아,짜장면
2023-06-05,18,6,Summer,0,0,0,카페테리아,짜장면
2023-06-06,39,6,Summer,0,1,1,카페테리아,짜장면
2023-06-07,2,6,Summer,0,0,0,카페테리아,짜장면
2023-06-08,0,6,Summer,0,0,0,카페테리아,짜장면
2023-06-09,2,6,Summer,0,0,0,카페테리아,짜장면
2023-06-10,10,6,Summer,1,0,1,카페테리아,짜장면
2023-06-11,13,6,Summer,1,0,1,카페테리아,짜장면
2023-06-12,1,6,Summer,0,0,0,카페테리아,짜장면
2023-06-13,1,6,Summer,0,0,0,카페테리아,짜장면
2023-06-14,1,6,Summer,0,0,0,카페테리아,짜장면
2023-06-15,3,6,Summer,0,0,0,카페테리아,짜장면
2023-06-16,8,6,Summer,0,0,0,카페테리아,짜장면
2023-06-17,16,6,Summer,1,0,1,카페테리아,짜장면
2023-06-18,17,6,Summer,1,0,1,카페테리아,짜장면
2023-06-19,2,6,Summer,0,0,0,카페테리아,짜장면
2023-06-20,1,6,Summer,0,0,0,카페테리아,짜장면
2023-06-21,2,6,Summer,0,0,0,카페테리아,짜장면
2023-06-22,0,6,Summer,0,0,0,카페테리아,짜장면
2023-06-23,6,6,Summer,0,0,0,카페테리아,짜장면
2023-06-24,12,6,Summer,1,0,1,카페테리아,짜장면
2023-06-25,15,6,Summer,1,0,1,카페테리아,짜장면
2023-06-26,2,6,Summer,0,0,0,카페테리아,짜장면
2023-06-27,2,6,Summer,0,0,0,카페테리아,짜장면
2023-06-28,0,6,Summer,0,0,0,카페테리아,짜장면
2023-06-29,1,6,Summer,0,0,0,카페테리아,짜장면
2023-06-30,9,6,Summer,0,0,0,카페테리아,짜장면
2023-07-01,17,7,Summer,1,0,1,카페테리아,짜장면
2023-07-02,7,7,Summer,1,0,1,카페테리아,짜장면
2023-07-03,0,7,Summer,0,0,0,카페테리아,짜장면
2023-07-04,2,7,Summer,0,0,0,카페테리아,짜장면
2023-07-05,2,7,Summer,0,0,0,카페테리아,짜장면
2023-07-06,0,7,Summer,0,0,0,카페테리아,짜장면
2023-07-07,5,7,Summer,0,0,0,카페테리아,짜장면
2023-07-08,11,7,Summer,1,0,1,카페테리아,짜장면
2023-07-09,11,7,Summer,1,0,1,카페테리아,짜장면
2023-07-10,2,7,Summer,0,0,0,카페테리아,짜장면
2023-07-11,0,7,Summer,0,0,0,카페테리아,짜장면
2023-07-12,0,7,Summer,0,0,0,카페테리아,짜장면
2023-07-13,0,7,Summer,0,0,0,카페테리아,짜장면
2023-07-14,2,7,Summer,0,0,0,카페테리아,짜장면
2023-07-15,3,7,Summer,1,0,1,카페테리아,짜장면
2023-07-16,6,7,Summer,1,0,1,카페테리아,짜장면
2023-07-17,0,7,Summer,0,0,0,카페테리아,짜장면
2023-07-18,2,7,Summer,0,0,0,카페테리아,짜장면
2023-07-19,2,7,Summer,0,0,0,카페테리아,짜장면
2023-07-20,0,7,Summer,0,0,0,카페테리아,짜장면
2023-07-21,10,7,Summer,0,0,0,카페테리아,짜장면
2023-07-22,18,7,Summer,1,0,1,카페테리아,짜장면
2023-07-23,10,7,Summer,1,0,1,카페테리아,짜장면
2023-07-24,18,7,Summer,0,0,0,카페테리아,짜장면
2023-07-25,9,7,Summer,0,0,0,카페테리아,짜장면
2023-07-26,12,7,Summer,0,0,0,카페테리아,짜장면
2023-07-27,25,7,Summer,0,0,0,카페테리아,짜장면
2023-07-28,20,7,Summer,0,0,0,카페테리아,짜장면
2023-07-29,23,7,Summer,1,0,1,카페테리아,짜장면
2023-07-30,12,7,Summer,1,0,1,카페테리아,짜장면
2023-07-31,26,7,Summer,0,0,0,카페테리아,짜장면
2023-08-01,9,8,Summer,0,0,0,카페테리아,짜장면
2023-08-02,13,8,Summer,0,0,0,카페테리아,짜장면
2023-08-03,9,8,Summer,0,0,0,카페테리아,짜장면
2023-08-04,14,8,Summer,0,0,0,카페테리아,짜장면
2023-08-05,9,8,Summer,1,0,1,카페테리아,짜장면
2023-08-06,7,8,Summer,1,0,1,카페테리아,짜장면
2023-08-07,17,8,Summer,0,0,0,카페테리아,짜장면
2023-08-08,7,8,Summer,0,0,0,카페테리아,짜장면
2023-08-09,11,8,Summer,0,0,0,카페테리아,짜장면
2023-08-10,5,8,Summer,0,0,0,카페테리아,짜장면
2023-08-11,6,8,Summer,0,0,0,카페테리아,짜장면
2023-08-12,14,8,Summer,1,0,1,카페테리아,짜장면
2023-08-13,27,8,Summer,1,0,1,카페테리아,짜장면
2023-08-14,17,8,Summer,0,0,0,카페테리아,짜장면
2023-08-15,16,8,Summer,0,1,1,카페테리아,짜장면
2023-08-16,7,8,Summer,0,0,0,카페테리아,짜장면
2023-08-17,5,8,Summer,0,0,0,카페테리아,짜장면
2023-08-18,13,8,Summer,0,0,0,카페테리아,짜장면
2023-08-19,10,8,Summer,1,0,1,카페테리아,짜장면
2023-08-20,4,8,Summer,1,0,1,카페테리아,짜장면
2023-08-21,11,8,Summer,0,0,0,카페테리아,짜장면
2023-08-22,4,8,Summer,0,0,0,카페테리아,짜장면
2023-08-23,3,8,Summer,0,0,0,카페테리아,짜장면
2023-08-24,3,8,Summer,0,0,0,카페테리아,짜장면
2023-08-25,5,8,Summer,0,0,0,카페테리아,짜장면
2023-08-26,9,8,Summer,1,0,1,카페테리아,짜장면
2023-08-27,12,8,Summer,1,0,1,카페테리아,짜장면
2023-08-28,1,8,Summer,0,0,0,카페테리아,짜장면
2023-08-29,1,8,Summer,0,0,0,카페테리아,짜장면
2023-08-30,0,8,Summer,0,0,0,카페테리아,짜장면
2023-08-31,0,8,Summer,0,0,0,카페테리아,짜장면
2023-09-01,2,9,Autumn,0,0,0,카페테리아,짜장면
2023-09-02,9,9,Autumn,1,0,1,카페테리아,짜장면
2023-09-03,14,9,Autumn,1,0,1,카페테리아,짜장면
2023-09-04,1,9,Autumn,0,0,0,카페테리아,짜장면
2023-09-05,2,9,Autumn,0,0,0,카페테리아,짜장면
2023-09-06,0,9,Autumn,0,0,0,카페테리아,짜장면
2023-09-07,4,9,Autumn,0,0,0,카페테리아,짜장면
2023-09-08,3,9,Autumn,0,0,0,카페테리아,짜장면
2023-09-09,22,9,Autumn,1,0,1,카페테리아,짜장면
2023-09-10,8,9,Autumn,1,0,1,카페테리아,짜장면
2023-09-11,0,9,Autumn,0,0,0,카페테리아,짜장면
2023-09-12,3,9,Autumn,0,0,0,카페테리아,짜장면
2023-09-13,1,9,Autumn,0,0,0,카페테리아,짜장면
2023-09-14,5,9,Autumn,0,0,0,카페테리아,짜장면
2023-09-15,6,9,Autumn,0,0,0,카페테리아,짜장면
2023-09-16,10,9,Autumn,1,0,1,카페테리아,짜장면
2023-09-17,12,9,Autumn,1,0,1,카페테리아,짜장면
2023-09-18,1,9,Autumn,0,0,0,카페테리아,짜장면
2023-09-19,1,9,Autumn,0,0,0,카페테리아,짜장면
2023-09-20,0,9,Autumn,0,0,0,카페테리아,짜장면
2023-09-21,2,9,Autumn,0,0,0,카페테리아,짜장면
2023-09-22,2,9,Autumn,0,0,0,카페테리아,짜장면
2023-09-23,25,9,Autumn,1,0,1,카페테리아,짜장면
2023-09-24,12,9,Autumn,1,0,1,카페테리아,짜장면
2023-09-25,0,9,Autumn,0,0,0,카페테리아,짜장면
2023-09-26,2,9,Autumn,0,0,0,카페테리아,짜장면
2023-09-27,4,9,Autumn,0,0,0,카페테리아,짜장면
2023-09-28,24,9,Autumn,0,1,1,카페테리아,짜장면
2023-09-29,37,9,Autumn,0,1,1,카페테리아,짜장면
2023-09-30,21,9,Autumn,1,1,1,카페테리아,짜장면
2023-10-01,30,10,Autumn,1,0,1,카페테리아,짜장면
2023-10-02,40,10,Autumn,0,1,1,카페테리아,짜장면
2023-10-03,22,10,Autumn,0,1,1,카페테리아,짜장면
2023-10-04,3,10,Autumn,0,0,0,카페테리아,짜장면
2023-10-05,2,10,Autumn,0,0,0,카페테리아,짜장면
2023-10-06,7,10,Autumn,0,0,0,카페테리아,짜장면
2023-10-07,28,10,Autumn,1,0,1,카페테리아,짜장면
2023-10-08,35,10,Autumn,1,0,1,카페테리아,짜장면
2023-10-09,25,10,Autumn,0,1,1,카페테리아,짜장면
2023-10-10,8,10,Autumn,0,0,0,카페테리아,짜장면
2023-10-11,6,10,Autumn,0,0,0,카페테리아,짜장면
2023-10-12,3,10,Autumn,0,0,0,카페테리아,짜장면
2023-10-13,5,10,Autumn,0,0,0,카페테리아,짜장면
2023-10-14,10,10,Autumn,1,0,1,카페테리아,짜장면
2023-10-15,25,10,Autumn,1,0,1,카페테리아,짜장면
2023-10-16,8,10,Autumn,0,0,0,카페테리아,짜장면
2023-10-17,7,10,Autumn,0,0,0,카페테리아,짜장면
2023-10-18,11,10,Autumn,0,0,0,카페테리아,짜장면
2023-10-19,11,10,Autumn,0,0,0,카페테리아,짜장면
2023-10-20,12,10,Autumn,0,0,0,카페테리아,짜장면
2023-10-21,21,10,Autumn,1,0,1,카페테리아,짜장면
2023-10-22,34,10,Autumn,1,0,1,카페테리아,짜장면
2023-10-23,14,10,Autumn,0,0,0,카페테리아,짜장면
2023-10-24,11,10,Autumn,0,0,0,카페테리아,짜장면
2023-10-25,8,10,Autumn,0,0,0,카페테리아,짜장면
2023-10-26,6,10,Autumn,0,0,0,카페테리아,짜장면
2023-10-27,8,10,Autumn,0,0,0,카페테리아,짜장면
2023-10-28,17,10,Autumn,1,0,1,카페테리아,짜장면
2023-10-29,15,10,Autumn,1,0,1,카페테리아,짜장면
2023-10-30,16,10,Autumn,0,0,0,카페테리아,짜장면
2023-10-31,10,10,Autumn,0,0,0,카페테리아,짜장면
2023-11-01,9,11,Autumn,0,0,0,카페테리아,짜장면
2023-11-02,8,11,Autumn,0,0,0,카페테리아,짜장면
2023-11-03,2,11,Autumn,0,0,0,카페테리아,짜장면
2023-11-04,9,11,Autumn,1,0,1,카페테리아,짜장면
2023-11-05,20,11,Autumn,1,0,1,카페테리아,짜장면
2023-11-06,7,11,Autumn,0,0,0,카페테리아,짜장면
2023-11-07,5,11,Autumn,0,0,0,카페테리아,짜장면
2023-11-08,12,11,Autumn,0,0,0,카페테리아,짜장면
2023-11-09,1,11,Autumn,0,0,0,카페테리아,짜장면
2023-11-10,8,11,Autumn,0,0,0,카페테리아,짜장면
2023-11-11,10,11,Autumn,1,0,1,카페테리아,짜장면
2023-11-12,8,11,Autumn,1,0,1,카페테리아,짜장면
2023-11-13,3,11,Autumn,0,0,0,카페테리아,짜장면
2023-11-14,2,11,Autumn,0,0,0,카페테리아,짜장면
2023-11-15,10,11,Autumn,0,0,0,카페테리아,짜장면
2023-11-16,2,11,Autumn,0,0,0,카페테리아,짜장면
2023-11-17,5,11,Autumn,0,0,0,카페테리아,짜장면
2023-11-18,9,11,Autumn,1,0,1,카페테리아,짜장면
2023-11-19,2,11,Autumn,1,0,1,카페테리아,짜장면
2023-11-20,1,11,Autumn,0,0,0,카페테리아,짜장면
2023-11-21,3,11,Autumn,0,0,0,카페테리아,짜장면
2023-11-22,1,11,Autumn,0,0,0,카페테리아,짜장면
2023-11-23,3,11,Autumn,0,0,0,카페테리아,짜장면
2023-11-24,4,11,Autumn,0,0,0,카페테리아,짜장면
2023-11-25,14,11,Autumn,1,0,1,카페테리아,짜장면
2023-11-26,7,11,Autumn,1,0,1,카페테리아,짜장면
2023-11-27,1,11,Autumn,0,0,0,카페테리아,짜장면
2023-11-28,0,11,Autumn,0,0,0,카페테리아,짜장면
2023-11-29,2,11,Autumn,0,0,0,카페테리아,짜장면
2023-11-30,0,11,Autumn,0,0,0,카페테리아,짜장면
2023-12-01,3,12,Winter,0,0,0,카페테리아,짜장면
2023-12-02,11,12,Winter,1,0,1,카페테리아,짜장면
2023-12-03,5,12,Winter,1,0,1,카페테리아,짜장면
2023-12-04,0,12,Winter,0,0,0,카페테리아,짜장면
2023-12-05,0,12,Winter,0,0,0,카페테리아,짜장면
2023-12-06,3,12,Winter,0,0,0,카페테리아,짜장면
2023-12-07,3,12,Winter,0,0,0,카페테리아,짜장면
2023-12-08,15,12,Winter,0,0,0,카페테리아,짜장면
2023-12-09,42,12,Winter,1,0,1,카페테리아,짜장면
2023-12-10,41,12,Winter,1,0,1,카페테리아,짜장면
2023-12-11,18,12,Winter,0,0,0,카페테리아,짜장면
2023-12-12,13,12,Winter,0,0,0,카페테리아,짜장면
2023-12-13,14,12,Winter,0,0,0,카페테리아,짜장면
2023-12-14,8,12,Winter,0,0,0,카페테리아,짜장면
2023-12-15,10,12,Winter,0,0,0,카페테리아,짜장면
2023-12-16,40,12,Winter,1,0,1,카페테리아,짜장면
2023-12-17,30,12,Winter,1,0,1,카페테리아,짜장면
2023-12-18,49,12,Winter,0,0,0,카페테리아,짜장면
2023-12-19,47,12,Winter,0,0,0,카페테리아,짜장면
2023-12-20,51,12,Winter,0,0,0,카페테리아,짜장면
2023-12-21,45,12,Winter,0,0,0,카페테리아,짜장면
2023-12-22,46,12,Winter,0,0,0,카페테리아,짜장면
2023-12-23,66,12,Winter,1,0,1,카페테리아,짜장면
2023-12-24,94,12,Winter,1,0,1,카페테리아,짜장면
2023-12-25,93,12,Winter,0,1,1,카페테리아,짜장면
2023-12-26,60,12,Winter,0,0,0,카페테리아,짜장면
2023-12-27,87,12,Winter,0,0,0,카페테리아,짜장면
2023-12-28,76,12,Winter,0,0,0,카페테리아,짜장면
2023-12-29,71,12,Winter,0,0,0,카페테리아,짜장면
2023-12-30,90,12,Winter,1,0,1,카페테리아,짜장면
2023-12-31,84,12,Winter,1,0,1,카페테리아,짜장면
2024-01-01,75,1,Winter,0,1,1,카페테리아,짜장면
2024-01-02,65,1,Winter,0,0,0,카페테리아,짜장면
2024-01-03,52,1,Winter,0,0,0,카페테리아,짜장면
2024-01-04,64,1,Winter,0,0,0,카페테리아,짜장면
2024-01-05,61,1,Winter,0,0,0,카페테리아,짜장면
2024-01-06,124,1,Winter,1,0,1,카페테리아,짜장면
2024-01-07,103,1,Winter,1,0,1,카페테리아,짜장면
2024-01-08,66,1,Winter,0,0,0,카페테리아,짜장면
2024-01-09,60,1,Winter,0,0,0,카페테리아,짜장면
2024-01-10,70,1,Winter,0,0,0,카페테리아,짜장면
2024-01-11,85,1,Winter,0,0,0,카페테리아,짜장면
2024-01-12,79,1,Winter,0,0,0,카페테리아,짜장면
2024-01-13,158,1,Winter,1,0,1,카페테리아,짜장면
2024-01-14,94,1,Winter,1,0,1,카페테리아,짜장면
2024-01-15,70,1,Winter,0,0,0,카페테리아,짜장면
2024-01-16,77,1,Winter,0,0,0,카페테리아,짜장면
2024-01-17,62,1,Winter,0,0,0,카페테리아,짜장면
2024-01-18,56,1,Winter,0,0,0,카페테리아,짜장면
2024-01-19,71,1,Winter,0,0,0,카페테리아,짜장면
2024-01-20,87,1,Winter,1,0,1,카페테리아,짜장면
2024-01-21,118,1,Winter,1,0,1,카페테리아,짜장면
2024-01-22,69,1,Winter,0,0,0,카페테리아,짜장면
2024-01-23,55,1,Winter,0,0,0,카페테리아,짜장면
2024-01-24,44,1,Winter,0,0,0,카페테리아,짜장면
2024-01-25,66,1,Winter,0,0,0,카페테리아,짜장면
2024-01-26,56,1,Winter,0,0,0,카페테리아,짜장면
2024-01-27,122,1,Winter,1,0,1,카페테리아,짜장면
2024-01-28,88,1,Winter,1,0,1,카페테리아,짜장면
2024-01-29,71,1,Winter,0,0,0,카페테리아,짜장면
2024-01-30,63,1,Winter,0,0,0,카페테리아,짜장면
2024-01-31,49,1,Winter,0,0,0,카페테리아,짜장면
2024-02-01,61,2,Winter,0,0,0,카페테리아,짜장면
2024-02-02,67,2,Winter,0,0,0,카페테리아,짜장면
2024-02-03,97,2,Winter,1,0,1,카페테리아,짜장면
2024-02-04,90,2,Winter,1,0,1,카페테리아,짜장면
2024-02-05,36,2,Winter,0,0,0,카페테리아,짜장면
2024-02-06,38,2,Winter,0,0,0,카페테리아,짜장면
2024-02-07,56,2,Winter,0,0,0,카페테리아,짜장면
2024-02-08,42,2,Winter,0,0,0,카페테리아,짜장면
2024-02-09,63,2,Winter,0,1,1,카페테리아,짜장면
2024-02-10,68,2,Winter,1,1,1,카페테리아,짜장면
2024-02-11,127,2,Winter,1,1,1,카페테리아,짜장면
2024-02-12,84,2,Winter,0,1,1,카페테리아,짜장면
2024-02-13,45,2,Winter,0,0,0,카페테리아,짜장면
2024-02-14,43,2,Winter,0,0,0,카페테리아,짜장면
2024-02-15,12,2,Winter,0,0,0,카페테리아,짜장면
2024-02-16,52,2,Winter,0,0,0,카페테리아,짜장면
2024-02-17,68,2,Winter,1,0,1,카페테리아,짜장면
2024-02-18,64,2,Winter,1,0,1,카페테리아,짜장면
2024-02-19,10,2,Winter,0,0,0,카페테리아,짜장면
2024-02-20,18,2,Winter,0,0,0,카페테리아,짜장면
2024-02-21,20,2,Winter,0,0,0,카페테리아,짜장면
2024-02-22,62,2,Winter,0,0,0,카페테리아,짜장면
2024-02-23,48,2,Winter,0,0,0,카페테리아,짜장면
2024-02-24,53,2,Winter,1,0,1,카페테리아,짜장면
2024-02-25,72,2,Winter,1,0,1,카페테리아,짜장면
2024-02-26,44,2,Winter,0,0,0,카페테리아,짜장면
2024-02-27,37,2,Winter,0,0,0,카페테리아,짜장면
2024-02-28,32,2,Winter,0,0,0,카페테리아,짜장면
2024-02-29,33,2,Winter,0,0,0,카페테리아,짜장면
2024-03-01,69,3,Spring,0,1,1,카페테리아,짜장면
2024-03-02,30,3,Spring,1,0,1,카페테리아,짜장면
2024-03-03,5,3,Spring,1,0,1,카페테리아,짜장면
2024-03-04,0,3,Spring,0,0,0,카페테리아,짜장면
2024-03-05,0,3,Spring,0,0,0,카페테리아,짜장면
2024-03-06,0,3,Spring,0,0,0,카페테리아,짜장면
2024-03-07,0,3,Spring,0,0,0,카페테리아,짜장면
2024-03-08,0,3,Spring,0,0,0,카페테리아,짜장면
2024-03-09,0,3,Spring,1,0,1,카페테리아,짜장면
2024-03-10,0,3,Spring,1,0,1,카페테리아,짜장면
2024-03-11,0,3,Spring,0,0,0,카페테리아,짜장면
2024-03-12,0,3,Spring,0,0,0,카페테리아,짜장면
2024-03-13,0,3,Spring,0,0,0,카페테리아,짜장면
2024-03-14,0,3,Spring,0,0,0,카페테리아,짜장면
2024-03-15,3,3,Spring,0,0,0,카페테리아,짜장면
2024-03-16,8,3,Spring,1,0,1,카페테리아,짜장면
2024-03-17,0,3,Spring,1,0,1,카페테리아,짜장면
2024-03-18,0,3,Spring,0,0,0,카페테리아,짜장면
2024-03-19,0,3,Spring,0,0,0,카페테리아,짜장면
2024-03-20,0,3,Spring,0,0,0,카페테리아,짜장면
2024-03-21,0,3,Spring,0,0,0,카페테리아,짜장면
2024-03-22,2,3,Spring,0,0,0,카페테리아,짜장면
2024-03-23,7,3,Spring,1,0,1,카페테리아,짜장면
2024-03-24,6,3,Spring,1,0,1,카페테리아,짜장면
2024-03-25,2,3,Spring,0,0,0,카페테리아,짜장면
2024-03-26,0,3,Spring,0,0,0,카페테리아,짜장면
2024-03-27,0,3,Spring,0,0,0,카페테리아,짜장면
2024-03-28,0,3,Spring,0,0,0,카페테리아,짜장면
2024-03-29,4,3,Spring,0,0,0,카페테리아,짜장면
2024-03-30,12,3,Spring,1,0,1,카페테리아,짜장면
2024-03-31,6,3,Spring,1,0,1,카페테리아,짜장면
2024-04-01,0,4,Spring,0,0,0,카페테리아,짜장면
2024-04-02,2,4,Spring,0,0,0,카페테리아,짜장면
2024-04-03,3,4,Spring,0,0,0,카페테리아,짜장면
2024-04-04,6,4,Spring,0,0,0,카페테리아,짜장면
2024-04-05,9,4,Spring,0,0,0,카페테리아,짜장면
2024-04-06,19,4,Spring,1,0,1,카페테리아,짜장면
2024-04-07,11,4,Spring,1,0,1,카페테리아,짜장면
2024-04-08,0,4,Spring,0,0,0,카페테리아,짜장면
2024-04-09,8,4,Spring,0,0,0,카페테리아,짜장면
2024-04-10,13,4,Spring,0,1,1,카페테리아,짜장면
2024-04-11,12,4,Spring,0,0,0,카페테리아,짜장면
2024-04-12,13,4,Spring,0,0,0,카페테리아,짜장면
2024-04-13,14,4,Spring,1,0,1,카페테리아,짜장면
2024-04-14,16,4,Spring,1,0,1,카페테리아,짜장면
2024-04-15,1,4,Spring,0,0,0,카페테리아,짜장면
2024-04-16,4,4,Spring,0,0,0,카페테리아,짜장면
2024-04-17,9,4,Spring,0,0,0,카페테리아,짜장면
2024-04-18,2,4,Spring,0,0,0,카페테리아,짜장면
2024-04-19,9,4,Spring,0,0,0,카페테리아,짜장면
2024-04-20,8,4,Spring,1,0,1,카페테리아,짜장면
2024-04-21,12,4,Spring,1,0,1,카페테리아,짜장면
2024-04-22,5,4,Spring,0,0,0,카페테리아,짜장면
2024-04-23,2,4,Spring,0,0,0,카페테리아,짜장면
2024-04-24,2,4,Spring,0,0,0,카페테리아,짜장면
2024-04-25,1,4,Spring,0,0,0,카페테리아,짜장면
2024-04-26,6,4,Spring,0,0,0,카페테리아,짜장면
2024-04-27,21,4,Spring,1,0,1,카페테리아,짜장면
2024-04-28,32,4,Spring,1,0,1,카페테리아,짜장면
2024-04-29,3,4,Spring,0,0,0,카페테리아,짜장면
2024-04-30,5,4,Spring,0,0,0,카페테리아,짜장면
2024-05-01,16,5,Spring,0,0,0,카페테리아,짜장면
2024-05-02,5,5,Spring,0,0,0,카페테리아,짜장면
2024-05-03,7,5,Spring,0,0,0,카페테리아,짜장면
2024-05-04,39,5,Spring,1,0,1,카페테리아,짜장면
2024-05-05,9,5,Spring,1,1,1,카페테리아,짜장면
2024-05-06,6,5,Spring,0,1,1,카페테리아,짜장면
2024-05-07,1,5,Spring,0,0,0,카페테리아,짜장면
2024-05-08,1,5,Spring,0,0,0,카페테리아,짜장면
2024-05-09,3,5,Spring,0,0,0,카페테리아,짜장면
2024-05-10,1,5,Spring,0,0,0,카페테리아,짜장면
2024-05-11,6,5,Spring,1,0,1,카페테리아,짜장면
2024-05-12,10,5,Spring,1,0,1,카페테리아,짜장면
2024-05-13,1,5,Spring,0,0,0,카페테리아,짜장면
2024-05-14,2,5,Spring,0,0,0,카페테리아,짜장면
2024-05-15,11,5,Spring,0,1,1,카페테리아,짜장면
2024-05-16,3,5,Spring,0,0,0,카페테리아,짜장면
2024-05-17,2,5,Spring,0,0,0,카페테리아,짜장면
2024-05-18,12,5,Spring,1,0,1,카페테리아,짜장면
2024-05-19,28,5,Spring,1,0,1,카페테리아,짜장면
2024-05-20,2,5,Spring,0,0,0,카페테리아,짜장면
2024-05-21,3,5,Spring,0,0,0,카페테리아,짜장면
2024-05-22,3,5,Spring,0,0,0,카페테리아,짜장면
2024-05-23,1,5,Spring,0,0,0,카페테리아,짜장면
2024-05-24,6,5,Spring,0,0,0,카페테리아,짜장면
2024-05-25,20,5,Spring,1,0,1,카페테리아,짜장면
2024-05-26,9,5,Spring,1,0,1,카페테리아,짜장면
2024-05-27,3,5,Spring,0,0,0,카페테리아,짜장면
2024-05-28,0,5,Spring,0,0,0,카페테리아,짜장면
2024-05-29,2,5,Spring,0,0,0,카페테리아,짜장면
2024-05-30,1,5,Spring,0,0,0,카페테리아,짜장면
2024-05-31,9,5,Spring,0,0,0,카페테리아,짜장면
2024-06-01,21,6,Summer,1,0,1,카페테리아,짜장면
2024-06-02,22,6,Summer,1,0,1,카페테리아,짜장면
2024-06-03,1,6,Summer,0,0,0,카페테리아,짜장면
2024-06-04,1,6,Summer,0,0,0,카페테리아,짜장면
2024-06-05,1,6,Summer,0,0,0,카페테리아,짜장면
2024-06-06,39,6,Summer,0,1,1,카페테리아,짜장면
2024-06-07,36,6,Summer,0,0,0,카페테리아,짜장면
2024-06-08,7,6,Summer,1,0,1,카페테리아,짜장면
2024-06-09,13,6,Summer,1,0,1,카페테리아,짜장면
2024-06-10,2,6,Summer,0,0,0,카페테리아,짜장면
2024-06-11,1,6,Summer,0,0,0,카페테리아,짜장면
2024-06-12,3,6,Summer,0,0,0,카페테리아,짜장면
2024-06-13,0,6,Summer,0,0,0,카페테리아,짜장면
2024-06-14,2,6,Summer,0,0,0,카페테리아,짜장면
2024-06-15,16,6,Summer,1,0,1,카페테리아,짜장면
2023-01-01,17,1,Winter,1,1,1,카페테리아,짜장밥
2023-01-02,9,1,Winter,0,0,0,카페테리아,짜장밥
2023-01-03,10,1,Winter,0,0,0,카페테리아,짜장밥
2023-01-04,7,1,Winter,0,0,0,카페테리아,짜장밥
2023-01-05,10,1,Winter,0,0,0,카페테리아,짜장밥
2023-01-06,16,1,Winter,0,0,0,카페테리아,짜장밥
2023-01-07,19,1,Winter,1,0,1,카페테리아,짜장밥
2023-01-08,19,1,Winter,1,0,1,카페테리아,짜장밥
2023-01-09,11,1,Winter,0,0,0,카페테리아,짜장밥
2023-01-10,10,1,Winter,0,0,0,카페테리아,짜장밥
2023-01-11,10,1,Winter,0,0,0,카페테리아,짜장밥
2023-01-12,19,1,Winter,0,0,0,카페테리아,짜장밥
2023-01-13,3,1,Winter,0,0,0,카페테리아,짜장밥
2023-01-14,5,1,Winter,1,0,1,카페테리아,짜장밥
2023-01-15,24,1,Winter,1,0,1,카페테리아,짜장밥
2023-01-16,12,1,Winter,0,0,0,카페테리아,짜장밥
2023-01-17,9,1,Winter,0,0,0,카페테리아,짜장밥
2023-01-18,17,1,Winter,0,0,0,카페테리아,짜장밥
2023-01-19,12,1,Winter,0,0,0,카페테리아,짜장밥
2023-01-20,13,1,Winter,0,0,0,카페테리아,짜장밥
2023-01-21,20,1,Winter,1,1,1,카페테리아,짜장밥
2023-01-22,8,1,Winter,1,1,1,카페테리아,짜장밥
2023-01-23,37,1,Winter,0,1,1,카페테리아,짜장밥
2023-01-24,11,1,Winter,0,1,1,카페테리아,짜장밥
2023-01-25,8,1,Winter,0,0,0,카페테리아,짜장밥
2023-01-26,17,1,Winter,0,0,0,카페테리아,짜장밥
2023-01-27,7,1,Winter,0,0,0,카페테리아,짜장밥
2023-01-28,27,1,Winter,1,0,1,카페테리아,짜장밥
2023-01-29,29,1,Winter,1,0,1,카페테리아,짜장밥
2023-01-30,19,1,Winter,0,0,0,카페테리아,짜장밥
2023-01-31,14,1,Winter,0,0,0,카페테리아,짜장밥
2023-02-01,18,2,Winter,0,0,0,카페테리아,짜장밥
2023-02-02,7,2,Winter,0,0,0,카페테리아,짜장밥
2023-02-03,16,2,Winter,0,0,0,카페테리아,짜장밥
2023-02-04,33,2,Winter,1,0,1,카페테리아,짜장밥
2023-02-05,17,2,Winter,1,0,1,카페테리아,짜장밥
2023-02-06,4,2,Winter,0,0,0,카페테리아,짜장밥
2023-02-07,7,2,Winter,0,0,0,카페테리아,짜장밥
2023-02-08,8,2,Winter,0,0,0,카페테리아,짜장밥
2023-02-09,8,2,Winter,0,0,0,카페테리아,짜장밥
2023-02-10,5,2,Winter,0,0,0,카페테리아,짜장밥
2023-02-11,30,2,Winter,1,0,1,카페테리아,짜장밥
2023-02-12,36,2,Winter,1,0,1,카페테리아,짜장밥
2023-02-13,20,2,Winter,0,0,0,카페테리아,짜장밥
2023-02-14,4,2,Winter,0,0,0,카페테리아,짜장밥
2023-02-15,10,2,Winter,0,0,0,카페테리아,짜장밥
2023-02-16,10,2,Winter,0,0,0,카페테리아,짜장밥
2023-02-17,9,2,Winter,0,0,0,카페테리아,짜장밥
2023-02-18,13,2,Winter,1,0,1,카페테리아,짜장밥
2023-02-19,17,2,Winter,1,0,1,카페테리아,짜장밥
2023-02-20,17,2,Winter,0,0,0,카페테리아,짜장밥
2023-02-21,14,2,Winter,0,0,0,카페테리아,짜장밥
2023-02-22,8,2,Winter,0,0,0,카페테리아,짜장밥
2023-02-23,2,2,Winter,0,0,0,카페테리아,짜장밥
2023-02-24,3,2,Winter,0,0,0,카페테리아,짜장밥
2023-02-25,10,2,Winter,1,0,1,카페테리아,짜장밥
2023-02-26,12,2,Winter,1,0,1,카페테리아,짜장밥
2023-02-27,6,2,Winter,0,0,0,카페테리아,짜장밥
2023-02-28,3,2,Winter,0,0,0,카페테리아,짜장밥
2023-03-01,4,3,Spring,0,1,1,카페테리아,짜장밥
2023-03-02,0,3,Spring,0,0,0,카페테리아,짜장밥
2023-03-03,0,3,Spring,0,0,0,카페테리아,짜장밥
2023-03-04,0,3,Spring,1,0,1,카페테리아,짜장밥
2023-03-05,0,3,Spring,1,0,1,카페테리아,짜장밥
2023-03-06,0,3,Spring,0,0,0,카페테리아,짜장밥
2023-03-07,0,3,Spring,0,0,0,카페테리아,짜장밥
2023-03-08,0,3,Spring,0,0,0,카페테리아,짜장밥
2023-03-09,0,3,Spring,0,0,0,카페테리아,짜장밥
2023-03-10,0,3,Spring,0,0,0,카페테리아,짜장밥
2023-03-11,2,3,Spring,1,0,1,카페테리아,짜장밥
2023-03-12,0,3,Spring,1,0,1,카페테리아,짜장밥
2023-03-13,0,3,Spring,0,0,0,카페테리아,짜장밥
2023-03-14,0,3,Spring,0,0,0,카페테리아,짜장밥
2023-03-15,0,3,Spring,0,0,0,카페테리아,짜장밥
2023-03-16,0,3,Spring,0,0,0,카페테리아,짜장밥
2023-03-17,0,3,Spring,0,0,0,카페테리아,짜장밥
2023-03-18,0,3,Spring,1,0,1,카페테리아,짜장밥
2023-03-19,0,3,Spring,1,0,1,카페테리아,짜장밥
2023-03-20,0,3,Spring,0,0,0,카페테리아,짜장밥
2023-03-21,0,3,Spring,0,0,0,카페테리아,짜장밥
2023-03-22,0,3,Spring,0,0,0,카페테리아,짜장밥
2023-03-23,0,3,Spring,0,0,0,카페테리아,짜장밥
2023-03-24,0,3,Spring,0,0,0,카페테리아,짜장밥
2023-03-25,0,3,Spring,1,0,1,카페테리아,짜장밥
2023-03-26,1,3,Spring,1,0,1,카페테리아,짜장밥
2023-03-27,0,3,Spring,0,0,0,카페테리아,짜장밥
2023-03-28,0,3,Spring,0,0,0,카페테리아,짜장밥
2023-03-29,0,3,Spring,0,0,0,카페테리아,짜장밥
2023-03-30,0,3,Spring,0,0,0,카페테리아,짜장밥
2023-03-31,0,3,Spring,0,0,0,카페테리아,짜장밥
2023-04-01,2,4,Spring,1,0,1,카페테리아,짜장밥
2023-04-02,2,4,Spring,1,0,1,카페테리아,짜장밥
2023-04-03,0,4,Spring,0,0,0,카페테리아,짜장밥
2023-04-04,0,4,Spring,0,0,0,카페테리아,짜장밥
2023-04-05,0,4,Spring,0,0,0,카페테리아,짜장밥
2023-04-06,0,4,Spring,0,0,0,카페테리아,짜장밥
2023-04-07,0,4,Spring,0,0,0,카페테리아,짜장밥
2023-04-08,2,4,Spring,1,0,1,카페테리아,짜장밥
2023-04-09,0,4,Spring,1,0,1,카페테리아,짜장밥
2023-04-10,0,4,Spring,0,0,0,카페테리아,짜장밥
2023-04-11,0,4,Spring,0,0,0,카페테리아,짜장밥
2023-04-12,1,4,Spring,0,0,0,카페테리아,짜장밥
2023-04-13,0,4,Spring,0,0,0,카페테리아,짜장밥
2023-04-14,1,4,Spring,0,0,0,카페테리아,짜장밥
2023-04-15,1,4,Spring,1,0,1,카페테리아,짜장밥
2023-04-16,0,4,Spring,1,0,1,카페테리아,짜장밥
2023-04-17,0,4,Spring,0,0,0,카페테리아,짜장밥
2023-04-18,0,4,Spring,0,0,0,카페테리아,짜장밥
2023-04-19,0,4,Spring,0,0,0,카페테리아,짜장밥
2023-04-20,0,4,Spring,0,0,0,카페테리아,짜장밥
2023-04-21,0,4,Spring,0,0,0,카페테리아,짜장밥
2023-04-22,2,4,Spring,1,0,1,카페테리아,짜장밥
2023-04-23,1,4,Spring,1,0,1,카페테리아,짜장밥
2023-04-24,0,4,Spring,0,0,0,카페테리아,짜장밥
2023-04-25,1,4,Spring,0,0,0,카페테리아,짜장밥
2023-04-26,0,4,Spring,0,0,0,카페테리아,짜장밥
2023-04-27,0,4,Spring,0,0,0,카페테리아,짜장밥
2023-04-28,0,4,Spring,0,0,0,카페테리아,짜장밥
2023-04-29,0,4,Spring,1,0,1,카페테리아,짜장밥
2023-04-30,1,4,Spring,1,0,1,카페테리아,짜장밥
2023-05-01,0,5,Spring,0,0,0,카페테리아,짜장밥
2023-05-02,0,5,Spring,0,0,0,카페테리아,짜장밥
2023-05-03,0,5,Spring,0,0,0,카페테리아,짜장밥
2023-05-04,0,5,Spring,0,0,0,카페테리아,짜장밥
2023-05-05,0,5,Spring,0,1,1,카페테리아,짜장밥
2023-05-06,0,5,Spring,1,0,1,카페테리아,짜장밥
2023-05-07,1,5,Spring,1,0,1,카페테리아,짜장밥
2023-05-08,0,5,Spring,0,0,0,카페테리아,짜장밥
2023-05-09,0,5,Spring,0,0,0,카페테리아,짜장밥
2023-05-10,0,5,Spring,0,0,0,카페테리아,짜장밥
2023-05-11,0,5,Spring,0,0,0,카페테리아,짜장밥
2023-05-12,0,5,Spring,0,0,0,카페테리아,짜장밥
2023-05-13,1,5,Spring,1,0,1,카페테리아,짜장밥
2023-05-14,4,5,Spring,1,0,1,카페테리아,짜장밥
2023-05-15,0,5,Spring,0,0,0,카페테리아,짜장밥
2023-05-16,0,5,Spring,0,0,0,카페테리아,짜장밥
2023-05-17,0,5,Spring,0,0,0,카페테리아,짜장밥
2023-05-18,0,5,Spring,0,0,0,카페테리아,짜장밥
2023-05-19,1,5,Spring,0,0,0,카페테리아,짜장밥
2023-05-20,6,5,Spring,1,0,1,카페테리아,짜장밥
2023-05-21,2,5,Spring,1,0,1,카페테리아,짜장밥
2023-05-22,0,5,Spring,0,0,0,카페테리아,짜장밥
2023-05-23,0,5,Spring,0,0,0,카페테리아,짜장밥
2023-05-24,0,5,Spring,0,0,0,카페테리아,짜장밥
2023-05-25,0,5,Spring,0,0,0,카페테리아,짜장밥
2023-05-26,2,5,Spring,0,0,0,카페테리아,짜장밥
2023-05-27,1,5,Spring,1,1,1,카페테리아,짜장밥
2023-05-28,0,5,Spring,1,0,1,카페테리아,짜장밥
2023-05-29,0,5,Spring,0,1,1,카페테리아,짜장밥
2023-05-30,0,5,Spring,0,0,0,카페테리아,짜장밥
2023-05-31,1,5,Spring,0,0,0,카페테리아,짜장밥
2023-06-01,0,6,Summer,0,0,0,카페테리아,짜장밥
2023-06-02,0,6,Summer,0,0,0,카페테리아,짜장밥
2023-06-03,4,6,Summer,1,0,1,카페테리아,짜장밥
2023-06-04,4,6,Summer,1,0,1,카페테리아,짜장밥
2023-06-05,9,6,Summer,0,0,0,카페테리아,짜장밥
2023-06-06,2,6,Summer,0,1,1,카페테리아,짜장밥
2023-06-07,0,6,Summer,0,0,0,카페테리아,짜장밥
2023-06-08,0,6,Summer,0,0,0,카페테리아,짜장밥
2023-06-09,0,6,Summer,0,0,0,카페테리아,짜장밥
2023-06-10,2,6,Summer,1,0,1,카페테리아,짜장밥
2023-06-11,1,6,Summer,1,0,1,카페테리아,짜장밥
2023-06-12,0,6,Summer,0,0,0,카페테리아,짜장밥
2023-06-13,0,6,Summer,0,0,0,카페테리아,짜장밥
2023-06-14,0,6,Summer,0,0,0,카페테리아,짜장밥
2023-06-15,0,6,Summer,0,0,0,카페테리아,짜장밥
2023-06-16,0,6,Summer,0,0,0,카페테리아,짜장밥
2023-06-17,0,6,Summer,1,0,1,카페테리아,짜장밥
2023-06-18,2,6,Summer,1,0,1,카페테리아,짜장밥
2023-06-19,0,6,Summer,0,0,0,카페테리아,짜장밥
2023-06-20,0,6,Summer,0,0,0,카페테리아,짜장밥
2023-06-21,1,6,Summer,0,0,0,카페테리아,짜장밥
2023-06-22,0,6,Summer,0,0,0,카페테리아,짜장밥
2023-06-23,1,6,Summer,0,0,0,카페테리아,짜장밥
2023-06-24,0,6,Summer,1,0,1,카페테리아,짜장밥
2023-06-25,0,6,Summer,1,0,1,카페테리아,짜장밥
2023-06-26,0,6,Summer,0,0,0,카페테리아,짜장밥
2023-06-27,0,6,Summer,0,0,0,카페테리아,짜장밥
2023-06-28,0,6,Summer,0,0,0,카페테리아,짜장밥
2023-06-29,0,6,Summer,0,0,0,카페테리아,짜장밥
2023-06-30,0,6,Summer,0,0,0,카페테리아,짜장밥
2023-07-01,3,7,Summer,1,0,1,카페테리아,짜장밥
2023-07-02,2,7,Summer,1,0,1,카페테리아,짜장밥
2023-07-03,1,7,Summer,0,0,0,카페테리아,짜장밥
2023-07-04,0,7,Summer,0,0,0,카페테리아,짜장밥
2023-07-05,0,7,Summer,0,0,0,카페테리아,짜장밥
2023-07-06,0,7,Summer,0,0,0,카페테리아,짜장밥
2023-07-07,0,7,Summer,0,0,0,카페테리아,짜장밥
2023-07-08,1,7,Summer,1,0,1,카페테리아,짜장밥
2023-07-09,1,7,Summer,1,0,1,카페테리아,짜장밥
2023-07-10,0,7,Summer,0,0,0,카페테리아,짜장밥
2023-07-11,0,7,Summer,0,0,0,카페테리아,짜장밥
2023-07-12,1,7,Summer,0,0,0,카페테리아,짜장밥
2023-07-13,0,7,Summer,0,0,0,카페테리아,짜장밥
2023-07-14,0,7,Summer,0,0,0,카페테리아,짜장밥
2023-07-15,0,7,Summer,1,0,1,카페테리아,짜장밥
2023-07-16,0,7,Summer,1,0,1,카페테리아,짜장밥
2023-07-17,0,7,Summer,0,0,0,카페테리아,짜장밥
2023-07-18,0,7,Summer,0,0,0,카페테리아,짜장밥
2023-07-19,0,7,Summer,0,0,0,카페테리아,짜장밥
2023-07-20,0,7,Summer,0,0,0,카페테리아,짜장밥
2023-07-21,0,7,Summer,0,0,0,카페테리아,짜장밥
2023-07-22,2,7,Summer,1,0,1,카페테리아,짜장밥
2023-07-23,2,7,Summer,1,0,1,카페테리아,짜장밥
2023-07-24,1,7,Summer,0,0,0,카페테리아,짜장밥
2023-07-25,2,7,Summer,0,0,0,카페테리아,짜장밥
2023-07-26,3,7,Summer,0,0,0,카페테리아,짜장밥
2023-07-27,1,7,Summer,0,0,0,카페테리아,짜장밥
2023-07-28,1,7,Summer,0,0,0,카페테리아,짜장밥
2023-07-29,3,7,Summer,1,0,1,카페테리아,짜장밥
2023-07-30,3,7,Summer,1,0,1,카페테리아,짜장밥
2023-07-31,5,7,Summer,0,0,0,카페테리아,짜장밥
2023-08-01,2,8,Summer,0,0,0,카페테리아,짜장밥
2023-08-02,0,8,Summer,0,0,0,카페테리아,짜장밥
2023-08-03,2,8,Summer,0,0,0,카페테리아,짜장밥
2023-08-04,1,8,Summer,0,0,0,카페테리아,짜장밥
2023-08-05,1,8,Summer,1,0,1,카페테리아,짜장밥
2023-08-06,0,8,Summer,1,0,1,카페테리아,짜장밥
2023-08-07,3,8,Summer,0,0,0,카페테리아,짜장밥
2023-08-08,1,8,Summer,0,0,0,카페테리아,짜장밥
2023-08-09,1,8,Summer,0,0,0,카페테리아,짜장밥
2023-08-10,0,8,Summer,0,0,0,카페테리아,짜장밥
2023-08-11,0,8,Summer,0,0,0,카페테리아,짜장밥
2023-08-12,2,8,Summer,1,0,1,카페테리아,짜장밥
2023-08-13,2,8,Summer,1,0,1,카페테리아,짜장밥
2023-08-14,2,8,Summer,0,0,0,카페테리아,짜장밥
2023-08-15,0,8,Summer,0,1,1,카페테리아,짜장밥
2023-08-16,0,8,Summer,0,0,0,카페테리아,짜장밥
2023-08-17,0,8,Summer,0,0,0,카페테리아,짜장밥
2023-08-18,0,8,Summer,0,0,0,카페테리아,짜장밥
2023-08-19,0,8,Summer,1,0,1,카페테리아,짜장밥
2023-08-20,0,8,Summer,1,0,1,카페테리아,짜장밥
2023-08-21,1,8,Summer,0,0,0,카페테리아,짜장밥
2023-08-22,0,8,Summer,0,0,0,카페테리아,짜장밥
2023-08-23,0,8,Summer,0,0,0,카페테리아,짜장밥
2023-08-24,0,8,Summer,0,0,0,카페테리아,짜장밥
2023-08-25,0,8,Summer,0,0,0,카페테리아,짜장밥
2023-08-26,1,8,Summer,1,0,1,카페테리아,짜장밥
2023-08-27,0,8,Summer,1,0,1,카페테리아,짜장밥
2023-08-28,0,8,Summer,0,0,0,카페테리아,짜장밥
2023-08-29,0,8,Summer,0,0,0,카페테리아,짜장밥
2023-08-30,0,8,Summer,0,0,0,카페테리아,짜장밥
2023-08-31,0,8,Summer,0,0,0,카페테리아,짜장밥
2023-09-01,1,9,Autumn,0,0,0,카페테리아,짜장밥
2023-09-02,2,9,Autumn,1,0,1,카페테리아,짜장밥
2023-09-03,2,9,Autumn,1,0,1,카페테리아,짜장밥
2023-09-04,2,9,Autumn,0,0,0,카페테리아,짜장밥
2023-09-05,0,9,Autumn,0,0,0,카페테리아,짜장밥
2023-09-06,0,9,Autumn,0,0,0,카페테리아,짜장밥
2023-09-07,0,9,Autumn,0,0,0,카페테리아,짜장밥
2023-09-08,0,9,Autumn,0,0,0,카페테리아,짜장밥
2023-09-09,2,9,Autumn,1,0,1,카페테리아,짜장밥
2023-09-10,1,9,Autumn,1,0,1,카페테리아,짜장밥
2023-09-11,0,9,Autumn,0,0,0,카페테리아,짜장밥
2023-09-12,0,9,Autumn,0,0,0,카페테리아,짜장밥
2023-09-13,0,9,Autumn,0,0,0,카페테리아,짜장밥
2023-09-14,0,9,Autumn,0,0,0,카페테리아,짜장밥
2023-09-15,0,9,Autumn,0,0,0,카페테리아,짜장밥
2023-09-16,0,9,Autumn,1,0,1,카페테리아,짜장밥
2023-09-17,0,9,Autumn,1,0,1,카페테리아,짜장밥
2023-09-18,0,9,Autumn,0,0,0,카페테리아,짜장밥
2023-09-19,0,9,Autumn,0,0,0,카페테리아,짜장밥
2023-09-20,0,9,Autumn,0,0,0,카페테리아,짜장밥
2023-09-21,0,9,Autumn,0,0,0,카페테리아,짜장밥
2023-09-22,1,9,Autumn,0,0,0,카페테리아,짜장밥
2023-09-23,3,9,Autumn,1,0,1,카페테리아,짜장밥
2023-09-24,0,9,Autumn,1,0,1,카페테리아,짜장밥
2023-09-25,0,9,Autumn,0,0,0,카페테리아,짜장밥
2023-09-26,0,9,Autumn,0,0,0,카페테리아,짜장밥
2023-09-27,0,9,Autumn,0,0,0,카페테리아,짜장밥
2023-09-28,0,9,Autumn,0,1,1,카페테리아,짜장밥
2023-09-29,1,9,Autumn,0,1,1,카페테리아,짜장밥
2023-09-30,4,9,Autumn,1,1,1,카페테리아,짜장밥
2023-10-01,1,10,Autumn,1,0,1,카페테리아,짜장밥
2023-10-02,2,10,Autumn,0,1,1,카페테리아,짜장밥
2023-10-03,1,10,Autumn,0,1,1,카페테리아,짜장밥
2023-10-04,0,10,Autumn,0,0,0,카페테리아,짜장밥
2023-10-05,0,10,Autumn,0,0,0,카페테리아,짜장밥
2023-10-06,1,10,Autumn,0,0,0,카페테리아,짜장밥
2023-10-07,3,10,Autumn,1,0,1,카페테리아,짜장밥
2023-10-08,1,10,Autumn,1,0,1,카페테리아,짜장밥
2023-10-09,3,10,Autumn,0,1,1,카페테리아,짜장밥
2023-10-10,3,10,Autumn,0,0,0,카페테리아,짜장밥
2023-10-11,1,10,Autumn,0,0,0,카페테리아,짜장밥
2023-10-12,0,10,Autumn,0,0,0,카페테리아,짜장밥
2023-10-13,1,10,Autumn,0,0,0,카페테리아,짜장밥
2023-10-14,2,10,Autumn,1,0,1,카페테리아,짜장밥
2023-10-15,2,10,Autumn,1,0,1,카페테리아,짜장밥
2023-10-16,0,10,Autumn,0,0,0,카페테리아,짜장밥
2023-10-17,2,10,Autumn,0,0,0,카페테리아,짜장밥
2023-10-18,0,10,Autumn,0,0,0,카페테리아,짜장밥
2023-10-19,0,10,Autumn,0,0,0,카페테리아,짜장밥
2023-10-20,3,10,Autumn,0,0,0,카페테리아,짜장밥
2023-10-21,1,10,Autumn,1,0,1,카페테리아,짜장밥
2023-10-22,3,10,Autumn,1,0,1,카페테리아,짜장밥
2023-10-23,2,10,Autumn,0,0,0,카페테리아,짜장밥
2023-10-24,2,10,Autumn,0,0,0,카페테리아,짜장밥
2023-10-25,0,10,Autumn,0,0,0,카페테리아,짜장밥
2023-10-26,0,10,Autumn,0,0,0,카페테리아,짜장밥
2023-10-27,3,10,Autumn,0,0,0,카페테리아,짜장밥
2023-10-28,3,10,Autumn,1,0,1,카페테리아,짜장밥
2023-10-29,0,10,Autumn,1,0,1,카페테리아,짜장밥
2023-10-30,0,10,Autumn,0,0,0,카페테리아,짜장밥
2023-10-31,1,10,Autumn,0,0,0,카페테리아,짜장밥
2023-11-01,1,11,Autumn,0,0,0,카페테리아,짜장밥
2023-11-02,1,11,Autumn,0,0,0,카페테리아,짜장밥
2023-11-03,0,11,Autumn,0,0,0,카페테리아,짜장밥
2023-11-04,0,11,Autumn,1,0,1,카페테리아,짜장밥
2023-11-05,0,11,Autumn,1,0,1,카페테리아,짜장밥
2023-11-06,2,11,Autumn,0,0,0,카페테리아,짜장밥
2023-11-07,0,11,Autumn,0,0,0,카페테리아,짜장밥
2023-11-08,0,11,Autumn,0,0,0,카페테리아,짜장밥
2023-11-09,0,11,Autumn,0,0,0,카페테리아,짜장밥
2023-11-10,1,11,Autumn,0,0,0,카페테리아,짜장밥
2023-11-11,3,11,Autumn,1,0,1,카페테리아,짜장밥
2023-11-12,0,11,Autumn,1,0,1,카페테리아,짜장밥
2023-11-13,2,11,Autumn,0,0,0,카페테리아,짜장밥
2023-11-14,0,11,Autumn,0,0,0,카페테리아,짜장밥
2023-11-15,0,11,Autumn,0,0,0,카페테리아,짜장밥
2023-11-16,0,11,Autumn,0,0,0,카페테리아,짜장밥
2023-11-17,0,11,Autumn,0,0,0,카페테리아,짜장밥
2023-11-18,2,11,Autumn,1,0,1,카페테리아,짜장밥
2023-11-19,2,11,Autumn,1,0,1,카페테리아,짜장밥
2023-11-20,0,11,Autumn,0,0,0,카페테리아,짜장밥
2023-11-21,0,11,Autumn,0,0,0,카페테리아,짜장밥
2023-11-22,0,11,Autumn,0,0,0,카페테리아,짜장밥
2023-11-23,0,11,Autumn,0,0,0,카페테리아,짜장밥
2023-11-24,0,11,Autumn,0,0,0,카페테리아,짜장밥
2023-11-25,1,11,Autumn,1,0,1,카페테리아,짜장밥
2023-11-26,0,11,Autumn,1,0,1,카페테리아,짜장밥
2023-11-27,0,11,Autumn,0,0,0,카페테리아,짜장밥
2023-11-28,0,11,Autumn,0,0,0,카페테리아,짜장밥
2023-11-29,0,11,Autumn,0,0,0,카페테리아,짜장밥
2023-11-30,0,11,Autumn,0,0,0,카페테리아,짜장밥
2023-12-01,0,12,Winter,0,0,0,카페테리아,짜장밥
2023-12-02,2,12,Winter,1,0,1,카페테리아,짜장밥
2023-12-03,1,12,Winter,1,0,1,카페테리아,짜장밥
2023-12-04,0,12,Winter,0,0,0,카페테리아,짜장밥
2023-12-05,0,12,Winter,0,0,0,카페테리아,짜장밥
2023-12-06,0,12,Winter,0,0,0,카페테리아,짜장밥
2023-12-07,0,12,Winter,0,0,0,카페테리아,짜장밥
2023-12-08,3,12,Winter,0,0,0,카페테리아,짜장밥
2023-12-09,9,12,Winter,1,0,1,카페테리아,짜장밥
2023-12-10,4,12,Winter,1,0,1,카페테리아,짜장밥
2023-12-11,2,12,Winter,0,0,0,카페테리아,짜장밥
2023-12-12,2,12,Winter,0,0,0,카페테리아,짜장밥
2023-12-13,3,12,Winter,0,0,0,카페테리아,짜장밥
2023-12-14,1,12,Winter,0,0,0,카페테리아,짜장밥
2023-12-15,0,12,Winter,0,0,0,카페테리아,짜장밥
2023-12-16,4,12,Winter,1,0,1,카페테리아,짜장밥
2023-12-17,3,12,Winter,1,0,1,카페테리아,짜장밥
2023-12-18,5,12,Winter,0,0,0,카페테리아,짜장밥
2023-12-19,4,12,Winter,0,0,0,카페테리아,짜장밥
2023-12-20,5,12,Winter,0,0,0,카페테리아,짜장밥
2023-12-21,3,12,Winter,0,0,0,카페테리아,짜장밥
2023-12-22,8,12,Winter,0,0,0,카페테리아,짜장밥
2023-12-23,10,12,Winter,1,0,1,카페테리아,짜장밥
2023-12-24,15,12,Winter,1,0,1,카페테리아,짜장밥
2023-12-25,5,12,Winter,0,1,1,카페테리아,짜장밥
2023-12-26,7,12,Winter,0,0,0,카페테리아,짜장밥
2023-12-27,17,12,Winter,0,0,0,카페테리아,짜장밥
2023-12-28,15,12,Winter,0,0,0,카페테리아,짜장밥
2023-12-29,11,12,Winter,0,0,0,카페테리아,짜장밥
2023-12-30,14,12,Winter,1,0,1,카페테리아,짜장밥
2023-12-31,7,12,Winter,1,0,1,카페테리아,짜장밥
2024-01-01,11,1,Winter,0,1,1,카페테리아,짜장밥
2024-01-02,14,1,Winter,0,0,0,카페테리아,짜장밥
2024-01-03,14,1,Winter,0,0,0,카페테리아,짜장밥
2024-01-04,17,1,Winter,0,0,0,카페테리아,짜장밥
2024-01-05,14,1,Winter,0,0,0,카페테리아,짜장밥
2024-01-06,8,1,Winter,1,0,1,카페테리아,짜장밥
2024-01-07,20,1,Winter,1,0,1,카페테리아,짜장밥
2024-01-08,6,1,Winter,0,0,0,카페테리아,짜장밥
2024-01-09,5,1,Winter,0,0,0,카페테리아,짜장밥
2024-01-10,10,1,Winter,0,0,0,카페테리아,짜장밥
2024-01-11,13,1,Winter,0,0,0,카페테리아,짜장밥
2024-01-12,8,1,Winter,0,0,0,카페테리아,짜장밥
2024-01-13,16,1,Winter,1,0,1,카페테리아,짜장밥
2024-01-14,11,1,Winter,1,0,1,카페테리아,짜장밥
2024-01-15,12,1,Winter,0,0,0,카페테리아,짜장밥
2024-01-16,10,1,Winter,0,0,0,카페테리아,짜장밥
2024-01-17,8,1,Winter,0,0,0,카페테리아,짜장밥
2024-01-18,15,1,Winter,0,0,0,카페테리아,짜장밥
2024-01-19,12,1,Winter,0,0,0,카페테리아,짜장밥
2024-01-20,13,1,Winter,1,0,1,카페테리아,짜장밥
2024-01-21,9,1,Winter,1,0,1,카페테리아,짜장밥
2024-01-22,13,1,Winter,0,0,0,카페테리아,짜장밥
2024-01-23,10,1,Winter,0,0,0,카페테리아,짜장밥
2024-01-24,9,1,Winter,0,0,0,카페테리아,짜장밥
2024-01-25,6,1,Winter,0,0,0,카페테리아,짜장밥
2024-01-26,8,1,Winter,0,0,0,카페테리아,짜장밥
2024-01-27,19,1,Winter,1,0,1,카페테리아,짜장밥
2024-01-28,22,1,Winter,1,0,1,카페테리아,짜장밥
2024-01-29,9,1,Winter,0,0,0,카페테리아,짜장밥
2024-01-30,7,1,Winter,0,0,0,카페테리아,짜장밥
2024-01-31,11,1,Winter,0,0,0,카페테리아,짜장밥
2024-02-01,9,2,Winter,0,0,0,카페테리아,짜장밥
2024-02-02,3,2,Winter,0,0,0,카페테리아,짜장밥
2024-02-03,8,2,Winter,1,0,1,카페테리아,짜장밥
2024-02-04,10,2,Winter,1,0,1,카페테리아,짜장밥
2024-02-05,4,2,Winter,0,0,0,카페테리아,짜장밥
2024-02-06,5,2,Winter,0,0,0,카페테리아,짜장밥
2024-02-07,5,2,Winter,0,0,0,카페테리아,짜장밥
2024-02-08,7,2,Winter,0,0,0,카페테리아,짜장밥
2024-02-09,10,2,Winter,0,1,1,카페테리아,짜장밥
2024-02-10,9,2,Winter,1,1,1,카페테리아,짜장밥
2024-02-11,10,2,Winter,1,1,1,카페테리아,짜장밥
2024-02-12,8,2,Winter,0,1,1,카페테리아,짜장밥
2024-02-13,9,2,Winter,0,0,0,카페테리아,짜장밥
2024-02-14,1,2,Winter,0,0,0,카페테리아,짜장밥
2024-02-15,2,2,Winter,0,0,0,카페테리아,짜장밥
2024-02-16,7,2,Winter,0,0,0,카페테리아,짜장밥
2024-02-17,12,2,Winter,1,0,1,카페테리아,짜장밥
2024-02-18,2,2,Winter,1,0,1,카페테리아,짜장밥
2024-02-19,3,2,Winter,0,0,0,카페테리아,짜장밥
2024-02-20,2,2,Winter,0,0,0,카페테리아,짜장밥
2024-02-21,2,2,Winter,0,0,0,카페테리아,짜장밥
2024-02-22,4,2,Winter,0,0,0,카페테리아,짜장밥
2024-02-23,8,2,Winter,0,0,0,카페테리아,짜장밥
2024-02-24,7,2,Winter,1,0,1,카페테리아,짜장밥
2024-02-25,7,2,Winter,1,0,1,카페테리아,짜장밥
2024-02-26,11,2,Winter,0,0,0,카페테리아,짜장밥
2024-02-27,4,2,Winter,0,0,0,카페테리아,짜장밥
2024-02-28,2,2,Winter,0,0,0,카페테리아,짜장밥
2024-02-29,4,2,Winter,0,0,0,카페테리아,짜장밥
2024-03-01,7,3,Spring,0,1,1,카페테리아,짜장밥
2024-03-02,3,3,Spring,1,0,1,카페테리아,짜장밥
2024-03-03,3,3,Spring,1,0,1,카페테리아,짜장밥
2024-03-04,0,3,Spring,0,0,0,카페테리아,짜장밥
2024-03-05,0,3,Spring,0,0,0,카페테리아,짜장밥
2024-03-06,0,3,Spring,0,0,0,카페테리아,짜장밥
2024-03-07,0,3,Spring,0,0,0,카페테리아,짜장밥
2024-03-08,0,3,Spring,0,0,0,카페테리아,짜장밥
2024-03-09,0,3,Spring,1,0,1,카페테리아,짜장밥
2024-03-10,0,3,Spring,1,0,1,카페테리아,짜장밥
2024-03-11,0,3,Spring,0,0,0,카페테리아,짜장밥
2024-03-12,0,3,Spring,0,0,0,카페테리아,짜장밥
2024-03-13,0,3,Spring,0,0,0,카페테리아,짜장밥
2024-03-14,0,3,Spring,0,0,0,카페테리아,짜장밥
2024-03-15,0,3,Spring,0,0,0,카페테리아,짜장밥
2024-03-16,0,3,Spring,1,0,1,카페테리아,짜장밥
2024-03-17,1,3,Spring,1,0,1,카페테리아,짜장밥
2024-03-18,0,3,Spring,0,0,0,카페테리아,짜장밥
2024-03-19,0,3,Spring,0,0,0,카페테리아,짜장밥
2024-03-20,0,3,Spring,0,0,0,카페테리아,짜장밥
2024-03-21,1,3,Spring,0,0,0,카페테리아,짜장밥
2024-03-22,0,3,Spring,0,0,0,카페테리아,짜장밥
2024-03-23,0,3,Spring,1,0,1,카페테리아,짜장밥
2024-03-24,0,3,Spring,1,0,1,카페테리아,짜장밥
2024-03-25,1,3,Spring,0,0,0,카페테리아,짜장밥
2024-03-26,0,3,Spring,0,0,0,카페테리아,짜장밥
2024-03-27,1,3,Spring,0,0,0,카페테리아,짜장밥
2024-03-28,0,3,Spring,0,0,0,카페테리아,짜장밥
2024-03-29,0,3,Spring,0,0,0,카페테리아,짜장밥
2024-03-30,1,3,Spring,1,0,1,카페테리아,짜장밥
2024-03-31,0,3,Spring,1,0,1,카페테리아,짜장밥
2024-04-01,0,4,Spring,0,0,0,카페테리아,짜장밥
2024-04-02,0,4,Spring,0,0,0,카페테리아,짜장밥
2024-04-03,0,4,Spring,0,0,0,카페테리아,짜장밥
2024-04-04,0,4,Spring,0,0,0,카페테리아,짜장밥
2024-04-05,0,4,Spring,0,0,0,카페테리아,짜장밥
2024-04-06,1,4,Spring,1,0,1,카페테리아,짜장밥
2024-04-07,3,4,Spring,1,0,1,카페테리아,짜장밥
2024-04-08,1,4,Spring,0,0,0,카페테리아,짜장밥
2024-04-09,0,4,Spring,0,0,0,카페테리아,짜장밥
2024-04-10,1,4,Spring,0,1,1,카페테리아,짜장밥
2024-04-11,0,4,Spring,0,0,0,카페테리아,짜장밥
2024-04-12,0,4,Spring,0,0,0,카페테리아,짜장밥
2024-04-13,0,4,Spring,1,0,1,카페테리아,짜장밥
2024-04-14,0,4,Spring,1,0,1,카페테리아,짜장밥
2024-04-15,0,4,Spring,0,0,0,카페테리아,짜장밥
2024-04-16,0,4,Spring,0,0,0,카페테리아,짜장밥
2024-04-17,1,4,Spring,0,0,0,카페테리아,짜장밥
2024-04-18,0,4,Spring,0,0,0,카페테리아,짜장밥
2024-04-19,3,4,Spring,0,0,0,카페테리아,짜장밥
2024-04-20,1,4,Spring,1,0,1,카페테리아,짜장밥
2024-04-21,0,4,Spring,1,0,1,카페테리아,짜장밥
2024-04-22,0,4,Spring,0,0,0,카페테리아,짜장밥
2024-04-23,0,4,Spring,0,0,0,카페테리아,짜장밥
2024-04-24,0,4,Spring,0,0,0,카페테리아,짜장밥
2024-04-25,0,4,Spring,0,0,0,카페테리아,짜장밥
2024-04-26,1,4,Spring,0,0,0,카페테리아,짜장밥
2024-04-27,1,4,Spring,1,0,1,카페테리아,짜장밥
2024-04-28,1,4,Spring,1,0,1,카페테리아,짜장밥
2024-04-29,3,4,Spring,0,0,0,카페테리아,짜장밥
2024-04-30,0,4,Spring,0,0,0,카페테리아,짜장밥
2024-05-01,5,5,Spring,0,0,0,카페테리아,짜장밥
2024-05-02,0,5,Spring,0,0,0,카페테리아,짜장밥
2024-05-03,2,5,Spring,0,0,0,카페테리아,짜장밥
2024-05-04,2,5,Spring,1,0,1,카페테리아,짜장밥
2024-05-05,0,5,Spring,1,1,1,카페테리아,짜장밥
2024-05-06,0,5,Spring,0,1,1,카페테리아,짜장밥
2024-05-07,0,5,Spring,0,0,0,카페테리아,짜장밥
2024-05-08,0,5,Spring,0,0,0,카페테리아,짜장밥
2024-05-09,0,5,Spring,0,0,0,카페테리아,짜장밥
2024-05-10,0,5,Spring,0,0,0,카페테리아,짜장밥
2024-05-11,1,5,Spring,1,0,1,카페테리아,짜장밥
2024-05-12,1,5,Spring,1,0,1,카페테리아,짜장밥
2024-05-13,0,5,Spring,0,0,0,카페테리아,짜장밥
2024-05-14,0,5,Spring,0,0,0,카페테리아,짜장밥
2024-05-15,2,5,Spring,0,1,1,카페테리아,짜장밥
2024-05-16,0,5,Spring,0,0,0,카페테리아,짜장밥
2024-05-17,0,5,Spring,0,0,0,카페테리아,짜장밥
2024-05-18,4,5,Spring,1,0,1,카페테리아,짜장밥
2024-05-19,4,5,Spring,1,0,1,카페테리아,짜장밥
2024-05-20,0,5,Spring,0,0,0,카페테리아,짜장밥
2024-05-21,0,5,Spring,0,0,0,카페테리아,짜장밥
2024-05-22,0,5,Spring,0,0,0,카페테리아,짜장밥
2024-05-23,2,5,Spring,0,0,0,카페테리아,짜장밥
2024-05-24,0,5,Spring,0,0,0,카페테리아,짜장밥
2024-05-25,0,5,Spring,1,0,1,카페테리아,짜장밥
2024-05-26,2,5,Spring,1,0,1,카페테리아,짜장밥
2024-05-27,0,5,Spring,0,0,0,카페테리아,짜장밥
2024-05-28,1,5,Spring,0,0,0,카페테리아,짜장밥
2024-05-29,0,5,Spring,0,0,0,카페테리아,짜장밥
2024-05-30,0,5,Spring,0,0,0,카페테리아,짜장밥
2024-05-31,0,5,Spring,0,0,0,카페테리아,짜장밥
2024-06-01,4,6,Summer,1,0,1,카페테리아,짜장밥
2024-06-02,1,6,Summer,1,0,1,카페테리아,짜장밥
2024-06-03,0,6,Summer,0,0,0,카페테리아,짜장밥
2024-06-04,0,6,Summer,0,0,0,카페테리아,짜장밥
2024-06-05,2,6,Summer,0,0,0,카페테리아,짜장밥
2024-06-06,5,6,Summer,0,1,1,카페테리아,짜장밥
2024-06-07,3,6,Summer,0,0,0,카페테리아,짜장밥
2024-06-08,2,6,Summer,1,0,1,카페테리아,짜장밥
2024-06-09,1,6,Summer,1,0,1,카페테리아,짜장밥
2024-06-10,0,6,Summer,0,0,0,카페테리아,짜장밥
2024-06-11,1,6,Summer,0,0,0,카페테리아,짜장밥
2024-06-12,0,6,Summer,0,0,0,카페테리아,짜장밥
2024-06-13,3,6,Summer,0,0,0,카페테리아,짜장밥
2024-06-14,0,6,Summer,0,0,0,카페테리아,짜장밥
2024-06-15,1,6,Summer,1,0,1,카페테리아,짜장밥
2023-01-01,40,1,Winter,1,1,1,카페테리아,짬뽕
2023-01-02,42,1,Winter,0,0,0,카페테리아,짬뽕
2023-01-03,43,1,Winter,0,0,0,카페테리아,짬뽕
2023-01-04,36,1,Winter,0,0,0,카페테리아,짬뽕
2023-01-05,40,1,Winter,0,0,0,카페테리아,짬뽕
2023-01-06,54,1,Winter,0,0,0,카페테리아,짬뽕
2023-01-07,81,1,Winter,1,0,1,카페테리아,짬뽕
2023-01-08,62,1,Winter,1,0,1,카페테리아,짬뽕
2023-01-09,41,1,Winter,0,0,0,카페테리아,짬뽕
2023-01-10,38,1,Winter,0,0,0,카페테리아,짬뽕
2023-01-11,48,1,Winter,0,0,0,카페테리아,짬뽕
2023-01-12,67,1,Winter,0,0,0,카페테리아,짬뽕
2023-01-13,23,1,Winter,0,0,0,카페테리아,짬뽕
2023-01-14,44,1,Winter,1,0,1,카페테리아,짬뽕
2023-01-15,64,1,Winter,1,0,1,카페테리아,짬뽕
2023-01-16,33,1,Winter,0,0,0,카페테리아,짬뽕
2023-01-17,43,1,Winter,0,0,0,카페테리아,짬뽕
2023-01-18,54,1,Winter,0,0,0,카페테리아,짬뽕
2023-01-19,52,1,Winter,0,0,0,카페테리아,짬뽕
2023-01-20,56,1,Winter,0,0,0,카페테리아,짬뽕
2023-01-21,66,1,Winter,1,1,1,카페테리아,짬뽕
2023-01-22,51,1,Winter,1,1,1,카페테리아,짬뽕
2023-01-23,116,1,Winter,0,1,1,카페테리아,짬뽕
2023-01-24,66,1,Winter,0,1,1,카페테리아,짬뽕
2023-01-25,36,1,Winter,0,0,0,카페테리아,짬뽕
2023-01-26,49,1,Winter,0,0,0,카페테리아,짬뽕
2023-01-27,76,1,Winter,0,0,0,카페테리아,짬뽕
2023-01-28,111,1,Winter,1,0,1,카페테리아,짬뽕
2023-01-29,80,1,Winter,1,0,1,카페테리아,짬뽕
2023-01-30,55,1,Winter,0,0,0,카페테리아,짬뽕
2023-01-31,42,1,Winter,0,0,0,카페테리아,짬뽕
2023-02-01,49,2,Winter,0,0,0,카페테리아,짬뽕
2023-02-02,47,2,Winter,0,0,0,카페테리아,짬뽕
2023-02-03,45,2,Winter,0,0,0,카페테리아,짬뽕
2023-02-04,100,2,Winter,1,0,1,카페테리아,짬뽕
2023-02-05,95,2,Winter,1,0,1,카페테리아,짬뽕
2023-02-06,32,2,Winter,0,0,0,카페테리아,짬뽕
2023-02-07,40,2,Winter,0,0,0,카페테리아,짬뽕
2023-02-08,38,2,Winter,0,0,0,카페테리아,짬뽕
2023-02-09,35,2,Winter,0,0,0,카페테리아,짬뽕
2023-02-10,33,2,Winter,0,0,0,카페테리아,짬뽕
2023-02-11,72,2,Winter,1,0,1,카페테리아,짬뽕
2023-02-12,77,2,Winter,1,0,1,카페테리아,짬뽕
2023-02-13,44,2,Winter,0,0,0,카페테리아,짬뽕
2023-02-14,35,2,Winter,0,0,0,카페테리아,짬뽕
2023-02-15,37,2,Winter,0,0,0,카페테리아,짬뽕
2023-02-16,40,2,Winter,0,0,0,카페테리아,짬뽕
2023-02-17,21,2,Winter,0,0,0,카페테리아,짬뽕
2023-02-18,42,2,Winter,1,0,1,카페테리아,짬뽕
2023-02-19,57,2,Winter,1,0,1,카페테리아,짬뽕
2023-02-20,32,2,Winter,0,0,0,카페테리아,짬뽕
2023-02-21,46,2,Winter,0,0,0,카페테리아,짬뽕
2023-02-22,18,2,Winter,0,0,0,카페테리아,짬뽕
2023-02-23,24,2,Winter,0,0,0,카페테리아,짬뽕
2023-02-24,29,2,Winter,0,0,0,카페테리아,짬뽕
2023-02-25,37,2,Winter,1,0,1,카페테리아,짬뽕
2023-02-26,32,2,Winter,1,0,1,카페테리아,짬뽕
2023-02-27,25,2,Winter,0,0,0,카페테리아,짬뽕
2023-02-28,16,2,Winter,0,0,0,카페테리아,짬뽕
2023-03-01,15,3,Spring,0,1,1,카페테리아,짬뽕
2023-03-02,0,3,Spring,0,0,0,카페테리아,짬뽕
2023-03-03,0,3,Spring,0,0,0,카페테리아,짬뽕
2023-03-04,0,3,Spring,1,0,1,카페테리아,짬뽕
2023-03-05,0,3,Spring,1,0,1,카페테리아,짬뽕
2023-03-06,0,3,Spring,0,0,0,카페테리아,짬뽕
2023-03-07,0,3,Spring,0,0,0,카페테리아,짬뽕
2023-03-08,0,3,Spring,0,0,0,카페테리아,짬뽕
2023-03-09,0,3,Spring,0,0,0,카페테리아,짬뽕
2023-03-10,1,3,Spring,0,0,0,카페테리아,짬뽕
2023-03-11,3,3,Spring,1,0,1,카페테리아,짬뽕
2023-03-12,3,3,Spring,1,0,1,카페테리아,짬뽕
2023-03-13,1,3,Spring,0,0,0,카페테리아,짬뽕
2023-03-14,0,3,Spring,0,0,0,카페테리아,짬뽕
2023-03-15,1,3,Spring,0,0,0,카페테리아,짬뽕
2023-03-16,3,3,Spring,0,0,0,카페테리아,짬뽕
2023-03-17,3,3,Spring,0,0,0,카페테리아,짬뽕
2023-03-18,10,3,Spring,1,0,1,카페테리아,짬뽕
2023-03-19,2,3,Spring,1,0,1,카페테리아,짬뽕
2023-03-20,0,3,Spring,0,0,0,카페테리아,짬뽕
2023-03-21,2,3,Spring,0,0,0,카페테리아,짬뽕
2023-03-22,2,3,Spring,0,0,0,카페테리아,짬뽕
2023-03-23,1,3,Spring,0,0,0,카페테리아,짬뽕
2023-03-24,2,3,Spring,0,0,0,카페테리아,짬뽕
2023-03-25,8,3,Spring,1,0,1,카페테리아,짬뽕
2023-03-26,9,3,Spring,1,0,1,카페테리아,짬뽕
2023-03-27,1,3,Spring,0,0,0,카페테리아,짬뽕
2023-03-28,0,3,Spring,0,0,0,카페테리아,짬뽕
2023-03-29,1,3,Spring,0,0,0,카페테리아,짬뽕
2023-03-30,1,3,Spring,0,0,0,카페테리아,짬뽕
2023-03-31,0,3,Spring,0,0,0,카페테리아,짬뽕
2023-04-01,1,4,Spring,1,0,1,카페테리아,짬뽕
2023-04-02,6,4,Spring,1,0,1,카페테리아,짬뽕
2023-04-03,0,4,Spring,0,0,0,카페테리아,짬뽕
2023-04-04,0,4,Spring,0,0,0,카페테리아,짬뽕
2023-04-05,1,4,Spring,0,0,0,카페테리아,짬뽕
2023-04-06,3,4,Spring,0,0,0,카페테리아,짬뽕
2023-04-07,6,4,Spring,0,0,0,카페테리아,짬뽕
2023-04-08,6,4,Spring,1,0,1,카페테리아,짬뽕
2023-04-09,1,4,Spring,1,0,1,카페테리아,짬뽕
2023-04-10,1,4,Spring,0,0,0,카페테리아,짬뽕
2023-04-11,1,4,Spring,0,0,0,카페테리아,짬뽕
2023-04-12,6,4,Spring,0,0,0,카페테리아,짬뽕
2023-04-13,1,4,Spring,0,0,0,카페테리아,짬뽕
2023-04-14,8,4,Spring,0,0,0,카페테리아,짬뽕
2023-04-15,4,4,Spring,1,0,1,카페테리아,짬뽕
2023-04-16,4,4,Spring,1,0,1,카페테리아,짬뽕
2023-04-17,2,4,Spring,0,0,0,카페테리아,짬뽕
2023-04-18,3,4,Spring,0,0,0,카페테리아,짬뽕
2023-04-19,2,4,Spring,0,0,0,카페테리아,짬뽕
2023-04-20,3,4,Spring,0,0,0,카페테리아,짬뽕
2023-04-21,3,4,Spring,0,0,0,카페테리아,짬뽕
2023-04-22,7,4,Spring,1,0,1,카페테리아,짬뽕
2023-04-23,9,4,Spring,1,0,1,카페테리아,짬뽕
2023-04-24,1,4,Spring,0,0,0,카페테리아,짬뽕
2023-04-25,0,4,Spring,0,0,0,카페테리아,짬뽕
2023-04-26,1,4,Spring,0,0,0,카페테리아,짬뽕
2023-04-27,1,4,Spring,0,0,0,카페테리아,짬뽕
2023-04-28,1,4,Spring,0,0,0,카페테리아,짬뽕
2023-04-29,2,4,Spring,1,0,1,카페테리아,짬뽕
2023-04-30,15,4,Spring,1,0,1,카페테리아,짬뽕
2023-05-01,9,5,Spring,0,0,0,카페테리아,짬뽕
2023-05-02,4,5,Spring,0,0,0,카페테리아,짬뽕
2023-05-03,1,5,Spring,0,0,0,카페테리아,짬뽕
2023-05-04,14,5,Spring,0,0,0,카페테리아,짬뽕
2023-05-05,11,5,Spring,0,1,1,카페테리아,짬뽕
2023-05-06,6,5,Spring,1,0,1,카페테리아,짬뽕
2023-05-07,9,5,Spring,1,0,1,카페테리아,짬뽕
2023-05-08,0,5,Spring,0,0,0,카페테리아,짬뽕
2023-05-09,4,5,Spring,0,0,0,카페테리아,짬뽕
2023-05-10,1,5,Spring,0,0,0,카페테리아,짬뽕
2023-05-11,2,5,Spring,0,0,0,카페테리아,짬뽕
2023-05-12,3,5,Spring,0,0,0,카페테리아,짬뽕
2023-05-13,13,5,Spring,1,0,1,카페테리아,짬뽕
2023-05-14,10,5,Spring,1,0,1,카페테리아,짬뽕
2023-05-15,1,5,Spring,0,0,0,카페테리아,짬뽕
2023-05-16,2,5,Spring,0,0,0,카페테리아,짬뽕
2023-05-17,6,5,Spring,0,0,0,카페테리아,짬뽕
2023-05-18,3,5,Spring,0,0,0,카페테리아,짬뽕
2023-05-19,1,5,Spring,0,0,0,카페테리아,짬뽕
2023-05-20,6,5,Spring,1,0,1,카페테리아,짬뽕
2023-05-21,6,5,Spring,1,0,1,카페테리아,짬뽕
2023-05-22,2,5,Spring,0,0,0,카페테리아,짬뽕
2023-05-23,2,5,Spring,0,0,0,카페테리아,짬뽕
2023-05-24,0,5,Spring,0,0,0,카페테리아,짬뽕
2023-05-25,3,5,Spring,0,0,0,카페테리아,짬뽕
2023-05-26,4,5,Spring,0,0,0,카페테리아,짬뽕
2023-05-27,10,5,Spring,1,1,1,카페테리아,짬뽕
2023-05-28,7,5,Spring,1,0,1,카페테리아,짬뽕
2023-05-29,6,5,Spring,0,1,1,카페테리아,짬뽕
2023-05-30,4,5,Spring,0,0,0,카페테리아,짬뽕
2023-05-31,7,5,Spring,0,0,0,카페테리아,짬뽕
2023-06-01,0,6,Summer,0,0,0,카페테리아,짬뽕
2023-06-02,8,6,Summer,0,0,0,카페테리아,짬뽕
2023-06-03,6,6,Summer,1,0,1,카페테리아,짬뽕
2023-06-04,17,6,Summer,1,0,1,카페테리아,짬뽕
2023-06-05,10,6,Summer,0,0,0,카페테리아,짬뽕
2023-06-06,11,6,Summer,0,1,1,카페테리아,짬뽕
2023-06-07,4,6,Summer,0,0,0,카페테리아,짬뽕
2023-06-08,1,6,Summer,0,0,0,카페테리아,짬뽕
2023-06-09,2,6,Summer,0,0,0,카페테리아,짬뽕
2023-06-10,3,6,Summer,1,0,1,카페테리아,짬뽕
2023-06-11,4,6,Summer,1,0,1,카페테리아,짬뽕
2023-06-12,3,6,Summer,0,0,0,카페테리아,짬뽕
2023-06-13,8,6,Summer,0,0,0,카페테리아,짬뽕
2023-06-14,2,6,Summer,0,0,0,카페테리아,짬뽕
2023-06-15,1,6,Summer,0,0,0,카페테리아,짬뽕
2023-06-16,4,6,Summer,0,0,0,카페테리아,짬뽕
2023-06-17,3,6,Summer,1,0,1,카페테리아,짬뽕
2023-06-18,6,6,Summer,1,0,1,카페테리아,짬뽕
2023-06-19,1,6,Summer,0,0,0,카페테리아,짬뽕
2023-06-20,3,6,Summer,0,0,0,카페테리아,짬뽕
2023-06-21,5,6,Summer,0,0,0,카페테리아,짬뽕
2023-06-22,1,6,Summer,0,0,0,카페테리아,짬뽕
2023-06-23,5,6,Summer,0,0,0,카페테리아,짬뽕
2023-06-24,1,6,Summer,1,0,1,카페테리아,짬뽕
2023-06-25,4,6,Summer,1,0,1,카페테리아,짬뽕
2023-06-26,1,6,Summer,0,0,0,카페테리아,짬뽕
2023-06-27,4,6,Summer,0,0,0,카페테리아,짬뽕
2023-06-28,0,6,Summer,0,0,0,카페테리아,짬뽕
2023-06-29,3,6,Summer,0,0,0,카페테리아,짬뽕
2023-06-30,5,6,Summer,0,0,0,카페테리아,짬뽕
2023-07-01,8,7,Summer,1,0,1,카페테리아,짬뽕
2023-07-02,4,7,Summer,1,0,1,카페테리아,짬뽕
2023-07-03,3,7,Summer,0,0,0,카페테리아,짬뽕
2023-07-04,3,7,Summer,0,0,0,카페테리아,짬뽕
2023-07-05,0,7,Summer,0,0,0,카페테리아,짬뽕
2023-07-06,0,7,Summer,0,0,0,카페테리아,짬뽕
2023-07-07,8,7,Summer,0,0,0,카페테리아,짬뽕
2023-07-08,7,7,Summer,1,0,1,카페테리아,짬뽕
2023-07-09,4,7,Summer,1,0,1,카페테리아,짬뽕
2023-07-10,1,7,Summer,0,0,0,카페테리아,짬뽕
2023-07-11,0,7,Summer,0,0,0,카페테리아,짬뽕
2023-07-12,1,7,Summer,0,0,0,카페테리아,짬뽕
2023-07-13,2,7,Summer,0,0,0,카페테리아,짬뽕
2023-07-14,3,7,Summer,0,0,0,카페테리아,짬뽕
2023-07-15,2,7,Summer,1,0,1,카페테리아,짬뽕
2023-07-16,2,7,Summer,1,0,1,카페테리아,짬뽕
2023-07-17,0,7,Summer,0,0,0,카페테리아,짬뽕
2023-07-18,5,7,Summer,0,0,0,카페테리아,짬뽕
2023-07-19,0,7,Summer,0,0,0,카페테리아,짬뽕
2023-07-20,1,7,Summer,0,0,0,카페테리아,짬뽕
2023-07-21,4,7,Summer,0,0,0,카페테리아,짬뽕
2023-07-22,8,7,Summer,1,0,1,카페테리아,짬뽕
2023-07-23,7,7,Summer,1,0,1,카페테리아,짬뽕
2023-07-24,17,7,Summer,0,0,0,카페테리아,짬뽕
2023-07-25,5,7,Summer,0,0,0,카페테리아,짬뽕
2023-07-26,9,7,Summer,0,0,0,카페테리아,짬뽕
2023-07-27,4,7,Summer,0,0,0,카페테리아,짬뽕
2023-07-28,2,7,Summer,0,0,0,카페테리아,짬뽕
2023-07-29,5,7,Summer,1,0,1,카페테리아,짬뽕
2023-07-30,12,7,Summer,1,0,1,카페테리아,짬뽕
2023-07-31,20,7,Summer,0,0,0,카페테리아,짬뽕
2023-08-01,8,8,Summer,0,0,0,카페테리아,짬뽕
2023-08-02,12,8,Summer,0,0,0,카페테리아,짬뽕
2023-08-03,12,8,Summer,0,0,0,카페테리아,짬뽕
2023-08-04,6,8,Summer,0,0,0,카페테리아,짬뽕
2023-08-05,5,8,Summer,1,0,1,카페테리아,짬뽕
2023-08-06,5,8,Summer,1,0,1,카페테리아,짬뽕
2023-08-07,5,8,Summer,0,0,0,카페테리아,짬뽕
2023-08-08,14,8,Summer,0,0,0,카페테리아,짬뽕
2023-08-09,3,8,Summer,0,0,0,카페테리아,짬뽕
2023-08-10,4,8,Summer,0,0,0,카페테리아,짬뽕
2023-08-11,8,8,Summer,0,0,0,카페테리아,짬뽕
2023-08-12,5,8,Summer,1,0,1,카페테리아,짬뽕
2023-08-13,9,8,Summer,1,0,1,카페테리아,짬뽕
2023-08-14,17,8,Summer,0,0,0,카페테리아,짬뽕
2023-08-15,8,8,Summer,0,1,1,카페테리아,짬뽕
2023-08-16,3,8,Summer,0,0,0,카페테리아,짬뽕
2023-08-17,2,8,Summer,0,0,0,카페테리아,짬뽕
2023-08-18,2,8,Summer,0,0,0,카페테리아,짬뽕
2023-08-19,7,8,Summer,1,0,1,카페테리아,짬뽕
2023-08-20,5,8,Summer,1,0,1,카페테리아,짬뽕
2023-08-21,2,8,Summer,0,0,0,카페테리아,짬뽕
2023-08-22,2,8,Summer,0,0,0,카페테리아,짬뽕
2023-08-23,6,8,Summer,0,0,0,카페테리아,짬뽕
2023-08-24,4,8,Summer,0,0,0,카페테리아,짬뽕
2023-08-25,1,8,Summer,0,0,0,카페테리아,짬뽕
2023-08-26,6,8,Summer,1,0,1,카페테리아,짬뽕
2023-08-27,4,8,Summer,1,0,1,카페테리아,짬뽕
2023-08-28,1,8,Summer,0,0,0,카페테리아,짬뽕
2023-08-29,7,8,Summer,0,0,0,카페테리아,짬뽕
2023-08-30,1,8,Summer,0,0,0,카페테리아,짬뽕
2023-08-31,2,8,Summer,0,0,0,카페테리아,짬뽕
2023-09-01,3,9,Autumn,0,0,0,카페테리아,짬뽕
2023-09-02,8,9,Autumn,1,0,1,카페테리아,짬뽕
2023-09-03,10,9,Autumn,1,0,1,카페테리아,짬뽕
2023-09-04,0,9,Autumn,0,0,0,카페테리아,짬뽕
2023-09-05,4,9,Autumn,0,0,0,카페테리아,짬뽕
2023-09-06,0,9,Autumn,0,0,0,카페테리아,짬뽕
2023-09-07,3,9,Autumn,0,0,0,카페테리아,짬뽕
2023-09-08,2,9,Autumn,0,0,0,카페테리아,짬뽕
2023-09-09,12,9,Autumn,1,0,1,카페테리아,짬뽕
2023-09-10,4,9,Autumn,1,0,1,카페테리아,짬뽕
2023-09-11,1,9,Autumn,0,0,0,카페테리아,짬뽕
2023-09-12,5,9,Autumn,0,0,0,카페테리아,짬뽕
2023-09-13,3,9,Autumn,0,0,0,카페테리아,짬뽕
2023-09-14,2,9,Autumn,0,0,0,카페테리아,짬뽕
2023-09-15,3,9,Autumn,0,0,0,카페테리아,짬뽕
2023-09-16,3,9,Autumn,1,0,1,카페테리아,짬뽕
2023-09-17,6,9,Autumn,1,0,1,카페테리아,짬뽕
2023-09-18,1,9,Autumn,0,0,0,카페테리아,짬뽕
2023-09-19,0,9,Autumn,0,0,0,카페테리아,짬뽕
2023-09-20,0,9,Autumn,0,0,0,카페테리아,짬뽕
2023-09-21,1,9,Autumn,0,0,0,카페테리아,짬뽕
2023-09-22,5,9,Autumn,0,0,0,카페테리아,짬뽕
2023-09-23,8,9,Autumn,1,0,1,카페테리아,짬뽕
2023-09-24,5,9,Autumn,1,0,1,카페테리아,짬뽕
2023-09-25,1,9,Autumn,0,0,0,카페테리아,짬뽕
2023-09-26,4,9,Autumn,0,0,0,카페테리아,짬뽕
2023-09-27,3,9,Autumn,0,0,0,카페테리아,짬뽕
2023-09-28,8,9,Autumn,0,1,1,카페테리아,짬뽕
2023-09-29,19,9,Autumn,0,1,1,카페테리아,짬뽕
2023-09-30,23,9,Autumn,1,1,1,카페테리아,짬뽕
2023-10-01,19,10,Autumn,1,0,1,카페테리아,짬뽕
2023-10-02,17,10,Autumn,0,1,1,카페테리아,짬뽕
2023-10-03,10,10,Autumn,0,1,1,카페테리아,짬뽕
2023-10-04,3,10,Autumn,0,0,0,카페테리아,짬뽕
2023-10-05,2,10,Autumn,0,0,0,카페테리아,짬뽕
2023-10-06,11,10,Autumn,0,0,0,카페테리아,짬뽕
2023-10-07,15,10,Autumn,1,0,1,카페테리아,짬뽕
2023-10-08,21,10,Autumn,1,0,1,카페테리아,짬뽕
2023-10-09,12,10,Autumn,0,1,1,카페테리아,짬뽕
2023-10-10,10,10,Autumn,0,0,0,카페테리아,짬뽕
2023-10-11,4,10,Autumn,0,0,0,카페테리아,짬뽕
2023-10-12,3,10,Autumn,0,0,0,카페테리아,짬뽕
2023-10-13,9,10,Autumn,0,0,0,카페테리아,짬뽕
2023-10-14,15,10,Autumn,1,0,1,카페테리아,짬뽕
2023-10-15,10,10,Autumn,1,0,1,카페테리아,짬뽕
2023-10-16,2,10,Autumn,0,0,0,카페테리아,짬뽕
2023-10-17,8,10,Autumn,0,0,0,카페테리아,짬뽕
2023-10-18,15,10,Autumn,0,0,0,카페테리아,짬뽕
2023-10-19,17,10,Autumn,0,0,0,카페테리아,짬뽕
2023-10-20,15,10,Autumn,0,0,0,카페테리아,짬뽕
2023-10-21,11,10,Autumn,1,0,1,카페테리아,짬뽕
2023-10-22,20,10,Autumn,1,0,1,카페테리아,짬뽕
2023-10-23,5,10,Autumn,0,0,0,카페테리아,짬뽕
2023-10-24,10,10,Autumn,0,0,0,카페테리아,짬뽕
2023-10-25,3,10,Autumn,0,0,0,카페테리아,짬뽕
2023-10-26,8,10,Autumn,0,0,0,카페테리아,짬뽕
2023-10-27,7,10,Autumn,0,0,0,카페테리아,짬뽕
2023-10-28,11,10,Autumn,1,0,1,카페테리아,짬뽕
2023-10-29,15,10,Autumn,1,0,1,카페테리아,짬뽕
2023-10-30,10,10,Autumn,0,0,0,카페테리아,짬뽕
2023-10-31,7,10,Autumn,0,0,0,카페테리아,짬뽕
2023-11-01,7,11,Autumn,0,0,0,카페테리아,짬뽕
2023-11-02,14,11,Autumn,0,0,0,카페테리아,짬뽕
2023-11-03,9,11,Autumn,0,0,0,카페테리아,짬뽕
2023-11-04,11,11,Autumn,1,0,1,카페테리아,짬뽕
2023-11-05,5,11,Autumn,1,0,1,카페테리아,짬뽕
2023-11-06,8,11,Autumn,0,0,0,카페테리아,짬뽕
2023-11-07,11,11,Autumn,0,0,0,카페테리아,짬뽕
2023-11-08,8,11,Autumn,0,0,0,카페테리아,짬뽕
2023-11-09,7,11,Autumn,0,0,0,카페테리아,짬뽕
2023-11-10,5,11,Autumn,0,0,0,카페테리아,짬뽕
2023-11-11,8,11,Autumn,1,0,1,카페테리아,짬뽕
2023-11-12,10,11,Autumn,1,0,1,카페테리아,짬뽕
2023-11-13,9,11,Autumn,0,0,0,카페테리아,짬뽕
2023-11-14,4,11,Autumn,0,0,0,카페테리아,짬뽕
2023-11-15,5,11,Autumn,0,0,0,카페테리아,짬뽕
2023-11-16,5,11,Autumn,0,0,0,카페테리아,짬뽕
2023-11-17,8,11,Autumn,0,0,0,카페테리아,짬뽕
2023-11-18,16,11,Autumn,1,0,1,카페테리아,짬뽕
2023-11-19,5,11,Autumn,1,0,1,카페테리아,짬뽕
2023-11-20,7,11,Autumn,0,0,0,카페테리아,짬뽕
2023-11-21,1,11,Autumn,0,0,0,카페테리아,짬뽕
2023-11-22,6,11,Autumn,0,0,0,카페테리아,짬뽕
2023-11-23,8,11,Autumn,0,0,0,카페테리아,짬뽕
2023-11-24,10,11,Autumn,0,0,0,카페테리아,짬뽕
2023-11-25,8,11,Autumn,1,0,1,카페테리아,짬뽕
2023-11-26,12,11,Autumn,1,0,1,카페테리아,짬뽕
2023-11-27,0,11,Autumn,0,0,0,카페테리아,짬뽕
2023-11-28,1,11,Autumn,0,0,0,카페테리아,짬뽕
2023-11-29,4,11,Autumn,0,0,0,카페테리아,짬뽕
2023-11-30,5,11,Autumn,0,0,0,카페테리아,짬뽕
2023-12-01,5,12,Winter,0,0,0,카페테리아,짬뽕
2023-12-02,8,12,Winter,1,0,1,카페테리아,짬뽕
2023-12-03,3,12,Winter,1,0,1,카페테리아,짬뽕
2023-12-04,6,12,Winter,0,0,0,카페테리아,짬뽕
2023-12-05,2,12,Winter,0,0,0,카페테리아,짬뽕
2023-12-06,2,12,Winter,0,0,0,카페테리아,짬뽕
2023-12-07,5,12,Winter,0,0,0,카페테리아,짬뽕
2023-12-08,11,12,Winter,0,0,0,카페테리아,짬뽕
2023-12-09,22,12,Winter,1,0,1,카페테리아,짬뽕
2023-12-10,31,12,Winter,1,0,1,카페테리아,짬뽕
2023-12-11,9,12,Winter,0,0,0,카페테리아,짬뽕
2023-12-12,15,12,Winter,0,0,0,카페테리아,짬뽕
2023-12-13,6,12,Winter,0,0,0,카페테리아,짬뽕
2023-12-14,7,12,Winter,0,0,0,카페테리아,짬뽕
2023-12-15,8,12,Winter,0,0,0,카페테리아,짬뽕
2023-12-16,34,12,Winter,1,0,1,카페테리아,짬뽕
2023-12-17,32,12,Winter,1,0,1,카페테리아,짬뽕
2023-12-18,32,12,Winter,0,0,0,카페테리아,짬뽕
2023-12-19,29,12,Winter,0,0,0,카페테리아,짬뽕
2023-12-20,36,12,Winter,0,0,0,카페테리아,짬뽕
2023-12-21,38,12,Winter,0,0,0,카페테리아,짬뽕
2023-12-22,36,12,Winter,0,0,0,카페테리아,짬뽕
2023-12-23,65,12,Winter,1,0,1,카페테리아,짬뽕
2023-12-24,65,12,Winter,1,0,1,카페테리아,짬뽕
2023-12-25,65,12,Winter,0,1,1,카페테리아,짬뽕
2023-12-26,43,12,Winter,0,0,0,카페테리아,짬뽕
2023-12-27,52,12,Winter,0,0,0,카페테리아,짬뽕
2023-12-28,48,12,Winter,0,0,0,카페테리아,짬뽕
2023-12-29,50,12,Winter,0,0,0,카페테리아,짬뽕
2023-12-30,77,12,Winter,1,0,1,카페테리아,짬뽕
2023-12-31,60,12,Winter,1,0,1,카페테리아,짬뽕
2024-01-01,55,1,Winter,0,1,1,카페테리아,짬뽕
2024-01-02,34,1,Winter,0,0,0,카페테리아,짬뽕
2024-01-03,39,1,Winter,0,0,0,카페테리아,짬뽕
2024-01-04,29,1,Winter,0,0,0,카페테리아,짬뽕
2024-01-05,31,1,Winter,0,0,0,카페테리아,짬뽕
2024-01-06,85,1,Winter,1,0,1,카페테리아,짬뽕
2024-01-07,73,1,Winter,1,0,1,카페테리아,짬뽕
2024-01-08,48,1,Winter,0,0,0,카페테리아,짬뽕
2024-01-09,36,1,Winter,0,0,0,카페테리아,짬뽕
2024-01-10,53,1,Winter,0,0,0,카페테리아,짬뽕
2024-01-11,45,1,Winter,0,0,0,카페테리아,짬뽕
2024-01-12,51,1,Winter,0,0,0,카페테리아,짬뽕
2024-01-13,108,1,Winter,1,0,1,카페테리아,짬뽕
2024-01-14,58,1,Winter,1,0,1,카페테리아,짬뽕
2024-01-15,42,1,Winter,0,0,0,카페테리아,짬뽕
2024-01-16,44,1,Winter,0,0,0,카페테리아,짬뽕
2024-01-17,45,1,Winter,0,0,0,카페테리아,짬뽕
2024-01-18,41,1,Winter,0,0,0,카페테리아,짬뽕
2024-01-19,54,1,Winter,0,0,0,카페테리아,짬뽕
2024-01-20,78,1,Winter,1,0,1,카페테리아,짬뽕
2024-01-21,65,1,Winter,1,0,1,카페테리아,짬뽕
2024-01-22,48,1,Winter,0,0,0,카페테리아,짬뽕
2024-01-23,45,1,Winter,0,0,0,카페테리아,짬뽕
2024-01-24,47,1,Winter,0,0,0,카페테리아,짬뽕
2024-01-25,41,1,Winter,0,0,0,카페테리아,짬뽕
2024-01-26,40,1,Winter,0,0,0,카페테리아,짬뽕
2024-01-27,77,1,Winter,1,0,1,카페테리아,짬뽕
2024-01-28,73,1,Winter,1,0,1,카페테리아,짬뽕
2024-01-29,37,1,Winter,0,0,0,카페테리아,짬뽕
2024-01-30,36,1,Winter,0,0,0,카페테리아,짬뽕
2024-01-31,41,1,Winter,0,0,0,카페테리아,짬뽕
2024-02-01,29,2,Winter,0,0,0,카페테리아,짬뽕
2024-02-02,61,2,Winter,0,0,0,카페테리아,짬뽕
2024-02-03,68,2,Winter,1,0,1,카페테리아,짬뽕
2024-02-04,53,2,Winter,1,0,1,카페테리아,짬뽕
2024-02-05,30,2,Winter,0,0,0,카페테리아,짬뽕
2024-02-06,36,2,Winter,0,0,0,카페테리아,짬뽕
2024-02-07,35,2,Winter,0,0,0,카페테리아,짬뽕
2024-02-08,31,2,Winter,0,0,0,카페테리아,짬뽕
2024-02-09,35,2,Winter,0,1,1,카페테리아,짬뽕
2024-02-10,46,2,Winter,1,1,1,카페테리아,짬뽕
2024-02-11,57,2,Winter,1,1,1,카페테리아,짬뽕
2024-02-12,27,2,Winter,0,1,1,카페테리아,짬뽕
2024-02-13,34,2,Winter,0,0,0,카페테리아,짬뽕
2024-02-14,26,2,Winter,0,0,0,카페테리아,짬뽕
2024-02-15,16,2,Winter,0,0,0,카페테리아,짬뽕
2024-02-16,37,2,Winter,0,0,0,카페테리아,짬뽕
2024-02-17,51,2,Winter,1,0,1,카페테리아,짬뽕
2024-02-18,40,2,Winter,1,0,1,카페테리아,짬뽕
2024-02-19,17,2,Winter,0,0,0,카페테리아,짬뽕
2024-02-20,20,2,Winter,0,0,0,카페테리아,짬뽕
2024-02-21,12,2,Winter,0,0,0,카페테리아,짬뽕
2024-02-22,47,2,Winter,0,0,0,카페테리아,짬뽕
2024-02-23,29,2,Winter,0,0,0,카페테리아,짬뽕
2024-02-24,31,2,Winter,1,0,1,카페테리아,짬뽕
2024-02-25,29,2,Winter,1,0,1,카페테리아,짬뽕
2024-02-26,49,2,Winter,0,0,0,카페테리아,짬뽕
2024-02-27,29,2,Winter,0,0,0,카페테리아,짬뽕
2024-02-28,19,2,Winter,0,0,0,카페테리아,짬뽕
2024-02-29,22,2,Winter,0,0,0,카페테리아,짬뽕
2024-03-01,19,3,Spring,0,1,1,카페테리아,짬뽕
2024-03-02,17,3,Spring,1,0,1,카페테리아,짬뽕
2024-03-03,9,3,Spring,1,0,1,카페테리아,짬뽕
2024-03-04,0,3,Spring,0,0,0,카페테리아,짬뽕
2024-03-05,0,3,Spring,0,0,0,카페테리아,짬뽕
2024-03-06,0,3,Spring,0,0,0,카페테리아,짬뽕
2024-03-07,0,3,Spring,0,0,0,카페테리아,짬뽕
2024-03-08,0,3,Spring,0,0,0,카페테리아,짬뽕
2024-03-09,0,3,Spring,1,0,1,카페테리아,짬뽕
2024-03-10,0,3,Spring,1,0,1,카페테리아,짬뽕
2024-03-11,0,3,Spring,0,0,0,카페테리아,짬뽕
2024-03-12,0,3,Spring,0,0,0,카페테리아,짬뽕
2024-03-13,0,3,Spring,0,0,0,카페테리아,짬뽕
2024-03-14,0,3,Spring,0,0,0,카페테리아,짬뽕
2024-03-15,0,3,Spring,0,0,0,카페테리아,짬뽕
2024-03-16,6,3,Spring,1,0,1,카페테리아,짬뽕
2024-03-17,2,3,Spring,1,0,1,카페테리아,짬뽕
2024-03-18,1,3,Spring,0,0,0,카페테리아,짬뽕
2024-03-19,0,3,Spring,0,0,0,카페테리아,짬뽕
2024-03-20,3,3,Spring,0,0,0,카페테리아,짬뽕
2024-03-21,2,3,Spring,0,0,0,카페테리아,짬뽕
2024-03-22,1,3,Spring,0,0,0,카페테리아,짬뽕
2024-03-23,3,3,Spring,1,0,1,카페테리아,짬뽕
2024-03-24,0,3,Spring,1,0,1,카페테리아,짬뽕
2024-03-25,4,3,Spring,0,0,0,카페테리아,짬뽕
2024-03-26,0,3,Spring,0,0,0,카페테리아,짬뽕
2024-03-27,0,3,Spring,0,0,0,카페테리아,짬뽕
2024-03-28,0,3,Spring,0,0,0,카페테리아,짬뽕
2024-03-29,4,3,Spring,0,0,0,카페테리아,짬뽕
2024-03-30,8,3,Spring,1,0,1,카페테리아,짬뽕
2024-03-31,4,3,Spring,1,0,1,카페테리아,짬뽕
2024-04-01,1,4,Spring,0,0,0,카페테리아,짬뽕
2024-04-02,2,4,Spring,0,0,0,카페테리아,짬뽕
2024-04-03,2,4,Spring,0,0,0,카페테리아,짬뽕
2024-04-04,2,4,Spring,0,0,0,카페테리아,짬뽕
2024-04-05,5,4,Spring,0,0,0,카페테리아,짬뽕
2024-04-06,15,4,Spring,1,0,1,카페테리아,짬뽕
2024-04-07,8,4,Spring,1,0,1,카페테리아,짬뽕
2024-04-08,4,4,Spring,0,0,0,카페테리아,짬뽕
2024-04-09,3,4,Spring,0,0,0,카페테리아,짬뽕
2024-04-10,10,4,Spring,0,1,1,카페테리아,짬뽕
2024-04-11,5,4,Spring,0,0,0,카페테리아,짬뽕
2024-04-12,6,4,Spring,0,0,0,카페테리아,짬뽕
2024-04-13,15,4,Spring,1,0,1,카페테리아,짬뽕
2024-04-14,5,4,Spring,1,0,1,카페테리아,짬뽕
2024-04-15,4,4,Spring,0,0,0,카페테리아,짬뽕
2024-04-16,3,4,Spring,0,0,0,카페테리아,짬뽕
2024-04-17,4,4,Spring,0,0,0,카페테리아,짬뽕
2024-04-18,0,4,Spring,0,0,0,카페테리아,짬뽕
2024-04-19,13,4,Spring,0,0,0,카페테리아,짬뽕
2024-04-20,8,4,Spring,1,0,1,카페테리아,짬뽕
2024-04-21,8,4,Spring,1,0,1,카페테리아,짬뽕
2024-04-22,4,4,Spring,0,0,0,카페테리아,짬뽕
2024-04-23,2,4,Spring,0,0,0,카페테리아,짬뽕
2024-04-24,2,4,Spring,0,0,0,카페테리아,짬뽕
2024-04-25,2,4,Spring,0,0,0,카페테리아,짬뽕
2024-04-26,13,4,Spring,0,0,0,카페테리아,짬뽕
2024-04-27,15,4,Spring,1,0,1,카페테리아,짬뽕
2024-04-28,7,4,Spring,1,0,1,카페테리아,짬뽕
2024-04-29,1,4,Spring,0,0,0,카페테리아,짬뽕
2024-04-30,0,4,Spring,0,0,0,카페테리아,짬뽕
2024-05-01,7,5,Spring,0,0,0,카페테리아,짬뽕
2024-05-02,2,5,Spring,0,0,0,카페테리아,짬뽕
2024-05-03,3,5,Spring,0,0,0,카페테리아,짬뽕
2024-05-04,18,5,Spring,1,0,1,카페테리아,짬뽕
2024-05-05,8,5,Spring,1,1,1,카페테리아,짬뽕
2024-05-06,5,5,Spring,0,1,1,카페테리아,짬뽕
2024-05-07,5,5,Spring,0,0,0,카페테리아,짬뽕
2024-05-08,2,5,Spring,0,0,0,카페테리아,짬뽕
2024-05-09,1,5,Spring,0,0,0,카페테리아,짬뽕
2024-05-10,1,5,Spring,0,0,0,카페테리아,짬뽕
2024-05-11,9,5,Spring,1,0,1,카페테리아,짬뽕
2024-05-12,4,5,Spring,1,0,1,카페테리아,짬뽕
2024-05-13,0,5,Spring,0,0,0,카페테리아,짬뽕
2024-05-14,2,5,Spring,0,0,0,카페테리아,짬뽕
2024-05-15,10,5,Spring,0,1,1,카페테리아,짬뽕
2024-05-16,3,5,Spring,0,0,0,카페테리아,짬뽕
2024-05-17,1,5,Spring,0,0,0,카페테리아,짬뽕
2024-05-18,11,5,Spring,1,0,1,카페테리아,짬뽕
2024-05-19,4,5,Spring,1,0,1,카페테리아,짬뽕
2024-05-20,4,5,Spring,0,0,0,카페테리아,짬뽕
2024-05-21,2,5,Spring,0,0,0,카페테리아,짬뽕
2024-05-22,7,5,Spring,0,0,0,카페테리아,짬뽕
2024-05-23,0,5,Spring,0,0,0,카페테리아,짬뽕
2024-05-24,2,5,Spring,0,0,0,카페테리아,짬뽕
2024-05-25,15,5,Spring,1,0,1,카페테리아,짬뽕
2024-05-26,3,5,Spring,1,0,1,카페테리아,짬뽕
2024-05-27,2,5,Spring,0,0,0,카페테리아,짬뽕
2024-05-28,0,5,Spring,0,0,0,카페테리아,짬뽕
2024-05-29,2,5,Spring,0,0,0,카페테리아,짬뽕
2024-05-30,1,5,Spring,0,0,0,카페테리아,짬뽕
2024-05-31,1,5,Spring,0,0,0,카페테리아,짬뽕
2024-06-01,9,6,Summer,1,0,1,카페테리아,짬뽕
2024-06-02,12,6,Summer,1,0,1,카페테리아,짬뽕
2024-06-03,3,6,Summer,0,0,0,카페테리아,짬뽕
2024-06-04,3,6,Summer,0,0,0,카페테리아,짬뽕
2024-06-05,0,6,Summer,0,0,0,카페테리아,짬뽕
2024-06-06,13,6,Summer,0,1,1,카페테리아,짬뽕
2024-06-07,9,6,Summer,0,0,0,카페테리아,짬뽕
2024-06-08,12,6,Summer,1,0,1,카페테리아,짬뽕
2024-06-09,7,6,Summer,1,0,1,카페테리아,짬뽕
2024-06-10,0,6,Summer,0,0,0,카페테리아,짬뽕
2024-06-11,0,6,Summer,0,0,0,카페테리아,짬뽕
2024-06-12,2,6,Summer,0,0,0,카페테리아,짬뽕
2024-06-13,3,6,Summer,0,0,0,카페테리아,짬뽕
2024-06-14,0,6,Summer,0,0,0,카페테리아,짬뽕
2024-06-15,9,6,Summer,1,0,1,카페테리아,짬뽕
2023-01-01,24,1,Winter,1,1,1,카페테리아,짬뽕밥
2023-01-02,22,1,Winter,0,0,0,카페테리아,짬뽕밥
2023-01-03,28,1,Winter,0,0,0,카페테리아,짬뽕밥
2023-01-04,20,1,Winter,0,0,0,카페테리아,짬뽕밥
2023-01-05,24,1,Winter,0,0,0,카페테리아,짬뽕밥
2023-01-06,22,1,Winter,0,0,0,카페테리아,짬뽕밥
2023-01-07,50,1,Winter,1,0,1,카페테리아,짬뽕밥
2023-01-08,32,1,Winter,1,0,1,카페테리아,짬뽕밥
2023-01-09,28,1,Winter,0,0,0,카페테리아,짬뽕밥
2023-01-10,19,1,Winter,0,0,0,카페테리아,짬뽕밥
2023-01-11,24,1,Winter,0,0,0,카페테리아,짬뽕밥
2023-01-12,25,1,Winter,0,0,0,카페테리아,짬뽕밥
2023-01-13,13,1,Winter,0,0,0,카페테리아,짬뽕밥
2023-01-14,33,1,Winter,1,0,1,카페테리아,짬뽕밥
2023-01-15,31,1,Winter,1,0,1,카페테리아,짬뽕밥
2023-01-16,22,1,Winter,0,0,0,카페테리아,짬뽕밥
2023-01-17,18,1,Winter,0,0,0,카페테리아,짬뽕밥
2023-01-18,29,1,Winter,0,0,0,카페테리아,짬뽕밥
2023-01-19,19,1,Winter,0,0,0,카페테리아,짬뽕밥
2023-01-20,24,1,Winter,0,0,0,카페테리아,짬뽕밥
2023-01-21,33,1,Winter,1,1,1,카페테리아,짬뽕밥
2023-01-22,43,1,Winter,1,1,1,카페테리아,짬뽕밥
2023-01-23,51,1,Winter,0,1,1,카페테리아,짬뽕밥
2023-01-24,37,1,Winter,0,1,1,카페테리아,짬뽕밥
2023-01-25,22,1,Winter,0,0,0,카페테리아,짬뽕밥
2023-01-26,41,1,Winter,0,0,0,카페테리아,짬뽕밥
2023-01-27,37,1,Winter,0,0,0,카페테리아,짬뽕밥
2023-01-28,68,1,Winter,1,0,1,카페테리아,짬뽕밥
2023-01-29,58,1,Winter,1,0,1,카페테리아,짬뽕밥
2023-01-30,25,1,Winter,0,0,0,카페테리아,짬뽕밥
2023-01-31,27,1,Winter,0,0,0,카페테리아,짬뽕밥
2023-02-01,14,2,Winter,0,0,0,카페테리아,짬뽕밥
2023-02-02,30,2,Winter,0,0,0,카페테리아,짬뽕밥
2023-02-03,24,2,Winter,0,0,0,카페테리아,짬뽕밥
2023-02-04,74,2,Winter,1,0,1,카페테리아,짬뽕밥
2023-02-05,41,2,Winter,1,0,1,카페테리아,짬뽕밥
2023-02-06,24,2,Winter,0,0,0,카페테리아,짬뽕밥
2023-02-07,21,2,Winter,0,0,0,카페테리아,짬뽕밥
2023-02-08,18,2,Winter,0,0,0,카페테리아,짬뽕밥
2023-02-09,23,2,Winter,0,0,0,카페테리아,짬뽕밥
2023-02-10,27,2,Winter,0,0,0,카페테리아,짬뽕밥
2023-02-11,47,2,Winter,1,0,1,카페테리아,짬뽕밥
2023-02-12,30,2,Winter,1,0,1,카페테리아,짬뽕밥
2023-02-13,23,2,Winter,0,0,0,카페테리아,짬뽕밥
2023-02-14,21,2,Winter,0,0,0,카페테리아,짬뽕밥
2023-02-15,25,2,Winter,0,0,0,카페테리아,짬뽕밥
2023-02-16,15,2,Winter,0,0,0,카페테리아,짬뽕밥
2023-02-17,15,2,Winter,0,0,0,카페테리아,짬뽕밥
2023-02-18,28,2,Winter,1,0,1,카페테리아,짬뽕밥
2023-02-19,40,2,Winter,1,0,1,카페테리아,짬뽕밥
2023-02-20,19,2,Winter,0,0,0,카페테리아,짬뽕밥
2023-02-21,20,2,Winter,0,0,0,카페테리아,짬뽕밥
2023-02-22,14,2,Winter,0,0,0,카페테리아,짬뽕밥
2023-02-23,13,2,Winter,0,0,0,카페테리아,짬뽕밥
2023-02-24,18,2,Winter,0,0,0,카페테리아,짬뽕밥
2023-02-25,24,2,Winter,1,0,1,카페테리아,짬뽕밥
2023-02-26,23,2,Winter,1,0,1,카페테리아,짬뽕밥
2023-02-27,6,2,Winter,0,0,0,카페테리아,짬뽕밥
2023-02-28,7,2,Winter,0,0,0,카페테리아,짬뽕밥
2023-03-01,4,3,Spring,0,1,1,카페테리아,짬뽕밥
2023-03-02,0,3,Spring,0,0,0,카페테리아,짬뽕밥
2023-03-03,0,3,Spring,0,0,0,카페테리아,짬뽕밥
2023-03-04,0,3,Spring,1,0,1,카페테리아,짬뽕밥
2023-03-05,0,3,Spring,1,0,1,카페테리아,짬뽕밥
2023-03-06,0,3,Spring,0,0,0,카페테리아,짬뽕밥
2023-03-07,0,3,Spring,0,0,0,카페테리아,짬뽕밥
2023-03-08,0,3,Spring,0,0,0,카페테리아,짬뽕밥
2023-03-09,0,3,Spring,0,0,0,카페테리아,짬뽕밥
2023-03-10,0,3,Spring,0,0,0,카페테리아,짬뽕밥
2023-03-11,1,3,Spring,1,0,1,카페테리아,짬뽕밥
2023-03-12,2,3,Spring,1,0,1,카페테리아,짬뽕밥
2023-03-13,2,3,Spring,0,0,0,카페테리아,짬뽕밥
2023-03-14,0,3,Spring,0,0,0,카페테리아,짬뽕밥
2023-03-15,2,3,Spring,0,0,0,카페테리아,짬뽕밥
2023-03-16,2,3,Spring,0,0,0,카페테리아,짬뽕밥
2023-03-17,2,3,Spring,0,0,0,카페테리아,짬뽕밥
2023-03-18,3,3,Spring,1,0,1,카페테리아,짬뽕밥
2023-03-19,0,3,Spring,1,0,1,카페테리아,짬뽕밥
2023-03-20,6,3,Spring,0,0,0,카페테리아,짬뽕밥
2023-03-21,0,3,Spring,0,0,0,카페테리아,짬뽕밥
2023-03-22,2,3,Spring,0,0,0,카페테리아,짬뽕밥
2023-03-23,1,3,Spring,0,0,0,카페테리아,짬뽕밥
2023-03-24,1,3,Spring,0,0,0,카페테리아,짬뽕밥
2023-03-25,3,3,Spring,1,0,1,카페테리아,짬뽕밥
2023-03-26,8,3,Spring,1,0,1,카페테리아,짬뽕밥
2023-03-27,2,3,Spring,0,0,0,카페테리아,짬뽕밥
2023-03-28,0,3,Spring,0,0,0,카페테리아,짬뽕밥
2023-03-29,0,3,Spring,0,0,0,카페테리아,짬뽕밥
2023-03-30,3,3,Spring,0,0,0,카페테리아,짬뽕밥
2023-03-31,3,3,Spring,0,0,0,카페테리아,짬뽕밥
2023-04-01,3,4,Spring,1,0,1,카페테리아,짬뽕밥
2023-04-02,4,4,Spring,1,0,1,카페테리아,짬뽕밥
2023-04-03,1,4,Spring,0,0,0,카페테리아,짬뽕밥
2023-04-04,0,4,Spring,0,0,0,카페테리아,짬뽕밥
2023-04-05,2,4,Spring,0,0,0,카페테리아,짬뽕밥
2023-04-06,0,4,Spring,0,0,0,카페테리아,짬뽕밥
2023-04-07,2,4,Spring,0,0,0,카페테리아,짬뽕밥
2023-04-08,6,4,Spring,1,0,1,카페테리아,짬뽕밥
2023-04-09,2,4,Spring,1,0,1,카페테리아,짬뽕밥
2023-04-10,0,4,Spring,0,0,0,카페테리아,짬뽕밥
2023-04-11,1,4,Spring,0,0,0,카페테리아,짬뽕밥
2023-04-12,3,4,Spring,0,0,0,카페테리아,짬뽕밥
2023-04-13,0,4,Spring,0,0,0,카페테리아,짬뽕밥
2023-04-14,1,4,Spring,0,0,0,카페테리아,짬뽕밥
2023-04-15,1,4,Spring,1,0,1,카페테리아,짬뽕밥
2023-04-16,3,4,Spring,1,0,1,카페테리아,짬뽕밥
2023-04-17,0,4,Spring,0,0,0,카페테리아,짬뽕밥
2023-04-18,0,4,Spring,0,0,0,카페테리아,짬뽕밥
2023-04-19,2,4,Spring,0,0,0,카페테리아,짬뽕밥
2023-04-20,2,4,Spring,0,0,0,카페테리아,짬뽕밥
2023-04-21,2,4,Spring,0,0,0,카페테리아,짬뽕밥
2023-04-22,5,4,Spring,1,0,1,카페테리아,짬뽕밥
2023-04-23,6,4,Spring,1,0,1,카페테리아,짬뽕밥
2023-04-24,4,4,Spring,0,0,0,카페테리아,짬뽕밥
2023-04-25,0,4,Spring,0,0,0,카페테리아,짬뽕밥
2023-04-26,4,4,Spring,0,0,0,카페테리아,짬뽕밥
2023-04-27,1,4,Spring,0,0,0,카페테리아,짬뽕밥
2023-04-28,6,4,Spring,0,0,0,카페테리아,짬뽕밥
2023-04-29,6,4,Spring,1,0,1,카페테리아,짬뽕밥
2023-04-30,6,4,Spring,1,0,1,카페테리아,짬뽕밥
2023-05-01,3,5,Spring,0,0,0,카페테리아,짬뽕밥
2023-05-02,0,5,Spring,0,0,0,카페테리아,짬뽕밥
2023-05-03,2,5,Spring,0,0,0,카페테리아,짬뽕밥
2023-05-04,11,5,Spring,0,0,0,카페테리아,짬뽕밥
2023-05-05,2,5,Spring,0,1,1,카페테리아,짬뽕밥
2023-05-06,3,5,Spring,1,0,1,카페테리아,짬뽕밥
2023-05-07,7,5,Spring,1,0,1,카페테리아,짬뽕밥
2023-05-08,1,5,Spring,0,0,0,카페테리아,짬뽕밥
2023-05-09,2,5,Spring,0,0,0,카페테리아,짬뽕밥
2023-05-10,1,5,Spring,0,0,0,카페테리아,짬뽕밥
2023-05-11,1,5,Spring,0,0,0,카페테리아,짬뽕밥
2023-05-12,1,5,Spring,0,0,0,카페테리아,짬뽕밥
2023-05-13,12,5,Spring,1,0,1,카페테리아,짬뽕밥
2023-05-14,5,5,Spring,1,0,1,카페테리아,짬뽕밥
2023-05-15,0,5,Spring,0,0,0,카페테리아,짬뽕밥
2023-05-16,2,5,Spring,0,0,0,카페테리아,짬뽕밥
2023-05-17,2,5,Spring,0,0,0,카페테리아,짬뽕밥
2023-05-18,2,5,Spring,0,0,0,카페테리아,짬뽕밥
2023-05-19,2,5,Spring,0,0,0,카페테리아,짬뽕밥
2023-05-20,17,5,Spring,1,0,1,카페테리아,짬뽕밥
2023-05-21,2,5,Spring,1,0,1,카페테리아,짬뽕밥
2023-05-22,1,5,Spring,0,0,0,카페테리아,짬뽕밥
2023-05-23,3,5,Spring,0,0,0,카페테리아,짬뽕밥
2023-05-24,0,5,Spring,0,0,0,카페테리아,짬뽕밥
2023-05-25,4,5,Spring,0,0,0,카페테리아,짬뽕밥
2023-05-26,6,5,Spring,0,0,0,카페테리아,짬뽕밥
2023-05-27,4,5,Spring,1,1,1,카페테리아,짬뽕밥
2023-05-28,3,5,Spring,1,0,1,카페테리아,짬뽕밥
2023-05-29,8,5,Spring,0,1,1,카페테리아,짬뽕밥
2023-05-30,2,5,Spring,0,0,0,카페테리아,짬뽕밥
2023-05-31,1,5,Spring,0,0,0,카페테리아,짬뽕밥
2023-06-01,1,6,Summer,0,0,0,카페테리아,짬뽕밥
2023-06-02,3,6,Summer,0,0,0,카페테리아,짬뽕밥
2023-06-03,6,6,Summer,1,0,1,카페테리아,짬뽕밥
2023-06-04,7,6,Summer,1,0,1,카페테리아,짬뽕밥
2023-06-05,6,6,Summer,0,0,0,카페테리아,짬뽕밥
2023-06-06,4,6,Summer,0,1,1,카페테리아,짬뽕밥
2023-06-07,1,6,Summer,0,0,0,카페테리아,짬뽕밥
2023-06-08,1,6,Summer,0,0,0,카페테리아,짬뽕밥
2023-06-09,5,6,Summer,0,0,0,카페테리아,짬뽕밥
2023-06-10,3,6,Summer,1,0,1,카페테리아,짬뽕밥
2023-06-11,7,6,Summer,1,0,1,카페테리아,짬뽕밥
2023-06-12,4,6,Summer,0,0,0,카페테리아,짬뽕밥
2023-06-13,0,6,Summer,0,0,0,카페테리아,짬뽕밥
2023-06-14,2,6,Summer,0,0,0,카페테리아,짬뽕밥
2023-06-15,0,6,Summer,0,0,0,카페테리아,짬뽕밥
2023-06-16,3,6,Summer,0,0,0,카페테리아,짬뽕밥
2023-06-17,8,6,Summer,1,0,1,카페테리아,짬뽕밥
2023-06-18,2,6,Summer,1,0,1,카페테리아,짬뽕밥
2023-06-19,0,6,Summer,0,0,0,카페테리아,짬뽕밥
2023-06-20,0,6,Summer,0,0,0,카페테리아,짬뽕밥
2023-06-21,6,6,Summer,0,0,0,카페테리아,짬뽕밥
2023-06-22,3,6,Summer,0,0,0,카페테리아,짬뽕밥
2023-06-23,2,6,Summer,0,0,0,카페테리아,짬뽕밥
2023-06-24,2,6,Summer,1,0,1,카페테리아,짬뽕밥
2023-06-25,2,6,Summer,1,0,1,카페테리아,짬뽕밥
2023-06-26,0,6,Summer,0,0,0,카페테리아,짬뽕밥
2023-06-27,0,6,Summer,0,0,0,카페테리아,짬뽕밥
2023-06-28,1,6,Summer,0,0,0,카페테리아,짬뽕밥
2023-06-29,0,6,Summer,0,0,0,카페테리아,짬뽕밥
2023-06-30,2,6,Summer,0,0,0,카페테리아,짬뽕밥
2023-07-01,3,7,Summer,1,0,1,카페테리아,짬뽕밥
2023-07-02,2,7,Summer,1,0,1,카페테리아,짬뽕밥
2023-07-03,1,7,Summer,0,0,0,카페테리아,짬뽕밥
2023-07-04,4,7,Summer,0,0,0,카페테리아,짬뽕밥
2023-07-05,2,7,Summer,0,0,0,카페테리아,짬뽕밥
2023-07-06,6,7,Summer,0,0,0,카페테리아,짬뽕밥
2023-07-07,2,7,Summer,0,0,0,카페테리아,짬뽕밥
2023-07-08,4,7,Summer,1,0,1,카페테리아,짬뽕밥
2023-07-09,3,7,Summer,1,0,1,카페테리아,짬뽕밥
2023-07-10,1,7,Summer,0,0,0,카페테리아,짬뽕밥
2023-07-11,0,7,Summer,0,0,0,카페테리아,짬뽕밥
2023-07-12,1,7,Summer,0,0,0,카페테리아,짬뽕밥
2023-07-13,0,7,Summer,0,0,0,카페테리아,짬뽕밥
2023-07-14,6,7,Summer,0,0,0,카페테리아,짬뽕밥
2023-07-15,2,7,Summer,1,0,1,카페테리아,짬뽕밥
2023-07-16,1,7,Summer,1,0,1,카페테리아,짬뽕밥
2023-07-17,0,7,Summer,0,0,0,카페테리아,짬뽕밥
2023-07-18,0,7,Summer,0,0,0,카페테리아,짬뽕밥
2023-07-19,0,7,Summer,0,0,0,카페테리아,짬뽕밥
2023-07-20,3,7,Summer,0,0,0,카페테리아,짬뽕밥
2023-07-21,1,7,Summer,0,0,0,카페테리아,짬뽕밥
2023-07-22,5,7,Summer,1,0,1,카페테리아,짬뽕밥
2023-07-23,5,7,Summer,1,0,1,카페테리아,짬뽕밥
2023-07-24,1,7,Summer,0,0,0,카페테리아,짬뽕밥
2023-07-25,7,7,Summer,0,0,0,카페테리아,짬뽕밥
2023-07-26,7,7,Summer,0,0,0,카페테리아,짬뽕밥
2023-07-27,9,7,Summer,0,0,0,카페테리아,짬뽕밥
2023-07-28,10,7,Summer,0,0,0,카페테리아,짬뽕밥
2023-07-29,4,7,Summer,1,0,1,카페테리아,짬뽕밥
2023-07-30,4,7,Summer,1,0,1,카페테리아,짬뽕밥
2023-07-31,6,7,Summer,0,0,0,카페테리아,짬뽕밥
2023-08-01,1,8,Summer,0,0,0,카페테리아,짬뽕밥
2023-08-02,2,8,Summer,0,0,0,카페테리아,짬뽕밥
2023-08-03,5,8,Summer,0,0,0,카페테리아,짬뽕밥
2023-08-04,2,8,Summer,0,0,0,카페테리아,짬뽕밥
2023-08-05,3,8,Summer,1,0,1,카페테리아,짬뽕밥
2023-08-06,3,8,Summer,1,0,1,카페테리아,짬뽕밥
2023-08-07,4,8,Summer,0,0,0,카페테리아,짬뽕밥
2023-08-08,2,8,Summer,0,0,0,카페테리아,짬뽕밥
2023-08-09,2,8,Summer,0,0,0,카페테리아,짬뽕밥
2023-08-10,4,8,Summer,0,0,0,카페테리아,짬뽕밥
2023-08-11,6,8,Summer,0,0,0,카페테리아,짬뽕밥
2023-08-12,8,8,Summer,1,0,1,카페테리아,짬뽕밥
2023-08-13,7,8,Summer,1,0,1,카페테리아,짬뽕밥
2023-08-14,6,8,Summer,0,0,0,카페테리아,짬뽕밥
2023-08-15,0,8,Summer,0,1,1,카페테리아,짬뽕밥
2023-08-16,3,8,Summer,0,0,0,카페테리아,짬뽕밥
2023-08-17,1,8,Summer,0,0,0,카페테리아,짬뽕밥
2023-08-18,4,8,Summer,0,0,0,카페테리아,짬뽕밥
2023-08-19,3,8,Summer,1,0,1,카페테리아,짬뽕밥
2023-08-20,7,8,Summer,1,0,1,카페테리아,짬뽕밥
2023-08-21,4,8,Summer,0,0,0,카페테리아,짬뽕밥
2023-08-22,0,8,Summer,0,0,0,카페테리아,짬뽕밥
2023-08-23,0,8,Summer,0,0,0,카페테리아,짬뽕밥
2023-08-24,1,8,Summer,0,0,0,카페테리아,짬뽕밥
2023-08-25,3,8,Summer,0,0,0,카페테리아,짬뽕밥
2023-08-26,2,8,Summer,1,0,1,카페테리아,짬뽕밥
2023-08-27,3,8,Summer,1,0,1,카페테리아,짬뽕밥
2023-08-28,1,8,Summer,0,0,0,카페테리아,짬뽕밥
2023-08-29,1,8,Summer,0,0,0,카페테리아,짬뽕밥
2023-08-30,2,8,Summer,0,0,0,카페테리아,짬뽕밥
2023-08-31,2,8,Summer,0,0,0,카페테리아,짬뽕밥
2023-09-01,3,9,Autumn,0,0,0,카페테리아,짬뽕밥
2023-09-02,2,9,Autumn,1,0,1,카페테리아,짬뽕밥
2023-09-03,3,9,Autumn,1,0,1,카페테리아,짬뽕밥
2023-09-04,0,9,Autumn,0,0,0,카페테리아,짬뽕밥
2023-09-05,0,9,Autumn,0,0,0,카페테리아,짬뽕밥
2023-09-06,1,9,Autumn,0,0,0,카페테리아,짬뽕밥
2023-09-07,4,9,Autumn,0,0,0,카페테리아,짬뽕밥
2023-09-08,0,9,Autumn,0,0,0,카페테리아,짬뽕밥
2023-09-09,5,9,Autumn,1,0,1,카페테리아,짬뽕밥
2023-09-10,2,9,Autumn,1,0,1,카페테리아,짬뽕밥
2023-09-11,1,9,Autumn,0,0,0,카페테리아,짬뽕밥
2023-09-12,2,9,Autumn,0,0,0,카페테리아,짬뽕밥
2023-09-13,0,9,Autumn,0,0,0,카페테리아,짬뽕밥
2023-09-14,4,9,Autumn,0,0,0,카페테리아,짬뽕밥
2023-09-15,1,9,Autumn,0,0,0,카페테리아,짬뽕밥
2023-09-16,1,9,Autumn,1,0,1,카페테리아,짬뽕밥
2023-09-17,6,9,Autumn,1,0,1,카페테리아,짬뽕밥
2023-09-18,1,9,Autumn,0,0,0,카페테리아,짬뽕밥
2023-09-19,2,9,Autumn,0,0,0,카페테리아,짬뽕밥
2023-09-20,1,9,Autumn,0,0,0,카페테리아,짬뽕밥
2023-09-21,2,9,Autumn,0,0,0,카페테리아,짬뽕밥
2023-09-22,3,9,Autumn,0,0,0,카페테리아,짬뽕밥
2023-09-23,10,9,Autumn,1,0,1,카페테리아,짬뽕밥
2023-09-24,2,9,Autumn,1,0,1,카페테리아,짬뽕밥
2023-09-25,4,9,Autumn,0,0,0,카페테리아,짬뽕밥
2023-09-26,1,9,Autumn,0,0,0,카페테리아,짬뽕밥
2023-09-27,1,9,Autumn,0,0,0,카페테리아,짬뽕밥
2023-09-28,4,9,Autumn,0,1,1,카페테리아,짬뽕밥
2023-09-29,13,9,Autumn,0,1,1,카페테리아,짬뽕밥
2023-09-30,12,9,Autumn,1,1,1,카페테리아,짬뽕밥
2023-10-01,4,10,Autumn,1,0,1,카페테리아,짬뽕밥
2023-10-02,8,10,Autumn,0,1,1,카페테리아,짬뽕밥
2023-10-03,8,10,Autumn,0,1,1,카페테리아,짬뽕밥
2023-10-04,7,10,Autumn,0,0,0,카페테리아,짬뽕밥
2023-10-05,2,10,Autumn,0,0,0,카페테리아,짬뽕밥
2023-10-06,1,10,Autumn,0,0,0,카페테리아,짬뽕밥
2023-10-07,10,10,Autumn,1,0,1,카페테리아,짬뽕밥
2023-10-08,13,10,Autumn,1,0,1,카페테리아,짬뽕밥
2023-10-09,7,10,Autumn,0,1,1,카페테리아,짬뽕밥
2023-10-10,2,10,Autumn,0,0,0,카페테리아,짬뽕밥
2023-10-11,3,10,Autumn,0,0,0,카페테리아,짬뽕밥
2023-10-12,3,10,Autumn,0,0,0,카페테리아,짬뽕밥
2023-10-13,3,10,Autumn,0,0,0,카페테리아,짬뽕밥
2023-10-14,5,10,Autumn,1,0,1,카페테리아,짬뽕밥
2023-10-15,8,10,Autumn,1,0,1,카페테리아,짬뽕밥
2023-10-16,4,10,Autumn,0,0,0,카페테리아,짬뽕밥
2023-10-17,4,10,Autumn,0,0,0,카페테리아,짬뽕밥
2023-10-18,5,10,Autumn,0,0,0,카페테리아,짬뽕밥
2023-10-19,5,10,Autumn,0,0,0,카페테리아,짬뽕밥
2023-10-20,8,10,Autumn,0,0,0,카페테리아,짬뽕밥
2023-10-21,8,10,Autumn,1,0,1,카페테리아,짬뽕밥
2023-10-22,9,10,Autumn,1,0,1,카페테리아,짬뽕밥
2023-10-23,6,10,Autumn,0,0,0,카페테리아,짬뽕밥
2023-10-24,6,10,Autumn,0,0,0,카페테리아,짬뽕밥
2023-10-25,4,10,Autumn,0,0,0,카페테리아,짬뽕밥
2023-10-26,1,10,Autumn,0,0,0,카페테리아,짬뽕밥
2023-10-27,3,10,Autumn,0,0,0,카페테리아,짬뽕밥
2023-10-28,6,10,Autumn,1,0,1,카페테리아,짬뽕밥
2023-10-29,8,10,Autumn,1,0,1,카페테리아,짬뽕밥
2023-10-30,5,10,Autumn,0,0,0,카페테리아,짬뽕밥
2023-10-31,8,10,Autumn,0,0,0,카페테리아,짬뽕밥
2023-11-01,2,11,Autumn,0,0,0,카페테리아,짬뽕밥
2023-11-02,6,11,Autumn,0,0,0,카페테리아,짬뽕밥
2023-11-03,3,11,Autumn,0,0,0,카페테리아,짬뽕밥
2023-11-04,5,11,Autumn,1,0,1,카페테리아,짬뽕밥
2023-11-05,4,11,Autumn,1,0,1,카페테리아,짬뽕밥
2023-11-06,8,11,Autumn,0,0,0,카페테리아,짬뽕밥
2023-11-07,2,11,Autumn,0,0,0,카페테리아,짬뽕밥
2023-11-08,6,11,Autumn,0,0,0,카페테리아,짬뽕밥
2023-11-09,3,11,Autumn,0,0,0,카페테리아,짬뽕밥
2023-11-10,4,11,Autumn,0,0,0,카페테리아,짬뽕밥
2023-11-11,5,11,Autumn,1,0,1,카페테리아,짬뽕밥
2023-11-12,3,11,Autumn,1,0,1,카페테리아,짬뽕밥
2023-11-13,5,11,Autumn,0,0,0,카페테리아,짬뽕밥
2023-11-14,3,11,Autumn,0,0,0,카페테리아,짬뽕밥
2023-11-15,4,11,Autumn,0,0,0,카페테리아,짬뽕밥
2023-11-16,2,11,Autumn,0,0,0,카페테리아,짬뽕밥
2023-11-17,1,11,Autumn,0,0,0,카페테리아,짬뽕밥
2023-11-18,3,11,Autumn,1,0,1,카페테리아,짬뽕밥
2023-11-19,1,11,Autumn,1,0,1,카페테리아,짬뽕밥
2023-11-20,2,11,Autumn,0,0,0,카페테리아,짬뽕밥
2023-11-21,1,11,Autumn,0,0,0,카페테리아,짬뽕밥
2023-11-22,4,11,Autumn,0,0,0,카페테리아,짬뽕밥
2023-11-23,4,11,Autumn,0,0,0,카페테리아,짬뽕밥
2023-11-24,5,11,Autumn,0,0,0,카페테리아,짬뽕밥
2023-11-25,5,11,Autumn,1,0,1,카페테리아,짬뽕밥
2023-11-26,5,11,Autumn,1,0,1,카페테리아,짬뽕밥
2023-11-27,0,11,Autumn,0,0,0,카페테리아,짬뽕밥
2023-11-28,1,11,Autumn,0,0,0,카페테리아,짬뽕밥
2023-11-29,1,11,Autumn,0,0,0,카페테리아,짬뽕밥
2023-11-30,1,11,Autumn,0,0,0,카페테리아,짬뽕밥
2023-12-01,0,12,Winter,0,0,0,카페테리아,짬뽕밥
2023-12-02,2,12,Winter,1,0,1,카페테리아,짬뽕밥
2023-12-03,6,12,Winter,1,0,1,카페테리아,짬뽕밥
2023-12-04,2,12,Winter,0,0,0,카페테리아,짬뽕밥
2023-12-05,1,12,Winter,0,0,0,카페테리아,짬뽕밥
2023-12-06,0,12,Winter,0,0,0,카페테리아,짬뽕밥
2023-12-07,2,12,Winter,0,0,0,카페테리아,짬뽕밥
2023-12-08,19,12,Winter,0,0,0,카페테리아,짬뽕밥
2023-12-09,18,12,Winter,1,0,1,카페테리아,짬뽕밥
2023-12-10,15,12,Winter,1,0,1,카페테리아,짬뽕밥
2023-12-11,6,12,Winter,0,0,0,카페테리아,짬뽕밥
2023-12-12,2,12,Winter,0,0,0,카페테리아,짬뽕밥
2023-12-13,11,12,Winter,0,0,0,카페테리아,짬뽕밥
2023-12-14,3,12,Winter,0,0,0,카페테리아,짬뽕밥
2023-12-15,1,12,Winter,0,0,0,카페테리아,짬뽕밥
2023-12-16,13,12,Winter,1,0,1,카페테리아,짬뽕밥
2023-12-17,13,12,Winter,1,0,1,카페테리아,짬뽕밥
2023-12-18,18,12,Winter,0,0,0,카페테리아,짬뽕밥
2023-12-19,13,12,Winter,0,0,0,카페테리아,짬뽕밥
2023-12-20,24,12,Winter,0,0,0,카페테리아,짬뽕밥
2023-12-21,13,12,Winter,0,0,0,카페테리아,짬뽕밥
2023-12-22,32,12,Winter,0,0,0,카페테리아,짬뽕밥
2023-12-23,35,12,Winter,1,0,1,카페테리아,짬뽕밥
2023-12-24,40,12,Winter,1,0,1,카페테리아,짬뽕밥
2023-12-25,42,12,Winter,0,1,1,카페테리아,짬뽕밥
2023-12-26,43,12,Winter,0,0,0,카페테리아,짬뽕밥
2023-12-27,32,12,Winter,0,0,0,카페테리아,짬뽕밥
2023-12-28,27,12,Winter,0,0,0,카페테리아,짬뽕밥
2023-12-29,34,12,Winter,0,0,0,카페테리아,짬뽕밥
2023-12-30,44,12,Winter,1,0,1,카페테리아,짬뽕밥
2023-12-31,36,12,Winter,1,0,1,카페테리아,짬뽕밥
2024-01-01,37,1,Winter,0,1,1,카페테리아,짬뽕밥
2024-01-02,18,1,Winter,0,0,0,카페테리아,짬뽕밥
2024-01-03,25,1,Winter,0,0,0,카페테리아,짬뽕밥
2024-01-04,18,1,Winter,0,0,0,카페테리아,짬뽕밥
2024-01-05,23,1,Winter,0,0,0,카페테리아,짬뽕밥
2024-01-06,32,1,Winter,1,0,1,카페테리아,짬뽕밥
2024-01-07,36,1,Winter,1,0,1,카페테리아,짬뽕밥
2024-01-08,36,1,Winter,0,0,0,카페테리아,짬뽕밥
2024-01-09,26,1,Winter,0,0,0,카페테리아,짬뽕밥
2024-01-10,14,1,Winter,0,0,0,카페테리아,짬뽕밥
2024-01-11,27,1,Winter,0,0,0,카페테리아,짬뽕밥
2024-01-12,25,1,Winter,0,0,0,카페테리아,짬뽕밥
2024-01-13,93,1,Winter,1,0,1,카페테리아,짬뽕밥
2024-01-14,34,1,Winter,1,0,1,카페테리아,짬뽕밥
2024-01-15,34,1,Winter,0,0,0,카페테리아,짬뽕밥
2024-01-16,25,1,Winter,0,0,0,카페테리아,짬뽕밥
2024-01-17,17,1,Winter,0,0,0,카페테리아,짬뽕밥
2024-01-18,21,1,Winter,0,0,0,카페테리아,짬뽕밥
2024-01-19,40,1,Winter,0,0,0,카페테리아,짬뽕밥
2024-01-20,55,1,Winter,1,0,1,카페테리아,짬뽕밥
2024-01-21,44,1,Winter,1,0,1,카페테리아,짬뽕밥
2024-01-22,39,1,Winter,0,0,0,카페테리아,짬뽕밥
2024-01-23,18,1,Winter,0,0,0,카페테리아,짬뽕밥
2024-01-24,25,1,Winter,0,0,0,카페테리아,짬뽕밥
2024-01-25,31,1,Winter,0,0,0,카페테리아,짬뽕밥
2024-01-26,33,1,Winter,0,0,0,카페테리아,짬뽕밥
2024-01-27,50,1,Winter,1,0,1,카페테리아,짬뽕밥
2024-01-28,38,1,Winter,1,0,1,카페테리아,짬뽕밥
2024-01-29,48,1,Winter,0,0,0,카페테리아,짬뽕밥
2024-01-30,26,1,Winter,0,0,0,카페테리아,짬뽕밥
2024-01-31,16,1,Winter,0,0,0,카페테리아,짬뽕밥
2024-02-01,25,2,Winter,0,0,0,카페테리아,짬뽕밥
2024-02-02,28,2,Winter,0,0,0,카페테리아,짬뽕밥
2024-02-03,39,2,Winter,1,0,1,카페테리아,짬뽕밥
2024-02-04,29,2,Winter,1,0,1,카페테리아,짬뽕밥
2024-02-05,26,2,Winter,0,0,0,카페테리아,짬뽕밥
2024-02-06,22,2,Winter,0,0,0,카페테리아,짬뽕밥
2024-02-07,23,2,Winter,0,0,0,카페테리아,짬뽕밥
2024-02-08,30,2,Winter,0,0,0,카페테리아,짬뽕밥
2024-02-09,31,2,Winter,0,1,1,카페테리아,짬뽕밥
2024-02-10,16,2,Winter,1,1,1,카페테리아,짬뽕밥
2024-02-11,30,2,Winter,1,1,1,카페테리아,짬뽕밥
2024-02-12,30,2,Winter,0,1,1,카페테리아,짬뽕밥
2024-02-13,14,2,Winter,0,0,0,카페테리아,짬뽕밥
2024-02-14,13,2,Winter,0,0,0,카페테리아,짬뽕밥
2024-02-15,13,2,Winter,0,0,0,카페테리아,짬뽕밥
2024-02-16,22,2,Winter,0,0,0,카페테리아,짬뽕밥
2024-02-17,31,2,Winter,1,0,1,카페테리아,짬뽕밥
2024-02-18,19,2,Winter,1,0,1,카페테리아,짬뽕밥
2024-02-19,5,2,Winter,0,0,0,카페테리아,짬뽕밥
2024-02-20,19,2,Winter,0,0,0,카페테리아,짬뽕밥
2024-02-21,9,2,Winter,0,0,0,카페테리아,짬뽕밥
2024-02-22,23,2,Winter,0,0,0,카페테리아,짬뽕밥
2024-02-23,21,2,Winter,0,0,0,카페테리아,짬뽕밥
2024-02-24,15,2,Winter,1,0,1,카페테리아,짬뽕밥
2024-02-25,18,2,Winter,1,0,1,카페테리아,짬뽕밥
2024-02-26,10,2,Winter,0,0,0,카페테리아,짬뽕밥
2024-02-27,10,2,Winter,0,0,0,카페테리아,짬뽕밥
2024-02-28,9,2,Winter,0,0,0,카페테리아,짬뽕밥
2024-02-29,16,2,Winter,0,0,0,카페테리아,짬뽕밥
2024-03-01,21,3,Spring,0,1,1,카페테리아,짬뽕밥
2024-03-02,11,3,Spring,1,0,1,카페테리아,짬뽕밥
2024-03-03,3,3,Spring,1,0,1,카페테리아,짬뽕밥
2024-03-04,0,3,Spring,0,0,0,카페테리아,짬뽕밥
2024-03-05,0,3,Spring,0,0,0,카페테리아,짬뽕밥
2024-03-06,0,3,Spring,0,0,0,카페테리아,짬뽕밥
2024-03-07,0,3,Spring,0,0,0,카페테리아,짬뽕밥
2024-03-08,0,3,Spring,0,0,0,카페테리아,짬뽕밥
2024-03-09,0,3,Spring,1,0,1,카페테리아,짬뽕밥
2024-03-10,0,3,Spring,1,0,1,카페테리아,짬뽕밥
2024-03-11,0,3,Spring,0,0,0,카페테리아,짬뽕밥
2024-03-12,0,3,Spring,0,0,0,카페테리아,짬뽕밥
2024-03-13,0,3,Spring,0,0,0,카페테리아,짬뽕밥
2024-03-14,0,3,Spring,0,0,0,카페테리아,짬뽕밥
2024-03-15,0,3,Spring,0,0,0,카페테리아,짬뽕밥
2024-03-16,3,3,Spring,1,0,1,카페테리아,짬뽕밥
2024-03-17,2,3,Spring,1,0,1,카페테리아,짬뽕밥
2024-03-18,0,3,Spring,0,0,0,카페테리아,짬뽕밥
2024-03-19,0,3,Spring,0,0,0,카페테리아,짬뽕밥
2024-03-20,2,3,Spring,0,0,0,카페테리아,짬뽕밥
2024-03-21,3,3,Spring,0,0,0,카페테리아,짬뽕밥
2024-03-22,1,3,Spring,0,0,0,카페테리아,짬뽕밥
2024-03-23,3,3,Spring,1,0,1,카페테리아,짬뽕밥
2024-03-24,1,3,Spring,1,0,1,카페테리아,짬뽕밥
2024-03-25,0,3,Spring,0,0,0,카페테리아,짬뽕밥
2024-03-26,0,3,Spring,0,0,0,카페테리아,짬뽕밥
2024-03-27,0,3,Spring,0,0,0,카페테리아,짬뽕밥
2024-03-28,0,3,Spring,0,0,0,카페테리아,짬뽕밥
2024-03-29,1,3,Spring,0,0,0,카페테리아,짬뽕밥
2024-03-30,2,3,Spring,1,0,1,카페테리아,짬뽕밥
2024-03-31,2,3,Spring,1,0,1,카페테리아,짬뽕밥
2024-04-01,0,4,Spring,0,0,0,카페테리아,짬뽕밥
2024-04-02,1,4,Spring,0,0,0,카페테리아,짬뽕밥
2024-04-03,0,4,Spring,0,0,0,카페테리아,짬뽕밥
2024-04-04,3,4,Spring,0,0,0,카페테리아,짬뽕밥
2024-04-05,3,4,Spring,0,0,0,카페테리아,짬뽕밥
2024-04-06,2,4,Spring,1,0,1,카페테리아,짬뽕밥
2024-04-07,5,4,Spring,1,0,1,카페테리아,짬뽕밥
2024-04-08,0,4,Spring,0,0,0,카페테리아,짬뽕밥
2024-04-09,3,4,Spring,0,0,0,카페테리아,짬뽕밥
2024-04-10,4,4,Spring,0,1,1,카페테리아,짬뽕밥
2024-04-11,6,4,Spring,0,0,0,카페테리아,짬뽕밥
2024-04-12,4,4,Spring,0,0,0,카페테리아,짬뽕밥
2024-04-13,3,4,Spring,1,0,1,카페테리아,짬뽕밥
2024-04-14,2,4,Spring,1,0,1,카페테리아,짬뽕밥
2024-04-15,0,4,Spring,0,0,0,카페테리아,짬뽕밥
2024-04-16,0,4,Spring,0,0,0,카페테리아,짬뽕밥
2024-04-17,2,4,Spring,0,0,0,카페테리아,짬뽕밥
2024-04-18,2,4,Spring,0,0,0,카페테리아,짬뽕밥
2024-04-19,4,4,Spring,0,0,0,카페테리아,짬뽕밥
2024-04-20,5,4,Spring,1,0,1,카페테리아,짬뽕밥
2024-04-21,5,4,Spring,1,0,1,카페테리아,짬뽕밥
2024-04-22,2,4,Spring,0,0,0,카페테리아,짬뽕밥
2024-04-23,0,4,Spring,0,0,0,카페테리아,짬뽕밥
2024-04-24,3,4,Spring,0,0,0,카페테리아,짬뽕밥
2024-04-25,1,4,Spring,0,0,0,카페테리아,짬뽕밥
2024-04-26,6,4,Spring,0,0,0,카페테리아,짬뽕밥
2024-04-27,2,4,Spring,1,0,1,카페테리아,짬뽕밥
2024-04-28,5,4,Spring,1,0,1,카페테리아,짬뽕밥
2024-04-29,0,4,Spring,0,0,0,카페테리아,짬뽕밥
2024-04-30,3,4,Spring,0,0,0,카페테리아,짬뽕밥
2024-05-01,9,5,Spring,0,0,0,카페테리아,짬뽕밥
2024-05-02,5,5,Spring,0,0,0,카페테리아,짬뽕밥
2024-05-03,1,5,Spring,0,0,0,카페테리아,짬뽕밥
2024-05-04,10,5,Spring,1,0,1,카페테리아,짬뽕밥
2024-05-05,5,5,Spring,1,1,1,카페테리아,짬뽕밥
2024-05-06,1,5,Spring,0,1,1,카페테리아,짬뽕밥
2024-05-07,0,5,Spring,0,0,0,카페테리아,짬뽕밥
2024-05-08,0,5,Spring,0,0,0,카페테리아,짬뽕밥
2024-05-09,2,5,Spring,0,0,0,카페테리아,짬뽕밥
2024-05-10,0,5,Spring,0,0,0,카페테리아,짬뽕밥
2024-05-11,1,5,Spring,1,0,1,카페테리아,짬뽕밥
2024-05-12,3,5,Spring,1,0,1,카페테리아,짬뽕밥
2024-05-13,1,5,Spring,0,0,0,카페테리아,짬뽕밥
2024-05-14,0,5,Spring,0,0,0,카페테리아,짬뽕밥
2024-05-15,3,5,Spring,0,1,1,카페테리아,짬뽕밥
2024-05-16,0,5,Spring,0,0,0,카페테리아,짬뽕밥
2024-05-17,0,5,Spring,0,0,0,카페테리아,짬뽕밥
2024-05-18,8,5,Spring,1,0,1,카페테리아,짬뽕밥
2024-05-19,1,5,Spring,1,0,1,카페테리아,짬뽕밥
2024-05-20,3,5,Spring,0,0,0,카페테리아,짬뽕밥
2024-05-21,0,5,Spring,0,0,0,카페테리아,짬뽕밥
2024-05-22,1,5,Spring,0,0,0,카페테리아,짬뽕밥
2024-05-23,0,5,Spring,0,0,0,카페테리아,짬뽕밥
2024-05-24,1,5,Spring,0,0,0,카페테리아,짬뽕밥
2024-05-25,11,5,Spring,1,0,1,카페테리아,짬뽕밥
2024-05-26,5,5,Spring,1,0,1,카페테리아,짬뽕밥
2024-05-27,1,5,Spring,0,0,0,카페테리아,짬뽕밥
2024-05-28,2,5,Spring,0,0,0,카페테리아,짬뽕밥
2024-05-29,0,5,Spring,0,0,0,카페테리아,짬뽕밥
2024-05-30,2,5,Spring,0,0,0,카페테리아,짬뽕밥
2024-05-31,4,5,Spring,0,0,0,카페테리아,짬뽕밥
2024-06-01,1,6,Summer,1,0,1,카페테리아,짬뽕밥
2024-06-02,7,6,Summer,1,0,1,카페테리아,짬뽕밥
2024-06-03,0,6,Summer,0,0,0,카페테리아,짬뽕밥
2024-06-04,0,6,Summer,0,0,0,카페테리아,짬뽕밥
2024-06-05,0,6,Summer,0,0,0,카페테리아,짬뽕밥
2024-06-06,5,6,Summer,0,1,1,카페테리아,짬뽕밥
2024-06-07,8,6,Summer,0,0,0,카페테리아,짬뽕밥
2024-06-08,3,6,Summer,1,0,1,카페테리아,짬뽕밥
2024-06-09,2,6,Summer,1,0,1,카페테리아,짬뽕밥
2024-06-10,0,6,Summer,0,0,0,카페테리아,짬뽕밥
2024-06-11,1,6,Summer,0,0,0,카페테리아,짬뽕밥
2024-06-12,0,6,Summer,0,0,0,카페테리아,짬뽕밥
2024-06-13,1,6,Summer,0,0,0,카페테리아,짬뽕밥
2024-06-14,1,6,Summer,0,0,0,카페테리아,짬뽕밥
2024-06-15,6,6,Summer,1,0,1,카페테리아,짬뽕밥
2023-01-01,103,1,Winter,1,1,1,카페테리아,치즈돈까스
2023-01-02,79,1,Winter,0,0,0,카페테리아,치즈돈까스
2023-01-03,72,1,Winter,0,0,0,카페테리아,치즈돈까스
2023-01-04,85,1,Winter,0,0,0,카페테리아,치즈돈까스
2023-01-05,77,1,Winter,0,0,0,카페테리아,치즈돈까스
2023-01-06,94,1,Winter,0,0,0,카페테리아,치즈돈까스
2023-01-07,175,1,Winter,1,0,1,카페테리아,치즈돈까스
2023-01-08,109,1,Winter,1,0,1,카페테리아,치즈돈까스
2023-01-09,93,1,Winter,0,0,0,카페테리아,치즈돈까스
2023-01-10,89,1,Winter,0,0,0,카페테리아,치즈돈까스
2023-01-11,89,1,Winter,0,0,0,카페테리아,치즈돈까스
2023-01-12,104,1,Winter,0,0,0,카페테리아,치즈돈까스
2023-01-13,27,1,Winter,0,0,0,카페테리아,치즈돈까스
2023-01-14,76,1,Winter,1,0,1,카페테리아,치즈돈까스
2023-01-15,96,1,Winter,1,0,1,카페테리아,치즈돈까스
2023-01-16,112,1,Winter,0,0,0,카페테리아,치즈돈까스
2023-01-17,80,1,Winter,0,0,0,카페테리아,치즈돈까스
2023-01-18,104,1,Winter,0,0,0,카페테리아,치즈돈까스
2023-01-19,82,1,Winter,0,0,0,카페테리아,치즈돈까스
2023-01-20,90,1,Winter,0,0,0,카페테리아,치즈돈까스
2023-01-21,126,1,Winter,1,1,1,카페테리아,치즈돈까스
2023-01-22,102,1,Winter,1,1,1,카페테리아,치즈돈까스
2023-01-23,148,1,Winter,0,1,1,카페테리아,치즈돈까스
2023-01-24,107,1,Winter,0,1,1,카페테리아,치즈돈까스
2023-01-25,73,1,Winter,0,0,0,카페테리아,치즈돈까스
2023-01-26,89,1,Winter,0,0,0,카페테리아,치즈돈까스
2023-01-27,98,1,Winter,0,0,0,카페테리아,치즈돈까스
2023-01-28,185,1,Winter,1,0,1,카페테리아,치즈돈까스
2023-01-29,158,1,Winter,1,0,1,카페테리아,치즈돈까스
2023-01-30,98,1,Winter,0,0,0,카페테리아,치즈돈까스
2023-01-31,82,1,Winter,0,0,0,카페테리아,치즈돈까스
2023-02-01,68,2,Winter,0,0,0,카페테리아,치즈돈까스
2023-02-02,66,2,Winter,0,0,0,카페테리아,치즈돈까스
2023-02-03,72,2,Winter,0,0,0,카페테리아,치즈돈까스
2023-02-04,189,2,Winter,1,0,1,카페테리아,치즈돈까스
2023-02-05,126,2,Winter,1,0,1,카페테리아,치즈돈까스
2023-02-06,64,2,Winter,0,0,0,카페테리아,치즈돈까스
2023-02-07,63,2,Winter,0,0,0,카페테리아,치즈돈까스
2023-02-08,53,2,Winter,0,0,0,카페테리아,치즈돈까스
2023-02-09,68,2,Winter,0,0,0,카페테리아,치즈돈까스
2023-02-10,62,2,Winter,0,0,0,카페테리아,치즈돈까스
2023-02-11,147,2,Winter,1,0,1,카페테리아,치즈돈까스
2023-02-12,128,2,Winter,1,0,1,카페테리아,치즈돈까스
2023-02-13,70,2,Winter,0,0,0,카페테리아,치즈돈까스
2023-02-14,80,2,Winter,0,0,0,카페테리아,치즈돈까스
2023-02-15,57,2,Winter,0,0,0,카페테리아,치즈돈까스
2023-02-16,68,2,Winter,0,0,0,카페테리아,치즈돈까스
2023-02-17,53,2,Winter,0,0,0,카페테리아,치즈돈까스
2023-02-18,88,2,Winter,1,0,1,카페테리아,치즈돈까스
2023-02-19,103,2,Winter,1,0,1,카페테리아,치즈돈까스
2023-02-20,73,2,Winter,0,0,0,카페테리아,치즈돈까스
2023-02-21,68,2,Winter,0,0,0,카페테리아,치즈돈까스
2023-02-22,46,2,Winter,0,0,0,카페테리아,치즈돈까스
2023-02-23,46,2,Winter,0,0,0,카페테리아,치즈돈까스
2023-02-24,64,2,Winter,0,0,0,카페테리아,치즈돈까스
2023-02-25,97,2,Winter,1,0,1,카페테리아,치즈돈까스
2023-02-26,61,2,Winter,1,0,1,카페테리아,치즈돈까스
2023-02-27,30,2,Winter,0,0,0,카페테리아,치즈돈까스
2023-02-28,30,2,Winter,0,0,0,카페테리아,치즈돈까스
2023-03-01,25,3,Spring,0,1,1,카페테리아,치즈돈까스
2023-03-02,0,3,Spring,0,0,0,카페테리아,치즈돈까스
2023-03-03,0,3,Spring,0,0,0,카페테리아,치즈돈까스
2023-03-04,0,3,Spring,1,0,1,카페테리아,치즈돈까스
2023-03-05,0,3,Spring,1,0,1,카페테리아,치즈돈까스
2023-03-06,0,3,Spring,0,0,0,카페테리아,치즈돈까스
2023-03-07,0,3,Spring,0,0,0,카페테리아,치즈돈까스
2023-03-08,0,3,Spring,0,0,0,카페테리아,치즈돈까스
2023-03-09,0,3,Spring,0,0,0,카페테리아,치즈돈까스
2023-03-10,2,3,Spring,0,0,0,카페테리아,치즈돈까스
2023-03-11,0,3,Spring,1,0,1,카페테리아,치즈돈까스
2023-03-12,2,3,Spring,1,0,1,카페테리아,치즈돈까스
2023-03-13,1,3,Spring,0,0,0,카페테리아,치즈돈까스
2023-03-14,0,3,Spring,0,0,0,카페테리아,치즈돈까스
2023-03-15,0,3,Spring,0,0,0,카페테리아,치즈돈까스
2023-03-16,10,3,Spring,0,0,0,카페테리아,치즈돈까스
2023-03-17,6,3,Spring,0,0,0,카페테리아,치즈돈까스
2023-03-18,5,3,Spring,1,0,1,카페테리아,치즈돈까스
2023-03-19,1,3,Spring,1,0,1,카페테리아,치즈돈까스
2023-03-20,0,3,Spring,0,0,0,카페테리아,치즈돈까스
2023-03-21,1,3,Spring,0,0,0,카페테리아,치즈돈까스
2023-03-22,0,3,Spring,0,0,0,카페테리아,치즈돈까스
2023-03-23,3,3,Spring,0,0,0,카페테리아,치즈돈까스
2023-03-24,0,3,Spring,0,0,0,카페테리아,치즈돈까스
2023-03-25,4,3,Spring,1,0,1,카페테리아,치즈돈까스
2023-03-26,16,3,Spring,1,0,1,카페테리아,치즈돈까스
2023-03-27,0,3,Spring,0,0,0,카페테리아,치즈돈까스
2023-03-28,0,3,Spring,0,0,0,카페테리아,치즈돈까스
2023-03-29,1,3,Spring,0,0,0,카페테리아,치즈돈까스
2023-03-30,2,3,Spring,0,0,0,카페테리아,치즈돈까스
2023-03-31,5,3,Spring,0,0,0,카페테리아,치즈돈까스
2023-04-01,13,4,Spring,1,0,1,카페테리아,치즈돈까스
2023-04-02,14,4,Spring,1,0,1,카페테리아,치즈돈까스
2023-04-03,2,4,Spring,0,0,0,카페테리아,치즈돈까스
2023-04-04,2,4,Spring,0,0,0,카페테리아,치즈돈까스
2023-04-05,2,4,Spring,0,0,0,카페테리아,치즈돈까스
2023-04-06,1,4,Spring,0,0,0,카페테리아,치즈돈까스
2023-04-07,2,4,Spring,0,0,0,카페테리아,치즈돈까스
2023-04-08,5,4,Spring,1,0,1,카페테리아,치즈돈까스
2023-04-09,5,4,Spring,1,0,1,카페테리아,치즈돈까스
2023-04-10,2,4,Spring,0,0,0,카페테리아,치즈돈까스
2023-04-11,5,4,Spring,0,0,0,카페테리아,치즈돈까스
2023-04-12,3,4,Spring,0,0,0,카페테리아,치즈돈까스
2023-04-13,2,4,Spring,0,0,0,카페테리아,치즈돈까스
2023-04-14,5,4,Spring,0,0,0,카페테리아,치즈돈까스
2023-04-15,7,4,Spring,1,0,1,카페테리아,치즈돈까스
2023-04-16,9,4,Spring,1,0,1,카페테리아,치즈돈까스
2023-04-17,0,4,Spring,0,0,0,카페테리아,치즈돈까스
2023-04-18,0,4,Spring,0,0,0,카페테리아,치즈돈까스
2023-04-19,1,4,Spring,0,0,0,카페테리아,치즈돈까스
2023-04-20,2,4,Spring,0,0,0,카페테리아,치즈돈까스
2023-04-21,3,4,Spring,0,0,0,카페테리아,치즈돈까스
2023-04-22,12,4,Spring,1,0,1,카페테리아,치즈돈까스
2023-04-23,9,4,Spring,1,0,1,카페테리아,치즈돈까스
2023-04-24,1,4,Spring,0,0,0,카페테리아,치즈돈까스
2023-04-25,0,4,Spring,0,0,0,카페테리아,치즈돈까스
2023-04-26,4,4,Spring,0,0,0,카페테리아,치즈돈까스
2023-04-27,0,4,Spring,0,0,0,카페테리아,치즈돈까스
2023-04-28,5,4,Spring,0,0,0,카페테리아,치즈돈까스
2023-04-29,4,4,Spring,1,0,1,카페테리아,치즈돈까스
2023-04-30,21,4,Spring,1,0,1,카페테리아,치즈돈까스
2023-05-01,10,5,Spring,0,0,0,카페테리아,치즈돈까스
2023-05-02,5,5,Spring,0,0,0,카페테리아,치즈돈까스
2023-05-03,1,5,Spring,0,0,0,카페테리아,치즈돈까스
2023-05-04,13,5,Spring,0,0,0,카페테리아,치즈돈까스
2023-05-05,3,5,Spring,0,1,1,카페테리아,치즈돈까스
2023-05-06,5,5,Spring,1,0,1,카페테리아,치즈돈까스
2023-05-07,8,5,Spring,1,0,1,카페테리아,치즈돈까스
2023-05-08,1,5,Spring,0,0,0,카페테리아,치즈돈까스
2023-05-09,0,5,Spring,0,0,0,카페테리아,치즈돈까스
2023-05-10,1,5,Spring,0,0,0,카페테리아,치즈돈까스
2023-05-11,5,5,Spring,0,0,0,카페테리아,치즈돈까스
2023-05-12,17,5,Spring,0,0,0,카페테리아,치즈돈까스
2023-05-13,17,5,Spring,1,0,1,카페테리아,치즈돈까스
2023-05-14,10,5,Spring,1,0,1,카페테리아,치즈돈까스
2023-05-15,1,5,Spring,0,0,0,카페테리아,치즈돈까스
2023-05-16,1,5,Spring,0,0,0,카페테리아,치즈돈까스
2023-05-17,1,5,Spring,0,0,0,카페테리아,치즈돈까스
2023-05-18,1,5,Spring,0,0,0,카페테리아,치즈돈까스
2023-05-19,3,5,Spring,0,0,0,카페테리아,치즈돈까스
2023-05-20,17,5,Spring,1,0,1,카페테리아,치즈돈까스
2023-05-21,17,5,Spring,1,0,1,카페테리아,치즈돈까스
2023-05-22,4,5,Spring,0,0,0,카페테리아,치즈돈까스
2023-05-23,5,5,Spring,0,0,0,카페테리아,치즈돈까스
2023-05-24,1,5,Spring,0,0,0,카페테리아,치즈돈까스
2023-05-25,2,5,Spring,0,0,0,카페테리아,치즈돈까스
2023-05-26,4,5,Spring,0,0,0,카페테리아,치즈돈까스
2023-05-27,11,5,Spring,1,1,1,카페테리아,치즈돈까스
2023-05-28,8,5,Spring,1,0,1,카페테리아,치즈돈까스
2023-05-29,7,5,Spring,0,1,1,카페테리아,치즈돈까스
2023-05-30,4,5,Spring,0,0,0,카페테리아,치즈돈까스
2023-05-31,1,5,Spring,0,0,0,카페테리아,치즈돈까스
2023-06-01,1,6,Summer,0,0,0,카페테리아,치즈돈까스
2023-06-02,4,6,Summer,0,0,0,카페테리아,치즈돈까스
2023-06-03,16,6,Summer,1,0,1,카페테리아,치즈돈까스
2023-06-04,15,6,Summer,1,0,1,카페테리아,치즈돈까스
2023-06-05,13,6,Summer,0,0,0,카페테리아,치즈돈까스
2023-06-06,13,6,Summer,0,1,1,카페테리아,치즈돈까스
2023-06-07,2,6,Summer,0,0,0,카페테리아,치즈돈까스
2023-06-08,5,6,Summer,0,0,0,카페테리아,치즈돈까스
2023-06-09,7,6,Summer,0,0,0,카페테리아,치즈돈까스
2023-06-10,7,6,Summer,1,0,1,카페테리아,치즈돈까스
2023-06-11,12,6,Summer,1,0,1,카페테리아,치즈돈까스
2023-06-12,1,6,Summer,0,0,0,카페테리아,치즈돈까스
2023-06-13,3,6,Summer,0,0,0,카페테리아,치즈돈까스
2023-06-14,2,6,Summer,0,0,0,카페테리아,치즈돈까스
2023-06-15,2,6,Summer,0,0,0,카페테리아,치즈돈까스
2023-06-16,2,6,Summer,0,0,0,카페테리아,치즈돈까스
2023-06-17,7,6,Summer,1,0,1,카페테리아,치즈돈까스
2023-06-18,14,6,Summer,1,0,1,카페테리아,치즈돈까스
2023-06-19,3,6,Summer,0,0,0,카페테리아,치즈돈까스
2023-06-20,3,6,Summer,0,0,0,카페테리아,치즈돈까스
2023-06-21,8,6,Summer,0,0,0,카페테리아,치즈돈까스
2023-06-22,6,6,Summer,0,0,0,카페테리아,치즈돈까스
2023-06-23,4,6,Summer,0,0,0,카페테리아,치즈돈까스
2023-06-24,9,6,Summer,1,0,1,카페테리아,치즈돈까스
2023-06-25,7,6,Summer,1,0,1,카페테리아,치즈돈까스
2023-06-26,0,6,Summer,0,0,0,카페테리아,치즈돈까스
2023-06-27,3,6,Summer,0,0,0,카페테리아,치즈돈까스
2023-06-28,2,6,Summer,0,0,0,카페테리아,치즈돈까스
2023-06-29,2,6,Summer,0,0,0,카페테리아,치즈돈까스
2023-06-30,1,6,Summer,0,0,0,카페테리아,치즈돈까스
2023-07-01,10,7,Summer,1,0,1,카페테리아,치즈돈까스
2023-07-02,7,7,Summer,1,0,1,카페테리아,치즈돈까스
2023-07-03,2,7,Summer,0,0,0,카페테리아,치즈돈까스
2023-07-04,2,7,Summer,0,0,0,카페테리아,치즈돈까스
2023-07-05,1,7,Summer,0,0,0,카페테리아,치즈돈까스
2023-07-06,1,7,Summer,0,0,0,카페테리아,치즈돈까스
2023-07-07,1,7,Summer,0,0,0,카페테리아,치즈돈까스
2023-07-08,11,7,Summer,1,0,1,카페테리아,치즈돈까스
2023-07-09,5,7,Summer,1,0,1,카페테리아,치즈돈까스
2023-07-10,3,7,Summer,0,0,0,카페테리아,치즈돈까스
2023-07-11,2,7,Summer,0,0,0,카페테리아,치즈돈까스
2023-07-12,4,7,Summer,0,0,0,카페테리아,치즈돈까스
2023-07-13,0,7,Summer,0,0,0,카페테리아,치즈돈까스
2023-07-14,4,7,Summer,0,0,0,카페테리아,치즈돈까스
2023-07-15,4,7,Summer,1,0,1,카페테리아,치즈돈까스
2023-07-16,4,7,Summer,1,0,1,카페테리아,치즈돈까스
2023-07-17,2,7,Summer,0,0,0,카페테리아,치즈돈까스
2023-07-18,2,7,Summer,0,0,0,카페테리아,치즈돈까스
2023-07-19,3,7,Summer,0,0,0,카페테리아,치즈돈까스
2023-07-20,4,7,Summer,0,0,0,카페테리아,치즈돈까스
2023-07-21,1,7,Summer,0,0,0,카페테리아,치즈돈까스
2023-07-22,15,7,Summer,1,0,1,카페테리아,치즈돈까스
2023-07-23,5,7,Summer,1,0,1,카페테리아,치즈돈까스
2023-07-24,15,7,Summer,0,0,0,카페테리아,치즈돈까스
2023-07-25,12,7,Summer,0,0,0,카페테리아,치즈돈까스
2023-07-26,9,7,Summer,0,0,0,카페테리아,치즈돈까스
2023-07-27,20,7,Summer,0,0,0,카페테리아,치즈돈까스
2023-07-28,9,7,Summer,0,0,0,카페테리아,치즈돈까스
2023-07-29,15,7,Summer,1,0,1,카페테리아,치즈돈까스
2023-07-30,6,7,Summer,1,0,1,카페테리아,치즈돈까스
2023-07-31,18,7,Summer,0,0,0,카페테리아,치즈돈까스
2023-08-01,8,8,Summer,0,0,0,카페테리아,치즈돈까스
2023-08-02,9,8,Summer,0,0,0,카페테리아,치즈돈까스
2023-08-03,5,8,Summer,0,0,0,카페테리아,치즈돈까스
2023-08-04,9,8,Summer,0,0,0,카페테리아,치즈돈까스
2023-08-05,8,8,Summer,1,0,1,카페테리아,치즈돈까스
2023-08-06,13,8,Summer,1,0,1,카페테리아,치즈돈까스
2023-08-07,11,8,Summer,0,0,0,카페테리아,치즈돈까스
2023-08-08,18,8,Summer,0,0,0,카페테리아,치즈돈까스
2023-08-09,7,8,Summer,0,0,0,카페테리아,치즈돈까스
2023-08-10,11,8,Summer,0,0,0,카페테리아,치즈돈까스
2023-08-11,6,8,Summer,0,0,0,카페테리아,치즈돈까스
2023-08-12,9,8,Summer,1,0,1,카페테리아,치즈돈까스
2023-08-13,11,8,Summer,1,0,1,카페테리아,치즈돈까스
2023-08-14,11,8,Summer,0,0,0,카페테리아,치즈돈까스
2023-08-15,12,8,Summer,0,1,1,카페테리아,치즈돈까스
2023-08-16,12,8,Summer,0,0,0,카페테리아,치즈돈까스
2023-08-17,6,8,Summer,0,0,0,카페테리아,치즈돈까스
2023-08-18,8,8,Summer,0,0,0,카페테리아,치즈돈까스
2023-08-19,7,8,Summer,1,0,1,카페테리아,치즈돈까스
2023-08-20,6,8,Summer,1,0,1,카페테리아,치즈돈까스
2023-08-21,6,8,Summer,0,0,0,카페테리아,치즈돈까스
2023-08-22,1,8,Summer,0,0,0,카페테리아,치즈돈까스
2023-08-23,3,8,Summer,0,0,0,카페테리아,치즈돈까스
2023-08-24,3,8,Summer,0,0,0,카페테리아,치즈돈까스
2023-08-25,5,8,Summer,0,0,0,카페테리아,치즈돈까스
2023-08-26,5,8,Summer,1,0,1,카페테리아,치즈돈까스
2023-08-27,7,8,Summer,1,0,1,카페테리아,치즈돈까스
2023-08-28,2,8,Summer,0,0,0,카페테리아,치즈돈까스
2023-08-29,1,8,Summer,0,0,0,카페테리아,치즈돈까스
2023-08-30,2,8,Summer,0,0,0,카페테리아,치즈돈까스
2023-08-31,2,8,Summer,0,0,0,카페테리아,치즈돈까스
2023-09-01,3,9,Autumn,0,0,0,카페테리아,치즈돈까스
2023-09-02,12,9,Autumn,1,0,1,카페테리아,치즈돈까스
2023-09-03,14,9,Autumn,1,0,1,카페테리아,치즈돈까스
2023-09-04,1,9,Autumn,0,0,0,카페테리아,치즈돈까스
2023-09-05,5,9,Autumn,0,0,0,카페테리아,치즈돈까스
2023-09-06,1,9,Autumn,0,0,0,카페테리아,치즈돈까스
2023-09-07,2,9,Autumn,0,0,0,카페테리아,치즈돈까스
2023-09-08,3,9,Autumn,0,0,0,카페테리아,치즈돈까스
2023-09-09,10,9,Autumn,1,0,1,카페테리아,치즈돈까스
2023-09-10,9,9,Autumn,1,0,1,카페테리아,치즈돈까스
2023-09-11,0,9,Autumn,0,0,0,카페테리아,치즈돈까스
2023-09-12,3,9,Autumn,0,0,0,카페테리아,치즈돈까스
2023-09-13,6,9,Autumn,0,0,0,카페테리아,치즈돈까스
2023-09-14,8,9,Autumn,0,0,0,카페테리아,치즈돈까스
2023-09-15,7,9,Autumn,0,0,0,카페테리아,치즈돈까스
2023-09-16,9,9,Autumn,1,0,1,카페테리아,치즈돈까스
2023-09-17,7,9,Autumn,1,0,1,카페테리아,치즈돈까스
2023-09-18,0,9,Autumn,0,0,0,카페테리아,치즈돈까스
2023-09-19,0,9,Autumn,0,0,0,카페테리아,치즈돈까스
2023-09-20,0,9,Autumn,0,0,0,카페테리아,치즈돈까스
2023-09-21,3,9,Autumn,0,0,0,카페테리아,치즈돈까스
2023-09-22,3,9,Autumn,0,0,0,카페테리아,치즈돈까스
2023-09-23,9,9,Autumn,1,0,1,카페테리아,치즈돈까스
2023-09-24,5,9,Autumn,1,0,1,카페테리아,치즈돈까스
2023-09-25,1,9,Autumn,0,0,0,카페테리아,치즈돈까스
2023-09-26,3,9,Autumn,0,0,0,카페테리아,치즈돈까스
2023-09-27,0,9,Autumn,0,0,0,카페테리아,치즈돈까스
2023-09-28,17,9,Autumn,0,1,1,카페테리아,치즈돈까스
2023-09-29,21,9,Autumn,0,1,1,카페테리아,치즈돈까스
2023-09-30,28,9,Autumn,1,1,1,카페테리아,치즈돈까스
2023-10-01,30,10,Autumn,1,0,1,카페테리아,치즈돈까스
2023-10-02,22,10,Autumn,0,1,1,카페테리아,치즈돈까스
2023-10-03,19,10,Autumn,0,1,1,카페테리아,치즈돈까스
2023-10-04,1,10,Autumn,0,0,0,카페테리아,치즈돈까스
2023-10-05,3,10,Autumn,0,0,0,카페테리아,치즈돈까스
2023-10-06,17,10,Autumn,0,0,0,카페테리아,치즈돈까스
2023-10-07,23,10,Autumn,1,0,1,카페테리아,치즈돈까스
2023-10-08,36,10,Autumn,1,0,1,카페테리아,치즈돈까스
2023-10-09,17,10,Autumn,0,1,1,카페테리아,치즈돈까스
2023-10-10,4,10,Autumn,0,0,0,카페테리아,치즈돈까스
2023-10-11,4,10,Autumn,0,0,0,카페테리아,치즈돈까스
2023-10-12,3,10,Autumn,0,0,0,카페테리아,치즈돈까스
2023-10-13,6,10,Autumn,0,0,0,카페테리아,치즈돈까스
2023-10-14,10,10,Autumn,1,0,1,카페테리아,치즈돈까스
2023-10-15,18,10,Autumn,1,0,1,카페테리아,치즈돈까스
2023-10-16,2,10,Autumn,0,0,0,카페테리아,치즈돈까스
2023-10-17,3,10,Autumn,0,0,0,카페테리아,치즈돈까스
2023-10-18,7,10,Autumn,0,0,0,카페테리아,치즈돈까스
2023-10-19,10,10,Autumn,0,0,0,카페테리아,치즈돈까스
2023-10-20,15,10,Autumn,0,0,0,카페테리아,치즈돈까스
2023-10-21,23,10,Autumn,1,0,1,카페테리아,치즈돈까스
2023-10-22,23,10,Autumn,1,0,1,카페테리아,치즈돈까스
2023-10-23,13,10,Autumn,0,0,0,카페테리아,치즈돈까스
2023-10-24,11,10,Autumn,0,0,0,카페테리아,치즈돈까스
2023-10-25,5,10,Autumn,0,0,0,카페테리아,치즈돈까스
2023-10-26,5,10,Autumn,0,0,0,카페테리아,치즈돈까스
2023-10-27,6,10,Autumn,0,0,0,카페테리아,치즈돈까스
2023-10-28,11,10,Autumn,1,0,1,카페테리아,치즈돈까스
2023-10-29,10,10,Autumn,1,0,1,카페테리아,치즈돈까스
2023-10-30,12,10,Autumn,0,0,0,카페테리아,치즈돈까스
2023-10-31,5,10,Autumn,0,0,0,카페테리아,치즈돈까스
2023-11-01,2,11,Autumn,0,0,0,카페테리아,치즈돈까스
2023-11-02,9,11,Autumn,0,0,0,카페테리아,치즈돈까스
2023-11-03,6,11,Autumn,0,0,0,카페테리아,치즈돈까스
2023-11-04,25,11,Autumn,1,0,1,카페테리아,치즈돈까스
2023-11-05,11,11,Autumn,1,0,1,카페테리아,치즈돈까스
2023-11-06,14,11,Autumn,0,0,0,카페테리아,치즈돈까스
2023-11-07,6,11,Autumn,0,0,0,카페테리아,치즈돈까스
2023-11-08,10,11,Autumn,0,0,0,카페테리아,치즈돈까스
2023-11-09,11,11,Autumn,0,0,0,카페테리아,치즈돈까스
2023-11-10,2,11,Autumn,0,0,0,카페테리아,치즈돈까스
2023-11-11,9,11,Autumn,1,0,1,카페테리아,치즈돈까스
2023-11-12,7,11,Autumn,1,0,1,카페테리아,치즈돈까스
2023-11-13,11,11,Autumn,0,0,0,카페테리아,치즈돈까스
2023-11-14,3,11,Autumn,0,0,0,카페테리아,치즈돈까스
2023-11-15,7,11,Autumn,0,0,0,카페테리아,치즈돈까스
2023-11-16,3,11,Autumn,0,0,0,카페테리아,치즈돈까스
2023-11-17,6,11,Autumn,0,0,0,카페테리아,치즈돈까스
2023-11-18,12,11,Autumn,1,0,1,카페테리아,치즈돈까스
2023-11-19,3,11,Autumn,1,0,1,카페테리아,치즈돈까스
2023-11-20,0,11,Autumn,0,0,0,카페테리아,치즈돈까스
2023-11-21,4,11,Autumn,0,0,0,카페테리아,치즈돈까스
2023-11-22,2,11,Autumn,0,0,0,카페테리아,치즈돈까스
2023-11-23,7,11,Autumn,0,0,0,카페테리아,치즈돈까스
2023-11-24,3,11,Autumn,0,0,0,카페테리아,치즈돈까스
2023-11-25,8,11,Autumn,1,0,1,카페테리아,치즈돈까스
2023-11-26,7,11,Autumn,1,0,1,카페테리아,치즈돈까스
2023-11-27,1,11,Autumn,0,0,0,카페테리아,치즈돈까스
2023-11-28,1,11,Autumn,0,0,0,카페테리아,치즈돈까스
2023-11-29,3,11,Autumn,0,0,0,카페테리아,치즈돈까스
2023-11-30,2,11,Autumn,0,0,0,카페테리아,치즈돈까스
2023-12-01,3,12,Winter,0,0,0,카페테리아,치즈돈까스
2023-12-02,3,12,Winter,1,0,1,카페테리아,치즈돈까스
2023-12-03,4,12,Winter,1,0,1,카페테리아,치즈돈까스
2023-12-04,5,12,Winter,0,0,0,카페테리아,치즈돈까스
2023-12-05,0,12,Winter,0,0,0,카페테리아,치즈돈까스
2023-12-06,7,12,Winter,0,0,0,카페테리아,치즈돈까스
2023-12-07,6,12,Winter,0,0,0,카페테리아,치즈돈까스
2023-12-08,24,12,Winter,0,0,0,카페테리아,치즈돈까스
2023-12-09,59,12,Winter,1,0,1,카페테리아,치즈돈까스
2023-12-10,47,12,Winter,1,0,1,카페테리아,치즈돈까스
2023-12-11,9,12,Winter,0,0,0,카페테리아,치즈돈까스
2023-12-12,22,12,Winter,0,0,0,카페테리아,치즈돈까스
2023-12-13,19,12,Winter,0,0,0,카페테리아,치즈돈까스
2023-12-14,11,12,Winter,0,0,0,카페테리아,치즈돈까스
2023-12-15,6,12,Winter,0,0,0,카페테리아,치즈돈까스
2023-12-16,47,12,Winter,1,0,1,카페테리아,치즈돈까스
2023-12-17,27,12,Winter,1,0,1,카페테리아,치즈돈까스
2023-12-18,57,12,Winter,0,0,0,카페테리아,치즈돈까스
2023-12-19,44,12,Winter,0,0,0,카페테리아,치즈돈까스
2023-12-20,62,12,Winter,0,0,0,카페테리아,치즈돈까스
2023-12-21,59,12,Winter,0,0,0,카페테리아,치즈돈까스
2023-12-22,72,12,Winter,0,0,0,카페테리아,치즈돈까스
2023-12-23,112,12,Winter,1,0,1,카페테리아,치즈돈까스
2023-12-24,105,12,Winter,1,0,1,카페테리아,치즈돈까스
2023-12-25,93,12,Winter,0,1,1,카페테리아,치즈돈까스
2023-12-26,76,12,Winter,0,0,0,카페테리아,치즈돈까스
2023-12-27,66,12,Winter,0,0,0,카페테리아,치즈돈까스
2023-12-28,95,12,Winter,0,0,0,카페테리아,치즈돈까스
2023-12-29,90,12,Winter,0,0,0,카페테리아,치즈돈까스
2023-12-30,122,12,Winter,1,0,1,카페테리아,치즈돈까스
2023-12-31,93,12,Winter,1,0,1,카페테리아,치즈돈까스
2024-01-01,82,1,Winter,0,1,1,카페테리아,치즈돈까스
2024-01-02,65,1,Winter,0,0,0,카페테리아,치즈돈까스
2024-01-03,61,1,Winter,0,0,0,카페테리아,치즈돈까스
2024-01-04,70,1,Winter,0,0,0,카페테리아,치즈돈까스
2024-01-05,62,1,Winter,0,0,0,카페테리아,치즈돈까스
2024-01-06,123,1,Winter,1,0,1,카페테리아,치즈돈까스
2024-01-07,83,1,Winter,1,0,1,카페테리아,치즈돈까스
2024-01-08,69,1,Winter,0,0,0,카페테리아,치즈돈까스
2024-01-09,64,1,Winter,0,0,0,카페테리아,치즈돈까스
2024-01-10,68,1,Winter,0,0,0,카페테리아,치즈돈까스
2024-01-11,80,1,Winter,0,0,0,카페테리아,치즈돈까스
2024-01-12,94,1,Winter,0,0,0,카페테리아,치즈돈까스
2024-01-13,150,1,Winter,1,0,1,카페테리아,치즈돈까스
2024-01-14,107,1,Winter,1,0,1,카페테리아,치즈돈까스
2024-01-15,75,1,Winter,0,0,0,카페테리아,치즈돈까스
2024-01-16,65,1,Winter,0,0,0,카페테리아,치즈돈까스
2024-01-17,74,1,Winter,0,0,0,카페테리아,치즈돈까스
2024-01-18,63,1,Winter,0,0,0,카페테리아,치즈돈까스
2024-01-19,85,1,Winter,0,0,0,카페테리아,치즈돈까스
2024-01-20,130,1,Winter,1,0,1,카페테리아,치즈돈까스
2024-01-21,123,1,Winter,1,0,1,카페테리아,치즈돈까스
2024-01-22,71,1,Winter,0,0,0,카페테리아,치즈돈까스
2024-01-23,73,1,Winter,0,0,0,카페테리아,치즈돈까스
2024-01-24,64,1,Winter,0,0,0,카페테리아,치즈돈까스
2024-01-25,67,1,Winter,0,0,0,카페테리아,치즈돈까스
2024-01-26,95,1,Winter,0,0,0,카페테리아,치즈돈까스
2024-01-27,148,1,Winter,1,0,1,카페테리아,치즈돈까스
2024-01-28,108,1,Winter,1,0,1,카페테리아,치즈돈까스
2024-01-29,72,1,Winter,0,0,0,카페테리아,치즈돈까스
2024-01-30,81,1,Winter,0,0,0,카페테리아,치즈돈까스
2024-01-31,89,1,Winter,0,0,0,카페테리아,치즈돈까스
2024-02-01,68,2,Winter,0,0,0,카페테리아,치즈돈까스
2024-02-02,66,2,Winter,0,0,0,카페테리아,치즈돈까스
2024-02-03,117,2,Winter,1,0,1,카페테리아,치즈돈까스
2024-02-04,83,2,Winter,1,0,1,카페테리아,치즈돈까스
2024-02-05,31,2,Winter,0,0,0,카페테리아,치즈돈까스
2024-02-06,53,2,Winter,0,0,0,카페테리아,치즈돈까스
2024-02-07,55,2,Winter,0,0,0,카페테리아,치즈돈까스
2024-02-08,65,2,Winter,0,0,0,카페테리아,치즈돈까스
2024-02-09,62,2,Winter,0,1,1,카페테리아,치즈돈까스
2024-02-10,55,2,Winter,1,1,1,카페테리아,치즈돈까스
2024-02-11,107,2,Winter,1,1,1,카페테리아,치즈돈까스
2024-02-12,74,2,Winter,0,1,1,카페테리아,치즈돈까스
2024-02-13,28,2,Winter,0,0,0,카페테리아,치즈돈까스
2024-02-14,38,2,Winter,0,0,0,카페테리아,치즈돈까스
2024-02-15,13,2,Winter,0,0,0,카페테리아,치즈돈까스
2024-02-16,64,2,Winter,0,0,0,카페테리아,치즈돈까스
2024-02-17,105,2,Winter,1,0,1,카페테리아,치즈돈까스
2024-02-18,66,2,Winter,1,0,1,카페테리아,치즈돈까스
2024-02-19,25,2,Winter,0,0,0,카페테리아,치즈돈까스
2024-02-20,23,2,Winter,0,0,0,카페테리아,치즈돈까스
2024-02-21,11,2,Winter,0,0,0,카페테리아,치즈돈까스
2024-02-22,38,2,Winter,0,0,0,카페테리아,치즈돈까스
2024-02-23,52,2,Winter,0,0,0,카페테리아,치즈돈까스
2024-02-24,67,2,Winter,1,0,1,카페테리아,치즈돈까스
2024-02-25,61,2,Winter,1,0,1,카페테리아,치즈돈까스
2024-02-26,37,2,Winter,0,0,0,카페테리아,치즈돈까스
2024-02-27,37,2,Winter,0,0,0,카페테리아,치즈돈까스
2024-02-28,29,2,Winter,0,0,0,카페테리아,치즈돈까스
2024-02-29,21,2,Winter,0,0,0,카페테리아,치즈돈까스
2024-03-01,55,3,Spring,0,1,1,카페테리아,치즈돈까스
2024-03-02,22,3,Spring,1,0,1,카페테리아,치즈돈까스
2024-03-03,7,3,Spring,1,0,1,카페테리아,치즈돈까스
2024-03-04,0,3,Spring,0,0,0,카페테리아,치즈돈까스
2024-03-05,0,3,Spring,0,0,0,카페테리아,치즈돈까스
2024-03-06,0,3,Spring,0,0,0,카페테리아,치즈돈까스
2024-03-07,0,3,Spring,0,0,0,카페테리아,치즈돈까스
2024-03-08,0,3,Spring,0,0,0,카페테리아,치즈돈까스
2024-03-09,0,3,Spring,1,0,1,카페테리아,치즈돈까스
2024-03-10,0,3,Spring,1,0,1,카페테리아,치즈돈까스
2024-03-11,0,3,Spring,0,0,0,카페테리아,치즈돈까스
2024-03-12,0,3,Spring,0,0,0,카페테리아,치즈돈까스
2024-03-13,0,3,Spring,0,0,0,카페테리아,치즈돈까스
2024-03-14,0,3,Spring,0,0,0,카페테리아,치즈돈까스
2024-03-15,2,3,Spring,0,0,0,카페테리아,치즈돈까스
2024-03-16,2,3,Spring,1,0,1,카페테리아,치즈돈까스
2024-03-17,1,3,Spring,1,0,1,카페테리아,치즈돈까스
2024-03-18,0,3,Spring,0,0,0,카페테리아,치즈돈까스
2024-03-19,0,3,Spring,0,0,0,카페테리아,치즈돈까스
2024-03-20,1,3,Spring,0,0,0,카페테리아,치즈돈까스
2024-03-21,0,3,Spring,0,0,0,카페테리아,치즈돈까스
2024-03-22,0,3,Spring,0,0,0,카페테리아,치즈돈까스
2024-03-23,2,3,Spring,1,0,1,카페테리아,치즈돈까스
2024-03-24,1,3,Spring,1,0,1,카페테리아,치즈돈까스
2024-03-25,1,3,Spring,0,0,0,카페테리아,치즈돈까스
2024-03-26,0,3,Spring,0,0,0,카페테리아,치즈돈까스
2024-03-27,2,3,Spring,0,0,0,카페테리아,치즈돈까스
2024-03-28,0,3,Spring,0,0,0,카페테리아,치즈돈까스
2024-03-29,3,3,Spring,0,0,0,카페테리아,치즈돈까스
2024-03-30,7,3,Spring,1,0,1,카페테리아,치즈돈까스
2024-03-31,2,3,Spring,1,0,1,카페테리아,치즈돈까스
2024-04-01,2,4,Spring,0,0,0,카페테리아,치즈돈까스
2024-04-02,7,4,Spring,0,0,0,카페테리아,치즈돈까스
2024-04-03,1,4,Spring,0,0,0,카페테리아,치즈돈까스
2024-04-04,1,4,Spring,0,0,0,카페테리아,치즈돈까스
2024-04-05,4,4,Spring,0,0,0,카페테리아,치즈돈까스
2024-04-06,11,4,Spring,1,0,1,카페테리아,치즈돈까스
2024-04-07,8,4,Spring,1,0,1,카페테리아,치즈돈까스
2024-04-08,3,4,Spring,0,0,0,카페테리아,치즈돈까스
2024-04-09,8,4,Spring,0,0,0,카페테리아,치즈돈까스
2024-04-10,16,4,Spring,0,1,1,카페테리아,치즈돈까스
2024-04-11,16,4,Spring,0,0,0,카페테리아,치즈돈까스
2024-04-12,10,4,Spring,0,0,0,카페테리아,치즈돈까스
2024-04-13,8,4,Spring,1,0,1,카페테리아,치즈돈까스
2024-04-14,3,4,Spring,1,0,1,카페테리아,치즈돈까스
2024-04-15,3,4,Spring,0,0,0,카페테리아,치즈돈까스
2024-04-16,2,4,Spring,0,0,0,카페테리아,치즈돈까스
2024-04-17,2,4,Spring,0,0,0,카페테리아,치즈돈까스
2024-04-18,1,4,Spring,0,0,0,카페테리아,치즈돈까스
2024-04-19,4,4,Spring,0,0,0,카페테리아,치즈돈까스
2024-04-20,4,4,Spring,1,0,1,카페테리아,치즈돈까스
2024-04-21,13,4,Spring,1,0,1,카페테리아,치즈돈까스
2024-04-22,1,4,Spring,0,0,0,카페테리아,치즈돈까스
2024-04-23,11,4,Spring,0,0,0,카페테리아,치즈돈까스
2024-04-24,0,4,Spring,0,0,0,카페테리아,치즈돈까스
2024-04-25,7,4,Spring,0,0,0,카페테리아,치즈돈까스
2024-04-26,2,4,Spring,0,0,0,카페테리아,치즈돈까스
2024-04-27,21,4,Spring,1,0,1,카페테리아,치즈돈까스
2024-04-28,11,4,Spring,1,0,1,카페테리아,치즈돈까스
2024-04-29,4,4,Spring,0,0,0,카페테리아,치즈돈까스
2024-04-30,7,4,Spring,0,0,0,카페테리아,치즈돈까스
2024-05-01,10,5,Spring,0,0,0,카페테리아,치즈돈까스
2024-05-02,0,5,Spring,0,0,0,카페테리아,치즈돈까스
2024-05-03,5,5,Spring,0,0,0,카페테리아,치즈돈까스
2024-05-04,15,5,Spring,1,0,1,카페테리아,치즈돈까스
2024-05-05,2,5,Spring,1,1,1,카페테리아,치즈돈까스
2024-05-06,5,5,Spring,0,1,1,카페테리아,치즈돈까스
2024-05-07,2,5,Spring,0,0,0,카페테리아,치즈돈까스
2024-05-08,0,5,Spring,0,0,0,카페테리아,치즈돈까스
2024-05-09,3,5,Spring,0,0,0,카페테리아,치즈돈까스
2024-05-10,7,5,Spring,0,0,0,카페테리아,치즈돈까스
2024-05-11,7,5,Spring,1,0,1,카페테리아,치즈돈까스
2024-05-12,5,5,Spring,1,0,1,카페테리아,치즈돈까스
2024-05-13,0,5,Spring,0,0,0,카페테리아,치즈돈까스
2024-05-14,6,5,Spring,0,0,0,카페테리아,치즈돈까스
2024-05-15,12,5,Spring,0,1,1,카페테리아,치즈돈까스
2024-05-16,2,5,Spring,0,0,0,카페테리아,치즈돈까스
2024-05-17,0,5,Spring,0,0,0,카페테리아,치즈돈까스
2024-05-18,10,5,Spring,1,0,1,카페테리아,치즈돈까스
2024-05-19,10,5,Spring,1,0,1,카페테리아,치즈돈까스
2024-05-20,7,5,Spring,0,0,0,카페테리아,치즈돈까스
2024-05-21,2,5,Spring,0,0,0,카페테리아,치즈돈까스
2024-05-22,4,5,Spring,0,0,0,카페테리아,치즈돈까스
2024-05-23,3,5,Spring,0,0,0,카페테리아,치즈돈까스
2024-05-24,5,5,Spring,0,0,0,카페테리아,치즈돈까스
2024-05-25,15,5,Spring,1,0,1,카페테리아,치즈돈까스
2024-05-26,3,5,Spring,1,0,1,카페테리아,치즈돈까스
2024-05-27,1,5,Spring,0,0,0,카페테리아,치즈돈까스
2024-05-28,0,5,Spring,0,0,0,카페테리아,치즈돈까스
2024-05-29,0,5,Spring,0,0,0,카페테리아,치즈돈까스
2024-05-30,0,5,Spring,0,0,0,카페테리아,치즈돈까스
2024-05-31,6,5,Spring,0,0,0,카페테리아,치즈돈까스
2024-06-01,14,6,Summer,1,0,1,카페테리아,치즈돈까스
2024-06-02,1,6,Summer,1,0,1,카페테리아,치즈돈까스
2024-06-03,1,6,Summer,0,0,0,카페테리아,치즈돈까스
2024-06-04,0,6,Summer,0,0,0,카페테리아,치즈돈까스
2024-06-05,0,6,Summer,0,0,0,카페테리아,치즈돈까스
2024-06-06,24,6,Summer,0,1,1,카페테리아,치즈돈까스
2024-06-07,22,6,Summer,0,0,0,카페테리아,치즈돈까스
2024-06-08,12,6,Summer,1,0,1,카페테리아,치즈돈까스
2024-06-09,5,6,Summer,1,0,1,카페테리아,치즈돈까스
2024-06-10,2,6,Summer,0,0,0,카페테리아,치즈돈까스
2024-06-11,0,6,Summer,0,0,0,카페테리아,치즈돈까스
2024-06-12,2,6,Summer,0,0,0,카페테리아,치즈돈까스
2024-06-13,1,6,Summer,0,0,0,카페테리아,치즈돈까스
2024-06-14,2,6,Summer,0,0,0,카페테리아,치즈돈까스
2024-06-15,6,6,Summer,1,0,1,카페테리아,치즈돈까스
2023-01-01,99,1,Winter,1,1,1,카페테리아,카페라떼(HOT)
2023-01-02,83,1,Winter,0,0,0,카페테리아,카페라떼(HOT)
2023-01-03,55,1,Winter,0,0,0,카페테리아,카페라떼(HOT)
2023-01-04,64,1,Winter,0,0,0,카페테리아,카페라떼(HOT)
2023-01-05,57,1,Winter,0,0,0,카페테리아,카페라떼(HOT)
2023-01-06,49,1,Winter,0,0,0,카페테리아,카페라떼(HOT)
2023-01-07,103,1,Winter,1,0,1,카페테리아,카페라떼(HOT)
2023-01-08,99,1,Winter,1,0,1,카페테리아,카페라떼(HOT)
2023-01-09,44,1,Winter,0,0,0,카페테리아,카페라떼(HOT)
2023-01-10,51,1,Winter,0,0,0,카페테리아,카페라떼(HOT)
2023-01-11,47,1,Winter,0,0,0,카페테리아,카페라떼(HOT)
2023-01-12,31,1,Winter,0,0,0,카페테리아,카페라떼(HOT)
2023-01-13,8,1,Winter,0,0,0,카페테리아,카페라떼(HOT)
2023-01-14,37,1,Winter,1,0,1,카페테리아,카페라떼(HOT)
2023-01-15,124,1,Winter,1,0,1,카페테리아,카페라떼(HOT)
2023-01-16,69,1,Winter,0,0,0,카페테리아,카페라떼(HOT)
2023-01-17,59,1,Winter,0,0,0,카페테리아,카페라떼(HOT)
2023-01-18,69,1,Winter,0,0,0,카페테리아,카페라떼(HOT)
2023-01-19,46,1,Winter,0,0,0,카페테리아,카페라떼(HOT)
2023-01-20,114,1,Winter,0,0,0,카페테리아,카페라떼(HOT)
2023-01-21,123,1,Winter,1,1,1,카페테리아,카페라떼(HOT)
2023-01-22,77,1,Winter,1,1,1,카페테리아,카페라떼(HOT)
2023-01-23,126,1,Winter,0,1,1,카페테리아,카페라떼(HOT)
2023-01-24,177,1,Winter,0,1,1,카페테리아,카페라떼(HOT)
2023-01-25,70,1,Winter,0,0,0,카페테리아,카페라떼(HOT)
2023-01-26,46,1,Winter,0,0,0,카페테리아,카페라떼(HOT)
2023-01-27,122,1,Winter,0,0,0,카페테리아,카페라떼(HOT)
2023-01-28,141,1,Winter,1,0,1,카페테리아,카페라떼(HOT)
2023-01-29,123,1,Winter,1,0,1,카페테리아,카페라떼(HOT)
2023-01-30,47,1,Winter,0,0,0,카페테리아,카페라떼(HOT)
2023-01-31,28,1,Winter,0,0,0,카페테리아,카페라떼(HOT)
2023-02-01,40,2,Winter,0,0,0,카페테리아,카페라떼(HOT)
2023-02-02,47,2,Winter,0,0,0,카페테리아,카페라떼(HOT)
2023-02-03,70,2,Winter,0,0,0,카페테리아,카페라떼(HOT)
2023-02-04,98,2,Winter,1,0,1,카페테리아,카페라떼(HOT)
2023-02-05,101,2,Winter,1,0,1,카페테리아,카페라떼(HOT)
2023-02-06,26,2,Winter,0,0,0,카페테리아,카페라떼(HOT)
2023-02-07,33,2,Winter,0,0,0,카페테리아,카페라떼(HOT)
2023-02-08,32,2,Winter,0,0,0,카페테리아,카페라떼(HOT)
2023-02-09,33,2,Winter,0,0,0,카페테리아,카페라떼(HOT)
2023-02-10,40,2,Winter,0,0,0,카페테리아,카페라떼(HOT)
2023-02-11,70,2,Winter,1,0,1,카페테리아,카페라떼(HOT)
2023-02-12,91,2,Winter,1,0,1,카페테리아,카페라떼(HOT)
2023-02-13,24,2,Winter,0,0,0,카페테리아,카페라떼(HOT)
2023-02-14,40,2,Winter,0,0,0,카페테리아,카페라떼(HOT)
2023-02-15,20,2,Winter,0,0,0,카페테리아,카페라떼(HOT)
2023-02-16,47,2,Winter,0,0,0,카페테리아,카페라떼(HOT)
2023-02-17,38,2,Winter,0,0,0,카페테리아,카페라떼(HOT)
2023-02-18,30,2,Winter,1,0,1,카페테리아,카페라떼(HOT)
2023-02-19,64,2,Winter,1,0,1,카페테리아,카페라떼(HOT)
2023-02-20,32,2,Winter,0,0,0,카페테리아,카페라떼(HOT)
2023-02-21,28,2,Winter,0,0,0,카페테리아,카페라떼(HOT)
2023-02-22,28,2,Winter,0,0,0,카페테리아,카페라떼(HOT)
2023-02-23,23,2,Winter,0,0,0,카페테리아,카페라떼(HOT)
2023-02-24,24,2,Winter,0,0,0,카페테리아,카페라떼(HOT)
2023-02-25,41,2,Winter,1,0,1,카페테리아,카페라떼(HOT)
2023-02-26,40,2,Winter,1,0,1,카페테리아,카페라떼(HOT)
2023-02-27,10,2,Winter,0,0,0,카페테리아,카페라떼(HOT)
2023-02-28,11,2,Winter,0,0,0,카페테리아,카페라떼(HOT)
2023-03-01,21,3,Spring,0,1,1,카페테리아,카페라떼(HOT)
2023-03-02,0,3,Spring,0,0,0,카페테리아,카페라떼(HOT)
2023-03-03,0,3,Spring,0,0,0,카페테리아,카페라떼(HOT)
2023-03-04,0,3,Spring,1,0,1,카페테리아,카페라떼(HOT)
2023-03-05,0,3,Spring,1,0,1,카페테리아,카페라떼(HOT)
2023-03-06,0,3,Spring,0,0,0,카페테리아,카페라떼(HOT)
2023-03-07,0,3,Spring,0,0,0,카페테리아,카페라떼(HOT)
2023-03-08,0,3,Spring,0,0,0,카페테리아,카페라떼(HOT)
2023-03-09,0,3,Spring,0,0,0,카페테리아,카페라떼(HOT)
2023-03-10,0,3,Spring,0,0,0,카페테리아,카페라떼(HOT)
2023-03-11,0,3,Spring,1,0,1,카페테리아,카페라떼(HOT)
2023-03-12,0,3,Spring,1,0,1,카페테리아,카페라떼(HOT)
2023-03-13,0,3,Spring,0,0,0,카페테리아,카페라떼(HOT)
2023-03-14,0,3,Spring,0,0,0,카페테리아,카페라떼(HOT)
2023-03-15,0,3,Spring,0,0,0,카페테리아,카페라떼(HOT)
2023-03-16,0,3,Spring,0,0,0,카페테리아,카페라떼(HOT)
2023-03-17,0,3,Spring,0,0,0,카페테리아,카페라떼(HOT)
2023-03-18,0,3,Spring,1,0,1,카페테리아,카페라떼(HOT)
2023-03-19,0,3,Spring,1,0,1,카페테리아,카페라떼(HOT)
2023-03-20,0,3,Spring,0,0,0,카페테리아,카페라떼(HOT)
2023-03-21,0,3,Spring,0,0,0,카페테리아,카페라떼(HOT)
2023-03-22,0,3,Spring,0,0,0,카페테리아,카페라떼(HOT)
2023-03-23,0,3,Spring,0,0,0,카페테리아,카페라떼(HOT)
2023-03-24,0,3,Spring,0,0,0,카페테리아,카페라떼(HOT)
2023-03-25,0,3,Spring,1,0,1,카페테리아,카페라떼(HOT)
2023-03-26,0,3,Spring,1,0,1,카페테리아,카페라떼(HOT)
2023-03-27,0,3,Spring,0,0,0,카페테리아,카페라떼(HOT)
2023-03-28,0,3,Spring,0,0,0,카페테리아,카페라떼(HOT)
2023-03-29,0,3,Spring,0,0,0,카페테리아,카페라떼(HOT)
2023-03-30,0,3,Spring,0,0,0,카페테리아,카페라떼(HOT)
2023-03-31,0,3,Spring,0,0,0,카페테리아,카페라떼(HOT)
2023-04-01,0,4,Spring,1,0,1,카페테리아,카페라떼(HOT)
2023-04-02,0,4,Spring,1,0,1,카페테리아,카페라떼(HOT)
2023-04-03,0,4,Spring,0,0,0,카페테리아,카페라떼(HOT)
2023-04-04,0,4,Spring,0,0,0,카페테리아,카페라떼(HOT)
2023-04-05,0,4,Spring,0,0,0,카페테리아,카페라떼(HOT)
2023-04-06,0,4,Spring,0,0,0,카페테리아,카페라떼(HOT)
2023-04-07,0,4,Spring,0,0,0,카페테리아,카페라떼(HOT)
2023-04-08,0,4,Spring,1,0,1,카페테리아,카페라떼(HOT)
2023-04-09,0,4,Spring,1,0,1,카페테리아,카페라떼(HOT)
2023-04-10,0,4,Spring,0,0,0,카페테리아,카페라떼(HOT)
2023-04-11,0,4,Spring,0,0,0,카페테리아,카페라떼(HOT)
2023-04-12,0,4,Spring,0,0,0,카페테리아,카페라떼(HOT)
2023-04-13,0,4,Spring,0,0,0,카페테리아,카페라떼(HOT)
2023-04-14,0,4,Spring,0,0,0,카페테리아,카페라떼(HOT)
2023-04-15,0,4,Spring,1,0,1,카페테리아,카페라떼(HOT)
2023-04-16,0,4,Spring,1,0,1,카페테리아,카페라떼(HOT)
2023-04-17,0,4,Spring,0,0,0,카페테리아,카페라떼(HOT)
2023-04-18,0,4,Spring,0,0,0,카페테리아,카페라떼(HOT)
2023-04-19,0,4,Spring,0,0,0,카페테리아,카페라떼(HOT)
2023-04-20,0,4,Spring,0,0,0,카페테리아,카페라떼(HOT)
2023-04-21,0,4,Spring,0,0,0,카페테리아,카페라떼(HOT)
2023-04-22,0,4,Spring,1,0,1,카페테리아,카페라떼(HOT)
2023-04-23,0,4,Spring,1,0,1,카페테리아,카페라떼(HOT)
2023-04-24,0,4,Spring,0,0,0,카페테리아,카페라떼(HOT)
2023-04-25,0,4,Spring,0,0,0,카페테리아,카페라떼(HOT)
2023-04-26,0,4,Spring,0,0,0,카페테리아,카페라떼(HOT)
2023-04-27,0,4,Spring,0,0,0,카페테리아,카페라떼(HOT)
2023-04-28,0,4,Spring,0,0,0,카페테리아,카페라떼(HOT)
2023-04-29,0,4,Spring,1,0,1,카페테리아,카페라떼(HOT)
2023-04-30,0,4,Spring,1,0,1,카페테리아,카페라떼(HOT)
2023-05-01,0,5,Spring,0,0,0,카페테리아,카페라떼(HOT)
2023-05-02,0,5,Spring,0,0,0,카페테리아,카페라떼(HOT)
2023-05-03,0,5,Spring,0,0,0,카페테리아,카페라떼(HOT)
2023-05-04,0,5,Spring,0,0,0,카페테리아,카페라떼(HOT)
2023-05-05,0,5,Spring,0,1,1,카페테리아,카페라떼(HOT)
2023-05-06,0,5,Spring,1,0,1,카페테리아,카페라떼(HOT)
2023-05-07,0,5,Spring,1,0,1,카페테리아,카페라떼(HOT)
2023-05-08,0,5,Spring,0,0,0,카페테리아,카페라떼(HOT)
2023-05-09,0,5,Spring,0,0,0,카페테리아,카페라떼(HOT)
2023-05-10,0,5,Spring,0,0,0,카페테리아,카페라떼(HOT)
2023-05-11,0,5,Spring,0,0,0,카페테리아,카페라떼(HOT)
2023-05-12,0,5,Spring,0,0,0,카페테리아,카페라떼(HOT)
2023-05-13,0,5,Spring,1,0,1,카페테리아,카페라떼(HOT)
2023-05-14,0,5,Spring,1,0,1,카페테리아,카페라떼(HOT)
2023-05-15,0,5,Spring,0,0,0,카페테리아,카페라떼(HOT)
2023-05-16,0,5,Spring,0,0,0,카페테리아,카페라떼(HOT)
2023-05-17,0,5,Spring,0,0,0,카페테리아,카페라떼(HOT)
2023-05-18,0,5,Spring,0,0,0,카페테리아,카페라떼(HOT)
2023-05-19,0,5,Spring,0,0,0,카페테리아,카페라떼(HOT)
2023-05-20,0,5,Spring,1,0,1,카페테리아,카페라떼(HOT)
2023-05-21,0,5,Spring,1,0,1,카페테리아,카페라떼(HOT)
2023-05-22,0,5,Spring,0,0,0,카페테리아,카페라떼(HOT)
2023-05-23,0,5,Spring,0,0,0,카페테리아,카페라떼(HOT)
2023-05-24,0,5,Spring,0,0,0,카페테리아,카페라떼(HOT)
2023-05-25,0,5,Spring,0,0,0,카페테리아,카페라떼(HOT)
2023-05-26,0,5,Spring,0,0,0,카페테리아,카페라떼(HOT)
2023-05-27,0,5,Spring,1,1,1,카페테리아,카페라떼(HOT)
2023-05-28,0,5,Spring,1,0,1,카페테리아,카페라떼(HOT)
2023-05-29,0,5,Spring,0,1,1,카페테리아,카페라떼(HOT)
2023-05-30,0,5,Spring,0,0,0,카페테리아,카페라떼(HOT)
2023-05-31,0,5,Spring,0,0,0,카페테리아,카페라떼(HOT)
2023-06-01,0,6,Summer,0,0,0,카페테리아,카페라떼(HOT)
2023-06-02,0,6,Summer,0,0,0,카페테리아,카페라떼(HOT)
2023-06-03,0,6,Summer,1,0,1,카페테리아,카페라떼(HOT)
2023-06-04,0,6,Summer,1,0,1,카페테리아,카페라떼(HOT)
2023-06-05,0,6,Summer,0,0,0,카페테리아,카페라떼(HOT)
2023-06-06,0,6,Summer,0,1,1,카페테리아,카페라떼(HOT)
2023-06-07,0,6,Summer,0,0,0,카페테리아,카페라떼(HOT)
2023-06-08,0,6,Summer,0,0,0,카페테리아,카페라떼(HOT)
2023-06-09,0,6,Summer,0,0,0,카페테리아,카페라떼(HOT)
2023-06-10,0,6,Summer,1,0,1,카페테리아,카페라떼(HOT)
2023-06-11,0,6,Summer,1,0,1,카페테리아,카페라떼(HOT)
2023-06-12,0,6,Summer,0,0,0,카페테리아,카페라떼(HOT)
2023-06-13,0,6,Summer,0,0,0,카페테리아,카페라떼(HOT)
2023-06-14,0,6,Summer,0,0,0,카페테리아,카페라떼(HOT)
2023-06-15,0,6,Summer,0,0,0,카페테리아,카페라떼(HOT)
2023-06-16,0,6,Summer,0,0,0,카페테리아,카페라떼(HOT)
2023-06-17,0,6,Summer,1,0,1,카페테리아,카페라떼(HOT)
2023-06-18,0,6,Summer,1,0,1,카페테리아,카페라떼(HOT)
2023-06-19,0,6,Summer,0,0,0,카페테리아,카페라떼(HOT)
2023-06-20,0,6,Summer,0,0,0,카페테리아,카페라떼(HOT)
2023-06-21,0,6,Summer,0,0,0,카페테리아,카페라떼(HOT)
2023-06-22,0,6,Summer,0,0,0,카페테리아,카페라떼(HOT)
2023-06-23,0,6,Summer,0,0,0,카페테리아,카페라떼(HOT)
2023-06-24,0,6,Summer,1,0,1,카페테리아,카페라떼(HOT)
2023-06-25,0,6,Summer,1,0,1,카페테리아,카페라떼(HOT)
2023-06-26,0,6,Summer,0,0,0,카페테리아,카페라떼(HOT)
2023-06-27,0,6,Summer,0,0,0,카페테리아,카페라떼(HOT)
2023-06-28,0,6,Summer,0,0,0,카페테리아,카페라떼(HOT)
2023-06-29,0,6,Summer,0,0,0,카페테리아,카페라떼(HOT)
2023-06-30,0,6,Summer,0,0,0,카페테리아,카페라떼(HOT)
2023-07-01,0,7,Summer,1,0,1,카페테리아,카페라떼(HOT)
2023-07-02,0,7,Summer,1,0,1,카페테리아,카페라떼(HOT)
2023-07-03,0,7,Summer,0,0,0,카페테리아,카페라떼(HOT)
2023-07-04,0,7,Summer,0,0,0,카페테리아,카페라떼(HOT)
2023-07-05,0,7,Summer,0,0,0,카페테리아,카페라떼(HOT)
2023-07-06,0,7,Summer,0,0,0,카페테리아,카페라떼(HOT)
2023-07-07,0,7,Summer,0,0,0,카페테리아,카페라떼(HOT)
2023-07-08,0,7,Summer,1,0,1,카페테리아,카페라떼(HOT)
2023-07-09,0,7,Summer,1,0,1,카페테리아,카페라떼(HOT)
2023-07-10,0,7,Summer,0,0,0,카페테리아,카페라떼(HOT)
2023-07-11,0,7,Summer,0,0,0,카페테리아,카페라떼(HOT)
2023-07-12,0,7,Summer,0,0,0,카페테리아,카페라떼(HOT)
2023-07-13,0,7,Summer,0,0,0,카페테리아,카페라떼(HOT)
2023-07-14,0,7,Summer,0,0,0,카페테리아,카페라떼(HOT)
2023-07-15,0,7,Summer,1,0,1,카페테리아,카페라떼(HOT)
2023-07-16,0,7,Summer,1,0,1,카페테리아,카페라떼(HOT)
2023-07-17,0,7,Summer,0,0,0,카페테리아,카페라떼(HOT)
2023-07-18,0,7,Summer,0,0,0,카페테리아,카페라떼(HOT)
2023-07-19,0,7,Summer,0,0,0,카페테리아,카페라떼(HOT)
2023-07-20,0,7,Summer,0,0,0,카페테리아,카페라떼(HOT)
2023-07-21,0,7,Summer,0,0,0,카페테리아,카페라떼(HOT)
2023-07-22,0,7,Summer,1,0,1,카페테리아,카페라떼(HOT)
2023-07-23,0,7,Summer,1,0,1,카페테리아,카페라떼(HOT)
2023-07-24,0,7,Summer,0,0,0,카페테리아,카페라떼(HOT)
2023-07-25,0,7,Summer,0,0,0,카페테리아,카페라떼(HOT)
2023-07-26,0,7,Summer,0,0,0,카페테리아,카페라떼(HOT)
2023-07-27,0,7,Summer,0,0,0,카페테리아,카페라떼(HOT)
2023-07-28,0,7,Summer,0,0,0,카페테리아,카페라떼(HOT)
2023-07-29,0,7,Summer,1,0,1,카페테리아,카페라떼(HOT)
2023-07-30,0,7,Summer,1,0,1,카페테리아,카페라떼(HOT)
2023-07-31,0,7,Summer,0,0,0,카페테리아,카페라떼(HOT)
2023-08-01,0,8,Summer,0,0,0,카페테리아,카페라떼(HOT)
2023-08-02,0,8,Summer,0,0,0,카페테리아,카페라떼(HOT)
2023-08-03,0,8,Summer,0,0,0,카페테리아,카페라떼(HOT)
2023-08-04,0,8,Summer,0,0,0,카페테리아,카페라떼(HOT)
2023-08-05,0,8,Summer,1,0,1,카페테리아,카페라떼(HOT)
2023-08-06,0,8,Summer,1,0,1,카페테리아,카페라떼(HOT)
2023-08-07,0,8,Summer,0,0,0,카페테리아,카페라떼(HOT)
2023-08-08,0,8,Summer,0,0,0,카페테리아,카페라떼(HOT)
2023-08-09,0,8,Summer,0,0,0,카페테리아,카페라떼(HOT)
2023-08-10,0,8,Summer,0,0,0,카페테리아,카페라떼(HOT)
2023-08-11,0,8,Summer,0,0,0,카페테리아,카페라떼(HOT)
2023-08-12,0,8,Summer,1,0,1,카페테리아,카페라떼(HOT)
2023-08-13,0,8,Summer,1,0,1,카페테리아,카페라떼(HOT)
2023-08-14,0,8,Summer,0,0,0,카페테리아,카페라떼(HOT)
2023-08-15,0,8,Summer,0,1,1,카페테리아,카페라떼(HOT)
2023-08-16,0,8,Summer,0,0,0,카페테리아,카페라떼(HOT)
2023-08-17,0,8,Summer,0,0,0,카페테리아,카페라떼(HOT)
2023-08-18,0,8,Summer,0,0,0,카페테리아,카페라떼(HOT)
2023-08-19,0,8,Summer,1,0,1,카페테리아,카페라떼(HOT)
2023-08-20,0,8,Summer,1,0,1,카페테리아,카페라떼(HOT)
2023-08-21,0,8,Summer,0,0,0,카페테리아,카페라떼(HOT)
2023-08-22,0,8,Summer,0,0,0,카페테리아,카페라떼(HOT)
2023-08-23,0,8,Summer,0,0,0,카페테리아,카페라떼(HOT)
2023-08-24,0,8,Summer,0,0,0,카페테리아,카페라떼(HOT)
2023-08-25,0,8,Summer,0,0,0,카페테리아,카페라떼(HOT)
2023-08-26,0,8,Summer,1,0,1,카페테리아,카페라떼(HOT)
2023-08-27,0,8,Summer,1,0,1,카페테리아,카페라떼(HOT)
2023-08-28,0,8,Summer,0,0,0,카페테리아,카페라떼(HOT)
2023-08-29,0,8,Summer,0,0,0,카페테리아,카페라떼(HOT)
2023-08-30,0,8,Summer,0,0,0,카페테리아,카페라떼(HOT)
2023-08-31,0,8,Summer,0,0,0,카페테리아,카페라떼(HOT)
2023-09-01,0,9,Autumn,0,0,0,카페테리아,카페라떼(HOT)
2023-09-02,0,9,Autumn,1,0,1,카페테리아,카페라떼(HOT)
2023-09-03,0,9,Autumn,1,0,1,카페테리아,카페라떼(HOT)
2023-09-04,0,9,Autumn,0,0,0,카페테리아,카페라떼(HOT)
2023-09-05,0,9,Autumn,0,0,0,카페테리아,카페라떼(HOT)
2023-09-06,0,9,Autumn,0,0,0,카페테리아,카페라떼(HOT)
2023-09-07,0,9,Autumn,0,0,0,카페테리아,카페라떼(HOT)
2023-09-08,0,9,Autumn,0,0,0,카페테리아,카페라떼(HOT)
2023-09-09,0,9,Autumn,1,0,1,카페테리아,카페라떼(HOT)
2023-09-10,0,9,Autumn,1,0,1,카페테리아,카페라떼(HOT)
2023-09-11,0,9,Autumn,0,0,0,카페테리아,카페라떼(HOT)
2023-09-12,0,9,Autumn,0,0,0,카페테리아,카페라떼(HOT)
2023-09-13,0,9,Autumn,0,0,0,카페테리아,카페라떼(HOT)
2023-09-14,0,9,Autumn,0,0,0,카페테리아,카페라떼(HOT)
2023-09-15,0,9,Autumn,0,0,0,카페테리아,카페라떼(HOT)
2023-09-16,0,9,Autumn,1,0,1,카페테리아,카페라떼(HOT)
2023-09-17,0,9,Autumn,1,0,1,카페테리아,카페라떼(HOT)
2023-09-18,0,9,Autumn,0,0,0,카페테리아,카페라떼(HOT)
2023-09-19,0,9,Autumn,0,0,0,카페테리아,카페라떼(HOT)
2023-09-20,0,9,Autumn,0,0,0,카페테리아,카페라떼(HOT)
2023-09-21,0,9,Autumn,0,0,0,카페테리아,카페라떼(HOT)
2023-09-22,0,9,Autumn,0,0,0,카페테리아,카페라떼(HOT)
2023-09-23,0,9,Autumn,1,0,1,카페테리아,카페라떼(HOT)
2023-09-24,0,9,Autumn,1,0,1,카페테리아,카페라떼(HOT)
2023-09-25,0,9,Autumn,0,0,0,카페테리아,카페라떼(HOT)
2023-09-26,0,9,Autumn,0,0,0,카페테리아,카페라떼(HOT)
2023-09-27,0,9,Autumn,0,0,0,카페테리아,카페라떼(HOT)
2023-09-28,0,9,Autumn,0,1,1,카페테리아,카페라떼(HOT)
2023-09-29,0,9,Autumn,0,1,1,카페테리아,카페라떼(HOT)
2023-09-30,0,9,Autumn,1,1,1,카페테리아,카페라떼(HOT)
2023-10-01,0,10,Autumn,1,0,1,카페테리아,카페라떼(HOT)
2023-10-02,0,10,Autumn,0,1,1,카페테리아,카페라떼(HOT)
2023-10-03,0,10,Autumn,0,1,1,카페테리아,카페라떼(HOT)
2023-10-04,0,10,Autumn,0,0,0,카페테리아,카페라떼(HOT)
2023-10-05,0,10,Autumn,0,0,0,카페테리아,카페라떼(HOT)
2023-10-06,0,10,Autumn,0,0,0,카페테리아,카페라떼(HOT)
2023-10-07,0,10,Autumn,1,0,1,카페테리아,카페라떼(HOT)
2023-10-08,0,10,Autumn,1,0,1,카페테리아,카페라떼(HOT)
2023-10-09,0,10,Autumn,0,1,1,카페테리아,카페라떼(HOT)
2023-10-10,0,10,Autumn,0,0,0,카페테리아,카페라떼(HOT)
2023-10-11,0,10,Autumn,0,0,0,카페테리아,카페라떼(HOT)
2023-10-12,0,10,Autumn,0,0,0,카페테리아,카페라떼(HOT)
2023-10-13,0,10,Autumn,0,0,0,카페테리아,카페라떼(HOT)
2023-10-14,0,10,Autumn,1,0,1,카페테리아,카페라떼(HOT)
2023-10-15,0,10,Autumn,1,0,1,카페테리아,카페라떼(HOT)
2023-10-16,0,10,Autumn,0,0,0,카페테리아,카페라떼(HOT)
2023-10-17,0,10,Autumn,0,0,0,카페테리아,카페라떼(HOT)
2023-10-18,0,10,Autumn,0,0,0,카페테리아,카페라떼(HOT)
2023-10-19,0,10,Autumn,0,0,0,카페테리아,카페라떼(HOT)
2023-10-20,0,10,Autumn,0,0,0,카페테리아,카페라떼(HOT)
2023-10-21,0,10,Autumn,1,0,1,카페테리아,카페라떼(HOT)
2023-10-22,0,10,Autumn,1,0,1,카페테리아,카페라떼(HOT)
2023-10-23,0,10,Autumn,0,0,0,카페테리아,카페라떼(HOT)
2023-10-24,0,10,Autumn,0,0,0,카페테리아,카페라떼(HOT)
2023-10-25,0,10,Autumn,0,0,0,카페테리아,카페라떼(HOT)
2023-10-26,0,10,Autumn,0,0,0,카페테리아,카페라떼(HOT)
2023-10-27,0,10,Autumn,0,0,0,카페테리아,카페라떼(HOT)
2023-10-28,0,10,Autumn,1,0,1,카페테리아,카페라떼(HOT)
2023-10-29,0,10,Autumn,1,0,1,카페테리아,카페라떼(HOT)
2023-10-30,0,10,Autumn,0,0,0,카페테리아,카페라떼(HOT)
2023-10-31,0,10,Autumn,0,0,0,카페테리아,카페라떼(HOT)
2023-11-01,0,11,Autumn,0,0,0,카페테리아,카페라떼(HOT)
2023-11-02,0,11,Autumn,0,0,0,카페테리아,카페라떼(HOT)
2023-11-03,0,11,Autumn,0,0,0,카페테리아,카페라떼(HOT)
2023-11-04,0,11,Autumn,1,0,1,카페테리아,카페라떼(HOT)
2023-11-05,0,11,Autumn,1,0,1,카페테리아,카페라떼(HOT)
2023-11-06,0,11,Autumn,0,0,0,카페테리아,카페라떼(HOT)
2023-11-07,0,11,Autumn,0,0,0,카페테리아,카페라떼(HOT)
2023-11-08,0,11,Autumn,0,0,0,카페테리아,카페라떼(HOT)
2023-11-09,0,11,Autumn,0,0,0,카페테리아,카페라떼(HOT)
2023-11-10,0,11,Autumn,0,0,0,카페테리아,카페라떼(HOT)
2023-11-11,0,11,Autumn,1,0,1,카페테리아,카페라떼(HOT)
2023-11-12,0,11,Autumn,1,0,1,카페테리아,카페라떼(HOT)
2023-11-13,0,11,Autumn,0,0,0,카페테리아,카페라떼(HOT)
2023-11-14,0,11,Autumn,0,0,0,카페테리아,카페라떼(HOT)
2023-11-15,0,11,Autumn,0,0,0,카페테리아,카페라떼(HOT)
2023-11-16,0,11,Autumn,0,0,0,카페테리아,카페라떼(HOT)
2023-11-17,0,11,Autumn,0,0,0,카페테리아,카페라떼(HOT)
2023-11-18,0,11,Autumn,1,0,1,카페테리아,카페라떼(HOT)
2023-11-19,0,11,Autumn,1,0,1,카페테리아,카페라떼(HOT)
2023-11-20,0,11,Autumn,0,0,0,카페테리아,카페라떼(HOT)
2023-11-21,0,11,Autumn,0,0,0,카페테리아,카페라떼(HOT)
2023-11-22,0,11,Autumn,0,0,0,카페테리아,카페라떼(HOT)
2023-11-23,0,11,Autumn,0,0,0,카페테리아,카페라떼(HOT)
2023-11-24,0,11,Autumn,0,0,0,카페테리아,카페라떼(HOT)
2023-11-25,0,11,Autumn,1,0,1,카페테리아,카페라떼(HOT)
2023-11-26,0,11,Autumn,1,0,1,카페테리아,카페라떼(HOT)
2023-11-27,0,11,Autumn,0,0,0,카페테리아,카페라떼(HOT)
2023-11-28,0,11,Autumn,0,0,0,카페테리아,카페라떼(HOT)
2023-11-29,0,11,Autumn,0,0,0,카페테리아,카페라떼(HOT)
2023-11-30,0,11,Autumn,0,0,0,카페테리아,카페라떼(HOT)
2023-12-01,0,12,Winter,0,0,0,카페테리아,카페라떼(HOT)
2023-12-02,0,12,Winter,1,0,1,카페테리아,카페라떼(HOT)
2023-12-03,0,12,Winter,1,0,1,카페테리아,카페라떼(HOT)
2023-12-04,0,12,Winter,0,0,0,카페테리아,카페라떼(HOT)
2023-12-05,0,12,Winter,0,0,0,카페테리아,카페라떼(HOT)
2023-12-06,3,12,Winter,0,0,0,카페테리아,카페라떼(HOT)
2023-12-07,3,12,Winter,0,0,0,카페테리아,카페라떼(HOT)
2023-12-08,4,12,Winter,0,0,0,카페테리아,카페라떼(HOT)
2023-12-09,6,12,Winter,1,0,1,카페테리아,카페라떼(HOT)
2023-12-10,16,12,Winter,1,0,1,카페테리아,카페라떼(HOT)
2023-12-11,8,12,Winter,0,0,0,카페테리아,카페라떼(HOT)
2023-12-12,4,12,Winter,0,0,0,카페테리아,카페라떼(HOT)
2023-12-13,3,12,Winter,0,0,0,카페테리아,카페라떼(HOT)
2023-12-14,1,12,Winter,0,0,0,카페테리아,카페라떼(HOT)
2023-12-15,0,12,Winter,0,0,0,카페테리아,카페라떼(HOT)
2023-12-16,29,12,Winter,1,0,1,카페테리아,카페라떼(HOT)
2023-12-17,31,12,Winter,1,0,1,카페테리아,카페라떼(HOT)
2023-12-18,56,12,Winter,0,0,0,카페테리아,카페라떼(HOT)
2023-12-19,31,12,Winter,0,0,0,카페테리아,카페라떼(HOT)
2023-12-20,50,12,Winter,0,0,0,카페테리아,카페라떼(HOT)
2023-12-21,66,12,Winter,0,0,0,카페테리아,카페라떼(HOT)
2023-12-22,70,12,Winter,0,0,0,카페테리아,카페라떼(HOT)
2023-12-23,75,12,Winter,1,0,1,카페테리아,카페라떼(HOT)
2023-12-24,105,12,Winter,1,0,1,카페테리아,카페라떼(HOT)
2023-12-25,101,12,Winter,0,1,1,카페테리아,카페라떼(HOT)
2023-12-26,55,12,Winter,0,0,0,카페테리아,카페라떼(HOT)
2023-12-27,53,12,Winter,0,0,0,카페테리아,카페라떼(HOT)
2023-12-28,58,12,Winter,0,0,0,카페테리아,카페라떼(HOT)
2023-12-29,60,12,Winter,0,0,0,카페테리아,카페라떼(HOT)
2023-12-30,77,12,Winter,1,0,1,카페테리아,카페라떼(HOT)
2023-12-31,106,12,Winter,1,0,1,카페테리아,카페라떼(HOT)
2024-01-01,69,1,Winter,0,1,1,카페테리아,카페라떼(HOT)
2024-01-02,44,1,Winter,0,0,0,카페테리아,카페라떼(HOT)
2024-01-03,39,1,Winter,0,0,0,카페테리아,카페라떼(HOT)
2024-01-04,43,1,Winter,0,0,0,카페테리아,카페라떼(HOT)
2024-01-05,26,1,Winter,0,0,0,카페테리아,카페라떼(HOT)
2024-01-06,70,1,Winter,1,0,1,카페테리아,카페라떼(HOT)
2024-01-07,119,1,Winter,1,0,1,카페테리아,카페라떼(HOT)
2024-01-08,56,1,Winter,0,0,0,카페테리아,카페라떼(HOT)
2024-01-09,59,1,Winter,0,0,0,카페테리아,카페라떼(HOT)
2024-01-10,45,1,Winter,0,0,0,카페테리아,카페라떼(HOT)
2024-01-11,43,1,Winter,0,0,0,카페테리아,카페라떼(HOT)
2024-01-12,40,1,Winter,0,0,0,카페테리아,카페라떼(HOT)
2024-01-13,97,1,Winter,1,0,1,카페테리아,카페라떼(HOT)
2024-01-14,87,1,Winter,1,0,1,카페테리아,카페라떼(HOT)
2024-01-15,64,1,Winter,0,0,0,카페테리아,카페라떼(HOT)
2024-01-16,47,1,Winter,0,0,0,카페테리아,카페라떼(HOT)
2024-01-17,50,1,Winter,0,0,0,카페테리아,카페라떼(HOT)
2024-01-18,31,1,Winter,0,0,0,카페테리아,카페라떼(HOT)
2024-01-19,36,1,Winter,0,0,0,카페테리아,카페라떼(HOT)
2024-01-20,111,1,Winter,1,0,1,카페테리아,카페라떼(HOT)
2024-01-21,66,1,Winter,1,0,1,카페테리아,카페라떼(HOT)
2024-01-22,90,1,Winter,0,0,0,카페테리아,카페라떼(HOT)
2024-01-23,53,1,Winter,0,0,0,카페테리아,카페라떼(HOT)
2024-01-24,62,1,Winter,0,0,0,카페테리아,카페라떼(HOT)
2024-01-25,46,1,Winter,0,0,0,카페테리아,카페라떼(HOT)
2024-01-26,58,1,Winter,0,0,0,카페테리아,카페라떼(HOT)
2024-01-27,89,1,Winter,1,0,1,카페테리아,카페라떼(HOT)
2024-01-28,100,1,Winter,1,0,1,카페테리아,카페라떼(HOT)
2024-01-29,34,1,Winter,0,0,0,카페테리아,카페라떼(HOT)
2024-01-30,35,1,Winter,0,0,0,카페테리아,카페라떼(HOT)
2024-01-31,32,1,Winter,0,0,0,카페테리아,카페라떼(HOT)
2024-02-01,27,2,Winter,0,0,0,카페테리아,카페라떼(HOT)
2024-02-02,20,2,Winter,0,0,0,카페테리아,카페라떼(HOT)
2024-02-03,49,2,Winter,1,0,1,카페테리아,카페라떼(HOT)
2024-02-04,46,2,Winter,1,0,1,카페테리아,카페라떼(HOT)
2024-02-05,8,2,Winter,0,0,0,카페테리아,카페라떼(HOT)
2024-02-06,39,2,Winter,0,0,0,카페테리아,카페라떼(HOT)
2024-02-07,40,2,Winter,0,0,0,카페테리아,카페라떼(HOT)
2024-02-08,52,2,Winter,0,0,0,카페테리아,카페라떼(HOT)
2024-02-09,57,2,Winter,0,1,1,카페테리아,카페라떼(HOT)
2024-02-10,54,2,Winter,1,1,1,카페테리아,카페라떼(HOT)
2024-02-11,94,2,Winter,1,1,1,카페테리아,카페라떼(HOT)
2024-02-12,53,2,Winter,0,1,1,카페테리아,카페라떼(HOT)
2024-02-13,17,2,Winter,0,0,0,카페테리아,카페라떼(HOT)
2024-02-14,14,2,Winter,0,0,0,카페테리아,카페라떼(HOT)
2024-02-15,11,2,Winter,0,0,0,카페테리아,카페라떼(HOT)
2024-02-16,20,2,Winter,0,0,0,카페테리아,카페라떼(HOT)
2024-02-17,29,2,Winter,1,0,1,카페테리아,카페라떼(HOT)
2024-02-18,27,2,Winter,1,0,1,카페테리아,카페라떼(HOT)
2024-02-19,1,2,Winter,0,0,0,카페테리아,카페라떼(HOT)
2024-02-20,7,2,Winter,0,0,0,카페테리아,카페라떼(HOT)
2024-02-21,9,2,Winter,0,0,0,카페테리아,카페라떼(HOT)
2024-02-22,20,2,Winter,0,0,0,카페테리아,카페라떼(HOT)
2024-02-23,18,2,Winter,0,0,0,카페테리아,카페라떼(HOT)
2024-02-24,33,2,Winter,1,0,1,카페테리아,카페라떼(HOT)
2024-02-25,36,2,Winter,1,0,1,카페테리아,카페라떼(HOT)
2024-02-26,12,2,Winter,0,0,0,카페테리아,카페라떼(HOT)
2024-02-27,13,2,Winter,0,0,0,카페테리아,카페라떼(HOT)
2024-02-28,6,2,Winter,0,0,0,카페테리아,카페라떼(HOT)
2024-02-29,3,2,Winter,0,0,0,카페테리아,카페라떼(HOT)
2024-03-01,37,3,Spring,0,1,1,카페테리아,카페라떼(HOT)
2024-03-02,16,3,Spring,1,0,1,카페테리아,카페라떼(HOT)
2024-03-03,6,3,Spring,1,0,1,카페테리아,카페라떼(HOT)
2024-03-04,0,3,Spring,0,0,0,카페테리아,카페라떼(HOT)
2024-03-05,0,3,Spring,0,0,0,카페테리아,카페라떼(HOT)
2024-03-06,0,3,Spring,0,0,0,카페테리아,카페라떼(HOT)
2024-03-07,0,3,Spring,0,0,0,카페테리아,카페라떼(HOT)
2024-03-08,0,3,Spring,0,0,0,카페테리아,카페라떼(HOT)
2024-03-09,0,3,Spring,1,0,1,카페테리아,카페라떼(HOT)
2024-03-10,0,3,Spring,1,0,1,카페테리아,카페라떼(HOT)
2024-03-11,0,3,Spring,0,0,0,카페테리아,카페라떼(HOT)
2024-03-12,0,3,Spring,0,0,0,카페테리아,카페라떼(HOT)
2024-03-13,0,3,Spring,0,0,0,카페테리아,카페라떼(HOT)
2024-03-14,0,3,Spring,0,0,0,카페테리아,카페라떼(HOT)
2024-03-15,0,3,Spring,0,0,0,카페테리아,카페라떼(HOT)
2024-03-16,0,3,Spring,1,0,1,카페테리아,카페라떼(HOT)
2024-03-17,0,3,Spring,1,0,1,카페테리아,카페라떼(HOT)
2024-03-18,0,3,Spring,0,0,0,카페테리아,카페라떼(HOT)
2024-03-19,0,3,Spring,0,0,0,카페테리아,카페라떼(HOT)
2024-03-20,0,3,Spring,0,0,0,카페테리아,카페라떼(HOT)
2024-03-21,0,3,Spring,0,0,0,카페테리아,카페라떼(HOT)
2024-03-22,0,3,Spring,0,0,0,카페테리아,카페라떼(HOT)
2024-03-23,0,3,Spring,1,0,1,카페테리아,카페라떼(HOT)
2024-03-24,0,3,Spring,1,0,1,카페테리아,카페라떼(HOT)
2024-03-25,0,3,Spring,0,0,0,카페테리아,카페라떼(HOT)
2024-03-26,0,3,Spring,0,0,0,카페테리아,카페라떼(HOT)
2024-03-27,0,3,Spring,0,0,0,카페테리아,카페라떼(HOT)
2024-03-28,0,3,Spring,0,0,0,카페테리아,카페라떼(HOT)
2024-03-29,0,3,Spring,0,0,0,카페테리아,카페라떼(HOT)
2024-03-30,0,3,Spring,1,0,1,카페테리아,카페라떼(HOT)
2024-03-31,0,3,Spring,1,0,1,카페테리아,카페라떼(HOT)
2024-04-01,0,4,Spring,0,0,0,카페테리아,카페라떼(HOT)
2024-04-02,0,4,Spring,0,0,0,카페테리아,카페라떼(HOT)
2024-04-03,0,4,Spring,0,0,0,카페테리아,카페라떼(HOT)
2024-04-04,0,4,Spring,0,0,0,카페테리아,카페라떼(HOT)
2024-04-05,0,4,Spring,0,0,0,카페테리아,카페라떼(HOT)
2024-04-06,0,4,Spring,1,0,1,카페테리아,카페라떼(HOT)
2024-04-07,0,4,Spring,1,0,1,카페테리아,카페라떼(HOT)
2024-04-08,0,4,Spring,0,0,0,카페테리아,카페라떼(HOT)
2024-04-09,0,4,Spring,0,0,0,카페테리아,카페라떼(HOT)
2024-04-10,0,4,Spring,0,1,1,카페테리아,카페라떼(HOT)
2024-04-11,0,4,Spring,0,0,0,카페테리아,카페라떼(HOT)
2024-04-12,0,4,Spring,0,0,0,카페테리아,카페라떼(HOT)
2024-04-13,0,4,Spring,1,0,1,카페테리아,카페라떼(HOT)
2024-04-14,0,4,Spring,1,0,1,카페테리아,카페라떼(HOT)
2024-04-15,0,4,Spring,0,0,0,카페테리아,카페라떼(HOT)
2024-04-16,0,4,Spring,0,0,0,카페테리아,카페라떼(HOT)
2024-04-17,0,4,Spring,0,0,0,카페테리아,카페라떼(HOT)
2024-04-18,0,4,Spring,0,0,0,카페테리아,카페라떼(HOT)
2024-04-19,0,4,Spring,0,0,0,카페테리아,카페라떼(HOT)
2024-04-20,0,4,Spring,1,0,1,카페테리아,카페라떼(HOT)
2024-04-21,0,4,Spring,1,0,1,카페테리아,카페라떼(HOT)
2024-04-22,0,4,Spring,0,0,0,카페테리아,카페라떼(HOT)
2024-04-23,0,4,Spring,0,0,0,카페테리아,카페라떼(HOT)
2024-04-24,0,4,Spring,0,0,0,카페테리아,카페라떼(HOT)
2024-04-25,0,4,Spring,0,0,0,카페테리아,카페라떼(HOT)
2024-04-26,0,4,Spring,0,0,0,카페테리아,카페라떼(HOT)
2024-04-27,0,4,Spring,1,0,1,카페테리아,카페라떼(HOT)
2024-04-28,0,4,Spring,1,0,1,카페테리아,카페라떼(HOT)
2024-04-29,0,4,Spring,0,0,0,카페테리아,카페라떼(HOT)
2024-04-30,0,4,Spring,0,0,0,카페테리아,카페라떼(HOT)
2024-05-01,0,5,Spring,0,0,0,카페테리아,카페라떼(HOT)
2024-05-02,0,5,Spring,0,0,0,카페테리아,카페라떼(HOT)
2024-05-03,0,5,Spring,0,0,0,카페테리아,카페라떼(HOT)
2024-05-04,0,5,Spring,1,0,1,카페테리아,카페라떼(HOT)
2024-05-05,0,5,Spring,1,1,1,카페테리아,카페라떼(HOT)
2024-05-06,0,5,Spring,0,1,1,카페테리아,카페라떼(HOT)
2024-05-07,0,5,Spring,0,0,0,카페테리아,카페라떼(HOT)
2024-05-08,0,5,Spring,0,0,0,카페테리아,카페라떼(HOT)
2024-05-09,0,5,Spring,0,0,0,카페테리아,카페라떼(HOT)
2024-05-10,0,5,Spring,0,0,0,카페테리아,카페라떼(HOT)
2024-05-11,0,5,Spring,1,0,1,카페테리아,카페라떼(HOT)
2024-05-12,0,5,Spring,1,0,1,카페테리아,카페라떼(HOT)
2024-05-13,0,5,Spring,0,0,0,카페테리아,카페라떼(HOT)
2024-05-14,0,5,Spring,0,0,0,카페테리아,카페라떼(HOT)
2024-05-15,0,5,Spring,0,1,1,카페테리아,카페라떼(HOT)
2024-05-16,0,5,Spring,0,0,0,카페테리아,카페라떼(HOT)
2024-05-17,0,5,Spring,0,0,0,카페테리아,카페라떼(HOT)
2024-05-18,0,5,Spring,1,0,1,카페테리아,카페라떼(HOT)
2024-05-19,0,5,Spring,1,0,1,카페테리아,카페라떼(HOT)
2024-05-20,0,5,Spring,0,0,0,카페테리아,카페라떼(HOT)
2024-05-21,0,5,Spring,0,0,0,카페테리아,카페라떼(HOT)
2024-05-22,0,5,Spring,0,0,0,카페테리아,카페라떼(HOT)
2024-05-23,0,5,Spring,0,0,0,카페테리아,카페라떼(HOT)
2024-05-24,0,5,Spring,0,0,0,카페테리아,카페라떼(HOT)
2024-05-25,0,5,Spring,1,0,1,카페테리아,카페라떼(HOT)
2024-05-26,0,5,Spring,1,0,1,카페테리아,카페라떼(HOT)
2024-05-27,0,5,Spring,0,0,0,카페테리아,카페라떼(HOT)
2024-05-28,0,5,Spring,0,0,0,카페테리아,카페라떼(HOT)
2024-05-29,0,5,Spring,0,0,0,카페테리아,카페라떼(HOT)
2024-05-30,0,5,Spring,0,0,0,카페테리아,카페라떼(HOT)
2024-05-31,0,5,Spring,0,0,0,카페테리아,카페라떼(HOT)
2024-06-01,0,6,Summer,1,0,1,카페테리아,카페라떼(HOT)
2024-06-02,0,6,Summer,1,0,1,카페테리아,카페라떼(HOT)
2024-06-03,0,6,Summer,0,0,0,카페테리아,카페라떼(HOT)
2024-06-04,0,6,Summer,0,0,0,카페테리아,카페라떼(HOT)
2024-06-05,0,6,Summer,0,0,0,카페테리아,카페라떼(HOT)
2024-06-06,0,6,Summer,0,1,1,카페테리아,카페라떼(HOT)
2024-06-07,0,6,Summer,0,0,0,카페테리아,카페라떼(HOT)
2024-06-08,0,6,Summer,1,0,1,카페테리아,카페라떼(HOT)
2024-06-09,0,6,Summer,1,0,1,카페테리아,카페라떼(HOT)
2024-06-10,0,6,Summer,0,0,0,카페테리아,카페라떼(HOT)
2024-06-11,0,6,Summer,0,0,0,카페테리아,카페라떼(HOT)
2024-06-12,0,6,Summer,0,0,0,카페테리아,카페라떼(HOT)
2024-06-13,0,6,Summer,0,0,0,카페테리아,카페라떼(HOT)
2024-06-14,0,6,Summer,0,0,0,카페테리아,카페라떼(HOT)
2024-06-15,0,6,Summer,1,0,1,카페테리아,카페라떼(HOT)
2023-01-01,19,1,Winter,1,1,1,카페테리아,카페라떼(ICE)
2023-01-02,14,1,Winter,0,0,0,카페테리아,카페라떼(ICE)
2023-01-03,15,1,Winter,0,0,0,카페테리아,카페라떼(ICE)
2023-01-04,13,1,Winter,0,0,0,카페테리아,카페라떼(ICE)
2023-01-05,17,1,Winter,0,0,0,카페테리아,카페라떼(ICE)
2023-01-06,24,1,Winter,0,0,0,카페테리아,카페라떼(ICE)
2023-01-07,52,1,Winter,1,0,1,카페테리아,카페라떼(ICE)
2023-01-08,37,1,Winter,1,0,1,카페테리아,카페라떼(ICE)
2023-01-09,19,1,Winter,0,0,0,카페테리아,카페라떼(ICE)
2023-01-10,24,1,Winter,0,0,0,카페테리아,카페라떼(ICE)
2023-01-11,33,1,Winter,0,0,0,카페테리아,카페라떼(ICE)
2023-01-12,25,1,Winter,0,0,0,카페테리아,카페라떼(ICE)
2023-01-13,10,1,Winter,0,0,0,카페테리아,카페라떼(ICE)
2023-01-14,37,1,Winter,1,0,1,카페테리아,카페라떼(ICE)
2023-01-15,43,1,Winter,1,0,1,카페테리아,카페라떼(ICE)
2023-01-16,21,1,Winter,0,0,0,카페테리아,카페라떼(ICE)
2023-01-17,13,1,Winter,0,0,0,카페테리아,카페라떼(ICE)
2023-01-18,27,1,Winter,0,0,0,카페테리아,카페라떼(ICE)
2023-01-19,25,1,Winter,0,0,0,카페테리아,카페라떼(ICE)
2023-01-20,30,1,Winter,0,0,0,카페테리아,카페라떼(ICE)
2023-01-21,36,1,Winter,1,1,1,카페테리아,카페라떼(ICE)
2023-01-22,12,1,Winter,1,1,1,카페테리아,카페라떼(ICE)
2023-01-23,56,1,Winter,0,1,1,카페테리아,카페라떼(ICE)
2023-01-24,18,1,Winter,0,1,1,카페테리아,카페라떼(ICE)
2023-01-25,20,1,Winter,0,0,0,카페테리아,카페라떼(ICE)
2023-01-26,23,1,Winter,0,0,0,카페테리아,카페라떼(ICE)
2023-01-27,37,1,Winter,0,0,0,카페테리아,카페라떼(ICE)
2023-01-28,34,1,Winter,1,0,1,카페테리아,카페라떼(ICE)
2023-01-29,35,1,Winter,1,0,1,카페테리아,카페라떼(ICE)
2023-01-30,20,1,Winter,0,0,0,카페테리아,카페라떼(ICE)
2023-01-31,20,1,Winter,0,0,0,카페테리아,카페라떼(ICE)
2023-02-01,30,2,Winter,0,0,0,카페테리아,카페라떼(ICE)
2023-02-02,24,2,Winter,0,0,0,카페테리아,카페라떼(ICE)
2023-02-03,28,2,Winter,0,0,0,카페테리아,카페라떼(ICE)
2023-02-04,81,2,Winter,1,0,1,카페테리아,카페라떼(ICE)
2023-02-05,42,2,Winter,1,0,1,카페테리아,카페라떼(ICE)
2023-02-06,16,2,Winter,0,0,0,카페테리아,카페라떼(ICE)
2023-02-07,9,2,Winter,0,0,0,카페테리아,카페라떼(ICE)
2023-02-08,36,2,Winter,0,0,0,카페테리아,카페라떼(ICE)
2023-02-09,17,2,Winter,0,0,0,카페테리아,카페라떼(ICE)
2023-02-10,31,2,Winter,0,0,0,카페테리아,카페라떼(ICE)
2023-02-11,55,2,Winter,1,0,1,카페테리아,카페라떼(ICE)
2023-02-12,37,2,Winter,1,0,1,카페테리아,카페라떼(ICE)
2023-02-13,14,2,Winter,0,0,0,카페테리아,카페라떼(ICE)
2023-02-14,15,2,Winter,0,0,0,카페테리아,카페라떼(ICE)
2023-02-15,21,2,Winter,0,0,0,카페테리아,카페라떼(ICE)
2023-02-16,22,2,Winter,0,0,0,카페테리아,카페라떼(ICE)
2023-02-17,28,2,Winter,0,0,0,카페테리아,카페라떼(ICE)
2023-02-18,37,2,Winter,1,0,1,카페테리아,카페라떼(ICE)
2023-02-19,26,2,Winter,1,0,1,카페테리아,카페라떼(ICE)
2023-02-20,18,2,Winter,0,0,0,카페테리아,카페라떼(ICE)
2023-02-21,10,2,Winter,0,0,0,카페테리아,카페라떼(ICE)
2023-02-22,13,2,Winter,0,0,0,카페테리아,카페라떼(ICE)
2023-02-23,10,2,Winter,0,0,0,카페테리아,카페라떼(ICE)
2023-02-24,21,2,Winter,0,0,0,카페테리아,카페라떼(ICE)
2023-02-25,33,2,Winter,1,0,1,카페테리아,카페라떼(ICE)
2023-02-26,21,2,Winter,1,0,1,카페테리아,카페라떼(ICE)
2023-02-27,8,2,Winter,0,0,0,카페테리아,카페라떼(ICE)
2023-02-28,12,2,Winter,0,0,0,카페테리아,카페라떼(ICE)
2023-03-01,5,3,Spring,0,1,1,카페테리아,카페라떼(ICE)
2023-03-02,0,3,Spring,0,0,0,카페테리아,카페라떼(ICE)
2023-03-03,0,3,Spring,0,0,0,카페테리아,카페라떼(ICE)
2023-03-04,0,3,Spring,1,0,1,카페테리아,카페라떼(ICE)
2023-03-05,0,3,Spring,1,0,1,카페테리아,카페라떼(ICE)
2023-03-06,0,3,Spring,0,0,0,카페테리아,카페라떼(ICE)
2023-03-07,0,3,Spring,0,0,0,카페테리아,카페라떼(ICE)
2023-03-08,0,3,Spring,0,0,0,카페테리아,카페라떼(ICE)
2023-03-09,0,3,Spring,0,0,0,카페테리아,카페라떼(ICE)
2023-03-10,0,3,Spring,0,0,0,카페테리아,카페라떼(ICE)
2023-03-11,0,3,Spring,1,0,1,카페테리아,카페라떼(ICE)
2023-03-12,0,3,Spring,1,0,1,카페테리아,카페라떼(ICE)
2023-03-13,0,3,Spring,0,0,0,카페테리아,카페라떼(ICE)
2023-03-14,0,3,Spring,0,0,0,카페테리아,카페라떼(ICE)
2023-03-15,0,3,Spring,0,0,0,카페테리아,카페라떼(ICE)
2023-03-16,0,3,Spring,0,0,0,카페테리아,카페라떼(ICE)
2023-03-17,0,3,Spring,0,0,0,카페테리아,카페라떼(ICE)
2023-03-18,0,3,Spring,1,0,1,카페테리아,카페라떼(ICE)
2023-03-19,0,3,Spring,1,0,1,카페테리아,카페라떼(ICE)
2023-03-20,0,3,Spring,0,0,0,카페테리아,카페라떼(ICE)
2023-03-21,0,3,Spring,0,0,0,카페테리아,카페라떼(ICE)
2023-03-22,0,3,Spring,0,0,0,카페테리아,카페라떼(ICE)
2023-03-23,0,3,Spring,0,0,0,카페테리아,카페라떼(ICE)
2023-03-24,0,3,Spring,0,0,0,카페테리아,카페라떼(ICE)
2023-03-25,0,3,Spring,1,0,1,카페테리아,카페라떼(ICE)
2023-03-26,0,3,Spring,1,0,1,카페테리아,카페라떼(ICE)
2023-03-27,0,3,Spring,0,0,0,카페테리아,카페라떼(ICE)
2023-03-28,0,3,Spring,0,0,0,카페테리아,카페라떼(ICE)
2023-03-29,0,3,Spring,0,0,0,카페테리아,카페라떼(ICE)
2023-03-30,0,3,Spring,0,0,0,카페테리아,카페라떼(ICE)
2023-03-31,0,3,Spring,0,0,0,카페테리아,카페라떼(ICE)
2023-04-01,0,4,Spring,1,0,1,카페테리아,카페라떼(ICE)
2023-04-02,0,4,Spring,1,0,1,카페테리아,카페라떼(ICE)
2023-04-03,0,4,Spring,0,0,0,카페테리아,카페라떼(ICE)
2023-04-04,0,4,Spring,0,0,0,카페테리아,카페라떼(ICE)
2023-04-05,0,4,Spring,0,0,0,카페테리아,카페라떼(ICE)
2023-04-06,0,4,Spring,0,0,0,카페테리아,카페라떼(ICE)
2023-04-07,0,4,Spring,0,0,0,카페테리아,카페라떼(ICE)
2023-04-08,0,4,Spring,1,0,1,카페테리아,카페라떼(ICE)
2023-04-09,0,4,Spring,1,0,1,카페테리아,카페라떼(ICE)
2023-04-10,0,4,Spring,0,0,0,카페테리아,카페라떼(ICE)
2023-04-11,0,4,Spring,0,0,0,카페테리아,카페라떼(ICE)
2023-04-12,0,4,Spring,0,0,0,카페테리아,카페라떼(ICE)
2023-04-13,0,4,Spring,0,0,0,카페테리아,카페라떼(ICE)
2023-04-14,0,4,Spring,0,0,0,카페테리아,카페라떼(ICE)
2023-04-15,0,4,Spring,1,0,1,카페테리아,카페라떼(ICE)
2023-04-16,0,4,Spring,1,0,1,카페테리아,카페라떼(ICE)
2023-04-17,0,4,Spring,0,0,0,카페테리아,카페라떼(ICE)
2023-04-18,0,4,Spring,0,0,0,카페테리아,카페라떼(ICE)
2023-04-19,0,4,Spring,0,0,0,카페테리아,카페라떼(ICE)
2023-04-20,0,4,Spring,0,0,0,카페테리아,카페라떼(ICE)
2023-04-21,0,4,Spring,0,0,0,카페테리아,카페라떼(ICE)
2023-04-22,0,4,Spring,1,0,1,카페테리아,카페라떼(ICE)
2023-04-23,0,4,Spring,1,0,1,카페테리아,카페라떼(ICE)
2023-04-24,0,4,Spring,0,0,0,카페테리아,카페라떼(ICE)
2023-04-25,0,4,Spring,0,0,0,카페테리아,카페라떼(ICE)
2023-04-26,0,4,Spring,0,0,0,카페테리아,카페라떼(ICE)
2023-04-27,0,4,Spring,0,0,0,카페테리아,카페라떼(ICE)
2023-04-28,0,4,Spring,0,0,0,카페테리아,카페라떼(ICE)
2023-04-29,0,4,Spring,1,0,1,카페테리아,카페라떼(ICE)
2023-04-30,0,4,Spring,1,0,1,카페테리아,카페라떼(ICE)
2023-05-01,0,5,Spring,0,0,0,카페테리아,카페라떼(ICE)
2023-05-02,0,5,Spring,0,0,0,카페테리아,카페라떼(ICE)
2023-05-03,0,5,Spring,0,0,0,카페테리아,카페라떼(ICE)
2023-05-04,0,5,Spring,0,0,0,카페테리아,카페라떼(ICE)
2023-05-05,0,5,Spring,0,1,1,카페테리아,카페라떼(ICE)
2023-05-06,0,5,Spring,1,0,1,카페테리아,카페라떼(ICE)
2023-05-07,0,5,Spring,1,0,1,카페테리아,카페라떼(ICE)
2023-05-08,0,5,Spring,0,0,0,카페테리아,카페라떼(ICE)
2023-05-09,0,5,Spring,0,0,0,카페테리아,카페라떼(ICE)
2023-05-10,0,5,Spring,0,0,0,카페테리아,카페라떼(ICE)
2023-05-11,0,5,Spring,0,0,0,카페테리아,카페라떼(ICE)
2023-05-12,0,5,Spring,0,0,0,카페테리아,카페라떼(ICE)
2023-05-13,0,5,Spring,1,0,1,카페테리아,카페라떼(ICE)
2023-05-14,0,5,Spring,1,0,1,카페테리아,카페라떼(ICE)
2023-05-15,0,5,Spring,0,0,0,카페테리아,카페라떼(ICE)
2023-05-16,0,5,Spring,0,0,0,카페테리아,카페라떼(ICE)
2023-05-17,0,5,Spring,0,0,0,카페테리아,카페라떼(ICE)
2023-05-18,0,5,Spring,0,0,0,카페테리아,카페라떼(ICE)
2023-05-19,0,5,Spring,0,0,0,카페테리아,카페라떼(ICE)
2023-05-20,0,5,Spring,1,0,1,카페테리아,카페라떼(ICE)
2023-05-21,0,5,Spring,1,0,1,카페테리아,카페라떼(ICE)
2023-05-22,0,5,Spring,0,0,0,카페테리아,카페라떼(ICE)
2023-05-23,0,5,Spring,0,0,0,카페테리아,카페라떼(ICE)
2023-05-24,0,5,Spring,0,0,0,카페테리아,카페라떼(ICE)
2023-05-25,0,5,Spring,0,0,0,카페테리아,카페라떼(ICE)
2023-05-26,0,5,Spring,0,0,0,카페테리아,카페라떼(ICE)
2023-05-27,0,5,Spring,1,1,1,카페테리아,카페라떼(ICE)
2023-05-28,0,5,Spring,1,0,1,카페테리아,카페라떼(ICE)
2023-05-29,0,5,Spring,0,1,1,카페테리아,카페라떼(ICE)
2023-05-30,0,5,Spring,0,0,0,카페테리아,카페라떼(ICE)
2023-05-31,0,5,Spring,0,0,0,카페테리아,카페라떼(ICE)
2023-06-01,0,6,Summer,0,0,0,카페테리아,카페라떼(ICE)
2023-06-02,0,6,Summer,0,0,0,카페테리아,카페라떼(ICE)
2023-06-03,0,6,Summer,1,0,1,카페테리아,카페라떼(ICE)
2023-06-04,0,6,Summer,1,0,1,카페테리아,카페라떼(ICE)
2023-06-05,0,6,Summer,0,0,0,카페테리아,카페라떼(ICE)
2023-06-06,0,6,Summer,0,1,1,카페테리아,카페라떼(ICE)
2023-06-07,0,6,Summer,0,0,0,카페테리아,카페라떼(ICE)
2023-06-08,0,6,Summer,0,0,0,카페테리아,카페라떼(ICE)
2023-06-09,0,6,Summer,0,0,0,카페테리아,카페라떼(ICE)
2023-06-10,0,6,Summer,1,0,1,카페테리아,카페라떼(ICE)
2023-06-11,0,6,Summer,1,0,1,카페테리아,카페라떼(ICE)
2023-06-12,0,6,Summer,0,0,0,카페테리아,카페라떼(ICE)
2023-06-13,0,6,Summer,0,0,0,카페테리아,카페라떼(ICE)
2023-06-14,0,6,Summer,0,0,0,카페테리아,카페라떼(ICE)
2023-06-15,0,6,Summer,0,0,0,카페테리아,카페라떼(ICE)
2023-06-16,0,6,Summer,0,0,0,카페테리아,카페라떼(ICE)
2023-06-17,0,6,Summer,1,0,1,카페테리아,카페라떼(ICE)
2023-06-18,0,6,Summer,1,0,1,카페테리아,카페라떼(ICE)
2023-06-19,0,6,Summer,0,0,0,카페테리아,카페라떼(ICE)
2023-06-20,0,6,Summer,0,0,0,카페테리아,카페라떼(ICE)
2023-06-21,0,6,Summer,0,0,0,카페테리아,카페라떼(ICE)
2023-06-22,0,6,Summer,0,0,0,카페테리아,카페라떼(ICE)
2023-06-23,0,6,Summer,0,0,0,카페테리아,카페라떼(ICE)
2023-06-24,0,6,Summer,1,0,1,카페테리아,카페라떼(ICE)
2023-06-25,0,6,Summer,1,0,1,카페테리아,카페라떼(ICE)
2023-06-26,0,6,Summer,0,0,0,카페테리아,카페라떼(ICE)
2023-06-27,0,6,Summer,0,0,0,카페테리아,카페라떼(ICE)
2023-06-28,0,6,Summer,0,0,0,카페테리아,카페라떼(ICE)
2023-06-29,0,6,Summer,0,0,0,카페테리아,카페라떼(ICE)
2023-06-30,0,6,Summer,0,0,0,카페테리아,카페라떼(ICE)
2023-07-01,0,7,Summer,1,0,1,카페테리아,카페라떼(ICE)
2023-07-02,0,7,Summer,1,0,1,카페테리아,카페라떼(ICE)
2023-07-03,0,7,Summer,0,0,0,카페테리아,카페라떼(ICE)
2023-07-04,0,7,Summer,0,0,0,카페테리아,카페라떼(ICE)
2023-07-05,0,7,Summer,0,0,0,카페테리아,카페라떼(ICE)
2023-07-06,0,7,Summer,0,0,0,카페테리아,카페라떼(ICE)
2023-07-07,0,7,Summer,0,0,0,카페테리아,카페라떼(ICE)
2023-07-08,0,7,Summer,1,0,1,카페테리아,카페라떼(ICE)
2023-07-09,0,7,Summer,1,0,1,카페테리아,카페라떼(ICE)
2023-07-10,0,7,Summer,0,0,0,카페테리아,카페라떼(ICE)
2023-07-11,0,7,Summer,0,0,0,카페테리아,카페라떼(ICE)
2023-07-12,0,7,Summer,0,0,0,카페테리아,카페라떼(ICE)
2023-07-13,0,7,Summer,0,0,0,카페테리아,카페라떼(ICE)
2023-07-14,0,7,Summer,0,0,0,카페테리아,카페라떼(ICE)
2023-07-15,0,7,Summer,1,0,1,카페테리아,카페라떼(ICE)
2023-07-16,0,7,Summer,1,0,1,카페테리아,카페라떼(ICE)
2023-07-17,0,7,Summer,0,0,0,카페테리아,카페라떼(ICE)
2023-07-18,0,7,Summer,0,0,0,카페테리아,카페라떼(ICE)
2023-07-19,0,7,Summer,0,0,0,카페테리아,카페라떼(ICE)
2023-07-20,0,7,Summer,0,0,0,카페테리아,카페라떼(ICE)
2023-07-21,0,7,Summer,0,0,0,카페테리아,카페라떼(ICE)
2023-07-22,0,7,Summer,1,0,1,카페테리아,카페라떼(ICE)
2023-07-23,0,7,Summer,1,0,1,카페테리아,카페라떼(ICE)
2023-07-24,0,7,Summer,0,0,0,카페테리아,카페라떼(ICE)
2023-07-25,0,7,Summer,0,0,0,카페테리아,카페라떼(ICE)
2023-07-26,0,7,Summer,0,0,0,카페테리아,카페라떼(ICE)
2023-07-27,0,7,Summer,0,0,0,카페테리아,카페라떼(ICE)
2023-07-28,0,7,Summer,0,0,0,카페테리아,카페라떼(ICE)
2023-07-29,0,7,Summer,1,0,1,카페테리아,카페라떼(ICE)
2023-07-30,0,7,Summer,1,0,1,카페테리아,카페라떼(ICE)
2023-07-31,0,7,Summer,0,0,0,카페테리아,카페라떼(ICE)
2023-08-01,0,8,Summer,0,0,0,카페테리아,카페라떼(ICE)
2023-08-02,0,8,Summer,0,0,0,카페테리아,카페라떼(ICE)
2023-08-03,0,8,Summer,0,0,0,카페테리아,카페라떼(ICE)
2023-08-04,0,8,Summer,0,0,0,카페테리아,카페라떼(ICE)
2023-08-05,0,8,Summer,1,0,1,카페테리아,카페라떼(ICE)
2023-08-06,0,8,Summer,1,0,1,카페테리아,카페라떼(ICE)
2023-08-07,0,8,Summer,0,0,0,카페테리아,카페라떼(ICE)
2023-08-08,0,8,Summer,0,0,0,카페테리아,카페라떼(ICE)
2023-08-09,0,8,Summer,0,0,0,카페테리아,카페라떼(ICE)
2023-08-10,0,8,Summer,0,0,0,카페테리아,카페라떼(ICE)
2023-08-11,0,8,Summer,0,0,0,카페테리아,카페라떼(ICE)
2023-08-12,0,8,Summer,1,0,1,카페테리아,카페라떼(ICE)
2023-08-13,0,8,Summer,1,0,1,카페테리아,카페라떼(ICE)
2023-08-14,0,8,Summer,0,0,0,카페테리아,카페라떼(ICE)
2023-08-15,0,8,Summer,0,1,1,카페테리아,카페라떼(ICE)
2023-08-16,0,8,Summer,0,0,0,카페테리아,카페라떼(ICE)
2023-08-17,0,8,Summer,0,0,0,카페테리아,카페라떼(ICE)
2023-08-18,0,8,Summer,0,0,0,카페테리아,카페라떼(ICE)
2023-08-19,0,8,Summer,1,0,1,카페테리아,카페라떼(ICE)
2023-08-20,0,8,Summer,1,0,1,카페테리아,카페라떼(ICE)
2023-08-21,0,8,Summer,0,0,0,카페테리아,카페라떼(ICE)
2023-08-22,0,8,Summer,0,0,0,카페테리아,카페라떼(ICE)
2023-08-23,0,8,Summer,0,0,0,카페테리아,카페라떼(ICE)
2023-08-24,0,8,Summer,0,0,0,카페테리아,카페라떼(ICE)
2023-08-25,0,8,Summer,0,0,0,카페테리아,카페라떼(ICE)
2023-08-26,0,8,Summer,1,0,1,카페테리아,카페라떼(ICE)
2023-08-27,0,8,Summer,1,0,1,카페테리아,카페라떼(ICE)
2023-08-28,0,8,Summer,0,0,0,카페테리아,카페라떼(ICE)
2023-08-29,0,8,Summer,0,0,0,카페테리아,카페라떼(ICE)
2023-08-30,0,8,Summer,0,0,0,카페테리아,카페라떼(ICE)
2023-08-31,0,8,Summer,0,0,0,카페테리아,카페라떼(ICE)
2023-09-01,0,9,Autumn,0,0,0,카페테리아,카페라떼(ICE)
2023-09-02,0,9,Autumn,1,0,1,카페테리아,카페라떼(ICE)
2023-09-03,0,9,Autumn,1,0,1,카페테리아,카페라떼(ICE)
2023-09-04,0,9,Autumn,0,0,0,카페테리아,카페라떼(ICE)
2023-09-05,0,9,Autumn,0,0,0,카페테리아,카페라떼(ICE)
2023-09-06,0,9,Autumn,0,0,0,카페테리아,카페라떼(ICE)
2023-09-07,0,9,Autumn,0,0,0,카페테리아,카페라떼(ICE)
2023-09-08,0,9,Autumn,0,0,0,카페테리아,카페라떼(ICE)
2023-09-09,0,9,Autumn,1,0,1,카페테리아,카페라떼(ICE)
2023-09-10,0,9,Autumn,1,0,1,카페테리아,카페라떼(ICE)
2023-09-11,0,9,Autumn,0,0,0,카페테리아,카페라떼(ICE)
2023-09-12,0,9,Autumn,0,0,0,카페테리아,카페라떼(ICE)
2023-09-13,0,9,Autumn,0,0,0,카페테리아,카페라떼(ICE)
2023-09-14,0,9,Autumn,0,0,0,카페테리아,카페라떼(ICE)
2023-09-15,0,9,Autumn,0,0,0,카페테리아,카페라떼(ICE)
2023-09-16,0,9,Autumn,1,0,1,카페테리아,카페라떼(ICE)
2023-09-17,0,9,Autumn,1,0,1,카페테리아,카페라떼(ICE)
2023-09-18,0,9,Autumn,0,0,0,카페테리아,카페라떼(ICE)
2023-09-19,0,9,Autumn,0,0,0,카페테리아,카페라떼(ICE)
2023-09-20,0,9,Autumn,0,0,0,카페테리아,카페라떼(ICE)
2023-09-21,0,9,Autumn,0,0,0,카페테리아,카페라떼(ICE)
2023-09-22,0,9,Autumn,0,0,0,카페테리아,카페라떼(ICE)
2023-09-23,0,9,Autumn,1,0,1,카페테리아,카페라떼(ICE)
2023-09-24,0,9,Autumn,1,0,1,카페테리아,카페라떼(ICE)
2023-09-25,0,9,Autumn,0,0,0,카페테리아,카페라떼(ICE)
2023-09-26,0,9,Autumn,0,0,0,카페테리아,카페라떼(ICE)
2023-09-27,0,9,Autumn,0,0,0,카페테리아,카페라떼(ICE)
2023-09-28,0,9,Autumn,0,1,1,카페테리아,카페라떼(ICE)
2023-09-29,0,9,Autumn,0,1,1,카페테리아,카페라떼(ICE)
2023-09-30,0,9,Autumn,1,1,1,카페테리아,카페라떼(ICE)
2023-10-01,0,10,Autumn,1,0,1,카페테리아,카페라떼(ICE)
2023-10-02,0,10,Autumn,0,1,1,카페테리아,카페라떼(ICE)
2023-10-03,0,10,Autumn,0,1,1,카페테리아,카페라떼(ICE)
2023-10-04,0,10,Autumn,0,0,0,카페테리아,카페라떼(ICE)
2023-10-05,0,10,Autumn,0,0,0,카페테리아,카페라떼(ICE)
2023-10-06,0,10,Autumn,0,0,0,카페테리아,카페라떼(ICE)
2023-10-07,0,10,Autumn,1,0,1,카페테리아,카페라떼(ICE)
2023-10-08,0,10,Autumn,1,0,1,카페테리아,카페라떼(ICE)
2023-10-09,0,10,Autumn,0,1,1,카페테리아,카페라떼(ICE)
2023-10-10,0,10,Autumn,0,0,0,카페테리아,카페라떼(ICE)
2023-10-11,0,10,Autumn,0,0,0,카페테리아,카페라떼(ICE)
2023-10-12,0,10,Autumn,0,0,0,카페테리아,카페라떼(ICE)
2023-10-13,0,10,Autumn,0,0,0,카페테리아,카페라떼(ICE)
2023-10-14,0,10,Autumn,1,0,1,카페테리아,카페라떼(ICE)
2023-10-15,0,10,Autumn,1,0,1,카페테리아,카페라떼(ICE)
2023-10-16,0,10,Autumn,0,0,0,카페테리아,카페라떼(ICE)
2023-10-17,0,10,Autumn,0,0,0,카페테리아,카페라떼(ICE)
2023-10-18,0,10,Autumn,0,0,0,카페테리아,카페라떼(ICE)
2023-10-19,0,10,Autumn,0,0,0,카페테리아,카페라떼(ICE)
2023-10-20,0,10,Autumn,0,0,0,카페테리아,카페라떼(ICE)
2023-10-21,0,10,Autumn,1,0,1,카페테리아,카페라떼(ICE)
2023-10-22,0,10,Autumn,1,0,1,카페테리아,카페라떼(ICE)
2023-10-23,0,10,Autumn,0,0,0,카페테리아,카페라떼(ICE)
2023-10-24,0,10,Autumn,0,0,0,카페테리아,카페라떼(ICE)
2023-10-25,0,10,Autumn,0,0,0,카페테리아,카페라떼(ICE)
2023-10-26,0,10,Autumn,0,0,0,카페테리아,카페라떼(ICE)
2023-10-27,0,10,Autumn,0,0,0,카페테리아,카페라떼(ICE)
2023-10-28,0,10,Autumn,1,0,1,카페테리아,카페라떼(ICE)
2023-10-29,0,10,Autumn,1,0,1,카페테리아,카페라떼(ICE)
2023-10-30,0,10,Autumn,0,0,0,카페테리아,카페라떼(ICE)
2023-10-31,0,10,Autumn,0,0,0,카페테리아,카페라떼(ICE)
2023-11-01,0,11,Autumn,0,0,0,카페테리아,카페라떼(ICE)
2023-11-02,0,11,Autumn,0,0,0,카페테리아,카페라떼(ICE)
2023-11-03,0,11,Autumn,0,0,0,카페테리아,카페라떼(ICE)
2023-11-04,0,11,Autumn,1,0,1,카페테리아,카페라떼(ICE)
2023-11-05,0,11,Autumn,1,0,1,카페테리아,카페라떼(ICE)
2023-11-06,0,11,Autumn,0,0,0,카페테리아,카페라떼(ICE)
2023-11-07,0,11,Autumn,0,0,0,카페테리아,카페라떼(ICE)
2023-11-08,0,11,Autumn,0,0,0,카페테리아,카페라떼(ICE)
2023-11-09,0,11,Autumn,0,0,0,카페테리아,카페라떼(ICE)
2023-11-10,0,11,Autumn,0,0,0,카페테리아,카페라떼(ICE)
2023-11-11,0,11,Autumn,1,0,1,카페테리아,카페라떼(ICE)
2023-11-12,0,11,Autumn,1,0,1,카페테리아,카페라떼(ICE)
2023-11-13,0,11,Autumn,0,0,0,카페테리아,카페라떼(ICE)
2023-11-14,0,11,Autumn,0,0,0,카페테리아,카페라떼(ICE)
2023-11-15,0,11,Autumn,0,0,0,카페테리아,카페라떼(ICE)
2023-11-16,0,11,Autumn,0,0,0,카페테리아,카페라떼(ICE)
2023-11-17,0,11,Autumn,0,0,0,카페테리아,카페라떼(ICE)
2023-11-18,0,11,Autumn,1,0,1,카페테리아,카페라떼(ICE)
2023-11-19,0,11,Autumn,1,0,1,카페테리아,카페라떼(ICE)
2023-11-20,0,11,Autumn,0,0,0,카페테리아,카페라떼(ICE)
2023-11-21,0,11,Autumn,0,0,0,카페테리아,카페라떼(ICE)
2023-11-22,0,11,Autumn,0,0,0,카페테리아,카페라떼(ICE)
2023-11-23,0,11,Autumn,0,0,0,카페테리아,카페라떼(ICE)
2023-11-24,0,11,Autumn,0,0,0,카페테리아,카페라떼(ICE)
2023-11-25,0,11,Autumn,1,0,1,카페테리아,카페라떼(ICE)
2023-11-26,0,11,Autumn,1,0,1,카페테리아,카페라떼(ICE)
2023-11-27,0,11,Autumn,0,0,0,카페테리아,카페라떼(ICE)
2023-11-28,0,11,Autumn,0,0,0,카페테리아,카페라떼(ICE)
2023-11-29,0,11,Autumn,0,0,0,카페테리아,카페라떼(ICE)
2023-11-30,0,11,Autumn,0,0,0,카페테리아,카페라떼(ICE)
2023-12-01,0,12,Winter,0,0,0,카페테리아,카페라떼(ICE)
2023-12-02,0,12,Winter,1,0,1,카페테리아,카페라떼(ICE)
2023-12-03,0,12,Winter,1,0,1,카페테리아,카페라떼(ICE)
2023-12-04,0,12,Winter,0,0,0,카페테리아,카페라떼(ICE)
2023-12-05,0,12,Winter,0,0,0,카페테리아,카페라떼(ICE)
2023-12-06,0,12,Winter,0,0,0,카페테리아,카페라떼(ICE)
2023-12-07,1,12,Winter,0,0,0,카페테리아,카페라떼(ICE)
2023-12-08,4,12,Winter,0,0,0,카페테리아,카페라떼(ICE)
2023-12-09,9,12,Winter,1,0,1,카페테리아,카페라떼(ICE)
2023-12-10,13,12,Winter,1,0,1,카페테리아,카페라떼(ICE)
2023-12-11,5,12,Winter,0,0,0,카페테리아,카페라떼(ICE)
2023-12-12,4,12,Winter,0,0,0,카페테리아,카페라떼(ICE)
2023-12-13,3,12,Winter,0,0,0,카페테리아,카페라떼(ICE)
2023-12-14,0,12,Winter,0,0,0,카페테리아,카페라떼(ICE)
2023-12-15,0,12,Winter,0,0,0,카페테리아,카페라떼(ICE)
2023-12-16,5,12,Winter,1,0,1,카페테리아,카페라떼(ICE)
2023-12-17,8,12,Winter,1,0,1,카페테리아,카페라떼(ICE)
2023-12-18,7,12,Winter,0,0,0,카페테리아,카페라떼(ICE)
2023-12-19,16,12,Winter,0,0,0,카페테리아,카페라떼(ICE)
2023-12-20,7,12,Winter,0,0,0,카페테리아,카페라떼(ICE)
2023-12-21,5,12,Winter,0,0,0,카페테리아,카페라떼(ICE)
2023-12-22,11,12,Winter,0,0,0,카페테리아,카페라떼(ICE)
2023-12-23,18,12,Winter,1,0,1,카페테리아,카페라떼(ICE)
2023-12-24,28,12,Winter,1,0,1,카페테리아,카페라떼(ICE)
2023-12-25,12,12,Winter,0,1,1,카페테리아,카페라떼(ICE)
2023-12-26,14,12,Winter,0,0,0,카페테리아,카페라떼(ICE)
2023-12-27,19,12,Winter,0,0,0,카페테리아,카페라떼(ICE)
2023-12-28,20,12,Winter,0,0,0,카페테리아,카페라떼(ICE)
2023-12-29,16,12,Winter,0,0,0,카페테리아,카페라떼(ICE)
2023-12-30,28,12,Winter,1,0,1,카페테리아,카페라떼(ICE)
2023-12-31,20,12,Winter,1,0,1,카페테리아,카페라떼(ICE)
2024-01-01,19,1,Winter,0,1,1,카페테리아,카페라떼(ICE)
2024-01-02,11,1,Winter,0,0,0,카페테리아,카페라떼(ICE)
2024-01-03,11,1,Winter,0,0,0,카페테리아,카페라떼(ICE)
2024-01-04,15,1,Winter,0,0,0,카페테리아,카페라떼(ICE)
2024-01-05,9,1,Winter,0,0,0,카페테리아,카페라떼(ICE)
2024-01-06,39,1,Winter,1,0,1,카페테리아,카페라떼(ICE)
2024-01-07,23,1,Winter,1,0,1,카페테리아,카페라떼(ICE)
2024-01-08,8,1,Winter,0,0,0,카페테리아,카페라떼(ICE)
2024-01-09,14,1,Winter,0,0,0,카페테리아,카페라떼(ICE)
2024-01-10,20,1,Winter,0,0,0,카페테리아,카페라떼(ICE)
2024-01-11,14,1,Winter,0,0,0,카페테리아,카페라떼(ICE)
2024-01-12,26,1,Winter,0,0,0,카페테리아,카페라떼(ICE)
2024-01-13,44,1,Winter,1,0,1,카페테리아,카페라떼(ICE)
2024-01-14,21,1,Winter,1,0,1,카페테리아,카페라떼(ICE)
2024-01-15,12,1,Winter,0,0,0,카페테리아,카페라떼(ICE)
2024-01-16,10,1,Winter,0,0,0,카페테리아,카페라떼(ICE)
2024-01-17,22,1,Winter,0,0,0,카페테리아,카페라떼(ICE)
2024-01-18,21,1,Winter,0,0,0,카페테리아,카페라떼(ICE)
2024-01-19,25,1,Winter,0,0,0,카페테리아,카페라떼(ICE)
2024-01-20,46,1,Winter,1,0,1,카페테리아,카페라떼(ICE)
2024-01-21,26,1,Winter,1,0,1,카페테리아,카페라떼(ICE)
2024-01-22,5,1,Winter,0,0,0,카페테리아,카페라떼(ICE)
2024-01-23,9,1,Winter,0,0,0,카페테리아,카페라떼(ICE)
2024-01-24,10,1,Winter,0,0,0,카페테리아,카페라떼(ICE)
2024-01-25,5,1,Winter,0,0,0,카페테리아,카페라떼(ICE)
2024-01-26,7,1,Winter,0,0,0,카페테리아,카페라떼(ICE)
2024-01-27,45,1,Winter,1,0,1,카페테리아,카페라떼(ICE)
2024-01-28,29,1,Winter,1,0,1,카페테리아,카페라떼(ICE)
2024-01-29,13,1,Winter,0,0,0,카페테리아,카페라떼(ICE)
2024-01-30,11,1,Winter,0,0,0,카페테리아,카페라떼(ICE)
2024-01-31,21,1,Winter,0,0,0,카페테리아,카페라떼(ICE)
2024-02-01,11,2,Winter,0,0,0,카페테리아,카페라떼(ICE)
2024-02-02,16,2,Winter,0,0,0,카페테리아,카페라떼(ICE)
2024-02-03,37,2,Winter,1,0,1,카페테리아,카페라떼(ICE)
2024-02-04,23,2,Winter,1,0,1,카페테리아,카페라떼(ICE)
2024-02-05,10,2,Winter,0,0,0,카페테리아,카페라떼(ICE)
2024-02-06,13,2,Winter,0,0,0,카페테리아,카페라떼(ICE)
2024-02-07,10,2,Winter,0,0,0,카페테리아,카페라떼(ICE)
2024-02-08,17,2,Winter,0,0,0,카페테리아,카페라떼(ICE)
2024-02-09,10,2,Winter,0,1,1,카페테리아,카페라떼(ICE)
2024-02-10,16,2,Winter,1,1,1,카페테리아,카페라떼(ICE)
2024-02-11,32,2,Winter,1,1,1,카페테리아,카페라떼(ICE)
2024-02-12,20,2,Winter,0,1,1,카페테리아,카페라떼(ICE)
2024-02-13,11,2,Winter,0,0,0,카페테리아,카페라떼(ICE)
2024-02-14,8,2,Winter,0,0,0,카페테리아,카페라떼(ICE)
2024-02-15,4,2,Winter,0,0,0,카페테리아,카페라떼(ICE)
2024-02-16,19,2,Winter,0,0,0,카페테리아,카페라떼(ICE)
2024-02-17,28,2,Winter,1,0,1,카페테리아,카페라떼(ICE)
2024-02-18,15,2,Winter,1,0,1,카페테리아,카페라떼(ICE)
2024-02-19,3,2,Winter,0,0,0,카페테리아,카페라떼(ICE)
2024-02-20,6,2,Winter,0,0,0,카페테리아,카페라떼(ICE)
2024-02-21,0,2,Winter,0,0,0,카페테리아,카페라떼(ICE)
2024-02-22,8,2,Winter,0,0,0,카페테리아,카페라떼(ICE)
2024-02-23,4,2,Winter,0,0,0,카페테리아,카페라떼(ICE)
2024-02-24,13,2,Winter,1,0,1,카페테리아,카페라떼(ICE)
2024-02-25,17,2,Winter,1,0,1,카페테리아,카페라떼(ICE)
2024-02-26,4,2,Winter,0,0,0,카페테리아,카페라떼(ICE)
2024-02-27,3,2,Winter,0,0,0,카페테리아,카페라떼(ICE)
2024-02-28,4,2,Winter,0,0,0,카페테리아,카페라떼(ICE)
2024-02-29,3,2,Winter,0,0,0,카페테리아,카페라떼(ICE)
2024-03-01,11,3,Spring,0,1,1,카페테리아,카페라떼(ICE)
2024-03-02,4,3,Spring,1,0,1,카페테리아,카페라떼(ICE)
2024-03-03,2,3,Spring,1,0,1,카페테리아,카페라떼(ICE)
2024-03-04,0,3,Spring,0,0,0,카페테리아,카페라떼(ICE)
2024-03-05,0,3,Spring,0,0,0,카페테리아,카페라떼(ICE)
2024-03-06,0,3,Spring,0,0,0,카페테리아,카페라떼(ICE)
2024-03-07,0,3,Spring,0,0,0,카페테리아,카페라떼(ICE)
2024-03-08,0,3,Spring,0,0,0,카페테리아,카페라떼(ICE)
2024-03-09,0,3,Spring,1,0,1,카페테리아,카페라떼(ICE)
2024-03-10,0,3,Spring,1,0,1,카페테리아,카페라떼(ICE)
2024-03-11,0,3,Spring,0,0,0,카페테리아,카페라떼(ICE)
2024-03-12,0,3,Spring,0,0,0,카페테리아,카페라떼(ICE)
2024-03-13,0,3,Spring,0,0,0,카페테리아,카페라떼(ICE)
2024-03-14,0,3,Spring,0,0,0,카페테리아,카페라떼(ICE)
2024-03-15,0,3,Spring,0,0,0,카페테리아,카페라떼(ICE)
2024-03-16,0,3,Spring,1,0,1,카페테리아,카페라떼(ICE)
2024-03-17,0,3,Spring,1,0,1,카페테리아,카페라떼(ICE)
2024-03-18,0,3,Spring,0,0,0,카페테리아,카페라떼(ICE)
2024-03-19,0,3,Spring,0,0,0,카페테리아,카페라떼(ICE)
2024-03-20,0,3,Spring,0,0,0,카페테리아,카페라떼(ICE)
2024-03-21,0,3,Spring,0,0,0,카페테리아,카페라떼(ICE)
2024-03-22,0,3,Spring,0,0,0,카페테리아,카페라떼(ICE)
2024-03-23,0,3,Spring,1,0,1,카페테리아,카페라떼(ICE)
2024-03-24,0,3,Spring,1,0,1,카페테리아,카페라떼(ICE)
2024-03-25,0,3,Spring,0,0,0,카페테리아,카페라떼(ICE)
2024-03-26,0,3,Spring,0,0,0,카페테리아,카페라떼(ICE)
2024-03-27,0,3,Spring,0,0,0,카페테리아,카페라떼(ICE)
2024-03-28,0,3,Spring,0,0,0,카페테리아,카페라떼(ICE)
2024-03-29,0,3,Spring,0,0,0,카페테리아,카페라떼(ICE)
2024-03-30,0,3,Spring,1,0,1,카페테리아,카페라떼(ICE)
2024-03-31,0,3,Spring,1,0,1,카페테리아,카페라떼(ICE)
2024-04-01,0,4,Spring,0,0,0,카페테리아,카페라떼(ICE)
2024-04-02,0,4,Spring,0,0,0,카페테리아,카페라떼(ICE)
2024-04-03,0,4,Spring,0,0,0,카페테리아,카페라떼(ICE)
2024-04-04,0,4,Spring,0,0,0,카페테리아,카페라떼(ICE)
2024-04-05,0,4,Spring,0,0,0,카페테리아,카페라떼(ICE)
2024-04-06,0,4,Spring,1,0,1,카페테리아,카페라떼(ICE)
2024-04-07,0,4,Spring,1,0,1,카페테리아,카페라떼(ICE)
2024-04-08,0,4,Spring,0,0,0,카페테리아,카페라떼(ICE)
2024-04-09,0,4,Spring,0,0,0,카페테리아,카페라떼(ICE)
2024-04-10,0,4,Spring,0,1,1,카페테리아,카페라떼(ICE)
2024-04-11,0,4,Spring,0,0,0,카페테리아,카페라떼(ICE)
2024-04-12,0,4,Spring,0,0,0,카페테리아,카페라떼(ICE)
2024-04-13,0,4,Spring,1,0,1,카페테리아,카페라떼(ICE)
2024-04-14,0,4,Spring,1,0,1,카페테리아,카페라떼(ICE)
2024-04-15,0,4,Spring,0,0,0,카페테리아,카페라떼(ICE)
2024-04-16,0,4,Spring,0,0,0,카페테리아,카페라떼(ICE)
2024-04-17,0,4,Spring,0,0,0,카페테리아,카페라떼(ICE)
2024-04-18,0,4,Spring,0,0,0,카페테리아,카페라떼(ICE)
2024-04-19,0,4,Spring,0,0,0,카페테리아,카페라떼(ICE)
2024-04-20,0,4,Spring,1,0,1,카페테리아,카페라떼(ICE)
2024-04-21,0,4,Spring,1,0,1,카페테리아,카페라떼(ICE)
2024-04-22,0,4,Spring,0,0,0,카페테리아,카페라떼(ICE)
2024-04-23,0,4,Spring,0,0,0,카페테리아,카페라떼(ICE)
2024-04-24,0,4,Spring,0,0,0,카페테리아,카페라떼(ICE)
2024-04-25,0,4,Spring,0,0,0,카페테리아,카페라떼(ICE)
2024-04-26,0,4,Spring,0,0,0,카페테리아,카페라떼(ICE)
2024-04-27,0,4,Spring,1,0,1,카페테리아,카페라떼(ICE)
2024-04-28,0,4,Spring,1,0,1,카페테리아,카페라떼(ICE)
2024-04-29,0,4,Spring,0,0,0,카페테리아,카페라떼(ICE)
2024-04-30,0,4,Spring,0,0,0,카페테리아,카페라떼(ICE)
2024-05-01,0,5,Spring,0,0,0,카페테리아,카페라떼(ICE)
2024-05-02,0,5,Spring,0,0,0,카페테리아,카페라떼(ICE)
2024-05-03,0,5,Spring,0,0,0,카페테리아,카페라떼(ICE)
2024-05-04,0,5,Spring,1,0,1,카페테리아,카페라떼(ICE)
2024-05-05,0,5,Spring,1,1,1,카페테리아,카페라떼(ICE)
2024-05-06,0,5,Spring,0,1,1,카페테리아,카페라떼(ICE)
2024-05-07,0,5,Spring,0,0,0,카페테리아,카페라떼(ICE)
2024-05-08,0,5,Spring,0,0,0,카페테리아,카페라떼(ICE)
2024-05-09,0,5,Spring,0,0,0,카페테리아,카페라떼(ICE)
2024-05-10,0,5,Spring,0,0,0,카페테리아,카페라떼(ICE)
2024-05-11,0,5,Spring,1,0,1,카페테리아,카페라떼(ICE)
2024-05-12,0,5,Spring,1,0,1,카페테리아,카페라떼(ICE)
2024-05-13,0,5,Spring,0,0,0,카페테리아,카페라떼(ICE)
2024-05-14,0,5,Spring,0,0,0,카페테리아,카페라떼(ICE)
2024-05-15,0,5,Spring,0,1,1,카페테리아,카페라떼(ICE)
2024-05-16,0,5,Spring,0,0,0,카페테리아,카페라떼(ICE)
2024-05-17,0,5,Spring,0,0,0,카페테리아,카페라떼(ICE)
2024-05-18,0,5,Spring,1,0,1,카페테리아,카페라떼(ICE)
2024-05-19,0,5,Spring,1,0,1,카페테리아,카페라떼(ICE)
2024-05-20,0,5,Spring,0,0,0,카페테리아,카페라떼(ICE)
2024-05-21,0,5,Spring,0,0,0,카페테리아,카페라떼(ICE)
2024-05-22,0,5,Spring,0,0,0,카페테리아,카페라떼(ICE)
2024-05-23,0,5,Spring,0,0,0,카페테리아,카페라떼(ICE)
2024-05-24,0,5,Spring,0,0,0,카페테리아,카페라떼(ICE)
2024-05-25,0,5,Spring,1,0,1,카페테리아,카페라떼(ICE)
2024-05-26,0,5,Spring,1,0,1,카페테리아,카페라떼(ICE)
2024-05-27,0,5,Spring,0,0,0,카페테리아,카페라떼(ICE)
2024-05-28,0,5,Spring,0,0,0,카페테리아,카페라떼(ICE)
2024-05-29,0,5,Spring,0,0,0,카페테리아,카페라떼(ICE)
2024-05-30,0,5,Spring,0,0,0,카페테리아,카페라떼(ICE)
2024-05-31,0,5,Spring,0,0,0,카페테리아,카페라떼(ICE)
2024-06-01,0,6,Summer,1,0,1,카페테리아,카페라떼(ICE)
2024-06-02,0,6,Summer,1,0,1,카페테리아,카페라떼(ICE)
2024-06-03,0,6,Summer,0,0,0,카페테리아,카페라떼(ICE)
2024-06-04,0,6,Summer,0,0,0,카페테리아,카페라떼(ICE)
2024-06-05,0,6,Summer,0,0,0,카페테리아,카페라떼(ICE)
2024-06-06,0,6,Summer,0,1,1,카페테리아,카페라떼(ICE)
2024-06-07,0,6,Summer,0,0,0,카페테리아,카페라떼(ICE)
2024-06-08,0,6,Summer,1,0,1,카페테리아,카페라떼(ICE)
2024-06-09,0,6,Summer,1,0,1,카페테리아,카페라떼(ICE)
2024-06-10,0,6,Summer,0,0,0,카페테리아,카페라떼(ICE)
2024-06-11,0,6,Summer,0,0,0,카페테리아,카페라떼(ICE)
2024-06-12,0,6,Summer,0,0,0,카페테리아,카페라떼(ICE)
2024-06-13,0,6,Summer,0,0,0,카페테리아,카페라떼(ICE)
2024-06-14,0,6,Summer,0,0,0,카페테리아,카페라떼(ICE)
2024-06-15,0,6,Summer,1,0,1,카페테리아,카페라떼(ICE)
2023-01-01,0,1,Winter,1,1,1,카페테리아,한상 삼겹구이 정식(2인) 소요시간 약 15~20분
2023-01-02,0,1,Winter,0,0,0,카페테리아,한상 삼겹구이 정식(2인) 소요시간 약 15~20분
2023-01-03,0,1,Winter,0,0,0,카페테리아,한상 삼겹구이 정식(2인) 소요시간 약 15~20분
2023-01-04,0,1,Winter,0,0,0,카페테리아,한상 삼겹구이 정식(2인) 소요시간 약 15~20분
2023-01-05,0,1,Winter,0,0,0,카페테리아,한상 삼겹구이 정식(2인) 소요시간 약 15~20분
2023-01-06,0,1,Winter,0,0,0,카페테리아,한상 삼겹구이 정식(2인) 소요시간 약 15~20분
2023-01-07,0,1,Winter,1,0,1,카페테리아,한상 삼겹구이 정식(2인) 소요시간 약 15~20분
2023-01-08,0,1,Winter,1,0,1,카페테리아,한상 삼겹구이 정식(2인) 소요시간 약 15~20분
2023-01-09,0,1,Winter,0,0,0,카페테리아,한상 삼겹구이 정식(2인) 소요시간 약 15~20분
2023-01-10,0,1,Winter,0,0,0,카페테리아,한상 삼겹구이 정식(2인) 소요시간 약 15~20분
2023-01-11,0,1,Winter,0,0,0,카페테리아,한상 삼겹구이 정식(2인) 소요시간 약 15~20분
2023-01-12,0,1,Winter,0,0,0,카페테리아,한상 삼겹구이 정식(2인) 소요시간 약 15~20분
2023-01-13,0,1,Winter,0,0,0,카페테리아,한상 삼겹구이 정식(2인) 소요시간 약 15~20분
2023-01-14,0,1,Winter,1,0,1,카페테리아,한상 삼겹구이 정식(2인) 소요시간 약 15~20분
2023-01-15,0,1,Winter,1,0,1,카페테리아,한상 삼겹구이 정식(2인) 소요시간 약 15~20분
2023-01-16,0,1,Winter,0,0,0,카페테리아,한상 삼겹구이 정식(2인) 소요시간 약 15~20분
2023-01-17,0,1,Winter,0,0,0,카페테리아,한상 삼겹구이 정식(2인) 소요시간 약 15~20분
2023-01-18,0,1,Winter,0,0,0,카페테리아,한상 삼겹구이 정식(2인) 소요시간 약 15~20분
2023-01-19,0,1,Winter,0,0,0,카페테리아,한상 삼겹구이 정식(2인) 소요시간 약 15~20분
2023-01-20,0,1,Winter,0,0,0,카페테리아,한상 삼겹구이 정식(2인) 소요시간 약 15~20분
2023-01-21,0,1,Winter,1,1,1,카페테리아,한상 삼겹구이 정식(2인) 소요시간 약 15~20분
2023-01-22,0,1,Winter,1,1,1,카페테리아,한상 삼겹구이 정식(2인) 소요시간 약 15~20분
2023-01-23,0,1,Winter,0,1,1,카페테리아,한상 삼겹구이 정식(2인) 소요시간 약 15~20분
2023-01-24,0,1,Winter,0,1,1,카페테리아,한상 삼겹구이 정식(2인) 소요시간 약 15~20분
2023-01-25,0,1,Winter,0,0,0,카페테리아,한상 삼겹구이 정식(2인) 소요시간 약 15~20분
2023-01-26,0,1,Winter,0,0,0,카페테리아,한상 삼겹구이 정식(2인) 소요시간 약 15~20분
2023-01-27,0,1,Winter,0,0,0,카페테리아,한상 삼겹구이 정식(2인) 소요시간 약 15~20분
2023-01-28,0,1,Winter,1,0,1,카페테리아,한상 삼겹구이 정식(2인) 소요시간 약 15~20분
2023-01-29,0,1,Winter,1,0,1,카페테리아,한상 삼겹구이 정식(2인) 소요시간 약 15~20분
2023-01-30,0,1,Winter,0,0,0,카페테리아,한상 삼겹구이 정식(2인) 소요시간 약 15~20분
2023-01-31,0,1,Winter,0,0,0,카페테리아,한상 삼겹구이 정식(2인) 소요시간 약 15~20분
2023-02-01,0,2,Winter,0,0,0,카페테리아,한상 삼겹구이 정식(2인) 소요시간 약 15~20분
2023-02-02,0,2,Winter,0,0,0,카페테리아,한상 삼겹구이 정식(2인) 소요시간 약 15~20분
2023-02-03,0,2,Winter,0,0,0,카페테리아,한상 삼겹구이 정식(2인) 소요시간 약 15~20분
2023-02-04,0,2,Winter,1,0,1,카페테리아,한상 삼겹구이 정식(2인) 소요시간 약 15~20분
2023-02-05,0,2,Winter,1,0,1,카페테리아,한상 삼겹구이 정식(2인) 소요시간 약 15~20분
2023-02-06,0,2,Winter,0,0,0,카페테리아,한상 삼겹구이 정식(2인) 소요시간 약 15~20분
2023-02-07,0,2,Winter,0,0,0,카페테리아,한상 삼겹구이 정식(2인) 소요시간 약 15~20분
2023-02-08,0,2,Winter,0,0,0,카페테리아,한상 삼겹구이 정식(2인) 소요시간 약 15~20분
2023-02-09,0,2,Winter,0,0,0,카페테리아,한상 삼겹구이 정식(2인) 소요시간 약 15~20분
2023-02-10,0,2,Winter,0,0,0,카페테리아,한상 삼겹구이 정식(2인) 소요시간 약 15~20분
2023-02-11,0,2,Winter,1,0,1,카페테리아,한상 삼겹구이 정식(2인) 소요시간 약 15~20분
2023-02-12,0,2,Winter,1,0,1,카페테리아,한상 삼겹구이 정식(2인) 소요시간 약 15~20분
2023-02-13,0,2,Winter,0,0,0,카페테리아,한상 삼겹구이 정식(2인) 소요시간 약 15~20분
2023-02-14,0,2,Winter,0,0,0,카페테리아,한상 삼겹구이 정식(2인) 소요시간 약 15~20분
2023-02-15,0,2,Winter,0,0,0,카페테리아,한상 삼겹구이 정식(2인) 소요시간 약 15~20분
2023-02-16,0,2,Winter,0,0,0,카페테리아,한상 삼겹구이 정식(2인) 소요시간 약 15~20분
2023-02-17,0,2,Winter,0,0,0,카페테리아,한상 삼겹구이 정식(2인) 소요시간 약 15~20분
2023-02-18,0,2,Winter,1,0,1,카페테리아,한상 삼겹구이 정식(2인) 소요시간 약 15~20분
2023-02-19,0,2,Winter,1,0,1,카페테리아,한상 삼겹구이 정식(2인) 소요시간 약 15~20분
2023-02-20,0,2,Winter,0,0,0,카페테리아,한상 삼겹구이 정식(2인) 소요시간 약 15~20분
2023-02-21,0,2,Winter,0,0,0,카페테리아,한상 삼겹구이 정식(2인) 소요시간 약 15~20분
2023-02-22,0,2,Winter,0,0,0,카페테리아,한상 삼겹구이 정식(2인) 소요시간 약 15~20분
2023-02-23,0,2,Winter,0,0,0,카페테리아,한상 삼겹구이 정식(2인) 소요시간 약 15~20분
2023-02-24,0,2,Winter,0,0,0,카페테리아,한상 삼겹구이 정식(2인) 소요시간 약 15~20분
2023-02-25,0,2,Winter,1,0,1,카페테리아,한상 삼겹구이 정식(2인) 소요시간 약 15~20분
2023-02-26,0,2,Winter,1,0,1,카페테리아,한상 삼겹구이 정식(2인) 소요시간 약 15~20분
2023-02-27,0,2,Winter,0,0,0,카페테리아,한상 삼겹구이 정식(2인) 소요시간 약 15~20분
2023-02-28,0,2,Winter,0,0,0,카페테리아,한상 삼겹구이 정식(2인) 소요시간 약 15~20분
2023-03-01,0,3,Spring,0,1,1,카페테리아,한상 삼겹구이 정식(2인) 소요시간 약 15~20분
2023-03-02,0,3,Spring,0,0,0,카페테리아,한상 삼겹구이 정식(2인) 소요시간 약 15~20분
2023-03-03,0,3,Spring,0,0,0,카페테리아,한상 삼겹구이 정식(2인) 소요시간 약 15~20분
2023-03-04,0,3,Spring,1,0,1,카페테리아,한상 삼겹구이 정식(2인) 소요시간 약 15~20분
2023-03-05,0,3,Spring,1,0,1,카페테리아,한상 삼겹구이 정식(2인) 소요시간 약 15~20분
2023-03-06,0,3,Spring,0,0,0,카페테리아,한상 삼겹구이 정식(2인) 소요시간 약 15~20분
2023-03-07,0,3,Spring,0,0,0,카페테리아,한상 삼겹구이 정식(2인) 소요시간 약 15~20분
2023-03-08,0,3,Spring,0,0,0,카페테리아,한상 삼겹구이 정식(2인) 소요시간 약 15~20분
2023-03-09,0,3,Spring,0,0,0,카페테리아,한상 삼겹구이 정식(2인) 소요시간 약 15~20분
2023-03-10,0,3,Spring,0,0,0,카페테리아,한상 삼겹구이 정식(2인) 소요시간 약 15~20분
2023-03-11,0,3,Spring,1,0,1,카페테리아,한상 삼겹구이 정식(2인) 소요시간 약 15~20분
2023-03-12,0,3,Spring,1,0,1,카페테리아,한상 삼겹구이 정식(2인) 소요시간 약 15~20분
2023-03-13,0,3,Spring,0,0,0,카페테리아,한상 삼겹구이 정식(2인) 소요시간 약 15~20분
2023-03-14,0,3,Spring,0,0,0,카페테리아,한상 삼겹구이 정식(2인) 소요시간 약 15~20분
2023-03-15,0,3,Spring,0,0,0,카페테리아,한상 삼겹구이 정식(2인) 소요시간 약 15~20분
2023-03-16,0,3,Spring,0,0,0,카페테리아,한상 삼겹구이 정식(2인) 소요시간 약 15~20분
2023-03-17,4,3,Spring,0,0,0,카페테리아,한상 삼겹구이 정식(2인) 소요시간 약 15~20분
2023-03-18,5,3,Spring,1,0,1,카페테리아,한상 삼겹구이 정식(2인) 소요시간 약 15~20분
2023-03-19,4,3,Spring,1,0,1,카페테리아,한상 삼겹구이 정식(2인) 소요시간 약 15~20분
2023-03-20,0,3,Spring,0,0,0,카페테리아,한상 삼겹구이 정식(2인) 소요시간 약 15~20분
2023-03-21,2,3,Spring,0,0,0,카페테리아,한상 삼겹구이 정식(2인) 소요시간 약 15~20분
2023-03-22,0,3,Spring,0,0,0,카페테리아,한상 삼겹구이 정식(2인) 소요시간 약 15~20분
2023-03-23,1,3,Spring,0,0,0,카페테리아,한상 삼겹구이 정식(2인) 소요시간 약 15~20분
2023-03-24,2,3,Spring,0,0,0,카페테리아,한상 삼겹구이 정식(2인) 소요시간 약 15~20분
2023-03-25,3,3,Spring,1,0,1,카페테리아,한상 삼겹구이 정식(2인) 소요시간 약 15~20분
2023-03-26,1,3,Spring,1,0,1,카페테리아,한상 삼겹구이 정식(2인) 소요시간 약 15~20분
2023-03-27,2,3,Spring,0,0,0,카페테리아,한상 삼겹구이 정식(2인) 소요시간 약 15~20분
2023-03-28,0,3,Spring,0,0,0,카페테리아,한상 삼겹구이 정식(2인) 소요시간 약 15~20분
2023-03-29,0,3,Spring,0,0,0,카페테리아,한상 삼겹구이 정식(2인) 소요시간 약 15~20분
2023-03-30,3,3,Spring,0,0,0,카페테리아,한상 삼겹구이 정식(2인) 소요시간 약 15~20분
2023-03-31,4,3,Spring,0,0,0,카페테리아,한상 삼겹구이 정식(2인) 소요시간 약 15~20분
2023-04-01,14,4,Spring,1,0,1,카페테리아,한상 삼겹구이 정식(2인) 소요시간 약 15~20분
2023-04-02,1,4,Spring,1,0,1,카페테리아,한상 삼겹구이 정식(2인) 소요시간 약 15~20분
2023-04-03,1,4,Spring,0,0,0,카페테리아,한상 삼겹구이 정식(2인) 소요시간 약 15~20분
2023-04-04,2,4,Spring,0,0,0,카페테리아,한상 삼겹구이 정식(2인) 소요시간 약 15~20분
2023-04-05,2,4,Spring,0,0,0,카페테리아,한상 삼겹구이 정식(2인) 소요시간 약 15~20분
2023-04-06,7,4,Spring,0,0,0,카페테리아,한상 삼겹구이 정식(2인) 소요시간 약 15~20분
2023-04-07,8,4,Spring,0,0,0,카페테리아,한상 삼겹구이 정식(2인) 소요시간 약 15~20분
2023-04-08,14,4,Spring,1,0,1,카페테리아,한상 삼겹구이 정식(2인) 소요시간 약 15~20분
2023-04-09,7,4,Spring,1,0,1,카페테리아,한상 삼겹구이 정식(2인) 소요시간 약 15~20분
2023-04-10,1,4,Spring,0,0,0,카페테리아,한상 삼겹구이 정식(2인) 소요시간 약 15~20분
2023-04-11,12,4,Spring,0,0,0,카페테리아,한상 삼겹구이 정식(2인) 소요시간 약 15~20분
2023-04-12,7,4,Spring,0,0,0,카페테리아,한상 삼겹구이 정식(2인) 소요시간 약 15~20분
2023-04-13,4,4,Spring,0,0,0,카페테리아,한상 삼겹구이 정식(2인) 소요시간 약 15~20분
2023-04-14,5,4,Spring,0,0,0,카페테리아,한상 삼겹구이 정식(2인) 소요시간 약 15~20분
2023-04-15,7,4,Spring,1,0,1,카페테리아,한상 삼겹구이 정식(2인) 소요시간 약 15~20분
2023-04-16,3,4,Spring,1,0,1,카페테리아,한상 삼겹구이 정식(2인) 소요시간 약 15~20분
2023-04-17,2,4,Spring,0,0,0,카페테리아,한상 삼겹구이 정식(2인) 소요시간 약 15~20분
2023-04-18,2,4,Spring,0,0,0,카페테리아,한상 삼겹구이 정식(2인) 소요시간 약 15~20분
2023-04-19,1,4,Spring,0,0,0,카페테리아,한상 삼겹구이 정식(2인) 소요시간 약 15~20분
2023-04-20,0,4,Spring,0,0,0,카페테리아,한상 삼겹구이 정식(2인) 소요시간 약 15~20분
2023-04-21,4,4,Spring,0,0,0,카페테리아,한상 삼겹구이 정식(2인) 소요시간 약 15~20분
2023-04-22,13,4,Spring,1,0,1,카페테리아,한상 삼겹구이 정식(2인) 소요시간 약 15~20분
2023-04-23,3,4,Spring,1,0,1,카페테리아,한상 삼겹구이 정식(2인) 소요시간 약 15~20분
2023-04-24,3,4,Spring,0,0,0,카페테리아,한상 삼겹구이 정식(2인) 소요시간 약 15~20분
2023-04-25,1,4,Spring,0,0,0,카페테리아,한상 삼겹구이 정식(2인) 소요시간 약 15~20분
2023-04-26,3,4,Spring,0,0,0,카페테리아,한상 삼겹구이 정식(2인) 소요시간 약 15~20분
2023-04-27,0,4,Spring,0,0,0,카페테리아,한상 삼겹구이 정식(2인) 소요시간 약 15~20분
2023-04-28,6,4,Spring,0,0,0,카페테리아,한상 삼겹구이 정식(2인) 소요시간 약 15~20분
2023-04-29,6,4,Spring,1,0,1,카페테리아,한상 삼겹구이 정식(2인) 소요시간 약 15~20분
2023-04-30,11,4,Spring,1,0,1,카페테리아,한상 삼겹구이 정식(2인) 소요시간 약 15~20분
2023-05-01,10,5,Spring,0,0,0,카페테리아,한상 삼겹구이 정식(2인) 소요시간 약 15~20분
2023-05-02,2,5,Spring,0,0,0,카페테리아,한상 삼겹구이 정식(2인) 소요시간 약 15~20분
2023-05-03,3,5,Spring,0,0,0,카페테리아,한상 삼겹구이 정식(2인) 소요시간 약 15~20분
2023-05-04,8,5,Spring,0,0,0,카페테리아,한상 삼겹구이 정식(2인) 소요시간 약 15~20분
2023-05-05,10,5,Spring,0,1,1,카페테리아,한상 삼겹구이 정식(2인) 소요시간 약 15~20분
2023-05-06,12,5,Spring,1,0,1,카페테리아,한상 삼겹구이 정식(2인) 소요시간 약 15~20분
2023-05-07,11,5,Spring,1,0,1,카페테리아,한상 삼겹구이 정식(2인) 소요시간 약 15~20분
2023-05-08,1,5,Spring,0,0,0,카페테리아,한상 삼겹구이 정식(2인) 소요시간 약 15~20분
2023-05-09,2,5,Spring,0,0,0,카페테리아,한상 삼겹구이 정식(2인) 소요시간 약 15~20분
2023-05-10,5,5,Spring,0,0,0,카페테리아,한상 삼겹구이 정식(2인) 소요시간 약 15~20분
2023-05-11,4,5,Spring,0,0,0,카페테리아,한상 삼겹구이 정식(2인) 소요시간 약 15~20분
2023-05-12,6,5,Spring,0,0,0,카페테리아,한상 삼겹구이 정식(2인) 소요시간 약 15~20분
2023-05-13,24,5,Spring,1,0,1,카페테리아,한상 삼겹구이 정식(2인) 소요시간 약 15~20분
2023-05-14,12,5,Spring,1,0,1,카페테리아,한상 삼겹구이 정식(2인) 소요시간 약 15~20분
2023-05-15,2,5,Spring,0,0,0,카페테리아,한상 삼겹구이 정식(2인) 소요시간 약 15~20분
2023-05-16,2,5,Spring,0,0,0,카페테리아,한상 삼겹구이 정식(2인) 소요시간 약 15~20분
2023-05-17,0,5,Spring,0,0,0,카페테리아,한상 삼겹구이 정식(2인) 소요시간 약 15~20분
2023-05-18,2,5,Spring,0,0,0,카페테리아,한상 삼겹구이 정식(2인) 소요시간 약 15~20분
2023-05-19,5,5,Spring,0,0,0,카페테리아,한상 삼겹구이 정식(2인) 소요시간 약 15~20분
2023-05-20,21,5,Spring,1,0,1,카페테리아,한상 삼겹구이 정식(2인) 소요시간 약 15~20분
2023-05-21,3,5,Spring,1,0,1,카페테리아,한상 삼겹구이 정식(2인) 소요시간 약 15~20분
2023-05-22,3,5,Spring,0,0,0,카페테리아,한상 삼겹구이 정식(2인) 소요시간 약 15~20분
2023-05-23,1,5,Spring,0,0,0,카페테리아,한상 삼겹구이 정식(2인) 소요시간 약 15~20분
2023-05-24,0,5,Spring,0,0,0,카페테리아,한상 삼겹구이 정식(2인) 소요시간 약 15~20분
2023-05-25,2,5,Spring,0,0,0,카페테리아,한상 삼겹구이 정식(2인) 소요시간 약 15~20분
2023-05-26,9,5,Spring,0,0,0,카페테리아,한상 삼겹구이 정식(2인) 소요시간 약 15~20분
2023-05-27,13,5,Spring,1,1,1,카페테리아,한상 삼겹구이 정식(2인) 소요시간 약 15~20분
2023-05-28,8,5,Spring,1,0,1,카페테리아,한상 삼겹구이 정식(2인) 소요시간 약 15~20분
2023-05-29,11,5,Spring,0,1,1,카페테리아,한상 삼겹구이 정식(2인) 소요시간 약 15~20분
2023-05-30,12,5,Spring,0,0,0,카페테리아,한상 삼겹구이 정식(2인) 소요시간 약 15~20분
2023-05-31,7,5,Spring,0,0,0,카페테리아,한상 삼겹구이 정식(2인) 소요시간 약 15~20분
2023-06-01,3,6,Summer,0,0,0,카페테리아,한상 삼겹구이 정식(2인) 소요시간 약 15~20분
2023-06-02,3,6,Summer,0,0,0,카페테리아,한상 삼겹구이 정식(2인) 소요시간 약 15~20분
2023-06-03,11,6,Summer,1,0,1,카페테리아,한상 삼겹구이 정식(2인) 소요시간 약 15~20분
2023-06-04,15,6,Summer,1,0,1,카페테리아,한상 삼겹구이 정식(2인) 소요시간 약 15~20분
2023-06-05,10,6,Summer,0,0,0,카페테리아,한상 삼겹구이 정식(2인) 소요시간 약 15~20분
2023-06-06,10,6,Summer,0,1,1,카페테리아,한상 삼겹구이 정식(2인) 소요시간 약 15~20분
2023-06-07,2,6,Summer,0,0,0,카페테리아,한상 삼겹구이 정식(2인) 소요시간 약 15~20분
2023-06-08,1,6,Summer,0,0,0,카페테리아,한상 삼겹구이 정식(2인) 소요시간 약 15~20분
2023-06-09,0,6,Summer,0,0,0,카페테리아,한상 삼겹구이 정식(2인) 소요시간 약 15~20분
2023-06-10,8,6,Summer,1,0,1,카페테리아,한상 삼겹구이 정식(2인) 소요시간 약 15~20분
2023-06-11,2,6,Summer,1,0,1,카페테리아,한상 삼겹구이 정식(2인) 소요시간 약 15~20분
2023-06-12,2,6,Summer,0,0,0,카페테리아,한상 삼겹구이 정식(2인) 소요시간 약 15~20분
2023-06-13,3,6,Summer,0,0,0,카페테리아,한상 삼겹구이 정식(2인) 소요시간 약 15~20분
2023-06-14,1,6,Summer,0,0,0,카페테리아,한상 삼겹구이 정식(2인) 소요시간 약 15~20분
2023-06-15,0,6,Summer,0,0,0,카페테리아,한상 삼겹구이 정식(2인) 소요시간 약 15~20분
2023-06-16,8,6,Summer,0,0,0,카페테리아,한상 삼겹구이 정식(2인) 소요시간 약 15~20분
2023-06-17,10,6,Summer,1,0,1,카페테리아,한상 삼겹구이 정식(2인) 소요시간 약 15~20분
2023-06-18,11,6,Summer,1,0,1,카페테리아,한상 삼겹구이 정식(2인) 소요시간 약 15~20분
2023-06-19,0,6,Summer,0,0,0,카페테리아,한상 삼겹구이 정식(2인) 소요시간 약 15~20분
2023-06-20,2,6,Summer,0,0,0,카페테리아,한상 삼겹구이 정식(2인) 소요시간 약 15~20분
2023-06-21,3,6,Summer,0,0,0,카페테리아,한상 삼겹구이 정식(2인) 소요시간 약 15~20분
2023-06-22,2,6,Summer,0,0,0,카페테리아,한상 삼겹구이 정식(2인) 소요시간 약 15~20분
2023-06-23,4,6,Summer,0,0,0,카페테리아,한상 삼겹구이 정식(2인) 소요시간 약 15~20분
2023-06-24,12,6,Summer,1,0,1,카페테리아,한상 삼겹구이 정식(2인) 소요시간 약 15~20분
2023-06-25,1,6,Summer,1,0,1,카페테리아,한상 삼겹구이 정식(2인) 소요시간 약 15~20분
2023-06-26,3,6,Summer,0,0,0,카페테리아,한상 삼겹구이 정식(2인) 소요시간 약 15~20분
2023-06-27,0,6,Summer,0,0,0,카페테리아,한상 삼겹구이 정식(2인) 소요시간 약 15~20분
2023-06-28,2,6,Summer,0,0,0,카페테리아,한상 삼겹구이 정식(2인) 소요시간 약 15~20분
2023-06-29,0,6,Summer,0,0,0,카페테리아,한상 삼겹구이 정식(2인) 소요시간 약 15~20분
2023-06-30,3,6,Summer,0,0,0,카페테리아,한상 삼겹구이 정식(2인) 소요시간 약 15~20분
2023-07-01,9,7,Summer,1,0,1,카페테리아,한상 삼겹구이 정식(2인) 소요시간 약 15~20분
2023-07-02,6,7,Summer,1,0,1,카페테리아,한상 삼겹구이 정식(2인) 소요시간 약 15~20분
2023-07-03,5,7,Summer,0,0,0,카페테리아,한상 삼겹구이 정식(2인) 소요시간 약 15~20분
2023-07-04,5,7,Summer,0,0,0,카페테리아,한상 삼겹구이 정식(2인) 소요시간 약 15~20분
2023-07-05,3,7,Summer,0,0,0,카페테리아,한상 삼겹구이 정식(2인) 소요시간 약 15~20분
2023-07-06,2,7,Summer,0,0,0,카페테리아,한상 삼겹구이 정식(2인) 소요시간 약 15~20분
2023-07-07,10,7,Summer,0,0,0,카페테리아,한상 삼겹구이 정식(2인) 소요시간 약 15~20분
2023-07-08,8,7,Summer,1,0,1,카페테리아,한상 삼겹구이 정식(2인) 소요시간 약 15~20분
2023-07-09,7,7,Summer,1,0,1,카페테리아,한상 삼겹구이 정식(2인) 소요시간 약 15~20분
2023-07-10,1,7,Summer,0,0,0,카페테리아,한상 삼겹구이 정식(2인) 소요시간 약 15~20분
2023-07-11,2,7,Summer,0,0,0,카페테리아,한상 삼겹구이 정식(2인) 소요시간 약 15~20분
2023-07-12,2,7,Summer,0,0,0,카페테리아,한상 삼겹구이 정식(2인) 소요시간 약 15~20분
2023-07-13,2,7,Summer,0,0,0,카페테리아,한상 삼겹구이 정식(2인) 소요시간 약 15~20분
2023-07-14,11,7,Summer,0,0,0,카페테리아,한상 삼겹구이 정식(2인) 소요시간 약 15~20분
2023-07-15,8,7,Summer,1,0,1,카페테리아,한상 삼겹구이 정식(2인) 소요시간 약 15~20분
2023-07-16,3,7,Summer,1,0,1,카페테리아,한상 삼겹구이 정식(2인) 소요시간 약 15~20분
2023-07-17,1,7,Summer,0,0,0,카페테리아,한상 삼겹구이 정식(2인) 소요시간 약 15~20분
2023-07-18,2,7,Summer,0,0,0,카페테리아,한상 삼겹구이 정식(2인) 소요시간 약 15~20분
2023-07-19,2,7,Summer,0,0,0,카페테리아,한상 삼겹구이 정식(2인) 소요시간 약 15~20분
2023-07-20,3,7,Summer,0,0,0,카페테리아,한상 삼겹구이 정식(2인) 소요시간 약 15~20분
2023-07-21,8,7,Summer,0,0,0,카페테리아,한상 삼겹구이 정식(2인) 소요시간 약 15~20분
2023-07-22,8,7,Summer,1,0,1,카페테리아,한상 삼겹구이 정식(2인) 소요시간 약 15~20분
2023-07-23,5,7,Summer,1,0,1,카페테리아,한상 삼겹구이 정식(2인) 소요시간 약 15~20분
2023-07-24,14,7,Summer,0,0,0,카페테리아,한상 삼겹구이 정식(2인) 소요시간 약 15~20분
2023-07-25,11,7,Summer,0,0,0,카페테리아,한상 삼겹구이 정식(2인) 소요시간 약 15~20분
2023-07-26,7,7,Summer,0,0,0,카페테리아,한상 삼겹구이 정식(2인) 소요시간 약 15~20분
2023-07-27,16,7,Summer,0,0,0,카페테리아,한상 삼겹구이 정식(2인) 소요시간 약 15~20분
2023-07-28,15,7,Summer,0,0,0,카페테리아,한상 삼겹구이 정식(2인) 소요시간 약 15~20분
2023-07-29,12,7,Summer,1,0,1,카페테리아,한상 삼겹구이 정식(2인) 소요시간 약 15~20분
2023-07-30,13,7,Summer,1,0,1,카페테리아,한상 삼겹구이 정식(2인) 소요시간 약 15~20분
2023-07-31,12,7,Summer,0,0,0,카페테리아,한상 삼겹구이 정식(2인) 소요시간 약 15~20분
2023-08-01,15,8,Summer,0,0,0,카페테리아,한상 삼겹구이 정식(2인) 소요시간 약 15~20분
2023-08-02,12,8,Summer,0,0,0,카페테리아,한상 삼겹구이 정식(2인) 소요시간 약 15~20분
2023-08-03,10,8,Summer,0,0,0,카페테리아,한상 삼겹구이 정식(2인) 소요시간 약 15~20분
2023-08-04,12,8,Summer,0,0,0,카페테리아,한상 삼겹구이 정식(2인) 소요시간 약 15~20분
2023-08-05,12,8,Summer,1,0,1,카페테리아,한상 삼겹구이 정식(2인) 소요시간 약 15~20분
2023-08-06,8,8,Summer,1,0,1,카페테리아,한상 삼겹구이 정식(2인) 소요시간 약 15~20분
2023-08-07,8,8,Summer,0,0,0,카페테리아,한상 삼겹구이 정식(2인) 소요시간 약 15~20분
2023-08-08,10,8,Summer,0,0,0,카페테리아,한상 삼겹구이 정식(2인) 소요시간 약 15~20분
2023-08-09,8,8,Summer,0,0,0,카페테리아,한상 삼겹구이 정식(2인) 소요시간 약 15~20분
2023-08-10,8,8,Summer,0,0,0,카페테리아,한상 삼겹구이 정식(2인) 소요시간 약 15~20분
2023-08-11,8,8,Summer,0,0,0,카페테리아,한상 삼겹구이 정식(2인) 소요시간 약 15~20분
2023-08-12,14,8,Summer,1,0,1,카페테리아,한상 삼겹구이 정식(2인) 소요시간 약 15~20분
2023-08-13,13,8,Summer,1,0,1,카페테리아,한상 삼겹구이 정식(2인) 소요시간 약 15~20분
2023-08-14,12,8,Summer,0,0,0,카페테리아,한상 삼겹구이 정식(2인) 소요시간 약 15~20분
2023-08-15,12,8,Summer,0,1,1,카페테리아,한상 삼겹구이 정식(2인) 소요시간 약 15~20분
2023-08-16,6,8,Summer,0,0,0,카페테리아,한상 삼겹구이 정식(2인) 소요시간 약 15~20분
2023-08-17,10,8,Summer,0,0,0,카페테리아,한상 삼겹구이 정식(2인) 소요시간 약 15~20분
2023-08-18,6,8,Summer,0,0,0,카페테리아,한상 삼겹구이 정식(2인) 소요시간 약 15~20분
2023-08-19,18,8,Summer,1,0,1,카페테리아,한상 삼겹구이 정식(2인) 소요시간 약 15~20분
2023-08-20,4,8,Summer,1,0,1,카페테리아,한상 삼겹구이 정식(2인) 소요시간 약 15~20분
2023-08-21,1,8,Summer,0,0,0,카페테리아,한상 삼겹구이 정식(2인) 소요시간 약 15~20분
2023-08-22,3,8,Summer,0,0,0,카페테리아,한상 삼겹구이 정식(2인) 소요시간 약 15~20분
2023-08-23,5,8,Summer,0,0,0,카페테리아,한상 삼겹구이 정식(2인) 소요시간 약 15~20분
2023-08-24,0,8,Summer,0,0,0,카페테리아,한상 삼겹구이 정식(2인) 소요시간 약 15~20분
2023-08-25,5,8,Summer,0,0,0,카페테리아,한상 삼겹구이 정식(2인) 소요시간 약 15~20분
2023-08-26,17,8,Summer,1,0,1,카페테리아,한상 삼겹구이 정식(2인) 소요시간 약 15~20분
2023-08-27,7,8,Summer,1,0,1,카페테리아,한상 삼겹구이 정식(2인) 소요시간 약 15~20분
2023-08-28,0,8,Summer,0,0,0,카페테리아,한상 삼겹구이 정식(2인) 소요시간 약 15~20분
2023-08-29,0,8,Summer,0,0,0,카페테리아,한상 삼겹구이 정식(2인) 소요시간 약 15~20분
2023-08-30,3,8,Summer,0,0,0,카페테리아,한상 삼겹구이 정식(2인) 소요시간 약 15~20분
2023-08-31,4,8,Summer,0,0,0,카페테리아,한상 삼겹구이 정식(2인) 소요시간 약 15~20분
2023-09-01,3,9,Autumn,0,0,0,카페테리아,한상 삼겹구이 정식(2인) 소요시간 약 15~20분
2023-09-02,7,9,Autumn,1,0,1,카페테리아,한상 삼겹구이 정식(2인) 소요시간 약 15~20분
2023-09-03,9,9,Autumn,1,0,1,카페테리아,한상 삼겹구이 정식(2인) 소요시간 약 15~20분
2023-09-04,7,9,Autumn,0,0,0,카페테리아,한상 삼겹구이 정식(2인) 소요시간 약 15~20분
2023-09-05,2,9,Autumn,0,0,0,카페테리아,한상 삼겹구이 정식(2인) 소요시간 약 15~20분
2023-09-06,2,9,Autumn,0,0,0,카페테리아,한상 삼겹구이 정식(2인) 소요시간 약 15~20분
2023-09-07,4,9,Autumn,0,0,0,카페테리아,한상 삼겹구이 정식(2인) 소요시간 약 15~20분
2023-09-08,11,9,Autumn,0,0,0,카페테리아,한상 삼겹구이 정식(2인) 소요시간 약 15~20분
2023-09-09,7,9,Autumn,1,0,1,카페테리아,한상 삼겹구이 정식(2인) 소요시간 약 15~20분
2023-09-10,4,9,Autumn,1,0,1,카페테리아,한상 삼겹구이 정식(2인) 소요시간 약 15~20분
2023-09-11,1,9,Autumn,0,0,0,카페테리아,한상 삼겹구이 정식(2인) 소요시간 약 15~20분
2023-09-12,9,9,Autumn,0,0,0,카페테리아,한상 삼겹구이 정식(2인) 소요시간 약 15~20분
2023-09-13,2,9,Autumn,0,0,0,카페테리아,한상 삼겹구이 정식(2인) 소요시간 약 15~20분
2023-09-14,5,9,Autumn,0,0,0,카페테리아,한상 삼겹구이 정식(2인) 소요시간 약 15~20분
2023-09-15,4,9,Autumn,0,0,0,카페테리아,한상 삼겹구이 정식(2인) 소요시간 약 15~20분
2023-09-16,11,9,Autumn,1,0,1,카페테리아,한상 삼겹구이 정식(2인) 소요시간 약 15~20분
2023-09-17,6,9,Autumn,1,0,1,카페테리아,한상 삼겹구이 정식(2인) 소요시간 약 15~20분
2023-09-18,2,9,Autumn,0,0,0,카페테리아,한상 삼겹구이 정식(2인) 소요시간 약 15~20분
2023-09-19,1,9,Autumn,0,0,0,카페테리아,한상 삼겹구이 정식(2인) 소요시간 약 15~20분
2023-09-20,0,9,Autumn,0,0,0,카페테리아,한상 삼겹구이 정식(2인) 소요시간 약 15~20분
2023-09-21,7,9,Autumn,0,0,0,카페테리아,한상 삼겹구이 정식(2인) 소요시간 약 15~20분
2023-09-22,8,9,Autumn,0,0,0,카페테리아,한상 삼겹구이 정식(2인) 소요시간 약 15~20분
2023-09-23,11,9,Autumn,1,0,1,카페테리아,한상 삼겹구이 정식(2인) 소요시간 약 15~20분
2023-09-24,7,9,Autumn,1,0,1,카페테리아,한상 삼겹구이 정식(2인) 소요시간 약 15~20분
2023-09-25,1,9,Autumn,0,0,0,카페테리아,한상 삼겹구이 정식(2인) 소요시간 약 15~20분
2023-09-26,2,9,Autumn,0,0,0,카페테리아,한상 삼겹구이 정식(2인) 소요시간 약 15~20분
2023-09-27,3,9,Autumn,0,0,0,카페테리아,한상 삼겹구이 정식(2인) 소요시간 약 15~20분
2023-09-28,17,9,Autumn,0,1,1,카페테리아,한상 삼겹구이 정식(2인) 소요시간 약 15~20분
2023-09-29,18,9,Autumn,0,1,1,카페테리아,한상 삼겹구이 정식(2인) 소요시간 약 15~20분
2023-09-30,11,9,Autumn,1,1,1,카페테리아,한상 삼겹구이 정식(2인) 소요시간 약 15~20분
2023-10-01,24,10,Autumn,1,0,1,카페테리아,한상 삼겹구이 정식(2인) 소요시간 약 15~20분
2023-10-02,30,10,Autumn,0,1,1,카페테리아,한상 삼겹구이 정식(2인) 소요시간 약 15~20분
2023-10-03,13,10,Autumn,0,1,1,카페테리아,한상 삼겹구이 정식(2인) 소요시간 약 15~20분
2023-10-04,4,10,Autumn,0,0,0,카페테리아,한상 삼겹구이 정식(2인) 소요시간 약 15~20분
2023-10-05,3,10,Autumn,0,0,0,카페테리아,한상 삼겹구이 정식(2인) 소요시간 약 15~20분
2023-10-06,8,10,Autumn,0,0,0,카페테리아,한상 삼겹구이 정식(2인) 소요시간 약 15~20분
2023-10-07,13,10,Autumn,1,0,1,카페테리아,한상 삼겹구이 정식(2인) 소요시간 약 15~20분
2023-10-08,31,10,Autumn,1,0,1,카페테리아,한상 삼겹구이 정식(2인) 소요시간 약 15~20분
2023-10-09,22,10,Autumn,0,1,1,카페테리아,한상 삼겹구이 정식(2인) 소요시간 약 15~20분
2023-10-10,4,10,Autumn,0,0,0,카페테리아,한상 삼겹구이 정식(2인) 소요시간 약 15~20분
2023-10-11,3,10,Autumn,0,0,0,카페테리아,한상 삼겹구이 정식(2인) 소요시간 약 15~20분
2023-10-12,4,10,Autumn,0,0,0,카페테리아,한상 삼겹구이 정식(2인) 소요시간 약 15~20분
2023-10-13,19,10,Autumn,0,0,0,카페테리아,한상 삼겹구이 정식(2인) 소요시간 약 15~20분
2023-10-14,23,10,Autumn,1,0,1,카페테리아,한상 삼겹구이 정식(2인) 소요시간 약 15~20분
2023-10-15,17,10,Autumn,1,0,1,카페테리아,한상 삼겹구이 정식(2인) 소요시간 약 15~20분
2023-10-16,2,10,Autumn,0,0,0,카페테리아,한상 삼겹구이 정식(2인) 소요시간 약 15~20분
2023-10-17,17,10,Autumn,0,0,0,카페테리아,한상 삼겹구이 정식(2인) 소요시간 약 15~20분
2023-10-18,11,10,Autumn,0,0,0,카페테리아,한상 삼겹구이 정식(2인) 소요시간 약 15~20분
2023-10-19,9,10,Autumn,0,0,0,카페테리아,한상 삼겹구이 정식(2인) 소요시간 약 15~20분
2023-10-20,20,10,Autumn,0,0,0,카페테리아,한상 삼겹구이 정식(2인) 소요시간 약 15~20분
2023-10-21,18,10,Autumn,1,0,1,카페테리아,한상 삼겹구이 정식(2인) 소요시간 약 15~20분
2023-10-22,19,10,Autumn,1,0,1,카페테리아,한상 삼겹구이 정식(2인) 소요시간 약 15~20분
2023-10-23,14,10,Autumn,0,0,0,카페테리아,한상 삼겹구이 정식(2인) 소요시간 약 15~20분
2023-10-24,17,10,Autumn,0,0,0,카페테리아,한상 삼겹구이 정식(2인) 소요시간 약 15~20분
2023-10-25,7,10,Autumn,0,0,0,카페테리아,한상 삼겹구이 정식(2인) 소요시간 약 15~20분
2023-10-26,15,10,Autumn,0,0,0,카페테리아,한상 삼겹구이 정식(2인) 소요시간 약 15~20분
2023-10-27,14,10,Autumn,0,0,0,카페테리아,한상 삼겹구이 정식(2인) 소요시간 약 15~20분
2023-10-28,12,10,Autumn,1,0,1,카페테리아,한상 삼겹구이 정식(2인) 소요시간 약 15~20분
2023-10-29,21,10,Autumn,1,0,1,카페테리아,한상 삼겹구이 정식(2인) 소요시간 약 15~20분
2023-10-30,19,10,Autumn,0,0,0,카페테리아,한상 삼겹구이 정식(2인) 소요시간 약 15~20분
2023-10-31,11,10,Autumn,0,0,0,카페테리아,한상 삼겹구이 정식(2인) 소요시간 약 15~20분
2023-11-01,5,11,Autumn,0,0,0,카페테리아,한상 삼겹구이 정식(2인) 소요시간 약 15~20분
2023-11-02,11,11,Autumn,0,0,0,카페테리아,한상 삼겹구이 정식(2인) 소요시간 약 15~20분
2023-11-03,14,11,Autumn,0,0,0,카페테리아,한상 삼겹구이 정식(2인) 소요시간 약 15~20분
2023-11-04,14,11,Autumn,1,0,1,카페테리아,한상 삼겹구이 정식(2인) 소요시간 약 15~20분
2023-11-05,8,11,Autumn,1,0,1,카페테리아,한상 삼겹구이 정식(2인) 소요시간 약 15~20분
2023-11-06,14,11,Autumn,0,0,0,카페테리아,한상 삼겹구이 정식(2인) 소요시간 약 15~20분
2023-11-07,13,11,Autumn,0,0,0,카페테리아,한상 삼겹구이 정식(2인) 소요시간 약 15~20분
2023-11-08,9,11,Autumn,0,0,0,카페테리아,한상 삼겹구이 정식(2인) 소요시간 약 15~20분
2023-11-09,7,11,Autumn,0,0,0,카페테리아,한상 삼겹구이 정식(2인) 소요시간 약 15~20분
2023-11-10,11,11,Autumn,0,0,0,카페테리아,한상 삼겹구이 정식(2인) 소요시간 약 15~20분
2023-11-11,16,11,Autumn,1,0,1,카페테리아,한상 삼겹구이 정식(2인) 소요시간 약 15~20분
2023-11-12,5,11,Autumn,1,0,1,카페테리아,한상 삼겹구이 정식(2인) 소요시간 약 15~20분
2023-11-13,12,11,Autumn,0,0,0,카페테리아,한상 삼겹구이 정식(2인) 소요시간 약 15~20분
2023-11-14,5,11,Autumn,0,0,0,카페테리아,한상 삼겹구이 정식(2인) 소요시간 약 15~20분
2023-11-15,5,11,Autumn,0,0,0,카페테리아,한상 삼겹구이 정식(2인) 소요시간 약 15~20분
2023-11-16,12,11,Autumn,0,0,0,카페테리아,한상 삼겹구이 정식(2인) 소요시간 약 15~20분
2023-11-17,9,11,Autumn,0,0,0,카페테리아,한상 삼겹구이 정식(2인) 소요시간 약 15~20분
2023-11-18,4,11,Autumn,1,0,1,카페테리아,한상 삼겹구이 정식(2인) 소요시간 약 15~20분
2023-11-19,5,11,Autumn,1,0,1,카페테리아,한상 삼겹구이 정식(2인) 소요시간 약 15~20분
2023-11-20,4,11,Autumn,0,0,0,카페테리아,한상 삼겹구이 정식(2인) 소요시간 약 15~20분
2023-11-21,2,11,Autumn,0,0,0,카페테리아,한상 삼겹구이 정식(2인) 소요시간 약 15~20분
2023-11-22,1,11,Autumn,0,0,0,카페테리아,한상 삼겹구이 정식(2인) 소요시간 약 15~20분
2023-11-23,0,11,Autumn,0,0,0,카페테리아,한상 삼겹구이 정식(2인) 소요시간 약 15~20분
2023-11-24,11,11,Autumn,0,0,0,카페테리아,한상 삼겹구이 정식(2인) 소요시간 약 15~20분
2023-11-25,12,11,Autumn,1,0,1,카페테리아,한상 삼겹구이 정식(2인) 소요시간 약 15~20분
2023-11-26,8,11,Autumn,1,0,1,카페테리아,한상 삼겹구이 정식(2인) 소요시간 약 15~20분
2023-11-27,3,11,Autumn,0,0,0,카페테리아,한상 삼겹구이 정식(2인) 소요시간 약 15~20분
2023-11-28,5,11,Autumn,0,0,0,카페테리아,한상 삼겹구이 정식(2인) 소요시간 약 15~20분
2023-11-29,0,11,Autumn,0,0,0,카페테리아,한상 삼겹구이 정식(2인) 소요시간 약 15~20분
2023-11-30,1,11,Autumn,0,0,0,카페테리아,한상 삼겹구이 정식(2인) 소요시간 약 15~20분
2023-12-01,3,12,Winter,0,0,0,카페테리아,한상 삼겹구이 정식(2인) 소요시간 약 15~20분
2023-12-02,7,12,Winter,1,0,1,카페테리아,한상 삼겹구이 정식(2인) 소요시간 약 15~20분
2023-12-03,4,12,Winter,1,0,1,카페테리아,한상 삼겹구이 정식(2인) 소요시간 약 15~20분
2023-12-04,5,12,Winter,0,0,0,카페테리아,한상 삼겹구이 정식(2인) 소요시간 약 15~20분
2023-12-05,3,12,Winter,0,0,0,카페테리아,한상 삼겹구이 정식(2인) 소요시간 약 15~20분
2023-12-06,0,12,Winter,0,0,0,카페테리아,한상 삼겹구이 정식(2인) 소요시간 약 15~20분
2023-12-07,0,12,Winter,0,0,0,카페테리아,한상 삼겹구이 정식(2인) 소요시간 약 15~20분
2023-12-08,0,12,Winter,0,0,0,카페테리아,한상 삼겹구이 정식(2인) 소요시간 약 15~20분
2023-12-09,0,12,Winter,1,0,1,카페테리아,한상 삼겹구이 정식(2인) 소요시간 약 15~20분
2023-12-10,0,12,Winter,1,0,1,카페테리아,한상 삼겹구이 정식(2인) 소요시간 약 15~20분
2023-12-11,0,12,Winter,0,0,0,카페테리아,한상 삼겹구이 정식(2인) 소요시간 약 15~20분
2023-12-12,0,12,Winter,0,0,0,카페테리아,한상 삼겹구이 정식(2인) 소요시간 약 15~20분
2023-12-13,0,12,Winter,0,0,0,카페테리아,한상 삼겹구이 정식(2인) 소요시간 약 15~20분
2023-12-14,0,12,Winter,0,0,0,카페테리아,한상 삼겹구이 정식(2인) 소요시간 약 15~20분
2023-12-15,0,12,Winter,0,0,0,카페테리아,한상 삼겹구이 정식(2인) 소요시간 약 15~20분
2023-12-16,0,12,Winter,1,0,1,카페테리아,한상 삼겹구이 정식(2인) 소요시간 약 15~20분
2023-12-17,0,12,Winter,1,0,1,카페테리아,한상 삼겹구이 정식(2인) 소요시간 약 15~20분
2023-12-18,0,12,Winter,0,0,0,카페테리아,한상 삼겹구이 정식(2인) 소요시간 약 15~20분
2023-12-19,0,12,Winter,0,0,0,카페테리아,한상 삼겹구이 정식(2인) 소요시간 약 15~20분
2023-12-20,0,12,Winter,0,0,0,카페테리아,한상 삼겹구이 정식(2인) 소요시간 약 15~20분
2023-12-21,0,12,Winter,0,0,0,카페테리아,한상 삼겹구이 정식(2인) 소요시간 약 15~20분
2023-12-22,0,12,Winter,0,0,0,카페테리아,한상 삼겹구이 정식(2인) 소요시간 약 15~20분
2023-12-23,0,12,Winter,1,0,1,카페테리아,한상 삼겹구이 정식(2인) 소요시간 약 15~20분
2023-12-24,0,12,Winter,1,0,1,카페테리아,한상 삼겹구이 정식(2인) 소요시간 약 15~20분
2023-12-25,0,12,Winter,0,1,1,카페테리아,한상 삼겹구이 정식(2인) 소요시간 약 15~20분
2023-12-26,0,12,Winter,0,0,0,카페테리아,한상 삼겹구이 정식(2인) 소요시간 약 15~20분
2023-12-27,0,12,Winter,0,0,0,카페테리아,한상 삼겹구이 정식(2인) 소요시간 약 15~20분
2023-12-28,0,12,Winter,0,0,0,카페테리아,한상 삼겹구이 정식(2인) 소요시간 약 15~20분
2023-12-29,0,12,Winter,0,0,0,카페테리아,한상 삼겹구이 정식(2인) 소요시간 약 15~20분
2023-12-30,0,12,Winter,1,0,1,카페테리아,한상 삼겹구이 정식(2인) 소요시간 약 15~20분
2023-12-31,0,12,Winter,1,0,1,카페테리아,한상 삼겹구이 정식(2인) 소요시간 약 15~20분
2024-01-01,0,1,Winter,0,1,1,카페테리아,한상 삼겹구이 정식(2인) 소요시간 약 15~20분
2024-01-02,0,1,Winter,0,0,0,카페테리아,한상 삼겹구이 정식(2인) 소요시간 약 15~20분
2024-01-03,0,1,Winter,0,0,0,카페테리아,한상 삼겹구이 정식(2인) 소요시간 약 15~20분
2024-01-04,0,1,Winter,0,0,0,카페테리아,한상 삼겹구이 정식(2인) 소요시간 약 15~20분
2024-01-05,0,1,Winter,0,0,0,카페테리아,한상 삼겹구이 정식(2인) 소요시간 약 15~20분
2024-01-06,0,1,Winter,1,0,1,카페테리아,한상 삼겹구이 정식(2인) 소요시간 약 15~20분
2024-01-07,0,1,Winter,1,0,1,카페테리아,한상 삼겹구이 정식(2인) 소요시간 약 15~20분
2024-01-08,0,1,Winter,0,0,0,카페테리아,한상 삼겹구이 정식(2인) 소요시간 약 15~20분
2024-01-09,0,1,Winter,0,0,0,카페테리아,한상 삼겹구이 정식(2인) 소요시간 약 15~20분
2024-01-10,0,1,Winter,0,0,0,카페테리아,한상 삼겹구이 정식(2인) 소요시간 약 15~20분
2024-01-11,0,1,Winter,0,0,0,카페테리아,한상 삼겹구이 정식(2인) 소요시간 약 15~20분
2024-01-12,0,1,Winter,0,0,0,카페테리아,한상 삼겹구이 정식(2인) 소요시간 약 15~20분
2024-01-13,0,1,Winter,1,0,1,카페테리아,한상 삼겹구이 정식(2인) 소요시간 약 15~20분
2024-01-14,0,1,Winter,1,0,1,카페테리아,한상 삼겹구이 정식(2인) 소요시간 약 15~20분
2024-01-15,0,1,Winter,0,0,0,카페테리아,한상 삼겹구이 정식(2인) 소요시간 약 15~20분
2024-01-16,0,1,Winter,0,0,0,카페테리아,한상 삼겹구이 정식(2인) 소요시간 약 15~20분
2024-01-17,0,1,Winter,0,0,0,카페테리아,한상 삼겹구이 정식(2인) 소요시간 약 15~20분
2024-01-18,0,1,Winter,0,0,0,카페테리아,한상 삼겹구이 정식(2인) 소요시간 약 15~20분
2024-01-19,0,1,Winter,0,0,0,카페테리아,한상 삼겹구이 정식(2인) 소요시간 약 15~20분
2024-01-20,0,1,Winter,1,0,1,카페테리아,한상 삼겹구이 정식(2인) 소요시간 약 15~20분
2024-01-21,0,1,Winter,1,0,1,카페테리아,한상 삼겹구이 정식(2인) 소요시간 약 15~20분
2024-01-22,0,1,Winter,0,0,0,카페테리아,한상 삼겹구이 정식(2인) 소요시간 약 15~20분
2024-01-23,0,1,Winter,0,0,0,카페테리아,한상 삼겹구이 정식(2인) 소요시간 약 15~20분
2024-01-24,0,1,Winter,0,0,0,카페테리아,한상 삼겹구이 정식(2인) 소요시간 약 15~20분
2024-01-25,0,1,Winter,0,0,0,카페테리아,한상 삼겹구이 정식(2인) 소요시간 약 15~20분
2024-01-26,0,1,Winter,0,0,0,카페테리아,한상 삼겹구이 정식(2인) 소요시간 약 15~20분
2024-01-27,0,1,Winter,1,0,1,카페테리아,한상 삼겹구이 정식(2인) 소요시간 약 15~20분
2024-01-28,0,1,Winter,1,0,1,카페테리아,한상 삼겹구이 정식(2인) 소요시간 약 15~20분
2024-01-29,0,1,Winter,0,0,0,카페테리아,한상 삼겹구이 정식(2인) 소요시간 약 15~20분
2024-01-30,0,1,Winter,0,0,0,카페테리아,한상 삼겹구이 정식(2인) 소요시간 약 15~20분
2024-01-31,0,1,Winter,0,0,0,카페테리아,한상 삼겹구이 정식(2인) 소요시간 약 15~20분
2024-02-01,0,2,Winter,0,0,0,카페테리아,한상 삼겹구이 정식(2인) 소요시간 약 15~20분
2024-02-02,0,2,Winter,0,0,0,카페테리아,한상 삼겹구이 정식(2인) 소요시간 약 15~20분
2024-02-03,0,2,Winter,1,0,1,카페테리아,한상 삼겹구이 정식(2인) 소요시간 약 15~20분
2024-02-04,0,2,Winter,1,0,1,카페테리아,한상 삼겹구이 정식(2인) 소요시간 약 15~20분
2024-02-05,0,2,Winter,0,0,0,카페테리아,한상 삼겹구이 정식(2인) 소요시간 약 15~20분
2024-02-06,0,2,Winter,0,0,0,카페테리아,한상 삼겹구이 정식(2인) 소요시간 약 15~20분
2024-02-07,0,2,Winter,0,0,0,카페테리아,한상 삼겹구이 정식(2인) 소요시간 약 15~20분
2024-02-08,0,2,Winter,0,0,0,카페테리아,한상 삼겹구이 정식(2인) 소요시간 약 15~20분
2024-02-09,0,2,Winter,0,1,1,카페테리아,한상 삼겹구이 정식(2인) 소요시간 약 15~20분
2024-02-10,0,2,Winter,1,1,1,카페테리아,한상 삼겹구이 정식(2인) 소요시간 약 15~20분
2024-02-11,0,2,Winter,1,1,1,카페테리아,한상 삼겹구이 정식(2인) 소요시간 약 15~20분
2024-02-12,0,2,Winter,0,1,1,카페테리아,한상 삼겹구이 정식(2인) 소요시간 약 15~20분
2024-02-13,0,2,Winter,0,0,0,카페테리아,한상 삼겹구이 정식(2인) 소요시간 약 15~20분
2024-02-14,0,2,Winter,0,0,0,카페테리아,한상 삼겹구이 정식(2인) 소요시간 약 15~20분
2024-02-15,0,2,Winter,0,0,0,카페테리아,한상 삼겹구이 정식(2인) 소요시간 약 15~20분
2024-02-16,0,2,Winter,0,0,0,카페테리아,한상 삼겹구이 정식(2인) 소요시간 약 15~20분
2024-02-17,0,2,Winter,1,0,1,카페테리아,한상 삼겹구이 정식(2인) 소요시간 약 15~20분
2024-02-18,0,2,Winter,1,0,1,카페테리아,한상 삼겹구이 정식(2인) 소요시간 약 15~20분
2024-02-19,0,2,Winter,0,0,0,카페테리아,한상 삼겹구이 정식(2인) 소요시간 약 15~20분
2024-02-20,0,2,Winter,0,0,0,카페테리아,한상 삼겹구이 정식(2인) 소요시간 약 15~20분
2024-02-21,0,2,Winter,0,0,0,카페테리아,한상 삼겹구이 정식(2인) 소요시간 약 15~20분
2024-02-22,0,2,Winter,0,0,0,카페테리아,한상 삼겹구이 정식(2인) 소요시간 약 15~20분
2024-02-23,0,2,Winter,0,0,0,카페테리아,한상 삼겹구이 정식(2인) 소요시간 약 15~20분
2024-02-24,0,2,Winter,1,0,1,카페테리아,한상 삼겹구이 정식(2인) 소요시간 약 15~20분
2024-02-25,0,2,Winter,1,0,1,카페테리아,한상 삼겹구이 정식(2인) 소요시간 약 15~20분
2024-02-26,0,2,Winter,0,0,0,카페테리아,한상 삼겹구이 정식(2인) 소요시간 약 15~20분
2024-02-27,0,2,Winter,0,0,0,카페테리아,한상 삼겹구이 정식(2인) 소요시간 약 15~20분
2024-02-28,0,2,Winter,0,0,0,카페테리아,한상 삼겹구이 정식(2인) 소요시간 약 15~20분
2024-02-29,0,2,Winter,0,0,0,카페테리아,한상 삼겹구이 정식(2인) 소요시간 약 15~20분
2024-03-01,0,3,Spring,0,1,1,카페테리아,한상 삼겹구이 정식(2인) 소요시간 약 15~20분
2024-03-02,0,3,Spring,1,0,1,카페테리아,한상 삼겹구이 정식(2인) 소요시간 약 15~20분
2024-03-03,0,3,Spring,1,0,1,카페테리아,한상 삼겹구이 정식(2인) 소요시간 약 15~20분
2024-03-04,0,3,Spring,0,0,0,카페테리아,한상 삼겹구이 정식(2인) 소요시간 약 15~20분
2024-03-05,0,3,Spring,0,0,0,카페테리아,한상 삼겹구이 정식(2인) 소요시간 약 15~20분
2024-03-06,0,3,Spring,0,0,0,카페테리아,한상 삼겹구이 정식(2인) 소요시간 약 15~20분
2024-03-07,0,3,Spring,0,0,0,카페테리아,한상 삼겹구이 정식(2인) 소요시간 약 15~20분
2024-03-08,0,3,Spring,0,0,0,카페테리아,한상 삼겹구이 정식(2인) 소요시간 약 15~20분
2024-03-09,0,3,Spring,1,0,1,카페테리아,한상 삼겹구이 정식(2인) 소요시간 약 15~20분
2024-03-10,0,3,Spring,1,0,1,카페테리아,한상 삼겹구이 정식(2인) 소요시간 약 15~20분
2024-03-11,0,3,Spring,0,0,0,카페테리아,한상 삼겹구이 정식(2인) 소요시간 약 15~20분
2024-03-12,0,3,Spring,0,0,0,카페테리아,한상 삼겹구이 정식(2인) 소요시간 약 15~20분
2024-03-13,0,3,Spring,0,0,0,카페테리아,한상 삼겹구이 정식(2인) 소요시간 약 15~20분
2024-03-14,0,3,Spring,0,0,0,카페테리아,한상 삼겹구이 정식(2인) 소요시간 약 15~20분
2024-03-15,0,3,Spring,0,0,0,카페테리아,한상 삼겹구이 정식(2인) 소요시간 약 15~20분
2024-03-16,0,3,Spring,1,0,1,카페테리아,한상 삼겹구이 정식(2인) 소요시간 약 15~20분
2024-03-17,0,3,Spring,1,0,1,카페테리아,한상 삼겹구이 정식(2인) 소요시간 약 15~20분
2024-03-18,0,3,Spring,0,0,0,카페테리아,한상 삼겹구이 정식(2인) 소요시간 약 15~20분
2024-03-19,0,3,Spring,0,0,0,카페테리아,한상 삼겹구이 정식(2인) 소요시간 약 15~20분
2024-03-20,0,3,Spring,0,0,0,카페테리아,한상 삼겹구이 정식(2인) 소요시간 약 15~20분
2024-03-21,0,3,Spring,0,0,0,카페테리아,한상 삼겹구이 정식(2인) 소요시간 약 15~20분
2024-03-22,0,3,Spring,0,0,0,카페테리아,한상 삼겹구이 정식(2인) 소요시간 약 15~20분
2024-03-23,0,3,Spring,1,0,1,카페테리아,한상 삼겹구이 정식(2인) 소요시간 약 15~20분
2024-03-24,0,3,Spring,1,0,1,카페테리아,한상 삼겹구이 정식(2인) 소요시간 약 15~20분
2024-03-25,0,3,Spring,0,0,0,카페테리아,한상 삼겹구이 정식(2인) 소요시간 약 15~20분
2024-03-26,0,3,Spring,0,0,0,카페테리아,한상 삼겹구이 정식(2인) 소요시간 약 15~20분
2024-03-27,0,3,Spring,0,0,0,카페테리아,한상 삼겹구이 정식(2인) 소요시간 약 15~20분
2024-03-28,0,3,Spring,0,0,0,카페테리아,한상 삼겹구이 정식(2인) 소요시간 약 15~20분
2024-03-29,7,3,Spring,0,0,0,카페테리아,한상 삼겹구이 정식(2인) 소요시간 약 15~20분
2024-03-30,11,3,Spring,1,0,1,카페테리아,한상 삼겹구이 정식(2인) 소요시간 약 15~20분
2024-03-31,7,3,Spring,1,0,1,카페테리아,한상 삼겹구이 정식(2인) 소요시간 약 15~20분
2024-04-01,2,4,Spring,0,0,0,카페테리아,한상 삼겹구이 정식(2인) 소요시간 약 15~20분
2024-04-02,5,4,Spring,0,0,0,카페테리아,한상 삼겹구이 정식(2인) 소요시간 약 15~20분
2024-04-03,2,4,Spring,0,0,0,카페테리아,한상 삼겹구이 정식(2인) 소요시간 약 15~20분
2024-04-04,8,4,Spring,0,0,0,카페테리아,한상 삼겹구이 정식(2인) 소요시간 약 15~20분
2024-04-05,12,4,Spring,0,0,0,카페테리아,한상 삼겹구이 정식(2인) 소요시간 약 15~20분
2024-04-06,8,4,Spring,1,0,1,카페테리아,한상 삼겹구이 정식(2인) 소요시간 약 15~20분
2024-04-07,14,4,Spring,1,0,1,카페테리아,한상 삼겹구이 정식(2인) 소요시간 약 15~20분
2024-04-08,5,4,Spring,0,0,0,카페테리아,한상 삼겹구이 정식(2인) 소요시간 약 15~20분
2024-04-09,5,4,Spring,0,0,0,카페테리아,한상 삼겹구이 정식(2인) 소요시간 약 15~20분
2024-04-10,22,4,Spring,0,1,1,카페테리아,한상 삼겹구이 정식(2인) 소요시간 약 15~20분
2024-04-11,21,4,Spring,0,0,0,카페테리아,한상 삼겹구이 정식(2인) 소요시간 약 15~20분
2024-04-12,14,4,Spring,0,0,0,카페테리아,한상 삼겹구이 정식(2인) 소요시간 약 15~20분
2024-04-13,9,4,Spring,1,0,1,카페테리아,한상 삼겹구이 정식(2인) 소요시간 약 15~20분
2024-04-14,6,4,Spring,1,0,1,카페테리아,한상 삼겹구이 정식(2인) 소요시간 약 15~20분
2024-04-15,0,4,Spring,0,0,0,카페테리아,한상 삼겹구이 정식(2인) 소요시간 약 15~20분
2024-04-16,4,4,Spring,0,0,0,카페테리아,한상 삼겹구이 정식(2인) 소요시간 약 15~20분
2024-04-17,7,4,Spring,0,0,0,카페테리아,한상 삼겹구이 정식(2인) 소요시간 약 15~20분
2024-04-18,6,4,Spring,0,0,0,카페테리아,한상 삼겹구이 정식(2인) 소요시간 약 15~20분
2024-04-19,13,4,Spring,0,0,0,카페테리아,한상 삼겹구이 정식(2인) 소요시간 약 15~20분
2024-04-20,11,4,Spring,1,0,1,카페테리아,한상 삼겹구이 정식(2인) 소요시간 약 15~20분
2024-04-21,16,4,Spring,1,0,1,카페테리아,한상 삼겹구이 정식(2인) 소요시간 약 15~20분
2024-04-22,2,4,Spring,0,0,0,카페테리아,한상 삼겹구이 정식(2인) 소요시간 약 15~20분
2024-04-23,4,4,Spring,0,0,0,카페테리아,한상 삼겹구이 정식(2인) 소요시간 약 15~20분
2024-04-24,2,4,Spring,0,0,0,카페테리아,한상 삼겹구이 정식(2인) 소요시간 약 15~20분
2024-04-25,1,4,Spring,0,0,0,카페테리아,한상 삼겹구이 정식(2인) 소요시간 약 15~20분
2024-04-26,5,4,Spring,0,0,0,카페테리아,한상 삼겹구이 정식(2인) 소요시간 약 15~20분
2024-04-27,23,4,Spring,1,0,1,카페테리아,한상 삼겹구이 정식(2인) 소요시간 약 15~20분
2024-04-28,13,4,Spring,1,0,1,카페테리아,한상 삼겹구이 정식(2인) 소요시간 약 15~20분
2024-04-29,3,4,Spring,0,0,0,카페테리아,한상 삼겹구이 정식(2인) 소요시간 약 15~20분
2024-04-30,3,4,Spring,0,0,0,카페테리아,한상 삼겹구이 정식(2인) 소요시간 약 15~20분
2024-05-01,17,5,Spring,0,0,0,카페테리아,한상 삼겹구이 정식(2인) 소요시간 약 15~20분
2024-05-02,2,5,Spring,0,0,0,카페테리아,한상 삼겹구이 정식(2인) 소요시간 약 15~20분
2024-05-03,10,5,Spring,0,0,0,카페테리아,한상 삼겹구이 정식(2인) 소요시간 약 15~20분
2024-05-04,24,5,Spring,1,0,1,카페테리아,한상 삼겹구이 정식(2인) 소요시간 약 15~20분
2024-05-05,9,5,Spring,1,1,1,카페테리아,한상 삼겹구이 정식(2인) 소요시간 약 15~20분
2024-05-06,3,5,Spring,0,1,1,카페테리아,한상 삼겹구이 정식(2인) 소요시간 약 15~20분
2024-05-07,1,5,Spring,0,0,0,카페테리아,한상 삼겹구이 정식(2인) 소요시간 약 15~20분
2024-05-08,1,5,Spring,0,0,0,카페테리아,한상 삼겹구이 정식(2인) 소요시간 약 15~20분
2024-05-09,4,5,Spring,0,0,0,카페테리아,한상 삼겹구이 정식(2인) 소요시간 약 15~20분
2024-05-10,5,5,Spring,0,0,0,카페테리아,한상 삼겹구이 정식(2인) 소요시간 약 15~20분
2024-05-11,11,5,Spring,1,0,1,카페테리아,한상 삼겹구이 정식(2인) 소요시간 약 15~20분
2024-05-12,4,5,Spring,1,0,1,카페테리아,한상 삼겹구이 정식(2인) 소요시간 약 15~20분
2024-05-13,0,5,Spring,0,0,0,카페테리아,한상 삼겹구이 정식(2인) 소요시간 약 15~20분
2024-05-14,3,5,Spring,0,0,0,카페테리아,한상 삼겹구이 정식(2인) 소요시간 약 15~20분
2024-05-15,9,5,Spring,0,1,1,카페테리아,한상 삼겹구이 정식(2인) 소요시간 약 15~20분
2024-05-16,3,5,Spring,0,0,0,카페테리아,한상 삼겹구이 정식(2인) 소요시간 약 15~20분
2024-05-17,10,5,Spring,0,0,0,카페테리아,한상 삼겹구이 정식(2인) 소요시간 약 15~20분
2024-05-18,15,5,Spring,1,0,1,카페테리아,한상 삼겹구이 정식(2인) 소요시간 약 15~20분
2024-05-19,8,5,Spring,1,0,1,카페테리아,한상 삼겹구이 정식(2인) 소요시간 약 15~20분
2024-05-20,9,5,Spring,0,0,0,카페테리아,한상 삼겹구이 정식(2인) 소요시간 약 15~20분
2024-05-21,3,5,Spring,0,0,0,카페테리아,한상 삼겹구이 정식(2인) 소요시간 약 15~20분
2024-05-22,4,5,Spring,0,0,0,카페테리아,한상 삼겹구이 정식(2인) 소요시간 약 15~20분
2024-05-23,1,5,Spring,0,0,0,카페테리아,한상 삼겹구이 정식(2인) 소요시간 약 15~20분
2024-05-24,8,5,Spring,0,0,0,카페테리아,한상 삼겹구이 정식(2인) 소요시간 약 15~20분
2024-05-25,19,5,Spring,1,0,1,카페테리아,한상 삼겹구이 정식(2인) 소요시간 약 15~20분
2024-05-26,7,5,Spring,1,0,1,카페테리아,한상 삼겹구이 정식(2인) 소요시간 약 15~20분
2024-05-27,3,5,Spring,0,0,0,카페테리아,한상 삼겹구이 정식(2인) 소요시간 약 15~20분
2024-05-28,1,5,Spring,0,0,0,카페테리아,한상 삼겹구이 정식(2인) 소요시간 약 15~20분
2024-05-29,2,5,Spring,0,0,0,카페테리아,한상 삼겹구이 정식(2인) 소요시간 약 15~20분
2024-05-30,3,5,Spring,0,0,0,카페테리아,한상 삼겹구이 정식(2인) 소요시간 약 15~20분
2024-05-31,9,5,Spring,0,0,0,카페테리아,한상 삼겹구이 정식(2인) 소요시간 약 15~20분
2024-06-01,19,6,Summer,1,0,1,카페테리아,한상 삼겹구이 정식(2인) 소요시간 약 15~20분
2024-06-02,5,6,Summer,1,0,1,카페테리아,한상 삼겹구이 정식(2인) 소요시간 약 15~20분
2024-06-03,1,6,Summer,0,0,0,카페테리아,한상 삼겹구이 정식(2인) 소요시간 약 15~20분
2024-06-04,0,6,Summer,0,0,0,카페테리아,한상 삼겹구이 정식(2인) 소요시간 약 15~20분
2024-06-05,2,6,Summer,0,0,0,카페테리아,한상 삼겹구이 정식(2인) 소요시간 약 15~20분
2024-06-06,35,6,Summer,0,1,1,카페테리아,한상 삼겹구이 정식(2인) 소요시간 약 15~20분
2024-06-07,23,6,Summer,0,0,0,카페테리아,한상 삼겹구이 정식(2인) 소요시간 약 15~20분
2024-06-08,19,6,Summer,1,0,1,카페테리아,한상 삼겹구이 정식(2인) 소요시간 약 15~20분
2024-06-09,10,6,Summer,1,0,1,카페테리아,한상 삼겹구이 정식(2인) 소요시간 약 15~20분
2024-06-10,3,6,Summer,0,0,0,카페테리아,한상 삼겹구이 정식(2인) 소요시간 약 15~20분
2024-06-11,1,6,Summer,0,0,0,카페테리아,한상 삼겹구이 정식(2인) 소요시간 약 15~20분
2024-06-12,0,6,Summer,0,0,0,카페테리아,한상 삼겹구이 정식(2인) 소요시간 약 15~20분
2024-06-13,0,6,Summer,0,0,0,카페테리아,한상 삼겹구이 정식(2인) 소요시간 약 15~20분
2024-06-14,3,6,Summer,0,0,0,카페테리아,한상 삼겹구이 정식(2인) 소요시간 약 15~20분
2024-06-15,8,6,Summer,1,0,1,카페테리아,한상 삼겹구이 정식(2인) 소요시간 약 15~20분
