영업일자,매출수량,month,season,is_weekend,is_holiday,is_day_off,영업장명,메뉴명
2023-01-01,514,1,Winter,1,1,1,포레스트릿,꼬치어묵
2023-01-02,405,1,Winter,0,0,0,포레스트릿,꼬치어묵
2023-01-03,357,1,Winter,0,0,0,포레스트릿,꼬치어묵
2023-01-04,340,1,Winter,0,0,0,포레스트릿,꼬치어묵
2023-01-05,481,1,Winter,0,0,0,포레스트릿,꼬치어묵
2023-01-06,530,1,Winter,0,0,0,포레스트릿,꼬치어묵
2023-01-07,1072,1,Winter,1,0,1,포레스트릿,꼬치어묵
2023-01-08,632,1,Winter,1,0,1,포레스트릿,꼬치어묵
2023-01-09,420,1,Winter,0,0,0,포레스트릿,꼬치어묵
2023-01-10,391,1,Winter,0,0,0,포레스트릿,꼬치어묵
2023-01-11,345,1,Winter,0,0,0,포레스트릿,꼬치어묵
2023-01-12,383,1,Winter,0,0,0,포레스트릿,꼬치어묵
2023-01-13,205,1,Winter,0,0,0,포레스트릿,꼬치어묵
2023-01-14,474,1,Winter,1,0,1,포레스트릿,꼬치어묵
2023-01-15,649,1,Winter,1,0,1,포레스트릿,꼬치어묵
2023-01-16,450,1,Winter,0,0,0,포레스트릿,꼬치어묵
2023-01-17,435,1,Winter,0,0,0,포레스트릿,꼬치어묵
2023-01-18,418,1,Winter,0,0,0,포레스트릿,꼬치어묵
2023-01-19,470,1,Winter,0,0,0,포레스트릿,꼬치어묵
2023-01-20,710,1,Winter,0,0,0,포레스트릿,꼬치어묵
2023-01-21,666,1,Winter,1,1,1,포레스트릿,꼬치어묵
2023-01-22,731,1,Winter,1,1,1,포레스트릿,꼬치어묵
2023-01-23,1130,1,Winter,0,1,1,포레스트릿,꼬치어묵
2023-01-24,339,1,Winter,0,1,1,포레스트릿,꼬치어묵
2023-01-25,219,1,Winter,0,0,0,포레스트릿,꼬치어묵
2023-01-26,387,1,Winter,0,0,0,포레스트릿,꼬치어묵
2023-01-27,629,1,Winter,0,0,0,포레스트릿,꼬치어묵
2023-01-28,1107,1,Winter,1,0,1,포레스트릿,꼬치어묵
2023-01-29,737,1,Winter,1,0,1,포레스트릿,꼬치어묵
2023-01-30,400,1,Winter,0,0,0,포레스트릿,꼬치어묵
2023-01-31,318,1,Winter,0,0,0,포레스트릿,꼬치어묵
2023-02-01,295,2,Winter,0,0,0,포레스트릿,꼬치어묵
2023-02-02,408,2,Winter,0,0,0,포레스트릿,꼬치어묵
2023-02-03,625,2,Winter,0,0,0,포레스트릿,꼬치어묵
2023-02-04,1165,2,Winter,1,0,1,포레스트릿,꼬치어묵
2023-02-05,686,2,Winter,1,0,1,포레스트릿,꼬치어묵
2023-02-06,330,2,Winter,0,0,0,포레스트릿,꼬치어묵
2023-02-07,288,2,Winter,0,0,0,포레스트릿,꼬치어묵
2023-02-08,294,2,Winter,0,0,0,포레스트릿,꼬치어묵
2023-02-09,320,2,Winter,0,0,0,포레스트릿,꼬치어묵
2023-02-10,487,2,Winter,0,0,0,포레스트릿,꼬치어묵
2023-02-11,958,2,Winter,1,0,1,포레스트릿,꼬치어묵
2023-02-12,628,2,Winter,1,0,1,포레스트릿,꼬치어묵
2023-02-13,317,2,Winter,0,0,0,포레스트릿,꼬치어묵
2023-02-14,284,2,Winter,0,0,0,포레스트릿,꼬치어묵
2023-02-15,254,2,Winter,0,0,0,포레스트릿,꼬치어묵
2023-02-16,344,2,Winter,0,0,0,포레스트릿,꼬치어묵
2023-02-17,512,2,Winter,0,0,0,포레스트릿,꼬치어묵
2023-02-18,551,2,Winter,1,0,1,포레스트릿,꼬치어묵
2023-02-19,425,2,Winter,1,0,1,포레스트릿,꼬치어묵
2023-02-20,229,2,Winter,0,0,0,포레스트릿,꼬치어묵
2023-02-21,199,2,Winter,0,0,0,포레스트릿,꼬치어묵
2023-02-22,187,2,Winter,0,0,0,포레스트릿,꼬치어묵
2023-02-23,212,2,Winter,0,0,0,포레스트릿,꼬치어묵
2023-02-24,294,2,Winter,0,0,0,포레스트릿,꼬치어묵
2023-02-25,520,2,Winter,1,0,1,포레스트릿,꼬치어묵
2023-02-26,352,2,Winter,1,0,1,포레스트릿,꼬치어묵
2023-02-27,157,2,Winter,0,0,0,포레스트릿,꼬치어묵
2023-02-28,173,2,Winter,0,0,0,포레스트릿,꼬치어묵
2023-03-01,93,3,Spring,0,1,1,포레스트릿,꼬치어묵
2023-03-02,0,3,Spring,0,0,0,포레스트릿,꼬치어묵
2023-03-03,0,3,Spring,0,0,0,포레스트릿,꼬치어묵
2023-03-04,0,3,Spring,1,0,1,포레스트릿,꼬치어묵
2023-03-05,0,3,Spring,1,0,1,포레스트릿,꼬치어묵
2023-03-06,0,3,Spring,0,0,0,포레스트릿,꼬치어묵
2023-03-07,0,3,Spring,0,0,0,포레스트릿,꼬치어묵
2023-03-08,0,3,Spring,0,0,0,포레스트릿,꼬치어묵
2023-03-09,0,3,Spring,0,0,0,포레스트릿,꼬치어묵
2023-03-10,0,3,Spring,0,0,0,포레스트릿,꼬치어묵
2023-03-11,0,3,Spring,1,0,1,포레스트릿,꼬치어묵
2023-03-12,-3,3,Spring,1,0,1,포레스트릿,꼬치어묵
2023-03-13,0,3,Spring,0,0,0,포레스트릿,꼬치어묵
2023-03-14,0,3,Spring,0,0,0,포레스트릿,꼬치어묵
2023-03-15,0,3,Spring,0,0,0,포레스트릿,꼬치어묵
2023-03-16,0,3,Spring,0,0,0,포레스트릿,꼬치어묵
2023-03-17,0,3,Spring,0,0,0,포레스트릿,꼬치어묵
2023-03-18,0,3,Spring,1,0,1,포레스트릿,꼬치어묵
2023-03-19,0,3,Spring,1,0,1,포레스트릿,꼬치어묵
2023-03-20,0,3,Spring,0,0,0,포레스트릿,꼬치어묵
2023-03-21,0,3,Spring,0,0,0,포레스트릿,꼬치어묵
2023-03-22,0,3,Spring,0,0,0,포레스트릿,꼬치어묵
2023-03-23,0,3,Spring,0,0,0,포레스트릿,꼬치어묵
2023-03-24,0,3,Spring,0,0,0,포레스트릿,꼬치어묵
2023-03-25,0,3,Spring,1,0,1,포레스트릿,꼬치어묵
2023-03-26,0,3,Spring,1,0,1,포레스트릿,꼬치어묵
2023-03-27,0,3,Spring,0,0,0,포레스트릿,꼬치어묵
2023-03-28,0,3,Spring,0,0,0,포레스트릿,꼬치어묵
2023-03-29,0,3,Spring,0,0,0,포레스트릿,꼬치어묵
2023-03-30,0,3,Spring,0,0,0,포레스트릿,꼬치어묵
2023-03-31,0,3,Spring,0,0,0,포레스트릿,꼬치어묵
2023-04-01,7,4,Spring,1,0,1,포레스트릿,꼬치어묵
2023-04-02,11,4,Spring,1,0,1,포레스트릿,꼬치어묵
2023-04-03,0,4,Spring,0,0,0,포레스트릿,꼬치어묵
2023-04-04,0,4,Spring,0,0,0,포레스트릿,꼬치어묵
2023-04-05,0,4,Spring,0,0,0,포레스트릿,꼬치어묵
2023-04-06,0,4,Spring,0,0,0,포레스트릿,꼬치어묵
2023-04-07,5,4,Spring,0,0,0,포레스트릿,꼬치어묵
2023-04-08,9,4,Spring,1,0,1,포레스트릿,꼬치어묵
2023-04-09,12,4,Spring,1,0,1,포레스트릿,꼬치어묵
2023-04-10,0,4,Spring,0,0,0,포레스트릿,꼬치어묵
2023-04-11,0,4,Spring,0,0,0,포레스트릿,꼬치어묵
2023-04-12,0,4,Spring,0,0,0,포레스트릿,꼬치어묵
2023-04-13,0,4,Spring,0,0,0,포레스트릿,꼬치어묵
2023-04-14,0,4,Spring,0,0,0,포레스트릿,꼬치어묵
2023-04-15,3,4,Spring,1,0,1,포레스트릿,꼬치어묵
2023-04-16,8,4,Spring,1,0,1,포레스트릿,꼬치어묵
2023-04-17,0,4,Spring,0,0,0,포레스트릿,꼬치어묵
2023-04-18,0,4,Spring,0,0,0,포레스트릿,꼬치어묵
2023-04-19,0,4,Spring,0,0,0,포레스트릿,꼬치어묵
2023-04-20,0,4,Spring,0,0,0,포레스트릿,꼬치어묵
2023-04-21,2,4,Spring,0,0,0,포레스트릿,꼬치어묵
2023-04-22,10,4,Spring,1,0,1,포레스트릿,꼬치어묵
2023-04-23,20,4,Spring,1,0,1,포레스트릿,꼬치어묵
2023-04-24,0,4,Spring,0,0,0,포레스트릿,꼬치어묵
2023-04-25,0,4,Spring,0,0,0,포레스트릿,꼬치어묵
2023-04-26,0,4,Spring,0,0,0,포레스트릿,꼬치어묵
2023-04-27,0,4,Spring,0,0,0,포레스트릿,꼬치어묵
2023-04-28,4,4,Spring,0,0,0,포레스트릿,꼬치어묵
2023-04-29,2,4,Spring,1,0,1,포레스트릿,꼬치어묵
2023-04-30,39,4,Spring,1,0,1,포레스트릿,꼬치어묵
2023-05-01,17,5,Spring,0,0,0,포레스트릿,꼬치어묵
2023-05-02,1,5,Spring,0,0,0,포레스트릿,꼬치어묵
2023-05-03,0,5,Spring,0,0,0,포레스트릿,꼬치어묵
2023-05-04,2,5,Spring,0,0,0,포레스트릿,꼬치어묵
2023-05-05,2,5,Spring,0,1,1,포레스트릿,꼬치어묵
2023-05-06,0,5,Spring,1,0,1,포레스트릿,꼬치어묵
2023-05-07,19,5,Spring,1,0,1,포레스트릿,꼬치어묵
2023-05-08,0,5,Spring,0,0,0,포레스트릿,꼬치어묵
2023-05-09,0,5,Spring,0,0,0,포레스트릿,꼬치어묵
2023-05-10,0,5,Spring,0,0,0,포레스트릿,꼬치어묵
2023-05-11,0,5,Spring,0,0,0,포레스트릿,꼬치어묵
2023-05-12,4,5,Spring,0,0,0,포레스트릿,꼬치어묵
2023-05-13,24,5,Spring,1,0,1,포레스트릿,꼬치어묵
2023-05-14,11,5,Spring,1,0,1,포레스트릿,꼬치어묵
2023-05-15,0,5,Spring,0,0,0,포레스트릿,꼬치어묵
2023-05-16,0,5,Spring,0,0,0,포레스트릿,꼬치어묵
2023-05-17,5,5,Spring,0,0,0,포레스트릿,꼬치어묵
2023-05-18,0,5,Spring,0,0,0,포레스트릿,꼬치어묵
2023-05-19,8,5,Spring,0,0,0,포레스트릿,꼬치어묵
2023-05-20,18,5,Spring,1,0,1,포레스트릿,꼬치어묵
2023-05-21,26,5,Spring,1,0,1,포레스트릿,꼬치어묵
2023-05-22,0,5,Spring,0,0,0,포레스트릿,꼬치어묵
2023-05-23,0,5,Spring,0,0,0,포레스트릿,꼬치어묵
2023-05-24,0,5,Spring,0,0,0,포레스트릿,꼬치어묵
2023-05-25,0,5,Spring,0,0,0,포레스트릿,꼬치어묵
2023-05-26,1,5,Spring,0,0,0,포레스트릿,꼬치어묵
2023-05-27,3,5,Spring,1,1,1,포레스트릿,꼬치어묵
2023-05-28,1,5,Spring,1,0,1,포레스트릿,꼬치어묵
2023-05-29,8,5,Spring,0,1,1,포레스트릿,꼬치어묵
2023-05-30,0,5,Spring,0,0,0,포레스트릿,꼬치어묵
2023-05-31,1,5,Spring,0,0,0,포레스트릿,꼬치어묵
2023-06-01,0,6,Summer,0,0,0,포레스트릿,꼬치어묵
2023-06-02,0,6,Summer,0,0,0,포레스트릿,꼬치어묵
2023-06-03,0,6,Summer,1,0,1,포레스트릿,꼬치어묵
2023-06-04,0,6,Summer,1,0,1,포레스트릿,꼬치어묵
2023-06-05,0,6,Summer,0,0,0,포레스트릿,꼬치어묵
2023-06-06,0,6,Summer,0,1,1,포레스트릿,꼬치어묵
2023-06-07,0,6,Summer,0,0,0,포레스트릿,꼬치어묵
2023-06-08,0,6,Summer,0,0,0,포레스트릿,꼬치어묵
2023-06-09,0,6,Summer,0,0,0,포레스트릿,꼬치어묵
2023-06-10,0,6,Summer,1,0,1,포레스트릿,꼬치어묵
2023-06-11,0,6,Summer,1,0,1,포레스트릿,꼬치어묵
2023-06-12,0,6,Summer,0,0,0,포레스트릿,꼬치어묵
2023-06-13,0,6,Summer,0,0,0,포레스트릿,꼬치어묵
2023-06-14,0,6,Summer,0,0,0,포레스트릿,꼬치어묵
2023-06-15,0,6,Summer,0,0,0,포레스트릿,꼬치어묵
2023-06-16,0,6,Summer,0,0,0,포레스트릿,꼬치어묵
2023-06-17,0,6,Summer,1,0,1,포레스트릿,꼬치어묵
2023-06-18,0,6,Summer,1,0,1,포레스트릿,꼬치어묵
2023-06-19,0,6,Summer,0,0,0,포레스트릿,꼬치어묵
2023-06-20,0,6,Summer,0,0,0,포레스트릿,꼬치어묵
2023-06-21,0,6,Summer,0,0,0,포레스트릿,꼬치어묵
2023-06-22,0,6,Summer,0,0,0,포레스트릿,꼬치어묵
2023-06-23,0,6,Summer,0,0,0,포레스트릿,꼬치어묵
2023-06-24,0,6,Summer,1,0,1,포레스트릿,꼬치어묵
2023-06-25,0,6,Summer,1,0,1,포레스트릿,꼬치어묵
2023-06-26,0,6,Summer,0,0,0,포레스트릿,꼬치어묵
2023-06-27,0,6,Summer,0,0,0,포레스트릿,꼬치어묵
2023-06-28,0,6,Summer,0,0,0,포레스트릿,꼬치어묵
2023-06-29,0,6,Summer,0,0,0,포레스트릿,꼬치어묵
2023-06-30,0,6,Summer,0,0,0,포레스트릿,꼬치어묵
2023-07-01,0,7,Summer,1,0,1,포레스트릿,꼬치어묵
2023-07-02,0,7,Summer,1,0,1,포레스트릿,꼬치어묵
2023-07-03,0,7,Summer,0,0,0,포레스트릿,꼬치어묵
2023-07-04,0,7,Summer,0,0,0,포레스트릿,꼬치어묵
2023-07-05,0,7,Summer,0,0,0,포레스트릿,꼬치어묵
2023-07-06,0,7,Summer,0,0,0,포레스트릿,꼬치어묵
2023-07-07,0,7,Summer,0,0,0,포레스트릿,꼬치어묵
2023-07-08,0,7,Summer,1,0,1,포레스트릿,꼬치어묵
2023-07-09,0,7,Summer,1,0,1,포레스트릿,꼬치어묵
2023-07-10,0,7,Summer,0,0,0,포레스트릿,꼬치어묵
2023-07-11,0,7,Summer,0,0,0,포레스트릿,꼬치어묵
2023-07-12,0,7,Summer,0,0,0,포레스트릿,꼬치어묵
2023-07-13,0,7,Summer,0,0,0,포레스트릿,꼬치어묵
2023-07-14,0,7,Summer,0,0,0,포레스트릿,꼬치어묵
2023-07-15,0,7,Summer,1,0,1,포레스트릿,꼬치어묵
2023-07-16,0,7,Summer,1,0,1,포레스트릿,꼬치어묵
2023-07-17,0,7,Summer,0,0,0,포레스트릿,꼬치어묵
2023-07-18,0,7,Summer,0,0,0,포레스트릿,꼬치어묵
2023-07-19,0,7,Summer,0,0,0,포레스트릿,꼬치어묵
2023-07-20,0,7,Summer,0,0,0,포레스트릿,꼬치어묵
2023-07-21,0,7,Summer,0,0,0,포레스트릿,꼬치어묵
2023-07-22,0,7,Summer,1,0,1,포레스트릿,꼬치어묵
2023-07-23,0,7,Summer,1,0,1,포레스트릿,꼬치어묵
2023-07-24,0,7,Summer,0,0,0,포레스트릿,꼬치어묵
2023-07-25,0,7,Summer,0,0,0,포레스트릿,꼬치어묵
2023-07-26,0,7,Summer,0,0,0,포레스트릿,꼬치어묵
2023-07-27,0,7,Summer,0,0,0,포레스트릿,꼬치어묵
2023-07-28,0,7,Summer,0,0,0,포레스트릿,꼬치어묵
2023-07-29,0,7,Summer,1,0,1,포레스트릿,꼬치어묵
2023-07-30,0,7,Summer,1,0,1,포레스트릿,꼬치어묵
2023-07-31,0,7,Summer,0,0,0,포레스트릿,꼬치어묵
2023-08-01,0,8,Summer,0,0,0,포레스트릿,꼬치어묵
2023-08-02,0,8,Summer,0,0,0,포레스트릿,꼬치어묵
2023-08-03,0,8,Summer,0,0,0,포레스트릿,꼬치어묵
2023-08-04,0,8,Summer,0,0,0,포레스트릿,꼬치어묵
2023-08-05,0,8,Summer,1,0,1,포레스트릿,꼬치어묵
2023-08-06,0,8,Summer,1,0,1,포레스트릿,꼬치어묵
2023-08-07,0,8,Summer,0,0,0,포레스트릿,꼬치어묵
2023-08-08,0,8,Summer,0,0,0,포레스트릿,꼬치어묵
2023-08-09,0,8,Summer,0,0,0,포레스트릿,꼬치어묵
2023-08-10,0,8,Summer,0,0,0,포레스트릿,꼬치어묵
2023-08-11,0,8,Summer,0,0,0,포레스트릿,꼬치어묵
2023-08-12,0,8,Summer,1,0,1,포레스트릿,꼬치어묵
2023-08-13,0,8,Summer,1,0,1,포레스트릿,꼬치어묵
2023-08-14,0,8,Summer,0,0,0,포레스트릿,꼬치어묵
2023-08-15,0,8,Summer,0,1,1,포레스트릿,꼬치어묵
2023-08-16,0,8,Summer,0,0,0,포레스트릿,꼬치어묵
2023-08-17,0,8,Summer,0,0,0,포레스트릿,꼬치어묵
2023-08-18,0,8,Summer,0,0,0,포레스트릿,꼬치어묵
2023-08-19,0,8,Summer,1,0,1,포레스트릿,꼬치어묵
2023-08-20,0,8,Summer,1,0,1,포레스트릿,꼬치어묵
2023-08-21,0,8,Summer,0,0,0,포레스트릿,꼬치어묵
2023-08-22,0,8,Summer,0,0,0,포레스트릿,꼬치어묵
2023-08-23,0,8,Summer,0,0,0,포레스트릿,꼬치어묵
2023-08-24,0,8,Summer,0,0,0,포레스트릿,꼬치어묵
2023-08-25,0,8,Summer,0,0,0,포레스트릿,꼬치어묵
2023-08-26,0,8,Summer,1,0,1,포레스트릿,꼬치어묵
2023-08-27,0,8,Summer,1,0,1,포레스트릿,꼬치어묵
2023-08-28,0,8,Summer,0,0,0,포레스트릿,꼬치어묵
2023-08-29,0,8,Summer,0,0,0,포레스트릿,꼬치어묵
2023-08-30,0,8,Summer,0,0,0,포레스트릿,꼬치어묵
2023-08-31,0,8,Summer,0,0,0,포레스트릿,꼬치어묵
2023-09-01,0,9,Autumn,0,0,0,포레스트릿,꼬치어묵
2023-09-02,0,9,Autumn,1,0,1,포레스트릿,꼬치어묵
2023-09-03,0,9,Autumn,1,0,1,포레스트릿,꼬치어묵
2023-09-04,0,9,Autumn,0,0,0,포레스트릿,꼬치어묵
2023-09-05,0,9,Autumn,0,0,0,포레스트릿,꼬치어묵
2023-09-06,0,9,Autumn,0,0,0,포레스트릿,꼬치어묵
2023-09-07,0,9,Autumn,0,0,0,포레스트릿,꼬치어묵
2023-09-08,0,9,Autumn,0,0,0,포레스트릿,꼬치어묵
2023-09-09,3,9,Autumn,1,0,1,포레스트릿,꼬치어묵
2023-09-10,2,9,Autumn,1,0,1,포레스트릿,꼬치어묵
2023-09-11,0,9,Autumn,0,0,0,포레스트릿,꼬치어묵
2023-09-12,0,9,Autumn,0,0,0,포레스트릿,꼬치어묵
2023-09-13,0,9,Autumn,0,0,0,포레스트릿,꼬치어묵
2023-09-14,0,9,Autumn,0,0,0,포레스트릿,꼬치어묵
2023-09-15,0,9,Autumn,0,0,0,포레스트릿,꼬치어묵
2023-09-16,2,9,Autumn,1,0,1,포레스트릿,꼬치어묵
2023-09-17,4,9,Autumn,1,0,1,포레스트릿,꼬치어묵
2023-09-18,0,9,Autumn,0,0,0,포레스트릿,꼬치어묵
2023-09-19,0,9,Autumn,0,0,0,포레스트릿,꼬치어묵
2023-09-20,0,9,Autumn,0,0,0,포레스트릿,꼬치어묵
2023-09-21,0,9,Autumn,0,0,0,포레스트릿,꼬치어묵
2023-09-22,0,9,Autumn,0,0,0,포레스트릿,꼬치어묵
2023-09-23,14,9,Autumn,1,0,1,포레스트릿,꼬치어묵
2023-09-24,13,9,Autumn,1,0,1,포레스트릿,꼬치어묵
2023-09-25,0,9,Autumn,0,0,0,포레스트릿,꼬치어묵
2023-09-26,0,9,Autumn,0,0,0,포레스트릿,꼬치어묵
2023-09-27,0,9,Autumn,0,0,0,포레스트릿,꼬치어묵
2023-09-28,17,9,Autumn,0,1,1,포레스트릿,꼬치어묵
2023-09-29,17,9,Autumn,0,1,1,포레스트릿,꼬치어묵
2023-09-30,35,9,Autumn,1,1,1,포레스트릿,꼬치어묵
2023-10-01,25,10,Autumn,1,0,1,포레스트릿,꼬치어묵
2023-10-02,21,10,Autumn,0,1,1,포레스트릿,꼬치어묵
2023-10-03,38,10,Autumn,0,1,1,포레스트릿,꼬치어묵
2023-10-04,1,10,Autumn,0,0,0,포레스트릿,꼬치어묵
2023-10-05,4,10,Autumn,0,0,0,포레스트릿,꼬치어묵
2023-10-06,3,10,Autumn,0,0,0,포레스트릿,꼬치어묵
2023-10-07,38,10,Autumn,1,0,1,포레스트릿,꼬치어묵
2023-10-08,61,10,Autumn,1,0,1,포레스트릿,꼬치어묵
2023-10-09,37,10,Autumn,0,1,1,포레스트릿,꼬치어묵
2023-10-10,0,10,Autumn,0,0,0,포레스트릿,꼬치어묵
2023-10-11,4,10,Autumn,0,0,0,포레스트릿,꼬치어묵
2023-10-12,0,10,Autumn,0,0,0,포레스트릿,꼬치어묵
2023-10-13,7,10,Autumn,0,0,0,포레스트릿,꼬치어묵
2023-10-14,16,10,Autumn,1,0,1,포레스트릿,꼬치어묵
2023-10-15,51,10,Autumn,1,0,1,포레스트릿,꼬치어묵
2023-10-16,0,10,Autumn,0,0,0,포레스트릿,꼬치어묵
2023-10-17,0,10,Autumn,0,0,0,포레스트릿,꼬치어묵
2023-10-18,10,10,Autumn,0,0,0,포레스트릿,꼬치어묵
2023-10-19,7,10,Autumn,0,0,0,포레스트릿,꼬치어묵
2023-10-20,16,10,Autumn,0,0,0,포레스트릿,꼬치어묵
2023-10-21,47,10,Autumn,1,0,1,포레스트릿,꼬치어묵
2023-10-22,83,10,Autumn,1,0,1,포레스트릿,꼬치어묵
2023-10-23,0,10,Autumn,0,0,0,포레스트릿,꼬치어묵
2023-10-24,17,10,Autumn,0,0,0,포레스트릿,꼬치어묵
2023-10-25,19,10,Autumn,0,0,0,포레스트릿,꼬치어묵
2023-10-26,11,10,Autumn,0,0,0,포레스트릿,꼬치어묵
2023-10-27,14,10,Autumn,0,0,0,포레스트릿,꼬치어묵
2023-10-28,55,10,Autumn,1,0,1,포레스트릿,꼬치어묵
2023-10-29,35,10,Autumn,1,0,1,포레스트릿,꼬치어묵
2023-10-30,0,10,Autumn,0,0,0,포레스트릿,꼬치어묵
2023-10-31,14,10,Autumn,0,0,0,포레스트릿,꼬치어묵
2023-11-01,12,11,Autumn,0,0,0,포레스트릿,꼬치어묵
2023-11-02,18,11,Autumn,0,0,0,포레스트릿,꼬치어묵
2023-11-03,11,11,Autumn,0,0,0,포레스트릿,꼬치어묵
2023-11-04,28,11,Autumn,1,0,1,포레스트릿,꼬치어묵
2023-11-05,14,11,Autumn,1,0,1,포레스트릿,꼬치어묵
2023-11-06,0,11,Autumn,0,0,0,포레스트릿,꼬치어묵
2023-11-07,9,11,Autumn,0,0,0,포레스트릿,꼬치어묵
2023-11-08,13,11,Autumn,0,0,0,포레스트릿,꼬치어묵
2023-11-09,6,11,Autumn,0,0,0,포레스트릿,꼬치어묵
2023-11-10,8,11,Autumn,0,0,0,포레스트릿,꼬치어묵
2023-11-11,19,11,Autumn,1,0,1,포레스트릿,꼬치어묵
2023-11-12,27,11,Autumn,1,0,1,포레스트릿,꼬치어묵
2023-11-13,0,11,Autumn,0,0,0,포레스트릿,꼬치어묵
2023-11-14,3,11,Autumn,0,0,0,포레스트릿,꼬치어묵
2023-11-15,0,11,Autumn,0,0,0,포레스트릿,꼬치어묵
2023-11-16,0,11,Autumn,0,0,0,포레스트릿,꼬치어묵
2023-11-17,0,11,Autumn,0,0,0,포레스트릿,꼬치어묵
2023-11-18,5,11,Autumn,1,0,1,포레스트릿,꼬치어묵
2023-11-19,9,11,Autumn,1,0,1,포레스트릿,꼬치어묵
2023-11-20,0,11,Autumn,0,0,0,포레스트릿,꼬치어묵
2023-11-21,0,11,Autumn,0,0,0,포레스트릿,꼬치어묵
2023-11-22,0,11,Autumn,0,0,0,포레스트릿,꼬치어묵
2023-11-23,0,11,Autumn,0,0,0,포레스트릿,꼬치어묵
2023-11-24,0,11,Autumn,0,0,0,포레스트릿,꼬치어묵
2023-11-25,2,11,Autumn,1,0,1,포레스트릿,꼬치어묵
2023-11-26,1,11,Autumn,1,0,1,포레스트릿,꼬치어묵
2023-11-27,0,11,Autumn,0,0,0,포레스트릿,꼬치어묵
2023-11-28,0,11,Autumn,0,0,0,포레스트릿,꼬치어묵
2023-11-29,0,11,Autumn,0,0,0,포레스트릿,꼬치어묵
2023-11-30,0,11,Autumn,0,0,0,포레스트릿,꼬치어묵
2023-12-01,0,12,Winter,0,0,0,포레스트릿,꼬치어묵
2023-12-02,0,12,Winter,1,0,1,포레스트릿,꼬치어묵
2023-12-03,0,12,Winter,1,0,1,포레스트릿,꼬치어묵
2023-12-04,0,12,Winter,0,0,0,포레스트릿,꼬치어묵
2023-12-05,0,12,Winter,0,0,0,포레스트릿,꼬치어묵
2023-12-06,2,12,Winter,0,0,0,포레스트릿,꼬치어묵
2023-12-07,12,12,Winter,0,0,0,포레스트릿,꼬치어묵
2023-12-08,187,12,Winter,0,0,0,포레스트릿,꼬치어묵
2023-12-09,487,12,Winter,1,0,1,포레스트릿,꼬치어묵
2023-12-10,307,12,Winter,1,0,1,포레스트릿,꼬치어묵
2023-12-11,14,12,Winter,0,0,0,포레스트릿,꼬치어묵
2023-12-12,73,12,Winter,0,0,0,포레스트릿,꼬치어묵
2023-12-13,111,12,Winter,0,0,0,포레스트릿,꼬치어묵
2023-12-14,24,12,Winter,0,0,0,포레스트릿,꼬치어묵
2023-12-15,19,12,Winter,0,0,0,포레스트릿,꼬치어묵
2023-12-16,209,12,Winter,1,0,1,포레스트릿,꼬치어묵
2023-12-17,117,12,Winter,1,0,1,포레스트릿,꼬치어묵
2023-12-18,305,12,Winter,0,0,0,포레스트릿,꼬치어묵
2023-12-19,274,12,Winter,0,0,0,포레스트릿,꼬치어묵
2023-12-20,262,12,Winter,0,0,0,포레스트릿,꼬치어묵
2023-12-21,222,12,Winter,0,0,0,포레스트릿,꼬치어묵
2023-12-22,441,12,Winter,0,0,0,포레스트릿,꼬치어묵
2023-12-23,712,12,Winter,1,0,1,포레스트릿,꼬치어묵
2023-12-24,1094,12,Winter,1,0,1,포레스트릿,꼬치어묵
2023-12-25,663,12,Winter,0,1,1,포레스트릿,꼬치어묵
2023-12-26,438,12,Winter,0,0,0,포레스트릿,꼬치어묵
2023-12-27,459,12,Winter,0,0,0,포레스트릿,꼬치어묵
2023-12-28,525,12,Winter,0,0,0,포레스트릿,꼬치어묵
2023-12-29,740,12,Winter,0,0,0,포레스트릿,꼬치어묵
2023-12-30,606,12,Winter,1,0,1,포레스트릿,꼬치어묵
2023-12-31,867,12,Winter,1,0,1,포레스트릿,꼬치어묵
2024-01-01,631,1,Winter,0,1,1,포레스트릿,꼬치어묵
2024-01-02,407,1,Winter,0,0,0,포레스트릿,꼬치어묵
2024-01-03,306,1,Winter,0,0,0,포레스트릿,꼬치어묵
2024-01-04,331,1,Winter,0,0,0,포레스트릿,꼬치어묵
2024-01-05,543,1,Winter,0,0,0,포레스트릿,꼬치어묵
2024-01-06,1114,1,Winter,1,0,1,포레스트릿,꼬치어묵
2024-01-07,713,1,Winter,1,0,1,포레스트릿,꼬치어묵
2024-01-08,446,1,Winter,0,0,0,포레스트릿,꼬치어묵
2024-01-09,325,1,Winter,0,0,0,포레스트릿,꼬치어묵
2024-01-10,414,1,Winter,0,0,0,포레스트릿,꼬치어묵
2024-01-11,432,1,Winter,0,0,0,포레스트릿,꼬치어묵
2024-01-12,802,1,Winter,0,0,0,포레스트릿,꼬치어묵
2024-01-13,1372,1,Winter,1,0,1,포레스트릿,꼬치어묵
2024-01-14,524,1,Winter,1,0,1,포레스트릿,꼬치어묵
2024-01-15,444,1,Winter,0,0,0,포레스트릿,꼬치어묵
2024-01-16,426,1,Winter,0,0,0,포레스트릿,꼬치어묵
2024-01-17,319,1,Winter,0,0,0,포레스트릿,꼬치어묵
2024-01-18,438,1,Winter,0,0,0,포레스트릿,꼬치어묵
2024-01-19,766,1,Winter,0,0,0,포레스트릿,꼬치어묵
2024-01-20,1235,1,Winter,1,0,1,포레스트릿,꼬치어묵
2024-01-21,774,1,Winter,1,0,1,포레스트릿,꼬치어묵
2024-01-22,365,1,Winter,0,0,0,포레스트릿,꼬치어묵
2024-01-23,261,1,Winter,0,0,0,포레스트릿,꼬치어묵
2024-01-24,313,1,Winter,0,0,0,포레스트릿,꼬치어묵
2024-01-25,366,1,Winter,0,0,0,포레스트릿,꼬치어묵
2024-01-26,786,1,Winter,0,0,0,포레스트릿,꼬치어묵
2024-01-27,1329,1,Winter,1,0,1,포레스트릿,꼬치어묵
2024-01-28,833,1,Winter,1,0,1,포레스트릿,꼬치어묵
2024-01-29,423,1,Winter,0,0,0,포레스트릿,꼬치어묵
2024-01-30,377,1,Winter,0,0,0,포레스트릿,꼬치어묵
2024-01-31,366,1,Winter,0,0,0,포레스트릿,꼬치어묵
2024-02-01,407,2,Winter,0,0,0,포레스트릿,꼬치어묵
2024-02-02,690,2,Winter,0,0,0,포레스트릿,꼬치어묵
2024-02-03,1073,2,Winter,1,0,1,포레스트릿,꼬치어묵
2024-02-04,597,2,Winter,1,0,1,포레스트릿,꼬치어묵
2024-02-05,245,2,Winter,0,0,0,포레스트릿,꼬치어묵
2024-02-06,296,2,Winter,0,0,0,포레스트릿,꼬치어묵
2024-02-07,371,2,Winter,0,0,0,포레스트릿,꼬치어묵
2024-02-08,605,2,Winter,0,0,0,포레스트릿,꼬치어묵
2024-02-09,559,2,Winter,0,1,1,포레스트릿,꼬치어묵
2024-02-10,534,2,Winter,1,1,1,포레스트릿,꼬치어묵
2024-02-11,970,2,Winter,1,1,1,포레스트릿,꼬치어묵
2024-02-12,519,2,Winter,0,1,1,포레스트릿,꼬치어묵
2024-02-13,271,2,Winter,0,0,0,포레스트릿,꼬치어묵
2024-02-14,180,2,Winter,0,0,0,포레스트릿,꼬치어묵
2024-02-15,111,2,Winter,0,0,0,포레스트릿,꼬치어묵
2024-02-16,472,2,Winter,0,0,0,포레스트릿,꼬치어묵
2024-02-17,670,2,Winter,1,0,1,포레스트릿,꼬치어묵
2024-02-18,288,2,Winter,1,0,1,포레스트릿,꼬치어묵
2024-02-19,55,2,Winter,0,0,0,포레스트릿,꼬치어묵
2024-02-20,111,2,Winter,0,0,0,포레스트릿,꼬치어묵
2024-02-21,54,2,Winter,0,0,0,포레스트릿,꼬치어묵
2024-02-22,288,2,Winter,0,0,0,포레스트릿,꼬치어묵
2024-02-23,441,2,Winter,0,0,0,포레스트릿,꼬치어묵
2024-02-24,590,2,Winter,1,0,1,포레스트릿,꼬치어묵
2024-02-25,381,2,Winter,1,0,1,포레스트릿,꼬치어묵
2024-02-26,168,2,Winter,0,0,0,포레스트릿,꼬치어묵
2024-02-27,146,2,Winter,0,0,0,포레스트릿,꼬치어묵
2024-02-28,141,2,Winter,0,0,0,포레스트릿,꼬치어묵
2024-02-29,183,2,Winter,0,0,0,포레스트릿,꼬치어묵
2024-03-01,288,3,Spring,0,1,1,포레스트릿,꼬치어묵
2024-03-02,177,3,Spring,1,0,1,포레스트릿,꼬치어묵
2024-03-03,62,3,Spring,1,0,1,포레스트릿,꼬치어묵
2024-03-04,0,3,Spring,0,0,0,포레스트릿,꼬치어묵
2024-03-05,0,3,Spring,0,0,0,포레스트릿,꼬치어묵
2024-03-06,0,3,Spring,0,0,0,포레스트릿,꼬치어묵
2024-03-07,0,3,Spring,0,0,0,포레스트릿,꼬치어묵
2024-03-08,0,3,Spring,0,0,0,포레스트릿,꼬치어묵
2024-03-09,0,3,Spring,1,0,1,포레스트릿,꼬치어묵
2024-03-10,0,3,Spring,1,0,1,포레스트릿,꼬치어묵
2024-03-11,0,3,Spring,0,0,0,포레스트릿,꼬치어묵
2024-03-12,0,3,Spring,0,0,0,포레스트릿,꼬치어묵
2024-03-13,0,3,Spring,0,0,0,포레스트릿,꼬치어묵
2024-03-14,0,3,Spring,0,0,0,포레스트릿,꼬치어묵
2024-03-15,0,3,Spring,0,0,0,포레스트릿,꼬치어묵
2024-03-16,0,3,Spring,1,0,1,포레스트릿,꼬치어묵
2024-03-17,0,3,Spring,1,0,1,포레스트릿,꼬치어묵
2024-03-18,0,3,Spring,0,0,0,포레스트릿,꼬치어묵
2024-03-19,0,3,Spring,0,0,0,포레스트릿,꼬치어묵
2024-03-20,0,3,Spring,0,0,0,포레스트릿,꼬치어묵
2024-03-21,0,3,Spring,0,0,0,포레스트릿,꼬치어묵
2024-03-22,0,3,Spring,0,0,0,포레스트릿,꼬치어묵
2024-03-23,0,3,Spring,1,0,1,포레스트릿,꼬치어묵
2024-03-24,0,3,Spring,1,0,1,포레스트릿,꼬치어묵
2024-03-25,0,3,Spring,0,0,0,포레스트릿,꼬치어묵
2024-03-26,0,3,Spring,0,0,0,포레스트릿,꼬치어묵
2024-03-27,3,3,Spring,0,0,0,포레스트릿,꼬치어묵
2024-03-28,0,3,Spring,0,0,0,포레스트릿,꼬치어묵
2024-03-29,1,3,Spring,0,0,0,포레스트릿,꼬치어묵
2024-03-30,10,3,Spring,1,0,1,포레스트릿,꼬치어묵
2024-03-31,8,3,Spring,1,0,1,포레스트릿,꼬치어묵
2024-04-01,0,4,Spring,0,0,0,포레스트릿,꼬치어묵
2024-04-02,3,4,Spring,0,0,0,포레스트릿,꼬치어묵
2024-04-03,3,4,Spring,0,0,0,포레스트릿,꼬치어묵
2024-04-04,4,4,Spring,0,0,0,포레스트릿,꼬치어묵
2024-04-05,12,4,Spring,0,0,0,포레스트릿,꼬치어묵
2024-04-06,19,4,Spring,1,0,1,포레스트릿,꼬치어묵
2024-04-07,9,4,Spring,1,0,1,포레스트릿,꼬치어묵
2024-04-08,0,4,Spring,0,0,0,포레스트릿,꼬치어묵
2024-04-09,10,4,Spring,0,0,0,포레스트릿,꼬치어묵
2024-04-10,18,4,Spring,0,1,1,포레스트릿,꼬치어묵
2024-04-11,4,4,Spring,0,0,0,포레스트릿,꼬치어묵
2024-04-12,1,4,Spring,0,0,0,포레스트릿,꼬치어묵
2024-04-13,7,4,Spring,1,0,1,포레스트릿,꼬치어묵
2024-04-14,3,4,Spring,1,0,1,포레스트릿,꼬치어묵
2024-04-15,0,4,Spring,0,0,0,포레스트릿,꼬치어묵
2024-04-16,2,4,Spring,0,0,0,포레스트릿,꼬치어묵
2024-04-17,1,4,Spring,0,0,0,포레스트릿,꼬치어묵
2024-04-18,3,4,Spring,0,0,0,포레스트릿,꼬치어묵
2024-04-19,1,4,Spring,0,0,0,포레스트릿,꼬치어묵
2024-04-20,5,4,Spring,1,0,1,포레스트릿,꼬치어묵
2024-04-21,22,4,Spring,1,0,1,포레스트릿,꼬치어묵
2024-04-22,0,4,Spring,0,0,0,포레스트릿,꼬치어묵
2024-04-23,0,4,Spring,0,0,0,포레스트릿,꼬치어묵
2024-04-24,0,4,Spring,0,0,0,포레스트릿,꼬치어묵
2024-04-25,0,4,Spring,0,0,0,포레스트릿,꼬치어묵
2024-04-26,0,4,Spring,0,0,0,포레스트릿,꼬치어묵
2024-04-27,8,4,Spring,1,0,1,포레스트릿,꼬치어묵
2024-04-28,13,4,Spring,1,0,1,포레스트릿,꼬치어묵
2024-04-29,0,4,Spring,0,0,0,포레스트릿,꼬치어묵
2024-04-30,0,4,Spring,0,0,0,포레스트릿,꼬치어묵
2024-05-01,0,5,Spring,0,0,0,포레스트릿,꼬치어묵
2024-05-02,0,5,Spring,0,0,0,포레스트릿,꼬치어묵
2024-05-03,0,5,Spring,0,0,0,포레스트릿,꼬치어묵
2024-05-04,13,5,Spring,1,0,1,포레스트릿,꼬치어묵
2024-05-05,2,5,Spring,1,1,1,포레스트릿,꼬치어묵
2024-05-06,0,5,Spring,0,1,1,포레스트릿,꼬치어묵
2024-05-07,0,5,Spring,0,0,0,포레스트릿,꼬치어묵
2024-05-08,0,5,Spring,0,0,0,포레스트릿,꼬치어묵
2024-05-09,0,5,Spring,0,0,0,포레스트릿,꼬치어묵
2024-05-10,3,5,Spring,0,0,0,포레스트릿,꼬치어묵
2024-05-11,3,5,Spring,1,0,1,포레스트릿,꼬치어묵
2024-05-12,14,5,Spring,1,0,1,포레스트릿,꼬치어묵
2024-05-13,0,5,Spring,0,0,0,포레스트릿,꼬치어묵
2024-05-14,0,5,Spring,0,0,0,포레스트릿,꼬치어묵
2024-05-15,12,5,Spring,0,1,1,포레스트릿,꼬치어묵
2024-05-16,0,5,Spring,0,0,0,포레스트릿,꼬치어묵
2024-05-17,0,5,Spring,0,0,0,포레스트릿,꼬치어묵
2024-05-18,8,5,Spring,1,0,1,포레스트릿,꼬치어묵
2024-05-19,12,5,Spring,1,0,1,포레스트릿,꼬치어묵
2024-05-20,0,5,Spring,0,0,0,포레스트릿,꼬치어묵
2024-05-21,0,5,Spring,0,0,0,포레스트릿,꼬치어묵
2024-05-22,0,5,Spring,0,0,0,포레스트릿,꼬치어묵
2024-05-23,0,5,Spring,0,0,0,포레스트릿,꼬치어묵
2024-05-24,0,5,Spring,0,0,0,포레스트릿,꼬치어묵
2024-05-25,17,5,Spring,1,0,1,포레스트릿,꼬치어묵
2024-05-26,2,5,Spring,1,0,1,포레스트릿,꼬치어묵
2024-05-27,0,5,Spring,0,0,0,포레스트릿,꼬치어묵
2024-05-28,0,5,Spring,0,0,0,포레스트릿,꼬치어묵
2024-05-29,0,5,Spring,0,0,0,포레스트릿,꼬치어묵
2024-05-30,0,5,Spring,0,0,0,포레스트릿,꼬치어묵
2024-05-31,0,5,Spring,0,0,0,포레스트릿,꼬치어묵
2024-06-01,10,6,Summer,1,0,1,포레스트릿,꼬치어묵
2024-06-02,17,6,Summer,1,0,1,포레스트릿,꼬치어묵
2024-06-03,0,6,Summer,0,0,0,포레스트릿,꼬치어묵
2024-06-04,0,6,Summer,0,0,0,포레스트릿,꼬치어묵
2024-06-05,0,6,Summer,0,0,0,포레스트릿,꼬치어묵
2024-06-06,8,6,Summer,0,1,1,포레스트릿,꼬치어묵
2024-06-07,0,6,Summer,0,0,0,포레스트릿,꼬치어묵
2024-06-08,4,6,Summer,1,0,1,포레스트릿,꼬치어묵
2024-06-09,7,6,Summer,1,0,1,포레스트릿,꼬치어묵
2024-06-10,0,6,Summer,0,0,0,포레스트릿,꼬치어묵
2024-06-11,0,6,Summer,0,0,0,포레스트릿,꼬치어묵
2024-06-12,0,6,Summer,0,0,0,포레스트릿,꼬치어묵
2024-06-13,0,6,Summer,0,0,0,포레스트릿,꼬치어묵
2024-06-14,0,6,Summer,0,0,0,포레스트릿,꼬치어묵
2024-06-15,0,6,Summer,1,0,1,포레스트릿,꼬치어묵
2023-01-01,290,1,Winter,1,1,1,포레스트릿,떡볶이
2023-01-02,226,1,Winter,0,0,0,포레스트릿,떡볶이
2023-01-03,190,1,Winter,0,0,0,포레스트릿,떡볶이
2023-01-04,202,1,Winter,0,0,0,포레스트릿,떡볶이
2023-01-05,237,1,Winter,0,0,0,포레스트릿,떡볶이
2023-01-06,328,1,Winter,0,0,0,포레스트릿,떡볶이
2023-01-07,646,1,Winter,1,0,1,포레스트릿,떡볶이
2023-01-08,386,1,Winter,1,0,1,포레스트릿,떡볶이
2023-01-09,257,1,Winter,0,0,0,포레스트릿,떡볶이
2023-01-10,257,1,Winter,0,0,0,포레스트릿,떡볶이
2023-01-11,243,1,Winter,0,0,0,포레스트릿,떡볶이
2023-01-12,269,1,Winter,0,0,0,포레스트릿,떡볶이
2023-01-13,122,1,Winter,0,0,0,포레스트릿,떡볶이
2023-01-14,281,1,Winter,1,0,1,포레스트릿,떡볶이
2023-01-15,379,1,Winter,1,0,1,포레스트릿,떡볶이
2023-01-16,272,1,Winter,0,0,0,포레스트릿,떡볶이
2023-01-17,265,1,Winter,0,0,0,포레스트릿,떡볶이
2023-01-18,256,1,Winter,0,0,0,포레스트릿,떡볶이
2023-01-19,279,1,Winter,0,0,0,포레스트릿,떡볶이
2023-01-20,353,1,Winter,0,0,0,포레스트릿,떡볶이
2023-01-21,388,1,Winter,1,1,1,포레스트릿,떡볶이
2023-01-22,439,1,Winter,1,1,1,포레스트릿,떡볶이
2023-01-23,872,1,Winter,0,1,1,포레스트릿,떡볶이
2023-01-24,177,1,Winter,0,1,1,포레스트릿,떡볶이
2023-01-25,132,1,Winter,0,0,0,포레스트릿,떡볶이
2023-01-26,234,1,Winter,0,0,0,포레스트릿,떡볶이
2023-01-27,332,1,Winter,0,0,0,포레스트릿,떡볶이
2023-01-28,679,1,Winter,1,0,1,포레스트릿,떡볶이
2023-01-29,479,1,Winter,1,0,1,포레스트릿,떡볶이
2023-01-30,256,1,Winter,0,0,0,포레스트릿,떡볶이
2023-01-31,203,1,Winter,0,0,0,포레스트릿,떡볶이
2023-02-01,212,2,Winter,0,0,0,포레스트릿,떡볶이
2023-02-02,248,2,Winter,0,0,0,포레스트릿,떡볶이
2023-02-03,374,2,Winter,0,0,0,포레스트릿,떡볶이
2023-02-04,691,2,Winter,1,0,1,포레스트릿,떡볶이
2023-02-05,444,2,Winter,1,0,1,포레스트릿,떡볶이
2023-02-06,235,2,Winter,0,0,0,포레스트릿,떡볶이
2023-02-07,188,2,Winter,0,0,0,포레스트릿,떡볶이
2023-02-08,212,2,Winter,0,0,0,포레스트릿,떡볶이
2023-02-09,211,2,Winter,0,0,0,포레스트릿,떡볶이
2023-02-10,354,2,Winter,0,0,0,포레스트릿,떡볶이
2023-02-11,632,2,Winter,1,0,1,포레스트릿,떡볶이
2023-02-12,435,2,Winter,1,0,1,포레스트릿,떡볶이
2023-02-13,220,2,Winter,0,0,0,포레스트릿,떡볶이
2023-02-14,184,2,Winter,0,0,0,포레스트릿,떡볶이
2023-02-15,218,2,Winter,0,0,0,포레스트릿,떡볶이
2023-02-16,257,2,Winter,0,0,0,포레스트릿,떡볶이
2023-02-17,345,2,Winter,0,0,0,포레스트릿,떡볶이
2023-02-18,367,2,Winter,1,0,1,포레스트릿,떡볶이
2023-02-19,300,2,Winter,1,0,1,포레스트릿,떡볶이
2023-02-20,179,2,Winter,0,0,0,포레스트릿,떡볶이
2023-02-21,123,2,Winter,0,0,0,포레스트릿,떡볶이
2023-02-22,135,2,Winter,0,0,0,포레스트릿,떡볶이
2023-02-23,158,2,Winter,0,0,0,포레스트릿,떡볶이
2023-02-24,195,2,Winter,0,0,0,포레스트릿,떡볶이
2023-02-25,343,2,Winter,1,0,1,포레스트릿,떡볶이
2023-02-26,265,2,Winter,1,0,1,포레스트릿,떡볶이
2023-02-27,137,2,Winter,0,0,0,포레스트릿,떡볶이
2023-02-28,124,2,Winter,0,0,0,포레스트릿,떡볶이
2023-03-01,78,3,Spring,0,1,1,포레스트릿,떡볶이
2023-03-02,0,3,Spring,0,0,0,포레스트릿,떡볶이
2023-03-03,0,3,Spring,0,0,0,포레스트릿,떡볶이
2023-03-04,0,3,Spring,1,0,1,포레스트릿,떡볶이
2023-03-05,0,3,Spring,1,0,1,포레스트릿,떡볶이
2023-03-06,0,3,Spring,0,0,0,포레스트릿,떡볶이
2023-03-07,0,3,Spring,0,0,0,포레스트릿,떡볶이
2023-03-08,0,3,Spring,0,0,0,포레스트릿,떡볶이
2023-03-09,0,3,Spring,0,0,0,포레스트릿,떡볶이
2023-03-10,0,3,Spring,0,0,0,포레스트릿,떡볶이
2023-03-11,0,3,Spring,1,0,1,포레스트릿,떡볶이
2023-03-12,-3,3,Spring,1,0,1,포레스트릿,떡볶이
2023-03-13,0,3,Spring,0,0,0,포레스트릿,떡볶이
2023-03-14,0,3,Spring,0,0,0,포레스트릿,떡볶이
2023-03-15,0,3,Spring,0,0,0,포레스트릿,떡볶이
2023-03-16,0,3,Spring,0,0,0,포레스트릿,떡볶이
2023-03-17,0,3,Spring,0,0,0,포레스트릿,떡볶이
2023-03-18,0,3,Spring,1,0,1,포레스트릿,떡볶이
2023-03-19,0,3,Spring,1,0,1,포레스트릿,떡볶이
2023-03-20,0,3,Spring,0,0,0,포레스트릿,떡볶이
2023-03-21,0,3,Spring,0,0,0,포레스트릿,떡볶이
2023-03-22,0,3,Spring,0,0,0,포레스트릿,떡볶이
2023-03-23,0,3,Spring,0,0,0,포레스트릿,떡볶이
2023-03-24,0,3,Spring,0,0,0,포레스트릿,떡볶이
2023-03-25,0,3,Spring,1,0,1,포레스트릿,떡볶이
2023-03-26,0,3,Spring,1,0,1,포레스트릿,떡볶이
2023-03-27,0,3,Spring,0,0,0,포레스트릿,떡볶이
2023-03-28,0,3,Spring,0,0,0,포레스트릿,떡볶이
2023-03-29,0,3,Spring,0,0,0,포레스트릿,떡볶이
2023-03-30,0,3,Spring,0,0,0,포레스트릿,떡볶이
2023-03-31,0,3,Spring,0,0,0,포레스트릿,떡볶이
2023-04-01,6,4,Spring,1,0,1,포레스트릿,떡볶이
2023-04-02,6,4,Spring,1,0,1,포레스트릿,떡볶이
2023-04-03,0,4,Spring,0,0,0,포레스트릿,떡볶이
2023-04-04,0,4,Spring,0,0,0,포레스트릿,떡볶이
2023-04-05,0,4,Spring,0,0,0,포레스트릿,떡볶이
2023-04-06,0,4,Spring,0,0,0,포레스트릿,떡볶이
2023-04-07,3,4,Spring,0,0,0,포레스트릿,떡볶이
2023-04-08,8,4,Spring,1,0,1,포레스트릿,떡볶이
2023-04-09,6,4,Spring,1,0,1,포레스트릿,떡볶이
2023-04-10,0,4,Spring,0,0,0,포레스트릿,떡볶이
2023-04-11,0,4,Spring,0,0,0,포레스트릿,떡볶이
2023-04-12,0,4,Spring,0,0,0,포레스트릿,떡볶이
2023-04-13,0,4,Spring,0,0,0,포레스트릿,떡볶이
2023-04-14,2,4,Spring,0,0,0,포레스트릿,떡볶이
2023-04-15,2,4,Spring,1,0,1,포레스트릿,떡볶이
2023-04-16,8,4,Spring,1,0,1,포레스트릿,떡볶이
2023-04-17,0,4,Spring,0,0,0,포레스트릿,떡볶이
2023-04-18,0,4,Spring,0,0,0,포레스트릿,떡볶이
2023-04-19,0,4,Spring,0,0,0,포레스트릿,떡볶이
2023-04-20,0,4,Spring,0,0,0,포레스트릿,떡볶이
2023-04-21,0,4,Spring,0,0,0,포레스트릿,떡볶이
2023-04-22,10,4,Spring,1,0,1,포레스트릿,떡볶이
2023-04-23,16,4,Spring,1,0,1,포레스트릿,떡볶이
2023-04-24,0,4,Spring,0,0,0,포레스트릿,떡볶이
2023-04-25,0,4,Spring,0,0,0,포레스트릿,떡볶이
2023-04-26,0,4,Spring,0,0,0,포레스트릿,떡볶이
2023-04-27,0,4,Spring,0,0,0,포레스트릿,떡볶이
2023-04-28,0,4,Spring,0,0,0,포레스트릿,떡볶이
2023-04-29,5,4,Spring,1,0,1,포레스트릿,떡볶이
2023-04-30,23,4,Spring,1,0,1,포레스트릿,떡볶이
2023-05-01,9,5,Spring,0,0,0,포레스트릿,떡볶이
2023-05-02,1,5,Spring,0,0,0,포레스트릿,떡볶이
2023-05-03,0,5,Spring,0,0,0,포레스트릿,떡볶이
2023-05-04,5,5,Spring,0,0,0,포레스트릿,떡볶이
2023-05-05,2,5,Spring,0,1,1,포레스트릿,떡볶이
2023-05-06,0,5,Spring,1,0,1,포레스트릿,떡볶이
2023-05-07,13,5,Spring,1,0,1,포레스트릿,떡볶이
2023-05-08,0,5,Spring,0,0,0,포레스트릿,떡볶이
2023-05-09,0,5,Spring,0,0,0,포레스트릿,떡볶이
2023-05-10,0,5,Spring,0,0,0,포레스트릿,떡볶이
2023-05-11,0,5,Spring,0,0,0,포레스트릿,떡볶이
2023-05-12,3,5,Spring,0,0,0,포레스트릿,떡볶이
2023-05-13,23,5,Spring,1,0,1,포레스트릿,떡볶이
2023-05-14,14,5,Spring,1,0,1,포레스트릿,떡볶이
2023-05-15,0,5,Spring,0,0,0,포레스트릿,떡볶이
2023-05-16,0,5,Spring,0,0,0,포레스트릿,떡볶이
2023-05-17,2,5,Spring,0,0,0,포레스트릿,떡볶이
2023-05-18,0,5,Spring,0,0,0,포레스트릿,떡볶이
2023-05-19,1,5,Spring,0,0,0,포레스트릿,떡볶이
2023-05-20,17,5,Spring,1,0,1,포레스트릿,떡볶이
2023-05-21,17,5,Spring,1,0,1,포레스트릿,떡볶이
2023-05-22,0,5,Spring,0,0,0,포레스트릿,떡볶이
2023-05-23,1,5,Spring,0,0,0,포레스트릿,떡볶이
2023-05-24,0,5,Spring,0,0,0,포레스트릿,떡볶이
2023-05-25,1,5,Spring,0,0,0,포레스트릿,떡볶이
2023-05-26,3,5,Spring,0,0,0,포레스트릿,떡볶이
2023-05-27,1,5,Spring,1,1,1,포레스트릿,떡볶이
2023-05-28,4,5,Spring,1,0,1,포레스트릿,떡볶이
2023-05-29,7,5,Spring,0,1,1,포레스트릿,떡볶이
2023-05-30,0,5,Spring,0,0,0,포레스트릿,떡볶이
2023-05-31,0,5,Spring,0,0,0,포레스트릿,떡볶이
2023-06-01,0,6,Summer,0,0,0,포레스트릿,떡볶이
2023-06-02,1,6,Summer,0,0,0,포레스트릿,떡볶이
2023-06-03,13,6,Summer,1,0,1,포레스트릿,떡볶이
2023-06-04,13,6,Summer,1,0,1,포레스트릿,떡볶이
2023-06-05,10,6,Summer,0,0,0,포레스트릿,떡볶이
2023-06-06,20,6,Summer,0,1,1,포레스트릿,떡볶이
2023-06-07,1,6,Summer,0,0,0,포레스트릿,떡볶이
2023-06-08,1,6,Summer,0,0,0,포레스트릿,떡볶이
2023-06-09,2,6,Summer,0,0,0,포레스트릿,떡볶이
2023-06-10,7,6,Summer,1,0,1,포레스트릿,떡볶이
2023-06-11,2,6,Summer,1,0,1,포레스트릿,떡볶이
2023-06-12,0,6,Summer,0,0,0,포레스트릿,떡볶이
2023-06-13,3,6,Summer,0,0,0,포레스트릿,떡볶이
2023-06-14,4,6,Summer,0,0,0,포레스트릿,떡볶이
2023-06-15,2,6,Summer,0,0,0,포레스트릿,떡볶이
2023-06-16,0,6,Summer,0,0,0,포레스트릿,떡볶이
2023-06-17,11,6,Summer,1,0,1,포레스트릿,떡볶이
2023-06-18,8,6,Summer,1,0,1,포레스트릿,떡볶이
2023-06-19,0,6,Summer,0,0,0,포레스트릿,떡볶이
2023-06-20,0,6,Summer,0,0,0,포레스트릿,떡볶이
2023-06-21,0,6,Summer,0,0,0,포레스트릿,떡볶이
2023-06-22,0,6,Summer,0,0,0,포레스트릿,떡볶이
2023-06-23,1,6,Summer,0,0,0,포레스트릿,떡볶이
2023-06-24,7,6,Summer,1,0,1,포레스트릿,떡볶이
2023-06-25,3,6,Summer,1,0,1,포레스트릿,떡볶이
2023-06-26,0,6,Summer,0,0,0,포레스트릿,떡볶이
2023-06-27,0,6,Summer,0,0,0,포레스트릿,떡볶이
2023-06-28,0,6,Summer,0,0,0,포레스트릿,떡볶이
2023-06-29,0,6,Summer,0,0,0,포레스트릿,떡볶이
2023-06-30,0,6,Summer,0,0,0,포레스트릿,떡볶이
2023-07-01,3,7,Summer,1,0,1,포레스트릿,떡볶이
2023-07-02,2,7,Summer,1,0,1,포레스트릿,떡볶이
2023-07-03,0,7,Summer,0,0,0,포레스트릿,떡볶이
2023-07-04,0,7,Summer,0,0,0,포레스트릿,떡볶이
2023-07-05,0,7,Summer,0,0,0,포레스트릿,떡볶이
2023-07-06,1,7,Summer,0,0,0,포레스트릿,떡볶이
2023-07-07,0,7,Summer,0,0,0,포레스트릿,떡볶이
2023-07-08,5,7,Summer,1,0,1,포레스트릿,떡볶이
2023-07-09,1,7,Summer,1,0,1,포레스트릿,떡볶이
2023-07-10,0,7,Summer,0,0,0,포레스트릿,떡볶이
2023-07-11,0,7,Summer,0,0,0,포레스트릿,떡볶이
2023-07-12,0,7,Summer,0,0,0,포레스트릿,떡볶이
2023-07-13,0,7,Summer,0,0,0,포레스트릿,떡볶이
2023-07-14,0,7,Summer,0,0,0,포레스트릿,떡볶이
2023-07-15,2,7,Summer,1,0,1,포레스트릿,떡볶이
2023-07-16,0,7,Summer,1,0,1,포레스트릿,떡볶이
2023-07-17,1,7,Summer,0,0,0,포레스트릿,떡볶이
2023-07-18,0,7,Summer,0,0,0,포레스트릿,떡볶이
2023-07-19,1,7,Summer,0,0,0,포레스트릿,떡볶이
2023-07-20,2,7,Summer,0,0,0,포레스트릿,떡볶이
2023-07-21,0,7,Summer,0,0,0,포레스트릿,떡볶이
2023-07-22,0,7,Summer,1,0,1,포레스트릿,떡볶이
2023-07-23,0,7,Summer,1,0,1,포레스트릿,떡볶이
2023-07-24,0,7,Summer,0,0,0,포레스트릿,떡볶이
2023-07-25,2,7,Summer,0,0,0,포레스트릿,떡볶이
2023-07-26,1,7,Summer,0,0,0,포레스트릿,떡볶이
2023-07-27,0,7,Summer,0,0,0,포레스트릿,떡볶이
2023-07-28,0,7,Summer,0,0,0,포레스트릿,떡볶이
2023-07-29,1,7,Summer,1,0,1,포레스트릿,떡볶이
2023-07-30,2,7,Summer,1,0,1,포레스트릿,떡볶이
2023-07-31,0,7,Summer,0,0,0,포레스트릿,떡볶이
2023-08-01,2,8,Summer,0,0,0,포레스트릿,떡볶이
2023-08-02,0,8,Summer,0,0,0,포레스트릿,떡볶이
2023-08-03,3,8,Summer,0,0,0,포레스트릿,떡볶이
2023-08-04,1,8,Summer,0,0,0,포레스트릿,떡볶이
2023-08-05,0,8,Summer,1,0,1,포레스트릿,떡볶이
2023-08-06,1,8,Summer,1,0,1,포레스트릿,떡볶이
2023-08-07,0,8,Summer,0,0,0,포레스트릿,떡볶이
2023-08-08,0,8,Summer,0,0,0,포레스트릿,떡볶이
2023-08-09,2,8,Summer,0,0,0,포레스트릿,떡볶이
2023-08-10,0,8,Summer,0,0,0,포레스트릿,떡볶이
2023-08-11,0,8,Summer,0,0,0,포레스트릿,떡볶이
2023-08-12,1,8,Summer,1,0,1,포레스트릿,떡볶이
2023-08-13,3,8,Summer,1,0,1,포레스트릿,떡볶이
2023-08-14,1,8,Summer,0,0,0,포레스트릿,떡볶이
2023-08-15,4,8,Summer,0,1,1,포레스트릿,떡볶이
2023-08-16,1,8,Summer,0,0,0,포레스트릿,떡볶이
2023-08-17,1,8,Summer,0,0,0,포레스트릿,떡볶이
2023-08-18,0,8,Summer,0,0,0,포레스트릿,떡볶이
2023-08-19,1,8,Summer,1,0,1,포레스트릿,떡볶이
2023-08-20,2,8,Summer,1,0,1,포레스트릿,떡볶이
2023-08-21,0,8,Summer,0,0,0,포레스트릿,떡볶이
2023-08-22,0,8,Summer,0,0,0,포레스트릿,떡볶이
2023-08-23,0,8,Summer,0,0,0,포레스트릿,떡볶이
2023-08-24,0,8,Summer,0,0,0,포레스트릿,떡볶이
2023-08-25,0,8,Summer,0,0,0,포레스트릿,떡볶이
2023-08-26,4,8,Summer,1,0,1,포레스트릿,떡볶이
2023-08-27,3,8,Summer,1,0,1,포레스트릿,떡볶이
2023-08-28,0,8,Summer,0,0,0,포레스트릿,떡볶이
2023-08-29,0,8,Summer,0,0,0,포레스트릿,떡볶이
2023-08-30,0,8,Summer,0,0,0,포레스트릿,떡볶이
2023-08-31,0,8,Summer,0,0,0,포레스트릿,떡볶이
2023-09-01,0,9,Autumn,0,0,0,포레스트릿,떡볶이
2023-09-02,11,9,Autumn,1,0,1,포레스트릿,떡볶이
2023-09-03,4,9,Autumn,1,0,1,포레스트릿,떡볶이
2023-09-04,0,9,Autumn,0,0,0,포레스트릿,떡볶이
2023-09-05,0,9,Autumn,0,0,0,포레스트릿,떡볶이
2023-09-06,0,9,Autumn,0,0,0,포레스트릿,떡볶이
2023-09-07,0,9,Autumn,0,0,0,포레스트릿,떡볶이
2023-09-08,0,9,Autumn,0,0,0,포레스트릿,떡볶이
2023-09-09,6,9,Autumn,1,0,1,포레스트릿,떡볶이
2023-09-10,3,9,Autumn,1,0,1,포레스트릿,떡볶이
2023-09-11,0,9,Autumn,0,0,0,포레스트릿,떡볶이
2023-09-12,0,9,Autumn,0,0,0,포레스트릿,떡볶이
2023-09-13,0,9,Autumn,0,0,0,포레스트릿,떡볶이
2023-09-14,0,9,Autumn,0,0,0,포레스트릿,떡볶이
2023-09-15,0,9,Autumn,0,0,0,포레스트릿,떡볶이
2023-09-16,1,9,Autumn,1,0,1,포레스트릿,떡볶이
2023-09-17,3,9,Autumn,1,0,1,포레스트릿,떡볶이
2023-09-18,0,9,Autumn,0,0,0,포레스트릿,떡볶이
2023-09-19,0,9,Autumn,0,0,0,포레스트릿,떡볶이
2023-09-20,0,9,Autumn,0,0,0,포레스트릿,떡볶이
2023-09-21,0,9,Autumn,0,0,0,포레스트릿,떡볶이
2023-09-22,0,9,Autumn,0,0,0,포레스트릿,떡볶이
2023-09-23,22,9,Autumn,1,0,1,포레스트릿,떡볶이
2023-09-24,7,9,Autumn,1,0,1,포레스트릿,떡볶이
2023-09-25,0,9,Autumn,0,0,0,포레스트릿,떡볶이
2023-09-26,0,9,Autumn,0,0,0,포레스트릿,떡볶이
2023-09-27,0,9,Autumn,0,0,0,포레스트릿,떡볶이
2023-09-28,9,9,Autumn,0,1,1,포레스트릿,떡볶이
2023-09-29,17,9,Autumn,0,1,1,포레스트릿,떡볶이
2023-09-30,23,9,Autumn,1,1,1,포레스트릿,떡볶이
2023-10-01,18,10,Autumn,1,0,1,포레스트릿,떡볶이
2023-10-02,26,10,Autumn,0,1,1,포레스트릿,떡볶이
2023-10-03,21,10,Autumn,0,1,1,포레스트릿,떡볶이
2023-10-04,1,10,Autumn,0,0,0,포레스트릿,떡볶이
2023-10-05,3,10,Autumn,0,0,0,포레스트릿,떡볶이
2023-10-06,4,10,Autumn,0,0,0,포레스트릿,떡볶이
2023-10-07,32,10,Autumn,1,0,1,포레스트릿,떡볶이
2023-10-08,41,10,Autumn,1,0,1,포레스트릿,떡볶이
2023-10-09,29,10,Autumn,0,1,1,포레스트릿,떡볶이
2023-10-10,1,10,Autumn,0,0,0,포레스트릿,떡볶이
2023-10-11,0,10,Autumn,0,0,0,포레스트릿,떡볶이
2023-10-12,0,10,Autumn,0,0,0,포레스트릿,떡볶이
2023-10-13,8,10,Autumn,0,0,0,포레스트릿,떡볶이
2023-10-14,5,10,Autumn,1,0,1,포레스트릿,떡볶이
2023-10-15,36,10,Autumn,1,0,1,포레스트릿,떡볶이
2023-10-16,0,10,Autumn,0,0,0,포레스트릿,떡볶이
2023-10-17,4,10,Autumn,0,0,0,포레스트릿,떡볶이
2023-10-18,9,10,Autumn,0,0,0,포레스트릿,떡볶이
2023-10-19,1,10,Autumn,0,0,0,포레스트릿,떡볶이
2023-10-20,8,10,Autumn,0,0,0,포레스트릿,떡볶이
2023-10-21,27,10,Autumn,1,0,1,포레스트릿,떡볶이
2023-10-22,36,10,Autumn,1,0,1,포레스트릿,떡볶이
2023-10-23,0,10,Autumn,0,0,0,포레스트릿,떡볶이
2023-10-24,11,10,Autumn,0,0,0,포레스트릿,떡볶이
2023-10-25,10,10,Autumn,0,0,0,포레스트릿,떡볶이
2023-10-26,12,10,Autumn,0,0,0,포레스트릿,떡볶이
2023-10-27,10,10,Autumn,0,0,0,포레스트릿,떡볶이
2023-10-28,27,10,Autumn,1,0,1,포레스트릿,떡볶이
2023-10-29,22,10,Autumn,1,0,1,포레스트릿,떡볶이
2023-10-30,0,10,Autumn,0,0,0,포레스트릿,떡볶이
2023-10-31,6,10,Autumn,0,0,0,포레스트릿,떡볶이
2023-11-01,13,11,Autumn,0,0,0,포레스트릿,떡볶이
2023-11-02,8,11,Autumn,0,0,0,포레스트릿,떡볶이
2023-11-03,7,11,Autumn,0,0,0,포레스트릿,떡볶이
2023-11-04,16,11,Autumn,1,0,1,포레스트릿,떡볶이
2023-11-05,6,11,Autumn,1,0,1,포레스트릿,떡볶이
2023-11-06,0,11,Autumn,0,0,0,포레스트릿,떡볶이
2023-11-07,6,11,Autumn,0,0,0,포레스트릿,떡볶이
2023-11-08,6,11,Autumn,0,0,0,포레스트릿,떡볶이
2023-11-09,2,11,Autumn,0,0,0,포레스트릿,떡볶이
2023-11-10,3,11,Autumn,0,0,0,포레스트릿,떡볶이
2023-11-11,5,11,Autumn,1,0,1,포레스트릿,떡볶이
2023-11-12,7,11,Autumn,1,0,1,포레스트릿,떡볶이
2023-11-13,0,11,Autumn,0,0,0,포레스트릿,떡볶이
2023-11-14,2,11,Autumn,0,0,0,포레스트릿,떡볶이
2023-11-15,0,11,Autumn,0,0,0,포레스트릿,떡볶이
2023-11-16,0,11,Autumn,0,0,0,포레스트릿,떡볶이
2023-11-17,1,11,Autumn,0,0,0,포레스트릿,떡볶이
2023-11-18,2,11,Autumn,1,0,1,포레스트릿,떡볶이
2023-11-19,7,11,Autumn,1,0,1,포레스트릿,떡볶이
2023-11-20,0,11,Autumn,0,0,0,포레스트릿,떡볶이
2023-11-21,0,11,Autumn,0,0,0,포레스트릿,떡볶이
2023-11-22,0,11,Autumn,0,0,0,포레스트릿,떡볶이
2023-11-23,1,11,Autumn,0,0,0,포레스트릿,떡볶이
2023-11-24,0,11,Autumn,0,0,0,포레스트릿,떡볶이
2023-11-25,1,11,Autumn,1,0,1,포레스트릿,떡볶이
2023-11-26,0,11,Autumn,1,0,1,포레스트릿,떡볶이
2023-11-27,0,11,Autumn,0,0,0,포레스트릿,떡볶이
2023-11-28,0,11,Autumn,0,0,0,포레스트릿,떡볶이
2023-11-29,0,11,Autumn,0,0,0,포레스트릿,떡볶이
2023-11-30,0,11,Autumn,0,0,0,포레스트릿,떡볶이
2023-12-01,0,12,Winter,0,0,0,포레스트릿,떡볶이
2023-12-02,0,12,Winter,1,0,1,포레스트릿,떡볶이
2023-12-03,0,12,Winter,1,0,1,포레스트릿,떡볶이
2023-12-04,0,12,Winter,0,0,0,포레스트릿,떡볶이
2023-12-05,0,12,Winter,0,0,0,포레스트릿,떡볶이
2023-12-06,2,12,Winter,0,0,0,포레스트릿,떡볶이
2023-12-07,15,12,Winter,0,0,0,포레스트릿,떡볶이
2023-12-08,225,12,Winter,0,0,0,포레스트릿,떡볶이
2023-12-09,503,12,Winter,1,0,1,포레스트릿,떡볶이
2023-12-10,332,12,Winter,1,0,1,포레스트릿,떡볶이
2023-12-11,14,12,Winter,0,0,0,포레스트릿,떡볶이
2023-12-12,85,12,Winter,0,0,0,포레스트릿,떡볶이
2023-12-13,117,12,Winter,0,0,0,포레스트릿,떡볶이
2023-12-14,24,12,Winter,0,0,0,포레스트릿,떡볶이
2023-12-15,15,12,Winter,0,0,0,포레스트릿,떡볶이
2023-12-16,175,12,Winter,1,0,1,포레스트릿,떡볶이
2023-12-17,94,12,Winter,1,0,1,포레스트릿,떡볶이
2023-12-18,280,12,Winter,0,0,0,포레스트릿,떡볶이
2023-12-19,256,12,Winter,0,0,0,포레스트릿,떡볶이
2023-12-20,238,12,Winter,0,0,0,포레스트릿,떡볶이
2023-12-21,191,12,Winter,0,0,0,포레스트릿,떡볶이
2023-12-22,386,12,Winter,0,0,0,포레스트릿,떡볶이
2023-12-23,657,12,Winter,1,0,1,포레스트릿,떡볶이
2023-12-24,1016,12,Winter,1,0,1,포레스트릿,떡볶이
2023-12-25,492,12,Winter,0,1,1,포레스트릿,떡볶이
2023-12-26,301,12,Winter,0,0,0,포레스트릿,떡볶이
2023-12-27,420,12,Winter,0,0,0,포레스트릿,떡볶이
2023-12-28,528,12,Winter,0,0,0,포레스트릿,떡볶이
2023-12-29,702,12,Winter,0,0,0,포레스트릿,떡볶이
2023-12-30,590,12,Winter,1,0,1,포레스트릿,떡볶이
2023-12-31,779,12,Winter,1,0,1,포레스트릿,떡볶이
2024-01-01,588,1,Winter,0,1,1,포레스트릿,떡볶이
2024-01-02,358,1,Winter,0,0,0,포레스트릿,떡볶이
2024-01-03,305,1,Winter,0,0,0,포레스트릿,떡볶이
2024-01-04,326,1,Winter,0,0,0,포레스트릿,떡볶이
2024-01-05,492,1,Winter,0,0,0,포레스트릿,떡볶이
2024-01-06,926,1,Winter,1,0,1,포레스트릿,떡볶이
2024-01-07,558,1,Winter,1,0,1,포레스트릿,떡볶이
2024-01-08,392,1,Winter,0,0,0,포레스트릿,떡볶이
2024-01-09,342,1,Winter,0,0,0,포레스트릿,떡볶이
2024-01-10,409,1,Winter,0,0,0,포레스트릿,떡볶이
2024-01-11,406,1,Winter,0,0,0,포레스트릿,떡볶이
2024-01-12,720,1,Winter,0,0,0,포레스트릿,떡볶이
2024-01-13,1174,1,Winter,1,0,1,포레스트릿,떡볶이
2024-01-14,476,1,Winter,1,0,1,포레스트릿,떡볶이
2024-01-15,444,1,Winter,0,0,0,포레스트릿,떡볶이
2024-01-16,421,1,Winter,0,0,0,포레스트릿,떡볶이
2024-01-17,332,1,Winter,0,0,0,포레스트릿,떡볶이
2024-01-18,426,1,Winter,0,0,0,포레스트릿,떡볶이
2024-01-19,804,1,Winter,0,0,0,포레스트릿,떡볶이
2024-01-20,1089,1,Winter,1,0,1,포레스트릿,떡볶이
2024-01-21,700,1,Winter,1,0,1,포레스트릿,떡볶이
2024-01-22,333,1,Winter,0,0,0,포레스트릿,떡볶이
2024-01-23,228,1,Winter,0,0,0,포레스트릿,떡볶이
2024-01-24,277,1,Winter,0,0,0,포레스트릿,떡볶이
2024-01-25,362,1,Winter,0,0,0,포레스트릿,떡볶이
2024-01-26,685,1,Winter,0,0,0,포레스트릿,떡볶이
2024-01-27,1200,1,Winter,1,0,1,포레스트릿,떡볶이
2024-01-28,739,1,Winter,1,0,1,포레스트릿,떡볶이
2024-01-29,469,1,Winter,0,0,0,포레스트릿,떡볶이
2024-01-30,384,1,Winter,0,0,0,포레스트릿,떡볶이
2024-01-31,397,1,Winter,0,0,0,포레스트릿,떡볶이
2024-02-01,434,2,Winter,0,0,0,포레스트릿,떡볶이
2024-02-02,629,2,Winter,0,0,0,포레스트릿,떡볶이
2024-02-03,1044,2,Winter,1,0,1,포레스트릿,떡볶이
2024-02-04,635,2,Winter,1,0,1,포레스트릿,떡볶이
2024-02-05,240,2,Winter,0,0,0,포레스트릿,떡볶이
2024-02-06,330,2,Winter,0,0,0,포레스트릿,떡볶이
2024-02-07,356,2,Winter,0,0,0,포레스트릿,떡볶이
2024-02-08,625,2,Winter,0,0,0,포레스트릿,떡볶이
2024-02-09,493,2,Winter,0,1,1,포레스트릿,떡볶이
2024-02-10,455,2,Winter,1,1,1,포레스트릿,떡볶이
2024-02-11,885,2,Winter,1,1,1,포레스트릿,떡볶이
2024-02-12,589,2,Winter,0,1,1,포레스트릿,떡볶이
2024-02-13,315,2,Winter,0,0,0,포레스트릿,떡볶이
2024-02-14,228,2,Winter,0,0,0,포레스트릿,떡볶이
2024-02-15,125,2,Winter,0,0,0,포레스트릿,떡볶이
2024-02-16,493,2,Winter,0,0,0,포레스트릿,떡볶이
2024-02-17,743,2,Winter,1,0,1,포레스트릿,떡볶이
2024-02-18,314,2,Winter,1,0,1,포레스트릿,떡볶이
2024-02-19,69,2,Winter,0,0,0,포레스트릿,떡볶이
2024-02-20,124,2,Winter,0,0,0,포레스트릿,떡볶이
2024-02-21,47,2,Winter,0,0,0,포레스트릿,떡볶이
2024-02-22,292,2,Winter,0,0,0,포레스트릿,떡볶이
2024-02-23,448,2,Winter,0,0,0,포레스트릿,떡볶이
2024-02-24,550,2,Winter,1,0,1,포레스트릿,떡볶이
2024-02-25,365,2,Winter,1,0,1,포레스트릿,떡볶이
2024-02-26,201,2,Winter,0,0,0,포레스트릿,떡볶이
2024-02-27,182,2,Winter,0,0,0,포레스트릿,떡볶이
2024-02-28,154,2,Winter,0,0,0,포레스트릿,떡볶이
2024-02-29,177,2,Winter,0,0,0,포레스트릿,떡볶이
2024-03-01,281,3,Spring,0,1,1,포레스트릿,떡볶이
2024-03-02,151,3,Spring,1,0,1,포레스트릿,떡볶이
2024-03-03,48,3,Spring,1,0,1,포레스트릿,떡볶이
2024-03-04,0,3,Spring,0,0,0,포레스트릿,떡볶이
2024-03-05,0,3,Spring,0,0,0,포레스트릿,떡볶이
2024-03-06,0,3,Spring,0,0,0,포레스트릿,떡볶이
2024-03-07,0,3,Spring,0,0,0,포레스트릿,떡볶이
2024-03-08,0,3,Spring,0,0,0,포레스트릿,떡볶이
2024-03-09,0,3,Spring,1,0,1,포레스트릿,떡볶이
2024-03-10,0,3,Spring,1,0,1,포레스트릿,떡볶이
2024-03-11,0,3,Spring,0,0,0,포레스트릿,떡볶이
2024-03-12,0,3,Spring,0,0,0,포레스트릿,떡볶이
2024-03-13,0,3,Spring,0,0,0,포레스트릿,떡볶이
2024-03-14,0,3,Spring,0,0,0,포레스트릿,떡볶이
2024-03-15,0,3,Spring,0,0,0,포레스트릿,떡볶이
2024-03-16,0,3,Spring,1,0,1,포레스트릿,떡볶이
2024-03-17,0,3,Spring,1,0,1,포레스트릿,떡볶이
2024-03-18,0,3,Spring,0,0,0,포레스트릿,떡볶이
2024-03-19,0,3,Spring,0,0,0,포레스트릿,떡볶이
2024-03-20,0,3,Spring,0,0,0,포레스트릿,떡볶이
2024-03-21,0,3,Spring,0,0,0,포레스트릿,떡볶이
2024-03-22,0,3,Spring,0,0,0,포레스트릿,떡볶이
2024-03-23,0,3,Spring,1,0,1,포레스트릿,떡볶이
2024-03-24,0,3,Spring,1,0,1,포레스트릿,떡볶이
2024-03-25,0,3,Spring,0,0,0,포레스트릿,떡볶이
2024-03-26,0,3,Spring,0,0,0,포레스트릿,떡볶이
2024-03-27,3,3,Spring,0,0,0,포레스트릿,떡볶이
2024-03-28,0,3,Spring,0,0,0,포레스트릿,떡볶이
2024-03-29,0,3,Spring,0,0,0,포레스트릿,떡볶이
2024-03-30,7,3,Spring,1,0,1,포레스트릿,떡볶이
2024-03-31,10,3,Spring,1,0,1,포레스트릿,떡볶이
2024-04-01,0,4,Spring,0,0,0,포레스트릿,떡볶이
2024-04-02,5,4,Spring,0,0,0,포레스트릿,떡볶이
2024-04-03,2,4,Spring,0,0,0,포레스트릿,떡볶이
2024-04-04,5,4,Spring,0,0,0,포레스트릿,떡볶이
2024-04-05,11,4,Spring,0,0,0,포레스트릿,떡볶이
2024-04-06,29,4,Spring,1,0,1,포레스트릿,떡볶이
2024-04-07,15,4,Spring,1,0,1,포레스트릿,떡볶이
2024-04-08,0,4,Spring,0,0,0,포레스트릿,떡볶이
2024-04-09,8,4,Spring,0,0,0,포레스트릿,떡볶이
2024-04-10,26,4,Spring,0,1,1,포레스트릿,떡볶이
2024-04-11,8,4,Spring,0,0,0,포레스트릿,떡볶이
2024-04-12,8,4,Spring,0,0,0,포레스트릿,떡볶이
2024-04-13,10,4,Spring,1,0,1,포레스트릿,떡볶이
2024-04-14,12,4,Spring,1,0,1,포레스트릿,떡볶이
2024-04-15,0,4,Spring,0,0,0,포레스트릿,떡볶이
2024-04-16,0,4,Spring,0,0,0,포레스트릿,떡볶이
2024-04-17,3,4,Spring,0,0,0,포레스트릿,떡볶이
2024-04-18,2,4,Spring,0,0,0,포레스트릿,떡볶이
2024-04-19,3,4,Spring,0,0,0,포레스트릿,떡볶이
2024-04-20,4,4,Spring,1,0,1,포레스트릿,떡볶이
2024-04-21,21,4,Spring,1,0,1,포레스트릿,떡볶이
2024-04-22,0,4,Spring,0,0,0,포레스트릿,떡볶이
2024-04-23,1,4,Spring,0,0,0,포레스트릿,떡볶이
2024-04-24,0,4,Spring,0,0,0,포레스트릿,떡볶이
2024-04-25,0,4,Spring,0,0,0,포레스트릿,떡볶이
2024-04-26,0,4,Spring,0,0,0,포레스트릿,떡볶이
2024-04-27,13,4,Spring,1,0,1,포레스트릿,떡볶이
2024-04-28,25,4,Spring,1,0,1,포레스트릿,떡볶이
2024-04-29,0,4,Spring,0,0,0,포레스트릿,떡볶이
2024-04-30,0,4,Spring,0,0,0,포레스트릿,떡볶이
2024-05-01,0,5,Spring,0,0,0,포레스트릿,떡볶이
2024-05-02,0,5,Spring,0,0,0,포레스트릿,떡볶이
2024-05-03,0,5,Spring,0,0,0,포레스트릿,떡볶이
2024-05-04,24,5,Spring,1,0,1,포레스트릿,떡볶이
2024-05-05,2,5,Spring,1,1,1,포레스트릿,떡볶이
2024-05-06,2,5,Spring,0,1,1,포레스트릿,떡볶이
2024-05-07,0,5,Spring,0,0,0,포레스트릿,떡볶이
2024-05-08,0,5,Spring,0,0,0,포레스트릿,떡볶이
2024-05-09,0,5,Spring,0,0,0,포레스트릿,떡볶이
2024-05-10,3,5,Spring,0,0,0,포레스트릿,떡볶이
2024-05-11,13,5,Spring,1,0,1,포레스트릿,떡볶이
2024-05-12,9,5,Spring,1,0,1,포레스트릿,떡볶이
2024-05-13,0,5,Spring,0,0,0,포레스트릿,떡볶이
2024-05-14,0,5,Spring,0,0,0,포레스트릿,떡볶이
2024-05-15,6,5,Spring,0,1,1,포레스트릿,떡볶이
2024-05-16,0,5,Spring,0,0,0,포레스트릿,떡볶이
2024-05-17,0,5,Spring,0,0,0,포레스트릿,떡볶이
2024-05-18,12,5,Spring,1,0,1,포레스트릿,떡볶이
2024-05-19,10,5,Spring,1,0,1,포레스트릿,떡볶이
2024-05-20,0,5,Spring,0,0,0,포레스트릿,떡볶이
2024-05-21,0,5,Spring,0,0,0,포레스트릿,떡볶이
2024-05-22,0,5,Spring,0,0,0,포레스트릿,떡볶이
2024-05-23,0,5,Spring,0,0,0,포레스트릿,떡볶이
2024-05-24,0,5,Spring,0,0,0,포레스트릿,떡볶이
2024-05-25,28,5,Spring,1,0,1,포레스트릿,떡볶이
2024-05-26,2,5,Spring,1,0,1,포레스트릿,떡볶이
2024-05-27,0,5,Spring,0,0,0,포레스트릿,떡볶이
2024-05-28,0,5,Spring,0,0,0,포레스트릿,떡볶이
2024-05-29,0,5,Spring,0,0,0,포레스트릿,떡볶이
2024-05-30,0,5,Spring,0,0,0,포레스트릿,떡볶이
2024-05-31,0,5,Spring,0,0,0,포레스트릿,떡볶이
2024-06-01,13,6,Summer,1,0,1,포레스트릿,떡볶이
2024-06-02,21,6,Summer,1,0,1,포레스트릿,떡볶이
2024-06-03,0,6,Summer,0,0,0,포레스트릿,떡볶이
2024-06-04,0,6,Summer,0,0,0,포레스트릿,떡볶이
2024-06-05,0,6,Summer,0,0,0,포레스트릿,떡볶이
2024-06-06,23,6,Summer,0,1,1,포레스트릿,떡볶이
2024-06-07,0,6,Summer,0,0,0,포레스트릿,떡볶이
2024-06-08,5,6,Summer,1,0,1,포레스트릿,떡볶이
2024-06-09,11,6,Summer,1,0,1,포레스트릿,떡볶이
2024-06-10,0,6,Summer,0,0,0,포레스트릿,떡볶이
2024-06-11,0,6,Summer,0,0,0,포레스트릿,떡볶이
2024-06-12,0,6,Summer,0,0,0,포레스트릿,떡볶이
2024-06-13,0,6,Summer,0,0,0,포레스트릿,떡볶이
2024-06-14,0,6,Summer,0,0,0,포레스트릿,떡볶이
2024-06-15,9,6,Summer,1,0,1,포레스트릿,떡볶이
2023-01-01,113,1,Winter,1,1,1,포레스트릿,복숭아 아이스티
2023-01-02,68,1,Winter,0,0,0,포레스트릿,복숭아 아이스티
2023-01-03,61,1,Winter,0,0,0,포레스트릿,복숭아 아이스티
2023-01-04,103,1,Winter,0,0,0,포레스트릿,복숭아 아이스티
2023-01-05,73,1,Winter,0,0,0,포레스트릿,복숭아 아이스티
2023-01-06,193,1,Winter,0,0,0,포레스트릿,복숭아 아이스티
2023-01-07,193,1,Winter,1,0,1,포레스트릿,복숭아 아이스티
2023-01-08,210,1,Winter,1,0,1,포레스트릿,복숭아 아이스티
2023-01-09,171,1,Winter,0,0,0,포레스트릿,복숭아 아이스티
2023-01-10,145,1,Winter,0,0,0,포레스트릿,복숭아 아이스티
2023-01-11,169,1,Winter,0,0,0,포레스트릿,복숭아 아이스티
2023-01-12,243,1,Winter,0,0,0,포레스트릿,복숭아 아이스티
2023-01-13,98,1,Winter,0,0,0,포레스트릿,복숭아 아이스티
2023-01-14,141,1,Winter,1,0,1,포레스트릿,복숭아 아이스티
2023-01-15,86,1,Winter,1,0,1,포레스트릿,복숭아 아이스티
2023-01-16,85,1,Winter,0,0,0,포레스트릿,복숭아 아이스티
2023-01-17,88,1,Winter,0,0,0,포레스트릿,복숭아 아이스티
2023-01-18,101,1,Winter,0,0,0,포레스트릿,복숭아 아이스티
2023-01-19,151,1,Winter,0,0,0,포레스트릿,복숭아 아이스티
2023-01-20,77,1,Winter,0,0,0,포레스트릿,복숭아 아이스티
2023-01-21,130,1,Winter,1,1,1,포레스트릿,복숭아 아이스티
2023-01-22,147,1,Winter,1,1,1,포레스트릿,복숭아 아이스티
2023-01-23,225,1,Winter,0,1,1,포레스트릿,복숭아 아이스티
2023-01-24,21,1,Winter,0,1,1,포레스트릿,복숭아 아이스티
2023-01-25,39,1,Winter,0,0,0,포레스트릿,복숭아 아이스티
2023-01-26,94,1,Winter,0,0,0,포레스트릿,복숭아 아이스티
2023-01-27,68,1,Winter,0,0,0,포레스트릿,복숭아 아이스티
2023-01-28,148,1,Winter,1,0,1,포레스트릿,복숭아 아이스티
2023-01-29,176,1,Winter,1,0,1,포레스트릿,복숭아 아이스티
2023-01-30,151,1,Winter,0,0,0,포레스트릿,복숭아 아이스티
2023-01-31,162,1,Winter,0,0,0,포레스트릿,복숭아 아이스티
2023-02-01,79,2,Winter,0,0,0,포레스트릿,복숭아 아이스티
2023-02-02,124,2,Winter,0,0,0,포레스트릿,복숭아 아이스티
2023-02-03,155,2,Winter,0,0,0,포레스트릿,복숭아 아이스티
2023-02-04,233,2,Winter,1,0,1,포레스트릿,복숭아 아이스티
2023-02-05,194,2,Winter,1,0,1,포레스트릿,복숭아 아이스티
2023-02-06,172,2,Winter,0,0,0,포레스트릿,복숭아 아이스티
2023-02-07,160,2,Winter,0,0,0,포레스트릿,복숭아 아이스티
2023-02-08,132,2,Winter,0,0,0,포레스트릿,복숭아 아이스티
2023-02-09,202,2,Winter,0,0,0,포레스트릿,복숭아 아이스티
2023-02-10,151,2,Winter,0,0,0,포레스트릿,복숭아 아이스티
2023-02-11,322,2,Winter,1,0,1,포레스트릿,복숭아 아이스티
2023-02-12,248,2,Winter,1,0,1,포레스트릿,복숭아 아이스티
2023-02-13,147,2,Winter,0,0,0,포레스트릿,복숭아 아이스티
2023-02-14,134,2,Winter,0,0,0,포레스트릿,복숭아 아이스티
2023-02-15,142,2,Winter,0,0,0,포레스트릿,복숭아 아이스티
2023-02-16,124,2,Winter,0,0,0,포레스트릿,복숭아 아이스티
2023-02-17,212,2,Winter,0,0,0,포레스트릿,복숭아 아이스티
2023-02-18,333,2,Winter,1,0,1,포레스트릿,복숭아 아이스티
2023-02-19,250,2,Winter,1,0,1,포레스트릿,복숭아 아이스티
2023-02-20,145,2,Winter,0,0,0,포레스트릿,복숭아 아이스티
2023-02-21,101,2,Winter,0,0,0,포레스트릿,복숭아 아이스티
2023-02-22,118,2,Winter,0,0,0,포레스트릿,복숭아 아이스티
2023-02-23,93,2,Winter,0,0,0,포레스트릿,복숭아 아이스티
2023-02-24,107,2,Winter,0,0,0,포레스트릿,복숭아 아이스티
2023-02-25,150,2,Winter,1,0,1,포레스트릿,복숭아 아이스티
2023-02-26,143,2,Winter,1,0,1,포레스트릿,복숭아 아이스티
2023-02-27,78,2,Winter,0,0,0,포레스트릿,복숭아 아이스티
2023-02-28,106,2,Winter,0,0,0,포레스트릿,복숭아 아이스티
2023-03-01,58,3,Spring,0,1,1,포레스트릿,복숭아 아이스티
2023-03-02,0,3,Spring,0,0,0,포레스트릿,복숭아 아이스티
2023-03-03,0,3,Spring,0,0,0,포레스트릿,복숭아 아이스티
2023-03-04,0,3,Spring,1,0,1,포레스트릿,복숭아 아이스티
2023-03-05,0,3,Spring,1,0,1,포레스트릿,복숭아 아이스티
2023-03-06,0,3,Spring,0,0,0,포레스트릿,복숭아 아이스티
2023-03-07,0,3,Spring,0,0,0,포레스트릿,복숭아 아이스티
2023-03-08,0,3,Spring,0,0,0,포레스트릿,복숭아 아이스티
2023-03-09,0,3,Spring,0,0,0,포레스트릿,복숭아 아이스티
2023-03-10,0,3,Spring,0,0,0,포레스트릿,복숭아 아이스티
2023-03-11,0,3,Spring,1,0,1,포레스트릿,복숭아 아이스티
2023-03-12,0,3,Spring,1,0,1,포레스트릿,복숭아 아이스티
2023-03-13,0,3,Spring,0,0,0,포레스트릿,복숭아 아이스티
2023-03-14,0,3,Spring,0,0,0,포레스트릿,복숭아 아이스티
2023-03-15,0,3,Spring,0,0,0,포레스트릿,복숭아 아이스티
2023-03-16,0,3,Spring,0,0,0,포레스트릿,복숭아 아이스티
2023-03-17,0,3,Spring,0,0,0,포레스트릿,복숭아 아이스티
2023-03-18,0,3,Spring,1,0,1,포레스트릿,복숭아 아이스티
2023-03-19,0,3,Spring,1,0,1,포레스트릿,복숭아 아이스티
2023-03-20,0,3,Spring,0,0,0,포레스트릿,복숭아 아이스티
2023-03-21,0,3,Spring,0,0,0,포레스트릿,복숭아 아이스티
2023-03-22,0,3,Spring,0,0,0,포레스트릿,복숭아 아이스티
2023-03-23,0,3,Spring,0,0,0,포레스트릿,복숭아 아이스티
2023-03-24,0,3,Spring,0,0,0,포레스트릿,복숭아 아이스티
2023-03-25,0,3,Spring,1,0,1,포레스트릿,복숭아 아이스티
2023-03-26,0,3,Spring,1,0,1,포레스트릿,복숭아 아이스티
2023-03-27,0,3,Spring,0,0,0,포레스트릿,복숭아 아이스티
2023-03-28,0,3,Spring,0,0,0,포레스트릿,복숭아 아이스티
2023-03-29,0,3,Spring,0,0,0,포레스트릿,복숭아 아이스티
2023-03-30,0,3,Spring,0,0,0,포레스트릿,복숭아 아이스티
2023-03-31,0,3,Spring,0,0,0,포레스트릿,복숭아 아이스티
2023-04-01,34,4,Spring,1,0,1,포레스트릿,복숭아 아이스티
2023-04-02,23,4,Spring,1,0,1,포레스트릿,복숭아 아이스티
2023-04-03,0,4,Spring,0,0,0,포레스트릿,복숭아 아이스티
2023-04-04,0,4,Spring,0,0,0,포레스트릿,복숭아 아이스티
2023-04-05,0,4,Spring,0,0,0,포레스트릿,복숭아 아이스티
2023-04-06,0,4,Spring,0,0,0,포레스트릿,복숭아 아이스티
2023-04-07,2,4,Spring,0,0,0,포레스트릿,복숭아 아이스티
2023-04-08,1,4,Spring,1,0,1,포레스트릿,복숭아 아이스티
2023-04-09,5,4,Spring,1,0,1,포레스트릿,복숭아 아이스티
2023-04-10,0,4,Spring,0,0,0,포레스트릿,복숭아 아이스티
2023-04-11,0,4,Spring,0,0,0,포레스트릿,복숭아 아이스티
2023-04-12,0,4,Spring,0,0,0,포레스트릿,복숭아 아이스티
2023-04-13,0,4,Spring,0,0,0,포레스트릿,복숭아 아이스티
2023-04-14,5,4,Spring,0,0,0,포레스트릿,복숭아 아이스티
2023-04-15,0,4,Spring,1,0,1,포레스트릿,복숭아 아이스티
2023-04-16,1,4,Spring,1,0,1,포레스트릿,복숭아 아이스티
2023-04-17,0,4,Spring,0,0,0,포레스트릿,복숭아 아이스티
2023-04-18,0,4,Spring,0,0,0,포레스트릿,복숭아 아이스티
2023-04-19,0,4,Spring,0,0,0,포레스트릿,복숭아 아이스티
2023-04-20,0,4,Spring,0,0,0,포레스트릿,복숭아 아이스티
2023-04-21,0,4,Spring,0,0,0,포레스트릿,복숭아 아이스티
2023-04-22,13,4,Spring,1,0,1,포레스트릿,복숭아 아이스티
2023-04-23,8,4,Spring,1,0,1,포레스트릿,복숭아 아이스티
2023-04-24,0,4,Spring,0,0,0,포레스트릿,복숭아 아이스티
2023-04-25,0,4,Spring,0,0,0,포레스트릿,복숭아 아이스티
2023-04-26,0,4,Spring,0,0,0,포레스트릿,복숭아 아이스티
2023-04-27,4,4,Spring,0,0,0,포레스트릿,복숭아 아이스티
2023-04-28,6,4,Spring,0,0,0,포레스트릿,복숭아 아이스티
2023-04-29,0,4,Spring,1,0,1,포레스트릿,복숭아 아이스티
2023-04-30,16,4,Spring,1,0,1,포레스트릿,복숭아 아이스티
2023-05-01,6,5,Spring,0,0,0,포레스트릿,복숭아 아이스티
2023-05-02,1,5,Spring,0,0,0,포레스트릿,복숭아 아이스티
2023-05-03,1,5,Spring,0,0,0,포레스트릿,복숭아 아이스티
2023-05-04,7,5,Spring,0,0,0,포레스트릿,복숭아 아이스티
2023-05-05,0,5,Spring,0,1,1,포레스트릿,복숭아 아이스티
2023-05-06,0,5,Spring,1,0,1,포레스트릿,복숭아 아이스티
2023-05-07,3,5,Spring,1,0,1,포레스트릿,복숭아 아이스티
2023-05-08,0,5,Spring,0,0,0,포레스트릿,복숭아 아이스티
2023-05-09,3,5,Spring,0,0,0,포레스트릿,복숭아 아이스티
2023-05-10,1,5,Spring,0,0,0,포레스트릿,복숭아 아이스티
2023-05-11,2,5,Spring,0,0,0,포레스트릿,복숭아 아이스티
2023-05-12,12,5,Spring,0,0,0,포레스트릿,복숭아 아이스티
2023-05-13,24,5,Spring,1,0,1,포레스트릿,복숭아 아이스티
2023-05-14,11,5,Spring,1,0,1,포레스트릿,복숭아 아이스티
2023-05-15,0,5,Spring,0,0,0,포레스트릿,복숭아 아이스티
2023-05-16,9,5,Spring,0,0,0,포레스트릿,복숭아 아이스티
2023-05-17,1,5,Spring,0,0,0,포레스트릿,복숭아 아이스티
2023-05-18,1,5,Spring,0,0,0,포레스트릿,복숭아 아이스티
2023-05-19,5,5,Spring,0,0,0,포레스트릿,복숭아 아이스티
2023-05-20,12,5,Spring,1,0,1,포레스트릿,복숭아 아이스티
2023-05-21,6,5,Spring,1,0,1,포레스트릿,복숭아 아이스티
2023-05-22,0,5,Spring,0,0,0,포레스트릿,복숭아 아이스티
2023-05-23,1,5,Spring,0,0,0,포레스트릿,복숭아 아이스티
2023-05-24,5,5,Spring,0,0,0,포레스트릿,복숭아 아이스티
2023-05-25,3,5,Spring,0,0,0,포레스트릿,복숭아 아이스티
2023-05-26,9,5,Spring,0,0,0,포레스트릿,복숭아 아이스티
2023-05-27,6,5,Spring,1,1,1,포레스트릿,복숭아 아이스티
2023-05-28,0,5,Spring,1,0,1,포레스트릿,복숭아 아이스티
2023-05-29,8,5,Spring,0,1,1,포레스트릿,복숭아 아이스티
2023-05-30,0,5,Spring,0,0,0,포레스트릿,복숭아 아이스티
2023-05-31,6,5,Spring,0,0,0,포레스트릿,복숭아 아이스티
2023-06-01,4,6,Summer,0,0,0,포레스트릿,복숭아 아이스티
2023-06-02,11,6,Summer,0,0,0,포레스트릿,복숭아 아이스티
2023-06-03,36,6,Summer,1,0,1,포레스트릿,복숭아 아이스티
2023-06-04,21,6,Summer,1,0,1,포레스트릿,복숭아 아이스티
2023-06-05,0,6,Summer,0,0,0,포레스트릿,복숭아 아이스티
2023-06-06,28,6,Summer,0,1,1,포레스트릿,복숭아 아이스티
2023-06-07,1,6,Summer,0,0,0,포레스트릿,복숭아 아이스티
2023-06-08,0,6,Summer,0,0,0,포레스트릿,복숭아 아이스티
2023-06-09,1,6,Summer,0,0,0,포레스트릿,복숭아 아이스티
2023-06-10,11,6,Summer,1,0,1,포레스트릿,복숭아 아이스티
2023-06-11,1,6,Summer,1,0,1,포레스트릿,복숭아 아이스티
2023-06-12,0,6,Summer,0,0,0,포레스트릿,복숭아 아이스티
2023-06-13,0,6,Summer,0,0,0,포레스트릿,복숭아 아이스티
2023-06-14,2,6,Summer,0,0,0,포레스트릿,복숭아 아이스티
2023-06-15,1,6,Summer,0,0,0,포레스트릿,복숭아 아이스티
2023-06-16,2,6,Summer,0,0,0,포레스트릿,복숭아 아이스티
2023-06-17,22,6,Summer,1,0,1,포레스트릿,복숭아 아이스티
2023-06-18,24,6,Summer,1,0,1,포레스트릿,복숭아 아이스티
2023-06-19,0,6,Summer,0,0,0,포레스트릿,복숭아 아이스티
2023-06-20,0,6,Summer,0,0,0,포레스트릿,복숭아 아이스티
2023-06-21,1,6,Summer,0,0,0,포레스트릿,복숭아 아이스티
2023-06-22,1,6,Summer,0,0,0,포레스트릿,복숭아 아이스티
2023-06-23,2,6,Summer,0,0,0,포레스트릿,복숭아 아이스티
2023-06-24,23,6,Summer,1,0,1,포레스트릿,복숭아 아이스티
2023-06-25,8,6,Summer,1,0,1,포레스트릿,복숭아 아이스티
2023-06-26,0,6,Summer,0,0,0,포레스트릿,복숭아 아이스티
2023-06-27,1,6,Summer,0,0,0,포레스트릿,복숭아 아이스티
2023-06-28,0,6,Summer,0,0,0,포레스트릿,복숭아 아이스티
2023-06-29,0,6,Summer,0,0,0,포레스트릿,복숭아 아이스티
2023-06-30,2,6,Summer,0,0,0,포레스트릿,복숭아 아이스티
2023-07-01,10,7,Summer,1,0,1,포레스트릿,복숭아 아이스티
2023-07-02,11,7,Summer,1,0,1,포레스트릿,복숭아 아이스티
2023-07-03,0,7,Summer,0,0,0,포레스트릿,복숭아 아이스티
2023-07-04,0,7,Summer,0,0,0,포레스트릿,복숭아 아이스티
2023-07-05,0,7,Summer,0,0,0,포레스트릿,복숭아 아이스티
2023-07-06,3,7,Summer,0,0,0,포레스트릿,복숭아 아이스티
2023-07-07,3,7,Summer,0,0,0,포레스트릿,복숭아 아이스티
2023-07-08,10,7,Summer,1,0,1,포레스트릿,복숭아 아이스티
2023-07-09,0,7,Summer,1,0,1,포레스트릿,복숭아 아이스티
2023-07-10,0,7,Summer,0,0,0,포레스트릿,복숭아 아이스티
2023-07-11,0,7,Summer,0,0,0,포레스트릿,복숭아 아이스티
2023-07-12,0,7,Summer,0,0,0,포레스트릿,복숭아 아이스티
2023-07-13,0,7,Summer,0,0,0,포레스트릿,복숭아 아이스티
2023-07-14,0,7,Summer,0,0,0,포레스트릿,복숭아 아이스티
2023-07-15,0,7,Summer,1,0,1,포레스트릿,복숭아 아이스티
2023-07-16,1,7,Summer,1,0,1,포레스트릿,복숭아 아이스티
2023-07-17,0,7,Summer,0,0,0,포레스트릿,복숭아 아이스티
2023-07-18,0,7,Summer,0,0,0,포레스트릿,복숭아 아이스티
2023-07-19,1,7,Summer,0,0,0,포레스트릿,복숭아 아이스티
2023-07-20,4,7,Summer,0,0,0,포레스트릿,복숭아 아이스티
2023-07-21,2,7,Summer,0,0,0,포레스트릿,복숭아 아이스티
2023-07-22,3,7,Summer,1,0,1,포레스트릿,복숭아 아이스티
2023-07-23,0,7,Summer,1,0,1,포레스트릿,복숭아 아이스티
2023-07-24,6,7,Summer,0,0,0,포레스트릿,복숭아 아이스티
2023-07-25,5,7,Summer,0,0,0,포레스트릿,복숭아 아이스티
2023-07-26,1,7,Summer,0,0,0,포레스트릿,복숭아 아이스티
2023-07-27,5,7,Summer,0,0,0,포레스트릿,복숭아 아이스티
2023-07-28,2,7,Summer,0,0,0,포레스트릿,복숭아 아이스티
2023-07-29,10,7,Summer,1,0,1,포레스트릿,복숭아 아이스티
2023-07-30,12,7,Summer,1,0,1,포레스트릿,복숭아 아이스티
2023-07-31,4,7,Summer,0,0,0,포레스트릿,복숭아 아이스티
2023-08-01,4,8,Summer,0,0,0,포레스트릿,복숭아 아이스티
2023-08-02,9,8,Summer,0,0,0,포레스트릿,복숭아 아이스티
2023-08-03,6,8,Summer,0,0,0,포레스트릿,복숭아 아이스티
2023-08-04,5,8,Summer,0,0,0,포레스트릿,복숭아 아이스티
2023-08-05,3,8,Summer,1,0,1,포레스트릿,복숭아 아이스티
2023-08-06,8,8,Summer,1,0,1,포레스트릿,복숭아 아이스티
2023-08-07,6,8,Summer,0,0,0,포레스트릿,복숭아 아이스티
2023-08-08,4,8,Summer,0,0,0,포레스트릿,복숭아 아이스티
2023-08-09,2,8,Summer,0,0,0,포레스트릿,복숭아 아이스티
2023-08-10,0,8,Summer,0,0,0,포레스트릿,복숭아 아이스티
2023-08-11,0,8,Summer,0,0,0,포레스트릿,복숭아 아이스티
2023-08-12,5,8,Summer,1,0,1,포레스트릿,복숭아 아이스티
2023-08-13,11,8,Summer,1,0,1,포레스트릿,복숭아 아이스티
2023-08-14,9,8,Summer,0,0,0,포레스트릿,복숭아 아이스티
2023-08-15,15,8,Summer,0,1,1,포레스트릿,복숭아 아이스티
2023-08-16,2,8,Summer,0,0,0,포레스트릿,복숭아 아이스티
2023-08-17,0,8,Summer,0,0,0,포레스트릿,복숭아 아이스티
2023-08-18,0,8,Summer,0,0,0,포레스트릿,복숭아 아이스티
2023-08-19,8,8,Summer,1,0,1,포레스트릿,복숭아 아이스티
2023-08-20,8,8,Summer,1,0,1,포레스트릿,복숭아 아이스티
2023-08-21,0,8,Summer,0,0,0,포레스트릿,복숭아 아이스티
2023-08-22,2,8,Summer,0,0,0,포레스트릿,복숭아 아이스티
2023-08-23,0,8,Summer,0,0,0,포레스트릿,복숭아 아이스티
2023-08-24,3,8,Summer,0,0,0,포레스트릿,복숭아 아이스티
2023-08-25,13,8,Summer,0,0,0,포레스트릿,복숭아 아이스티
2023-08-26,7,8,Summer,1,0,1,포레스트릿,복숭아 아이스티
2023-08-27,5,8,Summer,1,0,1,포레스트릿,복숭아 아이스티
2023-08-28,0,8,Summer,0,0,0,포레스트릿,복숭아 아이스티
2023-08-29,0,8,Summer,0,0,0,포레스트릿,복숭아 아이스티
2023-08-30,0,8,Summer,0,0,0,포레스트릿,복숭아 아이스티
2023-08-31,0,8,Summer,0,0,0,포레스트릿,복숭아 아이스티
2023-09-01,0,9,Autumn,0,0,0,포레스트릿,복숭아 아이스티
2023-09-02,16,9,Autumn,1,0,1,포레스트릿,복숭아 아이스티
2023-09-03,6,9,Autumn,1,0,1,포레스트릿,복숭아 아이스티
2023-09-04,0,9,Autumn,0,0,0,포레스트릿,복숭아 아이스티
2023-09-05,0,9,Autumn,0,0,0,포레스트릿,복숭아 아이스티
2023-09-06,0,9,Autumn,0,0,0,포레스트릿,복숭아 아이스티
2023-09-07,0,9,Autumn,0,0,0,포레스트릿,복숭아 아이스티
2023-09-08,0,9,Autumn,0,0,0,포레스트릿,복숭아 아이스티
2023-09-09,13,9,Autumn,1,0,1,포레스트릿,복숭아 아이스티
2023-09-10,22,9,Autumn,1,0,1,포레스트릿,복숭아 아이스티
2023-09-11,0,9,Autumn,0,0,0,포레스트릿,복숭아 아이스티
2023-09-12,0,9,Autumn,0,0,0,포레스트릿,복숭아 아이스티
2023-09-13,0,9,Autumn,0,0,0,포레스트릿,복숭아 아이스티
2023-09-14,0,9,Autumn,0,0,0,포레스트릿,복숭아 아이스티
2023-09-15,0,9,Autumn,0,0,0,포레스트릿,복숭아 아이스티
2023-09-16,1,9,Autumn,1,0,1,포레스트릿,복숭아 아이스티
2023-09-17,6,9,Autumn,1,0,1,포레스트릿,복숭아 아이스티
2023-09-18,0,9,Autumn,0,0,0,포레스트릿,복숭아 아이스티
2023-09-19,0,9,Autumn,0,0,0,포레스트릿,복숭아 아이스티
2023-09-20,0,9,Autumn,0,0,0,포레스트릿,복숭아 아이스티
2023-09-21,0,9,Autumn,0,0,0,포레스트릿,복숭아 아이스티
2023-09-22,0,9,Autumn,0,0,0,포레스트릿,복숭아 아이스티
2023-09-23,14,9,Autumn,1,0,1,포레스트릿,복숭아 아이스티
2023-09-24,11,9,Autumn,1,0,1,포레스트릿,복숭아 아이스티
2023-09-25,0,9,Autumn,0,0,0,포레스트릿,복숭아 아이스티
2023-09-26,0,9,Autumn,0,0,0,포레스트릿,복숭아 아이스티
2023-09-27,0,9,Autumn,0,0,0,포레스트릿,복숭아 아이스티
2023-09-28,13,9,Autumn,0,1,1,포레스트릿,복숭아 아이스티
2023-09-29,18,9,Autumn,0,1,1,포레스트릿,복숭아 아이스티
2023-09-30,5,9,Autumn,1,1,1,포레스트릿,복숭아 아이스티
2023-10-01,29,10,Autumn,1,0,1,포레스트릿,복숭아 아이스티
2023-10-02,30,10,Autumn,0,1,1,포레스트릿,복숭아 아이스티
2023-10-03,18,10,Autumn,0,1,1,포레스트릿,복숭아 아이스티
2023-10-04,0,10,Autumn,0,0,0,포레스트릿,복숭아 아이스티
2023-10-05,2,10,Autumn,0,0,0,포레스트릿,복숭아 아이스티
2023-10-06,1,10,Autumn,0,0,0,포레스트릿,복숭아 아이스티
2023-10-07,5,10,Autumn,1,0,1,포레스트릿,복숭아 아이스티
2023-10-08,32,10,Autumn,1,0,1,포레스트릿,복숭아 아이스티
2023-10-09,12,10,Autumn,0,1,1,포레스트릿,복숭아 아이스티
2023-10-10,0,10,Autumn,0,0,0,포레스트릿,복숭아 아이스티
2023-10-11,3,10,Autumn,0,0,0,포레스트릿,복숭아 아이스티
2023-10-12,5,10,Autumn,0,0,0,포레스트릿,복숭아 아이스티
2023-10-13,6,10,Autumn,0,0,0,포레스트릿,복숭아 아이스티
2023-10-14,3,10,Autumn,1,0,1,포레스트릿,복숭아 아이스티
2023-10-15,20,10,Autumn,1,0,1,포레스트릿,복숭아 아이스티
2023-10-16,0,10,Autumn,0,0,0,포레스트릿,복숭아 아이스티
2023-10-17,3,10,Autumn,0,0,0,포레스트릿,복숭아 아이스티
2023-10-18,6,10,Autumn,0,0,0,포레스트릿,복숭아 아이스티
2023-10-19,0,10,Autumn,0,0,0,포레스트릿,복숭아 아이스티
2023-10-20,0,10,Autumn,0,0,0,포레스트릿,복숭아 아이스티
2023-10-21,10,10,Autumn,1,0,1,포레스트릿,복숭아 아이스티
2023-10-22,31,10,Autumn,1,0,1,포레스트릿,복숭아 아이스티
2023-10-23,0,10,Autumn,0,0,0,포레스트릿,복숭아 아이스티
2023-10-24,2,10,Autumn,0,0,0,포레스트릿,복숭아 아이스티
2023-10-25,10,10,Autumn,0,0,0,포레스트릿,복숭아 아이스티
2023-10-26,4,10,Autumn,0,0,0,포레스트릿,복숭아 아이스티
2023-10-27,1,10,Autumn,0,0,0,포레스트릿,복숭아 아이스티
2023-10-28,13,10,Autumn,1,0,1,포레스트릿,복숭아 아이스티
2023-10-29,20,10,Autumn,1,0,1,포레스트릿,복숭아 아이스티
2023-10-30,0,10,Autumn,0,0,0,포레스트릿,복숭아 아이스티
2023-10-31,1,10,Autumn,0,0,0,포레스트릿,복숭아 아이스티
2023-11-01,1,11,Autumn,0,0,0,포레스트릿,복숭아 아이스티
2023-11-02,15,11,Autumn,0,0,0,포레스트릿,복숭아 아이스티
2023-11-03,12,11,Autumn,0,0,0,포레스트릿,복숭아 아이스티
2023-11-04,13,11,Autumn,1,0,1,포레스트릿,복숭아 아이스티
2023-11-05,5,11,Autumn,1,0,1,포레스트릿,복숭아 아이스티
2023-11-06,0,11,Autumn,0,0,0,포레스트릿,복숭아 아이스티
2023-11-07,1,11,Autumn,0,0,0,포레스트릿,복숭아 아이스티
2023-11-08,2,11,Autumn,0,0,0,포레스트릿,복숭아 아이스티
2023-11-09,0,11,Autumn,0,0,0,포레스트릿,복숭아 아이스티
2023-11-10,0,11,Autumn,0,0,0,포레스트릿,복숭아 아이스티
2023-11-11,1,11,Autumn,1,0,1,포레스트릿,복숭아 아이스티
2023-11-12,0,11,Autumn,1,0,1,포레스트릿,복숭아 아이스티
2023-11-13,0,11,Autumn,0,0,0,포레스트릿,복숭아 아이스티
2023-11-14,1,11,Autumn,0,0,0,포레스트릿,복숭아 아이스티
2023-11-15,2,11,Autumn,0,0,0,포레스트릿,복숭아 아이스티
2023-11-16,0,11,Autumn,0,0,0,포레스트릿,복숭아 아이스티
2023-11-17,0,11,Autumn,0,0,0,포레스트릿,복숭아 아이스티
2023-11-18,1,11,Autumn,1,0,1,포레스트릿,복숭아 아이스티
2023-11-19,2,11,Autumn,1,0,1,포레스트릿,복숭아 아이스티
2023-11-20,0,11,Autumn,0,0,0,포레스트릿,복숭아 아이스티
2023-11-21,0,11,Autumn,0,0,0,포레스트릿,복숭아 아이스티
2023-11-22,0,11,Autumn,0,0,0,포레스트릿,복숭아 아이스티
2023-11-23,0,11,Autumn,0,0,0,포레스트릿,복숭아 아이스티
2023-11-24,0,11,Autumn,0,0,0,포레스트릿,복숭아 아이스티
2023-11-25,0,11,Autumn,1,0,1,포레스트릿,복숭아 아이스티
2023-11-26,0,11,Autumn,1,0,1,포레스트릿,복숭아 아이스티
2023-11-27,0,11,Autumn,0,0,0,포레스트릿,복숭아 아이스티
2023-11-28,0,11,Autumn,0,0,0,포레스트릿,복숭아 아이스티
2023-11-29,0,11,Autumn,0,0,0,포레스트릿,복숭아 아이스티
2023-11-30,0,11,Autumn,0,0,0,포레스트릿,복숭아 아이스티
2023-12-01,0,12,Winter,0,0,0,포레스트릿,복숭아 아이스티
2023-12-02,0,12,Winter,1,0,1,포레스트릿,복숭아 아이스티
2023-12-03,0,12,Winter,1,0,1,포레스트릿,복숭아 아이스티
2023-12-04,0,12,Winter,0,0,0,포레스트릿,복숭아 아이스티
2023-12-05,0,12,Winter,0,0,0,포레스트릿,복숭아 아이스티
2023-12-06,0,12,Winter,0,0,0,포레스트릿,복숭아 아이스티
2023-12-07,2,12,Winter,0,0,0,포레스트릿,복숭아 아이스티
2023-12-08,45,12,Winter,0,0,0,포레스트릿,복숭아 아이스티
2023-12-09,112,12,Winter,1,0,1,포레스트릿,복숭아 아이스티
2023-12-10,78,12,Winter,1,0,1,포레스트릿,복숭아 아이스티
2023-12-11,7,12,Winter,0,0,0,포레스트릿,복숭아 아이스티
2023-12-12,33,12,Winter,0,0,0,포레스트릿,복숭아 아이스티
2023-12-13,39,12,Winter,0,0,0,포레스트릿,복숭아 아이스티
2023-12-14,1,12,Winter,0,0,0,포레스트릿,복숭아 아이스티
2023-12-15,1,12,Winter,0,0,0,포레스트릿,복숭아 아이스티
2023-12-16,3,12,Winter,1,0,1,포레스트릿,복숭아 아이스티
2023-12-17,5,12,Winter,1,0,1,포레스트릿,복숭아 아이스티
2023-12-18,18,12,Winter,0,0,0,포레스트릿,복숭아 아이스티
2023-12-19,28,12,Winter,0,0,0,포레스트릿,복숭아 아이스티
2023-12-20,25,12,Winter,0,0,0,포레스트릿,복숭아 아이스티
2023-12-21,17,12,Winter,0,0,0,포레스트릿,복숭아 아이스티
2023-12-22,18,12,Winter,0,0,0,포레스트릿,복숭아 아이스티
2023-12-23,58,12,Winter,1,0,1,포레스트릿,복숭아 아이스티
2023-12-24,67,12,Winter,1,0,1,포레스트릿,복숭아 아이스티
2023-12-25,54,12,Winter,0,1,1,포레스트릿,복숭아 아이스티
2023-12-26,58,12,Winter,0,0,0,포레스트릿,복숭아 아이스티
2023-12-27,80,12,Winter,0,0,0,포레스트릿,복숭아 아이스티
2023-12-28,64,12,Winter,0,0,0,포레스트릿,복숭아 아이스티
2023-12-29,76,12,Winter,0,0,0,포레스트릿,복숭아 아이스티
2023-12-30,75,12,Winter,1,0,1,포레스트릿,복숭아 아이스티
2023-12-31,82,12,Winter,1,0,1,포레스트릿,복숭아 아이스티
2024-01-01,104,1,Winter,0,1,1,포레스트릿,복숭아 아이스티
2024-01-02,63,1,Winter,0,0,0,포레스트릿,복숭아 아이스티
2024-01-03,70,1,Winter,0,0,0,포레스트릿,복숭아 아이스티
2024-01-04,56,1,Winter,0,0,0,포레스트릿,복숭아 아이스티
2024-01-05,48,1,Winter,0,0,0,포레스트릿,복숭아 아이스티
2024-01-06,118,1,Winter,1,0,1,포레스트릿,복숭아 아이스티
2024-01-07,55,1,Winter,1,0,1,포레스트릿,복숭아 아이스티
2024-01-08,44,1,Winter,0,0,0,포레스트릿,복숭아 아이스티
2024-01-09,41,1,Winter,0,0,0,포레스트릿,복숭아 아이스티
2024-01-10,62,1,Winter,0,0,0,포레스트릿,복숭아 아이스티
2024-01-11,76,1,Winter,0,0,0,포레스트릿,복숭아 아이스티
2024-01-12,92,1,Winter,0,0,0,포레스트릿,복숭아 아이스티
2024-01-13,188,1,Winter,1,0,1,포레스트릿,복숭아 아이스티
2024-01-14,48,1,Winter,1,0,1,포레스트릿,복숭아 아이스티
2024-01-15,68,1,Winter,0,0,0,포레스트릿,복숭아 아이스티
2024-01-16,58,1,Winter,0,0,0,포레스트릿,복숭아 아이스티
2024-01-17,42,1,Winter,0,0,0,포레스트릿,복숭아 아이스티
2024-01-18,104,1,Winter,0,0,0,포레스트릿,복숭아 아이스티
2024-01-19,119,1,Winter,0,0,0,포레스트릿,복숭아 아이스티
2024-01-20,103,1,Winter,1,0,1,포레스트릿,복숭아 아이스티
2024-01-21,112,1,Winter,1,0,1,포레스트릿,복숭아 아이스티
2024-01-22,15,1,Winter,0,0,0,포레스트릿,복숭아 아이스티
2024-01-23,15,1,Winter,0,0,0,포레스트릿,복숭아 아이스티
2024-01-24,25,1,Winter,0,0,0,포레스트릿,복숭아 아이스티
2024-01-25,68,1,Winter,0,0,0,포레스트릿,복숭아 아이스티
2024-01-26,80,1,Winter,0,0,0,포레스트릿,복숭아 아이스티
2024-01-27,139,1,Winter,1,0,1,포레스트릿,복숭아 아이스티
2024-01-28,84,1,Winter,1,0,1,포레스트릿,복숭아 아이스티
2024-01-29,60,1,Winter,0,0,0,포레스트릿,복숭아 아이스티
2024-01-30,80,1,Winter,0,0,0,포레스트릿,복숭아 아이스티
2024-01-31,102,1,Winter,0,0,0,포레스트릿,복숭아 아이스티
2024-02-01,89,2,Winter,0,0,0,포레스트릿,복숭아 아이스티
2024-02-02,98,2,Winter,0,0,0,포레스트릿,복숭아 아이스티
2024-02-03,126,2,Winter,1,0,1,포레스트릿,복숭아 아이스티
2024-02-04,175,2,Winter,1,0,1,포레스트릿,복숭아 아이스티
2024-02-05,52,2,Winter,0,0,0,포레스트릿,복숭아 아이스티
2024-02-06,68,2,Winter,0,0,0,포레스트릿,복숭아 아이스티
2024-02-07,57,2,Winter,0,0,0,포레스트릿,복숭아 아이스티
2024-02-08,87,2,Winter,0,0,0,포레스트릿,복숭아 아이스티
2024-02-09,98,2,Winter,0,1,1,포레스트릿,복숭아 아이스티
2024-02-10,59,2,Winter,1,1,1,포레스트릿,복숭아 아이스티
2024-02-11,105,2,Winter,1,1,1,포레스트릿,복숭아 아이스티
2024-02-12,135,2,Winter,0,1,1,포레스트릿,복숭아 아이스티
2024-02-13,88,2,Winter,0,0,0,포레스트릿,복숭아 아이스티
2024-02-14,102,2,Winter,0,0,0,포레스트릿,복숭아 아이스티
2024-02-15,19,2,Winter,0,0,0,포레스트릿,복숭아 아이스티
2024-02-16,100,2,Winter,0,0,0,포레스트릿,복숭아 아이스티
2024-02-17,205,2,Winter,1,0,1,포레스트릿,복숭아 아이스티
2024-02-18,70,2,Winter,1,0,1,포레스트릿,복숭아 아이스티
2024-02-19,11,2,Winter,0,0,0,포레스트릿,복숭아 아이스티
2024-02-20,30,2,Winter,0,0,0,포레스트릿,복숭아 아이스티
2024-02-21,6,2,Winter,0,0,0,포레스트릿,복숭아 아이스티
2024-02-22,47,2,Winter,0,0,0,포레스트릿,복숭아 아이스티
2024-02-23,74,2,Winter,0,0,0,포레스트릿,복숭아 아이스티
2024-02-24,147,2,Winter,1,0,1,포레스트릿,복숭아 아이스티
2024-02-25,65,2,Winter,1,0,1,포레스트릿,복숭아 아이스티
2024-02-26,45,2,Winter,0,0,0,포레스트릿,복숭아 아이스티
2024-02-27,5,2,Winter,0,0,0,포레스트릿,복숭아 아이스티
2024-02-28,46,2,Winter,0,0,0,포레스트릿,복숭아 아이스티
2024-02-29,42,2,Winter,0,0,0,포레스트릿,복숭아 아이스티
2024-03-01,25,3,Spring,0,1,1,포레스트릿,복숭아 아이스티
2024-03-02,17,3,Spring,1,0,1,포레스트릿,복숭아 아이스티
2024-03-03,9,3,Spring,1,0,1,포레스트릿,복숭아 아이스티
2024-03-04,0,3,Spring,0,0,0,포레스트릿,복숭아 아이스티
2024-03-05,0,3,Spring,0,0,0,포레스트릿,복숭아 아이스티
2024-03-06,0,3,Spring,0,0,0,포레스트릿,복숭아 아이스티
2024-03-07,0,3,Spring,0,0,0,포레스트릿,복숭아 아이스티
2024-03-08,0,3,Spring,0,0,0,포레스트릿,복숭아 아이스티
2024-03-09,0,3,Spring,1,0,1,포레스트릿,복숭아 아이스티
2024-03-10,0,3,Spring,1,0,1,포레스트릿,복숭아 아이스티
2024-03-11,0,3,Spring,0,0,0,포레스트릿,복숭아 아이스티
2024-03-12,0,3,Spring,0,0,0,포레스트릿,복숭아 아이스티
2024-03-13,0,3,Spring,0,0,0,포레스트릿,복숭아 아이스티
2024-03-14,0,3,Spring,0,0,0,포레스트릿,복숭아 아이스티
2024-03-15,0,3,Spring,0,0,0,포레스트릿,복숭아 아이스티
2024-03-16,0,3,Spring,1,0,1,포레스트릿,복숭아 아이스티
2024-03-17,0,3,Spring,1,0,1,포레스트릿,복숭아 아이스티
2024-03-18,0,3,Spring,0,0,0,포레스트릿,복숭아 아이스티
2024-03-19,0,3,Spring,0,0,0,포레스트릿,복숭아 아이스티
2024-03-20,0,3,Spring,0,0,0,포레스트릿,복숭아 아이스티
2024-03-21,0,3,Spring,0,0,0,포레스트릿,복숭아 아이스티
2024-03-22,0,3,Spring,0,0,0,포레스트릿,복숭아 아이스티
2024-03-23,0,3,Spring,1,0,1,포레스트릿,복숭아 아이스티
2024-03-24,0,3,Spring,1,0,1,포레스트릿,복숭아 아이스티
2024-03-25,0,3,Spring,0,0,0,포레스트릿,복숭아 아이스티
2024-03-26,0,3,Spring,0,0,0,포레스트릿,복숭아 아이스티
2024-03-27,0,3,Spring,0,0,0,포레스트릿,복숭아 아이스티
2024-03-28,0,3,Spring,0,0,0,포레스트릿,복숭아 아이스티
2024-03-29,0,3,Spring,0,0,0,포레스트릿,복숭아 아이스티
2024-03-30,0,3,Spring,1,0,1,포레스트릿,복숭아 아이스티
2024-03-31,0,3,Spring,1,0,1,포레스트릿,복숭아 아이스티
2024-04-01,0,4,Spring,0,0,0,포레스트릿,복숭아 아이스티
2024-04-02,0,4,Spring,0,0,0,포레스트릿,복숭아 아이스티
2024-04-03,0,4,Spring,0,0,0,포레스트릿,복숭아 아이스티
2024-04-04,0,4,Spring,0,0,0,포레스트릿,복숭아 아이스티
2024-04-05,0,4,Spring,0,0,0,포레스트릿,복숭아 아이스티
2024-04-06,0,4,Spring,1,0,1,포레스트릿,복숭아 아이스티
2024-04-07,0,4,Spring,1,0,1,포레스트릿,복숭아 아이스티
2024-04-08,0,4,Spring,0,0,0,포레스트릿,복숭아 아이스티
2024-04-09,0,4,Spring,0,0,0,포레스트릿,복숭아 아이스티
2024-04-10,0,4,Spring,0,1,1,포레스트릿,복숭아 아이스티
2024-04-11,0,4,Spring,0,0,0,포레스트릿,복숭아 아이스티
2024-04-12,0,4,Spring,0,0,0,포레스트릿,복숭아 아이스티
2024-04-13,0,4,Spring,1,0,1,포레스트릿,복숭아 아이스티
2024-04-14,0,4,Spring,1,0,1,포레스트릿,복숭아 아이스티
2024-04-15,0,4,Spring,0,0,0,포레스트릿,복숭아 아이스티
2024-04-16,0,4,Spring,0,0,0,포레스트릿,복숭아 아이스티
2024-04-17,0,4,Spring,0,0,0,포레스트릿,복숭아 아이스티
2024-04-18,0,4,Spring,0,0,0,포레스트릿,복숭아 아이스티
2024-04-19,0,4,Spring,0,0,0,포레스트릿,복숭아 아이스티
2024-04-20,0,4,Spring,1,0,1,포레스트릿,복숭아 아이스티
2024-04-21,0,4,Spring,1,0,1,포레스트릿,복숭아 아이스티
2024-04-22,0,4,Spring,0,0,0,포레스트릿,복숭아 아이스티
2024-04-23,0,4,Spring,0,0,0,포레스트릿,복숭아 아이스티
2024-04-24,0,4,Spring,0,0,0,포레스트릿,복숭아 아이스티
2024-04-25,0,4,Spring,0,0,0,포레스트릿,복숭아 아이스티
2024-04-26,0,4,Spring,0,0,0,포레스트릿,복숭아 아이스티
2024-04-27,0,4,Spring,1,0,1,포레스트릿,복숭아 아이스티
2024-04-28,0,4,Spring,1,0,1,포레스트릿,복숭아 아이스티
2024-04-29,0,4,Spring,0,0,0,포레스트릿,복숭아 아이스티
2024-04-30,0,4,Spring,0,0,0,포레스트릿,복숭아 아이스티
2024-05-01,0,5,Spring,0,0,0,포레스트릿,복숭아 아이스티
2024-05-02,0,5,Spring,0,0,0,포레스트릿,복숭아 아이스티
2024-05-03,0,5,Spring,0,0,0,포레스트릿,복숭아 아이스티
2024-05-04,0,5,Spring,1,0,1,포레스트릿,복숭아 아이스티
2024-05-05,0,5,Spring,1,1,1,포레스트릿,복숭아 아이스티
2024-05-06,0,5,Spring,0,1,1,포레스트릿,복숭아 아이스티
2024-05-07,0,5,Spring,0,0,0,포레스트릿,복숭아 아이스티
2024-05-08,0,5,Spring,0,0,0,포레스트릿,복숭아 아이스티
2024-05-09,0,5,Spring,0,0,0,포레스트릿,복숭아 아이스티
2024-05-10,0,5,Spring,0,0,0,포레스트릿,복숭아 아이스티
2024-05-11,0,5,Spring,1,0,1,포레스트릿,복숭아 아이스티
2024-05-12,0,5,Spring,1,0,1,포레스트릿,복숭아 아이스티
2024-05-13,0,5,Spring,0,0,0,포레스트릿,복숭아 아이스티
2024-05-14,0,5,Spring,0,0,0,포레스트릿,복숭아 아이스티
2024-05-15,0,5,Spring,0,1,1,포레스트릿,복숭아 아이스티
2024-05-16,0,5,Spring,0,0,0,포레스트릿,복숭아 아이스티
2024-05-17,0,5,Spring,0,0,0,포레스트릿,복숭아 아이스티
2024-05-18,0,5,Spring,1,0,1,포레스트릿,복숭아 아이스티
2024-05-19,0,5,Spring,1,0,1,포레스트릿,복숭아 아이스티
2024-05-20,0,5,Spring,0,0,0,포레스트릿,복숭아 아이스티
2024-05-21,0,5,Spring,0,0,0,포레스트릿,복숭아 아이스티
2024-05-22,0,5,Spring,0,0,0,포레스트릿,복숭아 아이스티
2024-05-23,0,5,Spring,0,0,0,포레스트릿,복숭아 아이스티
2024-05-24,0,5,Spring,0,0,0,포레스트릿,복숭아 아이스티
2024-05-25,0,5,Spring,1,0,1,포레스트릿,복숭아 아이스티
2024-05-26,0,5,Spring,1,0,1,포레스트릿,복숭아 아이스티
2024-05-27,0,5,Spring,0,0,0,포레스트릿,복숭아 아이스티
2024-05-28,0,5,Spring,0,0,0,포레스트릿,복숭아 아이스티
2024-05-29,0,5,Spring,0,0,0,포레스트릿,복숭아 아이스티
2024-05-30,0,5,Spring,0,0,0,포레스트릿,복숭아 아이스티
2024-05-31,0,5,Spring,0,0,0,포레스트릿,복숭아 아이스티
2024-06-01,0,6,Summer,1,0,1,포레스트릿,복숭아 아이스티
2024-06-02,0,6,Summer,1,0,1,포레스트릿,복숭아 아이스티
2024-06-03,0,6,Summer,0,0,0,포레스트릿,복숭아 아이스티
2024-06-04,0,6,Summer,0,0,0,포레스트릿,복숭아 아이스티
2024-06-05,0,6,Summer,0,0,0,포레스트릿,복숭아 아이스티
2024-06-06,0,6,Summer,0,1,1,포레스트릿,복숭아 아이스티
2024-06-07,0,6,Summer,0,0,0,포레스트릿,복숭아 아이스티
2024-06-08,0,6,Summer,1,0,1,포레스트릿,복숭아 아이스티
2024-06-09,0,6,Summer,1,0,1,포레스트릿,복숭아 아이스티
2024-06-10,0,6,Summer,0,0,0,포레스트릿,복숭아 아이스티
2024-06-11,0,6,Summer,0,0,0,포레스트릿,복숭아 아이스티
2024-06-12,0,6,Summer,0,0,0,포레스트릿,복숭아 아이스티
2024-06-13,0,6,Summer,0,0,0,포레스트릿,복숭아 아이스티
2024-06-14,0,6,Summer,0,0,0,포레스트릿,복숭아 아이스티
2024-06-15,0,6,Summer,1,0,1,포레스트릿,복숭아 아이스티
2023-01-01,207,1,Winter,1,1,1,포레스트릿,생수
2023-01-02,141,1,Winter,0,0,0,포레스트릿,생수
2023-01-03,114,1,Winter,0,0,0,포레스트릿,생수
2023-01-04,180,1,Winter,0,0,0,포레스트릿,생수
2023-01-05,175,1,Winter,0,0,0,포레스트릿,생수
2023-01-06,296,1,Winter,0,0,0,포레스트릿,생수
2023-01-07,520,1,Winter,1,0,1,포레스트릿,생수
2023-01-08,388,1,Winter,1,0,1,포레스트릿,생수
2023-01-09,302,1,Winter,0,0,0,포레스트릿,생수
2023-01-10,251,1,Winter,0,0,0,포레스트릿,생수
2023-01-11,260,1,Winter,0,0,0,포레스트릿,생수
2023-01-12,307,1,Winter,0,0,0,포레스트릿,생수
2023-01-13,155,1,Winter,0,0,0,포레스트릿,생수
2023-01-14,297,1,Winter,1,0,1,포레스트릿,생수
2023-01-15,218,1,Winter,1,0,1,포레스트릿,생수
2023-01-16,162,1,Winter,0,0,0,포레스트릿,생수
2023-01-17,203,1,Winter,0,0,0,포레스트릿,생수
2023-01-18,172,1,Winter,0,0,0,포레스트릿,생수
2023-01-19,237,1,Winter,0,0,0,포레스트릿,생수
2023-01-20,188,1,Winter,0,0,0,포레스트릿,생수
2023-01-21,229,1,Winter,1,1,1,포레스트릿,생수
2023-01-22,332,1,Winter,1,1,1,포레스트릿,생수
2023-01-23,470,1,Winter,0,1,1,포레스트릿,생수
2023-01-24,42,1,Winter,0,1,1,포레스트릿,생수
2023-01-25,70,1,Winter,0,0,0,포레스트릿,생수
2023-01-26,142,1,Winter,0,0,0,포레스트릿,생수
2023-01-27,172,1,Winter,0,0,0,포레스트릿,생수
2023-01-28,341,1,Winter,1,0,1,포레스트릿,생수
2023-01-29,287,1,Winter,1,0,1,포레스트릿,생수
2023-01-30,166,1,Winter,0,0,0,포레스트릿,생수
2023-01-31,207,1,Winter,0,0,0,포레스트릿,생수
2023-02-01,158,2,Winter,0,0,0,포레스트릿,생수
2023-02-02,168,2,Winter,0,0,0,포레스트릿,생수
2023-02-03,212,2,Winter,0,0,0,포레스트릿,생수
2023-02-04,567,2,Winter,1,0,1,포레스트릿,생수
2023-02-05,322,2,Winter,1,0,1,포레스트릿,생수
2023-02-06,244,2,Winter,0,0,0,포레스트릿,생수
2023-02-07,167,2,Winter,0,0,0,포레스트릿,생수
2023-02-08,187,2,Winter,0,0,0,포레스트릿,생수
2023-02-09,220,2,Winter,0,0,0,포레스트릿,생수
2023-02-10,264,2,Winter,0,0,0,포레스트릿,생수
2023-02-11,543,2,Winter,1,0,1,포레스트릿,생수
2023-02-12,423,2,Winter,1,0,1,포레스트릿,생수
2023-02-13,229,2,Winter,0,0,0,포레스트릿,생수
2023-02-14,194,2,Winter,0,0,0,포레스트릿,생수
2023-02-15,143,2,Winter,0,0,0,포레스트릿,생수
2023-02-16,146,2,Winter,0,0,0,포레스트릿,생수
2023-02-17,386,2,Winter,0,0,0,포레스트릿,생수
2023-02-18,438,2,Winter,1,0,1,포레스트릿,생수
2023-02-19,0,2,Winter,1,0,1,포레스트릿,생수
2023-02-20,0,2,Winter,0,0,0,포레스트릿,생수
2023-02-21,100,2,Winter,0,0,0,포레스트릿,생수
2023-02-22,136,2,Winter,0,0,0,포레스트릿,생수
2023-02-23,141,2,Winter,0,0,0,포레스트릿,생수
2023-02-24,151,2,Winter,0,0,0,포레스트릿,생수
2023-02-25,277,2,Winter,1,0,1,포레스트릿,생수
2023-02-26,201,2,Winter,1,0,1,포레스트릿,생수
2023-02-27,113,2,Winter,0,0,0,포레스트릿,생수
2023-02-28,172,2,Winter,0,0,0,포레스트릿,생수
2023-03-01,69,3,Spring,0,1,1,포레스트릿,생수
2023-03-02,0,3,Spring,0,0,0,포레스트릿,생수
2023-03-03,0,3,Spring,0,0,0,포레스트릿,생수
2023-03-04,0,3,Spring,1,0,1,포레스트릿,생수
2023-03-05,0,3,Spring,1,0,1,포레스트릿,생수
2023-03-06,0,3,Spring,0,0,0,포레스트릿,생수
2023-03-07,0,3,Spring,0,0,0,포레스트릿,생수
2023-03-08,0,3,Spring,0,0,0,포레스트릿,생수
2023-03-09,0,3,Spring,0,0,0,포레스트릿,생수
2023-03-10,0,3,Spring,0,0,0,포레스트릿,생수
2023-03-11,0,3,Spring,1,0,1,포레스트릿,생수
2023-03-12,0,3,Spring,1,0,1,포레스트릿,생수
2023-03-13,0,3,Spring,0,0,0,포레스트릿,생수
2023-03-14,0,3,Spring,0,0,0,포레스트릿,생수
2023-03-15,0,3,Spring,0,0,0,포레스트릿,생수
2023-03-16,0,3,Spring,0,0,0,포레스트릿,생수
2023-03-17,0,3,Spring,0,0,0,포레스트릿,생수
2023-03-18,0,3,Spring,1,0,1,포레스트릿,생수
2023-03-19,0,3,Spring,1,0,1,포레스트릿,생수
2023-03-20,0,3,Spring,0,0,0,포레스트릿,생수
2023-03-21,0,3,Spring,0,0,0,포레스트릿,생수
2023-03-22,0,3,Spring,0,0,0,포레스트릿,생수
2023-03-23,0,3,Spring,0,0,0,포레스트릿,생수
2023-03-24,0,3,Spring,0,0,0,포레스트릿,생수
2023-03-25,0,3,Spring,1,0,1,포레스트릿,생수
2023-03-26,0,3,Spring,1,0,1,포레스트릿,생수
2023-03-27,0,3,Spring,0,0,0,포레스트릿,생수
2023-03-28,0,3,Spring,0,0,0,포레스트릿,생수
2023-03-29,0,3,Spring,0,0,0,포레스트릿,생수
2023-03-30,0,3,Spring,0,0,0,포레스트릿,생수
2023-03-31,0,3,Spring,0,0,0,포레스트릿,생수
2023-04-01,83,4,Spring,1,0,1,포레스트릿,생수
2023-04-02,71,4,Spring,1,0,1,포레스트릿,생수
2023-04-03,0,4,Spring,0,0,0,포레스트릿,생수
2023-04-04,0,4,Spring,0,0,0,포레스트릿,생수
2023-04-05,0,4,Spring,0,0,0,포레스트릿,생수
2023-04-06,0,4,Spring,0,0,0,포레스트릿,생수
2023-04-07,2,4,Spring,0,0,0,포레스트릿,생수
2023-04-08,6,4,Spring,1,0,1,포레스트릿,생수
2023-04-09,6,4,Spring,1,0,1,포레스트릿,생수
2023-04-10,0,4,Spring,0,0,0,포레스트릿,생수
2023-04-11,0,4,Spring,0,0,0,포레스트릿,생수
2023-04-12,0,4,Spring,0,0,0,포레스트릿,생수
2023-04-13,0,4,Spring,0,0,0,포레스트릿,생수
2023-04-14,11,4,Spring,0,0,0,포레스트릿,생수
2023-04-15,5,4,Spring,1,0,1,포레스트릿,생수
2023-04-16,3,4,Spring,1,0,1,포레스트릿,생수
2023-04-17,0,4,Spring,0,0,0,포레스트릿,생수
2023-04-18,0,4,Spring,0,0,0,포레스트릿,생수
2023-04-19,0,4,Spring,0,0,0,포레스트릿,생수
2023-04-20,0,4,Spring,0,0,0,포레스트릿,생수
2023-04-21,2,4,Spring,0,0,0,포레스트릿,생수
2023-04-22,30,4,Spring,1,0,1,포레스트릿,생수
2023-04-23,41,4,Spring,1,0,1,포레스트릿,생수
2023-04-24,0,4,Spring,0,0,0,포레스트릿,생수
2023-04-25,0,4,Spring,0,0,0,포레스트릿,생수
2023-04-26,0,4,Spring,0,0,0,포레스트릿,생수
2023-04-27,6,4,Spring,0,0,0,포레스트릿,생수
2023-04-28,5,4,Spring,0,0,0,포레스트릿,생수
2023-04-29,0,4,Spring,1,0,1,포레스트릿,생수
2023-04-30,23,4,Spring,1,0,1,포레스트릿,생수
2023-05-01,8,5,Spring,0,0,0,포레스트릿,생수
2023-05-02,1,5,Spring,0,0,0,포레스트릿,생수
2023-05-03,5,5,Spring,0,0,0,포레스트릿,생수
2023-05-04,10,5,Spring,0,0,0,포레스트릿,생수
2023-05-05,1,5,Spring,0,1,1,포레스트릿,생수
2023-05-06,3,5,Spring,1,0,1,포레스트릿,생수
2023-05-07,10,5,Spring,1,0,1,포레스트릿,생수
2023-05-08,0,5,Spring,0,0,0,포레스트릿,생수
2023-05-09,0,5,Spring,0,0,0,포레스트릿,생수
2023-05-10,1,5,Spring,0,0,0,포레스트릿,생수
2023-05-11,0,5,Spring,0,0,0,포레스트릿,생수
2023-05-12,10,5,Spring,0,0,0,포레스트릿,생수
2023-05-13,53,5,Spring,1,0,1,포레스트릿,생수
2023-05-14,22,5,Spring,1,0,1,포레스트릿,생수
2023-05-15,0,5,Spring,0,0,0,포레스트릿,생수
2023-05-16,8,5,Spring,0,0,0,포레스트릿,생수
2023-05-17,1,5,Spring,0,0,0,포레스트릿,생수
2023-05-18,0,5,Spring,0,0,0,포레스트릿,생수
2023-05-19,15,5,Spring,0,0,0,포레스트릿,생수
2023-05-20,34,5,Spring,1,0,1,포레스트릿,생수
2023-05-21,19,5,Spring,1,0,1,포레스트릿,생수
2023-05-22,0,5,Spring,0,0,0,포레스트릿,생수
2023-05-23,0,5,Spring,0,0,0,포레스트릿,생수
2023-05-24,0,5,Spring,0,0,0,포레스트릿,생수
2023-05-25,1,5,Spring,0,0,0,포레스트릿,생수
2023-05-26,5,5,Spring,0,0,0,포레스트릿,생수
2023-05-27,1,5,Spring,1,1,1,포레스트릿,생수
2023-05-28,0,5,Spring,1,0,1,포레스트릿,생수
2023-05-29,14,5,Spring,0,1,1,포레스트릿,생수
2023-05-30,1,5,Spring,0,0,0,포레스트릿,생수
2023-05-31,1,5,Spring,0,0,0,포레스트릿,생수
2023-06-01,4,6,Summer,0,0,0,포레스트릿,생수
2023-06-02,2,6,Summer,0,0,0,포레스트릿,생수
2023-06-03,35,6,Summer,1,0,1,포레스트릿,생수
2023-06-04,48,6,Summer,1,0,1,포레스트릿,생수
2023-06-05,24,6,Summer,0,0,0,포레스트릿,생수
2023-06-06,29,6,Summer,0,1,1,포레스트릿,생수
2023-06-07,0,6,Summer,0,0,0,포레스트릿,생수
2023-06-08,3,6,Summer,0,0,0,포레스트릿,생수
2023-06-09,2,6,Summer,0,0,0,포레스트릿,생수
2023-06-10,16,6,Summer,1,0,1,포레스트릿,생수
2023-06-11,7,6,Summer,1,0,1,포레스트릿,생수
2023-06-12,0,6,Summer,0,0,0,포레스트릿,생수
2023-06-13,3,6,Summer,0,0,0,포레스트릿,생수
2023-06-14,0,6,Summer,0,0,0,포레스트릿,생수
2023-06-15,0,6,Summer,0,0,0,포레스트릿,생수
2023-06-16,3,6,Summer,0,0,0,포레스트릿,생수
2023-06-17,44,6,Summer,1,0,1,포레스트릿,생수
2023-06-18,32,6,Summer,1,0,1,포레스트릿,생수
2023-06-19,0,6,Summer,0,0,0,포레스트릿,생수
2023-06-20,1,6,Summer,0,0,0,포레스트릿,생수
2023-06-21,0,6,Summer,0,0,0,포레스트릿,생수
2023-06-22,0,6,Summer,0,0,0,포레스트릿,생수
2023-06-23,1,6,Summer,0,0,0,포레스트릿,생수
2023-06-24,33,6,Summer,1,0,1,포레스트릿,생수
2023-06-25,10,6,Summer,1,0,1,포레스트릿,생수
2023-06-26,0,6,Summer,0,0,0,포레스트릿,생수
2023-06-27,0,6,Summer,0,0,0,포레스트릿,생수
2023-06-28,0,6,Summer,0,0,0,포레스트릿,생수
2023-06-29,0,6,Summer,0,0,0,포레스트릿,생수
2023-06-30,3,6,Summer,0,0,0,포레스트릿,생수
2023-07-01,28,7,Summer,1,0,1,포레스트릿,생수
2023-07-02,13,7,Summer,1,0,1,포레스트릿,생수
2023-07-03,0,7,Summer,0,0,0,포레스트릿,생수
2023-07-04,1,7,Summer,0,0,0,포레스트릿,생수
2023-07-05,0,7,Summer,0,0,0,포레스트릿,생수
2023-07-06,3,7,Summer,0,0,0,포레스트릿,생수
2023-07-07,0,7,Summer,0,0,0,포레스트릿,생수
2023-07-08,21,7,Summer,1,0,1,포레스트릿,생수
2023-07-09,1,7,Summer,1,0,1,포레스트릿,생수
2023-07-10,0,7,Summer,0,0,0,포레스트릿,생수
2023-07-11,0,7,Summer,0,0,0,포레스트릿,생수
2023-07-12,1,7,Summer,0,0,0,포레스트릿,생수
2023-07-13,0,7,Summer,0,0,0,포레스트릿,생수
2023-07-14,0,7,Summer,0,0,0,포레스트릿,생수
2023-07-15,1,7,Summer,1,0,1,포레스트릿,생수
2023-07-16,1,7,Summer,1,0,1,포레스트릿,생수
2023-07-17,0,7,Summer,0,0,0,포레스트릿,생수
2023-07-18,0,7,Summer,0,0,0,포레스트릿,생수
2023-07-19,3,7,Summer,0,0,0,포레스트릿,생수
2023-07-20,2,7,Summer,0,0,0,포레스트릿,생수
2023-07-21,1,7,Summer,0,0,0,포레스트릿,생수
2023-07-22,12,7,Summer,1,0,1,포레스트릿,생수
2023-07-23,0,7,Summer,1,0,1,포레스트릿,생수
2023-07-24,9,7,Summer,0,0,0,포레스트릿,생수
2023-07-25,7,7,Summer,0,0,0,포레스트릿,생수
2023-07-26,3,7,Summer,0,0,0,포레스트릿,생수
2023-07-27,5,7,Summer,0,0,0,포레스트릿,생수
2023-07-28,19,7,Summer,0,0,0,포레스트릿,생수
2023-07-29,12,7,Summer,1,0,1,포레스트릿,생수
2023-07-30,10,7,Summer,1,0,1,포레스트릿,생수
2023-07-31,16,7,Summer,0,0,0,포레스트릿,생수
2023-08-01,12,8,Summer,0,0,0,포레스트릿,생수
2023-08-02,16,8,Summer,0,0,0,포레스트릿,생수
2023-08-03,17,8,Summer,0,0,0,포레스트릿,생수
2023-08-04,4,8,Summer,0,0,0,포레스트릿,생수
2023-08-05,14,8,Summer,1,0,1,포레스트릿,생수
2023-08-06,6,8,Summer,1,0,1,포레스트릿,생수
2023-08-07,9,8,Summer,0,0,0,포레스트릿,생수
2023-08-08,8,8,Summer,0,0,0,포레스트릿,생수
2023-08-09,9,8,Summer,0,0,0,포레스트릿,생수
2023-08-10,0,8,Summer,0,0,0,포레스트릿,생수
2023-08-11,0,8,Summer,0,0,0,포레스트릿,생수
2023-08-12,6,8,Summer,1,0,1,포레스트릿,생수
2023-08-13,15,8,Summer,1,0,1,포레스트릿,생수
2023-08-14,12,8,Summer,0,0,0,포레스트릿,생수
2023-08-15,23,8,Summer,0,1,1,포레스트릿,생수
2023-08-16,18,8,Summer,0,0,0,포레스트릿,생수
2023-08-17,3,8,Summer,0,0,0,포레스트릿,생수
2023-08-18,5,8,Summer,0,0,0,포레스트릿,생수
2023-08-19,17,8,Summer,1,0,1,포레스트릿,생수
2023-08-20,18,8,Summer,1,0,1,포레스트릿,생수
2023-08-21,1,8,Summer,0,0,0,포레스트릿,생수
2023-08-22,0,8,Summer,0,0,0,포레스트릿,생수
2023-08-23,0,8,Summer,0,0,0,포레스트릿,생수
2023-08-24,2,8,Summer,0,0,0,포레스트릿,생수
2023-08-25,1,8,Summer,0,0,0,포레스트릿,생수
2023-08-26,15,8,Summer,1,0,1,포레스트릿,생수
2023-08-27,23,8,Summer,1,0,1,포레스트릿,생수
2023-08-28,0,8,Summer,0,0,0,포레스트릿,생수
2023-08-29,0,8,Summer,0,0,0,포레스트릿,생수
2023-08-30,0,8,Summer,0,0,0,포레스트릿,생수
2023-08-31,0,8,Summer,0,0,0,포레스트릿,생수
2023-09-01,0,9,Autumn,0,0,0,포레스트릿,생수
2023-09-02,31,9,Autumn,1,0,1,포레스트릿,생수
2023-09-03,10,9,Autumn,1,0,1,포레스트릿,생수
2023-09-04,0,9,Autumn,0,0,0,포레스트릿,생수
2023-09-05,0,9,Autumn,0,0,0,포레스트릿,생수
2023-09-06,0,9,Autumn,0,0,0,포레스트릿,생수
2023-09-07,0,9,Autumn,0,0,0,포레스트릿,생수
2023-09-08,4,9,Autumn,0,0,0,포레스트릿,생수
2023-09-09,27,9,Autumn,1,0,1,포레스트릿,생수
2023-09-10,17,9,Autumn,1,0,1,포레스트릿,생수
2023-09-11,0,9,Autumn,0,0,0,포레스트릿,생수
2023-09-12,0,9,Autumn,0,0,0,포레스트릿,생수
2023-09-13,0,9,Autumn,0,0,0,포레스트릿,생수
2023-09-14,0,9,Autumn,0,0,0,포레스트릿,생수
2023-09-15,0,9,Autumn,0,0,0,포레스트릿,생수
2023-09-16,11,9,Autumn,1,0,1,포레스트릿,생수
2023-09-17,12,9,Autumn,1,0,1,포레스트릿,생수
2023-09-18,0,9,Autumn,0,0,0,포레스트릿,생수
2023-09-19,0,9,Autumn,0,0,0,포레스트릿,생수
2023-09-20,0,9,Autumn,0,0,0,포레스트릿,생수
2023-09-21,0,9,Autumn,0,0,0,포레스트릿,생수
2023-09-22,0,9,Autumn,0,0,0,포레스트릿,생수
2023-09-23,32,9,Autumn,1,0,1,포레스트릿,생수
2023-09-24,20,9,Autumn,1,0,1,포레스트릿,생수
2023-09-25,0,9,Autumn,0,0,0,포레스트릿,생수
2023-09-26,0,9,Autumn,0,0,0,포레스트릿,생수
2023-09-27,3,9,Autumn,0,0,0,포레스트릿,생수
2023-09-28,24,9,Autumn,0,1,1,포레스트릿,생수
2023-09-29,48,9,Autumn,0,1,1,포레스트릿,생수
2023-09-30,43,9,Autumn,1,1,1,포레스트릿,생수
2023-10-01,40,10,Autumn,1,0,1,포레스트릿,생수
2023-10-02,47,10,Autumn,0,1,1,포레스트릿,생수
2023-10-03,25,10,Autumn,0,1,1,포레스트릿,생수
2023-10-04,2,10,Autumn,0,0,0,포레스트릿,생수
2023-10-05,1,10,Autumn,0,0,0,포레스트릿,생수
2023-10-06,3,10,Autumn,0,0,0,포레스트릿,생수
2023-10-07,27,10,Autumn,1,0,1,포레스트릿,생수
2023-10-08,29,10,Autumn,1,0,1,포레스트릿,생수
2023-10-09,30,10,Autumn,0,1,1,포레스트릿,생수
2023-10-10,1,10,Autumn,0,0,0,포레스트릿,생수
2023-10-11,3,10,Autumn,0,0,0,포레스트릿,생수
2023-10-12,2,10,Autumn,0,0,0,포레스트릿,생수
2023-10-13,10,10,Autumn,0,0,0,포레스트릿,생수
2023-10-14,14,10,Autumn,1,0,1,포레스트릿,생수
2023-10-15,46,10,Autumn,1,0,1,포레스트릿,생수
2023-10-16,0,10,Autumn,0,0,0,포레스트릿,생수
2023-10-17,11,10,Autumn,0,0,0,포레스트릿,생수
2023-10-18,11,10,Autumn,0,0,0,포레스트릿,생수
2023-10-19,7,10,Autumn,0,0,0,포레스트릿,생수
2023-10-20,8,10,Autumn,0,0,0,포레스트릿,생수
2023-10-21,22,10,Autumn,1,0,1,포레스트릿,생수
2023-10-22,24,10,Autumn,1,0,1,포레스트릿,생수
2023-10-23,0,10,Autumn,0,0,0,포레스트릿,생수
2023-10-24,6,10,Autumn,0,0,0,포레스트릿,생수
2023-10-25,10,10,Autumn,0,0,0,포레스트릿,생수
2023-10-26,3,10,Autumn,0,0,0,포레스트릿,생수
2023-10-27,8,10,Autumn,0,0,0,포레스트릿,생수
2023-10-28,20,10,Autumn,1,0,1,포레스트릿,생수
2023-10-29,29,10,Autumn,1,0,1,포레스트릿,생수
2023-10-30,0,10,Autumn,0,0,0,포레스트릿,생수
2023-10-31,10,10,Autumn,0,0,0,포레스트릿,생수
2023-11-01,7,11,Autumn,0,0,0,포레스트릿,생수
2023-11-02,11,11,Autumn,0,0,0,포레스트릿,생수
2023-11-03,18,11,Autumn,0,0,0,포레스트릿,생수
2023-11-04,24,11,Autumn,1,0,1,포레스트릿,생수
2023-11-05,6,11,Autumn,1,0,1,포레스트릿,생수
2023-11-06,0,11,Autumn,0,0,0,포레스트릿,생수
2023-11-07,4,11,Autumn,0,0,0,포레스트릿,생수
2023-11-08,10,11,Autumn,0,0,0,포레스트릿,생수
2023-11-09,16,11,Autumn,0,0,0,포레스트릿,생수
2023-11-10,3,11,Autumn,0,0,0,포레스트릿,생수
2023-11-11,1,11,Autumn,1,0,1,포레스트릿,생수
2023-11-12,6,11,Autumn,1,0,1,포레스트릿,생수
2023-11-13,0,11,Autumn,0,0,0,포레스트릿,생수
2023-11-14,3,11,Autumn,0,0,0,포레스트릿,생수
2023-11-15,3,11,Autumn,0,0,0,포레스트릿,생수
2023-11-16,0,11,Autumn,0,0,0,포레스트릿,생수
2023-11-17,0,11,Autumn,0,0,0,포레스트릿,생수
2023-11-18,2,11,Autumn,1,0,1,포레스트릿,생수
2023-11-19,2,11,Autumn,1,0,1,포레스트릿,생수
2023-11-20,0,11,Autumn,0,0,0,포레스트릿,생수
2023-11-21,0,11,Autumn,0,0,0,포레스트릿,생수
2023-11-22,0,11,Autumn,0,0,0,포레스트릿,생수
2023-11-23,0,11,Autumn,0,0,0,포레스트릿,생수
2023-11-24,0,11,Autumn,0,0,0,포레스트릿,생수
2023-11-25,2,11,Autumn,1,0,1,포레스트릿,생수
2023-11-26,0,11,Autumn,1,0,1,포레스트릿,생수
2023-11-27,0,11,Autumn,0,0,0,포레스트릿,생수
2023-11-28,0,11,Autumn,0,0,0,포레스트릿,생수
2023-11-29,0,11,Autumn,0,0,0,포레스트릿,생수
2023-11-30,0,11,Autumn,0,0,0,포레스트릿,생수
2023-12-01,0,12,Winter,0,0,0,포레스트릿,생수
2023-12-02,0,12,Winter,1,0,1,포레스트릿,생수
2023-12-03,0,12,Winter,1,0,1,포레스트릿,생수
2023-12-04,0,12,Winter,0,0,0,포레스트릿,생수
2023-12-05,0,12,Winter,0,0,0,포레스트릿,생수
2023-12-06,0,12,Winter,0,0,0,포레스트릿,생수
2023-12-07,13,12,Winter,0,0,0,포레스트릿,생수
2023-12-08,320,12,Winter,0,0,0,포레스트릿,생수
2023-12-09,545,12,Winter,1,0,1,포레스트릿,생수
2023-12-10,432,12,Winter,1,0,1,포레스트릿,생수
2023-12-11,17,12,Winter,0,0,0,포레스트릿,생수
2023-12-12,89,12,Winter,0,0,0,포레스트릿,생수
2023-12-13,151,12,Winter,0,0,0,포레스트릿,생수
2023-12-14,12,12,Winter,0,0,0,포레스트릿,생수
2023-12-15,10,12,Winter,0,0,0,포레스트릿,생수
2023-12-16,41,12,Winter,1,0,1,포레스트릿,생수
2023-12-17,13,12,Winter,1,0,1,포레스트릿,생수
2023-12-18,130,12,Winter,0,0,0,포레스트릿,생수
2023-12-19,142,12,Winter,0,0,0,포레스트릿,생수
2023-12-20,74,12,Winter,0,0,0,포레스트릿,생수
2023-12-21,67,12,Winter,0,0,0,포레스트릿,생수
2023-12-22,155,12,Winter,0,0,0,포레스트릿,생수
2023-12-23,290,12,Winter,1,0,1,포레스트릿,생수
2023-12-24,368,12,Winter,1,0,1,포레스트릿,생수
2023-12-25,223,12,Winter,0,1,1,포레스트릿,생수
2023-12-26,252,12,Winter,0,0,0,포레스트릿,생수
2023-12-27,318,12,Winter,0,0,0,포레스트릿,생수
2023-12-28,353,12,Winter,0,0,0,포레스트릿,생수
2023-12-29,442,12,Winter,0,0,0,포레스트릿,생수
2023-12-30,369,12,Winter,1,0,1,포레스트릿,생수
2023-12-31,16,12,Winter,1,0,1,포레스트릿,생수
2024-01-01,0,1,Winter,0,1,1,포레스트릿,생수
2024-01-02,233,1,Winter,0,0,0,포레스트릿,생수
2024-01-03,154,1,Winter,0,0,0,포레스트릿,생수
2024-01-04,283,1,Winter,0,0,0,포레스트릿,생수
2024-01-05,453,1,Winter,0,0,0,포레스트릿,생수
2024-01-06,689,1,Winter,1,0,1,포레스트릿,생수
2024-01-07,229,1,Winter,1,0,1,포레스트릿,생수
2024-01-08,233,1,Winter,0,0,0,포레스트릿,생수
2024-01-09,225,1,Winter,0,0,0,포레스트릿,생수
2024-01-10,217,1,Winter,0,0,0,포레스트릿,생수
2024-01-11,322,1,Winter,0,0,0,포레스트릿,생수
2024-01-12,553,1,Winter,0,0,0,포레스트릿,생수
2024-01-13,873,1,Winter,1,0,1,포레스트릿,생수
2024-01-14,234,1,Winter,1,0,1,포레스트릿,생수
2024-01-15,291,1,Winter,0,0,0,포레스트릿,생수
2024-01-16,247,1,Winter,0,0,0,포레스트릿,생수
2024-01-17,197,1,Winter,0,0,0,포레스트릿,생수
2024-01-18,371,1,Winter,0,0,0,포레스트릿,생수
2024-01-19,776,1,Winter,0,0,0,포레스트릿,생수
2024-01-20,678,1,Winter,1,0,1,포레스트릿,생수
2024-01-21,494,1,Winter,1,0,1,포레스트릿,생수
2024-01-22,94,1,Winter,0,0,0,포레스트릿,생수
2024-01-23,91,1,Winter,0,0,0,포레스트릿,생수
2024-01-24,127,1,Winter,0,0,0,포레스트릿,생수
2024-01-25,203,1,Winter,0,0,0,포레스트릿,생수
2024-01-26,537,1,Winter,0,0,0,포레스트릿,생수
2024-01-27,896,1,Winter,1,0,1,포레스트릿,생수
2024-01-28,467,1,Winter,1,0,1,포레스트릿,생수
2024-01-29,268,1,Winter,0,0,0,포레스트릿,생수
2024-01-30,283,1,Winter,0,0,0,포레스트릿,생수
2024-01-31,345,1,Winter,0,0,0,포레스트릿,생수
2024-02-01,341,2,Winter,0,0,0,포레스트릿,생수
2024-02-02,501,2,Winter,0,0,0,포레스트릿,생수
2024-02-03,766,2,Winter,1,0,1,포레스트릿,생수
2024-02-04,556,2,Winter,1,0,1,포레스트릿,생수
2024-02-05,142,2,Winter,0,0,0,포레스트릿,생수
2024-02-06,217,2,Winter,0,0,0,포레스트릿,생수
2024-02-07,269,2,Winter,0,0,0,포레스트릿,생수
2024-02-08,445,2,Winter,0,0,0,포레스트릿,생수
2024-02-09,349,2,Winter,0,1,1,포레스트릿,생수
2024-02-10,259,2,Winter,1,1,1,포레스트릿,생수
2024-02-11,586,2,Winter,1,1,1,포레스트릿,생수
2024-02-12,513,2,Winter,0,1,1,포레스트릿,생수
2024-02-13,328,2,Winter,0,0,0,포레스트릿,생수
2024-02-14,284,2,Winter,0,0,0,포레스트릿,생수
2024-02-15,99,2,Winter,0,0,0,포레스트릿,생수
2024-02-16,443,2,Winter,0,0,0,포레스트릿,생수
2024-02-17,746,2,Winter,1,0,1,포레스트릿,생수
2024-02-18,223,2,Winter,1,0,1,포레스트릿,생수
2024-02-19,48,2,Winter,0,0,0,포레스트릿,생수
2024-02-20,82,2,Winter,0,0,0,포레스트릿,생수
2024-02-21,32,2,Winter,0,0,0,포레스트릿,생수
2024-02-22,191,2,Winter,0,0,0,포레스트릿,생수
2024-02-23,360,2,Winter,0,0,0,포레스트릿,생수
2024-02-24,370,2,Winter,1,0,1,포레스트릿,생수
2024-02-25,283,2,Winter,1,0,1,포레스트릿,생수
2024-02-26,180,2,Winter,0,0,0,포레스트릿,생수
2024-02-27,140,2,Winter,0,0,0,포레스트릿,생수
2024-02-28,123,2,Winter,0,0,0,포레스트릿,생수
2024-02-29,150,2,Winter,0,0,0,포레스트릿,생수
2024-03-01,131,3,Spring,0,1,1,포레스트릿,생수
2024-03-02,78,3,Spring,1,0,1,포레스트릿,생수
2024-03-03,24,3,Spring,1,0,1,포레스트릿,생수
2024-03-04,0,3,Spring,0,0,0,포레스트릿,생수
2024-03-05,0,3,Spring,0,0,0,포레스트릿,생수
2024-03-06,0,3,Spring,0,0,0,포레스트릿,생수
2024-03-07,0,3,Spring,0,0,0,포레스트릿,생수
2024-03-08,0,3,Spring,0,0,0,포레스트릿,생수
2024-03-09,0,3,Spring,1,0,1,포레스트릿,생수
2024-03-10,0,3,Spring,1,0,1,포레스트릿,생수
2024-03-11,0,3,Spring,0,0,0,포레스트릿,생수
2024-03-12,0,3,Spring,0,0,0,포레스트릿,생수
2024-03-13,0,3,Spring,0,0,0,포레스트릿,생수
2024-03-14,0,3,Spring,0,0,0,포레스트릿,생수
2024-03-15,0,3,Spring,0,0,0,포레스트릿,생수
2024-03-16,0,3,Spring,1,0,1,포레스트릿,생수
2024-03-17,0,3,Spring,1,0,1,포레스트릿,생수
2024-03-18,0,3,Spring,0,0,0,포레스트릿,생수
2024-03-19,0,3,Spring,0,0,0,포레스트릿,생수
2024-03-20,0,3,Spring,0,0,0,포레스트릿,생수
2024-03-21,0,3,Spring,0,0,0,포레스트릿,생수
2024-03-22,0,3,Spring,0,0,0,포레스트릿,생수
2024-03-23,0,3,Spring,1,0,1,포레스트릿,생수
2024-03-24,0,3,Spring,1,0,1,포레스트릿,생수
2024-03-25,0,3,Spring,0,0,0,포레스트릿,생수
2024-03-26,0,3,Spring,0,0,0,포레스트릿,생수
2024-03-27,0,3,Spring,0,0,0,포레스트릿,생수
2024-03-28,0,3,Spring,0,0,0,포레스트릿,생수
2024-03-29,0,3,Spring,0,0,0,포레스트릿,생수
2024-03-30,7,3,Spring,1,0,1,포레스트릿,생수
2024-03-31,6,3,Spring,1,0,1,포레스트릿,생수
2024-04-01,0,4,Spring,0,0,0,포레스트릿,생수
2024-04-02,6,4,Spring,0,0,0,포레스트릿,생수
2024-04-03,0,4,Spring,0,0,0,포레스트릿,생수
2024-04-04,3,4,Spring,0,0,0,포레스트릿,생수
2024-04-05,12,4,Spring,0,0,0,포레스트릿,생수
2024-04-06,14,4,Spring,1,0,1,포레스트릿,생수
2024-04-07,17,4,Spring,1,0,1,포레스트릿,생수
2024-04-08,0,4,Spring,0,0,0,포레스트릿,생수
2024-04-09,21,4,Spring,0,0,0,포레스트릿,생수
2024-04-10,17,4,Spring,0,1,1,포레스트릿,생수
2024-04-11,5,4,Spring,0,0,0,포레스트릿,생수
2024-04-12,11,4,Spring,0,0,0,포레스트릿,생수
2024-04-13,16,4,Spring,1,0,1,포레스트릿,생수
2024-04-14,29,4,Spring,1,0,1,포레스트릿,생수
2024-04-15,0,4,Spring,0,0,0,포레스트릿,생수
2024-04-16,0,4,Spring,0,0,0,포레스트릿,생수
2024-04-17,3,4,Spring,0,0,0,포레스트릿,생수
2024-04-18,2,4,Spring,0,0,0,포레스트릿,생수
2024-04-19,7,4,Spring,0,0,0,포레스트릿,생수
2024-04-20,1,4,Spring,1,0,1,포레스트릿,생수
2024-04-21,5,4,Spring,1,0,1,포레스트릿,생수
2024-04-22,0,4,Spring,0,0,0,포레스트릿,생수
2024-04-23,0,4,Spring,0,0,0,포레스트릿,생수
2024-04-24,0,4,Spring,0,0,0,포레스트릿,생수
2024-04-25,0,4,Spring,0,0,0,포레스트릿,생수
2024-04-26,3,4,Spring,0,0,0,포레스트릿,생수
2024-04-27,38,4,Spring,1,0,1,포레스트릿,생수
2024-04-28,34,4,Spring,1,0,1,포레스트릿,생수
2024-04-29,0,4,Spring,0,0,0,포레스트릿,생수
2024-04-30,0,4,Spring,0,0,0,포레스트릿,생수
2024-05-01,0,5,Spring,0,0,0,포레스트릿,생수
2024-05-02,0,5,Spring,0,0,0,포레스트릿,생수
2024-05-03,5,5,Spring,0,0,0,포레스트릿,생수
2024-05-04,58,5,Spring,1,0,1,포레스트릿,생수
2024-05-05,0,5,Spring,1,1,1,포레스트릿,생수
2024-05-06,0,5,Spring,0,1,1,포레스트릿,생수
2024-05-07,0,5,Spring,0,0,0,포레스트릿,생수
2024-05-08,0,5,Spring,0,0,0,포레스트릿,생수
2024-05-09,0,5,Spring,0,0,0,포레스트릿,생수
2024-05-10,0,5,Spring,0,0,0,포레스트릿,생수
2024-05-11,5,5,Spring,1,0,1,포레스트릿,생수
2024-05-12,20,5,Spring,1,0,1,포레스트릿,생수
2024-05-13,0,5,Spring,0,0,0,포레스트릿,생수
2024-05-14,0,5,Spring,0,0,0,포레스트릿,생수
2024-05-15,1,5,Spring,0,1,1,포레스트릿,생수
2024-05-16,0,5,Spring,0,0,0,포레스트릿,생수
2024-05-17,1,5,Spring,0,0,0,포레스트릿,생수
2024-05-18,25,5,Spring,1,0,1,포레스트릿,생수
2024-05-19,26,5,Spring,1,0,1,포레스트릿,생수
2024-05-20,0,5,Spring,0,0,0,포레스트릿,생수
2024-05-21,0,5,Spring,0,0,0,포레스트릿,생수
2024-05-22,0,5,Spring,0,0,0,포레스트릿,생수
2024-05-23,0,5,Spring,0,0,0,포레스트릿,생수
2024-05-24,0,5,Spring,0,0,0,포레스트릿,생수
2024-05-25,21,5,Spring,1,0,1,포레스트릿,생수
2024-05-26,5,5,Spring,1,0,1,포레스트릿,생수
2024-05-27,0,5,Spring,0,0,0,포레스트릿,생수
2024-05-28,0,5,Spring,0,0,0,포레스트릿,생수
2024-05-29,0,5,Spring,0,0,0,포레스트릿,생수
2024-05-30,0,5,Spring,0,0,0,포레스트릿,생수
2024-05-31,0,5,Spring,0,0,0,포레스트릿,생수
2024-06-01,25,6,Summer,1,0,1,포레스트릿,생수
2024-06-02,25,6,Summer,1,0,1,포레스트릿,생수
2024-06-03,0,6,Summer,0,0,0,포레스트릿,생수
2024-06-04,0,6,Summer,0,0,0,포레스트릿,생수
2024-06-05,0,6,Summer,0,0,0,포레스트릿,생수
2024-06-06,55,6,Summer,0,1,1,포레스트릿,생수
2024-06-07,9,6,Summer,0,0,0,포레스트릿,생수
2024-06-08,5,6,Summer,1,0,1,포레스트릿,생수
2024-06-09,26,6,Summer,1,0,1,포레스트릿,생수
2024-06-10,0,6,Summer,0,0,0,포레스트릿,생수
2024-06-11,0,6,Summer,0,0,0,포레스트릿,생수
2024-06-12,0,6,Summer,0,0,0,포레스트릿,생수
2024-06-13,0,6,Summer,0,0,0,포레스트릿,생수
2024-06-14,3,6,Summer,0,0,0,포레스트릿,생수
2024-06-15,17,6,Summer,1,0,1,포레스트릿,생수
2023-01-01,82,1,Winter,1,1,1,포레스트릿,스프라이트
2023-01-02,46,1,Winter,0,0,0,포레스트릿,스프라이트
2023-01-03,31,1,Winter,0,0,0,포레스트릿,스프라이트
2023-01-04,49,1,Winter,0,0,0,포레스트릿,스프라이트
2023-01-05,76,1,Winter,0,0,0,포레스트릿,스프라이트
2023-01-06,132,1,Winter,0,0,0,포레스트릿,스프라이트
2023-01-07,197,1,Winter,1,0,1,포레스트릿,스프라이트
2023-01-08,143,1,Winter,1,0,1,포레스트릿,스프라이트
2023-01-09,115,1,Winter,0,0,0,포레스트릿,스프라이트
2023-01-10,101,1,Winter,0,0,0,포레스트릿,스프라이트
2023-01-11,88,1,Winter,0,0,0,포레스트릿,스프라이트
2023-01-12,138,1,Winter,0,0,0,포레스트릿,스프라이트
2023-01-13,85,1,Winter,0,0,0,포레스트릿,스프라이트
2023-01-14,109,1,Winter,1,0,1,포레스트릿,스프라이트
2023-01-15,75,1,Winter,1,0,1,포레스트릿,스프라이트
2023-01-16,60,1,Winter,0,0,0,포레스트릿,스프라이트
2023-01-17,78,1,Winter,0,0,0,포레스트릿,스프라이트
2023-01-18,78,1,Winter,0,0,0,포레스트릿,스프라이트
2023-01-19,88,1,Winter,0,0,0,포레스트릿,스프라이트
2023-01-20,95,1,Winter,0,0,0,포레스트릿,스프라이트
2023-01-21,75,1,Winter,1,1,1,포레스트릿,스프라이트
2023-01-22,116,1,Winter,1,1,1,포레스트릿,스프라이트
2023-01-23,162,1,Winter,0,1,1,포레스트릿,스프라이트
2023-01-24,15,1,Winter,0,1,1,포레스트릿,스프라이트
2023-01-25,24,1,Winter,0,0,0,포레스트릿,스프라이트
2023-01-26,51,1,Winter,0,0,0,포레스트릿,스프라이트
2023-01-27,56,1,Winter,0,0,0,포레스트릿,스프라이트
2023-01-28,144,1,Winter,1,0,1,포레스트릿,스프라이트
2023-01-29,98,1,Winter,1,0,1,포레스트릿,스프라이트
2023-01-30,67,1,Winter,0,0,0,포레스트릿,스프라이트
2023-01-31,68,1,Winter,0,0,0,포레스트릿,스프라이트
2023-02-01,61,2,Winter,0,0,0,포레스트릿,스프라이트
2023-02-02,61,2,Winter,0,0,0,포레스트릿,스프라이트
2023-02-03,118,2,Winter,0,0,0,포레스트릿,스프라이트
2023-02-04,212,2,Winter,1,0,1,포레스트릿,스프라이트
2023-02-05,101,2,Winter,1,0,1,포레스트릿,스프라이트
2023-02-06,103,2,Winter,0,0,0,포레스트릿,스프라이트
2023-02-07,70,2,Winter,0,0,0,포레스트릿,스프라이트
2023-02-08,80,2,Winter,0,0,0,포레스트릿,스프라이트
2023-02-09,97,2,Winter,0,0,0,포레스트릿,스프라이트
2023-02-10,125,2,Winter,0,0,0,포레스트릿,스프라이트
2023-02-11,256,2,Winter,1,0,1,포레스트릿,스프라이트
2023-02-12,369,2,Winter,1,0,1,포레스트릿,스프라이트
2023-02-13,77,2,Winter,0,0,0,포레스트릿,스프라이트
2023-02-14,107,2,Winter,0,0,0,포레스트릿,스프라이트
2023-02-15,63,2,Winter,0,0,0,포레스트릿,스프라이트
2023-02-16,60,2,Winter,0,0,0,포레스트릿,스프라이트
2023-02-17,171,2,Winter,0,0,0,포레스트릿,스프라이트
2023-02-18,322,2,Winter,1,0,1,포레스트릿,스프라이트
2023-02-19,184,2,Winter,1,0,1,포레스트릿,스프라이트
2023-02-20,73,2,Winter,0,0,0,포레스트릿,스프라이트
2023-02-21,47,2,Winter,0,0,0,포레스트릿,스프라이트
2023-02-22,58,2,Winter,0,0,0,포레스트릿,스프라이트
2023-02-23,45,2,Winter,0,0,0,포레스트릿,스프라이트
2023-02-24,64,2,Winter,0,0,0,포레스트릿,스프라이트
2023-02-25,107,2,Winter,1,0,1,포레스트릿,스프라이트
2023-02-26,94,2,Winter,1,0,1,포레스트릿,스프라이트
2023-02-27,50,2,Winter,0,0,0,포레스트릿,스프라이트
2023-02-28,78,2,Winter,0,0,0,포레스트릿,스프라이트
2023-03-01,32,3,Spring,0,1,1,포레스트릿,스프라이트
2023-03-02,0,3,Spring,0,0,0,포레스트릿,스프라이트
2023-03-03,0,3,Spring,0,0,0,포레스트릿,스프라이트
2023-03-04,0,3,Spring,1,0,1,포레스트릿,스프라이트
2023-03-05,0,3,Spring,1,0,1,포레스트릿,스프라이트
2023-03-06,0,3,Spring,0,0,0,포레스트릿,스프라이트
2023-03-07,0,3,Spring,0,0,0,포레스트릿,스프라이트
2023-03-08,0,3,Spring,0,0,0,포레스트릿,스프라이트
2023-03-09,0,3,Spring,0,0,0,포레스트릿,스프라이트
2023-03-10,0,3,Spring,0,0,0,포레스트릿,스프라이트
2023-03-11,0,3,Spring,1,0,1,포레스트릿,스프라이트
2023-03-12,0,3,Spring,1,0,1,포레스트릿,스프라이트
2023-03-13,0,3,Spring,0,0,0,포레스트릿,스프라이트
2023-03-14,0,3,Spring,0,0,0,포레스트릿,스프라이트
2023-03-15,0,3,Spring,0,0,0,포레스트릿,스프라이트
2023-03-16,0,3,Spring,0,0,0,포레스트릿,스프라이트
2023-03-17,0,3,Spring,0,0,0,포레스트릿,스프라이트
2023-03-18,0,3,Spring,1,0,1,포레스트릿,스프라이트
2023-03-19,0,3,Spring,1,0,1,포레스트릿,스프라이트
2023-03-20,0,3,Spring,0,0,0,포레스트릿,스프라이트
2023-03-21,0,3,Spring,0,0,0,포레스트릿,스프라이트
2023-03-22,0,3,Spring,0,0,0,포레스트릿,스프라이트
2023-03-23,0,3,Spring,0,0,0,포레스트릿,스프라이트
2023-03-24,0,3,Spring,0,0,0,포레스트릿,스프라이트
2023-03-25,0,3,Spring,1,0,1,포레스트릿,스프라이트
2023-03-26,0,3,Spring,1,0,1,포레스트릿,스프라이트
2023-03-27,0,3,Spring,0,0,0,포레스트릿,스프라이트
2023-03-28,0,3,Spring,0,0,0,포레스트릿,스프라이트
2023-03-29,0,3,Spring,0,0,0,포레스트릿,스프라이트
2023-03-30,0,3,Spring,0,0,0,포레스트릿,스프라이트
2023-03-31,0,3,Spring,0,0,0,포레스트릿,스프라이트
2023-04-01,7,4,Spring,1,0,1,포레스트릿,스프라이트
2023-04-02,8,4,Spring,1,0,1,포레스트릿,스프라이트
2023-04-03,0,4,Spring,0,0,0,포레스트릿,스프라이트
2023-04-04,0,4,Spring,0,0,0,포레스트릿,스프라이트
2023-04-05,0,4,Spring,0,0,0,포레스트릿,스프라이트
2023-04-06,0,4,Spring,0,0,0,포레스트릿,스프라이트
2023-04-07,1,4,Spring,0,0,0,포레스트릿,스프라이트
2023-04-08,0,4,Spring,1,0,1,포레스트릿,스프라이트
2023-04-09,1,4,Spring,1,0,1,포레스트릿,스프라이트
2023-04-10,0,4,Spring,0,0,0,포레스트릿,스프라이트
2023-04-11,0,4,Spring,0,0,0,포레스트릿,스프라이트
2023-04-12,0,4,Spring,0,0,0,포레스트릿,스프라이트
2023-04-13,0,4,Spring,0,0,0,포레스트릿,스프라이트
2023-04-14,3,4,Spring,0,0,0,포레스트릿,스프라이트
2023-04-15,0,4,Spring,1,0,1,포레스트릿,스프라이트
2023-04-16,1,4,Spring,1,0,1,포레스트릿,스프라이트
2023-04-17,0,4,Spring,0,0,0,포레스트릿,스프라이트
2023-04-18,0,4,Spring,0,0,0,포레스트릿,스프라이트
2023-04-19,0,4,Spring,0,0,0,포레스트릿,스프라이트
2023-04-20,0,4,Spring,0,0,0,포레스트릿,스프라이트
2023-04-21,0,4,Spring,0,0,0,포레스트릿,스프라이트
2023-04-22,3,4,Spring,1,0,1,포레스트릿,스프라이트
2023-04-23,8,4,Spring,1,0,1,포레스트릿,스프라이트
2023-04-24,0,4,Spring,0,0,0,포레스트릿,스프라이트
2023-04-25,0,4,Spring,0,0,0,포레스트릿,스프라이트
2023-04-26,0,4,Spring,0,0,0,포레스트릿,스프라이트
2023-04-27,1,4,Spring,0,0,0,포레스트릿,스프라이트
2023-04-28,7,4,Spring,0,0,0,포레스트릿,스프라이트
2023-04-29,0,4,Spring,1,0,1,포레스트릿,스프라이트
2023-04-30,5,4,Spring,1,0,1,포레스트릿,스프라이트
2023-05-01,0,5,Spring,0,0,0,포레스트릿,스프라이트
2023-05-02,0,5,Spring,0,0,0,포레스트릿,스프라이트
2023-05-03,1,5,Spring,0,0,0,포레스트릿,스프라이트
2023-05-04,2,5,Spring,0,0,0,포레스트릿,스프라이트
2023-05-05,0,5,Spring,0,1,1,포레스트릿,스프라이트
2023-05-06,0,5,Spring,1,0,1,포레스트릿,스프라이트
2023-05-07,1,5,Spring,1,0,1,포레스트릿,스프라이트
2023-05-08,0,5,Spring,0,0,0,포레스트릿,스프라이트
2023-05-09,1,5,Spring,0,0,0,포레스트릿,스프라이트
2023-05-10,0,5,Spring,0,0,0,포레스트릿,스프라이트
2023-05-11,1,5,Spring,0,0,0,포레스트릿,스프라이트
2023-05-12,0,5,Spring,0,0,0,포레스트릿,스프라이트
2023-05-13,9,5,Spring,1,0,1,포레스트릿,스프라이트
2023-05-14,5,5,Spring,1,0,1,포레스트릿,스프라이트
2023-05-15,0,5,Spring,0,0,0,포레스트릿,스프라이트
2023-05-16,1,5,Spring,0,0,0,포레스트릿,스프라이트
2023-05-17,0,5,Spring,0,0,0,포레스트릿,스프라이트
2023-05-18,0,5,Spring,0,0,0,포레스트릿,스프라이트
2023-05-19,1,5,Spring,0,0,0,포레스트릿,스프라이트
2023-05-20,10,5,Spring,1,0,1,포레스트릿,스프라이트
2023-05-21,3,5,Spring,1,0,1,포레스트릿,스프라이트
2023-05-22,0,5,Spring,0,0,0,포레스트릿,스프라이트
2023-05-23,0,5,Spring,0,0,0,포레스트릿,스프라이트
2023-05-24,2,5,Spring,0,0,0,포레스트릿,스프라이트
2023-05-25,3,5,Spring,0,0,0,포레스트릿,스프라이트
2023-05-26,3,5,Spring,0,0,0,포레스트릿,스프라이트
2023-05-27,1,5,Spring,1,1,1,포레스트릿,스프라이트
2023-05-28,1,5,Spring,1,0,1,포레스트릿,스프라이트
2023-05-29,2,5,Spring,0,1,1,포레스트릿,스프라이트
2023-05-30,0,5,Spring,0,0,0,포레스트릿,스프라이트
2023-05-31,1,5,Spring,0,0,0,포레스트릿,스프라이트
2023-06-01,0,6,Summer,0,0,0,포레스트릿,스프라이트
2023-06-02,0,6,Summer,0,0,0,포레스트릿,스프라이트
2023-06-03,10,6,Summer,1,0,1,포레스트릿,스프라이트
2023-06-04,11,6,Summer,1,0,1,포레스트릿,스프라이트
2023-06-05,4,6,Summer,0,0,0,포레스트릿,스프라이트
2023-06-06,9,6,Summer,0,1,1,포레스트릿,스프라이트
2023-06-07,1,6,Summer,0,0,0,포레스트릿,스프라이트
2023-06-08,0,6,Summer,0,0,0,포레스트릿,스프라이트
2023-06-09,1,6,Summer,0,0,0,포레스트릿,스프라이트
2023-06-10,6,6,Summer,1,0,1,포레스트릿,스프라이트
2023-06-11,1,6,Summer,1,0,1,포레스트릿,스프라이트
2023-06-12,0,6,Summer,0,0,0,포레스트릿,스프라이트
2023-06-13,0,6,Summer,0,0,0,포레스트릿,스프라이트
2023-06-14,0,6,Summer,0,0,0,포레스트릿,스프라이트
2023-06-15,1,6,Summer,0,0,0,포레스트릿,스프라이트
2023-06-16,3,6,Summer,0,0,0,포레스트릿,스프라이트
2023-06-17,11,6,Summer,1,0,1,포레스트릿,스프라이트
2023-06-18,7,6,Summer,1,0,1,포레스트릿,스프라이트
2023-06-19,0,6,Summer,0,0,0,포레스트릿,스프라이트
2023-06-20,0,6,Summer,0,0,0,포레스트릿,스프라이트
2023-06-21,0,6,Summer,0,0,0,포레스트릿,스프라이트
2023-06-22,0,6,Summer,0,0,0,포레스트릿,스프라이트
2023-06-23,1,6,Summer,0,0,0,포레스트릿,스프라이트
2023-06-24,6,6,Summer,1,0,1,포레스트릿,스프라이트
2023-06-25,1,6,Summer,1,0,1,포레스트릿,스프라이트
2023-06-26,2,6,Summer,0,0,0,포레스트릿,스프라이트
2023-06-27,0,6,Summer,0,0,0,포레스트릿,스프라이트
2023-06-28,0,6,Summer,0,0,0,포레스트릿,스프라이트
2023-06-29,0,6,Summer,0,0,0,포레스트릿,스프라이트
2023-06-30,1,6,Summer,0,0,0,포레스트릿,스프라이트
2023-07-01,4,7,Summer,1,0,1,포레스트릿,스프라이트
2023-07-02,0,7,Summer,1,0,1,포레스트릿,스프라이트
2023-07-03,0,7,Summer,0,0,0,포레스트릿,스프라이트
2023-07-04,0,7,Summer,0,0,0,포레스트릿,스프라이트
2023-07-05,0,7,Summer,0,0,0,포레스트릿,스프라이트
2023-07-06,4,7,Summer,0,0,0,포레스트릿,스프라이트
2023-07-07,4,7,Summer,0,0,0,포레스트릿,스프라이트
2023-07-08,12,7,Summer,1,0,1,포레스트릿,스프라이트
2023-07-09,1,7,Summer,1,0,1,포레스트릿,스프라이트
2023-07-10,0,7,Summer,0,0,0,포레스트릿,스프라이트
2023-07-11,0,7,Summer,0,0,0,포레스트릿,스프라이트
2023-07-12,0,7,Summer,0,0,0,포레스트릿,스프라이트
2023-07-13,0,7,Summer,0,0,0,포레스트릿,스프라이트
2023-07-14,0,7,Summer,0,0,0,포레스트릿,스프라이트
2023-07-15,0,7,Summer,1,0,1,포레스트릿,스프라이트
2023-07-16,0,7,Summer,1,0,1,포레스트릿,스프라이트
2023-07-17,1,7,Summer,0,0,0,포레스트릿,스프라이트
2023-07-18,0,7,Summer,0,0,0,포레스트릿,스프라이트
2023-07-19,3,7,Summer,0,0,0,포레스트릿,스프라이트
2023-07-20,2,7,Summer,0,0,0,포레스트릿,스프라이트
2023-07-21,0,7,Summer,0,0,0,포레스트릿,스프라이트
2023-07-22,3,7,Summer,1,0,1,포레스트릿,스프라이트
2023-07-23,0,7,Summer,1,0,1,포레스트릿,스프라이트
2023-07-24,1,7,Summer,0,0,0,포레스트릿,스프라이트
2023-07-25,1,7,Summer,0,0,0,포레스트릿,스프라이트
2023-07-26,1,7,Summer,0,0,0,포레스트릿,스프라이트
2023-07-27,1,7,Summer,0,0,0,포레스트릿,스프라이트
2023-07-28,6,7,Summer,0,0,0,포레스트릿,스프라이트
2023-07-29,5,7,Summer,1,0,1,포레스트릿,스프라이트
2023-07-30,2,7,Summer,1,0,1,포레스트릿,스프라이트
2023-07-31,1,7,Summer,0,0,0,포레스트릿,스프라이트
2023-08-01,0,8,Summer,0,0,0,포레스트릿,스프라이트
2023-08-02,2,8,Summer,0,0,0,포레스트릿,스프라이트
2023-08-03,4,8,Summer,0,0,0,포레스트릿,스프라이트
2023-08-04,3,8,Summer,0,0,0,포레스트릿,스프라이트
2023-08-05,3,8,Summer,1,0,1,포레스트릿,스프라이트
2023-08-06,0,8,Summer,1,0,1,포레스트릿,스프라이트
2023-08-07,5,8,Summer,0,0,0,포레스트릿,스프라이트
2023-08-08,0,8,Summer,0,0,0,포레스트릿,스프라이트
2023-08-09,0,8,Summer,0,0,0,포레스트릿,스프라이트
2023-08-10,0,8,Summer,0,0,0,포레스트릿,스프라이트
2023-08-11,0,8,Summer,0,0,0,포레스트릿,스프라이트
2023-08-12,3,8,Summer,1,0,1,포레스트릿,스프라이트
2023-08-13,8,8,Summer,1,0,1,포레스트릿,스프라이트
2023-08-14,4,8,Summer,0,0,0,포레스트릿,스프라이트
2023-08-15,5,8,Summer,0,1,1,포레스트릿,스프라이트
2023-08-16,4,8,Summer,0,0,0,포레스트릿,스프라이트
2023-08-17,0,8,Summer,0,0,0,포레스트릿,스프라이트
2023-08-18,0,8,Summer,0,0,0,포레스트릿,스프라이트
2023-08-19,5,8,Summer,1,0,1,포레스트릿,스프라이트
2023-08-20,2,8,Summer,1,0,1,포레스트릿,스프라이트
2023-08-21,0,8,Summer,0,0,0,포레스트릿,스프라이트
2023-08-22,0,8,Summer,0,0,0,포레스트릿,스프라이트
2023-08-23,0,8,Summer,0,0,0,포레스트릿,스프라이트
2023-08-24,1,8,Summer,0,0,0,포레스트릿,스프라이트
2023-08-25,1,8,Summer,0,0,0,포레스트릿,스프라이트
2023-08-26,2,8,Summer,1,0,1,포레스트릿,스프라이트
2023-08-27,1,8,Summer,1,0,1,포레스트릿,스프라이트
2023-08-28,0,8,Summer,0,0,0,포레스트릿,스프라이트
2023-08-29,0,8,Summer,0,0,0,포레스트릿,스프라이트
2023-08-30,0,8,Summer,0,0,0,포레스트릿,스프라이트
2023-08-31,0,8,Summer,0,0,0,포레스트릿,스프라이트
2023-09-01,0,9,Autumn,0,0,0,포레스트릿,스프라이트
2023-09-02,10,9,Autumn,1,0,1,포레스트릿,스프라이트
2023-09-03,2,9,Autumn,1,0,1,포레스트릿,스프라이트
2023-09-04,0,9,Autumn,0,0,0,포레스트릿,스프라이트
2023-09-05,0,9,Autumn,0,0,0,포레스트릿,스프라이트
2023-09-06,0,9,Autumn,0,0,0,포레스트릿,스프라이트
2023-09-07,0,9,Autumn,0,0,0,포레스트릿,스프라이트
2023-09-08,0,9,Autumn,0,0,0,포레스트릿,스프라이트
2023-09-09,8,9,Autumn,1,0,1,포레스트릿,스프라이트
2023-09-10,2,9,Autumn,1,0,1,포레스트릿,스프라이트
2023-09-11,0,9,Autumn,0,0,0,포레스트릿,스프라이트
2023-09-12,0,9,Autumn,0,0,0,포레스트릿,스프라이트
2023-09-13,0,9,Autumn,0,0,0,포레스트릿,스프라이트
2023-09-14,0,9,Autumn,0,0,0,포레스트릿,스프라이트
2023-09-15,0,9,Autumn,0,0,0,포레스트릿,스프라이트
2023-09-16,0,9,Autumn,1,0,1,포레스트릿,스프라이트
2023-09-17,2,9,Autumn,1,0,1,포레스트릿,스프라이트
2023-09-18,0,9,Autumn,0,0,0,포레스트릿,스프라이트
2023-09-19,0,9,Autumn,0,0,0,포레스트릿,스프라이트
2023-09-20,0,9,Autumn,0,0,0,포레스트릿,스프라이트
2023-09-21,0,9,Autumn,0,0,0,포레스트릿,스프라이트
2023-09-22,0,9,Autumn,0,0,0,포레스트릿,스프라이트
2023-09-23,3,9,Autumn,1,0,1,포레스트릿,스프라이트
2023-09-24,2,9,Autumn,1,0,1,포레스트릿,스프라이트
2023-09-25,0,9,Autumn,0,0,0,포레스트릿,스프라이트
2023-09-26,0,9,Autumn,0,0,0,포레스트릿,스프라이트
2023-09-27,1,9,Autumn,0,0,0,포레스트릿,스프라이트
2023-09-28,6,9,Autumn,0,1,1,포레스트릿,스프라이트
2023-09-29,8,9,Autumn,0,1,1,포레스트릿,스프라이트
2023-09-30,2,9,Autumn,1,1,1,포레스트릿,스프라이트
2023-10-01,5,10,Autumn,1,0,1,포레스트릿,스프라이트
2023-10-02,8,10,Autumn,0,1,1,포레스트릿,스프라이트
2023-10-03,11,10,Autumn,0,1,1,포레스트릿,스프라이트
2023-10-04,0,10,Autumn,0,0,0,포레스트릿,스프라이트
2023-10-05,0,10,Autumn,0,0,0,포레스트릿,스프라이트
2023-10-06,1,10,Autumn,0,0,0,포레스트릿,스프라이트
2023-10-07,7,10,Autumn,1,0,1,포레스트릿,스프라이트
2023-10-08,6,10,Autumn,1,0,1,포레스트릿,스프라이트
2023-10-09,5,10,Autumn,0,1,1,포레스트릿,스프라이트
2023-10-10,1,10,Autumn,0,0,0,포레스트릿,스프라이트
2023-10-11,1,10,Autumn,0,0,0,포레스트릿,스프라이트
2023-10-12,1,10,Autumn,0,0,0,포레스트릿,스프라이트
2023-10-13,3,10,Autumn,0,0,0,포레스트릿,스프라이트
2023-10-14,4,10,Autumn,1,0,1,포레스트릿,스프라이트
2023-10-15,8,10,Autumn,1,0,1,포레스트릿,스프라이트
2023-10-16,0,10,Autumn,0,0,0,포레스트릿,스프라이트
2023-10-17,2,10,Autumn,0,0,0,포레스트릿,스프라이트
2023-10-18,0,10,Autumn,0,0,0,포레스트릿,스프라이트
2023-10-19,0,10,Autumn,0,0,0,포레스트릿,스프라이트
2023-10-20,0,10,Autumn,0,0,0,포레스트릿,스프라이트
2023-10-21,6,10,Autumn,1,0,1,포레스트릿,스프라이트
2023-10-22,5,10,Autumn,1,0,1,포레스트릿,스프라이트
2023-10-23,0,10,Autumn,0,0,0,포레스트릿,스프라이트
2023-10-24,0,10,Autumn,0,0,0,포레스트릿,스프라이트
2023-10-25,4,10,Autumn,0,0,0,포레스트릿,스프라이트
2023-10-26,3,10,Autumn,0,0,0,포레스트릿,스프라이트
2023-10-27,1,10,Autumn,0,0,0,포레스트릿,스프라이트
2023-10-28,4,10,Autumn,1,0,1,포레스트릿,스프라이트
2023-10-29,9,10,Autumn,1,0,1,포레스트릿,스프라이트
2023-10-30,0,10,Autumn,0,0,0,포레스트릿,스프라이트
2023-10-31,1,10,Autumn,0,0,0,포레스트릿,스프라이트
2023-11-01,4,11,Autumn,0,0,0,포레스트릿,스프라이트
2023-11-02,5,11,Autumn,0,0,0,포레스트릿,스프라이트
2023-11-03,10,11,Autumn,0,0,0,포레스트릿,스프라이트
2023-11-04,3,11,Autumn,1,0,1,포레스트릿,스프라이트
2023-11-05,0,11,Autumn,1,0,1,포레스트릿,스프라이트
2023-11-06,0,11,Autumn,0,0,0,포레스트릿,스프라이트
2023-11-07,0,11,Autumn,0,0,0,포레스트릿,스프라이트
2023-11-08,1,11,Autumn,0,0,0,포레스트릿,스프라이트
2023-11-09,1,11,Autumn,0,0,0,포레스트릿,스프라이트
2023-11-10,0,11,Autumn,0,0,0,포레스트릿,스프라이트
2023-11-11,0,11,Autumn,1,0,1,포레스트릿,스프라이트
2023-11-12,0,11,Autumn,1,0,1,포레스트릿,스프라이트
2023-11-13,0,11,Autumn,0,0,0,포레스트릿,스프라이트
2023-11-14,0,11,Autumn,0,0,0,포레스트릿,스프라이트
2023-11-15,0,11,Autumn,0,0,0,포레스트릿,스프라이트
2023-11-16,0,11,Autumn,0,0,0,포레스트릿,스프라이트
2023-11-17,0,11,Autumn,0,0,0,포레스트릿,스프라이트
2023-11-18,0,11,Autumn,1,0,1,포레스트릿,스프라이트
2023-11-19,0,11,Autumn,1,0,1,포레스트릿,스프라이트
2023-11-20,0,11,Autumn,0,0,0,포레스트릿,스프라이트
2023-11-21,0,11,Autumn,0,0,0,포레스트릿,스프라이트
2023-11-22,0,11,Autumn,0,0,0,포레스트릿,스프라이트
2023-11-23,0,11,Autumn,0,0,0,포레스트릿,스프라이트
2023-11-24,0,11,Autumn,0,0,0,포레스트릿,스프라이트
2023-11-25,0,11,Autumn,1,0,1,포레스트릿,스프라이트
2023-11-26,0,11,Autumn,1,0,1,포레스트릿,스프라이트
2023-11-27,0,11,Autumn,0,0,0,포레스트릿,스프라이트
2023-11-28,0,11,Autumn,0,0,0,포레스트릿,스프라이트
2023-11-29,0,11,Autumn,0,0,0,포레스트릿,스프라이트
2023-11-30,0,11,Autumn,0,0,0,포레스트릿,스프라이트
2023-12-01,0,12,Winter,0,0,0,포레스트릿,스프라이트
2023-12-02,0,12,Winter,1,0,1,포레스트릿,스프라이트
2023-12-03,0,12,Winter,1,0,1,포레스트릿,스프라이트
2023-12-04,0,12,Winter,0,0,0,포레스트릿,스프라이트
2023-12-05,0,12,Winter,0,0,0,포레스트릿,스프라이트
2023-12-06,0,12,Winter,0,0,0,포레스트릿,스프라이트
2023-12-07,1,12,Winter,0,0,0,포레스트릿,스프라이트
2023-12-08,43,12,Winter,0,0,0,포레스트릿,스프라이트
2023-12-09,83,12,Winter,1,0,1,포레스트릿,스프라이트
2023-12-10,65,12,Winter,1,0,1,포레스트릿,스프라이트
2023-12-11,0,12,Winter,0,0,0,포레스트릿,스프라이트
2023-12-12,14,12,Winter,0,0,0,포레스트릿,스프라이트
2023-12-13,31,12,Winter,0,0,0,포레스트릿,스프라이트
2023-12-14,2,12,Winter,0,0,0,포레스트릿,스프라이트
2023-12-15,0,12,Winter,0,0,0,포레스트릿,스프라이트
2023-12-16,4,12,Winter,1,0,1,포레스트릿,스프라이트
2023-12-17,6,12,Winter,1,0,1,포레스트릿,스프라이트
2023-12-18,20,12,Winter,0,0,0,포레스트릿,스프라이트
2023-12-19,17,12,Winter,0,0,0,포레스트릿,스프라이트
2023-12-20,9,12,Winter,0,0,0,포레스트릿,스프라이트
2023-12-21,16,12,Winter,0,0,0,포레스트릿,스프라이트
2023-12-22,16,12,Winter,0,0,0,포레스트릿,스프라이트
2023-12-23,49,12,Winter,1,0,1,포레스트릿,스프라이트
2023-12-24,69,12,Winter,1,0,1,포레스트릿,스프라이트
2023-12-25,36,12,Winter,0,1,1,포레스트릿,스프라이트
2023-12-26,47,12,Winter,0,0,0,포레스트릿,스프라이트
2023-12-27,64,12,Winter,0,0,0,포레스트릿,스프라이트
2023-12-28,47,12,Winter,0,0,0,포레스트릿,스프라이트
2023-12-29,66,12,Winter,0,0,0,포레스트릿,스프라이트
2023-12-30,58,12,Winter,1,0,1,포레스트릿,스프라이트
2023-12-31,73,12,Winter,1,0,1,포레스트릿,스프라이트
2024-01-01,95,1,Winter,0,1,1,포레스트릿,스프라이트
2024-01-02,42,1,Winter,0,0,0,포레스트릿,스프라이트
2024-01-03,21,1,Winter,0,0,0,포레스트릿,스프라이트
2024-01-04,28,1,Winter,0,0,0,포레스트릿,스프라이트
2024-01-05,58,1,Winter,0,0,0,포레스트릿,스프라이트
2024-01-06,97,1,Winter,1,0,1,포레스트릿,스프라이트
2024-01-07,31,1,Winter,1,0,1,포레스트릿,스프라이트
2024-01-08,28,1,Winter,0,0,0,포레스트릿,스프라이트
2024-01-09,28,1,Winter,0,0,0,포레스트릿,스프라이트
2024-01-10,34,1,Winter,0,0,0,포레스트릿,스프라이트
2024-01-11,48,1,Winter,0,0,0,포레스트릿,스프라이트
2024-01-12,69,1,Winter,0,0,0,포레스트릿,스프라이트
2024-01-13,132,1,Winter,1,0,1,포레스트릿,스프라이트
2024-01-14,31,1,Winter,1,0,1,포레스트릿,스프라이트
2024-01-15,47,1,Winter,0,0,0,포레스트릿,스프라이트
2024-01-16,45,1,Winter,0,0,0,포레스트릿,스프라이트
2024-01-17,24,1,Winter,0,0,0,포레스트릿,스프라이트
2024-01-18,64,1,Winter,0,0,0,포레스트릿,스프라이트
2024-01-19,102,1,Winter,0,0,0,포레스트릿,스프라이트
2024-01-20,110,1,Winter,1,0,1,포레스트릿,스프라이트
2024-01-21,57,1,Winter,1,0,1,포레스트릿,스프라이트
2024-01-22,9,1,Winter,0,0,0,포레스트릿,스프라이트
2024-01-23,16,1,Winter,0,0,0,포레스트릿,스프라이트
2024-01-24,16,1,Winter,0,0,0,포레스트릿,스프라이트
2024-01-25,26,1,Winter,0,0,0,포레스트릿,스프라이트
2024-01-26,69,1,Winter,0,0,0,포레스트릿,스프라이트
2024-01-27,136,1,Winter,1,0,1,포레스트릿,스프라이트
2024-01-28,65,1,Winter,1,0,1,포레스트릿,스프라이트
2024-01-29,65,1,Winter,0,0,0,포레스트릿,스프라이트
2024-01-30,55,1,Winter,0,0,0,포레스트릿,스프라이트
2024-01-31,36,1,Winter,0,0,0,포레스트릿,스프라이트
2024-02-01,39,2,Winter,0,0,0,포레스트릿,스프라이트
2024-02-02,82,2,Winter,0,0,0,포레스트릿,스프라이트
2024-02-03,126,2,Winter,1,0,1,포레스트릿,스프라이트
2024-02-04,93,2,Winter,1,0,1,포레스트릿,스프라이트
2024-02-05,26,2,Winter,0,0,0,포레스트릿,스프라이트
2024-02-06,23,2,Winter,0,0,0,포레스트릿,스프라이트
2024-02-07,43,2,Winter,0,0,0,포레스트릿,스프라이트
2024-02-08,70,2,Winter,0,0,0,포레스트릿,스프라이트
2024-02-09,52,2,Winter,0,1,1,포레스트릿,스프라이트
2024-02-10,32,2,Winter,1,1,1,포레스트릿,스프라이트
2024-02-11,91,2,Winter,1,1,1,포레스트릿,스프라이트
2024-02-12,56,2,Winter,0,1,1,포레스트릿,스프라이트
2024-02-13,45,2,Winter,0,0,0,포레스트릿,스프라이트
2024-02-14,45,2,Winter,0,0,0,포레스트릿,스프라이트
2024-02-15,10,2,Winter,0,0,0,포레스트릿,스프라이트
2024-02-16,60,2,Winter,0,0,0,포레스트릿,스프라이트
2024-02-17,147,2,Winter,1,0,1,포레스트릿,스프라이트
2024-02-18,23,2,Winter,1,0,1,포레스트릿,스프라이트
2024-02-19,12,2,Winter,0,0,0,포레스트릿,스프라이트
2024-02-20,5,2,Winter,0,0,0,포레스트릿,스프라이트
2024-02-21,3,2,Winter,0,0,0,포레스트릿,스프라이트
2024-02-22,26,2,Winter,0,0,0,포레스트릿,스프라이트
2024-02-23,54,2,Winter,0,0,0,포레스트릿,스프라이트
2024-02-24,46,2,Winter,1,0,1,포레스트릿,스프라이트
2024-02-25,41,2,Winter,1,0,1,포레스트릿,스프라이트
2024-02-26,23,2,Winter,0,0,0,포레스트릿,스프라이트
2024-02-27,18,2,Winter,0,0,0,포레스트릿,스프라이트
2024-02-28,16,2,Winter,0,0,0,포레스트릿,스프라이트
2024-02-29,24,2,Winter,0,0,0,포레스트릿,스프라이트
2024-03-01,14,3,Spring,0,1,1,포레스트릿,스프라이트
2024-03-02,13,3,Spring,1,0,1,포레스트릿,스프라이트
2024-03-03,3,3,Spring,1,0,1,포레스트릿,스프라이트
2024-03-04,0,3,Spring,0,0,0,포레스트릿,스프라이트
2024-03-05,0,3,Spring,0,0,0,포레스트릿,스프라이트
2024-03-06,0,3,Spring,0,0,0,포레스트릿,스프라이트
2024-03-07,0,3,Spring,0,0,0,포레스트릿,스프라이트
2024-03-08,0,3,Spring,0,0,0,포레스트릿,스프라이트
2024-03-09,0,3,Spring,1,0,1,포레스트릿,스프라이트
2024-03-10,0,3,Spring,1,0,1,포레스트릿,스프라이트
2024-03-11,0,3,Spring,0,0,0,포레스트릿,스프라이트
2024-03-12,0,3,Spring,0,0,0,포레스트릿,스프라이트
2024-03-13,0,3,Spring,0,0,0,포레스트릿,스프라이트
2024-03-14,0,3,Spring,0,0,0,포레스트릿,스프라이트
2024-03-15,0,3,Spring,0,0,0,포레스트릿,스프라이트
2024-03-16,0,3,Spring,1,0,1,포레스트릿,스프라이트
2024-03-17,0,3,Spring,1,0,1,포레스트릿,스프라이트
2024-03-18,0,3,Spring,0,0,0,포레스트릿,스프라이트
2024-03-19,0,3,Spring,0,0,0,포레스트릿,스프라이트
2024-03-20,0,3,Spring,0,0,0,포레스트릿,스프라이트
2024-03-21,0,3,Spring,0,0,0,포레스트릿,스프라이트
2024-03-22,0,3,Spring,0,0,0,포레스트릿,스프라이트
2024-03-23,0,3,Spring,1,0,1,포레스트릿,스프라이트
2024-03-24,0,3,Spring,1,0,1,포레스트릿,스프라이트
2024-03-25,0,3,Spring,0,0,0,포레스트릿,스프라이트
2024-03-26,0,3,Spring,0,0,0,포레스트릿,스프라이트
2024-03-27,0,3,Spring,0,0,0,포레스트릿,스프라이트
2024-03-28,0,3,Spring,0,0,0,포레스트릿,스프라이트
2024-03-29,0,3,Spring,0,0,0,포레스트릿,스프라이트
2024-03-30,1,3,Spring,1,0,1,포레스트릿,스프라이트
2024-03-31,2,3,Spring,1,0,1,포레스트릿,스프라이트
2024-04-01,0,4,Spring,0,0,0,포레스트릿,스프라이트
2024-04-02,2,4,Spring,0,0,0,포레스트릿,스프라이트
2024-04-03,0,4,Spring,0,0,0,포레스트릿,스프라이트
2024-04-04,0,4,Spring,0,0,0,포레스트릿,스프라이트
2024-04-05,1,4,Spring,0,0,0,포레스트릿,스프라이트
2024-04-06,0,4,Spring,1,0,1,포레스트릿,스프라이트
2024-04-07,2,4,Spring,1,0,1,포레스트릿,스프라이트
2024-04-08,0,4,Spring,0,0,0,포레스트릿,스프라이트
2024-04-09,1,4,Spring,0,0,0,포레스트릿,스프라이트
2024-04-10,3,4,Spring,0,1,1,포레스트릿,스프라이트
2024-04-11,1,4,Spring,0,0,0,포레스트릿,스프라이트
2024-04-12,1,4,Spring,0,0,0,포레스트릿,스프라이트
2024-04-13,3,4,Spring,1,0,1,포레스트릿,스프라이트
2024-04-14,1,4,Spring,1,0,1,포레스트릿,스프라이트
2024-04-15,0,4,Spring,0,0,0,포레스트릿,스프라이트
2024-04-16,2,4,Spring,0,0,0,포레스트릿,스프라이트
2024-04-17,1,4,Spring,0,0,0,포레스트릿,스프라이트
2024-04-18,0,4,Spring,0,0,0,포레스트릿,스프라이트
2024-04-19,3,4,Spring,0,0,0,포레스트릿,스프라이트
2024-04-20,0,4,Spring,1,0,1,포레스트릿,스프라이트
2024-04-21,2,4,Spring,1,0,1,포레스트릿,스프라이트
2024-04-22,0,4,Spring,0,0,0,포레스트릿,스프라이트
2024-04-23,0,4,Spring,0,0,0,포레스트릿,스프라이트
2024-04-24,0,4,Spring,0,0,0,포레스트릿,스프라이트
2024-04-25,0,4,Spring,0,0,0,포레스트릿,스프라이트
2024-04-26,0,4,Spring,0,0,0,포레스트릿,스프라이트
2024-04-27,1,4,Spring,1,0,1,포레스트릿,스프라이트
2024-04-28,2,4,Spring,1,0,1,포레스트릿,스프라이트
2024-04-29,0,4,Spring,0,0,0,포레스트릿,스프라이트
2024-04-30,0,4,Spring,0,0,0,포레스트릿,스프라이트
2024-05-01,0,5,Spring,0,0,0,포레스트릿,스프라이트
2024-05-02,0,5,Spring,0,0,0,포레스트릿,스프라이트
2024-05-03,0,5,Spring,0,0,0,포레스트릿,스프라이트
2024-05-04,15,5,Spring,1,0,1,포레스트릿,스프라이트
2024-05-05,0,5,Spring,1,1,1,포레스트릿,스프라이트
2024-05-06,0,5,Spring,0,1,1,포레스트릿,스프라이트
2024-05-07,0,5,Spring,0,0,0,포레스트릿,스프라이트
2024-05-08,0,5,Spring,0,0,0,포레스트릿,스프라이트
2024-05-09,0,5,Spring,0,0,0,포레스트릿,스프라이트
2024-05-10,0,5,Spring,0,0,0,포레스트릿,스프라이트
2024-05-11,3,5,Spring,1,0,1,포레스트릿,스프라이트
2024-05-12,1,5,Spring,1,0,1,포레스트릿,스프라이트
2024-05-13,0,5,Spring,0,0,0,포레스트릿,스프라이트
2024-05-14,0,5,Spring,0,0,0,포레스트릿,스프라이트
2024-05-15,1,5,Spring,0,1,1,포레스트릿,스프라이트
2024-05-16,0,5,Spring,0,0,0,포레스트릿,스프라이트
2024-05-17,0,5,Spring,0,0,0,포레스트릿,스프라이트
2024-05-18,3,5,Spring,1,0,1,포레스트릿,스프라이트
2024-05-19,2,5,Spring,1,0,1,포레스트릿,스프라이트
2024-05-20,0,5,Spring,0,0,0,포레스트릿,스프라이트
2024-05-21,0,5,Spring,0,0,0,포레스트릿,스프라이트
2024-05-22,0,5,Spring,0,0,0,포레스트릿,스프라이트
2024-05-23,0,5,Spring,0,0,0,포레스트릿,스프라이트
2024-05-24,0,5,Spring,0,0,0,포레스트릿,스프라이트
2024-05-25,3,5,Spring,1,0,1,포레스트릿,스프라이트
2024-05-26,1,5,Spring,1,0,1,포레스트릿,스프라이트
2024-05-27,0,5,Spring,0,0,0,포레스트릿,스프라이트
2024-05-28,0,5,Spring,0,0,0,포레스트릿,스프라이트
2024-05-29,0,5,Spring,0,0,0,포레스트릿,스프라이트
2024-05-30,0,5,Spring,0,0,0,포레스트릿,스프라이트
2024-05-31,0,5,Spring,0,0,0,포레스트릿,스프라이트
2024-06-01,1,6,Summer,1,0,1,포레스트릿,스프라이트
2024-06-02,7,6,Summer,1,0,1,포레스트릿,스프라이트
2024-06-03,0,6,Summer,0,0,0,포레스트릿,스프라이트
2024-06-04,0,6,Summer,0,0,0,포레스트릿,스프라이트
2024-06-05,0,6,Summer,0,0,0,포레스트릿,스프라이트
2024-06-06,10,6,Summer,0,1,1,포레스트릿,스프라이트
2024-06-07,1,6,Summer,0,0,0,포레스트릿,스프라이트
2024-06-08,2,6,Summer,1,0,1,포레스트릿,스프라이트
2024-06-09,6,6,Summer,1,0,1,포레스트릿,스프라이트
2024-06-10,0,6,Summer,0,0,0,포레스트릿,스프라이트
2024-06-11,0,6,Summer,0,0,0,포레스트릿,스프라이트
2024-06-12,0,6,Summer,0,0,0,포레스트릿,스프라이트
2024-06-13,0,6,Summer,0,0,0,포레스트릿,스프라이트
2024-06-14,1,6,Summer,0,0,0,포레스트릿,스프라이트
2024-06-15,0,6,Summer,1,0,1,포레스트릿,스프라이트
2023-01-01,141,1,Winter,1,1,1,포레스트릿,아메리카노(HOT)
2023-01-02,107,1,Winter,0,0,0,포레스트릿,아메리카노(HOT)
2023-01-03,104,1,Winter,0,0,0,포레스트릿,아메리카노(HOT)
2023-01-04,87,1,Winter,0,0,0,포레스트릿,아메리카노(HOT)
2023-01-05,125,1,Winter,0,0,0,포레스트릿,아메리카노(HOT)
2023-01-06,111,1,Winter,0,0,0,포레스트릿,아메리카노(HOT)
2023-01-07,219,1,Winter,1,0,1,포레스트릿,아메리카노(HOT)
2023-01-08,148,1,Winter,1,0,1,포레스트릿,아메리카노(HOT)
2023-01-09,101,1,Winter,0,0,0,포레스트릿,아메리카노(HOT)
2023-01-10,75,1,Winter,0,0,0,포레스트릿,아메리카노(HOT)
2023-01-11,86,1,Winter,0,0,0,포레스트릿,아메리카노(HOT)
2023-01-12,102,1,Winter,0,0,0,포레스트릿,아메리카노(HOT)
2023-01-13,36,1,Winter,0,0,0,포레스트릿,아메리카노(HOT)
2023-01-14,81,1,Winter,1,0,1,포레스트릿,아메리카노(HOT)
2023-01-15,148,1,Winter,1,0,1,포레스트릿,아메리카노(HOT)
2023-01-16,106,1,Winter,0,0,0,포레스트릿,아메리카노(HOT)
2023-01-17,93,1,Winter,0,0,0,포레스트릿,아메리카노(HOT)
2023-01-18,103,1,Winter,0,0,0,포레스트릿,아메리카노(HOT)
2023-01-19,91,1,Winter,0,0,0,포레스트릿,아메리카노(HOT)
2023-01-20,133,1,Winter,0,0,0,포레스트릿,아메리카노(HOT)
2023-01-21,128,1,Winter,1,1,1,포레스트릿,아메리카노(HOT)
2023-01-22,173,1,Winter,1,1,1,포레스트릿,아메리카노(HOT)
2023-01-23,199,1,Winter,0,1,1,포레스트릿,아메리카노(HOT)
2023-01-24,79,1,Winter,0,1,1,포레스트릿,아메리카노(HOT)
2023-01-25,71,1,Winter,0,0,0,포레스트릿,아메리카노(HOT)
2023-01-26,83,1,Winter,0,0,0,포레스트릿,아메리카노(HOT)
2023-01-27,137,1,Winter,0,0,0,포레스트릿,아메리카노(HOT)
2023-01-28,200,1,Winter,1,0,1,포레스트릿,아메리카노(HOT)
2023-01-29,171,1,Winter,1,0,1,포레스트릿,아메리카노(HOT)
2023-01-30,83,1,Winter,0,0,0,포레스트릿,아메리카노(HOT)
2023-01-31,66,1,Winter,0,0,0,포레스트릿,아메리카노(HOT)
2023-02-01,66,2,Winter,0,0,0,포레스트릿,아메리카노(HOT)
2023-02-02,87,2,Winter,0,0,0,포레스트릿,아메리카노(HOT)
2023-02-03,131,2,Winter,0,0,0,포레스트릿,아메리카노(HOT)
2023-02-04,193,2,Winter,1,0,1,포레스트릿,아메리카노(HOT)
2023-02-05,137,2,Winter,1,0,1,포레스트릿,아메리카노(HOT)
2023-02-06,73,2,Winter,0,0,0,포레스트릿,아메리카노(HOT)
2023-02-07,46,2,Winter,0,0,0,포레스트릿,아메리카노(HOT)
2023-02-08,68,2,Winter,0,0,0,포레스트릿,아메리카노(HOT)
2023-02-09,89,2,Winter,0,0,0,포레스트릿,아메리카노(HOT)
2023-02-10,122,2,Winter,0,0,0,포레스트릿,아메리카노(HOT)
2023-02-11,149,2,Winter,1,0,1,포레스트릿,아메리카노(HOT)
2023-02-12,148,2,Winter,1,0,1,포레스트릿,아메리카노(HOT)
2023-02-13,75,2,Winter,0,0,0,포레스트릿,아메리카노(HOT)
2023-02-14,57,2,Winter,0,0,0,포레스트릿,아메리카노(HOT)
2023-02-15,59,2,Winter,0,0,0,포레스트릿,아메리카노(HOT)
2023-02-16,81,2,Winter,0,0,0,포레스트릿,아메리카노(HOT)
2023-02-17,84,2,Winter,0,0,0,포레스트릿,아메리카노(HOT)
2023-02-18,113,2,Winter,1,0,1,포레스트릿,아메리카노(HOT)
2023-02-19,97,2,Winter,1,0,1,포레스트릿,아메리카노(HOT)
2023-02-20,65,2,Winter,0,0,0,포레스트릿,아메리카노(HOT)
2023-02-21,31,2,Winter,0,0,0,포레스트릿,아메리카노(HOT)
2023-02-22,41,2,Winter,0,0,0,포레스트릿,아메리카노(HOT)
2023-02-23,46,2,Winter,0,0,0,포레스트릿,아메리카노(HOT)
2023-02-24,57,2,Winter,0,0,0,포레스트릿,아메리카노(HOT)
2023-02-25,102,2,Winter,1,0,1,포레스트릿,아메리카노(HOT)
2023-02-26,79,2,Winter,1,0,1,포레스트릿,아메리카노(HOT)
2023-02-27,34,2,Winter,0,0,0,포레스트릿,아메리카노(HOT)
2023-02-28,54,2,Winter,0,0,0,포레스트릿,아메리카노(HOT)
2023-03-01,30,3,Spring,0,1,1,포레스트릿,아메리카노(HOT)
2023-03-02,0,3,Spring,0,0,0,포레스트릿,아메리카노(HOT)
2023-03-03,0,3,Spring,0,0,0,포레스트릿,아메리카노(HOT)
2023-03-04,0,3,Spring,1,0,1,포레스트릿,아메리카노(HOT)
2023-03-05,0,3,Spring,1,0,1,포레스트릿,아메리카노(HOT)
2023-03-06,0,3,Spring,0,0,0,포레스트릿,아메리카노(HOT)
2023-03-07,0,3,Spring,0,0,0,포레스트릿,아메리카노(HOT)
2023-03-08,0,3,Spring,0,0,0,포레스트릿,아메리카노(HOT)
2023-03-09,0,3,Spring,0,0,0,포레스트릿,아메리카노(HOT)
2023-03-10,0,3,Spring,0,0,0,포레스트릿,아메리카노(HOT)
2023-03-11,0,3,Spring,1,0,1,포레스트릿,아메리카노(HOT)
2023-03-12,0,3,Spring,1,0,1,포레스트릿,아메리카노(HOT)
2023-03-13,0,3,Spring,0,0,0,포레스트릿,아메리카노(HOT)
2023-03-14,0,3,Spring,0,0,0,포레스트릿,아메리카노(HOT)
2023-03-15,0,3,Spring,0,0,0,포레스트릿,아메리카노(HOT)
2023-03-16,0,3,Spring,0,0,0,포레스트릿,아메리카노(HOT)
2023-03-17,0,3,Spring,0,0,0,포레스트릿,아메리카노(HOT)
2023-03-18,0,3,Spring,1,0,1,포레스트릿,아메리카노(HOT)
2023-03-19,0,3,Spring,1,0,1,포레스트릿,아메리카노(HOT)
2023-03-20,0,3,Spring,0,0,0,포레스트릿,아메리카노(HOT)
2023-03-21,0,3,Spring,0,0,0,포레스트릿,아메리카노(HOT)
2023-03-22,0,3,Spring,0,0,0,포레스트릿,아메리카노(HOT)
2023-03-23,0,3,Spring,0,0,0,포레스트릿,아메리카노(HOT)
2023-03-24,0,3,Spring,0,0,0,포레스트릿,아메리카노(HOT)
2023-03-25,0,3,Spring,1,0,1,포레스트릿,아메리카노(HOT)
2023-03-26,0,3,Spring,1,0,1,포레스트릿,아메리카노(HOT)
2023-03-27,0,3,Spring,0,0,0,포레스트릿,아메리카노(HOT)
2023-03-28,0,3,Spring,0,0,0,포레스트릿,아메리카노(HOT)
2023-03-29,0,3,Spring,0,0,0,포레스트릿,아메리카노(HOT)
2023-03-30,0,3,Spring,0,0,0,포레스트릿,아메리카노(HOT)
2023-03-31,0,3,Spring,0,0,0,포레스트릿,아메리카노(HOT)
2023-04-01,3,4,Spring,1,0,1,포레스트릿,아메리카노(HOT)
2023-04-02,7,4,Spring,1,0,1,포레스트릿,아메리카노(HOT)
2023-04-03,0,4,Spring,0,0,0,포레스트릿,아메리카노(HOT)
2023-04-04,0,4,Spring,0,0,0,포레스트릿,아메리카노(HOT)
2023-04-05,0,4,Spring,0,0,0,포레스트릿,아메리카노(HOT)
2023-04-06,0,4,Spring,0,0,0,포레스트릿,아메리카노(HOT)
2023-04-07,7,4,Spring,0,0,0,포레스트릿,아메리카노(HOT)
2023-04-08,11,4,Spring,1,0,1,포레스트릿,아메리카노(HOT)
2023-04-09,14,4,Spring,1,0,1,포레스트릿,아메리카노(HOT)
2023-04-10,0,4,Spring,0,0,0,포레스트릿,아메리카노(HOT)
2023-04-11,0,4,Spring,0,0,0,포레스트릿,아메리카노(HOT)
2023-04-12,0,4,Spring,0,0,0,포레스트릿,아메리카노(HOT)
2023-04-13,0,4,Spring,0,0,0,포레스트릿,아메리카노(HOT)
2023-04-14,1,4,Spring,0,0,0,포레스트릿,아메리카노(HOT)
2023-04-15,3,4,Spring,1,0,1,포레스트릿,아메리카노(HOT)
2023-04-16,10,4,Spring,1,0,1,포레스트릿,아메리카노(HOT)
2023-04-17,0,4,Spring,0,0,0,포레스트릿,아메리카노(HOT)
2023-04-18,0,4,Spring,0,0,0,포레스트릿,아메리카노(HOT)
2023-04-19,0,4,Spring,0,0,0,포레스트릿,아메리카노(HOT)
2023-04-20,0,4,Spring,0,0,0,포레스트릿,아메리카노(HOT)
2023-04-21,8,4,Spring,0,0,0,포레스트릿,아메리카노(HOT)
2023-04-22,14,4,Spring,1,0,1,포레스트릿,아메리카노(HOT)
2023-04-23,12,4,Spring,1,0,1,포레스트릿,아메리카노(HOT)
2023-04-24,0,4,Spring,0,0,0,포레스트릿,아메리카노(HOT)
2023-04-25,0,4,Spring,0,0,0,포레스트릿,아메리카노(HOT)
2023-04-26,0,4,Spring,0,0,0,포레스트릿,아메리카노(HOT)
2023-04-27,7,4,Spring,0,0,0,포레스트릿,아메리카노(HOT)
2023-04-28,9,4,Spring,0,0,0,포레스트릿,아메리카노(HOT)
2023-04-29,3,4,Spring,1,0,1,포레스트릿,아메리카노(HOT)
2023-04-30,24,4,Spring,1,0,1,포레스트릿,아메리카노(HOT)
2023-05-01,9,5,Spring,0,0,0,포레스트릿,아메리카노(HOT)
2023-05-02,2,5,Spring,0,0,0,포레스트릿,아메리카노(HOT)
2023-05-03,0,5,Spring,0,0,0,포레스트릿,아메리카노(HOT)
2023-05-04,1,5,Spring,0,0,0,포레스트릿,아메리카노(HOT)
2023-05-05,1,5,Spring,0,1,1,포레스트릿,아메리카노(HOT)
2023-05-06,0,5,Spring,1,0,1,포레스트릿,아메리카노(HOT)
2023-05-07,17,5,Spring,1,0,1,포레스트릿,아메리카노(HOT)
2023-05-08,0,5,Spring,0,0,0,포레스트릿,아메리카노(HOT)
2023-05-09,1,5,Spring,0,0,0,포레스트릿,아메리카노(HOT)
2023-05-10,0,5,Spring,0,0,0,포레스트릿,아메리카노(HOT)
2023-05-11,1,5,Spring,0,0,0,포레스트릿,아메리카노(HOT)
2023-05-12,6,5,Spring,0,0,0,포레스트릿,아메리카노(HOT)
2023-05-13,15,5,Spring,1,0,1,포레스트릿,아메리카노(HOT)
2023-05-14,12,5,Spring,1,0,1,포레스트릿,아메리카노(HOT)
2023-05-15,0,5,Spring,0,0,0,포레스트릿,아메리카노(HOT)
2023-05-16,0,5,Spring,0,0,0,포레스트릿,아메리카노(HOT)
2023-05-17,1,5,Spring,0,0,0,포레스트릿,아메리카노(HOT)
2023-05-18,0,5,Spring,0,0,0,포레스트릿,아메리카노(HOT)
2023-05-19,1,5,Spring,0,0,0,포레스트릿,아메리카노(HOT)
2023-05-20,7,5,Spring,1,0,1,포레스트릿,아메리카노(HOT)
2023-05-21,14,5,Spring,1,0,1,포레스트릿,아메리카노(HOT)
2023-05-22,0,5,Spring,0,0,0,포레스트릿,아메리카노(HOT)
2023-05-23,1,5,Spring,0,0,0,포레스트릿,아메리카노(HOT)
2023-05-24,0,5,Spring,0,0,0,포레스트릿,아메리카노(HOT)
2023-05-25,0,5,Spring,0,0,0,포레스트릿,아메리카노(HOT)
2023-05-26,1,5,Spring,0,0,0,포레스트릿,아메리카노(HOT)
2023-05-27,1,5,Spring,1,1,1,포레스트릿,아메리카노(HOT)
2023-05-28,0,5,Spring,1,0,1,포레스트릿,아메리카노(HOT)
2023-05-29,4,5,Spring,0,1,1,포레스트릿,아메리카노(HOT)
2023-05-30,0,5,Spring,0,0,0,포레스트릿,아메리카노(HOT)
2023-05-31,0,5,Spring,0,0,0,포레스트릿,아메리카노(HOT)
2023-06-01,0,6,Summer,0,0,0,포레스트릿,아메리카노(HOT)
2023-06-02,0,6,Summer,0,0,0,포레스트릿,아메리카노(HOT)
2023-06-03,6,6,Summer,1,0,1,포레스트릿,아메리카노(HOT)
2023-06-04,9,6,Summer,1,0,1,포레스트릿,아메리카노(HOT)
2023-06-05,3,6,Summer,0,0,0,포레스트릿,아메리카노(HOT)
2023-06-06,18,6,Summer,0,1,1,포레스트릿,아메리카노(HOT)
2023-06-07,0,6,Summer,0,0,0,포레스트릿,아메리카노(HOT)
2023-06-08,2,6,Summer,0,0,0,포레스트릿,아메리카노(HOT)
2023-06-09,3,6,Summer,0,0,0,포레스트릿,아메리카노(HOT)
2023-06-10,1,6,Summer,1,0,1,포레스트릿,아메리카노(HOT)
2023-06-11,3,6,Summer,1,0,1,포레스트릿,아메리카노(HOT)
2023-06-12,0,6,Summer,0,0,0,포레스트릿,아메리카노(HOT)
2023-06-13,0,6,Summer,0,0,0,포레스트릿,아메리카노(HOT)
2023-06-14,1,6,Summer,0,0,0,포레스트릿,아메리카노(HOT)
2023-06-15,0,6,Summer,0,0,0,포레스트릿,아메리카노(HOT)
2023-06-16,0,6,Summer,0,0,0,포레스트릿,아메리카노(HOT)
2023-06-17,0,6,Summer,1,0,1,포레스트릿,아메리카노(HOT)
2023-06-18,0,6,Summer,1,0,1,포레스트릿,아메리카노(HOT)
2023-06-19,0,6,Summer,0,0,0,포레스트릿,아메리카노(HOT)
2023-06-20,0,6,Summer,0,0,0,포레스트릿,아메리카노(HOT)
2023-06-21,0,6,Summer,0,0,0,포레스트릿,아메리카노(HOT)
2023-06-22,0,6,Summer,0,0,0,포레스트릿,아메리카노(HOT)
2023-06-23,0,6,Summer,0,0,0,포레스트릿,아메리카노(HOT)
2023-06-24,3,6,Summer,1,0,1,포레스트릿,아메리카노(HOT)
2023-06-25,0,6,Summer,1,0,1,포레스트릿,아메리카노(HOT)
2023-06-26,0,6,Summer,0,0,0,포레스트릿,아메리카노(HOT)
2023-06-27,1,6,Summer,0,0,0,포레스트릿,아메리카노(HOT)
2023-06-28,0,6,Summer,0,0,0,포레스트릿,아메리카노(HOT)
2023-06-29,0,6,Summer,0,0,0,포레스트릿,아메리카노(HOT)
2023-06-30,1,6,Summer,0,0,0,포레스트릿,아메리카노(HOT)
2023-07-01,0,7,Summer,1,0,1,포레스트릿,아메리카노(HOT)
2023-07-02,0,7,Summer,1,0,1,포레스트릿,아메리카노(HOT)
2023-07-03,0,7,Summer,0,0,0,포레스트릿,아메리카노(HOT)
2023-07-04,0,7,Summer,0,0,0,포레스트릿,아메리카노(HOT)
2023-07-05,0,7,Summer,0,0,0,포레스트릿,아메리카노(HOT)
2023-07-06,0,7,Summer,0,0,0,포레스트릿,아메리카노(HOT)
2023-07-07,1,7,Summer,0,0,0,포레스트릿,아메리카노(HOT)
2023-07-08,3,7,Summer,1,0,1,포레스트릿,아메리카노(HOT)
2023-07-09,0,7,Summer,1,0,1,포레스트릿,아메리카노(HOT)
2023-07-10,0,7,Summer,0,0,0,포레스트릿,아메리카노(HOT)
2023-07-11,0,7,Summer,0,0,0,포레스트릿,아메리카노(HOT)
2023-07-12,0,7,Summer,0,0,0,포레스트릿,아메리카노(HOT)
2023-07-13,0,7,Summer,0,0,0,포레스트릿,아메리카노(HOT)
2023-07-14,0,7,Summer,0,0,0,포레스트릿,아메리카노(HOT)
2023-07-15,0,7,Summer,1,0,1,포레스트릿,아메리카노(HOT)
2023-07-16,4,7,Summer,1,0,1,포레스트릿,아메리카노(HOT)
2023-07-17,0,7,Summer,0,0,0,포레스트릿,아메리카노(HOT)
2023-07-18,0,7,Summer,0,0,0,포레스트릿,아메리카노(HOT)
2023-07-19,1,7,Summer,0,0,0,포레스트릿,아메리카노(HOT)
2023-07-20,0,7,Summer,0,0,0,포레스트릿,아메리카노(HOT)
2023-07-21,0,7,Summer,0,0,0,포레스트릿,아메리카노(HOT)
2023-07-22,0,7,Summer,1,0,1,포레스트릿,아메리카노(HOT)
2023-07-23,0,7,Summer,1,0,1,포레스트릿,아메리카노(HOT)
2023-07-24,1,7,Summer,0,0,0,포레스트릿,아메리카노(HOT)
2023-07-25,0,7,Summer,0,0,0,포레스트릿,아메리카노(HOT)
2023-07-26,0,7,Summer,0,0,0,포레스트릿,아메리카노(HOT)
2023-07-27,0,7,Summer,0,0,0,포레스트릿,아메리카노(HOT)
2023-07-28,0,7,Summer,0,0,0,포레스트릿,아메리카노(HOT)
2023-07-29,0,7,Summer,1,0,1,포레스트릿,아메리카노(HOT)
2023-07-30,0,7,Summer,1,0,1,포레스트릿,아메리카노(HOT)
2023-07-31,0,7,Summer,0,0,0,포레스트릿,아메리카노(HOT)
2023-08-01,0,8,Summer,0,0,0,포레스트릿,아메리카노(HOT)
2023-08-02,0,8,Summer,0,0,0,포레스트릿,아메리카노(HOT)
2023-08-03,0,8,Summer,0,0,0,포레스트릿,아메리카노(HOT)
2023-08-04,0,8,Summer,0,0,0,포레스트릿,아메리카노(HOT)
2023-08-05,0,8,Summer,1,0,1,포레스트릿,아메리카노(HOT)
2023-08-06,0,8,Summer,1,0,1,포레스트릿,아메리카노(HOT)
2023-08-07,0,8,Summer,0,0,0,포레스트릿,아메리카노(HOT)
2023-08-08,0,8,Summer,0,0,0,포레스트릿,아메리카노(HOT)
2023-08-09,0,8,Summer,0,0,0,포레스트릿,아메리카노(HOT)
2023-08-10,0,8,Summer,0,0,0,포레스트릿,아메리카노(HOT)
2023-08-11,0,8,Summer,0,0,0,포레스트릿,아메리카노(HOT)
2023-08-12,4,8,Summer,1,0,1,포레스트릿,아메리카노(HOT)
2023-08-13,1,8,Summer,1,0,1,포레스트릿,아메리카노(HOT)
2023-08-14,0,8,Summer,0,0,0,포레스트릿,아메리카노(HOT)
2023-08-15,0,8,Summer,0,1,1,포레스트릿,아메리카노(HOT)
2023-08-16,0,8,Summer,0,0,0,포레스트릿,아메리카노(HOT)
2023-08-17,0,8,Summer,0,0,0,포레스트릿,아메리카노(HOT)
2023-08-18,0,8,Summer,0,0,0,포레스트릿,아메리카노(HOT)
2023-08-19,0,8,Summer,1,0,1,포레스트릿,아메리카노(HOT)
2023-08-20,0,8,Summer,1,0,1,포레스트릿,아메리카노(HOT)
2023-08-21,0,8,Summer,0,0,0,포레스트릿,아메리카노(HOT)
2023-08-22,0,8,Summer,0,0,0,포레스트릿,아메리카노(HOT)
2023-08-23,0,8,Summer,0,0,0,포레스트릿,아메리카노(HOT)
2023-08-24,0,8,Summer,0,0,0,포레스트릿,아메리카노(HOT)
2023-08-25,0,8,Summer,0,0,0,포레스트릿,아메리카노(HOT)
2023-08-26,0,8,Summer,1,0,1,포레스트릿,아메리카노(HOT)
2023-08-27,1,8,Summer,1,0,1,포레스트릿,아메리카노(HOT)
2023-08-28,0,8,Summer,0,0,0,포레스트릿,아메리카노(HOT)
2023-08-29,0,8,Summer,0,0,0,포레스트릿,아메리카노(HOT)
2023-08-30,0,8,Summer,0,0,0,포레스트릿,아메리카노(HOT)
2023-08-31,0,8,Summer,0,0,0,포레스트릿,아메리카노(HOT)
2023-09-01,0,9,Autumn,0,0,0,포레스트릿,아메리카노(HOT)
2023-09-02,1,9,Autumn,1,0,1,포레스트릿,아메리카노(HOT)
2023-09-03,0,9,Autumn,1,0,1,포레스트릿,아메리카노(HOT)
2023-09-04,0,9,Autumn,0,0,0,포레스트릿,아메리카노(HOT)
2023-09-05,0,9,Autumn,0,0,0,포레스트릿,아메리카노(HOT)
2023-09-06,0,9,Autumn,0,0,0,포레스트릿,아메리카노(HOT)
2023-09-07,0,9,Autumn,0,0,0,포레스트릿,아메리카노(HOT)
2023-09-08,0,9,Autumn,0,0,0,포레스트릿,아메리카노(HOT)
2023-09-09,0,9,Autumn,1,0,1,포레스트릿,아메리카노(HOT)
2023-09-10,1,9,Autumn,1,0,1,포레스트릿,아메리카노(HOT)
2023-09-11,0,9,Autumn,0,0,0,포레스트릿,아메리카노(HOT)
2023-09-12,0,9,Autumn,0,0,0,포레스트릿,아메리카노(HOT)
2023-09-13,0,9,Autumn,0,0,0,포레스트릿,아메리카노(HOT)
2023-09-14,0,9,Autumn,0,0,0,포레스트릿,아메리카노(HOT)
2023-09-15,0,9,Autumn,0,0,0,포레스트릿,아메리카노(HOT)
2023-09-16,2,9,Autumn,1,0,1,포레스트릿,아메리카노(HOT)
2023-09-17,4,9,Autumn,1,0,1,포레스트릿,아메리카노(HOT)
2023-09-18,0,9,Autumn,0,0,0,포레스트릿,아메리카노(HOT)
2023-09-19,0,9,Autumn,0,0,0,포레스트릿,아메리카노(HOT)
2023-09-20,0,9,Autumn,0,0,0,포레스트릿,아메리카노(HOT)
2023-09-21,0,9,Autumn,0,0,0,포레스트릿,아메리카노(HOT)
2023-09-22,0,9,Autumn,0,0,0,포레스트릿,아메리카노(HOT)
2023-09-23,8,9,Autumn,1,0,1,포레스트릿,아메리카노(HOT)
2023-09-24,10,9,Autumn,1,0,1,포레스트릿,아메리카노(HOT)
2023-09-25,0,9,Autumn,0,0,0,포레스트릿,아메리카노(HOT)
2023-09-26,0,9,Autumn,0,0,0,포레스트릿,아메리카노(HOT)
2023-09-27,0,9,Autumn,0,0,0,포레스트릿,아메리카노(HOT)
2023-09-28,9,9,Autumn,0,1,1,포레스트릿,아메리카노(HOT)
2023-09-29,13,9,Autumn,0,1,1,포레스트릿,아메리카노(HOT)
2023-09-30,27,9,Autumn,1,1,1,포레스트릿,아메리카노(HOT)
2023-10-01,26,10,Autumn,1,0,1,포레스트릿,아메리카노(HOT)
2023-10-02,20,10,Autumn,0,1,1,포레스트릿,아메리카노(HOT)
2023-10-03,41,10,Autumn,0,1,1,포레스트릿,아메리카노(HOT)
2023-10-04,1,10,Autumn,0,0,0,포레스트릿,아메리카노(HOT)
2023-10-05,14,10,Autumn,0,0,0,포레스트릿,아메리카노(HOT)
2023-10-06,9,10,Autumn,0,0,0,포레스트릿,아메리카노(HOT)
2023-10-07,33,10,Autumn,1,0,1,포레스트릿,아메리카노(HOT)
2023-10-08,48,10,Autumn,1,0,1,포레스트릿,아메리카노(HOT)
2023-10-09,33,10,Autumn,0,1,1,포레스트릿,아메리카노(HOT)
2023-10-10,3,10,Autumn,0,0,0,포레스트릿,아메리카노(HOT)
2023-10-11,6,10,Autumn,0,0,0,포레스트릿,아메리카노(HOT)
2023-10-12,1,10,Autumn,0,0,0,포레스트릿,아메리카노(HOT)
2023-10-13,9,10,Autumn,0,0,0,포레스트릿,아메리카노(HOT)
2023-10-14,14,10,Autumn,1,0,1,포레스트릿,아메리카노(HOT)
2023-10-15,36,10,Autumn,1,0,1,포레스트릿,아메리카노(HOT)
2023-10-16,0,10,Autumn,0,0,0,포레스트릿,아메리카노(HOT)
2023-10-17,17,10,Autumn,0,0,0,포레스트릿,아메리카노(HOT)
2023-10-18,38,10,Autumn,0,0,0,포레스트릿,아메리카노(HOT)
2023-10-19,6,10,Autumn,0,0,0,포레스트릿,아메리카노(HOT)
2023-10-20,15,10,Autumn,0,0,0,포레스트릿,아메리카노(HOT)
2023-10-21,56,10,Autumn,1,0,1,포레스트릿,아메리카노(HOT)
2023-10-22,70,10,Autumn,1,0,1,포레스트릿,아메리카노(HOT)
2023-10-23,0,10,Autumn,0,0,0,포레스트릿,아메리카노(HOT)
2023-10-24,12,10,Autumn,0,0,0,포레스트릿,아메리카노(HOT)
2023-10-25,20,10,Autumn,0,0,0,포레스트릿,아메리카노(HOT)
2023-10-26,18,10,Autumn,0,0,0,포레스트릿,아메리카노(HOT)
2023-10-27,19,10,Autumn,0,0,0,포레스트릿,아메리카노(HOT)
2023-10-28,39,10,Autumn,1,0,1,포레스트릿,아메리카노(HOT)
2023-10-29,20,10,Autumn,1,0,1,포레스트릿,아메리카노(HOT)
2023-10-30,0,10,Autumn,0,0,0,포레스트릿,아메리카노(HOT)
2023-10-31,18,10,Autumn,0,0,0,포레스트릿,아메리카노(HOT)
2023-11-01,15,11,Autumn,0,0,0,포레스트릿,아메리카노(HOT)
2023-11-02,11,11,Autumn,0,0,0,포레스트릿,아메리카노(HOT)
2023-11-03,8,11,Autumn,0,0,0,포레스트릿,아메리카노(HOT)
2023-11-04,23,11,Autumn,1,0,1,포레스트릿,아메리카노(HOT)
2023-11-05,6,11,Autumn,1,0,1,포레스트릿,아메리카노(HOT)
2023-11-06,0,11,Autumn,0,0,0,포레스트릿,아메리카노(HOT)
2023-11-07,25,11,Autumn,0,0,0,포레스트릿,아메리카노(HOT)
2023-11-08,16,11,Autumn,0,0,0,포레스트릿,아메리카노(HOT)
2023-11-09,21,11,Autumn,0,0,0,포레스트릿,아메리카노(HOT)
2023-11-10,12,11,Autumn,0,0,0,포레스트릿,아메리카노(HOT)
2023-11-11,22,11,Autumn,1,0,1,포레스트릿,아메리카노(HOT)
2023-11-12,20,11,Autumn,1,0,1,포레스트릿,아메리카노(HOT)
2023-11-13,0,11,Autumn,0,0,0,포레스트릿,아메리카노(HOT)
2023-11-14,7,11,Autumn,0,0,0,포레스트릿,아메리카노(HOT)
2023-11-15,8,11,Autumn,0,0,0,포레스트릿,아메리카노(HOT)
2023-11-16,0,11,Autumn,0,0,0,포레스트릿,아메리카노(HOT)
2023-11-17,2,11,Autumn,0,0,0,포레스트릿,아메리카노(HOT)
2023-11-18,6,11,Autumn,1,0,1,포레스트릿,아메리카노(HOT)
2023-11-19,11,11,Autumn,1,0,1,포레스트릿,아메리카노(HOT)
2023-11-20,0,11,Autumn,0,0,0,포레스트릿,아메리카노(HOT)
2023-11-21,3,11,Autumn,0,0,0,포레스트릿,아메리카노(HOT)
2023-11-22,0,11,Autumn,0,0,0,포레스트릿,아메리카노(HOT)
2023-11-23,1,11,Autumn,0,0,0,포레스트릿,아메리카노(HOT)
2023-11-24,0,11,Autumn,0,0,0,포레스트릿,아메리카노(HOT)
2023-11-25,0,11,Autumn,1,0,1,포레스트릿,아메리카노(HOT)
2023-11-26,5,11,Autumn,1,0,1,포레스트릿,아메리카노(HOT)
2023-11-27,0,11,Autumn,0,0,0,포레스트릿,아메리카노(HOT)
2023-11-28,0,11,Autumn,0,0,0,포레스트릿,아메리카노(HOT)
2023-11-29,0,11,Autumn,0,0,0,포레스트릿,아메리카노(HOT)
2023-11-30,0,11,Autumn,0,0,0,포레스트릿,아메리카노(HOT)
2023-12-01,0,12,Winter,0,0,0,포레스트릿,아메리카노(HOT)
2023-12-02,0,12,Winter,1,0,1,포레스트릿,아메리카노(HOT)
2023-12-03,0,12,Winter,1,0,1,포레스트릿,아메리카노(HOT)
2023-12-04,0,12,Winter,0,0,0,포레스트릿,아메리카노(HOT)
2023-12-05,0,12,Winter,0,0,0,포레스트릿,아메리카노(HOT)
2023-12-06,1,12,Winter,0,0,0,포레스트릿,아메리카노(HOT)
2023-12-07,3,12,Winter,0,0,0,포레스트릿,아메리카노(HOT)
2023-12-08,20,12,Winter,0,0,0,포레스트릿,아메리카노(HOT)
2023-12-09,67,12,Winter,1,0,1,포레스트릿,아메리카노(HOT)
2023-12-10,61,12,Winter,1,0,1,포레스트릿,아메리카노(HOT)
2023-12-11,17,12,Winter,0,0,0,포레스트릿,아메리카노(HOT)
2023-12-12,20,12,Winter,0,0,0,포레스트릿,아메리카노(HOT)
2023-12-13,14,12,Winter,0,0,0,포레스트릿,아메리카노(HOT)
2023-12-14,3,12,Winter,0,0,0,포레스트릿,아메리카노(HOT)
2023-12-15,3,12,Winter,0,0,0,포레스트릿,아메리카노(HOT)
2023-12-16,45,12,Winter,1,0,1,포레스트릿,아메리카노(HOT)
2023-12-17,14,12,Winter,1,0,1,포레스트릿,아메리카노(HOT)
2023-12-18,62,12,Winter,0,0,0,포레스트릿,아메리카노(HOT)
2023-12-19,63,12,Winter,0,0,0,포레스트릿,아메리카노(HOT)
2023-12-20,56,12,Winter,0,0,0,포레스트릿,아메리카노(HOT)
2023-12-21,60,12,Winter,0,0,0,포레스트릿,아메리카노(HOT)
2023-12-22,89,12,Winter,0,0,0,포레스트릿,아메리카노(HOT)
2023-12-23,109,12,Winter,1,0,1,포레스트릿,아메리카노(HOT)
2023-12-24,197,12,Winter,1,0,1,포레스트릿,아메리카노(HOT)
2023-12-25,137,12,Winter,0,1,1,포레스트릿,아메리카노(HOT)
2023-12-26,94,12,Winter,0,0,0,포레스트릿,아메리카노(HOT)
2023-12-27,101,12,Winter,0,0,0,포레스트릿,아메리카노(HOT)
2023-12-28,88,12,Winter,0,0,0,포레스트릿,아메리카노(HOT)
2023-12-29,105,12,Winter,0,0,0,포레스트릿,아메리카노(HOT)
2023-12-30,88,12,Winter,1,0,1,포레스트릿,아메리카노(HOT)
2023-12-31,170,12,Winter,1,0,1,포레스트릿,아메리카노(HOT)
2024-01-01,117,1,Winter,0,1,1,포레스트릿,아메리카노(HOT)
2024-01-02,75,1,Winter,0,0,0,포레스트릿,아메리카노(HOT)
2024-01-03,74,1,Winter,0,0,0,포레스트릿,아메리카노(HOT)
2024-01-04,49,1,Winter,0,0,0,포레스트릿,아메리카노(HOT)
2024-01-05,109,1,Winter,0,0,0,포레스트릿,아메리카노(HOT)
2024-01-06,148,1,Winter,1,0,1,포레스트릿,아메리카노(HOT)
2024-01-07,135,1,Winter,1,0,1,포레스트릿,아메리카노(HOT)
2024-01-08,67,1,Winter,0,0,0,포레스트릿,아메리카노(HOT)
2024-01-09,46,1,Winter,0,0,0,포레스트릿,아메리카노(HOT)
2024-01-10,81,1,Winter,0,0,0,포레스트릿,아메리카노(HOT)
2024-01-11,87,1,Winter,0,0,0,포레스트릿,아메리카노(HOT)
2024-01-12,164,1,Winter,0,0,0,포레스트릿,아메리카노(HOT)
2024-01-13,191,1,Winter,1,0,1,포레스트릿,아메리카노(HOT)
2024-01-14,115,1,Winter,1,0,1,포레스트릿,아메리카노(HOT)
2024-01-15,91,1,Winter,0,0,0,포레스트릿,아메리카노(HOT)
2024-01-16,80,1,Winter,0,0,0,포레스트릿,아메리카노(HOT)
2024-01-17,72,1,Winter,0,0,0,포레스트릿,아메리카노(HOT)
2024-01-18,79,1,Winter,0,0,0,포레스트릿,아메리카노(HOT)
2024-01-19,108,1,Winter,0,0,0,포레스트릿,아메리카노(HOT)
2024-01-20,189,1,Winter,1,0,1,포레스트릿,아메리카노(HOT)
2024-01-21,147,1,Winter,1,0,1,포레스트릿,아메리카노(HOT)
2024-01-22,70,1,Winter,0,0,0,포레스트릿,아메리카노(HOT)
2024-01-23,79,1,Winter,0,0,0,포레스트릿,아메리카노(HOT)
2024-01-24,53,1,Winter,0,0,0,포레스트릿,아메리카노(HOT)
2024-01-25,99,1,Winter,0,0,0,포레스트릿,아메리카노(HOT)
2024-01-26,140,1,Winter,0,0,0,포레스트릿,아메리카노(HOT)
2024-01-27,152,1,Winter,1,0,1,포레스트릿,아메리카노(HOT)
2024-01-28,170,1,Winter,1,0,1,포레스트릿,아메리카노(HOT)
2024-01-29,77,1,Winter,0,0,0,포레스트릿,아메리카노(HOT)
2024-01-30,72,1,Winter,0,0,0,포레스트릿,아메리카노(HOT)
2024-01-31,73,1,Winter,0,0,0,포레스트릿,아메리카노(HOT)
2024-02-01,76,2,Winter,0,0,0,포레스트릿,아메리카노(HOT)
2024-02-02,95,2,Winter,0,0,0,포레스트릿,아메리카노(HOT)
2024-02-03,122,2,Winter,1,0,1,포레스트릿,아메리카노(HOT)
2024-02-04,98,2,Winter,1,0,1,포레스트릿,아메리카노(HOT)
2024-02-05,20,2,Winter,0,0,0,포레스트릿,아메리카노(HOT)
2024-02-06,53,2,Winter,0,0,0,포레스트릿,아메리카노(HOT)
2024-02-07,78,2,Winter,0,0,0,포레스트릿,아메리카노(HOT)
2024-02-08,77,2,Winter,0,0,0,포레스트릿,아메리카노(HOT)
2024-02-09,107,2,Winter,0,1,1,포레스트릿,아메리카노(HOT)
2024-02-10,97,2,Winter,1,1,1,포레스트릿,아메리카노(HOT)
2024-02-11,179,2,Winter,1,1,1,포레스트릿,아메리카노(HOT)
2024-02-12,90,2,Winter,0,1,1,포레스트릿,아메리카노(HOT)
2024-02-13,56,2,Winter,0,0,0,포레스트릿,아메리카노(HOT)
2024-02-14,26,2,Winter,0,0,0,포레스트릿,아메리카노(HOT)
2024-02-15,20,2,Winter,0,0,0,포레스트릿,아메리카노(HOT)
2024-02-16,75,2,Winter,0,0,0,포레스트릿,아메리카노(HOT)
2024-02-17,76,2,Winter,1,0,1,포레스트릿,아메리카노(HOT)
2024-02-18,83,2,Winter,1,0,1,포레스트릿,아메리카노(HOT)
2024-02-19,5,2,Winter,0,0,0,포레스트릿,아메리카노(HOT)
2024-02-20,38,2,Winter,0,0,0,포레스트릿,아메리카노(HOT)
2024-02-21,4,2,Winter,0,0,0,포레스트릿,아메리카노(HOT)
2024-02-22,68,2,Winter,0,0,0,포레스트릿,아메리카노(HOT)
2024-02-23,63,2,Winter,0,0,0,포레스트릿,아메리카노(HOT)
2024-02-24,97,2,Winter,1,0,1,포레스트릿,아메리카노(HOT)
2024-02-25,91,2,Winter,1,0,1,포레스트릿,아메리카노(HOT)
2024-02-26,38,2,Winter,0,0,0,포레스트릿,아메리카노(HOT)
2024-02-27,25,2,Winter,0,0,0,포레스트릿,아메리카노(HOT)
2024-02-28,16,2,Winter,0,0,0,포레스트릿,아메리카노(HOT)
2024-02-29,40,2,Winter,0,0,0,포레스트릿,아메리카노(HOT)
2024-03-01,67,3,Spring,0,1,1,포레스트릿,아메리카노(HOT)
2024-03-02,29,3,Spring,1,0,1,포레스트릿,아메리카노(HOT)
2024-03-03,7,3,Spring,1,0,1,포레스트릿,아메리카노(HOT)
2024-03-04,0,3,Spring,0,0,0,포레스트릿,아메리카노(HOT)
2024-03-05,0,3,Spring,0,0,0,포레스트릿,아메리카노(HOT)
2024-03-06,0,3,Spring,0,0,0,포레스트릿,아메리카노(HOT)
2024-03-07,0,3,Spring,0,0,0,포레스트릿,아메리카노(HOT)
2024-03-08,0,3,Spring,0,0,0,포레스트릿,아메리카노(HOT)
2024-03-09,0,3,Spring,1,0,1,포레스트릿,아메리카노(HOT)
2024-03-10,0,3,Spring,1,0,1,포레스트릿,아메리카노(HOT)
2024-03-11,0,3,Spring,0,0,0,포레스트릿,아메리카노(HOT)
2024-03-12,0,3,Spring,0,0,0,포레스트릿,아메리카노(HOT)
2024-03-13,0,3,Spring,0,0,0,포레스트릿,아메리카노(HOT)
2024-03-14,0,3,Spring,0,0,0,포레스트릿,아메리카노(HOT)
2024-03-15,0,3,Spring,0,0,0,포레스트릿,아메리카노(HOT)
2024-03-16,0,3,Spring,1,0,1,포레스트릿,아메리카노(HOT)
2024-03-17,0,3,Spring,1,0,1,포레스트릿,아메리카노(HOT)
2024-03-18,0,3,Spring,0,0,0,포레스트릿,아메리카노(HOT)
2024-03-19,0,3,Spring,0,0,0,포레스트릿,아메리카노(HOT)
2024-03-20,0,3,Spring,0,0,0,포레스트릿,아메리카노(HOT)
2024-03-21,0,3,Spring,0,0,0,포레스트릿,아메리카노(HOT)
2024-03-22,0,3,Spring,0,0,0,포레스트릿,아메리카노(HOT)
2024-03-23,0,3,Spring,1,0,1,포레스트릿,아메리카노(HOT)
2024-03-24,0,3,Spring,1,0,1,포레스트릿,아메리카노(HOT)
2024-03-25,0,3,Spring,0,0,0,포레스트릿,아메리카노(HOT)
2024-03-26,0,3,Spring,0,0,0,포레스트릿,아메리카노(HOT)
2024-03-27,0,3,Spring,0,0,0,포레스트릿,아메리카노(HOT)
2024-03-28,0,3,Spring,0,0,0,포레스트릿,아메리카노(HOT)
2024-03-29,0,3,Spring,0,0,0,포레스트릿,아메리카노(HOT)
2024-03-30,4,3,Spring,1,0,1,포레스트릿,아메리카노(HOT)
2024-03-31,9,3,Spring,1,0,1,포레스트릿,아메리카노(HOT)
2024-04-01,0,4,Spring,0,0,0,포레스트릿,아메리카노(HOT)
2024-04-02,4,4,Spring,0,0,0,포레스트릿,아메리카노(HOT)
2024-04-03,0,4,Spring,0,0,0,포레스트릿,아메리카노(HOT)
2024-04-04,6,4,Spring,0,0,0,포레스트릿,아메리카노(HOT)
2024-04-05,5,4,Spring,0,0,0,포레스트릿,아메리카노(HOT)
2024-04-06,10,4,Spring,1,0,1,포레스트릿,아메리카노(HOT)
2024-04-07,4,4,Spring,1,0,1,포레스트릿,아메리카노(HOT)
2024-04-08,0,4,Spring,0,0,0,포레스트릿,아메리카노(HOT)
2024-04-09,16,4,Spring,0,0,0,포레스트릿,아메리카노(HOT)
2024-04-10,10,4,Spring,0,1,1,포레스트릿,아메리카노(HOT)
2024-04-11,10,4,Spring,0,0,0,포레스트릿,아메리카노(HOT)
2024-04-12,3,4,Spring,0,0,0,포레스트릿,아메리카노(HOT)
2024-04-13,1,4,Spring,1,0,1,포레스트릿,아메리카노(HOT)
2024-04-14,2,4,Spring,1,0,1,포레스트릿,아메리카노(HOT)
2024-04-15,0,4,Spring,0,0,0,포레스트릿,아메리카노(HOT)
2024-04-16,1,4,Spring,0,0,0,포레스트릿,아메리카노(HOT)
2024-04-17,5,4,Spring,0,0,0,포레스트릿,아메리카노(HOT)
2024-04-18,16,4,Spring,0,0,0,포레스트릿,아메리카노(HOT)
2024-04-19,1,4,Spring,0,0,0,포레스트릿,아메리카노(HOT)
2024-04-20,5,4,Spring,1,0,1,포레스트릿,아메리카노(HOT)
2024-04-21,13,4,Spring,1,0,1,포레스트릿,아메리카노(HOT)
2024-04-22,0,4,Spring,0,0,0,포레스트릿,아메리카노(HOT)
2024-04-23,0,4,Spring,0,0,0,포레스트릿,아메리카노(HOT)
2024-04-24,0,4,Spring,0,0,0,포레스트릿,아메리카노(HOT)
2024-04-25,0,4,Spring,0,0,0,포레스트릿,아메리카노(HOT)
2024-04-26,0,4,Spring,0,0,0,포레스트릿,아메리카노(HOT)
2024-04-27,12,4,Spring,1,0,1,포레스트릿,아메리카노(HOT)
2024-04-28,4,4,Spring,1,0,1,포레스트릿,아메리카노(HOT)
2024-04-29,0,4,Spring,0,0,0,포레스트릿,아메리카노(HOT)
2024-04-30,0,4,Spring,0,0,0,포레스트릿,아메리카노(HOT)
2024-05-01,0,5,Spring,0,0,0,포레스트릿,아메리카노(HOT)
2024-05-02,0,5,Spring,0,0,0,포레스트릿,아메리카노(HOT)
2024-05-03,0,5,Spring,0,0,0,포레스트릿,아메리카노(HOT)
2024-05-04,7,5,Spring,1,0,1,포레스트릿,아메리카노(HOT)
2024-05-05,1,5,Spring,1,1,1,포레스트릿,아메리카노(HOT)
2024-05-06,0,5,Spring,0,1,1,포레스트릿,아메리카노(HOT)
2024-05-07,0,5,Spring,0,0,0,포레스트릿,아메리카노(HOT)
2024-05-08,0,5,Spring,0,0,0,포레스트릿,아메리카노(HOT)
2024-05-09,0,5,Spring,0,0,0,포레스트릿,아메리카노(HOT)
2024-05-10,11,5,Spring,0,0,0,포레스트릿,아메리카노(HOT)
2024-05-11,6,5,Spring,1,0,1,포레스트릿,아메리카노(HOT)
2024-05-12,8,5,Spring,1,0,1,포레스트릿,아메리카노(HOT)
2024-05-13,0,5,Spring,0,0,0,포레스트릿,아메리카노(HOT)
2024-05-14,0,5,Spring,0,0,0,포레스트릿,아메리카노(HOT)
2024-05-15,18,5,Spring,0,1,1,포레스트릿,아메리카노(HOT)
2024-05-16,0,5,Spring,0,0,0,포레스트릿,아메리카노(HOT)
2024-05-17,2,5,Spring,0,0,0,포레스트릿,아메리카노(HOT)
2024-05-18,4,5,Spring,1,0,1,포레스트릿,아메리카노(HOT)
2024-05-19,6,5,Spring,1,0,1,포레스트릿,아메리카노(HOT)
2024-05-20,0,5,Spring,0,0,0,포레스트릿,아메리카노(HOT)
2024-05-21,0,5,Spring,0,0,0,포레스트릿,아메리카노(HOT)
2024-05-22,0,5,Spring,0,0,0,포레스트릿,아메리카노(HOT)
2024-05-23,0,5,Spring,0,0,0,포레스트릿,아메리카노(HOT)
2024-05-24,0,5,Spring,0,0,0,포레스트릿,아메리카노(HOT)
2024-05-25,6,5,Spring,1,0,1,포레스트릿,아메리카노(HOT)
2024-05-26,3,5,Spring,1,0,1,포레스트릿,아메리카노(HOT)
2024-05-27,0,5,Spring,0,0,0,포레스트릿,아메리카노(HOT)
2024-05-28,0,5,Spring,0,0,0,포레스트릿,아메리카노(HOT)
2024-05-29,0,5,Spring,0,0,0,포레스트릿,아메리카노(HOT)
2024-05-30,0,5,Spring,0,0,0,포레스트릿,아메리카노(HOT)
2024-05-31,0,5,Spring,0,0,0,포레스트릿,아메리카노(HOT)
2024-06-01,1,6,Summer,1,0,1,포레스트릿,아메리카노(HOT)
2024-06-02,7,6,Summer,1,0,1,포레스트릿,아메리카노(HOT)
2024-06-03,0,6,Summer,0,0,0,포레스트릿,아메리카노(HOT)
2024-06-04,0,6,Summer,0,0,0,포레스트릿,아메리카노(HOT)
2024-06-05,0,6,Summer,0,0,0,포레스트릿,아메리카노(HOT)
2024-06-06,0,6,Summer,0,1,1,포레스트릿,아메리카노(HOT)
2024-06-07,0,6,Summer,0,0,0,포레스트릿,아메리카노(HOT)
2024-06-08,2,6,Summer,1,0,1,포레스트릿,아메리카노(HOT)
2024-06-09,4,6,Summer,1,0,1,포레스트릿,아메리카노(HOT)
2024-06-10,0,6,Summer,0,0,0,포레스트릿,아메리카노(HOT)
2024-06-11,0,6,Summer,0,0,0,포레스트릿,아메리카노(HOT)
2024-06-12,0,6,Summer,0,0,0,포레스트릿,아메리카노(HOT)
2024-06-13,0,6,Summer,0,0,0,포레스트릿,아메리카노(HOT)
2024-06-14,0,6,Summer,0,0,0,포레스트릿,아메리카노(HOT)
2024-06-15,2,6,Summer,1,0,1,포레스트릿,아메리카노(HOT)
2023-01-01,107,1,Winter,1,1,1,포레스트릿,아메리카노(ICE)
2023-01-02,60,1,Winter,0,0,0,포레스트릿,아메리카노(ICE)
2023-01-03,67,1,Winter,0,0,0,포레스트릿,아메리카노(ICE)
2023-01-04,98,1,Winter,0,0,0,포레스트릿,아메리카노(ICE)
2023-01-05,89,1,Winter,0,0,0,포레스트릿,아메리카노(ICE)
2023-01-06,172,1,Winter,0,0,0,포레스트릿,아메리카노(ICE)
2023-01-07,225,1,Winter,1,0,1,포레스트릿,아메리카노(ICE)
2023-01-08,225,1,Winter,1,0,1,포레스트릿,아메리카노(ICE)
2023-01-09,164,1,Winter,0,0,0,포레스트릿,아메리카노(ICE)
2023-01-10,147,1,Winter,0,0,0,포레스트릿,아메리카노(ICE)
2023-01-11,190,1,Winter,0,0,0,포레스트릿,아메리카노(ICE)
2023-01-12,199,1,Winter,0,0,0,포레스트릿,아메리카노(ICE)
2023-01-13,94,1,Winter,0,0,0,포레스트릿,아메리카노(ICE)
2023-01-14,187,1,Winter,1,0,1,포레스트릿,아메리카노(ICE)
2023-01-15,86,1,Winter,1,0,1,포레스트릿,아메리카노(ICE)
2023-01-16,60,1,Winter,0,0,0,포레스트릿,아메리카노(ICE)
2023-01-17,94,1,Winter,0,0,0,포레스트릿,아메리카노(ICE)
2023-01-18,95,1,Winter,0,0,0,포레스트릿,아메리카노(ICE)
2023-01-19,133,1,Winter,0,0,0,포레스트릿,아메리카노(ICE)
2023-01-20,61,1,Winter,0,0,0,포레스트릿,아메리카노(ICE)
2023-01-21,114,1,Winter,1,1,1,포레스트릿,아메리카노(ICE)
2023-01-22,146,1,Winter,1,1,1,포레스트릿,아메리카노(ICE)
2023-01-23,214,1,Winter,0,1,1,포레스트릿,아메리카노(ICE)
2023-01-24,20,1,Winter,0,1,1,포레스트릿,아메리카노(ICE)
2023-01-25,35,1,Winter,0,0,0,포레스트릿,아메리카노(ICE)
2023-01-26,62,1,Winter,0,0,0,포레스트릿,아메리카노(ICE)
2023-01-27,58,1,Winter,0,0,0,포레스트릿,아메리카노(ICE)
2023-01-28,202,1,Winter,1,0,1,포레스트릿,아메리카노(ICE)
2023-01-29,180,1,Winter,1,0,1,포레스트릿,아메리카노(ICE)
2023-01-30,104,1,Winter,0,0,0,포레스트릿,아메리카노(ICE)
2023-01-31,128,1,Winter,0,0,0,포레스트릿,아메리카노(ICE)
2023-02-01,81,2,Winter,0,0,0,포레스트릿,아메리카노(ICE)
2023-02-02,60,2,Winter,0,0,0,포레스트릿,아메리카노(ICE)
2023-02-03,149,2,Winter,0,0,0,포레스트릿,아메리카노(ICE)
2023-02-04,261,2,Winter,1,0,1,포레스트릿,아메리카노(ICE)
2023-02-05,131,2,Winter,1,0,1,포레스트릿,아메리카노(ICE)
2023-02-06,117,2,Winter,0,0,0,포레스트릿,아메리카노(ICE)
2023-02-07,110,2,Winter,0,0,0,포레스트릿,아메리카노(ICE)
2023-02-08,125,2,Winter,0,0,0,포레스트릿,아메리카노(ICE)
2023-02-09,148,2,Winter,0,0,0,포레스트릿,아메리카노(ICE)
2023-02-10,155,2,Winter,0,0,0,포레스트릿,아메리카노(ICE)
2023-02-11,380,2,Winter,1,0,1,포레스트릿,아메리카노(ICE)
2023-02-12,214,2,Winter,1,0,1,포레스트릿,아메리카노(ICE)
2023-02-13,104,2,Winter,0,0,0,포레스트릿,아메리카노(ICE)
2023-02-14,93,2,Winter,0,0,0,포레스트릿,아메리카노(ICE)
2023-02-15,85,2,Winter,0,0,0,포레스트릿,아메리카노(ICE)
2023-02-16,95,2,Winter,0,0,0,포레스트릿,아메리카노(ICE)
2023-02-17,197,2,Winter,0,0,0,포레스트릿,아메리카노(ICE)
2023-02-18,277,2,Winter,1,0,1,포레스트릿,아메리카노(ICE)
2023-02-19,160,2,Winter,1,0,1,포레스트릿,아메리카노(ICE)
2023-02-20,63,2,Winter,0,0,0,포레스트릿,아메리카노(ICE)
2023-02-21,72,2,Winter,0,0,0,포레스트릿,아메리카노(ICE)
2023-02-22,87,2,Winter,0,0,0,포레스트릿,아메리카노(ICE)
2023-02-23,57,2,Winter,0,0,0,포레스트릿,아메리카노(ICE)
2023-02-24,109,2,Winter,0,0,0,포레스트릿,아메리카노(ICE)
2023-02-25,195,2,Winter,1,0,1,포레스트릿,아메리카노(ICE)
2023-02-26,112,2,Winter,1,0,1,포레스트릿,아메리카노(ICE)
2023-02-27,87,2,Winter,0,0,0,포레스트릿,아메리카노(ICE)
2023-02-28,71,2,Winter,0,0,0,포레스트릿,아메리카노(ICE)
2023-03-01,46,3,Spring,0,1,1,포레스트릿,아메리카노(ICE)
2023-03-02,0,3,Spring,0,0,0,포레스트릿,아메리카노(ICE)
2023-03-03,0,3,Spring,0,0,0,포레스트릿,아메리카노(ICE)
2023-03-04,0,3,Spring,1,0,1,포레스트릿,아메리카노(ICE)
2023-03-05,0,3,Spring,1,0,1,포레스트릿,아메리카노(ICE)
2023-03-06,0,3,Spring,0,0,0,포레스트릿,아메리카노(ICE)
2023-03-07,0,3,Spring,0,0,0,포레스트릿,아메리카노(ICE)
2023-03-08,0,3,Spring,0,0,0,포레스트릿,아메리카노(ICE)
2023-03-09,0,3,Spring,0,0,0,포레스트릿,아메리카노(ICE)
2023-03-10,0,3,Spring,0,0,0,포레스트릿,아메리카노(ICE)
2023-03-11,0,3,Spring,1,0,1,포레스트릿,아메리카노(ICE)
2023-03-12,-1,3,Spring,1,0,1,포레스트릿,아메리카노(ICE)
2023-03-13,0,3,Spring,0,0,0,포레스트릿,아메리카노(ICE)
2023-03-14,0,3,Spring,0,0,0,포레스트릿,아메리카노(ICE)
2023-03-15,0,3,Spring,0,0,0,포레스트릿,아메리카노(ICE)
2023-03-16,0,3,Spring,0,0,0,포레스트릿,아메리카노(ICE)
2023-03-17,0,3,Spring,0,0,0,포레스트릿,아메리카노(ICE)
2023-03-18,0,3,Spring,1,0,1,포레스트릿,아메리카노(ICE)
2023-03-19,0,3,Spring,1,0,1,포레스트릿,아메리카노(ICE)
2023-03-20,0,3,Spring,0,0,0,포레스트릿,아메리카노(ICE)
2023-03-21,0,3,Spring,0,0,0,포레스트릿,아메리카노(ICE)
2023-03-22,0,3,Spring,0,0,0,포레스트릿,아메리카노(ICE)
2023-03-23,0,3,Spring,0,0,0,포레스트릿,아메리카노(ICE)
2023-03-24,0,3,Spring,0,0,0,포레스트릿,아메리카노(ICE)
2023-03-25,0,3,Spring,1,0,1,포레스트릿,아메리카노(ICE)
2023-03-26,0,3,Spring,1,0,1,포레스트릿,아메리카노(ICE)
2023-03-27,0,3,Spring,0,0,0,포레스트릿,아메리카노(ICE)
2023-03-28,0,3,Spring,0,0,0,포레스트릿,아메리카노(ICE)
2023-03-29,0,3,Spring,0,0,0,포레스트릿,아메리카노(ICE)
2023-03-30,0,3,Spring,0,0,0,포레스트릿,아메리카노(ICE)
2023-03-31,0,3,Spring,0,0,0,포레스트릿,아메리카노(ICE)
2023-04-01,160,4,Spring,1,0,1,포레스트릿,아메리카노(ICE)
2023-04-02,110,4,Spring,1,0,1,포레스트릿,아메리카노(ICE)
2023-04-03,0,4,Spring,0,0,0,포레스트릿,아메리카노(ICE)
2023-04-04,0,4,Spring,0,0,0,포레스트릿,아메리카노(ICE)
2023-04-05,0,4,Spring,0,0,0,포레스트릿,아메리카노(ICE)
2023-04-06,0,4,Spring,0,0,0,포레스트릿,아메리카노(ICE)
2023-04-07,6,4,Spring,0,0,0,포레스트릿,아메리카노(ICE)
2023-04-08,19,4,Spring,1,0,1,포레스트릿,아메리카노(ICE)
2023-04-09,42,4,Spring,1,0,1,포레스트릿,아메리카노(ICE)
2023-04-10,0,4,Spring,0,0,0,포레스트릿,아메리카노(ICE)
2023-04-11,0,4,Spring,0,0,0,포레스트릿,아메리카노(ICE)
2023-04-12,0,4,Spring,0,0,0,포레스트릿,아메리카노(ICE)
2023-04-13,0,4,Spring,0,0,0,포레스트릿,아메리카노(ICE)
2023-04-14,17,4,Spring,0,0,0,포레스트릿,아메리카노(ICE)
2023-04-15,6,4,Spring,1,0,1,포레스트릿,아메리카노(ICE)
2023-04-16,9,4,Spring,1,0,1,포레스트릿,아메리카노(ICE)
2023-04-17,0,4,Spring,0,0,0,포레스트릿,아메리카노(ICE)
2023-04-18,0,4,Spring,0,0,0,포레스트릿,아메리카노(ICE)
2023-04-19,0,4,Spring,0,0,0,포레스트릿,아메리카노(ICE)
2023-04-20,0,4,Spring,0,0,0,포레스트릿,아메리카노(ICE)
2023-04-21,9,4,Spring,0,0,0,포레스트릿,아메리카노(ICE)
2023-04-22,75,4,Spring,1,0,1,포레스트릿,아메리카노(ICE)
2023-04-23,50,4,Spring,1,0,1,포레스트릿,아메리카노(ICE)
2023-04-24,0,4,Spring,0,0,0,포레스트릿,아메리카노(ICE)
2023-04-25,0,4,Spring,0,0,0,포레스트릿,아메리카노(ICE)
2023-04-26,0,4,Spring,0,0,0,포레스트릿,아메리카노(ICE)
2023-04-27,11,4,Spring,0,0,0,포레스트릿,아메리카노(ICE)
2023-04-28,41,4,Spring,0,0,0,포레스트릿,아메리카노(ICE)
2023-04-29,0,4,Spring,1,0,1,포레스트릿,아메리카노(ICE)
2023-04-30,69,4,Spring,1,0,1,포레스트릿,아메리카노(ICE)
2023-05-01,20,5,Spring,0,0,0,포레스트릿,아메리카노(ICE)
2023-05-02,5,5,Spring,0,0,0,포레스트릿,아메리카노(ICE)
2023-05-03,11,5,Spring,0,0,0,포레스트릿,아메리카노(ICE)
2023-05-04,17,5,Spring,0,0,0,포레스트릿,아메리카노(ICE)
2023-05-05,2,5,Spring,0,1,1,포레스트릿,아메리카노(ICE)
2023-05-06,0,5,Spring,1,0,1,포레스트릿,아메리카노(ICE)
2023-05-07,8,5,Spring,1,0,1,포레스트릿,아메리카노(ICE)
2023-05-08,0,5,Spring,0,0,0,포레스트릿,아메리카노(ICE)
2023-05-09,14,5,Spring,0,0,0,포레스트릿,아메리카노(ICE)
2023-05-10,6,5,Spring,0,0,0,포레스트릿,아메리카노(ICE)
2023-05-11,13,5,Spring,0,0,0,포레스트릿,아메리카노(ICE)
2023-05-12,29,5,Spring,0,0,0,포레스트릿,아메리카노(ICE)
2023-05-13,73,5,Spring,1,0,1,포레스트릿,아메리카노(ICE)
2023-05-14,93,5,Spring,1,0,1,포레스트릿,아메리카노(ICE)
2023-05-15,0,5,Spring,0,0,0,포레스트릿,아메리카노(ICE)
2023-05-16,22,5,Spring,0,0,0,포레스트릿,아메리카노(ICE)
2023-05-17,1,5,Spring,0,0,0,포레스트릿,아메리카노(ICE)
2023-05-18,12,5,Spring,0,0,0,포레스트릿,아메리카노(ICE)
2023-05-19,25,5,Spring,0,0,0,포레스트릿,아메리카노(ICE)
2023-05-20,66,5,Spring,1,0,1,포레스트릿,아메리카노(ICE)
2023-05-21,38,5,Spring,1,0,1,포레스트릿,아메리카노(ICE)
2023-05-22,0,5,Spring,0,0,0,포레스트릿,아메리카노(ICE)
2023-05-23,21,5,Spring,0,0,0,포레스트릿,아메리카노(ICE)
2023-05-24,22,5,Spring,0,0,0,포레스트릿,아메리카노(ICE)
2023-05-25,18,5,Spring,0,0,0,포레스트릿,아메리카노(ICE)
2023-05-26,11,5,Spring,0,0,0,포레스트릿,아메리카노(ICE)
2023-05-27,2,5,Spring,1,1,1,포레스트릿,아메리카노(ICE)
2023-05-28,0,5,Spring,1,0,1,포레스트릿,아메리카노(ICE)
2023-05-29,22,5,Spring,0,1,1,포레스트릿,아메리카노(ICE)
2023-05-30,11,5,Spring,0,0,0,포레스트릿,아메리카노(ICE)
2023-05-31,8,5,Spring,0,0,0,포레스트릿,아메리카노(ICE)
2023-06-01,4,6,Summer,0,0,0,포레스트릿,아메리카노(ICE)
2023-06-02,11,6,Summer,0,0,0,포레스트릿,아메리카노(ICE)
2023-06-03,101,6,Summer,1,0,1,포레스트릿,아메리카노(ICE)
2023-06-04,101,6,Summer,1,0,1,포레스트릿,아메리카노(ICE)
2023-06-05,30,6,Summer,0,0,0,포레스트릿,아메리카노(ICE)
2023-06-06,89,6,Summer,0,1,1,포레스트릿,아메리카노(ICE)
2023-06-07,4,6,Summer,0,0,0,포레스트릿,아메리카노(ICE)
2023-06-08,11,6,Summer,0,0,0,포레스트릿,아메리카노(ICE)
2023-06-09,5,6,Summer,0,0,0,포레스트릿,아메리카노(ICE)
2023-06-10,42,6,Summer,1,0,1,포레스트릿,아메리카노(ICE)
2023-06-11,33,6,Summer,1,0,1,포레스트릿,아메리카노(ICE)
2023-06-12,0,6,Summer,0,0,0,포레스트릿,아메리카노(ICE)
2023-06-13,3,6,Summer,0,0,0,포레스트릿,아메리카노(ICE)
2023-06-14,15,6,Summer,0,0,0,포레스트릿,아메리카노(ICE)
2023-06-15,21,6,Summer,0,0,0,포레스트릿,아메리카노(ICE)
2023-06-16,39,6,Summer,0,0,0,포레스트릿,아메리카노(ICE)
2023-06-17,48,6,Summer,1,0,1,포레스트릿,아메리카노(ICE)
2023-06-18,52,6,Summer,1,0,1,포레스트릿,아메리카노(ICE)
2023-06-19,0,6,Summer,0,0,0,포레스트릿,아메리카노(ICE)
2023-06-20,2,6,Summer,0,0,0,포레스트릿,아메리카노(ICE)
2023-06-21,2,6,Summer,0,0,0,포레스트릿,아메리카노(ICE)
2023-06-22,19,6,Summer,0,0,0,포레스트릿,아메리카노(ICE)
2023-06-23,6,6,Summer,0,0,0,포레스트릿,아메리카노(ICE)
2023-06-24,30,6,Summer,1,0,1,포레스트릿,아메리카노(ICE)
2023-06-25,29,6,Summer,1,0,1,포레스트릿,아메리카노(ICE)
2023-06-26,0,6,Summer,0,0,0,포레스트릿,아메리카노(ICE)
2023-06-27,2,6,Summer,0,0,0,포레스트릿,아메리카노(ICE)
2023-06-28,1,6,Summer,0,0,0,포레스트릿,아메리카노(ICE)
2023-06-29,1,6,Summer,0,0,0,포레스트릿,아메리카노(ICE)
2023-06-30,10,6,Summer,0,0,0,포레스트릿,아메리카노(ICE)
2023-07-01,23,7,Summer,1,0,1,포레스트릿,아메리카노(ICE)
2023-07-02,20,7,Summer,1,0,1,포레스트릿,아메리카노(ICE)
2023-07-03,0,7,Summer,0,0,0,포레스트릿,아메리카노(ICE)
2023-07-04,1,7,Summer,0,0,0,포레스트릿,아메리카노(ICE)
2023-07-05,1,7,Summer,0,0,0,포레스트릿,아메리카노(ICE)
2023-07-06,6,7,Summer,0,0,0,포레스트릿,아메리카노(ICE)
2023-07-07,6,7,Summer,0,0,0,포레스트릿,아메리카노(ICE)
2023-07-08,29,7,Summer,1,0,1,포레스트릿,아메리카노(ICE)
2023-07-09,10,7,Summer,1,0,1,포레스트릿,아메리카노(ICE)
2023-07-10,0,7,Summer,0,0,0,포레스트릿,아메리카노(ICE)
2023-07-11,0,7,Summer,0,0,0,포레스트릿,아메리카노(ICE)
2023-07-12,2,7,Summer,0,0,0,포레스트릿,아메리카노(ICE)
2023-07-13,0,7,Summer,0,0,0,포레스트릿,아메리카노(ICE)
2023-07-14,0,7,Summer,0,0,0,포레스트릿,아메리카노(ICE)
2023-07-15,0,7,Summer,1,0,1,포레스트릿,아메리카노(ICE)
2023-07-16,8,7,Summer,1,0,1,포레스트릿,아메리카노(ICE)
2023-07-17,1,7,Summer,0,0,0,포레스트릿,아메리카노(ICE)
2023-07-18,0,7,Summer,0,0,0,포레스트릿,아메리카노(ICE)
2023-07-19,6,7,Summer,0,0,0,포레스트릿,아메리카노(ICE)
2023-07-20,8,7,Summer,0,0,0,포레스트릿,아메리카노(ICE)
2023-07-21,2,7,Summer,0,0,0,포레스트릿,아메리카노(ICE)
2023-07-22,20,7,Summer,1,0,1,포레스트릿,아메리카노(ICE)
2023-07-23,0,7,Summer,1,0,1,포레스트릿,아메리카노(ICE)
2023-07-24,17,7,Summer,0,0,0,포레스트릿,아메리카노(ICE)
2023-07-25,16,7,Summer,0,0,0,포레스트릿,아메리카노(ICE)
2023-07-26,9,7,Summer,0,0,0,포레스트릿,아메리카노(ICE)
2023-07-27,7,7,Summer,0,0,0,포레스트릿,아메리카노(ICE)
2023-07-28,7,7,Summer,0,0,0,포레스트릿,아메리카노(ICE)
2023-07-29,15,7,Summer,1,0,1,포레스트릿,아메리카노(ICE)
2023-07-30,18,7,Summer,1,0,1,포레스트릿,아메리카노(ICE)
2023-07-31,15,7,Summer,0,0,0,포레스트릿,아메리카노(ICE)
2023-08-01,9,8,Summer,0,0,0,포레스트릿,아메리카노(ICE)
2023-08-02,10,8,Summer,0,0,0,포레스트릿,아메리카노(ICE)
2023-08-03,15,8,Summer,0,0,0,포레스트릿,아메리카노(ICE)
2023-08-04,9,8,Summer,0,0,0,포레스트릿,아메리카노(ICE)
2023-08-05,16,8,Summer,1,0,1,포레스트릿,아메리카노(ICE)
2023-08-06,13,8,Summer,1,0,1,포레스트릿,아메리카노(ICE)
2023-08-07,8,8,Summer,0,0,0,포레스트릿,아메리카노(ICE)
2023-08-08,6,8,Summer,0,0,0,포레스트릿,아메리카노(ICE)
2023-08-09,12,8,Summer,0,0,0,포레스트릿,아메리카노(ICE)
2023-08-10,0,8,Summer,0,0,0,포레스트릿,아메리카노(ICE)
2023-08-11,0,8,Summer,0,0,0,포레스트릿,아메리카노(ICE)
2023-08-12,11,8,Summer,1,0,1,포레스트릿,아메리카노(ICE)
2023-08-13,40,8,Summer,1,0,1,포레스트릿,아메리카노(ICE)
2023-08-14,19,8,Summer,0,0,0,포레스트릿,아메리카노(ICE)
2023-08-15,21,8,Summer,0,1,1,포레스트릿,아메리카노(ICE)
2023-08-16,11,8,Summer,0,0,0,포레스트릿,아메리카노(ICE)
2023-08-17,3,8,Summer,0,0,0,포레스트릿,아메리카노(ICE)
2023-08-18,2,8,Summer,0,0,0,포레스트릿,아메리카노(ICE)
2023-08-19,20,8,Summer,1,0,1,포레스트릿,아메리카노(ICE)
2023-08-20,16,8,Summer,1,0,1,포레스트릿,아메리카노(ICE)
2023-08-21,3,8,Summer,0,0,0,포레스트릿,아메리카노(ICE)
2023-08-22,4,8,Summer,0,0,0,포레스트릿,아메리카노(ICE)
2023-08-23,0,8,Summer,0,0,0,포레스트릿,아메리카노(ICE)
2023-08-24,2,8,Summer,0,0,0,포레스트릿,아메리카노(ICE)
2023-08-25,14,8,Summer,0,0,0,포레스트릿,아메리카노(ICE)
2023-08-26,21,8,Summer,1,0,1,포레스트릿,아메리카노(ICE)
2023-08-27,17,8,Summer,1,0,1,포레스트릿,아메리카노(ICE)
2023-08-28,0,8,Summer,0,0,0,포레스트릿,아메리카노(ICE)
2023-08-29,0,8,Summer,0,0,0,포레스트릿,아메리카노(ICE)
2023-08-30,0,8,Summer,0,0,0,포레스트릿,아메리카노(ICE)
2023-08-31,0,8,Summer,0,0,0,포레스트릿,아메리카노(ICE)
2023-09-01,0,9,Autumn,0,0,0,포레스트릿,아메리카노(ICE)
2023-09-02,35,9,Autumn,1,0,1,포레스트릿,아메리카노(ICE)
2023-09-03,25,9,Autumn,1,0,1,포레스트릿,아메리카노(ICE)
2023-09-04,0,9,Autumn,0,0,0,포레스트릿,아메리카노(ICE)
2023-09-05,0,9,Autumn,0,0,0,포레스트릿,아메리카노(ICE)
2023-09-06,0,9,Autumn,0,0,0,포레스트릿,아메리카노(ICE)
2023-09-07,0,9,Autumn,0,0,0,포레스트릿,아메리카노(ICE)
2023-09-08,0,9,Autumn,0,0,0,포레스트릿,아메리카노(ICE)
2023-09-09,31,9,Autumn,1,0,1,포레스트릿,아메리카노(ICE)
2023-09-10,33,9,Autumn,1,0,1,포레스트릿,아메리카노(ICE)
2023-09-11,0,9,Autumn,0,0,0,포레스트릿,아메리카노(ICE)
2023-09-12,0,9,Autumn,0,0,0,포레스트릿,아메리카노(ICE)
2023-09-13,0,9,Autumn,0,0,0,포레스트릿,아메리카노(ICE)
2023-09-14,0,9,Autumn,0,0,0,포레스트릿,아메리카노(ICE)
2023-09-15,0,9,Autumn,0,0,0,포레스트릿,아메리카노(ICE)
2023-09-16,39,9,Autumn,1,0,1,포레스트릿,아메리카노(ICE)
2023-09-17,32,9,Autumn,1,0,1,포레스트릿,아메리카노(ICE)
2023-09-18,0,9,Autumn,0,0,0,포레스트릿,아메리카노(ICE)
2023-09-19,0,9,Autumn,0,0,0,포레스트릿,아메리카노(ICE)
2023-09-20,0,9,Autumn,0,0,0,포레스트릿,아메리카노(ICE)
2023-09-21,0,9,Autumn,0,0,0,포레스트릿,아메리카노(ICE)
2023-09-22,0,9,Autumn,0,0,0,포레스트릿,아메리카노(ICE)
2023-09-23,49,9,Autumn,1,0,1,포레스트릿,아메리카노(ICE)
2023-09-24,56,9,Autumn,1,0,1,포레스트릿,아메리카노(ICE)
2023-09-25,0,9,Autumn,0,0,0,포레스트릿,아메리카노(ICE)
2023-09-26,0,9,Autumn,0,0,0,포레스트릿,아메리카노(ICE)
2023-09-27,0,9,Autumn,0,0,0,포레스트릿,아메리카노(ICE)
2023-09-28,44,9,Autumn,0,1,1,포레스트릿,아메리카노(ICE)
2023-09-29,94,9,Autumn,0,1,1,포레스트릿,아메리카노(ICE)
2023-09-30,36,9,Autumn,1,1,1,포레스트릿,아메리카노(ICE)
2023-10-01,84,10,Autumn,1,0,1,포레스트릿,아메리카노(ICE)
2023-10-02,95,10,Autumn,0,1,1,포레스트릿,아메리카노(ICE)
2023-10-03,51,10,Autumn,0,1,1,포레스트릿,아메리카노(ICE)
2023-10-04,11,10,Autumn,0,0,0,포레스트릿,아메리카노(ICE)
2023-10-05,12,10,Autumn,0,0,0,포레스트릿,아메리카노(ICE)
2023-10-06,20,10,Autumn,0,0,0,포레스트릿,아메리카노(ICE)
2023-10-07,49,10,Autumn,1,0,1,포레스트릿,아메리카노(ICE)
2023-10-08,63,10,Autumn,1,0,1,포레스트릿,아메리카노(ICE)
2023-10-09,99,10,Autumn,0,1,1,포레스트릿,아메리카노(ICE)
2023-10-10,35,10,Autumn,0,0,0,포레스트릿,아메리카노(ICE)
2023-10-11,17,10,Autumn,0,0,0,포레스트릿,아메리카노(ICE)
2023-10-12,19,10,Autumn,0,0,0,포레스트릿,아메리카노(ICE)
2023-10-13,27,10,Autumn,0,0,0,포레스트릿,아메리카노(ICE)
2023-10-14,15,10,Autumn,1,0,1,포레스트릿,아메리카노(ICE)
2023-10-15,47,10,Autumn,1,0,1,포레스트릿,아메리카노(ICE)
2023-10-16,0,10,Autumn,0,0,0,포레스트릿,아메리카노(ICE)
2023-10-17,34,10,Autumn,0,0,0,포레스트릿,아메리카노(ICE)
2023-10-18,39,10,Autumn,0,0,0,포레스트릿,아메리카노(ICE)
2023-10-19,8,10,Autumn,0,0,0,포레스트릿,아메리카노(ICE)
2023-10-20,12,10,Autumn,0,0,0,포레스트릿,아메리카노(ICE)
2023-10-21,44,10,Autumn,1,0,1,포레스트릿,아메리카노(ICE)
2023-10-22,81,10,Autumn,1,0,1,포레스트릿,아메리카노(ICE)
2023-10-23,0,10,Autumn,0,0,0,포레스트릿,아메리카노(ICE)
2023-10-24,14,10,Autumn,0,0,0,포레스트릿,아메리카노(ICE)
2023-10-25,65,10,Autumn,0,0,0,포레스트릿,아메리카노(ICE)
2023-10-26,37,10,Autumn,0,0,0,포레스트릿,아메리카노(ICE)
2023-10-27,23,10,Autumn,0,0,0,포레스트릿,아메리카노(ICE)
2023-10-28,65,10,Autumn,1,0,1,포레스트릿,아메리카노(ICE)
2023-10-29,87,10,Autumn,1,0,1,포레스트릿,아메리카노(ICE)
2023-10-30,0,10,Autumn,0,0,0,포레스트릿,아메리카노(ICE)
2023-10-31,43,10,Autumn,0,0,0,포레스트릿,아메리카노(ICE)
2023-11-01,10,11,Autumn,0,0,0,포레스트릿,아메리카노(ICE)
2023-11-02,67,11,Autumn,0,0,0,포레스트릿,아메리카노(ICE)
2023-11-03,45,11,Autumn,0,0,0,포레스트릿,아메리카노(ICE)
2023-11-04,51,11,Autumn,1,0,1,포레스트릿,아메리카노(ICE)
2023-11-05,27,11,Autumn,1,0,1,포레스트릿,아메리카노(ICE)
2023-11-06,0,11,Autumn,0,0,0,포레스트릿,아메리카노(ICE)
2023-11-07,6,11,Autumn,0,0,0,포레스트릿,아메리카노(ICE)
2023-11-08,20,11,Autumn,0,0,0,포레스트릿,아메리카노(ICE)
2023-11-09,14,11,Autumn,0,0,0,포레스트릿,아메리카노(ICE)
2023-11-10,8,11,Autumn,0,0,0,포레스트릿,아메리카노(ICE)
2023-11-11,4,11,Autumn,1,0,1,포레스트릿,아메리카노(ICE)
2023-11-12,5,11,Autumn,1,0,1,포레스트릿,아메리카노(ICE)
2023-11-13,0,11,Autumn,0,0,0,포레스트릿,아메리카노(ICE)
2023-11-14,0,11,Autumn,0,0,0,포레스트릿,아메리카노(ICE)
2023-11-15,4,11,Autumn,0,0,0,포레스트릿,아메리카노(ICE)
2023-11-16,0,11,Autumn,0,0,0,포레스트릿,아메리카노(ICE)
2023-11-17,0,11,Autumn,0,0,0,포레스트릿,아메리카노(ICE)
2023-11-18,2,11,Autumn,1,0,1,포레스트릿,아메리카노(ICE)
2023-11-19,8,11,Autumn,1,0,1,포레스트릿,아메리카노(ICE)
2023-11-20,0,11,Autumn,0,0,0,포레스트릿,아메리카노(ICE)
2023-11-21,0,11,Autumn,0,0,0,포레스트릿,아메리카노(ICE)
2023-11-22,2,11,Autumn,0,0,0,포레스트릿,아메리카노(ICE)
2023-11-23,4,11,Autumn,0,0,0,포레스트릿,아메리카노(ICE)
2023-11-24,0,11,Autumn,0,0,0,포레스트릿,아메리카노(ICE)
2023-11-25,4,11,Autumn,1,0,1,포레스트릿,아메리카노(ICE)
2023-11-26,0,11,Autumn,1,0,1,포레스트릿,아메리카노(ICE)
2023-11-27,0,11,Autumn,0,0,0,포레스트릿,아메리카노(ICE)
2023-11-28,0,11,Autumn,0,0,0,포레스트릿,아메리카노(ICE)
2023-11-29,0,11,Autumn,0,0,0,포레스트릿,아메리카노(ICE)
2023-11-30,0,11,Autumn,0,0,0,포레스트릿,아메리카노(ICE)
2023-12-01,0,12,Winter,0,0,0,포레스트릿,아메리카노(ICE)
2023-12-02,0,12,Winter,1,0,1,포레스트릿,아메리카노(ICE)
2023-12-03,0,12,Winter,1,0,1,포레스트릿,아메리카노(ICE)
2023-12-04,0,12,Winter,0,0,0,포레스트릿,아메리카노(ICE)
2023-12-05,0,12,Winter,0,0,0,포레스트릿,아메리카노(ICE)
2023-12-06,2,12,Winter,0,0,0,포레스트릿,아메리카노(ICE)
2023-12-07,9,12,Winter,0,0,0,포레스트릿,아메리카노(ICE)
2023-12-08,97,12,Winter,0,0,0,포레스트릿,아메리카노(ICE)
2023-12-09,234,12,Winter,1,0,1,포레스트릿,아메리카노(ICE)
2023-12-10,174,12,Winter,1,0,1,포레스트릿,아메리카노(ICE)
2023-12-11,5,12,Winter,0,0,0,포레스트릿,아메리카노(ICE)
2023-12-12,29,12,Winter,0,0,0,포레스트릿,아메리카노(ICE)
2023-12-13,38,12,Winter,0,0,0,포레스트릿,아메리카노(ICE)
2023-12-14,8,12,Winter,0,0,0,포레스트릿,아메리카노(ICE)
2023-12-15,7,12,Winter,0,0,0,포레스트릿,아메리카노(ICE)
2023-12-16,21,12,Winter,1,0,1,포레스트릿,아메리카노(ICE)
2023-12-17,10,12,Winter,1,0,1,포레스트릿,아메리카노(ICE)
2023-12-18,36,12,Winter,0,0,0,포레스트릿,아메리카노(ICE)
2023-12-19,33,12,Winter,0,0,0,포레스트릿,아메리카노(ICE)
2023-12-20,16,12,Winter,0,0,0,포레스트릿,아메리카노(ICE)
2023-12-21,25,12,Winter,0,0,0,포레스트릿,아메리카노(ICE)
2023-12-22,27,12,Winter,0,0,0,포레스트릿,아메리카노(ICE)
2023-12-23,80,12,Winter,1,0,1,포레스트릿,아메리카노(ICE)
2023-12-24,100,12,Winter,1,0,1,포레스트릿,아메리카노(ICE)
2023-12-25,59,12,Winter,0,1,1,포레스트릿,아메리카노(ICE)
2023-12-26,88,12,Winter,0,0,0,포레스트릿,아메리카노(ICE)
2023-12-27,109,12,Winter,0,0,0,포레스트릿,아메리카노(ICE)
2023-12-28,79,12,Winter,0,0,0,포레스트릿,아메리카노(ICE)
2023-12-29,133,12,Winter,0,0,0,포레스트릿,아메리카노(ICE)
2023-12-30,82,12,Winter,1,0,1,포레스트릿,아메리카노(ICE)
2023-12-31,114,12,Winter,1,0,1,포레스트릿,아메리카노(ICE)
2024-01-01,124,1,Winter,0,1,1,포레스트릿,아메리카노(ICE)
2024-01-02,60,1,Winter,0,0,0,포레스트릿,아메리카노(ICE)
2024-01-03,58,1,Winter,0,0,0,포레스트릿,아메리카노(ICE)
2024-01-04,77,1,Winter,0,0,0,포레스트릿,아메리카노(ICE)
2024-01-05,122,1,Winter,0,0,0,포레스트릿,아메리카노(ICE)
2024-01-06,267,1,Winter,1,0,1,포레스트릿,아메리카노(ICE)
2024-01-07,66,1,Winter,1,0,1,포레스트릿,아메리카노(ICE)
2024-01-08,56,1,Winter,0,0,0,포레스트릿,아메리카노(ICE)
2024-01-09,50,1,Winter,0,0,0,포레스트릿,아메리카노(ICE)
2024-01-10,64,1,Winter,0,0,0,포레스트릿,아메리카노(ICE)
2024-01-11,79,1,Winter,0,0,0,포레스트릿,아메리카노(ICE)
2024-01-12,174,1,Winter,0,0,0,포레스트릿,아메리카노(ICE)
2024-01-13,268,1,Winter,1,0,1,포레스트릿,아메리카노(ICE)
2024-01-14,57,1,Winter,1,0,1,포레스트릿,아메리카노(ICE)
2024-01-15,52,1,Winter,0,0,0,포레스트릿,아메리카노(ICE)
2024-01-16,65,1,Winter,0,0,0,포레스트릿,아메리카노(ICE)
2024-01-17,51,1,Winter,0,0,0,포레스트릿,아메리카노(ICE)
2024-01-18,139,1,Winter,0,0,0,포레스트릿,아메리카노(ICE)
2024-01-19,185,1,Winter,0,0,0,포레스트릿,아메리카노(ICE)
2024-01-20,144,1,Winter,1,0,1,포레스트릿,아메리카노(ICE)
2024-01-21,118,1,Winter,1,0,1,포레스트릿,아메리카노(ICE)
2024-01-22,12,1,Winter,0,0,0,포레스트릿,아메리카노(ICE)
2024-01-23,19,1,Winter,0,0,0,포레스트릿,아메리카노(ICE)
2024-01-24,23,1,Winter,0,0,0,포레스트릿,아메리카노(ICE)
2024-01-25,72,1,Winter,0,0,0,포레스트릿,아메리카노(ICE)
2024-01-26,153,1,Winter,0,0,0,포레스트릿,아메리카노(ICE)
2024-01-27,267,1,Winter,1,0,1,포레스트릿,아메리카노(ICE)
2024-01-28,115,1,Winter,1,0,1,포레스트릿,아메리카노(ICE)
2024-01-29,84,1,Winter,0,0,0,포레스트릿,아메리카노(ICE)
2024-01-30,105,1,Winter,0,0,0,포레스트릿,아메리카노(ICE)
2024-01-31,117,1,Winter,0,0,0,포레스트릿,아메리카노(ICE)
2024-02-01,96,2,Winter,0,0,0,포레스트릿,아메리카노(ICE)
2024-02-02,153,2,Winter,0,0,0,포레스트릿,아메리카노(ICE)
2024-02-03,282,2,Winter,1,0,1,포레스트릿,아메리카노(ICE)
2024-02-04,207,2,Winter,1,0,1,포레스트릿,아메리카노(ICE)
2024-02-05,22,2,Winter,0,0,0,포레스트릿,아메리카노(ICE)
2024-02-06,38,2,Winter,0,0,0,포레스트릿,아메리카노(ICE)
2024-02-07,62,2,Winter,0,0,0,포레스트릿,아메리카노(ICE)
2024-02-08,107,2,Winter,0,0,0,포레스트릿,아메리카노(ICE)
2024-02-09,113,2,Winter,0,1,1,포레스트릿,아메리카노(ICE)
2024-02-10,79,2,Winter,1,1,1,포레스트릿,아메리카노(ICE)
2024-02-11,125,2,Winter,1,1,1,포레스트릿,아메리카노(ICE)
2024-02-12,181,2,Winter,0,1,1,포레스트릿,아메리카노(ICE)
2024-02-13,81,2,Winter,0,0,0,포레스트릿,아메리카노(ICE)
2024-02-14,63,2,Winter,0,0,0,포레스트릿,아메리카노(ICE)
2024-02-15,15,2,Winter,0,0,0,포레스트릿,아메리카노(ICE)
2024-02-16,93,2,Winter,0,0,0,포레스트릿,아메리카노(ICE)
2024-02-17,318,2,Winter,1,0,1,포레스트릿,아메리카노(ICE)
2024-02-18,84,2,Winter,1,0,1,포레스트릿,아메리카노(ICE)
2024-02-19,14,2,Winter,0,0,0,포레스트릿,아메리카노(ICE)
2024-02-20,26,2,Winter,0,0,0,포레스트릿,아메리카노(ICE)
2024-02-21,2,2,Winter,0,0,0,포레스트릿,아메리카노(ICE)
2024-02-22,48,2,Winter,0,0,0,포레스트릿,아메리카노(ICE)
2024-02-23,116,2,Winter,0,0,0,포레스트릿,아메리카노(ICE)
2024-02-24,158,2,Winter,1,0,1,포레스트릿,아메리카노(ICE)
2024-02-25,75,2,Winter,1,0,1,포레스트릿,아메리카노(ICE)
2024-02-26,67,2,Winter,0,0,0,포레스트릿,아메리카노(ICE)
2024-02-27,36,2,Winter,0,0,0,포레스트릿,아메리카노(ICE)
2024-02-28,36,2,Winter,0,0,0,포레스트릿,아메리카노(ICE)
2024-02-29,38,2,Winter,0,0,0,포레스트릿,아메리카노(ICE)
2024-03-01,39,3,Spring,0,1,1,포레스트릿,아메리카노(ICE)
2024-03-02,24,3,Spring,1,0,1,포레스트릿,아메리카노(ICE)
2024-03-03,20,3,Spring,1,0,1,포레스트릿,아메리카노(ICE)
2024-03-04,0,3,Spring,0,0,0,포레스트릿,아메리카노(ICE)
2024-03-05,0,3,Spring,0,0,0,포레스트릿,아메리카노(ICE)
2024-03-06,0,3,Spring,0,0,0,포레스트릿,아메리카노(ICE)
2024-03-07,0,3,Spring,0,0,0,포레스트릿,아메리카노(ICE)
2024-03-08,0,3,Spring,0,0,0,포레스트릿,아메리카노(ICE)
2024-03-09,0,3,Spring,1,0,1,포레스트릿,아메리카노(ICE)
2024-03-10,0,3,Spring,1,0,1,포레스트릿,아메리카노(ICE)
2024-03-11,0,3,Spring,0,0,0,포레스트릿,아메리카노(ICE)
2024-03-12,0,3,Spring,0,0,0,포레스트릿,아메리카노(ICE)
2024-03-13,0,3,Spring,0,0,0,포레스트릿,아메리카노(ICE)
2024-03-14,0,3,Spring,0,0,0,포레스트릿,아메리카노(ICE)
2024-03-15,0,3,Spring,0,0,0,포레스트릿,아메리카노(ICE)
2024-03-16,0,3,Spring,1,0,1,포레스트릿,아메리카노(ICE)
2024-03-17,0,3,Spring,1,0,1,포레스트릿,아메리카노(ICE)
2024-03-18,0,3,Spring,0,0,0,포레스트릿,아메리카노(ICE)
2024-03-19,0,3,Spring,0,0,0,포레스트릿,아메리카노(ICE)
2024-03-20,0,3,Spring,0,0,0,포레스트릿,아메리카노(ICE)
2024-03-21,0,3,Spring,0,0,0,포레스트릿,아메리카노(ICE)
2024-03-22,0,3,Spring,0,0,0,포레스트릿,아메리카노(ICE)
2024-03-23,0,3,Spring,1,0,1,포레스트릿,아메리카노(ICE)
2024-03-24,0,3,Spring,1,0,1,포레스트릿,아메리카노(ICE)
2024-03-25,0,3,Spring,0,0,0,포레스트릿,아메리카노(ICE)
2024-03-26,0,3,Spring,0,0,0,포레스트릿,아메리카노(ICE)
2024-03-27,0,3,Spring,0,0,0,포레스트릿,아메리카노(ICE)
2024-03-28,0,3,Spring,0,0,0,포레스트릿,아메리카노(ICE)
2024-03-29,0,3,Spring,0,0,0,포레스트릿,아메리카노(ICE)
2024-03-30,12,3,Spring,1,0,1,포레스트릿,아메리카노(ICE)
2024-03-31,24,3,Spring,1,0,1,포레스트릿,아메리카노(ICE)
2024-04-01,0,4,Spring,0,0,0,포레스트릿,아메리카노(ICE)
2024-04-02,22,4,Spring,0,0,0,포레스트릿,아메리카노(ICE)
2024-04-03,2,4,Spring,0,0,0,포레스트릿,아메리카노(ICE)
2024-04-04,17,4,Spring,0,0,0,포레스트릿,아메리카노(ICE)
2024-04-05,15,4,Spring,0,0,0,포레스트릿,아메리카노(ICE)
2024-04-06,40,4,Spring,1,0,1,포레스트릿,아메리카노(ICE)
2024-04-07,65,4,Spring,1,0,1,포레스트릿,아메리카노(ICE)
2024-04-08,0,4,Spring,0,0,0,포레스트릿,아메리카노(ICE)
2024-04-09,29,4,Spring,0,0,0,포레스트릿,아메리카노(ICE)
2024-04-10,21,4,Spring,0,1,1,포레스트릿,아메리카노(ICE)
2024-04-11,38,4,Spring,0,0,0,포레스트릿,아메리카노(ICE)
2024-04-12,27,4,Spring,0,0,0,포레스트릿,아메리카노(ICE)
2024-04-13,75,4,Spring,1,0,1,포레스트릿,아메리카노(ICE)
2024-04-14,73,4,Spring,1,0,1,포레스트릿,아메리카노(ICE)
2024-04-15,0,4,Spring,0,0,0,포레스트릿,아메리카노(ICE)
2024-04-16,5,4,Spring,0,0,0,포레스트릿,아메리카노(ICE)
2024-04-17,14,4,Spring,0,0,0,포레스트릿,아메리카노(ICE)
2024-04-18,25,4,Spring,0,0,0,포레스트릿,아메리카노(ICE)
2024-04-19,13,4,Spring,0,0,0,포레스트릿,아메리카노(ICE)
2024-04-20,1,4,Spring,1,0,1,포레스트릿,아메리카노(ICE)
2024-04-21,14,4,Spring,1,0,1,포레스트릿,아메리카노(ICE)
2024-04-22,0,4,Spring,0,0,0,포레스트릿,아메리카노(ICE)
2024-04-23,0,4,Spring,0,0,0,포레스트릿,아메리카노(ICE)
2024-04-24,0,4,Spring,0,0,0,포레스트릿,아메리카노(ICE)
2024-04-25,0,4,Spring,0,0,0,포레스트릿,아메리카노(ICE)
2024-04-26,0,4,Spring,0,0,0,포레스트릿,아메리카노(ICE)
2024-04-27,80,4,Spring,1,0,1,포레스트릿,아메리카노(ICE)
2024-04-28,69,4,Spring,1,0,1,포레스트릿,아메리카노(ICE)
2024-04-29,0,4,Spring,0,0,0,포레스트릿,아메리카노(ICE)
2024-04-30,0,4,Spring,0,0,0,포레스트릿,아메리카노(ICE)
2024-05-01,0,5,Spring,0,0,0,포레스트릿,아메리카노(ICE)
2024-05-02,0,5,Spring,0,0,0,포레스트릿,아메리카노(ICE)
2024-05-03,0,5,Spring,0,0,0,포레스트릿,아메리카노(ICE)
2024-05-04,98,5,Spring,1,0,1,포레스트릿,아메리카노(ICE)
2024-05-05,0,5,Spring,1,1,1,포레스트릿,아메리카노(ICE)
2024-05-06,0,5,Spring,0,1,1,포레스트릿,아메리카노(ICE)
2024-05-07,0,5,Spring,0,0,0,포레스트릿,아메리카노(ICE)
2024-05-08,0,5,Spring,0,0,0,포레스트릿,아메리카노(ICE)
2024-05-09,0,5,Spring,0,0,0,포레스트릿,아메리카노(ICE)
2024-05-10,2,5,Spring,0,0,0,포레스트릿,아메리카노(ICE)
2024-05-11,22,5,Spring,1,0,1,포레스트릿,아메리카노(ICE)
2024-05-12,51,5,Spring,1,0,1,포레스트릿,아메리카노(ICE)
2024-05-13,0,5,Spring,0,0,0,포레스트릿,아메리카노(ICE)
2024-05-14,0,5,Spring,0,0,0,포레스트릿,아메리카노(ICE)
2024-05-15,5,5,Spring,0,1,1,포레스트릿,아메리카노(ICE)
2024-05-16,0,5,Spring,0,0,0,포레스트릿,아메리카노(ICE)
2024-05-17,0,5,Spring,0,0,0,포레스트릿,아메리카노(ICE)
2024-05-18,54,5,Spring,1,0,1,포레스트릿,아메리카노(ICE)
2024-05-19,57,5,Spring,1,0,1,포레스트릿,아메리카노(ICE)
2024-05-20,0,5,Spring,0,0,0,포레스트릿,아메리카노(ICE)
2024-05-21,0,5,Spring,0,0,0,포레스트릿,아메리카노(ICE)
2024-05-22,0,5,Spring,0,0,0,포레스트릿,아메리카노(ICE)
2024-05-23,0,5,Spring,0,0,0,포레스트릿,아메리카노(ICE)
2024-05-24,0,5,Spring,0,0,0,포레스트릿,아메리카노(ICE)
2024-05-25,46,5,Spring,1,0,1,포레스트릿,아메리카노(ICE)
2024-05-26,24,5,Spring,1,0,1,포레스트릿,아메리카노(ICE)
2024-05-27,0,5,Spring,0,0,0,포레스트릿,아메리카노(ICE)
2024-05-28,0,5,Spring,0,0,0,포레스트릿,아메리카노(ICE)
2024-05-29,0,5,Spring,0,0,0,포레스트릿,아메리카노(ICE)
2024-05-30,0,5,Spring,0,0,0,포레스트릿,아메리카노(ICE)
2024-05-31,0,5,Spring,0,0,0,포레스트릿,아메리카노(ICE)
2024-06-01,21,6,Summer,1,0,1,포레스트릿,아메리카노(ICE)
2024-06-02,48,6,Summer,1,0,1,포레스트릿,아메리카노(ICE)
2024-06-03,0,6,Summer,0,0,0,포레스트릿,아메리카노(ICE)
2024-06-04,0,6,Summer,0,0,0,포레스트릿,아메리카노(ICE)
2024-06-05,0,6,Summer,0,0,0,포레스트릿,아메리카노(ICE)
2024-06-06,66,6,Summer,0,1,1,포레스트릿,아메리카노(ICE)
2024-06-07,0,6,Summer,0,0,0,포레스트릿,아메리카노(ICE)
2024-06-08,17,6,Summer,1,0,1,포레스트릿,아메리카노(ICE)
2024-06-09,49,6,Summer,1,0,1,포레스트릿,아메리카노(ICE)
2024-06-10,0,6,Summer,0,0,0,포레스트릿,아메리카노(ICE)
2024-06-11,0,6,Summer,0,0,0,포레스트릿,아메리카노(ICE)
2024-06-12,0,6,Summer,0,0,0,포레스트릿,아메리카노(ICE)
2024-06-13,0,6,Summer,0,0,0,포레스트릿,아메리카노(ICE)
2024-06-14,0,6,Summer,0,0,0,포레스트릿,아메리카노(ICE)
2024-06-15,22,6,Summer,1,0,1,포레스트릿,아메리카노(ICE)
2023-01-01,228,1,Winter,1,1,1,포레스트릿,치즈 핫도그
2023-01-02,133,1,Winter,0,0,0,포레스트릿,치즈 핫도그
2023-01-03,152,1,Winter,0,0,0,포레스트릿,치즈 핫도그
2023-01-04,144,1,Winter,0,0,0,포레스트릿,치즈 핫도그
2023-01-05,195,1,Winter,0,0,0,포레스트릿,치즈 핫도그
2023-01-06,210,1,Winter,0,0,0,포레스트릿,치즈 핫도그
2023-01-07,328,1,Winter,1,0,1,포레스트릿,치즈 핫도그
2023-01-08,296,1,Winter,1,0,1,포레스트릿,치즈 핫도그
2023-01-09,178,1,Winter,0,0,0,포레스트릿,치즈 핫도그
2023-01-10,188,1,Winter,0,0,0,포레스트릿,치즈 핫도그
2023-01-11,198,1,Winter,0,0,0,포레스트릿,치즈 핫도그
2023-01-12,216,1,Winter,0,0,0,포레스트릿,치즈 핫도그
2023-01-13,88,1,Winter,0,0,0,포레스트릿,치즈 핫도그
2023-01-14,200,1,Winter,1,0,1,포레스트릿,치즈 핫도그
2023-01-15,288,1,Winter,1,0,1,포레스트릿,치즈 핫도그
2023-01-16,160,1,Winter,0,0,0,포레스트릿,치즈 핫도그
2023-01-17,204,1,Winter,0,0,0,포레스트릿,치즈 핫도그
2023-01-18,167,1,Winter,0,0,0,포레스트릿,치즈 핫도그
2023-01-19,195,1,Winter,0,0,0,포레스트릿,치즈 핫도그
2023-01-20,221,1,Winter,0,0,0,포레스트릿,치즈 핫도그
2023-01-21,227,1,Winter,1,1,1,포레스트릿,치즈 핫도그
2023-01-22,324,1,Winter,1,1,1,포레스트릿,치즈 핫도그
2023-01-23,412,1,Winter,0,1,1,포레스트릿,치즈 핫도그
2023-01-24,76,1,Winter,0,1,1,포레스트릿,치즈 핫도그
2023-01-25,74,1,Winter,0,0,0,포레스트릿,치즈 핫도그
2023-01-26,177,1,Winter,0,0,0,포레스트릿,치즈 핫도그
2023-01-27,216,1,Winter,0,0,0,포레스트릿,치즈 핫도그
2023-01-28,414,1,Winter,1,0,1,포레스트릿,치즈 핫도그
2023-01-29,332,1,Winter,1,0,1,포레스트릿,치즈 핫도그
2023-01-30,186,1,Winter,0,0,0,포레스트릿,치즈 핫도그
2023-01-31,146,1,Winter,0,0,0,포레스트릿,치즈 핫도그
2023-02-01,111,2,Winter,0,0,0,포레스트릿,치즈 핫도그
2023-02-02,149,2,Winter,0,0,0,포레스트릿,치즈 핫도그
2023-02-03,188,2,Winter,0,0,0,포레스트릿,치즈 핫도그
2023-02-04,366,2,Winter,1,0,1,포레스트릿,치즈 핫도그
2023-02-05,277,2,Winter,1,0,1,포레스트릿,치즈 핫도그
2023-02-06,192,2,Winter,0,0,0,포레스트릿,치즈 핫도그
2023-02-07,143,2,Winter,0,0,0,포레스트릿,치즈 핫도그
2023-02-08,140,2,Winter,0,0,0,포레스트릿,치즈 핫도그
2023-02-09,142,2,Winter,0,0,0,포레스트릿,치즈 핫도그
2023-02-10,271,2,Winter,0,0,0,포레스트릿,치즈 핫도그
2023-02-11,364,2,Winter,1,0,1,포레스트릿,치즈 핫도그
2023-02-12,355,2,Winter,1,0,1,포레스트릿,치즈 핫도그
2023-02-13,149,2,Winter,0,0,0,포레스트릿,치즈 핫도그
2023-02-14,159,2,Winter,0,0,0,포레스트릿,치즈 핫도그
2023-02-15,112,2,Winter,0,0,0,포레스트릿,치즈 핫도그
2023-02-16,133,2,Winter,0,0,0,포레스트릿,치즈 핫도그
2023-02-17,228,2,Winter,0,0,0,포레스트릿,치즈 핫도그
2023-02-18,279,2,Winter,1,0,1,포레스트릿,치즈 핫도그
2023-02-19,195,2,Winter,1,0,1,포레스트릿,치즈 핫도그
2023-02-20,97,2,Winter,0,0,0,포레스트릿,치즈 핫도그
2023-02-21,83,2,Winter,0,0,0,포레스트릿,치즈 핫도그
2023-02-22,87,2,Winter,0,0,0,포레스트릿,치즈 핫도그
2023-02-23,95,2,Winter,0,0,0,포레스트릿,치즈 핫도그
2023-02-24,119,2,Winter,0,0,0,포레스트릿,치즈 핫도그
2023-02-25,124,2,Winter,1,0,1,포레스트릿,치즈 핫도그
2023-02-26,118,2,Winter,1,0,1,포레스트릿,치즈 핫도그
2023-02-27,58,2,Winter,0,0,0,포레스트릿,치즈 핫도그
2023-02-28,27,2,Winter,0,0,0,포레스트릿,치즈 핫도그
2023-03-01,21,3,Spring,0,1,1,포레스트릿,치즈 핫도그
2023-03-02,0,3,Spring,0,0,0,포레스트릿,치즈 핫도그
2023-03-03,0,3,Spring,0,0,0,포레스트릿,치즈 핫도그
2023-03-04,0,3,Spring,1,0,1,포레스트릿,치즈 핫도그
2023-03-05,0,3,Spring,1,0,1,포레스트릿,치즈 핫도그
2023-03-06,0,3,Spring,0,0,0,포레스트릿,치즈 핫도그
2023-03-07,0,3,Spring,0,0,0,포레스트릿,치즈 핫도그
2023-03-08,0,3,Spring,0,0,0,포레스트릿,치즈 핫도그
2023-03-09,0,3,Spring,0,0,0,포레스트릿,치즈 핫도그
2023-03-10,0,3,Spring,0,0,0,포레스트릿,치즈 핫도그
2023-03-11,0,3,Spring,1,0,1,포레스트릿,치즈 핫도그
2023-03-12,-2,3,Spring,1,0,1,포레스트릿,치즈 핫도그
2023-03-13,0,3,Spring,0,0,0,포레스트릿,치즈 핫도그
2023-03-14,0,3,Spring,0,0,0,포레스트릿,치즈 핫도그
2023-03-15,0,3,Spring,0,0,0,포레스트릿,치즈 핫도그
2023-03-16,0,3,Spring,0,0,0,포레스트릿,치즈 핫도그
2023-03-17,0,3,Spring,0,0,0,포레스트릿,치즈 핫도그
2023-03-18,0,3,Spring,1,0,1,포레스트릿,치즈 핫도그
2023-03-19,0,3,Spring,1,0,1,포레스트릿,치즈 핫도그
2023-03-20,0,3,Spring,0,0,0,포레스트릿,치즈 핫도그
2023-03-21,0,3,Spring,0,0,0,포레스트릿,치즈 핫도그
2023-03-22,0,3,Spring,0,0,0,포레스트릿,치즈 핫도그
2023-03-23,0,3,Spring,0,0,0,포레스트릿,치즈 핫도그
2023-03-24,0,3,Spring,0,0,0,포레스트릿,치즈 핫도그
2023-03-25,0,3,Spring,1,0,1,포레스트릿,치즈 핫도그
2023-03-26,0,3,Spring,1,0,1,포레스트릿,치즈 핫도그
2023-03-27,0,3,Spring,0,0,0,포레스트릿,치즈 핫도그
2023-03-28,0,3,Spring,0,0,0,포레스트릿,치즈 핫도그
2023-03-29,0,3,Spring,0,0,0,포레스트릿,치즈 핫도그
2023-03-30,0,3,Spring,0,0,0,포레스트릿,치즈 핫도그
2023-03-31,0,3,Spring,0,0,0,포레스트릿,치즈 핫도그
2023-04-01,34,4,Spring,1,0,1,포레스트릿,치즈 핫도그
2023-04-02,36,4,Spring,1,0,1,포레스트릿,치즈 핫도그
2023-04-03,0,4,Spring,0,0,0,포레스트릿,치즈 핫도그
2023-04-04,0,4,Spring,0,0,0,포레스트릿,치즈 핫도그
2023-04-05,0,4,Spring,0,0,0,포레스트릿,치즈 핫도그
2023-04-06,0,4,Spring,0,0,0,포레스트릿,치즈 핫도그
2023-04-07,17,4,Spring,0,0,0,포레스트릿,치즈 핫도그
2023-04-08,38,4,Spring,1,0,1,포레스트릿,치즈 핫도그
2023-04-09,29,4,Spring,1,0,1,포레스트릿,치즈 핫도그
2023-04-10,0,4,Spring,0,0,0,포레스트릿,치즈 핫도그
2023-04-11,0,4,Spring,0,0,0,포레스트릿,치즈 핫도그
2023-04-12,0,4,Spring,0,0,0,포레스트릿,치즈 핫도그
2023-04-13,0,4,Spring,0,0,0,포레스트릿,치즈 핫도그
2023-04-14,3,4,Spring,0,0,0,포레스트릿,치즈 핫도그
2023-04-15,1,4,Spring,1,0,1,포레스트릿,치즈 핫도그
2023-04-16,21,4,Spring,1,0,1,포레스트릿,치즈 핫도그
2023-04-17,0,4,Spring,0,0,0,포레스트릿,치즈 핫도그
2023-04-18,0,4,Spring,0,0,0,포레스트릿,치즈 핫도그
2023-04-19,0,4,Spring,0,0,0,포레스트릿,치즈 핫도그
2023-04-20,0,4,Spring,0,0,0,포레스트릿,치즈 핫도그
2023-04-21,1,4,Spring,0,0,0,포레스트릿,치즈 핫도그
2023-04-22,43,4,Spring,1,0,1,포레스트릿,치즈 핫도그
2023-04-23,68,4,Spring,1,0,1,포레스트릿,치즈 핫도그
2023-04-24,0,4,Spring,0,0,0,포레스트릿,치즈 핫도그
2023-04-25,0,4,Spring,0,0,0,포레스트릿,치즈 핫도그
2023-04-26,1,4,Spring,0,0,0,포레스트릿,치즈 핫도그
2023-04-27,0,4,Spring,0,0,0,포레스트릿,치즈 핫도그
2023-04-28,6,4,Spring,0,0,0,포레스트릿,치즈 핫도그
2023-04-29,3,4,Spring,1,0,1,포레스트릿,치즈 핫도그
2023-04-30,71,4,Spring,1,0,1,포레스트릿,치즈 핫도그
2023-05-01,31,5,Spring,0,0,0,포레스트릿,치즈 핫도그
2023-05-02,4,5,Spring,0,0,0,포레스트릿,치즈 핫도그
2023-05-03,1,5,Spring,0,0,0,포레스트릿,치즈 핫도그
2023-05-04,4,5,Spring,0,0,0,포레스트릿,치즈 핫도그
2023-05-05,1,5,Spring,0,1,1,포레스트릿,치즈 핫도그
2023-05-06,0,5,Spring,1,0,1,포레스트릿,치즈 핫도그
2023-05-07,19,5,Spring,1,0,1,포레스트릿,치즈 핫도그
2023-05-08,0,5,Spring,0,0,0,포레스트릿,치즈 핫도그
2023-05-09,3,5,Spring,0,0,0,포레스트릿,치즈 핫도그
2023-05-10,1,5,Spring,0,0,0,포레스트릿,치즈 핫도그
2023-05-11,1,5,Spring,0,0,0,포레스트릿,치즈 핫도그
2023-05-12,11,5,Spring,0,0,0,포레스트릿,치즈 핫도그
2023-05-13,41,5,Spring,1,0,1,포레스트릿,치즈 핫도그
2023-05-14,37,5,Spring,1,0,1,포레스트릿,치즈 핫도그
2023-05-15,0,5,Spring,0,0,0,포레스트릿,치즈 핫도그
2023-05-16,0,5,Spring,0,0,0,포레스트릿,치즈 핫도그
2023-05-17,2,5,Spring,0,0,0,포레스트릿,치즈 핫도그
2023-05-18,0,5,Spring,0,0,0,포레스트릿,치즈 핫도그
2023-05-19,8,5,Spring,0,0,0,포레스트릿,치즈 핫도그
2023-05-20,30,5,Spring,1,0,1,포레스트릿,치즈 핫도그
2023-05-21,47,5,Spring,1,0,1,포레스트릿,치즈 핫도그
2023-05-22,0,5,Spring,0,0,0,포레스트릿,치즈 핫도그
2023-05-23,0,5,Spring,0,0,0,포레스트릿,치즈 핫도그
2023-05-24,0,5,Spring,0,0,0,포레스트릿,치즈 핫도그
2023-05-25,3,5,Spring,0,0,0,포레스트릿,치즈 핫도그
2023-05-26,3,5,Spring,0,0,0,포레스트릿,치즈 핫도그
2023-05-27,3,5,Spring,1,1,1,포레스트릿,치즈 핫도그
2023-05-28,4,5,Spring,1,0,1,포레스트릿,치즈 핫도그
2023-05-29,6,5,Spring,0,1,1,포레스트릿,치즈 핫도그
2023-05-30,1,5,Spring,0,0,0,포레스트릿,치즈 핫도그
2023-05-31,1,5,Spring,0,0,0,포레스트릿,치즈 핫도그
2023-06-01,0,6,Summer,0,0,0,포레스트릿,치즈 핫도그
2023-06-02,3,6,Summer,0,0,0,포레스트릿,치즈 핫도그
2023-06-03,32,6,Summer,1,0,1,포레스트릿,치즈 핫도그
2023-06-04,44,6,Summer,1,0,1,포레스트릿,치즈 핫도그
2023-06-05,19,6,Summer,0,0,0,포레스트릿,치즈 핫도그
2023-06-06,35,6,Summer,0,1,1,포레스트릿,치즈 핫도그
2023-06-07,1,6,Summer,0,0,0,포레스트릿,치즈 핫도그
2023-06-08,0,6,Summer,0,0,0,포레스트릿,치즈 핫도그
2023-06-09,0,6,Summer,0,0,0,포레스트릿,치즈 핫도그
2023-06-10,11,6,Summer,1,0,1,포레스트릿,치즈 핫도그
2023-06-11,8,6,Summer,1,0,1,포레스트릿,치즈 핫도그
2023-06-12,0,6,Summer,0,0,0,포레스트릿,치즈 핫도그
2023-06-13,0,6,Summer,0,0,0,포레스트릿,치즈 핫도그
2023-06-14,0,6,Summer,0,0,0,포레스트릿,치즈 핫도그
2023-06-15,1,6,Summer,0,0,0,포레스트릿,치즈 핫도그
2023-06-16,1,6,Summer,0,0,0,포레스트릿,치즈 핫도그
2023-06-17,15,6,Summer,1,0,1,포레스트릿,치즈 핫도그
2023-06-18,11,6,Summer,1,0,1,포레스트릿,치즈 핫도그
2023-06-19,0,6,Summer,0,0,0,포레스트릿,치즈 핫도그
2023-06-20,2,6,Summer,0,0,0,포레스트릿,치즈 핫도그
2023-06-21,0,6,Summer,0,0,0,포레스트릿,치즈 핫도그
2023-06-22,3,6,Summer,0,0,0,포레스트릿,치즈 핫도그
2023-06-23,8,6,Summer,0,0,0,포레스트릿,치즈 핫도그
2023-06-24,13,6,Summer,1,0,1,포레스트릿,치즈 핫도그
2023-06-25,6,6,Summer,1,0,1,포레스트릿,치즈 핫도그
2023-06-26,0,6,Summer,0,0,0,포레스트릿,치즈 핫도그
2023-06-27,1,6,Summer,0,0,0,포레스트릿,치즈 핫도그
2023-06-28,1,6,Summer,0,0,0,포레스트릿,치즈 핫도그
2023-06-29,1,6,Summer,0,0,0,포레스트릿,치즈 핫도그
2023-06-30,0,6,Summer,0,0,0,포레스트릿,치즈 핫도그
2023-07-01,6,7,Summer,1,0,1,포레스트릿,치즈 핫도그
2023-07-02,4,7,Summer,1,0,1,포레스트릿,치즈 핫도그
2023-07-03,0,7,Summer,0,0,0,포레스트릿,치즈 핫도그
2023-07-04,0,7,Summer,0,0,0,포레스트릿,치즈 핫도그
2023-07-05,0,7,Summer,0,0,0,포레스트릿,치즈 핫도그
2023-07-06,0,7,Summer,0,0,0,포레스트릿,치즈 핫도그
2023-07-07,1,7,Summer,0,0,0,포레스트릿,치즈 핫도그
2023-07-08,7,7,Summer,1,0,1,포레스트릿,치즈 핫도그
2023-07-09,0,7,Summer,1,0,1,포레스트릿,치즈 핫도그
2023-07-10,0,7,Summer,0,0,0,포레스트릿,치즈 핫도그
2023-07-11,0,7,Summer,0,0,0,포레스트릿,치즈 핫도그
2023-07-12,0,7,Summer,0,0,0,포레스트릿,치즈 핫도그
2023-07-13,0,7,Summer,0,0,0,포레스트릿,치즈 핫도그
2023-07-14,0,7,Summer,0,0,0,포레스트릿,치즈 핫도그
2023-07-15,1,7,Summer,1,0,1,포레스트릿,치즈 핫도그
2023-07-16,0,7,Summer,1,0,1,포레스트릿,치즈 핫도그
2023-07-17,1,7,Summer,0,0,0,포레스트릿,치즈 핫도그
2023-07-18,0,7,Summer,0,0,0,포레스트릿,치즈 핫도그
2023-07-19,1,7,Summer,0,0,0,포레스트릿,치즈 핫도그
2023-07-20,0,7,Summer,0,0,0,포레스트릿,치즈 핫도그
2023-07-21,0,7,Summer,0,0,0,포레스트릿,치즈 핫도그
2023-07-22,7,7,Summer,1,0,1,포레스트릿,치즈 핫도그
2023-07-23,0,7,Summer,1,0,1,포레스트릿,치즈 핫도그
2023-07-24,1,7,Summer,0,0,0,포레스트릿,치즈 핫도그
2023-07-25,0,7,Summer,0,0,0,포레스트릿,치즈 핫도그
2023-07-26,1,7,Summer,0,0,0,포레스트릿,치즈 핫도그
2023-07-27,0,7,Summer,0,0,0,포레스트릿,치즈 핫도그
2023-07-28,1,7,Summer,0,0,0,포레스트릿,치즈 핫도그
2023-07-29,0,7,Summer,1,0,1,포레스트릿,치즈 핫도그
2023-07-30,0,7,Summer,1,0,1,포레스트릿,치즈 핫도그
2023-07-31,0,7,Summer,0,0,0,포레스트릿,치즈 핫도그
2023-08-01,2,8,Summer,0,0,0,포레스트릿,치즈 핫도그
2023-08-02,0,8,Summer,0,0,0,포레스트릿,치즈 핫도그
2023-08-03,0,8,Summer,0,0,0,포레스트릿,치즈 핫도그
2023-08-04,5,8,Summer,0,0,0,포레스트릿,치즈 핫도그
2023-08-05,6,8,Summer,1,0,1,포레스트릿,치즈 핫도그
2023-08-06,1,8,Summer,1,0,1,포레스트릿,치즈 핫도그
2023-08-07,1,8,Summer,0,0,0,포레스트릿,치즈 핫도그
2023-08-08,0,8,Summer,0,0,0,포레스트릿,치즈 핫도그
2023-08-09,0,8,Summer,0,0,0,포레스트릿,치즈 핫도그
2023-08-10,0,8,Summer,0,0,0,포레스트릿,치즈 핫도그
2023-08-11,0,8,Summer,0,0,0,포레스트릿,치즈 핫도그
2023-08-12,5,8,Summer,1,0,1,포레스트릿,치즈 핫도그
2023-08-13,3,8,Summer,1,0,1,포레스트릿,치즈 핫도그
2023-08-14,0,8,Summer,0,0,0,포레스트릿,치즈 핫도그
2023-08-15,2,8,Summer,0,1,1,포레스트릿,치즈 핫도그
2023-08-16,1,8,Summer,0,0,0,포레스트릿,치즈 핫도그
2023-08-17,1,8,Summer,0,0,0,포레스트릿,치즈 핫도그
2023-08-18,0,8,Summer,0,0,0,포레스트릿,치즈 핫도그
2023-08-19,1,8,Summer,1,0,1,포레스트릿,치즈 핫도그
2023-08-20,1,8,Summer,1,0,1,포레스트릿,치즈 핫도그
2023-08-21,0,8,Summer,0,0,0,포레스트릿,치즈 핫도그
2023-08-22,0,8,Summer,0,0,0,포레스트릿,치즈 핫도그
2023-08-23,0,8,Summer,0,0,0,포레스트릿,치즈 핫도그
2023-08-24,0,8,Summer,0,0,0,포레스트릿,치즈 핫도그
2023-08-25,5,8,Summer,0,0,0,포레스트릿,치즈 핫도그
2023-08-26,3,8,Summer,1,0,1,포레스트릿,치즈 핫도그
2023-08-27,6,8,Summer,1,0,1,포레스트릿,치즈 핫도그
2023-08-28,0,8,Summer,0,0,0,포레스트릿,치즈 핫도그
2023-08-29,0,8,Summer,0,0,0,포레스트릿,치즈 핫도그
2023-08-30,0,8,Summer,0,0,0,포레스트릿,치즈 핫도그
2023-08-31,0,8,Summer,0,0,0,포레스트릿,치즈 핫도그
2023-09-01,0,9,Autumn,0,0,0,포레스트릿,치즈 핫도그
2023-09-02,8,9,Autumn,1,0,1,포레스트릿,치즈 핫도그
2023-09-03,6,9,Autumn,1,0,1,포레스트릿,치즈 핫도그
2023-09-04,0,9,Autumn,0,0,0,포레스트릿,치즈 핫도그
2023-09-05,0,9,Autumn,0,0,0,포레스트릿,치즈 핫도그
2023-09-06,0,9,Autumn,0,0,0,포레스트릿,치즈 핫도그
2023-09-07,0,9,Autumn,0,0,0,포레스트릿,치즈 핫도그
2023-09-08,0,9,Autumn,0,0,0,포레스트릿,치즈 핫도그
2023-09-09,9,9,Autumn,1,0,1,포레스트릿,치즈 핫도그
2023-09-10,3,9,Autumn,1,0,1,포레스트릿,치즈 핫도그
2023-09-11,0,9,Autumn,0,0,0,포레스트릿,치즈 핫도그
2023-09-12,0,9,Autumn,0,0,0,포레스트릿,치즈 핫도그
2023-09-13,0,9,Autumn,0,0,0,포레스트릿,치즈 핫도그
2023-09-14,0,9,Autumn,0,0,0,포레스트릿,치즈 핫도그
2023-09-15,0,9,Autumn,0,0,0,포레스트릿,치즈 핫도그
2023-09-16,4,9,Autumn,1,0,1,포레스트릿,치즈 핫도그
2023-09-17,7,9,Autumn,1,0,1,포레스트릿,치즈 핫도그
2023-09-18,0,9,Autumn,0,0,0,포레스트릿,치즈 핫도그
2023-09-19,0,9,Autumn,0,0,0,포레스트릿,치즈 핫도그
2023-09-20,0,9,Autumn,0,0,0,포레스트릿,치즈 핫도그
2023-09-21,0,9,Autumn,0,0,0,포레스트릿,치즈 핫도그
2023-09-22,0,9,Autumn,0,0,0,포레스트릿,치즈 핫도그
2023-09-23,27,9,Autumn,1,0,1,포레스트릿,치즈 핫도그
2023-09-24,27,9,Autumn,1,0,1,포레스트릿,치즈 핫도그
2023-09-25,0,9,Autumn,0,0,0,포레스트릿,치즈 핫도그
2023-09-26,0,9,Autumn,0,0,0,포레스트릿,치즈 핫도그
2023-09-27,0,9,Autumn,0,0,0,포레스트릿,치즈 핫도그
2023-09-28,17,9,Autumn,0,1,1,포레스트릿,치즈 핫도그
2023-09-29,22,9,Autumn,0,1,1,포레스트릿,치즈 핫도그
2023-09-30,42,9,Autumn,1,1,1,포레스트릿,치즈 핫도그
2023-10-01,51,10,Autumn,1,0,1,포레스트릿,치즈 핫도그
2023-10-02,47,10,Autumn,0,1,1,포레스트릿,치즈 핫도그
2023-10-03,47,10,Autumn,0,1,1,포레스트릿,치즈 핫도그
2023-10-04,5,10,Autumn,0,0,0,포레스트릿,치즈 핫도그
2023-10-05,0,10,Autumn,0,0,0,포레스트릿,치즈 핫도그
2023-10-06,2,10,Autumn,0,0,0,포레스트릿,치즈 핫도그
2023-10-07,60,10,Autumn,1,0,1,포레스트릿,치즈 핫도그
2023-10-08,78,10,Autumn,1,0,1,포레스트릿,치즈 핫도그
2023-10-09,61,10,Autumn,0,1,1,포레스트릿,치즈 핫도그
2023-10-10,6,10,Autumn,0,0,0,포레스트릿,치즈 핫도그
2023-10-11,6,10,Autumn,0,0,0,포레스트릿,치즈 핫도그
2023-10-12,2,10,Autumn,0,0,0,포레스트릿,치즈 핫도그
2023-10-13,18,10,Autumn,0,0,0,포레스트릿,치즈 핫도그
2023-10-14,17,10,Autumn,1,0,1,포레스트릿,치즈 핫도그
2023-10-15,45,10,Autumn,1,0,1,포레스트릿,치즈 핫도그
2023-10-16,0,10,Autumn,0,0,0,포레스트릿,치즈 핫도그
2023-10-17,9,10,Autumn,0,0,0,포레스트릿,치즈 핫도그
2023-10-18,23,10,Autumn,0,0,0,포레스트릿,치즈 핫도그
2023-10-19,3,10,Autumn,0,0,0,포레스트릿,치즈 핫도그
2023-10-20,23,10,Autumn,0,0,0,포레스트릿,치즈 핫도그
2023-10-21,77,10,Autumn,1,0,1,포레스트릿,치즈 핫도그
2023-10-22,99,10,Autumn,1,0,1,포레스트릿,치즈 핫도그
2023-10-23,0,10,Autumn,0,0,0,포레스트릿,치즈 핫도그
2023-10-24,23,10,Autumn,0,0,0,포레스트릿,치즈 핫도그
2023-10-25,23,10,Autumn,0,0,0,포레스트릿,치즈 핫도그
2023-10-26,26,10,Autumn,0,0,0,포레스트릿,치즈 핫도그
2023-10-27,25,10,Autumn,0,0,0,포레스트릿,치즈 핫도그
2023-10-28,54,10,Autumn,1,0,1,포레스트릿,치즈 핫도그
2023-10-29,45,10,Autumn,1,0,1,포레스트릿,치즈 핫도그
2023-10-30,0,10,Autumn,0,0,0,포레스트릿,치즈 핫도그
2023-10-31,15,10,Autumn,0,0,0,포레스트릿,치즈 핫도그
2023-11-01,35,11,Autumn,0,0,0,포레스트릿,치즈 핫도그
2023-11-02,32,11,Autumn,0,0,0,포레스트릿,치즈 핫도그
2023-11-03,30,11,Autumn,0,0,0,포레스트릿,치즈 핫도그
2023-11-04,50,11,Autumn,1,0,1,포레스트릿,치즈 핫도그
2023-11-05,36,11,Autumn,1,0,1,포레스트릿,치즈 핫도그
2023-11-06,0,11,Autumn,0,0,0,포레스트릿,치즈 핫도그
2023-11-07,17,11,Autumn,0,0,0,포레스트릿,치즈 핫도그
2023-11-08,20,11,Autumn,0,0,0,포레스트릿,치즈 핫도그
2023-11-09,10,11,Autumn,0,0,0,포레스트릿,치즈 핫도그
2023-11-10,25,11,Autumn,0,0,0,포레스트릿,치즈 핫도그
2023-11-11,25,11,Autumn,1,0,1,포레스트릿,치즈 핫도그
2023-11-12,17,11,Autumn,1,0,1,포레스트릿,치즈 핫도그
2023-11-13,0,11,Autumn,0,0,0,포레스트릿,치즈 핫도그
2023-11-14,3,11,Autumn,0,0,0,포레스트릿,치즈 핫도그
2023-11-15,11,11,Autumn,0,0,0,포레스트릿,치즈 핫도그
2023-11-16,0,11,Autumn,0,0,0,포레스트릿,치즈 핫도그
2023-11-17,0,11,Autumn,0,0,0,포레스트릿,치즈 핫도그
2023-11-18,5,11,Autumn,1,0,1,포레스트릿,치즈 핫도그
2023-11-19,8,11,Autumn,1,0,1,포레스트릿,치즈 핫도그
2023-11-20,0,11,Autumn,0,0,0,포레스트릿,치즈 핫도그
2023-11-21,0,11,Autumn,0,0,0,포레스트릿,치즈 핫도그
2023-11-22,0,11,Autumn,0,0,0,포레스트릿,치즈 핫도그
2023-11-23,0,11,Autumn,0,0,0,포레스트릿,치즈 핫도그
2023-11-24,0,11,Autumn,0,0,0,포레스트릿,치즈 핫도그
2023-11-25,3,11,Autumn,1,0,1,포레스트릿,치즈 핫도그
2023-11-26,0,11,Autumn,1,0,1,포레스트릿,치즈 핫도그
2023-11-27,0,11,Autumn,0,0,0,포레스트릿,치즈 핫도그
2023-11-28,0,11,Autumn,0,0,0,포레스트릿,치즈 핫도그
2023-11-29,0,11,Autumn,0,0,0,포레스트릿,치즈 핫도그
2023-11-30,0,11,Autumn,0,0,0,포레스트릿,치즈 핫도그
2023-12-01,0,12,Winter,0,0,0,포레스트릿,치즈 핫도그
2023-12-02,0,12,Winter,1,0,1,포레스트릿,치즈 핫도그
2023-12-03,0,12,Winter,1,0,1,포레스트릿,치즈 핫도그
2023-12-04,0,12,Winter,0,0,0,포레스트릿,치즈 핫도그
2023-12-05,0,12,Winter,0,0,0,포레스트릿,치즈 핫도그
2023-12-06,0,12,Winter,0,0,0,포레스트릿,치즈 핫도그
2023-12-07,7,12,Winter,0,0,0,포레스트릿,치즈 핫도그
2023-12-08,101,12,Winter,0,0,0,포레스트릿,치즈 핫도그
2023-12-09,209,12,Winter,1,0,1,포레스트릿,치즈 핫도그
2023-12-10,166,12,Winter,1,0,1,포레스트릿,치즈 핫도그
2023-12-11,9,12,Winter,0,0,0,포레스트릿,치즈 핫도그
2023-12-12,38,12,Winter,0,0,0,포레스트릿,치즈 핫도그
2023-12-13,61,12,Winter,0,0,0,포레스트릿,치즈 핫도그
2023-12-14,10,12,Winter,0,0,0,포레스트릿,치즈 핫도그
2023-12-15,7,12,Winter,0,0,0,포레스트릿,치즈 핫도그
2023-12-16,57,12,Winter,1,0,1,포레스트릿,치즈 핫도그
2023-12-17,43,12,Winter,1,0,1,포레스트릿,치즈 핫도그
2023-12-18,112,12,Winter,0,0,0,포레스트릿,치즈 핫도그
2023-12-19,97,12,Winter,0,0,0,포레스트릿,치즈 핫도그
2023-12-20,99,12,Winter,0,0,0,포레스트릿,치즈 핫도그
2023-12-21,81,12,Winter,0,0,0,포레스트릿,치즈 핫도그
2023-12-22,135,12,Winter,0,0,0,포레스트릿,치즈 핫도그
2023-12-23,206,12,Winter,1,0,1,포레스트릿,치즈 핫도그
2023-12-24,386,12,Winter,1,0,1,포레스트릿,치즈 핫도그
2023-12-25,240,12,Winter,0,1,1,포레스트릿,치즈 핫도그
2023-12-26,216,12,Winter,0,0,0,포레스트릿,치즈 핫도그
2023-12-27,194,12,Winter,0,0,0,포레스트릿,치즈 핫도그
2023-12-28,228,12,Winter,0,0,0,포레스트릿,치즈 핫도그
2023-12-29,260,12,Winter,0,0,0,포레스트릿,치즈 핫도그
2023-12-30,299,12,Winter,1,0,1,포레스트릿,치즈 핫도그
2023-12-31,353,12,Winter,1,0,1,포레스트릿,치즈 핫도그
2024-01-01,303,1,Winter,0,1,1,포레스트릿,치즈 핫도그
2024-01-02,211,1,Winter,0,0,0,포레스트릿,치즈 핫도그
2024-01-03,132,1,Winter,0,0,0,포레스트릿,치즈 핫도그
2024-01-04,139,1,Winter,0,0,0,포레스트릿,치즈 핫도그
2024-01-05,198,1,Winter,0,0,0,포레스트릿,치즈 핫도그
2024-01-06,451,1,Winter,1,0,1,포레스트릿,치즈 핫도그
2024-01-07,213,1,Winter,1,0,1,포레스트릿,치즈 핫도그
2024-01-08,157,1,Winter,0,0,0,포레스트릿,치즈 핫도그
2024-01-09,133,1,Winter,0,0,0,포레스트릿,치즈 핫도그
2024-01-10,141,1,Winter,0,0,0,포레스트릿,치즈 핫도그
2024-01-11,149,1,Winter,0,0,0,포레스트릿,치즈 핫도그
2024-01-12,263,1,Winter,0,0,0,포레스트릿,치즈 핫도그
2024-01-13,627,1,Winter,1,0,1,포레스트릿,치즈 핫도그
2024-01-14,175,1,Winter,1,0,1,포레스트릿,치즈 핫도그
2024-01-15,167,1,Winter,0,0,0,포레스트릿,치즈 핫도그
2024-01-16,177,1,Winter,0,0,0,포레스트릿,치즈 핫도그
2024-01-17,150,1,Winter,0,0,0,포레스트릿,치즈 핫도그
2024-01-18,164,1,Winter,0,0,0,포레스트릿,치즈 핫도그
2024-01-19,295,1,Winter,0,0,0,포레스트릿,치즈 핫도그
2024-01-20,354,1,Winter,1,0,1,포레스트릿,치즈 핫도그
2024-01-21,346,1,Winter,1,0,1,포레스트릿,치즈 핫도그
2024-01-22,132,1,Winter,0,0,0,포레스트릿,치즈 핫도그
2024-01-23,93,1,Winter,0,0,0,포레스트릿,치즈 핫도그
2024-01-24,95,1,Winter,0,0,0,포레스트릿,치즈 핫도그
2024-01-25,132,1,Winter,0,0,0,포레스트릿,치즈 핫도그
2024-01-26,263,1,Winter,0,0,0,포레스트릿,치즈 핫도그
2024-01-27,561,1,Winter,1,0,1,포레스트릿,치즈 핫도그
2024-01-28,367,1,Winter,1,0,1,포레스트릿,치즈 핫도그
2024-01-29,185,1,Winter,0,0,0,포레스트릿,치즈 핫도그
2024-01-30,202,1,Winter,0,0,0,포레스트릿,치즈 핫도그
2024-01-31,143,1,Winter,0,0,0,포레스트릿,치즈 핫도그
2024-02-01,198,2,Winter,0,0,0,포레스트릿,치즈 핫도그
2024-02-02,258,2,Winter,0,0,0,포레스트릿,치즈 핫도그
2024-02-03,429,2,Winter,1,0,1,포레스트릿,치즈 핫도그
2024-02-04,327,2,Winter,1,0,1,포레스트릿,치즈 핫도그
2024-02-05,102,2,Winter,0,0,0,포레스트릿,치즈 핫도그
2024-02-06,121,2,Winter,0,0,0,포레스트릿,치즈 핫도그
2024-02-07,167,2,Winter,0,0,0,포레스트릿,치즈 핫도그
2024-02-08,237,2,Winter,0,0,0,포레스트릿,치즈 핫도그
2024-02-09,249,2,Winter,0,1,1,포레스트릿,치즈 핫도그
2024-02-10,256,2,Winter,1,1,1,포레스트릿,치즈 핫도그
2024-02-11,387,2,Winter,1,1,1,포레스트릿,치즈 핫도그
2024-02-12,327,2,Winter,0,1,1,포레스트릿,치즈 핫도그
2024-02-13,135,2,Winter,0,0,0,포레스트릿,치즈 핫도그
2024-02-14,102,2,Winter,0,0,0,포레스트릿,치즈 핫도그
2024-02-15,59,2,Winter,0,0,0,포레스트릿,치즈 핫도그
2024-02-16,233,2,Winter,0,0,0,포레스트릿,치즈 핫도그
2024-02-17,345,2,Winter,1,0,1,포레스트릿,치즈 핫도그
2024-02-18,171,2,Winter,1,0,1,포레스트릿,치즈 핫도그
2024-02-19,48,2,Winter,0,0,0,포레스트릿,치즈 핫도그
2024-02-20,52,2,Winter,0,0,0,포레스트릿,치즈 핫도그
2024-02-21,25,2,Winter,0,0,0,포레스트릿,치즈 핫도그
2024-02-22,131,2,Winter,0,0,0,포레스트릿,치즈 핫도그
2024-02-23,226,2,Winter,0,0,0,포레스트릿,치즈 핫도그
2024-02-24,248,2,Winter,1,0,1,포레스트릿,치즈 핫도그
2024-02-25,198,2,Winter,1,0,1,포레스트릿,치즈 핫도그
2024-02-26,89,2,Winter,0,0,0,포레스트릿,치즈 핫도그
2024-02-27,77,2,Winter,0,0,0,포레스트릿,치즈 핫도그
2024-02-28,56,2,Winter,0,0,0,포레스트릿,치즈 핫도그
2024-02-29,82,2,Winter,0,0,0,포레스트릿,치즈 핫도그
2024-03-01,118,3,Spring,0,1,1,포레스트릿,치즈 핫도그
2024-03-02,80,3,Spring,1,0,1,포레스트릿,치즈 핫도그
2024-03-03,26,3,Spring,1,0,1,포레스트릿,치즈 핫도그
2024-03-04,0,3,Spring,0,0,0,포레스트릿,치즈 핫도그
2024-03-05,0,3,Spring,0,0,0,포레스트릿,치즈 핫도그
2024-03-06,0,3,Spring,0,0,0,포레스트릿,치즈 핫도그
2024-03-07,0,3,Spring,0,0,0,포레스트릿,치즈 핫도그
2024-03-08,0,3,Spring,0,0,0,포레스트릿,치즈 핫도그
2024-03-09,0,3,Spring,1,0,1,포레스트릿,치즈 핫도그
2024-03-10,0,3,Spring,1,0,1,포레스트릿,치즈 핫도그
2024-03-11,0,3,Spring,0,0,0,포레스트릿,치즈 핫도그
2024-03-12,0,3,Spring,0,0,0,포레스트릿,치즈 핫도그
2024-03-13,0,3,Spring,0,0,0,포레스트릿,치즈 핫도그
2024-03-14,0,3,Spring,0,0,0,포레스트릿,치즈 핫도그
2024-03-15,0,3,Spring,0,0,0,포레스트릿,치즈 핫도그
2024-03-16,0,3,Spring,1,0,1,포레스트릿,치즈 핫도그
2024-03-17,0,3,Spring,1,0,1,포레스트릿,치즈 핫도그
2024-03-18,0,3,Spring,0,0,0,포레스트릿,치즈 핫도그
2024-03-19,0,3,Spring,0,0,0,포레스트릿,치즈 핫도그
2024-03-20,0,3,Spring,0,0,0,포레스트릿,치즈 핫도그
2024-03-21,0,3,Spring,0,0,0,포레스트릿,치즈 핫도그
2024-03-22,0,3,Spring,0,0,0,포레스트릿,치즈 핫도그
2024-03-23,0,3,Spring,1,0,1,포레스트릿,치즈 핫도그
2024-03-24,0,3,Spring,1,0,1,포레스트릿,치즈 핫도그
2024-03-25,0,3,Spring,0,0,0,포레스트릿,치즈 핫도그
2024-03-26,0,3,Spring,0,0,0,포레스트릿,치즈 핫도그
2024-03-27,0,3,Spring,0,0,0,포레스트릿,치즈 핫도그
2024-03-28,0,3,Spring,0,0,0,포레스트릿,치즈 핫도그
2024-03-29,0,3,Spring,0,0,0,포레스트릿,치즈 핫도그
2024-03-30,10,3,Spring,1,0,1,포레스트릿,치즈 핫도그
2024-03-31,16,3,Spring,1,0,1,포레스트릿,치즈 핫도그
2024-04-01,0,4,Spring,0,0,0,포레스트릿,치즈 핫도그
2024-04-02,7,4,Spring,0,0,0,포레스트릿,치즈 핫도그
2024-04-03,0,4,Spring,0,0,0,포레스트릿,치즈 핫도그
2024-04-04,8,4,Spring,0,0,0,포레스트릿,치즈 핫도그
2024-04-05,19,4,Spring,0,0,0,포레스트릿,치즈 핫도그
2024-04-06,33,4,Spring,1,0,1,포레스트릿,치즈 핫도그
2024-04-07,23,4,Spring,1,0,1,포레스트릿,치즈 핫도그
2024-04-08,0,4,Spring,0,0,0,포레스트릿,치즈 핫도그
2024-04-09,9,4,Spring,0,0,0,포레스트릿,치즈 핫도그
2024-04-10,22,4,Spring,0,1,1,포레스트릿,치즈 핫도그
2024-04-11,9,4,Spring,0,0,0,포레스트릿,치즈 핫도그
2024-04-12,9,4,Spring,0,0,0,포레스트릿,치즈 핫도그
2024-04-13,15,4,Spring,1,0,1,포레스트릿,치즈 핫도그
2024-04-14,11,4,Spring,1,0,1,포레스트릿,치즈 핫도그
2024-04-15,0,4,Spring,0,0,0,포레스트릿,치즈 핫도그
2024-04-16,0,4,Spring,0,0,0,포레스트릿,치즈 핫도그
2024-04-17,0,4,Spring,0,0,0,포레스트릿,치즈 핫도그
2024-04-18,3,4,Spring,0,0,0,포레스트릿,치즈 핫도그
2024-04-19,18,4,Spring,0,0,0,포레스트릿,치즈 핫도그
2024-04-20,2,4,Spring,1,0,1,포레스트릿,치즈 핫도그
2024-04-21,12,4,Spring,1,0,1,포레스트릿,치즈 핫도그
2024-04-22,0,4,Spring,0,0,0,포레스트릿,치즈 핫도그
2024-04-23,0,4,Spring,0,0,0,포레스트릿,치즈 핫도그
2024-04-24,0,4,Spring,0,0,0,포레스트릿,치즈 핫도그
2024-04-25,0,4,Spring,0,0,0,포레스트릿,치즈 핫도그
2024-04-26,0,4,Spring,0,0,0,포레스트릿,치즈 핫도그
2024-04-27,19,4,Spring,1,0,1,포레스트릿,치즈 핫도그
2024-04-28,27,4,Spring,1,0,1,포레스트릿,치즈 핫도그
2024-04-29,0,4,Spring,0,0,0,포레스트릿,치즈 핫도그
2024-04-30,0,4,Spring,0,0,0,포레스트릿,치즈 핫도그
2024-05-01,0,5,Spring,0,0,0,포레스트릿,치즈 핫도그
2024-05-02,0,5,Spring,0,0,0,포레스트릿,치즈 핫도그
2024-05-03,0,5,Spring,0,0,0,포레스트릿,치즈 핫도그
2024-05-04,23,5,Spring,1,0,1,포레스트릿,치즈 핫도그
2024-05-05,1,5,Spring,1,1,1,포레스트릿,치즈 핫도그
2024-05-06,0,5,Spring,0,1,1,포레스트릿,치즈 핫도그
2024-05-07,0,5,Spring,0,0,0,포레스트릿,치즈 핫도그
2024-05-08,0,5,Spring,0,0,0,포레스트릿,치즈 핫도그
2024-05-09,0,5,Spring,0,0,0,포레스트릿,치즈 핫도그
2024-05-10,0,5,Spring,0,0,0,포레스트릿,치즈 핫도그
2024-05-11,4,5,Spring,1,0,1,포레스트릿,치즈 핫도그
2024-05-12,29,5,Spring,1,0,1,포레스트릿,치즈 핫도그
2024-05-13,0,5,Spring,0,0,0,포레스트릿,치즈 핫도그
2024-05-14,0,5,Spring,0,0,0,포레스트릿,치즈 핫도그
2024-05-15,7,5,Spring,0,1,1,포레스트릿,치즈 핫도그
2024-05-16,0,5,Spring,0,0,0,포레스트릿,치즈 핫도그
2024-05-17,0,5,Spring,0,0,0,포레스트릿,치즈 핫도그
2024-05-18,14,5,Spring,1,0,1,포레스트릿,치즈 핫도그
2024-05-19,9,5,Spring,1,0,1,포레스트릿,치즈 핫도그
2024-05-20,0,5,Spring,0,0,0,포레스트릿,치즈 핫도그
2024-05-21,0,5,Spring,0,0,0,포레스트릿,치즈 핫도그
2024-05-22,0,5,Spring,0,0,0,포레스트릿,치즈 핫도그
2024-05-23,0,5,Spring,0,0,0,포레스트릿,치즈 핫도그
2024-05-24,0,5,Spring,0,0,0,포레스트릿,치즈 핫도그
2024-05-25,9,5,Spring,1,0,1,포레스트릿,치즈 핫도그
2024-05-26,4,5,Spring,1,0,1,포레스트릿,치즈 핫도그
2024-05-27,0,5,Spring,0,0,0,포레스트릿,치즈 핫도그
2024-05-28,0,5,Spring,0,0,0,포레스트릿,치즈 핫도그
2024-05-29,0,5,Spring,0,0,0,포레스트릿,치즈 핫도그
2024-05-30,0,5,Spring,0,0,0,포레스트릿,치즈 핫도그
2024-05-31,0,5,Spring,0,0,0,포레스트릿,치즈 핫도그
2024-06-01,13,6,Summer,1,0,1,포레스트릿,치즈 핫도그
2024-06-02,14,6,Summer,1,0,1,포레스트릿,치즈 핫도그
2024-06-03,0,6,Summer,0,0,0,포레스트릿,치즈 핫도그
2024-06-04,0,6,Summer,0,0,0,포레스트릿,치즈 핫도그
2024-06-05,0,6,Summer,0,0,0,포레스트릿,치즈 핫도그
2024-06-06,24,6,Summer,0,1,1,포레스트릿,치즈 핫도그
2024-06-07,0,6,Summer,0,0,0,포레스트릿,치즈 핫도그
2024-06-08,1,6,Summer,1,0,1,포레스트릿,치즈 핫도그
2024-06-09,14,6,Summer,1,0,1,포레스트릿,치즈 핫도그
2024-06-10,0,6,Summer,0,0,0,포레스트릿,치즈 핫도그
2024-06-11,0,6,Summer,0,0,0,포레스트릿,치즈 핫도그
2024-06-12,0,6,Summer,0,0,0,포레스트릿,치즈 핫도그
2024-06-13,0,6,Summer,0,0,0,포레스트릿,치즈 핫도그
2024-06-14,0,6,Summer,0,0,0,포레스트릿,치즈 핫도그
2024-06-15,7,6,Summer,1,0,1,포레스트릿,치즈 핫도그
2023-01-01,111,1,Winter,1,1,1,포레스트릿,카페라떼(HOT)
2023-01-02,63,1,Winter,0,0,0,포레스트릿,카페라떼(HOT)
2023-01-03,57,1,Winter,0,0,0,포레스트릿,카페라떼(HOT)
2023-01-04,60,1,Winter,0,0,0,포레스트릿,카페라떼(HOT)
2023-01-05,64,1,Winter,0,0,0,포레스트릿,카페라떼(HOT)
2023-01-06,62,1,Winter,0,0,0,포레스트릿,카페라떼(HOT)
2023-01-07,102,1,Winter,1,0,1,포레스트릿,카페라떼(HOT)
2023-01-08,74,1,Winter,1,0,1,포레스트릿,카페라떼(HOT)
2023-01-09,54,1,Winter,0,0,0,포레스트릿,카페라떼(HOT)
2023-01-10,64,1,Winter,0,0,0,포레스트릿,카페라떼(HOT)
2023-01-11,49,1,Winter,0,0,0,포레스트릿,카페라떼(HOT)
2023-01-12,56,1,Winter,0,0,0,포레스트릿,카페라떼(HOT)
2023-01-13,7,1,Winter,0,0,0,포레스트릿,카페라떼(HOT)
2023-01-14,40,1,Winter,1,0,1,포레스트릿,카페라떼(HOT)
2023-01-15,67,1,Winter,1,0,1,포레스트릿,카페라떼(HOT)
2023-01-16,48,1,Winter,0,0,0,포레스트릿,카페라떼(HOT)
2023-01-17,48,1,Winter,0,0,0,포레스트릿,카페라떼(HOT)
2023-01-18,32,1,Winter,0,0,0,포레스트릿,카페라떼(HOT)
2023-01-19,37,1,Winter,0,0,0,포레스트릿,카페라떼(HOT)
2023-01-20,55,1,Winter,0,0,0,포레스트릿,카페라떼(HOT)
2023-01-21,65,1,Winter,1,1,1,포레스트릿,카페라떼(HOT)
2023-01-22,70,1,Winter,1,1,1,포레스트릿,카페라떼(HOT)
2023-01-23,121,1,Winter,0,1,1,포레스트릿,카페라떼(HOT)
2023-01-24,43,1,Winter,0,1,1,포레스트릿,카페라떼(HOT)
2023-01-25,29,1,Winter,0,0,0,포레스트릿,카페라떼(HOT)
2023-01-26,44,1,Winter,0,0,0,포레스트릿,카페라떼(HOT)
2023-01-27,57,1,Winter,0,0,0,포레스트릿,카페라떼(HOT)
2023-01-28,65,1,Winter,1,0,1,포레스트릿,카페라떼(HOT)
2023-01-29,78,1,Winter,1,0,1,포레스트릿,카페라떼(HOT)
2023-01-30,31,1,Winter,0,0,0,포레스트릿,카페라떼(HOT)
2023-01-31,28,1,Winter,0,0,0,포레스트릿,카페라떼(HOT)
2023-02-01,34,2,Winter,0,0,0,포레스트릿,카페라떼(HOT)
2023-02-02,39,2,Winter,0,0,0,포레스트릿,카페라떼(HOT)
2023-02-03,58,2,Winter,0,0,0,포레스트릿,카페라떼(HOT)
2023-02-04,91,2,Winter,1,0,1,포레스트릿,카페라떼(HOT)
2023-02-05,66,2,Winter,1,0,1,포레스트릿,카페라떼(HOT)
2023-02-06,50,2,Winter,0,0,0,포레스트릿,카페라떼(HOT)
2023-02-07,38,2,Winter,0,0,0,포레스트릿,카페라떼(HOT)
2023-02-08,42,2,Winter,0,0,0,포레스트릿,카페라떼(HOT)
2023-02-09,42,2,Winter,0,0,0,포레스트릿,카페라떼(HOT)
2023-02-10,43,2,Winter,0,0,0,포레스트릿,카페라떼(HOT)
2023-02-11,81,2,Winter,1,0,1,포레스트릿,카페라떼(HOT)
2023-02-12,64,2,Winter,1,0,1,포레스트릿,카페라떼(HOT)
2023-02-13,49,2,Winter,0,0,0,포레스트릿,카페라떼(HOT)
2023-02-14,30,2,Winter,0,0,0,포레스트릿,카페라떼(HOT)
2023-02-15,33,2,Winter,0,0,0,포레스트릿,카페라떼(HOT)
2023-02-16,43,2,Winter,0,0,0,포레스트릿,카페라떼(HOT)
2023-02-17,40,2,Winter,0,0,0,포레스트릿,카페라떼(HOT)
2023-02-18,42,2,Winter,1,0,1,포레스트릿,카페라떼(HOT)
2023-02-19,64,2,Winter,1,0,1,포레스트릿,카페라떼(HOT)
2023-02-20,23,2,Winter,0,0,0,포레스트릿,카페라떼(HOT)
2023-02-21,30,2,Winter,0,0,0,포레스트릿,카페라떼(HOT)
2023-02-22,29,2,Winter,0,0,0,포레스트릿,카페라떼(HOT)
2023-02-23,26,2,Winter,0,0,0,포레스트릿,카페라떼(HOT)
2023-02-24,34,2,Winter,0,0,0,포레스트릿,카페라떼(HOT)
2023-02-25,53,2,Winter,1,0,1,포레스트릿,카페라떼(HOT)
2023-02-26,47,2,Winter,1,0,1,포레스트릿,카페라떼(HOT)
2023-02-27,25,2,Winter,0,0,0,포레스트릿,카페라떼(HOT)
2023-02-28,27,2,Winter,0,0,0,포레스트릿,카페라떼(HOT)
2023-03-01,25,3,Spring,0,1,1,포레스트릿,카페라떼(HOT)
2023-03-02,0,3,Spring,0,0,0,포레스트릿,카페라떼(HOT)
2023-03-03,0,3,Spring,0,0,0,포레스트릿,카페라떼(HOT)
2023-03-04,0,3,Spring,1,0,1,포레스트릿,카페라떼(HOT)
2023-03-05,0,3,Spring,1,0,1,포레스트릿,카페라떼(HOT)
2023-03-06,0,3,Spring,0,0,0,포레스트릿,카페라떼(HOT)
2023-03-07,0,3,Spring,0,0,0,포레스트릿,카페라떼(HOT)
2023-03-08,0,3,Spring,0,0,0,포레스트릿,카페라떼(HOT)
2023-03-09,0,3,Spring,0,0,0,포레스트릿,카페라떼(HOT)
2023-03-10,0,3,Spring,0,0,0,포레스트릿,카페라떼(HOT)
2023-03-11,0,3,Spring,1,0,1,포레스트릿,카페라떼(HOT)
2023-03-12,0,3,Spring,1,0,1,포레스트릿,카페라떼(HOT)
2023-03-13,0,3,Spring,0,0,0,포레스트릿,카페라떼(HOT)
2023-03-14,0,3,Spring,0,0,0,포레스트릿,카페라떼(HOT)
2023-03-15,0,3,Spring,0,0,0,포레스트릿,카페라떼(HOT)
2023-03-16,0,3,Spring,0,0,0,포레스트릿,카페라떼(HOT)
2023-03-17,0,3,Spring,0,0,0,포레스트릿,카페라떼(HOT)
2023-03-18,0,3,Spring,1,0,1,포레스트릿,카페라떼(HOT)
2023-03-19,0,3,Spring,1,0,1,포레스트릿,카페라떼(HOT)
2023-03-20,0,3,Spring,0,0,0,포레스트릿,카페라떼(HOT)
2023-03-21,0,3,Spring,0,0,0,포레스트릿,카페라떼(HOT)
2023-03-22,0,3,Spring,0,0,0,포레스트릿,카페라떼(HOT)
2023-03-23,0,3,Spring,0,0,0,포레스트릿,카페라떼(HOT)
2023-03-24,0,3,Spring,0,0,0,포레스트릿,카페라떼(HOT)
2023-03-25,0,3,Spring,1,0,1,포레스트릿,카페라떼(HOT)
2023-03-26,0,3,Spring,1,0,1,포레스트릿,카페라떼(HOT)
2023-03-27,0,3,Spring,0,0,0,포레스트릿,카페라떼(HOT)
2023-03-28,0,3,Spring,0,0,0,포레스트릿,카페라떼(HOT)
2023-03-29,0,3,Spring,0,0,0,포레스트릿,카페라떼(HOT)
2023-03-30,0,3,Spring,0,0,0,포레스트릿,카페라떼(HOT)
2023-03-31,0,3,Spring,0,0,0,포레스트릿,카페라떼(HOT)
2023-04-01,1,4,Spring,1,0,1,포레스트릿,카페라떼(HOT)
2023-04-02,1,4,Spring,1,0,1,포레스트릿,카페라떼(HOT)
2023-04-03,0,4,Spring,0,0,0,포레스트릿,카페라떼(HOT)
2023-04-04,0,4,Spring,0,0,0,포레스트릿,카페라떼(HOT)
2023-04-05,0,4,Spring,0,0,0,포레스트릿,카페라떼(HOT)
2023-04-06,0,4,Spring,0,0,0,포레스트릿,카페라떼(HOT)
2023-04-07,5,4,Spring,0,0,0,포레스트릿,카페라떼(HOT)
2023-04-08,5,4,Spring,1,0,1,포레스트릿,카페라떼(HOT)
2023-04-09,6,4,Spring,1,0,1,포레스트릿,카페라떼(HOT)
2023-04-10,0,4,Spring,0,0,0,포레스트릿,카페라떼(HOT)
2023-04-11,0,4,Spring,0,0,0,포레스트릿,카페라떼(HOT)
2023-04-12,0,4,Spring,0,0,0,포레스트릿,카페라떼(HOT)
2023-04-13,0,4,Spring,0,0,0,포레스트릿,카페라떼(HOT)
2023-04-14,2,4,Spring,0,0,0,포레스트릿,카페라떼(HOT)
2023-04-15,0,4,Spring,1,0,1,포레스트릿,카페라떼(HOT)
2023-04-16,2,4,Spring,1,0,1,포레스트릿,카페라떼(HOT)
2023-04-17,0,4,Spring,0,0,0,포레스트릿,카페라떼(HOT)
2023-04-18,0,4,Spring,0,0,0,포레스트릿,카페라떼(HOT)
2023-04-19,0,4,Spring,0,0,0,포레스트릿,카페라떼(HOT)
2023-04-20,0,4,Spring,0,0,0,포레스트릿,카페라떼(HOT)
2023-04-21,3,4,Spring,0,0,0,포레스트릿,카페라떼(HOT)
2023-04-22,10,4,Spring,1,0,1,포레스트릿,카페라떼(HOT)
2023-04-23,8,4,Spring,1,0,1,포레스트릿,카페라떼(HOT)
2023-04-24,0,4,Spring,0,0,0,포레스트릿,카페라떼(HOT)
2023-04-25,2,4,Spring,0,0,0,포레스트릿,카페라떼(HOT)
2023-04-26,2,4,Spring,0,0,0,포레스트릿,카페라떼(HOT)
2023-04-27,1,4,Spring,0,0,0,포레스트릿,카페라떼(HOT)
2023-04-28,8,4,Spring,0,0,0,포레스트릿,카페라떼(HOT)
2023-04-29,0,4,Spring,1,0,1,포레스트릿,카페라떼(HOT)
2023-04-30,18,4,Spring,1,0,1,포레스트릿,카페라떼(HOT)
2023-05-01,5,5,Spring,0,0,0,포레스트릿,카페라떼(HOT)
2023-05-02,0,5,Spring,0,0,0,포레스트릿,카페라떼(HOT)
2023-05-03,0,5,Spring,0,0,0,포레스트릿,카페라떼(HOT)
2023-05-04,0,5,Spring,0,0,0,포레스트릿,카페라떼(HOT)
2023-05-05,3,5,Spring,0,1,1,포레스트릿,카페라떼(HOT)
2023-05-06,0,5,Spring,1,0,1,포레스트릿,카페라떼(HOT)
2023-05-07,10,5,Spring,1,0,1,포레스트릿,카페라떼(HOT)
2023-05-08,0,5,Spring,0,0,0,포레스트릿,카페라떼(HOT)
2023-05-09,0,5,Spring,0,0,0,포레스트릿,카페라떼(HOT)
2023-05-10,2,5,Spring,0,0,0,포레스트릿,카페라떼(HOT)
2023-05-11,3,5,Spring,0,0,0,포레스트릿,카페라떼(HOT)
2023-05-12,2,5,Spring,0,0,0,포레스트릿,카페라떼(HOT)
2023-05-13,5,5,Spring,1,0,1,포레스트릿,카페라떼(HOT)
2023-05-14,5,5,Spring,1,0,1,포레스트릿,카페라떼(HOT)
2023-05-15,0,5,Spring,0,0,0,포레스트릿,카페라떼(HOT)
2023-05-16,0,5,Spring,0,0,0,포레스트릿,카페라떼(HOT)
2023-05-17,0,5,Spring,0,0,0,포레스트릿,카페라떼(HOT)
2023-05-18,4,5,Spring,0,0,0,포레스트릿,카페라떼(HOT)
2023-05-19,0,5,Spring,0,0,0,포레스트릿,카페라떼(HOT)
2023-05-20,4,5,Spring,1,0,1,포레스트릿,카페라떼(HOT)
2023-05-21,12,5,Spring,1,0,1,포레스트릿,카페라떼(HOT)
2023-05-22,0,5,Spring,0,0,0,포레스트릿,카페라떼(HOT)
2023-05-23,0,5,Spring,0,0,0,포레스트릿,카페라떼(HOT)
2023-05-24,1,5,Spring,0,0,0,포레스트릿,카페라떼(HOT)
2023-05-25,1,5,Spring,0,0,0,포레스트릿,카페라떼(HOT)
2023-05-26,0,5,Spring,0,0,0,포레스트릿,카페라떼(HOT)
2023-05-27,0,5,Spring,1,1,1,포레스트릿,카페라떼(HOT)
2023-05-28,0,5,Spring,1,0,1,포레스트릿,카페라떼(HOT)
2023-05-29,2,5,Spring,0,1,1,포레스트릿,카페라떼(HOT)
2023-05-30,0,5,Spring,0,0,0,포레스트릿,카페라떼(HOT)
2023-05-31,0,5,Spring,0,0,0,포레스트릿,카페라떼(HOT)
2023-06-01,0,6,Summer,0,0,0,포레스트릿,카페라떼(HOT)
2023-06-02,1,6,Summer,0,0,0,포레스트릿,카페라떼(HOT)
2023-06-03,2,6,Summer,1,0,1,포레스트릿,카페라떼(HOT)
2023-06-04,0,6,Summer,1,0,1,포레스트릿,카페라떼(HOT)
2023-06-05,2,6,Summer,0,0,0,포레스트릿,카페라떼(HOT)
2023-06-06,10,6,Summer,0,1,1,포레스트릿,카페라떼(HOT)
2023-06-07,0,6,Summer,0,0,0,포레스트릿,카페라떼(HOT)
2023-06-08,0,6,Summer,0,0,0,포레스트릿,카페라떼(HOT)
2023-06-09,0,6,Summer,0,0,0,포레스트릿,카페라떼(HOT)
2023-06-10,0,6,Summer,1,0,1,포레스트릿,카페라떼(HOT)
2023-06-11,1,6,Summer,1,0,1,포레스트릿,카페라떼(HOT)
2023-06-12,0,6,Summer,0,0,0,포레스트릿,카페라떼(HOT)
2023-06-13,0,6,Summer,0,0,0,포레스트릿,카페라떼(HOT)
2023-06-14,0,6,Summer,0,0,0,포레스트릿,카페라떼(HOT)
2023-06-15,0,6,Summer,0,0,0,포레스트릿,카페라떼(HOT)
2023-06-16,0,6,Summer,0,0,0,포레스트릿,카페라떼(HOT)
2023-06-17,0,6,Summer,1,0,1,포레스트릿,카페라떼(HOT)
2023-06-18,0,6,Summer,1,0,1,포레스트릿,카페라떼(HOT)
2023-06-19,0,6,Summer,0,0,0,포레스트릿,카페라떼(HOT)
2023-06-20,0,6,Summer,0,0,0,포레스트릿,카페라떼(HOT)
2023-06-21,0,6,Summer,0,0,0,포레스트릿,카페라떼(HOT)
2023-06-22,0,6,Summer,0,0,0,포레스트릿,카페라떼(HOT)
2023-06-23,0,6,Summer,0,0,0,포레스트릿,카페라떼(HOT)
2023-06-24,1,6,Summer,1,0,1,포레스트릿,카페라떼(HOT)
2023-06-25,1,6,Summer,1,0,1,포레스트릿,카페라떼(HOT)
2023-06-26,0,6,Summer,0,0,0,포레스트릿,카페라떼(HOT)
2023-06-27,1,6,Summer,0,0,0,포레스트릿,카페라떼(HOT)
2023-06-28,0,6,Summer,0,0,0,포레스트릿,카페라떼(HOT)
2023-06-29,0,6,Summer,0,0,0,포레스트릿,카페라떼(HOT)
2023-06-30,1,6,Summer,0,0,0,포레스트릿,카페라떼(HOT)
2023-07-01,0,7,Summer,1,0,1,포레스트릿,카페라떼(HOT)
2023-07-02,0,7,Summer,1,0,1,포레스트릿,카페라떼(HOT)
2023-07-03,0,7,Summer,0,0,0,포레스트릿,카페라떼(HOT)
2023-07-04,0,7,Summer,0,0,0,포레스트릿,카페라떼(HOT)
2023-07-05,0,7,Summer,0,0,0,포레스트릿,카페라떼(HOT)
2023-07-06,0,7,Summer,0,0,0,포레스트릿,카페라떼(HOT)
2023-07-07,0,7,Summer,0,0,0,포레스트릿,카페라떼(HOT)
2023-07-08,2,7,Summer,1,0,1,포레스트릿,카페라떼(HOT)
2023-07-09,1,7,Summer,1,0,1,포레스트릿,카페라떼(HOT)
2023-07-10,0,7,Summer,0,0,0,포레스트릿,카페라떼(HOT)
2023-07-11,0,7,Summer,0,0,0,포레스트릿,카페라떼(HOT)
2023-07-12,0,7,Summer,0,0,0,포레스트릿,카페라떼(HOT)
2023-07-13,0,7,Summer,0,0,0,포레스트릿,카페라떼(HOT)
2023-07-14,0,7,Summer,0,0,0,포레스트릿,카페라떼(HOT)
2023-07-15,0,7,Summer,1,0,1,포레스트릿,카페라떼(HOT)
2023-07-16,1,7,Summer,1,0,1,포레스트릿,카페라떼(HOT)
2023-07-17,3,7,Summer,0,0,0,포레스트릿,카페라떼(HOT)
2023-07-18,0,7,Summer,0,0,0,포레스트릿,카페라떼(HOT)
2023-07-19,0,7,Summer,0,0,0,포레스트릿,카페라떼(HOT)
2023-07-20,0,7,Summer,0,0,0,포레스트릿,카페라떼(HOT)
2023-07-21,0,7,Summer,0,0,0,포레스트릿,카페라떼(HOT)
2023-07-22,1,7,Summer,1,0,1,포레스트릿,카페라떼(HOT)
2023-07-23,0,7,Summer,1,0,1,포레스트릿,카페라떼(HOT)
2023-07-24,1,7,Summer,0,0,0,포레스트릿,카페라떼(HOT)
2023-07-25,0,7,Summer,0,0,0,포레스트릿,카페라떼(HOT)
2023-07-26,0,7,Summer,0,0,0,포레스트릿,카페라떼(HOT)
2023-07-27,0,7,Summer,0,0,0,포레스트릿,카페라떼(HOT)
2023-07-28,0,7,Summer,0,0,0,포레스트릿,카페라떼(HOT)
2023-07-29,0,7,Summer,1,0,1,포레스트릿,카페라떼(HOT)
2023-07-30,1,7,Summer,1,0,1,포레스트릿,카페라떼(HOT)
2023-07-31,0,7,Summer,0,0,0,포레스트릿,카페라떼(HOT)
2023-08-01,0,8,Summer,0,0,0,포레스트릿,카페라떼(HOT)
2023-08-02,1,8,Summer,0,0,0,포레스트릿,카페라떼(HOT)
2023-08-03,0,8,Summer,0,0,0,포레스트릿,카페라떼(HOT)
2023-08-04,0,8,Summer,0,0,0,포레스트릿,카페라떼(HOT)
2023-08-05,0,8,Summer,1,0,1,포레스트릿,카페라떼(HOT)
2023-08-06,0,8,Summer,1,0,1,포레스트릿,카페라떼(HOT)
2023-08-07,0,8,Summer,0,0,0,포레스트릿,카페라떼(HOT)
2023-08-08,0,8,Summer,0,0,0,포레스트릿,카페라떼(HOT)
2023-08-09,0,8,Summer,0,0,0,포레스트릿,카페라떼(HOT)
2023-08-10,0,8,Summer,0,0,0,포레스트릿,카페라떼(HOT)
2023-08-11,0,8,Summer,0,0,0,포레스트릿,카페라떼(HOT)
2023-08-12,3,8,Summer,1,0,1,포레스트릿,카페라떼(HOT)
2023-08-13,0,8,Summer,1,0,1,포레스트릿,카페라떼(HOT)
2023-08-14,0,8,Summer,0,0,0,포레스트릿,카페라떼(HOT)
2023-08-15,0,8,Summer,0,1,1,포레스트릿,카페라떼(HOT)
2023-08-16,0,8,Summer,0,0,0,포레스트릿,카페라떼(HOT)
2023-08-17,0,8,Summer,0,0,0,포레스트릿,카페라떼(HOT)
2023-08-18,0,8,Summer,0,0,0,포레스트릿,카페라떼(HOT)
2023-08-19,0,8,Summer,1,0,1,포레스트릿,카페라떼(HOT)
2023-08-20,0,8,Summer,1,0,1,포레스트릿,카페라떼(HOT)
2023-08-21,0,8,Summer,0,0,0,포레스트릿,카페라떼(HOT)
2023-08-22,0,8,Summer,0,0,0,포레스트릿,카페라떼(HOT)
2023-08-23,0,8,Summer,0,0,0,포레스트릿,카페라떼(HOT)
2023-08-24,0,8,Summer,0,0,0,포레스트릿,카페라떼(HOT)
2023-08-25,0,8,Summer,0,0,0,포레스트릿,카페라떼(HOT)
2023-08-26,1,8,Summer,1,0,1,포레스트릿,카페라떼(HOT)
2023-08-27,1,8,Summer,1,0,1,포레스트릿,카페라떼(HOT)
2023-08-28,0,8,Summer,0,0,0,포레스트릿,카페라떼(HOT)
2023-08-29,0,8,Summer,0,0,0,포레스트릿,카페라떼(HOT)
2023-08-30,0,8,Summer,0,0,0,포레스트릿,카페라떼(HOT)
2023-08-31,0,8,Summer,0,0,0,포레스트릿,카페라떼(HOT)
2023-09-01,0,9,Autumn,0,0,0,포레스트릿,카페라떼(HOT)
2023-09-02,0,9,Autumn,1,0,1,포레스트릿,카페라떼(HOT)
2023-09-03,0,9,Autumn,1,0,1,포레스트릿,카페라떼(HOT)
2023-09-04,0,9,Autumn,0,0,0,포레스트릿,카페라떼(HOT)
2023-09-05,0,9,Autumn,0,0,0,포레스트릿,카페라떼(HOT)
2023-09-06,0,9,Autumn,0,0,0,포레스트릿,카페라떼(HOT)
2023-09-07,0,9,Autumn,0,0,0,포레스트릿,카페라떼(HOT)
2023-09-08,0,9,Autumn,0,0,0,포레스트릿,카페라떼(HOT)
2023-09-09,1,9,Autumn,1,0,1,포레스트릿,카페라떼(HOT)
2023-09-10,0,9,Autumn,1,0,1,포레스트릿,카페라떼(HOT)
2023-09-11,0,9,Autumn,0,0,0,포레스트릿,카페라떼(HOT)
2023-09-12,0,9,Autumn,0,0,0,포레스트릿,카페라떼(HOT)
2023-09-13,0,9,Autumn,0,0,0,포레스트릿,카페라떼(HOT)
2023-09-14,0,9,Autumn,0,0,0,포레스트릿,카페라떼(HOT)
2023-09-15,0,9,Autumn,0,0,0,포레스트릿,카페라떼(HOT)
2023-09-16,2,9,Autumn,1,0,1,포레스트릿,카페라떼(HOT)
2023-09-17,1,9,Autumn,1,0,1,포레스트릿,카페라떼(HOT)
2023-09-18,0,9,Autumn,0,0,0,포레스트릿,카페라떼(HOT)
2023-09-19,0,9,Autumn,0,0,0,포레스트릿,카페라떼(HOT)
2023-09-20,0,9,Autumn,0,0,0,포레스트릿,카페라떼(HOT)
2023-09-21,0,9,Autumn,0,0,0,포레스트릿,카페라떼(HOT)
2023-09-22,0,9,Autumn,0,0,0,포레스트릿,카페라떼(HOT)
2023-09-23,1,9,Autumn,1,0,1,포레스트릿,카페라떼(HOT)
2023-09-24,5,9,Autumn,1,0,1,포레스트릿,카페라떼(HOT)
2023-09-25,0,9,Autumn,0,0,0,포레스트릿,카페라떼(HOT)
2023-09-26,0,9,Autumn,0,0,0,포레스트릿,카페라떼(HOT)
2023-09-27,0,9,Autumn,0,0,0,포레스트릿,카페라떼(HOT)
2023-09-28,3,9,Autumn,0,1,1,포레스트릿,카페라떼(HOT)
2023-09-29,5,9,Autumn,0,1,1,포레스트릿,카페라떼(HOT)
2023-09-30,13,9,Autumn,1,1,1,포레스트릿,카페라떼(HOT)
2023-10-01,12,10,Autumn,1,0,1,포레스트릿,카페라떼(HOT)
2023-10-02,3,10,Autumn,0,1,1,포레스트릿,카페라떼(HOT)
2023-10-03,14,10,Autumn,0,1,1,포레스트릿,카페라떼(HOT)
2023-10-04,0,10,Autumn,0,0,0,포레스트릿,카페라떼(HOT)
2023-10-05,4,10,Autumn,0,0,0,포레스트릿,카페라떼(HOT)
2023-10-06,0,10,Autumn,0,0,0,포레스트릿,카페라떼(HOT)
2023-10-07,10,10,Autumn,1,0,1,포레스트릿,카페라떼(HOT)
2023-10-08,18,10,Autumn,1,0,1,포레스트릿,카페라떼(HOT)
2023-10-09,22,10,Autumn,0,1,1,포레스트릿,카페라떼(HOT)
2023-10-10,8,10,Autumn,0,0,0,포레스트릿,카페라떼(HOT)
2023-10-11,3,10,Autumn,0,0,0,포레스트릿,카페라떼(HOT)
2023-10-12,4,10,Autumn,0,0,0,포레스트릿,카페라떼(HOT)
2023-10-13,5,10,Autumn,0,0,0,포레스트릿,카페라떼(HOT)
2023-10-14,10,10,Autumn,1,0,1,포레스트릿,카페라떼(HOT)
2023-10-15,19,10,Autumn,1,0,1,포레스트릿,카페라떼(HOT)
2023-10-16,0,10,Autumn,0,0,0,포레스트릿,카페라떼(HOT)
2023-10-17,7,10,Autumn,0,0,0,포레스트릿,카페라떼(HOT)
2023-10-18,9,10,Autumn,0,0,0,포레스트릿,카페라떼(HOT)
2023-10-19,2,10,Autumn,0,0,0,포레스트릿,카페라떼(HOT)
2023-10-20,8,10,Autumn,0,0,0,포레스트릿,카페라떼(HOT)
2023-10-21,20,10,Autumn,1,0,1,포레스트릿,카페라떼(HOT)
2023-10-22,27,10,Autumn,1,0,1,포레스트릿,카페라떼(HOT)
2023-10-23,0,10,Autumn,0,0,0,포레스트릿,카페라떼(HOT)
2023-10-24,9,10,Autumn,0,0,0,포레스트릿,카페라떼(HOT)
2023-10-25,11,10,Autumn,0,0,0,포레스트릿,카페라떼(HOT)
2023-10-26,8,10,Autumn,0,0,0,포레스트릿,카페라떼(HOT)
2023-10-27,9,10,Autumn,0,0,0,포레스트릿,카페라떼(HOT)
2023-10-28,21,10,Autumn,1,0,1,포레스트릿,카페라떼(HOT)
2023-10-29,9,10,Autumn,1,0,1,포레스트릿,카페라떼(HOT)
2023-10-30,0,10,Autumn,0,0,0,포레스트릿,카페라떼(HOT)
2023-10-31,2,10,Autumn,0,0,0,포레스트릿,카페라떼(HOT)
2023-11-01,5,11,Autumn,0,0,0,포레스트릿,카페라떼(HOT)
2023-11-02,2,11,Autumn,0,0,0,포레스트릿,카페라떼(HOT)
2023-11-03,7,11,Autumn,0,0,0,포레스트릿,카페라떼(HOT)
2023-11-04,8,11,Autumn,1,0,1,포레스트릿,카페라떼(HOT)
2023-11-05,7,11,Autumn,1,0,1,포레스트릿,카페라떼(HOT)
2023-11-06,0,11,Autumn,0,0,0,포레스트릿,카페라떼(HOT)
2023-11-07,8,11,Autumn,0,0,0,포레스트릿,카페라떼(HOT)
2023-11-08,2,11,Autumn,0,0,0,포레스트릿,카페라떼(HOT)
2023-11-09,4,11,Autumn,0,0,0,포레스트릿,카페라떼(HOT)
2023-11-10,9,11,Autumn,0,0,0,포레스트릿,카페라떼(HOT)
2023-11-11,6,11,Autumn,1,0,1,포레스트릿,카페라떼(HOT)
2023-11-12,10,11,Autumn,1,0,1,포레스트릿,카페라떼(HOT)
2023-11-13,0,11,Autumn,0,0,0,포레스트릿,카페라떼(HOT)
2023-11-14,4,11,Autumn,0,0,0,포레스트릿,카페라떼(HOT)
2023-11-15,4,11,Autumn,0,0,0,포레스트릿,카페라떼(HOT)
2023-11-16,0,11,Autumn,0,0,0,포레스트릿,카페라떼(HOT)
2023-11-17,3,11,Autumn,0,0,0,포레스트릿,카페라떼(HOT)
2023-11-18,5,11,Autumn,1,0,1,포레스트릿,카페라떼(HOT)
2023-11-19,7,11,Autumn,1,0,1,포레스트릿,카페라떼(HOT)
2023-11-20,0,11,Autumn,0,0,0,포레스트릿,카페라떼(HOT)
2023-11-21,1,11,Autumn,0,0,0,포레스트릿,카페라떼(HOT)
2023-11-22,0,11,Autumn,0,0,0,포레스트릿,카페라떼(HOT)
2023-11-23,0,11,Autumn,0,0,0,포레스트릿,카페라떼(HOT)
2023-11-24,0,11,Autumn,0,0,0,포레스트릿,카페라떼(HOT)
2023-11-25,4,11,Autumn,1,0,1,포레스트릿,카페라떼(HOT)
2023-11-26,3,11,Autumn,1,0,1,포레스트릿,카페라떼(HOT)
2023-11-27,0,11,Autumn,0,0,0,포레스트릿,카페라떼(HOT)
2023-11-28,0,11,Autumn,0,0,0,포레스트릿,카페라떼(HOT)
2023-11-29,0,11,Autumn,0,0,0,포레스트릿,카페라떼(HOT)
2023-11-30,0,11,Autumn,0,0,0,포레스트릿,카페라떼(HOT)
2023-12-01,0,12,Winter,0,0,0,포레스트릿,카페라떼(HOT)
2023-12-02,0,12,Winter,1,0,1,포레스트릿,카페라떼(HOT)
2023-12-03,0,12,Winter,1,0,1,포레스트릿,카페라떼(HOT)
2023-12-04,0,12,Winter,0,0,0,포레스트릿,카페라떼(HOT)
2023-12-05,0,12,Winter,0,0,0,포레스트릿,카페라떼(HOT)
2023-12-06,0,12,Winter,0,0,0,포레스트릿,카페라떼(HOT)
2023-12-07,1,12,Winter,0,0,0,포레스트릿,카페라떼(HOT)
2023-12-08,8,12,Winter,0,0,0,포레스트릿,카페라떼(HOT)
2023-12-09,27,12,Winter,1,0,1,포레스트릿,카페라떼(HOT)
2023-12-10,25,12,Winter,1,0,1,포레스트릿,카페라떼(HOT)
2023-12-11,3,12,Winter,0,0,0,포레스트릿,카페라떼(HOT)
2023-12-12,8,12,Winter,0,0,0,포레스트릿,카페라떼(HOT)
2023-12-13,15,12,Winter,0,0,0,포레스트릿,카페라떼(HOT)
2023-12-14,4,12,Winter,0,0,0,포레스트릿,카페라떼(HOT)
2023-12-15,0,12,Winter,0,0,0,포레스트릿,카페라떼(HOT)
2023-12-16,19,12,Winter,1,0,1,포레스트릿,카페라떼(HOT)
2023-12-17,19,12,Winter,1,0,1,포레스트릿,카페라떼(HOT)
2023-12-18,36,12,Winter,0,0,0,포레스트릿,카페라떼(HOT)
2023-12-19,45,12,Winter,0,0,0,포레스트릿,카페라떼(HOT)
2023-12-20,27,12,Winter,0,0,0,포레스트릿,카페라떼(HOT)
2023-12-21,19,12,Winter,0,0,0,포레스트릿,카페라떼(HOT)
2023-12-22,53,12,Winter,0,0,0,포레스트릿,카페라떼(HOT)
2023-12-23,80,12,Winter,1,0,1,포레스트릿,카페라떼(HOT)
2023-12-24,93,12,Winter,1,0,1,포레스트릿,카페라떼(HOT)
2023-12-25,47,12,Winter,0,1,1,포레스트릿,카페라떼(HOT)
2023-12-26,39,12,Winter,0,0,0,포레스트릿,카페라떼(HOT)
2023-12-27,49,12,Winter,0,0,0,포레스트릿,카페라떼(HOT)
2023-12-28,47,12,Winter,0,0,0,포레스트릿,카페라떼(HOT)
2023-12-29,61,12,Winter,0,0,0,포레스트릿,카페라떼(HOT)
2023-12-30,66,12,Winter,1,0,1,포레스트릿,카페라떼(HOT)
2023-12-31,81,12,Winter,1,0,1,포레스트릿,카페라떼(HOT)
2024-01-01,58,1,Winter,0,1,1,포레스트릿,카페라떼(HOT)
2024-01-02,56,1,Winter,0,0,0,포레스트릿,카페라떼(HOT)
2024-01-03,26,1,Winter,0,0,0,포레스트릿,카페라떼(HOT)
2024-01-04,35,1,Winter,0,0,0,포레스트릿,카페라떼(HOT)
2024-01-05,33,1,Winter,0,0,0,포레스트릿,카페라떼(HOT)
2024-01-06,67,1,Winter,1,0,1,포레스트릿,카페라떼(HOT)
2024-01-07,56,1,Winter,1,0,1,포레스트릿,카페라떼(HOT)
2024-01-08,35,1,Winter,0,0,0,포레스트릿,카페라떼(HOT)
2024-01-09,28,1,Winter,0,0,0,포레스트릿,카페라떼(HOT)
2024-01-10,33,1,Winter,0,0,0,포레스트릿,카페라떼(HOT)
2024-01-11,33,1,Winter,0,0,0,포레스트릿,카페라떼(HOT)
2024-01-12,63,1,Winter,0,0,0,포레스트릿,카페라떼(HOT)
2024-01-13,110,1,Winter,1,0,1,포레스트릿,카페라떼(HOT)
2024-01-14,61,1,Winter,1,0,1,포레스트릿,카페라떼(HOT)
2024-01-15,42,1,Winter,0,0,0,포레스트릿,카페라떼(HOT)
2024-01-16,48,1,Winter,0,0,0,포레스트릿,카페라떼(HOT)
2024-01-17,31,1,Winter,0,0,0,포레스트릿,카페라떼(HOT)
2024-01-18,41,1,Winter,0,0,0,포레스트릿,카페라떼(HOT)
2024-01-19,59,1,Winter,0,0,0,포레스트릿,카페라떼(HOT)
2024-01-20,94,1,Winter,1,0,1,포레스트릿,카페라떼(HOT)
2024-01-21,84,1,Winter,1,0,1,포레스트릿,카페라떼(HOT)
2024-01-22,55,1,Winter,0,0,0,포레스트릿,카페라떼(HOT)
2024-01-23,25,1,Winter,0,0,0,포레스트릿,카페라떼(HOT)
2024-01-24,25,1,Winter,0,0,0,포레스트릿,카페라떼(HOT)
2024-01-25,47,1,Winter,0,0,0,포레스트릿,카페라떼(HOT)
2024-01-26,45,1,Winter,0,0,0,포레스트릿,카페라떼(HOT)
2024-01-27,79,1,Winter,1,0,1,포레스트릿,카페라떼(HOT)
2024-01-28,60,1,Winter,1,0,1,포레스트릿,카페라떼(HOT)
2024-01-29,42,1,Winter,0,0,0,포레스트릿,카페라떼(HOT)
2024-01-30,26,1,Winter,0,0,0,포레스트릿,카페라떼(HOT)
2024-01-31,39,1,Winter,0,0,0,포레스트릿,카페라떼(HOT)
2024-02-01,32,2,Winter,0,0,0,포레스트릿,카페라떼(HOT)
2024-02-02,51,2,Winter,0,0,0,포레스트릿,카페라떼(HOT)
2024-02-03,62,2,Winter,1,0,1,포레스트릿,카페라떼(HOT)
2024-02-04,53,2,Winter,1,0,1,포레스트릿,카페라떼(HOT)
2024-02-05,20,2,Winter,0,0,0,포레스트릿,카페라떼(HOT)
2024-02-06,29,2,Winter,0,0,0,포레스트릿,카페라떼(HOT)
2024-02-07,22,2,Winter,0,0,0,포레스트릿,카페라떼(HOT)
2024-02-08,31,2,Winter,0,0,0,포레스트릿,카페라떼(HOT)
2024-02-09,66,2,Winter,0,1,1,포레스트릿,카페라떼(HOT)
2024-02-10,75,2,Winter,1,1,1,포레스트릿,카페라떼(HOT)
2024-02-11,103,2,Winter,1,1,1,포레스트릿,카페라떼(HOT)
2024-02-12,44,2,Winter,0,1,1,포레스트릿,카페라떼(HOT)
2024-02-13,21,2,Winter,0,0,0,포레스트릿,카페라떼(HOT)
2024-02-14,12,2,Winter,0,0,0,포레스트릿,카페라떼(HOT)
2024-02-15,8,2,Winter,0,0,0,포레스트릿,카페라떼(HOT)
2024-02-16,30,2,Winter,0,0,0,포레스트릿,카페라떼(HOT)
2024-02-17,32,2,Winter,1,0,1,포레스트릿,카페라떼(HOT)
2024-02-18,44,2,Winter,1,0,1,포레스트릿,카페라떼(HOT)
2024-02-19,7,2,Winter,0,0,0,포레스트릿,카페라떼(HOT)
2024-02-20,12,2,Winter,0,0,0,포레스트릿,카페라떼(HOT)
2024-02-21,7,2,Winter,0,0,0,포레스트릿,카페라떼(HOT)
2024-02-22,14,2,Winter,0,0,0,포레스트릿,카페라떼(HOT)
2024-02-23,24,2,Winter,0,0,0,포레스트릿,카페라떼(HOT)
2024-02-24,43,2,Winter,1,0,1,포레스트릿,카페라떼(HOT)
2024-02-25,45,2,Winter,1,0,1,포레스트릿,카페라떼(HOT)
2024-02-26,21,2,Winter,0,0,0,포레스트릿,카페라떼(HOT)
2024-02-27,13,2,Winter,0,0,0,포레스트릿,카페라떼(HOT)
2024-02-28,11,2,Winter,0,0,0,포레스트릿,카페라떼(HOT)
2024-02-29,19,2,Winter,0,0,0,포레스트릿,카페라떼(HOT)
2024-03-01,34,3,Spring,0,1,1,포레스트릿,카페라떼(HOT)
2024-03-02,19,3,Spring,1,0,1,포레스트릿,카페라떼(HOT)
2024-03-03,7,3,Spring,1,0,1,포레스트릿,카페라떼(HOT)
2024-03-04,0,3,Spring,0,0,0,포레스트릿,카페라떼(HOT)
2024-03-05,0,3,Spring,0,0,0,포레스트릿,카페라떼(HOT)
2024-03-06,0,3,Spring,0,0,0,포레스트릿,카페라떼(HOT)
2024-03-07,0,3,Spring,0,0,0,포레스트릿,카페라떼(HOT)
2024-03-08,0,3,Spring,0,0,0,포레스트릿,카페라떼(HOT)
2024-03-09,0,3,Spring,1,0,1,포레스트릿,카페라떼(HOT)
2024-03-10,0,3,Spring,1,0,1,포레스트릿,카페라떼(HOT)
2024-03-11,0,3,Spring,0,0,0,포레스트릿,카페라떼(HOT)
2024-03-12,0,3,Spring,0,0,0,포레스트릿,카페라떼(HOT)
2024-03-13,0,3,Spring,0,0,0,포레스트릿,카페라떼(HOT)
2024-03-14,0,3,Spring,0,0,0,포레스트릿,카페라떼(HOT)
2024-03-15,0,3,Spring,0,0,0,포레스트릿,카페라떼(HOT)
2024-03-16,0,3,Spring,1,0,1,포레스트릿,카페라떼(HOT)
2024-03-17,0,3,Spring,1,0,1,포레스트릿,카페라떼(HOT)
2024-03-18,0,3,Spring,0,0,0,포레스트릿,카페라떼(HOT)
2024-03-19,0,3,Spring,0,0,0,포레스트릿,카페라떼(HOT)
2024-03-20,0,3,Spring,0,0,0,포레스트릿,카페라떼(HOT)
2024-03-21,0,3,Spring,0,0,0,포레스트릿,카페라떼(HOT)
2024-03-22,0,3,Spring,0,0,0,포레스트릿,카페라떼(HOT)
2024-03-23,0,3,Spring,1,0,1,포레스트릿,카페라떼(HOT)
2024-03-24,0,3,Spring,1,0,1,포레스트릿,카페라떼(HOT)
2024-03-25,0,3,Spring,0,0,0,포레스트릿,카페라떼(HOT)
2024-03-26,0,3,Spring,0,0,0,포레스트릿,카페라떼(HOT)
2024-03-27,0,3,Spring,0,0,0,포레스트릿,카페라떼(HOT)
2024-03-28,0,3,Spring,0,0,0,포레스트릿,카페라떼(HOT)
2024-03-29,2,3,Spring,0,0,0,포레스트릿,카페라떼(HOT)
2024-03-30,9,3,Spring,1,0,1,포레스트릿,카페라떼(HOT)
2024-03-31,4,3,Spring,1,0,1,포레스트릿,카페라떼(HOT)
2024-04-01,0,4,Spring,0,0,0,포레스트릿,카페라떼(HOT)
2024-04-02,1,4,Spring,0,0,0,포레스트릿,카페라떼(HOT)
2024-04-03,0,4,Spring,0,0,0,포레스트릿,카페라떼(HOT)
2024-04-04,1,4,Spring,0,0,0,포레스트릿,카페라떼(HOT)
2024-04-05,2,4,Spring,0,0,0,포레스트릿,카페라떼(HOT)
2024-04-06,5,4,Spring,1,0,1,포레스트릿,카페라떼(HOT)
2024-04-07,2,4,Spring,1,0,1,포레스트릿,카페라떼(HOT)
2024-04-08,0,4,Spring,0,0,0,포레스트릿,카페라떼(HOT)
2024-04-09,3,4,Spring,0,0,0,포레스트릿,카페라떼(HOT)
2024-04-10,3,4,Spring,0,1,1,포레스트릿,카페라떼(HOT)
2024-04-11,1,4,Spring,0,0,0,포레스트릿,카페라떼(HOT)
2024-04-12,1,4,Spring,0,0,0,포레스트릿,카페라떼(HOT)
2024-04-13,0,4,Spring,1,0,1,포레스트릿,카페라떼(HOT)
2024-04-14,2,4,Spring,1,0,1,포레스트릿,카페라떼(HOT)
2024-04-15,0,4,Spring,0,0,0,포레스트릿,카페라떼(HOT)
2024-04-16,9,4,Spring,0,0,0,포레스트릿,카페라떼(HOT)
2024-04-17,4,4,Spring,0,0,0,포레스트릿,카페라떼(HOT)
2024-04-18,5,4,Spring,0,0,0,포레스트릿,카페라떼(HOT)
2024-04-19,3,4,Spring,0,0,0,포레스트릿,카페라떼(HOT)
2024-04-20,1,4,Spring,1,0,1,포레스트릿,카페라떼(HOT)
2024-04-21,7,4,Spring,1,0,1,포레스트릿,카페라떼(HOT)
2024-04-22,0,4,Spring,0,0,0,포레스트릿,카페라떼(HOT)
2024-04-23,0,4,Spring,0,0,0,포레스트릿,카페라떼(HOT)
2024-04-24,0,4,Spring,0,0,0,포레스트릿,카페라떼(HOT)
2024-04-25,0,4,Spring,0,0,0,포레스트릿,카페라떼(HOT)
2024-04-26,0,4,Spring,0,0,0,포레스트릿,카페라떼(HOT)
2024-04-27,4,4,Spring,1,0,1,포레스트릿,카페라떼(HOT)
2024-04-28,3,4,Spring,1,0,1,포레스트릿,카페라떼(HOT)
2024-04-29,0,4,Spring,0,0,0,포레스트릿,카페라떼(HOT)
2024-04-30,0,4,Spring,0,0,0,포레스트릿,카페라떼(HOT)
2024-05-01,0,5,Spring,0,0,0,포레스트릿,카페라떼(HOT)
2024-05-02,0,5,Spring,0,0,0,포레스트릿,카페라떼(HOT)
2024-05-03,0,5,Spring,0,0,0,포레스트릿,카페라떼(HOT)
2024-05-04,6,5,Spring,1,0,1,포레스트릿,카페라떼(HOT)
2024-05-05,1,5,Spring,1,1,1,포레스트릿,카페라떼(HOT)
2024-05-06,0,5,Spring,0,1,1,포레스트릿,카페라떼(HOT)
2024-05-07,0,5,Spring,0,0,0,포레스트릿,카페라떼(HOT)
2024-05-08,0,5,Spring,0,0,0,포레스트릿,카페라떼(HOT)
2024-05-09,0,5,Spring,0,0,0,포레스트릿,카페라떼(HOT)
2024-05-10,0,5,Spring,0,0,0,포레스트릿,카페라떼(HOT)
2024-05-11,1,5,Spring,1,0,1,포레스트릿,카페라떼(HOT)
2024-05-12,7,5,Spring,1,0,1,포레스트릿,카페라떼(HOT)
2024-05-13,0,5,Spring,0,0,0,포레스트릿,카페라떼(HOT)
2024-05-14,0,5,Spring,0,0,0,포레스트릿,카페라떼(HOT)
2024-05-15,5,5,Spring,0,1,1,포레스트릿,카페라떼(HOT)
2024-05-16,0,5,Spring,0,0,0,포레스트릿,카페라떼(HOT)
2024-05-17,0,5,Spring,0,0,0,포레스트릿,카페라떼(HOT)
2024-05-18,7,5,Spring,1,0,1,포레스트릿,카페라떼(HOT)
2024-05-19,4,5,Spring,1,0,1,포레스트릿,카페라떼(HOT)
2024-05-20,0,5,Spring,0,0,0,포레스트릿,카페라떼(HOT)
2024-05-21,0,5,Spring,0,0,0,포레스트릿,카페라떼(HOT)
2024-05-22,0,5,Spring,0,0,0,포레스트릿,카페라떼(HOT)
2024-05-23,0,5,Spring,0,0,0,포레스트릿,카페라떼(HOT)
2024-05-24,0,5,Spring,0,0,0,포레스트릿,카페라떼(HOT)
2024-05-25,2,5,Spring,1,0,1,포레스트릿,카페라떼(HOT)
2024-05-26,2,5,Spring,1,0,1,포레스트릿,카페라떼(HOT)
2024-05-27,0,5,Spring,0,0,0,포레스트릿,카페라떼(HOT)
2024-05-28,0,5,Spring,0,0,0,포레스트릿,카페라떼(HOT)
2024-05-29,0,5,Spring,0,0,0,포레스트릿,카페라떼(HOT)
2024-05-30,0,5,Spring,0,0,0,포레스트릿,카페라떼(HOT)
2024-05-31,0,5,Spring,0,0,0,포레스트릿,카페라떼(HOT)
2024-06-01,3,6,Summer,1,0,1,포레스트릿,카페라떼(HOT)
2024-06-02,4,6,Summer,1,0,1,포레스트릿,카페라떼(HOT)
2024-06-03,0,6,Summer,0,0,0,포레스트릿,카페라떼(HOT)
2024-06-04,0,6,Summer,0,0,0,포레스트릿,카페라떼(HOT)
2024-06-05,0,6,Summer,0,0,0,포레스트릿,카페라떼(HOT)
2024-06-06,2,6,Summer,0,1,1,포레스트릿,카페라떼(HOT)
2024-06-07,0,6,Summer,0,0,0,포레스트릿,카페라떼(HOT)
2024-06-08,1,6,Summer,1,0,1,포레스트릿,카페라떼(HOT)
2024-06-09,3,6,Summer,1,0,1,포레스트릿,카페라떼(HOT)
2024-06-10,0,6,Summer,0,0,0,포레스트릿,카페라떼(HOT)
2024-06-11,0,6,Summer,0,0,0,포레스트릿,카페라떼(HOT)
2024-06-12,0,6,Summer,0,0,0,포레스트릿,카페라떼(HOT)
2024-06-13,0,6,Summer,0,0,0,포레스트릿,카페라떼(HOT)
2024-06-14,0,6,Summer,0,0,0,포레스트릿,카페라떼(HOT)
2024-06-15,2,6,Summer,1,0,1,포레스트릿,카페라떼(HOT)
2023-01-01,14,1,Winter,1,1,1,포레스트릿,카페라떼(ICE)
2023-01-02,5,1,Winter,0,0,0,포레스트릿,카페라떼(ICE)
2023-01-03,16,1,Winter,0,0,0,포레스트릿,카페라떼(ICE)
2023-01-04,18,1,Winter,0,0,0,포레스트릿,카페라떼(ICE)
2023-01-05,11,1,Winter,0,0,0,포레스트릿,카페라떼(ICE)
2023-01-06,19,1,Winter,0,0,0,포레스트릿,카페라떼(ICE)
2023-01-07,47,1,Winter,1,0,1,포레스트릿,카페라떼(ICE)
2023-01-08,33,1,Winter,1,0,1,포레스트릿,카페라떼(ICE)
2023-01-09,27,1,Winter,0,0,0,포레스트릿,카페라떼(ICE)
2023-01-10,17,1,Winter,0,0,0,포레스트릿,카페라떼(ICE)
2023-01-11,14,1,Winter,0,0,0,포레스트릿,카페라떼(ICE)
2023-01-12,27,1,Winter,0,0,0,포레스트릿,카페라떼(ICE)
2023-01-13,10,1,Winter,0,0,0,포레스트릿,카페라떼(ICE)
2023-01-14,26,1,Winter,1,0,1,포레스트릿,카페라떼(ICE)
2023-01-15,9,1,Winter,1,0,1,포레스트릿,카페라떼(ICE)
2023-01-16,7,1,Winter,0,0,0,포레스트릿,카페라떼(ICE)
2023-01-17,16,1,Winter,0,0,0,포레스트릿,카페라떼(ICE)
2023-01-18,13,1,Winter,0,0,0,포레스트릿,카페라떼(ICE)
2023-01-19,27,1,Winter,0,0,0,포레스트릿,카페라떼(ICE)
2023-01-20,16,1,Winter,0,0,0,포레스트릿,카페라떼(ICE)
2023-01-21,16,1,Winter,1,1,1,포레스트릿,카페라떼(ICE)
2023-01-22,25,1,Winter,1,1,1,포레스트릿,카페라떼(ICE)
2023-01-23,28,1,Winter,0,1,1,포레스트릿,카페라떼(ICE)
2023-01-24,2,1,Winter,0,1,1,포레스트릿,카페라떼(ICE)
2023-01-25,5,1,Winter,0,0,0,포레스트릿,카페라떼(ICE)
2023-01-26,7,1,Winter,0,0,0,포레스트릿,카페라떼(ICE)
2023-01-27,6,1,Winter,0,0,0,포레스트릿,카페라떼(ICE)
2023-01-28,15,1,Winter,1,0,1,포레스트릿,카페라떼(ICE)
2023-01-29,20,1,Winter,1,0,1,포레스트릿,카페라떼(ICE)
2023-01-30,21,1,Winter,0,0,0,포레스트릿,카페라떼(ICE)
2023-01-31,11,1,Winter,0,0,0,포레스트릿,카페라떼(ICE)
2023-02-01,12,2,Winter,0,0,0,포레스트릿,카페라떼(ICE)
2023-02-02,4,2,Winter,0,0,0,포레스트릿,카페라떼(ICE)
2023-02-03,10,2,Winter,0,0,0,포레스트릿,카페라떼(ICE)
2023-02-04,44,2,Winter,1,0,1,포레스트릿,카페라떼(ICE)
2023-02-05,28,2,Winter,1,0,1,포레스트릿,카페라떼(ICE)
2023-02-06,20,2,Winter,0,0,0,포레스트릿,카페라떼(ICE)
2023-02-07,14,2,Winter,0,0,0,포레스트릿,카페라떼(ICE)
2023-02-08,11,2,Winter,0,0,0,포레스트릿,카페라떼(ICE)
2023-02-09,19,2,Winter,0,0,0,포레스트릿,카페라떼(ICE)
2023-02-10,19,2,Winter,0,0,0,포레스트릿,카페라떼(ICE)
2023-02-11,42,2,Winter,1,0,1,포레스트릿,카페라떼(ICE)
2023-02-12,30,2,Winter,1,0,1,포레스트릿,카페라떼(ICE)
2023-02-13,21,2,Winter,0,0,0,포레스트릿,카페라떼(ICE)
2023-02-14,17,2,Winter,0,0,0,포레스트릿,카페라떼(ICE)
2023-02-15,25,2,Winter,0,0,0,포레스트릿,카페라떼(ICE)
2023-02-16,9,2,Winter,0,0,0,포레스트릿,카페라떼(ICE)
2023-02-17,19,2,Winter,0,0,0,포레스트릿,카페라떼(ICE)
2023-02-18,44,2,Winter,1,0,1,포레스트릿,카페라떼(ICE)
2023-02-19,15,2,Winter,1,0,1,포레스트릿,카페라떼(ICE)
2023-02-20,5,2,Winter,0,0,0,포레스트릿,카페라떼(ICE)
2023-02-21,20,2,Winter,0,0,0,포레스트릿,카페라떼(ICE)
2023-02-22,17,2,Winter,0,0,0,포레스트릿,카페라떼(ICE)
2023-02-23,7,2,Winter,0,0,0,포레스트릿,카페라떼(ICE)
2023-02-24,10,2,Winter,0,0,0,포레스트릿,카페라떼(ICE)
2023-02-25,19,2,Winter,1,0,1,포레스트릿,카페라떼(ICE)
2023-02-26,15,2,Winter,1,0,1,포레스트릿,카페라떼(ICE)
2023-02-27,13,2,Winter,0,0,0,포레스트릿,카페라떼(ICE)
2023-02-28,12,2,Winter,0,0,0,포레스트릿,카페라떼(ICE)
2023-03-01,6,3,Spring,0,1,1,포레스트릿,카페라떼(ICE)
2023-03-02,0,3,Spring,0,0,0,포레스트릿,카페라떼(ICE)
2023-03-03,0,3,Spring,0,0,0,포레스트릿,카페라떼(ICE)
2023-03-04,0,3,Spring,1,0,1,포레스트릿,카페라떼(ICE)
2023-03-05,0,3,Spring,1,0,1,포레스트릿,카페라떼(ICE)
2023-03-06,0,3,Spring,0,0,0,포레스트릿,카페라떼(ICE)
2023-03-07,0,3,Spring,0,0,0,포레스트릿,카페라떼(ICE)
2023-03-08,0,3,Spring,0,0,0,포레스트릿,카페라떼(ICE)
2023-03-09,0,3,Spring,0,0,0,포레스트릿,카페라떼(ICE)
2023-03-10,0,3,Spring,0,0,0,포레스트릿,카페라떼(ICE)
2023-03-11,0,3,Spring,1,0,1,포레스트릿,카페라떼(ICE)
2023-03-12,0,3,Spring,1,0,1,포레스트릿,카페라떼(ICE)
2023-03-13,0,3,Spring,0,0,0,포레스트릿,카페라떼(ICE)
2023-03-14,0,3,Spring,0,0,0,포레스트릿,카페라떼(ICE)
2023-03-15,0,3,Spring,0,0,0,포레스트릿,카페라떼(ICE)
2023-03-16,0,3,Spring,0,0,0,포레스트릿,카페라떼(ICE)
2023-03-17,0,3,Spring,0,0,0,포레스트릿,카페라떼(ICE)
2023-03-18,0,3,Spring,1,0,1,포레스트릿,카페라떼(ICE)
2023-03-19,0,3,Spring,1,0,1,포레스트릿,카페라떼(ICE)
2023-03-20,0,3,Spring,0,0,0,포레스트릿,카페라떼(ICE)
2023-03-21,0,3,Spring,0,0,0,포레스트릿,카페라떼(ICE)
2023-03-22,0,3,Spring,0,0,0,포레스트릿,카페라떼(ICE)
2023-03-23,0,3,Spring,0,0,0,포레스트릿,카페라떼(ICE)
2023-03-24,0,3,Spring,0,0,0,포레스트릿,카페라떼(ICE)
2023-03-25,0,3,Spring,1,0,1,포레스트릿,카페라떼(ICE)
2023-03-26,0,3,Spring,1,0,1,포레스트릿,카페라떼(ICE)
2023-03-27,0,3,Spring,0,0,0,포레스트릿,카페라떼(ICE)
2023-03-28,0,3,Spring,0,0,0,포레스트릿,카페라떼(ICE)
2023-03-29,0,3,Spring,0,0,0,포레스트릿,카페라떼(ICE)
2023-03-30,0,3,Spring,0,0,0,포레스트릿,카페라떼(ICE)
2023-03-31,0,3,Spring,0,0,0,포레스트릿,카페라떼(ICE)
2023-04-01,11,4,Spring,1,0,1,포레스트릿,카페라떼(ICE)
2023-04-02,4,4,Spring,1,0,1,포레스트릿,카페라떼(ICE)
2023-04-03,0,4,Spring,0,0,0,포레스트릿,카페라떼(ICE)
2023-04-04,0,4,Spring,0,0,0,포레스트릿,카페라떼(ICE)
2023-04-05,0,4,Spring,0,0,0,포레스트릿,카페라떼(ICE)
2023-04-06,0,4,Spring,0,0,0,포레스트릿,카페라떼(ICE)
2023-04-07,0,4,Spring,0,0,0,포레스트릿,카페라떼(ICE)
2023-04-08,0,4,Spring,1,0,1,포레스트릿,카페라떼(ICE)
2023-04-09,5,4,Spring,1,0,1,포레스트릿,카페라떼(ICE)
2023-04-10,0,4,Spring,0,0,0,포레스트릿,카페라떼(ICE)
2023-04-11,0,4,Spring,0,0,0,포레스트릿,카페라떼(ICE)
2023-04-12,0,4,Spring,0,0,0,포레스트릿,카페라떼(ICE)
2023-04-13,0,4,Spring,0,0,0,포레스트릿,카페라떼(ICE)
2023-04-14,4,4,Spring,0,0,0,포레스트릿,카페라떼(ICE)
2023-04-15,2,4,Spring,1,0,1,포레스트릿,카페라떼(ICE)
2023-04-16,2,4,Spring,1,0,1,포레스트릿,카페라떼(ICE)
2023-04-17,0,4,Spring,0,0,0,포레스트릿,카페라떼(ICE)
2023-04-18,0,4,Spring,0,0,0,포레스트릿,카페라떼(ICE)
2023-04-19,0,4,Spring,0,0,0,포레스트릿,카페라떼(ICE)
2023-04-20,0,4,Spring,0,0,0,포레스트릿,카페라떼(ICE)
2023-04-21,2,4,Spring,0,0,0,포레스트릿,카페라떼(ICE)
2023-04-22,11,4,Spring,1,0,1,포레스트릿,카페라떼(ICE)
2023-04-23,7,4,Spring,1,0,1,포레스트릿,카페라떼(ICE)
2023-04-24,0,4,Spring,0,0,0,포레스트릿,카페라떼(ICE)
2023-04-25,0,4,Spring,0,0,0,포레스트릿,카페라떼(ICE)
2023-04-26,0,4,Spring,0,0,0,포레스트릿,카페라떼(ICE)
2023-04-27,0,4,Spring,0,0,0,포레스트릿,카페라떼(ICE)
2023-04-28,5,4,Spring,0,0,0,포레스트릿,카페라떼(ICE)
2023-04-29,0,4,Spring,1,0,1,포레스트릿,카페라떼(ICE)
2023-04-30,8,4,Spring,1,0,1,포레스트릿,카페라떼(ICE)
2023-05-01,0,5,Spring,0,0,0,포레스트릿,카페라떼(ICE)
2023-05-02,0,5,Spring,0,0,0,포레스트릿,카페라떼(ICE)
2023-05-03,1,5,Spring,0,0,0,포레스트릿,카페라떼(ICE)
2023-05-04,2,5,Spring,0,0,0,포레스트릿,카페라떼(ICE)
2023-05-05,0,5,Spring,0,1,1,포레스트릿,카페라떼(ICE)
2023-05-06,0,5,Spring,1,0,1,포레스트릿,카페라떼(ICE)
2023-05-07,1,5,Spring,1,0,1,포레스트릿,카페라떼(ICE)
2023-05-08,0,5,Spring,0,0,0,포레스트릿,카페라떼(ICE)
2023-05-09,1,5,Spring,0,0,0,포레스트릿,카페라떼(ICE)
2023-05-10,0,5,Spring,0,0,0,포레스트릿,카페라떼(ICE)
2023-05-11,0,5,Spring,0,0,0,포레스트릿,카페라떼(ICE)
2023-05-12,5,5,Spring,0,0,0,포레스트릿,카페라떼(ICE)
2023-05-13,16,5,Spring,1,0,1,포레스트릿,카페라떼(ICE)
2023-05-14,12,5,Spring,1,0,1,포레스트릿,카페라떼(ICE)
2023-05-15,0,5,Spring,0,0,0,포레스트릿,카페라떼(ICE)
2023-05-16,1,5,Spring,0,0,0,포레스트릿,카페라떼(ICE)
2023-05-17,0,5,Spring,0,0,0,포레스트릿,카페라떼(ICE)
2023-05-18,3,5,Spring,0,0,0,포레스트릿,카페라떼(ICE)
2023-05-19,4,5,Spring,0,0,0,포레스트릿,카페라떼(ICE)
2023-05-20,14,5,Spring,1,0,1,포레스트릿,카페라떼(ICE)
2023-05-21,14,5,Spring,1,0,1,포레스트릿,카페라떼(ICE)
2023-05-22,0,5,Spring,0,0,0,포레스트릿,카페라떼(ICE)
2023-05-23,0,5,Spring,0,0,0,포레스트릿,카페라떼(ICE)
2023-05-24,2,5,Spring,0,0,0,포레스트릿,카페라떼(ICE)
2023-05-25,4,5,Spring,0,0,0,포레스트릿,카페라떼(ICE)
2023-05-26,2,5,Spring,0,0,0,포레스트릿,카페라떼(ICE)
2023-05-27,0,5,Spring,1,1,1,포레스트릿,카페라떼(ICE)
2023-05-28,0,5,Spring,1,0,1,포레스트릿,카페라떼(ICE)
2023-05-29,9,5,Spring,0,1,1,포레스트릿,카페라떼(ICE)
2023-05-30,1,5,Spring,0,0,0,포레스트릿,카페라떼(ICE)
2023-05-31,3,5,Spring,0,0,0,포레스트릿,카페라떼(ICE)
2023-06-01,1,6,Summer,0,0,0,포레스트릿,카페라떼(ICE)
2023-06-02,2,6,Summer,0,0,0,포레스트릿,카페라떼(ICE)
2023-06-03,9,6,Summer,1,0,1,포레스트릿,카페라떼(ICE)
2023-06-04,15,6,Summer,1,0,1,포레스트릿,카페라떼(ICE)
2023-06-05,11,6,Summer,0,0,0,포레스트릿,카페라떼(ICE)
2023-06-06,12,6,Summer,0,1,1,포레스트릿,카페라떼(ICE)
2023-06-07,1,6,Summer,0,0,0,포레스트릿,카페라떼(ICE)
2023-06-08,0,6,Summer,0,0,0,포레스트릿,카페라떼(ICE)
2023-06-09,0,6,Summer,0,0,0,포레스트릿,카페라떼(ICE)
2023-06-10,4,6,Summer,1,0,1,포레스트릿,카페라떼(ICE)
2023-06-11,6,6,Summer,1,0,1,포레스트릿,카페라떼(ICE)
2023-06-12,0,6,Summer,0,0,0,포레스트릿,카페라떼(ICE)
2023-06-13,0,6,Summer,0,0,0,포레스트릿,카페라떼(ICE)
2023-06-14,3,6,Summer,0,0,0,포레스트릿,카페라떼(ICE)
2023-06-15,2,6,Summer,0,0,0,포레스트릿,카페라떼(ICE)
2023-06-16,12,6,Summer,0,0,0,포레스트릿,카페라떼(ICE)
2023-06-17,9,6,Summer,1,0,1,포레스트릿,카페라떼(ICE)
2023-06-18,5,6,Summer,1,0,1,포레스트릿,카페라떼(ICE)
2023-06-19,0,6,Summer,0,0,0,포레스트릿,카페라떼(ICE)
2023-06-20,1,6,Summer,0,0,0,포레스트릿,카페라떼(ICE)
2023-06-21,0,6,Summer,0,0,0,포레스트릿,카페라떼(ICE)
2023-06-22,7,6,Summer,0,0,0,포레스트릿,카페라떼(ICE)
2023-06-23,1,6,Summer,0,0,0,포레스트릿,카페라떼(ICE)
2023-06-24,4,6,Summer,1,0,1,포레스트릿,카페라떼(ICE)
2023-06-25,5,6,Summer,1,0,1,포레스트릿,카페라떼(ICE)
2023-06-26,0,6,Summer,0,0,0,포레스트릿,카페라떼(ICE)
2023-06-27,0,6,Summer,0,0,0,포레스트릿,카페라떼(ICE)
2023-06-28,0,6,Summer,0,0,0,포레스트릿,카페라떼(ICE)
2023-06-29,0,6,Summer,0,0,0,포레스트릿,카페라떼(ICE)
2023-06-30,2,6,Summer,0,0,0,포레스트릿,카페라떼(ICE)
2023-07-01,2,7,Summer,1,0,1,포레스트릿,카페라떼(ICE)
2023-07-02,6,7,Summer,1,0,1,포레스트릿,카페라떼(ICE)
2023-07-03,0,7,Summer,0,0,0,포레스트릿,카페라떼(ICE)
2023-07-04,1,7,Summer,0,0,0,포레스트릿,카페라떼(ICE)
2023-07-05,0,7,Summer,0,0,0,포레스트릿,카페라떼(ICE)
2023-07-06,0,7,Summer,0,0,0,포레스트릿,카페라떼(ICE)
2023-07-07,0,7,Summer,0,0,0,포레스트릿,카페라떼(ICE)
2023-07-08,7,7,Summer,1,0,1,포레스트릿,카페라떼(ICE)
2023-07-09,0,7,Summer,1,0,1,포레스트릿,카페라떼(ICE)
2023-07-10,0,7,Summer,0,0,0,포레스트릿,카페라떼(ICE)
2023-07-11,0,7,Summer,0,0,0,포레스트릿,카페라떼(ICE)
2023-07-12,1,7,Summer,0,0,0,포레스트릿,카페라떼(ICE)
2023-07-13,0,7,Summer,0,0,0,포레스트릿,카페라떼(ICE)
2023-07-14,0,7,Summer,0,0,0,포레스트릿,카페라떼(ICE)
2023-07-15,0,7,Summer,1,0,1,포레스트릿,카페라떼(ICE)
2023-07-16,2,7,Summer,1,0,1,포레스트릿,카페라떼(ICE)
2023-07-17,0,7,Summer,0,0,0,포레스트릿,카페라떼(ICE)
2023-07-18,0,7,Summer,0,0,0,포레스트릿,카페라떼(ICE)
2023-07-19,1,7,Summer,0,0,0,포레스트릿,카페라떼(ICE)
2023-07-20,0,7,Summer,0,0,0,포레스트릿,카페라떼(ICE)
2023-07-21,0,7,Summer,0,0,0,포레스트릿,카페라떼(ICE)
2023-07-22,2,7,Summer,1,0,1,포레스트릿,카페라떼(ICE)
2023-07-23,0,7,Summer,1,0,1,포레스트릿,카페라떼(ICE)
2023-07-24,5,7,Summer,0,0,0,포레스트릿,카페라떼(ICE)
2023-07-25,2,7,Summer,0,0,0,포레스트릿,카페라떼(ICE)
2023-07-26,1,7,Summer,0,0,0,포레스트릿,카페라떼(ICE)
2023-07-27,0,7,Summer,0,0,0,포레스트릿,카페라떼(ICE)
2023-07-28,2,7,Summer,0,0,0,포레스트릿,카페라떼(ICE)
2023-07-29,2,7,Summer,1,0,1,포레스트릿,카페라떼(ICE)
2023-07-30,1,7,Summer,1,0,1,포레스트릿,카페라떼(ICE)
2023-07-31,3,7,Summer,0,0,0,포레스트릿,카페라떼(ICE)
2023-08-01,0,8,Summer,0,0,0,포레스트릿,카페라떼(ICE)
2023-08-02,0,8,Summer,0,0,0,포레스트릿,카페라떼(ICE)
2023-08-03,1,8,Summer,0,0,0,포레스트릿,카페라떼(ICE)
2023-08-04,0,8,Summer,0,0,0,포레스트릿,카페라떼(ICE)
2023-08-05,4,8,Summer,1,0,1,포레스트릿,카페라떼(ICE)
2023-08-06,1,8,Summer,1,0,1,포레스트릿,카페라떼(ICE)
2023-08-07,1,8,Summer,0,0,0,포레스트릿,카페라떼(ICE)
2023-08-08,1,8,Summer,0,0,0,포레스트릿,카페라떼(ICE)
2023-08-09,0,8,Summer,0,0,0,포레스트릿,카페라떼(ICE)
2023-08-10,0,8,Summer,0,0,0,포레스트릿,카페라떼(ICE)
2023-08-11,0,8,Summer,0,0,0,포레스트릿,카페라떼(ICE)
2023-08-12,3,8,Summer,1,0,1,포레스트릿,카페라떼(ICE)
2023-08-13,3,8,Summer,1,0,1,포레스트릿,카페라떼(ICE)
2023-08-14,0,8,Summer,0,0,0,포레스트릿,카페라떼(ICE)
2023-08-15,3,8,Summer,0,1,1,포레스트릿,카페라떼(ICE)
2023-08-16,1,8,Summer,0,0,0,포레스트릿,카페라떼(ICE)
2023-08-17,0,8,Summer,0,0,0,포레스트릿,카페라떼(ICE)
2023-08-18,0,8,Summer,0,0,0,포레스트릿,카페라떼(ICE)
2023-08-19,4,8,Summer,1,0,1,포레스트릿,카페라떼(ICE)
2023-08-20,2,8,Summer,1,0,1,포레스트릿,카페라떼(ICE)
2023-08-21,0,8,Summer,0,0,0,포레스트릿,카페라떼(ICE)
2023-08-22,0,8,Summer,0,0,0,포레스트릿,카페라떼(ICE)
2023-08-23,0,8,Summer,0,0,0,포레스트릿,카페라떼(ICE)
2023-08-24,4,8,Summer,0,0,0,포레스트릿,카페라떼(ICE)
2023-08-25,2,8,Summer,0,0,0,포레스트릿,카페라떼(ICE)
2023-08-26,2,8,Summer,1,0,1,포레스트릿,카페라떼(ICE)
2023-08-27,9,8,Summer,1,0,1,포레스트릿,카페라떼(ICE)
2023-08-28,0,8,Summer,0,0,0,포레스트릿,카페라떼(ICE)
2023-08-29,0,8,Summer,0,0,0,포레스트릿,카페라떼(ICE)
2023-08-30,0,8,Summer,0,0,0,포레스트릿,카페라떼(ICE)
2023-08-31,0,8,Summer,0,0,0,포레스트릿,카페라떼(ICE)
2023-09-01,0,9,Autumn,0,0,0,포레스트릿,카페라떼(ICE)
2023-09-02,5,9,Autumn,1,0,1,포레스트릿,카페라떼(ICE)
2023-09-03,6,9,Autumn,1,0,1,포레스트릿,카페라떼(ICE)
2023-09-04,0,9,Autumn,0,0,0,포레스트릿,카페라떼(ICE)
2023-09-05,0,9,Autumn,0,0,0,포레스트릿,카페라떼(ICE)
2023-09-06,0,9,Autumn,0,0,0,포레스트릿,카페라떼(ICE)
2023-09-07,0,9,Autumn,0,0,0,포레스트릿,카페라떼(ICE)
2023-09-08,0,9,Autumn,0,0,0,포레스트릿,카페라떼(ICE)
2023-09-09,6,9,Autumn,1,0,1,포레스트릿,카페라떼(ICE)
2023-09-10,6,9,Autumn,1,0,1,포레스트릿,카페라떼(ICE)
2023-09-11,0,9,Autumn,0,0,0,포레스트릿,카페라떼(ICE)
2023-09-12,0,9,Autumn,0,0,0,포레스트릿,카페라떼(ICE)
2023-09-13,0,9,Autumn,0,0,0,포레스트릿,카페라떼(ICE)
2023-09-14,0,9,Autumn,0,0,0,포레스트릿,카페라떼(ICE)
2023-09-15,0,9,Autumn,0,0,0,포레스트릿,카페라떼(ICE)
2023-09-16,4,9,Autumn,1,0,1,포레스트릿,카페라떼(ICE)
2023-09-17,7,9,Autumn,1,0,1,포레스트릿,카페라떼(ICE)
2023-09-18,0,9,Autumn,0,0,0,포레스트릿,카페라떼(ICE)
2023-09-19,0,9,Autumn,0,0,0,포레스트릿,카페라떼(ICE)
2023-09-20,0,9,Autumn,0,0,0,포레스트릿,카페라떼(ICE)
2023-09-21,0,9,Autumn,0,0,0,포레스트릿,카페라떼(ICE)
2023-09-22,0,9,Autumn,0,0,0,포레스트릿,카페라떼(ICE)
2023-09-23,6,9,Autumn,1,0,1,포레스트릿,카페라떼(ICE)
2023-09-24,11,9,Autumn,1,0,1,포레스트릿,카페라떼(ICE)
2023-09-25,0,9,Autumn,0,0,0,포레스트릿,카페라떼(ICE)
2023-09-26,0,9,Autumn,0,0,0,포레스트릿,카페라떼(ICE)
2023-09-27,1,9,Autumn,0,0,0,포레스트릿,카페라떼(ICE)
2023-09-28,13,9,Autumn,0,1,1,포레스트릿,카페라떼(ICE)
2023-09-29,11,9,Autumn,0,1,1,포레스트릿,카페라떼(ICE)
2023-09-30,7,9,Autumn,1,1,1,포레스트릿,카페라떼(ICE)
2023-10-01,24,10,Autumn,1,0,1,포레스트릿,카페라떼(ICE)
2023-10-02,14,10,Autumn,0,1,1,포레스트릿,카페라떼(ICE)
2023-10-03,6,10,Autumn,0,1,1,포레스트릿,카페라떼(ICE)
2023-10-04,0,10,Autumn,0,0,0,포레스트릿,카페라떼(ICE)
2023-10-05,1,10,Autumn,0,0,0,포레스트릿,카페라떼(ICE)
2023-10-06,2,10,Autumn,0,0,0,포레스트릿,카페라떼(ICE)
2023-10-07,9,10,Autumn,1,0,1,포레스트릿,카페라떼(ICE)
2023-10-08,14,10,Autumn,1,0,1,포레스트릿,카페라떼(ICE)
2023-10-09,25,10,Autumn,0,1,1,포레스트릿,카페라떼(ICE)
2023-10-10,1,10,Autumn,0,0,0,포레스트릿,카페라떼(ICE)
2023-10-11,6,10,Autumn,0,0,0,포레스트릿,카페라떼(ICE)
2023-10-12,1,10,Autumn,0,0,0,포레스트릿,카페라떼(ICE)
2023-10-13,4,10,Autumn,0,0,0,포레스트릿,카페라떼(ICE)
2023-10-14,4,10,Autumn,1,0,1,포레스트릿,카페라떼(ICE)
2023-10-15,6,10,Autumn,1,0,1,포레스트릿,카페라떼(ICE)
2023-10-16,0,10,Autumn,0,0,0,포레스트릿,카페라떼(ICE)
2023-10-17,5,10,Autumn,0,0,0,포레스트릿,카페라떼(ICE)
2023-10-18,4,10,Autumn,0,0,0,포레스트릿,카페라떼(ICE)
2023-10-19,0,10,Autumn,0,0,0,포레스트릿,카페라떼(ICE)
2023-10-20,2,10,Autumn,0,0,0,포레스트릿,카페라떼(ICE)
2023-10-21,3,10,Autumn,1,0,1,포레스트릿,카페라떼(ICE)
2023-10-22,15,10,Autumn,1,0,1,포레스트릿,카페라떼(ICE)
2023-10-23,0,10,Autumn,0,0,0,포레스트릿,카페라떼(ICE)
2023-10-24,5,10,Autumn,0,0,0,포레스트릿,카페라떼(ICE)
2023-10-25,8,10,Autumn,0,0,0,포레스트릿,카페라떼(ICE)
2023-10-26,8,10,Autumn,0,0,0,포레스트릿,카페라떼(ICE)
2023-10-27,7,10,Autumn,0,0,0,포레스트릿,카페라떼(ICE)
2023-10-28,8,10,Autumn,1,0,1,포레스트릿,카페라떼(ICE)
2023-10-29,11,10,Autumn,1,0,1,포레스트릿,카페라떼(ICE)
2023-10-30,0,10,Autumn,0,0,0,포레스트릿,카페라떼(ICE)
2023-10-31,5,10,Autumn,0,0,0,포레스트릿,카페라떼(ICE)
2023-11-01,3,11,Autumn,0,0,0,포레스트릿,카페라떼(ICE)
2023-11-02,4,11,Autumn,0,0,0,포레스트릿,카페라떼(ICE)
2023-11-03,10,11,Autumn,0,0,0,포레스트릿,카페라떼(ICE)
2023-11-04,13,11,Autumn,1,0,1,포레스트릿,카페라떼(ICE)
2023-11-05,5,11,Autumn,1,0,1,포레스트릿,카페라떼(ICE)
2023-11-06,0,11,Autumn,0,0,0,포레스트릿,카페라떼(ICE)
2023-11-07,1,11,Autumn,0,0,0,포레스트릿,카페라떼(ICE)
2023-11-08,5,11,Autumn,0,0,0,포레스트릿,카페라떼(ICE)
2023-11-09,2,11,Autumn,0,0,0,포레스트릿,카페라떼(ICE)
2023-11-10,1,11,Autumn,0,0,0,포레스트릿,카페라떼(ICE)
2023-11-11,0,11,Autumn,1,0,1,포레스트릿,카페라떼(ICE)
2023-11-12,1,11,Autumn,1,0,1,포레스트릿,카페라떼(ICE)
2023-11-13,0,11,Autumn,0,0,0,포레스트릿,카페라떼(ICE)
2023-11-14,2,11,Autumn,0,0,0,포레스트릿,카페라떼(ICE)
2023-11-15,0,11,Autumn,0,0,0,포레스트릿,카페라떼(ICE)
2023-11-16,0,11,Autumn,0,0,0,포레스트릿,카페라떼(ICE)
2023-11-17,1,11,Autumn,0,0,0,포레스트릿,카페라떼(ICE)
2023-11-18,1,11,Autumn,1,0,1,포레스트릿,카페라떼(ICE)
2023-11-19,0,11,Autumn,1,0,1,포레스트릿,카페라떼(ICE)
2023-11-20,0,11,Autumn,0,0,0,포레스트릿,카페라떼(ICE)
2023-11-21,0,11,Autumn,0,0,0,포레스트릿,카페라떼(ICE)
2023-11-22,0,11,Autumn,0,0,0,포레스트릿,카페라떼(ICE)
2023-11-23,1,11,Autumn,0,0,0,포레스트릿,카페라떼(ICE)
2023-11-24,0,11,Autumn,0,0,0,포레스트릿,카페라떼(ICE)
2023-11-25,0,11,Autumn,1,0,1,포레스트릿,카페라떼(ICE)
2023-11-26,0,11,Autumn,1,0,1,포레스트릿,카페라떼(ICE)
2023-11-27,0,11,Autumn,0,0,0,포레스트릿,카페라떼(ICE)
2023-11-28,0,11,Autumn,0,0,0,포레스트릿,카페라떼(ICE)
2023-11-29,0,11,Autumn,0,0,0,포레스트릿,카페라떼(ICE)
2023-11-30,0,11,Autumn,0,0,0,포레스트릿,카페라떼(ICE)
2023-12-01,0,12,Winter,0,0,0,포레스트릿,카페라떼(ICE)
2023-12-02,0,12,Winter,1,0,1,포레스트릿,카페라떼(ICE)
2023-12-03,0,12,Winter,1,0,1,포레스트릿,카페라떼(ICE)
2023-12-04,0,12,Winter,0,0,0,포레스트릿,카페라떼(ICE)
2023-12-05,0,12,Winter,0,0,0,포레스트릿,카페라떼(ICE)
2023-12-06,1,12,Winter,0,0,0,포레스트릿,카페라떼(ICE)
2023-12-07,3,12,Winter,0,0,0,포레스트릿,카페라떼(ICE)
2023-12-08,11,12,Winter,0,0,0,포레스트릿,카페라떼(ICE)
2023-12-09,13,12,Winter,1,0,1,포레스트릿,카페라떼(ICE)
2023-12-10,23,12,Winter,1,0,1,포레스트릿,카페라떼(ICE)
2023-12-11,1,12,Winter,0,0,0,포레스트릿,카페라떼(ICE)
2023-12-12,4,12,Winter,0,0,0,포레스트릿,카페라떼(ICE)
2023-12-13,9,12,Winter,0,0,0,포레스트릿,카페라떼(ICE)
2023-12-14,0,12,Winter,0,0,0,포레스트릿,카페라떼(ICE)
2023-12-15,0,12,Winter,0,0,0,포레스트릿,카페라떼(ICE)
2023-12-16,4,12,Winter,1,0,1,포레스트릿,카페라떼(ICE)
2023-12-17,3,12,Winter,1,0,1,포레스트릿,카페라떼(ICE)
2023-12-18,5,12,Winter,0,0,0,포레스트릿,카페라떼(ICE)
2023-12-19,5,12,Winter,0,0,0,포레스트릿,카페라떼(ICE)
2023-12-20,2,12,Winter,0,0,0,포레스트릿,카페라떼(ICE)
2023-12-21,6,12,Winter,0,0,0,포레스트릿,카페라떼(ICE)
2023-12-22,6,12,Winter,0,0,0,포레스트릿,카페라떼(ICE)
2023-12-23,12,12,Winter,1,0,1,포레스트릿,카페라떼(ICE)
2023-12-24,19,12,Winter,1,0,1,포레스트릿,카페라떼(ICE)
2023-12-25,11,12,Winter,0,1,1,포레스트릿,카페라떼(ICE)
2023-12-26,10,12,Winter,0,0,0,포레스트릿,카페라떼(ICE)
2023-12-27,16,12,Winter,0,0,0,포레스트릿,카페라떼(ICE)
2023-12-28,12,12,Winter,0,0,0,포레스트릿,카페라떼(ICE)
2023-12-29,11,12,Winter,0,0,0,포레스트릿,카페라떼(ICE)
2023-12-30,4,12,Winter,1,0,1,포레스트릿,카페라떼(ICE)
2023-12-31,31,12,Winter,1,0,1,포레스트릿,카페라떼(ICE)
2024-01-01,21,1,Winter,0,1,1,포레스트릿,카페라떼(ICE)
2024-01-02,8,1,Winter,0,0,0,포레스트릿,카페라떼(ICE)
2024-01-03,8,1,Winter,0,0,0,포레스트릿,카페라떼(ICE)
2024-01-04,12,1,Winter,0,0,0,포레스트릿,카페라떼(ICE)
2024-01-05,9,1,Winter,0,0,0,포레스트릿,카페라떼(ICE)
2024-01-06,27,1,Winter,1,0,1,포레스트릿,카페라떼(ICE)
2024-01-07,8,1,Winter,1,0,1,포레스트릿,카페라떼(ICE)
2024-01-08,11,1,Winter,0,0,0,포레스트릿,카페라떼(ICE)
2024-01-09,7,1,Winter,0,0,0,포레스트릿,카페라떼(ICE)
2024-01-10,5,1,Winter,0,0,0,포레스트릿,카페라떼(ICE)
2024-01-11,3,1,Winter,0,0,0,포레스트릿,카페라떼(ICE)
2024-01-12,30,1,Winter,0,0,0,포레스트릿,카페라떼(ICE)
2024-01-13,31,1,Winter,1,0,1,포레스트릿,카페라떼(ICE)
2024-01-14,9,1,Winter,1,0,1,포레스트릿,카페라떼(ICE)
2024-01-15,12,1,Winter,0,0,0,포레스트릿,카페라떼(ICE)
2024-01-16,10,1,Winter,0,0,0,포레스트릿,카페라떼(ICE)
2024-01-17,5,1,Winter,0,0,0,포레스트릿,카페라떼(ICE)
2024-01-18,21,1,Winter,0,0,0,포레스트릿,카페라떼(ICE)
2024-01-19,25,1,Winter,0,0,0,포레스트릿,카페라떼(ICE)
2024-01-20,30,1,Winter,1,0,1,포레스트릿,카페라떼(ICE)
2024-01-21,22,1,Winter,1,0,1,포레스트릿,카페라떼(ICE)
2024-01-22,3,1,Winter,0,0,0,포레스트릿,카페라떼(ICE)
2024-01-23,2,1,Winter,0,0,0,포레스트릿,카페라떼(ICE)
2024-01-24,4,1,Winter,0,0,0,포레스트릿,카페라떼(ICE)
2024-01-25,7,1,Winter,0,0,0,포레스트릿,카페라떼(ICE)
2024-01-26,17,1,Winter,0,0,0,포레스트릿,카페라떼(ICE)
2024-01-27,35,1,Winter,1,0,1,포레스트릿,카페라떼(ICE)
2024-01-28,17,1,Winter,1,0,1,포레스트릿,카페라떼(ICE)
2024-01-29,11,1,Winter,0,0,0,포레스트릿,카페라떼(ICE)
2024-01-30,13,1,Winter,0,0,0,포레스트릿,카페라떼(ICE)
2024-01-31,18,1,Winter,0,0,0,포레스트릿,카페라떼(ICE)
2024-02-01,10,2,Winter,0,0,0,포레스트릿,카페라떼(ICE)
2024-02-02,22,2,Winter,0,0,0,포레스트릿,카페라떼(ICE)
2024-02-03,25,2,Winter,1,0,1,포레스트릿,카페라떼(ICE)
2024-02-04,33,2,Winter,1,0,1,포레스트릿,카페라떼(ICE)
2024-02-05,6,2,Winter,0,0,0,포레스트릿,카페라떼(ICE)
2024-02-06,9,2,Winter,0,0,0,포레스트릿,카페라떼(ICE)
2024-02-07,4,2,Winter,0,0,0,포레스트릿,카페라떼(ICE)
2024-02-08,12,2,Winter,0,0,0,포레스트릿,카페라떼(ICE)
2024-02-09,15,2,Winter,0,1,1,포레스트릿,카페라떼(ICE)
2024-02-10,18,2,Winter,1,1,1,포레스트릿,카페라떼(ICE)
2024-02-11,21,2,Winter,1,1,1,포레스트릿,카페라떼(ICE)
2024-02-12,34,2,Winter,0,1,1,포레스트릿,카페라떼(ICE)
2024-02-13,19,2,Winter,0,0,0,포레스트릿,카페라떼(ICE)
2024-02-14,12,2,Winter,0,0,0,포레스트릿,카페라떼(ICE)
2024-02-15,3,2,Winter,0,0,0,포레스트릿,카페라떼(ICE)
2024-02-16,8,2,Winter,0,0,0,포레스트릿,카페라떼(ICE)
2024-02-17,52,2,Winter,1,0,1,포레스트릿,카페라떼(ICE)
2024-02-18,13,2,Winter,1,0,1,포레스트릿,카페라떼(ICE)
2024-02-19,3,2,Winter,0,0,0,포레스트릿,카페라떼(ICE)
2024-02-20,8,2,Winter,0,0,0,포레스트릿,카페라떼(ICE)
2024-02-21,2,2,Winter,0,0,0,포레스트릿,카페라떼(ICE)
2024-02-22,10,2,Winter,0,0,0,포레스트릿,카페라떼(ICE)
2024-02-23,14,2,Winter,0,0,0,포레스트릿,카페라떼(ICE)
2024-02-24,26,2,Winter,1,0,1,포레스트릿,카페라떼(ICE)
2024-02-25,22,2,Winter,1,0,1,포레스트릿,카페라떼(ICE)
2024-02-26,16,2,Winter,0,0,0,포레스트릿,카페라떼(ICE)
2024-02-27,4,2,Winter,0,0,0,포레스트릿,카페라떼(ICE)
2024-02-28,4,2,Winter,0,0,0,포레스트릿,카페라떼(ICE)
2024-02-29,6,2,Winter,0,0,0,포레스트릿,카페라떼(ICE)
2024-03-01,4,3,Spring,0,1,1,포레스트릿,카페라떼(ICE)
2024-03-02,2,3,Spring,1,0,1,포레스트릿,카페라떼(ICE)
2024-03-03,2,3,Spring,1,0,1,포레스트릿,카페라떼(ICE)
2024-03-04,0,3,Spring,0,0,0,포레스트릿,카페라떼(ICE)
2024-03-05,0,3,Spring,0,0,0,포레스트릿,카페라떼(ICE)
2024-03-06,0,3,Spring,0,0,0,포레스트릿,카페라떼(ICE)
2024-03-07,0,3,Spring,0,0,0,포레스트릿,카페라떼(ICE)
2024-03-08,0,3,Spring,0,0,0,포레스트릿,카페라떼(ICE)
2024-03-09,0,3,Spring,1,0,1,포레스트릿,카페라떼(ICE)
2024-03-10,0,3,Spring,1,0,1,포레스트릿,카페라떼(ICE)
2024-03-11,0,3,Spring,0,0,0,포레스트릿,카페라떼(ICE)
2024-03-12,0,3,Spring,0,0,0,포레스트릿,카페라떼(ICE)
2024-03-13,0,3,Spring,0,0,0,포레스트릿,카페라떼(ICE)
2024-03-14,0,3,Spring,0,0,0,포레스트릿,카페라떼(ICE)
2024-03-15,0,3,Spring,0,0,0,포레스트릿,카페라떼(ICE)
2024-03-16,0,3,Spring,1,0,1,포레스트릿,카페라떼(ICE)
2024-03-17,0,3,Spring,1,0,1,포레스트릿,카페라떼(ICE)
2024-03-18,0,3,Spring,0,0,0,포레스트릿,카페라떼(ICE)
2024-03-19,0,3,Spring,0,0,0,포레스트릿,카페라떼(ICE)
2024-03-20,0,3,Spring,0,0,0,포레스트릿,카페라떼(ICE)
2024-03-21,0,3,Spring,0,0,0,포레스트릿,카페라떼(ICE)
2024-03-22,0,3,Spring,0,0,0,포레스트릿,카페라떼(ICE)
2024-03-23,0,3,Spring,1,0,1,포레스트릿,카페라떼(ICE)
2024-03-24,0,3,Spring,1,0,1,포레스트릿,카페라떼(ICE)
2024-03-25,0,3,Spring,0,0,0,포레스트릿,카페라떼(ICE)
2024-03-26,0,3,Spring,0,0,0,포레스트릿,카페라떼(ICE)
2024-03-27,0,3,Spring,0,0,0,포레스트릿,카페라떼(ICE)
2024-03-28,0,3,Spring,0,0,0,포레스트릿,카페라떼(ICE)
2024-03-29,0,3,Spring,0,0,0,포레스트릿,카페라떼(ICE)
2024-03-30,2,3,Spring,1,0,1,포레스트릿,카페라떼(ICE)
2024-03-31,7,3,Spring,1,0,1,포레스트릿,카페라떼(ICE)
2024-04-01,0,4,Spring,0,0,0,포레스트릿,카페라떼(ICE)
2024-04-02,3,4,Spring,0,0,0,포레스트릿,카페라떼(ICE)
2024-04-03,1,4,Spring,0,0,0,포레스트릿,카페라떼(ICE)
2024-04-04,2,4,Spring,0,0,0,포레스트릿,카페라떼(ICE)
2024-04-05,6,4,Spring,0,0,0,포레스트릿,카페라떼(ICE)
2024-04-06,5,4,Spring,1,0,1,포레스트릿,카페라떼(ICE)
2024-04-07,10,4,Spring,1,0,1,포레스트릿,카페라떼(ICE)
2024-04-08,0,4,Spring,0,0,0,포레스트릿,카페라떼(ICE)
2024-04-09,7,4,Spring,0,0,0,포레스트릿,카페라떼(ICE)
2024-04-10,3,4,Spring,0,1,1,포레스트릿,카페라떼(ICE)
2024-04-11,4,4,Spring,0,0,0,포레스트릿,카페라떼(ICE)
2024-04-12,5,4,Spring,0,0,0,포레스트릿,카페라떼(ICE)
2024-04-13,10,4,Spring,1,0,1,포레스트릿,카페라떼(ICE)
2024-04-14,16,4,Spring,1,0,1,포레스트릿,카페라떼(ICE)
2024-04-15,0,4,Spring,0,0,0,포레스트릿,카페라떼(ICE)
2024-04-16,3,4,Spring,0,0,0,포레스트릿,카페라떼(ICE)
2024-04-17,5,4,Spring,0,0,0,포레스트릿,카페라떼(ICE)
2024-04-18,4,4,Spring,0,0,0,포레스트릿,카페라떼(ICE)
2024-04-19,2,4,Spring,0,0,0,포레스트릿,카페라떼(ICE)
2024-04-20,0,4,Spring,1,0,1,포레스트릿,카페라떼(ICE)
2024-04-21,3,4,Spring,1,0,1,포레스트릿,카페라떼(ICE)
2024-04-22,0,4,Spring,0,0,0,포레스트릿,카페라떼(ICE)
2024-04-23,0,4,Spring,0,0,0,포레스트릿,카페라떼(ICE)
2024-04-24,0,4,Spring,0,0,0,포레스트릿,카페라떼(ICE)
2024-04-25,0,4,Spring,0,0,0,포레스트릿,카페라떼(ICE)
2024-04-26,0,4,Spring,0,0,0,포레스트릿,카페라떼(ICE)
2024-04-27,16,4,Spring,1,0,1,포레스트릿,카페라떼(ICE)
2024-04-28,18,4,Spring,1,0,1,포레스트릿,카페라떼(ICE)
2024-04-29,0,4,Spring,0,0,0,포레스트릿,카페라떼(ICE)
2024-04-30,0,4,Spring,0,0,0,포레스트릿,카페라떼(ICE)
2024-05-01,0,5,Spring,0,0,0,포레스트릿,카페라떼(ICE)
2024-05-02,0,5,Spring,0,0,0,포레스트릿,카페라떼(ICE)
2024-05-03,0,5,Spring,0,0,0,포레스트릿,카페라떼(ICE)
2024-05-04,13,5,Spring,1,0,1,포레스트릿,카페라떼(ICE)
2024-05-05,0,5,Spring,1,1,1,포레스트릿,카페라떼(ICE)
2024-05-06,0,5,Spring,0,1,1,포레스트릿,카페라떼(ICE)
2024-05-07,0,5,Spring,0,0,0,포레스트릿,카페라떼(ICE)
2024-05-08,0,5,Spring,0,0,0,포레스트릿,카페라떼(ICE)
2024-05-09,0,5,Spring,0,0,0,포레스트릿,카페라떼(ICE)
2024-05-10,0,5,Spring,0,0,0,포레스트릿,카페라떼(ICE)
2024-05-11,4,5,Spring,1,0,1,포레스트릿,카페라떼(ICE)
2024-05-12,9,5,Spring,1,0,1,포레스트릿,카페라떼(ICE)
2024-05-13,0,5,Spring,0,0,0,포레스트릿,카페라떼(ICE)
2024-05-14,0,5,Spring,0,0,0,포레스트릿,카페라떼(ICE)
2024-05-15,2,5,Spring,0,1,1,포레스트릿,카페라떼(ICE)
2024-05-16,0,5,Spring,0,0,0,포레스트릿,카페라떼(ICE)
2024-05-17,0,5,Spring,0,0,0,포레스트릿,카페라떼(ICE)
2024-05-18,17,5,Spring,1,0,1,포레스트릿,카페라떼(ICE)
2024-05-19,16,5,Spring,1,0,1,포레스트릿,카페라떼(ICE)
2024-05-20,0,5,Spring,0,0,0,포레스트릿,카페라떼(ICE)
2024-05-21,0,5,Spring,0,0,0,포레스트릿,카페라떼(ICE)
2024-05-22,0,5,Spring,0,0,0,포레스트릿,카페라떼(ICE)
2024-05-23,0,5,Spring,0,0,0,포레스트릿,카페라떼(ICE)
2024-05-24,0,5,Spring,0,0,0,포레스트릿,카페라떼(ICE)
2024-05-25,11,5,Spring,1,0,1,포레스트릿,카페라떼(ICE)
2024-05-26,7,5,Spring,1,0,1,포레스트릿,카페라떼(ICE)
2024-05-27,0,5,Spring,0,0,0,포레스트릿,카페라떼(ICE)
2024-05-28,0,5,Spring,0,0,0,포레스트릿,카페라떼(ICE)
2024-05-29,0,5,Spring,0,0,0,포레스트릿,카페라떼(ICE)
2024-05-30,0,5,Spring,0,0,0,포레스트릿,카페라떼(ICE)
2024-05-31,0,5,Spring,0,0,0,포레스트릿,카페라떼(ICE)
2024-06-01,13,6,Summer,1,0,1,포레스트릿,카페라떼(ICE)
2024-06-02,11,6,Summer,1,0,1,포레스트릿,카페라떼(ICE)
2024-06-03,0,6,Summer,0,0,0,포레스트릿,카페라떼(ICE)
2024-06-04,0,6,Summer,0,0,0,포레스트릿,카페라떼(ICE)
2024-06-05,0,6,Summer,0,0,0,포레스트릿,카페라떼(ICE)
2024-06-06,16,6,Summer,0,1,1,포레스트릿,카페라떼(ICE)
2024-06-07,0,6,Summer,0,0,0,포레스트릿,카페라떼(ICE)
2024-06-08,3,6,Summer,1,0,1,포레스트릿,카페라떼(ICE)
2024-06-09,18,6,Summer,1,0,1,포레스트릿,카페라떼(ICE)
2024-06-10,0,6,Summer,0,0,0,포레스트릿,카페라떼(ICE)
2024-06-11,0,6,Summer,0,0,0,포레스트릿,카페라떼(ICE)
2024-06-12,0,6,Summer,0,0,0,포레스트릿,카페라떼(ICE)
2024-06-13,0,6,Summer,0,0,0,포레스트릿,카페라떼(ICE)
2024-06-14,0,6,Summer,0,0,0,포레스트릿,카페라떼(ICE)
2024-06-15,4,6,Summer,1,0,1,포레스트릿,카페라떼(ICE)
2023-01-01,164,1,Winter,1,1,1,포레스트릿,코카콜라
2023-01-02,108,1,Winter,0,0,0,포레스트릿,코카콜라
2023-01-03,94,1,Winter,0,0,0,포레스트릿,코카콜라
2023-01-04,125,1,Winter,0,0,0,포레스트릿,코카콜라
2023-01-05,152,1,Winter,0,0,0,포레스트릿,코카콜라
2023-01-06,285,1,Winter,0,0,0,포레스트릿,코카콜라
2023-01-07,460,1,Winter,1,0,1,포레스트릿,코카콜라
2023-01-08,299,1,Winter,1,0,1,포레스트릿,코카콜라
2023-01-09,233,1,Winter,0,0,0,포레스트릿,코카콜라
2023-01-10,234,1,Winter,0,0,0,포레스트릿,코카콜라
2023-01-11,240,1,Winter,0,0,0,포레스트릿,코카콜라
2023-01-12,209,1,Winter,0,0,0,포레스트릿,코카콜라
2023-01-13,144,1,Winter,0,0,0,포레스트릿,코카콜라
2023-01-14,253,1,Winter,1,0,1,포레스트릿,코카콜라
2023-01-15,192,1,Winter,1,0,1,포레스트릿,코카콜라
2023-01-16,168,1,Winter,0,0,0,포레스트릿,코카콜라
2023-01-17,200,1,Winter,0,0,0,포레스트릿,코카콜라
2023-01-18,185,1,Winter,0,0,0,포레스트릿,코카콜라
2023-01-19,244,1,Winter,0,0,0,포레스트릿,코카콜라
2023-01-20,211,1,Winter,0,0,0,포레스트릿,코카콜라
2023-01-21,257,1,Winter,1,1,1,포레스트릿,코카콜라
2023-01-22,262,1,Winter,1,1,1,포레스트릿,코카콜라
2023-01-23,427,1,Winter,0,1,1,포레스트릿,코카콜라
2023-01-24,45,1,Winter,0,1,1,포레스트릿,코카콜라
2023-01-25,62,1,Winter,0,0,0,포레스트릿,코카콜라
2023-01-26,152,1,Winter,0,0,0,포레스트릿,코카콜라
2023-01-27,176,1,Winter,0,0,0,포레스트릿,코카콜라
2023-01-28,390,1,Winter,1,0,1,포레스트릿,코카콜라
2023-01-29,258,1,Winter,1,0,1,포레스트릿,코카콜라
2023-01-30,170,1,Winter,0,0,0,포레스트릿,코카콜라
2023-01-31,193,1,Winter,0,0,0,포레스트릿,코카콜라
2023-02-01,147,2,Winter,0,0,0,포레스트릿,코카콜라
2023-02-02,155,2,Winter,0,0,0,포레스트릿,코카콜라
2023-02-03,244,2,Winter,0,0,0,포레스트릿,코카콜라
2023-02-04,511,2,Winter,1,0,1,포레스트릿,코카콜라
2023-02-05,287,2,Winter,1,0,1,포레스트릿,코카콜라
2023-02-06,213,2,Winter,0,0,0,포레스트릿,코카콜라
2023-02-07,185,2,Winter,0,0,0,포레스트릿,코카콜라
2023-02-08,155,2,Winter,0,0,0,포레스트릿,코카콜라
2023-02-09,248,2,Winter,0,0,0,포레스트릿,코카콜라
2023-02-10,251,2,Winter,0,0,0,포레스트릿,코카콜라
2023-02-11,518,2,Winter,1,0,1,포레스트릿,코카콜라
2023-02-12,107,2,Winter,1,0,1,포레스트릿,코카콜라
2023-02-13,192,2,Winter,0,0,0,포레스트릿,코카콜라
2023-02-14,182,2,Winter,0,0,0,포레스트릿,코카콜라
2023-02-15,135,2,Winter,0,0,0,포레스트릿,코카콜라
2023-02-16,170,2,Winter,0,0,0,포레스트릿,코카콜라
2023-02-17,366,2,Winter,0,0,0,포레스트릿,코카콜라
2023-02-18,404,2,Winter,1,0,1,포레스트릿,코카콜라
2023-02-19,20,2,Winter,1,0,1,포레스트릿,코카콜라
2023-02-20,0,2,Winter,0,0,0,포레스트릿,코카콜라
2023-02-21,108,2,Winter,0,0,0,포레스트릿,코카콜라
2023-02-22,128,2,Winter,0,0,0,포레스트릿,코카콜라
2023-02-23,84,2,Winter,0,0,0,포레스트릿,코카콜라
2023-02-24,147,2,Winter,0,0,0,포레스트릿,코카콜라
2023-02-25,232,2,Winter,1,0,1,포레스트릿,코카콜라
2023-02-26,170,2,Winter,1,0,1,포레스트릿,코카콜라
2023-02-27,95,2,Winter,0,0,0,포레스트릿,코카콜라
2023-02-28,118,2,Winter,0,0,0,포레스트릿,코카콜라
2023-03-01,48,3,Spring,0,1,1,포레스트릿,코카콜라
2023-03-02,0,3,Spring,0,0,0,포레스트릿,코카콜라
2023-03-03,0,3,Spring,0,0,0,포레스트릿,코카콜라
2023-03-04,0,3,Spring,1,0,1,포레스트릿,코카콜라
2023-03-05,0,3,Spring,1,0,1,포레스트릿,코카콜라
2023-03-06,0,3,Spring,0,0,0,포레스트릿,코카콜라
2023-03-07,0,3,Spring,0,0,0,포레스트릿,코카콜라
2023-03-08,0,3,Spring,0,0,0,포레스트릿,코카콜라
2023-03-09,0,3,Spring,0,0,0,포레스트릿,코카콜라
2023-03-10,0,3,Spring,0,0,0,포레스트릿,코카콜라
2023-03-11,0,3,Spring,1,0,1,포레스트릿,코카콜라
2023-03-12,-4,3,Spring,1,0,1,포레스트릿,코카콜라
2023-03-13,0,3,Spring,0,0,0,포레스트릿,코카콜라
2023-03-14,0,3,Spring,0,0,0,포레스트릿,코카콜라
2023-03-15,0,3,Spring,0,0,0,포레스트릿,코카콜라
2023-03-16,0,3,Spring,0,0,0,포레스트릿,코카콜라
2023-03-17,0,3,Spring,0,0,0,포레스트릿,코카콜라
2023-03-18,0,3,Spring,1,0,1,포레스트릿,코카콜라
2023-03-19,0,3,Spring,1,0,1,포레스트릿,코카콜라
2023-03-20,0,3,Spring,0,0,0,포레스트릿,코카콜라
2023-03-21,0,3,Spring,0,0,0,포레스트릿,코카콜라
2023-03-22,0,3,Spring,0,0,0,포레스트릿,코카콜라
2023-03-23,0,3,Spring,0,0,0,포레스트릿,코카콜라
2023-03-24,0,3,Spring,0,0,0,포레스트릿,코카콜라
2023-03-25,0,3,Spring,1,0,1,포레스트릿,코카콜라
2023-03-26,0,3,Spring,1,0,1,포레스트릿,코카콜라
2023-03-27,0,3,Spring,0,0,0,포레스트릿,코카콜라
2023-03-28,0,3,Spring,0,0,0,포레스트릿,코카콜라
2023-03-29,0,3,Spring,0,0,0,포레스트릿,코카콜라
2023-03-30,0,3,Spring,0,0,0,포레스트릿,코카콜라
2023-03-31,0,3,Spring,0,0,0,포레스트릿,코카콜라
2023-04-01,17,4,Spring,1,0,1,포레스트릿,코카콜라
2023-04-02,3,4,Spring,1,0,1,포레스트릿,코카콜라
2023-04-03,0,4,Spring,0,0,0,포레스트릿,코카콜라
2023-04-04,0,4,Spring,0,0,0,포레스트릿,코카콜라
2023-04-05,0,4,Spring,0,0,0,포레스트릿,코카콜라
2023-04-06,0,4,Spring,0,0,0,포레스트릿,코카콜라
2023-04-07,0,4,Spring,0,0,0,포레스트릿,코카콜라
2023-04-08,0,4,Spring,1,0,1,포레스트릿,코카콜라
2023-04-09,1,4,Spring,1,0,1,포레스트릿,코카콜라
2023-04-10,0,4,Spring,0,0,0,포레스트릿,코카콜라
2023-04-11,0,4,Spring,0,0,0,포레스트릿,코카콜라
2023-04-12,0,4,Spring,0,0,0,포레스트릿,코카콜라
2023-04-13,0,4,Spring,0,0,0,포레스트릿,코카콜라
2023-04-14,1,4,Spring,0,0,0,포레스트릿,코카콜라
2023-04-15,0,4,Spring,1,0,1,포레스트릿,코카콜라
2023-04-16,3,4,Spring,1,0,1,포레스트릿,코카콜라
2023-04-17,0,4,Spring,0,0,0,포레스트릿,코카콜라
2023-04-18,0,4,Spring,0,0,0,포레스트릿,코카콜라
2023-04-19,0,4,Spring,0,0,0,포레스트릿,코카콜라
2023-04-20,0,4,Spring,0,0,0,포레스트릿,코카콜라
2023-04-21,0,4,Spring,0,0,0,포레스트릿,코카콜라
2023-04-22,10,4,Spring,1,0,1,포레스트릿,코카콜라
2023-04-23,9,4,Spring,1,0,1,포레스트릿,코카콜라
2023-04-24,0,4,Spring,0,0,0,포레스트릿,코카콜라
2023-04-25,0,4,Spring,0,0,0,포레스트릿,코카콜라
2023-04-26,0,4,Spring,0,0,0,포레스트릿,코카콜라
2023-04-27,0,4,Spring,0,0,0,포레스트릿,코카콜라
2023-04-28,8,4,Spring,0,0,0,포레스트릿,코카콜라
2023-04-29,0,4,Spring,1,0,1,포레스트릿,코카콜라
2023-04-30,21,4,Spring,1,0,1,포레스트릿,코카콜라
2023-05-01,3,5,Spring,0,0,0,포레스트릿,코카콜라
2023-05-02,1,5,Spring,0,0,0,포레스트릿,코카콜라
2023-05-03,1,5,Spring,0,0,0,포레스트릿,코카콜라
2023-05-04,3,5,Spring,0,0,0,포레스트릿,코카콜라
2023-05-05,0,5,Spring,0,1,1,포레스트릿,코카콜라
2023-05-06,3,5,Spring,1,0,1,포레스트릿,코카콜라
2023-05-07,2,5,Spring,1,0,1,포레스트릿,코카콜라
2023-05-08,0,5,Spring,0,0,0,포레스트릿,코카콜라
2023-05-09,1,5,Spring,0,0,0,포레스트릿,코카콜라
2023-05-10,1,5,Spring,0,0,0,포레스트릿,코카콜라
2023-05-11,1,5,Spring,0,0,0,포레스트릿,코카콜라
2023-05-12,2,5,Spring,0,0,0,포레스트릿,코카콜라
2023-05-13,15,5,Spring,1,0,1,포레스트릿,코카콜라
2023-05-14,8,5,Spring,1,0,1,포레스트릿,코카콜라
2023-05-15,0,5,Spring,0,0,0,포레스트릿,코카콜라
2023-05-16,2,5,Spring,0,0,0,포레스트릿,코카콜라
2023-05-17,0,5,Spring,0,0,0,포레스트릿,코카콜라
2023-05-18,0,5,Spring,0,0,0,포레스트릿,코카콜라
2023-05-19,2,5,Spring,0,0,0,포레스트릿,코카콜라
2023-05-20,13,5,Spring,1,0,1,포레스트릿,코카콜라
2023-05-21,8,5,Spring,1,0,1,포레스트릿,코카콜라
2023-05-22,0,5,Spring,0,0,0,포레스트릿,코카콜라
2023-05-23,1,5,Spring,0,0,0,포레스트릿,코카콜라
2023-05-24,0,5,Spring,0,0,0,포레스트릿,코카콜라
2023-05-25,4,5,Spring,0,0,0,포레스트릿,코카콜라
2023-05-26,4,5,Spring,0,0,0,포레스트릿,코카콜라
2023-05-27,0,5,Spring,1,1,1,포레스트릿,코카콜라
2023-05-28,0,5,Spring,1,0,1,포레스트릿,코카콜라
2023-05-29,4,5,Spring,0,1,1,포레스트릿,코카콜라
2023-05-30,0,5,Spring,0,0,0,포레스트릿,코카콜라
2023-05-31,0,5,Spring,0,0,0,포레스트릿,코카콜라
2023-06-01,0,6,Summer,0,0,0,포레스트릿,코카콜라
2023-06-02,2,6,Summer,0,0,0,포레스트릿,코카콜라
2023-06-03,9,6,Summer,1,0,1,포레스트릿,코카콜라
2023-06-04,10,6,Summer,1,0,1,포레스트릿,코카콜라
2023-06-05,12,6,Summer,0,0,0,포레스트릿,코카콜라
2023-06-06,10,6,Summer,0,1,1,포레스트릿,코카콜라
2023-06-07,1,6,Summer,0,0,0,포레스트릿,코카콜라
2023-06-08,1,6,Summer,0,0,0,포레스트릿,코카콜라
2023-06-09,1,6,Summer,0,0,0,포레스트릿,코카콜라
2023-06-10,2,6,Summer,1,0,1,포레스트릿,코카콜라
2023-06-11,3,6,Summer,1,0,1,포레스트릿,코카콜라
2023-06-12,0,6,Summer,0,0,0,포레스트릿,코카콜라
2023-06-13,0,6,Summer,0,0,0,포레스트릿,코카콜라
2023-06-14,1,6,Summer,0,0,0,포레스트릿,코카콜라
2023-06-15,2,6,Summer,0,0,0,포레스트릿,코카콜라
2023-06-16,2,6,Summer,0,0,0,포레스트릿,코카콜라
2023-06-17,17,6,Summer,1,0,1,포레스트릿,코카콜라
2023-06-18,6,6,Summer,1,0,1,포레스트릿,코카콜라
2023-06-19,0,6,Summer,0,0,0,포레스트릿,코카콜라
2023-06-20,0,6,Summer,0,0,0,포레스트릿,코카콜라
2023-06-21,0,6,Summer,0,0,0,포레스트릿,코카콜라
2023-06-22,0,6,Summer,0,0,0,포레스트릿,코카콜라
2023-06-23,1,6,Summer,0,0,0,포레스트릿,코카콜라
2023-06-24,5,6,Summer,1,0,1,포레스트릿,코카콜라
2023-06-25,3,6,Summer,1,0,1,포레스트릿,코카콜라
2023-06-26,2,6,Summer,0,0,0,포레스트릿,코카콜라
2023-06-27,0,6,Summer,0,0,0,포레스트릿,코카콜라
2023-06-28,1,6,Summer,0,0,0,포레스트릿,코카콜라
2023-06-29,0,6,Summer,0,0,0,포레스트릿,코카콜라
2023-06-30,2,6,Summer,0,0,0,포레스트릿,코카콜라
2023-07-01,9,7,Summer,1,0,1,포레스트릿,코카콜라
2023-07-02,1,7,Summer,1,0,1,포레스트릿,코카콜라
2023-07-03,0,7,Summer,0,0,0,포레스트릿,코카콜라
2023-07-04,0,7,Summer,0,0,0,포레스트릿,코카콜라
2023-07-05,0,7,Summer,0,0,0,포레스트릿,코카콜라
2023-07-06,12,7,Summer,0,0,0,포레스트릿,코카콜라
2023-07-07,1,7,Summer,0,0,0,포레스트릿,코카콜라
2023-07-08,10,7,Summer,1,0,1,포레스트릿,코카콜라
2023-07-09,1,7,Summer,1,0,1,포레스트릿,코카콜라
2023-07-10,0,7,Summer,0,0,0,포레스트릿,코카콜라
2023-07-11,0,7,Summer,0,0,0,포레스트릿,코카콜라
2023-07-12,0,7,Summer,0,0,0,포레스트릿,코카콜라
2023-07-13,0,7,Summer,0,0,0,포레스트릿,코카콜라
2023-07-14,0,7,Summer,0,0,0,포레스트릿,코카콜라
2023-07-15,0,7,Summer,1,0,1,포레스트릿,코카콜라
2023-07-16,0,7,Summer,1,0,1,포레스트릿,코카콜라
2023-07-17,1,7,Summer,0,0,0,포레스트릿,코카콜라
2023-07-18,0,7,Summer,0,0,0,포레스트릿,코카콜라
2023-07-19,5,7,Summer,0,0,0,포레스트릿,코카콜라
2023-07-20,4,7,Summer,0,0,0,포레스트릿,코카콜라
2023-07-21,1,7,Summer,0,0,0,포레스트릿,코카콜라
2023-07-22,2,7,Summer,1,0,1,포레스트릿,코카콜라
2023-07-23,0,7,Summer,1,0,1,포레스트릿,코카콜라
2023-07-24,5,7,Summer,0,0,0,포레스트릿,코카콜라
2023-07-25,4,7,Summer,0,0,0,포레스트릿,코카콜라
2023-07-26,2,7,Summer,0,0,0,포레스트릿,코카콜라
2023-07-27,4,7,Summer,0,0,0,포레스트릿,코카콜라
2023-07-28,2,7,Summer,0,0,0,포레스트릿,코카콜라
2023-07-29,5,7,Summer,1,0,1,포레스트릿,코카콜라
2023-07-30,6,7,Summer,1,0,1,포레스트릿,코카콜라
2023-07-31,4,7,Summer,0,0,0,포레스트릿,코카콜라
2023-08-01,8,8,Summer,0,0,0,포레스트릿,코카콜라
2023-08-02,7,8,Summer,0,0,0,포레스트릿,코카콜라
2023-08-03,2,8,Summer,0,0,0,포레스트릿,코카콜라
2023-08-04,3,8,Summer,0,0,0,포레스트릿,코카콜라
2023-08-05,6,8,Summer,1,0,1,포레스트릿,코카콜라
2023-08-06,6,8,Summer,1,0,1,포레스트릿,코카콜라
2023-08-07,9,8,Summer,0,0,0,포레스트릿,코카콜라
2023-08-08,0,8,Summer,0,0,0,포레스트릿,코카콜라
2023-08-09,2,8,Summer,0,0,0,포레스트릿,코카콜라
2023-08-10,0,8,Summer,0,0,0,포레스트릿,코카콜라
2023-08-11,0,8,Summer,0,0,0,포레스트릿,코카콜라
2023-08-12,4,8,Summer,1,0,1,포레스트릿,코카콜라
2023-08-13,9,8,Summer,1,0,1,포레스트릿,코카콜라
2023-08-14,11,8,Summer,0,0,0,포레스트릿,코카콜라
2023-08-15,8,8,Summer,0,1,1,포레스트릿,코카콜라
2023-08-16,4,8,Summer,0,0,0,포레스트릿,코카콜라
2023-08-17,1,8,Summer,0,0,0,포레스트릿,코카콜라
2023-08-18,2,8,Summer,0,0,0,포레스트릿,코카콜라
2023-08-19,13,8,Summer,1,0,1,포레스트릿,코카콜라
2023-08-20,5,8,Summer,1,0,1,포레스트릿,코카콜라
2023-08-21,0,8,Summer,0,0,0,포레스트릿,코카콜라
2023-08-22,0,8,Summer,0,0,0,포레스트릿,코카콜라
2023-08-23,0,8,Summer,0,0,0,포레스트릿,코카콜라
2023-08-24,1,8,Summer,0,0,0,포레스트릿,코카콜라
2023-08-25,1,8,Summer,0,0,0,포레스트릿,코카콜라
2023-08-26,6,8,Summer,1,0,1,포레스트릿,코카콜라
2023-08-27,5,8,Summer,1,0,1,포레스트릿,코카콜라
2023-08-28,0,8,Summer,0,0,0,포레스트릿,코카콜라
2023-08-29,0,8,Summer,0,0,0,포레스트릿,코카콜라
2023-08-30,0,8,Summer,0,0,0,포레스트릿,코카콜라
2023-08-31,0,8,Summer,0,0,0,포레스트릿,코카콜라
2023-09-01,0,9,Autumn,0,0,0,포레스트릿,코카콜라
2023-09-02,14,9,Autumn,1,0,1,포레스트릿,코카콜라
2023-09-03,2,9,Autumn,1,0,1,포레스트릿,코카콜라
2023-09-04,0,9,Autumn,0,0,0,포레스트릿,코카콜라
2023-09-05,0,9,Autumn,0,0,0,포레스트릿,코카콜라
2023-09-06,0,9,Autumn,0,0,0,포레스트릿,코카콜라
2023-09-07,0,9,Autumn,0,0,0,포레스트릿,코카콜라
2023-09-08,2,9,Autumn,0,0,0,포레스트릿,코카콜라
2023-09-09,14,9,Autumn,1,0,1,포레스트릿,코카콜라
2023-09-10,2,9,Autumn,1,0,1,포레스트릿,코카콜라
2023-09-11,0,9,Autumn,0,0,0,포레스트릿,코카콜라
2023-09-12,0,9,Autumn,0,0,0,포레스트릿,코카콜라
2023-09-13,0,9,Autumn,0,0,0,포레스트릿,코카콜라
2023-09-14,0,9,Autumn,0,0,0,포레스트릿,코카콜라
2023-09-15,0,9,Autumn,0,0,0,포레스트릿,코카콜라
2023-09-16,0,9,Autumn,1,0,1,포레스트릿,코카콜라
2023-09-17,2,9,Autumn,1,0,1,포레스트릿,코카콜라
2023-09-18,0,9,Autumn,0,0,0,포레스트릿,코카콜라
2023-09-19,0,9,Autumn,0,0,0,포레스트릿,코카콜라
2023-09-20,0,9,Autumn,0,0,0,포레스트릿,코카콜라
2023-09-21,0,9,Autumn,0,0,0,포레스트릿,코카콜라
2023-09-22,0,9,Autumn,0,0,0,포레스트릿,코카콜라
2023-09-23,17,9,Autumn,1,0,1,포레스트릿,코카콜라
2023-09-24,6,9,Autumn,1,0,1,포레스트릿,코카콜라
2023-09-25,0,9,Autumn,0,0,0,포레스트릿,코카콜라
2023-09-26,0,9,Autumn,0,0,0,포레스트릿,코카콜라
2023-09-27,1,9,Autumn,0,0,0,포레스트릿,코카콜라
2023-09-28,6,9,Autumn,0,1,1,포레스트릿,코카콜라
2023-09-29,6,9,Autumn,0,1,1,포레스트릿,코카콜라
2023-09-30,7,9,Autumn,1,1,1,포레스트릿,코카콜라
2023-10-01,13,10,Autumn,1,0,1,포레스트릿,코카콜라
2023-10-02,9,10,Autumn,0,1,1,포레스트릿,코카콜라
2023-10-03,13,10,Autumn,0,1,1,포레스트릿,코카콜라
2023-10-04,2,10,Autumn,0,0,0,포레스트릿,코카콜라
2023-10-05,1,10,Autumn,0,0,0,포레스트릿,코카콜라
2023-10-06,3,10,Autumn,0,0,0,포레스트릿,코카콜라
2023-10-07,20,10,Autumn,1,0,1,포레스트릿,코카콜라
2023-10-08,19,10,Autumn,1,0,1,포레스트릿,코카콜라
2023-10-09,9,10,Autumn,0,1,1,포레스트릿,코카콜라
2023-10-10,2,10,Autumn,0,0,0,포레스트릿,코카콜라
2023-10-11,2,10,Autumn,0,0,0,포레스트릿,코카콜라
2023-10-12,2,10,Autumn,0,0,0,포레스트릿,코카콜라
2023-10-13,0,10,Autumn,0,0,0,포레스트릿,코카콜라
2023-10-14,6,10,Autumn,1,0,1,포레스트릿,코카콜라
2023-10-15,19,10,Autumn,1,0,1,포레스트릿,코카콜라
2023-10-16,0,10,Autumn,0,0,0,포레스트릿,코카콜라
2023-10-17,2,10,Autumn,0,0,0,포레스트릿,코카콜라
2023-10-18,2,10,Autumn,0,0,0,포레스트릿,코카콜라
2023-10-19,4,10,Autumn,0,0,0,포레스트릿,코카콜라
2023-10-20,2,10,Autumn,0,0,0,포레스트릿,코카콜라
2023-10-21,11,10,Autumn,1,0,1,포레스트릿,코카콜라
2023-10-22,14,10,Autumn,1,0,1,포레스트릿,코카콜라
2023-10-23,0,10,Autumn,0,0,0,포레스트릿,코카콜라
2023-10-24,0,10,Autumn,0,0,0,포레스트릿,코카콜라
2023-10-25,2,10,Autumn,0,0,0,포레스트릿,코카콜라
2023-10-26,2,10,Autumn,0,0,0,포레스트릿,코카콜라
2023-10-27,0,10,Autumn,0,0,0,포레스트릿,코카콜라
2023-10-28,11,10,Autumn,1,0,1,포레스트릿,코카콜라
2023-10-29,11,10,Autumn,1,0,1,포레스트릿,코카콜라
2023-10-30,0,10,Autumn,0,0,0,포레스트릿,코카콜라
2023-10-31,3,10,Autumn,0,0,0,포레스트릿,코카콜라
2023-11-01,3,11,Autumn,0,0,0,포레스트릿,코카콜라
2023-11-02,8,11,Autumn,0,0,0,포레스트릿,코카콜라
2023-11-03,12,11,Autumn,0,0,0,포레스트릿,코카콜라
2023-11-04,4,11,Autumn,1,0,1,포레스트릿,코카콜라
2023-11-05,3,11,Autumn,1,0,1,포레스트릿,코카콜라
2023-11-06,0,11,Autumn,0,0,0,포레스트릿,코카콜라
2023-11-07,2,11,Autumn,0,0,0,포레스트릿,코카콜라
2023-11-08,2,11,Autumn,0,0,0,포레스트릿,코카콜라
2023-11-09,4,11,Autumn,0,0,0,포레스트릿,코카콜라
2023-11-10,0,11,Autumn,0,0,0,포레스트릿,코카콜라
2023-11-11,0,11,Autumn,1,0,1,포레스트릿,코카콜라
2023-11-12,0,11,Autumn,1,0,1,포레스트릿,코카콜라
2023-11-13,0,11,Autumn,0,0,0,포레스트릿,코카콜라
2023-11-14,0,11,Autumn,0,0,0,포레스트릿,코카콜라
2023-11-15,0,11,Autumn,0,0,0,포레스트릿,코카콜라
2023-11-16,0,11,Autumn,0,0,0,포레스트릿,코카콜라
2023-11-17,0,11,Autumn,0,0,0,포레스트릿,코카콜라
2023-11-18,1,11,Autumn,1,0,1,포레스트릿,코카콜라
2023-11-19,0,11,Autumn,1,0,1,포레스트릿,코카콜라
2023-11-20,0,11,Autumn,0,0,0,포레스트릿,코카콜라
2023-11-21,0,11,Autumn,0,0,0,포레스트릿,코카콜라
2023-11-22,0,11,Autumn,0,0,0,포레스트릿,코카콜라
2023-11-23,0,11,Autumn,0,0,0,포레스트릿,코카콜라
2023-11-24,0,11,Autumn,0,0,0,포레스트릿,코카콜라
2023-11-25,0,11,Autumn,1,0,1,포레스트릿,코카콜라
2023-11-26,0,11,Autumn,1,0,1,포레스트릿,코카콜라
2023-11-27,0,11,Autumn,0,0,0,포레스트릿,코카콜라
2023-11-28,0,11,Autumn,0,0,0,포레스트릿,코카콜라
2023-11-29,0,11,Autumn,0,0,0,포레스트릿,코카콜라
2023-11-30,0,11,Autumn,0,0,0,포레스트릿,코카콜라
2023-12-01,0,12,Winter,0,0,0,포레스트릿,코카콜라
2023-12-02,0,12,Winter,1,0,1,포레스트릿,코카콜라
2023-12-03,0,12,Winter,1,0,1,포레스트릿,코카콜라
2023-12-04,0,12,Winter,0,0,0,포레스트릿,코카콜라
2023-12-05,0,12,Winter,0,0,0,포레스트릿,코카콜라
2023-12-06,0,12,Winter,0,0,0,포레스트릿,코카콜라
2023-12-07,7,12,Winter,0,0,0,포레스트릿,코카콜라
2023-12-08,99,12,Winter,0,0,0,포레스트릿,코카콜라
2023-12-09,219,12,Winter,1,0,1,포레스트릿,코카콜라
2023-12-10,125,12,Winter,1,0,1,포레스트릿,코카콜라
2023-12-11,2,12,Winter,0,0,0,포레스트릿,코카콜라
2023-12-12,30,12,Winter,0,0,0,포레스트릿,코카콜라
2023-12-13,37,12,Winter,0,0,0,포레스트릿,코카콜라
2023-12-14,4,12,Winter,0,0,0,포레스트릿,코카콜라
2023-12-15,2,12,Winter,0,0,0,포레스트릿,코카콜라
2023-12-16,19,12,Winter,1,0,1,포레스트릿,코카콜라
2023-12-17,10,12,Winter,1,0,1,포레스트릿,코카콜라
2023-12-18,47,12,Winter,0,0,0,포레스트릿,코카콜라
2023-12-19,58,12,Winter,0,0,0,포레스트릿,코카콜라
2023-12-20,36,12,Winter,0,0,0,포레스트릿,코카콜라
2023-12-21,36,12,Winter,0,0,0,포레스트릿,코카콜라
2023-12-22,48,12,Winter,0,0,0,포레스트릿,코카콜라
2023-12-23,124,12,Winter,1,0,1,포레스트릿,코카콜라
2023-12-24,163,12,Winter,1,0,1,포레스트릿,코카콜라
2023-12-25,60,12,Winter,0,1,1,포레스트릿,코카콜라
2023-12-26,84,12,Winter,0,0,0,포레스트릿,코카콜라
2023-12-27,122,12,Winter,0,0,0,포레스트릿,코카콜라
2023-12-28,139,12,Winter,0,0,0,포레스트릿,코카콜라
2023-12-29,182,12,Winter,0,0,0,포레스트릿,코카콜라
2023-12-30,168,12,Winter,1,0,1,포레스트릿,코카콜라
2023-12-31,164,12,Winter,1,0,1,포레스트릿,코카콜라
2024-01-01,179,1,Winter,0,1,1,포레스트릿,코카콜라
2024-01-02,91,1,Winter,0,0,0,포레스트릿,코카콜라
2024-01-03,48,1,Winter,0,0,0,포레스트릿,코카콜라
2024-01-04,83,1,Winter,0,0,0,포레스트릿,코카콜라
2024-01-05,131,1,Winter,0,0,0,포레스트릿,코카콜라
2024-01-06,202,1,Winter,1,0,1,포레스트릿,코카콜라
2024-01-07,78,1,Winter,1,0,1,포레스트릿,코카콜라
2024-01-08,79,1,Winter,0,0,0,포레스트릿,코카콜라
2024-01-09,75,1,Winter,0,0,0,포레스트릿,코카콜라
2024-01-10,75,1,Winter,0,0,0,포레스트릿,코카콜라
2024-01-11,113,1,Winter,0,0,0,포레스트릿,코카콜라
2024-01-12,170,1,Winter,0,0,0,포레스트릿,코카콜라
2024-01-13,321,1,Winter,1,0,1,포레스트릿,코카콜라
2024-01-14,95,1,Winter,1,0,1,포레스트릿,코카콜라
2024-01-15,89,1,Winter,0,0,0,포레스트릿,코카콜라
2024-01-16,88,1,Winter,0,0,0,포레스트릿,코카콜라
2024-01-17,76,1,Winter,0,0,0,포레스트릿,코카콜라
2024-01-18,152,1,Winter,0,0,0,포레스트릿,코카콜라
2024-01-19,275,1,Winter,0,0,0,포레스트릿,코카콜라
2024-01-20,256,1,Winter,1,0,1,포레스트릿,코카콜라
2024-01-21,147,1,Winter,1,0,1,포레스트릿,코카콜라
2024-01-22,35,1,Winter,0,0,0,포레스트릿,코카콜라
2024-01-23,23,1,Winter,0,0,0,포레스트릿,코카콜라
2024-01-24,30,1,Winter,0,0,0,포레스트릿,코카콜라
2024-01-25,54,1,Winter,0,0,0,포레스트릿,코카콜라
2024-01-26,190,1,Winter,0,0,0,포레스트릿,코카콜라
2024-01-27,296,1,Winter,1,0,1,포레스트릿,코카콜라
2024-01-28,128,1,Winter,1,0,1,포레스트릿,코카콜라
2024-01-29,105,1,Winter,0,0,0,포레스트릿,코카콜라
2024-01-30,118,1,Winter,0,0,0,포레스트릿,코카콜라
2024-01-31,97,1,Winter,0,0,0,포레스트릿,코카콜라
2024-02-01,111,2,Winter,0,0,0,포레스트릿,코카콜라
2024-02-02,188,2,Winter,0,0,0,포레스트릿,코카콜라
2024-02-03,303,2,Winter,1,0,1,포레스트릿,코카콜라
2024-02-04,234,2,Winter,1,0,1,포레스트릿,코카콜라
2024-02-05,44,2,Winter,0,0,0,포레스트릿,코카콜라
2024-02-06,76,2,Winter,0,0,0,포레스트릿,코카콜라
2024-02-07,77,2,Winter,0,0,0,포레스트릿,코카콜라
2024-02-08,147,2,Winter,0,0,0,포레스트릿,코카콜라
2024-02-09,93,2,Winter,0,1,1,포레스트릿,코카콜라
2024-02-10,119,2,Winter,1,1,1,포레스트릿,코카콜라
2024-02-11,219,2,Winter,1,1,1,포레스트릿,코카콜라
2024-02-12,145,2,Winter,0,1,1,포레스트릿,코카콜라
2024-02-13,114,2,Winter,0,0,0,포레스트릿,코카콜라
2024-02-14,92,2,Winter,0,0,0,포레스트릿,코카콜라
2024-02-15,29,2,Winter,0,0,0,포레스트릿,코카콜라
2024-02-16,147,2,Winter,0,0,0,포레스트릿,코카콜라
2024-02-17,226,2,Winter,1,0,1,포레스트릿,코카콜라
2024-02-18,60,2,Winter,1,0,1,포레스트릿,코카콜라
2024-02-19,17,2,Winter,0,0,0,포레스트릿,코카콜라
2024-02-20,14,2,Winter,0,0,0,포레스트릿,코카콜라
2024-02-21,11,2,Winter,0,0,0,포레스트릿,코카콜라
2024-02-22,59,2,Winter,0,0,0,포레스트릿,코카콜라
2024-02-23,100,2,Winter,0,0,0,포레스트릿,코카콜라
2024-02-24,120,2,Winter,1,0,1,포레스트릿,코카콜라
2024-02-25,79,2,Winter,1,0,1,포레스트릿,코카콜라
2024-02-26,27,2,Winter,0,0,0,포레스트릿,코카콜라
2024-02-27,48,2,Winter,0,0,0,포레스트릿,코카콜라
2024-02-28,27,2,Winter,0,0,0,포레스트릿,코카콜라
2024-02-29,43,2,Winter,0,0,0,포레스트릿,코카콜라
2024-03-01,34,3,Spring,0,1,1,포레스트릿,코카콜라
2024-03-02,24,3,Spring,1,0,1,포레스트릿,코카콜라
2024-03-03,19,3,Spring,1,0,1,포레스트릿,코카콜라
2024-03-04,0,3,Spring,0,0,0,포레스트릿,코카콜라
2024-03-05,0,3,Spring,0,0,0,포레스트릿,코카콜라
2024-03-06,0,3,Spring,0,0,0,포레스트릿,코카콜라
2024-03-07,0,3,Spring,0,0,0,포레스트릿,코카콜라
2024-03-08,0,3,Spring,0,0,0,포레스트릿,코카콜라
2024-03-09,0,3,Spring,1,0,1,포레스트릿,코카콜라
2024-03-10,0,3,Spring,1,0,1,포레스트릿,코카콜라
2024-03-11,0,3,Spring,0,0,0,포레스트릿,코카콜라
2024-03-12,0,3,Spring,0,0,0,포레스트릿,코카콜라
2024-03-13,0,3,Spring,0,0,0,포레스트릿,코카콜라
2024-03-14,0,3,Spring,0,0,0,포레스트릿,코카콜라
2024-03-15,0,3,Spring,0,0,0,포레스트릿,코카콜라
2024-03-16,0,3,Spring,1,0,1,포레스트릿,코카콜라
2024-03-17,0,3,Spring,1,0,1,포레스트릿,코카콜라
2024-03-18,0,3,Spring,0,0,0,포레스트릿,코카콜라
2024-03-19,0,3,Spring,0,0,0,포레스트릿,코카콜라
2024-03-20,0,3,Spring,0,0,0,포레스트릿,코카콜라
2024-03-21,0,3,Spring,0,0,0,포레스트릿,코카콜라
2024-03-22,0,3,Spring,0,0,0,포레스트릿,코카콜라
2024-03-23,0,3,Spring,1,0,1,포레스트릿,코카콜라
2024-03-24,0,3,Spring,1,0,1,포레스트릿,코카콜라
2024-03-25,0,3,Spring,0,0,0,포레스트릿,코카콜라
2024-03-26,0,3,Spring,0,0,0,포레스트릿,코카콜라
2024-03-27,4,3,Spring,0,0,0,포레스트릿,코카콜라
2024-03-28,0,3,Spring,0,0,0,포레스트릿,코카콜라
2024-03-29,0,3,Spring,0,0,0,포레스트릿,코카콜라
2024-03-30,4,3,Spring,1,0,1,포레스트릿,코카콜라
2024-03-31,4,3,Spring,1,0,1,포레스트릿,코카콜라
2024-04-01,0,4,Spring,0,0,0,포레스트릿,코카콜라
2024-04-02,2,4,Spring,0,0,0,포레스트릿,코카콜라
2024-04-03,1,4,Spring,0,0,0,포레스트릿,코카콜라
2024-04-04,0,4,Spring,0,0,0,포레스트릿,코카콜라
2024-04-05,0,4,Spring,0,0,0,포레스트릿,코카콜라
2024-04-06,4,4,Spring,1,0,1,포레스트릿,코카콜라
2024-04-07,3,4,Spring,1,0,1,포레스트릿,코카콜라
2024-04-08,0,4,Spring,0,0,0,포레스트릿,코카콜라
2024-04-09,5,4,Spring,0,0,0,포레스트릿,코카콜라
2024-04-10,1,4,Spring,0,1,1,포레스트릿,코카콜라
2024-04-11,0,4,Spring,0,0,0,포레스트릿,코카콜라
2024-04-12,0,4,Spring,0,0,0,포레스트릿,코카콜라
2024-04-13,3,4,Spring,1,0,1,포레스트릿,코카콜라
2024-04-14,5,4,Spring,1,0,1,포레스트릿,코카콜라
2024-04-15,0,4,Spring,0,0,0,포레스트릿,코카콜라
2024-04-16,0,4,Spring,0,0,0,포레스트릿,코카콜라
2024-04-17,3,4,Spring,0,0,0,포레스트릿,코카콜라
2024-04-18,1,4,Spring,0,0,0,포레스트릿,코카콜라
2024-04-19,0,4,Spring,0,0,0,포레스트릿,코카콜라
2024-04-20,0,4,Spring,1,0,1,포레스트릿,코카콜라
2024-04-21,2,4,Spring,1,0,1,포레스트릿,코카콜라
2024-04-22,0,4,Spring,0,0,0,포레스트릿,코카콜라
2024-04-23,0,4,Spring,0,0,0,포레스트릿,코카콜라
2024-04-24,0,4,Spring,0,0,0,포레스트릿,코카콜라
2024-04-25,0,4,Spring,0,0,0,포레스트릿,코카콜라
2024-04-26,0,4,Spring,0,0,0,포레스트릿,코카콜라
2024-04-27,10,4,Spring,1,0,1,포레스트릿,코카콜라
2024-04-28,11,4,Spring,1,0,1,포레스트릿,코카콜라
2024-04-29,0,4,Spring,0,0,0,포레스트릿,코카콜라
2024-04-30,0,4,Spring,0,0,0,포레스트릿,코카콜라
2024-05-01,0,5,Spring,0,0,0,포레스트릿,코카콜라
2024-05-02,0,5,Spring,0,0,0,포레스트릿,코카콜라
2024-05-03,0,5,Spring,0,0,0,포레스트릿,코카콜라
2024-05-04,20,5,Spring,1,0,1,포레스트릿,코카콜라
2024-05-05,0,5,Spring,1,1,1,포레스트릿,코카콜라
2024-05-06,0,5,Spring,0,1,1,포레스트릿,코카콜라
2024-05-07,0,5,Spring,0,0,0,포레스트릿,코카콜라
2024-05-08,0,5,Spring,0,0,0,포레스트릿,코카콜라
2024-05-09,0,5,Spring,0,0,0,포레스트릿,코카콜라
2024-05-10,4,5,Spring,0,0,0,포레스트릿,코카콜라
2024-05-11,5,5,Spring,1,0,1,포레스트릿,코카콜라
2024-05-12,1,5,Spring,1,0,1,포레스트릿,코카콜라
2024-05-13,0,5,Spring,0,0,0,포레스트릿,코카콜라
2024-05-14,0,5,Spring,0,0,0,포레스트릿,코카콜라
2024-05-15,1,5,Spring,0,1,1,포레스트릿,코카콜라
2024-05-16,0,5,Spring,0,0,0,포레스트릿,코카콜라
2024-05-17,2,5,Spring,0,0,0,포레스트릿,코카콜라
2024-05-18,5,5,Spring,1,0,1,포레스트릿,코카콜라
2024-05-19,9,5,Spring,1,0,1,포레스트릿,코카콜라
2024-05-20,0,5,Spring,0,0,0,포레스트릿,코카콜라
2024-05-21,0,5,Spring,0,0,0,포레스트릿,코카콜라
2024-05-22,0,5,Spring,0,0,0,포레스트릿,코카콜라
2024-05-23,0,5,Spring,0,0,0,포레스트릿,코카콜라
2024-05-24,2,5,Spring,0,0,0,포레스트릿,코카콜라
2024-05-25,2,5,Spring,1,0,1,포레스트릿,코카콜라
2024-05-26,2,5,Spring,1,0,1,포레스트릿,코카콜라
2024-05-27,0,5,Spring,0,0,0,포레스트릿,코카콜라
2024-05-28,0,5,Spring,0,0,0,포레스트릿,코카콜라
2024-05-29,0,5,Spring,0,0,0,포레스트릿,코카콜라
2024-05-30,0,5,Spring,0,0,0,포레스트릿,코카콜라
2024-05-31,0,5,Spring,0,0,0,포레스트릿,코카콜라
2024-06-01,7,6,Summer,1,0,1,포레스트릿,코카콜라
2024-06-02,5,6,Summer,1,0,1,포레스트릿,코카콜라
2024-06-03,0,6,Summer,0,0,0,포레스트릿,코카콜라
2024-06-04,0,6,Summer,0,0,0,포레스트릿,코카콜라
2024-06-05,0,6,Summer,0,0,0,포레스트릿,코카콜라
2024-06-06,17,6,Summer,0,1,1,포레스트릿,코카콜라
2024-06-07,0,6,Summer,0,0,0,포레스트릿,코카콜라
2024-06-08,3,6,Summer,1,0,1,포레스트릿,코카콜라
2024-06-09,8,6,Summer,1,0,1,포레스트릿,코카콜라
2024-06-10,0,6,Summer,0,0,0,포레스트릿,코카콜라
2024-06-11,0,6,Summer,0,0,0,포레스트릿,코카콜라
2024-06-12,0,6,Summer,0,0,0,포레스트릿,코카콜라
2024-06-13,0,6,Summer,0,0,0,포레스트릿,코카콜라
2024-06-14,0,6,Summer,0,0,0,포레스트릿,코카콜라
2024-06-15,2,6,Summer,1,0,1,포레스트릿,코카콜라
2023-01-01,154,1,Winter,1,1,1,포레스트릿,페스츄리 소시지
2023-01-02,61,1,Winter,0,0,0,포레스트릿,페스츄리 소시지
2023-01-03,60,1,Winter,0,0,0,포레스트릿,페스츄리 소시지
2023-01-04,72,1,Winter,0,0,0,포레스트릿,페스츄리 소시지
2023-01-05,78,1,Winter,0,0,0,포레스트릿,페스츄리 소시지
2023-01-06,113,1,Winter,0,0,0,포레스트릿,페스츄리 소시지
2023-01-07,314,1,Winter,1,0,1,포레스트릿,페스츄리 소시지
2023-01-08,162,1,Winter,1,0,1,포레스트릿,페스츄리 소시지
2023-01-09,90,1,Winter,0,0,0,포레스트릿,페스츄리 소시지
2023-01-10,122,1,Winter,0,0,0,포레스트릿,페스츄리 소시지
2023-01-11,91,1,Winter,0,0,0,포레스트릿,페스츄리 소시지
2023-01-12,107,1,Winter,0,0,0,포레스트릿,페스츄리 소시지
2023-01-13,42,1,Winter,0,0,0,포레스트릿,페스츄리 소시지
2023-01-14,94,1,Winter,1,0,1,포레스트릿,페스츄리 소시지
2023-01-15,118,1,Winter,1,0,1,포레스트릿,페스츄리 소시지
2023-01-16,92,1,Winter,0,0,0,포레스트릿,페스츄리 소시지
2023-01-17,114,1,Winter,0,0,0,포레스트릿,페스츄리 소시지
2023-01-18,74,1,Winter,0,0,0,포레스트릿,페스츄리 소시지
2023-01-19,129,1,Winter,0,0,0,포레스트릿,페스츄리 소시지
2023-01-20,144,1,Winter,0,0,0,포레스트릿,페스츄리 소시지
2023-01-21,168,1,Winter,1,1,1,포레스트릿,페스츄리 소시지
2023-01-22,172,1,Winter,1,1,1,포레스트릿,페스츄리 소시지
2023-01-23,380,1,Winter,0,1,1,포레스트릿,페스츄리 소시지
2023-01-24,57,1,Winter,0,1,1,포레스트릿,페스츄리 소시지
2023-01-25,44,1,Winter,0,0,0,포레스트릿,페스츄리 소시지
2023-01-26,93,1,Winter,0,0,0,포레스트릿,페스츄리 소시지
2023-01-27,135,1,Winter,0,0,0,포레스트릿,페스츄리 소시지
2023-01-28,256,1,Winter,1,0,1,포레스트릿,페스츄리 소시지
2023-01-29,155,1,Winter,1,0,1,포레스트릿,페스츄리 소시지
2023-01-30,78,1,Winter,0,0,0,포레스트릿,페스츄리 소시지
2023-01-31,59,1,Winter,0,0,0,포레스트릿,페스츄리 소시지
2023-02-01,82,2,Winter,0,0,0,포레스트릿,페스츄리 소시지
2023-02-02,85,2,Winter,0,0,0,포레스트릿,페스츄리 소시지
2023-02-03,105,2,Winter,0,0,0,포레스트릿,페스츄리 소시지
2023-02-04,285,2,Winter,1,0,1,포레스트릿,페스츄리 소시지
2023-02-05,253,2,Winter,1,0,1,포레스트릿,페스츄리 소시지
2023-02-06,92,2,Winter,0,0,0,포레스트릿,페스츄리 소시지
2023-02-07,79,2,Winter,0,0,0,포레스트릿,페스츄리 소시지
2023-02-08,83,2,Winter,0,0,0,포레스트릿,페스츄리 소시지
2023-02-09,94,2,Winter,0,0,0,포레스트릿,페스츄리 소시지
2023-02-10,125,2,Winter,0,0,0,포레스트릿,페스츄리 소시지
2023-02-11,275,2,Winter,1,0,1,포레스트릿,페스츄리 소시지
2023-02-12,208,2,Winter,1,0,1,포레스트릿,페스츄리 소시지
2023-02-13,96,2,Winter,0,0,0,포레스트릿,페스츄리 소시지
2023-02-14,100,2,Winter,0,0,0,포레스트릿,페스츄리 소시지
2023-02-15,52,2,Winter,0,0,0,포레스트릿,페스츄리 소시지
2023-02-16,78,2,Winter,0,0,0,포레스트릿,페스츄리 소시지
2023-02-17,156,2,Winter,0,0,0,포레스트릿,페스츄리 소시지
2023-02-18,156,2,Winter,1,0,1,포레스트릿,페스츄리 소시지
2023-02-19,89,2,Winter,1,0,1,포레스트릿,페스츄리 소시지
2023-02-20,61,2,Winter,0,0,0,포레스트릿,페스츄리 소시지
2023-02-21,54,2,Winter,0,0,0,포레스트릿,페스츄리 소시지
2023-02-22,52,2,Winter,0,0,0,포레스트릿,페스츄리 소시지
2023-02-23,70,2,Winter,0,0,0,포레스트릿,페스츄리 소시지
2023-02-24,96,2,Winter,0,0,0,포레스트릿,페스츄리 소시지
2023-02-25,149,2,Winter,1,0,1,포레스트릿,페스츄리 소시지
2023-02-26,145,2,Winter,1,0,1,포레스트릿,페스츄리 소시지
2023-02-27,46,2,Winter,0,0,0,포레스트릿,페스츄리 소시지
2023-02-28,79,2,Winter,0,0,0,포레스트릿,페스츄리 소시지
2023-03-01,44,3,Spring,0,1,1,포레스트릿,페스츄리 소시지
2023-03-02,0,3,Spring,0,0,0,포레스트릿,페스츄리 소시지
2023-03-03,0,3,Spring,0,0,0,포레스트릿,페스츄리 소시지
2023-03-04,0,3,Spring,1,0,1,포레스트릿,페스츄리 소시지
2023-03-05,0,3,Spring,1,0,1,포레스트릿,페스츄리 소시지
2023-03-06,0,3,Spring,0,0,0,포레스트릿,페스츄리 소시지
2023-03-07,0,3,Spring,0,0,0,포레스트릿,페스츄리 소시지
2023-03-08,0,3,Spring,0,0,0,포레스트릿,페스츄리 소시지
2023-03-09,0,3,Spring,0,0,0,포레스트릿,페스츄리 소시지
2023-03-10,0,3,Spring,0,0,0,포레스트릿,페스츄리 소시지
2023-03-11,0,3,Spring,1,0,1,포레스트릿,페스츄리 소시지
2023-03-12,0,3,Spring,1,0,1,포레스트릿,페스츄리 소시지
2023-03-13,0,3,Spring,0,0,0,포레스트릿,페스츄리 소시지
2023-03-14,0,3,Spring,0,0,0,포레스트릿,페스츄리 소시지
2023-03-15,0,3,Spring,0,0,0,포레스트릿,페스츄리 소시지
2023-03-16,0,3,Spring,0,0,0,포레스트릿,페스츄리 소시지
2023-03-17,0,3,Spring,0,0,0,포레스트릿,페스츄리 소시지
2023-03-18,0,3,Spring,1,0,1,포레스트릿,페스츄리 소시지
2023-03-19,0,3,Spring,1,0,1,포레스트릿,페스츄리 소시지
2023-03-20,0,3,Spring,0,0,0,포레스트릿,페스츄리 소시지
2023-03-21,0,3,Spring,0,0,0,포레스트릿,페스츄리 소시지
2023-03-22,0,3,Spring,0,0,0,포레스트릿,페스츄리 소시지
2023-03-23,0,3,Spring,0,0,0,포레스트릿,페스츄리 소시지
2023-03-24,0,3,Spring,0,0,0,포레스트릿,페스츄리 소시지
2023-03-25,0,3,Spring,1,0,1,포레스트릿,페스츄리 소시지
2023-03-26,0,3,Spring,1,0,1,포레스트릿,페스츄리 소시지
2023-03-27,0,3,Spring,0,0,0,포레스트릿,페스츄리 소시지
2023-03-28,0,3,Spring,0,0,0,포레스트릿,페스츄리 소시지
2023-03-29,0,3,Spring,0,0,0,포레스트릿,페스츄리 소시지
2023-03-30,0,3,Spring,0,0,0,포레스트릿,페스츄리 소시지
2023-03-31,0,3,Spring,0,0,0,포레스트릿,페스츄리 소시지
2023-04-01,20,4,Spring,1,0,1,포레스트릿,페스츄리 소시지
2023-04-02,18,4,Spring,1,0,1,포레스트릿,페스츄리 소시지
2023-04-03,0,4,Spring,0,0,0,포레스트릿,페스츄리 소시지
2023-04-04,0,4,Spring,0,0,0,포레스트릿,페스츄리 소시지
2023-04-05,0,4,Spring,0,0,0,포레스트릿,페스츄리 소시지
2023-04-06,0,4,Spring,0,0,0,포레스트릿,페스츄리 소시지
2023-04-07,2,4,Spring,0,0,0,포레스트릿,페스츄리 소시지
2023-04-08,6,4,Spring,1,0,1,포레스트릿,페스츄리 소시지
2023-04-09,11,4,Spring,1,0,1,포레스트릿,페스츄리 소시지
2023-04-10,0,4,Spring,0,0,0,포레스트릿,페스츄리 소시지
2023-04-11,0,4,Spring,0,0,0,포레스트릿,페스츄리 소시지
2023-04-12,0,4,Spring,0,0,0,포레스트릿,페스츄리 소시지
2023-04-13,0,4,Spring,0,0,0,포레스트릿,페스츄리 소시지
2023-04-14,0,4,Spring,0,0,0,포레스트릿,페스츄리 소시지
2023-04-15,0,4,Spring,1,0,1,포레스트릿,페스츄리 소시지
2023-04-16,2,4,Spring,1,0,1,포레스트릿,페스츄리 소시지
2023-04-17,0,4,Spring,0,0,0,포레스트릿,페스츄리 소시지
2023-04-18,0,4,Spring,0,0,0,포레스트릿,페스츄리 소시지
2023-04-19,0,4,Spring,0,0,0,포레스트릿,페스츄리 소시지
2023-04-20,0,4,Spring,0,0,0,포레스트릿,페스츄리 소시지
2023-04-21,0,4,Spring,0,0,0,포레스트릿,페스츄리 소시지
2023-04-22,16,4,Spring,1,0,1,포레스트릿,페스츄리 소시지
2023-04-23,22,4,Spring,1,0,1,포레스트릿,페스츄리 소시지
2023-04-24,0,4,Spring,0,0,0,포레스트릿,페스츄리 소시지
2023-04-25,0,4,Spring,0,0,0,포레스트릿,페스츄리 소시지
2023-04-26,0,4,Spring,0,0,0,포레스트릿,페스츄리 소시지
2023-04-27,0,4,Spring,0,0,0,포레스트릿,페스츄리 소시지
2023-04-28,3,4,Spring,0,0,0,포레스트릿,페스츄리 소시지
2023-04-29,0,4,Spring,1,0,1,포레스트릿,페스츄리 소시지
2023-04-30,29,4,Spring,1,0,1,포레스트릿,페스츄리 소시지
2023-05-01,5,5,Spring,0,0,0,포레스트릿,페스츄리 소시지
2023-05-02,4,5,Spring,0,0,0,포레스트릿,페스츄리 소시지
2023-05-03,0,5,Spring,0,0,0,포레스트릿,페스츄리 소시지
2023-05-04,5,5,Spring,0,0,0,포레스트릿,페스츄리 소시지
2023-05-05,0,5,Spring,0,1,1,포레스트릿,페스츄리 소시지
2023-05-06,0,5,Spring,1,0,1,포레스트릿,페스츄리 소시지
2023-05-07,10,5,Spring,1,0,1,포레스트릿,페스츄리 소시지
2023-05-08,0,5,Spring,0,0,0,포레스트릿,페스츄리 소시지
2023-05-09,2,5,Spring,0,0,0,포레스트릿,페스츄리 소시지
2023-05-10,0,5,Spring,0,0,0,포레스트릿,페스츄리 소시지
2023-05-11,0,5,Spring,0,0,0,포레스트릿,페스츄리 소시지
2023-05-12,1,5,Spring,0,0,0,포레스트릿,페스츄리 소시지
2023-05-13,14,5,Spring,1,0,1,포레스트릿,페스츄리 소시지
2023-05-14,21,5,Spring,1,0,1,포레스트릿,페스츄리 소시지
2023-05-15,0,5,Spring,0,0,0,포레스트릿,페스츄리 소시지
2023-05-16,0,5,Spring,0,0,0,포레스트릿,페스츄리 소시지
2023-05-17,0,5,Spring,0,0,0,포레스트릿,페스츄리 소시지
2023-05-18,0,5,Spring,0,0,0,포레스트릿,페스츄리 소시지
2023-05-19,3,5,Spring,0,0,0,포레스트릿,페스츄리 소시지
2023-05-20,18,5,Spring,1,0,1,포레스트릿,페스츄리 소시지
2023-05-21,17,5,Spring,1,0,1,포레스트릿,페스츄리 소시지
2023-05-22,0,5,Spring,0,0,0,포레스트릿,페스츄리 소시지
2023-05-23,1,5,Spring,0,0,0,포레스트릿,페스츄리 소시지
2023-05-24,0,5,Spring,0,0,0,포레스트릿,페스츄리 소시지
2023-05-25,1,5,Spring,0,0,0,포레스트릿,페스츄리 소시지
2023-05-26,1,5,Spring,0,0,0,포레스트릿,페스츄리 소시지
2023-05-27,2,5,Spring,1,1,1,포레스트릿,페스츄리 소시지
2023-05-28,1,5,Spring,1,0,1,포레스트릿,페스츄리 소시지
2023-05-29,3,5,Spring,0,1,1,포레스트릿,페스츄리 소시지
2023-05-30,0,5,Spring,0,0,0,포레스트릿,페스츄리 소시지
2023-05-31,1,5,Spring,0,0,0,포레스트릿,페스츄리 소시지
2023-06-01,2,6,Summer,0,0,0,포레스트릿,페스츄리 소시지
2023-06-02,1,6,Summer,0,0,0,포레스트릿,페스츄리 소시지
2023-06-03,11,6,Summer,1,0,1,포레스트릿,페스츄리 소시지
2023-06-04,17,6,Summer,1,0,1,포레스트릿,페스츄리 소시지
2023-06-05,10,6,Summer,0,0,0,포레스트릿,페스츄리 소시지
2023-06-06,28,6,Summer,0,1,1,포레스트릿,페스츄리 소시지
2023-06-07,0,6,Summer,0,0,0,포레스트릿,페스츄리 소시지
2023-06-08,0,6,Summer,0,0,0,포레스트릿,페스츄리 소시지
2023-06-09,3,6,Summer,0,0,0,포레스트릿,페스츄리 소시지
2023-06-10,4,6,Summer,1,0,1,포레스트릿,페스츄리 소시지
2023-06-11,1,6,Summer,1,0,1,포레스트릿,페스츄리 소시지
2023-06-12,0,6,Summer,0,0,0,포레스트릿,페스츄리 소시지
2023-06-13,1,6,Summer,0,0,0,포레스트릿,페스츄리 소시지
2023-06-14,0,6,Summer,0,0,0,포레스트릿,페스츄리 소시지
2023-06-15,1,6,Summer,0,0,0,포레스트릿,페스츄리 소시지
2023-06-16,1,6,Summer,0,0,0,포레스트릿,페스츄리 소시지
2023-06-17,6,6,Summer,1,0,1,포레스트릿,페스츄리 소시지
2023-06-18,7,6,Summer,1,0,1,포레스트릿,페스츄리 소시지
2023-06-19,0,6,Summer,0,0,0,포레스트릿,페스츄리 소시지
2023-06-20,0,6,Summer,0,0,0,포레스트릿,페스츄리 소시지
2023-06-21,0,6,Summer,0,0,0,포레스트릿,페스츄리 소시지
2023-06-22,0,6,Summer,0,0,0,포레스트릿,페스츄리 소시지
2023-06-23,1,6,Summer,0,0,0,포레스트릿,페스츄리 소시지
2023-06-24,10,6,Summer,1,0,1,포레스트릿,페스츄리 소시지
2023-06-25,3,6,Summer,1,0,1,포레스트릿,페스츄리 소시지
2023-06-26,0,6,Summer,0,0,0,포레스트릿,페스츄리 소시지
2023-06-27,0,6,Summer,0,0,0,포레스트릿,페스츄리 소시지
2023-06-28,0,6,Summer,0,0,0,포레스트릿,페스츄리 소시지
2023-06-29,0,6,Summer,0,0,0,포레스트릿,페스츄리 소시지
2023-06-30,0,6,Summer,0,0,0,포레스트릿,페스츄리 소시지
2023-07-01,2,7,Summer,1,0,1,포레스트릿,페스츄리 소시지
2023-07-02,2,7,Summer,1,0,1,포레스트릿,페스츄리 소시지
2023-07-03,0,7,Summer,0,0,0,포레스트릿,페스츄리 소시지
2023-07-04,0,7,Summer,0,0,0,포레스트릿,페스츄리 소시지
2023-07-05,0,7,Summer,0,0,0,포레스트릿,페스츄리 소시지
2023-07-06,0,7,Summer,0,0,0,포레스트릿,페스츄리 소시지
2023-07-07,1,7,Summer,0,0,0,포레스트릿,페스츄리 소시지
2023-07-08,6,7,Summer,1,0,1,포레스트릿,페스츄리 소시지
2023-07-09,0,7,Summer,1,0,1,포레스트릿,페스츄리 소시지
2023-07-10,0,7,Summer,0,0,0,포레스트릿,페스츄리 소시지
2023-07-11,0,7,Summer,0,0,0,포레스트릿,페스츄리 소시지
2023-07-12,0,7,Summer,0,0,0,포레스트릿,페스츄리 소시지
2023-07-13,0,7,Summer,0,0,0,포레스트릿,페스츄리 소시지
2023-07-14,0,7,Summer,0,0,0,포레스트릿,페스츄리 소시지
2023-07-15,1,7,Summer,1,0,1,포레스트릿,페스츄리 소시지
2023-07-16,0,7,Summer,1,0,1,포레스트릿,페스츄리 소시지
2023-07-17,0,7,Summer,0,0,0,포레스트릿,페스츄리 소시지
2023-07-18,0,7,Summer,0,0,0,포레스트릿,페스츄리 소시지
2023-07-19,0,7,Summer,0,0,0,포레스트릿,페스츄리 소시지
2023-07-20,2,7,Summer,0,0,0,포레스트릿,페스츄리 소시지
2023-07-21,0,7,Summer,0,0,0,포레스트릿,페스츄리 소시지
2023-07-22,3,7,Summer,1,0,1,포레스트릿,페스츄리 소시지
2023-07-23,0,7,Summer,1,0,1,포레스트릿,페스츄리 소시지
2023-07-24,0,7,Summer,0,0,0,포레스트릿,페스츄리 소시지
2023-07-25,0,7,Summer,0,0,0,포레스트릿,페스츄리 소시지
2023-07-26,0,7,Summer,0,0,0,포레스트릿,페스츄리 소시지
2023-07-27,0,7,Summer,0,0,0,포레스트릿,페스츄리 소시지
2023-07-28,0,7,Summer,0,0,0,포레스트릿,페스츄리 소시지
2023-07-29,2,7,Summer,1,0,1,포레스트릿,페스츄리 소시지
2023-07-30,1,7,Summer,1,0,1,포레스트릿,페스츄리 소시지
2023-07-31,0,7,Summer,0,0,0,포레스트릿,페스츄리 소시지
2023-08-01,2,8,Summer,0,0,0,포레스트릿,페스츄리 소시지
2023-08-02,0,8,Summer,0,0,0,포레스트릿,페스츄리 소시지
2023-08-03,0,8,Summer,0,0,0,포레스트릿,페스츄리 소시지
2023-08-04,1,8,Summer,0,0,0,포레스트릿,페스츄리 소시지
2023-08-05,0,8,Summer,1,0,1,포레스트릿,페스츄리 소시지
2023-08-06,1,8,Summer,1,0,1,포레스트릿,페스츄리 소시지
2023-08-07,1,8,Summer,0,0,0,포레스트릿,페스츄리 소시지
2023-08-08,0,8,Summer,0,0,0,포레스트릿,페스츄리 소시지
2023-08-09,0,8,Summer,0,0,0,포레스트릿,페스츄리 소시지
2023-08-10,0,8,Summer,0,0,0,포레스트릿,페스츄리 소시지
2023-08-11,0,8,Summer,0,0,0,포레스트릿,페스츄리 소시지
2023-08-12,5,8,Summer,1,0,1,포레스트릿,페스츄리 소시지
2023-08-13,0,8,Summer,1,0,1,포레스트릿,페스츄리 소시지
2023-08-14,2,8,Summer,0,0,0,포레스트릿,페스츄리 소시지
2023-08-15,1,8,Summer,0,1,1,포레스트릿,페스츄리 소시지
2023-08-16,2,8,Summer,0,0,0,포레스트릿,페스츄리 소시지
2023-08-17,0,8,Summer,0,0,0,포레스트릿,페스츄리 소시지
2023-08-18,0,8,Summer,0,0,0,포레스트릿,페스츄리 소시지
2023-08-19,0,8,Summer,1,0,1,포레스트릿,페스츄리 소시지
2023-08-20,2,8,Summer,1,0,1,포레스트릿,페스츄리 소시지
2023-08-21,0,8,Summer,0,0,0,포레스트릿,페스츄리 소시지
2023-08-22,0,8,Summer,0,0,0,포레스트릿,페스츄리 소시지
2023-08-23,0,8,Summer,0,0,0,포레스트릿,페스츄리 소시지
2023-08-24,1,8,Summer,0,0,0,포레스트릿,페스츄리 소시지
2023-08-25,1,8,Summer,0,0,0,포레스트릿,페스츄리 소시지
2023-08-26,2,8,Summer,1,0,1,포레스트릿,페스츄리 소시지
2023-08-27,5,8,Summer,1,0,1,포레스트릿,페스츄리 소시지
2023-08-28,0,8,Summer,0,0,0,포레스트릿,페스츄리 소시지
2023-08-29,0,8,Summer,0,0,0,포레스트릿,페스츄리 소시지
2023-08-30,0,8,Summer,0,0,0,포레스트릿,페스츄리 소시지
2023-08-31,0,8,Summer,0,0,0,포레스트릿,페스츄리 소시지
2023-09-01,0,9,Autumn,0,0,0,포레스트릿,페스츄리 소시지
2023-09-02,7,9,Autumn,1,0,1,포레스트릿,페스츄리 소시지
2023-09-03,2,9,Autumn,1,0,1,포레스트릿,페스츄리 소시지
2023-09-04,0,9,Autumn,0,0,0,포레스트릿,페스츄리 소시지
2023-09-05,0,9,Autumn,0,0,0,포레스트릿,페스츄리 소시지
2023-09-06,0,9,Autumn,0,0,0,포레스트릿,페스츄리 소시지
2023-09-07,0,9,Autumn,0,0,0,포레스트릿,페스츄리 소시지
2023-09-08,0,9,Autumn,0,0,0,포레스트릿,페스츄리 소시지
2023-09-09,3,9,Autumn,1,0,1,포레스트릿,페스츄리 소시지
2023-09-10,6,9,Autumn,1,0,1,포레스트릿,페스츄리 소시지
2023-09-11,0,9,Autumn,0,0,0,포레스트릿,페스츄리 소시지
2023-09-12,0,9,Autumn,0,0,0,포레스트릿,페스츄리 소시지
2023-09-13,0,9,Autumn,0,0,0,포레스트릿,페스츄리 소시지
2023-09-14,0,9,Autumn,0,0,0,포레스트릿,페스츄리 소시지
2023-09-15,0,9,Autumn,0,0,0,포레스트릿,페스츄리 소시지
2023-09-16,1,9,Autumn,1,0,1,포레스트릿,페스츄리 소시지
2023-09-17,2,9,Autumn,1,0,1,포레스트릿,페스츄리 소시지
2023-09-18,0,9,Autumn,0,0,0,포레스트릿,페스츄리 소시지
2023-09-19,0,9,Autumn,0,0,0,포레스트릿,페스츄리 소시지
2023-09-20,0,9,Autumn,0,0,0,포레스트릿,페스츄리 소시지
2023-09-21,0,9,Autumn,0,0,0,포레스트릿,페스츄리 소시지
2023-09-22,0,9,Autumn,0,0,0,포레스트릿,페스츄리 소시지
2023-09-23,16,9,Autumn,1,0,1,포레스트릿,페스츄리 소시지
2023-09-24,6,9,Autumn,1,0,1,포레스트릿,페스츄리 소시지
2023-09-25,0,9,Autumn,0,0,0,포레스트릿,페스츄리 소시지
2023-09-26,0,9,Autumn,0,0,0,포레스트릿,페스츄리 소시지
2023-09-27,0,9,Autumn,0,0,0,포레스트릿,페스츄리 소시지
2023-09-28,13,9,Autumn,0,1,1,포레스트릿,페스츄리 소시지
2023-09-29,9,9,Autumn,0,1,1,포레스트릿,페스츄리 소시지
2023-09-30,18,9,Autumn,1,1,1,포레스트릿,페스츄리 소시지
2023-10-01,16,10,Autumn,1,0,1,포레스트릿,페스츄리 소시지
2023-10-02,23,10,Autumn,0,1,1,포레스트릿,페스츄리 소시지
2023-10-03,27,10,Autumn,0,1,1,포레스트릿,페스츄리 소시지
2023-10-04,1,10,Autumn,0,0,0,포레스트릿,페스츄리 소시지
2023-10-05,0,10,Autumn,0,0,0,포레스트릿,페스츄리 소시지
2023-10-06,0,10,Autumn,0,0,0,포레스트릿,페스츄리 소시지
2023-10-07,20,10,Autumn,1,0,1,포레스트릿,페스츄리 소시지
2023-10-08,37,10,Autumn,1,0,1,포레스트릿,페스츄리 소시지
2023-10-09,19,10,Autumn,0,1,1,포레스트릿,페스츄리 소시지
2023-10-10,1,10,Autumn,0,0,0,포레스트릿,페스츄리 소시지
2023-10-11,3,10,Autumn,0,0,0,포레스트릿,페스츄리 소시지
2023-10-12,0,10,Autumn,0,0,0,포레스트릿,페스츄리 소시지
2023-10-13,10,10,Autumn,0,0,0,포레스트릿,페스츄리 소시지
2023-10-14,6,10,Autumn,1,0,1,포레스트릿,페스츄리 소시지
2023-10-15,28,10,Autumn,1,0,1,포레스트릿,페스츄리 소시지
2023-10-16,0,10,Autumn,0,0,0,포레스트릿,페스츄리 소시지
2023-10-17,9,10,Autumn,0,0,0,포레스트릿,페스츄리 소시지
2023-10-18,6,10,Autumn,0,0,0,포레스트릿,페스츄리 소시지
2023-10-19,2,10,Autumn,0,0,0,포레스트릿,페스츄리 소시지
2023-10-20,4,10,Autumn,0,0,0,포레스트릿,페스츄리 소시지
2023-10-21,27,10,Autumn,1,0,1,포레스트릿,페스츄리 소시지
2023-10-22,7,10,Autumn,1,0,1,포레스트릿,페스츄리 소시지
2023-10-23,0,10,Autumn,0,0,0,포레스트릿,페스츄리 소시지
2023-10-24,5,10,Autumn,0,0,0,포레스트릿,페스츄리 소시지
2023-10-25,3,10,Autumn,0,0,0,포레스트릿,페스츄리 소시지
2023-10-26,7,10,Autumn,0,0,0,포레스트릿,페스츄리 소시지
2023-10-27,7,10,Autumn,0,0,0,포레스트릿,페스츄리 소시지
2023-10-28,21,10,Autumn,1,0,1,포레스트릿,페스츄리 소시지
2023-10-29,23,10,Autumn,1,0,1,포레스트릿,페스츄리 소시지
2023-10-30,0,10,Autumn,0,0,0,포레스트릿,페스츄리 소시지
2023-10-31,7,10,Autumn,0,0,0,포레스트릿,페스츄리 소시지
2023-11-01,11,11,Autumn,0,0,0,포레스트릿,페스츄리 소시지
2023-11-02,12,11,Autumn,0,0,0,포레스트릿,페스츄리 소시지
2023-11-03,15,11,Autumn,0,0,0,포레스트릿,페스츄리 소시지
2023-11-04,15,11,Autumn,1,0,1,포레스트릿,페스츄리 소시지
2023-11-05,14,11,Autumn,1,0,1,포레스트릿,페스츄리 소시지
2023-11-06,0,11,Autumn,0,0,0,포레스트릿,페스츄리 소시지
2023-11-07,7,11,Autumn,0,0,0,포레스트릿,페스츄리 소시지
2023-11-08,2,11,Autumn,0,0,0,포레스트릿,페스츄리 소시지
2023-11-09,0,11,Autumn,0,0,0,포레스트릿,페스츄리 소시지
2023-11-10,4,11,Autumn,0,0,0,포레스트릿,페스츄리 소시지
2023-11-11,8,11,Autumn,1,0,1,포레스트릿,페스츄리 소시지
2023-11-12,8,11,Autumn,1,0,1,포레스트릿,페스츄리 소시지
2023-11-13,0,11,Autumn,0,0,0,포레스트릿,페스츄리 소시지
2023-11-14,0,11,Autumn,0,0,0,포레스트릿,페스츄리 소시지
2023-11-15,0,11,Autumn,0,0,0,포레스트릿,페스츄리 소시지
2023-11-16,0,11,Autumn,0,0,0,포레스트릿,페스츄리 소시지
2023-11-17,0,11,Autumn,0,0,0,포레스트릿,페스츄리 소시지
2023-11-18,1,11,Autumn,1,0,1,포레스트릿,페스츄리 소시지
2023-11-19,8,11,Autumn,1,0,1,포레스트릿,페스츄리 소시지
2023-11-20,0,11,Autumn,0,0,0,포레스트릿,페스츄리 소시지
2023-11-21,0,11,Autumn,0,0,0,포레스트릿,페스츄리 소시지
2023-11-22,0,11,Autumn,0,0,0,포레스트릿,페스츄리 소시지
2023-11-23,0,11,Autumn,0,0,0,포레스트릿,페스츄리 소시지
2023-11-24,0,11,Autumn,0,0,0,포레스트릿,페스츄리 소시지
2023-11-25,1,11,Autumn,1,0,1,포레스트릿,페스츄리 소시지
2023-11-26,0,11,Autumn,1,0,1,포레스트릿,페스츄리 소시지
2023-11-27,0,11,Autumn,0,0,0,포레스트릿,페스츄리 소시지
2023-11-28,0,11,Autumn,0,0,0,포레스트릿,페스츄리 소시지
2023-11-29,0,11,Autumn,0,0,0,포레스트릿,페스츄리 소시지
2023-11-30,0,11,Autumn,0,0,0,포레스트릿,페스츄리 소시지
2023-12-01,0,12,Winter,0,0,0,포레스트릿,페스츄리 소시지
2023-12-02,0,12,Winter,1,0,1,포레스트릿,페스츄리 소시지
2023-12-03,0,12,Winter,1,0,1,포레스트릿,페스츄리 소시지
2023-12-04,0,12,Winter,0,0,0,포레스트릿,페스츄리 소시지
2023-12-05,0,12,Winter,0,0,0,포레스트릿,페스츄리 소시지
2023-12-06,0,12,Winter,0,0,0,포레스트릿,페스츄리 소시지
2023-12-07,1,12,Winter,0,0,0,포레스트릿,페스츄리 소시지
2023-12-08,25,12,Winter,0,0,0,포레스트릿,페스츄리 소시지
2023-12-09,116,12,Winter,1,0,1,포레스트릿,페스츄리 소시지
2023-12-10,79,12,Winter,1,0,1,포레스트릿,페스츄리 소시지
2023-12-11,4,12,Winter,0,0,0,포레스트릿,페스츄리 소시지
2023-12-12,15,12,Winter,0,0,0,포레스트릿,페스츄리 소시지
2023-12-13,26,12,Winter,0,0,0,포레스트릿,페스츄리 소시지
2023-12-14,0,12,Winter,0,0,0,포레스트릿,페스츄리 소시지
2023-12-15,1,12,Winter,0,0,0,포레스트릿,페스츄리 소시지
2023-12-16,22,12,Winter,1,0,1,포레스트릿,페스츄리 소시지
2023-12-17,17,12,Winter,1,0,1,포레스트릿,페스츄리 소시지
2023-12-18,47,12,Winter,0,0,0,포레스트릿,페스츄리 소시지
2023-12-19,37,12,Winter,0,0,0,포레스트릿,페스츄리 소시지
2023-12-20,23,12,Winter,0,0,0,포레스트릿,페스츄리 소시지
2023-12-21,26,12,Winter,0,0,0,포레스트릿,페스츄리 소시지
2023-12-22,41,12,Winter,0,0,0,포레스트릿,페스츄리 소시지
2023-12-23,102,12,Winter,1,0,1,포레스트릿,페스츄리 소시지
2023-12-24,188,12,Winter,1,0,1,포레스트릿,페스츄리 소시지
2023-12-25,103,12,Winter,0,1,1,포레스트릿,페스츄리 소시지
2023-12-26,83,12,Winter,0,0,0,포레스트릿,페스츄리 소시지
2023-12-27,76,12,Winter,0,0,0,포레스트릿,페스츄리 소시지
2023-12-28,86,12,Winter,0,0,0,포레스트릿,페스츄리 소시지
2023-12-29,125,12,Winter,0,0,0,포레스트릿,페스츄리 소시지
2023-12-30,111,12,Winter,1,0,1,포레스트릿,페스츄리 소시지
2023-12-31,150,12,Winter,1,0,1,포레스트릿,페스츄리 소시지
2024-01-01,121,1,Winter,0,1,1,포레스트릿,페스츄리 소시지
2024-01-02,69,1,Winter,0,0,0,포레스트릿,페스츄리 소시지
2024-01-03,57,1,Winter,0,0,0,포레스트릿,페스츄리 소시지
2024-01-04,65,1,Winter,0,0,0,포레스트릿,페스츄리 소시지
2024-01-05,75,1,Winter,0,0,0,포레스트릿,페스츄리 소시지
2024-01-06,200,1,Winter,1,0,1,포레스트릿,페스츄리 소시지
2024-01-07,97,1,Winter,1,0,1,포레스트릿,페스츄리 소시지
2024-01-08,61,1,Winter,0,0,0,포레스트릿,페스츄리 소시지
2024-01-09,64,1,Winter,0,0,0,포레스트릿,페스츄리 소시지
2024-01-10,78,1,Winter,0,0,0,포레스트릿,페스츄리 소시지
2024-01-11,82,1,Winter,0,0,0,포레스트릿,페스츄리 소시지
2024-01-12,101,1,Winter,0,0,0,포레스트릿,페스츄리 소시지
2024-01-13,269,1,Winter,1,0,1,포레스트릿,페스츄리 소시지
2024-01-14,63,1,Winter,1,0,1,포레스트릿,페스츄리 소시지
2024-01-15,67,1,Winter,0,0,0,포레스트릿,페스츄리 소시지
2024-01-16,75,1,Winter,0,0,0,포레스트릿,페스츄리 소시지
2024-01-17,56,1,Winter,0,0,0,포레스트릿,페스츄리 소시지
2024-01-18,80,1,Winter,0,0,0,포레스트릿,페스츄리 소시지
2024-01-19,129,1,Winter,0,0,0,포레스트릿,페스츄리 소시지
2024-01-20,164,1,Winter,1,0,1,포레스트릿,페스츄리 소시지
2024-01-21,150,1,Winter,1,0,1,포레스트릿,페스츄리 소시지
2024-01-22,61,1,Winter,0,0,0,포레스트릿,페스츄리 소시지
2024-01-23,24,1,Winter,0,0,0,포레스트릿,페스츄리 소시지
2024-01-24,29,1,Winter,0,0,0,포레스트릿,페스츄리 소시지
2024-01-25,39,1,Winter,0,0,0,포레스트릿,페스츄리 소시지
2024-01-26,88,1,Winter,0,0,0,포레스트릿,페스츄리 소시지
2024-01-27,235,1,Winter,1,0,1,포레스트릿,페스츄리 소시지
2024-01-28,144,1,Winter,1,0,1,포레스트릿,페스츄리 소시지
2024-01-29,64,1,Winter,0,0,0,포레스트릿,페스츄리 소시지
2024-01-30,76,1,Winter,0,0,0,포레스트릿,페스츄리 소시지
2024-01-31,83,1,Winter,0,0,0,포레스트릿,페스츄리 소시지
2024-02-01,67,2,Winter,0,0,0,포레스트릿,페스츄리 소시지
2024-02-02,95,2,Winter,0,0,0,포레스트릿,페스츄리 소시지
2024-02-03,174,2,Winter,1,0,1,포레스트릿,페스츄리 소시지
2024-02-04,140,2,Winter,1,0,1,포레스트릿,페스츄리 소시지
2024-02-05,34,2,Winter,0,0,0,포레스트릿,페스츄리 소시지
2024-02-06,67,2,Winter,0,0,0,포레스트릿,페스츄리 소시지
2024-02-07,61,2,Winter,0,0,0,포레스트릿,페스츄리 소시지
2024-02-08,91,2,Winter,0,0,0,포레스트릿,페스츄리 소시지
2024-02-09,88,2,Winter,0,1,1,포레스트릿,페스츄리 소시지
2024-02-10,84,2,Winter,1,1,1,포레스트릿,페스츄리 소시지
2024-02-11,187,2,Winter,1,1,1,포레스트릿,페스츄리 소시지
2024-02-12,154,2,Winter,0,1,1,포레스트릿,페스츄리 소시지
2024-02-13,60,2,Winter,0,0,0,포레스트릿,페스츄리 소시지
2024-02-14,42,2,Winter,0,0,0,포레스트릿,페스츄리 소시지
2024-02-15,30,2,Winter,0,0,0,포레스트릿,페스츄리 소시지
2024-02-16,101,2,Winter,0,0,0,포레스트릿,페스츄리 소시지
2024-02-17,136,2,Winter,1,0,1,포레스트릿,페스츄리 소시지
2024-02-18,67,2,Winter,1,0,1,포레스트릿,페스츄리 소시지
2024-02-19,14,2,Winter,0,0,0,포레스트릿,페스츄리 소시지
2024-02-20,23,2,Winter,0,0,0,포레스트릿,페스츄리 소시지
2024-02-21,11,2,Winter,0,0,0,포레스트릿,페스츄리 소시지
2024-02-22,53,2,Winter,0,0,0,포레스트릿,페스츄리 소시지
2024-02-23,83,2,Winter,0,0,0,포레스트릿,페스츄리 소시지
2024-02-24,95,2,Winter,1,0,1,포레스트릿,페스츄리 소시지
2024-02-25,85,2,Winter,1,0,1,포레스트릿,페스츄리 소시지
2024-02-26,31,2,Winter,0,0,0,포레스트릿,페스츄리 소시지
2024-02-27,40,2,Winter,0,0,0,포레스트릿,페스츄리 소시지
2024-02-28,27,2,Winter,0,0,0,포레스트릿,페스츄리 소시지
2024-02-29,39,2,Winter,0,0,0,포레스트릿,페스츄리 소시지
2024-03-01,38,3,Spring,0,1,1,포레스트릿,페스츄리 소시지
2024-03-02,27,3,Spring,1,0,1,포레스트릿,페스츄리 소시지
2024-03-03,9,3,Spring,1,0,1,포레스트릿,페스츄리 소시지
2024-03-04,0,3,Spring,0,0,0,포레스트릿,페스츄리 소시지
2024-03-05,0,3,Spring,0,0,0,포레스트릿,페스츄리 소시지
2024-03-06,0,3,Spring,0,0,0,포레스트릿,페스츄리 소시지
2024-03-07,0,3,Spring,0,0,0,포레스트릿,페스츄리 소시지
2024-03-08,0,3,Spring,0,0,0,포레스트릿,페스츄리 소시지
2024-03-09,0,3,Spring,1,0,1,포레스트릿,페스츄리 소시지
2024-03-10,0,3,Spring,1,0,1,포레스트릿,페스츄리 소시지
2024-03-11,0,3,Spring,0,0,0,포레스트릿,페스츄리 소시지
2024-03-12,0,3,Spring,0,0,0,포레스트릿,페스츄리 소시지
2024-03-13,0,3,Spring,0,0,0,포레스트릿,페스츄리 소시지
2024-03-14,0,3,Spring,0,0,0,포레스트릿,페스츄리 소시지
2024-03-15,0,3,Spring,0,0,0,포레스트릿,페스츄리 소시지
2024-03-16,0,3,Spring,1,0,1,포레스트릿,페스츄리 소시지
2024-03-17,0,3,Spring,1,0,1,포레스트릿,페스츄리 소시지
2024-03-18,0,3,Spring,0,0,0,포레스트릿,페스츄리 소시지
2024-03-19,0,3,Spring,0,0,0,포레스트릿,페스츄리 소시지
2024-03-20,0,3,Spring,0,0,0,포레스트릿,페스츄리 소시지
2024-03-21,0,3,Spring,0,0,0,포레스트릿,페스츄리 소시지
2024-03-22,0,3,Spring,0,0,0,포레스트릿,페스츄리 소시지
2024-03-23,0,3,Spring,1,0,1,포레스트릿,페스츄리 소시지
2024-03-24,0,3,Spring,1,0,1,포레스트릿,페스츄리 소시지
2024-03-25,0,3,Spring,0,0,0,포레스트릿,페스츄리 소시지
2024-03-26,0,3,Spring,0,0,0,포레스트릿,페스츄리 소시지
2024-03-27,0,3,Spring,0,0,0,포레스트릿,페스츄리 소시지
2024-03-28,0,3,Spring,0,0,0,포레스트릿,페스츄리 소시지
2024-03-29,0,3,Spring,0,0,0,포레스트릿,페스츄리 소시지
2024-03-30,4,3,Spring,1,0,1,포레스트릿,페스츄리 소시지
2024-03-31,10,3,Spring,1,0,1,포레스트릿,페스츄리 소시지
2024-04-01,0,4,Spring,0,0,0,포레스트릿,페스츄리 소시지
2024-04-02,3,4,Spring,0,0,0,포레스트릿,페스츄리 소시지
2024-04-03,1,4,Spring,0,0,0,포레스트릿,페스츄리 소시지
2024-04-04,4,4,Spring,0,0,0,포레스트릿,페스츄리 소시지
2024-04-05,6,4,Spring,0,0,0,포레스트릿,페스츄리 소시지
2024-04-06,17,4,Spring,1,0,1,포레스트릿,페스츄리 소시지
2024-04-07,10,4,Spring,1,0,1,포레스트릿,페스츄리 소시지
2024-04-08,0,4,Spring,0,0,0,포레스트릿,페스츄리 소시지
2024-04-09,6,4,Spring,0,0,0,포레스트릿,페스츄리 소시지
2024-04-10,8,4,Spring,0,1,1,포레스트릿,페스츄리 소시지
2024-04-11,3,4,Spring,0,0,0,포레스트릿,페스츄리 소시지
2024-04-12,4,4,Spring,0,0,0,포레스트릿,페스츄리 소시지
2024-04-13,2,4,Spring,1,0,1,포레스트릿,페스츄리 소시지
2024-04-14,6,4,Spring,1,0,1,포레스트릿,페스츄리 소시지
2024-04-15,0,4,Spring,0,0,0,포레스트릿,페스츄리 소시지
2024-04-16,0,4,Spring,0,0,0,포레스트릿,페스츄리 소시지
2024-04-17,0,4,Spring,0,0,0,포레스트릿,페스츄리 소시지
2024-04-18,1,4,Spring,0,0,0,포레스트릿,페스츄리 소시지
2024-04-19,0,4,Spring,0,0,0,포레스트릿,페스츄리 소시지
2024-04-20,0,4,Spring,1,0,1,포레스트릿,페스츄리 소시지
2024-04-21,7,4,Spring,1,0,1,포레스트릿,페스츄리 소시지
2024-04-22,0,4,Spring,0,0,0,포레스트릿,페스츄리 소시지
2024-04-23,0,4,Spring,0,0,0,포레스트릿,페스츄리 소시지
2024-04-24,0,4,Spring,0,0,0,포레스트릿,페스츄리 소시지
2024-04-25,0,4,Spring,0,0,0,포레스트릿,페스츄리 소시지
2024-04-26,0,4,Spring,0,0,0,포레스트릿,페스츄리 소시지
2024-04-27,9,4,Spring,1,0,1,포레스트릿,페스츄리 소시지
2024-04-28,10,4,Spring,1,0,1,포레스트릿,페스츄리 소시지
2024-04-29,0,4,Spring,0,0,0,포레스트릿,페스츄리 소시지
2024-04-30,0,4,Spring,0,0,0,포레스트릿,페스츄리 소시지
2024-05-01,0,5,Spring,0,0,0,포레스트릿,페스츄리 소시지
2024-05-02,0,5,Spring,0,0,0,포레스트릿,페스츄리 소시지
2024-05-03,0,5,Spring,0,0,0,포레스트릿,페스츄리 소시지
2024-05-04,12,5,Spring,1,0,1,포레스트릿,페스츄리 소시지
2024-05-05,0,5,Spring,1,1,1,포레스트릿,페스츄리 소시지
2024-05-06,0,5,Spring,0,1,1,포레스트릿,페스츄리 소시지
2024-05-07,0,5,Spring,0,0,0,포레스트릿,페스츄리 소시지
2024-05-08,0,5,Spring,0,0,0,포레스트릿,페스츄리 소시지
2024-05-09,0,5,Spring,0,0,0,포레스트릿,페스츄리 소시지
2024-05-10,0,5,Spring,0,0,0,포레스트릿,페스츄리 소시지
2024-05-11,7,5,Spring,1,0,1,포레스트릿,페스츄리 소시지
2024-05-12,6,5,Spring,1,0,1,포레스트릿,페스츄리 소시지
2024-05-13,0,5,Spring,0,0,0,포레스트릿,페스츄리 소시지
2024-05-14,0,5,Spring,0,0,0,포레스트릿,페스츄리 소시지
2024-05-15,7,5,Spring,0,1,1,포레스트릿,페스츄리 소시지
2024-05-16,0,5,Spring,0,0,0,포레스트릿,페스츄리 소시지
2024-05-17,0,5,Spring,0,0,0,포레스트릿,페스츄리 소시지
2024-05-18,7,5,Spring,1,0,1,포레스트릿,페스츄리 소시지
2024-05-19,6,5,Spring,1,0,1,포레스트릿,페스츄리 소시지
2024-05-20,0,5,Spring,0,0,0,포레스트릿,페스츄리 소시지
2024-05-21,0,5,Spring,0,0,0,포레스트릿,페스츄리 소시지
2024-05-22,0,5,Spring,0,0,0,포레스트릿,페스츄리 소시지
2024-05-23,0,5,Spring,0,0,0,포레스트릿,페스츄리 소시지
2024-05-24,0,5,Spring,0,0,0,포레스트릿,페스츄리 소시지
2024-05-25,3,5,Spring,1,0,1,포레스트릿,페스츄리 소시지
2024-05-26,1,5,Spring,1,0,1,포레스트릿,페스츄리 소시지
2024-05-27,0,5,Spring,0,0,0,포레스트릿,페스츄리 소시지
2024-05-28,0,5,Spring,0,0,0,포레스트릿,페스츄리 소시지
2024-05-29,0,5,Spring,0,0,0,포레스트릿,페스츄리 소시지
2024-05-30,0,5,Spring,0,0,0,포레스트릿,페스츄리 소시지
2024-05-31,0,5,Spring,0,0,0,포레스트릿,페스츄리 소시지
2024-06-01,6,6,Summer,1,0,1,포레스트릿,페스츄리 소시지
2024-06-02,5,6,Summer,1,0,1,포레스트릿,페스츄리 소시지
2024-06-03,0,6,Summer,0,0,0,포레스트릿,페스츄리 소시지
2024-06-04,0,6,Summer,0,0,0,포레스트릿,페스츄리 소시지
2024-06-05,0,6,Summer,0,0,0,포레스트릿,페스츄리 소시지
2024-06-06,3,6,Summer,0,1,1,포레스트릿,페스츄리 소시지
2024-06-07,0,6,Summer,0,0,0,포레스트릿,페스츄리 소시지
2024-06-08,2,6,Summer,1,0,1,포레스트릿,페스츄리 소시지
2024-06-09,6,6,Summer,1,0,1,포레스트릿,페스츄리 소시지
2024-06-10,0,6,Summer,0,0,0,포레스트릿,페스츄리 소시지
2024-06-11,0,6,Summer,0,0,0,포레스트릿,페스츄리 소시지
2024-06-12,0,6,Summer,0,0,0,포레스트릿,페스츄리 소시지
2024-06-13,0,6,Summer,0,0,0,포레스트릿,페스츄리 소시지
2024-06-14,0,6,Summer,0,0,0,포레스트릿,페스츄리 소시지
2024-06-15,6,6,Summer,1,0,1,포레스트릿,페스츄리 소시지
