영업일자,매출수량,month,season,is_weekend,is_holiday,is_day_off,영업장명,메뉴명
2023-01-01,0,1,Winter,1,1,1,화담숲주막,느린마을 막걸리
2023-01-02,0,1,Winter,0,0,0,화담숲주막,느린마을 막걸리
2023-01-03,0,1,Winter,0,0,0,화담숲주막,느린마을 막걸리
2023-01-04,0,1,Winter,0,0,0,화담숲주막,느린마을 막걸리
2023-01-05,0,1,Winter,0,0,0,화담숲주막,느린마을 막걸리
2023-01-06,0,1,Winter,0,0,0,화담숲주막,느린마을 막걸리
2023-01-07,0,1,Winter,1,0,1,화담숲주막,느린마을 막걸리
2023-01-08,0,1,Winter,1,0,1,화담숲주막,느린마을 막걸리
2023-01-09,0,1,Winter,0,0,0,화담숲주막,느린마을 막걸리
2023-01-10,0,1,Winter,0,0,0,화담숲주막,느린마을 막걸리
2023-01-11,0,1,Winter,0,0,0,화담숲주막,느린마을 막걸리
2023-01-12,0,1,Winter,0,0,0,화담숲주막,느린마을 막걸리
2023-01-13,0,1,Winter,0,0,0,화담숲주막,느린마을 막걸리
2023-01-14,0,1,Winter,1,0,1,화담숲주막,느린마을 막걸리
2023-01-15,0,1,Winter,1,0,1,화담숲주막,느린마을 막걸리
2023-01-16,0,1,Winter,0,0,0,화담숲주막,느린마을 막걸리
2023-01-17,0,1,Winter,0,0,0,화담숲주막,느린마을 막걸리
2023-01-18,0,1,Winter,0,0,0,화담숲주막,느린마을 막걸리
2023-01-19,0,1,Winter,0,0,0,화담숲주막,느린마을 막걸리
2023-01-20,0,1,Winter,0,0,0,화담숲주막,느린마을 막걸리
2023-01-21,0,1,Winter,1,1,1,화담숲주막,느린마을 막걸리
2023-01-22,0,1,Winter,1,1,1,화담숲주막,느린마을 막걸리
2023-01-23,0,1,Winter,0,1,1,화담숲주막,느린마을 막걸리
2023-01-24,0,1,Winter,0,1,1,화담숲주막,느린마을 막걸리
2023-01-25,0,1,Winter,0,0,0,화담숲주막,느린마을 막걸리
2023-01-26,0,1,Winter,0,0,0,화담숲주막,느린마을 막걸리
2023-01-27,0,1,Winter,0,0,0,화담숲주막,느린마을 막걸리
2023-01-28,0,1,Winter,1,0,1,화담숲주막,느린마을 막걸리
2023-01-29,0,1,Winter,1,0,1,화담숲주막,느린마을 막걸리
2023-01-30,0,1,Winter,0,0,0,화담숲주막,느린마을 막걸리
2023-01-31,0,1,Winter,0,0,0,화담숲주막,느린마을 막걸리
2023-02-01,0,2,Winter,0,0,0,화담숲주막,느린마을 막걸리
2023-02-02,0,2,Winter,0,0,0,화담숲주막,느린마을 막걸리
2023-02-03,0,2,Winter,0,0,0,화담숲주막,느린마을 막걸리
2023-02-04,0,2,Winter,1,0,1,화담숲주막,느린마을 막걸리
2023-02-05,0,2,Winter,1,0,1,화담숲주막,느린마을 막걸리
2023-02-06,0,2,Winter,0,0,0,화담숲주막,느린마을 막걸리
2023-02-07,0,2,Winter,0,0,0,화담숲주막,느린마을 막걸리
2023-02-08,0,2,Winter,0,0,0,화담숲주막,느린마을 막걸리
2023-02-09,0,2,Winter,0,0,0,화담숲주막,느린마을 막걸리
2023-02-10,0,2,Winter,0,0,0,화담숲주막,느린마을 막걸리
2023-02-11,0,2,Winter,1,0,1,화담숲주막,느린마을 막걸리
2023-02-12,0,2,Winter,1,0,1,화담숲주막,느린마을 막걸리
2023-02-13,0,2,Winter,0,0,0,화담숲주막,느린마을 막걸리
2023-02-14,0,2,Winter,0,0,0,화담숲주막,느린마을 막걸리
2023-02-15,0,2,Winter,0,0,0,화담숲주막,느린마을 막걸리
2023-02-16,0,2,Winter,0,0,0,화담숲주막,느린마을 막걸리
2023-02-17,0,2,Winter,0,0,0,화담숲주막,느린마을 막걸리
2023-02-18,0,2,Winter,1,0,1,화담숲주막,느린마을 막걸리
2023-02-19,0,2,Winter,1,0,1,화담숲주막,느린마을 막걸리
2023-02-20,0,2,Winter,0,0,0,화담숲주막,느린마을 막걸리
2023-02-21,0,2,Winter,0,0,0,화담숲주막,느린마을 막걸리
2023-02-22,0,2,Winter,0,0,0,화담숲주막,느린마을 막걸리
2023-02-23,0,2,Winter,0,0,0,화담숲주막,느린마을 막걸리
2023-02-24,0,2,Winter,0,0,0,화담숲주막,느린마을 막걸리
2023-02-25,0,2,Winter,1,0,1,화담숲주막,느린마을 막걸리
2023-02-26,0,2,Winter,1,0,1,화담숲주막,느린마을 막걸리
2023-02-27,0,2,Winter,0,0,0,화담숲주막,느린마을 막걸리
2023-02-28,0,2,Winter,0,0,0,화담숲주막,느린마을 막걸리
2023-03-01,0,3,Spring,0,1,1,화담숲주막,느린마을 막걸리
2023-03-02,0,3,Spring,0,0,0,화담숲주막,느린마을 막걸리
2023-03-03,0,3,Spring,0,0,0,화담숲주막,느린마을 막걸리
2023-03-04,0,3,Spring,1,0,1,화담숲주막,느린마을 막걸리
2023-03-05,0,3,Spring,1,0,1,화담숲주막,느린마을 막걸리
2023-03-06,0,3,Spring,0,0,0,화담숲주막,느린마을 막걸리
2023-03-07,0,3,Spring,0,0,0,화담숲주막,느린마을 막걸리
2023-03-08,0,3,Spring,0,0,0,화담숲주막,느린마을 막걸리
2023-03-09,0,3,Spring,0,0,0,화담숲주막,느린마을 막걸리
2023-03-10,0,3,Spring,0,0,0,화담숲주막,느린마을 막걸리
2023-03-11,0,3,Spring,1,0,1,화담숲주막,느린마을 막걸리
2023-03-12,0,3,Spring,1,0,1,화담숲주막,느린마을 막걸리
2023-03-13,0,3,Spring,0,0,0,화담숲주막,느린마을 막걸리
2023-03-14,0,3,Spring,0,0,0,화담숲주막,느린마을 막걸리
2023-03-15,0,3,Spring,0,0,0,화담숲주막,느린마을 막걸리
2023-03-16,0,3,Spring,0,0,0,화담숲주막,느린마을 막걸리
2023-03-17,0,3,Spring,0,0,0,화담숲주막,느린마을 막걸리
2023-03-18,0,3,Spring,1,0,1,화담숲주막,느린마을 막걸리
2023-03-19,0,3,Spring,1,0,1,화담숲주막,느린마을 막걸리
2023-03-20,0,3,Spring,0,0,0,화담숲주막,느린마을 막걸리
2023-03-21,0,3,Spring,0,0,0,화담숲주막,느린마을 막걸리
2023-03-22,0,3,Spring,0,0,0,화담숲주막,느린마을 막걸리
2023-03-23,0,3,Spring,0,0,0,화담숲주막,느린마을 막걸리
2023-03-24,0,3,Spring,0,0,0,화담숲주막,느린마을 막걸리
2023-03-25,0,3,Spring,1,0,1,화담숲주막,느린마을 막걸리
2023-03-26,0,3,Spring,1,0,1,화담숲주막,느린마을 막걸리
2023-03-27,0,3,Spring,0,0,0,화담숲주막,느린마을 막걸리
2023-03-28,0,3,Spring,0,0,0,화담숲주막,느린마을 막걸리
2023-03-29,0,3,Spring,0,0,0,화담숲주막,느린마을 막걸리
2023-03-30,0,3,Spring,0,0,0,화담숲주막,느린마을 막걸리
2023-03-31,86,3,Spring,0,0,0,화담숲주막,느린마을 막걸리
2023-04-01,84,4,Spring,1,0,1,화담숲주막,느린마을 막걸리
2023-04-02,103,4,Spring,1,0,1,화담숲주막,느린마을 막걸리
2023-04-03,0,4,Spring,0,0,0,화담숲주막,느린마을 막걸리
2023-04-04,76,4,Spring,0,0,0,화담숲주막,느린마을 막걸리
2023-04-05,42,4,Spring,0,0,0,화담숲주막,느린마을 막걸리
2023-04-06,35,4,Spring,0,0,0,화담숲주막,느린마을 막걸리
2023-04-07,91,4,Spring,0,0,0,화담숲주막,느린마을 막걸리
2023-04-08,91,4,Spring,1,0,1,화담숲주막,느린마을 막걸리
2023-04-09,108,4,Spring,1,0,1,화담숲주막,느린마을 막걸리
2023-04-10,0,4,Spring,0,0,0,화담숲주막,느린마을 막걸리
2023-04-11,29,4,Spring,0,0,0,화담숲주막,느린마을 막걸리
2023-04-12,85,4,Spring,0,0,0,화담숲주막,느린마을 막걸리
2023-04-13,87,4,Spring,0,0,0,화담숲주막,느린마을 막걸리
2023-04-14,57,4,Spring,0,0,0,화담숲주막,느린마을 막걸리
2023-04-15,47,4,Spring,1,0,1,화담숲주막,느린마을 막걸리
2023-04-16,76,4,Spring,1,0,1,화담숲주막,느린마을 막걸리
2023-04-17,0,4,Spring,0,0,0,화담숲주막,느린마을 막걸리
2023-04-18,18,4,Spring,0,0,0,화담숲주막,느린마을 막걸리
2023-04-19,51,4,Spring,0,0,0,화담숲주막,느린마을 막걸리
2023-04-20,15,4,Spring,0,0,0,화담숲주막,느린마을 막걸리
2023-04-21,86,4,Spring,0,0,0,화담숲주막,느린마을 막걸리
2023-04-22,93,4,Spring,1,0,1,화담숲주막,느린마을 막걸리
2023-04-23,148,4,Spring,1,0,1,화담숲주막,느린마을 막걸리
2023-04-24,0,4,Spring,0,0,0,화담숲주막,느린마을 막걸리
2023-04-25,27,4,Spring,0,0,0,화담숲주막,느린마을 막걸리
2023-04-26,22,4,Spring,0,0,0,화담숲주막,느린마을 막걸리
2023-04-27,56,4,Spring,0,0,0,화담숲주막,느린마을 막걸리
2023-04-28,32,4,Spring,0,0,0,화담숲주막,느린마을 막걸리
2023-04-29,43,4,Spring,1,0,1,화담숲주막,느린마을 막걸리
2023-04-30,82,4,Spring,1,0,1,화담숲주막,느린마을 막걸리
2023-05-01,51,5,Spring,0,0,0,화담숲주막,느린마을 막걸리
2023-05-02,28,5,Spring,0,0,0,화담숲주막,느린마을 막걸리
2023-05-03,46,5,Spring,0,0,0,화담숲주막,느린마을 막걸리
2023-05-04,25,5,Spring,0,0,0,화담숲주막,느린마을 막걸리
2023-05-05,18,5,Spring,0,1,1,화담숲주막,느린마을 막걸리
2023-05-06,22,5,Spring,1,0,1,화담숲주막,느린마을 막걸리
2023-05-07,48,5,Spring,1,0,1,화담숲주막,느린마을 막걸리
2023-05-08,0,5,Spring,0,0,0,화담숲주막,느린마을 막걸리
2023-05-09,16,5,Spring,0,0,0,화담숲주막,느린마을 막걸리
2023-05-10,31,5,Spring,0,0,0,화담숲주막,느린마을 막걸리
2023-05-11,18,5,Spring,0,0,0,화담숲주막,느린마을 막걸리
2023-05-12,25,5,Spring,0,0,0,화담숲주막,느린마을 막걸리
2023-05-13,76,5,Spring,1,0,1,화담숲주막,느린마을 막걸리
2023-05-14,46,5,Spring,1,0,1,화담숲주막,느린마을 막걸리
2023-05-15,0,5,Spring,0,0,0,화담숲주막,느린마을 막걸리
2023-05-16,26,5,Spring,0,0,0,화담숲주막,느린마을 막걸리
2023-05-17,20,5,Spring,0,0,0,화담숲주막,느린마을 막걸리
2023-05-18,18,5,Spring,0,0,0,화담숲주막,느린마을 막걸리
2023-05-19,56,5,Spring,0,0,0,화담숲주막,느린마을 막걸리
2023-05-20,62,5,Spring,1,0,1,화담숲주막,느린마을 막걸리
2023-05-21,60,5,Spring,1,0,1,화담숲주막,느린마을 막걸리
2023-05-22,0,5,Spring,0,0,0,화담숲주막,느린마을 막걸리
2023-05-23,17,5,Spring,0,0,0,화담숲주막,느린마을 막걸리
2023-05-24,8,5,Spring,0,0,0,화담숲주막,느린마을 막걸리
2023-05-25,8,5,Spring,0,0,0,화담숲주막,느린마을 막걸리
2023-05-26,11,5,Spring,0,0,0,화담숲주막,느린마을 막걸리
2023-05-27,57,5,Spring,1,1,1,화담숲주막,느린마을 막걸리
2023-05-28,30,5,Spring,1,0,1,화담숲주막,느린마을 막걸리
2023-05-29,16,5,Spring,0,1,1,화담숲주막,느린마을 막걸리
2023-05-30,12,5,Spring,0,0,0,화담숲주막,느린마을 막걸리
2023-05-31,3,5,Spring,0,0,0,화담숲주막,느린마을 막걸리
2023-06-01,16,6,Summer,0,0,0,화담숲주막,느린마을 막걸리
2023-06-02,29,6,Summer,0,0,0,화담숲주막,느린마을 막걸리
2023-06-03,52,6,Summer,1,0,1,화담숲주막,느린마을 막걸리
2023-06-04,34,6,Summer,1,0,1,화담숲주막,느린마을 막걸리
2023-06-05,40,6,Summer,0,0,0,화담숲주막,느린마을 막걸리
2023-06-06,67,6,Summer,0,1,1,화담숲주막,느린마을 막걸리
2023-06-07,21,6,Summer,0,0,0,화담숲주막,느린마을 막걸리
2023-06-08,24,6,Summer,0,0,0,화담숲주막,느린마을 막걸리
2023-06-09,43,6,Summer,0,0,0,화담숲주막,느린마을 막걸리
2023-06-10,67,6,Summer,1,0,1,화담숲주막,느린마을 막걸리
2023-06-11,47,6,Summer,1,0,1,화담숲주막,느린마을 막걸리
2023-06-12,0,6,Summer,0,0,0,화담숲주막,느린마을 막걸리
2023-06-13,26,6,Summer,0,0,0,화담숲주막,느린마을 막걸리
2023-06-14,27,6,Summer,0,0,0,화담숲주막,느린마을 막걸리
2023-06-15,24,6,Summer,0,0,0,화담숲주막,느린마을 막걸리
2023-06-16,42,6,Summer,0,0,0,화담숲주막,느린마을 막걸리
2023-06-17,21,6,Summer,1,0,1,화담숲주막,느린마을 막걸리
2023-06-18,28,6,Summer,1,0,1,화담숲주막,느린마을 막걸리
2023-06-19,0,6,Summer,0,0,0,화담숲주막,느린마을 막걸리
2023-06-20,5,6,Summer,0,0,0,화담숲주막,느린마을 막걸리
2023-06-21,19,6,Summer,0,0,0,화담숲주막,느린마을 막걸리
2023-06-22,33,6,Summer,0,0,0,화담숲주막,느린마을 막걸리
2023-06-23,38,6,Summer,0,0,0,화담숲주막,느린마을 막걸리
2023-06-24,33,6,Summer,1,0,1,화담숲주막,느린마을 막걸리
2023-06-25,43,6,Summer,1,0,1,화담숲주막,느린마을 막걸리
2023-06-26,0,6,Summer,0,0,0,화담숲주막,느린마을 막걸리
2023-06-27,7,6,Summer,0,0,0,화담숲주막,느린마을 막걸리
2023-06-28,7,6,Summer,0,0,0,화담숲주막,느린마을 막걸리
2023-06-29,7,6,Summer,0,0,0,화담숲주막,느린마을 막걸리
2023-06-30,24,6,Summer,0,0,0,화담숲주막,느린마을 막걸리
2023-07-01,31,7,Summer,1,0,1,화담숲주막,느린마을 막걸리
2023-07-02,15,7,Summer,1,0,1,화담숲주막,느린마을 막걸리
2023-07-03,0,7,Summer,0,0,0,화담숲주막,느린마을 막걸리
2023-07-04,1,7,Summer,0,0,0,화담숲주막,느린마을 막걸리
2023-07-05,6,7,Summer,0,0,0,화담숲주막,느린마을 막걸리
2023-07-06,4,7,Summer,0,0,0,화담숲주막,느린마을 막걸리
2023-07-07,17,7,Summer,0,0,0,화담숲주막,느린마을 막걸리
2023-07-08,34,7,Summer,1,0,1,화담숲주막,느린마을 막걸리
2023-07-09,18,7,Summer,1,0,1,화담숲주막,느린마을 막걸리
2023-07-10,0,7,Summer,0,0,0,화담숲주막,느린마을 막걸리
2023-07-11,5,7,Summer,0,0,0,화담숲주막,느린마을 막걸리
2023-07-12,1,7,Summer,0,0,0,화담숲주막,느린마을 막걸리
2023-07-13,8,7,Summer,0,0,0,화담숲주막,느린마을 막걸리
2023-07-14,22,7,Summer,0,0,0,화담숲주막,느린마을 막걸리
2023-07-15,24,7,Summer,1,0,1,화담숲주막,느린마을 막걸리
2023-07-16,17,7,Summer,1,0,1,화담숲주막,느린마을 막걸리
2023-07-17,0,7,Summer,0,0,0,화담숲주막,느린마을 막걸리
2023-07-18,10,7,Summer,0,0,0,화담숲주막,느린마을 막걸리
2023-07-19,1,7,Summer,0,0,0,화담숲주막,느린마을 막걸리
2023-07-20,0,7,Summer,0,0,0,화담숲주막,느린마을 막걸리
2023-07-21,6,7,Summer,0,0,0,화담숲주막,느린마을 막걸리
2023-07-22,23,7,Summer,1,0,1,화담숲주막,느린마을 막걸리
2023-07-23,13,7,Summer,1,0,1,화담숲주막,느린마을 막걸리
2023-07-24,0,7,Summer,0,0,0,화담숲주막,느린마을 막걸리
2023-07-25,14,7,Summer,0,0,0,화담숲주막,느린마을 막걸리
2023-07-26,12,7,Summer,0,0,0,화담숲주막,느린마을 막걸리
2023-07-27,6,7,Summer,0,0,0,화담숲주막,느린마을 막걸리
2023-07-28,7,7,Summer,0,0,0,화담숲주막,느린마을 막걸리
2023-07-29,28,7,Summer,1,0,1,화담숲주막,느린마을 막걸리
2023-07-30,18,7,Summer,1,0,1,화담숲주막,느린마을 막걸리
2023-07-31,0,7,Summer,0,0,0,화담숲주막,느린마을 막걸리
2023-08-01,6,8,Summer,0,0,0,화담숲주막,느린마을 막걸리
2023-08-02,8,8,Summer,0,0,0,화담숲주막,느린마을 막걸리
2023-08-03,10,8,Summer,0,0,0,화담숲주막,느린마을 막걸리
2023-08-04,6,8,Summer,0,0,0,화담숲주막,느린마을 막걸리
2023-08-05,15,8,Summer,1,0,1,화담숲주막,느린마을 막걸리
2023-08-06,7,8,Summer,1,0,1,화담숲주막,느린마을 막걸리
2023-08-07,0,8,Summer,0,0,0,화담숲주막,느린마을 막걸리
2023-08-08,8,8,Summer,0,0,0,화담숲주막,느린마을 막걸리
2023-08-09,3,8,Summer,0,0,0,화담숲주막,느린마을 막걸리
2023-08-10,0,8,Summer,0,0,0,화담숲주막,느린마을 막걸리
2023-08-11,11,8,Summer,0,0,0,화담숲주막,느린마을 막걸리
2023-08-12,24,8,Summer,1,0,1,화담숲주막,느린마을 막걸리
2023-08-13,22,8,Summer,1,0,1,화담숲주막,느린마을 막걸리
2023-08-14,15,8,Summer,0,0,0,화담숲주막,느린마을 막걸리
2023-08-15,16,8,Summer,0,1,1,화담숲주막,느린마을 막걸리
2023-08-16,6,8,Summer,0,0,0,화담숲주막,느린마을 막걸리
2023-08-17,2,8,Summer,0,0,0,화담숲주막,느린마을 막걸리
2023-08-18,4,8,Summer,0,0,0,화담숲주막,느린마을 막걸리
2023-08-19,22,8,Summer,1,0,1,화담숲주막,느린마을 막걸리
2023-08-20,12,8,Summer,1,0,1,화담숲주막,느린마을 막걸리
2023-08-21,0,8,Summer,0,0,0,화담숲주막,느린마을 막걸리
2023-08-22,3,8,Summer,0,0,0,화담숲주막,느린마을 막걸리
2023-08-23,0,8,Summer,0,0,0,화담숲주막,느린마을 막걸리
2023-08-24,4,8,Summer,0,0,0,화담숲주막,느린마을 막걸리
2023-08-25,14,8,Summer,0,0,0,화담숲주막,느린마을 막걸리
2023-08-26,31,8,Summer,1,0,1,화담숲주막,느린마을 막걸리
2023-08-27,18,8,Summer,1,0,1,화담숲주막,느린마을 막걸리
2023-08-28,0,8,Summer,0,0,0,화담숲주막,느린마을 막걸리
2023-08-29,8,8,Summer,0,0,0,화담숲주막,느린마을 막걸리
2023-08-30,7,8,Summer,0,0,0,화담숲주막,느린마을 막걸리
2023-08-31,11,8,Summer,0,0,0,화담숲주막,느린마을 막걸리
2023-09-01,18,9,Autumn,0,0,0,화담숲주막,느린마을 막걸리
2023-09-02,72,9,Autumn,1,0,1,화담숲주막,느린마을 막걸리
2023-09-03,23,9,Autumn,1,0,1,화담숲주막,느린마을 막걸리
2023-09-04,0,9,Autumn,0,0,0,화담숲주막,느린마을 막걸리
2023-09-05,3,9,Autumn,0,0,0,화담숲주막,느린마을 막걸리
2023-09-06,3,9,Autumn,0,0,0,화담숲주막,느린마을 막걸리
2023-09-07,8,9,Autumn,0,0,0,화담숲주막,느린마을 막걸리
2023-09-08,56,9,Autumn,0,0,0,화담숲주막,느린마을 막걸리
2023-09-09,44,9,Autumn,1,0,1,화담숲주막,느린마을 막걸리
2023-09-10,42,9,Autumn,1,0,1,화담숲주막,느린마을 막걸리
2023-09-11,0,9,Autumn,0,0,0,화담숲주막,느린마을 막걸리
2023-09-12,18,9,Autumn,0,0,0,화담숲주막,느린마을 막걸리
2023-09-13,6,9,Autumn,0,0,0,화담숲주막,느린마을 막걸리
2023-09-14,19,9,Autumn,0,0,0,화담숲주막,느린마을 막걸리
2023-09-15,32,9,Autumn,0,0,0,화담숲주막,느린마을 막걸리
2023-09-16,56,9,Autumn,1,0,1,화담숲주막,느린마을 막걸리
2023-09-17,41,9,Autumn,1,0,1,화담숲주막,느린마을 막걸리
2023-09-18,0,9,Autumn,0,0,0,화담숲주막,느린마을 막걸리
2023-09-19,19,9,Autumn,0,0,0,화담숲주막,느린마을 막걸리
2023-09-20,9,9,Autumn,0,0,0,화담숲주막,느린마을 막걸리
2023-09-21,34,9,Autumn,0,0,0,화담숲주막,느린마을 막걸리
2023-09-22,41,9,Autumn,0,0,0,화담숲주막,느린마을 막걸리
2023-09-23,93,9,Autumn,1,0,1,화담숲주막,느린마을 막걸리
2023-09-24,79,9,Autumn,1,0,1,화담숲주막,느린마을 막걸리
2023-09-25,0,9,Autumn,0,0,0,화담숲주막,느린마을 막걸리
2023-09-26,16,9,Autumn,0,0,0,화담숲주막,느린마을 막걸리
2023-09-27,8,9,Autumn,0,0,0,화담숲주막,느린마을 막걸리
2023-09-28,103,9,Autumn,0,1,1,화담숲주막,느린마을 막걸리
2023-09-29,126,9,Autumn,0,1,1,화담숲주막,느린마을 막걸리
2023-09-30,127,9,Autumn,1,1,1,화담숲주막,느린마을 막걸리
2023-10-01,133,10,Autumn,1,0,1,화담숲주막,느린마을 막걸리
2023-10-02,101,10,Autumn,0,1,1,화담숲주막,느린마을 막걸리
2023-10-03,88,10,Autumn,0,1,1,화담숲주막,느린마을 막걸리
2023-10-04,33,10,Autumn,0,0,0,화담숲주막,느린마을 막걸리
2023-10-05,29,10,Autumn,0,0,0,화담숲주막,느린마을 막걸리
2023-10-06,42,10,Autumn,0,0,0,화담숲주막,느린마을 막걸리
2023-10-07,143,10,Autumn,1,0,1,화담숲주막,느린마을 막걸리
2023-10-08,158,10,Autumn,1,0,1,화담숲주막,느린마을 막걸리
2023-10-09,120,10,Autumn,0,1,1,화담숲주막,느린마을 막걸리
2023-10-10,72,10,Autumn,0,0,0,화담숲주막,느린마을 막걸리
2023-10-11,84,10,Autumn,0,0,0,화담숲주막,느린마을 막걸리
2023-10-12,92,10,Autumn,0,0,0,화담숲주막,느린마을 막걸리
2023-10-13,112,10,Autumn,0,0,0,화담숲주막,느린마을 막걸리
2023-10-14,106,10,Autumn,1,0,1,화담숲주막,느린마을 막걸리
2023-10-15,147,10,Autumn,1,0,1,화담숲주막,느린마을 막걸리
2023-10-16,0,10,Autumn,0,0,0,화담숲주막,느린마을 막걸리
2023-10-17,113,10,Autumn,0,0,0,화담숲주막,느린마을 막걸리
2023-10-18,158,10,Autumn,0,0,0,화담숲주막,느린마을 막걸리
2023-10-19,113,10,Autumn,0,0,0,화담숲주막,느린마을 막걸리
2023-10-20,136,10,Autumn,0,0,0,화담숲주막,느린마을 막걸리
2023-10-21,113,10,Autumn,1,0,1,화담숲주막,느린마을 막걸리
2023-10-22,126,10,Autumn,1,0,1,화담숲주막,느린마을 막걸리
2023-10-23,123,10,Autumn,0,0,0,화담숲주막,느린마을 막걸리
2023-10-24,138,10,Autumn,0,0,0,화담숲주막,느린마을 막걸리
2023-10-25,115,10,Autumn,0,0,0,화담숲주막,느린마을 막걸리
2023-10-26,109,10,Autumn,0,0,0,화담숲주막,느린마을 막걸리
2023-10-27,122,10,Autumn,0,0,0,화담숲주막,느린마을 막걸리
2023-10-28,127,10,Autumn,1,0,1,화담숲주막,느린마을 막걸리
2023-10-29,135,10,Autumn,1,0,1,화담숲주막,느린마을 막걸리
2023-10-30,110,10,Autumn,0,0,0,화담숲주막,느린마을 막걸리
2023-10-31,140,10,Autumn,0,0,0,화담숲주막,느린마을 막걸리
2023-11-01,122,11,Autumn,0,0,0,화담숲주막,느린마을 막걸리
2023-11-02,151,11,Autumn,0,0,0,화담숲주막,느린마을 막걸리
2023-11-03,144,11,Autumn,0,0,0,화담숲주막,느린마을 막걸리
2023-11-04,193,11,Autumn,1,0,1,화담숲주막,느린마을 막걸리
2023-11-05,149,11,Autumn,1,0,1,화담숲주막,느린마을 막걸리
2023-11-06,84,11,Autumn,0,0,0,화담숲주막,느린마을 막걸리
2023-11-07,134,11,Autumn,0,0,0,화담숲주막,느린마을 막걸리
2023-11-08,137,11,Autumn,0,0,0,화담숲주막,느린마을 막걸리
2023-11-09,160,11,Autumn,0,0,0,화담숲주막,느린마을 막걸리
2023-11-10,97,11,Autumn,0,0,0,화담숲주막,느린마을 막걸리
2023-11-11,105,11,Autumn,1,0,1,화담숲주막,느린마을 막걸리
2023-11-12,104,11,Autumn,1,0,1,화담숲주막,느린마을 막걸리
2023-11-13,66,11,Autumn,0,0,0,화담숲주막,느린마을 막걸리
2023-11-14,94,11,Autumn,0,0,0,화담숲주막,느린마을 막걸리
2023-11-15,69,11,Autumn,0,0,0,화담숲주막,느린마을 막걸리
2023-11-16,34,11,Autumn,0,0,0,화담숲주막,느린마을 막걸리
2023-11-17,26,11,Autumn,0,0,0,화담숲주막,느린마을 막걸리
2023-11-18,57,11,Autumn,1,0,1,화담숲주막,느린마을 막걸리
2023-11-19,54,11,Autumn,1,0,1,화담숲주막,느린마을 막걸리
2023-11-20,0,11,Autumn,0,0,0,화담숲주막,느린마을 막걸리
2023-11-21,40,11,Autumn,0,0,0,화담숲주막,느린마을 막걸리
2023-11-22,14,11,Autumn,0,0,0,화담숲주막,느린마을 막걸리
2023-11-23,23,11,Autumn,0,0,0,화담숲주막,느린마을 막걸리
2023-11-24,8,11,Autumn,0,0,0,화담숲주막,느린마을 막걸리
2023-11-25,25,11,Autumn,1,0,1,화담숲주막,느린마을 막걸리
2023-11-26,39,11,Autumn,1,0,1,화담숲주막,느린마을 막걸리
2023-11-27,0,11,Autumn,0,0,0,화담숲주막,느린마을 막걸리
2023-11-28,0,11,Autumn,0,0,0,화담숲주막,느린마을 막걸리
2023-11-29,0,11,Autumn,0,0,0,화담숲주막,느린마을 막걸리
2023-11-30,0,11,Autumn,0,0,0,화담숲주막,느린마을 막걸리
2023-12-01,0,12,Winter,0,0,0,화담숲주막,느린마을 막걸리
2023-12-02,0,12,Winter,1,0,1,화담숲주막,느린마을 막걸리
2023-12-03,0,12,Winter,1,0,1,화담숲주막,느린마을 막걸리
2023-12-04,0,12,Winter,0,0,0,화담숲주막,느린마을 막걸리
2023-12-05,0,12,Winter,0,0,0,화담숲주막,느린마을 막걸리
2023-12-06,0,12,Winter,0,0,0,화담숲주막,느린마을 막걸리
2023-12-07,0,12,Winter,0,0,0,화담숲주막,느린마을 막걸리
2023-12-08,0,12,Winter,0,0,0,화담숲주막,느린마을 막걸리
2023-12-09,0,12,Winter,1,0,1,화담숲주막,느린마을 막걸리
2023-12-10,0,12,Winter,1,0,1,화담숲주막,느린마을 막걸리
2023-12-11,0,12,Winter,0,0,0,화담숲주막,느린마을 막걸리
2023-12-12,0,12,Winter,0,0,0,화담숲주막,느린마을 막걸리
2023-12-13,0,12,Winter,0,0,0,화담숲주막,느린마을 막걸리
2023-12-14,0,12,Winter,0,0,0,화담숲주막,느린마을 막걸리
2023-12-15,0,12,Winter,0,0,0,화담숲주막,느린마을 막걸리
2023-12-16,0,12,Winter,1,0,1,화담숲주막,느린마을 막걸리
2023-12-17,0,12,Winter,1,0,1,화담숲주막,느린마을 막걸리
2023-12-18,0,12,Winter,0,0,0,화담숲주막,느린마을 막걸리
2023-12-19,0,12,Winter,0,0,0,화담숲주막,느린마을 막걸리
2023-12-20,0,12,Winter,0,0,0,화담숲주막,느린마을 막걸리
2023-12-21,0,12,Winter,0,0,0,화담숲주막,느린마을 막걸리
2023-12-22,0,12,Winter,0,0,0,화담숲주막,느린마을 막걸리
2023-12-23,0,12,Winter,1,0,1,화담숲주막,느린마을 막걸리
2023-12-24,0,12,Winter,1,0,1,화담숲주막,느린마을 막걸리
2023-12-25,0,12,Winter,0,1,1,화담숲주막,느린마을 막걸리
2023-12-26,0,12,Winter,0,0,0,화담숲주막,느린마을 막걸리
2023-12-27,0,12,Winter,0,0,0,화담숲주막,느린마을 막걸리
2023-12-28,0,12,Winter,0,0,0,화담숲주막,느린마을 막걸리
2023-12-29,0,12,Winter,0,0,0,화담숲주막,느린마을 막걸리
2023-12-30,0,12,Winter,1,0,1,화담숲주막,느린마을 막걸리
2023-12-31,0,12,Winter,1,0,1,화담숲주막,느린마을 막걸리
2024-01-01,0,1,Winter,0,1,1,화담숲주막,느린마을 막걸리
2024-01-02,0,1,Winter,0,0,0,화담숲주막,느린마을 막걸리
2024-01-03,0,1,Winter,0,0,0,화담숲주막,느린마을 막걸리
2024-01-04,0,1,Winter,0,0,0,화담숲주막,느린마을 막걸리
2024-01-05,0,1,Winter,0,0,0,화담숲주막,느린마을 막걸리
2024-01-06,0,1,Winter,1,0,1,화담숲주막,느린마을 막걸리
2024-01-07,0,1,Winter,1,0,1,화담숲주막,느린마을 막걸리
2024-01-08,0,1,Winter,0,0,0,화담숲주막,느린마을 막걸리
2024-01-09,0,1,Winter,0,0,0,화담숲주막,느린마을 막걸리
2024-01-10,0,1,Winter,0,0,0,화담숲주막,느린마을 막걸리
2024-01-11,0,1,Winter,0,0,0,화담숲주막,느린마을 막걸리
2024-01-12,0,1,Winter,0,0,0,화담숲주막,느린마을 막걸리
2024-01-13,0,1,Winter,1,0,1,화담숲주막,느린마을 막걸리
2024-01-14,0,1,Winter,1,0,1,화담숲주막,느린마을 막걸리
2024-01-15,0,1,Winter,0,0,0,화담숲주막,느린마을 막걸리
2024-01-16,0,1,Winter,0,0,0,화담숲주막,느린마을 막걸리
2024-01-17,0,1,Winter,0,0,0,화담숲주막,느린마을 막걸리
2024-01-18,0,1,Winter,0,0,0,화담숲주막,느린마을 막걸리
2024-01-19,0,1,Winter,0,0,0,화담숲주막,느린마을 막걸리
2024-01-20,0,1,Winter,1,0,1,화담숲주막,느린마을 막걸리
2024-01-21,0,1,Winter,1,0,1,화담숲주막,느린마을 막걸리
2024-01-22,0,1,Winter,0,0,0,화담숲주막,느린마을 막걸리
2024-01-23,0,1,Winter,0,0,0,화담숲주막,느린마을 막걸리
2024-01-24,0,1,Winter,0,0,0,화담숲주막,느린마을 막걸리
2024-01-25,0,1,Winter,0,0,0,화담숲주막,느린마을 막걸리
2024-01-26,0,1,Winter,0,0,0,화담숲주막,느린마을 막걸리
2024-01-27,0,1,Winter,1,0,1,화담숲주막,느린마을 막걸리
2024-01-28,0,1,Winter,1,0,1,화담숲주막,느린마을 막걸리
2024-01-29,0,1,Winter,0,0,0,화담숲주막,느린마을 막걸리
2024-01-30,0,1,Winter,0,0,0,화담숲주막,느린마을 막걸리
2024-01-31,0,1,Winter,0,0,0,화담숲주막,느린마을 막걸리
2024-02-01,0,2,Winter,0,0,0,화담숲주막,느린마을 막걸리
2024-02-02,0,2,Winter,0,0,0,화담숲주막,느린마을 막걸리
2024-02-03,0,2,Winter,1,0,1,화담숲주막,느린마을 막걸리
2024-02-04,0,2,Winter,1,0,1,화담숲주막,느린마을 막걸리
2024-02-05,0,2,Winter,0,0,0,화담숲주막,느린마을 막걸리
2024-02-06,0,2,Winter,0,0,0,화담숲주막,느린마을 막걸리
2024-02-07,0,2,Winter,0,0,0,화담숲주막,느린마을 막걸리
2024-02-08,0,2,Winter,0,0,0,화담숲주막,느린마을 막걸리
2024-02-09,0,2,Winter,0,1,1,화담숲주막,느린마을 막걸리
2024-02-10,0,2,Winter,1,1,1,화담숲주막,느린마을 막걸리
2024-02-11,0,2,Winter,1,1,1,화담숲주막,느린마을 막걸리
2024-02-12,0,2,Winter,0,1,1,화담숲주막,느린마을 막걸리
2024-02-13,0,2,Winter,0,0,0,화담숲주막,느린마을 막걸리
2024-02-14,0,2,Winter,0,0,0,화담숲주막,느린마을 막걸리
2024-02-15,0,2,Winter,0,0,0,화담숲주막,느린마을 막걸리
2024-02-16,0,2,Winter,0,0,0,화담숲주막,느린마을 막걸리
2024-02-17,0,2,Winter,1,0,1,화담숲주막,느린마을 막걸리
2024-02-18,0,2,Winter,1,0,1,화담숲주막,느린마을 막걸리
2024-02-19,0,2,Winter,0,0,0,화담숲주막,느린마을 막걸리
2024-02-20,0,2,Winter,0,0,0,화담숲주막,느린마을 막걸리
2024-02-21,0,2,Winter,0,0,0,화담숲주막,느린마을 막걸리
2024-02-22,0,2,Winter,0,0,0,화담숲주막,느린마을 막걸리
2024-02-23,0,2,Winter,0,0,0,화담숲주막,느린마을 막걸리
2024-02-24,0,2,Winter,1,0,1,화담숲주막,느린마을 막걸리
2024-02-25,0,2,Winter,1,0,1,화담숲주막,느린마을 막걸리
2024-02-26,0,2,Winter,0,0,0,화담숲주막,느린마을 막걸리
2024-02-27,0,2,Winter,0,0,0,화담숲주막,느린마을 막걸리
2024-02-28,0,2,Winter,0,0,0,화담숲주막,느린마을 막걸리
2024-02-29,0,2,Winter,0,0,0,화담숲주막,느린마을 막걸리
2024-03-01,0,3,Spring,0,1,1,화담숲주막,느린마을 막걸리
2024-03-02,0,3,Spring,1,0,1,화담숲주막,느린마을 막걸리
2024-03-03,0,3,Spring,1,0,1,화담숲주막,느린마을 막걸리
2024-03-04,0,3,Spring,0,0,0,화담숲주막,느린마을 막걸리
2024-03-05,0,3,Spring,0,0,0,화담숲주막,느린마을 막걸리
2024-03-06,0,3,Spring,0,0,0,화담숲주막,느린마을 막걸리
2024-03-07,0,3,Spring,0,0,0,화담숲주막,느린마을 막걸리
2024-03-08,0,3,Spring,0,0,0,화담숲주막,느린마을 막걸리
2024-03-09,0,3,Spring,1,0,1,화담숲주막,느린마을 막걸리
2024-03-10,0,3,Spring,1,0,1,화담숲주막,느린마을 막걸리
2024-03-11,0,3,Spring,0,0,0,화담숲주막,느린마을 막걸리
2024-03-12,0,3,Spring,0,0,0,화담숲주막,느린마을 막걸리
2024-03-13,0,3,Spring,0,0,0,화담숲주막,느린마을 막걸리
2024-03-14,0,3,Spring,0,0,0,화담숲주막,느린마을 막걸리
2024-03-15,0,3,Spring,0,0,0,화담숲주막,느린마을 막걸리
2024-03-16,0,3,Spring,1,0,1,화담숲주막,느린마을 막걸리
2024-03-17,0,3,Spring,1,0,1,화담숲주막,느린마을 막걸리
2024-03-18,0,3,Spring,0,0,0,화담숲주막,느린마을 막걸리
2024-03-19,0,3,Spring,0,0,0,화담숲주막,느린마을 막걸리
2024-03-20,0,3,Spring,0,0,0,화담숲주막,느린마을 막걸리
2024-03-21,0,3,Spring,0,0,0,화담숲주막,느린마을 막걸리
2024-03-22,0,3,Spring,0,0,0,화담숲주막,느린마을 막걸리
2024-03-23,0,3,Spring,1,0,1,화담숲주막,느린마을 막걸리
2024-03-24,0,3,Spring,1,0,1,화담숲주막,느린마을 막걸리
2024-03-25,0,3,Spring,0,0,0,화담숲주막,느린마을 막걸리
2024-03-26,0,3,Spring,0,0,0,화담숲주막,느린마을 막걸리
2024-03-27,0,3,Spring,0,0,0,화담숲주막,느린마을 막걸리
2024-03-28,0,3,Spring,0,0,0,화담숲주막,느린마을 막걸리
2024-03-29,49,3,Spring,0,0,0,화담숲주막,느린마을 막걸리
2024-03-30,96,3,Spring,1,0,1,화담숲주막,느린마을 막걸리
2024-03-31,100,3,Spring,1,0,1,화담숲주막,느린마을 막걸리
2024-04-01,0,4,Spring,0,0,0,화담숲주막,느린마을 막걸리
2024-04-02,84,4,Spring,0,0,0,화담숲주막,느린마을 막걸리
2024-04-03,50,4,Spring,0,0,0,화담숲주막,느린마을 막걸리
2024-04-04,105,4,Spring,0,0,0,화담숲주막,느린마을 막걸리
2024-04-05,92,4,Spring,0,0,0,화담숲주막,느린마을 막걸리
2024-04-06,112,4,Spring,1,0,1,화담숲주막,느린마을 막걸리
2024-04-07,127,4,Spring,1,0,1,화담숲주막,느린마을 막걸리
2024-04-08,0,4,Spring,0,0,0,화담숲주막,느린마을 막걸리
2024-04-09,134,4,Spring,0,0,0,화담숲주막,느린마을 막걸리
2024-04-10,99,4,Spring,0,1,1,화담숲주막,느린마을 막걸리
2024-04-11,113,4,Spring,0,0,0,화담숲주막,느린마을 막걸리
2024-04-12,108,4,Spring,0,0,0,화담숲주막,느린마을 막걸리
2024-04-13,135,4,Spring,1,0,1,화담숲주막,느린마을 막걸리
2024-04-14,129,4,Spring,1,0,1,화담숲주막,느린마을 막걸리
2024-04-15,0,4,Spring,0,0,0,화담숲주막,느린마을 막걸리
2024-04-16,97,4,Spring,0,0,0,화담숲주막,느린마을 막걸리
2024-04-17,98,4,Spring,0,0,0,화담숲주막,느린마을 막걸리
2024-04-18,109,4,Spring,0,0,0,화담숲주막,느린마을 막걸리
2024-04-19,121,4,Spring,0,0,0,화담숲주막,느린마을 막걸리
2024-04-20,105,4,Spring,1,0,1,화담숲주막,느린마을 막걸리
2024-04-21,132,4,Spring,1,0,1,화담숲주막,느린마을 막걸리
2024-04-22,0,4,Spring,0,0,0,화담숲주막,느린마을 막걸리
2024-04-23,72,4,Spring,0,0,0,화담숲주막,느린마을 막걸리
2024-04-24,47,4,Spring,0,0,0,화담숲주막,느린마을 막걸리
2024-04-25,45,4,Spring,0,0,0,화담숲주막,느린마을 막걸리
2024-04-26,91,4,Spring,0,0,0,화담숲주막,느린마을 막걸리
2024-04-27,132,4,Spring,1,0,1,화담숲주막,느린마을 막걸리
2024-04-28,104,4,Spring,1,0,1,화담숲주막,느린마을 막걸리
2024-04-29,0,4,Spring,0,0,0,화담숲주막,느린마을 막걸리
2024-04-30,44,4,Spring,0,0,0,화담숲주막,느린마을 막걸리
2024-05-01,60,5,Spring,0,0,0,화담숲주막,느린마을 막걸리
2024-05-02,16,5,Spring,0,0,0,화담숲주막,느린마을 막걸리
2024-05-03,62,5,Spring,0,0,0,화담숲주막,느린마을 막걸리
2024-05-04,111,5,Spring,1,0,1,화담숲주막,느린마을 막걸리
2024-05-05,50,5,Spring,1,1,1,화담숲주막,느린마을 막걸리
2024-05-06,15,5,Spring,0,1,1,화담숲주막,느린마을 막걸리
2024-05-07,13,5,Spring,0,0,0,화담숲주막,느린마을 막걸리
2024-05-08,17,5,Spring,0,0,0,화담숲주막,느린마을 막걸리
2024-05-09,31,5,Spring,0,0,0,화담숲주막,느린마을 막걸리
2024-05-10,33,5,Spring,0,0,0,화담숲주막,느린마을 막걸리
2024-05-11,110,5,Spring,1,0,1,화담숲주막,느린마을 막걸리
2024-05-12,89,5,Spring,1,0,1,화담숲주막,느린마을 막걸리
2024-05-13,0,5,Spring,0,0,0,화담숲주막,느린마을 막걸리
2024-05-14,26,5,Spring,0,0,0,화담숲주막,느린마을 막걸리
2024-05-15,49,5,Spring,0,1,1,화담숲주막,느린마을 막걸리
2024-05-16,55,5,Spring,0,0,0,화담숲주막,느린마을 막걸리
2024-05-17,49,5,Spring,0,0,0,화담숲주막,느린마을 막걸리
2024-05-18,77,5,Spring,1,0,1,화담숲주막,느린마을 막걸리
2024-05-19,57,5,Spring,1,0,1,화담숲주막,느린마을 막걸리
2024-05-20,0,5,Spring,0,0,0,화담숲주막,느린마을 막걸리
2024-05-21,38,5,Spring,0,0,0,화담숲주막,느린마을 막걸리
2024-05-22,35,5,Spring,0,0,0,화담숲주막,느린마을 막걸리
2024-05-23,27,5,Spring,0,0,0,화담숲주막,느린마을 막걸리
2024-05-24,40,5,Spring,0,0,0,화담숲주막,느린마을 막걸리
2024-05-25,77,5,Spring,1,0,1,화담숲주막,느린마을 막걸리
2024-05-26,56,5,Spring,1,0,1,화담숲주막,느린마을 막걸리
2024-05-27,0,5,Spring,0,0,0,화담숲주막,느린마을 막걸리
2024-05-28,13,5,Spring,0,0,0,화담숲주막,느린마을 막걸리
2024-05-29,13,5,Spring,0,0,0,화담숲주막,느린마을 막걸리
2024-05-30,19,5,Spring,0,0,0,화담숲주막,느린마을 막걸리
2024-05-31,40,5,Spring,0,0,0,화담숲주막,느린마을 막걸리
2024-06-01,70,6,Summer,1,0,1,화담숲주막,느린마을 막걸리
2024-06-02,58,6,Summer,1,0,1,화담숲주막,느린마을 막걸리
2024-06-03,0,6,Summer,0,0,0,화담숲주막,느린마을 막걸리
2024-06-04,11,6,Summer,0,0,0,화담숲주막,느린마을 막걸리
2024-06-05,20,6,Summer,0,0,0,화담숲주막,느린마을 막걸리
2024-06-06,67,6,Summer,0,1,1,화담숲주막,느린마을 막걸리
2024-06-07,58,6,Summer,0,0,0,화담숲주막,느린마을 막걸리
2024-06-08,55,6,Summer,1,0,1,화담숲주막,느린마을 막걸리
2024-06-09,53,6,Summer,1,0,1,화담숲주막,느린마을 막걸리
2024-06-10,0,6,Summer,0,0,0,화담숲주막,느린마을 막걸리
2024-06-11,25,6,Summer,0,0,0,화담숲주막,느린마을 막걸리
2024-06-12,23,6,Summer,0,0,0,화담숲주막,느린마을 막걸리
2024-06-13,21,6,Summer,0,0,0,화담숲주막,느린마을 막걸리
2024-06-14,26,6,Summer,0,0,0,화담숲주막,느린마을 막걸리
2024-06-15,47,6,Summer,1,0,1,화담숲주막,느린마을 막걸리
2023-01-01,0,1,Winter,1,1,1,화담숲주막,단호박 식혜 
2023-01-02,0,1,Winter,0,0,0,화담숲주막,단호박 식혜 
2023-01-03,0,1,Winter,0,0,0,화담숲주막,단호박 식혜 
2023-01-04,0,1,Winter,0,0,0,화담숲주막,단호박 식혜 
2023-01-05,0,1,Winter,0,0,0,화담숲주막,단호박 식혜 
2023-01-06,0,1,Winter,0,0,0,화담숲주막,단호박 식혜 
2023-01-07,0,1,Winter,1,0,1,화담숲주막,단호박 식혜 
2023-01-08,0,1,Winter,1,0,1,화담숲주막,단호박 식혜 
2023-01-09,0,1,Winter,0,0,0,화담숲주막,단호박 식혜 
2023-01-10,0,1,Winter,0,0,0,화담숲주막,단호박 식혜 
2023-01-11,0,1,Winter,0,0,0,화담숲주막,단호박 식혜 
2023-01-12,0,1,Winter,0,0,0,화담숲주막,단호박 식혜 
2023-01-13,0,1,Winter,0,0,0,화담숲주막,단호박 식혜 
2023-01-14,0,1,Winter,1,0,1,화담숲주막,단호박 식혜 
2023-01-15,0,1,Winter,1,0,1,화담숲주막,단호박 식혜 
2023-01-16,0,1,Winter,0,0,0,화담숲주막,단호박 식혜 
2023-01-17,0,1,Winter,0,0,0,화담숲주막,단호박 식혜 
2023-01-18,0,1,Winter,0,0,0,화담숲주막,단호박 식혜 
2023-01-19,0,1,Winter,0,0,0,화담숲주막,단호박 식혜 
2023-01-20,0,1,Winter,0,0,0,화담숲주막,단호박 식혜 
2023-01-21,0,1,Winter,1,1,1,화담숲주막,단호박 식혜 
2023-01-22,0,1,Winter,1,1,1,화담숲주막,단호박 식혜 
2023-01-23,0,1,Winter,0,1,1,화담숲주막,단호박 식혜 
2023-01-24,0,1,Winter,0,1,1,화담숲주막,단호박 식혜 
2023-01-25,0,1,Winter,0,0,0,화담숲주막,단호박 식혜 
2023-01-26,0,1,Winter,0,0,0,화담숲주막,단호박 식혜 
2023-01-27,0,1,Winter,0,0,0,화담숲주막,단호박 식혜 
2023-01-28,0,1,Winter,1,0,1,화담숲주막,단호박 식혜 
2023-01-29,0,1,Winter,1,0,1,화담숲주막,단호박 식혜 
2023-01-30,0,1,Winter,0,0,0,화담숲주막,단호박 식혜 
2023-01-31,0,1,Winter,0,0,0,화담숲주막,단호박 식혜 
2023-02-01,0,2,Winter,0,0,0,화담숲주막,단호박 식혜 
2023-02-02,0,2,Winter,0,0,0,화담숲주막,단호박 식혜 
2023-02-03,0,2,Winter,0,0,0,화담숲주막,단호박 식혜 
2023-02-04,0,2,Winter,1,0,1,화담숲주막,단호박 식혜 
2023-02-05,0,2,Winter,1,0,1,화담숲주막,단호박 식혜 
2023-02-06,0,2,Winter,0,0,0,화담숲주막,단호박 식혜 
2023-02-07,0,2,Winter,0,0,0,화담숲주막,단호박 식혜 
2023-02-08,0,2,Winter,0,0,0,화담숲주막,단호박 식혜 
2023-02-09,0,2,Winter,0,0,0,화담숲주막,단호박 식혜 
2023-02-10,0,2,Winter,0,0,0,화담숲주막,단호박 식혜 
2023-02-11,0,2,Winter,1,0,1,화담숲주막,단호박 식혜 
2023-02-12,0,2,Winter,1,0,1,화담숲주막,단호박 식혜 
2023-02-13,0,2,Winter,0,0,0,화담숲주막,단호박 식혜 
2023-02-14,0,2,Winter,0,0,0,화담숲주막,단호박 식혜 
2023-02-15,0,2,Winter,0,0,0,화담숲주막,단호박 식혜 
2023-02-16,0,2,Winter,0,0,0,화담숲주막,단호박 식혜 
2023-02-17,0,2,Winter,0,0,0,화담숲주막,단호박 식혜 
2023-02-18,0,2,Winter,1,0,1,화담숲주막,단호박 식혜 
2023-02-19,0,2,Winter,1,0,1,화담숲주막,단호박 식혜 
2023-02-20,0,2,Winter,0,0,0,화담숲주막,단호박 식혜 
2023-02-21,0,2,Winter,0,0,0,화담숲주막,단호박 식혜 
2023-02-22,0,2,Winter,0,0,0,화담숲주막,단호박 식혜 
2023-02-23,0,2,Winter,0,0,0,화담숲주막,단호박 식혜 
2023-02-24,0,2,Winter,0,0,0,화담숲주막,단호박 식혜 
2023-02-25,0,2,Winter,1,0,1,화담숲주막,단호박 식혜 
2023-02-26,0,2,Winter,1,0,1,화담숲주막,단호박 식혜 
2023-02-27,0,2,Winter,0,0,0,화담숲주막,단호박 식혜 
2023-02-28,0,2,Winter,0,0,0,화담숲주막,단호박 식혜 
2023-03-01,0,3,Spring,0,1,1,화담숲주막,단호박 식혜 
2023-03-02,0,3,Spring,0,0,0,화담숲주막,단호박 식혜 
2023-03-03,0,3,Spring,0,0,0,화담숲주막,단호박 식혜 
2023-03-04,0,3,Spring,1,0,1,화담숲주막,단호박 식혜 
2023-03-05,0,3,Spring,1,0,1,화담숲주막,단호박 식혜 
2023-03-06,0,3,Spring,0,0,0,화담숲주막,단호박 식혜 
2023-03-07,0,3,Spring,0,0,0,화담숲주막,단호박 식혜 
2023-03-08,0,3,Spring,0,0,0,화담숲주막,단호박 식혜 
2023-03-09,0,3,Spring,0,0,0,화담숲주막,단호박 식혜 
2023-03-10,0,3,Spring,0,0,0,화담숲주막,단호박 식혜 
2023-03-11,0,3,Spring,1,0,1,화담숲주막,단호박 식혜 
2023-03-12,0,3,Spring,1,0,1,화담숲주막,단호박 식혜 
2023-03-13,0,3,Spring,0,0,0,화담숲주막,단호박 식혜 
2023-03-14,0,3,Spring,0,0,0,화담숲주막,단호박 식혜 
2023-03-15,0,3,Spring,0,0,0,화담숲주막,단호박 식혜 
2023-03-16,0,3,Spring,0,0,0,화담숲주막,단호박 식혜 
2023-03-17,0,3,Spring,0,0,0,화담숲주막,단호박 식혜 
2023-03-18,0,3,Spring,1,0,1,화담숲주막,단호박 식혜 
2023-03-19,0,3,Spring,1,0,1,화담숲주막,단호박 식혜 
2023-03-20,0,3,Spring,0,0,0,화담숲주막,단호박 식혜 
2023-03-21,0,3,Spring,0,0,0,화담숲주막,단호박 식혜 
2023-03-22,0,3,Spring,0,0,0,화담숲주막,단호박 식혜 
2023-03-23,0,3,Spring,0,0,0,화담숲주막,단호박 식혜 
2023-03-24,0,3,Spring,0,0,0,화담숲주막,단호박 식혜 
2023-03-25,0,3,Spring,1,0,1,화담숲주막,단호박 식혜 
2023-03-26,0,3,Spring,1,0,1,화담숲주막,단호박 식혜 
2023-03-27,0,3,Spring,0,0,0,화담숲주막,단호박 식혜 
2023-03-28,0,3,Spring,0,0,0,화담숲주막,단호박 식혜 
2023-03-29,0,3,Spring,0,0,0,화담숲주막,단호박 식혜 
2023-03-30,0,3,Spring,0,0,0,화담숲주막,단호박 식혜 
2023-03-31,93,3,Spring,0,0,0,화담숲주막,단호박 식혜 
2023-04-01,129,4,Spring,1,0,1,화담숲주막,단호박 식혜 
2023-04-02,121,4,Spring,1,0,1,화담숲주막,단호박 식혜 
2023-04-03,0,4,Spring,0,0,0,화담숲주막,단호박 식혜 
2023-04-04,89,4,Spring,0,0,0,화담숲주막,단호박 식혜 
2023-04-05,2,4,Spring,0,0,0,화담숲주막,단호박 식혜 
2023-04-06,10,4,Spring,0,0,0,화담숲주막,단호박 식혜 
2023-04-07,66,4,Spring,0,0,0,화담숲주막,단호박 식혜 
2023-04-08,92,4,Spring,1,0,1,화담숲주막,단호박 식혜 
2023-04-09,78,4,Spring,1,0,1,화담숲주막,단호박 식혜 
2023-04-10,0,4,Spring,0,0,0,화담숲주막,단호박 식혜 
2023-04-11,21,4,Spring,0,0,0,화담숲주막,단호박 식혜 
2023-04-12,49,4,Spring,0,0,0,화담숲주막,단호박 식혜 
2023-04-13,58,4,Spring,0,0,0,화담숲주막,단호박 식혜 
2023-04-14,84,4,Spring,0,0,0,화담숲주막,단호박 식혜 
2023-04-15,35,4,Spring,1,0,1,화담숲주막,단호박 식혜 
2023-04-16,66,4,Spring,1,0,1,화담숲주막,단호박 식혜 
2023-04-17,0,4,Spring,0,0,0,화담숲주막,단호박 식혜 
2023-04-18,7,4,Spring,0,0,0,화담숲주막,단호박 식혜 
2023-04-19,27,4,Spring,0,0,0,화담숲주막,단호박 식혜 
2023-04-20,26,4,Spring,0,0,0,화담숲주막,단호박 식혜 
2023-04-21,34,4,Spring,0,0,0,화담숲주막,단호박 식혜 
2023-04-22,67,4,Spring,1,0,1,화담숲주막,단호박 식혜 
2023-04-23,51,4,Spring,1,0,1,화담숲주막,단호박 식혜 
2023-04-24,0,4,Spring,0,0,0,화담숲주막,단호박 식혜 
2023-04-25,6,4,Spring,0,0,0,화담숲주막,단호박 식혜 
2023-04-26,8,4,Spring,0,0,0,화담숲주막,단호박 식혜 
2023-04-27,23,4,Spring,0,0,0,화담숲주막,단호박 식혜 
2023-04-28,26,4,Spring,0,0,0,화담숲주막,단호박 식혜 
2023-04-29,21,4,Spring,1,0,1,화담숲주막,단호박 식혜 
2023-04-30,59,4,Spring,1,0,1,화담숲주막,단호박 식혜 
2023-05-01,47,5,Spring,0,0,0,화담숲주막,단호박 식혜 
2023-05-02,26,5,Spring,0,0,0,화담숲주막,단호박 식혜 
2023-05-03,24,5,Spring,0,0,0,화담숲주막,단호박 식혜 
2023-05-04,13,5,Spring,0,0,0,화담숲주막,단호박 식혜 
2023-05-05,13,5,Spring,0,1,1,화담숲주막,단호박 식혜 
2023-05-06,12,5,Spring,1,0,1,화담숲주막,단호박 식혜 
2023-05-07,33,5,Spring,1,0,1,화담숲주막,단호박 식혜 
2023-05-08,0,5,Spring,0,0,0,화담숲주막,단호박 식혜 
2023-05-09,22,5,Spring,0,0,0,화담숲주막,단호박 식혜 
2023-05-10,15,5,Spring,0,0,0,화담숲주막,단호박 식혜 
2023-05-11,19,5,Spring,0,0,0,화담숲주막,단호박 식혜 
2023-05-12,20,5,Spring,0,0,0,화담숲주막,단호박 식혜 
2023-05-13,64,5,Spring,1,0,1,화담숲주막,단호박 식혜 
2023-05-14,41,5,Spring,1,0,1,화담숲주막,단호박 식혜 
2023-05-15,0,5,Spring,0,0,0,화담숲주막,단호박 식혜 
2023-05-16,61,5,Spring,0,0,0,화담숲주막,단호박 식혜 
2023-05-17,14,5,Spring,0,0,0,화담숲주막,단호박 식혜 
2023-05-18,25,5,Spring,0,0,0,화담숲주막,단호박 식혜 
2023-05-19,27,5,Spring,0,0,0,화담숲주막,단호박 식혜 
2023-05-20,51,5,Spring,1,0,1,화담숲주막,단호박 식혜 
2023-05-21,33,5,Spring,1,0,1,화담숲주막,단호박 식혜 
2023-05-22,0,5,Spring,0,0,0,화담숲주막,단호박 식혜 
2023-05-23,25,5,Spring,0,0,0,화담숲주막,단호박 식혜 
2023-05-24,9,5,Spring,0,0,0,화담숲주막,단호박 식혜 
2023-05-25,6,5,Spring,0,0,0,화담숲주막,단호박 식혜 
2023-05-26,12,5,Spring,0,0,0,화담숲주막,단호박 식혜 
2023-05-27,23,5,Spring,1,1,1,화담숲주막,단호박 식혜 
2023-05-28,21,5,Spring,1,0,1,화담숲주막,단호박 식혜 
2023-05-29,20,5,Spring,0,1,1,화담숲주막,단호박 식혜 
2023-05-30,13,5,Spring,0,0,0,화담숲주막,단호박 식혜 
2023-05-31,12,5,Spring,0,0,0,화담숲주막,단호박 식혜 
2023-06-01,9,6,Summer,0,0,0,화담숲주막,단호박 식혜 
2023-06-02,12,6,Summer,0,0,0,화담숲주막,단호박 식혜 
2023-06-03,35,6,Summer,1,0,1,화담숲주막,단호박 식혜 
2023-06-04,38,6,Summer,1,0,1,화담숲주막,단호박 식혜 
2023-06-05,21,6,Summer,0,0,0,화담숲주막,단호박 식혜 
2023-06-06,23,6,Summer,0,1,1,화담숲주막,단호박 식혜 
2023-06-07,7,6,Summer,0,0,0,화담숲주막,단호박 식혜 
2023-06-08,8,6,Summer,0,0,0,화담숲주막,단호박 식혜 
2023-06-09,12,6,Summer,0,0,0,화담숲주막,단호박 식혜 
2023-06-10,26,6,Summer,1,0,1,화담숲주막,단호박 식혜 
2023-06-11,27,6,Summer,1,0,1,화담숲주막,단호박 식혜 
2023-06-12,0,6,Summer,0,0,0,화담숲주막,단호박 식혜 
2023-06-13,14,6,Summer,0,0,0,화담숲주막,단호박 식혜 
2023-06-14,12,6,Summer,0,0,0,화담숲주막,단호박 식혜 
2023-06-15,19,6,Summer,0,0,0,화담숲주막,단호박 식혜 
2023-06-16,14,6,Summer,0,0,0,화담숲주막,단호박 식혜 
2023-06-17,63,6,Summer,1,0,1,화담숲주막,단호박 식혜 
2023-06-18,26,6,Summer,1,0,1,화담숲주막,단호박 식혜 
2023-06-19,0,6,Summer,0,0,0,화담숲주막,단호박 식혜 
2023-06-20,17,6,Summer,0,0,0,화담숲주막,단호박 식혜 
2023-06-21,6,6,Summer,0,0,0,화담숲주막,단호박 식혜 
2023-06-22,12,6,Summer,0,0,0,화담숲주막,단호박 식혜 
2023-06-23,16,6,Summer,0,0,0,화담숲주막,단호박 식혜 
2023-06-24,32,6,Summer,1,0,1,화담숲주막,단호박 식혜 
2023-06-25,43,6,Summer,1,0,1,화담숲주막,단호박 식혜 
2023-06-26,0,6,Summer,0,0,0,화담숲주막,단호박 식혜 
2023-06-27,3,6,Summer,0,0,0,화담숲주막,단호박 식혜 
2023-06-28,6,6,Summer,0,0,0,화담숲주막,단호박 식혜 
2023-06-29,4,6,Summer,0,0,0,화담숲주막,단호박 식혜 
2023-06-30,6,6,Summer,0,0,0,화담숲주막,단호박 식혜 
2023-07-01,32,7,Summer,1,0,1,화담숲주막,단호박 식혜 
2023-07-02,9,7,Summer,1,0,1,화담숲주막,단호박 식혜 
2023-07-03,0,7,Summer,0,0,0,화담숲주막,단호박 식혜 
2023-07-04,2,7,Summer,0,0,0,화담숲주막,단호박 식혜 
2023-07-05,5,7,Summer,0,0,0,화담숲주막,단호박 식혜 
2023-07-06,13,7,Summer,0,0,0,화담숲주막,단호박 식혜 
2023-07-07,7,7,Summer,0,0,0,화담숲주막,단호박 식혜 
2023-07-08,30,7,Summer,1,0,1,화담숲주막,단호박 식혜 
2023-07-09,7,7,Summer,1,0,1,화담숲주막,단호박 식혜 
2023-07-10,0,7,Summer,0,0,0,화담숲주막,단호박 식혜 
2023-07-11,3,7,Summer,0,0,0,화담숲주막,단호박 식혜 
2023-07-12,1,7,Summer,0,0,0,화담숲주막,단호박 식혜 
2023-07-13,1,7,Summer,0,0,0,화담숲주막,단호박 식혜 
2023-07-14,0,7,Summer,0,0,0,화담숲주막,단호박 식혜 
2023-07-15,9,7,Summer,1,0,1,화담숲주막,단호박 식혜 
2023-07-16,8,7,Summer,1,0,1,화담숲주막,단호박 식혜 
2023-07-17,0,7,Summer,0,0,0,화담숲주막,단호박 식혜 
2023-07-18,2,7,Summer,0,0,0,화담숲주막,단호박 식혜 
2023-07-19,3,7,Summer,0,0,0,화담숲주막,단호박 식혜 
2023-07-20,5,7,Summer,0,0,0,화담숲주막,단호박 식혜 
2023-07-21,4,7,Summer,0,0,0,화담숲주막,단호박 식혜 
2023-07-22,6,7,Summer,1,0,1,화담숲주막,단호박 식혜 
2023-07-23,4,7,Summer,1,0,1,화담숲주막,단호박 식혜 
2023-07-24,0,7,Summer,0,0,0,화담숲주막,단호박 식혜 
2023-07-25,9,7,Summer,0,0,0,화담숲주막,단호박 식혜 
2023-07-26,1,7,Summer,0,0,0,화담숲주막,단호박 식혜 
2023-07-27,6,7,Summer,0,0,0,화담숲주막,단호박 식혜 
2023-07-28,5,7,Summer,0,0,0,화담숲주막,단호박 식혜 
2023-07-29,14,7,Summer,1,0,1,화담숲주막,단호박 식혜 
2023-07-30,13,7,Summer,1,0,1,화담숲주막,단호박 식혜 
2023-07-31,0,7,Summer,0,0,0,화담숲주막,단호박 식혜 
2023-08-01,9,8,Summer,0,0,0,화담숲주막,단호박 식혜 
2023-08-02,1,8,Summer,0,0,0,화담숲주막,단호박 식혜 
2023-08-03,4,8,Summer,0,0,0,화담숲주막,단호박 식혜 
2023-08-04,12,8,Summer,0,0,0,화담숲주막,단호박 식혜 
2023-08-05,4,8,Summer,1,0,1,화담숲주막,단호박 식혜 
2023-08-06,3,8,Summer,1,0,1,화담숲주막,단호박 식혜 
2023-08-07,0,8,Summer,0,0,0,화담숲주막,단호박 식혜 
2023-08-08,4,8,Summer,0,0,0,화담숲주막,단호박 식혜 
2023-08-09,3,8,Summer,0,0,0,화담숲주막,단호박 식혜 
2023-08-10,0,8,Summer,0,0,0,화담숲주막,단호박 식혜 
2023-08-11,2,8,Summer,0,0,0,화담숲주막,단호박 식혜 
2023-08-12,10,8,Summer,1,0,1,화담숲주막,단호박 식혜 
2023-08-13,8,8,Summer,1,0,1,화담숲주막,단호박 식혜 
2023-08-14,9,8,Summer,0,0,0,화담숲주막,단호박 식혜 
2023-08-15,7,8,Summer,0,1,1,화담숲주막,단호박 식혜 
2023-08-16,0,8,Summer,0,0,0,화담숲주막,단호박 식혜 
2023-08-17,2,8,Summer,0,0,0,화담숲주막,단호박 식혜 
2023-08-18,3,8,Summer,0,0,0,화담숲주막,단호박 식혜 
2023-08-19,6,8,Summer,1,0,1,화담숲주막,단호박 식혜 
2023-08-20,6,8,Summer,1,0,1,화담숲주막,단호박 식혜 
2023-08-21,0,8,Summer,0,0,0,화담숲주막,단호박 식혜 
2023-08-22,5,8,Summer,0,0,0,화담숲주막,단호박 식혜 
2023-08-23,1,8,Summer,0,0,0,화담숲주막,단호박 식혜 
2023-08-24,6,8,Summer,0,0,0,화담숲주막,단호박 식혜 
2023-08-25,3,8,Summer,0,0,0,화담숲주막,단호박 식혜 
2023-08-26,25,8,Summer,1,0,1,화담숲주막,단호박 식혜 
2023-08-27,7,8,Summer,1,0,1,화담숲주막,단호박 식혜 
2023-08-28,0,8,Summer,0,0,0,화담숲주막,단호박 식혜 
2023-08-29,13,8,Summer,0,0,0,화담숲주막,단호박 식혜 
2023-08-30,1,8,Summer,0,0,0,화담숲주막,단호박 식혜 
2023-08-31,3,8,Summer,0,0,0,화담숲주막,단호박 식혜 
2023-09-01,18,9,Autumn,0,0,0,화담숲주막,단호박 식혜 
2023-09-02,32,9,Autumn,1,0,1,화담숲주막,단호박 식혜 
2023-09-03,17,9,Autumn,1,0,1,화담숲주막,단호박 식혜 
2023-09-04,0,9,Autumn,0,0,0,화담숲주막,단호박 식혜 
2023-09-05,8,9,Autumn,0,0,0,화담숲주막,단호박 식혜 
2023-09-06,7,9,Autumn,0,0,0,화담숲주막,단호박 식혜 
2023-09-07,11,9,Autumn,0,0,0,화담숲주막,단호박 식혜 
2023-09-08,8,9,Autumn,0,0,0,화담숲주막,단호박 식혜 
2023-09-09,36,9,Autumn,1,0,1,화담숲주막,단호박 식혜 
2023-09-10,28,9,Autumn,1,0,1,화담숲주막,단호박 식혜 
2023-09-11,0,9,Autumn,0,0,0,화담숲주막,단호박 식혜 
2023-09-12,10,9,Autumn,0,0,0,화담숲주막,단호박 식혜 
2023-09-13,11,9,Autumn,0,0,0,화담숲주막,단호박 식혜 
2023-09-14,11,9,Autumn,0,0,0,화담숲주막,단호박 식혜 
2023-09-15,5,9,Autumn,0,0,0,화담숲주막,단호박 식혜 
2023-09-16,22,9,Autumn,1,0,1,화담숲주막,단호박 식혜 
2023-09-17,24,9,Autumn,1,0,1,화담숲주막,단호박 식혜 
2023-09-18,0,9,Autumn,0,0,0,화담숲주막,단호박 식혜 
2023-09-19,3,9,Autumn,0,0,0,화담숲주막,단호박 식혜 
2023-09-20,5,9,Autumn,0,0,0,화담숲주막,단호박 식혜 
2023-09-21,13,9,Autumn,0,0,0,화담숲주막,단호박 식혜 
2023-09-22,25,9,Autumn,0,0,0,화담숲주막,단호박 식혜 
2023-09-23,48,9,Autumn,1,0,1,화담숲주막,단호박 식혜 
2023-09-24,62,9,Autumn,1,0,1,화담숲주막,단호박 식혜 
2023-09-25,0,9,Autumn,0,0,0,화담숲주막,단호박 식혜 
2023-09-26,0,9,Autumn,0,0,0,화담숲주막,단호박 식혜 
2023-09-27,5,9,Autumn,0,0,0,화담숲주막,단호박 식혜 
2023-09-28,57,9,Autumn,0,1,1,화담숲주막,단호박 식혜 
2023-09-29,95,9,Autumn,0,1,1,화담숲주막,단호박 식혜 
2023-09-30,54,9,Autumn,1,1,1,화담숲주막,단호박 식혜 
2023-10-01,65,10,Autumn,1,0,1,화담숲주막,단호박 식혜 
2023-10-02,58,10,Autumn,0,1,1,화담숲주막,단호박 식혜 
2023-10-03,58,10,Autumn,0,1,1,화담숲주막,단호박 식혜 
2023-10-04,13,10,Autumn,0,0,0,화담숲주막,단호박 식혜 
2023-10-05,17,10,Autumn,0,0,0,화담숲주막,단호박 식혜 
2023-10-06,21,10,Autumn,0,0,0,화담숲주막,단호박 식혜 
2023-10-07,67,10,Autumn,1,0,1,화담숲주막,단호박 식혜 
2023-10-08,54,10,Autumn,1,0,1,화담숲주막,단호박 식혜 
2023-10-09,92,10,Autumn,0,1,1,화담숲주막,단호박 식혜 
2023-10-10,36,10,Autumn,0,0,0,화담숲주막,단호박 식혜 
2023-10-11,33,10,Autumn,0,0,0,화담숲주막,단호박 식혜 
2023-10-12,48,10,Autumn,0,0,0,화담숲주막,단호박 식혜 
2023-10-13,47,10,Autumn,0,0,0,화담숲주막,단호박 식혜 
2023-10-14,51,10,Autumn,1,0,1,화담숲주막,단호박 식혜 
2023-10-15,54,10,Autumn,1,0,1,화담숲주막,단호박 식혜 
2023-10-16,0,10,Autumn,0,0,0,화담숲주막,단호박 식혜 
2023-10-17,51,10,Autumn,0,0,0,화담숲주막,단호박 식혜 
2023-10-18,53,10,Autumn,0,0,0,화담숲주막,단호박 식혜 
2023-10-19,30,10,Autumn,0,0,0,화담숲주막,단호박 식혜 
2023-10-20,61,10,Autumn,0,0,0,화담숲주막,단호박 식혜 
2023-10-21,68,10,Autumn,1,0,1,화담숲주막,단호박 식혜 
2023-10-22,80,10,Autumn,1,0,1,화담숲주막,단호박 식혜 
2023-10-23,87,10,Autumn,0,0,0,화담숲주막,단호박 식혜 
2023-10-24,64,10,Autumn,0,0,0,화담숲주막,단호박 식혜 
2023-10-25,82,10,Autumn,0,0,0,화담숲주막,단호박 식혜 
2023-10-26,73,10,Autumn,0,0,0,화담숲주막,단호박 식혜 
2023-10-27,76,10,Autumn,0,0,0,화담숲주막,단호박 식혜 
2023-10-28,97,10,Autumn,1,0,1,화담숲주막,단호박 식혜 
2023-10-29,97,10,Autumn,1,0,1,화담숲주막,단호박 식혜 
2023-10-30,83,10,Autumn,0,0,0,화담숲주막,단호박 식혜 
2023-10-31,71,10,Autumn,0,0,0,화담숲주막,단호박 식혜 
2023-11-01,63,11,Autumn,0,0,0,화담숲주막,단호박 식혜 
2023-11-02,83,11,Autumn,0,0,0,화담숲주막,단호박 식혜 
2023-11-03,80,11,Autumn,0,0,0,화담숲주막,단호박 식혜 
2023-11-04,93,11,Autumn,1,0,1,화담숲주막,단호박 식혜 
2023-11-05,59,11,Autumn,1,0,1,화담숲주막,단호박 식혜 
2023-11-06,41,11,Autumn,0,0,0,화담숲주막,단호박 식혜 
2023-11-07,60,11,Autumn,0,0,0,화담숲주막,단호박 식혜 
2023-11-08,65,11,Autumn,0,0,0,화담숲주막,단호박 식혜 
2023-11-09,69,11,Autumn,0,0,0,화담숲주막,단호박 식혜 
2023-11-10,45,11,Autumn,0,0,0,화담숲주막,단호박 식혜 
2023-11-11,50,11,Autumn,1,0,1,화담숲주막,단호박 식혜 
2023-11-12,48,11,Autumn,1,0,1,화담숲주막,단호박 식혜 
2023-11-13,19,11,Autumn,0,0,0,화담숲주막,단호박 식혜 
2023-11-14,40,11,Autumn,0,0,0,화담숲주막,단호박 식혜 
2023-11-15,34,11,Autumn,0,0,0,화담숲주막,단호박 식혜 
2023-11-16,24,11,Autumn,0,0,0,화담숲주막,단호박 식혜 
2023-11-17,23,11,Autumn,0,0,0,화담숲주막,단호박 식혜 
2023-11-18,17,11,Autumn,1,0,1,화담숲주막,단호박 식혜 
2023-11-19,34,11,Autumn,1,0,1,화담숲주막,단호박 식혜 
2023-11-20,0,11,Autumn,0,0,0,화담숲주막,단호박 식혜 
2023-11-21,21,11,Autumn,0,0,0,화담숲주막,단호박 식혜 
2023-11-22,7,11,Autumn,0,0,0,화담숲주막,단호박 식혜 
2023-11-23,11,11,Autumn,0,0,0,화담숲주막,단호박 식혜 
2023-11-24,5,11,Autumn,0,0,0,화담숲주막,단호박 식혜 
2023-11-25,111,11,Autumn,1,0,1,화담숲주막,단호박 식혜 
2023-11-26,63,11,Autumn,1,0,1,화담숲주막,단호박 식혜 
2023-11-27,0,11,Autumn,0,0,0,화담숲주막,단호박 식혜 
2023-11-28,0,11,Autumn,0,0,0,화담숲주막,단호박 식혜 
2023-11-29,0,11,Autumn,0,0,0,화담숲주막,단호박 식혜 
2023-11-30,0,11,Autumn,0,0,0,화담숲주막,단호박 식혜 
2023-12-01,0,12,Winter,0,0,0,화담숲주막,단호박 식혜 
2023-12-02,0,12,Winter,1,0,1,화담숲주막,단호박 식혜 
2023-12-03,0,12,Winter,1,0,1,화담숲주막,단호박 식혜 
2023-12-04,0,12,Winter,0,0,0,화담숲주막,단호박 식혜 
2023-12-05,0,12,Winter,0,0,0,화담숲주막,단호박 식혜 
2023-12-06,0,12,Winter,0,0,0,화담숲주막,단호박 식혜 
2023-12-07,0,12,Winter,0,0,0,화담숲주막,단호박 식혜 
2023-12-08,0,12,Winter,0,0,0,화담숲주막,단호박 식혜 
2023-12-09,0,12,Winter,1,0,1,화담숲주막,단호박 식혜 
2023-12-10,0,12,Winter,1,0,1,화담숲주막,단호박 식혜 
2023-12-11,0,12,Winter,0,0,0,화담숲주막,단호박 식혜 
2023-12-12,0,12,Winter,0,0,0,화담숲주막,단호박 식혜 
2023-12-13,0,12,Winter,0,0,0,화담숲주막,단호박 식혜 
2023-12-14,0,12,Winter,0,0,0,화담숲주막,단호박 식혜 
2023-12-15,0,12,Winter,0,0,0,화담숲주막,단호박 식혜 
2023-12-16,0,12,Winter,1,0,1,화담숲주막,단호박 식혜 
2023-12-17,0,12,Winter,1,0,1,화담숲주막,단호박 식혜 
2023-12-18,0,12,Winter,0,0,0,화담숲주막,단호박 식혜 
2023-12-19,0,12,Winter,0,0,0,화담숲주막,단호박 식혜 
2023-12-20,0,12,Winter,0,0,0,화담숲주막,단호박 식혜 
2023-12-21,0,12,Winter,0,0,0,화담숲주막,단호박 식혜 
2023-12-22,0,12,Winter,0,0,0,화담숲주막,단호박 식혜 
2023-12-23,0,12,Winter,1,0,1,화담숲주막,단호박 식혜 
2023-12-24,0,12,Winter,1,0,1,화담숲주막,단호박 식혜 
2023-12-25,0,12,Winter,0,1,1,화담숲주막,단호박 식혜 
2023-12-26,0,12,Winter,0,0,0,화담숲주막,단호박 식혜 
2023-12-27,0,12,Winter,0,0,0,화담숲주막,단호박 식혜 
2023-12-28,0,12,Winter,0,0,0,화담숲주막,단호박 식혜 
2023-12-29,0,12,Winter,0,0,0,화담숲주막,단호박 식혜 
2023-12-30,0,12,Winter,1,0,1,화담숲주막,단호박 식혜 
2023-12-31,0,12,Winter,1,0,1,화담숲주막,단호박 식혜 
2024-01-01,0,1,Winter,0,1,1,화담숲주막,단호박 식혜 
2024-01-02,0,1,Winter,0,0,0,화담숲주막,단호박 식혜 
2024-01-03,0,1,Winter,0,0,0,화담숲주막,단호박 식혜 
2024-01-04,0,1,Winter,0,0,0,화담숲주막,단호박 식혜 
2024-01-05,0,1,Winter,0,0,0,화담숲주막,단호박 식혜 
2024-01-06,0,1,Winter,1,0,1,화담숲주막,단호박 식혜 
2024-01-07,0,1,Winter,1,0,1,화담숲주막,단호박 식혜 
2024-01-08,0,1,Winter,0,0,0,화담숲주막,단호박 식혜 
2024-01-09,0,1,Winter,0,0,0,화담숲주막,단호박 식혜 
2024-01-10,0,1,Winter,0,0,0,화담숲주막,단호박 식혜 
2024-01-11,0,1,Winter,0,0,0,화담숲주막,단호박 식혜 
2024-01-12,0,1,Winter,0,0,0,화담숲주막,단호박 식혜 
2024-01-13,0,1,Winter,1,0,1,화담숲주막,단호박 식혜 
2024-01-14,0,1,Winter,1,0,1,화담숲주막,단호박 식혜 
2024-01-15,0,1,Winter,0,0,0,화담숲주막,단호박 식혜 
2024-01-16,0,1,Winter,0,0,0,화담숲주막,단호박 식혜 
2024-01-17,0,1,Winter,0,0,0,화담숲주막,단호박 식혜 
2024-01-18,0,1,Winter,0,0,0,화담숲주막,단호박 식혜 
2024-01-19,0,1,Winter,0,0,0,화담숲주막,단호박 식혜 
2024-01-20,0,1,Winter,1,0,1,화담숲주막,단호박 식혜 
2024-01-21,0,1,Winter,1,0,1,화담숲주막,단호박 식혜 
2024-01-22,0,1,Winter,0,0,0,화담숲주막,단호박 식혜 
2024-01-23,0,1,Winter,0,0,0,화담숲주막,단호박 식혜 
2024-01-24,0,1,Winter,0,0,0,화담숲주막,단호박 식혜 
2024-01-25,0,1,Winter,0,0,0,화담숲주막,단호박 식혜 
2024-01-26,0,1,Winter,0,0,0,화담숲주막,단호박 식혜 
2024-01-27,0,1,Winter,1,0,1,화담숲주막,단호박 식혜 
2024-01-28,0,1,Winter,1,0,1,화담숲주막,단호박 식혜 
2024-01-29,0,1,Winter,0,0,0,화담숲주막,단호박 식혜 
2024-01-30,0,1,Winter,0,0,0,화담숲주막,단호박 식혜 
2024-01-31,0,1,Winter,0,0,0,화담숲주막,단호박 식혜 
2024-02-01,0,2,Winter,0,0,0,화담숲주막,단호박 식혜 
2024-02-02,0,2,Winter,0,0,0,화담숲주막,단호박 식혜 
2024-02-03,0,2,Winter,1,0,1,화담숲주막,단호박 식혜 
2024-02-04,0,2,Winter,1,0,1,화담숲주막,단호박 식혜 
2024-02-05,0,2,Winter,0,0,0,화담숲주막,단호박 식혜 
2024-02-06,0,2,Winter,0,0,0,화담숲주막,단호박 식혜 
2024-02-07,0,2,Winter,0,0,0,화담숲주막,단호박 식혜 
2024-02-08,0,2,Winter,0,0,0,화담숲주막,단호박 식혜 
2024-02-09,0,2,Winter,0,1,1,화담숲주막,단호박 식혜 
2024-02-10,0,2,Winter,1,1,1,화담숲주막,단호박 식혜 
2024-02-11,0,2,Winter,1,1,1,화담숲주막,단호박 식혜 
2024-02-12,0,2,Winter,0,1,1,화담숲주막,단호박 식혜 
2024-02-13,0,2,Winter,0,0,0,화담숲주막,단호박 식혜 
2024-02-14,0,2,Winter,0,0,0,화담숲주막,단호박 식혜 
2024-02-15,0,2,Winter,0,0,0,화담숲주막,단호박 식혜 
2024-02-16,0,2,Winter,0,0,0,화담숲주막,단호박 식혜 
2024-02-17,0,2,Winter,1,0,1,화담숲주막,단호박 식혜 
2024-02-18,0,2,Winter,1,0,1,화담숲주막,단호박 식혜 
2024-02-19,0,2,Winter,0,0,0,화담숲주막,단호박 식혜 
2024-02-20,0,2,Winter,0,0,0,화담숲주막,단호박 식혜 
2024-02-21,0,2,Winter,0,0,0,화담숲주막,단호박 식혜 
2024-02-22,0,2,Winter,0,0,0,화담숲주막,단호박 식혜 
2024-02-23,0,2,Winter,0,0,0,화담숲주막,단호박 식혜 
2024-02-24,0,2,Winter,1,0,1,화담숲주막,단호박 식혜 
2024-02-25,0,2,Winter,1,0,1,화담숲주막,단호박 식혜 
2024-02-26,0,2,Winter,0,0,0,화담숲주막,단호박 식혜 
2024-02-27,0,2,Winter,0,0,0,화담숲주막,단호박 식혜 
2024-02-28,0,2,Winter,0,0,0,화담숲주막,단호박 식혜 
2024-02-29,0,2,Winter,0,0,0,화담숲주막,단호박 식혜 
2024-03-01,0,3,Spring,0,1,1,화담숲주막,단호박 식혜 
2024-03-02,0,3,Spring,1,0,1,화담숲주막,단호박 식혜 
2024-03-03,0,3,Spring,1,0,1,화담숲주막,단호박 식혜 
2024-03-04,0,3,Spring,0,0,0,화담숲주막,단호박 식혜 
2024-03-05,0,3,Spring,0,0,0,화담숲주막,단호박 식혜 
2024-03-06,0,3,Spring,0,0,0,화담숲주막,단호박 식혜 
2024-03-07,0,3,Spring,0,0,0,화담숲주막,단호박 식혜 
2024-03-08,0,3,Spring,0,0,0,화담숲주막,단호박 식혜 
2024-03-09,0,3,Spring,1,0,1,화담숲주막,단호박 식혜 
2024-03-10,0,3,Spring,1,0,1,화담숲주막,단호박 식혜 
2024-03-11,0,3,Spring,0,0,0,화담숲주막,단호박 식혜 
2024-03-12,0,3,Spring,0,0,0,화담숲주막,단호박 식혜 
2024-03-13,0,3,Spring,0,0,0,화담숲주막,단호박 식혜 
2024-03-14,0,3,Spring,0,0,0,화담숲주막,단호박 식혜 
2024-03-15,0,3,Spring,0,0,0,화담숲주막,단호박 식혜 
2024-03-16,0,3,Spring,1,0,1,화담숲주막,단호박 식혜 
2024-03-17,0,3,Spring,1,0,1,화담숲주막,단호박 식혜 
2024-03-18,0,3,Spring,0,0,0,화담숲주막,단호박 식혜 
2024-03-19,0,3,Spring,0,0,0,화담숲주막,단호박 식혜 
2024-03-20,0,3,Spring,0,0,0,화담숲주막,단호박 식혜 
2024-03-21,0,3,Spring,0,0,0,화담숲주막,단호박 식혜 
2024-03-22,0,3,Spring,0,0,0,화담숲주막,단호박 식혜 
2024-03-23,0,3,Spring,1,0,1,화담숲주막,단호박 식혜 
2024-03-24,0,3,Spring,1,0,1,화담숲주막,단호박 식혜 
2024-03-25,0,3,Spring,0,0,0,화담숲주막,단호박 식혜 
2024-03-26,0,3,Spring,0,0,0,화담숲주막,단호박 식혜 
2024-03-27,0,3,Spring,0,0,0,화담숲주막,단호박 식혜 
2024-03-28,0,3,Spring,0,0,0,화담숲주막,단호박 식혜 
2024-03-29,44,3,Spring,0,0,0,화담숲주막,단호박 식혜 
2024-03-30,133,3,Spring,1,0,1,화담숲주막,단호박 식혜 
2024-03-31,92,3,Spring,1,0,1,화담숲주막,단호박 식혜 
2024-04-01,0,4,Spring,0,0,0,화담숲주막,단호박 식혜 
2024-04-02,64,4,Spring,0,0,0,화담숲주막,단호박 식혜 
2024-04-03,18,4,Spring,0,0,0,화담숲주막,단호박 식혜 
2024-04-04,36,4,Spring,0,0,0,화담숲주막,단호박 식혜 
2024-04-05,47,4,Spring,0,0,0,화담숲주막,단호박 식혜 
2024-04-06,84,4,Spring,1,0,1,화담숲주막,단호박 식혜 
2024-04-07,100,4,Spring,1,0,1,화담숲주막,단호박 식혜 
2024-04-08,0,4,Spring,0,0,0,화담숲주막,단호박 식혜 
2024-04-09,119,4,Spring,0,0,0,화담숲주막,단호박 식혜 
2024-04-10,110,4,Spring,0,1,1,화담숲주막,단호박 식혜 
2024-04-11,81,4,Spring,0,0,0,화담숲주막,단호박 식혜 
2024-04-12,95,4,Spring,0,0,0,화담숲주막,단호박 식혜 
2024-04-13,112,4,Spring,1,0,1,화담숲주막,단호박 식혜 
2024-04-14,155,4,Spring,1,0,1,화담숲주막,단호박 식혜 
2024-04-15,0,4,Spring,0,0,0,화담숲주막,단호박 식혜 
2024-04-16,48,4,Spring,0,0,0,화담숲주막,단호박 식혜 
2024-04-17,36,4,Spring,0,0,0,화담숲주막,단호박 식혜 
2024-04-18,59,4,Spring,0,0,0,화담숲주막,단호박 식혜 
2024-04-19,52,4,Spring,0,0,0,화담숲주막,단호박 식혜 
2024-04-20,28,4,Spring,1,0,1,화담숲주막,단호박 식혜 
2024-04-21,57,4,Spring,1,0,1,화담숲주막,단호박 식혜 
2024-04-22,0,4,Spring,0,0,0,화담숲주막,단호박 식혜 
2024-04-23,26,4,Spring,0,0,0,화담숲주막,단호박 식혜 
2024-04-24,15,4,Spring,0,0,0,화담숲주막,단호박 식혜 
2024-04-25,18,4,Spring,0,0,0,화담숲주막,단호박 식혜 
2024-04-26,26,4,Spring,0,0,0,화담숲주막,단호박 식혜 
2024-04-27,69,4,Spring,1,0,1,화담숲주막,단호박 식혜 
2024-04-28,69,4,Spring,1,0,1,화담숲주막,단호박 식혜 
2024-04-29,0,4,Spring,0,0,0,화담숲주막,단호박 식혜 
2024-04-30,23,4,Spring,0,0,0,화담숲주막,단호박 식혜 
2024-05-01,74,5,Spring,0,0,0,화담숲주막,단호박 식혜 
2024-05-02,30,5,Spring,0,0,0,화담숲주막,단호박 식혜 
2024-05-03,22,5,Spring,0,0,0,화담숲주막,단호박 식혜 
2024-05-04,46,5,Spring,1,0,1,화담숲주막,단호박 식혜 
2024-05-05,24,5,Spring,1,1,1,화담숲주막,단호박 식혜 
2024-05-06,9,5,Spring,0,1,1,화담숲주막,단호박 식혜 
2024-05-07,2,5,Spring,0,0,0,화담숲주막,단호박 식혜 
2024-05-08,10,5,Spring,0,0,0,화담숲주막,단호박 식혜 
2024-05-09,14,5,Spring,0,0,0,화담숲주막,단호박 식혜 
2024-05-10,18,5,Spring,0,0,0,화담숲주막,단호박 식혜 
2024-05-11,17,5,Spring,1,0,1,화담숲주막,단호박 식혜 
2024-05-12,34,5,Spring,1,0,1,화담숲주막,단호박 식혜 
2024-05-13,0,5,Spring,0,0,0,화담숲주막,단호박 식혜 
2024-05-14,14,5,Spring,0,0,0,화담숲주막,단호박 식혜 
2024-05-15,11,5,Spring,0,1,1,화담숲주막,단호박 식혜 
2024-05-16,17,5,Spring,0,0,0,화담숲주막,단호박 식혜 
2024-05-17,21,5,Spring,0,0,0,화담숲주막,단호박 식혜 
2024-05-18,49,5,Spring,1,0,1,화담숲주막,단호박 식혜 
2024-05-19,42,5,Spring,1,0,1,화담숲주막,단호박 식혜 
2024-05-20,0,5,Spring,0,0,0,화담숲주막,단호박 식혜 
2024-05-21,16,5,Spring,0,0,0,화담숲주막,단호박 식혜 
2024-05-22,17,5,Spring,0,0,0,화담숲주막,단호박 식혜 
2024-05-23,15,5,Spring,0,0,0,화담숲주막,단호박 식혜 
2024-05-24,11,5,Spring,0,0,0,화담숲주막,단호박 식혜 
2024-05-25,29,5,Spring,1,0,1,화담숲주막,단호박 식혜 
2024-05-26,25,5,Spring,1,0,1,화담숲주막,단호박 식혜 
2024-05-27,0,5,Spring,0,0,0,화담숲주막,단호박 식혜 
2024-05-28,12,5,Spring,0,0,0,화담숲주막,단호박 식혜 
2024-05-29,11,5,Spring,0,0,0,화담숲주막,단호박 식혜 
2024-05-30,5,5,Spring,0,0,0,화담숲주막,단호박 식혜 
2024-05-31,11,5,Spring,0,0,0,화담숲주막,단호박 식혜 
2024-06-01,36,6,Summer,1,0,1,화담숲주막,단호박 식혜 
2024-06-02,34,6,Summer,1,0,1,화담숲주막,단호박 식혜 
2024-06-03,0,6,Summer,0,0,0,화담숲주막,단호박 식혜 
2024-06-04,9,6,Summer,0,0,0,화담숲주막,단호박 식혜 
2024-06-05,10,6,Summer,0,0,0,화담숲주막,단호박 식혜 
2024-06-06,56,6,Summer,0,1,1,화담숲주막,단호박 식혜 
2024-06-07,20,6,Summer,0,0,0,화담숲주막,단호박 식혜 
2024-06-08,16,6,Summer,1,0,1,화담숲주막,단호박 식혜 
2024-06-09,24,6,Summer,1,0,1,화담숲주막,단호박 식혜 
2024-06-10,0,6,Summer,0,0,0,화담숲주막,단호박 식혜 
2024-06-11,10,6,Summer,0,0,0,화담숲주막,단호박 식혜 
2024-06-12,9,6,Summer,0,0,0,화담숲주막,단호박 식혜 
2024-06-13,11,6,Summer,0,0,0,화담숲주막,단호박 식혜 
2024-06-14,18,6,Summer,0,0,0,화담숲주막,단호박 식혜 
2024-06-15,29,6,Summer,1,0,1,화담숲주막,단호박 식혜 
2023-01-01,0,1,Winter,1,1,1,화담숲주막,병천순대
2023-01-02,0,1,Winter,0,0,0,화담숲주막,병천순대
2023-01-03,0,1,Winter,0,0,0,화담숲주막,병천순대
2023-01-04,0,1,Winter,0,0,0,화담숲주막,병천순대
2023-01-05,0,1,Winter,0,0,0,화담숲주막,병천순대
2023-01-06,0,1,Winter,0,0,0,화담숲주막,병천순대
2023-01-07,0,1,Winter,1,0,1,화담숲주막,병천순대
2023-01-08,0,1,Winter,1,0,1,화담숲주막,병천순대
2023-01-09,0,1,Winter,0,0,0,화담숲주막,병천순대
2023-01-10,0,1,Winter,0,0,0,화담숲주막,병천순대
2023-01-11,0,1,Winter,0,0,0,화담숲주막,병천순대
2023-01-12,0,1,Winter,0,0,0,화담숲주막,병천순대
2023-01-13,0,1,Winter,0,0,0,화담숲주막,병천순대
2023-01-14,0,1,Winter,1,0,1,화담숲주막,병천순대
2023-01-15,0,1,Winter,1,0,1,화담숲주막,병천순대
2023-01-16,0,1,Winter,0,0,0,화담숲주막,병천순대
2023-01-17,0,1,Winter,0,0,0,화담숲주막,병천순대
2023-01-18,0,1,Winter,0,0,0,화담숲주막,병천순대
2023-01-19,0,1,Winter,0,0,0,화담숲주막,병천순대
2023-01-20,0,1,Winter,0,0,0,화담숲주막,병천순대
2023-01-21,0,1,Winter,1,1,1,화담숲주막,병천순대
2023-01-22,0,1,Winter,1,1,1,화담숲주막,병천순대
2023-01-23,0,1,Winter,0,1,1,화담숲주막,병천순대
2023-01-24,0,1,Winter,0,1,1,화담숲주막,병천순대
2023-01-25,0,1,Winter,0,0,0,화담숲주막,병천순대
2023-01-26,0,1,Winter,0,0,0,화담숲주막,병천순대
2023-01-27,0,1,Winter,0,0,0,화담숲주막,병천순대
2023-01-28,0,1,Winter,1,0,1,화담숲주막,병천순대
2023-01-29,0,1,Winter,1,0,1,화담숲주막,병천순대
2023-01-30,0,1,Winter,0,0,0,화담숲주막,병천순대
2023-01-31,0,1,Winter,0,0,0,화담숲주막,병천순대
2023-02-01,0,2,Winter,0,0,0,화담숲주막,병천순대
2023-02-02,0,2,Winter,0,0,0,화담숲주막,병천순대
2023-02-03,0,2,Winter,0,0,0,화담숲주막,병천순대
2023-02-04,0,2,Winter,1,0,1,화담숲주막,병천순대
2023-02-05,0,2,Winter,1,0,1,화담숲주막,병천순대
2023-02-06,0,2,Winter,0,0,0,화담숲주막,병천순대
2023-02-07,0,2,Winter,0,0,0,화담숲주막,병천순대
2023-02-08,0,2,Winter,0,0,0,화담숲주막,병천순대
2023-02-09,0,2,Winter,0,0,0,화담숲주막,병천순대
2023-02-10,0,2,Winter,0,0,0,화담숲주막,병천순대
2023-02-11,0,2,Winter,1,0,1,화담숲주막,병천순대
2023-02-12,0,2,Winter,1,0,1,화담숲주막,병천순대
2023-02-13,0,2,Winter,0,0,0,화담숲주막,병천순대
2023-02-14,0,2,Winter,0,0,0,화담숲주막,병천순대
2023-02-15,0,2,Winter,0,0,0,화담숲주막,병천순대
2023-02-16,0,2,Winter,0,0,0,화담숲주막,병천순대
2023-02-17,0,2,Winter,0,0,0,화담숲주막,병천순대
2023-02-18,0,2,Winter,1,0,1,화담숲주막,병천순대
2023-02-19,0,2,Winter,1,0,1,화담숲주막,병천순대
2023-02-20,0,2,Winter,0,0,0,화담숲주막,병천순대
2023-02-21,0,2,Winter,0,0,0,화담숲주막,병천순대
2023-02-22,0,2,Winter,0,0,0,화담숲주막,병천순대
2023-02-23,0,2,Winter,0,0,0,화담숲주막,병천순대
2023-02-24,0,2,Winter,0,0,0,화담숲주막,병천순대
2023-02-25,0,2,Winter,1,0,1,화담숲주막,병천순대
2023-02-26,0,2,Winter,1,0,1,화담숲주막,병천순대
2023-02-27,0,2,Winter,0,0,0,화담숲주막,병천순대
2023-02-28,0,2,Winter,0,0,0,화담숲주막,병천순대
2023-03-01,0,3,Spring,0,1,1,화담숲주막,병천순대
2023-03-02,0,3,Spring,0,0,0,화담숲주막,병천순대
2023-03-03,0,3,Spring,0,0,0,화담숲주막,병천순대
2023-03-04,0,3,Spring,1,0,1,화담숲주막,병천순대
2023-03-05,0,3,Spring,1,0,1,화담숲주막,병천순대
2023-03-06,0,3,Spring,0,0,0,화담숲주막,병천순대
2023-03-07,0,3,Spring,0,0,0,화담숲주막,병천순대
2023-03-08,0,3,Spring,0,0,0,화담숲주막,병천순대
2023-03-09,0,3,Spring,0,0,0,화담숲주막,병천순대
2023-03-10,0,3,Spring,0,0,0,화담숲주막,병천순대
2023-03-11,0,3,Spring,1,0,1,화담숲주막,병천순대
2023-03-12,0,3,Spring,1,0,1,화담숲주막,병천순대
2023-03-13,0,3,Spring,0,0,0,화담숲주막,병천순대
2023-03-14,0,3,Spring,0,0,0,화담숲주막,병천순대
2023-03-15,0,3,Spring,0,0,0,화담숲주막,병천순대
2023-03-16,0,3,Spring,0,0,0,화담숲주막,병천순대
2023-03-17,0,3,Spring,0,0,0,화담숲주막,병천순대
2023-03-18,0,3,Spring,1,0,1,화담숲주막,병천순대
2023-03-19,0,3,Spring,1,0,1,화담숲주막,병천순대
2023-03-20,0,3,Spring,0,0,0,화담숲주막,병천순대
2023-03-21,0,3,Spring,0,0,0,화담숲주막,병천순대
2023-03-22,0,3,Spring,0,0,0,화담숲주막,병천순대
2023-03-23,0,3,Spring,0,0,0,화담숲주막,병천순대
2023-03-24,0,3,Spring,0,0,0,화담숲주막,병천순대
2023-03-25,0,3,Spring,1,0,1,화담숲주막,병천순대
2023-03-26,0,3,Spring,1,0,1,화담숲주막,병천순대
2023-03-27,0,3,Spring,0,0,0,화담숲주막,병천순대
2023-03-28,0,3,Spring,0,0,0,화담숲주막,병천순대
2023-03-29,0,3,Spring,0,0,0,화담숲주막,병천순대
2023-03-30,0,3,Spring,0,0,0,화담숲주막,병천순대
2023-03-31,102,3,Spring,0,0,0,화담숲주막,병천순대
2023-04-01,152,4,Spring,1,0,1,화담숲주막,병천순대
2023-04-02,171,4,Spring,1,0,1,화담숲주막,병천순대
2023-04-03,0,4,Spring,0,0,0,화담숲주막,병천순대
2023-04-04,132,4,Spring,0,0,0,화담숲주막,병천순대
2023-04-05,8,4,Spring,0,0,0,화담숲주막,병천순대
2023-04-06,43,4,Spring,0,0,0,화담숲주막,병천순대
2023-04-07,133,4,Spring,0,0,0,화담숲주막,병천순대
2023-04-08,155,4,Spring,1,0,1,화담숲주막,병천순대
2023-04-09,150,4,Spring,1,0,1,화담숲주막,병천순대
2023-04-10,0,4,Spring,0,0,0,화담숲주막,병천순대
2023-04-11,31,4,Spring,0,0,0,화담숲주막,병천순대
2023-04-12,76,4,Spring,0,0,0,화담숲주막,병천순대
2023-04-13,80,4,Spring,0,0,0,화담숲주막,병천순대
2023-04-14,86,4,Spring,0,0,0,화담숲주막,병천순대
2023-04-15,67,4,Spring,1,0,1,화담숲주막,병천순대
2023-04-16,125,4,Spring,1,0,1,화담숲주막,병천순대
2023-04-17,0,4,Spring,0,0,0,화담숲주막,병천순대
2023-04-18,25,4,Spring,0,0,0,화담숲주막,병천순대
2023-04-19,68,4,Spring,0,0,0,화담숲주막,병천순대
2023-04-20,56,4,Spring,0,0,0,화담숲주막,병천순대
2023-04-21,105,4,Spring,0,0,0,화담숲주막,병천순대
2023-04-22,176,4,Spring,1,0,1,화담숲주막,병천순대
2023-04-23,159,4,Spring,1,0,1,화담숲주막,병천순대
2023-04-24,0,4,Spring,0,0,0,화담숲주막,병천순대
2023-04-25,40,4,Spring,0,0,0,화담숲주막,병천순대
2023-04-26,48,4,Spring,0,0,0,화담숲주막,병천순대
2023-04-27,60,4,Spring,0,0,0,화담숲주막,병천순대
2023-04-28,56,4,Spring,0,0,0,화담숲주막,병천순대
2023-04-29,62,4,Spring,1,0,1,화담숲주막,병천순대
2023-04-30,160,4,Spring,1,0,1,화담숲주막,병천순대
2023-05-01,105,5,Spring,0,0,0,화담숲주막,병천순대
2023-05-02,51,5,Spring,0,0,0,화담숲주막,병천순대
2023-05-03,41,5,Spring,0,0,0,화담숲주막,병천순대
2023-05-04,27,5,Spring,0,0,0,화담숲주막,병천순대
2023-05-05,43,5,Spring,0,1,1,화담숲주막,병천순대
2023-05-06,46,5,Spring,1,0,1,화담숲주막,병천순대
2023-05-07,91,5,Spring,1,0,1,화담숲주막,병천순대
2023-05-08,0,5,Spring,0,0,0,화담숲주막,병천순대
2023-05-09,33,5,Spring,0,0,0,화담숲주막,병천순대
2023-05-10,25,5,Spring,0,0,0,화담숲주막,병천순대
2023-05-11,43,5,Spring,0,0,0,화담숲주막,병천순대
2023-05-12,35,5,Spring,0,0,0,화담숲주막,병천순대
2023-05-13,116,5,Spring,1,0,1,화담숲주막,병천순대
2023-05-14,96,5,Spring,1,0,1,화담숲주막,병천순대
2023-05-15,0,5,Spring,0,0,0,화담숲주막,병천순대
2023-05-16,49,5,Spring,0,0,0,화담숲주막,병천순대
2023-05-17,23,5,Spring,0,0,0,화담숲주막,병천순대
2023-05-18,25,5,Spring,0,0,0,화담숲주막,병천순대
2023-05-19,53,5,Spring,0,0,0,화담숲주막,병천순대
2023-05-20,110,5,Spring,1,0,1,화담숲주막,병천순대
2023-05-21,98,5,Spring,1,0,1,화담숲주막,병천순대
2023-05-22,0,5,Spring,0,0,0,화담숲주막,병천순대
2023-05-23,43,5,Spring,0,0,0,화담숲주막,병천순대
2023-05-24,27,5,Spring,0,0,0,화담숲주막,병천순대
2023-05-25,26,5,Spring,0,0,0,화담숲주막,병천순대
2023-05-26,27,5,Spring,0,0,0,화담숲주막,병천순대
2023-05-27,72,5,Spring,1,1,1,화담숲주막,병천순대
2023-05-28,37,5,Spring,1,0,1,화담숲주막,병천순대
2023-05-29,65,5,Spring,0,1,1,화담숲주막,병천순대
2023-05-30,18,5,Spring,0,0,0,화담숲주막,병천순대
2023-05-31,24,5,Spring,0,0,0,화담숲주막,병천순대
2023-06-01,27,6,Summer,0,0,0,화담숲주막,병천순대
2023-06-02,27,6,Summer,0,0,0,화담숲주막,병천순대
2023-06-03,68,6,Summer,1,0,1,화담숲주막,병천순대
2023-06-04,74,6,Summer,1,0,1,화담숲주막,병천순대
2023-06-05,58,6,Summer,0,0,0,화담숲주막,병천순대
2023-06-06,91,6,Summer,0,1,1,화담숲주막,병천순대
2023-06-07,22,6,Summer,0,0,0,화담숲주막,병천순대
2023-06-08,19,6,Summer,0,0,0,화담숲주막,병천순대
2023-06-09,31,6,Summer,0,0,0,화담숲주막,병천순대
2023-06-10,60,6,Summer,1,0,1,화담숲주막,병천순대
2023-06-11,47,6,Summer,1,0,1,화담숲주막,병천순대
2023-06-12,0,6,Summer,0,0,0,화담숲주막,병천순대
2023-06-13,21,6,Summer,0,0,0,화담숲주막,병천순대
2023-06-14,30,6,Summer,0,0,0,화담숲주막,병천순대
2023-06-15,28,6,Summer,0,0,0,화담숲주막,병천순대
2023-06-16,24,6,Summer,0,0,0,화담숲주막,병천순대
2023-06-17,41,6,Summer,1,0,1,화담숲주막,병천순대
2023-06-18,53,6,Summer,1,0,1,화담숲주막,병천순대
2023-06-19,0,6,Summer,0,0,0,화담숲주막,병천순대
2023-06-20,12,6,Summer,0,0,0,화담숲주막,병천순대
2023-06-21,22,6,Summer,0,0,0,화담숲주막,병천순대
2023-06-22,30,6,Summer,0,0,0,화담숲주막,병천순대
2023-06-23,34,6,Summer,0,0,0,화담숲주막,병천순대
2023-06-24,44,6,Summer,1,0,1,화담숲주막,병천순대
2023-06-25,51,6,Summer,1,0,1,화담숲주막,병천순대
2023-06-26,0,6,Summer,0,0,0,화담숲주막,병천순대
2023-06-27,18,6,Summer,0,0,0,화담숲주막,병천순대
2023-06-28,4,6,Summer,0,0,0,화담숲주막,병천순대
2023-06-29,6,6,Summer,0,0,0,화담숲주막,병천순대
2023-06-30,14,6,Summer,0,0,0,화담숲주막,병천순대
2023-07-01,32,7,Summer,1,0,1,화담숲주막,병천순대
2023-07-02,27,7,Summer,1,0,1,화담숲주막,병천순대
2023-07-03,0,7,Summer,0,0,0,화담숲주막,병천순대
2023-07-04,10,7,Summer,0,0,0,화담숲주막,병천순대
2023-07-05,8,7,Summer,0,0,0,화담숲주막,병천순대
2023-07-06,5,7,Summer,0,0,0,화담숲주막,병천순대
2023-07-07,9,7,Summer,0,0,0,화담숲주막,병천순대
2023-07-08,35,7,Summer,1,0,1,화담숲주막,병천순대
2023-07-09,22,7,Summer,1,0,1,화담숲주막,병천순대
2023-07-10,0,7,Summer,0,0,0,화담숲주막,병천순대
2023-07-11,5,7,Summer,0,0,0,화담숲주막,병천순대
2023-07-12,4,7,Summer,0,0,0,화담숲주막,병천순대
2023-07-13,2,7,Summer,0,0,0,화담숲주막,병천순대
2023-07-14,8,7,Summer,0,0,0,화담숲주막,병천순대
2023-07-15,11,7,Summer,1,0,1,화담숲주막,병천순대
2023-07-16,22,7,Summer,1,0,1,화담숲주막,병천순대
2023-07-17,0,7,Summer,0,0,0,화담숲주막,병천순대
2023-07-18,6,7,Summer,0,0,0,화담숲주막,병천순대
2023-07-19,6,7,Summer,0,0,0,화담숲주막,병천순대
2023-07-20,1,7,Summer,0,0,0,화담숲주막,병천순대
2023-07-21,7,7,Summer,0,0,0,화담숲주막,병천순대
2023-07-22,11,7,Summer,1,0,1,화담숲주막,병천순대
2023-07-23,4,7,Summer,1,0,1,화담숲주막,병천순대
2023-07-24,0,7,Summer,0,0,0,화담숲주막,병천순대
2023-07-25,10,7,Summer,0,0,0,화담숲주막,병천순대
2023-07-26,6,7,Summer,0,0,0,화담숲주막,병천순대
2023-07-27,4,7,Summer,0,0,0,화담숲주막,병천순대
2023-07-28,15,7,Summer,0,0,0,화담숲주막,병천순대
2023-07-29,22,7,Summer,1,0,1,화담숲주막,병천순대
2023-07-30,14,7,Summer,1,0,1,화담숲주막,병천순대
2023-07-31,0,7,Summer,0,0,0,화담숲주막,병천순대
2023-08-01,14,8,Summer,0,0,0,화담숲주막,병천순대
2023-08-02,13,8,Summer,0,0,0,화담숲주막,병천순대
2023-08-03,6,8,Summer,0,0,0,화담숲주막,병천순대
2023-08-04,12,8,Summer,0,0,0,화담숲주막,병천순대
2023-08-05,14,8,Summer,1,0,1,화담숲주막,병천순대
2023-08-06,7,8,Summer,1,0,1,화담숲주막,병천순대
2023-08-07,0,8,Summer,0,0,0,화담숲주막,병천순대
2023-08-08,7,8,Summer,0,0,0,화담숲주막,병천순대
2023-08-09,6,8,Summer,0,0,0,화담숲주막,병천순대
2023-08-10,0,8,Summer,0,0,0,화담숲주막,병천순대
2023-08-11,16,8,Summer,0,0,0,화담숲주막,병천순대
2023-08-12,27,8,Summer,1,0,1,화담숲주막,병천순대
2023-08-13,30,8,Summer,1,0,1,화담숲주막,병천순대
2023-08-14,17,8,Summer,0,0,0,화담숲주막,병천순대
2023-08-15,31,8,Summer,0,1,1,화담숲주막,병천순대
2023-08-16,5,8,Summer,0,0,0,화담숲주막,병천순대
2023-08-17,3,8,Summer,0,0,0,화담숲주막,병천순대
2023-08-18,6,8,Summer,0,0,0,화담숲주막,병천순대
2023-08-19,14,8,Summer,1,0,1,화담숲주막,병천순대
2023-08-20,11,8,Summer,1,0,1,화담숲주막,병천순대
2023-08-21,0,8,Summer,0,0,0,화담숲주막,병천순대
2023-08-22,8,8,Summer,0,0,0,화담숲주막,병천순대
2023-08-23,1,8,Summer,0,0,0,화담숲주막,병천순대
2023-08-24,6,8,Summer,0,0,0,화담숲주막,병천순대
2023-08-25,10,8,Summer,0,0,0,화담숲주막,병천순대
2023-08-26,31,8,Summer,1,0,1,화담숲주막,병천순대
2023-08-27,34,8,Summer,1,0,1,화담숲주막,병천순대
2023-08-28,0,8,Summer,0,0,0,화담숲주막,병천순대
2023-08-29,6,8,Summer,0,0,0,화담숲주막,병천순대
2023-08-30,5,8,Summer,0,0,0,화담숲주막,병천순대
2023-08-31,10,8,Summer,0,0,0,화담숲주막,병천순대
2023-09-01,11,9,Autumn,0,0,0,화담숲주막,병천순대
2023-09-02,57,9,Autumn,1,0,1,화담숲주막,병천순대
2023-09-03,32,9,Autumn,1,0,1,화담숲주막,병천순대
2023-09-04,0,9,Autumn,0,0,0,화담숲주막,병천순대
2023-09-05,16,9,Autumn,0,0,0,화담숲주막,병천순대
2023-09-06,14,9,Autumn,0,0,0,화담숲주막,병천순대
2023-09-07,4,9,Autumn,0,0,0,화담숲주막,병천순대
2023-09-08,11,9,Autumn,0,0,0,화담숲주막,병천순대
2023-09-09,38,9,Autumn,1,0,1,화담숲주막,병천순대
2023-09-10,53,9,Autumn,1,0,1,화담숲주막,병천순대
2023-09-11,0,9,Autumn,0,0,0,화담숲주막,병천순대
2023-09-12,17,9,Autumn,0,0,0,화담숲주막,병천순대
2023-09-13,11,9,Autumn,0,0,0,화담숲주막,병천순대
2023-09-14,16,9,Autumn,0,0,0,화담숲주막,병천순대
2023-09-15,8,9,Autumn,0,0,0,화담숲주막,병천순대
2023-09-16,33,9,Autumn,1,0,1,화담숲주막,병천순대
2023-09-17,41,9,Autumn,1,0,1,화담숲주막,병천순대
2023-09-18,0,9,Autumn,0,0,0,화담숲주막,병천순대
2023-09-19,16,9,Autumn,0,0,0,화담숲주막,병천순대
2023-09-20,11,9,Autumn,0,0,0,화담숲주막,병천순대
2023-09-21,20,9,Autumn,0,0,0,화담숲주막,병천순대
2023-09-22,33,9,Autumn,0,0,0,화담숲주막,병천순대
2023-09-23,78,9,Autumn,1,0,1,화담숲주막,병천순대
2023-09-24,94,9,Autumn,1,0,1,화담숲주막,병천순대
2023-09-25,0,9,Autumn,0,0,0,화담숲주막,병천순대
2023-09-26,10,9,Autumn,0,0,0,화담숲주막,병천순대
2023-09-27,9,9,Autumn,0,0,0,화담숲주막,병천순대
2023-09-28,118,9,Autumn,0,1,1,화담숲주막,병천순대
2023-09-29,143,9,Autumn,0,1,1,화담숲주막,병천순대
2023-09-30,161,9,Autumn,1,1,1,화담숲주막,병천순대
2023-10-01,155,10,Autumn,1,0,1,화담숲주막,병천순대
2023-10-02,166,10,Autumn,0,1,1,화담숲주막,병천순대
2023-10-03,123,10,Autumn,0,1,1,화담숲주막,병천순대
2023-10-04,34,10,Autumn,0,0,0,화담숲주막,병천순대
2023-10-05,28,10,Autumn,0,0,0,화담숲주막,병천순대
2023-10-06,46,10,Autumn,0,0,0,화담숲주막,병천순대
2023-10-07,155,10,Autumn,1,0,1,화담숲주막,병천순대
2023-10-08,159,10,Autumn,1,0,1,화담숲주막,병천순대
2023-10-09,153,10,Autumn,0,1,1,화담숲주막,병천순대
2023-10-10,92,10,Autumn,0,0,0,화담숲주막,병천순대
2023-10-11,73,10,Autumn,0,0,0,화담숲주막,병천순대
2023-10-12,95,10,Autumn,0,0,0,화담숲주막,병천순대
2023-10-13,109,10,Autumn,0,0,0,화담숲주막,병천순대
2023-10-14,117,10,Autumn,1,0,1,화담숲주막,병천순대
2023-10-15,168,10,Autumn,1,0,1,화담숲주막,병천순대
2023-10-16,0,10,Autumn,0,0,0,화담숲주막,병천순대
2023-10-17,133,10,Autumn,0,0,0,화담숲주막,병천순대
2023-10-18,159,10,Autumn,0,0,0,화담숲주막,병천순대
2023-10-19,101,10,Autumn,0,0,0,화담숲주막,병천순대
2023-10-20,114,10,Autumn,0,0,0,화담숲주막,병천순대
2023-10-21,162,10,Autumn,1,0,1,화담숲주막,병천순대
2023-10-22,143,10,Autumn,1,0,1,화담숲주막,병천순대
2023-10-23,192,10,Autumn,0,0,0,화담숲주막,병천순대
2023-10-24,116,10,Autumn,0,0,0,화담숲주막,병천순대
2023-10-25,135,10,Autumn,0,0,0,화담숲주막,병천순대
2023-10-26,115,10,Autumn,0,0,0,화담숲주막,병천순대
2023-10-27,186,10,Autumn,0,0,0,화담숲주막,병천순대
2023-10-28,167,10,Autumn,1,0,1,화담숲주막,병천순대
2023-10-29,157,10,Autumn,1,0,1,화담숲주막,병천순대
2023-10-30,156,10,Autumn,0,0,0,화담숲주막,병천순대
2023-10-31,148,10,Autumn,0,0,0,화담숲주막,병천순대
2023-11-01,150,11,Autumn,0,0,0,화담숲주막,병천순대
2023-11-02,177,11,Autumn,0,0,0,화담숲주막,병천순대
2023-11-03,136,11,Autumn,0,0,0,화담숲주막,병천순대
2023-11-04,187,11,Autumn,1,0,1,화담숲주막,병천순대
2023-11-05,130,11,Autumn,1,0,1,화담숲주막,병천순대
2023-11-06,120,11,Autumn,0,0,0,화담숲주막,병천순대
2023-11-07,116,11,Autumn,0,0,0,화담숲주막,병천순대
2023-11-08,112,11,Autumn,0,0,0,화담숲주막,병천순대
2023-11-09,169,11,Autumn,0,0,0,화담숲주막,병천순대
2023-11-10,128,11,Autumn,0,0,0,화담숲주막,병천순대
2023-11-11,109,11,Autumn,1,0,1,화담숲주막,병천순대
2023-11-12,95,11,Autumn,1,0,1,화담숲주막,병천순대
2023-11-13,66,11,Autumn,0,0,0,화담숲주막,병천순대
2023-11-14,84,11,Autumn,0,0,0,화담숲주막,병천순대
2023-11-15,69,11,Autumn,0,0,0,화담숲주막,병천순대
2023-11-16,36,11,Autumn,0,0,0,화담숲주막,병천순대
2023-11-17,43,11,Autumn,0,0,0,화담숲주막,병천순대
2023-11-18,65,11,Autumn,1,0,1,화담숲주막,병천순대
2023-11-19,94,11,Autumn,1,0,1,화담숲주막,병천순대
2023-11-20,0,11,Autumn,0,0,0,화담숲주막,병천순대
2023-11-21,15,11,Autumn,0,0,0,화담숲주막,병천순대
2023-11-22,9,11,Autumn,0,0,0,화담숲주막,병천순대
2023-11-23,15,11,Autumn,0,0,0,화담숲주막,병천순대
2023-11-24,9,11,Autumn,0,0,0,화담숲주막,병천순대
2023-11-25,39,11,Autumn,1,0,1,화담숲주막,병천순대
2023-11-26,39,11,Autumn,1,0,1,화담숲주막,병천순대
2023-11-27,0,11,Autumn,0,0,0,화담숲주막,병천순대
2023-11-28,0,11,Autumn,0,0,0,화담숲주막,병천순대
2023-11-29,0,11,Autumn,0,0,0,화담숲주막,병천순대
2023-11-30,0,11,Autumn,0,0,0,화담숲주막,병천순대
2023-12-01,0,12,Winter,0,0,0,화담숲주막,병천순대
2023-12-02,0,12,Winter,1,0,1,화담숲주막,병천순대
2023-12-03,0,12,Winter,1,0,1,화담숲주막,병천순대
2023-12-04,0,12,Winter,0,0,0,화담숲주막,병천순대
2023-12-05,0,12,Winter,0,0,0,화담숲주막,병천순대
2023-12-06,0,12,Winter,0,0,0,화담숲주막,병천순대
2023-12-07,0,12,Winter,0,0,0,화담숲주막,병천순대
2023-12-08,0,12,Winter,0,0,0,화담숲주막,병천순대
2023-12-09,0,12,Winter,1,0,1,화담숲주막,병천순대
2023-12-10,0,12,Winter,1,0,1,화담숲주막,병천순대
2023-12-11,0,12,Winter,0,0,0,화담숲주막,병천순대
2023-12-12,0,12,Winter,0,0,0,화담숲주막,병천순대
2023-12-13,0,12,Winter,0,0,0,화담숲주막,병천순대
2023-12-14,0,12,Winter,0,0,0,화담숲주막,병천순대
2023-12-15,0,12,Winter,0,0,0,화담숲주막,병천순대
2023-12-16,0,12,Winter,1,0,1,화담숲주막,병천순대
2023-12-17,0,12,Winter,1,0,1,화담숲주막,병천순대
2023-12-18,0,12,Winter,0,0,0,화담숲주막,병천순대
2023-12-19,0,12,Winter,0,0,0,화담숲주막,병천순대
2023-12-20,0,12,Winter,0,0,0,화담숲주막,병천순대
2023-12-21,0,12,Winter,0,0,0,화담숲주막,병천순대
2023-12-22,0,12,Winter,0,0,0,화담숲주막,병천순대
2023-12-23,0,12,Winter,1,0,1,화담숲주막,병천순대
2023-12-24,0,12,Winter,1,0,1,화담숲주막,병천순대
2023-12-25,0,12,Winter,0,1,1,화담숲주막,병천순대
2023-12-26,0,12,Winter,0,0,0,화담숲주막,병천순대
2023-12-27,0,12,Winter,0,0,0,화담숲주막,병천순대
2023-12-28,0,12,Winter,0,0,0,화담숲주막,병천순대
2023-12-29,0,12,Winter,0,0,0,화담숲주막,병천순대
2023-12-30,0,12,Winter,1,0,1,화담숲주막,병천순대
2023-12-31,0,12,Winter,1,0,1,화담숲주막,병천순대
2024-01-01,0,1,Winter,0,1,1,화담숲주막,병천순대
2024-01-02,0,1,Winter,0,0,0,화담숲주막,병천순대
2024-01-03,0,1,Winter,0,0,0,화담숲주막,병천순대
2024-01-04,0,1,Winter,0,0,0,화담숲주막,병천순대
2024-01-05,0,1,Winter,0,0,0,화담숲주막,병천순대
2024-01-06,0,1,Winter,1,0,1,화담숲주막,병천순대
2024-01-07,0,1,Winter,1,0,1,화담숲주막,병천순대
2024-01-08,0,1,Winter,0,0,0,화담숲주막,병천순대
2024-01-09,0,1,Winter,0,0,0,화담숲주막,병천순대
2024-01-10,0,1,Winter,0,0,0,화담숲주막,병천순대
2024-01-11,0,1,Winter,0,0,0,화담숲주막,병천순대
2024-01-12,0,1,Winter,0,0,0,화담숲주막,병천순대
2024-01-13,0,1,Winter,1,0,1,화담숲주막,병천순대
2024-01-14,0,1,Winter,1,0,1,화담숲주막,병천순대
2024-01-15,0,1,Winter,0,0,0,화담숲주막,병천순대
2024-01-16,0,1,Winter,0,0,0,화담숲주막,병천순대
2024-01-17,0,1,Winter,0,0,0,화담숲주막,병천순대
2024-01-18,0,1,Winter,0,0,0,화담숲주막,병천순대
2024-01-19,0,1,Winter,0,0,0,화담숲주막,병천순대
2024-01-20,0,1,Winter,1,0,1,화담숲주막,병천순대
2024-01-21,0,1,Winter,1,0,1,화담숲주막,병천순대
2024-01-22,0,1,Winter,0,0,0,화담숲주막,병천순대
2024-01-23,0,1,Winter,0,0,0,화담숲주막,병천순대
2024-01-24,0,1,Winter,0,0,0,화담숲주막,병천순대
2024-01-25,0,1,Winter,0,0,0,화담숲주막,병천순대
2024-01-26,0,1,Winter,0,0,0,화담숲주막,병천순대
2024-01-27,0,1,Winter,1,0,1,화담숲주막,병천순대
2024-01-28,0,1,Winter,1,0,1,화담숲주막,병천순대
2024-01-29,0,1,Winter,0,0,0,화담숲주막,병천순대
2024-01-30,0,1,Winter,0,0,0,화담숲주막,병천순대
2024-01-31,0,1,Winter,0,0,0,화담숲주막,병천순대
2024-02-01,0,2,Winter,0,0,0,화담숲주막,병천순대
2024-02-02,0,2,Winter,0,0,0,화담숲주막,병천순대
2024-02-03,0,2,Winter,1,0,1,화담숲주막,병천순대
2024-02-04,0,2,Winter,1,0,1,화담숲주막,병천순대
2024-02-05,0,2,Winter,0,0,0,화담숲주막,병천순대
2024-02-06,0,2,Winter,0,0,0,화담숲주막,병천순대
2024-02-07,0,2,Winter,0,0,0,화담숲주막,병천순대
2024-02-08,0,2,Winter,0,0,0,화담숲주막,병천순대
2024-02-09,0,2,Winter,0,1,1,화담숲주막,병천순대
2024-02-10,0,2,Winter,1,1,1,화담숲주막,병천순대
2024-02-11,0,2,Winter,1,1,1,화담숲주막,병천순대
2024-02-12,0,2,Winter,0,1,1,화담숲주막,병천순대
2024-02-13,0,2,Winter,0,0,0,화담숲주막,병천순대
2024-02-14,0,2,Winter,0,0,0,화담숲주막,병천순대
2024-02-15,0,2,Winter,0,0,0,화담숲주막,병천순대
2024-02-16,0,2,Winter,0,0,0,화담숲주막,병천순대
2024-02-17,0,2,Winter,1,0,1,화담숲주막,병천순대
2024-02-18,0,2,Winter,1,0,1,화담숲주막,병천순대
2024-02-19,0,2,Winter,0,0,0,화담숲주막,병천순대
2024-02-20,0,2,Winter,0,0,0,화담숲주막,병천순대
2024-02-21,0,2,Winter,0,0,0,화담숲주막,병천순대
2024-02-22,0,2,Winter,0,0,0,화담숲주막,병천순대
2024-02-23,0,2,Winter,0,0,0,화담숲주막,병천순대
2024-02-24,0,2,Winter,1,0,1,화담숲주막,병천순대
2024-02-25,0,2,Winter,1,0,1,화담숲주막,병천순대
2024-02-26,0,2,Winter,0,0,0,화담숲주막,병천순대
2024-02-27,0,2,Winter,0,0,0,화담숲주막,병천순대
2024-02-28,0,2,Winter,0,0,0,화담숲주막,병천순대
2024-02-29,0,2,Winter,0,0,0,화담숲주막,병천순대
2024-03-01,0,3,Spring,0,1,1,화담숲주막,병천순대
2024-03-02,0,3,Spring,1,0,1,화담숲주막,병천순대
2024-03-03,0,3,Spring,1,0,1,화담숲주막,병천순대
2024-03-04,0,3,Spring,0,0,0,화담숲주막,병천순대
2024-03-05,0,3,Spring,0,0,0,화담숲주막,병천순대
2024-03-06,0,3,Spring,0,0,0,화담숲주막,병천순대
2024-03-07,0,3,Spring,0,0,0,화담숲주막,병천순대
2024-03-08,0,3,Spring,0,0,0,화담숲주막,병천순대
2024-03-09,0,3,Spring,1,0,1,화담숲주막,병천순대
2024-03-10,0,3,Spring,1,0,1,화담숲주막,병천순대
2024-03-11,0,3,Spring,0,0,0,화담숲주막,병천순대
2024-03-12,0,3,Spring,0,0,0,화담숲주막,병천순대
2024-03-13,0,3,Spring,0,0,0,화담숲주막,병천순대
2024-03-14,0,3,Spring,0,0,0,화담숲주막,병천순대
2024-03-15,0,3,Spring,0,0,0,화담숲주막,병천순대
2024-03-16,0,3,Spring,1,0,1,화담숲주막,병천순대
2024-03-17,0,3,Spring,1,0,1,화담숲주막,병천순대
2024-03-18,0,3,Spring,0,0,0,화담숲주막,병천순대
2024-03-19,0,3,Spring,0,0,0,화담숲주막,병천순대
2024-03-20,0,3,Spring,0,0,0,화담숲주막,병천순대
2024-03-21,0,3,Spring,0,0,0,화담숲주막,병천순대
2024-03-22,0,3,Spring,0,0,0,화담숲주막,병천순대
2024-03-23,0,3,Spring,1,0,1,화담숲주막,병천순대
2024-03-24,0,3,Spring,1,0,1,화담숲주막,병천순대
2024-03-25,0,3,Spring,0,0,0,화담숲주막,병천순대
2024-03-26,0,3,Spring,0,0,0,화담숲주막,병천순대
2024-03-27,0,3,Spring,0,0,0,화담숲주막,병천순대
2024-03-28,0,3,Spring,0,0,0,화담숲주막,병천순대
2024-03-29,41,3,Spring,0,0,0,화담숲주막,병천순대
2024-03-30,127,3,Spring,1,0,1,화담숲주막,병천순대
2024-03-31,124,3,Spring,1,0,1,화담숲주막,병천순대
2024-04-01,0,4,Spring,0,0,0,화담숲주막,병천순대
2024-04-02,105,4,Spring,0,0,0,화담숲주막,병천순대
2024-04-03,73,4,Spring,0,0,0,화담숲주막,병천순대
2024-04-04,105,4,Spring,0,0,0,화담숲주막,병천순대
2024-04-05,103,4,Spring,0,0,0,화담숲주막,병천순대
2024-04-06,135,4,Spring,1,0,1,화담숲주막,병천순대
2024-04-07,127,4,Spring,1,0,1,화담숲주막,병천순대
2024-04-08,0,4,Spring,0,0,0,화담숲주막,병천순대
2024-04-09,139,4,Spring,0,0,0,화담숲주막,병천순대
2024-04-10,145,4,Spring,0,1,1,화담숲주막,병천순대
2024-04-11,120,4,Spring,0,0,0,화담숲주막,병천순대
2024-04-12,117,4,Spring,0,0,0,화담숲주막,병천순대
2024-04-13,115,4,Spring,1,0,1,화담숲주막,병천순대
2024-04-14,124,4,Spring,1,0,1,화담숲주막,병천순대
2024-04-15,0,4,Spring,0,0,0,화담숲주막,병천순대
2024-04-16,90,4,Spring,0,0,0,화담숲주막,병천순대
2024-04-17,94,4,Spring,0,0,0,화담숲주막,병천순대
2024-04-18,96,4,Spring,0,0,0,화담숲주막,병천순대
2024-04-19,106,4,Spring,0,0,0,화담숲주막,병천순대
2024-04-20,70,4,Spring,1,0,1,화담숲주막,병천순대
2024-04-21,126,4,Spring,1,0,1,화담숲주막,병천순대
2024-04-22,0,4,Spring,0,0,0,화담숲주막,병천순대
2024-04-23,67,4,Spring,0,0,0,화담숲주막,병천순대
2024-04-24,39,4,Spring,0,0,0,화담숲주막,병천순대
2024-04-25,70,4,Spring,0,0,0,화담숲주막,병천순대
2024-04-26,63,4,Spring,0,0,0,화담숲주막,병천순대
2024-04-27,116,4,Spring,1,0,1,화담숲주막,병천순대
2024-04-28,128,4,Spring,1,0,1,화담숲주막,병천순대
2024-04-29,0,4,Spring,0,0,0,화담숲주막,병천순대
2024-04-30,48,4,Spring,0,0,0,화담숲주막,병천순대
2024-05-01,100,5,Spring,0,0,0,화담숲주막,병천순대
2024-05-02,47,5,Spring,0,0,0,화담숲주막,병천순대
2024-05-03,39,5,Spring,0,0,0,화담숲주막,병천순대
2024-05-04,121,5,Spring,1,0,1,화담숲주막,병천순대
2024-05-05,57,5,Spring,1,1,1,화담숲주막,병천순대
2024-05-06,35,5,Spring,0,1,1,화담숲주막,병천순대
2024-05-07,18,5,Spring,0,0,0,화담숲주막,병천순대
2024-05-08,26,5,Spring,0,0,0,화담숲주막,병천순대
2024-05-09,25,5,Spring,0,0,0,화담숲주막,병천순대
2024-05-10,33,5,Spring,0,0,0,화담숲주막,병천순대
2024-05-11,85,5,Spring,1,0,1,화담숲주막,병천순대
2024-05-12,84,5,Spring,1,0,1,화담숲주막,병천순대
2024-05-13,0,5,Spring,0,0,0,화담숲주막,병천순대
2024-05-14,38,5,Spring,0,0,0,화담숲주막,병천순대
2024-05-15,56,5,Spring,0,1,1,화담숲주막,병천순대
2024-05-16,52,5,Spring,0,0,0,화담숲주막,병천순대
2024-05-17,32,5,Spring,0,0,0,화담숲주막,병천순대
2024-05-18,90,5,Spring,1,0,1,화담숲주막,병천순대
2024-05-19,69,5,Spring,1,0,1,화담숲주막,병천순대
2024-05-20,0,5,Spring,0,0,0,화담숲주막,병천순대
2024-05-21,32,5,Spring,0,0,0,화담숲주막,병천순대
2024-05-22,21,5,Spring,0,0,0,화담숲주막,병천순대
2024-05-23,30,5,Spring,0,0,0,화담숲주막,병천순대
2024-05-24,35,5,Spring,0,0,0,화담숲주막,병천순대
2024-05-25,74,5,Spring,1,0,1,화담숲주막,병천순대
2024-05-26,48,5,Spring,1,0,1,화담숲주막,병천순대
2024-05-27,0,5,Spring,0,0,0,화담숲주막,병천순대
2024-05-28,19,5,Spring,0,0,0,화담숲주막,병천순대
2024-05-29,22,5,Spring,0,0,0,화담숲주막,병천순대
2024-05-30,22,5,Spring,0,0,0,화담숲주막,병천순대
2024-05-31,27,5,Spring,0,0,0,화담숲주막,병천순대
2024-06-01,52,6,Summer,1,0,1,화담숲주막,병천순대
2024-06-02,69,6,Summer,1,0,1,화담숲주막,병천순대
2024-06-03,0,6,Summer,0,0,0,화담숲주막,병천순대
2024-06-04,18,6,Summer,0,0,0,화담숲주막,병천순대
2024-06-05,17,6,Summer,0,0,0,화담숲주막,병천순대
2024-06-06,82,6,Summer,0,1,1,화담숲주막,병천순대
2024-06-07,59,6,Summer,0,0,0,화담숲주막,병천순대
2024-06-08,36,6,Summer,1,0,1,화담숲주막,병천순대
2024-06-09,41,6,Summer,1,0,1,화담숲주막,병천순대
2024-06-10,0,6,Summer,0,0,0,화담숲주막,병천순대
2024-06-11,11,6,Summer,0,0,0,화담숲주막,병천순대
2024-06-12,9,6,Summer,0,0,0,화담숲주막,병천순대
2024-06-13,29,6,Summer,0,0,0,화담숲주막,병천순대
2024-06-14,11,6,Summer,0,0,0,화담숲주막,병천순대
2024-06-15,44,6,Summer,1,0,1,화담숲주막,병천순대
2023-01-01,0,1,Winter,1,1,1,화담숲주막,스프라이트
2023-01-02,0,1,Winter,0,0,0,화담숲주막,스프라이트
2023-01-03,0,1,Winter,0,0,0,화담숲주막,스프라이트
2023-01-04,0,1,Winter,0,0,0,화담숲주막,스프라이트
2023-01-05,0,1,Winter,0,0,0,화담숲주막,스프라이트
2023-01-06,0,1,Winter,0,0,0,화담숲주막,스프라이트
2023-01-07,0,1,Winter,1,0,1,화담숲주막,스프라이트
2023-01-08,0,1,Winter,1,0,1,화담숲주막,스프라이트
2023-01-09,0,1,Winter,0,0,0,화담숲주막,스프라이트
2023-01-10,0,1,Winter,0,0,0,화담숲주막,스프라이트
2023-01-11,0,1,Winter,0,0,0,화담숲주막,스프라이트
2023-01-12,0,1,Winter,0,0,0,화담숲주막,스프라이트
2023-01-13,0,1,Winter,0,0,0,화담숲주막,스프라이트
2023-01-14,0,1,Winter,1,0,1,화담숲주막,스프라이트
2023-01-15,0,1,Winter,1,0,1,화담숲주막,스프라이트
2023-01-16,0,1,Winter,0,0,0,화담숲주막,스프라이트
2023-01-17,0,1,Winter,0,0,0,화담숲주막,스프라이트
2023-01-18,0,1,Winter,0,0,0,화담숲주막,스프라이트
2023-01-19,0,1,Winter,0,0,0,화담숲주막,스프라이트
2023-01-20,0,1,Winter,0,0,0,화담숲주막,스프라이트
2023-01-21,0,1,Winter,1,1,1,화담숲주막,스프라이트
2023-01-22,0,1,Winter,1,1,1,화담숲주막,스프라이트
2023-01-23,0,1,Winter,0,1,1,화담숲주막,스프라이트
2023-01-24,0,1,Winter,0,1,1,화담숲주막,스프라이트
2023-01-25,0,1,Winter,0,0,0,화담숲주막,스프라이트
2023-01-26,0,1,Winter,0,0,0,화담숲주막,스프라이트
2023-01-27,0,1,Winter,0,0,0,화담숲주막,스프라이트
2023-01-28,0,1,Winter,1,0,1,화담숲주막,스프라이트
2023-01-29,0,1,Winter,1,0,1,화담숲주막,스프라이트
2023-01-30,0,1,Winter,0,0,0,화담숲주막,스프라이트
2023-01-31,0,1,Winter,0,0,0,화담숲주막,스프라이트
2023-02-01,0,2,Winter,0,0,0,화담숲주막,스프라이트
2023-02-02,0,2,Winter,0,0,0,화담숲주막,스프라이트
2023-02-03,0,2,Winter,0,0,0,화담숲주막,스프라이트
2023-02-04,0,2,Winter,1,0,1,화담숲주막,스프라이트
2023-02-05,0,2,Winter,1,0,1,화담숲주막,스프라이트
2023-02-06,0,2,Winter,0,0,0,화담숲주막,스프라이트
2023-02-07,0,2,Winter,0,0,0,화담숲주막,스프라이트
2023-02-08,0,2,Winter,0,0,0,화담숲주막,스프라이트
2023-02-09,0,2,Winter,0,0,0,화담숲주막,스프라이트
2023-02-10,0,2,Winter,0,0,0,화담숲주막,스프라이트
2023-02-11,0,2,Winter,1,0,1,화담숲주막,스프라이트
2023-02-12,0,2,Winter,1,0,1,화담숲주막,스프라이트
2023-02-13,0,2,Winter,0,0,0,화담숲주막,스프라이트
2023-02-14,0,2,Winter,0,0,0,화담숲주막,스프라이트
2023-02-15,0,2,Winter,0,0,0,화담숲주막,스프라이트
2023-02-16,0,2,Winter,0,0,0,화담숲주막,스프라이트
2023-02-17,0,2,Winter,0,0,0,화담숲주막,스프라이트
2023-02-18,0,2,Winter,1,0,1,화담숲주막,스프라이트
2023-02-19,0,2,Winter,1,0,1,화담숲주막,스프라이트
2023-02-20,0,2,Winter,0,0,0,화담숲주막,스프라이트
2023-02-21,0,2,Winter,0,0,0,화담숲주막,스프라이트
2023-02-22,0,2,Winter,0,0,0,화담숲주막,스프라이트
2023-02-23,0,2,Winter,0,0,0,화담숲주막,스프라이트
2023-02-24,0,2,Winter,0,0,0,화담숲주막,스프라이트
2023-02-25,0,2,Winter,1,0,1,화담숲주막,스프라이트
2023-02-26,0,2,Winter,1,0,1,화담숲주막,스프라이트
2023-02-27,0,2,Winter,0,0,0,화담숲주막,스프라이트
2023-02-28,0,2,Winter,0,0,0,화담숲주막,스프라이트
2023-03-01,0,3,Spring,0,1,1,화담숲주막,스프라이트
2023-03-02,0,3,Spring,0,0,0,화담숲주막,스프라이트
2023-03-03,0,3,Spring,0,0,0,화담숲주막,스프라이트
2023-03-04,0,3,Spring,1,0,1,화담숲주막,스프라이트
2023-03-05,0,3,Spring,1,0,1,화담숲주막,스프라이트
2023-03-06,0,3,Spring,0,0,0,화담숲주막,스프라이트
2023-03-07,0,3,Spring,0,0,0,화담숲주막,스프라이트
2023-03-08,0,3,Spring,0,0,0,화담숲주막,스프라이트
2023-03-09,0,3,Spring,0,0,0,화담숲주막,스프라이트
2023-03-10,0,3,Spring,0,0,0,화담숲주막,스프라이트
2023-03-11,0,3,Spring,1,0,1,화담숲주막,스프라이트
2023-03-12,0,3,Spring,1,0,1,화담숲주막,스프라이트
2023-03-13,0,3,Spring,0,0,0,화담숲주막,스프라이트
2023-03-14,0,3,Spring,0,0,0,화담숲주막,스프라이트
2023-03-15,0,3,Spring,0,0,0,화담숲주막,스프라이트
2023-03-16,0,3,Spring,0,0,0,화담숲주막,스프라이트
2023-03-17,0,3,Spring,0,0,0,화담숲주막,스프라이트
2023-03-18,0,3,Spring,1,0,1,화담숲주막,스프라이트
2023-03-19,0,3,Spring,1,0,1,화담숲주막,스프라이트
2023-03-20,0,3,Spring,0,0,0,화담숲주막,스프라이트
2023-03-21,0,3,Spring,0,0,0,화담숲주막,스프라이트
2023-03-22,0,3,Spring,0,0,0,화담숲주막,스프라이트
2023-03-23,0,3,Spring,0,0,0,화담숲주막,스프라이트
2023-03-24,0,3,Spring,0,0,0,화담숲주막,스프라이트
2023-03-25,0,3,Spring,1,0,1,화담숲주막,스프라이트
2023-03-26,0,3,Spring,1,0,1,화담숲주막,스프라이트
2023-03-27,0,3,Spring,0,0,0,화담숲주막,스프라이트
2023-03-28,0,3,Spring,0,0,0,화담숲주막,스프라이트
2023-03-29,0,3,Spring,0,0,0,화담숲주막,스프라이트
2023-03-30,0,3,Spring,0,0,0,화담숲주막,스프라이트
2023-03-31,82,3,Spring,0,0,0,화담숲주막,스프라이트
2023-04-01,131,4,Spring,1,0,1,화담숲주막,스프라이트
2023-04-02,114,4,Spring,1,0,1,화담숲주막,스프라이트
2023-04-03,0,4,Spring,0,0,0,화담숲주막,스프라이트
2023-04-04,56,4,Spring,0,0,0,화담숲주막,스프라이트
2023-04-05,11,4,Spring,0,0,0,화담숲주막,스프라이트
2023-04-06,17,4,Spring,0,0,0,화담숲주막,스프라이트
2023-04-07,62,4,Spring,0,0,0,화담숲주막,스프라이트
2023-04-08,77,4,Spring,1,0,1,화담숲주막,스프라이트
2023-04-09,95,4,Spring,1,0,1,화담숲주막,스프라이트
2023-04-10,0,4,Spring,0,0,0,화담숲주막,스프라이트
2023-04-11,9,4,Spring,0,0,0,화담숲주막,스프라이트
2023-04-12,48,4,Spring,0,0,0,화담숲주막,스프라이트
2023-04-13,34,4,Spring,0,0,0,화담숲주막,스프라이트
2023-04-14,65,4,Spring,0,0,0,화담숲주막,스프라이트
2023-04-15,44,4,Spring,1,0,1,화담숲주막,스프라이트
2023-04-16,35,4,Spring,1,0,1,화담숲주막,스프라이트
2023-04-17,0,4,Spring,0,0,0,화담숲주막,스프라이트
2023-04-18,7,4,Spring,0,0,0,화담숲주막,스프라이트
2023-04-19,20,4,Spring,0,0,0,화담숲주막,스프라이트
2023-04-20,16,4,Spring,0,0,0,화담숲주막,스프라이트
2023-04-21,57,4,Spring,0,0,0,화담숲주막,스프라이트
2023-04-22,94,4,Spring,1,0,1,화담숲주막,스프라이트
2023-04-23,71,4,Spring,1,0,1,화담숲주막,스프라이트
2023-04-24,0,4,Spring,0,0,0,화담숲주막,스프라이트
2023-04-25,8,4,Spring,0,0,0,화담숲주막,스프라이트
2023-04-26,6,4,Spring,0,0,0,화담숲주막,스프라이트
2023-04-27,17,4,Spring,0,0,0,화담숲주막,스프라이트
2023-04-28,17,4,Spring,0,0,0,화담숲주막,스프라이트
2023-04-29,18,4,Spring,1,0,1,화담숲주막,스프라이트
2023-04-30,68,4,Spring,1,0,1,화담숲주막,스프라이트
2023-05-01,35,5,Spring,0,0,0,화담숲주막,스프라이트
2023-05-02,21,5,Spring,0,0,0,화담숲주막,스프라이트
2023-05-03,19,5,Spring,0,0,0,화담숲주막,스프라이트
2023-05-04,18,5,Spring,0,0,0,화담숲주막,스프라이트
2023-05-05,9,5,Spring,0,1,1,화담숲주막,스프라이트
2023-05-06,16,5,Spring,1,0,1,화담숲주막,스프라이트
2023-05-07,18,5,Spring,1,0,1,화담숲주막,스프라이트
2023-05-08,0,5,Spring,0,0,0,화담숲주막,스프라이트
2023-05-09,9,5,Spring,0,0,0,화담숲주막,스프라이트
2023-05-10,14,5,Spring,0,0,0,화담숲주막,스프라이트
2023-05-11,14,5,Spring,0,0,0,화담숲주막,스프라이트
2023-05-12,23,5,Spring,0,0,0,화담숲주막,스프라이트
2023-05-13,55,5,Spring,1,0,1,화담숲주막,스프라이트
2023-05-14,41,5,Spring,1,0,1,화담숲주막,스프라이트
2023-05-15,0,5,Spring,0,0,0,화담숲주막,스프라이트
2023-05-16,10,5,Spring,0,0,0,화담숲주막,스프라이트
2023-05-17,9,5,Spring,0,0,0,화담숲주막,스프라이트
2023-05-18,2,5,Spring,0,0,0,화담숲주막,스프라이트
2023-05-19,13,5,Spring,0,0,0,화담숲주막,스프라이트
2023-05-20,29,5,Spring,1,0,1,화담숲주막,스프라이트
2023-05-21,23,5,Spring,1,0,1,화담숲주막,스프라이트
2023-05-22,0,5,Spring,0,0,0,화담숲주막,스프라이트
2023-05-23,7,5,Spring,0,0,0,화담숲주막,스프라이트
2023-05-24,3,5,Spring,0,0,0,화담숲주막,스프라이트
2023-05-25,6,5,Spring,0,0,0,화담숲주막,스프라이트
2023-05-26,3,5,Spring,0,0,0,화담숲주막,스프라이트
2023-05-27,17,5,Spring,1,1,1,화담숲주막,스프라이트
2023-05-28,12,5,Spring,1,0,1,화담숲주막,스프라이트
2023-05-29,19,5,Spring,0,1,1,화담숲주막,스프라이트
2023-05-30,14,5,Spring,0,0,0,화담숲주막,스프라이트
2023-05-31,7,5,Spring,0,0,0,화담숲주막,스프라이트
2023-06-01,14,6,Summer,0,0,0,화담숲주막,스프라이트
2023-06-02,8,6,Summer,0,0,0,화담숲주막,스프라이트
2023-06-03,25,6,Summer,1,0,1,화담숲주막,스프라이트
2023-06-04,30,6,Summer,1,0,1,화담숲주막,스프라이트
2023-06-05,24,6,Summer,0,0,0,화담숲주막,스프라이트
2023-06-06,68,6,Summer,0,1,1,화담숲주막,스프라이트
2023-06-07,5,6,Summer,0,0,0,화담숲주막,스프라이트
2023-06-08,1,6,Summer,0,0,0,화담숲주막,스프라이트
2023-06-09,4,6,Summer,0,0,0,화담숲주막,스프라이트
2023-06-10,19,6,Summer,1,0,1,화담숲주막,스프라이트
2023-06-11,11,6,Summer,1,0,1,화담숲주막,스프라이트
2023-06-12,0,6,Summer,0,0,0,화담숲주막,스프라이트
2023-06-13,4,6,Summer,0,0,0,화담숲주막,스프라이트
2023-06-14,12,6,Summer,0,0,0,화담숲주막,스프라이트
2023-06-15,10,6,Summer,0,0,0,화담숲주막,스프라이트
2023-06-16,5,6,Summer,0,0,0,화담숲주막,스프라이트
2023-06-17,26,6,Summer,1,0,1,화담숲주막,스프라이트
2023-06-18,29,6,Summer,1,0,1,화담숲주막,스프라이트
2023-06-19,0,6,Summer,0,0,0,화담숲주막,스프라이트
2023-06-20,5,6,Summer,0,0,0,화담숲주막,스프라이트
2023-06-21,0,6,Summer,0,0,0,화담숲주막,스프라이트
2023-06-22,1,6,Summer,0,0,0,화담숲주막,스프라이트
2023-06-23,1,6,Summer,0,0,0,화담숲주막,스프라이트
2023-06-24,14,6,Summer,1,0,1,화담숲주막,스프라이트
2023-06-25,13,6,Summer,1,0,1,화담숲주막,스프라이트
2023-06-26,0,6,Summer,0,0,0,화담숲주막,스프라이트
2023-06-27,3,6,Summer,0,0,0,화담숲주막,스프라이트
2023-06-28,5,6,Summer,0,0,0,화담숲주막,스프라이트
2023-06-29,0,6,Summer,0,0,0,화담숲주막,스프라이트
2023-06-30,11,6,Summer,0,0,0,화담숲주막,스프라이트
2023-07-01,21,7,Summer,1,0,1,화담숲주막,스프라이트
2023-07-02,14,7,Summer,1,0,1,화담숲주막,스프라이트
2023-07-03,0,7,Summer,0,0,0,화담숲주막,스프라이트
2023-07-04,6,7,Summer,0,0,0,화담숲주막,스프라이트
2023-07-05,0,7,Summer,0,0,0,화담숲주막,스프라이트
2023-07-06,2,7,Summer,0,0,0,화담숲주막,스프라이트
2023-07-07,1,7,Summer,0,0,0,화담숲주막,스프라이트
2023-07-08,11,7,Summer,1,0,1,화담숲주막,스프라이트
2023-07-09,7,7,Summer,1,0,1,화담숲주막,스프라이트
2023-07-10,0,7,Summer,0,0,0,화담숲주막,스프라이트
2023-07-11,2,7,Summer,0,0,0,화담숲주막,스프라이트
2023-07-12,0,7,Summer,0,0,0,화담숲주막,스프라이트
2023-07-13,1,7,Summer,0,0,0,화담숲주막,스프라이트
2023-07-14,1,7,Summer,0,0,0,화담숲주막,스프라이트
2023-07-15,2,7,Summer,1,0,1,화담숲주막,스프라이트
2023-07-16,9,7,Summer,1,0,1,화담숲주막,스프라이트
2023-07-17,0,7,Summer,0,0,0,화담숲주막,스프라이트
2023-07-18,1,7,Summer,0,0,0,화담숲주막,스프라이트
2023-07-19,4,7,Summer,0,0,0,화담숲주막,스프라이트
2023-07-20,0,7,Summer,0,0,0,화담숲주막,스프라이트
2023-07-21,2,7,Summer,0,0,0,화담숲주막,스프라이트
2023-07-22,3,7,Summer,1,0,1,화담숲주막,스프라이트
2023-07-23,3,7,Summer,1,0,1,화담숲주막,스프라이트
2023-07-24,0,7,Summer,0,0,0,화담숲주막,스프라이트
2023-07-25,5,7,Summer,0,0,0,화담숲주막,스프라이트
2023-07-26,4,7,Summer,0,0,0,화담숲주막,스프라이트
2023-07-27,2,7,Summer,0,0,0,화담숲주막,스프라이트
2023-07-28,7,7,Summer,0,0,0,화담숲주막,스프라이트
2023-07-29,7,7,Summer,1,0,1,화담숲주막,스프라이트
2023-07-30,7,7,Summer,1,0,1,화담숲주막,스프라이트
2023-07-31,0,7,Summer,0,0,0,화담숲주막,스프라이트
2023-08-01,8,8,Summer,0,0,0,화담숲주막,스프라이트
2023-08-02,1,8,Summer,0,0,0,화담숲주막,스프라이트
2023-08-03,12,8,Summer,0,0,0,화담숲주막,스프라이트
2023-08-04,2,8,Summer,0,0,0,화담숲주막,스프라이트
2023-08-05,7,8,Summer,1,0,1,화담숲주막,스프라이트
2023-08-06,0,8,Summer,1,0,1,화담숲주막,스프라이트
2023-08-07,0,8,Summer,0,0,0,화담숲주막,스프라이트
2023-08-08,7,8,Summer,0,0,0,화담숲주막,스프라이트
2023-08-09,6,8,Summer,0,0,0,화담숲주막,스프라이트
2023-08-10,0,8,Summer,0,0,0,화담숲주막,스프라이트
2023-08-11,6,8,Summer,0,0,0,화담숲주막,스프라이트
2023-08-12,11,8,Summer,1,0,1,화담숲주막,스프라이트
2023-08-13,19,8,Summer,1,0,1,화담숲주막,스프라이트
2023-08-14,4,8,Summer,0,0,0,화담숲주막,스프라이트
2023-08-15,17,8,Summer,0,1,1,화담숲주막,스프라이트
2023-08-16,1,8,Summer,0,0,0,화담숲주막,스프라이트
2023-08-17,4,8,Summer,0,0,0,화담숲주막,스프라이트
2023-08-18,3,8,Summer,0,0,0,화담숲주막,스프라이트
2023-08-19,4,8,Summer,1,0,1,화담숲주막,스프라이트
2023-08-20,6,8,Summer,1,0,1,화담숲주막,스프라이트
2023-08-21,0,8,Summer,0,0,0,화담숲주막,스프라이트
2023-08-22,2,8,Summer,0,0,0,화담숲주막,스프라이트
2023-08-23,3,8,Summer,0,0,0,화담숲주막,스프라이트
2023-08-24,0,8,Summer,0,0,0,화담숲주막,스프라이트
2023-08-25,2,8,Summer,0,0,0,화담숲주막,스프라이트
2023-08-26,17,8,Summer,1,0,1,화담숲주막,스프라이트
2023-08-27,7,8,Summer,1,0,1,화담숲주막,스프라이트
2023-08-28,0,8,Summer,0,0,0,화담숲주막,스프라이트
2023-08-29,3,8,Summer,0,0,0,화담숲주막,스프라이트
2023-08-30,3,8,Summer,0,0,0,화담숲주막,스프라이트
2023-08-31,3,8,Summer,0,0,0,화담숲주막,스프라이트
2023-09-01,3,9,Autumn,0,0,0,화담숲주막,스프라이트
2023-09-02,26,9,Autumn,1,0,1,화담숲주막,스프라이트
2023-09-03,13,9,Autumn,1,0,1,화담숲주막,스프라이트
2023-09-04,0,9,Autumn,0,0,0,화담숲주막,스프라이트
2023-09-05,2,9,Autumn,0,0,0,화담숲주막,스프라이트
2023-09-06,5,9,Autumn,0,0,0,화담숲주막,스프라이트
2023-09-07,4,9,Autumn,0,0,0,화담숲주막,스프라이트
2023-09-08,36,9,Autumn,0,0,0,화담숲주막,스프라이트
2023-09-09,26,9,Autumn,1,0,1,화담숲주막,스프라이트
2023-09-10,33,9,Autumn,1,0,1,화담숲주막,스프라이트
2023-09-11,0,9,Autumn,0,0,0,화담숲주막,스프라이트
2023-09-12,6,9,Autumn,0,0,0,화담숲주막,스프라이트
2023-09-13,1,9,Autumn,0,0,0,화담숲주막,스프라이트
2023-09-14,4,9,Autumn,0,0,0,화담숲주막,스프라이트
2023-09-15,5,9,Autumn,0,0,0,화담숲주막,스프라이트
2023-09-16,14,9,Autumn,1,0,1,화담숲주막,스프라이트
2023-09-17,14,9,Autumn,1,0,1,화담숲주막,스프라이트
2023-09-18,0,9,Autumn,0,0,0,화담숲주막,스프라이트
2023-09-19,7,9,Autumn,0,0,0,화담숲주막,스프라이트
2023-09-20,3,9,Autumn,0,0,0,화담숲주막,스프라이트
2023-09-21,9,9,Autumn,0,0,0,화담숲주막,스프라이트
2023-09-22,8,9,Autumn,0,0,0,화담숲주막,스프라이트
2023-09-23,39,9,Autumn,1,0,1,화담숲주막,스프라이트
2023-09-24,41,9,Autumn,1,0,1,화담숲주막,스프라이트
2023-09-25,0,9,Autumn,0,0,0,화담숲주막,스프라이트
2023-09-26,9,9,Autumn,0,0,0,화담숲주막,스프라이트
2023-09-27,4,9,Autumn,0,0,0,화담숲주막,스프라이트
2023-09-28,66,9,Autumn,0,1,1,화담숲주막,스프라이트
2023-09-29,100,9,Autumn,0,1,1,화담숲주막,스프라이트
2023-09-30,81,9,Autumn,1,1,1,화담숲주막,스프라이트
2023-10-01,81,10,Autumn,1,0,1,화담숲주막,스프라이트
2023-10-02,86,10,Autumn,0,1,1,화담숲주막,스프라이트
2023-10-03,53,10,Autumn,0,1,1,화담숲주막,스프라이트
2023-10-04,7,10,Autumn,0,0,0,화담숲주막,스프라이트
2023-10-05,5,10,Autumn,0,0,0,화담숲주막,스프라이트
2023-10-06,14,10,Autumn,0,0,0,화담숲주막,스프라이트
2023-10-07,65,10,Autumn,1,0,1,화담숲주막,스프라이트
2023-10-08,58,10,Autumn,1,0,1,화담숲주막,스프라이트
2023-10-09,99,10,Autumn,0,1,1,화담숲주막,스프라이트
2023-10-10,28,10,Autumn,0,0,0,화담숲주막,스프라이트
2023-10-11,36,10,Autumn,0,0,0,화담숲주막,스프라이트
2023-10-12,44,10,Autumn,0,0,0,화담숲주막,스프라이트
2023-10-13,55,10,Autumn,0,0,0,화담숲주막,스프라이트
2023-10-14,39,10,Autumn,1,0,1,화담숲주막,스프라이트
2023-10-15,89,10,Autumn,1,0,1,화담숲주막,스프라이트
2023-10-16,0,10,Autumn,0,0,0,화담숲주막,스프라이트
2023-10-17,61,10,Autumn,0,0,0,화담숲주막,스프라이트
2023-10-18,67,10,Autumn,0,0,0,화담숲주막,스프라이트
2023-10-19,40,10,Autumn,0,0,0,화담숲주막,스프라이트
2023-10-20,65,10,Autumn,0,0,0,화담숲주막,스프라이트
2023-10-21,80,10,Autumn,1,0,1,화담숲주막,스프라이트
2023-10-22,75,10,Autumn,1,0,1,화담숲주막,스프라이트
2023-10-23,83,10,Autumn,0,0,0,화담숲주막,스프라이트
2023-10-24,55,10,Autumn,0,0,0,화담숲주막,스프라이트
2023-10-25,77,10,Autumn,0,0,0,화담숲주막,스프라이트
2023-10-26,83,10,Autumn,0,0,0,화담숲주막,스프라이트
2023-10-27,80,10,Autumn,0,0,0,화담숲주막,스프라이트
2023-10-28,100,10,Autumn,1,0,1,화담숲주막,스프라이트
2023-10-29,113,10,Autumn,1,0,1,화담숲주막,스프라이트
2023-10-30,102,10,Autumn,0,0,0,화담숲주막,스프라이트
2023-10-31,122,10,Autumn,0,0,0,화담숲주막,스프라이트
2023-11-01,89,11,Autumn,0,0,0,화담숲주막,스프라이트
2023-11-02,111,11,Autumn,0,0,0,화담숲주막,스프라이트
2023-11-03,96,11,Autumn,0,0,0,화담숲주막,스프라이트
2023-11-04,118,11,Autumn,1,0,1,화담숲주막,스프라이트
2023-11-05,83,11,Autumn,1,0,1,화담숲주막,스프라이트
2023-11-06,33,11,Autumn,0,0,0,화담숲주막,스프라이트
2023-11-07,58,11,Autumn,0,0,0,화담숲주막,스프라이트
2023-11-08,67,11,Autumn,0,0,0,화담숲주막,스프라이트
2023-11-09,65,11,Autumn,0,0,0,화담숲주막,스프라이트
2023-11-10,40,11,Autumn,0,0,0,화담숲주막,스프라이트
2023-11-11,36,11,Autumn,1,0,1,화담숲주막,스프라이트
2023-11-12,36,11,Autumn,1,0,1,화담숲주막,스프라이트
2023-11-13,33,11,Autumn,0,0,0,화담숲주막,스프라이트
2023-11-14,22,11,Autumn,0,0,0,화담숲주막,스프라이트
2023-11-15,23,11,Autumn,0,0,0,화담숲주막,스프라이트
2023-11-16,8,11,Autumn,0,0,0,화담숲주막,스프라이트
2023-11-17,15,11,Autumn,0,0,0,화담숲주막,스프라이트
2023-11-18,25,11,Autumn,1,0,1,화담숲주막,스프라이트
2023-11-19,33,11,Autumn,1,0,1,화담숲주막,스프라이트
2023-11-20,0,11,Autumn,0,0,0,화담숲주막,스프라이트
2023-11-21,2,11,Autumn,0,0,0,화담숲주막,스프라이트
2023-11-22,5,11,Autumn,0,0,0,화담숲주막,스프라이트
2023-11-23,5,11,Autumn,0,0,0,화담숲주막,스프라이트
2023-11-24,3,11,Autumn,0,0,0,화담숲주막,스프라이트
2023-11-25,55,11,Autumn,1,0,1,화담숲주막,스프라이트
2023-11-26,14,11,Autumn,1,0,1,화담숲주막,스프라이트
2023-11-27,0,11,Autumn,0,0,0,화담숲주막,스프라이트
2023-11-28,0,11,Autumn,0,0,0,화담숲주막,스프라이트
2023-11-29,0,11,Autumn,0,0,0,화담숲주막,스프라이트
2023-11-30,0,11,Autumn,0,0,0,화담숲주막,스프라이트
2023-12-01,0,12,Winter,0,0,0,화담숲주막,스프라이트
2023-12-02,0,12,Winter,1,0,1,화담숲주막,스프라이트
2023-12-03,0,12,Winter,1,0,1,화담숲주막,스프라이트
2023-12-04,0,12,Winter,0,0,0,화담숲주막,스프라이트
2023-12-05,0,12,Winter,0,0,0,화담숲주막,스프라이트
2023-12-06,0,12,Winter,0,0,0,화담숲주막,스프라이트
2023-12-07,0,12,Winter,0,0,0,화담숲주막,스프라이트
2023-12-08,0,12,Winter,0,0,0,화담숲주막,스프라이트
2023-12-09,0,12,Winter,1,0,1,화담숲주막,스프라이트
2023-12-10,0,12,Winter,1,0,1,화담숲주막,스프라이트
2023-12-11,0,12,Winter,0,0,0,화담숲주막,스프라이트
2023-12-12,0,12,Winter,0,0,0,화담숲주막,스프라이트
2023-12-13,0,12,Winter,0,0,0,화담숲주막,스프라이트
2023-12-14,0,12,Winter,0,0,0,화담숲주막,스프라이트
2023-12-15,0,12,Winter,0,0,0,화담숲주막,스프라이트
2023-12-16,0,12,Winter,1,0,1,화담숲주막,스프라이트
2023-12-17,0,12,Winter,1,0,1,화담숲주막,스프라이트
2023-12-18,0,12,Winter,0,0,0,화담숲주막,스프라이트
2023-12-19,0,12,Winter,0,0,0,화담숲주막,스프라이트
2023-12-20,0,12,Winter,0,0,0,화담숲주막,스프라이트
2023-12-21,0,12,Winter,0,0,0,화담숲주막,스프라이트
2023-12-22,0,12,Winter,0,0,0,화담숲주막,스프라이트
2023-12-23,0,12,Winter,1,0,1,화담숲주막,스프라이트
2023-12-24,0,12,Winter,1,0,1,화담숲주막,스프라이트
2023-12-25,0,12,Winter,0,1,1,화담숲주막,스프라이트
2023-12-26,0,12,Winter,0,0,0,화담숲주막,스프라이트
2023-12-27,0,12,Winter,0,0,0,화담숲주막,스프라이트
2023-12-28,0,12,Winter,0,0,0,화담숲주막,스프라이트
2023-12-29,0,12,Winter,0,0,0,화담숲주막,스프라이트
2023-12-30,0,12,Winter,1,0,1,화담숲주막,스프라이트
2023-12-31,0,12,Winter,1,0,1,화담숲주막,스프라이트
2024-01-01,0,1,Winter,0,1,1,화담숲주막,스프라이트
2024-01-02,0,1,Winter,0,0,0,화담숲주막,스프라이트
2024-01-03,0,1,Winter,0,0,0,화담숲주막,스프라이트
2024-01-04,0,1,Winter,0,0,0,화담숲주막,스프라이트
2024-01-05,0,1,Winter,0,0,0,화담숲주막,스프라이트
2024-01-06,0,1,Winter,1,0,1,화담숲주막,스프라이트
2024-01-07,0,1,Winter,1,0,1,화담숲주막,스프라이트
2024-01-08,0,1,Winter,0,0,0,화담숲주막,스프라이트
2024-01-09,0,1,Winter,0,0,0,화담숲주막,스프라이트
2024-01-10,0,1,Winter,0,0,0,화담숲주막,스프라이트
2024-01-11,0,1,Winter,0,0,0,화담숲주막,스프라이트
2024-01-12,0,1,Winter,0,0,0,화담숲주막,스프라이트
2024-01-13,0,1,Winter,1,0,1,화담숲주막,스프라이트
2024-01-14,0,1,Winter,1,0,1,화담숲주막,스프라이트
2024-01-15,0,1,Winter,0,0,0,화담숲주막,스프라이트
2024-01-16,0,1,Winter,0,0,0,화담숲주막,스프라이트
2024-01-17,0,1,Winter,0,0,0,화담숲주막,스프라이트
2024-01-18,0,1,Winter,0,0,0,화담숲주막,스프라이트
2024-01-19,0,1,Winter,0,0,0,화담숲주막,스프라이트
2024-01-20,0,1,Winter,1,0,1,화담숲주막,스프라이트
2024-01-21,0,1,Winter,1,0,1,화담숲주막,스프라이트
2024-01-22,0,1,Winter,0,0,0,화담숲주막,스프라이트
2024-01-23,0,1,Winter,0,0,0,화담숲주막,스프라이트
2024-01-24,0,1,Winter,0,0,0,화담숲주막,스프라이트
2024-01-25,0,1,Winter,0,0,0,화담숲주막,스프라이트
2024-01-26,0,1,Winter,0,0,0,화담숲주막,스프라이트
2024-01-27,0,1,Winter,1,0,1,화담숲주막,스프라이트
2024-01-28,0,1,Winter,1,0,1,화담숲주막,스프라이트
2024-01-29,0,1,Winter,0,0,0,화담숲주막,스프라이트
2024-01-30,0,1,Winter,0,0,0,화담숲주막,스프라이트
2024-01-31,0,1,Winter,0,0,0,화담숲주막,스프라이트
2024-02-01,0,2,Winter,0,0,0,화담숲주막,스프라이트
2024-02-02,0,2,Winter,0,0,0,화담숲주막,스프라이트
2024-02-03,0,2,Winter,1,0,1,화담숲주막,스프라이트
2024-02-04,0,2,Winter,1,0,1,화담숲주막,스프라이트
2024-02-05,0,2,Winter,0,0,0,화담숲주막,스프라이트
2024-02-06,0,2,Winter,0,0,0,화담숲주막,스프라이트
2024-02-07,0,2,Winter,0,0,0,화담숲주막,스프라이트
2024-02-08,0,2,Winter,0,0,0,화담숲주막,스프라이트
2024-02-09,0,2,Winter,0,1,1,화담숲주막,스프라이트
2024-02-10,0,2,Winter,1,1,1,화담숲주막,스프라이트
2024-02-11,0,2,Winter,1,1,1,화담숲주막,스프라이트
2024-02-12,0,2,Winter,0,1,1,화담숲주막,스프라이트
2024-02-13,0,2,Winter,0,0,0,화담숲주막,스프라이트
2024-02-14,0,2,Winter,0,0,0,화담숲주막,스프라이트
2024-02-15,0,2,Winter,0,0,0,화담숲주막,스프라이트
2024-02-16,0,2,Winter,0,0,0,화담숲주막,스프라이트
2024-02-17,0,2,Winter,1,0,1,화담숲주막,스프라이트
2024-02-18,0,2,Winter,1,0,1,화담숲주막,스프라이트
2024-02-19,0,2,Winter,0,0,0,화담숲주막,스프라이트
2024-02-20,0,2,Winter,0,0,0,화담숲주막,스프라이트
2024-02-21,0,2,Winter,0,0,0,화담숲주막,스프라이트
2024-02-22,0,2,Winter,0,0,0,화담숲주막,스프라이트
2024-02-23,0,2,Winter,0,0,0,화담숲주막,스프라이트
2024-02-24,0,2,Winter,1,0,1,화담숲주막,스프라이트
2024-02-25,0,2,Winter,1,0,1,화담숲주막,스프라이트
2024-02-26,0,2,Winter,0,0,0,화담숲주막,스프라이트
2024-02-27,0,2,Winter,0,0,0,화담숲주막,스프라이트
2024-02-28,0,2,Winter,0,0,0,화담숲주막,스프라이트
2024-02-29,0,2,Winter,0,0,0,화담숲주막,스프라이트
2024-03-01,0,3,Spring,0,1,1,화담숲주막,스프라이트
2024-03-02,0,3,Spring,1,0,1,화담숲주막,스프라이트
2024-03-03,0,3,Spring,1,0,1,화담숲주막,스프라이트
2024-03-04,0,3,Spring,0,0,0,화담숲주막,스프라이트
2024-03-05,0,3,Spring,0,0,0,화담숲주막,스프라이트
2024-03-06,0,3,Spring,0,0,0,화담숲주막,스프라이트
2024-03-07,0,3,Spring,0,0,0,화담숲주막,스프라이트
2024-03-08,0,3,Spring,0,0,0,화담숲주막,스프라이트
2024-03-09,0,3,Spring,1,0,1,화담숲주막,스프라이트
2024-03-10,0,3,Spring,1,0,1,화담숲주막,스프라이트
2024-03-11,0,3,Spring,0,0,0,화담숲주막,스프라이트
2024-03-12,0,3,Spring,0,0,0,화담숲주막,스프라이트
2024-03-13,0,3,Spring,0,0,0,화담숲주막,스프라이트
2024-03-14,0,3,Spring,0,0,0,화담숲주막,스프라이트
2024-03-15,0,3,Spring,0,0,0,화담숲주막,스프라이트
2024-03-16,0,3,Spring,1,0,1,화담숲주막,스프라이트
2024-03-17,0,3,Spring,1,0,1,화담숲주막,스프라이트
2024-03-18,0,3,Spring,0,0,0,화담숲주막,스프라이트
2024-03-19,0,3,Spring,0,0,0,화담숲주막,스프라이트
2024-03-20,0,3,Spring,0,0,0,화담숲주막,스프라이트
2024-03-21,0,3,Spring,0,0,0,화담숲주막,스프라이트
2024-03-22,0,3,Spring,0,0,0,화담숲주막,스프라이트
2024-03-23,0,3,Spring,1,0,1,화담숲주막,스프라이트
2024-03-24,0,3,Spring,1,0,1,화담숲주막,스프라이트
2024-03-25,0,3,Spring,0,0,0,화담숲주막,스프라이트
2024-03-26,0,3,Spring,0,0,0,화담숲주막,스프라이트
2024-03-27,0,3,Spring,0,0,0,화담숲주막,스프라이트
2024-03-28,0,3,Spring,0,0,0,화담숲주막,스프라이트
2024-03-29,18,3,Spring,0,0,0,화담숲주막,스프라이트
2024-03-30,56,3,Spring,1,0,1,화담숲주막,스프라이트
2024-03-31,65,3,Spring,1,0,1,화담숲주막,스프라이트
2024-04-01,0,4,Spring,0,0,0,화담숲주막,스프라이트
2024-04-02,44,4,Spring,0,0,0,화담숲주막,스프라이트
2024-04-03,16,4,Spring,0,0,0,화담숲주막,스프라이트
2024-04-04,43,4,Spring,0,0,0,화담숲주막,스프라이트
2024-04-05,65,4,Spring,0,0,0,화담숲주막,스프라이트
2024-04-06,73,4,Spring,1,0,1,화담숲주막,스프라이트
2024-04-07,81,4,Spring,1,0,1,화담숲주막,스프라이트
2024-04-08,0,4,Spring,0,0,0,화담숲주막,스프라이트
2024-04-09,61,4,Spring,0,0,0,화담숲주막,스프라이트
2024-04-10,86,4,Spring,0,1,1,화담숲주막,스프라이트
2024-04-11,61,4,Spring,0,0,0,화담숲주막,스프라이트
2024-04-12,91,4,Spring,0,0,0,화담숲주막,스프라이트
2024-04-13,109,4,Spring,1,0,1,화담숲주막,스프라이트
2024-04-14,70,4,Spring,1,0,1,화담숲주막,스프라이트
2024-04-15,0,4,Spring,0,0,0,화담숲주막,스프라이트
2024-04-16,22,4,Spring,0,0,0,화담숲주막,스프라이트
2024-04-17,31,4,Spring,0,0,0,화담숲주막,스프라이트
2024-04-18,37,4,Spring,0,0,0,화담숲주막,스프라이트
2024-04-19,33,4,Spring,0,0,0,화담숲주막,스프라이트
2024-04-20,22,4,Spring,1,0,1,화담숲주막,스프라이트
2024-04-21,36,4,Spring,1,0,1,화담숲주막,스프라이트
2024-04-22,0,4,Spring,0,0,0,화담숲주막,스프라이트
2024-04-23,21,4,Spring,0,0,0,화담숲주막,스프라이트
2024-04-24,10,4,Spring,0,0,0,화담숲주막,스프라이트
2024-04-25,14,4,Spring,0,0,0,화담숲주막,스프라이트
2024-04-26,23,4,Spring,0,0,0,화담숲주막,스프라이트
2024-04-27,41,4,Spring,1,0,1,화담숲주막,스프라이트
2024-04-28,58,4,Spring,1,0,1,화담숲주막,스프라이트
2024-04-29,0,4,Spring,0,0,0,화담숲주막,스프라이트
2024-04-30,5,4,Spring,0,0,0,화담숲주막,스프라이트
2024-05-01,49,5,Spring,0,0,0,화담숲주막,스프라이트
2024-05-02,8,5,Spring,0,0,0,화담숲주막,스프라이트
2024-05-03,6,5,Spring,0,0,0,화담숲주막,스프라이트
2024-05-04,44,5,Spring,1,0,1,화담숲주막,스프라이트
2024-05-05,10,5,Spring,1,1,1,화담숲주막,스프라이트
2024-05-06,2,5,Spring,0,1,1,화담숲주막,스프라이트
2024-05-07,1,5,Spring,0,0,0,화담숲주막,스프라이트
2024-05-08,9,5,Spring,0,0,0,화담숲주막,스프라이트
2024-05-09,5,5,Spring,0,0,0,화담숲주막,스프라이트
2024-05-10,6,5,Spring,0,0,0,화담숲주막,스프라이트
2024-05-11,14,5,Spring,1,0,1,화담숲주막,스프라이트
2024-05-12,20,5,Spring,1,0,1,화담숲주막,스프라이트
2024-05-13,0,5,Spring,0,0,0,화담숲주막,스프라이트
2024-05-14,11,5,Spring,0,0,0,화담숲주막,스프라이트
2024-05-15,18,5,Spring,0,1,1,화담숲주막,스프라이트
2024-05-16,7,5,Spring,0,0,0,화담숲주막,스프라이트
2024-05-17,14,5,Spring,0,0,0,화담숲주막,스프라이트
2024-05-18,43,5,Spring,1,0,1,화담숲주막,스프라이트
2024-05-19,29,5,Spring,1,0,1,화담숲주막,스프라이트
2024-05-20,0,5,Spring,0,0,0,화담숲주막,스프라이트
2024-05-21,11,5,Spring,0,0,0,화담숲주막,스프라이트
2024-05-22,6,5,Spring,0,0,0,화담숲주막,스프라이트
2024-05-23,2,5,Spring,0,0,0,화담숲주막,스프라이트
2024-05-24,12,5,Spring,0,0,0,화담숲주막,스프라이트
2024-05-25,23,5,Spring,1,0,1,화담숲주막,스프라이트
2024-05-26,20,5,Spring,1,0,1,화담숲주막,스프라이트
2024-05-27,0,5,Spring,0,0,0,화담숲주막,스프라이트
2024-05-28,8,5,Spring,0,0,0,화담숲주막,스프라이트
2024-05-29,1,5,Spring,0,0,0,화담숲주막,스프라이트
2024-05-30,4,5,Spring,0,0,0,화담숲주막,스프라이트
2024-05-31,16,5,Spring,0,0,0,화담숲주막,스프라이트
2024-06-01,18,6,Summer,1,0,1,화담숲주막,스프라이트
2024-06-02,12,6,Summer,1,0,1,화담숲주막,스프라이트
2024-06-03,0,6,Summer,0,0,0,화담숲주막,스프라이트
2024-06-04,6,6,Summer,0,0,0,화담숲주막,스프라이트
2024-06-05,3,6,Summer,0,0,0,화담숲주막,스프라이트
2024-06-06,37,6,Summer,0,1,1,화담숲주막,스프라이트
2024-06-07,26,6,Summer,0,0,0,화담숲주막,스프라이트
2024-06-08,21,6,Summer,1,0,1,화담숲주막,스프라이트
2024-06-09,20,6,Summer,1,0,1,화담숲주막,스프라이트
2024-06-10,0,6,Summer,0,0,0,화담숲주막,스프라이트
2024-06-11,5,6,Summer,0,0,0,화담숲주막,스프라이트
2024-06-12,11,6,Summer,0,0,0,화담숲주막,스프라이트
2024-06-13,3,6,Summer,0,0,0,화담숲주막,스프라이트
2024-06-14,5,6,Summer,0,0,0,화담숲주막,스프라이트
2024-06-15,35,6,Summer,1,0,1,화담숲주막,스프라이트
2023-01-01,0,1,Winter,1,1,1,화담숲주막,참살이 막걸리
2023-01-02,0,1,Winter,0,0,0,화담숲주막,참살이 막걸리
2023-01-03,0,1,Winter,0,0,0,화담숲주막,참살이 막걸리
2023-01-04,0,1,Winter,0,0,0,화담숲주막,참살이 막걸리
2023-01-05,0,1,Winter,0,0,0,화담숲주막,참살이 막걸리
2023-01-06,0,1,Winter,0,0,0,화담숲주막,참살이 막걸리
2023-01-07,0,1,Winter,1,0,1,화담숲주막,참살이 막걸리
2023-01-08,0,1,Winter,1,0,1,화담숲주막,참살이 막걸리
2023-01-09,0,1,Winter,0,0,0,화담숲주막,참살이 막걸리
2023-01-10,0,1,Winter,0,0,0,화담숲주막,참살이 막걸리
2023-01-11,0,1,Winter,0,0,0,화담숲주막,참살이 막걸리
2023-01-12,0,1,Winter,0,0,0,화담숲주막,참살이 막걸리
2023-01-13,0,1,Winter,0,0,0,화담숲주막,참살이 막걸리
2023-01-14,0,1,Winter,1,0,1,화담숲주막,참살이 막걸리
2023-01-15,0,1,Winter,1,0,1,화담숲주막,참살이 막걸리
2023-01-16,0,1,Winter,0,0,0,화담숲주막,참살이 막걸리
2023-01-17,0,1,Winter,0,0,0,화담숲주막,참살이 막걸리
2023-01-18,0,1,Winter,0,0,0,화담숲주막,참살이 막걸리
2023-01-19,0,1,Winter,0,0,0,화담숲주막,참살이 막걸리
2023-01-20,0,1,Winter,0,0,0,화담숲주막,참살이 막걸리
2023-01-21,0,1,Winter,1,1,1,화담숲주막,참살이 막걸리
2023-01-22,0,1,Winter,1,1,1,화담숲주막,참살이 막걸리
2023-01-23,0,1,Winter,0,1,1,화담숲주막,참살이 막걸리
2023-01-24,0,1,Winter,0,1,1,화담숲주막,참살이 막걸리
2023-01-25,0,1,Winter,0,0,0,화담숲주막,참살이 막걸리
2023-01-26,0,1,Winter,0,0,0,화담숲주막,참살이 막걸리
2023-01-27,0,1,Winter,0,0,0,화담숲주막,참살이 막걸리
2023-01-28,0,1,Winter,1,0,1,화담숲주막,참살이 막걸리
2023-01-29,0,1,Winter,1,0,1,화담숲주막,참살이 막걸리
2023-01-30,0,1,Winter,0,0,0,화담숲주막,참살이 막걸리
2023-01-31,0,1,Winter,0,0,0,화담숲주막,참살이 막걸리
2023-02-01,0,2,Winter,0,0,0,화담숲주막,참살이 막걸리
2023-02-02,0,2,Winter,0,0,0,화담숲주막,참살이 막걸리
2023-02-03,0,2,Winter,0,0,0,화담숲주막,참살이 막걸리
2023-02-04,0,2,Winter,1,0,1,화담숲주막,참살이 막걸리
2023-02-05,0,2,Winter,1,0,1,화담숲주막,참살이 막걸리
2023-02-06,0,2,Winter,0,0,0,화담숲주막,참살이 막걸리
2023-02-07,0,2,Winter,0,0,0,화담숲주막,참살이 막걸리
2023-02-08,0,2,Winter,0,0,0,화담숲주막,참살이 막걸리
2023-02-09,0,2,Winter,0,0,0,화담숲주막,참살이 막걸리
2023-02-10,0,2,Winter,0,0,0,화담숲주막,참살이 막걸리
2023-02-11,0,2,Winter,1,0,1,화담숲주막,참살이 막걸리
2023-02-12,0,2,Winter,1,0,1,화담숲주막,참살이 막걸리
2023-02-13,0,2,Winter,0,0,0,화담숲주막,참살이 막걸리
2023-02-14,0,2,Winter,0,0,0,화담숲주막,참살이 막걸리
2023-02-15,0,2,Winter,0,0,0,화담숲주막,참살이 막걸리
2023-02-16,0,2,Winter,0,0,0,화담숲주막,참살이 막걸리
2023-02-17,0,2,Winter,0,0,0,화담숲주막,참살이 막걸리
2023-02-18,0,2,Winter,1,0,1,화담숲주막,참살이 막걸리
2023-02-19,0,2,Winter,1,0,1,화담숲주막,참살이 막걸리
2023-02-20,0,2,Winter,0,0,0,화담숲주막,참살이 막걸리
2023-02-21,0,2,Winter,0,0,0,화담숲주막,참살이 막걸리
2023-02-22,0,2,Winter,0,0,0,화담숲주막,참살이 막걸리
2023-02-23,0,2,Winter,0,0,0,화담숲주막,참살이 막걸리
2023-02-24,0,2,Winter,0,0,0,화담숲주막,참살이 막걸리
2023-02-25,0,2,Winter,1,0,1,화담숲주막,참살이 막걸리
2023-02-26,0,2,Winter,1,0,1,화담숲주막,참살이 막걸리
2023-02-27,0,2,Winter,0,0,0,화담숲주막,참살이 막걸리
2023-02-28,0,2,Winter,0,0,0,화담숲주막,참살이 막걸리
2023-03-01,0,3,Spring,0,1,1,화담숲주막,참살이 막걸리
2023-03-02,0,3,Spring,0,0,0,화담숲주막,참살이 막걸리
2023-03-03,0,3,Spring,0,0,0,화담숲주막,참살이 막걸리
2023-03-04,0,3,Spring,1,0,1,화담숲주막,참살이 막걸리
2023-03-05,0,3,Spring,1,0,1,화담숲주막,참살이 막걸리
2023-03-06,0,3,Spring,0,0,0,화담숲주막,참살이 막걸리
2023-03-07,0,3,Spring,0,0,0,화담숲주막,참살이 막걸리
2023-03-08,0,3,Spring,0,0,0,화담숲주막,참살이 막걸리
2023-03-09,0,3,Spring,0,0,0,화담숲주막,참살이 막걸리
2023-03-10,0,3,Spring,0,0,0,화담숲주막,참살이 막걸리
2023-03-11,0,3,Spring,1,0,1,화담숲주막,참살이 막걸리
2023-03-12,0,3,Spring,1,0,1,화담숲주막,참살이 막걸리
2023-03-13,0,3,Spring,0,0,0,화담숲주막,참살이 막걸리
2023-03-14,0,3,Spring,0,0,0,화담숲주막,참살이 막걸리
2023-03-15,0,3,Spring,0,0,0,화담숲주막,참살이 막걸리
2023-03-16,0,3,Spring,0,0,0,화담숲주막,참살이 막걸리
2023-03-17,0,3,Spring,0,0,0,화담숲주막,참살이 막걸리
2023-03-18,0,3,Spring,1,0,1,화담숲주막,참살이 막걸리
2023-03-19,0,3,Spring,1,0,1,화담숲주막,참살이 막걸리
2023-03-20,0,3,Spring,0,0,0,화담숲주막,참살이 막걸리
2023-03-21,0,3,Spring,0,0,0,화담숲주막,참살이 막걸리
2023-03-22,0,3,Spring,0,0,0,화담숲주막,참살이 막걸리
2023-03-23,0,3,Spring,0,0,0,화담숲주막,참살이 막걸리
2023-03-24,0,3,Spring,0,0,0,화담숲주막,참살이 막걸리
2023-03-25,0,3,Spring,1,0,1,화담숲주막,참살이 막걸리
2023-03-26,0,3,Spring,1,0,1,화담숲주막,참살이 막걸리
2023-03-27,0,3,Spring,0,0,0,화담숲주막,참살이 막걸리
2023-03-28,0,3,Spring,0,0,0,화담숲주막,참살이 막걸리
2023-03-29,0,3,Spring,0,0,0,화담숲주막,참살이 막걸리
2023-03-30,0,3,Spring,0,0,0,화담숲주막,참살이 막걸리
2023-03-31,50,3,Spring,0,0,0,화담숲주막,참살이 막걸리
2023-04-01,66,4,Spring,1,0,1,화담숲주막,참살이 막걸리
2023-04-02,87,4,Spring,1,0,1,화담숲주막,참살이 막걸리
2023-04-03,0,4,Spring,0,0,0,화담숲주막,참살이 막걸리
2023-04-04,79,4,Spring,0,0,0,화담숲주막,참살이 막걸리
2023-04-05,6,4,Spring,0,0,0,화담숲주막,참살이 막걸리
2023-04-06,25,4,Spring,0,0,0,화담숲주막,참살이 막걸리
2023-04-07,57,4,Spring,0,0,0,화담숲주막,참살이 막걸리
2023-04-08,70,4,Spring,1,0,1,화담숲주막,참살이 막걸리
2023-04-09,65,4,Spring,1,0,1,화담숲주막,참살이 막걸리
2023-04-10,0,4,Spring,0,0,0,화담숲주막,참살이 막걸리
2023-04-11,33,4,Spring,0,0,0,화담숲주막,참살이 막걸리
2023-04-12,47,4,Spring,0,0,0,화담숲주막,참살이 막걸리
2023-04-13,55,4,Spring,0,0,0,화담숲주막,참살이 막걸리
2023-04-14,53,4,Spring,0,0,0,화담숲주막,참살이 막걸리
2023-04-15,49,4,Spring,1,0,1,화담숲주막,참살이 막걸리
2023-04-16,52,4,Spring,1,0,1,화담숲주막,참살이 막걸리
2023-04-17,0,4,Spring,0,0,0,화담숲주막,참살이 막걸리
2023-04-18,26,4,Spring,0,0,0,화담숲주막,참살이 막걸리
2023-04-19,22,4,Spring,0,0,0,화담숲주막,참살이 막걸리
2023-04-20,31,4,Spring,0,0,0,화담숲주막,참살이 막걸리
2023-04-21,106,4,Spring,0,0,0,화담숲주막,참살이 막걸리
2023-04-22,76,4,Spring,1,0,1,화담숲주막,참살이 막걸리
2023-04-23,28,4,Spring,1,0,1,화담숲주막,참살이 막걸리
2023-04-24,0,4,Spring,0,0,0,화담숲주막,참살이 막걸리
2023-04-25,18,4,Spring,0,0,0,화담숲주막,참살이 막걸리
2023-04-26,40,4,Spring,0,0,0,화담숲주막,참살이 막걸리
2023-04-27,38,4,Spring,0,0,0,화담숲주막,참살이 막걸리
2023-04-28,29,4,Spring,0,0,0,화담숲주막,참살이 막걸리
2023-04-29,46,4,Spring,1,0,1,화담숲주막,참살이 막걸리
2023-04-30,86,4,Spring,1,0,1,화담숲주막,참살이 막걸리
2023-05-01,49,5,Spring,0,0,0,화담숲주막,참살이 막걸리
2023-05-02,25,5,Spring,0,0,0,화담숲주막,참살이 막걸리
2023-05-03,12,5,Spring,0,0,0,화담숲주막,참살이 막걸리
2023-05-04,16,5,Spring,0,0,0,화담숲주막,참살이 막걸리
2023-05-05,27,5,Spring,0,1,1,화담숲주막,참살이 막걸리
2023-05-06,18,5,Spring,1,0,1,화담숲주막,참살이 막걸리
2023-05-07,34,5,Spring,1,0,1,화담숲주막,참살이 막걸리
2023-05-08,0,5,Spring,0,0,0,화담숲주막,참살이 막걸리
2023-05-09,17,5,Spring,0,0,0,화담숲주막,참살이 막걸리
2023-05-10,23,5,Spring,0,0,0,화담숲주막,참살이 막걸리
2023-05-11,12,5,Spring,0,0,0,화담숲주막,참살이 막걸리
2023-05-12,33,5,Spring,0,0,0,화담숲주막,참살이 막걸리
2023-05-13,59,5,Spring,1,0,1,화담숲주막,참살이 막걸리
2023-05-14,58,5,Spring,1,0,1,화담숲주막,참살이 막걸리
2023-05-15,0,5,Spring,0,0,0,화담숲주막,참살이 막걸리
2023-05-16,20,5,Spring,0,0,0,화담숲주막,참살이 막걸리
2023-05-17,15,5,Spring,0,0,0,화담숲주막,참살이 막걸리
2023-05-18,17,5,Spring,0,0,0,화담숲주막,참살이 막걸리
2023-05-19,25,5,Spring,0,0,0,화담숲주막,참살이 막걸리
2023-05-20,81,5,Spring,1,0,1,화담숲주막,참살이 막걸리
2023-05-21,71,5,Spring,1,0,1,화담숲주막,참살이 막걸리
2023-05-22,0,5,Spring,0,0,0,화담숲주막,참살이 막걸리
2023-05-23,20,5,Spring,0,0,0,화담숲주막,참살이 막걸리
2023-05-24,26,5,Spring,0,0,0,화담숲주막,참살이 막걸리
2023-05-25,7,5,Spring,0,0,0,화담숲주막,참살이 막걸리
2023-05-26,8,5,Spring,0,0,0,화담숲주막,참살이 막걸리
2023-05-27,29,5,Spring,1,1,1,화담숲주막,참살이 막걸리
2023-05-28,29,5,Spring,1,0,1,화담숲주막,참살이 막걸리
2023-05-29,48,5,Spring,0,1,1,화담숲주막,참살이 막걸리
2023-05-30,19,5,Spring,0,0,0,화담숲주막,참살이 막걸리
2023-05-31,16,5,Spring,0,0,0,화담숲주막,참살이 막걸리
2023-06-01,22,6,Summer,0,0,0,화담숲주막,참살이 막걸리
2023-06-02,48,6,Summer,0,0,0,화담숲주막,참살이 막걸리
2023-06-03,17,6,Summer,1,0,1,화담숲주막,참살이 막걸리
2023-06-04,41,6,Summer,1,0,1,화담숲주막,참살이 막걸리
2023-06-05,29,6,Summer,0,0,0,화담숲주막,참살이 막걸리
2023-06-06,30,6,Summer,0,1,1,화담숲주막,참살이 막걸리
2023-06-07,13,6,Summer,0,0,0,화담숲주막,참살이 막걸리
2023-06-08,15,6,Summer,0,0,0,화담숲주막,참살이 막걸리
2023-06-09,10,6,Summer,0,0,0,화담숲주막,참살이 막걸리
2023-06-10,30,6,Summer,1,0,1,화담숲주막,참살이 막걸리
2023-06-11,35,6,Summer,1,0,1,화담숲주막,참살이 막걸리
2023-06-12,0,6,Summer,0,0,0,화담숲주막,참살이 막걸리
2023-06-13,19,6,Summer,0,0,0,화담숲주막,참살이 막걸리
2023-06-14,20,6,Summer,0,0,0,화담숲주막,참살이 막걸리
2023-06-15,10,6,Summer,0,0,0,화담숲주막,참살이 막걸리
2023-06-16,16,6,Summer,0,0,0,화담숲주막,참살이 막걸리
2023-06-17,35,6,Summer,1,0,1,화담숲주막,참살이 막걸리
2023-06-18,48,6,Summer,1,0,1,화담숲주막,참살이 막걸리
2023-06-19,0,6,Summer,0,0,0,화담숲주막,참살이 막걸리
2023-06-20,6,6,Summer,0,0,0,화담숲주막,참살이 막걸리
2023-06-21,17,6,Summer,0,0,0,화담숲주막,참살이 막걸리
2023-06-22,12,6,Summer,0,0,0,화담숲주막,참살이 막걸리
2023-06-23,29,6,Summer,0,0,0,화담숲주막,참살이 막걸리
2023-06-24,32,6,Summer,1,0,1,화담숲주막,참살이 막걸리
2023-06-25,105,6,Summer,1,0,1,화담숲주막,참살이 막걸리
2023-06-26,0,6,Summer,0,0,0,화담숲주막,참살이 막걸리
2023-06-27,27,6,Summer,0,0,0,화담숲주막,참살이 막걸리
2023-06-28,10,6,Summer,0,0,0,화담숲주막,참살이 막걸리
2023-06-29,7,6,Summer,0,0,0,화담숲주막,참살이 막걸리
2023-06-30,7,6,Summer,0,0,0,화담숲주막,참살이 막걸리
2023-07-01,29,7,Summer,1,0,1,화담숲주막,참살이 막걸리
2023-07-02,7,7,Summer,1,0,1,화담숲주막,참살이 막걸리
2023-07-03,0,7,Summer,0,0,0,화담숲주막,참살이 막걸리
2023-07-04,4,7,Summer,0,0,0,화담숲주막,참살이 막걸리
2023-07-05,2,7,Summer,0,0,0,화담숲주막,참살이 막걸리
2023-07-06,12,7,Summer,0,0,0,화담숲주막,참살이 막걸리
2023-07-07,4,7,Summer,0,0,0,화담숲주막,참살이 막걸리
2023-07-08,20,7,Summer,1,0,1,화담숲주막,참살이 막걸리
2023-07-09,6,7,Summer,1,0,1,화담숲주막,참살이 막걸리
2023-07-10,0,7,Summer,0,0,0,화담숲주막,참살이 막걸리
2023-07-11,0,7,Summer,0,0,0,화담숲주막,참살이 막걸리
2023-07-12,3,7,Summer,0,0,0,화담숲주막,참살이 막걸리
2023-07-13,0,7,Summer,0,0,0,화담숲주막,참살이 막걸리
2023-07-14,1,7,Summer,0,0,0,화담숲주막,참살이 막걸리
2023-07-15,1,7,Summer,1,0,1,화담숲주막,참살이 막걸리
2023-07-16,15,7,Summer,1,0,1,화담숲주막,참살이 막걸리
2023-07-17,0,7,Summer,0,0,0,화담숲주막,참살이 막걸리
2023-07-18,4,7,Summer,0,0,0,화담숲주막,참살이 막걸리
2023-07-19,2,7,Summer,0,0,0,화담숲주막,참살이 막걸리
2023-07-20,1,7,Summer,0,0,0,화담숲주막,참살이 막걸리
2023-07-21,3,7,Summer,0,0,0,화담숲주막,참살이 막걸리
2023-07-22,9,7,Summer,1,0,1,화담숲주막,참살이 막걸리
2023-07-23,4,7,Summer,1,0,1,화담숲주막,참살이 막걸리
2023-07-24,0,7,Summer,0,0,0,화담숲주막,참살이 막걸리
2023-07-25,11,7,Summer,0,0,0,화담숲주막,참살이 막걸리
2023-07-26,2,7,Summer,0,0,0,화담숲주막,참살이 막걸리
2023-07-27,1,7,Summer,0,0,0,화담숲주막,참살이 막걸리
2023-07-28,2,7,Summer,0,0,0,화담숲주막,참살이 막걸리
2023-07-29,5,7,Summer,1,0,1,화담숲주막,참살이 막걸리
2023-07-30,11,7,Summer,1,0,1,화담숲주막,참살이 막걸리
2023-07-31,0,7,Summer,0,0,0,화담숲주막,참살이 막걸리
2023-08-01,4,8,Summer,0,0,0,화담숲주막,참살이 막걸리
2023-08-02,9,8,Summer,0,0,0,화담숲주막,참살이 막걸리
2023-08-03,6,8,Summer,0,0,0,화담숲주막,참살이 막걸리
2023-08-04,7,8,Summer,0,0,0,화담숲주막,참살이 막걸리
2023-08-05,11,8,Summer,1,0,1,화담숲주막,참살이 막걸리
2023-08-06,7,8,Summer,1,0,1,화담숲주막,참살이 막걸리
2023-08-07,0,8,Summer,0,0,0,화담숲주막,참살이 막걸리
2023-08-08,10,8,Summer,0,0,0,화담숲주막,참살이 막걸리
2023-08-09,4,8,Summer,0,0,0,화담숲주막,참살이 막걸리
2023-08-10,0,8,Summer,0,0,0,화담숲주막,참살이 막걸리
2023-08-11,3,8,Summer,0,0,0,화담숲주막,참살이 막걸리
2023-08-12,15,8,Summer,1,0,1,화담숲주막,참살이 막걸리
2023-08-13,24,8,Summer,1,0,1,화담숲주막,참살이 막걸리
2023-08-14,6,8,Summer,0,0,0,화담숲주막,참살이 막걸리
2023-08-15,11,8,Summer,0,1,1,화담숲주막,참살이 막걸리
2023-08-16,2,8,Summer,0,0,0,화담숲주막,참살이 막걸리
2023-08-17,6,8,Summer,0,0,0,화담숲주막,참살이 막걸리
2023-08-18,4,8,Summer,0,0,0,화담숲주막,참살이 막걸리
2023-08-19,16,8,Summer,1,0,1,화담숲주막,참살이 막걸리
2023-08-20,17,8,Summer,1,0,1,화담숲주막,참살이 막걸리
2023-08-21,0,8,Summer,0,0,0,화담숲주막,참살이 막걸리
2023-08-22,7,8,Summer,0,0,0,화담숲주막,참살이 막걸리
2023-08-23,2,8,Summer,0,0,0,화담숲주막,참살이 막걸리
2023-08-24,5,8,Summer,0,0,0,화담숲주막,참살이 막걸리
2023-08-25,11,8,Summer,0,0,0,화담숲주막,참살이 막걸리
2023-08-26,57,8,Summer,1,0,1,화담숲주막,참살이 막걸리
2023-08-27,23,8,Summer,1,0,1,화담숲주막,참살이 막걸리
2023-08-28,0,8,Summer,0,0,0,화담숲주막,참살이 막걸리
2023-08-29,5,8,Summer,0,0,0,화담숲주막,참살이 막걸리
2023-08-30,2,8,Summer,0,0,0,화담숲주막,참살이 막걸리
2023-08-31,7,8,Summer,0,0,0,화담숲주막,참살이 막걸리
2023-09-01,4,9,Autumn,0,0,0,화담숲주막,참살이 막걸리
2023-09-02,39,9,Autumn,1,0,1,화담숲주막,참살이 막걸리
2023-09-03,23,9,Autumn,1,0,1,화담숲주막,참살이 막걸리
2023-09-04,0,9,Autumn,0,0,0,화담숲주막,참살이 막걸리
2023-09-05,28,9,Autumn,0,0,0,화담숲주막,참살이 막걸리
2023-09-06,10,9,Autumn,0,0,0,화담숲주막,참살이 막걸리
2023-09-07,7,9,Autumn,0,0,0,화담숲주막,참살이 막걸리
2023-09-08,6,9,Autumn,0,0,0,화담숲주막,참살이 막걸리
2023-09-09,41,9,Autumn,1,0,1,화담숲주막,참살이 막걸리
2023-09-10,47,9,Autumn,1,0,1,화담숲주막,참살이 막걸리
2023-09-11,0,9,Autumn,0,0,0,화담숲주막,참살이 막걸리
2023-09-12,5,9,Autumn,0,0,0,화담숲주막,참살이 막걸리
2023-09-13,15,9,Autumn,0,0,0,화담숲주막,참살이 막걸리
2023-09-14,22,9,Autumn,0,0,0,화담숲주막,참살이 막걸리
2023-09-15,8,9,Autumn,0,0,0,화담숲주막,참살이 막걸리
2023-09-16,37,9,Autumn,1,0,1,화담숲주막,참살이 막걸리
2023-09-17,14,9,Autumn,1,0,1,화담숲주막,참살이 막걸리
2023-09-18,0,9,Autumn,0,0,0,화담숲주막,참살이 막걸리
2023-09-19,15,9,Autumn,0,0,0,화담숲주막,참살이 막걸리
2023-09-20,14,9,Autumn,0,0,0,화담숲주막,참살이 막걸리
2023-09-21,8,9,Autumn,0,0,0,화담숲주막,참살이 막걸리
2023-09-22,14,9,Autumn,0,0,0,화담숲주막,참살이 막걸리
2023-09-23,52,9,Autumn,1,0,1,화담숲주막,참살이 막걸리
2023-09-24,59,9,Autumn,1,0,1,화담숲주막,참살이 막걸리
2023-09-25,0,9,Autumn,0,0,0,화담숲주막,참살이 막걸리
2023-09-26,10,9,Autumn,0,0,0,화담숲주막,참살이 막걸리
2023-09-27,10,9,Autumn,0,0,0,화담숲주막,참살이 막걸리
2023-09-28,64,9,Autumn,0,1,1,화담숲주막,참살이 막걸리
2023-09-29,133,9,Autumn,0,1,1,화담숲주막,참살이 막걸리
2023-09-30,115,9,Autumn,1,1,1,화담숲주막,참살이 막걸리
2023-10-01,114,10,Autumn,1,0,1,화담숲주막,참살이 막걸리
2023-10-02,100,10,Autumn,0,1,1,화담숲주막,참살이 막걸리
2023-10-03,92,10,Autumn,0,1,1,화담숲주막,참살이 막걸리
2023-10-04,20,10,Autumn,0,0,0,화담숲주막,참살이 막걸리
2023-10-05,23,10,Autumn,0,0,0,화담숲주막,참살이 막걸리
2023-10-06,42,10,Autumn,0,0,0,화담숲주막,참살이 막걸리
2023-10-07,122,10,Autumn,1,0,1,화담숲주막,참살이 막걸리
2023-10-08,130,10,Autumn,1,0,1,화담숲주막,참살이 막걸리
2023-10-09,95,10,Autumn,0,1,1,화담숲주막,참살이 막걸리
2023-10-10,71,10,Autumn,0,0,0,화담숲주막,참살이 막걸리
2023-10-11,65,10,Autumn,0,0,0,화담숲주막,참살이 막걸리
2023-10-12,76,10,Autumn,0,0,0,화담숲주막,참살이 막걸리
2023-10-13,87,10,Autumn,0,0,0,화담숲주막,참살이 막걸리
2023-10-14,106,10,Autumn,1,0,1,화담숲주막,참살이 막걸리
2023-10-15,108,10,Autumn,1,0,1,화담숲주막,참살이 막걸리
2023-10-16,0,10,Autumn,0,0,0,화담숲주막,참살이 막걸리
2023-10-17,107,10,Autumn,0,0,0,화담숲주막,참살이 막걸리
2023-10-18,127,10,Autumn,0,0,0,화담숲주막,참살이 막걸리
2023-10-19,78,10,Autumn,0,0,0,화담숲주막,참살이 막걸리
2023-10-20,90,10,Autumn,0,0,0,화담숲주막,참살이 막걸리
2023-10-21,100,10,Autumn,1,0,1,화담숲주막,참살이 막걸리
2023-10-22,109,10,Autumn,1,0,1,화담숲주막,참살이 막걸리
2023-10-23,86,10,Autumn,0,0,0,화담숲주막,참살이 막걸리
2023-10-24,104,10,Autumn,0,0,0,화담숲주막,참살이 막걸리
2023-10-25,121,10,Autumn,0,0,0,화담숲주막,참살이 막걸리
2023-10-26,99,10,Autumn,0,0,0,화담숲주막,참살이 막걸리
2023-10-27,110,10,Autumn,0,0,0,화담숲주막,참살이 막걸리
2023-10-28,83,10,Autumn,1,0,1,화담숲주막,참살이 막걸리
2023-10-29,124,10,Autumn,1,0,1,화담숲주막,참살이 막걸리
2023-10-30,70,10,Autumn,0,0,0,화담숲주막,참살이 막걸리
2023-10-31,116,10,Autumn,0,0,0,화담숲주막,참살이 막걸리
2023-11-01,102,11,Autumn,0,0,0,화담숲주막,참살이 막걸리
2023-11-02,106,11,Autumn,0,0,0,화담숲주막,참살이 막걸리
2023-11-03,121,11,Autumn,0,0,0,화담숲주막,참살이 막걸리
2023-11-04,110,11,Autumn,1,0,1,화담숲주막,참살이 막걸리
2023-11-05,108,11,Autumn,1,0,1,화담숲주막,참살이 막걸리
2023-11-06,91,11,Autumn,0,0,0,화담숲주막,참살이 막걸리
2023-11-07,96,11,Autumn,0,0,0,화담숲주막,참살이 막걸리
2023-11-08,117,11,Autumn,0,0,0,화담숲주막,참살이 막걸리
2023-11-09,107,11,Autumn,0,0,0,화담숲주막,참살이 막걸리
2023-11-10,69,11,Autumn,0,0,0,화담숲주막,참살이 막걸리
2023-11-11,65,11,Autumn,1,0,1,화담숲주막,참살이 막걸리
2023-11-12,81,11,Autumn,1,0,1,화담숲주막,참살이 막걸리
2023-11-13,53,11,Autumn,0,0,0,화담숲주막,참살이 막걸리
2023-11-14,83,11,Autumn,0,0,0,화담숲주막,참살이 막걸리
2023-11-15,69,11,Autumn,0,0,0,화담숲주막,참살이 막걸리
2023-11-16,38,11,Autumn,0,0,0,화담숲주막,참살이 막걸리
2023-11-17,42,11,Autumn,0,0,0,화담숲주막,참살이 막걸리
2023-11-18,77,11,Autumn,1,0,1,화담숲주막,참살이 막걸리
2023-11-19,87,11,Autumn,1,0,1,화담숲주막,참살이 막걸리
2023-11-20,0,11,Autumn,0,0,0,화담숲주막,참살이 막걸리
2023-11-21,39,11,Autumn,0,0,0,화담숲주막,참살이 막걸리
2023-11-22,25,11,Autumn,0,0,0,화담숲주막,참살이 막걸리
2023-11-23,20,11,Autumn,0,0,0,화담숲주막,참살이 막걸리
2023-11-24,6,11,Autumn,0,0,0,화담숲주막,참살이 막걸리
2023-11-25,28,11,Autumn,1,0,1,화담숲주막,참살이 막걸리
2023-11-26,24,11,Autumn,1,0,1,화담숲주막,참살이 막걸리
2023-11-27,0,11,Autumn,0,0,0,화담숲주막,참살이 막걸리
2023-11-28,0,11,Autumn,0,0,0,화담숲주막,참살이 막걸리
2023-11-29,0,11,Autumn,0,0,0,화담숲주막,참살이 막걸리
2023-11-30,0,11,Autumn,0,0,0,화담숲주막,참살이 막걸리
2023-12-01,0,12,Winter,0,0,0,화담숲주막,참살이 막걸리
2023-12-02,0,12,Winter,1,0,1,화담숲주막,참살이 막걸리
2023-12-03,0,12,Winter,1,0,1,화담숲주막,참살이 막걸리
2023-12-04,0,12,Winter,0,0,0,화담숲주막,참살이 막걸리
2023-12-05,0,12,Winter,0,0,0,화담숲주막,참살이 막걸리
2023-12-06,0,12,Winter,0,0,0,화담숲주막,참살이 막걸리
2023-12-07,0,12,Winter,0,0,0,화담숲주막,참살이 막걸리
2023-12-08,0,12,Winter,0,0,0,화담숲주막,참살이 막걸리
2023-12-09,0,12,Winter,1,0,1,화담숲주막,참살이 막걸리
2023-12-10,0,12,Winter,1,0,1,화담숲주막,참살이 막걸리
2023-12-11,0,12,Winter,0,0,0,화담숲주막,참살이 막걸리
2023-12-12,0,12,Winter,0,0,0,화담숲주막,참살이 막걸리
2023-12-13,0,12,Winter,0,0,0,화담숲주막,참살이 막걸리
2023-12-14,0,12,Winter,0,0,0,화담숲주막,참살이 막걸리
2023-12-15,0,12,Winter,0,0,0,화담숲주막,참살이 막걸리
2023-12-16,0,12,Winter,1,0,1,화담숲주막,참살이 막걸리
2023-12-17,0,12,Winter,1,0,1,화담숲주막,참살이 막걸리
2023-12-18,0,12,Winter,0,0,0,화담숲주막,참살이 막걸리
2023-12-19,0,12,Winter,0,0,0,화담숲주막,참살이 막걸리
2023-12-20,0,12,Winter,0,0,0,화담숲주막,참살이 막걸리
2023-12-21,0,12,Winter,0,0,0,화담숲주막,참살이 막걸리
2023-12-22,0,12,Winter,0,0,0,화담숲주막,참살이 막걸리
2023-12-23,0,12,Winter,1,0,1,화담숲주막,참살이 막걸리
2023-12-24,0,12,Winter,1,0,1,화담숲주막,참살이 막걸리
2023-12-25,0,12,Winter,0,1,1,화담숲주막,참살이 막걸리
2023-12-26,0,12,Winter,0,0,0,화담숲주막,참살이 막걸리
2023-12-27,0,12,Winter,0,0,0,화담숲주막,참살이 막걸리
2023-12-28,0,12,Winter,0,0,0,화담숲주막,참살이 막걸리
2023-12-29,0,12,Winter,0,0,0,화담숲주막,참살이 막걸리
2023-12-30,0,12,Winter,1,0,1,화담숲주막,참살이 막걸리
2023-12-31,0,12,Winter,1,0,1,화담숲주막,참살이 막걸리
2024-01-01,0,1,Winter,0,1,1,화담숲주막,참살이 막걸리
2024-01-02,0,1,Winter,0,0,0,화담숲주막,참살이 막걸리
2024-01-03,0,1,Winter,0,0,0,화담숲주막,참살이 막걸리
2024-01-04,0,1,Winter,0,0,0,화담숲주막,참살이 막걸리
2024-01-05,0,1,Winter,0,0,0,화담숲주막,참살이 막걸리
2024-01-06,0,1,Winter,1,0,1,화담숲주막,참살이 막걸리
2024-01-07,0,1,Winter,1,0,1,화담숲주막,참살이 막걸리
2024-01-08,0,1,Winter,0,0,0,화담숲주막,참살이 막걸리
2024-01-09,0,1,Winter,0,0,0,화담숲주막,참살이 막걸리
2024-01-10,0,1,Winter,0,0,0,화담숲주막,참살이 막걸리
2024-01-11,0,1,Winter,0,0,0,화담숲주막,참살이 막걸리
2024-01-12,0,1,Winter,0,0,0,화담숲주막,참살이 막걸리
2024-01-13,0,1,Winter,1,0,1,화담숲주막,참살이 막걸리
2024-01-14,0,1,Winter,1,0,1,화담숲주막,참살이 막걸리
2024-01-15,0,1,Winter,0,0,0,화담숲주막,참살이 막걸리
2024-01-16,0,1,Winter,0,0,0,화담숲주막,참살이 막걸리
2024-01-17,0,1,Winter,0,0,0,화담숲주막,참살이 막걸리
2024-01-18,0,1,Winter,0,0,0,화담숲주막,참살이 막걸리
2024-01-19,0,1,Winter,0,0,0,화담숲주막,참살이 막걸리
2024-01-20,0,1,Winter,1,0,1,화담숲주막,참살이 막걸리
2024-01-21,0,1,Winter,1,0,1,화담숲주막,참살이 막걸리
2024-01-22,0,1,Winter,0,0,0,화담숲주막,참살이 막걸리
2024-01-23,0,1,Winter,0,0,0,화담숲주막,참살이 막걸리
2024-01-24,0,1,Winter,0,0,0,화담숲주막,참살이 막걸리
2024-01-25,0,1,Winter,0,0,0,화담숲주막,참살이 막걸리
2024-01-26,0,1,Winter,0,0,0,화담숲주막,참살이 막걸리
2024-01-27,0,1,Winter,1,0,1,화담숲주막,참살이 막걸리
2024-01-28,0,1,Winter,1,0,1,화담숲주막,참살이 막걸리
2024-01-29,0,1,Winter,0,0,0,화담숲주막,참살이 막걸리
2024-01-30,0,1,Winter,0,0,0,화담숲주막,참살이 막걸리
2024-01-31,0,1,Winter,0,0,0,화담숲주막,참살이 막걸리
2024-02-01,0,2,Winter,0,0,0,화담숲주막,참살이 막걸리
2024-02-02,0,2,Winter,0,0,0,화담숲주막,참살이 막걸리
2024-02-03,0,2,Winter,1,0,1,화담숲주막,참살이 막걸리
2024-02-04,0,2,Winter,1,0,1,화담숲주막,참살이 막걸리
2024-02-05,0,2,Winter,0,0,0,화담숲주막,참살이 막걸리
2024-02-06,0,2,Winter,0,0,0,화담숲주막,참살이 막걸리
2024-02-07,0,2,Winter,0,0,0,화담숲주막,참살이 막걸리
2024-02-08,0,2,Winter,0,0,0,화담숲주막,참살이 막걸리
2024-02-09,0,2,Winter,0,1,1,화담숲주막,참살이 막걸리
2024-02-10,0,2,Winter,1,1,1,화담숲주막,참살이 막걸리
2024-02-11,0,2,Winter,1,1,1,화담숲주막,참살이 막걸리
2024-02-12,0,2,Winter,0,1,1,화담숲주막,참살이 막걸리
2024-02-13,0,2,Winter,0,0,0,화담숲주막,참살이 막걸리
2024-02-14,0,2,Winter,0,0,0,화담숲주막,참살이 막걸리
2024-02-15,0,2,Winter,0,0,0,화담숲주막,참살이 막걸리
2024-02-16,0,2,Winter,0,0,0,화담숲주막,참살이 막걸리
2024-02-17,0,2,Winter,1,0,1,화담숲주막,참살이 막걸리
2024-02-18,0,2,Winter,1,0,1,화담숲주막,참살이 막걸리
2024-02-19,0,2,Winter,0,0,0,화담숲주막,참살이 막걸리
2024-02-20,0,2,Winter,0,0,0,화담숲주막,참살이 막걸리
2024-02-21,0,2,Winter,0,0,0,화담숲주막,참살이 막걸리
2024-02-22,0,2,Winter,0,0,0,화담숲주막,참살이 막걸리
2024-02-23,0,2,Winter,0,0,0,화담숲주막,참살이 막걸리
2024-02-24,0,2,Winter,1,0,1,화담숲주막,참살이 막걸리
2024-02-25,0,2,Winter,1,0,1,화담숲주막,참살이 막걸리
2024-02-26,0,2,Winter,0,0,0,화담숲주막,참살이 막걸리
2024-02-27,0,2,Winter,0,0,0,화담숲주막,참살이 막걸리
2024-02-28,0,2,Winter,0,0,0,화담숲주막,참살이 막걸리
2024-02-29,0,2,Winter,0,0,0,화담숲주막,참살이 막걸리
2024-03-01,0,3,Spring,0,1,1,화담숲주막,참살이 막걸리
2024-03-02,0,3,Spring,1,0,1,화담숲주막,참살이 막걸리
2024-03-03,0,3,Spring,1,0,1,화담숲주막,참살이 막걸리
2024-03-04,0,3,Spring,0,0,0,화담숲주막,참살이 막걸리
2024-03-05,0,3,Spring,0,0,0,화담숲주막,참살이 막걸리
2024-03-06,0,3,Spring,0,0,0,화담숲주막,참살이 막걸리
2024-03-07,0,3,Spring,0,0,0,화담숲주막,참살이 막걸리
2024-03-08,0,3,Spring,0,0,0,화담숲주막,참살이 막걸리
2024-03-09,0,3,Spring,1,0,1,화담숲주막,참살이 막걸리
2024-03-10,0,3,Spring,1,0,1,화담숲주막,참살이 막걸리
2024-03-11,0,3,Spring,0,0,0,화담숲주막,참살이 막걸리
2024-03-12,0,3,Spring,0,0,0,화담숲주막,참살이 막걸리
2024-03-13,0,3,Spring,0,0,0,화담숲주막,참살이 막걸리
2024-03-14,0,3,Spring,0,0,0,화담숲주막,참살이 막걸리
2024-03-15,0,3,Spring,0,0,0,화담숲주막,참살이 막걸리
2024-03-16,0,3,Spring,1,0,1,화담숲주막,참살이 막걸리
2024-03-17,0,3,Spring,1,0,1,화담숲주막,참살이 막걸리
2024-03-18,0,3,Spring,0,0,0,화담숲주막,참살이 막걸리
2024-03-19,0,3,Spring,0,0,0,화담숲주막,참살이 막걸리
2024-03-20,0,3,Spring,0,0,0,화담숲주막,참살이 막걸리
2024-03-21,0,3,Spring,0,0,0,화담숲주막,참살이 막걸리
2024-03-22,0,3,Spring,0,0,0,화담숲주막,참살이 막걸리
2024-03-23,0,3,Spring,1,0,1,화담숲주막,참살이 막걸리
2024-03-24,0,3,Spring,1,0,1,화담숲주막,참살이 막걸리
2024-03-25,0,3,Spring,0,0,0,화담숲주막,참살이 막걸리
2024-03-26,0,3,Spring,0,0,0,화담숲주막,참살이 막걸리
2024-03-27,0,3,Spring,0,0,0,화담숲주막,참살이 막걸리
2024-03-28,0,3,Spring,0,0,0,화담숲주막,참살이 막걸리
2024-03-29,41,3,Spring,0,0,0,화담숲주막,참살이 막걸리
2024-03-30,75,3,Spring,1,0,1,화담숲주막,참살이 막걸리
2024-03-31,91,3,Spring,1,0,1,화담숲주막,참살이 막걸리
2024-04-01,0,4,Spring,0,0,0,화담숲주막,참살이 막걸리
2024-04-02,59,4,Spring,0,0,0,화담숲주막,참살이 막걸리
2024-04-03,39,4,Spring,0,0,0,화담숲주막,참살이 막걸리
2024-04-04,65,4,Spring,0,0,0,화담숲주막,참살이 막걸리
2024-04-05,71,4,Spring,0,0,0,화담숲주막,참살이 막걸리
2024-04-06,94,4,Spring,1,0,1,화담숲주막,참살이 막걸리
2024-04-07,68,4,Spring,1,0,1,화담숲주막,참살이 막걸리
2024-04-08,0,4,Spring,0,0,0,화담숲주막,참살이 막걸리
2024-04-09,66,4,Spring,0,0,0,화담숲주막,참살이 막걸리
2024-04-10,101,4,Spring,0,1,1,화담숲주막,참살이 막걸리
2024-04-11,80,4,Spring,0,0,0,화담숲주막,참살이 막걸리
2024-04-12,60,4,Spring,0,0,0,화담숲주막,참살이 막걸리
2024-04-13,86,4,Spring,1,0,1,화담숲주막,참살이 막걸리
2024-04-14,56,4,Spring,1,0,1,화담숲주막,참살이 막걸리
2024-04-15,0,4,Spring,0,0,0,화담숲주막,참살이 막걸리
2024-04-16,74,4,Spring,0,0,0,화담숲주막,참살이 막걸리
2024-04-17,61,4,Spring,0,0,0,화담숲주막,참살이 막걸리
2024-04-18,90,4,Spring,0,0,0,화담숲주막,참살이 막걸리
2024-04-19,55,4,Spring,0,0,0,화담숲주막,참살이 막걸리
2024-04-20,50,4,Spring,1,0,1,화담숲주막,참살이 막걸리
2024-04-21,111,4,Spring,1,0,1,화담숲주막,참살이 막걸리
2024-04-22,0,4,Spring,0,0,0,화담숲주막,참살이 막걸리
2024-04-23,41,4,Spring,0,0,0,화담숲주막,참살이 막걸리
2024-04-24,22,4,Spring,0,0,0,화담숲주막,참살이 막걸리
2024-04-25,70,4,Spring,0,0,0,화담숲주막,참살이 막걸리
2024-04-26,72,4,Spring,0,0,0,화담숲주막,참살이 막걸리
2024-04-27,87,4,Spring,1,0,1,화담숲주막,참살이 막걸리
2024-04-28,131,4,Spring,1,0,1,화담숲주막,참살이 막걸리
2024-04-29,0,4,Spring,0,0,0,화담숲주막,참살이 막걸리
2024-04-30,55,4,Spring,0,0,0,화담숲주막,참살이 막걸리
2024-05-01,122,5,Spring,0,0,0,화담숲주막,참살이 막걸리
2024-05-02,38,5,Spring,0,0,0,화담숲주막,참살이 막걸리
2024-05-03,15,5,Spring,0,0,0,화담숲주막,참살이 막걸리
2024-05-04,74,5,Spring,1,0,1,화담숲주막,참살이 막걸리
2024-05-05,41,5,Spring,1,1,1,화담숲주막,참살이 막걸리
2024-05-06,21,5,Spring,0,1,1,화담숲주막,참살이 막걸리
2024-05-07,13,5,Spring,0,0,0,화담숲주막,참살이 막걸리
2024-05-08,15,5,Spring,0,0,0,화담숲주막,참살이 막걸리
2024-05-09,37,5,Spring,0,0,0,화담숲주막,참살이 막걸리
2024-05-10,22,5,Spring,0,0,0,화담숲주막,참살이 막걸리
2024-05-11,75,5,Spring,1,0,1,화담숲주막,참살이 막걸리
2024-05-12,90,5,Spring,1,0,1,화담숲주막,참살이 막걸리
2024-05-13,0,5,Spring,0,0,0,화담숲주막,참살이 막걸리
2024-05-14,30,5,Spring,0,0,0,화담숲주막,참살이 막걸리
2024-05-15,49,5,Spring,0,1,1,화담숲주막,참살이 막걸리
2024-05-16,33,5,Spring,0,0,0,화담숲주막,참살이 막걸리
2024-05-17,37,5,Spring,0,0,0,화담숲주막,참살이 막걸리
2024-05-18,78,5,Spring,1,0,1,화담숲주막,참살이 막걸리
2024-05-19,38,5,Spring,1,0,1,화담숲주막,참살이 막걸리
2024-05-20,0,5,Spring,0,0,0,화담숲주막,참살이 막걸리
2024-05-21,34,5,Spring,0,0,0,화담숲주막,참살이 막걸리
2024-05-22,36,5,Spring,0,0,0,화담숲주막,참살이 막걸리
2024-05-23,44,5,Spring,0,0,0,화담숲주막,참살이 막걸리
2024-05-24,43,5,Spring,0,0,0,화담숲주막,참살이 막걸리
2024-05-25,83,5,Spring,1,0,1,화담숲주막,참살이 막걸리
2024-05-26,53,5,Spring,1,0,1,화담숲주막,참살이 막걸리
2024-05-27,0,5,Spring,0,0,0,화담숲주막,참살이 막걸리
2024-05-28,25,5,Spring,0,0,0,화담숲주막,참살이 막걸리
2024-05-29,15,5,Spring,0,0,0,화담숲주막,참살이 막걸리
2024-05-30,39,5,Spring,0,0,0,화담숲주막,참살이 막걸리
2024-05-31,36,5,Spring,0,0,0,화담숲주막,참살이 막걸리
2024-06-01,84,6,Summer,1,0,1,화담숲주막,참살이 막걸리
2024-06-02,56,6,Summer,1,0,1,화담숲주막,참살이 막걸리
2024-06-03,0,6,Summer,0,0,0,화담숲주막,참살이 막걸리
2024-06-04,27,6,Summer,0,0,0,화담숲주막,참살이 막걸리
2024-06-05,26,6,Summer,0,0,0,화담숲주막,참살이 막걸리
2024-06-06,56,6,Summer,0,1,1,화담숲주막,참살이 막걸리
2024-06-07,28,6,Summer,0,0,0,화담숲주막,참살이 막걸리
2024-06-08,50,6,Summer,1,0,1,화담숲주막,참살이 막걸리
2024-06-09,57,6,Summer,1,0,1,화담숲주막,참살이 막걸리
2024-06-10,0,6,Summer,0,0,0,화담숲주막,참살이 막걸리
2024-06-11,14,6,Summer,0,0,0,화담숲주막,참살이 막걸리
2024-06-12,13,6,Summer,0,0,0,화담숲주막,참살이 막걸리
2024-06-13,34,6,Summer,0,0,0,화담숲주막,참살이 막걸리
2024-06-14,25,6,Summer,0,0,0,화담숲주막,참살이 막걸리
2024-06-15,56,6,Summer,1,0,1,화담숲주막,참살이 막걸리
2023-01-01,0,1,Winter,1,1,1,화담숲주막,찹쌀식혜
2023-01-02,0,1,Winter,0,0,0,화담숲주막,찹쌀식혜
2023-01-03,0,1,Winter,0,0,0,화담숲주막,찹쌀식혜
2023-01-04,0,1,Winter,0,0,0,화담숲주막,찹쌀식혜
2023-01-05,0,1,Winter,0,0,0,화담숲주막,찹쌀식혜
2023-01-06,0,1,Winter,0,0,0,화담숲주막,찹쌀식혜
2023-01-07,0,1,Winter,1,0,1,화담숲주막,찹쌀식혜
2023-01-08,0,1,Winter,1,0,1,화담숲주막,찹쌀식혜
2023-01-09,0,1,Winter,0,0,0,화담숲주막,찹쌀식혜
2023-01-10,0,1,Winter,0,0,0,화담숲주막,찹쌀식혜
2023-01-11,0,1,Winter,0,0,0,화담숲주막,찹쌀식혜
2023-01-12,0,1,Winter,0,0,0,화담숲주막,찹쌀식혜
2023-01-13,0,1,Winter,0,0,0,화담숲주막,찹쌀식혜
2023-01-14,0,1,Winter,1,0,1,화담숲주막,찹쌀식혜
2023-01-15,0,1,Winter,1,0,1,화담숲주막,찹쌀식혜
2023-01-16,0,1,Winter,0,0,0,화담숲주막,찹쌀식혜
2023-01-17,0,1,Winter,0,0,0,화담숲주막,찹쌀식혜
2023-01-18,0,1,Winter,0,0,0,화담숲주막,찹쌀식혜
2023-01-19,0,1,Winter,0,0,0,화담숲주막,찹쌀식혜
2023-01-20,0,1,Winter,0,0,0,화담숲주막,찹쌀식혜
2023-01-21,0,1,Winter,1,1,1,화담숲주막,찹쌀식혜
2023-01-22,0,1,Winter,1,1,1,화담숲주막,찹쌀식혜
2023-01-23,0,1,Winter,0,1,1,화담숲주막,찹쌀식혜
2023-01-24,0,1,Winter,0,1,1,화담숲주막,찹쌀식혜
2023-01-25,0,1,Winter,0,0,0,화담숲주막,찹쌀식혜
2023-01-26,0,1,Winter,0,0,0,화담숲주막,찹쌀식혜
2023-01-27,0,1,Winter,0,0,0,화담숲주막,찹쌀식혜
2023-01-28,0,1,Winter,1,0,1,화담숲주막,찹쌀식혜
2023-01-29,0,1,Winter,1,0,1,화담숲주막,찹쌀식혜
2023-01-30,0,1,Winter,0,0,0,화담숲주막,찹쌀식혜
2023-01-31,0,1,Winter,0,0,0,화담숲주막,찹쌀식혜
2023-02-01,0,2,Winter,0,0,0,화담숲주막,찹쌀식혜
2023-02-02,0,2,Winter,0,0,0,화담숲주막,찹쌀식혜
2023-02-03,0,2,Winter,0,0,0,화담숲주막,찹쌀식혜
2023-02-04,0,2,Winter,1,0,1,화담숲주막,찹쌀식혜
2023-02-05,0,2,Winter,1,0,1,화담숲주막,찹쌀식혜
2023-02-06,0,2,Winter,0,0,0,화담숲주막,찹쌀식혜
2023-02-07,0,2,Winter,0,0,0,화담숲주막,찹쌀식혜
2023-02-08,0,2,Winter,0,0,0,화담숲주막,찹쌀식혜
2023-02-09,0,2,Winter,0,0,0,화담숲주막,찹쌀식혜
2023-02-10,0,2,Winter,0,0,0,화담숲주막,찹쌀식혜
2023-02-11,0,2,Winter,1,0,1,화담숲주막,찹쌀식혜
2023-02-12,0,2,Winter,1,0,1,화담숲주막,찹쌀식혜
2023-02-13,0,2,Winter,0,0,0,화담숲주막,찹쌀식혜
2023-02-14,0,2,Winter,0,0,0,화담숲주막,찹쌀식혜
2023-02-15,0,2,Winter,0,0,0,화담숲주막,찹쌀식혜
2023-02-16,0,2,Winter,0,0,0,화담숲주막,찹쌀식혜
2023-02-17,0,2,Winter,0,0,0,화담숲주막,찹쌀식혜
2023-02-18,0,2,Winter,1,0,1,화담숲주막,찹쌀식혜
2023-02-19,0,2,Winter,1,0,1,화담숲주막,찹쌀식혜
2023-02-20,0,2,Winter,0,0,0,화담숲주막,찹쌀식혜
2023-02-21,0,2,Winter,0,0,0,화담숲주막,찹쌀식혜
2023-02-22,0,2,Winter,0,0,0,화담숲주막,찹쌀식혜
2023-02-23,0,2,Winter,0,0,0,화담숲주막,찹쌀식혜
2023-02-24,0,2,Winter,0,0,0,화담숲주막,찹쌀식혜
2023-02-25,0,2,Winter,1,0,1,화담숲주막,찹쌀식혜
2023-02-26,0,2,Winter,1,0,1,화담숲주막,찹쌀식혜
2023-02-27,0,2,Winter,0,0,0,화담숲주막,찹쌀식혜
2023-02-28,0,2,Winter,0,0,0,화담숲주막,찹쌀식혜
2023-03-01,0,3,Spring,0,1,1,화담숲주막,찹쌀식혜
2023-03-02,0,3,Spring,0,0,0,화담숲주막,찹쌀식혜
2023-03-03,0,3,Spring,0,0,0,화담숲주막,찹쌀식혜
2023-03-04,0,3,Spring,1,0,1,화담숲주막,찹쌀식혜
2023-03-05,0,3,Spring,1,0,1,화담숲주막,찹쌀식혜
2023-03-06,0,3,Spring,0,0,0,화담숲주막,찹쌀식혜
2023-03-07,0,3,Spring,0,0,0,화담숲주막,찹쌀식혜
2023-03-08,0,3,Spring,0,0,0,화담숲주막,찹쌀식혜
2023-03-09,0,3,Spring,0,0,0,화담숲주막,찹쌀식혜
2023-03-10,0,3,Spring,0,0,0,화담숲주막,찹쌀식혜
2023-03-11,0,3,Spring,1,0,1,화담숲주막,찹쌀식혜
2023-03-12,0,3,Spring,1,0,1,화담숲주막,찹쌀식혜
2023-03-13,0,3,Spring,0,0,0,화담숲주막,찹쌀식혜
2023-03-14,0,3,Spring,0,0,0,화담숲주막,찹쌀식혜
2023-03-15,0,3,Spring,0,0,0,화담숲주막,찹쌀식혜
2023-03-16,0,3,Spring,0,0,0,화담숲주막,찹쌀식혜
2023-03-17,0,3,Spring,0,0,0,화담숲주막,찹쌀식혜
2023-03-18,0,3,Spring,1,0,1,화담숲주막,찹쌀식혜
2023-03-19,0,3,Spring,1,0,1,화담숲주막,찹쌀식혜
2023-03-20,0,3,Spring,0,0,0,화담숲주막,찹쌀식혜
2023-03-21,0,3,Spring,0,0,0,화담숲주막,찹쌀식혜
2023-03-22,0,3,Spring,0,0,0,화담숲주막,찹쌀식혜
2023-03-23,0,3,Spring,0,0,0,화담숲주막,찹쌀식혜
2023-03-24,0,3,Spring,0,0,0,화담숲주막,찹쌀식혜
2023-03-25,0,3,Spring,1,0,1,화담숲주막,찹쌀식혜
2023-03-26,0,3,Spring,1,0,1,화담숲주막,찹쌀식혜
2023-03-27,0,3,Spring,0,0,0,화담숲주막,찹쌀식혜
2023-03-28,0,3,Spring,0,0,0,화담숲주막,찹쌀식혜
2023-03-29,0,3,Spring,0,0,0,화담숲주막,찹쌀식혜
2023-03-30,0,3,Spring,0,0,0,화담숲주막,찹쌀식혜
2023-03-31,168,3,Spring,0,0,0,화담숲주막,찹쌀식혜
2023-04-01,257,4,Spring,1,0,1,화담숲주막,찹쌀식혜
2023-04-02,253,4,Spring,1,0,1,화담숲주막,찹쌀식혜
2023-04-03,0,4,Spring,0,0,0,화담숲주막,찹쌀식혜
2023-04-04,64,4,Spring,0,0,0,화담숲주막,찹쌀식혜
2023-04-05,6,4,Spring,0,0,0,화담숲주막,찹쌀식혜
2023-04-06,25,4,Spring,0,0,0,화담숲주막,찹쌀식혜
2023-04-07,101,4,Spring,0,0,0,화담숲주막,찹쌀식혜
2023-04-08,138,4,Spring,1,0,1,화담숲주막,찹쌀식혜
2023-04-09,166,4,Spring,1,0,1,화담숲주막,찹쌀식혜
2023-04-10,0,4,Spring,0,0,0,화담숲주막,찹쌀식혜
2023-04-11,19,4,Spring,0,0,0,화담숲주막,찹쌀식혜
2023-04-12,65,4,Spring,0,0,0,화담숲주막,찹쌀식혜
2023-04-13,71,4,Spring,0,0,0,화담숲주막,찹쌀식혜
2023-04-14,136,4,Spring,0,0,0,화담숲주막,찹쌀식혜
2023-04-15,41,4,Spring,1,0,1,화담숲주막,찹쌀식혜
2023-04-16,103,4,Spring,1,0,1,화담숲주막,찹쌀식혜
2023-04-17,0,4,Spring,0,0,0,화담숲주막,찹쌀식혜
2023-04-18,18,4,Spring,0,0,0,화담숲주막,찹쌀식혜
2023-04-19,45,4,Spring,0,0,0,화담숲주막,찹쌀식혜
2023-04-20,33,4,Spring,0,0,0,화담숲주막,찹쌀식혜
2023-04-21,42,4,Spring,0,0,0,화담숲주막,찹쌀식혜
2023-04-22,127,4,Spring,1,0,1,화담숲주막,찹쌀식혜
2023-04-23,110,4,Spring,1,0,1,화담숲주막,찹쌀식혜
2023-04-24,0,4,Spring,0,0,0,화담숲주막,찹쌀식혜
2023-04-25,6,4,Spring,0,0,0,화담숲주막,찹쌀식혜
2023-04-26,13,4,Spring,0,0,0,화담숲주막,찹쌀식혜
2023-04-27,23,4,Spring,0,0,0,화담숲주막,찹쌀식혜
2023-04-28,29,4,Spring,0,0,0,화담숲주막,찹쌀식혜
2023-04-29,26,4,Spring,1,0,1,화담숲주막,찹쌀식혜
2023-04-30,122,4,Spring,1,0,1,화담숲주막,찹쌀식혜
2023-05-01,81,5,Spring,0,0,0,화담숲주막,찹쌀식혜
2023-05-02,29,5,Spring,0,0,0,화담숲주막,찹쌀식혜
2023-05-03,19,5,Spring,0,0,0,화담숲주막,찹쌀식혜
2023-05-04,34,5,Spring,0,0,0,화담숲주막,찹쌀식혜
2023-05-05,13,5,Spring,0,1,1,화담숲주막,찹쌀식혜
2023-05-06,22,5,Spring,1,0,1,화담숲주막,찹쌀식혜
2023-05-07,48,5,Spring,1,0,1,화담숲주막,찹쌀식혜
2023-05-08,0,5,Spring,0,0,0,화담숲주막,찹쌀식혜
2023-05-09,16,5,Spring,0,0,0,화담숲주막,찹쌀식혜
2023-05-10,44,5,Spring,0,0,0,화담숲주막,찹쌀식혜
2023-05-11,22,5,Spring,0,0,0,화담숲주막,찹쌀식혜
2023-05-12,21,5,Spring,0,0,0,화담숲주막,찹쌀식혜
2023-05-13,105,5,Spring,1,0,1,화담숲주막,찹쌀식혜
2023-05-14,86,5,Spring,1,0,1,화담숲주막,찹쌀식혜
2023-05-15,0,5,Spring,0,0,0,화담숲주막,찹쌀식혜
2023-05-16,39,5,Spring,0,0,0,화담숲주막,찹쌀식혜
2023-05-17,16,5,Spring,0,0,0,화담숲주막,찹쌀식혜
2023-05-18,8,5,Spring,0,0,0,화담숲주막,찹쌀식혜
2023-05-19,29,5,Spring,0,0,0,화담숲주막,찹쌀식혜
2023-05-20,92,5,Spring,1,0,1,화담숲주막,찹쌀식혜
2023-05-21,49,5,Spring,1,0,1,화담숲주막,찹쌀식혜
2023-05-22,0,5,Spring,0,0,0,화담숲주막,찹쌀식혜
2023-05-23,31,5,Spring,0,0,0,화담숲주막,찹쌀식혜
2023-05-24,19,5,Spring,0,0,0,화담숲주막,찹쌀식혜
2023-05-25,28,5,Spring,0,0,0,화담숲주막,찹쌀식혜
2023-05-26,29,5,Spring,0,0,0,화담숲주막,찹쌀식혜
2023-05-27,39,5,Spring,1,1,1,화담숲주막,찹쌀식혜
2023-05-28,37,5,Spring,1,0,1,화담숲주막,찹쌀식혜
2023-05-29,39,5,Spring,0,1,1,화담숲주막,찹쌀식혜
2023-05-30,13,5,Spring,0,0,0,화담숲주막,찹쌀식혜
2023-05-31,12,5,Spring,0,0,0,화담숲주막,찹쌀식혜
2023-06-01,7,6,Summer,0,0,0,화담숲주막,찹쌀식혜
2023-06-02,7,6,Summer,0,0,0,화담숲주막,찹쌀식혜
2023-06-03,55,6,Summer,1,0,1,화담숲주막,찹쌀식혜
2023-06-04,74,6,Summer,1,0,1,화담숲주막,찹쌀식혜
2023-06-05,36,6,Summer,0,0,0,화담숲주막,찹쌀식혜
2023-06-06,0,6,Summer,0,1,1,화담숲주막,찹쌀식혜
2023-06-07,17,6,Summer,0,0,0,화담숲주막,찹쌀식혜
2023-06-08,15,6,Summer,0,0,0,화담숲주막,찹쌀식혜
2023-06-09,14,6,Summer,0,0,0,화담숲주막,찹쌀식혜
2023-06-10,39,6,Summer,1,0,1,화담숲주막,찹쌀식혜
2023-06-11,29,6,Summer,1,0,1,화담숲주막,찹쌀식혜
2023-06-12,0,6,Summer,0,0,0,화담숲주막,찹쌀식혜
2023-06-13,17,6,Summer,0,0,0,화담숲주막,찹쌀식혜
2023-06-14,17,6,Summer,0,0,0,화담숲주막,찹쌀식혜
2023-06-15,17,6,Summer,0,0,0,화담숲주막,찹쌀식혜
2023-06-16,16,6,Summer,0,0,0,화담숲주막,찹쌀식혜
2023-06-17,56,6,Summer,1,0,1,화담숲주막,찹쌀식혜
2023-06-18,42,6,Summer,1,0,1,화담숲주막,찹쌀식혜
2023-06-19,0,6,Summer,0,0,0,화담숲주막,찹쌀식혜
2023-06-20,19,6,Summer,0,0,0,화담숲주막,찹쌀식혜
2023-06-21,6,6,Summer,0,0,0,화담숲주막,찹쌀식혜
2023-06-22,19,6,Summer,0,0,0,화담숲주막,찹쌀식혜
2023-06-23,18,6,Summer,0,0,0,화담숲주막,찹쌀식혜
2023-06-24,39,6,Summer,1,0,1,화담숲주막,찹쌀식혜
2023-06-25,67,6,Summer,1,0,1,화담숲주막,찹쌀식혜
2023-06-26,0,6,Summer,0,0,0,화담숲주막,찹쌀식혜
2023-06-27,7,6,Summer,0,0,0,화담숲주막,찹쌀식혜
2023-06-28,10,6,Summer,0,0,0,화담숲주막,찹쌀식혜
2023-06-29,7,6,Summer,0,0,0,화담숲주막,찹쌀식혜
2023-06-30,7,6,Summer,0,0,0,화담숲주막,찹쌀식혜
2023-07-01,27,7,Summer,1,0,1,화담숲주막,찹쌀식혜
2023-07-02,23,7,Summer,1,0,1,화담숲주막,찹쌀식혜
2023-07-03,0,7,Summer,0,0,0,화담숲주막,찹쌀식혜
2023-07-04,5,7,Summer,0,0,0,화담숲주막,찹쌀식혜
2023-07-05,9,7,Summer,0,0,0,화담숲주막,찹쌀식혜
2023-07-06,3,7,Summer,0,0,0,화담숲주막,찹쌀식혜
2023-07-07,5,7,Summer,0,0,0,화담숲주막,찹쌀식혜
2023-07-08,24,7,Summer,1,0,1,화담숲주막,찹쌀식혜
2023-07-09,16,7,Summer,1,0,1,화담숲주막,찹쌀식혜
2023-07-10,0,7,Summer,0,0,0,화담숲주막,찹쌀식혜
2023-07-11,7,7,Summer,0,0,0,화담숲주막,찹쌀식혜
2023-07-12,3,7,Summer,0,0,0,화담숲주막,찹쌀식혜
2023-07-13,1,7,Summer,0,0,0,화담숲주막,찹쌀식혜
2023-07-14,2,7,Summer,0,0,0,화담숲주막,찹쌀식혜
2023-07-15,3,7,Summer,1,0,1,화담숲주막,찹쌀식혜
2023-07-16,2,7,Summer,1,0,1,화담숲주막,찹쌀식혜
2023-07-17,0,7,Summer,0,0,0,화담숲주막,찹쌀식혜
2023-07-18,3,7,Summer,0,0,0,화담숲주막,찹쌀식혜
2023-07-19,3,7,Summer,0,0,0,화담숲주막,찹쌀식혜
2023-07-20,4,7,Summer,0,0,0,화담숲주막,찹쌀식혜
2023-07-21,3,7,Summer,0,0,0,화담숲주막,찹쌀식혜
2023-07-22,10,7,Summer,1,0,1,화담숲주막,찹쌀식혜
2023-07-23,3,7,Summer,1,0,1,화담숲주막,찹쌀식혜
2023-07-24,0,7,Summer,0,0,0,화담숲주막,찹쌀식혜
2023-07-25,16,7,Summer,0,0,0,화담숲주막,찹쌀식혜
2023-07-26,7,7,Summer,0,0,0,화담숲주막,찹쌀식혜
2023-07-27,8,7,Summer,0,0,0,화담숲주막,찹쌀식혜
2023-07-28,12,7,Summer,0,0,0,화담숲주막,찹쌀식혜
2023-07-29,23,7,Summer,1,0,1,화담숲주막,찹쌀식혜
2023-07-30,24,7,Summer,1,0,1,화담숲주막,찹쌀식혜
2023-07-31,0,7,Summer,0,0,0,화담숲주막,찹쌀식혜
2023-08-01,14,8,Summer,0,0,0,화담숲주막,찹쌀식혜
2023-08-02,7,8,Summer,0,0,0,화담숲주막,찹쌀식혜
2023-08-03,9,8,Summer,0,0,0,화담숲주막,찹쌀식혜
2023-08-04,12,8,Summer,0,0,0,화담숲주막,찹쌀식혜
2023-08-05,8,8,Summer,1,0,1,화담숲주막,찹쌀식혜
2023-08-06,9,8,Summer,1,0,1,화담숲주막,찹쌀식혜
2023-08-07,0,8,Summer,0,0,0,화담숲주막,찹쌀식혜
2023-08-08,14,8,Summer,0,0,0,화담숲주막,찹쌀식혜
2023-08-09,6,8,Summer,0,0,0,화담숲주막,찹쌀식혜
2023-08-10,0,8,Summer,0,0,0,화담숲주막,찹쌀식혜
2023-08-11,4,8,Summer,0,0,0,화담숲주막,찹쌀식혜
2023-08-12,16,8,Summer,1,0,1,화담숲주막,찹쌀식혜
2023-08-13,19,8,Summer,1,0,1,화담숲주막,찹쌀식혜
2023-08-14,16,8,Summer,0,0,0,화담숲주막,찹쌀식혜
2023-08-15,29,8,Summer,0,1,1,화담숲주막,찹쌀식혜
2023-08-16,1,8,Summer,0,0,0,화담숲주막,찹쌀식혜
2023-08-17,4,8,Summer,0,0,0,화담숲주막,찹쌀식혜
2023-08-18,4,8,Summer,0,0,0,화담숲주막,찹쌀식혜
2023-08-19,19,8,Summer,1,0,1,화담숲주막,찹쌀식혜
2023-08-20,11,8,Summer,1,0,1,화담숲주막,찹쌀식혜
2023-08-21,0,8,Summer,0,0,0,화담숲주막,찹쌀식혜
2023-08-22,2,8,Summer,0,0,0,화담숲주막,찹쌀식혜
2023-08-23,2,8,Summer,0,0,0,화담숲주막,찹쌀식혜
2023-08-24,7,8,Summer,0,0,0,화담숲주막,찹쌀식혜
2023-08-25,12,8,Summer,0,0,0,화담숲주막,찹쌀식혜
2023-08-26,28,8,Summer,1,0,1,화담숲주막,찹쌀식혜
2023-08-27,22,8,Summer,1,0,1,화담숲주막,찹쌀식혜
2023-08-28,0,8,Summer,0,0,0,화담숲주막,찹쌀식혜
2023-08-29,4,8,Summer,0,0,0,화담숲주막,찹쌀식혜
2023-08-30,4,8,Summer,0,0,0,화담숲주막,찹쌀식혜
2023-08-31,4,8,Summer,0,0,0,화담숲주막,찹쌀식혜
2023-09-01,25,9,Autumn,0,0,0,화담숲주막,찹쌀식혜
2023-09-02,49,9,Autumn,1,0,1,화담숲주막,찹쌀식혜
2023-09-03,35,9,Autumn,1,0,1,화담숲주막,찹쌀식혜
2023-09-04,0,9,Autumn,0,0,0,화담숲주막,찹쌀식혜
2023-09-05,10,9,Autumn,0,0,0,화담숲주막,찹쌀식혜
2023-09-06,13,9,Autumn,0,0,0,화담숲주막,찹쌀식혜
2023-09-07,9,9,Autumn,0,0,0,화담숲주막,찹쌀식혜
2023-09-08,12,9,Autumn,0,0,0,화담숲주막,찹쌀식혜
2023-09-09,66,9,Autumn,1,0,1,화담숲주막,찹쌀식혜
2023-09-10,64,9,Autumn,1,0,1,화담숲주막,찹쌀식혜
2023-09-11,0,9,Autumn,0,0,0,화담숲주막,찹쌀식혜
2023-09-12,0,9,Autumn,0,0,0,화담숲주막,찹쌀식혜
2023-09-13,4,9,Autumn,0,0,0,화담숲주막,찹쌀식혜
2023-09-14,17,9,Autumn,0,0,0,화담숲주막,찹쌀식혜
2023-09-15,3,9,Autumn,0,0,0,화담숲주막,찹쌀식혜
2023-09-16,32,9,Autumn,1,0,1,화담숲주막,찹쌀식혜
2023-09-17,32,9,Autumn,1,0,1,화담숲주막,찹쌀식혜
2023-09-18,0,9,Autumn,0,0,0,화담숲주막,찹쌀식혜
2023-09-19,18,9,Autumn,0,0,0,화담숲주막,찹쌀식혜
2023-09-20,11,9,Autumn,0,0,0,화담숲주막,찹쌀식혜
2023-09-21,21,9,Autumn,0,0,0,화담숲주막,찹쌀식혜
2023-09-22,30,9,Autumn,0,0,0,화담숲주막,찹쌀식혜
2023-09-23,78,9,Autumn,1,0,1,화담숲주막,찹쌀식혜
2023-09-24,20,9,Autumn,1,0,1,화담숲주막,찹쌀식혜
2023-09-25,0,9,Autumn,0,0,0,화담숲주막,찹쌀식혜
2023-09-26,0,9,Autumn,0,0,0,화담숲주막,찹쌀식혜
2023-09-27,5,9,Autumn,0,0,0,화담숲주막,찹쌀식혜
2023-09-28,107,9,Autumn,0,1,1,화담숲주막,찹쌀식혜
2023-09-29,137,9,Autumn,0,1,1,화담숲주막,찹쌀식혜
2023-09-30,84,9,Autumn,1,1,1,화담숲주막,찹쌀식혜
2023-10-01,108,10,Autumn,1,0,1,화담숲주막,찹쌀식혜
2023-10-02,117,10,Autumn,0,1,1,화담숲주막,찹쌀식혜
2023-10-03,95,10,Autumn,0,1,1,화담숲주막,찹쌀식혜
2023-10-04,31,10,Autumn,0,0,0,화담숲주막,찹쌀식혜
2023-10-05,13,10,Autumn,0,0,0,화담숲주막,찹쌀식혜
2023-10-06,31,10,Autumn,0,0,0,화담숲주막,찹쌀식혜
2023-10-07,102,10,Autumn,1,0,1,화담숲주막,찹쌀식혜
2023-10-08,114,10,Autumn,1,0,1,화담숲주막,찹쌀식혜
2023-10-09,143,10,Autumn,0,1,1,화담숲주막,찹쌀식혜
2023-10-10,59,10,Autumn,0,0,0,화담숲주막,찹쌀식혜
2023-10-11,67,10,Autumn,0,0,0,화담숲주막,찹쌀식혜
2023-10-12,42,10,Autumn,0,0,0,화담숲주막,찹쌀식혜
2023-10-13,80,10,Autumn,0,0,0,화담숲주막,찹쌀식혜
2023-10-14,92,10,Autumn,1,0,1,화담숲주막,찹쌀식혜
2023-10-15,106,10,Autumn,1,0,1,화담숲주막,찹쌀식혜
2023-10-16,0,10,Autumn,0,0,0,화담숲주막,찹쌀식혜
2023-10-17,93,10,Autumn,0,0,0,화담숲주막,찹쌀식혜
2023-10-18,97,10,Autumn,0,0,0,화담숲주막,찹쌀식혜
2023-10-19,53,10,Autumn,0,0,0,화담숲주막,찹쌀식혜
2023-10-20,76,10,Autumn,0,0,0,화담숲주막,찹쌀식혜
2023-10-21,102,10,Autumn,1,0,1,화담숲주막,찹쌀식혜
2023-10-22,144,10,Autumn,1,0,1,화담숲주막,찹쌀식혜
2023-10-23,131,10,Autumn,0,0,0,화담숲주막,찹쌀식혜
2023-10-24,85,10,Autumn,0,0,0,화담숲주막,찹쌀식혜
2023-10-25,123,10,Autumn,0,0,0,화담숲주막,찹쌀식혜
2023-10-26,104,10,Autumn,0,0,0,화담숲주막,찹쌀식혜
2023-10-27,128,10,Autumn,0,0,0,화담숲주막,찹쌀식혜
2023-10-28,179,10,Autumn,1,0,1,화담숲주막,찹쌀식혜
2023-10-29,145,10,Autumn,1,0,1,화담숲주막,찹쌀식혜
2023-10-30,119,10,Autumn,0,0,0,화담숲주막,찹쌀식혜
2023-10-31,99,10,Autumn,0,0,0,화담숲주막,찹쌀식혜
2023-11-01,91,11,Autumn,0,0,0,화담숲주막,찹쌀식혜
2023-11-02,146,11,Autumn,0,0,0,화담숲주막,찹쌀식혜
2023-11-03,113,11,Autumn,0,0,0,화담숲주막,찹쌀식혜
2023-11-04,139,11,Autumn,1,0,1,화담숲주막,찹쌀식혜
2023-11-05,122,11,Autumn,1,0,1,화담숲주막,찹쌀식혜
2023-11-06,103,11,Autumn,0,0,0,화담숲주막,찹쌀식혜
2023-11-07,73,11,Autumn,0,0,0,화담숲주막,찹쌀식혜
2023-11-08,100,11,Autumn,0,0,0,화담숲주막,찹쌀식혜
2023-11-09,103,11,Autumn,0,0,0,화담숲주막,찹쌀식혜
2023-11-10,61,11,Autumn,0,0,0,화담숲주막,찹쌀식혜
2023-11-11,75,11,Autumn,1,0,1,화담숲주막,찹쌀식혜
2023-11-12,69,11,Autumn,1,0,1,화담숲주막,찹쌀식혜
2023-11-13,42,11,Autumn,0,0,0,화담숲주막,찹쌀식혜
2023-11-14,44,11,Autumn,0,0,0,화담숲주막,찹쌀식혜
2023-11-15,34,11,Autumn,0,0,0,화담숲주막,찹쌀식혜
2023-11-16,0,11,Autumn,0,0,0,화담숲주막,찹쌀식혜
2023-11-17,59,11,Autumn,0,0,0,화담숲주막,찹쌀식혜
2023-11-18,42,11,Autumn,1,0,1,화담숲주막,찹쌀식혜
2023-11-19,36,11,Autumn,1,0,1,화담숲주막,찹쌀식혜
2023-11-20,0,11,Autumn,0,0,0,화담숲주막,찹쌀식혜
2023-11-21,20,11,Autumn,0,0,0,화담숲주막,찹쌀식혜
2023-11-22,15,11,Autumn,0,0,0,화담숲주막,찹쌀식혜
2023-11-23,2,11,Autumn,0,0,0,화담숲주막,찹쌀식혜
2023-11-24,0,11,Autumn,0,0,0,화담숲주막,찹쌀식혜
2023-11-25,43,11,Autumn,1,0,1,화담숲주막,찹쌀식혜
2023-11-26,55,11,Autumn,1,0,1,화담숲주막,찹쌀식혜
2023-11-27,0,11,Autumn,0,0,0,화담숲주막,찹쌀식혜
2023-11-28,0,11,Autumn,0,0,0,화담숲주막,찹쌀식혜
2023-11-29,0,11,Autumn,0,0,0,화담숲주막,찹쌀식혜
2023-11-30,0,11,Autumn,0,0,0,화담숲주막,찹쌀식혜
2023-12-01,0,12,Winter,0,0,0,화담숲주막,찹쌀식혜
2023-12-02,0,12,Winter,1,0,1,화담숲주막,찹쌀식혜
2023-12-03,0,12,Winter,1,0,1,화담숲주막,찹쌀식혜
2023-12-04,0,12,Winter,0,0,0,화담숲주막,찹쌀식혜
2023-12-05,0,12,Winter,0,0,0,화담숲주막,찹쌀식혜
2023-12-06,0,12,Winter,0,0,0,화담숲주막,찹쌀식혜
2023-12-07,0,12,Winter,0,0,0,화담숲주막,찹쌀식혜
2023-12-08,0,12,Winter,0,0,0,화담숲주막,찹쌀식혜
2023-12-09,0,12,Winter,1,0,1,화담숲주막,찹쌀식혜
2023-12-10,0,12,Winter,1,0,1,화담숲주막,찹쌀식혜
2023-12-11,0,12,Winter,0,0,0,화담숲주막,찹쌀식혜
2023-12-12,0,12,Winter,0,0,0,화담숲주막,찹쌀식혜
2023-12-13,0,12,Winter,0,0,0,화담숲주막,찹쌀식혜
2023-12-14,0,12,Winter,0,0,0,화담숲주막,찹쌀식혜
2023-12-15,0,12,Winter,0,0,0,화담숲주막,찹쌀식혜
2023-12-16,0,12,Winter,1,0,1,화담숲주막,찹쌀식혜
2023-12-17,0,12,Winter,1,0,1,화담숲주막,찹쌀식혜
2023-12-18,0,12,Winter,0,0,0,화담숲주막,찹쌀식혜
2023-12-19,0,12,Winter,0,0,0,화담숲주막,찹쌀식혜
2023-12-20,0,12,Winter,0,0,0,화담숲주막,찹쌀식혜
2023-12-21,0,12,Winter,0,0,0,화담숲주막,찹쌀식혜
2023-12-22,0,12,Winter,0,0,0,화담숲주막,찹쌀식혜
2023-12-23,0,12,Winter,1,0,1,화담숲주막,찹쌀식혜
2023-12-24,0,12,Winter,1,0,1,화담숲주막,찹쌀식혜
2023-12-25,0,12,Winter,0,1,1,화담숲주막,찹쌀식혜
2023-12-26,0,12,Winter,0,0,0,화담숲주막,찹쌀식혜
2023-12-27,0,12,Winter,0,0,0,화담숲주막,찹쌀식혜
2023-12-28,0,12,Winter,0,0,0,화담숲주막,찹쌀식혜
2023-12-29,0,12,Winter,0,0,0,화담숲주막,찹쌀식혜
2023-12-30,0,12,Winter,1,0,1,화담숲주막,찹쌀식혜
2023-12-31,0,12,Winter,1,0,1,화담숲주막,찹쌀식혜
2024-01-01,0,1,Winter,0,1,1,화담숲주막,찹쌀식혜
2024-01-02,0,1,Winter,0,0,0,화담숲주막,찹쌀식혜
2024-01-03,0,1,Winter,0,0,0,화담숲주막,찹쌀식혜
2024-01-04,0,1,Winter,0,0,0,화담숲주막,찹쌀식혜
2024-01-05,0,1,Winter,0,0,0,화담숲주막,찹쌀식혜
2024-01-06,0,1,Winter,1,0,1,화담숲주막,찹쌀식혜
2024-01-07,0,1,Winter,1,0,1,화담숲주막,찹쌀식혜
2024-01-08,0,1,Winter,0,0,0,화담숲주막,찹쌀식혜
2024-01-09,0,1,Winter,0,0,0,화담숲주막,찹쌀식혜
2024-01-10,0,1,Winter,0,0,0,화담숲주막,찹쌀식혜
2024-01-11,0,1,Winter,0,0,0,화담숲주막,찹쌀식혜
2024-01-12,0,1,Winter,0,0,0,화담숲주막,찹쌀식혜
2024-01-13,0,1,Winter,1,0,1,화담숲주막,찹쌀식혜
2024-01-14,0,1,Winter,1,0,1,화담숲주막,찹쌀식혜
2024-01-15,0,1,Winter,0,0,0,화담숲주막,찹쌀식혜
2024-01-16,0,1,Winter,0,0,0,화담숲주막,찹쌀식혜
2024-01-17,0,1,Winter,0,0,0,화담숲주막,찹쌀식혜
2024-01-18,0,1,Winter,0,0,0,화담숲주막,찹쌀식혜
2024-01-19,0,1,Winter,0,0,0,화담숲주막,찹쌀식혜
2024-01-20,0,1,Winter,1,0,1,화담숲주막,찹쌀식혜
2024-01-21,0,1,Winter,1,0,1,화담숲주막,찹쌀식혜
2024-01-22,0,1,Winter,0,0,0,화담숲주막,찹쌀식혜
2024-01-23,0,1,Winter,0,0,0,화담숲주막,찹쌀식혜
2024-01-24,0,1,Winter,0,0,0,화담숲주막,찹쌀식혜
2024-01-25,0,1,Winter,0,0,0,화담숲주막,찹쌀식혜
2024-01-26,0,1,Winter,0,0,0,화담숲주막,찹쌀식혜
2024-01-27,0,1,Winter,1,0,1,화담숲주막,찹쌀식혜
2024-01-28,0,1,Winter,1,0,1,화담숲주막,찹쌀식혜
2024-01-29,0,1,Winter,0,0,0,화담숲주막,찹쌀식혜
2024-01-30,0,1,Winter,0,0,0,화담숲주막,찹쌀식혜
2024-01-31,0,1,Winter,0,0,0,화담숲주막,찹쌀식혜
2024-02-01,0,2,Winter,0,0,0,화담숲주막,찹쌀식혜
2024-02-02,0,2,Winter,0,0,0,화담숲주막,찹쌀식혜
2024-02-03,0,2,Winter,1,0,1,화담숲주막,찹쌀식혜
2024-02-04,0,2,Winter,1,0,1,화담숲주막,찹쌀식혜
2024-02-05,0,2,Winter,0,0,0,화담숲주막,찹쌀식혜
2024-02-06,0,2,Winter,0,0,0,화담숲주막,찹쌀식혜
2024-02-07,0,2,Winter,0,0,0,화담숲주막,찹쌀식혜
2024-02-08,0,2,Winter,0,0,0,화담숲주막,찹쌀식혜
2024-02-09,0,2,Winter,0,1,1,화담숲주막,찹쌀식혜
2024-02-10,0,2,Winter,1,1,1,화담숲주막,찹쌀식혜
2024-02-11,0,2,Winter,1,1,1,화담숲주막,찹쌀식혜
2024-02-12,0,2,Winter,0,1,1,화담숲주막,찹쌀식혜
2024-02-13,0,2,Winter,0,0,0,화담숲주막,찹쌀식혜
2024-02-14,0,2,Winter,0,0,0,화담숲주막,찹쌀식혜
2024-02-15,0,2,Winter,0,0,0,화담숲주막,찹쌀식혜
2024-02-16,0,2,Winter,0,0,0,화담숲주막,찹쌀식혜
2024-02-17,0,2,Winter,1,0,1,화담숲주막,찹쌀식혜
2024-02-18,0,2,Winter,1,0,1,화담숲주막,찹쌀식혜
2024-02-19,0,2,Winter,0,0,0,화담숲주막,찹쌀식혜
2024-02-20,0,2,Winter,0,0,0,화담숲주막,찹쌀식혜
2024-02-21,0,2,Winter,0,0,0,화담숲주막,찹쌀식혜
2024-02-22,0,2,Winter,0,0,0,화담숲주막,찹쌀식혜
2024-02-23,0,2,Winter,0,0,0,화담숲주막,찹쌀식혜
2024-02-24,0,2,Winter,1,0,1,화담숲주막,찹쌀식혜
2024-02-25,0,2,Winter,1,0,1,화담숲주막,찹쌀식혜
2024-02-26,0,2,Winter,0,0,0,화담숲주막,찹쌀식혜
2024-02-27,0,2,Winter,0,0,0,화담숲주막,찹쌀식혜
2024-02-28,0,2,Winter,0,0,0,화담숲주막,찹쌀식혜
2024-02-29,0,2,Winter,0,0,0,화담숲주막,찹쌀식혜
2024-03-01,0,3,Spring,0,1,1,화담숲주막,찹쌀식혜
2024-03-02,0,3,Spring,1,0,1,화담숲주막,찹쌀식혜
2024-03-03,0,3,Spring,1,0,1,화담숲주막,찹쌀식혜
2024-03-04,0,3,Spring,0,0,0,화담숲주막,찹쌀식혜
2024-03-05,0,3,Spring,0,0,0,화담숲주막,찹쌀식혜
2024-03-06,0,3,Spring,0,0,0,화담숲주막,찹쌀식혜
2024-03-07,0,3,Spring,0,0,0,화담숲주막,찹쌀식혜
2024-03-08,0,3,Spring,0,0,0,화담숲주막,찹쌀식혜
2024-03-09,0,3,Spring,1,0,1,화담숲주막,찹쌀식혜
2024-03-10,0,3,Spring,1,0,1,화담숲주막,찹쌀식혜
2024-03-11,0,3,Spring,0,0,0,화담숲주막,찹쌀식혜
2024-03-12,0,3,Spring,0,0,0,화담숲주막,찹쌀식혜
2024-03-13,0,3,Spring,0,0,0,화담숲주막,찹쌀식혜
2024-03-14,0,3,Spring,0,0,0,화담숲주막,찹쌀식혜
2024-03-15,0,3,Spring,0,0,0,화담숲주막,찹쌀식혜
2024-03-16,0,3,Spring,1,0,1,화담숲주막,찹쌀식혜
2024-03-17,0,3,Spring,1,0,1,화담숲주막,찹쌀식혜
2024-03-18,0,3,Spring,0,0,0,화담숲주막,찹쌀식혜
2024-03-19,0,3,Spring,0,0,0,화담숲주막,찹쌀식혜
2024-03-20,0,3,Spring,0,0,0,화담숲주막,찹쌀식혜
2024-03-21,0,3,Spring,0,0,0,화담숲주막,찹쌀식혜
2024-03-22,0,3,Spring,0,0,0,화담숲주막,찹쌀식혜
2024-03-23,0,3,Spring,1,0,1,화담숲주막,찹쌀식혜
2024-03-24,0,3,Spring,1,0,1,화담숲주막,찹쌀식혜
2024-03-25,0,3,Spring,0,0,0,화담숲주막,찹쌀식혜
2024-03-26,0,3,Spring,0,0,0,화담숲주막,찹쌀식혜
2024-03-27,0,3,Spring,0,0,0,화담숲주막,찹쌀식혜
2024-03-28,0,3,Spring,0,0,0,화담숲주막,찹쌀식혜
2024-03-29,26,3,Spring,0,0,0,화담숲주막,찹쌀식혜
2024-03-30,85,3,Spring,1,0,1,화담숲주막,찹쌀식혜
2024-03-31,115,3,Spring,1,0,1,화담숲주막,찹쌀식혜
2024-04-01,0,4,Spring,0,0,0,화담숲주막,찹쌀식혜
2024-04-02,99,4,Spring,0,0,0,화담숲주막,찹쌀식혜
2024-04-03,36,4,Spring,0,0,0,화담숲주막,찹쌀식혜
2024-04-04,92,4,Spring,0,0,0,화담숲주막,찹쌀식혜
2024-04-05,87,4,Spring,0,0,0,화담숲주막,찹쌀식혜
2024-04-06,117,4,Spring,1,0,1,화담숲주막,찹쌀식혜
2024-04-07,158,4,Spring,1,0,1,화담숲주막,찹쌀식혜
2024-04-08,0,4,Spring,0,0,0,화담숲주막,찹쌀식혜
2024-04-09,121,4,Spring,0,0,0,화담숲주막,찹쌀식혜
2024-04-10,155,4,Spring,0,1,1,화담숲주막,찹쌀식혜
2024-04-11,108,4,Spring,0,0,0,화담숲주막,찹쌀식혜
2024-04-12,114,4,Spring,0,0,0,화담숲주막,찹쌀식혜
2024-04-13,209,4,Spring,1,0,1,화담숲주막,찹쌀식혜
2024-04-14,166,4,Spring,1,0,1,화담숲주막,찹쌀식혜
2024-04-15,0,4,Spring,0,0,0,화담숲주막,찹쌀식혜
2024-04-16,65,4,Spring,0,0,0,화담숲주막,찹쌀식혜
2024-04-17,58,4,Spring,0,0,0,화담숲주막,찹쌀식혜
2024-04-18,69,4,Spring,0,0,0,화담숲주막,찹쌀식혜
2024-04-19,83,4,Spring,0,0,0,화담숲주막,찹쌀식혜
2024-04-20,37,4,Spring,1,0,1,화담숲주막,찹쌀식혜
2024-04-21,105,4,Spring,1,0,1,화담숲주막,찹쌀식혜
2024-04-22,0,4,Spring,0,0,0,화담숲주막,찹쌀식혜
2024-04-23,31,4,Spring,0,0,0,화담숲주막,찹쌀식혜
2024-04-24,15,4,Spring,0,0,0,화담숲주막,찹쌀식혜
2024-04-25,43,4,Spring,0,0,0,화담숲주막,찹쌀식혜
2024-04-26,45,4,Spring,0,0,0,화담숲주막,찹쌀식혜
2024-04-27,138,4,Spring,1,0,1,화담숲주막,찹쌀식혜
2024-04-28,166,4,Spring,1,0,1,화담숲주막,찹쌀식혜
2024-04-29,0,4,Spring,0,0,0,화담숲주막,찹쌀식혜
2024-04-30,20,4,Spring,0,0,0,화담숲주막,찹쌀식혜
2024-05-01,58,5,Spring,0,0,0,화담숲주막,찹쌀식혜
2024-05-02,25,5,Spring,0,0,0,화담숲주막,찹쌀식혜
2024-05-03,29,5,Spring,0,0,0,화담숲주막,찹쌀식혜
2024-05-04,78,5,Spring,1,0,1,화담숲주막,찹쌀식혜
2024-05-05,39,5,Spring,1,1,1,화담숲주막,찹쌀식혜
2024-05-06,12,5,Spring,0,1,1,화담숲주막,찹쌀식혜
2024-05-07,7,5,Spring,0,0,0,화담숲주막,찹쌀식혜
2024-05-08,16,5,Spring,0,0,0,화담숲주막,찹쌀식혜
2024-05-09,14,5,Spring,0,0,0,화담숲주막,찹쌀식혜
2024-05-10,21,5,Spring,0,0,0,화담숲주막,찹쌀식혜
2024-05-11,41,5,Spring,1,0,1,화담숲주막,찹쌀식혜
2024-05-12,58,5,Spring,1,0,1,화담숲주막,찹쌀식혜
2024-05-13,0,5,Spring,0,0,0,화담숲주막,찹쌀식혜
2024-05-14,25,5,Spring,0,0,0,화담숲주막,찹쌀식혜
2024-05-15,32,5,Spring,0,1,1,화담숲주막,찹쌀식혜
2024-05-16,20,5,Spring,0,0,0,화담숲주막,찹쌀식혜
2024-05-17,24,5,Spring,0,0,0,화담숲주막,찹쌀식혜
2024-05-18,97,5,Spring,1,0,1,화담숲주막,찹쌀식혜
2024-05-19,75,5,Spring,1,0,1,화담숲주막,찹쌀식혜
2024-05-20,0,5,Spring,0,0,0,화담숲주막,찹쌀식혜
2024-05-21,23,5,Spring,0,0,0,화담숲주막,찹쌀식혜
2024-05-22,25,5,Spring,0,0,0,화담숲주막,찹쌀식혜
2024-05-23,19,5,Spring,0,0,0,화담숲주막,찹쌀식혜
2024-05-24,22,5,Spring,0,0,0,화담숲주막,찹쌀식혜
2024-05-25,50,5,Spring,1,0,1,화담숲주막,찹쌀식혜
2024-05-26,34,5,Spring,1,0,1,화담숲주막,찹쌀식혜
2024-05-27,0,5,Spring,0,0,0,화담숲주막,찹쌀식혜
2024-05-28,15,5,Spring,0,0,0,화담숲주막,찹쌀식혜
2024-05-29,40,5,Spring,0,0,0,화담숲주막,찹쌀식혜
2024-05-30,16,5,Spring,0,0,0,화담숲주막,찹쌀식혜
2024-05-31,46,5,Spring,0,0,0,화담숲주막,찹쌀식혜
2024-06-01,49,6,Summer,1,0,1,화담숲주막,찹쌀식혜
2024-06-02,57,6,Summer,1,0,1,화담숲주막,찹쌀식혜
2024-06-03,0,6,Summer,0,0,0,화담숲주막,찹쌀식혜
2024-06-04,9,6,Summer,0,0,0,화담숲주막,찹쌀식혜
2024-06-05,24,6,Summer,0,0,0,화담숲주막,찹쌀식혜
2024-06-06,94,6,Summer,0,1,1,화담숲주막,찹쌀식혜
2024-06-07,30,6,Summer,0,0,0,화담숲주막,찹쌀식혜
2024-06-08,20,6,Summer,1,0,1,화담숲주막,찹쌀식혜
2024-06-09,36,6,Summer,1,0,1,화담숲주막,찹쌀식혜
2024-06-10,0,6,Summer,0,0,0,화담숲주막,찹쌀식혜
2024-06-11,20,6,Summer,0,0,0,화담숲주막,찹쌀식혜
2024-06-12,7,6,Summer,0,0,0,화담숲주막,찹쌀식혜
2024-06-13,24,6,Summer,0,0,0,화담숲주막,찹쌀식혜
2024-06-14,11,6,Summer,0,0,0,화담숲주막,찹쌀식혜
2024-06-15,37,6,Summer,1,0,1,화담숲주막,찹쌀식혜
2023-01-01,0,1,Winter,1,1,1,화담숲주막,콜라
2023-01-02,0,1,Winter,0,0,0,화담숲주막,콜라
2023-01-03,0,1,Winter,0,0,0,화담숲주막,콜라
2023-01-04,0,1,Winter,0,0,0,화담숲주막,콜라
2023-01-05,0,1,Winter,0,0,0,화담숲주막,콜라
2023-01-06,0,1,Winter,0,0,0,화담숲주막,콜라
2023-01-07,0,1,Winter,1,0,1,화담숲주막,콜라
2023-01-08,0,1,Winter,1,0,1,화담숲주막,콜라
2023-01-09,0,1,Winter,0,0,0,화담숲주막,콜라
2023-01-10,0,1,Winter,0,0,0,화담숲주막,콜라
2023-01-11,0,1,Winter,0,0,0,화담숲주막,콜라
2023-01-12,0,1,Winter,0,0,0,화담숲주막,콜라
2023-01-13,0,1,Winter,0,0,0,화담숲주막,콜라
2023-01-14,0,1,Winter,1,0,1,화담숲주막,콜라
2023-01-15,0,1,Winter,1,0,1,화담숲주막,콜라
2023-01-16,0,1,Winter,0,0,0,화담숲주막,콜라
2023-01-17,0,1,Winter,0,0,0,화담숲주막,콜라
2023-01-18,0,1,Winter,0,0,0,화담숲주막,콜라
2023-01-19,0,1,Winter,0,0,0,화담숲주막,콜라
2023-01-20,0,1,Winter,0,0,0,화담숲주막,콜라
2023-01-21,0,1,Winter,1,1,1,화담숲주막,콜라
2023-01-22,0,1,Winter,1,1,1,화담숲주막,콜라
2023-01-23,0,1,Winter,0,1,1,화담숲주막,콜라
2023-01-24,0,1,Winter,0,1,1,화담숲주막,콜라
2023-01-25,0,1,Winter,0,0,0,화담숲주막,콜라
2023-01-26,0,1,Winter,0,0,0,화담숲주막,콜라
2023-01-27,0,1,Winter,0,0,0,화담숲주막,콜라
2023-01-28,0,1,Winter,1,0,1,화담숲주막,콜라
2023-01-29,0,1,Winter,1,0,1,화담숲주막,콜라
2023-01-30,0,1,Winter,0,0,0,화담숲주막,콜라
2023-01-31,0,1,Winter,0,0,0,화담숲주막,콜라
2023-02-01,0,2,Winter,0,0,0,화담숲주막,콜라
2023-02-02,0,2,Winter,0,0,0,화담숲주막,콜라
2023-02-03,0,2,Winter,0,0,0,화담숲주막,콜라
2023-02-04,0,2,Winter,1,0,1,화담숲주막,콜라
2023-02-05,0,2,Winter,1,0,1,화담숲주막,콜라
2023-02-06,0,2,Winter,0,0,0,화담숲주막,콜라
2023-02-07,0,2,Winter,0,0,0,화담숲주막,콜라
2023-02-08,0,2,Winter,0,0,0,화담숲주막,콜라
2023-02-09,0,2,Winter,0,0,0,화담숲주막,콜라
2023-02-10,0,2,Winter,0,0,0,화담숲주막,콜라
2023-02-11,0,2,Winter,1,0,1,화담숲주막,콜라
2023-02-12,0,2,Winter,1,0,1,화담숲주막,콜라
2023-02-13,0,2,Winter,0,0,0,화담숲주막,콜라
2023-02-14,0,2,Winter,0,0,0,화담숲주막,콜라
2023-02-15,0,2,Winter,0,0,0,화담숲주막,콜라
2023-02-16,0,2,Winter,0,0,0,화담숲주막,콜라
2023-02-17,0,2,Winter,0,0,0,화담숲주막,콜라
2023-02-18,0,2,Winter,1,0,1,화담숲주막,콜라
2023-02-19,0,2,Winter,1,0,1,화담숲주막,콜라
2023-02-20,0,2,Winter,0,0,0,화담숲주막,콜라
2023-02-21,0,2,Winter,0,0,0,화담숲주막,콜라
2023-02-22,0,2,Winter,0,0,0,화담숲주막,콜라
2023-02-23,0,2,Winter,0,0,0,화담숲주막,콜라
2023-02-24,0,2,Winter,0,0,0,화담숲주막,콜라
2023-02-25,0,2,Winter,1,0,1,화담숲주막,콜라
2023-02-26,0,2,Winter,1,0,1,화담숲주막,콜라
2023-02-27,0,2,Winter,0,0,0,화담숲주막,콜라
2023-02-28,0,2,Winter,0,0,0,화담숲주막,콜라
2023-03-01,0,3,Spring,0,1,1,화담숲주막,콜라
2023-03-02,0,3,Spring,0,0,0,화담숲주막,콜라
2023-03-03,0,3,Spring,0,0,0,화담숲주막,콜라
2023-03-04,0,3,Spring,1,0,1,화담숲주막,콜라
2023-03-05,0,3,Spring,1,0,1,화담숲주막,콜라
2023-03-06,0,3,Spring,0,0,0,화담숲주막,콜라
2023-03-07,0,3,Spring,0,0,0,화담숲주막,콜라
2023-03-08,0,3,Spring,0,0,0,화담숲주막,콜라
2023-03-09,0,3,Spring,0,0,0,화담숲주막,콜라
2023-03-10,0,3,Spring,0,0,0,화담숲주막,콜라
2023-03-11,0,3,Spring,1,0,1,화담숲주막,콜라
2023-03-12,0,3,Spring,1,0,1,화담숲주막,콜라
2023-03-13,0,3,Spring,0,0,0,화담숲주막,콜라
2023-03-14,0,3,Spring,0,0,0,화담숲주막,콜라
2023-03-15,0,3,Spring,0,0,0,화담숲주막,콜라
2023-03-16,0,3,Spring,0,0,0,화담숲주막,콜라
2023-03-17,0,3,Spring,0,0,0,화담숲주막,콜라
2023-03-18,0,3,Spring,1,0,1,화담숲주막,콜라
2023-03-19,0,3,Spring,1,0,1,화담숲주막,콜라
2023-03-20,0,3,Spring,0,0,0,화담숲주막,콜라
2023-03-21,0,3,Spring,0,0,0,화담숲주막,콜라
2023-03-22,0,3,Spring,0,0,0,화담숲주막,콜라
2023-03-23,0,3,Spring,0,0,0,화담숲주막,콜라
2023-03-24,0,3,Spring,0,0,0,화담숲주막,콜라
2023-03-25,0,3,Spring,1,0,1,화담숲주막,콜라
2023-03-26,0,3,Spring,1,0,1,화담숲주막,콜라
2023-03-27,0,3,Spring,0,0,0,화담숲주막,콜라
2023-03-28,0,3,Spring,0,0,0,화담숲주막,콜라
2023-03-29,0,3,Spring,0,0,0,화담숲주막,콜라
2023-03-30,0,3,Spring,0,0,0,화담숲주막,콜라
2023-03-31,88,3,Spring,0,0,0,화담숲주막,콜라
2023-04-01,169,4,Spring,1,0,1,화담숲주막,콜라
2023-04-02,136,4,Spring,1,0,1,화담숲주막,콜라
2023-04-03,0,4,Spring,0,0,0,화담숲주막,콜라
2023-04-04,97,4,Spring,0,0,0,화담숲주막,콜라
2023-04-05,10,4,Spring,0,0,0,화담숲주막,콜라
2023-04-06,33,4,Spring,0,0,0,화담숲주막,콜라
2023-04-07,89,4,Spring,0,0,0,화담숲주막,콜라
2023-04-08,132,4,Spring,1,0,1,화담숲주막,콜라
2023-04-09,109,4,Spring,1,0,1,화담숲주막,콜라
2023-04-10,0,4,Spring,0,0,0,화담숲주막,콜라
2023-04-11,9,4,Spring,0,0,0,화담숲주막,콜라
2023-04-12,26,4,Spring,0,0,0,화담숲주막,콜라
2023-04-13,54,4,Spring,0,0,0,화담숲주막,콜라
2023-04-14,72,4,Spring,0,0,0,화담숲주막,콜라
2023-04-15,25,4,Spring,1,0,1,화담숲주막,콜라
2023-04-16,68,4,Spring,1,0,1,화담숲주막,콜라
2023-04-17,0,4,Spring,0,0,0,화담숲주막,콜라
2023-04-18,12,4,Spring,0,0,0,화담숲주막,콜라
2023-04-19,25,4,Spring,0,0,0,화담숲주막,콜라
2023-04-20,13,4,Spring,0,0,0,화담숲주막,콜라
2023-04-21,62,4,Spring,0,0,0,화담숲주막,콜라
2023-04-22,100,4,Spring,1,0,1,화담숲주막,콜라
2023-04-23,104,4,Spring,1,0,1,화담숲주막,콜라
2023-04-24,0,4,Spring,0,0,0,화담숲주막,콜라
2023-04-25,9,4,Spring,0,0,0,화담숲주막,콜라
2023-04-26,7,4,Spring,0,0,0,화담숲주막,콜라
2023-04-27,16,4,Spring,0,0,0,화담숲주막,콜라
2023-04-28,32,4,Spring,0,0,0,화담숲주막,콜라
2023-04-29,23,4,Spring,1,0,1,화담숲주막,콜라
2023-04-30,89,4,Spring,1,0,1,화담숲주막,콜라
2023-05-01,49,5,Spring,0,0,0,화담숲주막,콜라
2023-05-02,12,5,Spring,0,0,0,화담숲주막,콜라
2023-05-03,18,5,Spring,0,0,0,화담숲주막,콜라
2023-05-04,16,5,Spring,0,0,0,화담숲주막,콜라
2023-05-05,15,5,Spring,0,1,1,화담숲주막,콜라
2023-05-06,18,5,Spring,1,0,1,화담숲주막,콜라
2023-05-07,30,5,Spring,1,0,1,화담숲주막,콜라
2023-05-08,0,5,Spring,0,0,0,화담숲주막,콜라
2023-05-09,9,5,Spring,0,0,0,화담숲주막,콜라
2023-05-10,11,5,Spring,0,0,0,화담숲주막,콜라
2023-05-11,18,5,Spring,0,0,0,화담숲주막,콜라
2023-05-12,14,5,Spring,0,0,0,화담숲주막,콜라
2023-05-13,51,5,Spring,1,0,1,화담숲주막,콜라
2023-05-14,55,5,Spring,1,0,1,화담숲주막,콜라
2023-05-15,0,5,Spring,0,0,0,화담숲주막,콜라
2023-05-16,11,5,Spring,0,0,0,화담숲주막,콜라
2023-05-17,7,5,Spring,0,0,0,화담숲주막,콜라
2023-05-18,3,5,Spring,0,0,0,화담숲주막,콜라
2023-05-19,26,5,Spring,0,0,0,화담숲주막,콜라
2023-05-20,46,5,Spring,1,0,1,화담숲주막,콜라
2023-05-21,24,5,Spring,1,0,1,화담숲주막,콜라
2023-05-22,0,5,Spring,0,0,0,화담숲주막,콜라
2023-05-23,7,5,Spring,0,0,0,화담숲주막,콜라
2023-05-24,11,5,Spring,0,0,0,화담숲주막,콜라
2023-05-25,22,5,Spring,0,0,0,화담숲주막,콜라
2023-05-26,7,5,Spring,0,0,0,화담숲주막,콜라
2023-05-27,18,5,Spring,1,1,1,화담숲주막,콜라
2023-05-28,8,5,Spring,1,0,1,화담숲주막,콜라
2023-05-29,18,5,Spring,0,1,1,화담숲주막,콜라
2023-05-30,16,5,Spring,0,0,0,화담숲주막,콜라
2023-05-31,5,5,Spring,0,0,0,화담숲주막,콜라
2023-06-01,11,6,Summer,0,0,0,화담숲주막,콜라
2023-06-02,2,6,Summer,0,0,0,화담숲주막,콜라
2023-06-03,23,6,Summer,1,0,1,화담숲주막,콜라
2023-06-04,50,6,Summer,1,0,1,화담숲주막,콜라
2023-06-05,23,6,Summer,0,0,0,화담숲주막,콜라
2023-06-06,70,6,Summer,0,1,1,화담숲주막,콜라
2023-06-07,8,6,Summer,0,0,0,화담숲주막,콜라
2023-06-08,6,6,Summer,0,0,0,화담숲주막,콜라
2023-06-09,6,6,Summer,0,0,0,화담숲주막,콜라
2023-06-10,24,6,Summer,1,0,1,화담숲주막,콜라
2023-06-11,8,6,Summer,1,0,1,화담숲주막,콜라
2023-06-12,0,6,Summer,0,0,0,화담숲주막,콜라
2023-06-13,7,6,Summer,0,0,0,화담숲주막,콜라
2023-06-14,9,6,Summer,0,0,0,화담숲주막,콜라
2023-06-15,9,6,Summer,0,0,0,화담숲주막,콜라
2023-06-16,7,6,Summer,0,0,0,화담숲주막,콜라
2023-06-17,35,6,Summer,1,0,1,화담숲주막,콜라
2023-06-18,26,6,Summer,1,0,1,화담숲주막,콜라
2023-06-19,0,6,Summer,0,0,0,화담숲주막,콜라
2023-06-20,2,6,Summer,0,0,0,화담숲주막,콜라
2023-06-21,0,6,Summer,0,0,0,화담숲주막,콜라
2023-06-22,5,6,Summer,0,0,0,화담숲주막,콜라
2023-06-23,16,6,Summer,0,0,0,화담숲주막,콜라
2023-06-24,16,6,Summer,1,0,1,화담숲주막,콜라
2023-06-25,24,6,Summer,1,0,1,화담숲주막,콜라
2023-06-26,0,6,Summer,0,0,0,화담숲주막,콜라
2023-06-27,7,6,Summer,0,0,0,화담숲주막,콜라
2023-06-28,3,6,Summer,0,0,0,화담숲주막,콜라
2023-06-29,3,6,Summer,0,0,0,화담숲주막,콜라
2023-06-30,16,6,Summer,0,0,0,화담숲주막,콜라
2023-07-01,28,7,Summer,1,0,1,화담숲주막,콜라
2023-07-02,7,7,Summer,1,0,1,화담숲주막,콜라
2023-07-03,0,7,Summer,0,0,0,화담숲주막,콜라
2023-07-04,0,7,Summer,0,0,0,화담숲주막,콜라
2023-07-05,2,7,Summer,0,0,0,화담숲주막,콜라
2023-07-06,2,7,Summer,0,0,0,화담숲주막,콜라
2023-07-07,3,7,Summer,0,0,0,화담숲주막,콜라
2023-07-08,22,7,Summer,1,0,1,화담숲주막,콜라
2023-07-09,8,7,Summer,1,0,1,화담숲주막,콜라
2023-07-10,0,7,Summer,0,0,0,화담숲주막,콜라
2023-07-11,0,7,Summer,0,0,0,화담숲주막,콜라
2023-07-12,0,7,Summer,0,0,0,화담숲주막,콜라
2023-07-13,1,7,Summer,0,0,0,화담숲주막,콜라
2023-07-14,0,7,Summer,0,0,0,화담숲주막,콜라
2023-07-15,6,7,Summer,1,0,1,화담숲주막,콜라
2023-07-16,8,7,Summer,1,0,1,화담숲주막,콜라
2023-07-17,0,7,Summer,0,0,0,화담숲주막,콜라
2023-07-18,4,7,Summer,0,0,0,화담숲주막,콜라
2023-07-19,2,7,Summer,0,0,0,화담숲주막,콜라
2023-07-20,5,7,Summer,0,0,0,화담숲주막,콜라
2023-07-21,1,7,Summer,0,0,0,화담숲주막,콜라
2023-07-22,7,7,Summer,1,0,1,화담숲주막,콜라
2023-07-23,0,7,Summer,1,0,1,화담숲주막,콜라
2023-07-24,0,7,Summer,0,0,0,화담숲주막,콜라
2023-07-25,3,7,Summer,0,0,0,화담숲주막,콜라
2023-07-26,5,7,Summer,0,0,0,화담숲주막,콜라
2023-07-27,2,7,Summer,0,0,0,화담숲주막,콜라
2023-07-28,5,7,Summer,0,0,0,화담숲주막,콜라
2023-07-29,7,7,Summer,1,0,1,화담숲주막,콜라
2023-07-30,4,7,Summer,1,0,1,화담숲주막,콜라
2023-07-31,0,7,Summer,0,0,0,화담숲주막,콜라
2023-08-01,7,8,Summer,0,0,0,화담숲주막,콜라
2023-08-02,2,8,Summer,0,0,0,화담숲주막,콜라
2023-08-03,7,8,Summer,0,0,0,화담숲주막,콜라
2023-08-04,4,8,Summer,0,0,0,화담숲주막,콜라
2023-08-05,7,8,Summer,1,0,1,화담숲주막,콜라
2023-08-06,5,8,Summer,1,0,1,화담숲주막,콜라
2023-08-07,0,8,Summer,0,0,0,화담숲주막,콜라
2023-08-08,7,8,Summer,0,0,0,화담숲주막,콜라
2023-08-09,7,8,Summer,0,0,0,화담숲주막,콜라
2023-08-10,0,8,Summer,0,0,0,화담숲주막,콜라
2023-08-11,2,8,Summer,0,0,0,화담숲주막,콜라
2023-08-12,8,8,Summer,1,0,1,화담숲주막,콜라
2023-08-13,15,8,Summer,1,0,1,화담숲주막,콜라
2023-08-14,11,8,Summer,0,0,0,화담숲주막,콜라
2023-08-15,25,8,Summer,0,1,1,화담숲주막,콜라
2023-08-16,1,8,Summer,0,0,0,화담숲주막,콜라
2023-08-17,2,8,Summer,0,0,0,화담숲주막,콜라
2023-08-18,3,8,Summer,0,0,0,화담숲주막,콜라
2023-08-19,12,8,Summer,1,0,1,화담숲주막,콜라
2023-08-20,7,8,Summer,1,0,1,화담숲주막,콜라
2023-08-21,0,8,Summer,0,0,0,화담숲주막,콜라
2023-08-22,0,8,Summer,0,0,0,화담숲주막,콜라
2023-08-23,1,8,Summer,0,0,0,화담숲주막,콜라
2023-08-24,0,8,Summer,0,0,0,화담숲주막,콜라
2023-08-25,1,8,Summer,0,0,0,화담숲주막,콜라
2023-08-26,22,8,Summer,1,0,1,화담숲주막,콜라
2023-08-27,22,8,Summer,1,0,1,화담숲주막,콜라
2023-08-28,0,8,Summer,0,0,0,화담숲주막,콜라
2023-08-29,0,8,Summer,0,0,0,화담숲주막,콜라
2023-08-30,5,8,Summer,0,0,0,화담숲주막,콜라
2023-08-31,1,8,Summer,0,0,0,화담숲주막,콜라
2023-09-01,6,9,Autumn,0,0,0,화담숲주막,콜라
2023-09-02,32,9,Autumn,1,0,1,화담숲주막,콜라
2023-09-03,34,9,Autumn,1,0,1,화담숲주막,콜라
2023-09-04,0,9,Autumn,0,0,0,화담숲주막,콜라
2023-09-05,8,9,Autumn,0,0,0,화담숲주막,콜라
2023-09-06,4,9,Autumn,0,0,0,화담숲주막,콜라
2023-09-07,5,9,Autumn,0,0,0,화담숲주막,콜라
2023-09-08,45,9,Autumn,0,0,0,화담숲주막,콜라
2023-09-09,31,9,Autumn,1,0,1,화담숲주막,콜라
2023-09-10,31,9,Autumn,1,0,1,화담숲주막,콜라
2023-09-11,0,9,Autumn,0,0,0,화담숲주막,콜라
2023-09-12,8,9,Autumn,0,0,0,화담숲주막,콜라
2023-09-13,3,9,Autumn,0,0,0,화담숲주막,콜라
2023-09-14,7,9,Autumn,0,0,0,화담숲주막,콜라
2023-09-15,10,9,Autumn,0,0,0,화담숲주막,콜라
2023-09-16,27,9,Autumn,1,0,1,화담숲주막,콜라
2023-09-17,15,9,Autumn,1,0,1,화담숲주막,콜라
2023-09-18,0,9,Autumn,0,0,0,화담숲주막,콜라
2023-09-19,6,9,Autumn,0,0,0,화담숲주막,콜라
2023-09-20,1,9,Autumn,0,0,0,화담숲주막,콜라
2023-09-21,11,9,Autumn,0,0,0,화담숲주막,콜라
2023-09-22,14,9,Autumn,0,0,0,화담숲주막,콜라
2023-09-23,74,9,Autumn,1,0,1,화담숲주막,콜라
2023-09-24,76,9,Autumn,1,0,1,화담숲주막,콜라
2023-09-25,0,9,Autumn,0,0,0,화담숲주막,콜라
2023-09-26,5,9,Autumn,0,0,0,화담숲주막,콜라
2023-09-27,8,9,Autumn,0,0,0,화담숲주막,콜라
2023-09-28,86,9,Autumn,0,1,1,화담숲주막,콜라
2023-09-29,116,9,Autumn,0,1,1,화담숲주막,콜라
2023-09-30,98,9,Autumn,1,1,1,화담숲주막,콜라
2023-10-01,112,10,Autumn,1,0,1,화담숲주막,콜라
2023-10-02,94,10,Autumn,0,1,1,화담숲주막,콜라
2023-10-03,80,10,Autumn,0,1,1,화담숲주막,콜라
2023-10-04,15,10,Autumn,0,0,0,화담숲주막,콜라
2023-10-05,22,10,Autumn,0,0,0,화담숲주막,콜라
2023-10-06,16,10,Autumn,0,0,0,화담숲주막,콜라
2023-10-07,111,10,Autumn,1,0,1,화담숲주막,콜라
2023-10-08,120,10,Autumn,1,0,1,화담숲주막,콜라
2023-10-09,89,10,Autumn,0,1,1,화담숲주막,콜라
2023-10-10,61,10,Autumn,0,0,0,화담숲주막,콜라
2023-10-11,47,10,Autumn,0,0,0,화담숲주막,콜라
2023-10-12,37,10,Autumn,0,0,0,화담숲주막,콜라
2023-10-13,78,10,Autumn,0,0,0,화담숲주막,콜라
2023-10-14,75,10,Autumn,1,0,1,화담숲주막,콜라
2023-10-15,89,10,Autumn,1,0,1,화담숲주막,콜라
2023-10-16,0,10,Autumn,0,0,0,화담숲주막,콜라
2023-10-17,97,10,Autumn,0,0,0,화담숲주막,콜라
2023-10-18,68,10,Autumn,0,0,0,화담숲주막,콜라
2023-10-19,59,10,Autumn,0,0,0,화담숲주막,콜라
2023-10-20,67,10,Autumn,0,0,0,화담숲주막,콜라
2023-10-21,97,10,Autumn,1,0,1,화담숲주막,콜라
2023-10-22,106,10,Autumn,1,0,1,화담숲주막,콜라
2023-10-23,102,10,Autumn,0,0,0,화담숲주막,콜라
2023-10-24,97,10,Autumn,0,0,0,화담숲주막,콜라
2023-10-25,111,10,Autumn,0,0,0,화담숲주막,콜라
2023-10-26,108,10,Autumn,0,0,0,화담숲주막,콜라
2023-10-27,105,10,Autumn,0,0,0,화담숲주막,콜라
2023-10-28,138,10,Autumn,1,0,1,화담숲주막,콜라
2023-10-29,153,10,Autumn,1,0,1,화담숲주막,콜라
2023-10-30,137,10,Autumn,0,0,0,화담숲주막,콜라
2023-10-31,164,10,Autumn,0,0,0,화담숲주막,콜라
2023-11-01,109,11,Autumn,0,0,0,화담숲주막,콜라
2023-11-02,190,11,Autumn,0,0,0,화담숲주막,콜라
2023-11-03,134,11,Autumn,0,0,0,화담숲주막,콜라
2023-11-04,166,11,Autumn,1,0,1,화담숲주막,콜라
2023-11-05,103,11,Autumn,1,0,1,화담숲주막,콜라
2023-11-06,70,11,Autumn,0,0,0,화담숲주막,콜라
2023-11-07,48,11,Autumn,0,0,0,화담숲주막,콜라
2023-11-08,98,11,Autumn,0,0,0,화담숲주막,콜라
2023-11-09,88,11,Autumn,0,0,0,화담숲주막,콜라
2023-11-10,62,11,Autumn,0,0,0,화담숲주막,콜라
2023-11-11,77,11,Autumn,1,0,1,화담숲주막,콜라
2023-11-12,76,11,Autumn,1,0,1,화담숲주막,콜라
2023-11-13,39,11,Autumn,0,0,0,화담숲주막,콜라
2023-11-14,24,11,Autumn,0,0,0,화담숲주막,콜라
2023-11-15,27,11,Autumn,0,0,0,화담숲주막,콜라
2023-11-16,10,11,Autumn,0,0,0,화담숲주막,콜라
2023-11-17,16,11,Autumn,0,0,0,화담숲주막,콜라
2023-11-18,29,11,Autumn,1,0,1,화담숲주막,콜라
2023-11-19,36,11,Autumn,1,0,1,화담숲주막,콜라
2023-11-20,0,11,Autumn,0,0,0,화담숲주막,콜라
2023-11-21,14,11,Autumn,0,0,0,화담숲주막,콜라
2023-11-22,1,11,Autumn,0,0,0,화담숲주막,콜라
2023-11-23,12,11,Autumn,0,0,0,화담숲주막,콜라
2023-11-24,5,11,Autumn,0,0,0,화담숲주막,콜라
2023-11-25,41,11,Autumn,1,0,1,화담숲주막,콜라
2023-11-26,25,11,Autumn,1,0,1,화담숲주막,콜라
2023-11-27,0,11,Autumn,0,0,0,화담숲주막,콜라
2023-11-28,0,11,Autumn,0,0,0,화담숲주막,콜라
2023-11-29,0,11,Autumn,0,0,0,화담숲주막,콜라
2023-11-30,0,11,Autumn,0,0,0,화담숲주막,콜라
2023-12-01,0,12,Winter,0,0,0,화담숲주막,콜라
2023-12-02,0,12,Winter,1,0,1,화담숲주막,콜라
2023-12-03,0,12,Winter,1,0,1,화담숲주막,콜라
2023-12-04,0,12,Winter,0,0,0,화담숲주막,콜라
2023-12-05,0,12,Winter,0,0,0,화담숲주막,콜라
2023-12-06,0,12,Winter,0,0,0,화담숲주막,콜라
2023-12-07,0,12,Winter,0,0,0,화담숲주막,콜라
2023-12-08,0,12,Winter,0,0,0,화담숲주막,콜라
2023-12-09,0,12,Winter,1,0,1,화담숲주막,콜라
2023-12-10,0,12,Winter,1,0,1,화담숲주막,콜라
2023-12-11,0,12,Winter,0,0,0,화담숲주막,콜라
2023-12-12,0,12,Winter,0,0,0,화담숲주막,콜라
2023-12-13,0,12,Winter,0,0,0,화담숲주막,콜라
2023-12-14,0,12,Winter,0,0,0,화담숲주막,콜라
2023-12-15,0,12,Winter,0,0,0,화담숲주막,콜라
2023-12-16,0,12,Winter,1,0,1,화담숲주막,콜라
2023-12-17,0,12,Winter,1,0,1,화담숲주막,콜라
2023-12-18,0,12,Winter,0,0,0,화담숲주막,콜라
2023-12-19,0,12,Winter,0,0,0,화담숲주막,콜라
2023-12-20,0,12,Winter,0,0,0,화담숲주막,콜라
2023-12-21,0,12,Winter,0,0,0,화담숲주막,콜라
2023-12-22,0,12,Winter,0,0,0,화담숲주막,콜라
2023-12-23,0,12,Winter,1,0,1,화담숲주막,콜라
2023-12-24,0,12,Winter,1,0,1,화담숲주막,콜라
2023-12-25,0,12,Winter,0,1,1,화담숲주막,콜라
2023-12-26,0,12,Winter,0,0,0,화담숲주막,콜라
2023-12-27,0,12,Winter,0,0,0,화담숲주막,콜라
2023-12-28,0,12,Winter,0,0,0,화담숲주막,콜라
2023-12-29,0,12,Winter,0,0,0,화담숲주막,콜라
2023-12-30,0,12,Winter,1,0,1,화담숲주막,콜라
2023-12-31,0,12,Winter,1,0,1,화담숲주막,콜라
2024-01-01,0,1,Winter,0,1,1,화담숲주막,콜라
2024-01-02,0,1,Winter,0,0,0,화담숲주막,콜라
2024-01-03,0,1,Winter,0,0,0,화담숲주막,콜라
2024-01-04,0,1,Winter,0,0,0,화담숲주막,콜라
2024-01-05,0,1,Winter,0,0,0,화담숲주막,콜라
2024-01-06,0,1,Winter,1,0,1,화담숲주막,콜라
2024-01-07,0,1,Winter,1,0,1,화담숲주막,콜라
2024-01-08,0,1,Winter,0,0,0,화담숲주막,콜라
2024-01-09,0,1,Winter,0,0,0,화담숲주막,콜라
2024-01-10,0,1,Winter,0,0,0,화담숲주막,콜라
2024-01-11,0,1,Winter,0,0,0,화담숲주막,콜라
2024-01-12,0,1,Winter,0,0,0,화담숲주막,콜라
2024-01-13,0,1,Winter,1,0,1,화담숲주막,콜라
2024-01-14,0,1,Winter,1,0,1,화담숲주막,콜라
2024-01-15,0,1,Winter,0,0,0,화담숲주막,콜라
2024-01-16,0,1,Winter,0,0,0,화담숲주막,콜라
2024-01-17,0,1,Winter,0,0,0,화담숲주막,콜라
2024-01-18,0,1,Winter,0,0,0,화담숲주막,콜라
2024-01-19,0,1,Winter,0,0,0,화담숲주막,콜라
2024-01-20,0,1,Winter,1,0,1,화담숲주막,콜라
2024-01-21,0,1,Winter,1,0,1,화담숲주막,콜라
2024-01-22,0,1,Winter,0,0,0,화담숲주막,콜라
2024-01-23,0,1,Winter,0,0,0,화담숲주막,콜라
2024-01-24,0,1,Winter,0,0,0,화담숲주막,콜라
2024-01-25,0,1,Winter,0,0,0,화담숲주막,콜라
2024-01-26,0,1,Winter,0,0,0,화담숲주막,콜라
2024-01-27,0,1,Winter,1,0,1,화담숲주막,콜라
2024-01-28,0,1,Winter,1,0,1,화담숲주막,콜라
2024-01-29,0,1,Winter,0,0,0,화담숲주막,콜라
2024-01-30,0,1,Winter,0,0,0,화담숲주막,콜라
2024-01-31,0,1,Winter,0,0,0,화담숲주막,콜라
2024-02-01,0,2,Winter,0,0,0,화담숲주막,콜라
2024-02-02,0,2,Winter,0,0,0,화담숲주막,콜라
2024-02-03,0,2,Winter,1,0,1,화담숲주막,콜라
2024-02-04,0,2,Winter,1,0,1,화담숲주막,콜라
2024-02-05,0,2,Winter,0,0,0,화담숲주막,콜라
2024-02-06,0,2,Winter,0,0,0,화담숲주막,콜라
2024-02-07,0,2,Winter,0,0,0,화담숲주막,콜라
2024-02-08,0,2,Winter,0,0,0,화담숲주막,콜라
2024-02-09,0,2,Winter,0,1,1,화담숲주막,콜라
2024-02-10,0,2,Winter,1,1,1,화담숲주막,콜라
2024-02-11,0,2,Winter,1,1,1,화담숲주막,콜라
2024-02-12,0,2,Winter,0,1,1,화담숲주막,콜라
2024-02-13,0,2,Winter,0,0,0,화담숲주막,콜라
2024-02-14,0,2,Winter,0,0,0,화담숲주막,콜라
2024-02-15,0,2,Winter,0,0,0,화담숲주막,콜라
2024-02-16,0,2,Winter,0,0,0,화담숲주막,콜라
2024-02-17,0,2,Winter,1,0,1,화담숲주막,콜라
2024-02-18,0,2,Winter,1,0,1,화담숲주막,콜라
2024-02-19,0,2,Winter,0,0,0,화담숲주막,콜라
2024-02-20,0,2,Winter,0,0,0,화담숲주막,콜라
2024-02-21,0,2,Winter,0,0,0,화담숲주막,콜라
2024-02-22,0,2,Winter,0,0,0,화담숲주막,콜라
2024-02-23,0,2,Winter,0,0,0,화담숲주막,콜라
2024-02-24,0,2,Winter,1,0,1,화담숲주막,콜라
2024-02-25,0,2,Winter,1,0,1,화담숲주막,콜라
2024-02-26,0,2,Winter,0,0,0,화담숲주막,콜라
2024-02-27,0,2,Winter,0,0,0,화담숲주막,콜라
2024-02-28,0,2,Winter,0,0,0,화담숲주막,콜라
2024-02-29,0,2,Winter,0,0,0,화담숲주막,콜라
2024-03-01,0,3,Spring,0,1,1,화담숲주막,콜라
2024-03-02,0,3,Spring,1,0,1,화담숲주막,콜라
2024-03-03,0,3,Spring,1,0,1,화담숲주막,콜라
2024-03-04,0,3,Spring,0,0,0,화담숲주막,콜라
2024-03-05,0,3,Spring,0,0,0,화담숲주막,콜라
2024-03-06,0,3,Spring,0,0,0,화담숲주막,콜라
2024-03-07,0,3,Spring,0,0,0,화담숲주막,콜라
2024-03-08,0,3,Spring,0,0,0,화담숲주막,콜라
2024-03-09,0,3,Spring,1,0,1,화담숲주막,콜라
2024-03-10,0,3,Spring,1,0,1,화담숲주막,콜라
2024-03-11,0,3,Spring,0,0,0,화담숲주막,콜라
2024-03-12,0,3,Spring,0,0,0,화담숲주막,콜라
2024-03-13,0,3,Spring,0,0,0,화담숲주막,콜라
2024-03-14,0,3,Spring,0,0,0,화담숲주막,콜라
2024-03-15,0,3,Spring,0,0,0,화담숲주막,콜라
2024-03-16,0,3,Spring,1,0,1,화담숲주막,콜라
2024-03-17,0,3,Spring,1,0,1,화담숲주막,콜라
2024-03-18,0,3,Spring,0,0,0,화담숲주막,콜라
2024-03-19,0,3,Spring,0,0,0,화담숲주막,콜라
2024-03-20,0,3,Spring,0,0,0,화담숲주막,콜라
2024-03-21,0,3,Spring,0,0,0,화담숲주막,콜라
2024-03-22,0,3,Spring,0,0,0,화담숲주막,콜라
2024-03-23,0,3,Spring,1,0,1,화담숲주막,콜라
2024-03-24,0,3,Spring,1,0,1,화담숲주막,콜라
2024-03-25,0,3,Spring,0,0,0,화담숲주막,콜라
2024-03-26,0,3,Spring,0,0,0,화담숲주막,콜라
2024-03-27,0,3,Spring,0,0,0,화담숲주막,콜라
2024-03-28,0,3,Spring,0,0,0,화담숲주막,콜라
2024-03-29,37,3,Spring,0,0,0,화담숲주막,콜라
2024-03-30,86,3,Spring,1,0,1,화담숲주막,콜라
2024-03-31,81,3,Spring,1,0,1,화담숲주막,콜라
2024-04-01,0,4,Spring,0,0,0,화담숲주막,콜라
2024-04-02,95,4,Spring,0,0,0,화담숲주막,콜라
2024-04-03,31,4,Spring,0,0,0,화담숲주막,콜라
2024-04-04,68,4,Spring,0,0,0,화담숲주막,콜라
2024-04-05,75,4,Spring,0,0,0,화담숲주막,콜라
2024-04-06,122,4,Spring,1,0,1,화담숲주막,콜라
2024-04-07,143,4,Spring,1,0,1,화담숲주막,콜라
2024-04-08,0,4,Spring,0,0,0,화담숲주막,콜라
2024-04-09,90,4,Spring,0,0,0,화담숲주막,콜라
2024-04-10,142,4,Spring,0,1,1,화담숲주막,콜라
2024-04-11,91,4,Spring,0,0,0,화담숲주막,콜라
2024-04-12,117,4,Spring,0,0,0,화담숲주막,콜라
2024-04-13,131,4,Spring,1,0,1,화담숲주막,콜라
2024-04-14,114,4,Spring,1,0,1,화담숲주막,콜라
2024-04-15,0,4,Spring,0,0,0,화담숲주막,콜라
2024-04-16,44,4,Spring,0,0,0,화담숲주막,콜라
2024-04-17,34,4,Spring,0,0,0,화담숲주막,콜라
2024-04-18,37,4,Spring,0,0,0,화담숲주막,콜라
2024-04-19,51,4,Spring,0,0,0,화담숲주막,콜라
2024-04-20,31,4,Spring,1,0,1,화담숲주막,콜라
2024-04-21,70,4,Spring,1,0,1,화담숲주막,콜라
2024-04-22,0,4,Spring,0,0,0,화담숲주막,콜라
2024-04-23,35,4,Spring,0,0,0,화담숲주막,콜라
2024-04-24,4,4,Spring,0,0,0,화담숲주막,콜라
2024-04-25,15,4,Spring,0,0,0,화담숲주막,콜라
2024-04-26,28,4,Spring,0,0,0,화담숲주막,콜라
2024-04-27,76,4,Spring,1,0,1,화담숲주막,콜라
2024-04-28,94,4,Spring,1,0,1,화담숲주막,콜라
2024-04-29,0,4,Spring,0,0,0,화담숲주막,콜라
2024-04-30,11,4,Spring,0,0,0,화담숲주막,콜라
2024-05-01,48,5,Spring,0,0,0,화담숲주막,콜라
2024-05-02,15,5,Spring,0,0,0,화담숲주막,콜라
2024-05-03,17,5,Spring,0,0,0,화담숲주막,콜라
2024-05-04,75,5,Spring,1,0,1,화담숲주막,콜라
2024-05-05,26,5,Spring,1,1,1,화담숲주막,콜라
2024-05-06,4,5,Spring,0,1,1,화담숲주막,콜라
2024-05-07,2,5,Spring,0,0,0,화담숲주막,콜라
2024-05-08,15,5,Spring,0,0,0,화담숲주막,콜라
2024-05-09,5,5,Spring,0,0,0,화담숲주막,콜라
2024-05-10,7,5,Spring,0,0,0,화담숲주막,콜라
2024-05-11,37,5,Spring,1,0,1,화담숲주막,콜라
2024-05-12,30,5,Spring,1,0,1,화담숲주막,콜라
2024-05-13,0,5,Spring,0,0,0,화담숲주막,콜라
2024-05-14,12,5,Spring,0,0,0,화담숲주막,콜라
2024-05-15,17,5,Spring,0,1,1,화담숲주막,콜라
2024-05-16,13,5,Spring,0,0,0,화담숲주막,콜라
2024-05-17,5,5,Spring,0,0,0,화담숲주막,콜라
2024-05-18,48,5,Spring,1,0,1,화담숲주막,콜라
2024-05-19,33,5,Spring,1,0,1,화담숲주막,콜라
2024-05-20,0,5,Spring,0,0,0,화담숲주막,콜라
2024-05-21,13,5,Spring,0,0,0,화담숲주막,콜라
2024-05-22,12,5,Spring,0,0,0,화담숲주막,콜라
2024-05-23,10,5,Spring,0,0,0,화담숲주막,콜라
2024-05-24,11,5,Spring,0,0,0,화담숲주막,콜라
2024-05-25,30,5,Spring,1,0,1,화담숲주막,콜라
2024-05-26,17,5,Spring,1,0,1,화담숲주막,콜라
2024-05-27,0,5,Spring,0,0,0,화담숲주막,콜라
2024-05-28,9,5,Spring,0,0,0,화담숲주막,콜라
2024-05-29,4,5,Spring,0,0,0,화담숲주막,콜라
2024-05-30,4,5,Spring,0,0,0,화담숲주막,콜라
2024-05-31,22,5,Spring,0,0,0,화담숲주막,콜라
2024-06-01,36,6,Summer,1,0,1,화담숲주막,콜라
2024-06-02,21,6,Summer,1,0,1,화담숲주막,콜라
2024-06-03,0,6,Summer,0,0,0,화담숲주막,콜라
2024-06-04,12,6,Summer,0,0,0,화담숲주막,콜라
2024-06-05,5,6,Summer,0,0,0,화담숲주막,콜라
2024-06-06,48,6,Summer,0,1,1,화담숲주막,콜라
2024-06-07,30,6,Summer,0,0,0,화담숲주막,콜라
2024-06-08,25,6,Summer,1,0,1,화담숲주막,콜라
2024-06-09,31,6,Summer,1,0,1,화담숲주막,콜라
2024-06-10,0,6,Summer,0,0,0,화담숲주막,콜라
2024-06-11,2,6,Summer,0,0,0,화담숲주막,콜라
2024-06-12,13,6,Summer,0,0,0,화담숲주막,콜라
2024-06-13,2,6,Summer,0,0,0,화담숲주막,콜라
2024-06-14,6,6,Summer,0,0,0,화담숲주막,콜라
2024-06-15,21,6,Summer,1,0,1,화담숲주막,콜라
2023-01-01,0,1,Winter,1,1,1,화담숲주막,해물파전
2023-01-02,0,1,Winter,0,0,0,화담숲주막,해물파전
2023-01-03,0,1,Winter,0,0,0,화담숲주막,해물파전
2023-01-04,0,1,Winter,0,0,0,화담숲주막,해물파전
2023-01-05,0,1,Winter,0,0,0,화담숲주막,해물파전
2023-01-06,0,1,Winter,0,0,0,화담숲주막,해물파전
2023-01-07,0,1,Winter,1,0,1,화담숲주막,해물파전
2023-01-08,0,1,Winter,1,0,1,화담숲주막,해물파전
2023-01-09,0,1,Winter,0,0,0,화담숲주막,해물파전
2023-01-10,0,1,Winter,0,0,0,화담숲주막,해물파전
2023-01-11,0,1,Winter,0,0,0,화담숲주막,해물파전
2023-01-12,0,1,Winter,0,0,0,화담숲주막,해물파전
2023-01-13,0,1,Winter,0,0,0,화담숲주막,해물파전
2023-01-14,0,1,Winter,1,0,1,화담숲주막,해물파전
2023-01-15,0,1,Winter,1,0,1,화담숲주막,해물파전
2023-01-16,0,1,Winter,0,0,0,화담숲주막,해물파전
2023-01-17,0,1,Winter,0,0,0,화담숲주막,해물파전
2023-01-18,0,1,Winter,0,0,0,화담숲주막,해물파전
2023-01-19,0,1,Winter,0,0,0,화담숲주막,해물파전
2023-01-20,0,1,Winter,0,0,0,화담숲주막,해물파전
2023-01-21,0,1,Winter,1,1,1,화담숲주막,해물파전
2023-01-22,0,1,Winter,1,1,1,화담숲주막,해물파전
2023-01-23,0,1,Winter,0,1,1,화담숲주막,해물파전
2023-01-24,0,1,Winter,0,1,1,화담숲주막,해물파전
2023-01-25,0,1,Winter,0,0,0,화담숲주막,해물파전
2023-01-26,0,1,Winter,0,0,0,화담숲주막,해물파전
2023-01-27,0,1,Winter,0,0,0,화담숲주막,해물파전
2023-01-28,0,1,Winter,1,0,1,화담숲주막,해물파전
2023-01-29,0,1,Winter,1,0,1,화담숲주막,해물파전
2023-01-30,0,1,Winter,0,0,0,화담숲주막,해물파전
2023-01-31,0,1,Winter,0,0,0,화담숲주막,해물파전
2023-02-01,0,2,Winter,0,0,0,화담숲주막,해물파전
2023-02-02,0,2,Winter,0,0,0,화담숲주막,해물파전
2023-02-03,0,2,Winter,0,0,0,화담숲주막,해물파전
2023-02-04,0,2,Winter,1,0,1,화담숲주막,해물파전
2023-02-05,0,2,Winter,1,0,1,화담숲주막,해물파전
2023-02-06,0,2,Winter,0,0,0,화담숲주막,해물파전
2023-02-07,0,2,Winter,0,0,0,화담숲주막,해물파전
2023-02-08,0,2,Winter,0,0,0,화담숲주막,해물파전
2023-02-09,0,2,Winter,0,0,0,화담숲주막,해물파전
2023-02-10,0,2,Winter,0,0,0,화담숲주막,해물파전
2023-02-11,0,2,Winter,1,0,1,화담숲주막,해물파전
2023-02-12,0,2,Winter,1,0,1,화담숲주막,해물파전
2023-02-13,0,2,Winter,0,0,0,화담숲주막,해물파전
2023-02-14,0,2,Winter,0,0,0,화담숲주막,해물파전
2023-02-15,0,2,Winter,0,0,0,화담숲주막,해물파전
2023-02-16,0,2,Winter,0,0,0,화담숲주막,해물파전
2023-02-17,0,2,Winter,0,0,0,화담숲주막,해물파전
2023-02-18,0,2,Winter,1,0,1,화담숲주막,해물파전
2023-02-19,0,2,Winter,1,0,1,화담숲주막,해물파전
2023-02-20,0,2,Winter,0,0,0,화담숲주막,해물파전
2023-02-21,0,2,Winter,0,0,0,화담숲주막,해물파전
2023-02-22,0,2,Winter,0,0,0,화담숲주막,해물파전
2023-02-23,0,2,Winter,0,0,0,화담숲주막,해물파전
2023-02-24,0,2,Winter,0,0,0,화담숲주막,해물파전
2023-02-25,0,2,Winter,1,0,1,화담숲주막,해물파전
2023-02-26,0,2,Winter,1,0,1,화담숲주막,해물파전
2023-02-27,0,2,Winter,0,0,0,화담숲주막,해물파전
2023-02-28,0,2,Winter,0,0,0,화담숲주막,해물파전
2023-03-01,0,3,Spring,0,1,1,화담숲주막,해물파전
2023-03-02,0,3,Spring,0,0,0,화담숲주막,해물파전
2023-03-03,0,3,Spring,0,0,0,화담숲주막,해물파전
2023-03-04,0,3,Spring,1,0,1,화담숲주막,해물파전
2023-03-05,0,3,Spring,1,0,1,화담숲주막,해물파전
2023-03-06,0,3,Spring,0,0,0,화담숲주막,해물파전
2023-03-07,0,3,Spring,0,0,0,화담숲주막,해물파전
2023-03-08,0,3,Spring,0,0,0,화담숲주막,해물파전
2023-03-09,0,3,Spring,0,0,0,화담숲주막,해물파전
2023-03-10,0,3,Spring,0,0,0,화담숲주막,해물파전
2023-03-11,0,3,Spring,1,0,1,화담숲주막,해물파전
2023-03-12,0,3,Spring,1,0,1,화담숲주막,해물파전
2023-03-13,0,3,Spring,0,0,0,화담숲주막,해물파전
2023-03-14,0,3,Spring,0,0,0,화담숲주막,해물파전
2023-03-15,0,3,Spring,0,0,0,화담숲주막,해물파전
2023-03-16,0,3,Spring,0,0,0,화담숲주막,해물파전
2023-03-17,0,3,Spring,0,0,0,화담숲주막,해물파전
2023-03-18,0,3,Spring,1,0,1,화담숲주막,해물파전
2023-03-19,0,3,Spring,1,0,1,화담숲주막,해물파전
2023-03-20,0,3,Spring,0,0,0,화담숲주막,해물파전
2023-03-21,0,3,Spring,0,0,0,화담숲주막,해물파전
2023-03-22,0,3,Spring,0,0,0,화담숲주막,해물파전
2023-03-23,0,3,Spring,0,0,0,화담숲주막,해물파전
2023-03-24,0,3,Spring,0,0,0,화담숲주막,해물파전
2023-03-25,0,3,Spring,1,0,1,화담숲주막,해물파전
2023-03-26,0,3,Spring,1,0,1,화담숲주막,해물파전
2023-03-27,0,3,Spring,0,0,0,화담숲주막,해물파전
2023-03-28,0,3,Spring,0,0,0,화담숲주막,해물파전
2023-03-29,0,3,Spring,0,0,0,화담숲주막,해물파전
2023-03-30,0,3,Spring,0,0,0,화담숲주막,해물파전
2023-03-31,436,3,Spring,0,0,0,화담숲주막,해물파전
2023-04-01,578,4,Spring,1,0,1,화담숲주막,해물파전
2023-04-02,647,4,Spring,1,0,1,화담숲주막,해물파전
2023-04-03,0,4,Spring,0,0,0,화담숲주막,해물파전
2023-04-04,426,4,Spring,0,0,0,화담숲주막,해물파전
2023-04-05,60,4,Spring,0,0,0,화담숲주막,해물파전
2023-04-06,181,4,Spring,0,0,0,화담숲주막,해물파전
2023-04-07,436,4,Spring,0,0,0,화담숲주막,해물파전
2023-04-08,563,4,Spring,1,0,1,화담숲주막,해물파전
2023-04-09,574,4,Spring,1,0,1,화담숲주막,해물파전
2023-04-10,0,4,Spring,0,0,0,화담숲주막,해물파전
2023-04-11,124,4,Spring,0,0,0,화담숲주막,해물파전
2023-04-12,288,4,Spring,0,0,0,화담숲주막,해물파전
2023-04-13,290,4,Spring,0,0,0,화담숲주막,해물파전
2023-04-14,327,4,Spring,0,0,0,화담숲주막,해물파전
2023-04-15,228,4,Spring,1,0,1,화담숲주막,해물파전
2023-04-16,370,4,Spring,1,0,1,화담숲주막,해물파전
2023-04-17,0,4,Spring,0,0,0,화담숲주막,해물파전
2023-04-18,86,4,Spring,0,0,0,화담숲주막,해물파전
2023-04-19,175,4,Spring,0,0,0,화담숲주막,해물파전
2023-04-20,132,4,Spring,0,0,0,화담숲주막,해물파전
2023-04-21,213,4,Spring,0,0,0,화담숲주막,해물파전
2023-04-22,498,4,Spring,1,0,1,화담숲주막,해물파전
2023-04-23,465,4,Spring,1,0,1,화담숲주막,해물파전
2023-04-24,0,4,Spring,0,0,0,화담숲주막,해물파전
2023-04-25,98,4,Spring,0,0,0,화담숲주막,해물파전
2023-04-26,132,4,Spring,0,0,0,화담숲주막,해물파전
2023-04-27,150,4,Spring,0,0,0,화담숲주막,해물파전
2023-04-28,146,4,Spring,0,0,0,화담숲주막,해물파전
2023-04-29,194,4,Spring,1,0,1,화담숲주막,해물파전
2023-04-30,426,4,Spring,1,0,1,화담숲주막,해물파전
2023-05-01,300,5,Spring,0,0,0,화담숲주막,해물파전
2023-05-02,98,5,Spring,0,0,0,화담숲주막,해물파전
2023-05-03,79,5,Spring,0,0,0,화담숲주막,해물파전
2023-05-04,97,5,Spring,0,0,0,화담숲주막,해물파전
2023-05-05,90,5,Spring,0,1,1,화담숲주막,해물파전
2023-05-06,141,5,Spring,1,0,1,화담숲주막,해물파전
2023-05-07,239,5,Spring,1,0,1,화담숲주막,해물파전
2023-05-08,0,5,Spring,0,0,0,화담숲주막,해물파전
2023-05-09,68,5,Spring,0,0,0,화담숲주막,해물파전
2023-05-10,71,5,Spring,0,0,0,화담숲주막,해물파전
2023-05-11,96,5,Spring,0,0,0,화담숲주막,해물파전
2023-05-12,100,5,Spring,0,0,0,화담숲주막,해물파전
2023-05-13,312,5,Spring,1,0,1,화담숲주막,해물파전
2023-05-14,247,5,Spring,1,0,1,화담숲주막,해물파전
2023-05-15,0,5,Spring,0,0,0,화담숲주막,해물파전
2023-05-16,101,5,Spring,0,0,0,화담숲주막,해물파전
2023-05-17,64,5,Spring,0,0,0,화담숲주막,해물파전
2023-05-18,55,5,Spring,0,0,0,화담숲주막,해물파전
2023-05-19,123,5,Spring,0,0,0,화담숲주막,해물파전
2023-05-20,277,5,Spring,1,0,1,화담숲주막,해물파전
2023-05-21,218,5,Spring,1,0,1,화담숲주막,해물파전
2023-05-22,0,5,Spring,0,0,0,화담숲주막,해물파전
2023-05-23,110,5,Spring,0,0,0,화담숲주막,해물파전
2023-05-24,69,5,Spring,0,0,0,화담숲주막,해물파전
2023-05-25,64,5,Spring,0,0,0,화담숲주막,해물파전
2023-05-26,65,5,Spring,0,0,0,화담숲주막,해물파전
2023-05-27,214,5,Spring,1,1,1,화담숲주막,해물파전
2023-05-28,111,5,Spring,1,0,1,화담숲주막,해물파전
2023-05-29,126,5,Spring,0,1,1,화담숲주막,해물파전
2023-05-30,49,5,Spring,0,0,0,화담숲주막,해물파전
2023-05-31,38,5,Spring,0,0,0,화담숲주막,해물파전
2023-06-01,48,6,Summer,0,0,0,화담숲주막,해물파전
2023-06-02,78,6,Summer,0,0,0,화담숲주막,해물파전
2023-06-03,223,6,Summer,1,0,1,화담숲주막,해물파전
2023-06-04,256,6,Summer,1,0,1,화담숲주막,해물파전
2023-06-05,192,6,Summer,0,0,0,화담숲주막,해물파전
2023-06-06,324,6,Summer,0,1,1,화담숲주막,해물파전
2023-06-07,79,6,Summer,0,0,0,화담숲주막,해물파전
2023-06-08,62,6,Summer,0,0,0,화담숲주막,해물파전
2023-06-09,89,6,Summer,0,0,0,화담숲주막,해물파전
2023-06-10,186,6,Summer,1,0,1,화담숲주막,해물파전
2023-06-11,156,6,Summer,1,0,1,화담숲주막,해물파전
2023-06-12,0,6,Summer,0,0,0,화담숲주막,해물파전
2023-06-13,86,6,Summer,0,0,0,화담숲주막,해물파전
2023-06-14,113,6,Summer,0,0,0,화담숲주막,해물파전
2023-06-15,89,6,Summer,0,0,0,화담숲주막,해물파전
2023-06-16,88,6,Summer,0,0,0,화담숲주막,해물파전
2023-06-17,203,6,Summer,1,0,1,화담숲주막,해물파전
2023-06-18,195,6,Summer,1,0,1,화담숲주막,해물파전
2023-06-19,0,6,Summer,0,0,0,화담숲주막,해물파전
2023-06-20,50,6,Summer,0,0,0,화담숲주막,해물파전
2023-06-21,53,6,Summer,0,0,0,화담숲주막,해물파전
2023-06-22,85,6,Summer,0,0,0,화담숲주막,해물파전
2023-06-23,101,6,Summer,0,0,0,화담숲주막,해물파전
2023-06-24,177,6,Summer,1,0,1,화담숲주막,해물파전
2023-06-25,158,6,Summer,1,0,1,화담숲주막,해물파전
2023-06-26,0,6,Summer,0,0,0,화담숲주막,해물파전
2023-06-27,44,6,Summer,0,0,0,화담숲주막,해물파전
2023-06-28,33,6,Summer,0,0,0,화담숲주막,해물파전
2023-06-29,17,6,Summer,0,0,0,화담숲주막,해물파전
2023-06-30,42,6,Summer,0,0,0,화담숲주막,해물파전
2023-07-01,129,7,Summer,1,0,1,화담숲주막,해물파전
2023-07-02,84,7,Summer,1,0,1,화담숲주막,해물파전
2023-07-03,0,7,Summer,0,0,0,화담숲주막,해물파전
2023-07-04,18,7,Summer,0,0,0,화담숲주막,해물파전
2023-07-05,28,7,Summer,0,0,0,화담숲주막,해물파전
2023-07-06,37,7,Summer,0,0,0,화담숲주막,해물파전
2023-07-07,35,7,Summer,0,0,0,화담숲주막,해물파전
2023-07-08,141,7,Summer,1,0,1,화담숲주막,해물파전
2023-07-09,62,7,Summer,1,0,1,화담숲주막,해물파전
2023-07-10,0,7,Summer,0,0,0,화담숲주막,해물파전
2023-07-11,20,7,Summer,0,0,0,화담숲주막,해물파전
2023-07-12,14,7,Summer,0,0,0,화담숲주막,해물파전
2023-07-13,7,7,Summer,0,0,0,화담숲주막,해물파전
2023-07-14,22,7,Summer,0,0,0,화담숲주막,해물파전
2023-07-15,41,7,Summer,1,0,1,화담숲주막,해물파전
2023-07-16,44,7,Summer,1,0,1,화담숲주막,해물파전
2023-07-17,0,7,Summer,0,0,0,화담숲주막,해물파전
2023-07-18,21,7,Summer,0,0,0,화담숲주막,해물파전
2023-07-19,12,7,Summer,0,0,0,화담숲주막,해물파전
2023-07-20,11,7,Summer,0,0,0,화담숲주막,해물파전
2023-07-21,20,7,Summer,0,0,0,화담숲주막,해물파전
2023-07-22,55,7,Summer,1,0,1,화담숲주막,해물파전
2023-07-23,21,7,Summer,1,0,1,화담숲주막,해물파전
2023-07-24,0,7,Summer,0,0,0,화담숲주막,해물파전
2023-07-25,39,7,Summer,0,0,0,화담숲주막,해물파전
2023-07-26,27,7,Summer,0,0,0,화담숲주막,해물파전
2023-07-27,24,7,Summer,0,0,0,화담숲주막,해물파전
2023-07-28,27,7,Summer,0,0,0,화담숲주막,해물파전
2023-07-29,54,7,Summer,1,0,1,화담숲주막,해물파전
2023-07-30,45,7,Summer,1,0,1,화담숲주막,해물파전
2023-07-31,0,7,Summer,0,0,0,화담숲주막,해물파전
2023-08-01,37,8,Summer,0,0,0,화담숲주막,해물파전
2023-08-02,33,8,Summer,0,0,0,화담숲주막,해물파전
2023-08-03,33,8,Summer,0,0,0,화담숲주막,해물파전
2023-08-04,27,8,Summer,0,0,0,화담숲주막,해물파전
2023-08-05,42,8,Summer,1,0,1,화담숲주막,해물파전
2023-08-06,23,8,Summer,1,0,1,화담숲주막,해물파전
2023-08-07,0,8,Summer,0,0,0,화담숲주막,해물파전
2023-08-08,30,8,Summer,0,0,0,화담숲주막,해물파전
2023-08-09,26,8,Summer,0,0,0,화담숲주막,해물파전
2023-08-10,0,8,Summer,0,0,0,화담숲주막,해물파전
2023-08-11,21,8,Summer,0,0,0,화담숲주막,해물파전
2023-08-12,82,8,Summer,1,0,1,화담숲주막,해물파전
2023-08-13,100,8,Summer,1,0,1,화담숲주막,해물파전
2023-08-14,44,8,Summer,0,0,0,화담숲주막,해물파전
2023-08-15,88,8,Summer,0,1,1,화담숲주막,해물파전
2023-08-16,17,8,Summer,0,0,0,화담숲주막,해물파전
2023-08-17,17,8,Summer,0,0,0,화담숲주막,해물파전
2023-08-18,15,8,Summer,0,0,0,화담숲주막,해물파전
2023-08-19,47,8,Summer,1,0,1,화담숲주막,해물파전
2023-08-20,42,8,Summer,1,0,1,화담숲주막,해물파전
2023-08-21,0,8,Summer,0,0,0,화담숲주막,해물파전
2023-08-22,10,8,Summer,0,0,0,화담숲주막,해물파전
2023-08-23,6,8,Summer,0,0,0,화담숲주막,해물파전
2023-08-24,16,8,Summer,0,0,0,화담숲주막,해물파전
2023-08-25,29,8,Summer,0,0,0,화담숲주막,해물파전
2023-08-26,113,8,Summer,1,0,1,화담숲주막,해물파전
2023-08-27,85,8,Summer,1,0,1,화담숲주막,해물파전
2023-08-28,0,8,Summer,0,0,0,화담숲주막,해물파전
2023-08-29,18,8,Summer,0,0,0,화담숲주막,해물파전
2023-08-30,24,8,Summer,0,0,0,화담숲주막,해물파전
2023-08-31,27,8,Summer,0,0,0,화담숲주막,해물파전
2023-09-01,37,9,Autumn,0,0,0,화담숲주막,해물파전
2023-09-02,178,9,Autumn,1,0,1,화담숲주막,해물파전
2023-09-03,115,9,Autumn,1,0,1,화담숲주막,해물파전
2023-09-04,0,9,Autumn,0,0,0,화담숲주막,해물파전
2023-09-05,30,9,Autumn,0,0,0,화담숲주막,해물파전
2023-09-06,27,9,Autumn,0,0,0,화담숲주막,해물파전
2023-09-07,28,9,Autumn,0,0,0,화담숲주막,해물파전
2023-09-08,35,9,Autumn,0,0,0,화담숲주막,해물파전
2023-09-09,137,9,Autumn,1,0,1,화담숲주막,해물파전
2023-09-10,144,9,Autumn,1,0,1,화담숲주막,해물파전
2023-09-11,0,9,Autumn,0,0,0,화담숲주막,해물파전
2023-09-12,33,9,Autumn,0,0,0,화담숲주막,해물파전
2023-09-13,28,9,Autumn,0,0,0,화담숲주막,해물파전
2023-09-14,56,9,Autumn,0,0,0,화담숲주막,해물파전
2023-09-15,39,9,Autumn,0,0,0,화담숲주막,해물파전
2023-09-16,107,9,Autumn,1,0,1,화담숲주막,해물파전
2023-09-17,107,9,Autumn,1,0,1,화담숲주막,해물파전
2023-09-18,0,9,Autumn,0,0,0,화담숲주막,해물파전
2023-09-19,54,9,Autumn,0,0,0,화담숲주막,해물파전
2023-09-20,39,9,Autumn,0,0,0,화담숲주막,해물파전
2023-09-21,67,9,Autumn,0,0,0,화담숲주막,해물파전
2023-09-22,82,9,Autumn,0,0,0,화담숲주막,해물파전
2023-09-23,275,9,Autumn,1,0,1,화담숲주막,해물파전
2023-09-24,277,9,Autumn,1,0,1,화담숲주막,해물파전
2023-09-25,0,9,Autumn,0,0,0,화담숲주막,해물파전
2023-09-26,39,9,Autumn,0,0,0,화담숲주막,해물파전
2023-09-27,39,9,Autumn,0,0,0,화담숲주막,해물파전
2023-09-28,309,9,Autumn,0,1,1,화담숲주막,해물파전
2023-09-29,408,9,Autumn,0,1,1,화담숲주막,해물파전
2023-09-30,392,9,Autumn,1,1,1,화담숲주막,해물파전
2023-10-01,425,10,Autumn,1,0,1,화담숲주막,해물파전
2023-10-02,448,10,Autumn,0,1,1,화담숲주막,해물파전
2023-10-03,408,10,Autumn,0,1,1,화담숲주막,해물파전
2023-10-04,106,10,Autumn,0,0,0,화담숲주막,해물파전
2023-10-05,95,10,Autumn,0,0,0,화담숲주막,해물파전
2023-10-06,149,10,Autumn,0,0,0,화담숲주막,해물파전
2023-10-07,523,10,Autumn,1,0,1,화담숲주막,해물파전
2023-10-08,549,10,Autumn,1,0,1,화담숲주막,해물파전
2023-10-09,537,10,Autumn,0,1,1,화담숲주막,해물파전
2023-10-10,257,10,Autumn,0,0,0,화담숲주막,해물파전
2023-10-11,250,10,Autumn,0,0,0,화담숲주막,해물파전
2023-10-12,280,10,Autumn,0,0,0,화담숲주막,해물파전
2023-10-13,396,10,Autumn,0,0,0,화담숲주막,해물파전
2023-10-14,443,10,Autumn,1,0,1,화담숲주막,해물파전
2023-10-15,559,10,Autumn,1,0,1,화담숲주막,해물파전
2023-10-16,0,10,Autumn,0,0,0,화담숲주막,해물파전
2023-10-17,523,10,Autumn,0,0,0,화담숲주막,해물파전
2023-10-18,557,10,Autumn,0,0,0,화담숲주막,해물파전
2023-10-19,415,10,Autumn,0,0,0,화담숲주막,해물파전
2023-10-20,558,10,Autumn,0,0,0,화담숲주막,해물파전
2023-10-21,626,10,Autumn,1,0,1,화담숲주막,해물파전
2023-10-22,625,10,Autumn,1,0,1,화담숲주막,해물파전
2023-10-23,616,10,Autumn,0,0,0,화담숲주막,해물파전
2023-10-24,560,10,Autumn,0,0,0,화담숲주막,해물파전
2023-10-25,631,10,Autumn,0,0,0,화담숲주막,해물파전
2023-10-26,576,10,Autumn,0,0,0,화담숲주막,해물파전
2023-10-27,641,10,Autumn,0,0,0,화담숲주막,해물파전
2023-10-28,692,10,Autumn,1,0,1,화담숲주막,해물파전
2023-10-29,664,10,Autumn,1,0,1,화담숲주막,해물파전
2023-10-30,633,10,Autumn,0,0,0,화담숲주막,해물파전
2023-10-31,677,10,Autumn,0,0,0,화담숲주막,해물파전
2023-11-01,617,11,Autumn,0,0,0,화담숲주막,해물파전
2023-11-02,645,11,Autumn,0,0,0,화담숲주막,해물파전
2023-11-03,628,11,Autumn,0,0,0,화담숲주막,해물파전
2023-11-04,695,11,Autumn,1,0,1,화담숲주막,해물파전
2023-11-05,625,11,Autumn,1,0,1,화담숲주막,해물파전
2023-11-06,465,11,Autumn,0,0,0,화담숲주막,해물파전
2023-11-07,586,11,Autumn,0,0,0,화담숲주막,해물파전
2023-11-08,623,11,Autumn,0,0,0,화담숲주막,해물파전
2023-11-09,592,11,Autumn,0,0,0,화담숲주막,해물파전
2023-11-10,497,11,Autumn,0,0,0,화담숲주막,해물파전
2023-11-11,513,11,Autumn,1,0,1,화담숲주막,해물파전
2023-11-12,518,11,Autumn,1,0,1,화담숲주막,해물파전
2023-11-13,292,11,Autumn,0,0,0,화담숲주막,해물파전
2023-11-14,351,11,Autumn,0,0,0,화담숲주막,해물파전
2023-11-15,263,11,Autumn,0,0,0,화담숲주막,해물파전
2023-11-16,141,11,Autumn,0,0,0,화담숲주막,해물파전
2023-11-17,142,11,Autumn,0,0,0,화담숲주막,해물파전
2023-11-18,254,11,Autumn,1,0,1,화담숲주막,해물파전
2023-11-19,259,11,Autumn,1,0,1,화담숲주막,해물파전
2023-11-20,0,11,Autumn,0,0,0,화담숲주막,해물파전
2023-11-21,80,11,Autumn,0,0,0,화담숲주막,해물파전
2023-11-22,42,11,Autumn,0,0,0,화담숲주막,해물파전
2023-11-23,62,11,Autumn,0,0,0,화담숲주막,해물파전
2023-11-24,22,11,Autumn,0,0,0,화담숲주막,해물파전
2023-11-25,134,11,Autumn,1,0,1,화담숲주막,해물파전
2023-11-26,130,11,Autumn,1,0,1,화담숲주막,해물파전
2023-11-27,0,11,Autumn,0,0,0,화담숲주막,해물파전
2023-11-28,0,11,Autumn,0,0,0,화담숲주막,해물파전
2023-11-29,0,11,Autumn,0,0,0,화담숲주막,해물파전
2023-11-30,0,11,Autumn,0,0,0,화담숲주막,해물파전
2023-12-01,0,12,Winter,0,0,0,화담숲주막,해물파전
2023-12-02,0,12,Winter,1,0,1,화담숲주막,해물파전
2023-12-03,0,12,Winter,1,0,1,화담숲주막,해물파전
2023-12-04,0,12,Winter,0,0,0,화담숲주막,해물파전
2023-12-05,0,12,Winter,0,0,0,화담숲주막,해물파전
2023-12-06,0,12,Winter,0,0,0,화담숲주막,해물파전
2023-12-07,0,12,Winter,0,0,0,화담숲주막,해물파전
2023-12-08,0,12,Winter,0,0,0,화담숲주막,해물파전
2023-12-09,0,12,Winter,1,0,1,화담숲주막,해물파전
2023-12-10,0,12,Winter,1,0,1,화담숲주막,해물파전
2023-12-11,0,12,Winter,0,0,0,화담숲주막,해물파전
2023-12-12,0,12,Winter,0,0,0,화담숲주막,해물파전
2023-12-13,0,12,Winter,0,0,0,화담숲주막,해물파전
2023-12-14,0,12,Winter,0,0,0,화담숲주막,해물파전
2023-12-15,0,12,Winter,0,0,0,화담숲주막,해물파전
2023-12-16,0,12,Winter,1,0,1,화담숲주막,해물파전
2023-12-17,0,12,Winter,1,0,1,화담숲주막,해물파전
2023-12-18,0,12,Winter,0,0,0,화담숲주막,해물파전
2023-12-19,0,12,Winter,0,0,0,화담숲주막,해물파전
2023-12-20,0,12,Winter,0,0,0,화담숲주막,해물파전
2023-12-21,0,12,Winter,0,0,0,화담숲주막,해물파전
2023-12-22,0,12,Winter,0,0,0,화담숲주막,해물파전
2023-12-23,0,12,Winter,1,0,1,화담숲주막,해물파전
2023-12-24,0,12,Winter,1,0,1,화담숲주막,해물파전
2023-12-25,0,12,Winter,0,1,1,화담숲주막,해물파전
2023-12-26,0,12,Winter,0,0,0,화담숲주막,해물파전
2023-12-27,0,12,Winter,0,0,0,화담숲주막,해물파전
2023-12-28,0,12,Winter,0,0,0,화담숲주막,해물파전
2023-12-29,0,12,Winter,0,0,0,화담숲주막,해물파전
2023-12-30,0,12,Winter,1,0,1,화담숲주막,해물파전
2023-12-31,0,12,Winter,1,0,1,화담숲주막,해물파전
2024-01-01,0,1,Winter,0,1,1,화담숲주막,해물파전
2024-01-02,0,1,Winter,0,0,0,화담숲주막,해물파전
2024-01-03,0,1,Winter,0,0,0,화담숲주막,해물파전
2024-01-04,0,1,Winter,0,0,0,화담숲주막,해물파전
2024-01-05,0,1,Winter,0,0,0,화담숲주막,해물파전
2024-01-06,0,1,Winter,1,0,1,화담숲주막,해물파전
2024-01-07,0,1,Winter,1,0,1,화담숲주막,해물파전
2024-01-08,0,1,Winter,0,0,0,화담숲주막,해물파전
2024-01-09,0,1,Winter,0,0,0,화담숲주막,해물파전
2024-01-10,0,1,Winter,0,0,0,화담숲주막,해물파전
2024-01-11,0,1,Winter,0,0,0,화담숲주막,해물파전
2024-01-12,0,1,Winter,0,0,0,화담숲주막,해물파전
2024-01-13,0,1,Winter,1,0,1,화담숲주막,해물파전
2024-01-14,0,1,Winter,1,0,1,화담숲주막,해물파전
2024-01-15,0,1,Winter,0,0,0,화담숲주막,해물파전
2024-01-16,0,1,Winter,0,0,0,화담숲주막,해물파전
2024-01-17,0,1,Winter,0,0,0,화담숲주막,해물파전
2024-01-18,0,1,Winter,0,0,0,화담숲주막,해물파전
2024-01-19,0,1,Winter,0,0,0,화담숲주막,해물파전
2024-01-20,0,1,Winter,1,0,1,화담숲주막,해물파전
2024-01-21,0,1,Winter,1,0,1,화담숲주막,해물파전
2024-01-22,0,1,Winter,0,0,0,화담숲주막,해물파전
2024-01-23,0,1,Winter,0,0,0,화담숲주막,해물파전
2024-01-24,0,1,Winter,0,0,0,화담숲주막,해물파전
2024-01-25,0,1,Winter,0,0,0,화담숲주막,해물파전
2024-01-26,0,1,Winter,0,0,0,화담숲주막,해물파전
2024-01-27,0,1,Winter,1,0,1,화담숲주막,해물파전
2024-01-28,0,1,Winter,1,0,1,화담숲주막,해물파전
2024-01-29,0,1,Winter,0,0,0,화담숲주막,해물파전
2024-01-30,0,1,Winter,0,0,0,화담숲주막,해물파전
2024-01-31,0,1,Winter,0,0,0,화담숲주막,해물파전
2024-02-01,0,2,Winter,0,0,0,화담숲주막,해물파전
2024-02-02,0,2,Winter,0,0,0,화담숲주막,해물파전
2024-02-03,0,2,Winter,1,0,1,화담숲주막,해물파전
2024-02-04,0,2,Winter,1,0,1,화담숲주막,해물파전
2024-02-05,0,2,Winter,0,0,0,화담숲주막,해물파전
2024-02-06,0,2,Winter,0,0,0,화담숲주막,해물파전
2024-02-07,0,2,Winter,0,0,0,화담숲주막,해물파전
2024-02-08,0,2,Winter,0,0,0,화담숲주막,해물파전
2024-02-09,0,2,Winter,0,1,1,화담숲주막,해물파전
2024-02-10,0,2,Winter,1,1,1,화담숲주막,해물파전
2024-02-11,0,2,Winter,1,1,1,화담숲주막,해물파전
2024-02-12,0,2,Winter,0,1,1,화담숲주막,해물파전
2024-02-13,0,2,Winter,0,0,0,화담숲주막,해물파전
2024-02-14,0,2,Winter,0,0,0,화담숲주막,해물파전
2024-02-15,0,2,Winter,0,0,0,화담숲주막,해물파전
2024-02-16,0,2,Winter,0,0,0,화담숲주막,해물파전
2024-02-17,0,2,Winter,1,0,1,화담숲주막,해물파전
2024-02-18,0,2,Winter,1,0,1,화담숲주막,해물파전
2024-02-19,0,2,Winter,0,0,0,화담숲주막,해물파전
2024-02-20,0,2,Winter,0,0,0,화담숲주막,해물파전
2024-02-21,0,2,Winter,0,0,0,화담숲주막,해물파전
2024-02-22,0,2,Winter,0,0,0,화담숲주막,해물파전
2024-02-23,0,2,Winter,0,0,0,화담숲주막,해물파전
2024-02-24,0,2,Winter,1,0,1,화담숲주막,해물파전
2024-02-25,0,2,Winter,1,0,1,화담숲주막,해물파전
2024-02-26,0,2,Winter,0,0,0,화담숲주막,해물파전
2024-02-27,0,2,Winter,0,0,0,화담숲주막,해물파전
2024-02-28,0,2,Winter,0,0,0,화담숲주막,해물파전
2024-02-29,0,2,Winter,0,0,0,화담숲주막,해물파전
2024-03-01,0,3,Spring,0,1,1,화담숲주막,해물파전
2024-03-02,0,3,Spring,1,0,1,화담숲주막,해물파전
2024-03-03,0,3,Spring,1,0,1,화담숲주막,해물파전
2024-03-04,0,3,Spring,0,0,0,화담숲주막,해물파전
2024-03-05,0,3,Spring,0,0,0,화담숲주막,해물파전
2024-03-06,0,3,Spring,0,0,0,화담숲주막,해물파전
2024-03-07,0,3,Spring,0,0,0,화담숲주막,해물파전
2024-03-08,0,3,Spring,0,0,0,화담숲주막,해물파전
2024-03-09,0,3,Spring,1,0,1,화담숲주막,해물파전
2024-03-10,0,3,Spring,1,0,1,화담숲주막,해물파전
2024-03-11,0,3,Spring,0,0,0,화담숲주막,해물파전
2024-03-12,0,3,Spring,0,0,0,화담숲주막,해물파전
2024-03-13,0,3,Spring,0,0,0,화담숲주막,해물파전
2024-03-14,0,3,Spring,0,0,0,화담숲주막,해물파전
2024-03-15,0,3,Spring,0,0,0,화담숲주막,해물파전
2024-03-16,0,3,Spring,1,0,1,화담숲주막,해물파전
2024-03-17,0,3,Spring,1,0,1,화담숲주막,해물파전
2024-03-18,0,3,Spring,0,0,0,화담숲주막,해물파전
2024-03-19,0,3,Spring,0,0,0,화담숲주막,해물파전
2024-03-20,0,3,Spring,0,0,0,화담숲주막,해물파전
2024-03-21,0,3,Spring,0,0,0,화담숲주막,해물파전
2024-03-22,0,3,Spring,0,0,0,화담숲주막,해물파전
2024-03-23,0,3,Spring,1,0,1,화담숲주막,해물파전
2024-03-24,0,3,Spring,1,0,1,화담숲주막,해물파전
2024-03-25,0,3,Spring,0,0,0,화담숲주막,해물파전
2024-03-26,0,3,Spring,0,0,0,화담숲주막,해물파전
2024-03-27,0,3,Spring,0,0,0,화담숲주막,해물파전
2024-03-28,0,3,Spring,0,0,0,화담숲주막,해물파전
2024-03-29,221,3,Spring,0,0,0,화담숲주막,해물파전
2024-03-30,471,3,Spring,1,0,1,화담숲주막,해물파전
2024-03-31,481,3,Spring,1,0,1,화담숲주막,해물파전
2024-04-01,0,4,Spring,0,0,0,화담숲주막,해물파전
2024-04-02,361,4,Spring,0,0,0,화담숲주막,해물파전
2024-04-03,247,4,Spring,0,0,0,화담숲주막,해물파전
2024-04-04,473,4,Spring,0,0,0,화담숲주막,해물파전
2024-04-05,518,4,Spring,0,0,0,화담숲주막,해물파전
2024-04-06,592,4,Spring,1,0,1,화담숲주막,해물파전
2024-04-07,517,4,Spring,1,0,1,화담숲주막,해물파전
2024-04-08,0,4,Spring,0,0,0,화담숲주막,해물파전
2024-04-09,557,4,Spring,0,0,0,화담숲주막,해물파전
2024-04-10,613,4,Spring,0,1,1,화담숲주막,해물파전
2024-04-11,521,4,Spring,0,0,0,화담숲주막,해물파전
2024-04-12,488,4,Spring,0,0,0,화담숲주막,해물파전
2024-04-13,510,4,Spring,1,0,1,화담숲주막,해물파전
2024-04-14,464,4,Spring,1,0,1,화담숲주막,해물파전
2024-04-15,0,4,Spring,0,0,0,화담숲주막,해물파전
2024-04-16,338,4,Spring,0,0,0,화담숲주막,해물파전
2024-04-17,313,4,Spring,0,0,0,화담숲주막,해물파전
2024-04-18,268,4,Spring,0,0,0,화담숲주막,해물파전
2024-04-19,313,4,Spring,0,0,0,화담숲주막,해물파전
2024-04-20,270,4,Spring,1,0,1,화담숲주막,해물파전
2024-04-21,447,4,Spring,1,0,1,화담숲주막,해물파전
2024-04-22,0,4,Spring,0,0,0,화담숲주막,해물파전
2024-04-23,214,4,Spring,0,0,0,화담숲주막,해물파전
2024-04-24,103,4,Spring,0,0,0,화담숲주막,해물파전
2024-04-25,198,4,Spring,0,0,0,화담숲주막,해물파전
2024-04-26,197,4,Spring,0,0,0,화담숲주막,해물파전
2024-04-27,408,4,Spring,1,0,1,화담숲주막,해물파전
2024-04-28,419,4,Spring,1,0,1,화담숲주막,해물파전
2024-04-29,0,4,Spring,0,0,0,화담숲주막,해물파전
2024-04-30,148,4,Spring,0,0,0,화담숲주막,해물파전
2024-05-01,384,5,Spring,0,0,0,화담숲주막,해물파전
2024-05-02,116,5,Spring,0,0,0,화담숲주막,해물파전
2024-05-03,124,5,Spring,0,0,0,화담숲주막,해물파전
2024-05-04,372,5,Spring,1,0,1,화담숲주막,해물파전
2024-05-05,152,5,Spring,1,1,1,화담숲주막,해물파전
2024-05-06,93,5,Spring,0,1,1,화담숲주막,해물파전
2024-05-07,55,5,Spring,0,0,0,화담숲주막,해물파전
2024-05-08,83,5,Spring,0,0,0,화담숲주막,해물파전
2024-05-09,79,5,Spring,0,0,0,화담숲주막,해물파전
2024-05-10,78,5,Spring,0,0,0,화담숲주막,해물파전
2024-05-11,240,5,Spring,1,0,1,화담숲주막,해물파전
2024-05-12,247,5,Spring,1,0,1,화담숲주막,해물파전
2024-05-13,0,5,Spring,0,0,0,화담숲주막,해물파전
2024-05-14,112,5,Spring,0,0,0,화담숲주막,해물파전
2024-05-15,187,5,Spring,0,1,1,화담숲주막,해물파전
2024-05-16,106,5,Spring,0,0,0,화담숲주막,해물파전
2024-05-17,86,5,Spring,0,0,0,화담숲주막,해물파전
2024-05-18,259,5,Spring,1,0,1,화담숲주막,해물파전
2024-05-19,181,5,Spring,1,0,1,화담숲주막,해물파전
2024-05-20,0,5,Spring,0,0,0,화담숲주막,해물파전
2024-05-21,89,5,Spring,0,0,0,화담숲주막,해물파전
2024-05-22,72,5,Spring,0,0,0,화담숲주막,해물파전
2024-05-23,85,5,Spring,0,0,0,화담숲주막,해물파전
2024-05-24,91,5,Spring,0,0,0,화담숲주막,해물파전
2024-05-25,218,5,Spring,1,0,1,화담숲주막,해물파전
2024-05-26,147,5,Spring,1,0,1,화담숲주막,해물파전
2024-05-27,0,5,Spring,0,0,0,화담숲주막,해물파전
2024-05-28,61,5,Spring,0,0,0,화담숲주막,해물파전
2024-05-29,43,5,Spring,0,0,0,화담숲주막,해물파전
2024-05-30,64,5,Spring,0,0,0,화담숲주막,해물파전
2024-05-31,98,5,Spring,0,0,0,화담숲주막,해물파전
2024-06-01,228,6,Summer,1,0,1,화담숲주막,해물파전
2024-06-02,178,6,Summer,1,0,1,화담숲주막,해물파전
2024-06-03,0,6,Summer,0,0,0,화담숲주막,해물파전
2024-06-04,53,6,Summer,0,0,0,화담숲주막,해물파전
2024-06-05,65,6,Summer,0,0,0,화담숲주막,해물파전
2024-06-06,276,6,Summer,0,1,1,화담숲주막,해물파전
2024-06-07,171,6,Summer,0,0,0,화담숲주막,해물파전
2024-06-08,141,6,Summer,1,0,1,화담숲주막,해물파전
2024-06-09,152,6,Summer,1,0,1,화담숲주막,해물파전
2024-06-10,0,6,Summer,0,0,0,화담숲주막,해물파전
2024-06-11,55,6,Summer,0,0,0,화담숲주막,해물파전
2024-06-12,62,6,Summer,0,0,0,화담숲주막,해물파전
2024-06-13,75,6,Summer,0,0,0,화담숲주막,해물파전
2024-06-14,69,6,Summer,0,0,0,화담숲주막,해물파전
2024-06-15,150,6,Summer,1,0,1,화담숲주막,해물파전
