영업일자,매출수량,month,season,is_weekend,is_holiday,is_day_off,영업장명,메뉴명
2023-01-01,0,1,Winter,1,1,1,화담숲카페,메밀미숫가루
2023-01-02,0,1,Winter,0,0,0,화담숲카페,메밀미숫가루
2023-01-03,0,1,Winter,0,0,0,화담숲카페,메밀미숫가루
2023-01-04,0,1,Winter,0,0,0,화담숲카페,메밀미숫가루
2023-01-05,0,1,Winter,0,0,0,화담숲카페,메밀미숫가루
2023-01-06,0,1,Winter,0,0,0,화담숲카페,메밀미숫가루
2023-01-07,0,1,Winter,1,0,1,화담숲카페,메밀미숫가루
2023-01-08,0,1,Winter,1,0,1,화담숲카페,메밀미숫가루
2023-01-09,0,1,Winter,0,0,0,화담숲카페,메밀미숫가루
2023-01-10,0,1,Winter,0,0,0,화담숲카페,메밀미숫가루
2023-01-11,0,1,Winter,0,0,0,화담숲카페,메밀미숫가루
2023-01-12,0,1,Winter,0,0,0,화담숲카페,메밀미숫가루
2023-01-13,0,1,Winter,0,0,0,화담숲카페,메밀미숫가루
2023-01-14,0,1,Winter,1,0,1,화담숲카페,메밀미숫가루
2023-01-15,0,1,Winter,1,0,1,화담숲카페,메밀미숫가루
2023-01-16,0,1,Winter,0,0,0,화담숲카페,메밀미숫가루
2023-01-17,0,1,Winter,0,0,0,화담숲카페,메밀미숫가루
2023-01-18,0,1,Winter,0,0,0,화담숲카페,메밀미숫가루
2023-01-19,0,1,Winter,0,0,0,화담숲카페,메밀미숫가루
2023-01-20,0,1,Winter,0,0,0,화담숲카페,메밀미숫가루
2023-01-21,0,1,Winter,1,1,1,화담숲카페,메밀미숫가루
2023-01-22,0,1,Winter,1,1,1,화담숲카페,메밀미숫가루
2023-01-23,0,1,Winter,0,1,1,화담숲카페,메밀미숫가루
2023-01-24,0,1,Winter,0,1,1,화담숲카페,메밀미숫가루
2023-01-25,0,1,Winter,0,0,0,화담숲카페,메밀미숫가루
2023-01-26,0,1,Winter,0,0,0,화담숲카페,메밀미숫가루
2023-01-27,0,1,Winter,0,0,0,화담숲카페,메밀미숫가루
2023-01-28,0,1,Winter,1,0,1,화담숲카페,메밀미숫가루
2023-01-29,0,1,Winter,1,0,1,화담숲카페,메밀미숫가루
2023-01-30,0,1,Winter,0,0,0,화담숲카페,메밀미숫가루
2023-01-31,0,1,Winter,0,0,0,화담숲카페,메밀미숫가루
2023-02-01,0,2,Winter,0,0,0,화담숲카페,메밀미숫가루
2023-02-02,0,2,Winter,0,0,0,화담숲카페,메밀미숫가루
2023-02-03,0,2,Winter,0,0,0,화담숲카페,메밀미숫가루
2023-02-04,0,2,Winter,1,0,1,화담숲카페,메밀미숫가루
2023-02-05,0,2,Winter,1,0,1,화담숲카페,메밀미숫가루
2023-02-06,0,2,Winter,0,0,0,화담숲카페,메밀미숫가루
2023-02-07,0,2,Winter,0,0,0,화담숲카페,메밀미숫가루
2023-02-08,0,2,Winter,0,0,0,화담숲카페,메밀미숫가루
2023-02-09,0,2,Winter,0,0,0,화담숲카페,메밀미숫가루
2023-02-10,0,2,Winter,0,0,0,화담숲카페,메밀미숫가루
2023-02-11,0,2,Winter,1,0,1,화담숲카페,메밀미숫가루
2023-02-12,0,2,Winter,1,0,1,화담숲카페,메밀미숫가루
2023-02-13,0,2,Winter,0,0,0,화담숲카페,메밀미숫가루
2023-02-14,0,2,Winter,0,0,0,화담숲카페,메밀미숫가루
2023-02-15,0,2,Winter,0,0,0,화담숲카페,메밀미숫가루
2023-02-16,0,2,Winter,0,0,0,화담숲카페,메밀미숫가루
2023-02-17,0,2,Winter,0,0,0,화담숲카페,메밀미숫가루
2023-02-18,0,2,Winter,1,0,1,화담숲카페,메밀미숫가루
2023-02-19,0,2,Winter,1,0,1,화담숲카페,메밀미숫가루
2023-02-20,0,2,Winter,0,0,0,화담숲카페,메밀미숫가루
2023-02-21,0,2,Winter,0,0,0,화담숲카페,메밀미숫가루
2023-02-22,0,2,Winter,0,0,0,화담숲카페,메밀미숫가루
2023-02-23,0,2,Winter,0,0,0,화담숲카페,메밀미숫가루
2023-02-24,0,2,Winter,0,0,0,화담숲카페,메밀미숫가루
2023-02-25,0,2,Winter,1,0,1,화담숲카페,메밀미숫가루
2023-02-26,0,2,Winter,1,0,1,화담숲카페,메밀미숫가루
2023-02-27,0,2,Winter,0,0,0,화담숲카페,메밀미숫가루
2023-02-28,0,2,Winter,0,0,0,화담숲카페,메밀미숫가루
2023-03-01,0,3,Spring,0,1,1,화담숲카페,메밀미숫가루
2023-03-02,0,3,Spring,0,0,0,화담숲카페,메밀미숫가루
2023-03-03,0,3,Spring,0,0,0,화담숲카페,메밀미숫가루
2023-03-04,0,3,Spring,1,0,1,화담숲카페,메밀미숫가루
2023-03-05,0,3,Spring,1,0,1,화담숲카페,메밀미숫가루
2023-03-06,0,3,Spring,0,0,0,화담숲카페,메밀미숫가루
2023-03-07,0,3,Spring,0,0,0,화담숲카페,메밀미숫가루
2023-03-08,0,3,Spring,0,0,0,화담숲카페,메밀미숫가루
2023-03-09,0,3,Spring,0,0,0,화담숲카페,메밀미숫가루
2023-03-10,0,3,Spring,0,0,0,화담숲카페,메밀미숫가루
2023-03-11,0,3,Spring,1,0,1,화담숲카페,메밀미숫가루
2023-03-12,0,3,Spring,1,0,1,화담숲카페,메밀미숫가루
2023-03-13,0,3,Spring,0,0,0,화담숲카페,메밀미숫가루
2023-03-14,0,3,Spring,0,0,0,화담숲카페,메밀미숫가루
2023-03-15,0,3,Spring,0,0,0,화담숲카페,메밀미숫가루
2023-03-16,0,3,Spring,0,0,0,화담숲카페,메밀미숫가루
2023-03-17,0,3,Spring,0,0,0,화담숲카페,메밀미숫가루
2023-03-18,0,3,Spring,1,0,1,화담숲카페,메밀미숫가루
2023-03-19,0,3,Spring,1,0,1,화담숲카페,메밀미숫가루
2023-03-20,0,3,Spring,0,0,0,화담숲카페,메밀미숫가루
2023-03-21,0,3,Spring,0,0,0,화담숲카페,메밀미숫가루
2023-03-22,0,3,Spring,0,0,0,화담숲카페,메밀미숫가루
2023-03-23,0,3,Spring,0,0,0,화담숲카페,메밀미숫가루
2023-03-24,0,3,Spring,0,0,0,화담숲카페,메밀미숫가루
2023-03-25,0,3,Spring,1,0,1,화담숲카페,메밀미숫가루
2023-03-26,0,3,Spring,1,0,1,화담숲카페,메밀미숫가루
2023-03-27,0,3,Spring,0,0,0,화담숲카페,메밀미숫가루
2023-03-28,0,3,Spring,0,0,0,화담숲카페,메밀미숫가루
2023-03-29,0,3,Spring,0,0,0,화담숲카페,메밀미숫가루
2023-03-30,0,3,Spring,0,0,0,화담숲카페,메밀미숫가루
2023-03-31,104,3,Spring,0,0,0,화담숲카페,메밀미숫가루
2023-04-01,195,4,Spring,1,0,1,화담숲카페,메밀미숫가루
2023-04-02,117,4,Spring,1,0,1,화담숲카페,메밀미숫가루
2023-04-03,0,4,Spring,0,0,0,화담숲카페,메밀미숫가루
2023-04-04,93,4,Spring,0,0,0,화담숲카페,메밀미숫가루
2023-04-05,3,4,Spring,0,0,0,화담숲카페,메밀미숫가루
2023-04-06,18,4,Spring,0,0,0,화담숲카페,메밀미숫가루
2023-04-07,52,4,Spring,0,0,0,화담숲카페,메밀미숫가루
2023-04-08,100,4,Spring,1,0,1,화담숲카페,메밀미숫가루
2023-04-09,101,4,Spring,1,0,1,화담숲카페,메밀미숫가루
2023-04-10,0,4,Spring,0,0,0,화담숲카페,메밀미숫가루
2023-04-11,9,4,Spring,0,0,0,화담숲카페,메밀미숫가루
2023-04-12,66,4,Spring,0,0,0,화담숲카페,메밀미숫가루
2023-04-13,28,4,Spring,0,0,0,화담숲카페,메밀미숫가루
2023-04-14,52,4,Spring,0,0,0,화담숲카페,메밀미숫가루
2023-04-15,24,4,Spring,1,0,1,화담숲카페,메밀미숫가루
2023-04-16,51,4,Spring,1,0,1,화담숲카페,메밀미숫가루
2023-04-17,0,4,Spring,0,0,0,화담숲카페,메밀미숫가루
2023-04-18,4,4,Spring,0,0,0,화담숲카페,메밀미숫가루
2023-04-19,56,4,Spring,0,0,0,화담숲카페,메밀미숫가루
2023-04-20,64,4,Spring,0,0,0,화담숲카페,메밀미숫가루
2023-04-21,53,4,Spring,0,0,0,화담숲카페,메밀미숫가루
2023-04-22,84,4,Spring,1,0,1,화담숲카페,메밀미숫가루
2023-04-23,69,4,Spring,1,0,1,화담숲카페,메밀미숫가루
2023-04-24,0,4,Spring,0,0,0,화담숲카페,메밀미숫가루
2023-04-25,4,4,Spring,0,0,0,화담숲카페,메밀미숫가루
2023-04-26,14,4,Spring,0,0,0,화담숲카페,메밀미숫가루
2023-04-27,39,4,Spring,0,0,0,화담숲카페,메밀미숫가루
2023-04-28,23,4,Spring,0,0,0,화담숲카페,메밀미숫가루
2023-04-29,24,4,Spring,1,0,1,화담숲카페,메밀미숫가루
2023-04-30,52,4,Spring,1,0,1,화담숲카페,메밀미숫가루
2023-05-01,68,5,Spring,0,0,0,화담숲카페,메밀미숫가루
2023-05-02,24,5,Spring,0,0,0,화담숲카페,메밀미숫가루
2023-05-03,23,5,Spring,0,0,0,화담숲카페,메밀미숫가루
2023-05-04,22,5,Spring,0,0,0,화담숲카페,메밀미숫가루
2023-05-05,14,5,Spring,0,1,1,화담숲카페,메밀미숫가루
2023-05-06,11,5,Spring,1,0,1,화담숲카페,메밀미숫가루
2023-05-07,37,5,Spring,1,0,1,화담숲카페,메밀미숫가루
2023-05-08,0,5,Spring,0,0,0,화담숲카페,메밀미숫가루
2023-05-09,15,5,Spring,0,0,0,화담숲카페,메밀미숫가루
2023-05-10,27,5,Spring,0,0,0,화담숲카페,메밀미숫가루
2023-05-11,24,5,Spring,0,0,0,화담숲카페,메밀미숫가루
2023-05-12,23,5,Spring,0,0,0,화담숲카페,메밀미숫가루
2023-05-13,71,5,Spring,1,0,1,화담숲카페,메밀미숫가루
2023-05-14,54,5,Spring,1,0,1,화담숲카페,메밀미숫가루
2023-05-15,0,5,Spring,0,0,0,화담숲카페,메밀미숫가루
2023-05-16,55,5,Spring,0,0,0,화담숲카페,메밀미숫가루
2023-05-17,29,5,Spring,0,0,0,화담숲카페,메밀미숫가루
2023-05-18,15,5,Spring,0,0,0,화담숲카페,메밀미숫가루
2023-05-19,50,5,Spring,0,0,0,화담숲카페,메밀미숫가루
2023-05-20,80,5,Spring,1,0,1,화담숲카페,메밀미숫가루
2023-05-21,40,5,Spring,1,0,1,화담숲카페,메밀미숫가루
2023-05-22,0,5,Spring,0,0,0,화담숲카페,메밀미숫가루
2023-05-23,26,5,Spring,0,0,0,화담숲카페,메밀미숫가루
2023-05-24,21,5,Spring,0,0,0,화담숲카페,메밀미숫가루
2023-05-25,42,5,Spring,0,0,0,화담숲카페,메밀미숫가루
2023-05-26,20,5,Spring,0,0,0,화담숲카페,메밀미숫가루
2023-05-27,25,5,Spring,1,1,1,화담숲카페,메밀미숫가루
2023-05-28,7,5,Spring,1,0,1,화담숲카페,메밀미숫가루
2023-05-29,52,5,Spring,0,1,1,화담숲카페,메밀미숫가루
2023-05-30,16,5,Spring,0,0,0,화담숲카페,메밀미숫가루
2023-05-31,15,5,Spring,0,0,0,화담숲카페,메밀미숫가루
2023-06-01,7,6,Summer,0,0,0,화담숲카페,메밀미숫가루
2023-06-02,27,6,Summer,0,0,0,화담숲카페,메밀미숫가루
2023-06-03,97,6,Summer,1,0,1,화담숲카페,메밀미숫가루
2023-06-04,103,6,Summer,1,0,1,화담숲카페,메밀미숫가루
2023-06-05,53,6,Summer,0,0,0,화담숲카페,메밀미숫가루
2023-06-06,116,6,Summer,0,1,1,화담숲카페,메밀미숫가루
2023-06-07,9,6,Summer,0,0,0,화담숲카페,메밀미숫가루
2023-06-08,5,6,Summer,0,0,0,화담숲카페,메밀미숫가루
2023-06-09,28,6,Summer,0,0,0,화담숲카페,메밀미숫가루
2023-06-10,60,6,Summer,1,0,1,화담숲카페,메밀미숫가루
2023-06-11,54,6,Summer,1,0,1,화담숲카페,메밀미숫가루
2023-06-12,0,6,Summer,0,0,0,화담숲카페,메밀미숫가루
2023-06-13,31,6,Summer,0,0,0,화담숲카페,메밀미숫가루
2023-06-14,19,6,Summer,0,0,0,화담숲카페,메밀미숫가루
2023-06-15,35,6,Summer,0,0,0,화담숲카페,메밀미숫가루
2023-06-16,25,6,Summer,0,0,0,화담숲카페,메밀미숫가루
2023-06-17,81,6,Summer,1,0,1,화담숲카페,메밀미숫가루
2023-06-18,88,6,Summer,1,0,1,화담숲카페,메밀미숫가루
2023-06-19,0,6,Summer,0,0,0,화담숲카페,메밀미숫가루
2023-06-20,12,6,Summer,0,0,0,화담숲카페,메밀미숫가루
2023-06-21,11,6,Summer,0,0,0,화담숲카페,메밀미숫가루
2023-06-22,18,6,Summer,0,0,0,화담숲카페,메밀미숫가루
2023-06-23,34,6,Summer,0,0,0,화담숲카페,메밀미숫가루
2023-06-24,82,6,Summer,1,0,1,화담숲카페,메밀미숫가루
2023-06-25,60,6,Summer,1,0,1,화담숲카페,메밀미숫가루
2023-06-26,0,6,Summer,0,0,0,화담숲카페,메밀미숫가루
2023-06-27,19,6,Summer,0,0,0,화담숲카페,메밀미숫가루
2023-06-28,15,6,Summer,0,0,0,화담숲카페,메밀미숫가루
2023-06-29,2,6,Summer,0,0,0,화담숲카페,메밀미숫가루
2023-06-30,17,6,Summer,0,0,0,화담숲카페,메밀미숫가루
2023-07-01,67,7,Summer,1,0,1,화담숲카페,메밀미숫가루
2023-07-02,31,7,Summer,1,0,1,화담숲카페,메밀미숫가루
2023-07-03,0,7,Summer,0,0,0,화담숲카페,메밀미숫가루
2023-07-04,5,7,Summer,0,0,0,화담숲카페,메밀미숫가루
2023-07-05,9,7,Summer,0,0,0,화담숲카페,메밀미숫가루
2023-07-06,12,7,Summer,0,0,0,화담숲카페,메밀미숫가루
2023-07-07,20,7,Summer,0,0,0,화담숲카페,메밀미숫가루
2023-07-08,40,7,Summer,1,0,1,화담숲카페,메밀미숫가루
2023-07-09,17,7,Summer,1,0,1,화담숲카페,메밀미숫가루
2023-07-10,0,7,Summer,0,0,0,화담숲카페,메밀미숫가루
2023-07-11,1,7,Summer,0,0,0,화담숲카페,메밀미숫가루
2023-07-12,16,7,Summer,0,0,0,화담숲카페,메밀미숫가루
2023-07-13,3,7,Summer,0,0,0,화담숲카페,메밀미숫가루
2023-07-14,4,7,Summer,0,0,0,화담숲카페,메밀미숫가루
2023-07-15,17,7,Summer,1,0,1,화담숲카페,메밀미숫가루
2023-07-16,12,7,Summer,1,0,1,화담숲카페,메밀미숫가루
2023-07-17,0,7,Summer,0,0,0,화담숲카페,메밀미숫가루
2023-07-18,4,7,Summer,0,0,0,화담숲카페,메밀미숫가루
2023-07-19,29,7,Summer,0,0,0,화담숲카페,메밀미숫가루
2023-07-20,7,7,Summer,0,0,0,화담숲카페,메밀미숫가루
2023-07-21,20,7,Summer,0,0,0,화담숲카페,메밀미숫가루
2023-07-22,28,7,Summer,1,0,1,화담숲카페,메밀미숫가루
2023-07-23,3,7,Summer,1,0,1,화담숲카페,메밀미숫가루
2023-07-24,0,7,Summer,0,0,0,화담숲카페,메밀미숫가루
2023-07-25,20,7,Summer,0,0,0,화담숲카페,메밀미숫가루
2023-07-26,13,7,Summer,0,0,0,화담숲카페,메밀미숫가루
2023-07-27,27,7,Summer,0,0,0,화담숲카페,메밀미숫가루
2023-07-28,23,7,Summer,0,0,0,화담숲카페,메밀미숫가루
2023-07-29,56,7,Summer,1,0,1,화담숲카페,메밀미숫가루
2023-07-30,25,7,Summer,1,0,1,화담숲카페,메밀미숫가루
2023-07-31,0,7,Summer,0,0,0,화담숲카페,메밀미숫가루
2023-08-01,29,8,Summer,0,0,0,화담숲카페,메밀미숫가루
2023-08-02,13,8,Summer,0,0,0,화담숲카페,메밀미숫가루
2023-08-03,13,8,Summer,0,0,0,화담숲카페,메밀미숫가루
2023-08-04,22,8,Summer,0,0,0,화담숲카페,메밀미숫가루
2023-08-05,20,8,Summer,1,0,1,화담숲카페,메밀미숫가루
2023-08-06,20,8,Summer,1,0,1,화담숲카페,메밀미숫가루
2023-08-07,0,8,Summer,0,0,0,화담숲카페,메밀미숫가루
2023-08-08,19,8,Summer,0,0,0,화담숲카페,메밀미숫가루
2023-08-09,15,8,Summer,0,0,0,화담숲카페,메밀미숫가루
2023-08-10,0,8,Summer,0,0,0,화담숲카페,메밀미숫가루
2023-08-11,3,8,Summer,0,0,0,화담숲카페,메밀미숫가루
2023-08-12,14,8,Summer,1,0,1,화담숲카페,메밀미숫가루
2023-08-13,36,8,Summer,1,0,1,화담숲카페,메밀미숫가루
2023-08-14,27,8,Summer,0,0,0,화담숲카페,메밀미숫가루
2023-08-15,51,8,Summer,0,1,1,화담숲카페,메밀미숫가루
2023-08-16,29,8,Summer,0,0,0,화담숲카페,메밀미숫가루
2023-08-17,26,8,Summer,0,0,0,화담숲카페,메밀미숫가루
2023-08-18,17,8,Summer,0,0,0,화담숲카페,메밀미숫가루
2023-08-19,34,8,Summer,1,0,1,화담숲카페,메밀미숫가루
2023-08-20,37,8,Summer,1,0,1,화담숲카페,메밀미숫가루
2023-08-21,0,8,Summer,0,0,0,화담숲카페,메밀미숫가루
2023-08-22,12,8,Summer,0,0,0,화담숲카페,메밀미숫가루
2023-08-23,1,8,Summer,0,0,0,화담숲카페,메밀미숫가루
2023-08-24,5,8,Summer,0,0,0,화담숲카페,메밀미숫가루
2023-08-25,12,8,Summer,0,0,0,화담숲카페,메밀미숫가루
2023-08-26,28,8,Summer,1,0,1,화담숲카페,메밀미숫가루
2023-08-27,26,8,Summer,1,0,1,화담숲카페,메밀미숫가루
2023-08-28,0,8,Summer,0,0,0,화담숲카페,메밀미숫가루
2023-08-29,9,8,Summer,0,0,0,화담숲카페,메밀미숫가루
2023-08-30,3,8,Summer,0,0,0,화담숲카페,메밀미숫가루
2023-08-31,2,8,Summer,0,0,0,화담숲카페,메밀미숫가루
2023-09-01,16,9,Autumn,0,0,0,화담숲카페,메밀미숫가루
2023-09-02,77,9,Autumn,1,0,1,화담숲카페,메밀미숫가루
2023-09-03,28,9,Autumn,1,0,1,화담숲카페,메밀미숫가루
2023-09-04,0,9,Autumn,0,0,0,화담숲카페,메밀미숫가루
2023-09-05,17,9,Autumn,0,0,0,화담숲카페,메밀미숫가루
2023-09-06,10,9,Autumn,0,0,0,화담숲카페,메밀미숫가루
2023-09-07,15,9,Autumn,0,0,0,화담숲카페,메밀미숫가루
2023-09-08,18,9,Autumn,0,0,0,화담숲카페,메밀미숫가루
2023-09-09,40,9,Autumn,1,0,1,화담숲카페,메밀미숫가루
2023-09-10,30,9,Autumn,1,0,1,화담숲카페,메밀미숫가루
2023-09-11,0,9,Autumn,0,0,0,화담숲카페,메밀미숫가루
2023-09-12,47,9,Autumn,0,0,0,화담숲카페,메밀미숫가루
2023-09-13,4,9,Autumn,0,0,0,화담숲카페,메밀미숫가루
2023-09-14,51,9,Autumn,0,0,0,화담숲카페,메밀미숫가루
2023-09-15,6,9,Autumn,0,0,0,화담숲카페,메밀미숫가루
2023-09-16,32,9,Autumn,1,0,1,화담숲카페,메밀미숫가루
2023-09-17,39,9,Autumn,1,0,1,화담숲카페,메밀미숫가루
2023-09-18,0,9,Autumn,0,0,0,화담숲카페,메밀미숫가루
2023-09-19,20,9,Autumn,0,0,0,화담숲카페,메밀미숫가루
2023-09-20,1,9,Autumn,0,0,0,화담숲카페,메밀미숫가루
2023-09-21,26,9,Autumn,0,0,0,화담숲카페,메밀미숫가루
2023-09-22,31,9,Autumn,0,0,0,화담숲카페,메밀미숫가루
2023-09-23,53,9,Autumn,1,0,1,화담숲카페,메밀미숫가루
2023-09-24,50,9,Autumn,1,0,1,화담숲카페,메밀미숫가루
2023-09-25,0,9,Autumn,0,0,0,화담숲카페,메밀미숫가루
2023-09-26,12,9,Autumn,0,0,0,화담숲카페,메밀미숫가루
2023-09-27,10,9,Autumn,0,0,0,화담숲카페,메밀미숫가루
2023-09-28,63,9,Autumn,0,1,1,화담숲카페,메밀미숫가루
2023-09-29,94,9,Autumn,0,1,1,화담숲카페,메밀미숫가루
2023-09-30,64,9,Autumn,1,1,1,화담숲카페,메밀미숫가루
2023-10-01,77,10,Autumn,1,0,1,화담숲카페,메밀미숫가루
2023-10-02,96,10,Autumn,0,1,1,화담숲카페,메밀미숫가루
2023-10-03,54,10,Autumn,0,1,1,화담숲카페,메밀미숫가루
2023-10-04,13,10,Autumn,0,0,0,화담숲카페,메밀미숫가루
2023-10-05,9,10,Autumn,0,0,0,화담숲카페,메밀미숫가루
2023-10-06,26,10,Autumn,0,0,0,화담숲카페,메밀미숫가루
2023-10-07,83,10,Autumn,1,0,1,화담숲카페,메밀미숫가루
2023-10-08,74,10,Autumn,1,0,1,화담숲카페,메밀미숫가루
2023-10-09,64,10,Autumn,0,1,1,화담숲카페,메밀미숫가루
2023-10-10,29,10,Autumn,0,0,0,화담숲카페,메밀미숫가루
2023-10-11,54,10,Autumn,0,0,0,화담숲카페,메밀미숫가루
2023-10-12,38,10,Autumn,0,0,0,화담숲카페,메밀미숫가루
2023-10-13,67,10,Autumn,0,0,0,화담숲카페,메밀미숫가루
2023-10-14,38,10,Autumn,1,0,1,화담숲카페,메밀미숫가루
2023-10-15,80,10,Autumn,1,0,1,화담숲카페,메밀미숫가루
2023-10-16,0,10,Autumn,0,0,0,화담숲카페,메밀미숫가루
2023-10-17,80,10,Autumn,0,0,0,화담숲카페,메밀미숫가루
2023-10-18,91,10,Autumn,0,0,0,화담숲카페,메밀미숫가루
2023-10-19,47,10,Autumn,0,0,0,화담숲카페,메밀미숫가루
2023-10-20,88,10,Autumn,0,0,0,화담숲카페,메밀미숫가루
2023-10-21,104,10,Autumn,1,0,1,화담숲카페,메밀미숫가루
2023-10-22,128,10,Autumn,1,0,1,화담숲카페,메밀미숫가루
2023-10-23,116,10,Autumn,0,0,0,화담숲카페,메밀미숫가루
2023-10-24,105,10,Autumn,0,0,0,화담숲카페,메밀미숫가루
2023-10-25,106,10,Autumn,0,0,0,화담숲카페,메밀미숫가루
2023-10-26,92,10,Autumn,0,0,0,화담숲카페,메밀미숫가루
2023-10-27,103,10,Autumn,0,0,0,화담숲카페,메밀미숫가루
2023-10-28,124,10,Autumn,1,0,1,화담숲카페,메밀미숫가루
2023-10-29,149,10,Autumn,1,0,1,화담숲카페,메밀미숫가루
2023-10-30,142,10,Autumn,0,0,0,화담숲카페,메밀미숫가루
2023-10-31,106,10,Autumn,0,0,0,화담숲카페,메밀미숫가루
2023-11-01,94,11,Autumn,0,0,0,화담숲카페,메밀미숫가루
2023-11-02,141,11,Autumn,0,0,0,화담숲카페,메밀미숫가루
2023-11-03,125,11,Autumn,0,0,0,화담숲카페,메밀미숫가루
2023-11-04,114,11,Autumn,1,0,1,화담숲카페,메밀미숫가루
2023-11-05,81,11,Autumn,1,0,1,화담숲카페,메밀미숫가루
2023-11-06,61,11,Autumn,0,0,0,화담숲카페,메밀미숫가루
2023-11-07,69,11,Autumn,0,0,0,화담숲카페,메밀미숫가루
2023-11-08,67,11,Autumn,0,0,0,화담숲카페,메밀미숫가루
2023-11-09,104,11,Autumn,0,0,0,화담숲카페,메밀미숫가루
2023-11-10,34,11,Autumn,0,0,0,화담숲카페,메밀미숫가루
2023-11-11,75,11,Autumn,1,0,1,화담숲카페,메밀미숫가루
2023-11-12,64,11,Autumn,1,0,1,화담숲카페,메밀미숫가루
2023-11-13,34,11,Autumn,0,0,0,화담숲카페,메밀미숫가루
2023-11-14,41,11,Autumn,0,0,0,화담숲카페,메밀미숫가루
2023-11-15,32,11,Autumn,0,0,0,화담숲카페,메밀미숫가루
2023-11-16,14,11,Autumn,0,0,0,화담숲카페,메밀미숫가루
2023-11-17,23,11,Autumn,0,0,0,화담숲카페,메밀미숫가루
2023-11-18,43,11,Autumn,1,0,1,화담숲카페,메밀미숫가루
2023-11-19,56,11,Autumn,1,0,1,화담숲카페,메밀미숫가루
2023-11-20,0,11,Autumn,0,0,0,화담숲카페,메밀미숫가루
2023-11-21,14,11,Autumn,0,0,0,화담숲카페,메밀미숫가루
2023-11-22,1,11,Autumn,0,0,0,화담숲카페,메밀미숫가루
2023-11-23,15,11,Autumn,0,0,0,화담숲카페,메밀미숫가루
2023-11-24,4,11,Autumn,0,0,0,화담숲카페,메밀미숫가루
2023-11-25,13,11,Autumn,1,0,1,화담숲카페,메밀미숫가루
2023-11-26,21,11,Autumn,1,0,1,화담숲카페,메밀미숫가루
2023-11-27,0,11,Autumn,0,0,0,화담숲카페,메밀미숫가루
2023-11-28,0,11,Autumn,0,0,0,화담숲카페,메밀미숫가루
2023-11-29,0,11,Autumn,0,0,0,화담숲카페,메밀미숫가루
2023-11-30,0,11,Autumn,0,0,0,화담숲카페,메밀미숫가루
2023-12-01,0,12,Winter,0,0,0,화담숲카페,메밀미숫가루
2023-12-02,0,12,Winter,1,0,1,화담숲카페,메밀미숫가루
2023-12-03,0,12,Winter,1,0,1,화담숲카페,메밀미숫가루
2023-12-04,0,12,Winter,0,0,0,화담숲카페,메밀미숫가루
2023-12-05,0,12,Winter,0,0,0,화담숲카페,메밀미숫가루
2023-12-06,0,12,Winter,0,0,0,화담숲카페,메밀미숫가루
2023-12-07,0,12,Winter,0,0,0,화담숲카페,메밀미숫가루
2023-12-08,0,12,Winter,0,0,0,화담숲카페,메밀미숫가루
2023-12-09,0,12,Winter,1,0,1,화담숲카페,메밀미숫가루
2023-12-10,0,12,Winter,1,0,1,화담숲카페,메밀미숫가루
2023-12-11,0,12,Winter,0,0,0,화담숲카페,메밀미숫가루
2023-12-12,0,12,Winter,0,0,0,화담숲카페,메밀미숫가루
2023-12-13,0,12,Winter,0,0,0,화담숲카페,메밀미숫가루
2023-12-14,0,12,Winter,0,0,0,화담숲카페,메밀미숫가루
2023-12-15,0,12,Winter,0,0,0,화담숲카페,메밀미숫가루
2023-12-16,0,12,Winter,1,0,1,화담숲카페,메밀미숫가루
2023-12-17,0,12,Winter,1,0,1,화담숲카페,메밀미숫가루
2023-12-18,0,12,Winter,0,0,0,화담숲카페,메밀미숫가루
2023-12-19,0,12,Winter,0,0,0,화담숲카페,메밀미숫가루
2023-12-20,0,12,Winter,0,0,0,화담숲카페,메밀미숫가루
2023-12-21,0,12,Winter,0,0,0,화담숲카페,메밀미숫가루
2023-12-22,0,12,Winter,0,0,0,화담숲카페,메밀미숫가루
2023-12-23,0,12,Winter,1,0,1,화담숲카페,메밀미숫가루
2023-12-24,0,12,Winter,1,0,1,화담숲카페,메밀미숫가루
2023-12-25,0,12,Winter,0,1,1,화담숲카페,메밀미숫가루
2023-12-26,0,12,Winter,0,0,0,화담숲카페,메밀미숫가루
2023-12-27,0,12,Winter,0,0,0,화담숲카페,메밀미숫가루
2023-12-28,0,12,Winter,0,0,0,화담숲카페,메밀미숫가루
2023-12-29,0,12,Winter,0,0,0,화담숲카페,메밀미숫가루
2023-12-30,0,12,Winter,1,0,1,화담숲카페,메밀미숫가루
2023-12-31,0,12,Winter,1,0,1,화담숲카페,메밀미숫가루
2024-01-01,0,1,Winter,0,1,1,화담숲카페,메밀미숫가루
2024-01-02,0,1,Winter,0,0,0,화담숲카페,메밀미숫가루
2024-01-03,0,1,Winter,0,0,0,화담숲카페,메밀미숫가루
2024-01-04,0,1,Winter,0,0,0,화담숲카페,메밀미숫가루
2024-01-05,0,1,Winter,0,0,0,화담숲카페,메밀미숫가루
2024-01-06,0,1,Winter,1,0,1,화담숲카페,메밀미숫가루
2024-01-07,0,1,Winter,1,0,1,화담숲카페,메밀미숫가루
2024-01-08,0,1,Winter,0,0,0,화담숲카페,메밀미숫가루
2024-01-09,0,1,Winter,0,0,0,화담숲카페,메밀미숫가루
2024-01-10,0,1,Winter,0,0,0,화담숲카페,메밀미숫가루
2024-01-11,0,1,Winter,0,0,0,화담숲카페,메밀미숫가루
2024-01-12,0,1,Winter,0,0,0,화담숲카페,메밀미숫가루
2024-01-13,0,1,Winter,1,0,1,화담숲카페,메밀미숫가루
2024-01-14,0,1,Winter,1,0,1,화담숲카페,메밀미숫가루
2024-01-15,0,1,Winter,0,0,0,화담숲카페,메밀미숫가루
2024-01-16,0,1,Winter,0,0,0,화담숲카페,메밀미숫가루
2024-01-17,0,1,Winter,0,0,0,화담숲카페,메밀미숫가루
2024-01-18,0,1,Winter,0,0,0,화담숲카페,메밀미숫가루
2024-01-19,0,1,Winter,0,0,0,화담숲카페,메밀미숫가루
2024-01-20,0,1,Winter,1,0,1,화담숲카페,메밀미숫가루
2024-01-21,0,1,Winter,1,0,1,화담숲카페,메밀미숫가루
2024-01-22,0,1,Winter,0,0,0,화담숲카페,메밀미숫가루
2024-01-23,0,1,Winter,0,0,0,화담숲카페,메밀미숫가루
2024-01-24,0,1,Winter,0,0,0,화담숲카페,메밀미숫가루
2024-01-25,0,1,Winter,0,0,0,화담숲카페,메밀미숫가루
2024-01-26,0,1,Winter,0,0,0,화담숲카페,메밀미숫가루
2024-01-27,0,1,Winter,1,0,1,화담숲카페,메밀미숫가루
2024-01-28,0,1,Winter,1,0,1,화담숲카페,메밀미숫가루
2024-01-29,0,1,Winter,0,0,0,화담숲카페,메밀미숫가루
2024-01-30,0,1,Winter,0,0,0,화담숲카페,메밀미숫가루
2024-01-31,0,1,Winter,0,0,0,화담숲카페,메밀미숫가루
2024-02-01,0,2,Winter,0,0,0,화담숲카페,메밀미숫가루
2024-02-02,0,2,Winter,0,0,0,화담숲카페,메밀미숫가루
2024-02-03,0,2,Winter,1,0,1,화담숲카페,메밀미숫가루
2024-02-04,0,2,Winter,1,0,1,화담숲카페,메밀미숫가루
2024-02-05,0,2,Winter,0,0,0,화담숲카페,메밀미숫가루
2024-02-06,0,2,Winter,0,0,0,화담숲카페,메밀미숫가루
2024-02-07,0,2,Winter,0,0,0,화담숲카페,메밀미숫가루
2024-02-08,0,2,Winter,0,0,0,화담숲카페,메밀미숫가루
2024-02-09,0,2,Winter,0,1,1,화담숲카페,메밀미숫가루
2024-02-10,0,2,Winter,1,1,1,화담숲카페,메밀미숫가루
2024-02-11,0,2,Winter,1,1,1,화담숲카페,메밀미숫가루
2024-02-12,0,2,Winter,0,1,1,화담숲카페,메밀미숫가루
2024-02-13,0,2,Winter,0,0,0,화담숲카페,메밀미숫가루
2024-02-14,0,2,Winter,0,0,0,화담숲카페,메밀미숫가루
2024-02-15,0,2,Winter,0,0,0,화담숲카페,메밀미숫가루
2024-02-16,0,2,Winter,0,0,0,화담숲카페,메밀미숫가루
2024-02-17,0,2,Winter,1,0,1,화담숲카페,메밀미숫가루
2024-02-18,0,2,Winter,1,0,1,화담숲카페,메밀미숫가루
2024-02-19,0,2,Winter,0,0,0,화담숲카페,메밀미숫가루
2024-02-20,0,2,Winter,0,0,0,화담숲카페,메밀미숫가루
2024-02-21,0,2,Winter,0,0,0,화담숲카페,메밀미숫가루
2024-02-22,0,2,Winter,0,0,0,화담숲카페,메밀미숫가루
2024-02-23,0,2,Winter,0,0,0,화담숲카페,메밀미숫가루
2024-02-24,0,2,Winter,1,0,1,화담숲카페,메밀미숫가루
2024-02-25,0,2,Winter,1,0,1,화담숲카페,메밀미숫가루
2024-02-26,0,2,Winter,0,0,0,화담숲카페,메밀미숫가루
2024-02-27,0,2,Winter,0,0,0,화담숲카페,메밀미숫가루
2024-02-28,0,2,Winter,0,0,0,화담숲카페,메밀미숫가루
2024-02-29,0,2,Winter,0,0,0,화담숲카페,메밀미숫가루
2024-03-01,0,3,Spring,0,1,1,화담숲카페,메밀미숫가루
2024-03-02,0,3,Spring,1,0,1,화담숲카페,메밀미숫가루
2024-03-03,0,3,Spring,1,0,1,화담숲카페,메밀미숫가루
2024-03-04,0,3,Spring,0,0,0,화담숲카페,메밀미숫가루
2024-03-05,0,3,Spring,0,0,0,화담숲카페,메밀미숫가루
2024-03-06,0,3,Spring,0,0,0,화담숲카페,메밀미숫가루
2024-03-07,0,3,Spring,0,0,0,화담숲카페,메밀미숫가루
2024-03-08,0,3,Spring,0,0,0,화담숲카페,메밀미숫가루
2024-03-09,0,3,Spring,1,0,1,화담숲카페,메밀미숫가루
2024-03-10,0,3,Spring,1,0,1,화담숲카페,메밀미숫가루
2024-03-11,0,3,Spring,0,0,0,화담숲카페,메밀미숫가루
2024-03-12,0,3,Spring,0,0,0,화담숲카페,메밀미숫가루
2024-03-13,0,3,Spring,0,0,0,화담숲카페,메밀미숫가루
2024-03-14,0,3,Spring,0,0,0,화담숲카페,메밀미숫가루
2024-03-15,0,3,Spring,0,0,0,화담숲카페,메밀미숫가루
2024-03-16,0,3,Spring,1,0,1,화담숲카페,메밀미숫가루
2024-03-17,0,3,Spring,1,0,1,화담숲카페,메밀미숫가루
2024-03-18,0,3,Spring,0,0,0,화담숲카페,메밀미숫가루
2024-03-19,0,3,Spring,0,0,0,화담숲카페,메밀미숫가루
2024-03-20,0,3,Spring,0,0,0,화담숲카페,메밀미숫가루
2024-03-21,0,3,Spring,0,0,0,화담숲카페,메밀미숫가루
2024-03-22,0,3,Spring,0,0,0,화담숲카페,메밀미숫가루
2024-03-23,0,3,Spring,1,0,1,화담숲카페,메밀미숫가루
2024-03-24,0,3,Spring,1,0,1,화담숲카페,메밀미숫가루
2024-03-25,0,3,Spring,0,0,0,화담숲카페,메밀미숫가루
2024-03-26,0,3,Spring,0,0,0,화담숲카페,메밀미숫가루
2024-03-27,0,3,Spring,0,0,0,화담숲카페,메밀미숫가루
2024-03-28,0,3,Spring,0,0,0,화담숲카페,메밀미숫가루
2024-03-29,23,3,Spring,0,0,0,화담숲카페,메밀미숫가루
2024-03-30,80,3,Spring,1,0,1,화담숲카페,메밀미숫가루
2024-03-31,84,3,Spring,1,0,1,화담숲카페,메밀미숫가루
2024-04-01,0,4,Spring,0,0,0,화담숲카페,메밀미숫가루
2024-04-02,80,4,Spring,0,0,0,화담숲카페,메밀미숫가루
2024-04-03,48,4,Spring,0,0,0,화담숲카페,메밀미숫가루
2024-04-04,55,4,Spring,0,0,0,화담숲카페,메밀미숫가루
2024-04-05,81,4,Spring,0,0,0,화담숲카페,메밀미숫가루
2024-04-06,125,4,Spring,1,0,1,화담숲카페,메밀미숫가루
2024-04-07,191,4,Spring,1,0,1,화담숲카페,메밀미숫가루
2024-04-08,0,4,Spring,0,0,0,화담숲카페,메밀미숫가루
2024-04-09,108,4,Spring,0,0,0,화담숲카페,메밀미숫가루
2024-04-10,120,4,Spring,0,1,1,화담숲카페,메밀미숫가루
2024-04-11,110,4,Spring,0,0,0,화담숲카페,메밀미숫가루
2024-04-12,116,4,Spring,0,0,0,화담숲카페,메밀미숫가루
2024-04-13,150,4,Spring,1,0,1,화담숲카페,메밀미숫가루
2024-04-14,152,4,Spring,1,0,1,화담숲카페,메밀미숫가루
2024-04-15,0,4,Spring,0,0,0,화담숲카페,메밀미숫가루
2024-04-16,53,4,Spring,0,0,0,화담숲카페,메밀미숫가루
2024-04-17,54,4,Spring,0,0,0,화담숲카페,메밀미숫가루
2024-04-18,73,4,Spring,0,0,0,화담숲카페,메밀미숫가루
2024-04-19,105,4,Spring,0,0,0,화담숲카페,메밀미숫가루
2024-04-20,35,4,Spring,1,0,1,화담숲카페,메밀미숫가루
2024-04-21,89,4,Spring,1,0,1,화담숲카페,메밀미숫가루
2024-04-22,0,4,Spring,0,0,0,화담숲카페,메밀미숫가루
2024-04-23,50,4,Spring,0,0,0,화담숲카페,메밀미숫가루
2024-04-24,21,4,Spring,0,0,0,화담숲카페,메밀미숫가루
2024-04-25,35,4,Spring,0,0,0,화담숲카페,메밀미숫가루
2024-04-26,47,4,Spring,0,0,0,화담숲카페,메밀미숫가루
2024-04-27,147,4,Spring,1,0,1,화담숲카페,메밀미숫가루
2024-04-28,186,4,Spring,1,0,1,화담숲카페,메밀미숫가루
2024-04-29,0,4,Spring,0,0,0,화담숲카페,메밀미숫가루
2024-04-30,49,4,Spring,0,0,0,화담숲카페,메밀미숫가루
2024-05-01,85,5,Spring,0,0,0,화담숲카페,메밀미숫가루
2024-05-02,39,5,Spring,0,0,0,화담숲카페,메밀미숫가루
2024-05-03,48,5,Spring,0,0,0,화담숲카페,메밀미숫가루
2024-05-04,133,5,Spring,1,0,1,화담숲카페,메밀미숫가루
2024-05-05,19,5,Spring,1,1,1,화담숲카페,메밀미숫가루
2024-05-06,15,5,Spring,0,1,1,화담숲카페,메밀미숫가루
2024-05-07,5,5,Spring,0,0,0,화담숲카페,메밀미숫가루
2024-05-08,29,5,Spring,0,0,0,화담숲카페,메밀미숫가루
2024-05-09,42,5,Spring,0,0,0,화담숲카페,메밀미숫가루
2024-05-10,29,5,Spring,0,0,0,화담숲카페,메밀미숫가루
2024-05-11,42,5,Spring,1,0,1,화담숲카페,메밀미숫가루
2024-05-12,58,5,Spring,1,0,1,화담숲카페,메밀미숫가루
2024-05-13,0,5,Spring,0,0,0,화담숲카페,메밀미숫가루
2024-05-14,46,5,Spring,0,0,0,화담숲카페,메밀미숫가루
2024-05-15,29,5,Spring,0,1,1,화담숲카페,메밀미숫가루
2024-05-16,25,5,Spring,0,0,0,화담숲카페,메밀미숫가루
2024-05-17,55,5,Spring,0,0,0,화담숲카페,메밀미숫가루
2024-05-18,83,5,Spring,1,0,1,화담숲카페,메밀미숫가루
2024-05-19,77,5,Spring,1,0,1,화담숲카페,메밀미숫가루
2024-05-20,0,5,Spring,0,0,0,화담숲카페,메밀미숫가루
2024-05-21,26,5,Spring,0,0,0,화담숲카페,메밀미숫가루
2024-05-22,18,5,Spring,0,0,0,화담숲카페,메밀미숫가루
2024-05-23,46,5,Spring,0,0,0,화담숲카페,메밀미숫가루
2024-05-24,23,5,Spring,0,0,0,화담숲카페,메밀미숫가루
2024-05-25,87,5,Spring,1,0,1,화담숲카페,메밀미숫가루
2024-05-26,23,5,Spring,1,0,1,화담숲카페,메밀미숫가루
2024-05-27,0,5,Spring,0,0,0,화담숲카페,메밀미숫가루
2024-05-28,41,5,Spring,0,0,0,화담숲카페,메밀미숫가루
2024-05-29,29,5,Spring,0,0,0,화담숲카페,메밀미숫가루
2024-05-30,26,5,Spring,0,0,0,화담숲카페,메밀미숫가루
2024-05-31,33,5,Spring,0,0,0,화담숲카페,메밀미숫가루
2024-06-01,81,6,Summer,1,0,1,화담숲카페,메밀미숫가루
2024-06-02,49,6,Summer,1,0,1,화담숲카페,메밀미숫가루
2024-06-03,0,6,Summer,0,0,0,화담숲카페,메밀미숫가루
2024-06-04,54,6,Summer,0,0,0,화담숲카페,메밀미숫가루
2024-06-05,33,6,Summer,0,0,0,화담숲카페,메밀미숫가루
2024-06-06,143,6,Summer,0,1,1,화담숲카페,메밀미숫가루
2024-06-07,78,6,Summer,0,0,0,화담숲카페,메밀미숫가루
2024-06-08,37,6,Summer,1,0,1,화담숲카페,메밀미숫가루
2024-06-09,65,6,Summer,1,0,1,화담숲카페,메밀미숫가루
2024-06-10,0,6,Summer,0,0,0,화담숲카페,메밀미숫가루
2024-06-11,20,6,Summer,0,0,0,화담숲카페,메밀미숫가루
2024-06-12,26,6,Summer,0,0,0,화담숲카페,메밀미숫가루
2024-06-13,30,6,Summer,0,0,0,화담숲카페,메밀미숫가루
2024-06-14,59,6,Summer,0,0,0,화담숲카페,메밀미숫가루
2024-06-15,88,6,Summer,1,0,1,화담숲카페,메밀미숫가루
2023-01-01,0,1,Winter,1,1,1,화담숲카페,아메리카노 HOT
2023-01-02,0,1,Winter,0,0,0,화담숲카페,아메리카노 HOT
2023-01-03,0,1,Winter,0,0,0,화담숲카페,아메리카노 HOT
2023-01-04,0,1,Winter,0,0,0,화담숲카페,아메리카노 HOT
2023-01-05,0,1,Winter,0,0,0,화담숲카페,아메리카노 HOT
2023-01-06,0,1,Winter,0,0,0,화담숲카페,아메리카노 HOT
2023-01-07,0,1,Winter,1,0,1,화담숲카페,아메리카노 HOT
2023-01-08,0,1,Winter,1,0,1,화담숲카페,아메리카노 HOT
2023-01-09,0,1,Winter,0,0,0,화담숲카페,아메리카노 HOT
2023-01-10,0,1,Winter,0,0,0,화담숲카페,아메리카노 HOT
2023-01-11,0,1,Winter,0,0,0,화담숲카페,아메리카노 HOT
2023-01-12,0,1,Winter,0,0,0,화담숲카페,아메리카노 HOT
2023-01-13,0,1,Winter,0,0,0,화담숲카페,아메리카노 HOT
2023-01-14,0,1,Winter,1,0,1,화담숲카페,아메리카노 HOT
2023-01-15,0,1,Winter,1,0,1,화담숲카페,아메리카노 HOT
2023-01-16,0,1,Winter,0,0,0,화담숲카페,아메리카노 HOT
2023-01-17,0,1,Winter,0,0,0,화담숲카페,아메리카노 HOT
2023-01-18,0,1,Winter,0,0,0,화담숲카페,아메리카노 HOT
2023-01-19,0,1,Winter,0,0,0,화담숲카페,아메리카노 HOT
2023-01-20,0,1,Winter,0,0,0,화담숲카페,아메리카노 HOT
2023-01-21,0,1,Winter,1,1,1,화담숲카페,아메리카노 HOT
2023-01-22,0,1,Winter,1,1,1,화담숲카페,아메리카노 HOT
2023-01-23,0,1,Winter,0,1,1,화담숲카페,아메리카노 HOT
2023-01-24,0,1,Winter,0,1,1,화담숲카페,아메리카노 HOT
2023-01-25,0,1,Winter,0,0,0,화담숲카페,아메리카노 HOT
2023-01-26,0,1,Winter,0,0,0,화담숲카페,아메리카노 HOT
2023-01-27,0,1,Winter,0,0,0,화담숲카페,아메리카노 HOT
2023-01-28,0,1,Winter,1,0,1,화담숲카페,아메리카노 HOT
2023-01-29,0,1,Winter,1,0,1,화담숲카페,아메리카노 HOT
2023-01-30,0,1,Winter,0,0,0,화담숲카페,아메리카노 HOT
2023-01-31,0,1,Winter,0,0,0,화담숲카페,아메리카노 HOT
2023-02-01,0,2,Winter,0,0,0,화담숲카페,아메리카노 HOT
2023-02-02,0,2,Winter,0,0,0,화담숲카페,아메리카노 HOT
2023-02-03,0,2,Winter,0,0,0,화담숲카페,아메리카노 HOT
2023-02-04,0,2,Winter,1,0,1,화담숲카페,아메리카노 HOT
2023-02-05,0,2,Winter,1,0,1,화담숲카페,아메리카노 HOT
2023-02-06,0,2,Winter,0,0,0,화담숲카페,아메리카노 HOT
2023-02-07,0,2,Winter,0,0,0,화담숲카페,아메리카노 HOT
2023-02-08,0,2,Winter,0,0,0,화담숲카페,아메리카노 HOT
2023-02-09,0,2,Winter,0,0,0,화담숲카페,아메리카노 HOT
2023-02-10,0,2,Winter,0,0,0,화담숲카페,아메리카노 HOT
2023-02-11,0,2,Winter,1,0,1,화담숲카페,아메리카노 HOT
2023-02-12,0,2,Winter,1,0,1,화담숲카페,아메리카노 HOT
2023-02-13,0,2,Winter,0,0,0,화담숲카페,아메리카노 HOT
2023-02-14,0,2,Winter,0,0,0,화담숲카페,아메리카노 HOT
2023-02-15,0,2,Winter,0,0,0,화담숲카페,아메리카노 HOT
2023-02-16,0,2,Winter,0,0,0,화담숲카페,아메리카노 HOT
2023-02-17,0,2,Winter,0,0,0,화담숲카페,아메리카노 HOT
2023-02-18,0,2,Winter,1,0,1,화담숲카페,아메리카노 HOT
2023-02-19,0,2,Winter,1,0,1,화담숲카페,아메리카노 HOT
2023-02-20,0,2,Winter,0,0,0,화담숲카페,아메리카노 HOT
2023-02-21,0,2,Winter,0,0,0,화담숲카페,아메리카노 HOT
2023-02-22,0,2,Winter,0,0,0,화담숲카페,아메리카노 HOT
2023-02-23,0,2,Winter,0,0,0,화담숲카페,아메리카노 HOT
2023-02-24,0,2,Winter,0,0,0,화담숲카페,아메리카노 HOT
2023-02-25,0,2,Winter,1,0,1,화담숲카페,아메리카노 HOT
2023-02-26,0,2,Winter,1,0,1,화담숲카페,아메리카노 HOT
2023-02-27,0,2,Winter,0,0,0,화담숲카페,아메리카노 HOT
2023-02-28,0,2,Winter,0,0,0,화담숲카페,아메리카노 HOT
2023-03-01,0,3,Spring,0,1,1,화담숲카페,아메리카노 HOT
2023-03-02,0,3,Spring,0,0,0,화담숲카페,아메리카노 HOT
2023-03-03,0,3,Spring,0,0,0,화담숲카페,아메리카노 HOT
2023-03-04,0,3,Spring,1,0,1,화담숲카페,아메리카노 HOT
2023-03-05,0,3,Spring,1,0,1,화담숲카페,아메리카노 HOT
2023-03-06,0,3,Spring,0,0,0,화담숲카페,아메리카노 HOT
2023-03-07,0,3,Spring,0,0,0,화담숲카페,아메리카노 HOT
2023-03-08,0,3,Spring,0,0,0,화담숲카페,아메리카노 HOT
2023-03-09,0,3,Spring,0,0,0,화담숲카페,아메리카노 HOT
2023-03-10,0,3,Spring,0,0,0,화담숲카페,아메리카노 HOT
2023-03-11,0,3,Spring,1,0,1,화담숲카페,아메리카노 HOT
2023-03-12,0,3,Spring,1,0,1,화담숲카페,아메리카노 HOT
2023-03-13,0,3,Spring,0,0,0,화담숲카페,아메리카노 HOT
2023-03-14,0,3,Spring,0,0,0,화담숲카페,아메리카노 HOT
2023-03-15,0,3,Spring,0,0,0,화담숲카페,아메리카노 HOT
2023-03-16,0,3,Spring,0,0,0,화담숲카페,아메리카노 HOT
2023-03-17,0,3,Spring,0,0,0,화담숲카페,아메리카노 HOT
2023-03-18,0,3,Spring,1,0,1,화담숲카페,아메리카노 HOT
2023-03-19,0,3,Spring,1,0,1,화담숲카페,아메리카노 HOT
2023-03-20,0,3,Spring,0,0,0,화담숲카페,아메리카노 HOT
2023-03-21,0,3,Spring,0,0,0,화담숲카페,아메리카노 HOT
2023-03-22,0,3,Spring,0,0,0,화담숲카페,아메리카노 HOT
2023-03-23,0,3,Spring,0,0,0,화담숲카페,아메리카노 HOT
2023-03-24,0,3,Spring,0,0,0,화담숲카페,아메리카노 HOT
2023-03-25,0,3,Spring,1,0,1,화담숲카페,아메리카노 HOT
2023-03-26,0,3,Spring,1,0,1,화담숲카페,아메리카노 HOT
2023-03-27,0,3,Spring,0,0,0,화담숲카페,아메리카노 HOT
2023-03-28,0,3,Spring,0,0,0,화담숲카페,아메리카노 HOT
2023-03-29,0,3,Spring,0,0,0,화담숲카페,아메리카노 HOT
2023-03-30,0,3,Spring,0,0,0,화담숲카페,아메리카노 HOT
2023-03-31,41,3,Spring,0,0,0,화담숲카페,아메리카노 HOT
2023-04-01,24,4,Spring,1,0,1,화담숲카페,아메리카노 HOT
2023-04-02,24,4,Spring,1,0,1,화담숲카페,아메리카노 HOT
2023-04-03,0,4,Spring,0,0,0,화담숲카페,아메리카노 HOT
2023-04-04,74,4,Spring,0,0,0,화담숲카페,아메리카노 HOT
2023-04-05,29,4,Spring,0,0,0,화담숲카페,아메리카노 HOT
2023-04-06,64,4,Spring,0,0,0,화담숲카페,아메리카노 HOT
2023-04-07,120,4,Spring,0,0,0,화담숲카페,아메리카노 HOT
2023-04-08,129,4,Spring,1,0,1,화담숲카페,아메리카노 HOT
2023-04-09,61,4,Spring,1,0,1,화담숲카페,아메리카노 HOT
2023-04-10,0,4,Spring,0,0,0,화담숲카페,아메리카노 HOT
2023-04-11,73,4,Spring,0,0,0,화담숲카페,아메리카노 HOT
2023-04-12,128,4,Spring,0,0,0,화담숲카페,아메리카노 HOT
2023-04-13,94,4,Spring,0,0,0,화담숲카페,아메리카노 HOT
2023-04-14,33,4,Spring,0,0,0,화담숲카페,아메리카노 HOT
2023-04-15,86,4,Spring,1,0,1,화담숲카페,아메리카노 HOT
2023-04-16,110,4,Spring,1,0,1,화담숲카페,아메리카노 HOT
2023-04-17,0,4,Spring,0,0,0,화담숲카페,아메리카노 HOT
2023-04-18,63,4,Spring,0,0,0,화담숲카페,아메리카노 HOT
2023-04-19,36,4,Spring,0,0,0,화담숲카페,아메리카노 HOT
2023-04-20,91,4,Spring,0,0,0,화담숲카페,아메리카노 HOT
2023-04-21,54,4,Spring,0,0,0,화담숲카페,아메리카노 HOT
2023-04-22,63,4,Spring,1,0,1,화담숲카페,아메리카노 HOT
2023-04-23,66,4,Spring,1,0,1,화담숲카페,아메리카노 HOT
2023-04-24,0,4,Spring,0,0,0,화담숲카페,아메리카노 HOT
2023-04-25,61,4,Spring,0,0,0,화담숲카페,아메리카노 HOT
2023-04-26,86,4,Spring,0,0,0,화담숲카페,아메리카노 HOT
2023-04-27,33,4,Spring,0,0,0,화담숲카페,아메리카노 HOT
2023-04-28,44,4,Spring,0,0,0,화담숲카페,아메리카노 HOT
2023-04-29,104,4,Spring,1,0,1,화담숲카페,아메리카노 HOT
2023-04-30,79,4,Spring,1,0,1,화담숲카페,아메리카노 HOT
2023-05-01,74,5,Spring,0,0,0,화담숲카페,아메리카노 HOT
2023-05-02,18,5,Spring,0,0,0,화담숲카페,아메리카노 HOT
2023-05-03,11,5,Spring,0,0,0,화담숲카페,아메리카노 HOT
2023-05-04,25,5,Spring,0,0,0,화담숲카페,아메리카노 HOT
2023-05-05,31,5,Spring,0,1,1,화담숲카페,아메리카노 HOT
2023-05-06,75,5,Spring,1,0,1,화담숲카페,아메리카노 HOT
2023-05-07,110,5,Spring,1,0,1,화담숲카페,아메리카노 HOT
2023-05-08,0,5,Spring,0,0,0,화담숲카페,아메리카노 HOT
2023-05-09,31,5,Spring,0,0,0,화담숲카페,아메리카노 HOT
2023-05-10,22,5,Spring,0,0,0,화담숲카페,아메리카노 HOT
2023-05-11,28,5,Spring,0,0,0,화담숲카페,아메리카노 HOT
2023-05-12,20,5,Spring,0,0,0,화담숲카페,아메리카노 HOT
2023-05-13,45,5,Spring,1,0,1,화담숲카페,아메리카노 HOT
2023-05-14,22,5,Spring,1,0,1,화담숲카페,아메리카노 HOT
2023-05-15,0,5,Spring,0,0,0,화담숲카페,아메리카노 HOT
2023-05-16,21,5,Spring,0,0,0,화담숲카페,아메리카노 HOT
2023-05-17,13,5,Spring,0,0,0,화담숲카페,아메리카노 HOT
2023-05-18,22,5,Spring,0,0,0,화담숲카페,아메리카노 HOT
2023-05-19,34,5,Spring,0,0,0,화담숲카페,아메리카노 HOT
2023-05-20,38,5,Spring,1,0,1,화담숲카페,아메리카노 HOT
2023-05-21,28,5,Spring,1,0,1,화담숲카페,아메리카노 HOT
2023-05-22,0,5,Spring,0,0,0,화담숲카페,아메리카노 HOT
2023-05-23,9,5,Spring,0,0,0,화담숲카페,아메리카노 HOT
2023-05-24,14,5,Spring,0,0,0,화담숲카페,아메리카노 HOT
2023-05-25,1,5,Spring,0,0,0,화담숲카페,아메리카노 HOT
2023-05-26,9,5,Spring,0,0,0,화담숲카페,아메리카노 HOT
2023-05-27,52,5,Spring,1,1,1,화담숲카페,아메리카노 HOT
2023-05-28,43,5,Spring,1,0,1,화담숲카페,아메리카노 HOT
2023-05-29,19,5,Spring,0,1,1,화담숲카페,아메리카노 HOT
2023-05-30,10,5,Spring,0,0,0,화담숲카페,아메리카노 HOT
2023-05-31,3,5,Spring,0,0,0,화담숲카페,아메리카노 HOT
2023-06-01,15,6,Summer,0,0,0,화담숲카페,아메리카노 HOT
2023-06-02,17,6,Summer,0,0,0,화담숲카페,아메리카노 HOT
2023-06-03,27,6,Summer,1,0,1,화담숲카페,아메리카노 HOT
2023-06-04,16,6,Summer,1,0,1,화담숲카페,아메리카노 HOT
2023-06-05,19,6,Summer,0,0,0,화담숲카페,아메리카노 HOT
2023-06-06,35,6,Summer,0,1,1,화담숲카페,아메리카노 HOT
2023-06-07,15,6,Summer,0,0,0,화담숲카페,아메리카노 HOT
2023-06-08,33,6,Summer,0,0,0,화담숲카페,아메리카노 HOT
2023-06-09,19,6,Summer,0,0,0,화담숲카페,아메리카노 HOT
2023-06-10,22,6,Summer,1,0,1,화담숲카페,아메리카노 HOT
2023-06-11,24,6,Summer,1,0,1,화담숲카페,아메리카노 HOT
2023-06-12,0,6,Summer,0,0,0,화담숲카페,아메리카노 HOT
2023-06-13,13,6,Summer,0,0,0,화담숲카페,아메리카노 HOT
2023-06-14,32,6,Summer,0,0,0,화담숲카페,아메리카노 HOT
2023-06-15,13,6,Summer,0,0,0,화담숲카페,아메리카노 HOT
2023-06-16,10,6,Summer,0,0,0,화담숲카페,아메리카노 HOT
2023-06-17,13,6,Summer,1,0,1,화담숲카페,아메리카노 HOT
2023-06-18,6,6,Summer,1,0,1,화담숲카페,아메리카노 HOT
2023-06-19,0,6,Summer,0,0,0,화담숲카페,아메리카노 HOT
2023-06-20,14,6,Summer,0,0,0,화담숲카페,아메리카노 HOT
2023-06-21,12,6,Summer,0,0,0,화담숲카페,아메리카노 HOT
2023-06-22,25,6,Summer,0,0,0,화담숲카페,아메리카노 HOT
2023-06-23,6,6,Summer,0,0,0,화담숲카페,아메리카노 HOT
2023-06-24,6,6,Summer,1,0,1,화담숲카페,아메리카노 HOT
2023-06-25,8,6,Summer,1,0,1,화담숲카페,아메리카노 HOT
2023-06-26,0,6,Summer,0,0,0,화담숲카페,아메리카노 HOT
2023-06-27,9,6,Summer,0,0,0,화담숲카페,아메리카노 HOT
2023-06-28,5,6,Summer,0,0,0,화담숲카페,아메리카노 HOT
2023-06-29,4,6,Summer,0,0,0,화담숲카페,아메리카노 HOT
2023-06-30,4,6,Summer,0,0,0,화담숲카페,아메리카노 HOT
2023-07-01,10,7,Summer,1,0,1,화담숲카페,아메리카노 HOT
2023-07-02,4,7,Summer,1,0,1,화담숲카페,아메리카노 HOT
2023-07-03,0,7,Summer,0,0,0,화담숲카페,아메리카노 HOT
2023-07-04,6,7,Summer,0,0,0,화담숲카페,아메리카노 HOT
2023-07-05,5,7,Summer,0,0,0,화담숲카페,아메리카노 HOT
2023-07-06,6,7,Summer,0,0,0,화담숲카페,아메리카노 HOT
2023-07-07,7,7,Summer,0,0,0,화담숲카페,아메리카노 HOT
2023-07-08,2,7,Summer,1,0,1,화담숲카페,아메리카노 HOT
2023-07-09,9,7,Summer,1,0,1,화담숲카페,아메리카노 HOT
2023-07-10,0,7,Summer,0,0,0,화담숲카페,아메리카노 HOT
2023-07-11,6,7,Summer,0,0,0,화담숲카페,아메리카노 HOT
2023-07-12,11,7,Summer,0,0,0,화담숲카페,아메리카노 HOT
2023-07-13,0,7,Summer,0,0,0,화담숲카페,아메리카노 HOT
2023-07-14,2,7,Summer,0,0,0,화담숲카페,아메리카노 HOT
2023-07-15,6,7,Summer,1,0,1,화담숲카페,아메리카노 HOT
2023-07-16,4,7,Summer,1,0,1,화담숲카페,아메리카노 HOT
2023-07-17,0,7,Summer,0,0,0,화담숲카페,아메리카노 HOT
2023-07-18,3,7,Summer,0,0,0,화담숲카페,아메리카노 HOT
2023-07-19,0,7,Summer,0,0,0,화담숲카페,아메리카노 HOT
2023-07-20,1,7,Summer,0,0,0,화담숲카페,아메리카노 HOT
2023-07-21,1,7,Summer,0,0,0,화담숲카페,아메리카노 HOT
2023-07-22,8,7,Summer,1,0,1,화담숲카페,아메리카노 HOT
2023-07-23,3,7,Summer,1,0,1,화담숲카페,아메리카노 HOT
2023-07-24,0,7,Summer,0,0,0,화담숲카페,아메리카노 HOT
2023-07-25,2,7,Summer,0,0,0,화담숲카페,아메리카노 HOT
2023-07-26,5,7,Summer,0,0,0,화담숲카페,아메리카노 HOT
2023-07-27,2,7,Summer,0,0,0,화담숲카페,아메리카노 HOT
2023-07-28,1,7,Summer,0,0,0,화담숲카페,아메리카노 HOT
2023-07-29,0,7,Summer,1,0,1,화담숲카페,아메리카노 HOT
2023-07-30,2,7,Summer,1,0,1,화담숲카페,아메리카노 HOT
2023-07-31,0,7,Summer,0,0,0,화담숲카페,아메리카노 HOT
2023-08-01,3,8,Summer,0,0,0,화담숲카페,아메리카노 HOT
2023-08-02,1,8,Summer,0,0,0,화담숲카페,아메리카노 HOT
2023-08-03,4,8,Summer,0,0,0,화담숲카페,아메리카노 HOT
2023-08-04,0,8,Summer,0,0,0,화담숲카페,아메리카노 HOT
2023-08-05,2,8,Summer,1,0,1,화담숲카페,아메리카노 HOT
2023-08-06,0,8,Summer,1,0,1,화담숲카페,아메리카노 HOT
2023-08-07,0,8,Summer,0,0,0,화담숲카페,아메리카노 HOT
2023-08-08,5,8,Summer,0,0,0,화담숲카페,아메리카노 HOT
2023-08-09,5,8,Summer,0,0,0,화담숲카페,아메리카노 HOT
2023-08-10,0,8,Summer,0,0,0,화담숲카페,아메리카노 HOT
2023-08-11,4,8,Summer,0,0,0,화담숲카페,아메리카노 HOT
2023-08-12,14,8,Summer,1,0,1,화담숲카페,아메리카노 HOT
2023-08-13,8,8,Summer,1,0,1,화담숲카페,아메리카노 HOT
2023-08-14,4,8,Summer,0,0,0,화담숲카페,아메리카노 HOT
2023-08-15,4,8,Summer,0,1,1,화담숲카페,아메리카노 HOT
2023-08-16,1,8,Summer,0,0,0,화담숲카페,아메리카노 HOT
2023-08-17,2,8,Summer,0,0,0,화담숲카페,아메리카노 HOT
2023-08-18,6,8,Summer,0,0,0,화담숲카페,아메리카노 HOT
2023-08-19,3,8,Summer,1,0,1,화담숲카페,아메리카노 HOT
2023-08-20,5,8,Summer,1,0,1,화담숲카페,아메리카노 HOT
2023-08-21,0,8,Summer,0,0,0,화담숲카페,아메리카노 HOT
2023-08-22,1,8,Summer,0,0,0,화담숲카페,아메리카노 HOT
2023-08-23,1,8,Summer,0,0,0,화담숲카페,아메리카노 HOT
2023-08-24,1,8,Summer,0,0,0,화담숲카페,아메리카노 HOT
2023-08-25,5,8,Summer,0,0,0,화담숲카페,아메리카노 HOT
2023-08-26,5,8,Summer,1,0,1,화담숲카페,아메리카노 HOT
2023-08-27,4,8,Summer,1,0,1,화담숲카페,아메리카노 HOT
2023-08-28,0,8,Summer,0,0,0,화담숲카페,아메리카노 HOT
2023-08-29,6,8,Summer,0,0,0,화담숲카페,아메리카노 HOT
2023-08-30,7,8,Summer,0,0,0,화담숲카페,아메리카노 HOT
2023-08-31,4,8,Summer,0,0,0,화담숲카페,아메리카노 HOT
2023-09-01,3,9,Autumn,0,0,0,화담숲카페,아메리카노 HOT
2023-09-02,8,9,Autumn,1,0,1,화담숲카페,아메리카노 HOT
2023-09-03,4,9,Autumn,1,0,1,화담숲카페,아메리카노 HOT
2023-09-04,0,9,Autumn,0,0,0,화담숲카페,아메리카노 HOT
2023-09-05,9,9,Autumn,0,0,0,화담숲카페,아메리카노 HOT
2023-09-06,2,9,Autumn,0,0,0,화담숲카페,아메리카노 HOT
2023-09-07,3,9,Autumn,0,0,0,화담숲카페,아메리카노 HOT
2023-09-08,2,9,Autumn,0,0,0,화담숲카페,아메리카노 HOT
2023-09-09,5,9,Autumn,1,0,1,화담숲카페,아메리카노 HOT
2023-09-10,5,9,Autumn,1,0,1,화담숲카페,아메리카노 HOT
2023-09-11,0,9,Autumn,0,0,0,화담숲카페,아메리카노 HOT
2023-09-12,6,9,Autumn,0,0,0,화담숲카페,아메리카노 HOT
2023-09-13,11,9,Autumn,0,0,0,화담숲카페,아메리카노 HOT
2023-09-14,5,9,Autumn,0,0,0,화담숲카페,아메리카노 HOT
2023-09-15,19,9,Autumn,0,0,0,화담숲카페,아메리카노 HOT
2023-09-16,15,9,Autumn,1,0,1,화담숲카페,아메리카노 HOT
2023-09-17,2,9,Autumn,1,0,1,화담숲카페,아메리카노 HOT
2023-09-18,0,9,Autumn,0,0,0,화담숲카페,아메리카노 HOT
2023-09-19,8,9,Autumn,0,0,0,화담숲카페,아메리카노 HOT
2023-09-20,15,9,Autumn,0,0,0,화담숲카페,아메리카노 HOT
2023-09-21,11,9,Autumn,0,0,0,화담숲카페,아메리카노 HOT
2023-09-22,18,9,Autumn,0,0,0,화담숲카페,아메리카노 HOT
2023-09-23,32,9,Autumn,1,0,1,화담숲카페,아메리카노 HOT
2023-09-24,14,9,Autumn,1,0,1,화담숲카페,아메리카노 HOT
2023-09-25,0,9,Autumn,0,0,0,화담숲카페,아메리카노 HOT
2023-09-26,18,9,Autumn,0,0,0,화담숲카페,아메리카노 HOT
2023-09-27,4,9,Autumn,0,0,0,화담숲카페,아메리카노 HOT
2023-09-28,16,9,Autumn,0,1,1,화담숲카페,아메리카노 HOT
2023-09-29,32,9,Autumn,0,1,1,화담숲카페,아메리카노 HOT
2023-09-30,91,9,Autumn,1,1,1,화담숲카페,아메리카노 HOT
2023-10-01,45,10,Autumn,1,0,1,화담숲카페,아메리카노 HOT
2023-10-02,37,10,Autumn,0,1,1,화담숲카페,아메리카노 HOT
2023-10-03,67,10,Autumn,0,1,1,화담숲카페,아메리카노 HOT
2023-10-04,19,10,Autumn,0,0,0,화담숲카페,아메리카노 HOT
2023-10-05,33,10,Autumn,0,0,0,화담숲카페,아메리카노 HOT
2023-10-06,46,10,Autumn,0,0,0,화담숲카페,아메리카노 HOT
2023-10-07,57,10,Autumn,1,0,1,화담숲카페,아메리카노 HOT
2023-10-08,69,10,Autumn,1,0,1,화담숲카페,아메리카노 HOT
2023-10-09,61,10,Autumn,0,1,1,화담숲카페,아메리카노 HOT
2023-10-10,42,10,Autumn,0,0,0,화담숲카페,아메리카노 HOT
2023-10-11,45,10,Autumn,0,0,0,화담숲카페,아메리카노 HOT
2023-10-12,49,10,Autumn,0,0,0,화담숲카페,아메리카노 HOT
2023-10-13,87,10,Autumn,0,0,0,화담숲카페,아메리카노 HOT
2023-10-14,141,10,Autumn,1,0,1,화담숲카페,아메리카노 HOT
2023-10-15,80,10,Autumn,1,0,1,화담숲카페,아메리카노 HOT
2023-10-16,0,10,Autumn,0,0,0,화담숲카페,아메리카노 HOT
2023-10-17,109,10,Autumn,0,0,0,화담숲카페,아메리카노 HOT
2023-10-18,153,10,Autumn,0,0,0,화담숲카페,아메리카노 HOT
2023-10-19,161,10,Autumn,0,0,0,화담숲카페,아메리카노 HOT
2023-10-20,145,10,Autumn,0,0,0,화담숲카페,아메리카노 HOT
2023-10-21,81,10,Autumn,1,0,1,화담숲카페,아메리카노 HOT
2023-10-22,56,10,Autumn,1,0,1,화담숲카페,아메리카노 HOT
2023-10-23,100,10,Autumn,0,0,0,화담숲카페,아메리카노 HOT
2023-10-24,152,10,Autumn,0,0,0,화담숲카페,아메리카노 HOT
2023-10-25,88,10,Autumn,0,0,0,화담숲카페,아메리카노 HOT
2023-10-26,88,10,Autumn,0,0,0,화담숲카페,아메리카노 HOT
2023-10-27,99,10,Autumn,0,0,0,화담숲카페,아메리카노 HOT
2023-10-28,90,10,Autumn,1,0,1,화담숲카페,아메리카노 HOT
2023-10-29,44,10,Autumn,1,0,1,화담숲카페,아메리카노 HOT
2023-10-30,65,10,Autumn,0,0,0,화담숲카페,아메리카노 HOT
2023-10-31,89,10,Autumn,0,0,0,화담숲카페,아메리카노 HOT
2023-11-01,102,11,Autumn,0,0,0,화담숲카페,아메리카노 HOT
2023-11-02,60,11,Autumn,0,0,0,화담숲카페,아메리카노 HOT
2023-11-03,67,11,Autumn,0,0,0,화담숲카페,아메리카노 HOT
2023-11-04,54,11,Autumn,1,0,1,화담숲카페,아메리카노 HOT
2023-11-05,41,11,Autumn,1,0,1,화담숲카페,아메리카노 HOT
2023-11-06,107,11,Autumn,0,0,0,화담숲카페,아메리카노 HOT
2023-11-07,131,11,Autumn,0,0,0,화담숲카페,아메리카노 HOT
2023-11-08,130,11,Autumn,0,0,0,화담숲카페,아메리카노 HOT
2023-11-09,109,11,Autumn,0,0,0,화담숲카페,아메리카노 HOT
2023-11-10,136,11,Autumn,0,0,0,화담숲카페,아메리카노 HOT
2023-11-11,146,11,Autumn,1,0,1,화담숲카페,아메리카노 HOT
2023-11-12,127,11,Autumn,1,0,1,화담숲카페,아메리카노 HOT
2023-11-13,122,11,Autumn,0,0,0,화담숲카페,아메리카노 HOT
2023-11-14,103,11,Autumn,0,0,0,화담숲카페,아메리카노 HOT
2023-11-15,100,11,Autumn,0,0,0,화담숲카페,아메리카노 HOT
2023-11-16,57,11,Autumn,0,0,0,화담숲카페,아메리카노 HOT
2023-11-17,74,11,Autumn,0,0,0,화담숲카페,아메리카노 HOT
2023-11-18,120,11,Autumn,1,0,1,화담숲카페,아메리카노 HOT
2023-11-19,84,11,Autumn,1,0,1,화담숲카페,아메리카노 HOT
2023-11-20,0,11,Autumn,0,0,0,화담숲카페,아메리카노 HOT
2023-11-21,41,11,Autumn,0,0,0,화담숲카페,아메리카노 HOT
2023-11-22,21,11,Autumn,0,0,0,화담숲카페,아메리카노 HOT
2023-11-23,30,11,Autumn,0,0,0,화담숲카페,아메리카노 HOT
2023-11-24,23,11,Autumn,0,0,0,화담숲카페,아메리카노 HOT
2023-11-25,65,11,Autumn,1,0,1,화담숲카페,아메리카노 HOT
2023-11-26,43,11,Autumn,1,0,1,화담숲카페,아메리카노 HOT
2023-11-27,0,11,Autumn,0,0,0,화담숲카페,아메리카노 HOT
2023-11-28,0,11,Autumn,0,0,0,화담숲카페,아메리카노 HOT
2023-11-29,0,11,Autumn,0,0,0,화담숲카페,아메리카노 HOT
2023-11-30,0,11,Autumn,0,0,0,화담숲카페,아메리카노 HOT
2023-12-01,0,12,Winter,0,0,0,화담숲카페,아메리카노 HOT
2023-12-02,0,12,Winter,1,0,1,화담숲카페,아메리카노 HOT
2023-12-03,0,12,Winter,1,0,1,화담숲카페,아메리카노 HOT
2023-12-04,0,12,Winter,0,0,0,화담숲카페,아메리카노 HOT
2023-12-05,0,12,Winter,0,0,0,화담숲카페,아메리카노 HOT
2023-12-06,0,12,Winter,0,0,0,화담숲카페,아메리카노 HOT
2023-12-07,0,12,Winter,0,0,0,화담숲카페,아메리카노 HOT
2023-12-08,0,12,Winter,0,0,0,화담숲카페,아메리카노 HOT
2023-12-09,0,12,Winter,1,0,1,화담숲카페,아메리카노 HOT
2023-12-10,0,12,Winter,1,0,1,화담숲카페,아메리카노 HOT
2023-12-11,0,12,Winter,0,0,0,화담숲카페,아메리카노 HOT
2023-12-12,0,12,Winter,0,0,0,화담숲카페,아메리카노 HOT
2023-12-13,0,12,Winter,0,0,0,화담숲카페,아메리카노 HOT
2023-12-14,0,12,Winter,0,0,0,화담숲카페,아메리카노 HOT
2023-12-15,0,12,Winter,0,0,0,화담숲카페,아메리카노 HOT
2023-12-16,0,12,Winter,1,0,1,화담숲카페,아메리카노 HOT
2023-12-17,0,12,Winter,1,0,1,화담숲카페,아메리카노 HOT
2023-12-18,0,12,Winter,0,0,0,화담숲카페,아메리카노 HOT
2023-12-19,0,12,Winter,0,0,0,화담숲카페,아메리카노 HOT
2023-12-20,0,12,Winter,0,0,0,화담숲카페,아메리카노 HOT
2023-12-21,0,12,Winter,0,0,0,화담숲카페,아메리카노 HOT
2023-12-22,0,12,Winter,0,0,0,화담숲카페,아메리카노 HOT
2023-12-23,0,12,Winter,1,0,1,화담숲카페,아메리카노 HOT
2023-12-24,0,12,Winter,1,0,1,화담숲카페,아메리카노 HOT
2023-12-25,0,12,Winter,0,1,1,화담숲카페,아메리카노 HOT
2023-12-26,0,12,Winter,0,0,0,화담숲카페,아메리카노 HOT
2023-12-27,0,12,Winter,0,0,0,화담숲카페,아메리카노 HOT
2023-12-28,0,12,Winter,0,0,0,화담숲카페,아메리카노 HOT
2023-12-29,0,12,Winter,0,0,0,화담숲카페,아메리카노 HOT
2023-12-30,0,12,Winter,1,0,1,화담숲카페,아메리카노 HOT
2023-12-31,0,12,Winter,1,0,1,화담숲카페,아메리카노 HOT
2024-01-01,0,1,Winter,0,1,1,화담숲카페,아메리카노 HOT
2024-01-02,0,1,Winter,0,0,0,화담숲카페,아메리카노 HOT
2024-01-03,0,1,Winter,0,0,0,화담숲카페,아메리카노 HOT
2024-01-04,0,1,Winter,0,0,0,화담숲카페,아메리카노 HOT
2024-01-05,0,1,Winter,0,0,0,화담숲카페,아메리카노 HOT
2024-01-06,0,1,Winter,1,0,1,화담숲카페,아메리카노 HOT
2024-01-07,0,1,Winter,1,0,1,화담숲카페,아메리카노 HOT
2024-01-08,0,1,Winter,0,0,0,화담숲카페,아메리카노 HOT
2024-01-09,0,1,Winter,0,0,0,화담숲카페,아메리카노 HOT
2024-01-10,0,1,Winter,0,0,0,화담숲카페,아메리카노 HOT
2024-01-11,0,1,Winter,0,0,0,화담숲카페,아메리카노 HOT
2024-01-12,0,1,Winter,0,0,0,화담숲카페,아메리카노 HOT
2024-01-13,0,1,Winter,1,0,1,화담숲카페,아메리카노 HOT
2024-01-14,0,1,Winter,1,0,1,화담숲카페,아메리카노 HOT
2024-01-15,0,1,Winter,0,0,0,화담숲카페,아메리카노 HOT
2024-01-16,0,1,Winter,0,0,0,화담숲카페,아메리카노 HOT
2024-01-17,0,1,Winter,0,0,0,화담숲카페,아메리카노 HOT
2024-01-18,0,1,Winter,0,0,0,화담숲카페,아메리카노 HOT
2024-01-19,0,1,Winter,0,0,0,화담숲카페,아메리카노 HOT
2024-01-20,0,1,Winter,1,0,1,화담숲카페,아메리카노 HOT
2024-01-21,0,1,Winter,1,0,1,화담숲카페,아메리카노 HOT
2024-01-22,0,1,Winter,0,0,0,화담숲카페,아메리카노 HOT
2024-01-23,0,1,Winter,0,0,0,화담숲카페,아메리카노 HOT
2024-01-24,0,1,Winter,0,0,0,화담숲카페,아메리카노 HOT
2024-01-25,0,1,Winter,0,0,0,화담숲카페,아메리카노 HOT
2024-01-26,0,1,Winter,0,0,0,화담숲카페,아메리카노 HOT
2024-01-27,0,1,Winter,1,0,1,화담숲카페,아메리카노 HOT
2024-01-28,0,1,Winter,1,0,1,화담숲카페,아메리카노 HOT
2024-01-29,0,1,Winter,0,0,0,화담숲카페,아메리카노 HOT
2024-01-30,0,1,Winter,0,0,0,화담숲카페,아메리카노 HOT
2024-01-31,0,1,Winter,0,0,0,화담숲카페,아메리카노 HOT
2024-02-01,0,2,Winter,0,0,0,화담숲카페,아메리카노 HOT
2024-02-02,0,2,Winter,0,0,0,화담숲카페,아메리카노 HOT
2024-02-03,0,2,Winter,1,0,1,화담숲카페,아메리카노 HOT
2024-02-04,0,2,Winter,1,0,1,화담숲카페,아메리카노 HOT
2024-02-05,0,2,Winter,0,0,0,화담숲카페,아메리카노 HOT
2024-02-06,0,2,Winter,0,0,0,화담숲카페,아메리카노 HOT
2024-02-07,0,2,Winter,0,0,0,화담숲카페,아메리카노 HOT
2024-02-08,0,2,Winter,0,0,0,화담숲카페,아메리카노 HOT
2024-02-09,0,2,Winter,0,1,1,화담숲카페,아메리카노 HOT
2024-02-10,0,2,Winter,1,1,1,화담숲카페,아메리카노 HOT
2024-02-11,0,2,Winter,1,1,1,화담숲카페,아메리카노 HOT
2024-02-12,0,2,Winter,0,1,1,화담숲카페,아메리카노 HOT
2024-02-13,0,2,Winter,0,0,0,화담숲카페,아메리카노 HOT
2024-02-14,0,2,Winter,0,0,0,화담숲카페,아메리카노 HOT
2024-02-15,0,2,Winter,0,0,0,화담숲카페,아메리카노 HOT
2024-02-16,0,2,Winter,0,0,0,화담숲카페,아메리카노 HOT
2024-02-17,0,2,Winter,1,0,1,화담숲카페,아메리카노 HOT
2024-02-18,0,2,Winter,1,0,1,화담숲카페,아메리카노 HOT
2024-02-19,0,2,Winter,0,0,0,화담숲카페,아메리카노 HOT
2024-02-20,0,2,Winter,0,0,0,화담숲카페,아메리카노 HOT
2024-02-21,0,2,Winter,0,0,0,화담숲카페,아메리카노 HOT
2024-02-22,0,2,Winter,0,0,0,화담숲카페,아메리카노 HOT
2024-02-23,0,2,Winter,0,0,0,화담숲카페,아메리카노 HOT
2024-02-24,0,2,Winter,1,0,1,화담숲카페,아메리카노 HOT
2024-02-25,0,2,Winter,1,0,1,화담숲카페,아메리카노 HOT
2024-02-26,0,2,Winter,0,0,0,화담숲카페,아메리카노 HOT
2024-02-27,0,2,Winter,0,0,0,화담숲카페,아메리카노 HOT
2024-02-28,0,2,Winter,0,0,0,화담숲카페,아메리카노 HOT
2024-02-29,0,2,Winter,0,0,0,화담숲카페,아메리카노 HOT
2024-03-01,0,3,Spring,0,1,1,화담숲카페,아메리카노 HOT
2024-03-02,0,3,Spring,1,0,1,화담숲카페,아메리카노 HOT
2024-03-03,0,3,Spring,1,0,1,화담숲카페,아메리카노 HOT
2024-03-04,0,3,Spring,0,0,0,화담숲카페,아메리카노 HOT
2024-03-05,0,3,Spring,0,0,0,화담숲카페,아메리카노 HOT
2024-03-06,0,3,Spring,0,0,0,화담숲카페,아메리카노 HOT
2024-03-07,0,3,Spring,0,0,0,화담숲카페,아메리카노 HOT
2024-03-08,0,3,Spring,0,0,0,화담숲카페,아메리카노 HOT
2024-03-09,0,3,Spring,1,0,1,화담숲카페,아메리카노 HOT
2024-03-10,0,3,Spring,1,0,1,화담숲카페,아메리카노 HOT
2024-03-11,0,3,Spring,0,0,0,화담숲카페,아메리카노 HOT
2024-03-12,0,3,Spring,0,0,0,화담숲카페,아메리카노 HOT
2024-03-13,0,3,Spring,0,0,0,화담숲카페,아메리카노 HOT
2024-03-14,0,3,Spring,0,0,0,화담숲카페,아메리카노 HOT
2024-03-15,0,3,Spring,0,0,0,화담숲카페,아메리카노 HOT
2024-03-16,0,3,Spring,1,0,1,화담숲카페,아메리카노 HOT
2024-03-17,0,3,Spring,1,0,1,화담숲카페,아메리카노 HOT
2024-03-18,0,3,Spring,0,0,0,화담숲카페,아메리카노 HOT
2024-03-19,0,3,Spring,0,0,0,화담숲카페,아메리카노 HOT
2024-03-20,0,3,Spring,0,0,0,화담숲카페,아메리카노 HOT
2024-03-21,0,3,Spring,0,0,0,화담숲카페,아메리카노 HOT
2024-03-22,0,3,Spring,0,0,0,화담숲카페,아메리카노 HOT
2024-03-23,0,3,Spring,1,0,1,화담숲카페,아메리카노 HOT
2024-03-24,0,3,Spring,1,0,1,화담숲카페,아메리카노 HOT
2024-03-25,0,3,Spring,0,0,0,화담숲카페,아메리카노 HOT
2024-03-26,0,3,Spring,0,0,0,화담숲카페,아메리카노 HOT
2024-03-27,0,3,Spring,0,0,0,화담숲카페,아메리카노 HOT
2024-03-28,0,3,Spring,0,0,0,화담숲카페,아메리카노 HOT
2024-03-29,42,3,Spring,0,0,0,화담숲카페,아메리카노 HOT
2024-03-30,56,3,Spring,1,0,1,화담숲카페,아메리카노 HOT
2024-03-31,46,3,Spring,1,0,1,화담숲카페,아메리카노 HOT
2024-04-01,0,4,Spring,0,0,0,화담숲카페,아메리카노 HOT
2024-04-02,42,4,Spring,0,0,0,화담숲카페,아메리카노 HOT
2024-04-03,63,4,Spring,0,0,0,화담숲카페,아메리카노 HOT
2024-04-04,97,4,Spring,0,0,0,화담숲카페,아메리카노 HOT
2024-04-05,71,4,Spring,0,0,0,화담숲카페,아메리카노 HOT
2024-04-06,43,4,Spring,1,0,1,화담숲카페,아메리카노 HOT
2024-04-07,9,4,Spring,1,0,1,화담숲카페,아메리카노 HOT
2024-04-08,0,4,Spring,0,0,0,화담숲카페,아메리카노 HOT
2024-04-09,49,4,Spring,0,0,0,화담숲카페,아메리카노 HOT
2024-04-10,31,4,Spring,0,1,1,화담숲카페,아메리카노 HOT
2024-04-11,63,4,Spring,0,0,0,화담숲카페,아메리카노 HOT
2024-04-12,24,4,Spring,0,0,0,화담숲카페,아메리카노 HOT
2024-04-13,16,4,Spring,1,0,1,화담숲카페,아메리카노 HOT
2024-04-14,13,4,Spring,1,0,1,화담숲카페,아메리카노 HOT
2024-04-15,0,4,Spring,0,0,0,화담숲카페,아메리카노 HOT
2024-04-16,93,4,Spring,0,0,0,화담숲카페,아메리카노 HOT
2024-04-17,57,4,Spring,0,0,0,화담숲카페,아메리카노 HOT
2024-04-18,50,4,Spring,0,0,0,화담숲카페,아메리카노 HOT
2024-04-19,42,4,Spring,0,0,0,화담숲카페,아메리카노 HOT
2024-04-20,77,4,Spring,1,0,1,화담숲카페,아메리카노 HOT
2024-04-21,72,4,Spring,1,0,1,화담숲카페,아메리카노 HOT
2024-04-22,0,4,Spring,0,0,0,화담숲카페,아메리카노 HOT
2024-04-23,50,4,Spring,0,0,0,화담숲카페,아메리카노 HOT
2024-04-24,80,4,Spring,0,0,0,화담숲카페,아메리카노 HOT
2024-04-25,67,4,Spring,0,0,0,화담숲카페,아메리카노 HOT
2024-04-26,31,4,Spring,0,0,0,화담숲카페,아메리카노 HOT
2024-04-27,28,4,Spring,1,0,1,화담숲카페,아메리카노 HOT
2024-04-28,21,4,Spring,1,0,1,화담숲카페,아메리카노 HOT
2024-04-29,0,4,Spring,0,0,0,화담숲카페,아메리카노 HOT
2024-04-30,36,4,Spring,0,0,0,화담숲카페,아메리카노 HOT
2024-05-01,41,5,Spring,0,0,0,화담숲카페,아메리카노 HOT
2024-05-02,20,5,Spring,0,0,0,화담숲카페,아메리카노 HOT
2024-05-03,26,5,Spring,0,0,0,화담숲카페,아메리카노 HOT
2024-05-04,16,5,Spring,1,0,1,화담숲카페,아메리카노 HOT
2024-05-05,35,5,Spring,1,1,1,화담숲카페,아메리카노 HOT
2024-05-06,29,5,Spring,0,1,1,화담숲카페,아메리카노 HOT
2024-05-07,24,5,Spring,0,0,0,화담숲카페,아메리카노 HOT
2024-05-08,22,5,Spring,0,0,0,화담숲카페,아메리카노 HOT
2024-05-09,29,5,Spring,0,0,0,화담숲카페,아메리카노 HOT
2024-05-10,25,5,Spring,0,0,0,화담숲카페,아메리카노 HOT
2024-05-11,50,5,Spring,1,0,1,화담숲카페,아메리카노 HOT
2024-05-12,46,5,Spring,1,0,1,화담숲카페,아메리카노 HOT
2024-05-13,0,5,Spring,0,0,0,화담숲카페,아메리카노 HOT
2024-05-14,27,5,Spring,0,0,0,화담숲카페,아메리카노 HOT
2024-05-15,60,5,Spring,0,1,1,화담숲카페,아메리카노 HOT
2024-05-16,23,5,Spring,0,0,0,화담숲카페,아메리카노 HOT
2024-05-17,16,5,Spring,0,0,0,화담숲카페,아메리카노 HOT
2024-05-18,16,5,Spring,1,0,1,화담숲카페,아메리카노 HOT
2024-05-19,8,5,Spring,1,0,1,화담숲카페,아메리카노 HOT
2024-05-20,0,5,Spring,0,0,0,화담숲카페,아메리카노 HOT
2024-05-21,15,5,Spring,0,0,0,화담숲카페,아메리카노 HOT
2024-05-22,14,5,Spring,0,0,0,화담숲카페,아메리카노 HOT
2024-05-23,25,5,Spring,0,0,0,화담숲카페,아메리카노 HOT
2024-05-24,18,5,Spring,0,0,0,화담숲카페,아메리카노 HOT
2024-05-25,41,5,Spring,1,0,1,화담숲카페,아메리카노 HOT
2024-05-26,28,5,Spring,1,0,1,화담숲카페,아메리카노 HOT
2024-05-27,0,5,Spring,0,0,0,화담숲카페,아메리카노 HOT
2024-05-28,24,5,Spring,0,0,0,화담숲카페,아메리카노 HOT
2024-05-29,15,5,Spring,0,0,0,화담숲카페,아메리카노 HOT
2024-05-30,23,5,Spring,0,0,0,화담숲카페,아메리카노 HOT
2024-05-31,14,5,Spring,0,0,0,화담숲카페,아메리카노 HOT
2024-06-01,31,6,Summer,1,0,1,화담숲카페,아메리카노 HOT
2024-06-02,8,6,Summer,1,0,1,화담숲카페,아메리카노 HOT
2024-06-03,0,6,Summer,0,0,0,화담숲카페,아메리카노 HOT
2024-06-04,10,6,Summer,0,0,0,화담숲카페,아메리카노 HOT
2024-06-05,9,6,Summer,0,0,0,화담숲카페,아메리카노 HOT
2024-06-06,22,6,Summer,0,1,1,화담숲카페,아메리카노 HOT
2024-06-07,19,6,Summer,0,0,0,화담숲카페,아메리카노 HOT
2024-06-08,32,6,Summer,1,0,1,화담숲카페,아메리카노 HOT
2024-06-09,7,6,Summer,1,0,1,화담숲카페,아메리카노 HOT
2024-06-10,0,6,Summer,0,0,0,화담숲카페,아메리카노 HOT
2024-06-11,10,6,Summer,0,0,0,화담숲카페,아메리카노 HOT
2024-06-12,12,6,Summer,0,0,0,화담숲카페,아메리카노 HOT
2024-06-13,1,6,Summer,0,0,0,화담숲카페,아메리카노 HOT
2024-06-14,6,6,Summer,0,0,0,화담숲카페,아메리카노 HOT
2024-06-15,24,6,Summer,1,0,1,화담숲카페,아메리카노 HOT
2023-01-01,0,1,Winter,1,1,1,화담숲카페,아메리카노 ICE
2023-01-02,0,1,Winter,0,0,0,화담숲카페,아메리카노 ICE
2023-01-03,0,1,Winter,0,0,0,화담숲카페,아메리카노 ICE
2023-01-04,0,1,Winter,0,0,0,화담숲카페,아메리카노 ICE
2023-01-05,0,1,Winter,0,0,0,화담숲카페,아메리카노 ICE
2023-01-06,0,1,Winter,0,0,0,화담숲카페,아메리카노 ICE
2023-01-07,0,1,Winter,1,0,1,화담숲카페,아메리카노 ICE
2023-01-08,0,1,Winter,1,0,1,화담숲카페,아메리카노 ICE
2023-01-09,0,1,Winter,0,0,0,화담숲카페,아메리카노 ICE
2023-01-10,0,1,Winter,0,0,0,화담숲카페,아메리카노 ICE
2023-01-11,0,1,Winter,0,0,0,화담숲카페,아메리카노 ICE
2023-01-12,0,1,Winter,0,0,0,화담숲카페,아메리카노 ICE
2023-01-13,0,1,Winter,0,0,0,화담숲카페,아메리카노 ICE
2023-01-14,0,1,Winter,1,0,1,화담숲카페,아메리카노 ICE
2023-01-15,0,1,Winter,1,0,1,화담숲카페,아메리카노 ICE
2023-01-16,0,1,Winter,0,0,0,화담숲카페,아메리카노 ICE
2023-01-17,0,1,Winter,0,0,0,화담숲카페,아메리카노 ICE
2023-01-18,0,1,Winter,0,0,0,화담숲카페,아메리카노 ICE
2023-01-19,0,1,Winter,0,0,0,화담숲카페,아메리카노 ICE
2023-01-20,0,1,Winter,0,0,0,화담숲카페,아메리카노 ICE
2023-01-21,0,1,Winter,1,1,1,화담숲카페,아메리카노 ICE
2023-01-22,0,1,Winter,1,1,1,화담숲카페,아메리카노 ICE
2023-01-23,0,1,Winter,0,1,1,화담숲카페,아메리카노 ICE
2023-01-24,0,1,Winter,0,1,1,화담숲카페,아메리카노 ICE
2023-01-25,0,1,Winter,0,0,0,화담숲카페,아메리카노 ICE
2023-01-26,0,1,Winter,0,0,0,화담숲카페,아메리카노 ICE
2023-01-27,0,1,Winter,0,0,0,화담숲카페,아메리카노 ICE
2023-01-28,0,1,Winter,1,0,1,화담숲카페,아메리카노 ICE
2023-01-29,0,1,Winter,1,0,1,화담숲카페,아메리카노 ICE
2023-01-30,0,1,Winter,0,0,0,화담숲카페,아메리카노 ICE
2023-01-31,0,1,Winter,0,0,0,화담숲카페,아메리카노 ICE
2023-02-01,0,2,Winter,0,0,0,화담숲카페,아메리카노 ICE
2023-02-02,0,2,Winter,0,0,0,화담숲카페,아메리카노 ICE
2023-02-03,0,2,Winter,0,0,0,화담숲카페,아메리카노 ICE
2023-02-04,0,2,Winter,1,0,1,화담숲카페,아메리카노 ICE
2023-02-05,0,2,Winter,1,0,1,화담숲카페,아메리카노 ICE
2023-02-06,0,2,Winter,0,0,0,화담숲카페,아메리카노 ICE
2023-02-07,0,2,Winter,0,0,0,화담숲카페,아메리카노 ICE
2023-02-08,0,2,Winter,0,0,0,화담숲카페,아메리카노 ICE
2023-02-09,0,2,Winter,0,0,0,화담숲카페,아메리카노 ICE
2023-02-10,0,2,Winter,0,0,0,화담숲카페,아메리카노 ICE
2023-02-11,0,2,Winter,1,0,1,화담숲카페,아메리카노 ICE
2023-02-12,0,2,Winter,1,0,1,화담숲카페,아메리카노 ICE
2023-02-13,0,2,Winter,0,0,0,화담숲카페,아메리카노 ICE
2023-02-14,0,2,Winter,0,0,0,화담숲카페,아메리카노 ICE
2023-02-15,0,2,Winter,0,0,0,화담숲카페,아메리카노 ICE
2023-02-16,0,2,Winter,0,0,0,화담숲카페,아메리카노 ICE
2023-02-17,0,2,Winter,0,0,0,화담숲카페,아메리카노 ICE
2023-02-18,0,2,Winter,1,0,1,화담숲카페,아메리카노 ICE
2023-02-19,0,2,Winter,1,0,1,화담숲카페,아메리카노 ICE
2023-02-20,0,2,Winter,0,0,0,화담숲카페,아메리카노 ICE
2023-02-21,0,2,Winter,0,0,0,화담숲카페,아메리카노 ICE
2023-02-22,0,2,Winter,0,0,0,화담숲카페,아메리카노 ICE
2023-02-23,0,2,Winter,0,0,0,화담숲카페,아메리카노 ICE
2023-02-24,0,2,Winter,0,0,0,화담숲카페,아메리카노 ICE
2023-02-25,0,2,Winter,1,0,1,화담숲카페,아메리카노 ICE
2023-02-26,0,2,Winter,1,0,1,화담숲카페,아메리카노 ICE
2023-02-27,0,2,Winter,0,0,0,화담숲카페,아메리카노 ICE
2023-02-28,0,2,Winter,0,0,0,화담숲카페,아메리카노 ICE
2023-03-01,0,3,Spring,0,1,1,화담숲카페,아메리카노 ICE
2023-03-02,0,3,Spring,0,0,0,화담숲카페,아메리카노 ICE
2023-03-03,0,3,Spring,0,0,0,화담숲카페,아메리카노 ICE
2023-03-04,0,3,Spring,1,0,1,화담숲카페,아메리카노 ICE
2023-03-05,0,3,Spring,1,0,1,화담숲카페,아메리카노 ICE
2023-03-06,0,3,Spring,0,0,0,화담숲카페,아메리카노 ICE
2023-03-07,0,3,Spring,0,0,0,화담숲카페,아메리카노 ICE
2023-03-08,0,3,Spring,0,0,0,화담숲카페,아메리카노 ICE
2023-03-09,0,3,Spring,0,0,0,화담숲카페,아메리카노 ICE
2023-03-10,0,3,Spring,0,0,0,화담숲카페,아메리카노 ICE
2023-03-11,0,3,Spring,1,0,1,화담숲카페,아메리카노 ICE
2023-03-12,0,3,Spring,1,0,1,화담숲카페,아메리카노 ICE
2023-03-13,0,3,Spring,0,0,0,화담숲카페,아메리카노 ICE
2023-03-14,0,3,Spring,0,0,0,화담숲카페,아메리카노 ICE
2023-03-15,0,3,Spring,0,0,0,화담숲카페,아메리카노 ICE
2023-03-16,0,3,Spring,0,0,0,화담숲카페,아메리카노 ICE
2023-03-17,0,3,Spring,0,0,0,화담숲카페,아메리카노 ICE
2023-03-18,0,3,Spring,1,0,1,화담숲카페,아메리카노 ICE
2023-03-19,0,3,Spring,1,0,1,화담숲카페,아메리카노 ICE
2023-03-20,0,3,Spring,0,0,0,화담숲카페,아메리카노 ICE
2023-03-21,0,3,Spring,0,0,0,화담숲카페,아메리카노 ICE
2023-03-22,0,3,Spring,0,0,0,화담숲카페,아메리카노 ICE
2023-03-23,0,3,Spring,0,0,0,화담숲카페,아메리카노 ICE
2023-03-24,0,3,Spring,0,0,0,화담숲카페,아메리카노 ICE
2023-03-25,0,3,Spring,1,0,1,화담숲카페,아메리카노 ICE
2023-03-26,0,3,Spring,1,0,1,화담숲카페,아메리카노 ICE
2023-03-27,0,3,Spring,0,0,0,화담숲카페,아메리카노 ICE
2023-03-28,0,3,Spring,0,0,0,화담숲카페,아메리카노 ICE
2023-03-29,0,3,Spring,0,0,0,화담숲카페,아메리카노 ICE
2023-03-30,0,3,Spring,0,0,0,화담숲카페,아메리카노 ICE
2023-03-31,258,3,Spring,0,0,0,화담숲카페,아메리카노 ICE
2023-04-01,352,4,Spring,1,0,1,화담숲카페,아메리카노 ICE
2023-04-02,260,4,Spring,1,0,1,화담숲카페,아메리카노 ICE
2023-04-03,0,4,Spring,0,0,0,화담숲카페,아메리카노 ICE
2023-04-04,200,4,Spring,0,0,0,화담숲카페,아메리카노 ICE
2023-04-05,5,4,Spring,0,0,0,화담숲카페,아메리카노 ICE
2023-04-06,12,4,Spring,0,0,0,화담숲카페,아메리카노 ICE
2023-04-07,75,4,Spring,0,0,0,화담숲카페,아메리카노 ICE
2023-04-08,114,4,Spring,1,0,1,화담숲카페,아메리카노 ICE
2023-04-09,152,4,Spring,1,0,1,화담숲카페,아메리카노 ICE
2023-04-10,0,4,Spring,0,0,0,화담숲카페,아메리카노 ICE
2023-04-11,17,4,Spring,0,0,0,화담숲카페,아메리카노 ICE
2023-04-12,90,4,Spring,0,0,0,화담숲카페,아메리카노 ICE
2023-04-13,68,4,Spring,0,0,0,화담숲카페,아메리카노 ICE
2023-04-14,190,4,Spring,0,0,0,화담숲카페,아메리카노 ICE
2023-04-15,31,4,Spring,1,0,1,화담숲카페,아메리카노 ICE
2023-04-16,64,4,Spring,1,0,1,화담숲카페,아메리카노 ICE
2023-04-17,0,4,Spring,0,0,0,화담숲카페,아메리카노 ICE
2023-04-18,5,4,Spring,0,0,0,화담숲카페,아메리카노 ICE
2023-04-19,139,4,Spring,0,0,0,화담숲카페,아메리카노 ICE
2023-04-20,48,4,Spring,0,0,0,화담숲카페,아메리카노 ICE
2023-04-21,133,4,Spring,0,0,0,화담숲카페,아메리카노 ICE
2023-04-22,155,4,Spring,1,0,1,화담숲카페,아메리카노 ICE
2023-04-23,157,4,Spring,1,0,1,화담숲카페,아메리카노 ICE
2023-04-24,0,4,Spring,0,0,0,화담숲카페,아메리카노 ICE
2023-04-25,4,4,Spring,0,0,0,화담숲카페,아메리카노 ICE
2023-04-26,9,4,Spring,0,0,0,화담숲카페,아메리카노 ICE
2023-04-27,93,4,Spring,0,0,0,화담숲카페,아메리카노 ICE
2023-04-28,67,4,Spring,0,0,0,화담숲카페,아메리카노 ICE
2023-04-29,16,4,Spring,1,0,1,화담숲카페,아메리카노 ICE
2023-04-30,100,4,Spring,1,0,1,화담숲카페,아메리카노 ICE
2023-05-01,105,5,Spring,0,0,0,화담숲카페,아메리카노 ICE
2023-05-02,96,5,Spring,0,0,0,화담숲카페,아메리카노 ICE
2023-05-03,51,5,Spring,0,0,0,화담숲카페,아메리카노 ICE
2023-05-04,82,5,Spring,0,0,0,화담숲카페,아메리카노 ICE
2023-05-05,21,5,Spring,0,1,1,화담숲카페,아메리카노 ICE
2023-05-06,9,5,Spring,1,0,1,화담숲카페,아메리카노 ICE
2023-05-07,46,5,Spring,1,0,1,화담숲카페,아메리카노 ICE
2023-05-08,0,5,Spring,0,0,0,화담숲카페,아메리카노 ICE
2023-05-09,52,5,Spring,0,0,0,화담숲카페,아메리카노 ICE
2023-05-10,54,5,Spring,0,0,0,화담숲카페,아메리카노 ICE
2023-05-11,74,5,Spring,0,0,0,화담숲카페,아메리카노 ICE
2023-05-12,60,5,Spring,0,0,0,화담숲카페,아메리카노 ICE
2023-05-13,179,5,Spring,1,0,1,화담숲카페,아메리카노 ICE
2023-05-14,83,5,Spring,1,0,1,화담숲카페,아메리카노 ICE
2023-05-15,0,5,Spring,0,0,0,화담숲카페,아메리카노 ICE
2023-05-16,165,5,Spring,0,0,0,화담숲카페,아메리카노 ICE
2023-05-17,65,5,Spring,0,0,0,화담숲카페,아메리카노 ICE
2023-05-18,50,5,Spring,0,0,0,화담숲카페,아메리카노 ICE
2023-05-19,122,5,Spring,0,0,0,화담숲카페,아메리카노 ICE
2023-05-20,205,5,Spring,1,0,1,화담숲카페,아메리카노 ICE
2023-05-21,56,5,Spring,1,0,1,화담숲카페,아메리카노 ICE
2023-05-22,0,5,Spring,0,0,0,화담숲카페,아메리카노 ICE
2023-05-23,75,5,Spring,0,0,0,화담숲카페,아메리카노 ICE
2023-05-24,53,5,Spring,0,0,0,화담숲카페,아메리카노 ICE
2023-05-25,108,5,Spring,0,0,0,화담숲카페,아메리카노 ICE
2023-05-26,51,5,Spring,0,0,0,화담숲카페,아메리카노 ICE
2023-05-27,32,5,Spring,1,1,1,화담숲카페,아메리카노 ICE
2023-05-28,15,5,Spring,1,0,1,화담숲카페,아메리카노 ICE
2023-05-29,94,5,Spring,0,1,1,화담숲카페,아메리카노 ICE
2023-05-30,34,5,Spring,0,0,0,화담숲카페,아메리카노 ICE
2023-05-31,31,5,Spring,0,0,0,화담숲카페,아메리카노 ICE
2023-06-01,45,6,Summer,0,0,0,화담숲카페,아메리카노 ICE
2023-06-02,60,6,Summer,0,0,0,화담숲카페,아메리카노 ICE
2023-06-03,161,6,Summer,1,0,1,화담숲카페,아메리카노 ICE
2023-06-04,143,6,Summer,1,0,1,화담숲카페,아메리카노 ICE
2023-06-05,53,6,Summer,0,0,0,화담숲카페,아메리카노 ICE
2023-06-06,138,6,Summer,0,1,1,화담숲카페,아메리카노 ICE
2023-06-07,44,6,Summer,0,0,0,화담숲카페,아메리카노 ICE
2023-06-08,43,6,Summer,0,0,0,화담숲카페,아메리카노 ICE
2023-06-09,61,6,Summer,0,0,0,화담숲카페,아메리카노 ICE
2023-06-10,136,6,Summer,1,0,1,화담숲카페,아메리카노 ICE
2023-06-11,87,6,Summer,1,0,1,화담숲카페,아메리카노 ICE
2023-06-12,0,6,Summer,0,0,0,화담숲카페,아메리카노 ICE
2023-06-13,86,6,Summer,0,0,0,화담숲카페,아메리카노 ICE
2023-06-14,48,6,Summer,0,0,0,화담숲카페,아메리카노 ICE
2023-06-15,58,6,Summer,0,0,0,화담숲카페,아메리카노 ICE
2023-06-16,80,6,Summer,0,0,0,화담숲카페,아메리카노 ICE
2023-06-17,217,6,Summer,1,0,1,화담숲카페,아메리카노 ICE
2023-06-18,153,6,Summer,1,0,1,화담숲카페,아메리카노 ICE
2023-06-19,0,6,Summer,0,0,0,화담숲카페,아메리카노 ICE
2023-06-20,15,6,Summer,0,0,0,화담숲카페,아메리카노 ICE
2023-06-21,8,6,Summer,0,0,0,화담숲카페,아메리카노 ICE
2023-06-22,35,6,Summer,0,0,0,화담숲카페,아메리카노 ICE
2023-06-23,57,6,Summer,0,0,0,화담숲카페,아메리카노 ICE
2023-06-24,172,6,Summer,1,0,1,화담숲카페,아메리카노 ICE
2023-06-25,101,6,Summer,1,0,1,화담숲카페,아메리카노 ICE
2023-06-26,0,6,Summer,0,0,0,화담숲카페,아메리카노 ICE
2023-06-27,57,6,Summer,0,0,0,화담숲카페,아메리카노 ICE
2023-06-28,28,6,Summer,0,0,0,화담숲카페,아메리카노 ICE
2023-06-29,0,6,Summer,0,0,0,화담숲카페,아메리카노 ICE
2023-06-30,38,6,Summer,0,0,0,화담숲카페,아메리카노 ICE
2023-07-01,132,7,Summer,1,0,1,화담숲카페,아메리카노 ICE
2023-07-02,59,7,Summer,1,0,1,화담숲카페,아메리카노 ICE
2023-07-03,0,7,Summer,0,0,0,화담숲카페,아메리카노 ICE
2023-07-04,6,7,Summer,0,0,0,화담숲카페,아메리카노 ICE
2023-07-05,16,7,Summer,0,0,0,화담숲카페,아메리카노 ICE
2023-07-06,51,7,Summer,0,0,0,화담숲카페,아메리카노 ICE
2023-07-07,32,7,Summer,0,0,0,화담숲카페,아메리카노 ICE
2023-07-08,50,7,Summer,1,0,1,화담숲카페,아메리카노 ICE
2023-07-09,21,7,Summer,1,0,1,화담숲카페,아메리카노 ICE
2023-07-10,0,7,Summer,0,0,0,화담숲카페,아메리카노 ICE
2023-07-11,4,7,Summer,0,0,0,화담숲카페,아메리카노 ICE
2023-07-12,17,7,Summer,0,0,0,화담숲카페,아메리카노 ICE
2023-07-13,2,7,Summer,0,0,0,화담숲카페,아메리카노 ICE
2023-07-14,4,7,Summer,0,0,0,화담숲카페,아메리카노 ICE
2023-07-15,18,7,Summer,1,0,1,화담숲카페,아메리카노 ICE
2023-07-16,30,7,Summer,1,0,1,화담숲카페,아메리카노 ICE
2023-07-17,0,7,Summer,0,0,0,화담숲카페,아메리카노 ICE
2023-07-18,4,7,Summer,0,0,0,화담숲카페,아메리카노 ICE
2023-07-19,17,7,Summer,0,0,0,화담숲카페,아메리카노 ICE
2023-07-20,31,7,Summer,0,0,0,화담숲카페,아메리카노 ICE
2023-07-21,39,7,Summer,0,0,0,화담숲카페,아메리카노 ICE
2023-07-22,37,7,Summer,1,0,1,화담숲카페,아메리카노 ICE
2023-07-23,6,7,Summer,1,0,1,화담숲카페,아메리카노 ICE
2023-07-24,0,7,Summer,0,0,0,화담숲카페,아메리카노 ICE
2023-07-25,21,7,Summer,0,0,0,화담숲카페,아메리카노 ICE
2023-07-26,16,7,Summer,0,0,0,화담숲카페,아메리카노 ICE
2023-07-27,20,7,Summer,0,0,0,화담숲카페,아메리카노 ICE
2023-07-28,30,7,Summer,0,0,0,화담숲카페,아메리카노 ICE
2023-07-29,57,7,Summer,1,0,1,화담숲카페,아메리카노 ICE
2023-07-30,42,7,Summer,1,0,1,화담숲카페,아메리카노 ICE
2023-07-31,0,7,Summer,0,0,0,화담숲카페,아메리카노 ICE
2023-08-01,44,8,Summer,0,0,0,화담숲카페,아메리카노 ICE
2023-08-02,14,8,Summer,0,0,0,화담숲카페,아메리카노 ICE
2023-08-03,14,8,Summer,0,0,0,화담숲카페,아메리카노 ICE
2023-08-04,37,8,Summer,0,0,0,화담숲카페,아메리카노 ICE
2023-08-05,23,8,Summer,1,0,1,화담숲카페,아메리카노 ICE
2023-08-06,24,8,Summer,1,0,1,화담숲카페,아메리카노 ICE
2023-08-07,0,8,Summer,0,0,0,화담숲카페,아메리카노 ICE
2023-08-08,37,8,Summer,0,0,0,화담숲카페,아메리카노 ICE
2023-08-09,17,8,Summer,0,0,0,화담숲카페,아메리카노 ICE
2023-08-10,0,8,Summer,0,0,0,화담숲카페,아메리카노 ICE
2023-08-11,9,8,Summer,0,0,0,화담숲카페,아메리카노 ICE
2023-08-12,18,8,Summer,1,0,1,화담숲카페,아메리카노 ICE
2023-08-13,48,8,Summer,1,0,1,화담숲카페,아메리카노 ICE
2023-08-14,25,8,Summer,0,0,0,화담숲카페,아메리카노 ICE
2023-08-15,70,8,Summer,0,1,1,화담숲카페,아메리카노 ICE
2023-08-16,27,8,Summer,0,0,0,화담숲카페,아메리카노 ICE
2023-08-17,23,8,Summer,0,0,0,화담숲카페,아메리카노 ICE
2023-08-18,26,8,Summer,0,0,0,화담숲카페,아메리카노 ICE
2023-08-19,47,8,Summer,1,0,1,화담숲카페,아메리카노 ICE
2023-08-20,31,8,Summer,1,0,1,화담숲카페,아메리카노 ICE
2023-08-21,0,8,Summer,0,0,0,화담숲카페,아메리카노 ICE
2023-08-22,38,8,Summer,0,0,0,화담숲카페,아메리카노 ICE
2023-08-23,1,8,Summer,0,0,0,화담숲카페,아메리카노 ICE
2023-08-24,4,8,Summer,0,0,0,화담숲카페,아메리카노 ICE
2023-08-25,38,8,Summer,0,0,0,화담숲카페,아메리카노 ICE
2023-08-26,64,8,Summer,1,0,1,화담숲카페,아메리카노 ICE
2023-08-27,65,8,Summer,1,0,1,화담숲카페,아메리카노 ICE
2023-08-28,0,8,Summer,0,0,0,화담숲카페,아메리카노 ICE
2023-08-29,8,8,Summer,0,0,0,화담숲카페,아메리카노 ICE
2023-08-30,4,8,Summer,0,0,0,화담숲카페,아메리카노 ICE
2023-08-31,16,8,Summer,0,0,0,화담숲카페,아메리카노 ICE
2023-09-01,26,9,Autumn,0,0,0,화담숲카페,아메리카노 ICE
2023-09-02,87,9,Autumn,1,0,1,화담숲카페,아메리카노 ICE
2023-09-03,48,9,Autumn,1,0,1,화담숲카페,아메리카노 ICE
2023-09-04,0,9,Autumn,0,0,0,화담숲카페,아메리카노 ICE
2023-09-05,35,9,Autumn,0,0,0,화담숲카페,아메리카노 ICE
2023-09-06,18,9,Autumn,0,0,0,화담숲카페,아메리카노 ICE
2023-09-07,26,9,Autumn,0,0,0,화담숲카페,아메리카노 ICE
2023-09-08,40,9,Autumn,0,0,0,화담숲카페,아메리카노 ICE
2023-09-09,113,9,Autumn,1,0,1,화담숲카페,아메리카노 ICE
2023-09-10,61,9,Autumn,1,0,1,화담숲카페,아메리카노 ICE
2023-09-11,0,9,Autumn,0,0,0,화담숲카페,아메리카노 ICE
2023-09-12,68,9,Autumn,0,0,0,화담숲카페,아메리카노 ICE
2023-09-13,8,9,Autumn,0,0,0,화담숲카페,아메리카노 ICE
2023-09-14,35,9,Autumn,0,0,0,화담숲카페,아메리카노 ICE
2023-09-15,23,9,Autumn,0,0,0,화담숲카페,아메리카노 ICE
2023-09-16,73,9,Autumn,1,0,1,화담숲카페,아메리카노 ICE
2023-09-17,66,9,Autumn,1,0,1,화담숲카페,아메리카노 ICE
2023-09-18,0,9,Autumn,0,0,0,화담숲카페,아메리카노 ICE
2023-09-19,46,9,Autumn,0,0,0,화담숲카페,아메리카노 ICE
2023-09-20,3,9,Autumn,0,0,0,화담숲카페,아메리카노 ICE
2023-09-21,41,9,Autumn,0,0,0,화담숲카페,아메리카노 ICE
2023-09-22,85,9,Autumn,0,0,0,화담숲카페,아메리카노 ICE
2023-09-23,121,9,Autumn,1,0,1,화담숲카페,아메리카노 ICE
2023-09-24,98,9,Autumn,1,0,1,화담숲카페,아메리카노 ICE
2023-09-25,0,9,Autumn,0,0,0,화담숲카페,아메리카노 ICE
2023-09-26,16,9,Autumn,0,0,0,화담숲카페,아메리카노 ICE
2023-09-27,5,9,Autumn,0,0,0,화담숲카페,아메리카노 ICE
2023-09-28,127,9,Autumn,0,1,1,화담숲카페,아메리카노 ICE
2023-09-29,187,9,Autumn,0,1,1,화담숲카페,아메리카노 ICE
2023-09-30,106,9,Autumn,1,1,1,화담숲카페,아메리카노 ICE
2023-10-01,147,10,Autumn,1,0,1,화담숲카페,아메리카노 ICE
2023-10-02,166,10,Autumn,0,1,1,화담숲카페,아메리카노 ICE
2023-10-03,68,10,Autumn,0,1,1,화담숲카페,아메리카노 ICE
2023-10-04,36,10,Autumn,0,0,0,화담숲카페,아메리카노 ICE
2023-10-05,20,10,Autumn,0,0,0,화담숲카페,아메리카노 ICE
2023-10-06,47,10,Autumn,0,0,0,화담숲카페,아메리카노 ICE
2023-10-07,126,10,Autumn,1,0,1,화담숲카페,아메리카노 ICE
2023-10-08,93,10,Autumn,1,0,1,화담숲카페,아메리카노 ICE
2023-10-09,126,10,Autumn,0,1,1,화담숲카페,아메리카노 ICE
2023-10-10,62,10,Autumn,0,0,0,화담숲카페,아메리카노 ICE
2023-10-11,96,10,Autumn,0,0,0,화담숲카페,아메리카노 ICE
2023-10-12,112,10,Autumn,0,0,0,화담숲카페,아메리카노 ICE
2023-10-13,152,10,Autumn,0,0,0,화담숲카페,아메리카노 ICE
2023-10-14,75,10,Autumn,1,0,1,화담숲카페,아메리카노 ICE
2023-10-15,86,10,Autumn,1,0,1,화담숲카페,아메리카노 ICE
2023-10-16,0,10,Autumn,0,0,0,화담숲카페,아메리카노 ICE
2023-10-17,129,10,Autumn,0,0,0,화담숲카페,아메리카노 ICE
2023-10-18,112,10,Autumn,0,0,0,화담숲카페,아메리카노 ICE
2023-10-19,61,10,Autumn,0,0,0,화담숲카페,아메리카노 ICE
2023-10-20,56,10,Autumn,0,0,0,화담숲카페,아메리카노 ICE
2023-10-21,92,10,Autumn,1,0,1,화담숲카페,아메리카노 ICE
2023-10-22,65,10,Autumn,1,0,1,화담숲카페,아메리카노 ICE
2023-10-23,111,10,Autumn,0,0,0,화담숲카페,아메리카노 ICE
2023-10-24,93,10,Autumn,0,0,0,화담숲카페,아메리카노 ICE
2023-10-25,198,10,Autumn,0,0,0,화담숲카페,아메리카노 ICE
2023-10-26,115,10,Autumn,0,0,0,화담숲카페,아메리카노 ICE
2023-10-27,137,10,Autumn,0,0,0,화담숲카페,아메리카노 ICE
2023-10-28,120,10,Autumn,1,0,1,화담숲카페,아메리카노 ICE
2023-10-29,125,10,Autumn,1,0,1,화담숲카페,아메리카노 ICE
2023-10-30,167,10,Autumn,0,0,0,화담숲카페,아메리카노 ICE
2023-10-31,145,10,Autumn,0,0,0,화담숲카페,아메리카노 ICE
2023-11-01,72,11,Autumn,0,0,0,화담숲카페,아메리카노 ICE
2023-11-02,270,11,Autumn,0,0,0,화담숲카페,아메리카노 ICE
2023-11-03,150,11,Autumn,0,0,0,화담숲카페,아메리카노 ICE
2023-11-04,143,11,Autumn,1,0,1,화담숲카페,아메리카노 ICE
2023-11-05,94,11,Autumn,1,0,1,화담숲카페,아메리카노 ICE
2023-11-06,31,11,Autumn,0,0,0,화담숲카페,아메리카노 ICE
2023-11-07,53,11,Autumn,0,0,0,화담숲카페,아메리카노 ICE
2023-11-08,94,11,Autumn,0,0,0,화담숲카페,아메리카노 ICE
2023-11-09,108,11,Autumn,0,0,0,화담숲카페,아메리카노 ICE
2023-11-10,24,11,Autumn,0,0,0,화담숲카페,아메리카노 ICE
2023-11-11,31,11,Autumn,1,0,1,화담숲카페,아메리카노 ICE
2023-11-12,25,11,Autumn,1,0,1,화담숲카페,아메리카노 ICE
2023-11-13,14,11,Autumn,0,0,0,화담숲카페,아메리카노 ICE
2023-11-14,42,11,Autumn,0,0,0,화담숲카페,아메리카노 ICE
2023-11-15,21,11,Autumn,0,0,0,화담숲카페,아메리카노 ICE
2023-11-16,4,11,Autumn,0,0,0,화담숲카페,아메리카노 ICE
2023-11-17,11,11,Autumn,0,0,0,화담숲카페,아메리카노 ICE
2023-11-18,17,11,Autumn,1,0,1,화담숲카페,아메리카노 ICE
2023-11-19,25,11,Autumn,1,0,1,화담숲카페,아메리카노 ICE
2023-11-20,0,11,Autumn,0,0,0,화담숲카페,아메리카노 ICE
2023-11-21,24,11,Autumn,0,0,0,화담숲카페,아메리카노 ICE
2023-11-22,7,11,Autumn,0,0,0,화담숲카페,아메리카노 ICE
2023-11-23,10,11,Autumn,0,0,0,화담숲카페,아메리카노 ICE
2023-11-24,3,11,Autumn,0,0,0,화담숲카페,아메리카노 ICE
2023-11-25,11,11,Autumn,1,0,1,화담숲카페,아메리카노 ICE
2023-11-26,15,11,Autumn,1,0,1,화담숲카페,아메리카노 ICE
2023-11-27,0,11,Autumn,0,0,0,화담숲카페,아메리카노 ICE
2023-11-28,0,11,Autumn,0,0,0,화담숲카페,아메리카노 ICE
2023-11-29,0,11,Autumn,0,0,0,화담숲카페,아메리카노 ICE
2023-11-30,0,11,Autumn,0,0,0,화담숲카페,아메리카노 ICE
2023-12-01,0,12,Winter,0,0,0,화담숲카페,아메리카노 ICE
2023-12-02,0,12,Winter,1,0,1,화담숲카페,아메리카노 ICE
2023-12-03,0,12,Winter,1,0,1,화담숲카페,아메리카노 ICE
2023-12-04,0,12,Winter,0,0,0,화담숲카페,아메리카노 ICE
2023-12-05,0,12,Winter,0,0,0,화담숲카페,아메리카노 ICE
2023-12-06,0,12,Winter,0,0,0,화담숲카페,아메리카노 ICE
2023-12-07,0,12,Winter,0,0,0,화담숲카페,아메리카노 ICE
2023-12-08,0,12,Winter,0,0,0,화담숲카페,아메리카노 ICE
2023-12-09,0,12,Winter,1,0,1,화담숲카페,아메리카노 ICE
2023-12-10,0,12,Winter,1,0,1,화담숲카페,아메리카노 ICE
2023-12-11,0,12,Winter,0,0,0,화담숲카페,아메리카노 ICE
2023-12-12,0,12,Winter,0,0,0,화담숲카페,아메리카노 ICE
2023-12-13,0,12,Winter,0,0,0,화담숲카페,아메리카노 ICE
2023-12-14,0,12,Winter,0,0,0,화담숲카페,아메리카노 ICE
2023-12-15,0,12,Winter,0,0,0,화담숲카페,아메리카노 ICE
2023-12-16,0,12,Winter,1,0,1,화담숲카페,아메리카노 ICE
2023-12-17,0,12,Winter,1,0,1,화담숲카페,아메리카노 ICE
2023-12-18,0,12,Winter,0,0,0,화담숲카페,아메리카노 ICE
2023-12-19,0,12,Winter,0,0,0,화담숲카페,아메리카노 ICE
2023-12-20,0,12,Winter,0,0,0,화담숲카페,아메리카노 ICE
2023-12-21,0,12,Winter,0,0,0,화담숲카페,아메리카노 ICE
2023-12-22,0,12,Winter,0,0,0,화담숲카페,아메리카노 ICE
2023-12-23,0,12,Winter,1,0,1,화담숲카페,아메리카노 ICE
2023-12-24,0,12,Winter,1,0,1,화담숲카페,아메리카노 ICE
2023-12-25,0,12,Winter,0,1,1,화담숲카페,아메리카노 ICE
2023-12-26,0,12,Winter,0,0,0,화담숲카페,아메리카노 ICE
2023-12-27,0,12,Winter,0,0,0,화담숲카페,아메리카노 ICE
2023-12-28,0,12,Winter,0,0,0,화담숲카페,아메리카노 ICE
2023-12-29,0,12,Winter,0,0,0,화담숲카페,아메리카노 ICE
2023-12-30,0,12,Winter,1,0,1,화담숲카페,아메리카노 ICE
2023-12-31,0,12,Winter,1,0,1,화담숲카페,아메리카노 ICE
2024-01-01,0,1,Winter,0,1,1,화담숲카페,아메리카노 ICE
2024-01-02,0,1,Winter,0,0,0,화담숲카페,아메리카노 ICE
2024-01-03,0,1,Winter,0,0,0,화담숲카페,아메리카노 ICE
2024-01-04,0,1,Winter,0,0,0,화담숲카페,아메리카노 ICE
2024-01-05,0,1,Winter,0,0,0,화담숲카페,아메리카노 ICE
2024-01-06,0,1,Winter,1,0,1,화담숲카페,아메리카노 ICE
2024-01-07,0,1,Winter,1,0,1,화담숲카페,아메리카노 ICE
2024-01-08,0,1,Winter,0,0,0,화담숲카페,아메리카노 ICE
2024-01-09,0,1,Winter,0,0,0,화담숲카페,아메리카노 ICE
2024-01-10,0,1,Winter,0,0,0,화담숲카페,아메리카노 ICE
2024-01-11,0,1,Winter,0,0,0,화담숲카페,아메리카노 ICE
2024-01-12,0,1,Winter,0,0,0,화담숲카페,아메리카노 ICE
2024-01-13,0,1,Winter,1,0,1,화담숲카페,아메리카노 ICE
2024-01-14,0,1,Winter,1,0,1,화담숲카페,아메리카노 ICE
2024-01-15,0,1,Winter,0,0,0,화담숲카페,아메리카노 ICE
2024-01-16,0,1,Winter,0,0,0,화담숲카페,아메리카노 ICE
2024-01-17,0,1,Winter,0,0,0,화담숲카페,아메리카노 ICE
2024-01-18,0,1,Winter,0,0,0,화담숲카페,아메리카노 ICE
2024-01-19,0,1,Winter,0,0,0,화담숲카페,아메리카노 ICE
2024-01-20,0,1,Winter,1,0,1,화담숲카페,아메리카노 ICE
2024-01-21,0,1,Winter,1,0,1,화담숲카페,아메리카노 ICE
2024-01-22,0,1,Winter,0,0,0,화담숲카페,아메리카노 ICE
2024-01-23,0,1,Winter,0,0,0,화담숲카페,아메리카노 ICE
2024-01-24,0,1,Winter,0,0,0,화담숲카페,아메리카노 ICE
2024-01-25,0,1,Winter,0,0,0,화담숲카페,아메리카노 ICE
2024-01-26,0,1,Winter,0,0,0,화담숲카페,아메리카노 ICE
2024-01-27,0,1,Winter,1,0,1,화담숲카페,아메리카노 ICE
2024-01-28,0,1,Winter,1,0,1,화담숲카페,아메리카노 ICE
2024-01-29,0,1,Winter,0,0,0,화담숲카페,아메리카노 ICE
2024-01-30,0,1,Winter,0,0,0,화담숲카페,아메리카노 ICE
2024-01-31,0,1,Winter,0,0,0,화담숲카페,아메리카노 ICE
2024-02-01,0,2,Winter,0,0,0,화담숲카페,아메리카노 ICE
2024-02-02,0,2,Winter,0,0,0,화담숲카페,아메리카노 ICE
2024-02-03,0,2,Winter,1,0,1,화담숲카페,아메리카노 ICE
2024-02-04,0,2,Winter,1,0,1,화담숲카페,아메리카노 ICE
2024-02-05,0,2,Winter,0,0,0,화담숲카페,아메리카노 ICE
2024-02-06,0,2,Winter,0,0,0,화담숲카페,아메리카노 ICE
2024-02-07,0,2,Winter,0,0,0,화담숲카페,아메리카노 ICE
2024-02-08,0,2,Winter,0,0,0,화담숲카페,아메리카노 ICE
2024-02-09,0,2,Winter,0,1,1,화담숲카페,아메리카노 ICE
2024-02-10,0,2,Winter,1,1,1,화담숲카페,아메리카노 ICE
2024-02-11,0,2,Winter,1,1,1,화담숲카페,아메리카노 ICE
2024-02-12,0,2,Winter,0,1,1,화담숲카페,아메리카노 ICE
2024-02-13,0,2,Winter,0,0,0,화담숲카페,아메리카노 ICE
2024-02-14,0,2,Winter,0,0,0,화담숲카페,아메리카노 ICE
2024-02-15,0,2,Winter,0,0,0,화담숲카페,아메리카노 ICE
2024-02-16,0,2,Winter,0,0,0,화담숲카페,아메리카노 ICE
2024-02-17,0,2,Winter,1,0,1,화담숲카페,아메리카노 ICE
2024-02-18,0,2,Winter,1,0,1,화담숲카페,아메리카노 ICE
2024-02-19,0,2,Winter,0,0,0,화담숲카페,아메리카노 ICE
2024-02-20,0,2,Winter,0,0,0,화담숲카페,아메리카노 ICE
2024-02-21,0,2,Winter,0,0,0,화담숲카페,아메리카노 ICE
2024-02-22,0,2,Winter,0,0,0,화담숲카페,아메리카노 ICE
2024-02-23,0,2,Winter,0,0,0,화담숲카페,아메리카노 ICE
2024-02-24,0,2,Winter,1,0,1,화담숲카페,아메리카노 ICE
2024-02-25,0,2,Winter,1,0,1,화담숲카페,아메리카노 ICE
2024-02-26,0,2,Winter,0,0,0,화담숲카페,아메리카노 ICE
2024-02-27,0,2,Winter,0,0,0,화담숲카페,아메리카노 ICE
2024-02-28,0,2,Winter,0,0,0,화담숲카페,아메리카노 ICE
2024-02-29,0,2,Winter,0,0,0,화담숲카페,아메리카노 ICE
2024-03-01,0,3,Spring,0,1,1,화담숲카페,아메리카노 ICE
2024-03-02,0,3,Spring,1,0,1,화담숲카페,아메리카노 ICE
2024-03-03,0,3,Spring,1,0,1,화담숲카페,아메리카노 ICE
2024-03-04,0,3,Spring,0,0,0,화담숲카페,아메리카노 ICE
2024-03-05,0,3,Spring,0,0,0,화담숲카페,아메리카노 ICE
2024-03-06,0,3,Spring,0,0,0,화담숲카페,아메리카노 ICE
2024-03-07,0,3,Spring,0,0,0,화담숲카페,아메리카노 ICE
2024-03-08,0,3,Spring,0,0,0,화담숲카페,아메리카노 ICE
2024-03-09,0,3,Spring,1,0,1,화담숲카페,아메리카노 ICE
2024-03-10,0,3,Spring,1,0,1,화담숲카페,아메리카노 ICE
2024-03-11,0,3,Spring,0,0,0,화담숲카페,아메리카노 ICE
2024-03-12,0,3,Spring,0,0,0,화담숲카페,아메리카노 ICE
2024-03-13,0,3,Spring,0,0,0,화담숲카페,아메리카노 ICE
2024-03-14,0,3,Spring,0,0,0,화담숲카페,아메리카노 ICE
2024-03-15,0,3,Spring,0,0,0,화담숲카페,아메리카노 ICE
2024-03-16,0,3,Spring,1,0,1,화담숲카페,아메리카노 ICE
2024-03-17,0,3,Spring,1,0,1,화담숲카페,아메리카노 ICE
2024-03-18,0,3,Spring,0,0,0,화담숲카페,아메리카노 ICE
2024-03-19,0,3,Spring,0,0,0,화담숲카페,아메리카노 ICE
2024-03-20,0,3,Spring,0,0,0,화담숲카페,아메리카노 ICE
2024-03-21,0,3,Spring,0,0,0,화담숲카페,아메리카노 ICE
2024-03-22,0,3,Spring,0,0,0,화담숲카페,아메리카노 ICE
2024-03-23,0,3,Spring,1,0,1,화담숲카페,아메리카노 ICE
2024-03-24,0,3,Spring,1,0,1,화담숲카페,아메리카노 ICE
2024-03-25,0,3,Spring,0,0,0,화담숲카페,아메리카노 ICE
2024-03-26,0,3,Spring,0,0,0,화담숲카페,아메리카노 ICE
2024-03-27,0,3,Spring,0,0,0,화담숲카페,아메리카노 ICE
2024-03-28,0,3,Spring,0,0,0,화담숲카페,아메리카노 ICE
2024-03-29,27,3,Spring,0,0,0,화담숲카페,아메리카노 ICE
2024-03-30,103,3,Spring,1,0,1,화담숲카페,아메리카노 ICE
2024-03-31,162,3,Spring,1,0,1,화담숲카페,아메리카노 ICE
2024-04-01,0,4,Spring,0,0,0,화담숲카페,아메리카노 ICE
2024-04-02,199,4,Spring,0,0,0,화담숲카페,아메리카노 ICE
2024-04-03,55,4,Spring,0,0,0,화담숲카페,아메리카노 ICE
2024-04-04,90,4,Spring,0,0,0,화담숲카페,아메리카노 ICE
2024-04-05,150,4,Spring,0,0,0,화담숲카페,아메리카노 ICE
2024-04-06,150,4,Spring,1,0,1,화담숲카페,아메리카노 ICE
2024-04-07,247,4,Spring,1,0,1,화담숲카페,아메리카노 ICE
2024-04-08,0,4,Spring,0,0,0,화담숲카페,아메리카노 ICE
2024-04-09,175,4,Spring,0,0,0,화담숲카페,아메리카노 ICE
2024-04-10,126,4,Spring,0,1,1,화담숲카페,아메리카노 ICE
2024-04-11,181,4,Spring,0,0,0,화담숲카페,아메리카노 ICE
2024-04-12,286,4,Spring,0,0,0,화담숲카페,아메리카노 ICE
2024-04-13,336,4,Spring,1,0,1,화담숲카페,아메리카노 ICE
2024-04-14,285,4,Spring,1,0,1,화담숲카페,아메리카노 ICE
2024-04-15,0,4,Spring,0,0,0,화담숲카페,아메리카노 ICE
2024-04-16,105,4,Spring,0,0,0,화담숲카페,아메리카노 ICE
2024-04-17,165,4,Spring,0,0,0,화담숲카페,아메리카노 ICE
2024-04-18,238,4,Spring,0,0,0,화담숲카페,아메리카노 ICE
2024-04-19,207,4,Spring,0,0,0,화담숲카페,아메리카노 ICE
2024-04-20,35,4,Spring,1,0,1,화담숲카페,아메리카노 ICE
2024-04-21,93,4,Spring,1,0,1,화담숲카페,아메리카노 ICE
2024-04-22,0,4,Spring,0,0,0,화담숲카페,아메리카노 ICE
2024-04-23,128,4,Spring,0,0,0,화담숲카페,아메리카노 ICE
2024-04-24,27,4,Spring,0,0,0,화담숲카페,아메리카노 ICE
2024-04-25,99,4,Spring,0,0,0,화담숲카페,아메리카노 ICE
2024-04-26,214,4,Spring,0,0,0,화담숲카페,아메리카노 ICE
2024-04-27,250,4,Spring,1,0,1,화담숲카페,아메리카노 ICE
2024-04-28,240,4,Spring,1,0,1,화담숲카페,아메리카노 ICE
2024-04-29,0,4,Spring,0,0,0,화담숲카페,아메리카노 ICE
2024-04-30,111,4,Spring,0,0,0,화담숲카페,아메리카노 ICE
2024-05-01,174,5,Spring,0,0,0,화담숲카페,아메리카노 ICE
2024-05-02,89,5,Spring,0,0,0,화담숲카페,아메리카노 ICE
2024-05-03,92,5,Spring,0,0,0,화담숲카페,아메리카노 ICE
2024-05-04,251,5,Spring,1,0,1,화담숲카페,아메리카노 ICE
2024-05-05,8,5,Spring,1,1,1,화담숲카페,아메리카노 ICE
2024-05-06,3,5,Spring,0,1,1,화담숲카페,아메리카노 ICE
2024-05-07,3,5,Spring,0,0,0,화담숲카페,아메리카노 ICE
2024-05-08,41,5,Spring,0,0,0,화담숲카페,아메리카노 ICE
2024-05-09,71,5,Spring,0,0,0,화담숲카페,아메리카노 ICE
2024-05-10,79,5,Spring,0,0,0,화담숲카페,아메리카노 ICE
2024-05-11,54,5,Spring,1,0,1,화담숲카페,아메리카노 ICE
2024-05-12,79,5,Spring,1,0,1,화담숲카페,아메리카노 ICE
2024-05-13,0,5,Spring,0,0,0,화담숲카페,아메리카노 ICE
2024-05-14,81,5,Spring,0,0,0,화담숲카페,아메리카노 ICE
2024-05-15,36,5,Spring,0,1,1,화담숲카페,아메리카노 ICE
2024-05-16,28,5,Spring,0,0,0,화담숲카페,아메리카노 ICE
2024-05-17,105,5,Spring,0,0,0,화담숲카페,아메리카노 ICE
2024-05-18,184,5,Spring,1,0,1,화담숲카페,아메리카노 ICE
2024-05-19,124,5,Spring,1,0,1,화담숲카페,아메리카노 ICE
2024-05-20,0,5,Spring,0,0,0,화담숲카페,아메리카노 ICE
2024-05-21,93,5,Spring,0,0,0,화담숲카페,아메리카노 ICE
2024-05-22,49,5,Spring,0,0,0,화담숲카페,아메리카노 ICE
2024-05-23,76,5,Spring,0,0,0,화담숲카페,아메리카노 ICE
2024-05-24,85,5,Spring,0,0,0,화담숲카페,아메리카노 ICE
2024-05-25,135,5,Spring,1,0,1,화담숲카페,아메리카노 ICE
2024-05-26,60,5,Spring,1,0,1,화담숲카페,아메리카노 ICE
2024-05-27,0,5,Spring,0,0,0,화담숲카페,아메리카노 ICE
2024-05-28,53,5,Spring,0,0,0,화담숲카페,아메리카노 ICE
2024-05-29,55,5,Spring,0,0,0,화담숲카페,아메리카노 ICE
2024-05-30,79,5,Spring,0,0,0,화담숲카페,아메리카노 ICE
2024-05-31,87,5,Spring,0,0,0,화담숲카페,아메리카노 ICE
2024-06-01,136,6,Summer,1,0,1,화담숲카페,아메리카노 ICE
2024-06-02,81,6,Summer,1,0,1,화담숲카페,아메리카노 ICE
2024-06-03,0,6,Summer,0,0,0,화담숲카페,아메리카노 ICE
2024-06-04,104,6,Summer,0,0,0,화담숲카페,아메리카노 ICE
2024-06-05,50,6,Summer,0,0,0,화담숲카페,아메리카노 ICE
2024-06-06,203,6,Summer,0,1,1,화담숲카페,아메리카노 ICE
2024-06-07,113,6,Summer,0,0,0,화담숲카페,아메리카노 ICE
2024-06-08,47,6,Summer,1,0,1,화담숲카페,아메리카노 ICE
2024-06-09,90,6,Summer,1,0,1,화담숲카페,아메리카노 ICE
2024-06-10,0,6,Summer,0,0,0,화담숲카페,아메리카노 ICE
2024-06-11,72,6,Summer,0,0,0,화담숲카페,아메리카노 ICE
2024-06-12,65,6,Summer,0,0,0,화담숲카페,아메리카노 ICE
2024-06-13,95,6,Summer,0,0,0,화담숲카페,아메리카노 ICE
2024-06-14,69,6,Summer,0,0,0,화담숲카페,아메리카노 ICE
2024-06-15,103,6,Summer,1,0,1,화담숲카페,아메리카노 ICE
2023-01-01,0,1,Winter,1,1,1,화담숲카페,카페라떼 ICE
2023-01-02,0,1,Winter,0,0,0,화담숲카페,카페라떼 ICE
2023-01-03,0,1,Winter,0,0,0,화담숲카페,카페라떼 ICE
2023-01-04,0,1,Winter,0,0,0,화담숲카페,카페라떼 ICE
2023-01-05,0,1,Winter,0,0,0,화담숲카페,카페라떼 ICE
2023-01-06,0,1,Winter,0,0,0,화담숲카페,카페라떼 ICE
2023-01-07,0,1,Winter,1,0,1,화담숲카페,카페라떼 ICE
2023-01-08,0,1,Winter,1,0,1,화담숲카페,카페라떼 ICE
2023-01-09,0,1,Winter,0,0,0,화담숲카페,카페라떼 ICE
2023-01-10,0,1,Winter,0,0,0,화담숲카페,카페라떼 ICE
2023-01-11,0,1,Winter,0,0,0,화담숲카페,카페라떼 ICE
2023-01-12,0,1,Winter,0,0,0,화담숲카페,카페라떼 ICE
2023-01-13,0,1,Winter,0,0,0,화담숲카페,카페라떼 ICE
2023-01-14,0,1,Winter,1,0,1,화담숲카페,카페라떼 ICE
2023-01-15,0,1,Winter,1,0,1,화담숲카페,카페라떼 ICE
2023-01-16,0,1,Winter,0,0,0,화담숲카페,카페라떼 ICE
2023-01-17,0,1,Winter,0,0,0,화담숲카페,카페라떼 ICE
2023-01-18,0,1,Winter,0,0,0,화담숲카페,카페라떼 ICE
2023-01-19,0,1,Winter,0,0,0,화담숲카페,카페라떼 ICE
2023-01-20,0,1,Winter,0,0,0,화담숲카페,카페라떼 ICE
2023-01-21,0,1,Winter,1,1,1,화담숲카페,카페라떼 ICE
2023-01-22,0,1,Winter,1,1,1,화담숲카페,카페라떼 ICE
2023-01-23,0,1,Winter,0,1,1,화담숲카페,카페라떼 ICE
2023-01-24,0,1,Winter,0,1,1,화담숲카페,카페라떼 ICE
2023-01-25,0,1,Winter,0,0,0,화담숲카페,카페라떼 ICE
2023-01-26,0,1,Winter,0,0,0,화담숲카페,카페라떼 ICE
2023-01-27,0,1,Winter,0,0,0,화담숲카페,카페라떼 ICE
2023-01-28,0,1,Winter,1,0,1,화담숲카페,카페라떼 ICE
2023-01-29,0,1,Winter,1,0,1,화담숲카페,카페라떼 ICE
2023-01-30,0,1,Winter,0,0,0,화담숲카페,카페라떼 ICE
2023-01-31,0,1,Winter,0,0,0,화담숲카페,카페라떼 ICE
2023-02-01,0,2,Winter,0,0,0,화담숲카페,카페라떼 ICE
2023-02-02,0,2,Winter,0,0,0,화담숲카페,카페라떼 ICE
2023-02-03,0,2,Winter,0,0,0,화담숲카페,카페라떼 ICE
2023-02-04,0,2,Winter,1,0,1,화담숲카페,카페라떼 ICE
2023-02-05,0,2,Winter,1,0,1,화담숲카페,카페라떼 ICE
2023-02-06,0,2,Winter,0,0,0,화담숲카페,카페라떼 ICE
2023-02-07,0,2,Winter,0,0,0,화담숲카페,카페라떼 ICE
2023-02-08,0,2,Winter,0,0,0,화담숲카페,카페라떼 ICE
2023-02-09,0,2,Winter,0,0,0,화담숲카페,카페라떼 ICE
2023-02-10,0,2,Winter,0,0,0,화담숲카페,카페라떼 ICE
2023-02-11,0,2,Winter,1,0,1,화담숲카페,카페라떼 ICE
2023-02-12,0,2,Winter,1,0,1,화담숲카페,카페라떼 ICE
2023-02-13,0,2,Winter,0,0,0,화담숲카페,카페라떼 ICE
2023-02-14,0,2,Winter,0,0,0,화담숲카페,카페라떼 ICE
2023-02-15,0,2,Winter,0,0,0,화담숲카페,카페라떼 ICE
2023-02-16,0,2,Winter,0,0,0,화담숲카페,카페라떼 ICE
2023-02-17,0,2,Winter,0,0,0,화담숲카페,카페라떼 ICE
2023-02-18,0,2,Winter,1,0,1,화담숲카페,카페라떼 ICE
2023-02-19,0,2,Winter,1,0,1,화담숲카페,카페라떼 ICE
2023-02-20,0,2,Winter,0,0,0,화담숲카페,카페라떼 ICE
2023-02-21,0,2,Winter,0,0,0,화담숲카페,카페라떼 ICE
2023-02-22,0,2,Winter,0,0,0,화담숲카페,카페라떼 ICE
2023-02-23,0,2,Winter,0,0,0,화담숲카페,카페라떼 ICE
2023-02-24,0,2,Winter,0,0,0,화담숲카페,카페라떼 ICE
2023-02-25,0,2,Winter,1,0,1,화담숲카페,카페라떼 ICE
2023-02-26,0,2,Winter,1,0,1,화담숲카페,카페라떼 ICE
2023-02-27,0,2,Winter,0,0,0,화담숲카페,카페라떼 ICE
2023-02-28,0,2,Winter,0,0,0,화담숲카페,카페라떼 ICE
2023-03-01,0,3,Spring,0,1,1,화담숲카페,카페라떼 ICE
2023-03-02,0,3,Spring,0,0,0,화담숲카페,카페라떼 ICE
2023-03-03,0,3,Spring,0,0,0,화담숲카페,카페라떼 ICE
2023-03-04,0,3,Spring,1,0,1,화담숲카페,카페라떼 ICE
2023-03-05,0,3,Spring,1,0,1,화담숲카페,카페라떼 ICE
2023-03-06,0,3,Spring,0,0,0,화담숲카페,카페라떼 ICE
2023-03-07,0,3,Spring,0,0,0,화담숲카페,카페라떼 ICE
2023-03-08,0,3,Spring,0,0,0,화담숲카페,카페라떼 ICE
2023-03-09,0,3,Spring,0,0,0,화담숲카페,카페라떼 ICE
2023-03-10,0,3,Spring,0,0,0,화담숲카페,카페라떼 ICE
2023-03-11,0,3,Spring,1,0,1,화담숲카페,카페라떼 ICE
2023-03-12,0,3,Spring,1,0,1,화담숲카페,카페라떼 ICE
2023-03-13,0,3,Spring,0,0,0,화담숲카페,카페라떼 ICE
2023-03-14,0,3,Spring,0,0,0,화담숲카페,카페라떼 ICE
2023-03-15,0,3,Spring,0,0,0,화담숲카페,카페라떼 ICE
2023-03-16,0,3,Spring,0,0,0,화담숲카페,카페라떼 ICE
2023-03-17,0,3,Spring,0,0,0,화담숲카페,카페라떼 ICE
2023-03-18,0,3,Spring,1,0,1,화담숲카페,카페라떼 ICE
2023-03-19,0,3,Spring,1,0,1,화담숲카페,카페라떼 ICE
2023-03-20,0,3,Spring,0,0,0,화담숲카페,카페라떼 ICE
2023-03-21,0,3,Spring,0,0,0,화담숲카페,카페라떼 ICE
2023-03-22,0,3,Spring,0,0,0,화담숲카페,카페라떼 ICE
2023-03-23,0,3,Spring,0,0,0,화담숲카페,카페라떼 ICE
2023-03-24,0,3,Spring,0,0,0,화담숲카페,카페라떼 ICE
2023-03-25,0,3,Spring,1,0,1,화담숲카페,카페라떼 ICE
2023-03-26,0,3,Spring,1,0,1,화담숲카페,카페라떼 ICE
2023-03-27,0,3,Spring,0,0,0,화담숲카페,카페라떼 ICE
2023-03-28,0,3,Spring,0,0,0,화담숲카페,카페라떼 ICE
2023-03-29,0,3,Spring,0,0,0,화담숲카페,카페라떼 ICE
2023-03-30,0,3,Spring,0,0,0,화담숲카페,카페라떼 ICE
2023-03-31,62,3,Spring,0,0,0,화담숲카페,카페라떼 ICE
2023-04-01,64,4,Spring,1,0,1,화담숲카페,카페라떼 ICE
2023-04-02,60,4,Spring,1,0,1,화담숲카페,카페라떼 ICE
2023-04-03,0,4,Spring,0,0,0,화담숲카페,카페라떼 ICE
2023-04-04,59,4,Spring,0,0,0,화담숲카페,카페라떼 ICE
2023-04-05,2,4,Spring,0,0,0,화담숲카페,카페라떼 ICE
2023-04-06,7,4,Spring,0,0,0,화담숲카페,카페라떼 ICE
2023-04-07,35,4,Spring,0,0,0,화담숲카페,카페라떼 ICE
2023-04-08,22,4,Spring,1,0,1,화담숲카페,카페라떼 ICE
2023-04-09,40,4,Spring,1,0,1,화담숲카페,카페라떼 ICE
2023-04-10,0,4,Spring,0,0,0,화담숲카페,카페라떼 ICE
2023-04-11,5,4,Spring,0,0,0,화담숲카페,카페라떼 ICE
2023-04-12,33,4,Spring,0,0,0,화담숲카페,카페라떼 ICE
2023-04-13,25,4,Spring,0,0,0,화담숲카페,카페라떼 ICE
2023-04-14,59,4,Spring,0,0,0,화담숲카페,카페라떼 ICE
2023-04-15,10,4,Spring,1,0,1,화담숲카페,카페라떼 ICE
2023-04-16,18,4,Spring,1,0,1,화담숲카페,카페라떼 ICE
2023-04-17,0,4,Spring,0,0,0,화담숲카페,카페라떼 ICE
2023-04-18,3,4,Spring,0,0,0,화담숲카페,카페라떼 ICE
2023-04-19,32,4,Spring,0,0,0,화담숲카페,카페라떼 ICE
2023-04-20,16,4,Spring,0,0,0,화담숲카페,카페라떼 ICE
2023-04-21,38,4,Spring,0,0,0,화담숲카페,카페라떼 ICE
2023-04-22,55,4,Spring,1,0,1,화담숲카페,카페라떼 ICE
2023-04-23,59,4,Spring,1,0,1,화담숲카페,카페라떼 ICE
2023-04-24,0,4,Spring,0,0,0,화담숲카페,카페라떼 ICE
2023-04-25,0,4,Spring,0,0,0,화담숲카페,카페라떼 ICE
2023-04-26,12,4,Spring,0,0,0,화담숲카페,카페라떼 ICE
2023-04-27,18,4,Spring,0,0,0,화담숲카페,카페라떼 ICE
2023-04-28,31,4,Spring,0,0,0,화담숲카페,카페라떼 ICE
2023-04-29,11,4,Spring,1,0,1,화담숲카페,카페라떼 ICE
2023-04-30,37,4,Spring,1,0,1,화담숲카페,카페라떼 ICE
2023-05-01,29,5,Spring,0,0,0,화담숲카페,카페라떼 ICE
2023-05-02,24,5,Spring,0,0,0,화담숲카페,카페라떼 ICE
2023-05-03,6,5,Spring,0,0,0,화담숲카페,카페라떼 ICE
2023-05-04,17,5,Spring,0,0,0,화담숲카페,카페라떼 ICE
2023-05-05,12,5,Spring,0,1,1,화담숲카페,카페라떼 ICE
2023-05-06,3,5,Spring,1,0,1,화담숲카페,카페라떼 ICE
2023-05-07,7,5,Spring,1,0,1,화담숲카페,카페라떼 ICE
2023-05-08,0,5,Spring,0,0,0,화담숲카페,카페라떼 ICE
2023-05-09,32,5,Spring,0,0,0,화담숲카페,카페라떼 ICE
2023-05-10,21,5,Spring,0,0,0,화담숲카페,카페라떼 ICE
2023-05-11,21,5,Spring,0,0,0,화담숲카페,카페라떼 ICE
2023-05-12,23,5,Spring,0,0,0,화담숲카페,카페라떼 ICE
2023-05-13,49,5,Spring,1,0,1,화담숲카페,카페라떼 ICE
2023-05-14,29,5,Spring,1,0,1,화담숲카페,카페라떼 ICE
2023-05-15,0,5,Spring,0,0,0,화담숲카페,카페라떼 ICE
2023-05-16,27,5,Spring,0,0,0,화담숲카페,카페라떼 ICE
2023-05-17,20,5,Spring,0,0,0,화담숲카페,카페라떼 ICE
2023-05-18,14,5,Spring,0,0,0,화담숲카페,카페라떼 ICE
2023-05-19,22,5,Spring,0,0,0,화담숲카페,카페라떼 ICE
2023-05-20,42,5,Spring,1,0,1,화담숲카페,카페라떼 ICE
2023-05-21,14,5,Spring,1,0,1,화담숲카페,카페라떼 ICE
2023-05-22,0,5,Spring,0,0,0,화담숲카페,카페라떼 ICE
2023-05-23,12,5,Spring,0,0,0,화담숲카페,카페라떼 ICE
2023-05-24,9,5,Spring,0,0,0,화담숲카페,카페라떼 ICE
2023-05-25,14,5,Spring,0,0,0,화담숲카페,카페라떼 ICE
2023-05-26,12,5,Spring,0,0,0,화담숲카페,카페라떼 ICE
2023-05-27,9,5,Spring,1,1,1,화담숲카페,카페라떼 ICE
2023-05-28,5,5,Spring,1,0,1,화담숲카페,카페라떼 ICE
2023-05-29,18,5,Spring,0,1,1,화담숲카페,카페라떼 ICE
2023-05-30,8,5,Spring,0,0,0,화담숲카페,카페라떼 ICE
2023-05-31,4,5,Spring,0,0,0,화담숲카페,카페라떼 ICE
2023-06-01,7,6,Summer,0,0,0,화담숲카페,카페라떼 ICE
2023-06-02,13,6,Summer,0,0,0,화담숲카페,카페라떼 ICE
2023-06-03,19,6,Summer,1,0,1,화담숲카페,카페라떼 ICE
2023-06-04,29,6,Summer,1,0,1,화담숲카페,카페라떼 ICE
2023-06-05,13,6,Summer,0,0,0,화담숲카페,카페라떼 ICE
2023-06-06,32,6,Summer,0,1,1,화담숲카페,카페라떼 ICE
2023-06-07,7,6,Summer,0,0,0,화담숲카페,카페라떼 ICE
2023-06-08,14,6,Summer,0,0,0,화담숲카페,카페라떼 ICE
2023-06-09,22,6,Summer,0,0,0,화담숲카페,카페라떼 ICE
2023-06-10,19,6,Summer,1,0,1,화담숲카페,카페라떼 ICE
2023-06-11,12,6,Summer,1,0,1,화담숲카페,카페라떼 ICE
2023-06-12,0,6,Summer,0,0,0,화담숲카페,카페라떼 ICE
2023-06-13,12,6,Summer,0,0,0,화담숲카페,카페라떼 ICE
2023-06-14,12,6,Summer,0,0,0,화담숲카페,카페라떼 ICE
2023-06-15,4,6,Summer,0,0,0,화담숲카페,카페라떼 ICE
2023-06-16,17,6,Summer,0,0,0,화담숲카페,카페라떼 ICE
2023-06-17,33,6,Summer,1,0,1,화담숲카페,카페라떼 ICE
2023-06-18,16,6,Summer,1,0,1,화담숲카페,카페라떼 ICE
2023-06-19,0,6,Summer,0,0,0,화담숲카페,카페라떼 ICE
2023-06-20,3,6,Summer,0,0,0,화담숲카페,카페라떼 ICE
2023-06-21,1,6,Summer,0,0,0,화담숲카페,카페라떼 ICE
2023-06-22,8,6,Summer,0,0,0,화담숲카페,카페라떼 ICE
2023-06-23,17,6,Summer,0,0,0,화담숲카페,카페라떼 ICE
2023-06-24,26,6,Summer,1,0,1,화담숲카페,카페라떼 ICE
2023-06-25,15,6,Summer,1,0,1,화담숲카페,카페라떼 ICE
2023-06-26,0,6,Summer,0,0,0,화담숲카페,카페라떼 ICE
2023-06-27,7,6,Summer,0,0,0,화담숲카페,카페라떼 ICE
2023-06-28,3,6,Summer,0,0,0,화담숲카페,카페라떼 ICE
2023-06-29,0,6,Summer,0,0,0,화담숲카페,카페라떼 ICE
2023-06-30,4,6,Summer,0,0,0,화담숲카페,카페라떼 ICE
2023-07-01,26,7,Summer,1,0,1,화담숲카페,카페라떼 ICE
2023-07-02,10,7,Summer,1,0,1,화담숲카페,카페라떼 ICE
2023-07-03,0,7,Summer,0,0,0,화담숲카페,카페라떼 ICE
2023-07-04,2,7,Summer,0,0,0,화담숲카페,카페라떼 ICE
2023-07-05,1,7,Summer,0,0,0,화담숲카페,카페라떼 ICE
2023-07-06,13,7,Summer,0,0,0,화담숲카페,카페라떼 ICE
2023-07-07,4,7,Summer,0,0,0,화담숲카페,카페라떼 ICE
2023-07-08,14,7,Summer,1,0,1,화담숲카페,카페라떼 ICE
2023-07-09,5,7,Summer,1,0,1,화담숲카페,카페라떼 ICE
2023-07-10,0,7,Summer,0,0,0,화담숲카페,카페라떼 ICE
2023-07-11,1,7,Summer,0,0,0,화담숲카페,카페라떼 ICE
2023-07-12,0,7,Summer,0,0,0,화담숲카페,카페라떼 ICE
2023-07-13,0,7,Summer,0,0,0,화담숲카페,카페라떼 ICE
2023-07-14,1,7,Summer,0,0,0,화담숲카페,카페라떼 ICE
2023-07-15,4,7,Summer,1,0,1,화담숲카페,카페라떼 ICE
2023-07-16,2,7,Summer,1,0,1,화담숲카페,카페라떼 ICE
2023-07-17,0,7,Summer,0,0,0,화담숲카페,카페라떼 ICE
2023-07-18,2,7,Summer,0,0,0,화담숲카페,카페라떼 ICE
2023-07-19,3,7,Summer,0,0,0,화담숲카페,카페라떼 ICE
2023-07-20,10,7,Summer,0,0,0,화담숲카페,카페라떼 ICE
2023-07-21,9,7,Summer,0,0,0,화담숲카페,카페라떼 ICE
2023-07-22,4,7,Summer,1,0,1,화담숲카페,카페라떼 ICE
2023-07-23,1,7,Summer,1,0,1,화담숲카페,카페라떼 ICE
2023-07-24,0,7,Summer,0,0,0,화담숲카페,카페라떼 ICE
2023-07-25,6,7,Summer,0,0,0,화담숲카페,카페라떼 ICE
2023-07-26,8,7,Summer,0,0,0,화담숲카페,카페라떼 ICE
2023-07-27,7,7,Summer,0,0,0,화담숲카페,카페라떼 ICE
2023-07-28,7,7,Summer,0,0,0,화담숲카페,카페라떼 ICE
2023-07-29,7,7,Summer,1,0,1,화담숲카페,카페라떼 ICE
2023-07-30,12,7,Summer,1,0,1,화담숲카페,카페라떼 ICE
2023-07-31,0,7,Summer,0,0,0,화담숲카페,카페라떼 ICE
2023-08-01,6,8,Summer,0,0,0,화담숲카페,카페라떼 ICE
2023-08-02,3,8,Summer,0,0,0,화담숲카페,카페라떼 ICE
2023-08-03,4,8,Summer,0,0,0,화담숲카페,카페라떼 ICE
2023-08-04,2,8,Summer,0,0,0,화담숲카페,카페라떼 ICE
2023-08-05,4,8,Summer,1,0,1,화담숲카페,카페라떼 ICE
2023-08-06,6,8,Summer,1,0,1,화담숲카페,카페라떼 ICE
2023-08-07,0,8,Summer,0,0,0,화담숲카페,카페라떼 ICE
2023-08-08,1,8,Summer,0,0,0,화담숲카페,카페라떼 ICE
2023-08-09,5,8,Summer,0,0,0,화담숲카페,카페라떼 ICE
2023-08-10,0,8,Summer,0,0,0,화담숲카페,카페라떼 ICE
2023-08-11,0,8,Summer,0,0,0,화담숲카페,카페라떼 ICE
2023-08-12,3,8,Summer,1,0,1,화담숲카페,카페라떼 ICE
2023-08-13,13,8,Summer,1,0,1,화담숲카페,카페라떼 ICE
2023-08-14,4,8,Summer,0,0,0,화담숲카페,카페라떼 ICE
2023-08-15,12,8,Summer,0,1,1,화담숲카페,카페라떼 ICE
2023-08-16,3,8,Summer,0,0,0,화담숲카페,카페라떼 ICE
2023-08-17,8,8,Summer,0,0,0,화담숲카페,카페라떼 ICE
2023-08-18,8,8,Summer,0,0,0,화담숲카페,카페라떼 ICE
2023-08-19,5,8,Summer,1,0,1,화담숲카페,카페라떼 ICE
2023-08-20,2,8,Summer,1,0,1,화담숲카페,카페라떼 ICE
2023-08-21,0,8,Summer,0,0,0,화담숲카페,카페라떼 ICE
2023-08-22,5,8,Summer,0,0,0,화담숲카페,카페라떼 ICE
2023-08-23,0,8,Summer,0,0,0,화담숲카페,카페라떼 ICE
2023-08-24,7,8,Summer,0,0,0,화담숲카페,카페라떼 ICE
2023-08-25,6,8,Summer,0,0,0,화담숲카페,카페라떼 ICE
2023-08-26,22,8,Summer,1,0,1,화담숲카페,카페라떼 ICE
2023-08-27,6,8,Summer,1,0,1,화담숲카페,카페라떼 ICE
2023-08-28,0,8,Summer,0,0,0,화담숲카페,카페라떼 ICE
2023-08-29,1,8,Summer,0,0,0,화담숲카페,카페라떼 ICE
2023-08-30,0,8,Summer,0,0,0,화담숲카페,카페라떼 ICE
2023-08-31,3,8,Summer,0,0,0,화담숲카페,카페라떼 ICE
2023-09-01,5,9,Autumn,0,0,0,화담숲카페,카페라떼 ICE
2023-09-02,10,9,Autumn,1,0,1,화담숲카페,카페라떼 ICE
2023-09-03,8,9,Autumn,1,0,1,화담숲카페,카페라떼 ICE
2023-09-04,0,9,Autumn,0,0,0,화담숲카페,카페라떼 ICE
2023-09-05,14,9,Autumn,0,0,0,화담숲카페,카페라떼 ICE
2023-09-06,3,9,Autumn,0,0,0,화담숲카페,카페라떼 ICE
2023-09-07,2,9,Autumn,0,0,0,화담숲카페,카페라떼 ICE
2023-09-08,12,9,Autumn,0,0,0,화담숲카페,카페라떼 ICE
2023-09-09,17,9,Autumn,1,0,1,화담숲카페,카페라떼 ICE
2023-09-10,24,9,Autumn,1,0,1,화담숲카페,카페라떼 ICE
2023-09-11,0,9,Autumn,0,0,0,화담숲카페,카페라떼 ICE
2023-09-12,6,9,Autumn,0,0,0,화담숲카페,카페라떼 ICE
2023-09-13,2,9,Autumn,0,0,0,화담숲카페,카페라떼 ICE
2023-09-14,4,9,Autumn,0,0,0,화담숲카페,카페라떼 ICE
2023-09-15,5,9,Autumn,0,0,0,화담숲카페,카페라떼 ICE
2023-09-16,12,9,Autumn,1,0,1,화담숲카페,카페라떼 ICE
2023-09-17,11,9,Autumn,1,0,1,화담숲카페,카페라떼 ICE
2023-09-18,0,9,Autumn,0,0,0,화담숲카페,카페라떼 ICE
2023-09-19,14,9,Autumn,0,0,0,화담숲카페,카페라떼 ICE
2023-09-20,1,9,Autumn,0,0,0,화담숲카페,카페라떼 ICE
2023-09-21,3,9,Autumn,0,0,0,화담숲카페,카페라떼 ICE
2023-09-22,20,9,Autumn,0,0,0,화담숲카페,카페라떼 ICE
2023-09-23,23,9,Autumn,1,0,1,화담숲카페,카페라떼 ICE
2023-09-24,25,9,Autumn,1,0,1,화담숲카페,카페라떼 ICE
2023-09-25,0,9,Autumn,0,0,0,화담숲카페,카페라떼 ICE
2023-09-26,2,9,Autumn,0,0,0,화담숲카페,카페라떼 ICE
2023-09-27,7,9,Autumn,0,0,0,화담숲카페,카페라떼 ICE
2023-09-28,27,9,Autumn,0,1,1,화담숲카페,카페라떼 ICE
2023-09-29,50,9,Autumn,0,1,1,화담숲카페,카페라떼 ICE
2023-09-30,32,9,Autumn,1,1,1,화담숲카페,카페라떼 ICE
2023-10-01,35,10,Autumn,1,0,1,화담숲카페,카페라떼 ICE
2023-10-02,39,10,Autumn,0,1,1,화담숲카페,카페라떼 ICE
2023-10-03,14,10,Autumn,0,1,1,화담숲카페,카페라떼 ICE
2023-10-04,11,10,Autumn,0,0,0,화담숲카페,카페라떼 ICE
2023-10-05,9,10,Autumn,0,0,0,화담숲카페,카페라떼 ICE
2023-10-06,14,10,Autumn,0,0,0,화담숲카페,카페라떼 ICE
2023-10-07,27,10,Autumn,1,0,1,화담숲카페,카페라떼 ICE
2023-10-08,23,10,Autumn,1,0,1,화담숲카페,카페라떼 ICE
2023-10-09,26,10,Autumn,0,1,1,화담숲카페,카페라떼 ICE
2023-10-10,9,10,Autumn,0,0,0,화담숲카페,카페라떼 ICE
2023-10-11,20,10,Autumn,0,0,0,화담숲카페,카페라떼 ICE
2023-10-12,40,10,Autumn,0,0,0,화담숲카페,카페라떼 ICE
2023-10-13,39,10,Autumn,0,0,0,화담숲카페,카페라떼 ICE
2023-10-14,14,10,Autumn,1,0,1,화담숲카페,카페라떼 ICE
2023-10-15,19,10,Autumn,1,0,1,화담숲카페,카페라떼 ICE
2023-10-16,0,10,Autumn,0,0,0,화담숲카페,카페라떼 ICE
2023-10-17,41,10,Autumn,0,0,0,화담숲카페,카페라떼 ICE
2023-10-18,38,10,Autumn,0,0,0,화담숲카페,카페라떼 ICE
2023-10-19,17,10,Autumn,0,0,0,화담숲카페,카페라떼 ICE
2023-10-20,5,10,Autumn,0,0,0,화담숲카페,카페라떼 ICE
2023-10-21,9,10,Autumn,1,0,1,화담숲카페,카페라떼 ICE
2023-10-22,17,10,Autumn,1,0,1,화담숲카페,카페라떼 ICE
2023-10-23,28,10,Autumn,0,0,0,화담숲카페,카페라떼 ICE
2023-10-24,17,10,Autumn,0,0,0,화담숲카페,카페라떼 ICE
2023-10-25,31,10,Autumn,0,0,0,화담숲카페,카페라떼 ICE
2023-10-26,29,10,Autumn,0,0,0,화담숲카페,카페라떼 ICE
2023-10-27,20,10,Autumn,0,0,0,화담숲카페,카페라떼 ICE
2023-10-28,18,10,Autumn,1,0,1,화담숲카페,카페라떼 ICE
2023-10-29,29,10,Autumn,1,0,1,화담숲카페,카페라떼 ICE
2023-10-30,36,10,Autumn,0,0,0,화담숲카페,카페라떼 ICE
2023-10-31,30,10,Autumn,0,0,0,화담숲카페,카페라떼 ICE
2023-11-01,20,11,Autumn,0,0,0,화담숲카페,카페라떼 ICE
2023-11-02,52,11,Autumn,0,0,0,화담숲카페,카페라떼 ICE
2023-11-03,29,11,Autumn,0,0,0,화담숲카페,카페라떼 ICE
2023-11-04,37,11,Autumn,1,0,1,화담숲카페,카페라떼 ICE
2023-11-05,13,11,Autumn,1,0,1,화담숲카페,카페라떼 ICE
2023-11-06,8,11,Autumn,0,0,0,화담숲카페,카페라떼 ICE
2023-11-07,8,11,Autumn,0,0,0,화담숲카페,카페라떼 ICE
2023-11-08,14,11,Autumn,0,0,0,화담숲카페,카페라떼 ICE
2023-11-09,27,11,Autumn,0,0,0,화담숲카페,카페라떼 ICE
2023-11-10,7,11,Autumn,0,0,0,화담숲카페,카페라떼 ICE
2023-11-11,7,11,Autumn,1,0,1,화담숲카페,카페라떼 ICE
2023-11-12,4,11,Autumn,1,0,1,화담숲카페,카페라떼 ICE
2023-11-13,3,11,Autumn,0,0,0,화담숲카페,카페라떼 ICE
2023-11-14,7,11,Autumn,0,0,0,화담숲카페,카페라떼 ICE
2023-11-15,5,11,Autumn,0,0,0,화담숲카페,카페라떼 ICE
2023-11-16,1,11,Autumn,0,0,0,화담숲카페,카페라떼 ICE
2023-11-17,4,11,Autumn,0,0,0,화담숲카페,카페라떼 ICE
2023-11-18,1,11,Autumn,1,0,1,화담숲카페,카페라떼 ICE
2023-11-19,6,11,Autumn,1,0,1,화담숲카페,카페라떼 ICE
2023-11-20,0,11,Autumn,0,0,0,화담숲카페,카페라떼 ICE
2023-11-21,3,11,Autumn,0,0,0,화담숲카페,카페라떼 ICE
2023-11-22,0,11,Autumn,0,0,0,화담숲카페,카페라떼 ICE
2023-11-23,2,11,Autumn,0,0,0,화담숲카페,카페라떼 ICE
2023-11-24,3,11,Autumn,0,0,0,화담숲카페,카페라떼 ICE
2023-11-25,0,11,Autumn,1,0,1,화담숲카페,카페라떼 ICE
2023-11-26,4,11,Autumn,1,0,1,화담숲카페,카페라떼 ICE
2023-11-27,0,11,Autumn,0,0,0,화담숲카페,카페라떼 ICE
2023-11-28,0,11,Autumn,0,0,0,화담숲카페,카페라떼 ICE
2023-11-29,0,11,Autumn,0,0,0,화담숲카페,카페라떼 ICE
2023-11-30,0,11,Autumn,0,0,0,화담숲카페,카페라떼 ICE
2023-12-01,0,12,Winter,0,0,0,화담숲카페,카페라떼 ICE
2023-12-02,0,12,Winter,1,0,1,화담숲카페,카페라떼 ICE
2023-12-03,0,12,Winter,1,0,1,화담숲카페,카페라떼 ICE
2023-12-04,0,12,Winter,0,0,0,화담숲카페,카페라떼 ICE
2023-12-05,0,12,Winter,0,0,0,화담숲카페,카페라떼 ICE
2023-12-06,0,12,Winter,0,0,0,화담숲카페,카페라떼 ICE
2023-12-07,0,12,Winter,0,0,0,화담숲카페,카페라떼 ICE
2023-12-08,0,12,Winter,0,0,0,화담숲카페,카페라떼 ICE
2023-12-09,0,12,Winter,1,0,1,화담숲카페,카페라떼 ICE
2023-12-10,0,12,Winter,1,0,1,화담숲카페,카페라떼 ICE
2023-12-11,0,12,Winter,0,0,0,화담숲카페,카페라떼 ICE
2023-12-12,0,12,Winter,0,0,0,화담숲카페,카페라떼 ICE
2023-12-13,0,12,Winter,0,0,0,화담숲카페,카페라떼 ICE
2023-12-14,0,12,Winter,0,0,0,화담숲카페,카페라떼 ICE
2023-12-15,0,12,Winter,0,0,0,화담숲카페,카페라떼 ICE
2023-12-16,0,12,Winter,1,0,1,화담숲카페,카페라떼 ICE
2023-12-17,0,12,Winter,1,0,1,화담숲카페,카페라떼 ICE
2023-12-18,0,12,Winter,0,0,0,화담숲카페,카페라떼 ICE
2023-12-19,0,12,Winter,0,0,0,화담숲카페,카페라떼 ICE
2023-12-20,0,12,Winter,0,0,0,화담숲카페,카페라떼 ICE
2023-12-21,0,12,Winter,0,0,0,화담숲카페,카페라떼 ICE
2023-12-22,0,12,Winter,0,0,0,화담숲카페,카페라떼 ICE
2023-12-23,0,12,Winter,1,0,1,화담숲카페,카페라떼 ICE
2023-12-24,0,12,Winter,1,0,1,화담숲카페,카페라떼 ICE
2023-12-25,0,12,Winter,0,1,1,화담숲카페,카페라떼 ICE
2023-12-26,0,12,Winter,0,0,0,화담숲카페,카페라떼 ICE
2023-12-27,0,12,Winter,0,0,0,화담숲카페,카페라떼 ICE
2023-12-28,0,12,Winter,0,0,0,화담숲카페,카페라떼 ICE
2023-12-29,0,12,Winter,0,0,0,화담숲카페,카페라떼 ICE
2023-12-30,0,12,Winter,1,0,1,화담숲카페,카페라떼 ICE
2023-12-31,0,12,Winter,1,0,1,화담숲카페,카페라떼 ICE
2024-01-01,0,1,Winter,0,1,1,화담숲카페,카페라떼 ICE
2024-01-02,0,1,Winter,0,0,0,화담숲카페,카페라떼 ICE
2024-01-03,0,1,Winter,0,0,0,화담숲카페,카페라떼 ICE
2024-01-04,0,1,Winter,0,0,0,화담숲카페,카페라떼 ICE
2024-01-05,0,1,Winter,0,0,0,화담숲카페,카페라떼 ICE
2024-01-06,0,1,Winter,1,0,1,화담숲카페,카페라떼 ICE
2024-01-07,0,1,Winter,1,0,1,화담숲카페,카페라떼 ICE
2024-01-08,0,1,Winter,0,0,0,화담숲카페,카페라떼 ICE
2024-01-09,0,1,Winter,0,0,0,화담숲카페,카페라떼 ICE
2024-01-10,0,1,Winter,0,0,0,화담숲카페,카페라떼 ICE
2024-01-11,0,1,Winter,0,0,0,화담숲카페,카페라떼 ICE
2024-01-12,0,1,Winter,0,0,0,화담숲카페,카페라떼 ICE
2024-01-13,0,1,Winter,1,0,1,화담숲카페,카페라떼 ICE
2024-01-14,0,1,Winter,1,0,1,화담숲카페,카페라떼 ICE
2024-01-15,0,1,Winter,0,0,0,화담숲카페,카페라떼 ICE
2024-01-16,0,1,Winter,0,0,0,화담숲카페,카페라떼 ICE
2024-01-17,0,1,Winter,0,0,0,화담숲카페,카페라떼 ICE
2024-01-18,0,1,Winter,0,0,0,화담숲카페,카페라떼 ICE
2024-01-19,0,1,Winter,0,0,0,화담숲카페,카페라떼 ICE
2024-01-20,0,1,Winter,1,0,1,화담숲카페,카페라떼 ICE
2024-01-21,0,1,Winter,1,0,1,화담숲카페,카페라떼 ICE
2024-01-22,0,1,Winter,0,0,0,화담숲카페,카페라떼 ICE
2024-01-23,0,1,Winter,0,0,0,화담숲카페,카페라떼 ICE
2024-01-24,0,1,Winter,0,0,0,화담숲카페,카페라떼 ICE
2024-01-25,0,1,Winter,0,0,0,화담숲카페,카페라떼 ICE
2024-01-26,0,1,Winter,0,0,0,화담숲카페,카페라떼 ICE
2024-01-27,0,1,Winter,1,0,1,화담숲카페,카페라떼 ICE
2024-01-28,0,1,Winter,1,0,1,화담숲카페,카페라떼 ICE
2024-01-29,0,1,Winter,0,0,0,화담숲카페,카페라떼 ICE
2024-01-30,0,1,Winter,0,0,0,화담숲카페,카페라떼 ICE
2024-01-31,0,1,Winter,0,0,0,화담숲카페,카페라떼 ICE
2024-02-01,0,2,Winter,0,0,0,화담숲카페,카페라떼 ICE
2024-02-02,0,2,Winter,0,0,0,화담숲카페,카페라떼 ICE
2024-02-03,0,2,Winter,1,0,1,화담숲카페,카페라떼 ICE
2024-02-04,0,2,Winter,1,0,1,화담숲카페,카페라떼 ICE
2024-02-05,0,2,Winter,0,0,0,화담숲카페,카페라떼 ICE
2024-02-06,0,2,Winter,0,0,0,화담숲카페,카페라떼 ICE
2024-02-07,0,2,Winter,0,0,0,화담숲카페,카페라떼 ICE
2024-02-08,0,2,Winter,0,0,0,화담숲카페,카페라떼 ICE
2024-02-09,0,2,Winter,0,1,1,화담숲카페,카페라떼 ICE
2024-02-10,0,2,Winter,1,1,1,화담숲카페,카페라떼 ICE
2024-02-11,0,2,Winter,1,1,1,화담숲카페,카페라떼 ICE
2024-02-12,0,2,Winter,0,1,1,화담숲카페,카페라떼 ICE
2024-02-13,0,2,Winter,0,0,0,화담숲카페,카페라떼 ICE
2024-02-14,0,2,Winter,0,0,0,화담숲카페,카페라떼 ICE
2024-02-15,0,2,Winter,0,0,0,화담숲카페,카페라떼 ICE
2024-02-16,0,2,Winter,0,0,0,화담숲카페,카페라떼 ICE
2024-02-17,0,2,Winter,1,0,1,화담숲카페,카페라떼 ICE
2024-02-18,0,2,Winter,1,0,1,화담숲카페,카페라떼 ICE
2024-02-19,0,2,Winter,0,0,0,화담숲카페,카페라떼 ICE
2024-02-20,0,2,Winter,0,0,0,화담숲카페,카페라떼 ICE
2024-02-21,0,2,Winter,0,0,0,화담숲카페,카페라떼 ICE
2024-02-22,0,2,Winter,0,0,0,화담숲카페,카페라떼 ICE
2024-02-23,0,2,Winter,0,0,0,화담숲카페,카페라떼 ICE
2024-02-24,0,2,Winter,1,0,1,화담숲카페,카페라떼 ICE
2024-02-25,0,2,Winter,1,0,1,화담숲카페,카페라떼 ICE
2024-02-26,0,2,Winter,0,0,0,화담숲카페,카페라떼 ICE
2024-02-27,0,2,Winter,0,0,0,화담숲카페,카페라떼 ICE
2024-02-28,0,2,Winter,0,0,0,화담숲카페,카페라떼 ICE
2024-02-29,0,2,Winter,0,0,0,화담숲카페,카페라떼 ICE
2024-03-01,0,3,Spring,0,1,1,화담숲카페,카페라떼 ICE
2024-03-02,0,3,Spring,1,0,1,화담숲카페,카페라떼 ICE
2024-03-03,0,3,Spring,1,0,1,화담숲카페,카페라떼 ICE
2024-03-04,0,3,Spring,0,0,0,화담숲카페,카페라떼 ICE
2024-03-05,0,3,Spring,0,0,0,화담숲카페,카페라떼 ICE
2024-03-06,0,3,Spring,0,0,0,화담숲카페,카페라떼 ICE
2024-03-07,0,3,Spring,0,0,0,화담숲카페,카페라떼 ICE
2024-03-08,0,3,Spring,0,0,0,화담숲카페,카페라떼 ICE
2024-03-09,0,3,Spring,1,0,1,화담숲카페,카페라떼 ICE
2024-03-10,0,3,Spring,1,0,1,화담숲카페,카페라떼 ICE
2024-03-11,0,3,Spring,0,0,0,화담숲카페,카페라떼 ICE
2024-03-12,0,3,Spring,0,0,0,화담숲카페,카페라떼 ICE
2024-03-13,0,3,Spring,0,0,0,화담숲카페,카페라떼 ICE
2024-03-14,0,3,Spring,0,0,0,화담숲카페,카페라떼 ICE
2024-03-15,0,3,Spring,0,0,0,화담숲카페,카페라떼 ICE
2024-03-16,0,3,Spring,1,0,1,화담숲카페,카페라떼 ICE
2024-03-17,0,3,Spring,1,0,1,화담숲카페,카페라떼 ICE
2024-03-18,0,3,Spring,0,0,0,화담숲카페,카페라떼 ICE
2024-03-19,0,3,Spring,0,0,0,화담숲카페,카페라떼 ICE
2024-03-20,0,3,Spring,0,0,0,화담숲카페,카페라떼 ICE
2024-03-21,0,3,Spring,0,0,0,화담숲카페,카페라떼 ICE
2024-03-22,0,3,Spring,0,0,0,화담숲카페,카페라떼 ICE
2024-03-23,0,3,Spring,1,0,1,화담숲카페,카페라떼 ICE
2024-03-24,0,3,Spring,1,0,1,화담숲카페,카페라떼 ICE
2024-03-25,0,3,Spring,0,0,0,화담숲카페,카페라떼 ICE
2024-03-26,0,3,Spring,0,0,0,화담숲카페,카페라떼 ICE
2024-03-27,0,3,Spring,0,0,0,화담숲카페,카페라떼 ICE
2024-03-28,0,3,Spring,0,0,0,화담숲카페,카페라떼 ICE
2024-03-29,10,3,Spring,0,0,0,화담숲카페,카페라떼 ICE
2024-03-30,20,3,Spring,1,0,1,화담숲카페,카페라떼 ICE
2024-03-31,35,3,Spring,1,0,1,화담숲카페,카페라떼 ICE
2024-04-01,0,4,Spring,0,0,0,화담숲카페,카페라떼 ICE
2024-04-02,45,4,Spring,0,0,0,화담숲카페,카페라떼 ICE
2024-04-03,13,4,Spring,0,0,0,화담숲카페,카페라떼 ICE
2024-04-04,16,4,Spring,0,0,0,화담숲카페,카페라떼 ICE
2024-04-05,35,4,Spring,0,0,0,화담숲카페,카페라떼 ICE
2024-04-06,37,4,Spring,1,0,1,화담숲카페,카페라떼 ICE
2024-04-07,59,4,Spring,1,0,1,화담숲카페,카페라떼 ICE
2024-04-08,0,4,Spring,0,0,0,화담숲카페,카페라떼 ICE
2024-04-09,41,4,Spring,0,0,0,화담숲카페,카페라떼 ICE
2024-04-10,31,4,Spring,0,1,1,화담숲카페,카페라떼 ICE
2024-04-11,52,4,Spring,0,0,0,화담숲카페,카페라떼 ICE
2024-04-12,61,4,Spring,0,0,0,화담숲카페,카페라떼 ICE
2024-04-13,58,4,Spring,1,0,1,화담숲카페,카페라떼 ICE
2024-04-14,47,4,Spring,1,0,1,화담숲카페,카페라떼 ICE
2024-04-15,0,4,Spring,0,0,0,화담숲카페,카페라떼 ICE
2024-04-16,32,4,Spring,0,0,0,화담숲카페,카페라떼 ICE
2024-04-17,54,4,Spring,0,0,0,화담숲카페,카페라떼 ICE
2024-04-18,41,4,Spring,0,0,0,화담숲카페,카페라떼 ICE
2024-04-19,65,4,Spring,0,0,0,화담숲카페,카페라떼 ICE
2024-04-20,7,4,Spring,1,0,1,화담숲카페,카페라떼 ICE
2024-04-21,35,4,Spring,1,0,1,화담숲카페,카페라떼 ICE
2024-04-22,0,4,Spring,0,0,0,화담숲카페,카페라떼 ICE
2024-04-23,46,4,Spring,0,0,0,화담숲카페,카페라떼 ICE
2024-04-24,8,4,Spring,0,0,0,화담숲카페,카페라떼 ICE
2024-04-25,34,4,Spring,0,0,0,화담숲카페,카페라떼 ICE
2024-04-26,65,4,Spring,0,0,0,화담숲카페,카페라떼 ICE
2024-04-27,63,4,Spring,1,0,1,화담숲카페,카페라떼 ICE
2024-04-28,58,4,Spring,1,0,1,화담숲카페,카페라떼 ICE
2024-04-29,0,4,Spring,0,0,0,화담숲카페,카페라떼 ICE
2024-04-30,44,4,Spring,0,0,0,화담숲카페,카페라떼 ICE
2024-05-01,40,5,Spring,0,0,0,화담숲카페,카페라떼 ICE
2024-05-02,16,5,Spring,0,0,0,화담숲카페,카페라떼 ICE
2024-05-03,30,5,Spring,0,0,0,화담숲카페,카페라떼 ICE
2024-05-04,66,5,Spring,1,0,1,화담숲카페,카페라떼 ICE
2024-05-05,6,5,Spring,1,1,1,화담숲카페,카페라떼 ICE
2024-05-06,0,5,Spring,0,1,1,화담숲카페,카페라떼 ICE
2024-05-07,0,5,Spring,0,0,0,화담숲카페,카페라떼 ICE
2024-05-08,11,5,Spring,0,0,0,화담숲카페,카페라떼 ICE
2024-05-09,15,5,Spring,0,0,0,화담숲카페,카페라떼 ICE
2024-05-10,41,5,Spring,0,0,0,화담숲카페,카페라떼 ICE
2024-05-11,19,5,Spring,1,0,1,화담숲카페,카페라떼 ICE
2024-05-12,23,5,Spring,1,0,1,화담숲카페,카페라떼 ICE
2024-05-13,0,5,Spring,0,0,0,화담숲카페,카페라떼 ICE
2024-05-14,15,5,Spring,0,0,0,화담숲카페,카페라떼 ICE
2024-05-15,6,5,Spring,0,1,1,화담숲카페,카페라떼 ICE
2024-05-16,11,5,Spring,0,0,0,화담숲카페,카페라떼 ICE
2024-05-17,21,5,Spring,0,0,0,화담숲카페,카페라떼 ICE
2024-05-18,49,5,Spring,1,0,1,화담숲카페,카페라떼 ICE
2024-05-19,22,5,Spring,1,0,1,화담숲카페,카페라떼 ICE
2024-05-20,0,5,Spring,0,0,0,화담숲카페,카페라떼 ICE
2024-05-21,17,5,Spring,0,0,0,화담숲카페,카페라떼 ICE
2024-05-22,17,5,Spring,0,0,0,화담숲카페,카페라떼 ICE
2024-05-23,18,5,Spring,0,0,0,화담숲카페,카페라떼 ICE
2024-05-24,21,5,Spring,0,0,0,화담숲카페,카페라떼 ICE
2024-05-25,43,5,Spring,1,0,1,화담숲카페,카페라떼 ICE
2024-05-26,14,5,Spring,1,0,1,화담숲카페,카페라떼 ICE
2024-05-27,0,5,Spring,0,0,0,화담숲카페,카페라떼 ICE
2024-05-28,23,5,Spring,0,0,0,화담숲카페,카페라떼 ICE
2024-05-29,7,5,Spring,0,0,0,화담숲카페,카페라떼 ICE
2024-05-30,17,5,Spring,0,0,0,화담숲카페,카페라떼 ICE
2024-05-31,10,5,Spring,0,0,0,화담숲카페,카페라떼 ICE
2024-06-01,34,6,Summer,1,0,1,화담숲카페,카페라떼 ICE
2024-06-02,25,6,Summer,1,0,1,화담숲카페,카페라떼 ICE
2024-06-03,0,6,Summer,0,0,0,화담숲카페,카페라떼 ICE
2024-06-04,14,6,Summer,0,0,0,화담숲카페,카페라떼 ICE
2024-06-05,13,6,Summer,0,0,0,화담숲카페,카페라떼 ICE
2024-06-06,55,6,Summer,0,1,1,화담숲카페,카페라떼 ICE
2024-06-07,23,6,Summer,0,0,0,화담숲카페,카페라떼 ICE
2024-06-08,29,6,Summer,1,0,1,화담숲카페,카페라떼 ICE
2024-06-09,28,6,Summer,1,0,1,화담숲카페,카페라떼 ICE
2024-06-10,0,6,Summer,0,0,0,화담숲카페,카페라떼 ICE
2024-06-11,20,6,Summer,0,0,0,화담숲카페,카페라떼 ICE
2024-06-12,7,6,Summer,0,0,0,화담숲카페,카페라떼 ICE
2024-06-13,17,6,Summer,0,0,0,화담숲카페,카페라떼 ICE
2024-06-14,13,6,Summer,0,0,0,화담숲카페,카페라떼 ICE
2024-06-15,37,6,Summer,1,0,1,화담숲카페,카페라떼 ICE
2023-01-01,0,1,Winter,1,1,1,화담숲카페,현미뻥스크림
2023-01-02,0,1,Winter,0,0,0,화담숲카페,현미뻥스크림
2023-01-03,0,1,Winter,0,0,0,화담숲카페,현미뻥스크림
2023-01-04,0,1,Winter,0,0,0,화담숲카페,현미뻥스크림
2023-01-05,0,1,Winter,0,0,0,화담숲카페,현미뻥스크림
2023-01-06,0,1,Winter,0,0,0,화담숲카페,현미뻥스크림
2023-01-07,0,1,Winter,1,0,1,화담숲카페,현미뻥스크림
2023-01-08,0,1,Winter,1,0,1,화담숲카페,현미뻥스크림
2023-01-09,0,1,Winter,0,0,0,화담숲카페,현미뻥스크림
2023-01-10,0,1,Winter,0,0,0,화담숲카페,현미뻥스크림
2023-01-11,0,1,Winter,0,0,0,화담숲카페,현미뻥스크림
2023-01-12,0,1,Winter,0,0,0,화담숲카페,현미뻥스크림
2023-01-13,0,1,Winter,0,0,0,화담숲카페,현미뻥스크림
2023-01-14,0,1,Winter,1,0,1,화담숲카페,현미뻥스크림
2023-01-15,0,1,Winter,1,0,1,화담숲카페,현미뻥스크림
2023-01-16,0,1,Winter,0,0,0,화담숲카페,현미뻥스크림
2023-01-17,0,1,Winter,0,0,0,화담숲카페,현미뻥스크림
2023-01-18,0,1,Winter,0,0,0,화담숲카페,현미뻥스크림
2023-01-19,0,1,Winter,0,0,0,화담숲카페,현미뻥스크림
2023-01-20,0,1,Winter,0,0,0,화담숲카페,현미뻥스크림
2023-01-21,0,1,Winter,1,1,1,화담숲카페,현미뻥스크림
2023-01-22,0,1,Winter,1,1,1,화담숲카페,현미뻥스크림
2023-01-23,0,1,Winter,0,1,1,화담숲카페,현미뻥스크림
2023-01-24,0,1,Winter,0,1,1,화담숲카페,현미뻥스크림
2023-01-25,0,1,Winter,0,0,0,화담숲카페,현미뻥스크림
2023-01-26,0,1,Winter,0,0,0,화담숲카페,현미뻥스크림
2023-01-27,0,1,Winter,0,0,0,화담숲카페,현미뻥스크림
2023-01-28,0,1,Winter,1,0,1,화담숲카페,현미뻥스크림
2023-01-29,0,1,Winter,1,0,1,화담숲카페,현미뻥스크림
2023-01-30,0,1,Winter,0,0,0,화담숲카페,현미뻥스크림
2023-01-31,0,1,Winter,0,0,0,화담숲카페,현미뻥스크림
2023-02-01,0,2,Winter,0,0,0,화담숲카페,현미뻥스크림
2023-02-02,0,2,Winter,0,0,0,화담숲카페,현미뻥스크림
2023-02-03,0,2,Winter,0,0,0,화담숲카페,현미뻥스크림
2023-02-04,0,2,Winter,1,0,1,화담숲카페,현미뻥스크림
2023-02-05,0,2,Winter,1,0,1,화담숲카페,현미뻥스크림
2023-02-06,0,2,Winter,0,0,0,화담숲카페,현미뻥스크림
2023-02-07,0,2,Winter,0,0,0,화담숲카페,현미뻥스크림
2023-02-08,0,2,Winter,0,0,0,화담숲카페,현미뻥스크림
2023-02-09,0,2,Winter,0,0,0,화담숲카페,현미뻥스크림
2023-02-10,0,2,Winter,0,0,0,화담숲카페,현미뻥스크림
2023-02-11,0,2,Winter,1,0,1,화담숲카페,현미뻥스크림
2023-02-12,0,2,Winter,1,0,1,화담숲카페,현미뻥스크림
2023-02-13,0,2,Winter,0,0,0,화담숲카페,현미뻥스크림
2023-02-14,0,2,Winter,0,0,0,화담숲카페,현미뻥스크림
2023-02-15,0,2,Winter,0,0,0,화담숲카페,현미뻥스크림
2023-02-16,0,2,Winter,0,0,0,화담숲카페,현미뻥스크림
2023-02-17,0,2,Winter,0,0,0,화담숲카페,현미뻥스크림
2023-02-18,0,2,Winter,1,0,1,화담숲카페,현미뻥스크림
2023-02-19,0,2,Winter,1,0,1,화담숲카페,현미뻥스크림
2023-02-20,0,2,Winter,0,0,0,화담숲카페,현미뻥스크림
2023-02-21,0,2,Winter,0,0,0,화담숲카페,현미뻥스크림
2023-02-22,0,2,Winter,0,0,0,화담숲카페,현미뻥스크림
2023-02-23,0,2,Winter,0,0,0,화담숲카페,현미뻥스크림
2023-02-24,0,2,Winter,0,0,0,화담숲카페,현미뻥스크림
2023-02-25,0,2,Winter,1,0,1,화담숲카페,현미뻥스크림
2023-02-26,0,2,Winter,1,0,1,화담숲카페,현미뻥스크림
2023-02-27,0,2,Winter,0,0,0,화담숲카페,현미뻥스크림
2023-02-28,0,2,Winter,0,0,0,화담숲카페,현미뻥스크림
2023-03-01,0,3,Spring,0,1,1,화담숲카페,현미뻥스크림
2023-03-02,0,3,Spring,0,0,0,화담숲카페,현미뻥스크림
2023-03-03,0,3,Spring,0,0,0,화담숲카페,현미뻥스크림
2023-03-04,0,3,Spring,1,0,1,화담숲카페,현미뻥스크림
2023-03-05,0,3,Spring,1,0,1,화담숲카페,현미뻥스크림
2023-03-06,0,3,Spring,0,0,0,화담숲카페,현미뻥스크림
2023-03-07,0,3,Spring,0,0,0,화담숲카페,현미뻥스크림
2023-03-08,0,3,Spring,0,0,0,화담숲카페,현미뻥스크림
2023-03-09,0,3,Spring,0,0,0,화담숲카페,현미뻥스크림
2023-03-10,0,3,Spring,0,0,0,화담숲카페,현미뻥스크림
2023-03-11,0,3,Spring,1,0,1,화담숲카페,현미뻥스크림
2023-03-12,0,3,Spring,1,0,1,화담숲카페,현미뻥스크림
2023-03-13,0,3,Spring,0,0,0,화담숲카페,현미뻥스크림
2023-03-14,0,3,Spring,0,0,0,화담숲카페,현미뻥스크림
2023-03-15,0,3,Spring,0,0,0,화담숲카페,현미뻥스크림
2023-03-16,0,3,Spring,0,0,0,화담숲카페,현미뻥스크림
2023-03-17,0,3,Spring,0,0,0,화담숲카페,현미뻥스크림
2023-03-18,0,3,Spring,1,0,1,화담숲카페,현미뻥스크림
2023-03-19,0,3,Spring,1,0,1,화담숲카페,현미뻥스크림
2023-03-20,0,3,Spring,0,0,0,화담숲카페,현미뻥스크림
2023-03-21,0,3,Spring,0,0,0,화담숲카페,현미뻥스크림
2023-03-22,0,3,Spring,0,0,0,화담숲카페,현미뻥스크림
2023-03-23,0,3,Spring,0,0,0,화담숲카페,현미뻥스크림
2023-03-24,0,3,Spring,0,0,0,화담숲카페,현미뻥스크림
2023-03-25,0,3,Spring,1,0,1,화담숲카페,현미뻥스크림
2023-03-26,0,3,Spring,1,0,1,화담숲카페,현미뻥스크림
2023-03-27,0,3,Spring,0,0,0,화담숲카페,현미뻥스크림
2023-03-28,0,3,Spring,0,0,0,화담숲카페,현미뻥스크림
2023-03-29,0,3,Spring,0,0,0,화담숲카페,현미뻥스크림
2023-03-30,0,3,Spring,0,0,0,화담숲카페,현미뻥스크림
2023-03-31,114,3,Spring,0,0,0,화담숲카페,현미뻥스크림
2023-04-01,193,4,Spring,1,0,1,화담숲카페,현미뻥스크림
2023-04-02,206,4,Spring,1,0,1,화담숲카페,현미뻥스크림
2023-04-03,0,4,Spring,0,0,0,화담숲카페,현미뻥스크림
2023-04-04,112,4,Spring,0,0,0,화담숲카페,현미뻥스크림
2023-04-05,10,4,Spring,0,0,0,화담숲카페,현미뻥스크림
2023-04-06,13,4,Spring,0,0,0,화담숲카페,현미뻥스크림
2023-04-07,56,4,Spring,0,0,0,화담숲카페,현미뻥스크림
2023-04-08,92,4,Spring,1,0,1,화담숲카페,현미뻥스크림
2023-04-09,113,4,Spring,1,0,1,화담숲카페,현미뻥스크림
2023-04-10,0,4,Spring,0,0,0,화담숲카페,현미뻥스크림
2023-04-11,11,4,Spring,0,0,0,화담숲카페,현미뻥스크림
2023-04-12,34,4,Spring,0,0,0,화담숲카페,현미뻥스크림
2023-04-13,37,4,Spring,0,0,0,화담숲카페,현미뻥스크림
2023-04-14,51,4,Spring,0,0,0,화담숲카페,현미뻥스크림
2023-04-15,20,4,Spring,1,0,1,화담숲카페,현미뻥스크림
2023-04-16,54,4,Spring,1,0,1,화담숲카페,현미뻥스크림
2023-04-17,0,4,Spring,0,0,0,화담숲카페,현미뻥스크림
2023-04-18,5,4,Spring,0,0,0,화담숲카페,현미뻥스크림
2023-04-19,21,4,Spring,0,0,0,화담숲카페,현미뻥스크림
2023-04-20,17,4,Spring,0,0,0,화담숲카페,현미뻥스크림
2023-04-21,34,4,Spring,0,0,0,화담숲카페,현미뻥스크림
2023-04-22,92,4,Spring,1,0,1,화담숲카페,현미뻥스크림
2023-04-23,90,4,Spring,1,0,1,화담숲카페,현미뻥스크림
2023-04-24,0,4,Spring,0,0,0,화담숲카페,현미뻥스크림
2023-04-25,4,4,Spring,0,0,0,화담숲카페,현미뻥스크림
2023-04-26,12,4,Spring,0,0,0,화담숲카페,현미뻥스크림
2023-04-27,16,4,Spring,0,0,0,화담숲카페,현미뻥스크림
2023-04-28,21,4,Spring,0,0,0,화담숲카페,현미뻥스크림
2023-04-29,26,4,Spring,1,0,1,화담숲카페,현미뻥스크림
2023-04-30,68,4,Spring,1,0,1,화담숲카페,현미뻥스크림
2023-05-01,73,5,Spring,0,0,0,화담숲카페,현미뻥스크림
2023-05-02,9,5,Spring,0,0,0,화담숲카페,현미뻥스크림
2023-05-03,17,5,Spring,0,0,0,화담숲카페,현미뻥스크림
2023-05-04,19,5,Spring,0,0,0,화담숲카페,현미뻥스크림
2023-05-05,8,5,Spring,0,1,1,화담숲카페,현미뻥스크림
2023-05-06,13,5,Spring,1,0,1,화담숲카페,현미뻥스크림
2023-05-07,28,5,Spring,1,0,1,화담숲카페,현미뻥스크림
2023-05-08,0,5,Spring,0,0,0,화담숲카페,현미뻥스크림
2023-05-09,21,5,Spring,0,0,0,화담숲카페,현미뻥스크림
2023-05-10,6,5,Spring,0,0,0,화담숲카페,현미뻥스크림
2023-05-11,14,5,Spring,0,0,0,화담숲카페,현미뻥스크림
2023-05-12,16,5,Spring,0,0,0,화담숲카페,현미뻥스크림
2023-05-13,55,5,Spring,1,0,1,화담숲카페,현미뻥스크림
2023-05-14,52,5,Spring,1,0,1,화담숲카페,현미뻥스크림
2023-05-15,0,5,Spring,0,0,0,화담숲카페,현미뻥스크림
2023-05-16,19,5,Spring,0,0,0,화담숲카페,현미뻥스크림
2023-05-17,16,5,Spring,0,0,0,화담숲카페,현미뻥스크림
2023-05-18,21,5,Spring,0,0,0,화담숲카페,현미뻥스크림
2023-05-19,25,5,Spring,0,0,0,화담숲카페,현미뻥스크림
2023-05-20,59,5,Spring,1,0,1,화담숲카페,현미뻥스크림
2023-05-21,41,5,Spring,1,0,1,화담숲카페,현미뻥스크림
2023-05-22,0,5,Spring,0,0,0,화담숲카페,현미뻥스크림
2023-05-23,15,5,Spring,0,0,0,화담숲카페,현미뻥스크림
2023-05-24,23,5,Spring,0,0,0,화담숲카페,현미뻥스크림
2023-05-25,15,5,Spring,0,0,0,화담숲카페,현미뻥스크림
2023-05-26,16,5,Spring,0,0,0,화담숲카페,현미뻥스크림
2023-05-27,17,5,Spring,1,1,1,화담숲카페,현미뻥스크림
2023-05-28,23,5,Spring,1,0,1,화담숲카페,현미뻥스크림
2023-05-29,58,5,Spring,0,1,1,화담숲카페,현미뻥스크림
2023-05-30,18,5,Spring,0,0,0,화담숲카페,현미뻥스크림
2023-05-31,6,5,Spring,0,0,0,화담숲카페,현미뻥스크림
2023-06-01,15,6,Summer,0,0,0,화담숲카페,현미뻥스크림
2023-06-02,14,6,Summer,0,0,0,화담숲카페,현미뻥스크림
2023-06-03,70,6,Summer,1,0,1,화담숲카페,현미뻥스크림
2023-06-04,110,6,Summer,1,0,1,화담숲카페,현미뻥스크림
2023-06-05,46,6,Summer,0,0,0,화담숲카페,현미뻥스크림
2023-06-06,57,6,Summer,0,1,1,화담숲카페,현미뻥스크림
2023-06-07,7,6,Summer,0,0,0,화담숲카페,현미뻥스크림
2023-06-08,7,6,Summer,0,0,0,화담숲카페,현미뻥스크림
2023-06-09,11,6,Summer,0,0,0,화담숲카페,현미뻥스크림
2023-06-10,33,6,Summer,1,0,1,화담숲카페,현미뻥스크림
2023-06-11,22,6,Summer,1,0,1,화담숲카페,현미뻥스크림
2023-06-12,0,6,Summer,0,0,0,화담숲카페,현미뻥스크림
2023-06-13,8,6,Summer,0,0,0,화담숲카페,현미뻥스크림
2023-06-14,14,6,Summer,0,0,0,화담숲카페,현미뻥스크림
2023-06-15,5,6,Summer,0,0,0,화담숲카페,현미뻥스크림
2023-06-16,16,6,Summer,0,0,0,화담숲카페,현미뻥스크림
2023-06-17,49,6,Summer,1,0,1,화담숲카페,현미뻥스크림
2023-06-18,25,6,Summer,1,0,1,화담숲카페,현미뻥스크림
2023-06-19,0,6,Summer,0,0,0,화담숲카페,현미뻥스크림
2023-06-20,1,6,Summer,0,0,0,화담숲카페,현미뻥스크림
2023-06-21,3,6,Summer,0,0,0,화담숲카페,현미뻥스크림
2023-06-22,4,6,Summer,0,0,0,화담숲카페,현미뻥스크림
2023-06-23,16,6,Summer,0,0,0,화담숲카페,현미뻥스크림
2023-06-24,25,6,Summer,1,0,1,화담숲카페,현미뻥스크림
2023-06-25,22,6,Summer,1,0,1,화담숲카페,현미뻥스크림
2023-06-26,0,6,Summer,0,0,0,화담숲카페,현미뻥스크림
2023-06-27,4,6,Summer,0,0,0,화담숲카페,현미뻥스크림
2023-06-28,3,6,Summer,0,0,0,화담숲카페,현미뻥스크림
2023-06-29,1,6,Summer,0,0,0,화담숲카페,현미뻥스크림
2023-06-30,13,6,Summer,0,0,0,화담숲카페,현미뻥스크림
2023-07-01,27,7,Summer,1,0,1,화담숲카페,현미뻥스크림
2023-07-02,15,7,Summer,1,0,1,화담숲카페,현미뻥스크림
2023-07-03,0,7,Summer,0,0,0,화담숲카페,현미뻥스크림
2023-07-04,2,7,Summer,0,0,0,화담숲카페,현미뻥스크림
2023-07-05,5,7,Summer,0,0,0,화담숲카페,현미뻥스크림
2023-07-06,5,7,Summer,0,0,0,화담숲카페,현미뻥스크림
2023-07-07,10,7,Summer,0,0,0,화담숲카페,현미뻥스크림
2023-07-08,33,7,Summer,1,0,1,화담숲카페,현미뻥스크림
2023-07-09,2,7,Summer,1,0,1,화담숲카페,현미뻥스크림
2023-07-10,0,7,Summer,0,0,0,화담숲카페,현미뻥스크림
2023-07-11,1,7,Summer,0,0,0,화담숲카페,현미뻥스크림
2023-07-12,1,7,Summer,0,0,0,화담숲카페,현미뻥스크림
2023-07-13,0,7,Summer,0,0,0,화담숲카페,현미뻥스크림
2023-07-14,0,7,Summer,0,0,0,화담숲카페,현미뻥스크림
2023-07-15,11,7,Summer,1,0,1,화담숲카페,현미뻥스크림
2023-07-16,2,7,Summer,1,0,1,화담숲카페,현미뻥스크림
2023-07-17,0,7,Summer,0,0,0,화담숲카페,현미뻥스크림
2023-07-18,0,7,Summer,0,0,0,화담숲카페,현미뻥스크림
2023-07-19,3,7,Summer,0,0,0,화담숲카페,현미뻥스크림
2023-07-20,7,7,Summer,0,0,0,화담숲카페,현미뻥스크림
2023-07-21,8,7,Summer,0,0,0,화담숲카페,현미뻥스크림
2023-07-22,9,7,Summer,1,0,1,화담숲카페,현미뻥스크림
2023-07-23,10,7,Summer,1,0,1,화담숲카페,현미뻥스크림
2023-07-24,0,7,Summer,0,0,0,화담숲카페,현미뻥스크림
2023-07-25,1,7,Summer,0,0,0,화담숲카페,현미뻥스크림
2023-07-26,1,7,Summer,0,0,0,화담숲카페,현미뻥스크림
2023-07-27,6,7,Summer,0,0,0,화담숲카페,현미뻥스크림
2023-07-28,5,7,Summer,0,0,0,화담숲카페,현미뻥스크림
2023-07-29,8,7,Summer,1,0,1,화담숲카페,현미뻥스크림
2023-07-30,8,7,Summer,1,0,1,화담숲카페,현미뻥스크림
2023-07-31,0,7,Summer,0,0,0,화담숲카페,현미뻥스크림
2023-08-01,3,8,Summer,0,0,0,화담숲카페,현미뻥스크림
2023-08-02,6,8,Summer,0,0,0,화담숲카페,현미뻥스크림
2023-08-03,5,8,Summer,0,0,0,화담숲카페,현미뻥스크림
2023-08-04,11,8,Summer,0,0,0,화담숲카페,현미뻥스크림
2023-08-05,13,8,Summer,1,0,1,화담숲카페,현미뻥스크림
2023-08-06,4,8,Summer,1,0,1,화담숲카페,현미뻥스크림
2023-08-07,0,8,Summer,0,0,0,화담숲카페,현미뻥스크림
2023-08-08,9,8,Summer,0,0,0,화담숲카페,현미뻥스크림
2023-08-09,6,8,Summer,0,0,0,화담숲카페,현미뻥스크림
2023-08-10,0,8,Summer,0,0,0,화담숲카페,현미뻥스크림
2023-08-11,3,8,Summer,0,0,0,화담숲카페,현미뻥스크림
2023-08-12,8,8,Summer,1,0,1,화담숲카페,현미뻥스크림
2023-08-13,19,8,Summer,1,0,1,화담숲카페,현미뻥스크림
2023-08-14,10,8,Summer,0,0,0,화담숲카페,현미뻥스크림
2023-08-15,20,8,Summer,0,1,1,화담숲카페,현미뻥스크림
2023-08-16,1,8,Summer,0,0,0,화담숲카페,현미뻥스크림
2023-08-17,6,8,Summer,0,0,0,화담숲카페,현미뻥스크림
2023-08-18,1,8,Summer,0,0,0,화담숲카페,현미뻥스크림
2023-08-19,9,8,Summer,1,0,1,화담숲카페,현미뻥스크림
2023-08-20,9,8,Summer,1,0,1,화담숲카페,현미뻥스크림
2023-08-21,0,8,Summer,0,0,0,화담숲카페,현미뻥스크림
2023-08-22,4,8,Summer,0,0,0,화담숲카페,현미뻥스크림
2023-08-23,1,8,Summer,0,0,0,화담숲카페,현미뻥스크림
2023-08-24,0,8,Summer,0,0,0,화담숲카페,현미뻥스크림
2023-08-25,1,8,Summer,0,0,0,화담숲카페,현미뻥스크림
2023-08-26,24,8,Summer,1,0,1,화담숲카페,현미뻥스크림
2023-08-27,13,8,Summer,1,0,1,화담숲카페,현미뻥스크림
2023-08-28,0,8,Summer,0,0,0,화담숲카페,현미뻥스크림
2023-08-29,0,8,Summer,0,0,0,화담숲카페,현미뻥스크림
2023-08-30,0,8,Summer,0,0,0,화담숲카페,현미뻥스크림
2023-08-31,4,8,Summer,0,0,0,화담숲카페,현미뻥스크림
2023-09-01,6,9,Autumn,0,0,0,화담숲카페,현미뻥스크림
2023-09-02,29,9,Autumn,1,0,1,화담숲카페,현미뻥스크림
2023-09-03,22,9,Autumn,1,0,1,화담숲카페,현미뻥스크림
2023-09-04,0,9,Autumn,0,0,0,화담숲카페,현미뻥스크림
2023-09-05,4,9,Autumn,0,0,0,화담숲카페,현미뻥스크림
2023-09-06,4,9,Autumn,0,0,0,화담숲카페,현미뻥스크림
2023-09-07,3,9,Autumn,0,0,0,화담숲카페,현미뻥스크림
2023-09-08,5,9,Autumn,0,0,0,화담숲카페,현미뻥스크림
2023-09-09,39,9,Autumn,1,0,1,화담숲카페,현미뻥스크림
2023-09-10,39,9,Autumn,1,0,1,화담숲카페,현미뻥스크림
2023-09-11,0,9,Autumn,0,0,0,화담숲카페,현미뻥스크림
2023-09-12,12,9,Autumn,0,0,0,화담숲카페,현미뻥스크림
2023-09-13,2,9,Autumn,0,0,0,화담숲카페,현미뻥스크림
2023-09-14,4,9,Autumn,0,0,0,화담숲카페,현미뻥스크림
2023-09-15,10,9,Autumn,0,0,0,화담숲카페,현미뻥스크림
2023-09-16,37,9,Autumn,1,0,1,화담숲카페,현미뻥스크림
2023-09-17,24,9,Autumn,1,0,1,화담숲카페,현미뻥스크림
2023-09-18,0,9,Autumn,0,0,0,화담숲카페,현미뻥스크림
2023-09-19,10,9,Autumn,0,0,0,화담숲카페,현미뻥스크림
2023-09-20,2,9,Autumn,0,0,0,화담숲카페,현미뻥스크림
2023-09-21,11,9,Autumn,0,0,0,화담숲카페,현미뻥스크림
2023-09-22,21,9,Autumn,0,0,0,화담숲카페,현미뻥스크림
2023-09-23,64,9,Autumn,1,0,1,화담숲카페,현미뻥스크림
2023-09-24,66,9,Autumn,1,0,1,화담숲카페,현미뻥스크림
2023-09-25,0,9,Autumn,0,0,0,화담숲카페,현미뻥스크림
2023-09-26,4,9,Autumn,0,0,0,화담숲카페,현미뻥스크림
2023-09-27,13,9,Autumn,0,0,0,화담숲카페,현미뻥스크림
2023-09-28,84,9,Autumn,0,1,1,화담숲카페,현미뻥스크림
2023-09-29,118,9,Autumn,0,1,1,화담숲카페,현미뻥스크림
2023-09-30,90,9,Autumn,1,1,1,화담숲카페,현미뻥스크림
2023-10-01,107,10,Autumn,1,0,1,화담숲카페,현미뻥스크림
2023-10-02,92,10,Autumn,0,1,1,화담숲카페,현미뻥스크림
2023-10-03,68,10,Autumn,0,1,1,화담숲카페,현미뻥스크림
2023-10-04,9,10,Autumn,0,0,0,화담숲카페,현미뻥스크림
2023-10-05,10,10,Autumn,0,0,0,화담숲카페,현미뻥스크림
2023-10-06,25,10,Autumn,0,0,0,화담숲카페,현미뻥스크림
2023-10-07,103,10,Autumn,1,0,1,화담숲카페,현미뻥스크림
2023-10-08,110,10,Autumn,1,0,1,화담숲카페,현미뻥스크림
2023-10-09,118,10,Autumn,0,1,1,화담숲카페,현미뻥스크림
2023-10-10,26,10,Autumn,0,0,0,화담숲카페,현미뻥스크림
2023-10-11,48,10,Autumn,0,0,0,화담숲카페,현미뻥스크림
2023-10-12,61,10,Autumn,0,0,0,화담숲카페,현미뻥스크림
2023-10-13,69,10,Autumn,0,0,0,화담숲카페,현미뻥스크림
2023-10-14,43,10,Autumn,1,0,1,화담숲카페,현미뻥스크림
2023-10-15,94,10,Autumn,1,0,1,화담숲카페,현미뻥스크림
2023-10-16,0,10,Autumn,0,0,0,화담숲카페,현미뻥스크림
2023-10-17,78,10,Autumn,0,0,0,화담숲카페,현미뻥스크림
2023-10-18,63,10,Autumn,0,0,0,화담숲카페,현미뻥스크림
2023-10-19,38,10,Autumn,0,0,0,화담숲카페,현미뻥스크림
2023-10-20,68,10,Autumn,0,0,0,화담숲카페,현미뻥스크림
2023-10-21,110,10,Autumn,1,0,1,화담숲카페,현미뻥스크림
2023-10-22,120,10,Autumn,1,0,1,화담숲카페,현미뻥스크림
2023-10-23,111,10,Autumn,0,0,0,화담숲카페,현미뻥스크림
2023-10-24,55,10,Autumn,0,0,0,화담숲카페,현미뻥스크림
2023-10-25,117,10,Autumn,0,0,0,화담숲카페,현미뻥스크림
2023-10-26,88,10,Autumn,0,0,0,화담숲카페,현미뻥스크림
2023-10-27,95,10,Autumn,0,0,0,화담숲카페,현미뻥스크림
2023-10-28,140,10,Autumn,1,0,1,화담숲카페,현미뻥스크림
2023-10-29,158,10,Autumn,1,0,1,화담숲카페,현미뻥스크림
2023-10-30,146,10,Autumn,0,0,0,화담숲카페,현미뻥스크림
2023-10-31,95,10,Autumn,0,0,0,화담숲카페,현미뻥스크림
2023-11-01,65,11,Autumn,0,0,0,화담숲카페,현미뻥스크림
2023-11-02,180,11,Autumn,0,0,0,화담숲카페,현미뻥스크림
2023-11-03,117,11,Autumn,0,0,0,화담숲카페,현미뻥스크림
2023-11-04,164,11,Autumn,1,0,1,화담숲카페,현미뻥스크림
2023-11-05,103,11,Autumn,1,0,1,화담숲카페,현미뻥스크림
2023-11-06,30,11,Autumn,0,0,0,화담숲카페,현미뻥스크림
2023-11-07,37,11,Autumn,0,0,0,화담숲카페,현미뻥스크림
2023-11-08,41,11,Autumn,0,0,0,화담숲카페,현미뻥스크림
2023-11-09,80,11,Autumn,0,0,0,화담숲카페,현미뻥스크림
2023-11-10,35,11,Autumn,0,0,0,화담숲카페,현미뻥스크림
2023-11-11,54,11,Autumn,1,0,1,화담숲카페,현미뻥스크림
2023-11-12,36,11,Autumn,1,0,1,화담숲카페,현미뻥스크림
2023-11-13,20,11,Autumn,0,0,0,화담숲카페,현미뻥스크림
2023-11-14,23,11,Autumn,0,0,0,화담숲카페,현미뻥스크림
2023-11-15,20,11,Autumn,0,0,0,화담숲카페,현미뻥스크림
2023-11-16,10,11,Autumn,0,0,0,화담숲카페,현미뻥스크림
2023-11-17,19,11,Autumn,0,0,0,화담숲카페,현미뻥스크림
2023-11-18,22,11,Autumn,1,0,1,화담숲카페,현미뻥스크림
2023-11-19,40,11,Autumn,1,0,1,화담숲카페,현미뻥스크림
2023-11-20,0,11,Autumn,0,0,0,화담숲카페,현미뻥스크림
2023-11-21,19,11,Autumn,0,0,0,화담숲카페,현미뻥스크림
2023-11-22,6,11,Autumn,0,0,0,화담숲카페,현미뻥스크림
2023-11-23,7,11,Autumn,0,0,0,화담숲카페,현미뻥스크림
2023-11-24,2,11,Autumn,0,0,0,화담숲카페,현미뻥스크림
2023-11-25,19,11,Autumn,1,0,1,화담숲카페,현미뻥스크림
2023-11-26,10,11,Autumn,1,0,1,화담숲카페,현미뻥스크림
2023-11-27,0,11,Autumn,0,0,0,화담숲카페,현미뻥스크림
2023-11-28,0,11,Autumn,0,0,0,화담숲카페,현미뻥스크림
2023-11-29,0,11,Autumn,0,0,0,화담숲카페,현미뻥스크림
2023-11-30,0,11,Autumn,0,0,0,화담숲카페,현미뻥스크림
2023-12-01,0,12,Winter,0,0,0,화담숲카페,현미뻥스크림
2023-12-02,0,12,Winter,1,0,1,화담숲카페,현미뻥스크림
2023-12-03,0,12,Winter,1,0,1,화담숲카페,현미뻥스크림
2023-12-04,0,12,Winter,0,0,0,화담숲카페,현미뻥스크림
2023-12-05,0,12,Winter,0,0,0,화담숲카페,현미뻥스크림
2023-12-06,0,12,Winter,0,0,0,화담숲카페,현미뻥스크림
2023-12-07,0,12,Winter,0,0,0,화담숲카페,현미뻥스크림
2023-12-08,0,12,Winter,0,0,0,화담숲카페,현미뻥스크림
2023-12-09,0,12,Winter,1,0,1,화담숲카페,현미뻥스크림
2023-12-10,0,12,Winter,1,0,1,화담숲카페,현미뻥스크림
2023-12-11,0,12,Winter,0,0,0,화담숲카페,현미뻥스크림
2023-12-12,0,12,Winter,0,0,0,화담숲카페,현미뻥스크림
2023-12-13,0,12,Winter,0,0,0,화담숲카페,현미뻥스크림
2023-12-14,0,12,Winter,0,0,0,화담숲카페,현미뻥스크림
2023-12-15,0,12,Winter,0,0,0,화담숲카페,현미뻥스크림
2023-12-16,0,12,Winter,1,0,1,화담숲카페,현미뻥스크림
2023-12-17,0,12,Winter,1,0,1,화담숲카페,현미뻥스크림
2023-12-18,0,12,Winter,0,0,0,화담숲카페,현미뻥스크림
2023-12-19,0,12,Winter,0,0,0,화담숲카페,현미뻥스크림
2023-12-20,0,12,Winter,0,0,0,화담숲카페,현미뻥스크림
2023-12-21,0,12,Winter,0,0,0,화담숲카페,현미뻥스크림
2023-12-22,0,12,Winter,0,0,0,화담숲카페,현미뻥스크림
2023-12-23,0,12,Winter,1,0,1,화담숲카페,현미뻥스크림
2023-12-24,0,12,Winter,1,0,1,화담숲카페,현미뻥스크림
2023-12-25,0,12,Winter,0,1,1,화담숲카페,현미뻥스크림
2023-12-26,0,12,Winter,0,0,0,화담숲카페,현미뻥스크림
2023-12-27,0,12,Winter,0,0,0,화담숲카페,현미뻥스크림
2023-12-28,0,12,Winter,0,0,0,화담숲카페,현미뻥스크림
2023-12-29,0,12,Winter,0,0,0,화담숲카페,현미뻥스크림
2023-12-30,0,12,Winter,1,0,1,화담숲카페,현미뻥스크림
2023-12-31,0,12,Winter,1,0,1,화담숲카페,현미뻥스크림
2024-01-01,0,1,Winter,0,1,1,화담숲카페,현미뻥스크림
2024-01-02,0,1,Winter,0,0,0,화담숲카페,현미뻥스크림
2024-01-03,0,1,Winter,0,0,0,화담숲카페,현미뻥스크림
2024-01-04,0,1,Winter,0,0,0,화담숲카페,현미뻥스크림
2024-01-05,0,1,Winter,0,0,0,화담숲카페,현미뻥스크림
2024-01-06,0,1,Winter,1,0,1,화담숲카페,현미뻥스크림
2024-01-07,0,1,Winter,1,0,1,화담숲카페,현미뻥스크림
2024-01-08,0,1,Winter,0,0,0,화담숲카페,현미뻥스크림
2024-01-09,0,1,Winter,0,0,0,화담숲카페,현미뻥스크림
2024-01-10,0,1,Winter,0,0,0,화담숲카페,현미뻥스크림
2024-01-11,0,1,Winter,0,0,0,화담숲카페,현미뻥스크림
2024-01-12,0,1,Winter,0,0,0,화담숲카페,현미뻥스크림
2024-01-13,0,1,Winter,1,0,1,화담숲카페,현미뻥스크림
2024-01-14,0,1,Winter,1,0,1,화담숲카페,현미뻥스크림
2024-01-15,0,1,Winter,0,0,0,화담숲카페,현미뻥스크림
2024-01-16,0,1,Winter,0,0,0,화담숲카페,현미뻥스크림
2024-01-17,0,1,Winter,0,0,0,화담숲카페,현미뻥스크림
2024-01-18,0,1,Winter,0,0,0,화담숲카페,현미뻥스크림
2024-01-19,0,1,Winter,0,0,0,화담숲카페,현미뻥스크림
2024-01-20,0,1,Winter,1,0,1,화담숲카페,현미뻥스크림
2024-01-21,0,1,Winter,1,0,1,화담숲카페,현미뻥스크림
2024-01-22,0,1,Winter,0,0,0,화담숲카페,현미뻥스크림
2024-01-23,0,1,Winter,0,0,0,화담숲카페,현미뻥스크림
2024-01-24,0,1,Winter,0,0,0,화담숲카페,현미뻥스크림
2024-01-25,0,1,Winter,0,0,0,화담숲카페,현미뻥스크림
2024-01-26,0,1,Winter,0,0,0,화담숲카페,현미뻥스크림
2024-01-27,0,1,Winter,1,0,1,화담숲카페,현미뻥스크림
2024-01-28,0,1,Winter,1,0,1,화담숲카페,현미뻥스크림
2024-01-29,0,1,Winter,0,0,0,화담숲카페,현미뻥스크림
2024-01-30,0,1,Winter,0,0,0,화담숲카페,현미뻥스크림
2024-01-31,0,1,Winter,0,0,0,화담숲카페,현미뻥스크림
2024-02-01,0,2,Winter,0,0,0,화담숲카페,현미뻥스크림
2024-02-02,0,2,Winter,0,0,0,화담숲카페,현미뻥스크림
2024-02-03,0,2,Winter,1,0,1,화담숲카페,현미뻥스크림
2024-02-04,0,2,Winter,1,0,1,화담숲카페,현미뻥스크림
2024-02-05,0,2,Winter,0,0,0,화담숲카페,현미뻥스크림
2024-02-06,0,2,Winter,0,0,0,화담숲카페,현미뻥스크림
2024-02-07,0,2,Winter,0,0,0,화담숲카페,현미뻥스크림
2024-02-08,0,2,Winter,0,0,0,화담숲카페,현미뻥스크림
2024-02-09,0,2,Winter,0,1,1,화담숲카페,현미뻥스크림
2024-02-10,0,2,Winter,1,1,1,화담숲카페,현미뻥스크림
2024-02-11,0,2,Winter,1,1,1,화담숲카페,현미뻥스크림
2024-02-12,0,2,Winter,0,1,1,화담숲카페,현미뻥스크림
2024-02-13,0,2,Winter,0,0,0,화담숲카페,현미뻥스크림
2024-02-14,0,2,Winter,0,0,0,화담숲카페,현미뻥스크림
2024-02-15,0,2,Winter,0,0,0,화담숲카페,현미뻥스크림
2024-02-16,0,2,Winter,0,0,0,화담숲카페,현미뻥스크림
2024-02-17,0,2,Winter,1,0,1,화담숲카페,현미뻥스크림
2024-02-18,0,2,Winter,1,0,1,화담숲카페,현미뻥스크림
2024-02-19,0,2,Winter,0,0,0,화담숲카페,현미뻥스크림
2024-02-20,0,2,Winter,0,0,0,화담숲카페,현미뻥스크림
2024-02-21,0,2,Winter,0,0,0,화담숲카페,현미뻥스크림
2024-02-22,0,2,Winter,0,0,0,화담숲카페,현미뻥스크림
2024-02-23,0,2,Winter,0,0,0,화담숲카페,현미뻥스크림
2024-02-24,0,2,Winter,1,0,1,화담숲카페,현미뻥스크림
2024-02-25,0,2,Winter,1,0,1,화담숲카페,현미뻥스크림
2024-02-26,0,2,Winter,0,0,0,화담숲카페,현미뻥스크림
2024-02-27,0,2,Winter,0,0,0,화담숲카페,현미뻥스크림
2024-02-28,0,2,Winter,0,0,0,화담숲카페,현미뻥스크림
2024-02-29,0,2,Winter,0,0,0,화담숲카페,현미뻥스크림
2024-03-01,0,3,Spring,0,1,1,화담숲카페,현미뻥스크림
2024-03-02,0,3,Spring,1,0,1,화담숲카페,현미뻥스크림
2024-03-03,0,3,Spring,1,0,1,화담숲카페,현미뻥스크림
2024-03-04,0,3,Spring,0,0,0,화담숲카페,현미뻥스크림
2024-03-05,0,3,Spring,0,0,0,화담숲카페,현미뻥스크림
2024-03-06,0,3,Spring,0,0,0,화담숲카페,현미뻥스크림
2024-03-07,0,3,Spring,0,0,0,화담숲카페,현미뻥스크림
2024-03-08,0,3,Spring,0,0,0,화담숲카페,현미뻥스크림
2024-03-09,0,3,Spring,1,0,1,화담숲카페,현미뻥스크림
2024-03-10,0,3,Spring,1,0,1,화담숲카페,현미뻥스크림
2024-03-11,0,3,Spring,0,0,0,화담숲카페,현미뻥스크림
2024-03-12,0,3,Spring,0,0,0,화담숲카페,현미뻥스크림
2024-03-13,0,3,Spring,0,0,0,화담숲카페,현미뻥스크림
2024-03-14,0,3,Spring,0,0,0,화담숲카페,현미뻥스크림
2024-03-15,0,3,Spring,0,0,0,화담숲카페,현미뻥스크림
2024-03-16,0,3,Spring,1,0,1,화담숲카페,현미뻥스크림
2024-03-17,0,3,Spring,1,0,1,화담숲카페,현미뻥스크림
2024-03-18,0,3,Spring,0,0,0,화담숲카페,현미뻥스크림
2024-03-19,0,3,Spring,0,0,0,화담숲카페,현미뻥스크림
2024-03-20,0,3,Spring,0,0,0,화담숲카페,현미뻥스크림
2024-03-21,0,3,Spring,0,0,0,화담숲카페,현미뻥스크림
2024-03-22,0,3,Spring,0,0,0,화담숲카페,현미뻥스크림
2024-03-23,0,3,Spring,1,0,1,화담숲카페,현미뻥스크림
2024-03-24,0,3,Spring,1,0,1,화담숲카페,현미뻥스크림
2024-03-25,0,3,Spring,0,0,0,화담숲카페,현미뻥스크림
2024-03-26,0,3,Spring,0,0,0,화담숲카페,현미뻥스크림
2024-03-27,0,3,Spring,0,0,0,화담숲카페,현미뻥스크림
2024-03-28,0,3,Spring,0,0,0,화담숲카페,현미뻥스크림
2024-03-29,20,3,Spring,0,0,0,화담숲카페,현미뻥스크림
2024-03-30,50,3,Spring,1,0,1,화담숲카페,현미뻥스크림
2024-03-31,66,3,Spring,1,0,1,화담숲카페,현미뻥스크림
2024-04-01,0,4,Spring,0,0,0,화담숲카페,현미뻥스크림
2024-04-02,40,4,Spring,0,0,0,화담숲카페,현미뻥스크림
2024-04-03,12,4,Spring,0,0,0,화담숲카페,현미뻥스크림
2024-04-04,18,4,Spring,0,0,0,화담숲카페,현미뻥스크림
2024-04-05,62,4,Spring,0,0,0,화담숲카페,현미뻥스크림
2024-04-06,40,4,Spring,1,0,1,화담숲카페,현미뻥스크림
2024-04-07,31,4,Spring,1,0,1,화담숲카페,현미뻥스크림
2024-04-08,0,4,Spring,0,0,0,화담숲카페,현미뻥스크림
2024-04-09,0,4,Spring,0,0,0,화담숲카페,현미뻥스크림
2024-04-10,0,4,Spring,0,1,1,화담숲카페,현미뻥스크림
2024-04-11,117,4,Spring,0,0,0,화담숲카페,현미뻥스크림
2024-04-12,82,4,Spring,0,0,0,화담숲카페,현미뻥스크림
2024-04-13,155,4,Spring,1,0,1,화담숲카페,현미뻥스크림
2024-04-14,170,4,Spring,1,0,1,화담숲카페,현미뻥스크림
2024-04-15,0,4,Spring,0,0,0,화담숲카페,현미뻥스크림
2024-04-16,39,4,Spring,0,0,0,화담숲카페,현미뻥스크림
2024-04-17,66,4,Spring,0,0,0,화담숲카페,현미뻥스크림
2024-04-18,50,4,Spring,0,0,0,화담숲카페,현미뻥스크림
2024-04-19,76,4,Spring,0,0,0,화담숲카페,현미뻥스크림
2024-04-20,31,4,Spring,1,0,1,화담숲카페,현미뻥스크림
2024-04-21,98,4,Spring,1,0,1,화담숲카페,현미뻥스크림
2024-04-22,0,4,Spring,0,0,0,화담숲카페,현미뻥스크림
2024-04-23,45,4,Spring,0,0,0,화담숲카페,현미뻥스크림
2024-04-24,13,4,Spring,0,0,0,화담숲카페,현미뻥스크림
2024-04-25,39,4,Spring,0,0,0,화담숲카페,현미뻥스크림
2024-04-26,48,4,Spring,0,0,0,화담숲카페,현미뻥스크림
2024-04-27,126,4,Spring,1,0,1,화담숲카페,현미뻥스크림
2024-04-28,159,4,Spring,1,0,1,화담숲카페,현미뻥스크림
2024-04-29,0,4,Spring,0,0,0,화담숲카페,현미뻥스크림
2024-04-30,46,4,Spring,0,0,0,화담숲카페,현미뻥스크림
2024-05-01,88,5,Spring,0,0,0,화담숲카페,현미뻥스크림
2024-05-02,18,5,Spring,0,0,0,화담숲카페,현미뻥스크림
2024-05-03,41,5,Spring,0,0,0,화담숲카페,현미뻥스크림
2024-05-04,103,5,Spring,1,0,1,화담숲카페,현미뻥스크림
2024-05-05,24,5,Spring,1,1,1,화담숲카페,현미뻥스크림
2024-05-06,6,5,Spring,0,1,1,화담숲카페,현미뻥스크림
2024-05-07,1,5,Spring,0,0,0,화담숲카페,현미뻥스크림
2024-05-08,17,5,Spring,0,0,0,화담숲카페,현미뻥스크림
2024-05-09,29,5,Spring,0,0,0,화담숲카페,현미뻥스크림
2024-05-10,19,5,Spring,0,0,0,화담숲카페,현미뻥스크림
2024-05-11,30,5,Spring,1,0,1,화담숲카페,현미뻥스크림
2024-05-12,65,5,Spring,1,0,1,화담숲카페,현미뻥스크림
2024-05-13,0,5,Spring,0,0,0,화담숲카페,현미뻥스크림
2024-05-14,29,5,Spring,0,0,0,화담숲카페,현미뻥스크림
2024-05-15,33,5,Spring,0,1,1,화담숲카페,현미뻥스크림
2024-05-16,18,5,Spring,0,0,0,화담숲카페,현미뻥스크림
2024-05-17,14,5,Spring,0,0,0,화담숲카페,현미뻥스크림
2024-05-18,97,5,Spring,1,0,1,화담숲카페,현미뻥스크림
2024-05-19,57,5,Spring,1,0,1,화담숲카페,현미뻥스크림
2024-05-20,0,5,Spring,0,0,0,화담숲카페,현미뻥스크림
2024-05-21,24,5,Spring,0,0,0,화담숲카페,현미뻥스크림
2024-05-22,11,5,Spring,0,0,0,화담숲카페,현미뻥스크림
2024-05-23,30,5,Spring,0,0,0,화담숲카페,현미뻥스크림
2024-05-24,16,5,Spring,0,0,0,화담숲카페,현미뻥스크림
2024-05-25,81,5,Spring,1,0,1,화담숲카페,현미뻥스크림
2024-05-26,16,5,Spring,1,0,1,화담숲카페,현미뻥스크림
2024-05-27,0,5,Spring,0,0,0,화담숲카페,현미뻥스크림
2024-05-28,37,5,Spring,0,0,0,화담숲카페,현미뻥스크림
2024-05-29,28,5,Spring,0,0,0,화담숲카페,현미뻥스크림
2024-05-30,14,5,Spring,0,0,0,화담숲카페,현미뻥스크림
2024-05-31,30,5,Spring,0,0,0,화담숲카페,현미뻥스크림
2024-06-01,79,6,Summer,1,0,1,화담숲카페,현미뻥스크림
2024-06-02,65,6,Summer,1,0,1,화담숲카페,현미뻥스크림
2024-06-03,0,6,Summer,0,0,0,화담숲카페,현미뻥스크림
2024-06-04,25,6,Summer,0,0,0,화담숲카페,현미뻥스크림
2024-06-05,16,6,Summer,0,0,0,화담숲카페,현미뻥스크림
2024-06-06,145,6,Summer,0,1,1,화담숲카페,현미뻥스크림
2024-06-07,60,6,Summer,0,0,0,화담숲카페,현미뻥스크림
2024-06-08,25,6,Summer,1,0,1,화담숲카페,현미뻥스크림
2024-06-09,43,6,Summer,1,0,1,화담숲카페,현미뻥스크림
2024-06-10,0,6,Summer,0,0,0,화담숲카페,현미뻥스크림
2024-06-11,12,6,Summer,0,0,0,화담숲카페,현미뻥스크림
2024-06-12,10,6,Summer,0,0,0,화담숲카페,현미뻥스크림
2024-06-13,14,6,Summer,0,0,0,화담숲카페,현미뻥스크림
2024-06-14,12,6,Summer,0,0,0,화담숲카페,현미뻥스크림
2024-06-15,60,6,Summer,1,0,1,화담숲카페,현미뻥스크림
